Target BioSamples: 2719 (settings=['field'], cryptic_only=False, aerial_only=True)
Host resolution: 2143 confidently resolved, 576 not per-sample-resolved (still covered by per-candidate indices below as long as their true host is a named candidate)
Per-taxid host indices needed: 111 distinct taxids (resolved+downloaded by kraken_run_split.py, not here)
Runs to process: 3225

Downloading reads for 3225 runs (8 concurrent workers) …
  [1/3225] ok=0 cached=1 fail=0  0.0GB total (0min elapsed, ~n/a remaining)
  [2/3225] ok=0 cached=2 fail=0  0.0GB total (0min elapsed, ~n/a remaining)
  [3/3225] ok=0 cached=3 fail=0  0.0GB total (0min elapsed, ~n/a remaining)
  [4/3225] ok=0 cached=4 fail=0  0.0GB total (0min elapsed, ~n/a remaining)
  [5/3225] ok=0 cached=5 fail=0  0.0GB total (0min elapsed, ~n/a remaining)
  [6/3225] ok=0 cached=6 fail=0  0.0GB total (0min elapsed, ~n/a remaining)
  [7/3225] ok=0 cached=7 fail=0  0.0GB total (0min elapsed, ~n/a remaining)
  [8/3225] ok=0 cached=8 fail=0  0.0GB total (0min elapsed, ~n/a remaining)
  [9/3225] ok=0 cached=9 fail=0  0.0GB total (0min elapsed, ~n/a remaining)
  [10/3225] ok=0 cached=10 fail=0  0.0GB total (0min elapsed, ~n/a remaining)
  [11/3225] ok=0 cached=11 fail=0  0.0GB total (0min elapsed, ~n/a remaining)
  [12/3225] ok=0 cached=12 fail=0  0.0GB total (0min elapsed, ~n/a remaining)
  [13/3225] ok=0 cached=13 fail=0  0.0GB total (0min elapsed, ~n/a remaining)
  [14/3225] ok=0 cached=14 fail=0  0.0GB total (0min elapsed, ~n/a remaining)
  [15/3225] ok=0 cached=15 fail=0  0.0GB total (0min elapsed, ~n/a remaining)
  [16/3225] ok=0 cached=16 fail=0  0.0GB total (0min elapsed, ~n/a remaining)
  [17/3225] ok=0 cached=17 fail=0  0.0GB total (0min elapsed, ~n/a remaining)
  [18/3225] ok=0 cached=18 fail=0  0.0GB total (0min elapsed, ~n/a remaining)
  [19/3225] ok=0 cached=19 fail=0  0.0GB total (0min elapsed, ~n/a remaining)
  [20/3225] ok=0 cached=20 fail=0  0.0GB total (0min elapsed, ~n/a remaining)
  [21/3225] ok=0 cached=21 fail=0  0.0GB total (0min elapsed, ~n/a remaining)
  [22/3225] ok=0 cached=22 fail=0  0.0GB total (0min elapsed, ~n/a remaining)
  [23/3225] ok=0 cached=23 fail=0  0.0GB total (0min elapsed, ~n/a remaining)
  [24/3225] ok=0 cached=24 fail=0  0.0GB total (0min elapsed, ~n/a remaining)
  [25/3225] ok=0 cached=25 fail=0  0.0GB total (0min elapsed, ~n/a remaining)
  [26/3225] ok=0 cached=26 fail=0  0.0GB total (0min elapsed, ~n/a remaining)
  [27/3225] ok=0 cached=27 fail=0  0.0GB total (0min elapsed, ~n/a remaining)
  [28/3225] ok=0 cached=28 fail=0  0.0GB total (0min elapsed, ~n/a remaining)
  [29/3225] ok=0 cached=29 fail=0  0.0GB total (0min elapsed, ~n/a remaining)
  [30/3225] ok=0 cached=30 fail=0  0.0GB total (0min elapsed, ~n/a remaining)
  [31/3225] ok=0 cached=31 fail=0  0.0GB total (0min elapsed, ~n/a remaining)
  [32/3225] ok=0 cached=32 fail=0  0.0GB total (0min elapsed, ~n/a remaining)
  [33/3225] ok=0 cached=33 fail=0  0.0GB total (0min elapsed, ~n/a remaining)
  [34/3225] ok=0 cached=34 fail=0  0.0GB total (0min elapsed, ~n/a remaining)
  [35/3225] ok=0 cached=35 fail=0  0.0GB total (0min elapsed, ~n/a remaining)
  [36/3225] ok=0 cached=36 fail=0  0.0GB total (0min elapsed, ~n/a remaining)
  [37/3225] ok=0 cached=37 fail=0  0.0GB total (0min elapsed, ~n/a remaining)
  [38/3225] ok=0 cached=38 fail=0  0.0GB total (0min elapsed, ~n/a remaining)
  [39/3225] ok=0 cached=39 fail=0  0.0GB total (0min elapsed, ~n/a remaining)
  [40/3225] ok=0 cached=40 fail=0  0.0GB total (0min elapsed, ~n/a remaining)
  [41/3225] ok=0 cached=41 fail=0  0.0GB total (0min elapsed, ~n/a remaining)
  [42/3225] ok=0 cached=42 fail=0  0.0GB total (0min elapsed, ~n/a remaining)
  [43/3225] ok=0 cached=43 fail=0  0.0GB total (0min elapsed, ~n/a remaining)
  [44/3225] ok=0 cached=44 fail=0  0.0GB total (0min elapsed, ~n/a remaining)
  [45/3225] ok=0 cached=45 fail=0  0.0GB total (0min elapsed, ~n/a remaining)
  [46/3225] ok=0 cached=46 fail=0  0.0GB total (0min elapsed, ~n/a remaining)
  [47/3225] ok=0 cached=47 fail=0  0.0GB total (0min elapsed, ~n/a remaining)
  [48/3225] ok=0 cached=48 fail=0  0.0GB total (0min elapsed, ~n/a remaining)
  [49/3225] ok=0 cached=49 fail=0  0.0GB total (0min elapsed, ~n/a remaining)
  [50/3225] ok=0 cached=50 fail=0  0.0GB total (0min elapsed, ~n/a remaining)
  [51/3225] ok=0 cached=51 fail=0  0.0GB total (0min elapsed, ~n/a remaining)
  [52/3225] ok=0 cached=52 fail=0  0.0GB total (0min elapsed, ~n/a remaining)
  [53/3225] ok=0 cached=53 fail=0  0.0GB total (0min elapsed, ~n/a remaining)
  [54/3225] ok=0 cached=54 fail=0  0.0GB total (0min elapsed, ~n/a remaining)
  [55/3225] ok=0 cached=55 fail=0  0.0GB total (0min elapsed, ~n/a remaining)
  [56/3225] ok=0 cached=56 fail=0  0.0GB total (0min elapsed, ~n/a remaining)
  [57/3225] ok=0 cached=57 fail=0  0.0GB total (0min elapsed, ~n/a remaining)
  [58/3225] ok=0 cached=58 fail=0  0.0GB total (0min elapsed, ~n/a remaining)
  [59/3225] ok=0 cached=59 fail=0  0.0GB total (0min elapsed, ~n/a remaining)
  [60/3225] ok=0 cached=60 fail=0  0.0GB total (0min elapsed, ~n/a remaining)
  [61/3225] ok=0 cached=61 fail=0  0.0GB total (0min elapsed, ~n/a remaining)
  [62/3225] ok=0 cached=62 fail=0  0.0GB total (0min elapsed, ~n/a remaining)
  [63/3225] ok=0 cached=63 fail=0  0.0GB total (0min elapsed, ~n/a remaining)
  [64/3225] ok=0 cached=64 fail=0  0.0GB total (0min elapsed, ~n/a remaining)
  [65/3225] ok=0 cached=65 fail=0  0.0GB total (0min elapsed, ~n/a remaining)
  [66/3225] ok=0 cached=66 fail=0  0.0GB total (0min elapsed, ~n/a remaining)
  [67/3225] ok=0 cached=67 fail=0  0.0GB total (0min elapsed, ~n/a remaining)
  [68/3225] ok=0 cached=68 fail=0  0.0GB total (0min elapsed, ~n/a remaining)
  [69/3225] ok=0 cached=69 fail=0  0.0GB total (0min elapsed, ~n/a remaining)
  [70/3225] ok=0 cached=70 fail=0  0.0GB total (0min elapsed, ~n/a remaining)
  [71/3225] ok=0 cached=71 fail=0  0.0GB total (0min elapsed, ~n/a remaining)
  [72/3225] ok=0 cached=72 fail=0  0.0GB total (0min elapsed, ~n/a remaining)
  [73/3225] ok=0 cached=73 fail=0  0.0GB total (0min elapsed, ~n/a remaining)
  [74/3225] ok=0 cached=74 fail=0  0.0GB total (0min elapsed, ~n/a remaining)
  [75/3225] ok=0 cached=75 fail=0  0.0GB total (0min elapsed, ~n/a remaining)
  [76/3225] ok=0 cached=76 fail=0  0.0GB total (0min elapsed, ~n/a remaining)
  [77/3225] ok=0 cached=77 fail=0  0.0GB total (0min elapsed, ~n/a remaining)
  [78/3225] ok=0 cached=78 fail=0  0.0GB total (0min elapsed, ~n/a remaining)
  [79/3225] ok=0 cached=79 fail=0  0.0GB total (0min elapsed, ~n/a remaining)
  [80/3225] ok=0 cached=80 fail=0  0.0GB total (0min elapsed, ~n/a remaining)
  [81/3225] ok=0 cached=81 fail=0  0.0GB total (0min elapsed, ~n/a remaining)
  [82/3225] ok=0 cached=82 fail=0  0.0GB total (0min elapsed, ~n/a remaining)
  [83/3225] ok=0 cached=83 fail=0  0.0GB total (0min elapsed, ~n/a remaining)
  [84/3225] ok=0 cached=84 fail=0  0.0GB total (0min elapsed, ~n/a remaining)
  [85/3225] ok=0 cached=85 fail=0  0.0GB total (0min elapsed, ~n/a remaining)
  [86/3225] ok=0 cached=86 fail=0  0.0GB total (0min elapsed, ~n/a remaining)
  [87/3225] ok=0 cached=87 fail=0  0.0GB total (0min elapsed, ~n/a remaining)
  [88/3225] ok=0 cached=88 fail=0  0.0GB total (0min elapsed, ~n/a remaining)
  [89/3225] ok=0 cached=89 fail=0  0.0GB total (0min elapsed, ~n/a remaining)
  [90/3225] ok=0 cached=90 fail=0  0.0GB total (0min elapsed, ~n/a remaining)
  [91/3225] ok=0 cached=91 fail=0  0.0GB total (0min elapsed, ~n/a remaining)
  [92/3225] ok=0 cached=92 fail=0  0.0GB total (0min elapsed, ~n/a remaining)
  [93/3225] ok=0 cached=93 fail=0  0.0GB total (0min elapsed, ~n/a remaining)
  [94/3225] ok=0 cached=94 fail=0  0.0GB total (0min elapsed, ~n/a remaining)
  [95/3225] ok=0 cached=95 fail=0  0.0GB total (0min elapsed, ~n/a remaining)
  [96/3225] ok=0 cached=96 fail=0  0.0GB total (0min elapsed, ~n/a remaining)
  [97/3225] ok=0 cached=97 fail=0  0.0GB total (0min elapsed, ~n/a remaining)
  [98/3225] ok=0 cached=98 fail=0  0.0GB total (0min elapsed, ~n/a remaining)
  [99/3225] ok=0 cached=99 fail=0  0.0GB total (0min elapsed, ~n/a remaining)
  [100/3225] ok=0 cached=100 fail=0  0.0GB total (0min elapsed, ~n/a remaining)
  [101/3225] ok=0 cached=101 fail=0  0.0GB total (0min elapsed, ~n/a remaining)
  [102/3225] ok=0 cached=102 fail=0  0.0GB total (0min elapsed, ~n/a remaining)
  [103/3225] ok=0 cached=103 fail=0  0.0GB total (0min elapsed, ~n/a remaining)
  [104/3225] ok=0 cached=104 fail=0  0.0GB total (0min elapsed, ~n/a remaining)
  [105/3225] ok=0 cached=105 fail=0  0.0GB total (0min elapsed, ~n/a remaining)
  [106/3225] ok=0 cached=106 fail=0  0.0GB total (0min elapsed, ~n/a remaining)
  [107/3225] ok=0 cached=107 fail=0  0.0GB total (0min elapsed, ~n/a remaining)
  [108/3225] ok=0 cached=108 fail=0  0.0GB total (0min elapsed, ~n/a remaining)
  [109/3225] ok=0 cached=109 fail=0  0.0GB total (0min elapsed, ~n/a remaining)
  [110/3225] ok=0 cached=110 fail=0  0.0GB total (0min elapsed, ~n/a remaining)
  [111/3225] ok=0 cached=111 fail=0  0.0GB total (0min elapsed, ~n/a remaining)
  [112/3225] ok=0 cached=112 fail=0  0.0GB total (0min elapsed, ~n/a remaining)
  [113/3225] ok=0 cached=113 fail=0  0.0GB total (0min elapsed, ~n/a remaining)
  [114/3225] ok=0 cached=114 fail=0  0.0GB total (0min elapsed, ~n/a remaining)
  [115/3225] ok=0 cached=115 fail=0  0.0GB total (0min elapsed, ~n/a remaining)
  [116/3225] ok=0 cached=116 fail=0  0.0GB total (0min elapsed, ~n/a remaining)
  [117/3225] ok=0 cached=117 fail=0  0.0GB total (0min elapsed, ~n/a remaining)
  [118/3225] ok=0 cached=118 fail=0  0.0GB total (0min elapsed, ~n/a remaining)
  [119/3225] ok=0 cached=119 fail=0  0.0GB total (0min elapsed, ~n/a remaining)
  [120/3225] ok=0 cached=120 fail=0  0.0GB total (0min elapsed, ~n/a remaining)
  [121/3225] ok=0 cached=121 fail=0  0.0GB total (0min elapsed, ~n/a remaining)
  [122/3225] ok=0 cached=122 fail=0  0.0GB total (0min elapsed, ~n/a remaining)
  [123/3225] ok=0 cached=123 fail=0  0.0GB total (0min elapsed, ~n/a remaining)
  [124/3225] ok=0 cached=124 fail=0  0.0GB total (0min elapsed, ~n/a remaining)
  [125/3225] ok=0 cached=125 fail=0  0.0GB total (0min elapsed, ~n/a remaining)
  [126/3225] ok=0 cached=126 fail=0  0.0GB total (0min elapsed, ~n/a remaining)
  [127/3225] ok=0 cached=127 fail=0  0.0GB total (0min elapsed, ~n/a remaining)
  [128/3225] ok=0 cached=128 fail=0  0.0GB total (0min elapsed, ~n/a remaining)
  [129/3225] ok=0 cached=129 fail=0  0.0GB total (0min elapsed, ~n/a remaining)
  [130/3225] ok=0 cached=130 fail=0  0.0GB total (0min elapsed, ~n/a remaining)
  [131/3225] ok=0 cached=131 fail=0  0.0GB total (0min elapsed, ~n/a remaining)
  [132/3225] ok=0 cached=132 fail=0  0.0GB total (0min elapsed, ~n/a remaining)
  [133/3225] ok=0 cached=133 fail=0  0.0GB total (0min elapsed, ~n/a remaining)
  [134/3225] ok=0 cached=134 fail=0  0.0GB total (0min elapsed, ~n/a remaining)
  [135/3225] ok=0 cached=135 fail=0  0.0GB total (0min elapsed, ~n/a remaining)
  [136/3225] ok=0 cached=136 fail=0  0.0GB total (0min elapsed, ~n/a remaining)
  [137/3225] ok=0 cached=137 fail=0  0.0GB total (0min elapsed, ~n/a remaining)
  [138/3225] ok=0 cached=138 fail=0  0.0GB total (0min elapsed, ~n/a remaining)
  [139/3225] ok=0 cached=139 fail=0  0.0GB total (0min elapsed, ~n/a remaining)
  [140/3225] ok=0 cached=140 fail=0  0.0GB total (0min elapsed, ~n/a remaining)
  [141/3225] ok=0 cached=141 fail=0  0.0GB total (0min elapsed, ~n/a remaining)
  [142/3225] ok=0 cached=142 fail=0  0.0GB total (0min elapsed, ~n/a remaining)
  [143/3225] ok=0 cached=143 fail=0  0.0GB total (0min elapsed, ~n/a remaining)
  [144/3225] ok=0 cached=144 fail=0  0.0GB total (0min elapsed, ~n/a remaining)
  [145/3225] ok=0 cached=145 fail=0  0.0GB total (0min elapsed, ~n/a remaining)
  [146/3225] ok=0 cached=146 fail=0  0.0GB total (0min elapsed, ~n/a remaining)
  [147/3225] ok=0 cached=147 fail=0  0.0GB total (0min elapsed, ~n/a remaining)
  [148/3225] ok=0 cached=148 fail=0  0.0GB total (0min elapsed, ~n/a remaining)
  [149/3225] ok=0 cached=149 fail=0  0.0GB total (0min elapsed, ~n/a remaining)
  [150/3225] ok=0 cached=150 fail=0  0.0GB total (0min elapsed, ~n/a remaining)
  [151/3225] ok=0 cached=151 fail=0  0.0GB total (0min elapsed, ~n/a remaining)
  [152/3225] ok=0 cached=152 fail=0  0.0GB total (0min elapsed, ~n/a remaining)
  [153/3225] ok=0 cached=153 fail=0  0.0GB total (0min elapsed, ~n/a remaining)
  [154/3225] ok=0 cached=154 fail=0  0.0GB total (0min elapsed, ~n/a remaining)
  [155/3225] ok=0 cached=155 fail=0  0.0GB total (0min elapsed, ~n/a remaining)
  [156/3225] ok=0 cached=156 fail=0  0.0GB total (0min elapsed, ~n/a remaining)
  [157/3225] ok=0 cached=157 fail=0  0.0GB total (0min elapsed, ~n/a remaining)
  [158/3225] ok=0 cached=158 fail=0  0.0GB total (0min elapsed, ~n/a remaining)
  [159/3225] ok=0 cached=159 fail=0  0.0GB total (0min elapsed, ~n/a remaining)
  [160/3225] ok=0 cached=160 fail=0  0.0GB total (0min elapsed, ~n/a remaining)
  [161/3225] ok=0 cached=161 fail=0  0.0GB total (0min elapsed, ~n/a remaining)
  [162/3225] ok=0 cached=162 fail=0  0.0GB total (0min elapsed, ~n/a remaining)
  [163/3225] ok=0 cached=163 fail=0  0.0GB total (0min elapsed, ~n/a remaining)
  [164/3225] ok=0 cached=164 fail=0  0.0GB total (0min elapsed, ~n/a remaining)
  [165/3225] ok=0 cached=165 fail=0  0.0GB total (0min elapsed, ~n/a remaining)
  [166/3225] ok=0 cached=166 fail=0  0.0GB total (0min elapsed, ~n/a remaining)
  [167/3225] ok=0 cached=167 fail=0  0.0GB total (0min elapsed, ~n/a remaining)
  [168/3225] ok=0 cached=168 fail=0  0.0GB total (0min elapsed, ~n/a remaining)
  [169/3225] ok=0 cached=169 fail=0  0.0GB total (0min elapsed, ~n/a remaining)
  [170/3225] ok=0 cached=170 fail=0  0.0GB total (0min elapsed, ~n/a remaining)
  [171/3225] ok=0 cached=171 fail=0  0.0GB total (0min elapsed, ~n/a remaining)
  [172/3225] ok=0 cached=172 fail=0  0.0GB total (0min elapsed, ~n/a remaining)
  [173/3225] ok=0 cached=173 fail=0  0.0GB total (0min elapsed, ~n/a remaining)
  [174/3225] ok=0 cached=174 fail=0  0.0GB total (0min elapsed, ~n/a remaining)
  [175/3225] ok=0 cached=175 fail=0  0.0GB total (0min elapsed, ~n/a remaining)
  [176/3225] ok=0 cached=176 fail=0  0.0GB total (0min elapsed, ~n/a remaining)
  [177/3225] ok=0 cached=177 fail=0  0.0GB total (0min elapsed, ~n/a remaining)
  [178/3225] ok=0 cached=178 fail=0  0.0GB total (0min elapsed, ~n/a remaining)
  [179/3225] ok=0 cached=179 fail=0  0.0GB total (0min elapsed, ~n/a remaining)
  [180/3225] ok=0 cached=180 fail=0  0.0GB total (0min elapsed, ~n/a remaining)
  [181/3225] ok=0 cached=181 fail=0  0.0GB total (0min elapsed, ~n/a remaining)
  [182/3225] ok=0 cached=182 fail=0  0.0GB total (0min elapsed, ~n/a remaining)
  [183/3225] ok=0 cached=183 fail=0  0.0GB total (0min elapsed, ~n/a remaining)
  [184/3225] ok=0 cached=184 fail=0  0.0GB total (0min elapsed, ~n/a remaining)
  [185/3225] ok=0 cached=185 fail=0  0.0GB total (0min elapsed, ~n/a remaining)
  [186/3225] ok=0 cached=186 fail=0  0.0GB total (0min elapsed, ~n/a remaining)
  [187/3225] ok=0 cached=187 fail=0  0.0GB total (0min elapsed, ~n/a remaining)
  [188/3225] ok=0 cached=188 fail=0  0.0GB total (0min elapsed, ~n/a remaining)
  [189/3225] ok=0 cached=189 fail=0  0.0GB total (0min elapsed, ~n/a remaining)
  [190/3225] ok=0 cached=190 fail=0  0.0GB total (0min elapsed, ~n/a remaining)
  [191/3225] ok=0 cached=191 fail=0  0.0GB total (0min elapsed, ~n/a remaining)
  [192/3225] ok=0 cached=192 fail=0  0.0GB total (0min elapsed, ~n/a remaining)
  [193/3225] ok=0 cached=193 fail=0  0.0GB total (0min elapsed, ~n/a remaining)
  [194/3225] ok=0 cached=194 fail=0  0.0GB total (0min elapsed, ~n/a remaining)
  [195/3225] ok=0 cached=195 fail=0  0.0GB total (0min elapsed, ~n/a remaining)
  [196/3225] ok=0 cached=196 fail=0  0.0GB total (0min elapsed, ~n/a remaining)
  [197/3225] ok=0 cached=197 fail=0  0.0GB total (0min elapsed, ~n/a remaining)
  [198/3225] ok=0 cached=198 fail=0  0.0GB total (0min elapsed, ~n/a remaining)
  [199/3225] ok=0 cached=199 fail=0  0.0GB total (0min elapsed, ~n/a remaining)
  [200/3225] ok=0 cached=200 fail=0  0.0GB total (0min elapsed, ~n/a remaining)
  [201/3225] ok=0 cached=201 fail=0  0.0GB total (0min elapsed, ~n/a remaining)
  [202/3225] ok=0 cached=202 fail=0  0.0GB total (0min elapsed, ~n/a remaining)
  [203/3225] ok=0 cached=203 fail=0  0.0GB total (0min elapsed, ~n/a remaining)
  [204/3225] ok=0 cached=204 fail=0  0.0GB total (0min elapsed, ~n/a remaining)
  [205/3225] ok=0 cached=205 fail=0  0.0GB total (0min elapsed, ~n/a remaining)
  [206/3225] ok=0 cached=206 fail=0  0.0GB total (0min elapsed, ~n/a remaining)
  [207/3225] ok=0 cached=207 fail=0  0.0GB total (0min elapsed, ~n/a remaining)
  [208/3225] ok=0 cached=208 fail=0  0.0GB total (0min elapsed, ~n/a remaining)
  [209/3225] ok=0 cached=209 fail=0  0.0GB total (0min elapsed, ~n/a remaining)
  [210/3225] ok=0 cached=210 fail=0  0.0GB total (0min elapsed, ~n/a remaining)
  [211/3225] ok=0 cached=211 fail=0  0.0GB total (0min elapsed, ~n/a remaining)
  [212/3225] ok=0 cached=212 fail=0  0.0GB total (0min elapsed, ~n/a remaining)
  [213/3225] ok=0 cached=213 fail=0  0.0GB total (0min elapsed, ~n/a remaining)
  [214/3225] ok=0 cached=214 fail=0  0.0GB total (0min elapsed, ~n/a remaining)
  [215/3225] ok=0 cached=215 fail=0  0.0GB total (0min elapsed, ~n/a remaining)
  [216/3225] ok=0 cached=216 fail=0  0.0GB total (0min elapsed, ~n/a remaining)
  [217/3225] ok=0 cached=217 fail=0  0.0GB total (0min elapsed, ~n/a remaining)
  [218/3225] ok=0 cached=218 fail=0  0.0GB total (0min elapsed, ~n/a remaining)
  [219/3225] ok=0 cached=219 fail=0  0.0GB total (0min elapsed, ~n/a remaining)
  [220/3225] ok=0 cached=220 fail=0  0.0GB total (0min elapsed, ~n/a remaining)
  [221/3225] ok=0 cached=221 fail=0  0.0GB total (0min elapsed, ~n/a remaining)
  [222/3225] ok=0 cached=222 fail=0  0.0GB total (0min elapsed, ~n/a remaining)
  [223/3225] ok=0 cached=223 fail=0  0.0GB total (0min elapsed, ~n/a remaining)
  [224/3225] ok=0 cached=224 fail=0  0.0GB total (0min elapsed, ~n/a remaining)
  [225/3225] ok=0 cached=225 fail=0  0.0GB total (0min elapsed, ~n/a remaining)
  [226/3225] ok=0 cached=226 fail=0  0.0GB total (0min elapsed, ~n/a remaining)
  [227/3225] ok=0 cached=227 fail=0  0.0GB total (0min elapsed, ~n/a remaining)
  [228/3225] ok=0 cached=228 fail=0  0.0GB total (0min elapsed, ~n/a remaining)
  [229/3225] ok=0 cached=229 fail=0  0.0GB total (0min elapsed, ~n/a remaining)
  [230/3225] ok=0 cached=230 fail=0  0.0GB total (0min elapsed, ~n/a remaining)
  [231/3225] ok=0 cached=231 fail=0  0.0GB total (0min elapsed, ~n/a remaining)
  [232/3225] ok=0 cached=232 fail=0  0.0GB total (0min elapsed, ~n/a remaining)
  [233/3225] ok=0 cached=233 fail=0  0.0GB total (0min elapsed, ~n/a remaining)
  [234/3225] ok=0 cached=234 fail=0  0.0GB total (0min elapsed, ~n/a remaining)
  [235/3225] ok=0 cached=235 fail=0  0.0GB total (0min elapsed, ~n/a remaining)
  [236/3225] ok=0 cached=236 fail=0  0.0GB total (0min elapsed, ~n/a remaining)
  [237/3225] ok=0 cached=237 fail=0  0.0GB total (0min elapsed, ~n/a remaining)
  [238/3225] ok=0 cached=238 fail=0  0.0GB total (0min elapsed, ~n/a remaining)
  [239/3225] ok=0 cached=239 fail=0  0.0GB total (0min elapsed, ~n/a remaining)
  [240/3225] ok=0 cached=240 fail=0  0.0GB total (0min elapsed, ~n/a remaining)
  [241/3225] ok=0 cached=241 fail=0  0.0GB total (0min elapsed, ~n/a remaining)
  [242/3225] ok=0 cached=242 fail=0  0.0GB total (0min elapsed, ~n/a remaining)
  [243/3225] ok=0 cached=243 fail=0  0.0GB total (0min elapsed, ~n/a remaining)
  [244/3225] ok=0 cached=244 fail=0  0.0GB total (0min elapsed, ~n/a remaining)
  [245/3225] ok=0 cached=245 fail=0  0.0GB total (0min elapsed, ~n/a remaining)
  [246/3225] ok=0 cached=246 fail=0  0.0GB total (0min elapsed, ~n/a remaining)
  [247/3225] ok=0 cached=247 fail=0  0.0GB total (0min elapsed, ~n/a remaining)
  [248/3225] ok=0 cached=248 fail=0  0.0GB total (0min elapsed, ~n/a remaining)
  [249/3225] ok=0 cached=249 fail=0  0.0GB total (0min elapsed, ~n/a remaining)
  [250/3225] ok=0 cached=250 fail=0  0.0GB total (0min elapsed, ~n/a remaining)
  [251/3225] ok=0 cached=251 fail=0  0.0GB total (0min elapsed, ~n/a remaining)
  [252/3225] ok=0 cached=252 fail=0  0.0GB total (0min elapsed, ~n/a remaining)
  [253/3225] ok=0 cached=253 fail=0  0.0GB total (0min elapsed, ~n/a remaining)
  [254/3225] ok=0 cached=254 fail=0  0.0GB total (0min elapsed, ~n/a remaining)
  [255/3225] ok=0 cached=255 fail=0  0.0GB total (0min elapsed, ~n/a remaining)
  [256/3225] ok=0 cached=256 fail=0  0.0GB total (0min elapsed, ~n/a remaining)
  [257/3225] ok=0 cached=257 fail=0  0.0GB total (0min elapsed, ~n/a remaining)
  [258/3225] ok=0 cached=258 fail=0  0.0GB total (0min elapsed, ~n/a remaining)
  [259/3225] ok=0 cached=259 fail=0  0.0GB total (0min elapsed, ~n/a remaining)
  [260/3225] ok=0 cached=260 fail=0  0.0GB total (0min elapsed, ~n/a remaining)
  [261/3225] ok=0 cached=261 fail=0  0.0GB total (0min elapsed, ~n/a remaining)
  [262/3225] ok=0 cached=262 fail=0  0.0GB total (0min elapsed, ~n/a remaining)
  [263/3225] ok=0 cached=263 fail=0  0.0GB total (0min elapsed, ~n/a remaining)
  [264/3225] ok=0 cached=264 fail=0  0.0GB total (0min elapsed, ~n/a remaining)
  [265/3225] ok=0 cached=265 fail=0  0.0GB total (0min elapsed, ~n/a remaining)
  [266/3225] ok=0 cached=266 fail=0  0.0GB total (0min elapsed, ~n/a remaining)
  [267/3225] ok=0 cached=267 fail=0  0.0GB total (0min elapsed, ~n/a remaining)
  [268/3225] ok=0 cached=268 fail=0  0.0GB total (0min elapsed, ~n/a remaining)
  [269/3225] ok=0 cached=269 fail=0  0.0GB total (0min elapsed, ~n/a remaining)
  [270/3225] ok=0 cached=270 fail=0  0.0GB total (0min elapsed, ~n/a remaining)
  [271/3225] ok=0 cached=271 fail=0  0.0GB total (0min elapsed, ~n/a remaining)
  [272/3225] ok=0 cached=272 fail=0  0.0GB total (0min elapsed, ~n/a remaining)
  [273/3225] ok=0 cached=273 fail=0  0.0GB total (0min elapsed, ~n/a remaining)
  [274/3225] ok=0 cached=274 fail=0  0.0GB total (0min elapsed, ~n/a remaining)
  [275/3225] ok=0 cached=275 fail=0  0.0GB total (0min elapsed, ~n/a remaining)
  [276/3225] ok=0 cached=276 fail=0  0.0GB total (0min elapsed, ~n/a remaining)
  [277/3225] ok=0 cached=277 fail=0  0.0GB total (0min elapsed, ~n/a remaining)
  [278/3225] ok=0 cached=278 fail=0  0.0GB total (0min elapsed, ~n/a remaining)
  [279/3225] ok=0 cached=279 fail=0  0.0GB total (0min elapsed, ~n/a remaining)
  [280/3225] ok=0 cached=280 fail=0  0.0GB total (0min elapsed, ~n/a remaining)
  [281/3225] ok=0 cached=281 fail=0  0.0GB total (0min elapsed, ~n/a remaining)
  [282/3225] ok=0 cached=282 fail=0  0.0GB total (0min elapsed, ~n/a remaining)
  [283/3225] ok=0 cached=283 fail=0  0.0GB total (0min elapsed, ~n/a remaining)
  [284/3225] ok=0 cached=284 fail=0  0.0GB total (0min elapsed, ~n/a remaining)
  [285/3225] ok=0 cached=285 fail=0  0.0GB total (0min elapsed, ~n/a remaining)
  [286/3225] ok=0 cached=286 fail=0  0.0GB total (0min elapsed, ~n/a remaining)
  [287/3225] ok=0 cached=287 fail=0  0.0GB total (0min elapsed, ~n/a remaining)
  [288/3225] ok=0 cached=288 fail=0  0.0GB total (0min elapsed, ~n/a remaining)
  [289/3225] ok=0 cached=289 fail=0  0.0GB total (0min elapsed, ~n/a remaining)
  [290/3225] ok=0 cached=290 fail=0  0.0GB total (0min elapsed, ~n/a remaining)
  [291/3225] ok=0 cached=291 fail=0  0.0GB total (0min elapsed, ~n/a remaining)
  [292/3225] ok=0 cached=292 fail=0  0.0GB total (0min elapsed, ~n/a remaining)
  [293/3225] ok=0 cached=293 fail=0  0.0GB total (0min elapsed, ~n/a remaining)
  [294/3225] ok=0 cached=294 fail=0  0.0GB total (0min elapsed, ~n/a remaining)
  [295/3225] ok=0 cached=295 fail=0  0.0GB total (0min elapsed, ~n/a remaining)
  [296/3225] ok=0 cached=296 fail=0  0.0GB total (0min elapsed, ~n/a remaining)
  [297/3225] ok=0 cached=297 fail=0  0.0GB total (0min elapsed, ~n/a remaining)
  [298/3225] ok=0 cached=298 fail=0  0.0GB total (0min elapsed, ~n/a remaining)
  [299/3225] ok=0 cached=299 fail=0  0.0GB total (0min elapsed, ~n/a remaining)
  [300/3225] ok=0 cached=300 fail=0  0.0GB total (0min elapsed, ~n/a remaining)
  [301/3225] ok=0 cached=301 fail=0  0.0GB total (0min elapsed, ~n/a remaining)
  [302/3225] ok=0 cached=302 fail=0  0.0GB total (0min elapsed, ~n/a remaining)
  [303/3225] ok=0 cached=303 fail=0  0.0GB total (0min elapsed, ~n/a remaining)
  [304/3225] ok=0 cached=304 fail=0  0.0GB total (0min elapsed, ~n/a remaining)
  [305/3225] ok=0 cached=305 fail=0  0.0GB total (0min elapsed, ~n/a remaining)
  [306/3225] ok=0 cached=306 fail=0  0.0GB total (0min elapsed, ~n/a remaining)
  [307/3225] ok=0 cached=307 fail=0  0.0GB total (0min elapsed, ~n/a remaining)
  [308/3225] ok=0 cached=308 fail=0  0.0GB total (0min elapsed, ~n/a remaining)
  [309/3225] ok=0 cached=309 fail=0  0.0GB total (0min elapsed, ~n/a remaining)
  [310/3225] ok=0 cached=310 fail=0  0.0GB total (0min elapsed, ~n/a remaining)
  [311/3225] ok=0 cached=311 fail=0  0.0GB total (0min elapsed, ~n/a remaining)
  [312/3225] ok=0 cached=312 fail=0  0.0GB total (0min elapsed, ~n/a remaining)
  [313/3225] ok=0 cached=313 fail=0  0.0GB total (0min elapsed, ~n/a remaining)
  [314/3225] ok=0 cached=314 fail=0  0.0GB total (0min elapsed, ~n/a remaining)
  [315/3225] ok=0 cached=315 fail=0  0.0GB total (0min elapsed, ~n/a remaining)
  [316/3225] ok=0 cached=316 fail=0  0.0GB total (0min elapsed, ~n/a remaining)
  [317/3225] ok=0 cached=317 fail=0  0.0GB total (0min elapsed, ~n/a remaining)
  [318/3225] ok=0 cached=318 fail=0  0.0GB total (0min elapsed, ~n/a remaining)
  [319/3225] ok=0 cached=319 fail=0  0.0GB total (0min elapsed, ~n/a remaining)
  [320/3225] ok=0 cached=320 fail=0  0.0GB total (0min elapsed, ~n/a remaining)
  [321/3225] ok=0 cached=321 fail=0  0.0GB total (0min elapsed, ~n/a remaining)
  [322/3225] ok=0 cached=322 fail=0  0.0GB total (0min elapsed, ~n/a remaining)
  [323/3225] ok=0 cached=323 fail=0  0.0GB total (0min elapsed, ~n/a remaining)
  [324/3225] ok=0 cached=324 fail=0  0.0GB total (0min elapsed, ~n/a remaining)
  [325/3225] ok=0 cached=325 fail=0  0.0GB total (0min elapsed, ~n/a remaining)
  [326/3225] ok=0 cached=326 fail=0  0.0GB total (0min elapsed, ~n/a remaining)
  [327/3225] ok=0 cached=327 fail=0  0.0GB total (0min elapsed, ~n/a remaining)
  [328/3225] ok=0 cached=328 fail=0  0.0GB total (0min elapsed, ~n/a remaining)
  [329/3225] ok=0 cached=329 fail=0  0.0GB total (0min elapsed, ~n/a remaining)
  [330/3225] ok=0 cached=330 fail=0  0.0GB total (0min elapsed, ~n/a remaining)
  [331/3225] ok=0 cached=331 fail=0  0.0GB total (0min elapsed, ~n/a remaining)
  [332/3225] ok=0 cached=332 fail=0  0.0GB total (0min elapsed, ~n/a remaining)
  [333/3225] ok=0 cached=333 fail=0  0.0GB total (0min elapsed, ~n/a remaining)
  [334/3225] ok=0 cached=334 fail=0  0.0GB total (0min elapsed, ~n/a remaining)
  [335/3225] ok=0 cached=335 fail=0  0.0GB total (0min elapsed, ~n/a remaining)
  [336/3225] ok=0 cached=336 fail=0  0.0GB total (0min elapsed, ~n/a remaining)
  [337/3225] ok=0 cached=337 fail=0  0.0GB total (0min elapsed, ~n/a remaining)
  [338/3225] ok=0 cached=338 fail=0  0.0GB total (0min elapsed, ~n/a remaining)
  [339/3225] ok=0 cached=339 fail=0  0.0GB total (0min elapsed, ~n/a remaining)
  [340/3225] ok=0 cached=340 fail=0  0.0GB total (0min elapsed, ~n/a remaining)
  [341/3225] ok=0 cached=341 fail=0  0.0GB total (0min elapsed, ~n/a remaining)
  [342/3225] ok=0 cached=342 fail=0  0.0GB total (0min elapsed, ~n/a remaining)
  [343/3225] ok=0 cached=343 fail=0  0.0GB total (0min elapsed, ~n/a remaining)
  [344/3225] ok=0 cached=344 fail=0  0.0GB total (0min elapsed, ~n/a remaining)
  [345/3225] ok=0 cached=345 fail=0  0.0GB total (0min elapsed, ~n/a remaining)
  [346/3225] ok=0 cached=346 fail=0  0.0GB total (0min elapsed, ~n/a remaining)
  [347/3225] ok=0 cached=347 fail=0  0.0GB total (0min elapsed, ~n/a remaining)
  [348/3225] ok=0 cached=348 fail=0  0.0GB total (0min elapsed, ~n/a remaining)
  [349/3225] ok=0 cached=349 fail=0  0.0GB total (0min elapsed, ~n/a remaining)
  [350/3225] ok=0 cached=350 fail=0  0.0GB total (0min elapsed, ~n/a remaining)
  [351/3225] ok=0 cached=351 fail=0  0.0GB total (0min elapsed, ~n/a remaining)
  [352/3225] ok=0 cached=352 fail=0  0.0GB total (0min elapsed, ~n/a remaining)
  [353/3225] ok=0 cached=353 fail=0  0.0GB total (0min elapsed, ~n/a remaining)
  [354/3225] ok=0 cached=354 fail=0  0.0GB total (0min elapsed, ~n/a remaining)
  [355/3225] ok=0 cached=355 fail=0  0.0GB total (0min elapsed, ~n/a remaining)
  [356/3225] ok=0 cached=356 fail=0  0.0GB total (0min elapsed, ~n/a remaining)
  [357/3225] ok=0 cached=357 fail=0  0.0GB total (0min elapsed, ~n/a remaining)
  [358/3225] ok=0 cached=358 fail=0  0.0GB total (0min elapsed, ~n/a remaining)
  [359/3225] ok=0 cached=359 fail=0  0.0GB total (0min elapsed, ~n/a remaining)
  [360/3225] ok=0 cached=360 fail=0  0.0GB total (0min elapsed, ~n/a remaining)
  [361/3225] ok=0 cached=361 fail=0  0.0GB total (0min elapsed, ~n/a remaining)
  [362/3225] ok=0 cached=362 fail=0  0.0GB total (0min elapsed, ~n/a remaining)
  [363/3225] ok=0 cached=363 fail=0  0.0GB total (0min elapsed, ~n/a remaining)
  [364/3225] ok=0 cached=364 fail=0  0.0GB total (0min elapsed, ~n/a remaining)
  [365/3225] ok=0 cached=365 fail=0  0.0GB total (0min elapsed, ~n/a remaining)
  [366/3225] ok=0 cached=366 fail=0  0.0GB total (0min elapsed, ~n/a remaining)
  [367/3225] ok=0 cached=367 fail=0  0.0GB total (0min elapsed, ~n/a remaining)
  [368/3225] ok=0 cached=368 fail=0  0.0GB total (0min elapsed, ~n/a remaining)
  [369/3225] ok=0 cached=369 fail=0  0.0GB total (0min elapsed, ~n/a remaining)
  [370/3225] ok=0 cached=370 fail=0  0.0GB total (0min elapsed, ~n/a remaining)
  [371/3225] ok=0 cached=371 fail=0  0.0GB total (0min elapsed, ~n/a remaining)
  [372/3225] ok=0 cached=372 fail=0  0.0GB total (0min elapsed, ~n/a remaining)
  [373/3225] ok=0 cached=373 fail=0  0.0GB total (0min elapsed, ~n/a remaining)
  [374/3225] ok=0 cached=374 fail=0  0.0GB total (0min elapsed, ~n/a remaining)
  [375/3225] ok=0 cached=375 fail=0  0.0GB total (0min elapsed, ~n/a remaining)
  [376/3225] ok=0 cached=376 fail=0  0.0GB total (0min elapsed, ~n/a remaining)
  [377/3225] ok=0 cached=377 fail=0  0.0GB total (0min elapsed, ~n/a remaining)
  [378/3225] ok=0 cached=378 fail=0  0.0GB total (0min elapsed, ~n/a remaining)
  [379/3225] ok=0 cached=379 fail=0  0.0GB total (0min elapsed, ~n/a remaining)
  [380/3225] ok=0 cached=380 fail=0  0.0GB total (0min elapsed, ~n/a remaining)
  [381/3225] ok=0 cached=381 fail=0  0.0GB total (0min elapsed, ~n/a remaining)
  [382/3225] ok=0 cached=382 fail=0  0.0GB total (0min elapsed, ~n/a remaining)
  [383/3225] ok=0 cached=383 fail=0  0.0GB total (0min elapsed, ~n/a remaining)
  [384/3225] ok=0 cached=384 fail=0  0.0GB total (0min elapsed, ~n/a remaining)
  [385/3225] ok=0 cached=385 fail=0  0.0GB total (0min elapsed, ~n/a remaining)
  [386/3225] ok=0 cached=386 fail=0  0.0GB total (0min elapsed, ~n/a remaining)
  [387/3225] ok=0 cached=387 fail=0  0.0GB total (0min elapsed, ~n/a remaining)
  [388/3225] ok=0 cached=388 fail=0  0.0GB total (0min elapsed, ~n/a remaining)
  [389/3225] ok=0 cached=389 fail=0  0.0GB total (0min elapsed, ~n/a remaining)
  [390/3225] ok=0 cached=390 fail=0  0.0GB total (0min elapsed, ~n/a remaining)
  [391/3225] ok=0 cached=391 fail=0  0.0GB total (0min elapsed, ~n/a remaining)
  [392/3225] ok=0 cached=392 fail=0  0.0GB total (0min elapsed, ~n/a remaining)
  [393/3225] ok=0 cached=393 fail=0  0.0GB total (0min elapsed, ~n/a remaining)
  [394/3225] ok=0 cached=394 fail=0  0.0GB total (0min elapsed, ~n/a remaining)
  [395/3225] ok=0 cached=395 fail=0  0.0GB total (0min elapsed, ~n/a remaining)
  [396/3225] ok=0 cached=396 fail=0  0.0GB total (0min elapsed, ~n/a remaining)
  [397/3225] ok=0 cached=397 fail=0  0.0GB total (0min elapsed, ~n/a remaining)
  [398/3225] ok=0 cached=398 fail=0  0.0GB total (0min elapsed, ~n/a remaining)
  [399/3225] ok=0 cached=399 fail=0  0.0GB total (0min elapsed, ~n/a remaining)
  [400/3225] ok=0 cached=400 fail=0  0.0GB total (0min elapsed, ~n/a remaining)
  [401/3225] ok=0 cached=401 fail=0  0.0GB total (0min elapsed, ~n/a remaining)
  [402/3225] ok=0 cached=402 fail=0  0.0GB total (0min elapsed, ~n/a remaining)
  [403/3225] ok=0 cached=403 fail=0  0.0GB total (0min elapsed, ~n/a remaining)
  [404/3225] ok=0 cached=404 fail=0  0.0GB total (0min elapsed, ~n/a remaining)
  [405/3225] ok=0 cached=405 fail=0  0.0GB total (0min elapsed, ~n/a remaining)
  [406/3225] ok=0 cached=406 fail=0  0.0GB total (0min elapsed, ~n/a remaining)
  [407/3225] ok=0 cached=407 fail=0  0.0GB total (0min elapsed, ~n/a remaining)
  [408/3225] ok=0 cached=408 fail=0  0.0GB total (0min elapsed, ~n/a remaining)
  [409/3225] ok=0 cached=409 fail=0  0.0GB total (0min elapsed, ~n/a remaining)
  [410/3225] ok=0 cached=410 fail=0  0.0GB total (0min elapsed, ~n/a remaining)
  [411/3225] ok=0 cached=411 fail=0  0.0GB total (0min elapsed, ~n/a remaining)
  [412/3225] ok=0 cached=412 fail=0  0.0GB total (0min elapsed, ~n/a remaining)
  [413/3225] ok=0 cached=413 fail=0  0.0GB total (0min elapsed, ~n/a remaining)
  [414/3225] ok=0 cached=414 fail=0  0.0GB total (0min elapsed, ~n/a remaining)
  [415/3225] ok=0 cached=415 fail=0  0.0GB total (0min elapsed, ~n/a remaining)
  [416/3225] ok=0 cached=416 fail=0  0.0GB total (0min elapsed, ~n/a remaining)
  [417/3225] ok=0 cached=417 fail=0  0.0GB total (0min elapsed, ~n/a remaining)
  [418/3225] ok=0 cached=418 fail=0  0.0GB total (0min elapsed, ~n/a remaining)
  [419/3225] ok=0 cached=419 fail=0  0.0GB total (0min elapsed, ~n/a remaining)
  [420/3225] ok=0 cached=420 fail=0  0.0GB total (0min elapsed, ~n/a remaining)
  [421/3225] ok=0 cached=421 fail=0  0.0GB total (0min elapsed, ~n/a remaining)
  [422/3225] ok=0 cached=422 fail=0  0.0GB total (0min elapsed, ~n/a remaining)
  [423/3225] ok=0 cached=423 fail=0  0.0GB total (0min elapsed, ~n/a remaining)
  [424/3225] ok=0 cached=424 fail=0  0.0GB total (0min elapsed, ~n/a remaining)
  [425/3225] ok=0 cached=425 fail=0  0.0GB total (0min elapsed, ~n/a remaining)
  [426/3225] ok=0 cached=426 fail=0  0.0GB total (0min elapsed, ~n/a remaining)
  [427/3225] ok=0 cached=427 fail=0  0.0GB total (0min elapsed, ~n/a remaining)
  [428/3225] ok=0 cached=428 fail=0  0.0GB total (0min elapsed, ~n/a remaining)
  [429/3225] ok=0 cached=429 fail=0  0.0GB total (0min elapsed, ~n/a remaining)
  [430/3225] ok=0 cached=430 fail=0  0.0GB total (0min elapsed, ~n/a remaining)
  [431/3225] ok=0 cached=431 fail=0  0.0GB total (0min elapsed, ~n/a remaining)
  [432/3225] ok=0 cached=432 fail=0  0.0GB total (0min elapsed, ~n/a remaining)
  [433/3225] ok=0 cached=433 fail=0  0.0GB total (0min elapsed, ~n/a remaining)
  [434/3225] ok=0 cached=434 fail=0  0.0GB total (0min elapsed, ~n/a remaining)
  [435/3225] ok=0 cached=435 fail=0  0.0GB total (0min elapsed, ~n/a remaining)
  [436/3225] ok=0 cached=436 fail=0  0.0GB total (0min elapsed, ~n/a remaining)
  [437/3225] ok=0 cached=437 fail=0  0.0GB total (0min elapsed, ~n/a remaining)
  [438/3225] ok=0 cached=438 fail=0  0.0GB total (0min elapsed, ~n/a remaining)
  [439/3225] ok=0 cached=439 fail=0  0.0GB total (0min elapsed, ~n/a remaining)
  [440/3225] ok=0 cached=440 fail=0  0.0GB total (0min elapsed, ~n/a remaining)
  [441/3225] ok=0 cached=441 fail=0  0.0GB total (0min elapsed, ~n/a remaining)
  [442/3225] ok=0 cached=442 fail=0  0.0GB total (0min elapsed, ~n/a remaining)
  [443/3225] ok=0 cached=443 fail=0  0.0GB total (0min elapsed, ~n/a remaining)
  [444/3225] ok=0 cached=444 fail=0  0.0GB total (0min elapsed, ~n/a remaining)
  [445/3225] ok=0 cached=445 fail=0  0.0GB total (0min elapsed, ~n/a remaining)
  [446/3225] ok=0 cached=446 fail=0  0.0GB total (0min elapsed, ~n/a remaining)
  [447/3225] ok=0 cached=447 fail=0  0.0GB total (0min elapsed, ~n/a remaining)
  [448/3225] ok=0 cached=448 fail=0  0.0GB total (0min elapsed, ~n/a remaining)
  [449/3225] ok=0 cached=449 fail=0  0.0GB total (0min elapsed, ~n/a remaining)
  [450/3225] ok=0 cached=450 fail=0  0.0GB total (0min elapsed, ~n/a remaining)
  [451/3225] ok=0 cached=451 fail=0  0.0GB total (0min elapsed, ~n/a remaining)
  [452/3225] ok=0 cached=452 fail=0  0.0GB total (0min elapsed, ~n/a remaining)
  [453/3225] ok=0 cached=453 fail=0  0.0GB total (0min elapsed, ~n/a remaining)
  [454/3225] ok=0 cached=454 fail=0  0.0GB total (0min elapsed, ~n/a remaining)
  [455/3225] ok=0 cached=455 fail=0  0.0GB total (0min elapsed, ~n/a remaining)
  [456/3225] ok=0 cached=456 fail=0  0.0GB total (0min elapsed, ~n/a remaining)
  [457/3225] ok=0 cached=457 fail=0  0.0GB total (0min elapsed, ~n/a remaining)
  [458/3225] ok=0 cached=458 fail=0  0.0GB total (0min elapsed, ~n/a remaining)
  [459/3225] ok=0 cached=459 fail=0  0.0GB total (0min elapsed, ~n/a remaining)
  [460/3225] ok=0 cached=460 fail=0  0.0GB total (0min elapsed, ~n/a remaining)
  [461/3225] ok=0 cached=461 fail=0  0.0GB total (0min elapsed, ~n/a remaining)
  [462/3225] ok=0 cached=462 fail=0  0.0GB total (0min elapsed, ~n/a remaining)
  [463/3225] ok=0 cached=463 fail=0  0.0GB total (0min elapsed, ~n/a remaining)
  [464/3225] ok=0 cached=464 fail=0  0.0GB total (0min elapsed, ~n/a remaining)
  [465/3225] ok=0 cached=465 fail=0  0.0GB total (0min elapsed, ~n/a remaining)
  [466/3225] ok=0 cached=466 fail=0  0.0GB total (0min elapsed, ~n/a remaining)
  [467/3225] ok=0 cached=467 fail=0  0.0GB total (0min elapsed, ~n/a remaining)
  [468/3225] ok=0 cached=468 fail=0  0.0GB total (0min elapsed, ~n/a remaining)
  [469/3225] ok=0 cached=469 fail=0  0.0GB total (0min elapsed, ~n/a remaining)
  [470/3225] ok=0 cached=470 fail=0  0.0GB total (0min elapsed, ~n/a remaining)
  [471/3225] ok=0 cached=471 fail=0  0.0GB total (0min elapsed, ~n/a remaining)
  [472/3225] ok=0 cached=472 fail=0  0.0GB total (0min elapsed, ~n/a remaining)
  [473/3225] ok=0 cached=473 fail=0  0.0GB total (0min elapsed, ~n/a remaining)
  [474/3225] ok=0 cached=474 fail=0  0.0GB total (0min elapsed, ~n/a remaining)
  [475/3225] ok=0 cached=475 fail=0  0.0GB total (0min elapsed, ~n/a remaining)
  [476/3225] ok=0 cached=476 fail=0  0.0GB total (0min elapsed, ~n/a remaining)
  [477/3225] ok=0 cached=477 fail=0  0.0GB total (0min elapsed, ~n/a remaining)
  [478/3225] ok=0 cached=478 fail=0  0.0GB total (0min elapsed, ~n/a remaining)
  [479/3225] ok=0 cached=479 fail=0  0.0GB total (0min elapsed, ~n/a remaining)
  [480/3225] ok=0 cached=480 fail=0  0.0GB total (0min elapsed, ~n/a remaining)
  [481/3225] ok=0 cached=481 fail=0  0.0GB total (0min elapsed, ~n/a remaining)
  [482/3225] ok=0 cached=482 fail=0  0.0GB total (0min elapsed, ~n/a remaining)
  [483/3225] ok=0 cached=483 fail=0  0.0GB total (0min elapsed, ~n/a remaining)
  [484/3225] ok=0 cached=484 fail=0  0.0GB total (0min elapsed, ~n/a remaining)
  [485/3225] ok=0 cached=485 fail=0  0.0GB total (0min elapsed, ~n/a remaining)
  [486/3225] ok=0 cached=486 fail=0  0.0GB total (0min elapsed, ~n/a remaining)
  [487/3225] ok=0 cached=487 fail=0  0.0GB total (0min elapsed, ~n/a remaining)
  [488/3225] ok=0 cached=488 fail=0  0.0GB total (0min elapsed, ~n/a remaining)
  [489/3225] ok=0 cached=489 fail=0  0.0GB total (0min elapsed, ~n/a remaining)
  [490/3225] ok=0 cached=490 fail=0  0.0GB total (0min elapsed, ~n/a remaining)
  [491/3225] ok=0 cached=491 fail=0  0.0GB total (0min elapsed, ~n/a remaining)
  [492/3225] ok=0 cached=492 fail=0  0.0GB total (0min elapsed, ~n/a remaining)
  [493/3225] ok=0 cached=493 fail=0  0.0GB total (0min elapsed, ~n/a remaining)
  [494/3225] ok=0 cached=494 fail=0  0.0GB total (0min elapsed, ~n/a remaining)
  [495/3225] ok=0 cached=495 fail=0  0.0GB total (0min elapsed, ~n/a remaining)
  [496/3225] ok=0 cached=496 fail=0  0.0GB total (0min elapsed, ~n/a remaining)
  [497/3225] ok=0 cached=497 fail=0  0.0GB total (0min elapsed, ~n/a remaining)
  [498/3225] ok=0 cached=498 fail=0  0.0GB total (0min elapsed, ~n/a remaining)
  [499/3225] ok=0 cached=499 fail=0  0.0GB total (0min elapsed, ~n/a remaining)
  [500/3225] ok=0 cached=500 fail=0  0.0GB total (0min elapsed, ~n/a remaining)
  [501/3225] ok=0 cached=501 fail=0  0.0GB total (0min elapsed, ~n/a remaining)
  [502/3225] ok=0 cached=502 fail=0  0.0GB total (0min elapsed, ~n/a remaining)
  [503/3225] ok=0 cached=503 fail=0  0.0GB total (0min elapsed, ~n/a remaining)
  [504/3225] ok=0 cached=504 fail=0  0.0GB total (0min elapsed, ~n/a remaining)
  [505/3225] ok=0 cached=505 fail=0  0.0GB total (0min elapsed, ~n/a remaining)
  [506/3225] ok=0 cached=506 fail=0  0.0GB total (0min elapsed, ~n/a remaining)
  [507/3225] ok=0 cached=507 fail=0  0.0GB total (0min elapsed, ~n/a remaining)
  [508/3225] ok=0 cached=508 fail=0  0.0GB total (0min elapsed, ~n/a remaining)
  [509/3225] ok=0 cached=509 fail=0  0.0GB total (0min elapsed, ~n/a remaining)
  [510/3225] ok=0 cached=510 fail=0  0.0GB total (0min elapsed, ~n/a remaining)
  [511/3225] ok=0 cached=511 fail=0  0.0GB total (0min elapsed, ~n/a remaining)
  [512/3225] ok=0 cached=512 fail=0  0.0GB total (0min elapsed, ~n/a remaining)
  [513/3225] ok=0 cached=513 fail=0  0.0GB total (0min elapsed, ~n/a remaining)
  [514/3225] ok=0 cached=514 fail=0  0.0GB total (0min elapsed, ~n/a remaining)
  [515/3225] ok=0 cached=515 fail=0  0.0GB total (0min elapsed, ~n/a remaining)
  [516/3225] ok=0 cached=516 fail=0  0.0GB total (0min elapsed, ~n/a remaining)
  [517/3225] ok=0 cached=517 fail=0  0.0GB total (0min elapsed, ~n/a remaining)
  [518/3225] ok=0 cached=518 fail=0  0.0GB total (0min elapsed, ~n/a remaining)
  [519/3225] ok=0 cached=519 fail=0  0.0GB total (0min elapsed, ~n/a remaining)
  [520/3225] ok=0 cached=520 fail=0  0.0GB total (0min elapsed, ~n/a remaining)
  [521/3225] ok=0 cached=521 fail=0  0.0GB total (0min elapsed, ~n/a remaining)
  [522/3225] ok=0 cached=522 fail=0  0.0GB total (0min elapsed, ~n/a remaining)
  [523/3225] ok=0 cached=523 fail=0  0.0GB total (0min elapsed, ~n/a remaining)
  [524/3225] ok=0 cached=524 fail=0  0.0GB total (0min elapsed, ~n/a remaining)
  [525/3225] ok=0 cached=525 fail=0  0.0GB total (0min elapsed, ~n/a remaining)
  [526/3225] ok=0 cached=526 fail=0  0.0GB total (0min elapsed, ~n/a remaining)
  [527/3225] ok=0 cached=527 fail=0  0.0GB total (0min elapsed, ~n/a remaining)
  [528/3225] ok=0 cached=528 fail=0  0.0GB total (0min elapsed, ~n/a remaining)
  [529/3225] ok=0 cached=529 fail=0  0.0GB total (0min elapsed, ~n/a remaining)
  [530/3225] ok=0 cached=530 fail=0  0.0GB total (0min elapsed, ~n/a remaining)
  [531/3225] ok=0 cached=531 fail=0  0.0GB total (0min elapsed, ~n/a remaining)
  [532/3225] ok=0 cached=532 fail=0  0.0GB total (0min elapsed, ~n/a remaining)
  [533/3225] ok=0 cached=533 fail=0  0.0GB total (0min elapsed, ~n/a remaining)
  [534/3225] ok=0 cached=534 fail=0  0.0GB total (0min elapsed, ~n/a remaining)
  [535/3225] ok=0 cached=535 fail=0  0.0GB total (0min elapsed, ~n/a remaining)
  [536/3225] ok=0 cached=536 fail=0  0.0GB total (0min elapsed, ~n/a remaining)
  [537/3225] ok=0 cached=537 fail=0  0.0GB total (0min elapsed, ~n/a remaining)
  [538/3225] ok=0 cached=538 fail=0  0.0GB total (0min elapsed, ~n/a remaining)
  [539/3225] ok=0 cached=539 fail=0  0.0GB total (0min elapsed, ~n/a remaining)
  [540/3225] ok=0 cached=540 fail=0  0.0GB total (0min elapsed, ~n/a remaining)
  [541/3225] ok=0 cached=541 fail=0  0.0GB total (0min elapsed, ~n/a remaining)
  [542/3225] ok=0 cached=542 fail=0  0.0GB total (0min elapsed, ~n/a remaining)
  [543/3225] ok=0 cached=543 fail=0  0.0GB total (0min elapsed, ~n/a remaining)
  [544/3225] ok=0 cached=544 fail=0  0.0GB total (0min elapsed, ~n/a remaining)
  [545/3225] ok=0 cached=545 fail=0  0.0GB total (0min elapsed, ~n/a remaining)
  [546/3225] ok=0 cached=546 fail=0  0.0GB total (0min elapsed, ~n/a remaining)
  [547/3225] ok=0 cached=547 fail=0  0.0GB total (0min elapsed, ~n/a remaining)
  [548/3225] ok=0 cached=548 fail=0  0.0GB total (0min elapsed, ~n/a remaining)
  [549/3225] ok=0 cached=549 fail=0  0.0GB total (0min elapsed, ~n/a remaining)
  [550/3225] ok=0 cached=550 fail=0  0.0GB total (0min elapsed, ~n/a remaining)
  [551/3225] ok=0 cached=551 fail=0  0.0GB total (0min elapsed, ~n/a remaining)
  [552/3225] ok=0 cached=552 fail=0  0.0GB total (0min elapsed, ~n/a remaining)
  [553/3225] ok=0 cached=553 fail=0  0.0GB total (0min elapsed, ~n/a remaining)
  [554/3225] ok=0 cached=554 fail=0  0.0GB total (0min elapsed, ~n/a remaining)
  [555/3225] ok=0 cached=555 fail=0  0.0GB total (0min elapsed, ~n/a remaining)
  [556/3225] ok=0 cached=556 fail=0  0.0GB total (0min elapsed, ~n/a remaining)
  [557/3225] ok=0 cached=557 fail=0  0.0GB total (0min elapsed, ~n/a remaining)
  [558/3225] ok=0 cached=558 fail=0  0.0GB total (0min elapsed, ~n/a remaining)
  [559/3225] ok=0 cached=559 fail=0  0.0GB total (0min elapsed, ~n/a remaining)
  [560/3225] ok=0 cached=560 fail=0  0.0GB total (0min elapsed, ~n/a remaining)
  [561/3225] ok=0 cached=561 fail=0  0.0GB total (0min elapsed, ~n/a remaining)
  [562/3225] ok=0 cached=562 fail=0  0.0GB total (0min elapsed, ~n/a remaining)
  [563/3225] ok=0 cached=563 fail=0  0.0GB total (0min elapsed, ~n/a remaining)
  [564/3225] ok=0 cached=564 fail=0  0.0GB total (0min elapsed, ~n/a remaining)
  [565/3225] ok=0 cached=565 fail=0  0.0GB total (0min elapsed, ~n/a remaining)
  [566/3225] ok=0 cached=566 fail=0  0.0GB total (0min elapsed, ~n/a remaining)
  [567/3225] ok=0 cached=567 fail=0  0.0GB total (0min elapsed, ~n/a remaining)
  [568/3225] ok=0 cached=568 fail=0  0.0GB total (0min elapsed, ~n/a remaining)
  [569/3225] ok=0 cached=569 fail=0  0.0GB total (0min elapsed, ~n/a remaining)
  [570/3225] ok=0 cached=570 fail=0  0.0GB total (0min elapsed, ~n/a remaining)
  [571/3225] ok=0 cached=571 fail=0  0.0GB total (0min elapsed, ~n/a remaining)
  [572/3225] ok=0 cached=572 fail=0  0.0GB total (0min elapsed, ~n/a remaining)
  [573/3225] ok=0 cached=573 fail=0  0.0GB total (0min elapsed, ~n/a remaining)
  [574/3225] ok=0 cached=574 fail=0  0.0GB total (0min elapsed, ~n/a remaining)
  [575/3225] ok=0 cached=575 fail=0  0.0GB total (0min elapsed, ~n/a remaining)
  [576/3225] ok=0 cached=576 fail=0  0.0GB total (0min elapsed, ~n/a remaining)
  [577/3225] ok=0 cached=577 fail=0  0.0GB total (0min elapsed, ~n/a remaining)
  [578/3225] ok=0 cached=578 fail=0  0.0GB total (0min elapsed, ~n/a remaining)
  [579/3225] ok=0 cached=579 fail=0  0.0GB total (0min elapsed, ~n/a remaining)
  [580/3225] ok=0 cached=580 fail=0  0.0GB total (0min elapsed, ~n/a remaining)
  [581/3225] ok=0 cached=581 fail=0  0.0GB total (0min elapsed, ~n/a remaining)
  [582/3225] ok=0 cached=582 fail=0  0.0GB total (0min elapsed, ~n/a remaining)
  [583/3225] ok=0 cached=583 fail=0  0.0GB total (0min elapsed, ~n/a remaining)
  [584/3225] ok=0 cached=584 fail=0  0.0GB total (0min elapsed, ~n/a remaining)
  [585/3225] ok=0 cached=585 fail=0  0.0GB total (0min elapsed, ~n/a remaining)
  [586/3225] ok=0 cached=586 fail=0  0.0GB total (0min elapsed, ~n/a remaining)
  [587/3225] ok=0 cached=587 fail=0  0.0GB total (0min elapsed, ~n/a remaining)
  [588/3225] ok=0 cached=588 fail=0  0.0GB total (0min elapsed, ~n/a remaining)
  [589/3225] ok=0 cached=589 fail=0  0.0GB total (0min elapsed, ~n/a remaining)
  [590/3225] ok=0 cached=590 fail=0  0.0GB total (0min elapsed, ~n/a remaining)
  [591/3225] ok=0 cached=591 fail=0  0.0GB total (0min elapsed, ~n/a remaining)
  [592/3225] ok=0 cached=592 fail=0  0.0GB total (0min elapsed, ~n/a remaining)
  [593/3225] ok=0 cached=593 fail=0  0.0GB total (0min elapsed, ~n/a remaining)
  [594/3225] ok=0 cached=594 fail=0  0.0GB total (0min elapsed, ~n/a remaining)
  [595/3225] ok=0 cached=595 fail=0  0.0GB total (0min elapsed, ~n/a remaining)
  [596/3225] ok=0 cached=596 fail=0  0.0GB total (0min elapsed, ~n/a remaining)
  [597/3225] ok=0 cached=597 fail=0  0.0GB total (0min elapsed, ~n/a remaining)
  [598/3225] ok=0 cached=598 fail=0  0.0GB total (0min elapsed, ~n/a remaining)
  [599/3225] ok=0 cached=599 fail=0  0.0GB total (0min elapsed, ~n/a remaining)
  [600/3225] ok=0 cached=600 fail=0  0.0GB total (0min elapsed, ~n/a remaining)
  [601/3225] ok=0 cached=601 fail=0  0.0GB total (0min elapsed, ~n/a remaining)
  [602/3225] ok=0 cached=602 fail=0  0.0GB total (0min elapsed, ~n/a remaining)
  [603/3225] ok=0 cached=603 fail=0  0.0GB total (0min elapsed, ~n/a remaining)
  [604/3225] ok=0 cached=604 fail=0  0.0GB total (0min elapsed, ~n/a remaining)
  [605/3225] ok=0 cached=605 fail=0  0.0GB total (0min elapsed, ~n/a remaining)
  [606/3225] ok=0 cached=606 fail=0  0.0GB total (0min elapsed, ~n/a remaining)
  [607/3225] ok=0 cached=607 fail=0  0.0GB total (0min elapsed, ~n/a remaining)
  [608/3225] ok=0 cached=608 fail=0  0.0GB total (0min elapsed, ~n/a remaining)
  [609/3225] ok=0 cached=609 fail=0  0.0GB total (0min elapsed, ~n/a remaining)
  [610/3225] ok=0 cached=610 fail=0  0.0GB total (0min elapsed, ~n/a remaining)
  [611/3225] ok=0 cached=611 fail=0  0.0GB total (0min elapsed, ~n/a remaining)
  [612/3225] ok=0 cached=612 fail=0  0.0GB total (0min elapsed, ~n/a remaining)
  [613/3225] ok=0 cached=613 fail=0  0.0GB total (0min elapsed, ~n/a remaining)
  [614/3225] ok=0 cached=614 fail=0  0.0GB total (0min elapsed, ~n/a remaining)
  [615/3225] ok=0 cached=615 fail=0  0.0GB total (0min elapsed, ~n/a remaining)
  [616/3225] ok=0 cached=616 fail=0  0.0GB total (0min elapsed, ~n/a remaining)
  [617/3225] ok=0 cached=617 fail=0  0.0GB total (0min elapsed, ~n/a remaining)
  [618/3225] ok=0 cached=618 fail=0  0.0GB total (0min elapsed, ~n/a remaining)
  [619/3225] ok=0 cached=619 fail=0  0.0GB total (0min elapsed, ~n/a remaining)
  [620/3225] ok=0 cached=620 fail=0  0.0GB total (0min elapsed, ~n/a remaining)
  [621/3225] ok=0 cached=621 fail=0  0.0GB total (0min elapsed, ~n/a remaining)
  [622/3225] ok=0 cached=622 fail=0  0.0GB total (0min elapsed, ~n/a remaining)
  [623/3225] ok=0 cached=623 fail=0  0.0GB total (0min elapsed, ~n/a remaining)
  [624/3225] ok=0 cached=624 fail=0  0.0GB total (0min elapsed, ~n/a remaining)
  [625/3225] ok=0 cached=625 fail=0  0.0GB total (0min elapsed, ~n/a remaining)
  [626/3225] ok=0 cached=626 fail=0  0.0GB total (0min elapsed, ~n/a remaining)
  [627/3225] ok=0 cached=627 fail=0  0.0GB total (0min elapsed, ~n/a remaining)
  [628/3225] ok=0 cached=628 fail=0  0.0GB total (0min elapsed, ~n/a remaining)
  [629/3225] ok=0 cached=629 fail=0  0.0GB total (0min elapsed, ~n/a remaining)
  [630/3225] ok=0 cached=630 fail=0  0.0GB total (0min elapsed, ~n/a remaining)
  [631/3225] ok=0 cached=631 fail=0  0.0GB total (0min elapsed, ~n/a remaining)
  [632/3225] ok=0 cached=632 fail=0  0.0GB total (0min elapsed, ~n/a remaining)
  [633/3225] ok=0 cached=633 fail=0  0.0GB total (0min elapsed, ~n/a remaining)
  [634/3225] ok=0 cached=634 fail=0  0.0GB total (0min elapsed, ~n/a remaining)
  [635/3225] ok=0 cached=635 fail=0  0.0GB total (0min elapsed, ~n/a remaining)
  [636/3225] ok=0 cached=636 fail=0  0.0GB total (0min elapsed, ~n/a remaining)
  [637/3225] ok=0 cached=637 fail=0  0.0GB total (0min elapsed, ~n/a remaining)
  [638/3225] ok=0 cached=638 fail=0  0.0GB total (0min elapsed, ~n/a remaining)
  [639/3225] ok=0 cached=639 fail=0  0.0GB total (0min elapsed, ~n/a remaining)
  [640/3225] ok=0 cached=640 fail=0  0.0GB total (0min elapsed, ~n/a remaining)
  [641/3225] ok=0 cached=641 fail=0  0.0GB total (0min elapsed, ~n/a remaining)
  [642/3225] ok=0 cached=642 fail=0  0.0GB total (0min elapsed, ~n/a remaining)
  [643/3225] ok=0 cached=643 fail=0  0.0GB total (0min elapsed, ~n/a remaining)
  [644/3225] ok=0 cached=644 fail=0  0.0GB total (0min elapsed, ~n/a remaining)
  [645/3225] ok=0 cached=645 fail=0  0.0GB total (0min elapsed, ~n/a remaining)
  [646/3225] ok=0 cached=646 fail=0  0.0GB total (0min elapsed, ~n/a remaining)
  [647/3225] ok=0 cached=647 fail=0  0.0GB total (0min elapsed, ~n/a remaining)
  [648/3225] ok=0 cached=648 fail=0  0.0GB total (0min elapsed, ~n/a remaining)
  [649/3225] ok=0 cached=649 fail=0  0.0GB total (0min elapsed, ~n/a remaining)
  [650/3225] ok=0 cached=650 fail=0  0.0GB total (0min elapsed, ~n/a remaining)
  [651/3225] ok=0 cached=651 fail=0  0.0GB total (0min elapsed, ~n/a remaining)
  [652/3225] ok=0 cached=652 fail=0  0.0GB total (0min elapsed, ~n/a remaining)
  [653/3225] ok=0 cached=653 fail=0  0.0GB total (0min elapsed, ~n/a remaining)
  [654/3225] ok=0 cached=654 fail=0  0.0GB total (0min elapsed, ~n/a remaining)
  [655/3225] ok=0 cached=655 fail=0  0.0GB total (0min elapsed, ~n/a remaining)
  [656/3225] ok=0 cached=656 fail=0  0.0GB total (0min elapsed, ~n/a remaining)
  [657/3225] ok=0 cached=657 fail=0  0.0GB total (0min elapsed, ~n/a remaining)
  [658/3225] ok=0 cached=658 fail=0  0.0GB total (0min elapsed, ~n/a remaining)
  [659/3225] ok=0 cached=659 fail=0  0.0GB total (0min elapsed, ~n/a remaining)
  [660/3225] ok=0 cached=660 fail=0  0.0GB total (0min elapsed, ~n/a remaining)
  [661/3225] ok=0 cached=661 fail=0  0.0GB total (0min elapsed, ~n/a remaining)
  [662/3225] ok=0 cached=662 fail=0  0.0GB total (0min elapsed, ~n/a remaining)
  [663/3225] ok=0 cached=663 fail=0  0.0GB total (0min elapsed, ~n/a remaining)
  [664/3225] ok=0 cached=664 fail=0  0.0GB total (0min elapsed, ~n/a remaining)
  [665/3225] ok=0 cached=665 fail=0  0.0GB total (0min elapsed, ~n/a remaining)
  [666/3225] ok=0 cached=666 fail=0  0.0GB total (0min elapsed, ~n/a remaining)
  [667/3225] ok=0 cached=667 fail=0  0.0GB total (0min elapsed, ~n/a remaining)
  [668/3225] ok=0 cached=668 fail=0  0.0GB total (0min elapsed, ~n/a remaining)
  [669/3225] ok=0 cached=669 fail=0  0.0GB total (0min elapsed, ~n/a remaining)
  [670/3225] ok=0 cached=670 fail=0  0.0GB total (0min elapsed, ~n/a remaining)
  [671/3225] ok=0 cached=671 fail=0  0.0GB total (0min elapsed, ~n/a remaining)
  [672/3225] ok=0 cached=672 fail=0  0.0GB total (0min elapsed, ~n/a remaining)
  [673/3225] ok=0 cached=673 fail=0  0.0GB total (0min elapsed, ~n/a remaining)
  [674/3225] ok=0 cached=674 fail=0  0.0GB total (0min elapsed, ~n/a remaining)
  [675/3225] ok=0 cached=675 fail=0  0.0GB total (0min elapsed, ~n/a remaining)
  [676/3225] ok=0 cached=676 fail=0  0.0GB total (0min elapsed, ~n/a remaining)
  [677/3225] ok=0 cached=677 fail=0  0.0GB total (0min elapsed, ~n/a remaining)
  [678/3225] ok=0 cached=678 fail=0  0.0GB total (0min elapsed, ~n/a remaining)
  [679/3225] ok=0 cached=679 fail=0  0.0GB total (0min elapsed, ~n/a remaining)
  [680/3225] ok=0 cached=680 fail=0  0.0GB total (0min elapsed, ~n/a remaining)
  [681/3225] ok=0 cached=681 fail=0  0.0GB total (0min elapsed, ~n/a remaining)
  [682/3225] ok=0 cached=682 fail=0  0.0GB total (0min elapsed, ~n/a remaining)
  [683/3225] ok=0 cached=683 fail=0  0.0GB total (0min elapsed, ~n/a remaining)
  [684/3225] ok=0 cached=684 fail=0  0.0GB total (0min elapsed, ~n/a remaining)
  [685/3225] ok=0 cached=685 fail=0  0.0GB total (0min elapsed, ~n/a remaining)
  [686/3225] ok=0 cached=686 fail=0  0.0GB total (0min elapsed, ~n/a remaining)
  [687/3225] ok=0 cached=687 fail=0  0.0GB total (0min elapsed, ~n/a remaining)
  [688/3225] ok=0 cached=688 fail=0  0.0GB total (0min elapsed, ~n/a remaining)
  [689/3225] ok=0 cached=689 fail=0  0.0GB total (0min elapsed, ~n/a remaining)
  [690/3225] ok=0 cached=690 fail=0  0.0GB total (0min elapsed, ~n/a remaining)
  [691/3225] ok=0 cached=691 fail=0  0.0GB total (0min elapsed, ~n/a remaining)
  [692/3225] ok=0 cached=692 fail=0  0.0GB total (0min elapsed, ~n/a remaining)
  [693/3225] ok=0 cached=693 fail=0  0.0GB total (0min elapsed, ~n/a remaining)
  [694/3225] ok=0 cached=694 fail=0  0.0GB total (0min elapsed, ~n/a remaining)
  [695/3225] ok=0 cached=695 fail=0  0.0GB total (0min elapsed, ~n/a remaining)
  [696/3225] ok=0 cached=696 fail=0  0.0GB total (0min elapsed, ~n/a remaining)
  [697/3225] ok=0 cached=697 fail=0  0.0GB total (0min elapsed, ~n/a remaining)
  [698/3225] ok=0 cached=698 fail=0  0.0GB total (0min elapsed, ~n/a remaining)
  [699/3225] ok=0 cached=699 fail=0  0.0GB total (0min elapsed, ~n/a remaining)
  [700/3225] ok=0 cached=700 fail=0  0.0GB total (0min elapsed, ~n/a remaining)
  [701/3225] ok=0 cached=701 fail=0  0.0GB total (0min elapsed, ~n/a remaining)
  [702/3225] ok=0 cached=702 fail=0  0.0GB total (0min elapsed, ~n/a remaining)
  [703/3225] ok=0 cached=703 fail=0  0.0GB total (0min elapsed, ~n/a remaining)
  [704/3225] ok=0 cached=704 fail=0  0.0GB total (0min elapsed, ~n/a remaining)
  [705/3225] ok=0 cached=705 fail=0  0.0GB total (0min elapsed, ~n/a remaining)
  [706/3225] ok=0 cached=706 fail=0  0.0GB total (0min elapsed, ~n/a remaining)
  [707/3225] ok=0 cached=707 fail=0  0.0GB total (0min elapsed, ~n/a remaining)
  [708/3225] ok=0 cached=708 fail=0  0.0GB total (0min elapsed, ~n/a remaining)
  [709/3225] ok=0 cached=709 fail=0  0.0GB total (0min elapsed, ~n/a remaining)
  [710/3225] ok=0 cached=710 fail=0  0.0GB total (0min elapsed, ~n/a remaining)
  [711/3225] ok=0 cached=711 fail=0  0.0GB total (0min elapsed, ~n/a remaining)
  [712/3225] ok=0 cached=712 fail=0  0.0GB total (0min elapsed, ~n/a remaining)
  [713/3225] ok=0 cached=713 fail=0  0.0GB total (0min elapsed, ~n/a remaining)
  [714/3225] ok=0 cached=714 fail=0  0.0GB total (0min elapsed, ~n/a remaining)
  [715/3225] ok=0 cached=715 fail=0  0.0GB total (0min elapsed, ~n/a remaining)
  [716/3225] ok=0 cached=716 fail=0  0.0GB total (0min elapsed, ~n/a remaining)
  [717/3225] ok=0 cached=717 fail=0  0.0GB total (0min elapsed, ~n/a remaining)
  [718/3225] ok=0 cached=718 fail=0  0.0GB total (0min elapsed, ~n/a remaining)
  [719/3225] ok=0 cached=719 fail=0  0.0GB total (0min elapsed, ~n/a remaining)
  [720/3225] ok=0 cached=720 fail=0  0.0GB total (0min elapsed, ~n/a remaining)
  [721/3225] ok=0 cached=721 fail=0  0.0GB total (0min elapsed, ~n/a remaining)
  [722/3225] ok=0 cached=722 fail=0  0.0GB total (0min elapsed, ~n/a remaining)
  [723/3225] ok=0 cached=723 fail=0  0.0GB total (0min elapsed, ~n/a remaining)
  [724/3225] ok=0 cached=724 fail=0  0.0GB total (0min elapsed, ~n/a remaining)
  [725/3225] ok=0 cached=725 fail=0  0.0GB total (0min elapsed, ~n/a remaining)
  [726/3225] ok=0 cached=726 fail=0  0.0GB total (0min elapsed, ~n/a remaining)
  [727/3225] ok=0 cached=727 fail=0  0.0GB total (0min elapsed, ~n/a remaining)
  [728/3225] ok=0 cached=728 fail=0  0.0GB total (0min elapsed, ~n/a remaining)
  [729/3225] ok=0 cached=729 fail=0  0.0GB total (0min elapsed, ~n/a remaining)
  [730/3225] ok=0 cached=730 fail=0  0.0GB total (0min elapsed, ~n/a remaining)
  [731/3225] ok=0 cached=731 fail=0  0.0GB total (0min elapsed, ~n/a remaining)
  [732/3225] ok=0 cached=732 fail=0  0.0GB total (0min elapsed, ~n/a remaining)
  [733/3225] ok=0 cached=733 fail=0  0.0GB total (0min elapsed, ~n/a remaining)
  [734/3225] ok=0 cached=734 fail=0  0.0GB total (0min elapsed, ~n/a remaining)
  [735/3225] ok=0 cached=735 fail=0  0.0GB total (0min elapsed, ~n/a remaining)
  [736/3225] ok=0 cached=736 fail=0  0.0GB total (0min elapsed, ~n/a remaining)
  [737/3225] ok=0 cached=737 fail=0  0.0GB total (0min elapsed, ~n/a remaining)
  [738/3225] ok=0 cached=738 fail=0  0.0GB total (0min elapsed, ~n/a remaining)
  [739/3225] ok=0 cached=739 fail=0  0.0GB total (0min elapsed, ~n/a remaining)
  [740/3225] ok=0 cached=740 fail=0  0.0GB total (0min elapsed, ~n/a remaining)
  [741/3225] ok=0 cached=741 fail=0  0.0GB total (0min elapsed, ~n/a remaining)
  [742/3225] ok=0 cached=742 fail=0  0.0GB total (0min elapsed, ~n/a remaining)
  [743/3225] ok=0 cached=743 fail=0  0.0GB total (0min elapsed, ~n/a remaining)
  [744/3225] ok=0 cached=744 fail=0  0.0GB total (0min elapsed, ~n/a remaining)
  [745/3225] ok=0 cached=745 fail=0  0.0GB total (0min elapsed, ~n/a remaining)
  [746/3225] ok=0 cached=746 fail=0  0.0GB total (0min elapsed, ~n/a remaining)
  [747/3225] ok=0 cached=747 fail=0  0.0GB total (0min elapsed, ~n/a remaining)
  [748/3225] ok=0 cached=748 fail=0  0.0GB total (0min elapsed, ~n/a remaining)
  [749/3225] ok=0 cached=749 fail=0  0.0GB total (0min elapsed, ~n/a remaining)
  [750/3225] ok=0 cached=750 fail=0  0.0GB total (0min elapsed, ~n/a remaining)
  [751/3225] ok=0 cached=751 fail=0  0.0GB total (0min elapsed, ~n/a remaining)
  [752/3225] ok=0 cached=752 fail=0  0.0GB total (0min elapsed, ~n/a remaining)
  [753/3225] ok=0 cached=753 fail=0  0.0GB total (0min elapsed, ~n/a remaining)
  [754/3225] ok=0 cached=754 fail=0  0.0GB total (0min elapsed, ~n/a remaining)
  [755/3225] ok=0 cached=755 fail=0  0.0GB total (0min elapsed, ~n/a remaining)
  [756/3225] ok=0 cached=756 fail=0  0.0GB total (0min elapsed, ~n/a remaining)
  [757/3225] ok=0 cached=757 fail=0  0.0GB total (0min elapsed, ~n/a remaining)
  [758/3225] ok=0 cached=758 fail=0  0.0GB total (0min elapsed, ~n/a remaining)
  [759/3225] ok=0 cached=759 fail=0  0.0GB total (0min elapsed, ~n/a remaining)
  [760/3225] ok=0 cached=760 fail=0  0.0GB total (0min elapsed, ~n/a remaining)
  [761/3225] ok=0 cached=761 fail=0  0.0GB total (0min elapsed, ~n/a remaining)
  [762/3225] ok=0 cached=762 fail=0  0.0GB total (0min elapsed, ~n/a remaining)
  [763/3225] ok=0 cached=763 fail=0  0.0GB total (0min elapsed, ~n/a remaining)
  [764/3225] ok=0 cached=764 fail=0  0.0GB total (0min elapsed, ~n/a remaining)
  [765/3225] ok=0 cached=765 fail=0  0.0GB total (0min elapsed, ~n/a remaining)
  [766/3225] ok=0 cached=766 fail=0  0.0GB total (0min elapsed, ~n/a remaining)
  [767/3225] ok=0 cached=767 fail=0  0.0GB total (0min elapsed, ~n/a remaining)
  [768/3225] ok=0 cached=768 fail=0  0.0GB total (0min elapsed, ~n/a remaining)
  [769/3225] ok=0 cached=769 fail=0  0.0GB total (0min elapsed, ~n/a remaining)
  [770/3225] ok=0 cached=770 fail=0  0.0GB total (0min elapsed, ~n/a remaining)
  [771/3225] ok=0 cached=771 fail=0  0.0GB total (0min elapsed, ~n/a remaining)
  [772/3225] ok=0 cached=772 fail=0  0.0GB total (0min elapsed, ~n/a remaining)
  [773/3225] ok=0 cached=773 fail=0  0.0GB total (0min elapsed, ~n/a remaining)
  [774/3225] ok=0 cached=774 fail=0  0.0GB total (0min elapsed, ~n/a remaining)
  [775/3225] ok=0 cached=775 fail=0  0.0GB total (0min elapsed, ~n/a remaining)
  [776/3225] ok=0 cached=776 fail=0  0.0GB total (0min elapsed, ~n/a remaining)
  [777/3225] ok=0 cached=777 fail=0  0.0GB total (0min elapsed, ~n/a remaining)
  [778/3225] ok=0 cached=778 fail=0  0.0GB total (0min elapsed, ~n/a remaining)
  [779/3225] ok=0 cached=779 fail=0  0.0GB total (0min elapsed, ~n/a remaining)
  [780/3225] ok=0 cached=780 fail=0  0.0GB total (0min elapsed, ~n/a remaining)
  [781/3225] ok=0 cached=781 fail=0  0.0GB total (0min elapsed, ~n/a remaining)
  [782/3225] ok=0 cached=782 fail=0  0.0GB total (0min elapsed, ~n/a remaining)
  [783/3225] ok=0 cached=783 fail=0  0.0GB total (0min elapsed, ~n/a remaining)
  [784/3225] ok=0 cached=784 fail=0  0.0GB total (0min elapsed, ~n/a remaining)
  [785/3225] ok=0 cached=785 fail=0  0.0GB total (0min elapsed, ~n/a remaining)
  [786/3225] ok=0 cached=786 fail=0  0.0GB total (0min elapsed, ~n/a remaining)
  [787/3225] ok=0 cached=787 fail=0  0.0GB total (0min elapsed, ~n/a remaining)
  [788/3225] ok=0 cached=788 fail=0  0.0GB total (0min elapsed, ~n/a remaining)
  [789/3225] ok=0 cached=789 fail=0  0.0GB total (0min elapsed, ~n/a remaining)
  [790/3225] ok=0 cached=790 fail=0  0.0GB total (0min elapsed, ~n/a remaining)
  [791/3225] ok=0 cached=791 fail=0  0.0GB total (0min elapsed, ~n/a remaining)
  [792/3225] ok=0 cached=792 fail=0  0.0GB total (0min elapsed, ~n/a remaining)
  [793/3225] ok=0 cached=793 fail=0  0.0GB total (0min elapsed, ~n/a remaining)
  [794/3225] ok=0 cached=794 fail=0  0.0GB total (0min elapsed, ~n/a remaining)
  [795/3225] ok=0 cached=795 fail=0  0.0GB total (0min elapsed, ~n/a remaining)
  [796/3225] ok=0 cached=796 fail=0  0.0GB total (0min elapsed, ~n/a remaining)
  [797/3225] ok=0 cached=797 fail=0  0.0GB total (0min elapsed, ~n/a remaining)
  [798/3225] ok=0 cached=798 fail=0  0.0GB total (0min elapsed, ~n/a remaining)
  [799/3225] ok=0 cached=799 fail=0  0.0GB total (0min elapsed, ~n/a remaining)
  [800/3225] ok=0 cached=800 fail=0  0.0GB total (0min elapsed, ~n/a remaining)
  [801/3225] ok=0 cached=801 fail=0  0.0GB total (0min elapsed, ~n/a remaining)
  [802/3225] ok=0 cached=802 fail=0  0.0GB total (0min elapsed, ~n/a remaining)
  [803/3225] ok=0 cached=803 fail=0  0.0GB total (0min elapsed, ~n/a remaining)
  [804/3225] ok=0 cached=804 fail=0  0.0GB total (0min elapsed, ~n/a remaining)
  [805/3225] ok=0 cached=805 fail=0  0.0GB total (0min elapsed, ~n/a remaining)
  [806/3225] ok=0 cached=806 fail=0  0.0GB total (0min elapsed, ~n/a remaining)
  [807/3225] ok=0 cached=807 fail=0  0.0GB total (0min elapsed, ~n/a remaining)
  [808/3225] ok=0 cached=808 fail=0  0.0GB total (0min elapsed, ~n/a remaining)
  [809/3225] ok=0 cached=809 fail=0  0.0GB total (0min elapsed, ~n/a remaining)
  [810/3225] ok=0 cached=810 fail=0  0.0GB total (0min elapsed, ~n/a remaining)
  [811/3225] ok=0 cached=811 fail=0  0.0GB total (0min elapsed, ~n/a remaining)
  [812/3225] ok=0 cached=812 fail=0  0.0GB total (0min elapsed, ~n/a remaining)
  [813/3225] ok=0 cached=813 fail=0  0.0GB total (0min elapsed, ~n/a remaining)
  [814/3225] ok=0 cached=814 fail=0  0.0GB total (0min elapsed, ~n/a remaining)
  [815/3225] ok=0 cached=815 fail=0  0.0GB total (0min elapsed, ~n/a remaining)
  [816/3225] ok=0 cached=816 fail=0  0.0GB total (0min elapsed, ~n/a remaining)
  [817/3225] ok=0 cached=817 fail=0  0.0GB total (0min elapsed, ~n/a remaining)
  [818/3225] ok=0 cached=818 fail=0  0.0GB total (0min elapsed, ~n/a remaining)
  [819/3225] ok=0 cached=819 fail=0  0.0GB total (0min elapsed, ~n/a remaining)
  [820/3225] ok=0 cached=820 fail=0  0.0GB total (0min elapsed, ~n/a remaining)
  [821/3225] ok=0 cached=821 fail=0  0.0GB total (0min elapsed, ~n/a remaining)
  [822/3225] ok=0 cached=822 fail=0  0.0GB total (0min elapsed, ~n/a remaining)
  [823/3225] ok=0 cached=823 fail=0  0.0GB total (0min elapsed, ~n/a remaining)
  [824/3225] ok=0 cached=824 fail=0  0.0GB total (0min elapsed, ~n/a remaining)
  [825/3225] ok=0 cached=825 fail=0  0.0GB total (0min elapsed, ~n/a remaining)
  [826/3225] ok=0 cached=826 fail=0  0.0GB total (0min elapsed, ~n/a remaining)
  [827/3225] ok=0 cached=827 fail=0  0.0GB total (0min elapsed, ~n/a remaining)
  [828/3225] ok=0 cached=828 fail=0  0.0GB total (0min elapsed, ~n/a remaining)
  [829/3225] ok=0 cached=829 fail=0  0.0GB total (0min elapsed, ~n/a remaining)
  [830/3225] ok=0 cached=830 fail=0  0.0GB total (0min elapsed, ~n/a remaining)
  [831/3225] ok=0 cached=831 fail=0  0.0GB total (0min elapsed, ~n/a remaining)
  [832/3225] ok=0 cached=832 fail=0  0.0GB total (0min elapsed, ~n/a remaining)
  [833/3225] ok=0 cached=833 fail=0  0.0GB total (0min elapsed, ~n/a remaining)
  [834/3225] ok=0 cached=834 fail=0  0.0GB total (0min elapsed, ~n/a remaining)
  [835/3225] ok=0 cached=835 fail=0  0.0GB total (0min elapsed, ~n/a remaining)
  [836/3225] ok=0 cached=836 fail=0  0.0GB total (0min elapsed, ~n/a remaining)
  [837/3225] ok=0 cached=837 fail=0  0.0GB total (0min elapsed, ~n/a remaining)
  [838/3225] ok=0 cached=838 fail=0  0.0GB total (0min elapsed, ~n/a remaining)
  [839/3225] ok=0 cached=839 fail=0  0.0GB total (0min elapsed, ~n/a remaining)
  [840/3225] ok=0 cached=840 fail=0  0.0GB total (0min elapsed, ~n/a remaining)
  [841/3225] ok=0 cached=841 fail=0  0.0GB total (0min elapsed, ~n/a remaining)
  [842/3225] ok=0 cached=842 fail=0  0.0GB total (0min elapsed, ~n/a remaining)
  [843/3225] ok=0 cached=843 fail=0  0.0GB total (0min elapsed, ~n/a remaining)
  [844/3225] ok=0 cached=844 fail=0  0.0GB total (0min elapsed, ~n/a remaining)
  [845/3225] ok=0 cached=845 fail=0  0.0GB total (0min elapsed, ~n/a remaining)
  [846/3225] ok=0 cached=846 fail=0  0.0GB total (0min elapsed, ~n/a remaining)
  [847/3225] ok=0 cached=847 fail=0  0.0GB total (0min elapsed, ~n/a remaining)
  [848/3225] ok=0 cached=848 fail=0  0.0GB total (0min elapsed, ~n/a remaining)
  [849/3225] ok=0 cached=849 fail=0  0.0GB total (0min elapsed, ~n/a remaining)
  [850/3225] ok=0 cached=850 fail=0  0.0GB total (0min elapsed, ~n/a remaining)
  [851/3225] ok=0 cached=851 fail=0  0.0GB total (0min elapsed, ~n/a remaining)
  [852/3225] ok=0 cached=852 fail=0  0.0GB total (0min elapsed, ~n/a remaining)
  [853/3225] ok=0 cached=853 fail=0  0.0GB total (0min elapsed, ~n/a remaining)
  [854/3225] ok=0 cached=854 fail=0  0.0GB total (0min elapsed, ~n/a remaining)
  [855/3225] ok=0 cached=855 fail=0  0.0GB total (0min elapsed, ~n/a remaining)
  [856/3225] ok=0 cached=856 fail=0  0.0GB total (0min elapsed, ~n/a remaining)
  [857/3225] ok=0 cached=857 fail=0  0.0GB total (0min elapsed, ~n/a remaining)
  [858/3225] ok=0 cached=858 fail=0  0.0GB total (0min elapsed, ~n/a remaining)
  [859/3225] ok=0 cached=859 fail=0  0.0GB total (0min elapsed, ~n/a remaining)
  [860/3225] ok=0 cached=860 fail=0  0.0GB total (0min elapsed, ~n/a remaining)
  [861/3225] ok=0 cached=861 fail=0  0.0GB total (0min elapsed, ~n/a remaining)
  [862/3225] ok=0 cached=862 fail=0  0.0GB total (0min elapsed, ~n/a remaining)
  [863/3225] ok=0 cached=863 fail=0  0.0GB total (0min elapsed, ~n/a remaining)
  [864/3225] ok=0 cached=864 fail=0  0.0GB total (0min elapsed, ~n/a remaining)
  [865/3225] ok=0 cached=865 fail=0  0.0GB total (0min elapsed, ~n/a remaining)
  [866/3225] ok=0 cached=866 fail=0  0.0GB total (0min elapsed, ~n/a remaining)
  [867/3225] ok=0 cached=867 fail=0  0.0GB total (0min elapsed, ~n/a remaining)
  [868/3225] ok=0 cached=868 fail=0  0.0GB total (0min elapsed, ~n/a remaining)
  [869/3225] ok=0 cached=869 fail=0  0.0GB total (0min elapsed, ~n/a remaining)
  [870/3225] ok=0 cached=870 fail=0  0.0GB total (0min elapsed, ~n/a remaining)
  [871/3225] ok=0 cached=871 fail=0  0.0GB total (0min elapsed, ~n/a remaining)
  [872/3225] ok=0 cached=872 fail=0  0.0GB total (0min elapsed, ~n/a remaining)
  [873/3225] ok=0 cached=873 fail=0  0.0GB total (0min elapsed, ~n/a remaining)
  [874/3225] ok=0 cached=874 fail=0  0.0GB total (0min elapsed, ~n/a remaining)
  [875/3225] ok=0 cached=875 fail=0  0.0GB total (0min elapsed, ~n/a remaining)
  [876/3225] ok=0 cached=876 fail=0  0.0GB total (0min elapsed, ~n/a remaining)
  [877/3225] ok=0 cached=877 fail=0  0.0GB total (0min elapsed, ~n/a remaining)
  [878/3225] ok=0 cached=878 fail=0  0.0GB total (0min elapsed, ~n/a remaining)
  [879/3225] ok=0 cached=879 fail=0  0.0GB total (0min elapsed, ~n/a remaining)
  [880/3225] ok=0 cached=880 fail=0  0.0GB total (0min elapsed, ~n/a remaining)
  [881/3225] ok=0 cached=881 fail=0  0.0GB total (0min elapsed, ~n/a remaining)
  [882/3225] ok=0 cached=882 fail=0  0.0GB total (0min elapsed, ~n/a remaining)
  [883/3225] ok=0 cached=883 fail=0  0.0GB total (0min elapsed, ~n/a remaining)
  [884/3225] ok=0 cached=884 fail=0  0.0GB total (0min elapsed, ~n/a remaining)
  [885/3225] ok=0 cached=885 fail=0  0.0GB total (0min elapsed, ~n/a remaining)
  [886/3225] ok=0 cached=886 fail=0  0.0GB total (0min elapsed, ~n/a remaining)
  [887/3225] ok=0 cached=887 fail=0  0.0GB total (0min elapsed, ~n/a remaining)
  [888/3225] ok=0 cached=888 fail=0  0.0GB total (0min elapsed, ~n/a remaining)
  [889/3225] ok=0 cached=889 fail=0  0.0GB total (0min elapsed, ~n/a remaining)
  [890/3225] ok=0 cached=890 fail=0  0.0GB total (0min elapsed, ~n/a remaining)
  [891/3225] ok=0 cached=891 fail=0  0.0GB total (0min elapsed, ~n/a remaining)
  [892/3225] ok=0 cached=892 fail=0  0.0GB total (0min elapsed, ~n/a remaining)
  [893/3225] ok=0 cached=893 fail=0  0.0GB total (0min elapsed, ~n/a remaining)
  [894/3225] ok=0 cached=894 fail=0  0.0GB total (0min elapsed, ~n/a remaining)
  [895/3225] ok=0 cached=895 fail=0  0.0GB total (0min elapsed, ~n/a remaining)
  [896/3225] ok=0 cached=896 fail=0  0.0GB total (0min elapsed, ~n/a remaining)
  [897/3225] ok=0 cached=897 fail=0  0.0GB total (0min elapsed, ~n/a remaining)
  [898/3225] ok=0 cached=898 fail=0  0.0GB total (0min elapsed, ~n/a remaining)
  [899/3225] ok=0 cached=899 fail=0  0.0GB total (0min elapsed, ~n/a remaining)
  [900/3225] ok=0 cached=900 fail=0  0.0GB total (0min elapsed, ~n/a remaining)
  [901/3225] ok=0 cached=901 fail=0  0.0GB total (0min elapsed, ~n/a remaining)
  [902/3225] ok=0 cached=902 fail=0  0.0GB total (0min elapsed, ~n/a remaining)
  [903/3225] ok=0 cached=903 fail=0  0.0GB total (0min elapsed, ~n/a remaining)
  [904/3225] ok=0 cached=904 fail=0  0.0GB total (0min elapsed, ~n/a remaining)
  [905/3225] ok=0 cached=905 fail=0  0.0GB total (0min elapsed, ~n/a remaining)
  [906/3225] ok=0 cached=906 fail=0  0.0GB total (0min elapsed, ~n/a remaining)
  [907/3225] ok=0 cached=907 fail=0  0.0GB total (0min elapsed, ~n/a remaining)
  [908/3225] ok=0 cached=908 fail=0  0.0GB total (0min elapsed, ~n/a remaining)
  [909/3225] ok=0 cached=909 fail=0  0.0GB total (0min elapsed, ~n/a remaining)
  [910/3225] ok=0 cached=910 fail=0  0.0GB total (0min elapsed, ~n/a remaining)
  [911/3225] ok=0 cached=911 fail=0  0.0GB total (0min elapsed, ~n/a remaining)
  [912/3225] ok=0 cached=912 fail=0  0.0GB total (0min elapsed, ~n/a remaining)
  [913/3225] ok=0 cached=913 fail=0  0.0GB total (0min elapsed, ~n/a remaining)
  [914/3225] ok=0 cached=914 fail=0  0.0GB total (0min elapsed, ~n/a remaining)
  [915/3225] ok=0 cached=915 fail=0  0.0GB total (0min elapsed, ~n/a remaining)
  [916/3225] ok=0 cached=916 fail=0  0.0GB total (0min elapsed, ~n/a remaining)
  [917/3225] ok=0 cached=917 fail=0  0.0GB total (0min elapsed, ~n/a remaining)
  [918/3225] ok=0 cached=918 fail=0  0.0GB total (0min elapsed, ~n/a remaining)
  [919/3225] ok=0 cached=919 fail=0  0.0GB total (0min elapsed, ~n/a remaining)
  [920/3225] ok=0 cached=920 fail=0  0.0GB total (0min elapsed, ~n/a remaining)
  [921/3225] ok=0 cached=921 fail=0  0.0GB total (0min elapsed, ~n/a remaining)
  [922/3225] ok=0 cached=922 fail=0  0.0GB total (0min elapsed, ~n/a remaining)
  [923/3225] ok=0 cached=923 fail=0  0.0GB total (0min elapsed, ~n/a remaining)
  [924/3225] ok=0 cached=924 fail=0  0.0GB total (0min elapsed, ~n/a remaining)
  [925/3225] ok=0 cached=925 fail=0  0.0GB total (0min elapsed, ~n/a remaining)
  [926/3225] ok=0 cached=926 fail=0  0.0GB total (0min elapsed, ~n/a remaining)
  [927/3225] ok=0 cached=927 fail=0  0.0GB total (0min elapsed, ~n/a remaining)
  [928/3225] ok=0 cached=928 fail=0  0.0GB total (0min elapsed, ~n/a remaining)
  [929/3225] ok=0 cached=929 fail=0  0.0GB total (0min elapsed, ~n/a remaining)
  [930/3225] ok=0 cached=930 fail=0  0.0GB total (0min elapsed, ~n/a remaining)
  [931/3225] ok=0 cached=931 fail=0  0.0GB total (0min elapsed, ~n/a remaining)
  [932/3225] ok=0 cached=932 fail=0  0.0GB total (0min elapsed, ~n/a remaining)
  [933/3225] ok=0 cached=933 fail=0  0.0GB total (0min elapsed, ~n/a remaining)
  [934/3225] ok=0 cached=934 fail=0  0.0GB total (0min elapsed, ~n/a remaining)
  [935/3225] ok=0 cached=935 fail=0  0.0GB total (0min elapsed, ~n/a remaining)
  [936/3225] ok=0 cached=936 fail=0  0.0GB total (0min elapsed, ~n/a remaining)
  [937/3225] ok=0 cached=937 fail=0  0.0GB total (0min elapsed, ~n/a remaining)
  [938/3225] ok=0 cached=938 fail=0  0.0GB total (0min elapsed, ~n/a remaining)
  [939/3225] ok=0 cached=939 fail=0  0.0GB total (0min elapsed, ~n/a remaining)
  [940/3225] ok=0 cached=940 fail=0  0.0GB total (0min elapsed, ~n/a remaining)
  [941/3225] ok=0 cached=941 fail=0  0.0GB total (0min elapsed, ~n/a remaining)
  [942/3225] ok=0 cached=942 fail=0  0.0GB total (0min elapsed, ~n/a remaining)
  [943/3225] ok=0 cached=943 fail=0  0.0GB total (0min elapsed, ~n/a remaining)
  [944/3225] ok=0 cached=944 fail=0  0.0GB total (0min elapsed, ~n/a remaining)
  [945/3225] ok=0 cached=945 fail=0  0.0GB total (0min elapsed, ~n/a remaining)
  [946/3225] ok=0 cached=946 fail=0  0.0GB total (0min elapsed, ~n/a remaining)
  [947/3225] ok=0 cached=947 fail=0  0.0GB total (0min elapsed, ~n/a remaining)
  [948/3225] ok=0 cached=948 fail=0  0.0GB total (0min elapsed, ~n/a remaining)
  [949/3225] ok=0 cached=949 fail=0  0.0GB total (0min elapsed, ~n/a remaining)
  [950/3225] ok=0 cached=950 fail=0  0.0GB total (0min elapsed, ~n/a remaining)
  [951/3225] ok=0 cached=951 fail=0  0.0GB total (0min elapsed, ~n/a remaining)
  [952/3225] ok=0 cached=952 fail=0  0.0GB total (0min elapsed, ~n/a remaining)
  [953/3225] ok=0 cached=953 fail=0  0.0GB total (0min elapsed, ~n/a remaining)
  [954/3225] ok=0 cached=954 fail=0  0.0GB total (0min elapsed, ~n/a remaining)
  [955/3225] ok=0 cached=955 fail=0  0.0GB total (0min elapsed, ~n/a remaining)
  [956/3225] ok=0 cached=956 fail=0  0.0GB total (0min elapsed, ~n/a remaining)
  [957/3225] ok=0 cached=957 fail=0  0.0GB total (0min elapsed, ~n/a remaining)
  [958/3225] ok=0 cached=958 fail=0  0.0GB total (0min elapsed, ~n/a remaining)
  [959/3225] ok=0 cached=959 fail=0  0.0GB total (0min elapsed, ~n/a remaining)
  [960/3225] ok=0 cached=960 fail=0  0.0GB total (0min elapsed, ~n/a remaining)
  [961/3225] ok=0 cached=961 fail=0  0.0GB total (0min elapsed, ~n/a remaining)
  [962/3225] ok=0 cached=962 fail=0  0.0GB total (0min elapsed, ~n/a remaining)
  [963/3225] ok=0 cached=963 fail=0  0.0GB total (0min elapsed, ~n/a remaining)
  [964/3225] ok=0 cached=964 fail=0  0.0GB total (0min elapsed, ~n/a remaining)
  [965/3225] ok=0 cached=965 fail=0  0.0GB total (0min elapsed, ~n/a remaining)
  [966/3225] ok=0 cached=966 fail=0  0.0GB total (0min elapsed, ~n/a remaining)
  [967/3225] ok=0 cached=967 fail=0  0.0GB total (0min elapsed, ~n/a remaining)
  [968/3225] ok=0 cached=968 fail=0  0.0GB total (0min elapsed, ~n/a remaining)
  [969/3225] ok=0 cached=969 fail=0  0.0GB total (0min elapsed, ~n/a remaining)
  [970/3225] ok=0 cached=970 fail=0  0.0GB total (0min elapsed, ~n/a remaining)
  [971/3225] ok=0 cached=971 fail=0  0.0GB total (0min elapsed, ~n/a remaining)
  [972/3225] ok=0 cached=972 fail=0  0.0GB total (0min elapsed, ~n/a remaining)
  [973/3225] ok=0 cached=973 fail=0  0.0GB total (0min elapsed, ~n/a remaining)
  [974/3225] ok=0 cached=974 fail=0  0.0GB total (0min elapsed, ~n/a remaining)
  [975/3225] ok=0 cached=975 fail=0  0.0GB total (0min elapsed, ~n/a remaining)
  [976/3225] ok=0 cached=976 fail=0  0.0GB total (0min elapsed, ~n/a remaining)
  [977/3225] ok=0 cached=977 fail=0  0.0GB total (0min elapsed, ~n/a remaining)
  [978/3225] ok=0 cached=978 fail=0  0.0GB total (0min elapsed, ~n/a remaining)
  [979/3225] ok=0 cached=979 fail=0  0.0GB total (0min elapsed, ~n/a remaining)
  [980/3225] ok=0 cached=980 fail=0  0.0GB total (0min elapsed, ~n/a remaining)
  [981/3225] ok=0 cached=981 fail=0  0.0GB total (0min elapsed, ~n/a remaining)
  [982/3225] ok=0 cached=982 fail=0  0.0GB total (0min elapsed, ~n/a remaining)
  [983/3225] ok=0 cached=983 fail=0  0.0GB total (0min elapsed, ~n/a remaining)
  [984/3225] ok=0 cached=984 fail=0  0.0GB total (0min elapsed, ~n/a remaining)
  [985/3225] ok=0 cached=985 fail=0  0.0GB total (0min elapsed, ~n/a remaining)
  [986/3225] ok=0 cached=986 fail=0  0.0GB total (0min elapsed, ~n/a remaining)
  [987/3225] ok=0 cached=987 fail=0  0.0GB total (0min elapsed, ~n/a remaining)
  [988/3225] ok=0 cached=988 fail=0  0.0GB total (0min elapsed, ~n/a remaining)
  [989/3225] ok=0 cached=989 fail=0  0.0GB total (0min elapsed, ~n/a remaining)
  [990/3225] ok=0 cached=990 fail=0  0.0GB total (0min elapsed, ~n/a remaining)
  [991/3225] ok=0 cached=991 fail=0  0.0GB total (0min elapsed, ~n/a remaining)
  [992/3225] ok=0 cached=992 fail=0  0.0GB total (0min elapsed, ~n/a remaining)
  [993/3225] ok=0 cached=993 fail=0  0.0GB total (0min elapsed, ~n/a remaining)
  [994/3225] ok=0 cached=994 fail=0  0.0GB total (0min elapsed, ~n/a remaining)
  [995/3225] ok=0 cached=995 fail=0  0.0GB total (0min elapsed, ~n/a remaining)
  [996/3225] ok=0 cached=996 fail=0  0.0GB total (0min elapsed, ~n/a remaining)
  [997/3225] ok=0 cached=997 fail=0  0.0GB total (0min elapsed, ~n/a remaining)
  [998/3225] ok=0 cached=998 fail=0  0.0GB total (0min elapsed, ~n/a remaining)
  [999/3225] ok=0 cached=999 fail=0  0.0GB total (0min elapsed, ~n/a remaining)
  [1000/3225] ok=0 cached=1000 fail=0  0.0GB total (0min elapsed, ~n/a remaining)
  [1001/3225] ok=0 cached=1001 fail=0  0.0GB total (0min elapsed, ~n/a remaining)
  [1002/3225] ok=0 cached=1002 fail=0  0.0GB total (0min elapsed, ~n/a remaining)
  [1003/3225] ok=0 cached=1003 fail=0  0.0GB total (0min elapsed, ~n/a remaining)
  [1004/3225] ok=0 cached=1004 fail=0  0.0GB total (0min elapsed, ~n/a remaining)
  [1005/3225] ok=0 cached=1005 fail=0  0.0GB total (0min elapsed, ~n/a remaining)
  [1006/3225] ok=0 cached=1006 fail=0  0.0GB total (0min elapsed, ~n/a remaining)
  [1007/3225] ok=0 cached=1007 fail=0  0.0GB total (0min elapsed, ~n/a remaining)
  [1008/3225] ok=0 cached=1008 fail=0  0.0GB total (0min elapsed, ~n/a remaining)
  [1009/3225] ok=0 cached=1009 fail=0  0.0GB total (0min elapsed, ~n/a remaining)
  [1010/3225] ok=0 cached=1010 fail=0  0.0GB total (0min elapsed, ~n/a remaining)
  [1011/3225] ok=0 cached=1011 fail=0  0.0GB total (0min elapsed, ~n/a remaining)
  [1012/3225] ok=0 cached=1012 fail=0  0.0GB total (0min elapsed, ~n/a remaining)
  [1013/3225] ok=0 cached=1013 fail=0  0.0GB total (0min elapsed, ~n/a remaining)
  [1014/3225] ok=0 cached=1014 fail=0  0.0GB total (0min elapsed, ~n/a remaining)
  [1015/3225] ok=0 cached=1015 fail=0  0.0GB total (0min elapsed, ~n/a remaining)
  [1016/3225] ok=0 cached=1016 fail=0  0.0GB total (0min elapsed, ~n/a remaining)
  [1017/3225] ok=0 cached=1017 fail=0  0.0GB total (0min elapsed, ~n/a remaining)
  [1018/3225] ok=0 cached=1018 fail=0  0.0GB total (0min elapsed, ~n/a remaining)
  [1019/3225] ok=0 cached=1019 fail=0  0.0GB total (0min elapsed, ~n/a remaining)
  [1020/3225] ok=0 cached=1020 fail=0  0.0GB total (0min elapsed, ~n/a remaining)
  [1021/3225] ok=0 cached=1021 fail=0  0.0GB total (0min elapsed, ~n/a remaining)
  [1022/3225] ok=0 cached=1022 fail=0  0.0GB total (0min elapsed, ~n/a remaining)
  [1023/3225] ok=0 cached=1023 fail=0  0.0GB total (0min elapsed, ~n/a remaining)
  [1024/3225] ok=0 cached=1024 fail=0  0.0GB total (0min elapsed, ~n/a remaining)
  [1025/3225] ok=0 cached=1025 fail=0  0.0GB total (0min elapsed, ~n/a remaining)
  [1026/3225] ok=0 cached=1026 fail=0  0.0GB total (0min elapsed, ~n/a remaining)
  [1027/3225] ok=0 cached=1027 fail=0  0.0GB total (0min elapsed, ~n/a remaining)
  [1028/3225] ok=0 cached=1028 fail=0  0.0GB total (0min elapsed, ~n/a remaining)
  [1029/3225] ok=0 cached=1029 fail=0  0.0GB total (0min elapsed, ~n/a remaining)
  [1030/3225] ok=0 cached=1030 fail=0  0.0GB total (0min elapsed, ~n/a remaining)
  [1031/3225] ok=0 cached=1031 fail=0  0.0GB total (0min elapsed, ~n/a remaining)
  [1032/3225] ok=0 cached=1032 fail=0  0.0GB total (0min elapsed, ~n/a remaining)
  [1033/3225] ok=0 cached=1033 fail=0  0.0GB total (0min elapsed, ~n/a remaining)
  [1034/3225] ok=0 cached=1034 fail=0  0.0GB total (0min elapsed, ~n/a remaining)
  [1035/3225] ok=0 cached=1035 fail=0  0.0GB total (0min elapsed, ~n/a remaining)
  [1036/3225] ok=0 cached=1036 fail=0  0.0GB total (0min elapsed, ~n/a remaining)
  [1037/3225] ok=0 cached=1037 fail=0  0.0GB total (0min elapsed, ~n/a remaining)
  [1038/3225] ok=0 cached=1038 fail=0  0.0GB total (0min elapsed, ~n/a remaining)
  [1039/3225] ok=0 cached=1039 fail=0  0.0GB total (0min elapsed, ~n/a remaining)
  [1040/3225] ok=0 cached=1040 fail=0  0.0GB total (0min elapsed, ~n/a remaining)
  [1041/3225] ok=0 cached=1041 fail=0  0.0GB total (0min elapsed, ~n/a remaining)
  [1042/3225] ok=0 cached=1042 fail=0  0.0GB total (0min elapsed, ~n/a remaining)
  [1043/3225] ok=0 cached=1043 fail=0  0.0GB total (0min elapsed, ~n/a remaining)
  [1044/3225] ok=0 cached=1044 fail=0  0.0GB total (0min elapsed, ~n/a remaining)
  [1045/3225] ok=0 cached=1045 fail=0  0.0GB total (0min elapsed, ~n/a remaining)
  [1046/3225] ok=0 cached=1046 fail=0  0.0GB total (0min elapsed, ~n/a remaining)
  [1047/3225] ok=0 cached=1047 fail=0  0.0GB total (0min elapsed, ~n/a remaining)
  [1048/3225] ok=0 cached=1048 fail=0  0.0GB total (0min elapsed, ~n/a remaining)
  [1049/3225] ok=0 cached=1049 fail=0  0.0GB total (0min elapsed, ~n/a remaining)
  [1050/3225] ok=0 cached=1050 fail=0  0.0GB total (0min elapsed, ~n/a remaining)
  [1051/3225] ok=0 cached=1051 fail=0  0.0GB total (0min elapsed, ~n/a remaining)
  [1052/3225] ok=0 cached=1052 fail=0  0.0GB total (0min elapsed, ~n/a remaining)
  [1053/3225] ok=0 cached=1053 fail=0  0.0GB total (0min elapsed, ~n/a remaining)
  [1054/3225] ok=0 cached=1054 fail=0  0.0GB total (0min elapsed, ~n/a remaining)
  [1055/3225] ok=0 cached=1055 fail=0  0.0GB total (0min elapsed, ~n/a remaining)
  [1056/3225] ok=0 cached=1056 fail=0  0.0GB total (0min elapsed, ~n/a remaining)
  [1057/3225] ok=0 cached=1057 fail=0  0.0GB total (0min elapsed, ~n/a remaining)
  [1058/3225] ok=0 cached=1058 fail=0  0.0GB total (0min elapsed, ~n/a remaining)
  [start ] SRR1425535
  [1059/3225] ok=0 cached=1059 fail=0  0.0GB total (0min elapsed, ~n/a remaining)
  [start ] SRR1425603
  [start ] SRR1425536
  [1060/3225] ok=0 cached=1060 fail=0  0.0GB total (0min elapsed, ~n/a remaining)
  [start ] SRR1425602
  [1061/3225] ok=0 cached=1061 fail=0  0.0GB total (0min elapsed, ~n/a remaining)
  [1062/3225] ok=0 cached=1062 fail=0  0.0GB total (0min elapsed, ~n/a remaining)
  [1063/3225] ok=0 cached=1063 fail=0  0.0GB total (0min elapsed, ~n/a remaining)
  [1064/3225] ok=0 cached=1064 fail=0  0.0GB total (0min elapsed, ~n/a remaining)
  [1065/3225] ok=0 cached=1065 fail=0  0.0GB total (0min elapsed, ~n/a remaining)
  [1066/3225] ok=0 cached=1066 fail=0  0.0GB total (0min elapsed, ~n/a remaining)
  [1067/3225] ok=0 cached=1067 fail=0  0.0GB total (0min elapsed, ~n/a remaining)
  [1068/3225] ok=0 cached=1068 fail=0  0.0GB total (0min elapsed, ~n/a remaining)
  [1069/3225] ok=0 cached=1069 fail=0  0.0GB total (0min elapsed, ~n/a remaining)
  [1070/3225] ok=0 cached=1070 fail=0  0.0GB total (0min elapsed, ~n/a remaining)
  [1071/3225] ok=0 cached=1071 fail=0  0.0GB total (0min elapsed, ~n/a remaining)
  [1072/3225] ok=0 cached=1072 fail=0  0.0GB total (0min elapsed, ~n/a remaining)
  [1073/3225] ok=0 cached=1073 fail=0  0.0GB total (0min elapsed, ~n/a remaining)
  [1074/3225] ok=0 cached=1074 fail=0  0.0GB total (0min elapsed, ~n/a remaining)
  [1075/3225] ok=0 cached=1075 fail=0  0.0GB total (0min elapsed, ~n/a remaining)
  [1076/3225] ok=0 cached=1076 fail=0  0.0GB total (0min elapsed, ~n/a remaining)
  [1077/3225] ok=0 cached=1077 fail=0  0.0GB total (0min elapsed, ~n/a remaining)
  [1078/3225] ok=0 cached=1078 fail=0  0.0GB total (0min elapsed, ~n/a remaining)
  [1079/3225] ok=0 cached=1079 fail=0  0.0GB total (0min elapsed, ~n/a remaining)
  [1080/3225] ok=0 cached=1080 fail=0  0.0GB total (0min elapsed, ~n/a remaining)
  [1081/3225] ok=0 cached=1081 fail=0  0.0GB total (0min elapsed, ~n/a remaining)
  [1082/3225] ok=0 cached=1082 fail=0  0.0GB total (0min elapsed, ~n/a remaining)
  [1083/3225] ok=0 cached=1083 fail=0  0.0GB total (0min elapsed, ~n/a remaining)
  [1084/3225] ok=0 cached=1084 fail=0  0.0GB total (0min elapsed, ~n/a remaining)
  [1085/3225] ok=0 cached=1085 fail=0  0.0GB total (0min elapsed, ~n/a remaining)
  [1086/3225] ok=0 cached=1086 fail=0  0.0GB total (0min elapsed, ~n/a remaining)
  [1087/3225] ok=0 cached=1087 fail=0  0.0GB total (0min elapsed, ~n/a remaining)
  [1088/3225] ok=0 cached=1088 fail=0  0.0GB total (0min elapsed, ~n/a remaining)
  [1089/3225] ok=0 cached=1089 fail=0  0.0GB total (0min elapsed, ~n/a remaining)
  [1090/3225] ok=0 cached=1090 fail=0  0.0GB total (0min elapsed, ~n/a remaining)
  [1091/3225] ok=0 cached=1091 fail=0  0.0GB total (0min elapsed, ~n/a remaining)
  [1092/3225] ok=0 cached=1092 fail=0  0.0GB total (0min elapsed, ~n/a remaining)
  [1093/3225] ok=0 cached=1093 fail=0  0.0GB total (0min elapsed, ~n/a remaining)
  [1094/3225] ok=0 cached=1094 fail=0  0.0GB total (0min elapsed, ~n/a remaining)
  [1095/3225] ok=0 cached=1095 fail=0  0.0GB total (0min elapsed, ~n/a remaining)
  [1096/3225] ok=0 cached=1096 fail=0  0.0GB total (0min elapsed, ~n/a remaining)
  [1097/3225] ok=0 cached=1097 fail=0  0.0GB total (0min elapsed, ~n/a remaining)
  [1098/3225] ok=0 cached=1098 fail=0  0.0GB total (0min elapsed, ~n/a remaining)
  [1099/3225] ok=0 cached=1099 fail=0  0.0GB total (0min elapsed, ~n/a remaining)
  [1100/3225] ok=0 cached=1100 fail=0  0.0GB total (0min elapsed, ~n/a remaining)
  [1101/3225] ok=0 cached=1101 fail=0  0.0GB total (0min elapsed, ~n/a remaining)
  [1102/3225] ok=0 cached=1102 fail=0  0.0GB total (0min elapsed, ~n/a remaining)
  [1103/3225] ok=0 cached=1103 fail=0  0.0GB total (0min elapsed, ~n/a remaining)
  [1104/3225] ok=0 cached=1104 fail=0  0.0GB total (0min elapsed, ~n/a remaining)
  [1105/3225] ok=0 cached=1105 fail=0  0.0GB total (0min elapsed, ~n/a remaining)
  [1106/3225] ok=0 cached=1106 fail=0  0.0GB total (0min elapsed, ~n/a remaining)
  [1107/3225] ok=0 cached=1107 fail=0  0.0GB total (0min elapsed, ~n/a remaining)
  [1108/3225] ok=0 cached=1108 fail=0  0.0GB total (0min elapsed, ~n/a remaining)
  [1109/3225] ok=0 cached=1109 fail=0  0.0GB total (0min elapsed, ~n/a remaining)
  [1110/3225] ok=0 cached=1110 fail=0  0.0GB total (0min elapsed, ~n/a remaining)
  [1111/3225] ok=0 cached=1111 fail=0  0.0GB total (0min elapsed, ~n/a remaining)
  [1112/3225] ok=0 cached=1112 fail=0  0.0GB total (0min elapsed, ~n/a remaining)
  [1113/3225] ok=0 cached=1113 fail=0  0.0GB total (0min elapsed, ~n/a remaining)
  [1114/3225] ok=0 cached=1114 fail=0  0.0GB total (0min elapsed, ~n/a remaining)
  [1115/3225] ok=0 cached=1115 fail=0  0.0GB total (0min elapsed, ~n/a remaining)
  [1116/3225] ok=0 cached=1116 fail=0  0.0GB total (0min elapsed, ~n/a remaining)
  [1117/3225] ok=0 cached=1117 fail=0  0.0GB total (0min elapsed, ~n/a remaining)
  [1118/3225] ok=0 cached=1118 fail=0  0.0GB total (0min elapsed, ~n/a remaining)
  [1119/3225] ok=0 cached=1119 fail=0  0.0GB total (0min elapsed, ~n/a remaining)
  [1120/3225] ok=0 cached=1120 fail=0  0.0GB total (0min elapsed, ~n/a remaining)
  [1121/3225] ok=0 cached=1121 fail=0  0.0GB total (0min elapsed, ~n/a remaining)
  [1122/3225] ok=0 cached=1122 fail=0  0.0GB total (0min elapsed, ~n/a remaining)
  [1123/3225] ok=0 cached=1123 fail=0  0.0GB total (0min elapsed, ~n/a remaining)
  [start ] SRR579539
  [1124/3225] ok=0 cached=1124 fail=0  0.0GB total (0min elapsed, ~n/a remaining)
  [1125/3225] ok=0 cached=1125 fail=0  0.0GB total (0min elapsed, ~n/a remaining)
  [1126/3225] ok=0 cached=1126 fail=0  0.0GB total (0min elapsed, ~n/a remaining)
  [1127/3225] ok=0 cached=1127 fail=0  0.0GB total (0min elapsed, ~n/a remaining)
  [1128/3225] ok=0 cached=1128 fail=0  0.0GB total (0min elapsed, ~n/a remaining)
  [1129/3225] ok=0 cached=1129 fail=0  0.0GB total (0min elapsed, ~n/a remaining)
  [1130/3225] ok=0 cached=1130 fail=0  0.0GB total (0min elapsed, ~n/a remaining)
  [1131/3225] ok=0 cached=1131 fail=0  0.0GB total (0min elapsed, ~n/a remaining)
  [1132/3225] ok=0 cached=1132 fail=0  0.0GB total (0min elapsed, ~n/a remaining)
  [1133/3225] ok=0 cached=1133 fail=0  0.0GB total (0min elapsed, ~n/a remaining)
  [1134/3225] ok=0 cached=1134 fail=0  0.0GB total (0min elapsed, ~n/a remaining)
  [1135/3225] ok=0 cached=1135 fail=0  0.0GB total (0min elapsed, ~n/a remaining)
  [1136/3225] ok=0 cached=1136 fail=0  0.0GB total (0min elapsed, ~n/a remaining)
  [1137/3225] ok=0 cached=1137 fail=0  0.0GB total (0min elapsed, ~n/a remaining)
  [1138/3225] ok=0 cached=1138 fail=0  0.0GB total (0min elapsed, ~n/a remaining)
  [1139/3225] ok=0 cached=1139 fail=0  0.0GB total (0min elapsed, ~n/a remaining)
  [1140/3225] ok=0 cached=1140 fail=0  0.0GB total (0min elapsed, ~n/a remaining)
  [1141/3225] ok=0 cached=1141 fail=0  0.0GB total (0min elapsed, ~n/a remaining)
  [1142/3225] ok=0 cached=1142 fail=0  0.0GB total (0min elapsed, ~n/a remaining)
  [1143/3225] ok=0 cached=1143 fail=0  0.0GB total (0min elapsed, ~n/a remaining)
  [1144/3225] ok=0 cached=1144 fail=0  0.0GB total (0min elapsed, ~n/a remaining)
  [1145/3225] ok=0 cached=1145 fail=0  0.0GB total (0min elapsed, ~n/a remaining)
  [1146/3225] ok=0 cached=1146 fail=0  0.0GB total (0min elapsed, ~n/a remaining)
  [1147/3225] ok=0 cached=1147 fail=0  0.0GB total (0min elapsed, ~n/a remaining)
  [1148/3225] ok=0 cached=1148 fail=0  0.0GB total (0min elapsed, ~n/a remaining)
  [1149/3225] ok=0 cached=1149 fail=0  0.0GB total (0min elapsed, ~n/a remaining)
  [1150/3225] ok=0 cached=1150 fail=0  0.0GB total (0min elapsed, ~n/a remaining)
  [1151/3225] ok=0 cached=1151 fail=0  0.0GB total (0min elapsed, ~n/a remaining)
  [1152/3225] ok=0 cached=1152 fail=0  0.0GB total (0min elapsed, ~n/a remaining)
  [1153/3225] ok=0 cached=1153 fail=0  0.0GB total (0min elapsed, ~n/a remaining)
  [1154/3225] ok=0 cached=1154 fail=0  0.0GB total (0min elapsed, ~n/a remaining)
  [1155/3225] ok=0 cached=1155 fail=0  0.0GB total (0min elapsed, ~n/a remaining)
  [1156/3225] ok=0 cached=1156 fail=0  0.0GB total (0min elapsed, ~n/a remaining)
  [1157/3225] ok=0 cached=1157 fail=0  0.0GB total (0min elapsed, ~n/a remaining)
  [1158/3225] ok=0 cached=1158 fail=0  0.0GB total (0min elapsed, ~n/a remaining)
  [1159/3225] ok=0 cached=1159 fail=0  0.0GB total (0min elapsed, ~n/a remaining)
  [1160/3225] ok=0 cached=1160 fail=0  0.0GB total (0min elapsed, ~n/a remaining)
  [1161/3225] ok=0 cached=1161 fail=0  0.0GB total (0min elapsed, ~n/a remaining)
  [1162/3225] ok=0 cached=1162 fail=0  0.0GB total (0min elapsed, ~n/a remaining)
  [1163/3225] ok=0 cached=1163 fail=0  0.0GB total (0min elapsed, ~n/a remaining)
  [1164/3225] ok=0 cached=1164 fail=0  0.0GB total (0min elapsed, ~n/a remaining)
  [1165/3225] ok=0 cached=1165 fail=0  0.0GB total (0min elapsed, ~n/a remaining)
  [1166/3225] ok=0 cached=1166 fail=0  0.0GB total (0min elapsed, ~n/a remaining)
  [1167/3225] ok=0 cached=1167 fail=0  0.0GB total (0min elapsed, ~n/a remaining)
  [1168/3225] ok=0 cached=1168 fail=0  0.0GB total (0min elapsed, ~n/a remaining)
  [1169/3225] ok=0 cached=1169 fail=0  0.0GB total (0min elapsed, ~n/a remaining)
  [1170/3225] ok=0 cached=1170 fail=0  0.0GB total (0min elapsed, ~n/a remaining)
  [1171/3225] ok=0 cached=1171 fail=0  0.0GB total (0min elapsed, ~n/a remaining)
  [1172/3225] ok=0 cached=1172 fail=0  0.0GB total (0min elapsed, ~n/a remaining)
  [1173/3225] ok=0 cached=1173 fail=0  0.0GB total (0min elapsed, ~n/a remaining)
  [1174/3225] ok=0 cached=1174 fail=0  0.0GB total (0min elapsed, ~n/a remaining)
  [1175/3225] ok=0 cached=1175 fail=0  0.0GB total (0min elapsed, ~n/a remaining)
  [1176/3225] ok=0 cached=1176 fail=0  0.0GB total (0min elapsed, ~n/a remaining)
  [1177/3225] ok=0 cached=1177 fail=0  0.0GB total (0min elapsed, ~n/a remaining)
  [1178/3225] ok=0 cached=1178 fail=0  0.0GB total (0min elapsed, ~n/a remaining)
  [1179/3225] ok=0 cached=1179 fail=0  0.0GB total (0min elapsed, ~n/a remaining)
  [1180/3225] ok=0 cached=1180 fail=0  0.0GB total (0min elapsed, ~n/a remaining)
  [1181/3225] ok=0 cached=1181 fail=0  0.0GB total (0min elapsed, ~n/a remaining)
  [1182/3225] ok=0 cached=1182 fail=0  0.0GB total (0min elapsed, ~n/a remaining)
  [1183/3225] ok=0 cached=1183 fail=0  0.0GB total (0min elapsed, ~n/a remaining)
  [1184/3225] ok=0 cached=1184 fail=0  0.0GB total (0min elapsed, ~n/a remaining)
  [1185/3225] ok=0 cached=1185 fail=0  0.0GB total (0min elapsed, ~n/a remaining)
  [1186/3225] ok=0 cached=1186 fail=0  0.0GB total (0min elapsed, ~n/a remaining)
  [1187/3225] ok=0 cached=1187 fail=0  0.0GB total (0min elapsed, ~n/a remaining)
  [1188/3225] ok=0 cached=1188 fail=0  0.0GB total (0min elapsed, ~n/a remaining)
  [1189/3225] ok=0 cached=1189 fail=0  0.0GB total (0min elapsed, ~n/a remaining)
  [1190/3225] ok=0 cached=1190 fail=0  0.0GB total (0min elapsed, ~n/a remaining)
  [1191/3225] ok=0 cached=1191 fail=0  0.0GB total (0min elapsed, ~n/a remaining)
  [1192/3225] ok=0 cached=1192 fail=0  0.0GB total (0min elapsed, ~n/a remaining)
  [1193/3225] ok=0 cached=1193 fail=0  0.0GB total (0min elapsed, ~n/a remaining)
  [1194/3225] ok=0 cached=1194 fail=0  0.0GB total (0min elapsed, ~n/a remaining)
  [1195/3225] ok=0 cached=1195 fail=0  0.0GB total (0min elapsed, ~n/a remaining)
  [1196/3225] ok=0 cached=1196 fail=0  0.0GB total (0min elapsed, ~n/a remaining)
  [1197/3225] ok=0 cached=1197 fail=0  0.0GB total (0min elapsed, ~n/a remaining)
  [1198/3225] ok=0 cached=1198 fail=0  0.0GB total (0min elapsed, ~n/a remaining)
  [1199/3225] ok=0 cached=1199 fail=0  0.0GB total (0min elapsed, ~n/a remaining)
  [1200/3225] ok=0 cached=1200 fail=0  0.0GB total (0min elapsed, ~n/a remaining)
  [1201/3225] ok=0 cached=1201 fail=0  0.0GB total (0min elapsed, ~n/a remaining)
  [1202/3225] ok=0 cached=1202 fail=0  0.0GB total (0min elapsed, ~n/a remaining)
  [1203/3225] ok=0 cached=1203 fail=0  0.0GB total (0min elapsed, ~n/a remaining)
  [1204/3225] ok=0 cached=1204 fail=0  0.0GB total (0min elapsed, ~n/a remaining)
  [1205/3225] ok=0 cached=1205 fail=0  0.0GB total (0min elapsed, ~n/a remaining)
  [1206/3225] ok=0 cached=1206 fail=0  0.0GB total (0min elapsed, ~n/a remaining)
  [1207/3225] ok=0 cached=1207 fail=0  0.0GB total (0min elapsed, ~n/a remaining)
  [1208/3225] ok=0 cached=1208 fail=0  0.0GB total (0min elapsed, ~n/a remaining)
  [1209/3225] ok=0 cached=1209 fail=0  0.0GB total (0min elapsed, ~n/a remaining)
  [1210/3225] ok=0 cached=1210 fail=0  0.0GB total (0min elapsed, ~n/a remaining)
  [1211/3225] ok=0 cached=1211 fail=0  0.0GB total (0min elapsed, ~n/a remaining)
  [1212/3225] ok=0 cached=1212 fail=0  0.0GB total (0min elapsed, ~n/a remaining)
  [1213/3225] ok=0 cached=1213 fail=0  0.0GB total (0min elapsed, ~n/a remaining)
  [1214/3225] ok=0 cached=1214 fail=0  0.0GB total (0min elapsed, ~n/a remaining)
  [1215/3225] ok=0 cached=1215 fail=0  0.0GB total (0min elapsed, ~n/a remaining)
  [1216/3225] ok=0 cached=1216 fail=0  0.0GB total (0min elapsed, ~n/a remaining)
  [1217/3225] ok=0 cached=1217 fail=0  0.0GB total (0min elapsed, ~n/a remaining)
  [1218/3225] ok=0 cached=1218 fail=0  0.0GB total (0min elapsed, ~n/a remaining)
  [1219/3225] ok=0 cached=1219 fail=0  0.0GB total (0min elapsed, ~n/a remaining)
  [1220/3225] ok=0 cached=1220 fail=0  0.0GB total (0min elapsed, ~n/a remaining)
  [1221/3225] ok=0 cached=1221 fail=0  0.0GB total (0min elapsed, ~n/a remaining)
  [1222/3225] ok=0 cached=1222 fail=0  0.0GB total (0min elapsed, ~n/a remaining)
  [1223/3225] ok=0 cached=1223 fail=0  0.0GB total (0min elapsed, ~n/a remaining)
  [1224/3225] ok=0 cached=1224 fail=0  0.0GB total (0min elapsed, ~n/a remaining)
  [1225/3225] ok=0 cached=1225 fail=0  0.0GB total (0min elapsed, ~n/a remaining)
  [1226/3225] ok=0 cached=1226 fail=0  0.0GB total (0min elapsed, ~n/a remaining)
  [1227/3225] ok=0 cached=1227 fail=0  0.0GB total (0min elapsed, ~n/a remaining)
  [1228/3225] ok=0 cached=1228 fail=0  0.0GB total (0min elapsed, ~n/a remaining)
  [1229/3225] ok=0 cached=1229 fail=0  0.0GB total (0min elapsed, ~n/a remaining)
  [1230/3225] ok=0 cached=1230 fail=0  0.0GB total (0min elapsed, ~n/a remaining)
  [1231/3225] ok=0 cached=1231 fail=0  0.0GB total (0min elapsed, ~n/a remaining)
  [1232/3225] ok=0 cached=1232 fail=0  0.0GB total (0min elapsed, ~n/a remaining)
  [1233/3225] ok=0 cached=1233 fail=0  0.0GB total (0min elapsed, ~n/a remaining)
  [1234/3225] ok=0 cached=1234 fail=0  0.0GB total (0min elapsed, ~n/a remaining)
  [1235/3225] ok=0 cached=1235 fail=0  0.0GB total (0min elapsed, ~n/a remaining)
  [1236/3225] ok=0 cached=1236 fail=0  0.0GB total (0min elapsed, ~n/a remaining)
  [1237/3225] ok=0 cached=1237 fail=0  0.0GB total (0min elapsed, ~n/a remaining)
  [1238/3225] ok=0 cached=1238 fail=0  0.0GB total (0min elapsed, ~n/a remaining)
  [1239/3225] ok=0 cached=1239 fail=0  0.0GB total (0min elapsed, ~n/a remaining)
  [1240/3225] ok=0 cached=1240 fail=0  0.0GB total (0min elapsed, ~n/a remaining)
  [1241/3225] ok=0 cached=1241 fail=0  0.0GB total (0min elapsed, ~n/a remaining)
  [1242/3225] ok=0 cached=1242 fail=0  0.0GB total (0min elapsed, ~n/a remaining)
  [1243/3225] ok=0 cached=1243 fail=0  0.0GB total (0min elapsed, ~n/a remaining)
  [1244/3225] ok=0 cached=1244 fail=0  0.0GB total (0min elapsed, ~n/a remaining)
  [1245/3225] ok=0 cached=1245 fail=0  0.0GB total (0min elapsed, ~n/a remaining)
  [1246/3225] ok=0 cached=1246 fail=0  0.0GB total (0min elapsed, ~n/a remaining)
  [1247/3225] ok=0 cached=1247 fail=0  0.0GB total (0min elapsed, ~n/a remaining)
  [1248/3225] ok=0 cached=1248 fail=0  0.0GB total (0min elapsed, ~n/a remaining)
  [1249/3225] ok=0 cached=1249 fail=0  0.0GB total (0min elapsed, ~n/a remaining)
  [1250/3225] ok=0 cached=1250 fail=0  0.0GB total (0min elapsed, ~n/a remaining)
  [1251/3225] ok=0 cached=1251 fail=0  0.0GB total (0min elapsed, ~n/a remaining)
  [1252/3225] ok=0 cached=1252 fail=0  0.0GB total (0min elapsed, ~n/a remaining)
  [1253/3225] ok=0 cached=1253 fail=0  0.0GB total (0min elapsed, ~n/a remaining)
  [1254/3225] ok=0 cached=1254 fail=0  0.0GB total (0min elapsed, ~n/a remaining)
  [1255/3225] ok=0 cached=1255 fail=0  0.0GB total (0min elapsed, ~n/a remaining)
  [1256/3225] ok=0 cached=1256 fail=0  0.0GB total (0min elapsed, ~n/a remaining)
  [1257/3225] ok=0 cached=1257 fail=0  0.0GB total (0min elapsed, ~n/a remaining)
  [1258/3225] ok=0 cached=1258 fail=0  0.0GB total (0min elapsed, ~n/a remaining)
  [1259/3225] ok=0 cached=1259 fail=0  0.0GB total (0min elapsed, ~n/a remaining)
  [1260/3225] ok=0 cached=1260 fail=0  0.0GB total (0min elapsed, ~n/a remaining)
  [1261/3225] ok=0 cached=1261 fail=0  0.0GB total (0min elapsed, ~n/a remaining)
  [1262/3225] ok=0 cached=1262 fail=0  0.0GB total (0min elapsed, ~n/a remaining)
  [1263/3225] ok=0 cached=1263 fail=0  0.0GB total (0min elapsed, ~n/a remaining)
  [1264/3225] ok=0 cached=1264 fail=0  0.0GB total (0min elapsed, ~n/a remaining)
  [1265/3225] ok=0 cached=1265 fail=0  0.0GB total (0min elapsed, ~n/a remaining)
  [1266/3225] ok=0 cached=1266 fail=0  0.0GB total (0min elapsed, ~n/a remaining)
  [1267/3225] ok=0 cached=1267 fail=0  0.0GB total (0min elapsed, ~n/a remaining)
  [1268/3225] ok=0 cached=1268 fail=0  0.0GB total (0min elapsed, ~n/a remaining)
  [1269/3225] ok=0 cached=1269 fail=0  0.0GB total (0min elapsed, ~n/a remaining)
  [1270/3225] ok=0 cached=1270 fail=0  0.0GB total (0min elapsed, ~n/a remaining)
  [1271/3225] ok=0 cached=1271 fail=0  0.0GB total (0min elapsed, ~n/a remaining)
  [1272/3225] ok=0 cached=1272 fail=0  0.0GB total (0min elapsed, ~n/a remaining)
  [1273/3225] ok=0 cached=1273 fail=0  0.0GB total (0min elapsed, ~n/a remaining)
  [1274/3225] ok=0 cached=1274 fail=0  0.0GB total (0min elapsed, ~n/a remaining)
  [1275/3225] ok=0 cached=1275 fail=0  0.0GB total (0min elapsed, ~n/a remaining)
  [1276/3225] ok=0 cached=1276 fail=0  0.0GB total (0min elapsed, ~n/a remaining)
  [1277/3225] ok=0 cached=1277 fail=0  0.0GB total (0min elapsed, ~n/a remaining)
  [1278/3225] ok=0 cached=1278 fail=0  0.0GB total (0min elapsed, ~n/a remaining)
  [1279/3225] ok=0 cached=1279 fail=0  0.0GB total (0min elapsed, ~n/a remaining)
  [1280/3225] ok=0 cached=1280 fail=0  0.0GB total (0min elapsed, ~n/a remaining)
  [1281/3225] ok=0 cached=1281 fail=0  0.0GB total (0min elapsed, ~n/a remaining)
  [1282/3225] ok=0 cached=1282 fail=0  0.0GB total (0min elapsed, ~n/a remaining)
  [1283/3225] ok=0 cached=1283 fail=0  0.0GB total (0min elapsed, ~n/a remaining)
  [1284/3225] ok=0 cached=1284 fail=0  0.0GB total (0min elapsed, ~n/a remaining)
  [1285/3225] ok=0 cached=1285 fail=0  0.0GB total (0min elapsed, ~n/a remaining)
  [1286/3225] ok=0 cached=1286 fail=0  0.0GB total (0min elapsed, ~n/a remaining)
  [1287/3225] ok=0 cached=1287 fail=0  0.0GB total (0min elapsed, ~n/a remaining)
  [1288/3225] ok=0 cached=1288 fail=0  0.0GB total (0min elapsed, ~n/a remaining)
  [1289/3225] ok=0 cached=1289 fail=0  0.0GB total (0min elapsed, ~n/a remaining)
  [1290/3225] ok=0 cached=1290 fail=0  0.0GB total (0min elapsed, ~n/a remaining)
  [1291/3225] ok=0 cached=1291 fail=0  0.0GB total (0min elapsed, ~n/a remaining)
  [1292/3225] ok=0 cached=1292 fail=0  0.0GB total (0min elapsed, ~n/a remaining)
  [1293/3225] ok=0 cached=1293 fail=0  0.0GB total (0min elapsed, ~n/a remaining)
  [1294/3225] ok=0 cached=1294 fail=0  0.0GB total (0min elapsed, ~n/a remaining)
  [1295/3225] ok=0 cached=1295 fail=0  0.0GB total (0min elapsed, ~n/a remaining)
  [1296/3225] ok=0 cached=1296 fail=0  0.0GB total (0min elapsed, ~n/a remaining)
  [1297/3225] ok=0 cached=1297 fail=0  0.0GB total (0min elapsed, ~n/a remaining)
  [1298/3225] ok=0 cached=1298 fail=0  0.0GB total (0min elapsed, ~n/a remaining)
  [1299/3225] ok=0 cached=1299 fail=0  0.0GB total (0min elapsed, ~n/a remaining)
  [1300/3225] ok=0 cached=1300 fail=0  0.0GB total (0min elapsed, ~n/a remaining)
  [1301/3225] ok=0 cached=1301 fail=0  0.0GB total (0min elapsed, ~n/a remaining)
  [1302/3225] ok=0 cached=1302 fail=0  0.0GB total (0min elapsed, ~n/a remaining)
  [1303/3225] ok=0 cached=1303 fail=0  0.0GB total (0min elapsed, ~n/a remaining)
  [1304/3225] ok=0 cached=1304 fail=0  0.0GB total (0min elapsed, ~n/a remaining)
  [1305/3225] ok=0 cached=1305 fail=0  0.0GB total (0min elapsed, ~n/a remaining)
  [1306/3225] ok=0 cached=1306 fail=0  0.0GB total (0min elapsed, ~n/a remaining)
  [1307/3225] ok=0 cached=1307 fail=0  0.0GB total (0min elapsed, ~n/a remaining)
  [1308/3225] ok=0 cached=1308 fail=0  0.0GB total (0min elapsed, ~n/a remaining)
  [1309/3225] ok=0 cached=1309 fail=0  0.0GB total (0min elapsed, ~n/a remaining)
  [1310/3225] ok=0 cached=1310 fail=0  0.0GB total (0min elapsed, ~n/a remaining)
  [1311/3225] ok=0 cached=1311 fail=0  0.0GB total (0min elapsed, ~n/a remaining)
  [1312/3225] ok=0 cached=1312 fail=0  0.0GB total (0min elapsed, ~n/a remaining)
  [1313/3225] ok=0 cached=1313 fail=0  0.0GB total (0min elapsed, ~n/a remaining)
  [1314/3225] ok=0 cached=1314 fail=0  0.0GB total (0min elapsed, ~n/a remaining)
  [1315/3225] ok=0 cached=1315 fail=0  0.0GB total (0min elapsed, ~n/a remaining)
  [1316/3225] ok=0 cached=1316 fail=0  0.0GB total (0min elapsed, ~n/a remaining)
  [1317/3225] ok=0 cached=1317 fail=0  0.0GB total (0min elapsed, ~n/a remaining)
  [1318/3225] ok=0 cached=1318 fail=0  0.0GB total (0min elapsed, ~n/a remaining)
  [1319/3225] ok=0 cached=1319 fail=0  0.0GB total (0min elapsed, ~n/a remaining)
  [1320/3225] ok=0 cached=1320 fail=0  0.0GB total (0min elapsed, ~n/a remaining)
  [1321/3225] ok=0 cached=1321 fail=0  0.0GB total (0min elapsed, ~n/a remaining)
  [1322/3225] ok=0 cached=1322 fail=0  0.0GB total (0min elapsed, ~n/a remaining)
  [1323/3225] ok=0 cached=1323 fail=0  0.0GB total (0min elapsed, ~n/a remaining)
  [1324/3225] ok=0 cached=1324 fail=0  0.0GB total (0min elapsed, ~n/a remaining)
  [1325/3225] ok=0 cached=1325 fail=0  0.0GB total (0min elapsed, ~n/a remaining)
  [1326/3225] ok=0 cached=1326 fail=0  0.0GB total (0min elapsed, ~n/a remaining)
  [1327/3225] ok=0 cached=1327 fail=0  0.0GB total (0min elapsed, ~n/a remaining)
  [1328/3225] ok=0 cached=1328 fail=0  0.0GB total (0min elapsed, ~n/a remaining)
  [1329/3225] ok=0 cached=1329 fail=0  0.0GB total (0min elapsed, ~n/a remaining)
  [1330/3225] ok=0 cached=1330 fail=0  0.0GB total (0min elapsed, ~n/a remaining)
  [1331/3225] ok=0 cached=1331 fail=0  0.0GB total (0min elapsed, ~n/a remaining)
  [1332/3225] ok=0 cached=1332 fail=0  0.0GB total (0min elapsed, ~n/a remaining)
  [1333/3225] ok=0 cached=1333 fail=0  0.0GB total (0min elapsed, ~n/a remaining)
  [1334/3225] ok=0 cached=1334 fail=0  0.0GB total (0min elapsed, ~n/a remaining)
  [1335/3225] ok=0 cached=1335 fail=0  0.0GB total (0min elapsed, ~n/a remaining)
  [1336/3225] ok=0 cached=1336 fail=0  0.0GB total (0min elapsed, ~n/a remaining)
  [1337/3225] ok=0 cached=1337 fail=0  0.0GB total (0min elapsed, ~n/a remaining)
  [1338/3225] ok=0 cached=1338 fail=0  0.0GB total (0min elapsed, ~n/a remaining)
  [1339/3225] ok=0 cached=1339 fail=0  0.0GB total (0min elapsed, ~n/a remaining)
  [1340/3225] ok=0 cached=1340 fail=0  0.0GB total (0min elapsed, ~n/a remaining)
  [1341/3225] ok=0 cached=1341 fail=0  0.0GB total (0min elapsed, ~n/a remaining)
  [1342/3225] ok=0 cached=1342 fail=0  0.0GB total (0min elapsed, ~n/a remaining)
  [1343/3225] ok=0 cached=1343 fail=0  0.0GB total (0min elapsed, ~n/a remaining)
  [1344/3225] ok=0 cached=1344 fail=0  0.0GB total (0min elapsed, ~n/a remaining)
  [1345/3225] ok=0 cached=1345 fail=0  0.0GB total (0min elapsed, ~n/a remaining)
  [1346/3225] ok=0 cached=1346 fail=0  0.0GB total (0min elapsed, ~n/a remaining)
  [1347/3225] ok=0 cached=1347 fail=0  0.0GB total (0min elapsed, ~n/a remaining)
  [1348/3225] ok=0 cached=1348 fail=0  0.0GB total (0min elapsed, ~n/a remaining)
  [1349/3225] ok=0 cached=1349 fail=0  0.0GB total (0min elapsed, ~n/a remaining)
  [1350/3225] ok=0 cached=1350 fail=0  0.0GB total (0min elapsed, ~n/a remaining)
  [1351/3225] ok=0 cached=1351 fail=0  0.0GB total (0min elapsed, ~n/a remaining)
  [1352/3225] ok=0 cached=1352 fail=0  0.0GB total (0min elapsed, ~n/a remaining)
  [1353/3225] ok=0 cached=1353 fail=0  0.0GB total (0min elapsed, ~n/a remaining)
  [1354/3225] ok=0 cached=1354 fail=0  0.0GB total (0min elapsed, ~n/a remaining)
  [1355/3225] ok=0 cached=1355 fail=0  0.0GB total (0min elapsed, ~n/a remaining)
  [1356/3225] ok=0 cached=1356 fail=0  0.0GB total (0min elapsed, ~n/a remaining)
  [1357/3225] ok=0 cached=1357 fail=0  0.0GB total (0min elapsed, ~n/a remaining)
  [1358/3225] ok=0 cached=1358 fail=0  0.0GB total (0min elapsed, ~n/a remaining)
  [1359/3225] ok=0 cached=1359 fail=0  0.0GB total (0min elapsed, ~n/a remaining)
  [1360/3225] ok=0 cached=1360 fail=0  0.0GB total (0min elapsed, ~n/a remaining)
  [1361/3225] ok=0 cached=1361 fail=0  0.0GB total (0min elapsed, ~n/a remaining)
  [1362/3225] ok=0 cached=1362 fail=0  0.0GB total (0min elapsed, ~n/a remaining)
  [1363/3225] ok=0 cached=1363 fail=0  0.0GB total (0min elapsed, ~n/a remaining)
  [1364/3225] ok=0 cached=1364 fail=0  0.0GB total (0min elapsed, ~n/a remaining)
  [1365/3225] ok=0 cached=1365 fail=0  0.0GB total (0min elapsed, ~n/a remaining)
  [1366/3225] ok=0 cached=1366 fail=0  0.0GB total (0min elapsed, ~n/a remaining)
  [1367/3225] ok=0 cached=1367 fail=0  0.0GB total (0min elapsed, ~n/a remaining)
  [1368/3225] ok=0 cached=1368 fail=0  0.0GB total (0min elapsed, ~n/a remaining)
  [1369/3225] ok=0 cached=1369 fail=0  0.0GB total (0min elapsed, ~n/a remaining)
  [1370/3225] ok=0 cached=1370 fail=0  0.0GB total (0min elapsed, ~n/a remaining)
  [1371/3225] ok=0 cached=1371 fail=0  0.0GB total (0min elapsed, ~n/a remaining)
  [1372/3225] ok=0 cached=1372 fail=0  0.0GB total (0min elapsed, ~n/a remaining)
  [1373/3225] ok=0 cached=1373 fail=0  0.0GB total (0min elapsed, ~n/a remaining)
  [1374/3225] ok=0 cached=1374 fail=0  0.0GB total (0min elapsed, ~n/a remaining)
  [1375/3225] ok=0 cached=1375 fail=0  0.0GB total (0min elapsed, ~n/a remaining)
  [1376/3225] ok=0 cached=1376 fail=0  0.0GB total (0min elapsed, ~n/a remaining)
  [1377/3225] ok=0 cached=1377 fail=0  0.0GB total (0min elapsed, ~n/a remaining)
  [1378/3225] ok=0 cached=1378 fail=0  0.0GB total (0min elapsed, ~n/a remaining)
  [1379/3225] ok=0 cached=1379 fail=0  0.0GB total (0min elapsed, ~n/a remaining)
  [1380/3225] ok=0 cached=1380 fail=0  0.0GB total (0min elapsed, ~n/a remaining)
  [1381/3225] ok=0 cached=1381 fail=0  0.0GB total (0min elapsed, ~n/a remaining)
  [1382/3225] ok=0 cached=1382 fail=0  0.0GB total (0min elapsed, ~n/a remaining)
  [1383/3225] ok=0 cached=1383 fail=0  0.0GB total (0min elapsed, ~n/a remaining)
  [1384/3225] ok=0 cached=1384 fail=0  0.0GB total (0min elapsed, ~n/a remaining)
  [1385/3225] ok=0 cached=1385 fail=0  0.0GB total (0min elapsed, ~n/a remaining)
  [1386/3225] ok=0 cached=1386 fail=0  0.0GB total (0min elapsed, ~n/a remaining)
  [1387/3225] ok=0 cached=1387 fail=0  0.0GB total (0min elapsed, ~n/a remaining)
  [1388/3225] ok=0 cached=1388 fail=0  0.0GB total (0min elapsed, ~n/a remaining)
  [1389/3225] ok=0 cached=1389 fail=0  0.0GB total (0min elapsed, ~n/a remaining)
  [1390/3225] ok=0 cached=1390 fail=0  0.0GB total (0min elapsed, ~n/a remaining)
  [1391/3225] ok=0 cached=1391 fail=0  0.0GB total (0min elapsed, ~n/a remaining)
  [1392/3225] ok=0 cached=1392 fail=0  0.0GB total (0min elapsed, ~n/a remaining)
  [1393/3225] ok=0 cached=1393 fail=0  0.0GB total (0min elapsed, ~n/a remaining)
  [1394/3225] ok=0 cached=1394 fail=0  0.0GB total (0min elapsed, ~n/a remaining)
  [1395/3225] ok=0 cached=1395 fail=0  0.0GB total (0min elapsed, ~n/a remaining)
  [1396/3225] ok=0 cached=1396 fail=0  0.0GB total (0min elapsed, ~n/a remaining)
  [1397/3225] ok=0 cached=1397 fail=0  0.0GB total (0min elapsed, ~n/a remaining)
  [1398/3225] ok=0 cached=1398 fail=0  0.0GB total (0min elapsed, ~n/a remaining)
  [1399/3225] ok=0 cached=1399 fail=0  0.0GB total (0min elapsed, ~n/a remaining)
  [1400/3225] ok=0 cached=1400 fail=0  0.0GB total (0min elapsed, ~n/a remaining)
  [1401/3225] ok=0 cached=1401 fail=0  0.0GB total (0min elapsed, ~n/a remaining)
  [1402/3225] ok=0 cached=1402 fail=0  0.0GB total (0min elapsed, ~n/a remaining)
  [1403/3225] ok=0 cached=1403 fail=0  0.0GB total (0min elapsed, ~n/a remaining)
  [1404/3225] ok=0 cached=1404 fail=0  0.0GB total (0min elapsed, ~n/a remaining)
  [1405/3225] ok=0 cached=1405 fail=0  0.0GB total (0min elapsed, ~n/a remaining)
  [1406/3225] ok=0 cached=1406 fail=0  0.0GB total (0min elapsed, ~n/a remaining)
  [1407/3225] ok=0 cached=1407 fail=0  0.0GB total (0min elapsed, ~n/a remaining)
  [1408/3225] ok=0 cached=1408 fail=0  0.0GB total (0min elapsed, ~n/a remaining)
  [1409/3225] ok=0 cached=1409 fail=0  0.0GB total (0min elapsed, ~n/a remaining)
  [1410/3225] ok=0 cached=1410 fail=0  0.0GB total (0min elapsed, ~n/a remaining)
  [1411/3225] ok=0 cached=1411 fail=0  0.0GB total (0min elapsed, ~n/a remaining)
  [1412/3225] ok=0 cached=1412 fail=0  0.0GB total (0min elapsed, ~n/a remaining)
  [1413/3225] ok=0 cached=1413 fail=0  0.0GB total (0min elapsed, ~n/a remaining)
  [1414/3225] ok=0 cached=1414 fail=0  0.0GB total (0min elapsed, ~n/a remaining)
  [1415/3225] ok=0 cached=1415 fail=0  0.0GB total (0min elapsed, ~n/a remaining)
  [1416/3225] ok=0 cached=1416 fail=0  0.0GB total (0min elapsed, ~n/a remaining)
  [1417/3225] ok=0 cached=1417 fail=0  0.0GB total (0min elapsed, ~n/a remaining)
  [1418/3225] ok=0 cached=1418 fail=0  0.0GB total (0min elapsed, ~n/a remaining)
  [1419/3225] ok=0 cached=1419 fail=0  0.0GB total (0min elapsed, ~n/a remaining)
  [1420/3225] ok=0 cached=1420 fail=0  0.0GB total (0min elapsed, ~n/a remaining)
  [1421/3225] ok=0 cached=1421 fail=0  0.0GB total (0min elapsed, ~n/a remaining)
  [1422/3225] ok=0 cached=1422 fail=0  0.0GB total (0min elapsed, ~n/a remaining)
  [1423/3225] ok=0 cached=1423 fail=0  0.0GB total (0min elapsed, ~n/a remaining)
  [1424/3225] ok=0 cached=1424 fail=0  0.0GB total (0min elapsed, ~n/a remaining)
  [1425/3225] ok=0 cached=1425 fail=0  0.0GB total (0min elapsed, ~n/a remaining)
  [1426/3225] ok=0 cached=1426 fail=0  0.0GB total (0min elapsed, ~n/a remaining)
  [1427/3225] ok=0 cached=1427 fail=0  0.0GB total (0min elapsed, ~n/a remaining)
  [1428/3225] ok=0 cached=1428 fail=0  0.0GB total (0min elapsed, ~n/a remaining)
  [1429/3225] ok=0 cached=1429 fail=0  0.0GB total (0min elapsed, ~n/a remaining)
  [1430/3225] ok=0 cached=1430 fail=0  0.0GB total (0min elapsed, ~n/a remaining)
  [1431/3225] ok=0 cached=1431 fail=0  0.0GB total (0min elapsed, ~n/a remaining)
  [1432/3225] ok=0 cached=1432 fail=0  0.0GB total (0min elapsed, ~n/a remaining)
  [1433/3225] ok=0 cached=1433 fail=0  0.0GB total (0min elapsed, ~n/a remaining)
  [1434/3225] ok=0 cached=1434 fail=0  0.0GB total (0min elapsed, ~n/a remaining)
  [1435/3225] ok=0 cached=1435 fail=0  0.0GB total (0min elapsed, ~n/a remaining)
  [1436/3225] ok=0 cached=1436 fail=0  0.0GB total (0min elapsed, ~n/a remaining)
  [1437/3225] ok=0 cached=1437 fail=0  0.0GB total (0min elapsed, ~n/a remaining)
  [1438/3225] ok=0 cached=1438 fail=0  0.0GB total (0min elapsed, ~n/a remaining)
  [1439/3225] ok=0 cached=1439 fail=0  0.0GB total (0min elapsed, ~n/a remaining)
  [1440/3225] ok=0 cached=1440 fail=0  0.0GB total (0min elapsed, ~n/a remaining)
  [1441/3225] ok=0 cached=1441 fail=0  0.0GB total (0min elapsed, ~n/a remaining)
  [1442/3225] ok=0 cached=1442 fail=0  0.0GB total (0min elapsed, ~n/a remaining)
  [1443/3225] ok=0 cached=1443 fail=0  0.0GB total (0min elapsed, ~n/a remaining)
  [1444/3225] ok=0 cached=1444 fail=0  0.0GB total (0min elapsed, ~n/a remaining)
  [1445/3225] ok=0 cached=1445 fail=0  0.0GB total (0min elapsed, ~n/a remaining)
  [1446/3225] ok=0 cached=1446 fail=0  0.0GB total (0min elapsed, ~n/a remaining)
  [1447/3225] ok=0 cached=1447 fail=0  0.0GB total (0min elapsed, ~n/a remaining)
  [1448/3225] ok=0 cached=1448 fail=0  0.0GB total (0min elapsed, ~n/a remaining)
  [1449/3225] ok=0 cached=1449 fail=0  0.0GB total (0min elapsed, ~n/a remaining)
  [1450/3225] ok=0 cached=1450 fail=0  0.0GB total (0min elapsed, ~n/a remaining)
  [1451/3225] ok=0 cached=1451 fail=0  0.0GB total (0min elapsed, ~n/a remaining)
  [1452/3225] ok=0 cached=1452 fail=0  0.0GB total (0min elapsed, ~n/a remaining)
  [1453/3225] ok=0 cached=1453 fail=0  0.0GB total (0min elapsed, ~n/a remaining)
  [1454/3225] ok=0 cached=1454 fail=0  0.0GB total (0min elapsed, ~n/a remaining)
  [1455/3225] ok=0 cached=1455 fail=0  0.0GB total (0min elapsed, ~n/a remaining)
  [1456/3225] ok=0 cached=1456 fail=0  0.0GB total (0min elapsed, ~n/a remaining)
  [1457/3225] ok=0 cached=1457 fail=0  0.0GB total (0min elapsed, ~n/a remaining)
  [1458/3225] ok=0 cached=1458 fail=0  0.0GB total (0min elapsed, ~n/a remaining)
  [1459/3225] ok=0 cached=1459 fail=0  0.0GB total (0min elapsed, ~n/a remaining)
  [1460/3225] ok=0 cached=1460 fail=0  0.0GB total (0min elapsed, ~n/a remaining)
  [1461/3225] ok=0 cached=1461 fail=0  0.0GB total (0min elapsed, ~n/a remaining)
  [1462/3225] ok=0 cached=1462 fail=0  0.0GB total (0min elapsed, ~n/a remaining)
  [1463/3225] ok=0 cached=1463 fail=0  0.0GB total (0min elapsed, ~n/a remaining)
  [1464/3225] ok=0 cached=1464 fail=0  0.0GB total (0min elapsed, ~n/a remaining)
  [1465/3225] ok=0 cached=1465 fail=0  0.0GB total (0min elapsed, ~n/a remaining)
  [1466/3225] ok=0 cached=1466 fail=0  0.0GB total (0min elapsed, ~n/a remaining)
  [1467/3225] ok=0 cached=1467 fail=0  0.0GB total (0min elapsed, ~n/a remaining)
  [1468/3225] ok=0 cached=1468 fail=0  0.0GB total (0min elapsed, ~n/a remaining)
  [1469/3225] ok=0 cached=1469 fail=0  0.0GB total (0min elapsed, ~n/a remaining)
  [1470/3225] ok=0 cached=1470 fail=0  0.0GB total (0min elapsed, ~n/a remaining)
  [1471/3225] ok=0 cached=1471 fail=0  0.0GB total (0min elapsed, ~n/a remaining)
  [1472/3225] ok=0 cached=1472 fail=0  0.0GB total (0min elapsed, ~n/a remaining)
  [1473/3225] ok=0 cached=1473 fail=0  0.0GB total (0min elapsed, ~n/a remaining)
  [1474/3225] ok=0 cached=1474 fail=0  0.0GB total (0min elapsed, ~n/a remaining)
  [1475/3225] ok=0 cached=1475 fail=0  0.0GB total (0min elapsed, ~n/a remaining)
  [1476/3225] ok=0 cached=1476 fail=0  0.0GB total (0min elapsed, ~n/a remaining)
  [1477/3225] ok=0 cached=1477 fail=0  0.0GB total (0min elapsed, ~n/a remaining)
  [1478/3225] ok=0 cached=1478 fail=0  0.0GB total (0min elapsed, ~n/a remaining)
  [1479/3225] ok=0 cached=1479 fail=0  0.0GB total (0min elapsed, ~n/a remaining)
  [1480/3225] ok=0 cached=1480 fail=0  0.0GB total (0min elapsed, ~n/a remaining)
  [1481/3225] ok=0 cached=1481 fail=0  0.0GB total (0min elapsed, ~n/a remaining)
  [1482/3225] ok=0 cached=1482 fail=0  0.0GB total (0min elapsed, ~n/a remaining)
  [1483/3225] ok=0 cached=1483 fail=0  0.0GB total (0min elapsed, ~n/a remaining)
  [1484/3225] ok=0 cached=1484 fail=0  0.0GB total (0min elapsed, ~n/a remaining)
  [1485/3225] ok=0 cached=1485 fail=0  0.0GB total (0min elapsed, ~n/a remaining)
  [1486/3225] ok=0 cached=1486 fail=0  0.0GB total (0min elapsed, ~n/a remaining)
  [1487/3225] ok=0 cached=1487 fail=0  0.0GB total (0min elapsed, ~n/a remaining)
  [1488/3225] ok=0 cached=1488 fail=0  0.0GB total (0min elapsed, ~n/a remaining)
  [1489/3225] ok=0 cached=1489 fail=0  0.0GB total (0min elapsed, ~n/a remaining)
  [1490/3225] ok=0 cached=1490 fail=0  0.0GB total (0min elapsed, ~n/a remaining)
  [1491/3225] ok=0 cached=1491 fail=0  0.0GB total (0min elapsed, ~n/a remaining)
  [1492/3225] ok=0 cached=1492 fail=0  0.0GB total (0min elapsed, ~n/a remaining)
  [1493/3225] ok=0 cached=1493 fail=0  0.0GB total (0min elapsed, ~n/a remaining)
  [1494/3225] ok=0 cached=1494 fail=0  0.0GB total (0min elapsed, ~n/a remaining)
  [1495/3225] ok=0 cached=1495 fail=0  0.0GB total (0min elapsed, ~n/a remaining)
  [1496/3225] ok=0 cached=1496 fail=0  0.0GB total (0min elapsed, ~n/a remaining)
  [1497/3225] ok=0 cached=1497 fail=0  0.0GB total (0min elapsed, ~n/a remaining)
  [1498/3225] ok=0 cached=1498 fail=0  0.0GB total (0min elapsed, ~n/a remaining)
  [1499/3225] ok=0 cached=1499 fail=0  0.0GB total (0min elapsed, ~n/a remaining)
  [1500/3225] ok=0 cached=1500 fail=0  0.0GB total (0min elapsed, ~n/a remaining)
  [1501/3225] ok=0 cached=1501 fail=0  0.0GB total (0min elapsed, ~n/a remaining)
  [1502/3225] ok=0 cached=1502 fail=0  0.0GB total (0min elapsed, ~n/a remaining)
  [1503/3225] ok=0 cached=1503 fail=0  0.0GB total (0min elapsed, ~n/a remaining)
  [1504/3225] ok=0 cached=1504 fail=0  0.0GB total (0min elapsed, ~n/a remaining)
  [1505/3225] ok=0 cached=1505 fail=0  0.0GB total (0min elapsed, ~n/a remaining)
  [1506/3225] ok=0 cached=1506 fail=0  0.0GB total (0min elapsed, ~n/a remaining)
  [1507/3225] ok=0 cached=1507 fail=0  0.0GB total (0min elapsed, ~n/a remaining)
  [1508/3225] ok=0 cached=1508 fail=0  0.0GB total (0min elapsed, ~n/a remaining)
  [1509/3225] ok=0 cached=1509 fail=0  0.0GB total (0min elapsed, ~n/a remaining)
  [1510/3225] ok=0 cached=1510 fail=0  0.0GB total (0min elapsed, ~n/a remaining)
  [1511/3225] ok=0 cached=1511 fail=0  0.0GB total (0min elapsed, ~n/a remaining)
  [1512/3225] ok=0 cached=1512 fail=0  0.0GB total (0min elapsed, ~n/a remaining)
  [1513/3225] ok=0 cached=1513 fail=0  0.0GB total (0min elapsed, ~n/a remaining)
  [1514/3225] ok=0 cached=1514 fail=0  0.0GB total (0min elapsed, ~n/a remaining)
  [1515/3225] ok=0 cached=1515 fail=0  0.0GB total (0min elapsed, ~n/a remaining)
  [1516/3225] ok=0 cached=1516 fail=0  0.0GB total (0min elapsed, ~n/a remaining)
  [1517/3225] ok=0 cached=1517 fail=0  0.0GB total (0min elapsed, ~n/a remaining)
  [1518/3225] ok=0 cached=1518 fail=0  0.0GB total (0min elapsed, ~n/a remaining)
  [1519/3225] ok=0 cached=1519 fail=0  0.0GB total (0min elapsed, ~n/a remaining)
  [1520/3225] ok=0 cached=1520 fail=0  0.0GB total (0min elapsed, ~n/a remaining)
  [1521/3225] ok=0 cached=1521 fail=0  0.0GB total (0min elapsed, ~n/a remaining)
  [1522/3225] ok=0 cached=1522 fail=0  0.0GB total (0min elapsed, ~n/a remaining)
  [1523/3225] ok=0 cached=1523 fail=0  0.0GB total (0min elapsed, ~n/a remaining)
  [1524/3225] ok=0 cached=1524 fail=0  0.0GB total (0min elapsed, ~n/a remaining)
  [1525/3225] ok=0 cached=1525 fail=0  0.0GB total (0min elapsed, ~n/a remaining)
  [1526/3225] ok=0 cached=1526 fail=0  0.0GB total (0min elapsed, ~n/a remaining)
  [1527/3225] ok=0 cached=1527 fail=0  0.0GB total (0min elapsed, ~n/a remaining)
  [1528/3225] ok=0 cached=1528 fail=0  0.0GB total (0min elapsed, ~n/a remaining)
  [1529/3225] ok=0 cached=1529 fail=0  0.0GB total (0min elapsed, ~n/a remaining)
  [1530/3225] ok=0 cached=1530 fail=0  0.0GB total (0min elapsed, ~n/a remaining)
  [1531/3225] ok=0 cached=1531 fail=0  0.0GB total (0min elapsed, ~n/a remaining)
  [1532/3225] ok=0 cached=1532 fail=0  0.0GB total (0min elapsed, ~n/a remaining)
  [1533/3225] ok=0 cached=1533 fail=0  0.0GB total (0min elapsed, ~n/a remaining)
  [1534/3225] ok=0 cached=1534 fail=0  0.0GB total (0min elapsed, ~n/a remaining)
  [1535/3225] ok=0 cached=1535 fail=0  0.0GB total (0min elapsed, ~n/a remaining)
  [1536/3225] ok=0 cached=1536 fail=0  0.0GB total (0min elapsed, ~n/a remaining)
  [1537/3225] ok=0 cached=1537 fail=0  0.0GB total (0min elapsed, ~n/a remaining)
  [1538/3225] ok=0 cached=1538 fail=0  0.0GB total (0min elapsed, ~n/a remaining)
  [1539/3225] ok=0 cached=1539 fail=0  0.0GB total (0min elapsed, ~n/a remaining)
  [1540/3225] ok=0 cached=1540 fail=0  0.0GB total (0min elapsed, ~n/a remaining)
  [1541/3225] ok=0 cached=1541 fail=0  0.0GB total (0min elapsed, ~n/a remaining)
  [1542/3225] ok=0 cached=1542 fail=0  0.0GB total (0min elapsed, ~n/a remaining)
  [1543/3225] ok=0 cached=1543 fail=0  0.0GB total (0min elapsed, ~n/a remaining)
  [1544/3225] ok=0 cached=1544 fail=0  0.0GB total (0min elapsed, ~n/a remaining)
  [1545/3225] ok=0 cached=1545 fail=0  0.0GB total (0min elapsed, ~n/a remaining)
  [1546/3225] ok=0 cached=1546 fail=0  0.0GB total (0min elapsed, ~n/a remaining)
  [1547/3225] ok=0 cached=1547 fail=0  0.0GB total (0min elapsed, ~n/a remaining)
  [1548/3225] ok=0 cached=1548 fail=0  0.0GB total (0min elapsed, ~n/a remaining)
  [1549/3225] ok=0 cached=1549 fail=0  0.0GB total (0min elapsed, ~n/a remaining)
  [1550/3225] ok=0 cached=1550 fail=0  0.0GB total (0min elapsed, ~n/a remaining)
  [1551/3225] ok=0 cached=1551 fail=0  0.0GB total (0min elapsed, ~n/a remaining)
  [1552/3225] ok=0 cached=1552 fail=0  0.0GB total (0min elapsed, ~n/a remaining)
  [1553/3225] ok=0 cached=1553 fail=0  0.0GB total (0min elapsed, ~n/a remaining)
  [1554/3225] ok=0 cached=1554 fail=0  0.0GB total (0min elapsed, ~n/a remaining)
  [1555/3225] ok=0 cached=1555 fail=0  0.0GB total (0min elapsed, ~n/a remaining)
  [1556/3225] ok=0 cached=1556 fail=0  0.0GB total (0min elapsed, ~n/a remaining)
  [1557/3225] ok=0 cached=1557 fail=0  0.0GB total (0min elapsed, ~n/a remaining)
  [1558/3225] ok=0 cached=1558 fail=0  0.0GB total (0min elapsed, ~n/a remaining)
  [1559/3225] ok=0 cached=1559 fail=0  0.0GB total (0min elapsed, ~n/a remaining)
  [1560/3225] ok=0 cached=1560 fail=0  0.0GB total (0min elapsed, ~n/a remaining)
  [1561/3225] ok=0 cached=1561 fail=0  0.0GB total (0min elapsed, ~n/a remaining)
  [1562/3225] ok=0 cached=1562 fail=0  0.0GB total (0min elapsed, ~n/a remaining)
  [1563/3225] ok=0 cached=1563 fail=0  0.0GB total (0min elapsed, ~n/a remaining)
  [1564/3225] ok=0 cached=1564 fail=0  0.0GB total (0min elapsed, ~n/a remaining)
  [1565/3225] ok=0 cached=1565 fail=0  0.0GB total (0min elapsed, ~n/a remaining)
  [1566/3225] ok=0 cached=1566 fail=0  0.0GB total (0min elapsed, ~n/a remaining)
  [1567/3225] ok=0 cached=1567 fail=0  0.0GB total (0min elapsed, ~n/a remaining)
  [1568/3225] ok=0 cached=1568 fail=0  0.0GB total (0min elapsed, ~n/a remaining)
  [1569/3225] ok=0 cached=1569 fail=0  0.0GB total (0min elapsed, ~n/a remaining)
  [1570/3225] ok=0 cached=1570 fail=0  0.0GB total (0min elapsed, ~n/a remaining)
  [1571/3225] ok=0 cached=1571 fail=0  0.0GB total (0min elapsed, ~n/a remaining)
  [1572/3225] ok=0 cached=1572 fail=0  0.0GB total (0min elapsed, ~n/a remaining)
  [1573/3225] ok=0 cached=1573 fail=0  0.0GB total (0min elapsed, ~n/a remaining)
  [1574/3225] ok=0 cached=1574 fail=0  0.0GB total (0min elapsed, ~n/a remaining)
  [1575/3225] ok=0 cached=1575 fail=0  0.0GB total (0min elapsed, ~n/a remaining)
  [1576/3225] ok=0 cached=1576 fail=0  0.0GB total (0min elapsed, ~n/a remaining)
  [1577/3225] ok=0 cached=1577 fail=0  0.0GB total (0min elapsed, ~n/a remaining)
  [1578/3225] ok=0 cached=1578 fail=0  0.0GB total (0min elapsed, ~n/a remaining)
  [1579/3225] ok=0 cached=1579 fail=0  0.0GB total (0min elapsed, ~n/a remaining)
  [1580/3225] ok=0 cached=1580 fail=0  0.0GB total (0min elapsed, ~n/a remaining)
  [1581/3225] ok=0 cached=1581 fail=0  0.0GB total (0min elapsed, ~n/a remaining)
  [1582/3225] ok=0 cached=1582 fail=0  0.0GB total (0min elapsed, ~n/a remaining)
  [1583/3225] ok=0 cached=1583 fail=0  0.0GB total (0min elapsed, ~n/a remaining)
  [1584/3225] ok=0 cached=1584 fail=0  0.0GB total (0min elapsed, ~n/a remaining)
  [1585/3225] ok=0 cached=1585 fail=0  0.0GB total (0min elapsed, ~n/a remaining)
  [1586/3225] ok=0 cached=1586 fail=0  0.0GB total (0min elapsed, ~n/a remaining)
  [1587/3225] ok=0 cached=1587 fail=0  0.0GB total (0min elapsed, ~n/a remaining)
  [1588/3225] ok=0 cached=1588 fail=0  0.0GB total (0min elapsed, ~n/a remaining)
  [1589/3225] ok=0 cached=1589 fail=0  0.0GB total (0min elapsed, ~n/a remaining)
  [1590/3225] ok=0 cached=1590 fail=0  0.0GB total (0min elapsed, ~n/a remaining)
  [1591/3225] ok=0 cached=1591 fail=0  0.0GB total (0min elapsed, ~n/a remaining)
  [1592/3225] ok=0 cached=1592 fail=0  0.0GB total (0min elapsed, ~n/a remaining)
  [1593/3225] ok=0 cached=1593 fail=0  0.0GB total (0min elapsed, ~n/a remaining)
  [1594/3225] ok=0 cached=1594 fail=0  0.0GB total (0min elapsed, ~n/a remaining)
  [1595/3225] ok=0 cached=1595 fail=0  0.0GB total (0min elapsed, ~n/a remaining)
  [1596/3225] ok=0 cached=1596 fail=0  0.0GB total (0min elapsed, ~n/a remaining)
  [1597/3225] ok=0 cached=1597 fail=0  0.0GB total (0min elapsed, ~n/a remaining)
  [1598/3225] ok=0 cached=1598 fail=0  0.0GB total (0min elapsed, ~n/a remaining)
  [1599/3225] ok=0 cached=1599 fail=0  0.0GB total (0min elapsed, ~n/a remaining)
  [1600/3225] ok=0 cached=1600 fail=0  0.0GB total (0min elapsed, ~n/a remaining)
  [1601/3225] ok=0 cached=1601 fail=0  0.0GB total (0min elapsed, ~n/a remaining)
  [1602/3225] ok=0 cached=1602 fail=0  0.0GB total (0min elapsed, ~n/a remaining)
  [1603/3225] ok=0 cached=1603 fail=0  0.0GB total (0min elapsed, ~n/a remaining)
  [1604/3225] ok=0 cached=1604 fail=0  0.0GB total (0min elapsed, ~n/a remaining)
  [1605/3225] ok=0 cached=1605 fail=0  0.0GB total (0min elapsed, ~n/a remaining)
  [1606/3225] ok=0 cached=1606 fail=0  0.0GB total (0min elapsed, ~n/a remaining)
  [1607/3225] ok=0 cached=1607 fail=0  0.0GB total (0min elapsed, ~n/a remaining)
  [1608/3225] ok=0 cached=1608 fail=0  0.0GB total (0min elapsed, ~n/a remaining)
  [1609/3225] ok=0 cached=1609 fail=0  0.0GB total (0min elapsed, ~n/a remaining)
  [1610/3225] ok=0 cached=1610 fail=0  0.0GB total (0min elapsed, ~n/a remaining)
  [1611/3225] ok=0 cached=1611 fail=0  0.0GB total (0min elapsed, ~n/a remaining)
  [1612/3225] ok=0 cached=1612 fail=0  0.0GB total (0min elapsed, ~n/a remaining)
  [1613/3225] ok=0 cached=1613 fail=0  0.0GB total (0min elapsed, ~n/a remaining)
  [1614/3225] ok=0 cached=1614 fail=0  0.0GB total (0min elapsed, ~n/a remaining)
  [1615/3225] ok=0 cached=1615 fail=0  0.0GB total (0min elapsed, ~n/a remaining)
  [1616/3225] ok=0 cached=1616 fail=0  0.0GB total (0min elapsed, ~n/a remaining)
  [1617/3225] ok=0 cached=1617 fail=0  0.0GB total (0min elapsed, ~n/a remaining)
  [1618/3225] ok=0 cached=1618 fail=0  0.0GB total (0min elapsed, ~n/a remaining)
  [1619/3225] ok=0 cached=1619 fail=0  0.0GB total (0min elapsed, ~n/a remaining)
  [1620/3225] ok=0 cached=1620 fail=0  0.0GB total (0min elapsed, ~n/a remaining)
  [1621/3225] ok=0 cached=1621 fail=0  0.0GB total (0min elapsed, ~n/a remaining)
  [1622/3225] ok=0 cached=1622 fail=0  0.0GB total (0min elapsed, ~n/a remaining)
  [1623/3225] ok=0 cached=1623 fail=0  0.0GB total (0min elapsed, ~n/a remaining)
  [1624/3225] ok=0 cached=1624 fail=0  0.0GB total (0min elapsed, ~n/a remaining)
  [1625/3225] ok=0 cached=1625 fail=0  0.0GB total (0min elapsed, ~n/a remaining)
  [1626/3225] ok=0 cached=1626 fail=0  0.0GB total (0min elapsed, ~n/a remaining)
  [1627/3225] ok=0 cached=1627 fail=0  0.0GB total (0min elapsed, ~n/a remaining)
  [1628/3225] ok=0 cached=1628 fail=0  0.0GB total (0min elapsed, ~n/a remaining)
  [1629/3225] ok=0 cached=1629 fail=0  0.0GB total (0min elapsed, ~n/a remaining)
  [1630/3225] ok=0 cached=1630 fail=0  0.0GB total (0min elapsed, ~n/a remaining)
  [1631/3225] ok=0 cached=1631 fail=0  0.0GB total (0min elapsed, ~n/a remaining)
  [1632/3225] ok=0 cached=1632 fail=0  0.0GB total (0min elapsed, ~n/a remaining)
  [1633/3225] ok=0 cached=1633 fail=0  0.0GB total (0min elapsed, ~n/a remaining)
  [1634/3225] ok=0 cached=1634 fail=0  0.0GB total (0min elapsed, ~n/a remaining)
  [1635/3225] ok=0 cached=1635 fail=0  0.0GB total (0min elapsed, ~n/a remaining)
  [1636/3225] ok=0 cached=1636 fail=0  0.0GB total (0min elapsed, ~n/a remaining)
  [1637/3225] ok=0 cached=1637 fail=0  0.0GB total (0min elapsed, ~n/a remaining)
  [1638/3225] ok=0 cached=1638 fail=0  0.0GB total (0min elapsed, ~n/a remaining)
  [1639/3225] ok=0 cached=1639 fail=0  0.0GB total (0min elapsed, ~n/a remaining)
  [1640/3225] ok=0 cached=1640 fail=0  0.0GB total (0min elapsed, ~n/a remaining)
  [1641/3225] ok=0 cached=1641 fail=0  0.0GB total (0min elapsed, ~n/a remaining)
  [1642/3225] ok=0 cached=1642 fail=0  0.0GB total (0min elapsed, ~n/a remaining)
  [1643/3225] ok=0 cached=1643 fail=0  0.0GB total (0min elapsed, ~n/a remaining)
  [1644/3225] ok=0 cached=1644 fail=0  0.0GB total (0min elapsed, ~n/a remaining)
  [1645/3225] ok=0 cached=1645 fail=0  0.0GB total (0min elapsed, ~n/a remaining)
  [1646/3225] ok=0 cached=1646 fail=0  0.0GB total (0min elapsed, ~n/a remaining)
  [1647/3225] ok=0 cached=1647 fail=0  0.0GB total (0min elapsed, ~n/a remaining)
  [1648/3225] ok=0 cached=1648 fail=0  0.0GB total (0min elapsed, ~n/a remaining)
  [1649/3225] ok=0 cached=1649 fail=0  0.0GB total (0min elapsed, ~n/a remaining)
  [1650/3225] ok=0 cached=1650 fail=0  0.0GB total (0min elapsed, ~n/a remaining)
  [1651/3225] ok=0 cached=1651 fail=0  0.0GB total (0min elapsed, ~n/a remaining)
  [1652/3225] ok=0 cached=1652 fail=0  0.0GB total (0min elapsed, ~n/a remaining)
  [1653/3225] ok=0 cached=1653 fail=0  0.0GB total (0min elapsed, ~n/a remaining)
  [1654/3225] ok=0 cached=1654 fail=0  0.0GB total (0min elapsed, ~n/a remaining)
  [1655/3225] ok=0 cached=1655 fail=0  0.0GB total (0min elapsed, ~n/a remaining)
  [1656/3225] ok=0 cached=1656 fail=0  0.0GB total (0min elapsed, ~n/a remaining)
  [1657/3225] ok=0 cached=1657 fail=0  0.0GB total (0min elapsed, ~n/a remaining)
  [1658/3225] ok=0 cached=1658 fail=0  0.0GB total (0min elapsed, ~n/a remaining)
  [1659/3225] ok=0 cached=1659 fail=0  0.0GB total (0min elapsed, ~n/a remaining)
  [1660/3225] ok=0 cached=1660 fail=0  0.0GB total (0min elapsed, ~n/a remaining)
  [1661/3225] ok=0 cached=1661 fail=0  0.0GB total (0min elapsed, ~n/a remaining)
  [1662/3225] ok=0 cached=1662 fail=0  0.0GB total (0min elapsed, ~n/a remaining)
  [1663/3225] ok=0 cached=1663 fail=0  0.0GB total (0min elapsed, ~n/a remaining)
  [1664/3225] ok=0 cached=1664 fail=0  0.0GB total (0min elapsed, ~n/a remaining)
  [1665/3225] ok=0 cached=1665 fail=0  0.0GB total (0min elapsed, ~n/a remaining)
  [1666/3225] ok=0 cached=1666 fail=0  0.0GB total (0min elapsed, ~n/a remaining)
  [1667/3225] ok=0 cached=1667 fail=0  0.0GB total (0min elapsed, ~n/a remaining)
  [1668/3225] ok=0 cached=1668 fail=0  0.0GB total (0min elapsed, ~n/a remaining)
  [1669/3225] ok=0 cached=1669 fail=0  0.0GB total (0min elapsed, ~n/a remaining)
  [1670/3225] ok=0 cached=1670 fail=0  0.0GB total (0min elapsed, ~n/a remaining)
  [1671/3225] ok=0 cached=1671 fail=0  0.0GB total (0min elapsed, ~n/a remaining)
  [1672/3225] ok=0 cached=1672 fail=0  0.0GB total (0min elapsed, ~n/a remaining)
  [1673/3225] ok=0 cached=1673 fail=0  0.0GB total (0min elapsed, ~n/a remaining)
  [1674/3225] ok=0 cached=1674 fail=0  0.0GB total (0min elapsed, ~n/a remaining)
  [1675/3225] ok=0 cached=1675 fail=0  0.0GB total (0min elapsed, ~n/a remaining)
  [1676/3225] ok=0 cached=1676 fail=0  0.0GB total (0min elapsed, ~n/a remaining)
  [1677/3225] ok=0 cached=1677 fail=0  0.0GB total (0min elapsed, ~n/a remaining)
  [1678/3225] ok=0 cached=1678 fail=0  0.0GB total (0min elapsed, ~n/a remaining)
  [1679/3225] ok=0 cached=1679 fail=0  0.0GB total (0min elapsed, ~n/a remaining)
  [1680/3225] ok=0 cached=1680 fail=0  0.0GB total (0min elapsed, ~n/a remaining)
  [1681/3225] ok=0 cached=1681 fail=0  0.0GB total (0min elapsed, ~n/a remaining)
  [1682/3225] ok=0 cached=1682 fail=0  0.0GB total (0min elapsed, ~n/a remaining)
  [1683/3225] ok=0 cached=1683 fail=0  0.0GB total (0min elapsed, ~n/a remaining)
  [1684/3225] ok=0 cached=1684 fail=0  0.0GB total (0min elapsed, ~n/a remaining)
  [1685/3225] ok=0 cached=1685 fail=0  0.0GB total (0min elapsed, ~n/a remaining)
  [1686/3225] ok=0 cached=1686 fail=0  0.0GB total (0min elapsed, ~n/a remaining)
  [1687/3225] ok=0 cached=1687 fail=0  0.0GB total (0min elapsed, ~n/a remaining)
  [1688/3225] ok=0 cached=1688 fail=0  0.0GB total (0min elapsed, ~n/a remaining)
  [1689/3225] ok=0 cached=1689 fail=0  0.0GB total (0min elapsed, ~n/a remaining)
  [1690/3225] ok=0 cached=1690 fail=0  0.0GB total (0min elapsed, ~n/a remaining)
  [1691/3225] ok=0 cached=1691 fail=0  0.0GB total (0min elapsed, ~n/a remaining)
  [1692/3225] ok=0 cached=1692 fail=0  0.0GB total (0min elapsed, ~n/a remaining)
  [1693/3225] ok=0 cached=1693 fail=0  0.0GB total (0min elapsed, ~n/a remaining)
  [1694/3225] ok=0 cached=1694 fail=0  0.0GB total (0min elapsed, ~n/a remaining)
  [1695/3225] ok=0 cached=1695 fail=0  0.0GB total (0min elapsed, ~n/a remaining)
  [1696/3225] ok=0 cached=1696 fail=0  0.0GB total (0min elapsed, ~n/a remaining)
  [1697/3225] ok=0 cached=1697 fail=0  0.0GB total (0min elapsed, ~n/a remaining)
  [1698/3225] ok=0 cached=1698 fail=0  0.0GB total (0min elapsed, ~n/a remaining)
  [1699/3225] ok=0 cached=1699 fail=0  0.0GB total (0min elapsed, ~n/a remaining)
  [1700/3225] ok=0 cached=1700 fail=0  0.0GB total (0min elapsed, ~n/a remaining)
  [1701/3225] ok=0 cached=1701 fail=0  0.0GB total (0min elapsed, ~n/a remaining)
  [1702/3225] ok=0 cached=1702 fail=0  0.0GB total (0min elapsed, ~n/a remaining)
  [1703/3225] ok=0 cached=1703 fail=0  0.0GB total (0min elapsed, ~n/a remaining)
  [1704/3225] ok=0 cached=1704 fail=0  0.0GB total (0min elapsed, ~n/a remaining)
  [1705/3225] ok=0 cached=1705 fail=0  0.0GB total (0min elapsed, ~n/a remaining)
  [1706/3225] ok=0 cached=1706 fail=0  0.0GB total (0min elapsed, ~n/a remaining)
  [1707/3225] ok=0 cached=1707 fail=0  0.0GB total (0min elapsed, ~n/a remaining)
  [1708/3225] ok=0 cached=1708 fail=0  0.0GB total (0min elapsed, ~n/a remaining)
  [1709/3225] ok=0 cached=1709 fail=0  0.0GB total (0min elapsed, ~n/a remaining)
  [1710/3225] ok=0 cached=1710 fail=0  0.0GB total (0min elapsed, ~n/a remaining)
  [1711/3225] ok=0 cached=1711 fail=0  0.0GB total (0min elapsed, ~n/a remaining)
  [1712/3225] ok=0 cached=1712 fail=0  0.0GB total (0min elapsed, ~n/a remaining)
  [1713/3225] ok=0 cached=1713 fail=0  0.0GB total (0min elapsed, ~n/a remaining)
  [1714/3225] ok=0 cached=1714 fail=0  0.0GB total (0min elapsed, ~n/a remaining)
  [1715/3225] ok=0 cached=1715 fail=0  0.0GB total (0min elapsed, ~n/a remaining)
  [1716/3225] ok=0 cached=1716 fail=0  0.0GB total (0min elapsed, ~n/a remaining)
  [1717/3225] ok=0 cached=1717 fail=0  0.0GB total (0min elapsed, ~n/a remaining)
  [1718/3225] ok=0 cached=1718 fail=0  0.0GB total (0min elapsed, ~n/a remaining)
  [1719/3225] ok=0 cached=1719 fail=0  0.0GB total (0min elapsed, ~n/a remaining)
  [1720/3225] ok=0 cached=1720 fail=0  0.0GB total (0min elapsed, ~n/a remaining)
  [1721/3225] ok=0 cached=1721 fail=0  0.0GB total (0min elapsed, ~n/a remaining)
  [1722/3225] ok=0 cached=1722 fail=0  0.0GB total (0min elapsed, ~n/a remaining)
  [1723/3225] ok=0 cached=1723 fail=0  0.0GB total (0min elapsed, ~n/a remaining)
  [1724/3225] ok=0 cached=1724 fail=0  0.0GB total (0min elapsed, ~n/a remaining)
  [1725/3225] ok=0 cached=1725 fail=0  0.0GB total (0min elapsed, ~n/a remaining)
  [1726/3225] ok=0 cached=1726 fail=0  0.0GB total (0min elapsed, ~n/a remaining)
  [1727/3225] ok=0 cached=1727 fail=0  0.0GB total (0min elapsed, ~n/a remaining)
  [1728/3225] ok=0 cached=1728 fail=0  0.0GB total (0min elapsed, ~n/a remaining)
  [1729/3225] ok=0 cached=1729 fail=0  0.0GB total (0min elapsed, ~n/a remaining)
  [1730/3225] ok=0 cached=1730 fail=0  0.0GB total (0min elapsed, ~n/a remaining)
  [1731/3225] ok=0 cached=1731 fail=0  0.0GB total (0min elapsed, ~n/a remaining)
  [1732/3225] ok=0 cached=1732 fail=0  0.0GB total (0min elapsed, ~n/a remaining)
  [1733/3225] ok=0 cached=1733 fail=0  0.0GB total (0min elapsed, ~n/a remaining)
  [1734/3225] ok=0 cached=1734 fail=0  0.0GB total (0min elapsed, ~n/a remaining)
  [1735/3225] ok=0 cached=1735 fail=0  0.0GB total (0min elapsed, ~n/a remaining)
  [1736/3225] ok=0 cached=1736 fail=0  0.0GB total (0min elapsed, ~n/a remaining)
  [1737/3225] ok=0 cached=1737 fail=0  0.0GB total (0min elapsed, ~n/a remaining)
  [1738/3225] ok=0 cached=1738 fail=0  0.0GB total (0min elapsed, ~n/a remaining)
  [1739/3225] ok=0 cached=1739 fail=0  0.0GB total (0min elapsed, ~n/a remaining)
  [1740/3225] ok=0 cached=1740 fail=0  0.0GB total (0min elapsed, ~n/a remaining)
  [1741/3225] ok=0 cached=1741 fail=0  0.0GB total (0min elapsed, ~n/a remaining)
  [1742/3225] ok=0 cached=1742 fail=0  0.0GB total (0min elapsed, ~n/a remaining)
  [1743/3225] ok=0 cached=1743 fail=0  0.0GB total (0min elapsed, ~n/a remaining)
  [1744/3225] ok=0 cached=1744 fail=0  0.0GB total (0min elapsed, ~n/a remaining)
  [1745/3225] ok=0 cached=1745 fail=0  0.0GB total (0min elapsed, ~n/a remaining)
  [1746/3225] ok=0 cached=1746 fail=0  0.0GB total (0min elapsed, ~n/a remaining)
  [1747/3225] ok=0 cached=1747 fail=0  0.0GB total (0min elapsed, ~n/a remaining)
  [1748/3225] ok=0 cached=1748 fail=0  0.0GB total (0min elapsed, ~n/a remaining)
  [1749/3225] ok=0 cached=1749 fail=0  0.0GB total (0min elapsed, ~n/a remaining)
  [1750/3225] ok=0 cached=1750 fail=0  0.0GB total (0min elapsed, ~n/a remaining)
  [1751/3225] ok=0 cached=1751 fail=0  0.0GB total (0min elapsed, ~n/a remaining)
  [1752/3225] ok=0 cached=1752 fail=0  0.0GB total (0min elapsed, ~n/a remaining)
  [1753/3225] ok=0 cached=1753 fail=0  0.0GB total (0min elapsed, ~n/a remaining)
  [1754/3225] ok=0 cached=1754 fail=0  0.0GB total (0min elapsed, ~n/a remaining)
  [1755/3225] ok=0 cached=1755 fail=0  0.0GB total (0min elapsed, ~n/a remaining)
  [1756/3225] ok=0 cached=1756 fail=0  0.0GB total (0min elapsed, ~n/a remaining)
  [1757/3225] ok=0 cached=1757 fail=0  0.0GB total (0min elapsed, ~n/a remaining)
  [1758/3225] ok=0 cached=1758 fail=0  0.0GB total (0min elapsed, ~n/a remaining)
  [1759/3225] ok=0 cached=1759 fail=0  0.0GB total (0min elapsed, ~n/a remaining)
  [1760/3225] ok=0 cached=1760 fail=0  0.0GB total (0min elapsed, ~n/a remaining)
  [1761/3225] ok=0 cached=1761 fail=0  0.0GB total (0min elapsed, ~n/a remaining)
  [1762/3225] ok=0 cached=1762 fail=0  0.0GB total (0min elapsed, ~n/a remaining)
  [1763/3225] ok=0 cached=1763 fail=0  0.0GB total (0min elapsed, ~n/a remaining)
  [1764/3225] ok=0 cached=1764 fail=0  0.0GB total (0min elapsed, ~n/a remaining)
  [1765/3225] ok=0 cached=1765 fail=0  0.0GB total (0min elapsed, ~n/a remaining)
  [1766/3225] ok=0 cached=1766 fail=0  0.0GB total (0min elapsed, ~n/a remaining)
  [1767/3225] ok=0 cached=1767 fail=0  0.0GB total (0min elapsed, ~n/a remaining)
  [1768/3225] ok=0 cached=1768 fail=0  0.0GB total (0min elapsed, ~n/a remaining)
  [1769/3225] ok=0 cached=1769 fail=0  0.0GB total (0min elapsed, ~n/a remaining)
  [1770/3225] ok=0 cached=1770 fail=0  0.0GB total (0min elapsed, ~n/a remaining)
  [1771/3225] ok=0 cached=1771 fail=0  0.0GB total (0min elapsed, ~n/a remaining)
  [1772/3225] ok=0 cached=1772 fail=0  0.0GB total (0min elapsed, ~n/a remaining)
  [1773/3225] ok=0 cached=1773 fail=0  0.0GB total (0min elapsed, ~n/a remaining)
  [1774/3225] ok=0 cached=1774 fail=0  0.0GB total (0min elapsed, ~n/a remaining)
  [1775/3225] ok=0 cached=1775 fail=0  0.0GB total (0min elapsed, ~n/a remaining)
  [1776/3225] ok=0 cached=1776 fail=0  0.0GB total (0min elapsed, ~n/a remaining)
  [1777/3225] ok=0 cached=1777 fail=0  0.0GB total (0min elapsed, ~n/a remaining)
  [1778/3225] ok=0 cached=1778 fail=0  0.0GB total (0min elapsed, ~n/a remaining)
  [1779/3225] ok=0 cached=1779 fail=0  0.0GB total (0min elapsed, ~n/a remaining)
  [1780/3225] ok=0 cached=1780 fail=0  0.0GB total (0min elapsed, ~n/a remaining)
  [1781/3225] ok=0 cached=1781 fail=0  0.0GB total (0min elapsed, ~n/a remaining)
  [1782/3225] ok=0 cached=1782 fail=0  0.0GB total (0min elapsed, ~n/a remaining)
  [1783/3225] ok=0 cached=1783 fail=0  0.0GB total (0min elapsed, ~n/a remaining)
  [1784/3225] ok=0 cached=1784 fail=0  0.0GB total (0min elapsed, ~n/a remaining)
  [1785/3225] ok=0 cached=1785 fail=0  0.0GB total (0min elapsed, ~n/a remaining)
  [1786/3225] ok=0 cached=1786 fail=0  0.0GB total (0min elapsed, ~n/a remaining)
  [1787/3225] ok=0 cached=1787 fail=0  0.0GB total (0min elapsed, ~n/a remaining)
  [1788/3225] ok=0 cached=1788 fail=0  0.0GB total (0min elapsed, ~n/a remaining)
  [1789/3225] ok=0 cached=1789 fail=0  0.0GB total (0min elapsed, ~n/a remaining)
  [1790/3225] ok=0 cached=1790 fail=0  0.0GB total (0min elapsed, ~n/a remaining)
  [1791/3225] ok=0 cached=1791 fail=0  0.0GB total (0min elapsed, ~n/a remaining)
  [1792/3225] ok=0 cached=1792 fail=0  0.0GB total (0min elapsed, ~n/a remaining)
  [1793/3225] ok=0 cached=1793 fail=0  0.0GB total (0min elapsed, ~n/a remaining)
  [1794/3225] ok=0 cached=1794 fail=0  0.0GB total (0min elapsed, ~n/a remaining)
  [1795/3225] ok=0 cached=1795 fail=0  0.0GB total (0min elapsed, ~n/a remaining)
  [1796/3225] ok=0 cached=1796 fail=0  0.0GB total (0min elapsed, ~n/a remaining)
  [1797/3225] ok=0 cached=1797 fail=0  0.0GB total (0min elapsed, ~n/a remaining)
  [1798/3225] ok=0 cached=1798 fail=0  0.0GB total (0min elapsed, ~n/a remaining)
  [1799/3225] ok=0 cached=1799 fail=0  0.0GB total (0min elapsed, ~n/a remaining)
  [1800/3225] ok=0 cached=1800 fail=0  0.0GB total (0min elapsed, ~n/a remaining)
  [1801/3225] ok=0 cached=1801 fail=0  0.0GB total (0min elapsed, ~n/a remaining)
  [1802/3225] ok=0 cached=1802 fail=0  0.0GB total (0min elapsed, ~n/a remaining)
  [1803/3225] ok=0 cached=1803 fail=0  0.0GB total (0min elapsed, ~n/a remaining)
  [1804/3225] ok=0 cached=1804 fail=0  0.0GB total (0min elapsed, ~n/a remaining)
  [1805/3225] ok=0 cached=1805 fail=0  0.0GB total (0min elapsed, ~n/a remaining)
  [1806/3225] ok=0 cached=1806 fail=0  0.0GB total (0min elapsed, ~n/a remaining)
  [1807/3225] ok=0 cached=1807 fail=0  0.0GB total (0min elapsed, ~n/a remaining)
  [1808/3225] ok=0 cached=1808 fail=0  0.0GB total (0min elapsed, ~n/a remaining)
  [1809/3225] ok=0 cached=1809 fail=0  0.0GB total (0min elapsed, ~n/a remaining)
  [1810/3225] ok=0 cached=1810 fail=0  0.0GB total (0min elapsed, ~n/a remaining)
  [1811/3225] ok=0 cached=1811 fail=0  0.0GB total (0min elapsed, ~n/a remaining)
  [1812/3225] ok=0 cached=1812 fail=0  0.0GB total (0min elapsed, ~n/a remaining)
  [1813/3225] ok=0 cached=1813 fail=0  0.0GB total (0min elapsed, ~n/a remaining)
  [1814/3225] ok=0 cached=1814 fail=0  0.0GB total (0min elapsed, ~n/a remaining)
  [1815/3225] ok=0 cached=1815 fail=0  0.0GB total (0min elapsed, ~n/a remaining)
  [1816/3225] ok=0 cached=1816 fail=0  0.0GB total (0min elapsed, ~n/a remaining)
  [1817/3225] ok=0 cached=1817 fail=0  0.0GB total (0min elapsed, ~n/a remaining)
  [1818/3225] ok=0 cached=1818 fail=0  0.0GB total (0min elapsed, ~n/a remaining)
  [1819/3225] ok=0 cached=1819 fail=0  0.0GB total (0min elapsed, ~n/a remaining)
  [1820/3225] ok=0 cached=1820 fail=0  0.0GB total (0min elapsed, ~n/a remaining)
  [1821/3225] ok=0 cached=1821 fail=0  0.0GB total (0min elapsed, ~n/a remaining)
  [1822/3225] ok=0 cached=1822 fail=0  0.0GB total (0min elapsed, ~n/a remaining)
  [1823/3225] ok=0 cached=1823 fail=0  0.0GB total (0min elapsed, ~n/a remaining)
  [1824/3225] ok=0 cached=1824 fail=0  0.0GB total (0min elapsed, ~n/a remaining)
  [1825/3225] ok=0 cached=1825 fail=0  0.0GB total (0min elapsed, ~n/a remaining)
  [1826/3225] ok=0 cached=1826 fail=0  0.0GB total (0min elapsed, ~n/a remaining)
  [1827/3225] ok=0 cached=1827 fail=0  0.0GB total (0min elapsed, ~n/a remaining)
  [1828/3225] ok=0 cached=1828 fail=0  0.0GB total (0min elapsed, ~n/a remaining)
  [1829/3225] ok=0 cached=1829 fail=0  0.0GB total (0min elapsed, ~n/a remaining)
  [1830/3225] ok=0 cached=1830 fail=0  0.0GB total (0min elapsed, ~n/a remaining)
  [1831/3225] ok=0 cached=1831 fail=0  0.0GB total (0min elapsed, ~n/a remaining)
  [1832/3225] ok=0 cached=1832 fail=0  0.0GB total (0min elapsed, ~n/a remaining)
  [1833/3225] ok=0 cached=1833 fail=0  0.0GB total (0min elapsed, ~n/a remaining)
  [1834/3225] ok=0 cached=1834 fail=0  0.0GB total (0min elapsed, ~n/a remaining)
  [1835/3225] ok=0 cached=1835 fail=0  0.0GB total (0min elapsed, ~n/a remaining)
  [1836/3225] ok=0 cached=1836 fail=0  0.0GB total (0min elapsed, ~n/a remaining)
  [1837/3225] ok=0 cached=1837 fail=0  0.0GB total (0min elapsed, ~n/a remaining)
  [1838/3225] ok=0 cached=1838 fail=0  0.0GB total (0min elapsed, ~n/a remaining)
  [1839/3225] ok=0 cached=1839 fail=0  0.0GB total (0min elapsed, ~n/a remaining)
  [1840/3225] ok=0 cached=1840 fail=0  0.0GB total (0min elapsed, ~n/a remaining)
  [1841/3225] ok=0 cached=1841 fail=0  0.0GB total (0min elapsed, ~n/a remaining)
  [1842/3225] ok=0 cached=1842 fail=0  0.0GB total (0min elapsed, ~n/a remaining)
  [1843/3225] ok=0 cached=1843 fail=0  0.0GB total (0min elapsed, ~n/a remaining)
  [1844/3225] ok=0 cached=1844 fail=0  0.0GB total (0min elapsed, ~n/a remaining)
  [1845/3225] ok=0 cached=1845 fail=0  0.0GB total (0min elapsed, ~n/a remaining)
  [1846/3225] ok=0 cached=1846 fail=0  0.0GB total (0min elapsed, ~n/a remaining)
  [1847/3225] ok=0 cached=1847 fail=0  0.0GB total (0min elapsed, ~n/a remaining)
  [1848/3225] ok=0 cached=1848 fail=0  0.0GB total (0min elapsed, ~n/a remaining)
  [1849/3225] ok=0 cached=1849 fail=0  0.0GB total (0min elapsed, ~n/a remaining)
  [1850/3225] ok=0 cached=1850 fail=0  0.0GB total (0min elapsed, ~n/a remaining)
  [1851/3225] ok=0 cached=1851 fail=0  0.0GB total (0min elapsed, ~n/a remaining)
  [1852/3225] ok=0 cached=1852 fail=0  0.0GB total (0min elapsed, ~n/a remaining)
  [1853/3225] ok=0 cached=1853 fail=0  0.0GB total (0min elapsed, ~n/a remaining)
  [1854/3225] ok=0 cached=1854 fail=0  0.0GB total (0min elapsed, ~n/a remaining)
  [1855/3225] ok=0 cached=1855 fail=0  0.0GB total (0min elapsed, ~n/a remaining)
  [1856/3225] ok=0 cached=1856 fail=0  0.0GB total (0min elapsed, ~n/a remaining)
  [1857/3225] ok=0 cached=1857 fail=0  0.0GB total (0min elapsed, ~n/a remaining)
  [1858/3225] ok=0 cached=1858 fail=0  0.0GB total (0min elapsed, ~n/a remaining)
  [1859/3225] ok=0 cached=1859 fail=0  0.0GB total (0min elapsed, ~n/a remaining)
  [1860/3225] ok=0 cached=1860 fail=0  0.0GB total (0min elapsed, ~n/a remaining)
  [1861/3225] ok=0 cached=1861 fail=0  0.0GB total (0min elapsed, ~n/a remaining)
  [1862/3225] ok=0 cached=1862 fail=0  0.0GB total (0min elapsed, ~n/a remaining)
  [1863/3225] ok=0 cached=1863 fail=0  0.0GB total (0min elapsed, ~n/a remaining)
  [1864/3225] ok=0 cached=1864 fail=0  0.0GB total (0min elapsed, ~n/a remaining)
  [1865/3225] ok=0 cached=1865 fail=0  0.0GB total (0min elapsed, ~n/a remaining)
  [1866/3225] ok=0 cached=1866 fail=0  0.0GB total (0min elapsed, ~n/a remaining)
  [1867/3225] ok=0 cached=1867 fail=0  0.0GB total (0min elapsed, ~n/a remaining)
  [1868/3225] ok=0 cached=1868 fail=0  0.0GB total (0min elapsed, ~n/a remaining)
  [1869/3225] ok=0 cached=1869 fail=0  0.0GB total (0min elapsed, ~n/a remaining)
  [1870/3225] ok=0 cached=1870 fail=0  0.0GB total (0min elapsed, ~n/a remaining)
  [1871/3225] ok=0 cached=1871 fail=0  0.0GB total (0min elapsed, ~n/a remaining)
  [1872/3225] ok=0 cached=1872 fail=0  0.0GB total (0min elapsed, ~n/a remaining)
  [1873/3225] ok=0 cached=1873 fail=0  0.0GB total (0min elapsed, ~n/a remaining)
  [1874/3225] ok=0 cached=1874 fail=0  0.0GB total (0min elapsed, ~n/a remaining)
  [1875/3225] ok=0 cached=1875 fail=0  0.0GB total (0min elapsed, ~n/a remaining)
  [1876/3225] ok=0 cached=1876 fail=0  0.0GB total (0min elapsed, ~n/a remaining)
  [1877/3225] ok=0 cached=1877 fail=0  0.0GB total (0min elapsed, ~n/a remaining)
  [1878/3225] ok=0 cached=1878 fail=0  0.0GB total (0min elapsed, ~n/a remaining)
  [1879/3225] ok=0 cached=1879 fail=0  0.0GB total (0min elapsed, ~n/a remaining)
  [1880/3225] ok=0 cached=1880 fail=0  0.0GB total (0min elapsed, ~n/a remaining)
  [1881/3225] ok=0 cached=1881 fail=0  0.0GB total (0min elapsed, ~n/a remaining)
  [1882/3225] ok=0 cached=1882 fail=0  0.0GB total (0min elapsed, ~n/a remaining)
  [1883/3225] ok=0 cached=1883 fail=0  0.0GB total (0min elapsed, ~n/a remaining)
  [1884/3225] ok=0 cached=1884 fail=0  0.0GB total (0min elapsed, ~n/a remaining)
  [1885/3225] ok=0 cached=1885 fail=0  0.0GB total (0min elapsed, ~n/a remaining)
  [1886/3225] ok=0 cached=1886 fail=0  0.0GB total (0min elapsed, ~n/a remaining)
  [1887/3225] ok=0 cached=1887 fail=0  0.0GB total (0min elapsed, ~n/a remaining)
  [1888/3225] ok=0 cached=1888 fail=0  0.0GB total (0min elapsed, ~n/a remaining)
  [1889/3225] ok=0 cached=1889 fail=0  0.0GB total (0min elapsed, ~n/a remaining)
  [1890/3225] ok=0 cached=1890 fail=0  0.0GB total (0min elapsed, ~n/a remaining)
  [1891/3225] ok=0 cached=1891 fail=0  0.0GB total (0min elapsed, ~n/a remaining)
  [1892/3225] ok=0 cached=1892 fail=0  0.0GB total (0min elapsed, ~n/a remaining)
  [1893/3225] ok=0 cached=1893 fail=0  0.0GB total (0min elapsed, ~n/a remaining)
  [1894/3225] ok=0 cached=1894 fail=0  0.0GB total (0min elapsed, ~n/a remaining)
  [1895/3225] ok=0 cached=1895 fail=0  0.0GB total (0min elapsed, ~n/a remaining)
  [1896/3225] ok=0 cached=1896 fail=0  0.0GB total (0min elapsed, ~n/a remaining)
  [1897/3225] ok=0 cached=1897 fail=0  0.0GB total (0min elapsed, ~n/a remaining)
  [1898/3225] ok=0 cached=1898 fail=0  0.0GB total (0min elapsed, ~n/a remaining)
  [1899/3225] ok=0 cached=1899 fail=0  0.0GB total (0min elapsed, ~n/a remaining)
  [1900/3225] ok=0 cached=1900 fail=0  0.0GB total (0min elapsed, ~n/a remaining)
  [1901/3225] ok=0 cached=1901 fail=0  0.0GB total (0min elapsed, ~n/a remaining)
  [1902/3225] ok=0 cached=1902 fail=0  0.0GB total (0min elapsed, ~n/a remaining)
  [1903/3225] ok=0 cached=1903 fail=0  0.0GB total (0min elapsed, ~n/a remaining)
  [1904/3225] ok=0 cached=1904 fail=0  0.0GB total (0min elapsed, ~n/a remaining)
  [1905/3225] ok=0 cached=1905 fail=0  0.0GB total (0min elapsed, ~n/a remaining)
  [1906/3225] ok=0 cached=1906 fail=0  0.0GB total (0min elapsed, ~n/a remaining)
  [1907/3225] ok=0 cached=1907 fail=0  0.0GB total (0min elapsed, ~n/a remaining)
  [1908/3225] ok=0 cached=1908 fail=0  0.0GB total (0min elapsed, ~n/a remaining)
  [1909/3225] ok=0 cached=1909 fail=0  0.0GB total (0min elapsed, ~n/a remaining)
  [1910/3225] ok=0 cached=1910 fail=0  0.0GB total (0min elapsed, ~n/a remaining)
  [1911/3225] ok=0 cached=1911 fail=0  0.0GB total (0min elapsed, ~n/a remaining)
  [1912/3225] ok=0 cached=1912 fail=0  0.0GB total (0min elapsed, ~n/a remaining)
  [1913/3225] ok=0 cached=1913 fail=0  0.0GB total (0min elapsed, ~n/a remaining)
  [1914/3225] ok=0 cached=1914 fail=0  0.0GB total (0min elapsed, ~n/a remaining)
  [1915/3225] ok=0 cached=1915 fail=0  0.0GB total (0min elapsed, ~n/a remaining)
  [1916/3225] ok=0 cached=1916 fail=0  0.0GB total (0min elapsed, ~n/a remaining)
  [1917/3225] ok=0 cached=1917 fail=0  0.0GB total (0min elapsed, ~n/a remaining)
  [1918/3225] ok=0 cached=1918 fail=0  0.0GB total (0min elapsed, ~n/a remaining)
  [1919/3225] ok=0 cached=1919 fail=0  0.0GB total (0min elapsed, ~n/a remaining)
  [1920/3225] ok=0 cached=1920 fail=0  0.0GB total (0min elapsed, ~n/a remaining)
  [1921/3225] ok=0 cached=1921 fail=0  0.0GB total (0min elapsed, ~n/a remaining)
  [1922/3225] ok=0 cached=1922 fail=0  0.0GB total (0min elapsed, ~n/a remaining)
  [1923/3225] ok=0 cached=1923 fail=0  0.0GB total (0min elapsed, ~n/a remaining)
  [1924/3225] ok=0 cached=1924 fail=0  0.0GB total (0min elapsed, ~n/a remaining)
  [1925/3225] ok=0 cached=1925 fail=0  0.0GB total (0min elapsed, ~n/a remaining)
  [1926/3225] ok=0 cached=1926 fail=0  0.0GB total (0min elapsed, ~n/a remaining)
  [1927/3225] ok=0 cached=1927 fail=0  0.0GB total (0min elapsed, ~n/a remaining)
  [1928/3225] ok=0 cached=1928 fail=0  0.0GB total (0min elapsed, ~n/a remaining)
  [1929/3225] ok=0 cached=1929 fail=0  0.0GB total (0min elapsed, ~n/a remaining)
  [1930/3225] ok=0 cached=1930 fail=0  0.0GB total (0min elapsed, ~n/a remaining)
  [1931/3225] ok=0 cached=1931 fail=0  0.0GB total (0min elapsed, ~n/a remaining)
  [1932/3225] ok=0 cached=1932 fail=0  0.0GB total (0min elapsed, ~n/a remaining)
  [1933/3225] ok=0 cached=1933 fail=0  0.0GB total (0min elapsed, ~n/a remaining)
  [1934/3225] ok=0 cached=1934 fail=0  0.0GB total (0min elapsed, ~n/a remaining)
  [1935/3225] ok=0 cached=1935 fail=0  0.0GB total (0min elapsed, ~n/a remaining)
  [1936/3225] ok=0 cached=1936 fail=0  0.0GB total (0min elapsed, ~n/a remaining)
  [1937/3225] ok=0 cached=1937 fail=0  0.0GB total (0min elapsed, ~n/a remaining)
  [1938/3225] ok=0 cached=1938 fail=0  0.0GB total (0min elapsed, ~n/a remaining)
  [1939/3225] ok=0 cached=1939 fail=0  0.0GB total (0min elapsed, ~n/a remaining)
  [1940/3225] ok=0 cached=1940 fail=0  0.0GB total (0min elapsed, ~n/a remaining)
  [1941/3225] ok=0 cached=1941 fail=0  0.0GB total (0min elapsed, ~n/a remaining)
  [1942/3225] ok=0 cached=1942 fail=0  0.0GB total (0min elapsed, ~n/a remaining)
  [1943/3225] ok=0 cached=1943 fail=0  0.0GB total (0min elapsed, ~n/a remaining)
  [1944/3225] ok=0 cached=1944 fail=0  0.0GB total (0min elapsed, ~n/a remaining)
  [1945/3225] ok=0 cached=1945 fail=0  0.0GB total (0min elapsed, ~n/a remaining)
  [1946/3225] ok=0 cached=1946 fail=0  0.0GB total (0min elapsed, ~n/a remaining)
  [1947/3225] ok=0 cached=1947 fail=0  0.0GB total (0min elapsed, ~n/a remaining)
  [1948/3225] ok=0 cached=1948 fail=0  0.0GB total (0min elapsed, ~n/a remaining)
  [1949/3225] ok=0 cached=1949 fail=0  0.0GB total (0min elapsed, ~n/a remaining)
  [1950/3225] ok=0 cached=1950 fail=0  0.0GB total (0min elapsed, ~n/a remaining)
  [1951/3225] ok=0 cached=1951 fail=0  0.0GB total (0min elapsed, ~n/a remaining)
  [1952/3225] ok=0 cached=1952 fail=0  0.0GB total (0min elapsed, ~n/a remaining)
  [1953/3225] ok=0 cached=1953 fail=0  0.0GB total (0min elapsed, ~n/a remaining)
  [1954/3225] ok=0 cached=1954 fail=0  0.0GB total (0min elapsed, ~n/a remaining)
  [1955/3225] ok=0 cached=1955 fail=0  0.0GB total (0min elapsed, ~n/a remaining)
  [1956/3225] ok=0 cached=1956 fail=0  0.0GB total (0min elapsed, ~n/a remaining)
  [1957/3225] ok=0 cached=1957 fail=0  0.0GB total (0min elapsed, ~n/a remaining)
  [1958/3225] ok=0 cached=1958 fail=0  0.0GB total (0min elapsed, ~n/a remaining)
  [1959/3225] ok=0 cached=1959 fail=0  0.0GB total (0min elapsed, ~n/a remaining)
  [1960/3225] ok=0 cached=1960 fail=0  0.0GB total (0min elapsed, ~n/a remaining)
  [1961/3225] ok=0 cached=1961 fail=0  0.0GB total (0min elapsed, ~n/a remaining)
  [1962/3225] ok=0 cached=1962 fail=0  0.0GB total (0min elapsed, ~n/a remaining)
  [1963/3225] ok=0 cached=1963 fail=0  0.0GB total (0min elapsed, ~n/a remaining)
  [1964/3225] ok=0 cached=1964 fail=0  0.0GB total (0min elapsed, ~n/a remaining)
  [1965/3225] ok=0 cached=1965 fail=0  0.0GB total (0min elapsed, ~n/a remaining)
  [1966/3225] ok=0 cached=1966 fail=0  0.0GB total (0min elapsed, ~n/a remaining)
  [1967/3225] ok=0 cached=1967 fail=0  0.0GB total (0min elapsed, ~n/a remaining)
  [1968/3225] ok=0 cached=1968 fail=0  0.0GB total (0min elapsed, ~n/a remaining)
  [1969/3225] ok=0 cached=1969 fail=0  0.0GB total (0min elapsed, ~n/a remaining)
  [1970/3225] ok=0 cached=1970 fail=0  0.0GB total (0min elapsed, ~n/a remaining)
  [1971/3225] ok=0 cached=1971 fail=0  0.0GB total (0min elapsed, ~n/a remaining)
  [1972/3225] ok=0 cached=1972 fail=0  0.0GB total (0min elapsed, ~n/a remaining)
  [1973/3225] ok=0 cached=1973 fail=0  0.0GB total (0min elapsed, ~n/a remaining)
  [1974/3225] ok=0 cached=1974 fail=0  0.0GB total (0min elapsed, ~n/a remaining)
  [1975/3225] ok=0 cached=1975 fail=0  0.0GB total (0min elapsed, ~n/a remaining)
  [1976/3225] ok=0 cached=1976 fail=0  0.0GB total (0min elapsed, ~n/a remaining)
  [1977/3225] ok=0 cached=1977 fail=0  0.0GB total (0min elapsed, ~n/a remaining)
  [1978/3225] ok=0 cached=1978 fail=0  0.0GB total (0min elapsed, ~n/a remaining)
  [1979/3225] ok=0 cached=1979 fail=0  0.0GB total (0min elapsed, ~n/a remaining)
  [1980/3225] ok=0 cached=1980 fail=0  0.0GB total (0min elapsed, ~n/a remaining)
  [1981/3225] ok=0 cached=1981 fail=0  0.0GB total (0min elapsed, ~n/a remaining)
  [1982/3225] ok=0 cached=1982 fail=0  0.0GB total (0min elapsed, ~n/a remaining)
  [1983/3225] ok=0 cached=1983 fail=0  0.0GB total (0min elapsed, ~n/a remaining)
  [1984/3225] ok=0 cached=1984 fail=0  0.0GB total (0min elapsed, ~n/a remaining)
  [1985/3225] ok=0 cached=1985 fail=0  0.0GB total (0min elapsed, ~n/a remaining)
  [1986/3225] ok=0 cached=1986 fail=0  0.0GB total (0min elapsed, ~n/a remaining)
  [1987/3225] ok=0 cached=1987 fail=0  0.0GB total (0min elapsed, ~n/a remaining)
  [1988/3225] ok=0 cached=1988 fail=0  0.0GB total (0min elapsed, ~n/a remaining)
  [1989/3225] ok=0 cached=1989 fail=0  0.0GB total (0min elapsed, ~n/a remaining)
  [1990/3225] ok=0 cached=1990 fail=0  0.0GB total (0min elapsed, ~n/a remaining)
  [1991/3225] ok=0 cached=1991 fail=0  0.0GB total (0min elapsed, ~n/a remaining)
  [1992/3225] ok=0 cached=1992 fail=0  0.0GB total (0min elapsed, ~n/a remaining)
  [1993/3225] ok=0 cached=1993 fail=0  0.0GB total (0min elapsed, ~n/a remaining)
  [1994/3225] ok=0 cached=1994 fail=0  0.0GB total (0min elapsed, ~n/a remaining)
  [1995/3225] ok=0 cached=1995 fail=0  0.0GB total (0min elapsed, ~n/a remaining)
  [1996/3225] ok=0 cached=1996 fail=0  0.0GB total (0min elapsed, ~n/a remaining)
  [1997/3225] ok=0 cached=1997 fail=0  0.0GB total (0min elapsed, ~n/a remaining)
  [1998/3225] ok=0 cached=1998 fail=0  0.0GB total (0min elapsed, ~n/a remaining)
  [1999/3225] ok=0 cached=1999 fail=0  0.0GB total (0min elapsed, ~n/a remaining)
  [2000/3225] ok=0 cached=2000 fail=0  0.0GB total (0min elapsed, ~n/a remaining)
  [2001/3225] ok=0 cached=2001 fail=0  0.0GB total (0min elapsed, ~n/a remaining)
  [2002/3225] ok=0 cached=2002 fail=0  0.0GB total (0min elapsed, ~n/a remaining)
  [2003/3225] ok=0 cached=2003 fail=0  0.0GB total (0min elapsed, ~n/a remaining)
  [2004/3225] ok=0 cached=2004 fail=0  0.0GB total (0min elapsed, ~n/a remaining)
  [2005/3225] ok=0 cached=2005 fail=0  0.0GB total (0min elapsed, ~n/a remaining)
  [2006/3225] ok=0 cached=2006 fail=0  0.0GB total (0min elapsed, ~n/a remaining)
  [2007/3225] ok=0 cached=2007 fail=0  0.0GB total (0min elapsed, ~n/a remaining)
  [2008/3225] ok=0 cached=2008 fail=0  0.0GB total (0min elapsed, ~n/a remaining)
  [2009/3225] ok=0 cached=2009 fail=0  0.0GB total (0min elapsed, ~n/a remaining)
  [2010/3225] ok=0 cached=2010 fail=0  0.0GB total (0min elapsed, ~n/a remaining)
  [2011/3225] ok=0 cached=2011 fail=0  0.0GB total (0min elapsed, ~n/a remaining)
  [2012/3225] ok=0 cached=2012 fail=0  0.0GB total (0min elapsed, ~n/a remaining)
  [2013/3225] ok=0 cached=2013 fail=0  0.0GB total (0min elapsed, ~n/a remaining)
  [2014/3225] ok=0 cached=2014 fail=0  0.0GB total (0min elapsed, ~n/a remaining)
  [2015/3225] ok=0 cached=2015 fail=0  0.0GB total (0min elapsed, ~n/a remaining)
  [2016/3225] ok=0 cached=2016 fail=0  0.0GB total (0min elapsed, ~n/a remaining)
  [2017/3225] ok=0 cached=2017 fail=0  0.0GB total (0min elapsed, ~n/a remaining)
  [2018/3225] ok=0 cached=2018 fail=0  0.0GB total (0min elapsed, ~n/a remaining)
  [2019/3225] ok=0 cached=2019 fail=0  0.0GB total (0min elapsed, ~n/a remaining)
  [2020/3225] ok=0 cached=2020 fail=0  0.0GB total (0min elapsed, ~n/a remaining)
  [2021/3225] ok=0 cached=2021 fail=0  0.0GB total (0min elapsed, ~n/a remaining)
  [2022/3225] ok=0 cached=2022 fail=0  0.0GB total (0min elapsed, ~n/a remaining)
  [2023/3225] ok=0 cached=2023 fail=0  0.0GB total (0min elapsed, ~n/a remaining)
  [2024/3225] ok=0 cached=2024 fail=0  0.0GB total (0min elapsed, ~n/a remaining)
  [2025/3225] ok=0 cached=2025 fail=0  0.0GB total (0min elapsed, ~n/a remaining)
  [2026/3225] ok=0 cached=2026 fail=0  0.0GB total (0min elapsed, ~n/a remaining)
  [2027/3225] ok=0 cached=2027 fail=0  0.0GB total (0min elapsed, ~n/a remaining)
  [2028/3225] ok=0 cached=2028 fail=0  0.0GB total (0min elapsed, ~n/a remaining)
  [2029/3225] ok=0 cached=2029 fail=0  0.0GB total (0min elapsed, ~n/a remaining)
  [2030/3225] ok=0 cached=2030 fail=0  0.0GB total (0min elapsed, ~n/a remaining)
  [2031/3225] ok=0 cached=2031 fail=0  0.0GB total (0min elapsed, ~n/a remaining)
  [2032/3225] ok=0 cached=2032 fail=0  0.0GB total (0min elapsed, ~n/a remaining)
  [2033/3225] ok=0 cached=2033 fail=0  0.0GB total (0min elapsed, ~n/a remaining)
  [2034/3225] ok=0 cached=2034 fail=0  0.0GB total (0min elapsed, ~n/a remaining)
  [2035/3225] ok=0 cached=2035 fail=0  0.0GB total (0min elapsed, ~n/a remaining)
  [2036/3225] ok=0 cached=2036 fail=0  0.0GB total (0min elapsed, ~n/a remaining)
  [2037/3225] ok=0 cached=2037 fail=0  0.0GB total (0min elapsed, ~n/a remaining)
  [2038/3225] ok=0 cached=2038 fail=0  0.0GB total (0min elapsed, ~n/a remaining)
  [2039/3225] ok=0 cached=2039 fail=0  0.0GB total (0min elapsed, ~n/a remaining)
  [2040/3225] ok=0 cached=2040 fail=0  0.0GB total (0min elapsed, ~n/a remaining)
  [2041/3225] ok=0 cached=2041 fail=0  0.0GB total (0min elapsed, ~n/a remaining)
  [2042/3225] ok=0 cached=2042 fail=0  0.0GB total (0min elapsed, ~n/a remaining)
  [2043/3225] ok=0 cached=2043 fail=0  0.0GB total (0min elapsed, ~n/a remaining)
  [2044/3225] ok=0 cached=2044 fail=0  0.0GB total (0min elapsed, ~n/a remaining)
  [2045/3225] ok=0 cached=2045 fail=0  0.0GB total (0min elapsed, ~n/a remaining)
  [2046/3225] ok=0 cached=2046 fail=0  0.0GB total (0min elapsed, ~n/a remaining)
  [2047/3225] ok=0 cached=2047 fail=0  0.0GB total (0min elapsed, ~n/a remaining)
  [2048/3225] ok=0 cached=2048 fail=0  0.0GB total (0min elapsed, ~n/a remaining)
  [2049/3225] ok=0 cached=2049 fail=0  0.0GB total (0min elapsed, ~n/a remaining)
  [2050/3225] ok=0 cached=2050 fail=0  0.0GB total (0min elapsed, ~n/a remaining)
  [2051/3225] ok=0 cached=2051 fail=0  0.0GB total (0min elapsed, ~n/a remaining)
  [2052/3225] ok=0 cached=2052 fail=0  0.0GB total (0min elapsed, ~n/a remaining)
  [2053/3225] ok=0 cached=2053 fail=0  0.0GB total (0min elapsed, ~n/a remaining)
  [2054/3225] ok=0 cached=2054 fail=0  0.0GB total (0min elapsed, ~n/a remaining)
  [2055/3225] ok=0 cached=2055 fail=0  0.0GB total (0min elapsed, ~n/a remaining)
  [2056/3225] ok=0 cached=2056 fail=0  0.0GB total (0min elapsed, ~n/a remaining)
  [2057/3225] ok=0 cached=2057 fail=0  0.0GB total (0min elapsed, ~n/a remaining)
  [2058/3225] ok=0 cached=2058 fail=0  0.0GB total (0min elapsed, ~n/a remaining)
  [2059/3225] ok=0 cached=2059 fail=0  0.0GB total (0min elapsed, ~n/a remaining)
  [2060/3225] ok=0 cached=2060 fail=0  0.0GB total (0min elapsed, ~n/a remaining)
  [2061/3225] ok=0 cached=2061 fail=0  0.0GB total (0min elapsed, ~n/a remaining)
  [2062/3225] ok=0 cached=2062 fail=0  0.0GB total (0min elapsed, ~n/a remaining)
  [2063/3225] ok=0 cached=2063 fail=0  0.0GB total (0min elapsed, ~n/a remaining)
  [2064/3225] ok=0 cached=2064 fail=0  0.0GB total (0min elapsed, ~n/a remaining)
  [2065/3225] ok=0 cached=2065 fail=0  0.0GB total (0min elapsed, ~n/a remaining)
  [2066/3225] ok=0 cached=2066 fail=0  0.0GB total (0min elapsed, ~n/a remaining)
  [2067/3225] ok=0 cached=2067 fail=0  0.0GB total (0min elapsed, ~n/a remaining)
  [2068/3225] ok=0 cached=2068 fail=0  0.0GB total (0min elapsed, ~n/a remaining)
  [2069/3225] ok=0 cached=2069 fail=0  0.0GB total (0min elapsed, ~n/a remaining)
  [2070/3225] ok=0 cached=2070 fail=0  0.0GB total (0min elapsed, ~n/a remaining)
  [2071/3225] ok=0 cached=2071 fail=0  0.0GB total (0min elapsed, ~n/a remaining)
  [2072/3225] ok=0 cached=2072 fail=0  0.0GB total (0min elapsed, ~n/a remaining)
  [2073/3225] ok=0 cached=2073 fail=0  0.0GB total (0min elapsed, ~n/a remaining)
  [2074/3225] ok=0 cached=2074 fail=0  0.0GB total (0min elapsed, ~n/a remaining)
  [2075/3225] ok=0 cached=2075 fail=0  0.0GB total (0min elapsed, ~n/a remaining)
  [2076/3225] ok=0 cached=2076 fail=0  0.0GB total (0min elapsed, ~n/a remaining)
  [2077/3225] ok=0 cached=2077 fail=0  0.0GB total (0min elapsed, ~n/a remaining)
  [2078/3225] ok=0 cached=2078 fail=0  0.0GB total (0min elapsed, ~n/a remaining)
  [2079/3225] ok=0 cached=2079 fail=0  0.0GB total (0min elapsed, ~n/a remaining)
  [2080/3225] ok=0 cached=2080 fail=0  0.0GB total (0min elapsed, ~n/a remaining)
  [2081/3225] ok=0 cached=2081 fail=0  0.0GB total (0min elapsed, ~n/a remaining)
  [2082/3225] ok=0 cached=2082 fail=0  0.0GB total (0min elapsed, ~n/a remaining)
  [2083/3225] ok=0 cached=2083 fail=0  0.0GB total (0min elapsed, ~n/a remaining)
  [2084/3225] ok=0 cached=2084 fail=0  0.0GB total (0min elapsed, ~n/a remaining)
  [2085/3225] ok=0 cached=2085 fail=0  0.0GB total (0min elapsed, ~n/a remaining)
  [2086/3225] ok=0 cached=2086 fail=0  0.0GB total (0min elapsed, ~n/a remaining)
  [2087/3225] ok=0 cached=2087 fail=0  0.0GB total (0min elapsed, ~n/a remaining)
  [2088/3225] ok=0 cached=2088 fail=0  0.0GB total (0min elapsed, ~n/a remaining)
  [2089/3225] ok=0 cached=2089 fail=0  0.0GB total (0min elapsed, ~n/a remaining)
  [2090/3225] ok=0 cached=2090 fail=0  0.0GB total (0min elapsed, ~n/a remaining)
  [2091/3225] ok=0 cached=2091 fail=0  0.0GB total (0min elapsed, ~n/a remaining)
  [2092/3225] ok=0 cached=2092 fail=0  0.0GB total (0min elapsed, ~n/a remaining)
  [2093/3225] ok=0 cached=2093 fail=0  0.0GB total (0min elapsed, ~n/a remaining)
  [2094/3225] ok=0 cached=2094 fail=0  0.0GB total (0min elapsed, ~n/a remaining)
  [2095/3225] ok=0 cached=2095 fail=0  0.0GB total (0min elapsed, ~n/a remaining)
  [2096/3225] ok=0 cached=2096 fail=0  0.0GB total (0min elapsed, ~n/a remaining)
  [2097/3225] ok=0 cached=2097 fail=0  0.0GB total (0min elapsed, ~n/a remaining)
  [2098/3225] ok=0 cached=2098 fail=0  0.0GB total (0min elapsed, ~n/a remaining)
  [2099/3225] ok=0 cached=2099 fail=0  0.0GB total (0min elapsed, ~n/a remaining)
  [2100/3225] ok=0 cached=2100 fail=0  0.0GB total (0min elapsed, ~n/a remaining)
  [2101/3225] ok=0 cached=2101 fail=0  0.0GB total (0min elapsed, ~n/a remaining)
  [2102/3225] ok=0 cached=2102 fail=0  0.0GB total (0min elapsed, ~n/a remaining)
  [2103/3225] ok=0 cached=2103 fail=0  0.0GB total (0min elapsed, ~n/a remaining)
  [2104/3225] ok=0 cached=2104 fail=0  0.0GB total (0min elapsed, ~n/a remaining)
  [2105/3225] ok=0 cached=2105 fail=0  0.0GB total (0min elapsed, ~n/a remaining)
  [2106/3225] ok=0 cached=2106 fail=0  0.0GB total (0min elapsed, ~n/a remaining)
  [2107/3225] ok=0 cached=2107 fail=0  0.0GB total (0min elapsed, ~n/a remaining)
  [2108/3225] ok=0 cached=2108 fail=0  0.0GB total (0min elapsed, ~n/a remaining)
  [2109/3225] ok=0 cached=2109 fail=0  0.0GB total (0min elapsed, ~n/a remaining)
  [2110/3225] ok=0 cached=2110 fail=0  0.0GB total (0min elapsed, ~n/a remaining)
  [2111/3225] ok=0 cached=2111 fail=0  0.0GB total (0min elapsed, ~n/a remaining)
  [2112/3225] ok=0 cached=2112 fail=0  0.0GB total (0min elapsed, ~n/a remaining)
  [2113/3225] ok=0 cached=2113 fail=0  0.0GB total (0min elapsed, ~n/a remaining)
  [2114/3225] ok=0 cached=2114 fail=0  0.0GB total (0min elapsed, ~n/a remaining)
  [2115/3225] ok=0 cached=2115 fail=0  0.0GB total (0min elapsed, ~n/a remaining)
  [2116/3225] ok=0 cached=2116 fail=0  0.0GB total (0min elapsed, ~n/a remaining)
  [2117/3225] ok=0 cached=2117 fail=0  0.0GB total (0min elapsed, ~n/a remaining)
  [2118/3225] ok=0 cached=2118 fail=0  0.0GB total (0min elapsed, ~n/a remaining)
  [2119/3225] ok=0 cached=2119 fail=0  0.0GB total (0min elapsed, ~n/a remaining)
  [2120/3225] ok=0 cached=2120 fail=0  0.0GB total (0min elapsed, ~n/a remaining)
  [2121/3225] ok=0 cached=2121 fail=0  0.0GB total (0min elapsed, ~n/a remaining)
  [2122/3225] ok=0 cached=2122 fail=0  0.0GB total (0min elapsed, ~n/a remaining)
  [2123/3225] ok=0 cached=2123 fail=0  0.0GB total (0min elapsed, ~n/a remaining)
  [2124/3225] ok=0 cached=2124 fail=0  0.0GB total (0min elapsed, ~n/a remaining)
  [2125/3225] ok=0 cached=2125 fail=0  0.0GB total (0min elapsed, ~n/a remaining)
  [2126/3225] ok=0 cached=2126 fail=0  0.0GB total (0min elapsed, ~n/a remaining)
  [2127/3225] ok=0 cached=2127 fail=0  0.0GB total (0min elapsed, ~n/a remaining)
  [2128/3225] ok=0 cached=2128 fail=0  0.0GB total (0min elapsed, ~n/a remaining)
  [2129/3225] ok=0 cached=2129 fail=0  0.0GB total (0min elapsed, ~n/a remaining)
  [2130/3225] ok=0 cached=2130 fail=0  0.0GB total (0min elapsed, ~n/a remaining)
  [2131/3225] ok=0 cached=2131 fail=0  0.0GB total (0min elapsed, ~n/a remaining)
  [2132/3225] ok=0 cached=2132 fail=0  0.0GB total (0min elapsed, ~n/a remaining)
  [2133/3225] ok=0 cached=2133 fail=0  0.0GB total (0min elapsed, ~n/a remaining)
  [2134/3225] ok=0 cached=2134 fail=0  0.0GB total (0min elapsed, ~n/a remaining)
  [2135/3225] ok=0 cached=2135 fail=0  0.0GB total (0min elapsed, ~n/a remaining)
  [2136/3225] ok=0 cached=2136 fail=0  0.0GB total (0min elapsed, ~n/a remaining)
  [2137/3225] ok=0 cached=2137 fail=0  0.0GB total (0min elapsed, ~n/a remaining)
  [2138/3225] ok=0 cached=2138 fail=0  0.0GB total (0min elapsed, ~n/a remaining)
  [2139/3225] ok=0 cached=2139 fail=0  0.0GB total (0min elapsed, ~n/a remaining)
  [2140/3225] ok=0 cached=2140 fail=0  0.0GB total (0min elapsed, ~n/a remaining)
  [2141/3225] ok=0 cached=2141 fail=0  0.0GB total (0min elapsed, ~n/a remaining)
  [2142/3225] ok=0 cached=2142 fail=0  0.0GB total (0min elapsed, ~n/a remaining)
  [2143/3225] ok=0 cached=2143 fail=0  0.0GB total (0min elapsed, ~n/a remaining)
  [2144/3225] ok=0 cached=2144 fail=0  0.0GB total (0min elapsed, ~n/a remaining)
  [2145/3225] ok=0 cached=2145 fail=0  0.0GB total (0min elapsed, ~n/a remaining)
  [2146/3225] ok=0 cached=2146 fail=0  0.0GB total (0min elapsed, ~n/a remaining)
  [2147/3225] ok=0 cached=2147 fail=0  0.0GB total (0min elapsed, ~n/a remaining)
  [2148/3225] ok=0 cached=2148 fail=0  0.0GB total (0min elapsed, ~n/a remaining)
  [2149/3225] ok=0 cached=2149 fail=0  0.0GB total (0min elapsed, ~n/a remaining)
  [2150/3225] ok=0 cached=2150 fail=0  0.0GB total (0min elapsed, ~n/a remaining)
  [2151/3225] ok=0 cached=2151 fail=0  0.0GB total (0min elapsed, ~n/a remaining)
  [2152/3225] ok=0 cached=2152 fail=0  0.0GB total (0min elapsed, ~n/a remaining)
  [2153/3225] ok=0 cached=2153 fail=0  0.0GB total (0min elapsed, ~n/a remaining)
  [2154/3225] ok=0 cached=2154 fail=0  0.0GB total (0min elapsed, ~n/a remaining)
  [2155/3225] ok=0 cached=2155 fail=0  0.0GB total (0min elapsed, ~n/a remaining)
  [2156/3225] ok=0 cached=2156 fail=0  0.0GB total (0min elapsed, ~n/a remaining)
  [2157/3225] ok=0 cached=2157 fail=0  0.0GB total (0min elapsed, ~n/a remaining)
  [2158/3225] ok=0 cached=2158 fail=0  0.0GB total (0min elapsed, ~n/a remaining)
  [2159/3225] ok=0 cached=2159 fail=0  0.0GB total (0min elapsed, ~n/a remaining)
  [2160/3225] ok=0 cached=2160 fail=0  0.0GB total (0min elapsed, ~n/a remaining)
  [2161/3225] ok=0 cached=2161 fail=0  0.0GB total (0min elapsed, ~n/a remaining)
  [2162/3225] ok=0 cached=2162 fail=0  0.0GB total (0min elapsed, ~n/a remaining)
  [2163/3225] ok=0 cached=2163 fail=0  0.0GB total (0min elapsed, ~n/a remaining)
  [2164/3225] ok=0 cached=2164 fail=0  0.0GB total (0min elapsed, ~n/a remaining)
  [2165/3225] ok=0 cached=2165 fail=0  0.0GB total (0min elapsed, ~n/a remaining)
  [2166/3225] ok=0 cached=2166 fail=0  0.0GB total (0min elapsed, ~n/a remaining)
  [2167/3225] ok=0 cached=2167 fail=0  0.0GB total (0min elapsed, ~n/a remaining)
  [2168/3225] ok=0 cached=2168 fail=0  0.0GB total (0min elapsed, ~n/a remaining)
  [2169/3225] ok=0 cached=2169 fail=0  0.0GB total (0min elapsed, ~n/a remaining)
  [2170/3225] ok=0 cached=2170 fail=0  0.0GB total (0min elapsed, ~n/a remaining)
  [2171/3225] ok=0 cached=2171 fail=0  0.0GB total (0min elapsed, ~n/a remaining)
  [2172/3225] ok=0 cached=2172 fail=0  0.0GB total (0min elapsed, ~n/a remaining)
  [2173/3225] ok=0 cached=2173 fail=0  0.0GB total (0min elapsed, ~n/a remaining)
  [2174/3225] ok=0 cached=2174 fail=0  0.0GB total (0min elapsed, ~n/a remaining)
  [2175/3225] ok=0 cached=2175 fail=0  0.0GB total (0min elapsed, ~n/a remaining)
  [2176/3225] ok=0 cached=2176 fail=0  0.0GB total (0min elapsed, ~n/a remaining)
  [2177/3225] ok=0 cached=2177 fail=0  0.0GB total (0min elapsed, ~n/a remaining)
  [2178/3225] ok=0 cached=2178 fail=0  0.0GB total (0min elapsed, ~n/a remaining)
  [2179/3225] ok=0 cached=2179 fail=0  0.0GB total (0min elapsed, ~n/a remaining)
  [2180/3225] ok=0 cached=2180 fail=0  0.0GB total (0min elapsed, ~n/a remaining)
  [2181/3225] ok=0 cached=2181 fail=0  0.0GB total (0min elapsed, ~n/a remaining)
  [2182/3225] ok=0 cached=2182 fail=0  0.0GB total (0min elapsed, ~n/a remaining)
  [2183/3225] ok=0 cached=2183 fail=0  0.0GB total (0min elapsed, ~n/a remaining)
  [2184/3225] ok=0 cached=2184 fail=0  0.0GB total (0min elapsed, ~n/a remaining)
  [2185/3225] ok=0 cached=2185 fail=0  0.0GB total (0min elapsed, ~n/a remaining)
  [2186/3225] ok=0 cached=2186 fail=0  0.0GB total (0min elapsed, ~n/a remaining)
  [2187/3225] ok=0 cached=2187 fail=0  0.0GB total (0min elapsed, ~n/a remaining)
  [2188/3225] ok=0 cached=2188 fail=0  0.0GB total (0min elapsed, ~n/a remaining)
  [2189/3225] ok=0 cached=2189 fail=0  0.0GB total (0min elapsed, ~n/a remaining)
  [2190/3225] ok=0 cached=2190 fail=0  0.0GB total (0min elapsed, ~n/a remaining)
  [2191/3225] ok=0 cached=2191 fail=0  0.0GB total (0min elapsed, ~n/a remaining)
  [2192/3225] ok=0 cached=2192 fail=0  0.0GB total (0min elapsed, ~n/a remaining)
  [2193/3225] ok=0 cached=2193 fail=0  0.0GB total (0min elapsed, ~n/a remaining)
  [2194/3225] ok=0 cached=2194 fail=0  0.0GB total (0min elapsed, ~n/a remaining)
  [2195/3225] ok=0 cached=2195 fail=0  0.0GB total (0min elapsed, ~n/a remaining)
  [2196/3225] ok=0 cached=2196 fail=0  0.0GB total (0min elapsed, ~n/a remaining)
  [2197/3225] ok=0 cached=2197 fail=0  0.0GB total (0min elapsed, ~n/a remaining)
  [2198/3225] ok=0 cached=2198 fail=0  0.0GB total (0min elapsed, ~n/a remaining)
  [2199/3225] ok=0 cached=2199 fail=0  0.0GB total (0min elapsed, ~n/a remaining)
  [2200/3225] ok=0 cached=2200 fail=0  0.0GB total (0min elapsed, ~n/a remaining)
  [2201/3225] ok=0 cached=2201 fail=0  0.0GB total (0min elapsed, ~n/a remaining)
  [2202/3225] ok=0 cached=2202 fail=0  0.0GB total (0min elapsed, ~n/a remaining)
  [2203/3225] ok=0 cached=2203 fail=0  0.0GB total (0min elapsed, ~n/a remaining)
  [2204/3225] ok=0 cached=2204 fail=0  0.0GB total (0min elapsed, ~n/a remaining)
  [2205/3225] ok=0 cached=2205 fail=0  0.0GB total (0min elapsed, ~n/a remaining)
  [2206/3225] ok=0 cached=2206 fail=0  0.0GB total (0min elapsed, ~n/a remaining)
  [2207/3225] ok=0 cached=2207 fail=0  0.0GB total (0min elapsed, ~n/a remaining)
  [2208/3225] ok=0 cached=2208 fail=0  0.0GB total (0min elapsed, ~n/a remaining)
  [2209/3225] ok=0 cached=2209 fail=0  0.0GB total (0min elapsed, ~n/a remaining)
  [2210/3225] ok=0 cached=2210 fail=0  0.0GB total (0min elapsed, ~n/a remaining)
  [2211/3225] ok=0 cached=2211 fail=0  0.0GB total (0min elapsed, ~n/a remaining)
  [2212/3225] ok=0 cached=2212 fail=0  0.0GB total (0min elapsed, ~n/a remaining)
  [2213/3225] ok=0 cached=2213 fail=0  0.0GB total (0min elapsed, ~n/a remaining)
  [2214/3225] ok=0 cached=2214 fail=0  0.0GB total (0min elapsed, ~n/a remaining)
  [2215/3225] ok=0 cached=2215 fail=0  0.0GB total (0min elapsed, ~n/a remaining)
  [2216/3225] ok=0 cached=2216 fail=0  0.0GB total (0min elapsed, ~n/a remaining)
  [2217/3225] ok=0 cached=2217 fail=0  0.0GB total (0min elapsed, ~n/a remaining)
  [2218/3225] ok=0 cached=2218 fail=0  0.0GB total (0min elapsed, ~n/a remaining)
  [2219/3225] ok=0 cached=2219 fail=0  0.0GB total (0min elapsed, ~n/a remaining)
  [2220/3225] ok=0 cached=2220 fail=0  0.0GB total (0min elapsed, ~n/a remaining)
  [2221/3225] ok=0 cached=2221 fail=0  0.0GB total (0min elapsed, ~n/a remaining)
  [2222/3225] ok=0 cached=2222 fail=0  0.0GB total (0min elapsed, ~n/a remaining)
  [2223/3225] ok=0 cached=2223 fail=0  0.0GB total (0min elapsed, ~n/a remaining)
  [2224/3225] ok=0 cached=2224 fail=0  0.0GB total (0min elapsed, ~n/a remaining)
  [2225/3225] ok=0 cached=2225 fail=0  0.0GB total (0min elapsed, ~n/a remaining)
  [2226/3225] ok=0 cached=2226 fail=0  0.0GB total (0min elapsed, ~n/a remaining)
  [2227/3225] ok=0 cached=2227 fail=0  0.0GB total (0min elapsed, ~n/a remaining)
  [2228/3225] ok=0 cached=2228 fail=0  0.0GB total (0min elapsed, ~n/a remaining)
  [2229/3225] ok=0 cached=2229 fail=0  0.0GB total (0min elapsed, ~n/a remaining)
  [2230/3225] ok=0 cached=2230 fail=0  0.0GB total (0min elapsed, ~n/a remaining)
  [2231/3225] ok=0 cached=2231 fail=0  0.0GB total (0min elapsed, ~n/a remaining)
  [2232/3225] ok=0 cached=2232 fail=0  0.0GB total (0min elapsed, ~n/a remaining)
  [2233/3225] ok=0 cached=2233 fail=0  0.0GB total (0min elapsed, ~n/a remaining)
  [2234/3225] ok=0 cached=2234 fail=0  0.0GB total (0min elapsed, ~n/a remaining)
  [2235/3225] ok=0 cached=2235 fail=0  0.0GB total (0min elapsed, ~n/a remaining)
  [2236/3225] ok=0 cached=2236 fail=0  0.0GB total (0min elapsed, ~n/a remaining)
  [2237/3225] ok=0 cached=2237 fail=0  0.0GB total (0min elapsed, ~n/a remaining)
  [2238/3225] ok=0 cached=2238 fail=0  0.0GB total (0min elapsed, ~n/a remaining)
  [2239/3225] ok=0 cached=2239 fail=0  0.0GB total (0min elapsed, ~n/a remaining)
  [2240/3225] ok=0 cached=2240 fail=0  0.0GB total (0min elapsed, ~n/a remaining)
  [2241/3225] ok=0 cached=2241 fail=0  0.0GB total (0min elapsed, ~n/a remaining)
  [2242/3225] ok=0 cached=2242 fail=0  0.0GB total (0min elapsed, ~n/a remaining)
  [2243/3225] ok=0 cached=2243 fail=0  0.0GB total (0min elapsed, ~n/a remaining)
  [2244/3225] ok=0 cached=2244 fail=0  0.0GB total (0min elapsed, ~n/a remaining)
  [2245/3225] ok=0 cached=2245 fail=0  0.0GB total (0min elapsed, ~n/a remaining)
  [2246/3225] ok=0 cached=2246 fail=0  0.0GB total (0min elapsed, ~n/a remaining)
  [2247/3225] ok=0 cached=2247 fail=0  0.0GB total (0min elapsed, ~n/a remaining)
  [2248/3225] ok=0 cached=2248 fail=0  0.0GB total (0min elapsed, ~n/a remaining)
  [2249/3225] ok=0 cached=2249 fail=0  0.0GB total (0min elapsed, ~n/a remaining)
  [2250/3225] ok=0 cached=2250 fail=0  0.0GB total (0min elapsed, ~n/a remaining)
  [2251/3225] ok=0 cached=2251 fail=0  0.0GB total (0min elapsed, ~n/a remaining)
  [2252/3225] ok=0 cached=2252 fail=0  0.0GB total (0min elapsed, ~n/a remaining)
  [2253/3225] ok=0 cached=2253 fail=0  0.0GB total (0min elapsed, ~n/a remaining)
  [2254/3225] ok=0 cached=2254 fail=0  0.0GB total (0min elapsed, ~n/a remaining)
  [2255/3225] ok=0 cached=2255 fail=0  0.0GB total (0min elapsed, ~n/a remaining)
  [2256/3225] ok=0 cached=2256 fail=0  0.0GB total (0min elapsed, ~n/a remaining)
  [2257/3225] ok=0 cached=2257 fail=0  0.0GB total (0min elapsed, ~n/a remaining)
  [2258/3225] ok=0 cached=2258 fail=0  0.0GB total (0min elapsed, ~n/a remaining)
  [2259/3225] ok=0 cached=2259 fail=0  0.0GB total (0min elapsed, ~n/a remaining)
  [2260/3225] ok=0 cached=2260 fail=0  0.0GB total (0min elapsed, ~n/a remaining)
  [2261/3225] ok=0 cached=2261 fail=0  0.0GB total (0min elapsed, ~n/a remaining)
  [2262/3225] ok=0 cached=2262 fail=0  0.0GB total (0min elapsed, ~n/a remaining)
  [2263/3225] ok=0 cached=2263 fail=0  0.0GB total (0min elapsed, ~n/a remaining)
  [2264/3225] ok=0 cached=2264 fail=0  0.0GB total (0min elapsed, ~n/a remaining)
  [2265/3225] ok=0 cached=2265 fail=0  0.0GB total (0min elapsed, ~n/a remaining)
  [2266/3225] ok=0 cached=2266 fail=0  0.0GB total (0min elapsed, ~n/a remaining)
  [2267/3225] ok=0 cached=2267 fail=0  0.0GB total (0min elapsed, ~n/a remaining)
  [2268/3225] ok=0 cached=2268 fail=0  0.0GB total (0min elapsed, ~n/a remaining)
  [2269/3225] ok=0 cached=2269 fail=0  0.0GB total (0min elapsed, ~n/a remaining)
  [2270/3225] ok=0 cached=2270 fail=0  0.0GB total (0min elapsed, ~n/a remaining)
  [2271/3225] ok=0 cached=2271 fail=0  0.0GB total (0min elapsed, ~n/a remaining)
  [2272/3225] ok=0 cached=2272 fail=0  0.0GB total (0min elapsed, ~n/a remaining)
  [2273/3225] ok=0 cached=2273 fail=0  0.0GB total (0min elapsed, ~n/a remaining)
  [2274/3225] ok=0 cached=2274 fail=0  0.0GB total (0min elapsed, ~n/a remaining)
  [2275/3225] ok=0 cached=2275 fail=0  0.0GB total (0min elapsed, ~n/a remaining)
  [2276/3225] ok=0 cached=2276 fail=0  0.0GB total (0min elapsed, ~n/a remaining)
  [2277/3225] ok=0 cached=2277 fail=0  0.0GB total (0min elapsed, ~n/a remaining)
  [2278/3225] ok=0 cached=2278 fail=0  0.0GB total (0min elapsed, ~n/a remaining)
  [2279/3225] ok=0 cached=2279 fail=0  0.0GB total (0min elapsed, ~n/a remaining)
  [2280/3225] ok=0 cached=2280 fail=0  0.0GB total (0min elapsed, ~n/a remaining)
  [2281/3225] ok=0 cached=2281 fail=0  0.0GB total (0min elapsed, ~n/a remaining)
  [2282/3225] ok=0 cached=2282 fail=0  0.0GB total (0min elapsed, ~n/a remaining)
  [2283/3225] ok=0 cached=2283 fail=0  0.0GB total (0min elapsed, ~n/a remaining)
  [2284/3225] ok=0 cached=2284 fail=0  0.0GB total (0min elapsed, ~n/a remaining)
  [2285/3225] ok=0 cached=2285 fail=0  0.0GB total (0min elapsed, ~n/a remaining)
  [2286/3225] ok=0 cached=2286 fail=0  0.0GB total (0min elapsed, ~n/a remaining)
  [2287/3225] ok=0 cached=2287 fail=0  0.0GB total (0min elapsed, ~n/a remaining)
  [2288/3225] ok=0 cached=2288 fail=0  0.0GB total (0min elapsed, ~n/a remaining)
  [2289/3225] ok=0 cached=2289 fail=0  0.0GB total (0min elapsed, ~n/a remaining)
  [2290/3225] ok=0 cached=2290 fail=0  0.0GB total (0min elapsed, ~n/a remaining)
  [2291/3225] ok=0 cached=2291 fail=0  0.0GB total (0min elapsed, ~n/a remaining)
  [2292/3225] ok=0 cached=2292 fail=0  0.0GB total (0min elapsed, ~n/a remaining)
  [2293/3225] ok=0 cached=2293 fail=0  0.0GB total (0min elapsed, ~n/a remaining)
  [2294/3225] ok=0 cached=2294 fail=0  0.0GB total (0min elapsed, ~n/a remaining)
  [2295/3225] ok=0 cached=2295 fail=0  0.0GB total (0min elapsed, ~n/a remaining)
  [2296/3225] ok=0 cached=2296 fail=0  0.0GB total (0min elapsed, ~n/a remaining)
  [2297/3225] ok=0 cached=2297 fail=0  0.0GB total (0min elapsed, ~n/a remaining)
  [2298/3225] ok=0 cached=2298 fail=0  0.0GB total (0min elapsed, ~n/a remaining)
  [2299/3225] ok=0 cached=2299 fail=0  0.0GB total (0min elapsed, ~n/a remaining)
  [2300/3225] ok=0 cached=2300 fail=0  0.0GB total (0min elapsed, ~n/a remaining)
  [2301/3225] ok=0 cached=2301 fail=0  0.0GB total (0min elapsed, ~n/a remaining)
  [2302/3225] ok=0 cached=2302 fail=0  0.0GB total (0min elapsed, ~n/a remaining)
  [2303/3225] ok=0 cached=2303 fail=0  0.0GB total (0min elapsed, ~n/a remaining)
  [2304/3225] ok=0 cached=2304 fail=0  0.0GB total (0min elapsed, ~n/a remaining)
  [2305/3225] ok=0 cached=2305 fail=0  0.0GB total (0min elapsed, ~n/a remaining)
  [2306/3225] ok=0 cached=2306 fail=0  0.0GB total (0min elapsed, ~n/a remaining)
  [2307/3225] ok=0 cached=2307 fail=0  0.0GB total (0min elapsed, ~n/a remaining)
  [2308/3225] ok=0 cached=2308 fail=0  0.0GB total (0min elapsed, ~n/a remaining)
  [2309/3225] ok=0 cached=2309 fail=0  0.0GB total (0min elapsed, ~n/a remaining)
  [2310/3225] ok=0 cached=2310 fail=0  0.0GB total (0min elapsed, ~n/a remaining)
  [2311/3225] ok=0 cached=2311 fail=0  0.0GB total (0min elapsed, ~n/a remaining)
  [2312/3225] ok=0 cached=2312 fail=0  0.0GB total (0min elapsed, ~n/a remaining)
  [2313/3225] ok=0 cached=2313 fail=0  0.0GB total (0min elapsed, ~n/a remaining)
  [2314/3225] ok=0 cached=2314 fail=0  0.0GB total (0min elapsed, ~n/a remaining)
  [2315/3225] ok=0 cached=2315 fail=0  0.0GB total (0min elapsed, ~n/a remaining)
  [2316/3225] ok=0 cached=2316 fail=0  0.0GB total (0min elapsed, ~n/a remaining)
  [2317/3225] ok=0 cached=2317 fail=0  0.0GB total (0min elapsed, ~n/a remaining)
  [2318/3225] ok=0 cached=2318 fail=0  0.0GB total (0min elapsed, ~n/a remaining)
  [2319/3225] ok=0 cached=2319 fail=0  0.0GB total (0min elapsed, ~n/a remaining)
  [2320/3225] ok=0 cached=2320 fail=0  0.0GB total (0min elapsed, ~n/a remaining)
  [2321/3225] ok=0 cached=2321 fail=0  0.0GB total (0min elapsed, ~n/a remaining)
  [2322/3225] ok=0 cached=2322 fail=0  0.0GB total (0min elapsed, ~n/a remaining)
  [2323/3225] ok=0 cached=2323 fail=0  0.0GB total (0min elapsed, ~n/a remaining)
  [2324/3225] ok=0 cached=2324 fail=0  0.0GB total (0min elapsed, ~n/a remaining)
  [2325/3225] ok=0 cached=2325 fail=0  0.0GB total (0min elapsed, ~n/a remaining)
  [2326/3225] ok=0 cached=2326 fail=0  0.0GB total (0min elapsed, ~n/a remaining)
  [2327/3225] ok=0 cached=2327 fail=0  0.0GB total (0min elapsed, ~n/a remaining)
  [2328/3225] ok=0 cached=2328 fail=0  0.0GB total (0min elapsed, ~n/a remaining)
  [2329/3225] ok=0 cached=2329 fail=0  0.0GB total (0min elapsed, ~n/a remaining)
  [2330/3225] ok=0 cached=2330 fail=0  0.0GB total (0min elapsed, ~n/a remaining)
  [2331/3225] ok=0 cached=2331 fail=0  0.0GB total (0min elapsed, ~n/a remaining)
  [2332/3225] ok=0 cached=2332 fail=0  0.0GB total (0min elapsed, ~n/a remaining)
  [2333/3225] ok=0 cached=2333 fail=0  0.0GB total (0min elapsed, ~n/a remaining)
  [2334/3225] ok=0 cached=2334 fail=0  0.0GB total (0min elapsed, ~n/a remaining)
  [2335/3225] ok=0 cached=2335 fail=0  0.0GB total (0min elapsed, ~n/a remaining)
  [2336/3225] ok=0 cached=2336 fail=0  0.0GB total (0min elapsed, ~n/a remaining)
  [2337/3225] ok=0 cached=2337 fail=0  0.0GB total (0min elapsed, ~n/a remaining)
  [2338/3225] ok=0 cached=2338 fail=0  0.0GB total (0min elapsed, ~n/a remaining)
  [2339/3225] ok=0 cached=2339 fail=0  0.0GB total (0min elapsed, ~n/a remaining)
  [2340/3225] ok=0 cached=2340 fail=0  0.0GB total (0min elapsed, ~n/a remaining)
  [2341/3225] ok=0 cached=2341 fail=0  0.0GB total (0min elapsed, ~n/a remaining)
  [2342/3225] ok=0 cached=2342 fail=0  0.0GB total (0min elapsed, ~n/a remaining)
  [2343/3225] ok=0 cached=2343 fail=0  0.0GB total (0min elapsed, ~n/a remaining)
  [2344/3225] ok=0 cached=2344 fail=0  0.0GB total (0min elapsed, ~n/a remaining)
  [2345/3225] ok=0 cached=2345 fail=0  0.0GB total (0min elapsed, ~n/a remaining)
  [2346/3225] ok=0 cached=2346 fail=0  0.0GB total (0min elapsed, ~n/a remaining)
  [2347/3225] ok=0 cached=2347 fail=0  0.0GB total (0min elapsed, ~n/a remaining)
  [2348/3225] ok=0 cached=2348 fail=0  0.0GB total (0min elapsed, ~n/a remaining)
  [2349/3225] ok=0 cached=2349 fail=0  0.0GB total (0min elapsed, ~n/a remaining)
  [2350/3225] ok=0 cached=2350 fail=0  0.0GB total (0min elapsed, ~n/a remaining)
  [2351/3225] ok=0 cached=2351 fail=0  0.0GB total (0min elapsed, ~n/a remaining)
  [2352/3225] ok=0 cached=2352 fail=0  0.0GB total (0min elapsed, ~n/a remaining)
  [2353/3225] ok=0 cached=2353 fail=0  0.0GB total (0min elapsed, ~n/a remaining)
  [2354/3225] ok=0 cached=2354 fail=0  0.0GB total (0min elapsed, ~n/a remaining)
  [2355/3225] ok=0 cached=2355 fail=0  0.0GB total (0min elapsed, ~n/a remaining)
  [2356/3225] ok=0 cached=2356 fail=0  0.0GB total (0min elapsed, ~n/a remaining)
  [2357/3225] ok=0 cached=2357 fail=0  0.0GB total (0min elapsed, ~n/a remaining)
  [2358/3225] ok=0 cached=2358 fail=0  0.0GB total (0min elapsed, ~n/a remaining)
  [2359/3225] ok=0 cached=2359 fail=0  0.0GB total (0min elapsed, ~n/a remaining)
  [2360/3225] ok=0 cached=2360 fail=0  0.0GB total (0min elapsed, ~n/a remaining)
  [2361/3225] ok=0 cached=2361 fail=0  0.0GB total (0min elapsed, ~n/a remaining)
  [2362/3225] ok=0 cached=2362 fail=0  0.0GB total (0min elapsed, ~n/a remaining)
  [2363/3225] ok=0 cached=2363 fail=0  0.0GB total (0min elapsed, ~n/a remaining)
  [2364/3225] ok=0 cached=2364 fail=0  0.0GB total (0min elapsed, ~n/a remaining)
  [2365/3225] ok=0 cached=2365 fail=0  0.0GB total (0min elapsed, ~n/a remaining)
  [2366/3225] ok=0 cached=2366 fail=0  0.0GB total (0min elapsed, ~n/a remaining)
  [2367/3225] ok=0 cached=2367 fail=0  0.0GB total (0min elapsed, ~n/a remaining)
  [2368/3225] ok=0 cached=2368 fail=0  0.0GB total (0min elapsed, ~n/a remaining)
  [2369/3225] ok=0 cached=2369 fail=0  0.0GB total (0min elapsed, ~n/a remaining)
  [2370/3225] ok=0 cached=2370 fail=0  0.0GB total (0min elapsed, ~n/a remaining)
  [2371/3225] ok=0 cached=2371 fail=0  0.0GB total (0min elapsed, ~n/a remaining)
  [2372/3225] ok=0 cached=2372 fail=0  0.0GB total (0min elapsed, ~n/a remaining)
  [2373/3225] ok=0 cached=2373 fail=0  0.0GB total (0min elapsed, ~n/a remaining)
  [2374/3225] ok=0 cached=2374 fail=0  0.0GB total (0min elapsed, ~n/a remaining)
  [2375/3225] ok=0 cached=2375 fail=0  0.0GB total (0min elapsed, ~n/a remaining)
  [2376/3225] ok=0 cached=2376 fail=0  0.0GB total (0min elapsed, ~n/a remaining)
  [2377/3225] ok=0 cached=2377 fail=0  0.0GB total (0min elapsed, ~n/a remaining)
  [2378/3225] ok=0 cached=2378 fail=0  0.0GB total (0min elapsed, ~n/a remaining)
  [2379/3225] ok=0 cached=2379 fail=0  0.0GB total (0min elapsed, ~n/a remaining)
  [2380/3225] ok=0 cached=2380 fail=0  0.0GB total (0min elapsed, ~n/a remaining)
  [2381/3225] ok=0 cached=2381 fail=0  0.0GB total (0min elapsed, ~n/a remaining)
  [2382/3225] ok=0 cached=2382 fail=0  0.0GB total (0min elapsed, ~n/a remaining)
  [2383/3225] ok=0 cached=2383 fail=0  0.0GB total (0min elapsed, ~n/a remaining)
  [2384/3225] ok=0 cached=2384 fail=0  0.0GB total (0min elapsed, ~n/a remaining)
  [2385/3225] ok=0 cached=2385 fail=0  0.0GB total (0min elapsed, ~n/a remaining)
  [2386/3225] ok=0 cached=2386 fail=0  0.0GB total (0min elapsed, ~n/a remaining)
  [2387/3225] ok=0 cached=2387 fail=0  0.0GB total (0min elapsed, ~n/a remaining)
  [2388/3225] ok=0 cached=2388 fail=0  0.0GB total (0min elapsed, ~n/a remaining)
  [2389/3225] ok=0 cached=2389 fail=0  0.0GB total (0min elapsed, ~n/a remaining)
  [2390/3225] ok=0 cached=2390 fail=0  0.0GB total (0min elapsed, ~n/a remaining)
  [2391/3225] ok=0 cached=2391 fail=0  0.0GB total (0min elapsed, ~n/a remaining)
  [2392/3225] ok=0 cached=2392 fail=0  0.0GB total (0min elapsed, ~n/a remaining)
  [2393/3225] ok=0 cached=2393 fail=0  0.0GB total (0min elapsed, ~n/a remaining)
  [2394/3225] ok=0 cached=2394 fail=0  0.0GB total (0min elapsed, ~n/a remaining)
  [2395/3225] ok=0 cached=2395 fail=0  0.0GB total (0min elapsed, ~n/a remaining)
  [2396/3225] ok=0 cached=2396 fail=0  0.0GB total (0min elapsed, ~n/a remaining)
  [2397/3225] ok=0 cached=2397 fail=0  0.0GB total (0min elapsed, ~n/a remaining)
  [2398/3225] ok=0 cached=2398 fail=0  0.0GB total (0min elapsed, ~n/a remaining)
  [2399/3225] ok=0 cached=2399 fail=0  0.0GB total (0min elapsed, ~n/a remaining)
  [2400/3225] ok=0 cached=2400 fail=0  0.0GB total (0min elapsed, ~n/a remaining)
  [2401/3225] ok=0 cached=2401 fail=0  0.0GB total (0min elapsed, ~n/a remaining)
  [2402/3225] ok=0 cached=2402 fail=0  0.0GB total (0min elapsed, ~n/a remaining)
  [2403/3225] ok=0 cached=2403 fail=0  0.0GB total (0min elapsed, ~n/a remaining)
  [2404/3225] ok=0 cached=2404 fail=0  0.0GB total (0min elapsed, ~n/a remaining)
  [2405/3225] ok=0 cached=2405 fail=0  0.0GB total (0min elapsed, ~n/a remaining)
  [2406/3225] ok=0 cached=2406 fail=0  0.0GB total (0min elapsed, ~n/a remaining)
  [2407/3225] ok=0 cached=2407 fail=0  0.0GB total (0min elapsed, ~n/a remaining)
  [2408/3225] ok=0 cached=2408 fail=0  0.0GB total (0min elapsed, ~n/a remaining)
  [2409/3225] ok=0 cached=2409 fail=0  0.0GB total (0min elapsed, ~n/a remaining)
  [2410/3225] ok=0 cached=2410 fail=0  0.0GB total (0min elapsed, ~n/a remaining)
  [2411/3225] ok=0 cached=2411 fail=0  0.0GB total (0min elapsed, ~n/a remaining)
  [2412/3225] ok=0 cached=2412 fail=0  0.0GB total (0min elapsed, ~n/a remaining)
  [2413/3225] ok=0 cached=2413 fail=0  0.0GB total (0min elapsed, ~n/a remaining)
  [2414/3225] ok=0 cached=2414 fail=0  0.0GB total (0min elapsed, ~n/a remaining)
  [2415/3225] ok=0 cached=2415 fail=0  0.0GB total (0min elapsed, ~n/a remaining)
  [2416/3225] ok=0 cached=2416 fail=0  0.0GB total (0min elapsed, ~n/a remaining)
  [2417/3225] ok=0 cached=2417 fail=0  0.0GB total (0min elapsed, ~n/a remaining)
  [2418/3225] ok=0 cached=2418 fail=0  0.0GB total (0min elapsed, ~n/a remaining)
  [2419/3225] ok=0 cached=2419 fail=0  0.0GB total (0min elapsed, ~n/a remaining)
  [2420/3225] ok=0 cached=2420 fail=0  0.0GB total (0min elapsed, ~n/a remaining)
  [2421/3225] ok=0 cached=2421 fail=0  0.0GB total (0min elapsed, ~n/a remaining)
  [2422/3225] ok=0 cached=2422 fail=0  0.0GB total (0min elapsed, ~n/a remaining)
  [2423/3225] ok=0 cached=2423 fail=0  0.0GB total (0min elapsed, ~n/a remaining)
  [2424/3225] ok=0 cached=2424 fail=0  0.0GB total (0min elapsed, ~n/a remaining)
  [2425/3225] ok=0 cached=2425 fail=0  0.0GB total (0min elapsed, ~n/a remaining)
  [2426/3225] ok=0 cached=2426 fail=0  0.0GB total (0min elapsed, ~n/a remaining)
  [2427/3225] ok=0 cached=2427 fail=0  0.0GB total (0min elapsed, ~n/a remaining)
  [2428/3225] ok=0 cached=2428 fail=0  0.0GB total (0min elapsed, ~n/a remaining)
  [2429/3225] ok=0 cached=2429 fail=0  0.0GB total (0min elapsed, ~n/a remaining)
  [2430/3225] ok=0 cached=2430 fail=0  0.0GB total (0min elapsed, ~n/a remaining)
  [2431/3225] ok=0 cached=2431 fail=0  0.0GB total (0min elapsed, ~n/a remaining)
  [2432/3225] ok=0 cached=2432 fail=0  0.0GB total (0min elapsed, ~n/a remaining)
  [2433/3225] ok=0 cached=2433 fail=0  0.0GB total (0min elapsed, ~n/a remaining)
  [2434/3225] ok=0 cached=2434 fail=0  0.0GB total (0min elapsed, ~n/a remaining)
  [2435/3225] ok=0 cached=2435 fail=0  0.0GB total (0min elapsed, ~n/a remaining)
  [2436/3225] ok=0 cached=2436 fail=0  0.0GB total (0min elapsed, ~n/a remaining)
  [2437/3225] ok=0 cached=2437 fail=0  0.0GB total (0min elapsed, ~n/a remaining)
  [2438/3225] ok=0 cached=2438 fail=0  0.0GB total (0min elapsed, ~n/a remaining)
  [2439/3225] ok=0 cached=2439 fail=0  0.0GB total (0min elapsed, ~n/a remaining)
  [2440/3225] ok=0 cached=2440 fail=0  0.0GB total (0min elapsed, ~n/a remaining)
  [2441/3225] ok=0 cached=2441 fail=0  0.0GB total (0min elapsed, ~n/a remaining)
  [2442/3225] ok=0 cached=2442 fail=0  0.0GB total (0min elapsed, ~n/a remaining)
  [2443/3225] ok=0 cached=2443 fail=0  0.0GB total (0min elapsed, ~n/a remaining)
  [2444/3225] ok=0 cached=2444 fail=0  0.0GB total (0min elapsed, ~n/a remaining)
  [2445/3225] ok=0 cached=2445 fail=0  0.0GB total (0min elapsed, ~n/a remaining)
  [2446/3225] ok=0 cached=2446 fail=0  0.0GB total (0min elapsed, ~n/a remaining)
  [2447/3225] ok=0 cached=2447 fail=0  0.0GB total (0min elapsed, ~n/a remaining)
  [2448/3225] ok=0 cached=2448 fail=0  0.0GB total (0min elapsed, ~n/a remaining)
  [2449/3225] ok=0 cached=2449 fail=0  0.0GB total (0min elapsed, ~n/a remaining)
  [2450/3225] ok=0 cached=2450 fail=0  0.0GB total (0min elapsed, ~n/a remaining)
  [2451/3225] ok=0 cached=2451 fail=0  0.0GB total (0min elapsed, ~n/a remaining)
  [2452/3225] ok=0 cached=2452 fail=0  0.0GB total (0min elapsed, ~n/a remaining)
  [2453/3225] ok=0 cached=2453 fail=0  0.0GB total (0min elapsed, ~n/a remaining)
  [2454/3225] ok=0 cached=2454 fail=0  0.0GB total (0min elapsed, ~n/a remaining)
  [2455/3225] ok=0 cached=2455 fail=0  0.0GB total (0min elapsed, ~n/a remaining)
  [2456/3225] ok=0 cached=2456 fail=0  0.0GB total (0min elapsed, ~n/a remaining)
  [2457/3225] ok=0 cached=2457 fail=0  0.0GB total (0min elapsed, ~n/a remaining)
  [2458/3225] ok=0 cached=2458 fail=0  0.0GB total (0min elapsed, ~n/a remaining)
  [2459/3225] ok=0 cached=2459 fail=0  0.0GB total (0min elapsed, ~n/a remaining)
  [2460/3225] ok=0 cached=2460 fail=0  0.0GB total (0min elapsed, ~n/a remaining)
  [2461/3225] ok=0 cached=2461 fail=0  0.0GB total (0min elapsed, ~n/a remaining)
  [2462/3225] ok=0 cached=2462 fail=0  0.0GB total (0min elapsed, ~n/a remaining)
  [2463/3225] ok=0 cached=2463 fail=0  0.0GB total (0min elapsed, ~n/a remaining)
  [2464/3225] ok=0 cached=2464 fail=0  0.0GB total (0min elapsed, ~n/a remaining)
  [2465/3225] ok=0 cached=2465 fail=0  0.0GB total (0min elapsed, ~n/a remaining)
  [2466/3225] ok=0 cached=2466 fail=0  0.0GB total (0min elapsed, ~n/a remaining)
  [2467/3225] ok=0 cached=2467 fail=0  0.0GB total (0min elapsed, ~n/a remaining)
  [2468/3225] ok=0 cached=2468 fail=0  0.0GB total (0min elapsed, ~n/a remaining)
  [2469/3225] ok=0 cached=2469 fail=0  0.0GB total (0min elapsed, ~n/a remaining)
  [2470/3225] ok=0 cached=2470 fail=0  0.0GB total (0min elapsed, ~n/a remaining)
  [2471/3225] ok=0 cached=2471 fail=0  0.0GB total (0min elapsed, ~n/a remaining)
  [2472/3225] ok=0 cached=2472 fail=0  0.0GB total (0min elapsed, ~n/a remaining)
  [2473/3225] ok=0 cached=2473 fail=0  0.0GB total (0min elapsed, ~n/a remaining)
  [2474/3225] ok=0 cached=2474 fail=0  0.0GB total (0min elapsed, ~n/a remaining)
  [2475/3225] ok=0 cached=2475 fail=0  0.0GB total (0min elapsed, ~n/a remaining)
  [2476/3225] ok=0 cached=2476 fail=0  0.0GB total (0min elapsed, ~n/a remaining)
  [2477/3225] ok=0 cached=2477 fail=0  0.0GB total (0min elapsed, ~n/a remaining)
  [2478/3225] ok=0 cached=2478 fail=0  0.0GB total (0min elapsed, ~n/a remaining)
  [2479/3225] ok=0 cached=2479 fail=0  0.0GB total (0min elapsed, ~n/a remaining)
  [2480/3225] ok=0 cached=2480 fail=0  0.0GB total (0min elapsed, ~n/a remaining)
  [2481/3225] ok=0 cached=2481 fail=0  0.0GB total (0min elapsed, ~n/a remaining)
  [2482/3225] ok=0 cached=2482 fail=0  0.0GB total (0min elapsed, ~n/a remaining)
  [2483/3225] ok=0 cached=2483 fail=0  0.0GB total (0min elapsed, ~n/a remaining)
  [2484/3225] ok=0 cached=2484 fail=0  0.0GB total (0min elapsed, ~n/a remaining)
  [2485/3225] ok=0 cached=2485 fail=0  0.0GB total (0min elapsed, ~n/a remaining)
  [2486/3225] ok=0 cached=2486 fail=0  0.0GB total (0min elapsed, ~n/a remaining)
  [2487/3225] ok=0 cached=2487 fail=0  0.0GB total (0min elapsed, ~n/a remaining)
  [2488/3225] ok=0 cached=2488 fail=0  0.0GB total (0min elapsed, ~n/a remaining)
  [2489/3225] ok=0 cached=2489 fail=0  0.0GB total (0min elapsed, ~n/a remaining)
  [2490/3225] ok=0 cached=2490 fail=0  0.0GB total (0min elapsed, ~n/a remaining)
  [2491/3225] ok=0 cached=2491 fail=0  0.0GB total (0min elapsed, ~n/a remaining)
  [2492/3225] ok=0 cached=2492 fail=0  0.0GB total (0min elapsed, ~n/a remaining)
  [2493/3225] ok=0 cached=2493 fail=0  0.0GB total (0min elapsed, ~n/a remaining)
  [2494/3225] ok=0 cached=2494 fail=0  0.0GB total (0min elapsed, ~n/a remaining)
  [2495/3225] ok=0 cached=2495 fail=0  0.0GB total (0min elapsed, ~n/a remaining)
  [2496/3225] ok=0 cached=2496 fail=0  0.0GB total (0min elapsed, ~n/a remaining)
  [2497/3225] ok=0 cached=2497 fail=0  0.0GB total (0min elapsed, ~n/a remaining)
  [2498/3225] ok=0 cached=2498 fail=0  0.0GB total (0min elapsed, ~n/a remaining)
  [2499/3225] ok=0 cached=2499 fail=0  0.0GB total (0min elapsed, ~n/a remaining)
  [2500/3225] ok=0 cached=2500 fail=0  0.0GB total (0min elapsed, ~n/a remaining)
  [2501/3225] ok=0 cached=2501 fail=0  0.0GB total (0min elapsed, ~n/a remaining)
  [2502/3225] ok=0 cached=2502 fail=0  0.0GB total (0min elapsed, ~n/a remaining)
  [2503/3225] ok=0 cached=2503 fail=0  0.0GB total (0min elapsed, ~n/a remaining)
  [2504/3225] ok=0 cached=2504 fail=0  0.0GB total (0min elapsed, ~n/a remaining)
  [2505/3225] ok=0 cached=2505 fail=0  0.0GB total (0min elapsed, ~n/a remaining)
  [2506/3225] ok=0 cached=2506 fail=0  0.0GB total (0min elapsed, ~n/a remaining)
  [2507/3225] ok=0 cached=2507 fail=0  0.0GB total (0min elapsed, ~n/a remaining)
  [2508/3225] ok=0 cached=2508 fail=0  0.0GB total (0min elapsed, ~n/a remaining)
  [2509/3225] ok=0 cached=2509 fail=0  0.0GB total (0min elapsed, ~n/a remaining)
  [2510/3225] ok=0 cached=2510 fail=0  0.0GB total (0min elapsed, ~n/a remaining)
  [2511/3225] ok=0 cached=2511 fail=0  0.0GB total (0min elapsed, ~n/a remaining)
  [2512/3225] ok=0 cached=2512 fail=0  0.0GB total (0min elapsed, ~n/a remaining)
  [2513/3225] ok=0 cached=2513 fail=0  0.0GB total (0min elapsed, ~n/a remaining)
  [2514/3225] ok=0 cached=2514 fail=0  0.0GB total (0min elapsed, ~n/a remaining)
  [2515/3225] ok=0 cached=2515 fail=0  0.0GB total (0min elapsed, ~n/a remaining)
  [2516/3225] ok=0 cached=2516 fail=0  0.0GB total (0min elapsed, ~n/a remaining)
  [2517/3225] ok=0 cached=2517 fail=0  0.0GB total (0min elapsed, ~n/a remaining)
  [2518/3225] ok=0 cached=2518 fail=0  0.0GB total (0min elapsed, ~n/a remaining)
  [2519/3225] ok=0 cached=2519 fail=0  0.0GB total (0min elapsed, ~n/a remaining)
  [2520/3225] ok=0 cached=2520 fail=0  0.0GB total (0min elapsed, ~n/a remaining)
  [2521/3225] ok=0 cached=2521 fail=0  0.0GB total (0min elapsed, ~n/a remaining)
  [2522/3225] ok=0 cached=2522 fail=0  0.0GB total (0min elapsed, ~n/a remaining)
  [2523/3225] ok=0 cached=2523 fail=0  0.0GB total (0min elapsed, ~n/a remaining)
  [2524/3225] ok=0 cached=2524 fail=0  0.0GB total (0min elapsed, ~n/a remaining)
  [2525/3225] ok=0 cached=2525 fail=0  0.0GB total (0min elapsed, ~n/a remaining)
  [2526/3225] ok=0 cached=2526 fail=0  0.0GB total (0min elapsed, ~n/a remaining)
  [2527/3225] ok=0 cached=2527 fail=0  0.0GB total (0min elapsed, ~n/a remaining)
  [2528/3225] ok=0 cached=2528 fail=0  0.0GB total (0min elapsed, ~n/a remaining)
  [2529/3225] ok=0 cached=2529 fail=0  0.0GB total (0min elapsed, ~n/a remaining)
  [2530/3225] ok=0 cached=2530 fail=0  0.0GB total (0min elapsed, ~n/a remaining)
  [2531/3225] ok=0 cached=2531 fail=0  0.0GB total (0min elapsed, ~n/a remaining)
  [2532/3225] ok=0 cached=2532 fail=0  0.0GB total (0min elapsed, ~n/a remaining)
  [2533/3225] ok=0 cached=2533 fail=0  0.0GB total (0min elapsed, ~n/a remaining)
  [2534/3225] ok=0 cached=2534 fail=0  0.0GB total (0min elapsed, ~n/a remaining)
  [2535/3225] ok=0 cached=2535 fail=0  0.0GB total (0min elapsed, ~n/a remaining)
  [2536/3225] ok=0 cached=2536 fail=0  0.0GB total (0min elapsed, ~n/a remaining)
  [2537/3225] ok=0 cached=2537 fail=0  0.0GB total (0min elapsed, ~n/a remaining)
  [2538/3225] ok=0 cached=2538 fail=0  0.0GB total (0min elapsed, ~n/a remaining)
  [2539/3225] ok=0 cached=2539 fail=0  0.0GB total (0min elapsed, ~n/a remaining)
  [2540/3225] ok=0 cached=2540 fail=0  0.0GB total (0min elapsed, ~n/a remaining)
  [2541/3225] ok=0 cached=2541 fail=0  0.0GB total (0min elapsed, ~n/a remaining)
  [2542/3225] ok=0 cached=2542 fail=0  0.0GB total (0min elapsed, ~n/a remaining)
  [2543/3225] ok=0 cached=2543 fail=0  0.0GB total (0min elapsed, ~n/a remaining)
  [2544/3225] ok=0 cached=2544 fail=0  0.0GB total (0min elapsed, ~n/a remaining)
  [2545/3225] ok=0 cached=2545 fail=0  0.0GB total (0min elapsed, ~n/a remaining)
  [2546/3225] ok=0 cached=2546 fail=0  0.0GB total (0min elapsed, ~n/a remaining)
  [2547/3225] ok=0 cached=2547 fail=0  0.0GB total (0min elapsed, ~n/a remaining)
  [2548/3225] ok=0 cached=2548 fail=0  0.0GB total (0min elapsed, ~n/a remaining)
  [2549/3225] ok=0 cached=2549 fail=0  0.0GB total (0min elapsed, ~n/a remaining)
  [2550/3225] ok=0 cached=2550 fail=0  0.0GB total (0min elapsed, ~n/a remaining)
  [2551/3225] ok=0 cached=2551 fail=0  0.0GB total (0min elapsed, ~n/a remaining)
  [2552/3225] ok=0 cached=2552 fail=0  0.0GB total (0min elapsed, ~n/a remaining)
  [2553/3225] ok=0 cached=2553 fail=0  0.0GB total (0min elapsed, ~n/a remaining)
  [2554/3225] ok=0 cached=2554 fail=0  0.0GB total (0min elapsed, ~n/a remaining)
  [2555/3225] ok=0 cached=2555 fail=0  0.0GB total (0min elapsed, ~n/a remaining)
  [2556/3225] ok=0 cached=2556 fail=0  0.0GB total (0min elapsed, ~n/a remaining)
  [2557/3225] ok=0 cached=2557 fail=0  0.0GB total (0min elapsed, ~n/a remaining)
  [2558/3225] ok=0 cached=2558 fail=0  0.0GB total (0min elapsed, ~n/a remaining)
  [2559/3225] ok=0 cached=2559 fail=0  0.0GB total (0min elapsed, ~n/a remaining)
  [2560/3225] ok=0 cached=2560 fail=0  0.0GB total (0min elapsed, ~n/a remaining)
  [2561/3225] ok=0 cached=2561 fail=0  0.0GB total (0min elapsed, ~n/a remaining)
  [2562/3225] ok=0 cached=2562 fail=0  0.0GB total (0min elapsed, ~n/a remaining)
  [2563/3225] ok=0 cached=2563 fail=0  0.0GB total (0min elapsed, ~n/a remaining)
  [2564/3225] ok=0 cached=2564 fail=0  0.0GB total (0min elapsed, ~n/a remaining)
  [2565/3225] ok=0 cached=2565 fail=0  0.0GB total (0min elapsed, ~n/a remaining)
  [2566/3225] ok=0 cached=2566 fail=0  0.0GB total (0min elapsed, ~n/a remaining)
  [2567/3225] ok=0 cached=2567 fail=0  0.0GB total (0min elapsed, ~n/a remaining)
  [2568/3225] ok=0 cached=2568 fail=0  0.0GB total (0min elapsed, ~n/a remaining)
  [2569/3225] ok=0 cached=2569 fail=0  0.0GB total (0min elapsed, ~n/a remaining)
  [2570/3225] ok=0 cached=2570 fail=0  0.0GB total (0min elapsed, ~n/a remaining)
  [2571/3225] ok=0 cached=2571 fail=0  0.0GB total (0min elapsed, ~n/a remaining)
  [2572/3225] ok=0 cached=2572 fail=0  0.0GB total (0min elapsed, ~n/a remaining)
  [2573/3225] ok=0 cached=2573 fail=0  0.0GB total (0min elapsed, ~n/a remaining)
  [2574/3225] ok=0 cached=2574 fail=0  0.0GB total (0min elapsed, ~n/a remaining)
  [2575/3225] ok=0 cached=2575 fail=0  0.0GB total (0min elapsed, ~n/a remaining)
  [2576/3225] ok=0 cached=2576 fail=0  0.0GB total (0min elapsed, ~n/a remaining)
  [2577/3225] ok=0 cached=2577 fail=0  0.0GB total (0min elapsed, ~n/a remaining)
  [2578/3225] ok=0 cached=2578 fail=0  0.0GB total (0min elapsed, ~n/a remaining)
  [2579/3225] ok=0 cached=2579 fail=0  0.0GB total (0min elapsed, ~n/a remaining)
  [2580/3225] ok=0 cached=2580 fail=0  0.0GB total (0min elapsed, ~n/a remaining)
  [2581/3225] ok=0 cached=2581 fail=0  0.0GB total (0min elapsed, ~n/a remaining)
  [2582/3225] ok=0 cached=2582 fail=0  0.0GB total (0min elapsed, ~n/a remaining)
  [2583/3225] ok=0 cached=2583 fail=0  0.0GB total (0min elapsed, ~n/a remaining)
  [2584/3225] ok=0 cached=2584 fail=0  0.0GB total (0min elapsed, ~n/a remaining)
  [2585/3225] ok=0 cached=2585 fail=0  0.0GB total (0min elapsed, ~n/a remaining)
  [2586/3225] ok=0 cached=2586 fail=0  0.0GB total (0min elapsed, ~n/a remaining)
  [2587/3225] ok=0 cached=2587 fail=0  0.0GB total (0min elapsed, ~n/a remaining)
  [2588/3225] ok=0 cached=2588 fail=0  0.0GB total (0min elapsed, ~n/a remaining)
  [2589/3225] ok=0 cached=2589 fail=0  0.0GB total (0min elapsed, ~n/a remaining)
  [2590/3225] ok=0 cached=2590 fail=0  0.0GB total (0min elapsed, ~n/a remaining)
  [2591/3225] ok=0 cached=2591 fail=0  0.0GB total (0min elapsed, ~n/a remaining)
  [2592/3225] ok=0 cached=2592 fail=0  0.0GB total (0min elapsed, ~n/a remaining)
  [2593/3225] ok=0 cached=2593 fail=0  0.0GB total (0min elapsed, ~n/a remaining)
  [2594/3225] ok=0 cached=2594 fail=0  0.0GB total (0min elapsed, ~n/a remaining)
  [2595/3225] ok=0 cached=2595 fail=0  0.0GB total (0min elapsed, ~n/a remaining)
  [2596/3225] ok=0 cached=2596 fail=0  0.0GB total (0min elapsed, ~n/a remaining)
  [2597/3225] ok=0 cached=2597 fail=0  0.0GB total (0min elapsed, ~n/a remaining)
  [2598/3225] ok=0 cached=2598 fail=0  0.0GB total (0min elapsed, ~n/a remaining)
  [2599/3225] ok=0 cached=2599 fail=0  0.0GB total (0min elapsed, ~n/a remaining)
  [2600/3225] ok=0 cached=2600 fail=0  0.0GB total (0min elapsed, ~n/a remaining)
  [2601/3225] ok=0 cached=2601 fail=0  0.0GB total (0min elapsed, ~n/a remaining)
  [2602/3225] ok=0 cached=2602 fail=0  0.0GB total (0min elapsed, ~n/a remaining)
  [2603/3225] ok=0 cached=2603 fail=0  0.0GB total (0min elapsed, ~n/a remaining)
  [2604/3225] ok=0 cached=2604 fail=0  0.0GB total (0min elapsed, ~n/a remaining)
  [2605/3225] ok=0 cached=2605 fail=0  0.0GB total (0min elapsed, ~n/a remaining)
  [2606/3225] ok=0 cached=2606 fail=0  0.0GB total (0min elapsed, ~n/a remaining)
  [2607/3225] ok=0 cached=2607 fail=0  0.0GB total (0min elapsed, ~n/a remaining)
  [2608/3225] ok=0 cached=2608 fail=0  0.0GB total (0min elapsed, ~n/a remaining)
  [2609/3225] ok=0 cached=2609 fail=0  0.0GB total (0min elapsed, ~n/a remaining)
  [2610/3225] ok=0 cached=2610 fail=0  0.0GB total (0min elapsed, ~n/a remaining)
  [2611/3225] ok=0 cached=2611 fail=0  0.0GB total (0min elapsed, ~n/a remaining)
  [2612/3225] ok=0 cached=2612 fail=0  0.0GB total (0min elapsed, ~n/a remaining)
  [2613/3225] ok=0 cached=2613 fail=0  0.0GB total (0min elapsed, ~n/a remaining)
  [2614/3225] ok=0 cached=2614 fail=0  0.0GB total (0min elapsed, ~n/a remaining)
  [2615/3225] ok=0 cached=2615 fail=0  0.0GB total (0min elapsed, ~n/a remaining)
  [2616/3225] ok=0 cached=2616 fail=0  0.0GB total (0min elapsed, ~n/a remaining)
  [2617/3225] ok=0 cached=2617 fail=0  0.0GB total (0min elapsed, ~n/a remaining)
  [2618/3225] ok=0 cached=2618 fail=0  0.0GB total (0min elapsed, ~n/a remaining)
  [2619/3225] ok=0 cached=2619 fail=0  0.0GB total (0min elapsed, ~n/a remaining)
  [2620/3225] ok=0 cached=2620 fail=0  0.0GB total (0min elapsed, ~n/a remaining)
  [2621/3225] ok=0 cached=2621 fail=0  0.0GB total (0min elapsed, ~n/a remaining)
  [2622/3225] ok=0 cached=2622 fail=0  0.0GB total (0min elapsed, ~n/a remaining)
  [2623/3225] ok=0 cached=2623 fail=0  0.0GB total (0min elapsed, ~n/a remaining)
  [2624/3225] ok=0 cached=2624 fail=0  0.0GB total (0min elapsed, ~n/a remaining)
  [2625/3225] ok=0 cached=2625 fail=0  0.0GB total (0min elapsed, ~n/a remaining)
  [2626/3225] ok=0 cached=2626 fail=0  0.0GB total (0min elapsed, ~n/a remaining)
  [2627/3225] ok=0 cached=2627 fail=0  0.0GB total (0min elapsed, ~n/a remaining)
  [2628/3225] ok=0 cached=2628 fail=0  0.0GB total (0min elapsed, ~n/a remaining)
  [2629/3225] ok=0 cached=2629 fail=0  0.0GB total (0min elapsed, ~n/a remaining)
  [2630/3225] ok=0 cached=2630 fail=0  0.0GB total (0min elapsed, ~n/a remaining)
  [2631/3225] ok=0 cached=2631 fail=0  0.0GB total (0min elapsed, ~n/a remaining)
  [2632/3225] ok=0 cached=2632 fail=0  0.0GB total (0min elapsed, ~n/a remaining)
  [2633/3225] ok=0 cached=2633 fail=0  0.0GB total (0min elapsed, ~n/a remaining)
  [2634/3225] ok=0 cached=2634 fail=0  0.0GB total (0min elapsed, ~n/a remaining)
  [2635/3225] ok=0 cached=2635 fail=0  0.0GB total (0min elapsed, ~n/a remaining)
  [2636/3225] ok=0 cached=2636 fail=0  0.0GB total (0min elapsed, ~n/a remaining)
  [2637/3225] ok=0 cached=2637 fail=0  0.0GB total (0min elapsed, ~n/a remaining)
  [2638/3225] ok=0 cached=2638 fail=0  0.0GB total (0min elapsed, ~n/a remaining)
  [2639/3225] ok=0 cached=2639 fail=0  0.0GB total (0min elapsed, ~n/a remaining)
  [2640/3225] ok=0 cached=2640 fail=0  0.0GB total (0min elapsed, ~n/a remaining)
  [2641/3225] ok=0 cached=2641 fail=0  0.0GB total (0min elapsed, ~n/a remaining)
  [2642/3225] ok=0 cached=2642 fail=0  0.0GB total (0min elapsed, ~n/a remaining)
  [2643/3225] ok=0 cached=2643 fail=0  0.0GB total (0min elapsed, ~n/a remaining)
  [2644/3225] ok=0 cached=2644 fail=0  0.0GB total (0min elapsed, ~n/a remaining)
  [2645/3225] ok=0 cached=2645 fail=0  0.0GB total (0min elapsed, ~n/a remaining)
  [2646/3225] ok=0 cached=2646 fail=0  0.0GB total (0min elapsed, ~n/a remaining)
  [2647/3225] ok=0 cached=2647 fail=0  0.0GB total (0min elapsed, ~n/a remaining)
  [2648/3225] ok=0 cached=2648 fail=0  0.0GB total (0min elapsed, ~n/a remaining)
  [2649/3225] ok=0 cached=2649 fail=0  0.0GB total (0min elapsed, ~n/a remaining)
  [2650/3225] ok=0 cached=2650 fail=0  0.0GB total (0min elapsed, ~n/a remaining)
  [2651/3225] ok=0 cached=2651 fail=0  0.0GB total (0min elapsed, ~n/a remaining)
  [2652/3225] ok=0 cached=2652 fail=0  0.0GB total (0min elapsed, ~n/a remaining)
  [2653/3225] ok=0 cached=2653 fail=0  0.0GB total (0min elapsed, ~n/a remaining)
  [2654/3225] ok=0 cached=2654 fail=0  0.0GB total (0min elapsed, ~n/a remaining)
  [2655/3225] ok=0 cached=2655 fail=0  0.0GB total (0min elapsed, ~n/a remaining)
  [2656/3225] ok=0 cached=2656 fail=0  0.0GB total (0min elapsed, ~n/a remaining)
  [2657/3225] ok=0 cached=2657 fail=0  0.0GB total (0min elapsed, ~n/a remaining)
  [2658/3225] ok=0 cached=2658 fail=0  0.0GB total (0min elapsed, ~n/a remaining)
  [2659/3225] ok=0 cached=2659 fail=0  0.0GB total (0min elapsed, ~n/a remaining)
  [2660/3225] ok=0 cached=2660 fail=0  0.0GB total (0min elapsed, ~n/a remaining)
  [2661/3225] ok=0 cached=2661 fail=0  0.0GB total (0min elapsed, ~n/a remaining)
  [2662/3225] ok=0 cached=2662 fail=0  0.0GB total (0min elapsed, ~n/a remaining)
  [2663/3225] ok=0 cached=2663 fail=0  0.0GB total (0min elapsed, ~n/a remaining)
  [2664/3225] ok=0 cached=2664 fail=0  0.0GB total (0min elapsed, ~n/a remaining)
  [2665/3225] ok=0 cached=2665 fail=0  0.0GB total (0min elapsed, ~n/a remaining)
  [2666/3225] ok=0 cached=2666 fail=0  0.0GB total (0min elapsed, ~n/a remaining)
  [2667/3225] ok=0 cached=2667 fail=0  0.0GB total (0min elapsed, ~n/a remaining)
  [2668/3225] ok=0 cached=2668 fail=0  0.0GB total (0min elapsed, ~n/a remaining)
  [2669/3225] ok=0 cached=2669 fail=0  0.0GB total (0min elapsed, ~n/a remaining)
  [2670/3225] ok=0 cached=2670 fail=0  0.0GB total (0min elapsed, ~n/a remaining)
  [2671/3225] ok=0 cached=2671 fail=0  0.0GB total (0min elapsed, ~n/a remaining)
  [2672/3225] ok=0 cached=2672 fail=0  0.0GB total (0min elapsed, ~n/a remaining)
  [2673/3225] ok=0 cached=2673 fail=0  0.0GB total (0min elapsed, ~n/a remaining)
  [2674/3225] ok=0 cached=2674 fail=0  0.0GB total (0min elapsed, ~n/a remaining)
  [2675/3225] ok=0 cached=2675 fail=0  0.0GB total (0min elapsed, ~n/a remaining)
  [2676/3225] ok=0 cached=2676 fail=0  0.0GB total (0min elapsed, ~n/a remaining)
  [2677/3225] ok=0 cached=2677 fail=0  0.0GB total (0min elapsed, ~n/a remaining)
  [2678/3225] ok=0 cached=2678 fail=0  0.0GB total (0min elapsed, ~n/a remaining)
  [2679/3225] ok=0 cached=2679 fail=0  0.0GB total (0min elapsed, ~n/a remaining)
  [2680/3225] ok=0 cached=2680 fail=0  0.0GB total (0min elapsed, ~n/a remaining)
  [2681/3225] ok=0 cached=2681 fail=0  0.0GB total (0min elapsed, ~n/a remaining)
  [2682/3225] ok=0 cached=2682 fail=0  0.0GB total (0min elapsed, ~n/a remaining)
  [2683/3225] ok=0 cached=2683 fail=0  0.0GB total (0min elapsed, ~n/a remaining)
  [2684/3225] ok=0 cached=2684 fail=0  0.0GB total (0min elapsed, ~n/a remaining)
  [2685/3225] ok=0 cached=2685 fail=0  0.0GB total (0min elapsed, ~n/a remaining)
  [2686/3225] ok=0 cached=2686 fail=0  0.0GB total (0min elapsed, ~n/a remaining)
  [2687/3225] ok=0 cached=2687 fail=0  0.0GB total (0min elapsed, ~n/a remaining)
  [2688/3225] ok=0 cached=2688 fail=0  0.0GB total (0min elapsed, ~n/a remaining)
  [2689/3225] ok=0 cached=2689 fail=0  0.0GB total (0min elapsed, ~n/a remaining)
  [2690/3225] ok=0 cached=2690 fail=0  0.0GB total (0min elapsed, ~n/a remaining)
  [2691/3225] ok=0 cached=2691 fail=0  0.0GB total (0min elapsed, ~n/a remaining)
  [2692/3225] ok=0 cached=2692 fail=0  0.0GB total (0min elapsed, ~n/a remaining)
  [2693/3225] ok=0 cached=2693 fail=0  0.0GB total (0min elapsed, ~n/a remaining)
  [2694/3225] ok=0 cached=2694 fail=0  0.0GB total (0min elapsed, ~n/a remaining)
  [2695/3225] ok=0 cached=2695 fail=0  0.0GB total (0min elapsed, ~n/a remaining)
  [2696/3225] ok=0 cached=2696 fail=0  0.0GB total (0min elapsed, ~n/a remaining)
  [2697/3225] ok=0 cached=2697 fail=0  0.0GB total (0min elapsed, ~n/a remaining)
  [2698/3225] ok=0 cached=2698 fail=0  0.0GB total (0min elapsed, ~n/a remaining)
  [2699/3225] ok=0 cached=2699 fail=0  0.0GB total (0min elapsed, ~n/a remaining)
  [2700/3225] ok=0 cached=2700 fail=0  0.0GB total (0min elapsed, ~n/a remaining)
  [2701/3225] ok=0 cached=2701 fail=0  0.0GB total (0min elapsed, ~n/a remaining)
  [2702/3225] ok=0 cached=2702 fail=0  0.0GB total (0min elapsed, ~n/a remaining)
  [2703/3225] ok=0 cached=2703 fail=0  0.0GB total (0min elapsed, ~n/a remaining)
  [2704/3225] ok=0 cached=2704 fail=0  0.0GB total (0min elapsed, ~n/a remaining)
  [2705/3225] ok=0 cached=2705 fail=0  0.0GB total (0min elapsed, ~n/a remaining)
  [2706/3225] ok=0 cached=2706 fail=0  0.0GB total (0min elapsed, ~n/a remaining)
  [2707/3225] ok=0 cached=2707 fail=0  0.0GB total (0min elapsed, ~n/a remaining)
  [2708/3225] ok=0 cached=2708 fail=0  0.0GB total (0min elapsed, ~n/a remaining)
  [2709/3225] ok=0 cached=2709 fail=0  0.0GB total (0min elapsed, ~n/a remaining)
  [2710/3225] ok=0 cached=2710 fail=0  0.0GB total (0min elapsed, ~n/a remaining)
  [2711/3225] ok=0 cached=2711 fail=0  0.0GB total (0min elapsed, ~n/a remaining)
  [2712/3225] ok=0 cached=2712 fail=0  0.0GB total (0min elapsed, ~n/a remaining)
  [2713/3225] ok=0 cached=2713 fail=0  0.0GB total (0min elapsed, ~n/a remaining)
  [2714/3225] ok=0 cached=2714 fail=0  0.0GB total (0min elapsed, ~n/a remaining)
  [2715/3225] ok=0 cached=2715 fail=0  0.0GB total (0min elapsed, ~n/a remaining)
  [2716/3225] ok=0 cached=2716 fail=0  0.0GB total (0min elapsed, ~n/a remaining)
  [2717/3225] ok=0 cached=2717 fail=0  0.0GB total (0min elapsed, ~n/a remaining)
  [2718/3225] ok=0 cached=2718 fail=0  0.0GB total (0min elapsed, ~n/a remaining)
  [2719/3225] ok=0 cached=2719 fail=0  0.0GB total (0min elapsed, ~n/a remaining)
  [2720/3225] ok=0 cached=2720 fail=0  0.0GB total (0min elapsed, ~n/a remaining)
  [2721/3225] ok=0 cached=2721 fail=0  0.0GB total (0min elapsed, ~n/a remaining)
  [2722/3225] ok=0 cached=2722 fail=0  0.0GB total (0min elapsed, ~n/a remaining)
  [2723/3225] ok=0 cached=2723 fail=0  0.0GB total (0min elapsed, ~n/a remaining)
  [2724/3225] ok=0 cached=2724 fail=0  0.0GB total (0min elapsed, ~n/a remaining)
  [2725/3225] ok=0 cached=2725 fail=0  0.0GB total (0min elapsed, ~n/a remaining)
  [2726/3225] ok=0 cached=2726 fail=0  0.0GB total (0min elapsed, ~n/a remaining)
  [2727/3225] ok=0 cached=2727 fail=0  0.0GB total (0min elapsed, ~n/a remaining)
  [2728/3225] ok=0 cached=2728 fail=0  0.0GB total (0min elapsed, ~n/a remaining)
  [2729/3225] ok=0 cached=2729 fail=0  0.0GB total (0min elapsed, ~n/a remaining)
  [2730/3225] ok=0 cached=2730 fail=0  0.0GB total (0min elapsed, ~n/a remaining)
  [2731/3225] ok=0 cached=2731 fail=0  0.0GB total (0min elapsed, ~n/a remaining)
  [2732/3225] ok=0 cached=2732 fail=0  0.0GB total (0min elapsed, ~n/a remaining)
  [2733/3225] ok=0 cached=2733 fail=0  0.0GB total (0min elapsed, ~n/a remaining)
  [2734/3225] ok=0 cached=2734 fail=0  0.0GB total (0min elapsed, ~n/a remaining)
  [2735/3225] ok=0 cached=2735 fail=0  0.0GB total (0min elapsed, ~n/a remaining)
  [2736/3225] ok=0 cached=2736 fail=0  0.0GB total (0min elapsed, ~n/a remaining)
  [2737/3225] ok=0 cached=2737 fail=0  0.0GB total (0min elapsed, ~n/a remaining)
  [2738/3225] ok=0 cached=2738 fail=0  0.0GB total (0min elapsed, ~n/a remaining)
  [2739/3225] ok=0 cached=2739 fail=0  0.0GB total (0min elapsed, ~n/a remaining)
  [2740/3225] ok=0 cached=2740 fail=0  0.0GB total (0min elapsed, ~n/a remaining)
  [2741/3225] ok=0 cached=2741 fail=0  0.0GB total (0min elapsed, ~n/a remaining)
  [2742/3225] ok=0 cached=2742 fail=0  0.0GB total (0min elapsed, ~n/a remaining)
  [2743/3225] ok=0 cached=2743 fail=0  0.0GB total (0min elapsed, ~n/a remaining)
  [2744/3225] ok=0 cached=2744 fail=0  0.0GB total (0min elapsed, ~n/a remaining)
  [2745/3225] ok=0 cached=2745 fail=0  0.0GB total (0min elapsed, ~n/a remaining)
  [2746/3225] ok=0 cached=2746 fail=0  0.0GB total (0min elapsed, ~n/a remaining)
  [2747/3225] ok=0 cached=2747 fail=0  0.0GB total (0min elapsed, ~n/a remaining)
  [2748/3225] ok=0 cached=2748 fail=0  0.0GB total (0min elapsed, ~n/a remaining)
  [2749/3225] ok=0 cached=2749 fail=0  0.0GB total (0min elapsed, ~n/a remaining)
  [2750/3225] ok=0 cached=2750 fail=0  0.0GB total (0min elapsed, ~n/a remaining)
  [2751/3225] ok=0 cached=2751 fail=0  0.0GB total (0min elapsed, ~n/a remaining)
  [2752/3225] ok=0 cached=2752 fail=0  0.0GB total (0min elapsed, ~n/a remaining)
  [2753/3225] ok=0 cached=2753 fail=0  0.0GB total (0min elapsed, ~n/a remaining)
  [2754/3225] ok=0 cached=2754 fail=0  0.0GB total (0min elapsed, ~n/a remaining)
  [2755/3225] ok=0 cached=2755 fail=0  0.0GB total (0min elapsed, ~n/a remaining)
  [2756/3225] ok=0 cached=2756 fail=0  0.0GB total (0min elapsed, ~n/a remaining)
  [2757/3225] ok=0 cached=2757 fail=0  0.0GB total (0min elapsed, ~n/a remaining)
  [2758/3225] ok=0 cached=2758 fail=0  0.0GB total (0min elapsed, ~n/a remaining)
  [2759/3225] ok=0 cached=2759 fail=0  0.0GB total (0min elapsed, ~n/a remaining)
  [2760/3225] ok=0 cached=2760 fail=0  0.0GB total (0min elapsed, ~n/a remaining)
  [2761/3225] ok=0 cached=2761 fail=0  0.0GB total (0min elapsed, ~n/a remaining)
  [2762/3225] ok=0 cached=2762 fail=0  0.0GB total (0min elapsed, ~n/a remaining)
  [2763/3225] ok=0 cached=2763 fail=0  0.0GB total (0min elapsed, ~n/a remaining)
  [2764/3225] ok=0 cached=2764 fail=0  0.0GB total (0min elapsed, ~n/a remaining)
  [2765/3225] ok=0 cached=2765 fail=0  0.0GB total (0min elapsed, ~n/a remaining)
  [2766/3225] ok=0 cached=2766 fail=0  0.0GB total (0min elapsed, ~n/a remaining)
  [2767/3225] ok=0 cached=2767 fail=0  0.0GB total (0min elapsed, ~n/a remaining)
  [2768/3225] ok=0 cached=2768 fail=0  0.0GB total (0min elapsed, ~n/a remaining)
  [2769/3225] ok=0 cached=2769 fail=0  0.0GB total (0min elapsed, ~n/a remaining)
  [2770/3225] ok=0 cached=2770 fail=0  0.0GB total (0min elapsed, ~n/a remaining)
  [2771/3225] ok=0 cached=2771 fail=0  0.0GB total (0min elapsed, ~n/a remaining)
  [2772/3225] ok=0 cached=2772 fail=0  0.0GB total (0min elapsed, ~n/a remaining)
  [2773/3225] ok=0 cached=2773 fail=0  0.0GB total (0min elapsed, ~n/a remaining)
  [2774/3225] ok=0 cached=2774 fail=0  0.0GB total (0min elapsed, ~n/a remaining)
  [2775/3225] ok=0 cached=2775 fail=0  0.0GB total (0min elapsed, ~n/a remaining)
  [2776/3225] ok=0 cached=2776 fail=0  0.0GB total (0min elapsed, ~n/a remaining)
  [2777/3225] ok=0 cached=2777 fail=0  0.0GB total (0min elapsed, ~n/a remaining)
  [2778/3225] ok=0 cached=2778 fail=0  0.0GB total (0min elapsed, ~n/a remaining)
  [2779/3225] ok=0 cached=2779 fail=0  0.0GB total (0min elapsed, ~n/a remaining)
  [2780/3225] ok=0 cached=2780 fail=0  0.0GB total (0min elapsed, ~n/a remaining)
  [2781/3225] ok=0 cached=2781 fail=0  0.0GB total (0min elapsed, ~n/a remaining)
  [2782/3225] ok=0 cached=2782 fail=0  0.0GB total (0min elapsed, ~n/a remaining)
  [2783/3225] ok=0 cached=2783 fail=0  0.0GB total (0min elapsed, ~n/a remaining)
  [2784/3225] ok=0 cached=2784 fail=0  0.0GB total (0min elapsed, ~n/a remaining)
  [2785/3225] ok=0 cached=2785 fail=0  0.0GB total (0min elapsed, ~n/a remaining)
  [2786/3225] ok=0 cached=2786 fail=0  0.0GB total (0min elapsed, ~n/a remaining)
  [2787/3225] ok=0 cached=2787 fail=0  0.0GB total (0min elapsed, ~n/a remaining)
  [2788/3225] ok=0 cached=2788 fail=0  0.0GB total (0min elapsed, ~n/a remaining)
  [2789/3225] ok=0 cached=2789 fail=0  0.0GB total (0min elapsed, ~n/a remaining)
  [2790/3225] ok=0 cached=2790 fail=0  0.0GB total (0min elapsed, ~n/a remaining)
  [2791/3225] ok=0 cached=2791 fail=0  0.0GB total (0min elapsed, ~n/a remaining)
  [2792/3225] ok=0 cached=2792 fail=0  0.0GB total (0min elapsed, ~n/a remaining)
  [2793/3225] ok=0 cached=2793 fail=0  0.0GB total (0min elapsed, ~n/a remaining)
  [2794/3225] ok=0 cached=2794 fail=0  0.0GB total (0min elapsed, ~n/a remaining)
  [2795/3225] ok=0 cached=2795 fail=0  0.0GB total (0min elapsed, ~n/a remaining)
  [2796/3225] ok=0 cached=2796 fail=0  0.0GB total (0min elapsed, ~n/a remaining)
  [2797/3225] ok=0 cached=2797 fail=0  0.0GB total (0min elapsed, ~n/a remaining)
  [2798/3225] ok=0 cached=2798 fail=0  0.0GB total (0min elapsed, ~n/a remaining)
  [2799/3225] ok=0 cached=2799 fail=0  0.0GB total (0min elapsed, ~n/a remaining)
  [2800/3225] ok=0 cached=2800 fail=0  0.0GB total (0min elapsed, ~n/a remaining)
  [2801/3225] ok=0 cached=2801 fail=0  0.0GB total (0min elapsed, ~n/a remaining)
  [2802/3225] ok=0 cached=2802 fail=0  0.0GB total (0min elapsed, ~n/a remaining)
  [2803/3225] ok=0 cached=2803 fail=0  0.0GB total (0min elapsed, ~n/a remaining)
  [2804/3225] ok=0 cached=2804 fail=0  0.0GB total (0min elapsed, ~n/a remaining)
  [2805/3225] ok=0 cached=2805 fail=0  0.0GB total (0min elapsed, ~n/a remaining)
  [2806/3225] ok=0 cached=2806 fail=0  0.0GB total (0min elapsed, ~n/a remaining)
  [2807/3225] ok=0 cached=2807 fail=0  0.0GB total (0min elapsed, ~n/a remaining)
  [2808/3225] ok=0 cached=2808 fail=0  0.0GB total (0min elapsed, ~n/a remaining)
  [2809/3225] ok=0 cached=2809 fail=0  0.0GB total (0min elapsed, ~n/a remaining)
  [2810/3225] ok=0 cached=2810 fail=0  0.0GB total (0min elapsed, ~n/a remaining)
  [2811/3225] ok=0 cached=2811 fail=0  0.0GB total (0min elapsed, ~n/a remaining)
  [2812/3225] ok=0 cached=2812 fail=0  0.0GB total (0min elapsed, ~n/a remaining)
  [2813/3225] ok=0 cached=2813 fail=0  0.0GB total (0min elapsed, ~n/a remaining)
  [2814/3225] ok=0 cached=2814 fail=0  0.0GB total (0min elapsed, ~n/a remaining)
  [2815/3225] ok=0 cached=2815 fail=0  0.0GB total (0min elapsed, ~n/a remaining)
  [2816/3225] ok=0 cached=2816 fail=0  0.0GB total (0min elapsed, ~n/a remaining)
  [2817/3225] ok=0 cached=2817 fail=0  0.0GB total (0min elapsed, ~n/a remaining)
  [2818/3225] ok=0 cached=2818 fail=0  0.0GB total (0min elapsed, ~n/a remaining)
  [2819/3225] ok=0 cached=2819 fail=0  0.0GB total (0min elapsed, ~n/a remaining)
  [2820/3225] ok=0 cached=2820 fail=0  0.0GB total (0min elapsed, ~n/a remaining)
  [2821/3225] ok=0 cached=2821 fail=0  0.0GB total (0min elapsed, ~n/a remaining)
  [2822/3225] ok=0 cached=2822 fail=0  0.0GB total (0min elapsed, ~n/a remaining)
  [2823/3225] ok=0 cached=2823 fail=0  0.0GB total (0min elapsed, ~n/a remaining)
  [2824/3225] ok=0 cached=2824 fail=0  0.0GB total (0min elapsed, ~n/a remaining)
  [2825/3225] ok=0 cached=2825 fail=0  0.0GB total (0min elapsed, ~n/a remaining)
  [2826/3225] ok=0 cached=2826 fail=0  0.0GB total (0min elapsed, ~n/a remaining)
  [2827/3225] ok=0 cached=2827 fail=0  0.0GB total (0min elapsed, ~n/a remaining)
  [2828/3225] ok=0 cached=2828 fail=0  0.0GB total (0min elapsed, ~n/a remaining)
  [2829/3225] ok=0 cached=2829 fail=0  0.0GB total (0min elapsed, ~n/a remaining)
  [2830/3225] ok=0 cached=2830 fail=0  0.0GB total (0min elapsed, ~n/a remaining)
  [2831/3225] ok=0 cached=2831 fail=0  0.0GB total (0min elapsed, ~n/a remaining)
  [2832/3225] ok=0 cached=2832 fail=0  0.0GB total (0min elapsed, ~n/a remaining)
  [2833/3225] ok=0 cached=2833 fail=0  0.0GB total (0min elapsed, ~n/a remaining)
  [2834/3225] ok=0 cached=2834 fail=0  0.0GB total (0min elapsed, ~n/a remaining)
  [2835/3225] ok=0 cached=2835 fail=0  0.0GB total (0min elapsed, ~n/a remaining)
  [2836/3225] ok=0 cached=2836 fail=0  0.0GB total (0min elapsed, ~n/a remaining)
  [2837/3225] ok=0 cached=2837 fail=0  0.0GB total (0min elapsed, ~n/a remaining)
  [2838/3225] ok=0 cached=2838 fail=0  0.0GB total (0min elapsed, ~n/a remaining)
  [2839/3225] ok=0 cached=2839 fail=0  0.0GB total (0min elapsed, ~n/a remaining)
  [2840/3225] ok=0 cached=2840 fail=0  0.0GB total (0min elapsed, ~n/a remaining)
  [2841/3225] ok=0 cached=2841 fail=0  0.0GB total (0min elapsed, ~n/a remaining)
  [2842/3225] ok=0 cached=2842 fail=0  0.0GB total (0min elapsed, ~n/a remaining)
  [2843/3225] ok=0 cached=2843 fail=0  0.0GB total (0min elapsed, ~n/a remaining)
  [2844/3225] ok=0 cached=2844 fail=0  0.0GB total (0min elapsed, ~n/a remaining)
  [2845/3225] ok=0 cached=2845 fail=0  0.0GB total (0min elapsed, ~n/a remaining)
  [2846/3225] ok=0 cached=2846 fail=0  0.0GB total (0min elapsed, ~n/a remaining)
  [2847/3225] ok=0 cached=2847 fail=0  0.0GB total (0min elapsed, ~n/a remaining)
  [2848/3225] ok=0 cached=2848 fail=0  0.0GB total (0min elapsed, ~n/a remaining)
  [2849/3225] ok=0 cached=2849 fail=0  0.0GB total (0min elapsed, ~n/a remaining)
  [2850/3225] ok=0 cached=2850 fail=0  0.0GB total (0min elapsed, ~n/a remaining)
  [2851/3225] ok=0 cached=2851 fail=0  0.0GB total (0min elapsed, ~n/a remaining)
  [2852/3225] ok=0 cached=2852 fail=0  0.0GB total (0min elapsed, ~n/a remaining)
  [2853/3225] ok=0 cached=2853 fail=0  0.0GB total (0min elapsed, ~n/a remaining)
  [2854/3225] ok=0 cached=2854 fail=0  0.0GB total (0min elapsed, ~n/a remaining)
  [2855/3225] ok=0 cached=2855 fail=0  0.0GB total (0min elapsed, ~n/a remaining)
  [2856/3225] ok=0 cached=2856 fail=0  0.0GB total (0min elapsed, ~n/a remaining)
  [2857/3225] ok=0 cached=2857 fail=0  0.0GB total (0min elapsed, ~n/a remaining)
  [2858/3225] ok=0 cached=2858 fail=0  0.0GB total (0min elapsed, ~n/a remaining)
  [2859/3225] ok=0 cached=2859 fail=0  0.0GB total (0min elapsed, ~n/a remaining)
  [2860/3225] ok=0 cached=2860 fail=0  0.0GB total (0min elapsed, ~n/a remaining)
  [2861/3225] ok=0 cached=2861 fail=0  0.0GB total (0min elapsed, ~n/a remaining)
  [2862/3225] ok=0 cached=2862 fail=0  0.0GB total (0min elapsed, ~n/a remaining)
  [2863/3225] ok=0 cached=2863 fail=0  0.0GB total (0min elapsed, ~n/a remaining)
  [2864/3225] ok=0 cached=2864 fail=0  0.0GB total (0min elapsed, ~n/a remaining)
  [2865/3225] ok=0 cached=2865 fail=0  0.0GB total (0min elapsed, ~n/a remaining)
  [2866/3225] ok=0 cached=2866 fail=0  0.0GB total (0min elapsed, ~n/a remaining)
  [2867/3225] ok=0 cached=2867 fail=0  0.0GB total (0min elapsed, ~n/a remaining)
  [2868/3225] ok=0 cached=2868 fail=0  0.0GB total (0min elapsed, ~n/a remaining)
  [2869/3225] ok=0 cached=2869 fail=0  0.0GB total (0min elapsed, ~n/a remaining)
  [2870/3225] ok=0 cached=2870 fail=0  0.0GB total (0min elapsed, ~n/a remaining)
  [2871/3225] ok=0 cached=2871 fail=0  0.0GB total (0min elapsed, ~n/a remaining)
  [2872/3225] ok=0 cached=2872 fail=0  0.0GB total (0min elapsed, ~n/a remaining)
  [2873/3225] ok=0 cached=2873 fail=0  0.0GB total (0min elapsed, ~n/a remaining)
  [2874/3225] ok=0 cached=2874 fail=0  0.0GB total (0min elapsed, ~n/a remaining)
  [2875/3225] ok=0 cached=2875 fail=0  0.0GB total (0min elapsed, ~n/a remaining)
  [2876/3225] ok=0 cached=2876 fail=0  0.0GB total (0min elapsed, ~n/a remaining)
  [2877/3225] ok=0 cached=2877 fail=0  0.0GB total (0min elapsed, ~n/a remaining)
  [2878/3225] ok=0 cached=2878 fail=0  0.0GB total (0min elapsed, ~n/a remaining)
  [2879/3225] ok=0 cached=2879 fail=0  0.0GB total (0min elapsed, ~n/a remaining)
  [2880/3225] ok=0 cached=2880 fail=0  0.0GB total (0min elapsed, ~n/a remaining)
  [2881/3225] ok=0 cached=2881 fail=0  0.0GB total (0min elapsed, ~n/a remaining)
  [2882/3225] ok=0 cached=2882 fail=0  0.0GB total (0min elapsed, ~n/a remaining)
  [2883/3225] ok=0 cached=2883 fail=0  0.0GB total (0min elapsed, ~n/a remaining)
  [2884/3225] ok=0 cached=2884 fail=0  0.0GB total (0min elapsed, ~n/a remaining)
  [2885/3225] ok=0 cached=2885 fail=0  0.0GB total (0min elapsed, ~n/a remaining)
  [2886/3225] ok=0 cached=2886 fail=0  0.0GB total (0min elapsed, ~n/a remaining)
  [2887/3225] ok=0 cached=2887 fail=0  0.0GB total (0min elapsed, ~n/a remaining)
  [2888/3225] ok=0 cached=2888 fail=0  0.0GB total (0min elapsed, ~n/a remaining)
  [2889/3225] ok=0 cached=2889 fail=0  0.0GB total (0min elapsed, ~n/a remaining)
  [2890/3225] ok=0 cached=2890 fail=0  0.0GB total (0min elapsed, ~n/a remaining)
  [2891/3225] ok=0 cached=2891 fail=0  0.0GB total (0min elapsed, ~n/a remaining)
  [2892/3225] ok=0 cached=2892 fail=0  0.0GB total (0min elapsed, ~n/a remaining)
  [2893/3225] ok=0 cached=2893 fail=0  0.0GB total (0min elapsed, ~n/a remaining)
  [2894/3225] ok=0 cached=2894 fail=0  0.0GB total (0min elapsed, ~n/a remaining)
  [2895/3225] ok=0 cached=2895 fail=0  0.0GB total (0min elapsed, ~n/a remaining)
  [2896/3225] ok=0 cached=2896 fail=0  0.0GB total (0min elapsed, ~n/a remaining)
  [2897/3225] ok=0 cached=2897 fail=0  0.0GB total (0min elapsed, ~n/a remaining)
  [2898/3225] ok=0 cached=2898 fail=0  0.0GB total (0min elapsed, ~n/a remaining)
  [2899/3225] ok=0 cached=2899 fail=0  0.0GB total (0min elapsed, ~n/a remaining)
  [2900/3225] ok=0 cached=2900 fail=0  0.0GB total (0min elapsed, ~n/a remaining)
  [2901/3225] ok=0 cached=2901 fail=0  0.0GB total (0min elapsed, ~n/a remaining)
  [2902/3225] ok=0 cached=2902 fail=0  0.0GB total (0min elapsed, ~n/a remaining)
  [2903/3225] ok=0 cached=2903 fail=0  0.0GB total (0min elapsed, ~n/a remaining)
  [2904/3225] ok=0 cached=2904 fail=0  0.0GB total (0min elapsed, ~n/a remaining)
  [2905/3225] ok=0 cached=2905 fail=0  0.0GB total (0min elapsed, ~n/a remaining)
  [2906/3225] ok=0 cached=2906 fail=0  0.0GB total (0min elapsed, ~n/a remaining)
  [2907/3225] ok=0 cached=2907 fail=0  0.0GB total (0min elapsed, ~n/a remaining)
  [2908/3225] ok=0 cached=2908 fail=0  0.0GB total (0min elapsed, ~n/a remaining)
  [2909/3225] ok=0 cached=2909 fail=0  0.0GB total (0min elapsed, ~n/a remaining)
  [2910/3225] ok=0 cached=2910 fail=0  0.0GB total (0min elapsed, ~n/a remaining)
  [2911/3225] ok=0 cached=2911 fail=0  0.0GB total (0min elapsed, ~n/a remaining)
  [2912/3225] ok=0 cached=2912 fail=0  0.0GB total (0min elapsed, ~n/a remaining)
  [2913/3225] ok=0 cached=2913 fail=0  0.0GB total (0min elapsed, ~n/a remaining)
  [2914/3225] ok=0 cached=2914 fail=0  0.0GB total (0min elapsed, ~n/a remaining)
  [2915/3225] ok=0 cached=2915 fail=0  0.0GB total (0min elapsed, ~n/a remaining)
  [2916/3225] ok=0 cached=2916 fail=0  0.0GB total (0min elapsed, ~n/a remaining)
  [2917/3225] ok=0 cached=2917 fail=0  0.0GB total (0min elapsed, ~n/a remaining)
  [2918/3225] ok=0 cached=2918 fail=0  0.0GB total (0min elapsed, ~n/a remaining)
  [2919/3225] ok=0 cached=2919 fail=0  0.0GB total (0min elapsed, ~n/a remaining)
  [2920/3225] ok=0 cached=2920 fail=0  0.0GB total (0min elapsed, ~n/a remaining)
  [2921/3225] ok=0 cached=2921 fail=0  0.0GB total (0min elapsed, ~n/a remaining)
  [2922/3225] ok=0 cached=2922 fail=0  0.0GB total (0min elapsed, ~n/a remaining)
  [2923/3225] ok=0 cached=2923 fail=0  0.0GB total (0min elapsed, ~n/a remaining)
  [2924/3225] ok=0 cached=2924 fail=0  0.0GB total (0min elapsed, ~n/a remaining)
  [2925/3225] ok=0 cached=2925 fail=0  0.0GB total (0min elapsed, ~n/a remaining)
  [2926/3225] ok=0 cached=2926 fail=0  0.0GB total (0min elapsed, ~n/a remaining)
  [2927/3225] ok=0 cached=2927 fail=0  0.0GB total (0min elapsed, ~n/a remaining)
  [2928/3225] ok=0 cached=2928 fail=0  0.0GB total (0min elapsed, ~n/a remaining)
  [2929/3225] ok=0 cached=2929 fail=0  0.0GB total (0min elapsed, ~n/a remaining)
  [2930/3225] ok=0 cached=2930 fail=0  0.0GB total (0min elapsed, ~n/a remaining)
  [2931/3225] ok=0 cached=2931 fail=0  0.0GB total (0min elapsed, ~n/a remaining)
  [2932/3225] ok=0 cached=2932 fail=0  0.0GB total (0min elapsed, ~n/a remaining)
  [2933/3225] ok=0 cached=2933 fail=0  0.0GB total (0min elapsed, ~n/a remaining)
  [2934/3225] ok=0 cached=2934 fail=0  0.0GB total (0min elapsed, ~n/a remaining)
  [2935/3225] ok=0 cached=2935 fail=0  0.0GB total (0min elapsed, ~n/a remaining)
  [2936/3225] ok=0 cached=2936 fail=0  0.0GB total (0min elapsed, ~n/a remaining)
  [2937/3225] ok=0 cached=2937 fail=0  0.0GB total (0min elapsed, ~n/a remaining)
  [2938/3225] ok=0 cached=2938 fail=0  0.0GB total (0min elapsed, ~n/a remaining)
  [2939/3225] ok=0 cached=2939 fail=0  0.0GB total (0min elapsed, ~n/a remaining)
  [2940/3225] ok=0 cached=2940 fail=0  0.0GB total (0min elapsed, ~n/a remaining)
  [2941/3225] ok=0 cached=2941 fail=0  0.0GB total (0min elapsed, ~n/a remaining)
  [2942/3225] ok=0 cached=2942 fail=0  0.0GB total (0min elapsed, ~n/a remaining)
  [2943/3225] ok=0 cached=2943 fail=0  0.0GB total (0min elapsed, ~n/a remaining)
  [2944/3225] ok=0 cached=2944 fail=0  0.0GB total (0min elapsed, ~n/a remaining)
  [2945/3225] ok=0 cached=2945 fail=0  0.0GB total (0min elapsed, ~n/a remaining)
  [2946/3225] ok=0 cached=2946 fail=0  0.0GB total (0min elapsed, ~n/a remaining)
  [2947/3225] ok=0 cached=2947 fail=0  0.0GB total (0min elapsed, ~n/a remaining)
  [2948/3225] ok=0 cached=2948 fail=0  0.0GB total (0min elapsed, ~n/a remaining)
  [2949/3225] ok=0 cached=2949 fail=0  0.0GB total (0min elapsed, ~n/a remaining)
  [2950/3225] ok=0 cached=2950 fail=0  0.0GB total (0min elapsed, ~n/a remaining)
  [2951/3225] ok=0 cached=2951 fail=0  0.0GB total (0min elapsed, ~n/a remaining)
  [2952/3225] ok=0 cached=2952 fail=0  0.0GB total (0min elapsed, ~n/a remaining)
  [2953/3225] ok=0 cached=2953 fail=0  0.0GB total (0min elapsed, ~n/a remaining)
  [2954/3225] ok=0 cached=2954 fail=0  0.0GB total (0min elapsed, ~n/a remaining)
  [2955/3225] ok=0 cached=2955 fail=0  0.0GB total (0min elapsed, ~n/a remaining)
  [2956/3225] ok=0 cached=2956 fail=0  0.0GB total (0min elapsed, ~n/a remaining)
  [2957/3225] ok=0 cached=2957 fail=0  0.0GB total (0min elapsed, ~n/a remaining)
  [2958/3225] ok=0 cached=2958 fail=0  0.0GB total (0min elapsed, ~n/a remaining)
  [2959/3225] ok=0 cached=2959 fail=0  0.0GB total (0min elapsed, ~n/a remaining)
  [2960/3225] ok=0 cached=2960 fail=0  0.0GB total (0min elapsed, ~n/a remaining)
  [2961/3225] ok=0 cached=2961 fail=0  0.0GB total (0min elapsed, ~n/a remaining)
  [2962/3225] ok=0 cached=2962 fail=0  0.0GB total (0min elapsed, ~n/a remaining)
  [2963/3225] ok=0 cached=2963 fail=0  0.0GB total (0min elapsed, ~n/a remaining)
  [2964/3225] ok=0 cached=2964 fail=0  0.0GB total (0min elapsed, ~n/a remaining)
  [2965/3225] ok=0 cached=2965 fail=0  0.0GB total (0min elapsed, ~n/a remaining)
  [2966/3225] ok=0 cached=2966 fail=0  0.0GB total (0min elapsed, ~n/a remaining)
  [2967/3225] ok=0 cached=2967 fail=0  0.0GB total (0min elapsed, ~n/a remaining)
  [2968/3225] ok=0 cached=2968 fail=0  0.0GB total (0min elapsed, ~n/a remaining)
  [2969/3225] ok=0 cached=2969 fail=0  0.0GB total (0min elapsed, ~n/a remaining)
  [2970/3225] ok=0 cached=2970 fail=0  0.0GB total (0min elapsed, ~n/a remaining)
  [2971/3225] ok=0 cached=2971 fail=0  0.0GB total (0min elapsed, ~n/a remaining)
  [2972/3225] ok=0 cached=2972 fail=0  0.0GB total (0min elapsed, ~n/a remaining)
  [2973/3225] ok=0 cached=2973 fail=0  0.0GB total (0min elapsed, ~n/a remaining)
  [2974/3225] ok=0 cached=2974 fail=0  0.0GB total (0min elapsed, ~n/a remaining)
  [2975/3225] ok=0 cached=2975 fail=0  0.0GB total (0min elapsed, ~n/a remaining)
  [2976/3225] ok=0 cached=2976 fail=0  0.0GB total (0min elapsed, ~n/a remaining)
  [2977/3225] ok=0 cached=2977 fail=0  0.0GB total (0min elapsed, ~n/a remaining)
  [2978/3225] ok=0 cached=2978 fail=0  0.0GB total (0min elapsed, ~n/a remaining)
  [2979/3225] ok=0 cached=2979 fail=0  0.0GB total (0min elapsed, ~n/a remaining)
  [2980/3225] ok=0 cached=2980 fail=0  0.0GB total (0min elapsed, ~n/a remaining)
  [2981/3225] ok=0 cached=2981 fail=0  0.0GB total (0min elapsed, ~n/a remaining)
  [2982/3225] ok=0 cached=2982 fail=0  0.0GB total (0min elapsed, ~n/a remaining)
  [2983/3225] ok=0 cached=2983 fail=0  0.0GB total (0min elapsed, ~n/a remaining)
  [2984/3225] ok=0 cached=2984 fail=0  0.0GB total (0min elapsed, ~n/a remaining)
  [2985/3225] ok=0 cached=2985 fail=0  0.0GB total (0min elapsed, ~n/a remaining)
  [2986/3225] ok=0 cached=2986 fail=0  0.0GB total (0min elapsed, ~n/a remaining)
  [2987/3225] ok=0 cached=2987 fail=0  0.0GB total (0min elapsed, ~n/a remaining)
  [2988/3225] ok=0 cached=2988 fail=0  0.0GB total (0min elapsed, ~n/a remaining)
  [2989/3225] ok=0 cached=2989 fail=0  0.0GB total (0min elapsed, ~n/a remaining)
  [2990/3225] ok=0 cached=2990 fail=0  0.0GB total (0min elapsed, ~n/a remaining)
  [2991/3225] ok=0 cached=2991 fail=0  0.0GB total (0min elapsed, ~n/a remaining)
  [2992/3225] ok=0 cached=2992 fail=0  0.0GB total (0min elapsed, ~n/a remaining)
  [2993/3225] ok=0 cached=2993 fail=0  0.0GB total (0min elapsed, ~n/a remaining)
  [2994/3225] ok=0 cached=2994 fail=0  0.0GB total (0min elapsed, ~n/a remaining)
  [2995/3225] ok=0 cached=2995 fail=0  0.0GB total (0min elapsed, ~n/a remaining)
  [2996/3225] ok=0 cached=2996 fail=0  0.0GB total (0min elapsed, ~n/a remaining)
  [2997/3225] ok=0 cached=2997 fail=0  0.0GB total (0min elapsed, ~n/a remaining)
  [2998/3225] ok=0 cached=2998 fail=0  0.0GB total (0min elapsed, ~n/a remaining)
  [2999/3225] ok=0 cached=2999 fail=0  0.0GB total (0min elapsed, ~n/a remaining)
  [3000/3225] ok=0 cached=3000 fail=0  0.0GB total (0min elapsed, ~n/a remaining)
  [3001/3225] ok=0 cached=3001 fail=0  0.0GB total (0min elapsed, ~n/a remaining)
  [3002/3225] ok=0 cached=3002 fail=0  0.0GB total (0min elapsed, ~n/a remaining)
  [3003/3225] ok=0 cached=3003 fail=0  0.0GB total (0min elapsed, ~n/a remaining)
  [3004/3225] ok=0 cached=3004 fail=0  0.0GB total (0min elapsed, ~n/a remaining)
  [3005/3225] ok=0 cached=3005 fail=0  0.0GB total (0min elapsed, ~n/a remaining)
  [3006/3225] ok=0 cached=3006 fail=0  0.0GB total (0min elapsed, ~n/a remaining)
  [3007/3225] ok=0 cached=3007 fail=0  0.0GB total (0min elapsed, ~n/a remaining)
  [3008/3225] ok=0 cached=3008 fail=0  0.0GB total (0min elapsed, ~n/a remaining)
  [3009/3225] ok=0 cached=3009 fail=0  0.0GB total (0min elapsed, ~n/a remaining)
  [3010/3225] ok=0 cached=3010 fail=0  0.0GB total (0min elapsed, ~n/a remaining)
  [3011/3225] ok=0 cached=3011 fail=0  0.0GB total (0min elapsed, ~n/a remaining)
  [3012/3225] ok=0 cached=3012 fail=0  0.0GB total (0min elapsed, ~n/a remaining)
  [3013/3225] ok=0 cached=3013 fail=0  0.0GB total (0min elapsed, ~n/a remaining)
  [3014/3225] ok=0 cached=3014 fail=0  0.0GB total (0min elapsed, ~n/a remaining)
  [3015/3225] ok=0 cached=3015 fail=0  0.0GB total (0min elapsed, ~n/a remaining)
  [3016/3225] ok=0 cached=3016 fail=0  0.0GB total (0min elapsed, ~n/a remaining)
  [3017/3225] ok=0 cached=3017 fail=0  0.0GB total (0min elapsed, ~n/a remaining)
  [3018/3225] ok=0 cached=3018 fail=0  0.0GB total (0min elapsed, ~n/a remaining)
  [3019/3225] ok=0 cached=3019 fail=0  0.0GB total (0min elapsed, ~n/a remaining)
  [3020/3225] ok=0 cached=3020 fail=0  0.0GB total (0min elapsed, ~n/a remaining)
  [3021/3225] ok=0 cached=3021 fail=0  0.0GB total (0min elapsed, ~n/a remaining)
  [3022/3225] ok=0 cached=3022 fail=0  0.0GB total (0min elapsed, ~n/a remaining)
  [3023/3225] ok=0 cached=3023 fail=0  0.0GB total (0min elapsed, ~n/a remaining)
  [3024/3225] ok=0 cached=3024 fail=0  0.0GB total (0min elapsed, ~n/a remaining)
  [3025/3225] ok=0 cached=3025 fail=0  0.0GB total (0min elapsed, ~n/a remaining)
  [3026/3225] ok=0 cached=3026 fail=0  0.0GB total (0min elapsed, ~n/a remaining)
  [3027/3225] ok=0 cached=3027 fail=0  0.0GB total (0min elapsed, ~n/a remaining)
  [3028/3225] ok=0 cached=3028 fail=0  0.0GB total (0min elapsed, ~n/a remaining)
  [3029/3225] ok=0 cached=3029 fail=0  0.0GB total (0min elapsed, ~n/a remaining)
  [3030/3225] ok=0 cached=3030 fail=0  0.0GB total (0min elapsed, ~n/a remaining)
  [3031/3225] ok=0 cached=3031 fail=0  0.0GB total (0min elapsed, ~n/a remaining)
  [3032/3225] ok=0 cached=3032 fail=0  0.0GB total (0min elapsed, ~n/a remaining)
  [3033/3225] ok=0 cached=3033 fail=0  0.0GB total (0min elapsed, ~n/a remaining)
  [3034/3225] ok=0 cached=3034 fail=0  0.0GB total (0min elapsed, ~n/a remaining)
  [3035/3225] ok=0 cached=3035 fail=0  0.0GB total (0min elapsed, ~n/a remaining)
  [3036/3225] ok=0 cached=3036 fail=0  0.0GB total (0min elapsed, ~n/a remaining)
  [3037/3225] ok=0 cached=3037 fail=0  0.0GB total (0min elapsed, ~n/a remaining)
  [3038/3225] ok=0 cached=3038 fail=0  0.0GB total (0min elapsed, ~n/a remaining)
  [3039/3225] ok=0 cached=3039 fail=0  0.0GB total (0min elapsed, ~n/a remaining)
  [3040/3225] ok=0 cached=3040 fail=0  0.0GB total (0min elapsed, ~n/a remaining)
  [3041/3225] ok=0 cached=3041 fail=0  0.0GB total (0min elapsed, ~n/a remaining)
  [3042/3225] ok=0 cached=3042 fail=0  0.0GB total (0min elapsed, ~n/a remaining)
  [3043/3225] ok=0 cached=3043 fail=0  0.0GB total (0min elapsed, ~n/a remaining)
  [3044/3225] ok=0 cached=3044 fail=0  0.0GB total (0min elapsed, ~n/a remaining)
  [3045/3225] ok=0 cached=3045 fail=0  0.0GB total (0min elapsed, ~n/a remaining)
  [3046/3225] ok=0 cached=3046 fail=0  0.0GB total (0min elapsed, ~n/a remaining)
  [3047/3225] ok=0 cached=3047 fail=0  0.0GB total (0min elapsed, ~n/a remaining)
  [3048/3225] ok=0 cached=3048 fail=0  0.0GB total (0min elapsed, ~n/a remaining)
  [3049/3225] ok=0 cached=3049 fail=0  0.0GB total (0min elapsed, ~n/a remaining)
  [3050/3225] ok=0 cached=3050 fail=0  0.0GB total (0min elapsed, ~n/a remaining)
  [3051/3225] ok=0 cached=3051 fail=0  0.0GB total (0min elapsed, ~n/a remaining)
  [3052/3225] ok=0 cached=3052 fail=0  0.0GB total (0min elapsed, ~n/a remaining)
  [3053/3225] ok=0 cached=3053 fail=0  0.0GB total (0min elapsed, ~n/a remaining)
  [3054/3225] ok=0 cached=3054 fail=0  0.0GB total (0min elapsed, ~n/a remaining)
  [3055/3225] ok=0 cached=3055 fail=0  0.0GB total (0min elapsed, ~n/a remaining)
  [3056/3225] ok=0 cached=3056 fail=0  0.0GB total (0min elapsed, ~n/a remaining)
  [3057/3225] ok=0 cached=3057 fail=0  0.0GB total (0min elapsed, ~n/a remaining)
  [3058/3225] ok=0 cached=3058 fail=0  0.0GB total (0min elapsed, ~n/a remaining)
  [3059/3225] ok=0 cached=3059 fail=0  0.0GB total (0min elapsed, ~n/a remaining)
  [3060/3225] ok=0 cached=3060 fail=0  0.0GB total (0min elapsed, ~n/a remaining)
  [3061/3225] ok=0 cached=3061 fail=0  0.0GB total (0min elapsed, ~n/a remaining)
  [3062/3225] ok=0 cached=3062 fail=0  0.0GB total (0min elapsed, ~n/a remaining)
  [3063/3225] ok=0 cached=3063 fail=0  0.0GB total (0min elapsed, ~n/a remaining)
  [3064/3225] ok=0 cached=3064 fail=0  0.0GB total (0min elapsed, ~n/a remaining)
  [3065/3225] ok=0 cached=3065 fail=0  0.0GB total (0min elapsed, ~n/a remaining)
  [3066/3225] ok=0 cached=3066 fail=0  0.0GB total (0min elapsed, ~n/a remaining)
  [3067/3225] ok=0 cached=3067 fail=0  0.0GB total (0min elapsed, ~n/a remaining)
  [3068/3225] ok=0 cached=3068 fail=0  0.0GB total (0min elapsed, ~n/a remaining)
  [3069/3225] ok=0 cached=3069 fail=0  0.0GB total (0min elapsed, ~n/a remaining)
  [3070/3225] ok=0 cached=3070 fail=0  0.0GB total (0min elapsed, ~n/a remaining)
  [3071/3225] ok=0 cached=3071 fail=0  0.0GB total (0min elapsed, ~n/a remaining)
  [3072/3225] ok=0 cached=3072 fail=0  0.0GB total (0min elapsed, ~n/a remaining)
  [3073/3225] ok=0 cached=3073 fail=0  0.0GB total (0min elapsed, ~n/a remaining)
  [3074/3225] ok=0 cached=3074 fail=0  0.0GB total (0min elapsed, ~n/a remaining)
  [3075/3225] ok=0 cached=3075 fail=0  0.0GB total (0min elapsed, ~n/a remaining)
  [3076/3225] ok=0 cached=3076 fail=0  0.0GB total (0min elapsed, ~n/a remaining)
  [3077/3225] ok=0 cached=3077 fail=0  0.0GB total (0min elapsed, ~n/a remaining)
  [3078/3225] ok=0 cached=3078 fail=0  0.0GB total (0min elapsed, ~n/a remaining)
  [3079/3225] ok=0 cached=3079 fail=0  0.0GB total (0min elapsed, ~n/a remaining)
  [3080/3225] ok=0 cached=3080 fail=0  0.0GB total (0min elapsed, ~n/a remaining)
  [3081/3225] ok=0 cached=3081 fail=0  0.0GB total (0min elapsed, ~n/a remaining)
  [3082/3225] ok=0 cached=3082 fail=0  0.0GB total (0min elapsed, ~n/a remaining)
  [3083/3225] ok=0 cached=3083 fail=0  0.0GB total (0min elapsed, ~n/a remaining)
  [3084/3225] ok=0 cached=3084 fail=0  0.0GB total (0min elapsed, ~n/a remaining)
  [3085/3225] ok=0 cached=3085 fail=0  0.0GB total (0min elapsed, ~n/a remaining)
  [3086/3225] ok=0 cached=3086 fail=0  0.0GB total (0min elapsed, ~n/a remaining)
  [3087/3225] ok=0 cached=3087 fail=0  0.0GB total (0min elapsed, ~n/a remaining)
  [3088/3225] ok=0 cached=3088 fail=0  0.0GB total (0min elapsed, ~n/a remaining)
  [3089/3225] ok=0 cached=3089 fail=0  0.0GB total (0min elapsed, ~n/a remaining)
  [3090/3225] ok=0 cached=3090 fail=0  0.0GB total (0min elapsed, ~n/a remaining)
  [3091/3225] ok=0 cached=3091 fail=0  0.0GB total (0min elapsed, ~n/a remaining)
  [3092/3225] ok=0 cached=3092 fail=0  0.0GB total (0min elapsed, ~n/a remaining)
  [3093/3225] ok=0 cached=3093 fail=0  0.0GB total (0min elapsed, ~n/a remaining)
  [3094/3225] ok=0 cached=3094 fail=0  0.0GB total (0min elapsed, ~n/a remaining)
  [3095/3225] ok=0 cached=3095 fail=0  0.0GB total (0min elapsed, ~n/a remaining)
  [3096/3225] ok=0 cached=3096 fail=0  0.0GB total (0min elapsed, ~n/a remaining)
  [3097/3225] ok=0 cached=3097 fail=0  0.0GB total (0min elapsed, ~n/a remaining)
  [3098/3225] ok=0 cached=3098 fail=0  0.0GB total (0min elapsed, ~n/a remaining)
  [3099/3225] ok=0 cached=3099 fail=0  0.0GB total (0min elapsed, ~n/a remaining)
  [3100/3225] ok=0 cached=3100 fail=0  0.0GB total (0min elapsed, ~n/a remaining)
  [3101/3225] ok=0 cached=3101 fail=0  0.0GB total (0min elapsed, ~n/a remaining)
  [3102/3225] ok=0 cached=3102 fail=0  0.0GB total (0min elapsed, ~n/a remaining)
  [3103/3225] ok=0 cached=3103 fail=0  0.0GB total (0min elapsed, ~n/a remaining)
  [3104/3225] ok=0 cached=3104 fail=0  0.0GB total (0min elapsed, ~n/a remaining)
  [3105/3225] ok=0 cached=3105 fail=0  0.0GB total (0min elapsed, ~n/a remaining)
  [3106/3225] ok=0 cached=3106 fail=0  0.0GB total (0min elapsed, ~n/a remaining)
  [3107/3225] ok=0 cached=3107 fail=0  0.0GB total (0min elapsed, ~n/a remaining)
  [3108/3225] ok=0 cached=3108 fail=0  0.0GB total (0min elapsed, ~n/a remaining)
  [3109/3225] ok=0 cached=3109 fail=0  0.0GB total (0min elapsed, ~n/a remaining)
  [3110/3225] ok=0 cached=3110 fail=0  0.0GB total (0min elapsed, ~n/a remaining)
  [3111/3225] ok=0 cached=3111 fail=0  0.0GB total (0min elapsed, ~n/a remaining)
  [3112/3225] ok=0 cached=3112 fail=0  0.0GB total (0min elapsed, ~n/a remaining)
  [3113/3225] ok=0 cached=3113 fail=0  0.0GB total (0min elapsed, ~n/a remaining)
  [3114/3225] ok=0 cached=3114 fail=0  0.0GB total (0min elapsed, ~n/a remaining)
  [3115/3225] ok=0 cached=3115 fail=0  0.0GB total (0min elapsed, ~n/a remaining)
  [3116/3225] ok=0 cached=3116 fail=0  0.0GB total (0min elapsed, ~n/a remaining)
  [3117/3225] ok=0 cached=3117 fail=0  0.0GB total (0min elapsed, ~n/a remaining)
  [3118/3225] ok=0 cached=3118 fail=0  0.0GB total (0min elapsed, ~n/a remaining)
  [3119/3225] ok=0 cached=3119 fail=0  0.0GB total (0min elapsed, ~n/a remaining)
  [3120/3225] ok=0 cached=3120 fail=0  0.0GB total (0min elapsed, ~n/a remaining)
  [3121/3225] ok=0 cached=3121 fail=0  0.0GB total (0min elapsed, ~n/a remaining)
  [3122/3225] ok=0 cached=3122 fail=0  0.0GB total (0min elapsed, ~n/a remaining)
  [3123/3225] ok=0 cached=3123 fail=0  0.0GB total (0min elapsed, ~n/a remaining)
  [3124/3225] ok=0 cached=3124 fail=0  0.0GB total (0min elapsed, ~n/a remaining)
  [3125/3225] ok=0 cached=3125 fail=0  0.0GB total (0min elapsed, ~n/a remaining)
  [3126/3225] ok=0 cached=3126 fail=0  0.0GB total (0min elapsed, ~n/a remaining)
  [3127/3225] ok=0 cached=3127 fail=0  0.0GB total (0min elapsed, ~n/a remaining)
  [3128/3225] ok=0 cached=3128 fail=0  0.0GB total (0min elapsed, ~n/a remaining)
  [3129/3225] ok=0 cached=3129 fail=0  0.0GB total (0min elapsed, ~n/a remaining)
  [3130/3225] ok=0 cached=3130 fail=0  0.0GB total (0min elapsed, ~n/a remaining)
  [3131/3225] ok=0 cached=3131 fail=0  0.0GB total (0min elapsed, ~n/a remaining)
  [3132/3225] ok=0 cached=3132 fail=0  0.0GB total (0min elapsed, ~n/a remaining)
  [3133/3225] ok=0 cached=3133 fail=0  0.0GB total (0min elapsed, ~n/a remaining)
  [3134/3225] ok=0 cached=3134 fail=0  0.0GB total (0min elapsed, ~n/a remaining)
  [3135/3225] ok=0 cached=3135 fail=0  0.0GB total (0min elapsed, ~n/a remaining)
  [3136/3225] ok=0 cached=3136 fail=0  0.0GB total (0min elapsed, ~n/a remaining)
  [3137/3225] ok=0 cached=3137 fail=0  0.0GB total (0min elapsed, ~n/a remaining)
  [3138/3225] ok=0 cached=3138 fail=0  0.0GB total (0min elapsed, ~n/a remaining)
  [3139/3225] ok=0 cached=3139 fail=0  0.0GB total (0min elapsed, ~n/a remaining)
  [3140/3225] ok=0 cached=3140 fail=0  0.0GB total (0min elapsed, ~n/a remaining)
  [3141/3225] ok=0 cached=3141 fail=0  0.0GB total (0min elapsed, ~n/a remaining)
  [3142/3225] ok=0 cached=3142 fail=0  0.0GB total (0min elapsed, ~n/a remaining)
  [3143/3225] ok=0 cached=3143 fail=0  0.0GB total (0min elapsed, ~n/a remaining)
  [3144/3225] ok=0 cached=3144 fail=0  0.0GB total (0min elapsed, ~n/a remaining)
  [3145/3225] ok=0 cached=3145 fail=0  0.0GB total (0min elapsed, ~n/a remaining)
  [3146/3225] ok=0 cached=3146 fail=0  0.0GB total (0min elapsed, ~n/a remaining)
  [3147/3225] ok=0 cached=3147 fail=0  0.0GB total (0min elapsed, ~n/a remaining)
  [3148/3225] ok=0 cached=3148 fail=0  0.0GB total (0min elapsed, ~n/a remaining)
  [3149/3225] ok=0 cached=3149 fail=0  0.0GB total (0min elapsed, ~n/a remaining)
  [3150/3225] ok=0 cached=3150 fail=0  0.0GB total (0min elapsed, ~n/a remaining)
  [3151/3225] ok=0 cached=3151 fail=0  0.0GB total (0min elapsed, ~n/a remaining)
  [3152/3225] ok=0 cached=3152 fail=0  0.0GB total (0min elapsed, ~n/a remaining)
  [3153/3225] ok=0 cached=3153 fail=0  0.0GB total (0min elapsed, ~n/a remaining)
  [3154/3225] ok=0 cached=3154 fail=0  0.0GB total (0min elapsed, ~n/a remaining)
  [3155/3225] ok=0 cached=3155 fail=0  0.0GB total (0min elapsed, ~n/a remaining)
  [3156/3225] ok=0 cached=3156 fail=0  0.0GB total (0min elapsed, ~n/a remaining)
  [3157/3225] ok=0 cached=3157 fail=0  0.0GB total (0min elapsed, ~n/a remaining)
  [3158/3225] ok=0 cached=3158 fail=0  0.0GB total (0min elapsed, ~n/a remaining)
  [3159/3225] ok=0 cached=3159 fail=0  0.0GB total (0min elapsed, ~n/a remaining)
  [3160/3225] ok=0 cached=3160 fail=0  0.0GB total (0min elapsed, ~n/a remaining)
  [3161/3225] ok=0 cached=3161 fail=0  0.0GB total (0min elapsed, ~n/a remaining)
  [3162/3225] ok=0 cached=3162 fail=0  0.0GB total (0min elapsed, ~n/a remaining)
  [3163/3225] ok=0 cached=3163 fail=0  0.0GB total (0min elapsed, ~n/a remaining)
  [3164/3225] ok=0 cached=3164 fail=0  0.0GB total (0min elapsed, ~n/a remaining)
  [3165/3225] ok=0 cached=3165 fail=0  0.0GB total (0min elapsed, ~n/a remaining)
  [3166/3225] ok=0 cached=3166 fail=0  0.0GB total (0min elapsed, ~n/a remaining)
  [3167/3225] ok=0 cached=3167 fail=0  0.0GB total (0min elapsed, ~n/a remaining)
  [3168/3225] ok=0 cached=3168 fail=0  0.0GB total (0min elapsed, ~n/a remaining)
  [3169/3225] ok=0 cached=3169 fail=0  0.0GB total (0min elapsed, ~n/a remaining)
  [3170/3225] ok=0 cached=3170 fail=0  0.0GB total (0min elapsed, ~n/a remaining)
  [3171/3225] ok=0 cached=3171 fail=0  0.0GB total (0min elapsed, ~n/a remaining)
  [3172/3225] ok=0 cached=3172 fail=0  0.0GB total (0min elapsed, ~n/a remaining)
  [3173/3225] ok=0 cached=3173 fail=0  0.0GB total (0min elapsed, ~n/a remaining)
  [3174/3225] ok=0 cached=3174 fail=0  0.0GB total (0min elapsed, ~n/a remaining)
  [3175/3225] ok=0 cached=3175 fail=0  0.0GB total (0min elapsed, ~n/a remaining)
  [3176/3225] ok=0 cached=3176 fail=0  0.0GB total (0min elapsed, ~n/a remaining)
  [3177/3225] ok=0 cached=3177 fail=0  0.0GB total (0min elapsed, ~n/a remaining)
  [3178/3225] ok=0 cached=3178 fail=0  0.0GB total (0min elapsed, ~n/a remaining)
  [3179/3225] ok=0 cached=3179 fail=0  0.0GB total (0min elapsed, ~n/a remaining)
  [3180/3225] ok=0 cached=3180 fail=0  0.0GB total (0min elapsed, ~n/a remaining)
  [3181/3225] ok=0 cached=3181 fail=0  0.0GB total (0min elapsed, ~n/a remaining)
  [3182/3225] ok=0 cached=3182 fail=0  0.0GB total (0min elapsed, ~n/a remaining)
  [3183/3225] ok=0 cached=3183 fail=0  0.0GB total (0min elapsed, ~n/a remaining)
  [3184/3225] ok=0 cached=3184 fail=0  0.0GB total (0min elapsed, ~n/a remaining)
  [3185/3225] ok=0 cached=3185 fail=0  0.0GB total (0min elapsed, ~n/a remaining)
  [3186/3225] ok=0 cached=3186 fail=0  0.0GB total (0min elapsed, ~n/a remaining)
  [3187/3225] ok=0 cached=3187 fail=0  0.0GB total (0min elapsed, ~n/a remaining)
  [3188/3225] ok=0 cached=3188 fail=0  0.0GB total (0min elapsed, ~n/a remaining)
  [3189/3225] ok=0 cached=3189 fail=0  0.0GB total (0min elapsed, ~n/a remaining)
  [3190/3225] ok=0 cached=3190 fail=0  0.0GB total (0min elapsed, ~n/a remaining)
  [3191/3225] ok=0 cached=3191 fail=0  0.0GB total (0min elapsed, ~n/a remaining)
  [3192/3225] ok=0 cached=3192 fail=0  0.0GB total (0min elapsed, ~n/a remaining)
  [3193/3225] ok=0 cached=3193 fail=0  0.0GB total (0min elapsed, ~n/a remaining)
  [3194/3225] ok=0 cached=3194 fail=0  0.0GB total (0min elapsed, ~n/a remaining)
  [3195/3225] ok=0 cached=3195 fail=0  0.0GB total (0min elapsed, ~n/a remaining)
  [3196/3225] ok=0 cached=3196 fail=0  0.0GB total (0min elapsed, ~n/a remaining)
  [3197/3225] ok=0 cached=3197 fail=0  0.0GB total (0min elapsed, ~n/a remaining)
  [3198/3225] ok=0 cached=3198 fail=0  0.0GB total (0min elapsed, ~n/a remaining)
  [3199/3225] ok=0 cached=3199 fail=0  0.0GB total (0min elapsed, ~n/a remaining)
  [3200/3225] ok=0 cached=3200 fail=0  0.0GB total (0min elapsed, ~n/a remaining)
  [3201/3225] ok=0 cached=3201 fail=0  0.0GB total (0min elapsed, ~n/a remaining)
  [3202/3225] ok=0 cached=3202 fail=0  0.0GB total (0min elapsed, ~n/a remaining)
  [3203/3225] ok=0 cached=3203 fail=0  0.0GB total (0min elapsed, ~n/a remaining)
  [3204/3225] ok=0 cached=3204 fail=0  0.0GB total (0min elapsed, ~n/a remaining)
  [3205/3225] ok=0 cached=3205 fail=0  0.0GB total (0min elapsed, ~n/a remaining)
  [3206/3225] ok=0 cached=3206 fail=0  0.0GB total (0min elapsed, ~n/a remaining)
  [3207/3225] ok=0 cached=3207 fail=0  0.0GB total (0min elapsed, ~n/a remaining)
  [3208/3225] ok=0 cached=3208 fail=0  0.0GB total (0min elapsed, ~n/a remaining)
  [3209/3225] ok=0 cached=3209 fail=0  0.0GB total (0min elapsed, ~n/a remaining)
  [3210/3225] ok=0 cached=3210 fail=0  0.0GB total (0min elapsed, ~n/a remaining)
  [3211/3225] ok=0 cached=3211 fail=0  0.0GB total (0min elapsed, ~n/a remaining)
  [3212/3225] ok=0 cached=3212 fail=0  0.0GB total (0min elapsed, ~n/a remaining)
  [3213/3225] ok=0 cached=3213 fail=0  0.0GB total (0min elapsed, ~n/a remaining)
  [3214/3225] ok=0 cached=3214 fail=0  0.0GB total (0min elapsed, ~n/a remaining)
  [3215/3225] ok=0 cached=3215 fail=0  0.0GB total (0min elapsed, ~n/a remaining)
  [3216/3225] ok=0 cached=3216 fail=0  0.0GB total (0min elapsed, ~n/a remaining)
  [3217/3225] ok=0 cached=3217 fail=0  0.0GB total (0min elapsed, ~n/a remaining)
  [3218/3225] ok=0 cached=3218 fail=0  0.0GB total (0min elapsed, ~n/a remaining)
  [3219/3225] ok=0 cached=3219 fail=0  0.0GB total (0min elapsed, ~n/a remaining)
  [3220/3225] ok=0 cached=3220 fail=0  0.0GB total (0min elapsed, ~n/a remaining)
  [failed] SRR1425536  (no output after gzip, 13s)
  [3221/3225] ok=0 cached=3220 fail=1  0.0GB total (0min elapsed, ~n/a remaining)
  [failed] SRR1425535  (no output after gzip, 15s)
  [3222/3225] ok=0 cached=3220 fail=2  0.0GB total (0min elapsed, ~n/a remaining)
  [failed] SRR1425602  (no output after gzip, 16s)
  [3223/3225] ok=0 cached=3220 fail=3  0.0GB total (0min elapsed, ~n/a remaining)
  [failed] SRR1425603  (no output after gzip, 24s)
  [3224/3225] ok=0 cached=3220 fail=4  0.0GB total (0min elapsed, ~n/a remaining)
  [failed] SRR579539  (no output after gzip, 73s)
  [3225/3225] ok=0 cached=3220 fail=5  0.0GB total (1min elapsed, ~n/a remaining)

Output: kraken/output/run/select/data/run_list.tsv
Next: python kraken/run/kraken_run_split.py (resolves + downloads host genomes, builds indices, splits)
