path	size_bytes	mtime_epoch	md5
host_taxid_to_accession.json	27	1788756788	
reads/DRR125458_1.fastq.gz	367058035	1789475059	
reads/DRR125458_2.fastq.gz	381690030	1789475059	
reads/DRR125465_1.fastq.gz	448947817	1789474993	
reads/DRR125465_2.fastq.gz	476968243	1789474993	
reads/DRR125469_1.fastq.gz	181769518	1789475055	
reads/DRR125469_2.fastq.gz	188062448	1789475055	
reads/DRR342059_1.fastq.gz	2077744562	1789476596	
reads/DRR342059_2.fastq.gz	2029658974	1789476597	
reads/DRR342061.fastq.gz	793924975	1789482477	
reads/ERR10886906_1.fastq.gz	4144330271	1789399209	
reads/ERR10886906_2.fastq.gz	4445823315	1789399211	
reads/ERR10886907_1.fastq.gz	4106480821	1789399188	
reads/ERR10886907_2.fastq.gz	4401895656	1789399192	
reads/ERR10886908_1.fastq.gz	3993351994	1789398985	
reads/ERR10886908_2.fastq.gz	4291157586	1789398985	
reads/ERR10886909_1.fastq.gz	4004574262	1788848947	
reads/ERR10886909_2.fastq.gz	4302603590	1788848950	
reads/ERR10886910_1.fastq.gz	3950940844	1788849240	
reads/ERR10886910_2.fastq.gz	4243293777	1788849241	
reads/ERR10886911_1.fastq.gz	3856607442	1788849146	
reads/ERR10886911_2.fastq.gz	4151406080	1788849142	
reads/ERR10886912_1.fastq.gz	5224901698	1789399102	
reads/ERR10886912_2.fastq.gz	5526154113	1789399097	
reads/ERR10886913_1.fastq.gz	5155845830	1789399060	
reads/ERR10886913_2.fastq.gz	5449576695	1789399063	
reads/ERR10886915_1.fastq.gz	4422774424	1789393886	
reads/ERR10886915_2.fastq.gz	4723809377	1789393879	
reads/ERR10886916_1.fastq.gz	4336132074	1789393989	
reads/ERR10886916_2.fastq.gz	4630537711	1789393985	
reads/ERR10886917_1.fastq.gz	4288316390	1789394055	
reads/ERR10886917_2.fastq.gz	4589396843	1789394048	
reads/ERR10886918_1.fastq.gz	4160728933	1789395410	
reads/ERR10886918_2.fastq.gz	4485049036	1789395411	
reads/ERR10886919_1.fastq.gz	4093488824	1789395454	
reads/ERR10886919_2.fastq.gz	4413078359	1789395454	
reads/ERR10886920_1.fastq.gz	4038760398	1789395417	
reads/ERR10886920_2.fastq.gz	4365533475	1789395418	
reads/ERR10886921_1.fastq.gz	4100135649	1789395383	
reads/ERR10886921_2.fastq.gz	4361933868	1789395380	
reads/ERR10886922_1.fastq.gz	4016820646	1789395318	
reads/ERR10886922_2.fastq.gz	4273880154	1789395321	
reads/ERR10886923_1.fastq.gz	3982761168	1789395736	
reads/ERR10886923_2.fastq.gz	4249205272	1789395732	
reads/ERR10886930_1.fastq.gz	3508892792	1789396647	
reads/ERR10886930_2.fastq.gz	3754371459	1789396645	
reads/ERR10886931_1.fastq.gz	3471368650	1789396572	
reads/ERR10886931_2.fastq.gz	3714237106	1789396570	
reads/ERR10886932_1.fastq.gz	3405183041	1789396628	
reads/ERR10886932_2.fastq.gz	3651288280	1789396626	
reads/ERR10886939_1.fastq.gz	3714739219	1789394207	
reads/ERR10886939_2.fastq.gz	3987451464	1789394208	
reads/ERR10886940_1.fastq.gz	3660757031	1789394396	
reads/ERR10886940_2.fastq.gz	3924662626	1789394396	
reads/ERR10886941_1.fastq.gz	3566612107	1789395147	
reads/ERR10886941_2.fastq.gz	3835513478	1789395146	
reads/ERR10886942_1.fastq.gz	4290290537	1789401908	
reads/ERR10886942_2.fastq.gz	4646738835	1789401907	
reads/ERR10886943_1.fastq.gz	4201876832	1789401821	
reads/ERR10886943_2.fastq.gz	4549721503	1789401816	
reads/ERR10886944_1.fastq.gz	4138147596	1789401870	
reads/ERR10886944_2.fastq.gz	4491461817	1789401869	
reads/ERR10886945_1.fastq.gz	4054912342	1789398784	
reads/ERR10886945_2.fastq.gz	4355254815	1789398787	
reads/ERR10886946_1.fastq.gz	4000957741	1789398134	
reads/ERR10886946_2.fastq.gz	4292674079	1789398132	
reads/ERR10886947_1.fastq.gz	3892951294	1789398259	
reads/ERR10886947_2.fastq.gz	4189344826	1789398251	
reads/ERR10886951_1.fastq.gz	4240771807	1789390063	
reads/ERR10886951_2.fastq.gz	4528059393	1789390063	
reads/ERR10886952_1.fastq.gz	4193697003	1789390226	
reads/ERR10886952_2.fastq.gz	4473663674	1789390226	
reads/ERR10886953_1.fastq.gz	4065319126	1789390186	
reads/ERR10886953_2.fastq.gz	4348831465	1789390188	
reads/ERR10886954_1.fastq.gz	3883751808	1789398025	
reads/ERR10886954_2.fastq.gz	4147497419	1789398015	
reads/ERR10886955_1.fastq.gz	3835045005	1789397773	
reads/ERR10886955_2.fastq.gz	4094463317	1789397773	
reads/ERR10886956_1.fastq.gz	3749477723	1789397890	
reads/ERR10886956_2.fastq.gz	4012637178	1789397894	
reads/ERR10886957_1.fastq.gz	4592003054	1789396682	
reads/ERR10886957_2.fastq.gz	4894954574	1789396680	
reads/ERR10886958_1.fastq.gz	4514519498	1789395649	
reads/ERR10886958_2.fastq.gz	4808290895	1789395647	
reads/ERR10886959_1.fastq.gz	4405927350	1789396307	
reads/ERR10886959_2.fastq.gz	4705613206	1789396310	
reads/ERR10886960_1.fastq.gz	4767134172	1789399587	
reads/ERR10886960_2.fastq.gz	5158929098	1789399583	
reads/ERR10886961_1.fastq.gz	4675002344	1789400077	
reads/ERR10886961_2.fastq.gz	5054987645	1789400078	
reads/ERR10886962_1.fastq.gz	4585278844	1789399476	
reads/ERR10886962_2.fastq.gz	4972361247	1789399473	
reads/ERR10886963_1.fastq.gz	3973698153	1789396944	
reads/ERR10886963_2.fastq.gz	4229310734	1789396944	
reads/ERR10886964_1.fastq.gz	3927856797	1789396714	
reads/ERR10886964_2.fastq.gz	4178111766	1789396713	
reads/ERR10886965_1.fastq.gz	3821260440	1789396911	
reads/ERR10886965_2.fastq.gz	4074904770	1789396913	
reads/ERR10886966_1.fastq.gz	4006608739	1789392775	
reads/ERR10886966_2.fastq.gz	4233774013	1789392775	
reads/ERR10886967_1.fastq.gz	3936556835	1789392717	
reads/ERR10886967_2.fastq.gz	4157527033	1789392718	
reads/ERR10886968_1.fastq.gz	3863314790	1789392643	
reads/ERR10886968_2.fastq.gz	4091245582	1789392644	
reads/ERR10886969_1.fastq.gz	4120552491	1789391529	
reads/ERR10886969_2.fastq.gz	4386963350	1789391525	
reads/ERR10886970_1.fastq.gz	4031599593	1789391473	
reads/ERR10886970_2.fastq.gz	4291556880	1789391477	
reads/ERR10886971_1.fastq.gz	3968547746	1789391660	
reads/ERR10886971_2.fastq.gz	4235728583	1789391661	
reads/ERR10886975_1.fastq.gz	4566537127	1789400807	
reads/ERR10886975_2.fastq.gz	4865561967	1789400802	
reads/ERR10886976_1.fastq.gz	4498950601	1789400521	
reads/ERR10886976_2.fastq.gz	4790868579	1789400522	
reads/ERR10886977_1.fastq.gz	4399940863	1789400570	
reads/ERR10886977_2.fastq.gz	4696604855	1789400571	
reads/ERR10886981_1.fastq.gz	4010707070	1789397569	
reads/ERR10886981_2.fastq.gz	4249674643	1789397568	
reads/ERR10886982_1.fastq.gz	3967987635	1789397740	
reads/ERR10886982_2.fastq.gz	4201841892	1789397740	
reads/ERR10886983_1.fastq.gz	3860592074	1789397691	
reads/ERR10886983_2.fastq.gz	4098356999	1789397692	
reads/ERR10886984_1.fastq.gz	4672876712	1789400536	
reads/ERR10886984_2.fastq.gz	5072531569	1789400537	
reads/ERR10886985_1.fastq.gz	4635250648	1789400254	
reads/ERR10886985_2.fastq.gz	5026699506	1789400255	
reads/ERR10886986_1.fastq.gz	4486969096	1789400497	
reads/ERR10886986_2.fastq.gz	4878651473	1789400499	
reads/ERR10886987_1.fastq.gz	3926716408	1789392811	
reads/ERR10886987_2.fastq.gz	4231372320	1789392812	
reads/ERR10886988_1.fastq.gz	3865864315	1789393284	
reads/ERR10886988_2.fastq.gz	4165778122	1789393272	
reads/ERR10886989_1.fastq.gz	3787275945	1789392853	
reads/ERR10886989_2.fastq.gz	4088245811	1789392850	
reads/ERR10886990_1.fastq.gz	5093967434	1789401848	
reads/ERR10886990_2.fastq.gz	5471319423	1789401847	
reads/ERR10886991_1.fastq.gz	4992059960	1789401020	
reads/ERR10886991_2.fastq.gz	5362032722	1789401022	
reads/ERR10886992_1.fastq.gz	4915724141	1789401493	
reads/ERR10886992_2.fastq.gz	5290783833	1789401493	
reads/ERR10886993_1.fastq.gz	4222818227	1789394089	
reads/ERR10886993_2.fastq.gz	4551817333	1789394068	
reads/ERR10886994_1.fastq.gz	4171392472	1789394093	
reads/ERR10886994_2.fastq.gz	4494957118	1789394102	
reads/ERR10886995_1.fastq.gz	4082088974	1789394083	
reads/ERR10886995_2.fastq.gz	4408655723	1789394078	
reads/ERR10886996_1.fastq.gz	3637091474	1789390164	
reads/ERR10886996_2.fastq.gz	3904852106	1789390163	
reads/ERR10886997_1.fastq.gz	3596155641	1789390164	
reads/ERR10886997_2.fastq.gz	3859440127	1789390162	
reads/ERR10886998_1.fastq.gz	3514919167	1789390197	
reads/ERR10886998_2.fastq.gz	3781650441	1789390195	
reads/ERR10886999_1.fastq.gz	3772476007	1789390317	
reads/ERR10886999_2.fastq.gz	4127728828	1789390319	
reads/ERR10887000_1.fastq.gz	3718013497	1789390666	
reads/ERR10887000_2.fastq.gz	4068033228	1789390666	
reads/ERR10887001_1.fastq.gz	3636035044	1789391308	
reads/ERR10887001_2.fastq.gz	3986459498	1789391308	
reads/ERR10887002_1.fastq.gz	5114637375	1789392762	
reads/ERR10887002_2.fastq.gz	5494137221	1789392767	
reads/ERR10887003_1.fastq.gz	5043613916	1789392576	
reads/ERR10887003_2.fastq.gz	5412137530	1789392575	
reads/ERR10887004_1.fastq.gz	4899531318	1789391940	
reads/ERR10887004_2.fastq.gz	5273472790	1789391938	
reads/ERR10887005_1.fastq.gz	4304421183	1789391408	
reads/ERR10887005_2.fastq.gz	4611163429	1789391413	
reads/ERR10887006_1.fastq.gz	4238113796	1789391576	
reads/ERR10887006_2.fastq.gz	4534557164	1789391579	
reads/ERR10887007_1.fastq.gz	4133192002	1789391348	
reads/ERR10887007_2.fastq.gz	4434772843	1789391348	
reads/ERR10926629_1.fastq.gz	5614365323	1789412487	
reads/ERR10926629_2.fastq.gz	5803359388	1789412486	
reads/ERR10926635_1.fastq.gz	5245121627	1789411781	
reads/ERR10926635_2.fastq.gz	5464684233	1789411782	
reads/ERR10926639_1.fastq.gz	6207476073	1789411890	
reads/ERR10926639_2.fastq.gz	6470798631	1789411891	
reads/ERR10926641_1.fastq.gz	4332815830	1789409466	
reads/ERR10926641_2.fastq.gz	4482061404	1789409467	
reads/ERR10926643_1.fastq.gz	4930558891	1789410798	
reads/ERR10926643_2.fastq.gz	5094691326	1789410795	
reads/ERR10926661_1.fastq.gz	3640863675	1789409428	
reads/ERR10926661_2.fastq.gz	3771362502	1789409430	
reads/ERR10926663_1.fastq.gz	6306442604	1789412123	
reads/ERR10926663_2.fastq.gz	6612678250	1789412121	
reads/ERR10926669_1.fastq.gz	5926727768	1789411754	
reads/ERR10926669_2.fastq.gz	6151778641	1789411752	
reads/ERR10926671_1.fastq.gz	5740109763	1789410177	
reads/ERR10926671_2.fastq.gz	5896381464	1789410176	
reads/ERR10926673_1.fastq.gz	6831761047	1789411405	
reads/ERR10926673_2.fastq.gz	6962349696	1789411401	
reads/ERR10926674_1.fastq.gz	6549257206	1789409941	
reads/ERR10926674_2.fastq.gz	6854227125	1789409940	
reads/ERR10926675_1.fastq.gz	5931653484	1789409838	
reads/ERR10926675_2.fastq.gz	6152044266	1789409832	
reads/ERR10926698_1.fastq.gz	5902815730	1789410380	
reads/ERR10926698_2.fastq.gz	6185053429	1789410379	
reads/ERR10926700_1.fastq.gz	4698646626	1789412163	
reads/ERR10926700_2.fastq.gz	4880319197	1789412163	
reads/ERR10926702_1.fastq.gz	6724403894	1789410019	
reads/ERR10926702_2.fastq.gz	7014239923	1789410021	
reads/ERR10926705_1.fastq.gz	6264228364	1789410839	
reads/ERR10926705_2.fastq.gz	6384122744	1789410838	
reads/ERR10926707_1.fastq.gz	7419697934	1789411703	
reads/ERR10926707_2.fastq.gz	7848189948	1789411702	
reads/ERR10926708_1.fastq.gz	4902384277	1789409795	
reads/ERR10926708_2.fastq.gz	5023550798	1789409792	
reads/ERR12013027_1.fastq.gz	823164445	1788932435	
reads/ERR12013027_2.fastq.gz	860811632	1788932435	
reads/ERR12013028_1.fastq.gz	895872022	1788931887	
reads/ERR12013028_2.fastq.gz	939904060	1788931887	
reads/ERR12013029_1.fastq.gz	761585522	1788934170	
reads/ERR12013029_2.fastq.gz	790752444	1788934170	
reads/ERR12013030_1.fastq.gz	964563600	1788931439	
reads/ERR12013030_2.fastq.gz	1002472913	1788931440	
reads/ERR12013031_1.fastq.gz	853007834	1788930085	
reads/ERR12013031_2.fastq.gz	867825035	1788930085	
reads/ERR12013032_1.fastq.gz	741990382	1788931034	
reads/ERR12013032_2.fastq.gz	787561249	1788931034	
reads/ERR12013033_1.fastq.gz	931809181	1788930060	
reads/ERR12013033_2.fastq.gz	956385020	1788930060	
reads/ERR12013034_1.fastq.gz	797474568	1788931014	
reads/ERR12013034_2.fastq.gz	845487001	1788931014	
reads/ERR12013035_1.fastq.gz	1164723261	1788930304	
reads/ERR12013035_2.fastq.gz	1225137741	1788930303	
reads/ERR12013036_1.fastq.gz	936501705	1788931888	
reads/ERR12013036_2.fastq.gz	978383610	1788931888	
reads/ERR12013037_1.fastq.gz	1161344933	1788933197	
reads/ERR12013037_2.fastq.gz	1173058816	1788933197	
reads/ERR12013038_1.fastq.gz	1090538509	1788932941	
reads/ERR12013038_2.fastq.gz	1107390833	1788932941	
reads/ERR12013039_1.fastq.gz	1010086240	1788934187	
reads/ERR12013039_2.fastq.gz	1079621021	1788934187	
reads/ERR12013040_1.fastq.gz	889812849	1788929109	
reads/ERR12013040_2.fastq.gz	920563350	1788929108	
reads/ERR12013042_1.fastq.gz	896148479	1788936094	
reads/ERR12013042_2.fastq.gz	931997177	1788936094	
reads/ERR12013045_1.fastq.gz	946126011	1788929997	
reads/ERR12013045_2.fastq.gz	993427564	1788929997	
reads/ERR12013047_1.fastq.gz	751326836	1788934457	
reads/ERR12013047_2.fastq.gz	791370065	1788934457	
reads/ERR12013048_1.fastq.gz	781800148	1788934435	
reads/ERR12013048_2.fastq.gz	805541876	1788934435	
reads/ERR12013049_1.fastq.gz	701216746	1788929455	
reads/ERR12013049_2.fastq.gz	736650813	1788929455	
reads/ERR12013050_1.fastq.gz	740627352	1788929231	
reads/ERR12013050_2.fastq.gz	772251428	1788929231	
reads/ERR12013051_1.fastq.gz	807645571	1788936144	
reads/ERR12013051_2.fastq.gz	841877555	1788936144	
reads/ERR12013052_1.fastq.gz	902200763	1788932493	
reads/ERR12013052_2.fastq.gz	951213837	1788932493	
reads/ERR12013053_1.fastq.gz	801390637	1788933340	
reads/ERR12013053_2.fastq.gz	831437381	1788933340	
reads/ERR12013054_1.fastq.gz	902797801	1788935259	
reads/ERR12013054_2.fastq.gz	941682066	1788935259	
reads/ERR12013055_1.fastq.gz	3252371556	1788929083	
reads/ERR12013055_2.fastq.gz	3555978530	1788929083	
reads/ERR12013056_1.fastq.gz	2356221400	1788931731	
reads/ERR12013056_2.fastq.gz	2589520686	1788931731	
reads/ERR12013057_1.fastq.gz	3292226508	1788935569	
reads/ERR12013057_2.fastq.gz	3572406796	1788935569	
reads/ERR12013059_1.fastq.gz	746271659	1788935079	
reads/ERR12013059_2.fastq.gz	765246026	1788935079	
reads/ERR12013060_1.fastq.gz	2732792776	1788931687	
reads/ERR12013060_2.fastq.gz	2974712036	1788931688	
reads/ERR12013061_1.fastq.gz	2911696291	1788930099	
reads/ERR12013061_2.fastq.gz	3228380287	1788930099	
reads/ERR12013062_1.fastq.gz	805508880	1788931000	
reads/ERR12013062_2.fastq.gz	829568731	1788931000	
reads/ERR12013063_1.fastq.gz	2527977248	1788933709	
reads/ERR12013063_2.fastq.gz	2759910202	1788933708	
reads/ERR12013064_1.fastq.gz	2228765274	1788929119	
reads/ERR12013064_2.fastq.gz	2396291172	1788929120	
reads/ERR12013065_1.fastq.gz	2519023684	1788928682	
reads/ERR12013065_2.fastq.gz	2721036945	1788928683	
reads/ERR12013066_1.fastq.gz	3124176501	1788932172	
reads/ERR12013066_2.fastq.gz	3382912755	1788932172	
reads/ERR12013067_1.fastq.gz	3005700587	1788935382	
reads/ERR12013067_2.fastq.gz	3310764456	1788935382	
reads/ERR12013069_1.fastq.gz	2969382809	1788933123	
reads/ERR12013069_2.fastq.gz	3256838883	1788933123	
reads/ERR12013070_1.fastq.gz	949455410	1788936842	
reads/ERR12013070_2.fastq.gz	1016556807	1788936842	
reads/ERR12013071_1.fastq.gz	701302487	1788936080	
reads/ERR12013071_2.fastq.gz	721703453	1788936080	
reads/ERR12013072_1.fastq.gz	1279333658	1788928178	
reads/ERR12013072_2.fastq.gz	1417502950	1788928179	
reads/ERR12013073_1.fastq.gz	741370037	1788935211	
reads/ERR12013073_2.fastq.gz	783290973	1788935210	
reads/ERR12013075_1.fastq.gz	801549043	1788935242	
reads/ERR12013075_2.fastq.gz	840385938	1788935242	
reads/ERR12013076_1.fastq.gz	838243566	1788936098	
reads/ERR12013076_2.fastq.gz	869301192	1788936098	
reads/ERR12013077_1.fastq.gz	1027669415	1788934064	
reads/ERR12013077_2.fastq.gz	1073908397	1788934064	
reads/ERR12013078_1.fastq.gz	856019516	1788936160	
reads/ERR12013078_2.fastq.gz	880176164	1788936160	
reads/ERR12013079_1.fastq.gz	2544633222	1788936185	
reads/ERR12013079_2.fastq.gz	2783501099	1788936187	
reads/ERR13070694_1.fastq.gz	1281609728	1789190396	
reads/ERR13070694_2.fastq.gz	1362431028	1789190394	
reads/ERR13098509_1.fastq.gz	1318408037	1789185450	
reads/ERR13098509_2.fastq.gz	1413982178	1789185449	
reads/ERR13105496_1.fastq.gz	1328112341	1789189292	
reads/ERR13105496_2.fastq.gz	1423541362	1789189290	
reads/ERR13105519_1.fastq.gz	1396645636	1789183757	
reads/ERR13105519_2.fastq.gz	1486742456	1789183757	
reads/ERR13105569_1.fastq.gz	1431726034	1789184591	
reads/ERR13105569_2.fastq.gz	1503510108	1789184591	
reads/ERR13106413_1.fastq.gz	1346971531	1789185912	
reads/ERR13106413_2.fastq.gz	1430854497	1789185912	
reads/ERR13107141_1.fastq.gz	1387047574	1789191593	
reads/ERR13107141_2.fastq.gz	1501139190	1789191592	
reads/ERR13107145_1.fastq.gz	1377318316	1789185334	
reads/ERR13107145_2.fastq.gz	1521404309	1789185334	
reads/ERR13107156_1.fastq.gz	1391153906	1789186312	
reads/ERR13107156_2.fastq.gz	1482761157	1789186312	
reads/ERR13107161_1.fastq.gz	1382777410	1789185429	
reads/ERR13107161_2.fastq.gz	1508550430	1789185429	
reads/ERR13107164_1.fastq.gz	1388219352	1789189715	
reads/ERR13107164_2.fastq.gz	1479404227	1789189717	
reads/ERR13107171_1.fastq.gz	1368903122	1789185163	
reads/ERR13107171_2.fastq.gz	1465068346	1789185163	
reads/ERR13107174_1.fastq.gz	1638287898	1789186762	
reads/ERR13107174_2.fastq.gz	1471798992	1789186764	
reads/ERR13107178_1.fastq.gz	1373286719	1789188145	
reads/ERR13107178_2.fastq.gz	1479592743	1789188145	
reads/ERR13107205_1.fastq.gz	1376781360	1789187668	
reads/ERR13107205_2.fastq.gz	1495618206	1789187669	
reads/ERR13107212_1.fastq.gz	1373030555	1789188698	
reads/ERR13107212_2.fastq.gz	1527009427	1789188695	
reads/ERR13107216_1.fastq.gz	1399074304	1789188500	
reads/ERR13107216_2.fastq.gz	1492372237	1789188500	
reads/ERR13107470_1.fastq.gz	1406809187	1789190762	
reads/ERR13107470_2.fastq.gz	1534488104	1789190761	
reads/ERR13107472_1.fastq.gz	1398286641	1789191784	
reads/ERR13107472_2.fastq.gz	1486993405	1789191785	
reads/ERR13108582_1.fastq.gz	1377082290	1789190090	
reads/ERR13108582_2.fastq.gz	1512975226	1789190089	
reads/ERR13108595_1.fastq.gz	1370301164	1789186957	
reads/ERR13108595_2.fastq.gz	1498050507	1789186957	
reads/ERR13108602_1.fastq.gz	1375413159	1789188501	
reads/ERR13108602_2.fastq.gz	1493931970	1789188501	
reads/ERR13148713_1.fastq.gz	1679120130	1789184804	
reads/ERR13148713_2.fastq.gz	1498367337	1789184804	
reads/ERR13148999_1.fastq.gz	1407903251	1789184133	
reads/ERR13148999_2.fastq.gz	1520793176	1789184131	
reads/ERR13149105_1.fastq.gz	1628212174	1789186826	
reads/ERR13149105_2.fastq.gz	1460801415	1789186825	
reads/ERR13149129_1.fastq.gz	1599230925	1789186933	
reads/ERR13149129_2.fastq.gz	1471815569	1789186934	
reads/ERR13149232_1.fastq.gz	1393032541	1789185919	
reads/ERR13149232_2.fastq.gz	1507281064	1789185919	
reads/ERR1314945_1.fastq.gz	6296446608	1789471301	
reads/ERR1314945_2.fastq.gz	6368486780	1789471302	
reads/ERR1314967_1.fastq.gz	5059871621	1789472232	
reads/ERR1314967_2.fastq.gz	5121410455	1789472233	
reads/ERR13150701_1.fastq.gz	1375859627	1789184905	
reads/ERR13150701_2.fastq.gz	1500384206	1789184906	
reads/ERR13150768_1.fastq.gz	1385959404	1789186385	
reads/ERR13150768_2.fastq.gz	1506633239	1789186382	
reads/ERR13150773_1.fastq.gz	1387643336	1789187434	
reads/ERR13150773_2.fastq.gz	1522216416	1789187432	
reads/ERR13150779_1.fastq.gz	1371091724	1789187862	
reads/ERR13150779_2.fastq.gz	1484738327	1789187862	
reads/ERR13153921_1.fastq.gz	1363962849	1789184627	
reads/ERR13153921_2.fastq.gz	1507994535	1789184627	
reads/ERR13153961_1.fastq.gz	1368347775	1789191214	
reads/ERR13153961_2.fastq.gz	1506106578	1789191214	
reads/ERR13159045_1.fastq.gz	1408391100	1789190368	
reads/ERR13159045_2.fastq.gz	1530994486	1789190369	
reads/ERR13159060_1.fastq.gz	1368525432	1789188623	
reads/ERR13159060_2.fastq.gz	1504298948	1789188624	
reads/ERR13159077_1.fastq.gz	1389188918	1789190690	
reads/ERR13159077_2.fastq.gz	1517571494	1789190690	
reads/ERR13159104_1.fastq.gz	1378489413	1789190953	
reads/ERR13159104_2.fastq.gz	1509109432	1789190959	
reads/ERR13159121_1.fastq.gz	1374833066	1789189031	
reads/ERR13159121_2.fastq.gz	1494932067	1789189031	
reads/ERR13159136_1.fastq.gz	1368763345	1789190400	
reads/ERR13159136_2.fastq.gz	1502023835	1789190400	
reads/ERR13159190_1.fastq.gz	1387295269	1789189442	
reads/ERR13159190_2.fastq.gz	1551085105	1789189440	
reads/ERR13166132_1.fastq.gz	1373288016	1789184035	
reads/ERR13166132_2.fastq.gz	1473325479	1789184034	
reads/ERR13340220_1.fastq.gz	762598430	1789144829	
reads/ERR13340220_2.fastq.gz	785002351	1789144827	
reads/ERR13340221_1.fastq.gz	711024529	1789144785	
reads/ERR13340221_2.fastq.gz	720820287	1789144784	
reads/ERR13340222_1.fastq.gz	696906794	1789144626	
reads/ERR13340222_2.fastq.gz	715772051	1789144626	
reads/ERR13340223_1.fastq.gz	754012080	1789144536	
reads/ERR13340223_2.fastq.gz	785578191	1789144536	
reads/ERR13340224_1.fastq.gz	2010163965	1789144882	
reads/ERR13340224_2.fastq.gz	2182989005	1789144883	
reads/ERR13340225_1.fastq.gz	1135477728	1789144796	
reads/ERR13340225_2.fastq.gz	1173326260	1789144797	
reads/ERR1360186_1.fastq.gz	1544655540	1789404109	
reads/ERR1360186_2.fastq.gz	1577605719	1789404108	
reads/ERR1360187_1.fastq.gz	1537748732	1789404149	
reads/ERR1360187_2.fastq.gz	1574381880	1789404150	
reads/ERR1360192_1.fastq.gz	2644125918	1789404367	
reads/ERR1360192_2.fastq.gz	2722918311	1789404366	
reads/ERR1360193_1.fastq.gz	2624516268	1789404625	
reads/ERR1360193_2.fastq.gz	2709903546	1789404625	
reads/ERR14823239_1.fastq.gz	3392862086	1789470548	
reads/ERR14823239_2.fastq.gz	3509409596	1789470548	
reads/ERR14823240_1.fastq.gz	2947734158	1789470578	
reads/ERR14823240_2.fastq.gz	3041423518	1789470577	
reads/ERR14823245_1.fastq.gz	2743803894	1789470585	
reads/ERR14823245_2.fastq.gz	2814426533	1789470587	
reads/ERR14823246_1.fastq.gz	3173511388	1789470648	
reads/ERR14823246_2.fastq.gz	3285173199	1789470650	
reads/ERR14823249_1.fastq.gz	2718316426	1789470543	
reads/ERR14823249_2.fastq.gz	2818865928	1789470544	
reads/ERR14823250_1.fastq.gz	2764877791	1789470537	
reads/ERR14823250_2.fastq.gz	2891518693	1789470536	
reads/ERR15005444_1.fastq.gz	1290745908	1788913171	
reads/ERR15005444_2.fastq.gz	1332251048	1788913171	
reads/ERR15005445_1.fastq.gz	1237845714	1788904712	
reads/ERR15005445_2.fastq.gz	1281795557	1788904712	
reads/ERR15005446_1.fastq.gz	1259581407	1788845889	
reads/ERR15005446_2.fastq.gz	1303311727	1788845889	
reads/ERR15005447_1.fastq.gz	2417984113	1788918938	
reads/ERR15005447_2.fastq.gz	2651465819	1788918938	
reads/ERR15005448_1.fastq.gz	3190807903	1788920184	
reads/ERR15005448_2.fastq.gz	3497916299	1788920184	
reads/ERR15005449_1.fastq.gz	2545686392	1788923974	
reads/ERR15005449_2.fastq.gz	2774487988	1788923974	
reads/ERR15005450_1.fastq.gz	2865698801	1788907638	
reads/ERR15005450_2.fastq.gz	3122229570	1788907643	
reads/ERR15005451_1.fastq.gz	1490275281	1788905399	
reads/ERR15005451_2.fastq.gz	1598412079	1788905399	
reads/ERR15005452_1.fastq.gz	1763743085	1788925441	
reads/ERR15005452_2.fastq.gz	1915004060	1788925440	
reads/ERR15005453_1.fastq.gz	2064117566	1788912850	
reads/ERR15005453_2.fastq.gz	2242864446	1788912850	
reads/ERR15005454_1.fastq.gz	2108029421	1788925145	
reads/ERR15005454_2.fastq.gz	2288779140	1788925145	
reads/ERR15005455_1.fastq.gz	2174665912	1788921800	
reads/ERR15005455_2.fastq.gz	2332427554	1788921800	
reads/ERR15005456_1.fastq.gz	1973314612	1788906967	
reads/ERR15005456_2.fastq.gz	2118465800	1788906967	
reads/ERR15005457_1.fastq.gz	1983194413	1788909676	
reads/ERR15005457_2.fastq.gz	2137452831	1788909673	
reads/ERR15005458_1.fastq.gz	1799856346	1788907275	
reads/ERR15005458_2.fastq.gz	1931667413	1788907275	
reads/ERR15005459_1.fastq.gz	1722435339	1788927251	
reads/ERR15005459_2.fastq.gz	1818611441	1788927250	
reads/ERR15005460_1.fastq.gz	1531218560	1788916791	
reads/ERR15005460_2.fastq.gz	1662779522	1788916791	
reads/ERR15005461_1.fastq.gz	1954911700	1788927080	
reads/ERR15005461_2.fastq.gz	2094598411	1788927080	
reads/ERR15005462_1.fastq.gz	1776876530	1788913500	
reads/ERR15005462_2.fastq.gz	1910494380	1788913500	
reads/ERR15005463_1.fastq.gz	1977068996	1788911075	
reads/ERR15005463_2.fastq.gz	2125241427	1788911075	
reads/ERR15005464_1.fastq.gz	1987206956	1788905374	
reads/ERR15005464_2.fastq.gz	2125849770	1788905374	
reads/ERR15005465_1.fastq.gz	1487342078	1788922951	
reads/ERR15005465_2.fastq.gz	1601582370	1788922951	
reads/ERR15005466_1.fastq.gz	1981010759	1788908981	
reads/ERR15005466_2.fastq.gz	2128822735	1788908981	
reads/ERR15005467_1.fastq.gz	1887395083	1788906175	
reads/ERR15005467_2.fastq.gz	2035040485	1788906173	
reads/ERR15005468_1.fastq.gz	2110925899	1788904402	
reads/ERR15005468_2.fastq.gz	2277595213	1788904402	
reads/ERR15005469_1.fastq.gz	1645054401	1788918339	
reads/ERR15005469_2.fastq.gz	1751876870	1788918339	
reads/ERR15005470_1.fastq.gz	2107144780	1788909697	
reads/ERR15005470_2.fastq.gz	2246720720	1788909697	
reads/ERR15005471_1.fastq.gz	1496179138	1788916437	
reads/ERR15005471_2.fastq.gz	1597467791	1788916437	
reads/ERR15005472_1.fastq.gz	1742880589	1788917045	
reads/ERR15005472_2.fastq.gz	1900547616	1788917045	
reads/ERR15005473_1.fastq.gz	2191114729	1788909173	
reads/ERR15005473_2.fastq.gz	2369054604	1788909173	
reads/ERR15005474_1.fastq.gz	2108572842	1788913094	
reads/ERR15005474_2.fastq.gz	2282913145	1788913094	
reads/ERR15005475_1.fastq.gz	1969118670	1788911109	
reads/ERR15005475_2.fastq.gz	2134728599	1788911119	
reads/ERR15005476_1.fastq.gz	1718547189	1788909778	
reads/ERR15005476_2.fastq.gz	1856867385	1788909778	
reads/ERR15005477_1.fastq.gz	1979704421	1788923673	
reads/ERR15005477_2.fastq.gz	2111224700	1788923672	
reads/ERR15005478_1.fastq.gz	1696338507	1788911780	
reads/ERR15005478_2.fastq.gz	1807519339	1788911781	
reads/ERR15005479_1.fastq.gz	2148607874	1788923507	
reads/ERR15005479_2.fastq.gz	2322377734	1788923507	
reads/ERR15005480_1.fastq.gz	2300873812	1788921332	
reads/ERR15005480_2.fastq.gz	2502798091	1788921332	
reads/ERR15005481_1.fastq.gz	2485342622	1788916966	
reads/ERR15005481_2.fastq.gz	2689408218	1788916966	
reads/ERR15005482_1.fastq.gz	2309635022	1788908701	
reads/ERR15005482_2.fastq.gz	2482221524	1788908701	
reads/ERR15005483_1.fastq.gz	1578941949	1788915392	
reads/ERR15005483_2.fastq.gz	1702045779	1788915393	
reads/ERR15005484_1.fastq.gz	1586606833	1788907985	
reads/ERR15005484_2.fastq.gz	1706828493	1788907987	
reads/ERR15005485_1.fastq.gz	2395227208	1788915710	
reads/ERR15005485_2.fastq.gz	2577486148	1788915708	
reads/ERR15005486_1.fastq.gz	1794415576	1788917958	
reads/ERR15005486_2.fastq.gz	1945438504	1788917958	
reads/ERR15005487_1.fastq.gz	1649489671	1788925941	
reads/ERR15005487_2.fastq.gz	1774492003	1788925941	
reads/ERR15005488_1.fastq.gz	1795816130	1788909221	
reads/ERR15005488_2.fastq.gz	1935697613	1788909221	
reads/ERR15005489_1.fastq.gz	2507556405	1788927740	
reads/ERR15005489_2.fastq.gz	2694350715	1788927739	
reads/ERR15005490_1.fastq.gz	2242131123	1788927268	
reads/ERR15005490_2.fastq.gz	2402014219	1788927274	
reads/ERR15005491_1.fastq.gz	1937227038	1788923021	
reads/ERR15005491_2.fastq.gz	2070896225	1788923021	
reads/ERR15005492_1.fastq.gz	1752544706	1788921682	
reads/ERR15005492_2.fastq.gz	1873288387	1788921682	
reads/ERR15005493_1.fastq.gz	1687389383	1788927576	
reads/ERR15005493_2.fastq.gz	1794562227	1788927576	
reads/ERR15005494_1.fastq.gz	1689283969	1788915065	
reads/ERR15005494_2.fastq.gz	1816247569	1788915065	
reads/ERR15005495_1.fastq.gz	1691158817	1788911519	
reads/ERR15005495_2.fastq.gz	1808289741	1788911520	
reads/ERR15005496_1.fastq.gz	1514441162	1788912797	
reads/ERR15005496_2.fastq.gz	1624733263	1788912795	
reads/ERR15005497_1.fastq.gz	2013431003	1788920059	
reads/ERR15005497_2.fastq.gz	2165583866	1788920059	
reads/ERR15005498_1.fastq.gz	2134690229	1788924459	
reads/ERR15005498_2.fastq.gz	2272886727	1788924459	
reads/ERR15005499_1.fastq.gz	2030867611	1788923211	
reads/ERR15005499_2.fastq.gz	2180265516	1788923212	
reads/ERR15005500_1.fastq.gz	1926421725	1788911745	
reads/ERR15005500_2.fastq.gz	2062430333	1788911745	
reads/ERR15005501_1.fastq.gz	2145583522	1788905350	
reads/ERR15005501_2.fastq.gz	2308262201	1788905350	
reads/ERR15005502_1.fastq.gz	1678655936	1788918090	
reads/ERR15005502_2.fastq.gz	1806711832	1788918092	
reads/ERR15005503_1.fastq.gz	1735836373	1788905503	
reads/ERR15005503_2.fastq.gz	1861840173	1788905503	
reads/ERR15005504_1.fastq.gz	2107521593	1788911496	
reads/ERR15005504_2.fastq.gz	2257823970	1788911494	
reads/ERR15005505_1.fastq.gz	1489215411	1788912996	
reads/ERR15005505_2.fastq.gz	1607617651	1788912996	
reads/ERR15005506_1.fastq.gz	1700980883	1788921211	
reads/ERR15005506_2.fastq.gz	1828473032	1788921211	
reads/ERR15005507_1.fastq.gz	1432510957	1788927485	
reads/ERR15005507_2.fastq.gz	1540590069	1788927485	
reads/ERR15005508_1.fastq.gz	1546801642	1788907943	
reads/ERR15005508_2.fastq.gz	1663305602	1788907942	
reads/ERR15005509_1.fastq.gz	1788248983	1788906155	
reads/ERR15005509_2.fastq.gz	1920620042	1788906155	
reads/ERR15005510_1.fastq.gz	1497891297	1788921433	
reads/ERR15005510_2.fastq.gz	1613981198	1788921434	
reads/ERR15005511_1.fastq.gz	2090473713	1788919436	
reads/ERR15005511_2.fastq.gz	2260285010	1788919436	
reads/ERR15005512_1.fastq.gz	1690927783	1788916494	
reads/ERR15005512_2.fastq.gz	1831978971	1788916494	
reads/ERR15005513_1.fastq.gz	1102428288	1788915243	
reads/ERR15005513_2.fastq.gz	1198107359	1788915243	
reads/ERR15005514_1.fastq.gz	1657730979	1788915901	
reads/ERR15005514_2.fastq.gz	1795455324	1788915900	
reads/ERR15005515_1.fastq.gz	1776614256	1788917042	
reads/ERR15005515_2.fastq.gz	1904927173	1788917044	
reads/ERR15005516_1.fastq.gz	1864025529	1788905990	
reads/ERR15005516_2.fastq.gz	2004375142	1788905990	
reads/ERR15005517_1.fastq.gz	1778473244	1788911010	
reads/ERR15005517_2.fastq.gz	1922499436	1788911010	
reads/ERR15005518_1.fastq.gz	1967458286	1788906515	
reads/ERR15005518_2.fastq.gz	2137875133	1788906515	
reads/ERR15005519_1.fastq.gz	1689197511	1788914701	
reads/ERR15005519_2.fastq.gz	1822947702	1788914702	
reads/ERR15005520_1.fastq.gz	1839664742	1788919825	
reads/ERR15005520_2.fastq.gz	1970821226	1788919825	
reads/ERR15005521_1.fastq.gz	1724578101	1788913788	
reads/ERR15005521_2.fastq.gz	1857183595	1788913788	
reads/ERR15005522_1.fastq.gz	1697680895	1788918292	
reads/ERR15005522_2.fastq.gz	1823367426	1788918291	
reads/ERR15005523_1.fastq.gz	1849345120	1788907382	
reads/ERR15005523_2.fastq.gz	1987313947	1788907382	
reads/ERR15005524_1.fastq.gz	2309846198	1788910583	
reads/ERR15005524_2.fastq.gz	2442935018	1788910586	
reads/ERR15005525_1.fastq.gz	1837808331	1788926328	
reads/ERR15005525_2.fastq.gz	1930641740	1788926328	
reads/ERR15005526_1.fastq.gz	2117996971	1788914776	
reads/ERR15005526_2.fastq.gz	2229982772	1788914776	
reads/ERR15005527_1.fastq.gz	1794276271	1788919910	
reads/ERR15005527_2.fastq.gz	1897307412	1788919911	
reads/ERR15005528_1.fastq.gz	2187340500	1788913725	
reads/ERR15005528_2.fastq.gz	2305503457	1788913722	
reads/ERR15005529_1.fastq.gz	2575876481	1788923086	
reads/ERR15005529_2.fastq.gz	2702497071	1788923084	
reads/ERR15005530_1.fastq.gz	2072744234	1788924073	
reads/ERR15005530_2.fastq.gz	2177610975	1788924071	
reads/ERR15005531_1.fastq.gz	2100864932	1788925545	
reads/ERR15005531_2.fastq.gz	2213417710	1788925545	
reads/ERR15005532_1.fastq.gz	2230696993	1788914530	
reads/ERR15005532_2.fastq.gz	2370038337	1788914530	
reads/ERR15005533_1.fastq.gz	1988693963	1788922142	
reads/ERR15005533_2.fastq.gz	2105113612	1788922142	
reads/ERR15005534_1.fastq.gz	2224061008	1788925487	
reads/ERR15005534_2.fastq.gz	2384559274	1788925487	
reads/ERR15005535_1.fastq.gz	1987764651	1788928049	
reads/ERR15005535_2.fastq.gz	2102313292	1788928048	
reads/ERR15005537_1.fastq.gz	1710309231	1788907895	
reads/ERR15005537_2.fastq.gz	1833202516	1788907895	
reads/ERR15005538_1.fastq.gz	2071169061	1788917693	
reads/ERR15005538_2.fastq.gz	2224752484	1788917693	
reads/ERR15005539_1.fastq.gz	2187184509	1788924932	
reads/ERR15005539_2.fastq.gz	2346116300	1788924931	
reads/ERR15005540_1.fastq.gz	1623009244	1788919772	
reads/ERR15005540_2.fastq.gz	1760897380	1788919773	
reads/ERR15005541_1.fastq.gz	1488587284	1788921514	
reads/ERR15005541_2.fastq.gz	1602903151	1788921514	
reads/ERR15005542_1.fastq.gz	2361571104	1788918877	
reads/ERR15005542_2.fastq.gz	2512169177	1788918879	
reads/ERR15005543_1.fastq.gz	1880816805	1788926460	
reads/ERR15005543_2.fastq.gz	2020666023	1788926459	
reads/ERR1607729_1.fastq.gz	2717165375	1788899053	
reads/ERR1607729_2.fastq.gz	2795097852	1788899053	
reads/ERR1607730_1.fastq.gz	2865710738	1788884966	
reads/ERR1607730_2.fastq.gz	2915130145	1788884966	
reads/ERR1607731_1.fastq.gz	1473179020	1788900965	
reads/ERR1607731_2.fastq.gz	1540208315	1788900965	
reads/ERR1607732_1.fastq.gz	2840718809	1788896852	
reads/ERR1607732_2.fastq.gz	2894977779	1788896852	
reads/ERR1607733_1.fastq.gz	2575203886	1788893442	
reads/ERR1607733_2.fastq.gz	2625510287	1788893442	
reads/ERR1607734_1.fastq.gz	2762486823	1788903378	
reads/ERR1607734_2.fastq.gz	2834452155	1788903379	
reads/ERR1607735_1.fastq.gz	1135446677	1788892864	
reads/ERR1607735_2.fastq.gz	1166694401	1788892863	
reads/ERR1607736_1.fastq.gz	1559838765	1788901057	
reads/ERR1607736_2.fastq.gz	1595844289	1788901056	
reads/ERR1607737_1.fastq.gz	1222443796	1788902749	
reads/ERR1607737_2.fastq.gz	1240868069	1788902749	
reads/ERR1607738_1.fastq.gz	1398677735	1788894897	
reads/ERR1607738_2.fastq.gz	1424485498	1788894897	
reads/ERR1607739_1.fastq.gz	1090380127	1788898683	
reads/ERR1607739_2.fastq.gz	1118492678	1788898683	
reads/ERR1607742_1.fastq.gz	2864233594	1788890934	
reads/ERR1607742_2.fastq.gz	2897491431	1788890933	
reads/ERR1607743_1.fastq.gz	2450043166	1788892244	
reads/ERR1607743_2.fastq.gz	2500569298	1788892244	
reads/ERR1607744_1.fastq.gz	1973024993	1788896650	
reads/ERR1607744_2.fastq.gz	2025644865	1788896650	
reads/ERR1607746_1.fastq.gz	744375532	1788899692	
reads/ERR1607746_2.fastq.gz	752308940	1788899692	
reads/ERR1607747_1.fastq.gz	1141317755	1788894051	
reads/ERR1607747_2.fastq.gz	1165631544	1788894051	
reads/ERR1607748_1.fastq.gz	1124724932	1788900046	
reads/ERR1607748_2.fastq.gz	1151034185	1788900046	
reads/ERR1607749_1.fastq.gz	1383786604	1788885685	
reads/ERR1607749_2.fastq.gz	1420268963	1788885686	
reads/ERR1607750_1.fastq.gz	1414543029	1788885001	
reads/ERR1607750_2.fastq.gz	1449680601	1788885001	
reads/ERR1607752_1.fastq.gz	2496052332	1788904318	
reads/ERR1607752_2.fastq.gz	2486320626	1788904319	
reads/ERR1607753_1.fastq.gz	2102789741	1788902679	
reads/ERR1607753_2.fastq.gz	2096807433	1788902679	
reads/ERR1607754_1.fastq.gz	2055765300	1788885496	
reads/ERR1607754_2.fastq.gz	2036471933	1788885496	
reads/ERR1607755_1.fastq.gz	1818249153	1788845990	
reads/ERR1607755_2.fastq.gz	1813385261	1788845990	
reads/ERR1607756_1.fastq.gz	1930643831	1788884196	
reads/ERR1607756_2.fastq.gz	1926371990	1788884196	
reads/ERR1607757_1.fastq.gz	1679404383	1788885927	
reads/ERR1607757_2.fastq.gz	1677450843	1788885927	
reads/ERR1607758_1.fastq.gz	2038016865	1788846016	
reads/ERR1607758_2.fastq.gz	2013241637	1788846016	
reads/ERR1607759_1.fastq.gz	2387878694	1788901496	
reads/ERR1607759_2.fastq.gz	2365819746	1788901496	
reads/ERR1607760_1.fastq.gz	1922380223	1788887621	
reads/ERR1607760_2.fastq.gz	1924781966	1788887621	
reads/ERR1607761_1.fastq.gz	1817985087	1788889059	
reads/ERR1607761_2.fastq.gz	1811361695	1788889059	
reads/ERR1607762_1.fastq.gz	1672260635	1788888628	
reads/ERR1607762_2.fastq.gz	1663591266	1788888628	
reads/ERR1607763_1.fastq.gz	1602395577	1788896868	
reads/ERR1607763_2.fastq.gz	1587475593	1788896867	
reads/ERR1607764_1.fastq.gz	1791989107	1788895144	
reads/ERR1607764_2.fastq.gz	1780039696	1788895143	
reads/ERR1607765_1.fastq.gz	1506478206	1788890017	
reads/ERR1607765_2.fastq.gz	1573531406	1788890016	
reads/ERR1607766_1.fastq.gz	1247017415	1788887024	
reads/ERR1607766_2.fastq.gz	1228366778	1788887024	
reads/ERR1607767_1.fastq.gz	1313885305	1788883535	
reads/ERR1607767_2.fastq.gz	1268168647	1788883535	
reads/ERR1607768_1.fastq.gz	1208203100	1788884447	
reads/ERR1607768_2.fastq.gz	1264886004	1788884448	
reads/ERR1607769_1.fastq.gz	1707004062	1788897625	
reads/ERR1607769_2.fastq.gz	1690866969	1788897625	
reads/ERR1607770_1.fastq.gz	1228395855	1788883637	
reads/ERR1607770_2.fastq.gz	1194392595	1788883637	
reads/ERR1607771_1.fastq.gz	1689463478	1788893161	
reads/ERR1607771_2.fastq.gz	1771562173	1788893161	
reads/ERR1607772_1.fastq.gz	1667724910	1788897600	
reads/ERR1607772_2.fastq.gz	1734809897	1788897600	
reads/ERR1607773_1.fastq.gz	1668002569	1788891047	
reads/ERR1607773_2.fastq.gz	1744888074	1788891047	
reads/ERR1607774_1.fastq.gz	1839479222	1788890033	
reads/ERR1607774_2.fastq.gz	1917077576	1788890033	
reads/ERR1607775_1.fastq.gz	2448393649	1788901987	
reads/ERR1607775_2.fastq.gz	2555460867	1788901987	
reads/ERR1607776_1.fastq.gz	1624742559	1788900524	
reads/ERR1607776_2.fastq.gz	1625086877	1788900523	
reads/ERR1607777_1.fastq.gz	2121866485	1788900785	
reads/ERR1607777_2.fastq.gz	2217065302	1788900783	
reads/ERR1607778_1.fastq.gz	1991062467	1788898617	
reads/ERR1607778_2.fastq.gz	1979216507	1788898616	
reads/ERR1607779_1.fastq.gz	1675903892	1788888850	
reads/ERR1607779_2.fastq.gz	1742703932	1788888850	
reads/ERR1607780_1.fastq.gz	2805770475	1788889190	
reads/ERR1607780_2.fastq.gz	2825255250	1788889191	
reads/ERR1607781_1.fastq.gz	1851337619	1788892575	
reads/ERR1607781_2.fastq.gz	1858582427	1788892576	
reads/ERR1607782_1.fastq.gz	2401823098	1788885843	
reads/ERR1607782_2.fastq.gz	2417150991	1788885843	
reads/ERR1607783_1.fastq.gz	1103099624	1788889052	
reads/ERR1607783_2.fastq.gz	1100104076	1788889052	
reads/ERR1607784_1.fastq.gz	2029969548	1788900356	
reads/ERR1607784_2.fastq.gz	2036602023	1788900356	
reads/ERR1607785_1.fastq.gz	2005825603	1788899875	
reads/ERR1607785_2.fastq.gz	2002685279	1788899876	
reads/ERR1607790_1.fastq.gz	1812170623	1788894257	
reads/ERR1607790_2.fastq.gz	1921359519	1788894257	
reads/ERR1607792_1.fastq.gz	1617516755	1788901227	
reads/ERR1607792_2.fastq.gz	1771429228	1788901227	
reads/ERR1607793_1.fastq.gz	2586979390	1788842953	
reads/ERR1607793_2.fastq.gz	2585075987	1788842953	
reads/ERR1607794_1.fastq.gz	1054303184	1788883710	
reads/ERR1607794_2.fastq.gz	1143210287	1788883710	
reads/ERR1607795_1.fastq.gz	1701397281	1788889336	
reads/ERR1607795_2.fastq.gz	1852466045	1788889336	
reads/ERR1607796_1.fastq.gz	1254383469	1788901736	
reads/ERR1607796_2.fastq.gz	1354220756	1788901736	
reads/ERR1607797_1.fastq.gz	2435552510	1788904340	
reads/ERR1607797_2.fastq.gz	2441079026	1788904341	
reads/ERR1607798_1.fastq.gz	2640993221	1788901755	
reads/ERR1607798_2.fastq.gz	2858793409	1788901755	
reads/ERR1607799_1.fastq.gz	1586540805	1788887851	
reads/ERR1607799_2.fastq.gz	1708099162	1788887847	
reads/ERR1607800_1.fastq.gz	1760359697	1788899317	
reads/ERR1607800_2.fastq.gz	1896199458	1788899317	
reads/ERR1607801_1.fastq.gz	1496609277	1788894970	
reads/ERR1607801_2.fastq.gz	1613775922	1788894970	
reads/ERR1607802_1.fastq.gz	1123036830	1788894392	
reads/ERR1607802_2.fastq.gz	1211600957	1788894392	
reads/ERR1607803_1.fastq.gz	1199045184	1788894063	
reads/ERR1607803_2.fastq.gz	1302353284	1788894063	
reads/ERR1607804_1.fastq.gz	2168457721	1788895920	
reads/ERR1607804_2.fastq.gz	2338568954	1788895920	
reads/ERR1607805_1.fastq.gz	1748561932	1788895286	
reads/ERR1607805_2.fastq.gz	1883726074	1788895286	
reads/ERR1607806_1.fastq.gz	1463839601	1788895385	
reads/ERR1607806_2.fastq.gz	1578312105	1788895385	
reads/ERR1607807_1.fastq.gz	2110733826	1788894209	
reads/ERR1607807_2.fastq.gz	2257040845	1788894209	
reads/ERR1607808_1.fastq.gz	1246744132	1788897515	
reads/ERR1607808_2.fastq.gz	1337808375	1788897515	
reads/ERR1607809_1.fastq.gz	1497154696	1788899719	
reads/ERR1607809_2.fastq.gz	1632848503	1788899720	
reads/ERR1607810_1.fastq.gz	1946773034	1788891498	
reads/ERR1607810_2.fastq.gz	2098488689	1788891498	
reads/ERR1607811_1.fastq.gz	1685378149	1788898945	
reads/ERR1607811_2.fastq.gz	1822004466	1788898944	
reads/ERR1607812_1.fastq.gz	1812239005	1788887232	
reads/ERR1607812_2.fastq.gz	1943556556	1788887231	
reads/ERR1607813_1.fastq.gz	933784155	1788887010	
reads/ERR1607813_2.fastq.gz	1001379708	1788887010	
reads/ERR1607814_1.fastq.gz	2155343733	1788891093	
reads/ERR1607814_2.fastq.gz	2329922773	1788891093	
reads/ERR1607815_1.fastq.gz	1662959073	1788902899	
reads/ERR1607815_2.fastq.gz	1796143751	1788902899	
reads/ERR1607816_1.fastq.gz	1776075883	1788885869	
reads/ERR1607816_2.fastq.gz	1922646997	1788885870	
reads/ERR1607817_1.fastq.gz	979965098	1788898105	
reads/ERR1607817_2.fastq.gz	1076578876	1788898104	
reads/ERR1607818_1.fastq.gz	1686061237	1788895422	
reads/ERR1607818_2.fastq.gz	1825301251	1788895422	
reads/ERR1607819_1.fastq.gz	2093629095	1788887351	
reads/ERR1607819_2.fastq.gz	2258569772	1788887350	
reads/ERR1607820_1.fastq.gz	1828787142	1788902149	
reads/ERR1607820_2.fastq.gz	1970730229	1788902149	
reads/ERR1607821_1.fastq.gz	1584405633	1788887762	
reads/ERR1607821_2.fastq.gz	1721539364	1788887762	
reads/ERR1607822_1.fastq.gz	1551836179	1788886994	
reads/ERR1607822_2.fastq.gz	1674867727	1788886994	
reads/ERR1607823_1.fastq.gz	2549047448	1788890658	
reads/ERR1607823_2.fastq.gz	2543472060	1788890657	
reads/ERR1607824_1.fastq.gz	2009285102	1788889552	
reads/ERR1607824_2.fastq.gz	1995621559	1788889550	
reads/ERR1607825_1.fastq.gz	1255127772	1788886688	
reads/ERR1607825_2.fastq.gz	1339076888	1788886687	
reads/ERR1607826_1.fastq.gz	1348511355	1788896301	
reads/ERR1607826_2.fastq.gz	1460299220	1788896302	
reads/ERR1607828_1.fastq.gz	2783814006	1788893034	
reads/ERR1607828_2.fastq.gz	2783824619	1788893034	
reads/ERR1607829_1.fastq.gz	1627208721	1788903455	
reads/ERR1607829_2.fastq.gz	1746480768	1788903455	
reads/ERR1607830_1.fastq.gz	2727583100	1788898250	
reads/ERR1607830_2.fastq.gz	2729072147	1788898250	
reads/ERR1607831_1.fastq.gz	1605749467	1788886475	
reads/ERR1607831_2.fastq.gz	1612643844	1788886474	
reads/ERR1607833_1.fastq.gz	2734925408	1788889387	
reads/ERR1607833_2.fastq.gz	2730439767	1788889387	
reads/ERR1607834_1.fastq.gz	2559994867	1788903658	
reads/ERR1607834_2.fastq.gz	2588827163	1788903657	
reads/ERR1607838_1.fastq.gz	1670038691	1788884572	
reads/ERR1607838_2.fastq.gz	1814405840	1788884572	
reads/ERR1607839_1.fastq.gz	1149132544	1788902465	
reads/ERR1607839_2.fastq.gz	1252531752	1788902464	
reads/ERR1607841_1.fastq.gz	880084658	1788883909	
reads/ERR1607841_2.fastq.gz	955097386	1788883909	
reads/ERR1607842_1.fastq.gz	1328522348	1788896498	
reads/ERR1607842_2.fastq.gz	1447742622	1788896498	
reads/ERR1607843_1.fastq.gz	1138182597	1788887981	
reads/ERR1607843_2.fastq.gz	1240013958	1788887981	
reads/ERR1607844_1.fastq.gz	1032217706	1788897346	
reads/ERR1607844_2.fastq.gz	1126004437	1788897346	
reads/ERR1607845_1.fastq.gz	1394765892	1788884670	
reads/ERR1607845_2.fastq.gz	1521258290	1788884678	
reads/ERR1607846_1.fastq.gz	2621030779	1788884716	
reads/ERR1607846_2.fastq.gz	2865001445	1788884722	
reads/ERR1607848_1.fastq.gz	2380615163	1788883693	
reads/ERR1607848_2.fastq.gz	2402444622	1788883693	
reads/ERR1607849_1.fastq.gz	1763555189	1788891378	
reads/ERR1607849_2.fastq.gz	1775867355	1788891378	
reads/ERR1607851_1.fastq.gz	1980054862	1788892957	
reads/ERR1607851_2.fastq.gz	1977711763	1788892957	
reads/ERR1607852_1.fastq.gz	2124950420	1788887702	
reads/ERR1607852_2.fastq.gz	2128183112	1788887702	
reads/ERR1607853_1.fastq.gz	2066770247	1788903857	
reads/ERR1607853_2.fastq.gz	2072662418	1788903857	
reads/ERR1607854_1.fastq.gz	2087197710	1788900151	
reads/ERR1607854_2.fastq.gz	2089551070	1788900151	
reads/ERR1607856_1.fastq.gz	1635531692	1788896229	
reads/ERR1607856_2.fastq.gz	1638463986	1788896229	
reads/ERR1607859_1.fastq.gz	1384764163	1788891725	
reads/ERR1607859_2.fastq.gz	1390072567	1788891726	
reads/ERR1607861_1.fastq.gz	1955884486	1788897482	
reads/ERR1607861_2.fastq.gz	1951335295	1788897482	
reads/ERR1607862_1.fastq.gz	1016593179	1788898949	
reads/ERR1607862_2.fastq.gz	1016087777	1788898950	
reads/ERR1607863_1.fastq.gz	1544601028	1788892890	
reads/ERR1607863_2.fastq.gz	1533093777	1788892890	
reads/ERR1607864_1.fastq.gz	1898066372	1788898311	
reads/ERR1607864_2.fastq.gz	1904298588	1788898311	
reads/ERR1607865_1.fastq.gz	1659478802	1788904016	
reads/ERR1607865_2.fastq.gz	1670079801	1788904016	
reads/ERR2027121_1.fastq.gz	9560554183	1789486258	
reads/ERR2027121_2.fastq.gz	9389149761	1789486258	
reads/ERR2099114_1.fastq.gz	1714555683	1789183524	
reads/ERR2099114_2.fastq.gz	1648074059	1789183524	
reads/ERR2099115_1.fastq.gz	2094397062	1789183456	
reads/ERR2099115_2.fastq.gz	2004507656	1789183456	
reads/ERR2099116_1.fastq.gz	2067445044	1789182664	
reads/ERR2099116_2.fastq.gz	1980678692	1789182688	
reads/ERR2099120_1.fastq.gz	2464460291	1789183742	
reads/ERR2099120_2.fastq.gz	2512810422	1789183741	
reads/ERR2099121_1.fastq.gz	2314722421	1789182036	
reads/ERR2099121_2.fastq.gz	2359853180	1789182036	
reads/ERR2099122_1.fastq.gz	2106648437	1789182001	
reads/ERR2099122_2.fastq.gz	2071780879	1789182002	
reads/ERR2099123_1.fastq.gz	1786097453	1789182078	
reads/ERR2099123_2.fastq.gz	1750462096	1789182077	
reads/ERR2099149_1.fastq.gz	625653053	1789181935	
reads/ERR2099149_2.fastq.gz	644317912	1789181935	
reads/ERR2099150_1.fastq.gz	684081761	1789183096	
reads/ERR2099150_2.fastq.gz	714871897	1789183096	
reads/ERR2099151_1.fastq.gz	787329428	1789183287	
reads/ERR2099151_2.fastq.gz	812767963	1789183288	
reads/ERR2099152_1.fastq.gz	755490064	1789182646	
reads/ERR2099152_2.fastq.gz	776869352	1789182645	
reads/ERR2099153_1.fastq.gz	1252228696	1789183668	
reads/ERR2099153_2.fastq.gz	1209764761	1789183668	
reads/ERR3170179_1.fastq.gz	1847093643	1788855708	
reads/ERR3170179_2.fastq.gz	2056151674	1788855709	
reads/ERR3170180_1.fastq.gz	1755761832	1788854112	
reads/ERR3170180_2.fastq.gz	1926386446	1788854112	
reads/ERR3170181_1.fastq.gz	1825143139	1788874755	
reads/ERR3170181_2.fastq.gz	2017820151	1788874756	
reads/ERR3170182_1.fastq.gz	1738881462	1788881247	
reads/ERR3170182_2.fastq.gz	1935902079	1788881247	
reads/ERR3170183_1.fastq.gz	2269854756	1788867928	
reads/ERR3170183_2.fastq.gz	2535131290	1788867928	
reads/ERR3170184_1.fastq.gz	2042347925	1788878370	
reads/ERR3170184_2.fastq.gz	2245031262	1788878369	
reads/ERR3170185_1.fastq.gz	1995288350	1788865316	
reads/ERR3170185_2.fastq.gz	2209091204	1788865316	
reads/ERR3170186_1.fastq.gz	2176210604	1788879743	
reads/ERR3170186_2.fastq.gz	2429039095	1788879743	
reads/ERR3170187_1.fastq.gz	1740864790	1788866271	
reads/ERR3170187_2.fastq.gz	1954170411	1788866271	
reads/ERR3170188_1.fastq.gz	1828086848	1788857499	
reads/ERR3170188_2.fastq.gz	2057257236	1788857499	
reads/ERR3170189_1.fastq.gz	1696553181	1788878834	
reads/ERR3170189_2.fastq.gz	1879864006	1788878834	
reads/ERR3170190_1.fastq.gz	2039797247	1788863286	
reads/ERR3170190_2.fastq.gz	2271666948	1788863287	
reads/ERR3170191_1.fastq.gz	1905736433	1788880051	
reads/ERR3170191_2.fastq.gz	2162167725	1788880051	
reads/ERR3170192_1.fastq.gz	1714353160	1788870168	
reads/ERR3170192_2.fastq.gz	1877717663	1788870168	
reads/ERR3170193_1.fastq.gz	1685618697	1788867453	
reads/ERR3170193_2.fastq.gz	1846790934	1788867453	
reads/ERR3170194_1.fastq.gz	2043771627	1788876615	
reads/ERR3170194_2.fastq.gz	2280702964	1788876615	
reads/ERR3170195_1.fastq.gz	1875673126	1788856186	
reads/ERR3170195_2.fastq.gz	2055090717	1788856186	
reads/ERR3170196_1.fastq.gz	2000185854	1788869660	
reads/ERR3170196_2.fastq.gz	2192954776	1788869659	
reads/ERR3170197_1.fastq.gz	1539104560	1788860357	
reads/ERR3170197_2.fastq.gz	1711236352	1788860357	
reads/ERR3170198_1.fastq.gz	2165862113	1788865273	
reads/ERR3170198_2.fastq.gz	2421575161	1788865274	
reads/ERR3170199_1.fastq.gz	1842122622	1788861359	
reads/ERR3170199_2.fastq.gz	2050498254	1788861359	
reads/ERR3170200_1.fastq.gz	1588753269	1788878633	
reads/ERR3170200_2.fastq.gz	1755731081	1788878632	
reads/ERR3170201_1.fastq.gz	1777332697	1788872316	
reads/ERR3170201_2.fastq.gz	1954135965	1788872316	
reads/ERR3170202_1.fastq.gz	1504706970	1788871680	
reads/ERR3170202_2.fastq.gz	1654606990	1788871681	
reads/ERR3170203_1.fastq.gz	1626334082	1788851319	
reads/ERR3170203_2.fastq.gz	1794640290	1788851319	
reads/ERR3170204_1.fastq.gz	1972288041	1788867354	
reads/ERR3170204_2.fastq.gz	2167628770	1788867354	
reads/ERR3170205_1.fastq.gz	1595993753	1788852912	
reads/ERR3170205_2.fastq.gz	1755110950	1788852913	
reads/ERR3170206_1.fastq.gz	1573523413	1788880069	
reads/ERR3170206_2.fastq.gz	1730852210	1788880070	
reads/ERR3170207_1.fastq.gz	2214820835	1788867530	
reads/ERR3170207_2.fastq.gz	2470932948	1788867531	
reads/ERR3170208_1.fastq.gz	1922644377	1788883157	
reads/ERR3170208_2.fastq.gz	2150947930	1788883156	
reads/ERR3170209_1.fastq.gz	1615834461	1788857326	
reads/ERR3170209_2.fastq.gz	1827932225	1788857326	
reads/ERR3170210_1.fastq.gz	1799328422	1788869848	
reads/ERR3170210_2.fastq.gz	2039005572	1788869848	
reads/ERR3170211_1.fastq.gz	1948359598	1788873086	
reads/ERR3170211_2.fastq.gz	2173380502	1788873087	
reads/ERR3170212_1.fastq.gz	1630572472	1788863028	
reads/ERR3170212_2.fastq.gz	1825508316	1788863028	
reads/ERR3170213_1.fastq.gz	1602523370	1788869384	
reads/ERR3170213_2.fastq.gz	1804336380	1788869383	
reads/ERR3170214_1.fastq.gz	1509743430	1788864021	
reads/ERR3170214_2.fastq.gz	1689849265	1788864021	
reads/ERR3170215_1.fastq.gz	1753498206	1788880513	
reads/ERR3170215_2.fastq.gz	1966673816	1788880514	
reads/ERR3170216_1.fastq.gz	1912075502	1788879060	
reads/ERR3170216_2.fastq.gz	2147002418	1788879060	
reads/ERR3170217_1.fastq.gz	1765836926	1788875194	
reads/ERR3170217_2.fastq.gz	1991072695	1788875195	
reads/ERR3170218_1.fastq.gz	1799185460	1788882918	
reads/ERR3170218_2.fastq.gz	1994102528	1788882918	
reads/ERR3170219_1.fastq.gz	1487098441	1788864703	
reads/ERR3170219_2.fastq.gz	1659841176	1788864703	
reads/ERR3170220_1.fastq.gz	1936040557	1788871753	
reads/ERR3170220_2.fastq.gz	2183268027	1788871753	
reads/ERR3170221_1.fastq.gz	1931801903	1788880431	
reads/ERR3170221_2.fastq.gz	2143260237	1788880431	
reads/ERR3170222_1.fastq.gz	2108953888	1788869260	
reads/ERR3170222_2.fastq.gz	2352277566	1788869264	
reads/ERR3170223_1.fastq.gz	1657885678	1788878332	
reads/ERR3170223_2.fastq.gz	1801409764	1788878332	
reads/ERR3170224_1.fastq.gz	1770479860	1788858277	
reads/ERR3170224_2.fastq.gz	1926830396	1788858278	
reads/ERR3170225_1.fastq.gz	1730229497	1788869711	
reads/ERR3170225_2.fastq.gz	1870274923	1788869711	
reads/ERR3170226_1.fastq.gz	1515707133	1788871990	
reads/ERR3170226_2.fastq.gz	1641065308	1788871991	
reads/ERR3170227_1.fastq.gz	1699366653	1788870023	
reads/ERR3170227_2.fastq.gz	1831866117	1788870023	
reads/ERR3170228_1.fastq.gz	2169717187	1788880298	
reads/ERR3170228_2.fastq.gz	2356266649	1788880299	
reads/ERR3170229_1.fastq.gz	2051659839	1788757137	
reads/ERR3170229_2.fastq.gz	2327879579	1788757137	
reads/ERR3170230_1.fastq.gz	1695852235	1788871674	
reads/ERR3170230_2.fastq.gz	1898587709	1788871673	
reads/ERR3170231_1.fastq.gz	1585772703	1788873013	
reads/ERR3170231_2.fastq.gz	1766036995	1788873012	
reads/ERR3170232_1.fastq.gz	1631258389	1788872344	
reads/ERR3170232_2.fastq.gz	1827424603	1788872343	
reads/ERR3170233_1.fastq.gz	1830355260	1788851322	
reads/ERR3170233_2.fastq.gz	2034618897	1788851324	
reads/ERR3170234_1.fastq.gz	1948765387	1788757130	
reads/ERR3170234_2.fastq.gz	2194376464	1788757131	
reads/ERR3170235_1.fastq.gz	1898489956	1788871581	
reads/ERR3170235_2.fastq.gz	1926852360	1788871581	
reads/ERR3170236_1.fastq.gz	2061370895	1788873295	
reads/ERR3170236_2.fastq.gz	2065119019	1788873295	
reads/ERR3170237_1.fastq.gz	2157156361	1788864541	
reads/ERR3170237_2.fastq.gz	2163851621	1788864541	
reads/ERR3170238_1.fastq.gz	2410197489	1788877373	
reads/ERR3170238_2.fastq.gz	2420852250	1788877374	
reads/ERR3170239_1.fastq.gz	2284688807	1788859729	
reads/ERR3170239_2.fastq.gz	2290419176	1788859729	
reads/ERR3170240_1.fastq.gz	1744367327	1788876990	
reads/ERR3170240_2.fastq.gz	1709376605	1788876991	
reads/ERR3170241_1.fastq.gz	1449894385	1788852977	
reads/ERR3170241_2.fastq.gz	1439703471	1788852976	
reads/ERR3170242_1.fastq.gz	1579730779	1788854931	
reads/ERR3170242_2.fastq.gz	1565319791	1788854931	
reads/ERR3170243_1.fastq.gz	1459069817	1788876022	
reads/ERR3170243_2.fastq.gz	1450663809	1788876021	
reads/ERR3170244_1.fastq.gz	1821917983	1788854147	
reads/ERR3170244_2.fastq.gz	1809844556	1788854147	
reads/ERR3170245_1.fastq.gz	2096540126	1788881797	
reads/ERR3170245_2.fastq.gz	2088106097	1788881797	
reads/ERR3170246_1.fastq.gz	1459525483	1788851240	
reads/ERR3170246_2.fastq.gz	1454146359	1788851224	
reads/ERR3170247_1.fastq.gz	1912389638	1788881582	
reads/ERR3170247_2.fastq.gz	1901995190	1788881582	
reads/ERR3170248_1.fastq.gz	1770104181	1788757055	
reads/ERR3170248_2.fastq.gz	1758583042	1788757054	
reads/ERR3170249_1.fastq.gz	1520726032	1788879128	
reads/ERR3170249_2.fastq.gz	1517051591	1788879128	
reads/ERR3170250_1.fastq.gz	1621426460	1788882373	
reads/ERR3170250_2.fastq.gz	1615222478	1788882373	
reads/ERR3170251_1.fastq.gz	1965092326	1788856052	
reads/ERR3170251_2.fastq.gz	1951903435	1788856052	
reads/ERR3170252_1.fastq.gz	1788404864	1788860716	
reads/ERR3170252_2.fastq.gz	1780174223	1788860717	
reads/ERR3170253_1.fastq.gz	1167968103	1788883247	
reads/ERR3170253_2.fastq.gz	1161790977	1788883246	
reads/ERR3170254_1.fastq.gz	2111500235	1788876824	
reads/ERR3170254_2.fastq.gz	2101064744	1788876824	
reads/ERR3170255_1.fastq.gz	1834968429	1788853462	
reads/ERR3170255_2.fastq.gz	1828909311	1788853462	
reads/ERR3170256_1.fastq.gz	2033366063	1788757128	
reads/ERR3170256_2.fastq.gz	2016456143	1788757128	
reads/ERR3170257_1.fastq.gz	1502404646	1788875337	
reads/ERR3170257_2.fastq.gz	1494862824	1788875337	
reads/ERR3170258_1.fastq.gz	2283480665	1788866376	
reads/ERR3170258_2.fastq.gz	2265852901	1788866375	
reads/ERR3170259_1.fastq.gz	2110581833	1788882229	
reads/ERR3170259_2.fastq.gz	2085698900	1788882229	
reads/ERR3170260_1.fastq.gz	1810086295	1788882265	
reads/ERR3170260_2.fastq.gz	1776114999	1788882265	
reads/ERR3170261_1.fastq.gz	2167449139	1788851378	
reads/ERR3170261_2.fastq.gz	2126035672	1788851381	
reads/ERR3170262_1.fastq.gz	2185716514	1788873653	
reads/ERR3170262_2.fastq.gz	2146161237	1788873652	
reads/ERR3170263_1.fastq.gz	2041461486	1788870736	
reads/ERR3170263_2.fastq.gz	2005967708	1788870736	
reads/ERR3170264_1.fastq.gz	2489959742	1788855637	
reads/ERR3170264_2.fastq.gz	2442986047	1788855635	
reads/ERR3170265_1.fastq.gz	2983058793	1788861116	
reads/ERR3170265_2.fastq.gz	2928324415	1788861118	
reads/ERR3170266_1.fastq.gz	1521922055	1788874929	
reads/ERR3170266_2.fastq.gz	1493453449	1788874929	
reads/ERR3170267_1.fastq.gz	1572643802	1788876503	
reads/ERR3170267_2.fastq.gz	1544099585	1788876502	
reads/ERR3170268_1.fastq.gz	1631811005	1788873712	
reads/ERR3170268_2.fastq.gz	1606810193	1788873712	
reads/ERR3170269_1.fastq.gz	1842977357	1788874056	
reads/ERR3170269_2.fastq.gz	1820953932	1788874055	
reads/ERR3170272_1.fastq.gz	1971202080	1788853177	
reads/ERR3170272_2.fastq.gz	1886364178	1788853177	
reads/ERR3170273_1.fastq.gz	1784407955	1788871793	
reads/ERR3170273_2.fastq.gz	1706056558	1788871793	
reads/ERR3170274_1.fastq.gz	1910094245	1788859367	
reads/ERR3170274_2.fastq.gz	1828255949	1788859366	
reads/ERR3170275_1.fastq.gz	2627494356	1788859125	
reads/ERR3170275_2.fastq.gz	2515603229	1788859124	
reads/ERR3170276_1.fastq.gz	1657035728	1788874128	
reads/ERR3170276_2.fastq.gz	1595250543	1788874128	
reads/ERR3170277_1.fastq.gz	2130954604	1788854105	
reads/ERR3170277_2.fastq.gz	2147705729	1788854105	
reads/ERR3170278_1.fastq.gz	3426787462	1788851446	
reads/ERR3170278_2.fastq.gz	3400294145	1788851447	
reads/ERR3170279_1.fastq.gz	1563192016	1788871059	
reads/ERR3170279_2.fastq.gz	1701217897	1788871059	
reads/ERR3188431_1.fastq.gz	1723617908	1788876601	
reads/ERR3188431_2.fastq.gz	1946135902	1788876601	
reads/ERR3188432_1.fastq.gz	2193058872	1788853285	
reads/ERR3188432_2.fastq.gz	2309587517	1788853285	
reads/ERR3188433_1.fastq.gz	1763040684	1788865668	
reads/ERR3188433_2.fastq.gz	1959757769	1788865667	
reads/ERR3188434_1.fastq.gz	1907814004	1788854640	
reads/ERR3188434_2.fastq.gz	1992994850	1788854640	
reads/ERR3188435_1.fastq.gz	1705912875	1788865625	
reads/ERR3188435_2.fastq.gz	1898557697	1788865625	
reads/ERR3188436_1.fastq.gz	2094967420	1788855035	
reads/ERR3188436_2.fastq.gz	2206122075	1788855036	
reads/ERR3188437_1.fastq.gz	1888208967	1788862154	
reads/ERR3188437_2.fastq.gz	1969729788	1788862154	
reads/ERR3188438_1.fastq.gz	2241316509	1788873645	
reads/ERR3188438_2.fastq.gz	2353046832	1788873645	
reads/ERR3188439_1.fastq.gz	1810519983	1788861623	
reads/ERR3188439_2.fastq.gz	1898436481	1788861623	
reads/ERR3188440_1.fastq.gz	1866463298	1788853069	
reads/ERR3188440_2.fastq.gz	1938362101	1788853069	
reads/ERR3188441_1.fastq.gz	1867419947	1788862475	
reads/ERR3188441_2.fastq.gz	2092087743	1788862475	
reads/ERR3188442_1.fastq.gz	1865137041	1788856757	
reads/ERR3188442_2.fastq.gz	1953604294	1788856757	
reads/ERR3188443_1.fastq.gz	2057623030	1788757130	
reads/ERR3188443_2.fastq.gz	2176588575	1788757130	
reads/ERR3188444_1.fastq.gz	1930496908	1788859688	
reads/ERR3188444_2.fastq.gz	2044188061	1788859687	
reads/ERR3188445_1.fastq.gz	1879956959	1788861144	
reads/ERR3188445_2.fastq.gz	1953492895	1788861144	
reads/ERR3188446_1.fastq.gz	2203621306	1788875185	
reads/ERR3188446_2.fastq.gz	2299780675	1788875186	
reads/ERR3188447_1.fastq.gz	1746705937	1788874850	
reads/ERR3188447_2.fastq.gz	1826710767	1788874850	
reads/ERR3188448_1.fastq.gz	1697975126	1788882294	
reads/ERR3188448_2.fastq.gz	1796778867	1788882295	
reads/ERR3188449_1.fastq.gz	1706141235	1788878349	
reads/ERR3188449_2.fastq.gz	1791348418	1788878349	
reads/ERR3188450_1.fastq.gz	2143473466	1788864132	
reads/ERR3188450_2.fastq.gz	2247397166	1788864132	
reads/ERR3188451_1.fastq.gz	2037401363	1788857622	
reads/ERR3188451_2.fastq.gz	2128565470	1788857623	
reads/ERR3188452_1.fastq.gz	1692757207	1788858629	
reads/ERR3188452_2.fastq.gz	1760757488	1788858628	
reads/ERR3188453_1.fastq.gz	1566809152	1788863456	
reads/ERR3188453_2.fastq.gz	1764369383	1788863456	
reads/ERR3188454_1.fastq.gz	1720947179	1788868047	
reads/ERR3188454_2.fastq.gz	1809851297	1788868047	
reads/ERR3188455_1.fastq.gz	1893088347	1788854575	
reads/ERR3188455_2.fastq.gz	1981593000	1788854575	
reads/ERR3188456_1.fastq.gz	1910282493	1788881853	
reads/ERR3188456_2.fastq.gz	2005566556	1788881854	
reads/ERR3188457_1.fastq.gz	1993771311	1788875866	
reads/ERR3188457_2.fastq.gz	2082266004	1788875867	
reads/ERR3188458_1.fastq.gz	2084822944	1788880407	
reads/ERR3188458_2.fastq.gz	2178143084	1788880406	
reads/ERR3188459_1.fastq.gz	2044809415	1788877697	
reads/ERR3188459_2.fastq.gz	2152247482	1788877697	
reads/ERR3188460_1.fastq.gz	1846193760	1788859469	
reads/ERR3188460_2.fastq.gz	1941682764	1788859470	
reads/ERR3188461_1.fastq.gz	1954215247	1788855507	
reads/ERR3188461_2.fastq.gz	2038379484	1788855507	
reads/ERR3188462_1.fastq.gz	1944430711	1788851325	
reads/ERR3188462_2.fastq.gz	2038562090	1788851325	
reads/ERR3188463_1.fastq.gz	2056523829	1788863249	
reads/ERR3188463_2.fastq.gz	2154755132	1788863249	
reads/ERR3188464_1.fastq.gz	1560145447	1788852484	
reads/ERR3188464_2.fastq.gz	1756004791	1788852484	
reads/ERR3188465_1.fastq.gz	1963111053	1788858784	
reads/ERR3188465_2.fastq.gz	2203838838	1788858784	
reads/ERR3188466_1.fastq.gz	1945059992	1788868725	
reads/ERR3188466_2.fastq.gz	2082134080	1788868725	
reads/ERR3188467_1.fastq.gz	1836853100	1788862189	
reads/ERR3188467_2.fastq.gz	1899180781	1788862189	
reads/ERR3188468_1.fastq.gz	2300378768	1788860179	
reads/ERR3188468_2.fastq.gz	2435175056	1788860179	
reads/ERR3188469_1.fastq.gz	1903326760	1788857543	
reads/ERR3188469_2.fastq.gz	2000812205	1788857543	
reads/ERR3188470_1.fastq.gz	1706628071	1788861453	
reads/ERR3188470_2.fastq.gz	1805561004	1788861452	
reads/ERR3188471_1.fastq.gz	1681780807	1788937691	
reads/ERR3188471_2.fastq.gz	1906482866	1788937691	
reads/ERR3188472_1.fastq.gz	1933822661	1788877129	
reads/ERR3188472_2.fastq.gz	2032653455	1788877130	
reads/ERR3188473_1.fastq.gz	2158444670	1788865373	
reads/ERR3188473_2.fastq.gz	2258871164	1788865373	
reads/ERR3188474_1.fastq.gz	2171928931	1788867420	
reads/ERR3188474_2.fastq.gz	2302046670	1788867420	
reads/ERR3188475_1.fastq.gz	1644693985	1788851300	
reads/ERR3188475_2.fastq.gz	1713640685	1788851256	
reads/ERR3188476_1.fastq.gz	1713216533	1788851321	
reads/ERR3188476_2.fastq.gz	1782889861	1788851322	
reads/ERR3188477_1.fastq.gz	2207871053	1788866260	
reads/ERR3188477_2.fastq.gz	2544237932	1788866260	
reads/ERR3188478_1.fastq.gz	1691353988	1788867971	
reads/ERR3188478_2.fastq.gz	1923302262	1788867971	
reads/ERR3188479_1.fastq.gz	2062438571	1788856562	
reads/ERR3188479_2.fastq.gz	2323869199	1788856562	
reads/ERR3188480_1.fastq.gz	1954890683	1788857586	
reads/ERR3188480_2.fastq.gz	2196236806	1788857586	
reads/ERR3188481_1.fastq.gz	1784898966	1788863479	
reads/ERR3188481_2.fastq.gz	1997485093	1788863479	
reads/ERR3188482_1.fastq.gz	1458036015	1788877754	
reads/ERR3188482_2.fastq.gz	1439726060	1788877754	
reads/ERR3188483_1.fastq.gz	2164944063	1788875394	
reads/ERR3188483_2.fastq.gz	2141747861	1788875394	
reads/ERR3383632_1.fastq.gz	2013503158	1789070991	
reads/ERR3383632_2.fastq.gz	2201777341	1789070991	
reads/ERR3383633_1.fastq.gz	1938176500	1789071003	
reads/ERR3383633_2.fastq.gz	2115566488	1789071003	
reads/ERR3383634_1.fastq.gz	2415562852	1789068621	
reads/ERR3383634_2.fastq.gz	2628096850	1789068620	
reads/ERR3383635_1.fastq.gz	3116449569	1789070872	
reads/ERR3383635_2.fastq.gz	3402620870	1789070872	
reads/ERR3383636_1.fastq.gz	1883418255	1789069544	
reads/ERR3383636_2.fastq.gz	2056653435	1789069545	
reads/ERR3383637_1.fastq.gz	2331599280	1789069995	
reads/ERR3383637_2.fastq.gz	2545274851	1789069994	
reads/ERR3383638_1.fastq.gz	2620907926	1789069704	
reads/ERR3383638_2.fastq.gz	2856691381	1789069705	
reads/ERR3383639_1.fastq.gz	2591359725	1789068447	
reads/ERR3383639_2.fastq.gz	2886486737	1789068447	
reads/ERR3383640_1.fastq.gz	1946199566	1789068796	
reads/ERR3383640_2.fastq.gz	2115756899	1789068798	
reads/ERR3383641_1.fastq.gz	2184932355	1789069371	
reads/ERR3383641_2.fastq.gz	2400940505	1789069370	
reads/ERR3383642_1.fastq.gz	2180980759	1789069555	
reads/ERR3383642_2.fastq.gz	2387053827	1789069555	
reads/ERR3500503_1.fastq.gz	4742353034	1789293351	
reads/ERR3500503_2.fastq.gz	4814854661	1789293351	
reads/ERR3500504_1.fastq.gz	4673538368	1789291304	
reads/ERR3500504_2.fastq.gz	4759677466	1789291305	
reads/ERR3500505_1.fastq.gz	4926543255	1789291297	
reads/ERR3500505_2.fastq.gz	4991506942	1789291296	
reads/ERR3500506_1.fastq.gz	4794415048	1789291222	
reads/ERR3500506_2.fastq.gz	4880630631	1789291223	
reads/ERR3500507_1.fastq.gz	4542046835	1789295690	
reads/ERR3500507_2.fastq.gz	4595964012	1789295690	
reads/ERR3500508_1.fastq.gz	4435556419	1789293675	
reads/ERR3500508_2.fastq.gz	4501314910	1789293676	
reads/ERR3500509_1.fastq.gz	4602350085	1789293688	
reads/ERR3500509_2.fastq.gz	4635660761	1789293687	
reads/ERR3500510_1.fastq.gz	4482499070	1789293604	
reads/ERR3500510_2.fastq.gz	4545724435	1789293603	
reads/ERR3500511_1.fastq.gz	3983931723	1789288793	
reads/ERR3500511_2.fastq.gz	4064328642	1789288794	
reads/ERR3500512_1.fastq.gz	3845564028	1789106108	
reads/ERR3500512_2.fastq.gz	3928502254	1789106108	
reads/ERR3500513_1.fastq.gz	4028581863	1789288782	
reads/ERR3500513_2.fastq.gz	4110021011	1789288782	
reads/ERR3500514_1.fastq.gz	3953796187	1789288774	
reads/ERR3500514_2.fastq.gz	4043025568	1789288775	
reads/ERR3500515_1.fastq.gz	4025459300	1789293539	
reads/ERR3500515_2.fastq.gz	4070059561	1789293538	
reads/ERR3500516_1.fastq.gz	3955224798	1789293501	
reads/ERR3500516_2.fastq.gz	4019507638	1789367717	
reads/ERR3500517_1.fastq.gz	4188039750	1789293545	
reads/ERR3500517_2.fastq.gz	4221784368	1789293544	
reads/ERR3500518_1.fastq.gz	4060072605	1789293577	
reads/ERR3500518_2.fastq.gz	4111905002	1789293577	
reads/ERR3500519_1.fastq.gz	3831390814	1789298200	
reads/ERR3500519_2.fastq.gz	3920999667	1789298201	
reads/ERR3500520_1.fastq.gz	3709458764	1789211913	
reads/ERR3500520_2.fastq.gz	3792899553	1789211914	
reads/ERR3500521_1.fastq.gz	3888915687	1789298171	
reads/ERR3500521_2.fastq.gz	3978512807	1789298171	
reads/ERR3500522_1.fastq.gz	3811212764	1789212118	
reads/ERR3500522_2.fastq.gz	3906902300	1789212117	
reads/ERR3500523_1.fastq.gz	4502043332	1789295887	
reads/ERR3500523_2.fastq.gz	4572308785	1789295887	
reads/ERR3500524_1.fastq.gz	4355888857	1789295970	
reads/ERR3500524_2.fastq.gz	4425922498	1789295969	
reads/ERR3500525_1.fastq.gz	4565258343	1789295967	
reads/ERR3500525_2.fastq.gz	4613992466	1789295966	
reads/ERR3500526_1.fastq.gz	4465953852	1789295890	
reads/ERR3500526_2.fastq.gz	4542003750	1789295890	
reads/ERR3500527_1.fastq.gz	4181953981	1789290963	
reads/ERR3500527_2.fastq.gz	4235344349	1789290963	
reads/ERR3500528_1.fastq.gz	4138165714	1789288802	
reads/ERR3500528_2.fastq.gz	4203949215	1789288802	
reads/ERR3500529_1.fastq.gz	4368505696	1789288866	
reads/ERR3500529_2.fastq.gz	4412747272	1789288867	
reads/ERR3500530_1.fastq.gz	4254517753	1789288884	
reads/ERR3500530_2.fastq.gz	4316194340	1789288884	
reads/ERR3500531_1.fastq.gz	4785589019	1789291209	
reads/ERR3500531_2.fastq.gz	4859931858	1789291210	
reads/ERR3500532_1.fastq.gz	4648664088	1789291214	
reads/ERR3500532_2.fastq.gz	4734439024	1789291214	
reads/ERR3500533_1.fastq.gz	4842736261	1789291110	
reads/ERR3500533_2.fastq.gz	4893887500	1789291111	
reads/ERR3500534_1.fastq.gz	4702945150	1789291207	
reads/ERR3500534_2.fastq.gz	4784590902	1789291207	
reads/ERR3500535_1.fastq.gz	4343204625	1789296045	
reads/ERR3500535_2.fastq.gz	4389914827	1789296045	
reads/ERR3500536_1.fastq.gz	4225819688	1789296019	
reads/ERR3500536_2.fastq.gz	4278811788	1789296020	
reads/ERR3500537_1.fastq.gz	4395113985	1789298036	
reads/ERR3500537_2.fastq.gz	4425377722	1789298036	
reads/ERR3500538_1.fastq.gz	4328457786	1789297627	
reads/ERR3500538_2.fastq.gz	4386058375	1789297627	
reads/ERR3500539_1.fastq.gz	4531414242	1789286449	
reads/ERR3500539_2.fastq.gz	4584075538	1789286449	
reads/ERR3500540_1.fastq.gz	4426871819	1789286428	
reads/ERR3500540_2.fastq.gz	4491256045	1789286428	
reads/ERR3500541_1.fastq.gz	4605597354	1789286457	
reads/ERR3500541_2.fastq.gz	4638311561	1789286456	
reads/ERR3500542_1.fastq.gz	4471344353	1789286495	
reads/ERR3500542_2.fastq.gz	4533398361	1789286495	
reads/ERR3500543_1.fastq.gz	1449616242	1789102482	
reads/ERR3500543_2.fastq.gz	1464002800	1789102482	
reads/ERR3500544_1.fastq.gz	1404615987	1789101469	
reads/ERR3500544_2.fastq.gz	1420873446	1789101469	
reads/ERR3500545_1.fastq.gz	1469695496	1789100997	
reads/ERR3500545_2.fastq.gz	1478677821	1789100998	
reads/ERR3500546_1.fastq.gz	1440386503	1789102617	
reads/ERR3500546_2.fastq.gz	1458292851	1789102617	
reads/ERR3500547_1.fastq.gz	1590660888	1789102411	
reads/ERR3500547_2.fastq.gz	1612887752	1789102411	
reads/ERR3500548_1.fastq.gz	1544687998	1789102579	
reads/ERR3500548_2.fastq.gz	1568034632	1789102579	
reads/ERR3500549_1.fastq.gz	1611962786	1789104023	
reads/ERR3500549_2.fastq.gz	1627522484	1789104022	
reads/ERR3500550_1.fastq.gz	1583630361	1789103025	
reads/ERR3500550_2.fastq.gz	1608887683	1789103026	
reads/ERR3500551_1.fastq.gz	1685620938	1789102851	
reads/ERR3500551_2.fastq.gz	1707523571	1789102851	
reads/ERR3500552_1.fastq.gz	1639153011	1789102550	
reads/ERR3500552_2.fastq.gz	1662841409	1789102550	
reads/ERR3500553_1.fastq.gz	1707506192	1789102386	
reads/ERR3500553_2.fastq.gz	1722121874	1789102386	
reads/ERR3500554_1.fastq.gz	1681291656	1789100554	
reads/ERR3500554_2.fastq.gz	1706807223	1789100552	
reads/ERR3500555_1.fastq.gz	4008013342	1789288630	
reads/ERR3500555_2.fastq.gz	4092522340	1789288630	
reads/ERR3500556_1.fastq.gz	3876131249	1789288717	
reads/ERR3500556_2.fastq.gz	3961650319	1789288716	
reads/ERR3500557_1.fastq.gz	4056747369	1789286528	
reads/ERR3500557_2.fastq.gz	4141094698	1789286529	
reads/ERR3500558_1.fastq.gz	3981249429	1789286419	
reads/ERR3500558_2.fastq.gz	4072508454	1789286423	
reads/ERR3850354_1.fastq.gz	1530453232	1789466275	
reads/ERR3850354_2.fastq.gz	1553934518	1789466276	
reads/ERR3850361_1.fastq.gz	1816680801	1789466222	
reads/ERR3850361_2.fastq.gz	1802272525	1789466223	
reads/ERR3856813_1.fastq.gz	2114119639	1789089958	
reads/ERR3856813_2.fastq.gz	2145156798	1789089960	
reads/ERR3856814_1.fastq.gz	1644974964	1789089414	
reads/ERR3856814_2.fastq.gz	1658883690	1789089413	
reads/ERR3856815_1.fastq.gz	1809072683	1789092758	
reads/ERR3856815_2.fastq.gz	1829114238	1789092758	
reads/ERR3856816_1.fastq.gz	1357925392	1789093900	
reads/ERR3856816_2.fastq.gz	1367595200	1789093900	
reads/ERR3856817_1.fastq.gz	1595716132	1789092655	
reads/ERR3856817_2.fastq.gz	1607322739	1789092654	
reads/ERR3856818_1.fastq.gz	1599149789	1789091321	
reads/ERR3856818_2.fastq.gz	1612899205	1789091321	
reads/ERR3856819_1.fastq.gz	2025316468	1789092571	
reads/ERR3856819_2.fastq.gz	2041198210	1789092571	
reads/ERR3856820_1.fastq.gz	1143343609	1789090420	
reads/ERR3856820_2.fastq.gz	1145923060	1789090420	
reads/ERR3856821_1.fastq.gz	1534355643	1789089382	
reads/ERR3856821_2.fastq.gz	1529403434	1789089381	
reads/ERR3856822_1.fastq.gz	1901530658	1789089007	
reads/ERR3856822_2.fastq.gz	1914001202	1789088962	
reads/ERR3856823_1.fastq.gz	1325448218	1789090304	
reads/ERR3856823_2.fastq.gz	1325698675	1789090303	
reads/ERR3856824_1.fastq.gz	1213418376	1789090426	
reads/ERR3856824_2.fastq.gz	1221761260	1789090427	
reads/ERR3856825_1.fastq.gz	1641848135	1789091572	
reads/ERR3856825_2.fastq.gz	1647465704	1789091572	
reads/ERR3856830_1.fastq.gz	493061079	1789091134	
reads/ERR3856830_2.fastq.gz	489080260	1789091134	
reads/ERR3856831_1.fastq.gz	541157012	1789094956	
reads/ERR3856831_2.fastq.gz	545546301	1789094956	
reads/ERR3856832_1.fastq.gz	5484765548	1789088901	
reads/ERR3856832_2.fastq.gz	5504337402	1789088903	
reads/ERR3856833_1.fastq.gz	1574792599	1789090555	
reads/ERR3856833_2.fastq.gz	1563850885	1789090555	
reads/ERR3856834_1.fastq.gz	2386379053	1789095333	
reads/ERR3856834_2.fastq.gz	2393658849	1789095333	
reads/ERR3856835_1.fastq.gz	2552717962	1789091730	
reads/ERR3856835_2.fastq.gz	2558653954	1789091730	
reads/ERR3856836_1.fastq.gz	2400555182	1789089316	
reads/ERR3856836_2.fastq.gz	2403438118	1789089315	
reads/ERR3856837_1.fastq.gz	1934469116	1789093949	
reads/ERR3856837_2.fastq.gz	1927470668	1789093949	
reads/ERR3856838_1.fastq.gz	2079449885	1789089133	
reads/ERR3856838_2.fastq.gz	2076693919	1789089132	
reads/ERR3856839_1.fastq.gz	2382066266	1789094633	
reads/ERR3856839_2.fastq.gz	2378190879	1789094633	
reads/ERR3856840_1.fastq.gz	1934369263	1789091425	
reads/ERR3856840_2.fastq.gz	1915928055	1789091424	
reads/ERR3856841_1.fastq.gz	2133287368	1789093624	
reads/ERR3856841_2.fastq.gz	2134884430	1789093624	
reads/ERR3856842_1.fastq.gz	1775098814	1789089738	
reads/ERR3856842_2.fastq.gz	1770693863	1789089738	
reads/ERR3856843_1.fastq.gz	1379219003	1789091115	
reads/ERR3856843_2.fastq.gz	1380373823	1789091115	
reads/ERR3856844_1.fastq.gz	3154211567	1789094411	
reads/ERR3856844_2.fastq.gz	3150847222	1789094416	
reads/ERR3856845_1.fastq.gz	3321776697	1789092408	
reads/ERR3856845_2.fastq.gz	3319070964	1789092408	
reads/ERR3856846_1.fastq.gz	3129685382	1789094868	
reads/ERR3856846_2.fastq.gz	3131819766	1789094867	
reads/ERR3856847_1.fastq.gz	3559888510	1789092699	
reads/ERR3856847_2.fastq.gz	3560361696	1789092702	
reads/ERR3856848_1.fastq.gz	1045787565	1789091205	
reads/ERR3856848_2.fastq.gz	1078207413	1789091205	
reads/ERR3856849_1.fastq.gz	944439404	1789094048	
reads/ERR3856849_2.fastq.gz	978246615	1789094048	
reads/ERR3856850_1.fastq.gz	1422734212	1789094988	
reads/ERR3856850_2.fastq.gz	1461772169	1789094988	
reads/ERR3856851_1.fastq.gz	1004447277	1789091646	
reads/ERR3856851_2.fastq.gz	1037714718	1789091646	
reads/ERR3856852_1.fastq.gz	1103237786	1789092868	
reads/ERR3856852_2.fastq.gz	1142604063	1789092869	
reads/ERR3856853_1.fastq.gz	1009405942	1789092527	
reads/ERR3856853_2.fastq.gz	1034066543	1789092527	
reads/ERR3856854_1.fastq.gz	968745777	1789090809	
reads/ERR3856854_2.fastq.gz	995489698	1789090807	
reads/ERR3856855_1.fastq.gz	889230063	1789092035	
reads/ERR3856855_2.fastq.gz	916901893	1789092035	
reads/ERR4152485_1.fastq.gz	2408505258	1788895765	
reads/ERR4152485_2.fastq.gz	2448281148	1788895765	
reads/ERR4315145_1.fastq.gz	1800467396	1789018303	
reads/ERR4315145_2.fastq.gz	1719483342	1789018303	
reads/ERR4315146_1.fastq.gz	1720301906	1788997994	
reads/ERR4315146_2.fastq.gz	1642963566	1788997993	
reads/ERR4315147_1.fastq.gz	2133163747	1789059990	
reads/ERR4315147_2.fastq.gz	2036472407	1789059989	
reads/ERR4315148_1.fastq.gz	2141417021	1789008790	
reads/ERR4315148_2.fastq.gz	2049217195	1789008790	
reads/ERR4315149_1.fastq.gz	1857937424	1788983327	
reads/ERR4315149_2.fastq.gz	1769704739	1788983327	
reads/ERR4315150_1.fastq.gz	1290888332	1789045991	
reads/ERR4315150_2.fastq.gz	1327595591	1789045991	
reads/ERR4315151_1.fastq.gz	1701162001	1789000521	
reads/ERR4315151_2.fastq.gz	1627051810	1789000521	
reads/ERR4315152_1.fastq.gz	1511897055	1789010074	
reads/ERR4315152_2.fastq.gz	1446557037	1789010074	
reads/ERR4315153_1.fastq.gz	989054423	1788989750	
reads/ERR4315153_2.fastq.gz	945196693	1788989755	
reads/ERR4315154_1.fastq.gz	1930520686	1789026877	
reads/ERR4315154_2.fastq.gz	1843770167	1789026856	
reads/ERR4315155_1.fastq.gz	1826394084	1789003362	
reads/ERR4315155_2.fastq.gz	1744396174	1789003362	
reads/ERR4315156_1.fastq.gz	1349236982	1789003777	
reads/ERR4315156_2.fastq.gz	1394574031	1789003776	
reads/ERR4315157_1.fastq.gz	1903966190	1789004888	
reads/ERR4315157_2.fastq.gz	1823212825	1789004887	
reads/ERR4315158_1.fastq.gz	1625577393	1788997024	
reads/ERR4315158_2.fastq.gz	1661954830	1788997025	
reads/ERR4315159_1.fastq.gz	2149171085	1789030453	
reads/ERR4315159_2.fastq.gz	2125226802	1789030454	
reads/ERR4315160_1.fastq.gz	1741554085	1788995657	
reads/ERR4315160_2.fastq.gz	1665297369	1788995657	
reads/ERR4315161_1.fastq.gz	1904656034	1789026565	
reads/ERR4315161_2.fastq.gz	1968702545	1789026565	
reads/ERR4315162_1.fastq.gz	1691001261	1788961351	
reads/ERR4315162_2.fastq.gz	1710826358	1788961350	
reads/ERR4315163_1.fastq.gz	1257417303	1789065102	
reads/ERR4315163_2.fastq.gz	1207687940	1789065102	
reads/ERR4315164_1.fastq.gz	2091468686	1788976916	
reads/ERR4315164_2.fastq.gz	2063704153	1788976916	
reads/ERR4315165_1.fastq.gz	2041355869	1789051163	
reads/ERR4315165_2.fastq.gz	1963841065	1789051164	
reads/ERR4315166_1.fastq.gz	1409692761	1789053448	
reads/ERR4315166_2.fastq.gz	1396927516	1789053448	
reads/ERR4315167_1.fastq.gz	1926638018	1789012387	
reads/ERR4315167_2.fastq.gz	1907026383	1789012387	
reads/ERR4315168_1.fastq.gz	1860044070	1788976762	
reads/ERR4315168_2.fastq.gz	1825789474	1788976761	
reads/ERR4315169_1.fastq.gz	1369632075	1789041294	
reads/ERR4315169_2.fastq.gz	1356915787	1789041295	
reads/ERR4315170_1.fastq.gz	2306032215	1789067958	
reads/ERR4315170_2.fastq.gz	2287389532	1789067957	
reads/ERR4315171_1.fastq.gz	1204949439	1789036685	
reads/ERR4315171_2.fastq.gz	1162582507	1789036684	
reads/ERR4315172_1.fastq.gz	1332447296	1789037665	
reads/ERR4315172_2.fastq.gz	1317657225	1789037665	
reads/ERR4315173_1.fastq.gz	805669285	1788839603	
reads/ERR4315173_2.fastq.gz	797308829	1788839602	
reads/ERR4315174_1.fastq.gz	1939987041	1789040713	
reads/ERR4315174_2.fastq.gz	1913402462	1789040713	
reads/ERR4315175_1.fastq.gz	1172471908	1789031871	
reads/ERR4315175_2.fastq.gz	1162412115	1789031870	
reads/ERR4315176_1.fastq.gz	1632844353	1789014313	
reads/ERR4315176_2.fastq.gz	1612487247	1789014313	
reads/ERR4315178_1.fastq.gz	1750554786	1788978444	
reads/ERR4315178_2.fastq.gz	1972180385	1788978443	
reads/ERR4315179_1.fastq.gz	1684351060	1788975545	
reads/ERR4315179_2.fastq.gz	1878381198	1788975545	
reads/ERR4315180_1.fastq.gz	1723044975	1789020698	
reads/ERR4315180_2.fastq.gz	1944347264	1789020696	
reads/ERR4315181_1.fastq.gz	1646582226	1788995789	
reads/ERR4315181_2.fastq.gz	1853428970	1788995789	
reads/ERR4315182_1.fastq.gz	1174979850	1788956794	
reads/ERR4315182_2.fastq.gz	1327365220	1788956795	
reads/ERR4315183_1.fastq.gz	1137129048	1789063574	
reads/ERR4315183_2.fastq.gz	1283562073	1789063574	
reads/ERR4315184_1.fastq.gz	1696203844	1789036117	
reads/ERR4315184_2.fastq.gz	1716840854	1789036117	
reads/ERR4315185_1.fastq.gz	1321921838	1789044920	
reads/ERR4315185_2.fastq.gz	1336885673	1789044921	
reads/ERR4315186_1.fastq.gz	1417225756	1789033099	
reads/ERR4315186_2.fastq.gz	1436448538	1789033099	
reads/ERR4315187_1.fastq.gz	1431618587	1789013165	
reads/ERR4315187_2.fastq.gz	1449356697	1789013165	
reads/ERR4315188_1.fastq.gz	1744141305	1789045053	
reads/ERR4315188_2.fastq.gz	1743158456	1789045053	
reads/ERR4315189_1.fastq.gz	1857204589	1789051612	
reads/ERR4315189_2.fastq.gz	1947145700	1789051612	
reads/ERR4315190_1.fastq.gz	2038320059	1788989422	
reads/ERR4315190_2.fastq.gz	2051022654	1788989422	
reads/ERR4315191_1.fastq.gz	1990735762	1788959875	
reads/ERR4315191_2.fastq.gz	2002544532	1788959875	
reads/ERR4315192_1.fastq.gz	1705176798	1789023930	
reads/ERR4315192_2.fastq.gz	1706428302	1789023931	
reads/ERR4315196_1.fastq.gz	2202742926	1789067043	
reads/ERR4315196_2.fastq.gz	2205009864	1789067043	
reads/ERR4315197_1.fastq.gz	2316915651	1789004690	
reads/ERR4315197_2.fastq.gz	2352365490	1789004690	
reads/ERR4315198_1.fastq.gz	1527275905	1789041796	
reads/ERR4315198_2.fastq.gz	1549685635	1789041810	
reads/ERR4315199_1.fastq.gz	1176569512	1789050094	
reads/ERR4315199_2.fastq.gz	1189629387	1789050094	
reads/ERR4315200_1.fastq.gz	1494224616	1789043352	
reads/ERR4315200_2.fastq.gz	1511655890	1789043352	
reads/ERR4315201_1.fastq.gz	2234615831	1789000407	
reads/ERR4315201_2.fastq.gz	2261714673	1789000406	
reads/ERR4315202_1.fastq.gz	1505474564	1788975440	
reads/ERR4315202_2.fastq.gz	1530275415	1788975440	
reads/ERR4315203_1.fastq.gz	2856038138	1789038384	
reads/ERR4315203_2.fastq.gz	2843404037	1789038384	
reads/ERR4315204_1.fastq.gz	1797617222	1789054311	
reads/ERR4315204_2.fastq.gz	1827385050	1789054311	
reads/ERR4315205_1.fastq.gz	1145024233	1789047172	
reads/ERR4315205_2.fastq.gz	1160784813	1789047172	
reads/ERR4315206_1.fastq.gz	1937344609	1789011420	
reads/ERR4315206_2.fastq.gz	1965408683	1789011419	
reads/ERR4315207_1.fastq.gz	1488332818	1788994312	
reads/ERR4315207_2.fastq.gz	1513187393	1788994312	
reads/ERR4315208_1.fastq.gz	2048121409	1789012300	
reads/ERR4315208_2.fastq.gz	2080291680	1789012300	
reads/ERR4315209_1.fastq.gz	1692350263	1789006501	
reads/ERR4315209_2.fastq.gz	1715846647	1789006501	
reads/ERR4315210_1.fastq.gz	1630091680	1789032154	
reads/ERR4315210_2.fastq.gz	1647467770	1789032154	
reads/ERR4315211_1.fastq.gz	1599766389	1789054575	
reads/ERR4315211_2.fastq.gz	1591267966	1789054576	
reads/ERR4315212_1.fastq.gz	1900143595	1788969770	
reads/ERR4315212_2.fastq.gz	1892772521	1788969769	
reads/ERR4315213_1.fastq.gz	1490174880	1789059298	
reads/ERR4315213_2.fastq.gz	1524141421	1789059298	
reads/ERR4315214_1.fastq.gz	1604563659	1788966095	
reads/ERR4315214_2.fastq.gz	1630370692	1788966097	
reads/ERR4315215_1.fastq.gz	2045583973	1789007015	
reads/ERR4315215_2.fastq.gz	2066335789	1789007014	
reads/ERR4315216_1.fastq.gz	1879972140	1789047607	
reads/ERR4315216_2.fastq.gz	1870972000	1789047607	
reads/ERR4315217_1.fastq.gz	1757082603	1788988454	
reads/ERR4315217_2.fastq.gz	1747622175	1788988454	
reads/ERR4315218_1.fastq.gz	1851584745	1789060566	
reads/ERR4315218_2.fastq.gz	1875960654	1789060566	
reads/ERR4315219_1.fastq.gz	1993548470	1789044320	
reads/ERR4315219_2.fastq.gz	2024095301	1789044320	
reads/ERR4315220_1.fastq.gz	1557656399	1788999521	
reads/ERR4315220_2.fastq.gz	1536926776	1788999521	
reads/ERR4315221_1.fastq.gz	1544600809	1789066728	
reads/ERR4315221_2.fastq.gz	1565227059	1789066728	
reads/ERR4315222_1.fastq.gz	1629391722	1789009765	
reads/ERR4315222_2.fastq.gz	1655217910	1789009764	
reads/ERR4315223_1.fastq.gz	1943343702	1788999899	
reads/ERR4315223_2.fastq.gz	1964613696	1788999899	
reads/ERR4315224_1.fastq.gz	1828038229	1788976679	
reads/ERR4315224_2.fastq.gz	1849984054	1788976678	
reads/ERR4315225_1.fastq.gz	1789014186	1788981809	
reads/ERR4315225_2.fastq.gz	1768163249	1788981809	
reads/ERR4315226_1.fastq.gz	1618949126	1788978298	
reads/ERR4315226_2.fastq.gz	1601035906	1788978298	
reads/ERR4315227_1.fastq.gz	2173907713	1789032039	
reads/ERR4315227_2.fastq.gz	2142698615	1789032039	
reads/ERR4315228_1.fastq.gz	1921176854	1789012665	
reads/ERR4315228_2.fastq.gz	1896001238	1789012665	
reads/ERR4315229_1.fastq.gz	1419805408	1789033487	
reads/ERR4315229_2.fastq.gz	1426162294	1789033487	
reads/ERR4315230_1.fastq.gz	1781476134	1788982568	
reads/ERR4315230_2.fastq.gz	1787155767	1788982568	
reads/ERR4315231_1.fastq.gz	1383761610	1788956773	
reads/ERR4315231_2.fastq.gz	1391405911	1788956769	
reads/ERR4315232_1.fastq.gz	1927581118	1789030090	
reads/ERR4315232_2.fastq.gz	1941900342	1789030081	
reads/ERR4315233_1.fastq.gz	2067837223	1789014358	
reads/ERR4315233_2.fastq.gz	2070183015	1789014358	
reads/ERR4315234_1.fastq.gz	2208039254	1789006592	
reads/ERR4315234_2.fastq.gz	2217152099	1789006591	
reads/ERR4315235_1.fastq.gz	1938242169	1789057830	
reads/ERR4315235_2.fastq.gz	1945476484	1789057830	
reads/ERR4315236_1.fastq.gz	1859644379	1789033574	
reads/ERR4315236_2.fastq.gz	1854059278	1789033574	
reads/ERR4315237_1.fastq.gz	2185274902	1789051257	
reads/ERR4315237_2.fastq.gz	2179898797	1789051256	
reads/ERR4315238_1.fastq.gz	2308624850	1789054664	
reads/ERR4315238_2.fastq.gz	2303841174	1789054664	
reads/ERR4315239_1.fastq.gz	1884088220	1789028676	
reads/ERR4315239_2.fastq.gz	1887628582	1789028676	
reads/ERR4315240_1.fastq.gz	2070715271	1789052783	
reads/ERR4315240_2.fastq.gz	2074038904	1789052783	
reads/ERR4315241_1.fastq.gz	1734659543	1789000734	
reads/ERR4315241_2.fastq.gz	1715231405	1789000734	
reads/ERR4315242_1.fastq.gz	2853081346	1788960444	
reads/ERR4315242_2.fastq.gz	2842494180	1788960444	
reads/ERR4315243_1.fastq.gz	3070520108	1788990855	
reads/ERR4315243_2.fastq.gz	3061386357	1788990855	
reads/ERR4315244_1.fastq.gz	1650828477	1788959779	
reads/ERR4315244_2.fastq.gz	1648746903	1788959780	
reads/ERR4315245_1.fastq.gz	1679885393	1788976679	
reads/ERR4315245_2.fastq.gz	1678024617	1788976679	
reads/ERR4315246_1.fastq.gz	1760070989	1788992780	
reads/ERR4315246_2.fastq.gz	1757705939	1788992782	
reads/ERR4315247_1.fastq.gz	1629003775	1788972473	
reads/ERR4315247_2.fastq.gz	1620768072	1788972473	
reads/ERR4315248_1.fastq.gz	1550447408	1789002125	
reads/ERR4315248_2.fastq.gz	1548297978	1789002125	
reads/ERR4315249_1.fastq.gz	1646953129	1789020247	
reads/ERR4315249_2.fastq.gz	1645738268	1789020247	
reads/ERR4315250_1.fastq.gz	1549404344	1788999041	
reads/ERR4315250_2.fastq.gz	1545662647	1788999041	
reads/ERR4315251_1.fastq.gz	1464074898	1789042067	
reads/ERR4315251_2.fastq.gz	1461160031	1789042067	
reads/ERR4315252_1.fastq.gz	1623860285	1789007963	
reads/ERR4315252_2.fastq.gz	1621015004	1789007964	
reads/ERR4315253_1.fastq.gz	1683919485	1788988644	
reads/ERR4315253_2.fastq.gz	1680261480	1788988644	
reads/ERR4315254_1.fastq.gz	1402241612	1788991505	
reads/ERR4315254_2.fastq.gz	1400405326	1788991505	
reads/ERR4315255_1.fastq.gz	1571639288	1788984673	
reads/ERR4315255_2.fastq.gz	1566899797	1788984673	
reads/ERR4315256_1.fastq.gz	2002110519	1789056308	
reads/ERR4315256_2.fastq.gz	1992554971	1789056308	
reads/ERR4315257_1.fastq.gz	2184000914	1789043350	
reads/ERR4315257_2.fastq.gz	2140431321	1789043351	
reads/ERR4315258_1.fastq.gz	1309673718	1789000522	
reads/ERR4315258_2.fastq.gz	1282953540	1789000522	
reads/ERR4315259_1.fastq.gz	2169398984	1789042687	
reads/ERR4315259_2.fastq.gz	2125983417	1789042687	
reads/ERR4315260_1.fastq.gz	1787339039	1789052776	
reads/ERR4315260_2.fastq.gz	1805664192	1789052776	
reads/ERR4315261_1.fastq.gz	1765341983	1788964503	
reads/ERR4315261_2.fastq.gz	1779922285	1788964502	
reads/ERR4315262_1.fastq.gz	1617187599	1789045857	
reads/ERR4315262_2.fastq.gz	1603235078	1789045856	
reads/ERR4315263_1.fastq.gz	1624541822	1789049617	
reads/ERR4315263_2.fastq.gz	1663363167	1789049617	
reads/ERR4315264_1.fastq.gz	1322642356	1788954413	
reads/ERR4315264_2.fastq.gz	1350409577	1788954413	
reads/ERR4315265_1.fastq.gz	1921876217	1789001538	
reads/ERR4315265_2.fastq.gz	1912721475	1789001538	
reads/ERR4315266_1.fastq.gz	1387503763	1788969197	
reads/ERR4315266_2.fastq.gz	1426534078	1788969197	
reads/ERR4315267_1.fastq.gz	1461392257	1789066859	
reads/ERR4315267_2.fastq.gz	1499841942	1789066858	
reads/ERR4315268_1.fastq.gz	1726152953	1788971955	
reads/ERR4315268_2.fastq.gz	1731189980	1788971956	
reads/ERR4315269_1.fastq.gz	1591293578	1789030425	
reads/ERR4315269_2.fastq.gz	1665853014	1789030426	
reads/ERR4315270_1.fastq.gz	1360616589	1789036997	
reads/ERR4315270_2.fastq.gz	1361144236	1789036996	
reads/ERR4315271_1.fastq.gz	1621493020	1789043262	
reads/ERR4315271_2.fastq.gz	1625538516	1789043262	
reads/ERR4315272_1.fastq.gz	1228931312	1789016188	
reads/ERR4315272_2.fastq.gz	1214834995	1789016189	
reads/ERR4315273_1.fastq.gz	1770721134	1789057340	
reads/ERR4315273_2.fastq.gz	1815602713	1789057341	
reads/ERR4315274_1.fastq.gz	2756182324	1788971487	
reads/ERR4315274_2.fastq.gz	3013998354	1788971486	
reads/ERR4315275_1.fastq.gz	1677157767	1789038350	
reads/ERR4315275_2.fastq.gz	1721893063	1789038350	
reads/ERR4315276_1.fastq.gz	1634278909	1789009575	
reads/ERR4315276_2.fastq.gz	1678335081	1789009575	
reads/ERR4315277_1.fastq.gz	2322448403	1788958545	
reads/ERR4315277_2.fastq.gz	2515043061	1788958547	
reads/ERR4315278_1.fastq.gz	1523052317	1789058583	
reads/ERR4315278_2.fastq.gz	1570913581	1789058583	
reads/ERR4315279_1.fastq.gz	1968713491	1788980722	
reads/ERR4315279_2.fastq.gz	1883441148	1788980721	
reads/ERR4315280_1.fastq.gz	1824985725	1788952887	
reads/ERR4315280_2.fastq.gz	1740518640	1788952886	
reads/ERR4315281_1.fastq.gz	1812661742	1789009872	
reads/ERR4315281_2.fastq.gz	1856479192	1789009872	
reads/ERR4315282_1.fastq.gz	1820082166	1789060349	
reads/ERR4315282_2.fastq.gz	1867617252	1789060349	
reads/ERR4315283_1.fastq.gz	1438231846	1789030721	
reads/ERR4315283_2.fastq.gz	1367295438	1789030721	
reads/ERR4315284_1.fastq.gz	1607490915	1789003608	
reads/ERR4315284_2.fastq.gz	1647816225	1789003608	
reads/ERR4315285_1.fastq.gz	1806660418	1789045518	
reads/ERR4315285_2.fastq.gz	1725160587	1789045518	
reads/ERR4315286_1.fastq.gz	1792628520	1789036361	
reads/ERR4315286_2.fastq.gz	1708648159	1789036362	
reads/ERR4315287_1.fastq.gz	1956483781	1789022565	
reads/ERR4315287_2.fastq.gz	1866782467	1789022565	
reads/ERR4315288_1.fastq.gz	2200372245	1788978677	
reads/ERR4315288_2.fastq.gz	2096642944	1788978679	
reads/ERR4315289_1.fastq.gz	1746689855	1789057364	
reads/ERR4315289_2.fastq.gz	1664865764	1789057364	
reads/ERR4315290_1.fastq.gz	2278979962	1789013449	
reads/ERR4315290_2.fastq.gz	2246845478	1789013448	
reads/ERR4315291_1.fastq.gz	1245732963	1788964258	
reads/ERR4315291_2.fastq.gz	1189241311	1788964257	
reads/ERR4315292_1.fastq.gz	1376916016	1789052661	
reads/ERR4315292_2.fastq.gz	1308702146	1789052661	
reads/ERR4315293_1.fastq.gz	1762999552	1789013683	
reads/ERR4315293_2.fastq.gz	1687421476	1789013683	
reads/ERR4315294_1.fastq.gz	2068433403	1788983108	
reads/ERR4315294_2.fastq.gz	1976850241	1788983108	
reads/ERR4315295_1.fastq.gz	1997795191	1789002304	
reads/ERR4315295_2.fastq.gz	1904083410	1789002305	
reads/ERR4315296_1.fastq.gz	2283912248	1789062321	
reads/ERR4315296_2.fastq.gz	2183735272	1789062320	
reads/ERR4315297_1.fastq.gz	1947461391	1788958736	
reads/ERR4315297_2.fastq.gz	1857354132	1788958736	
reads/ERR4315298_1.fastq.gz	1757813433	1789065529	
reads/ERR4315298_2.fastq.gz	1676446252	1789065528	
reads/ERR4315299_1.fastq.gz	1533024568	1789067005	
reads/ERR4315299_2.fastq.gz	1462027813	1789067005	
reads/ERR4315300_1.fastq.gz	1566149095	1788959138	
reads/ERR4315300_2.fastq.gz	1490176736	1788959138	
reads/ERR4315301_1.fastq.gz	1785107360	1789015353	
reads/ERR4315301_2.fastq.gz	1764823496	1789015354	
reads/ERR4315302_1.fastq.gz	2128584384	1789041150	
reads/ERR4315302_2.fastq.gz	2030006640	1789041150	
reads/ERR4315303_1.fastq.gz	1627031820	1789065401	
reads/ERR4315303_2.fastq.gz	1821753856	1789065401	
reads/ERR4315304_1.fastq.gz	1867566259	1788987655	
reads/ERR4315304_2.fastq.gz	2120575720	1788987655	
reads/ERR4315305_1.fastq.gz	1543943933	1789049948	
reads/ERR4315305_2.fastq.gz	1730558091	1789049950	
reads/ERR4315306_1.fastq.gz	1643579274	1789022816	
reads/ERR4315306_2.fastq.gz	1852728227	1789022816	
reads/ERR4315307_1.fastq.gz	1723351364	1788961230	
reads/ERR4315307_2.fastq.gz	1948957900	1788961230	
reads/ERR4315308_1.fastq.gz	1650822812	1788953599	
reads/ERR4315308_2.fastq.gz	1855771310	1788953600	
reads/ERR4315309_1.fastq.gz	1639354751	1788952636	
reads/ERR4315309_2.fastq.gz	1844267253	1788952637	
reads/ERR4315310_1.fastq.gz	1852751401	1789047802	
reads/ERR4315310_2.fastq.gz	2102589905	1789047803	
reads/ERR4315311_1.fastq.gz	2207925181	1789063209	
reads/ERR4315311_2.fastq.gz	2498416256	1789063210	
reads/ERR4315312_1.fastq.gz	1662004297	1789051584	
reads/ERR4315312_2.fastq.gz	1870373972	1789051583	
reads/ERR4315313_1.fastq.gz	1718739573	1788968926	
reads/ERR4315313_2.fastq.gz	1970984666	1788968927	
reads/ERR4315314_1.fastq.gz	882365498	1789042089	
reads/ERR4315314_2.fastq.gz	986084301	1789042090	
reads/ERR4315315_1.fastq.gz	1769071716	1789046869	
reads/ERR4315315_2.fastq.gz	2019638201	1789046886	
reads/ERR4315316_1.fastq.gz	707139652	1788970810	
reads/ERR4315316_2.fastq.gz	801015591	1788970810	
reads/ERR4315317_1.fastq.gz	1654041012	1789067095	
reads/ERR4315317_2.fastq.gz	1816324759	1789067095	
reads/ERR4315318_1.fastq.gz	2105890714	1788992823	
reads/ERR4315318_2.fastq.gz	2257808103	1788992824	
reads/ERR4315319_1.fastq.gz	1714102217	1788968779	
reads/ERR4315319_2.fastq.gz	1896902072	1788968779	
reads/ERR4315320_1.fastq.gz	1735428225	1788971874	
reads/ERR4315320_2.fastq.gz	1931028697	1788971874	
reads/ERR4315321_1.fastq.gz	1962720048	1789040464	
reads/ERR4315321_2.fastq.gz	2179821060	1789040464	
reads/ERR4315322_1.fastq.gz	1631915714	1788990134	
reads/ERR4315322_2.fastq.gz	1821673062	1788990134	
reads/ERR4315323_1.fastq.gz	1886759223	1789019129	
reads/ERR4315323_2.fastq.gz	2086361088	1789019129	
reads/ERR4315324_1.fastq.gz	1987107798	1789056673	
reads/ERR4315324_2.fastq.gz	2207509574	1789056673	
reads/ERR4315325_1.fastq.gz	1995133990	1788960267	
reads/ERR4315325_2.fastq.gz	2188100979	1788960266	
reads/ERR4315326_1.fastq.gz	1996824073	1788993433	
reads/ERR4315326_2.fastq.gz	2206783741	1788993433	
reads/ERR4315327_1.fastq.gz	2042848033	1789030156	
reads/ERR4315327_2.fastq.gz	2277690344	1789030156	
reads/ERR4315328_1.fastq.gz	1870735572	1788977626	
reads/ERR4315328_2.fastq.gz	2063587171	1788977627	
reads/ERR4315329_1.fastq.gz	1673118708	1788970954	
reads/ERR4315329_2.fastq.gz	1874522736	1788970954	
reads/ERR4315330_1.fastq.gz	1533416963	1789004808	
reads/ERR4315330_2.fastq.gz	1667186478	1789004806	
reads/ERR4315331_1.fastq.gz	1347172012	1789043730	
reads/ERR4315331_2.fastq.gz	1324168909	1789043730	
reads/ERR4315332_1.fastq.gz	1719926876	1789374523	
reads/ERR4315332_2.fastq.gz	1689890985	1789374524	
reads/ERR4315333_1.fastq.gz	2283131219	1788955011	
reads/ERR4315333_2.fastq.gz	2231719408	1788955012	
reads/ERR4315334_1.fastq.gz	2053357673	1788979837	
reads/ERR4315334_2.fastq.gz	2010575952	1788979837	
reads/ERR4315335_1.fastq.gz	2016775052	1788994464	
reads/ERR4315335_2.fastq.gz	1970706271	1788994464	
reads/ERR4315336_1.fastq.gz	2181397429	1789001160	
reads/ERR4315336_2.fastq.gz	2101825175	1789001160	
reads/ERR4315337_1.fastq.gz	1306740256	1789010986	
reads/ERR4315337_2.fastq.gz	1245514143	1789010986	
reads/ERR4315338_1.fastq.gz	1538700249	1788964812	
reads/ERR4315338_2.fastq.gz	1470409086	1788964812	
reads/ERR4315339_1.fastq.gz	1690277688	1788979753	
reads/ERR4315339_2.fastq.gz	1907930619	1788979754	
reads/ERR4315340_1.fastq.gz	2203125989	1789055173	
reads/ERR4315340_2.fastq.gz	2341796325	1789055177	
reads/ERR4315341_1.fastq.gz	1701662947	1788998522	
reads/ERR4315341_2.fastq.gz	1803124215	1788998522	
reads/ERR4315342_1.fastq.gz	1785641478	1789006496	
reads/ERR4315342_2.fastq.gz	1952902216	1789006495	
reads/ERR4315343_1.fastq.gz	1752041578	1789015868	
reads/ERR4315343_2.fastq.gz	1930744629	1789015868	
reads/ERR4315344_1.fastq.gz	1667084970	1789057367	
reads/ERR4315344_2.fastq.gz	1652339870	1789057367	
reads/ERR4315345_1.fastq.gz	1589286940	1789032328	
reads/ERR4315345_2.fastq.gz	1566181970	1789032328	
reads/ERR4315346_1.fastq.gz	1767762183	1789053704	
reads/ERR4315346_2.fastq.gz	1744105004	1789053703	
reads/ERR4315347_1.fastq.gz	1674957011	1788987068	
reads/ERR4315347_2.fastq.gz	1700047608	1788987068	
reads/ERR4315348_1.fastq.gz	1822939273	1789063400	
reads/ERR4315348_2.fastq.gz	1842429363	1789063400	
reads/ERR4315349_1.fastq.gz	1190604612	1788977506	
reads/ERR4315349_2.fastq.gz	1210778243	1788977506	
reads/ERR4315350_1.fastq.gz	1378796178	1789051962	
reads/ERR4315350_2.fastq.gz	1398173563	1789051962	
reads/ERR4315351_1.fastq.gz	1103155513	1789038614	
reads/ERR4315351_2.fastq.gz	1111002300	1789038614	
reads/ERR4315353_1.fastq.gz	1558221814	1788967117	
reads/ERR4315353_2.fastq.gz	1752327748	1788967118	
reads/ERR4315355_1.fastq.gz	1710212118	1788961521	
reads/ERR4315355_2.fastq.gz	1926398228	1788961522	
reads/ERR4315356_1.fastq.gz	1402955541	1788955867	
reads/ERR4315356_2.fastq.gz	1584988922	1788955868	
reads/ERR4315357_1.fastq.gz	1585143868	1788958014	
reads/ERR4315357_2.fastq.gz	1777896492	1788958012	
reads/ERR4315358_1.fastq.gz	1715046449	1789037942	
reads/ERR4315358_2.fastq.gz	1931276880	1789037942	
reads/ERR4315359_1.fastq.gz	1856347863	1789041741	
reads/ERR4315359_2.fastq.gz	2089535222	1789041767	
reads/ERR4315360_1.fastq.gz	1706976522	1788954695	
reads/ERR4315360_2.fastq.gz	1928794736	1788954696	
reads/ERR4315361_1.fastq.gz	1468175415	1788970664	
reads/ERR4315361_2.fastq.gz	1681865975	1788970665	
reads/ERR4315362_1.fastq.gz	1640265473	1788969201	
reads/ERR4315362_2.fastq.gz	1874853885	1788969201	
reads/ERR4315363_1.fastq.gz	2219097507	1788952522	
reads/ERR4315363_2.fastq.gz	2452881175	1788952523	
reads/ERR4315364_1.fastq.gz	1745029932	1788961082	
reads/ERR4315364_2.fastq.gz	1907071004	1788961081	
reads/ERR4315365_1.fastq.gz	1655022339	1789008977	
reads/ERR4315365_2.fastq.gz	1840193697	1789008977	
reads/ERR4315366_1.fastq.gz	1658480014	1788954619	
reads/ERR4315366_2.fastq.gz	1832850994	1788954618	
reads/ERR4315367_1.fastq.gz	2191458729	1788995574	
reads/ERR4315367_2.fastq.gz	2404770599	1788995574	
reads/ERR4315368_1.fastq.gz	2210434198	1789031148	
reads/ERR4315368_2.fastq.gz	2445701746	1789031147	
reads/ERR4315369_1.fastq.gz	2090350837	1789049847	
reads/ERR4315369_2.fastq.gz	2322792201	1789049847	
reads/ERR4315370_1.fastq.gz	1576972710	1789049273	
reads/ERR4315370_2.fastq.gz	1753419495	1789049275	
reads/ERR4315371_1.fastq.gz	2263254771	1788954329	
reads/ERR4315371_2.fastq.gz	2484357975	1788954329	
reads/ERR4315372_1.fastq.gz	1802837730	1789025748	
reads/ERR4315372_2.fastq.gz	1992972947	1789025746	
reads/ERR4315373_1.fastq.gz	2122964446	1789045604	
reads/ERR4315373_2.fastq.gz	2368602140	1789045604	
reads/ERR4315374_1.fastq.gz	1447954406	1789034336	
reads/ERR4315374_2.fastq.gz	1617440129	1789034336	
reads/ERR4315375_1.fastq.gz	2083306436	1789055935	
reads/ERR4315375_2.fastq.gz	2301273481	1789055934	
reads/ERR4315376_1.fastq.gz	1715224978	1789043687	
reads/ERR4315376_2.fastq.gz	1893293254	1789043687	
reads/ERR4315378_1.fastq.gz	1827277303	1788980158	
reads/ERR4315378_2.fastq.gz	2010572582	1788980158	
reads/ERR4315379_1.fastq.gz	1903027421	1788957553	
reads/ERR4315379_2.fastq.gz	2109653594	1788957553	
reads/ERR4315380_1.fastq.gz	1579064261	1789003449	
reads/ERR4315380_2.fastq.gz	1750699407	1789003449	
reads/ERR4315381_1.fastq.gz	1590924805	1789023967	
reads/ERR4315381_2.fastq.gz	1761194258	1789023967	
reads/ERR4315382_1.fastq.gz	2111163370	1788984910	
reads/ERR4315382_2.fastq.gz	2338570735	1788984910	
reads/ERR4315383_1.fastq.gz	1456485328	1788989731	
reads/ERR4315383_2.fastq.gz	1593572641	1788989730	
reads/ERR4315384_1.fastq.gz	1899437464	1789016377	
reads/ERR4315384_2.fastq.gz	2132257457	1789016375	
reads/ERR4315385_1.fastq.gz	1598380449	1789055731	
reads/ERR4315385_2.fastq.gz	1819435000	1789055732	
reads/ERR4315386_1.fastq.gz	1634738978	1789007790	
reads/ERR4315386_2.fastq.gz	1856882415	1789007788	
reads/ERR4315387_1.fastq.gz	1773888106	1789065309	
reads/ERR4315387_2.fastq.gz	1995761705	1789065309	
reads/ERR4315388_1.fastq.gz	1636632982	1788986903	
reads/ERR4315388_2.fastq.gz	1842835411	1788986903	
reads/ERR4315389_1.fastq.gz	2990489142	1788986343	
reads/ERR4315389_2.fastq.gz	2939292470	1788986343	
reads/ERR4315390_1.fastq.gz	1724471523	1789374541	
reads/ERR4315390_2.fastq.gz	1936088193	1789374541	
reads/ERR4315391_1.fastq.gz	1814368663	1789050919	
reads/ERR4315391_2.fastq.gz	2037927845	1789050918	
reads/ERR4315392_1.fastq.gz	1984840372	1788968242	
reads/ERR4315392_2.fastq.gz	2269368950	1788968241	
reads/ERR4315393_1.fastq.gz	912619693	1789044427	
reads/ERR4315393_2.fastq.gz	1033942627	1789044428	
reads/ERR4315394_1.fastq.gz	1163606180	1788976736	
reads/ERR4315394_2.fastq.gz	1320678052	1788976736	
reads/ERR4315395_1.fastq.gz	2249192791	1788961717	
reads/ERR4315395_2.fastq.gz	2560555474	1788961718	
reads/ERR4315396_1.fastq.gz	1185037785	1789012212	
reads/ERR4315396_2.fastq.gz	1168980086	1789012212	
reads/ERR4315397_1.fastq.gz	1655961902	1789068081	
reads/ERR4315397_2.fastq.gz	1567301372	1789068082	
reads/ERR4315398_1.fastq.gz	1323703625	1789017002	
reads/ERR4315398_2.fastq.gz	1479813948	1789017002	
reads/ERR4315399_1.fastq.gz	1273092913	1789058580	
reads/ERR4315399_2.fastq.gz	1457638991	1789058580	
reads/ERR4315400_1.fastq.gz	1557608568	1788964961	
reads/ERR4315400_2.fastq.gz	1538792880	1788964962	
reads/ERR4315401_1.fastq.gz	1981224297	1788963308	
reads/ERR4315401_2.fastq.gz	2213337507	1788963308	
reads/ERR4315402_1.fastq.gz	2019292414	1788989946	
reads/ERR4315402_2.fastq.gz	2225483191	1788989945	
reads/ERR4315403_1.fastq.gz	2337962833	1789005684	
reads/ERR4315403_2.fastq.gz	2291441880	1789005683	
reads/ERR4315404_1.fastq.gz	1267789641	1789047249	
reads/ERR4315404_2.fastq.gz	1259900171	1789047249	
reads/ERR4315405_1.fastq.gz	1498117650	1789005215	
reads/ERR4315405_2.fastq.gz	1487674553	1789005215	
reads/ERR4315406_1.fastq.gz	1864055330	1789028206	
reads/ERR4315406_2.fastq.gz	1852778598	1789028206	
reads/ERR4315407_1.fastq.gz	1600936780	1788994978	
reads/ERR4315407_2.fastq.gz	1803408942	1788994977	
reads/ERR4315408_1.fastq.gz	1574270941	1789010336	
reads/ERR4315408_2.fastq.gz	1767538302	1789010336	
reads/ERR4315409_1.fastq.gz	1332328416	1788991063	
reads/ERR4315409_2.fastq.gz	1496783671	1788991063	
reads/ERR4315410_1.fastq.gz	1595159706	1789034604	
reads/ERR4315410_2.fastq.gz	1795224977	1789034606	
reads/ERR4315411_1.fastq.gz	1580968224	1789374534	
reads/ERR4315411_2.fastq.gz	1797399740	1789374536	
reads/ERR4315412_1.fastq.gz	1673634901	1788974526	
reads/ERR4315412_2.fastq.gz	1906652364	1788974526	
reads/ERR4315413_1.fastq.gz	1714461708	1789010515	
reads/ERR4315413_2.fastq.gz	1943928156	1789010515	
reads/ERR4315414_1.fastq.gz	2268906760	1788968891	
reads/ERR4315414_2.fastq.gz	2564656922	1788968892	
reads/ERR4315415_1.fastq.gz	1599710951	1789064019	
reads/ERR4315415_2.fastq.gz	1588785005	1789064019	
reads/ERR4315416_1.fastq.gz	2193524129	1789063618	
reads/ERR4315416_2.fastq.gz	2176713159	1789063618	
reads/ERR4315417_1.fastq.gz	1303183970	1789006542	
reads/ERR4315417_2.fastq.gz	1324536673	1789006542	
reads/ERR4315418_1.fastq.gz	1494660643	1789018254	
reads/ERR4315418_2.fastq.gz	1481186466	1789018254	
reads/ERR4315419_1.fastq.gz	1549142046	1788982111	
reads/ERR4315419_2.fastq.gz	1736634703	1788982111	
reads/ERR4315420_1.fastq.gz	1482077433	1789008078	
reads/ERR4315420_2.fastq.gz	1676302908	1789008078	
reads/ERR4315421_1.fastq.gz	1891187600	1789046508	
reads/ERR4315421_2.fastq.gz	2138701162	1789046507	
reads/ERR4315422_1.fastq.gz	1215862819	1789020277	
reads/ERR4315422_2.fastq.gz	1363014754	1789020277	
reads/ERR4315423_1.fastq.gz	1737820611	1788997002	
reads/ERR4315423_2.fastq.gz	1742313461	1788997002	
reads/ERR4315425_1.fastq.gz	2431588059	1789037944	
reads/ERR4315425_2.fastq.gz	2650747757	1789037945	
reads/ERR4315426_1.fastq.gz	1697441797	1789067587	
reads/ERR4315426_2.fastq.gz	1871296963	1789067585	
reads/ERR4315427_1.fastq.gz	1296063845	1789055854	
reads/ERR4315427_2.fastq.gz	1346477687	1789055854	
reads/ERR4315428_1.fastq.gz	1519055166	1789003881	
reads/ERR4315428_2.fastq.gz	1693370604	1789003882	
reads/ERR4315429_1.fastq.gz	1357177999	1788999294	
reads/ERR4315429_2.fastq.gz	1535428364	1788999294	
reads/ERR4315430_1.fastq.gz	1927735488	1788974507	
reads/ERR4315430_2.fastq.gz	2181183616	1788974507	
reads/ERR4315431_1.fastq.gz	2011964784	1789055760	
reads/ERR4315431_2.fastq.gz	2261362301	1789055760	
reads/ERR4315432_1.fastq.gz	1702156417	1789034251	
reads/ERR4315432_2.fastq.gz	1912230020	1789034253	
reads/ERR4315433_1.fastq.gz	2152224045	1788956493	
reads/ERR4315433_2.fastq.gz	2437660274	1788956493	
reads/ERR4315434_1.fastq.gz	1945348720	1789001924	
reads/ERR4315434_2.fastq.gz	2200661573	1789001924	
reads/ERR4315435_1.fastq.gz	2025453930	1789045764	
reads/ERR4315435_2.fastq.gz	2296267081	1789045763	
reads/ERR4315436_1.fastq.gz	1790278568	1789034716	
reads/ERR4315436_2.fastq.gz	2031000275	1789034716	
reads/ERR4315437_1.fastq.gz	1957989800	1789004173	
reads/ERR4315437_2.fastq.gz	2206876899	1789004173	
reads/ERR4315438_1.fastq.gz	2062252521	1789060056	
reads/ERR4315438_2.fastq.gz	2318015157	1789060056	
reads/ERR4315439_1.fastq.gz	1632921536	1789054200	
reads/ERR4315439_2.fastq.gz	1847831158	1789054200	
reads/ERR4315440_1.fastq.gz	1734965055	1788952833	
reads/ERR4315440_2.fastq.gz	1970435687	1788952833	
reads/ERR4315441_1.fastq.gz	1871263072	1789034269	
reads/ERR4315441_2.fastq.gz	2104306789	1789034268	
reads/ERR4315442_1.fastq.gz	1830956620	1789051259	
reads/ERR4315442_2.fastq.gz	1826743352	1789051259	
reads/ERR4315443_1.fastq.gz	1869957918	1788964467	
reads/ERR4315443_2.fastq.gz	1864648417	1788964467	
reads/ERR4315444_1.fastq.gz	2016358814	1788978462	
reads/ERR4315444_2.fastq.gz	2002721586	1788978462	
reads/ERR4315445_1.fastq.gz	2124564149	1789031786	
reads/ERR4315445_2.fastq.gz	2085224357	1789031787	
reads/ERR4315446_1.fastq.gz	1529840738	1788994353	
reads/ERR4315446_2.fastq.gz	1520387013	1788994353	
reads/ERR4315447_1.fastq.gz	1546364667	1789044340	
reads/ERR4315447_2.fastq.gz	1565274324	1789044340	
reads/ERR4315448_1.fastq.gz	2245378301	1789016229	
reads/ERR4315448_2.fastq.gz	2249724744	1789016228	
reads/ERR4315449_1.fastq.gz	2123753841	1788998597	
reads/ERR4315449_2.fastq.gz	2135250642	1788998596	
reads/ERR4315450_1.fastq.gz	1657420204	1789061096	
reads/ERR4315450_2.fastq.gz	1666961751	1789061096	
reads/ERR4315451_1.fastq.gz	2135269868	1789034898	
reads/ERR4315451_2.fastq.gz	2143296631	1789034899	
reads/ERR4315452_1.fastq.gz	1756516774	1788978905	
reads/ERR4315452_2.fastq.gz	1765537501	1788978905	
reads/ERR4315453_1.fastq.gz	1946529174	1789040497	
reads/ERR4315453_2.fastq.gz	1960771712	1789040497	
reads/ERR4315454_1.fastq.gz	2365600404	1788997909	
reads/ERR4315454_2.fastq.gz	2316374040	1788997908	
reads/ERR4315455_1.fastq.gz	2036026492	1789005281	
reads/ERR4315455_2.fastq.gz	1995352316	1789005282	
reads/ERR4315456_1.fastq.gz	2094672736	1789036329	
reads/ERR4315456_2.fastq.gz	2052441360	1789036328	
reads/ERR4315457_1.fastq.gz	1828151406	1789053363	
reads/ERR4315457_2.fastq.gz	1805725735	1789053363	
reads/ERR4315458_1.fastq.gz	2675908044	1789058770	
reads/ERR4315458_2.fastq.gz	2644480433	1789058769	
reads/ERR4315459_1.fastq.gz	2503898261	1789018980	
reads/ERR4315459_2.fastq.gz	2475042077	1789018979	
reads/ERR4315460_1.fastq.gz	1958571342	1789047935	
reads/ERR4315460_2.fastq.gz	1867426244	1789047935	
reads/ERR4315461_1.fastq.gz	1665139933	1789062033	
reads/ERR4315461_2.fastq.gz	1587840149	1789062033	
reads/ERR4315462_1.fastq.gz	1542489578	1789033680	
reads/ERR4315462_2.fastq.gz	1471508999	1789033680	
reads/ERR4315463_1.fastq.gz	1682860610	1789052881	
reads/ERR4315463_2.fastq.gz	1720288212	1789052882	
reads/ERR4315464_1.fastq.gz	1516669198	1788975461	
reads/ERR4315464_2.fastq.gz	1508363177	1788975462	
reads/ERR4315465_1.fastq.gz	2006501136	1789023980	
reads/ERR4315465_2.fastq.gz	2209825945	1789023982	
reads/ERR4315466_1.fastq.gz	1519027533	1789052851	
reads/ERR4315466_2.fastq.gz	1692813010	1789052851	
reads/ERR4315467_1.fastq.gz	1709531843	1788980441	
reads/ERR4315467_2.fastq.gz	1885031912	1788980441	
reads/ERR4315468_1.fastq.gz	1365615772	1789003031	
reads/ERR4315468_2.fastq.gz	1514628846	1789003032	
reads/ERR4315469_1.fastq.gz	1672369274	1788959258	
reads/ERR4315469_2.fastq.gz	1868101730	1788959258	
reads/ERR4315470_1.fastq.gz	1524810872	1788981538	
reads/ERR4315470_2.fastq.gz	1521325265	1788981538	
reads/ERR4315471_1.fastq.gz	1467333432	1789021347	
reads/ERR4315471_2.fastq.gz	1461580341	1789021347	
reads/ERR4315472_1.fastq.gz	1400665772	1789048757	
reads/ERR4315472_2.fastq.gz	1398054593	1789048757	
reads/ERR4315473_1.fastq.gz	1473047433	1789062797	
reads/ERR4315473_2.fastq.gz	1467877721	1789062797	
reads/ERR4315474_1.fastq.gz	1626857590	1788980796	
reads/ERR4315474_2.fastq.gz	1624876948	1788980795	
reads/ERR4315475_1.fastq.gz	1349829459	1788974233	
reads/ERR4315475_2.fastq.gz	1368901170	1788974232	
reads/ERR4315476_1.fastq.gz	1647036481	1789018174	
reads/ERR4315476_2.fastq.gz	1637323728	1789018174	
reads/ERR4315477_1.fastq.gz	1400566124	1788843537	
reads/ERR4315477_2.fastq.gz	1389599494	1788843538	
reads/ERR4315478_1.fastq.gz	1880564080	1789057960	
reads/ERR4315478_2.fastq.gz	1858794627	1789057960	
reads/ERR4315479_1.fastq.gz	1563163535	1789067160	
reads/ERR4315479_2.fastq.gz	1544056430	1789067159	
reads/ERR4315480_1.fastq.gz	1384371093	1789065634	
reads/ERR4315480_2.fastq.gz	1372691739	1789065635	
reads/ERR4315481_1.fastq.gz	1034657410	1789037428	
reads/ERR4315481_2.fastq.gz	1034666887	1789037428	
reads/ERR4315482_1.fastq.gz	1646124184	1788985371	
reads/ERR4315482_2.fastq.gz	1617373293	1788985371	
reads/ERR4315483_1.fastq.gz	1802055963	1789020751	
reads/ERR4315483_2.fastq.gz	1736120735	1789020752	
reads/ERR4315484_1.fastq.gz	1450022647	1789062466	
reads/ERR4315484_2.fastq.gz	1445622514	1789062466	
reads/ERR4315485_1.fastq.gz	1220940273	1789017308	
reads/ERR4315485_2.fastq.gz	1213082268	1789017308	
reads/ERR4315486_1.fastq.gz	2324351855	1788988959	
reads/ERR4315486_2.fastq.gz	2291709682	1788988958	
reads/ERR4315487_1.fastq.gz	1279177730	1789033309	
reads/ERR4315487_2.fastq.gz	1229254896	1789033311	
reads/ERR4315488_1.fastq.gz	2048898259	1789035378	
reads/ERR4315488_2.fastq.gz	2025812920	1789035378	
reads/ERR4315489_1.fastq.gz	1435050885	1788987342	
reads/ERR4315489_2.fastq.gz	1369433813	1788987342	
reads/ERR4315490_1.fastq.gz	1400370458	1789003427	
reads/ERR4315490_2.fastq.gz	1350187418	1789003427	
reads/ERR4315491_1.fastq.gz	1306832201	1788960307	
reads/ERR4315491_2.fastq.gz	1258923042	1788960307	
reads/ERR4315492_1.fastq.gz	2641722196	1789009822	
reads/ERR4315492_2.fastq.gz	2623611107	1789009822	
reads/ERR4315493_1.fastq.gz	1961937202	1788963154	
reads/ERR4315493_2.fastq.gz	1934126255	1788963154	
reads/ERR4315494_1.fastq.gz	1088484856	1789002617	
reads/ERR4315494_2.fastq.gz	1057135124	1789002616	
reads/ERR4315495_1.fastq.gz	1668760809	1789000794	
reads/ERR4315495_2.fastq.gz	1660601055	1789000794	
reads/ERR4315496_1.fastq.gz	1906228601	1789006506	
reads/ERR4315496_2.fastq.gz	1901694425	1789006506	
reads/ERR4315497_1.fastq.gz	1577044081	1789026537	
reads/ERR4315497_2.fastq.gz	1568730226	1789026536	
reads/ERR4315498_1.fastq.gz	1545677918	1789016257	
reads/ERR4315498_2.fastq.gz	1539781736	1789016258	
reads/ERR4315499_1.fastq.gz	1534798748	1789014040	
reads/ERR4315499_2.fastq.gz	1524713168	1789014041	
reads/ERR4315500_1.fastq.gz	2920210583	1789064962	
reads/ERR4315500_2.fastq.gz	2897701906	1789064962	
reads/ERR4315501_1.fastq.gz	1682685238	1789011631	
reads/ERR4315501_2.fastq.gz	1666245748	1789011631	
reads/ERR4315502_1.fastq.gz	1278000876	1788984137	
reads/ERR4315502_2.fastq.gz	1293090463	1788984136	
reads/ERR4315503_1.fastq.gz	1694029970	1789038772	
reads/ERR4315503_2.fastq.gz	1711255115	1789038767	
reads/ERR4315504_1.fastq.gz	1352082741	1789014379	
reads/ERR4315504_2.fastq.gz	1368299210	1789014379	
reads/ERR4315505_1.fastq.gz	1698768012	1789053196	
reads/ERR4315505_2.fastq.gz	1687977990	1789053196	
reads/ERR4315506_1.fastq.gz	1295516157	1789028809	
reads/ERR4315506_2.fastq.gz	1249735741	1789028809	
reads/ERR4315507_1.fastq.gz	1726945284	1788992546	
reads/ERR4315507_2.fastq.gz	1716303447	1788992547	
reads/ERR4315508_1.fastq.gz	2263462580	1789008554	
reads/ERR4315508_2.fastq.gz	2243725180	1789008553	
reads/ERR4315509_1.fastq.gz	2755877430	1789063550	
reads/ERR4315509_2.fastq.gz	2729360664	1789063550	
reads/ERR4315510_1.fastq.gz	2163227473	1788957514	
reads/ERR4315510_2.fastq.gz	2145786726	1788957514	
reads/ERR4315511_1.fastq.gz	1485308858	1788984083	
reads/ERR4315511_2.fastq.gz	1673981909	1788984084	
reads/ERR4315513_1.fastq.gz	1766847839	1788995101	
reads/ERR4315513_2.fastq.gz	2000794463	1788995101	
reads/ERR4315514_1.fastq.gz	995437544	1789005189	
reads/ERR4315514_2.fastq.gz	1121093460	1789005189	
reads/ERR4315515_1.fastq.gz	1783612506	1788963560	
reads/ERR4315515_2.fastq.gz	2018658566	1788963560	
reads/ERR4315516_1.fastq.gz	1428312820	1789033402	
reads/ERR4315516_2.fastq.gz	1447408345	1789033402	
reads/ERR4315517_1.fastq.gz	1672519512	1788986864	
reads/ERR4315517_2.fastq.gz	1889794243	1788986864	
reads/ERR4315518_1.fastq.gz	1992261106	1788997212	
reads/ERR4315518_2.fastq.gz	2245023487	1788997212	
reads/ERR4315519_1.fastq.gz	1654200775	1789015902	
reads/ERR4315519_2.fastq.gz	1878388763	1789015902	
reads/ERR4315520_1.fastq.gz	1631253088	1789021928	
reads/ERR4315520_2.fastq.gz	1825861009	1789021928	
reads/ERR4315521_1.fastq.gz	1591398216	1788982288	
reads/ERR4315521_2.fastq.gz	1750862787	1788982288	
reads/ERR4315522_1.fastq.gz	1596757577	1788959707	
reads/ERR4315522_2.fastq.gz	1591290498	1788959706	
reads/ERR4315524_1.fastq.gz	1604186987	1788963481	
reads/ERR4315524_2.fastq.gz	1755929339	1788963481	
reads/ERR4315525_1.fastq.gz	1568158202	1788958259	
reads/ERR4315525_2.fastq.gz	1596579286	1788958259	
reads/ERR4315526_1.fastq.gz	3277576297	1788966575	
reads/ERR4315526_2.fastq.gz	3246064131	1788966574	
reads/ERR4315527_1.fastq.gz	1264811872	1789061578	
reads/ERR4315527_2.fastq.gz	1286479172	1789061578	
reads/ERR4315528_1.fastq.gz	1499463278	1789066721	
reads/ERR4315528_2.fastq.gz	1534327274	1789066721	
reads/ERR4315529_1.fastq.gz	1375786529	1788996080	
reads/ERR4315529_2.fastq.gz	1399509967	1788996081	
reads/ERR4315530_1.fastq.gz	1959380342	1788965372	
reads/ERR4315530_2.fastq.gz	1933879581	1788965372	
reads/ERR4315531_1.fastq.gz	2203228397	1788983927	
reads/ERR4315531_2.fastq.gz	2180172024	1788983927	
reads/ERR4315532_1.fastq.gz	1546406839	1789029397	
reads/ERR4315532_2.fastq.gz	1523398518	1789029397	
reads/ERR4315533_1.fastq.gz	1925433585	1789024754	
reads/ERR4315533_2.fastq.gz	1903614397	1789024707	
reads/ERR4315534_1.fastq.gz	2596696573	1789035476	
reads/ERR4315534_2.fastq.gz	2557590988	1789035484	
reads/ERR4315535_1.fastq.gz	1583458888	1788997523	
reads/ERR4315535_2.fastq.gz	1511391751	1788997523	
reads/ERR4315536_1.fastq.gz	1881288217	1789054708	
reads/ERR4315536_2.fastq.gz	2084179805	1789054707	
reads/ERR4315537_1.fastq.gz	2056090541	1788967340	
reads/ERR4315537_2.fastq.gz	2306079860	1788967339	
reads/ERR4315538_1.fastq.gz	626047232	1789048542	
reads/ERR4315538_2.fastq.gz	711904621	1789048542	
reads/ERR4315539_1.fastq.gz	1913846179	1789061606	
reads/ERR4315539_2.fastq.gz	2132825208	1789061605	
reads/ERR4315540_1.fastq.gz	2184032176	1788954918	
reads/ERR4315540_2.fastq.gz	2151367747	1788954918	
reads/ERR4315541_1.fastq.gz	1570865471	1789028140	
reads/ERR4315541_2.fastq.gz	1723868376	1789028138	
reads/ERR4315542_1.fastq.gz	1775035156	1788966126	
reads/ERR4315542_2.fastq.gz	1970000495	1788966126	
reads/ERR4315543_1.fastq.gz	2329986384	1789060749	
reads/ERR4315543_2.fastq.gz	2613111907	1789060750	
reads/ERR4315544_1.fastq.gz	1939126972	1789039677	
reads/ERR4315544_2.fastq.gz	2194514744	1789039677	
reads/ERR4315545_1.fastq.gz	1809945941	1788998697	
reads/ERR4315545_2.fastq.gz	2026707397	1788998697	
reads/ERR4315546_1.fastq.gz	2028454682	1789013771	
reads/ERR4315546_2.fastq.gz	2283797040	1789013770	
reads/ERR4315547_1.fastq.gz	2062772190	1789057463	
reads/ERR4315547_2.fastq.gz	2303661002	1789057462	
reads/ERR4315548_1.fastq.gz	1890799288	1788991440	
reads/ERR4315548_2.fastq.gz	2078427930	1788991440	
reads/ERR4315549_1.fastq.gz	2011936152	1788967195	
reads/ERR4315549_2.fastq.gz	2020588880	1788967195	
reads/ERR4315550_1.fastq.gz	2502363674	1789019877	
reads/ERR4315550_2.fastq.gz	2499314147	1789019877	
reads/ERR4315551_1.fastq.gz	2138726601	1788985930	
reads/ERR4315551_2.fastq.gz	2146714426	1788985929	
reads/ERR4315552_1.fastq.gz	1745001206	1788997011	
reads/ERR4315552_2.fastq.gz	1731077588	1788997011	
reads/ERR4315553_1.fastq.gz	2089534256	1789048564	
reads/ERR4315553_2.fastq.gz	2078040767	1789048563	
reads/ERR4315554_1.fastq.gz	1704557096	1789042420	
reads/ERR4315554_2.fastq.gz	1693700274	1789042421	
reads/ERR4315555_1.fastq.gz	1452867017	1788999718	
reads/ERR4315555_2.fastq.gz	1442416332	1788999718	
reads/ERR4315556_1.fastq.gz	1400901669	1789002201	
reads/ERR4315556_2.fastq.gz	1394739149	1789002201	
reads/ERR4315557_1.fastq.gz	1525638867	1788973001	
reads/ERR4315557_2.fastq.gz	1537213864	1788973001	
reads/ERR4315558_1.fastq.gz	1339351983	1789060402	
reads/ERR4315558_2.fastq.gz	1352238195	1789060402	
reads/ERR4315559_1.fastq.gz	1983857756	1789051096	
reads/ERR4315559_2.fastq.gz	1993377736	1789051095	
reads/ERR4315560_1.fastq.gz	2226676804	1789014110	
reads/ERR4315560_2.fastq.gz	2237116943	1789014110	
reads/ERR4315561_1.fastq.gz	1753323904	1789008365	
reads/ERR4315561_2.fastq.gz	1758067084	1789008365	
reads/ERR4315562_1.fastq.gz	2028458249	1789033661	
reads/ERR4315562_2.fastq.gz	2034909086	1789033661	
reads/ERR4315563_1.fastq.gz	2041343489	1789049425	
reads/ERR4315563_2.fastq.gz	2049989848	1789049425	
reads/ERR4315564_1.fastq.gz	1922918466	1789374522	
reads/ERR4315564_2.fastq.gz	1838457644	1789374522	
reads/ERR4315565_1.fastq.gz	1927213007	1788983637	
reads/ERR4315565_2.fastq.gz	1839652063	1788983637	
reads/ERR4315566_1.fastq.gz	1711884732	1789000833	
reads/ERR4315566_2.fastq.gz	1636427833	1789000833	
reads/ERR4315567_1.fastq.gz	1533411204	1789062010	
reads/ERR4315567_2.fastq.gz	1464709827	1789062010	
reads/ERR4315568_1.fastq.gz	1852892476	1789068198	
reads/ERR4315568_2.fastq.gz	1768138645	1789068198	
reads/ERR4315569_1.fastq.gz	1521155600	1789037479	
reads/ERR4315569_2.fastq.gz	1454411260	1789037479	
reads/ERR4315570_1.fastq.gz	1753041150	1788993935	
reads/ERR4315570_2.fastq.gz	1672762601	1788993934	
reads/ERR4315571_1.fastq.gz	2220603821	1788992692	
reads/ERR4315571_2.fastq.gz	2121549055	1788992692	
reads/ERR4315572_1.fastq.gz	2328750229	1789045606	
reads/ERR4315572_2.fastq.gz	2225548097	1789045606	
reads/ERR4315573_1.fastq.gz	2198912822	1788971362	
reads/ERR4315573_2.fastq.gz	2101452633	1788971362	
reads/ERR4315574_1.fastq.gz	1018289797	1789040041	
reads/ERR4315574_2.fastq.gz	972785760	1789040042	
reads/ERR4315575_1.fastq.gz	2000615298	1788964050	
reads/ERR4315575_2.fastq.gz	1911329014	1788964049	
reads/ERR4315576_1.fastq.gz	2065880114	1788962917	
reads/ERR4315576_2.fastq.gz	1968387733	1788962917	
reads/ERR4315577_1.fastq.gz	2585091227	1789068197	
reads/ERR4315577_2.fastq.gz	2474532676	1789068197	
reads/ERR4315578_1.fastq.gz	2078068957	1789039820	
reads/ERR4315578_2.fastq.gz	2053817155	1789039820	
reads/ERR4315579_1.fastq.gz	2059005088	1789066162	
reads/ERR4315579_2.fastq.gz	1965611754	1789066161	
reads/ERR4315580_1.fastq.gz	2695811866	1789020497	
reads/ERR4315580_2.fastq.gz	2660256495	1789020497	
reads/ERR4315581_1.fastq.gz	1375652390	1789044775	
reads/ERR4315581_2.fastq.gz	1314857754	1789044775	
reads/ERR4315582_1.fastq.gz	1936999433	1788973890	
reads/ERR4315582_2.fastq.gz	1853217147	1788973889	
reads/ERR4315583_1.fastq.gz	1658812200	1788956695	
reads/ERR4315583_2.fastq.gz	1569247487	1788956696	
reads/ERR4315584_1.fastq.gz	1071170071	1789050397	
reads/ERR4315584_2.fastq.gz	1205156931	1789050397	
reads/ERR4315585_1.fastq.gz	1970812635	1788984313	
reads/ERR4315585_2.fastq.gz	2232723921	1788984314	
reads/ERR4315586_1.fastq.gz	1637908775	1788955536	
reads/ERR4315586_2.fastq.gz	1863006400	1788955536	
reads/ERR4315587_1.fastq.gz	1561381388	1788952993	
reads/ERR4315587_2.fastq.gz	1771067768	1788952993	
reads/ERR4315588_1.fastq.gz	1732762867	1788987390	
reads/ERR4315588_2.fastq.gz	1836994557	1788987390	
reads/ERR4315589_1.fastq.gz	1932473566	1788992121	
reads/ERR4315589_2.fastq.gz	2055596462	1788992121	
reads/ERR4315590_1.fastq.gz	1678943397	1789058898	
reads/ERR4315590_2.fastq.gz	1795977733	1789058899	
reads/ERR4315591_1.fastq.gz	1573864324	1788973930	
reads/ERR4315591_2.fastq.gz	1673549740	1788973929	
reads/ERR4315592_1.fastq.gz	2030223472	1788966538	
reads/ERR4315592_2.fastq.gz	2151861159	1788966538	
reads/ERR4315593_1.fastq.gz	2174935318	1788973025	
reads/ERR4315593_2.fastq.gz	2324254457	1788973026	
reads/ERR4315594_1.fastq.gz	1507611831	1789059237	
reads/ERR4315594_2.fastq.gz	1600399454	1789059237	
reads/ERR4315595_1.fastq.gz	1750276671	1789054510	
reads/ERR4315595_2.fastq.gz	1850715769	1789054510	
reads/ERR4315596_1.fastq.gz	1490487406	1789057771	
reads/ERR4315596_2.fastq.gz	1581903902	1789057771	
reads/ERR4315597_1.fastq.gz	1461328797	1789028839	
reads/ERR4315597_2.fastq.gz	1540632072	1789028839	
reads/ERR4315598_1.fastq.gz	1788510810	1789012007	
reads/ERR4315598_2.fastq.gz	1894865210	1789012007	
reads/ERR4315599_1.fastq.gz	1619965001	1788985333	
reads/ERR4315599_2.fastq.gz	1719891339	1788985333	
reads/ERR4315600_1.fastq.gz	1745669865	1788984142	
reads/ERR4315600_2.fastq.gz	1836074655	1788984142	
reads/ERR4315601_1.fastq.gz	1675934986	1789030365	
reads/ERR4315601_2.fastq.gz	1775402061	1789030366	
reads/ERR4315602_1.fastq.gz	1647593210	1789042581	
reads/ERR4315602_2.fastq.gz	1746522585	1789042581	
reads/ERR4315603_1.fastq.gz	1533367550	1788844352	
reads/ERR4315603_2.fastq.gz	1645929789	1788844353	
reads/ERR4315604_1.fastq.gz	1688592281	1789035846	
reads/ERR4315604_2.fastq.gz	1759712806	1789035926	
reads/ERR4315605_1.fastq.gz	1379348673	1788965634	
reads/ERR4315605_2.fastq.gz	1429375888	1788965634	
reads/ERR4315606_1.fastq.gz	1262447365	1789054414	
reads/ERR4315606_2.fastq.gz	1296623266	1789054414	
reads/ERR4315607_1.fastq.gz	1502430922	1788982275	
reads/ERR4315607_2.fastq.gz	1566119936	1788982277	
reads/ERR4315608_1.fastq.gz	1540511579	1788975136	
reads/ERR4315608_2.fastq.gz	1595886277	1788975136	
reads/ERR4315609_1.fastq.gz	1620966290	1788971208	
reads/ERR4315609_2.fastq.gz	1668776547	1788971206	
reads/ERR4315610_1.fastq.gz	1449781032	1788967559	
reads/ERR4315610_2.fastq.gz	1502382480	1788967559	
reads/ERR4315611_1.fastq.gz	1632215313	1789049376	
reads/ERR4315611_2.fastq.gz	1685197934	1789049376	
reads/ERR4315612_1.fastq.gz	1398742666	1789063908	
reads/ERR4315612_2.fastq.gz	1456851364	1789063908	
reads/ERR4315613_1.fastq.gz	1454642424	1788956927	
reads/ERR4315613_2.fastq.gz	1503467593	1788956927	
reads/ERR4315614_1.fastq.gz	1272309379	1789026322	
reads/ERR4315614_2.fastq.gz	1300226663	1789026320	
reads/ERR4315615_1.fastq.gz	1463228157	1788956700	
reads/ERR4315615_2.fastq.gz	1512479057	1788956700	
reads/ERR4315616_1.fastq.gz	1186836041	1789047219	
reads/ERR4315616_2.fastq.gz	1206866575	1789047219	
reads/ERR4315617_1.fastq.gz	1201719585	1789061376	
reads/ERR4315617_2.fastq.gz	1222650639	1789061376	
reads/ERR4315618_1.fastq.gz	2101465472	1789064891	
reads/ERR4315618_2.fastq.gz	2220196310	1789064893	
reads/ERR4315619_1.fastq.gz	1427850385	1788973900	
reads/ERR4315619_2.fastq.gz	1449003017	1788973900	
reads/ERR4315620_1.fastq.gz	1894306459	1789001660	
reads/ERR4315620_2.fastq.gz	1903514858	1789001658	
reads/ERR4315621_1.fastq.gz	1879613383	1789006730	
reads/ERR4315621_2.fastq.gz	1891420645	1789006731	
reads/ERR4315622_1.fastq.gz	1818923534	1788988529	
reads/ERR4315622_2.fastq.gz	1832692452	1788988528	
reads/ERR4315623_1.fastq.gz	1989799840	1789039025	
reads/ERR4315623_2.fastq.gz	1993805380	1789039024	
reads/ERR4315624_1.fastq.gz	1994467637	1789023948	
reads/ERR4315624_2.fastq.gz	2004326175	1789023947	
reads/ERR4315625_1.fastq.gz	2264541498	1788977359	
reads/ERR4315625_2.fastq.gz	2242821021	1788977360	
reads/ERR4315626_1.fastq.gz	2162324974	1788992161	
reads/ERR4315626_2.fastq.gz	2159192397	1788992159	
reads/ERR4315627_1.fastq.gz	1421649357	1789059220	
reads/ERR4315627_2.fastq.gz	1417004841	1789059220	
reads/ERR4315628_1.fastq.gz	1701228164	1789032244	
reads/ERR4315628_2.fastq.gz	1692815801	1789032243	
reads/ERR4315629_1.fastq.gz	1861657268	1788993562	
reads/ERR4315629_2.fastq.gz	1853158511	1788993562	
reads/ERR4315630_1.fastq.gz	1355625235	1789060471	
reads/ERR4315630_2.fastq.gz	1332543136	1789060471	
reads/ERR4315631_1.fastq.gz	1428920149	1789008479	
reads/ERR4315631_2.fastq.gz	1406723723	1789008479	
reads/ERR4315632_1.fastq.gz	2053567913	1788995304	
reads/ERR4315632_2.fastq.gz	2047247673	1788995303	
reads/ERR4315633_1.fastq.gz	3533200496	1789040695	
reads/ERR4315633_2.fastq.gz	3532976451	1789040695	
reads/ERR4315634_1.fastq.gz	1862158695	1789065482	
reads/ERR4315634_2.fastq.gz	1852494961	1789065482	
reads/ERR4315635_1.fastq.gz	1461935547	1788997638	
reads/ERR4315635_2.fastq.gz	1457538776	1788997638	
reads/ERR4315636_1.fastq.gz	1793607404	1789016193	
reads/ERR4315636_2.fastq.gz	1789891399	1789016193	
reads/ERR4315637_1.fastq.gz	1766826292	1788982352	
reads/ERR4315637_2.fastq.gz	1757661513	1788982352	
reads/ERR4315638_1.fastq.gz	1599263126	1789028418	
reads/ERR4315638_2.fastq.gz	1596443006	1789028418	
reads/ERR4315639_1.fastq.gz	1903256129	1789036704	
reads/ERR4315639_2.fastq.gz	1899786033	1789036704	
reads/ERR4315640_1.fastq.gz	1722812536	1789018201	
reads/ERR4315640_2.fastq.gz	1721082519	1789018200	
reads/ERR4315641_1.fastq.gz	2103006717	1788991015	
reads/ERR4315641_2.fastq.gz	2090110126	1788991015	
reads/ERR4315642_1.fastq.gz	1725718598	1789032859	
reads/ERR4315642_2.fastq.gz	1710279430	1789032859	
reads/ERR4315643_1.fastq.gz	1725313622	1789043150	
reads/ERR4315643_2.fastq.gz	1724842172	1789043150	
reads/ERR4315644_1.fastq.gz	1552332061	1789007520	
reads/ERR4315644_2.fastq.gz	1554292652	1789007519	
reads/ERR4315645_1.fastq.gz	1942951293	1788994025	
reads/ERR4315645_2.fastq.gz	1936614029	1788994026	
reads/ERR4315646_1.fastq.gz	1962263857	1788840686	
reads/ERR4315646_2.fastq.gz	1960742453	1788840686	
reads/ERR4315648_1.fastq.gz	1805615576	1789048312	
reads/ERR4315648_2.fastq.gz	1722773013	1789048312	
reads/ERR4315649_1.fastq.gz	3384067033	1789024004	
reads/ERR4315649_2.fastq.gz	3320935169	1789024004	
reads/ERR4315650_1.fastq.gz	1849826897	1789023958	
reads/ERR4315650_2.fastq.gz	1842453021	1789023958	
reads/ERR4315651_1.fastq.gz	1555630185	1789031835	
reads/ERR4315651_2.fastq.gz	1551288105	1789031835	
reads/ERR4315652_1.fastq.gz	1597172107	1789011827	
reads/ERR4315652_2.fastq.gz	1591840640	1789011827	
reads/ERR4315653_1.fastq.gz	1572434391	1788988506	
reads/ERR4315653_2.fastq.gz	1564664471	1788988506	
reads/ERR4315654_1.fastq.gz	1202710619	1789056226	
reads/ERR4315654_2.fastq.gz	1217952866	1789056226	
reads/ERR4315655_1.fastq.gz	1605631006	1789037684	
reads/ERR4315655_2.fastq.gz	1600537008	1789037684	
reads/ERR4315656_1.fastq.gz	1939810485	1789049015	
reads/ERR4315656_2.fastq.gz	1923469086	1789049015	
reads/ERR4315657_1.fastq.gz	2040674528	1789064262	
reads/ERR4315657_2.fastq.gz	2027740792	1789064265	
reads/ERR4315658_1.fastq.gz	1579412306	1788955065	
reads/ERR4315658_2.fastq.gz	1567139463	1788955065	
reads/ERR4315659_1.fastq.gz	1546874504	1789039885	
reads/ERR4315659_2.fastq.gz	1532814649	1789039886	
reads/ERR4315660_1.fastq.gz	1183347652	1788963179	
reads/ERR4315660_2.fastq.gz	1204006728	1788963179	
reads/ERR4315661_1.fastq.gz	2975966703	1788990312	
reads/ERR4315661_2.fastq.gz	2956268448	1788990314	
reads/ERR4315662_1.fastq.gz	2270282993	1788972448	
reads/ERR4315662_2.fastq.gz	2249823764	1788972448	
reads/ERR4315663_1.fastq.gz	1111602235	1789018036	
reads/ERR4315663_2.fastq.gz	1128202221	1789018036	
reads/ERR4315664_1.fastq.gz	1340715586	1788958819	
reads/ERR4315664_2.fastq.gz	1353732210	1788958819	
reads/ERR4315665_1.fastq.gz	2098436645	1788978252	
reads/ERR4315665_2.fastq.gz	2371449576	1788978251	
reads/ERR4315666_1.fastq.gz	2939310593	1788979563	
reads/ERR4315666_2.fastq.gz	2936350087	1788979563	
reads/ERR4315667_1.fastq.gz	3091563680	1789027606	
reads/ERR4315667_2.fastq.gz	3089294207	1789027605	
reads/ERR4315668_1.fastq.gz	2913138871	1788989218	
reads/ERR4315668_2.fastq.gz	2915677762	1788989219	
reads/ERR4315669_1.fastq.gz	3325795518	1788986000	
reads/ERR4315669_2.fastq.gz	3326822153	1788986002	
reads/ERR4315670_1.fastq.gz	958858045	1789039390	
reads/ERR4315670_2.fastq.gz	990843545	1789039390	
reads/ERR4315671_1.fastq.gz	867167119	1788985942	
reads/ERR4315671_2.fastq.gz	900538577	1788985942	
reads/ERR4315672_1.fastq.gz	1305165105	1788965714	
reads/ERR4315672_2.fastq.gz	1343780871	1788965714	
reads/ERR4315673_1.fastq.gz	925273316	1788973182	
reads/ERR4315673_2.fastq.gz	958148941	1788973181	
reads/ERR4315674_1.fastq.gz	1019282912	1789048142	
reads/ERR4315674_2.fastq.gz	1058297994	1789048142	
reads/ERR4315675_1.fastq.gz	928185238	1789040783	
reads/ERR4315675_2.fastq.gz	952583166	1789040783	
reads/ERR4315676_1.fastq.gz	892949880	1788962459	
reads/ERR4315676_2.fastq.gz	919494683	1788962459	
reads/ERR4315677_1.fastq.gz	817304352	1788998810	
reads/ERR4315677_2.fastq.gz	844589144	1788998810	
reads/ERR4315678_1.fastq.gz	1476893931	1789059427	
reads/ERR4315678_2.fastq.gz	1478258239	1789059426	
reads/ERR4315679_1.fastq.gz	246846078	1788882755	
reads/ERR4315679_2.fastq.gz	258969002	1788882755	
reads/ERR4315685_1.fastq.gz	1845345076	1788953231	
reads/ERR4315685_2.fastq.gz	1759926859	1788953231	
reads/ERR4349055.fastq.gz	1470953514	1789482097	
reads/ERR4349059.fastq.gz	1671245377	1789482155	
reads/ERR4352130_1.fastq.gz	6111820772	1789463274	
reads/ERR4352130_2.fastq.gz	6259201743	1789463274	
reads/ERR4352131_1.fastq.gz	6920677460	1789464248	
reads/ERR4352131_2.fastq.gz	7104039350	1789464250	
reads/ERR4352134_1.fastq.gz	7970141549	1789465319	
reads/ERR4352134_2.fastq.gz	8207771641	1789465318	
reads/ERR4352135_1.fastq.gz	9897214238	1789463292	
reads/ERR4352135_2.fastq.gz	10153817022	1789463291	
reads/ERR4421877_1.fastq.gz	569032812	1789331492	
reads/ERR4421877_2.fastq.gz	572369412	1789331492	
reads/ERR4421878_1.fastq.gz	1621507658	1789332553	
reads/ERR4421878_2.fastq.gz	1630278990	1789332552	
reads/ERR4421879_1.fastq.gz	585259108	1789331979	
reads/ERR4421879_2.fastq.gz	590311363	1789331979	
reads/ERR4421880_1.fastq.gz	707225013	1789332123	
reads/ERR4421880_2.fastq.gz	713656513	1789332124	
reads/ERR4421881_1.fastq.gz	1565375373	1789332136	
reads/ERR4421881_2.fastq.gz	1571831345	1789332136	
reads/ERR4421882_1.fastq.gz	733908924	1789332435	
reads/ERR4421882_2.fastq.gz	738369499	1789332435	
reads/ERR4421883_1.fastq.gz	1355967892	1789331787	
reads/ERR4421883_2.fastq.gz	1366214866	1789331787	
reads/ERR4421884_1.fastq.gz	609681270	1789332488	
reads/ERR4421884_2.fastq.gz	616355879	1789332488	
reads/ERR4761816_1.fastq.gz	2329528658	1788842735	
reads/ERR4761816_2.fastq.gz	2219007840	1788842734	
reads/ERR4761817_1.fastq.gz	1954248515	1788967597	
reads/ERR4761817_2.fastq.gz	1864989041	1788967596	
reads/ERR4761818_1.fastq.gz	1634407778	1788962687	
reads/ERR4761818_2.fastq.gz	1614923444	1788962686	
reads/ERR4761819_1.fastq.gz	1979404722	1788981956	
reads/ERR4761819_2.fastq.gz	1952235382	1788981956	
reads/ERR4761820_1.fastq.gz	1990372804	1788980393	
reads/ERR4761820_2.fastq.gz	1965908248	1788980393	
reads/ERR4761821_1.fastq.gz	2139885586	1788970651	
reads/ERR4761821_2.fastq.gz	2109450472	1788970651	
reads/ERR4761822_1.fastq.gz	2352796940	1788995887	
reads/ERR4761822_2.fastq.gz	2317139128	1788995888	
reads/ERR4761823_1.fastq.gz	2288540700	1788961408	
reads/ERR4761823_2.fastq.gz	2181887009	1788961408	
reads/ERR4761824_1.fastq.gz	1316102941	1789038425	
reads/ERR4761824_2.fastq.gz	1257993343	1789038424	
reads/ERR4761825_1.fastq.gz	1824041629	1789045901	
reads/ERR4761825_2.fastq.gz	1743782900	1789045901	
reads/ERR4761826_1.fastq.gz	1974300611	1789030734	
reads/ERR4761826_2.fastq.gz	1891391282	1789030734	
reads/ERR4761827_1.fastq.gz	2848644488	1788974465	
reads/ERR4761827_2.fastq.gz	2807083836	1788974465	
reads/ERR4761828_1.fastq.gz	2218215195	1788975907	
reads/ERR4761828_2.fastq.gz	2110601754	1788975907	
reads/ERR4761829_1.fastq.gz	2012465291	1788965575	
reads/ERR4761829_2.fastq.gz	1919557736	1788965575	
reads/ERR4761830_1.fastq.gz	1928341205	1788969463	
reads/ERR4761830_2.fastq.gz	1823579830	1788969464	
reads/ERR5696201_1.fastq.gz	812138285	1789273966	
reads/ERR5696201_2.fastq.gz	842292586	1789273966	
reads/ERR5696202_1.fastq.gz	848612487	1789273715	
reads/ERR5696202_2.fastq.gz	892939847	1789273715	
reads/ERR5696203_1.fastq.gz	743212904	1789273855	
reads/ERR5696203_2.fastq.gz	790296945	1789273855	
reads/ERR5696204_1.fastq.gz	723413249	1789273856	
reads/ERR5696204_2.fastq.gz	769125114	1789273857	
reads/ERR5696205_1.fastq.gz	754704693	1789274296	
reads/ERR5696205_2.fastq.gz	798557820	1789274296	
reads/ERR5696206_1.fastq.gz	733601965	1789274396	
reads/ERR5696206_2.fastq.gz	775375663	1789274396	
reads/ERR5696207_1.fastq.gz	991279300	1789311151	
reads/ERR5696207_2.fastq.gz	1038173923	1789311151	
reads/ERR5696208_1.fastq.gz	1039665777	1789311013	
reads/ERR5696208_2.fastq.gz	1104859448	1789311013	
reads/ERR5696209_1.fastq.gz	886000122	1789310824	
reads/ERR5696209_2.fastq.gz	947867066	1789310824	
reads/ERR5696210_1.fastq.gz	862300581	1789310858	
reads/ERR5696210_2.fastq.gz	922364005	1789310858	
reads/ERR5696211_1.fastq.gz	920416058	1789310935	
reads/ERR5696211_2.fastq.gz	975642785	1789310935	
reads/ERR5696212_1.fastq.gz	893052497	1789311196	
reads/ERR5696212_2.fastq.gz	946122556	1789311196	
reads/ERR5696213_1.fastq.gz	955994004	1789273409	
reads/ERR5696213_2.fastq.gz	998699933	1789273409	
reads/ERR5696214_1.fastq.gz	1000847078	1789271811	
reads/ERR5696214_2.fastq.gz	1060476855	1789271811	
reads/ERR5696215_1.fastq.gz	860318113	1789273094	
reads/ERR5696215_2.fastq.gz	922425982	1789273094	
reads/ERR5696216_1.fastq.gz	837187114	1789272525	
reads/ERR5696216_2.fastq.gz	897412342	1789272525	
reads/ERR5696217_1.fastq.gz	887966257	1789272776	
reads/ERR5696217_2.fastq.gz	945914177	1789272776	
reads/ERR5696218_1.fastq.gz	862778615	1789273481	
reads/ERR5696218_2.fastq.gz	918048009	1789273481	
reads/ERR5696219_1.fastq.gz	851352698	1789274515	
reads/ERR5696219_2.fastq.gz	894824937	1789274515	
reads/ERR5696220_1.fastq.gz	891875784	1789274601	
reads/ERR5696220_2.fastq.gz	950740882	1789274601	
reads/ERR5696221_1.fastq.gz	765919257	1789274992	
reads/ERR5696221_2.fastq.gz	827199871	1789274992	
reads/ERR5696222_1.fastq.gz	744830094	1789274716	
reads/ERR5696222_2.fastq.gz	804294393	1789274716	
reads/ERR5696223_1.fastq.gz	792541293	1789275064	
reads/ERR5696223_2.fastq.gz	851709858	1789275064	
reads/ERR5696224_1.fastq.gz	767961605	1789274597	
reads/ERR5696224_2.fastq.gz	824572817	1789274597	
reads/ERR5696225_1.fastq.gz	956206860	1789309631	
reads/ERR5696225_2.fastq.gz	998377488	1789309630	
reads/ERR5696226_1.fastq.gz	1003820889	1789308722	
reads/ERR5696226_2.fastq.gz	1062712608	1789308722	
reads/ERR5696227_1.fastq.gz	867702575	1789308494	
reads/ERR5696227_2.fastq.gz	928168378	1789308494	
reads/ERR5696228_1.fastq.gz	844303352	1789309251	
reads/ERR5696228_2.fastq.gz	902944131	1789309251	
reads/ERR5696229_1.fastq.gz	895727890	1789309326	
reads/ERR5696229_2.fastq.gz	952403196	1789309326	
reads/ERR5696230_1.fastq.gz	869956786	1789378230	
reads/ERR5696230_2.fastq.gz	924176983	1789378230	
reads/ERR5696231_1.fastq.gz	857066654	1789310363	
reads/ERR5696231_2.fastq.gz	898382527	1789310363	
reads/ERR5696232_1.fastq.gz	895670352	1789310577	
reads/ERR5696232_2.fastq.gz	952184311	1789310577	
reads/ERR5696233_1.fastq.gz	777623395	1789310061	
reads/ERR5696233_2.fastq.gz	835097745	1789310061	
reads/ERR5696234_1.fastq.gz	757758234	1789310476	
reads/ERR5696234_2.fastq.gz	813709640	1789310476	
reads/ERR5696235_1.fastq.gz	802463272	1789310331	
reads/ERR5696235_2.fastq.gz	857218423	1789310331	
reads/ERR5696236_1.fastq.gz	778499702	1789310201	
reads/ERR5696236_2.fastq.gz	830797299	1789310201	
reads/ERR5696237_1.fastq.gz	1228939594	1789277039	
reads/ERR5696237_2.fastq.gz	1295956791	1789277039	
reads/ERR5696238_1.fastq.gz	1297815709	1789276803	
reads/ERR5696238_2.fastq.gz	1388006640	1789276803	
reads/ERR5696239_1.fastq.gz	1077387872	1789276335	
reads/ERR5696239_2.fastq.gz	1161666576	1789276335	
reads/ERR5696240_1.fastq.gz	1046742579	1789276364	
reads/ERR5696240_2.fastq.gz	1127972470	1789276364	
reads/ERR5696241_1.fastq.gz	1139058224	1789276912	
reads/ERR5696241_2.fastq.gz	1215626953	1789276912	
reads/ERR5696242_1.fastq.gz	1101865507	1789276877	
reads/ERR5696242_2.fastq.gz	1175134667	1789276877	
reads/ERR5696243_1.fastq.gz	1124049866	1789278033	
reads/ERR5696243_2.fastq.gz	1178593437	1789278033	
reads/ERR5696244_1.fastq.gz	1180677624	1789277447	
reads/ERR5696244_2.fastq.gz	1256663642	1789277447	
reads/ERR5696245_1.fastq.gz	997143824	1789277416	
reads/ERR5696245_2.fastq.gz	1068444163	1789277416	
reads/ERR5696246_1.fastq.gz	970088479	1789277170	
reads/ERR5696246_2.fastq.gz	1039175091	1789277170	
reads/ERR5696247_1.fastq.gz	1045579055	1789278006	
reads/ERR5696247_2.fastq.gz	1110418566	1789278006	
reads/ERR5696248_1.fastq.gz	1014748927	1789277052	
reads/ERR5696248_2.fastq.gz	1076692577	1789277052	
reads/ERR5696249_1.fastq.gz	972169733	1789280057	
reads/ERR5696249_2.fastq.gz	1018307803	1789280057	
reads/ERR5696250_1.fastq.gz	1022285687	1789280162	
reads/ERR5696250_2.fastq.gz	1086605395	1789280162	
reads/ERR5696251_1.fastq.gz	863182110	1789280429	
reads/ERR5696251_2.fastq.gz	925799302	1789280429	
reads/ERR5696252_1.fastq.gz	840130546	1789279928	
reads/ERR5696252_2.fastq.gz	900692830	1789279928	
reads/ERR5696253_1.fastq.gz	901872290	1789280621	
reads/ERR5696253_2.fastq.gz	959178182	1789280621	
reads/ERR5696254_1.fastq.gz	874196451	1789279935	
reads/ERR5696254_2.fastq.gz	928752870	1789279935	
reads/ERR5696255_1.fastq.gz	875491285	1789282660	
reads/ERR5696255_2.fastq.gz	920844876	1789282660	
reads/ERR5696256_1.fastq.gz	917891673	1789282694	
reads/ERR5696256_2.fastq.gz	979469079	1789282694	
reads/ERR5696257_1.fastq.gz	780355804	1789282622	
reads/ERR5696257_2.fastq.gz	840665220	1789282622	
reads/ERR5696258_1.fastq.gz	758877712	1789282589	
reads/ERR5696258_2.fastq.gz	817544341	1789282589	
reads/ERR5696259_1.fastq.gz	811687155	1789282618	
reads/ERR5696259_2.fastq.gz	869958116	1789282617	
reads/ERR5696260_1.fastq.gz	788309933	1789308460	
reads/ERR5696260_2.fastq.gz	842932329	1789308460	
reads/ERR5696261_1.fastq.gz	752101225	1789281825	
reads/ERR5696261_2.fastq.gz	786211320	1789281825	
reads/ERR5696262_1.fastq.gz	784784047	1789282256	
reads/ERR5696262_2.fastq.gz	831138677	1789282256	
reads/ERR5696263_1.fastq.gz	668482827	1789282500	
reads/ERR5696263_2.fastq.gz	717553161	1789282499	
reads/ERR5696264_1.fastq.gz	649830272	1789282005	
reads/ERR5696264_2.fastq.gz	697458317	1789282004	
reads/ERR5696265_1.fastq.gz	689308348	1789281927	
reads/ERR5696265_2.fastq.gz	738963853	1789281927	
reads/ERR5696266_1.fastq.gz	669139028	1789282431	
reads/ERR5696266_2.fastq.gz	716691568	1789282431	
reads/ERR5696267_1.fastq.gz	1049215388	1789280657	
reads/ERR5696267_2.fastq.gz	1100094970	1789280658	
reads/ERR5696268_1.fastq.gz	1104934536	1789280822	
reads/ERR5696268_2.fastq.gz	1175763147	1789280822	
reads/ERR5696269_1.fastq.gz	929537870	1789280862	
reads/ERR5696269_2.fastq.gz	996976040	1789280862	
reads/ERR5696270_1.fastq.gz	903631220	1789281140	
reads/ERR5696270_2.fastq.gz	968930945	1789281140	
reads/ERR5696271_1.fastq.gz	974246974	1789280572	
reads/ERR5696271_2.fastq.gz	1035441896	1789280572	
reads/ERR5696272_1.fastq.gz	944134658	1789280986	
reads/ERR5696272_2.fastq.gz	1002578209	1789280986	
reads/ERR5696273_1.fastq.gz	874851602	1789275475	
reads/ERR5696273_2.fastq.gz	911506409	1789275475	
reads/ERR5696274_1.fastq.gz	918800238	1789275096	
reads/ERR5696274_2.fastq.gz	970820467	1789275096	
reads/ERR5696275_1.fastq.gz	800313794	1789275150	
reads/ERR5696275_2.fastq.gz	853456949	1789275150	
reads/ERR5696276_1.fastq.gz	778627172	1789275386	
reads/ERR5696276_2.fastq.gz	830032687	1789275386	
reads/ERR5696277_1.fastq.gz	818729054	1789275425	
reads/ERR5696277_2.fastq.gz	868759352	1789275424	
reads/ERR5696278_1.fastq.gz	794226802	1789275302	
reads/ERR5696278_2.fastq.gz	841829204	1789275302	
reads/ERR5696279_1.fastq.gz	865957840	1789279813	
reads/ERR5696279_2.fastq.gz	903950826	1789279813	
reads/ERR5696280_1.fastq.gz	906959568	1789279700	
reads/ERR5696280_2.fastq.gz	960566793	1789279700	
reads/ERR5696281_1.fastq.gz	783718911	1789279616	
reads/ERR5696281_2.fastq.gz	839228068	1789279616	
reads/ERR5696282_1.fastq.gz	762784292	1789279133	
reads/ERR5696282_2.fastq.gz	816678116	1789279133	
reads/ERR5696283_1.fastq.gz	807063870	1789279271	
reads/ERR5696283_2.fastq.gz	858538459	1789279271	
reads/ERR5696284_1.fastq.gz	782967043	1789279707	
reads/ERR5696284_2.fastq.gz	831979866	1789279707	
reads/ERR5696285_1.fastq.gz	764279032	1789278047	
reads/ERR5696285_2.fastq.gz	792390267	1789278047	
reads/ERR5696286_1.fastq.gz	797389995	1789278161	
reads/ERR5696286_2.fastq.gz	838716885	1789278161	
reads/ERR5696287_1.fastq.gz	702071310	1789278074	
reads/ERR5696287_2.fastq.gz	748479394	1789278074	
reads/ERR5696288_1.fastq.gz	683576844	1789278111	
reads/ERR5696288_2.fastq.gz	728712681	1789278111	
reads/ERR5696289_1.fastq.gz	710003705	1789278521	
reads/ERR5696289_2.fastq.gz	753839475	1789278521	
reads/ERR5696290_1.fastq.gz	689849986	1789278389	
reads/ERR5696290_2.fastq.gz	731862158	1789278389	
reads/ERR5696291_1.fastq.gz	1025962686	1789307644	
reads/ERR5696291_2.fastq.gz	1077710623	1789307644	
reads/ERR5696292_1.fastq.gz	1074089200	1789281672	
reads/ERR5696292_2.fastq.gz	1144514113	1789281672	
reads/ERR5696293_1.fastq.gz	924994308	1789281797	
reads/ERR5696293_2.fastq.gz	996337131	1789281797	
reads/ERR5696294_1.fastq.gz	899885240	1789281579	
reads/ERR5696294_2.fastq.gz	969240607	1789281579	
reads/ERR5696295_1.fastq.gz	955514851	1789281659	
reads/ERR5696295_2.fastq.gz	1023412605	1789281659	
reads/ERR5696296_1.fastq.gz	926308578	1789281341	
reads/ERR5696296_2.fastq.gz	991345710	1789281341	
reads/ERR5696297_1.fastq.gz	899296015	1789278947	
reads/ERR5696297_2.fastq.gz	941201822	1789278947	
reads/ERR5696298_1.fastq.gz	942119563	1789278825	
reads/ERR5696298_2.fastq.gz	1000161453	1789278825	
reads/ERR5696299_1.fastq.gz	809672009	1789278794	
reads/ERR5696299_2.fastq.gz	869759106	1789278794	
reads/ERR5696300_1.fastq.gz	788052146	1789279108	
reads/ERR5696300_2.fastq.gz	846332704	1789279108	
reads/ERR5696301_1.fastq.gz	837304792	1789279114	
reads/ERR5696301_2.fastq.gz	894077569	1789279114	
reads/ERR5696302_1.fastq.gz	812918037	1789278829	
reads/ERR5696302_2.fastq.gz	867222980	1789278829	
reads/ERR5696303_1.fastq.gz	982349007	1789275804	
reads/ERR5696303_2.fastq.gz	1037802430	1789275804	
reads/ERR5696304_1.fastq.gz	1031657329	1789276026	
reads/ERR5696304_2.fastq.gz	1105686150	1789276012	
reads/ERR5696305_1.fastq.gz	872858898	1789275982	
reads/ERR5696305_2.fastq.gz	944948543	1789275982	
reads/ERR5696306_1.fastq.gz	849458468	1789276165	
reads/ERR5696306_2.fastq.gz	919540286	1789276169	
reads/ERR5696307_1.fastq.gz	913867982	1789276223	
reads/ERR5696307_2.fastq.gz	982200634	1789276223	
reads/ERR5696308_1.fastq.gz	885693808	1789275913	
reads/ERR5696308_2.fastq.gz	951277574	1789275913	
reads/ERR583963_1.fastq.gz	7343401348	1789383583	
reads/ERR583963_2.fastq.gz	7322318406	1789383583	
reads/ERR5928154_1.fastq.gz	1103193759	1789236987	
reads/ERR5928154_2.fastq.gz	1122304095	1789236987	
reads/ERR5928155_1.fastq.gz	1016566214	1789235678	
reads/ERR5928155_2.fastq.gz	1041331793	1789235678	
reads/ERR5928156_1.fastq.gz	1177697777	1789233287	
reads/ERR5928156_2.fastq.gz	1202276460	1789233289	
reads/ERR5928157_1.fastq.gz	1110679939	1789236076	
reads/ERR5928157_2.fastq.gz	1131655073	1789236076	
reads/ERR5928158_1.fastq.gz	1379193702	1789237076	
reads/ERR5928158_2.fastq.gz	1412040871	1789237076	
reads/ERR5928159_1.fastq.gz	1844947468	1789234564	
reads/ERR5928159_2.fastq.gz	1896518507	1789234564	
reads/ERR5928160_1.fastq.gz	1454802908	1789235125	
reads/ERR5928160_2.fastq.gz	1488219773	1789235125	
reads/ERR5928161_1.fastq.gz	1288625304	1789237347	
reads/ERR5928161_2.fastq.gz	1310744083	1789237347	
reads/ERR5928162_1.fastq.gz	1280721477	1789237105	
reads/ERR5928162_2.fastq.gz	1298026677	1789237105	
reads/ERR5928163_1.fastq.gz	1262913833	1789234617	
reads/ERR5928163_2.fastq.gz	1282499039	1789234617	
reads/ERR5928164_1.fastq.gz	1290789678	1789237138	
reads/ERR5928164_2.fastq.gz	1310768289	1789237139	
reads/ERR5928165_1.fastq.gz	1485794120	1789236735	
reads/ERR5928165_2.fastq.gz	1506975861	1789236735	
reads/ERR5928166_1.fastq.gz	1102749477	1789236349	
reads/ERR5928166_2.fastq.gz	1124993069	1789236350	
reads/ERR5928167_1.fastq.gz	777932177	1789236357	
reads/ERR5928167_2.fastq.gz	792287555	1789236357	
reads/ERR5928168_1.fastq.gz	1645021284	1789236062	
reads/ERR5928168_2.fastq.gz	1676948677	1789236062	
reads/ERR5928169_1.fastq.gz	1346807540	1789234685	
reads/ERR5928169_2.fastq.gz	1381831727	1789234685	
reads/ERR5928170_1.fastq.gz	1484644750	1789235879	
reads/ERR5928170_2.fastq.gz	1510140745	1789235879	
reads/ERR5928171_1.fastq.gz	1462961183	1789233872	
reads/ERR5928171_2.fastq.gz	1481927661	1789233871	
reads/ERR5928172_1.fastq.gz	1227600579	1789233432	
reads/ERR5928172_2.fastq.gz	1246841196	1789233432	
reads/ERR5928173_1.fastq.gz	1558935534	1789233312	
reads/ERR5928173_2.fastq.gz	1584053054	1789233313	
reads/ERR5928174_1.fastq.gz	1337574907	1789236605	
reads/ERR5928174_2.fastq.gz	1353752544	1789236605	
reads/ERR5928175_1.fastq.gz	1327600767	1789234342	
reads/ERR5928175_2.fastq.gz	1357180517	1789234342	
reads/ERR5928176_1.fastq.gz	1447211254	1789235471	
reads/ERR5928176_2.fastq.gz	1469158657	1789235471	
reads/ERR5928177_1.fastq.gz	1427259330	1789237466	
reads/ERR5928177_2.fastq.gz	1451955871	1789237466	
reads/ERR5928179_1.fastq.gz	472558555	1789238117	
reads/ERR5928179_2.fastq.gz	452845042	1789238117	
reads/ERR5928180_1.fastq.gz	1012829486	1789239323	
reads/ERR5928180_2.fastq.gz	967757887	1789239323	
reads/ERR5928181_1.fastq.gz	1125319088	1789238437	
reads/ERR5928181_2.fastq.gz	1082395490	1789238437	
reads/ERR5928182_1.fastq.gz	922255094	1789237927	
reads/ERR5928182_2.fastq.gz	885521217	1789237927	
reads/ERR5928183_1.fastq.gz	1103090999	1789238575	
reads/ERR5928183_2.fastq.gz	1062114426	1789238575	
reads/ERR5928184_1.fastq.gz	1272375836	1789238146	
reads/ERR5928184_2.fastq.gz	1222178281	1789238146	
reads/ERR5928185_1.fastq.gz	1196689791	1789239291	
reads/ERR5928185_2.fastq.gz	1148366075	1789239291	
reads/ERR5928186_1.fastq.gz	375249794	1789239387	
reads/ERR5928186_2.fastq.gz	366021171	1789239388	
reads/ERR5928187_1.fastq.gz	447613060	1789238583	
reads/ERR5928187_2.fastq.gz	432382551	1789238583	
reads/ERR5928188_1.fastq.gz	809878728	1789238186	
reads/ERR5928188_2.fastq.gz	773858748	1789238186	
reads/ERR5928189_1.fastq.gz	849232461	1789237947	
reads/ERR5928189_2.fastq.gz	823792830	1789237947	
reads/ERR5928190_1.fastq.gz	348270721	1789238771	
reads/ERR5928190_2.fastq.gz	337711188	1789238771	
reads/ERR5928191_1.fastq.gz	535976421	1789239725	
reads/ERR5928191_2.fastq.gz	515247262	1789239725	
reads/ERR5928192_1.fastq.gz	778023769	1789238612	
reads/ERR5928192_2.fastq.gz	752212144	1789238612	
reads/ERR5928193_1.fastq.gz	464039868	1789237660	
reads/ERR5928193_2.fastq.gz	449980549	1789237660	
reads/ERR5928194_1.fastq.gz	674019614	1789239827	
reads/ERR5928194_2.fastq.gz	651690978	1789239827	
reads/ERR5928195_1.fastq.gz	1144288794	1789239155	
reads/ERR5928195_2.fastq.gz	1107530002	1789239155	
reads/ERR5928196_1.fastq.gz	1098042971	1789238698	
reads/ERR5928196_2.fastq.gz	1057904271	1789238697	
reads/ERR5928197_1.fastq.gz	1271752549	1789239419	
reads/ERR5928197_2.fastq.gz	1231025156	1789239419	
reads/ERR5928198_1.fastq.gz	917607315	1789239127	
reads/ERR5928198_2.fastq.gz	888497132	1789239127	
reads/ERR5928199_1.fastq.gz	1492630063	1789238279	
reads/ERR5928199_2.fastq.gz	1437921720	1789238279	
reads/ERR5928200_1.fastq.gz	1029386046	1789239549	
reads/ERR5928200_2.fastq.gz	1001366171	1789239549	
reads/ERR5928201_1.fastq.gz	1446945093	1789239082	
reads/ERR5928201_2.fastq.gz	1390294111	1789239082	
reads/ERR5928202_1.fastq.gz	1031811602	1789240038	
reads/ERR5928202_2.fastq.gz	985768339	1789240038	
reads/ERR5928203_1.fastq.gz	1756487139	1789243000	
reads/ERR5928203_2.fastq.gz	1716238952	1789243000	
reads/ERR5928204_1.fastq.gz	3310450031	1789241143	
reads/ERR5928204_2.fastq.gz	3234545163	1789241145	
reads/ERR5928205_1.fastq.gz	3108312634	1789241997	
reads/ERR5928205_2.fastq.gz	3032365590	1789241998	
reads/ERR5928206_1.fastq.gz	2393237570	1789241262	
reads/ERR5928206_2.fastq.gz	2329119297	1789241262	
reads/ERR5928207_1.fastq.gz	1695103340	1789243255	
reads/ERR5928207_2.fastq.gz	1654897451	1789243255	
reads/ERR5928208_1.fastq.gz	1731639547	1789240521	
reads/ERR5928208_2.fastq.gz	1684906524	1789240521	
reads/ERR5928209_1.fastq.gz	1496682856	1789241016	
reads/ERR5928209_2.fastq.gz	1461292045	1789241016	
reads/ERR5928210_1.fastq.gz	2080649805	1789243278	
reads/ERR5928210_2.fastq.gz	2025042119	1789243278	
reads/ERR5928211_1.fastq.gz	779134338	1789242478	
reads/ERR5928211_2.fastq.gz	755011961	1789242478	
reads/ERR5928212_1.fastq.gz	1893029581	1789241666	
reads/ERR5928212_2.fastq.gz	1846389890	1789241666	
reads/ERR5928213_1.fastq.gz	806127206	1789241164	
reads/ERR5928213_2.fastq.gz	785376551	1789241164	
reads/ERR5928214_1.fastq.gz	2018108648	1789240731	
reads/ERR5928214_2.fastq.gz	1965816018	1789240730	
reads/ERR5928215_1.fastq.gz	1070026693	1789242608	
reads/ERR5928215_2.fastq.gz	1030582914	1789242608	
reads/ERR5928216_1.fastq.gz	1283365484	1789243171	
reads/ERR5928216_2.fastq.gz	1246056989	1789243171	
reads/ERR5928217_1.fastq.gz	1003396012	1789242292	
reads/ERR5928217_2.fastq.gz	972205154	1789242292	
reads/ERR5928218_1.fastq.gz	730290759	1789241841	
reads/ERR5928218_2.fastq.gz	706093736	1789241841	
reads/ERR5928219_1.fastq.gz	1936453221	1789242228	
reads/ERR5928219_2.fastq.gz	1883462134	1789242228	
reads/ERR5928220_1.fastq.gz	258894564	1789240292	
reads/ERR5928220_2.fastq.gz	251757051	1789240292	
reads/ERR5928221_1.fastq.gz	1498672736	1789241397	
reads/ERR5928221_2.fastq.gz	1440673732	1789241397	
reads/ERR5928222_1.fastq.gz	1660437131	1789240257	
reads/ERR5928222_2.fastq.gz	1609343259	1789240257	
reads/ERR5928223_1.fastq.gz	873552945	1789240348	
reads/ERR5928223_2.fastq.gz	849458645	1789240348	
reads/ERR5928224_1.fastq.gz	985050409	1789240131	
reads/ERR5928224_2.fastq.gz	954544372	1789240131	
reads/ERR5928225_1.fastq.gz	1332033304	1789240255	
reads/ERR5928225_2.fastq.gz	1287453066	1789240254	
reads/ERR5928226_1.fastq.gz	1127325994	1789240255	
reads/ERR5928226_2.fastq.gz	1089623646	1789240255	
reads/ERR6548341_1.fastq.gz	3699652423	1789261656	
reads/ERR6548341_2.fastq.gz	4170977173	1789261657	
reads/ERR6548342_1.fastq.gz	3756970674	1789267993	
reads/ERR6548342_2.fastq.gz	4138457415	1789267993	
reads/ERR6548343_1.fastq.gz	3623856206	1789264405	
reads/ERR6548343_2.fastq.gz	3992872781	1789264405	
reads/ERR6548344_1.fastq.gz	2152654105	1789265452	
reads/ERR6548344_2.fastq.gz	2390231307	1789265452	
reads/ERR6548345_1.fastq.gz	4081731058	1789306895	
reads/ERR6548345_2.fastq.gz	4477705696	1789306895	
reads/ERR6548346_1.fastq.gz	3260972194	1789262802	
reads/ERR6548346_2.fastq.gz	3654776984	1789262802	
reads/ERR6548347_1.fastq.gz	3523096440	1789271659	
reads/ERR6548347_2.fastq.gz	3893475173	1789271660	
reads/ERR6548348_1.fastq.gz	4265634895	1789306766	
reads/ERR6548348_2.fastq.gz	4716935848	1789306766	
reads/ERR6548349_1.fastq.gz	4013060894	1789378583	
reads/ERR6548349_2.fastq.gz	4428141461	1789378582	
reads/ERR6548350_1.fastq.gz	3104107111	1789271939	
reads/ERR6548350_2.fastq.gz	3434204832	1789271939	
reads/ERR6548351_1.fastq.gz	4088652387	1789378495	
reads/ERR6548351_2.fastq.gz	4457513577	1789378498	
reads/ERR6548352_1.fastq.gz	3777291037	1789377860	
reads/ERR6548352_2.fastq.gz	4158235512	1789377861	
reads/ERR6548354_1.fastq.gz	3479587990	1789264151	
reads/ERR6548354_2.fastq.gz	3614881322	1789264151	
reads/ERR6548358_1.fastq.gz	3610073802	1789267843	
reads/ERR6548358_2.fastq.gz	3748672522	1789267843	
reads/ERR6548362_1.fastq.gz	4117909637	1789306632	
reads/ERR6548362_2.fastq.gz	4322013990	1789306633	
reads/ERR6548364_1.fastq.gz	3818070182	1789378012	
reads/ERR6548364_2.fastq.gz	3985139612	1789378011	
reads/ERR6548377_1.fastq.gz	3612950281	1789263607	
reads/ERR6548377_2.fastq.gz	3978750907	1789263607	
reads/ERR6548378_1.fastq.gz	3802326987	1789264080	
reads/ERR6548378_2.fastq.gz	4159415364	1789264081	
reads/ERR6548379_1.fastq.gz	3349520932	1789264638	
reads/ERR6548379_2.fastq.gz	3687690568	1789264638	
reads/ERR6548380_1.fastq.gz	3235904256	1789269835	
reads/ERR6548380_2.fastq.gz	3589026443	1789269834	
reads/ERR6548381_1.fastq.gz	1408678195	1789261793	
reads/ERR6548381_2.fastq.gz	1545598118	1789261793	
reads/ERR6548382_1.fastq.gz	3477475430	1789268326	
reads/ERR6548382_2.fastq.gz	3837170320	1789268326	
reads/ERR6548383_1.fastq.gz	3394058058	1789270443	
reads/ERR6548383_2.fastq.gz	3959368445	1789270443	
reads/ERR6548384_1.fastq.gz	3518508963	1789260552	
reads/ERR6548384_2.fastq.gz	3862869391	1789260552	
reads/ERR6548385_1.fastq.gz	2898875011	1789260850	
reads/ERR6548385_2.fastq.gz	3170033871	1789260851	
reads/ERR6548386_1.fastq.gz	3371054890	1789270136	
reads/ERR6548386_2.fastq.gz	3714408739	1789270136	
reads/ERR6548387_1.fastq.gz	3502454854	1789262326	
reads/ERR6548387_2.fastq.gz	3836260753	1789262326	
reads/ERR6548388_1.fastq.gz	3001693173	1789270889	
reads/ERR6548388_2.fastq.gz	3337812579	1789270889	
reads/ERR6847871_1.fastq.gz	1879534573	1788941614	
reads/ERR6847871_2.fastq.gz	2045970256	1788941614	
reads/ERR6847872_1.fastq.gz	2935758356	1788942045	
reads/ERR6847872_2.fastq.gz	3222535156	1788942045	
reads/ERR6847873_1.fastq.gz	3289722238	1788941963	
reads/ERR6847873_2.fastq.gz	3611647870	1788941964	
reads/ERR6847874_1.fastq.gz	1811378787	1788942790	
reads/ERR6847874_2.fastq.gz	2005838358	1788942789	
reads/ERR6847875_1.fastq.gz	1695445501	1788941661	
reads/ERR6847875_2.fastq.gz	1877851743	1788941661	
reads/ERR6847876_1.fastq.gz	1402300104	1788943184	
reads/ERR6847876_2.fastq.gz	1540401751	1788943184	
reads/ERR6847877_1.fastq.gz	1677261782	1788939668	
reads/ERR6847877_2.fastq.gz	1732084741	1788939668	
reads/ERR6847878_1.fastq.gz	1664542236	1788941349	
reads/ERR6847878_2.fastq.gz	1722340201	1788941349	
reads/ERR6847879_1.fastq.gz	1385781476	1788943281	
reads/ERR6847879_2.fastq.gz	1424183845	1788943282	
reads/ERR6847880_1.fastq.gz	2018565164	1788941289	
reads/ERR6847880_2.fastq.gz	2084044297	1788941289	
reads/ERR6847881_1.fastq.gz	1621818779	1788937678	
reads/ERR6847881_2.fastq.gz	1670648552	1788937679	
reads/ERR6847882_1.fastq.gz	1162484231	1788941409	
reads/ERR6847882_2.fastq.gz	1195921732	1788941409	
reads/ERR6847883_1.fastq.gz	1491322492	1788943523	
reads/ERR6847883_2.fastq.gz	1527963038	1788943524	
reads/ERR6847884_1.fastq.gz	2055826796	1788939995	
reads/ERR6847884_2.fastq.gz	2098920372	1788939995	
reads/ERR6847885_1.fastq.gz	1520285031	1788939536	
reads/ERR6847885_2.fastq.gz	1550116589	1788939536	
reads/ERR6847886_1.fastq.gz	1883462715	1788937545	
reads/ERR6847886_2.fastq.gz	1947132865	1788937545	
reads/ERR6847887_1.fastq.gz	1901042843	1788937722	
reads/ERR6847887_2.fastq.gz	1945345803	1788937722	
reads/ERR6847888_1.fastq.gz	1533557353	1788937529	
reads/ERR6847888_2.fastq.gz	1568992748	1788937529	
reads/ERR6847889_1.fastq.gz	1466396114	1788942285	
reads/ERR6847889_2.fastq.gz	1498487474	1788942285	
reads/ERR6847890_1.fastq.gz	1546824032	1788939380	
reads/ERR6847890_2.fastq.gz	1581729257	1788939380	
reads/ERR6847891_1.fastq.gz	2043699670	1788939244	
reads/ERR6847891_2.fastq.gz	2099104154	1788939244	
reads/ERR6847892_1.fastq.gz	1362868897	1788937530	
reads/ERR6847892_2.fastq.gz	1387062038	1788937530	
reads/ERR6847893_1.fastq.gz	1694659083	1788937688	
reads/ERR6847893_2.fastq.gz	1732176374	1788937689	
reads/ERR6847894_1.fastq.gz	1537225214	1788937535	
reads/ERR6847894_2.fastq.gz	1561082080	1788937535	
reads/ERR6847895_1.fastq.gz	1691710952	1788939487	
reads/ERR6847895_2.fastq.gz	1726094980	1788939487	
reads/ERR6847896_1.fastq.gz	1446024962	1788939739	
reads/ERR6847896_2.fastq.gz	1475129749	1788939739	
reads/ERR6847897_1.fastq.gz	1772898366	1788939747	
reads/ERR6847897_2.fastq.gz	1812409215	1788939747	
reads/ERR7421522.fastq.gz	387446150	1789413754	
reads/ERR7421524.fastq.gz	1007604456	1789413529	
reads/ERR7421525.fastq.gz	559397491	1789413410	
reads/ERR7421526.fastq.gz	531301372	1789413534	
reads/ERR7421527.fastq.gz	1926339938	1789413657	
reads/ERR7421528.fastq.gz	931531267	1789413451	
reads/ERR7421529.fastq.gz	574947264	1789413441	
reads/ERR7421530.fastq.gz	678979044	1789413634	
reads/ERR7421531.fastq.gz	597507695	1789413744	
reads/ERR7421532.fastq.gz	608927157	1789413353	
reads/ERR7421533.fastq.gz	899625958	1789413568	
reads/ERR7421534.fastq.gz	687250673	1789413468	
reads/ERR7421535.fastq.gz	881986049	1789413643	
reads/ERR7421537.fastq.gz	1035304960	1789413282	
reads/ERR7421538.fastq.gz	349363976	1789413458	
reads/ERR7421539.fastq.gz	550859962	1788848833	
reads/ERR7421540.fastq.gz	521877010	1789413787	
reads/ERR7421541.fastq.gz	855036008	1789413838	
reads/ERR7421542.fastq.gz	596037628	1789413691	
reads/ERR7421543.fastq.gz	1033073859	1789413623	
reads/ERR7421544.fastq.gz	419211208	1789413247	
reads/ERR7421545.fastq.gz	748801656	1789413762	
reads/ERR7421546.fastq.gz	519942833	1789413654	
reads/ERR7421547.fastq.gz	565232400	1789413449	
reads/ERR7421548.fastq.gz	521553964	1789413748	
reads/ERR7421550.fastq.gz	523898783	1789413534	
reads/ERR789099.fastq.gz	557180359	1789161393	
reads/ERR789109.fastq.gz	3673654279	1789161264	
reads/ERR789112.fastq.gz	2436767681	1789161554	
reads/ERR789113.fastq.gz	754760702	1789161219	
reads/ERR789114.fastq.gz	1406853329	1789161329	
reads/ERR789116.fastq.gz	490302326	1789161069	
reads/ERR789368.fastq.gz	2539907553	1789158667	
reads/ERR789369.fastq.gz	3872226663	1789159350	
reads/ERR789370.fastq.gz	1891861352	1789160296	
reads/ERR789371.fastq.gz	5121230536	1789161115	
reads/ERR789372.fastq.gz	4411776733	1789160732	
reads/ERR789373.fastq.gz	1913714329	1789160792	
reads/ERR789374.fastq.gz	4474808988	1789161015	
reads/ERR789375.fastq.gz	3861107253	1789159788	
reads/ERR789376.fastq.gz	1821506814	1789160002	
reads/ERR789377.fastq.gz	4635691159	1789159780	
reads/ERR789378.fastq.gz	3639274324	1789157292	
reads/ERR789379.fastq.gz	1748824904	1789160031	
reads/ERR789380.fastq.gz	3521974391	1789159860	
reads/ERR789382.fastq.gz	1684708914	1789158999	
reads/ERR9452524_1.fastq.gz	2038470912	1789485608	
reads/ERR9452524_2.fastq.gz	2084827842	1789485608	
reads/ERR986091_1.fastq.gz	905714154	1789484996	
reads/ERR986091_2.fastq.gz	892505213	1789484999	
reads/ERR986092_1.fastq.gz	906451159	1789484940	
reads/ERR986092_2.fastq.gz	894622580	1789484928	
reads/ERR986115_1.fastq.gz	1672831355	1789485258	
reads/ERR986115_2.fastq.gz	1656959899	1789485258	
reads/ERR986116_1.fastq.gz	1668720330	1789485278	
reads/ERR986116_2.fastq.gz	1656258659	1789485279	
reads/ERR990467_1.fastq.gz	1750676240	1789465839	
reads/ERR990467_2.fastq.gz	1725515575	1789465839	
reads/ERR990468_1.fastq.gz	1700319988	1789466019	
reads/ERR990468_2.fastq.gz	1668920540	1789466021	
reads/ERR990470_1.fastq.gz	1196133228	1789465413	
reads/ERR990470_2.fastq.gz	1210630896	1789465413	
reads/ERR990471_1.fastq.gz	1735180732	1789465750	
reads/ERR990471_2.fastq.gz	1751560036	1789465749	
reads/ERR990472_1.fastq.gz	1302077725	1789465563	
reads/ERR990472_2.fastq.gz	1314060705	1789465563	
reads/ERR990488_1.fastq.gz	5662963257	1789465853	
reads/ERR990488_2.fastq.gz	5731648470	1789465853	
reads/ERR990489_1.fastq.gz	5967906161	1789466836	
reads/ERR990489_2.fastq.gz	6047294122	1789466833	
reads/ERR990490_1.fastq.gz	5752316080	1789466197	
reads/ERR990490_2.fastq.gz	5818868589	1789466198	
reads/ERR990507_1.fastq.gz	1375677603	1789465229	
reads/ERR990507_2.fastq.gz	1372619358	1789465229	
reads/SRR10053811_1.fastq.gz	2001701628	1789443211	
reads/SRR10053811_2.fastq.gz	2068561935	1789443213	
reads/SRR10053813_1.fastq.gz	1462448636	1789443044	
reads/SRR10053813_2.fastq.gz	1492830692	1789443044	
reads/SRR10053817_1.fastq.gz	1949454481	1789443225	
reads/SRR10053817_2.fastq.gz	2026416516	1789443224	
reads/SRR10053818_1.fastq.gz	1715212327	1789443215	
reads/SRR10053818_2.fastq.gz	1781920713	1789443218	
reads/SRR10053819_1.fastq.gz	2110440158	1789443461	
reads/SRR10053819_2.fastq.gz	2296985505	1789443461	
reads/SRR10053822_1.fastq.gz	1843215063	1789443515	
reads/SRR10053822_2.fastq.gz	1938114640	1789443515	
reads/SRR10095075_1.fastq.gz	1225507539	1789407418	
reads/SRR10095075_2.fastq.gz	1237228535	1789407419	
reads/SRR10095076_1.fastq.gz	1241267916	1789407370	
reads/SRR10095076_2.fastq.gz	1256094147	1789407370	
reads/SRR10175971.fastq.gz	268044351	1789386387	
reads/SRR10189427.fastq.gz	1581643013	1789474893	
reads/SRR10189429.fastq.gz	1700811475	1789474786	
reads/SRR10189431.fastq.gz	1658499676	1789475015	
reads/SRR10189435_1.fastq.gz	1604018410	1789475064	
reads/SRR10189435_2.fastq.gz	1619669842	1789475061	
reads/SRR10189436_1.fastq.gz	1450540375	1789474601	
reads/SRR10189436_2.fastq.gz	1475108418	1789474602	
reads/SRR10189437_1.fastq.gz	1415124843	1789474692	
reads/SRR10189437_2.fastq.gz	1433560302	1789474693	
reads/SRR10189447_1.fastq.gz	1327642193	1789474531	
reads/SRR10189447_2.fastq.gz	1369721287	1789474527	
reads/SRR10189449_1.fastq.gz	1213594696	1789474592	
reads/SRR10189449_2.fastq.gz	1226122198	1789474594	
reads/SRR10221949_1.fastq.gz	303234195	1789382962	
reads/SRR10221949_2.fastq.gz	347522298	1789382962	
reads/SRR10221950_1.fastq.gz	238017849	1789382868	
reads/SRR10221950_2.fastq.gz	276458611	1789382868	
reads/SRR10291728_1.fastq.gz	3432412928	1789387386	
reads/SRR10291728_2.fastq.gz	3813561521	1789387384	
reads/SRR10291733_1.fastq.gz	3859833558	1789389492	
reads/SRR10291733_2.fastq.gz	4348536584	1789389494	
reads/SRR10291734_1.fastq.gz	3686489695	1789387228	
reads/SRR10291734_2.fastq.gz	3958098142	1789387226	
reads/SRR10291738_1.fastq.gz	4262953774	1789387464	
reads/SRR10291738_2.fastq.gz	4569976426	1789387465	
reads/SRR10291739_1.fastq.gz	3662793650	1789387995	
reads/SRR10291739_2.fastq.gz	3920481395	1789387996	
reads/SRR10291747_1.fastq.gz	4217505570	1789387430	
reads/SRR10291747_2.fastq.gz	4671298391	1789387431	
reads/SRR10291751_1.fastq.gz	3830256179	1789388670	
reads/SRR10291751_2.fastq.gz	4225298425	1789388668	
reads/SRR10291752_1.fastq.gz	4344167455	1789388914	
reads/SRR10291752_2.fastq.gz	4629099184	1789388913	
reads/SRR10291756_1.fastq.gz	3857737419	1789386892	
reads/SRR10291756_2.fastq.gz	4082873460	1789386893	
reads/SRR10291757_1.fastq.gz	3911829100	1789388905	
reads/SRR10291757_2.fastq.gz	4264316979	1789388905	
reads/SRR10291760_1.fastq.gz	3840923717	1789387682	
reads/SRR10291760_2.fastq.gz	4105041111	1789387684	
reads/SRR10291761_1.fastq.gz	3475840400	1789389015	
reads/SRR10291761_2.fastq.gz	3771672706	1789389017	
reads/SRR10291766_1.fastq.gz	4472525946	1789387562	
reads/SRR10291766_2.fastq.gz	5060871762	1789387561	
reads/SRR10291777_1.fastq.gz	4415429003	1789388599	
reads/SRR10291777_2.fastq.gz	4979620035	1789388598	
reads/SRR10291782_1.fastq.gz	3392054900	1789388564	
reads/SRR10291782_2.fastq.gz	3762760175	1789388564	
reads/SRR10291783_1.fastq.gz	5065369715	1789388894	
reads/SRR10291783_2.fastq.gz	5705408711	1789388892	
reads/SRR10291786_1.fastq.gz	3867707010	1789388368	
reads/SRR10291786_2.fastq.gz	4263288300	1789388369	
reads/SRR10291787_1.fastq.gz	3874282936	1789387377	
reads/SRR10291787_2.fastq.gz	4278366438	1789387377	
reads/SRR10386362.fastq.gz	3143813699	1789350015	
reads/SRR10386363.fastq.gz	3397359960	1789350162	
reads/SRR10386364.fastq.gz	3132138120	1789349916	
reads/SRR10386365.fastq.gz	1154036635	1789350658	
reads/SRR10420664_1.fastq.gz	144974417	1789143144	
reads/SRR10420664_2.fastq.gz	156715966	1789143144	
reads/SRR10499796_1.fastq.gz	1236268057	1789472849	
reads/SRR10499796_2.fastq.gz	1375260831	1789472846	
reads/SRR10499797_1.fastq.gz	887553576	1789472924	
reads/SRR10499797_2.fastq.gz	1024553036	1789472923	
reads/SRR10582639_1.fastq.gz	5618356940	1789408030	
reads/SRR10582639_2.fastq.gz	6466123452	1789408031	
reads/SRR10717614_1.fastq.gz	1750511309	1789483092	
reads/SRR10717614_2.fastq.gz	1760822780	1789483092	
reads/SRR10717615_1.fastq.gz	1444186979	1789483308	
reads/SRR10717615_2.fastq.gz	1474522183	1789483307	
reads/SRR10765499.fastq.gz	502368230	1789382783	
reads/SRR11066777_1.fastq.gz	1755622410	1789450899	
reads/SRR11066777_2.fastq.gz	1850149659	1789450899	
reads/SRR11067668.fastq.gz	488078160	1789468018	
reads/SRR11067669.fastq.gz	540898651	1789467944	
reads/SRR11216260.fastq.gz	1405055110	1789329657	
reads/SRR11216261.fastq.gz	843636704	1789330013	
reads/SRR11216262.fastq.gz	1598646376	1789329110	
reads/SRR11216263.fastq.gz	965209801	1789329233	
reads/SRR11216264.fastq.gz	993673893	1789330472	
reads/SRR11216265.fastq.gz	920166195	1789330512	
reads/SRR11216266.fastq.gz	995203456	1789330124	
reads/SRR11216267.fastq.gz	931385581	1789328799	
reads/SRR11216268.fastq.gz	742047165	1789329551	
reads/SRR11216270.fastq.gz	3576128847	1789329980	
reads/SRR11216276.fastq.gz	1208919175	1789328237	
reads/SRR11216277.fastq.gz	1256625061	1789328643	
reads/SRR11216278.fastq.gz	1494224541	1789326522	
reads/SRR11216279.fastq.gz	3529098209	1789328217	
reads/SRR11216280.fastq.gz	4336260510	1789326820	
reads/SRR11216281.fastq.gz	4009115442	1789330081	
reads/SRR11216282.fastq.gz	4095540884	1789328400	
reads/SRR11216283.fastq.gz	3532857909	1789328077	
reads/SRR11216284.fastq.gz	3670816583	1789328828	
reads/SRR11216285.fastq.gz	3432421410	1789327198	
reads/SRR11216292.fastq.gz	3075659546	1789329690	
reads/SRR11216293.fastq.gz	1284418671	1789331065	
reads/SRR11216294.fastq.gz	1191571259	1789331273	
reads/SRR11216295.fastq.gz	2150811793	1789330682	
reads/SRR11216296.fastq.gz	3794871902	1789331641	
reads/SRR11216297.fastq.gz	3579112526	1789331346	
reads/SRR11216298.fastq.gz	3361103968	1789331388	
reads/SRR11216299.fastq.gz	4234417504	1789331542	
reads/SRR11216300.fastq.gz	3583421547	1789330970	
reads/SRR11216301.fastq.gz	3849377915	1789330995	
reads/SRR11216303.fastq.gz	3709242985	1789329408	
reads/SRR11216309.fastq.gz	2224547763	1789330512	
reads/SRR11216310.fastq.gz	2560235587	1789329223	
reads/SRR11216311.fastq.gz	2761400896	1789330429	
reads/SRR11216314.fastq.gz	3434315427	1789330479	
reads/SRR11216315.fastq.gz	3490367152	1789329294	
reads/SRR11229310_1.fastq.gz	753108232	1789447312	
reads/SRR11229310_2.fastq.gz	828094965	1789447312	
reads/SRR11229311_1.fastq.gz	723592600	1789447444	
reads/SRR11229311_2.fastq.gz	803522755	1789447444	
reads/SRR11229312_1.fastq.gz	715986876	1789447432	
reads/SRR11229312_2.fastq.gz	802266912	1789447433	
reads/SRR11440843_1.fastq.gz	2408216987	1789137855	
reads/SRR11440843_2.fastq.gz	2443327338	1789137855	
reads/SRR11440844_1.fastq.gz	2782028081	1789128104	
reads/SRR11440844_2.fastq.gz	2857324412	1789128104	
reads/SRR11497260.fastq.gz	540022740	1789451227	
reads/SRR11497261.fastq.gz	514458286	1789451124	
reads/SRR11497263.fastq.gz	491310893	1789451206	
reads/SRR11497315.fastq.gz	472118778	1789451035	
reads/SRR11497316.fastq.gz	556189399	1789451247	
reads/SRR11497317.fastq.gz	420493243	1789451190	
reads/SRR11497318.fastq.gz	407416140	1789451111	
reads/SRR11497364.fastq.gz	613095597	1789451196	
reads/SRR1171035_1.fastq.gz	2736525244	1789258767	
reads/SRR1171035_2.fastq.gz	2764546236	1789258767	
reads/SRR1171040_1.fastq.gz	3498560060	1789259139	
reads/SRR1171040_2.fastq.gz	3537898158	1789259139	
reads/SRR1171043_1.fastq.gz	5610867357	1789260700	
reads/SRR1171043_2.fastq.gz	5673034601	1789260700	
reads/SRR1171047_1.fastq.gz	1934607992	1789260324	
reads/SRR1171047_2.fastq.gz	1889659991	1789260324	
reads/SRR1182761.fastq.gz	753528770	1789476154	
reads/SRR11928832_1.fastq.gz	559369002	1789383240	
reads/SRR11928832_2.fastq.gz	581866672	1789383239	
reads/SRR11928834_1.fastq.gz	6851672	1789383328	
reads/SRR11928834_2.fastq.gz	6931098	1789383328	
reads/SRR11928835_1.fastq.gz	444895185	1789383360	
reads/SRR11928835_2.fastq.gz	453579123	1789383361	
reads/SRR11928839_1.fastq.gz	1036029940	1789383485	
reads/SRR11928839_2.fastq.gz	1045086078	1789383485	
reads/SRR11928840_1.fastq.gz	17062944	1789383311	
reads/SRR11928840_2.fastq.gz	17327971	1789383311	
reads/SRR11928841_1.fastq.gz	2221561225	1789383595	
reads/SRR11928841_2.fastq.gz	2293732396	1789383594	
reads/SRR11928842_1.fastq.gz	246832476	1789383433	
reads/SRR11928842_2.fastq.gz	250386520	1789383433	
reads/SRR11928940_1.fastq.gz	1396281003	1789383534	
reads/SRR11928940_2.fastq.gz	1496658666	1789383534	
reads/SRR11973035_1.fastq.gz	1343414564	1789383520	
reads/SRR11973035_2.fastq.gz	1483504221	1789383518	
reads/SRR12133598.fastq.gz	1067005426	1789456407	
reads/SRR12133602.fastq.gz	1058586972	1789456161	
reads/SRR12133603.fastq.gz	1056286611	1789456195	
reads/SRR12133604.fastq.gz	1049965081	1789456268	
reads/SRR12133606.fastq.gz	1063198858	1789456330	
reads/SRR12133607.fastq.gz	1071618159	1789456305	
reads/SRR12149179_1.fastq.gz	3226663641	1789156847	
reads/SRR12149179_2.fastq.gz	3398258280	1789156847	
reads/SRR12149180_1.fastq.gz	2095449662	1789156934	
reads/SRR12149180_2.fastq.gz	2130187519	1789156935	
reads/SRR12149183_1.fastq.gz	2634490820	1789156888	
reads/SRR12149183_2.fastq.gz	2647387068	1789156888	
reads/SRR12149184_1.fastq.gz	2986392012	1789157197	
reads/SRR12149184_2.fastq.gz	3086567540	1789157197	
reads/SRR12149185_1.fastq.gz	2841851784	1789156998	
reads/SRR12149185_2.fastq.gz	2849919221	1789156999	
reads/SRR12149187_1.fastq.gz	3936705101	1789368592	
reads/SRR12149187_2.fastq.gz	3939206511	1789300764	
reads/SRR12149188_1.fastq.gz	2883057436	1789156897	
reads/SRR12149188_2.fastq.gz	3044929996	1789156896	
reads/SRR12329588_1.fastq.gz	2943170997	1789086709	
reads/SRR12329588_2.fastq.gz	3130876392	1789086709	
reads/SRR12329589_1.fastq.gz	2864355495	1789086980	
reads/SRR12329589_2.fastq.gz	3015525027	1789086976	
reads/SRR12329590_1.fastq.gz	2839202070	1789086195	
reads/SRR12329590_2.fastq.gz	3021237165	1789086195	
reads/SRR12329595_1.fastq.gz	1751291533	1789087517	
reads/SRR12329595_2.fastq.gz	1829856639	1789087520	
reads/SRR12329596_1.fastq.gz	1771747099	1789087043	
reads/SRR12329596_2.fastq.gz	1883401273	1789087044	
reads/SRR12329597_1.fastq.gz	2047304566	1789086933	
reads/SRR12329597_2.fastq.gz	2104618726	1789086931	
reads/SRR12488738_1.fastq.gz	1635704931	1789244291	
reads/SRR12488738_2.fastq.gz	1726166423	1789244291	
reads/SRR12488739_1.fastq.gz	1648333260	1789244176	
reads/SRR12488739_2.fastq.gz	1693418364	1789244176	
reads/SRR12772431_1.fastq.gz	369086478	1789470053	
reads/SRR12772431_2.fastq.gz	357866606	1789470053	
reads/SRR12772440_1.fastq.gz	322352226	1789470157	
reads/SRR12772440_2.fastq.gz	312711043	1789470157	
reads/SRR1284047.fastq.gz	823897733	1789193054	
reads/SRR1284048.fastq.gz	825076075	1789192946	
reads/SRR1284049.fastq.gz	933333010	1789193253	
reads/SRR1284050.fastq.gz	1501605253	1789482637	
reads/SRR1284051.fastq.gz	1778587162	1789482849	
reads/SRR1284052.fastq.gz	1540310917	1789482935	
reads/SRR1284053.fastq.gz	1211221407	1789482805	
reads/SRR12888329_1.fastq.gz	869682591	1788839763	
reads/SRR12888329_2.fastq.gz	893508482	1788839765	
reads/SRR12888330_1.fastq.gz	858309809	1789311934	
reads/SRR12888330_2.fastq.gz	876134953	1789311935	
reads/SRR12888331_1.fastq.gz	686028340	1789312874	
reads/SRR12888331_2.fastq.gz	703224184	1789312874	
reads/SRR12888332_1.fastq.gz	858366285	1789312084	
reads/SRR12888332_2.fastq.gz	870870070	1789312083	
reads/SRR12888333_1.fastq.gz	861032936	1789312042	
reads/SRR12888333_2.fastq.gz	876268776	1789312043	
reads/SRR12888334_1.fastq.gz	688761710	1788845758	
reads/SRR12888334_2.fastq.gz	706695540	1788845758	
reads/SRR12888335_1.fastq.gz	718675404	1789312986	
reads/SRR12888335_2.fastq.gz	737105565	1789312986	
reads/SRR12888336_1.fastq.gz	838370170	1789311840	
reads/SRR12888336_2.fastq.gz	879662212	1789311840	
reads/SRR12888337_1.fastq.gz	836099797	1789312789	
reads/SRR12888337_2.fastq.gz	862642570	1789312789	
reads/SRR12998696_1.fastq.gz	3900688196	1789465310	
reads/SRR12998696_2.fastq.gz	4061499072	1789465310	
reads/SRR12998697_1.fastq.gz	3386332500	1789464043	
reads/SRR12998697_2.fastq.gz	3439775515	1789464043	
reads/SRR12998698_1.fastq.gz	3443001518	1789463443	
reads/SRR12998698_2.fastq.gz	3511440900	1789463447	
reads/SRR12998703_1.fastq.gz	3260277800	1789464443	
reads/SRR12998703_2.fastq.gz	3450901109	1789464442	
reads/SRR12998704_1.fastq.gz	3184967793	1789464567	
reads/SRR12998704_2.fastq.gz	3359806438	1789464567	
reads/SRR12998705_1.fastq.gz	3261478460	1789463592	
reads/SRR12998705_2.fastq.gz	3451319939	1789463596	
reads/SRR12998706_1.fastq.gz	3132890827	1789462977	
reads/SRR12998706_2.fastq.gz	3297215456	1789462974	
reads/SRR12998707_1.fastq.gz	3225694831	1789465105	
reads/SRR12998707_2.fastq.gz	3318004502	1789465104	
reads/SRR12998708_1.fastq.gz	3789196618	1789464683	
reads/SRR12998708_2.fastq.gz	3870310231	1789464683	
reads/SRR12998709_1.fastq.gz	3351637087	1789463910	
reads/SRR12998709_2.fastq.gz	3423994697	1789463911	
reads/SRR13197436_1.fastq.gz	172352306	1789384126	
reads/SRR13197436_2.fastq.gz	190926499	1789384126	
reads/SRR13386512_1.fastq.gz	1745386270	1789462146	
reads/SRR13386512_2.fastq.gz	1785811467	1789462144	
reads/SRR14212082_1.fastq.gz	1668169085	1789405199	
reads/SRR14212082_2.fastq.gz	1703142976	1789405198	
reads/SRR14212083_1.fastq.gz	1533464750	1789405426	
reads/SRR14212083_2.fastq.gz	1567977375	1789405424	
reads/SRR14212084_1.fastq.gz	1476202154	1789405173	
reads/SRR14212084_2.fastq.gz	1485995624	1789405174	
reads/SRR14212085_1.fastq.gz	1606148289	1789405531	
reads/SRR14212085_2.fastq.gz	1606904449	1789405525	
reads/SRR14224152_1.fastq.gz	2035832749	1789467401	
reads/SRR14224152_2.fastq.gz	2138335901	1789467402	
reads/SRR14224153_1.fastq.gz	2014355833	1789467591	
reads/SRR14224153_2.fastq.gz	2100026063	1789467594	
reads/SRR14224154_1.fastq.gz	2127240758	1789467497	
reads/SRR14224154_2.fastq.gz	2241436619	1789467503	
reads/SRR14224162_1.fastq.gz	1516105796	1789467821	
reads/SRR14224162_2.fastq.gz	1571192276	1789467865	
reads/SRR14224163_1.fastq.gz	1663291129	1789467818	
reads/SRR14224163_2.fastq.gz	1723025107	1789467819	
reads/SRR14224164_1.fastq.gz	2349855065	1789467430	
reads/SRR14224164_2.fastq.gz	2436860258	1789467428	
reads/SRR14224166_1.fastq.gz	1875240423	1789467448	
reads/SRR14224166_2.fastq.gz	1972811945	1789467450	
reads/SRR14224169_1.fastq.gz	1550721592	1789467316	
reads/SRR14224169_2.fastq.gz	1659991507	1789467318	
reads/SRR1425535_2.fastq.gz	28622404	1789285803	
reads/SRR1425536_2.fastq.gz	20236316	1789285809	
reads/SRR1425602_2.fastq.gz	33799484	1789285824	
reads/SRR1425603_2.fastq.gz	67693685	1789285818	
reads/SRR14338852_1.fastq.gz	1128274154	1789485404	
reads/SRR14338852_2.fastq.gz	1210760046	1789485404	
reads/SRR14386296_1.fastq.gz	1450609054	1789098679	
reads/SRR14386296_2.fastq.gz	1491770932	1789098680	
reads/SRR14386297_1.fastq.gz	1467930101	1789097313	
reads/SRR14386297_2.fastq.gz	1513981370	1789097313	
reads/SRR14386300_1.fastq.gz	1778708929	1789097186	
reads/SRR14386300_2.fastq.gz	1828366665	1789097186	
reads/SRR14386301_1.fastq.gz	1987125827	1789097225	
reads/SRR14386301_2.fastq.gz	2041085074	1789097224	
reads/SRR14386302_1.fastq.gz	1797585158	1789097294	
reads/SRR14386302_2.fastq.gz	1830639468	1789097294	
reads/SRR14386303_1.fastq.gz	1497655305	1789097700	
reads/SRR14386303_2.fastq.gz	1538247036	1789097700	
reads/SRR14614683_1.fastq.gz	1209993548	1789475248	
reads/SRR14614683_2.fastq.gz	1325047807	1789475249	
reads/SRR14615481_1.fastq.gz	736265176	1789485352	
reads/SRR14615481_2.fastq.gz	879008423	1789485351	
reads/SRR14812913_1.fastq.gz	2179814677	1789481566	
reads/SRR14812913_2.fastq.gz	2227096988	1789481565	
reads/SRR14843604_1.fastq.gz	1500012830	1789484943	
reads/SRR14843604_2.fastq.gz	1556095229	1789484964	
reads/SRR14843613_1.fastq.gz	1532107322	1789485044	
reads/SRR14843613_2.fastq.gz	1615045987	1789485044	
reads/SRR14871460_1.fastq.gz	3276784314	1789251581	
reads/SRR14871460_2.fastq.gz	3270768891	1789251581	
reads/SRR14871461_1.fastq.gz	3622066330	1789251941	
reads/SRR14871461_2.fastq.gz	3601999148	1789251942	
reads/SRR14871462_1.fastq.gz	5648073564	1789306732	
reads/SRR14871462_2.fastq.gz	5629168271	1789306731	
reads/SRR14871463_1.fastq.gz	3873551665	1789254278	
reads/SRR14871463_2.fastq.gz	3870520419	1789254278	
reads/SRR14871464_1.fastq.gz	4740988175	1789251868	
reads/SRR14871464_2.fastq.gz	4748450846	1789251871	
reads/SRR14871465_1.fastq.gz	3710402616	1789257473	
reads/SRR14871465_2.fastq.gz	3686940008	1789257473	
reads/SRR14871466_1.fastq.gz	4320956788	1789253912	
reads/SRR14871466_2.fastq.gz	4314723633	1789253912	
reads/SRR14871467_1.fastq.gz	3126779379	1789251303	
reads/SRR14871467_2.fastq.gz	3109035670	1789251303	
reads/SRR14871468_1.fastq.gz	6377113460	1789305697	
reads/SRR14871468_2.fastq.gz	6349626432	1789305698	
reads/SRR14871470_1.fastq.gz	4779450758	1789254947	
reads/SRR14871470_2.fastq.gz	4731400615	1789254947	
reads/SRR14871471_1.fastq.gz	4011841377	1789257422	
reads/SRR14871471_2.fastq.gz	3992027534	1789257422	
reads/SRR14871472_1.fastq.gz	4589675179	1789258098	
reads/SRR14871472_2.fastq.gz	4576522344	1789258098	
reads/SRR14871473_1.fastq.gz	6756194996	1789306664	
reads/SRR14871473_2.fastq.gz	6701979644	1789306663	
reads/SRR14871474_1.fastq.gz	5134305254	1789258949	
reads/SRR14871474_2.fastq.gz	5107181934	1789258948	
reads/SRR14871475_1.fastq.gz	3603612175	1789252632	
reads/SRR14871475_2.fastq.gz	3594938491	1789252633	
reads/SRR14871476_1.fastq.gz	3086010423	1789252189	
reads/SRR14871476_2.fastq.gz	3077591132	1789252189	
reads/SRR14871477_1.fastq.gz	3935791826	1789257417	
reads/SRR14871477_2.fastq.gz	3911642046	1789257417	
reads/SRR14871478_1.fastq.gz	5256645031	1789258351	
reads/SRR14871478_2.fastq.gz	5219588052	1789258353	
reads/SRR14871479_1.fastq.gz	3908596903	1789255789	
reads/SRR14871479_2.fastq.gz	3893349904	1789255789	
reads/SRR14871480_1.fastq.gz	3752731608	1789254771	
reads/SRR14871480_2.fastq.gz	3738572739	1789254772	
reads/SRR14871481_1.fastq.gz	4412396895	1789255723	
reads/SRR14871481_2.fastq.gz	4394972884	1789255722	
reads/SRR14871482_1.fastq.gz	4260726316	1789251471	
reads/SRR14871482_2.fastq.gz	4241774068	1789251471	
reads/SRR14934750.fastq.gz	23218782499	1789479023	
reads/SRR15141031_1.fastq.gz	276239777	1789386119	
reads/SRR15141031_2.fastq.gz	306097294	1789386119	
reads/SRR15141038_1.fastq.gz	179168633	1789386237	
reads/SRR15141038_2.fastq.gz	198114918	1789386237	
reads/SRR15141039_1.fastq.gz	181589486	1789386329	
reads/SRR15141039_2.fastq.gz	200250249	1789386329	
reads/SRR15141080_1.fastq.gz	266517252	1789386106	
reads/SRR15141080_2.fastq.gz	291958799	1789386106	
reads/SRR15141101_1.fastq.gz	177734347	1789386269	
reads/SRR15141101_2.fastq.gz	193366281	1789386269	
reads/SRR15141113_1.fastq.gz	280757170	1789386057	
reads/SRR15141113_2.fastq.gz	307977962	1789386057	
reads/SRR15141128_1.fastq.gz	409634841	1789385941	
reads/SRR15141128_2.fastq.gz	450230873	1789385944	
reads/SRR15141131_1.fastq.gz	201839918	1789386353	
reads/SRR15141131_2.fastq.gz	220621677	1789386353	
reads/SRR15141136_1.fastq.gz	151050394	1789386238	
reads/SRR15141136_2.fastq.gz	164643549	1789386238	
reads/SRR15141137_1.fastq.gz	167352273	1789386210	
reads/SRR15141137_2.fastq.gz	182791954	1789386210	
reads/SRR15141141_1.fastq.gz	219452441	1789386261	
reads/SRR15141141_2.fastq.gz	238326902	1789386261	
reads/SRR15141150_1.fastq.gz	417618002	1789385941	
reads/SRR15141150_2.fastq.gz	456456703	1789385941	
reads/SRR15141153_1.fastq.gz	205188592	1789386332	
reads/SRR15141153_2.fastq.gz	222722819	1789386332	
reads/SRR15141158_1.fastq.gz	171626267	1789386294	
reads/SRR15141158_2.fastq.gz	186208262	1789386294	
reads/SRR15141159_1.fastq.gz	155656766	1789386383	
reads/SRR15141159_2.fastq.gz	168687184	1789386383	
reads/SRR15141165_1.fastq.gz	224335764	1789386204	
reads/SRR15141165_2.fastq.gz	242321173	1789386204	
reads/SRR15141215_1.fastq.gz	451578154	1789386074	
reads/SRR15141215_2.fastq.gz	490759087	1789386074	
reads/SRR15141218_1.fastq.gz	219439055	1789386355	
reads/SRR15141218_2.fastq.gz	236204482	1789386355	
reads/SRR15141223_1.fastq.gz	166697654	1789386190	
reads/SRR15141223_2.fastq.gz	180198034	1789386190	
reads/SRR15141224_1.fastq.gz	186228593	1789386291	
reads/SRR15141224_2.fastq.gz	201290759	1789386291	
reads/SRR15141228_1.fastq.gz	230915980	1789386251	
reads/SRR15141228_2.fastq.gz	249034310	1789386251	
reads/SRR15141232_1.fastq.gz	256840593	1789386091	
reads/SRR15141232_2.fastq.gz	283136105	1789386091	
reads/SRR15141241_1.fastq.gz	171549222	1789386321	
reads/SRR15141241_2.fastq.gz	187761491	1789386321	
reads/SRR15141258_1.fastq.gz	183187148	1789386327	
reads/SRR15141258_2.fastq.gz	199818377	1789386327	
reads/SRR15141284_1.fastq.gz	264462383	1789386143	
reads/SRR15141284_2.fastq.gz	290155054	1789386143	
reads/SRR15141292_1.fastq.gz	175484923	1789386272	
reads/SRR15141292_2.fastq.gz	191164716	1789386272	
reads/SRR15141319_1.fastq.gz	426784038	1789385809	
reads/SRR15141319_2.fastq.gz	467214791	1789385809	
reads/SRR15141321_1.fastq.gz	209789927	1789386178	
reads/SRR15141321_2.fastq.gz	228088251	1789386178	
reads/SRR15141327_1.fastq.gz	158742270	1789386218	
reads/SRR15141327_2.fastq.gz	172213409	1789386218	
reads/SRR15141328_1.fastq.gz	175188254	1789386379	
reads/SRR15141328_2.fastq.gz	190491571	1789386379	
reads/SRR15141333_1.fastq.gz	229394903	1789386264	
reads/SRR15141333_2.fastq.gz	248282277	1789386264	
reads/SRR15141365_1.fastq.gz	270509801	1789386114	
reads/SRR15141365_2.fastq.gz	297268822	1789386114	
reads/SRR15141375_1.fastq.gz	179628922	1789386179	
reads/SRR15141375_2.fastq.gz	195998735	1789386179	
reads/SRR15141402_1.fastq.gz	424988308	1789386009	
reads/SRR15141402_2.fastq.gz	464239622	1789386010	
reads/SRR15141405_1.fastq.gz	209089985	1789386193	
reads/SRR15141405_2.fastq.gz	227016448	1789386193	
reads/SRR15141410_1.fastq.gz	156597358	1789386387	
reads/SRR15141410_2.fastq.gz	169495050	1789386387	
reads/SRR15141411_1.fastq.gz	173507438	1789386162	
reads/SRR15141411_2.fastq.gz	188181046	1789386162	
reads/SRR15141417_1.fastq.gz	227326189	1789386394	
reads/SRR15141417_2.fastq.gz	245347872	1789386394	
reads/SRR15141432_1.fastq.gz	447004963	1789385805	
reads/SRR15141432_2.fastq.gz	492375411	1789385805	
reads/SRR15141435_1.fastq.gz	217560151	1789386322	
reads/SRR15141435_2.fastq.gz	237583410	1789386322	
reads/SRR15141440_1.fastq.gz	164760690	1789386263	
reads/SRR15141440_2.fastq.gz	180365239	1789386264	
reads/SRR15141441_1.fastq.gz	184184987	1789386330	
reads/SRR15141441_2.fastq.gz	201795787	1789386330	
reads/SRR15141447_1.fastq.gz	228060460	1789386194	
reads/SRR15141447_2.fastq.gz	248728920	1789386194	
reads/SRR15222189_1.fastq.gz	1450360807	1789473590	
reads/SRR15222189_2.fastq.gz	1573213472	1789473588	
reads/SRR15222190_1.fastq.gz	1503433963	1789473549	
reads/SRR15222190_2.fastq.gz	1622667206	1789473550	
reads/SRR15274850_1.fastq.gz	7146870640	1789406345	
reads/SRR15274850_2.fastq.gz	7141588529	1789406338	
reads/SRR15357733_1.fastq.gz	5506153230	1789352177	
reads/SRR15357733_2.fastq.gz	5635200058	1789352179	
reads/SRR15357734_1.fastq.gz	4880049353	1789352650	
reads/SRR15357734_2.fastq.gz	5032488183	1789352650	
reads/SRR15538945_1.fastq.gz	753433447	1789481872	
reads/SRR15538945_2.fastq.gz	800050307	1789481838	
reads/SRR15539004_1.fastq.gz	961496938	1789482116	
reads/SRR15539004_2.fastq.gz	1061176046	1789482019	
reads/SRR1555102_1.fastq.gz	3409921454	1789133453	
reads/SRR1555102_2.fastq.gz	3427439833	1789133454	
reads/SRR1555123_1.fastq.gz	3374006528	1789138825	
reads/SRR1555123_2.fastq.gz	3384975776	1789138829	
reads/SRR1555294_1.fastq.gz	3065061269	1789131716	
reads/SRR1555294_2.fastq.gz	3078219497	1789131716	
reads/SRR1555295_1.fastq.gz	3207699265	1789137222	
reads/SRR1555295_2.fastq.gz	3231971193	1789137221	
reads/SRR1555738_1.fastq.gz	2925647681	1789130621	
reads/SRR1555738_2.fastq.gz	2943377283	1789130621	
reads/SRR1555739_1.fastq.gz	3008850128	1789135442	
reads/SRR1555739_2.fastq.gz	3031147073	1789135445	
reads/SRR1555740_1.fastq.gz	3099820168	1789133067	
reads/SRR1555740_2.fastq.gz	3116026958	1789133071	
reads/SRR1556067_1.fastq.gz	2419427100	1789129234	
reads/SRR1556067_2.fastq.gz	2433474121	1789129234	
reads/SRR1557190_1.fastq.gz	3612920983	1789128615	
reads/SRR1557190_2.fastq.gz	3631573692	1789128612	
reads/SRR1557191_1.fastq.gz	3703387301	1789138154	
reads/SRR1557191_2.fastq.gz	3722134955	1789138152	
reads/SRR1557212_1.fastq.gz	3235477424	1789131862	
reads/SRR1557212_2.fastq.gz	3254710107	1789131862	
reads/SRR1557213_1.fastq.gz	2630195103	1789133830	
reads/SRR1557213_2.fastq.gz	2647561983	1789133830	
reads/SRR1557214_1.fastq.gz	2913559327	1789136960	
reads/SRR1557214_2.fastq.gz	2925653437	1789136963	
reads/SRR1557259_1.fastq.gz	2615257554	1789130963	
reads/SRR1557259_2.fastq.gz	2627556873	1789130963	
reads/SRR1561422_1.fastq.gz	3212975731	1789193240	
reads/SRR1561422_2.fastq.gz	3293364516	1789193248	
reads/SRR1562049_1.fastq.gz	3161426378	1789135901	
reads/SRR1562049_2.fastq.gz	3175241381	1789135899	
reads/SRR1562050_1.fastq.gz	3033044794	1789141397	
reads/SRR1562050_2.fastq.gz	3066207358	1789141398	
reads/SRR1562077_1.fastq.gz	2230021845	1789131590	
reads/SRR1562077_2.fastq.gz	2243865068	1789131590	
reads/SRR1562078_1.fastq.gz	3777833482	1789136456	
reads/SRR1562078_2.fastq.gz	3815824368	1789136457	
reads/SRR1562079_1.fastq.gz	3093990528	1789139966	
reads/SRR1562079_2.fastq.gz	3121440692	1789139967	
reads/SRR1562080_1.fastq.gz	3146076647	1789134380	
reads/SRR1562080_2.fastq.gz	3177382087	1789134377	
reads/SRR1562081_1.fastq.gz	3838632401	1789132328	
reads/SRR1562081_2.fastq.gz	3868066599	1789132329	
reads/SRR1562084_1.fastq.gz	3150788140	1789134094	
reads/SRR1562084_2.fastq.gz	3165968110	1789134095	
reads/SRR1562085_1.fastq.gz	2898685163	1789133391	
reads/SRR1562085_2.fastq.gz	2905294181	1789133392	
reads/SRR1562182_1.fastq.gz	1966820791	1789130376	
reads/SRR1562182_2.fastq.gz	1966158639	1789130376	
reads/SRR1562185_1.fastq.gz	2299848847	1789139806	
reads/SRR1562185_2.fastq.gz	2306715964	1789139806	
reads/SRR1562247_1.fastq.gz	3451836238	1789140829	
reads/SRR1562247_2.fastq.gz	3466243770	1789140830	
reads/SRR1562262_1.fastq.gz	2656800788	1789140795	
reads/SRR1562262_2.fastq.gz	2676058179	1789140793	
reads/SRR1562263_1.fastq.gz	3172224736	1789128922	
reads/SRR1562263_2.fastq.gz	3187928292	1789128924	
reads/SRR1575605_1.fastq.gz	4917545785	1789214418	
reads/SRR1575605_2.fastq.gz	4877602479	1789214418	
reads/SRR1575607_1.fastq.gz	5288523816	1789141348	
reads/SRR1575607_2.fastq.gz	5224875378	1789141350	
reads/SRR1575608_1.fastq.gz	4604360800	1789214763	
reads/SRR1575608_2.fastq.gz	4563924263	1789214763	
reads/SRR1576647_1.fastq.gz	5127206420	1789214828	
reads/SRR1576647_2.fastq.gz	5078846141	1789214828	
reads/SRR1576651_1.fastq.gz	2892009717	1789138643	
reads/SRR1576651_2.fastq.gz	2787899479	1789138644	
reads/SRR1576668_1.fastq.gz	3450685918	1789128828	
reads/SRR1576668_2.fastq.gz	3315825704	1789128828	
reads/SRR1576784_1.fastq.gz	3083837684	1789128504	
reads/SRR1576784_2.fastq.gz	2963828727	1789128503	
reads/SRR1576785_1.fastq.gz	2944708437	1789139669	
reads/SRR1576785_2.fastq.gz	2827731771	1789139669	
reads/SRR1576786_1.fastq.gz	3164960448	1789131547	
reads/SRR1576786_2.fastq.gz	3035970110	1789131547	
reads/SRR1576813_1.fastq.gz	1698139653	1789140208	
reads/SRR1576813_2.fastq.gz	1070661873	1789140205	
reads/SRR1576814_1.fastq.gz	1179498358	1789139747	
reads/SRR1576814_2.fastq.gz	746184435	1789139745	
reads/SRR15833440.fastq.gz	739441575	1789466606	
reads/SRR15833442.fastq.gz	839060569	1789466724	
reads/SRR1583659_1.fastq.gz	2134322056	1789135866	
reads/SRR1583659_2.fastq.gz	2172818757	1789135866	
reads/SRR1583660_1.fastq.gz	2483803190	1789138146	
reads/SRR1583660_2.fastq.gz	2530875540	1789138146	
reads/SRR1583666_1.fastq.gz	2602985861	1789130658	
reads/SRR1583666_2.fastq.gz	2648039846	1789130657	
reads/SRR1583679_1.fastq.gz	2772313882	1789128111	
reads/SRR1583679_2.fastq.gz	2820477106	1789128110	
reads/SRR1583680_1.fastq.gz	1887084555	1789141376	
reads/SRR1583680_2.fastq.gz	1923068588	1789141376	
reads/SRR15901536_1.fastq.gz	1031300492	1789480854	
reads/SRR15901536_2.fastq.gz	1056365082	1789480853	
reads/SRR16017072_1.fastq.gz	2873425165	1789474674	
reads/SRR16017072_2.fastq.gz	2929208192	1789474665	
reads/SRR16017073_1.fastq.gz	3675218131	1789474367	
reads/SRR16017073_2.fastq.gz	3748042563	1789474364	
reads/SRR16017074_1.fastq.gz	3716283257	1789474417	
reads/SRR16017074_2.fastq.gz	3837091175	1789474413	
reads/SRR16930839_1.fastq.gz	129749376	1789383955	
reads/SRR16930839_2.fastq.gz	153082312	1789383955	
reads/SRR16930840_1.fastq.gz	120426439	1789383963	
reads/SRR16930840_2.fastq.gz	141515853	1789383963	
reads/SRR16930842_1.fastq.gz	106812066	1789383978	
reads/SRR16930842_2.fastq.gz	133224441	1789383978	
reads/SRR16930843_1.fastq.gz	184818850	1789383969	
reads/SRR16930843_2.fastq.gz	205752062	1789383969	
reads/SRR16930844_1.fastq.gz	127091846	1789383973	
reads/SRR16930844_2.fastq.gz	155294265	1789383973	
reads/SRR16930845_1.fastq.gz	15017018	1789383972	
reads/SRR16930845_2.fastq.gz	16630215	1789383972	
reads/SRR16930846_1.fastq.gz	647380	1789383931	
reads/SRR16930846_2.fastq.gz	884358	1789383931	
reads/SRR16930848_1.fastq.gz	97979240	1789383943	
reads/SRR16930848_2.fastq.gz	129779663	1789383943	
reads/SRR17207990_1.fastq.gz	1624153276	1789469478	
reads/SRR17207990_2.fastq.gz	1649739020	1789469478	
reads/SRR17207991_1.fastq.gz	1473400481	1789469481	
reads/SRR17207991_2.fastq.gz	1510711475	1789469481	
reads/SRR17207993_1.fastq.gz	1681453360	1789469209	
reads/SRR17207993_2.fastq.gz	1721111335	1789469226	
reads/SRR17207994_1.fastq.gz	1662761879	1789469143	
reads/SRR17207994_2.fastq.gz	1709841235	1789469081	
reads/SRR17609703.fastq.gz	674292323	1789384040	
reads/SRR17609704.fastq.gz	614084463	1789384028	
reads/SRR17609705.fastq.gz	656233389	1789384044	
reads/SRR17609709_1.fastq.gz	557890100	1789384065	
reads/SRR17609709_2.fastq.gz	557437104	1789384065	
reads/SRR17681697_1.fastq.gz	3295990536	1789471672	
reads/SRR17681697_2.fastq.gz	3319122910	1789471670	
reads/SRR1773570_1.fastq.gz	6052203223	1789482537	
reads/SRR1773570_2.fastq.gz	6384658924	1789482538	
reads/SRR1773573_1.fastq.gz	5317808031	1789482557	
reads/SRR1773573_2.fastq.gz	5632818216	1789482560	
reads/SRR1774238_1.fastq.gz	3749171130	1789484258	
reads/SRR1774238_2.fastq.gz	3774137901	1789484301	
reads/SRR1774241_1.fastq.gz	3212319461	1789484011	
reads/SRR1774241_2.fastq.gz	3234995328	1789484018	
reads/SRR1774244_1.fastq.gz	3512078885	1789483899	
reads/SRR1774244_2.fastq.gz	3533600666	1789483899	
reads/SRR1776521_1.fastq.gz	3067768151	1789484071	
reads/SRR1776521_2.fastq.gz	3087003726	1789484082	
reads/SRR1776535_1.fastq.gz	3394224775	1789484461	
reads/SRR1776535_2.fastq.gz	3402780230	1789484431	
reads/SRR1776573_1.fastq.gz	2985419477	1789484453	
reads/SRR1776573_2.fastq.gz	2994249740	1789484451	
reads/SRR1777450_1.fastq.gz	5217259108	1789484012	
reads/SRR1777450_2.fastq.gz	5234758612	1789483996	
reads/SRR1777451_1.fastq.gz	5434162180	1789484675	
reads/SRR1777451_2.fastq.gz	5394585356	1789484674	
reads/SRR1793815_1.fastq.gz	1506459265	1789460473	
reads/SRR1793815_2.fastq.gz	1577629180	1789460473	
reads/SRR1793826_1.fastq.gz	2367201247	1789460833	
reads/SRR1793826_2.fastq.gz	2487733458	1789460833	
reads/SRR1793833_1.fastq.gz	1667634124	1789460843	
reads/SRR1793833_2.fastq.gz	1743053208	1789460842	
reads/SRR1793834_1.fastq.gz	1527716262	1789459975	
reads/SRR1793834_2.fastq.gz	1563009232	1789459973	
reads/SRR1793847_1.fastq.gz	1677563000	1789460356	
reads/SRR1793847_2.fastq.gz	1720491411	1789460356	
reads/SRR1793856_1.fastq.gz	1969923764	1789460751	
reads/SRR1793856_2.fastq.gz	2020291036	1789460757	
reads/SRR1793857_1.fastq.gz	1002183138	1789460634	
reads/SRR1793857_2.fastq.gz	1022308401	1789460635	
reads/SRR1793865_1.fastq.gz	1388503673	1789460239	
reads/SRR1793865_2.fastq.gz	1409644814	1789460239	
reads/SRR1793876_1.fastq.gz	2688403307	1789460699	
reads/SRR1793876_2.fastq.gz	2726014368	1789460696	
reads/SRR1793908_1.fastq.gz	1827306689	1789459969	
reads/SRR1793908_2.fastq.gz	1865544896	1789459969	
reads/SRR1793909_1.fastq.gz	1108888020	1789460612	
reads/SRR1793909_2.fastq.gz	1132048669	1789460612	
reads/SRR1793911_1.fastq.gz	1015527120	1789460319	
reads/SRR1793911_2.fastq.gz	1031126619	1789460319	
reads/SRR18064500_1.fastq.gz	2378616561	1789454954	
reads/SRR18064500_2.fastq.gz	2501576761	1789454952	
reads/SRR18064501_1.fastq.gz	2652724254	1789454394	
reads/SRR18064501_2.fastq.gz	2736212561	1789454394	
reads/SRR18064502_1.fastq.gz	3406659610	1789455064	
reads/SRR18064502_2.fastq.gz	3635066311	1789455064	
reads/SRR18064506_1.fastq.gz	3460056264	1789454250	
reads/SRR18064506_2.fastq.gz	3710023439	1789454253	
reads/SRR18064507_1.fastq.gz	2663037783	1789454158	
reads/SRR18064507_2.fastq.gz	2807556739	1789454159	
reads/SRR18064509_1.fastq.gz	3737349444	1789453899	
reads/SRR18064509_2.fastq.gz	4032498618	1789453901	
reads/SRR18070412_1.fastq.gz	183911880	1789383917	
reads/SRR18070412_2.fastq.gz	227279997	1789383917	
reads/SRR18070413_1.fastq.gz	126033631	1789383903	
reads/SRR18070413_2.fastq.gz	159937762	1789383903	
reads/SRR18070414_1.fastq.gz	149278256	1789383929	
reads/SRR18070414_2.fastq.gz	192910588	1789383929	
reads/SRR18070415_1.fastq.gz	155519878	1789383893	
reads/SRR18070415_2.fastq.gz	193554716	1789383893	
reads/SRR18070416_1.fastq.gz	52917637	1789383904	
reads/SRR18070416_2.fastq.gz	65571430	1789383904	
reads/SRR18428224_1.fastq.gz	2604698231	1789474244	
reads/SRR18428224_2.fastq.gz	2615087757	1789474246	
reads/SRR18428225_1.fastq.gz	1607779886	1789474246	
reads/SRR18428225_2.fastq.gz	1621359500	1789474246	
reads/SRR18428226_1.fastq.gz	1760135906	1789474165	
reads/SRR18428226_2.fastq.gz	1766376740	1789474167	
reads/SRR18840566.fastq.gz	845655967	1788848862	
reads/SRR1975193.fastq.gz	1501605412	1789452403	
reads/SRR1975194.fastq.gz	1778587692	1789451683	
reads/SRR1975195.fastq.gz	1540309545	1789451670	
reads/SRR1975196.fastq.gz	1211219326	1789452319	
reads/SRR1975197.fastq.gz	1502017374	1789452365	
reads/SRR1975198.fastq.gz	1339438270	1789452343	
reads/SRR1975199.fastq.gz	1575735408	1789451582	
reads/SRR1975200.fastq.gz	1715512801	1789451601	
reads/SRR1975201.fastq.gz	1787446623	1789451783	
reads/SRR1975202.fastq.gz	1400992031	1789452377	
reads/SRR1975203.fastq.gz	1714846543	1789451661	
reads/SRR1975204.fastq.gz	1332996052	1789451784	
reads/SRR19891820_1.fastq.gz	1679826057	1789466327	
reads/SRR19891820_2.fastq.gz	1740092878	1789466327	
reads/SRR19891823_1.fastq.gz	1638383331	1789466554	
reads/SRR19891823_2.fastq.gz	1691543614	1789466554	
reads/SRR19891828_1.fastq.gz	1610266505	1789466681	
reads/SRR19891828_2.fastq.gz	1665718306	1789466681	
reads/SRR20067738_1.fastq.gz	1515659755	1789244783	
reads/SRR20067738_2.fastq.gz	1531634477	1789244784	
reads/SRR20067739_1.fastq.gz	1610421860	1789244306	
reads/SRR20067739_2.fastq.gz	1640835382	1789244306	
reads/SRR20067740_1.fastq.gz	1912815401	1789244581	
reads/SRR20067740_2.fastq.gz	1944632828	1789244581	
reads/SRR20067741_1.fastq.gz	1537811082	1789245641	
reads/SRR20067741_2.fastq.gz	1569677359	1789245637	
reads/SRR20067742_1.fastq.gz	1578590597	1789245992	
reads/SRR20067742_2.fastq.gz	1602401963	1789245992	
reads/SRR20067743_1.fastq.gz	1806222476	1789245778	
reads/SRR20067743_2.fastq.gz	1822984792	1789245780	
reads/SRR20324127_1.fastq.gz	1494399032	1789313794	
reads/SRR20324127_2.fastq.gz	1580615844	1789313794	
reads/SRR20324128_1.fastq.gz	1508678896	1789315681	
reads/SRR20324128_2.fastq.gz	1582514586	1789315681	
reads/SRR20324129_1.fastq.gz	1547813451	1789315742	
reads/SRR20324129_2.fastq.gz	1635051250	1789315742	
reads/SRR20324130_1.fastq.gz	1637161442	1789317489	
reads/SRR20324130_2.fastq.gz	1719406452	1789317489	
reads/SRR20324131_1.fastq.gz	2129599557	1789313182	
reads/SRR20324131_2.fastq.gz	2216036053	1789313182	
reads/SRR20324132_1.fastq.gz	1640050914	1789317351	
reads/SRR20324132_2.fastq.gz	1730958315	1789317351	
reads/SRR20324133_1.fastq.gz	1798335488	1789313842	
reads/SRR20324133_2.fastq.gz	1881335974	1789313842	
reads/SRR20324134_1.fastq.gz	1861808545	1789314218	
reads/SRR20324134_2.fastq.gz	1959298638	1789314218	
reads/SRR20324135_1.fastq.gz	1854849857	1789317628	
reads/SRR20324135_2.fastq.gz	1946208297	1789317628	
reads/SRR20324137_1.fastq.gz	1834450734	1789315435	
reads/SRR20324137_2.fastq.gz	1927782156	1789315435	
reads/SRR20324138_1.fastq.gz	1671413248	1789316578	
reads/SRR20324138_2.fastq.gz	1770046326	1789316578	
reads/SRR20324139_1.fastq.gz	1785998806	1789315827	
reads/SRR20324139_2.fastq.gz	1867327421	1789315826	
reads/SRR20324140_1.fastq.gz	1717048230	1789378346	
reads/SRR20324140_2.fastq.gz	1268311595	1789378344	
reads/SRR20324141_1.fastq.gz	1690037035	1789315423	
reads/SRR20324141_2.fastq.gz	1779992563	1789315423	
reads/SRR20324142_1.fastq.gz	1789018849	1789313913	
reads/SRR20324142_2.fastq.gz	1865908716	1789313913	
reads/SRR20324143_1.fastq.gz	1942627798	1789314530	
reads/SRR20324143_2.fastq.gz	2042638213	1789314530	
reads/SRR20324144_1.fastq.gz	1595100474	1789317378	
reads/SRR20324144_2.fastq.gz	1686347140	1789317379	
reads/SRR20324145_1.fastq.gz	1812640098	1789313776	
reads/SRR20324145_2.fastq.gz	1877563973	1789313776	
reads/SRR20324146_1.fastq.gz	1679598155	1789317296	
reads/SRR20324146_2.fastq.gz	1749132263	1789317297	
reads/SRR20324148_1.fastq.gz	1675183021	1789315729	
reads/SRR20324148_2.fastq.gz	1753135923	1789315729	
reads/SRR20324149_1.fastq.gz	1739589166	1789316263	
reads/SRR20324149_2.fastq.gz	1831558368	1789316262	
reads/SRR20695271_1.fastq.gz	3366168579	1789192851	
reads/SRR20695271_2.fastq.gz	3486244414	1789192833	
reads/SRR20695272_1.fastq.gz	3361726198	1789192814	
reads/SRR20695272_2.fastq.gz	3483735055	1789192830	
reads/SRR20695273_1.fastq.gz	3374097605	1789193122	
reads/SRR20695273_2.fastq.gz	3513740850	1789193131	
reads/SRR20695274_1.fastq.gz	3344967948	1789193124	
reads/SRR20695274_2.fastq.gz	3434453058	1789193123	
reads/SRR20999593_1.fastq.gz	2173529730	1789409111	
reads/SRR20999593_2.fastq.gz	2224471305	1789409111	
reads/SRR20999595_1.fastq.gz	1433630408	1789408920	
reads/SRR20999595_2.fastq.gz	1457838032	1789408920	
reads/SRR20999596_1.fastq.gz	2198643910	1789408822	
reads/SRR20999596_2.fastq.gz	2262004575	1789408820	
reads/SRR20999602_1.fastq.gz	2502970821	1789408718	
reads/SRR20999602_2.fastq.gz	2550021349	1789408717	
reads/SRR21195556_1.fastq.gz	3319921302	1789232990	
reads/SRR21195556_2.fastq.gz	3403194135	1789232990	
reads/SRR21195557_1.fastq.gz	3159625467	1789232753	
reads/SRR21195557_2.fastq.gz	3217590162	1789232753	
reads/SRR21195559_1.fastq.gz	3498637461	1789233366	
reads/SRR21195559_2.fastq.gz	3641100649	1789233367	
reads/SRR21195560_1.fastq.gz	3382881893	1789227939	
reads/SRR21195560_2.fastq.gz	3520148240	1789227940	
reads/SRR21195561_1.fastq.gz	3535042904	1789226726	
reads/SRR21195561_2.fastq.gz	3647878684	1789226726	
reads/SRR21195562_1.fastq.gz	3340124072	1789226486	
reads/SRR21195562_2.fastq.gz	3469949714	1789226486	
reads/SRR21195563_1.fastq.gz	2853548169	1789225040	
reads/SRR21195563_2.fastq.gz	2889551460	1789225040	
reads/SRR21195564_1.fastq.gz	2421178743	1789225048	
reads/SRR21195564_2.fastq.gz	2450705540	1789225048	
reads/SRR21195565_1.fastq.gz	2851734373	1789224733	
reads/SRR21195565_2.fastq.gz	2891347036	1789224732	
reads/SRR21195566_1.fastq.gz	2839283798	1789229481	
reads/SRR21195566_2.fastq.gz	2948228824	1789229480	
reads/SRR21195567_1.fastq.gz	2820378079	1789230250	
reads/SRR21195567_2.fastq.gz	2867464999	1789230250	
reads/SRR21195568_1.fastq.gz	2763245380	1789229423	
reads/SRR21195568_2.fastq.gz	2808100154	1789229423	
reads/SRR21195570_1.fastq.gz	2725311471	1789230522	
reads/SRR21195570_2.fastq.gz	2760466709	1789230522	
reads/SRR21195571_1.fastq.gz	2658936688	1789230423	
reads/SRR21195571_2.fastq.gz	2712684504	1789230423	
reads/SRR21195572_1.fastq.gz	2661744299	1789230228	
reads/SRR21195572_2.fastq.gz	2678194973	1789230228	
reads/SRR21195573_1.fastq.gz	2525251903	1789225249	
reads/SRR21195573_2.fastq.gz	2606894409	1789225249	
reads/SRR21195574_1.fastq.gz	2948962896	1789226084	
reads/SRR21195574_2.fastq.gz	2988353502	1789226085	
reads/SRR21195575_1.fastq.gz	2726464978	1789226342	
reads/SRR21195575_2.fastq.gz	2770702538	1789226342	
reads/SRR21195576_1.fastq.gz	4079656042	1789303045	
reads/SRR21195576_2.fastq.gz	4189925606	1789303045	
reads/SRR21195577_1.fastq.gz	3868077059	1789302553	
reads/SRR21195577_2.fastq.gz	3959108923	1789302552	
reads/SRR21195578_1.fastq.gz	3887684488	1789302250	
reads/SRR21195578_2.fastq.gz	3983241769	1789302248	
reads/SRR21195579_1.fastq.gz	3758372407	1789301614	
reads/SRR21195579_2.fastq.gz	3860203220	1789301614	
reads/SRR21195581_1.fastq.gz	3746699367	1789302207	
reads/SRR21195581_2.fastq.gz	3838017014	1789302207	
reads/SRR21195582_1.fastq.gz	3865457562	1789302100	
reads/SRR21195582_2.fastq.gz	3921289887	1789302100	
reads/SRR2170109.fastq.gz	1616538837	1789250668	
reads/SRR2170110.fastq.gz	1698091755	1789250725	
reads/SRR2170111.fastq.gz	1439054010	1789250164	
reads/SRR21796861_1.fastq.gz	1555135027	1789487449	
reads/SRR21796861_2.fastq.gz	1576782294	1789487449	
reads/SRR21796863_1.fastq.gz	1505351586	1789461334	
reads/SRR21796863_2.fastq.gz	1518237862	1789461334	
reads/SRR21796864_1.fastq.gz	1433778254	1789460846	
reads/SRR21796864_2.fastq.gz	1450203506	1789460846	
reads/SRR21796865_1.fastq.gz	1961731645	1788843627	
reads/SRR21796865_2.fastq.gz	1953347131	1788843625	
reads/SRR21796867_1.fastq.gz	1608657437	1789487458	
reads/SRR21796867_2.fastq.gz	1608045915	1789487458	
reads/SRR21796868_1.fastq.gz	1413082430	1789461017	
reads/SRR21796868_2.fastq.gz	1434390730	1789461019	
reads/SRR21796869_1.fastq.gz	1427688178	1789461312	
reads/SRR21796869_2.fastq.gz	1446301644	1789461312	
reads/SRR2185181.fastq.gz	42802955	1789145317	
reads/SRR2185182.fastq.gz	47052204	1789145296	
reads/SRR2185183.fastq.gz	27183559	1789145353	
reads/SRR2185184.fastq.gz	40805262	1789145335	
reads/SRR2185185.fastq.gz	14426288	1789145394	
reads/SRR2185186.fastq.gz	12671558	1789145380	
reads/SRR2185187.fastq.gz	21424080	1789145392	
reads/SRR2185190.fastq.gz	16791812	1789145368	
reads/SRR2185191.fastq.gz	24455061	1789145407	
reads/SRR21997280_1.fastq.gz	2128591694	1789405721	
reads/SRR21997280_2.fastq.gz	2158226603	1789405721	
reads/SRR21997284_1.fastq.gz	1833163568	1789405700	
reads/SRR21997284_2.fastq.gz	1951253363	1789405699	
reads/SRR22139838.fastq.gz	1057610287	1789143576	
reads/SRR22139839.fastq.gz	450955746	1789143896	
reads/SRR22139841.fastq.gz	884178367	1789144159	
reads/SRR22139842_1.fastq.gz	1571195347	1789144162	
reads/SRR22139842_2.fastq.gz	1667710660	1789144163	
reads/SRR22139843_1.fastq.gz	596554721	1789144115	
reads/SRR22139843_2.fastq.gz	629570805	1789144115	
reads/SRR22139844_1.fastq.gz	226176498	1789143304	
reads/SRR22139844_2.fastq.gz	244728838	1789143304	
reads/SRR22139846_1.fastq.gz	860825089	1789143693	
reads/SRR22139846_2.fastq.gz	870893626	1789143693	
reads/SRR22139847.fastq.gz	1012957754	1789144195	
reads/SRR22139848.fastq.gz	1213624924	1789143467	
reads/SRR22142917_1.fastq.gz	5579291865	1789407839	
reads/SRR22142917_2.fastq.gz	5657790960	1789407840	
reads/SRR22142919_1.fastq.gz	5858589736	1789407283	
reads/SRR22142919_2.fastq.gz	5948469308	1789407282	
reads/SRR22142944_1.fastq.gz	10013800583	1789407880	
reads/SRR22142944_2.fastq.gz	10295719991	1789407872	
reads/SRR22142976_1.fastq.gz	1563128018	1789406955	
reads/SRR22142976_2.fastq.gz	1583327027	1789406955	
reads/SRR22142977_1.fastq.gz	7572161767	1789407769	
reads/SRR22142977_2.fastq.gz	7799946746	1789407768	
reads/SRR22142978_1.fastq.gz	1840880775	1789407030	
reads/SRR22142978_2.fastq.gz	1901701025	1789407031	
reads/SRR22540857_1.fastq.gz	1420453160	1789476104	
reads/SRR22540857_2.fastq.gz	1460692818	1789476104	
reads/SRR22540858_1.fastq.gz	1420299913	1789475828	
reads/SRR22540858_2.fastq.gz	1472632520	1789475832	
reads/SRR22540859_1.fastq.gz	1401761442	1789476165	
reads/SRR22540859_2.fastq.gz	1475588847	1789476157	
reads/SRR22540860_1.fastq.gz	1478642576	1789476116	
reads/SRR22540860_2.fastq.gz	1515314676	1789476116	
reads/SRR22540861_1.fastq.gz	1542871844	1789476080	
reads/SRR22540861_2.fastq.gz	1622984244	1789476049	
reads/SRR22540862_1.fastq.gz	1716541827	1789476293	
reads/SRR22540862_2.fastq.gz	1778544313	1789476287	
reads/SRR22975695_1.fastq.gz	1604491856	1789446572	
reads/SRR22975695_2.fastq.gz	1623893335	1789446578	
reads/SRR22975696_1.fastq.gz	2543420229	1789446653	
reads/SRR22975696_2.fastq.gz	2557031564	1789446655	
reads/SRR22975697_1.fastq.gz	2055350662	1789446476	
reads/SRR22975697_2.fastq.gz	2120874310	1789446475	
reads/SRR22975698_1.fastq.gz	1571882760	1789446475	
reads/SRR22975698_2.fastq.gz	1612734587	1789446475	
reads/SRR22975703_1.fastq.gz	2039028545	1789446566	
reads/SRR22975703_2.fastq.gz	2117070052	1789446559	
reads/SRR22975704_1.fastq.gz	1410021784	1789446605	
reads/SRR22975704_2.fastq.gz	1423166161	1789446603	
reads/SRR23292911_1.fastq.gz	1745572676	1789484963	
reads/SRR23292911_2.fastq.gz	1760485129	1789484904	
reads/SRR23450840_1.fastq.gz	2615262873	1789481536	
reads/SRR23450840_2.fastq.gz	2660430372	1789481526	
reads/SRR23704262_1.fastq.gz	1438068294	1789467965	
reads/SRR23704262_2.fastq.gz	1467806797	1789467966	
reads/SRR23704263_1.fastq.gz	1562948119	1789468190	
reads/SRR23704263_2.fastq.gz	1640092163	1789468191	
reads/SRR23704274_1.fastq.gz	1620266410	1789468010	
reads/SRR23704274_2.fastq.gz	1646397356	1789468013	
reads/SRR23706857_1.fastq.gz	5612099589	1789283898	
reads/SRR23706857_2.fastq.gz	5763441788	1789283899	
reads/SRR23706858_1.fastq.gz	6722704986	1789375392	
reads/SRR23706858_2.fastq.gz	7072238608	1789375388	
reads/SRR23706859_1.fastq.gz	6270315558	1789284168	
reads/SRR23706859_2.fastq.gz	6472169232	1789284169	
reads/SRR23706860_1.fastq.gz	5859455146	1789283989	
reads/SRR23706860_2.fastq.gz	6074634185	1789283988	
reads/SRR23706861_1.fastq.gz	6049941281	1789283989	
reads/SRR23706861_2.fastq.gz	6262054960	1789283990	
reads/SRR23706863_1.fastq.gz	6451106524	1789284056	
reads/SRR23706863_2.fastq.gz	6628319899	1789284055	
reads/SRR23706864_1.fastq.gz	5654218773	1789283982	
reads/SRR23706864_2.fastq.gz	5878651313	1789283982	
reads/SRR23706865_1.fastq.gz	5865480210	1789375230	
reads/SRR23706865_2.fastq.gz	5985052882	1789375231	
reads/SRR23706866_1.fastq.gz	4806331244	1789283911	
reads/SRR23706866_2.fastq.gz	4973132999	1789283910	
reads/SRR23706867_1.fastq.gz	5105207697	1789375445	
reads/SRR23706867_2.fastq.gz	5299444192	1789375440	
reads/SRR23869857_1.fastq.gz	128794228	1789383709	
reads/SRR23869857_2.fastq.gz	124092775	1789383709	
reads/SRR23869864_1.fastq.gz	119732302	1789383598	
reads/SRR23869864_2.fastq.gz	112645670	1789383598	
reads/SRR23870001_1.fastq.gz	79564762	1789383553	
reads/SRR23870001_2.fastq.gz	92835215	1789383554	
reads/SRR23870004_1.fastq.gz	131324078	1789383784	
reads/SRR23870004_2.fastq.gz	146659731	1789383784	
reads/SRR23870012_1.fastq.gz	125049376	1789383871	
reads/SRR23870012_2.fastq.gz	138175462	1789383871	
reads/SRR24010213_1.fastq.gz	1820118805	1789079745	
reads/SRR24010213_2.fastq.gz	1885866753	1789079745	
reads/SRR24010214_1.fastq.gz	1871383613	1789076404	
reads/SRR24010214_2.fastq.gz	1966107222	1789076404	
reads/SRR24010215_1.fastq.gz	1723920937	1789079528	
reads/SRR24010215_2.fastq.gz	1770008934	1789079528	
reads/SRR24010216_1.fastq.gz	1810642334	1789077987	
reads/SRR24010216_2.fastq.gz	1834930259	1789077986	
reads/SRR24010217_1.fastq.gz	1776808888	1789080513	
reads/SRR24010217_2.fastq.gz	1810157178	1789080513	
reads/SRR24010218_1.fastq.gz	1795384927	1789078227	
reads/SRR24010218_2.fastq.gz	1829875693	1789078227	
reads/SRR24010219_1.fastq.gz	1788110258	1789075500	
reads/SRR24010219_2.fastq.gz	1794908332	1789075500	
reads/SRR24010220_1.fastq.gz	1794600012	1789076419	
reads/SRR24010220_2.fastq.gz	1824450200	1789076419	
reads/SRR24010221_1.fastq.gz	1970303188	1789076406	
reads/SRR24010221_2.fastq.gz	2079108417	1789076407	
reads/SRR24010222_1.fastq.gz	1818968284	1789078271	
reads/SRR24010222_2.fastq.gz	1867179156	1789078272	
reads/SRR24010223_1.fastq.gz	1779055965	1789074770	
reads/SRR24010223_2.fastq.gz	1765290059	1789074771	
reads/SRR24010225_1.fastq.gz	1803425579	1789076658	
reads/SRR24010225_2.fastq.gz	1800233979	1789076658	
reads/SRR24010226_1.fastq.gz	1812436015	1789080934	
reads/SRR24010226_2.fastq.gz	1824333785	1789080934	
reads/SRR24010228_1.fastq.gz	3714172263	1789082364	
reads/SRR24010228_2.fastq.gz	3905953467	1789082364	
reads/SRR24010229_1.fastq.gz	3038548332	1789080733	
reads/SRR24010229_2.fastq.gz	3111528657	1789080733	
reads/SRR24010230_1.fastq.gz	4335985612	1789081807	
reads/SRR24010230_2.fastq.gz	4504530093	1789081806	
reads/SRR24010231_1.fastq.gz	3902308643	1789077993	
reads/SRR24010231_2.fastq.gz	4089899764	1789077993	
reads/SRR24010232_1.fastq.gz	1811039826	1789074800	
reads/SRR24010232_2.fastq.gz	1828830382	1789074800	
reads/SRR24010233_1.fastq.gz	3924135344	1789078867	
reads/SRR24010233_2.fastq.gz	4171869655	1789078867	
reads/SRR24010234_1.fastq.gz	3775763519	1789082754	
reads/SRR24010234_2.fastq.gz	3983985538	1789082754	
reads/SRR24010235_1.fastq.gz	1806288764	1789076580	
reads/SRR24010235_2.fastq.gz	1829948775	1789076580	
reads/SRR24010236_1.fastq.gz	3759696458	1789084690	
reads/SRR24010236_2.fastq.gz	3958316408	1789084688	
reads/SRR24010238_1.fastq.gz	3771956628	1789078312	
reads/SRR24010238_2.fastq.gz	3927117777	1789078312	
reads/SRR24010239_1.fastq.gz	3748790473	1789084440	
reads/SRR24010239_2.fastq.gz	3935479344	1789084440	
reads/SRR24010240_1.fastq.gz	1838571457	1789076062	
reads/SRR24010240_2.fastq.gz	1894740261	1789076061	
reads/SRR24010241_1.fastq.gz	3703913280	1789081627	
reads/SRR24010241_2.fastq.gz	3867911380	1789081627	
reads/SRR24010242_1.fastq.gz	3482409892	1789078703	
reads/SRR24010242_2.fastq.gz	3677182302	1789078703	
reads/SRR24010243_1.fastq.gz	1817788215	1789082648	
reads/SRR24010243_2.fastq.gz	1847258512	1789082648	
reads/SRR24010244_1.fastq.gz	3494215231	1789080888	
reads/SRR24010244_2.fastq.gz	3652458369	1789080888	
reads/SRR24010245_1.fastq.gz	4562527465	1789077563	
reads/SRR24010245_2.fastq.gz	4830375111	1789077562	
reads/SRR24010246_1.fastq.gz	4134758310	1789083572	
reads/SRR24010246_2.fastq.gz	4338745288	1789083572	
reads/SRR24010247_1.fastq.gz	3810559411	1789083595	
reads/SRR24010247_2.fastq.gz	3958851520	1789083595	
reads/SRR24010248_1.fastq.gz	4284185877	1789080204	
reads/SRR24010248_2.fastq.gz	4491607711	1789080204	
reads/SRR24010249_1.fastq.gz	4434798629	1789075232	
reads/SRR24010249_2.fastq.gz	4652307112	1789075232	
reads/SRR24010250_1.fastq.gz	4353519994	1789081392	
reads/SRR24010250_2.fastq.gz	4527231015	1789081392	
reads/SRR24115445_1.fastq.gz	1590492703	1789472423	
reads/SRR24115445_2.fastq.gz	1608445185	1789472422	
reads/SRR24115459_1.fastq.gz	1844787867	1789472479	
reads/SRR24115459_2.fastq.gz	1841679450	1789472479	
reads/SRR24116281_1.fastq.gz	1714052391	1789407575	
reads/SRR24116281_2.fastq.gz	1743596296	1789407576	
reads/SRR24283998.fastq.gz	2953407354	1789384347	
reads/SRR24305217_1.fastq.gz	489806935	1789482338	
reads/SRR24305217_2.fastq.gz	504110024	1789482338	
reads/SRR24737257_1.fastq.gz	1373300767	1789386654	
reads/SRR24737257_2.fastq.gz	1384131776	1789386653	
reads/SRR24737259_1.fastq.gz	1760764312	1789386627	
reads/SRR24737259_2.fastq.gz	1761468665	1789386628	
reads/SRR24737260_1.fastq.gz	1467969110	1789386526	
reads/SRR24737260_2.fastq.gz	1476751913	1789386526	
reads/SRR24737261_1.fastq.gz	1803873268	1789386632	
reads/SRR24737261_2.fastq.gz	1807461457	1789386632	
reads/SRR24737262_1.fastq.gz	1496356569	1789386588	
reads/SRR24737262_2.fastq.gz	1449359065	1789386588	
reads/SRR24737264_1.fastq.gz	1703050576	1789386592	
reads/SRR24737264_2.fastq.gz	1722678968	1789386594	
reads/SRR24737265_1.fastq.gz	1645773224	1789386572	
reads/SRR24737265_2.fastq.gz	1650215995	1789386595	
reads/SRR24901492_1.fastq.gz	1767157733	1789404118	
reads/SRR24901492_2.fastq.gz	1821849044	1789404118	
reads/SRR24901493_1.fastq.gz	1753711590	1788846027	
reads/SRR24901493_2.fastq.gz	1810414641	1788846026	
reads/SRR24901494_1.fastq.gz	1747026632	1789404012	
reads/SRR24901494_2.fastq.gz	1762123291	1789404014	
reads/SRR24911515_1.fastq.gz	1629767324	1789473072	
reads/SRR24911515_2.fastq.gz	1640931701	1789473076	
reads/SRR24956689.fastq.gz	614289851	1789473133	
reads/SRR24956700.fastq.gz	1113015706	1789473145	
reads/SRR25015528.fastq.gz	545030560	1789332668	
reads/SRR25015529.fastq.gz	718293290	1789332750	
reads/SRR2517426.fastq.gz	7786855645	1789337992	
reads/SRR2517427.fastq.gz	6547010687	1789337838	
reads/SRR2517428.fastq.gz	7930968473	1789336484	
reads/SRR2517429.fastq.gz	8376512466	1789338207	
reads/SRR2517430.fastq.gz	7106869626	1789338067	
reads/SRR2517431.fastq.gz	6510908181	1789338109	
reads/SRR2517432.fastq.gz	7482446500	1789338182	
reads/SRR2517433.fastq.gz	7719378579	1789339025	
reads/SRR2517434.fastq.gz	7169501099	1789338318	
reads/SRR2517435.fastq.gz	6944903774	1789335838	
reads/SRR2517436.fastq.gz	8219453405	1789335911	
reads/SRR2517437.fastq.gz	6630229857	1789336005	
reads/SRR2518217.fastq.gz	1441137540	1789381977	
reads/SRR2518226.fastq.gz	1190250401	1789381694	
reads/SRR2518230_1.fastq.gz	752852377	1789381991	
reads/SRR2518230_2.fastq.gz	755942415	1789381993	
reads/SRR2558706_1.fastq.gz	682291219	1789381864	
reads/SRR2558706_2.fastq.gz	679791979	1789381861	
reads/SRR25662789_1.fastq.gz	2664762604	1789452728	
reads/SRR25662789_2.fastq.gz	2695207669	1789452721	
reads/SRR25662792_1.fastq.gz	2688916152	1789452813	
reads/SRR25662792_2.fastq.gz	2734320026	1789452812	
reads/SRR25662795_1.fastq.gz	2516239754	1789452721	
reads/SRR25662795_2.fastq.gz	2550135383	1789452719	
reads/SRR25662803_1.fastq.gz	2656094345	1789452642	
reads/SRR25662803_2.fastq.gz	2690281583	1789452642	
reads/SRR25968991_1.fastq.gz	2430469748	1789444373	
reads/SRR25968991_2.fastq.gz	2741434705	1789444357	
reads/SRR25968992_1.fastq.gz	2444972766	1789444840	
reads/SRR25968992_2.fastq.gz	2743375455	1789444809	
reads/SRR25968993_1.fastq.gz	1893750223	1789445966	
reads/SRR25968993_2.fastq.gz	2145533808	1789445968	
reads/SRR25968998_1.fastq.gz	2667351835	1789445626	
reads/SRR25968998_2.fastq.gz	3026431965	1789445625	
reads/SRR25968999_1.fastq.gz	2985192652	1789444298	
reads/SRR25968999_2.fastq.gz	3435523905	1789444185	
reads/SRR25969000_1.fastq.gz	3576975139	1789445699	
reads/SRR25969000_2.fastq.gz	3976916861	1789445685	
reads/SRR25969004_1.fastq.gz	1521490297	1789443680	
reads/SRR25969004_2.fastq.gz	1658422550	1789443680	
reads/SRR25969005_1.fastq.gz	1731465003	1789443944	
reads/SRR25969005_2.fastq.gz	1944415860	1789443940	
reads/SRR25969007_1.fastq.gz	2005747229	1789444624	
reads/SRR25969007_2.fastq.gz	2240208581	1789444775	
reads/SRR25969011_1.fastq.gz	1880045484	1789446225	
reads/SRR25969011_2.fastq.gz	2095187106	1789446225	
reads/SRR25969012_1.fastq.gz	2497118240	1789444858	
reads/SRR25969012_2.fastq.gz	2841133725	1789444914	
reads/SRR25969013_1.fastq.gz	2510295623	1789445948	
reads/SRR25969013_2.fastq.gz	2869963200	1789445948	
reads/SRR25969019_1.fastq.gz	1838370860	1789445620	
reads/SRR25969019_2.fastq.gz	2071119886	1789445627	
reads/SRR25969020_1.fastq.gz	2186739493	1789444571	
reads/SRR25969020_2.fastq.gz	2523669780	1789444592	
reads/SRR25969024_1.fastq.gz	2633707100	1789444331	
reads/SRR25969024_2.fastq.gz	2954423327	1789444178	
reads/SRR25969025_1.fastq.gz	551619463	1789443618	
reads/SRR25969025_2.fastq.gz	595025279	1789443618	
reads/SRR25969026_1.fastq.gz	2006559849	1789445733	
reads/SRR25969026_2.fastq.gz	2307811946	1789445736	
reads/SRR25969031_1.fastq.gz	1340825324	1789444147	
reads/SRR25969031_2.fastq.gz	1495616785	1789444145	
reads/SRR25969032_1.fastq.gz	1772180726	1789445751	
reads/SRR25969032_2.fastq.gz	2006160389	1789445750	
reads/SRR25969033_1.fastq.gz	1505495763	1789444298	
reads/SRR25969033_2.fastq.gz	1697256334	1789444164	
reads/SRR25969038_1.fastq.gz	710116179	1789443390	
reads/SRR25969038_2.fastq.gz	794194439	1789443391	
reads/SRR25969047_1.fastq.gz	1040170883	1789444641	
reads/SRR25969047_2.fastq.gz	1170799388	1789444755	
reads/SRR25969048_1.fastq.gz	1335439893	1789443494	
reads/SRR25969048_2.fastq.gz	1499786303	1789443493	
reads/SRR25969054_1.fastq.gz	1467074850	1789445416	
reads/SRR25969054_2.fastq.gz	1685785034	1789445418	
reads/SRR25969067_1.fastq.gz	1887689448	1789443937	
reads/SRR25969067_2.fastq.gz	2171843810	1789443939	
reads/SRR25969068_1.fastq.gz	1726259377	1789445419	
reads/SRR25969068_2.fastq.gz	1928540602	1789445600	
reads/SRR26081708_1.fastq.gz	100532269	1789443574	
reads/SRR26081708_2.fastq.gz	114045968	1789443574	
reads/SRR26175767_1.fastq.gz	5325569280	1789298480	
reads/SRR26175767_2.fastq.gz	5100778818	1789298480	
reads/SRR26175768_1.fastq.gz	6696072937	1789300281	
reads/SRR26175768_2.fastq.gz	5855755200	1789300280	
reads/SRR26175769_1.fastq.gz	6461902312	1789298923	
reads/SRR26175769_2.fastq.gz	5514804662	1789298923	
reads/SRR26175770_1.fastq.gz	5939041349	1789298601	
reads/SRR26175770_2.fastq.gz	5281759926	1789298601	
reads/SRR26175771_1.fastq.gz	5704329370	1789298492	
reads/SRR26175771_2.fastq.gz	5300646948	1789298493	
reads/SRR26214558_1.fastq.gz	2280853864	1789442548	
reads/SRR26214558_2.fastq.gz	2432693286	1789442548	
reads/SRR26214562_1.fastq.gz	2349646155	1789442415	
reads/SRR26214562_2.fastq.gz	2493019058	1789442415	
reads/SRR26214563_1.fastq.gz	2270752579	1789442810	
reads/SRR26214563_2.fastq.gz	2367878223	1789442811	
reads/SRR26214564_1.fastq.gz	2210089730	1789442526	
reads/SRR26214564_2.fastq.gz	2343658259	1789442525	
reads/SRR26214566_1.fastq.gz	2209620174	1789442891	
reads/SRR26214566_2.fastq.gz	2325044146	1789442894	
reads/SRR26214567_1.fastq.gz	2596349037	1789443093	
reads/SRR26214567_2.fastq.gz	2669516422	1789443091	
reads/SRR26214568_1.fastq.gz	2756067897	1789442849	
reads/SRR26214568_2.fastq.gz	2910427674	1789442848	
reads/SRR26214572_1.fastq.gz	2303200256	1789442580	
reads/SRR26214572_2.fastq.gz	2458869209	1789442582	
reads/SRR26214573_1.fastq.gz	2092564564	1789442398	
reads/SRR26214573_2.fastq.gz	2234107677	1789442394	
reads/SRR26387392_1.fastq.gz	176573116	1789475084	
reads/SRR26387392_2.fastq.gz	179410004	1789475083	
reads/SRR26511466_1.fastq.gz	3126448073	1789449034	
reads/SRR26511466_2.fastq.gz	3107650837	1789449033	
reads/SRR26511470_1.fastq.gz	2747447891	1789448819	
reads/SRR26511470_2.fastq.gz	2826446466	1789448820	
reads/SRR26511471_1.fastq.gz	3023634864	1789447934	
reads/SRR26511471_2.fastq.gz	3053213051	1789447936	
reads/SRR26511472_1.fastq.gz	2386749862	1789448787	
reads/SRR26511472_2.fastq.gz	2406616816	1789448785	
reads/SRR26511474_1.fastq.gz	3705189931	1789448004	
reads/SRR26511474_2.fastq.gz	3755909339	1789448006	
reads/SRR26511475_1.fastq.gz	3179604265	1789448217	
reads/SRR26511475_2.fastq.gz	3216272446	1789448219	
reads/SRR27311318.fastq.gz	9239719	1789412618	
reads/SRR27311339.fastq.gz	81803109	1789412551	
reads/SRR27311630.fastq.gz	39216868	1789412572	
reads/SRR27311745.fastq.gz	53841428	1789412600	
reads/SRR27326329_1.fastq.gz	154596292	1789384210	
reads/SRR27326329_2.fastq.gz	153084500	1789384210	
reads/SRR27326369_1.fastq.gz	262437895	1789384192	
reads/SRR27326369_2.fastq.gz	242780928	1789384192	
reads/SRR27326386_1.fastq.gz	329597171	1789384378	
reads/SRR27326386_2.fastq.gz	326962995	1789384378	
reads/SRR27326401_1.fastq.gz	335236353	1789384224	
reads/SRR27326401_2.fastq.gz	338063868	1789384224	
reads/SRR27326408_1.fastq.gz	156694754	1789384423	
reads/SRR27326408_2.fastq.gz	158302910	1789384423	
reads/SRR27326462_1.fastq.gz	86209922	1789384377	
reads/SRR27326462_2.fastq.gz	82067248	1789384377	
reads/SRR27326517_1.fastq.gz	91104388	1789384256	
reads/SRR27326517_2.fastq.gz	90099726	1789384256	
reads/SRR27326530_1.fastq.gz	42890016	1789384304	
reads/SRR27326530_2.fastq.gz	42020019	1789384304	
reads/SRR27326545_1.fastq.gz	95856007	1789384417	
reads/SRR27326545_2.fastq.gz	89337786	1789384417	
reads/SRR27326679_1.fastq.gz	151640092	1789384301	
reads/SRR27326679_2.fastq.gz	149054356	1789384301	
reads/SRR27326702_1.fastq.gz	103768368	1789384337	
reads/SRR27326702_2.fastq.gz	98347825	1789384337	
reads/SRR27326787_1.fastq.gz	354761107	1789384380	
reads/SRR27326787_2.fastq.gz	338504292	1789384380	
reads/SRR27326806_1.fastq.gz	163968640	1789384259	
reads/SRR27326806_2.fastq.gz	153322936	1789384259	
reads/SRR27326840_1.fastq.gz	154793272	1789384302	
reads/SRR27326840_2.fastq.gz	139399684	1789384303	
reads/SRR27607207_1.fastq.gz	1555865763	1789246064	
reads/SRR27607207_2.fastq.gz	1620076265	1789246064	
reads/SRR27846618_1.fastq.gz	2716969037	1789482599	
reads/SRR27846618_2.fastq.gz	3008036312	1789482607	
reads/SRR27846622_1.fastq.gz	2160057067	1789482478	
reads/SRR27846622_2.fastq.gz	2184589410	1789482481	
reads/SRR27846623_1.fastq.gz	2345922439	1789482617	
reads/SRR27846623_2.fastq.gz	2466803905	1789482617	
reads/SRR28147552_1.fastq.gz	147581087	1789383945	
reads/SRR28147552_2.fastq.gz	165626578	1789383945	
reads/SRR28147553_1.fastq.gz	81962800	1789383920	
reads/SRR28147553_2.fastq.gz	93912099	1789383920	
reads/SRR28475112_1.fastq.gz	124085093	1789383737	
reads/SRR28475112_2.fastq.gz	150472173	1789383737	
reads/SRR28475114_1.fastq.gz	165037806	1789383806	
reads/SRR28475114_2.fastq.gz	202187570	1789383806	
reads/SRR28475119_1.fastq.gz	222840013	1789383672	
reads/SRR28475119_2.fastq.gz	269832478	1789383672	
reads/SRR28475120_1.fastq.gz	324843038	1789383473	
reads/SRR28475120_2.fastq.gz	371390034	1789383473	
reads/SRR28475125_1.fastq.gz	51410899	1789383716	
reads/SRR28475125_2.fastq.gz	58819075	1789383717	
reads/SRR28475135_1.fastq.gz	296308934	1789383834	
reads/SRR28475135_2.fastq.gz	365516403	1789383834	
reads/SRR28475137_1.fastq.gz	203747721	1789383781	
reads/SRR28475137_2.fastq.gz	240845596	1789383781	
reads/SRR28475139_1.fastq.gz	44839822	1789383544	
reads/SRR28475139_2.fastq.gz	47759049	1789383546	
reads/SRR28475145_1.fastq.gz	136947092	1789383655	
reads/SRR28475145_2.fastq.gz	164072612	1789383655	
reads/SRR28544648_1.fastq.gz	46769710	1789383641	
reads/SRR28544648_2.fastq.gz	56469848	1789383640	
reads/SRR28544654_1.fastq.gz	109041047	1789383678	
reads/SRR28544654_2.fastq.gz	130995321	1789383678	
reads/SRR28544664_1.fastq.gz	85378784	1789383498	
reads/SRR28544664_2.fastq.gz	98739643	1789383491	
reads/SRR28544667_1.fastq.gz	147894752	1789383860	
reads/SRR28544667_2.fastq.gz	163381159	1789383859	
reads/SRR28544668_1.fastq.gz	272087752	1789383855	
reads/SRR28544668_2.fastq.gz	319725679	1789383855	
reads/SRR28544675_1.fastq.gz	85494660	1789383607	
reads/SRR28544675_2.fastq.gz	103932990	1789383586	
reads/SRR28544676_1.fastq.gz	73150174	1789383842	
reads/SRR28544676_2.fastq.gz	87934801	1789383838	
reads/SRR28544685_1.fastq.gz	350456854	1789383800	
reads/SRR28544685_2.fastq.gz	437159038	1789383800	
reads/SRR28544686_1.fastq.gz	98393514	1789383757	
reads/SRR28544686_2.fastq.gz	122044936	1789383757	
reads/SRR28704968_1.fastq.gz	1734741321	1789096390	
reads/SRR28704968_2.fastq.gz	1791190588	1789096389	
reads/SRR28704969_1.fastq.gz	1619833235	1789096697	
reads/SRR28704969_2.fastq.gz	1643794720	1789096697	
reads/SRR28704970_1.fastq.gz	1858698429	1789095525	
reads/SRR28704970_2.fastq.gz	1911433850	1789095526	
reads/SRR28704971_1.fastq.gz	1660587313	1789095253	
reads/SRR28704971_2.fastq.gz	1723998477	1789095256	
reads/SRR28704972_1.fastq.gz	1610119310	1789096301	
reads/SRR28704972_2.fastq.gz	1632869077	1789096301	
reads/SRR28704973_1.fastq.gz	1713103898	1789095104	
reads/SRR28704973_2.fastq.gz	1755162653	1789095105	
reads/SRR28718298_1.fastq.gz	1572208138	1789456850	
reads/SRR28718298_2.fastq.gz	1607889491	1789456791	
reads/SRR28718299_1.fastq.gz	1728158177	1789456809	
reads/SRR28718299_2.fastq.gz	1783249918	1789456785	
reads/SRR28718300_1.fastq.gz	1709749564	1789456764	
reads/SRR28718300_2.fastq.gz	1759565181	1789456747	
reads/SRR28718302_1.fastq.gz	2013874757	1789456979	
reads/SRR28718302_2.fastq.gz	2066065217	1789456992	
reads/SRR2873755_1.fastq.gz	2719005032	1789224594	
reads/SRR2873755_2.fastq.gz	2720880020	1789224594	
reads/SRR2873756_1.fastq.gz	2575513819	1789223100	
reads/SRR2873756_2.fastq.gz	2577380994	1789223101	
reads/SRR2873757_1.fastq.gz	3050085435	1789224145	
reads/SRR2873757_2.fastq.gz	3064742129	1789224144	
reads/SRR2873842_1.fastq.gz	2809192372	1789222272	
reads/SRR2873842_2.fastq.gz	2868930183	1789222272	
reads/SRR2873917_1.fastq.gz	3263470020	1789222322	
reads/SRR2873917_2.fastq.gz	3323474186	1789222320	
reads/SRR2874066_1.fastq.gz	2795086260	1789222150	
reads/SRR2874066_2.fastq.gz	2778222462	1789222150	
reads/SRR2874370_1.fastq.gz	2827888423	1789223183	
reads/SRR2874370_2.fastq.gz	2833213069	1789223183	
reads/SRR2874373_1.fastq.gz	2731275561	1789222924	
reads/SRR2874373_2.fastq.gz	2743706433	1789222925	
reads/SRR2874379_1.fastq.gz	2737540893	1789222795	
reads/SRR2874379_2.fastq.gz	2709479541	1789222795	
reads/SRR2874385_1.fastq.gz	2908363565	1789222333	
reads/SRR2874385_2.fastq.gz	2881293689	1789222333	
reads/SRR2874388_1.fastq.gz	2830694979	1789224360	
reads/SRR2874388_2.fastq.gz	2800789102	1789224360	
reads/SRR2874389_1.fastq.gz	2417303994	1789224245	
reads/SRR2874389_2.fastq.gz	2404623681	1789224245	
reads/SRR29076457_1.fastq.gz	2569059984	1788948198	
reads/SRR29076457_2.fastq.gz	2702901826	1788948195	
reads/SRR29076488_1.fastq.gz	2676359706	1788947703	
reads/SRR29076488_2.fastq.gz	2962031804	1788947705	
reads/SRR29076501_1.fastq.gz	2356106131	1788948183	
reads/SRR29076501_2.fastq.gz	2547312681	1788948183	
reads/SRR29076502_1.fastq.gz	3179888435	1788948168	
reads/SRR29076502_2.fastq.gz	3533627251	1788948168	
reads/SRR29076503_1.fastq.gz	2868614235	1788943714	
reads/SRR29076503_2.fastq.gz	3187166555	1788943713	
reads/SRR29076510_1.fastq.gz	3173018971	1788947641	
reads/SRR29076510_2.fastq.gz	3295487469	1788947640	
reads/SRR29076533_1.fastq.gz	2479297769	1788944087	
reads/SRR29076533_2.fastq.gz	2813443527	1788944086	
reads/SRR29076542_1.fastq.gz	2312476765	1788944854	
reads/SRR29076542_2.fastq.gz	2645893512	1788944856	
reads/SRR29076543_1.fastq.gz	2438467592	1788944824	
reads/SRR29076543_2.fastq.gz	2783291886	1788944824	
reads/SRR29077169_1.fastq.gz	2163002512	1788945567	
reads/SRR29077169_2.fastq.gz	2319668000	1788945567	
reads/SRR29077171_1.fastq.gz	2629424001	1788949936	
reads/SRR29077171_2.fastq.gz	3021801164	1788949936	
reads/SRR29077172_1.fastq.gz	2683508899	1788949602	
reads/SRR29077172_2.fastq.gz	3076591322	1788949602	
reads/SRR29077173_1.fastq.gz	2788289916	1788947486	
reads/SRR29077173_2.fastq.gz	3201162363	1788947484	
reads/SRR29077174_1.fastq.gz	2423408947	1788946893	
reads/SRR29077174_2.fastq.gz	2757867541	1788946893	
reads/SRR29077175_1.fastq.gz	2977980767	1789026024	
reads/SRR29077175_2.fastq.gz	3430660075	1789026025	
reads/SRR29077176_1.fastq.gz	2407325587	1788945430	
reads/SRR29077176_2.fastq.gz	2673040322	1788945428	
reads/SRR29077177_1.fastq.gz	2587855156	1788947015	
reads/SRR29077177_2.fastq.gz	2883910790	1788947014	
reads/SRR29077178_1.fastq.gz	2618889154	1788945056	
reads/SRR29077178_2.fastq.gz	2902763102	1788945057	
reads/SRR2920074.fastq.gz	2100562811	1789322470	
reads/SRR2920086.fastq.gz	2095361938	1789322727	
reads/SRR2920464.fastq.gz	2001346260	1789322282	
reads/SRR2920597.fastq.gz	1998921032	1789322242	
reads/SRR2920608.fastq.gz	2072307324	1789322929	
reads/SRR2920794.fastq.gz	2073050139	1789323013	
reads/SRR2922399.fastq.gz	1836884615	1789321512	
reads/SRR2922400.fastq.gz	1835800572	1789321552	
reads/SRR2922401.fastq.gz	2010170655	1789321160	
reads/SRR2922402.fastq.gz	2008673425	1789320890	
reads/SRR2922403.fastq.gz	1973601155	1789321679	
reads/SRR2922404.fastq.gz	1973894826	1789321946	
reads/SRR2922433.fastq.gz	1942942482	1789382105	
reads/SRR2922434.fastq.gz	1955183959	1789382154	
reads/SRR2922435.fastq.gz	2168432183	1789382231	
reads/SRR2922436.fastq.gz	2188215140	1789382253	
reads/SRR2922437.fastq.gz	1532497475	1789382397	
reads/SRR2922438.fastq.gz	1549960912	1789382340	
reads/SRR2922439.fastq.gz	1632244048	1789382623	
reads/SRR2922440.fastq.gz	1652495701	1789382567	
reads/SRR2922441.fastq.gz	1515034837	1789382509	
reads/SRR2922442.fastq.gz	1531560622	1789382486	
reads/SRR2922443.fastq.gz	2398245737	1789382780	
reads/SRR2922444.fastq.gz	2422207652	1789382769	
reads/SRR29327393_1.fastq.gz	2216892564	1789483213	
reads/SRR29327393_2.fastq.gz	2261569402	1789483210	
reads/SRR30126654_1.fastq.gz	1939906806	1789447003	
reads/SRR30126654_2.fastq.gz	1998789667	1789447001	
reads/SRR30126656_1.fastq.gz	1984384297	1789447089	
reads/SRR30126656_2.fastq.gz	2029741861	1789447088	
reads/SRR30126657_1.fastq.gz	1620763749	1789447041	
reads/SRR30126657_2.fastq.gz	1672712840	1789447040	
reads/SRR30126660_1.fastq.gz	1602801921	1789447285	
reads/SRR30126660_2.fastq.gz	1602344102	1789447283	
reads/SRR30126662_1.fastq.gz	1699442449	1789447066	
reads/SRR30126662_2.fastq.gz	1703483363	1789447066	
reads/SRR30126665_1.fastq.gz	1877703654	1789446873	
reads/SRR30126665_2.fastq.gz	1930729034	1789446873	
reads/SRR30126666_1.fastq.gz	1945450756	1789447178	
reads/SRR30126666_2.fastq.gz	2005952886	1789447179	
reads/SRR30126671_1.fastq.gz	1747136044	1789447145	
reads/SRR30126671_2.fastq.gz	1763096778	1789447144	
reads/SRR30427633_1.fastq.gz	2857258071	1789471668	
reads/SRR30427633_2.fastq.gz	3599294977	1789471668	
reads/SRR30427804_1.fastq.gz	3188526093	1789471668	
reads/SRR30427804_2.fastq.gz	3542976096	1789471668	
reads/SRR30673023_1.fastq.gz	3439201844	1789404972	
reads/SRR30673023_2.fastq.gz	3714121201	1789404971	
reads/SRR30673024_1.fastq.gz	3594397397	1789404818	
reads/SRR30673024_2.fastq.gz	3849825410	1789404818	
reads/SRR30673025_1.fastq.gz	2934285357	1789405318	
reads/SRR30673025_2.fastq.gz	3179792547	1789405318	
reads/SRR30673031_1.fastq.gz	3209200685	1789405182	
reads/SRR30673031_2.fastq.gz	3460901639	1789405177	
reads/SRR30673032_1.fastq.gz	3494135494	1789404860	
reads/SRR30673032_2.fastq.gz	3752077345	1789404859	
reads/SRR3090580_1.fastq.gz	3626458888	1789483525	
reads/SRR3090580_2.fastq.gz	3635911655	1789483495	
reads/SRR30977603_1.fastq.gz	2588881903	1789453536	
reads/SRR30977603_2.fastq.gz	2615993000	1789453543	
reads/SRR31200152_1.fastq.gz	5581548653	1789304340	
reads/SRR31200152_2.fastq.gz	5863973413	1789304341	
reads/SRR31200153_1.fastq.gz	5374092611	1789305001	
reads/SRR31200153_2.fastq.gz	5632819404	1789305002	
reads/SRR31200154_1.fastq.gz	5307221911	1789304298	
reads/SRR31200154_2.fastq.gz	5534749816	1789304298	
reads/SRR31200155_1.fastq.gz	5042306590	1789304205	
reads/SRR31200155_2.fastq.gz	5325893393	1789304207	
reads/SRR31200163_1.fastq.gz	2816917954	1789249381	
reads/SRR31200163_2.fastq.gz	2993509586	1789249382	
reads/SRR31200164_1.fastq.gz	3555918773	1789248874	
reads/SRR31200164_2.fastq.gz	3786937722	1789248873	
reads/SRR31200165_1.fastq.gz	2742417037	1789247979	
reads/SRR31200165_2.fastq.gz	2922530860	1789247980	
reads/SRR31200166_1.fastq.gz	2746505350	1789249123	
reads/SRR31200166_2.fastq.gz	2903761697	1789249123	
reads/SRR31200167_1.fastq.gz	2769029098	1789248796	
reads/SRR31200167_2.fastq.gz	2948605274	1789248796	
reads/SRR31200168_1.fastq.gz	2795639191	1789247939	
reads/SRR31200168_2.fastq.gz	2970548832	1789247940	
reads/SRR31200169_1.fastq.gz	5777525616	1789304580	
reads/SRR31200169_2.fastq.gz	6220968091	1789304579	
reads/SRR31200170_1.fastq.gz	7209151782	1789304872	
reads/SRR31200170_2.fastq.gz	7555127065	1789304870	
reads/SRR31204179_1.fastq.gz	2258442935	1789473499	
reads/SRR31204179_2.fastq.gz	2314527915	1789473501	
reads/SRR31204180_1.fastq.gz	2170897888	1789473564	
reads/SRR31204180_2.fastq.gz	2204903014	1789473564	
reads/SRR31204181_1.fastq.gz	2350546182	1789473658	
reads/SRR31204181_2.fastq.gz	2411734740	1789473657	
reads/SRR31204182_1.fastq.gz	2137587470	1789473458	
reads/SRR31204182_2.fastq.gz	2163860703	1789473459	
reads/SRR31204183_1.fastq.gz	2518580424	1789473439	
reads/SRR31204183_2.fastq.gz	2560307684	1789473439	
reads/SRR31204184_1.fastq.gz	2751820870	1789473611	
reads/SRR31204184_2.fastq.gz	2799302905	1789473607	
reads/SRR31278110_1.fastq.gz	4116234161	1789403063	
reads/SRR31278110_2.fastq.gz	4190321280	1789403059	
reads/SRR31278111_1.fastq.gz	4057624893	1789404300	
reads/SRR31278111_2.fastq.gz	4121706087	1789404299	
reads/SRR31278112_1.fastq.gz	4216559925	1789403211	
reads/SRR31278112_2.fastq.gz	4301321663	1789403210	
reads/SRR31278113_1.fastq.gz	3969522483	1789401877	
reads/SRR31278113_2.fastq.gz	4080682967	1789401879	
reads/SRR31278114_1.fastq.gz	3970561543	1789403212	
reads/SRR31278114_2.fastq.gz	4050286869	1789403211	
reads/SRR31278117_1.fastq.gz	4056774593	1789403062	
reads/SRR31278117_2.fastq.gz	4388485265	1789403060	
reads/SRR31278118_1.fastq.gz	4441036523	1789402118	
reads/SRR31278118_2.fastq.gz	4520529400	1789402117	
reads/SRR31278119_1.fastq.gz	4177315296	1789403170	
reads/SRR31278119_2.fastq.gz	4438353860	1789403170	
reads/SRR31278120_1.fastq.gz	3979337148	1789404554	
reads/SRR31278120_2.fastq.gz	4174373197	1789404556	
reads/SRR31278121_1.fastq.gz	4030401149	1789403359	
reads/SRR31278121_2.fastq.gz	4140620977	1789403360	
reads/SRR31278122_1.fastq.gz	4515584852	1789404128	
reads/SRR31278122_2.fastq.gz	4650695556	1789404125	
reads/SRR31278123_1.fastq.gz	4155872524	1789402863	
reads/SRR31278123_2.fastq.gz	4391642331	1789402864	
reads/SRR31514621_1.fastq.gz	20383831398	1789326744	
reads/SRR31514621_2.fastq.gz	20405587088	1789326755	
reads/SRR31514622_1.fastq.gz	24373999237	1789326932	
reads/SRR31514622_2.fastq.gz	24392907974	1789326927	
reads/SRR31514625_1.fastq.gz	8946631221	1789324612	
reads/SRR31514625_2.fastq.gz	9002095417	1789324588	
reads/SRR31514626_1.fastq.gz	7338956731	1789324731	
reads/SRR31514626_2.fastq.gz	7346892313	1789324742	
reads/SRR31514627_1.fastq.gz	9340414554	1789327364	
reads/SRR31514627_2.fastq.gz	9346346850	1789327358	
reads/SRR31514628_1.fastq.gz	8122680261	1789324211	
reads/SRR31514628_2.fastq.gz	8110256196	1789324253	
reads/SRR31514631_1.fastq.gz	23955403768	1789328572	
reads/SRR31514631_2.fastq.gz	24007791485	1789328573	
reads/SRR31514632_1.fastq.gz	3927718255	1789324292	
reads/SRR31514632_2.fastq.gz	3931500163	1789324280	
reads/SRR31514633_1.fastq.gz	18684524932	1789326331	
reads/SRR31514633_2.fastq.gz	18827316181	1789326330	
reads/SRR31776302_1.fastq.gz	1606974369	1789471555	
reads/SRR31776302_2.fastq.gz	1661658091	1789471556	
reads/SRR31830259_1.fastq.gz	1485471833	1789453440	
reads/SRR31830259_2.fastq.gz	1589671176	1789453442	
reads/SRR31830260_1.fastq.gz	1528247433	1789453427	
reads/SRR31830260_2.fastq.gz	1648631550	1789453427	
reads/SRR31839224_1.fastq.gz	2334383097	1789141800	
reads/SRR31839224_2.fastq.gz	2340138638	1789141799	
reads/SRR31839225_1.fastq.gz	2358626806	1789141615	
reads/SRR31839225_2.fastq.gz	2360359183	1789141615	
reads/SRR31839226_1.fastq.gz	2503300584	1789142310	
reads/SRR31839226_2.fastq.gz	2555616388	1789142310	
reads/SRR31839227_1.fastq.gz	2726328823	1789142827	
reads/SRR31839227_2.fastq.gz	2781131911	1789142828	
reads/SRR31850419_1.fastq.gz	4646663329	1789333527	
reads/SRR31850419_2.fastq.gz	4636733358	1789333525	
reads/SRR31850420_1.fastq.gz	4748638380	1789334194	
reads/SRR31850420_2.fastq.gz	4737957406	1789334196	
reads/SRR31850421_1.fastq.gz	6086906807	1789335717	
reads/SRR31850421_2.fastq.gz	6061848060	1789335717	
reads/SRR31850422_1.fastq.gz	5168007966	1789335927	
reads/SRR31850422_2.fastq.gz	5158844153	1789335926	
reads/SRR31850423_1.fastq.gz	5031147377	1789333414	
reads/SRR31850423_2.fastq.gz	5035695912	1789333413	
reads/SRR31850424_1.fastq.gz	5840504813	1789335887	
reads/SRR31850424_2.fastq.gz	5838171167	1789335887	
reads/SRR31850425_1.fastq.gz	5902213926	1789333587	
reads/SRR31850425_2.fastq.gz	5913736842	1789333587	
reads/SRR31850431_1.fastq.gz	4846104145	1789335645	
reads/SRR31850431_2.fastq.gz	4864444938	1789335644	
reads/SRR31850432_1.fastq.gz	5159761865	1789333314	
reads/SRR31850432_2.fastq.gz	5213439148	1789333313	
reads/SRR31850433_1.fastq.gz	4590320480	1789333722	
reads/SRR31850433_2.fastq.gz	4610531705	1789333721	
reads/SRR31850434_1.fastq.gz	4452577822	1789333222	
reads/SRR31850434_2.fastq.gz	4471237769	1789333221	
reads/SRR31850435_1.fastq.gz	5387833289	1789333583	
reads/SRR31850435_2.fastq.gz	5391757825	1789333582	
reads/SRR31851388_1.fastq.gz	3751834663	1789472747	
reads/SRR31851388_2.fastq.gz	4083414741	1789472752	
reads/SRR31851391_1.fastq.gz	3907831599	1789472485	
reads/SRR31851391_2.fastq.gz	4279118210	1789472484	
reads/SRR31851394_1.fastq.gz	3958541691	1789472671	
reads/SRR31851394_2.fastq.gz	4315131319	1789472670	
reads/SRR31851395_1.fastq.gz	3516486105	1789472612	
reads/SRR31851395_2.fastq.gz	3831562350	1789472611	
reads/SRR31851396_1.fastq.gz	3583238104	1789472698	
reads/SRR31851396_2.fastq.gz	3947279535	1789472708	
reads/SRR31851397_1.fastq.gz	3402083737	1789471482	
reads/SRR31851397_2.fastq.gz	3858905268	1789471487	
reads/SRR32021761_1.fastq.gz	1812255543	1789452740	
reads/SRR32021761_2.fastq.gz	1869891387	1789452740	
reads/SRR32467361_1.fastq.gz	6421776616	1789454343	
reads/SRR32467361_2.fastq.gz	6154521561	1789454340	
reads/SRR32467363_1.fastq.gz	6193854874	1789454326	
reads/SRR32467363_2.fastq.gz	6068451698	1789454326	
reads/SRR32467364_1.fastq.gz	6215861524	1789454352	
reads/SRR32467364_2.fastq.gz	6105684279	1789454342	
reads/SRR32467368_1.fastq.gz	6220941885	1789454354	
reads/SRR32467368_2.fastq.gz	6051451546	1789454354	
reads/SRR32589261_1.fastq.gz	1903009609	1789384348	
reads/SRR32589261_2.fastq.gz	1970950736	1789384347	
reads/SRR32589262_1.fastq.gz	1920096483	1789384381	
reads/SRR32589262_2.fastq.gz	1977270014	1789384380	
reads/SRR32620559_1.fastq.gz	1234052785	1789155221	
reads/SRR32620559_2.fastq.gz	1236950402	1789155221	
reads/SRR32620560_1.fastq.gz	1310053817	1789153973	
reads/SRR32620560_2.fastq.gz	1338340599	1789153974	
reads/SRR32620561_1.fastq.gz	1240471897	1789155445	
reads/SRR32620561_2.fastq.gz	1270988507	1789155445	
reads/SRR32620562_1.fastq.gz	772250335	1789154312	
reads/SRR32620562_2.fastq.gz	770713628	1789154311	
reads/SRR32620563_1.fastq.gz	1468219133	1789154360	
reads/SRR32620563_2.fastq.gz	1508358701	1789154359	
reads/SRR32620564_1.fastq.gz	856466315	1789154232	
reads/SRR32620564_2.fastq.gz	878083994	1789154233	
reads/SRR32620565_1.fastq.gz	755437103	1789155876	
reads/SRR32620565_2.fastq.gz	779365634	1789155876	
reads/SRR32620569_1.fastq.gz	792133630	1789155157	
reads/SRR32620569_2.fastq.gz	805435614	1789155157	
reads/SRR32620570_1.fastq.gz	1014829494	1789155502	
reads/SRR32620570_2.fastq.gz	1063324633	1789155501	
reads/SRR32620571_1.fastq.gz	935611397	1789155960	
reads/SRR32620571_2.fastq.gz	966413209	1789155960	
reads/SRR32620572_1.fastq.gz	915194494	1789155826	
reads/SRR32620572_2.fastq.gz	931861408	1789155826	
reads/SRR32620573_1.fastq.gz	853475389	1789153793	
reads/SRR32620573_2.fastq.gz	862761370	1789153794	
reads/SRR32620574_1.fastq.gz	777459231	1789153653	
reads/SRR32620574_2.fastq.gz	786371739	1789153653	
reads/SRR32620575_1.fastq.gz	792185165	1789153892	
reads/SRR32620575_2.fastq.gz	800695242	1789153893	
reads/SRR32620576_1.fastq.gz	1099677118	1789153062	
reads/SRR32620576_2.fastq.gz	1129705253	1789153062	
reads/SRR32620577_1.fastq.gz	1056632410	1789154550	
reads/SRR32620577_2.fastq.gz	1081878819	1789154551	
reads/SRR32620578_1.fastq.gz	1021501357	1789156042	
reads/SRR32620578_2.fastq.gz	1040622149	1789156041	
reads/SRR32620579_1.fastq.gz	854183691	1789155763	
reads/SRR32620579_2.fastq.gz	878444540	1789155763	
reads/SRR32620580_1.fastq.gz	913792883	1789154839	
reads/SRR32620580_2.fastq.gz	940872048	1789154840	
reads/SRR32620581_1.fastq.gz	918959632	1789154767	
reads/SRR32620581_2.fastq.gz	958508175	1789154767	
reads/SRR32620582_1.fastq.gz	930233670	1789154400	
reads/SRR32620582_2.fastq.gz	994387262	1789154401	
reads/SRR32660884_1.fastq.gz	2787637336	1789452824	
reads/SRR32660884_2.fastq.gz	2840216602	1789452824	
reads/SRR32660886_1.fastq.gz	2755744725	1789452648	
reads/SRR32660886_2.fastq.gz	2814059613	1789452645	
reads/SRR32660893_1.fastq.gz	2593731327	1789452785	
reads/SRR32660893_2.fastq.gz	2637838577	1789452786	
reads/SRR32764820_1.fastq.gz	2676723056	1789384619	
reads/SRR32764820_2.fastq.gz	2892317600	1789384620	
reads/SRR32920566_1.fastq.gz	840396928	1789389556	
reads/SRR32920566_2.fastq.gz	903082707	1789389555	
reads/SRR32920595_1.fastq.gz	824286553	1789389310	
reads/SRR32920595_2.fastq.gz	889077685	1789389311	
reads/SRR32920596_1.fastq.gz	928336070	1789389547	
reads/SRR32920596_2.fastq.gz	995094405	1789389547	
reads/SRR32920599_1.fastq.gz	835561007	1789389612	
reads/SRR32920599_2.fastq.gz	888696478	1789389611	
reads/SRR32959933_1.fastq.gz	2246304080	1789414143	
reads/SRR32959933_2.fastq.gz	2532725901	1789414152	
reads/SRR32959934_1.fastq.gz	2335242856	1789414789	
reads/SRR32959934_2.fastq.gz	2597397922	1789414790	
reads/SRR32959935_1.fastq.gz	2190543168	1789414173	
reads/SRR32959935_2.fastq.gz	2469412667	1789414171	
reads/SRR32959936_1.fastq.gz	2435535934	1789415019	
reads/SRR32959936_2.fastq.gz	2735183053	1789415019	
reads/SRR32959937_1.fastq.gz	2389852703	1789414894	
reads/SRR32959937_2.fastq.gz	2659690774	1789414894	
reads/SRR32959938_1.fastq.gz	2111077066	1789414802	
reads/SRR32959938_2.fastq.gz	2318438862	1789414802	
reads/SRR32959939_1.fastq.gz	2298902681	1789415488	
reads/SRR32959939_2.fastq.gz	2569110057	1789415489	
reads/SRR32959940_1.fastq.gz	2133826171	1789415494	
reads/SRR32959940_2.fastq.gz	2369644315	1789415494	
reads/SRR32959941_1.fastq.gz	2988131436	1789415020	
reads/SRR32959941_2.fastq.gz	3364082785	1789415019	
reads/SRR32959942_1.fastq.gz	2036890858	1789414889	
reads/SRR32959942_2.fastq.gz	2268387011	1789414889	
reads/SRR32959943_1.fastq.gz	2453956332	1789415090	
reads/SRR32959943_2.fastq.gz	2773142456	1789415088	
reads/SRR32959945_1.fastq.gz	2221350941	1789415378	
reads/SRR32959945_2.fastq.gz	2464866194	1789415378	
reads/SRR32959946_1.fastq.gz	2435566872	1789414180	
reads/SRR32959946_2.fastq.gz	2788460264	1789414182	
reads/SRR32959947_1.fastq.gz	2503248682	1789414294	
reads/SRR32959947_2.fastq.gz	2783403331	1789414294	
reads/SRR32959948_1.fastq.gz	2073984886	1789414143	
reads/SRR32959948_2.fastq.gz	2304439090	1789414138	
reads/SRR32959949_1.fastq.gz	2123937018	1789414723	
reads/SRR32959949_2.fastq.gz	2405762262	1789414723	
reads/SRR32959953_1.fastq.gz	2289923899	1789414270	
reads/SRR32959953_2.fastq.gz	2545564713	1789414271	
reads/SRR32959954_1.fastq.gz	2120984804	1789414099	
reads/SRR32959954_2.fastq.gz	2353521537	1789414099	
reads/SRR33510052_1.fastq.gz	2126122071	1789484662	
reads/SRR33510052_2.fastq.gz	2172553649	1789484661	
reads/SRR33510057_1.fastq.gz	2281454358	1789484661	
reads/SRR33510057_2.fastq.gz	2347927417	1789484652	
reads/SRR33583432_1.fastq.gz	503711649	1789383088	
reads/SRR33583432_2.fastq.gz	532752479	1789383088	
reads/SRR33583433_1.fastq.gz	451159410	1789383064	
reads/SRR33583433_2.fastq.gz	480190696	1789383064	
reads/SRR33583434_1.fastq.gz	456168845	1789383222	
reads/SRR33583434_2.fastq.gz	487430055	1789383222	
reads/SRR33583435_1.fastq.gz	695384628	1789383013	
reads/SRR33583435_2.fastq.gz	736040088	1789383013	
reads/SRR33583436_1.fastq.gz	451590118	1789383070	
reads/SRR33583436_2.fastq.gz	479526452	1789383070	
reads/SRR33583437_1.fastq.gz	500596858	1789383183	
reads/SRR33583437_2.fastq.gz	531906780	1789383183	
reads/SRR33583438_1.fastq.gz	492577536	1789383209	
reads/SRR33583438_2.fastq.gz	525982153	1789383210	
reads/SRR33583439_1.fastq.gz	574796482	1789383011	
reads/SRR33583439_2.fastq.gz	618311380	1789383011	
reads/SRR33696067_1.fastq.gz	6040035243	1789346115	
reads/SRR33696067_2.fastq.gz	6140134003	1789346118	
reads/SRR33696068_1.fastq.gz	10596024218	1789381997	
reads/SRR33696068_2.fastq.gz	11498769560	1789382003	
reads/SRR33696069_1.fastq.gz	8466409376	1789347908	
reads/SRR33696069_2.fastq.gz	9146262868	1789347908	
reads/SRR33696070_1.fastq.gz	9827201555	1789372354	
reads/SRR33696070_2.fastq.gz	10576897050	1789346182	
reads/SRR33696075_1.fastq.gz	5698491708	1789349183	
reads/SRR33696075_2.fastq.gz	6076245032	1789349185	
reads/SRR33696076_1.fastq.gz	5559043088	1789347449	
reads/SRR33696076_2.fastq.gz	5981791726	1789347447	
reads/SRR33696077_1.fastq.gz	5843419040	1789348776	
reads/SRR33696077_2.fastq.gz	6273521826	1789348777	
reads/SRR33696078_1.fastq.gz	11762377520	1789382418	
reads/SRR33696078_2.fastq.gz	11972187265	1789382421	
reads/SRR33696080_1.fastq.gz	8045975048	1789349204	
reads/SRR33696080_2.fastq.gz	8602295775	1789349201	
reads/SRR33696081_1.fastq.gz	6702266791	1789382030	
reads/SRR33696081_2.fastq.gz	7248076344	1789382017	
reads/SRR33696088_1.fastq.gz	6437856194	1789346519	
reads/SRR33696088_2.fastq.gz	6933930599	1789346509	
reads/SRR33696089_1.fastq.gz	4794446061	1789346610	
reads/SRR33696089_2.fastq.gz	5093360320	1789346609	
reads/SRR33846324_1.fastq.gz	1926509650	1789407829	
reads/SRR33846324_2.fastq.gz	1992594444	1789407827	
reads/SRR33846325_1.fastq.gz	1712470418	1789407748	
reads/SRR33846325_2.fastq.gz	1799533365	1789407744	
reads/SRR33846326_1.fastq.gz	1651141640	1789408273	
reads/SRR33846326_2.fastq.gz	1750564358	1789408273	
reads/SRR33846329_1.fastq.gz	1897212092	1789408425	
reads/SRR33846329_2.fastq.gz	1960577248	1789408424	
reads/SRR33846330_1.fastq.gz	1703800639	1789408110	
reads/SRR33846330_2.fastq.gz	1776003743	1789408108	
reads/SRR33846332_1.fastq.gz	2088619808	1789408567	
reads/SRR33846332_2.fastq.gz	2192495594	1789408566	
reads/SRR34026568_1.fastq.gz	727649128	1789193387	
reads/SRR34026568_2.fastq.gz	761912677	1789193387	
reads/SRR34026569_1.fastq.gz	770076268	1789195454	
reads/SRR34026569_2.fastq.gz	808187307	1789195455	
reads/SRR34026570_1.fastq.gz	593810604	1789194225	
reads/SRR34026570_2.fastq.gz	612850482	1789194225	
reads/SRR34026571_1.fastq.gz	682886375	1789193392	
reads/SRR34026571_2.fastq.gz	725920876	1789193394	
reads/SRR34026572_1.fastq.gz	739925005	1789194073	
reads/SRR34026572_2.fastq.gz	770949027	1789194072	
reads/SRR34026573_1.fastq.gz	717790888	1789195772	
reads/SRR34026573_2.fastq.gz	757517413	1789195772	
reads/SRR34026574_1.fastq.gz	821672949	1789196180	
reads/SRR34026574_2.fastq.gz	860950402	1789196180	
reads/SRR34026575_1.fastq.gz	726893820	1789195915	
reads/SRR34026575_2.fastq.gz	769021414	1789195915	
reads/SRR34026577_1.fastq.gz	709659299	1789196095	
reads/SRR34026577_2.fastq.gz	742667512	1789196095	
reads/SRR34026578_1.fastq.gz	739679846	1789194046	
reads/SRR34026578_2.fastq.gz	787843656	1789194046	
reads/SRR34026579_1.fastq.gz	377679114	1789195387	
reads/SRR34026579_2.fastq.gz	398067956	1789195387	
reads/SRR34026580_1.fastq.gz	495223585	1789194721	
reads/SRR34026580_2.fastq.gz	537408947	1789194721	
reads/SRR34026581_1.fastq.gz	806229875	1789195363	
reads/SRR34026581_2.fastq.gz	848200260	1789195363	
reads/SRR34026582_1.fastq.gz	790570133	1789195452	
reads/SRR34026582_2.fastq.gz	824965762	1789195452	
reads/SRR34026583_1.fastq.gz	679065726	1789195401	
reads/SRR34026583_2.fastq.gz	726917773	1789195399	
reads/SRR34026584_1.fastq.gz	710650111	1789195641	
reads/SRR34026584_2.fastq.gz	747864666	1789195641	
reads/SRR34026585_1.fastq.gz	817086444	1789196301	
reads/SRR34026585_2.fastq.gz	857066181	1789196302	
reads/SRR34026586_1.fastq.gz	783332980	1789195210	
reads/SRR34026586_2.fastq.gz	814019976	1789195209	
reads/SRR34026588_1.fastq.gz	750218383	1789194767	
reads/SRR34026588_2.fastq.gz	787556808	1789194765	
reads/SRR34026589_1.fastq.gz	702404313	1789194786	
reads/SRR34026589_2.fastq.gz	763966666	1789194787	
reads/SRR34026590_1.fastq.gz	718113099	1789195632	
reads/SRR34026590_2.fastq.gz	766420681	1789195631	
reads/SRR34026591_1.fastq.gz	786583456	1789196163	
reads/SRR34026591_2.fastq.gz	813189492	1789196163	
reads/SRR34026592_1.fastq.gz	785698027	1789196040	
reads/SRR34026592_2.fastq.gz	821713957	1789196040	
reads/SRR34026593_1.fastq.gz	654423706	1789193613	
reads/SRR34026593_2.fastq.gz	689115882	1789193612	
reads/SRR34094676_1.fastq.gz	3277028434	1789462684	
reads/SRR34094676_2.fastq.gz	3492921108	1789462684	
reads/SRR34094677_1.fastq.gz	2747109521	1789462502	
reads/SRR34094677_2.fastq.gz	2922849199	1789462502	
reads/SRR34094678_1.fastq.gz	2699635541	1789462622	
reads/SRR34094678_2.fastq.gz	2874598826	1789462622	
reads/SRR34300100_1.fastq.gz	3937345646	1789421183	
reads/SRR34300100_2.fastq.gz	4089931424	1789421182	
reads/SRR34300101_1.fastq.gz	3284727306	1789430719	
reads/SRR34300101_2.fastq.gz	3577615376	1789430718	
reads/SRR34300105_1.fastq.gz	3467278648	1789416920	
reads/SRR34300105_2.fastq.gz	3601375162	1789416920	
reads/SRR34300106_1.fastq.gz	3393263598	1789418652	
reads/SRR34300106_2.fastq.gz	3508624879	1789418651	
reads/SRR34300108_1.fastq.gz	3978171690	1789425901	
reads/SRR34300108_2.fastq.gz	4148473352	1789425895	
reads/SRR34300109_1.fastq.gz	3881741155	1789428587	
reads/SRR34300109_2.fastq.gz	4139089006	1789428586	
reads/SRR34300110_1.fastq.gz	3871316910	1789438758	
reads/SRR34300110_2.fastq.gz	4145999650	1789438758	
reads/SRR34300112_1.fastq.gz	2566168060	1789423323	
reads/SRR34300112_2.fastq.gz	2781584574	1789423323	
reads/SRR34300114_1.fastq.gz	2948947140	1789425404	
reads/SRR34300114_2.fastq.gz	3177156413	1789425401	
reads/SRR34300115_1.fastq.gz	3539780826	1789424534	
reads/SRR34300115_2.fastq.gz	3740654075	1789424535	
reads/SRR34300116_1.fastq.gz	3977568382	1789417388	
reads/SRR34300116_2.fastq.gz	4100749702	1789417387	
reads/SRR34300117_1.fastq.gz	2918436221	1789435755	
reads/SRR34300117_2.fastq.gz	3018257775	1789435755	
reads/SRR34300118_1.fastq.gz	4721626931	1789428586	
reads/SRR34300118_2.fastq.gz	4793138065	1789428579	
reads/SRR34300119_1.fastq.gz	2694187720	1789431849	
reads/SRR34300119_2.fastq.gz	2848485439	1789431853	
reads/SRR34300120_1.fastq.gz	3683588892	1789436791	
reads/SRR34300120_2.fastq.gz	3807576232	1789436790	
reads/SRR34300121_1.fastq.gz	2092163172	1789431216	
reads/SRR34300121_2.fastq.gz	2109810976	1789431218	
reads/SRR34300122_1.fastq.gz	2961785471	1789428143	
reads/SRR34300122_2.fastq.gz	3123565418	1789428143	
reads/SRR34300123_1.fastq.gz	3249675547	1789418901	
reads/SRR34300123_2.fastq.gz	3495967035	1789418891	
reads/SRR34300124_1.fastq.gz	2566496823	1789429916	
reads/SRR34300124_2.fastq.gz	2762392330	1789429916	
reads/SRR34300125_1.fastq.gz	3501089922	1789431052	
reads/SRR34300125_2.fastq.gz	3620491061	1789431054	
reads/SRR34300127_1.fastq.gz	3499768773	1789439560	
reads/SRR34300127_2.fastq.gz	3633447953	1789439559	
reads/SRR34300128_1.fastq.gz	4853741496	1789440972	
reads/SRR34300128_2.fastq.gz	4981570257	1789440974	
reads/SRR34300129_1.fastq.gz	3997811881	1789441998	
reads/SRR34300129_2.fastq.gz	4168119716	1789442007	
reads/SRR34300130_1.fastq.gz	3167261596	1789419625	
reads/SRR34300130_2.fastq.gz	3316509258	1789419624	
reads/SRR34300131_1.fastq.gz	3395149467	1789422419	
reads/SRR34300131_2.fastq.gz	3580622210	1789422415	
reads/SRR34300133_1.fastq.gz	3962279309	1789417624	
reads/SRR34300133_2.fastq.gz	4082891217	1789417624	
reads/SRR34300136_1.fastq.gz	3827429411	1789420545	
reads/SRR34300136_2.fastq.gz	3949569362	1789420547	
reads/SRR34300137_1.fastq.gz	3391010433	1789416423	
reads/SRR34300137_2.fastq.gz	3651515466	1789416425	
reads/SRR34300138_1.fastq.gz	4511256502	1789416643	
reads/SRR34300138_2.fastq.gz	4627434590	1789416644	
reads/SRR34300139_1.fastq.gz	3371450184	1789438619	
reads/SRR34300139_2.fastq.gz	3452719730	1789438619	
reads/SRR34300140_1.fastq.gz	2342413813	1789427650	
reads/SRR34300140_2.fastq.gz	2512302546	1789427647	
reads/SRR34300142_1.fastq.gz	3790392076	1789424835	
reads/SRR34300142_2.fastq.gz	3768791760	1789424833	
reads/SRR34300143_1.fastq.gz	2826896645	1789422170	
reads/SRR34300143_2.fastq.gz	3005200686	1789422171	
reads/SRR34300144_1.fastq.gz	2963572218	1789426208	
reads/SRR34300144_2.fastq.gz	3200698111	1789426211	
reads/SRR34300145_1.fastq.gz	3915150339	1789419414	
reads/SRR34300145_2.fastq.gz	4133543258	1789419413	
reads/SRR34300147_1.fastq.gz	2743257478	1789415851	
reads/SRR34300147_2.fastq.gz	2890248461	1789415849	
reads/SRR34300148_1.fastq.gz	3458998175	1789438821	
reads/SRR34300148_2.fastq.gz	3651593787	1789438820	
reads/SRR34300149_1.fastq.gz	3396244523	1789429377	
reads/SRR34300149_2.fastq.gz	3427448914	1789429373	
reads/SRR34300150_1.fastq.gz	4408369139	1789419627	
reads/SRR34300150_2.fastq.gz	4427157854	1789419627	
reads/SRR34300151_1.fastq.gz	3617451149	1789421951	
reads/SRR34300151_2.fastq.gz	3790788146	1789421947	
reads/SRR34300153_1.fastq.gz	4148155166	1789431756	
reads/SRR34300153_2.fastq.gz	4333596473	1789431758	
reads/SRR34300154_1.fastq.gz	3706331327	1789418431	
reads/SRR34300154_2.fastq.gz	3793772762	1789418430	
reads/SRR34300155_1.fastq.gz	4280184140	1789432295	
reads/SRR34300155_2.fastq.gz	4397683709	1789432295	
reads/SRR34300156_1.fastq.gz	3140676757	1789421521	
reads/SRR34300156_2.fastq.gz	3302450765	1789421521	
reads/SRR34300158_1.fastq.gz	3283589315	1789416833	
reads/SRR34300158_2.fastq.gz	3438776941	1789416837	
reads/SRR34300159_1.fastq.gz	3352971842	1789421603	
reads/SRR34300159_2.fastq.gz	3541946792	1789421600	
reads/SRR34300161_1.fastq.gz	3434412974	1789426490	
reads/SRR34300161_2.fastq.gz	3621819839	1789426489	
reads/SRR34300162_1.fastq.gz	3899334189	1789441104	
reads/SRR34300162_2.fastq.gz	4038778338	1789441103	
reads/SRR34300163_1.fastq.gz	3275270912	1789437115	
reads/SRR34300163_2.fastq.gz	3545735919	1789437115	
reads/SRR34300164_1.fastq.gz	4720655693	1789439729	
reads/SRR34300164_2.fastq.gz	4824665110	1789439726	
reads/SRR34300165_1.fastq.gz	3037360839	1789435175	
reads/SRR34300165_2.fastq.gz	3284973877	1789435176	
reads/SRR34300166_1.fastq.gz	2176373515	1789417627	
reads/SRR34300166_2.fastq.gz	2253148589	1789417626	
reads/SRR34300167_1.fastq.gz	3494235580	1789427305	
reads/SRR34300167_2.fastq.gz	3549367813	1789427304	
reads/SRR34300168_1.fastq.gz	3500903977	1789419558	
reads/SRR34300168_2.fastq.gz	3650609511	1789419559	
reads/SRR34300169_1.fastq.gz	2723795045	1789438860	
reads/SRR34300169_2.fastq.gz	2907101289	1789438858	
reads/SRR34300170_1.fastq.gz	2284157897	1789440715	
reads/SRR34300170_2.fastq.gz	2413143527	1789440715	
reads/SRR34300172_1.fastq.gz	3808119115	1789427950	
reads/SRR34300172_2.fastq.gz	4072289905	1789427950	
reads/SRR34300173_1.fastq.gz	3188452787	1789434951	
reads/SRR34300173_2.fastq.gz	3364820133	1789434951	
reads/SRR3498311_1.fastq.gz	1237302587	1789406628	
reads/SRR3498311_2.fastq.gz	1235795037	1789406628	
reads/SRR3498313_1.fastq.gz	1211171213	1789406667	
reads/SRR3498313_2.fastq.gz	1224075547	1789406667	
reads/SRR3498315_1.fastq.gz	1111205585	1789406669	
reads/SRR3498315_2.fastq.gz	1096281135	1789406669	
reads/SRR35031040_1.fastq.gz	1710793306	1789474114	
reads/SRR35031040_2.fastq.gz	1785494258	1789474114	
reads/SRR350926_1.fastq.gz	307747083	1789250701	
reads/SRR350926_2.fastq.gz	318530542	1789250701	
reads/SRR350927_1.fastq.gz	292768185	1789250699	
reads/SRR350927_2.fastq.gz	302135110	1789250699	
reads/SRR35248609_1.fastq.gz	641706833	1789484565	
reads/SRR35248609_2.fastq.gz	661499370	1789484568	
reads/SRR35321448_1.fastq.gz	1233126848	1789450955	
reads/SRR35321448_2.fastq.gz	1265113185	1789450956	
reads/SRR35321449_1.fastq.gz	1115580031	1789450870	
reads/SRR35321449_2.fastq.gz	1157871891	1789450869	
reads/SRR3537150.fastq.gz	3282198507	1789442304	
reads/SRR3537151.fastq.gz	2455035341	1789442102	
reads/SRR3537152.fastq.gz	4240184978	1789441942	
reads/SRR3537156.fastq.gz	1360924816	1789441833	
reads/SRR3537157.fastq.gz	2104093740	1789442090	
reads/SRR3537158.fastq.gz	2892309056	1789441892	
reads/SRR3571660.fastq.gz	4088437197	1789455658	
reads/SRR3571661.fastq.gz	5578519803	1789455233	
reads/SRR3571662.fastq.gz	10045059930	1789456042	
reads/SRR3571666.fastq.gz	3909564605	1789455151	
reads/SRR3571672_1.fastq.gz	6673561751	1789458057	
reads/SRR3571672_2.fastq.gz	6664956825	1789458057	
reads/SRR35779160_1.fastq.gz	3890741773	1789481294	
reads/SRR35779160_2.fastq.gz	4000238721	1789481283	
reads/SRR35779161_1.fastq.gz	4538435246	1789482147	
reads/SRR35779161_2.fastq.gz	4680653618	1789482146	
reads/SRR36015661_1.fastq.gz	1735418977	1789446354	
reads/SRR36015661_2.fastq.gz	1857670667	1789446354	
reads/SRR36015662_1.fastq.gz	2484228526	1789446396	
reads/SRR36015662_2.fastq.gz	2616275237	1789446396	
reads/SRR36292436_1.fastq.gz	4211990991	1789419994	
reads/SRR36292436_2.fastq.gz	4535467196	1789419994	
reads/SRR36292437_1.fastq.gz	2651318588	1789430591	
reads/SRR36292437_2.fastq.gz	2829419310	1789430593	
reads/SRR36292440_1.fastq.gz	3351159480	1789420353	
reads/SRR36292440_2.fastq.gz	3561642552	1789420353	
reads/SRR36292444_1.fastq.gz	3771098768	1789436281	
reads/SRR36292444_2.fastq.gz	3958578130	1789436279	
reads/SRR36292445_1.fastq.gz	2562709056	1789438148	
reads/SRR36292445_2.fastq.gz	2779609602	1789438146	
reads/SRR36292446_1.fastq.gz	3773731889	1789431075	
reads/SRR36292446_2.fastq.gz	4046160621	1789431078	
reads/SRR36292447_1.fastq.gz	4445017864	1789424602	
reads/SRR36292447_2.fastq.gz	4653539600	1789424601	
reads/SRR36292448_1.fastq.gz	3174083343	1789426994	
reads/SRR36292448_2.fastq.gz	3332290465	1789426997	
reads/SRR36292449_1.fastq.gz	3723380244	1789417054	
reads/SRR36292449_2.fastq.gz	3995309087	1789417055	
reads/SRR36292451_1.fastq.gz	2960201791	1789440102	
reads/SRR36292451_2.fastq.gz	3057154649	1789440101	
reads/SRR36292455_1.fastq.gz	4719186820	1789438847	
reads/SRR36292455_2.fastq.gz	4868616513	1789438854	
reads/SRR36292456_1.fastq.gz	3899774523	1789439803	
reads/SRR36292456_2.fastq.gz	4138431890	1789439804	
reads/SRR36292457_1.fastq.gz	4479732773	1789416322	
reads/SRR36292457_2.fastq.gz	4775978653	1789416322	
reads/SRR36292458_1.fastq.gz	3788157767	1789418405	
reads/SRR36292458_2.fastq.gz	3971092185	1789418404	
reads/SRR36292459_1.fastq.gz	3720495086	1789421516	
reads/SRR36292459_2.fastq.gz	4025204083	1789421515	
reads/SRR36292460_1.fastq.gz	4159971087	1789422567	
reads/SRR36292460_2.fastq.gz	4485190594	1789422566	
reads/SRR36292462_1.fastq.gz	4093461066	1789432113	
reads/SRR36292462_2.fastq.gz	4422359737	1789432113	
reads/SRR36292465_1.fastq.gz	4226239912	1789419472	
reads/SRR36292465_2.fastq.gz	4504924034	1789419472	
reads/SRR36292466_1.fastq.gz	4348835419	1789423422	
reads/SRR36292466_2.fastq.gz	4784400185	1789423421	
reads/SRR36292467_1.fastq.gz	3816436915	1789442130	
reads/SRR36292467_2.fastq.gz	4126753488	1789442129	
reads/SRR36292468_1.fastq.gz	4354844968	1789433647	
reads/SRR36292468_2.fastq.gz	4509571289	1789433648	
reads/SRR36292469_1.fastq.gz	4310662033	1789440604	
reads/SRR36292469_2.fastq.gz	4680560958	1789440601	
reads/SRR36292470_1.fastq.gz	4127459776	1789415953	
reads/SRR36292470_2.fastq.gz	4399684073	1789415952	
reads/SRR36292471_1.fastq.gz	4077645971	1789429133	
reads/SRR36292471_2.fastq.gz	4339049985	1789429132	
reads/SRR36292473_1.fastq.gz	4192405542	1789422300	
reads/SRR36292473_2.fastq.gz	4327993399	1789422300	
reads/SRR36292474_1.fastq.gz	3782939406	1789417450	
reads/SRR36292474_2.fastq.gz	4103092003	1789417447	
reads/SRR36292475_1.fastq.gz	4025866495	1789429071	
reads/SRR36292475_2.fastq.gz	4206856470	1789429073	
reads/SRR36292476_1.fastq.gz	3328265202	1789434919	
reads/SRR36292476_2.fastq.gz	3462024232	1789434919	
reads/SRR36292477_1.fastq.gz	4338209095	1789423788	
reads/SRR36292477_2.fastq.gz	4527288657	1789423788	
reads/SRR36292478_1.fastq.gz	4083276851	1789431600	
reads/SRR36292478_2.fastq.gz	4341026651	1789431600	
reads/SRR36292479_1.fastq.gz	4776245611	1789418910	
reads/SRR36292479_2.fastq.gz	5098779032	1789418904	
reads/SRR36292480_1.fastq.gz	3288744817	1789422977	
reads/SRR36292480_2.fastq.gz	3503642042	1789422976	
reads/SRR36292481_1.fastq.gz	3818379653	1789420041	
reads/SRR36292481_2.fastq.gz	4062497637	1789420041	
reads/SRR36292483_1.fastq.gz	4536470623	1788843341	
reads/SRR36292483_2.fastq.gz	4797201242	1788843336	
reads/SRR36292484_1.fastq.gz	3380515730	1789434698	
reads/SRR36292484_2.fastq.gz	3644422847	1789434700	
reads/SRR36292485_1.fastq.gz	3482478037	1789427890	
reads/SRR36292485_2.fastq.gz	3782825769	1789427889	
reads/SRR36292488_1.fastq.gz	4228911388	1789440047	
reads/SRR36292488_2.fastq.gz	4549263092	1789440045	
reads/SRR36292492_1.fastq.gz	2584983731	1789420337	
reads/SRR36292492_2.fastq.gz	2649262887	1789420339	
reads/SRR36292493_1.fastq.gz	3657451873	1789423838	
reads/SRR36292493_2.fastq.gz	3854199388	1789423837	
reads/SRR36292494_1.fastq.gz	5168974264	1789425116	
reads/SRR36292494_2.fastq.gz	5543344905	1789425118	
reads/SRR36292495_1.fastq.gz	4191908909	1789426183	
reads/SRR36292495_2.fastq.gz	4463954660	1789426183	
reads/SRR36292497_1.fastq.gz	3644512346	1789434431	
reads/SRR36292497_2.fastq.gz	4031610119	1789434430	
reads/SRR36292498_1.fastq.gz	3551860902	1789435626	
reads/SRR36292498_2.fastq.gz	3771473124	1789435624	
reads/SRR36292499_1.fastq.gz	5052443072	1789438459	
reads/SRR36292499_2.fastq.gz	5371809997	1789438460	
reads/SRR36292501_1.fastq.gz	6087758850	1789426671	
reads/SRR36292501_2.fastq.gz	6489740848	1789426669	
reads/SRR36292502_1.fastq.gz	3454768199	1789425804	
reads/SRR36292502_2.fastq.gz	3698677467	1789425805	
reads/SRR36292503_1.fastq.gz	3895290167	1789417451	
reads/SRR36292503_2.fastq.gz	4249924195	1789417452	
reads/SRR36292504_1.fastq.gz	3942223123	1789426793	
reads/SRR36292504_2.fastq.gz	4243437340	1789426792	
reads/SRR36292505_1.fastq.gz	4288931602	1789441560	
reads/SRR36292505_2.fastq.gz	4476535836	1789441562	
reads/SRR36292508_1.fastq.gz	4540736386	1789434710	
reads/SRR36292508_2.fastq.gz	4818118902	1789434718	
reads/SRR36292509_1.fastq.gz	5030131327	1789430352	
reads/SRR36292509_2.fastq.gz	5397605744	1789430353	
reads/SRR36367266_1.fastq.gz	4765563389	1789428946	
reads/SRR36367266_2.fastq.gz	5066419548	1789428944	
reads/SRR36367271_1.fastq.gz	3168598899	1789436723	
reads/SRR36367271_2.fastq.gz	3417246377	1789436718	
reads/SRR36367272_1.fastq.gz	4413702326	1789427506	
reads/SRR36367272_2.fastq.gz	4657340667	1789427505	
reads/SRR36367273_1.fastq.gz	4443520325	1789431761	
reads/SRR36367273_2.fastq.gz	4633512125	1789431757	
reads/SRR36367274_1.fastq.gz	3783018156	1789424874	
reads/SRR36367274_2.fastq.gz	4129659188	1789424872	
reads/SRR36367276_1.fastq.gz	3768278133	1789461552	
reads/SRR36367276_2.fastq.gz	3922395993	1789461571	
reads/SRR36367277_1.fastq.gz	4996793539	1789434317	
reads/SRR36367277_2.fastq.gz	5290661534	1789434314	
reads/SRR36367278_1.fastq.gz	4970188892	1789433014	
reads/SRR36367278_2.fastq.gz	5416124371	1789433013	
reads/SRR36367281_1.fastq.gz	4030992549	1789440518	
reads/SRR36367281_2.fastq.gz	4286250177	1789440521	
reads/SRR36367282_1.fastq.gz	3172062736	1789436116	
reads/SRR36367282_2.fastq.gz	3375600721	1789436116	
reads/SRR36367283_1.fastq.gz	5377436107	1789429881	
reads/SRR36367283_2.fastq.gz	5657733672	1789429875	
reads/SRR36367284_1.fastq.gz	5170328807	1789434035	
reads/SRR36367284_2.fastq.gz	5532901971	1789434034	
reads/SRR36367285_1.fastq.gz	4660204701	1789425035	
reads/SRR36367285_2.fastq.gz	4871218004	1789425037	
reads/SRR36367286_1.fastq.gz	4183983278	1789435752	
reads/SRR36367286_2.fastq.gz	4444247150	1789435748	
reads/SRR36367287_1.fastq.gz	5159425832	1789439077	
reads/SRR36367287_2.fastq.gz	5580539565	1789439077	
reads/SRR36367290_1.fastq.gz	4247522257	1789420571	
reads/SRR36367290_2.fastq.gz	4479991986	1789420571	
reads/SRR36367292_1.fastq.gz	4925453527	1789437772	
reads/SRR36367292_2.fastq.gz	5328830428	1789437774	
reads/SRR36367294_1.fastq.gz	4257272887	1789438559	
reads/SRR36367294_2.fastq.gz	4442268103	1789438562	
reads/SRR36367295_1.fastq.gz	3918484795	1788849333	
reads/SRR36367295_2.fastq.gz	4205614518	1788849332	
reads/SRR36367296_1.fastq.gz	4880284254	1789421191	
reads/SRR36367296_2.fastq.gz	5308763850	1789421190	
reads/SRR36367297_1.fastq.gz	5565635770	1789432337	
reads/SRR36367297_2.fastq.gz	5940315622	1789432335	
reads/SRR36367300_1.fastq.gz	4206723169	1789415861	
reads/SRR36367300_2.fastq.gz	4594993601	1789415862	
reads/SRR36367301_1.fastq.gz	4228150022	1789426967	
reads/SRR36367301_2.fastq.gz	4459659709	1789426965	
reads/SRR36367302_1.fastq.gz	4944071107	1789422714	
reads/SRR36367302_2.fastq.gz	5359914117	1789422710	
reads/SRR36367306_1.fastq.gz	4830672939	1789428519	
reads/SRR36367306_2.fastq.gz	5231506621	1789428524	
reads/SRR36367307_1.fastq.gz	3129453428	1789437746	
reads/SRR36367307_2.fastq.gz	3374446612	1789437746	
reads/SRR36367308_1.fastq.gz	5291797342	1789433385	
reads/SRR36367308_2.fastq.gz	5761891287	1789433385	
reads/SRR36367309_1.fastq.gz	4110479538	1789426304	
reads/SRR36367309_2.fastq.gz	4223577762	1789426303	
reads/SRR36367310_1.fastq.gz	3150363731	1789441550	
reads/SRR36367310_2.fastq.gz	3314970488	1789441551	
reads/SRR36367311_1.fastq.gz	3922322105	1789428027	
reads/SRR36367311_2.fastq.gz	4127693817	1789428028	
reads/SRR36367312_1.fastq.gz	4190597640	1789427284	
reads/SRR36367312_2.fastq.gz	4499730537	1789427284	
reads/SRR36367313_1.fastq.gz	4391801748	1789431624	
reads/SRR36367313_2.fastq.gz	4680100542	1789431623	
reads/SRR36367314_1.fastq.gz	3348894559	1789419765	
reads/SRR36367314_2.fastq.gz	3486306376	1789419764	
reads/SRR36367315_1.fastq.gz	4662953596	1789461530	
reads/SRR36367315_2.fastq.gz	4956208444	1789461544	
reads/SRR36367316_1.fastq.gz	4194488664	1789423419	
reads/SRR36367316_2.fastq.gz	4563889056	1789423419	
reads/SRR36367317_1.fastq.gz	4354943441	1789425851	
reads/SRR36367317_2.fastq.gz	4558586087	1789425853	
reads/SRR36367319_1.fastq.gz	3990877143	1789416418	
reads/SRR36367319_2.fastq.gz	4475898369	1789416419	
reads/SRR36367321_1.fastq.gz	4941462374	1789428275	
reads/SRR36367321_2.fastq.gz	5225542026	1789428274	
reads/SRR36367322_1.fastq.gz	2903754120	1789430810	
reads/SRR36367322_2.fastq.gz	3156199802	1789430809	
reads/SRR36367323_1.fastq.gz	4121355216	1789422694	
reads/SRR36367323_2.fastq.gz	4489573409	1789422690	
reads/SRR36367325_1.fastq.gz	4723775404	1789433884	
reads/SRR36367325_2.fastq.gz	4866559546	1789433884	
reads/SRR36367330_1.fastq.gz	3415903771	1789436605	
reads/SRR36367330_2.fastq.gz	3647061417	1789436606	
reads/SRR36367331_1.fastq.gz	4353321803	1789436749	
reads/SRR36367331_2.fastq.gz	4517346880	1789436757	
reads/SRR36367335_1.fastq.gz	4602648819	1789439829	
reads/SRR36367335_2.fastq.gz	4858835381	1789439831	
reads/SRR36367336_1.fastq.gz	4709856116	1789441107	
reads/SRR36367336_2.fastq.gz	4893870213	1789441107	
reads/SRR36367339_1.fastq.gz	4503326228	1789440887	
reads/SRR36367339_2.fastq.gz	4758516403	1789440886	
reads/SRR36368718_1.fastq.gz	7361555653	1789318937	
reads/SRR36368718_2.fastq.gz	7354975533	1789318938	
reads/SRR36368719_1.fastq.gz	7783136523	1789319219	
reads/SRR36368719_2.fastq.gz	7784764135	1789319216	
reads/SRR36368721_1.fastq.gz	7529440906	1789379425	
reads/SRR36368721_2.fastq.gz	7530882355	1789379422	
reads/SRR36368722_1.fastq.gz	7636514549	1789318510	
reads/SRR36368722_2.fastq.gz	7630544442	1789318505	
reads/SRR36610577_1.fastq.gz	1978419684	1789475403	
reads/SRR36610577_2.fastq.gz	2013955548	1789475412	
reads/SRR36610578_1.fastq.gz	2022513948	1789475436	
reads/SRR36610578_2.fastq.gz	2094002666	1789475427	
reads/SRR36610579_1.fastq.gz	2351019167	1789475652	
reads/SRR36610579_2.fastq.gz	2410484698	1789475705	
reads/SRR36610580_1.fastq.gz	2229073570	1789475474	
reads/SRR36610580_2.fastq.gz	2304342975	1789475475	
reads/SRR36610581_1.fastq.gz	2109095212	1789475375	
reads/SRR36610581_2.fastq.gz	2153619480	1789475374	
reads/SRR36610582_1.fastq.gz	2467130490	1789475607	
reads/SRR36610582_2.fastq.gz	2534520554	1789475504	
reads/SRR36616580_1.fastq.gz	57603338	1788845635	
reads/SRR36616580_2.fastq.gz	62470325	1788845635	
reads/SRR36634281_1.fastq.gz	139547221	1789382966	
reads/SRR36634281_2.fastq.gz	150150666	1789382966	
reads/SRR36910196_1.fastq.gz	3433413682	1789437740	
reads/SRR36910196_2.fastq.gz	4307438901	1789437747	
reads/SRR36910197_1.fastq.gz	3543543518	1789421296	
reads/SRR36910197_2.fastq.gz	4368369616	1789421301	
reads/SRR36910200_1.fastq.gz	3972077209	1789430388	
reads/SRR36910200_2.fastq.gz	4934520415	1789430396	
reads/SRR36910201_1.fastq.gz	3651317357	1789439561	
reads/SRR36910201_2.fastq.gz	4328364999	1789439562	
reads/SRR36910202_1.fastq.gz	3522957773	1789428939	
reads/SRR36910202_2.fastq.gz	4459749092	1789428946	
reads/SRR36910203_1.fastq.gz	2585656830	1789431361	
reads/SRR36910203_2.fastq.gz	3282322540	1789431363	
reads/SRR36910204_1.fastq.gz	3161253036	1789440870	
reads/SRR36910204_2.fastq.gz	3611133019	1789440871	
reads/SRR36910206_1.fastq.gz	3161705313	1789435335	
reads/SRR36910206_2.fastq.gz	3609954460	1789435335	
reads/SRR36910207_1.fastq.gz	2970203553	1789433243	
reads/SRR36910207_2.fastq.gz	3638762972	1789433246	
reads/SRR36910208_1.fastq.gz	3052451052	1789420590	
reads/SRR36910208_2.fastq.gz	3778893951	1789420591	
reads/SRR36910209_1.fastq.gz	3897713134	1789441548	
reads/SRR36910209_2.fastq.gz	4778444850	1789441551	
reads/SRR36910211_1.fastq.gz	4629680752	1789437202	
reads/SRR36910211_2.fastq.gz	5433421260	1789437200	
reads/SRR36910212_1.fastq.gz	3766820562	1789417725	
reads/SRR36910212_2.fastq.gz	4302625603	1789417729	
reads/SRR36910214_1.fastq.gz	3376728603	1789423971	
reads/SRR36910214_2.fastq.gz	4059028454	1789423971	
reads/SRR36910215_1.fastq.gz	3223268512	1789418989	
reads/SRR36910215_2.fastq.gz	3593578698	1789418992	
reads/SRR36910216_1.fastq.gz	3895974632	1789418496	
reads/SRR36910216_2.fastq.gz	4834373235	1789418502	
reads/SRR36910217_1.fastq.gz	4093373686	1789432762	
reads/SRR36910217_2.fastq.gz	4901392134	1789432769	
reads/SRR36910218_1.fastq.gz	3167600566	1789420625	
reads/SRR36910218_2.fastq.gz	3961413180	1789420635	
reads/SRR36910220_1.fastq.gz	3842768987	1789422364	
reads/SRR36910220_2.fastq.gz	4735709206	1789422371	
reads/SRR36910221_1.fastq.gz	2463226150	1789418234	
reads/SRR36910221_2.fastq.gz	2849982939	1789418239	
reads/SRR36910224_1.fastq.gz	3018484091	1789437966	
reads/SRR36910224_2.fastq.gz	3653023864	1789437965	
reads/SRR36910226_1.fastq.gz	3762653547	1789430518	
reads/SRR36910226_2.fastq.gz	4454690806	1789430520	
reads/SRR36910227_1.fastq.gz	3648675640	1789425366	
reads/SRR36910227_2.fastq.gz	4419873187	1789425368	
reads/SRR36910229_1.fastq.gz	2553436423	1789432493	
reads/SRR36910229_2.fastq.gz	3085339139	1789432497	
reads/SRR36910230_1.fastq.gz	3429854793	1789435813	
reads/SRR36910230_2.fastq.gz	4094837022	1789435818	
reads/SRR36910231_1.fastq.gz	3311929480	1789423581	
reads/SRR36910231_2.fastq.gz	3968577827	1789423582	
reads/SRR36910232_1.fastq.gz	3629804001	1789437293	
reads/SRR36910232_2.fastq.gz	4330147157	1789437297	
reads/SRR36910233_1.fastq.gz	4010282250	1789422939	
reads/SRR36910233_2.fastq.gz	4938037588	1789422947	
reads/SRR36910235_1.fastq.gz	3405338299	1789426910	
reads/SRR36910235_2.fastq.gz	4638539586	1789426914	
reads/SRR36910236_1.fastq.gz	3626065590	1789439806	
reads/SRR36910236_2.fastq.gz	4303908122	1789439805	
reads/SRR36910237_1.fastq.gz	3981293180	1789436104	
reads/SRR36910237_2.fastq.gz	4673430055	1789436106	
reads/SRR36910238_1.fastq.gz	3180095808	1789424427	
reads/SRR36910238_2.fastq.gz	3725600634	1789424430	
reads/SRR36910239_1.fastq.gz	2723658251	1789429852	
reads/SRR36910239_2.fastq.gz	3304823253	1789429842	
reads/SRR36910240_1.fastq.gz	3669715493	1789418628	
reads/SRR36910240_2.fastq.gz	4433004782	1789418632	
reads/SRR36910241_1.fastq.gz	3640902076	1789432762	
reads/SRR36910241_2.fastq.gz	4205667635	1789432768	
reads/SRR36910243_1.fastq.gz	3804366460	1789437701	
reads/SRR36910243_2.fastq.gz	4791641457	1789437708	
reads/SRR36910244_1.fastq.gz	3700881293	1789429881	
reads/SRR36910244_2.fastq.gz	4361794352	1789429883	
reads/SRR36910246_1.fastq.gz	3888667292	1789435481	
reads/SRR36910246_2.fastq.gz	4666390509	1789435484	
reads/SRR36910248_1.fastq.gz	3892813597	1789433375	
reads/SRR36910248_2.fastq.gz	4642703683	1789433380	
reads/SRR36910249_1.fastq.gz	3095859573	1789432654	
reads/SRR36910249_2.fastq.gz	3926617717	1789432658	
reads/SRR36910250_1.fastq.gz	3812848076	1789421600	
reads/SRR36910250_2.fastq.gz	4319576701	1789421607	
reads/SRR36910251_1.fastq.gz	3045391306	1789437564	
reads/SRR36910251_2.fastq.gz	3700046383	1789437569	
reads/SRR36910254_1.fastq.gz	3324888728	1789417971	
reads/SRR36910254_2.fastq.gz	3985751005	1789417977	
reads/SRR36910255_1.fastq.gz	3193881608	1789424070	
reads/SRR36910255_2.fastq.gz	3845143583	1789424071	
reads/SRR36910258_1.fastq.gz	3852558672	1789423928	
reads/SRR36910258_2.fastq.gz	4449797575	1789423930	
reads/SRR36910259_1.fastq.gz	3955994735	1789433650	
reads/SRR36910259_2.fastq.gz	4885602846	1789433654	
reads/SRR36910260_1.fastq.gz	3045650625	1789425595	
reads/SRR36910260_2.fastq.gz	3682341021	1789425599	
reads/SRR36910261_1.fastq.gz	3543591644	1789417739	
reads/SRR36910261_2.fastq.gz	4163987008	1789417740	
reads/SRR36910262_1.fastq.gz	3018710583	1789424937	
reads/SRR36910262_2.fastq.gz	3773047170	1789424942	
reads/SRR36910263_1.fastq.gz	4615543099	1789416493	
reads/SRR36910263_2.fastq.gz	5527175250	1789416498	
reads/SRR36910264_1.fastq.gz	3250998795	1789429523	
reads/SRR36910264_2.fastq.gz	3945723935	1789429527	
reads/SRR36910265_1.fastq.gz	3554189424	1789420995	
reads/SRR36910265_2.fastq.gz	4154596475	1789420999	
reads/SRR36910266_1.fastq.gz	2909481472	1789434071	
reads/SRR36910266_2.fastq.gz	3582790203	1789434071	
reads/SRR36910267_1.fastq.gz	3591037032	1789434713	
reads/SRR36910267_2.fastq.gz	3954352417	1789434709	
reads/SRR36910268_1.fastq.gz	3473357720	1789430078	
reads/SRR36910268_2.fastq.gz	4233695634	1789430085	
reads/SRR36910269_1.fastq.gz	3961062157	1789436568	
reads/SRR36910269_2.fastq.gz	4503792229	1789436570	
reads/SRR36950010_1.fastq.gz	17897093733	1789342552	
reads/SRR36950010_2.fastq.gz	18114762379	1789342550	
reads/SRR36950011_1.fastq.gz	10424949532	1789341463	
reads/SRR36950011_2.fastq.gz	10613694256	1789341465	
reads/SRR36950012_1.fastq.gz	7067999549	1789341196	
reads/SRR36950012_2.fastq.gz	7241386453	1789341194	
reads/SRR36950013_1.fastq.gz	6141325490	1789343747	
reads/SRR36950013_2.fastq.gz	6306190436	1789343750	
reads/SRR36950014_1.fastq.gz	9324225027	1789344479	
reads/SRR36950014_2.fastq.gz	9030006075	1789344482	
reads/SRR36950016_1.fastq.gz	16582503746	1789346679	
reads/SRR36950016_2.fastq.gz	16685223134	1789346635	
reads/SRR36950017_1.fastq.gz	22906286769	1789343401	
reads/SRR36950017_2.fastq.gz	22923736152	1789343407	
reads/SRR36950018_1.fastq.gz	10733023828	1789344799	
reads/SRR36950018_2.fastq.gz	10417290960	1789344804	
reads/SRR36950019_1.fastq.gz	7459490752	1789342012	
reads/SRR36950019_2.fastq.gz	7193951775	1789342014	
reads/SRR36950020_1.fastq.gz	7016710900	1789344045	
reads/SRR36950020_2.fastq.gz	6889216345	1789344041	
reads/SRR36950021_1.fastq.gz	11760674129	1789344768	
reads/SRR36950021_2.fastq.gz	11472894651	1789344765	
reads/SRR36993185_1.fastq.gz	1568760360	1789469438	
reads/SRR36993185_2.fastq.gz	1690476620	1789469439	
reads/SRR36993186_1.fastq.gz	1587329906	1789469941	
reads/SRR36993186_2.fastq.gz	1701511388	1789469943	
reads/SRR36993187_1.fastq.gz	1784737198	1789469726	
reads/SRR36993187_2.fastq.gz	1972218152	1789469726	
reads/SRR36993188_1.fastq.gz	1803474299	1789469579	
reads/SRR36993188_2.fastq.gz	2004344499	1789469580	
reads/SRR36993190_1.fastq.gz	1551699509	1789469666	
reads/SRR36993190_2.fastq.gz	1699094044	1789469666	
reads/SRR36993191_1.fastq.gz	1870848189	1789470187	
reads/SRR36993191_2.fastq.gz	2053433842	1789470187	
reads/SRR36993192_1.fastq.gz	1496076883	1789470116	
reads/SRR36993192_2.fastq.gz	1661602534	1789470117	
reads/SRR36993193_1.fastq.gz	1705421533	1789469972	
reads/SRR36993193_2.fastq.gz	1825584929	1789469972	
reads/SRR36993194_1.fastq.gz	1665983997	1789469966	
reads/SRR36993194_2.fastq.gz	1815175913	1789469966	
reads/SRR36993195_1.fastq.gz	1607967104	1789469931	
reads/SRR36993195_2.fastq.gz	1727873137	1789469925	
reads/SRR37049205_1.fastq.gz	2482457780	1789468824	
reads/SRR37049205_2.fastq.gz	2619966402	1789468824	
reads/SRR37049207_1.fastq.gz	2430343900	1789468368	
reads/SRR37049207_2.fastq.gz	2541686833	1789468372	
reads/SRR37049209_1.fastq.gz	2830244694	1789468609	
reads/SRR37049209_2.fastq.gz	2927449897	1789468605	
reads/SRR3724076_1.fastq.gz	2478296864	1789480365	
reads/SRR3724076_2.fastq.gz	2564889460	1789480357	
reads/SRR3724079_1.fastq.gz	2367148823	1789479784	
reads/SRR3724079_2.fastq.gz	2273154062	1789479765	
reads/SRR3724081_1.fastq.gz	2622682026	1789479879	
reads/SRR3724081_2.fastq.gz	2722849044	1789479872	
reads/SRR3724084_1.fastq.gz	4833099047	1789478713	
reads/SRR3724084_2.fastq.gz	5013813367	1789478714	
reads/SRR3724086_1.fastq.gz	5855259367	1789478122	
reads/SRR3724086_2.fastq.gz	6100940366	1789478153	
reads/SRR3724093_1.fastq.gz	412288028	1789477012	
reads/SRR3724093_2.fastq.gz	411772661	1789477012	
reads/SRR3724095_1.fastq.gz	2794599690	1789478261	
reads/SRR3724095_2.fastq.gz	2954197506	1789478264	
reads/SRR3724097_1.fastq.gz	5717017530	1789478472	
reads/SRR3724097_2.fastq.gz	6039903352	1789478485	
reads/SRR3724099_1.fastq.gz	3499916686	1789478066	
reads/SRR3724099_2.fastq.gz	3674250731	1789478067	
reads/SRR3724102_1.fastq.gz	5055508859	1789478580	
reads/SRR3724102_2.fastq.gz	5309822330	1789478575	
reads/SRR3724104_1.fastq.gz	3677356482	1789478158	
reads/SRR3724104_2.fastq.gz	3887886737	1789478161	
reads/SRR3724106_1.fastq.gz	2963504263	1789477502	
reads/SRR3724106_2.fastq.gz	2978993486	1789477512	
reads/SRR3724108_1.fastq.gz	2412682264	1789477404	
reads/SRR3724108_2.fastq.gz	2491166837	1789477406	
reads/SRR3724136_1.fastq.gz	2657311700	1789478945	
reads/SRR3724136_2.fastq.gz	2830959565	1789478944	
reads/SRR3724140_1.fastq.gz	2354901523	1789479377	
reads/SRR3724140_2.fastq.gz	2457675590	1789479391	
reads/SRR3724142_1.fastq.gz	3941333879	1789480780	
reads/SRR3724142_2.fastq.gz	4006960571	1789480779	
reads/SRR3724145_1.fastq.gz	2792096477	1789479284	
reads/SRR3724145_2.fastq.gz	2868704299	1789479280	
reads/SRR3724153_1.fastq.gz	3952546768	1789476969	
reads/SRR3724153_2.fastq.gz	4213092834	1789476971	
reads/SRR3724158_1.fastq.gz	2711204106	1789476563	
reads/SRR3724158_2.fastq.gz	2883007962	1789476596	
reads/SRR3724164_1.fastq.gz	2582131492	1789476707	
reads/SRR3724164_2.fastq.gz	2760403155	1789476703	
reads/SRR3724167_1.fastq.gz	3196399746	1789477507	
reads/SRR3724167_2.fastq.gz	3320916583	1789477499	
reads/SRR3724169_1.fastq.gz	4396747364	1789476952	
reads/SRR3724169_2.fastq.gz	4302752719	1789476950	
reads/SRR3724171_1.fastq.gz	4322244689	1789476928	
reads/SRR3724171_2.fastq.gz	4394326386	1789476928	
reads/SRR37491895_1.fastq.gz	585312512	1789461395	
reads/SRR37491895_2.fastq.gz	618576857	1789461395	
reads/SRR37491896_1.fastq.gz	1213046092	1789461475	
reads/SRR37491896_2.fastq.gz	1259218754	1789461474	
reads/SRR37491897_1.fastq.gz	702662189	1789461673	
reads/SRR37491897_2.fastq.gz	755087887	1789461672	
reads/SRR37491898_1.fastq.gz	1343812612	1789461947	
reads/SRR37491898_2.fastq.gz	1410118387	1789461947	
reads/SRR37491899_1.fastq.gz	1435910298	1789462018	
reads/SRR37491899_2.fastq.gz	1402491152	1789462017	
reads/SRR37491901_1.fastq.gz	773403880	1789461874	
reads/SRR37491901_2.fastq.gz	852356115	1789461875	
reads/SRR37491908_1.fastq.gz	935928149	1789461837	
reads/SRR37491908_2.fastq.gz	1015920560	1789461837	
reads/SRR37491909_1.fastq.gz	1147594965	1789461839	
reads/SRR37491909_2.fastq.gz	1220278511	1789461838	
reads/SRR37491910_1.fastq.gz	687843104	1789461635	
reads/SRR37491910_2.fastq.gz	719156729	1789461635	
reads/SRR37491912_1.fastq.gz	200089992	1789461254	
reads/SRR37491912_2.fastq.gz	234339939	1789461254	
reads/SRR37491913_1.fastq.gz	541371814	1789461442	
reads/SRR37491913_2.fastq.gz	592640927	1789461442	
reads/SRR37491914_1.fastq.gz	2183177275	1789461647	
reads/SRR37491914_2.fastq.gz	2230662650	1789461648	
reads/SRR3750693.fastq.gz	2287307986	1789220905	
reads/SRR3750694.fastq.gz	2933344767	1789220151	
reads/SRR3750695.fastq.gz	2563140293	1789221796	
reads/SRR3750696.fastq.gz	2434426368	1789217322	
reads/SRR3750697.fastq.gz	2958363436	1789218806	
reads/SRR3750698.fastq.gz	2793792751	1789220832	
reads/SRR3750699.fastq.gz	2368175697	1789220254	
reads/SRR3750700.fastq.gz	2256682779	1789221549	
reads/SRR3750701.fastq.gz	2023931694	1789219740	
reads/SRR3750702.fastq.gz	1244062296	1789221435	
reads/SRR3750704.fastq.gz	2340739925	1789217596	
reads/SRR3750705.fastq.gz	2459866042	1789217602	
reads/SRR3750706.fastq.gz	2460788613	1789219703	
reads/SRR3750707.fastq.gz	2018493984	1789218696	
reads/SRR3750708.fastq.gz	2885618877	1789216223	
reads/SRR3750709.fastq.gz	2125195224	1789196643	
reads/SRR3750710.fastq.gz	2439802677	1789196368	
reads/SRR3750711.fastq.gz	2297192938	1789218125	
reads/SRR3750712.fastq.gz	1877064549	1789219216	
reads/SRR3750713.fastq.gz	1607586325	1789220168	
reads/SRR3750715.fastq.gz	777942134	1789300783	
reads/SRR3750716.fastq.gz	2004280037	1789220958	
reads/SRR3750717.fastq.gz	2669027582	1789219532	
reads/SRR3750718.fastq.gz	2128161371	1789219870	
reads/SRR3750719.fastq.gz	1989626258	1789216332	
reads/SRR3750720.fastq.gz	2331345103	1789220873	
reads/SRR3750721.fastq.gz	2066534206	1789218450	
reads/SRR3750722.fastq.gz	2602326219	1789300566	
reads/SRR3750723.fastq.gz	2181556322	1789218809	
reads/SRR3750724.fastq.gz	1342646497	1789196438	
reads/SRR3750726.fastq.gz	1746230091	1789219233	
reads/SRR3750727.fastq.gz	2203128800	1789220732	
reads/SRR3750728.fastq.gz	2510312108	1789218054	
reads/SRR3750729.fastq.gz	2961729380	1789220197	
reads/SRR3750730.fastq.gz	1646998633	1789218945	
reads/SRR3750732.fastq.gz	2861724048	1789221409	
reads/SRR3750733.fastq.gz	2333034461	1789217696	
reads/SRR3750734.fastq.gz	2111223275	1789221922	
reads/SRR3750735.fastq.gz	2698640417	1789218967	
reads/SRR38293576.fastq.gz	5841460428	1789351464	
reads/SRR38293577.fastq.gz	7136228500	1789351472	
reads/SRR38293579.fastq.gz	6209094829	1789353266	
reads/SRR38293580.fastq.gz	7330516080	1789354824	
reads/SRR38293581.fastq.gz	10656372632	1789351816	
reads/SRR38293582.fastq.gz	10844284992	1789352917	
reads/SRR38293583.fastq.gz	10080786654	1789351930	
reads/SRR38293584.fastq.gz	10284250129	1789351833	
reads/SRR391823.fastq.gz	2356302873	1789146077	
reads/SRR391824.fastq.gz	2479054757	1789146158	
reads/SRR391825.fastq.gz	2459750279	1789146259	
reads/SRR391826.fastq.gz	2471856525	1789145589	
reads/SRR391827.fastq.gz	867104136	1789145988	
reads/SRR391828.fastq.gz	892646510	1789145835	
reads/SRR391829.fastq.gz	694064686	1789145900	
reads/SRR391830.fastq.gz	734650805	1789145785	
reads/SRR391831.fastq.gz	773400656	1789145905	
reads/SRR391832.fastq.gz	796608526	1789145450	
reads/SRR391833.fastq.gz	747611409	1789145624	
reads/SRR391834.fastq.gz	833736898	1789146466	
reads/SRR391835.fastq.gz	666927544	1789145736	
reads/SRR391836.fastq.gz	687559177	1789146166	
reads/SRR391837.fastq.gz	765359026	1789145694	
reads/SRR391838.fastq.gz	701152031	1789146404	
reads/SRR391839.fastq.gz	489694540	1789146292	
reads/SRR391840.fastq.gz	478152875	1789145584	
reads/SRR391841.fastq.gz	564516958	1789146396	
reads/SRR391842.fastq.gz	569898708	1789145598	
reads/SRR391843.fastq.gz	598576962	1789145454	
reads/SRR391844.fastq.gz	544622444	1789146182	
reads/SRR4044953.fastq.gz	753672144	1789474195	
reads/SRR4044954.fastq.gz	431235735	1789474112	
reads/SRR4044955.fastq.gz	664003963	1789474299	
reads/SRR4240592.fastq.gz	1525951802	1789192000	
reads/SRR4240593.fastq.gz	1686629754	1789192519	
reads/SRR4240601.fastq.gz	1401595061	1789191742	
reads/SRR4240602.fastq.gz	1350953781	1789192239	
reads/SRR4240603.fastq.gz	1352418066	1789192064	
reads/SRR4240604.fastq.gz	1528249171	1789191697	
reads/SRR4296236.fastq.gz	393801491	1789311563	
reads/SRR4296237.fastq.gz	408821620	1789311300	
reads/SRR4296238.fastq.gz	365693873	1789311335	
reads/SRR4296239.fastq.gz	617006016	1789311146	
reads/SRR4296240.fastq.gz	387046744	1789311467	
reads/SRR4296241.fastq.gz	383474307	1789311434	
reads/SRR5113839_1.fastq.gz	1555662303	1789485275	
reads/SRR5113839_2.fastq.gz	1547590503	1789485274	
reads/SRR5225794_1.fastq.gz	1126958177	1789466996	
reads/SRR5225794_2.fastq.gz	1131157679	1789466934	
reads/SRR5225796_1.fastq.gz	1088263043	1789466828	
reads/SRR5225796_2.fastq.gz	1115601100	1789466828	
reads/SRR5225798_1.fastq.gz	1041065438	1789466825	
reads/SRR5225798_2.fastq.gz	1029565360	1789466827	
reads/SRR5387720_1.fastq.gz	5083765908	1789469615	
reads/SRR5387720_2.fastq.gz	4249358947	1789469613	
reads/SRR5712016_1.fastq.gz	9152142959	1789481328	
reads/SRR5712016_2.fastq.gz	9457947796	1789481322	
reads/SRR579533_1.fastq.gz	3378403148	1789100278	
reads/SRR579533_2.fastq.gz	3466466276	1789100278	
reads/SRR579534_1.fastq.gz	1837004577	1789099627	
reads/SRR579534_2.fastq.gz	1883165885	1789099627	
reads/SRR579535_1.fastq.gz	2520667134	1789099739	
reads/SRR579535_2.fastq.gz	2592840369	1789099739	
reads/SRR579539_2.fastq	812045238	1789488101	
reads/SRR5904040_1.fastq.gz	1164851807	1789142734	
reads/SRR5904040_2.fastq.gz	1150318124	1789142734	
reads/SRR5909661.fastq.gz	83789216	1789479767	
reads/SRR6039724_1.fastq.gz	4781956442	1789459655	
reads/SRR6039724_2.fastq.gz	4802313159	1789459654	
reads/SRR6039726_1.fastq.gz	3475112490	1789457374	
reads/SRR6039726_2.fastq.gz	3485644720	1789457377	
reads/SRR6039727_1.fastq.gz	3392855698	1789457825	
reads/SRR6039727_2.fastq.gz	3358275720	1789457644	
reads/SRR6039728_1.fastq.gz	3782777642	1789460034	
reads/SRR6039728_2.fastq.gz	3796348474	1789460033	
reads/SRR6039729_1.fastq.gz	2968788160	1789459382	
reads/SRR6039729_2.fastq.gz	2940540088	1789459378	
reads/SRR6039730_1.fastq.gz	4532024384	1789460141	
reads/SRR6039730_2.fastq.gz	4548890358	1789460139	
reads/SRR6039731_1.fastq.gz	2899485243	1789459741	
reads/SRR6039731_2.fastq.gz	2891030423	1789459741	
reads/SRR6039732_1.fastq.gz	3663635858	1789457840	
reads/SRR6039732_2.fastq.gz	3645626849	1789457840	
reads/SRR6039733_1.fastq.gz	3117775746	1789460138	
reads/SRR6039733_2.fastq.gz	3155286984	1789460144	
reads/SRR6039734_1.fastq.gz	3371762495	1789457161	
reads/SRR6039734_2.fastq.gz	3365123956	1789457250	
reads/SRR6039735_1.fastq.gz	4885474290	1789457885	
reads/SRR6039735_2.fastq.gz	4912841406	1789457882	
reads/SRR6039736_1.fastq.gz	3211833542	1789458122	
reads/SRR6039736_2.fastq.gz	3205650359	1789458122	
reads/SRR6039737_1.fastq.gz	3190824788	1789458238	
reads/SRR6039737_2.fastq.gz	3175327156	1789458239	
reads/SRR6039738_1.fastq.gz	4952805299	1789458829	
reads/SRR6039738_2.fastq.gz	4866931813	1789458829	
reads/SRR6039739_1.fastq.gz	2895685114	1789459028	
reads/SRR6039739_2.fastq.gz	2881798439	1789459028	
reads/SRR6039740_1.fastq.gz	3505447777	1789458492	
reads/SRR6039740_2.fastq.gz	3487056043	1789458490	
reads/SRR6039741_1.fastq.gz	3229246081	1789459404	
reads/SRR6039741_2.fastq.gz	3211794853	1789459402	
reads/SRR6039742_1.fastq.gz	3007482094	1789459315	
reads/SRR6039742_2.fastq.gz	2987667065	1789459315	
reads/SRR6039743_1.fastq.gz	3071643504	1789459178	
reads/SRR6039743_2.fastq.gz	3053845003	1789459180	
reads/SRR6039744_1.fastq.gz	2899591819	1789459721	
reads/SRR6039744_2.fastq.gz	2865410053	1789459719	
reads/SRR6041850_1.fastq.gz	2774520749	1789340138	
reads/SRR6041850_2.fastq.gz	2976642257	1789340139	
reads/SRR6041851_1.fastq.gz	3081409644	1789340032	
reads/SRR6041851_2.fastq.gz	3448666029	1789340033	
reads/SRR6041852_1.fastq.gz	2900154734	1789340225	
reads/SRR6041852_2.fastq.gz	3106625572	1789340225	
reads/SRR6189706.fastq.gz	1483406207	1789467216	
reads/SRR6189709.fastq.gz	1403344405	1789467103	
reads/SRR6189717.fastq.gz	3574370327	1789467246	
reads/SRR6189720.fastq.gz	1885199105	1789467008	
reads/SRR6218744_1.fastq.gz	2668251791	1789413038	
reads/SRR6218744_2.fastq.gz	2667770008	1789413038	
reads/SRR6218748_1.fastq.gz	5175185159	1789413587	
reads/SRR6218748_2.fastq.gz	5156361326	1789413591	
reads/SRR6218752_1.fastq.gz	1736033311	1789413155	
reads/SRR6218752_2.fastq.gz	1730941381	1789413156	
reads/SRR6218756_1.fastq.gz	2517403739	1789412987	
reads/SRR6218756_2.fastq.gz	2511329898	1789412990	
reads/SRR6218770_1.fastq.gz	1585633595	1789412971	
reads/SRR6218770_2.fastq.gz	1573644146	1789412971	
reads/SRR6218781_1.fastq.gz	4140485900	1789413151	
reads/SRR6218781_2.fastq.gz	4108948302	1789413152	
reads/SRR6221903_1.fastq.gz	3599455102	1789312110	
reads/SRR6221903_2.fastq.gz	3642683769	1789312108	
reads/SRR6221904_1.fastq.gz	3799228919	1789312010	
reads/SRR6221904_2.fastq.gz	3859299364	1789312010	
reads/SRR6221905_1.fastq.gz	4028834957	1789312070	
reads/SRR6221905_2.fastq.gz	3943767484	1789312070	
reads/SRR6221906_1.fastq.gz	3080481392	1789312052	
reads/SRR6221906_2.fastq.gz	3038742249	1789312051	
reads/SRR6221907_1.fastq.gz	4472445632	1788843214	
reads/SRR6221907_2.fastq.gz	4552611711	1788843222	
reads/SRR6242027.fastq.gz	7910246387	1789146933	
reads/SRR6242028.fastq.gz	8634836086	1789149408	
reads/SRR6242029.fastq.gz	6916858296	1789147281	
reads/SRR6242030.fastq.gz	9950559010	1789149302	
reads/SRR6242034_1.fastq.gz	13323388489	1789301819	
reads/SRR6242034_2.fastq.gz	13239593477	1789301820	
reads/SRR6242035.fastq.gz	1741711813	1789151225	
reads/SRR6242036_1.fastq.gz	16029751647	1789301863	
reads/SRR6242036_2.fastq.gz	15575963839	1789301863	
reads/SRR6242037.fastq.gz	1630846914	1789151284	
reads/SRR6242038_1.fastq.gz	2435959508	1789147341	
reads/SRR6242038_2.fastq.gz	2464785150	1789147341	
reads/SRR6242039_1.fastq.gz	2391094623	1789149036	
reads/SRR6242039_2.fastq.gz	2414949085	1789149038	
reads/SRR6242040.fastq.gz	1924660954	1789151217	
reads/SRR6242041.fastq.gz	1946741559	1789150714	
reads/SRR6242045_1.fastq.gz	2478736899	1789147228	
reads/SRR6242045_2.fastq.gz	2451049476	1789147228	
reads/SRR6242046.fastq.gz	1930408494	1789150713	
reads/SRR6242047.fastq.gz	8347883921	1789151747	
reads/SRR6242049.fastq.gz	7673269673	1789151984	
reads/SRR6242050.fastq.gz	8436807840	1789152007	
reads/SRR6242051.fastq.gz	7433637933	1789152377	
reads/SRR6242052.fastq.gz	8517636153	1789152414	
reads/SRR6242053.fastq.gz	5475567051	1789149374	
reads/SRR6242054.fastq.gz	8262612818	1789152474	
reads/SRR6242055.fastq.gz	5691497570	1789149278	
reads/SRR6242056.fastq.gz	5639626002	1789149440	
reads/SRR6242057.fastq.gz	5483078730	1789147100	
reads/SRR6242058.fastq.gz	5535593016	1789146923	
reads/SRR6242059.fastq.gz	1892046781	1789152948	
reads/SRR6242060.fastq.gz	1792709397	1789152137	
reads/SRR6242061.fastq.gz	5451462940	1789146965	
reads/SRR6242062.fastq.gz	1838596357	1789152194	
reads/SRR6242063.fastq.gz	1834499869	1789151326	
reads/SRR6279264_1.fastq.gz	1526733813	1789446114	
reads/SRR6279264_2.fastq.gz	1638104129	1789446114	
reads/SRR6279324_1.fastq.gz	1505289294	1789446186	
reads/SRR6279324_2.fastq.gz	1583886421	1789446186	
reads/SRR6292047.fastq.gz	2769010091	1789483469	
reads/SRR6292049.fastq.gz	664003890	1789483109	
reads/SRR6292051.fastq.gz	3048908636	1789483499	
reads/SRR6292066.fastq.gz	431235224	1789483277	
reads/SRR6292067.fastq.gz	753671374	1789483200	
reads/SRR6292089.fastq.gz	2320840620	1789483176	
reads/SRR6395471_1.fastq.gz	6196891688	1789448293	
reads/SRR6395471_2.fastq.gz	6238714357	1789448294	
reads/SRR6395472_1.fastq.gz	6734179081	1789448322	
reads/SRR6395472_2.fastq.gz	6699889671	1789448320	
reads/SRR6395482_1.fastq.gz	6006132422	1789448100	
reads/SRR6395482_2.fastq.gz	6003573146	1789448112	
reads/SRR6395491_1.fastq.gz	4164401363	1789447973	
reads/SRR6395491_2.fastq.gz	4172566033	1789447976	
reads/SRR6395492_1.fastq.gz	5038059633	1789448114	
reads/SRR6395492_2.fastq.gz	5028172828	1789448111	
reads/SRR7403500.fastq.gz	1042414390	1789453201	
reads/SRR7403503.fastq.gz	979810058	1789453250	
reads/SRR7403505.fastq.gz	1065706586	1789453143	
reads/SRR7403508.fastq.gz	974168862	1789453228	
reads/SRR7500369_1.fastq.gz	5005536532	1789354622	
reads/SRR7500369_2.fastq.gz	5006754869	1789354623	
reads/SRR7500370_1.fastq.gz	2891009757	1789355135	
reads/SRR7500370_2.fastq.gz	2900275263	1789355134	
reads/SRR7500371_1.fastq.gz	3303046818	1789356036	
reads/SRR7500371_2.fastq.gz	3939110400	1789356036	
reads/SRR7500372_1.fastq.gz	4337721965	1789355015	
reads/SRR7500372_2.fastq.gz	4340174389	1789355015	
reads/SRR7500373_1.fastq.gz	3015242672	1789353992	
reads/SRR7500373_2.fastq.gz	3039098553	1789353991	
reads/SRR7500374_1.fastq.gz	2692572738	1789356199	
reads/SRR7500374_2.fastq.gz	3218658856	1789356199	
reads/SRR7500375_1.fastq.gz	2533058545	1789354039	
reads/SRR7500375_2.fastq.gz	2522168996	1789354039	
reads/SRR7500376_1.fastq.gz	4546900487	1789354240	
reads/SRR7500376_2.fastq.gz	4550315020	1789354240	
reads/SRR7500377_1.fastq.gz	3138542540	1789381471	
reads/SRR7500377_2.fastq.gz	3750247264	1789381466	
reads/SRR7526690.fastq.gz	1602783282	1789468771	
reads/SRR7526694.fastq.gz	1471784266	1789468806	
reads/SRR7526695.fastq.gz	1613780401	1789468839	
reads/SRR7526698.fastq.gz	1505460257	1789468717	
reads/SRR7526699.fastq.gz	1565452437	1789468564	
reads/SRR7526716.fastq.gz	1733562758	1789468404	
reads/SRR7753253_1.fastq.gz	3875363495	1789375414	
reads/SRR7753253_2.fastq.gz	4466605655	1789375415	
reads/SRR7753254_1.fastq.gz	3677748713	1789375397	
reads/SRR7753254_2.fastq.gz	4309435725	1789375398	
reads/SRR7753255_1.fastq.gz	2624655926	1789084876	
reads/SRR7753255_2.fastq.gz	2769868866	1789084876	
reads/SRR7753256_1.fastq.gz	2404255175	1789084368	
reads/SRR7753256_2.fastq.gz	2564758882	1789084371	
reads/SRR7797534_1.fastq.gz	1574689000	1788950919	
reads/SRR7797534_2.fastq.gz	1699773821	1788950920	
reads/SRR7797535_1.fastq.gz	1448767206	1788950679	
reads/SRR7797535_2.fastq.gz	1546337193	1788950679	
reads/SRR7797537_1.fastq.gz	1575151446	1788950574	
reads/SRR7797537_2.fastq.gz	1738285420	1788950574	
reads/SRR7797542_1.fastq.gz	1941771210	1788950957	
reads/SRR7797542_2.fastq.gz	2102389022	1788950957	
reads/SRR7797543_1.fastq.gz	1962355939	1788952416	
reads/SRR7797543_2.fastq.gz	1882386933	1788952418	
reads/SRR7797544_1.fastq.gz	1536456057	1788950836	
reads/SRR7797544_2.fastq.gz	1652392680	1788950836	
reads/SRR7797546_1.fastq.gz	1780997322	1788951612	
reads/SRR7797546_2.fastq.gz	1916995970	1788951612	
reads/SRR7873464_1.fastq.gz	10093914	1789384057	
reads/SRR7873464_2.fastq.gz	19729434	1789384057	
reads/SRR7873465_1.fastq.gz	33221919	1789384081	
reads/SRR7873465_2.fastq.gz	77272892	1789384081	
reads/SRR7873466_1.fastq.gz	31901978	1789384080	
reads/SRR7873466_2.fastq.gz	70914412	1789384080	
reads/SRR7873467_1.fastq.gz	99351018	1789384026	
reads/SRR7873467_2.fastq.gz	137404868	1789384026	
reads/SRR7873468_1.fastq.gz	22513196	1789384078	
reads/SRR7873468_2.fastq.gz	50144462	1789384078	
reads/SRR7873469_1.fastq.gz	95001535	1789384045	
reads/SRR7873469_2.fastq.gz	115491087	1789384045	
reads/SRR8168844.fastq.gz	102590129	1789384012	
reads/SRR8204116_1.fastq.gz	1660602243	1789384873	
reads/SRR8204116_2.fastq.gz	1735452083	1789384873	
reads/SRR8204117_1.fastq.gz	1707131481	1789385256	
reads/SRR8204117_2.fastq.gz	1828162627	1789385256	
reads/SRR8204118_1.fastq.gz	1739908478	1789385280	
reads/SRR8204118_2.fastq.gz	1857274507	1789385278	
reads/SRR8204122_1.fastq.gz	1987913970	1789384707	
reads/SRR8204122_2.fastq.gz	2114654834	1789384707	
reads/SRR8204123_1.fastq.gz	2113053163	1789384709	
reads/SRR8204123_2.fastq.gz	2248290138	1789384708	
reads/SRR8204124_1.fastq.gz	2033150096	1789385423	
reads/SRR8204124_2.fastq.gz	2174134035	1789385426	
reads/SRR8204125_1.fastq.gz	1600810663	1789385240	
reads/SRR8204125_2.fastq.gz	1676438422	1789385240	
reads/SRR8204126_1.fastq.gz	1760759567	1789385895	
reads/SRR8204126_2.fastq.gz	1849175471	1789385895	
reads/SRR8204127_1.fastq.gz	1946458604	1789385848	
reads/SRR8204127_2.fastq.gz	2098386990	1789385846	
reads/SRR8204128_1.fastq.gz	1986542491	1789384694	
reads/SRR8204128_2.fastq.gz	2156275826	1789384693	
reads/SRR8204129_1.fastq.gz	1498759422	1789384623	
reads/SRR8204129_2.fastq.gz	1571491718	1789384623	
reads/SRR8204133_1.fastq.gz	1780617981	1789385778	
reads/SRR8204133_2.fastq.gz	1889264549	1789385778	
reads/SRR8204136_1.fastq.gz	1723055000	1789385670	
reads/SRR8204136_2.fastq.gz	1830757465	1789385670	
reads/SRR8204137_1.fastq.gz	2051922061	1789385420	
reads/SRR8204137_2.fastq.gz	2191569798	1789385419	
reads/SRR8204140_1.fastq.gz	2011852718	1789385122	
reads/SRR8204140_2.fastq.gz	2150093498	1789385122	
reads/SRR8204149_1.fastq.gz	1741316232	1789385790	
reads/SRR8204149_2.fastq.gz	1826501769	1789385791	
reads/SRR8204150_1.fastq.gz	1941733412	1789385736	
reads/SRR8204150_2.fastq.gz	2074874468	1789385737	
reads/SRR8204151_1.fastq.gz	1945381004	1789384806	
reads/SRR8204151_2.fastq.gz	2081679669	1789384807	
reads/SRR8204152_1.fastq.gz	1745984118	1789385295	
reads/SRR8204152_2.fastq.gz	1862065334	1789385295	
reads/SRR8204153_1.fastq.gz	1685171214	1789385397	
reads/SRR8204153_2.fastq.gz	1807212791	1789385397	
reads/SRR8204154_1.fastq.gz	1618547374	1789384895	
reads/SRR8204154_2.fastq.gz	1738017917	1789384897	
reads/SRR8208850_1.fastq.gz	1847133493	1789125645	
reads/SRR8208850_2.fastq.gz	2022347116	1789125645	
reads/SRR8208851_1.fastq.gz	2329830217	1789125829	
reads/SRR8208851_2.fastq.gz	2619125852	1789125830	
reads/SRR8357723.fastq.gz	637975293	1789448740	
reads/SRR8416452.fastq.gz	1105680720	1789480354	
reads/SRR8416453.fastq.gz	1023724265	1789480320	
reads/SRR8416454.fastq.gz	1361610514	1789480488	
reads/SRR8416455.fastq.gz	1256779547	1789480252	
reads/SRR8416456.fastq.gz	1294955170	1789480432	
reads/SRR8416457.fastq.gz	1480050359	1789480536	
reads/SRR8416458.fastq.gz	1291790538	1789480672	
reads/SRR8416459.fastq.gz	1549730982	1789480763	
reads/SRR8416460.fastq.gz	1019538867	1789480175	
reads/SRR8416461.fastq.gz	1308057940	1789480618	
reads/SRR8416462.fastq.gz	1102272413	1789479859	
reads/SRR8416463.fastq.gz	1173852741	1789480020	
reads/SRR8418221.fastq.gz	733482486	1789406130	
reads/SRR8418224.fastq.gz	889484915	1789406150	
reads/SRR8418242.fastq.gz	1469478305	1789406411	
reads/SRR8418244.fastq.gz	334092320	1789406098	
reads/SRR8418245.fastq.gz	593560029	1789405940	
reads/SRR8418246.fastq.gz	560728769	1789406169	
reads/SRR8418247.fastq.gz	224127591	1789405532	
reads/SRR8418248.fastq.gz	779457404	1789405775	
reads/SRR8418250.fastq.gz	1012502254	1789406033	
reads/SRR8418252.fastq.gz	646653914	1789406297	
reads/SRR8418256.fastq.gz	214408059	1789406243	
reads/SRR8418257.fastq.gz	849325114	1789406272	
reads/SRR8418258.fastq.gz	167091898	1789406258	
reads/SRR8418259.fastq.gz	1436848085	1789406125	
reads/SRR8418260.fastq.gz	111740648	1789405736	
reads/SRR8418261.fastq.gz	187724341	1789406332	
reads/SRR8418262.fastq.gz	588487675	1789406394	
reads/SRR8418264.fastq.gz	502712898	1789406514	
reads/SRR8418266.fastq.gz	45062814	1789406464	
reads/SRR8418267.fastq.gz	364165319	1789406218	
reads/SRR8418268.fastq.gz	462465670	1789405839	
reads/SRR8418269.fastq.gz	752355594	1789405892	
reads/SRR8418271.fastq.gz	404507365	1788848824	
reads/SRR8418272.fastq.gz	143825061	1789406080	
reads/SRR8418276.fastq.gz	557593091	1789405730	
reads/SRR8418284.fastq.gz	478528524	1789406303	
reads/SRR8418290.fastq.gz	625180763	1789406033	
reads/SRR8418298.fastq.gz	606207778	1789406518	
reads/SRR8418299.fastq.gz	388614245	1789406394	
reads/SRR8418301.fastq.gz	889277485	1789406013	
reads/SRR8418302.fastq.gz	259336091	1789406121	
reads/SRR8418303.fastq.gz	391139840	1789406443	
reads/SRR8418304.fastq.gz	358515438	1789406441	
reads/SRR8418305.fastq.gz	261255729	1789405777	
reads/SRR8418306.fastq.gz	536936787	1789405792	
reads/SRR8418307.fastq.gz	521547466	1789405595	
reads/SRR8418308.fastq.gz	893482844	1789405897	
reads/SRR8418310.fastq.gz	383735191	1789406375	
reads/SRR8418313.fastq.gz	64711013	1789406222	
reads/SRR8418317.fastq.gz	168565134	1789406458	
reads/SRR8418318.fastq.gz	626386941	1789406296	
reads/SRR8418319.fastq.gz	554115126	1789406320	
reads/SRR8418320.fastq.gz	740806800	1789406470	
reads/SRR8418321.fastq.gz	700907138	1789405690	
reads/SRR8418322.fastq.gz	278781967	1789406073	
reads/SRR8418323.fastq.gz	692929226	1789406199	
reads/SRR8418326.fastq.gz	287316006	1789406501	
reads/SRR8418329.fastq.gz	125962199	1789406250	
reads/SRR8418331.fastq.gz	506755643	1789406371	
reads/SRR8418332.fastq.gz	1542006108	1789405940	
reads/SRR8418333.fastq.gz	443603478	1789406025	
reads/SRR8418334.fastq.gz	546824008	1789405666	
reads/SRR8418335.fastq.gz	320139613	1789405810	
reads/SRR8418338.fastq.gz	841483936	1789406497	
reads/SRR8418340.fastq.gz	163349631	1789406206	
reads/SRR8418341.fastq.gz	258309047	1789406289	
reads/SRR8418342.fastq.gz	584162620	1789405844	
reads/SRR8418343.fastq.gz	338725028	1789406374	
reads/SRR8418363.fastq.gz	733704933	1789406156	
reads/SRR8418371.fastq.gz	499410370	1789406263	
reads/SRR8418379.fastq.gz	658273298	1789406402	
reads/SRR8418381.fastq.gz	718206149	1789405940	
reads/SRR8418385.fastq.gz	601660778	1789406141	
reads/SRR8475379_1.fastq.gz	1487239024	1789412822	
reads/SRR8475379_2.fastq.gz	1497179200	1789412823	
reads/SRR8492260_1.fastq.gz	1383125679	1789485458	
reads/SRR8492260_2.fastq.gz	1361287534	1789485473	
reads/SRR8568982_1.fastq.gz	2057253489	1789456257	
reads/SRR8568982_2.fastq.gz	2200837717	1789456258	
reads/SRR8568983_1.fastq.gz	1910291413	1789455716	
reads/SRR8568983_2.fastq.gz	1970472944	1789455718	
reads/SRR8568984_1.fastq.gz	1973798416	1789455711	
reads/SRR8568984_2.fastq.gz	2036941136	1789455710	
reads/SRR8569388_1.fastq.gz	2020825966	1789455811	
reads/SRR8569388_2.fastq.gz	2037626363	1789455821	
reads/SRR8569389_1.fastq.gz	1937864645	1789457129	
reads/SRR8569389_2.fastq.gz	2036424128	1789457037	
reads/SRR8569393_1.fastq.gz	1714074086	1789456298	
reads/SRR8569393_2.fastq.gz	1763314243	1789456287	
reads/SRR8569394_1.fastq.gz	2050255993	1789455704	
reads/SRR8569394_2.fastq.gz	2100381470	1789455705	
reads/SRR8639448_1.fastq.gz	113479729	1789384113	
reads/SRR8639448_2.fastq.gz	165950847	1789384113	
reads/SRR8639449_1.fastq.gz	108678424	1789384117	
reads/SRR8639449_2.fastq.gz	156228099	1789384117	
reads/SRR8640195_1.fastq.gz	112968021	1789384161	
reads/SRR8640195_2.fastq.gz	120830610	1789384161	
reads/SRR8668529_1.fastq.gz	85901702	1789384155	
reads/SRR8668529_2.fastq.gz	91601567	1789384155	
reads/SRR8718793_1.fastq.gz	1997916048	1789173251	
reads/SRR8718793_2.fastq.gz	2251822700	1789173251	
reads/SRR8718794_1.fastq.gz	1857353612	1789171459	
reads/SRR8718794_2.fastq.gz	2115174139	1789171457	
reads/SRR8718795_1.fastq.gz	1897530890	1789177477	
reads/SRR8718795_2.fastq.gz	2160494683	1789177477	
reads/SRR8718796_1.fastq.gz	2116079671	1789170805	
reads/SRR8718796_2.fastq.gz	2404165810	1789170809	
reads/SRR8718797_1.fastq.gz	2020737525	1789162601	
reads/SRR8718797_2.fastq.gz	2284095613	1789162601	
reads/SRR8718798_1.fastq.gz	1879483376	1789177484	
reads/SRR8718798_2.fastq.gz	2170332023	1789177484	
reads/SRR8718799_1.fastq.gz	2035314527	1789162701	
reads/SRR8718799_2.fastq.gz	2369719740	1789162701	
reads/SRR8718800_1.fastq.gz	2000238374	1789175348	
reads/SRR8718800_2.fastq.gz	2248571838	1789175347	
reads/SRR8718801_1.fastq.gz	2006616476	1789161701	
reads/SRR8718801_2.fastq.gz	2261871082	1789161701	
reads/SRR8718802_1.fastq.gz	1976519885	1789162692	
reads/SRR8718802_2.fastq.gz	2249282166	1789162691	
reads/SRR8718803_1.fastq.gz	2024260909	1789177075	
reads/SRR8718803_2.fastq.gz	2260954310	1789177077	
reads/SRR8718804_1.fastq.gz	2086352284	1789163009	
reads/SRR8718804_2.fastq.gz	2388428387	1789163009	
reads/SRR8718805_1.fastq.gz	2035520134	1789166259	
reads/SRR8718805_2.fastq.gz	2292245544	1789166258	
reads/SRR8718806_1.fastq.gz	2022804899	1789173579	
reads/SRR8718806_2.fastq.gz	2308004494	1789173579	
reads/SRR8718807_1.fastq.gz	2089700698	1789162036	
reads/SRR8718807_2.fastq.gz	2349108434	1789162036	
reads/SRR8718808_1.fastq.gz	1784960703	1789175697	
reads/SRR8718808_2.fastq.gz	2058410683	1789175698	
reads/SRR8718809_1.fastq.gz	2133730903	1789171485	
reads/SRR8718809_2.fastq.gz	2397666123	1789171485	
reads/SRR8718810_1.fastq.gz	2080789672	1789164871	
reads/SRR8718810_2.fastq.gz	2363348889	1789164871	
reads/SRR8718811_1.fastq.gz	2147060136	1789172636	
reads/SRR8718811_2.fastq.gz	2434854822	1789172636	
reads/SRR8718812_1.fastq.gz	2012869679	1789164554	
reads/SRR8718812_2.fastq.gz	2257981862	1789164554	
reads/SRR8718813_1.fastq.gz	2111209465	1789164729	
reads/SRR8718813_2.fastq.gz	2372120409	1789164729	
reads/SRR8718814_1.fastq.gz	2129359860	1789175842	
reads/SRR8718814_2.fastq.gz	2406823818	1789175843	
reads/SRR8718815_1.fastq.gz	1818262539	1789173786	
reads/SRR8718815_2.fastq.gz	2093109934	1789173785	
reads/SRR8718816_1.fastq.gz	2112806966	1789164218	
reads/SRR8718816_2.fastq.gz	2366392190	1789164218	
reads/SRR8718817_1.fastq.gz	2125354853	1789173617	
reads/SRR8718817_2.fastq.gz	2400072224	1789173617	
reads/SRR8718818_1.fastq.gz	1813796299	1789165210	
reads/SRR8718818_2.fastq.gz	2093621214	1789165210	
reads/SRR8718819_1.fastq.gz	1972128574	1789173012	
reads/SRR8718819_2.fastq.gz	2229575586	1789173013	
reads/SRR8718820_1.fastq.gz	2054491783	1789175927	
reads/SRR8718820_2.fastq.gz	2323398837	1789175926	
reads/SRR8718821_1.fastq.gz	2011956176	1789168750	
reads/SRR8718821_2.fastq.gz	2333746470	1789168749	
reads/SRR8718822_1.fastq.gz	1798820935	1789175189	
reads/SRR8718822_2.fastq.gz	2066072371	1789175188	
reads/SRR8718823_1.fastq.gz	2066872578	1789162369	
reads/SRR8718823_2.fastq.gz	2361450025	1789162369	
reads/SRR8718824_1.fastq.gz	1983261115	1789166468	
reads/SRR8718824_2.fastq.gz	2247353063	1789166468	
reads/SRR8718825_1.fastq.gz	2132459715	1789172964	
reads/SRR8718825_2.fastq.gz	2426050094	1789172964	
reads/SRR8718826_1.fastq.gz	1811550491	1789166878	
reads/SRR8718826_2.fastq.gz	2058323737	1789166878	
reads/SRR8718827_1.fastq.gz	1969315485	1789164774	
reads/SRR8718827_2.fastq.gz	2208205488	1789164773	
reads/SRR8718828_1.fastq.gz	1761856873	1789166087	
reads/SRR8718828_2.fastq.gz	2031851875	1789166087	
reads/SRR8718829_1.fastq.gz	1984059962	1789169202	
reads/SRR8718829_2.fastq.gz	2239403479	1789169202	
reads/SRR8718830_1.fastq.gz	2093006502	1789171388	
reads/SRR8718830_2.fastq.gz	2387892508	1789171388	
reads/SRR8718831_1.fastq.gz	2062582933	1789175298	
reads/SRR8718831_2.fastq.gz	2298694626	1789175298	
reads/SRR8718832_1.fastq.gz	2062236177	1789173788	
reads/SRR8718832_2.fastq.gz	2361266466	1789173788	
reads/SRR8718833_1.fastq.gz	2116874602	1789166705	
reads/SRR8718833_2.fastq.gz	2394185400	1789166705	
reads/SRR8718834_1.fastq.gz	1908104416	1789167063	
reads/SRR8718834_2.fastq.gz	2090246826	1789167063	
reads/SRR8718835_1.fastq.gz	2086990313	1789175999	
reads/SRR8718835_2.fastq.gz	2355403431	1789175999	
reads/SRR8718836_1.fastq.gz	2112971109	1789167987	
reads/SRR8718836_2.fastq.gz	2419598832	1789167986	
reads/SRR8718837_1.fastq.gz	2087532124	1789167123	
reads/SRR8718837_2.fastq.gz	2263018310	1789167123	
reads/SRR8718838_1.fastq.gz	2071832648	1789171043	
reads/SRR8718838_2.fastq.gz	2364446699	1789171043	
reads/SRR8718839_1.fastq.gz	1888830247	1789169384	
reads/SRR8718839_2.fastq.gz	2070717965	1789169384	
reads/SRR8718840_1.fastq.gz	1968818573	1789171214	
reads/SRR8718840_2.fastq.gz	2284253690	1789171214	
reads/SRR8718841_1.fastq.gz	2077616351	1789168518	
reads/SRR8718841_2.fastq.gz	2380124559	1789168518	
reads/SRR8718842_1.fastq.gz	1971085032	1789169319	
reads/SRR8718842_2.fastq.gz	2162330371	1789169320	
reads/SRR8718843_1.fastq.gz	2004766533	1789169020	
reads/SRR8718843_2.fastq.gz	2263066760	1789169021	
reads/SRR8718844_1.fastq.gz	2135068292	1789166981	
reads/SRR8718844_2.fastq.gz	2419180790	1789166981	
reads/SRR8718845_1.fastq.gz	1871294381	1789170968	
reads/SRR8718845_2.fastq.gz	2103712224	1789170968	
reads/SRR8718846_1.fastq.gz	2007546262	1789168851	
reads/SRR8718846_2.fastq.gz	2252159078	1789168852	
reads/SRR8718847_1.fastq.gz	2063955533	1789164046	
reads/SRR8718847_2.fastq.gz	2356989138	1789164046	
reads/SRR8718848_1.fastq.gz	1995591357	1789177295	
reads/SRR8718848_2.fastq.gz	2251107422	1789177296	
reads/SRR8718849_1.fastq.gz	2011639352	1789175148	
reads/SRR8718849_2.fastq.gz	2332729488	1789175149	
reads/SRR8718850_1.fastq.gz	2135040116	1789163835	
reads/SRR8718850_2.fastq.gz	2403991630	1789163835	
reads/SRR8718851_1.fastq.gz	2056624805	1789161839	
reads/SRR8718851_2.fastq.gz	2359656314	1789161838	
reads/SRR8718852_1.fastq.gz	2102608671	1789170365	
reads/SRR8718852_2.fastq.gz	2394420501	1789170364	
reads/SRR8733379_1.fastq.gz	3122644082	1789319993	
reads/SRR8733379_2.fastq.gz	3557744692	1789319993	
reads/SRR8733380_1.fastq.gz	3248464644	1789319674	
reads/SRR8733380_2.fastq.gz	3734866155	1789319675	
reads/SRR8733381_1.fastq.gz	3456603900	1789320761	
reads/SRR8733381_2.fastq.gz	3833987433	1789320761	
reads/SRR8733382_1.fastq.gz	4172896010	1789379232	
reads/SRR8733382_2.fastq.gz	4606978989	1789379247	
reads/SRR8733385_1.fastq.gz	4174227217	1789319579	
reads/SRR8733385_2.fastq.gz	4511654147	1789319580	
reads/SRR8733386_1.fastq.gz	3853951529	1789319467	
reads/SRR8733386_2.fastq.gz	4220459136	1789319467	
reads/SRR8984104.fastq.gz	4365296603	1789449142	
reads/SRR8984105.fastq.gz	3445175615	1789449869	
reads/SRR8984106.fastq.gz	3559401179	1789450325	
reads/SRR8984107.fastq.gz	3071943764	1789449807	
reads/SRR8984108.fastq.gz	3169109492	1789450375	
reads/SRR8984109.fastq.gz	4278034267	1789449153	
reads/SRR8984110.fastq.gz	5536778494	1789449146	
reads/SRR8984111.fastq.gz	8234301743	1789451149	
reads/SRR8984112.fastq.gz	3783225457	1789450437	
reads/SRR8984113.fastq.gz	3528000040	1789450872	
reads/SRR8984114.fastq.gz	3681526504	1789449838	
reads/SRR8984115.fastq.gz	8109210688	1789449573	
reads/SRR8984116.fastq.gz	3766134491	1789450481	
reads/SRR8984117.fastq.gz	7849224433	1789449753	
reads/SRR8984118.fastq.gz	5450651476	1789449650	
reads/SRR8984119.fastq.gz	4010112265	1789450667	
reads/SRR8984120.fastq.gz	3549788549	1789449831	
reads/SRR8984121.fastq.gz	5010103965	1789450917	
reads/SRR8984122.fastq.gz	5086926303	1789450105	
reads/SRR8984123.fastq.gz	3002841348	1789450322	
reads/SRR8984124.fastq.gz	4659072440	1789449363	
reads/SRR8984125.fastq.gz	3512663050	1789450380	
reads/SRR8984126.fastq.gz	3771848518	1789450894	
reads/SRR9062614_1.fastq.gz	146335593	1789384032	
reads/SRR9062614_2.fastq.gz	160452867	1789384032	
reads/SRR9127599.fastq.gz	6150494294	1789243996	
reads/SRR9127601.fastq.gz	6100476508	1789243757	
reads/SRR9127602.fastq.gz	6228334816	1789243646	
reads/SRR9129829_1.fastq.gz	1613999507	1789468643	
reads/SRR9129829_2.fastq.gz	1836207085	1789468643	
reads/SRR9129869_1.fastq.gz	1643673444	1789468360	
reads/SRR9129869_2.fastq.gz	1899866228	1789468360	
reads/SRR9185093_1.fastq.gz	293442198	1789074353	
reads/SRR9185093_2.fastq.gz	295743845	1789074353	
reads/SRR9185094_1.fastq.gz	389800046	1789074049	
reads/SRR9185094_2.fastq.gz	392176495	1789074049	
reads/SRR919335_1.fastq.gz	3997850441	1789471727	
reads/SRR919335_2.fastq.gz	3982605890	1789471729	
reads/SRR9276710_1.fastq.gz	2429840776	1789406875	
reads/SRR9276710_2.fastq.gz	2593386601	1789406875	
reads/SRR9276716_1.fastq.gz	2155345335	1789406810	
reads/SRR9276716_2.fastq.gz	2295032967	1789406810	
reads/SRR9276717_1.fastq.gz	1667222832	1788847323	
reads/SRR9276717_2.fastq.gz	1779482975	1788847322	
reads/SRR9673812_1.fastq.gz	19445739	1789384071	
reads/SRR9673812_2.fastq.gz	55584729	1789384071	
reads/SRR9684517.fastq.gz	29820236549	1789181499	
reads/SRR9684521.fastq.gz	10392600429	1789181207	
reads/SRR9684522.fastq.gz	11042098205	1789178027	
reads/SRR9684524.fastq.gz	10668867578	1789180059	
reads/SRR9684529.fastq.gz	9847631658	1789180058	
reads/SRR9684530.fastq.gz	18951521143	1789182927	
reads/SRR9684535.fastq.gz	30166784670	1789179953	
reads/SRR9684539.fastq.gz	11315133105	1789178683	
reads/SRR9684540.fastq.gz	8991423570	1789180468	
reads/SRR9684543.fastq.gz	11171144527	1789179857	
reads/SRR9684552.fastq.gz	30310774036	1789179938	
reads/_ERR4315287_sra/ERR4315287/ERR4315287.sra	2914685867	1789022528	
reads/_ERR4315306_sra/ERR4315306/ERR4315306.sra	2458015641	1789022751	
reads/_ERR5696255_sra/ERR5696255/ERR5696255.sra	1425461714	1789282645	
reads/_ERR5696256_sra/ERR5696256/ERR5696256.sra	1501572027	1789282677	
reads/_ERR5696257_sra/ERR5696257/ERR5696257.sra	1272856467	1789282608	
reads/_ERR5696258_sra/ERR5696258/ERR5696258.sra	1236922007	1789282576	
reads/_ERR5696259_sra/ERR5696259/ERR5696259.sra	1310094056	1789282603	
reads/_SRR1793826_sra/SRR1793826/SRR1793826.sra	3478759613	1789460774	
reads/_SRR1793833_sra/SRR1793833/SRR1793833.sra	2444524910	1789460801	
reads/_SRR1793856_sra/SRR1793856/SRR1793856.sra	2845303274	1789460700	
reads/_SRR1793876_sra/SRR1793876/SRR1793876.sra	3882919478	1789460625	
reads/_SRR21796864_sra/SRR21796864/SRR21796864.sra	1904859065	1789460799	
reads/_SRR34026574_sra/SRR34026574/SRR34026574.sra	926916061	1789196159	
reads/_SRR34026585_sra/SRR34026585/SRR34026585.sra	919784810	1789196281	
reads/_SRR34026591_sra/SRR34026591/SRR34026591.sra	878763537	1789196143	
reads/_SRR3750709_sra/SRR3750709/SRR3750709.sra	1348452310	1789196603	
reads/_SRR3750710_sra/SRR3750710/SRR3750710.sra	1543438268	1789196330	
reads/_SRR3750724_sra/SRR3750724/SRR3750724.sra	861457545	1789196418	
reads/_SRR38293580_sra/SRR38293580/SRR38293580.sra	7007838043	1789354734	
reads/_SRR7500369_sra/SRR7500369/SRR7500369.sra	7224945864	1789354487	
reads/_SRR7500370_sra/SRR7500370/SRR7500370.sra	4161728849	1789355087	
reads/_SRR7500371_sra/SRR7500371/SRR7500371.sra	4996776333	1789355963	
reads/_SRR7500372_sra/SRR7500372/SRR7500372.sra	6248829229	1789354900	
reads/_SRR7500374_sra/SRR7500374/SRR7500374.sra	4097783784	1789356143	
reads/_SRR7500376_sra/SRR7500376/SRR7500376.sra	6565449093	1789354115	
run_list.tsv	223227	1789488101	
spots.tsv	17602923	1789358177	
verify.tsv	312302	1789364452	
verify_0.tsv	19591	1789363821	
verify_1.tsv	19537	1789364415	
verify_10.tsv	19540	1789363885	
verify_11.tsv	19423	1789364080	
verify_12.tsv	19524	1789363926	
verify_13.tsv	19495	1789363835	
verify_14.tsv	19526	1789363911	
verify_15.tsv	19483	1789363798	
verify_2.tsv	19596	1789363559	
verify_3.tsv	19539	1789363796	
verify_4.tsv	19527	1789363723	
verify_5.tsv	19515	1789363879	
verify_6.tsv	19469	1789363753	
verify_7.tsv	19534	1789364174	
verify_8.tsv	19523	1789363333	
verify_9.tsv	19480	1789364235	
