path	size_bytes	mtime_epoch	md5
kraken_reads/control/DRR001373_1.fastq.gz	42627608	1786348757	
kraken_reads/control/DRR001373_2.fastq.gz	42267324	1786348794	
kraken_reads/control/DRR014766_1.fastq.gz	44192839	1786347822	
kraken_reads/control/DRR014766_2.fastq.gz	43745370	1786347863	
kraken_reads/control/DRR031358_1.fastq.gz	37656249	1786348486	
kraken_reads/control/DRR031358_2.fastq.gz	38439199	1786348530	
kraken_reads/control/DRR031362_1.fastq.gz	39296817	1786348940	
kraken_reads/control/DRR031362_2.fastq.gz	40172054	1786348975	
kraken_reads/control/DRR031995_1.fastq.gz	34739478	1786347623	
kraken_reads/control/DRR031995_2.fastq.gz	35073476	1786347664	
kraken_reads/control/DRR087078_1.fastq.gz	35798136	1786415930	
kraken_reads/control/DRR087078_2.fastq.gz	36081571	1786415963	
kraken_reads/control/DRR1004525_1.fastq.gz	54685658	1786348631	
kraken_reads/control/DRR1004525_2.fastq.gz	54756230	1786348687	
kraken_reads/control/DRR195591.fastq.gz	21725260	1786415342	
kraken_reads/control/DRR195592.fastq.gz	21604009	1786415174	
kraken_reads/control/DRR195593.fastq.gz	21740626	1786349003	
kraken_reads/control/DRR195596.fastq.gz	21707689	1786415307	
kraken_reads/control/DRR195597.fastq.gz	21736298	1786415812	
kraken_reads/control/DRR195599.fastq.gz	21741818	1786415500	
kraken_reads/control/DRR195602.fastq.gz	21867358	1786416372	
kraken_reads/control/DRR207951.fastq.gz	25164609	1786414970	
kraken_reads/control/DRR207952.fastq.gz	25342543	1786415898	
kraken_reads/control/DRR207953.fastq.gz	24410118	1786415745	
kraken_reads/control/DRR217272_1.fastq.gz	29214351	1786417981	
kraken_reads/control/DRR217272_2.fastq.gz	31513280	1786418027	
kraken_reads/control/DRR217273_1.fastq.gz	29034434	1786416521	
kraken_reads/control/DRR217273_2.fastq.gz	31209449	1786416571	
kraken_reads/control/DRR217274_1.fastq.gz	29030045	1786418013	
kraken_reads/control/DRR217274_2.fastq.gz	31613768	1786418053	
kraken_reads/control/DRR217275_1.fastq.gz	29190756	1786418110	
kraken_reads/control/DRR217275_2.fastq.gz	31440509	1786418153	
kraken_reads/control/DRR217276_1.fastq.gz	29054291	1786418107	
kraken_reads/control/DRR217276_2.fastq.gz	31248903	1786418148	
kraken_reads/control/DRR217277_1.fastq.gz	29202689	1786418088	
kraken_reads/control/DRR217277_2.fastq.gz	31625527	1786418137	
kraken_reads/control/DRR217278_1.fastq.gz	29057089	1786417915	
kraken_reads/control/DRR217278_2.fastq.gz	31132116	1786417944	
kraken_reads/control/DRR217279_1.fastq.gz	28842650	1786418035	
kraken_reads/control/DRR217279_2.fastq.gz	31045264	1786418070	
kraken_reads/control/DRR217280_1.fastq.gz	28966762	1786417823	
kraken_reads/control/DRR217280_2.fastq.gz	31154335	1786417859	
kraken_reads/control/DRR237220_1.fastq.gz	41946466	1786348219	
kraken_reads/control/DRR237220_2.fastq.gz	45571229	1786348279	
kraken_reads/control/DRR243807_1.fastq.gz	42144481	1786347537	
kraken_reads/control/DRR243807_2.fastq.gz	43183715	1786347580	
kraken_reads/control/DRR260976_1.fastq.gz	39708991	1786348704	
kraken_reads/control/DRR260976_2.fastq.gz	40421438	1786348754	
kraken_reads/control/DRR260979_1.fastq.gz	51129110	1786347550	
kraken_reads/control/DRR260979_2.fastq.gz	57882539	1786347623	
kraken_reads/control/DRR260992_1.fastq.gz	51675795	1786348734	
kraken_reads/control/DRR260992_2.fastq.gz	58015713	1786348802	
kraken_reads/control/DRR264946.fastq.gz	20158272	1786347984	
kraken_reads/control/DRR264950.fastq.gz	20797294	1786348722	
kraken_reads/control/DRR268100.fastq.gz	16647892	1786418925	
kraken_reads/control/DRR321252_1.fastq.gz	36424273	1786348875	
kraken_reads/control/DRR321252_2.fastq.gz	36592385	1786348920	
kraken_reads/control/DRR376690_1.fastq.gz	26615960	1786348594	
kraken_reads/control/DRR376690_2.fastq.gz	31197908	1786348632	
kraken_reads/control/DRR396550.fastq.gz	17522954	1786348919	
kraken_reads/control/DRR452754_1.fastq.gz	23044540	1786348177	
kraken_reads/control/DRR452754_2.fastq.gz	23716187	1786348219	
kraken_reads/control/DRR452781_1.fastq.gz	23340540	1786414240	
kraken_reads/control/DRR452781_2.fastq.gz	23979328	1786414271	
kraken_reads/control/DRR499816_1.fastq.gz	39155500	1786347733	
kraken_reads/control/DRR499816_2.fastq.gz	42434878	1786347790	
kraken_reads/control/DRR623333_1.fastq.gz	38229411	1786416406	
kraken_reads/control/DRR623333_2.fastq.gz	44593518	1786416457	
kraken_reads/control/DRR730348_1.fastq.gz	32078282	1786348472	
kraken_reads/control/DRR730348_2.fastq.gz	32704272	1786348523	
kraken_reads/control/DRR745648_1.fastq.gz	32707980	1786419641	
kraken_reads/control/DRR745648_2.fastq.gz	33463022	1786419685	
kraken_reads/control/DRR745649_1.fastq.gz	32193525	1786419532	
kraken_reads/control/DRR745649_2.fastq.gz	33035607	1786419586	
kraken_reads/control/DRR745650_1.fastq.gz	32153814	1786418698	
kraken_reads/control/DRR745650_2.fastq.gz	33183039	1786418752	
kraken_reads/control/DRR751370_1.fastq.gz	21095905	1786347979	
kraken_reads/control/DRR751370_2.fastq.gz	21347826	1786348005	
kraken_reads/control/DRR752149_1.fastq.gz	34135222	1786348204	
kraken_reads/control/DRR752149_2.fastq.gz	34977568	1786348252	
kraken_reads/control/DRR764029_1.fastq.gz	59155678	1786416097	
kraken_reads/control/DRR764029_2.fastq.gz	62098540	1786416161	
kraken_reads/control/DRR782991_1.fastq.gz	53747957	1786415781	
kraken_reads/control/DRR782991_2.fastq.gz	52079371	1786415854	
kraken_reads/control/DRR817352_1.fastq.gz	25852668	1786415762	
kraken_reads/control/DRR817352_2.fastq.gz	35821596	1786415816	
kraken_reads/control/DRR818171_1.fastq.gz	35607792	1786414016	
kraken_reads/control/DRR828903_1.fastq.gz	262010	1786416375	
kraken_reads/control/DRR828903_2.fastq.gz	261998	1786416377	
kraken_reads/control/DRR828908_1.fastq.gz	32316845	1786415020	
kraken_reads/control/DRR842308_1.fastq.gz	34490128	1786418158	
kraken_reads/control/DRR842308_2.fastq.gz	95666	1786418160	
kraken_reads/control/DRR842316_1.fastq.gz	34246078	1786417816	
kraken_reads/control/DRR842318_1.fastq.gz	34351065	1786418108	
kraken_reads/control/DRR846286_1.fastq.gz	261993	1786419996	
kraken_reads/control/DRR846286_2.fastq.gz	26730469	1786420036	
kraken_reads/control/DRR846287_1.fastq.gz	131020	1786420170	
kraken_reads/control/DRR846287_2.fastq.gz	27361992	1786420211	
kraken_reads/control/DRR846288_1.fastq.gz	27107617	1786419589	
kraken_reads/control/DRR846288_2.fastq.gz	26653956	1786419643	
kraken_reads/control/DRR848449_1.fastq.gz	34348683	1786413979	
kraken_reads/control/DRR848449_2.fastq.gz	35216482	1786414028	
kraken_reads/control/DRR854526_1.fastq.gz	30548489	1786416311	
kraken_reads/control/DRR854526_2.fastq.gz	31111689	1786416374	
kraken_reads/control/DRR854527_1.fastq.gz	29944367	1786416248	
kraken_reads/control/DRR854527_2.fastq.gz	30127020	1786416285	
kraken_reads/control/DRR854530_1.fastq.gz	31338600	1786420501	
kraken_reads/control/DRR854530_2.fastq.gz	31659523	1786420543	
kraken_reads/control/DRR857918_1.fastq.gz	63309878	1786419748	
kraken_reads/control/DRR857918_2.fastq.gz	66023973	1786419822	
kraken_reads/control/DRR857919_1.fastq.gz	63468598	1786420529	
kraken_reads/control/DRR857919_2.fastq.gz	67270936	1786420577	
kraken_reads/control/DRR857920_1.fastq.gz	63275367	1786419764	
kraken_reads/control/DRR857920_2.fastq.gz	67136476	1786419860	
kraken_reads/control/DRR857921_1.fastq.gz	63085730	1786418816	
kraken_reads/control/DRR857921_2.fastq.gz	66529087	1786418898	
kraken_reads/control/DRR857922_1.fastq.gz	62837100	1786419505	
kraken_reads/control/DRR857922_2.fastq.gz	64585048	1786419584	
kraken_reads/control/DRR857923_1.fastq.gz	63243396	1786419611	
kraken_reads/control/DRR857923_2.fastq.gz	65418287	1786419676	
kraken_reads/control/DRR872889_1.fastq.gz	54395998	1786420090	
kraken_reads/control/DRR872889_2.fastq.gz	54393388	1786420154	
kraken_reads/control/DRR892656_1.fastq.gz	49901507	1786348009	
kraken_reads/control/DRR892656_2.fastq.gz	50359318	1786348083	
kraken_reads/control/DRR904678_1.fastq.gz	51760804	1786348507	
kraken_reads/control/DRR904678_2.fastq.gz	55202294	1786348582	
kraken_reads/control/DRR988608_1.fastq.gz	34009468	1786347634	
kraken_reads/control/DRR988608_2.fastq.gz	34204962	1786347670	
kraken_reads/control/DRR996071_1.fastq.gz	59523232	1786414159	
kraken_reads/control/DRR996071_2.fastq.gz	59623886	1786414233	
kraken_reads/control/DRR997363_1.fastq.gz	31567715	1786348136	
kraken_reads/control/DRR997363_2.fastq.gz	31108045	1786348184	
kraken_reads/control/ERR049711.fastq.gz	35402665	1786348487	
kraken_reads/control/ERR10108640_1.fastq.gz	35519414	1786416030	
kraken_reads/control/ERR10108640_2.fastq.gz	36550694	1786416086	
kraken_reads/control/ERR10496454_1.fastq.gz	31418182	1786347882	
kraken_reads/control/ERR10496454_2.fastq.gz	32358748	1786347928	
kraken_reads/control/ERR10496547_1.fastq.gz	33214196	1786410385	
kraken_reads/control/ERR10496547_2.fastq.gz	34862411	1786410402	
kraken_reads/control/ERR10887003_1.fastq.gz	38162897	1786419349	
kraken_reads/control/ERR10887003_2.fastq.gz	35587003	1786419397	
kraken_reads/control/ERR10887004_1.fastq.gz	37807272	1786418455	
kraken_reads/control/ERR10887004_2.fastq.gz	35087446	1786418514	
kraken_reads/control/ERR10926629_1.fastq.gz	35454502	1786415240	
kraken_reads/control/ERR10926629_2.fastq.gz	34474262	1786415285	
kraken_reads/control/ERR10926641_1.fastq.gz	35679820	1786420069	
kraken_reads/control/ERR10926641_2.fastq.gz	34695834	1786420119	
kraken_reads/control/ERR11650695_1.fastq.gz	36183101	1786347468	
kraken_reads/control/ERR11650695_2.fastq.gz	35892398	1786347513	
kraken_reads/control/ERR11670120_1.fastq.gz	35654674	1786347636	
kraken_reads/control/ERR11670120_2.fastq.gz	37260178	1786347677	
kraken_reads/control/ERR11678824_1.fastq.gz	40288097	1786410558	
kraken_reads/control/ERR11678824_2.fastq.gz	42385343	1786410576	
kraken_reads/control/ERR11783886_1.fastq.gz	24750433	1786416553	
kraken_reads/control/ERR11783886_2.fastq.gz	25679605	1786416593	
kraken_reads/control/ERR11783893_1.fastq.gz	24641503	1786416268	
kraken_reads/control/ERR11783893_2.fastq.gz	23888317	1786416298	
kraken_reads/control/ERR1191029_1.fastq.gz	39554549	1786347511	
kraken_reads/control/ERR1191029_2.fastq.gz	38972956	1786347562	
kraken_reads/control/ERR12252986_1.fastq.gz	38902391	1786414885	
kraken_reads/control/ERR12252986_2.fastq.gz	41842343	1786414929	
kraken_reads/control/ERR12253001_1.fastq.gz	44862163	1786415475	
kraken_reads/control/ERR12253001_2.fastq.gz	48220716	1786415539	
kraken_reads/control/ERR12405183_1.fastq.gz	28351446	1786348157	
kraken_reads/control/ERR12405183_2.fastq.gz	27809655	1786348207	
kraken_reads/control/ERR12910659_1.fastq.gz	34248683	1786348263	
kraken_reads/control/ERR12910659_2.fastq.gz	34798407	1786348315	
kraken_reads/control/ERR12910675_1.fastq.gz	35183622	1786410165	
kraken_reads/control/ERR12910675_2.fastq.gz	34279171	1786410183	
kraken_reads/control/ERR13249303_1.fastq.gz	35978198	1786410461	
kraken_reads/control/ERR13249303_2.fastq.gz	37989394	1786410479	
kraken_reads/control/ERR1346600_1.fastq.gz	32100458	1786347761	
kraken_reads/control/ERR1346600_2.fastq.gz	32399261	1786347799	
kraken_reads/control/ERR1360187_1.fastq.gz	37021672	1786418368	
kraken_reads/control/ERR1360187_2.fastq.gz	38120235	1786418420	
kraken_reads/control/ERR14155426.fastq.gz	35639590	1786347486	
kraken_reads/control/ERR14694495_1.fastq.gz	37226329	1786347888	
kraken_reads/control/ERR14694495_2.fastq.gz	37662067	1786347944	
kraken_reads/control/ERR14823246_1.fastq.gz	36925583	1786416238	
kraken_reads/control/ERR14823246_2.fastq.gz	37704663	1786416289	
kraken_reads/control/ERR15005444_1.fastq.gz	35589221	1786416542	
kraken_reads/control/ERR15005444_2.fastq.gz	37096990	1786416604	
kraken_reads/control/ERR15005445_1.fastq.gz	35788055	1786419725	
kraken_reads/control/ERR15005445_2.fastq.gz	37426205	1786419775	
kraken_reads/control/ERR15005446_1.fastq.gz	35754404	1786416298	
kraken_reads/control/ERR15005446_2.fastq.gz	37301478	1786416346	
kraken_reads/control/ERR15005448_1.fastq.gz	47410892	1786416301	
kraken_reads/control/ERR15005448_2.fastq.gz	51340208	1786416374	
kraken_reads/control/ERR15005450_1.fastq.gz	47220016	1786418971	
kraken_reads/control/ERR15005450_2.fastq.gz	51029321	1786419028	
kraken_reads/control/ERR15005453_1.fastq.gz	42680470	1786419420	
kraken_reads/control/ERR15005453_2.fastq.gz	46180164	1786419490	
kraken_reads/control/ERR15005456_1.fastq.gz	41625642	1786420071	
kraken_reads/control/ERR15005456_2.fastq.gz	44377268	1786420178	
kraken_reads/control/ERR15005457_1.fastq.gz	40935822	1786419868	
kraken_reads/control/ERR15005457_2.fastq.gz	43791101	1786419925	
kraken_reads/control/ERR15005458_1.fastq.gz	40998096	1786419266	
kraken_reads/control/ERR15005458_2.fastq.gz	43633336	1786419317	
kraken_reads/control/ERR15005459_1.fastq.gz	31354518	1786415202	
kraken_reads/control/ERR15005459_2.fastq.gz	33071306	1786415308	
kraken_reads/control/ERR15005463_1.fastq.gz	40723662	1786419997	
kraken_reads/control/ERR15005463_2.fastq.gz	43476255	1786420054	
kraken_reads/control/ERR15005464_1.fastq.gz	40863267	1786419579	
kraken_reads/control/ERR15005464_2.fastq.gz	43317166	1786419694	
kraken_reads/control/ERR15005466_1.fastq.gz	40718929	1786419767	
kraken_reads/control/ERR15005466_2.fastq.gz	43548722	1786419841	
kraken_reads/control/ERR15005468_1.fastq.gz	40662605	1786419186	
kraken_reads/control/ERR15005468_2.fastq.gz	43587003	1786419241	
kraken_reads/control/ERR15005472_1.fastq.gz	42416063	1786349001	
kraken_reads/control/ERR15005472_2.fastq.gz	45990121	1786349036	
kraken_reads/control/ERR15005474_1.fastq.gz	43077403	1786415500	
kraken_reads/control/ERR15005474_2.fastq.gz	46441404	1786415562	
kraken_reads/control/ERR15005475_1.fastq.gz	41970183	1786418996	
kraken_reads/control/ERR15005475_2.fastq.gz	45361398	1786419058	
kraken_reads/control/ERR15005476_1.fastq.gz	41546604	1786419465	
kraken_reads/control/ERR15005476_2.fastq.gz	44577322	1786419526	
kraken_reads/control/ERR15005478_1.fastq.gz	41516013	1786419840	
kraken_reads/control/ERR15005478_2.fastq.gz	43879582	1786419884	
kraken_reads/control/ERR15005481_1.fastq.gz	43652088	1786416547	
kraken_reads/control/ERR15005481_2.fastq.gz	46802474	1786416607	
kraken_reads/control/ERR15005482_1.fastq.gz	42646328	1786420188	
kraken_reads/control/ERR15005482_2.fastq.gz	45637166	1786420237	
kraken_reads/control/ERR15005488_1.fastq.gz	42989957	1786418536	
kraken_reads/control/ERR15005488_2.fastq.gz	46084617	1786418601	
kraken_reads/control/ERR15005495_1.fastq.gz	42827658	1786419281	
kraken_reads/control/ERR15005495_2.fastq.gz	45265626	1786419329	
kraken_reads/control/ERR15005498_1.fastq.gz	41858194	1786416216	
kraken_reads/control/ERR15005498_2.fastq.gz	43916958	1786416258	
kraken_reads/control/ERR15005507_1.fastq.gz	43103479	1786416327	
kraken_reads/control/ERR15005507_2.fastq.gz	45712977	1786416395	
kraken_reads/control/ERR15005515_1.fastq.gz	43688917	1786416278	
kraken_reads/control/ERR15005515_2.fastq.gz	46233329	1786416337	
kraken_reads/control/ERR15005516_1.fastq.gz	43307955	1786418976	
kraken_reads/control/ERR15005516_2.fastq.gz	45954431	1786419035	
kraken_reads/control/ERR15005523_1.fastq.gz	38396462	1786420438	
kraken_reads/control/ERR15005523_2.fastq.gz	40671665	1786420489	
kraken_reads/control/ERR15005525_1.fastq.gz	39269739	1786414983	
kraken_reads/control/ERR15005525_2.fastq.gz	41476550	1786415039	
kraken_reads/control/ERR15005529_1.fastq.gz	39231896	1786416003	
kraken_reads/control/ERR15005529_2.fastq.gz	41480762	1786416045	
kraken_reads/control/ERR15005533_1.fastq.gz	40486398	1786416062	
kraken_reads/control/ERR15005533_2.fastq.gz	43137619	1786416111	
kraken_reads/control/ERR15005534_1.fastq.gz	40772416	1786416028	
kraken_reads/control/ERR15005534_2.fastq.gz	43741705	1786416086	
kraken_reads/control/ERR15005535_1.fastq.gz	40360466	1786415749	
kraken_reads/control/ERR15005535_2.fastq.gz	42882803	1786415815	
kraken_reads/control/ERR15005538_1.fastq.gz	42780372	1786415659	
kraken_reads/control/ERR15005538_2.fastq.gz	45308439	1786415721	
kraken_reads/control/ERR15005539_1.fastq.gz	43895542	1786416620	
kraken_reads/control/ERR15005539_2.fastq.gz	46412661	1786416683	
kraken_reads/control/ERR15114477_1.fastq.gz	36372071	1786417936	
kraken_reads/control/ERR15114477_2.fastq.gz	36562427	1786418000	
kraken_reads/control/ERR15114478_1.fastq.gz	35912155	1786417927	
kraken_reads/control/ERR15114478_2.fastq.gz	36090421	1786417976	
kraken_reads/control/ERR15114480_1.fastq.gz	36219722	1786418106	
kraken_reads/control/ERR15114480_2.fastq.gz	35775482	1786418152	
kraken_reads/control/ERR15398718_1.fastq.gz	57537038	1786348184	
kraken_reads/control/ERR15398718_2.fastq.gz	62133683	1786348264	
kraken_reads/control/ERR15398720_1.fastq.gz	56098638	1786348598	
kraken_reads/control/ERR15398720_2.fastq.gz	59132055	1786348658	
kraken_reads/control/ERR15398732_1.fastq.gz	55701219	1786414225	
kraken_reads/control/ERR15398732_2.fastq.gz	59929401	1786414287	
kraken_reads/control/ERR1554631_1.fastq.gz	33134143	1786415187	
kraken_reads/control/ERR1554631_2.fastq.gz	30787753	1786415229	
kraken_reads/control/ERR1554636_1.fastq.gz	33041600	1786414951	
kraken_reads/control/ERR1554636_2.fastq.gz	30653659	1786414998	
kraken_reads/control/ERR1554638_1.fastq.gz	32736701	1786415375	
kraken_reads/control/ERR1554638_2.fastq.gz	30763443	1786415418	
kraken_reads/control/ERR1554646_1.fastq.gz	32985724	1786415104	
kraken_reads/control/ERR1554646_2.fastq.gz	30582336	1786415147	
kraken_reads/control/ERR1554649_1.fastq.gz	32796253	1786415137	
kraken_reads/control/ERR1554649_2.fastq.gz	30719694	1786415179	
kraken_reads/control/ERR1554652_1.fastq.gz	32539307	1786415461	
kraken_reads/control/ERR1554652_2.fastq.gz	31046588	1786415506	
kraken_reads/control/ERR1554656_1.fastq.gz	32389469	1786415157	
kraken_reads/control/ERR1554656_2.fastq.gz	30939027	1786415202	
kraken_reads/control/ERR1554659_1.fastq.gz	32379380	1786415469	
kraken_reads/control/ERR1554659_2.fastq.gz	31105726	1786415514	
kraken_reads/control/ERR1554663_1.fastq.gz	33360522	1786416139	
kraken_reads/control/ERR1554663_2.fastq.gz	31204977	1786416171	
kraken_reads/control/ERR15825676_1.fastq.gz	34603157	1786348306	
kraken_reads/control/ERR15825676_2.fastq.gz	35660583	1786348361	
kraken_reads/control/ERR1607749_1.fastq.gz	32660949	1786419950	
kraken_reads/control/ERR1607749_2.fastq.gz	32453025	1786419988	
kraken_reads/control/ERR1607814_1.fastq.gz	41498750	1786415224	
kraken_reads/control/ERR1607814_2.fastq.gz	46447073	1786415260	
kraken_reads/control/ERR1607830_1.fastq.gz	46479258	1786415472	
kraken_reads/control/ERR1607830_2.fastq.gz	46793137	1786415517	
kraken_reads/control/ERR16117540_1.fastq.gz	20542474	1786413993	
kraken_reads/control/ERR16117540_2.fastq.gz	23213127	1786414042	
kraken_reads/control/ERR16142445_1.fastq.gz	35633809	1786416551	
kraken_reads/control/ERR16142445_2.fastq.gz	37564803	1786416609	
kraken_reads/control/ERR16142452_1.fastq.gz	35651454	1786416325	
kraken_reads/control/ERR16142452_2.fastq.gz	36812069	1786416385	
kraken_reads/control/ERR1719106.fastq.gz	269106803	1786349002	
kraken_reads/control/ERR17369634_1.fastq.gz	69254442	1786347872	
kraken_reads/control/ERR17369634_2.fastq.gz	72867971	1786347941	
kraken_reads/control/ERR17369944_1.fastq.gz	36687444	1786417827	
kraken_reads/control/ERR17369944_2.fastq.gz	39099978	1786417879	
kraken_reads/control/ERR1743399_1.fastq.gz	35199842	1786414372	
kraken_reads/control/ERR1743399_2.fastq.gz	35608617	1786414410	
kraken_reads/control/ERR1954079_1.fastq.gz	36476969	1786417373	
kraken_reads/control/ERR1954079_2.fastq.gz	37395292	1786417423	
kraken_reads/control/ERR1954082_1.fastq.gz	36888359	1786417557	
kraken_reads/control/ERR1954082_2.fastq.gz	38911460	1786417600	
kraken_reads/control/ERR1954099_1.fastq.gz	36082014	1786418292	
kraken_reads/control/ERR1954099_2.fastq.gz	38132995	1786418325	
kraken_reads/control/ERR2003417_1.fastq.gz	21092057	1786348982	
kraken_reads/control/ERR2003417_2.fastq.gz	22478640	1786349000	
kraken_reads/control/ERR2027121_1.fastq.gz	43269334	1786416413	
kraken_reads/control/ERR2027121_2.fastq.gz	42095064	1786416461	
kraken_reads/control/ERR2027134_1.fastq.gz	43426506	1786414327	
kraken_reads/control/ERR2027134_2.fastq.gz	42570486	1786414366	
kraken_reads/control/ERR2099121_1.fastq.gz	41518161	1786416207	
kraken_reads/control/ERR2099121_2.fastq.gz	42953276	1786416246	
kraken_reads/control/ERR2099150_1.fastq.gz	34979303	1786416452	
kraken_reads/control/ERR2099150_2.fastq.gz	36944704	1786416503	
kraken_reads/control/ERR2275059.fastq.gz	31925510	1786416507	
kraken_reads/control/ERR2576977_1.fastq.gz	44331988	1786347982	
kraken_reads/control/ERR2576977_2.fastq.gz	41066153	1786348043	
kraken_reads/control/ERR2593105_1.fastq.gz	43076243	1786417725	
kraken_reads/control/ERR2593105_2.fastq.gz	46364713	1786417791	
kraken_reads/control/ERR2593106_1.fastq.gz	41734974	1786417694	
kraken_reads/control/ERR2593106_2.fastq.gz	45032932	1786417753	
kraken_reads/control/ERR2593107_1.fastq.gz	43240270	1786417767	
kraken_reads/control/ERR2593107_2.fastq.gz	46413216	1786417825	
kraken_reads/control/ERR2593108_1.fastq.gz	43550092	1786417416	
kraken_reads/control/ERR2593108_2.fastq.gz	46738994	1786417472	
kraken_reads/control/ERR2593109_1.fastq.gz	43064661	1786416964	
kraken_reads/control/ERR2593109_2.fastq.gz	46404804	1786417032	
kraken_reads/control/ERR2593110_1.fastq.gz	43779951	1786416776	
kraken_reads/control/ERR2593110_2.fastq.gz	47183313	1786416843	
kraken_reads/control/ERR2593111_1.fastq.gz	42209294	1786416728	
kraken_reads/control/ERR2593111_2.fastq.gz	45228889	1786416787	
kraken_reads/control/ERR2593112_1.fastq.gz	43619583	1786416890	
kraken_reads/control/ERR2593112_2.fastq.gz	46984638	1786416955	
kraken_reads/control/ERR2593113_1.fastq.gz	40999455	1786417419	
kraken_reads/control/ERR2593113_2.fastq.gz	43249195	1786417473	
kraken_reads/control/ERR2593114_1.fastq.gz	42561868	1786416998	
kraken_reads/control/ERR2593114_2.fastq.gz	45473036	1786417053	
kraken_reads/control/ERR2593115_1.fastq.gz	43369519	1786417180	
kraken_reads/control/ERR2593115_2.fastq.gz	46579470	1786417232	
kraken_reads/control/ERR2593116_1.fastq.gz	42287525	1786416961	
kraken_reads/control/ERR2593116_2.fastq.gz	45844058	1786417020	
kraken_reads/control/ERR2593117_1.fastq.gz	42596724	1786417293	
kraken_reads/control/ERR2593117_2.fastq.gz	45901101	1786417351	
kraken_reads/control/ERR2593118_1.fastq.gz	42182228	1786417100	
kraken_reads/control/ERR2593118_2.fastq.gz	45459035	1786417158	
kraken_reads/control/ERR2593119_1.fastq.gz	43520270	1786417600	
kraken_reads/control/ERR2593119_2.fastq.gz	46751601	1786417663	
kraken_reads/control/ERR2593120_1.fastq.gz	44077533	1786417046	
kraken_reads/control/ERR2593120_2.fastq.gz	48279331	1786417117	
kraken_reads/control/ERR2593121_1.fastq.gz	44504115	1786417701	
kraken_reads/control/ERR2593121_2.fastq.gz	48876800	1786417777	
kraken_reads/control/ERR2593122_1.fastq.gz	44060296	1786417519	
kraken_reads/control/ERR2593122_2.fastq.gz	48109111	1786417586	
kraken_reads/control/ERR2593123_1.fastq.gz	44578691	1786417666	
kraken_reads/control/ERR2593123_2.fastq.gz	49540519	1786417740	
kraken_reads/control/ERR2593125_1.fastq.gz	44457780	1786417687	
kraken_reads/control/ERR2593125_2.fastq.gz	48713868	1786417770	
kraken_reads/control/ERR2593126_1.fastq.gz	44345132	1786417064	
kraken_reads/control/ERR2593126_2.fastq.gz	48280227	1786417124	
kraken_reads/control/ERR2593127_1.fastq.gz	44425616	1786416713	
kraken_reads/control/ERR2593127_2.fastq.gz	48758887	1786416772	
kraken_reads/control/ERR2593128_1.fastq.gz	44074137	1786417035	
kraken_reads/control/ERR2593128_2.fastq.gz	48239955	1786417098	
kraken_reads/control/ERR2593129_1.fastq.gz	44260226	1786417286	
kraken_reads/control/ERR2593129_2.fastq.gz	48419379	1786417359	
kraken_reads/control/ERR2593130_1.fastq.gz	43998387	1786416770	
kraken_reads/control/ERR2593130_2.fastq.gz	48182739	1786416832	
kraken_reads/control/ERR2593131_1.fastq.gz	44395141	1786417728	
kraken_reads/control/ERR2593131_2.fastq.gz	49112725	1786417796	
kraken_reads/control/ERR2593132_1.fastq.gz	44270335	1786417112	
kraken_reads/control/ERR2593132_2.fastq.gz	47762155	1786417182	
kraken_reads/control/ERR2593133_1.fastq.gz	42601022	1786417506	
kraken_reads/control/ERR2593133_2.fastq.gz	45673946	1786417569	
kraken_reads/control/ERR2593134_1.fastq.gz	44135973	1786417569	
kraken_reads/control/ERR2593134_2.fastq.gz	47545315	1786417631	
kraken_reads/control/ERR2593135_1.fastq.gz	43783517	1786416835	
kraken_reads/control/ERR2593135_2.fastq.gz	47212583	1786416889	
kraken_reads/control/ERR2593136_1.fastq.gz	44131648	1786417448	
kraken_reads/control/ERR2593136_2.fastq.gz	47361681	1786417508	
kraken_reads/control/ERR2593137_1.fastq.gz	44523227	1786417445	
kraken_reads/control/ERR2593137_2.fastq.gz	47820269	1786417507	
kraken_reads/control/ERR2593138_1.fastq.gz	43709247	1786416964	
kraken_reads/control/ERR2593138_2.fastq.gz	47536840	1786417025	
kraken_reads/control/ERR2593139_1.fastq.gz	44668567	1786417258	
kraken_reads/control/ERR2593139_2.fastq.gz	48628289	1786417316	
kraken_reads/control/ERR2593140_1.fastq.gz	44368480	1786417013	
kraken_reads/control/ERR2593140_2.fastq.gz	47978726	1786417069	
kraken_reads/control/ERR2593141_1.fastq.gz	43600325	1786417036	
kraken_reads/control/ERR2593141_2.fastq.gz	46889718	1786417103	
kraken_reads/control/ERR2593142_1.fastq.gz	43896654	1786416674	
kraken_reads/control/ERR2593142_2.fastq.gz	47105804	1786416738	
kraken_reads/control/ERR2593143_1.fastq.gz	43444982	1786417326	
kraken_reads/control/ERR2593143_2.fastq.gz	46724028	1786417388	
kraken_reads/control/ERR2710111_1.fastq.gz	43432304	1786348853	
kraken_reads/control/ERR2710111_2.fastq.gz	42862017	1786348902	
kraken_reads/control/ERR2945649.fastq.gz	17061529	1786414581	
kraken_reads/control/ERR3170180_1.fastq.gz	42224970	1786419098	
kraken_reads/control/ERR3170180_2.fastq.gz	47034918	1786419184	
kraken_reads/control/ERR3170181_1.fastq.gz	40405592	1786417434	
kraken_reads/control/ERR3170181_2.fastq.gz	45397150	1786417490	
kraken_reads/control/ERR3170202_1.fastq.gz	40489042	1786420262	
kraken_reads/control/ERR3170202_2.fastq.gz	45283273	1786420328	
kraken_reads/control/ERR3170205_1.fastq.gz	40233115	1786420194	
kraken_reads/control/ERR3170205_2.fastq.gz	44974097	1786420254	
kraken_reads/control/ERR3170207_1.fastq.gz	48433397	1786420502	
kraken_reads/control/ERR3170207_2.fastq.gz	53068672	1786420552	
kraken_reads/control/ERR3170237_1.fastq.gz	43528426	1786418346	
kraken_reads/control/ERR3170237_2.fastq.gz	43348486	1786418396	
kraken_reads/control/ERR3170238_1.fastq.gz	43259240	1786416889	
kraken_reads/control/ERR3170238_2.fastq.gz	43112994	1786416930	
kraken_reads/control/ERR3170255_1.fastq.gz	42671738	1786418186	
kraken_reads/control/ERR3170255_2.fastq.gz	42544187	1786418235	
kraken_reads/control/ERR3170256_1.fastq.gz	42172206	1786419064	
kraken_reads/control/ERR3170256_2.fastq.gz	41740279	1786419104	
kraken_reads/control/ERR3170261_1.fastq.gz	44140845	1786419212	
kraken_reads/control/ERR3170261_2.fastq.gz	42999464	1786419256	
kraken_reads/control/ERR3170264_1.fastq.gz	44711298	1786418177	
kraken_reads/control/ERR3170264_2.fastq.gz	43585211	1786418225	
kraken_reads/control/ERR3188450_1.fastq.gz	39188984	1786418534	
kraken_reads/control/ERR3188450_2.fastq.gz	41576941	1786418585	
kraken_reads/control/ERR3188466_1.fastq.gz	38404877	1786419408	
kraken_reads/control/ERR3188466_2.fastq.gz	40967615	1786419466	
kraken_reads/control/ERR3188475_1.fastq.gz	38914956	1786418569	
kraken_reads/control/ERR3188475_2.fastq.gz	41055697	1786418624	
kraken_reads/control/ERR3500540_1.fastq.gz	46728413	1786418924	
kraken_reads/control/ERR3500540_2.fastq.gz	47080049	1786418997	
kraken_reads/control/ERR3500541_1.fastq.gz	46799356	1786418656	
kraken_reads/control/ERR3500541_2.fastq.gz	47058828	1786418719	
kraken_reads/control/ERR3500542_1.fastq.gz	45611566	1786418647	
kraken_reads/control/ERR3500542_2.fastq.gz	46413168	1786418717	
kraken_reads/control/ERR3500543_1.fastq.gz	47879069	1786420388	
kraken_reads/control/ERR3500543_2.fastq.gz	48870580	1786420442	
kraken_reads/control/ERR3500544_1.fastq.gz	48545742	1786419964	
kraken_reads/control/ERR3500544_2.fastq.gz	48879080	1786420027	
kraken_reads/control/ERR3500545_1.fastq.gz	47652435	1786419405	
kraken_reads/control/ERR3500545_2.fastq.gz	47928191	1786419472	
kraken_reads/control/ERR3500546_1.fastq.gz	46845005	1786420443	
kraken_reads/control/ERR3500546_2.fastq.gz	47534112	1786420513	
kraken_reads/control/ERR3500547_1.fastq.gz	47406528	1786419754	
kraken_reads/control/ERR3500547_2.fastq.gz	48583976	1786419819	
kraken_reads/control/ERR3500548_1.fastq.gz	48009733	1786419708	
kraken_reads/control/ERR3500548_2.fastq.gz	48519506	1786419775	
kraken_reads/control/ERR3500551_1.fastq.gz	47049523	1786419966	
kraken_reads/control/ERR3500551_2.fastq.gz	48183379	1786420031	
kraken_reads/control/ERR3500552_1.fastq.gz	47598238	1786420034	
kraken_reads/control/ERR3500552_2.fastq.gz	48069490	1786420107	
kraken_reads/control/ERR3500553_1.fastq.gz	46619925	1786420106	
kraken_reads/control/ERR3500553_2.fastq.gz	47052775	1786420175	
kraken_reads/control/ERR3500554_1.fastq.gz	45977980	1786420122	
kraken_reads/control/ERR3500554_2.fastq.gz	46780644	1786420177	
kraken_reads/control/ERR3500557_1.fastq.gz	44694412	1786420037	
kraken_reads/control/ERR3500557_2.fastq.gz	45577006	1786420108	
kraken_reads/control/ERR3627220_1.fastq.gz	40937604	1786349004	
kraken_reads/control/ERR3627220_2.fastq.gz	46237679	1786349038	
kraken_reads/control/ERR3856813_1.fastq.gz	43929800	1786418853	
kraken_reads/control/ERR3856813_2.fastq.gz	44820073	1786418899	
kraken_reads/control/ERR3856814_1.fastq.gz	42339230	1786420379	
kraken_reads/control/ERR3856814_2.fastq.gz	42876479	1786420412	
kraken_reads/control/ERR3856821_1.fastq.gz	42314989	1786420488	
kraken_reads/control/ERR3856821_2.fastq.gz	42307294	1786420530	
kraken_reads/control/ERR3856823_1.fastq.gz	42150851	1786420379	
kraken_reads/control/ERR3856823_2.fastq.gz	42352524	1786420423	
kraken_reads/control/ERR3856824_1.fastq.gz	43024548	1786418858	
kraken_reads/control/ERR3856824_2.fastq.gz	43616620	1786418898	
kraken_reads/control/ERR3856832_1.fastq.gz	41012388	1786419281	
kraken_reads/control/ERR3856832_2.fastq.gz	41484226	1786419325	
kraken_reads/control/ERR3856833_1.fastq.gz	45610104	1786420247	
kraken_reads/control/ERR3856833_2.fastq.gz	45522566	1786420299	
kraken_reads/control/ERR3856836_1.fastq.gz	46561701	1786418636	
kraken_reads/control/ERR3856836_2.fastq.gz	46891558	1786418678	
kraken_reads/control/ERR3856838_1.fastq.gz	45357462	1786420374	
kraken_reads/control/ERR3856838_2.fastq.gz	45519418	1786420420	
kraken_reads/control/ERR3856843_1.fastq.gz	42909971	1786419550	
kraken_reads/control/ERR3856843_2.fastq.gz	43134903	1786419603	
kraken_reads/control/ERR392403_1.fastq.gz	38109884	1786418655	
kraken_reads/control/ERR392403_2.fastq.gz	46848366	1786418698	
kraken_reads/control/ERR392404_1.fastq.gz	43855677	1786418498	
kraken_reads/control/ERR392404_2.fastq.gz	40060113	1786418543	
kraken_reads/control/ERR392405_1.fastq.gz	39380687	1786420354	
kraken_reads/control/ERR392405_2.fastq.gz	46074525	1786420399	
kraken_reads/control/ERR392406_1.fastq.gz	43222498	1786419759	
kraken_reads/control/ERR392406_2.fastq.gz	39223316	1786419817	
kraken_reads/control/ERR392407_1.fastq.gz	39902624	1786419441	
kraken_reads/control/ERR392407_2.fastq.gz	46001254	1786419474	
kraken_reads/control/ERR392408_1.fastq.gz	43450547	1786419829	
kraken_reads/control/ERR392408_2.fastq.gz	39055259	1786419865	
kraken_reads/control/ERR392409_1.fastq.gz	38635905	1786419429	
kraken_reads/control/ERR392409_2.fastq.gz	46258517	1786419478	
kraken_reads/control/ERR392410_1.fastq.gz	43525569	1786418539	
kraken_reads/control/ERR392410_2.fastq.gz	38953509	1786418583	
kraken_reads/control/ERR3971858_1.fastq.gz	35335653	1786416315	
kraken_reads/control/ERR3971858_2.fastq.gz	35897402	1786416362	
kraken_reads/control/ERR3988226_1.fastq.gz	26510840	1786347467	
kraken_reads/control/ERR3988226_2.fastq.gz	29624567	1786347508	
kraken_reads/control/ERR4315153_1.fastq.gz	46516612	1786416963	
kraken_reads/control/ERR4315153_2.fastq.gz	44294725	1786417009	
kraken_reads/control/ERR4315160_1.fastq.gz	45836180	1786417374	
kraken_reads/control/ERR4315160_2.fastq.gz	43530599	1786417419	
kraken_reads/control/ERR4315171_1.fastq.gz	41487414	1786417695	
kraken_reads/control/ERR4315171_2.fastq.gz	39531703	1786417743	
kraken_reads/control/ERR4315191_1.fastq.gz	43955801	1786418305	
kraken_reads/control/ERR4315191_2.fastq.gz	44817577	1786418345	
kraken_reads/control/ERR4315212_1.fastq.gz	42068342	1786418205	
kraken_reads/control/ERR4315212_2.fastq.gz	41922394	1786418245	
kraken_reads/control/ERR4315214_1.fastq.gz	40284537	1786418310	
kraken_reads/control/ERR4315214_2.fastq.gz	41624547	1786418351	
kraken_reads/control/ERR4315216_1.fastq.gz	40121607	1786417339	
kraken_reads/control/ERR4315216_2.fastq.gz	39930683	1786417382	
kraken_reads/control/ERR4315222_1.fastq.gz	41797391	1786417727	
kraken_reads/control/ERR4315222_2.fastq.gz	42985282	1786417779	
kraken_reads/control/ERR4315226_1.fastq.gz	43607186	1786417521	
kraken_reads/control/ERR4315226_2.fastq.gz	43341263	1786417568	
kraken_reads/control/ERR4315231_1.fastq.gz	43001444	1786418273	
kraken_reads/control/ERR4315231_2.fastq.gz	43138194	1786418310	
kraken_reads/control/ERR4315242_1.fastq.gz	42685746	1786418235	
kraken_reads/control/ERR4315242_2.fastq.gz	42375459	1786418282	
kraken_reads/control/ERR4315244_1.fastq.gz	45169910	1786418352	
kraken_reads/control/ERR4315244_2.fastq.gz	45044768	1786418404	
kraken_reads/control/ERR4315260_1.fastq.gz	30407900	1786417288	
kraken_reads/control/ERR4315260_2.fastq.gz	30448012	1786417331	
kraken_reads/control/ERR4315261_1.fastq.gz	31055512	1786418301	
kraken_reads/control/ERR4315261_2.fastq.gz	31199802	1786418342	
kraken_reads/control/ERR4315266_1.fastq.gz	34636799	1786419620	
kraken_reads/control/ERR4315266_2.fastq.gz	35719064	1786419666	
kraken_reads/control/ERR4315277_1.fastq.gz	42072459	1786418399	
kraken_reads/control/ERR4315277_2.fastq.gz	43812048	1786418452	
kraken_reads/control/ERR4315278_1.fastq.gz	36532968	1786416792	
kraken_reads/control/ERR4315278_2.fastq.gz	37807930	1786416844	
kraken_reads/control/ERR4315280_1.fastq.gz	46838555	1786418300	
kraken_reads/control/ERR4315280_2.fastq.gz	44548497	1786418334	
kraken_reads/control/ERR4315288_1.fastq.gz	47938370	1786416752	
kraken_reads/control/ERR4315288_2.fastq.gz	45425613	1786416805	
kraken_reads/control/ERR4315291_1.fastq.gz	47452892	1786418243	
kraken_reads/control/ERR4315291_2.fastq.gz	45095712	1786418290	
kraken_reads/control/ERR4315299_1.fastq.gz	45867476	1786417114	
kraken_reads/control/ERR4315299_2.fastq.gz	43470009	1786417157	
kraken_reads/control/ERR4315300_1.fastq.gz	45838763	1786418364	
kraken_reads/control/ERR4315300_2.fastq.gz	43420021	1786418406	
kraken_reads/control/ERR4315308_1.fastq.gz	42689281	1786418255	
kraken_reads/control/ERR4315308_2.fastq.gz	47109409	1786418303	
kraken_reads/control/ERR4315329_1.fastq.gz	43070356	1786418185	
kraken_reads/control/ERR4315329_2.fastq.gz	48594943	1786418255	
kraken_reads/control/ERR4315333_1.fastq.gz	40299253	1786418357	
kraken_reads/control/ERR4315333_2.fastq.gz	39348450	1786418401	
kraken_reads/control/ERR4315334_1.fastq.gz	41789783	1786417746	
kraken_reads/control/ERR4315334_2.fastq.gz	40921401	1786417784	
kraken_reads/control/ERR4315336_1.fastq.gz	41266275	1786416698	
kraken_reads/control/ERR4315336_2.fastq.gz	39223020	1786416748	
kraken_reads/control/ERR4315339_1.fastq.gz	47462306	1786417581	
kraken_reads/control/ERR4315339_2.fastq.gz	52382209	1786417640	
kraken_reads/control/ERR4315360_1.fastq.gz	43275022	1786418383	
kraken_reads/control/ERR4315360_2.fastq.gz	48196642	1786418444	
kraken_reads/control/ERR4315361_1.fastq.gz	42994444	1786418319	
kraken_reads/control/ERR4315361_2.fastq.gz	48379334	1786418384	
kraken_reads/control/ERR4315379_1.fastq.gz	42756246	1786418248	
kraken_reads/control/ERR4315379_2.fastq.gz	47766666	1786418309	
kraken_reads/control/ERR4315391_1.fastq.gz	42276336	1786417012	
kraken_reads/control/ERR4315391_2.fastq.gz	46427096	1786417066	
kraken_reads/control/ERR4315400_1.fastq.gz	44472544	1786418312	
kraken_reads/control/ERR4315400_2.fastq.gz	43762819	1786418363	
kraken_reads/control/ERR4315405_1.fastq.gz	43571294	1786417490	
kraken_reads/control/ERR4315405_2.fastq.gz	43287140	1786417537	
kraken_reads/control/ERR4315407_1.fastq.gz	40779959	1786417134	
kraken_reads/control/ERR4315407_2.fastq.gz	44843328	1786417201	
kraken_reads/control/ERR4315410_1.fastq.gz	41188109	1786417073	
kraken_reads/control/ERR4315410_2.fastq.gz	45349229	1786417132	
kraken_reads/control/ERR4315422_1.fastq.gz	42110406	1786417098	
kraken_reads/control/ERR4315422_2.fastq.gz	46543445	1786417157	
kraken_reads/control/ERR4315430_1.fastq.gz	40872540	1786417104	
kraken_reads/control/ERR4315430_2.fastq.gz	44935855	1786417166	
kraken_reads/control/ERR4315443_1.fastq.gz	42413122	1786418239	
kraken_reads/control/ERR4315443_2.fastq.gz	42600922	1786418290	
kraken_reads/control/ERR4315458_1.fastq.gz	43826708	1786416897	
kraken_reads/control/ERR4315458_2.fastq.gz	43831106	1786416941	
kraken_reads/control/ERR4315469_1.fastq.gz	43236693	1786418408	
kraken_reads/control/ERR4315469_2.fastq.gz	46218831	1786418469	
kraken_reads/control/ERR4315482_1.fastq.gz	41771041	1786416669	
kraken_reads/control/ERR4315482_2.fastq.gz	40762069	1786416709	
kraken_reads/control/ERR4315488_1.fastq.gz	42148090	1786417551	
kraken_reads/control/ERR4315488_2.fastq.gz	41415735	1786417600	
kraken_reads/control/ERR4315496_1.fastq.gz	42330150	1786417678	
kraken_reads/control/ERR4315496_2.fastq.gz	42065053	1786417719	
kraken_reads/control/ERR4315500_1.fastq.gz	42618657	1786417415	
kraken_reads/control/ERR4315500_2.fastq.gz	42158988	1786417458	
kraken_reads/control/ERR4315522_1.fastq.gz	45278425	1786418173	
kraken_reads/control/ERR4315522_2.fastq.gz	45354045	1786418211	
kraken_reads/control/ERR4315525_1.fastq.gz	39909855	1786418359	
kraken_reads/control/ERR4315525_2.fastq.gz	41152633	1786418410	
kraken_reads/control/ERR4315526_1.fastq.gz	44412966	1786418301	
kraken_reads/control/ERR4315526_2.fastq.gz	43967981	1786418340	
kraken_reads/control/ERR4315535_1.fastq.gz	39456784	1786417366	
kraken_reads/control/ERR4315535_2.fastq.gz	37754375	1786417415	
kraken_reads/control/ERR4315537_1.fastq.gz	42567664	1786418451	
kraken_reads/control/ERR4315537_2.fastq.gz	46441528	1786418515	
kraken_reads/control/ERR4315540_1.fastq.gz	44116441	1786420485	
kraken_reads/control/ERR4315540_2.fastq.gz	43179130	1786420531	
kraken_reads/control/ERR4315542_1.fastq.gz	44066145	1786418370	
kraken_reads/control/ERR4315542_2.fastq.gz	48334716	1786418436	
kraken_reads/control/ERR4315549_1.fastq.gz	46433538	1786418449	
kraken_reads/control/ERR4315549_2.fastq.gz	46935955	1786418496	
kraken_reads/control/ERR4315570_1.fastq.gz	48607790	1786416951	
kraken_reads/control/ERR4315570_2.fastq.gz	46284914	1786416987	
kraken_reads/control/ERR4315573_1.fastq.gz	48344415	1786418440	
kraken_reads/control/ERR4315573_2.fastq.gz	46044049	1786418487	
kraken_reads/control/ERR4315576_1.fastq.gz	48722554	1786418830	
kraken_reads/control/ERR4315576_2.fastq.gz	46285750	1786418885	
kraken_reads/control/ERR4315586_1.fastq.gz	44303297	1786418231	
kraken_reads/control/ERR4315586_2.fastq.gz	49880155	1786418291	
kraken_reads/control/ERR4315597_1.fastq.gz	40341872	1786417209	
kraken_reads/control/ERR4315597_2.fastq.gz	44690296	1786417261	
kraken_reads/control/ERR4315610_1.fastq.gz	34985864	1786418242	
kraken_reads/control/ERR4315610_2.fastq.gz	36470015	1786418289	
kraken_reads/control/ERR4315613_1.fastq.gz	34744109	1786418449	
kraken_reads/control/ERR4315613_2.fastq.gz	36071594	1786418510	
kraken_reads/control/ERR4315642_1.fastq.gz	42657926	1786417584	
kraken_reads/control/ERR4315642_2.fastq.gz	42385219	1786417630	
kraken_reads/control/ERR4315645_1.fastq.gz	42984203	1786416880	
kraken_reads/control/ERR4315645_2.fastq.gz	42748833	1786416921	
kraken_reads/control/ERR4315658_1.fastq.gz	43757350	1786418172	
kraken_reads/control/ERR4315658_2.fastq.gz	43423243	1786418206	
kraken_reads/control/ERR4315659_1.fastq.gz	44751016	1786417560	
kraken_reads/control/ERR4315659_2.fastq.gz	44408023	1786417609	
kraken_reads/control/ERR4315676_1.fastq.gz	31379001	1786418242	
kraken_reads/control/ERR4315676_2.fastq.gz	32358645	1786418277	
kraken_reads/control/ERR4315679_1.fastq.gz	31316460	1786416666	
kraken_reads/control/ERR4315679_2.fastq.gz	33353638	1786416707	
kraken_reads/control/ERR4329530_1.fastq.gz	41462185	1786416129	
kraken_reads/control/ERR4329530_2.fastq.gz	39820507	1786416167	
kraken_reads/control/ERR4329537_1.fastq.gz	42528210	1786416146	
kraken_reads/control/ERR4329537_2.fastq.gz	41471867	1786416190	
kraken_reads/control/ERR4329539_1.fastq.gz	40302429	1786416440	
kraken_reads/control/ERR4329539_2.fastq.gz	40041316	1786416492	
kraken_reads/control/ERR4329540_1.fastq.gz	41956533	1786416234	
kraken_reads/control/ERR4329540_2.fastq.gz	41090491	1786416274	
kraken_reads/control/ERR4329544_1.fastq.gz	43464337	1786414849	
kraken_reads/control/ERR4329544_2.fastq.gz	42470010	1786414889	
kraken_reads/control/ERR4352131_1.fastq.gz	47957508	1786415698	
kraken_reads/control/ERR4352131_2.fastq.gz	48303858	1786415754	
kraken_reads/control/ERR4761817_1.fastq.gz	46824271	1786418409	
kraken_reads/control/ERR4761817_2.fastq.gz	44425430	1786418451	
kraken_reads/control/ERR4761821_1.fastq.gz	45518489	1786418224	
kraken_reads/control/ERR4761821_2.fastq.gz	45426505	1786418271	
kraken_reads/control/ERR4801919_1.fastq.gz	40755319	1786414208	
kraken_reads/control/ERR4801919_2.fastq.gz	42138580	1786414268	
kraken_reads/control/ERR5730243_1.fastq.gz	38779331	1786348485	
kraken_reads/control/ERR5730243_2.fastq.gz	45683344	1786348537	
kraken_reads/control/ERR5775462_1.fastq.gz	35459474	1786414617	
kraken_reads/control/ERR5775462_2.fastq.gz	36844371	1786414675	
kraken_reads/control/ERR5875670_1.fastq.gz	42115576	1786416205	
kraken_reads/control/ERR5875670_2.fastq.gz	39308575	1786416241	
kraken_reads/control/ERR5875672_1.fastq.gz	41568169	1786416543	
kraken_reads/control/ERR5875672_2.fastq.gz	39584514	1786416589	
kraken_reads/control/ERR5917652_1.fastq.gz	30852907	1786414420	
kraken_reads/control/ERR5917652_2.fastq.gz	33348597	1786414474	
kraken_reads/control/ERR5928154_1.fastq.gz	37794135	1786415772	
kraken_reads/control/ERR5928154_2.fastq.gz	38690632	1786415821	
kraken_reads/control/ERR5928163_1.fastq.gz	37380336	1786415718	
kraken_reads/control/ERR5928163_2.fastq.gz	38206861	1786415761	
kraken_reads/control/ERR5928169_1.fastq.gz	36918411	1786416221	
kraken_reads/control/ERR5928169_2.fastq.gz	38215273	1786416253	
kraken_reads/control/ERR5928176_1.fastq.gz	38221386	1786415489	
kraken_reads/control/ERR5928176_2.fastq.gz	38977916	1786415535	
kraken_reads/control/ERR5928221_1.fastq.gz	39869532	1786415379	
kraken_reads/control/ERR5928221_2.fastq.gz	38564023	1786415420	
kraken_reads/control/ERR5960062_1.fastq.gz	31058997	1786418853	
kraken_reads/control/ERR5960062_2.fastq.gz	31757842	1786418894	
kraken_reads/control/ERR5960064_1.fastq.gz	32200882	1786418893	
kraken_reads/control/ERR5960064_2.fastq.gz	32963255	1786418946	
kraken_reads/control/ERR5960065_1.fastq.gz	32199138	1786419351	
kraken_reads/control/ERR5960065_2.fastq.gz	32953468	1786419410	
kraken_reads/control/ERR5960068_1.fastq.gz	32679202	1786420180	
kraken_reads/control/ERR5960068_2.fastq.gz	33395114	1786420221	
kraken_reads/control/ERR5960069_1.fastq.gz	32202253	1786418945	
kraken_reads/control/ERR5960069_2.fastq.gz	32733074	1786418997	
kraken_reads/control/ERR5960071_1.fastq.gz	32051802	1786419550	
kraken_reads/control/ERR5960071_2.fastq.gz	32802986	1786419603	
kraken_reads/control/ERR5960073_1.fastq.gz	32172553	1786418608	
kraken_reads/control/ERR5960073_2.fastq.gz	32974177	1786418658	
kraken_reads/control/ERR5960076_1.fastq.gz	32138296	1786420437	
kraken_reads/control/ERR5960076_2.fastq.gz	33047276	1786420488	
kraken_reads/control/ERR5960077_1.fastq.gz	32492244	1786418527	
kraken_reads/control/ERR5960077_2.fastq.gz	33452284	1786418581	
kraken_reads/control/ERR5960082_1.fastq.gz	32527536	1786420004	
kraken_reads/control/ERR5960082_2.fastq.gz	33453544	1786420060	
kraken_reads/control/ERR5960086_1.fastq.gz	32141425	1786420293	
kraken_reads/control/ERR5960086_2.fastq.gz	32760125	1786420345	
kraken_reads/control/ERR6065775_1.fastq.gz	36232534	1786414412	
kraken_reads/control/ERR6065775_2.fastq.gz	39959714	1786414475	
kraken_reads/control/ERR6065777_1.fastq.gz	36132623	1786414379	
kraken_reads/control/ERR6065777_2.fastq.gz	40278308	1786414432	
kraken_reads/control/ERR6212305_1.fastq.gz	32515140	1786348389	
kraken_reads/control/ERR6212305_2.fastq.gz	32967199	1786348420	
kraken_reads/control/ERR6212347_1.fastq.gz	32459951	1786347973	
kraken_reads/control/ERR6212347_2.fastq.gz	32565019	1786348014	
kraken_reads/control/ERR6335672_1.fastq.gz	34869212	1786415647	
kraken_reads/control/ERR6335672_2.fastq.gz	35957345	1786415704	
kraken_reads/control/ERR6335680_1.fastq.gz	36055843	1786415264	
kraken_reads/control/ERR6335680_2.fastq.gz	37035703	1786415313	
kraken_reads/control/ERR6335681_1.fastq.gz	36091860	1786415018	
kraken_reads/control/ERR6335681_2.fastq.gz	37223048	1786415069	
kraken_reads/control/ERR6335683_1.fastq.gz	34941711	1786414995	
kraken_reads/control/ERR6335683_2.fastq.gz	35966631	1786415057	
kraken_reads/control/ERR6727605_1.fastq.gz	24262802	1786414301	
kraken_reads/control/ERR6727605_2.fastq.gz	24722983	1786414342	
kraken_reads/control/ERR6842686_1.fastq.gz	41951063	1786414980	
kraken_reads/control/ERR6842686_2.fastq.gz	41684091	1786415027	
kraken_reads/control/ERR6842694_1.fastq.gz	39046051	1786415918	
kraken_reads/control/ERR6842694_2.fastq.gz	38576286	1786415955	
kraken_reads/control/ERR6842695_1.fastq.gz	40307996	1786417996	
kraken_reads/control/ERR6842695_2.fastq.gz	40087970	1786418044	
kraken_reads/control/ERR6842714_1.fastq.gz	39245480	1786418096	
kraken_reads/control/ERR6842714_2.fastq.gz	39748560	1786418145	
kraken_reads/control/ERR6842717_1.fastq.gz	43118026	1786418151	
kraken_reads/control/ERR6842717_2.fastq.gz	41966838	1786418183	
kraken_reads/control/ERR6842718_1.fastq.gz	41921696	1786418098	
kraken_reads/control/ERR6842718_2.fastq.gz	42105357	1786418150	
kraken_reads/control/ERR7421522.fastq.gz	22348134	1786417539	
kraken_reads/control/ERR7421524.fastq.gz	23430737	1786416729	
kraken_reads/control/ERR7421525.fastq.gz	22174719	1786416765	
kraken_reads/control/ERR7421526.fastq.gz	22214245	1786416864	
kraken_reads/control/ERR7421527.fastq.gz	23292825	1786416931	
kraken_reads/control/ERR7421528.fastq.gz	22114260	1786417004	
kraken_reads/control/ERR7421529.fastq.gz	22230508	1786417318	
kraken_reads/control/ERR7421530.fastq.gz	22210824	1786417511	
kraken_reads/control/ERR7421531.fastq.gz	22281482	1786417617	
kraken_reads/control/ERR7421532.fastq.gz	22183457	1786416792	
kraken_reads/control/ERR7421533.fastq.gz	23508720	1786416831	
kraken_reads/control/ERR7421534.fastq.gz	22106357	1786417070	
kraken_reads/control/ERR7421535.fastq.gz	23743664	1786417418	
kraken_reads/control/ERR7421537.fastq.gz	23633615	1786418244	
kraken_reads/control/ERR7421538.fastq.gz	22312808	1786417498	
kraken_reads/control/ERR7421539.fastq.gz	22142671	1786417084	
kraken_reads/control/ERR7421540.fastq.gz	22054118	1786417002	
kraken_reads/control/ERR7421541.fastq.gz	23595200	1786417638	
kraken_reads/control/ERR7421542.fastq.gz	22322929	1786416869	
kraken_reads/control/ERR7421543.fastq.gz	23786332	1786417394	
kraken_reads/control/ERR7421544.fastq.gz	22233506	1786417203	
kraken_reads/control/ERR7421545.fastq.gz	22319426	1786416950	
kraken_reads/control/ERR7421546.fastq.gz	22268178	1786417472	
kraken_reads/control/ERR7421547.fastq.gz	22076263	1786417087	
kraken_reads/control/ERR7421548.fastq.gz	22351385	1786417153	
kraken_reads/control/ERR7421550.fastq.gz	22027887	1786417634	
kraken_reads/control/ERR768567.fastq.gz	24220895	1786410263	
kraken_reads/control/ERR789109.fastq.gz	42477633	1786415205	
kraken_reads/control/ERR789380.fastq.gz	37172598	1786416115	
kraken_reads/control/ERR8048658_1.fastq.gz	21642406	1786347486	
kraken_reads/control/ERR8048658_2.fastq.gz	23777256	1786347506	
kraken_reads/control/ERR8048705_1.fastq.gz	19702139	1786347813	
kraken_reads/control/ERR8048705_2.fastq.gz	22466422	1786347834	
kraken_reads/control/ERR9040449.fastq.gz	40358762	1786348014	
kraken_reads/control/ERR9827867_1.fastq.gz	20340117	1786410151	
kraken_reads/control/ERR9827867_2.fastq.gz	22008843	1786410161	
kraken_reads/control/ERR9827876_1.fastq.gz	21293276	1786348570	
kraken_reads/control/ERR9827876_2.fastq.gz	20352056	1786348597	
kraken_reads/control/ERR9860268_1.fastq.gz	44512039	1786415747	
kraken_reads/control/ERR9860268_2.fastq.gz	47942755	1786415810	
kraken_reads/control/ERR9901801_1.fastq.gz	84217489	1786347972	
kraken_reads/control/ERR9901801_2.fastq.gz	96847196	1786348090	
kraken_reads/control/SRR081553_1.fastq.gz	31407434	1786414306	
kraken_reads/control/SRR081553_2.fastq.gz	30855905	1786414345	
kraken_reads/control/SRR10005149_1.fastq.gz	40466506	1786347503	
kraken_reads/control/SRR10005149_2.fastq.gz	46558408	1786347570	
kraken_reads/control/SRR10034003_1.fastq.gz	19968958	1786418679	
kraken_reads/control/SRR10034003_2.fastq.gz	20717301	1786418711	
kraken_reads/control/SRR10053811_1.fastq.gz	35033940	1786415374	
kraken_reads/control/SRR10053811_2.fastq.gz	36530368	1786415429	
kraken_reads/control/SRR10053817_1.fastq.gz	35259729	1786414941	
kraken_reads/control/SRR10053817_2.fastq.gz	37025631	1786415001	
kraken_reads/control/SRR10053822_1.fastq.gz	35116169	1786415001	
kraken_reads/control/SRR10053822_2.fastq.gz	37399181	1786415058	
kraken_reads/control/SRR10123445_1.fastq.gz	19987816	1786414309	
kraken_reads/control/SRR10123445_2.fastq.gz	21262696	1786414333	
kraken_reads/control/SRR10130105_1.fastq.gz	73314394	1786415513	
kraken_reads/control/SRR10130105_2.fastq.gz	86718907	1786415599	
kraken_reads/control/SRR10130108_1.fastq.gz	68229786	1786415846	
kraken_reads/control/SRR10130108_2.fastq.gz	84535184	1786415942	
kraken_reads/control/SRR10134991_1.fastq.gz	27308064	1786414082	
kraken_reads/control/SRR10134991_2.fastq.gz	28520619	1786414106	
kraken_reads/control/SRR10135071_1.fastq.gz	27163687	1786347910	
kraken_reads/control/SRR10135071_2.fastq.gz	28663946	1786347934	
kraken_reads/control/SRR10135072_1.fastq.gz	29603489	1786348486	
kraken_reads/control/SRR10135072_2.fastq.gz	30709749	1786348514	
kraken_reads/control/SRR10135427_1.fastq.gz	30840952	1786410466	
kraken_reads/control/SRR10135427_2.fastq.gz	31658456	1786410473	
kraken_reads/control/SRR10135437_1.fastq.gz	28941486	1786347913	
kraken_reads/control/SRR10135437_2.fastq.gz	30031895	1786347938	
kraken_reads/control/SRR10153127_1.fastq.gz	43767659	1786348666	
kraken_reads/control/SRR10153127_2.fastq.gz	47944798	1786348738	
kraken_reads/control/SRR10161819_1.fastq.gz	13030601	1786416412	
kraken_reads/control/SRR10161819_2.fastq.gz	12910497	1786416431	
kraken_reads/control/SRR10161823_1.fastq.gz	12952745	1786416185	
kraken_reads/control/SRR10161823_2.fastq.gz	12641054	1786416202	
kraken_reads/control/SRR10161834_1.fastq.gz	12513414	1786416105	
kraken_reads/control/SRR10161834_2.fastq.gz	12337361	1786416124	
kraken_reads/control/SRR10161837_1.fastq.gz	13025285	1786416424	
kraken_reads/control/SRR10161837_2.fastq.gz	12849253	1786416445	
kraken_reads/control/SRR10161846_1.fastq.gz	12842373	1786416174	
kraken_reads/control/SRR10161846_2.fastq.gz	12604628	1786416195	
kraken_reads/control/SRR10189230_1.fastq.gz	37319196	1786348462	
kraken_reads/control/SRR10189230_2.fastq.gz	39680109	1786348520	
kraken_reads/control/SRR10189429.fastq.gz	30786396	1786416651	
kraken_reads/control/SRR10199575_1.fastq.gz	38452788	1786414220	
kraken_reads/control/SRR10199575_2.fastq.gz	42033795	1786414274	
kraken_reads/control/SRR10209322_1.fastq.gz	33635875	1786418766	
kraken_reads/control/SRR10209322_2.fastq.gz	35278739	1786418810	
kraken_reads/control/SRR10209329_1.fastq.gz	33893550	1786419430	
kraken_reads/control/SRR10209329_2.fastq.gz	39697169	1786419495	
kraken_reads/control/SRR10225149_1.fastq.gz	33159495	1786416290	
kraken_reads/control/SRR10225149_2.fastq.gz	34275304	1786416327	
kraken_reads/control/SRR1026313_1.fastq.gz	31387617	1786348120	
kraken_reads/control/SRR1026313_2.fastq.gz	17632470	1786348142	
kraken_reads/control/SRR1026719_1.fastq.gz	35761097	1786414080	
kraken_reads/control/SRR1026719_2.fastq.gz	17717677	1786414099	
kraken_reads/control/SRR1026749_1.fastq.gz	30920944	1786348238	
kraken_reads/control/SRR1026749_2.fastq.gz	17330599	1786348263	
kraken_reads/control/SRR1026763_1.fastq.gz	33174490	1786348828	
kraken_reads/control/SRR1026763_2.fastq.gz	17547867	1786348849	
kraken_reads/control/SRR10272616.fastq.gz	48342342	1786414195	
kraken_reads/control/SRR10291728_1.fastq.gz	40013205	1786419211	
kraken_reads/control/SRR10291728_2.fastq.gz	46023027	1786419267	
kraken_reads/control/SRR10291751_1.fastq.gz	41816600	1786420509	
kraken_reads/control/SRR10291751_2.fastq.gz	44711738	1786420554	
kraken_reads/control/SRR10303754_1.fastq.gz	35325732	1786418357	
kraken_reads/control/SRR10303754_2.fastq.gz	36390365	1786418418	
kraken_reads/control/SRR10317698_1.fastq.gz	33891357	1786415411	
kraken_reads/control/SRR10317698_2.fastq.gz	34740282	1786415467	
kraken_reads/control/SRR10341969_1.fastq.gz	29725393	1786414473	
kraken_reads/control/SRR10341969_2.fastq.gz	30333326	1786414530	
kraken_reads/control/SRR10341988_1.fastq.gz	29753520	1786414660	
kraken_reads/control/SRR10341988_2.fastq.gz	31031873	1786414710	
kraken_reads/control/SRR10353557_1.fastq.gz	39632653	1786347848	
kraken_reads/control/SRR10353557_2.fastq.gz	42218417	1786347906	
kraken_reads/control/SRR10406039_1.fastq.gz	35725592	1786417878	
kraken_reads/control/SRR10406039_2.fastq.gz	35605176	1786417915	
kraken_reads/control/SRR10406040_1.fastq.gz	37227761	1786417899	
kraken_reads/control/SRR10406040_2.fastq.gz	37122152	1786417930	
kraken_reads/control/SRR10406041_1.fastq.gz	34825614	1786417921	
kraken_reads/control/SRR10406041_2.fastq.gz	35372384	1786417952	
kraken_reads/control/SRR10406052_1.fastq.gz	35275077	1786414894	
kraken_reads/control/SRR10406052_2.fastq.gz	35914224	1786414929	
kraken_reads/control/SRR10406062_1.fastq.gz	34155866	1786417869	
kraken_reads/control/SRR10406062_2.fastq.gz	34438680	1786417907	
kraken_reads/control/SRR10406063_1.fastq.gz	34487467	1786417877	
kraken_reads/control/SRR10406063_2.fastq.gz	34565763	1786417911	
kraken_reads/control/SRR10406064_1.fastq.gz	38673995	1786417891	
kraken_reads/control/SRR10406064_2.fastq.gz	38614342	1786417923	
kraken_reads/control/SRR10406068_1.fastq.gz	35210823	1786417893	
kraken_reads/control/SRR10406068_2.fastq.gz	35302068	1786417926	
kraken_reads/control/SRR10406070_1.fastq.gz	36037612	1786417850	
kraken_reads/control/SRR10406070_2.fastq.gz	35414915	1786417885	
kraken_reads/control/SRR10406073_1.fastq.gz	34667672	1786415795	
kraken_reads/control/SRR10406073_2.fastq.gz	35182416	1786415830	
kraken_reads/control/SRR10406074_1.fastq.gz	38007610	1786417909	
kraken_reads/control/SRR10406074_2.fastq.gz	37845356	1786417939	
kraken_reads/control/SRR10406075_1.fastq.gz	33334182	1786417971	
kraken_reads/control/SRR10406075_2.fastq.gz	31730727	1786417997	
kraken_reads/control/SRR10406078_1.fastq.gz	35527455	1786418043	
kraken_reads/control/SRR10406078_2.fastq.gz	35503200	1786418079	
kraken_reads/control/SRR10406079_1.fastq.gz	36760219	1786417989	
kraken_reads/control/SRR10406079_2.fastq.gz	36642123	1786418026	
kraken_reads/control/SRR10406080_1.fastq.gz	34436757	1786418164	
kraken_reads/control/SRR10406080_2.fastq.gz	35336918	1786418194	
kraken_reads/control/SRR10406081_1.fastq.gz	33879041	1786418046	
kraken_reads/control/SRR10406081_2.fastq.gz	34278776	1786418080	
kraken_reads/control/SRR10406082_1.fastq.gz	40552588	1786417887	
kraken_reads/control/SRR10406082_2.fastq.gz	39829397	1786417922	
kraken_reads/control/SRR10406083_1.fastq.gz	32111510	1786417811	
kraken_reads/control/SRR10406083_2.fastq.gz	32591409	1786417837	
kraken_reads/control/SRR10406084_1.fastq.gz	37679862	1786418147	
kraken_reads/control/SRR10406084_2.fastq.gz	37086654	1786418176	
kraken_reads/control/SRR10406085_1.fastq.gz	33028224	1786417848	
kraken_reads/control/SRR10406085_2.fastq.gz	33292769	1786417881	
kraken_reads/control/SRR10428543_1.fastq.gz	35525430	1786414781	
kraken_reads/control/SRR10428543_2.fastq.gz	37386430	1786414822	
kraken_reads/control/SRR10448311_1.fastq.gz	27235862	1786417426	
kraken_reads/control/SRR10448311_2.fastq.gz	29020338	1786417462	
kraken_reads/control/SRR10448320_1.fastq.gz	23711178	1786416812	
kraken_reads/control/SRR10448320_2.fastq.gz	26185779	1786416852	
kraken_reads/control/SRR10478997_1.fastq.gz	33662733	1786418975	
kraken_reads/control/SRR10478997_2.fastq.gz	34124232	1786419025	
kraken_reads/control/SRR10492110_1.fastq.gz	52332679	1786415282	
kraken_reads/control/SRR10492110_2.fastq.gz	53887479	1786415346	
kraken_reads/control/SRR10586397_1.fastq.gz	34108688	1786420507	
kraken_reads/control/SRR10586397_2.fastq.gz	34554420	1786420547	
kraken_reads/control/SRR10586399_1.fastq.gz	34014004	1786420497	
kraken_reads/control/SRR10586399_2.fastq.gz	34608383	1786420545	
kraken_reads/control/SRR1066061.fastq.gz	16562880	1786348550	
kraken_reads/control/SRR10679567_1.fastq.gz	33078774	1786414877	
kraken_reads/control/SRR10679567_2.fastq.gz	32926844	1786414923	
kraken_reads/control/SRR10679569_1.fastq.gz	32855715	1786414700	
kraken_reads/control/SRR10679569_2.fastq.gz	33319840	1786414763	
kraken_reads/control/SRR10717614_1.fastq.gz	19500063	1786415543	
kraken_reads/control/SRR10717614_2.fastq.gz	19528151	1786415564	
kraken_reads/control/SRR10737661_1.fastq.gz	30773815	1786417203	
kraken_reads/control/SRR10737661_2.fastq.gz	31114554	1786417238	
kraken_reads/control/SRR10809242_1.fastq.gz	35067868	1786419956	
kraken_reads/control/SRR10809242_2.fastq.gz	35851705	1786420010	
kraken_reads/control/SRR10823724_1.fastq.gz	34038679	1786348553	
kraken_reads/control/SRR10823724_2.fastq.gz	35595831	1786348597	
kraken_reads/control/SRR10878757_1.fastq.gz	31599670	1786348659	
kraken_reads/control/SRR10878757_2.fastq.gz	33565913	1786348709	
kraken_reads/control/SRR10897990.fastq.gz	34639914	1786415017	
kraken_reads/control/SRR10968541_1.fastq.gz	26794049	1786348851	
kraken_reads/control/SRR10968541_2.fastq.gz	26847479	1786348910	
kraken_reads/control/SRR10984852.fastq.gz	41933637	1786348846	
kraken_reads/control/SRR1105828_1.fastq.gz	32753692	1786348931	
kraken_reads/control/SRR1105828_2.fastq.gz	33349514	1786348956	
kraken_reads/control/SRR11088971_1.fastq.gz	39888243	1786348006	
kraken_reads/control/SRR11088971_2.fastq.gz	42068902	1786348054	
kraken_reads/control/SRR11102002.fastq.gz	23579784	1786348105	
kraken_reads/control/SRR11102003.fastq.gz	23789635	1786347918	
kraken_reads/control/SRR11229311_1.fastq.gz	35044894	1786415821	
kraken_reads/control/SRR11229311_2.fastq.gz	39379651	1786415880	
kraken_reads/control/SRR11347471.fastq.gz	32780011	1786415046	
kraken_reads/control/SRR11364566_1.fastq.gz	34159066	1786417650	
kraken_reads/control/SRR11364566_2.fastq.gz	36823019	1786417714	
kraken_reads/control/SRR11364567_1.fastq.gz	34012604	1786416663	
kraken_reads/control/SRR11364567_2.fastq.gz	34681620	1786416728	
kraken_reads/control/SRR11364582_1.fastq.gz	33995733	1786416918	
kraken_reads/control/SRR11364582_2.fastq.gz	34460025	1786416977	
kraken_reads/control/SRR11397711_1.fastq.gz	33980293	1786348760	
kraken_reads/control/SRR11397711_2.fastq.gz	34800173	1786348816	
kraken_reads/control/SRR11482480_1.fastq.gz	33015345	1786414263	
kraken_reads/control/SRR11482480_2.fastq.gz	33664062	1786414314	
kraken_reads/control/SRR11497261.fastq.gz	14356113	1786415654	
kraken_reads/control/SRR11497364.fastq.gz	14348297	1786415299	
kraken_reads/control/SRR11541086.fastq.gz	21640379	1786414568	
kraken_reads/control/SRR11573007_1.fastq.gz	48851030	1786347996	
kraken_reads/control/SRR11573007_2.fastq.gz	52494791	1786348065	
kraken_reads/control/SRR11574220_1.fastq.gz	17640530	1786348910	
kraken_reads/control/SRR11574220_2.fastq.gz	19680690	1786348935	
kraken_reads/control/SRR11614152_1.fastq.gz	37594015	1786415275	
kraken_reads/control/SRR11614152_2.fastq.gz	39746612	1786415329	
kraken_reads/control/SRR11667167_1.fastq.gz	30357185	1786348163	
kraken_reads/control/SRR11667167_2.fastq.gz	33236956	1786348218	
kraken_reads/control/SRR11669512_1.fastq.gz	14268500	1786414726	
kraken_reads/control/SRR11669512_2.fastq.gz	14850309	1786414746	
kraken_reads/control/SRR11696430_1.fastq.gz	34771681	1786420430	
kraken_reads/control/SRR11696430_2.fastq.gz	36434495	1786420479	
kraken_reads/control/SRR11696431_1.fastq.gz	34843376	1786419630	
kraken_reads/control/SRR11696431_2.fastq.gz	35934431	1786419678	
kraken_reads/control/SRR11696434_1.fastq.gz	35863319	1786414940	
kraken_reads/control/SRR11696434_2.fastq.gz	37342835	1786414994	
kraken_reads/control/SRR1171641_1.fastq.gz	37658176	1786414483	
kraken_reads/control/SRR1171641_2.fastq.gz	37983901	1786414529	
kraken_reads/control/SRR11746212.fastq.gz	19260910	1786347789	
kraken_reads/control/SRR11773829_1.fastq.gz	33602093	1786414031	
kraken_reads/control/SRR11773829_2.fastq.gz	33786790	1786414076	
kraken_reads/control/SRR11785361_1.fastq.gz	33379150	1786414385	
kraken_reads/control/SRR11785361_2.fastq.gz	33174683	1786414427	
kraken_reads/control/SRR11814718_1.fastq.gz	32005017	1786417538	
kraken_reads/control/SRR11814718_2.fastq.gz	33321626	1786417587	
kraken_reads/control/SRR11814761_1.fastq.gz	32299966	1786417555	
kraken_reads/control/SRR11814761_2.fastq.gz	33430296	1786417607	
kraken_reads/control/SRR11814781_1.fastq.gz	33206094	1786417323	
kraken_reads/control/SRR11814781_2.fastq.gz	35714986	1786417377	
kraken_reads/control/SRR11814870_1.fastq.gz	33363155	1786417496	
kraken_reads/control/SRR11814870_2.fastq.gz	33958587	1786417549	
kraken_reads/control/SRR11814918_1.fastq.gz	31519115	1786417240	
kraken_reads/control/SRR11814918_2.fastq.gz	32559109	1786417291	
kraken_reads/control/SRR11814922_1.fastq.gz	32909900	1786416893	
kraken_reads/control/SRR11814922_2.fastq.gz	33490439	1786416945	
kraken_reads/control/SRR11814932_1.fastq.gz	33607099	1786417763	
kraken_reads/control/SRR11814932_2.fastq.gz	34565604	1786417811	
kraken_reads/control/SRR11814971_1.fastq.gz	32117098	1786417172	
kraken_reads/control/SRR11814971_2.fastq.gz	33214299	1786417221	
kraken_reads/control/SRR1186870_1.fastq.gz	43573120	1786419077	
kraken_reads/control/SRR1186870_2.fastq.gz	44123229	1786419113	
kraken_reads/control/SRR11887952_1.fastq.gz	36314468	1786347717	
kraken_reads/control/SRR11887952_2.fastq.gz	40667561	1786347783	
kraken_reads/control/SRR11928832_1.fastq.gz	8276365	1786417826	
kraken_reads/control/SRR11928832_2.fastq.gz	8707721	1786417839	
kraken_reads/control/SRR11928834_1.fastq.gz	5465675	1786417989	
kraken_reads/control/SRR11928834_2.fastq.gz	5548793	1786417997	
kraken_reads/control/SRR11928835_1.fastq.gz	8688999	1786417791	
kraken_reads/control/SRR11928835_2.fastq.gz	8910741	1786417806	
kraken_reads/control/SRR11928839_1.fastq.gz	8462224	1786418040	
kraken_reads/control/SRR11928839_2.fastq.gz	8578951	1786418052	
kraken_reads/control/SRR11928840_1.fastq.gz	8715751	1786417995	
kraken_reads/control/SRR11928840_2.fastq.gz	8889941	1786418008	
kraken_reads/control/SRR11928841_1.fastq.gz	8679232	1786417842	
kraken_reads/control/SRR11928841_2.fastq.gz	9058178	1786417852	
kraken_reads/control/SRR11928842_1.fastq.gz	8841913	1786417942	
kraken_reads/control/SRR11928842_2.fastq.gz	8993222	1786417955	
kraken_reads/control/SRR11928940_1.fastq.gz	18932794	1786418032	
kraken_reads/control/SRR11928940_2.fastq.gz	20557451	1786418066	
kraken_reads/control/SRR11929912_1.fastq.gz	38275969	1786419790	
kraken_reads/control/SRR11929912_2.fastq.gz	39685991	1786419842	
kraken_reads/control/SRR11929926_1.fastq.gz	40728658	1786420127	
kraken_reads/control/SRR11929926_2.fastq.gz	43941859	1786420190	
kraken_reads/control/SRR11929927_1.fastq.gz	40491858	1786420128	
kraken_reads/control/SRR11929927_2.fastq.gz	43634127	1786420188	
kraken_reads/control/SRR11947555_1.fastq.gz	33365873	1786419393	
kraken_reads/control/SRR11947555_2.fastq.gz	33761784	1786419442	
kraken_reads/control/SRR11947557_1.fastq.gz	33310425	1786420018	
kraken_reads/control/SRR11947557_2.fastq.gz	35360860	1786420119	
kraken_reads/control/SRR11947565_1.fastq.gz	33290158	1786419934	
kraken_reads/control/SRR11947565_2.fastq.gz	33558740	1786419993	
kraken_reads/control/SRR11947566_1.fastq.gz	33298822	1786420384	
kraken_reads/control/SRR11947566_2.fastq.gz	33960433	1786420429	
kraken_reads/control/SRR11947571_1.fastq.gz	33322871	1786419662	
kraken_reads/control/SRR11947571_2.fastq.gz	33785243	1786419707	
kraken_reads/control/SRR11947736_1.fastq.gz	33533659	1786414512	
kraken_reads/control/SRR11947736_2.fastq.gz	32879438	1786414552	
kraken_reads/control/SRR11973035_1.fastq.gz	15925547	1786417811	
kraken_reads/control/SRR11973035_2.fastq.gz	17940187	1786417830	
kraken_reads/control/SRR12012227_1.fastq.gz	33906693	1786348031	
kraken_reads/control/SRR12012227_2.fastq.gz	35194127	1786348082	
kraken_reads/control/SRR1206033.fastq.gz	34391032	1786414592	
kraken_reads/control/SRR12064657.fastq.gz	23270817	1786348876	
kraken_reads/control/SRR12133603.fastq.gz	22898329	1786415827	
kraken_reads/control/SRR12149183_1.fastq.gz	34752284	1786416030	
kraken_reads/control/SRR12149183_2.fastq.gz	34681839	1786416084	
kraken_reads/control/SRR12149184_1.fastq.gz	34019609	1786416138	
kraken_reads/control/SRR12149184_2.fastq.gz	34956989	1786416191	
kraken_reads/control/SRR12158774_1.fastq.gz	33297856	1786417111	
kraken_reads/control/SRR12158774_2.fastq.gz	34365384	1786417167	
kraken_reads/control/SRR12158776_1.fastq.gz	32884499	1786416896	
kraken_reads/control/SRR12158776_2.fastq.gz	33689907	1786416949	
kraken_reads/control/SRR12158777_1.fastq.gz	32132604	1786416843	
kraken_reads/control/SRR12158777_2.fastq.gz	32644273	1786416892	
kraken_reads/control/SRR12158783_1.fastq.gz	33047037	1786417562	
kraken_reads/control/SRR12158783_2.fastq.gz	33316279	1786417615	
kraken_reads/control/SRR12158784_1.fastq.gz	32846035	1786417551	
kraken_reads/control/SRR12158784_2.fastq.gz	34280190	1786417603	
kraken_reads/control/SRR12158785_1.fastq.gz	37480360	1786416685	
kraken_reads/control/SRR12158785_2.fastq.gz	39826050	1786416746	
kraken_reads/control/SRR12158786_1.fastq.gz	32915241	1786416772	
kraken_reads/control/SRR12158786_2.fastq.gz	32970400	1786416834	
kraken_reads/control/SRR12169375_1.fastq.gz	33311571	1786415941	
kraken_reads/control/SRR12169375_2.fastq.gz	33388377	1786415983	
kraken_reads/control/SRR12278121.fastq.gz	13208018	1786347813	
kraken_reads/control/SRR12284177_1.fastq.gz	53623467	1786347639	
kraken_reads/control/SRR12284177_2.fastq.gz	55746696	1786347697	
kraken_reads/control/SRR12319276.fastq.gz	19833022	1786415299	
kraken_reads/control/SRR12319277.fastq.gz	19941542	1786415356	
kraken_reads/control/SRR12319282.fastq.gz	20056908	1786415391	
kraken_reads/control/SRR12319283.fastq.gz	20118635	1786414964	
kraken_reads/control/SRR12319284.fastq.gz	20037460	1786415241	
kraken_reads/control/SRR12329588_1.fastq.gz	35336088	1786419680	
kraken_reads/control/SRR12329588_2.fastq.gz	37898450	1786419736	
kraken_reads/control/SRR12329589_1.fastq.gz	35596997	1786419300	
kraken_reads/control/SRR12329589_2.fastq.gz	37738066	1786419344	
kraken_reads/control/SRR12329590_1.fastq.gz	35390249	1786419388	
kraken_reads/control/SRR12329590_2.fastq.gz	38048097	1786419451	
kraken_reads/control/SRR12329595_1.fastq.gz	34717810	1786420361	
kraken_reads/control/SRR12329595_2.fastq.gz	36367711	1786420415	
kraken_reads/control/SRR12329596_1.fastq.gz	34426630	1786419132	
kraken_reads/control/SRR12329596_2.fastq.gz	36614432	1786419196	
kraken_reads/control/SRR12329597_1.fastq.gz	34890168	1786419864	
kraken_reads/control/SRR12329597_2.fastq.gz	35813846	1786419913	
kraken_reads/control/SRR12379325.fastq.gz	23836149	1786414402	
kraken_reads/control/SRR12391143_1.fastq.gz	33021545	1786348716	
kraken_reads/control/SRR12391143_2.fastq.gz	36290397	1786348770	
kraken_reads/control/SRR12399985.fastq.gz	15464391	1786347871	
kraken_reads/control/SRR12405268_1.fastq.gz	32588185	1786410184	
kraken_reads/control/SRR12405268_2.fastq.gz	33662690	1786410202	
kraken_reads/control/SRR12418050_1.fastq.gz	19312723	1786348288	
kraken_reads/control/SRR12418050_2.fastq.gz	19341624	1786348320	
kraken_reads/control/SRR12424043_1.fastq.gz	22175064	1786348682	
kraken_reads/control/SRR12424043_2.fastq.gz	22172239	1786348724	
kraken_reads/control/SRR12466209_1.fastq.gz	29865885	1786347621	
kraken_reads/control/SRR12466209_2.fastq.gz	32717852	1786347655	
kraken_reads/control/SRR12490763_1.fastq.gz	17650819	1786414255	
kraken_reads/control/SRR12490763_2.fastq.gz	18766138	1786414280	
kraken_reads/control/SRR12507375.fastq.gz	35154360	1786348798	
kraken_reads/control/SRR12623566.fastq.gz	21845861	1786414784	
kraken_reads/control/SRR12623580.fastq.gz	22031456	1786418642	
kraken_reads/control/SRR12623587.fastq.gz	22992762	1786419087	
kraken_reads/control/SRR12623589.fastq.gz	22998013	1786420469	
kraken_reads/control/SRR12623591.fastq.gz	22939720	1786420413	
kraken_reads/control/SRR12624241.fastq.gz	22176480	1786415371	
kraken_reads/control/SRR12624247.fastq.gz	22946230	1786415472	
kraken_reads/control/SRR12624254.fastq.gz	21740420	1786415575	
kraken_reads/control/SRR12624256.fastq.gz	22132906	1786415635	
kraken_reads/control/SRR12624257.fastq.gz	23437810	1786415490	
kraken_reads/control/SRR12624263.fastq.gz	23068200	1786414868	
kraken_reads/control/SRR12624265.fastq.gz	23080455	1786348991	
kraken_reads/control/SRR12624272.fastq.gz	21311522	1786415622	
kraken_reads/control/SRR12624278.fastq.gz	21670074	1786415058	
kraken_reads/control/SRR12624279.fastq.gz	23002808	1786414919	
kraken_reads/control/SRR12624288.fastq.gz	21742941	1786348990	
kraken_reads/control/SRR12629938_1.fastq.gz	31529462	1786414470	
kraken_reads/control/SRR12629938_2.fastq.gz	33110388	1786414523	
kraken_reads/control/SRR12647644_1.fastq.gz	33492456	1786414747	
kraken_reads/control/SRR12647644_2.fastq.gz	33815981	1786414804	
kraken_reads/control/SRR12658900_1.fastq.gz	41697846	1786348395	
kraken_reads/control/SRR12658900_2.fastq.gz	44074392	1786348457	
kraken_reads/control/SRR12677114_1.fastq.gz	30738568	1786419671	
kraken_reads/control/SRR12677114_2.fastq.gz	35603906	1786419717	
kraken_reads/control/SRR12744609_1.fastq.gz	42913257	1786348073	
kraken_reads/control/SRR12744609_2.fastq.gz	46073425	1786348138	
kraken_reads/control/SRR12765819_1.fastq.gz	40142341	1786414397	
kraken_reads/control/SRR12765819_2.fastq.gz	41881995	1786414439	
kraken_reads/control/SRR12777476_1.fastq.gz	39202755	1786347484	
kraken_reads/control/SRR12777476_2.fastq.gz	44006825	1786347552	
kraken_reads/control/SRR12779663_1.fastq.gz	42426003	1786414033	
kraken_reads/control/SRR12779663_2.fastq.gz	46798255	1786414096	
kraken_reads/control/SRR12779670_1.fastq.gz	32346915	1786348133	
kraken_reads/control/SRR12779670_2.fastq.gz	32810992	1786348189	
kraken_reads/control/SRR12779674_1.fastq.gz	42581820	1786348714	
kraken_reads/control/SRR12779674_2.fastq.gz	45860324	1786348770	
kraken_reads/control/SRR12779675_1.fastq.gz	42854143	1786348743	
kraken_reads/control/SRR12779675_2.fastq.gz	47365779	1786348803	
kraken_reads/control/SRR12855387_1.fastq.gz	32501820	1786415474	
kraken_reads/control/SRR12855387_2.fastq.gz	33241617	1786415523	
kraken_reads/control/SRR12855389_1.fastq.gz	33780709	1786415391	
kraken_reads/control/SRR12855389_2.fastq.gz	34587479	1786415445	
kraken_reads/control/SRR12855399_1.fastq.gz	33135391	1786415057	
kraken_reads/control/SRR12855399_2.fastq.gz	34270595	1786415113	
kraken_reads/control/SRR12855400_1.fastq.gz	33944638	1786415109	
kraken_reads/control/SRR12855400_2.fastq.gz	34650529	1786415157	
kraken_reads/control/SRR12855408_1.fastq.gz	33664065	1786414824	
kraken_reads/control/SRR12855408_2.fastq.gz	34433505	1786414880	
kraken_reads/control/SRR12855411_1.fastq.gz	32352261	1786415058	
kraken_reads/control/SRR12855411_2.fastq.gz	33930719	1786415107	
kraken_reads/control/SRR12855412_1.fastq.gz	33749073	1786415256	
kraken_reads/control/SRR12855412_2.fastq.gz	35022073	1786415304	
kraken_reads/control/SRR12855425_1.fastq.gz	33623832	1786415178	
kraken_reads/control/SRR12855425_2.fastq.gz	34573696	1786415231	
kraken_reads/control/SRR12867716.fastq.gz	30808485	1786416359	
kraken_reads/control/SRR12867717.fastq.gz	31761571	1786416370	
kraken_reads/control/SRR12867721.fastq.gz	31781405	1786416198	
kraken_reads/control/SRR12867744_1.fastq.gz	31900519	1786416612	
kraken_reads/control/SRR12867744_2.fastq.gz	32391145	1786416664	
kraken_reads/control/SRR12867748_1.fastq.gz	30370253	1786414314	
kraken_reads/control/SRR12867748_2.fastq.gz	30896346	1786414358	
kraken_reads/control/SRR12968139_1.fastq.gz	42973831	1786420478	
kraken_reads/control/SRR12968139_2.fastq.gz	42045970	1786420523	
kraken_reads/control/SRR12968140_1.fastq.gz	43021274	1786419021	
kraken_reads/control/SRR12968140_2.fastq.gz	41980187	1786419071	
kraken_reads/control/SRR12968141_1.fastq.gz	43121036	1786419152	
kraken_reads/control/SRR12968141_2.fastq.gz	41820155	1786419204	
kraken_reads/control/SRR12969777_1.fastq.gz	19352326	1786415037	
kraken_reads/control/SRR12969777_2.fastq.gz	21384179	1786415063	
kraken_reads/control/SRR12989781_1.fastq.gz	33099049	1786415309	
kraken_reads/control/SRR12989781_2.fastq.gz	33438784	1786415358	
kraken_reads/control/SRR1298984_1.fastq.gz	40069583	1786418847	
kraken_reads/control/SRR1298984_2.fastq.gz	40339728	1786418888	
kraken_reads/control/SRR12990884_1.fastq.gz	34262381	1786347816	
kraken_reads/control/SRR12990884_2.fastq.gz	34641942	1786347872	
kraken_reads/control/SRR12998704_1.fastq.gz	31785718	1786415269	
kraken_reads/control/SRR12998704_2.fastq.gz	32685497	1786415315	
kraken_reads/control/SRR13022756_1.fastq.gz	31629227	1786348585	
kraken_reads/control/SRR13022756_2.fastq.gz	33414328	1786348636	
kraken_reads/control/SRR13197455_1.fastq.gz	25282249	1786347615	
kraken_reads/control/SRR13197455_2.fastq.gz	29514392	1786347662	
kraken_reads/control/SRR13290846_1.fastq.gz	16390415	1786414845	
kraken_reads/control/SRR13290846_2.fastq.gz	21347850	1786414867	
kraken_reads/control/SRR13290848_1.fastq.gz	16339484	1786414574	
kraken_reads/control/SRR13290848_2.fastq.gz	21551094	1786414597	
kraken_reads/control/SRR13341802_1.fastq.gz	38102987	1786347737	
kraken_reads/control/SRR13341802_2.fastq.gz	41177360	1786347802	
kraken_reads/control/SRR13349959_1.fastq.gz	32944335	1786414909	
kraken_reads/control/SRR13349959_2.fastq.gz	34370404	1786414947	
kraken_reads/control/SRR13349970_1.fastq.gz	32490298	1786415241	
kraken_reads/control/SRR13349970_2.fastq.gz	33298518	1786415284	
kraken_reads/control/SRR13349978_1.fastq.gz	34260726	1786415364	
kraken_reads/control/SRR13349978_2.fastq.gz	34498238	1786415418	
kraken_reads/control/SRR13349981_1.fastq.gz	33780346	1786415233	
kraken_reads/control/SRR13349981_2.fastq.gz	34218686	1786415280	
kraken_reads/control/SRR13349983_1.fastq.gz	34716817	1786415167	
kraken_reads/control/SRR13349983_2.fastq.gz	36153984	1786415223	
kraken_reads/control/SRR13349984_1.fastq.gz	34302321	1786415136	
kraken_reads/control/SRR13349984_2.fastq.gz	34182607	1786415188	
kraken_reads/control/SRR13355207_1.fastq.gz	39355485	1786415563	
kraken_reads/control/SRR13355207_2.fastq.gz	43080648	1786415612	
kraken_reads/control/SRR13355211_1.fastq.gz	37266803	1786416382	
kraken_reads/control/SRR13355211_2.fastq.gz	40637051	1786416427	
kraken_reads/control/SRR13355214_1.fastq.gz	39515185	1786420258	
kraken_reads/control/SRR13355214_2.fastq.gz	43028643	1786420317	
kraken_reads/control/SRR13355215_1.fastq.gz	38926964	1786416553	
kraken_reads/control/SRR13355215_2.fastq.gz	42478572	1786416613	
kraken_reads/control/SRR13368199_1.fastq.gz	7913201	1786410539	
kraken_reads/control/SRR13368199_2.fastq.gz	11888055	1786410544	
kraken_reads/control/SRR13423850.fastq.gz	21700706	1786348361	
kraken_reads/control/SRR13423955.fastq.gz	21147627	1786347699	
kraken_reads/control/SRR13447983_1.fastq.gz	26923921	1786420533	
kraken_reads/control/SRR13447983_2.fastq.gz	26939585	1786420560	
kraken_reads/control/SRR13449982_1.fastq.gz	42507003	1786417482	
kraken_reads/control/SRR13449982_2.fastq.gz	43135407	1786417531	
kraken_reads/control/SRR13449985_1.fastq.gz	28640455	1786417168	
kraken_reads/control/SRR13449985_2.fastq.gz	29742907	1786417213	
kraken_reads/control/SRR13482195_1.fastq.gz	38352377	1786414043	
kraken_reads/control/SRR13482195_2.fastq.gz	39943684	1786414088	
kraken_reads/control/SRR13496554_1.fastq.gz	29942805	1786348329	
kraken_reads/control/SRR13496554_2.fastq.gz	30514113	1786348380	
kraken_reads/control/SRR13508762_1.fastq.gz	20828428	1786348704	
kraken_reads/control/SRR13508762_2.fastq.gz	21414788	1786348741	
kraken_reads/control/SRR13508794_1.fastq.gz	21548446	1786347895	
kraken_reads/control/SRR13508794_2.fastq.gz	21961576	1786347926	
kraken_reads/control/SRR13508817_1.fastq.gz	20839759	1786348639	
kraken_reads/control/SRR13508817_2.fastq.gz	21067982	1786348671	
kraken_reads/control/SRR13508820_1.fastq.gz	21584628	1786414160	
kraken_reads/control/SRR13508820_2.fastq.gz	22106925	1786414193	
kraken_reads/control/SRR13508827_1.fastq.gz	21464536	1786348434	
kraken_reads/control/SRR13508827_2.fastq.gz	22185530	1786348465	
kraken_reads/control/SRR13508901_1.fastq.gz	20827335	1786348777	
kraken_reads/control/SRR13508901_2.fastq.gz	21301138	1786348805	
kraken_reads/control/SRR13508954_1.fastq.gz	21424593	1786348098	
kraken_reads/control/SRR13508954_2.fastq.gz	21965794	1786348133	
kraken_reads/control/SRR13516466_1.fastq.gz	18571244	1786414732	
kraken_reads/control/SRR13516466_2.fastq.gz	18937850	1786414762	
kraken_reads/control/SRR13520974_1.fastq.gz	12156900	1786348823	
kraken_reads/control/SRR13520974_2.fastq.gz	13211134	1786348840	
kraken_reads/control/SRR13569305_1.fastq.gz	57030542	1786347835	
kraken_reads/control/SRR13569305_2.fastq.gz	59830385	1786347904	
kraken_reads/control/SRR13573566_1.fastq.gz	30554325	1786348565	
kraken_reads/control/SRR13573566_2.fastq.gz	30941855	1786348607	
kraken_reads/control/SRR13587288_1.fastq.gz	38235654	1786417649	
kraken_reads/control/SRR13587288_2.fastq.gz	42546632	1786417713	
kraken_reads/control/SRR13587291_1.fastq.gz	40197062	1786414185	
kraken_reads/control/SRR13587291_2.fastq.gz	46523670	1786414256	
kraken_reads/control/SRR13590447.fastq.gz	34740927	1786415412	
kraken_reads/control/SRR13697278_1.fastq.gz	39161238	1786414535	
kraken_reads/control/SRR13697278_2.fastq.gz	39972532	1786414587	
kraken_reads/control/SRR13789085_1.fastq.gz	35873126	1786414829	
kraken_reads/control/SRR13789085_2.fastq.gz	39381255	1786414888	
kraken_reads/control/SRR13791283_1.fastq.gz	33889623	1786416020	
kraken_reads/control/SRR13791283_2.fastq.gz	34295144	1786416074	
kraken_reads/control/SRR13823488_1.fastq.gz	34831542	1786348577	
kraken_reads/control/SRR13823488_2.fastq.gz	35913329	1786348622	
kraken_reads/control/SRR13823995.fastq.gz	49320551	1786419218	
kraken_reads/control/SRR13823999.fastq.gz	47355671	1786419315	
kraken_reads/control/SRR13824007.fastq.gz	48644795	1786419084	
kraken_reads/control/SRR13824009.fastq.gz	48748803	1786420042	
kraken_reads/control/SRR13824011.fastq.gz	48263752	1786419046	
kraken_reads/control/SRR13824021.fastq.gz	47334833	1786420058	
kraken_reads/control/SRR13824029.fastq.gz	47552268	1786418999	
kraken_reads/control/SRR13824033.fastq.gz	48158620	1786419414	
kraken_reads/control/SRR13824035.fastq.gz	46429485	1786419371	
kraken_reads/control/SRR13824038.fastq.gz	48025447	1786419553	
kraken_reads/control/SRR13872294_1.fastq.gz	39389776	1786419420	
kraken_reads/control/SRR13872294_2.fastq.gz	47899304	1786419493	
kraken_reads/control/SRR13872305_1.fastq.gz	38900271	1786419591	
kraken_reads/control/SRR13872305_2.fastq.gz	46600378	1786419653	
kraken_reads/control/SRR13891820_1.fastq.gz	32284219	1786348199	
kraken_reads/control/SRR13891820_2.fastq.gz	32385107	1786348253	
kraken_reads/control/SRR13900316_1.fastq.gz	22597456	1786418923	
kraken_reads/control/SRR13900316_2.fastq.gz	23180688	1786418958	
kraken_reads/control/SRR13900318_1.fastq.gz	23205463	1786419012	
kraken_reads/control/SRR13900318_2.fastq.gz	23753575	1786419045	
kraken_reads/control/SRR13900319_1.fastq.gz	22563259	1786419997	
kraken_reads/control/SRR13900319_2.fastq.gz	23244710	1786420030	
kraken_reads/control/SRR13900324_1.fastq.gz	22606408	1786419803	
kraken_reads/control/SRR13900324_2.fastq.gz	23215094	1786419834	
kraken_reads/control/SRR13900325_1.fastq.gz	22556605	1786418873	
kraken_reads/control/SRR13900325_2.fastq.gz	23327412	1786418907	
kraken_reads/control/SRR13960219_1.fastq.gz	42349228	1786418957	
kraken_reads/control/SRR13960219_2.fastq.gz	45442455	1786419021	
kraken_reads/control/SRR13960221_1.fastq.gz	38308054	1786418513	
kraken_reads/control/SRR13960221_2.fastq.gz	41321000	1786418575	
kraken_reads/control/SRR13960222_1.fastq.gz	42430801	1786418468	
kraken_reads/control/SRR13960222_2.fastq.gz	45583683	1786418534	
kraken_reads/control/SRR13960224_1.fastq.gz	42500015	1786418965	
kraken_reads/control/SRR13960224_2.fastq.gz	44956858	1786419012	
kraken_reads/control/SRR14001692.fastq.gz	33802638	1786348998	
kraken_reads/control/SRR14001694.fastq.gz	34019789	1786416396	
kraken_reads/control/SRR14055111_1.fastq.gz	42286069	1786419886	
kraken_reads/control/SRR14055111_2.fastq.gz	46919225	1786419952	
kraken_reads/control/SRR14055640.fastq.gz	47158197	1786348749	
kraken_reads/control/SRR14162031_1.fastq.gz	36345087	1786347728	
kraken_reads/control/SRR14162031_2.fastq.gz	36338666	1786347792	
kraken_reads/control/SRR14182325_1.fastq.gz	35058935	1786419738	
kraken_reads/control/SRR14182325_2.fastq.gz	36290496	1786419795	
kraken_reads/control/SRR14203567_1.fastq.gz	32862928	1786347499	
kraken_reads/control/SRR14203567_2.fastq.gz	33850298	1786347554	
kraken_reads/control/SRR14203589_1.fastq.gz	33730310	1786414796	
kraken_reads/control/SRR14203589_2.fastq.gz	33955495	1786414835	
kraken_reads/control/SRR14211807_1.fastq.gz	30324055	1786348578	
kraken_reads/control/SRR14211807_2.fastq.gz	33813966	1786348617	
kraken_reads/control/SRR14212082_1.fastq.gz	28894468	1786418376	
kraken_reads/control/SRR14212082_2.fastq.gz	29516425	1786418428	
kraken_reads/control/SRR14212083_1.fastq.gz	29018910	1786417244	
kraken_reads/control/SRR14212083_2.fastq.gz	29737551	1786417295	
kraken_reads/control/SRR14212084_1.fastq.gz	30266595	1786418265	
kraken_reads/control/SRR14212084_2.fastq.gz	30158336	1786418309	
kraken_reads/control/SRR14219831_1.fastq.gz	23268134	1786348850	
kraken_reads/control/SRR14219831_2.fastq.gz	23174852	1786348903	
kraken_reads/control/SRR14233961_1.fastq.gz	33764311	1786348091	
kraken_reads/control/SRR14233961_2.fastq.gz	35956901	1786348150	
kraken_reads/control/SRR1425535.fastq.gz	20540712	1786419476	
kraken_reads/control/SRR1425603.fastq.gz	50646133	1786419917	
kraken_reads/control/SRR14262853_1.fastq.gz	30404460	1786414265	
kraken_reads/control/SRR14262853_2.fastq.gz	30478949	1786414313	
kraken_reads/control/SRR14310377.fastq.gz	18316057	1786414351	
kraken_reads/control/SRR14318406.fastq.gz	21972515	1786420242	
kraken_reads/control/SRR14318414.fastq.gz	20760379	1786420489	
kraken_reads/control/SRR14318418.fastq.gz	20764959	1786418513	
kraken_reads/control/SRR14318424.fastq.gz	21012424	1786419610	
kraken_reads/control/SRR14320491_1.fastq.gz	38469115	1786416953	
kraken_reads/control/SRR14320491_2.fastq.gz	43287502	1786417015	
kraken_reads/control/SRR14386297_1.fastq.gz	31725865	1786419977	
kraken_reads/control/SRR14386297_2.fastq.gz	32582403	1786420025	
kraken_reads/control/SRR14467115_1.fastq.gz	27834851	1786418740	
kraken_reads/control/SRR14467115_2.fastq.gz	29814291	1786418789	
kraken_reads/control/SRR14467127_1.fastq.gz	30095078	1786415641	
kraken_reads/control/SRR14467127_2.fastq.gz	31441052	1786415675	
kraken_reads/control/SRR14467143_1.fastq.gz	28575060	1786419408	
kraken_reads/control/SRR14467143_2.fastq.gz	30777617	1786419452	
kraken_reads/control/SRR14474189_1.fastq.gz	33435563	1786414526	
kraken_reads/control/SRR14474189_2.fastq.gz	35885725	1786414562	
kraken_reads/control/SRR14474191_1.fastq.gz	33158531	1786414795	
kraken_reads/control/SRR14474191_2.fastq.gz	34327530	1786414849	
kraken_reads/control/SRR14513876_1.fastq.gz	41315379	1786414405	
kraken_reads/control/SRR14513876_2.fastq.gz	43111932	1786414463	
kraken_reads/control/SRR14614683_1.fastq.gz	33468280	1786417545	
kraken_reads/control/SRR14614683_2.fastq.gz	36068492	1786417601	
kraken_reads/control/SRR14615481_1.fastq.gz	35757028	1786417619	
kraken_reads/control/SRR14615481_2.fastq.gz	42286727	1786417678	
kraken_reads/control/SRR14674019_1.fastq.gz	34485151	1786416951	
kraken_reads/control/SRR14674019_2.fastq.gz	35354184	1786417011	
kraken_reads/control/SRR14674025_1.fastq.gz	34230718	1786417289	
kraken_reads/control/SRR14674025_2.fastq.gz	34831121	1786417330	
kraken_reads/control/SRR14696956_1.fastq.gz	23265333	1786414109	
kraken_reads/control/SRR14696956_2.fastq.gz	23922376	1786414144	
kraken_reads/control/SRR14724340_1.fastq.gz	31168915	1786348497	
kraken_reads/control/SRR14724340_2.fastq.gz	33835905	1786348553	
kraken_reads/control/SRR14757452_1.fastq.gz	25566083	1786348512	
kraken_reads/control/SRR14757452_2.fastq.gz	25605581	1786348548	
kraken_reads/control/SRR14788337_1.fastq.gz	32832064	1786414683	
kraken_reads/control/SRR14788337_2.fastq.gz	33314889	1786414734	
kraken_reads/control/SRR14795765.fastq.gz	23428965	1786347695	
kraken_reads/control/SRR14803423_1.fastq.gz	26641733	1786348326	
kraken_reads/control/SRR14803423_2.fastq.gz	26658447	1786348381	
kraken_reads/control/SRR14812913_1.fastq.gz	33110924	1786416773	
kraken_reads/control/SRR14812913_2.fastq.gz	33507792	1786416835	
kraken_reads/control/SRR14843613_1.fastq.gz	33090388	1786348999	
kraken_reads/control/SRR14843613_2.fastq.gz	34331297	1786349027	
kraken_reads/control/SRR14934134_1.fastq.gz	31081828	1786347805	
kraken_reads/control/SRR14934134_2.fastq.gz	34968544	1786347864	
kraken_reads/control/SRR14959066_1.fastq.gz	27042609	1786415878	
kraken_reads/control/SRR14959066_2.fastq.gz	27053548	1786415931	
kraken_reads/control/SRR15044364_1.fastq.gz	40062453	1786415113	
kraken_reads/control/SRR15044364_2.fastq.gz	41525037	1786415166	
kraken_reads/control/SRR15141031_1.fastq.gz	24180801	1786418355	
kraken_reads/control/SRR15141031_2.fastq.gz	27362676	1786418396	
kraken_reads/control/SRR15141038_1.fastq.gz	24171237	1786417292	
kraken_reads/control/SRR15141038_2.fastq.gz	27427154	1786417339	
kraken_reads/control/SRR15141039_1.fastq.gz	24099735	1786416932	
kraken_reads/control/SRR15141039_2.fastq.gz	27294491	1786416965	
kraken_reads/control/SRR15141080_1.fastq.gz	25143721	1786418233	
kraken_reads/control/SRR15141080_2.fastq.gz	27346523	1786418269	
kraken_reads/control/SRR15141101_1.fastq.gz	25165896	1786417429	
kraken_reads/control/SRR15141101_2.fastq.gz	27068377	1786417463	
kraken_reads/control/SRR15141113_1.fastq.gz	24558126	1786418308	
kraken_reads/control/SRR15141113_2.fastq.gz	26801239	1786418345	
kraken_reads/control/SRR15141128_1.fastq.gz	26876126	1786418351	
kraken_reads/control/SRR15141128_2.fastq.gz	28802022	1786418390	
kraken_reads/control/SRR15141150_1.fastq.gz	25763303	1786418283	
kraken_reads/control/SRR15141150_2.fastq.gz	28021509	1786418311	
kraken_reads/control/SRR15141159_1.fastq.gz	25157508	1786416657	
kraken_reads/control/SRR15141159_2.fastq.gz	27083978	1786416695	
kraken_reads/control/SRR15141165_1.fastq.gz	25115741	1786417366	
kraken_reads/control/SRR15141165_2.fastq.gz	26933671	1786417407	
kraken_reads/control/SRR15141215_1.fastq.gz	25541510	1786418357	
kraken_reads/control/SRR15141215_2.fastq.gz	27382673	1786418403	
kraken_reads/control/SRR15141228_1.fastq.gz	24553257	1786417284	
kraken_reads/control/SRR15141228_2.fastq.gz	26323480	1786417333	
kraken_reads/control/SRR15141232_1.fastq.gz	25851956	1786418425	
kraken_reads/control/SRR15141232_2.fastq.gz	27723610	1786418459	
kraken_reads/control/SRR15141241_1.fastq.gz	25636310	1786416998	
kraken_reads/control/SRR15141241_2.fastq.gz	27355600	1786417039	
kraken_reads/control/SRR15141258_1.fastq.gz	24464171	1786416838	
kraken_reads/control/SRR15141258_2.fastq.gz	26605551	1786416876	
kraken_reads/control/SRR15141284_1.fastq.gz	25089083	1786418173	
kraken_reads/control/SRR15141284_2.fastq.gz	27374775	1786418209	
kraken_reads/control/SRR15141292_1.fastq.gz	24991443	1786417746	
kraken_reads/control/SRR15141292_2.fastq.gz	27037064	1786417791	
kraken_reads/control/SRR15141328_1.fastq.gz	25030201	1786417184	
kraken_reads/control/SRR15141328_2.fastq.gz	26893988	1786417228	
kraken_reads/control/SRR15141365_1.fastq.gz	25203331	1786418404	
kraken_reads/control/SRR15141365_2.fastq.gz	27384704	1786418442	
kraken_reads/control/SRR15141375_1.fastq.gz	25100233	1786416834	
kraken_reads/control/SRR15141375_2.fastq.gz	27054202	1786416870	
kraken_reads/control/SRR15141402_1.fastq.gz	25885416	1786418359	
kraken_reads/control/SRR15141402_2.fastq.gz	28260918	1786418411	
kraken_reads/control/SRR15141417_1.fastq.gz	25125699	1786417042	
kraken_reads/control/SRR15141417_2.fastq.gz	26854717	1786417075	
kraken_reads/control/SRR15141432_1.fastq.gz	24881837	1786418220	
kraken_reads/control/SRR15141432_2.fastq.gz	28185176	1786418260	
kraken_reads/control/SRR15141435_1.fastq.gz	24517531	1786417770	
kraken_reads/control/SRR15141435_2.fastq.gz	27430828	1786417813	
kraken_reads/control/SRR15141447_1.fastq.gz	24171657	1786416984	
kraken_reads/control/SRR15141447_2.fastq.gz	27012011	1786417024	
kraken_reads/control/SRR15184338_1.fastq.gz	32930749	1786419637	
kraken_reads/control/SRR15184338_2.fastq.gz	33948943	1786419688	
kraken_reads/control/SRR15184339_1.fastq.gz	32792392	1786418770	
kraken_reads/control/SRR15184339_2.fastq.gz	34082624	1786418817	
kraken_reads/control/SRR15184340_1.fastq.gz	32763973	1786418556	
kraken_reads/control/SRR15184340_2.fastq.gz	33885048	1786418604	
kraken_reads/control/SRR15184341_1.fastq.gz	33007716	1786418713	
kraken_reads/control/SRR15184341_2.fastq.gz	34288491	1786418766	
kraken_reads/control/SRR15184342_1.fastq.gz	32877151	1786419861	
kraken_reads/control/SRR15184342_2.fastq.gz	34534352	1786419912	
kraken_reads/control/SRR15184343_1.fastq.gz	32997637	1786419919	
kraken_reads/control/SRR15184343_2.fastq.gz	34351904	1786419986	
kraken_reads/control/SRR15205265_1.fastq.gz	40317049	1786347989	
kraken_reads/control/SRR15205265_2.fastq.gz	41376233	1786348052	
kraken_reads/control/SRR15222189_1.fastq.gz	33097745	1786415370	
kraken_reads/control/SRR15222189_2.fastq.gz	36559599	1786415431	
kraken_reads/control/SRR1525214_1.fastq.gz	46731377	1786415969	
kraken_reads/control/SRR1525214_2.fastq.gz	47812627	1786416014	
kraken_reads/control/SRR15318999.fastq.gz	12738938	1786414591	
kraken_reads/control/SRR15319025.fastq.gz	12233423	1786414609	
kraken_reads/control/SRR1538456_1.fastq.gz	42921200	1786414046	
kraken_reads/control/SRR1538456_2.fastq.gz	43964441	1786414092	
kraken_reads/control/SRR15435886_1.fastq.gz	34960674	1786348538	
kraken_reads/control/SRR15435886_2.fastq.gz	35717786	1786348587	
kraken_reads/control/SRR1555295_1.fastq.gz	41342704	1786417755	
kraken_reads/control/SRR1555295_2.fastq.gz	41195871	1786417805	
kraken_reads/control/SRR15559581_1.fastq.gz	33002753	1786414190	
kraken_reads/control/SRR15559581_2.fastq.gz	33780612	1786414244	
kraken_reads/control/SRR15607726_1.fastq.gz	41253874	1786419347	
kraken_reads/control/SRR15607726_2.fastq.gz	44615037	1786419419	
kraken_reads/control/SRR15607727_1.fastq.gz	41734982	1786419455	
kraken_reads/control/SRR15607727_2.fastq.gz	44898085	1786419529	
kraken_reads/control/SRR15607728_1.fastq.gz	41708274	1786418570	
kraken_reads/control/SRR15607728_2.fastq.gz	45435153	1786418640	
kraken_reads/control/SRR15607729_1.fastq.gz	41126063	1786418517	
kraken_reads/control/SRR15607729_2.fastq.gz	44413175	1786418580	
kraken_reads/control/SRR15607730_1.fastq.gz	40332982	1786419319	
kraken_reads/control/SRR15607730_2.fastq.gz	43265082	1786419376	
kraken_reads/control/SRR15607731_1.fastq.gz	41049772	1786419941	
kraken_reads/control/SRR15607731_2.fastq.gz	43430075	1786420005	
kraken_reads/control/SRR15607733_1.fastq.gz	40879219	1786419621	
kraken_reads/control/SRR15607733_2.fastq.gz	43368566	1786419675	
kraken_reads/control/SRR15607734_1.fastq.gz	41081607	1786418525	
kraken_reads/control/SRR15607734_2.fastq.gz	43523824	1786418588	
kraken_reads/control/SRR15607736_1.fastq.gz	41195302	1786419089	
kraken_reads/control/SRR15607736_2.fastq.gz	43916217	1786419152	
kraken_reads/control/SRR15607737_1.fastq.gz	41250251	1786420194	
kraken_reads/control/SRR15607737_2.fastq.gz	43974018	1786420259	
kraken_reads/control/SRR15607739_1.fastq.gz	42090889	1786418644	
kraken_reads/control/SRR15607739_2.fastq.gz	45251329	1786418712	
kraken_reads/control/SRR15607741_1.fastq.gz	41822871	1786416412	
kraken_reads/control/SRR15607741_2.fastq.gz	45076007	1786416480	
kraken_reads/control/SRR15634110.fastq.gz	64541009	1786419625	
kraken_reads/control/SRR1568071.fastq.gz	41258812	1786416452	
kraken_reads/control/SRR15681630_1.fastq.gz	39158470	1786348090	
kraken_reads/control/SRR15681630_2.fastq.gz	43805456	1786348159	
kraken_reads/control/SRR15693786_1.fastq.gz	31375803	1786416538	
kraken_reads/control/SRR15693786_2.fastq.gz	31238057	1786416593	
kraken_reads/control/SRR15696707_1.fastq.gz	31559394	1786418238	
kraken_reads/control/SRR15696707_2.fastq.gz	33050645	1786418286	
kraken_reads/control/SRR15742928_1.fastq.gz	43405369	1786418568	
kraken_reads/control/SRR15742928_2.fastq.gz	40566497	1786418633	
kraken_reads/control/SRR15742930_1.fastq.gz	38109382	1786418744	
kraken_reads/control/SRR15742930_2.fastq.gz	36753347	1786418794	
kraken_reads/control/SRR15742931_1.fastq.gz	38850225	1786420194	
kraken_reads/control/SRR15742931_2.fastq.gz	37796699	1786420240	
kraken_reads/control/SRR15742932_1.fastq.gz	39653623	1786420300	
kraken_reads/control/SRR15742932_2.fastq.gz	40978077	1786420354	
kraken_reads/control/SRR15742934_1.fastq.gz	40224726	1786419937	
kraken_reads/control/SRR15742934_2.fastq.gz	42021393	1786420007	
kraken_reads/control/SRR15742935_1.fastq.gz	38634819	1786419332	
kraken_reads/control/SRR15742935_2.fastq.gz	37459119	1786419374	
kraken_reads/control/SRR15742936_1.fastq.gz	40764262	1786418575	
kraken_reads/control/SRR15742936_2.fastq.gz	42665516	1786418640	
kraken_reads/control/SRR15742937_1.fastq.gz	40797486	1786419273	
kraken_reads/control/SRR15742937_2.fastq.gz	41962580	1786419339	
kraken_reads/control/SRR15742938_1.fastq.gz	48173199	1786419766	
kraken_reads/control/SRR15742938_2.fastq.gz	49252268	1786419855	
kraken_reads/control/SRR15742939_1.fastq.gz	48234495	1786419582	
kraken_reads/control/SRR15742939_2.fastq.gz	50345497	1786419647	
kraken_reads/control/SRR15742940_1.fastq.gz	40953242	1786418967	
kraken_reads/control/SRR15742940_2.fastq.gz	42268529	1786419032	
kraken_reads/control/SRR15742941_1.fastq.gz	40759174	1786420010	
kraken_reads/control/SRR15742941_2.fastq.gz	42158151	1786420075	
kraken_reads/control/SRR15742942_1.fastq.gz	41406749	1786420413	
kraken_reads/control/SRR15742942_2.fastq.gz	47064953	1786420467	
kraken_reads/control/SRR1582201_1.fastq.gz	33734435	1786416551	
kraken_reads/control/SRR1582201_2.fastq.gz	34596381	1786416590	
kraken_reads/control/SRR1582462_1.fastq.gz	35584223	1786416069	
kraken_reads/control/SRR1582462_2.fastq.gz	36679602	1786416107	
kraken_reads/control/SRR15853895_1.fastq.gz	32087503	1786418631	
kraken_reads/control/SRR15853895_2.fastq.gz	32450153	1786418686	
kraken_reads/control/SRR15853901_1.fastq.gz	31750325	1786420079	
kraken_reads/control/SRR15853901_2.fastq.gz	32923449	1786420128	
kraken_reads/control/SRR15853902_1.fastq.gz	31930325	1786419252	
kraken_reads/control/SRR15853902_2.fastq.gz	31982837	1786419310	
kraken_reads/control/SRR15860440_1.fastq.gz	33063090	1786347709	
kraken_reads/control/SRR15860440_2.fastq.gz	35388219	1786347760	
kraken_reads/control/SRR15861780_1.fastq.gz	33296579	1786348216	
kraken_reads/control/SRR15861780_2.fastq.gz	33710372	1786348273	
kraken_reads/control/SRR15883002_1.fastq.gz	32843141	1786348850	
kraken_reads/control/SRR15883002_2.fastq.gz	34509992	1786348897	
kraken_reads/control/SRR15883009_1.fastq.gz	32667337	1786414099	
kraken_reads/control/SRR15883009_2.fastq.gz	34413381	1786414146	
kraken_reads/control/SRR15883017_1.fastq.gz	32662588	1786414097	
kraken_reads/control/SRR15883017_2.fastq.gz	34822369	1786414151	
kraken_reads/control/SRR15925282_1.fastq.gz	32611926	1786418668	
kraken_reads/control/SRR15925282_2.fastq.gz	33536773	1786418712	
kraken_reads/control/SRR15991863_1.fastq.gz	37976714	1786414324	
kraken_reads/control/SRR15991863_2.fastq.gz	43644847	1786414379	
kraken_reads/control/SRR15991885.fastq.gz	13407880	1786414614	
kraken_reads/control/SRR16011644_1.fastq.gz	37135565	1786416883	
kraken_reads/control/SRR16011644_2.fastq.gz	40622589	1786416934	
kraken_reads/control/SRR16011646_1.fastq.gz	32772573	1786417163	
kraken_reads/control/SRR16011646_2.fastq.gz	33874838	1786417224	
kraken_reads/control/SRR16038635_1.fastq.gz	32382852	1786348889	
kraken_reads/control/SRR16038635_2.fastq.gz	33591987	1786348941	
kraken_reads/control/SRR16082437_1.fastq.gz	33408581	1786414898	
kraken_reads/control/SRR16082437_2.fastq.gz	34364719	1786414937	
kraken_reads/control/SRR16351744_1.fastq.gz	33808784	1786417774	
kraken_reads/control/SRR16351744_2.fastq.gz	33877621	1786417820	
kraken_reads/control/SRR16351753_1.fastq.gz	33901757	1786417241	
kraken_reads/control/SRR16351753_2.fastq.gz	34436642	1786417294	
kraken_reads/control/SRR16351757_1.fastq.gz	33710633	1786417312	
kraken_reads/control/SRR16351757_2.fastq.gz	34036498	1786417361	
kraken_reads/control/SRR16474534_1.fastq.gz	26591889	1786417221	
kraken_reads/control/SRR16474534_2.fastq.gz	26642966	1786417259	
kraken_reads/control/SRR16526241_1.fastq.gz	20115584	1786419271	
kraken_reads/control/SRR16526241_2.fastq.gz	20113557	1786419306	
kraken_reads/control/SRR16526243_1.fastq.gz	20185167	1786419949	
kraken_reads/control/SRR16526243_2.fastq.gz	20178999	1786419989	
kraken_reads/control/SRR16526244_1.fastq.gz	20171443	1786418673	
kraken_reads/control/SRR16526244_2.fastq.gz	20171646	1786418706	
kraken_reads/control/SRR16526247_1.fastq.gz	20251492	1786418937	
kraken_reads/control/SRR16526247_2.fastq.gz	20247626	1786418972	
kraken_reads/control/SRR16526249_1.fastq.gz	20403005	1786419797	
kraken_reads/control/SRR16526249_2.fastq.gz	20393537	1786419834	
kraken_reads/control/SRR16611307_1.fastq.gz	35257119	1786419334	
kraken_reads/control/SRR16611307_2.fastq.gz	35914948	1786419392	
kraken_reads/control/SRR16611315_1.fastq.gz	35097230	1786420111	
kraken_reads/control/SRR16611315_2.fastq.gz	35708512	1786420160	
kraken_reads/control/SRR16611316_1.fastq.gz	35258347	1786420212	
kraken_reads/control/SRR16611316_2.fastq.gz	36164691	1786420273	
kraken_reads/control/SRR16611317_1.fastq.gz	35450401	1786419174	
kraken_reads/control/SRR16611317_2.fastq.gz	36119541	1786419220	
kraken_reads/control/SRR16611318_1.fastq.gz	35396156	1786419966	
kraken_reads/control/SRR16611318_2.fastq.gz	36510224	1786420014	
kraken_reads/control/SRR16611319_1.fastq.gz	35479903	1786418870	
kraken_reads/control/SRR16611319_2.fastq.gz	36472798	1786418921	
kraken_reads/control/SRR16611320_1.fastq.gz	35320684	1786420473	
kraken_reads/control/SRR16611320_2.fastq.gz	36136311	1786420523	
kraken_reads/control/SRR16611327_1.fastq.gz	34906282	1786420171	
kraken_reads/control/SRR16611327_2.fastq.gz	35834439	1786420222	
kraken_reads/control/SRR16611328_1.fastq.gz	34145222	1786416165	
kraken_reads/control/SRR16611328_2.fastq.gz	34915871	1786416217	
kraken_reads/control/SRR16611329_1.fastq.gz	35185812	1786419146	
kraken_reads/control/SRR16611329_2.fastq.gz	35916826	1786419200	
kraken_reads/control/SRR16611330_1.fastq.gz	35464763	1786420539	
kraken_reads/control/SRR16611330_2.fastq.gz	36343985	1786420567	
kraken_reads/control/SRR16930839_1.fastq.gz	52836717	1786418058	
kraken_reads/control/SRR16930839_2.fastq.gz	62663833	1786418120	
kraken_reads/control/SRR16930842_1.fastq.gz	52937076	1786417875	
kraken_reads/control/SRR16930842_2.fastq.gz	66542576	1786417930	
kraken_reads/control/SRR16930843_1.fastq.gz	53741853	1786418142	
kraken_reads/control/SRR16930843_2.fastq.gz	60069345	1786418197	
kraken_reads/control/SRR16930844_1.fastq.gz	56518373	1786417983	
kraken_reads/control/SRR16930844_2.fastq.gz	69589463	1786418054	
kraken_reads/control/SRR16930845_1.fastq.gz	13829117	1786417887	
kraken_reads/control/SRR16930845_2.fastq.gz	15447745	1786417907	
kraken_reads/control/SRR16930846_1.fastq.gz	612373	1786418076	
kraken_reads/control/SRR16930846_2.fastq.gz	852868	1786418078	
kraken_reads/control/SRR16930848_1.fastq.gz	61191720	1786418040	
kraken_reads/control/SRR16930848_2.fastq.gz	82887440	1786418114	
kraken_reads/control/SRR16952095.fastq.gz	17503531	1786348115	
kraken_reads/control/SRR16973000.fastq.gz	27413928	1786414470	
kraken_reads/control/SRR16995295_1.fastq.gz	32499433	1786415919	
kraken_reads/control/SRR16995295_2.fastq.gz	34084255	1786415964	
kraken_reads/control/SRR1702486_1.fastq.gz	41778752	1786410210	
kraken_reads/control/SRR1702486_2.fastq.gz	40336151	1786410225	
kraken_reads/control/SRR17036655_1.fastq.gz	60336015	1786348786	
kraken_reads/control/SRR17036655_2.fastq.gz	61487666	1786348843	
kraken_reads/control/SRR1706194.fastq.gz	37344587	1786347463	
kraken_reads/control/SRR17134280_1.fastq.gz	33569455	1786347753	
kraken_reads/control/SRR17134280_2.fastq.gz	34224480	1786347809	
kraken_reads/control/SRR17163922_1.fastq.gz	65488263	1786414156	
kraken_reads/control/SRR17163922_2.fastq.gz	66884343	1786414217	
kraken_reads/control/SRR17166880.fastq.gz	41873745	1786416163	
kraken_reads/control/SRR17194439_1.fastq.gz	28711544	1786415317	
kraken_reads/control/SRR17194439_2.fastq.gz	28730638	1786415360	
kraken_reads/control/SRR17207990_1.fastq.gz	32490898	1786416741	
kraken_reads/control/SRR17207990_2.fastq.gz	32699649	1786416790	
kraken_reads/control/SRR17207993_1.fastq.gz	32793306	1786417627	
kraken_reads/control/SRR17207993_2.fastq.gz	33326586	1786417676	
kraken_reads/control/SRR17207994_1.fastq.gz	32852069	1786416667	
kraken_reads/control/SRR17207994_2.fastq.gz	33635299	1786416725	
kraken_reads/control/SRR17224070_1.fastq.gz	32857931	1786414636	
kraken_reads/control/SRR17224070_2.fastq.gz	33813832	1786414688	
kraken_reads/control/SRR17267236_1.fastq.gz	53052373	1786417446	
kraken_reads/control/SRR17267236_2.fastq.gz	55685413	1786417512	
kraken_reads/control/SRR17267238_1.fastq.gz	55838444	1786417327	
kraken_reads/control/SRR17267238_2.fastq.gz	58820824	1786417385	
kraken_reads/control/SRR17267250_1.fastq.gz	52502655	1786417128	
kraken_reads/control/SRR17267250_2.fastq.gz	55124385	1786417206	
kraken_reads/control/SRR17267251_1.fastq.gz	54772238	1786417466	
kraken_reads/control/SRR17267251_2.fastq.gz	57588569	1786417531	
kraken_reads/control/SRR17267256_1.fastq.gz	51766779	1786417544	
kraken_reads/control/SRR17267256_2.fastq.gz	55933874	1786417608	
kraken_reads/control/SRR17296959_1.fastq.gz	32661572	1786420437	
kraken_reads/control/SRR17296959_2.fastq.gz	33860841	1786420490	
kraken_reads/control/SRR17296963_1.fastq.gz	34569227	1786418887	
kraken_reads/control/SRR17296963_2.fastq.gz	35365741	1786418933	
kraken_reads/control/SRR17296964_1.fastq.gz	32591347	1786420382	
kraken_reads/control/SRR17296964_2.fastq.gz	33218880	1786420427	
kraken_reads/control/SRR17296965_1.fastq.gz	32761592	1786420282	
kraken_reads/control/SRR17296965_2.fastq.gz	33541276	1786420332	
kraken_reads/control/SRR17296967_1.fastq.gz	32625865	1786419436	
kraken_reads/control/SRR17296967_2.fastq.gz	33332646	1786419490	
kraken_reads/control/SRR17296968_1.fastq.gz	32634983	1786418811	
kraken_reads/control/SRR17296968_2.fastq.gz	33118028	1786418870	
kraken_reads/control/SRR17317300_1.fastq.gz	33385032	1786347994	
kraken_reads/control/SRR17317300_2.fastq.gz	34669589	1786348039	
kraken_reads/control/SRR17319225_1.fastq.gz	32807352	1786415192	
kraken_reads/control/SRR17319225_2.fastq.gz	32861752	1786415236	
kraken_reads/control/SRR17400842.fastq.gz	36904515	1786410338	
kraken_reads/control/SRR17535948_1.fastq.gz	25991447	1786348401	
kraken_reads/control/SRR17535948_2.fastq.gz	25996031	1786348441	
kraken_reads/control/SRR17543520_1.fastq.gz	20291702	1786415332	
kraken_reads/control/SRR17543520_2.fastq.gz	20748460	1786415363	
kraken_reads/control/SRR17543528_1.fastq.gz	21546016	1786415051	
kraken_reads/control/SRR17543528_2.fastq.gz	22023317	1786415077	
kraken_reads/control/SRR17543680_1.fastq.gz	21555049	1786415659	
kraken_reads/control/SRR17543680_2.fastq.gz	22118110	1786415695	
kraken_reads/control/SRR1760712_1.fastq.gz	41431535	1786414749	
kraken_reads/control/SRR1760712_2.fastq.gz	42236138	1786414795	
kraken_reads/control/SRR17609703.fastq.gz	35009302	1786417997	
kraken_reads/control/SRR17609705.fastq.gz	34940655	1786417813	
kraken_reads/control/SRR17609709_1.fastq.gz	35088244	1786418039	
kraken_reads/control/SRR17609709_2.fastq.gz	35001105	1786418070	
kraken_reads/control/SRR17633985_1.fastq.gz	31908450	1786419070	
kraken_reads/control/SRR17633985_2.fastq.gz	31917481	1786419117	
kraken_reads/control/SRR17633986_1.fastq.gz	32087483	1786420273	
kraken_reads/control/SRR17633986_2.fastq.gz	32450151	1786420329	
kraken_reads/control/SRR17633987_1.fastq.gz	32003671	1786420188	
kraken_reads/control/SRR17633987_2.fastq.gz	32681219	1786420238	
kraken_reads/control/SRR17633993_1.fastq.gz	31930407	1786419188	
kraken_reads/control/SRR17633993_2.fastq.gz	31982876	1786419229	
kraken_reads/control/SRR17670788.fastq.gz	52965889	1786414638	
kraken_reads/control/SRR17674801_1.fastq.gz	33446672	1786420279	
kraken_reads/control/SRR17674801_2.fastq.gz	33362673	1786420328	
kraken_reads/control/SRR17676223_1.fastq.gz	33380818	1786348195	
kraken_reads/control/SRR17676223_2.fastq.gz	34547684	1786348253	
kraken_reads/control/SRR17686951.fastq.gz	27011645	1786414114	
kraken_reads/control/SRR17701536_1.fastq.gz	19549672	1786414109	
kraken_reads/control/SRR17701536_2.fastq.gz	19544820	1786414139	
kraken_reads/control/SRR1772879_1.fastq.gz	26129406	1786414499	
kraken_reads/control/SRR1772879_2.fastq.gz	26295990	1786414526	
kraken_reads/control/SRR1772887_1.fastq.gz	26102027	1786414438	
kraken_reads/control/SRR1772887_2.fastq.gz	26257993	1786414467	
kraken_reads/control/SRR1772910_1.fastq.gz	24329258	1786414616	
kraken_reads/control/SRR1772910_2.fastq.gz	24723209	1786414643	
kraken_reads/control/SRR1773570_1.fastq.gz	49964826	1786416953	
kraken_reads/control/SRR1773570_2.fastq.gz	53162027	1786417026	
kraken_reads/control/SRR1773573_1.fastq.gz	49287893	1786417122	
kraken_reads/control/SRR1773573_2.fastq.gz	52731619	1786417192	
kraken_reads/control/SRR1779199.fastq.gz	23867357	1786347549	
kraken_reads/control/SRR1783712.fastq.gz	31770174	1786414081	
kraken_reads/control/SRR17882827.fastq.gz	21930532	1786414005	
kraken_reads/control/SRR17893323_1.fastq.gz	32544089	1786416288	
kraken_reads/control/SRR17893323_2.fastq.gz	32702279	1786416337	
kraken_reads/control/SRR1793815_1.fastq.gz	36981349	1786415301	
kraken_reads/control/SRR1793815_2.fastq.gz	37609819	1786415339	
kraken_reads/control/SRR1793833_1.fastq.gz	38497526	1786415950	
kraken_reads/control/SRR1793833_2.fastq.gz	40825299	1786415983	
kraken_reads/control/SRR1793856_1.fastq.gz	36627644	1786416569	
kraken_reads/control/SRR1793856_2.fastq.gz	37285137	1786416608	
kraken_reads/control/SRR1793857_1.fastq.gz	36514251	1786416432	
kraken_reads/control/SRR1793857_2.fastq.gz	37039163	1786416480	
kraken_reads/control/SRR1793865_1.fastq.gz	42512074	1786415270	
kraken_reads/control/SRR1793865_2.fastq.gz	42927907	1786415313	
kraken_reads/control/SRR1793908_1.fastq.gz	42729318	1786415824	
kraken_reads/control/SRR1793908_2.fastq.gz	43278290	1786415864	
kraken_reads/control/SRR1793909_1.fastq.gz	42594803	1786415391	
kraken_reads/control/SRR1793909_2.fastq.gz	43313155	1786415440	
kraken_reads/control/SRR17940160.fastq.gz	34851764	1786416209	
kraken_reads/control/SRR17955998.fastq.gz	18095739	1786420061	
kraken_reads/control/SRR17955999.fastq.gz	18556259	1786420188	
kraken_reads/control/SRR18004692_1.fastq.gz	33165590	1786348092	
kraken_reads/control/SRR18004692_2.fastq.gz	33738618	1786348135	
kraken_reads/control/SRR18069911_1.fastq.gz	15395482	1786415891	
kraken_reads/control/SRR18069911_2.fastq.gz	15405300	1786415921	
kraken_reads/control/SRR18069913_1.fastq.gz	15282481	1786415598	
kraken_reads/control/SRR18069913_2.fastq.gz	15332949	1786415625	
kraken_reads/control/SRR18083504.fastq.gz	23247993	1786416226	
kraken_reads/control/SRR18085310_1.fastq.gz	39100171	1786347623	
kraken_reads/control/SRR18085310_2.fastq.gz	42435613	1786347666	
kraken_reads/control/SRR18111240_1.fastq.gz	32298675	1786347920	
kraken_reads/control/SRR18111240_2.fastq.gz	34950978	1786347971	
kraken_reads/control/SRR18131792_1.fastq.gz	29732179	1786419487	
kraken_reads/control/SRR18131792_2.fastq.gz	29688863	1786419537	
kraken_reads/control/SRR18160819_1.fastq.gz	32964182	1786348137	
kraken_reads/control/SRR18160819_2.fastq.gz	33275639	1786348205	
kraken_reads/control/SRR18188800.fastq.gz	60400820	1786420073	
kraken_reads/control/SRR18188801.fastq.gz	60705986	1786419761	
kraken_reads/control/SRR18188804.fastq.gz	63209463	1786419480	
kraken_reads/control/SRR18188805.fastq.gz	60592745	1786420133	
kraken_reads/control/SRR18233038_1.fastq.gz	32687985	1786414560	
kraken_reads/control/SRR18233038_2.fastq.gz	34938664	1786414612	
kraken_reads/control/SRR18240551_1.fastq.gz	36211342	1786414602	
kraken_reads/control/SRR18240551_2.fastq.gz	37603021	1786414666	
kraken_reads/control/SRR18250276_1.fastq.gz	34412346	1786414344	
kraken_reads/control/SRR18250276_2.fastq.gz	34609213	1786414398	
kraken_reads/control/SRR18337157_1.fastq.gz	29189796	1786420294	
kraken_reads/control/SRR18337157_2.fastq.gz	28374647	1786420332	
kraken_reads/control/SRR18461291_1.fastq.gz	35570300	1786416505	
kraken_reads/control/SRR18461291_2.fastq.gz	34913081	1786416561	
kraken_reads/control/SRR18474738_1.fastq.gz	26493889	1786418694	
kraken_reads/control/SRR18474738_2.fastq.gz	26498278	1786418743	
kraken_reads/control/SRR18474746_1.fastq.gz	26563932	1786418770	
kraken_reads/control/SRR18474746_2.fastq.gz	26569802	1786418809	
kraken_reads/control/SRR18492811_1.fastq.gz	33793454	1786414642	
kraken_reads/control/SRR18492811_2.fastq.gz	34167501	1786414693	
kraken_reads/control/SRR18492817_1.fastq.gz	34046294	1786414654	
kraken_reads/control/SRR18492817_2.fastq.gz	34357873	1786414707	
kraken_reads/control/SRR18495241_1.fastq.gz	35464135	1786348732	
kraken_reads/control/SRR18495241_2.fastq.gz	37813339	1786348800	
kraken_reads/control/SRR18513449_1.fastq.gz	26713122	1786414607	
kraken_reads/control/SRR18513449_2.fastq.gz	26714646	1786414656	
kraken_reads/control/SRR18643198_1.fastq.gz	38586674	1786347574	
kraken_reads/control/SRR18643198_2.fastq.gz	40884729	1786347637	
kraken_reads/control/SRR18657685_1.fastq.gz	34743382	1786348309	
kraken_reads/control/SRR18657685_2.fastq.gz	35582293	1786348360	
kraken_reads/control/SRR18682792_1.fastq.gz	26760493	1786347884	
kraken_reads/control/SRR18682792_2.fastq.gz	26759797	1786347929	
kraken_reads/control/SRR18829241_1.fastq.gz	34138836	1786414388	
kraken_reads/control/SRR18829241_2.fastq.gz	36716845	1786414439	
kraken_reads/control/SRR18856608_1.fastq.gz	34060600	1786348042	
kraken_reads/control/SRR18856608_2.fastq.gz	34111778	1786348085	
kraken_reads/control/SRR18908138_1.fastq.gz	34424162	1786347619	
kraken_reads/control/SRR18908138_2.fastq.gz	35109086	1786347666	
kraken_reads/control/SRR18934621.fastq.gz	63115678	1786347848	
kraken_reads/control/SRR18935821_1.fastq.gz	33579056	1786348517	
kraken_reads/control/SRR18935821_2.fastq.gz	34598125	1786348583	
kraken_reads/control/SRR18957877_1.fastq.gz	37964198	1786415548	
kraken_reads/control/SRR18957877_2.fastq.gz	43152746	1786415591	
kraken_reads/control/SRR18957882_1.fastq.gz	36774656	1786415567	
kraken_reads/control/SRR18957882_2.fastq.gz	41867714	1786415608	
kraken_reads/control/SRR18957890_1.fastq.gz	40170093	1786415912	
kraken_reads/control/SRR18957890_2.fastq.gz	41882609	1786415961	
kraken_reads/control/SRR18957891_1.fastq.gz	37406090	1786348994	
kraken_reads/control/SRR18957891_2.fastq.gz	42401390	1786349025	
kraken_reads/control/SRR19018790_1.fastq.gz	32513243	1786416508	
kraken_reads/control/SRR19018790_2.fastq.gz	34524166	1786416570	
kraken_reads/control/SRR19018793_1.fastq.gz	32122281	1786416087	
kraken_reads/control/SRR19018793_2.fastq.gz	34715931	1786416145	
kraken_reads/control/SRR19018794_1.fastq.gz	32216110	1786416227	
kraken_reads/control/SRR19018794_2.fastq.gz	34382831	1786416273	
kraken_reads/control/SRR19018798_1.fastq.gz	31228937	1786416459	
kraken_reads/control/SRR19018798_2.fastq.gz	33381725	1786416516	
kraken_reads/control/SRR19050458_1.fastq.gz	35566048	1786419166	
kraken_reads/control/SRR19050458_2.fastq.gz	35357594	1786419215	
kraken_reads/control/SRR19050459_1.fastq.gz	35406188	1786419411	
kraken_reads/control/SRR19050459_2.fastq.gz	36236132	1786419471	
kraken_reads/control/SRR19052614_1.fastq.gz	33968434	1786414755	
kraken_reads/control/SRR19052614_2.fastq.gz	33978116	1786414811	
kraken_reads/control/SRR19055239_1.fastq.gz	33735152	1786420110	
kraken_reads/control/SRR19055239_2.fastq.gz	34031612	1786420163	
kraken_reads/control/SRR19134641_1.fastq.gz	26417910	1786348657	
kraken_reads/control/SRR19134641_2.fastq.gz	26427408	1786348701	
kraken_reads/control/SRR19139454_1.fastq.gz	31804979	1786347835	
kraken_reads/control/SRR19139454_2.fastq.gz	31522291	1786347888	
kraken_reads/control/SRR19142978_1.fastq.gz	26745376	1786348324	
kraken_reads/control/SRR19142978_2.fastq.gz	26763509	1786348373	
kraken_reads/control/SRR19199876_1.fastq.gz	24696458	1786347657	
kraken_reads/control/SRR19199876_2.fastq.gz	24939611	1786347683	
kraken_reads/control/SRR19199877_1.fastq.gz	24385848	1786348444	
kraken_reads/control/SRR19199877_2.fastq.gz	24906138	1786348476	
kraken_reads/control/SRR1922836_1.fastq.gz	32494322	1786415988	
kraken_reads/control/SRR1922836_2.fastq.gz	31812955	1786416020	
kraken_reads/control/SRR19241895_1.fastq.gz	34155275	1786348893	
kraken_reads/control/SRR19241895_2.fastq.gz	34995071	1786348936	
kraken_reads/control/SRR19261760_1.fastq.gz	26212271	1786414316	
kraken_reads/control/SRR19261760_2.fastq.gz	26172697	1786414356	
kraken_reads/control/SRR1929577.fastq.gz	29258833	1786414703	
kraken_reads/control/SRR19329527_1.fastq.gz	26880226	1786414424	
kraken_reads/control/SRR19329527_2.fastq.gz	26886579	1786414470	
kraken_reads/control/SRR19346780_1.fastq.gz	34953746	1786415388	
kraken_reads/control/SRR19346780_2.fastq.gz	34970220	1786415440	
kraken_reads/control/SRR19361762_1.fastq.gz	26756220	1786415850	
kraken_reads/control/SRR19361762_2.fastq.gz	26818618	1786415895	
kraken_reads/control/SRR19372150_1.fastq.gz	26518050	1786417068	
kraken_reads/control/SRR19372150_2.fastq.gz	26518805	1786417117	
kraken_reads/control/SRR19426702_1.fastq.gz	41904261	1786419088	
kraken_reads/control/SRR19426702_2.fastq.gz	45857504	1786419171	
kraken_reads/control/SRR1949890.fastq.gz	29143635	1786414427	
kraken_reads/control/SRR1951825_1.fastq.gz	47922926	1786348611	
kraken_reads/control/SRR1951825_2.fastq.gz	52003853	1786348653	
kraken_reads/control/SRR19521792.fastq.gz	26149867	1786414334	
kraken_reads/control/SRR19605769_1.fastq.gz	34187582	1786416976	
kraken_reads/control/SRR19605769_2.fastq.gz	35431126	1786417041	
kraken_reads/control/SRR19605773_1.fastq.gz	34185792	1786417106	
kraken_reads/control/SRR19605773_2.fastq.gz	35421719	1786417161	
kraken_reads/control/SRR19619628.fastq.gz	27187366	1786348028	
kraken_reads/control/SRR19648057.fastq.gz	15109623	1786348975	
kraken_reads/control/SRR19648063.fastq.gz	15152786	1786415150	
kraken_reads/control/SRR19648067.fastq.gz	15907734	1786415078	
kraken_reads/control/SRR19648068.fastq.gz	15154404	1786415285	
kraken_reads/control/SRR19648078.fastq.gz	17125280	1786416004	
kraken_reads/control/SRR19648079.fastq.gz	15989045	1786416347	
kraken_reads/control/SRR1975193.fastq.gz	27847621	1786417654	
kraken_reads/control/SRR1975195.fastq.gz	27887545	1786416688	
kraken_reads/control/SRR1975196.fastq.gz	27820682	1786417573	
kraken_reads/control/SRR1975197.fastq.gz	27877788	1786417140	
kraken_reads/control/SRR1975198.fastq.gz	27819378	1786417766	
kraken_reads/control/SRR1975199.fastq.gz	27892313	1786416662	
kraken_reads/control/SRR1975200.fastq.gz	27910382	1786417263	
kraken_reads/control/SRR1975202.fastq.gz	27858910	1786417393	
kraken_reads/control/SRR1975204.fastq.gz	27976755	1786417478	
kraken_reads/control/SRR19752891_1.fastq.gz	3223369	1786419150	
kraken_reads/control/SRR19752891_2.fastq.gz	3256212	1786419155	
kraken_reads/control/SRR19752899_1.fastq.gz	18473481	1786415794	
kraken_reads/control/SRR19752899_2.fastq.gz	18592123	1786415825	
kraken_reads/control/SRR19752900_1.fastq.gz	2548010	1786420159	
kraken_reads/control/SRR19752900_2.fastq.gz	2576455	1786420163	
kraken_reads/control/SRR19752901_1.fastq.gz	17575057	1786418550	
kraken_reads/control/SRR19752901_2.fastq.gz	17646309	1786418569	
kraken_reads/control/SRR19752904_1.fastq.gz	13276013	1786416272	
kraken_reads/control/SRR19752904_2.fastq.gz	13343997	1786416287	
kraken_reads/control/SRR19752907_1.fastq.gz	7506507	1786418515	
kraken_reads/control/SRR19752907_2.fastq.gz	7560453	1786418527	
kraken_reads/control/SRR19752910_1.fastq.gz	38136455	1786420058	
kraken_reads/control/SRR19752910_2.fastq.gz	38314063	1786420102	
kraken_reads/control/SRR19752911_1.fastq.gz	37884080	1786419288	
kraken_reads/control/SRR19752911_2.fastq.gz	38020564	1786419328	
kraken_reads/control/SRR19752912_1.fastq.gz	11076198	1786420056	
kraken_reads/control/SRR19752912_2.fastq.gz	11134678	1786420069	
kraken_reads/control/SRR19752913_1.fastq.gz	8364847	1786419831	
kraken_reads/control/SRR19752913_2.fastq.gz	8403431	1786419840	
kraken_reads/control/SRR19761373.fastq.gz	26932710	1786348139	
kraken_reads/control/SRR19781995.fastq.gz	33663187	1786414118	
kraken_reads/control/SRR19793096.fastq.gz	18092363	1786414073	
kraken_reads/control/SRR19891823_1.fastq.gz	33380468	1786415257	
kraken_reads/control/SRR19891823_2.fastq.gz	34604533	1786415309	
kraken_reads/control/SRR19891828_1.fastq.gz	33517731	1786415588	
kraken_reads/control/SRR19891828_2.fastq.gz	34830554	1786415636	
kraken_reads/control/SRR19977866_1.fastq.gz	42292237	1786418524	
kraken_reads/control/SRR19977866_2.fastq.gz	40061313	1786418583	
kraken_reads/control/SRR20045399_1.fastq.gz	7385134	1786414385	
kraken_reads/control/SRR20045399_2.fastq.gz	7505140	1786414395	
kraken_reads/control/SRR20045994_1.fastq.gz	34072452	1786414413	
kraken_reads/control/SRR20045994_2.fastq.gz	34823621	1786414461	
kraken_reads/control/SRR20045999_1.fastq.gz	34068813	1786414624	
kraken_reads/control/SRR20045999_2.fastq.gz	34671569	1786414682	
kraken_reads/control/SRR20280069_1.fastq.gz	32567834	1786416829	
kraken_reads/control/SRR20280069_2.fastq.gz	34647216	1786416890	
kraken_reads/control/SRR20280070_1.fastq.gz	32848924	1786416664	
kraken_reads/control/SRR20280070_2.fastq.gz	34380969	1786416712	
kraken_reads/control/SRR20305580_1.fastq.gz	32546152	1786414195	
kraken_reads/control/SRR20305580_2.fastq.gz	32671916	1786414254	
kraken_reads/control/SRR2054901_1.fastq.gz	34372324	1786414606	
kraken_reads/control/SRR2054901_2.fastq.gz	35953214	1786414648	
kraken_reads/control/SRR20695274.fastq.gz	43629982	1786416484	
kraken_reads/control/SRR20722399_1.fastq.gz	32592694	1786418397	
kraken_reads/control/SRR20722399_2.fastq.gz	33352716	1786418439	
kraken_reads/control/SRR20722401_1.fastq.gz	32552854	1786418370	
kraken_reads/control/SRR20722401_2.fastq.gz	33852939	1786418425	
kraken_reads/control/SRR2086521.fastq.gz	5738966	1786414468	
kraken_reads/control/SRR21002207_1.fastq.gz	35922567	1786415487	
kraken_reads/control/SRR21002207_2.fastq.gz	36585616	1786415543	
kraken_reads/control/SRR21007651_1.fastq.gz	26399555	1786348394	
kraken_reads/control/SRR21007651_2.fastq.gz	26387282	1786348438	
kraken_reads/control/SRR21058661_1.fastq.gz	63637536	1786415755	
kraken_reads/control/SRR21058661_2.fastq.gz	65403029	1786415831	
kraken_reads/control/SRR21082821.fastq.gz	19275967	1786416455	
kraken_reads/control/SRR21082823.fastq.gz	19335856	1786415518	
kraken_reads/control/SRR21098343_1.fastq.gz	33338701	1786420080	
kraken_reads/control/SRR21098343_2.fastq.gz	33797380	1786420130	
kraken_reads/control/SRR21098344_1.fastq.gz	31005232	1786420298	
kraken_reads/control/SRR21098344_2.fastq.gz	31575406	1786420347	
kraken_reads/control/SRR21098345_1.fastq.gz	30170074	1786418623	
kraken_reads/control/SRR21098345_2.fastq.gz	30438083	1786418665	
kraken_reads/control/SRR21098346_1.fastq.gz	33295706	1786420416	
kraken_reads/control/SRR21098346_2.fastq.gz	33769201	1786420451	
kraken_reads/control/SRR21195547_1.fastq.gz	34528812	1786414743	
kraken_reads/control/SRR21195547_2.fastq.gz	34420067	1786414793	
kraken_reads/control/SRR21195549_1.fastq.gz	34472646	1786414648	
kraken_reads/control/SRR21195549_2.fastq.gz	34412473	1786414699	
kraken_reads/control/SRR21195556_1.fastq.gz	33303962	1786416094	
kraken_reads/control/SRR21195556_2.fastq.gz	34432933	1786416157	
kraken_reads/control/SRR21195561_1.fastq.gz	33436387	1786415567	
kraken_reads/control/SRR21195561_2.fastq.gz	34758379	1786415614	
kraken_reads/control/SRR21195562_1.fastq.gz	33020341	1786415513	
kraken_reads/control/SRR21195562_2.fastq.gz	34571320	1786415559	
kraken_reads/control/SRR21195565_1.fastq.gz	32102947	1786415732	
kraken_reads/control/SRR21195565_2.fastq.gz	33053006	1786415788	
kraken_reads/control/SRR21195568_1.fastq.gz	34110073	1786419504	
kraken_reads/control/SRR21195568_2.fastq.gz	34544992	1786419561	
kraken_reads/control/SRR21195571_1.fastq.gz	34054064	1786418761	
kraken_reads/control/SRR21195571_2.fastq.gz	34612455	1786418808	
kraken_reads/control/SRR21195573_1.fastq.gz	33824289	1786420414	
kraken_reads/control/SRR21195573_2.fastq.gz	34996807	1786420448	
kraken_reads/control/SRR21195574_1.fastq.gz	32213108	1786415582	
kraken_reads/control/SRR21195574_2.fastq.gz	32747014	1786415638	
kraken_reads/control/SRR21195575_1.fastq.gz	33331626	1786415637	
kraken_reads/control/SRR21195575_2.fastq.gz	33852747	1786415686	
kraken_reads/control/SRR21195579_1.fastq.gz	33749824	1786419913	
kraken_reads/control/SRR21195579_2.fastq.gz	34770326	1786419968	
kraken_reads/control/SRR21195582_1.fastq.gz	34320657	1786415060	
kraken_reads/control/SRR21195582_2.fastq.gz	34701530	1786415114	
kraken_reads/control/SRR21209940.fastq.gz	22520877	1786348613	
kraken_reads/control/SRR21386559_1.fastq.gz	26806133	1786415048	
kraken_reads/control/SRR21386559_2.fastq.gz	26824626	1786415088	
kraken_reads/control/SRR21386569_1.fastq.gz	26872198	1786414973	
kraken_reads/control/SRR21386569_2.fastq.gz	26892882	1786415024	
kraken_reads/control/SRR21464499.fastq.gz	27321828	1786414633	
kraken_reads/control/SRR21484388_1.fastq.gz	26677680	1786419573	
kraken_reads/control/SRR21484388_2.fastq.gz	26751350	1786419627	
kraken_reads/control/SRR21484393_1.fastq.gz	27376985	1786419240	
kraken_reads/control/SRR21484393_2.fastq.gz	27433456	1786419287	
kraken_reads/control/SRR21484395_1.fastq.gz	27245168	1786418938	
kraken_reads/control/SRR21484395_2.fastq.gz	27275823	1786418982	
kraken_reads/control/SRR21484396_1.fastq.gz	27363438	1786418514	
kraken_reads/control/SRR21484396_2.fastq.gz	27406018	1786418563	
kraken_reads/control/SRR21523040_1.fastq.gz	24765300	1786414106	
kraken_reads/control/SRR21523040_2.fastq.gz	25260485	1786414146	
kraken_reads/control/SRR21699285_1.fastq.gz	32265156	1786348392	
kraken_reads/control/SRR21699285_2.fastq.gz	33455792	1786348433	
kraken_reads/control/SRR2170109.fastq.gz	22420263	1786415458	
kraken_reads/control/SRR21796863_1.fastq.gz	32944885	1786416215	
kraken_reads/control/SRR21796863_2.fastq.gz	32330615	1786416252	
kraken_reads/control/SRR21796864_1.fastq.gz	32915348	1786415400	
kraken_reads/control/SRR21796864_2.fastq.gz	32471819	1786415451	
kraken_reads/control/SRR21796868_1.fastq.gz	32966198	1786416259	
kraken_reads/control/SRR21796868_2.fastq.gz	32724827	1786416314	
kraken_reads/control/SRR21798524_1.fastq.gz	33446403	1786418144	
kraken_reads/control/SRR21798524_2.fastq.gz	34970241	1786418186	
kraken_reads/control/SRR21798525_1.fastq.gz	35455966	1786417924	
kraken_reads/control/SRR21798525_2.fastq.gz	37356630	1786417980	
kraken_reads/control/SRR21798526_1.fastq.gz	35382684	1786417931	
kraken_reads/control/SRR21798526_2.fastq.gz	37097757	1786417996	
kraken_reads/control/SRR21798529_1.fastq.gz	34817043	1786417825	
kraken_reads/control/SRR21798529_2.fastq.gz	35216824	1786417873	
kraken_reads/control/SRR21841588_1.fastq.gz	20300779	1786417295	
kraken_reads/control/SRR21841588_2.fastq.gz	20315053	1786417329	
kraken_reads/control/SRR2185183.fastq.gz	21774063	1786416348	
kraken_reads/control/SRR2185186.fastq.gz	11562754	1786416218	
kraken_reads/control/SRR21866273_1.fastq.gz	41842027	1786410328	
kraken_reads/control/SRR21866273_2.fastq.gz	45123006	1786410349	
kraken_reads/control/SRR21869247_1.fastq.gz	31236840	1786414481	
kraken_reads/control/SRR21869247_2.fastq.gz	31802258	1786414529	
kraken_reads/control/SRR21896098_1.fastq.gz	17268692	1786347947	
kraken_reads/control/SRR21896098_2.fastq.gz	16840431	1786347983	
kraken_reads/control/SRR21928646_1.fastq.gz	31607282	1786419180	
kraken_reads/control/SRR21928646_2.fastq.gz	32101653	1786419223	
kraken_reads/control/SRR21967055_1.fastq.gz	34216471	1786414488	
kraken_reads/control/SRR21967055_2.fastq.gz	36423179	1786414539	
kraken_reads/control/SRR21986356.fastq.gz	15613247	1786414380	
kraken_reads/control/SRR21995375_1.fastq.gz	31029127	1786419724	
kraken_reads/control/SRR21995375_2.fastq.gz	34162517	1786419779	
kraken_reads/control/SRR21995377_1.fastq.gz	31004149	1786420081	
kraken_reads/control/SRR21995377_2.fastq.gz	34233082	1786420131	
kraken_reads/control/SRR21995378_1.fastq.gz	30935078	1786419728	
kraken_reads/control/SRR21995378_2.fastq.gz	34142475	1786419781	
kraken_reads/control/SRR21997280_1.fastq.gz	34166235	1786419279	
kraken_reads/control/SRR21997280_2.fastq.gz	34357361	1786419324	
kraken_reads/control/SRR22015147_1.fastq.gz	32595941	1786415883	
kraken_reads/control/SRR22015147_2.fastq.gz	33068342	1786415933	
kraken_reads/control/SRR22016210_1.fastq.gz	41691544	1786416482	
kraken_reads/control/SRR22016210_2.fastq.gz	43806816	1786416547	
kraken_reads/control/SRR22122951_1.fastq.gz	26935653	1786419609	
kraken_reads/control/SRR22122951_2.fastq.gz	26995094	1786419660	
kraken_reads/control/SRR22122952_1.fastq.gz	25610580	1786416456	
kraken_reads/control/SRR22122952_2.fastq.gz	25671432	1786416506	
kraken_reads/control/SRR22122953_1.fastq.gz	26232969	1786418492	
kraken_reads/control/SRR22122953_2.fastq.gz	26258277	1786418541	
kraken_reads/control/SRR22122955_1.fastq.gz	26916701	1786419661	
kraken_reads/control/SRR22122955_2.fastq.gz	26973344	1786419704	
kraken_reads/control/SRR22139839.fastq.gz	20689562	1786418079	
kraken_reads/control/SRR22139841.fastq.gz	19759532	1786418028	
kraken_reads/control/SRR22139842_1.fastq.gz	25059444	1786418029	
kraken_reads/control/SRR22139842_2.fastq.gz	26185128	1786418060	
kraken_reads/control/SRR22139843_1.fastq.gz	19890810	1786418106	
kraken_reads/control/SRR22139843_2.fastq.gz	21316266	1786418130	
kraken_reads/control/SRR22139844_1.fastq.gz	20622326	1786418028	
kraken_reads/control/SRR22139844_2.fastq.gz	22337673	1786418060	
kraken_reads/control/SRR22139846_1.fastq.gz	20333486	1786417964	
kraken_reads/control/SRR22139846_2.fastq.gz	20628114	1786417994	
kraken_reads/control/SRR22139847.fastq.gz	16219718	1786418141	
kraken_reads/control/SRR22139848.fastq.gz	19802824	1786417841	
kraken_reads/control/SRR22193288_1.fastq.gz	27187895	1786348727	
kraken_reads/control/SRR22193288_2.fastq.gz	27237485	1786348777	
kraken_reads/control/SRR22261530_1.fastq.gz	32167818	1786414652	
kraken_reads/control/SRR22261530_2.fastq.gz	32755472	1786414700	
kraken_reads/control/SRR22272462_1.fastq.gz	39694266	1786419333	
kraken_reads/control/SRR22272462_2.fastq.gz	43476134	1786419395	
kraken_reads/control/SRR22272463_1.fastq.gz	39761645	1786419145	
kraken_reads/control/SRR22272463_2.fastq.gz	43565349	1786419201	
kraken_reads/control/SRR22272464_1.fastq.gz	40360563	1786416334	
kraken_reads/control/SRR22272464_2.fastq.gz	45318396	1786416403	
kraken_reads/control/SRR22272466_1.fastq.gz	39987634	1786419004	
kraken_reads/control/SRR22272466_2.fastq.gz	44390890	1786419067	
kraken_reads/control/SRR22272467_1.fastq.gz	40451612	1786416171	
kraken_reads/control/SRR22272467_2.fastq.gz	44930445	1786416227	
kraken_reads/control/SRR22299555_1.fastq.gz	31419141	1786347626	
kraken_reads/control/SRR22299555_2.fastq.gz	32856696	1786347666	
kraken_reads/control/SRR22318469_1.fastq.gz	26736780	1786414444	
kraken_reads/control/SRR22318469_2.fastq.gz	26789023	1786414498	
kraken_reads/control/SRR22376314_1.fastq.gz	33866907	1786348779	
kraken_reads/control/SRR22376314_2.fastq.gz	33671993	1786348831	
kraken_reads/control/SRR22377997_1.fastq.gz	28759935	1786416561	
kraken_reads/control/SRR22377997_2.fastq.gz	28760148	1786416607	
kraken_reads/control/SRR22425823_1.fastq.gz	24846948	1786414254	
kraken_reads/control/SRR22425823_2.fastq.gz	24991026	1786414293	
kraken_reads/control/SRR22425856_1.fastq.gz	24928795	1786347740	
kraken_reads/control/SRR22425856_2.fastq.gz	25050660	1786347790	
kraken_reads/control/SRR22570515_1.fastq.gz	26132495	1786414340	
kraken_reads/control/SRR22570515_2.fastq.gz	26231908	1786414392	
kraken_reads/control/SRR22703110_1.fastq.gz	40669273	1786347637	
kraken_reads/control/SRR22703110_2.fastq.gz	44967256	1786347691	
kraken_reads/control/SRR22703133_1.fastq.gz	40528222	1786410195	
kraken_reads/control/SRR22703133_2.fastq.gz	44643945	1786410217	
kraken_reads/control/SRR22756180_1.fastq.gz	33917654	1786415479	
kraken_reads/control/SRR22756180_2.fastq.gz	33278021	1786415531	
kraken_reads/control/SRR22764486_1.fastq.gz	26529235	1786419917	
kraken_reads/control/SRR22764486_2.fastq.gz	26577149	1786419958	
kraken_reads/control/SRR22764487_1.fastq.gz	26707325	1786417366	
kraken_reads/control/SRR22764487_2.fastq.gz	26755534	1786417412	
kraken_reads/control/SRR22764488_1.fastq.gz	26465541	1786416671	
kraken_reads/control/SRR22764488_2.fastq.gz	26522706	1786416713	
kraken_reads/control/SRR22799080_1.fastq.gz	34191128	1786414883	
kraken_reads/control/SRR22799080_2.fastq.gz	34267263	1786414935	
kraken_reads/control/SRR22807643_1.fastq.gz	24424216	1786410399	
kraken_reads/control/SRR22807643_2.fastq.gz	24737548	1786410413	
kraken_reads/control/SRR22824396.fastq.gz	7770518	1786414534	
kraken_reads/control/SRR22838950_1.fastq.gz	35806240	1786414855	
kraken_reads/control/SRR22838950_2.fastq.gz	37128558	1786414909	
kraken_reads/control/SRR22889396_1.fastq.gz	25147351	1786416604	
kraken_reads/control/SRR22889396_2.fastq.gz	25136901	1786416645	
kraken_reads/control/SRR22889399_1.fastq.gz	25127037	1786416069	
kraken_reads/control/SRR22889399_2.fastq.gz	25153844	1786416113	
kraken_reads/control/SRR22890572_1.fastq.gz	30849493	1786348038	
kraken_reads/control/SRR22890572_2.fastq.gz	31837861	1786348084	
kraken_reads/control/SRR22906547_1.fastq.gz	25585346	1786414983	
kraken_reads/control/SRR22906547_2.fastq.gz	25601588	1786415031	
kraken_reads/control/SRR22973875_1.fastq.gz	28150055	1786415647	
kraken_reads/control/SRR22973875_2.fastq.gz	29288976	1786415687	
kraken_reads/control/SRR23095499.fastq.gz	58721005	1786347833	
kraken_reads/control/SRR23194109.fastq.gz	17046401	1786419928	
kraken_reads/control/SRR23194130.fastq.gz	17525638	1786420522	
kraken_reads/control/SRR23194159.fastq.gz	17935791	1786419707	
kraken_reads/control/SRR23194179.fastq.gz	16944191	1786418964	
kraken_reads/control/SRR23198270_1.fastq.gz	26916715	1786418767	
kraken_reads/control/SRR23198270_2.fastq.gz	26973393	1786418811	
kraken_reads/control/SRR23199818_1.fastq.gz	35471631	1786414304	
kraken_reads/control/SRR23199818_2.fastq.gz	35652621	1786414363	
kraken_reads/control/SRR23230480_1.fastq.gz	40578027	1786348612	
kraken_reads/control/SRR23230480_2.fastq.gz	44568886	1786348678	
kraken_reads/control/SRR23292911_1.fastq.gz	34244413	1786416711	
kraken_reads/control/SRR23292911_2.fastq.gz	33915651	1786416772	
kraken_reads/control/SRR23294579_1.fastq.gz	23050751	1786417160	
kraken_reads/control/SRR23294579_2.fastq.gz	24323975	1786417193	
kraken_reads/control/SRR23294580_1.fastq.gz	22835813	1786417170	
kraken_reads/control/SRR23294580_2.fastq.gz	24461155	1786417216	
kraken_reads/control/SRR23294581_1.fastq.gz	22868666	1786417299	
kraken_reads/control/SRR23294581_2.fastq.gz	24647750	1786417336	
kraken_reads/control/SRR23335484.fastq.gz	26272051	1786414587	
kraken_reads/control/SRR23370244_1.fastq.gz	30572921	1786347509	
kraken_reads/control/SRR23370244_2.fastq.gz	31515468	1786347562	
kraken_reads/control/SRR23373671_1.fastq.gz	25998559	1786419281	
kraken_reads/control/SRR23373671_2.fastq.gz	26060233	1786419319	
kraken_reads/control/SRR23378914_1.fastq.gz	29262534	1786348638	
kraken_reads/control/SRR23378914_2.fastq.gz	29269155	1786348680	
kraken_reads/control/SRR23460046.fastq.gz	26879871	1786414149	
kraken_reads/control/SRR23558476.fastq.gz	6672876	1786348666	
kraken_reads/control/SRR23615102_1.fastq.gz	24132238	1786414243	
kraken_reads/control/SRR23615102_2.fastq.gz	24180053	1786414287	
kraken_reads/control/SRR23758646_1.fastq.gz	26567734	1786416783	
kraken_reads/control/SRR23758646_2.fastq.gz	26538824	1786416836	
kraken_reads/control/SRR23758649_1.fastq.gz	26417318	1786417648	
kraken_reads/control/SRR23758649_2.fastq.gz	26417476	1786417689	
kraken_reads/control/SRR23758652_1.fastq.gz	26450135	1786416788	
kraken_reads/control/SRR23758652_2.fastq.gz	26438266	1786416839	
kraken_reads/control/SRR23758655_1.fastq.gz	26390978	1786420279	
kraken_reads/control/SRR23758655_2.fastq.gz	26370312	1786420324	
kraken_reads/control/SRR23758657_1.fastq.gz	26336151	1786419462	
kraken_reads/control/SRR23758657_2.fastq.gz	26317061	1786419516	
kraken_reads/control/SRR23758658_1.fastq.gz	26367393	1786419519	
kraken_reads/control/SRR23758658_2.fastq.gz	26358532	1786419569	
kraken_reads/control/SRR23758761_1.fastq.gz	26382078	1786416883	
kraken_reads/control/SRR23758761_2.fastq.gz	26378756	1786416925	
kraken_reads/control/SRR23815953_1.fastq.gz	19971897	1786418567	
kraken_reads/control/SRR23815953_2.fastq.gz	19994581	1786418602	
kraken_reads/control/SRR23815954_1.fastq.gz	24025367	1786419078	
kraken_reads/control/SRR23815954_2.fastq.gz	24038379	1786419117	
kraken_reads/control/SRR23815955_1.fastq.gz	22209892	1786418622	
kraken_reads/control/SRR23815955_2.fastq.gz	22411983	1786418664	
kraken_reads/control/SRR23815957_1.fastq.gz	26205416	1786420220	
kraken_reads/control/SRR23815957_2.fastq.gz	26225781	1786420274	
kraken_reads/control/SRR23815958_1.fastq.gz	25416795	1786419280	
kraken_reads/control/SRR23815958_2.fastq.gz	25492113	1786419326	
kraken_reads/control/SRR23866833_1.fastq.gz	34648788	1786348397	
kraken_reads/control/SRR23866833_2.fastq.gz	35378215	1786348439	
kraken_reads/control/SRR23907337_1.fastq.gz	26916705	1786419726	
kraken_reads/control/SRR23907337_2.fastq.gz	26973370	1786419771	
kraken_reads/control/SRR23907343_1.fastq.gz	26574248	1786420014	
kraken_reads/control/SRR23907343_2.fastq.gz	26591413	1786420066	
kraken_reads/control/SRR23907344_1.fastq.gz	26267367	1786419011	
kraken_reads/control/SRR23907344_2.fastq.gz	26299998	1786419064	
kraken_reads/control/SRR23944536.fastq.gz	20759168	1786414540	
kraken_reads/control/SRR24010225_1.fastq.gz	19924852	1786416134	
kraken_reads/control/SRR24010225_2.fastq.gz	20007231	1786416159	
kraken_reads/control/SRR24010245_1.fastq.gz	22071842	1786415919	
kraken_reads/control/SRR24010245_2.fastq.gz	22275338	1786415952	
kraken_reads/control/SRR24082055_1.fastq.gz	50186540	1786414103	
kraken_reads/control/SRR24082055_2.fastq.gz	47674098	1786414172	
kraken_reads/control/SRR24101653_1.fastq.gz	34913196	1786414496	
kraken_reads/control/SRR24101653_2.fastq.gz	34982192	1786414549	
kraken_reads/control/SRR24116281_1.fastq.gz	26413087	1786419896	
kraken_reads/control/SRR24116281_2.fastq.gz	26412408	1786419948	
kraken_reads/control/SRR24124108_1.fastq.gz	19985994	1786348286	
kraken_reads/control/SRR24124108_2.fastq.gz	19971615	1786348324	
kraken_reads/control/SRR24162857.fastq.gz	10480236	1786347447	
kraken_reads/control/SRR24182399_1.fastq.gz	32965337	1786414524	
kraken_reads/control/SRR24182399_2.fastq.gz	33954616	1786414558	
kraken_reads/control/SRR24183170_1.fastq.gz	25662749	1786416397	
kraken_reads/control/SRR24183170_2.fastq.gz	25634808	1786416439	
kraken_reads/control/SRR24271394_1.fastq.gz	26624029	1786417435	
kraken_reads/control/SRR24271394_2.fastq.gz	26692517	1786417478	
kraken_reads/control/SRR24282042_1.fastq.gz	59655354	1786347746	
kraken_reads/control/SRR24282042_2.fastq.gz	57818390	1786347816	
kraken_reads/control/SRR24283176_1.fastq.gz	26233948	1786414091	
kraken_reads/control/SRR24283176_2.fastq.gz	26255330	1786414139	
kraken_reads/control/SRR24364188_1.fastq.gz	24840941	1786416002	
kraken_reads/control/SRR24364188_2.fastq.gz	24921718	1786416035	
kraken_reads/control/SRR24471227_1.fastq.gz	23316150	1786348168	
kraken_reads/control/SRR24471227_2.fastq.gz	23336434	1786348213	
kraken_reads/control/SRR24491030_1.fastq.gz	15969418	1786414713	
kraken_reads/control/SRR24491030_2.fastq.gz	16103849	1786414740	
kraken_reads/control/SRR24518421_1.fastq.gz	26505277	1786420355	
kraken_reads/control/SRR24518421_2.fastq.gz	26572685	1786420400	
kraken_reads/control/SRR24541065_1.fastq.gz	33387450	1786410163	
kraken_reads/control/SRR24541065_2.fastq.gz	34863714	1786410182	
kraken_reads/control/SRR24653404_1.fastq.gz	25899918	1786414747	
kraken_reads/control/SRR24653404_2.fastq.gz	25909896	1786414792	
kraken_reads/control/SRR24734780_1.fastq.gz	29787292	1786410324	
kraken_reads/control/SRR24734780_2.fastq.gz	42314216	1786410338	
kraken_reads/control/SRR24754516_1.fastq.gz	24884465	1786410470	
kraken_reads/control/SRR24754516_2.fastq.gz	25355873	1786410484	
kraken_reads/control/SRR24758210_1.fastq.gz	26921806	1786347718	
kraken_reads/control/SRR24758210_2.fastq.gz	26902222	1786347761	
kraken_reads/control/SRR24764136_1.fastq.gz	29429319	1786410281	
kraken_reads/control/SRR24764136_2.fastq.gz	29450290	1786410297	
kraken_reads/control/SRR24764145_1.fastq.gz	29124974	1786419097	
kraken_reads/control/SRR24764145_2.fastq.gz	29200648	1786419144	
kraken_reads/control/SRR24764147_1.fastq.gz	29169655	1786419647	
kraken_reads/control/SRR24764147_2.fastq.gz	29174037	1786419688	
kraken_reads/control/SRR24768931_1.fastq.gz	28093191	1786415563	
kraken_reads/control/SRR24768931_2.fastq.gz	28023109	1786415595	
kraken_reads/control/SRR24768934_1.fastq.gz	27765119	1786415720	
kraken_reads/control/SRR24768934_2.fastq.gz	27603223	1786415765	
kraken_reads/control/SRR24768935_1.fastq.gz	27865912	1786415659	
kraken_reads/control/SRR24768935_2.fastq.gz	27759588	1786415707	
kraken_reads/control/SRR24768938_1.fastq.gz	27687244	1786415769	
kraken_reads/control/SRR24768938_2.fastq.gz	27577226	1786415813	
kraken_reads/control/SRR24775333_1.fastq.gz	34483964	1786348779	
kraken_reads/control/SRR24775333_2.fastq.gz	36051589	1786348823	
kraken_reads/control/SRR24827369_1.fastq.gz	28290974	1786416658	
kraken_reads/control/SRR24827369_2.fastq.gz	28269694	1786416701	
kraken_reads/control/SRR24859182_1.fastq.gz	34628847	1786348900	
kraken_reads/control/SRR24859182_2.fastq.gz	34342776	1786348942	
kraken_reads/control/SRR24864465_1.fastq.gz	27800732	1786348508	
kraken_reads/control/SRR24864465_2.fastq.gz	27815687	1786348569	
kraken_reads/control/SRR24888323_1.fastq.gz	26476467	1786348230	
kraken_reads/control/SRR24888323_2.fastq.gz	26429171	1786348277	
kraken_reads/control/SRR24956579.fastq.gz	18282571	1786348693	
kraken_reads/control/SRR25005686_1.fastq.gz	23423889	1786348471	
kraken_reads/control/SRR25005686_2.fastq.gz	23439509	1786348515	
kraken_reads/control/SRR25015155_1.fastq.gz	28875761	1786347744	
kraken_reads/control/SRR25015155_2.fastq.gz	28925572	1786347797	
kraken_reads/control/SRR25015511_1.fastq.gz	34468869	1786414650	
kraken_reads/control/SRR25015511_2.fastq.gz	35924334	1786414699	
kraken_reads/control/SRR25065862_1.fastq.gz	27752332	1786414514	
kraken_reads/control/SRR25065862_2.fastq.gz	27766510	1786414549	
kraken_reads/control/SRR25080538_1.fastq.gz	36284126	1786347722	
kraken_reads/control/SRR25080538_2.fastq.gz	36936646	1786347777	
kraken_reads/control/SRR25109199_1.fastq.gz	27990485	1786347603	
kraken_reads/control/SRR25109199_2.fastq.gz	27927529	1786347648	
kraken_reads/control/SRR25223737_1.fastq.gz	27964217	1786348923	
kraken_reads/control/SRR25223737_2.fastq.gz	27952228	1786348953	
kraken_reads/control/SRR25223748_1.fastq.gz	28071286	1786348254	
kraken_reads/control/SRR25223748_2.fastq.gz	28067000	1786348303	
kraken_reads/control/SRR25233138_1.fastq.gz	57396022	1786410488	
kraken_reads/control/SRR25233138_2.fastq.gz	61333386	1786410513	
kraken_reads/control/SRR25269002_1.fastq.gz	28141713	1786347898	
kraken_reads/control/SRR25269002_2.fastq.gz	28118693	1786347940	
kraken_reads/control/SRR25301111_1.fastq.gz	28236346	1786417721	
kraken_reads/control/SRR25301111_2.fastq.gz	28271765	1786417776	
kraken_reads/control/SRR25301347_1.fastq.gz	28451361	1786418234	
kraken_reads/control/SRR25301347_2.fastq.gz	28454848	1786418285	
kraken_reads/control/SRR25383346.fastq.gz	16733916	1786347787	
kraken_reads/control/SRR25402456_1.fastq.gz	20984584	1786416923	
kraken_reads/control/SRR25402456_2.fastq.gz	21767438	1786416954	
kraken_reads/control/SRR25442961_1.fastq.gz	34801080	1786414622	
kraken_reads/control/SRR25442961_2.fastq.gz	36910972	1786414679	
kraken_reads/control/SRR25501077_1.fastq.gz	19667283	1786348628	
kraken_reads/control/SRR25501077_2.fastq.gz	19031983	1786348654	
kraken_reads/control/SRR25581718_1.fastq.gz	37059088	1786410480	
kraken_reads/control/SRR25581718_2.fastq.gz	38659554	1786410500	
kraken_reads/control/SRR25619942_1.fastq.gz	28351540	1786414471	
kraken_reads/control/SRR25619942_2.fastq.gz	28371711	1786414523	
kraken_reads/control/SRR25662789_1.fastq.gz	28789108	1786417345	
kraken_reads/control/SRR25662789_2.fastq.gz	28786334	1786417385	
kraken_reads/control/SRR25662795_1.fastq.gz	28405495	1786416844	
kraken_reads/control/SRR25662795_2.fastq.gz	28403101	1786416890	
kraken_reads/control/SRR25670419_1.fastq.gz	33877776	1786415162	
kraken_reads/control/SRR25670419_2.fastq.gz	36615860	1786415213	
kraken_reads/control/SRR25750748_1.fastq.gz	34659054	1786347715	
kraken_reads/control/SRR25750748_2.fastq.gz	36672909	1786347760	
kraken_reads/control/SRR25892578_1.fastq.gz	28721761	1786348818	
kraken_reads/control/SRR25892578_2.fastq.gz	28725394	1786348871	
kraken_reads/control/SRR25892591_1.fastq.gz	28422986	1786348668	
kraken_reads/control/SRR25892591_2.fastq.gz	28430625	1786348722	
kraken_reads/control/SRR25896130_1.fastq.gz	26137795	1786348600	
kraken_reads/control/SRR25896130_2.fastq.gz	26153066	1786348643	
kraken_reads/control/SRR25924106_1.fastq.gz	35128423	1786417878	
kraken_reads/control/SRR25924106_2.fastq.gz	35937735	1786417926	
kraken_reads/control/SRR25924113_1.fastq.gz	35880759	1786417859	
kraken_reads/control/SRR25924113_2.fastq.gz	36257999	1786417907	
kraken_reads/control/SRR25968998_1.fastq.gz	17146626	1786415987	
kraken_reads/control/SRR25968998_2.fastq.gz	17163612	1786416010	
kraken_reads/control/SRR25968999_1.fastq.gz	17101986	1786416004	
kraken_reads/control/SRR25968999_2.fastq.gz	17126810	1786416025	
kraken_reads/control/SRR25969004_1.fastq.gz	17072361	1786415963	
kraken_reads/control/SRR25969004_2.fastq.gz	17086349	1786415981	
kraken_reads/control/SRR25969013_1.fastq.gz	17059689	1786415980	
kraken_reads/control/SRR25969013_2.fastq.gz	17083481	1786416007	
kraken_reads/control/SRR25969024_1.fastq.gz	17172465	1786415744	
kraken_reads/control/SRR25969024_2.fastq.gz	17184078	1786415769	
kraken_reads/control/SRR25969025_1.fastq.gz	17271581	1786348982	
kraken_reads/control/SRR25969025_2.fastq.gz	17277577	1786349002	
kraken_reads/control/SRR25969032_1.fastq.gz	17204925	1786415645	
kraken_reads/control/SRR25969032_2.fastq.gz	17217946	1786415671	
kraken_reads/control/SRR25998740_1.fastq.gz	44005810	1786415640	
kraken_reads/control/SRR25998740_2.fastq.gz	44823991	1786415692	
kraken_reads/control/SRR25998742_1.fastq.gz	43980276	1786415115	
kraken_reads/control/SRR25998742_2.fastq.gz	44837227	1786415157	
kraken_reads/control/SRR25998764_1.fastq.gz	43898755	1786415364	
kraken_reads/control/SRR25998764_2.fastq.gz	44721754	1786415409	
kraken_reads/control/SRR25998768_1.fastq.gz	43529373	1786415587	
kraken_reads/control/SRR25998768_2.fastq.gz	44463670	1786415630	
kraken_reads/control/SRR25998769_1.fastq.gz	46413076	1786415877	
kraken_reads/control/SRR25998769_2.fastq.gz	47007322	1786415927	
kraken_reads/control/SRR25998777_1.fastq.gz	43858020	1786415898	
kraken_reads/control/SRR25998777_2.fastq.gz	44933107	1786415944	
kraken_reads/control/SRR26051347_1.fastq.gz	42997776	1786348272	
kraken_reads/control/SRR26051347_2.fastq.gz	43080404	1786348321	
kraken_reads/control/SRR26051901_1.fastq.gz	28403346	1786416392	
kraken_reads/control/SRR26051901_2.fastq.gz	27945321	1786416434	
kraken_reads/control/SRR26051902_1.fastq.gz	28979067	1786416598	
kraken_reads/control/SRR26051902_2.fastq.gz	28632083	1786416637	
kraken_reads/control/SRR26065687_1.fastq.gz	37985064	1786420217	
kraken_reads/control/SRR26065687_2.fastq.gz	38570395	1786420265	
kraken_reads/control/SRR26065702_1.fastq.gz	35961779	1786415873	
kraken_reads/control/SRR26065702_2.fastq.gz	36550910	1786415930	
kraken_reads/control/SRR26081708_1.fastq.gz	17355260	1786415586	
kraken_reads/control/SRR26081708_2.fastq.gz	17375969	1786415617	
kraken_reads/control/SRR26114951_1.fastq.gz	15384298	1786348011	
kraken_reads/control/SRR26114951_2.fastq.gz	14779366	1786348035	
kraken_reads/control/SRR26115010_1.fastq.gz	15280617	1786347534	
kraken_reads/control/SRR26115010_2.fastq.gz	14804341	1786347557	
kraken_reads/control/SRR26148597_1.fastq.gz	28186411	1786414738	
kraken_reads/control/SRR26148597_2.fastq.gz	28026423	1786414784	
kraken_reads/control/SRR26174312_1.fastq.gz	28169180	1786348452	
kraken_reads/control/SRR26174312_2.fastq.gz	28174421	1786348506	
kraken_reads/control/SRR26174315_1.fastq.gz	28488915	1786348486	
kraken_reads/control/SRR26174315_2.fastq.gz	28483381	1786348535	
kraken_reads/control/SRR26277455_1.fastq.gz	34376081	1786415411	
kraken_reads/control/SRR26277455_2.fastq.gz	34964945	1786415464	
kraken_reads/control/SRR26277463_1.fastq.gz	34435470	1786415360	
kraken_reads/control/SRR26277463_2.fastq.gz	35264282	1786415416	
kraken_reads/control/SRR26277466_1.fastq.gz	34445537	1786415270	
kraken_reads/control/SRR26277466_2.fastq.gz	35343122	1786415314	
kraken_reads/control/SRR26277479_1.fastq.gz	34339745	1786415079	
kraken_reads/control/SRR26277479_2.fastq.gz	35202181	1786415130	
kraken_reads/control/SRR26335369_1.fastq.gz	27496294	1786347934	
kraken_reads/control/SRR26335369_2.fastq.gz	27421734	1786347974	
kraken_reads/control/SRR26335375_1.fastq.gz	27467086	1786348380	
kraken_reads/control/SRR26335375_2.fastq.gz	27489854	1786348425	
kraken_reads/control/SRR26358993_1.fastq.gz	28450235	1786348541	
kraken_reads/control/SRR26358993_2.fastq.gz	28070557	1786348589	
kraken_reads/control/SRR26387392_1.fastq.gz	23537201	1786416817	
kraken_reads/control/SRR26387392_2.fastq.gz	24012506	1786416867	
kraken_reads/control/SRR26389511_1.fastq.gz	26729932	1786414777	
kraken_reads/control/SRR26389511_2.fastq.gz	26724080	1786414821	
kraken_reads/control/SRR26501295_1.fastq.gz	21334736	1786414413	
kraken_reads/control/SRR26501295_2.fastq.gz	21264478	1786414442	
kraken_reads/control/SRR26620335.fastq.gz	18082695	1786414223	
kraken_reads/control/SRR26672490_1.fastq.gz	31990918	1786348772	
kraken_reads/control/SRR26672490_2.fastq.gz	32701941	1786348816	
kraken_reads/control/SRR26679144_1.fastq.gz	36148652	1786416534	
kraken_reads/control/SRR26679144_2.fastq.gz	37191861	1786416590	
kraken_reads/control/SRR26857880_1.fastq.gz	50479361	1786410191	
kraken_reads/control/SRR26857880_2.fastq.gz	56652295	1786410211	
kraken_reads/control/SRR26860149_1.fastq.gz	28824715	1786416495	
kraken_reads/control/SRR26860149_2.fastq.gz	28571735	1786416553	
kraken_reads/control/SRR26897268_1.fastq.gz	28103042	1786416073	
kraken_reads/control/SRR26897268_2.fastq.gz	28108182	1786416123	
kraken_reads/control/SRR26897274_1.fastq.gz	28671945	1786414361	
kraken_reads/control/SRR26897274_2.fastq.gz	28676190	1786414409	
kraken_reads/control/SRR26936905_1.fastq.gz	32781733	1786348370	
kraken_reads/control/SRR26936905_2.fastq.gz	32843872	1786348414	
kraken_reads/control/SRR26936910_1.fastq.gz	33335598	1786347871	
kraken_reads/control/SRR26936910_2.fastq.gz	33982849	1786347925	
kraken_reads/control/SRR26936911_1.fastq.gz	33062640	1786414259	
kraken_reads/control/SRR26936911_2.fastq.gz	34738805	1786414300	
kraken_reads/control/SRR26945845_1.fastq.gz	28581392	1786414004	
kraken_reads/control/SRR26945845_2.fastq.gz	28586778	1786414048	
kraken_reads/control/SRR26961430_1.fastq.gz	28726005	1786348272	
kraken_reads/control/SRR26961430_2.fastq.gz	28730309	1786348323	
kraken_reads/control/SRR26975736_1.fastq.gz	34898438	1786416322	
kraken_reads/control/SRR26975736_2.fastq.gz	35127762	1786416371	
kraken_reads/control/SRR26985654_1.fastq.gz	38476718	1786348309	
kraken_reads/control/SRR26985654_2.fastq.gz	53604829	1786348375	
kraken_reads/control/SRR26985699_1.fastq.gz	38393287	1786348408	
kraken_reads/control/SRR26985699_2.fastq.gz	52997202	1786348456	
kraken_reads/control/SRR27029088_1.fastq.gz	27561058	1786414105	
kraken_reads/control/SRR27029088_2.fastq.gz	27577691	1786414151	
kraken_reads/control/SRR27062695_1.fastq.gz	28893541	1786410281	
kraken_reads/control/SRR27062695_2.fastq.gz	28834927	1786410297	
kraken_reads/control/SRR27194375_1.fastq.gz	52812775	1786414040	
kraken_reads/control/SRR27194375_2.fastq.gz	59413149	1786414109	
kraken_reads/control/SRR27276430_1.fastq.gz	34693333	1786419359	
kraken_reads/control/SRR27276430_2.fastq.gz	35432988	1786419425	
kraken_reads/control/SRR27333901_1.fastq.gz	28389063	1786419129	
kraken_reads/control/SRR27333901_2.fastq.gz	28386230	1786419170	
kraken_reads/control/SRR27339976_1.fastq.gz	28158722	1786347817	
kraken_reads/control/SRR27339976_2.fastq.gz	28201054	1786347870	
kraken_reads/control/SRR27339981_1.fastq.gz	28128959	1786414023	
kraken_reads/control/SRR27339981_2.fastq.gz	28179168	1786414054	
kraken_reads/control/SRR27341257_1.fastq.gz	33591145	1786347496	
kraken_reads/control/SRR27341257_2.fastq.gz	34779269	1786347544	
kraken_reads/control/SRR27442674.fastq.gz	28565515	1786414195	
kraken_reads/control/SRR27460127_1.fastq.gz	34314926	1786347917	
kraken_reads/control/SRR27460127_2.fastq.gz	34926833	1786347963	
kraken_reads/control/SRR27466765_1.fastq.gz	28833932	1786418111	
kraken_reads/control/SRR27466765_2.fastq.gz	28841197	1786418161	
kraken_reads/control/SRR27466767_1.fastq.gz	28969411	1786417956	
kraken_reads/control/SRR27466767_2.fastq.gz	28965961	1786418006	
kraken_reads/control/SRR27479569_1.fastq.gz	39357204	1786348923	
kraken_reads/control/SRR27479569_2.fastq.gz	42885694	1786348963	
kraken_reads/control/SRR27479572_1.fastq.gz	43863634	1786348659	
kraken_reads/control/SRR27479572_2.fastq.gz	44084951	1786348723	
kraken_reads/control/SRR27533186.fastq.gz	21444459	1786414738	
kraken_reads/control/SRR27533193.fastq.gz	19765901	1786414736	
kraken_reads/control/SRR27535013_1.fastq.gz	28375542	1786347725	
kraken_reads/control/SRR27535013_2.fastq.gz	32476446	1786347767	
kraken_reads/control/SRR27539325_1.fastq.gz	35611207	1786348671	
kraken_reads/control/SRR27539325_2.fastq.gz	36261737	1786348723	
kraken_reads/control/SRR27555692_1.fastq.gz	36325562	1786419978	
kraken_reads/control/SRR27555692_2.fastq.gz	37117842	1786420035	
kraken_reads/control/SRR27722803_1.fastq.gz	34573565	1786414028	
kraken_reads/control/SRR27722803_2.fastq.gz	35096305	1786414074	
kraken_reads/control/SRR27759212_1.fastq.gz	28948111	1786410182	
kraken_reads/control/SRR27759212_2.fastq.gz	28938480	1786410197	
kraken_reads/control/SRR27759221_1.fastq.gz	28949345	1786347836	
kraken_reads/control/SRR27759221_2.fastq.gz	28947806	1786347884	
kraken_reads/control/SRR27787262.fastq.gz	20476681	1786347979	
kraken_reads/control/SRR27849019_1.fastq.gz	34599199	1786347493	
kraken_reads/control/SRR27849019_2.fastq.gz	35155178	1786347545	
kraken_reads/control/SRR27872896_1.fastq.gz	38690823	1786414486	
kraken_reads/control/SRR27872896_2.fastq.gz	41411623	1786414543	
kraken_reads/control/SRR27888804_1.fastq.gz	28649190	1786414192	
kraken_reads/control/SRR27888804_2.fastq.gz	28635498	1786414241	
kraken_reads/control/SRR27895691_1.fastq.gz	21355179	1786415019	
kraken_reads/control/SRR27895691_2.fastq.gz	21287173	1786415051	
kraken_reads/control/SRR27895697_1.fastq.gz	21668431	1786418750	
kraken_reads/control/SRR27895697_2.fastq.gz	21630696	1786418781	
kraken_reads/control/SRR27895704_1.fastq.gz	21617021	1786415376	
kraken_reads/control/SRR27895704_2.fastq.gz	21583472	1786415411	
kraken_reads/control/SRR27960025_1.fastq.gz	44760998	1786347836	
kraken_reads/control/SRR27960025_2.fastq.gz	46842177	1786347893	
kraken_reads/control/SRR28045297_1.fastq.gz	25714087	1786415645	
kraken_reads/control/SRR28045297_2.fastq.gz	25730517	1786415678	
kraken_reads/control/SRR28046990_1.fastq.gz	27760218	1786348585	
kraken_reads/control/SRR28046990_2.fastq.gz	27809166	1786348625	
kraken_reads/control/SRR28111343_1.fastq.gz	28985941	1786415717	
kraken_reads/control/SRR28111343_2.fastq.gz	28860448	1786415764	
kraken_reads/control/SRR28126817_1.fastq.gz	28564874	1786419754	
kraken_reads/control/SRR28126817_2.fastq.gz	28545134	1786419802	
kraken_reads/control/SRR28126822_1.fastq.gz	28558838	1786420345	
kraken_reads/control/SRR28126822_2.fastq.gz	28529934	1786420436	
kraken_reads/control/SRR28126824_1.fastq.gz	28767130	1786420351	
kraken_reads/control/SRR28126824_2.fastq.gz	28753193	1786420399	
kraken_reads/control/SRR28215123_1.fastq.gz	27253398	1786414026	
kraken_reads/control/SRR28215123_2.fastq.gz	27262173	1786414061	
kraken_reads/control/SRR28215124_1.fastq.gz	26612461	1786348303	
kraken_reads/control/SRR28215124_2.fastq.gz	26578744	1786348342	
kraken_reads/control/SRR28255388_1.fastq.gz	28199538	1786414484	
kraken_reads/control/SRR28255388_2.fastq.gz	28238412	1786414531	
kraken_reads/control/SRR28255393_1.fastq.gz	28302458	1786414695	
kraken_reads/control/SRR28255393_2.fastq.gz	28297111	1786414744	
kraken_reads/control/SRR28258158.fastq.gz	25670074	1786414556	
kraken_reads/control/SRR28293359_1.fastq.gz	36213330	1786414341	
kraken_reads/control/SRR28293359_2.fastq.gz	38586896	1786414401	
kraken_reads/control/SRR28352501_1.fastq.gz	28125699	1786415197	
kraken_reads/control/SRR28352508_1.fastq.gz	28247008	1786414753	
kraken_reads/control/SRR28352508_2.fastq.gz	28284952	1786414800	
kraken_reads/control/SRR28353091_1.fastq.gz	28633370	1786417235	
kraken_reads/control/SRR28353091_2.fastq.gz	28637953	1786417280	
kraken_reads/control/SRR28353130_1.fastq.gz	28254590	1786415466	
kraken_reads/control/SRR28353130_2.fastq.gz	28271654	1786415515	
kraken_reads/control/SRR28353132_1.fastq.gz	28275049	1786415467	
kraken_reads/control/SRR28353132_2.fastq.gz	28299892	1786415516	
kraken_reads/control/SRR28353361_1.fastq.gz	66884860	1786348493	
kraken_reads/control/SRR28353361_2.fastq.gz	69365544	1786348558	
kraken_reads/control/SRR28354713.fastq.gz	306907955	1786348311	
kraken_reads/control/SRR28378157.fastq.gz	13287897	1786348447	
kraken_reads/control/SRR28402769_1.fastq.gz	37386360	1786410395	
kraken_reads/control/SRR28402769_2.fastq.gz	38271646	1786410414	
kraken_reads/control/SRR28415788.fastq.gz	13579815	1786414496	
kraken_reads/control/SRR28479754_1.fastq.gz	28745160	1786348211	
kraken_reads/control/SRR28479754_2.fastq.gz	28732511	1786348259	
kraken_reads/control/SRR28497291_1.fastq.gz	33164742	1786418982	
kraken_reads/control/SRR28497291_2.fastq.gz	35231009	1786419027	
kraken_reads/control/SRR28607126_1.fastq.gz	28730237	1786348555	
kraken_reads/control/SRR28607126_2.fastq.gz	28745375	1786348599	
kraken_reads/control/SRR28607129_1.fastq.gz	28768027	1786348211	
kraken_reads/control/SRR28607129_2.fastq.gz	28773693	1786348251	
kraken_reads/control/SRR28607149_1.fastq.gz	28896901	1786347926	
kraken_reads/control/SRR28607149_2.fastq.gz	28939386	1786347972	
kraken_reads/control/SRR28612604_1.fastq.gz	34889403	1786348744	
kraken_reads/control/SRR28612604_2.fastq.gz	36209225	1786348791	
kraken_reads/control/SRR28612617_1.fastq.gz	34952690	1786347712	
kraken_reads/control/SRR28612617_2.fastq.gz	35290124	1786347761	
kraken_reads/control/SRR28704970_1.fastq.gz	28753695	1786418643	
kraken_reads/control/SRR28704970_2.fastq.gz	28711363	1786418691	
kraken_reads/control/SRR28704971_1.fastq.gz	28842118	1786418585	
kraken_reads/control/SRR28704971_2.fastq.gz	28831565	1786418642	
kraken_reads/control/SRR28704972_1.fastq.gz	28817811	1786418869	
kraken_reads/control/SRR28704972_2.fastq.gz	28770153	1786418915	
kraken_reads/control/SRR28704973_1.fastq.gz	28896323	1786418860	
kraken_reads/control/SRR28704973_2.fastq.gz	28881678	1786418910	
kraken_reads/control/SRR28728930_1.fastq.gz	33984313	1786415681	
kraken_reads/control/SRR28728930_2.fastq.gz	34642210	1786415733	
kraken_reads/control/SRR28728935_1.fastq.gz	36760123	1786414602	
kraken_reads/control/SRR28728935_2.fastq.gz	37462724	1786414651	
kraken_reads/control/SRR28728936_1.fastq.gz	36789771	1786414818	
kraken_reads/control/SRR28728936_2.fastq.gz	37753556	1786414877	
kraken_reads/control/SRR28728937_1.fastq.gz	37193451	1786415075	
kraken_reads/control/SRR28728937_2.fastq.gz	38194238	1786415133	
kraken_reads/control/SRR28728939_1.fastq.gz	37154120	1786415733	
kraken_reads/control/SRR28728939_2.fastq.gz	38516354	1786415788	
kraken_reads/control/SRR28731222_1.fastq.gz	25783514	1786416212	
kraken_reads/control/SRR28731222_2.fastq.gz	26145127	1786416243	
kraken_reads/control/SRR2873757_1.fastq.gz	43129687	1786415753	
kraken_reads/control/SRR2873757_2.fastq.gz	43132864	1786415799	
kraken_reads/control/SRR2874385_1.fastq.gz	46264485	1786416102	
kraken_reads/control/SRR2874385_2.fastq.gz	45735360	1786416149	
kraken_reads/control/SRR2874388_1.fastq.gz	46203523	1786416282	
kraken_reads/control/SRR2874388_2.fastq.gz	45676123	1786416324	
kraken_reads/control/SRR28763238_1.fastq.gz	36133747	1786418849	
kraken_reads/control/SRR28763238_2.fastq.gz	37132037	1786418905	
kraken_reads/control/SRR28763241_1.fastq.gz	36488768	1786419014	
kraken_reads/control/SRR28763241_2.fastq.gz	38625907	1786419071	
kraken_reads/control/SRR28763242_1.fastq.gz	36599094	1786419079	
kraken_reads/control/SRR28763242_2.fastq.gz	36942273	1786419132	
kraken_reads/control/SRR28763243_1.fastq.gz	36532701	1786420206	
kraken_reads/control/SRR28763243_2.fastq.gz	37371712	1786420271	
kraken_reads/control/SRR28763244_1.fastq.gz	36533845	1786419297	
kraken_reads/control/SRR28763244_2.fastq.gz	36680280	1786419342	
kraken_reads/control/SRR28763246_1.fastq.gz	35707203	1786414514	
kraken_reads/control/SRR28763246_2.fastq.gz	36989014	1786414559	
kraken_reads/control/SRR28763248_1.fastq.gz	36102575	1786418488	
kraken_reads/control/SRR28763248_2.fastq.gz	36736487	1786418552	
kraken_reads/control/SRR28763249_1.fastq.gz	36143981	1786419747	
kraken_reads/control/SRR28763249_2.fastq.gz	37464026	1786419798	
kraken_reads/control/SRR28763252_1.fastq.gz	37949110	1786418695	
kraken_reads/control/SRR28763252_2.fastq.gz	38522377	1786418742	
kraken_reads/control/SRR28763253_1.fastq.gz	37509576	1786418978	
kraken_reads/control/SRR28763253_2.fastq.gz	38221858	1786419032	
kraken_reads/control/SRR28763257_1.fastq.gz	37860064	1786418453	
kraken_reads/control/SRR28763257_2.fastq.gz	39008780	1786418510	
kraken_reads/control/SRR28763258_1.fastq.gz	37824633	1786419162	
kraken_reads/control/SRR28763258_2.fastq.gz	39391332	1786419217	
kraken_reads/control/SRR28763262_1.fastq.gz	35598205	1786414623	
kraken_reads/control/SRR28763262_2.fastq.gz	36415807	1786414687	
kraken_reads/control/SRR28763263_1.fastq.gz	36128966	1786419156	
kraken_reads/control/SRR28763263_2.fastq.gz	37107253	1786419214	
kraken_reads/control/SRR28763264_1.fastq.gz	36159033	1786418894	
kraken_reads/control/SRR28763264_2.fastq.gz	36944221	1786418957	
kraken_reads/control/SRR28763265_1.fastq.gz	36153050	1786420281	
kraken_reads/control/SRR28763265_2.fastq.gz	37512224	1786420346	
kraken_reads/control/SRR28763266_1.fastq.gz	36147646	1786419791	
kraken_reads/control/SRR28763266_2.fastq.gz	37143429	1786419856	
kraken_reads/control/SRR28763272_1.fastq.gz	37924715	1786420079	
kraken_reads/control/SRR28763272_2.fastq.gz	39550418	1786420133	
kraken_reads/control/SRR28763273_1.fastq.gz	37874200	1786418504	
kraken_reads/control/SRR28763273_2.fastq.gz	39879626	1786418571	
kraken_reads/control/SRR28763274_1.fastq.gz	37951729	1786420537	
kraken_reads/control/SRR28763274_2.fastq.gz	39001097	1786420568	
kraken_reads/control/SRR28787784_1.fastq.gz	34702854	1786418918	
kraken_reads/control/SRR28787784_2.fastq.gz	34478565	1786418973	
kraken_reads/control/SRR28864135_1.fastq.gz	36102007	1786418183	
kraken_reads/control/SRR28864135_2.fastq.gz	37288333	1786418242	
kraken_reads/control/SRR28926618_1.fastq.gz	29602199	1786415818	
kraken_reads/control/SRR28926618_2.fastq.gz	29576200	1786415864	
kraken_reads/control/SRR28926619_1.fastq.gz	29558062	1786415789	
kraken_reads/control/SRR28926619_2.fastq.gz	29590161	1786415840	
kraken_reads/control/SRR28926621_1.fastq.gz	29758351	1786415992	
kraken_reads/control/SRR28926621_2.fastq.gz	29911335	1786416027	
kraken_reads/control/SRR28926622_1.fastq.gz	29322075	1786415587	
kraken_reads/control/SRR28926622_2.fastq.gz	29831403	1786415624	
kraken_reads/control/SRR28926630_1.fastq.gz	29747870	1786415786	
kraken_reads/control/SRR28926630_2.fastq.gz	29644434	1786415828	
kraken_reads/control/SRR28975609.fastq.gz	530993593	1786415948	
kraken_reads/control/SRR28979109_1.fastq.gz	28242619	1786416466	
kraken_reads/control/SRR28979109_2.fastq.gz	28230291	1786416516	
kraken_reads/control/SRR28979116_1.fastq.gz	28511446	1786419546	
kraken_reads/control/SRR28979116_2.fastq.gz	28497845	1786419596	
kraken_reads/control/SRR28980729_1.fastq.gz	25648116	1786347482	
kraken_reads/control/SRR28980729_2.fastq.gz	25662269	1786347530	
kraken_reads/control/SRR29059996_1.fastq.gz	28423010	1786348067	
kraken_reads/control/SRR29059996_2.fastq.gz	28432179	1786348120	
kraken_reads/control/SRR29061963_1.fastq.gz	28245819	1786415457	
kraken_reads/control/SRR29061963_2.fastq.gz	28228455	1786415506	
kraken_reads/control/SRR29061972_1.fastq.gz	28436851	1786416571	
kraken_reads/control/SRR29061972_2.fastq.gz	28414599	1786416612	
kraken_reads/control/SRR29061984_1.fastq.gz	28042062	1786415397	
kraken_reads/control/SRR29061984_2.fastq.gz	28009344	1786415444	
kraken_reads/control/SRR29076457_1.fastq.gz	51057859	1786415289	
kraken_reads/control/SRR29076457_2.fastq.gz	50929031	1786415350	
kraken_reads/control/SRR29076503_1.fastq.gz	45597043	1786419442	
kraken_reads/control/SRR29076503_2.fastq.gz	49090104	1786419506	
kraken_reads/control/SRR29076542_1.fastq.gz	46338653	1786419242	
kraken_reads/control/SRR29076542_2.fastq.gz	52445921	1786419304	
kraken_reads/control/SRR29076543_1.fastq.gz	46031412	1786419557	
kraken_reads/control/SRR29076543_2.fastq.gz	52087983	1786419612	
kraken_reads/control/SRR29077171_1.fastq.gz	44733522	1786415789	
kraken_reads/control/SRR29077171_2.fastq.gz	47894961	1786415854	
kraken_reads/control/SRR29077173_1.fastq.gz	41979752	1786419410	
kraken_reads/control/SRR29077173_2.fastq.gz	46443287	1786419479	
kraken_reads/control/SRR29077174_1.fastq.gz	45744847	1786419274	
kraken_reads/control/SRR29077174_2.fastq.gz	51062171	1786419332	
kraken_reads/control/SRR29077175_1.fastq.gz	41898767	1786419059	
kraken_reads/control/SRR29077175_2.fastq.gz	46562988	1786419102	
kraken_reads/control/SRR29077176_1.fastq.gz	45516486	1786419752	
kraken_reads/control/SRR29077176_2.fastq.gz	49204298	1786419814	
kraken_reads/control/SRR29077177_1.fastq.gz	28813490	1786419961	
kraken_reads/control/SRR29077177_2.fastq.gz	28845343	1786420004	
kraken_reads/control/SRR29077178_1.fastq.gz	28800342	1786419345	
kraken_reads/control/SRR29077178_2.fastq.gz	28835800	1786419394	
kraken_reads/control/SRR29087938.fastq.gz	32740859	1786416517	
kraken_reads/control/SRR2912978.fastq.gz	19109019	1786348556	
kraken_reads/control/SRR29143098_1.fastq.gz	33932307	1786414869	
kraken_reads/control/SRR29143098_2.fastq.gz	34273622	1786414915	
kraken_reads/control/SRR29195094_1.fastq.gz	19534596	1786348350	
kraken_reads/control/SRR29195094_2.fastq.gz	19080555	1786348376	
kraken_reads/control/SRR29232469_1.fastq.gz	41240078	1786414539	
kraken_reads/control/SRR29232469_2.fastq.gz	44553784	1786414587	
kraken_reads/control/SRR2924923.fastq.gz	25585827	1786347468	
kraken_reads/control/SRR29275393_1.fastq.gz	42093949	1786348392	
kraken_reads/control/SRR29275393_2.fastq.gz	41889909	1786348452	
kraken_reads/control/SRR29314647_1.fastq.gz	35196664	1786348191	
kraken_reads/control/SRR29314647_2.fastq.gz	36987279	1786348257	
kraken_reads/control/SRR29314664_1.fastq.gz	37249216	1786348505	
kraken_reads/control/SRR29314664_2.fastq.gz	37800497	1786348556	
kraken_reads/control/SRR29327393_1.fastq.gz	37476793	1786416674	
kraken_reads/control/SRR29327393_2.fastq.gz	37768528	1786416734	
kraken_reads/control/SRR29330605_1.fastq.gz	49281635	1786348513	
kraken_reads/control/SRR29330605_2.fastq.gz	50853389	1786348580	
kraken_reads/control/SRR29330611_1.fastq.gz	40947546	1786348475	
kraken_reads/control/SRR29330611_2.fastq.gz	47822330	1786348533	
kraken_reads/control/SRR29330613_1.fastq.gz	40246012	1786347700	
kraken_reads/control/SRR29330613_2.fastq.gz	45020598	1786347759	
kraken_reads/control/SRR29362608_1.fastq.gz	5492931	1786416331	
kraken_reads/control/SRR29362608_2.fastq.gz	5630631	1786416341	
kraken_reads/control/SRR29362609_1.fastq.gz	5252544	1786416296	
kraken_reads/control/SRR29362609_2.fastq.gz	5352900	1786416305	
kraken_reads/control/SRR29446357_1.fastq.gz	35508834	1786347492	
kraken_reads/control/SRR29446357_2.fastq.gz	36879148	1786347544	
kraken_reads/control/SRR29463721_1.fastq.gz	29066463	1786414619	
kraken_reads/control/SRR29463721_2.fastq.gz	29354378	1786414658	
kraken_reads/control/SRR29499183_1.fastq.gz	31695063	1786414795	
kraken_reads/control/SRR29499183_2.fastq.gz	31255205	1786414834	
kraken_reads/control/SRR2954748_1.fastq.gz	29768014	1786347797	
kraken_reads/control/SRR2954748_2.fastq.gz	30835648	1786347831	
kraken_reads/control/SRR2961764_1.fastq.gz	20905580	1786348701	
kraken_reads/control/SRR2961764_2.fastq.gz	21858256	1786348731	
kraken_reads/control/SRR2961772_1.fastq.gz	20878939	1786348852	
kraken_reads/control/SRR2961772_2.fastq.gz	21881180	1786348894	
kraken_reads/control/SRR29622821_1.fastq.gz	55756219	1786414390	
kraken_reads/control/SRR29622821_2.fastq.gz	62049401	1786414454	
kraken_reads/control/SRR2962689_1.fastq.gz	43331046	1786348133	
kraken_reads/control/SRR2962689_2.fastq.gz	43429358	1786348182	
kraken_reads/control/SRR29705317_1.fastq.gz	57839631	1786347511	
kraken_reads/control/SRR29705317_2.fastq.gz	60629819	1786347582	
kraken_reads/control/SRR29709027_1.fastq.gz	35693855	1786414749	
kraken_reads/control/SRR29709027_2.fastq.gz	35661584	1786414805	
kraken_reads/control/SRR29709047_1.fastq.gz	35606946	1786414869	
kraken_reads/control/SRR29709047_2.fastq.gz	35627573	1786414917	
kraken_reads/control/SRR29726218_1.fastq.gz	64288266	1786414031	
kraken_reads/control/SRR2973582_1.fastq.gz	39907922	1786417645	
kraken_reads/control/SRR2973582_2.fastq.gz	41713417	1786417690	
kraken_reads/control/SRR2973584_1.fastq.gz	40356663	1786417694	
kraken_reads/control/SRR2973584_2.fastq.gz	41756432	1786417759	
kraken_reads/control/SRR29746116_1.fastq.gz	40976693	1786414654	
kraken_reads/control/SRR29746116_2.fastq.gz	43893441	1786414714	
kraken_reads/control/SRR29752384_1.fastq.gz	35131651	1786347982	
kraken_reads/control/SRR29752384_2.fastq.gz	36077127	1786348038	
kraken_reads/control/SRR29848863_1.fastq.gz	33568807	1786417749	
kraken_reads/control/SRR29848863_2.fastq.gz	33759358	1786417789	
kraken_reads/control/SRR29848867_1.fastq.gz	33780356	1786417653	
kraken_reads/control/SRR29848867_2.fastq.gz	34202168	1786417705	
kraken_reads/control/SRR29855368_1.fastq.gz	34681458	1786418791	
kraken_reads/control/SRR29855368_2.fastq.gz	34499684	1786418842	
kraken_reads/control/SRR29888311_1.fastq.gz	28156371	1786414970	
kraken_reads/control/SRR29888311_2.fastq.gz	29072609	1786415008	
kraken_reads/control/SRR29888312_1.fastq.gz	28762750	1786415235	
kraken_reads/control/SRR29888312_2.fastq.gz	29498678	1786415267	
kraken_reads/control/SRR29888314_1.fastq.gz	29273041	1786414938	
kraken_reads/control/SRR29888314_2.fastq.gz	30052224	1786414983	
kraken_reads/control/SRR29888317_1.fastq.gz	29157501	1786415375	
kraken_reads/control/SRR29888317_2.fastq.gz	29698630	1786415418	
kraken_reads/control/SRR29888321_1.fastq.gz	24451402	1786414980	
kraken_reads/control/SRR29888321_2.fastq.gz	24121224	1786415020	
kraken_reads/control/SRR29888325_1.fastq.gz	28450705	1786415226	
kraken_reads/control/SRR29888325_2.fastq.gz	28914341	1786415260	
kraken_reads/control/SRR29888333_1.fastq.gz	24654146	1786415368	
kraken_reads/control/SRR29888333_2.fastq.gz	24562083	1786415407	
kraken_reads/control/SRR29891603_1.fastq.gz	57176170	1786414742	
kraken_reads/control/SRR29891603_2.fastq.gz	58550173	1786414816	
kraken_reads/control/SRR29925905_1.fastq.gz	30752130	1786348119	
kraken_reads/control/SRR29925905_2.fastq.gz	31140794	1786348162	
kraken_reads/control/SRR30026788_1.fastq.gz	36340901	1786348367	
kraken_reads/control/SRR30026788_2.fastq.gz	37215126	1786348407	
kraken_reads/control/SRR30037234_1.fastq.gz	34425635	1786347753	
kraken_reads/control/SRR30037234_2.fastq.gz	35263934	1786347803	
kraken_reads/control/SRR30037265_1.fastq.gz	35708351	1786414145	
kraken_reads/control/SRR30037265_2.fastq.gz	36509160	1786414204	
kraken_reads/control/SRR30037285_1.fastq.gz	32833182	1786347561	
kraken_reads/control/SRR30037285_2.fastq.gz	34290224	1786347615	
kraken_reads/control/SRR30037300_1.fastq.gz	35559323	1786347590	
kraken_reads/control/SRR30037300_2.fastq.gz	38801019	1786347643	
kraken_reads/control/SRR30037309_1.fastq.gz	34566023	1786410393	
kraken_reads/control/SRR30037309_2.fastq.gz	36311549	1786410411	
kraken_reads/control/SRR30037354_1.fastq.gz	37073012	1786348387	
kraken_reads/control/SRR30037354_2.fastq.gz	37423750	1786348442	
kraken_reads/control/SRR30037361_1.fastq.gz	37158608	1786414204	
kraken_reads/control/SRR30037361_2.fastq.gz	39094859	1786414263	
kraken_reads/control/SRR30043027_1.fastq.gz	31998738	1786347629	
kraken_reads/control/SRR30043027_2.fastq.gz	31713198	1786347668	
kraken_reads/control/SRR30126662_1.fastq.gz	37427257	1786415671	
kraken_reads/control/SRR30126662_2.fastq.gz	37447572	1786415727	
kraken_reads/control/SRR30317717_1.fastq.gz	21276760	1786347956	
kraken_reads/control/SRR30317717_2.fastq.gz	22364511	1786347983	
kraken_reads/control/SRR30326711_1.fastq.gz	41756586	1786415317	
kraken_reads/control/SRR30326711_2.fastq.gz	47147855	1786415384	
kraken_reads/control/SRR30348011_1.fastq.gz	41726825	1786415083	
kraken_reads/control/SRR30348011_2.fastq.gz	46506827	1786415138	
kraken_reads/control/SRR30361854_1.fastq.gz	36648449	1786414033	
kraken_reads/control/SRR30361854_2.fastq.gz	40469876	1786414086	
kraken_reads/control/SRR30398039_1.fastq.gz	34816272	1786416315	
kraken_reads/control/SRR30398039_2.fastq.gz	36064259	1786416382	
kraken_reads/control/SRR30398040_1.fastq.gz	34999336	1786418048	
kraken_reads/control/SRR30398040_2.fastq.gz	36488489	1786418096	
kraken_reads/control/SRR30398041_1.fastq.gz	34936696	1786417870	
kraken_reads/control/SRR30398041_2.fastq.gz	36552119	1786417920	
kraken_reads/control/SRR30421792_1.fastq.gz	25485580	1786416361	
kraken_reads/control/SRR30421792_2.fastq.gz	26220690	1786416391	
kraken_reads/control/SRR30565668_1.fastq.gz	53759287	1786348170	
kraken_reads/control/SRR30565668_2.fastq.gz	56115808	1786348252	
kraken_reads/control/SRR30565676_1.fastq.gz	54893431	1786348083	
kraken_reads/control/SRR30565676_2.fastq.gz	55745329	1786348165	
kraken_reads/control/SRR30567912_1.fastq.gz	35616752	1786419651	
kraken_reads/control/SRR30567912_2.fastq.gz	35439849	1786419700	
kraken_reads/control/SRR30570086_1.fastq.gz	52158229	1786420507	
kraken_reads/control/SRR30570086_2.fastq.gz	52395795	1786420554	
kraken_reads/control/SRR30570091_1.fastq.gz	51067347	1786416184	
kraken_reads/control/SRR30570091_2.fastq.gz	51273010	1786416244	
kraken_reads/control/SRR30606516_1.fastq.gz	34063614	1786414330	
kraken_reads/control/SRR30606516_2.fastq.gz	34798785	1786414377	
kraken_reads/control/SRR30611610_1.fastq.gz	49440467	1786347588	
kraken_reads/control/SRR30611610_2.fastq.gz	61129735	1786347653	
kraken_reads/control/SRR30634603_1.fastq.gz	59784360	1786348751	
kraken_reads/control/SRR30634603_2.fastq.gz	62295185	1786348818	
kraken_reads/control/SRR30667974_1.fastq.gz	35237665	1786416817	
kraken_reads/control/SRR30667974_2.fastq.gz	35690928	1786416865	
kraken_reads/control/SRR30673023_1.fastq.gz	56405960	1786416778	
kraken_reads/control/SRR30673023_2.fastq.gz	63542169	1786416858	
kraken_reads/control/SRR30673032_1.fastq.gz	56339334	1786417506	
kraken_reads/control/SRR30673032_2.fastq.gz	63108434	1786417567	
kraken_reads/control/SRR30771140.fastq.gz	25208787	1786416156	
kraken_reads/control/SRR30771148.fastq.gz	24920535	1786348992	
kraken_reads/control/SRR30771149.fastq.gz	24810332	1786410640	
kraken_reads/control/SRR30771150.fastq.gz	26652895	1786416291	
kraken_reads/control/SRR30771154.fastq.gz	25593120	1786416227	
kraken_reads/control/SRR30786834_1.fastq.gz	29054667	1786348222	
kraken_reads/control/SRR30786834_2.fastq.gz	29138696	1786348274	
kraken_reads/control/SRR30792343_1.fastq.gz	31723596	1786347471	
kraken_reads/control/SRR30792343_2.fastq.gz	32192205	1786347510	
kraken_reads/control/SRR30815573_1.fastq.gz	30904741	1786414220	
kraken_reads/control/SRR30815573_2.fastq.gz	35528789	1786414266	
kraken_reads/control/SRR30827895_1.fastq.gz	29150234	1786348731	
kraken_reads/control/SRR30827895_2.fastq.gz	29601570	1786348789	
kraken_reads/control/SRR3087096_1.fastq.gz	43292838	1786348281	
kraken_reads/control/SRR3087096_2.fastq.gz	45455279	1786348337	
kraken_reads/control/SRR30920837_1.fastq.gz	33374382	1786418859	
kraken_reads/control/SRR30920837_2.fastq.gz	34212826	1786418910	
kraken_reads/control/SRR3096312_1.fastq.gz	41812958	1786348848	
kraken_reads/control/SRR3096312_2.fastq.gz	41820290	1786348891	
kraken_reads/control/SRR30984899.fastq.gz	22556409	1786347460	
kraken_reads/control/SRR3100249_1.fastq.gz	42153913	1786348889	
kraken_reads/control/SRR3100249_2.fastq.gz	42174790	1786348936	
kraken_reads/control/SRR31011028_1.fastq.gz	32557183	1786420399	
kraken_reads/control/SRR31011028_2.fastq.gz	32125734	1786420438	
kraken_reads/control/SRR31011029_1.fastq.gz	31945031	1786419480	
kraken_reads/control/SRR31011029_2.fastq.gz	31597928	1786419534	
kraken_reads/control/SRR31011033_1.fastq.gz	32698828	1786418778	
kraken_reads/control/SRR31011033_2.fastq.gz	32396331	1786418820	
kraken_reads/control/SRR31011678_1.fastq.gz	33298311	1786420490	
kraken_reads/control/SRR31011678_2.fastq.gz	32635230	1786420538	
kraken_reads/control/SRR31011679_1.fastq.gz	33206013	1786420400	
kraken_reads/control/SRR31011679_2.fastq.gz	32631464	1786420440	
kraken_reads/control/SRR31011681_1.fastq.gz	32645259	1786420124	
kraken_reads/control/SRR31011681_2.fastq.gz	32148047	1786420173	
kraken_reads/control/SRR3105524.fastq.gz	38014387	1786414398	
kraken_reads/control/SRR31173774_1.fastq.gz	20489741	1786347721	
kraken_reads/control/SRR31173774_2.fastq.gz	20428604	1786347754	
kraken_reads/control/SRR31204180_1.fastq.gz	31577626	1786415672	
kraken_reads/control/SRR31204180_2.fastq.gz	31646305	1786415722	
kraken_reads/control/SRR31204182_1.fastq.gz	32045512	1786414961	
kraken_reads/control/SRR31204182_2.fastq.gz	32025872	1786415008	
kraken_reads/control/SRR3123669_1.fastq.gz	43629261	1786414107	
kraken_reads/control/SRR3123669_2.fastq.gz	44612720	1786414155	
kraken_reads/control/SRR31244750_1.fastq.gz	34319440	1786417780	
kraken_reads/control/SRR31244750_2.fastq.gz	35573963	1786417828	
kraken_reads/control/SRR31244754_1.fastq.gz	34716668	1786417710	
kraken_reads/control/SRR31244754_2.fastq.gz	35621523	1786417758	
kraken_reads/control/SRR31244755_1.fastq.gz	34709030	1786417060	
kraken_reads/control/SRR31244755_2.fastq.gz	35954772	1786417116	
kraken_reads/control/SRR31244756_1.fastq.gz	34752200	1786416801	
kraken_reads/control/SRR31244756_2.fastq.gz	35849899	1786416863	
kraken_reads/control/SRR31244758_1.fastq.gz	33862796	1786417339	
kraken_reads/control/SRR31244758_2.fastq.gz	35438974	1786417394	
kraken_reads/control/SRR31244759_1.fastq.gz	34422443	1786417169	
kraken_reads/control/SRR31244759_2.fastq.gz	35891976	1786417214	
kraken_reads/control/SRR3140224_1.fastq.gz	36442636	1786348463	
kraken_reads/control/SRR3140224_2.fastq.gz	37645354	1786348507	
kraken_reads/control/SRR31417377.fastq.gz	24283336	1786414976	
kraken_reads/control/SRR31479251_1.fastq.gz	65624345	1786410578	
kraken_reads/control/SRR31479251_2.fastq.gz	56023771	1786410602	
kraken_reads/control/SRR31488145_1.fastq.gz	35786845	1786415447	
kraken_reads/control/SRR31488145_2.fastq.gz	35908647	1786415497	
kraken_reads/control/SRR31509647_1.fastq.gz	50385122	1786418787	
kraken_reads/control/SRR31509647_2.fastq.gz	50181393	1786418861	
kraken_reads/control/SRR31538826_1.fastq.gz	31325319	1786419061	
kraken_reads/control/SRR31538826_2.fastq.gz	31648265	1786419095	
kraken_reads/control/SRR31538827_1.fastq.gz	31593314	1786419500	
kraken_reads/control/SRR31538827_2.fastq.gz	31961749	1786419555	
kraken_reads/control/SRR31538830_1.fastq.gz	31684881	1786420271	
kraken_reads/control/SRR31538830_2.fastq.gz	32274010	1786420312	
kraken_reads/control/SRR31543352_1.fastq.gz	35036540	1786414083	
kraken_reads/control/SRR31543352_2.fastq.gz	36069091	1786414126	
kraken_reads/control/SRR31581076_1.fastq.gz	48342370	1786410391	
kraken_reads/control/SRR31581076_2.fastq.gz	52900592	1786410417	
kraken_reads/control/SRR31593907_1.fastq.gz	30826198	1786419156	
kraken_reads/control/SRR31593907_2.fastq.gz	30734790	1786419204	
kraken_reads/control/SRR31593908_1.fastq.gz	31098557	1786419165	
kraken_reads/control/SRR31593908_2.fastq.gz	30986127	1786419209	
kraken_reads/control/SRR31596147.fastq.gz	170426260	1786348215	
kraken_reads/control/SRR31596155.fastq.gz	187173128	1786347573	
kraken_reads/control/SRR31614507_1.fastq.gz	34026445	1786348402	
kraken_reads/control/SRR31614507_2.fastq.gz	34652606	1786348456	
kraken_reads/control/SRR31639247_1.fastq.gz	35885858	1786419723	
kraken_reads/control/SRR31639247_2.fastq.gz	37137889	1786419773	
kraken_reads/control/SRR31639270_1.fastq.gz	36164690	1786419857	
kraken_reads/control/SRR31639270_2.fastq.gz	38789497	1786419925	
kraken_reads/control/SRR31639278_1.fastq.gz	36247148	1786419266	
kraken_reads/control/SRR31639278_2.fastq.gz	38003713	1786419313	
kraken_reads/control/SRR31639289_1.fastq.gz	36068218	1786420367	
kraken_reads/control/SRR31639289_2.fastq.gz	37959858	1786420410	
kraken_reads/control/SRR31639292_1.fastq.gz	36038552	1786417599	
kraken_reads/control/SRR31639292_2.fastq.gz	39049573	1786417656	
kraken_reads/control/SRR31639303_1.fastq.gz	36108530	1786417385	
kraken_reads/control/SRR31639303_2.fastq.gz	37082519	1786417435	
kraken_reads/control/SRR31639304_1.fastq.gz	35962313	1786417166	
kraken_reads/control/SRR31639304_2.fastq.gz	37398329	1786417219	
kraken_reads/control/SRR31639308_1.fastq.gz	35848257	1786417005	
kraken_reads/control/SRR31639308_2.fastq.gz	37710517	1786417054	
kraken_reads/control/SRR31639309_1.fastq.gz	35900602	1786420172	
kraken_reads/control/SRR31639309_2.fastq.gz	37866064	1786420219	
kraken_reads/control/SRR31639312_1.fastq.gz	36058261	1786417020	
kraken_reads/control/SRR31639312_2.fastq.gz	37848484	1786417072	
kraken_reads/control/SRR31639315_1.fastq.gz	36768015	1786417408	
kraken_reads/control/SRR31639315_2.fastq.gz	39149115	1786417453	
kraken_reads/control/SRR31639316_1.fastq.gz	35867137	1786417372	
kraken_reads/control/SRR31639316_2.fastq.gz	37917577	1786417417	
kraken_reads/control/SRR31639317_1.fastq.gz	36316595	1786417253	
kraken_reads/control/SRR31639317_2.fastq.gz	38001554	1786417319	
kraken_reads/control/SRR31682106_1.fastq.gz	29590852	1786347720	
kraken_reads/control/SRR31682106_2.fastq.gz	29654327	1786347763	
kraken_reads/control/SRR31721096_1.fastq.gz	18892506	1786347616	
kraken_reads/control/SRR31721096_2.fastq.gz	19171176	1786347643	
kraken_reads/control/SRR31731496_1.fastq.gz	32064385	1786416197	
kraken_reads/control/SRR31742966_1.fastq.gz	35244744	1786347510	
kraken_reads/control/SRR31742966_2.fastq.gz	35561926	1786347566	
kraken_reads/control/SRR31818556_1.fastq.gz	39549532	1786347485	
kraken_reads/control/SRR31818556_2.fastq.gz	40464640	1786347527	
kraken_reads/control/SRR31833247_1.fastq.gz	56058829	1786348894	
kraken_reads/control/SRR31833247_2.fastq.gz	52392534	1786348944	
kraken_reads/control/SRR31833915_1.fastq.gz	48541715	1786348943	
kraken_reads/control/SRR31833915_2.fastq.gz	51111215	1786348998	
kraken_reads/control/SRR31843511_1.fastq.gz	30020974	1786348281	
kraken_reads/control/SRR31843511_2.fastq.gz	30290871	1786348329	
kraken_reads/control/SRR31851296_1.fastq.gz	49256085	1786414018	
kraken_reads/control/SRR31893515_1.fastq.gz	36901542	1786348191	
kraken_reads/control/SRR31893515_2.fastq.gz	37375215	1786348250	
kraken_reads/control/SRR31908823_1.fastq.gz	34411217	1786347750	
kraken_reads/control/SRR31908823_2.fastq.gz	35496762	1786347807	
kraken_reads/control/SRR31919481_1.fastq.gz	34866750	1786420113	
kraken_reads/control/SRR31919481_2.fastq.gz	34598418	1786420154	
kraken_reads/control/SRR31919486_1.fastq.gz	34733393	1786418711	
kraken_reads/control/SRR31919486_2.fastq.gz	34208924	1786418771	
kraken_reads/control/SRR31919489_1.fastq.gz	34727079	1786419916	
kraken_reads/control/SRR31919489_2.fastq.gz	35834659	1786419970	
kraken_reads/control/SRR31919492_1.fastq.gz	35038544	1786419845	
kraken_reads/control/SRR31919492_2.fastq.gz	34600804	1786419897	
kraken_reads/control/SRR32020462_1.fastq.gz	35249718	1786413988	
kraken_reads/control/SRR32020462_2.fastq.gz	36220375	1786414036	
kraken_reads/control/SRR32083079_1.fastq.gz	35780635	1786418778	
kraken_reads/control/SRR32083079_2.fastq.gz	35720744	1786418836	
kraken_reads/control/SRR32120104_1.fastq.gz	17358160	1786347822	
kraken_reads/control/SRR32120104_2.fastq.gz	19194387	1786347843	
kraken_reads/control/SRR32132957_1.fastq.gz	30631085	1786414966	
kraken_reads/control/SRR32132957_2.fastq.gz	31028741	1786415013	
kraken_reads/control/SRR32132964_1.fastq.gz	29914298	1786415465	
kraken_reads/control/SRR32132964_2.fastq.gz	30457041	1786415516	
kraken_reads/control/SRR32174727_1.fastq.gz	17869227	1786417949	
kraken_reads/control/SRR32174727_2.fastq.gz	22935504	1786417995	
kraken_reads/control/SRR32174728_1.fastq.gz	17800366	1786418154	
kraken_reads/control/SRR32174728_2.fastq.gz	22711726	1786418183	
kraken_reads/control/SRR32174729_1.fastq.gz	17810796	1786417967	
kraken_reads/control/SRR32174729_2.fastq.gz	22732331	1786418006	
kraken_reads/control/SRR3223212.fastq.gz	25165241	1786414466	
kraken_reads/control/SRR32279263_1.fastq.gz	54870310	1786417226	
kraken_reads/control/SRR32279263_2.fastq.gz	66501805	1786417293	
kraken_reads/control/SRR32288536_1.fastq.gz	54187182	1786415981	
kraken_reads/control/SRR32288536_2.fastq.gz	55741168	1786416042	
kraken_reads/control/SRR32288544_1.fastq.gz	52990077	1786416535	
kraken_reads/control/SRR32288544_2.fastq.gz	52669628	1786416607	
kraken_reads/control/SRR32377012_1.fastq.gz	27724152	1786414812	
kraken_reads/control/SRR32377012_2.fastq.gz	27688770	1786414854	
kraken_reads/control/SRR32581774_1.fastq.gz	33289562	1786414805	
kraken_reads/control/SRR32581774_2.fastq.gz	34529522	1786414864	
kraken_reads/control/SRR32584751_1.fastq.gz	30504953	1786347854	
kraken_reads/control/SRR32584751_2.fastq.gz	30292847	1786347904	
kraken_reads/control/SRR32589261_1.fastq.gz	29715825	1786417828	
kraken_reads/control/SRR32589261_2.fastq.gz	30241778	1786417879	
kraken_reads/control/SRR32589262_1.fastq.gz	26057511	1786418099	
kraken_reads/control/SRR32589262_2.fastq.gz	25817850	1786418129	
kraken_reads/control/SRR32620564_1.fastq.gz	32968704	1786416650	
kraken_reads/control/SRR32620564_2.fastq.gz	33776804	1786416703	
kraken_reads/control/SRR32622358_1.fastq.gz	36853895	1786415257	
kraken_reads/control/SRR32622358_2.fastq.gz	38050543	1786415305	
kraken_reads/control/SRR32622489_1.fastq.gz	34765017	1786415170	
kraken_reads/control/SRR32622489_2.fastq.gz	35126659	1786415223	
kraken_reads/control/SRR32622490_1.fastq.gz	35933067	1786415191	
kraken_reads/control/SRR32622490_2.fastq.gz	36758406	1786415241	
kraken_reads/control/SRR32622537_1.fastq.gz	37033952	1786415058	
kraken_reads/control/SRR32622537_2.fastq.gz	37887262	1786415115	
kraken_reads/control/SRR32622708_1.fastq.gz	37030353	1786414942	
kraken_reads/control/SRR32622708_2.fastq.gz	37628622	1786415001	
kraken_reads/control/SRR32622734_1.fastq.gz	34832875	1786415027	
kraken_reads/control/SRR32622734_2.fastq.gz	35761760	1786415073	
kraken_reads/control/SRR3274742_1.fastq.gz	38631648	1786348307	
kraken_reads/control/SRR3274742_2.fastq.gz	39384466	1786348345	
kraken_reads/control/SRR32748794_1.fastq.gz	31079766	1786414280	
kraken_reads/control/SRR32748794_2.fastq.gz	31355810	1786414327	
kraken_reads/control/SRR32806007_1.fastq.gz	35847981	1786415969	
kraken_reads/control/SRR32806007_2.fastq.gz	35661995	1786416014	
kraken_reads/control/SRR3280815_1.fastq.gz	87212432	1786348833	
kraken_reads/control/SRR3280815_2.fastq.gz	88466862	1786348923	
kraken_reads/control/SRR32826825_1.fastq.gz	32060753	1786416765	
kraken_reads/control/SRR32826825_2.fastq.gz	33166384	1786416823	
kraken_reads/control/SRR32859717_1.fastq.gz	33252708	1786348529	
kraken_reads/control/SRR32859717_2.fastq.gz	35545343	1786348580	
kraken_reads/control/SRR3290280_1.fastq.gz	42504161	1786415922	
kraken_reads/control/SRR3290280_2.fastq.gz	41618434	1786415959	
kraken_reads/control/SRR32908596_1.fastq.gz	24379251	1786415069	
kraken_reads/control/SRR32908596_2.fastq.gz	25656547	1786415104	
kraken_reads/control/SRR32909473_1.fastq.gz	34105671	1786413997	
kraken_reads/control/SRR32909473_2.fastq.gz	257880	1786414000	
kraken_reads/control/SRR32914038_1.fastq.gz	32434516	1786410545	
kraken_reads/control/SRR32914038_2.fastq.gz	35102855	1786410562	
kraken_reads/control/SRR32921489_1.fastq.gz	28494476	1786420272	
kraken_reads/control/SRR32921489_2.fastq.gz	29155873	1786420312	
kraken_reads/control/SRR32921500_1.fastq.gz	27841930	1786418844	
kraken_reads/control/SRR32921500_2.fastq.gz	28873341	1786418883	
kraken_reads/control/SRR32921511_1.fastq.gz	31689512	1786418749	
kraken_reads/control/SRR32921511_2.fastq.gz	32633422	1786418797	
kraken_reads/control/SRR32921522_1.fastq.gz	27004304	1786418792	
kraken_reads/control/SRR32921522_2.fastq.gz	28029186	1786418828	
kraken_reads/control/SRR32928575_1.fastq.gz	36232515	1786414213	
kraken_reads/control/SRR32928575_2.fastq.gz	36563463	1786414272	
kraken_reads/control/SRR32938335_1.fastq.gz	36110870	1786418486	
kraken_reads/control/SRR32938335_2.fastq.gz	35299437	1786418532	
kraken_reads/control/SRR32938347_1.fastq.gz	35513808	1786419210	
kraken_reads/control/SRR32938347_2.fastq.gz	35670109	1786419253	
kraken_reads/control/SRR32938355_1.fastq.gz	35649559	1786420205	
kraken_reads/control/SRR32938355_2.fastq.gz	35412708	1786420265	
kraken_reads/control/SRR32938356_1.fastq.gz	35370615	1786419947	
kraken_reads/control/SRR32938356_2.fastq.gz	35308571	1786420008	
kraken_reads/control/SRR32938366_1.fastq.gz	35946992	1786418953	
kraken_reads/control/SRR32938366_2.fastq.gz	36702363	1786419000	
kraken_reads/control/SRR32938368_1.fastq.gz	35845665	1786418456	
kraken_reads/control/SRR32938368_2.fastq.gz	36554180	1786418510	
kraken_reads/control/SRR32959934_1.fastq.gz	48371994	1786416097	
kraken_reads/control/SRR32959934_2.fastq.gz	55319271	1786416159	
kraken_reads/control/SRR32959936_1.fastq.gz	46698519	1786416407	
kraken_reads/control/SRR32959936_2.fastq.gz	55182989	1786416488	
kraken_reads/control/SRR32959940_1.fastq.gz	49115886	1786415595	
kraken_reads/control/SRR32959940_2.fastq.gz	56578510	1786415670	
kraken_reads/control/SRR32959946_1.fastq.gz	49147408	1786419837	
kraken_reads/control/SRR32959946_2.fastq.gz	57562603	1786419896	
kraken_reads/control/SRR32959948_1.fastq.gz	48646996	1786416593	
kraken_reads/control/SRR32959948_2.fastq.gz	55821891	1786416659	
kraken_reads/control/SRR32962215_1.fastq.gz	36462048	1786416559	
kraken_reads/control/SRR32962215_2.fastq.gz	38485938	1786416610	
kraken_reads/control/SRR329935_1.fastq.gz	37017538	1786348648	
kraken_reads/control/SRR329935_2.fastq.gz	37264510	1786348687	
kraken_reads/control/SRR33118885_1.fastq.gz	30623032	1786415219	
kraken_reads/control/SRR33118885_2.fastq.gz	30813536	1786415259	
kraken_reads/control/SRR3314325.fastq.gz	58294652	1786414273	
kraken_reads/control/SRR33190760_1.fastq.gz	33830901	1786414388	
kraken_reads/control/SRR33190760_2.fastq.gz	33978449	1786414431	
kraken_reads/control/SRR33213759_1.fastq.gz	37646888	1786414105	
kraken_reads/control/SRR33213759_2.fastq.gz	35766680	1786414161	
kraken_reads/control/SRR33296414_1.fastq.gz	29396800	1786418887	
kraken_reads/control/SRR33296414_2.fastq.gz	29818993	1786418933	
kraken_reads/control/SRR33296415_1.fastq.gz	29148646	1786419480	
kraken_reads/control/SRR33296415_2.fastq.gz	29635004	1786419529	
kraken_reads/control/SRR33296416_1.fastq.gz	29313858	1786418650	
kraken_reads/control/SRR33296416_2.fastq.gz	29898598	1786418701	
kraken_reads/control/SRR33296417_1.fastq.gz	28917849	1786415124	
kraken_reads/control/SRR33296417_2.fastq.gz	29453186	1786415170	
kraken_reads/control/SRR33296418_1.fastq.gz	28854171	1786418935	
kraken_reads/control/SRR33296418_2.fastq.gz	29413475	1786418982	
kraken_reads/control/SRR33296424_1.fastq.gz	29302462	1786418900	
kraken_reads/control/SRR33296424_2.fastq.gz	29768895	1786418947	
kraken_reads/control/SRR33296425_1.fastq.gz	28894235	1786419010	
kraken_reads/control/SRR33296425_2.fastq.gz	29529313	1786419059	
kraken_reads/control/SRR33322729_1.fastq.gz	67083520	1786418973	
kraken_reads/control/SRR33322729_2.fastq.gz	54024041	1786419069	
kraken_reads/control/SRR33330103_1.fastq.gz	30554150	1786417695	
kraken_reads/control/SRR33330103_2.fastq.gz	30167716	1786417738	
kraken_reads/control/SRR33330107_1.fastq.gz	33909771	1786417506	
kraken_reads/control/SRR33330107_2.fastq.gz	34289167	1786417560	
kraken_reads/control/SRR33459426_1.fastq.gz	34883964	1786348892	
kraken_reads/control/SRR33459426_2.fastq.gz	36192784	1786348934	
kraken_reads/control/SRR33464567.fastq.gz	22047171	1786414168	
kraken_reads/control/SRR33510052_1.fastq.gz	34788538	1786417011	
kraken_reads/control/SRR33510052_2.fastq.gz	35373217	1786417064	
kraken_reads/control/SRR33510057_1.fastq.gz	35323856	1786417214	
kraken_reads/control/SRR33510057_2.fastq.gz	35795620	1786417264	
kraken_reads/control/SRR33616593_1.fastq.gz	37206321	1786348038	
kraken_reads/control/SRR33616593_2.fastq.gz	38734457	1786348104	
kraken_reads/control/SRR33640655_1.fastq.gz	33743851	1786347706	
kraken_reads/control/SRR33640655_2.fastq.gz	34547856	1786347760	
kraken_reads/control/SRR33658507_1.fastq.gz	31486555	1786415942	
kraken_reads/control/SRR33658507_2.fastq.gz	31536928	1786415981	
kraken_reads/control/SRR33687099_1.fastq.gz	34613633	1786414147	
kraken_reads/control/SRR33687099_2.fastq.gz	34872225	1786414206	
kraken_reads/control/SRR33696073_1.fastq.gz	51375804	1786414739	
kraken_reads/control/SRR33696073_2.fastq.gz	47945525	1786414800	
kraken_reads/control/SRR3383776.fastq.gz	39976333	1786415414	
kraken_reads/control/SRR3383788.fastq.gz	39808020	1786416007	
kraken_reads/control/SRR33846324_1.fastq.gz	34344354	1786418257	
kraken_reads/control/SRR33846324_2.fastq.gz	35923289	1786418308	
kraken_reads/control/SRR33846329_1.fastq.gz	33984533	1786417578	
kraken_reads/control/SRR33846329_2.fastq.gz	35539358	1786417628	
kraken_reads/control/SRR33846330_1.fastq.gz	34600041	1786416727	
kraken_reads/control/SRR33846330_2.fastq.gz	36518321	1786416793	
kraken_reads/control/SRR33846332_1.fastq.gz	34706114	1786417306	
kraken_reads/control/SRR33846332_2.fastq.gz	36869710	1786417363	
kraken_reads/control/SRR33976993_1.fastq.gz	24086353	1786413994	
kraken_reads/control/SRR33976993_2.fastq.gz	24326216	1786414021	
kraken_reads/control/SRR33979373_1.fastq.gz	35539184	1786348727	
kraken_reads/control/SRR33979373_2.fastq.gz	36312843	1786348790	
kraken_reads/control/SRR34367680_1.fastq.gz	33407817	1786347935	
kraken_reads/control/SRR34367680_2.fastq.gz	32492880	1786347978	
kraken_reads/control/SRR34402006.fastq.gz	59626591	1786414048	
kraken_reads/control/SRR34402011.fastq.gz	55347753	1786347866	
kraken_reads/control/SRR34499364_1.fastq.gz	35424100	1786347978	
kraken_reads/control/SRR34499364_2.fastq.gz	38107982	1786348048	
kraken_reads/control/SRR34499390_1.fastq.gz	35559382	1786347564	
kraken_reads/control/SRR34499390_2.fastq.gz	36861081	1786347630	
kraken_reads/control/SRR34575220_1.fastq.gz	34544489	1786420219	
kraken_reads/control/SRR34575220_2.fastq.gz	36935121	1786420281	
kraken_reads/control/SRR34587686_1.fastq.gz	58994749	1786348928	
kraken_reads/control/SRR34587686_2.fastq.gz	64789453	1786348986	
kraken_reads/control/SRR34708598_1.fastq.gz	33895753	1786420543	
kraken_reads/control/SRR34708598_2.fastq.gz	34646069	1786420571	
kraken_reads/control/SRR34708599_1.fastq.gz	33911664	1786418700	
kraken_reads/control/SRR34708599_2.fastq.gz	34566864	1786418753	
kraken_reads/control/SRR34708600_1.fastq.gz	33868179	1786419528	
kraken_reads/control/SRR34708600_2.fastq.gz	34423730	1786419584	
kraken_reads/control/SRR34732569_1.fastq.gz	30686515	1786414601	
kraken_reads/control/SRR34732569_2.fastq.gz	31158496	1786414655	
kraken_reads/control/SRR34732571_1.fastq.gz	30905126	1786414487	
kraken_reads/control/SRR34732571_2.fastq.gz	31349028	1786414544	
kraken_reads/control/SRR34955321_1.fastq.gz	35448777	1786414224	
kraken_reads/control/SRR34955321_2.fastq.gz	36206321	1786414274	
kraken_reads/control/SRR34977024_1.fastq.gz	30426749	1786418385	
kraken_reads/control/SRR34977024_2.fastq.gz	30640142	1786418424	
kraken_reads/control/SRR3498311_1.fastq.gz	38979515	1786418392	
kraken_reads/control/SRR3498311_2.fastq.gz	38955900	1786418435	
kraken_reads/control/SRR3498313_1.fastq.gz	39653480	1786417211	
kraken_reads/control/SRR3498313_2.fastq.gz	40159229	1786417243	
kraken_reads/control/SRR35028406_1.fastq.gz	32932880	1786348105	
kraken_reads/control/SRR35028406_2.fastq.gz	36574792	1786348163	
kraken_reads/control/SRR35105540_1.fastq.gz	58776101	1786420300	
kraken_reads/control/SRR35105540_2.fastq.gz	61997749	1786420373	
kraken_reads/control/SRR35105549_1.fastq.gz	59241322	1786420089	
kraken_reads/control/SRR35105549_2.fastq.gz	64124559	1786420163	
kraken_reads/control/SRR35105551_1.fastq.gz	58380846	1786419477	
kraken_reads/control/SRR35105551_2.fastq.gz	63303475	1786419544	
kraken_reads/control/SRR35146952_1.fastq.gz	35545985	1786348846	
kraken_reads/control/SRR35146952_2.fastq.gz	35878602	1786348899	
kraken_reads/control/SRR35147107_1.fastq.gz	34969879	1786348631	
kraken_reads/control/SRR35147107_2.fastq.gz	35579005	1786348675	
kraken_reads/control/SRR35256706_1.fastq.gz	18072303	1786348825	
kraken_reads/control/SRR35256706_2.fastq.gz	19619187	1786348851	
kraken_reads/control/SRR35278651_1.fastq.gz	49571510	1786347679	
kraken_reads/control/SRR35278651_2.fastq.gz	55682457	1786347749	
kraken_reads/control/SRR35278697_1.fastq.gz	49415419	1786347587	
kraken_reads/control/SRR35278697_2.fastq.gz	55083904	1786347660	
kraken_reads/control/SRR35278705_1.fastq.gz	52144816	1786347984	
kraken_reads/control/SRR35278705_2.fastq.gz	54311550	1786348053	
kraken_reads/control/SRR35303522_1.fastq.gz	55695272	1786417388	
kraken_reads/control/SRR35303522_2.fastq.gz	61619640	1786417462	
kraken_reads/control/SRR35332855_1.fastq.gz	26911304	1786416341	
kraken_reads/control/SRR35332855_2.fastq.gz	27026812	1786416375	
kraken_reads/control/SRR35391034_1.fastq.gz	34469466	1786415948	
kraken_reads/control/SRR35391034_2.fastq.gz	35011983	1786415997	
kraken_reads/control/SRR35392030_1.fastq.gz	29547584	1786414543	
kraken_reads/control/SRR35392030_2.fastq.gz	30363192	1786414578	
kraken_reads/control/SRR35396721_1.fastq.gz	35885507	1786418167	
kraken_reads/control/SRR35396721_2.fastq.gz	36060355	1786418218	
kraken_reads/control/SRR35396722_1.fastq.gz	36061071	1786418114	
kraken_reads/control/SRR35396722_2.fastq.gz	36435292	1786418169	
kraken_reads/control/SRR35396724_1.fastq.gz	36140450	1786418000	
kraken_reads/control/SRR35396724_2.fastq.gz	36578519	1786418054	
kraken_reads/control/SRR35396729_1.fastq.gz	35966350	1786417888	
kraken_reads/control/SRR35396729_2.fastq.gz	36337874	1786417933	
kraken_reads/control/SRR35396730_1.fastq.gz	36054822	1786418007	
kraken_reads/control/SRR35396730_2.fastq.gz	36515842	1786418068	
kraken_reads/control/SRR35554970.fastq.gz	33209037	1786348672	
kraken_reads/control/SRR35554983.fastq.gz	33381745	1786348314	
kraken_reads/control/SRR35559026_1.fastq.gz	35206678	1786418780	
kraken_reads/control/SRR35559026_2.fastq.gz	36696570	1786418830	
kraken_reads/control/SRR35559027_1.fastq.gz	35372399	1786418572	
kraken_reads/control/SRR35559027_2.fastq.gz	35917460	1786418628	
kraken_reads/control/SRR35559030_1.fastq.gz	35192415	1786419812	
kraken_reads/control/SRR35559030_2.fastq.gz	35795244	1786419867	
kraken_reads/control/SRR35559031_1.fastq.gz	35144283	1786349002	
kraken_reads/control/SRR35559031_2.fastq.gz	35646869	1786349027	
kraken_reads/control/SRR35646278_1.fastq.gz	28226884	1786418844	
kraken_reads/control/SRR35646278_2.fastq.gz	28132831	1786418889	
kraken_reads/control/SRR3569112.fastq.gz	57081533	1786348258	
kraken_reads/control/SRR35750743_1.fastq.gz	29647198	1786348359	
kraken_reads/control/SRR35750743_2.fastq.gz	29757518	1786348405	
kraken_reads/control/SRR35833127_1.fastq.gz	31316766	1786415793	
kraken_reads/control/SRR35833127_2.fastq.gz	32547423	1786415843	
kraken_reads/control/SRR35882167_1.fastq.gz	48449314	1786414811	
kraken_reads/control/SRR35882167_2.fastq.gz	51799877	1786414876	
kraken_reads/control/SRR35882171_1.fastq.gz	47766549	1786414639	
kraken_reads/control/SRR35882171_2.fastq.gz	51073726	1786414707	
kraken_reads/control/SRR35900960_1.fastq.gz	31839942	1786419665	
kraken_reads/control/SRR35900960_2.fastq.gz	95689	1786419669	
kraken_reads/control/SRR35900965_1.fastq.gz	31885633	1786420520	
kraken_reads/control/SRR35900968_1.fastq.gz	15845060	1786416036	
kraken_reads/control/SRR35931051_1.fastq.gz	33009647	1786417824	
kraken_reads/control/SRR35931051_2.fastq.gz	33178721	1786417872	
kraken_reads/control/SRR35931052_1.fastq.gz	32923628	1786418112	
kraken_reads/control/SRR35931052_2.fastq.gz	33055603	1786418159	
kraken_reads/control/SRR35931053_1.fastq.gz	32828469	1786418120	
kraken_reads/control/SRR35931053_2.fastq.gz	32840058	1786418171	
kraken_reads/control/SRR35971069_1.fastq.gz	34134182	1786414102	
kraken_reads/control/SRR35971069_2.fastq.gz	35020549	1786414163	
kraken_reads/control/SRR35979622_1.fastq.gz	61347754	1786347525	
kraken_reads/control/SRR35979622_2.fastq.gz	57205860	1786347587	
kraken_reads/control/SRR36066474_1.fastq.gz	31077006	1786414326	
kraken_reads/control/SRR36066474_2.fastq.gz	31679152	1786414374	
kraken_reads/control/SRR36099371_1.fastq.gz	23652094	1786420195	
kraken_reads/control/SRR36099371_2.fastq.gz	23848044	1786420222	
kraken_reads/control/SRR36099372_1.fastq.gz	23777363	1786419812	
kraken_reads/control/SRR36099372_2.fastq.gz	23991232	1786419851	
kraken_reads/control/SRR36099375_1.fastq.gz	23471754	1786419565	
kraken_reads/control/SRR36099375_2.fastq.gz	23539919	1786419603	
kraken_reads/control/SRR36099376_1.fastq.gz	23551874	1786418574	
kraken_reads/control/SRR36099376_2.fastq.gz	23665980	1786418609	
kraken_reads/control/SRR36134801.fastq.gz	22556510	1786415889	
kraken_reads/control/SRR36134802.fastq.gz	22463533	1786417902	
kraken_reads/control/SRR36134803.fastq.gz	22565236	1786418101	
kraken_reads/control/SRR36134804.fastq.gz	22916787	1786417817	
kraken_reads/control/SRR36134808.fastq.gz	23159422	1786418067	
kraken_reads/control/SRR36134817.fastq.gz	22941188	1786418030	
kraken_reads/control/SRR36134818.fastq.gz	22643920	1786418058	
kraken_reads/control/SRR36134819.fastq.gz	22629844	1786415556	
kraken_reads/control/SRR36134825.fastq.gz	22856016	1786417792	
kraken_reads/control/SRR36134827.fastq.gz	22430473	1786418057	
kraken_reads/control/SRR36134847.fastq.gz	22535926	1786417980	
kraken_reads/control/SRR36134850.fastq.gz	22509036	1786415565	
kraken_reads/control/SRR36134856.fastq.gz	22577130	1786417959	
kraken_reads/control/SRR36134865.fastq.gz	22862930	1786415558	
kraken_reads/control/SRR36134868.fastq.gz	22407575	1786415912	
kraken_reads/control/SRR36134877.fastq.gz	22992961	1786417947	
kraken_reads/control/SRR36134881.fastq.gz	22528055	1786417906	
kraken_reads/control/SRR36134882.fastq.gz	22401067	1786418140	
kraken_reads/control/SRR36134883.fastq.gz	22456188	1786417872	
kraken_reads/control/SRR36134888.fastq.gz	22173405	1786417866	
kraken_reads/control/SRR36134890.fastq.gz	22202759	1786417905	
kraken_reads/control/SRR36134912.fastq.gz	22502640	1786417821	
kraken_reads/control/SRR36134913.fastq.gz	22601499	1786415702	
kraken_reads/control/SRR36134914.fastq.gz	22707150	1786418084	
kraken_reads/control/SRR36134915.fastq.gz	22715004	1786417872	
kraken_reads/control/SRR36308454_1.fastq.gz	33371605	1786418680	
kraken_reads/control/SRR36308454_2.fastq.gz	34369706	1786418729	
kraken_reads/control/SRR36308455_1.fastq.gz	33346197	1786420432	
kraken_reads/control/SRR36308456_1.fastq.gz	33025761	1786418708	
kraken_reads/control/SRR36308456_2.fastq.gz	33873218	1786418755	
kraken_reads/control/SRR364390.fastq.gz	21631168	1786419892	
kraken_reads/control/SRR364392.fastq.gz	21631653	1786419965	
kraken_reads/control/SRR364393.fastq.gz	21635319	1786419261	
kraken_reads/control/SRR364398.fastq.gz	21638084	1786419245	
kraken_reads/control/SRR364400.fastq.gz	21634001	1786418473	
kraken_reads/control/SRR364401.fastq.gz	21642726	1786419954	
kraken_reads/control/SRR364402.fastq.gz	21647958	1786420195	
kraken_reads/control/SRR364403.fastq.gz	21649504	1786418856	
kraken_reads/control/SRR364405.fastq.gz	21613248	1786419782	
kraken_reads/control/SRR364406.fastq.gz	21644025	1786420489	
kraken_reads/control/SRR364407.fastq.gz	21636427	1786418838	
kraken_reads/control/SRR364408.fastq.gz	21599825	1786420348	
kraken_reads/control/SRR364409.fastq.gz	21587741	1786419399	
kraken_reads/control/SRR36670886_1.fastq.gz	35977757	1786420301	
kraken_reads/control/SRR36670886_2.fastq.gz	37728111	1786420362	
kraken_reads/control/SRR36698361_1.fastq.gz	33417966	1786413968	
kraken_reads/control/SRR36698361_2.fastq.gz	35284628	1786414015	
kraken_reads/control/SRR36744955_1.fastq.gz	19690686	1786410646	
kraken_reads/control/SRR36744955_2.fastq.gz	20734857	1786410653	
kraken_reads/control/SRR36744958_1.fastq.gz	20008291	1786415213	
kraken_reads/control/SRR36744958_2.fastq.gz	21093592	1786415238	
kraken_reads/control/SRR36778577_1.fastq.gz	32402889	1786420304	
kraken_reads/control/SRR36778577_2.fastq.gz	32889557	1786420361	
kraken_reads/control/SRR36790401_1.fastq.gz	34525224	1786414000	
kraken_reads/control/SRR36790401_2.fastq.gz	36446035	1786414044	
kraken_reads/control/SRR36802771_1.fastq.gz	55048909	1786419702	
kraken_reads/control/SRR36802771_2.fastq.gz	62061798	1786419775	
kraken_reads/control/SRR36802772_1.fastq.gz	54801264	1786418691	
kraken_reads/control/SRR36802772_2.fastq.gz	61714368	1786418771	
kraken_reads/control/SRR36824216_1.fastq.gz	32105023	1786417654	
kraken_reads/control/SRR36824216_2.fastq.gz	32409459	1786417705	
kraken_reads/control/SRR36824220_1.fastq.gz	262013	1786417205	
kraken_reads/control/SRR36824220_2.fastq.gz	95675	1786417206	
kraken_reads/control/SRR36833373_1.fastq.gz	22563987	1786414896	
kraken_reads/control/SRR36833373_2.fastq.gz	22801514	1786414929	
kraken_reads/control/SRR36930497_1.fastq.gz	50399352	1786347501	
kraken_reads/control/SRR36930497_2.fastq.gz	56166621	1786347563	
kraken_reads/control/SRR3695300_1.fastq.gz	79094	1786414684	
kraken_reads/control/SRR3695300_2.fastq.gz	145559	1786414686	
kraken_reads/control/SRR3695327_1.fastq.gz	1990505	1786414310	
kraken_reads/control/SRR3695327_2.fastq.gz	12641696	1786414329	
kraken_reads/control/SRR36986756_1.fastq.gz	33175781	1786416313	
kraken_reads/control/SRR36986756_2.fastq.gz	34117460	1786416372	
kraken_reads/control/SRR36993186_1.fastq.gz	33412435	1786416150	
kraken_reads/control/SRR36993186_2.fastq.gz	35349444	1786416189	
kraken_reads/control/SRR36993195_1.fastq.gz	33618828	1786415504	
kraken_reads/control/SRR36993195_2.fastq.gz	35787685	1786415557	
kraken_reads/control/SRR37071458_1.fastq.gz	55049823	1786348674	
kraken_reads/control/SRR37071458_2.fastq.gz	62127039	1786348753	
kraken_reads/control/SRR37085816_1.fastq.gz	38017844	1786417257	
kraken_reads/control/SRR37085816_2.fastq.gz	37901244	1786417317	
kraken_reads/control/SRR37123722_1.fastq.gz	35561364	1786419678	
kraken_reads/control/SRR37123722_2.fastq.gz	34641499	1786419736	
kraken_reads/control/SRR37123723_1.fastq.gz	35477959	1786418629	
kraken_reads/control/SRR37123723_2.fastq.gz	34608000	1786418686	
kraken_reads/control/SRR37173569_1.fastq.gz	31531525	1786414871	
kraken_reads/control/SRR37173569_2.fastq.gz	32106941	1786414910	
kraken_reads/control/SRR37173573_1.fastq.gz	31302407	1786414457	
kraken_reads/control/SRR37173573_2.fastq.gz	32070751	1786414507	
kraken_reads/control/SRR3721326.fastq.gz	24098005	1786415590	
kraken_reads/control/SRR3721328.fastq.gz	24344412	1786415940	
kraken_reads/control/SRR3721329.fastq.gz	24318019	1786415535	
kraken_reads/control/SRR37245770.fastq.gz	30306645	1786347485	
kraken_reads/control/SRR37246188.fastq.gz	30693457	1786348231	
kraken_reads/control/SRR3726837_1.fastq.gz	56682583	1786348607	
kraken_reads/control/SRR3726837_2.fastq.gz	56711542	1786348664	
kraken_reads/control/SRR37270894_1.fastq.gz	26901104	1786417959	
kraken_reads/control/SRR37270894_2.fastq.gz	27640317	1786418001	
kraken_reads/control/SRR37270896_1.fastq.gz	27299273	1786417981	
kraken_reads/control/SRR37270896_2.fastq.gz	27951977	1786418026	
kraken_reads/control/SRR37270897_1.fastq.gz	27341992	1786418004	
kraken_reads/control/SRR37270897_2.fastq.gz	28180610	1786418054	
kraken_reads/control/SRR37270899_1.fastq.gz	27155385	1786417951	
kraken_reads/control/SRR37270899_2.fastq.gz	27948543	1786417995	
kraken_reads/control/SRR37270900_1.fastq.gz	27112254	1786418052	
kraken_reads/control/SRR37270900_2.fastq.gz	27855351	1786418089	
kraken_reads/control/SRR37270902_1.fastq.gz	27610519	1786417818	
kraken_reads/control/SRR37270902_2.fastq.gz	28350160	1786417871	
kraken_reads/control/SRR3727694_1.fastq.gz	43937741	1786415644	
kraken_reads/control/SRR3727694_2.fastq.gz	43799570	1786415680	
kraken_reads/control/SRR3734875_1.fastq.gz	18071180	1786416357	
kraken_reads/control/SRR3734875_2.fastq.gz	18753213	1786416387	
kraken_reads/control/SRR3734877_1.fastq.gz	18233194	1786416063	
kraken_reads/control/SRR3734877_2.fastq.gz	18902345	1786416092	
kraken_reads/control/SRR37434137_1.fastq.gz	36458480	1786414884	
kraken_reads/control/SRR37434137_2.fastq.gz	38958016	1786414940	
kraken_reads/control/SRR37452313_1.fastq.gz	35021349	1786419086	
kraken_reads/control/SRR37452313_2.fastq.gz	34382853	1786419135	
kraken_reads/control/SRR37452315_1.fastq.gz	35243125	1786419874	
kraken_reads/control/SRR37456314_1.fastq.gz	14346726	1786414371	
kraken_reads/control/SRR37456314_2.fastq.gz	17289629	1786414388	
kraken_reads/control/SRR3750721.fastq.gz	31914577	1786415542	
kraken_reads/control/SRR37513062_1.fastq.gz	34007710	1786419266	
kraken_reads/control/SRR37513062_2.fastq.gz	35699960	1786419323	
kraken_reads/control/SRR37513065_1.fastq.gz	34117967	1786419856	
kraken_reads/control/SRR37513065_2.fastq.gz	35320826	1786419903	
kraken_reads/control/SRR37532118.fastq.gz	22949886	1786413994	
kraken_reads/control/SRR37547772_1.fastq.gz	28385963	1786348136	
kraken_reads/control/SRR37547772_2.fastq.gz	28842059	1786348182	
kraken_reads/control/SRR37547783_1.fastq.gz	27530064	1786348085	
kraken_reads/control/SRR37547783_2.fastq.gz	28022760	1786348133	
kraken_reads/control/SRR37798391_1.fastq.gz	49500365	1786420092	
kraken_reads/control/SRR37798391_2.fastq.gz	55344484	1786420162	
kraken_reads/control/SRR37798399_1.fastq.gz	48863322	1786415891	
kraken_reads/control/SRR37798399_2.fastq.gz	55329586	1786415955	
kraken_reads/control/SRR37798402_1.fastq.gz	48979905	1786416032	
kraken_reads/control/SRR37798402_2.fastq.gz	55506846	1786416101	
kraken_reads/control/SRR37811640_1.fastq.gz	31543852	1786414766	
kraken_reads/control/SRR37811640_2.fastq.gz	32388643	1786414812	
kraken_reads/control/SRR37825870_1.fastq.gz	27525473	1786348297	
kraken_reads/control/SRR37825870_2.fastq.gz	29850423	1786348337	
kraken_reads/control/SRR38077033_1.fastq.gz	22315993	1786416012	
kraken_reads/control/SRR38077033_2.fastq.gz	23306794	1786416038	
kraken_reads/control/SRR38077035_1.fastq.gz	22243209	1786416060	
kraken_reads/control/SRR38077035_2.fastq.gz	23204022	1786416093	
kraken_reads/control/SRR38077037_1.fastq.gz	21494664	1786416057	
kraken_reads/control/SRR38077037_2.fastq.gz	22508620	1786416084	
kraken_reads/control/SRR38077039_1.fastq.gz	21688824	1786416119	
kraken_reads/control/SRR38077039_2.fastq.gz	22605430	1786416149	
kraken_reads/control/SRR3823907_1.fastq.gz	47084224	1786410190	
kraken_reads/control/SRR3823907_2.fastq.gz	47554593	1786410205	
kraken_reads/control/SRR38250084_1.fastq.gz	33220723	1786413969	
kraken_reads/control/SRR38250084_2.fastq.gz	34276742	1786414012	
kraken_reads/control/SRR38250145_1.fastq.gz	33140321	1786414225	
kraken_reads/control/SRR38250145_2.fastq.gz	35148611	1786414279	
kraken_reads/control/SRR38355249_1.fastq.gz	31817262	1786418641	
kraken_reads/control/SRR38355249_2.fastq.gz	31723939	1786418693	
kraken_reads/control/SRR38355262_1.fastq.gz	31114358	1786419345	
kraken_reads/control/SRR38355262_2.fastq.gz	30850078	1786419392	
kraken_reads/control/SRR38355298_1.fastq.gz	31085881	1786420087	
kraken_reads/control/SRR38355298_2.fastq.gz	31147284	1786420131	
kraken_reads/control/SRR38355300_1.fastq.gz	32349518	1786419163	
kraken_reads/control/SRR38355300_2.fastq.gz	32189637	1786419209	
kraken_reads/control/SRR38355301_1.fastq.gz	32571851	1786419500	
kraken_reads/control/SRR38355301_2.fastq.gz	32548031	1786419555	
kraken_reads/control/SRR38355303_1.fastq.gz	31874925	1786419612	
kraken_reads/control/SRR38355303_2.fastq.gz	32270900	1786419663	
kraken_reads/control/SRR38355304_1.fastq.gz	31720817	1786420010	
kraken_reads/control/SRR38355304_2.fastq.gz	31537440	1786420058	
kraken_reads/control/SRR38355305_1.fastq.gz	32431526	1786419943	
kraken_reads/control/SRR38355305_2.fastq.gz	32393629	1786419995	
kraken_reads/control/SRR38355306_1.fastq.gz	32094177	1786419164	
kraken_reads/control/SRR38355306_2.fastq.gz	32142253	1786419210	
kraken_reads/control/SRR38355307_1.fastq.gz	31542977	1786418976	
kraken_reads/control/SRR38355307_2.fastq.gz	31499808	1786419024	
kraken_reads/control/SRR38355308_1.fastq.gz	31586761	1786418795	
kraken_reads/control/SRR38355308_2.fastq.gz	31498973	1786418851	
kraken_reads/control/SRR38355309_1.fastq.gz	32271496	1786420497	
kraken_reads/control/SRR38355309_2.fastq.gz	32307994	1786420541	
kraken_reads/control/SRR38441797_1.fastq.gz	33306476	1786417249	
kraken_reads/control/SRR38441797_2.fastq.gz	34572684	1786417306	
kraken_reads/control/SRR38441799_1.fastq.gz	33414365	1786417751	
kraken_reads/control/SRR38441799_2.fastq.gz	34481511	1786417801	
kraken_reads/control/SRR38858540_1.fastq.gz	35663995	1786415563	
kraken_reads/control/SRR38858540_2.fastq.gz	36494158	1786415607	
kraken_reads/control/SRR38890929_1.fastq.gz	43009766	1786419170	
kraken_reads/control/SRR38890929_2.fastq.gz	44490847	1786419213	
kraken_reads/control/SRR38912800_1.fastq.gz	52618645	1786410379	
kraken_reads/control/SRR38912800_2.fastq.gz	52904747	1786410404	
kraken_reads/control/SRR38912810_1.fastq.gz	53219455	1786348425	
kraken_reads/control/SRR38912810_2.fastq.gz	53760252	1786348502	
kraken_reads/control/SRR38924895_1.fastq.gz	30096992	1786416071	
kraken_reads/control/SRR38924895_2.fastq.gz	30061000	1786416118	
kraken_reads/control/SRR38980075_1.fastq.gz	58741263	1786420285	
kraken_reads/control/SRR38980075_2.fastq.gz	60640866	1786420354	
kraken_reads/control/SRR38980076_1.fastq.gz	60135929	1786419655	
kraken_reads/control/SRR38980076_2.fastq.gz	62465821	1786419719	
kraken_reads/control/SRR38980077_1.fastq.gz	58687261	1786419109	
kraken_reads/control/SRR38980077_2.fastq.gz	62335748	1786419171	
kraken_reads/control/SRR38980078_1.fastq.gz	57903860	1786419558	
kraken_reads/control/SRR38980078_2.fastq.gz	57090591	1786419631	
kraken_reads/control/SRR38980079_1.fastq.gz	59353127	1786419605	
kraken_reads/control/SRR38980079_2.fastq.gz	62745274	1786419668	
kraken_reads/control/SRR38980080_1.fastq.gz	60153862	1786419572	
kraken_reads/control/SRR38980080_2.fastq.gz	64345631	1786419653	
kraken_reads/control/SRR39011232_1.fastq.gz	27257197	1786418741	
kraken_reads/control/SRR39011232_2.fastq.gz	28320318	1786418782	
kraken_reads/control/SRR39011234_1.fastq.gz	26558994	1786420465	
kraken_reads/control/SRR39011234_2.fastq.gz	27874936	1786420505	
kraken_reads/control/SRR39011235_1.fastq.gz	26544120	1786420506	
kraken_reads/control/SRR39011235_2.fastq.gz	27747100	1786420542	
kraken_reads/control/SRR39053908_1.fastq.gz	31748524	1786414513	
kraken_reads/control/SRR39053908_2.fastq.gz	32034938	1786414550	
kraken_reads/control/SRR39053910_1.fastq.gz	31991878	1786414377	
kraken_reads/control/SRR39053910_2.fastq.gz	32202892	1786414422	
kraken_reads/control/SRR39167173_1.fastq.gz	29017154	1786414698	
kraken_reads/control/SRR39167173_2.fastq.gz	28751671	1786414744	
kraken_reads/control/SRR391840.fastq.gz	16710330	1786415053	
kraken_reads/control/SRR3924551.fastq.gz	24141649	1786416149	
kraken_reads/control/SRR3924552.fastq.gz	24392649	1786416037	
kraken_reads/control/SRR3938601_1.fastq.gz	43842715	1786348019	
kraken_reads/control/SRR3938601_2.fastq.gz	44271241	1786348074	
kraken_reads/control/SRR407354.fastq.gz	30500417	1786347575	
kraken_reads/control/SRR4125300_1.fastq.gz	35080255	1786420356	
kraken_reads/control/SRR4125300_2.fastq.gz	36392878	1786420382	
kraken_reads/control/SRR4279707_1.fastq.gz	20889964	1786348451	
kraken_reads/control/SRR4279707_2.fastq.gz	21695547	1786348479	
kraken_reads/control/SRR4296272_1.fastq.gz	30102728	1786420357	
kraken_reads/control/SRR4296272_2.fastq.gz	30625223	1786420393	
kraken_reads/control/SRR4423875_1.fastq.gz	38535702	1786347789	
kraken_reads/control/SRR4423875_2.fastq.gz	38559182	1786347829	
kraken_reads/control/SRR445434_1.fastq.gz	21950369	1786417976	
kraken_reads/control/SRR445434_2.fastq.gz	21945221	1786418017	
kraken_reads/control/SRR4875305.fastq.gz	25520281	1786414748	
kraken_reads/control/SRR4875314.fastq.gz	25402807	1786419508	
kraken_reads/control/SRR4875315.fastq.gz	25115698	1786419119	
kraken_reads/control/SRR4875317.fastq.gz	25150887	1786419385	
kraken_reads/control/SRR4875318.fastq.gz	25297247	1786418611	
kraken_reads/control/SRR4875320.fastq.gz	24959440	1786418478	
kraken_reads/control/SRR4875321.fastq.gz	24781582	1786419267	
kraken_reads/control/SRR4875322.fastq.gz	24892668	1786419377	
kraken_reads/control/SRR4875323.fastq.gz	24757005	1786419778	
kraken_reads/control/SRR494481_1.fastq.gz	20339502	1786414124	
kraken_reads/control/SRR494481_2.fastq.gz	20312290	1786414164	
kraken_reads/control/SRR5055853_1.fastq.gz	46360633	1786348276	
kraken_reads/control/SRR5055853_2.fastq.gz	47678106	1786348341	
kraken_reads/control/SRR5061907_1.fastq.gz	30718375	1786414315	
kraken_reads/control/SRR5061907_2.fastq.gz	30742045	1786414362	
kraken_reads/control/SRR5079953_1.fastq.gz	38095834	1786410389	
kraken_reads/control/SRR5079953_2.fastq.gz	41265207	1786410409	
kraken_reads/control/SRR509703.fastq.gz	8545509	1786348637	
kraken_reads/control/SRR5115621_1.fastq.gz	29557696	1786419867	
kraken_reads/control/SRR5115621_2.fastq.gz	31075328	1786419919	
kraken_reads/control/SRR5115629_1.fastq.gz	101446044	1786414659	
kraken_reads/control/SRR5115629_2.fastq.gz	90862749	1786414751	
kraken_reads/control/SRR5130524_1.fastq.gz	43200699	1786417152	
kraken_reads/control/SRR5130524_2.fastq.gz	42816855	1786417193	
kraken_reads/control/SRR5130526_1.fastq.gz	43255241	1786417366	
kraken_reads/control/SRR5130526_2.fastq.gz	43340778	1786417410	
kraken_reads/control/SRR5133403.fastq.gz	38397543	1786414217	
kraken_reads/control/SRR5166315_1.fastq.gz	45591283	1786419160	
kraken_reads/control/SRR5166315_2.fastq.gz	52947006	1786419221	
kraken_reads/control/SRR517950.fastq.gz	44959418	1786418075	
kraken_reads/control/SRR517952.fastq.gz	44849629	1786418042	
kraken_reads/control/SRR517953.fastq.gz	45058634	1786418132	
kraken_reads/control/SRR517954.fastq.gz	45024099	1786417920	
kraken_reads/control/SRR517955.fastq.gz	44900974	1786417882	
kraken_reads/control/SRR518517_1.fastq.gz	10443259	1786419042	
kraken_reads/control/SRR518517_2.fastq.gz	12676959	1786419062	
kraken_reads/control/SRR518518_1.fastq.gz	10020045	1786419795	
kraken_reads/control/SRR518518_2.fastq.gz	12617486	1786419816	
kraken_reads/control/SRR5225794_1.fastq.gz	39089497	1786417112	
kraken_reads/control/SRR5225794_2.fastq.gz	39159478	1786417158	
kraken_reads/control/SRR5225796_1.fastq.gz	39544375	1786417551	
kraken_reads/control/SRR5225796_2.fastq.gz	40338573	1786417596	
kraken_reads/control/SRR5279501.fastq.gz	5758467	1786347851	
kraken_reads/control/SRR5314119.fastq.gz	11440298	1786348807	
kraken_reads/control/SRR5350336.fastq.gz	22849115	1786415338	
kraken_reads/control/SRR5387720_1.fastq.gz	44527708	1786417415	
kraken_reads/control/SRR5387720_2.fastq.gz	36365416	1786417448	
kraken_reads/control/SRR5420984_1.fastq.gz	42879705	1786414255	
kraken_reads/control/SRR5420984_2.fastq.gz	48542429	1786414306	
kraken_reads/control/SRR5453896.fastq.gz	14032724	1786348437	
kraken_reads/control/SRR5458565_1.fastq.gz	44960756	1786410280	
kraken_reads/control/SRR5458565_2.fastq.gz	51109288	1786410296	
kraken_reads/control/SRR5458567_1.fastq.gz	47370919	1786348773	
kraken_reads/control/SRR5458567_2.fastq.gz	52587971	1786348823	
kraken_reads/control/SRR5488390_1.fastq.gz	39214029	1786419517	
kraken_reads/control/SRR5488390_2.fastq.gz	38773827	1786419563	
kraken_reads/control/SRR5493920_1.fastq.gz	43292770	1786419057	
kraken_reads/control/SRR5493920_2.fastq.gz	40856408	1786419104	
kraken_reads/control/SRR5519012_1.fastq.gz	43260439	1786348858	
kraken_reads/control/SRR5519012_2.fastq.gz	43242194	1786348913	
kraken_reads/control/SRR5576845.fastq.gz	21861596	1786348284	
kraken_reads/control/SRR5598339_1.fastq.gz	34473415	1786416670	
kraken_reads/control/SRR5598339_2.fastq.gz	37782048	1786416713	
kraken_reads/control/SRR5598853_1.fastq.gz	34402975	1786417248	
kraken_reads/control/SRR5598853_2.fastq.gz	38018543	1786417295	
kraken_reads/control/SRR5648442.fastq.gz	40477362	1786348062	
kraken_reads/control/SRR5666309_1.fastq.gz	38006220	1786416374	
kraken_reads/control/SRR5666309_2.fastq.gz	38579781	1786416406	
kraken_reads/control/SRR5753845.fastq.gz	23139656	1786347888	
kraken_reads/control/SRR5756501_1.fastq.gz	44957455	1786417613	
kraken_reads/control/SRR5756501_2.fastq.gz	43513992	1786417660	
kraken_reads/control/SRR5756524_1.fastq.gz	46025241	1786417383	
kraken_reads/control/SRR5756524_2.fastq.gz	44988573	1786417427	
kraken_reads/control/SRR579533_1.fastq.gz	43548537	1786419063	
kraken_reads/control/SRR579533_2.fastq.gz	44400463	1786419104	
kraken_reads/control/SRR579534_1.fastq.gz	43245047	1786420179	
kraken_reads/control/SRR579534_2.fastq.gz	43962882	1786420224	
kraken_reads/control/SRR579535_1.fastq.gz	42983232	1786419394	
kraken_reads/control/SRR579535_2.fastq.gz	43858296	1786419445	
kraken_reads/control/SRR579539.fastq.gz	149429325	1786419904	
kraken_reads/control/SRR5829458.fastq.gz	27350439	1786414327	
kraken_reads/control/SRR5829460.fastq.gz	33795900	1786414524	
kraken_reads/control/SRR5837307_1.fastq.gz	37504957	1786348797	
kraken_reads/control/SRR5837307_2.fastq.gz	36432297	1786348841	
kraken_reads/control/SRR5856938_1.fastq.gz	32821873	1786420121	
kraken_reads/control/SRR5856938_2.fastq.gz	33121159	1786420167	
kraken_reads/control/SRR5871145.fastq.gz	38881381	1786416475	
kraken_reads/control/SRR5871165.fastq.gz	44307943	1786416659	
kraken_reads/control/SRR6039739_1.fastq.gz	42991069	1786415842	
kraken_reads/control/SRR6039739_2.fastq.gz	42450929	1786415876	
kraken_reads/control/SRR6059245_1.fastq.gz	42604940	1786414796	
kraken_reads/control/SRR6059245_2.fastq.gz	42091414	1786414832	
kraken_reads/control/SRR6122673_1.fastq.gz	45030229	1786414162	
kraken_reads/control/SRR6122673_2.fastq.gz	42390217	1786414214	
kraken_reads/control/SRR6123550_1.fastq.gz	20789409	1786420382	
kraken_reads/control/SRR6123550_2.fastq.gz	21941905	1786420413	
kraken_reads/control/SRR6123554_1.fastq.gz	20780668	1786418739	
kraken_reads/control/SRR6123554_2.fastq.gz	21812133	1786418773	
kraken_reads/control/SRR6123555_1.fastq.gz	21087172	1786419338	
kraken_reads/control/SRR6123555_2.fastq.gz	22262920	1786419364	
kraken_reads/control/SRR6123560_1.fastq.gz	20441792	1786418856	
kraken_reads/control/SRR6123560_2.fastq.gz	21620372	1786418890	
kraken_reads/control/SRR6123561_1.fastq.gz	20814012	1786416351	
kraken_reads/control/SRR6123561_2.fastq.gz	22151862	1786416376	
kraken_reads/control/SRR6123568_1.fastq.gz	21020182	1786416552	
kraken_reads/control/SRR6123568_2.fastq.gz	22195185	1786416588	
kraken_reads/control/SRR6123569_1.fastq.gz	20839611	1786420522	
kraken_reads/control/SRR6123569_2.fastq.gz	21881919	1786420545	
kraken_reads/control/SRR6132565_1.fastq.gz	23809823	1786414675	
kraken_reads/control/SRR6132565_2.fastq.gz	26466750	1786414708	
kraken_reads/control/SRR6186102_1.fastq.gz	39454527	1786416890	
kraken_reads/control/SRR6186102_2.fastq.gz	39751302	1786416950	
kraken_reads/control/SRR6186198_1.fastq.gz	39916454	1786417806	
kraken_reads/control/SRR6186198_2.fastq.gz	39999241	1786417850	
kraken_reads/control/SRR6186213_1.fastq.gz	39913777	1786417712	
kraken_reads/control/SRR6186213_2.fastq.gz	39553079	1786417759	
kraken_reads/control/SRR6186530_1.fastq.gz	39732465	1786416691	
kraken_reads/control/SRR6186530_2.fastq.gz	39329308	1786416749	
kraken_reads/control/SRR6186551_1.fastq.gz	39957388	1786416859	
kraken_reads/control/SRR6186551_2.fastq.gz	39518138	1786416912	
kraken_reads/control/SRR6186664_1.fastq.gz	34107933	1786347857	
kraken_reads/control/SRR6186664_2.fastq.gz	33347070	1786347911	
kraken_reads/control/SRR6189706.fastq.gz	28943116	1786416058	
kraken_reads/control/SRR6189709.fastq.gz	29052176	1786416165	
kraken_reads/control/SRR6189720.fastq.gz	28760706	1786416201	
kraken_reads/control/SRR6192920_1.fastq.gz	36752400	1786414674	
kraken_reads/control/SRR6192920_2.fastq.gz	41775259	1786414730	
kraken_reads/control/SRR6215493.fastq.gz	44909110	1786415721	
kraken_reads/control/SRR6220859.fastq.gz	29835635	1786414695	
kraken_reads/control/SRR6221903_1.fastq.gz	47647136	1786415861	
kraken_reads/control/SRR6221903_2.fastq.gz	48461381	1786415909	
kraken_reads/control/SRR6244950.fastq.gz	26819261	1786414305	
kraken_reads/control/SRR6244953.fastq.gz	26579207	1786414302	
kraken_reads/control/SRR6244967.fastq.gz	22393620	1786414459	
kraken_reads/control/SRR6279264_1.fastq.gz	29107065	1786417477	
kraken_reads/control/SRR6279264_2.fastq.gz	30940067	1786417517	
kraken_reads/control/SRR6279324_1.fastq.gz	29672105	1786417763	
kraken_reads/control/SRR6279324_2.fastq.gz	31265213	1786417800	
kraken_reads/control/SRR6286283_1.fastq.gz	39303020	1786415353	
kraken_reads/control/SRR6286283_2.fastq.gz	40257315	1786415404	
kraken_reads/control/SRR6287888_1.fastq.gz	44611025	1786414386	
kraken_reads/control/SRR6287888_2.fastq.gz	54298796	1786414436	
kraken_reads/control/SRR6292047.fastq.gz	43327080	1786418559	
kraken_reads/control/SRR6308302.fastq.gz	22403546	1786418776	
kraken_reads/control/SRR6308304.fastq.gz	22108283	1786419718	
kraken_reads/control/SRR631014.fastq.gz	43887529	1786418131	
kraken_reads/control/SRR631016.fastq.gz	43724341	1786418107	
kraken_reads/control/SRR631017.fastq.gz	43776099	1786417993	
kraken_reads/control/SRR631019.fastq.gz	43647786	1786417978	
kraken_reads/control/SRR631020.fastq.gz	44921341	1786417866	
kraken_reads/control/SRR6312173_1.fastq.gz	38739478	1786414473	
kraken_reads/control/SRR6312173_2.fastq.gz	39618506	1786414527	
kraken_reads/control/SRR6395491_1.fastq.gz	32397176	1786416440	
kraken_reads/control/SRR6395491_2.fastq.gz	34305156	1786416484	
kraken_reads/control/SRR6451235_1.fastq.gz	27703740	1786347475	
kraken_reads/control/SRR6451235_2.fastq.gz	28512771	1786347519	
kraken_reads/control/SRR6453918_1.fastq.gz	92974602	1786348256	
kraken_reads/control/SRR6453918_2.fastq.gz	99049425	1786348363	
kraken_reads/control/SRR6453920_1.fastq.gz	79188584	1786347546	
kraken_reads/control/SRR6453920_2.fastq.gz	87650686	1786347634	
kraken_reads/control/SRR6454020_1.fastq.gz	85693405	1786347972	
kraken_reads/control/SRR6454020_2.fastq.gz	91037082	1786348069	
kraken_reads/control/SRR6454061_1.fastq.gz	93379016	1786348128	
kraken_reads/control/SRR6454061_2.fastq.gz	101231552	1786348213	
kraken_reads/control/SRR651980.fastq.gz	25286085	1786414593	
kraken_reads/control/SRR6669611_1.fastq.gz	40679149	1786348336	
kraken_reads/control/SRR6669611_2.fastq.gz	44742058	1786348388	
kraken_reads/control/SRR6793782_1.fastq.gz	38487177	1786420277	
kraken_reads/control/SRR6793782_2.fastq.gz	45374335	1786420332	
kraken_reads/control/SRR6793783_1.fastq.gz	38539605	1786420358	
kraken_reads/control/SRR6793783_2.fastq.gz	46044669	1786420422	
kraken_reads/control/SRR6793796_1.fastq.gz	38368170	1786419522	
kraken_reads/control/SRR6793796_2.fastq.gz	44577148	1786419588	
kraken_reads/control/SRR6794029_1.fastq.gz	54506110	1786348487	
kraken_reads/control/SRR6794029_2.fastq.gz	55885054	1786348566	
kraken_reads/control/SRR6827956_1.fastq.gz	48010410	1786419859	
kraken_reads/control/SRR6827956_2.fastq.gz	55403125	1786419919	
kraken_reads/control/SRR6829722_1.fastq.gz	26486749	1786416992	
kraken_reads/control/SRR6829722_2.fastq.gz	29519186	1786417037	
kraken_reads/control/SRR6924535_1.fastq.gz	44850633	1786416414	
kraken_reads/control/SRR6924535_2.fastq.gz	46357100	1786416466	
kraken_reads/control/SRR6924539_1.fastq.gz	44516277	1786416302	
kraken_reads/control/SRR6924539_2.fastq.gz	45443455	1786416359	
kraken_reads/control/SRR6924540_1.fastq.gz	24982463	1786416206	
kraken_reads/control/SRR6924540_2.fastq.gz	26050490	1786416237	
kraken_reads/control/SRR6924541_1.fastq.gz	25050570	1786416472	
kraken_reads/control/SRR6924541_2.fastq.gz	26071939	1786416512	
kraken_reads/control/SRR6925804_1.fastq.gz	36503075	1786417556	
kraken_reads/control/SRR6925804_2.fastq.gz	38942669	1786417619	
kraken_reads/control/SRR6925808_1.fastq.gz	35848268	1786417465	
kraken_reads/control/SRR6925808_2.fastq.gz	38463477	1786417521	
kraken_reads/control/SRR6925812_1.fastq.gz	36236867	1786416941	
kraken_reads/control/SRR6925812_2.fastq.gz	39224504	1786416984	
kraken_reads/control/SRR6925828_1.fastq.gz	35815363	1786417346	
kraken_reads/control/SRR6925828_2.fastq.gz	38588032	1786417404	
kraken_reads/control/SRR6925829_1.fastq.gz	36127879	1786417449	
kraken_reads/control/SRR6925829_2.fastq.gz	39402507	1786417499	
kraken_reads/control/SRR6925832_1.fastq.gz	32438560	1786416756	
kraken_reads/control/SRR6925832_2.fastq.gz	34488340	1786416797	
kraken_reads/control/SRR6941151_1.fastq.gz	44091295	1786415128	
kraken_reads/control/SRR6941151_2.fastq.gz	43835002	1786415185	
kraken_reads/control/SRR6941157_1.fastq.gz	46469703	1786416098	
kraken_reads/control/SRR6941157_2.fastq.gz	44572583	1786416152	
kraken_reads/control/SRR6941162_1.fastq.gz	44487057	1786416609	
kraken_reads/control/SRR6941162_2.fastq.gz	43719682	1786416667	
kraken_reads/control/SRR6941179_1.fastq.gz	44085085	1786415133	
kraken_reads/control/SRR6941179_2.fastq.gz	43412564	1786415191	
kraken_reads/control/SRR6942199_1.fastq.gz	56633520	1786414920	
kraken_reads/control/SRR6942199_2.fastq.gz	60464935	1786414989	
kraken_reads/control/SRR6942210_1.fastq.gz	57139998	1786416475	
kraken_reads/control/SRR6942210_2.fastq.gz	57203983	1786416544	
kraken_reads/control/SRR6942239_1.fastq.gz	58484795	1786414987	
kraken_reads/control/SRR6942239_2.fastq.gz	60869671	1786415056	
kraken_reads/control/SRR6942243_1.fastq.gz	56960234	1786415052	
kraken_reads/control/SRR6942243_2.fastq.gz	60732649	1786415113	
kraken_reads/control/SRR6942483_1.fastq.gz	42705084	1786414273	
kraken_reads/control/SRR6942483_2.fastq.gz	44185162	1786414332	
kraken_reads/control/SRR7000829_1.fastq.gz	28639050	1786416588	
kraken_reads/control/SRR7000829_2.fastq.gz	28815305	1786416618	
kraken_reads/control/SRR7000850_1.fastq.gz	29010965	1786415868	
kraken_reads/control/SRR7000850_2.fastq.gz	29213962	1786415906	
kraken_reads/control/SRR7000852_1.fastq.gz	29422437	1786416085	
kraken_reads/control/SRR7000852_2.fastq.gz	29137068	1786416136	
kraken_reads/control/SRR7000865_1.fastq.gz	28807538	1786415746	
kraken_reads/control/SRR7000865_2.fastq.gz	28917907	1786415789	
kraken_reads/control/SRR7006133_1.fastq.gz	40171808	1786347840	
kraken_reads/control/SRR7006133_2.fastq.gz	40210911	1786347879	
kraken_reads/control/SRR7076823_1.fastq.gz	44914869	1786414178	
kraken_reads/control/SRR7076823_2.fastq.gz	47531632	1786414229	
kraken_reads/control/SRR7159500_1.fastq.gz	40534928	1786416526	
kraken_reads/control/SRR7159500_2.fastq.gz	44503994	1786416595	
kraken_reads/control/SRR7159525.fastq.gz	39941113	1786347638	
kraken_reads/control/SRR7159638.fastq.gz	39172962	1786348939	
kraken_reads/control/SRR7160357.fastq.gz	30701899	1786347694	
kraken_reads/control/SRR7172317.fastq.gz	47536768	1786415545	
kraken_reads/control/SRR7172322.fastq.gz	47059767	1786415311	
kraken_reads/control/SRR7195172_1.fastq.gz	40897086	1786418272	
kraken_reads/control/SRR7195172_2.fastq.gz	44013069	1786418315	
kraken_reads/control/SRR7195194_1.fastq.gz	42276235	1786418183	
kraken_reads/control/SRR7195194_2.fastq.gz	46559885	1786418251	
kraken_reads/control/SRR7195199_1.fastq.gz	40558912	1786418455	
kraken_reads/control/SRR7195199_2.fastq.gz	43199531	1786418504	
kraken_reads/control/SRR7195209_1.fastq.gz	41072329	1786418385	
kraken_reads/control/SRR7195209_2.fastq.gz	43915144	1786418443	
kraken_reads/control/SRR7252059_1.fastq.gz	34550949	1786416852	
kraken_reads/control/SRR7252059_2.fastq.gz	51325259	1786416900	
kraken_reads/control/SRR7262836_1.fastq.gz	46058641	1786410189	
kraken_reads/control/SRR7262836_2.fastq.gz	47000609	1786410210	
kraken_reads/control/SRR7266009.fastq.gz	24133889	1786416040	
kraken_reads/control/SRR7266065.fastq.gz	21872538	1786415434	
kraken_reads/control/SRR7266070.fastq.gz	23992676	1786415668	
kraken_reads/control/SRR7266157.fastq.gz	22300900	1786415456	
kraken_reads/control/SRR7266216.fastq.gz	6415020	1786415027	
kraken_reads/control/SRR7266235.fastq.gz	20544370	1786415076	
kraken_reads/control/SRR7266237.fastq.gz	21031567	1786415156	
kraken_reads/control/SRR7266262.fastq.gz	22838858	1786415133	
kraken_reads/control/SRR7266274.fastq.gz	24081320	1786415930	
kraken_reads/control/SRR7266361.fastq.gz	22155789	1786414887	
kraken_reads/control/SRR7267023.fastq.gz	1335085	1786416479	
kraken_reads/control/SRR7267029.fastq.gz	23158089	1786415296	
kraken_reads/control/SRR7267033.fastq.gz	23657150	1786415013	
kraken_reads/control/SRR7267036.fastq.gz	23501775	1786415381	
kraken_reads/control/SRR7267045.fastq.gz	24359566	1786415328	
kraken_reads/control/SRR7267101.fastq.gz	4573000	1786415796	
kraken_reads/control/SRR7267123.fastq.gz	23764297	1786415837	
kraken_reads/control/SRR7267131.fastq.gz	14746715	1786416275	
kraken_reads/control/SRR7267182.fastq.gz	24016094	1786415326	
kraken_reads/control/SRR7267187.fastq.gz	24628886	1786415225	
kraken_reads/control/SRR7267209.fastq.gz	23537871	1786415180	
kraken_reads/control/SRR7267236.fastq.gz	24650172	1786415851	
kraken_reads/control/SRR7267263.fastq.gz	24271828	1786414921	
kraken_reads/control/SRR7267274.fastq.gz	23487046	1786415102	
kraken_reads/control/SRR7267331.fastq.gz	24354386	1786415226	
kraken_reads/control/SRR7299760_1.fastq.gz	32239878	1786416708	
kraken_reads/control/SRR7299760_2.fastq.gz	49483325	1786416774	
kraken_reads/control/SRR7403508.fastq.gz	24931942	1786416010	
kraken_reads/control/SRR7413605_1.fastq.gz	25473872	1786415913	
kraken_reads/control/SRR7413605_2.fastq.gz	25691348	1786415948	
kraken_reads/control/SRR7413611_1.fastq.gz	26355487	1786415860	
kraken_reads/control/SRR7413611_2.fastq.gz	26544591	1786415903	
kraken_reads/control/SRR7413621_1.fastq.gz	25224923	1786415964	
kraken_reads/control/SRR7413621_2.fastq.gz	25094024	1786416002	
kraken_reads/control/SRR7418155.fastq.gz	28256133	1786414758	
kraken_reads/control/SRR7430371_1.fastq.gz	27074468	1786415718	
kraken_reads/control/SRR7430371_2.fastq.gz	28130496	1786415756	
kraken_reads/control/SRR7644276_1.fastq.gz	30245569	1786415670	
kraken_reads/control/SRR7644276_2.fastq.gz	30974021	1786415718	
kraken_reads/control/SRR7644288_1.fastq.gz	40973841	1786416444	
kraken_reads/control/SRR7644288_2.fastq.gz	41766648	1786416495	
kraken_reads/control/SRR7644324_1.fastq.gz	42076301	1786416275	
kraken_reads/control/SRR7644324_2.fastq.gz	42328416	1786416323	
kraken_reads/control/SRR7644340_1.fastq.gz	30944054	1786418590	
kraken_reads/control/SRR7644340_2.fastq.gz	31741779	1786418645	
kraken_reads/control/SRR7644352_1.fastq.gz	42207800	1786419252	
kraken_reads/control/SRR7644352_2.fastq.gz	42550915	1786419308	
kraken_reads/control/SRR7644354_1.fastq.gz	42238507	1786419047	
kraken_reads/control/SRR7644354_2.fastq.gz	42587710	1786419088	
kraken_reads/control/SRR7644356_1.fastq.gz	41271677	1786419151	
kraken_reads/control/SRR7644356_2.fastq.gz	42018667	1786419199	
kraken_reads/control/SRR7644388_1.fastq.gz	41075780	1786416298	
kraken_reads/control/SRR7644388_2.fastq.gz	41708567	1786416341	
kraken_reads/control/SRR7692636_1.fastq.gz	41125685	1786416156	
kraken_reads/control/SRR7692636_2.fastq.gz	40584964	1786416198	
kraken_reads/control/SRR7753255_1.fastq.gz	34099762	1786415659	
kraken_reads/control/SRR7753255_2.fastq.gz	35925131	1786415719	
kraken_reads/control/SRR7753256_1.fastq.gz	34598223	1786419321	
kraken_reads/control/SRR7753256_2.fastq.gz	36872162	1786419363	
kraken_reads/control/SRR7777715_1.fastq.gz	37105402	1786348503	
kraken_reads/control/SRR7777715_2.fastq.gz	41757705	1786348568	
kraken_reads/control/SRR7797542_1.fastq.gz	24918800	1786420176	
kraken_reads/control/SRR7797542_2.fastq.gz	27805268	1786420207	
kraken_reads/control/SRR7797546_1.fastq.gz	25222410	1786418855	
kraken_reads/control/SRR7797546_2.fastq.gz	28150564	1786418893	
kraken_reads/control/SRR7817237_1.fastq.gz	40057045	1786410393	
kraken_reads/control/SRR7817237_2.fastq.gz	42924257	1786410415	
kraken_reads/control/SRR7841758.fastq.gz	39845889	1786415856	
kraken_reads/control/SRR7853508_1.fastq.gz	27898098	1786414028	
kraken_reads/control/SRR7853508_2.fastq.gz	30291129	1786414065	
kraken_reads/control/SRR7873411.fastq.gz	24856100	1786415540	
kraken_reads/control/SRR7898917.fastq.gz	21342583	1786414356	
kraken_reads/control/SRR7898918.fastq.gz	21768346	1786414562	
kraken_reads/control/SRR7956244.fastq.gz	39576967	1786414860	
kraken_reads/control/SRR8053384_1.fastq.gz	42439600	1786414881	
kraken_reads/control/SRR8053384_2.fastq.gz	45563457	1786414943	
kraken_reads/control/SRR8074240.fastq.gz	27121757	1786414335	
kraken_reads/control/SRR8074959.fastq.gz	25403151	1786415053	
kraken_reads/control/SRR8089773_1.fastq.gz	34151576	1786347896	
kraken_reads/control/SRR8089773_2.fastq.gz	36333656	1786347941	
kraken_reads/control/SRR8136942.fastq.gz	47536601	1786415586	
kraken_reads/control/SRR8136944.fastq.gz	46948780	1786415563	
kraken_reads/control/SRR8136946.fastq.gz	47937816	1786415566	
kraken_reads/control/SRR8136950.fastq.gz	47040340	1786415766	
kraken_reads/control/SRR8139223_1.fastq.gz	38882936	1786347821	
kraken_reads/control/SRR8139223_2.fastq.gz	44561072	1786347889	
kraken_reads/control/SRR8139232_1.fastq.gz	39606025	1786348916	
kraken_reads/control/SRR8139232_2.fastq.gz	45089270	1786349027	
kraken_reads/control/SRR8179952_1.fastq.gz	40392878	1786414809	
kraken_reads/control/SRR8179952_2.fastq.gz	40919469	1786414851	
kraken_reads/control/SRR8191354.fastq.gz	14237611	1786415277	
kraken_reads/control/SRR8240153_1.fastq.gz	40730365	1786418637	
kraken_reads/control/SRR8240153_2.fastq.gz	43914915	1786418700	
kraken_reads/control/SRR825877.fastq.gz	122813478	1786414192	
kraken_reads/control/SRR8259728_1.fastq.gz	40233589	1786416279	
kraken_reads/control/SRR8259728_2.fastq.gz	42167546	1786416320	
kraken_reads/control/SRR8279261_1.fastq.gz	33490044	1786348856	
kraken_reads/control/SRR8279261_2.fastq.gz	34249233	1786348913	
kraken_reads/control/SRR8279269_1.fastq.gz	6713055	1786347879	
kraken_reads/control/SRR8279269_2.fastq.gz	7198748	1786347892	
kraken_reads/control/SRR8279288_1.fastq.gz	6107353	1786347442	
kraken_reads/control/SRR8279288_2.fastq.gz	6469414	1786347455	
kraken_reads/control/SRR8286648_1.fastq.gz	35498481	1786417164	
kraken_reads/control/SRR8286648_2.fastq.gz	35241207	1786417203	
kraken_reads/control/SRR8309951_1.fastq.gz	29282889	1786415352	
kraken_reads/control/SRR8309951_2.fastq.gz	28426544	1786415392	
kraken_reads/control/SRR8309952_1.fastq.gz	33165212	1786414881	
kraken_reads/control/SRR8309952_2.fastq.gz	33391956	1786414926	
kraken_reads/control/SRR8312503_1.fastq.gz	29624265	1786348389	
kraken_reads/control/SRR8312503_2.fastq.gz	30166173	1786348424	
kraken_reads/control/SRR8416455.fastq.gz	24395479	1786348984	
kraken_reads/control/SRR8418244.fastq.gz	31974544	1786348991	
kraken_reads/control/SRR8418252.fastq.gz	30227687	1786415947	
kraken_reads/control/SRR8418258.fastq.gz	30576005	1786415624	
kraken_reads/control/SRR8418259.fastq.gz	22545574	1786415675	
kraken_reads/control/SRR8418261.fastq.gz	29194991	1786415536	
kraken_reads/control/SRR8418262.fastq.gz	31244562	1786415658	
kraken_reads/control/SRR8418264.fastq.gz	21767365	1786415729	
kraken_reads/control/SRR8418269.fastq.gz	28504902	1786415826	
kraken_reads/control/SRR8418290.fastq.gz	22285436	1786415304	
kraken_reads/control/SRR8418299.fastq.gz	29744808	1786415783	
kraken_reads/control/SRR8418301.fastq.gz	30148526	1786415525	
kraken_reads/control/SRR8418304.fastq.gz	33458807	1786415666	
kraken_reads/control/SRR8418308.fastq.gz	28609736	1786415999	
kraken_reads/control/SRR8418313.fastq.gz	22346911	1786415623	
kraken_reads/control/SRR8418317.fastq.gz	28862551	1786415484	
kraken_reads/control/SRR8418322.fastq.gz	30656509	1786416013	
kraken_reads/control/SRR8418326.fastq.gz	32019519	1786415485	
kraken_reads/control/SRR8427408.fastq.gz	26666213	1786419955	
kraken_reads/control/SRR8432585_1.fastq.gz	44544024	1786419842	
kraken_reads/control/SRR8432585_2.fastq.gz	46813401	1786419892	
kraken_reads/control/SRR8446741_1.fastq.gz	25931503	1786347803	
kraken_reads/control/SRR8446741_2.fastq.gz	27352937	1786347838	
kraken_reads/control/SRR8450655.fastq.gz	13586435	1786414671	
kraken_reads/control/SRR8474984_1.fastq.gz	42098951	1786416404	
kraken_reads/control/SRR8474984_2.fastq.gz	46349745	1786416473	
kraken_reads/control/SRR8474987_1.fastq.gz	42166523	1786415821	
kraken_reads/control/SRR8474987_2.fastq.gz	49024893	1786415885	
kraken_reads/control/SRR8474990_1.fastq.gz	42208727	1786416418	
kraken_reads/control/SRR8474990_2.fastq.gz	48718727	1786416496	
kraken_reads/control/SRR8474991_1.fastq.gz	41604460	1786416562	
kraken_reads/control/SRR8474991_2.fastq.gz	47056972	1786416621	
kraken_reads/control/SRR8507925.fastq.gz	20227888	1786414017	
kraken_reads/control/SRR8507928.fastq.gz	20968183	1786410502	
kraken_reads/control/SRR8508093.fastq.gz	20350429	1786414142	
kraken_reads/control/SRR8586767_1.fastq.gz	34987153	1786418761	
kraken_reads/control/SRR8586767_2.fastq.gz	36032754	1786418802	
kraken_reads/control/SRR8651443_1.fastq.gz	44761905	1786347506	
kraken_reads/control/SRR8651443_2.fastq.gz	45021418	1786347580	
kraken_reads/control/SRR8654619_1.fastq.gz	42488980	1786414031	
kraken_reads/control/SRR8654619_2.fastq.gz	42822109	1786414075	
kraken_reads/control/SRR8654628_1.fastq.gz	41266203	1786348306	
kraken_reads/control/SRR8654628_2.fastq.gz	41508056	1786348347	
kraken_reads/control/SRR8669752_1.fastq.gz	35081693	1786348785	
kraken_reads/control/SRR8669752_2.fastq.gz	36940418	1786348836	
kraken_reads/control/SRR8692571_1.fastq.gz	53112306	1786347631	
kraken_reads/control/SRR8692571_2.fastq.gz	60335193	1786347684	
kraken_reads/control/SRR8698752_1.fastq.gz	37095650	1786347724	
kraken_reads/control/SRR8698752_2.fastq.gz	38820328	1786347779	
kraken_reads/control/SRR8718576_1.fastq.gz	30645674	1786414152	
kraken_reads/control/SRR8718576_2.fastq.gz	30995602	1786414203	
kraken_reads/control/SRR8718582_1.fastq.gz	30490232	1786348339	
kraken_reads/control/SRR8718582_2.fastq.gz	30850090	1786348392	
kraken_reads/control/SRR8718801_1.fastq.gz	43703443	1786415210	
kraken_reads/control/SRR8718801_2.fastq.gz	49610006	1786415270	
kraken_reads/control/SRR8718802_1.fastq.gz	43323630	1786415133	
kraken_reads/control/SRR8718802_2.fastq.gz	50054867	1786415213	
kraken_reads/control/SRR8718810_1.fastq.gz	45119792	1786414896	
kraken_reads/control/SRR8718810_2.fastq.gz	51033543	1786414957	
kraken_reads/control/SRR8718824_1.fastq.gz	42803825	1786415134	
kraken_reads/control/SRR8718824_2.fastq.gz	49713225	1786415203	
kraken_reads/control/SRR8718827_1.fastq.gz	44336343	1786414979	
kraken_reads/control/SRR8718827_2.fastq.gz	50115021	1786415042	
kraken_reads/control/SRR8718850_1.fastq.gz	45133197	1786415461	
kraken_reads/control/SRR8718850_2.fastq.gz	51343102	1786415527	
kraken_reads/control/SRR8733429_1.fastq.gz	28828327	1786348877	
kraken_reads/control/SRR8733429_2.fastq.gz	29617980	1786348917	
kraken_reads/control/SRR8742260_1.fastq.gz	33476849	1786419738	
kraken_reads/control/SRR8742260_2.fastq.gz	35102520	1786419795	
kraken_reads/control/SRR8742893.fastq.gz	32370851	1786417609	
kraken_reads/control/SRR8742896.fastq.gz	30782019	1786417031	
kraken_reads/control/SRR8742907.fastq.gz	31789488	1786417206	
kraken_reads/control/SRR8742910.fastq.gz	31198265	1786416790	
kraken_reads/control/SRR8742911.fastq.gz	32143695	1786417044	
kraken_reads/control/SRR8742912.fastq.gz	33529662	1786417672	
kraken_reads/control/SRR8742913.fastq.gz	35246418	1786417332	
kraken_reads/control/SRR8742914_1.fastq.gz	49445403	1786417030	
kraken_reads/control/SRR8742914_2.fastq.gz	53625979	1786417088	
kraken_reads/control/SRR8742916.fastq.gz	30767119	1786417701	
kraken_reads/control/SRR8742954.fastq.gz	34288296	1786417083	
kraken_reads/control/SRR8742955.fastq.gz	30676679	1786417601	
kraken_reads/control/SRR8742956.fastq.gz	30842293	1786417499	
kraken_reads/control/SRR8742957.fastq.gz	31067489	1786416758	
kraken_reads/control/SRR8743012.fastq.gz	33411238	1786416666	
kraken_reads/control/SRR8743015.fastq.gz	30752908	1786417161	
kraken_reads/control/SRR8743016.fastq.gz	35160793	1786416714	
kraken_reads/control/SRR8743051.fastq.gz	31313956	1786416770	
kraken_reads/control/SRR8743053.fastq.gz	30699536	1786417284	
kraken_reads/control/SRR8743054.fastq.gz	32757771	1786417336	
kraken_reads/control/SRR8743055.fastq.gz	30631958	1786417238	
kraken_reads/control/SRR8743056.fastq.gz	31133061	1786417199	
kraken_reads/control/SRR8743057.fastq.gz	30666232	1786417114	
kraken_reads/control/SRR8743107.fastq.gz	33289767	1786419443	
kraken_reads/control/SRR8743110.fastq.gz	31179851	1786419443	
kraken_reads/control/SRR8743209.fastq.gz	30904038	1786420301	
kraken_reads/control/SRR8798857_1.fastq.gz	32989791	1786414547	
kraken_reads/control/SRR8798857_2.fastq.gz	33676096	1786414589	
kraken_reads/control/SRR8816485_1.fastq.gz	32314325	1786348808	
kraken_reads/control/SRR8816485_2.fastq.gz	33431384	1786348855	
kraken_reads/control/SRR8845696_1.fastq.gz	38653907	1786348387	
kraken_reads/control/SRR8845696_2.fastq.gz	43326202	1786348437	
kraken_reads/control/SRR8871477_1.fastq.gz	28156852	1786415203	
kraken_reads/control/SRR8871477_2.fastq.gz	28125505	1786415242	
kraken_reads/control/SRR8871480_1.fastq.gz	28478954	1786415111	
kraken_reads/control/SRR8871480_2.fastq.gz	28075138	1786415151	
kraken_reads/control/SRR8871488_1.fastq.gz	27557018	1786348996	
kraken_reads/control/SRR8871488_2.fastq.gz	28185272	1786349018	
kraken_reads/control/SRR8871490_1.fastq.gz	28104503	1786418670	
kraken_reads/control/SRR8871490_2.fastq.gz	28083338	1786418708	
kraken_reads/control/SRR8872934_1.fastq.gz	33094607	1786418494	
kraken_reads/control/SRR8872934_2.fastq.gz	35220303	1786418557	
kraken_reads/control/SRR8895008.fastq.gz	20847569	1786415033	
kraken_reads/control/SRR8895009.fastq.gz	19446030	1786415570	
kraken_reads/control/SRR8895016.fastq.gz	20960548	1786415721	
kraken_reads/control/SRR8978770_1.fastq.gz	56605109	1786415868	
kraken_reads/control/SRR8978770_2.fastq.gz	55693434	1786415911	
kraken_reads/control/SRR8984106.fastq.gz	42578155	1786416149	
kraken_reads/control/SRR8984107.fastq.gz	42741369	1786349004	
kraken_reads/control/SRR8984114.fastq.gz	42555090	1786416234	
kraken_reads/control/SRR8984118.fastq.gz	46947739	1786416238	
kraken_reads/control/SRR8984120.fastq.gz	43351149	1786416117	
kraken_reads/control/SRR8984121.fastq.gz	43114884	1786416672	
kraken_reads/control/SRR8984122.fastq.gz	46974644	1786416233	
kraken_reads/control/SRR8984123.fastq.gz	42820664	1786416398	
kraken_reads/control/SRR8984126.fastq.gz	47109169	1786416133	
kraken_reads/control/SRR9037765_1.fastq.gz	33535690	1786348659	
kraken_reads/control/SRR9037765_2.fastq.gz	35842361	1786348712	
kraken_reads/control/SRR9039914_1.fastq.gz	40226939	1786347906	
kraken_reads/control/SRR9039914_2.fastq.gz	45573518	1786347971	
kraken_reads/control/SRR9055929_1.fastq.gz	33305221	1786347629	
kraken_reads/control/SRR9055929_2.fastq.gz	34834993	1786347673	
kraken_reads/control/SRR9127861_1.fastq.gz	40542979	1786348044	
kraken_reads/control/SRR9127861_2.fastq.gz	43476548	1786348106	
kraken_reads/control/SRR9129829_1.fastq.gz	43513628	1786416769	
kraken_reads/control/SRR9129829_2.fastq.gz	46740620	1786416832	
kraken_reads/control/SRR9129869_1.fastq.gz	42913873	1786417651	
kraken_reads/control/SRR9129869_2.fastq.gz	47283435	1786417727	
kraken_reads/control/SRR9202421_1.fastq.gz	35699702	1786348026	
kraken_reads/control/SRR9202421_2.fastq.gz	37861102	1786348086	
kraken_reads/control/SRR922136_1.fastq.gz	41281503	1786348596	
kraken_reads/control/SRR922136_2.fastq.gz	43882409	1786348635	
kraken_reads/control/SRR9275662_1.fastq.gz	36539452	1786420513	
kraken_reads/control/SRR9275662_2.fastq.gz	36621287	1786420552	
kraken_reads/control/SRR9276710_1.fastq.gz	35820139	1786417759	
kraken_reads/control/SRR9276710_2.fastq.gz	36155084	1786417813	
kraken_reads/control/SRR9276716_1.fastq.gz	35586166	1786416814	
kraken_reads/control/SRR9276716_2.fastq.gz	35880241	1786416871	
kraken_reads/control/SRR9276717_1.fastq.gz	35203223	1786418237	
kraken_reads/control/SRR9276717_2.fastq.gz	35807225	1786418290	
kraken_reads/control/SRR9306631.fastq.gz	40684438	1786418977	
kraken_reads/control/SRR9326012_1.fastq.gz	43365630	1786416015	
kraken_reads/control/SRR9326012_2.fastq.gz	47404850	1786416072	
kraken_reads/control/SRR9593690_1.fastq.gz	38329761	1786347946	
kraken_reads/control/SRR9593690_2.fastq.gz	40066665	1786348016	
kraken_reads/control/SRR9595660.fastq.gz	23151579	1786414584	
kraken_reads/control/SRR9614216_1.fastq.gz	40215361	1786414799	
kraken_reads/control/SRR9614216_2.fastq.gz	47280450	1786414866	
kraken_reads/control/SRR9644711.fastq.gz	46267193	1786414425	
kraken_reads/control/SRR9684517.fastq.gz	36708013	1786417109	
kraken_reads/control/SRR9684521.fastq.gz	39685940	1786417703	
kraken_reads/control/SRR9684522.fastq.gz	38539580	1786416964	
kraken_reads/control/SRR9684524.fastq.gz	39343611	1786417501	
kraken_reads/control/SRR9684529.fastq.gz	40209268	1786417738	
kraken_reads/control/SRR9684530.fastq.gz	37527854	1786417475	
kraken_reads/control/SRR9684539.fastq.gz	39551213	1786417632	
kraken_reads/control/SRR9684540.fastq.gz	39845739	1786416894	
kraken_reads/control/SRR9684543.fastq.gz	39213555	1786417664	
kraken_reads/control/SRR9851958.fastq.gz	23557954	1786415442	
kraken_reads/control/SRR9851959.fastq.gz	23513191	1786419622	
kraken_reads/control/SRR9851960.fastq.gz	23597904	1786420380	
kraken_reads/control/SRR9856883.fastq.gz	34494200	1786414481	
kraken_reads/control/SRR9875065.fastq.gz	44054399	1786415128	
kraken_reads/control/SRR9875066.fastq.gz	48349949	1786414996	
kraken_reads/control/SRR9875068.fastq.gz	47507809	1786415355	
kraken_reads/control/SRR9937195.fastq.gz	35286509	1786415118	
kraken_reads/control/download_index.txt	24711	1786420577	
