target_id	length	eff_length	est_counts	tpm
XM_047939637.1	2132	1933	0	0
XM_047939638.1	1170	971	6.09856	23707.8
XM_047939639.1	2760	2561	0	0
XM_047939640.1	600	401	0	0
XM_047939641.1	528	329	0	0
XM_047939642.1	411	212	0	0
XM_047939643.1	957	758	0	0
XM_047939644.1	1220	1021	0	0
XM_047939645.1	2013	1814	0	0
XM_047939646.1	1980	1781	0	0
XM_047939647.1	816	617	0	0
XM_047939648.1	396	197	0	0
XM_047939649.1	894	695	0	0
XM_047939650.1	513	314	0	0
XM_047939651.1	363	164	0	0
XM_047939652.1	1089	890	0	0
XM_047939653.1	795	596	0	0
XM_047939654.1	342	143	0	0
XM_047939655.1	477	278	0	0
XM_047939656.1	2300	2101	0	0
XM_047939657.1	5067	4868	0	0
XM_047939658.1	1527	1328	0	0
XM_047939659.1	786	587	0	0
XM_047939660.1	6687	6488	0	0
XM_047939661.1	2455	2256	0	0
XM_047939662.1	801	602	0	0
XM_047939663.1	435	236	0	0
XM_047939664.1	570	371	0	0
XM_047939665.1	2061	1862	0	0
XM_047939666.1	2512	2313	0	0
XM_047939667.1	2223	2024	0	0
XM_047939668.1	3793	3594	0	0
XM_047939669.1	3029	2830	0	0
XM_047939670.1	405	206	0	0
XM_047939671.1	1283	1084	0	0
XM_047939672.1	2756	2557	0	0
XM_047939673.1	1689	1490	0	0
XM_047939674.1	1155	956	0	0
XM_047939675.1	771	572	0	0
XM_047939676.1	1433	1234	0	0
XM_047939677.1	2928	2729	0	0
XM_047939678.1	1095	896	0	0
XM_047939679.1	867	668	0	0
XM_047939680.1	806	607	0	0
XM_047939681.1	1309	1110	0	0
XM_047939682.1	1249	1050	0	0
XM_047939683.1	336	137	0	0
XM_047939684.1	267	68.0268	0	0
XM_047939685.1	369	170	0	0
XM_047939686.1	1772	1573	0	0
XM_047939687.1	342	143	0	0
XM_047939688.1	480	281	0	0
XM_047939689.1	1938	1739	0	0
XM_047939690.1	1801	1602	0	0
XM_047939691.1	1329	1130	0	0
XM_047939692.1	342	143	0	0
XM_047939693.1	1485	1286	0	0
XM_047939694.1	303	104	0	0
XM_047939695.1	1676	1477	0	0
XM_047939696.1	585	386	0	0
XM_047939697.1	597	398	0	0
XM_047939698.1	946	747	0	0
XM_047939699.1	751	552	0	0
XM_047939700.1	2714	2515	0	0
XM_047939701.1	1720	1521	0	0
XM_047939702.1	1591	1392	0	0
XM_047939703.1	1643	1444	0	0
XM_047939704.1	6147	5948	0	0
XM_047939705.1	1132	933	0	0
XM_047939706.1	910	711	0	0
XM_047939707.1	2458	2259	0	0
XM_047939708.1	5100	4901	0	0
XM_047939709.1	1113	914	0	0
XM_047939710.1	366	167	0	0
XM_047939711.1	2689	2490	0	0
XM_047939712.1	2181	1982	0	0
XM_047939713.1	7916	7717	0	0
XM_047939714.1	3276	3077	0	0
XM_047939715.1	3254	3055	0	0
XM_047939716.1	2305	2106	0	0
XM_047939717.1	438	239	0	0
XM_047939718.1	549	350	0	0
XM_047939719.1	492	293	0	0
XM_047939720.1	762	563	0	0
XM_047939721.1	553	354	0	0
XM_047939722.1	1626	1427	0	0
XM_047939723.1	1632	1433	0	0
XM_047939724.1	1467	1268	0	0
XM_047939725.1	1428	1229	0	0
XM_047939726.1	2508	2309	0	0
XM_047939727.1	690	491	0	0
XM_047939728.1	1092	893	0	0
XM_047939729.1	501	302	0	0
XM_047939730.1	1306	1107	0	0
XM_047939731.1	339	140	0	0
XM_047939732.1	2767	2568	0	0
XM_047939733.1	243	44.7603	0	0
XM_047939734.1	402	203	0	0
XM_047939735.1	2466	2267	0	0
XM_047939736.1	1833	1634	0	0
XM_047939737.1	1449	1250	0	0
XM_047939738.1	549	350	0	0
XM_047939739.1	504	305	0	0
XM_047939740.1	648	449	0	0
XM_047939741.1	618	419	0	0
XM_047939742.1	2985	2786	0	0
XM_047939743.1	2837	2638	0	0
XM_047939744.1	1488	1289	0	0
XM_047939745.1	957	758	0	0
XM_047939746.1	1056	857	0	0
XM_047939747.1	3056	2857	1	1321.21
XM_047939748.1	3211	3012	9.52606e-08	0.000119383
XM_047939749.1	2226	2027	0	0
XM_047939750.1	852	653	0	0
XM_047939751.1	1743	1544	0	0
XM_047939752.1	964	765	0	0
XM_047939753.1	1890	1691	0	0
XM_047939754.1	1854	1655	0	0
XM_047939755.1	1191	992	0	0
XM_047939756.1	273	74.0093	0	0
XM_047939757.1	2400	2201	0	0
XM_047939758.1	276	77.0053	0	0
XM_047939759.1	3438	3239	0	0
XM_047939760.1	444	245	0	0
XM_047939761.1	240	42.049	0	0
XM_047939762.1	918	719	0	0
XM_047939763.1	1245	1046	0	0
XM_047939764.1	840	641	0	0
XM_047939765.1	2913	2714	0	0
XM_047939766.1	963	764	0	0
XM_047939767.1	396	197	0	0
XM_047939768.1	333	134	0	0
XM_047939769.1	351	152	0	0
XM_047939770.1	1992	1793	0	0
XM_047939771.1	444	245	0	0
XM_047939772.1	240	42.049	0	0
XM_047939773.1	813	614	0	0
XM_047939774.1	669	470	0	0
XM_047939775.1	690	491	0	0
XM_047939776.1	1221	1022	0	0
XM_047939777.1	1245	1046	0	0
XM_047939778.1	867	668	0	0
XM_047939779.1	2834	2635	0	0
XM_047939780.1	1417	1218	0	0
XM_047939781.1	1482	1283	0	0
XM_047939782.1	1830	1631	0	0
XM_047939783.1	2182	1983	0	0
XM_047939784.1	2444	2245	0	0
XM_047939785.1	669	470	0	0
XM_047939786.1	438	239	0	0
XM_047939787.1	1720	1521	0	0
XM_047939788.1	928	729	0	0
XM_047939789.1	1944	1745	0	0
XM_047939790.1	1766	1567	0	0
XM_047939791.1	951	752	0	0
XM_047939792.1	153	7.28986	0	0
XM_047939793.1	1004	805	0	0
XM_047939794.1	1677	1478	0	0
XM_047939795.1	1417	1218	0	0
XM_047939796.1	2185	1986	0	0
XM_047939797.1	2006	1807	0	0
XM_047939798.1	805	606	0	0
XM_047939799.1	1536	1337	0	0
XM_047939800.1	702	503	0	0
XM_047939801.1	2148	1949	0	0
XM_047939802.1	459	260	0	0
XM_047939803.1	1880	1681	0	0
XM_047939804.1	519	320	0	0
XM_047939805.1	543	344	0	0
XM_047939806.1	2609	2410	0	0
XM_047939807.1	1830	1631	0	0
XM_047939808.1	3138	2939	0	0
XM_047939809.1	3242	3043	0	0
XM_047939810.1	1379	1180	0	0
XM_047939811.1	1146	947	0	0
XM_047939812.1	4845	4646	0	0
XM_047939813.1	1148	949	0	0
XM_047939814.1	2008	1809	0	0
XM_047939815.1	2565	2366	0	0
XM_047939816.1	2541	2342	0	0
XM_047939817.1	3330	3131	0	0
XM_047939818.1	1794	1595	0	0
XM_047939819.1	1114	915	0	0
XM_047939820.1	894	695	0	0
XM_047939821.1	212	21.9418	0	0
XM_047939822.1	4056	3857	0	0
XM_047939823.1	798	599	0	0
XM_047939824.1	1085	886	0	0
XM_047939825.1	5712	5513	1	684.693
XM_047939826.1	1176	977	0	0
XM_047939827.1	933	734	0	0
XM_047939828.1	699	500	0	0
XM_047939829.1	525	326	0	0
XM_047939830.1	366	167	0	0
XM_047939831.1	1491	1292	0	0
XM_047939832.1	1570	1371	0	0
XM_047939833.1	3550	3351	0	0
XM_047939834.1	3084	2885	0	0
XM_047939835.1	441	242	0	0
XM_047939836.1	663	464	0	0
XM_047939837.1	687	488	0	0
XM_047939838.1	1536	1337	0	0
XM_047939839.1	1656	1457	0	0
XM_047939840.1	1923	1724	0	0
XM_047939841.1	1341	1142	0	0
XM_047939842.1	1549	1350	0	0
XM_047939843.1	1836	1637	0	0
XM_047939844.1	6062	5863	0	0
XM_047939845.1	6173	5974	0	0
XM_047939846.1	705	506	0	0
XM_047939847.1	740	541	0	0
XM_047939848.1	234	36.8813	0	0
XM_047939849.1	1784	1585	0	0
XM_047939850.1	2629	2430	0	0
XM_047939851.1	1488	1289	0	0
XM_047939852.1	306	107	0	0
XM_047939853.1	903	704	0	0
XM_047939854.1	1788	1589	0	0
XM_047939855.1	2136	1937	0	0
XM_047939856.1	2831	2632	0	0
XM_047939857.1	1545	1346	0	0
XM_047939858.1	8086	7887	0	0
XM_047939859.1	1026	827	0	0
XM_047939860.1	1701	1502	0	0
XM_047939861.1	1923	1724	0	0
XM_047939862.1	1141	942	0	0
XM_047939863.1	1593	1394	0	0
XM_047939864.1	4069	3870	1	975.378
XM_047939865.1	724	525	0	0
XM_047939866.1	2677	2478	0	0
XM_047939867.1	3089	2890	0	0
XM_047939868.1	309	110	0	0
XM_047939869.1	3154	2955	0	0
XM_047939870.1	1786	1587	0	0
XM_047939871.1	4626	4427	0	0
XM_047939872.1	2228	2029	0	0
XM_047939873.1	3491	3292	0	0
XM_047939874.1	1576	1377	0	0
XM_047939875.1	219	25.9389	0	0
XM_047939876.1	561	362	0	0
XM_047939877.1	1329	1130	0	0
XM_047939878.1	270	71.016	0	0
XM_047939879.1	2420	2221	0	0
XM_047939880.1	627	428	0	0
XM_047939881.1	771	572	0	0
XM_047939882.1	228	32.1317	0	0
XM_047939883.1	390	191	0	0
XM_047939884.1	555	356	0	0
XM_047939885.1	810	611	0	0
XM_047939886.1	2094	1895	0	0
XM_047939887.1	2171	1972	0	0
XM_047939888.1	549	350	0	0
XM_047939889.1	1962	1763	0	0
XM_047939890.1	2184	1985	0	0
XM_047939891.1	918	719	0	0
XM_047939892.1	1305	1106	0	0
XM_047939893.1	1026	827	0	0
XM_047939894.1	3740	3541	0	0
XM_047939895.1	1179	980	0	0
XM_047939896.1	522	323	0	0
XM_047939897.1	270	71.016	0	0
XM_047939898.1	4309	4110	0	0
XM_047939899.1	1869	1670	0	0
XM_047939900.1	2388	2189	0	0
XM_047939901.1	417	218	0	0
XM_047939902.1	903	704	0	0
XM_047939903.1	1376	1177	0	0
XM_047939904.1	806	607	0	0
XM_047939905.1	795	596	0	0
XM_047939906.1	561	362	0	0
XM_047939907.1	2306	2107	0	0
XM_047939908.1	1182	983	0	0
XM_047939909.1	1364	1165	0	0
XM_047939910.1	1270	1071	0	0
XM_047939911.1	1545	1346	0	0
XM_047939912.1	438	239	0	0
XM_047939913.1	444	245	0	0
XM_047939914.1	801	602	0	0
XM_047939915.1	853	654	0	0
XM_047939916.1	1062	863	0	0
XM_047939917.1	950	751	0	0
XM_047939918.1	4023	3824	0	0
XM_047939919.1	2408	2209	0	0
XM_047939920.1	2386	2187	0	0
XM_047939921.1	618	419	0	0
XM_047939922.1	825	626	0	0
XM_047939923.1	912	713	0	0
XM_047939924.1	234	36.8813	0	0
XM_047939925.1	1230	1031	0	0
XM_047939926.1	645	446	0	0
XM_047939927.1	2256	2057	0	0
XM_047939928.1	336	137	0	0
XM_047939929.1	2703	2504	0	0
XM_047939930.1	2549	2350	0	0
XM_047939931.1	2564	2365	0	0
XM_047939932.1	459	260	0	0
XM_047939933.1	519	320	0	0
XM_047939934.1	1654	1455	0	0
XM_047939935.1	1372	1173	0	0
XM_047939936.1	768	569	0	0
XM_047939937.1	1013	814	0	0
XM_047939938.1	1730	1531	0	0
XM_047939939.1	1651	1452	0	0
XM_047939940.1	387	188	0	0
XM_047939941.1	192	14.0216	0	0
XM_047939942.1	986	787	0	0
XM_047939943.1	2350	2151	0	0
XM_047939944.1	1041	842	0	0
XM_047939945.1	2137	1938	0	0
XM_047939946.1	1780	1581	0	0
XM_047939947.1	771	572	0	0
XM_047939948.1	1560	1361	0	0
XM_047939949.1	4202	4003	0	0
XM_047939950.1	1380	1181	0	0
XM_047939951.1	2120	1921	0	0
XM_047939952.1	2412	2213	0	0
XM_047939953.1	1713	1514	0	0
XM_047939954.1	2321	2122	0	0
XM_047939955.1	825	626	0	0
XM_047939956.1	3480	3281	0	0
XM_047939957.1	696	497	0	0
XM_047939958.1	261	62.0706	0	0
XM_047939959.1	1918	1719	0	0
XM_047939960.1	2034	1835	0	0
XM_047939961.1	651	452	0	0
XM_047939962.1	225	29.9375	0	0
XM_047939963.1	639	440	0	0
XM_047939964.1	636	437	0	0
XM_047939965.1	360	161	0	0
XM_047939966.1	801	602	0	0
XM_047939967.1	4795	4596	1	821.304
XM_047939968.1	1827	1628	0	0
XM_047939969.1	2220	2021	0	0
XM_047939970.1	1709	1510	0	0
XM_047939971.1	3839	3640	0	0
XM_047939972.1	564	365	0	0
XM_047939973.1	3574	3375	0	0
XM_047939974.1	564	365	0	0
XM_047939975.1	6980	6781	0	0
XM_047939976.1	4317	4118	0	0
XM_047939977.1	1764	1565	0	0
XM_047939978.1	1672	1473	0	0
XM_047939979.1	722	523	0	0
XM_047939980.1	324	125	0	0
XM_047939981.1	354	155	0	0
XM_047939982.1	1000	801	0	0
XM_047939983.1	1273	1074	0	0
XM_047939984.1	3382	3183	0	0
XM_047939985.1	5593	5394	0	0
XM_047939986.1	1121	922	0	0
XM_047939987.1	488	289	0	0
XM_047939988.1	1364	1165	0	0
XM_047939989.1	2147	1948	0	0
XM_047939990.1	846	647	0	0
XM_047939991.1	1008	809	0	0
XM_047939992.1	2874	2675	0	0
XM_047939993.1	519	320	0	0
XM_047939994.1	2040	1841	0	0
XM_047939995.1	294	95.0001	0	0
XM_047939996.1	999	800	0	0
XM_047939997.1	783	584	0	0
XM_047939998.1	2100	1901	0	0
XM_047939999.1	2032	1833	0	0
XM_047940000.1	1321	1122	0	0
XM_047940001.1	1341	1142	0	0
XM_047940002.1	1440	1241	0	0
XM_047940003.1	585	386	0	0
XM_047940004.1	1410	1211	0	0
XM_047940005.1	1519	1320	0	0
XM_047940006.1	1060	861	0	0
XM_047940007.1	819	620	0	0
XM_047940008.1	1590	1391	0	0
XM_047940009.1	255	56.1701	0	0
XM_047940010.1	1131	932	0	0
XM_047940011.1	569	370	0	0
XM_047940012.1	450	251	0	0
XM_047940013.1	1140	941	0	0
XM_047940014.1	2805	2606	0	0
XM_047940015.1	1629	1430	0	0
XM_047940016.1	555	356	0	0
XM_047940017.1	2343	2144	0	0
XM_047940018.1	2303	2104	0	0
XM_047940019.1	2821	2622	0	0
XM_047940020.1	1263	1064	0	0
XM_047940021.1	1372	1173	0	0
XM_047940022.1	2240	2041	0	0
XM_047940023.1	1534	1335	0	0
XM_047940024.1	1978	1779	0	0
XM_047940025.1	3428	3229	0	0
XM_047940026.1	1671	1472	0	0
XM_047940027.1	186	12.4336	0	0
XM_047940028.1	1071	872	0	0
XM_047940029.1	2265	2066	0	0
XM_047940030.1	204	18.2087	0	0
XM_047940031.1	243	44.7603	0	0
XM_047940032.1	234	36.8813	0	0
XM_047940033.1	957	758	0	0
XM_047940034.1	405	206	0	0
XM_047940035.1	1008	809	0	0
XM_047940036.1	435	236	0	0
XM_047940037.1	1314	1115	0	0
XM_047940038.1	828	629	0	0
XM_047940039.1	549	350	0	0
XM_047940040.1	180	11.1077	0	0
XM_047940041.1	1236	1037	0	0
XM_047940042.1	348	149	0	0
XM_047940043.1	636	437	0	0
XM_047940044.1	273	74.0093	0	0
XM_047940045.1	897	698	0	0
XM_047940046.1	909	710	0	0
XM_047940047.1	807	608	0	0
XM_047940048.1	618	419	0	0
XM_047940049.1	594	395	0	0
XM_047940050.1	480	281	0	0
XM_047940051.1	1215	1016	0	0
XM_047940052.1	954	755	0	0
XM_047940053.1	642	443	0	0
XM_047940054.1	273	74.0093	0	0
XM_047940055.1	498	299	0	0
XM_047940056.1	183	11.741	0	0
XM_047940057.1	837	638	0	0
XM_047940058.1	387	188	0	0
XM_047940059.1	2283	2084	0	0
XM_047940060.1	2191	1992	0	0
XM_047940061.1	1513	1314	0	0
XM_047940062.1	1187	988	0	0
XM_047940063.1	366	167	0	0
XM_047940064.1	1681	1482	0	0
XM_047940065.1	1332	1133	0	0
XM_047940066.1	2010	1811	0	0
XM_047940067.1	1912	1713	0	0
XM_047940068.1	3626	3427	0	0
XM_047940069.1	903	704	0	0
XM_047940070.1	582	383	0	0
XM_047940071.1	918	719	0	0
XM_047940072.1	753	554	0	0
XM_047940073.1	1027	828	0	0
XM_047940074.1	973	774	0	0
XM_047940075.1	300	101	0	0
XM_047940076.1	1727	1528	0	0
XM_047940077.1	708	509	0	0
XM_047940078.1	1236	1037	0	0
XM_047940079.1	1194	995	0	0
XM_047940080.1	1272	1073	0	0
XM_047940081.1	1913	1714	0	0
XM_047940082.1	1122	923	0	0
XM_047940083.1	180	11.1077	0	0
XM_047940084.1	925	726	0	0
XM_047940085.1	252	53.2554	0	0
XM_047940086.1	354	155	0	0
XM_047940087.1	300	101	0	0
XM_047940088.1	279	80.003	0	0
XM_047940089.1	954	755	0	0
XM_047940090.1	300	101	0	0
XM_047940091.1	672	473	0	0
XM_047940092.1	708	509	0	0
XM_047940093.1	1138	939	0	0
XM_047940094.1	1305	1106	0	0
XM_047940095.1	1134	935	0	0
XM_047940096.1	1910	1711	0	0
XM_047940097.1	1293	1094	0	0
XM_047940098.1	1219	1020	0	0
XM_047940099.1	1976	1777	0	0
XM_047940100.1	908	709	0	0
XM_047940101.1	1822	1623	0	0
XM_047940102.1	1293	1094	0	0
XM_047940103.1	2205	2006	0	0
XM_047940104.1	2288	2089	0	0
XM_047940105.1	2679	2480	0	0
XM_047940106.1	1102	903	0	0
XM_047940107.1	354	155	0	0
XM_047940108.1	366	167	0	0
XM_047940109.1	198	15.9266	0	0
XM_047940110.1	1197	998	0	0
XM_047940111.1	1326	1127	0	0
XM_047940112.1	870	671	0	0
XM_047940113.1	348	149	0	0
XM_047940114.1	219	25.9389	0	0
XM_047940115.1	456	257	0	0
XM_047940116.1	408	209	0	0
XM_047940117.1	2509	2310	0	0
XM_047940118.1	2335	2136	0	0
XM_047940119.1	757	558	0	0
XM_047940120.1	2441	2242	0	0
XM_047940121.1	2785	2586	0	0
XM_047940122.1	1562	1363	0	0
XM_047940123.1	1688	1489	0	0
XM_047940124.1	1267	1068	0	0
XM_047940125.1	984	785	0	0
XM_047940126.1	1619	1420	1	2658.25
XM_047940127.1	4670	4471	0	0
XM_047940128.1	567	368	0	0
XM_047940129.1	3040	2841	0	0
XM_047940130.1	665	466	0	0
XM_047940131.1	729	530	0	0
XM_047940132.1	600	401	0	0
XM_047940133.1	1659	1460	0	0
XM_047940134.1	1914	1715	0	0
XM_047940135.1	1949	1750	0	0
XM_047940136.1	2014	1815	0	0
XM_047940137.1	669	470	0	0
XM_047940138.1	762	563	0	0
XM_047940139.1	1260	1061	0	0
XM_047940140.1	1098	899	0	0
XM_047940141.1	504	305	0	0
XM_047940142.1	1684	1485	0	0
XM_047940143.1	876	677	0	0
XM_047940144.1	252	53.2554	0	0
XM_047940145.1	733	534	0	0
XM_047940146.1	438	239	0	0
XM_047940147.1	730	531	0	0
XM_047940148.1	585	386	0	0
XM_047940149.1	1453	1254	0	0
XM_047940150.1	711	512	0	0
XM_047940151.1	345	146	0	0
XM_047940152.1	684	485	0	0
XM_047940153.1	540	341	0	0
XM_047940154.1	468	269	0	0
XM_047940155.1	2599	2400	0	0
XM_047940156.1	360	161	0	0
XM_047940157.1	2286	2087	0	0
XM_047940158.1	1456	1257	0	0
XM_047940159.1	753	554	0	0
XM_047940160.1	993	794	0	0
XM_047940161.1	1450	1251	0	0
XM_047940162.1	752	553	0	0
XM_047940163.1	672	473	0	0
XM_047940164.1	393	194	0	0
XM_047940165.1	666	467	0	0
XM_047940166.1	910	711	0	0
XM_047940167.1	885	686	0	0
XM_047940168.1	672	473	0	0
XM_047940169.1	1470	1271	0	0
XM_047940170.1	1752	1553	0	0
XM_047940171.1	1501	1302	0	0
XM_047940172.1	920	721	0	0
XM_047940173.1	891	692	0	0
XM_047940174.1	728	529	0	0
XM_047940175.1	243	44.7603	0	0
XM_047940176.1	3027	2828	0	0
XM_047940177.1	3124	2925	0	0
XM_047940178.1	2117	1918	0	0
XM_047940179.1	1370	1171	0	0
XM_047940180.1	1030	831	0	0
XM_047940181.1	378	179	0	0
XM_047940182.1	594	395	0	0
XM_047940183.1	985	786	0	0
XM_047940184.1	2203	2004	0	0
XM_047940185.1	315	116	0	0
XM_047940186.1	315	116	0	0
XM_047940187.1	8005	7806	0	0
XM_047940188.1	2286	2087	0	0
XM_047940189.1	1587	1388	0	0
XM_047940190.1	549	350	0	0
XM_047940191.1	1114	915	0	0
XM_047940192.1	420	221	0	0
XM_047940193.1	1140	941	0	0
XM_047940194.1	2438	2239	0	0
XM_047940195.1	3133	2934	1	1286.54
XM_047940196.1	609	410	0	0
XM_047940197.1	2447	2248	0	0
XM_047940198.1	1729	1530	0	0
XM_047940199.1	2420	2221	0	0
XM_047940200.1	1827	1628	0	0
XM_047940201.1	444	245	0	0
XM_047940202.1	675	476	0	0
XM_047940203.1	708	509	0	0
XM_047940204.1	855	656	0	0
XM_047940205.1	962	763	0	0
XM_047940206.1	2051	1852	0	0
XM_047940207.1	2850	2651	0	0
XM_047940208.1	1230	1031	0	0
XM_047940209.1	2140	1941	0	0
XM_047940210.1	1664	1465	0	0
XM_047940211.1	1278	1079	0	0
XM_047940212.1	1299	1100	0	0
XM_047940213.1	2299	2100	0	0
XM_047940214.1	2766	2567	0	0
XM_047940215.1	264	65.044	0	0
XM_047940216.1	1545	1346	0	0
XM_047940217.1	1929	1730	0	0
XM_047940218.1	1025	826	0	0
XM_047940219.1	408	209	0	0
XM_047940220.1	1407	1208	0	0
XM_047940221.1	536	337	0	0
XM_047940222.1	633	434	0	0
XM_047940223.1	375	176	0	0
XM_047940224.1	1272	1073	0	0
XM_047940225.1	513	314	0	0
XM_047940226.1	393	194	0	0
XM_047940227.1	528	329	0	0
XM_047940228.1	681	482	0	0
XM_047940229.1	1224	1025	0	0
XM_047940230.1	1062	863	0	0
XM_047940231.1	1206	1007	0	0
XM_047940232.1	2145	1946	0	0
XM_047940233.1	690	491	0	0
XM_047940234.1	393	194	0	0
XM_047940235.1	1539	1340	1	2816.95
XM_047940236.1	2339	2140	0	0
XM_047940237.1	1643	1444	0	0
XM_047940238.1	1260	1061	0	0
XM_047940239.1	1161	962	0	0
XM_047940240.1	1629	1430	0	0
XM_047940241.1	1445	1246	0	0
XM_047940242.1	2656	2457	0	0
XM_047940243.1	2007	1808	2.88523	6023.74
XM_047940244.1	225	29.9375	0	0
XM_047940245.1	444	245	0	0
XM_047940246.1	1255	1056	0	0
XM_047940247.1	400	201	0	0
XM_047940248.1	387	188	0	0
XM_047940249.1	1031	832	0	0
XM_047940250.1	1526	1327	0	0
XM_047940251.1	867	668	0	0
XM_047940252.1	2022	1823	0	0
XM_047940253.1	2030	1831	0	0
XM_047940254.1	1512	1313	0	0
XM_047940255.1	3361	3162	0	0
XM_047940256.1	1188	989	0	0
XM_047940257.1	1981	1782	0	0
XM_047940258.1	2552	2353	0	0
XM_047940259.1	243	44.7603	0	0
XM_047940260.1	2716	2517	0	0
XM_047940261.1	2289	2090	0	0
XM_047940262.1	1203	1004	0	0
XM_047940263.1	5053	4854	0	0
XM_047940264.1	186	12.4336	0	0
XM_047940265.1	1617	1418	0	0
XM_047940266.1	1186	987	0	0
XM_047940267.1	1765	1566	0	0
XM_047940268.1	1767	1568	0	0
XM_047940269.1	1890	1691	0	0
XM_047940270.1	636	437	0	0
XM_047940271.1	2355	2156	0	0
XM_047940272.1	366	167	0	0
XM_047940273.1	1290	1091	0	0
XM_047940274.1	2797	2598	0	0
XM_047940275.1	1916	1717	0	0
XM_047940276.1	1848	1649	0	0
XM_047940277.1	222	27.8721	0	0
XM_047940278.1	537	338	0	0
XM_047940279.1	1308	1109	0	0
XM_047940280.1	3045	2846	0	0
XM_047940281.1	3165	2966	0	0
XM_047940282.1	2046	1847	0	0
XM_047940283.1	1708	1509	0	0
XM_047940284.1	1087	888	1	4250.8
XM_047940285.1	1740	1541	0	0
XM_047940286.1	2082	1883	0	0
XM_047940287.1	1473	1274	0	0
XM_047940288.1	6195	5996	0	0
XM_047940289.1	6441	6242	0	0
XM_047940290.1	543	344	0	0
XM_047940291.1	573	374	0	0
XM_047940292.1	1265	1066	0	0
XM_047940293.1	1441	1242	0	0
XM_047940294.1	1147	948	0	0
XM_047940295.1	1186	987	0	0
XM_047940296.1	1477	1278	0	0
XM_047940297.1	1653	1454	0	0
XM_047940298.1	2520	2321	0	0
XM_047940299.1	372	173	0	0
XM_047940300.1	552	353	0	0
XM_047940301.1	1215	1016	0	0
XM_047940302.1	1768	1569	0	0
XM_047940303.1	996	797	0	0
XM_047940304.1	1295	1096	0	0
XM_047940305.1	913	714	0	0
XM_047940306.1	612	413	0	0
XM_047940307.1	282	83.0016	0	0
XM_047940308.1	2585	2386	0	0
XM_047940309.1	435	236	0	0
XM_047940310.1	2214	2015	0	0
XM_047940311.1	2751	2552	0	0
XM_047940312.1	3123	2924	0	0
XM_047940313.1	2621	2422	0	0
XM_047940314.1	617	418	0	0
XM_047940315.1	390	191	0	0
XM_047940316.1	2943	2744	0	0
XM_047940317.1	1268	1069	0	0
XM_047940318.1	1698	1499	0	0
XM_047940319.1	318	119	0	0
XM_047940320.1	2326	2127	0	0
XM_047940321.1	1073	874	0	0
XM_047940322.1	2192	1993	0	0
XM_047940323.1	2425	2226	0	0
XM_047940324.1	1230	1031	0	0
XM_047940325.1	993	794	0	0
XM_047940326.1	201	17.0167	0	0
XM_047940327.1	1416	1217	0	0
XM_047940328.1	1191	992	0	0
XM_047940329.1	777	578	0	0
XM_047940330.1	456	257	0	0
XM_047940331.1	246	47.5399	0	0
XM_047940332.1	1344	1145	0	0
XM_047940333.1	1293	1094	0	0
XM_047940334.1	11207	11008	0	0
XM_047940335.1	312	113	0	0
XM_047940336.1	183	11.741	0	0
XM_047940337.1	1608	1409	0	0
XM_047940338.1	1188	989	0	0
XM_047940339.1	2246	2047	1	1844.02
XM_047940340.1	1269	1070	0	0
XM_047940341.1	660	461	0	0
XM_047940342.1	816	617	0	0
XM_047940343.1	2287	2088	0	0
XM_047940344.1	240	42.049	0	0
XM_047940345.1	3069	2870	0	0
XM_047940346.1	903	704	0	0
XM_047940347.1	837	638	0	0
XM_047940348.1	1363	1164	0	0
XM_047940349.1	1349	1150	0	0
XM_047940350.1	1449	1250	0	0
XM_047940351.1	1665	1466	0	0
XM_047940352.1	360	161	0	0
XM_047940353.1	1032	833	0	0
XM_047940354.1	1311	1112	0	0
XM_047940355.1	2153	1954	0	0
XM_047940356.1	2500	2301	0	0
XM_047940357.1	1657	1458	0	0
XM_047940358.1	369	170	0	0
XM_047940359.1	1406	1207	0	0
XM_047940360.1	357	158	0	0
XM_047940361.1	699	500	0	0
XM_047940362.1	862	663	0	0
XM_047940363.1	3324	3125	0	0
XM_047940364.1	1498	1299	0	0
XM_047940365.1	1872	1673	0	0
XM_047940366.1	1446	1247	0	0
XM_047940367.1	1704	1505	0	0
XM_047940368.1	705	506	0	0
XM_047940369.1	2793	2594	0	0
XM_047940370.1	771	572	0	0
XM_047940371.1	777	578	0	0
XM_047940372.1	659	460	0	0
XM_047940373.1	1530	1331	0	0
XM_047940374.1	2535	2336	0	0
XM_047940375.1	1512	1313	0	0
XM_047940376.1	1436	1237	0	0
XM_047940377.1	1701	1502	0	0
XM_047940378.1	462	263	0	0
XM_047940379.1	321	122	0	0
XM_047940380.1	4586	4387	0	0
XM_047940381.1	1782	1583	0	0
XM_047940382.1	3200	3001	0	0
XM_047940383.1	3313	3114	0	0
XM_047940384.1	306	107	0	0
XM_047940385.1	198	15.9266	0	0
XM_047940386.1	795	596	0	0
XM_047940387.1	1459	1260	0	0
XM_047940388.1	1785	1586	0	0
XM_047940389.1	2349	2150	0	0
XM_047940390.1	213	22.4695	0	0
XM_047940391.1	3981	3782	0	0
XM_047940392.1	6372	6173	0	0
XM_047940393.1	249	50.3754	0	0
XM_047940394.1	2360	2161	0	0
XM_047940395.1	1308	1109	0	0
XM_047940396.1	2297	2098	0	0
XM_047940397.1	2007	1808	0	0
XM_047940398.1	1701	1502	0	0
XM_047940399.1	258	59.1108	0	0
XM_047940400.1	1470	1271	0	0
XM_047940401.1	1700	1501	0	0
XM_047940402.1	675	476	0	0
XM_047940403.1	570	371	0	0
XM_047940404.1	1623	1424	0	0
XM_047940405.1	4014	3815	1	989.439
XM_047940406.1	2211	2012	0	0
XM_047940407.1	1461	1262	0	0
XM_047940408.1	2391	2192	0	0
XM_047940409.1	2465	2266	0	0
XM_047940410.1	1011	812	0	0
XM_047940411.1	1740	1541	0	0
XM_047940412.1	285	86.0009	0	0
XM_047940413.1	1909	1710	0	0
XM_047940414.1	1645	1446	0	0
XM_047940415.1	986	787	0	0
XM_047940416.1	1068	869	0	0
XM_047940417.1	585	386	0	0
XM_047940418.1	663	464	0	0
XM_047940419.1	1032	833	0	0
XM_047940420.1	1388	1189	0	0
XM_047940421.1	982	783	0	0
XM_047940422.1	1321	1122	0	0
XM_047940423.1	2208	2009	0	0
XM_047940424.1	276	77.0053	0	0
XM_047940425.1	1065	866	0	0
XM_047940426.1	2301	2102	0	0
XM_047940427.1	327	128	0	0
XM_047940428.1	2306	2107	0	0
XM_047940429.1	2575	2376	0	0
XM_047940430.1	2488	2289	0	0
XM_047940431.1	723	524	0	0
XM_047940432.1	216	24.1385	0	0
XM_047940433.1	2670	2471	0	0
XM_047940434.1	2043	1844	0	0
XM_047940435.1	1500	1301	0	0
XM_047940436.1	1599	1400	0	0
XM_047940437.1	249	50.3754	0	0
XM_047940438.1	611	412	0	0
XM_047940439.1	674	475	0	0
XM_047940440.1	468	269	0	0
XM_047940441.1	171	9.50903	0	0
XM_047940442.1	2418	2219	0	0
XM_047940443.1	414	215	0	0
XM_047940444.1	1269	1070	0	0
XM_047940445.1	2631	2432	0	0
XM_047940446.1	656	457	0	0
XM_047940447.1	607	408	0	0
XM_047940448.1	1979	1780	0	0
XM_047940449.1	2495	2296	0	0
XM_047940450.1	2773	2574	0	0
XM_047940451.1	1070	871	0	0
XM_047940452.1	918	719	0	0
XM_047940453.1	501	302	0	0
XM_047940454.1	973	774	0	0
XM_047940455.1	1647	1448	0	0
XM_047940456.1	1449	1250	0	0
XM_047940457.1	216	24.1385	0	0
XM_047940458.1	3117	2918	0	0
XM_047940459.1	3043	2844	0	0
XM_047940460.1	3227	3028	0	0
XM_047940461.1	1234	1035	0	0
XM_047940462.1	651	452	0	0
XM_047940463.1	992	793	0	0
XM_047940464.1	429	230	0	0
XM_047940465.1	795	596	0	0
XM_047940466.1	321	122	0	0
XM_047940467.1	2487	2288	0	0
XM_047940468.1	2608	2409	0	0
XM_047940469.1	932	733	0	0
XM_047940470.1	703	504	0	0
XM_047940471.1	3207	3008	0	0
XM_047940472.1	1568	1369	0	0
XM_047940473.1	1281	1082	0	0
XM_047940474.1	3289	3090	0	0
XM_047940475.1	1397	1198	0	0
XM_047940476.1	3205	3006	0	0
XM_047940477.1	3955	3756	2.89574	2910.17
XM_047940478.1	2087	1888	0	0
XM_047940479.1	1442	1243	0	0
XM_047940480.1	2333	2134	0	0
XM_047940481.1	387	188	0	0
XM_047940482.1	612	413	0	0
XM_047940483.1	1188	989	0	0
XM_047940484.1	930	731	0	0
XM_047940485.1	204	18.2087	0	0
XM_047940486.1	1857	1658	0	0
XM_047940487.1	462	263	0	0
XM_047940488.1	3273	3074	0	0
XM_047940489.1	2442	2243	0	0
XM_047940490.1	3578	3379	0	0
XM_047940491.1	1211	1012	0	0
XM_047940492.1	1185	986	0	0
XM_047940493.1	1293	1094	0	0
XM_047940494.1	1953	1754	0	0
XM_047940495.1	1665	1466	0	0
XM_047940496.1	1639	1440	0	0
XM_047940497.1	979	780	0	0
XM_047940498.1	2932	2733	0	0
XM_047940499.1	4128	3929	0	0
XM_047940500.1	4312	4113	0	0
XM_047940501.1	1605	1406	0	0
XM_047940502.1	1041	842	0	0
XM_047940503.1	591	392	0	0
XM_047940504.1	555	356	0	0
XM_047940505.1	882	683	0	0
XM_047940506.1	342	143	0	0
XM_047940507.1	711	512	0	0
XM_047940508.1	378	179	0	0
XM_047940509.1	3404	3205	1	1177.76
XM_047940510.1	1752	1553	0	0
XM_047940511.1	435	236	0	0
XM_047940512.1	1032	833	0	0
XM_047940513.1	3688	3489	0	0
XM_047940514.1	3038	2839	0	0
XM_047940515.1	828	629	0	0
XM_047940516.1	895	696	0	0
XM_047940517.1	603	404	0	0
XM_047940518.1	252	53.2554	0	0
XM_047940519.1	1143	944	0	0
XM_047940520.1	1110	911	0	0
XM_047940521.1	1891	1692	0	0
XM_047940522.1	2425	2226	0	0
XM_047940523.1	2510	2311	0	0
XM_047940524.1	420	221	0	0
XM_047940525.1	1624	1425	0	0
XM_047940526.1	1530	1331	0	0
XM_047940527.1	1185	986	0	0
XM_047940528.1	471	272	0	0
XM_047940529.1	357	158	0	0
XM_047940530.1	378	179	0	0
XM_047940531.1	918	719	0	0
XM_047940532.1	1574	1375	0	0
XM_047940533.1	393	194	0	0
XM_047940534.1	1816	1617	0	0
XM_047940535.1	1179	980	0	0
XM_047940536.1	1833	1634	0	0
XM_047940537.1	576	377	0	0
XM_047940538.1	297	98.0001	0	0
XM_047940539.1	1470	1271	0	0
XM_047940540.1	843	644	0	0
XM_047940541.1	2049	1850	0	0
XM_047940542.1	846	647	0	0
XM_047940543.1	1167	968	0	0
XM_047940544.1	1220	1021	0	0
XM_047940545.1	1516	1317	0	0
XM_047940546.1	2800	2601	0	0
XM_047940547.1	1616	1417	0	0
XM_047940548.1	1241	1042	0	0
XM_047940549.1	934	735	0	0
XM_047940550.1	285	86.0009	0	0
XM_047940551.1	1719	1520	0	0
XM_047940552.1	1098	899	0	0
XM_047940553.1	1687	1488	0	0
XM_047940554.1	1698	1499	0	0
XM_047940555.1	1105	906	0	0
XM_047940556.1	528	329	0	0
XM_047940557.1	2176	1977	0	0
XM_047940558.1	252	53.2554	0	0
XM_047940559.1	1687	1488	0	0
XM_047940560.1	1842	1643	0	0
XM_047940561.1	2667	2468	1	1529.46
XM_047940562.1	726	527	0	0
XM_047940563.1	2453	2254	0	0
XM_047940564.1	1490	1291	0	0
XM_047940565.1	297	98.0001	0	0
XM_047940566.1	399	200	0	0
XM_047940567.1	960	761	0	0
XM_047940568.1	1528	1329	0	0
XM_047940569.1	1617	1418	0	0
XM_047940570.1	1059	860	0	0
XM_047940571.1	462	263	0	0
XM_047940572.1	570	371	0	0
XM_047940573.1	1435	1236	0	0
XM_047940574.1	888	689	0	0
XM_047940575.1	861	662	0	0
XM_047940576.1	474	275	0	0
XM_047940577.1	507	308	0	0
XM_047940578.1	1572	1373	0	0
XM_047940579.1	3851	3652	0	0
XM_047940580.1	2838	2639	0	0
XM_047940581.1	1561	1362	0	0
XM_047940582.1	2075	1876	0	0
XM_047940583.1	2260	2061	0	0
XM_047940584.1	1955	1756	0	0
XM_047940585.1	2832	2633	0	0
XM_047940586.1	315	116	0	0
XM_047940587.1	2727	2528	0	0
XM_047940588.1	799	600	0	0
XM_047940589.1	3694	3495	0	0
XM_047940590.1	315	116	0	0
XM_047940591.1	705	506	0	0
XM_047940592.1	930	731	0	0
XM_047940593.1	1836	1637	0	0
XM_047940594.1	1353	1154	0	0
XM_047940595.1	2683	2484	0	0
XM_047940596.1	2692	2493	0	0
XM_047940597.1	1675	1476	0	0
XM_047940598.1	282	83.0016	0	0
XM_047940599.1	354	155	0	0
XM_047940600.1	1125	926	0	0
XM_047940601.1	1635	1436	0	0
XM_047940602.1	1572	1373	0	0
XM_047940603.1	1713	1514	0	0
XM_047940604.1	3987	3788	0	0
XM_047940605.1	4163	3964	0	0
XM_047940606.1	1494	1295	0	0
XM_047940607.1	556	357	0	0
XM_047940608.1	1046	847	0	0
XM_047940609.1	1081	882	0	0
XM_047940610.1	3423	3224	0	0
XM_047940611.1	3195	2996	0	0
XM_047940612.1	2737	2538	0	0
XM_047940613.1	3270	3071	0	0
XM_047940614.1	564	365	0	0
XM_047940615.1	1122	923	0	0
XM_047940616.1	1374	1175	0	0
XM_047940617.1	865	666	0	0
XM_047940618.1	1222	1023	0	0
XM_047940619.1	998	799	0	0
XM_047940620.1	2062	1863	0	0
XM_047940621.1	2132	1933	0	0
XM_047940622.1	1357	1158	0	0
XM_047940623.1	1728	1529	0	0
XM_047940624.1	2492	2293	0	0
XM_047940625.1	1350	1151	0	0
XM_047940626.1	2042	1843	0	0
XM_047940627.1	2126	1927	0	0
XM_047940628.1	4314	4115	0	0
XM_047940629.1	899	700	0	0
XM_047940630.1	630	431	0	0
XM_047940631.1	1370	1171	0	0
XM_047940632.1	437	238	0	0
XM_047940633.1	1866	1667	0	0
XM_047940634.1	870	671	0	0
XM_047940635.1	762	563	0	0
XM_047940636.1	1519	1320	0	0
XM_047940637.1	3842	3643	0	0
XM_047940638.1	2232	2033	0	0
XM_047940639.1	1356	1157	0	0
XM_047940640.1	1446	1247	0	0
XM_047940641.1	2787	2588	0	0
XM_047940642.1	3391	3192	0	0
XM_047940643.1	1389	1190	0	0
XM_047940644.1	1575	1376	0	0
XM_047940645.1	273	74.0093	0	0
XM_047940646.1	447	248	0	0
XM_047940647.1	636	437	0	0
XM_047940648.1	306	107	0	0
XM_047940649.1	1562	1363	0	0
XM_047940650.1	759	560	0	0
XM_047940651.1	2321	2122	0	0
XM_047940652.1	2419	2220	0	0
XM_047940653.1	2291	2092	0	0
XM_047940654.1	4029	3830	0	0
XM_047940655.1	816	617	0	0
XM_047940656.1	624	425	0	0
XM_047940657.1	1112	913	0	0
XM_047940658.1	630	431	0	0
XM_047940659.1	1476	1277	0	0
XM_047940660.1	2089	1890	0	0
XM_047940661.1	4035	3836	0	0
XM_047940662.1	1269	1070	0	0
XM_047940663.1	567	368	0	0
XM_047940664.1	1900	1701	0	0
XM_047940665.1	1856	1657	0	0
XM_047940666.1	1545	1346	0	0
XM_047940667.1	1497	1298	0	0
XM_047940668.1	1185	986	0	0
XM_047940669.1	738	539	0	0
XM_047940670.1	645	446	0	0
XM_047940671.1	985	786	0	0
XM_047940672.1	1315	1116	0	0
XM_047940673.1	3804	3605	0	0
XM_047940674.1	966	767	0	0
XM_047940675.1	201	17.0167	0	0
XM_047940676.1	6241	6042	0	0
XM_047940677.1	6019	5820	0	0
XM_047940678.1	645	446	0	0
XM_047940679.1	801	602	0	0
XM_047940680.1	1374	1175	0	0
XM_047940681.1	1281	1082	0	0
XM_047940682.1	921	722	0	0
XM_047940683.1	711	512	0	0
XM_047940684.1	1259	1060	0	0
XM_047940685.1	321	122	0	0
XM_047940686.1	1371	1172	0	0
XM_047940687.1	396	197	0	0
XM_047940688.1	993	794	0	0
XM_047940689.1	1101	902	0	0
XM_047940690.1	1140	941	0	0
XM_047940691.1	1041	842	0	0
XM_047940692.1	993	794	0	0
XM_047940693.1	546	347	0	0
XM_047940694.1	1701	1502	0	0
XM_047940695.1	1008	809	0	0
XM_047940696.1	1163	964	0	0
XM_047940697.1	798	599	0	0
XM_047940698.1	1241	1042	0	0
XM_047940699.1	987	788	0	0
XM_047940700.1	1345	1146	0	0
XM_047940701.1	2652	2453	0	0
XM_047940702.1	1893	1694	0	0
XM_047940703.1	1390	1191	0	0
XM_047940704.1	2580	2381	0	0
XM_047940705.1	1815	1616	0	0
XM_047940706.1	3264	3065	0	0
XM_047940707.1	618	419	0	0
XM_047940708.1	1497	1298	0	0
XM_047940709.1	6286	6087	0	0
XM_047940710.1	3686	3487	0	0
XM_047940711.1	1023	824	0	0
XM_047940712.1	675	476	0	0
XM_047940713.1	921	722	0	0
XM_047940714.1	2704	2505	0	0
XM_047940715.1	754	555	0	0
XM_047940716.1	2818	2619	0	0
XM_047940717.1	1924	1725	0	0
XM_047940718.1	1875	1676	0	0
XM_047940719.1	1275	1076	0	0
XM_047940720.1	1653	1454	0	0
XM_047940721.1	315	116	0	0
XM_047940722.1	1416	1217	0	0
XM_047940723.1	729	530	0	0
XM_047940724.1	1014	815	0	0
XM_047940725.1	636	437	0	0
XM_047940726.1	683	484	0	0
XM_047940727.1	678	479	0	0
XM_047940728.1	1003	804	0	0
XM_047940729.1	612	413	0	0
XM_047940730.1	762	563	0	0
XM_047940731.1	1378	1179	0	0
XM_047940732.1	1442	1243	0	0
XM_047940733.1	1314	1115	0	0
XM_047940734.1	1404	1205	0	0
XM_047940735.1	2001	1802	0	0
XM_047940736.1	2028	1829	0	0
XM_047940737.1	300	101	0	0
XM_047940738.1	5501	5302	0	0
XM_047940739.1	1700	1501	0	0
XM_047940740.1	768	569	0	0
XM_047940741.1	691	492	0	0
XM_047940742.1	4604	4405	0	0
XM_047940743.1	1065	866	1	4358.79
XM_047940744.1	1944	1745	0	0
XM_047940745.1	1956	1757	0	0
XM_047940746.1	4287	4088	0	0
XM_047940747.1	3249	3050	0	0
XM_047940748.1	1672	1473	0	0
XM_047940749.1	1760	1561	0	0
XM_047940750.1	756	557	0	0
XM_047940751.1	1393	1194	0	0
XM_047940752.1	546	347	0	0
XM_047940753.1	330	131	0	0
XM_047940754.1	1648	1449	0	0
XM_047940755.1	2537	2338	0	0
XM_047940756.1	1558	1359	0	0
XM_047940757.1	333	134	0	0
XM_047940758.1	315	116	0	0
XM_047940759.1	447	248	0	0
XM_047940760.1	744	545	0	0
XM_047940761.1	222	27.8721	0	0
XM_047940762.1	1838	1639	0	0
XM_047940763.1	1716	1517	0	0
XM_047940764.1	1227	1028	0	0
XM_047940765.1	2048	1849	0	0
XM_047940766.1	3711	3512	0	0
XM_047940767.1	1593	1394	0	0
XM_047940768.1	279	80.003	0	0
XM_047940769.1	2586	2387	1	1581.36
XM_047940770.1	2514	2315	0	0
XM_047940771.1	1011	812	0	0
XM_047940772.1	1495	1296	0	0
XM_047940773.1	2951	2752	0	0
XM_047940774.1	2543	2344	0	0
XM_047940775.1	252	53.2554	0	0
XM_047940776.1	1308	1109	0	0
XM_047940777.1	1665	1466	0	0
XM_047940778.1	1756	1557	0	0
XM_047940779.1	2729	2530	0	0
XM_047940780.1	1319	1120	0	0
XM_047940781.1	821	622	1	6068.67
XM_047940782.1	618	419	0	0
XM_047940783.1	324	125	0	0
XM_047940784.1	1737	1538	0	0
XM_047940785.1	1571	1372	0	0
XM_047940786.1	831	632	0	0
XM_047940787.1	2576	2377	0	0
XM_047940788.1	2385	2186	0	0
XM_047940789.1	1080	881	0	0
XM_047940790.1	933	734	0	0
XM_047940791.1	1005	806	0	0
XM_047940792.1	279	80.003	0	0
XM_047940793.1	387	188	0	0
XM_047940794.1	2216	2017	0	0
XM_047940795.1	159	7.91627	0	0
XM_047940796.1	426	227	0	0
XM_047940797.1	561	362	0	0
XM_047940798.1	501	302	0	0
XM_047940799.1	6051	5852	0	0
XM_047940800.1	1398	1199	0	0
XM_047940801.1	3075	2876	0	0
XM_047940802.1	3428	3229	0	0
XM_047940803.1	3566	3367	0	0
XM_047940804.1	3572	3373	0	0
XM_047940805.1	3658	3459	0	0
XM_047940806.1	1919	1720	0	0
XM_047940807.1	1319	1120	0	0
XM_047940808.1	863	664	0	0
XM_047940809.1	999	800	0	0
XM_047940810.1	1674	1475	0	0
XM_047940811.1	1484	1285	0	0
XM_047940812.1	324	125	0	0
XM_047940813.1	3036	2837	0	0
XM_047940814.1	264	65.044	0	0
XM_047940815.1	1113	914	0	0
XM_047940816.1	1227	1028	0	0
XM_047940817.1	864	665	0	0
XM_047940818.1	3645	3446	0	0
XM_047940819.1	3625	3426	0	0
XM_047940820.1	3727	3528	0	0
XM_047940821.1	3707	3508	0	0
XM_047940822.1	7225	7026	0	0
XM_047940823.1	159	7.91627	0	0
XM_047940824.1	1537	1338	0	0
XM_047940825.1	825	626	0	0
XM_047940826.1	1684	1485	0	0
XM_047940827.1	675	476	0	0
XM_047940828.1	1270	1071	0	0
XM_047940829.1	1602	1403	1	2690.46
XM_047940830.1	2690	2491	0	0
XM_047940831.1	2716	2517	0	0
XM_047940832.1	2331	2132	0	0
XM_047940833.1	405	206	0	0
XM_047940834.1	489	290	0	0
XM_047940835.1	1913	1714	0	0
XM_047940836.1	935	736	0	0
XM_047940837.1	744	545	0	0
XM_047940838.1	288	89.0004	0	0
XM_047940839.1	1690	1491	0	0
XM_047940840.1	806	607	0	0
XM_047940841.1	3486	3287	0	0
XM_047940842.1	1032	833	0	0
XM_047940843.1	4739	4540	0	0
XM_047940844.1	1297	1098	0	0
XM_047940845.1	291	92.0002	0	0
XM_047940846.1	213	22.4695	0	0
XM_047940847.1	366	167	0	0
XM_047940848.1	1853	1654	0	0
XM_047940849.1	1972	1773	0	0
XM_047940850.1	1122	923	0	0
XM_047940851.1	677	478	0	0
XM_047940852.1	612	413	0	0
XM_047940853.1	579	380	0	0
XM_047940854.1	813	614	0	0
XM_047940855.1	2365	2166	4	6970.84
XM_047940856.1	1708	1509	0	0
XM_047940857.1	3033	2834	0	0
XM_047940858.1	300	101	0	0
XM_047940859.1	1416	1217	0	0
XM_047940860.1	1548	1349	0	0
XM_047940861.1	885	686	0	0
XM_047940862.1	1941	1742	0	0
XM_047940863.1	681	482	0	0
XM_047940864.1	2716	2517	0	0
XM_047940865.1	2812	2613	0	0
XM_047940866.1	2923	2724	0	0
XM_047940867.1	2974	2775	0	0
XM_047940868.1	501	302	0	0
XM_047940869.1	3833	3634	0	0
XM_047940870.1	1736	1537	0	0
XM_047940871.1	1872	1673	0	0
XM_047940872.1	2624	2425	0	0
XM_047940873.1	2611	2412	0	0
XM_047940874.1	453	254	0	0
XM_047940875.1	1174	975	0	0
XM_047940876.1	5234	5035	0	0
XM_047940877.1	5400	5201	0	0
XM_047940878.1	1348	1149	0	0
XM_047940879.1	453	254	0	0
XM_047940880.1	2624	2425	0	0
XM_047940881.1	2387	2188	0	0
XM_047940882.1	2038	1839	0	0
XM_047940883.1	1358	1159	0	0
XM_047940884.1	1368	1169	0	0
XM_047940885.1	1269	1070	0	0
XM_047940886.1	1374	1175	0	0
XM_047940887.1	1423	1224	0	0
XM_047940888.1	1263	1064	0	0
XM_047940889.1	2319	2120	0	0
XM_047940890.1	1614	1415	0	0
XM_047940891.1	1602	1403	0	0
XM_047940892.1	231	34.449	0	0
XM_047940893.1	3273	3074	0	0
XM_047940894.1	2263	2064	0	0
XM_047940895.1	2158	1959	0	0
XM_047940896.1	1053	854	0	0
XM_047940897.1	3516	3317	0	0
XM_047940898.1	1533	1334	0	0
XM_047940899.1	1179	980	0	0
XM_047940900.1	456	257	0	0
XM_047940901.1	1332	1133	0	0
XM_047940902.1	438	239	0	0
XM_047940903.1	1404	1205	0	0
XM_047940904.1	573	374	0	0
XM_047940905.1	1374	1175	0	0
XM_047940906.1	1827	1628	0	0
XM_047940907.1	1983	1784	0	0
XM_047940908.1	1041	842	0	0
XM_047940909.1	455	256	0	0
XM_047940910.1	2775	2576	0	0
XM_047940911.1	2866	2667	0	0
XM_047940912.1	5948	5749	0	0
XM_047940913.1	600	401	0	0
XM_047940914.1	1830	1631	0	0
XM_047940915.1	992	793	0	0
XM_047940916.1	987	788	0	0
XM_047940917.1	1659	1460	0	0
XM_047940918.1	533	334	0	0
XM_047940919.1	654	455	0	0
XM_047940920.1	1416	1217	0	0
XM_047940921.1	1165	966	0	0
XM_047940922.1	2819	2620	0	0
XM_047940923.1	807	608	0	0
XM_047940924.1	378	179	0	0
XM_047940925.1	1381	1182	0	0
XM_047940926.1	900	701	0	0
XM_047940927.1	1173	974	0	0
XM_047940928.1	1440	1241	0	0
XM_047940929.1	789	590	0	0
XM_047940930.1	1555	1356	0	0
XM_047940931.1	1571	1372	0	0
XM_047940932.1	420	221	0	0
XM_047940933.1	972	773	0	0
XM_047940934.1	651	452	0	0
XM_047940935.1	267	68.0268	0	0
XM_047940936.1	1748	1549	0	0
XM_047940937.1	2049	1850	0	0
XM_047940938.1	252	53.2554	0	0
XM_047940939.1	1467	1268	0	0
XM_047940940.1	1684	1485	0	0
XM_047940941.1	630	431	0	0
XM_047940942.1	1446	1247	0	0
XM_047940943.1	375	176	0	0
XM_047940944.1	228	32.1317	0	0
XM_047940945.1	1593	1394	0	0
XM_047940946.1	909	710	0	0
XM_047940947.1	1721	1522	0	0
XM_047940948.1	552	353	0	0
XM_047940949.1	879	680	0	0
XM_047940950.1	186	12.4336	0	0
XM_047940951.1	756	557	0	0
XM_047940952.1	552	353	0	0
XM_047940953.1	1365	1166	0	0
XM_047940954.1	2193	1994	0	0
XM_047940955.1	390	191	0	0
XM_047940956.1	645	446	0	0
XM_047940957.1	1152	953	0	0
XM_047940958.1	669	470	0	0
XM_047940959.1	1392	1193	0	0
XM_047940960.1	426	227	0	0
XM_047940961.1	513	314	0	0
XM_047940962.1	483	284	0	0
XM_047940963.1	1545	1346	0	0
XM_047940964.1	660	461	0	0
XM_047940965.1	870	671	0	0
XM_047940966.1	525	326	0	0
XM_047940967.1	738	539	0	0
XM_047940968.1	516	317	0	0
XM_047940969.1	2351	2152	0	0
XM_047940970.1	2259	2060	0	0
XM_047940971.1	2244	2045	0	0
XM_047940972.1	2082	1883	0	0
XM_047940973.1	1939	1740	0	0
XM_047940974.1	2995	2796	0	0
XM_047940975.1	3332	3133	0	0
XM_047940976.1	366	167	0	0
XM_047940977.1	399	200	0	0
XM_047940978.1	736	537	0	0
XM_047940979.1	330	131	0	0
XM_047940980.1	1547	1348	0	0
XM_047940981.1	315	116	0	0
XM_047940982.1	1495	1296	0	0
XM_047940983.1	1229	1030	0	0
XM_047940984.1	891	692	0	0
XM_047940985.1	2062	1863	0	0
XM_047940986.1	2940	2741	0	0
XM_047940987.1	981	782	0	0
XM_047940988.1	1464	1265	0	0
XM_047940989.1	1840	1641	0	0
XM_047940990.1	937	738	0	0
XM_047940991.1	1722	1523	0	0
XM_047940992.1	1425	1226	0	0
XM_047940993.1	6990	6791	0	0
XM_047940994.1	7208	7009	0	0
XM_047940995.1	657	458	0	0
XM_047940996.1	2621	2422	0	0
XM_047940997.1	1485	1286	0	0
XM_047940998.1	2771	2572	0	0
XM_047940999.1	1284	1085	0	0
XM_047941000.1	1682	1483	0	0
XM_047941001.1	2211	2012	0	0
XM_047941002.1	1931	1732	0	0
XM_047941003.1	2704	2505	0	0
XM_047941004.1	1248	1049	0	0
XM_047941005.1	2514	2315	0	0
XM_047941006.1	1489	1290	0	0
XM_047941007.1	3024	2825	0	0
XM_047941008.1	3118	2919	0	0
XM_047941009.1	1438	1239	0	0
XM_047941010.1	2452	2253	0	0
XM_047941011.1	2492	2293	0	0
XM_047941012.1	615	416	0	0
XM_047941013.1	1561	1362	0	0
XM_047941014.1	2531	2332	0	0
XM_047941015.1	2642	2443	0	0
XM_047941016.1	1651	1452	0	0
XM_047941017.1	2279	2080	0	0
XM_047941018.1	2488	2289	0	0
XM_047941019.1	894	695	0	0
XM_047941020.1	2227	2028	1	1861.3
XM_047941021.1	3390	3191	0	0
XM_047941022.1	3283	3084	0	0
XM_047941023.1	387	188	0	0
XM_047941024.1	987	788	0	0
XM_047941025.1	1045	846	0	0
XM_047941026.1	2523	2324	0	0
XM_047941027.1	2967	2768	0	0
XM_047941028.1	2641	2442	0	0
XM_047941029.1	1229	1030	2	7329.54
XM_047941030.1	798	599	0	0
XM_047941031.1	656	457	0	0
XM_047941032.1	1229	1030	0	0
XM_047941033.1	384	185	0	0
XM_047941034.1	3091	2892	0	0
XM_047941035.1	1367	1168	0	0
XM_047941036.1	1921	1722	0	0
XM_047941037.1	1062	863	0	0
XM_047941038.1	906	707	0	0
XM_047941039.1	1581	1382	0	0
XM_047941040.1	3315	3116	1.04806	1269.61
XM_047941041.1	1321	1122	0	0
XM_047941042.1	465	266	0	0
XM_047941043.1	429	230	0	0
XM_047941044.1	582	383	0	0
XM_047941045.1	576	377	0	0
XM_047941046.1	957	758	0	0
XM_047941047.1	633	434	0	0
XM_047941048.1	339	140	0	0
XM_047941049.1	513	314	0	0
XM_047941050.1	1197	998	0	0
XM_047941051.1	1152	953	0	0
XM_047941052.1	657	458	0	0
XM_047941053.1	2081	1882	0	0
XM_047941054.1	1188	989	0	0
XM_047941055.1	1098	899	0	0
XM_047941056.1	1573	1374	0	0
XM_047941057.1	2849	2650	0	0
XM_047941058.1	2219	2020	0	0
XM_047941059.1	4664	4465	0	0
XM_047941060.1	1109	910	0	0
XM_047941061.1	1749	1550	0	0
XM_047941062.1	1604	1405	0	0
XM_047941063.1	1132	933	0	0
XM_047941064.1	849	650	0	0
XM_047941065.1	738	539	0	0
XM_047941066.1	2457	2258	0	0
XM_047941067.1	2154	1955	0	0
XM_047941068.1	2988	2789	0	0
XM_047941069.1	1684	1485	0	0
XM_047941070.1	213	22.4695	0	0
XM_047941071.1	495	296	0	0
XM_047941072.1	681	482	0	0
XM_047941073.1	1011	812	0	0
XM_047941074.1	342	143	0	0
XM_047941075.1	963	764	0	0
XM_047941076.1	1359	1160	0	0
XM_047941077.1	2106	1907	0	0
XM_047941078.1	1833	1634	0	0
XM_047941079.1	2283	2084	0	0
XM_047941080.1	1623	1424	0	0
XM_047941081.1	1873	1674	0	0
XM_047941082.1	2462	2263	0	0
XM_047941083.1	4629	4430	0	0
XM_047941084.1	1932	1733	0	0
XM_047941085.1	2559	2360	0	0
XM_047941086.1	2464	2265	0	0
XM_047941087.1	2664	2465	0	0
XM_047941088.1	414	215	0	0
XM_047941089.1	591	392	0	0
XM_047941090.1	1179	980	0	0
XM_047941091.1	2279	2080	0	0
XM_047941092.1	1789	1590	0	0
XM_047941093.1	2697	2498	0	0
XM_047941094.1	2086	1887	0	0
XM_047941095.1	387	188	0	0
XM_047941096.1	660	461	0	0
XM_047941097.1	1447	1248	0	0
XM_047941098.1	1772	1573	0	0
XM_047941099.1	2784	2585	0	0
XM_047941100.1	2673	2474	0	0
XM_047941101.1	2712	2513	0	0
XM_047941102.1	1749	1550	0	0
XM_047941103.1	918	719	0	0
XM_047941104.1	1410	1211	0	0
XM_047941105.1	636	437	0	0
XM_047941106.1	2040	1841	0	0
XM_047941107.1	2130	1931	0	0
XM_047941108.1	1710	1511	0	0
XM_047941109.1	1704	1505	0	0
XM_047941110.1	1498	1299	0	0
XM_047941111.1	990	791	0	0
XM_047941112.1	2277	2078	0	0
XM_047941113.1	5560	5361	0	0
XM_047941114.1	3036	2837	0	0
XM_047941115.1	372	173	0	0
XM_047941116.1	351	152	0	0
XM_047941117.1	2775	2576	0	0
XM_047941118.1	1263	1064	0	0
XM_047941119.1	639	440	0	0
XM_047941120.1	2897	2698	0.000813028	1.13749
XM_047941121.1	2835	2636	0.999187	1430.82
XM_047941122.1	1086	887	0	0
XM_047941123.1	417	218	0	0
XM_047941124.1	3135	2936	0	0
XM_047941125.1	393	194	0	0
XM_047941126.1	864	665	0	0
XM_047941127.1	363	164	0	0
XM_047941128.1	1146	947	0	0
XM_047941129.1	728	529	0	0
XM_047941130.1	834	635	0	0
XM_047941131.1	905	706	0	0
XM_047941132.1	1523	1324	0	0
XM_047941133.1	636	437	0	0
XM_047941134.1	1937	1738	0	0
XM_047941135.1	963	764	0	0
XM_047941136.1	1913	1714	0	0
XM_047941137.1	4595	4396	0	0
XM_047941138.1	4667	4468	0	0
XM_047941139.1	4426	4227	0	0
XM_047941140.1	183	11.741	0	0
XM_047941141.1	606	407	0	0
XM_047941142.1	1600	1401	0	0
XM_047941143.1	1434	1235	0	0
XM_047941144.1	1548	1349	0	0
XM_047941145.1	1260	1061	0	0
XM_047941146.1	1272	1073	0	0
XM_047941147.1	1344	1145	0	0
XM_047941148.1	2016	1817	0	0
XM_047941149.1	597	398	0	0
XM_047941150.1	1713	1514	0	0
XM_047941151.1	1314	1115	0	0
XM_047941152.1	243	44.7603	0	0
XM_047941153.1	930	731	0	0
XM_047941154.1	168	9.06081	0	0
XM_047941155.1	480	281	0	0
XM_047941156.1	1014	815	0	0
XM_047941157.1	420	221	0	0
XM_047941158.1	423	224	0	0
XM_047941159.1	948	749	0	0
XM_047941160.1	978	779	0	0
XM_047941161.1	309	110	0	0
XM_047941162.1	987	788	0	0
XM_047941163.1	849	650	0	0
XM_047941164.1	471	272	0	0
XM_047941165.1	348	149	0	0
XM_047941166.1	456	257	0	0
XM_047941167.1	1350	1151	0	0
XM_047941168.1	1284	1085	0	0
XM_047941169.1	351	152	0	0
XM_047941170.1	408	209	0	0
XM_047941171.1	489	290	0	0
XM_047941172.1	1542	1343	0	0
XM_047941173.1	2379	2180	0	0
XM_047941174.1	1132	933	0	0
XM_047941175.1	2162	1963	0	0
XM_047941176.1	1353	1154	0	0
XM_047941177.1	1005	806	0	0
XM_047941178.1	1365	1166	1	3237.32
XM_047941179.1	774	575	0	0
XM_047941180.1	423	224	0	0
XM_047941181.1	804	605	0	0
XM_047941182.1	177	10.528	0	0
XM_047941183.1	603	404	0	0
XM_047941184.1	330	131	0	0
XM_047941185.1	2284	2085	0	0
XM_047941186.1	1308	1109	0	0
XM_047941187.1	1086	887	0	0
XM_047941188.1	345	146	0	0
XM_047941189.1	1482	1283	0	0
XM_047941190.1	2548	2349	0	0
XM_047941191.1	1244	1045	0	0
XM_047941192.1	2302	2103	0	0
XM_047941193.1	1506	1307	0	0
XM_047941194.1	1020	821	0	0
XM_047941195.1	2958	2759	0	0
XM_047941196.1	795	596	0	0
XM_047941197.1	945	746	0	0
XM_047941198.1	330	131	0	0
XM_047941199.1	1683	1484	0	0
XM_047941200.1	1107	908	0	0
XM_047941201.1	2595	2396	0	0
XM_047941202.1	3243	3044	0	0
XM_047941203.1	2975	2776	0	0
XM_047941204.1	534	335	0	0
XM_047941205.1	1188	989	0	0
XM_047941206.1	252	53.2554	0	0
XM_047941207.1	1336	1137	0	0
XM_047941208.1	1168	969	0	0
XM_047941209.1	2779	2580	0	0
XM_047941210.1	2783	2584	0	0
XM_047941211.1	1038	839	0	0
XM_047941212.1	928	729	0	0
XM_047941213.1	2034	1835	0	0
XM_047941214.1	270	71.016	0	0
XM_047941215.1	1446	1247	0	0
XM_047941216.1	1323	1124	0	0
XM_047941217.1	312	113	0	0
XM_047941218.1	672	473	0	0
XM_047941219.1	192	14.0216	0	0
XM_047941220.1	618	419	0	0
XM_047941221.1	1061	862	0	0
XM_047941222.1	1106	907	0	0
XM_047941223.1	637	438	0	0
XM_047941224.1	1389	1190	0	0
XM_047941225.1	879	680	0	0
XM_047941226.1	940	741	0	0
XM_047941227.1	552	353	0	0
XM_047941228.1	2945	2746	0	0
XM_047941229.1	2544	2345	0	0
XM_047941230.1	3545	3346	0	0
XM_047941231.1	1968	1769	0	0
XM_047941232.1	1881	1682	0	0
XM_047941233.1	747	548	0	0
XM_047941234.1	753	554	0	0
XM_047941235.1	756	557	0	0
XM_047941236.1	777	578	0	0
XM_047941237.1	972	773	0	0
XM_047941238.1	777	578	0	0
XM_047941239.1	804	605	0	0
XM_047941240.1	789	590	0	0
XM_047941241.1	1588	1389	0	0
XM_047941242.1	1328	1129	0	0
XM_047941243.1	522	323	0	0
XM_047941244.1	1593	1394	0	0
XM_047941245.1	4221	4022	0	0
XM_047941246.1	1286	1087	0	0
XM_047941247.1	648	449	0	0
XM_047941248.1	1151	952	0	0
XM_047941249.1	1524	1325	0	0
XM_047941250.1	1190	991	0	0
XM_047941251.1	2449	2250	0	0
XM_047941252.1	411	212	0	0
XM_047941253.1	2055	1856	0	0
XM_047941254.1	1335	1136	0	0
XM_047941255.1	702	503	0	0
XM_047941256.1	369	170	0	0
XM_047941257.1	1413	1214	0	0
XM_047941258.1	333	134	0	0
XM_047941259.1	1692	1493	0	0
XM_047941260.1	951	752	0	0
XM_047941261.1	351	152	0	0
XM_047941262.1	342	143	0	0
XM_047941263.1	342	143	0	0
XM_047941264.1	2845	2646	0	0
XM_047941265.1	447	248	0	0
XM_047941266.1	444	245	0	0
XM_047941267.1	1815	1616	0	0
XM_047941268.1	2070	1871	0	0
XM_047941269.1	4637	4438	0	0
XM_047941270.1	3714	3515	0	0
XM_047941271.1	1244	1045	0	0
XM_047941272.1	921	722	0	0
XM_047941273.1	1044	845	0	0
XM_047941274.1	459	260	0	0
XM_047941275.1	453	254	0	0
XM_047941276.1	1194	995	0	0
XM_047941277.1	303	104	0	0
XM_047941278.1	2651	2452	0	0
XM_047941279.1	1959	1760	0	0
XM_047941280.1	3993	3794	0	0
XM_047941281.1	6027	5828	0	0
XM_047941282.1	1787	1588	0	0
XM_047941283.1	1762	1563	0	0
XM_047941284.1	1137	938	0	0
XM_047941285.1	1848	1649	0	0
XM_047941286.1	1541	1342	0	0
XM_047941287.1	2913	2714	0	0
XM_047941288.1	1065	866	0	0
XM_047941289.1	1525	1326	0	0
XM_047941290.1	999	800	0	0
XM_047941291.1	1753	1554	0	0
XM_047941292.1	1296	1097	0	0
XM_047941293.1	2187	1988	0	0
XM_047941294.1	648	449	0	0
XM_047941295.1	1176	977	0	0
XM_047941296.1	3120	2921	0	0
XM_047941297.1	1650	1451	0	0
XM_047941298.1	3242	3043	1	1240.46
XM_047941299.1	555	356	0	0
XM_047941300.1	567	368	0	0
XM_047941301.1	795	596	0	0
XM_047941302.1	2359	2160	0	0
XM_047941303.1	4107	3908	0.999999	965.892
XM_047941304.1	4284	4085	1.29814e-06	0.00119954
XM_047941305.1	2820	2621	0	0
XM_047941306.1	2233	2034	0	0
XM_047941307.1	1961	1762	0	0
XM_047941308.1	2089	1890	0	0
XM_047941309.1	615	416	0	0
XM_047941310.1	585	386	0	0
XM_047941311.1	570	371	0	0
XM_047941312.1	877	678	0	0
XM_047941313.1	348	149	0	0
XM_047941314.1	648	449	0	0
XM_047941315.1	1450	1251	0	0
XM_047941316.1	2283	2084	0	0
XM_047941317.1	2268	2069	0	0
XM_047941318.1	2353	2154	0	0
XM_047941319.1	2353	2154	0	0
XM_047941320.1	2462	2263	0	0
XM_047941321.1	2082	1883	0	0
XM_047941322.1	1978	1779	0	0
XM_047941323.1	1456	1257	0	0
XM_047941324.1	1890	1691	0	0
XM_047941325.1	1854	1655	0	0
XM_047941326.1	1753	1554	0	0
XM_047941327.1	1991	1792	0	0
XM_047941328.1	2075	1876	0	0
XM_047941329.1	1874	1675	0	0
XM_047941330.1	2040	1841	0	0
XM_047941331.1	1625	1426	0	0
XM_047941332.1	1011	812	0	0
XM_047941333.1	2586	2387	0	0
XM_047941334.1	2013	1814	0	0
XM_047941335.1	1512	1313	0	0
XM_047941336.1	1621	1422	0	0
XM_047941337.1	2058	1859	0	0
XM_047941338.1	2026	1827	0	0
XM_047941339.1	2173	1974	0	0
XM_047941340.1	2193	1994	0	0
XM_047941341.1	5875	5676	0	0
XM_047941342.1	1238	1039	0	0
XM_047941343.1	2068	1869	0	0
XM_047941344.1	2058	1859	0	0
XM_047941345.1	2143	1944	0	0
XM_047941346.1	1618	1419	0	0
XM_047941347.1	1416	1217	0	0
XM_047941348.1	1743	1544	0	0
XM_047941349.1	780	581	0	0
XM_047941350.1	2513	2314	0	0
XM_047941351.1	2049	1850	0	0
XM_047941352.1	195	14.9308	0	0
XM_047941353.1	1572	1373	0	0
XM_047941354.1	1211	1012	0	0
XM_047941355.1	420	221	0	0
XM_047941356.1	2429	2230	0	0
XM_047941357.1	513	314	0	0
XM_047941358.1	297	98.0001	0	0
XM_047941359.1	680	481	0	0
XM_047941360.1	426	227	0	0
XM_047941361.1	564	365	0	0
XM_047941362.1	927	728	0	0
XM_047941363.1	3801	3602	0	0
XM_047941364.1	2117	1918	0	0
XM_047941365.1	2262	2063	0	0
XM_047941366.1	1008	809	0	0
XM_047941367.1	1752	1553	0	0
XM_047941368.1	3253	3054	0	0
XM_047941369.1	195	14.9308	0	0
XM_047941370.1	1267	1068	0	0
XM_047941371.1	598	399	0	0
XM_047941372.1	3657	3458	0	0
XM_047941373.1	2152	1953	0	0
XM_047941374.1	285	86.0009	0	0
XM_047941375.1	5220	5021	0	0
XM_047941376.1	438	239	0	0
XM_047941377.1	906	707	0	0
XM_047941378.1	2790	2591	0	0
XM_047941379.1	863	664	0	0
XM_047941380.1	387	188	0	0
XM_047941381.1	1075	876	0	0
XM_047941382.1	921	722	0	0
XM_047941383.1	573	374	0	0
XM_047941384.1	996	797	0	0
XM_047941385.1	741	542	0	0
XM_047941386.1	342	143	0	0
XM_047941387.1	1179	980	0	0
XM_047941388.1	252	53.2554	0	0
XM_047941389.1	363	164	0	0
XM_047941390.1	408	209	0	0
XM_047941391.1	1629	1430	0	0
XM_047941392.1	417	218	0	0
XM_047941393.1	1819	1620	0	0
XM_047941394.1	1898	1699	0	0
XM_047941395.1	1326	1127	0	0
XM_047941396.1	1610	1411	0	0
XM_047941397.1	294	95.0001	0	0
XM_047941398.1	2335	2136	0	0
XM_047941399.1	646	447	0	0
XM_047941400.1	3414	3215	0	0
XM_047941401.1	1200	1001	0	0
XM_047941402.1	1017	818	0	0
XM_047941403.1	414	215	0	0
XM_047941404.1	1980	1781	0	0
XM_047941405.1	504	305	0	0
XM_047941406.1	4244	4045	0	0
XM_047941407.1	2275	2076	0	0
XM_047941408.1	634	435	0	0
XM_047941409.1	1378	1179	0	0
XM_047941410.1	1683	1484	0	0
XM_047941411.1	1182	983	0	0
XM_047941412.1	264	65.044	0	0
XM_047941413.1	1257	1058	0	0
XM_047941414.1	327	128	0	0
XM_047941415.1	1939	1740	0	0
XM_047941416.1	639	440	0	0
XM_047941417.1	444	245	0	0
XM_047941418.1	567	368	0	0
XM_047941419.1	681	482	0	0
XM_047941420.1	1287	1088	0	0
XM_047941421.1	357	158	0	0
XM_047941422.1	5778	5579	0	0
XM_047941423.1	1734	1535	0	0
XM_047941424.1	1554	1355	0	0
XM_047941425.1	2945	2746	0	0
XM_047941426.1	519	320	0	0
XM_047941427.1	1443	1244	0	0
XM_047941428.1	1548	1349	0	0
XM_047941429.1	945	746	0	0
XM_047941430.1	2879	2680	0	0
XM_047941431.1	393	194	0	0
XM_047941432.1	642	443	0	0
XM_047941433.1	2458	2259	0	0
XM_047941434.1	456	257	0	0
XM_047941435.1	732	533	0	0
XM_047941436.1	480	281	0	0
XM_047941437.1	444	245	0	0
XM_047941438.1	807	608	0	0
XM_047941439.1	1134	935	0	0
XM_047941440.1	2157	1958	0	0
XM_047941441.1	1564	1365	0	0
XM_047941442.1	1515	1316	0	0
XM_047941443.1	444	245	0	0
XM_047941444.1	354	155	0	0
XM_047941445.1	3460	3261	0	0
XM_047941446.1	1632	1433	0	0
XM_047941447.1	969	770	0	0
XM_047941448.1	1237	1038	0	0
XM_047941449.1	1498	1299	0	0
XM_047941450.1	1920	1721	0	0
XM_047941451.1	405	206	0	0
XM_047941452.1	3483	3284	0	0
XM_047941453.1	1370	1171	0	0
XM_047941454.1	1340	1141	0	0
XM_047941455.1	837	638	0	0
XM_047941456.1	589	390	0	0
XM_047941457.1	676	477	0	0
XM_047941458.1	459	260	0	0
XM_047941459.1	1331	1132	0	0
XM_047941460.1	1483	1284	0	0
XM_047941461.1	1401	1202	0	0
XM_047941462.1	1369	1170	0	0
XM_047941463.1	264	65.044	0	0
XM_047941464.1	444	245	0	0
XM_047941465.1	1206	1007	0	0
XM_047941466.1	1943	1744	0	0
XM_047941467.1	492	293	0	0
XM_047941468.1	2441	2242	0	0
XM_047941469.1	567	368	0	0
XM_047941470.1	294	95.0001	0	0
XM_047941471.1	2670	2471	0	0
XM_047941472.1	360	161	0	0
XM_047941473.1	585	386	0	0
XM_047941474.1	270	71.016	0	0
XM_047941475.1	561	362	0	0
XM_047941476.1	492	293	0	0
XM_047941477.1	2440	2241	0	0
XM_047941478.1	423	224	0	0
XM_047941479.1	1159	960	0	0
XM_047941480.1	2891	2692	0	0
XM_047941481.1	360	161	0	0
XM_047941482.1	354	155	0	0
XM_047941483.1	2097	1898	0	0
XM_047941484.1	1242	1043	0	0
XM_047941485.1	460	261	0	0
XM_047941486.1	4436	4237	0	0
XM_047941487.1	381	182	0	0
XM_047941488.1	1032	833	0	0
XM_047941489.1	1539	1340	0	0
XM_047941490.1	321	122	0	0
XM_047941491.1	255	56.1701	0	0
XM_047941492.1	276	77.0053	0	0
XM_047941493.1	1732	1533	0	0
XM_047941494.1	816	617	0	0
XM_047941495.1	294	95.0001	0	0
XM_047941496.1	1617	1418	0	0
XM_047941497.1	798	599	0	0
XM_047941498.1	2120	1921	0	0
XM_047941499.1	1752	1553	0	0
XM_047941500.1	625	426	0	0
XM_047941501.1	1531	1332	0	0
XM_047941502.1	603	404	0	0
XM_047941503.1	594	395	0	0
XM_047941504.1	393	194	0	0
XM_047941505.1	1308	1109	0	0
XM_047941506.1	1386	1187	0	0
XM_047941507.1	1356	1157	0	0
XM_047941508.1	2145	1946	0	0
XM_047941509.1	564	365	0	0
XM_047941510.1	1476	1277	0	0
XM_047941511.1	3707	3508	0	0
XM_047941512.1	3818	3619	0	0
XM_047941513.1	3795	3596	0	0
XM_047941514.1	1836	1637	0	0
XM_047941515.1	663	464	0	0
XM_047941516.1	1161	962	0	0
XM_047941517.1	2151	1952	0	0
XM_047941518.1	1434	1235	0	0
XM_047941519.1	3557	3358	0	0
XM_047941520.1	813	614	0	0
XM_047941521.1	2399	2200	0	0
XM_047941522.1	213	22.4695	0	0
XM_047941523.1	2628	2429	0	0
XM_047941524.1	2111	1912	0	0
XM_047941525.1	4571	4372	0	0
XM_047941526.1	864	665	0	0
XM_047941527.1	840	641	0	0
XM_047941528.1	1011	812	0	0
XM_047941529.1	1110	911	0	0
XM_047941530.1	1347	1148	0	0
XM_047941531.1	1344	1145	0	0
XM_047941532.1	1359	1160	0	0
XM_047941533.1	405	206	0	0
XM_047941534.1	1812	1613	0	0
XM_047941535.1	1167	968	0	0
XM_047941536.1	1184	985	0	0
XM_047941537.1	1685	1486	0	0
XM_047941538.1	1851	1652	0	0
XM_047941539.1	2051	1852	0	0
XM_047941540.1	3194	2995	0	0
XM_047941541.1	2641	2442	0	0
XM_047941542.1	1188	989	0	0
XM_047941543.1	213	22.4695	0	0
XM_047941544.1	1090	891	0	0
XM_047941545.1	402	203	0	0
XM_047941546.1	2042	1843	0	0
XM_047941547.1	1963	1764	0	0
XM_047941548.1	817	618	0	0
XM_047941549.1	1670	1471	0	0
XM_047941550.1	1059	860	0	0
XM_047941551.1	504	305	0	0
XM_047941552.1	468	269	0	0
XM_047941553.1	255	56.1701	0	0
XM_047941554.1	297	98.0001	0	0
XM_047941555.1	438	239	0	0
XM_047941556.1	771	572	0	0
XM_047941557.1	255	56.1701	0	0
XM_047941558.1	1830	1631	0	0
XM_047941559.1	1647	1448	0	0
XM_047941560.1	786	587	0	0
XM_047941561.1	660	461	0	0
XM_047941562.1	384	185	0	0
XM_047941563.1	1940	1741	0	0
XM_047941564.1	252	53.2554	0	0
XM_047941565.1	315	116	0	0
XM_047941566.1	4706	4507	0	0
XM_047941567.1	3335	3136	0	0
XM_047941568.1	1754	1555	0	0
XM_047941569.1	1137	938	0	0
XM_047941570.1	4840	4641	0	0
XM_047941571.1	1436	1237	0	0
XM_047941572.1	1907	1708	0	0
XM_047941573.1	1646	1447	0	0
XM_047941574.1	3044	2845	0	0
XM_047941575.1	219	25.9389	0	0
XM_047941576.1	1158	959	0	0
XM_047941577.1	1104	905	0	0
XM_047941578.1	1170	971	0	0
XM_047941579.1	2116	1917	0	0
XM_047941580.1	1077	878	0	0
XM_047941581.1	243	44.7603	0	0
XM_047941582.1	1560	1361	0	0
XM_047941583.1	297	98.0001	0	0
XM_047941584.1	630	431	0	0
XM_047941585.1	892	693	0	0
XM_047941586.1	1006	807	0	0
XM_047941587.1	582	383	0	0
XM_047941588.1	516	317	0	0
XM_047941589.1	1296	1097	0	0
XM_047941590.1	1374	1175	0	0
XM_047941591.1	1521	1322	0	0
XM_047941592.1	573	374	0	0
XM_047941593.1	1314	1115	0	0
XM_047941594.1	333	134	0	0
XM_047941595.1	750	551	0	0
XM_047941596.1	1171	972	0	0
XM_047941597.1	1383	1184	0	0
XM_047941598.1	2913	2714	0	0
XM_047941599.1	1133	934	0	0
XM_047941600.1	2201	2002	0	0
XM_047941601.1	2297	2098	0	0
XM_047941602.1	1738	1539	0	0
XM_047941603.1	2253	2054	0	0
XM_047941604.1	189	13.1915	0	0
XM_047941605.1	1257	1058	0	0
XM_047941606.1	483	284	0	0
XM_047941607.1	870	671	0	0
XM_047941608.1	1455	1256	0	0
XM_047941609.1	1014	815	0	0
XM_047941610.1	924	725	0	0
XM_047941611.1	489	290	0	0
XM_047941612.1	312	113	0	0
XM_047941613.1	447	248	0	0
XM_047941614.1	273	74.0093	0	0
XM_047941615.1	5244	5045	0	0
XM_047941616.1	2058	1859	0	0
XM_047941617.1	2097	1898	0	0
XM_047941618.1	237	39.4185	0	0
XM_047941619.1	1077	878	0	0
XM_047941620.1	1083	884	0	0
XM_047941621.1	2459	2260	0	0
XM_047941622.1	1491	1292	0	0
XM_047941623.1	1494	1295	0	0
XM_047941624.1	1047	848	0	0
XM_047941625.1	2691	2492	0	0
XM_047941626.1	937	738	0	0
XM_047941627.1	1782	1583	0	0
XM_047941628.1	1439	1240	0	0
XM_047941629.1	459	260	0	0
XM_047941630.1	510	311	0	0
XM_047941631.1	419	220	0	0
XM_047941632.1	2058	1859	0	0
XM_047941633.1	2112	1913	0	0
XM_047941634.1	1543	1344	0	0
XM_047941635.1	1529	1330	0	0
XM_047941636.1	1882	1683	0	0
XM_047941637.1	1567	1368	0	0
XM_047941638.1	1557	1358	0	0
XM_047941639.1	1997	1798	0	0
XM_047941640.1	2077	1878	0	0
XM_047941641.1	1294	1095	0	0
XM_047941642.1	3992	3793	0	0
XM_047941643.1	4331	4132	0	0
XM_047941644.1	657	458	0	0
XM_047941645.1	1191	992	0	0
XM_047941646.1	1002	803	0	0
XM_047941647.1	1497	1298	0	0
XM_047941648.1	417	218	0	0
XM_047941649.1	273	74.0093	0	0
XM_047941650.1	540	341	0	0
XM_047941651.1	1122	923	0	0
XM_047941652.1	1693	1494	0	0
XM_047941653.1	1774	1575	0	0
XM_047941654.1	1587	1388	0	0
XM_047941655.1	1876	1677	0	0
XM_047941656.1	390	191	0	0
XM_047941657.1	2918	2719	0	0
XM_047941658.1	1221	1022	0	0
XM_047941659.1	312	113	0	0
XM_047941660.1	3012	2813	0	0
XM_047941661.1	936	737	0	0
XM_047941662.1	1033	834	0	0
XM_047941663.1	1596	1397	0	0
XM_047941664.1	6471	6272	0	0
XM_047941665.1	381	182	0	0
XM_047941666.1	2026	1827	0	0
XM_047941667.1	1593	1394	0	0
XM_047941668.1	744	545	0	0
XM_047941669.1	2263	2064	0	0
XM_047941670.1	1875	1676	0	0
XM_047941671.1	225	29.9375	0	0
XM_047941672.1	3738	3539	0	0
XM_047941673.1	498	299	0	0
XM_047941674.1	384	185	0	0
XM_047941675.1	900	701	0	0
XM_047941676.1	759	560	0	0
XM_047941677.1	627	428	0	0
XM_047941678.1	1266	1067	0	0
XM_047941679.1	6683	6484	0	0
XM_047941680.1	570	371	0	0
XM_047941681.1	1422	1223	0	0
XM_047941682.1	210	20.9285	0	0
XM_047941683.1	2676	2477	0	0
XM_047941684.1	2051	1852	0	0
XM_047941685.1	1527	1328	0	0
XM_047941686.1	2076	1877	0	0
XM_047941687.1	1803	1604	0	0
XM_047941688.1	1644	1445	0	0
XM_047941689.1	1586	1387	0	0
XM_047941690.1	1473	1274	0	0
XM_047941691.1	435	236	0	0
XM_047941692.1	303	104	0	0
XM_047941693.1	3295	3096	0	0
XM_047941694.1	1958	1759	0	0
XM_047941695.1	1037	838	0	0
XM_047941696.1	1165	966	0	0
XM_047941697.1	300	101	0	0
XM_047941698.1	1617	1418	0	0
XM_047941699.1	1437	1238	0	0
XM_047941700.1	714	515	0	0
XM_047941701.1	1131	932	0	0
XM_047941702.1	171	9.50903	0	0
XM_047941703.1	2059	1860	0	0
XM_047941704.1	798	599	0	0
XM_047941705.1	2631	2432	0	0
XM_047941706.1	1348	1149	0	0
XM_047941707.1	1475	1276	0	0
XM_047941708.1	1112	913	0	0
XM_047941709.1	285	86.0009	0	0
XM_047941710.1	1123	924	0	0
XM_047941711.1	399	200	0	0
XM_047941712.1	411	212	0	0
XM_047941713.1	3164	2965	0	0
XM_047941714.1	3075	2876	0	0
XM_047941715.1	357	158	0	0
XM_047941716.1	2675	2476	0	0
XM_047941717.1	282	83.0016	0	0
XM_047941718.1	690	491	0	0
XM_047941719.1	393	194	0	0
XM_047941720.1	1221	1022	0	0
XM_047941721.1	2113	1914	0	0
XM_047941722.1	333	134	0	0
XM_047941723.1	735	536	0	0
XM_047941724.1	717	518	0	0
XM_047941725.1	1653	1454	0	0
XM_047941726.1	315	116	0	0
XM_047941727.1	1476	1277	0	0
XM_047941728.1	1513	1314	0	0
XM_047941729.1	3192	2993	0	0
XM_047941730.1	3507	3308	0	0
XM_047941731.1	630	431	0	0
XM_047941732.1	498	299	0	0
XM_047941733.1	2116	1917	0	0
XM_047941734.1	2140	1941	0	0
XM_047941735.1	1850	1651	0	0
XM_047941736.1	372	173	0	0
XM_047941737.1	567	368	0	0
XM_047941738.1	1066	867	0	0
XM_047941739.1	879	680	0	0
XM_047941740.1	501	302	0	0
XM_047941741.1	1889	1690	0	0
XM_047941742.1	159	7.91627	0	0
XM_047941743.1	333	134	0	0
XM_047941744.1	1083	884	0	0
XM_047941745.1	675	476	0	0
XM_047941746.1	2666	2467	0	0
XM_047941747.1	1623	1424	0	0
XM_047941748.1	1029	830	0	0
XM_047941749.1	819	620	0	0
XM_047941750.1	1410	1211	0	0
XM_047941751.1	3612	3413	0	0
XM_047941752.1	600	401	0	0
XM_047941753.1	819	620	0	0
XM_047941754.1	1611	1412	0	0
XM_047941755.1	5454	5255	0	0
XM_047941756.1	1209	1010	0	0
XM_047941757.1	6772	6573	0	0
XM_047941758.1	1307	1108	0	0
XM_047941759.1	468	269	0	0
XM_047941760.1	396	197	0	0
XM_047941761.1	3965	3766	1	1002.31
XM_047941762.1	1002	803	0	0
XM_047941763.1	756	557	1	6776.86
XM_047941764.1	237	39.4185	0	0
XM_047941765.1	933	734	0	0
XM_047941766.1	1465	1266	0	0
XM_047941767.1	1512	1313	0	0
XM_047941768.1	609	410	0	0
XM_047941769.1	1553	1354	0	0
XM_047941770.1	2283	2084	0	0
XM_047941771.1	441	242	0	0
XM_047941772.1	2006	1807	0	0
XM_047941773.1	1305	1106	0	0
XM_047941774.1	1833	1634	0	0
XM_047941775.1	2846	2647	0	0
XM_047941776.1	1751	1552	0	0
XM_047941777.1	2046	1847	0	0
XM_047941778.1	845	646	0	0
XM_047941779.1	1328	1129	0	0
XM_047941780.1	3991	3792	0	0
XM_047941781.1	4074	3875	0	0
XM_047941782.1	3563	3364	0	0
XM_047941783.1	1840	1641	0	0
XM_047941784.1	2299	2100	0	0
XM_047941785.1	1836	1637	0	0
XM_047941786.1	1631	1432	0	0
XM_047941787.1	2725	2526	0	0
XM_047941788.1	1440	1241	0	0
XM_047941789.1	2156	1957	0	0
XM_047941790.1	1525	1326	0	0
XM_047941791.1	1903	1704	0	0
XM_047941792.1	2976	2777	0	0
XM_047941793.1	1858	1659	0	0
XM_047941794.1	1254	1055	0	0
XM_047941795.1	1043	844	0	0
XM_047941796.1	258	59.1108	0	0
XM_047941797.1	1164	965	0	0
XM_047941798.1	939	740	0	0
XM_047941799.1	1665	1466	0	0
XM_047941800.1	792	593	0	0
XM_047941801.1	2710	2511	0	0
XM_047941802.1	2173	1974	0	0
XM_047941803.1	639	440	0	0
XM_047941804.1	1179	980	0	0
XM_047941805.1	345	146	0	0
XM_047941806.1	1230	1031	0	0
XM_047941807.1	184	11.965	0	0
XM_047941808.1	357	158	0	0
XM_047941809.1	171	9.50903	0	0
XM_047941810.1	522	323	0	0
XM_047941811.1	831	632	0	0
XM_047941812.1	722	523	0	0
XM_047941813.1	357	158	0	0
XM_047941814.1	1461	1262	0	0
XM_047941815.1	794	595	0	0
XM_047941816.1	822	623	0	0
XM_047941817.1	1094	895	0	0
XM_047941818.1	1219	1020	0	0
XM_047941819.1	2130	1931	0	0
XM_047941820.1	267	68.0268	0	0
XM_047941821.1	882	683	0	0
XM_047941822.1	1874	1675	0	0
XM_047941823.1	3245	3046	0	0
XM_047941824.1	1949	1750	0	0
XM_047941825.1	261	62.0706	0	0
XM_047941826.1	261	62.0706	0	0
XM_047941827.1	1240	1041	0	0
XM_047941828.1	1460	1261	0	0
XM_047941829.1	1966	1767	0	0
XM_047941830.1	495	296	0	0
XM_047941831.1	2880	2681	0	0
XM_047941832.1	905	706	0	0
XM_047941833.1	1587	1388	0	0
XM_047941834.1	725	526	0	0
XM_047941835.1	402	203	0	0
XM_047941836.1	1315	1116	0	0
XM_047941837.1	1064	865	0	0
XM_047941838.1	909	710	0	0
XM_047941839.1	1062	863	0	0
XM_047941840.1	1599	1400	0	0
XM_047941841.1	1313	1114	0	0
XM_047941842.1	1716	1517	0	0
XM_047941843.1	1814	1615	0	0
XM_047941844.1	2071	1872	0	0
XM_047941845.1	2160	1961	0	0
XM_047941846.1	2022	1823	0	0
XM_047941847.1	441	242	0	0
XM_047941848.1	1769	1570	0	0
XM_047941849.1	2968	2769	0	0
XM_047941850.1	1417	1218	0	0
XM_047941851.1	2178	1979	0	0
XM_047941852.1	1329	1130	0	0
XM_047941853.1	1455	1256	0	0
XM_047941854.1	849	650	0	0
XM_047941855.1	2570	2371	0	0
XM_047941856.1	2379	2180	0	0
XM_047941857.1	1077	878	0	0
XM_047941858.1	279	80.003	0	0
XM_047941859.1	1868	1669	0	0
XM_047941860.1	2209	2010	0	0
XM_047941861.1	1980	1781	0	0
XM_047941862.1	780	581	0	0
XM_047941863.1	456	257	0	0
XM_047941864.1	1661	1462	0	0
XM_047941865.1	1547	1348	0	0
XM_047941866.1	1744	1545	0	0
XM_047941867.1	1579	1380	0	0
XM_047941868.1	480	281	0	0
XM_047941869.1	1026	827	0	0
XM_047941870.1	358	159	0	0
XM_047941871.1	1020	821	0	0
XM_047941872.1	1332	1133	0	0
XM_047941873.1	2265	2066	0	0
XM_047941874.1	1635	1436	0	0
XM_047941875.1	438	239	0	0
XM_047941876.1	1385	1186	0	0
XM_047941877.1	3242	3043	0	0
XM_047941878.1	1958	1759	0	0
XM_047941879.1	4161	3962	0	0
XM_047941880.1	1111	912	0	0
XM_047941881.1	397	198	0	0
XM_047941882.1	1223	1024	0	0
XM_047941883.1	1584	1385	0	0
XM_047941884.1	1014	815	0	0
XM_047941885.1	423	224	0	0
XM_047941886.1	525	326	0	0
XM_047941887.1	918	719	0	0
XM_047941888.1	543	344	0	0
XM_047941889.1	2768	2569	0	0
XM_047941890.1	1440	1241	0	0
XM_047941891.1	1398	1199	0	0
XM_047941892.1	1003	804	0	0
XM_047941893.1	417	218	0	0
XM_047941894.1	3256	3057	0	0
XM_047941895.1	1992	1793	0	0
XM_047941896.1	1482	1283	0	0
XM_047941897.1	2314	2115	0	0
XM_047941898.1	2533	2334	0	0
XM_047941899.1	1167	968	0	0
XM_047941900.1	1122	923	0	0
XM_047941901.1	561	362	0	0
XM_047941902.1	855	656	0	0
XM_047941903.1	3738	3539	0	0
XM_047941904.1	1611	1412	0	0
XM_047941905.1	3216	3017	0	0
XM_047941906.1	2779	2580	0	0
XM_047941907.1	1212	1013	0	0
XM_047941908.1	1937	1738	0	0
XM_047941909.1	1701	1502	0	0
XM_047941910.1	1622	1423	0	0
XM_047941911.1	1392	1193	0	0
XM_047941912.1	972	773	0	0
XM_047941913.1	5468	5269	0	0
XM_047941914.1	1906	1707	0	0
XM_047941915.1	2155	1956	0	0
XM_047941916.1	1761	1562	0	0
XM_047941917.1	435	236	0	0
XM_047941918.1	765	566	0	0
XM_047941919.1	2556	2357	0	0
XM_047941920.1	1257	1058	0	0
XM_047941921.1	2629	2430	0	0
XM_047941922.1	765	566	0	0
XM_047941923.1	300	101	0	0
XM_047941924.1	1344	1145	0	0
XM_047941925.1	1371	1172	0	0
XM_047941926.1	1224	1025	0	0
XM_047941927.1	1281	1082	0	0
XM_047941928.1	276	77.0053	0	0
XM_047941929.1	1302	1103	0	0
XM_047941930.1	678	479	0	0
XM_047941931.1	426	227	0	0
XM_047941932.1	1630	1431	0	0
XM_047941933.1	2379	2180	0	0
XM_047941934.1	1224	1025	0	0
XM_047941935.1	2047	1848	0	0
XM_047941936.1	1423	1224	0	0
XM_047941937.1	1413	1214	0	0
XM_047941938.1	1296	1097	0	0
XM_047941939.1	1260	1061	0	0
XM_047941940.1	1110	911	0	0
XM_047941941.1	315	116	0	0
XM_047941942.1	2007	1808	0	0
XM_047941943.1	2302	2103	0	0
XM_047941944.1	240	42.049	0	0
XM_047941945.1	1221	1022	0	0
XM_047941946.1	204	18.2087	0	0
XM_047941947.1	1639	1440	0	0
XM_047941948.1	1860	1661	0	0
XM_047941949.1	801	602	0	0
XM_047941950.1	933	734	0	0
XM_047941951.1	1972	1773	0	0
XM_047941952.1	912	713	0	0
XM_047941953.1	1158	959	0	0
XM_047941954.1	1486	1287	0	0
XM_047941955.1	1170	971	0	0
XM_047941956.1	1599	1400	0	0
XM_047941957.1	1112	913	0	0
XM_047941958.1	624	425	0	0
XM_047941959.1	621	422	0	0
XM_047941960.1	333	134	0	0
XM_047941961.1	952	753	0	0
XM_047941962.1	504	305	0	0
XM_047941963.1	2079	1880	0	0
XM_047941964.1	654	455	0	0
XM_047941965.1	975	776	0	0
XM_047941966.1	567	368	0	0
XM_047941967.1	621	422	0	0
XM_047941968.1	348	149	0	0
XM_047941969.1	621	422	0	0
XM_047941970.1	1086	887	0	0
XM_047941971.1	1063	864	0	0
XM_047941972.1	2363	2164	0	0
XM_047941973.1	1850	1651	0	0
XM_047941974.1	861	662	0	0
XM_047941975.1	2250	2051	0	0
XM_047941976.1	2394	2195	0	0
XM_047941977.1	1218	1019	0	0
XM_047941978.1	3390	3191	0	0
XM_047941979.1	330	131	0	0
XM_047941980.1	474	275	0	0
XM_047941981.1	2766	2567	0	0
XM_047941982.1	1047	848	0	0
XM_047941983.1	2727	2528	0	0
XM_047941984.1	213	22.4695	0	0
XM_047941985.1	705	506	0	0
XM_047941986.1	172	9.667	0	0
XM_047941987.1	1479	1280	0	0
XM_047941988.1	2715	2516	0	0
XM_047941989.1	1647	1448	0	0
XM_047941990.1	1050	851	0	0
XM_047941991.1	1881	1682	0	0
XM_047941992.1	885	686	0	0
XM_047941993.1	3072	2873	0	0
XM_047941994.1	243	44.7603	0	0
XM_047941995.1	837	638	0	0
XM_047941996.1	1193	994	0	0
XM_047941997.1	4527	4328	0	0
XM_047941998.1	288	89.0004	0	0
XM_047941999.1	492	293	0	0
XM_047942000.1	663	464	0	0
XM_047942001.1	948	749	0	0
XM_047942002.1	597	398	0	0
XM_047942003.1	354	155	0	0
XM_047942004.1	2999	2800	0	0
XM_047942005.1	1884	1685	0	0
XM_047942006.1	2004	1805	0	0
XM_047942007.1	450	251	0	0
XM_047942008.1	1951	1752	0	0
XM_047942009.1	1366	1167	0	0
XM_047942010.1	1900	1701	0	0
XM_047942011.1	2109	1910	0	0
XM_047942012.1	4068	3869	0	0
XM_047942013.1	4082	3883	0	0
XM_047942014.1	5432	5233	0	0
XM_047942015.1	459	260	0	0
XM_047942016.1	486	287	0	0
XM_047942017.1	2034	1835	0	0
XM_047942018.1	1647	1448	0	0
XM_047942019.1	852	653	0	0
XM_047942020.1	1856	1657	0	0
XM_047942021.1	2096	1897	0	0
XM_047942022.1	1455	1256	0	0
XM_047942023.1	1695	1496	0	0
XM_047942024.1	342	143	0	0
XM_047942025.1	1092	893	0	0
XM_047942026.1	522	323	0	0
XM_047942027.1	668	469	0	0
XM_047942028.1	549	350	0	0
XM_047942029.1	1518	1319	0	0
XM_047942030.1	903	704	0	0
XM_047942031.1	447	248	0	0
XM_047942032.1	910	711	0	0
XM_047942033.1	825	626	0	0
XM_047942034.1	3333	3134	0	0
XM_047942035.1	3721	3522	0	0
XM_047942036.1	2972	2773	0	0
XM_047942037.1	3194	2995	0	0
XM_047942038.1	330	131	0	0
XM_047942039.1	2664	2465	0	0
XM_047942040.1	2812	2613	0	0
XM_047942041.1	2735	2536	0	0
XM_047942042.1	2251	2052	0	0
XM_047942043.1	1583	1384	0	0
XM_047942044.1	1134	935	0	0
XM_047942045.1	435	236	0	0
XM_047942046.1	1062	863	0	0
XM_047942047.1	501	302	0	0
XM_047942048.1	480	281	0	0
XM_047942049.1	1575	1376	0	0
XM_047942050.1	570	371	0	0
XM_047942051.1	483	284	0	0
XM_047942052.1	546	347	0	0
XM_047942053.1	3924	3725	0	0
XM_047942054.1	1221	1022	0	0
XM_047942055.1	2097	1898	0	0
XM_047942056.1	519	320	0	0
XM_047942057.1	366	167	0	0
XM_047942058.1	3438	3239	0	0
XM_047942059.1	297	98.0001	0	0
XM_047942060.1	2954	2755	2	2740.26
XM_047942061.1	1152	953	0	0
XM_047942062.1	1323	1124	0	0
XM_047942063.1	291	92.0002	0	0
XM_047942064.1	400	201	0	0
XM_047942065.1	2258	2059	0	0
XM_047942066.1	2669	2470	0	0
XM_047942067.1	2227	2028	0	0
XM_047942068.1	1928	1729	0	0
XM_047942069.1	1002	803	0	0
XM_047942070.1	1116	917	0	0
XM_047942071.1	4348	4149	0	0
XM_047942072.1	3550	3351	0	0
XM_047942073.1	714	515	0	0
XM_047942074.1	831	632	0	0
XM_047942075.1	849	650	0	0
XM_047942076.1	919	720	0	0
XM_047942077.1	1854	1655	0	0
XM_047942078.1	1131	932	0	0
XM_047942079.1	1173	974	0	0
XM_047942080.1	2614	2415	0	0
XM_047942081.1	718	519	0	0
XM_047942082.1	1925	1726	0	0
XM_047942083.1	1367	1168	0	0
XM_047942084.1	2603	2404	0	0
XM_047942085.1	399	200	0	0
XM_047942086.1	246	47.5399	0	0
XM_047942087.1	669	470	0	0
XM_047942088.1	840	641	0	0
XM_047942089.1	297	98.0001	0	0
XM_047942090.1	378	179	0	0
XM_047942091.1	1254	1055	0	0
XM_047942092.1	3279	3080	0	0
XM_047942093.1	942	743	0	0
XM_047942094.1	1008	809	0	0
XM_047942095.1	458	259	0	0
XM_047942096.1	980	781	0	0
XM_047942097.1	291	92.0002	0	0
XM_047942098.1	228	32.1317	0	0
XM_047942099.1	498	299	0	0
XM_047942100.1	1143	944	0	0
XM_047942101.1	249	50.3754	0	0
XM_047942102.1	168	9.06081	0	0
XM_047942103.1	477	278	0	0
XM_047942104.1	474	275	0	0
XM_047942105.1	711	512	1.45474	10725
XM_047942106.1	249	50.3754	0	0
XM_047942107.1	747	548	0	0
XM_047942108.1	396	197	0	0
XM_047942109.1	2086	1887	0	0
XM_047942110.1	2102	1903	0	0
XM_047942111.1	1488	1289	0	0
XM_047942112.1	687	488	0	0
XM_047942113.1	2177	1978	0	0
XM_047942114.1	695	496	0	0
XM_047942115.1	213	22.4695	0	0
XM_047942116.1	306	107	0	0
XM_047942117.1	300	101	0	0
XM_047942118.1	306	107	0	0
XM_047942119.1	1501	1302	0	0
XM_047942120.1	2768	2569	0	0
XM_047942121.1	2715	2516	0	0
XM_047942122.1	1217	1018	0	0
XM_047942123.1	2243	2044	0	0
XM_047942124.1	807	608	0	0
XM_047942125.1	642	443	0	0
XM_047942126.1	1205	1006	0	0
XM_047942127.1	1387	1188	0	0
XM_047942128.1	1212	1013	0	0
XM_047942129.1	1574	1375	0	0
XM_047942130.1	1269	1070	0	0
XM_047942131.1	2050	1851	0	0
XM_047942132.1	1980	1781	0	0
XM_047942133.1	570	371	0	0
XM_047942134.1	3685	3486	0	0
XM_047942135.1	1010	811	0	0
XM_047942136.1	1422	1223	1	3086.44
XM_047942137.1	1053	854	0	0
XM_047942138.1	801	602	0	0
XM_047942139.1	996	797	0	0
XM_047942140.1	399	200	0	0
XM_047942141.1	1077	878	0	0
XM_047942142.1	924	725	0	0
XM_047942143.1	483	284	0	0
XM_047942144.1	1698	1499	0	0
XM_047942145.1	1332	1133	0	0
XM_047942146.1	363	164	0	0
XM_047942147.1	900	701	0	0
XM_047942148.1	306	107	0	0
XM_047942149.1	273	74.0093	0	0
XM_047942150.1	3804	3605	0	0
XM_047942151.1	6923	6724	0	0
XM_047942152.1	4210	4011	0	0
XM_047942153.1	5323	5124	0	0
XM_047942154.1	1089	890	0	0
XM_047942155.1	1308	1109	0	0
XM_047942156.1	309	110	0	0
XM_047942157.1	1227	1028	0	0
XM_047942158.1	480	281	0	0
XM_047942159.1	889	690	0	0
XM_047942160.1	954	755	0	0
XM_047942161.1	516	317	0	0
XM_047942162.1	3528	3329	1	1133.89
XM_047942163.1	243	44.7603	0	0
XM_047942164.1	1051	852	0	0
XM_047942165.1	3259	3060	0	0
XM_047942166.1	1779	1580	0	0
XM_047942167.1	1473	1274	0	0
XM_047942168.1	327	128	0	0
XM_047942169.1	392	193	0	0
XM_047942170.1	747	548	0	0
XM_047942171.1	4908	4709	0	0
XM_047942172.1	1381	1182	0	0
XM_047942173.1	2219	2020	0	0
XM_047942174.1	2427	2228	0	0
XM_047942175.1	2629	2430	0	0
XM_047942176.1	705	506	0	0
XM_047942177.1	459	260	0	0
XM_047942178.1	3163	2964	0	0
XM_047942179.1	333	134	0	0
XM_047942180.1	1002	803	0	0
XM_047942181.1	3355	3156	0	0
XM_047942182.1	1416	1217	0	0
XM_047942183.1	1560	1361	0	0
XM_047942184.1	2544	2345	0	0
XM_047942185.1	1368	1169	0	0
XM_047942186.1	2343	2144	0	0
XM_047942187.1	2552	2353	0	0
XM_047942188.1	1985	1786	0	0
XM_047942189.1	2445	2246	0	0
XM_047942190.1	3189	2990	0	0
XM_047942191.1	1585	1386	0	0
XM_047942192.1	1028	829	0	0
XM_047942193.1	898	699	0	0
XM_047942194.1	953	754	0	0
XM_047942195.1	1611	1412	0	0
XM_047942196.1	912	713	0	0
XM_047942197.1	375	176	0	0
XM_047942198.1	426	227	0	0
XM_047942199.1	321	122	0	0
XM_047942200.1	306	107	0	0
XM_047942201.1	2345	2146	0	0
XM_047942202.1	1840	1641	0	0
XM_047942203.1	588	389	0	0
XM_047942204.1	1247	1048	0	0
XM_047942205.1	1056	857	0	0
XM_047942206.1	6692	6493	0	0
XM_047942207.1	6759	6560	0	0
XM_047942208.1	6758	6559	0	0
XM_047942209.1	6795	6596	0	0
XM_047942210.1	2066	1867	0	0
XM_047942211.1	1078	879	0	0
XM_047942212.1	3750	3551	0	0
XM_047942213.1	1410	1211	0	0
XM_047942214.1	690	491	0	0
XM_047942215.1	1596	1397	0	0
XM_047942216.1	1146	947	0	0
XM_047942217.1	848	649	0	0
XM_047942218.1	1149	950	0	0
XM_047942219.1	744	545	0	0
XM_047942220.1	339	140	0	0
XM_047942221.1	354	155	0	0
XM_047942222.1	1470	1271	0	0
XM_047942223.1	1149	950	0	0
XM_047942224.1	825	626	0	0
XM_047942225.1	2154	1955	0	0
XM_047942226.1	1788	1589	0	0
XM_047942227.1	2183	1984	0	0
XM_047942228.1	1689	1490	0	0
XM_047942229.1	630	431	0	0
XM_047942230.1	3255	3056	0	0
XM_047942231.1	753	554	0	0
XM_047942232.1	612	413	0	0
XM_047942233.1	2384	2185	0	0
XM_047942234.1	1959	1760	0	0
XM_047942235.1	4104	3905	0	0
XM_047942236.1	4283	4084	0	0
XM_047942237.1	534	335	0	0
XM_047942238.1	1918	1719	0	0
XM_047942239.1	1982	1783	0	0
XM_047942240.1	216	24.1385	0	0
XM_047942241.1	777	578	0	0
XM_047942242.1	5781	5582	0	0
XM_047942243.1	645	446	0	0
XM_047942244.1	339	140	0	0
XM_047942245.1	1940	1741	0	0
XM_047942246.1	3024	2825	0	0
XM_047942247.1	2969	2770	0	0
XM_047942248.1	2974	2775	0	0
XM_047942249.1	2623	2424	0	0
XM_047942250.1	255	56.1701	0	0
XM_047942251.1	201	17.0167	0	0
XM_047942252.1	498	299	0	0
XM_047942253.1	2445	2246	0	0
XM_047942254.1	966	767	0	0
XM_047942255.1	798	599	0	0
XM_047942256.1	657	458	0	0
XM_047942257.1	1326	1127	0	0
XM_047942258.1	354	155	0	0
XM_047942259.1	255	56.1701	0	0
XM_047942260.1	342	143	0	0
XM_047942261.1	1407	1208	0	0
XM_047942262.1	2436	2237	0	0
XM_047942263.1	321	122	0	0
XM_047942264.1	1701	1502	0	0
XM_047942265.1	777	578	0	0
XM_047942266.1	551	352	0	0
XM_047942267.1	2934	2735	0	0
XM_047942268.1	471	272	0	0
XM_047942269.1	2314	2115	0	0
XM_047942270.1	2184	1985	2	3803.24
XM_047942271.1	2565	2366	0	0
XM_047942272.1	1251	1052	0	0
XM_047942273.1	432	233	0	0
XM_047942274.1	189	13.1915	0	0
XM_047942275.1	1932	1733	0	0
XM_047942276.1	435	236	0	0
XM_047942277.1	237	39.4185	0	0
XM_047942278.1	3245	3046	0	0
XM_047942279.1	1601	1402	0	0
XM_047942280.1	972	773	0	0
XM_047942281.1	438	239	0	0
XM_047942282.1	456	257	0	0
XM_047942283.1	1398	1199	0	0
XM_047942284.1	1413	1214	0	0
XM_047942285.1	2011	1812	0	0
XM_047942286.1	1674	1475	0	0
XM_047942287.1	1275	1076	0	0
XM_047942288.1	327	128	0	0
XM_047942289.1	2380	2181	0	0
XM_047942290.1	201	17.0167	0	0
XM_047942291.1	663	464	0	0
XM_047942292.1	1743	1544	0	0
XM_047942293.1	3331	3132	0	0
XM_047942294.1	2618	2419	0	0
XM_047942295.1	471	272	0	0
XM_047942296.1	1613	1414	0	0
XM_047942297.1	1909	1710	0	0
XM_047942298.1	3160	2961	0	0
XM_047942299.1	687	488	0	0
XM_047942300.1	1266	1067	0	0
XM_047942301.1	666	467	0	0
XM_047942302.1	969	770	0	0
XM_047942303.1	645	446	0	0
XM_047942304.1	1827	1628	0	0
XM_047942305.1	1173	974	0	0
XM_047942306.1	189	13.1915	0	0
XM_047942307.1	471	272	0	0
XM_047942308.1	1278	1079	0	0
XM_047942309.1	1726	1527	0	0
XM_047942310.1	597	398	0	0
XM_047942311.1	1037	838	0	0
XM_047942312.1	591	392	0	0
XM_047942313.1	444	245	0	0
XM_047942314.1	1902	1703	0	0
XM_047942315.1	1209	1010	0	0
XM_047942316.1	582	383	0	0
XM_047942317.1	396	197	0	0
XM_047942318.1	972	773	0	0
XM_047942319.1	366	167	0	0
XM_047942320.1	408	209	0	0
XM_047942321.1	957	758	0	0
XM_047942322.1	750	551	0	0
XM_047942323.1	789	590	0	0
XM_047942324.1	459	260	0	0
XM_047942325.1	276	77.0053	0	0
XM_047942326.1	1374	1175	0	0
XM_047942327.1	1695	1496	0	0
XM_047942328.1	351	152	0	0
XM_047942329.1	2550	2351	0	0
XM_047942330.1	1779	1580	0	0
XM_047942331.1	306	107	0	0
XM_047942332.1	909	710	0	0
XM_047942333.1	1590	1391	0	0
XM_047942334.1	1203	1004	0	0
XM_047942335.1	1347	1148	0	0
XM_047942336.1	943	744	0	0
XM_047942337.1	435	236	0	0
XM_047942338.1	2373	2174	0	0
XM_047942339.1	4332	4133	0	0
XM_047942340.1	1302	1103	0	0
XM_047942341.1	1983	1784	0	0
XM_047942342.1	509	310	0	0
XM_047942343.1	831	632	0	0
XM_047942344.1	1943	1744	0	0
XM_047942345.1	567	368	0	0
XM_047942346.1	2464	2265	0	0
XM_047942347.1	3343	3144	0	0
XM_047942348.1	2307	2108	0	0
XM_047942349.1	1971	1772	0	0
XM_047942350.1	2094	1895	0	0
XM_047942351.1	2857	2658	0	0
XM_047942352.1	1202	1003	0	0
XM_047942353.1	1608	1409	0	0
XM_047942354.1	1137	938	0	0
XM_047942355.1	1725	1526	0	0
XM_047942356.1	1813	1614	0	0
XM_047942357.1	2547	2348	0	0
XM_047942358.1	1158	959	0	0
XM_047942359.1	2062	1863	0	0
XM_047942360.1	1948	1749	0	0
XM_047942361.1	1880	1681	0	0
XM_047942362.1	2500	2301	1	1640.47
XM_047942363.1	2960	2761	0	0
XM_047942364.1	2506	2307	0	0
XM_047942365.1	1721	1522	0	0
XM_047942366.1	4328	4129	0	0
XM_047942367.1	1758	1559	0	0
XM_047942368.1	2208	2009	0	0
XM_047942369.1	1287	1088	0	0
XM_047942370.1	2331	2132	0	0
XM_047942371.1	2928	2729	0	0
XM_047942372.1	462	263	0	0
XM_047942373.1	2248	2049	0	0
XM_047942374.1	324	125	0	0
XM_047942375.1	312	113	0	0
XM_047942376.1	3124	2925	0	0
XM_047942377.1	2300	2101	0	0
XM_047942378.1	2742	2543	0	0
XM_047942379.1	1500	1301	0	0
XM_047942380.1	558	359	0	0
XM_047942381.1	1500	1301	0	0
XM_047942382.1	1849	1650	0	0
XM_047942383.1	1257	1058	0	0
XM_047942384.1	213	22.4695	0	0
XM_047942385.1	4104	3905	0	0
XM_047942386.1	1185	986	0	0
XM_047942387.1	942	743	0	0
XM_047942388.1	2457	2258	0	0
XM_047942389.1	5890	5691	0	0
XM_047942390.1	4712	4513	0	0
XM_047942391.1	426	227	0	0
XM_047942392.1	432	233	0	0
XM_047942393.1	1329	1130	0	0
XM_047942394.1	1497	1298	0	0
XM_047942395.1	432	233	0	0
XM_047942396.1	549	350	0	0
XM_047942397.1	1335	1136	0	0
XM_047942398.1	1269	1070	0	0
XM_047942399.1	333	134	0	0
XM_047942400.1	381	182	0	0
XM_047942401.1	3202	3003	0	0
XM_047942402.1	944	745	0	0
XM_047942403.1	4554	4355	0	0
XM_047942404.1	930	731	0	0
XM_047942405.1	1922	1723	0	0
XM_047942406.1	606	407	0	0
XM_047942407.1	207	19.5103	0	0
XM_047942408.1	450	251	0	0
XM_047942409.1	552	353	0	0
XM_047942410.1	345	146	0	0
XM_047942411.1	1464	1265	0	0
XM_047942412.1	1689	1490	0	0
XM_047942413.1	1656	1457	0	0
XM_047942414.1	1038	839	0	0
XM_047942415.1	408	209	0	0
XM_047942416.1	723	524	0	0
XM_047942417.1	381	182	0	0
XM_047942418.1	153	7.28986	0	0
XM_047942419.1	411	212	0	0
XM_047942420.1	1422	1223	0	0
XM_047942421.1	564	365	0	0
XM_047942422.1	378	179	0	0
XM_047942423.1	621	422	0	0
XM_047942424.1	690	491	0	0
XM_047942425.1	279	80.003	0	0
XM_047942426.1	438	239	0	0
XM_047942427.1	378	179	0	0
XM_047942428.1	1014	815	0	0
XM_047942429.1	681	482	0	0
XM_047942430.1	765	566	0	0
XM_047942431.1	981	782	0	0
XM_047942432.1	471	272	0	0
XM_047942433.1	363	164	0	0
XM_047942434.1	459	260	0	0
XM_047942435.1	534	335	0	0
XM_047942436.1	618	419	0	0
XM_047942437.1	519	320	0	0
XM_047942438.1	615	416	0	0
XM_047942439.1	378	179	0	0
XM_047942440.1	363	164	0	0
XM_047942441.1	3357	3158	0	0
XM_047942442.1	897	698	0	0
XM_047942443.1	783	584	0	0
XM_047942444.1	1185	986	0	0
XM_047942445.1	240	42.049	0	0
XM_047942446.1	426	227	0	0
XM_047942447.1	1008	809	0	0
XM_047942448.1	414	215	0	0
XM_047942449.1	1086	887	0	0
XM_047942450.1	309	110	0	0
XM_047942451.1	339	140	0	0
XM_047942452.1	432	233	0	0
XM_047942453.1	414	215	0	0
XM_047942454.1	219	25.9389	0	0
XM_047942455.1	801	602	0	0
XM_047942456.1	1068	869	0	0
XM_047942457.1	974	775	0	0
XM_047942458.1	4375	4176	0	0
XM_047942459.1	3164	2965	0	0
XM_047942460.1	601	402	0	0
XM_047942461.1	345	146	0	0
XM_047942462.1	951	752	0	0
XM_047942463.1	954	755	1	4999.62
XM_047942464.1	882	683	0	0
XM_047942465.1	2205	2006	0	0
XM_047942466.1	378	179	0	0
XM_047942467.1	483	284	0	0
XM_047942468.1	2073	1874	0	0
XM_047942469.1	387	188	0	0
XM_047942470.1	2433	2234	0	0
XM_047942471.1	3018	2819	0	0
XM_047942472.1	2216	2017	0	0
XM_047942473.1	1455	1256	0	0
XM_047942474.1	2596	2397	0	0
XM_047942475.1	603	404	0	0
XM_047942476.1	570	371	0	0
XM_047942477.1	807	608	0	0
XM_047942478.1	489	290	0	0
XM_047942479.1	477	278	0	0
XM_047942480.1	792	593	0	0
XM_047942481.1	882	683	0	0
XM_047942482.1	348	149	0	0
XM_047942483.1	927	728	0	0
XM_047942484.1	327	128	0	0
XM_047942485.1	294	95.0001	0	0
XM_047942486.1	570	371	0	0
XM_047942487.1	1185	986	0	0
XM_047942488.1	1164	965	0	0
XM_047942489.1	1347	1148	0	0
XM_047942490.1	1041	842	0	0
XM_047942491.1	213	22.4695	0	0
XM_047942492.1	2357	2158	0	0
XM_047942493.1	1371	1172	0	0
XM_047942494.1	1740	1541	0	0
XM_047942495.1	1799	1600	0	0
XM_047942496.1	2810	2611	0	0
XM_047942497.1	558	359	0	0
XM_047942498.1	1113	914	0	0
XM_047942499.1	1185	986	0	0
XM_047942500.1	1005	806	0	0
XM_047942501.1	4692	4493	0	0
XM_047942502.1	672	473	0	0
XM_047942503.1	168	9.06081	0	0
XM_047942504.1	3283	3084	0	0
XM_047942505.1	3274	3075	0	0
XM_047942506.1	1502	1303	0	0
XM_047942507.1	336	137	0	0
XM_047942508.1	294	95.0001	0	0
XM_047942509.1	297	98.0001	0	0
XM_047942510.1	618	419	0	0
XM_047942511.1	711	512	0	0
XM_047942512.1	912	713	0	0
XM_047942513.1	1065	866	0	0
XM_047942514.1	327	128	0	0
XM_047942515.1	312	113	0	0
XM_047942516.1	1643	1444	0	0
XM_047942517.1	1203	1004	0	0
XM_047942518.1	1617	1418	0	0
XM_047942519.1	915	716	0	0
XM_047942520.1	573	374	0	0
XM_047942521.1	2163	1964	0	0
XM_047942522.1	2476	2277	0	0
XM_047942523.1	372	173	0	0
XM_047942524.1	2047	1848	0	0
XM_047942525.1	681	482	0	0
XM_047942526.1	1551	1352	0	0
XM_047942527.1	1491	1292	0	0
XM_047942528.1	609	410	0	0
XM_047942529.1	1196	997	0	0
XM_047942530.1	1132	933	0	0
XM_047942531.1	3895	3696	0	0
XM_047942532.1	702	503	0	0
XM_047942533.1	3440	3241	0	0
XM_047942534.1	1395	1196	0	0
XM_047942535.1	2064	1865	0	0
XM_047942536.1	1197	998	0	0
XM_047942537.1	2946	2747	1	1374.12
XM_047942538.1	1815	1616	0	0
XM_047942539.1	180	11.1077	0	0
XM_047942540.1	1205	1006	0	0
XM_047942541.1	2253	2054	0	0
XM_047942542.1	369	170	0	0
XM_047942543.1	252	53.2554	0	0
XM_047942544.1	1074	875	0	0
XM_047942545.1	999	800	0	0
XM_047942546.1	1671	1472	0	0
XM_047942547.1	1013	814	0	0
XM_047942548.1	627	428	0	0
XM_047942549.1	1047	848	0	0
XM_047942550.1	477	278	0	0
XM_047942551.1	3432	3233	0	0
XM_047942552.1	1207	1008	0	0
XM_047942553.1	1527	1328	0	0
XM_047942554.1	894	695	0	0
XM_047942555.1	2397	2198	0	0
XM_047942556.1	2052	1853	0	0
XM_047942557.1	534	335	0	0
XM_047942558.1	966	767	0	0
XM_047942559.1	933	734	0	0
XM_047942560.1	3633	3434	0	0
XM_047942561.1	3560	3361	0	0
XM_047942562.1	2316	2117	0	0
XM_047942563.1	2811	2612	0	0
XM_047942564.1	1134	935	0	0
XM_047942565.1	3476	3277	0	0
XM_047942566.1	3575	3376	0	0
XM_047942567.1	2205	2006	0	0
XM_047942568.1	291	92.0002	0	0
XM_047942569.1	1870	1671	0	0
XM_047942570.1	3302	3103	0	0
XM_047942571.1	429	230	0	0
XM_047942572.1	431	232	0	0
XM_047942573.1	704	505	0	0
XM_047942574.1	1551	1352	0	0
XM_047942575.1	450	251	0	0
XM_047942576.1	666	467	0	0
XM_047942577.1	1068	869	0	0
XM_047942578.1	1668	1469	0	0
XM_047942579.1	306	107	0	0
XM_047942580.1	618	419	0	0
XM_047942581.1	324	125	0	0
XM_047942582.1	174	9.99669	0	0
XM_047942583.1	273	74.0093	0	0
XM_047942584.1	2246	2047	0	0
XM_047942585.1	3131	2932	0	0
XM_047942586.1	3286	3087	0	0
XM_047942587.1	2069	1870	0	0
XM_047942588.1	1776	1577	0	0
XM_047942589.1	330	131	0	0
XM_047942590.1	1146	947	0	0
XM_047942591.1	786	587	0	0
XM_047942592.1	255	56.1701	0	0
XM_047942593.1	453	254	0	0
XM_047942594.1	1068	869	0	0
XM_047942595.1	348	149	0	0
XM_047942596.1	2556	2357	0	0
XM_047942597.1	1200	1001	0	0
XM_047942598.1	1677	1478	0	0
XM_047942599.1	456	257	0	0
XM_047942600.1	1755	1556	0	0
XM_047942601.1	900	701	0	0
XM_047942602.1	1446	1247	0	0
XM_047942603.1	870	671	0	0
XM_047942604.1	4944	4745	0	0
XM_047942605.1	4208	4009	0	0
XM_047942606.1	837	638	0	0
XM_047942607.1	1014	815	0	0
XM_047942608.1	330	131	0	0
XM_047942609.1	1026	827	0	0
XM_047942610.1	1334	1135	0	0
XM_047942611.1	2598	2399	0	0
XM_047942612.1	1655	1456	0	0
XM_047942613.1	1930	1731	0	0
XM_047942614.1	534	335	0	0
XM_047942615.1	1530	1331	0	0
XM_047942616.1	662	463	0	0
XM_047942617.1	828	629	0	0
XM_047942618.1	1517	1318	0	0
XM_047942619.1	1089	890	0	0
XM_047942620.1	1944	1745	0	0
XM_047942621.1	957	758	0	0
XM_047942622.1	498	299	0	0
XM_047942623.1	1917	1718	0	0
XM_047942624.1	2193	1994	0	0
XM_047942625.1	2170	1971	0	0
XM_047942626.1	2185	1986	0	0
XM_047942627.1	285	86.0009	0	0
XM_047942628.1	1939	1740	0	0
XM_047942629.1	2652	2453	0	0
XM_047942630.1	2135	1936	0	0
XM_047942631.1	1041	842	0	0
XM_047942632.1	3696	3497	0	0
XM_047942633.1	2124	1925	0	0
XM_047942634.1	2010	1811	0	0
XM_047942635.1	3533	3334	0	0
XM_047942636.1	1541	1342	0	0
XM_047942637.1	1613	1414	0	0
XM_047942638.1	1589	1390	0	0
XM_047942639.1	684	485	0	0
XM_047942640.1	543	344	0	0
XM_047942641.1	1945	1746	0	0
XM_047942642.1	1325	1126	0	0
XM_047942643.1	4969	4770	0	0
XM_047942644.1	2384	2185	0	0
XM_047942645.1	1074	875	0	0
XM_047942646.1	1624	1425	0	0
XM_047942647.1	1947	1748	0	0
XM_047942648.1	1581	1382	0	0
XM_047942649.1	2872	2673	0	0
XM_047942650.1	2916	2717	0	0
XM_047942651.1	3057	2858	0	0
XM_047942652.1	1273	1074	0	0
XM_047942653.1	8170	7971	0	0
XM_047942654.1	8255	8056	0	0
XM_047942655.1	916	717	0	0
XM_047942656.1	2507	2308	0	0
XM_047942657.1	432	233	0	0
XM_047942658.1	402	203	0	0
XM_047942659.1	906	707	0	0
XM_047942660.1	387	188	0	0
XM_047942661.1	1454	1255	0	0
XM_047942662.1	1640	1441	0	0
XM_047942663.1	2835	2636	0	0
XM_047942664.1	1257	1058	0	0
XM_047942665.1	1114	915	0	0
XM_047942666.1	1932	1733	0	0
XM_047942667.1	345	146	0	0
XM_047942668.1	1983	1784	0	0
XM_047942669.1	1044	845	0	0
XM_047942670.1	339	140	0	0
XM_047942671.1	435	236	0	0
XM_047942672.1	255	56.1701	0	0
XM_047942673.1	615	416	0	0
XM_047942674.1	1278	1079	0	0
XM_047942675.1	594	395	0	0
XM_047942676.1	264	65.044	0	0
XM_047942677.1	465	266	0	0
XM_047942678.1	1480	1281	0	0
XM_047942679.1	1013	814	0	0
XM_047942680.1	1461	1262	0	0
XM_047942681.1	810	611	0	0
XM_047942682.1	2156	1957	0	0
XM_047942683.1	3603	3404	0	0
XM_047942684.1	924	725	0	0
XM_047942685.1	1506	1307	0	0
XM_047942686.1	803	604	0	0
XM_047942687.1	1251	1052	0	0
XM_047942688.1	393	194	0	0
XM_047942689.1	426	227	0	0
XM_047942690.1	2545	2346	0	0
XM_047942691.1	861	662	0	0
XM_047942692.1	666	467	0	0
XM_047942693.1	1089	890	0	0
XM_047942694.1	1444	1245	0	0
XM_047942695.1	3767	3568	0	0
XM_047942696.1	471	272	0	0
XM_047942697.1	2897	2698	0	0
XM_047942698.1	2870	2671	0	0
XM_047942699.1	507	308	0	0
XM_047942700.1	2247	2048	0	0
XM_047942701.1	3242	3043	0	0
XM_047942702.1	696	497	0	0
XM_047942703.1	315	116	0	0
XM_047942704.1	2643	2444	0	0
XM_047942705.1	2563	2364	0	0
XM_047942706.1	1098	899	0	0
XM_047942707.1	1883	1684	0	0
XM_047942708.1	3403	3204	0	0
XM_047942709.1	2724	2525	0	0
XM_047942710.1	1347	1148	0	0
XM_047942711.1	643	444	0	0
XM_047942712.1	1575	1376	0	0
XM_047942713.1	4213	4014	0	0
XM_047942714.1	1162	963	0	0
XM_047942715.1	1628	1429	0	0
XM_047942716.1	4735	4536	0	0
XM_047942717.1	1574	1375	0	0
XM_047942718.1	1116	917	0	0
XM_047942719.1	2177	1978	0	0
XM_047942720.1	3098	2899	0	0
XM_047942721.1	1807	1608	0	0
XM_047942722.1	1896	1697	0	0
XM_047942723.1	2867	2668	0	0
XM_047942724.1	1287	1088	0	0
XM_047942725.1	1467	1268	0	0
XM_047942726.1	1145	946	0	0
XM_047942727.1	1409	1210	0	0
XM_047942728.1	846	647	0	0
XM_047942729.1	2418	2219	0	0
XM_047942730.1	1622	1423	0	0
XM_047942731.1	2669	2470	0	0
XM_047942732.1	1921	1722	0	0
XM_047942733.1	2672	2473	0	0
XM_047942734.1	1401	1202	0	0
XM_047942735.1	410	211	0	0
XM_047942736.1	1468	1269	0	0
XM_047942737.1	351	152	0	0
XM_047942738.1	1463	1264	0	0
XM_047942739.1	2278	2079	0	0
XM_047942740.1	1959	1760	0	0
XM_047942741.1	2473	2274	0	0
XM_047942742.1	804	605	0	0
XM_047942743.1	675	476	0	0
XM_047942744.1	777	578	0	0
XM_047942745.1	471	272	0	0
XM_047942746.1	1404	1205	0	0
XM_047942747.1	954	755	0	0
XM_047942748.1	1829	1630	0	0
XM_047942749.1	468	269	0	0
XM_047942750.1	1812	1613	0	0
XM_047942751.1	756	557	0	0
XM_047942752.1	767	568	0	0
XM_047942753.1	732	533	0	0
XM_047942754.1	465	266	0	0
XM_047942755.1	1089	890	0	0
XM_047942756.1	1713	1514	0	0
XM_047942757.1	942	743	0	0
XM_047942758.1	1080	881	0	0
XM_047942759.1	1144	945	0	0
XM_047942760.1	2807	2608	0	0
XM_047942761.1	1967	1768	0	0
XM_047942762.1	978	779	0	0
XM_047942763.1	1650	1451	0	0
XM_047942764.1	822	623	0	0
XM_047942765.1	564	365	0	0
XM_047942766.1	279	80.003	0	0
XM_047942767.1	408	209	0	0
XM_047942768.1	1756	1557	0	0
XM_047942769.1	2487	2288	0	0
XM_047942770.1	420	221	0	0
XM_047942771.1	819	620	0	0
XM_047942772.1	1645	1446	1	2610.45
XM_047942773.1	1617	1418	0	0
XM_047942774.1	960	761	0	0
XM_047942775.1	1113	914	0	0
XM_047942776.1	711	512	0	0
XM_047942777.1	1005	806	0	0
XM_047942778.1	1170	971	0	0
XM_047942779.1	2688	2489	0	0
XM_047942780.1	645	446	0	0
XM_047942781.1	1268	1069	0	0
XM_047942782.1	1107	908	0	0
XM_047942783.1	711	512	0	0
XM_047942784.1	956	757	0	0
XM_047942785.1	1173	974	0	0
XM_047942786.1	2860	2661	0	0
XM_047942787.1	645	446	0	0
XM_047942788.1	1096	897	0	0
XM_047942789.1	1433	1234	0	0
XM_047942790.1	1610	1411	0	0
XM_047942791.1	915	716	0	0
XM_047942792.1	1338	1139	0	0
XM_047942793.1	828	629	0	0
XM_047942794.1	1068	869	0	0
XM_047942795.1	1416	1217	0	0
XM_047942796.1	829	630	0	0
XM_047942797.1	1302	1103	0	0
XM_047942798.1	1270	1071	0	0
XM_047942799.1	1687	1488	0	0
XM_047942800.1	2546	2347	0	0
XM_047942801.1	348	149	0	0
XM_047942802.1	465	266	0	0
XM_047942803.1	1193	994	0	0
XM_047942804.1	789	590	0	0
XM_047942805.1	2092	1893	0	0
XM_047942806.1	831	632	0	0
XM_047942807.1	435	236	0	0
XM_047942808.1	1620	1421	0	0
XM_047942809.1	540	341	0	0
XM_047942810.1	1253	1054	0	0
XM_047942811.1	5443	5244	0	0
XM_047942812.1	708	509	0	0
XM_047942813.1	675	476	0	0
XM_047942814.1	1116	917	0	0
XM_047942815.1	2815	2616	0	0
XM_047942816.1	774	575	0	0
XM_047942817.1	504	305	0	0
XM_047942818.1	6120	5921	0	0
XM_047942819.1	717	518	0	0
XM_047942820.1	1880	1681	0	0
XM_047942821.1	1604	1405	0	0
XM_047942822.1	1185	986	0	0
XM_047942823.1	516	317	0	0
XM_047942824.1	453	254	0	0
XM_047942825.1	303	104	0	0
XM_047942826.1	1272	1073	0	0
XM_047942827.1	1559	1360	0	0
XM_047942828.1	1868	1669	0	0
XM_047942829.1	2179	1980	0	0
XM_047942830.1	1571	1372	0	0
XM_047942831.1	1455	1256	0	0
XM_047942832.1	3891	3692	0	0
XM_047942833.1	381	182	0	0
XM_047942834.1	1602	1403	0	0
XM_047942835.1	2352	2153	0	0
XM_047942836.1	2137	1938	0	0
XM_047942837.1	2201	2002	0	0
XM_047942838.1	579	380	0	0
XM_047942839.1	3715	3516	0	0
XM_047942840.1	570	371	0	0
XM_047942841.1	336	137	0	0
XM_047942842.1	354	155	0	0
XM_047942843.1	1269	1070	0	0
XM_047942844.1	261	62.0706	0	0
XM_047942845.1	5227	5028	0	0
XM_047942846.1	4982	4783	0	0
XM_047942847.1	1464	1265	0	0
XM_047942848.1	1983	1784	0	0
XM_047942849.1	2591	2392	0	0
XM_047942850.1	1483	1284	0	0
XM_047942851.1	853	654	0	0
XM_047942852.1	2583	2384	0	0
XM_047942853.1	1299	1100	0	0
XM_047942854.1	2471	2272	0	0
XM_047942855.1	792	593	0	0
XM_047942856.1	558	359	0	0
XM_047942857.1	2651	2452	0	0
XM_047942858.1	2334	2135	0	0
XM_047942859.1	2266	2067	0	0
XM_047942860.1	2393	2194	0	0
XM_047942861.1	3415	3216	0	0
XM_047942862.1	3021	2822	0	0
XM_047942863.1	1919	1720	0	0
XM_047942864.1	1089	890	0	0
XM_047942865.1	384	185	0	0
XM_047942866.1	2485	2286	0	0
XM_047942867.1	653	454	0	0
XM_047942868.1	501	302	0	0
XM_047942869.1	3526	3327	0	0
XM_047942870.1	2043	1844	0	0
XM_047942871.1	2384	2185	0	0
XM_047942872.1	1980	1781	0	0
XM_047942873.1	303	104	0	0
XM_047942874.1	3864	3665	0	0
XM_047942875.1	3483	3284	0	0
XM_047942876.1	864	665	0	0
XM_047942877.1	990	791	0	0
XM_047942878.1	2520	2321	0	0
XM_047942879.1	306	107	0	0
XM_047942880.1	477	278	0	0
XM_047942881.1	1234	1035	0	0
XM_047942882.1	2190	1991	0	0
XM_047942883.1	1036	837	0	0
XM_047942884.1	2077	1878	0	0
XM_047942885.1	990	791	0	0
XM_047942886.1	1638	1439	0	0
XM_047942887.1	990	791	0	0
XM_047942888.1	978	779	0	0
XM_047942889.1	1650	1451	0	0
XM_047942890.1	3450	3251	0	0
XM_047942891.1	6168	5969	0	0
XM_047942892.1	1470	1271	0	0
XM_047942893.1	1568	1369	0	0
XM_047942894.1	3810	3611	0	0
XM_047942895.1	1191	992	0	0
XM_047942896.1	625	426	0	0
XM_047942897.1	2994	2795	0	0
XM_047942898.1	3286	3087	0	0
XM_047942899.1	1101	902	0	0
XM_047942900.1	1335	1136	0	0
XM_047942901.1	378	179	0	0
XM_047942902.1	2370	2171	0	0
XM_047942903.1	2747	2548	0	0
XM_047942904.1	3287	3088	0	0
XM_047942905.1	285	86.0009	0	0
XM_047942906.1	1304	1105	0	0
XM_047942907.1	1068	869	0	0
XM_047942908.1	423	224	0	0
XM_047942909.1	1765	1566	0	0
XM_047942910.1	330	131	0	0
XM_047942911.1	1980	1781	0	0
XM_047942912.1	4239	4040	0	0
XM_047942913.1	1588	1389	0	0
XM_047942914.1	3454	3255	0	0
XM_047942915.1	3649	3450	0	0
XM_047942916.1	487	288	0	0
XM_047942917.1	1048	849	0	0
XM_047942918.1	591	392	0	0
XM_047942919.1	1143	944	0	0
XM_047942920.1	159	7.91627	0	0
XM_047942921.1	339	140	0	0
XM_047942922.1	1410	1211	0	0
XM_047942923.1	2004	1805	0	0
XM_047942924.1	754	555	0	0
XM_047942925.1	3304	3105	0	0
XM_047942926.1	3296	3097	0	0
XM_047942927.1	1053	854	0	0
XM_047942928.1	1240	1041	0	0
XM_047942929.1	5825	5626	0	0
XM_047942930.1	5757	5558	0	0
XM_047942931.1	1560	1361	0	0
XM_047942932.1	543	344	0	0
XM_047942933.1	381	182	0	0
XM_047942934.1	1636	1437	0	0
XM_047942935.1	2183	1984	0	0
XM_047942936.1	450	251	0	0
XM_047942937.1	862	663	0	0
XM_047942938.1	1417	1218	0.0586294	181.699
XM_047942939.1	1406	1207	0.941371	2944
XM_047942940.1	1723	1524	0	0
XM_047942941.1	636	437	0	0
XM_047942942.1	906	707	0	0
XM_047942943.1	2322	2123	0	0
XM_047942944.1	2538	2339	0	0
XM_047942945.1	363	164	0	0
XM_047942946.1	489	290	0	0
XM_047942947.1	2295	2096	0	0
XM_047942948.1	1086	887	0	0
XM_047942949.1	1659	1460	0	0
XM_047942950.1	3384	3185	0	0
XM_047942951.1	3468	3269	0	0
XM_047942952.1	2637	2438	0	0
XM_047942953.1	576	377	0	0
XM_047942954.1	498	299	0	0
XM_047942955.1	384	185	0	0
XM_047942956.1	953	754	0	0
XM_047942957.1	372	173	0	0
XM_047942958.1	1443	1244	0	0
XM_047942959.1	534	335	0	0
XM_047942960.1	2889	2690	0	0
XM_047942961.1	534	335	0	0
XM_047942962.1	1205	1006	0	0
XM_047942963.1	372	173	0	0
XM_047942964.1	1881	1682	0	0
XM_047942965.1	2687	2488	0	0
XM_047942966.1	4755	4556	0	0
XM_047942967.1	5826	5627	0	0
XM_047942968.1	4788	4589	0	0
XM_047942969.1	700	501	0	0
XM_047942970.1	947	748	0	0
XM_047942971.1	2475	2276	0	0
XM_047942972.1	1661	1462	0	0
XM_047942973.1	1422	1223	0	0
XM_047942974.1	858	659	0	0
XM_047942975.1	1605	1406	0	0
XM_047942976.1	1071	872	0	0
XM_047942977.1	2125	1926	0	0
XM_047942978.1	2370	2171	0	0
XM_047942979.1	2265	2066	0	0
XM_047942980.1	809	610	0	0
XM_047942981.1	584	385	0	0
XM_047942982.1	1782	1583	0	0
XM_047942983.1	1434	1235	0	0
XM_047942984.1	339	140	0	0
XM_047942985.1	1301	1102	0	0
XM_047942986.1	939	740	0	0
XM_047942987.1	564	365	0	0
XM_047942988.1	4496	4297	0	0
XM_047942989.1	2132	1933	0	0
XM_047942990.1	4059	3860	0	0
XM_047942991.1	3964	3765	0	0
XM_047942992.1	333	134	0	0
XM_047942993.1	936	737	0	0
XM_047942994.1	570	371	0	0
XM_047942995.1	4030	3831	0	0
XM_047942996.1	473	274	0	0
XM_047942997.1	405	206	0	0
XM_047942998.1	468	269	0	0
XM_047942999.1	1422	1223	0	0
XM_047943000.1	865	666	0	0
XM_047943001.1	871	672	0	0
XM_047943002.1	788	589	0	0
XM_047943003.1	1573	1374	0	0
XM_047943004.1	1656	1457	0	0
XM_047943005.1	918	719	0	0
XM_047943006.1	3104	2905	0	0
XM_047943007.1	408	209	0	0
XM_047943008.1	853	654	0	0
XM_047943009.1	1371	1172	0	0
XM_047943010.1	965	766	0	0
XM_047943011.1	756	557	0	0
XM_047943012.1	1197	998	0	0
XM_047943013.1	1145	946	0	0
XM_047943014.1	3617	3418	0	0
XM_047943015.1	1848	1649	0	0
XM_047943016.1	988	789	0	0
XM_047943017.1	1086	887	0	0
XM_047943018.1	1531	1332	0	0
XM_047943019.1	315	116	0	0
XM_047943020.1	762	563	0	0
XM_047943021.1	372	173	0	0
XM_047943022.1	222	27.8721	0	0
XM_047943023.1	1782	1583	0	0
XM_047943024.1	2444	2245	0	0
XM_047943025.1	1531	1332	0	0
XM_047943026.1	1143	944	0	0
XM_047943027.1	2264	2065	0	0
XM_047943028.1	916	717	0	0
XM_047943029.1	1620	1421	0	0
XM_047943030.1	3016	2817	0	0
XM_047943031.1	516	317	0	0
XM_047943032.1	4887	4688	0	0
XM_047943033.1	855	656	0	0
XM_047943034.1	1416	1217	0	0
XM_047943035.1	1002	803	0	0
XM_047943036.1	318	119	0	0
XM_047943037.1	501	302	0	0
XM_047943038.1	1307	1108	0	0
XM_047943039.1	1389	1190	0	0
XM_047943040.1	1324	1125	3	10065.9
XM_047943041.1	327	128	0	0
XM_047943042.1	1431	1232	0	0
XM_047943043.1	156	7.59116	0	0
XM_047943044.1	450	251	0	0
XM_047943045.1	948	749	0	0
XM_047943046.1	4073	3874	0	0
XM_047943047.1	573	374	0	0
XM_047943048.1	1139	940	4	16062.6
XM_047943049.1	291	92.0002	0	0
XM_047943050.1	675	476	0	0
XM_047943051.1	2434	2235	0	0
XM_047943052.1	882	683	0	0
XM_047943053.1	654	455	0	0
XM_047943054.1	204	18.2087	0	0
XM_047943055.1	729	530	0	0
XM_047943056.1	2000	1801	0	0
XM_047943057.1	2309	2110	0	0
XM_047943058.1	1909	1710	0	0
XM_047943059.1	1921	1722	0	0
XM_047943060.1	4044	3845	0	0
XM_047943061.1	3240	3041	0	0
XM_047943062.1	591	392	0	0
XM_047943063.1	1345	1146	0	0
XM_047943064.1	863	664	0	0
XM_047943065.1	1107	908	0	0
XM_047943066.1	6072	5873	0	0
XM_047943067.1	3098	2899	0	0
XM_047943068.1	186	12.4336	0	0
XM_047943069.1	786	587	0	0
XM_047943070.1	1547	1348	0	0
XM_047943071.1	2114	1915	0	0
XM_047943072.1	1495	1296	0	0
XM_047943073.1	1900	1701	0	0
XM_047943074.1	375	176	0	0
XM_047943075.1	1491	1292	0	0
XM_047943076.1	1582	1383	0	0
XM_047943077.1	847	648	0	0
XM_047943078.1	912	713	0	0
XM_047943079.1	468	269	0	0
XM_047943080.1	672	473	0	0
XM_047943081.1	5260	5061	0	0
XM_047943082.1	5697	5498	0	0
XM_047943083.1	5681	5482	0	0
XM_047943084.1	2374	2175	0	0
XM_047943085.1	435	236	0	0
XM_047943086.1	1824	1625	0	0
XM_047943087.1	3057	2858	0	0
XM_047943088.1	1311	1112	0	0
XM_047943089.1	2055	1856	0	0
XM_047943090.1	1533	1334	0	0
XM_047943091.1	309	110	0	0
XM_047943092.1	1032	833	0	0
XM_047943093.1	3597	3398	0	0
XM_047943094.1	396	197	0	0
XM_047943095.1	765	566	0	0
XM_047943096.1	1080	881	0	0
XM_047943097.1	885	686	0	0
XM_047943098.1	606	407	0	0
XM_047943099.1	912	713	0	0
XM_047943100.1	1893	1694	0	0
XM_047943101.1	3579	3380	0	0
XM_047943102.1	1203	1004	0	0
XM_047943103.1	600	401	0	0
XM_047943104.1	972	773	0	0
XM_047943105.1	3072	2873	0	0
XM_047943106.1	3640	3441	0	0
XM_047943107.1	5214	5015	0	0
XM_047943108.1	648	449	0	0
XM_047943109.1	757	558	0	0
XM_047943110.1	339	140	0	0
XM_047943111.1	2576	2377	0	0
XM_047943112.1	2102	1903	0	0
XM_047943113.1	2619	2420	1	1559.8
XM_047943114.1	2589	2390	0	0
XM_047943115.1	2642	2443	0	0
XM_047943116.1	2155	1956	0	0
XM_047943117.1	2346	2147	0	0
XM_047943118.1	2452	2253	0	0
XM_047943119.1	1398	1199	0	0
XM_047943120.1	5859	5660	0	0
XM_047943121.1	1761	1562	0	0
XM_047943122.1	1224	1025	0	0
XM_047943123.1	2265	2066	0	0
XM_047943124.1	1235	1036	0	0
XM_047943125.1	405	206	0	0
XM_047943126.1	1194	995	0	0
XM_047943127.1	1539	1340	0	0
XM_047943128.1	801	602	0	0
XM_047943129.1	639	440	0	0
XM_047943130.1	588	389	0	0
XM_047943131.1	2843	2644	0	0
XM_047943132.1	477	278	0	0
XM_047943133.1	183	11.741	0	0
XM_047943134.1	695	496	0	0
XM_047943135.1	994	795	0	0
XM_047943136.1	711	512	0	0
XM_047943137.1	1775	1576	0	0
XM_047943138.1	393	194	0	0
XM_047943139.1	690	491	0	0
XM_047943140.1	486	287	0	0
XM_047943141.1	750	551	0	0
XM_047943142.1	3908	3709	0	0
XM_047943143.1	2709	2510	0	0
XM_047943144.1	3366	3167	0	0
XM_047943145.1	3603	3404	0	0
XM_047943146.1	1106	907	0	0
XM_047943147.1	327	128	0	0
XM_047943148.1	276	77.0053	0	0
XM_047943149.1	2106	1907	0	0
XM_047943150.1	1494	1295	0	0
XM_047943151.1	1411	1212	0	0
XM_047943152.1	399	200	0	0
XM_047943153.1	2226	2027	0	0
XM_047943154.1	3591	3392	0	0
XM_047943155.1	2433	2234	0	0
XM_047943156.1	732	533	0	0
XM_047943157.1	2744	2545	0	0
XM_047943158.1	1507	1308	0	0
XM_047943159.1	563	364	0	0
XM_047943160.1	828	629	0	0
XM_047943161.1	948	749	1	5039.67
XM_047943162.1	480	281	0	0
XM_047943163.1	2581	2382	0	0
XM_047943164.1	2126	1927	0	0
XM_047943165.1	621	422	0	0
XM_047943166.1	3723	3524	0	0
XM_047943167.1	1791	1592	0	0
XM_047943168.1	1980	1781	0	0
XM_047943169.1	1858	1659	0	0
XM_047943170.1	1347	1148	0	0
XM_047943171.1	3565	3366	0	0
XM_047943172.1	519	320	0	0
XM_047943173.1	1579	1380	3	8205.89
XM_047943174.1	576	377	0	0
XM_047943175.1	2775	2576	0	0
XM_047943176.1	2750	2551	0	0
XM_047943177.1	1118	919	0	0
XM_047943178.1	928	729	0	0
XM_047943179.1	2214	2015	0	0
XM_047943180.1	594	395	0	0
XM_047943181.1	1939	1740	0	0
XM_047943182.1	606	407	0	0
XM_047943183.1	450	251	0	0
XM_047943184.1	1933	1734	0	0
XM_047943185.1	570	371	0	0
XM_047943186.1	699	500	0	0
XM_047943187.1	303	104	0	0
XM_047943188.1	579	380	0	0
XM_047943189.1	234	36.8813	0	0
XM_047943190.1	174	9.99669	0	0
XM_047943191.1	693	494	0	0
XM_047943192.1	731	532	0	0
XM_047943193.1	459	260	0	0
XM_047943194.1	804	605	0	0
XM_047943195.1	923	724	0	0
XM_047943196.1	5166	4967	0	0
XM_047943197.1	924	725	0	0
XM_047943198.1	1263	1064	0	0
XM_047943199.1	771	572	0	0
XM_047943200.1	1081	882	0	0
XM_047943201.1	767	568	0	0
XM_047943202.1	1294	1095	0	0
XM_047943203.1	3649	3450	0	0
XM_047943204.1	798	599	0	0
XM_047943205.1	2548	2349	0	0
XM_047943206.1	894	695	0	0
XM_047943207.1	964	765	0	0
XM_047943208.1	2424	2225	0	0
XM_047943209.1	953	754	0	0
XM_047943210.1	1256	1057	0	0
XM_047943211.1	1810	1611	0	0
XM_047943212.1	1880	1681	0	0
XM_047943213.1	1332	1133	0	0
XM_047943214.1	1584	1385	0	0
XM_047943215.1	729	530	0	0
XM_047943216.1	738	539	0	0
XM_047943217.1	573	374	0	0
XM_047943218.1	3244	3045	0	0
XM_047943219.1	1164	965	0	0
XM_047943220.1	540	341	0	0
XM_047943221.1	633	434	0	0
XM_047943222.1	327	128	0	0
XM_047943223.1	1280	1081	0	0
XM_047943224.1	2269	2070	0	0
XM_047943225.1	2209	2010	0	0
XM_047943226.1	2186	1987	0	0
XM_047943227.1	2214	2015	0	0
XM_047943228.1	640	441	0	0
XM_047943229.1	1674	1475	0	0
XM_047943230.1	1413	1214	0	0
XM_047943231.1	840	641	0	0
XM_047943232.1	2034	1835	0	0
XM_047943233.1	1926	1727	0	0
XM_047943234.1	2469	2270	0	0
XM_047943235.1	1987	1788	0	0
XM_047943236.1	390	191	0	0
XM_047943237.1	762	563	0	0
XM_047943238.1	1032	833	0	0
XM_047943239.1	339	140	0	0
XM_047943240.1	564	365	0	0
XM_047943241.1	2801	2602	0	0
XM_047943242.1	2047	1848	0	0
XM_047943243.1	378	179	0	0
XM_047943244.1	273	74.0093	0	0
XM_047943245.1	273	74.0093	0	0
XM_047943246.1	1833	1634	0	0
XM_047943247.1	558	359	0	0
XM_047943248.1	1560	1361	0	0
XM_047943249.1	1647	1448	0	0
XM_047943250.1	246	47.5399	0	0
XM_047943251.1	960	761	0	0
XM_047943252.1	827	628	0	0
XM_047943253.1	396	197	0	0
XM_047943254.1	300	101	0	0
XM_047943255.1	768	569	0	0
XM_047943256.1	639	440	0	0
XM_047943257.1	711	512	0	0
XM_047943258.1	1932	1733	0	0
XM_047943259.1	342	143	0	0
XM_047943260.1	273	74.0093	0	0
XM_047943261.1	309	110	0	0
XM_047943262.1	942	743	0	0
XM_047943263.1	876	677	0	0
XM_047943264.1	558	359	0	0
XM_047943265.1	492	293	0	0
XM_047943266.1	855	656	0	0
XM_047943267.1	1814	1615	0	0
XM_047943268.1	246	47.5399	0	0
XM_047943269.1	384	185	0	0
XM_047943270.1	627	428	0	0
XM_047943271.1	366	167	0	0
XM_047943272.1	546	347	0	0
XM_047943273.1	300	101	0	0
XM_047943274.1	798	599	0	0
XM_047943275.1	495	296	0	0
XM_047943276.1	1468	1269	0	0
XM_047943277.1	2332	2133	0	0
XM_047943278.1	2968	2769	0	0
XM_047943279.1	775	576	0	0
XM_047943280.1	1935	1736	0	0
XM_047943281.1	2025	1826	1	2067.2
XM_047943282.1	2562	2363	0	0
XM_047943283.1	528	329	0	0
XM_047943284.1	835	636	0	0
XM_047943285.1	1133	934	0	0
XM_047943286.1	1910	1711	0	0
XM_047943287.1	4230	4031	0	0
XM_047943288.1	4071	3872	0	0
XM_047943289.1	4312	4113	0	0
XM_047943290.1	3827	3628	0	0
XM_047943291.1	2209	2010	0	0
XM_047943292.1	1185	986	0	0
XM_047943293.1	1642	1443	0	0
XM_047943294.1	2578	2379	0	0
XM_047943295.1	2001	1802	0	0
XM_047943296.1	1768	1569	0	0
XM_047943297.1	1671	1472	0	0
XM_047943298.1	309	110	0	0
XM_047943299.1	1500	1301	0	0
XM_047943300.1	798	599	0	0
XM_047943301.1	1889	1690	0	0
XM_047943302.1	2054	1855	0	0
XM_047943303.1	711	512	0	0
XM_047943304.1	756	557	0	0
XM_047943305.1	1284	1085	0	0
XM_047943306.1	798	599	0	0
XM_047943307.1	1834	1635	0	0
XM_047943308.1	623	424	0	0
XM_047943309.1	2193	1994	0	0
XM_047943310.1	714	515	0	0
XM_047943311.1	2046	1847	0	0
XM_047943312.1	285	86.0009	0	0
XM_047943313.1	2223	2024	0	0
XM_047943314.1	10289	10090	0	0
XM_047943315.1	1056	857	0	0
XM_047943316.1	1125	926	0	0
XM_047943317.1	3024	2825	0	0
XM_047943318.1	726	527	0	0
XM_047943319.1	3426	3227	0	0
XM_047943320.1	2414	2215	0	0
XM_047943321.1	2886	2687	0	0
XM_047943322.1	2199	2000	0	0
XM_047943323.1	2333	2134	0	0
XM_047943324.1	1956	1757	0	0
XM_047943325.1	855	656	0	0
XM_047943326.1	2667	2468	0	0
XM_047943327.1	3481	3282	0	0
XM_047943328.1	3570	3371	0	0
XM_047943329.1	1577	1378	0	0
XM_047943330.1	990	791	0	0
XM_047943331.1	793	594	0	0
XM_047943332.1	1306	1107	0	0
XM_047943333.1	558	359	0	0
XM_047943334.1	2661	2462	0	0
XM_047943335.1	564	365	0	0
XM_047943336.1	3171	2972	0	0
XM_047943337.1	1134	935	0	0
XM_047943338.1	6753	6554	0	0
XM_047943339.1	1568	1369	0	0
XM_047943340.1	690	491	0	0
XM_047943341.1	1586	1387	0	0
XM_047943342.1	1218	1019	0	0
XM_047943343.1	906	707	0	0
XM_047943344.1	1023	824	0	0
XM_047943345.1	1302	1103	0	0
XM_047943346.1	1862	1663	0	0
XM_047943347.1	1929	1730	0	0
XM_047943348.1	1532	1333	0	0
XM_047943349.1	1850	1651	0	0
XM_047943350.1	1207	1008	0	0
XM_047943351.1	787	588	0	0
XM_047943352.1	906	707	0	0
XM_047943353.1	846	647	0	0
XM_047943354.1	1008	809	0	0
XM_047943355.1	2097	1898	0	0
XM_047943356.1	2771	2572	0	0
XM_047943357.1	1249	1050	0	0
XM_047943358.1	644	445	0	0
XM_047943359.1	2478	2279	0	0
XM_047943360.1	4287	4088	0	0
XM_047943361.1	879	680	0	0
XM_047943362.1	2716	2517	0	0
XM_047943363.1	333	134	0	0
XM_047943364.1	2001	1802	0	0
XM_047943365.1	303	104	0	0
XM_047943366.1	1042	843	0	0
XM_047943367.1	1590	1391	0	0
XM_047943368.1	189	13.1915	0	0
XM_047943369.1	868	669	0	0
XM_047943370.1	1200	1001	0	0
XM_047943371.1	834	635	0	0
XM_047943372.1	327	128	0	0
XM_047943373.1	1206	1007	0	0
XM_047943374.1	2067	1868	0	0
XM_047943375.1	933	734	0	0
XM_047943376.1	2067	1868	0	0
XM_047943377.1	594	395	0	0
XM_047943378.1	1699	1500	0	0
XM_047943379.1	351	152	0	0
XM_047943380.1	219	25.9389	0	0
XM_047943381.1	2002	1803	0	0
XM_047943382.1	1050	851	0	0
XM_047943383.1	1098	899	0	0
XM_047943384.1	1742	1543	0	0
XM_047943385.1	1551	1352	0	0
XM_047943386.1	399	200	0	0
XM_047943387.1	1044	845	0	0
XM_047943388.1	1990	1791	0	0
XM_047943389.1	3646	3447	0	0
XM_047943390.1	366	167	0	0
XM_047943391.1	1684	1485	0	0
XM_047943392.1	1551	1352	0	0
XM_047943393.1	423	224	0	0
XM_047943394.1	1151	952	0	0
XM_047943395.1	1268	1069	0	0
XM_047943396.1	510	311	0	0
XM_047943397.1	990	791	0	0
XM_047943398.1	609	410	0	0
XM_047943399.1	576	377	0	0
XM_047943400.1	1680	1481	0	0
XM_047943401.1	1717	1518	0	0
XM_047943402.1	501	302	0	0
XM_047943403.1	1131	932	0	0
XM_047943404.1	1548	1349	0	0
XM_047943405.1	2658	2459	0	0
XM_047943406.1	2797	2598	0	0
XM_047943407.1	1023	824	0	0
XM_047943408.1	1363	1164	0	0
XM_047943409.1	1674	1475	0	0
XM_047943410.1	1493	1294	0	0
XM_047943411.1	558	359	0	0
XM_047943412.1	932	733	0	0
XM_047943413.1	771	572	0	0
XM_047943414.1	2947	2748	0	0
XM_047943415.1	1774	1575	0	0
XM_047943416.1	2143	1944	0	0
XM_047943417.1	1319	1120	0	0
XM_047943418.1	1329	1130	0	0
XM_047943419.1	555	356	0	0
XM_047943420.1	2271	2072	0	0
XM_047943421.1	2103	1904	0	0
XM_047943422.1	3173	2974	0	0
XM_047943423.1	687	488	0	0
XM_047943424.1	3144	2945	0	0
XM_047943425.1	2180	1981	0	0
XM_047943426.1	975	776	0	0
XM_047943427.1	3128	2929	0	0
XM_047943428.1	3052	2853	0	0
XM_047943429.1	2018	1819	0	0
XM_047943430.1	534	335	0	0
XM_047943431.1	2970	2771	0	0
XM_047943432.1	2709	2510	0	0
XM_047943433.1	324	125	0	0
XM_047943434.1	2860	2661	0	0
XM_047943435.1	483	284	0	0
XM_047943436.1	824	625	0	0
XM_047943437.1	1361	1162	0	0
XM_047943438.1	867	668	0	0
XM_047943439.1	6135	5936	0	0
XM_047943440.1	4313	4114	0	0
XM_047943441.1	5732	5533	0	0
XM_047943442.1	1881	1682	0	0
XM_047943443.1	1884	1685	0	0
XM_047943444.1	1863	1664	0	0
XM_047943445.1	1866	1667	0	0
XM_047943446.1	438	239	0	0
XM_047943447.1	1476	1277	0	0
XM_047943448.1	504	305	0	0
XM_047943449.1	1465	1266	0	0
XM_047943450.1	1869	1670	0	0
XM_047943451.1	1383	1184	0	0
XM_047943452.1	1706	1507	0	0
XM_047943453.1	6417	6218	0	0
XM_047943454.1	1673	1474	0	0
XM_047943455.1	2670	2471	0	0
XM_047943456.1	1017	818	0	0
XM_047943457.1	360	161	0	0
XM_047943458.1	339	140	0	0
XM_047943459.1	6044	5845	0	0
XM_047943460.1	2782	2583	0	0
XM_047943461.1	786	587	0	0
XM_047943462.1	2153	1954	0	0
XM_047943463.1	786	587	0	0
XM_047943464.1	3408	3209	0	0
XM_047943465.1	3467	3268	0	0
XM_047943466.1	3466	3267	0	0
XM_047943467.1	3087	2888	0	0
XM_047943468.1	1219	1020	0	0
XM_047943469.1	2787	2588	0	0
XM_047943470.1	2941	2742	0	0
XM_047943471.1	1361	1162	0	0
XM_047943472.1	6320	6121	0	0
XM_047943473.1	1258	1059	0	0
XM_047943474.1	1277	1078	0	0
XM_047943475.1	1763	1564	0	0
XM_047943476.1	1029	830	0	0
XM_047943477.1	3258	3059	0	0
XM_047943478.1	398	199	0	0
XM_047943479.1	1941	1742	0	0
XM_047943480.1	414	215	0	0
XM_047943481.1	4019	3820	0	0
XM_047943482.1	327	128	0	0
XM_047943483.1	591	392	0	0
XM_047943484.1	2889	2690	0	0
XM_047943485.1	3004	2805	1	1345.71
XM_047943486.1	4350	4151	1	909.35
XM_047943487.1	2927	2728	0	0
XM_047943488.1	2294	2095	0	0
XM_047943489.1	1464	1265	0	0
XM_047943490.1	222	27.8721	0	0
XM_047943491.1	1011	812	0	0
XM_047943492.1	1110	911	0	0
XM_047943493.1	2577	2378	0	0
XM_047943494.1	2751	2552	0	0
XM_047943495.1	1813	1614	0	0
XM_047943496.1	1384	1185	0	0
XM_047943497.1	534	335	0	0
XM_047943498.1	3903	3704	0	0
XM_047943499.1	3095	2896	0	0
XM_047943500.1	1738	1539	0	0
XM_047943501.1	696	497	0	0
XM_047943502.1	1356	1157	0	0
XM_047943503.1	1536	1337	0	0
XM_047943504.1	1923	1724	0	0
XM_047943505.1	1689	1490	0	0
XM_047943506.1	731	532	0	0
XM_047943507.1	3306	3107	0	0
XM_047943508.1	363	164	0	0
XM_047943509.1	2025	1826	0	0
XM_047943510.1	2130	1931	0	0
XM_047943511.1	1275	1076	0	0
XM_047943512.1	2955	2756	0	0
XM_047943513.1	381	182	0	0
XM_047943514.1	1720	1521	0	0
XM_047943515.1	2075	1876	0	0
XM_047943516.1	1632	1433	0	0
XM_047943517.1	849	650	0	0
XM_047943518.1	438	239	0	0
XM_047943519.1	1678	1479	0	0
XM_047943520.1	1674	1475	0	0
XM_047943521.1	2279	2080	0	0
XM_047943522.1	1481	1282	0	0
XM_047943523.1	849	650	0	0
XM_047943524.1	4872	4673	0	0
XM_047943525.1	2789	2590	0	0
XM_047943526.1	2012	1813	0	0
XM_047943527.1	3891	3692	0	0
XM_047943528.1	823	624	0	0
XM_047943529.1	2698	2499	0	0
XM_047943530.1	384	185	0	0
XM_047943531.1	621	422	0	0
XM_047943532.1	4556	4357	0	0
XM_047943533.1	795	596	0	0
XM_047943534.1	744	545	0	0
XM_047943535.1	1276	1077	0	0
XM_047943536.1	984	785	0	0
XM_047943537.1	687	488	0	0
XM_047943538.1	345	146	0	0
XM_047943539.1	1029	830	0	0
XM_047943540.1	1317	1118	0	0
XM_047943541.1	2439	2240	0	0
XM_047943542.1	984	785	0	0
XM_047943543.1	435	236	0	0
XM_047943544.1	1039	840	0	0
XM_047943545.1	345	146	0	0
XM_047943546.1	1336	1137	0	0
XM_047943547.1	345	146	0	0
XM_047943548.1	1275	1076	1	3508.1
XM_047943549.1	204	18.2087	0	0
XM_047943550.1	2163	1964	0	0
XM_047943551.1	4111	3912	0	0
XM_047943552.1	7569	7370	0	0
XM_047943553.1	7542	7343	0	0
XM_047943554.1	2169	1970	0	0
XM_047943555.1	2478	2279	1	1656.3
XM_047943556.1	1992	1793	0	0
XM_047943557.1	2368	2169	0	0
XM_047943558.1	1559	1360	0	0
XM_047943559.1	1638	1439	0	0
XM_047943560.1	1223	1024	0	0
XM_047943561.1	1869	1670	0	0
XM_047943562.1	2243	2044	0	0
XM_047943563.1	282	83.0016	0	0
XM_047943564.1	957	758	0	0
XM_047943565.1	849	650	0	0
XM_047943566.1	2836	2637	0	0
XM_047943567.1	1761	1562	0	0
XM_047943568.1	5757	5558	0	0
XM_047943569.1	3108	2909	0	0
XM_047943570.1	2317	2118	0	0
XM_047943571.1	927	728	0	0
XM_047943572.1	672	473	0	0
XM_047943573.1	2058	1859	0	0
XM_047943574.1	720	521	0	0
XM_047943575.1	888	689	0	0
XM_047943576.1	2323	2124	0	0
XM_047943577.1	2363	2164	1	1744.32
XM_047943578.1	4124	3925	0	0
XM_047943579.1	2734	2535	0	0
XM_047943580.1	2336	2137	0	0
XM_047943581.1	960	761	0	0
XM_047943582.1	730	531	0	0
XM_047943583.1	2824	2625	0	0
XM_047943584.1	657	458	0	0
XM_047943585.1	684	485	0	0
XM_047943586.1	2348	2149	0	0
XM_047943587.1	1431	1232	0	0
XM_047943588.1	1225	1026	0	0
XM_047943589.1	3552	3353	0	0
XM_047943590.1	3435	3236	0	0
XM_047943591.1	1449	1250	0	0
XM_047943592.1	4585	4386	0	0
XM_047943593.1	2597	2398	0	0
XM_047943594.1	189	13.1915	0	0
XM_047943595.1	303	104	0	0
XM_047943596.1	4353	4154	0	0
XM_047943597.1	696	497	0	0
XM_047943598.1	375	176	0	0
XM_047943599.1	1698	1499	0	0
XM_047943600.1	1374	1175	0	0
XM_047943601.1	2946	2747	0	0
XM_047943602.1	504	305	0	0
XM_047943603.1	2241	2042	0	0
XM_047943604.1	2590	2391	0	0
XM_047943605.1	267	68.0268	0	0
XM_047943606.1	480	281	0	0
XM_047943607.1	1118	919	0	0
XM_047943608.1	2142	1943	0	0
XM_047943609.1	504	305	0	0
XM_047943610.1	1524	1325	0	0
XM_047943611.1	176	10.3458	0	0
XM_047943612.1	333	134	0	0
XM_047943613.1	176	10.3458	0	0
XM_047943614.1	756	557	0	0
XM_047943615.1	330	131	0	0
XM_047943616.1	510	311	0	0
XM_047943617.1	1255	1056	0	0
XM_047943618.1	4738	4539	0	0
XM_047943619.1	4805	4606	0	0
XM_047943620.1	4649	4450	0	0
XM_047943621.1	393	194	0	0
XM_047943622.1	701	502	0	0
XM_047943623.1	741	542	0	0
XM_047943624.1	450	251	0	0
XM_047943625.1	1197	998	0	0
XM_047943626.1	1428	1229	0	0
XM_047943627.1	2223	2024	0	0
XM_047943628.1	1329	1130	0	0
XM_047943629.1	6284	6085	0	0
XM_047943630.1	1194	995	0	0
XM_047943631.1	1537	1338	0	0
XM_047943632.1	1224	1025	0	0
XM_047943633.1	2272	2073	0	0
XM_047943634.1	1329	1130	0	0
XM_047943635.1	276	77.0053	0	0
XM_047943636.1	954	755	0	0
XM_047943637.1	2223	2024	0	0
XM_047943638.1	1143	944	0	0
XM_047943639.1	1266	1067	0	0
XM_047943640.1	1398	1199	0	0
XM_047943641.1	1526	1327	0	0
XM_047943642.1	3090	2891	0	0
XM_047943643.1	3226	3027	0	0
XM_047943644.1	3153	2954	0	0
XM_047943645.1	1937	1738	0	0
XM_047943646.1	2648	2449	0	0
XM_047943647.1	419	220	0	0
XM_047943648.1	507	308	0	0
XM_047943649.1	285	86.0009	0	0
XM_047943650.1	390	191	0	0
XM_047943651.1	3415	3216	0	0
XM_047943652.1	381	182	0	0
XM_047943653.1	1305	1106	0	0
XM_047943654.1	1572	1373	0	0
XM_047943655.1	2609	2410	0	0
XM_047943656.1	1102	903	0	0
XM_047943657.1	1763	1564	0	0
XM_047943658.1	623	424	0	0
XM_047943659.1	2355	2156	0	0
XM_047943660.1	3391	3192	0	0
XM_047943661.1	5445	5246	0	0
XM_047943662.1	615	416	0	0
XM_047943663.1	753	554	0	0
XM_047943664.1	1825	1626	0	0
XM_047943665.1	694	495	0	0
XM_047943666.1	1226	1027	0	0
XM_047943667.1	713	514	0	0
XM_047943668.1	399	200	0	0
XM_047943669.1	4878	4679	0	0
XM_047943670.1	5486	5287	0	0
XM_047943671.1	1135	936	0	0
XM_047943672.1	1366	1167	0	0
XM_047943673.1	486	287	0	0
XM_047943674.1	564	365	0	0
XM_047943675.1	768	569	0	0
XM_047943676.1	1249	1050	0	0
XM_047943677.1	3471	3272	0	0
XM_047943678.1	642	443	0	0
XM_047943679.1	306	107	0	0
XM_047943680.1	900	701	0	0
XM_047943681.1	540	341	0	0
XM_047943682.1	1090	891	0	0
XM_047943683.1	2043	1844	0	0
XM_047943684.1	522	323	0	0
XM_047943685.1	4024	3825	0	0
XM_047943686.1	1779	1580	0	0
XM_047943687.1	1077	878	0	0
XM_047943688.1	249	50.3754	0	0
XM_047943689.1	2018	1819	0	0
XM_047943690.1	714	515	0	0
XM_047943691.1	2260	2061	0	0
XM_047943692.1	2643	2444	0	0
XM_047943693.1	972	773	0	0
XM_047943694.1	969	770	0	0
XM_047943695.1	1226	1027	0	0
XM_047943696.1	1338	1139	0	0
XM_047943697.1	372	173	0	0
XM_047943698.1	3258	3059	0	0
XM_047943699.1	789	590	0	0
XM_047943700.1	1512	1313	0	0
XM_047943701.1	906	707	0	0
XM_047943702.1	249	50.3754	0	0
XM_047943703.1	1713	1514	0	0
XM_047943704.1	1347	1148	0	0
XM_047943705.1	3054	2855	0	0
XM_047943706.1	768	569	0	0
XM_047943707.1	1182	983	0	0
XM_047943708.1	1490	1291	0	0
XM_047943709.1	219	25.9389	0	0
XM_047943710.1	2670	2471	0	0
XM_047943711.1	375	176	0	0
XM_047943712.1	666	467	0	0
XM_047943713.1	414	215	0	0
XM_047943714.1	505	306	0	0
XM_047943715.1	3441	3242	0	0
XM_047943716.1	318	119	0	0
XM_047943717.1	992	793	0	0
XM_047943718.1	1213	1014	0	0
XM_047943719.1	519	320	0	0
XM_047943720.1	1628	1429	0	0
XM_047943721.1	621	422	0	0
XM_047943722.1	897	698	0	0
XM_047943723.1	852	653	0	0
XM_047943724.1	819	620	0	0
XM_047943725.1	270	71.016	0	0
XM_047943726.1	747	548	0	0
XM_047943727.1	210	20.9285	0	0
XM_047943728.1	291	92.0002	0	0
XM_047943729.1	474	275	0	0
XM_047943730.1	213	22.4695	0	0
XM_047943731.1	858	659	0	0
XM_047943732.1	456	257	0	0
XM_047943733.1	535	336	0	0
XM_047943734.1	573	374	0	0
XM_047943735.1	651	452	0	0
XM_047943736.1	2340	2141	0	0
XM_047943737.1	318	119	0	0
XM_047943738.1	2115	1916	0	0
XM_047943739.1	405	206	0	0
XM_047943740.1	375	176	0	0
XM_047943741.1	300	101	0	0
XM_047943742.1	396	197	0	0
XM_047943743.1	378	179	0	0
XM_047943744.1	1356	1157	0	0
XM_047943745.1	618	419	0	0
XM_047943746.1	522	323	0	0
XM_047943747.1	846	647	0	0
XM_047943748.1	603	404	0	0
XM_047943749.1	1506	1307	0	0
XM_047943750.1	930	731	0	0
XM_047943751.1	1787	1588	0	0
XM_047943752.1	306	107	0	0
XM_047943753.1	744	545	0	0
XM_047943754.1	3362	3163	0	0
XM_047943755.1	2529	2330	0	0
XM_047943756.1	2592	2393	0	0
XM_047943757.1	2833	2634	0	0
XM_047943758.1	873	674	0	0
XM_047943759.1	873	674	0	0
XM_047943760.1	863	664	0	0
XM_047943761.1	243	44.7603	0	0
XM_047943762.1	1954	1755	0	0
XM_047943763.1	1129	930	0	0
XM_047943764.1	1305	1106	0	0
XM_047943765.1	1422	1223	0	0
XM_047943766.1	2939	2740	0	0
XM_047943767.1	639	440	0	0
XM_047943768.1	393	194	0	0
XM_047943769.1	522	323	0	0
XM_047943770.1	558	359	0	0
XM_047943771.1	201	17.0167	0	0
XM_047943772.1	1698	1499	0	0
XM_047943773.1	2787	2588	0	0
XM_047943774.1	2710	2511	0	0
XM_047943775.1	867	668	0	0
XM_047943776.1	1068	869	0	0
XM_047943777.1	4618	4419	0	0
XM_047943778.1	618	419	0	0
XM_047943779.1	1969	1770	0	0
XM_047943780.1	810	611	0	0
XM_047943781.1	309	110	0	0
XM_047943782.1	1263	1064	0	0
XM_047943783.1	480	281	0	0
XM_047943784.1	606	407	0	0
XM_047943785.1	861	662	0	0
XM_047943786.1	549	350	0	0
XM_047943787.1	1348	1149	0	0
XM_047943788.1	426	227	0	0
XM_047943789.1	1701	1502	0	0
XM_047943790.1	1515	1316	0	0
XM_047943791.1	2662	2463	0	0
XM_047943792.1	2577	2378	0	0
XM_047943793.1	583	384	0	0
XM_047943794.1	6254	6055	0	0
XM_047943795.1	951	752	0	0
XM_047943796.1	3123	2924	0	0
XM_047943797.1	1188	989	0	0
XM_047943798.1	864	665	0	0
XM_047943799.1	1398	1199	0	0
XM_047943800.1	3525	3326	0	0
XM_047943801.1	5341	5142	0	0
XM_047943802.1	1022	823	0	0
XM_047943803.1	867	668	0	0
XM_047943804.1	546	347	0	0
XM_047943805.1	543	344	0	0
XM_047943806.1	2130	1931	0	0
XM_047943807.1	711	512	0	0
XM_047943808.1	1608	1409	0	0
XM_047943809.1	720	521	0	0
XM_047943810.1	1051	852	0	0
XM_047943811.1	2510	2311	0	0
XM_047943812.1	3476	3277	0	0
XM_047943813.1	3621	3422	0	0
XM_047943814.1	1764	1565	0	0
XM_047943815.1	2155	1956	0	0
XM_047943816.1	1308	1109	0	0
XM_047943817.1	456	257	0	0
XM_047943818.1	1906	1707	0	0
XM_047943819.1	417	218	0	0
XM_047943820.1	261	62.0706	0	0
XM_047943821.1	198	15.9266	0	0
XM_047943822.1	1020	821	0	0
XM_047943823.1	395	196	0	0
XM_047943824.1	1656	1457	0	0
XM_047943825.1	1308	1109	0	0
XM_047943826.1	456	257	0	0
XM_047943827.1	2355	2156	0	0
XM_047943828.1	423	224	0	0
XM_047943829.1	525	326	0	0
XM_047943830.1	891	692	0	0
XM_047943831.1	3941	3742	0	0
XM_047943832.1	1964	1765	0	0
XM_047943833.1	1304	1105	0	0
XM_047943834.1	1974	1775	0	0
XM_047943835.1	783	584	0	0
XM_047943836.1	153	7.28986	0	0
XM_047943837.1	2829	2630	0	0
XM_047943838.1	2955	2756	0	0
XM_047943839.1	1131	932	0	0
XM_047943840.1	297	98.0001	0	0
XM_047943841.1	666	467	0	0
XM_047943842.1	864	665	0	0
XM_047943843.1	1071	872	0	0
XM_047943844.1	1941	1742	0	0
XM_047943845.1	1161	962	0	0
XM_047943846.1	1292	1093	0	0
XM_047943847.1	1556	1357	0	0
XM_047943848.1	666	467	0	0
XM_047943849.1	666	467	0	0
XM_047943850.1	1441	1242	0	0
XM_047943851.1	1049	850	0	0
XM_047943852.1	498	299	0	0
XM_047943853.1	987	788	0	0
XM_047943854.1	447	248	0	0
XM_047943855.1	1741	1542	0	0
XM_047943856.1	2062	1863	0	0
XM_047943857.1	2329	2130	0	0
XM_047943858.1	5300	5101	0	0
XM_047943859.1	336	137	0	0
XM_047943860.1	1308	1109	0	0
XM_047943861.1	980	781	0	0
XM_047943862.1	318	119	0	0
XM_047943863.1	3159	2960	0	0
XM_047943864.1	975	776	0	0
XM_047943865.1	1398	1199	0	0
XM_047943866.1	1648	1449	0	0
XM_047943867.1	984	785	0	0
XM_047943868.1	1289	1090	0	0
XM_047943869.1	153	7.28986	0	0
XM_047943870.1	1303	1104	0	0
XM_047943871.1	1394	1195	0	0
XM_047943872.1	642	443	0	0
XM_047943873.1	1774	1575	0	0
XM_047943874.1	441	242	0	0
XM_047943875.1	909	710	0	0
XM_047943876.1	1525	1326	0	0
XM_047943877.1	2830	2631	0	0
XM_047943878.1	621	422	0	0
XM_047943879.1	426	227	0	0
XM_047943880.1	477	278	0	0
XM_047943881.1	4098	3899	0	0
XM_047943882.1	2810	2611	0	0
XM_047943883.1	2889	2690	0	0
XM_047943884.1	882	683	0	0
XM_047943885.1	1767	1568	0	0
XM_047943886.1	1263	1064	0	0
XM_047943887.1	1957	1758	0	0
XM_047943888.1	1466	1267	0	0
XM_047943889.1	1926	1727	0	0
XM_047943890.1	2075	1876	0	0
XM_047943891.1	1327	1128	0	0
XM_047943892.1	1020	821	0	0
XM_047943893.1	276	77.0053	0	0
XM_047943894.1	234	36.8813	0	0
XM_047943895.1	1156	957	0	0
XM_047943896.1	1252	1053	0	0
XM_047943897.1	2346	2147	0	0
XM_047943898.1	429	230	0	0
XM_047943899.1	420	221	0	0
XM_047943900.1	1236	1037	0	0
XM_047943901.1	399	200	0	0
XM_047943902.1	276	77.0053	0	0
XM_047943903.1	699	500	0	0
XM_047943904.1	171	9.50903	0	0
XM_047943905.1	1051	852	0	0
XM_047943906.1	930	731	0	0
XM_047943907.1	1995	1796	0	0
XM_047943908.1	525	326	0	0
XM_047943909.1	1886	1687	0	0
XM_047943910.1	375	176	0	0
XM_047943911.1	1124	925	0	0
XM_047943912.1	610	411	0	0
XM_047943913.1	756	557	0	0
XM_047943914.1	405	206	0	0
XM_047943915.1	669	470	0	0
XM_047943916.1	1287	1088	0	0
XM_047943917.1	2449	2250	0	0
XM_047943918.1	1852	1653	0	0
XM_047943919.1	417	218	0	0
XM_047943920.1	231	34.449	0	0
XM_047943921.1	1153	954	0	0
XM_047943922.1	1953	1754	0	0
XM_047943923.1	1104	905	0	0
XM_047943924.1	1821	1622	0	0
XM_047943925.1	243	44.7603	0	0
XM_047943926.1	1048	849	0	0
XM_047943927.1	1287	1088	0	0
XM_047943928.1	2396	2197	0	0
XM_047943929.1	1629	1430	0	0
XM_047943930.1	1317	1118	0	0
XM_047943931.1	2529	2330	0	0
XM_047943932.1	2658	2459	0	0
XM_047943933.1	3394	3195	0	0
XM_047943934.1	2547	2348	0	0
XM_047943935.1	2463	2264	0	0
XM_047943936.1	552	353	0	0
XM_047943937.1	1163	964	0	0
XM_047943938.1	252	53.2554	0	0
XM_047943939.1	1875	1676	0	0
XM_047943940.1	1284	1085	0	0
XM_047943941.1	384	185	0	0
XM_047943942.1	2201	2002	0	0
XM_047943943.1	4683	4484	0	0
XM_047943944.1	774	575	0	0
XM_047943945.1	3850	3651	0	0
XM_047943946.1	246	47.5399	0	0
XM_047943947.1	327	128	0	0
XM_047943948.1	258	59.1108	0	0
XM_047943949.1	591	392	0	0
XM_047943950.1	1811	1612	0	0
XM_047943951.1	1878	1679	0	0
XM_047943952.1	1893	1694	0	0
XM_047943953.1	918	719	0	0
XM_047943954.1	843	644	0	0
XM_047943955.1	324	125	0	0
XM_047943956.1	3338	3139	0	0
XM_047943957.1	549	350	0	0
XM_047943958.1	963	764	0	0
XM_047943959.1	198	15.9266	0	0
XM_047943960.1	384	185	0	0
XM_047943961.1	912	713	0	0
XM_047943962.1	3193	2994	0	0
XM_047943963.1	342	143	0	0
XM_047943964.1	309	110	0	0
XM_047943965.1	1412	1213	0	0
XM_047943966.1	387	188	0	0
XM_047943967.1	423	224	0	0
XM_047943968.1	2021	1822	0	0
XM_047943969.1	910	711	0	0
XM_047943970.1	2709	2510	0	0
XM_047943971.1	1941	1742	0	0
XM_047943972.1	471	272	0	0
XM_047943973.1	2089	1890	0	0
XM_047943974.1	1008	809	0	0
XM_047943975.1	1065	866	0	0
XM_047943976.1	3169	2970	0	0
XM_047943977.1	934	735	0	0
XM_047943978.1	588	389	0	0
XM_047943979.1	975	776	0	0
XM_047943980.1	853	654	0	0
XM_047943981.1	407	208	0	0
XM_047943982.1	825	626	0	0
XM_047943983.1	549	350	0	0
XM_047943984.1	2408	2209	0	0
XM_047943985.1	219	25.9389	0	0
XM_047943986.1	282	83.0016	0	0
XM_047943987.1	225	29.9375	0	0
XM_047943988.1	522	323	0	0
XM_047943989.1	4494	4295	0	0
XM_047943990.1	1881	1682	0	0
XM_047943991.1	2142	1943	0	0
XM_047943992.1	1590	1391	0	0
XM_047943993.1	1557	1358	0	0
XM_047943994.1	2958	2759	0	0
XM_047943995.1	285	86.0009	0	0
XM_047943996.1	2211	2012	0	0
XM_047943997.1	2061	1862	0	0
XM_047943998.1	2817	2618	0	0
XM_047943999.1	1098	899	0	0
XM_047944000.1	501	302	0	0
XM_047944001.1	1608	1409	0	0
XM_047944002.1	1605	1406	0	0
XM_047944003.1	1713	1514	0	0
XM_047944004.1	825	626	0	0
XM_047944005.1	1371	1172	0	0
XM_047944006.1	1350	1151	0	0
XM_047944007.1	444	245	0	0
XM_047944008.1	405	206	0	0
XM_047944009.1	780	581	0	0
XM_047944010.1	225	29.9375	0	0
XM_047944011.1	1257	1058	0	0
XM_047944012.1	2094	1895	0	0
XM_047944013.1	1557	1358	0	0
XM_047944014.1	1320	1121	0	0
XM_047944015.1	5757	5558	0	0
XM_047944016.1	5823	5624	0	0
XM_047944017.1	3362	3163	0	0
XM_047944018.1	354	155	0	0
XM_047944019.1	162	8.26769	0	0
XM_047944020.1	2063	1864	0	0
XM_047944021.1	744	545	0	0
XM_047944022.1	704	505	0	0
XM_047944023.1	517	318	0	0
XM_047944024.1	1798	1599	0	0
XM_047944025.1	201	17.0167	0	0
XM_047944026.1	285	86.0009	0	0
XM_047944027.1	2019	1820	0	0
XM_047944028.1	314	115	0	0
XM_047944029.1	2903	2704	0	0
XM_047944030.1	3085	2886	0	0
XM_047944031.1	1098	899	0	0
XM_047944032.1	165	8.64817	0	0
XM_047944033.1	294	95.0001	0	0
XM_047944034.1	291	92.0002	0	0
XM_047944035.1	2178	1979	0	0
XM_047944036.1	1961	1762	0	0
XM_047944037.1	2279	2080	0	0
XM_047944038.1	1656	1457	0	0
XM_047944039.1	2637	2438	0	0
XM_047944040.1	1902	1703	0	0
XM_047944041.1	2430	2231	0	0
XM_047944042.1	2493	2294	0	0
XM_047944043.1	3803	3604	0	0
XM_047944044.1	1922	1723	0	0
XM_047944045.1	1311	1112	0	0
XM_047944046.1	378	179	0	0
XM_047944047.1	711	512	0	0
XM_047944048.1	483	284	0	0
XM_047944049.1	878	679	0	0
XM_047944050.1	309	110	0	0
XM_047944051.1	795	596	0	0
XM_047944052.1	1029	830	0	0
XM_047944053.1	2148	1949	0	0
XM_047944054.1	1799	1600	0	0
XM_047944055.1	411	212	0	0
XM_047944056.1	372	173	0	0
XM_047944057.1	771	572	0	0
XM_047944058.1	939	740	0	0
XM_047944059.1	2587	2388	0	0
XM_047944060.1	2159	1960	0	0
XM_047944061.1	1155	956	0	0
XM_047944062.1	990	791	0	0
XM_047944063.1	414	215	0	0
XM_047944064.1	1191	992	0	0
XM_047944065.1	1483	1284	0	0
XM_047944066.1	2067	1868	0	0
XM_047944067.1	330	131	0	0
XM_047944068.1	1547	1348	0	0
XM_047944069.1	1461	1262	0	0
XM_047944070.1	1260	1061	0	0
XM_047944071.1	2188	1989	0	0
XM_047944072.1	1051	852	0	0
XM_047944073.1	1032	833	0	0
XM_047944074.1	306	107	0	0
XM_047944075.1	393	194	0	0
XM_047944076.1	186	12.4336	0	0
XM_047944077.1	2087	1888	0	0
XM_047944078.1	1317	1118	0	0
XM_047944079.1	974	775	0	0
XM_047944080.1	1050	851	0	0
XM_047944081.1	1668	1469	0	0
XM_047944082.1	2292	2093	0	0
XM_047944083.1	342	143	0	0
XM_047944084.1	366	167	0	0
XM_047944085.1	459	260	0	0
XM_047944086.1	444	245	0	0
XM_047944087.1	1131	932	0	0
XM_047944088.1	927	728	0	0
XM_047944089.1	1957	1758	0	0
XM_047944090.1	1833	1634	0	0
XM_047944091.1	1343	1144	0	0
XM_047944092.1	2526	2327	0	0
XM_047944093.1	2116	1917	0	0
XM_047944094.1	2371	2172	0	0
XM_047944095.1	384	185	0	0
XM_047944096.1	732	533	0	0
XM_047944097.1	1804	1605	0	0
XM_047944098.1	1802	1603	0	0
XM_047944099.1	816	617	0	0
XM_047944100.1	1773	1574	0	0
XM_047944101.1	1002	803	0	0
XM_047944102.1	785	586	0	0
XM_047944103.1	2845	2646	0	0
XM_047944104.1	1894	1695	0	0
XM_047944105.1	2044	1845	0	0
XM_047944106.1	1973	1774	0	0
XM_047944107.1	1764	1565	0	0
XM_047944108.1	774	575	0	0
XM_047944109.1	2361	2162	0	0
XM_047944110.1	2660	2461	0	0
XM_047944111.1	2048	1849	0	0
XM_047944112.1	2068	1869	0	0
XM_047944113.1	2775	2576	0	0
XM_047944114.1	2007	1808	0	0
XM_047944115.1	1452	1253	0	0
XM_047944116.1	1359	1160	0	0
XM_047944117.1	375	176	0	0
XM_047944118.1	507	308	0	0
XM_047944119.1	785	586	0	0
XM_047944120.1	2046	1847	0	0
XM_047944121.1	1890	1691	0	0
XM_047944122.1	774	575	0	0
XM_047944123.1	2514	2315	0	0
XM_047944124.1	1638	1439	0	0
XM_047944125.1	2145	1946	0	0
XM_047944126.1	2007	1808	0	0
XM_047944127.1	666	467	0	0
XM_047944128.1	585	386	0	0
XM_047944129.1	1077	878	0	0
XM_047944130.1	1128	929	0	0
XM_047944131.1	2404	2205	0	0
XM_047944132.1	2968	2769	0	0
XM_047944133.1	996	797	0	0
XM_047944134.1	3810	3611	0	0
XM_047944135.1	2178	1979	0	0
XM_047944136.1	1985	1786	0	0
XM_047944137.1	435	236	1	15994.5
XM_047944138.1	1656	1457	0	0
XM_047944139.1	474	275	0	0
XM_047944140.1	1301	1102	0	0
XM_047944141.1	837	638	0	0
XM_047944142.1	623	424	0	0
XM_047944143.1	4053	3854	0	0
XM_047944144.1	2041	1842	0	0
XM_047944145.1	1491	1292	0	0
XM_047944146.1	303	104	0	0
XM_047944147.1	1561	1362	0	0
XM_047944148.1	1339	1140	0	0
XM_047944149.1	1151	952	0	0
XM_047944150.1	2679	2480	0	0
XM_047944151.1	1347	1148	0	0
XM_047944152.1	621	422	0	0
XM_047944153.1	1080	881	0	0
XM_047944154.1	1041	842	0	0
XM_047944155.1	1059	860	0	0
XM_047944156.1	1914	1715	0	0
XM_047944157.1	1651	1452	0	0
XM_047944158.1	261	62.0706	0	0
XM_047944159.1	543	344	0	0
XM_047944160.1	927	728	0	0
XM_047944161.1	273	74.0093	0	0
XM_047944162.1	1404	1205	0	0
XM_047944163.1	621	422	0	0
XM_047944164.1	1402	1203	0	0
XM_047944165.1	4245	4046	0	0
XM_047944166.1	1651	1452	0	0
XM_047944167.1	321	122	0	0
XM_047944168.1	1098	899	0	0
XM_047944169.1	1153	954	0	0
XM_047944170.1	2690	2491	0	0
XM_047944171.1	1176	977	0	0
XM_047944172.1	1379	1180	0	0
XM_047944173.1	1441	1242	0	0
XM_047944174.1	1804	1605	0	0
XM_047944175.1	1194	995	0	0
XM_047944176.1	1004	805	0	0
XM_047944177.1	2906	2707	0	0
XM_047944178.1	2007	1808	0	0
XM_047944179.1	1385	1186	0	0
XM_047944180.1	1556	1357	0	0
XM_047944181.1	631	432	0	0
XM_047944182.1	915	716	0	0
XM_047944183.1	702	503	0	0
XM_047944184.1	729	530	0	0
XM_047944185.1	932	733	0	0
XM_047944186.1	971	772	0	0
XM_047944187.1	1260	1061	0	0
XM_047944188.1	1182	983	0	0
XM_047944189.1	1839	1640	0	0
XM_047944190.1	1133	934	0	0
XM_047944191.1	708	509	0	0
XM_047944192.1	2119	1920	0	0
XM_047944193.1	648	449	0	0
XM_047944194.1	228	32.1317	0	0
XM_047944195.1	363	164	0	0
XM_047944196.1	4431	4232	0	0
XM_047944197.1	1703	1504	0	0
XM_047944198.1	351	152	0	0
XM_047944199.1	1932	1733	0	0
XM_047944200.1	2054	1855	0	0
XM_047944201.1	1947	1748	0	0
XM_047944202.1	300	101	0	0
XM_047944203.1	3987	3788	0	0
XM_047944204.1	1305	1106	0	0
XM_047944205.1	2484	2285	0	0
XM_047944206.1	6092	5893	0	0
XM_047944207.1	1440	1241	0	0
XM_047944208.1	2663	2464	0	0
XM_047944209.1	818	619	0	0
XM_047944210.1	1389	1190	0	0
XM_047944211.1	1370	1171	0	0
XM_047944212.1	1455	1256	0	0
XM_047944213.1	246	47.5399	0	0
XM_047944214.1	864	665	0	0
XM_047944215.1	825	626	0	0
XM_047944216.1	324	125	0	0
XM_047944217.1	4392	4193	0	0
XM_047944218.1	1662	1463	0	0
XM_047944219.1	1419	1220	0	0
XM_047944220.1	676	477	0	0
XM_047944221.1	1704	1505	0	0
XM_047944222.1	480	281	0	0
XM_047944223.1	1646	1447	0	0
XM_047944224.1	4818	4619	0	0
XM_047944225.1	861	662	0	0
XM_047944226.1	375	176	0	0
XM_047944227.1	1132	933	0	0
XM_047944228.1	724	525	0	0
XM_047944229.1	1886	1687	0	0
XM_047944230.1	480	281	0	0
XM_047944231.1	2164	1965	0	0
XM_047944232.1	3645	3446	0	0
XM_047944233.1	825	626	0	0
XM_047944234.1	933	734	0	0
XM_047944235.1	1561	1362	0	0
XM_047944236.1	1510	1311	0	0
XM_047944237.1	870	671	0	0
XM_047944238.1	879	680	0	0
XM_047944239.1	1028	829	0	0
XM_047944240.1	4446	4247	0	0
XM_047944241.1	3455	3256	0	0
XM_047944242.1	798	599	0	0
XM_047944243.1	654	455	0	0
XM_047944244.1	4988	4789	0	0
XM_047944245.1	989	790	0	0
XM_047944246.1	2905	2706	0	0
XM_047944247.1	1911	1712	0	0
XM_047944248.1	1311	1112	0	0
XM_047944249.1	1208	1009	0	0
XM_047944250.1	1373	1174	0	0
XM_047944251.1	534	335	0	0
XM_047944252.1	966	767	0	0
XM_047944253.1	402	203	0	0
XM_047944254.1	1263	1064	0	0
XM_047944255.1	1066	867	0	0
XM_047944256.1	1779	1580	0	0
XM_047944257.1	1391	1192	0	0
XM_047944258.1	1762	1563	0	0
XM_047944259.1	2109	1910	0	0
XM_047944260.1	3319	3120	0	0
XM_047944261.1	618	419	0	0
XM_047944262.1	405	206	0	0
XM_047944263.1	270	71.016	0	0
XM_047944264.1	3455	3256	0	0
XM_047944265.1	234	36.8813	0	0
XM_047944266.1	2540	2341	0	0
XM_047944267.1	920	721	0	0
XM_047944268.1	1311	1112	0	0
XM_047944269.1	609	410	0	0
XM_047944270.1	855	656	0	0
XM_047944271.1	1074	875	0	0
XM_047944272.1	315	116	0	0
XM_047944273.1	249	50.3754	0	0
XM_047944274.1	258	59.1108	0	0
XM_047944275.1	1590	1391	0	0
XM_047944276.1	690	491	0	0
XM_047944277.1	1119	920	0	0
XM_047944278.1	300	101	0	0
XM_047944279.1	1995	1796	0	0
XM_047944280.1	861	662	0	0
XM_047944281.1	1281	1082	0	0
XM_047944282.1	1127	928	0	0
XM_047944283.1	2423	2224	0	0
XM_047944284.1	2029	1830	0	0
XM_047944285.1	1633	1434	0	0
XM_047944286.1	1770	1571	0	0
XM_047944287.1	2932	2733	0	0
XM_047944288.1	432	233	0	0
XM_047944289.1	348	149	0	0
XM_047944290.1	6375	6176	0	0
XM_047944291.1	6266	6067	0	0
XM_047944292.1	633	434	0	0
XM_047944293.1	657	458	0	0
XM_047944294.1	1635	1436	0	0
XM_047944295.1	1884	1685	1	2240.18
XM_047944296.1	1368	1169	0	0
XM_047944297.1	2189	1990	0	0
XM_047944298.1	4821	4622	0	0
XM_047944299.1	1110	911	0	0
XM_047944300.1	1110	911	0	0
XM_047944301.1	240	42.049	0	0
XM_047944302.1	1364	1165	0	0
XM_047944303.1	3003	2804	0	0
XM_047944304.1	1826	1627	0	0
XM_047944305.1	1810	1611	0	0
XM_047944306.1	993	794	0	0
XM_047944307.1	555	356	0	0
XM_047944308.1	1473	1274	0	0
XM_047944309.1	2348	2149	0	0
XM_047944310.1	765	566	0	0
XM_047944311.1	948	749	0	0
XM_047944312.1	1296	1097	0	0
XM_047944313.1	1062	863	0	0
XM_047944314.1	3413	3214	0	0
XM_047944315.1	2979	2780	0	0
XM_047944316.1	1911	1712	0	0
XM_047944317.1	795	596	0	0
XM_047944318.1	1482	1283	0	0
XM_047944319.1	1293	1094	0	0
XM_047944320.1	3016	2817	0	0
XM_047944321.1	882	683	0	0
XM_047944322.1	1632	1433	0	0
XM_047944323.1	1236	1037	0	0
XM_047944324.1	1254	1055	0	0
XM_047944325.1	4201	4002	0	0
XM_047944326.1	555	356	0	0
XM_047944327.1	1539	1340	0	0
XM_047944328.1	2363	2164	0	0
XM_047944329.1	2155	1956	0	0
XM_047944330.1	1686	1487	0	0
XM_047944331.1	378	179	0	0
XM_047944332.1	5896	5697	0	0
XM_047944333.1	2722	2523	0	0
XM_047944334.1	3176	2977	0	0
XM_047944335.1	441	242	0	0
XM_047944336.1	713	514	0	0
XM_047944337.1	1215	1016	0	0
XM_047944338.1	825	626	0	0
XM_047944339.1	366	167	0	0
XM_047944340.1	1389	1190	0	0
XM_047944341.1	643	444	0	0
XM_047944342.1	489	290	0	0
XM_047944343.1	1215	1016	0	0
XM_047944344.1	1249	1050	0	0
XM_047944345.1	1734	1535	0	0
XM_047944346.1	615	416	0	0
XM_047944347.1	2010	1811	0	0
XM_047944348.1	210	20.9285	0	0
XM_047944349.1	465	266	0	0
XM_047944350.1	6016	5817	0	0
XM_047944351.1	1915	1716	0	0
XM_047944352.1	897	698	0	0
XM_047944353.1	444	245	0	0
XM_047944354.1	2772	2573	0	0
XM_047944355.1	3118	2919	0	0
XM_047944356.1	2457	2258	0	0
XM_047944357.1	1539	1340	0	0
XM_047944358.1	4505	4306	0	0
XM_047944359.1	1471	1272	0	0
XM_047944360.1	654	455	0	0
XM_047944361.1	1572	1373	0	0
XM_047944362.1	1319	1120	0	0
XM_047944363.1	2418	2219	0	0
XM_047944364.1	2130	1931	0	0
XM_047944365.1	1125	926	0	0
XM_047944366.1	2178	1979	0	0
XM_047944367.1	342	143	0	0
XM_047944368.1	2346	2147	0	0
XM_047944369.1	2206	2007	0	0
XM_047944370.1	513	314	0	0
XM_047944371.1	1983	1784	0	0
XM_047944372.1	2514	2315	0	0
XM_047944373.1	2597	2398	0	0
XM_047944374.1	860	661	0	0
XM_047944375.1	447	248	0	0
XM_047944376.1	723	524	0	0
XM_047944377.1	1230	1031	0	0
XM_047944378.1	990	791	0	0
XM_047944379.1	300	101	0	0
XM_047944380.1	252	53.2554	0	0
XM_047944381.1	327	128	0	0
XM_047944382.1	393	194	0	0
XM_047944383.1	1036	837	0	0
XM_047944384.1	1137	938	0	0
XM_047944385.1	933	734	0	0
XM_047944386.1	762	563	0	0
XM_047944387.1	1201	1002	0	0
XM_047944388.1	1728	1529	0	0
XM_047944389.1	630	431	0	0
XM_047944390.1	1870	1671	0	0
XM_047944391.1	1594	1395	0	0
XM_047944392.1	898	699	0	0
XM_047944393.1	1587	1388	0	0
XM_047944394.1	1308	1109	0	0
XM_047944395.1	2603	2404	0	0
XM_047944396.1	1176	977	0	0
XM_047944397.1	462	263	0	0
XM_047944398.1	582	383	0	0
XM_047944399.1	444	245	0	0
XM_047944400.1	1711	1512	0	0
XM_047944401.1	1590	1391	0	0
XM_047944402.1	2779	2580	0	0
XM_047944403.1	2698	2499	0	0
XM_047944404.1	1542	1343	0	0
XM_047944405.1	1305	1106	0	0
XM_047944406.1	1410	1211	0	0
XM_047944407.1	2995	2796	0	0
XM_047944408.1	795	596	0	0
XM_047944409.1	758	559	0	0
XM_047944410.1	825	626	0	0
XM_047944411.1	787	588	0	0
XM_047944412.1	2212	2013	0	0
XM_047944413.1	4303	4104	0	0
XM_047944414.1	1044	845	0	0
XM_047944415.1	318	119	0	0
XM_047944416.1	1730	1531	0	0
XM_047944417.1	1757	1558	0	0
XM_047944418.1	2742	2543	0	0
XM_047944419.1	1345	1146	0	0
XM_047944420.1	3012	2813	0	0
XM_047944421.1	3279	3080	0	0
XM_047944422.1	222	27.8721	0	0
XM_047944423.1	686	487	0	0
XM_047944424.1	755	556	0	0
XM_047944425.1	1542	1343	0	0
XM_047944426.1	213	22.4695	0	0
XM_047944427.1	498	299	0	0
XM_047944428.1	2625	2426	0	0
XM_047944429.1	729	530	0	0
XM_047944430.1	423	224	0	0
XM_047944431.1	1746	1547	0	0
XM_047944432.1	1293	1094	0	0
XM_047944433.1	1014	815	0	0
XM_047944434.1	279	80.003	0	0
XM_047944435.1	3168	2969	0	0
XM_047944436.1	956	757	0	0
XM_047944437.1	688	489	0	0
XM_047944438.1	2178	1979	0	0
XM_047944439.1	2440	2241	0	0
XM_047944440.1	2765	2566	0	0
XM_047944441.1	501	302	0	0
XM_047944442.1	3421	3222	0	0
XM_047944443.1	1646	1447	0	0
XM_047944444.1	2883	2684	0	0
XM_047944445.1	552	353	0	0
XM_047944446.1	408	209	0	0
XM_047944447.1	920	721	0	0
XM_047944448.1	921	722	0	0
XM_047944449.1	954	755	0	0
XM_047944450.1	2811	2612	0	0
XM_047944451.1	648	449	0	0
XM_047944452.1	603	404	0	0
XM_047944453.1	1173	974	0	0
XM_047944454.1	504	305	0	0
XM_047944455.1	798	599	0	0
XM_047944456.1	1416	1217	0	0
XM_047944457.1	696	497	0	0
XM_047944458.1	951	752	0	0
XM_047944459.1	387	188	0	0
XM_047944460.1	1318	1119	0	0
XM_047944461.1	1441	1242	0	0
XM_047944462.1	2136	1937	0	0
XM_047944463.1	864	665	0	0
XM_047944464.1	1002	803	0	0
XM_047944465.1	1215	1016	0	0
XM_047944466.1	2470	2271	0	0
XM_047944467.1	993	794	0	0
XM_047944468.1	702	503	0	0
XM_047944469.1	1497	1298	0	0
XM_047944470.1	1052	853	0	0
XM_047944471.1	2315	2116	0	0
XM_047944472.1	285	86.0009	0	0
XM_047944473.1	234	36.8813	0	0
XM_047944474.1	3774	3575	0	0
XM_047944475.1	847	648	0	0
XM_047944476.1	1119	920	0	0
XM_047944477.1	4697	4498	0	0
XM_047944478.1	4862	4663	0	0
XM_047944479.1	772	573	0	0
XM_047944480.1	2529	2330	0	0
XM_047944481.1	3111	2912	0	0
XM_047944482.1	3563	3364	0	0
XM_047944483.1	912	713	0	0
XM_047944484.1	432	233	0	0
XM_047944485.1	2436	2237	0	0
XM_047944486.1	1045	846	0	0
XM_047944487.1	2106	1907	0	0
XM_047944488.1	1868	1669	2	4523.32
XM_047944489.1	1934	1735	0	0
XM_047944490.1	225	29.9375	0	0
XM_047944491.1	1497	1298	0	0
XM_047944492.1	489	290	0	0
XM_047944493.1	4059	3860	0	0
XM_047944494.1	1839	1640	0	0
XM_047944495.1	441	242	0	0
XM_047944496.1	1010	811	0	0
XM_047944497.1	533	334	0	0
XM_047944498.1	1310	1111	0	0
XM_047944499.1	2297	2098	0	0
XM_047944500.1	1290	1091	0	0
XM_047944501.1	1920	1721	0	0
XM_047944502.1	2617	2418	0	0
XM_047944503.1	1031	832	0	0
XM_047944504.1	839	640	0	0
XM_047944505.1	1872	1673	0	0
XM_047944506.1	1983	1784	0	0
XM_047944507.1	574	375	0	0
XM_047944508.1	2241	2042	0	0
XM_047944509.1	2000	1801	0	0
XM_047944510.1	2188	1989	0	0
XM_047944511.1	2073	1874	0	0
XM_047944512.1	2748	2549	0	0
XM_047944513.1	315	116	0	0
XM_047944514.1	552	353	0	0
XM_047944515.1	1686	1487	0	0
XM_047944516.1	1602	1403	0	0
XM_047944517.1	1698	1499	0	0
XM_047944518.1	587	388	0	0
XM_047944519.1	987	788	0	0
XM_047944520.1	1110	911	0	0
XM_047944521.1	3000	2801	0	0
XM_047944522.1	195	14.9308	0	0
XM_047944523.1	1599	1400	0	0
XM_047944524.1	686	487	0	0
XM_047944525.1	710	511	0	0
XM_047944526.1	2239	2040	0	0
XM_047944527.1	1452	1253	0	0
XM_047944528.1	546	347	0	0
XM_047944529.1	1436	1237	0	0
XM_047944530.1	1835	1636	0	0
XM_047944531.1	750	551	0	0
XM_047944532.1	420	221	0	0
XM_047944533.1	1511	1312	0	0
XM_047944534.1	180	11.1077	0	0
XM_047944535.1	624	425	0	0
XM_047944536.1	1035	836	0	0
XM_047944537.1	402	203	0	0
XM_047944538.1	162	8.26769	0	0
XM_047944539.1	228	32.1317	0	0
XM_047944540.1	2241	2042	0	0
XM_047944541.1	1095	896	0	0
XM_047944542.1	1662	1463	0	0
XM_047944543.1	2736	2537	1	1487.86
XM_047944544.1	2157	1958	1	1927.84
XM_047944545.1	552	353	0	0
XM_047944546.1	561	362	0	0
XM_047944547.1	1362	1163	0	0
XM_047944548.1	1725	1526	0	0
XM_047944549.1	2042	1843	0	0
XM_047944550.1	2443	2244	0	0
XM_047944551.1	1139	940	0	0
XM_047944552.1	1419	1220	0	0
XM_047944553.1	1537	1338	0	0
XM_047944554.1	360	161	0	0
XM_047944555.1	1923	1724	0	0
XM_047944556.1	1159	960	0	0
XM_047944557.1	555	356	0	0
XM_047944558.1	2669	2470	0	0
XM_047944559.1	1273	1074	0	0
XM_047944560.1	2103	1904	0	0
XM_047944561.1	4670	4471	0	0
XM_047944562.1	3565	3366	0	0
XM_047944563.1	2013	1814	0	0
XM_047944564.1	2854	2655	0	0
XM_047944565.1	1522	1323	0	0
XM_047944566.1	1590	1391	0	0
XM_047944567.1	1644	1445	0	0
XM_047944568.1	858	659	0	0
XM_047944569.1	2314	2115	0	0
XM_047944570.1	2425	2226	0	0
XM_047944571.1	3060	2861	0	0
XM_047944572.1	1944	1745	0	0
XM_047944573.1	2311	2112	0	0
XM_047944574.1	2410	2211	0	0
XM_047944575.1	906	707	0	0
XM_047944576.1	1041	842	0	0
XM_047944577.1	261	62.0706	0	0
XM_047944578.1	2349	2150	0	0
XM_047944579.1	2011	1812	0	0
XM_047944580.1	954	755	0	0
XM_047944581.1	348	149	0	0
XM_047944582.1	276	77.0053	0	0
XM_047944583.1	1819	1620	0	0
XM_047944584.1	525	326	0	0
XM_047944585.1	798	599	0	0
XM_047944586.1	1213	1014	0	0
XM_047944587.1	561	362	0	0
XM_047944588.1	1655	1456	0	0
XM_047944589.1	1231	1032	0	0
XM_047944590.1	1252	1053	0	0
XM_047944591.1	3650	3451	0	0
XM_047944592.1	3750	3551	0	0
XM_047944593.1	1781	1582	0	0
XM_047944594.1	1830	1631	0	0
XM_047944595.1	3166	2967	0	0
XM_047944596.1	3295	3096	0	0
XM_047944597.1	501	302	0	0
XM_047944598.1	2246	2047	0	0
XM_047944599.1	5265	5066	0	0
XM_047944600.1	1753	1554	0	0
XM_047944601.1	2846	2647	0	0
XM_047944602.1	1146	947	0	0
XM_047944603.1	717	518	0	0
XM_047944604.1	947	748	0	0
XM_047944605.1	2211	2012	0	0
XM_047944606.1	1984	1785	0	0
XM_047944607.1	1908	1709	0	0
XM_047944608.1	2371	2172	0	0
XM_047944609.1	3236	3037	0	0
XM_047944610.1	2099	1900	0	0
XM_047944611.1	1699	1500	0	0
XM_047944612.1	881	682	0	0
XM_047944613.1	981	782	0	0
XM_047944614.1	162	8.26769	0	0
XM_047944615.1	477	278	0	0
XM_047944616.1	2241	2042	0	0
XM_047944617.1	1524	1325	0	0
XM_047944618.1	3438	3239	0	0
XM_047944619.1	450	251	0	0
XM_047944620.1	2244	2045	0	0
XM_047944621.1	2046	1847	0	0
XM_047944622.1	1811	1612	0	0
XM_047944623.1	1056	857	0	0
XM_047944624.1	4800	4601	0	0
XM_047944625.1	789	590	0	0
XM_047944626.1	768	569	0	0
XM_047944627.1	1838	1639	0	0
XM_047944628.1	384	185	0	0
XM_047944629.1	3988	3789	0	0
XM_047944630.1	1623	1424	0	0
XM_047944631.1	1441	1242	0	0
XM_047944632.1	2883	2684	0	0
XM_047944633.1	1458	1259	0	0
XM_047944634.1	570	371	0	0
XM_047944635.1	183	11.741	0	0
XM_047944636.1	536	337	0	0
XM_047944637.1	3484	3285	0	0
XM_047944638.1	522	323	0	0
XM_047944639.1	2094	1895	0	0
XM_047944640.1	663	464	0	0
XM_047944641.1	1791	1592	0	0
XM_047944642.1	1257	1058	0	0
XM_047944643.1	1893	1694	0	0
XM_047944644.1	884	685	0	0
XM_047944645.1	1413	1214	0	0
XM_047944646.1	2675	2476	0	0
XM_047944647.1	1314	1115	0	0
XM_047944648.1	1641	1442	0	0
XM_047944649.1	918	719	0	0
XM_047944650.1	1472	1273	0	0
XM_047944651.1	1444	1245	0	0
XM_047944652.1	5993	5794	0	0
XM_047944653.1	786	587	0	0
XM_047944654.1	1155	956	0	0
XM_047944655.1	1188	989	0	0
XM_047944656.1	1561	1362	0	0
XM_047944657.1	2340	2141	0	0
XM_047944658.1	360	161	0	0
XM_047944659.1	3430	3231	0	0
XM_047944660.1	891	692	0	0
XM_047944661.1	2626	2427	0	0
XM_047944662.1	1647	1448	0	0
XM_047944663.1	852	653	0	0
XM_047944664.1	837	638	0	0
XM_047944665.1	693	494	0	0
XM_047944666.1	2987	2788	0	0
XM_047944667.1	834	635	0	0
XM_047944668.1	2020	1821	0	0
XM_047944669.1	2109	1910	0	0
XM_047944670.1	1386	1187	0	0
XM_047944671.1	509	310	0	0
XM_047944672.1	555	356	0	0
XM_047944673.1	3145	2946	0	0
XM_047944674.1	3496	3297	0	0
XM_047944675.1	3131	2932	0	0
XM_047944676.1	2536	2337	0	0
XM_047944677.1	693	494	0	0
XM_047944678.1	4815	4616	1	817.745
XM_047944679.1	255	56.1701	0	0
XM_047944680.1	870	671	1	5625.5
XM_047944681.1	2900	2701	0	0
XM_047944682.1	2632	2433	0	0
XM_047944683.1	3757	3558	0	0
XM_047944684.1	660	461	0	0
XM_047944685.1	4471	4272	0	0
XM_047944686.1	1576	1377	0	0
XM_047944687.1	871	672	0	0
XM_047944688.1	3935	3736	0	0
XM_047944689.1	5638	5439	1	694.008
XM_047944690.1	828	629	0	0
XM_047944691.1	1405	1206	0	0
XM_047944692.1	405	206	0	0
XM_047944693.1	1820	1621	0	0
XM_047944694.1	339	140	0	0
XM_047944695.1	2546	2347	0	0
XM_047944696.1	1188	989	0	0
XM_047944697.1	677	478	0	0
XM_047944698.1	3423	3224	0	0
XM_047944699.1	1380	1181	0	0
XM_047944700.1	2599	2400	0	0
XM_047944701.1	1585	1386	0	0
XM_047944702.1	216	24.1385	0	0
XM_047944703.1	2184	1985	0	0
XM_047944704.1	1423	1224	0	0
XM_047944705.1	1542	1343	0	0
XM_047944706.1	210	20.9285	0	0
XM_047944707.1	2536	2337	0	0
XM_047944708.1	1108	909	0	0
XM_047944709.1	1167	968	0	0
XM_047944710.1	249	50.3754	0	0
XM_047944711.1	2316	2117	0	0
XM_047944712.1	2170	1971	0	0
XM_047944713.1	1005	806	0	0
XM_047944714.1	2517	2318	0	0
XM_047944715.1	2968	2769	0	0
XM_047944716.1	861	662	0	0
XM_047944717.1	1003	804	0	0
XM_047944718.1	1754	1555	0	0
XM_047944719.1	1569	1370	0	0
XM_047944720.1	4160	3961	0	0
XM_047944721.1	3822	3623	0	0
XM_047944722.1	294	95.0001	0	0
XM_047944723.1	756	557	0	0
XM_047944724.1	1437	1238	0	0
XM_047944725.1	966	767	0	0
XM_047944726.1	498	299	0	0
XM_047944727.1	339	140	0	0
XM_047944728.1	789	590	0	0
XM_047944729.1	777	578	0	0
XM_047944730.1	3107	2908	0	0
XM_047944731.1	294	95.0001	0	0
XM_047944732.1	756	557	0	0
XM_047944733.1	2187	1988	0	0
XM_047944734.1	975	776	0	0
XM_047944735.1	1085	886	0	0
XM_047944736.1	2040	1841	0	0
XM_047944737.1	621	422	0	0
XM_047944738.1	327	128	0	0
XM_047944739.1	1062	863	0	0
XM_047944740.1	1608	1409	0	0
XM_047944741.1	972	773	0	0
XM_047944742.1	1356	1157	0	0
XM_047944743.1	1304	1105	1	3416.03
XM_047944744.1	699	500	0	0
XM_047944745.1	515	316	0	0
XM_047944746.1	1137	938	0	0
XM_047944747.1	1038	839	0	0
XM_047944748.1	1862	1663	0	0
XM_047944749.1	378	179	0	0
XM_047944750.1	594	395	0	0
XM_047944751.1	816	617	0	0
XM_047944752.1	3140	2941	0	0
XM_047944753.1	2784	2585	0	0
XM_047944754.1	1398	1199	0	0
XM_047944755.1	1954	1755	0	0
XM_047944756.1	708	509	0	0
XM_047944757.1	345	146	0	0
XM_047944758.1	921	722	0	0
XM_047944759.1	1590	1391	0	0
XM_047944760.1	1182	983	0	0
XM_047944761.1	1654	1455	0	0
XM_047944762.1	1570	1371	0	0
XM_047944763.1	3544	3345	0	0
XM_047944764.1	1412	1213	0	0
XM_047944765.1	1913	1714	0	0
XM_047944766.1	1341	1142	0	0
XM_047944767.1	2087	1888	0	0
XM_047944768.1	699	500	0	0
XM_047944769.1	543	344	0	0
XM_047944770.1	1260	1061	0	0
XM_047944771.1	1119	920	0	0
XM_047944772.1	1527	1328	0	0
XM_047944773.1	2895	2696	0	0
XM_047944774.1	600	401	0	0
XM_047944775.1	1065	866	0	0
XM_047944776.1	2236	2037	0	0
XM_047944777.1	2668	2469	0	0
XM_047944778.1	324	125	0	0
XM_047944779.1	1112	913	0	0
XM_047944780.1	4106	3907	0	0
XM_047944781.1	4095	3896	0	0
XM_047944782.1	3123	2924	1	1290.94
XM_047944783.1	1412	1213	0	0
XM_047944784.1	2630	2431	0	0
XM_047944785.1	966	767	0	0
XM_047944786.1	1411	1212	0	0
XM_047944787.1	1986	1787	0	0
XM_047944788.1	717	518	0	0
XM_047944789.1	672	473	0	0
XM_047944790.1	585	386	0	0
XM_047944791.1	1571	1372	0	0
XM_047944792.1	1651	1452	0	0
XM_047944793.1	1279	1080	0	0
XM_047944794.1	822	623	0	0
XM_047944795.1	399	200	0	0
XM_047944796.1	3404	3205	0	0
XM_047944797.1	2054	1855	0	0
XM_047944798.1	318	119	0	0
XM_047944799.1	2853	2654	0	0
XM_047944800.1	651	452	0	0
XM_047944801.1	1023	824	0	0
XM_047944802.1	396	197	0	0
XM_047944803.1	1739	1540	0	0
XM_047944804.1	303	104	0	0
XM_047944805.1	549	350	0	0
XM_047944806.1	432	233	0	0
XM_047944807.1	546	347	0	0
XM_047944808.1	2708	2509	0	0
XM_047944809.1	2511	2312	0	0
XM_047944810.1	732	533	0	0
XM_047944811.1	1404	1205	0	0
XM_047944812.1	2039	1840	0	0
XM_047944813.1	2388	2189	0	0
XM_047944814.1	2550	2351	0	0
XM_047944815.1	2528	2329	0	0
XM_047944816.1	3234	3035	0	0
XM_047944817.1	3358	3159	0	0
XM_047944818.1	2105	1906	0	0
XM_047944819.1	567	368	0	0
XM_047944820.1	1047	848	0	0
XM_047944821.1	1146	947	0	0
XM_047944822.1	507	308	0	0
XM_047944823.1	321	122	0	0
XM_047944824.1	1797	1598	0	0
XM_047944825.1	1512	1313	0	0
XM_047944826.1	1212	1013	0	0
XM_047944827.1	2933	2734	0	0
XM_047944828.1	1943	1744	0	0
XM_047944829.1	1090	891	0	0
XM_047944830.1	726	527	0	0
XM_047944831.1	864	665	0	0
XM_047944832.1	516	317	0	0
XM_047944833.1	963	764	0	0
XM_047944834.1	1027	828	0	0
XM_047944835.1	7419	7220	0	0
XM_047944836.1	717	518	0	0
XM_047944837.1	552	353	0	0
XM_047944838.1	372	173	0	0
XM_047944839.1	708	509	0	0
XM_047944840.1	819	620	0	0
XM_047944841.1	2225	2026	0	0
XM_047944842.1	1500	1301	0	0
XM_047944843.1	724	525	0	0
XM_047944844.1	2299	2100	0	0
XM_047944845.1	1516	1317	0	0
XM_047944846.1	1859	1660	0	0
XM_047944847.1	2015	1816	0	0
XM_047944848.1	1400	1201	4	12571.9
XM_047944849.1	1629	1430	0	0
XM_047944850.1	1313	1114	0	0
XM_047944851.1	1115	916	4	16483.5
XM_047944852.1	1452	1253	3	9037.62
XM_047944853.1	1095	896	0	0
XM_047944854.1	2129	1930	0	0
XM_047944855.1	273	74.0093	0	0
XM_047944856.1	4137	3938	0	0
XM_047944857.1	2226	2027	0	0
XM_047944858.1	1558	1359	0	0
XM_047944859.1	273	74.0093	0	0
XM_047944860.1	2123	1924	0	0
XM_047944861.1	633	434	0	0
XM_047944862.1	339	140	0	0
XM_047944863.1	1366	1167	0	0
XM_047944864.1	1518	1319	0	0
XM_047944865.1	560	361	0	0
XM_047944866.1	522	323	0	0
XM_047944867.1	273	74.0093	0	0
XM_047944868.1	633	434	0	0
XM_047944869.1	495	296	0	0
XM_047944870.1	273	74.0093	0	0
XM_047944871.1	264	65.044	0	0
XM_047944872.1	3011	2812	0	0
XM_047944873.1	1710	1511	0	0
XM_047944874.1	261	62.0706	0	0
XM_047944875.1	2136	1937	0	0
XM_047944876.1	2382	2183	0	0
XM_047944877.1	705	506	0	0
XM_047944878.1	2343	2144	0	0
XM_047944879.1	3276	3077	0	0
XM_047944880.1	3093	2894	0	0
XM_047944881.1	420	221	0	0
XM_047944882.1	1762	1563	0	0
XM_047944883.1	1884	1685	0	0
XM_047944884.1	706	507	0	0
XM_047944885.1	396	197	0	0
XM_047944886.1	798	599	0	0
XM_047944887.1	1406	1207	0	0
XM_047944888.1	1276	1077	0	0
XM_047944889.1	336	137	0	0
XM_047944890.1	997	798	0	0
XM_047944891.1	1407	1208	0	0
XM_047944892.1	471	272	0	0
XM_047944893.1	2567	2368	0	0
XM_047944894.1	2384	2185	0	0
XM_047944895.1	2406	2207	0	0
XM_047944896.1	2051	1852	0	0
XM_047944897.1	1740	1541	0	0
XM_047944898.1	204	18.2087	0	0
XM_047944899.1	312	113	0	0
XM_047944900.1	1594	1395	0	0
XM_047944901.1	204	18.2087	0	0
XM_047944902.1	315	116	0	0
XM_047944903.1	1677	1478	0	0
XM_047944904.1	1185	986	0	0
XM_047944905.1	1155	956	0	0
XM_047944906.1	789	590	0	0
XM_047944907.1	438	239	0	0
XM_047944908.1	2184	1985	0	0
XM_047944909.1	486	287	0	0
XM_047944910.1	546	347	0	0
XM_047944911.1	426	227	0	0
XM_047944912.1	1634	1435	0	0
XM_047944913.1	279	80.003	0	0
XM_047944914.1	1308	1109	0	0
XM_047944915.1	258	59.1108	0	0
XM_047944916.1	204	18.2087	0	0
XM_047944917.1	1089	890	0	0
XM_047944918.1	1271	1072	0	0
XM_047944919.1	849	650	0	0
XM_047944920.1	2495	2296	0	0
XM_047944921.1	2229	2030	0	0
XM_047944922.1	2475	2276	0	0
XM_047944923.1	897	698	0	0
XM_047944924.1	399	200	0	0
XM_047944925.1	615	416	0	0
XM_047944926.1	468	269	0	0
XM_047944927.1	1009	810	0	0
XM_047944928.1	591	392	0	0
XM_047944929.1	849	650	0	0
XM_047944930.1	1080	881	0	0
XM_047944931.1	5796	5597	0	0
XM_047944932.1	2252	2053	0	0
XM_047944933.1	2612	2413	0	0
XM_047944934.1	634	435	0	0
XM_047944935.1	1221	1022	0	0
XM_047944936.1	917	718	0	0
XM_047944937.1	785	586	0	0
XM_047944938.1	816	617	0	0
XM_047944939.1	2119	1920	0	0
XM_047944940.1	675	476	0	0
XM_047944941.1	522	323	0	0
XM_047944942.1	1227	1028	0	0
XM_047944943.1	1638	1439	0	0
XM_047944944.1	1090	891	0	0
XM_047944945.1	2444	2245	0	0
XM_047944946.1	567	368	0	0
XM_047944947.1	4371	4172	0	0
XM_047944948.1	1236	1037	0	0
XM_047944949.1	714	515	0	0
XM_047944950.1	4152	3953	0	0
XM_047944951.1	294	95.0001	0	0
XM_047944952.1	156	7.59116	0	0
XM_047944953.1	843	644	0	0
XM_047944954.1	372	173	0	0
XM_047944955.1	609	410	0	0
XM_047944956.1	954	755	0	0
XM_047944957.1	924	725	0	0
XM_047944958.1	468	269	0	0
XM_047944959.1	1451	1252	0	0
XM_047944960.1	972	773	0	0
XM_047944961.1	2025	1826	0	0
XM_047944962.1	863	664	0	0
XM_047944963.1	1228	1029	0	0
XM_047944964.1	1026	827	0	0
XM_047944965.1	3716	3517	0	0
XM_047944966.1	312	113	0	0
XM_047944967.1	1470	1271	0	0
XM_047944968.1	1657	1458	0	0
XM_047944969.1	3027	2828	0	0
XM_047944970.1	720	521	0	0
XM_047944971.1	1076	877	0	0
XM_047944972.1	1672	1473	0	0
XM_047944973.1	354	155	0	0
XM_047944974.1	519	320	0	0
XM_047944975.1	846	647	0	0
XM_047944976.1	1738	1539	1	2452.7
XM_047944977.1	1739	1540	0	0
XM_047944978.1	333	134	0	0
XM_047944979.1	663	464	0	0
XM_047944980.1	1224	1025	0	0
XM_047944981.1	1658	1459	0	0
XM_047944982.1	869	670	0	0
XM_047944983.1	487	288	0	0
XM_047944984.1	1209	1010	0	0
XM_047944985.1	375	176	0	0
XM_047944986.1	1743	1544	0	0
XM_047944987.1	1969	1770	0	0
XM_047944988.1	4243	4044	0	0
XM_047944989.1	1241	1042	0	0
XM_047944990.1	1510	1311	1	2879.26
XM_047944991.1	2150	1951	0	0
XM_047944992.1	696	497	0	0
XM_047944993.1	1781	1582	1	2386.04
XM_047944994.1	960	761	0	0
XM_047944995.1	336	137	0	0
XM_047944996.1	1519	1320	1	2859.63
XM_047944997.1	744	545	0	0
XM_047944998.1	876	677	0	0
XM_047944999.1	315	116	0	0
XM_047945000.1	327	128	0	0
XM_047945001.1	2230	2031	0	0
XM_047945002.1	345	146	0	0
XM_047945003.1	1876	1677	0	0
XM_047945004.1	829	630	0	0
XM_047945005.1	2021	1822	0	0
XM_047945006.1	2160	1961	0	0
XM_047945007.1	1107	908	0	0
XM_047945008.1	1229	1030	0	0
XM_047945009.1	1710	1511	0	0
XM_047945010.1	1857	1658	0	0
XM_047945011.1	1023	824	0	0
XM_047945012.1	567	368	0	0
XM_047945013.1	702	503	0	0
XM_047945014.1	705	506	0	0
XM_047945015.1	876	677	0	0
XM_047945016.1	381	182	0	0
XM_047945017.1	228	32.1317	0	0
XM_047945018.1	1521	1322	0	0
XM_047945019.1	1407	1208	0	0
XM_047945020.1	1287	1088	0	0
XM_047945021.1	363	164	0	0
XM_047945022.1	591	392	0	0
XM_047945023.1	321	122	0	0
XM_047945024.1	1491	1292	0	0
XM_047945025.1	1329	1130	0	0
XM_047945026.1	606	407	0	0
XM_047945027.1	1263	1064	0	0
XM_047945028.1	357	158	0	0
XM_047945029.1	330	131	0	0
XM_047945030.1	549	350	0	0
XM_047945031.1	2295	2096	0	0
XM_047945032.1	870	671	0	0
XM_047945033.1	711	512	0	0
XM_047945034.1	1134	935	0	0
XM_047945035.1	1386	1187	0	0
XM_047945036.1	342	143	0	0
XM_047945037.1	396	197	0	0
XM_047945038.1	390	191	0	0
XM_047945039.1	2490	2291	0	0
XM_047945040.1	590	391	0	0
XM_047945041.1	1824	1625	0	0
XM_047945042.1	653	454	0	0
XM_047945043.1	771	572	0	0
XM_047945044.1	237	39.4185	0	0
XM_047945045.1	171	9.50903	0	0
XM_047945046.1	501	302	0	0
XM_047945047.1	2137	1938	0	0
XM_047945048.1	618	419	0	0
XM_047945049.1	1512	1313	0	0
XM_047945050.1	1731	1532	0	0
XM_047945051.1	732	533	0	0
XM_047945052.1	1842	1643	0	0
XM_047945053.1	6544	6345	0	0
XM_047945054.1	2004	1805	0	0
XM_047945055.1	2032	1833	0	0
XM_047945056.1	1142	943	0	0
XM_047945057.1	153	7.28986	0	0
XM_047945058.1	297	98.0001	0	0
XM_047945059.1	1209	1010	0	0
XM_047945060.1	318	119	0	0
XM_047945061.1	216	24.1385	0	0
XM_047945062.1	543	344	0	0
XM_047945063.1	228	32.1317	0	0
XM_047945064.1	1552	1353	0	0
XM_047945065.1	1221	1022	0	0
XM_047945066.1	366	167	0	0
XM_047945067.1	1716	1517	0	0
XM_047945068.1	603	404	0	0
XM_047945069.1	999	800	0	0
XM_047945070.1	1170	971	0	0
XM_047945071.1	676	477	0	0
XM_047945072.1	660	461	0	0
XM_047945073.1	711	512	0	0
XM_047945074.1	795	596	0	0
XM_047945075.1	1266	1067	0	0
XM_047945076.1	459	260	0	0
XM_047945077.1	687	488	0	0
XM_047945078.1	1894	1695	0	0
XM_047945079.1	783	584	0	0
XM_047945080.1	294	95.0001	0	0
XM_047945081.1	435	236	0	0
XM_047945082.1	1674	1475	0	0
XM_047945083.1	873	674	0	0
XM_047945084.1	486	287	0	0
XM_047945085.1	1578	1379	0	0
XM_047945086.1	594	395	0	0
XM_047945087.1	360	161	0	0
XM_047945088.1	450	251	0	0
XM_047945089.1	1717	1518	0	0
XM_047945090.1	288	89.0004	0	0
XM_047945091.1	1491	1292	0	0
XM_047945092.1	906	707	0	0
XM_047945093.1	933	734	0	0
XM_047945094.1	840	641	0	0
XM_047945095.1	1193	994	0	0
XM_047945096.1	1218	1019	0	0
XM_047945097.1	1218	1019	0	0
XM_047945098.1	1548	1349	0	0
XM_047945099.1	1329	1130	0	0
XM_047945100.1	1182	983	0	0
XM_047945101.1	766	567	0	0
XM_047945102.1	408	209	0	0
XM_047945103.1	9591	9392	0	0
XM_047945104.1	846	647	0	0
XM_047945105.1	2254	2055	0	0
XM_047945106.1	3233	3034	0	0
XM_047945107.1	2490	2291	0	0
XM_047945108.1	555	356	0	0
XM_047945109.1	567	368	0	0
XM_047945110.1	505	306	0	0
XM_047945111.1	312	113	0	0
XM_047945112.1	2157	1958	0	0
XM_047945113.1	3207	3008	0	0
XM_047945114.1	3065	2866	0	0
XM_047945115.1	2822	2623	0	0
XM_047945116.1	2800	2601	0	0
XM_047945117.1	1065	866	0	0
XM_047945118.1	1759	1560	0	0
XM_047945119.1	3433	3234	0	0
XM_047945120.1	375	176	0	0
XM_047945121.1	636	437	0	0
XM_047945122.1	609	410	0	0
XM_047945123.1	2147	1948	0	0
XM_047945124.1	2384	2185	0	0
XM_047945125.1	561	362	0	0
XM_047945126.1	501	302	0	0
XM_047945127.1	1219	1020	0	0
XM_047945128.1	2787	2588	0	0
XM_047945129.1	342	143	0	0
XM_047945130.1	474	275	0	0
XM_047945131.1	246	47.5399	0	0
XM_047945132.1	4280	4081	0	0
XM_047945133.1	1231	1032	0	0
XM_047945134.1	618	419	0	0
XM_047945135.1	939	740	0	0
XM_047945136.1	384	185	0	0
XM_047945137.1	1818	1619	0	0
XM_047945138.1	1400	1201	0	0
XM_047945139.1	1488	1289	0	0
XM_047945140.1	513	314	0	0
XM_047945141.1	8359	8160	0	0
XM_047945142.1	798	599	0	0
XM_047945143.1	2191	1992	1	1894.94
XM_047945144.1	1774	1575	0	0
XM_047945145.1	867	668	0	0
XM_047945146.1	351	152	0	0
XM_047945147.1	1413	1214	0	0
XM_047945148.1	4483	4284	0	0
XM_047945149.1	2061	1862	0	0
XM_047945150.1	1422	1223	0	0
XM_047945151.1	1491	1292	0	0
XM_047945152.1	2844	2645	0	0
XM_047945153.1	3218	3019	0	0
XM_047945154.1	336	137	0	0
XM_047945155.1	312	113	0	0
XM_047945156.1	2301	2102	0	0
XM_047945157.1	219	25.9389	0	0
XM_047945158.1	2280	2081	0	0
XM_047945159.1	475	276	0	0
XM_047945160.1	585	386	0	0
XM_047945161.1	972	773	0	0
XM_047945162.1	371	172	0	0
XM_047945163.1	540	341	0	0
XM_047945164.1	297	98.0001	0	0
XM_047945165.1	373	174	0	0
XM_047945166.1	528	329	0	0
XM_047945167.1	1535	1336	0	0
XM_047945168.1	1032	833	0	0
XM_047945169.1	822	623	0	0
XM_047945170.1	450	251	0	0
XM_047945171.1	495	296	0	0
XM_047945172.1	1024	825	0	0
XM_047945173.1	1351	1152	0	0
XM_047945174.1	1107	908	0	0
XM_047945175.1	237	39.4185	0	0
XM_047945176.1	2560	2361	0	0
XM_047945177.1	1056	857	0	0
XM_047945178.1	6453	6254	0	0
XM_047945179.1	6332	6133	0	0
XM_047945180.1	862	663	0	0
XM_047945181.1	1831	1632	0	0
XM_047945182.1	429	230	0	0
XM_047945183.1	3924	3725	0	0
XM_047945184.1	1194	995	0	0
XM_047945185.1	360	161	0	0
XM_047945186.1	345	146	0	0
XM_047945187.1	8974	8775	0	0
XM_047945188.1	1311	1112	0	0
XM_047945189.1	1548	1349	0	0
XM_047945190.1	627	428	0	0
XM_047945191.1	2413	2214	0	0
XM_047945192.1	1810	1611	0	0
XM_047945193.1	333	134	0	0
XM_047945194.1	591	392	0	0
XM_047945195.1	219	25.9389	0	0
XM_047945196.1	558	359	0	0
XM_047945197.1	384	185	0	0
XM_047945198.1	2333	2134	0	0
XM_047945199.1	961	762	0	0
XM_047945200.1	2462	2263	0	0
XM_047945201.1	2845	2646	0	0
XM_047945202.1	2029	1830	0	0
XM_047945203.1	540	341	0	0
XM_047945204.1	642	443	0	0
XM_047945205.1	734	535	0	0
XM_047945206.1	1011	812	0	0
XM_047945207.1	1239	1040	0	0
XM_047945208.1	414	215	0	0
XM_047945209.1	1275	1076	0	0
XM_047945210.1	1561	1362	0	0
XM_047945211.1	309	110	0	0
XM_047945212.1	399	200	0	0
XM_047945213.1	2655	2456	0	0
XM_047945214.1	357	158	0	0
XM_047945215.1	1854	1655	0	0
XM_047945216.1	1662	1463	0	0
XM_047945217.1	2137	1938	0	0
XM_047945218.1	1927	1728	0	0
XM_047945219.1	2611	2412	0	0
XM_047945220.1	3977	3778	0	0
XM_047945221.1	1789	1590	0	0
XM_047945222.1	1900	1701	0	0
XM_047945223.1	3214	3015	0	0
XM_047945224.1	228	32.1317	0	0
XM_047945225.1	990	791	0	0
XM_047945226.1	1818	1619	0	0
XM_047945227.1	5156	4957	0	0
XM_047945228.1	5140	4941	0	0
XM_047945229.1	2236	2037	0	0
XM_047945230.1	777	578	0	0
XM_047945231.1	1223	1024	1	3686.24
XM_047945232.1	735	536	0	0
XM_047945233.1	1622	1423	0	0
XM_047945234.1	714	515	0	0
XM_047945235.1	354	155	0	0
XM_047945236.1	2238	2039	0	0
XM_047945237.1	999	800	0	0
XM_047945238.1	852	653	0	0
XM_047945239.1	387	188	0	0
XM_047945240.1	324	125	0	0
XM_047945241.1	261	62.0706	0	0
XM_047945242.1	912	713	0	0
XM_047945243.1	267	68.0268	0	0
XM_047945244.1	693	494	0	0
XM_047945245.1	1248	1049	0	0
XM_047945246.1	540	341	0	0
XM_047945247.1	405	206	0	0
XM_047945248.1	399	200	0	0
XM_047945249.1	1692	1493	0	0
XM_047945250.1	377	178	0	0
XM_047945251.1	316	117	0	0
XM_047945252.1	414	215	0	0
XM_047945253.1	753	554	0	0
XM_047945254.1	411	212	0	0
XM_047945255.1	309	110	0	0
XM_047945256.1	354	155	0	0
XM_047945257.1	1893	1694	0	0
XM_047945258.1	2232	2033	0	0
XM_047945259.1	527	328	0	0
XM_047945260.1	2179	1980	0	0
XM_047945261.1	2066	1867	0	0
XM_047945262.1	1557	1358	0	0
XM_047945263.1	2419	2220	0	0
XM_047945264.1	2163	1964	0	0
XM_047945265.1	2004	1805	0	0
XM_047945266.1	2171	1972	0	0
XM_047945267.1	1575	1376	0	0
XM_047945268.1	2010	1811	0	0
XM_047945269.1	252	53.2554	0	0
XM_047945270.1	333	134	0	0
XM_047945271.1	261	62.0706	0	0
XM_047945272.1	1446	1247	0	0
XM_047945273.1	1627	1428	0	0
XM_047945274.1	1060	861	0	0
XM_047945275.1	459	260	0	0
XM_047945276.1	1596	1397	0	0
XM_047945277.1	3014	2815	0	0
XM_047945278.1	1336	1137	0	0
XM_047945279.1	858	659	0	0
XM_047945280.1	1650	1451	0	0
XM_047945281.1	3841	3642	0	0
XM_047945282.1	1200	1001	0	0
XM_047945283.1	225	29.9375	0	0
XM_047945284.1	356	157	0	0
XM_047945285.1	813	614	0	0
XM_047945286.1	793	594	0	0
XM_047945287.1	1740	1541	0	0
XM_047945288.1	2004	1805	0	0
XM_047945289.1	1524	1325	0	0
XM_047945290.1	901	702	0	0
XM_047945291.1	1473	1274	0	0
XM_047945292.1	6649	6450	0	0
XM_047945293.1	1546	1347	0	0
XM_047945294.1	336	137	0	0
XM_047945295.1	613	414	0	0
XM_047945296.1	2124	1925	0	0
XM_047945297.1	2716	2517	0	0
XM_047945298.1	1235	1036	0	0
XM_047945299.1	795	596	0	0
XM_047945300.1	1173	974	0	0
XM_047945301.1	2262	2063	0	0
XM_047945302.1	318	119	0	0
XM_047945303.1	2223	2024	0	0
XM_047945304.1	2448	2249	0	0
XM_047945305.1	1662	1463	0	0
XM_047945306.1	1593	1394	0	0
XM_047945307.1	1123	924	0	0
XM_047945308.1	2141	1942	0	0
XM_047945309.1	1943	1744	0	0
XM_047945310.1	3234	3035	0	0
XM_047945311.1	2540	2341	0	0
XM_047945312.1	2291	2092	0	0
XM_047945313.1	948	749	0	0
XM_047945314.1	3067	2868	1	1316.15
XM_047945315.1	555	356	0	0
XM_047945316.1	282	83.0016	0	0
XM_047945317.1	1573	1374	0	0
XM_047945318.1	794	595	0	0
XM_047945319.1	348	149	0	0
XM_047945320.1	636	437	0	0
XM_047945321.1	1275	1076	0	0
XM_047945322.1	1457	1258	0	0
XM_047945323.1	6497	6298	0	0
XM_047945324.1	750	551	0	0
XM_047945325.1	2244	2045	0	0
XM_047945326.1	2117	1918	0	0
XM_047945327.1	396	197	0	0
XM_047945328.1	724	525	0	0
XM_047945329.1	680	481	0	0
XM_047945330.1	519	320	0	0
XM_047945331.1	3355	3156	0	0
XM_047945332.1	447	248	0	0
XM_047945333.1	837	638	0	0
XM_047945334.1	1781	1582	0	0
XM_047945335.1	863	664	0	0
XM_047945336.1	333	134	0	0
XM_047945337.1	2832	2633	0	0
XM_047945338.1	4839	4640	0	0
XM_047945339.1	4972	4773	0	0
XM_047945340.1	1086	887	0	0
XM_047945341.1	549	350	0	0
XM_047945342.1	1845	1646	0	0
XM_047945343.1	2021	1822	0	0
XM_047945344.1	684	485	0	0
XM_047945345.1	2807	2608	0	0
XM_047945346.1	300	101	0	0
XM_047945347.1	501	302	0	0
XM_047945348.1	2589	2390	2.54526	4019.93
XM_047945349.1	1343	1144	0	0
XM_047945350.1	705	506	0	0
XM_047945351.1	375	176	0	0
XM_047945352.1	1308	1109	0	0
XM_047945353.1	4822	4623	0	0
XM_047945354.1	1512	1313	0	0
XM_047945355.1	1368	1169	0	0
XM_047945356.1	708	509	0	0
XM_047945357.1	1908	1709	0	0
XM_047945358.1	658	459	0	0
XM_047945359.1	2131	1932	0	0
XM_047945360.1	531	332	0	0
XM_047945361.1	1169	970	0	0
XM_047945362.1	1230	1031	0	0
XM_047945363.1	738	539	0	0
XM_047945364.1	1728	1529	0	0
XM_047945365.1	609	410	0	0
XM_047945366.1	303	104	0	0
XM_047945367.1	948	749	0	0
XM_047945368.1	2154	1955	0	0
XM_047945369.1	1286	1087	0	0
XM_047945370.1	249	50.3754	0	0
XM_047945371.1	258	59.1108	0	0
XM_047945372.1	255	56.1701	0	0
XM_047945373.1	574	375	0	0
XM_047945374.1	471	272	0	0
XM_047945375.1	441	242	0	0
XM_047945376.1	1146	947	0	0
XM_047945377.1	1809	1610	3	7033.62
XM_047945378.1	595	396	0	0
XM_047945379.1	1074	875	0	0
XM_047945380.1	1137	938	0	0
XM_047945381.1	903	704	0	0
XM_047945382.1	480	281	0	0
XM_047945383.1	321	122	0	0
XM_047945384.1	330	131	0	0
XM_047945385.1	1632	1433	0	0
XM_047945386.1	2130	1931	0	0
XM_047945387.1	825	626	0	0
XM_047945388.1	1061	862	0	0
XM_047945389.1	996	797	0	0
XM_047945390.1	6554	6355	0	0
XM_047945391.1	6580	6381	0	0
XM_047945392.1	3381	3182	0	0
XM_047945393.1	372	173	0	0
XM_047945394.1	4002	3803	0	0
XM_047945395.1	1359	1160	0	0
XM_047945396.1	4223	4024	0	0
XM_047945397.1	3937	3738	0	0
XM_047945398.1	3884	3685	0	0
XM_047945399.1	1401	1202	0	0
XM_047945400.1	2440	2241	0	0
XM_047945401.1	1404	1205	0	0
XM_047945402.1	1967	1768	0	0
XM_047945403.1	543	344	0	0
XM_047945404.1	3259	3060	0	0
XM_047945405.1	2703	2504	0	0
XM_047945406.1	693	494	0	0
XM_047945407.1	771	572	0	0
XM_047945408.1	204	18.2087	0	0
XM_047945409.1	411	212	0	0
XM_047945410.1	369	170	0	0
XM_047945411.1	621	422	0	0
XM_047945412.1	1371	1172	0	0
XM_047945413.1	1203	1004	0.5	1879.84
XM_047945414.1	354	155	0	0
XM_047945415.1	411	212	0	0
XM_047945416.1	369	170	0	0
XM_047945417.1	381	182	0	0
XM_047945418.1	723	524	0	0
XM_047945419.1	321	122	0	0
XM_047945420.1	1203	1004	0.5	1879.84
XM_047945421.1	270	71.016	0	0
XM_047945422.1	426	227	0	0
XM_047945423.1	723	524	0	0
XM_047945424.1	444	245	0	0
XM_047945425.1	2026	1827	0	0
XM_047945426.1	1580	1381	0	0
XM_047945427.1	390	191	0	0
XM_047945428.1	1125	926	0	0
XM_047945429.1	1610	1411	0	0
XM_047945430.1	3717	3518	0	0
XM_047945431.1	2429	2230	0	0
XM_047945432.1	707	508	0	0
XM_047945433.1	561	362	0	0
XM_047945434.1	369	170	0	0
XM_047945435.1	1514	1315	0	0
XM_047945436.1	2227	2028	0	0
XM_047945437.1	3954	3755	0	0
XM_047945438.1	3414	3215	0	0
XM_047945439.1	1410	1211	0	0
XM_047945440.1	2045	1846	0	0
XM_047945441.1	2714	2515	0	0
XM_047945442.1	587	388	0	0
XM_047945443.1	273	74.0093	0	0
XM_047945444.1	2231	2032	0	0
XM_047945445.1	3747	3548	0	0
XM_047945446.1	1395	1196	0	0
XM_047945447.1	1233	1034	0	0
XM_047945448.1	2442	2243	0	0
XM_047945449.1	1796	1597	0	0
XM_047945450.1	1980	1781	0	0
XM_047945451.1	1077	878	0	0
XM_047945452.1	2239	2040	0	0
XM_047945453.1	1796	1597	0	0
XM_047945454.1	834	635	0	0
XM_047945455.1	1619	1420	0	0
XM_047945456.1	958	759	0	0
XM_047945457.1	1126	927	0	0
XM_047945458.1	528	329	0	0
XM_047945459.1	2075	1876	0	0
XM_047945460.1	1188	989	0	0
XM_047945461.1	1188	989	0	0
XM_047945462.1	897	698	0	0
XM_047945463.1	852	653	0	0
XM_047945464.1	912	713	0	0
XM_047945465.1	1084	885	0	0
XM_047945466.1	1248	1049	0	0
XM_047945467.1	747	548	0	0
XM_047945468.1	972	773	0	0
XM_047945469.1	726	527	0	0
XM_047945470.1	985	786	0	0
XM_047945471.1	882	683	0	0
XM_047945472.1	840	641	0	0
XM_047945473.1	564	365	0	0
XM_047945474.1	1266	1067	0	0
XM_047945475.1	1277	1078	0	0
XM_047945476.1	1368	1169	0	0
XM_047945477.1	762	563	0	0
XM_047945478.1	1032	833	0	0
XM_047945479.1	1720	1521	0	0
XM_047945480.1	3471	3272	0	0
XM_047945481.1	1705	1506	0	0
XM_047945482.1	174	9.99669	0	0
XM_047945483.1	384	185	0	0
XM_047945484.1	381	182	0	0
XM_047945485.1	2273	2074	0	0
XM_047945486.1	1751	1552	0	0
XM_047945487.1	971	772	0	0
XM_047945488.1	216	24.1385	0	0
XM_047945489.1	536	337	0	0
XM_047945490.1	2055	1856	0	0
XM_047945491.1	237	39.4185	0	0
XM_047945492.1	303	104	0	0
XM_047945493.1	2661	2462	0	0
XM_047945494.1	1579	1380	0	0
XM_047945495.1	4502	4303	0	0
XM_047945496.1	2151	1952	0	0
XM_047945497.1	420	221	0	0
XM_047945498.1	1878	1679	0	0
XM_047945499.1	860	661	0	0
XM_047945500.1	1222	1023	0	0
XM_047945501.1	1126	927	0	0
XM_047945502.1	527	328	0	0
XM_047945503.1	576	377	0	0
XM_047945504.1	843	644	0	0
XM_047945505.1	753	554	0	0
XM_047945506.1	1272	1073	0	0
XM_047945507.1	2070	1871	0	0
XM_047945508.1	1782	1583	0	0
XM_047945509.1	1714	1515	0	0
XM_047945510.1	2057	1858	0	0
XM_047945511.1	210	20.9285	0	0
XM_047945512.1	1254	1055	0	0
XM_047945513.1	1449	1250	0	0
XM_047945514.1	793	594	0	0
XM_047945515.1	273	74.0093	0	0
XM_047945516.1	786	587	0	0
XM_047945517.1	758	559	0	0
XM_047945518.1	1746	1547	0	0
XM_047945519.1	3390	3191	0	0
XM_047945520.1	1215	1016	0	0
XM_047945521.1	1317	1118	0	0
XM_047945522.1	2281	2082	0	0
XM_047945523.1	720	521	0	0
XM_047945524.1	1572	1373	0	0
XM_047945525.1	1473	1274	0	0
XM_047945526.1	1569	1370	0	0
XM_047945527.1	616	417	0	0
XM_047945528.1	1388	1189	0	0
XM_047945529.1	3818	3619	0	0
XM_047945530.1	3834	3635	0	0
XM_047945531.1	2843	2644	0	0
XM_047945532.1	1440	1241	0	0
XM_047945533.1	1695	1496	0	0
XM_047945534.1	741	542	0	0
XM_047945535.1	1676	1477	0	0
XM_047945536.1	960	761	0	0
XM_047945537.1	2669	2470	0	0
XM_047945538.1	3168	2969	0	0
XM_047945539.1	1533	1334	0	0
XM_047945540.1	2043	1844	0	0
XM_047945541.1	450	251	0	0
XM_047945542.1	261	62.0706	0	0
XM_047945543.1	741	542	0	0
XM_047945544.1	2062	1863	0	0
XM_047945545.1	2831	2632	0	0
XM_047945546.1	2797	2598	0	0
XM_047945547.1	420	221	0	0
XM_047945548.1	1466	1267	0	0
XM_047945549.1	1095	896	0	0
XM_047945550.1	1110	911	0	0
XM_047945551.1	1101	902	0	0
XM_047945552.1	1927	1728	0	0
XM_047945553.1	557	358	0	0
XM_047945554.1	1560	1361	0	0
XM_047945555.1	477	278	0	0
XM_047945556.1	180	11.1077	0	0
XM_047945557.1	708	509	0	0
XM_047945558.1	432	233	0	0
XM_047945559.1	324	125	0	0
XM_047945560.1	705	506	0	0
XM_047945561.1	428	229	0	0
XM_047945562.1	1728	1529	0	0
XM_047945563.1	504	305	0	0
XM_047945564.1	5533	5334	0	0
XM_047945565.1	291	92.0002	0	0
XM_047945566.1	2344	2145	0	0
XM_047945567.1	2562	2363	0	0
XM_047945568.1	1827	1628	0	0
XM_047945569.1	615	416	0	0
XM_047945570.1	234	36.8813	0	0
XM_047945571.1	459	260	0	0
XM_047945572.1	4342	4143	0	0
XM_047945573.1	4538	4339	0	0
XM_047945574.1	4397	4198	0	0
XM_047945575.1	417	218	0	0
XM_047945576.1	2796	2597	0	0
XM_047945577.1	402	203	0	0
XM_047945578.1	1923	1724	0	0
XM_047945579.1	501	302	0	0
XM_047945580.1	354	155	0	0
XM_047945581.1	504	305	0	0
XM_047945582.1	2322	2123	0	0
XM_047945583.1	1158	959	0	0
XM_047945584.1	981	782	0	0
XM_047945585.1	1737	1538	0	0
XM_047945586.1	1727	1528	0	0
XM_047945587.1	2979	2780	0	0
XM_047945588.1	2988	2789	0	0
XM_047945589.1	612	413	0	0
XM_047945590.1	792	593	0	0
XM_047945591.1	762	563	0	0
XM_047945592.1	627	428	0	0
XM_047945593.1	384	185	0	0
XM_047945594.1	246	47.5399	0	0
XM_047945595.1	1530	1331	0	0
XM_047945596.1	1349	1150	0	0
XM_047945597.1	558	359	0	0
XM_047945598.1	684	485	0	0
XM_047945599.1	2274	2075	0	0
XM_047945600.1	273	74.0093	0	0
XM_047945601.1	585	386	0	0
XM_047945602.1	996	797	0	0
XM_047945603.1	1086	887	0	0
XM_047945604.1	636	437	0	0
XM_047945605.1	330	131	0	0
XM_047945606.1	414	215	0	0
XM_047945607.1	1046	847	0	0
XM_047945608.1	2871	2672	0	0
XM_047945609.1	216	24.1385	0	0
XM_047945610.1	324	125	0	0
XM_047945611.1	1364	1165	0	0
XM_047945612.1	1633	1434	0	0
XM_047945613.1	404	205	0	0
XM_047945614.1	663	464	0	0
XM_047945615.1	1938	1739	1	2170.62
XM_047945616.1	1432	1233	0	0
XM_047945617.1	324	125	0	0
XM_047945618.1	1950	1751	0	0
XM_047945619.1	1461	1262	0	0
XM_047945620.1	2017	1818	0	0
XM_047945621.1	1227	1028	0	0
XM_047945622.1	537	338	0	0
XM_047945623.1	4211	4012	0	0
XM_047945624.1	879	680	0	0
XM_047945625.1	1677	1478	0	0
XM_047945626.1	1416	1217	0	0
XM_047945627.1	1113	914	0	0
XM_047945628.1	2098	1899	0	0
XM_047945629.1	1991	1792	0	0
XM_047945630.1	2179	1980	0	0
XM_047945631.1	2053	1854	0	0
XM_047945632.1	2101	1902	0	0
XM_047945633.1	636	437	0	0
XM_047945634.1	1139	940	0	0
XM_047945635.1	405	206	0	0
XM_047945636.1	4932	4733	0	0
XM_047945637.1	1537	1338	0	0
XM_047945638.1	2318	2119	0	0
XM_047945639.1	2444	2245	0	0
XM_047945640.1	1508	1309	0	0
XM_047945641.1	968	769	0	0
XM_047945642.1	1470	1271	0	0
XM_047945643.1	414	215	0	0
XM_047945644.1	492	293	0	0
XM_047945645.1	780	581	0	0
XM_047945646.1	870	671	0	0
XM_047945647.1	1929	1730	0	0
XM_047945648.1	471	272	0	0
XM_047945649.1	219	25.9389	0	0
XM_047945650.1	369	170	0	0
XM_047945651.1	474	275	0	0
XM_047945652.1	882	683	0	0
XM_047945653.1	552	353	0	0
XM_047945654.1	663	464	0	0
XM_047945655.1	4133	3934	0	0
XM_047945656.1	1299	1100	0	0
XM_047945657.1	882	683	0	0
XM_047945658.1	894	695	0	0
XM_047945659.1	803	604	0	0
XM_047945660.1	1442	1243	0	0
XM_047945661.1	3719	3520	0	0
XM_047945662.1	1997	1798	0	0
XM_047945663.1	3135	2936	0	0
XM_047945664.1	930	731	0	0
XM_047945665.1	2693	2494	0	0
XM_047945666.1	1674	1475	0	0
XM_047945667.1	1197	998	0	0
XM_047945668.1	1317	1118	0	0
XM_047945669.1	1539	1340	0	0
XM_047945670.1	1637	1438	0	0
XM_047945671.1	1257	1058	0	0
XM_047945672.1	1077	878	0	0
XM_047945673.1	285	86.0009	0	0
XM_047945674.1	573	374	0	0
XM_047945675.1	813	614	0	0
XM_047945676.1	666	467	0	0
XM_047945677.1	1092	893	0	0
XM_047945678.1	1989	1790	0	0
XM_047945679.1	261	62.0706	0	0
XM_047945680.1	525	326	0	0
XM_047945681.1	1032	833	0	0
XM_047945682.1	465	266	0	0
XM_047945683.1	516	317	0	0
XM_047945684.1	1104	905	0	0
XM_047945685.1	1575	1376	0	0
XM_047945686.1	660	461	0	0
XM_047945687.1	288	89.0004	0	0
XM_047945688.1	582	383	0	0
XM_047945689.1	952	753	0	0
XM_047945690.1	1922	1723	0	0
XM_047945691.1	1485	1286	1	2935.23
XM_047945692.1	1620	1421	0	0
XM_047945693.1	1850	1651	0	0
XM_047945694.1	1925	1726	0	0
XM_047945695.1	1000	801	1	4712.5
XM_047945696.1	1122	923	0	0
XM_047945697.1	741	542	0	0
XM_047945698.1	4597	4398	0	0
XM_047945699.1	4658	4459	0	0
XM_047945700.1	4667	4468	0	0
XM_047945701.1	597	398	0	0
XM_047945702.1	303	104	0	0
XM_047945703.1	285	86.0009	0	0
XM_047945704.1	1050	851	0	0
XM_047945705.1	1649	1450	0	0
XM_047945706.1	1665	1466	0	0
XM_047945707.1	1764	1565	0	0
XM_047945708.1	714	515	0	0
XM_047945709.1	378	179	0	0
XM_047945710.1	2430	2231	0	0
XM_047945711.1	777	578	0	0
XM_047945712.1	291	92.0002	0	0
XM_047945713.1	1752	1553	0	0
XM_047945714.1	1379	1180	0	0
XM_047945715.1	1404	1205	0	0
XM_047945716.1	1988	1789	0	0
XM_047945717.1	770	571	0	0
XM_047945718.1	417	218	0	0
XM_047945719.1	2358	2159	0	0
XM_047945720.1	900	701	0	0
XM_047945721.1	684	485	0	0
XM_047945722.1	318	119	0	0
XM_047945723.1	621	422	0	0
XM_047945724.1	1600	1401	0	0
XM_047945725.1	1812	1613	0	0
XM_047945726.1	231	34.449	0	0
XM_047945727.1	2254	2055	0	0
XM_047945728.1	1311	1112	0	0
XM_047945729.1	2427	2228	0	0
XM_047945730.1	2954	2755	0	0
XM_047945731.1	729	530	0	0
XM_047945732.1	693	494	0	0
XM_047945733.1	276	77.0053	0	0
XM_047945734.1	291	92.0002	0	0
XM_047945735.1	519	320	0	0
XM_047945736.1	633	434	0	0
XM_047945737.1	2214	2015	0	0
XM_047945738.1	1446	1247	0	0
XM_047945739.1	1395	1196	0	0
XM_047945740.1	378	179	0	0
XM_047945741.1	306	107	0	0
XM_047945742.1	1552	1353	0	0
XM_047945743.1	1740	1541	0	0
XM_047945744.1	342	143	0	0
XM_047945745.1	1785	1586	0	0
XM_047945746.1	1873	1674	0	0
XM_047945747.1	822	623	0	0
XM_047945748.1	267	68.0268	0	0
XM_047945749.1	1410	1211	0	0
XM_047945750.1	1552	1353	0	0
XM_047945751.1	1990	1791	0	0
XM_047945752.1	1399	1200	0	0
XM_047945753.1	1604	1405	0	0
XM_047945754.1	2411	2212	0	0
XM_047945755.1	1033	834	0	0
XM_047945756.1	423	224	0	0
XM_047945757.1	186	12.4336	0	0
XM_047945758.1	2142	1943	0	0
XM_047945759.1	777	578	0	0
XM_047945760.1	411	212	0	0
XM_047945761.1	674	475	0	0
XM_047945762.1	903	704	0	0
XM_047945763.1	210	20.9285	0	0
XM_047945764.1	516	317	0	0
XM_047945765.1	555	356	0	0
XM_047945766.1	177	10.528	0	0
XM_047945767.1	678	479	0	0
XM_047945768.1	1169	970	0	0
XM_047945769.1	1281	1082	0	0
XM_047945770.1	420	221	0	0
XM_047945771.1	735	536	0	0
XM_047945772.1	720	521	0	0
XM_047945773.1	249	50.3754	0	0
XM_047945774.1	981	782	0	0
XM_047945775.1	354	155	0	0
XM_047945776.1	3795	3596	0	0
XM_047945777.1	2877	2678	0	0
XM_047945778.1	162	8.26769	0	0
XM_047945779.1	393	194	0	0
XM_047945780.1	618	419	0	0
XM_047945781.1	1518	1319	0	0
XM_047945782.1	1601	1402	0	0
XM_047945783.1	297	98.0001	0	0
XM_047945784.1	1275	1076	0	0
XM_047945785.1	204	18.2087	0	0
XM_047945786.1	1047	848	0	0
XM_047945787.1	447	248	0	0
XM_047945788.1	918	719	0	0
XM_047945789.1	3665	3466	0	0
XM_047945790.1	2497	2298	0	0
XM_047945791.1	1311	1112	0	0
XM_047945792.1	273	74.0093	0	0
XM_047945793.1	1940	1741	0	0
XM_047945794.1	1928	1729	0	0
XM_047945795.1	1042	843	0	0
XM_047945796.1	934	735	0	0
XM_047945797.1	1653	1454	0	0
XM_047945798.1	1362	1163	0	0
XM_047945799.1	2934	2735	0	0
XM_047945800.1	1120	921	0	0
XM_047945801.1	1203	1004	0	0
XM_047945802.1	1037	838	0	0
XM_047945803.1	468	269	0	0
XM_047945804.1	930	731	0	0
XM_047945805.1	10154	9955	0	0
XM_047945806.1	1478	1279	0	0
XM_047945807.1	2711	2512	0	0
XM_047945808.1	679	480	0	0
XM_047945809.1	1801	1602	0	0
XM_047945810.1	315	116	0	0
XM_047945811.1	2133	1934	0	0
XM_047945812.1	387	188	0	0
XM_047945813.1	7550	7351	0	0
XM_047945814.1	1584	1385	0	0
XM_047945815.1	1128	929	1	4063.2
XM_047945816.1	654	455	0	0
XM_047945817.1	441	242	0	0
XM_047945818.1	1087	888	0	0
XM_047945819.1	2063	1864	0	0
XM_047945820.1	839	640	1	5897.99
XM_047945821.1	315	116	0	0
XM_047945822.1	694	495	0	0
XM_047945823.1	3273	3074	0	0
XM_047945824.1	1396	1197	0	0
XM_047945825.1	897	698	0	0
XM_047945826.1	3420	3221	0	0
XM_047945827.1	3000	2801	0	0
XM_047945828.1	1788	1589	0	0
XM_047945829.1	1897	1698	0	0
XM_047945830.1	1483	1284	0	0
XM_047945831.1	2745	2546	0	0
XM_047945832.1	678	479	0	0
XM_047945833.1	1839	1640	0	0
XM_047945834.1	979	780	0	0
XM_047945835.1	939	740	0	0
XM_047945836.1	3476	3277	0	0
XM_047945837.1	730	531	0	0
XM_047945838.1	1482	1283	0	0
XM_047945839.1	2222	2023	0	0
XM_047945840.1	1374	1175	0	0
XM_047945841.1	243	44.7603	0	0
XM_047945842.1	573	374	0	0
XM_047945843.1	1443	1244	0	0
XM_047945844.1	2214	2015	0	0
XM_047945845.1	868	669	0	0
XM_047945846.1	1139	940	0	0
XM_047945847.1	765	566	0	0
XM_047945848.1	603	404	0	0
XM_047945849.1	741	542	0	0
XM_047945850.1	2197	1998	0	0
XM_047945851.1	1120	921	0	0
XM_047945852.1	6073	5874	1	642.613
XM_047945853.1	2094	1895	0	0
XM_047945854.1	2610	2411	0	0
XM_047945855.1	940	741	0	0
XM_047945856.1	432	233	0	0
XM_047945857.1	1444	1245	2	6063.79
XM_047945858.1	1254	1055	0	0
XM_047945859.1	3297	3098	0	0
XM_047945860.1	390	191	0	0
XM_047945861.1	1784	1585	0	0
XM_047945862.1	330	131	0	0
XM_047945863.1	1371	1172	0	0
XM_047945864.1	1398	1199	0	0
XM_047945865.1	1305	1106	0	0
XM_047945866.1	570	371	0	0
XM_047945867.1	801	602	0	0
XM_047945868.1	1299	1100	0	0
XM_047945869.1	830	631	0	0
XM_047945870.1	733	534	0	0
XM_047945871.1	1101	902	0	0
XM_047945872.1	741	542	0	0
XM_047945873.1	1751	1552	0	0
XM_047945874.1	1150	951	0	0
XM_047945875.1	594	395	0	0
XM_047945876.1	1263	1064	0	0
XM_047945877.1	222	27.8721	0	0
XM_047945878.1	1476	1277	0	0
XM_047945879.1	648	449	0	0
XM_047945880.1	1520	1321	0	0
XM_047945881.1	1256	1057	0	0
XM_047945882.1	1636	1437	0	0
XM_047945883.1	1988	1789	0	0
XM_047945884.1	1131	932	0	0
XM_047945885.1	2312	2113	0	0
XM_047945886.1	1257	1058	0	0
XM_047945887.1	1353	1154	0	0
XM_047945888.1	1623	1424	0	0
XM_047945889.1	1647	1448	0	0
XM_047945890.1	1023	824	0	0
XM_047945891.1	2135	1936	0	0
XM_047945892.1	1344	1145	0	0
XM_047945893.1	645	446	0	0
XM_047945894.1	687	488	0	0
XM_047945895.1	759	560	0	0
XM_047945896.1	1041	842	0	0
XM_047945897.1	1356	1157	0	0
XM_047945898.1	1443	1244	0	0
XM_047945899.1	1836	1637	0	0
XM_047945900.1	1070	871	0	0
XM_047945901.1	2121	1922	0	0
XM_047945902.1	1654	1455	0	0
XM_047945903.1	645	446	0	0
XM_047945904.1	432	233	0	0
XM_047945905.1	2927	2728	1	1383.69
XM_047945906.1	930	731	0	0
XM_047945907.1	594	395	0	0
XM_047945908.1	1480	1281	0	0
XM_047945909.1	393	194	0	0
XM_047945910.1	690	491	0	0
XM_047945911.1	585	386	0	0
XM_047945912.1	1647	1448	0	0
XM_047945913.1	1065	866	0	0
XM_047945914.1	1175	976	0	0
XM_047945915.1	648	449	0	0
XM_047945916.1	1532	1333	0	0
XM_047945917.1	1651	1452	0	0
XM_047945918.1	1513	1314	0	0
XM_047945919.1	1030	831	0	0
XM_047945920.1	4120	3921	0	0
XM_047945921.1	2493	2294	0	0
XM_047945922.1	2254	2055	0	0
XM_047945923.1	1200	1001	0	0
XM_047945924.1	2365	2166	0	0
XM_047945925.1	1579	1380	0	0
XM_047945926.1	724	525	0	0
XM_047945927.1	195	14.9308	0	0
XM_047945928.1	276	77.0053	0	0
XM_047945929.1	516	317	0	0
XM_047945930.1	2807	2608	0	0
XM_047945931.1	2433	2234	0	0
XM_047945932.1	2106	1907	0	0
XM_047945933.1	2015	1816	0	0
XM_047945934.1	1744	1545	0	0
XM_047945935.1	725	526	1	7176.26
XM_047945936.1	610	411	0	0
XM_047945937.1	438	239	0	0
XM_047945938.1	1160	961	0	0
XM_047945939.1	865	666	0	0
XM_047945940.1	876	677	0	0
XM_047945941.1	297	98.0001	0	0
XM_047945942.1	642	443	0	0
XM_047945943.1	1482	1283	0	0
XM_047945944.1	225	29.9375	0	0
XM_047945945.1	2340	2141	0	0
XM_047945946.1	687	488	0	0
XM_047945947.1	1065	866	0	0
XM_047945948.1	1929	1730	0	0
XM_047945949.1	390	191	0	0
XM_047945950.1	213	22.4695	0	0
XM_047945951.1	483	284	0	0
XM_047945952.1	360	161	0	0
XM_047945953.1	687	488	0	0
XM_047945954.1	843	644	0	0
XM_047945955.1	729	530	0	0
XM_047945956.1	336	137	0	0
XM_047945957.1	579	380	0	0
XM_047945958.1	240	42.049	0	0
XM_047945959.1	1599	1400	0	0
XM_047945960.1	474	275	0	0
XM_047945961.1	483	284	0	0
XM_047945962.1	360	161	0	0
XM_047945963.1	1500	1301	0	0
XM_047945964.1	729	530	0	0
XM_047945965.1	1068	869	0	0
XM_047945966.1	1261	1062	0	0
XM_047945967.1	2566	2367	0	0
XM_047945968.1	4900	4701	0	0
XM_047945969.1	685	486	0	0
XM_047945970.1	1656	1457	0	0
XM_047945971.1	393	194	0	0
XM_047945972.1	711	512	0	0
XM_047945973.1	291	92.0002	0	0
XM_047945974.1	759	560	0	0
XM_047945975.1	735	536	0	0
XM_047945976.1	527	328	0	0
XM_047945977.1	4925	4726	0	0
XM_047945978.1	342	143	0	0
XM_047945979.1	1668	1469	0	0
XM_047945980.1	854	655	0	0
XM_047945981.1	1804	1605	0	0
XM_047945982.1	826	627	0	0
XM_047945983.1	2260	2061	0	0
XM_047945984.1	2325	2126	0	0
XM_047945985.1	2798	2599	0	0
XM_047945986.1	1056	857	0	0
XM_047945987.1	3569	3370	0	0
XM_047945988.1	727	528	0	0
XM_047945989.1	1580	1381	0	0
XM_047945990.1	234	36.8813	0	0
XM_047945991.1	1749	1550	0	0
XM_047945992.1	1815	1616	0	0
XM_047945993.1	309	110	0	0
XM_047945994.1	291	92.0002	0	0
XM_047945995.1	468	269	0	0
XM_047945996.1	168	9.06081	0	0
XM_047945997.1	879	680	0	0
XM_047945998.1	677	478	0	0
XM_047945999.1	3566	3367	0	0
XM_047946000.1	420	221	0	0
XM_047946001.1	943	744	0	0
XM_047946002.1	258	59.1108	0	0
XM_047946003.1	1974	1775	0	0
XM_047946004.1	3506	3307	0	0
XM_047946005.1	2217	2018	0	0
XM_047946006.1	372	173	0	0
XM_047946007.1	661	462	0	0
XM_047946008.1	735	536	0	0
XM_047946009.1	510	311	0	0
XM_047946010.1	846	647	0	0
XM_047946011.1	495	296	0	0
XM_047946012.1	393	194	0	0
XM_047946013.1	342	143	0	0
XM_047946014.1	234	36.8813	0	0
XM_047946015.1	183	11.741	0	0
XM_047946016.1	159	7.91627	0	0
XM_047946017.1	510	311	0	0
XM_047946018.1	1575	1376	0	0
XM_047946019.1	246	47.5399	0	0
XM_047946020.1	1764	1565	0	0
XM_047946021.1	240	42.049	0	0
XM_047946022.1	291	92.0002	0	0
XM_047946023.1	612	413	0	0
XM_047946024.1	603	404	0	0
XM_047946025.1	910	711	0	0
XM_047946026.1	2819	2620	0	0
XM_047946027.1	444	245	0	0
XM_047946028.1	618	419	0	0
XM_047946029.1	579	380	0	0
XM_047946030.1	2285	2086	0	0
XM_047946031.1	2361	2162	0	0
XM_047946032.1	1530	1331	0	0
XM_047946033.1	1723	1524	0	0
XM_047946034.1	2046	1847	0	0
XM_047946035.1	1649	1450	0	0
XM_047946036.1	1389	1190	0	0
XM_047946037.1	2340	2141	0	0
XM_047946038.1	4509	4310	0	0
XM_047946039.1	858	659	0	0
XM_047946040.1	1026	827	0	0
XM_047946041.1	1058	859	0	0
XM_047946042.1	672	473	0	0
XM_047946043.1	579	380	0	0
XM_047946044.1	3657	3458	0	0
XM_047946045.1	1124	925	0	0
XM_047946046.1	1799	1600	0	0
XM_047946047.1	2414	2215	0	0
XM_047946048.1	369	170	0	0
XM_047946049.1	750	551	0	0
XM_047946050.1	414	215	0	0
XM_047946051.1	381	182	0	0
XM_047946052.1	207	19.5103	0	0
XM_047946053.1	978	779	0	0
XM_047946054.1	300	101	0	0
XM_047946055.1	264	65.044	0	0
XM_047946056.1	213	22.4695	0	0
XM_047946057.1	417	218	0	0
XM_047946058.1	2845	2646	0	0
XM_047946059.1	420	221	0	0
XM_047946060.1	1470	1271	0	0
XM_047946061.1	1776	1577	0	0
XM_047946062.1	1029	830	0	0
XM_047946063.1	990	791	0	0
XM_047946064.1	309	110	0	0
XM_047946065.1	609	410	0	0
XM_047946066.1	387	188	0	0
XM_047946067.1	465	266	0	0
XM_047946068.1	492	293	0	0
XM_047946069.1	753	554	0	0
XM_047946070.1	540	341	0	0
XM_047946071.1	351	152	0	0
XM_047946072.1	567	368	0	0
XM_047946073.1	975	776	0	0
XM_047946074.1	657	458	0	0
XM_047946075.1	285	86.0009	0	0
XM_047946076.1	1467	1268	0	0
XM_047946077.1	1560	1361	0	0
XM_047946078.1	819	620	0	0
XM_047946079.1	1968	1769	0	0
XM_047946080.1	201	17.0167	0	0
XM_047946081.1	435	236	0	0
XM_047946082.1	510	311	0	0
XM_047946083.1	669	470	0	0
XM_047946084.1	297	98.0001	0	0
XM_047946085.1	498	299	0	0
XM_047946086.1	2559	2360	0	0
XM_047946087.1	936	737	0	0
XM_047946088.1	657	458	0	0
XM_047946089.1	612	413	0	0
XM_047946090.1	3208	3009	0	0
XM_047946091.1	1080	881	0	0
XM_047946092.1	1230	1031	0	0
XM_047946093.1	327	128	0	0
XM_047946094.1	1026	827	0	0
XM_047946095.1	528	329	0	0
XM_047946096.1	513	314	0	0
XM_047946097.1	984	785	0	0
XM_047946098.1	612	413	0	0
XM_047946099.1	3208	3009	0	0
XM_047946100.1	1089	890	0	0
XM_047946101.1	1863	1664	0	0
XM_047946102.1	1453	1254	0	0
XM_047946103.1	771	572	0	0
XM_047946104.1	2973	2774	0	0
XM_047946105.1	2138	1939	0	0
XM_047946106.1	2113	1914	0	0
XM_047946107.1	1359	1160	0	0
XM_047946108.1	3736	3537	0	0
XM_047946109.1	3262	3063	0	0
XM_047946110.1	1636	1437	0	0
XM_047946111.1	1760	1561	0	0
XM_047946112.1	1731	1532	0	0
XM_047946113.1	1681	1482	0	0
XM_047946114.1	1905	1706	0	0
XM_047946115.1	279	80.003	0	0
XM_047946116.1	291	92.0002	0	0
XM_047946117.1	768	569	0	0
XM_047946118.1	2562	2363	0	0
XM_047946119.1	1551	1352	0	0
XM_047946120.1	618	419	0	0
XM_047946121.1	234	36.8813	0	0
XM_047946122.1	498	299	0	0
XM_047946123.1	1434	1235	0	0
XM_047946124.1	345	146	0	0
XM_047946125.1	711	512	0	0
XM_047946126.1	462	263	0	0
XM_047946127.1	1685	1486	0	0
XM_047946128.1	477	278	0	0
XM_047946129.1	459	260	1	14518.1
XM_047946130.1	2682	2483	0	0
XM_047946131.1	1977	1778	0	0
XM_047946132.1	1068	869	0	0
XM_047946133.1	1576	1377	0	0
XM_047946134.1	1254	1055	0	0
XM_047946135.1	308	109	0	0
XM_047946136.1	1062	863	0	0
XM_047946137.1	1512	1313	0	0
XM_047946138.1	1558	1359	0	0
XM_047946139.1	1000	801	0	0
XM_047946140.1	153	7.28986	0	0
XM_047946141.1	666	467	0	0
XM_047946142.1	264	65.044	0	0
XM_047946143.1	360	161	0	0
XM_047946144.1	1160	961	0	0
XM_047946145.1	1073	874	0	0
XM_047946146.1	1329	1130	0	0
XM_047946147.1	968	769	0	0
XM_047946148.1	1739	1540	0	0
XM_047946149.1	1761	1562	0	0
XM_047946150.1	1415	1216	0	0
XM_047946151.1	720	521	0	0
XM_047946152.1	240	42.049	0	0
XM_047946153.1	315	116	0	0
XM_047946154.1	504	305	0	0
XM_047946155.1	438	239	0	0
XM_047946156.1	1055	856	0	0
XM_047946157.1	1096	897	0	0
XM_047946158.1	2271	2072	0	0
XM_047946159.1	1233	1034	0	0
XM_047946160.1	2475	2276	0	0
XM_047946161.1	1263	1064	0	0
XM_047946162.1	1323	1124	0	0
XM_047946163.1	1140	941	0	0
XM_047946164.1	1167	968	0	0
XM_047946165.1	426	227	0	0
XM_047946166.1	814	615	0	0
XM_047946167.1	746	547	0	0
XM_047946168.1	718	519	0	0
XM_047946169.1	546	347	0	0
XM_047946170.1	573	374	0	0
XM_047946171.1	2799	2600	0	0
XM_047946172.1	1440	1241	0	0
XM_047946173.1	378	179	0	0
XM_047946174.1	592	393	0	0
XM_047946175.1	779	580	0	0
XM_047946176.1	303	104	0	0
XM_047946177.1	240	42.049	0	0
XM_047946178.1	3935	3736	0	0
XM_047946179.1	1143	944	0	0
XM_047946180.1	360	161	0	0
XM_047946181.1	471	272	0	0
XM_047946182.1	342	143	0	0
XM_047946183.1	633	434	0	0
XM_047946184.1	1480	1281	0	0
XM_047946185.1	858	659	0	0
XM_047946186.1	435	236	0	0
XM_047946187.1	279	80.003	0	0
XM_047946188.1	387	188	0	0
XM_047946189.1	970	771	0	0
XM_047946190.1	2389	2190	0	0
XM_047946191.1	2081	1882	0	0
XM_047946192.1	882	683	0	0
XM_047946193.1	724	525	0	0
XM_047946194.1	730	531	0	0
XM_047946195.1	234	36.8813	0	0
XM_047946196.1	342	143	0	0
XM_047946197.1	2894	2695	0	0
XM_047946198.1	831	632	0	0
XM_047946199.1	1679	1480	0	0
XM_047946200.1	2110	1911	0	0
XM_047946201.1	4168	3969	0	0
XM_047946202.1	396	197	0	0
XM_047946203.1	717	518	0	0
XM_047946204.1	825	626	0	0
XM_047946205.1	1812	1613	0	0
XM_047946206.1	1647	1448	0	0
XM_047946207.1	315	116	0	0
XM_047946208.1	1922	1723	0	0
XM_047946209.1	1049	850	0	0
XM_047946210.1	1377	1178	0	0
XM_047946211.1	1010	811	0	0
XM_047946212.1	1471	1272	0	0
XM_047946213.1	1577	1378	0	0
XM_047946214.1	2625	2426	0	0
XM_047946215.1	387	188	0	0
XM_047946216.1	1644	1445	0	0
XM_047946217.1	1182	983	0	0
XM_047946218.1	1014	815	1	4631.55
XM_047946219.1	534	335	0	0
XM_047946220.1	2199	2000	0	0
XM_047946221.1	603	404	0	0
XM_047946222.1	1142	943	0	0
XM_047946223.1	1533	1334	0	0
XM_047946224.1	1821	1622	0	0
XM_047946225.1	396	197	0	0
XM_047946226.1	456	257	0	0
XM_047946227.1	1635	1436	0	0
XM_047946228.1	363	164	0	0
XM_047946229.1	387	188	0	0
XM_047946230.1	763	564	0	0
XM_047946231.1	1285	1086	0	0
XM_047946232.1	588	389	0	0
XM_047946233.1	1899	1700	0	0
XM_047946234.1	666	467	0	0
XM_047946235.1	1151	952	0	0
XM_047946236.1	531	332	0	0
XM_047946237.1	564	365	0	0
XM_047946238.1	294	95.0001	0	0
XM_047946239.1	392	193	0	0
XM_047946240.1	3913	3714	0	0
XM_047946241.1	1957	1758	0	0
XM_047946242.1	1383	1184	0	0
XM_047946243.1	2027	1828	0	0
XM_047946244.1	1129	930	0	0
XM_047946245.1	354	155	0	0
XM_047946246.1	513	314	0	0
XM_047946247.1	810	611	0	0
XM_047946248.1	324	125	0	0
XM_047946249.1	2287	2088	0	0
XM_047946250.1	384	185	0	0
XM_047946251.1	1020	821	0	0
XM_047946252.1	2735	2536	0	0
XM_047946253.1	1002	803	0	0
XM_047946254.1	3385	3186	0	0
XM_047946255.1	1431	1232	0	0
XM_047946256.1	759	560	0	0
XM_047946257.1	1851	1652	0	0
XM_047946258.1	747	548	0	0
XM_047946259.1	2495	2296	0	0
XM_047946260.1	1650	1451	0	0
XM_047946261.1	1134	935	0	0
XM_047946262.1	330	131	0	0
XM_047946263.1	1361	1162	0	0
XM_047946264.1	3680	3481	0	0
XM_047946265.1	1737	1538	0	0
XM_047946266.1	1056	857	0	0
XM_047946267.1	706	507	0	0
XM_047946268.1	2944	2745	0	0
XM_047946269.1	557	358	0	0
XM_047946270.1	877	678	0	0
XM_047946271.1	1308	1109	0	0
XM_047946272.1	3297	3098	0	0
XM_047946273.1	2946	2747	0	0
XM_047946274.1	3556	3357	0	0
XM_047946275.1	4493	4294	0	0
XM_047946276.1	4653	4454	0	0
XM_047946277.1	1705	1506	0	0
XM_047946278.1	1963	1764	0	0
XM_047946279.1	1775	1576	0	0
XM_047946280.1	2745	2546	0	0
XM_047946281.1	1852	1653	0	0
XM_047946282.1	435	236	0	0
XM_047946283.1	1191	992	0	0
XM_047946284.1	3893	3694	0	0
XM_047946285.1	3949	3750	0	0
XM_047946286.1	1275	1076	0	0
XM_047946287.1	714	515	0	0
XM_047946288.1	813	614	0	0
XM_047946289.1	270	71.016	0	0
XM_047946290.1	1862	1663	0	0
XM_047946291.1	1215	1016	0	0
XM_047946292.1	621	422	0	0
XM_047946293.1	756	557	0	0
XM_047946294.1	2134	1935	0	0
XM_047946295.1	2309	2110	0	0
XM_047946296.1	1458	1259	0	0
XM_047946297.1	1402	1203	0	0
XM_047946298.1	396	197	0	0
XM_047946299.1	1840	1641	0	0
XM_047946300.1	2686	2487	0	0
XM_047946301.1	4282	4083	0	0
XM_047946302.1	336	137	0	0
XM_047946303.1	2810	2611	0	0
XM_047946304.1	1644	1445	0	0
XM_047946305.1	465	266	0	0
XM_047946306.1	943	744	0	0
XM_047946307.1	1752	1553	0	0
XM_047946308.1	774	575	0	0
XM_047946309.1	570	371	0	0
XM_047946310.1	1476	1277	0	0
XM_047946311.1	276	77.0053	0	0
XM_047946312.1	387	188	0	0
XM_047946313.1	1017	818	0	0
XM_047946314.1	372	173	0	0
XM_047946315.1	423	224	0	0
XM_047946316.1	1170	971	0	0
XM_047946317.1	306	107	0	0
XM_047946318.1	1624	1425	0	0
XM_047946319.1	1521	1322	0	0
XM_047946320.1	1657	1458	0	0
XM_047946321.1	1461	1262	0	0
XM_047946322.1	1447	1248	0	0
XM_047946323.1	840	641	0	0
XM_047946324.1	348	149	0	0
XM_047946325.1	1617	1418	0	0
XM_047946326.1	1775	1576	0	0
XM_047946327.1	414	215	0	0
XM_047946328.1	243	44.7603	0	0
XM_047946329.1	1191	992	0	0
XM_047946330.1	1230	1031	0	0
XM_047946331.1	1666	1467	0	0
XM_047946332.1	1811	1612	0	0
XM_047946333.1	1349	1150	0	0
XM_047946334.1	1741	1542	0	0
XM_047946335.1	1838	1639	0	0
XM_047946336.1	2728	2529	0	0
XM_047946337.1	1470	1271	0	0
XM_047946338.1	609	410	0	0
XM_047946339.1	414	215	0	0
XM_047946340.1	1816	1617	0	0
XM_047946341.1	1686	1487	0	0
XM_047946342.1	273	74.0093	0	0
XM_047946343.1	746	547	0	0
XM_047946344.1	564	365	0	0
XM_047946345.1	3998	3799	0	0
XM_047946346.1	336	137	0	0
XM_047946347.1	1383	1184	0	0
XM_047946348.1	1002	803	0	0
XM_047946349.1	3474	3275	0	0
XM_047946350.1	1688	1489	0	0
XM_047946351.1	703	504	0	0
XM_047946352.1	1232	1033	0	0
XM_047946353.1	970	771	0	0
XM_047946354.1	758	559	0	0
XM_047946355.1	3577	3378	0	0
XM_047946356.1	3653	3454	0	0
XM_047946357.1	813	614	0	0
XM_047946358.1	846	647	0	0
XM_047946359.1	585	386	0	0
XM_047946360.1	525	326	0	0
XM_047946361.1	4499	4300	0	0
XM_047946362.1	834	635	0	0
XM_047946363.1	624	425	0	0
XM_047946364.1	1123	924	0	0
XM_047946365.1	2385	2186	0	0
XM_047946366.1	327	128	0	0
XM_047946367.1	706	507	0	0
XM_047946368.1	618	419	0	0
XM_047946369.1	633	434	0	0
XM_047946370.1	1507	1308	0	0
XM_047946371.1	1992	1793	0	0
XM_047946372.1	2511	2312	0	0
XM_047946373.1	306	107	0	0
XM_047946374.1	1488	1289	0	0
XM_047946375.1	1588	1389	0	0
XM_047946376.1	2156	1957	0	0
XM_047946377.1	865	666	0	0
XM_047946378.1	2313	2114	0	0
XM_047946379.1	4031	3832	0	0
XM_047946380.1	3954	3755	0	0
XM_047946381.1	711	512	0	0
XM_047946382.1	321	122	0	0
XM_047946383.1	282	83.0016	0	0
XM_047946384.1	204	18.2087	0	0
XM_047946385.1	750	551	0	0
XM_047946386.1	1338	1139	0	0
XM_047946387.1	2004	1805	0	0
XM_047946388.1	1554	1355	0	0
XM_047946389.1	570	371	0	0
XM_047946390.1	1272	1073	0	0
XM_047946391.1	537	338	0	0
XM_047946392.1	1928	1729	0	0
XM_047946393.1	1375	1176	0	0
XM_047946394.1	1363	1164	0	0
XM_047946395.1	367	168	0	0
XM_047946396.1	390	191	0	0
XM_047946397.1	660	461	0	0
XM_047946398.1	729	530	0	0
XM_047946399.1	522	323	0	0
XM_047946400.1	807	608	0	0
XM_047946401.1	549	350	0	0
XM_047946402.1	1547	1348	0	0
XM_047946403.1	2841	2642	0	0
XM_047946404.1	975	776	0	0
XM_047946405.1	4319	4120	0	0
XM_047946406.1	1068	869	0	0
XM_047946407.1	1311	1112	0	0
XM_047946408.1	1357	1158	0	0
XM_047946409.1	3099	2900	0	0
XM_047946410.1	1970	1771	0	0
XM_047946411.1	1479	1280	0	0
XM_047946412.1	948	749	0	0
XM_047946413.1	3372	3173	0	0
XM_047946414.1	3136	2937	0	0
XM_047946415.1	2558	2359	0	0
XM_047946416.1	1169	970	0	0
XM_047946417.1	843	644	0	0
XM_047946418.1	2939	2740	0	0
XM_047946419.1	948	749	0	0
XM_047946420.1	1927	1728	0	0
XM_047946421.1	657	458	0	0
XM_047946422.1	420	221	0	0
XM_047946423.1	327	128	0	0
XM_047946424.1	2040	1841	0	0
XM_047946425.1	2112	1913	0	0
XM_047946426.1	1143	944	0	0
XM_047946427.1	702	503	0	0
XM_047946428.1	1444	1245	0	0
XM_047946429.1	2126	1927	0	0
XM_047946430.1	1359	1160	0	0
XM_047946431.1	828	629	0	0
XM_047946432.1	279	80.003	0	0
XM_047946433.1	2316	2117	0	0
XM_047946434.1	1822	1623	0	0
XM_047946435.1	1406	1207	0	0
XM_047946436.1	1902	1703	0	0
XM_047946437.1	1832	1633	0	0
XM_047946438.1	2062	1863	0	0
XM_047946439.1	789	590	0	0
XM_047946440.1	634	435	0	0
XM_047946441.1	1249	1050	0	0
XM_047946442.1	1320	1121	0	0
XM_047946443.1	1077	878	0	0
XM_047946444.1	1970	1771	0	0
XM_047946445.1	555	356	0	0
XM_047946446.1	2212	2013	0	0
XM_047946447.1	1127	928	2	8135.15
XM_047946448.1	1245	1046	0	0
XM_047946449.1	303	104	0	0
XM_047946450.1	1713	1514	0	0
XM_047946451.1	1614	1415	0	0
XM_047946452.1	2479	2280	0	0
XM_047946453.1	2575	2376	0	0
XM_047946454.1	1798	1599	0	0
XM_047946455.1	1574	1375	0	0
XM_047946456.1	3540	3341	0	0
XM_047946457.1	3670	3471	0	0
XM_047946458.1	771	572	0	0
XM_047946459.1	3963	3764	0	0
XM_047946460.1	2949	2750	0	0
XM_047946461.1	225	29.9375	0	0
XM_047946462.1	1044	845	0	0
XM_047946463.1	327	128	0	0
XM_047946464.1	276	77.0053	0	0
XM_047946465.1	1014	815	0	0
XM_047946466.1	1298	1099	0	0
XM_047946467.1	2349	2150	0	0
XM_047946468.1	501	302	0	0
XM_047946469.1	1361	1162	0	0
XM_047946470.1	1853	1654	0	0
XM_047946471.1	1869	1670	0	0
XM_047946472.1	1590	1391	0	0
XM_047946473.1	882	683	0	0
XM_047946474.1	1050	851	0	0
XM_047946475.1	2229	2030	0	0
XM_047946476.1	1811	1612	0	0
XM_047946477.1	2645	2446	0	0
XM_047946478.1	966	767	0	0
XM_047946479.1	900	701	0	0
XM_047946480.1	681	482	0	0
XM_047946481.1	2309	2110	0	0
XM_047946482.1	2082	1883	0	0
XM_047946483.1	669	470	0	0
XM_047946484.1	2427	2228	0	0
XM_047946485.1	1659	1460	0	0
XM_047946486.1	2767	2568	0	0
XM_047946487.1	444	245	0	0
XM_047946488.1	162	8.26769	0	0
XM_047946489.1	357	158	0	0
XM_047946490.1	312	113	0	0
XM_047946491.1	2052	1853	0	0
XM_047946492.1	1456	1257	0	0
XM_047946493.1	162	8.26769	0	0
XM_047946494.1	357	158	0	0
XM_047946495.1	306	107	0	0
XM_047946496.1	1527	1328	0	0
XM_047946497.1	399	200	0	0
XM_047946498.1	183	11.741	0	0
XM_047946499.1	1050	851	0	0
XM_047946500.1	870	671	0	0
XM_047946501.1	1813	1614	0	0
XM_047946502.1	1168	969	0	0
XM_047946503.1	3004	2805	0	0
XM_047946504.1	3478	3279	0	0
XM_047946505.1	1298	1099	0	0
XM_047946506.1	1371	1172	0	0
XM_047946507.1	951	752	0	0
XM_047946508.1	1041	842	0	0
XM_047946509.1	474	275	0	0
XM_047946510.1	516	317	0	0
XM_047946511.1	1329	1130	0	0
XM_047946512.1	1695	1496	0	0
XM_047946513.1	2541	2342	0	0
XM_047946514.1	1944	1745	0	0
XM_047946515.1	1075	876	0	0
XM_047946516.1	543	344	0	0
XM_047946517.1	1474	1275	0	0
XM_047946518.1	1124	925	0	0
XM_047946519.1	1252	1053	0	0
XM_047946520.1	1803	1604	0	0
XM_047946521.1	558	359	0	0
XM_047946522.1	1531	1332	0	0
XM_047946523.1	1457	1258	0	0
XM_047946524.1	1504	1305	0	0
XM_047946525.1	2264	2065	0	0
XM_047946526.1	1095	896	0	0
XM_047946527.1	354	155	0	0
XM_047946528.1	2081	1882	0	0
XM_047946529.1	2160	1961	0	0
XM_047946530.1	1915	1716	0	0
XM_047946531.1	2243	2044	0	0
XM_047946532.1	1051	852	0	0
XM_047946533.1	306	107	0	0
XM_047946534.1	1506	1307	0	0
XM_047946535.1	643	444	0	0
XM_047946536.1	1407	1208	0	0
XM_047946537.1	4338	4139	0	0
XM_047946538.1	1458	1259	0	0
XM_047946539.1	2764	2565	0	0
XM_047946540.1	3281	3082	0	0
XM_047946541.1	3183	2984	0	0
XM_047946542.1	3254	3055	0	0
XM_047946543.1	2694	2495	0	0
XM_047946544.1	945	746	0	0
XM_047946545.1	258	59.1108	0	0
XM_047946546.1	345	146	0	0
XM_047946547.1	435	236	0	0
XM_047946548.1	594	395	0	0
XM_047946549.1	1002	803	0	0
XM_047946550.1	594	395	0	0
XM_047946551.1	1407	1208	0	0
XM_047946552.1	864	665	0	0
XM_047946553.1	2535	2336	0	0
XM_047946554.1	1254	1055	0	0
XM_047946555.1	2789	2590	0	0
XM_047946556.1	1590	1391	0	0
XM_047946557.1	1980	1781	0	0
XM_047946558.1	2788	2589	0	0
XM_047946559.1	396	197	0	0
XM_047946560.1	2724	2525	0	0
XM_047946561.1	1404	1205	0	0
XM_047946562.1	839	640	0	0
XM_047946563.1	2000	1801	0	0
XM_047946564.1	1116	917	0	0
XM_047946565.1	1087	888	0	0
XM_047946566.1	2160	1961	0	0
XM_047946567.1	1676	1477	0	0
XM_047946568.1	1440	1241	0	0
XM_047946569.1	1425	1226	0	0
XM_047946570.1	1470	1271	0	0
XM_047946571.1	1353	1154	0	0
XM_047946572.1	1560	1361	0	0
XM_047946573.1	3327	3128	0	0
XM_047946574.1	1765	1566	0	0
XM_047946575.1	360	161	0	0
XM_047946576.1	2091	1892	0	0
XM_047946577.1	1987	1788	0	0
XM_047946578.1	339	140	0	0
XM_047946579.1	363	164	0	0
XM_047946580.1	3455	3256	0	0
XM_047946581.1	2506	2307	0	0
XM_047946582.1	417	218	0	0
XM_047946583.1	3956	3757	0	0
XM_047946584.1	4271	4072	0	0
XM_047946585.1	2730	2531	0	0
XM_047946586.1	2400	2201	0	0
XM_047946587.1	2424	2225	0	0
XM_047946588.1	2198	1999	0	0
XM_047946589.1	501	302	0	0
XM_047946590.1	857	658	0	0
XM_047946591.1	2225	2026	0	0
XM_047946592.1	363	164	0	0
XM_047946593.1	1998	1799	0	0
XM_047946594.1	183	11.741	0	0
XM_047946595.1	2625	2426	0	0
XM_047946596.1	1836	1637	0	0
XM_047946597.1	1029	830	0	0
XM_047946598.1	660	461	0	0
XM_047946599.1	348	149	0	0
XM_047946600.1	660	461	0	0
XM_047946601.1	582	383	0	0
XM_047946602.1	651	452	0	0
XM_047946603.1	570	371	0	0
XM_047946604.1	528	329	0	0
XM_047946605.1	837	638	0	0
XM_047946606.1	840	641	0	0
XM_047946607.1	387	188	0	0
XM_047946608.1	405	206	0	0
XM_047946609.1	1140	941	0	0
XM_047946610.1	1074	875	0	0
XM_047946611.1	1155	956	0	0
XM_047946612.1	276	77.0053	0	0
XM_047946613.1	1163	964	0	0
XM_047946614.1	1207	1008	0	0
XM_047946615.1	1117	918	0	0
XM_047946616.1	1857	1658	0	0
XM_047946617.1	1353	1154	0	0
XM_047946618.1	321	122	0	0
XM_047946619.1	909	710	0	0
XM_047946620.1	651	452	0	0
XM_047946621.1	877	678	0	0
XM_047946622.1	393	194	0	0
XM_047946623.1	246	47.5399	0	0
XM_047946624.1	993	794	0	0
XM_047946625.1	2716	2517	0	0
XM_047946626.1	2781	2582	0	0
XM_047946627.1	747	548	0	0
XM_047946628.1	1404	1205	0	0
XM_047946629.1	1653	1454	0	0
XM_047946630.1	2201	2002	0	0
XM_047946631.1	1476	1277	0	0
XM_047946632.1	1128	929	0	0
XM_047946633.1	777	578	0	0
XM_047946634.1	3344	3145	0	0
XM_047946635.1	153	7.28986	0	0
XM_047946636.1	4406	4207	0	0
XM_047946637.1	4224	4025	0	0
XM_047946638.1	2172	1973	0	0
XM_047946639.1	1734	1535	0	0
XM_047946640.1	579	380	0	0
XM_047946641.1	1740	1541	0	0
XM_047946642.1	1524	1325	0	0
XM_047946643.1	1134	935	0	0
XM_047946644.1	210	20.9285	0	0
XM_047946645.1	979	780	0	0
XM_047946646.1	405	206	0	0
XM_047946647.1	1065	866	0	0
XM_047946648.1	1131	932	0	0
XM_047946649.1	1942	1743	0	0
XM_047946650.1	558	359	0	0
XM_047946651.1	551	352	0	0
XM_047946652.1	1367	1168	0	0
XM_047946653.1	1446	1247	0	0
XM_047946654.1	2108	1909	0	0
XM_047946655.1	1156	957	0	0
XM_047946656.1	834	635	0	0
XM_047946657.1	195	14.9308	0	0
XM_047946658.1	246	47.5399	0	0
XM_047946659.1	1139	940	0	0
XM_047946660.1	2739	2540	0	0
XM_047946661.1	3303	3104	0	0
XM_047946662.1	738	539	0	0
XM_047946663.1	1473	1274	0	0
XM_047946664.1	1653	1454	0	0
XM_047946665.1	1346	1147	0	0
XM_047946666.1	420	221	0	0
XM_047946667.1	1611	1412	0	0
XM_047946668.1	315	116	0	0
XM_047946669.1	3261	3062	0	0
XM_047946670.1	1944	1745	0	0
XM_047946671.1	1026	827	0	0
XM_047946672.1	1461	1262	0	0
XM_047946673.1	2594	2395	0	0
XM_047946674.1	153	7.28986	0	0
XM_047946675.1	4777	4578	0	0
XM_047946676.1	5384	5185	0	0
XM_047946677.1	2172	1973	0	0
XM_047946678.1	1734	1535	0	0
XM_047946679.1	270	71.016	0	0
XM_047946680.1	438	239	0	0
XM_047946681.1	1740	1541	0	0
XM_047946682.1	2667	2468	0	0
XM_047946683.1	210	20.9285	0	0
XM_047946684.1	1609	1410	0	0
XM_047946685.1	1440	1241	0	0
XM_047946686.1	2078	1879	0	0
XM_047946687.1	2692	2493	0	0
XM_047946688.1	2185	1986	0	0
XM_047946689.1	942	743	0	0
XM_047946690.1	303	104	0	0
XM_047946691.1	1161	962	0	0
XM_047946692.1	2059	1860	0	0
XM_047946693.1	1479	1280	0	0
XM_047946694.1	1356	1157	0	0
XM_047946695.1	1284	1085	0	0
XM_047946696.1	1314	1115	0	0
XM_047946697.1	1164	965	0	0
XM_047946698.1	777	578	0	0
XM_047946699.1	741	542	0	0
XM_047946700.1	3371	3172	0	0
XM_047946701.1	333	134	0	0
XM_047946702.1	2328	2129	0	0
XM_047946703.1	564	365	0	0
XM_047946704.1	2985	2786	0	0
XM_047946705.1	5496	5297	0	0
XM_047946706.1	5572	5373	0	0
XM_047946707.1	3283	3084	0	0
XM_047946708.1	1592	1393	0	0
XM_047946709.1	825	626	0	0
XM_047946710.1	405	206	0	0
XM_047946711.1	390	191	0	0
XM_047946712.1	570	371	0	0
XM_047946713.1	300	101	0	0
XM_047946714.1	903	704	0	0
XM_047946715.1	327	128	0	0
XM_047946716.1	1626	1427	0	0
XM_047946717.1	5536	5337	0	0
XM_047946718.1	435	236	0	0
XM_047946719.1	1066	867	0	0
XM_047946720.1	518	319	0	0
XM_047946721.1	716	517	0	0
XM_047946722.1	2462	2263	0	0
XM_047946723.1	654	455	0	0
XM_047946724.1	1094	895	0	0
XM_047946725.1	5460	5261	0	0
XM_047946726.1	1256	1057	0	0
XM_047946727.1	1083	884	0	0
XM_047946728.1	1177	978	0	0
XM_047946729.1	681	482	0	0
XM_047946730.1	3424	3225	0	0
XM_047946731.1	4529	4330	0	0
XM_047946732.1	2729	2530	0	0
XM_047946733.1	3737	3538	0	0
XM_047946734.1	483	284	0	0
XM_047946735.1	777	578	0	0
XM_047946736.1	225	29.9375	0	0
XM_047946737.1	240	42.049	0	0
XM_047946738.1	954	755	0	0
XM_047946739.1	1170	971	0	0
XM_047946740.1	1137	938	0	0
XM_047946741.1	3309	3110	0	0
XM_047946742.1	2411	2212	1	1706.47
XM_047946743.1	2121	1922	0	0
XM_047946744.1	297	98.0001	0	0
XM_047946745.1	1548	1349	0	0
XM_047946746.1	2895	2696	0	0
XM_047946747.1	1492	1293	0	0
XM_047946748.1	2102	1903	0	0
XM_047946749.1	1192	993	0	0
XM_047946750.1	1341	1142	0	0
XM_047946751.1	690	491	0	0
XM_047946752.1	786	587	0	0
XM_047946753.1	1353	1154	0	0
XM_047946754.1	2511	2312	0	0
XM_047946755.1	288	89.0004	0	0
XM_047946756.1	690	491	0	0
XM_047946757.1	330	131	0	0
XM_047946758.1	261	62.0706	0	0
XM_047946759.1	801	602	0	0
XM_047946760.1	723	524	0	0
XM_047946761.1	684	485	0	0
XM_047946762.1	1293	1094	0	0
XM_047946763.1	2037	1838	0	0
XM_047946764.1	831	632	0	0
XM_047946765.1	642	443	0	0
XM_047946766.1	1518	1319	0	0
XM_047946767.1	2619	2420	0	0
XM_047946768.1	644	445	0	0
XM_047946769.1	1224	1025	0	0
XM_047946770.1	1408	1209	0	0
XM_047946771.1	687	488	0	0
XM_047946772.1	2069	1870	0	0
XM_047946773.1	642	443	0	0
XM_047946774.1	333	134	0	0
XM_047946775.1	2577	2378	0	0
XM_047946776.1	2697	2498	0	0
XM_047946777.1	339	140	0	0
XM_047946778.1	1218	1019	0	0
XM_047946779.1	1239	1040	0	0
XM_047946780.1	1752	1553	0	0
XM_047946781.1	846	647	0	0
XM_047946782.1	2016	1817	0	0
XM_047946783.1	2729	2530	0	0
XM_047946784.1	606	407	0	0
XM_047946785.1	1508	1309	0	0
XM_047946786.1	1261	1062	0	0
XM_047946787.1	2490	2291	0	0
XM_047946788.1	216	24.1385	0	0
XM_047946789.1	1519	1320	0	0
XM_047946790.1	1597	1398	0	0
XM_047946791.1	318	119	0	0
XM_047946792.1	447	248	0	0
XM_047946793.1	3645	3446	0	0
XM_047946794.1	1970	1771	0	0
XM_047946795.1	1176	977	0	0
XM_047946796.1	1463	1264	0	0
XM_047946797.1	3572	3373	0	0
XM_047946798.1	1387	1188	0	0
XM_047946799.1	3491	3292	0	0
XM_047946800.1	954	755	1	4999.62
XM_047946801.1	1146	947	0	0
XM_047946802.1	1200	1001	1	3770.94
XM_047946803.1	1831	1632	0	0
XM_047946804.1	3241	3042	0	0
XM_047946805.1	1920	1721	0	0
XM_047946806.1	1637	1438	0	0
XM_047946807.1	1120	921	0	0
XM_047946808.1	820	621	0	0
XM_047946809.1	258	59.1108	0	0
XM_047946810.1	273	74.0093	0	0
XM_047946811.1	321	122	0	0
XM_047946812.1	1335	1136	0	0
XM_047946813.1	417	218	0	0
XM_047946814.1	3913	3714	0	0
XM_047946815.1	3155	2956	0	0
XM_047946816.1	694	495	0	0
XM_047946817.1	2914	2715	0	0
XM_047946818.1	982	783	0	0
XM_047946819.1	4403	4204	0	0
XM_047946820.1	3266	3067	0	0
XM_047946821.1	1358	1159	0	0
XM_047946822.1	1463	1264	0	0
XM_047946823.1	1300	1101	0	0
XM_047946824.1	558	359	0	0
XM_047946825.1	1022	823	0	0
XM_047946826.1	1621	1422	0	0
XM_047946827.1	978	779	0	0
XM_047946828.1	252	53.2554	0	0
XM_047946829.1	2578	2379	0	0
XM_047946830.1	2409	2210	0	0
XM_047946831.1	402	203	0	0
XM_047946832.1	1896	1697	0	0
XM_047946833.1	2410	2211	0	0
XM_047946834.1	723	524	0	0
XM_047946835.1	717	518	0	0
XM_047946836.1	333	134	0	0
XM_047946837.1	2328	2129	0	0
XM_047946838.1	915	716	0	0
XM_047946839.1	1467	1268	0	0
XM_047946840.1	600	401	0	0
XM_047946841.1	2344	2145	0	0
XM_047946842.1	2170	1971	0	0
XM_047946843.1	1052	853	0	0
XM_047946844.1	6386	6187	0	0
XM_047946845.1	441	242	0	0
XM_047946846.1	1356	1157	0	0
XM_047946847.1	318	119	0	0
XM_047946848.1	2141	1942	0	0
XM_047946849.1	6729	6530	0	0
XM_047946850.1	789	590	0	0
XM_047946851.1	711	512	0	0
XM_047946852.1	2530	2331	1	1619.35
XM_047946853.1	1113	914	0	0
XM_047946854.1	1263	1064	0	0
XM_047946855.1	1438	1239	0	0
XM_047946856.1	2098	1899	0	0
XM_047946857.1	354	155	0	0
XM_047946858.1	1187	988	0	0
XM_047946859.1	1590	1391	0	0
XM_047946860.1	3737	3538	0	0
XM_047946861.1	3767	3568	0	0
XM_047946862.1	363	164	0	0
XM_047946863.1	3220	3021	0	0
XM_047946864.1	243	44.7603	0	0
XM_047946865.1	438	239	0	0
XM_047946866.1	336	137	0	0
XM_047946867.1	1278	1079	0	0
XM_047946868.1	3541	3342	0	0
XM_047946869.1	3605	3406	0	0
XM_047946870.1	210	20.9285	0	0
XM_047946871.1	3000	2801	0	0
XM_047946872.1	3057	2858	0	0
XM_047946873.1	3058	2859	0	0
XM_047946874.1	3143	2944	0	0
XM_047946875.1	3414	3215	1	1174.09
XM_047946876.1	2826	2627	0	0
XM_047946877.1	1981	1782	0	0
XM_047946878.1	514	315	0	0
XM_047946879.1	951	752	0	0
XM_047946880.1	2534	2335	0	0
XM_047946881.1	2571	2372	0	0
XM_047946882.1	5083	4884	0	0
XM_047946883.1	1617	1418	0	0
XM_047946884.1	2651	2452	0	0
XM_047946885.1	438	239	0	0
XM_047946886.1	1706	1507	0	0
XM_047946887.1	1474	1275	0	0
XM_047946888.1	2400	2201	0	0
XM_047946889.1	2075	1876	0	0
XM_047946890.1	450	251	0	0
XM_047946891.1	2385	2186	0	0
XM_047946892.1	732	533	0	0
XM_047946893.1	339	140	0	0
XM_047946894.1	897	698	0	0
XM_047946895.1	1293	1094	0	0
XM_047946896.1	2337	2138	0	0
XM_047946897.1	2383	2184	0	0
XM_047946898.1	3313	3114	0	0
XM_047946899.1	1503	1304	0	0
XM_047946900.1	273	74.0093	0	0
XM_047946901.1	1122	923	0	0
XM_047946902.1	777	578	0	0
XM_047946903.1	1156	957	0	0
XM_047946904.1	849	650	0	0
XM_047946905.1	591	392	0	0
XM_047946906.1	1672	1473	0	0
XM_047946907.1	1719	1520	0	0
XM_047946908.1	1763	1564	0	0
XM_047946909.1	1535	1336	0	0
XM_047946910.1	1621	1422	0	0
XM_047946911.1	1050	851	0	0
XM_047946912.1	1224	1025	0	0
XM_047946913.1	786	587	0	0
XM_047946914.1	1192	993	0	0
XM_047946915.1	1287	1088	0	0
XM_047946916.1	693	494	0	0
XM_047946917.1	1881	1682	0	0
XM_047946918.1	956	757	0	0
XM_047946919.1	748	549	0	0
XM_047946920.1	1492	1293	0	0
XM_047946921.1	958	759	0	0
XM_047946922.1	1519	1320	0	0
XM_047946923.1	4556	4357	0	0
XM_047946924.1	312	113	0	0
XM_047946925.1	859	660	0	0
XM_047946926.1	1350	1151	0	0
XM_047946927.1	1323	1124	0	0
XM_047946928.1	270	71.016	0	0
XM_047946929.1	210	20.9285	0	0
XM_047946930.1	777	578	0	0
XM_047946931.1	1527	1328	0	0
XM_047946932.1	660	461	0	0
XM_047946933.1	2463	2264	0	0
XM_047946934.1	522	323	0	0
XM_047946935.1	606	407	0	0
XM_047946936.1	252	53.2554	0	0
XM_047946937.1	2637	2438	1	1548.28
XM_047946938.1	1218	1019	0	0
XM_047946939.1	372	173	0	0
XM_047946940.1	3839	3640	0	0
XM_047946941.1	1341	1142	0	0
XM_047946942.1	3495	3296	0	0
XM_047946943.1	1404	1205	0	0
XM_047946944.1	1587	1388	0	0
XM_047946945.1	2010	1811	0	0
XM_047946946.1	321	122	0	0
XM_047946947.1	423	224	0	0
XM_047946948.1	669	470	0	0
XM_047946949.1	1113	914	0	0
XM_047946950.1	1823	1624	0	0
XM_047946951.1	2181	1982	0	0
XM_047946952.1	2837	2638	0	0
XM_047946953.1	1413	1214	0	0
XM_047946954.1	923	724	0	0
XM_047946955.1	838	639	0	0
XM_047946956.1	1647	1448	0	0
XM_047946957.1	741	542	0	0
XM_047946958.1	1542	1343	0	0
XM_047946959.1	4562	4363	0	0
XM_047946960.1	3312	3113	0	0
XM_047946961.1	2263	2064	0	0
XM_047946962.1	1773	1574	0	0
XM_047946963.1	1703	1504	0	0
XM_047946964.1	1816	1617	0	0
XM_047946965.1	657	458	0	0
XM_047946966.1	2009	1810	0	0
XM_047946967.1	1544	1345	0	0
XM_047946968.1	4618	4419	0	0
XM_047946969.1	1777	1578	0	0
XM_047946970.1	1694	1495	0	0
XM_047946971.1	4006	3807	0	0
XM_047946972.1	904	705	0	0
XM_047946973.1	2166	1967	0	0
XM_047946974.1	1086	887	0	0
XM_047946975.1	1008	809	0	0
XM_047946976.1	1545	1346	0	0
XM_047946977.1	684	485	0	0
XM_047946978.1	758	559	0	0
XM_047946979.1	1317	1118	0	0
XM_047946980.1	1860	1661	0	0
XM_047946981.1	537	338	0	0
XM_047946982.1	189	13.1915	0	0
XM_047946983.1	486	287	0	0
XM_047946984.1	210	20.9285	0	0
XM_047946985.1	399	200	0	0
XM_047946986.1	915	716	0	0
XM_047946987.1	312	113	0	0
XM_047946988.1	177	10.528	0	0
XM_047946989.1	309	110	0	0
XM_047946990.1	841	642	0	0
XM_047946991.1	2026	1827	0	0
XM_047946992.1	186	12.4336	0	0
XM_047946993.1	495	296	0	0
XM_047946994.1	1008	809	0	0
XM_047946995.1	1686	1487	0	0
XM_047946996.1	637	438	0	0
XM_047946997.1	714	515	0	0
XM_047946998.1	2041	1842	0	0
XM_047946999.1	2107	1908	0	0
XM_047947000.1	3064	2865	0	0
XM_047947001.1	2529	2330	0	0
XM_047947002.1	1834	1635	0	0
XM_047947003.1	1692	1493	0	0
XM_047947004.1	2194	1995	0	0
XM_047947005.1	1171	972	0	0
XM_047947006.1	2652	2453	0	0
XM_047947007.1	1155	956	0	0
XM_047947008.1	1350	1151	0	0
XM_047947009.1	1095	896	0	0
XM_047947010.1	264	65.044	0	0
XM_047947011.1	1889	1690	0	0
XM_047947012.1	874	675	0	0
XM_047947013.1	3483	3284	0	0
XM_047947014.1	3051	2852	0	0
XM_047947015.1	1689	1490	0	0
XM_047947016.1	315	116	0	0
XM_047947017.1	1517	1318	1	2863.97
XM_047947018.1	1362	1163	0	0
XM_047947019.1	303	104	0	0
XM_047947020.1	1658	1459	0	0
XM_047947021.1	892	693	0	0
XM_047947022.1	1559	1360	0	0
XM_047947023.1	3273	3074	0	0
XM_047947024.1	1297	1098	0	0
XM_047947025.1	1026	827	0	0
XM_047947026.1	2119	1920	0	0
XM_047947027.1	525	326	0	0
XM_047947028.1	507	308	0	0
XM_047947029.1	264	65.044	0	0
XM_047947030.1	1119	920	0	0
XM_047947031.1	375	176	0	0
XM_047947032.1	794	595	0	0
XM_047947033.1	997	798	0	0
XM_047947034.1	348	149	0	0
XM_047947035.1	1793	1594	0	0
XM_047947036.1	258	59.1108	0	0
XM_047947037.1	942	743	0	0
XM_047947038.1	1511	1312	0	0
XM_047947039.1	2415	2216	0	0
XM_047947040.1	336	137	0	0
XM_047947041.1	1137	938	0	0
XM_047947042.1	2608	2409	0	0
XM_047947043.1	1052	853	0	0
XM_047947044.1	3452	3253	0	0
XM_047947045.1	1689	1490	0	0
XM_047947046.1	1447	1248	0	0
XM_047947047.1	2109	1910	0	0
XM_047947048.1	501	302	0	0
XM_047947049.1	872	673	0	0
XM_047947050.1	968	769	0	0
XM_047947051.1	1230	1031	0	0
XM_047947052.1	219	25.9389	0	0
XM_047947053.1	2649	2450	0	0
XM_047947054.1	453	254	0	0
XM_047947055.1	2160	1961	0	0
XM_047947056.1	864	665	0	0
XM_047947057.1	462	263	0	0
XM_047947058.1	666	467	0	0
XM_047947059.1	384	185	0	0
XM_047947060.1	651	452	0	0
XM_047947061.1	477	278	0	0
XM_047947062.1	548	349	0	0
XM_047947063.1	378	179	0	0
XM_047947064.1	2399	2200	1	1715.78
XM_047947065.1	345	146	0	0
XM_047947066.1	1847	1648	0	0
XM_047947067.1	1551	1352	0	0
XM_047947068.1	1127	928	0	0
XM_047947069.1	372	173	0	0
XM_047947070.1	2256	2057	0	0
XM_047947071.1	2289	2090	0	0
XM_047947072.1	1465	1266	0	0
XM_047947073.1	576	377	0	0
XM_047947074.1	2546	2347	0	0
XM_047947075.1	2487	2288	0	0
XM_047947076.1	2100	1901	0	0
XM_047947077.1	2705	2506	0	0
XM_047947078.1	2080	1881	0	0
XM_047947079.1	2782	2583	0	0
XM_047947080.1	2731	2532	0	0
XM_047947081.1	1286	1087	0	0
XM_047947082.1	336	137	0	0
XM_047947083.1	339	140	0	0
XM_047947084.1	1005	806	0	0
XM_047947085.1	3308	3109	0	0
XM_047947086.1	678	479	0	0
XM_047947087.1	2113	1914	0	0
XM_047947088.1	267	68.0268	0	0
XM_047947089.1	747	548	0	0
XM_047947090.1	477	278	0	0
XM_047947091.1	261	62.0706	0	0
XM_047947092.1	1503	1304	0	0
XM_047947093.1	2670	2471	0	0
XM_047947094.1	4363	4164	0	0
XM_047947095.1	1264	1065	0	0
XM_047947096.1	1485	1286	0	0
XM_047947097.1	612	413	0	0
XM_047947098.1	1704	1505	0	0
XM_047947099.1	4262	4063	0	0
XM_047947100.1	4468	4269	0	0
XM_047947101.1	681	482	0	0
XM_047947102.1	930	731	0	0
XM_047947103.1	375	176	0	0
XM_047947104.1	719	520	0	0
XM_047947105.1	267	68.0268	0	0
XM_047947106.1	1663	1464	0	0
XM_047947107.1	1185	986	0	0
XM_047947108.1	1820	1621	0	0
XM_047947109.1	246	47.5399	0	0
XM_047947110.1	447	248	0	0
XM_047947111.1	267	68.0268	0	0
XM_047947112.1	3042	2843	0	0
XM_047947113.1	1820	1621	0	0
XM_047947114.1	573	374	0	0
XM_047947115.1	1104	905	0	0
XM_047947116.1	1921	1722	0	0
XM_047947117.1	357	158	0	0
XM_047947118.1	381	182	0	0
XM_047947119.1	609	410	0	0
XM_047947120.1	942	743	0	0
XM_047947121.1	660	461	0	0
XM_047947122.1	327	128	0	0
XM_047947123.1	2188	1989	0	0
XM_047947124.1	1986	1787	0	0
XM_047947125.1	1916	1717	0	0
XM_047947126.1	2108	1909	0	0
XM_047947127.1	252	53.2554	0	0
XM_047947128.1	462	263	0	0
XM_047947129.1	1914	1715	0	0
XM_047947130.1	207	19.5103	0	0
XM_047947131.1	1763	1564	0	0
XM_047947132.1	534	335	0	0
XM_047947133.1	654	455	0	0
XM_047947134.1	294	95.0001	0	0
XM_047947135.1	822	623	0	0
XM_047947136.1	2402	2203	0	0
XM_047947137.1	354	155	0	0
XM_047947138.1	234	36.8813	0	0
XM_047947139.1	1317	1118	0	0
XM_047947140.1	1437	1238	0	0
XM_047947141.1	366	167	0	0
XM_047947142.1	498	299	0	0
XM_047947143.1	534	335	0	0
XM_047947144.1	612	413	0	0
XM_047947145.1	504	305	0	0
XM_047947146.1	1014	815	0	0
XM_047947147.1	408	209	0	0
XM_047947148.1	603	404	0	0
XM_047947149.1	654	455	0	0
XM_047947150.1	819	620	0	0
XM_047947151.1	453	254	0	0
XM_047947152.1	824	625	0	0
XM_047947153.1	447	248	0	0
XM_047947154.1	1284	1085	0	0
XM_047947155.1	834	635	0	0
XM_047947156.1	554	355	0	0
XM_047947157.1	617	418	0	0
XM_047947158.1	1791	1592	0	0
XM_047947159.1	2046	1847	0	0
XM_047947160.1	1801	1602	0	0
XM_047947161.1	915	716	0	0
XM_047947162.1	1841	1642	0	0
XM_047947163.1	2669	2470	0	0
XM_047947164.1	1251	1052	0	0
XM_047947165.1	3097	2898	0	0
XM_047947166.1	1155	956	0	0
XM_047947167.1	2925	2726	0	0
XM_047947168.1	1080	881	0	0
XM_047947169.1	240	42.049	0	0
XM_047947170.1	153	7.28986	0	0
XM_047947171.1	618	419	0	0
XM_047947172.1	1731	1532	0	0
XM_047947173.1	1251	1052	0	0
XM_047947174.1	1704	1505	0	0
XM_047947175.1	5544	5345	0	0
XM_047947176.1	2632	2433	0	0
XM_047947177.1	2423	2224	0	0
XM_047947178.1	2286	2087	0	0
XM_047947179.1	1844	1645	0	0
XM_047947180.1	2037	1838	0	0
XM_047947181.1	843	644	0	0
XM_047947182.1	860	661	0	0
XM_047947183.1	2079	1880	0	0
XM_047947184.1	348	149	0	0
XM_047947185.1	393	194	0	0
XM_047947186.1	330	131	0	0
XM_047947187.1	915	716	0	0
XM_047947188.1	1757	1558	0	0
XM_047947189.1	1134	935	0	0
XM_047947190.1	717	518	0	0
XM_047947191.1	1901	1702	1	2217.81
XM_047947192.1	855	656	0	0
XM_047947193.1	899	700	0	0
XM_047947194.1	4809	4610	0	0
XM_047947195.1	4783	4584	0	0
XM_047947196.1	729	530	0	0
XM_047947197.1	626	427	0	0
XM_047947198.1	1797	1598	0	0
XM_047947199.1	1654	1455	0	0
XM_047947200.1	387	188	0	0
XM_047947201.1	231	34.449	0	0
XM_047947202.1	2142	1943	0	0
XM_047947203.1	525	326	0	0
XM_047947204.1	1662	1463	0	0
XM_047947205.1	1644	1445	0	0
XM_047947206.1	1731	1532	0	0
XM_047947207.1	1989	1790	0	0
XM_047947208.1	1999	1800	0	0
XM_047947209.1	2100	1901	0	0
XM_047947210.1	1329	1130	0	0
XM_047947211.1	1850	1651	0	0
XM_047947212.1	7884	7685	0	0
XM_047947213.1	456	257	0	0
XM_047947214.1	1704	1505	0	0
XM_047947215.1	678	479	0	0
XM_047947216.1	642	443	0	0
XM_047947217.1	1359	1160	0	0
XM_047947218.1	1347	1148	0	0
XM_047947219.1	2505	2306	0	0
XM_047947220.1	942	743	0	0
XM_047947221.1	597	398	0	0
XM_047947222.1	3294	3095	0	0
XM_047947223.1	1743	1544	0	0
XM_047947224.1	1140	941	0	0
XM_047947225.1	792	593	0	0
XM_047947226.1	3274	3075	0	0
XM_047947227.1	1876	1677	0	0
XM_047947228.1	1502	1303	0	0
XM_047947229.1	2077	1878	0	0
XM_047947230.1	2720	2521	0	0
XM_047947231.1	1539	1340	0	0
XM_047947232.1	3232	3033	0	0
XM_047947233.1	867	668	0	0
XM_047947234.1	669	470	0	0
XM_047947235.1	573	374	0	0
XM_047947236.1	516	317	0	0
XM_047947237.1	2058	1859	0	0
XM_047947238.1	1596	1397	0	0
XM_047947239.1	1368	1169	0	0
XM_047947240.1	2481	2282	0	0
XM_047947241.1	408	209	0	0
XM_047947242.1	582	383	0	0
XM_047947243.1	2541	2342	0	0
XM_047947244.1	198	15.9266	0	0
XM_047947245.1	657	458	0	0
XM_047947246.1	4071	3872	0	0
XM_047947247.1	1817	1618	0	0
XM_047947248.1	1891	1692	0	0
XM_047947249.1	2352	2153	0	0
XM_047947250.1	1737	1538	0	0
XM_047947251.1	624	425	0	0
XM_047947252.1	5948	5749	0	0
XM_047947253.1	2210	2011	0	0
XM_047947254.1	2987	2788	0	0
XM_047947255.1	2626	2427	0	0
XM_047947256.1	237	39.4185	0	0
XM_047947257.1	786	587	0	0
XM_047947258.1	1401	1202	0	0
XM_047947259.1	649	450	0	0
XM_047947260.1	2331	2132	0	0
XM_047947261.1	1412	1213	0	0
XM_047947262.1	1539	1340	0	0
XM_047947263.1	2028	1829	0	0
XM_047947264.1	1080	881	0	0
XM_047947265.1	201	17.0167	0	0
XM_047947266.1	720	521	0	0
XM_047947267.1	1137	938	0	0
XM_047947268.1	570	371	0	0
XM_047947269.1	1152	953	0	0
XM_047947270.1	441	242	0	0
XM_047947271.1	759	560	0	0
XM_047947272.1	504	305	0	0
XM_047947273.1	3001	2802	0	0
XM_047947274.1	342	143	0	0
XM_047947275.1	1935	1736	0	0
XM_047947276.1	693	494	0	0
XM_047947277.1	2210	2011	0	0
XM_047947278.1	369	170	0	0
XM_047947279.1	2571	2372	0	0
XM_047947280.1	702	503	0	0
XM_047947281.1	789	590	0	0
XM_047947282.1	258	59.1108	0	0
XM_047947283.1	4604	4405	0	0
XM_047947284.1	2217	2018	0	0
XM_047947285.1	4359	4160	0	0
XM_047947286.1	1159	960	0	0
XM_047947287.1	2931	2732	0	0
XM_047947288.1	1075	876	0	0
XM_047947289.1	1293	1094	0	0
XM_047947290.1	1457	1258	0	0
XM_047947291.1	390	191	0	0
XM_047947292.1	1350	1151	0	0
XM_047947293.1	966	767	0	0
XM_047947294.1	1053	854	0	0
XM_047947295.1	642	443	0	0
XM_047947296.1	4670	4471	0	0
XM_047947297.1	1563	1364	0	0
XM_047947298.1	1236	1037	0	0
XM_047947299.1	2691	2492	0	0
XM_047947300.1	1396	1197	0	0
XM_047947301.1	4804	4605	0	0
XM_047947302.1	975	776	0	0
XM_047947303.1	1837	1638	0	0
XM_047947304.1	1876	1677	0	0
XM_047947305.1	1662	1463	0	0
XM_047947306.1	3097	2898	0	0
XM_047947307.1	249	50.3754	0	0
XM_047947308.1	1593	1394	0	0
XM_047947309.1	897	698	0	0
XM_047947310.1	696	497	0	0
XM_047947311.1	714	515	0	0
XM_047947312.1	5488	5289	0	0
XM_047947313.1	1675	1476	0	0
XM_047947314.1	635	436	0	0
XM_047947315.1	2225	2026	0	0
XM_047947316.1	713	514	0	0
XM_047947317.1	2365	2166	0	0
XM_047947318.1	724	525	0	0
XM_047947319.1	735	536	0	0
XM_047947320.1	2385	2186	0	0
XM_047947321.1	1434	1235	0	0
XM_047947322.1	438	239	0	0
XM_047947323.1	2523	2324	0	0
XM_047947324.1	2384	2185	0	0
XM_047947325.1	2761	2562	2	2946.69
XM_047947326.1	2686	2487	0	0
XM_047947327.1	2105	1906	0	0
XM_047947328.1	1984	1785	0	0
XM_047947329.1	1013	814	0	0
XM_047947330.1	303	104	0	0
XM_047947331.1	3708	3509	0	0
XM_047947332.1	3853	3654	0	0
XM_047947333.1	1906	1707	0	0
XM_047947334.1	1212	1013	0	0
XM_047947335.1	1227	1028	0	0
XM_047947336.1	1197	998	0	0
XM_047947337.1	1215	1016	0	0
XM_047947338.1	1628	1429	0	0
XM_047947339.1	1674	1475	0	0
XM_047947340.1	1703	1504	0	0
XM_047947341.1	1761	1562	0	0
XM_047947342.1	2092	1893	0	0
XM_047947343.1	706	507	0	0
XM_047947344.1	1263	1064	0	0
XM_047947345.1	714	515	0	0
XM_047947346.1	615	416	0	0
XM_047947347.1	1353	1154	0	0
XM_047947348.1	399	200	0	0
XM_047947349.1	1443	1244	0	0
XM_047947350.1	2039	1840	0	0
XM_047947351.1	639	440	0	0
XM_047947352.1	1458	1259	0	0
XM_047947353.1	2349	2150	0	0
XM_047947354.1	1291	1092	2	6913.39
XM_047947355.1	5442	5243	0	0
XM_047947356.1	1294	1095	0	0
XM_047947357.1	1905	1706	0	0
XM_047947358.1	303	104	0	0
XM_047947359.1	1554	1355	0	0
XM_047947360.1	1482	1283	0	0
XM_047947361.1	1397	1198	0	0
XM_047947362.1	339	140	0	0
XM_047947363.1	513	314	0	0
XM_047947364.1	204	18.2087	0	0
XM_047947365.1	294	95.0001	0	0
XM_047947366.1	441	242	0	0
XM_047947367.1	369	170	0	0
XM_047947368.1	827	628	0	0
XM_047947369.1	369	170	0	0
XM_047947370.1	408	209	0	0
XM_047947371.1	741	542	0	0
XM_047947372.1	1056	857	0	0
XM_047947373.1	261	62.0706	0	0
XM_047947374.1	397	198	0	0
XM_047947375.1	741	542	0	0
XM_047947376.1	408	209	0	0
XM_047947377.1	192	14.0216	0	0
XM_047947378.1	1281	1082	0	0
XM_047947379.1	1310	1111	0	0
XM_047947380.1	1591	1392	0	0
XM_047947381.1	2765	2566	0	0
XM_047947382.1	1848	1649	0	0
XM_047947383.1	1875	1676	0	0
XM_047947384.1	1588	1389	0	0
XM_047947385.1	2332	2133	0	0
XM_047947386.1	705	506	0	0
XM_047947387.1	1967	1768	0	0
XM_047947388.1	1583	1384	0	0
XM_047947389.1	1665	1466	0	0
XM_047947390.1	1143	944	0	0
XM_047947391.1	905	706	0	0
XM_047947392.1	1639	1440	0	0
XM_047947393.1	1266	1067	0	0
XM_047947394.1	171	9.50903	0	0
XM_047947395.1	1251	1052	0	0
XM_047947396.1	1191	992	0	0
XM_047947397.1	812	613	0	0
XM_047947398.1	1629	1430	0	0
XM_047947399.1	627	428	0	0
XM_047947400.1	996	797	0	0
XM_047947401.1	900	701	0	0
XM_047947402.1	928	729	0	0
XM_047947403.1	1894	1695	0	0
XM_047947404.1	1167	968	0	0
XM_047947405.1	414	215	0	0
XM_047947406.1	510	311	0	0
XM_047947407.1	249	50.3754	0	0
XM_047947408.1	240	42.049	0	0
XM_047947409.1	1643	1444	0	0
XM_047947410.1	642	443	0	0
XM_047947411.1	771	572	0	0
XM_047947412.1	1449	1250	0	0
XM_047947413.1	405	206	0	0
XM_047947414.1	1821	1622	0	0
XM_047947415.1	2476	2277	0	0
XM_047947416.1	576	377	0	0
XM_047947417.1	1672	1473	0	0
XM_047947418.1	1223	1024	0	0
XM_047947419.1	1050	851	0	0
XM_047947420.1	3863	3664	0	0
XM_047947421.1	216	24.1385	0	0
XM_047947422.1	1417	1218	0	0
XM_047947423.1	1260	1061	0	0
XM_047947424.1	4001	3802	0	0
XM_047947425.1	685	486	0	0
XM_047947426.1	2787	2588	1	1458.54
XM_047947427.1	642	443	0	0
XM_047947428.1	324	125	0	0
XM_047947429.1	898	699	0	0
XM_047947430.1	2855	2656	0	0
XM_047947431.1	1937	1738	0	0
XM_047947432.1	1384	1185	0	0
XM_047947433.1	1413	1214	0	0
XM_047947434.1	1158	959	0	0
XM_047947435.1	1714	1515	0	0
XM_047947436.1	333	134	0	0
XM_047947437.1	1656	1457	0	0
XM_047947438.1	1499	1300	0	0
XM_047947439.1	357	158	0	0
XM_047947440.1	842	643	0	0
XM_047947441.1	2610	2411	0	0
XM_047947442.1	6456	6257	0	0
XM_047947443.1	472	273	0	0
XM_047947444.1	2013	1814	0	0
XM_047947445.1	1487	1288	0	0
XM_047947446.1	1494	1295	0	0
XM_047947447.1	2353	2154	0	0
XM_047947448.1	1575	1376	0	0
XM_047947449.1	1371	1172	0	0
XM_047947450.1	971	772	0	0
XM_047947451.1	1047	848	0	0
XM_047947452.1	1092	893	0	0
XM_047947453.1	2190	1991	0	0
XM_047947454.1	390	191	0	0
XM_047947455.1	1206	1007	0	0
XM_047947456.1	327	128	0	0
XM_047947457.1	378	179	0	0
XM_047947458.1	3367	3168	0	0
XM_047947459.1	1668	1469	0	0
XM_047947460.1	3738	3539	0	0
XM_047947461.1	345	146	0	0
XM_047947462.1	3155	2956	0	0
XM_047947463.1	3140	2941	0	0
XM_047947464.1	378	179	0	0
XM_047947465.1	471	272	0	0
XM_047947466.1	1368	1169	0	0
XM_047947467.1	1530	1331	0	0
XM_047947468.1	1164	965	0	0
XM_047947469.1	513	314	0	0
XM_047947470.1	249	50.3754	0	0
XM_047947471.1	783	584	0	0
XM_047947472.1	3899	3700	0	0
XM_047947473.1	1782	1583	0	0
XM_047947474.1	805	606	0	0
XM_047947475.1	1425	1226	0	0
XM_047947476.1	1479	1280	0	0
XM_047947477.1	2095	1896	0	0
XM_047947478.1	195	14.9308	0	0
XM_047947479.1	630	431	0	0
XM_047947480.1	720	521	0	0
XM_047947481.1	2100	1901	0	0
XM_047947482.1	1293	1094	0	0
XM_047947483.1	585	386	0	0
XM_047947484.1	1077	878	0	0
XM_047947485.1	962	763	0	0
XM_047947486.1	330	131	0	0
XM_047947487.1	1440	1241	0	0
XM_047947488.1	540	341	0	0
XM_047947489.1	429	230	0	0
XM_047947490.1	2067	1868	0	0
XM_047947491.1	726	527	0	0
XM_047947492.1	2176	1977	0	0
XM_047947493.1	1535	1336	0	0
XM_047947494.1	1277	1078	0	0
XM_047947495.1	726	527	0	0
XM_047947496.1	837	638	0	0
XM_047947497.1	2376	2177	0	0
XM_047947498.1	1228	1029	1	3668.33
XM_047947499.1	804	605	0	0
XM_047947500.1	1128	929	0	0
XM_047947501.1	384	185	0	0
XM_047947502.1	852	653	0	0
XM_047947503.1	915	716	0	0
XM_047947504.1	630	431	0	0
XM_047947505.1	2085	1886	0	0
XM_047947506.1	276	77.0053	0	0
XM_047947507.1	3315	3116	0	0
XM_047947508.1	969	770	0	0
XM_047947509.1	363	164	0	0
XM_047947510.1	1366	1167	0	0
XM_047947511.1	1197	998	0	0
XM_047947512.1	2793	2594	0	0
XM_047947513.1	1614	1415	0	0
XM_047947514.1	990	791	0	0
XM_047947515.1	594	395	0	0
XM_047947516.1	642	443	0	0
XM_047947517.1	396	197	0	0
XM_047947518.1	486	287	0	0
XM_047947519.1	609	410	0	0
XM_047947520.1	762	563	0	0
XM_047947521.1	840	641	0	0
XM_047947522.1	1478	1279	0	0
XM_047947523.1	1209	1010	0	0
XM_047947524.1	612	413	0	0
XM_047947525.1	2289	2090	0	0
XM_047947526.1	321	122	0	0
XM_047947527.1	1122	923	0	0
XM_047947528.1	363	164	0	0
XM_047947529.1	3388	3189	0	0
XM_047947530.1	702	503	0	0
XM_047947531.1	1418	1219	0	0
XM_047947532.1	327	128	0	0
XM_047947533.1	3142	2943	1	1282.61
XM_047947534.1	363	164	0	0
XM_047947535.1	4155	3956	0	0
XM_047947536.1	484	285	0	0
XM_047947537.1	561	362	0	0
XM_047947538.1	2412	2213	0	0
XM_047947539.1	288	89.0004	0	0
XM_047947540.1	3581	3382	0	0
XM_047947541.1	1008	809	0	0
XM_047947542.1	1151	952	0	0
XM_047947543.1	264	65.044	0	0
XM_047947544.1	888	689	0	0
XM_047947545.1	782	583	0	0
XM_047947546.1	1420	1221	0	0
XM_047947547.1	504	305	0	0
XM_047947548.1	2514	2315	0	0
XM_047947549.1	552	353	0	0
XM_047947550.1	2529	2330	0	0
XM_047947551.1	1050	851	1	4435.62
XM_047947552.1	372	173	0	0
XM_047947553.1	453	254	0	0
XM_047947554.1	3018	2819	0	0
XM_047947555.1	2768	2569	0	0
XM_047947556.1	1242	1043	0	0
XM_047947557.1	2366	2167	0	0
XM_047947558.1	2174	1975	0	0
XM_047947559.1	3338	3139	0	0
XM_047947560.1	1647	1448	0	0
XM_047947561.1	501	302	0	0
XM_047947562.1	1324	1125	0	0
XM_047947563.1	1103	904	1	4175.57
XM_047947564.1	1281	1082	0	0
XM_047947565.1	1393	1194	8	25291.2
XM_047947566.1	315	116	0	0
XM_047947567.1	495	296	0	0
XM_047947568.1	1875	1676	0	0
XM_047947569.1	258	59.1108	0	0
XM_047947570.1	1497	1298	0	0
XM_047947571.1	174	9.99669	0	0
XM_047947572.1	2087	1888	0	0
XM_047947573.1	1869	1670	0	0
XM_047947574.1	426	227	0	0
XM_047947575.1	1272	1073	0	0
XM_047947576.1	1933	1734	0	0
XM_047947577.1	897	698	0	0
XM_047947578.1	1776	1577	0	0
XM_047947579.1	1581	1382	0	0
XM_047947580.1	1263	1064	0	0
XM_047947581.1	1017	818	0	0
XM_047947582.1	333	134	0	0
XM_047947583.1	1801	1602	0	0
XM_047947584.1	2409	2210	0	0
XM_047947585.1	1753	1554	0	0
XM_047947586.1	3792	3593	0	0
XM_047947587.1	3993	3794	0	0
XM_047947588.1	1605	1406	0	0
XM_047947589.1	995	796	0	0
XM_047947590.1	1821	1622	0	0
XM_047947591.1	1065	866	0	0
XM_047947592.1	282	83.0016	0	0
XM_047947593.1	2400	2201	0	0
XM_047947594.1	1632	1433	0	0
XM_047947595.1	2561	2362	0	0
XM_047947596.1	1474	1275	0	0
XM_047947597.1	1536	1337	0	0
XM_047947598.1	639	440	0	0
XM_047947599.1	366	167	0	0
XM_047947600.1	5295	5096	0	0
XM_047947601.1	333	134	0	0
XM_047947602.1	321	122	0	0
XM_047947603.1	626	427	0	0
XM_047947604.1	1356	1157	0	0
XM_047947605.1	1243	1044	0	0
XM_047947606.1	1735	1536	0	0
XM_047947607.1	345	146	0	0
XM_047947608.1	327	128	0	0
XM_047947609.1	1128	929	0	0
XM_047947610.1	1999	1800	0	0
XM_047947611.1	663	464	0	0
XM_047947612.1	2517	2318	0	0
XM_047947613.1	615	416	0	0
XM_047947614.1	1449	1250	0	0
XM_047947615.1	3750	3551	0	0
XM_047947616.1	435	236	0	0
XM_047947617.1	1257	1058	0	0
XM_047947618.1	1275	1076	0	0
XM_047947619.1	330	131	0	0
XM_047947620.1	267	68.0268	0	0
XM_047947621.1	2850	2651	0	0
XM_047947622.1	2257	2058	0	0
XM_047947623.1	381	182	0	0
XM_047947624.1	2181	1982	0	0
XM_047947625.1	690	491	0	0
XM_047947626.1	393	194	0	0
XM_047947627.1	795	596	0	0
XM_047947628.1	669	470	0	0
XM_047947629.1	1425	1226	0	0
XM_047947630.1	540	341	0	0
XM_047947631.1	1155	956	0	0
XM_047947632.1	1239	1040	0	0
XM_047947633.1	768	569	0	0
XM_047947634.1	864	665	0	0
XM_047947635.1	1302	1103	0	0
XM_047947636.1	1440	1241	0	0
XM_047947637.1	498	299	0	0
XM_047947638.1	1269	1070	0	0
XM_047947639.1	747	548	0	0
XM_047947640.1	1533	1334	0	0
XM_047947641.1	309	110	0	0
XM_047947642.1	783	584	0	0
XM_047947643.1	867	668	0	0
XM_047947644.1	1668	1469	0	0
XM_047947645.1	870	671	0	0
XM_047947646.1	1227	1028	0	0
XM_047947647.1	177	10.528	0	0
XM_047947648.1	3045	2846	0	0
XM_047947649.1	564	365	0	0
XM_047947650.1	1152	953	0	0
XM_047947651.1	738	539	0	0
XM_047947652.1	702	503	0	0
XM_047947653.1	1363	1164	0	0
XM_047947654.1	400	201	0	0
XM_047947655.1	426	227	0	0
XM_047947656.1	438	239	0	0
XM_047947657.1	507	308	0	0
XM_047947658.1	1593	1394	0	0
XM_047947659.1	795	596	0	0
XM_047947660.1	390	191	0	0
XM_047947661.1	981	782	0	0
XM_047947662.1	324	125	0	0
XM_047947663.1	2119	1920	0	0
XM_047947664.1	1356	1157	0	0
XM_047947665.1	729	530	0	0
XM_047947666.1	2033	1834	0	0
XM_047947667.1	3361	3162	0	0
XM_047947668.1	5013	4814	0	0
XM_047947669.1	3331	3132	0	0
XM_047947670.1	750	551	0	0
XM_047947671.1	682	483	0	0
XM_047947672.1	1506	1307	0	0
XM_047947673.1	5237	5038	0	0
XM_047947674.1	1566	1367	0	0
XM_047947675.1	1520	1321	0	0
XM_047947676.1	3341	3142	0	0
XM_047947677.1	1144	945	1	3994.4
XM_047947678.1	444	245	0	0
XM_047947679.1	384	185	0	0
XM_047947680.1	327	128	0	0
XM_047947681.1	1449	1250	0	0
XM_047947682.1	267	68.0268	0	0
XM_047947683.1	3162	2963	0	0
XM_047947684.1	552	353	0	0
XM_047947685.1	2178	1979	0	0
XM_047947686.1	1691	1492	0	0
XM_047947687.1	4026	3827	1	986.337
XM_047947688.1	1239	1040	0	0
XM_047947689.1	246	47.5399	0	0
XM_047947690.1	1449	1250	0	0
XM_047947691.1	582	383	0	0
XM_047947692.1	873	674	0	0
XM_047947693.1	573	374	0	0
XM_047947694.1	294	95.0001	0	0
XM_047947695.1	1785	1586	0	0
XM_047947696.1	1125	926	0	0
XM_047947697.1	1286	1087	0	0
XM_047947698.1	1029	830	0	0
XM_047947699.1	630	431	0	0
XM_047947700.1	2853	2654	0	0
XM_047947701.1	390	191	0	0
XM_047947702.1	1539	1340	0	0
XM_047947703.1	1422	1223	0	0
XM_047947704.1	2707	2508	0	0
XM_047947705.1	357	158	0	0
XM_047947706.1	765	566	0	0
XM_047947707.1	2448	2249	0	0
XM_047947708.1	1743	1544	0	0
XM_047947709.1	2473	2274	0	0
XM_047947710.1	279	80.003	0	0
XM_047947711.1	1302	1103	0	0
XM_047947712.1	546	347	0	0
XM_047947713.1	1707	1508	0	0
XM_047947714.1	1179	980	0	0
XM_047947715.1	1625	1426	2	5294.13
XM_047947716.1	1659	1460	0	0
XM_047947717.1	474	275	0	0
XM_047947718.1	468	269	0	0
XM_047947719.1	1440	1241	0	0
XM_047947720.1	201	17.0167	0	0
XM_047947721.1	495	296	0	0
XM_047947722.1	1821	1622	0	0
XM_047947723.1	4351	4152	0	0
XM_047947724.1	1540	1341	0	0
XM_047947725.1	1338	1139	0	0
XM_047947726.1	1203	1004	0	0
XM_047947727.1	1098	899	0	0
XM_047947728.1	2976	2777	0	0
XM_047947729.1	1209	1010	0	0
XM_047947730.1	2602	2403	0	0
XM_047947731.1	1136	937	0	0
XM_047947732.1	486	287	0	0
XM_047947733.1	171	9.50903	0	0
XM_047947734.1	363	164	0	0
XM_047947735.1	2522	2323	0	0
XM_047947736.1	2603	2404	0	0
XM_047947737.1	2712	2513	0	0
XM_047947738.1	1014	815	0	0
XM_047947739.1	618	419	0	0
XM_047947740.1	3719	3520	0	0
XM_047947741.1	3693	3494	0	0
XM_047947742.1	867	668	0	0
XM_047947743.1	1212	1013	0	0
XM_047947744.1	1230	1031	0	0
XM_047947745.1	2977	2778	0	0
XM_047947746.1	507	308	0	0
XM_047947747.1	1419	1220	0	0
XM_047947748.1	1503	1304	0	0
XM_047947749.1	1404	1205	0	0
XM_047947750.1	2522	2323	0	0
XM_047947751.1	951	752	0	0
XM_047947752.1	1263	1064	0	0
XM_047947753.1	1470	1271	0	0
XM_047947754.1	1329	1130	0	0
XM_047947755.1	1837	1638	0	0
XM_047947756.1	1172	973	0	0
XM_047947757.1	1305	1106	0	0
XM_047947758.1	780	581	0	0
XM_047947759.1	2048	1849	0	0
XM_047947760.1	167	8.91948	0	0
XM_047947761.1	2010	1811	0	0
XM_047947762.1	333	134	0	0
XM_047947763.1	588	389	0	0
XM_047947764.1	973	774	0	0
XM_047947765.1	1777	1578	0	0
XM_047947766.1	1746	1547	0	0
XM_047947767.1	2439	2240	0	0
XM_047947768.1	588	389	0	0
XM_047947769.1	171	9.50903	0	0
XM_047947770.1	567	368	0	0
XM_047947771.1	1626	1427	0	0
XM_047947772.1	1734	1535	0	0
XM_047947773.1	1789	1590	0	0
XM_047947774.1	1103	904	0	0
XM_047947775.1	675	476	0	0
XM_047947776.1	1237	1038	0	0
XM_047947777.1	2716	2517	0	0
XM_047947778.1	1576	1377	0	0
XM_047947779.1	1239	1040	0	0
XM_047947780.1	846	647	0	0
XM_047947781.1	324	125	0	0
XM_047947782.1	171	9.50903	0	0
XM_047947783.1	2894	2695	0	0
XM_047947784.1	994	795	0	0
XM_047947785.1	1377	1178	0	0
XM_047947786.1	576	377	0	0
XM_047947787.1	684	485	0	0
XM_047947788.1	772	573	0	0
XM_047947789.1	814	615	0	0
XM_047947790.1	396	197	0	0
XM_047947791.1	549	350	0	0
XM_047947792.1	604	405	0	0
XM_047947793.1	799	600	0	0
XM_047947794.1	744	545	0	0
XM_047947795.1	192	14.0216	0	0
XM_047947796.1	354	155	0	0
XM_047947797.1	2403	2204	0	0
XM_047947798.1	1291	1092	0	0
XM_047947799.1	1193	994	0	0
XM_047947800.1	885	686	0	0
XM_047947801.1	2430	2231	0	0
XM_047947802.1	2829	2630	1	1435.25
XM_047947803.1	1833	1634	0	0
XM_047947804.1	1377	1178	0	0
XM_047947805.1	1823	1624	1	2324.33
XM_047947806.1	2004	1805	0	0
XM_047947807.1	1389	1190	0	0
XM_047947808.1	1438	1239	0	0
XM_047947809.1	1160	961	0	0
XM_047947810.1	1224	1025	0	0
XM_047947811.1	875	676	0	0
XM_047947812.1	1545	1346	0	0
XM_047947813.1	546	347	0	0
XM_047947814.1	582	383	0	0
XM_047947815.1	905	706	0	0
XM_047947816.1	3041	2842	0	0
XM_047947817.1	1899	1700	0	0
XM_047947818.1	1655	1456	0	0
XM_047947819.1	1279	1080	0	0
XM_047947820.1	2174	1975	0	0
XM_047947821.1	919	720	0	0
XM_047947822.1	1373	1174	0	0
XM_047947823.1	966	767	0	0
XM_047947824.1	2242	2043	0	0
XM_047947825.1	1467	1268	0	0
XM_047947826.1	711	512	0	0
XM_047947827.1	2596	2397	0	0
XM_047947828.1	1994	1795	0	0
XM_047947829.1	1560	1361	0	0
XM_047947830.1	306	107	0	0
XM_047947831.1	327	128	0	0
XM_047947832.1	1988	1789	0	0
XM_047947833.1	681	482	0	0
XM_047947834.1	1791	1592	0	0
XM_047947835.1	1026	827	0	0
XM_047947836.1	1050	851	0	0
XM_047947837.1	261	62.0706	0	0
XM_047947838.1	222	27.8721	0	0
XM_047947839.1	3406	3207	0	0
XM_047947840.1	1584	1385	0	0
XM_047947841.1	1143	944	0	0
XM_047947842.1	390	191	0	0
XM_047947843.1	402	203	0	0
XM_047947844.1	591	392	0	0
XM_047947845.1	1527	1328	0	0
XM_047947846.1	2153	1954	0	0
XM_047947847.1	2404	2205	0	0
XM_047947848.1	2281	2082	0	0
XM_047947849.1	1683	1484	0	0
XM_047947850.1	366	167	0	0
XM_047947851.1	402	203	0	0
XM_047947852.1	723	524	0	0
XM_047947853.1	1332	1133	0	0
XM_047947854.1	159	7.91627	0	0
XM_047947855.1	759	560	0	0
XM_047947856.1	852	653	0	0
XM_047947857.1	1389	1190	0	0
XM_047947858.1	1626	1427	0	0
XM_047947859.1	1502	1303	0	0
XM_047947860.1	480	281	0	0
XM_047947861.1	402	203	0	0
XM_047947862.1	723	524	0	0
XM_047947863.1	1689	1490	0	0
XM_047947864.1	159	7.91627	0	0
XM_047947865.1	396	197	0	0
XM_047947866.1	489	290	0	0
XM_047947867.1	273	74.0093	0	0
XM_047947868.1	2214	2015	0	0
XM_047947869.1	1635	1436	0	0
XM_047947870.1	1794	1595	0	0
XM_047947871.1	1545	1346	0	0
XM_047947872.1	4086	3887	0	0
XM_047947873.1	321	122	0	0
XM_047947874.1	1365	1166	0	0
XM_047947875.1	1995	1796	0	0
XM_047947876.1	2116	1917	0	0
XM_047947877.1	618	419	0	0
XM_047947878.1	6554	6355	0	0
XM_047947879.1	687	488	0	0
XM_047947880.1	2427	2228	0	0
XM_047947881.1	1807	1608	0	0
XM_047947882.1	1717	1518	0	0
XM_047947883.1	1041	842	0	0
XM_047947884.1	1230	1031	0	0
XM_047947885.1	390	191	0	0
XM_047947886.1	699	500	0	0
XM_047947887.1	1115	916	0	0
XM_047947888.1	1860	1661	0	0
XM_047947889.1	1978	1779	0	0
XM_047947890.1	1224	1025	0	0
XM_047947891.1	729	530	0	0
XM_047947892.1	1940	1741	0	0
XM_047947893.1	896	697	0	0
XM_047947894.1	1269	1070	0	0
XM_047947895.1	3644	3445	0	0
XM_047947896.1	3762	3563	0	0
XM_047947897.1	3847	3648	0	0
XM_047947898.1	1820	1621	0	0
XM_047947899.1	1047	848	0	0
XM_047947900.1	501	302	0	0
XM_047947901.1	2586	2387	0	0
XM_047947902.1	2874	2675	0	0
XM_047947903.1	2429	2230	0	0
XM_047947904.1	2289	2090	0	0
XM_047947905.1	1002	803	0	0
XM_047947906.1	351	152	0	0
XM_047947907.1	453	254	0	0
XM_047947908.1	1806	1607	0	0
XM_047947909.1	3313	3114	0	0
XM_047947910.1	525	326	0	0
XM_047947911.1	1446	1247	0	0
XM_047947912.1	791	592	0	0
XM_047947913.1	6294	6095	0	0
XM_047947914.1	519	320	0	0
XM_047947915.1	4505	4306	0	0
XM_047947916.1	306	107	0	0
XM_047947917.1	561	362	0	0
XM_047947918.1	1383	1184	0	0
XM_047947919.1	1686	1487	0	0
XM_047947920.1	828	629	0	0
XM_047947921.1	1122	923	0	0
XM_047947922.1	771	572	0	0
XM_047947923.1	1574	1375	0	0
XM_047947924.1	921	722	0	0
XM_047947925.1	736	537	0	0
XM_047947926.1	854	655	0	0
XM_047947927.1	2136	1937	0	0
XM_047947928.1	1812	1613	0	0
XM_047947929.1	1862	1663	0	0
XM_047947930.1	285	86.0009	0	0
XM_047947931.1	3854	3655	0	0
XM_047947932.1	258	59.1108	0	0
XM_047947933.1	2462	2263	0	0
XM_047947934.1	2798	2599	0	0
XM_047947935.1	720	521	0	0
XM_047947936.1	639	440	0	0
XM_047947937.1	360	161	0	0
XM_047947938.1	2722	2523	0	0
XM_047947939.1	2802	2603	0	0
XM_047947940.1	2184	1985	0	0
XM_047947941.1	1869	1670	0	0
XM_047947942.1	924	725	0	0
XM_047947943.1	1272	1073	0	0
XM_047947944.1	237	39.4185	0	0
XM_047947945.1	240	42.049	0	0
XM_047947946.1	1278	1079	0	0
XM_047947947.1	645	446	0	0
XM_047947948.1	1086	887	0	0
XM_047947949.1	396	197	0	0
XM_047947950.1	1440	1241	0	0
XM_047947951.1	1593	1394	0	0
XM_047947952.1	1389	1190	0	0
XM_047947953.1	2088	1889	0	0
XM_047947954.1	552	353	0	0
XM_047947955.1	1842	1643	0	0
XM_047947956.1	1425	1226	0	0
XM_047947957.1	219	25.9389	0	0
XM_047947958.1	408	209	0	0
XM_047947959.1	635	436	0	0
XM_047947960.1	669	470	0	0
XM_047947961.1	159	7.91627	0	0
XM_047947962.1	870	671	0	0
XM_047947963.1	2022	1823	0	0
XM_047947964.1	1086	887	0	0
XM_047947965.1	828	629	0	0
XM_047947966.1	450	251	0	0
XM_047947967.1	1005	806	0	0
XM_047947968.1	804	605	0	0
XM_047947969.1	672	473	0	0
XM_047947970.1	447	248	0	0
XM_047947971.1	564	365	0	0
XM_047947972.1	390	191	0	0
XM_047947973.1	1022	823	0	0
XM_047947974.1	1078	879	0	0
XM_047947975.1	1521	1322	0	0
XM_047947976.1	1548	1349	0	0
XM_047947977.1	657	458	0	0
XM_047947978.1	1896	1697	0	0
XM_047947979.1	543	344	0	0
XM_047947980.1	651	452	0	0
XM_047947981.1	549	350	0	0
XM_047947982.1	2871	2672	0	0
XM_047947983.1	3338	3139	0	0
XM_047947984.1	690	491	0	0
XM_047947985.1	2021	1822	0	0
XM_047947986.1	300	101	0	0
XM_047947987.1	2007	1808	0	0
XM_047947988.1	1506	1307	0	0
XM_047947989.1	1773	1574	0	0
XM_047947990.1	459	260	0	0
XM_047947991.1	312	113	0	0
XM_047947992.1	1317	1118	0	0
XM_047947993.1	1817	1618	0	0
XM_047947994.1	1625	1426	0	0
XM_047947995.1	535	336	0	0
XM_047947996.1	2589	2390	0	0
XM_047947997.1	2242	2043	0	0
XM_047947998.1	423	224	0	0
XM_047947999.1	1086	887	0	0
XM_047948000.1	1623	1424	0	0
XM_047948001.1	960	761	0	0
XM_047948002.1	1908	1709	0	0
XM_047948003.1	2422	2223	0	0
XM_047948004.1	2113	1914	0	0
XM_047948005.1	1314	1115	0	0
XM_047948006.1	1245	1046	0	0
XM_047948007.1	1983	1784	0	0
XM_047948008.1	2075	1876	0	0
XM_047948009.1	935	736	0	0
XM_047948010.1	1895	1696	0	0
XM_047948011.1	975	776	0	0
XM_047948012.1	774	575	0	0
XM_047948013.1	771	572	0	0
XM_047948014.1	1669	1470	0	0
XM_047948015.1	1287	1088	0	0
XM_047948016.1	939	740	0	0
XM_047948017.1	599	400	0	0
XM_047948018.1	363	164	0	0
XM_047948019.1	600	401	0	0
XM_047948020.1	375	176	0	0
XM_047948021.1	375	176	0	0
XM_047948022.1	1584	1385	0	0
XM_047948023.1	2490	2291	0	0
XM_047948024.1	2793	2594	0	0
XM_047948025.1	2975	2776	0	0
XM_047948026.1	1781	1582	0	0
XM_047948027.1	651	452	0	0
XM_047948028.1	168	9.06081	0	0
XM_047948029.1	1866	1667	0	0
XM_047948030.1	333	134	0	0
XM_047948031.1	879	680	0	0
XM_047948032.1	195	14.9308	0	0
XM_047948033.1	345	146	0	0
XM_047948034.1	2481	2282	0	0
XM_047948035.1	1002	803	0	0
XM_047948036.1	1971	1772	0	0
XM_047948037.1	2506	2307	0	0
XM_047948038.1	2424	2225	0	0
XM_047948039.1	1362	1163	0	0
XM_047948040.1	288	89.0004	0	0
XM_047948041.1	336	137	0	0
XM_047948042.1	690	491	0	0
XM_047948043.1	447	248	0	0
XM_047948044.1	3008	2809	0	0
XM_047948045.1	813	614	0	0
XM_047948046.1	2723	2524	0	0
XM_047948047.1	2153	1954	0	0
XM_047948048.1	732	533	0	0
XM_047948049.1	564	365	0	0
XM_047948050.1	780	581	0	0
XM_047948051.1	710	511	0	0
XM_047948052.1	2436	2237	0	0
XM_047948053.1	713	514	0	0
XM_047948054.1	543	344	0	0
XM_047948055.1	630	431	0	0
XM_047948056.1	1195	996	0	0
XM_047948057.1	1211	1012	0	0
XM_047948058.1	594	395	0	0
XM_047948059.1	2178	1979	0	0
XM_047948060.1	1771	1572	0	0
XM_047948061.1	3735	3536	0	0
XM_047948062.1	213	22.4695	0	0
XM_047948063.1	393	194	0	0
XM_047948064.1	2484	2285	0	0
XM_047948065.1	237	39.4185	0	0
XM_047948066.1	1107	908	0	0
XM_047948067.1	294	95.0001	0	0
XM_047948068.1	713	514	0	0
XM_047948069.1	1155	956	0	0
XM_047948070.1	1182	983	0	0
XM_047948071.1	1083	884	0	0
XM_047948072.1	1081	882	0	0
XM_047948073.1	2186	1987	0	0
XM_047948074.1	5893	5694	0	0
XM_047948075.1	417	218	0	0
XM_047948076.1	611	412	0	0
XM_047948077.1	348	149	0	0
XM_047948078.1	810	611	0	0
XM_047948079.1	555	356	0	0
XM_047948080.1	3543	3344	0	0
XM_047948081.1	2059	1860	0	0
XM_047948082.1	3433	3234	0	0
XM_047948083.1	264	65.044	0	0
XM_047948084.1	333	134	0	0
XM_047948085.1	726	527	0	0
XM_047948086.1	881	682	0	0
XM_047948087.1	1763	1564	0	0
XM_047948088.1	5373	5174	0	0
XM_047948089.1	845	646	0	0
XM_047948090.1	270	71.016	0	0
XM_047948091.1	717	518	0	0
XM_047948092.1	3252	3053	0	0
XM_047948093.1	912	713	0	0
XM_047948094.1	1720	1521	0	0
XM_047948095.1	759	560	0	0
XM_047948096.1	549	350	0	0
XM_047948097.1	651	452	0	0
XM_047948098.1	1336	1137	0	0
XM_047948099.1	558	359	0	0
XM_047948100.1	2043	1844	0	0
XM_047948101.1	390	191	0	0
XM_047948102.1	878	679	0	0
XM_047948103.1	231	34.449	0	0
XM_047948104.1	294	95.0001	0	0
XM_047948105.1	486	287	0	0
XM_047948106.1	192	14.0216	0	0
XM_047948107.1	963	764	0	0
XM_047948108.1	1041	842	0	0
XM_047948109.1	504	305	0	0
XM_047948110.1	2632	2433	0	0
XM_047948111.1	738	539	0	0
XM_047948112.1	840	641	0	0
XM_047948113.1	960	761	0	0
XM_047948114.1	2442	2243	0	0
XM_047948115.1	1213	1014	0	0
XM_047948116.1	792	593	0	0
XM_047948117.1	1302	1103	0	0
XM_047948118.1	363	164	0	0
XM_047948119.1	471	272	0	0
XM_047948120.1	1144	945	0	0
XM_047948121.1	576	377	0	0
XM_047948122.1	4638	4439	0	0
XM_047948123.1	964	765	0	0
XM_047948124.1	201	17.0167	0	0
XM_047948125.1	900	701	0	0
XM_047948126.1	459	260	0	0
XM_047948127.1	723	524	0	0
XM_047948128.1	315	116	0	0
XM_047948129.1	1336	1137	0	0
XM_047948130.1	465	266	0	0
XM_047948131.1	1205	1006	0	0
XM_047948132.1	891	692	0	0
XM_047948133.1	1715	1516	0	0
XM_047948134.1	434	235	0	0
XM_047948135.1	360	161	0	0
XM_047948136.1	948	749	0	0
XM_047948137.1	355	156	0	0
XM_047948138.1	1008	809	0	0
XM_047948139.1	2327	2128	0	0
XM_047948140.1	2819	2620	0	0
XM_047948141.1	369	170	0	0
XM_047948142.1	2075	1876	0	0
XM_047948143.1	3530	3331	0	0
XM_047948144.1	468	269	0	0
XM_047948145.1	912	713	0	0
XM_047948146.1	1437	1238	0	0
XM_047948147.1	7621	7422	0	0
XM_047948148.1	3071	2872	0	0
XM_047948149.1	1008	809	0	0
XM_047948150.1	174	9.99669	0	0
XM_047948151.1	2104	1905	0	0
XM_047948152.1	810	611	0	0
XM_047948153.1	663	464	0	0
XM_047948154.1	507	308	0	0
XM_047948155.1	477	278	0	0
XM_047948156.1	1422	1223	0	0
XM_047948157.1	654	455	0	0
XM_047948158.1	426	227	0	0
XM_047948159.1	1931	1732	0	0
XM_047948160.1	1275	1076	0	0
XM_047948161.1	3710	3511	0	0
XM_047948162.1	2205	2006	0	0
XM_047948163.1	387	188	0	0
XM_047948164.1	1319	1120	0	0
XM_047948165.1	1024	825	0	0
XM_047948166.1	2960	2761	0	0
XM_047948167.1	954	755	0	0
XM_047948168.1	1722	1523	0	0
XM_047948169.1	381	182	0	0
XM_047948170.1	450	251	0	0
XM_047948171.1	453	254	0	0
XM_047948172.1	747	548	0	0
XM_047948173.1	1164	965	0	0
XM_047948174.1	2159	1960	0	0
XM_047948175.1	673	474	0	0
XM_047948176.1	453	254	0	0
XM_047948177.1	3863	3664	0	0
XM_047948178.1	222	27.8721	0	0
XM_047948179.1	312	113	0	0
XM_047948180.1	885	686	0	0
XM_047948181.1	444	245	0	0
XM_047948182.1	435	236	0	0
XM_047948183.1	1644	1445	0	0
XM_047948184.1	420	221	0	0
XM_047948185.1	420	221	0	0
XM_047948186.1	1284	1085	0	0
XM_047948187.1	1110	911	0	0
XM_047948188.1	345	146	0	0
XM_047948189.1	411	212	0	0
XM_047948190.1	423	224	0	0
XM_047948191.1	2449	2250	0	0
XM_047948192.1	2667	2468	0	0
XM_047948193.1	579	380	0	0
XM_047948194.1	1149	950	0	0
XM_047948195.1	1848	1649	0	0
XM_047948196.1	1787	1588	0	0
XM_047948197.1	1344	1145	0	0
XM_047948198.1	303	104	0	0
XM_047948199.1	1002	803	0	0
XM_047948200.1	491	292	0	0
XM_047948201.1	333	134	0	0
XM_047948202.1	630	431	0	0
XM_047948203.1	702	503	0	0
XM_047948204.1	228	32.1317	0	0
XM_047948205.1	1062	863	0	0
XM_047948206.1	354	155	0	0
XM_047948207.1	330	131	0	0
XM_047948208.1	384	185	0	0
XM_047948209.1	174	9.99669	0	0
XM_047948210.1	3197	2998	0	0
XM_047948211.1	891	692	0	0
XM_047948212.1	1125	926	0	0
XM_047948213.1	1942	1743	0	0
XM_047948214.1	750	551	0	0
XM_047948215.1	1023	824	0	0
XM_047948216.1	2195	1996	0	0
XM_047948217.1	2542	2343	0	0
XM_047948218.1	429	230	0	0
XM_047948219.1	912	713	0	0
XM_047948220.1	2063	1864	0	0
XM_047948221.1	2121	1922	0	0
XM_047948222.1	183	11.741	0	0
XM_047948223.1	237	39.4185	0	0
XM_047948224.1	354	155	0	0
XM_047948225.1	321	122	0	0
XM_047948226.1	825	626	0	0
XM_047948227.1	516	317	0	0
XM_047948228.1	3313	3114	0	0
XM_047948229.1	2409	2210	0	0
XM_047948230.1	1500	1301	0	0
XM_047948231.1	4316	4117	0	0
XM_047948232.1	1976	1777	0	0
XM_047948233.1	591	392	0	0
XM_047948234.1	363	164	0	0
XM_047948235.1	396	197	0	0
XM_047948236.1	474	275	0	0
XM_047948237.1	1212	1013	0	0
XM_047948238.1	610	411	0	0
XM_047948239.1	1785	1586	0	0
XM_047948240.1	348	149	0	0
XM_047948241.1	429	230	0	0
XM_047948242.1	915	716	0	0
XM_047948243.1	288	89.0004	0	0
XM_047948244.1	2013	1814	0	0
XM_047948245.1	2199	2000	0	0
XM_047948246.1	1098	899	0	0
XM_047948247.1	492	293	0	0
XM_047948248.1	1350	1151	0	0
XM_047948249.1	468	269	0	0
XM_047948250.1	327	128	0	0
XM_047948251.1	1641	1442	0	0
XM_047948252.1	1738	1539	0	0
XM_047948253.1	2043	1844	0	0
XM_047948254.1	4585	4386	0	0
XM_047948255.1	306	107	0	0
XM_047948256.1	4463	4264	0	0
XM_047948257.1	1224	1025	0	0
XM_047948258.1	405	206	0	0
XM_047948259.1	1209	1010	0	0
XM_047948260.1	1491	1292	0	0
XM_047948261.1	1108	909	0	0
XM_047948262.1	306	107	0	0
XM_047948263.1	297	98.0001	0	0
XM_047948264.1	834	635	0	0
XM_047948265.1	288	89.0004	0	0
XM_047948266.1	486	287	0	0
XM_047948267.1	1197	998	0	0
XM_047948268.1	1122	923	0	0
XM_047948269.1	1311	1112	0	0
XM_047948270.1	1296	1097	0	0
XM_047948271.1	1782	1583	0	0
XM_047948272.1	845	646	0	0
XM_047948273.1	959	760	0	0
XM_047948274.1	1746	1547	0	0
XM_047948275.1	3759	3560	0	0
XM_047948276.1	303	104	0	0
XM_047948277.1	759	560	0	0
XM_047948278.1	435	236	0	0
XM_047948279.1	237	39.4185	0	0
XM_047948280.1	360	161	0	0
XM_047948281.1	1377	1178	0	0
XM_047948282.1	1921	1722	0	0
XM_047948283.1	480	281	0	0
XM_047948284.1	177	10.528	0	0
XM_047948285.1	1285	1086	0	0
XM_047948286.1	534	335	0	0
XM_047948287.1	1815	1616	0	0
XM_047948288.1	339	140	0	0
XM_047948289.1	3573	3374	0	0
XM_047948290.1	603	404	0	0
XM_047948291.1	690	491	0	0
XM_047948292.1	333	134	0	0
XM_047948293.1	996	797	0	0
XM_047948294.1	4259	4060	0	0
XM_047948295.1	2860	2661	0	0
XM_047948296.1	1704	1505	0	0
XM_047948297.1	2142	1943	0	0
XM_047948298.1	1302	1103	0	0
XM_047948299.1	2590	2391	0	0
XM_047948300.1	852	653	0	0
XM_047948301.1	1838	1639	0	0
XM_047948302.1	969	770	0	0
XM_047948303.1	1452	1253	0	0
XM_047948304.1	648	449	0	0
XM_047948305.1	5120	4921	0	0
XM_047948306.1	420	221	0	0
XM_047948307.1	4781	4582	0	0
XM_047948308.1	1293	1094	0	0
XM_047948309.1	252	53.2554	0	0
XM_047948310.1	1668	1469	0	0
XM_047948311.1	351	152	0	0
XM_047948312.1	1806	1607	0	0
XM_047948313.1	1254	1055	0	0
XM_047948314.1	2072	1873	0	0
XM_047948315.1	327	128	0	0
XM_047948316.1	1469	1270	0	0
XM_047948317.1	3124	2925	0	0
XM_047948318.1	2119	1920	0	0
XM_047948319.1	1239	1040	0	0
XM_047948320.1	1701	1502	0	0
XM_047948321.1	1719	1520	0	0
XM_047948322.1	2489	2290	0	0
XM_047948323.1	1010	811	0	0
XM_047948324.1	739	540	0	0
XM_047948325.1	2037	1838	0	0
XM_047948326.1	3322	3123	0	0
XM_047948327.1	3396	3197	0	0
XM_047948328.1	899	700	0	0
XM_047948329.1	1151	952	0	0
XM_047948330.1	348	149	0	0
XM_047948331.1	1224	1025	0	0
XM_047948332.1	198	15.9266	0	0
XM_047948333.1	2014	1815	0	0
XM_047948334.1	1198	999	0	0
XM_047948335.1	333	134	0	0
XM_047948336.1	588	389	0	0
XM_047948337.1	1485	1286	0	0
XM_047948338.1	705	506	0	0
XM_047948339.1	1486	1287	0	0
XM_047948340.1	1440	1241	0	0
XM_047948341.1	3029	2830	0	0
XM_047948342.1	600	401	0	0
XM_047948343.1	1049	850	0	0
XM_047948344.1	825	626	0	0
XM_047948345.1	1446	1247	0	0
XM_047948346.1	1337	1138	0	0
XM_047948347.1	1440	1241	0	0
XM_047948348.1	1578	1379	0	0
XM_047948349.1	2028	1829	0	0
XM_047948350.1	384	185	0	0
XM_047948351.1	1630	1431	0	0
XM_047948352.1	1662	1463	0	0
XM_047948353.1	330	131	0	0
XM_047948354.1	2046	1847	0	0
XM_047948355.1	1665	1466	0	0
XM_047948356.1	2094	1895	0	0
XM_047948357.1	1290	1091	0	0
XM_047948358.1	1352	1153	0	0
XM_047948359.1	1643	1444	0	0
XM_047948360.1	1476	1277	0	0
XM_047948361.1	300	101	0	0
XM_047948362.1	1167	968	0	0
XM_047948363.1	1576	1377	0	0
XM_047948364.1	1248	1049	0	0
XM_047948365.1	1748	1549	0	0
XM_047948366.1	1032	833	0	0
XM_047948367.1	1257	1058	0	0
XM_047948368.1	153	7.28986	0	0
XM_047948369.1	2776	2577	0	0
XM_047948370.1	1059	860	0	0
XM_047948371.1	2161	1962	0	0
XM_047948372.1	1959	1760	0	0
XM_047948373.1	549	350	0	0
XM_047948374.1	915	716	0	0
XM_047948375.1	534	335	0	0
XM_047948376.1	2343	2144	0	0
XM_047948377.1	186	12.4336	0	0
XM_047948378.1	873	674	0	0
XM_047948379.1	1365	1166	0	0
XM_047948380.1	831	632	0	0
XM_047948381.1	936	737	0	0
XM_047948382.1	651	452	0	0
XM_047948383.1	381	182	0	0
XM_047948384.1	252	53.2554	0	0
XM_047948385.1	747	548	0	0
XM_047948386.1	2313	2114	0	0
XM_047948387.1	186	12.4336	0	0
XM_047948388.1	1275	1076	0	0
XM_047948389.1	1479	1280	0	0
XM_047948390.1	2637	2438	0	0
XM_047948391.1	381	182	0	0
XM_047948392.1	1823	1624	0	0
XM_047948393.1	1934	1735	0	0
XM_047948394.1	1180	981	0	0
XM_047948395.1	1542	1343	0	0
XM_047948396.1	618	419	0	0
XM_047948397.1	3186	2987	0	0
XM_047948398.1	1137	938	0	0
XM_047948399.1	1934	1735	0	0
XM_047948400.1	1117	918	0	0
XM_047948401.1	3617	3418	0	0
XM_047948402.1	1864	1665	0	0
XM_047948403.1	1566	1367	0	0
XM_047948404.1	1760	1561	0	0
XM_047948405.1	1477	1278	0	0
XM_047948406.1	2284	2085	0	0
XM_047948407.1	1626	1427	0	0
XM_047948408.1	2355	2156	0	0
XM_047948409.1	3378	3179	0	0
XM_047948410.1	1956	1757	0	0
XM_047948411.1	420	221	0	0
XM_047948412.1	1041	842	0	0
XM_047948413.1	3078	2879	0	0
XM_047948414.1	708	509	0	0
XM_047948415.1	558	359	0	0
XM_047948416.1	5512	5313	0	0
XM_047948417.1	1065	866	0	0
XM_047948418.1	984	785	0	0
XM_047948419.1	1110	911	0	0
XM_047948420.1	2683	2484	0	0
XM_047948421.1	2337	2138	0	0
XM_047948422.1	2428	2229	0	0
XM_047948423.1	726	527	0	0
XM_047948424.1	1028	829	0	0
XM_047948425.1	5570	5371	0	0
XM_047948426.1	4326	4127	0	0
XM_047948427.1	435	236	0	0
XM_047948428.1	357	158	0	0
XM_047948429.1	3140	2941	1	1283.48
XM_047948430.1	1482	1283	0	0
XM_047948431.1	1468	1269	0	0
XM_047948432.1	692	493	0	0
XM_047948433.1	246	47.5399	0	0
XM_047948434.1	1579	1380	0	0
XM_047948435.1	7023	6824	0	0
XM_047948436.1	1816	1617	0	0
XM_047948437.1	2518	2319	0	0
XM_047948438.1	246	47.5399	0	0
XM_047948439.1	1934	1735	0	0
XM_047948440.1	420	221	0	0
XM_047948441.1	1839	1640	0	0
XM_047948442.1	2824	2625	0	0
XM_047948443.1	1518	1319	0	0
XM_047948444.1	1062	863	0	0
XM_047948445.1	1332	1133	0	0
XM_047948446.1	381	182	0	0
XM_047948447.1	588	389	0	0
XM_047948448.1	1470	1271	0	0
XM_047948449.1	1302	1103	1	3422.22
XM_047948450.1	1338	1139	0	0
XM_047948451.1	990	791	0	0
XM_047948452.1	339	140	0	0
XM_047948453.1	435	236	0	0
XM_047948454.1	808	609	1	6198.21
XM_047948455.1	456	257	0	0
XM_047948456.1	6100	5901	0	0
XM_047948457.1	1676	1477	0	0
XM_047948458.1	405	206	0	0
XM_047948459.1	306	107	0	0
XM_047948460.1	2671	2472	0	0
XM_047948461.1	2745	2546	0	0
XM_047948462.1	309	110	0	0
XM_047948463.1	486	287	0	0
XM_047948464.1	405	206	0	0
XM_047948465.1	732	533	0	0
XM_047948466.1	4911	4712	0	0
XM_047948467.1	1679	1480	0	0
XM_047948468.1	1693	1494	0	0
XM_047948469.1	372	173	0	0
XM_047948470.1	2892	2693	0	0
XM_047948471.1	2974	2775	5	6801.28
XM_047948472.1	348	149	0	0
XM_047948473.1	651	452	0	0
XM_047948474.1	6763	6564	0	0
XM_047948475.1	228	32.1317	0	0
XM_047948476.1	306	107	0	0
XM_047948477.1	1341	1142	0	0
XM_047948478.1	420	221	0	0
XM_047948479.1	1554	1355	0	0
XM_047948480.1	2188	1989	0	0
XM_047948481.1	1731	1532	0	0
XM_047948482.1	915	716	0	0
XM_047948483.1	1605	1406	0	0
XM_047948484.1	879	680	0	0
XM_047948485.1	1792	1593	0	0
XM_047948486.1	1840	1641	0	0
XM_047948487.1	321	122	0	0
XM_047948488.1	312	113	0	0
XM_047948489.1	1761	1562	0	0
XM_047948490.1	1528	1329	0	0
XM_047948491.1	1941	1742	0	0
XM_047948492.1	2169	1970	0	0
XM_047948493.1	2621	2422	0	0
XM_047948494.1	1950	1751	0	0
XM_047948495.1	2049	1850	0	0
XM_047948496.1	1917	1718	0	0
XM_047948497.1	1462	1263	0	0
XM_047948498.1	567	368	0	0
XM_047948499.1	1210	1011	0	0
XM_047948500.1	1111	912	1.99028	8237.65
XM_047948501.1	1127	928	0.00971973	39.5357
XM_047948502.1	626	427	1	8840.07
XM_047948503.1	1093	894	0	0
XM_047948504.1	1119	920	0	0
XM_047948505.1	1679	1480	0	0
XM_047948506.1	2127	1928	0	0
XM_047948507.1	5625	5426	0	0
XM_047948508.1	5325	5126	0	0
XM_047948509.1	216	24.1385	0	0
XM_047948510.1	1990	1791	0	0
XM_047948511.1	2332	2133	0	0
XM_047948512.1	2091	1892	0	0
XM_047948513.1	858	659	0	0
XM_047948514.1	216	24.1385	0	0
XM_047948515.1	189	13.1915	0	0
XM_047948516.1	318	119	0	0
XM_047948517.1	1842	1643	0	0
XM_047948518.1	1599	1400	0	0
XM_047948519.1	1134	935	0	0
XM_047948520.1	1182	983	0	0
XM_047948521.1	1788	1589	0	0
XM_047948522.1	2361	2162	0	0
XM_047948523.1	1579	1380	0	0
XM_047948524.1	1292	1093	0	0
XM_047948525.1	2209	2010	0	0
XM_047948526.1	522	323	0	0
XM_047948527.1	2234	2035	0	0
XM_047948528.1	2268	2069	0	0
XM_047948529.1	775	576	0	0
XM_047948530.1	522	323	0	0
XM_047948531.1	1962	1763	0	0
XM_047948532.1	2454	2255	0	0
XM_047948533.1	366	167	0	0
XM_047948534.1	351	152	0	0
XM_047948535.1	639	440	0	0
XM_047948536.1	474	275	0	0
XM_047948537.1	495	296	0	0
XM_047948538.1	1544	1345	0	0
XM_047948539.1	976	777	0	0
XM_047948540.1	2619	2420	0	0
XM_047948541.1	3148	2949	0	0
XM_047948542.1	746	547	0	0
XM_047948543.1	300	101	0	0
XM_047948544.1	1335	1136	0	0
XM_047948545.1	1129	930	0	0
XM_047948546.1	699	500	0	0
XM_047948547.1	981	782	0	0
XM_047948548.1	1266	1067	0	0
XM_047948549.1	387	188	0	0
XM_047948550.1	903	704	0	0
XM_047948551.1	1082	883	0	0
XM_047948552.1	772	573	0	0
XM_047948553.1	1929	1730	0	0
XM_047948554.1	1784	1585	0	0
XM_047948555.1	375	176	0	0
XM_047948556.1	981	782	0	0
XM_047948557.1	384	185	0	0
XM_047948558.1	1524	1325	0	0
XM_047948559.1	375	176	0	0
XM_047948560.1	1268	1069	1	3531.07
XM_047948561.1	1522	1323	0	0
XM_047948562.1	2077	1878	0	0
XM_047948563.1	1320	1121	0	0
XM_047948564.1	1233	1034	0	0
XM_047948565.1	2776	2577	0	0
XM_047948566.1	3227	3028	0	0
XM_047948567.1	432	233	0	0
XM_047948568.1	1086	887	0	0
XM_047948569.1	1359	1160	0	0
XM_047948570.1	7690	7491	0	0
XM_047948571.1	711	512	0	0
XM_047948572.1	1128	929	0	0
XM_047948573.1	1135	936	0	0
XM_047948574.1	1845	1646	0	0
XM_047948575.1	1146	947	0	0
XM_047948576.1	3953	3754	0	0
XM_047948577.1	942	743	0	0
XM_047948578.1	1089	890	0	0
XM_047948579.1	1291	1092	0	0
XM_047948580.1	1086	887	0	0
XM_047948581.1	1380	1181	0	0
XM_047948582.1	1662	1463	0	0
XM_047948583.1	1806	1607	0	0
XM_047948584.1	1928	1729	0	0
XM_047948585.1	585	386	0	0
XM_047948586.1	270	71.016	0	0
XM_047948587.1	752	553	0	0
XM_047948588.1	2129	1930	0	0
XM_047948589.1	970	771	0	0
XM_047948590.1	486	287	0	0
XM_047948591.1	906	707	0	0
XM_047948592.1	1307	1108	0	0
XM_047948593.1	549	350	0	0
XM_047948594.1	3443	3244	0	0
XM_047948595.1	1686	1487	0	0
XM_047948596.1	1065	866	0	0
XM_047948597.1	411	212	0	0
XM_047948598.1	1173	974	0	0
XM_047948599.1	1293	1094	0	0
XM_047948600.1	2710	2511	0	0
XM_047948601.1	249	50.3754	0	0
XM_047948602.1	3200	3001	0	0
XM_047948603.1	2415	2216	0	0
XM_047948604.1	654	455	0	0
XM_047948605.1	1332	1133	0	0
XM_047948606.1	1887	1688	0	0
XM_047948607.1	2754	2555	0	0
XM_047948608.1	360	161	0	0
XM_047948609.1	865	666	0	0
XM_047948610.1	1548	1349	0	0
XM_047948611.1	1881	1682	0	0
XM_047948612.1	1279	1080	0	0
XM_047948613.1	375	176	0	0
XM_047948614.1	1844	1645	0	0
XM_047948615.1	992	793	0	0
XM_047948616.1	5399	5200	0	0
XM_047948617.1	2323	2124	0	0
XM_047948618.1	1627	1428	0	0
XM_047948619.1	1708	1509	0	0
XM_047948620.1	6869	6670	0	0
XM_047948621.1	1400	1201	0	0
XM_047948622.1	1626	1427	0	0
XM_047948623.1	1401	1202	0	0
XM_047948624.1	867	668	0	0
XM_047948625.1	2095	1896	0	0
XM_047948626.1	4886	4687	0	0
XM_047948627.1	4073	3874	0	0
XM_047948628.1	852	653	0	0
XM_047948629.1	831	632	0	0
XM_047948630.1	3201	3002	0	0
XM_047948631.1	312	113	0	0
XM_047948632.1	642	443	0	0
XM_047948633.1	480	281	0	0
XM_047948634.1	618	419	0	0
XM_047948635.1	177	10.528	0	0
XM_047948636.1	1140	941	0	0
XM_047948637.1	357	158	0	0
XM_047948638.1	357	158	0	0
XM_047948639.1	2443	2244	0	0
XM_047948640.1	498	299	0	0
XM_047948641.1	797	598	0	0
XM_047948642.1	1095	896	0	0
XM_047948643.1	1234	1035	0	0
XM_047948644.1	1080	881	0	0
XM_047948645.1	2418	2219	0	0
XM_047948646.1	552	353	0	0
XM_047948647.1	555	356	0	0
XM_047948648.1	2211	2012	0	0
XM_047948649.1	6645	6446	0	0
XM_047948650.1	603	404	0	0
XM_047948651.1	4366	4167	0	0
XM_047948652.1	4566	4367	0	0
XM_047948653.1	2503	2304	0	0
XM_047948654.1	357	158	0	0
XM_047948655.1	1383	1184	0	0
XM_047948656.1	3051	2852	0	0
XM_047948657.1	900	701	0	0
XM_047948658.1	1740	1541	0	0
XM_047948659.1	4915	4716	0	0
XM_047948660.1	3547	3348	0	0
XM_047948661.1	1539	1340	0	0
XM_047948662.1	843	644	0	0
XM_047948663.1	1692	1493	0	0
XM_047948664.1	234	36.8813	0	0
XM_047948665.1	513	314	0	0
XM_047948666.1	1191	992	0	0
XM_047948667.1	1749	1550	0	0
XM_047948668.1	279	80.003	0	0
XM_047948669.1	1760	1561	0	0
XM_047948670.1	1395	1196	0	0
XM_047948671.1	1308	1109	0	0
XM_047948672.1	894	695	0	0
XM_047948673.1	1978	1779	0	0
XM_047948674.1	312	113	0	0
XM_047948675.1	1056	857	0	0
XM_047948676.1	1908	1709	0	0
XM_047948677.1	555	356	0	0
XM_047948678.1	555	356	0	0
XM_047948679.1	726	527	0	0
XM_047948680.1	273	74.0093	0	0
XM_047948681.1	579	380	0	0
XM_047948682.1	294	95.0001	0	0
XM_047948683.1	405	206	0	0
XM_047948684.1	987	788	0	0
XM_047948685.1	969	770	0	0
XM_047948686.1	984	785	0	0
XM_047948687.1	746	547	0	0
XM_047948688.1	1315	1116	0	0
XM_047948689.1	1825	1626	0	0
XM_047948690.1	878	679	0	0
XM_047948691.1	2293	2094	0	0
XM_047948692.1	1434	1235	0	0
XM_047948693.1	771	572	0	0
XM_047948694.1	3058	2859	0	0
XM_047948695.1	2087	1888	0	0
XM_047948696.1	735	536	0	0
XM_047948697.1	1008	809	0	0
XM_047948698.1	2836	2637	0	0
XM_047948699.1	2783	2584	0	0
XM_047948700.1	2505	2306	0	0
XM_047948701.1	738	539	0	0
XM_047948702.1	3438	3239	0	0
XM_047948703.1	3375	3176	0	0
XM_047948704.1	792	593	0	0
XM_047948705.1	776	577	0	0
XM_047948706.1	1689	1490	1	2533.36
XM_047948707.1	1297	1098	0	0
XM_047948708.1	696	497	0	0
XM_047948709.1	801	602	0	0
XM_047948710.1	909	710	0	0
XM_047948711.1	195	14.9308	0	0
XM_047948712.1	1572	1373	0	0
XM_047948713.1	1614	1415	0	0
XM_047948714.1	678	479	0	0
XM_047948715.1	1079	880	0	0
XM_047948716.1	1925	1726	0	0
XM_047948717.1	1237	1038	0	0
XM_047948718.1	728	529	0	0
XM_047948719.1	645	446	0	0
XM_047948720.1	1704	1505	0	0
XM_047948721.1	312	113	0	0
XM_047948722.1	447	248	0	0
XM_047948723.1	4232	4033	0	0
XM_047948724.1	1261	1062	0	0
XM_047948725.1	315	116	0	0
XM_047948726.1	1447	1248	0	0
XM_047948727.1	1800	1601	0	0
XM_047948728.1	1716	1517	0	0
XM_047948729.1	2652	2453	0	0
XM_047948730.1	471	272	0	0
XM_047948731.1	450	251	0	0
XM_047948732.1	834	635	0	0
XM_047948733.1	453	254	0	0
XM_047948734.1	510	311	0	0
XM_047948735.1	558	359	0	0
XM_047948736.1	519	320	0	0
XM_047948737.1	534	335	0	0
XM_047948738.1	285	86.0009	0	0
XM_047948739.1	1494	1295	0	0
XM_047948740.1	219	25.9389	0	0
XM_047948741.1	285	86.0009	0	0
XM_047948742.1	690	491	0	0
XM_047948743.1	4492	4293	0	0
XM_047948744.1	1173	974	0	0
XM_047948745.1	948	749	0	0
XM_047948746.1	2149	1950	0	0
XM_047948747.1	354	155	0	0
XM_047948748.1	369	170	0	0
XM_047948749.1	1986	1787	0	0
XM_047948750.1	3636	3437	0	0
XM_047948751.1	1545	1346	0	0
XM_047948752.1	1169	970	0	0
XM_047948753.1	1567	1368	0	0
XM_047948754.1	1507	1308	0	0
XM_047948755.1	1828	1629	0	0
XM_047948756.1	2333	2134	0	0
XM_047948757.1	2212	2013	0	0
XM_047948758.1	1911	1712	0	0
XM_047948759.1	1116	917	0	0
XM_047948760.1	684	485	0	0
XM_047948761.1	1074	875	0	0
XM_047948762.1	1131	932	0	0
XM_047948763.1	1119	920	0	0
XM_047948764.1	270	71.016	0	0
XM_047948765.1	393	194	0	0
XM_047948766.1	435	236	0	0
XM_047948767.1	1167	968	0	0
XM_047948768.1	477	278	0	0
XM_047948769.1	840	641	0	0
XM_047948770.1	753	554	0	0
XM_047948771.1	252	53.2554	0	0
XM_047948772.1	778	579	0	0
XM_047948773.1	826	627	0	0
XM_047948774.1	486	287	0	0
XM_047948775.1	966	767	0	0
XM_047948776.1	1821	1622	0	0
XM_047948777.1	1467	1268	0	0
XM_047948778.1	1665	1466	0	0
XM_047948779.1	204	18.2087	0	0
XM_047948780.1	681	482	0	0
XM_047948781.1	4016	3817	0	0
XM_047948782.1	534	335	0	0
XM_047948783.1	381	182	0	0
XM_047948784.1	468	269	0	0
XM_047948785.1	354	155	0	0
XM_047948786.1	498	299	0	0
XM_047948787.1	1188	989	0	0
XM_047948788.1	1101	902	0	0
XM_047948789.1	495	296	0	0
XM_047948790.1	3767	3568	0	0
XM_047948791.1	528	329	0	0
XM_047948792.1	1895	1696	0	0
XM_047948793.1	979	780	0	0
XM_047948794.1	255	56.1701	0	0
XM_047948795.1	1035	836	0	0
XM_047948796.1	1446	1247	0	0
XM_047948797.1	534	335	0	0
XM_047948798.1	919	720	0	0
XM_047948799.1	612	413	0	0
XM_047948800.1	975	776	0	0
XM_047948801.1	2395	2196	0	0
XM_047948802.1	2204	2005	0	0
XM_047948803.1	381	182	0	0
XM_047948804.1	2178	1979	0	0
XM_047948805.1	264	65.044	0	0
XM_047948806.1	327	128	0	0
XM_047948807.1	2643	2444	0	0
XM_047948808.1	1644	1445	0	0
XM_047948809.1	333	134	0	0
XM_047948810.1	1940	1741	0	0
XM_047948811.1	324	125	0	0
XM_047948812.1	3640	3441	0	0
XM_047948813.1	2702	2503	0	0
XM_047948814.1	4291	4092	0	0
XM_047948815.1	3747	3548	0	0
XM_047948816.1	1335	1136	0	0
XM_047948817.1	699	500	0	0
XM_047948818.1	4166	3967	0	0
XM_047948819.1	4003	3804	0	0
XM_047948820.1	393	194	0	0
XM_047948821.1	2599	2400	0	0
XM_047948822.1	2461	2262	0	0
XM_047948823.1	498	299	0	0
XM_047948824.1	252	53.2554	0	0
XM_047948825.1	390	191	0	0
XM_047948826.1	162	8.26769	0	0
XM_047948827.1	948	749	0	0
XM_047948828.1	718	519	0	0
XM_047948829.1	1041	842	0	0
XM_047948830.1	423	224	0	0
XM_047948831.1	1362	1163	0	0
XM_047948832.1	3634	3435	0	0
XM_047948833.1	2154	1955	0	0
XM_047948834.1	834	635	0	0
XM_047948835.1	876	677	0	0
XM_047948836.1	360	161	0	0
XM_047948837.1	330	131	0	0
XM_047948838.1	849	650	0	0
XM_047948839.1	330	131	0	0
XM_047948840.1	849	650	0	0
XM_047948841.1	2256	2057	0	0
XM_047948842.1	1929	1730	0	0
XM_047948843.1	970	771	0	0
XM_047948844.1	1428	1229	0	0
XM_047948845.1	1876	1677	0	0
XM_047948846.1	624	425	0	0
XM_047948847.1	660	461	0	0
XM_047948848.1	768	569	0	0
XM_047948849.1	971	772	0	0
XM_047948850.1	2776	2577	0	0
XM_047948851.1	2087	1888	0	0
XM_047948852.1	5573	5374	0	0
XM_047948853.1	1899	1700	0	0
XM_047948854.1	3039	2840	0	0
XM_047948855.1	765	566	0	0
XM_047948856.1	801	602	0	0
XM_047948857.1	2113	1914	0	0
XM_047948858.1	1175	976	0	0
XM_047948859.1	1020	821	0	0
XM_047948860.1	708	509	0	0
XM_047948861.1	1351	1152	0	0
XM_047948862.1	4097	3898	0	0
XM_047948863.1	3982	3783	0	0
XM_047948864.1	2786	2587	0	0
XM_047948865.1	2271	2072	0	0
XM_047948866.1	903	704	0	0
XM_047948867.1	2786	2587	0	0
XM_047948868.1	2022	1823	0	0
XM_047948869.1	1386	1187	0	0
XM_047948870.1	856	657	0	0
XM_047948871.1	1419	1220	0	0
XM_047948872.1	408	209	0	0
XM_047948873.1	1242	1043	0	0
XM_047948874.1	1366	1167	0	0
XM_047948875.1	567	368	0	0
XM_047948876.1	258	59.1108	0	0
XM_047948877.1	255	56.1701	0	0
XM_047948878.1	216	24.1385	0	0
XM_047948879.1	291	92.0002	0	0
XM_047948880.1	513	314	0	0
XM_047948881.1	1461	1262	0	0
XM_047948882.1	1215	1016	0	0
XM_047948883.1	1005	806	0	0
XM_047948884.1	1008	809	0	0
XM_047948885.1	339	140	0	0
XM_047948886.1	783	584	0	0
XM_047948887.1	1319	1120	0	0
XM_047948888.1	765	566	0	0
XM_047948889.1	216	24.1385	0	0
XM_047948890.1	507	308	0	0
XM_047948891.1	441	242	0	0
XM_047948892.1	486	287	0	0
XM_047948893.1	660	461	0	0
XM_047948894.1	267	68.0268	0	0
XM_047948895.1	411	212	0	0
XM_047948896.1	1645	1446	0	0
XM_047948897.1	2201	2002	0	0
XM_047948898.1	1029	830	0	0
XM_047948899.1	600	401	0	0
XM_047948900.1	489	290	0	0
XM_047948901.1	1329	1130	0	0
XM_047948902.1	156	7.59116	0	0
XM_047948903.1	252	53.2554	0	0
XM_047948904.1	2753	2554	0	0
XM_047948905.1	756	557	0	0
XM_047948906.1	1041	842	0	0
XM_047948907.1	3701	3502	0	0
XM_047948908.1	1014	815	0	0
XM_047948909.1	2308	2109	0	0
XM_047948910.1	2133	1934	0	0
XM_047948911.1	1838	1639	0	0
XM_047948912.1	1359	1160	0	0
XM_047948913.1	1846	1647	0	0
XM_047948914.1	294	95.0001	0	0
XM_047948915.1	552	353	0	0
XM_047948916.1	1306	1107	0	0
XM_047948917.1	1621	1422	0	0
XM_047948918.1	522	323	0	0
XM_047948919.1	1125	926	0	0
XM_047948920.1	1407	1208	0	0
XM_047948921.1	2099	1900	0	0
XM_047948922.1	1146	947	0	0
XM_047948923.1	2009	1810	0	0
XM_047948924.1	628	429	0	0
XM_047948925.1	1287	1088	0	0
XM_047948926.1	1980	1781	0	0
XM_047948927.1	4716	4517	0	0
XM_047948928.1	1153	954	0	0
XM_047948929.1	1443	1244	0	0
XM_047948930.1	1146	947	0	0
XM_047948931.1	1281	1082	0	0
XM_047948932.1	639	440	0	0
XM_047948933.1	1369	1170	0	0
XM_047948934.1	1077	878	0	0
XM_047948935.1	2568	2369	0	0
XM_047948936.1	2841	2642	0	0
XM_047948937.1	537	338	0	0
XM_047948938.1	1677	1478	0	0
XM_047948939.1	357	158	0	0
XM_047948940.1	897	698	0	0
XM_047948941.1	546	347	0	0
XM_047948942.1	366	167	0	0
XM_047948943.1	573	374	0	0
XM_047948944.1	549	350	0	0
XM_047948945.1	840	641	0	0
XM_047948946.1	909	710	0	0
XM_047948947.1	306	107	0	0
XM_047948948.1	858	659	0	0
XM_047948949.1	1068	869	0	0
XM_047948950.1	309	110	0	0
XM_047948951.1	2157	1958	0	0
XM_047948952.1	384	185	0	0
XM_047948953.1	747	548	0	0
XM_047948954.1	723	524	0	0
XM_047948955.1	402	203	0	0
XM_047948956.1	492	293	0	0
XM_047948957.1	279	80.003	0	0
XM_047948958.1	1806	1607	0	0
XM_047948959.1	3663	3464	0	0
XM_047948960.1	387	188	0	0
XM_047948961.1	207	19.5103	0	0
XM_047948962.1	1722	1523	0	0
XM_047948963.1	2789	2590	0	0
XM_047948964.1	447	248	0	0
XM_047948965.1	4209	4010	0	0
XM_047948966.1	282	83.0016	0	0
XM_047948967.1	273	74.0093	0	0
XM_047948968.1	770	571	0	0
XM_047948969.1	4102	3903	0	0
XM_047948970.1	681	482	0	0
XM_047948971.1	783	584	0	0
XM_047948972.1	4110	3911	0	0
XM_047948973.1	2047	1848	0	0
XM_047948974.1	336	137	0	0
XM_047948975.1	1125	926	0	0
XM_047948976.1	606	407	0	0
XM_047948977.1	1738	1539	0	0
XM_047948978.1	2350	2151	0	0
XM_047948979.1	1685	1486	0	0
XM_047948980.1	2505	2306	0	0
XM_047948981.1	1933	1734	0	0
XM_047948982.1	804	605	0	0
XM_047948983.1	786	587	0	0
XM_047948984.1	562	363	0	0
XM_047948985.1	1097	898	0	0
XM_047948986.1	1732	1533	0	0
XM_047948987.1	885	686	0	0
XM_047948988.1	324	125	0	0
XM_047948989.1	2591	2392	0	0
XM_047948990.1	1093	894	0	0
XM_047948991.1	2215	2016	0	0
XM_047948992.1	3230	3031	0	0
XM_047948993.1	1803	1604	0	0
XM_047948994.1	3086	2887	0	0
XM_047948995.1	1956	1757	0	0
XM_047948996.1	1537	1338	0	0
XM_047948997.1	2277	2078	0	0
XM_047948998.1	564	365	0	0
XM_047948999.1	1020	821	0	0
XM_047949000.1	1019	820	0	0
XM_047949001.1	405	206	0	0
XM_047949002.1	192	14.0216	0	0
XM_047949003.1	1866	1667	0	0
XM_047949004.1	1167	968	0	0
XM_047949005.1	309	110	0	0
XM_047949006.1	432	233	0	0
XM_047949007.1	891	692	0	0
XM_047949008.1	2838	2639	0	0
XM_047949009.1	657	458	0	0
XM_047949010.1	204	18.2087	0	0
XM_047949011.1	966	767	0	0
XM_047949012.1	1566	1367	0	0
XM_047949013.1	1095	896	0	0
XM_047949014.1	1274	1075	0	0
XM_047949015.1	1100	901	0	0
XM_047949016.1	4974	4775	0	0
XM_047949017.1	1725	1526	0	0
XM_047949018.1	195	14.9308	0	0
XM_047949019.1	2052	1853	0	0
XM_047949020.1	1569	1370	0	0
XM_047949021.1	2061	1862	1	2027.23
XM_047949022.1	1269	1070	0	0
XM_047949023.1	2314	2115	0	0
XM_047949024.1	2516	2317	0	0
XM_047949025.1	1873	1674	0	0
XM_047949026.1	573	374	0	0
XM_047949027.1	288	89.0004	0	0
XM_047949028.1	209	20.4424	0	0
XM_047949029.1	1260	1061	0	0
XM_047949030.1	1767	1568	0	0
XM_047949031.1	1758	1559	0	0
XM_047949032.1	1701	1502	0	0
XM_047949033.1	623	424	0	0
XM_047949034.1	1143	944	0	0
XM_047949035.1	1119	920	0	0
XM_047949036.1	1841	1642	0	0
XM_047949037.1	549	350	0	0
XM_047949038.1	309	110	0	0
XM_047949039.1	237	39.4185	0	0
XM_047949040.1	243	44.7603	0	0
XM_047949041.1	1635	1436	0	0
XM_047949042.1	534	335	0	0
XM_047949043.1	1494	1295	0	0
XM_047949044.1	534	335	0	0
XM_047949045.1	2412	2213	0	0
XM_047949046.1	2226	2027	0	0
XM_047949047.1	474	275	0	0
XM_047949048.1	390	191	0	0
XM_047949049.1	339	140	0	0
XM_047949050.1	222	27.8721	0	0
XM_047949051.1	525	326	0	0
XM_047949052.1	599	400	0	0
XM_047949053.1	1080	881	0	0
XM_047949054.1	1115	916	0	0
XM_047949055.1	1107	908	0	0
XM_047949056.1	3173	2974	0	0
XM_047949057.1	2283	2084	0	0
XM_047949058.1	1626	1427	0	0
XM_047949059.1	1142	943	0	0
XM_047949060.1	1225	1026	0	0
XM_047949061.1	2614	2415	0	0
XM_047949062.1	2422	2223	0	0
XM_047949063.1	3084	2885	0	0
XM_047949064.1	2340	2141	0	0
XM_047949065.1	2336	2137	0	0
XM_047949066.1	1494	1295	0	0
XM_047949067.1	516	317	0	0
XM_047949068.1	1739	1540	0	0
XM_047949069.1	216	24.1385	0	0
XM_047949070.1	435	236	0	0
XM_047949071.1	1248	1049	0	0
XM_047949072.1	1315	1116	0	0
XM_047949073.1	4520	4321	0	0
XM_047949074.1	2616	2417	0	0
XM_047949075.1	770	571	0	0
XM_047949076.1	1038	839	0	0
XM_047949077.1	4090	3891	0	0
XM_047949078.1	3414	3215	0	0
XM_047949079.1	3212	3013	0	0
XM_047949080.1	1767	1568	0	0
XM_047949081.1	2050	1851	0	0
XM_047949082.1	1506	1307	0	0
XM_047949083.1	1355	1156	0	0
XM_047949084.1	219	25.9389	0	0
XM_047949085.1	195	14.9308	0	0
XM_047949086.1	691	492	1	7672.18
XM_047949087.1	2623	2424	0	0
XM_047949088.1	1605	1406	1	2684.72
XM_047949089.1	1998	1799	0	0
XM_047949090.1	573	374	0	0
XM_047949091.1	2478	2279	0	0
XM_047949092.1	1825	1626	0	0
XM_047949093.1	1476	1277	0	0
XM_047949094.1	4989	4790	0	0
XM_047949095.1	1188	989	0	0
XM_047949096.1	1638	1439	0	0
XM_047949097.1	2070	1871	0	0
XM_047949098.1	1717	1518	0	0
XM_047949099.1	2640	2441	0	0
XM_047949100.1	516	317	0	0
XM_047949101.1	1563	1364	0	0
XM_047949102.1	2331	2132	0	0
XM_047949103.1	465	266	0	0
XM_047949104.1	1206	1007	0	0
XM_047949105.1	2277	2078	0	0
XM_047949106.1	2385	2186	0	0
XM_047949107.1	909	710	0	0
XM_047949108.1	4674	4475	0	0
XM_047949109.1	1032	833	0	0
XM_047949110.1	537	338	0	0
XM_047949111.1	1289	1090	0	0
XM_047949112.1	387	188	0	0
XM_047949113.1	839	640	0	0
XM_047949114.1	1293	1094	0	0
XM_047949115.1	1404	1205	0	0
XM_047949116.1	900	701	0	0
XM_047949117.1	1890	1691	0	0
XM_047949118.1	909	710	0	0
XM_047949119.1	1710	1511	0	0
XM_047949120.1	2684	2485	0	0
XM_047949121.1	2063	1864	0	0
XM_047949122.1	633	434	1	8697.49
XM_047949123.1	1260	1061	0	0
XM_047949124.1	962	763	0	0
XM_047949125.1	3860	3661	0	0
XM_047949126.1	3871	3672	0	0
XM_047949127.1	2920	2721	0	0
XM_047949128.1	330	131	0	0
XM_047949129.1	3863	3664	0	0
XM_047949130.1	1672	1473	0	0
XM_047949131.1	1706	1507	0	0
XM_047949132.1	529	330	0	0
XM_047949133.1	1156	957	0	0
XM_047949134.1	641	442	0	0
XM_047949135.1	633	434	0	0
XM_047949136.1	3498	3299	0	0
XM_047949137.1	3655	3456	0	0
XM_047949138.1	1083	884	0	0
XM_047949139.1	444	245	0	0
XM_047949140.1	1767	1568	0	0
XM_047949141.1	565	366	0	0
XM_047949142.1	486	287	1	13152.3
XM_047949143.1	991	792	0	0
XM_047949144.1	357	158	0	0
XM_047949145.1	2276	2077	0	0
XM_047949146.1	183	11.741	0	0
XM_047949147.1	1239	1040	0	0
XM_047949148.1	804	605	0	0
XM_047949149.1	1369	1170	0	0
XM_047949150.1	1754	1555	0	0
XM_047949151.1	1587	1388	0	0
XM_047949152.1	2762	2563	0	0
XM_047949153.1	2827	2628	0	0
XM_047949154.1	1878	1679	0	0
XM_047949155.1	1254	1055	0	0
XM_047949156.1	1967	1768	0	0
XM_047949157.1	198	15.9266	0	0
XM_047949158.1	456	257	0	0
XM_047949159.1	2323	2124	0	0
XM_047949160.1	1650	1451	0	0
XM_047949161.1	1636	1437	0	0
XM_047949162.1	2570	2371	0	0
XM_047949163.1	2210	2011	0	0
XM_047949164.1	213	22.4695	0	0
XM_047949165.1	174	9.99669	0	0
XM_047949166.1	957	758	0	0
XM_047949167.1	321	122	0	0
XM_047949168.1	4383	4184	0	0
XM_047949169.1	921	722	0	0
XM_047949170.1	693	494	0	0
XM_047949171.1	579	380	0	0
XM_047949172.1	2502	2303	0	0
XM_047949173.1	1374	1175	0	0
XM_047949174.1	789	590	0	0
XM_047949175.1	240	42.049	0	0
XM_047949176.1	1182	983	0	0
XM_047949177.1	588	389	0	0
XM_047949178.1	1585	1386	0	0
XM_047949179.1	792	593	0	0
XM_047949180.1	321	122	0	0
XM_047949181.1	1120	921	0	0
XM_047949182.1	420	221	0	0
XM_047949183.1	450	251	0	0
XM_047949184.1	627	428	0	0
XM_047949185.1	783	584	0	0
XM_047949186.1	800	601	0	0
XM_047949187.1	2010	1811	0	0
XM_047949188.1	486	287	0	0
XM_047949189.1	303	104	0	0
XM_047949190.1	927	728	0	0
XM_047949191.1	2379	2180	0	0
XM_047949192.1	2579	2380	0	0
XM_047949193.1	1278	1079	0	0
XM_047949194.1	456	257	0	0
XM_047949195.1	945	746	0	0
XM_047949196.1	1578	1379	0	0
XM_047949197.1	2374	2175	0	0
XM_047949198.1	1894	1695	0	0
XM_047949199.1	1782	1583	0	0
XM_047949200.1	1953	1754	0	0
XM_047949201.1	2070	1871	0	0
XM_047949202.1	2030	1831	0	0
XM_047949203.1	714	515	0	0
XM_047949204.1	2743	2544	0	0
XM_047949205.1	1087	888	0	0
XM_047949206.1	165	8.64817	0	0
XM_047949207.1	1503	1304	0	0
XM_047949208.1	2349	2150	0	0
XM_047949209.1	498	299	0	0
XM_047949210.1	906	707	0	0
XM_047949211.1	1466	1267	0	0
XM_047949212.1	516	317	0	0
XM_047949213.1	789	590	0	0
XM_047949214.1	276	77.0053	0	0
XM_047949215.1	267	68.0268	0	0
XM_047949216.1	1689	1490	0	0
XM_047949217.1	858	659	0	0
XM_047949218.1	798	599	0	0
XM_047949219.1	1407	1208	0	0
XM_047949220.1	2507	2308	0	0
XM_047949221.1	1422	1223	0	0
XM_047949222.1	1359	1160	0	0
XM_047949223.1	282	83.0016	0	0
XM_047949224.1	432	233	0	0
XM_047949225.1	654	455	0	0
XM_047949226.1	2323	2124	0	0
XM_047949227.1	1044	845	0	0
XM_047949228.1	255	56.1701	0	0
XM_047949229.1	1131	932	0	0
XM_047949230.1	858	659	0	0
XM_047949231.1	306	107	0	0
XM_047949232.1	2970	2771	0	0
XM_047949233.1	345	146	0	0
XM_047949234.1	1722	1523	0	0
XM_047949235.1	1557	1358	0	0
XM_047949236.1	808	609	0	0
XM_047949237.1	1716	1517	0	0
XM_047949238.1	1443	1244	0	0
XM_047949239.1	987	788	0	0
XM_047949240.1	2787	2588	0	0
XM_047949241.1	863	664	0	0
XM_047949242.1	884	685	0	0
XM_047949243.1	228	32.1317	0	0
XM_047949244.1	2464	2265	0	0
XM_047949245.1	3496	3297	0	0
XM_047949246.1	1223	1024	0	0
XM_047949247.1	2557	2358	0	0
XM_047949248.1	2609	2410	0	0
XM_047949249.1	733	534	0	0
XM_047949250.1	207	19.5103	0	0
XM_047949251.1	708	509	0	0
XM_047949252.1	621	422	0	0
XM_047949253.1	4095	3896	0	0
XM_047949254.1	1322	1123	0	0
XM_047949255.1	1376	1177	0	0
XM_047949256.1	4304	4105	0	0
XM_047949257.1	2769	2570	0	0
XM_047949258.1	410	211	0	0
XM_047949259.1	1215	1016	0	0
XM_047949260.1	1336	1137	0	0
XM_047949261.1	1291	1092	0	0
XM_047949262.1	1536	1337	0	0
XM_047949263.1	2397	2198	0	0
XM_047949264.1	426	227	0	0
XM_047949265.1	1415	1216	0	0
XM_047949266.1	1608	1409	0	0
XM_047949267.1	1512	1313	0	0
XM_047949268.1	2172	1973	0	0
XM_047949269.1	4310	4111	0	0
XM_047949270.1	2145	1946	0	0
XM_047949271.1	1201	1002	0	0
XM_047949272.1	1102	903	0	0
XM_047949273.1	399	200	0	0
XM_047949274.1	2183	1984	0	0
XM_047949275.1	2206	2007	0	0
XM_047949276.1	2106	1907	0	0
XM_047949277.1	3732	3533	0	0
XM_047949278.1	1263	1064	0	0
XM_047949279.1	246	47.5399	0	0
XM_047949280.1	354	155	0	0
XM_047949281.1	1593	1394	0	0
XM_047949282.1	324	125	0	0
XM_047949283.1	531	332	0	0
XM_047949284.1	750	551	0	0
XM_047949285.1	231	34.449	0	0
XM_047949286.1	2153	1954	0	0
XM_047949287.1	2553	2354	0	0
XM_047949288.1	2346	2147	0	0
XM_047949289.1	1817	1618	0	0
XM_047949290.1	2239	2040	0	0
XM_047949291.1	1649	1450	0	0
XM_047949292.1	1617	1418	0	0
XM_047949293.1	2094	1895	0	0
XM_047949294.1	1539	1340	0	0
XM_047949295.1	2355	2156	0	0
XM_047949296.1	722	523	0	0
XM_047949297.1	1321	1122	0	0
XM_047949298.1	795	596	0	0
XM_047949299.1	2847	2648	0	0
XM_047949300.1	657	458	0	0
XM_047949301.1	810	611	0	0
XM_047949302.1	342	143	0	0
XM_047949303.1	3798	3599	0	0
XM_047949304.1	2937	2738	1	1378.64
XM_047949305.1	1401	1202	0	0
XM_047949306.1	333	134	0	0
XM_047949307.1	1089	890	0	0
XM_047949308.1	3905	3706	0	0
XM_047949309.1	849	650	0	0
XM_047949310.1	1267	1068	0	0
XM_047949311.1	1078	879	0	0
XM_047949312.1	180	11.1077	0	0
XM_047949313.1	1278	1079	0	0
XM_047949314.1	1885	1686	0	0
XM_047949315.1	2028	1829	0	0
XM_047949316.1	2465	2266	0	0
XM_047949317.1	2854	2655	0	0
XM_047949318.1	1524	1325	0	0
XM_047949319.1	1450	1251	0	0
XM_047949320.1	504	305	0	0
XM_047949321.1	1775	1576	0	0
XM_047949322.1	2793	2594	0	0
XM_047949323.1	2927	2728	0	0
XM_047949324.1	1377	1178	0	0
XM_047949325.1	501	302	0	0
XM_047949326.1	1374	1175	0	0
XM_047949327.1	2532	2333	0	0
XM_047949328.1	3789	3590	0	0
XM_047949329.1	348	149	0	0
XM_047949330.1	612	413	0	0
XM_047949331.1	1481	1282	0	0
XM_047949332.1	3948	3749	0	0
XM_047949333.1	243	44.7603	0	0
XM_047949334.1	192	14.0216	0	0
XM_047949335.1	4653	4454	0	0
XM_047949336.1	462	263	0	0
XM_047949337.1	4295	4096	0	0
XM_047949338.1	1785	1586	0	0
XM_047949339.1	3222	3023	0	0
XM_047949340.1	899	700	0	0
XM_047949341.1	2096	1897	0	0
XM_047949342.1	3152	2953	0	0
XM_047949343.1	2416	2217	0	0
XM_047949344.1	3222	3023	0	0
XM_047949345.1	1286	1087	0	0
XM_047949346.1	7336	7137	0	0
XM_047949347.1	5874	5675	0	0
XM_047949348.1	3315	3116	0	0
XM_047949349.1	4680	4481	0	0
XM_047949350.1	186	12.4336	0	0
XM_047949351.1	177	10.528	0	0
XM_047949352.1	1822	1623	0	0
XM_047949353.1	1894	1695	0	0
XM_047949354.1	2043	1844	0	0
XM_047949355.1	2075	1876	0	0
XM_047949356.1	5209	5010	0	0
XM_047949357.1	208	19.9697	0	0
XM_047949358.1	927	728	0	0
XM_047949359.1	372	173	0	0
XM_047949360.1	339	140	0	0
XM_047949361.1	579	380	0	0
XM_047949362.1	2055	1856	0	0
XM_047949363.1	10110	9911	0	0
XM_047949364.1	1168	969	0	0
XM_047949365.1	679	480	0	0
XM_047949366.1	396	197	0	0
XM_047949367.1	1230	1031	0	0
XM_047949368.1	393	194	0	0
XM_047949369.1	738	539	0	0
XM_047949370.1	1338	1139	0	0
XM_047949371.1	321	122	0	0
XM_047949372.1	1535	1336	0	0
XM_047949373.1	225	29.9375	0	0
XM_047949374.1	1636	1437	0	0
XM_047949375.1	1128	929	0	0
XM_047949376.1	333	134	0	0
XM_047949377.1	1548	1349	0	0
XM_047949378.1	765	566	0	0
XM_047949379.1	504	305	0	0
XM_047949380.1	192	14.0216	0	0
XM_047949381.1	600	401	0	0
XM_047949382.1	258	59.1108	0	0
XM_047949383.1	1418	1219	0	0
XM_047949384.1	2189	1990	0	0
XM_047949385.1	429	230	0	0
XM_047949386.1	945	746	0	0
XM_047949387.1	12155	11956	0	0
XM_047949388.1	1115	916	0	0
XM_047949389.1	528	329	0	0
XM_047949390.1	462	263	0	0
XM_047949391.1	234	36.8813	0	0
XM_047949392.1	798	599	0	0
XM_047949393.1	531	332	0	0
XM_047949394.1	2037	1838	0	0
XM_047949395.1	255	56.1701	0	0
XM_047949396.1	951	752	0	0
XM_047949397.1	4234	4035	0	0
XM_047949398.1	2603	2404	0	0
XM_047949399.1	1479	1280	0	0
XM_047949400.1	3154	2955	0	0
XM_047949401.1	2406	2207	1	1710.34
XM_047949402.1	987	788	0	0
XM_047949403.1	342	143	0	0
XM_047949404.1	4221	4022	0	0
XM_047949405.1	1813	1614	0	0
XM_047949406.1	2034	1835	0	0
XM_047949407.1	456	257	0	0
XM_047949408.1	345	146	0	0
XM_047949409.1	372	173	0	0
XM_047949410.1	526	327	0	0
XM_047949411.1	1177	978	0	0
XM_047949412.1	934	735	0	0
XM_047949413.1	2441	2242	1	1683.64
XM_047949414.1	1905	1706	0	0
XM_047949415.1	543	344	0	0
XM_047949416.1	363	164	0	0
XM_047949417.1	543	344	0	0
XM_047949418.1	1596	1397	0	0
XM_047949419.1	2220	2021	0	0
XM_047949420.1	318	119	0	0
XM_047949421.1	1749	1550	0	0
XM_047949422.1	3684	3485	0	0
XM_047949423.1	1392	1193	0	0
XM_047949424.1	2472	2273	0	0
XM_047949425.1	1578	1379	0	0
XM_047949426.1	1211	1012	0	0
XM_047949427.1	2915	2716	0	0
XM_047949428.1	888	689	0	0
XM_047949429.1	843	644	0	0
XM_047949430.1	1317	1118	0	0
XM_047949431.1	252	53.2554	0	0
XM_047949432.1	2343	2144	0	0
XM_047949433.1	1208	1009	0	0
XM_047949434.1	1923	1724	0	0
XM_047949435.1	1729	1530	0	0
XM_047949436.1	552	353	0	0
XM_047949437.1	1251	1052	0	0
XM_047949438.1	1680	1481	0	0
XM_047949439.1	2164	1965	0	0
XM_047949440.1	231	34.449	0	0
XM_047949441.1	606	407	0	0
XM_047949442.1	267	68.0268	0	0
XM_047949443.1	1455	1256	0	0
XM_047949444.1	861	662	0	0
XM_047949445.1	852	653	0	0
XM_047949446.1	1830	1631	0	0
XM_047949447.1	486	287	0	0
XM_047949448.1	1688	1489	0	0
XM_047949449.1	1380	1181	0	0
XM_047949450.1	306	107	0	0
XM_047949451.1	582	383	0	0
XM_047949452.1	569	370	0	0
XM_047949453.1	294	95.0001	0	0
XM_047949454.1	486	287	0	0
XM_047949455.1	441	242	0	0
XM_047949456.1	2463	2264	0	0
XM_047949457.1	1887	1688	0	0
XM_047949458.1	375	176	0	0
XM_047949459.1	1200	1001	0	0
XM_047949460.1	861	662	0	0
XM_047949461.1	2117	1918	0	0
XM_047949462.1	1089	890	0	0
XM_047949463.1	330	131	0	0
XM_047949464.1	492	293	0	0
XM_047949465.1	666	467	0	0
XM_047949466.1	1758	1559	0	0
XM_047949467.1	270	71.016	0	0
XM_047949468.1	828	629	0	0
XM_047949469.1	1131	932	0	0
XM_047949470.1	393	194	0	0
XM_047949471.1	309	110	0	0
XM_047949472.1	2075	1876	0	0
XM_047949473.1	2220	2021	0	0
XM_047949474.1	858	659	0	0
XM_047949475.1	2015	1816	0	0
XM_047949476.1	1072	873	0	0
XM_047949477.1	1607	1408	1	2680.9
XM_047949478.1	817	618	0	0
XM_047949479.1	1866	1667	0	0
XM_047949480.1	330	131	0	0
XM_047949481.1	1335	1136	0	0
XM_047949482.1	2827	2628	0	0
XM_047949483.1	258	59.1108	0	0
XM_047949484.1	648	449	0	0
XM_047949485.1	687	488	0	0
XM_047949486.1	1817	1618	0	0
XM_047949487.1	1098	899	0	0
XM_047949488.1	2943	2744	0	0
XM_047949489.1	312	113	0	0
XM_047949490.1	285	86.0009	0	0
XM_047949491.1	1982	1783	0	0
XM_047949492.1	414	215	0	0
XM_047949493.1	869	670	0	0
XM_047949494.1	2583	2384	0	0
XM_047949495.1	2172	1973	0	0
XM_047949496.1	1770	1571	0	0
XM_047949497.1	306	107	0	0
XM_047949498.1	2070	1871	0	0
XM_047949499.1	1989	1790	0	0
XM_047949500.1	225	29.9375	0	0
XM_047949501.1	1218	1019	0	0
XM_047949502.1	264	65.044	0	0
XM_047949503.1	879	680	0	0
XM_047949504.1	270	71.016	0	0
XM_047949505.1	264	65.044	0	0
XM_047949506.1	941	742	0	0
XM_047949507.1	375	176	0	0
XM_047949508.1	3553	3354	0	0
XM_047949509.1	3630	3431	0	0
XM_047949510.1	953	754	1	5006.25
XM_047949511.1	486	287	0	0
XM_047949512.1	309	110	0	0
XM_047949513.1	342	143	0	0
XM_047949514.1	1449	1250	0	0
XM_047949515.1	2520	2321	0	0
XM_047949516.1	4649	4450	0	0
XM_047949517.1	2100	1901	0	0
XM_047949518.1	1747	1548	0	0
XM_047949519.1	234	36.8813	0	0
XM_047949520.1	306	107	0	0
XM_047949521.1	597	398	0	0
XM_047949522.1	450	251	0	0
XM_047949523.1	537	338	0	0
XM_047949524.1	3592	3393	0	0
XM_047949525.1	978	779	0	0
XM_047949526.1	1302	1103	0	0
XM_047949527.1	1643	1444	0	0
XM_047949528.1	3243	3044	0	0
XM_047949529.1	633	434	0	0
XM_047949530.1	2816	2617	0	0
XM_047949531.1	1336	1137	0	0
XM_047949532.1	1873	1674	0	0
XM_047949533.1	1809	1610	0	0
XM_047949534.1	2026	1827	0	0
XM_047949535.1	2033	1834	0	0
XM_047949536.1	784	585	1	6452.5
XM_047949537.1	759	560	0	0
XM_047949538.1	1224	1025	0	0
XM_047949539.1	1299	1100	0	0
XM_047949540.1	387	188	0	0
XM_047949541.1	1776	1577	0	0
XM_047949542.1	497	298	0	0
XM_047949543.1	1858	1659	0	0
XM_047949544.1	1333	1134	0	0
XM_047949545.1	1281	1082	0	0
XM_047949546.1	438	239	0	0
XM_047949547.1	2656	2457	0	0
XM_047949548.1	1030	831	0	0
XM_047949549.1	747	548	0	0
XM_047949550.1	1396	1197	0	0
XM_047949551.1	1783	1584	0	0
XM_047949552.1	856	657	0	0
XM_047949553.1	2142	1943	0	0
XM_047949554.1	1458	1259	0	0
XM_047949555.1	659	460	0	0
XM_047949556.1	3049	2850	0	0
XM_047949557.1	777	578	0	0
XM_047949558.1	285	86.0009	0	0
XM_047949559.1	231	34.449	0	0
XM_047949560.1	294	95.0001	0	0
XM_047949561.1	1580	1381	0	0
XM_047949562.1	2047	1848	0	0
XM_047949563.1	1293	1094	0	0
XM_047949564.1	2635	2436	0	0
XM_047949565.1	2454	2255	0	0
XM_047949566.1	2586	2387	0	0
XM_047949567.1	542	343	0	0
XM_047949568.1	1830	1631	0	0
XM_047949569.1	165	8.64817	0	0
XM_047949570.1	6812	6613	0	0
XM_047949571.1	237	39.4185	0	0
XM_047949572.1	2537	2338	0	0
XM_047949573.1	2652	2453	0	0
XM_047949574.1	1120	921	0	0
XM_047949575.1	927	728	0	0
XM_047949576.1	2049	1850	0	0
XM_047949577.1	1939	1740	0	0
XM_047949578.1	1680	1481	0	0
XM_047949579.1	360	161	0	0
XM_047949580.1	1118	919	0	0
XM_047949581.1	1621	1422	0	0
XM_047949582.1	606	407	0	0
XM_047949583.1	495	296	0	0
XM_047949584.1	1347	1148	0	0
XM_047949585.1	2883	2684	0	0
XM_047949586.1	1446	1247	0	0
XM_047949587.1	2715	2516	0	0
XM_047949588.1	399	200	0	0
XM_047949589.1	1484	1285	0	0
XM_047949590.1	1290	1091	0	0
XM_047949591.1	591	392	0	0
XM_047949592.1	1401	1202	0	0
XM_047949593.1	654	455	0	0
XM_047949594.1	678	479	0	0
XM_047949595.1	1015	816	0	0
XM_047949596.1	4190	3991	0	0
XM_047949597.1	1187	988	0	0
XM_047949598.1	914	715	0	0
XM_047949599.1	790	591	0	0
XM_047949600.1	859	660	0	0
XM_047949601.1	1321	1122	0	0
XM_047949602.1	2499	2300	0	0
XM_047949603.1	567	368	0	0
XM_047949604.1	1137	938	0	0
XM_047949605.1	168	9.06081	0	0
XM_047949606.1	965	766	0	0
XM_047949607.1	876	677	0	0
XM_047949608.1	222	27.8721	0	0
XM_047949609.1	1125	926	0	0
XM_047949610.1	1170	971	0	0
XM_047949611.1	1047	848	0	0
XM_047949612.1	996	797	0	0
XM_047949613.1	321	122	0	0
XM_047949614.1	1389	1190	0	0
XM_047949615.1	468	269	0	0
XM_047949616.1	4260	4061	0	0
XM_047949617.1	1638	1439	0	0
XM_047949618.1	300	101	0	0
XM_047949619.1	585	386	0	0
XM_047949620.1	1769	1570	0	0
XM_047949621.1	572	373	0	0
XM_047949622.1	198	15.9266	0	0
XM_047949623.1	309	110	0	0
XM_047949624.1	366	167	0	0
XM_047949625.1	555	356	0	0
XM_047949626.1	1959	1760	0	0
XM_047949627.1	3215	3016	0	0
XM_047949628.1	1110	911	0	0
XM_047949629.1	1230	1031	0	0
XM_047949630.1	1302	1103	0	0
XM_047949631.1	1434	1235	0	0
XM_047949632.1	4900	4701	0	0
XM_047949633.1	1029	830	0	0
XM_047949634.1	1047	848	0	0
XM_047949635.1	3478	3279	0	0
XM_047949636.1	576	377	0	0
XM_047949637.1	450	251	0	0
XM_047949638.1	225	29.9375	0	0
XM_047949639.1	7701	7502	0	0
XM_047949640.1	1753	1554	0	0
XM_047949641.1	2897	2698	0	0
XM_047949642.1	1092	893	0	0
XM_047949643.1	732	533	0	0
XM_047949644.1	1611	1412	0	0
XM_047949645.1	2058	1859	0	0
XM_047949646.1	1452	1253	0	0
XM_047949647.1	678	479	0	0
XM_047949648.1	1362	1163	0	0
XM_047949649.1	420	221	0	0
XM_047949650.1	696	497	0	0
XM_047949651.1	231	34.449	0	0
XM_047949652.1	225	29.9375	0	0
XM_047949653.1	516	317	0	0
XM_047949654.1	729	530	0	0
XM_047949655.1	513	314	0	0
XM_047949656.1	582	383	0	0
XM_047949657.1	303	104	0	0
XM_047949658.1	219	25.9389	0	0
XM_047949659.1	1590	1391	0	0
XM_047949660.1	216	24.1385	0	0
XM_047949661.1	411	212	0	0
XM_047949662.1	471	272	0	0
XM_047949663.1	609	410	0	0
XM_047949664.1	285	86.0009	0	0
XM_047949665.1	918	719	0	0
XM_047949666.1	648	449	0	0
XM_047949667.1	333	134	0	0
XM_047949668.1	465	266	0	0
XM_047949669.1	666	467	0	0
XM_047949670.1	3057	2858	0	0
XM_047949671.1	885	686	0	0
XM_047949672.1	741	542	0	0
XM_047949673.1	1563	1364	0	0
XM_047949674.1	1137	938	0	0
XM_047949675.1	1161	962	0	0
XM_047949676.1	684	485	0	0
XM_047949677.1	891	692	0	0
XM_047949678.1	297	98.0001	0	0
XM_047949679.1	2556	2357	0	0
XM_047949680.1	1944	1745	0	0
XM_047949681.1	1149	950	0	0
XM_047949682.1	558	359	0	0
XM_047949683.1	879	680	0	0
XM_047949684.1	252	53.2554	0	0
XM_047949685.1	537	338	0	0
XM_047949686.1	636	437	0	0
XM_047949687.1	1212	1013	0	0
XM_047949688.1	984	785	0	0
XM_047949689.1	408	209	0	0
XM_047949690.1	240	42.049	0	0
XM_047949691.1	933	734	0	0
XM_047949692.1	5270	5071	0	0
XM_047949693.1	2666	2467	0	0
XM_047949694.1	3184	2985	0	0
XM_047949695.1	3169	2970	0	0
XM_047949696.1	1101	902	0	0
XM_047949697.1	1545	1346	0	0
XM_047949698.1	597	398	0	0
XM_047949699.1	510	311	0	0
XM_047949700.1	315	116	0	0
XM_047949701.1	939	740	0	0
XM_047949702.1	1272	1073	0	0
XM_047949703.1	1906	1707	0	0
XM_047949704.1	407	208	0	0
XM_047949705.1	1578	1379	0	0
XM_047949706.1	733	534	0	0
XM_047949707.1	3216	3017	0	0
XM_047949708.1	2759	2560	0	0
XM_047949709.1	513	314	0	0
XM_047949710.1	2640	2441	0	0
XM_047949711.1	225	29.9375	0	0
XM_047949712.1	1227	1028	0	0
XM_047949713.1	321	122	0	0
XM_047949714.1	453	254	0	0
XM_047949715.1	1779	1580	0	0
XM_047949716.1	3536	3337	0	0
XM_047949717.1	2083	1884	0	0
XM_047949718.1	757	558	0	0
XM_047949719.1	1548	1349	0	0
XM_047949720.1	1504	1305	0	0
XM_047949721.1	570	371	0	0
XM_047949722.1	363	164	0	0
XM_047949723.1	873	674	0	0
XM_047949724.1	600	401	0	0
XM_047949725.1	1497	1298	0	0
XM_047949726.1	1395	1196	0	0
XM_047949727.1	558	359	0	0
XM_047949728.1	333	134	0	0
XM_047949729.1	2983	2784	0	0
XM_047949730.1	1449	1250	0	0
XM_047949731.1	894	695	0	0
XM_047949732.1	1149	950	0	0
XM_047949733.1	337	138	0	0
XM_047949734.1	1224	1025	0	0
XM_047949735.1	1069	870	0	0
XM_047949736.1	1050	851	0	0
XM_047949737.1	1409	1210	0	0
XM_047949738.1	1494	1295	0	0
XM_047949739.1	225	29.9375	0	0
XM_047949740.1	489	290	0	0
XM_047949741.1	2407	2208	0	0
XM_047949742.1	768	569	0	0
XM_047949743.1	3032	2833	0	0
XM_047949744.1	5943	5744	0	0
XM_047949745.1	1086	887	0	0
XM_047949746.1	949	750	0	0
XM_047949747.1	366	167	0	0
XM_047949748.1	1940	1741	0	0
XM_047949749.1	1587	1388	0	0
XM_047949750.1	993	794	0	0
XM_047949751.1	954	755	0	0
XM_047949752.1	1398	1199	0	0
XM_047949753.1	534	335	0	0
XM_047949754.1	1914	1715	0	0
XM_047949755.1	1014	815	0	0
XM_047949756.1	789	590	0	0
XM_047949757.1	2338	2139	0	0
XM_047949758.1	4084	3885	0	0
XM_047949759.1	366	167	0	0
XM_047949760.1	1419	1220	0	0
XM_047949761.1	510	311	0	0
XM_047949762.1	2488	2289	0	0
XM_047949763.1	1554	1355	0	0
XM_047949764.1	330	131	0	0
XM_047949765.1	483	284	0	0
XM_047949766.1	3129	2930	0	0
XM_047949767.1	1620	1421	0	0
XM_047949768.1	1892	1693	0	0
XM_047949769.1	7889	7690	0	0
XM_047949770.1	1013	814	0	0
XM_047949771.1	1620	1421	0	0
XM_047949772.1	927	728	0	0
XM_047949773.1	1518	1319	0	0
XM_047949774.1	1110	911	0	0
XM_047949775.1	1233	1034	0	0
XM_047949776.1	679	480	0	0
XM_047949777.1	1341	1142	0	0
XM_047949778.1	5306	5107	0	0
XM_047949779.1	1284	1085	0	0
XM_047949780.1	9136	8937	0	0
XM_047949781.1	528	329	0	0
XM_047949782.1	1329	1130	0	0
XM_047949783.1	1407	1208	0	0
XM_047949784.1	1407	1208	0	0
XM_047949785.1	438	239	0	0
XM_047949786.1	714	515	0	0
XM_047949787.1	1320	1121	0	0
XM_047949788.1	293	94.0001	0	0
XM_047949789.1	7497	7298	0	0
XM_047949790.1	1191	992	0	0
XM_047949791.1	1545	1346	0	0
XM_047949792.1	1935	1736	0	0
XM_047949793.1	855	656	0	0
XM_047949794.1	1122	923	0	0
XM_047949795.1	1239	1040	0	0
XM_047949796.1	1260	1061	0	0
XM_047949797.1	2844	2645	1	1427.11
XM_047949798.1	549	350	0	0
XM_047949799.1	159	7.91627	0	0
XM_047949800.1	558	359	0	0
XM_047949801.1	153	7.28986	0	0
XM_047949802.1	5259	5060	0	0
XM_047949803.1	2115	1916	0	0
XM_047949804.1	234	36.8813	0	0
XM_047949805.1	1371	1172	0	0
XM_047949806.1	591	392	0	0
XM_047949807.1	3221	3022	0	0
XM_047949808.1	1797	1598	0	0
XM_047949809.1	749	550	0	0
XM_047949810.1	2668	2469	0	0
XM_047949811.1	2808	2609	0	0
XM_047949812.1	1956	1757	0	0
XM_047949813.1	1513	1314	0	0
XM_047949814.1	981	782	0	0
XM_047949815.1	1031	832	0	0
XM_047949816.1	789	590	0	0
XM_047949817.1	3613	3414	1	1105.66
XM_047949818.1	11778	11579	1	325.996
XM_047949819.1	543	344	0	0
XM_047949820.1	687	488	0	0
XM_047949821.1	252	53.2554	0	0
XM_047949822.1	333	134	0	0
XM_047949823.1	831	632	0	0
XM_047949824.1	522	323	0	0
XM_047949825.1	786	587	0	0
XM_047949826.1	813	614	0	0
XM_047949827.1	9571	9372	0	0
XM_047949828.1	1414	1215	0	0
XM_047949829.1	396	197	0	0
XM_047949830.1	1928	1729	0	0
XM_047949831.1	1586	1387	0	0
XM_047949832.1	894	695	0	0
XM_047949833.1	2911	2712	0	0
XM_047949834.1	2912	2713	0	0
XM_047949835.1	630	431	0	0
XM_047949836.1	1146	947	0	0
XM_047949837.1	627	428	0	0
XM_047949838.1	483	284	0	0
XM_047949839.1	1460	1261	0	0
XM_047949840.1	1467	1268	0	0
XM_047949841.1	1434	1235	0	0
XM_047949842.1	750	551	0	0
XM_047949843.1	1204	1005	0	0
XM_047949844.1	327	128	0	0
XM_047949845.1	216	24.1385	0	0
XM_047949846.1	354	155	0	0
XM_047949847.1	603	404	0	0
XM_047949848.1	495	296	0	0
XM_047949849.1	626	427	0	0
XM_047949850.1	639	440	0	0
XM_047949851.1	258	59.1108	0	0
XM_047949852.1	510	311	0	0
XM_047949853.1	2397	2198	0	0
XM_047949854.1	1396	1197	0	0
XM_047949855.1	696	497	0	0
XM_047949856.1	2343	2144	0	0
XM_047949857.1	471	272	0	0
XM_047949858.1	661	462	0	0
XM_047949859.1	1971	1772	0	0
XM_047949860.1	1305	1106	0	0
XM_047949861.1	354	155	0	0
XM_047949862.1	486	287	0	0
XM_047949863.1	861	662	0	0
XM_047949864.1	1251	1052	0	0
XM_047949865.1	1764	1565	0	0
XM_047949866.1	1266	1067	0	0
XM_047949867.1	693	494	0	0
XM_047949868.1	627	428	0	0
XM_047949869.1	1659	1460	0	0
XM_047949870.1	318	119	0	0
XM_047949871.1	318	119	0	0
XM_047949872.1	2364	2165	0	0
XM_047949873.1	1674	1475	0	0
XM_047949874.1	1254	1055	0	0
XM_047949875.1	3027	2828	0	0
XM_047949876.1	1650	1451	0	0
XM_047949877.1	610	411	0	0
XM_047949878.1	2085	1886	0	0
XM_047949879.1	2170	1971	0	0
XM_047949880.1	635	436	0	0
XM_047949881.1	2768	2569	0	0
XM_047949882.1	2878	2679	0	0
XM_047949883.1	2861	2662	0	0
XM_047949884.1	342	143	0	0
XM_047949885.1	570	371	0	0
XM_047949886.1	2575	2376	0	0
XM_047949887.1	3129	2930	0	0
XM_047949888.1	4502	4303	0	0
XM_047949889.1	723	524	0	0
XM_047949890.1	1588	1389	0	0
XM_047949891.1	3129	2930	0	0
XM_047949892.1	4502	4303	0	0
XM_047949893.1	723	524	0	0
XM_047949894.1	2132	1933	0	0
XM_047949895.1	576	377	0	0
XM_047949896.1	2066	1867	0	0
XM_047949897.1	378	179	0	0
XM_047949898.1	1242	1043	0	0
XM_047949899.1	849	650	0	0
XM_047949900.1	267	68.0268	0	0
XM_047949901.1	816	617	0	0
XM_047949902.1	927	728	0	0
XM_047949903.1	1309	1110	0	0
XM_047949904.1	735	536	0	0
XM_047949905.1	1947	1748	0	0
XM_047949906.1	1581	1382	0	0
XM_047949907.1	201	17.0167	0	0
XM_047949908.1	918	719	0	0
XM_047949909.1	405	206	0	0
XM_047949910.1	1659	1460	0	0
XM_047949911.1	1529	1330	0	0
XM_047949912.1	1425	1226	0	0
XM_047949913.1	1335	1136	0	0
XM_047949914.1	633	434	0	0
XM_047949915.1	273	74.0093	0	0
XM_047949916.1	706	507	0	0
XM_047949917.1	1389	1190	0	0
XM_047949918.1	1086	887	0	0
XM_047949919.1	3601	3402	0	0
XM_047949920.1	1908	1709	0	0
XM_047949921.1	1558	1359	0	0
XM_047949922.1	159	7.91627	0	0
XM_047949923.1	336	137	0	0
XM_047949924.1	2925	2726	0	0
XM_047949925.1	2816	2617	0	0
XM_047949926.1	1260	1061	0	0
XM_047949927.1	3993	3794	0	0
XM_047949928.1	4213	4014	0	0
XM_047949929.1	4213	4014	0	0
XM_047949930.1	5082	4883	0	0
XM_047949931.1	1611	1412	0	0
XM_047949932.1	2279	2080	0	0
XM_047949933.1	249	50.3754	0	0
XM_047949934.1	3505	3306	0	0
XM_047949935.1	963	764	0	0
XM_047949936.1	345	146	0	0
XM_047949937.1	1426	1227	0	0
XM_047949938.1	1540	1341	0	0
XM_047949939.1	510	311	0	0
XM_047949940.1	1542	1343	0	0
XM_047949941.1	2256	2057	0	0
XM_047949942.1	3544	3345	0	0
XM_047949943.1	1359	1160	0	0
XM_047949944.1	2616	2417	0	0
XM_047949945.1	3315	3116	0	0
XM_047949946.1	3816	3617	0	0
XM_047949947.1	342	143	0	0
XM_047949948.1	693	494	0	0
XM_047949949.1	1005	806	0	0
XM_047949950.1	903	704	0	0
XM_047949951.1	402	203	0	0
XM_047949952.1	252	53.2554	0	0
XM_047949953.1	339	140	0	0
XM_047949954.1	903	704	0	0
XM_047949955.1	582	383	0	0
XM_047949956.1	2484	2285	0	0
XM_047949957.1	552	353	0	0
XM_047949958.1	1537	1338	0	0
XM_047949959.1	1463	1264	0	0
XM_047949960.1	567	368	0	0
XM_047949961.1	3736	3537	0	0
XM_047949962.1	420	221	0	0
XM_047949963.1	1761	1562	0	0
XM_047949964.1	3169	2970	0	0
XM_047949965.1	1740	1541	0	0
XM_047949966.1	2343	2144	0	0
XM_047949967.1	621	422	0	0
XM_047949968.1	186	12.4336	0	0
XM_047949969.1	1106	907	0	0
XM_047949970.1	735	536	0	0
XM_047949971.1	2705	2506	0	0
XM_047949972.1	3399	3200	0	0
XM_047949973.1	444	245	0	0
XM_047949974.1	345	146	0	0
XM_047949975.1	2051	1852	0	0
XM_047949976.1	393	194	0	0
XM_047949977.1	447	248	0	0
XM_047949978.1	2187	1988	0	0
XM_047949979.1	2725	2526	0	0
XM_047949980.1	210	20.9285	0	0
XM_047949981.1	1829	1630	0	0
XM_047949982.1	630	431	0	0
XM_047949983.1	1239	1040	0	0
XM_047949984.1	1620	1421	0	0
XM_047949985.1	1256	1057	0	0
XM_047949986.1	1371	1172	0	0
XM_047949987.1	294	95.0001	0	0
XM_047949988.1	1047	848	0	0
XM_047949989.1	267	68.0268	0	0
XM_047949990.1	1530	1331	0	0
XM_047949991.1	1405	1206	0	0
XM_047949992.1	1381	1182	0	0
XM_047949993.1	339	140	0	0
XM_047949994.1	213	22.4695	0	0
XM_047949995.1	444	245	0	0
XM_047949996.1	1469	1270	0	0
XM_047949997.1	1943	1744	0	0
XM_047949998.1	1201	1002	0	0
XM_047949999.1	1674	1475	0	0
XM_047950000.1	1220	1021	0	0
XM_047950001.1	1792	1593	0	0
XM_047950002.1	2559	2360	0	0
XM_047950003.1	1068	869	0	0
XM_047950004.1	996	797	0	0
XM_047950005.1	393	194	0	0
XM_047950006.1	435	236	0	0
XM_047950007.1	834	635	0	0
XM_047950008.1	3795	3596	0	0
XM_047950009.1	1686	1487	0	0
XM_047950010.1	1261	1062	0	0
XM_047950011.1	1175	976	0	0
XM_047950012.1	246	47.5399	0	0
XM_047950013.1	552	353	0	0
XM_047950014.1	219	25.9389	0	0
XM_047950015.1	246	47.5399	0	0
XM_047950016.1	1793	1594	0	0
XM_047950017.1	840	641	0	0
XM_047950018.1	930	731	0	0
XM_047950019.1	333	134	0	0
XM_047950020.1	2100	1901	0	0
XM_047950021.1	1711	1512	5	12482.5
XM_047950022.1	776	577	0	0
XM_047950023.1	2110	1911	0	0
XM_047950024.1	3597	3398	0	0
XM_047950025.1	2720	2521	0	0
XM_047950026.1	843	644	0	0
XM_047950027.1	4057	3858	0	0
XM_047950028.1	510	311	0	0
XM_047950029.1	339	140	0	0
XM_047950030.1	288	89.0004	0	0
XM_047950031.1	345	146	0	0
XM_047950032.1	2266	2067	0	0
XM_047950033.1	663	464	0	0
XM_047950034.1	840	641	0	0
XM_047950035.1	2249	2050	0	0
XM_047950036.1	1271	1072	0	0
XM_047950037.1	1032	833	0	0
XM_047950038.1	1516	1317	0	0
XM_047950039.1	1449	1250	0	0
XM_047950040.1	5914	5715	0	0
XM_047950041.1	309	110	0	0
XM_047950042.1	1735	1536	0	0
XM_047950043.1	693	494	0	0
XM_047950044.1	1888	1689	0	0
XM_047950045.1	3579	3380	0	0
XM_047950046.1	549	350	0	0
XM_047950047.1	420	221	0	0
XM_047950048.1	420	221	0	0
XM_047950049.1	474	275	0	0
XM_047950050.1	1307	1108	0	0
XM_047950051.1	1004	805	0	0
XM_047950052.1	513	314	0	0
XM_047950053.1	372	173	0	0
XM_047950054.1	312	113	0	0
XM_047950055.1	1464	1265	0	0
XM_047950056.1	405	206	0	0
XM_047950057.1	489	290	0	0
XM_047950058.1	381	182	0	0
XM_047950059.1	2997	2798	0	0
XM_047950060.1	2895	2696	0	0
XM_047950061.1	1634	1435	0	0
XM_047950062.1	309	110	0	0
XM_047950063.1	493	294	0	0
XM_047950064.1	1971	1772	0	0
XM_047950065.1	805	606	0	0
XM_047950066.1	2721	2522	0	0
XM_047950067.1	1959	1760	0	0
XM_047950068.1	4496	4297	0	0
XM_047950069.1	3373	3174	0	0
XM_047950070.1	4000	3801	0	0
XM_047950071.1	2917	2718	0	0
XM_047950072.1	1719	1520	0	0
XM_047950073.1	1458	1259	0	0
XM_047950074.1	426	227	0	0
XM_047950075.1	1029	830	0	0
XM_047950076.1	1869	1670	0	0
XM_047950077.1	321	122	0	0
XM_047950078.1	279	80.003	0	0
XM_047950079.1	264	65.044	0	0
XM_047950080.1	2402	2203	0	0
XM_047950081.1	1500	1301	0	0
XM_047950082.1	1367	1168	0	0
XM_047950083.1	5017	4818	0	0
XM_047950084.1	1275	1076	0	0
XM_047950085.1	1492	1293	0	0
XM_047950086.1	246	47.5399	0	0
XM_047950087.1	517	318	0	0
XM_047950088.1	734	535	0	0
XM_047950089.1	606	407	0	0
XM_047950090.1	267	68.0268	0	0
XM_047950091.1	741	542	0	0
XM_047950092.1	414	215	0	0
XM_047950093.1	813	614	0	0
XM_047950094.1	405	206	0	0
XM_047950095.1	648	449	0	0
XM_047950096.1	501	302	0	0
XM_047950097.1	1416	1217	0	0
XM_047950098.1	216	24.1385	0	0
XM_047950099.1	2933	2734	0	0
XM_047950100.1	1191	992	0	0
XM_047950101.1	1860	1661	0	0
XM_047950102.1	357	158	0	0
XM_047950103.1	615	416	0	0
XM_047950104.1	753	554	0	0
XM_047950105.1	321	122	0	0
XM_047950106.1	767	568	0	0
XM_047950107.1	1646	1447	0	0
XM_047950108.1	786	587	0	0
XM_047950109.1	750	551	0	0
XM_047950110.1	336	137	0	0
XM_047950111.1	453	254	0	0
XM_047950112.1	1851	1652	0	0
XM_047950113.1	216	24.1385	0	0
XM_047950114.1	1470	1271	0	0
XM_047950115.1	654	455	0	0
XM_047950116.1	1584	1385	0	0
XM_047950117.1	1088	889	0	0
XM_047950118.1	2762	2563	0	0
XM_047950119.1	1124	925	0	0
XM_047950120.1	4820	4621	0	0
XM_047950121.1	2367	2168	0	0
XM_047950122.1	1061	862	0	0
XM_047950123.1	456	257	0	0
XM_047950124.1	375	176	0	0
XM_047950125.1	1701	1502	0	0
XM_047950126.1	399	200	0	0
XM_047950127.1	423	224	0	0
XM_047950128.1	2945	2746	0	0
XM_047950129.1	315	116	0	0
XM_047950130.1	297	98.0001	0	0
XM_047950131.1	294	95.0001	0	0
XM_047950132.1	360	161	0	0
XM_047950133.1	435	236	0	0
XM_047950134.1	1609	1410	0	0
XM_047950135.1	1681	1482	0	0
XM_047950136.1	213	22.4695	0	0
XM_047950137.1	518	319	0	0
XM_047950138.1	1914	1715	0	0
XM_047950139.1	345	146	0	0
XM_047950140.1	228	32.1317	0	0
XM_047950141.1	3572	3373	0	0
XM_047950142.1	2220	2021	0	0
XM_047950143.1	4885	4686	0	0
XM_047950144.1	1303	1104	0	0
XM_047950145.1	4040	3841	0	0
XM_047950146.1	3393	3194	0	0
XM_047950147.1	2055	1856	0	0
XM_047950148.1	2039	1840	0	0
XM_047950149.1	621	422	0	0
XM_047950150.1	246	47.5399	0	0
XM_047950151.1	4995	4796	0	0
XM_047950152.1	967	768	0	0
XM_047950153.1	561	362	0	0
XM_047950154.1	882	683	0	0
XM_047950155.1	924	725	0	0
XM_047950156.1	1974	1775	0	0
XM_047950157.1	2942	2743	0	0
XM_047950158.1	2917	2718	0	0
XM_047950159.1	2031	1832	0	0
XM_047950160.1	1108	909	0	0
XM_047950161.1	4336	4137	0	0
XM_047950162.1	2117	1918	0	0
XM_047950163.1	2061	1862	0	0
XM_047950164.1	2193	1994	0	0
XM_047950165.1	1950	1751	0	0
XM_047950166.1	2621	2422	0	0
XM_047950167.1	431	232	0	0
XM_047950168.1	3074	2875	0	0
XM_047950169.1	775	576	0	0
XM_047950170.1	945	746	0	0
XM_047950171.1	1839	1640	0	0
XM_047950172.1	1477	1278	0	0
XM_047950173.1	3384	3185	0	0
XM_047950174.1	1143	944	0	0
XM_047950175.1	1107	908	0	0
XM_047950176.1	363	164	0	0
XM_047950177.1	3210	3011	0	0
XM_047950178.1	1377	1178	0	0
XM_047950179.1	651	452	0	0
XM_047950180.1	441	242	0	0
XM_047950181.1	876	677	0	0
XM_047950182.1	2094	1895	0	0
XM_047950183.1	252	53.2554	0	0
XM_047950184.1	825	626	0	0
XM_047950185.1	882	683	0	0
XM_047950186.1	1233	1034	0	0
XM_047950187.1	564	365	0	0
XM_047950188.1	903	704	0	0
XM_047950189.1	882	683	0	0
XM_047950190.1	1410	1211	0	0
XM_047950191.1	1065	866	0	0
XM_047950192.1	309	110	0	0
XM_047950193.1	816	617	0	0
XM_047950194.1	423	224	0	0
XM_047950195.1	1203	1004	0	0
XM_047950196.1	189	13.1915	0	0
XM_047950197.1	660	461	0	0
XM_047950198.1	354	155	0	0
XM_047950199.1	614	415	0	0
XM_047950200.1	1607	1408	0	0
XM_047950201.1	2049	1850	0	0
XM_047950202.1	3443	3244	0	0
XM_047950203.1	1690	1491	0	0
XM_047950204.1	3761	3562	0	0
XM_047950205.1	2235	2036	0	0
XM_047950206.1	2004	1805	0	0
XM_047950207.1	2896	2697	0	0
XM_047950208.1	1488	1289	0	0
XM_047950209.1	2338	2139	0	0
XM_047950210.1	1703	1504	0	0
XM_047950211.1	1190	991	0	0
XM_047950212.1	3206	3007	0	0
XM_047950213.1	1230	1031	0	0
XM_047950214.1	432	233	0	0
XM_047950215.1	2924	2725	0	0
XM_047950216.1	860	661	0	0
XM_047950217.1	2034	1835	0	0
XM_047950218.1	1779	1580	0	0
XM_047950219.1	1419	1220	0	0
XM_047950220.1	1390	1191	0	0
XM_047950221.1	1650	1451	0	0
XM_047950222.1	1312	1113	0	0
XM_047950223.1	438	239	0	0
XM_047950224.1	531	332	0	0
XM_047950225.1	417	218	0	0
XM_047950226.1	552	353	0	0
XM_047950227.1	1379	1180	0	0
XM_047950228.1	1625	1426	0	0
XM_047950229.1	2268	2069	0	0
XM_047950230.1	1591	1392	0	0
XM_047950231.1	2111	1912	0	0
XM_047950232.1	1790	1591	0	0
XM_047950233.1	1064	865	0	0
XM_047950234.1	1251	1052	0	0
XM_047950235.1	1266	1067	0	0
XM_047950236.1	4601	4402	0	0
XM_047950237.1	891	692	0	0
XM_047950238.1	1497	1298	0	0
XM_047950239.1	796	597	0	0
XM_047950240.1	2012	1813	0	0
XM_047950241.1	1979	1780	0	0
XM_047950242.1	2078	1879	0	0
XM_047950243.1	3729	3530	0	0
XM_047950244.1	315	116	0	0
XM_047950245.1	3002	2803	0	0
XM_047950246.1	2262	2063	0	0
XM_047950247.1	2491	2292	0	0
XM_047950248.1	1078	879	0	0
XM_047950249.1	1426	1227	0	0
XM_047950250.1	6085	5886	0	0
XM_047950251.1	1546	1347	0	0
XM_047950252.1	1413	1214	0	0
XM_047950253.1	2479	2280	0	0
XM_047950254.1	3463	3264	0	0
XM_047950255.1	2683	2484	0	0
XM_047950256.1	287	88.0006	0	0
XM_047950257.1	1326	1127	0	0
XM_047950258.1	2832	2633	0	0
XM_047950259.1	2294	2095	0	0
XM_047950260.1	1286	1087	0	0
XM_047950261.1	321	122	0	0
XM_047950262.1	1158	959	0	0
XM_047950263.1	1401	1202	0	0
XM_047950264.1	300	101	0	0
XM_047950265.1	5103	4904	0	0
XM_047950266.1	2939	2740	0	0
XM_047950267.1	510	311	0	0
XM_047950268.1	1332	1133	0	0
XM_047950269.1	402	203	0	0
XM_047950270.1	1395	1196	0	0
XM_047950271.1	372	173	0	0
XM_047950272.1	897	698	0	0
XM_047950273.1	1991	1792	0	0
XM_047950274.1	2784	2585	0	0
XM_047950275.1	3250	3051	0	0
XM_047950276.1	1827	1628	0	0
XM_047950277.1	729	530	0	0
XM_047950278.1	807	608	0	0
XM_047950279.1	2764	2565	0	0
XM_047950280.1	2165	1966	0	0
XM_047950281.1	2531	2332	0	0
XM_047950282.1	4815	4616	0	0
XM_047950283.1	1131	932	0	0
XM_047950284.1	2331	2132	0	0
XM_047950285.1	2355	2156	0	0
XM_047950286.1	1272	1073	0	0
XM_047950287.1	890	691	0	0
XM_047950288.1	4376	4177	0	0
XM_047950289.1	1722	1523	0	0
XM_047950290.1	1632	1433	0	0
XM_047950291.1	1263	1064	0	0
XM_047950292.1	900	701	0	0
XM_047950293.1	2588	2389	0	0
XM_047950294.1	1116	917	0	0
XM_047950295.1	585	386	0	0
XM_047950296.1	423	224	0	0
XM_047950297.1	3790	3591	0	0
XM_047950298.1	634	435	0	0
XM_047950299.1	2048	1849	0	0
XM_047950300.1	1934	1735	0	0
XM_047950301.1	3603	3404	0	0
XM_047950302.1	3826	3627	0	0
XM_047950303.1	2286	2087	0	0
XM_047950304.1	1954	1755	0	0
XM_047950305.1	1462	1263	0	0
XM_047950306.1	604	405	0	0
XM_047950307.1	742	543	0	0
XM_047950308.1	823	624	0	0
XM_047950309.1	369	170	0	0
XM_047950310.1	534	335	0	0
XM_047950311.1	1506	1307	0	0
XM_047950312.1	822	623	0	0
XM_047950313.1	1998	1799	0	0
XM_047950314.1	778	579	0	0
XM_047950315.1	357	158	0	0
XM_047950316.1	243	44.7603	0	0
XM_047950317.1	654	455	0	0
XM_047950318.1	3195	2996	0	0
XM_047950319.1	696	497	0	0
XM_047950320.1	882	683	0	0
XM_047950321.1	1474	1275	0	0
XM_047950322.1	198	15.9266	0	0
XM_047950323.1	1263	1064	0	0
XM_047950324.1	444	245	0	0
XM_047950325.1	468	269	0	0
XM_047950326.1	915	716	0	0
XM_047950327.1	393	194	0	0
XM_047950328.1	3548	3349	0	0
XM_047950329.1	2263	2064	0	0
XM_047950330.1	449	250	0	0
XM_047950331.1	630	431	0	0
XM_047950332.1	1050	851	0	0
XM_047950333.1	2503	2304	0	0
XM_047950334.1	2088	1889	0	0
XM_047950335.1	1470	1271	0	0
XM_047950336.1	669	470	0	0
XM_047950337.1	585	386	0	0
XM_047950338.1	1704	1505	0	0
XM_047950339.1	330	131	0	0
XM_047950340.1	935	736	0	0
XM_047950341.1	245	46.6066	0	0
XM_047950342.1	4514	4315	0	0
XM_047950343.1	4520	4321	0	0
XM_047950344.1	4534	4335	0	0
XM_047950345.1	3850	3651	0	0
XM_047950346.1	783	584	0	0
XM_047950347.1	3252	3053	0	0
XM_047950348.1	1797	1598	0	0
XM_047950349.1	966	767	0	0
XM_047950350.1	645	446	0	0
XM_047950351.1	2373	2174	0	0
XM_047950352.1	366	167	0	0
XM_047950353.1	609	410	0	0
XM_047950354.1	603	404	0	0
XM_047950355.1	1853	1654	0	0
XM_047950356.1	2233	2034	0	0
XM_047950357.1	3995	3796	0	0
XM_047950358.1	1027	828	0	0
XM_047950359.1	981	782	0	0
XM_047950360.1	1076	877	0	0
XM_047950361.1	1173	974	0	0
XM_047950362.1	750	551	0	0
XM_047950363.1	1074	875	0	0
XM_047950364.1	444	245	0	0
XM_047950365.1	1378	1179	0	0
XM_047950366.1	2031	1832	0	0
XM_047950367.1	2369	2170	0	0
XM_047950368.1	4596	4397	0	0
XM_047950369.1	954	755	0	0
XM_047950370.1	1791	1592	0	0
XM_047950371.1	432	233	0	0
XM_047950372.1	831	632	0	0
XM_047950373.1	1499	1300	0	0
XM_047950374.1	231	34.449	0	0
XM_047950375.1	585	386	0	0
XM_047950376.1	1251	1052	0	0
XM_047950377.1	1397	1198	0	0
XM_047950378.1	1492	1293	0	0
XM_047950379.1	1643	1444	0	0
XM_047950380.1	5632	5433	1	694.775
XM_047950381.1	366	167	0	0
XM_047950382.1	2198	1999	0	0
XM_047950383.1	2098	1899	0	0
XM_047950384.1	2479	2280	0	0
XM_047950385.1	693	494	0	0
XM_047950386.1	1496	1297	0	0
XM_047950387.1	1510	1311	0	0
XM_047950388.1	3804	3605	0	0
XM_047950389.1	1597	1398	0	0
XM_047950390.1	1032	833	0	0
XM_047950391.1	2664	2465	0	0
XM_047950392.1	3429	3230	0	0
XM_047950393.1	369	170	0	0
XM_047950394.1	2655	2456	0	0
XM_047950395.1	1953	1754	0	0
XM_047950396.1	546	347	0	0
XM_047950397.1	4572	4373	0	0
XM_047950398.1	348	149	0	0
XM_047950399.1	744	545	0	0
XM_047950400.1	3102	2903	0	0
XM_047950401.1	2201	2002	0	0
XM_047950402.1	1600	1401	0	0
XM_047950403.1	2009	1810	0	0
XM_047950404.1	669	470	0	0
XM_047950405.1	1869	1670	0	0
XM_047950406.1	1182	983	0	0
XM_047950407.1	762	563	0	0
XM_047950408.1	378	179	0	0
XM_047950409.1	573	374	0	0
XM_047950410.1	1966	1767	0	0
XM_047950411.1	327	128	0	0
XM_047950412.1	216	24.1385	0	0
XM_047950413.1	1389	1190	0	0
XM_047950414.1	927	728	0	0
XM_047950415.1	669	470	0	0
XM_047950416.1	1830	1631	0	0
XM_047950417.1	1182	983	0	0
XM_047950418.1	1524	1325	0	0
XM_047950419.1	369	170	0	0
XM_047950420.1	2015	1816	0	0
XM_047950421.1	1362	1163	0	0
XM_047950422.1	159	7.91627	0	0
XM_047950423.1	666	467	0	0
XM_047950424.1	795	596	0	0
XM_047950425.1	2487	2288	0	0
XM_047950426.1	872	673	0	0
XM_047950427.1	3422	3223	0	0
XM_047950428.1	1782	1583	0	0
XM_047950429.1	2557	2358	0	0
XM_047950430.1	1658	1459	0	0
XM_047950431.1	510	311	0	0
XM_047950432.1	1077	878	0	0
XM_047950433.1	1322	1123	0	0
XM_047950434.1	1715	1516	0	0
XM_047950435.1	1501	1302	0	0
XM_047950436.1	1615	1416	0	0
XM_047950437.1	1631	1432	0	0
XM_047950438.1	896	697	0	0
XM_047950439.1	1192	993	0	0
XM_047950440.1	461	262	0	0
XM_047950441.1	3877	3678	0	0
XM_047950442.1	1011	812	0	0
XM_047950443.1	1446	1247	0	0
XM_047950444.1	1911	1712	0	0
XM_047950445.1	2323	2124	0	0
XM_047950446.1	3266	3067	0	0
XM_047950447.1	870	671	0	0
XM_047950448.1	855	656	0	0
XM_047950449.1	1500	1301	0	0
XM_047950450.1	1796	1597	0	0
XM_047950451.1	468	269	0	0
XM_047950452.1	618	419	0	0
XM_047950453.1	297	98.0001	0	0
XM_047950454.1	1686	1487	0	0
XM_047950455.1	300	101	0	0
XM_047950456.1	1577	1378	0	0
XM_047950457.1	1997	1798	0	0
XM_047950458.1	2034	1835	0	0
XM_047950459.1	267	68.0268	0	0
XM_047950460.1	801	602	0	0
XM_047950461.1	438	239	0	0
XM_047950462.1	1510	1311	0	0
XM_047950463.1	924	725	0	0
XM_047950464.1	558	359	0	0
XM_047950465.1	1889	1690	0	0
XM_047950466.1	429	230	0	0
XM_047950467.1	246	47.5399	0	0
XM_047950468.1	351	152	0	0
XM_047950469.1	2408	2209	0	0
XM_047950470.1	1637	1438	0	0
XM_047950471.1	483	284	0	0
XM_047950472.1	972	773	0	0
XM_047950473.1	780	581	0	0
XM_047950474.1	1467	1268	0	0
XM_047950475.1	2854	2655	0	0
XM_047950476.1	1720	1521	0	0
XM_047950477.1	4250	4051	0	0
XM_047950478.1	726	527	0	0
XM_047950479.1	1671	1472	0	0
XM_047950480.1	1157	958	0	0
XM_047950481.1	816	617	0	0
XM_047950482.1	633	434	0	0
XM_047950483.1	468	269	0	0
XM_047950484.1	2544	2345	0	0
XM_047950485.1	2880	2681	0	0
XM_047950486.1	3396	3197	0	0
XM_047950487.1	339	140	0	0
XM_047950488.1	345	146	0	0
XM_047950489.1	504	305	0	0
XM_047950490.1	2109	1910	0	0
XM_047950491.1	183	11.741	0	0
XM_047950492.1	1633	1434	0	0
XM_047950493.1	1324	1125	0	0
XM_047950494.1	1689	1490	0	0
XM_047950495.1	264	65.044	0	0
XM_047950496.1	726	527	0	0
XM_047950497.1	618	419	0	0
XM_047950498.1	2971	2772	0	0
XM_047950499.1	1983	1784	0	0
XM_047950500.1	1068	869	0	0
XM_047950501.1	1557	1358	0	0
XM_047950502.1	1320	1121	0	0
XM_047950503.1	768	569	0	0
XM_047950504.1	1611	1412	0	0
XM_047950505.1	471	272	0	0
XM_047950506.1	3030	2831	0	0
XM_047950507.1	3110	2911	0	0
XM_047950508.1	1059	860	0	0
XM_047950509.1	3057	2858	0	0
XM_047950510.1	423	224	0	0
XM_047950511.1	849	650	0	0
XM_047950512.1	2600	2401	0	0
XM_047950513.1	1176	977	0	0
XM_047950514.1	1636	1437	1	2626.8
XM_047950515.1	3183	2984	0	0
XM_047950516.1	1989	1790	0	0
XM_047950517.1	1754	1555	0	0
XM_047950518.1	3186	2987	0	0
XM_047950519.1	4275	4076	0	0
XM_047950520.1	4140	3941	0	0
XM_047950521.1	2104	1905	0	0
XM_047950522.1	2983	2784	0	0
XM_047950523.1	1665	1466	0	0
XM_047950524.1	2055	1856	0	0
XM_047950525.1	1137	938	0	0
XM_047950526.1	1665	1466	0	0
XM_047950527.1	1217	1018	0	0
XM_047950528.1	2008	1809	0	0
XM_047950529.1	399	200	0	0
XM_047950530.1	471	272	0	0
XM_047950531.1	777	578	0	0
XM_047950532.1	1045	846	0	0
XM_047950533.1	1705	1506	0	0
XM_047950534.1	2137	1938	0	0
XM_047950535.1	1074	875	0	0
XM_047950536.1	1734	1535	0	0
XM_047950537.1	1228	1029	0	0
XM_047950538.1	891	692	0	0
XM_047950539.1	216	24.1385	0	0
XM_047950540.1	3618	3419	0	0
XM_047950541.1	3631	3432	0	0
XM_047950542.1	2905	2706	0	0
XM_047950543.1	749	550	0	0
XM_047950544.1	450	251	0	0
XM_047950545.1	728	529	0	0
XM_047950546.1	1681	1482	0	0
XM_047950547.1	2170	1971	0	0
XM_047950548.1	2192	1993	1	1893.98
XM_047950549.1	1818	1619	0	0
XM_047950550.1	1508	1309	0	0
XM_047950551.1	1998	1799	0	0
XM_047950552.1	11105	10906	0	0
XM_047950553.1	783	584	0	0
XM_047950554.1	5370	5171	0	0
XM_047950555.1	1291	1092	0	0
XM_047950556.1	3306	3107	0	0
XM_047950557.1	2276	2077	0	0
XM_047950558.1	2105	1906	0	0
XM_047950559.1	4685	4486	0	0
XM_047950560.1	4274	4075	0	0
XM_047950561.1	945	746	0	0
XM_047950562.1	198	15.9266	0	0
XM_047950563.1	3305	3106	0	0
XM_047950564.1	2742	2543	0	0
XM_047950565.1	1266	1067	0	0
XM_047950566.1	1327	1128	0	0
XM_047950567.1	2040	1841	0	0
XM_047950568.1	450	251	0	0
XM_047950569.1	456	257	0	0
XM_047950570.1	1037	838	0	0
XM_047950571.1	447	248	0	0
XM_047950572.1	1693	1494	0	0
XM_047950573.1	240	42.049	0	0
XM_047950574.1	683	484	0	0
XM_047950575.1	825	626	0	0
XM_047950576.1	207	19.5103	0	0
XM_047950577.1	1338	1139	0	0
XM_047950578.1	942	743	1	5080.37
XM_047950579.1	489	290	0	0
XM_047950580.1	1388	1189	0	0
XM_047950581.1	532	333	0	0
XM_047950582.1	1332	1133	0	0
XM_047950583.1	1408	1209	0	0
XM_047950584.1	1412	1213	0	0
XM_047950585.1	1808	1609	0	0
XM_047950586.1	3395	3196	0	0
XM_047950587.1	1179	980	0	0
XM_047950588.1	2611	2412	0	0
XM_047950589.1	2095	1896	0	0
XM_047950590.1	1701	1502	0	0
XM_047950591.1	2034	1835	0	0
XM_047950592.1	2061	1862	0	0
XM_047950593.1	2262	2063	0	0
XM_047950594.1	809	610	0	0
XM_047950595.1	3270	3071	0	0
XM_047950596.1	3366	3167	0	0
XM_047950597.1	1625	1426	0	0
XM_047950598.1	2037	1838	0	0
XM_047950599.1	2559	2360	0	0
XM_047950600.1	357	158	0	0
XM_047950601.1	2694	2495	0	0
XM_047950602.1	2166	1967	0	0
XM_047950603.1	633	434	0	0
XM_047950604.1	1648	1449	0	0
XM_047950605.1	1753	1554	0	0
XM_047950606.1	1007	808	0	0
XM_047950607.1	1172	973	0	0
XM_047950608.1	1130	931	0	0
XM_047950609.1	2357	2158	0	0
XM_047950610.1	675	476	0	0
XM_047950611.1	1941	1742	0	0
XM_047950612.1	4579	4380	0	0
XM_047950613.1	1056	857	0	0
XM_047950614.1	1125	926	0	0
XM_047950615.1	2238	2039	0	0
XM_047950616.1	220	26.5685	0	0
XM_047950617.1	2023	1824	0	0
XM_047950618.1	2143	1944	0	0
XM_047950619.1	300	101	0	0
XM_047950620.1	300	101	0	0
XM_047950621.1	2118	1919	0	0
XM_047950622.1	1707	1508	0	0
XM_047950623.1	717	518	0	0
XM_047950624.1	384	185	0	0
XM_047950625.1	3831	3632	0	0
XM_047950626.1	1010	811	0	0
XM_047950627.1	3614	3415	0	0
XM_047950628.1	2846	2647	0	0
XM_047950629.1	3227	3028	0	0
XM_047950630.1	2953	2754	0	0
XM_047950631.1	1669	1470	0	0
XM_047950632.1	4180	3981	0	0
XM_047950633.1	1105	906	0	0
XM_047950634.1	1296	1097	0	0
XM_047950635.1	943	744	0	0
XM_047950636.1	1449	1250	0	0
XM_047950637.1	351	152	0	0
XM_047950638.1	336	137	0	0
XM_047950639.1	2890	2691	0	0
XM_047950640.1	2113	1914	0	0
XM_047950641.1	2223	2024	0	0
XM_047950642.1	213	22.4695	0	0
XM_047950643.1	1521	1322	0	0
XM_047950644.1	1149	950	0	0
XM_047950645.1	534	335	0	0
XM_047950646.1	1238	1039	0	0
XM_047950647.1	1065	866	0	0
XM_047950648.1	327	128	0	0
XM_047950649.1	1926	1727	0	0
XM_047950650.1	2574	2375	0	0
XM_047950651.1	738	539	0	0
XM_047950652.1	2921	2722	0	0
XM_047950653.1	1883	1684	0	0
XM_047950654.1	2386	2187	0	0
XM_047950655.1	576	377	0	0
XM_047950656.1	201	17.0167	0	0
XM_047950657.1	687	488	0	0
XM_047950658.1	366	167	0	0
XM_047950659.1	1188	989	0	0
XM_047950660.1	1039	840	0	0
XM_047950661.1	2055	1856	0	0
XM_047950662.1	240	42.049	0	0
XM_047950663.1	687	488	0	0
XM_047950664.1	2308	2109	0	0
XM_047950665.1	420	221	0	0
XM_047950666.1	390	191	0	0
XM_047950667.1	260	61.0822	0	0
XM_047950668.1	669	470	0	0
XM_047950669.1	1218	1019	0	0
XM_047950670.1	2649	2450	0	0
XM_047950671.1	519	320	0	0
XM_047950672.1	1137	938	0	0
XM_047950673.1	540	341	0	0
XM_047950674.1	267	68.0268	0	0
XM_047950675.1	321	122	0	0
XM_047950676.1	1479	1280	0	0
XM_047950677.1	621	422	0	0
XM_047950678.1	300	101	0	0
XM_047950679.1	4281	4082	0	0
XM_047950680.1	321	122	0	0
XM_047950681.1	822	623	0	0
XM_047950682.1	1497	1298	0	0
XM_047950683.1	1347	1148	0	0
XM_047950684.1	774	575	0	0
XM_047950685.1	903	704	0	0
XM_047950686.1	1302	1103	0	0
XM_047950687.1	627	428	0	0
XM_047950688.1	6063	5864	0	0
XM_047950689.1	291	92.0002	0	0
XM_047950690.1	366	167	0	0
XM_047950691.1	1420	1221	0	0
XM_047950692.1	1357	1158	0	0
XM_047950693.1	3229	3030	0	0
XM_047950694.1	396	197	0	0
XM_047950695.1	1245	1046	0	0
XM_047950696.1	1284	1085	0	0
XM_047950697.1	2169	1970	0	0
XM_047950698.1	1311	1112	0	0
XM_047950699.1	1886	1687	0	0
XM_047950700.1	1685	1486	0	0
XM_047950701.1	573	374	0	0
XM_047950702.1	468	269	0	0
XM_047950703.1	1134	935	0	0
XM_047950704.1	2489	2290	0	0
XM_047950705.1	1641	1442	0	0
XM_047950706.1	258	59.1108	0	0
XM_047950707.1	1276	1077	0	0
XM_047950708.1	476	277	0	0
XM_047950709.1	261	62.0706	0	0
XM_047950710.1	2428	2229	0	0
XM_047950711.1	1937	1738	0	0
XM_047950712.1	1708	1509	0	0
XM_047950713.1	1153	954	0	0
XM_047950714.1	2967	2768	0	0
XM_047950715.1	1098	899	0	0
XM_047950716.1	5446	5247	0	0
XM_047950717.1	1468	1269	0	0
XM_047950718.1	2481	2282	0	0
XM_047950719.1	1029	830	0	0
XM_047950720.1	913	714	0	0
XM_047950721.1	618	419	0	0
XM_047950722.1	330	131	0	0
XM_047950723.1	2186	1987	0	0
XM_047950724.1	2709	2510	0	0
XM_047950725.1	2754	2555	0	0
XM_047950726.1	2335	2136	1	1767.19
XM_047950727.1	204	18.2087	0	0
XM_047950728.1	1256	1057	0	0
XM_047950729.1	2532	2333	0	0
XM_047950730.1	1931	1732	0	0
XM_047950731.1	2550	2351	0	0
XM_047950732.1	1407	1208	0	0
XM_047950733.1	2563	2364	0	0
XM_047950734.1	939	740	0	0
XM_047950735.1	3370	3171	0	0
XM_047950736.1	939	740	0	0
XM_047950737.1	936	737	0	0
XM_047950738.1	5373	5174	0	0
XM_047950739.1	2232	2033	0	0
XM_047950740.1	1802	1603	0	0
XM_047950741.1	1902	1703	0	0
XM_047950742.1	3108	2909	0	0
XM_047950743.1	3329	3130	1	1205.98
XM_047950744.1	417	218	0	0
XM_047950745.1	2550	2351	0	0
XM_047950746.1	285	86.0009	0	0
XM_047950747.1	216	24.1385	0	0
XM_047950748.1	2714	2515	0	0
XM_047950749.1	1445	1246	0	0
XM_047950750.1	1100	901	0	0
XM_047950751.1	336	137	0	0
XM_047950752.1	354	155	0	0
XM_047950753.1	2037	1838	0	0
XM_047950754.1	1198	999	0	0
XM_047950755.1	3510	3311	0	0
XM_047950756.1	3104	2905	0	0
XM_047950757.1	2928	2729	0	0
XM_047950758.1	3108	2909	0	0
XM_047950759.1	1856	1657	0	0
XM_047950760.1	822	623	0	0
XM_047950761.1	3788	3589	0	0
XM_047950762.1	417	218	0	0
XM_047950763.1	2011	1812	0	0
XM_047950764.1	828	629	0	0
XM_047950765.1	918	719	0	0
XM_047950766.1	1249	1050	0	0
XM_047950767.1	1317	1118	0	0
XM_047950768.1	1857	1658	0	0
XM_047950769.1	1392	1193	0	0
XM_047950770.1	507	308	0	0
XM_047950771.1	738	539	0	0
XM_047950772.1	984	785	0	0
XM_047950773.1	768	569	0	0
XM_047950774.1	729	530	0	0
XM_047950775.1	1113	914	0	0
XM_047950776.1	582	383	0	0
XM_047950777.1	363	164	0	0
XM_047950778.1	2092	1893	0	0
XM_047950779.1	2528	2329	0	0
XM_047950780.1	2623	2424	0	0
XM_047950781.1	1210	1011	0	0
XM_047950782.1	282	83.0016	0	0
XM_047950783.1	814	615	0	0
XM_047950784.1	723	524	0	0
XM_047950785.1	1780	1581	0	0
XM_047950786.1	4796	4597	0	0
XM_047950787.1	1272	1073	0	0
XM_047950788.1	1245	1046	0	0
XM_047950789.1	777	578	0	0
XM_047950790.1	511	312	0	0
XM_047950791.1	2196	1997	0	0
XM_047950792.1	669	470	0	0
XM_047950793.1	1377	1178	0	0
XM_047950794.1	1446	1247	0	0
XM_047950795.1	2337	2138	0	0
XM_047950796.1	1419	1220	0	0
XM_047950797.1	975	776	0	0
XM_047950798.1	4238	4039	0	0
XM_047950799.1	2806	2607	0	0
XM_047950800.1	3507	3308	0	0
XM_047950801.1	3728	3529	0	0
XM_047950802.1	3454	3255	0	0
XM_047950803.1	3854	3655	0	0
XM_047950804.1	3580	3381	0	0
XM_047950805.1	3892	3693	0	0
XM_047950806.1	2928	2729	0	0
XM_047950807.1	468	269	0	0
XM_047950808.1	2819	2620	0	0
XM_047950809.1	1330	1131	0	0
XM_047950810.1	1106	907	0	0
XM_047950811.1	1995	1796	0	0
XM_047950812.1	387	188	0	0
XM_047950813.1	246	47.5399	0	0
XM_047950814.1	654	455	0	0
XM_047950815.1	3789	3590	0	0
XM_047950816.1	1179	980	0	0
XM_047950817.1	402	203	0	0
XM_047950818.1	1452	1253	0	0
XM_047950819.1	2445	2246	0	0
XM_047950820.1	726	527	0	0
XM_047950821.1	363	164	0	0
XM_047950822.1	768	569	0	0
XM_047950823.1	312	113	0	0
XM_047950824.1	948	749	0	0
XM_047950825.1	852	653	0	0
XM_047950826.1	930	731	0	0
XM_047950827.1	2743	2544	0	0
XM_047950828.1	453	254	0	0
XM_047950829.1	2150	1951	0	0
XM_047950830.1	1755	1556	0	0
XM_047950831.1	2158	1959	1	1926.86
XM_047950832.1	676	477	0	0
XM_047950833.1	3818	3619	1	1043.03
XM_047950834.1	1687	1488	0	0
XM_047950835.1	1528	1329	0	0
XM_047950836.1	2218	2019	0	0
XM_047950837.1	2427	2228	0	0
XM_047950838.1	1230	1031	0	0
XM_047950839.1	1923	1724	0	0
XM_047950840.1	1784	1585	0	0
XM_047950841.1	1604	1405	0	0
XM_047950842.1	1751	1552	0	0
XM_047950843.1	1611	1412	0	0
XM_047950844.1	1523	1324	0	0
XM_047950845.1	1543	1344	0	0
XM_047950846.1	3422	3223	0	0
XM_047950847.1	1905	1706	0	0
XM_047950848.1	1444	1245	0	0
XM_047950849.1	447	248	0	0
XM_047950850.1	540	341	0	0
XM_047950851.1	450	251	0	0
XM_047950852.1	3154	2955	0	0
XM_047950853.1	4387	4188	0	0
XM_047950854.1	2221	2022	0	0
XM_047950855.1	2799	2600	0	0
XM_047950856.1	1378	1179	0	0
XM_047950857.1	1380	1181	0	0
XM_047950858.1	1718	1519	0	0
XM_047950859.1	1657	1458	0	0
XM_047950860.1	561	362	0	0
XM_047950861.1	756	557	0	0
XM_047950862.1	1269	1070	0	0
XM_047950863.1	210	20.9285	0	0
XM_047950864.1	480	281	0	0
XM_047950865.1	783	584	0	0
XM_047950866.1	450	251	0	0
XM_047950867.1	908	709	0	0
XM_047950868.1	1971	1772	0	0
XM_047950869.1	543	344	0	0
XM_047950870.1	1677	1478	0	0
XM_047950871.1	168	9.06081	0	0
XM_047950872.1	1824	1625	0	0
XM_047950873.1	2021	1822	0	0
XM_047950874.1	1518	1319	0	0
XM_047950875.1	3298	3099	0	0
XM_047950876.1	1004	805	0	0
XM_047950877.1	1069	870	0	0
XM_047950878.1	963	764	0	0
XM_047950879.1	1431	1232	0	0
XM_047950880.1	1212	1013	0	0
XM_047950881.1	1625	1426	0	0
XM_047950882.1	2331	2132	0	0
XM_047950883.1	1083	884	0	0
XM_047950884.1	342	143	0	0
XM_047950885.1	837	638	0	0
XM_047950886.1	500	301	0	0
XM_047950887.1	1758	1559	0	0
XM_047950888.1	1778	1579	0	0
XM_047950889.1	3072	2873	0	0
XM_047950890.1	3324	3125	0	0
XM_047950891.1	1689	1490	0	0
XM_047950892.1	387	188	0	0
XM_047950893.1	2517	2318	0	0
XM_047950894.1	2292	2093	0	0
XM_047950895.1	2076	1877	0	0
XM_047950896.1	2241	2042	0	0
XM_047950897.1	318	119	0	0
XM_047950898.1	1170	971	0	0
XM_047950899.1	2028	1829	0	0
XM_047950900.1	3312	3113	0	0
XM_047950901.1	576	377	0	0
XM_047950902.1	1311	1112	0	0
XM_047950903.1	2046	1847	0	0
XM_047950904.1	3808	3609	0	0
XM_047950905.1	712	513	0	0
XM_047950906.1	1863	1664	0	0
XM_047950907.1	228	32.1317	0	0
XM_047950908.1	1422	1223	0	0
XM_047950909.1	1003	804	0	0
XM_047950910.1	2485	2286	0	0
XM_047950911.1	1956	1757	0	0
XM_047950912.1	453	254	0	0
XM_047950913.1	339	140	0	0
XM_047950914.1	1491	1292	0	0
XM_047950915.1	2002	1803	0	0
XM_047950916.1	1458	1259	0	0
XM_047950917.1	528	329	0	0
XM_047950918.1	2901	2702	0	0
XM_047950919.1	2775	2576	0	0
XM_047950920.1	3114	2915	0	0
XM_047950921.1	5576	5377	0	0
XM_047950922.1	996	797	0	0
XM_047950923.1	456	257	0	0
XM_047950924.1	1251	1052	0	0
XM_047950925.1	999	800	0	0
XM_047950926.1	3005	2806	0	0
XM_047950927.1	489	290	0	0
XM_047950928.1	1063	864	0	0
XM_047950929.1	1510	1311	0	0
XM_047950930.1	559	360	0	0
XM_047950931.1	2006	1807	0	0
XM_047950932.1	615	416	0	0
XM_047950933.1	444	245	0	0
XM_047950934.1	1143	944	0	0
XM_047950935.1	2855	2656	0	0
XM_047950936.1	2951	2752	0	0
XM_047950937.1	3184	2985	0	0
XM_047950938.1	1866	1667	0	0
XM_047950939.1	2322	2123	0	0
XM_047950940.1	2585	2386	0	0
XM_047950941.1	2589	2390	0	0
XM_047950942.1	1152	953	0	0
XM_047950943.1	1197	998	0	0
XM_047950944.1	1911	1712	0	0
XM_047950945.1	2607	2408	0	0
XM_047950946.1	951	752	0	0
XM_047950947.1	420	221	0	0
XM_047950948.1	1854	1655	0	0
XM_047950949.1	2360	2161	0	0
XM_047950950.1	1158	959	0	0
XM_047950951.1	1227	1028	0	0
XM_047950952.1	915	716	0	0
XM_047950953.1	1230	1031	0	0
XM_047950954.1	696	497	0	0
XM_047950955.1	2293	2094	0	0
XM_047950956.1	897	698	0	0
XM_047950957.1	1620	1421	0	0
XM_047950958.1	3995	3796	0	0
XM_047950959.1	1932	1733	0	0
XM_047950960.1	1912	1713	0	0
XM_047950961.1	357	158	0	0
XM_047950962.1	1781	1582	0	0
XM_047950963.1	2532	2333	0	0
XM_047950964.1	525	326	0	0
XM_047950965.1	915	716	0	0
XM_047950966.1	579	380	0	0
XM_047950967.1	4752	4553	0	0
XM_047950968.1	871	672	0	0
XM_047950969.1	824	625	0	0
XM_047950970.1	411	212	0	0
XM_047950971.1	1482	1283	0	0
XM_047950972.1	1565	1366	0	0
XM_047950973.1	5085	4886	0	0
XM_047950974.1	1413	1214	0	0
XM_047950975.1	1931	1732	0	0
XM_047950976.1	3300	3101	0	0
XM_047950977.1	769	570	0	0
XM_047950978.1	851	652	0	0
XM_047950979.1	1317	1118	0	0
XM_047950980.1	297	98.0001	0	0
XM_047950981.1	432	233	0	0
XM_047950982.1	1119	920	0	0
XM_047950983.1	852	653	0	0
XM_047950984.1	2553	2354	0	0
XM_047950985.1	3727	3528	0	0
XM_047950986.1	1347	1148	0	0
XM_047950987.1	611	412	0	0
XM_047950988.1	303	104	0	0
XM_047950989.1	435	236	0	0
XM_047950990.1	5517	5318	0	0
XM_047950991.1	1377	1178	0	0
XM_047950992.1	959	760	0	0
XM_047950993.1	654	455	0	0
XM_047950994.1	2169	1970	0	0
XM_047950995.1	1523	1324	0	0
XM_047950996.1	267	68.0268	0	0
XM_047950997.1	507	308	0	0
XM_047950998.1	681	482	0	0
XM_047950999.1	1125	926	0	0
XM_047951000.1	1041	842	0	0
XM_047951001.1	1185	986	0	0
XM_047951002.1	3342	3143	1	1200.99
XM_047951003.1	1715	1516	0	0
XM_047951004.1	714	515	0	0
XM_047951005.1	896	697	0	0
XM_047951006.1	1317	1118	0	0
XM_047951007.1	3306	3107	0	0
XM_047951008.1	1743	1544	0	0
XM_047951009.1	1914	1715	0	0
XM_047951010.1	3535	3336	0	0
XM_047951011.1	384	185	0	0
XM_047951012.1	732	533	0	0
XM_047951013.1	1059	860	0	0
XM_047951014.1	1770	1571	0	0
XM_047951015.1	3829	3630	0	0
XM_047951016.1	360	161	0	0
XM_047951017.1	3502	3303	0	0
XM_047951018.1	2174	1975	0	0
XM_047951019.1	1206	1007	0	0
XM_047951020.1	420	221	0	0
XM_047951021.1	720	521	0	0
XM_047951022.1	450	251	0	0
XM_047951023.1	1707	1508	0	0
XM_047951024.1	1686	1487	0	0
XM_047951025.1	1401	1202	0	0
XM_047951026.1	702	503	0	0
XM_047951027.1	723	524	0	0
XM_047951028.1	1455	1256	0	0
XM_047951029.1	1472	1273	0	0
XM_047951030.1	3798	3599	0	0
XM_047951031.1	1679	1480	0	0
XM_047951032.1	360	161	0	0
XM_047951033.1	2835	2636	0	0
XM_047951034.1	1701	1502	0	0
XM_047951035.1	597	398	0	0
XM_047951036.1	1901	1702	0	0
XM_047951037.1	927	728	0	0
XM_047951038.1	914	715	0	0
XM_047951039.1	1510	1311	0	0
XM_047951040.1	2416	2217	0	0
XM_047951041.1	1460	1261	0	0
XM_047951042.1	1478	1279	0	0
XM_047951043.1	4762	4563	3.09698	2561.95
XM_047951044.1	1356	1157	0	0
XM_047951045.1	2132	1933	0	0
XM_047951046.1	2660	2461	0	0
XM_047951047.1	1416	1217	0	0
XM_047951048.1	2361	2162	0	0
XM_047951049.1	988	789	0	0
XM_047951050.1	3469	3270	0	0
XM_047951051.1	2685	2486	0	0
XM_047951052.1	723	524	0	0
XM_047951053.1	426	227	0	0
XM_047951054.1	3372	3173	0	0
XM_047951055.1	3425	3226	0	0
XM_047951056.1	3600	3401	0	0
XM_047951057.1	3484	3285	0	0
XM_047951058.1	318	119	0	0
XM_047951059.1	1254	1055	0	0
XM_047951060.1	3100	2901	0	0
XM_047951061.1	700	501	0	0
XM_047951062.1	1501	1302	0	0
XM_047951063.1	606	407	0	0
XM_047951064.1	204	18.2087	0	0
XM_047951065.1	243	44.7603	0	0
XM_047951066.1	1134	935	0	0
XM_047951067.1	567	368	0	0
XM_047951068.1	1710	1511	0	0
XM_047951069.1	444	245	0	0
XM_047951070.1	654	455	0	0
XM_047951071.1	354	155	0	0
XM_047951072.1	1419	1220	0	0
XM_047951073.1	399	200	0	0
XM_047951074.1	1728	1529	0	0
XM_047951075.1	2957	2758	0	0
XM_047951076.1	1334	1135	0	0
XM_047951077.1	1419	1220	0	0
XM_047951078.1	2507	2308	0	0
XM_047951079.1	687	488	0	0
XM_047951080.1	1248	1049	0	0
XM_047951081.1	189	13.1915	0	0
XM_047951082.1	362	163	0	0
XM_047951083.1	2528	2329	0	0
XM_047951084.1	1648	1449	0	0
XM_047951085.1	1920	1721	0	0
XM_047951086.1	1671	1472	0	0
XM_047951087.1	1656	1457	0	0
XM_047951088.1	1356	1157	0	0
XM_047951089.1	1470	1271	0	0
XM_047951090.1	369	170	0	0
XM_047951091.1	366	167	0	0
XM_047951092.1	402	203	0	0
XM_047951093.1	249	50.3754	0	0
XM_047951094.1	1777	1578	0	0
XM_047951095.1	1728	1529	0	0
XM_047951096.1	1766	1567	0	0
XM_047951097.1	567	368	0	0
XM_047951098.1	1572	1373	0	0
XM_047951099.1	1635	1436	0	0
XM_047951100.1	4572	4373	0	0
XM_047951101.1	936	737	0	0
XM_047951102.1	1080	881	0	0
XM_047951103.1	3705	3506	0	0
XM_047951104.1	3723	3524	0	0
XM_047951105.1	818	619	0	0
XM_047951106.1	330	131	0	0
XM_047951107.1	333	134	0	0
XM_047951108.1	1023	824	0	0
XM_047951109.1	4298	4099	0	0
XM_047951110.1	744	545	0	0
XM_047951111.1	1692	1493	0	0
XM_047951112.1	240	42.049	0	0
XM_047951113.1	765	566	0	0
XM_047951114.1	600	401	0	0
XM_047951115.1	651	452	0	0
XM_047951116.1	1494	1295	0	0
XM_047951117.1	964	765	0	0
XM_047951118.1	531	332	0	0
XM_047951119.1	1473	1274	0	0
XM_047951120.1	5855	5656	0	0
XM_047951121.1	1647	1448	0	0
XM_047951122.1	441	242	0	0
XM_047951123.1	2976	2777	0	0
XM_047951124.1	1860	1661	0	0
XM_047951125.1	498	299	0	0
XM_047951126.1	171	9.50903	0	0
XM_047951127.1	333	134	0	0
XM_047951128.1	333	134	0	0
XM_047951129.1	1872	1673	0	0
XM_047951130.1	1979	1780	0	0
XM_047951131.1	1525	1326	0	0
XM_047951132.1	1371	1172	0	0
XM_047951133.1	1869	1670	0	0
XM_047951134.1	363	164	0	0
XM_047951135.1	2818	2619	0	0
XM_047951136.1	5375	5176	0	0
XM_047951137.1	537	338	0	0
XM_047951138.1	498	299	0	0
XM_047951139.1	318	119	0	0
XM_047951140.1	381	182	0	0
XM_047951141.1	1776	1577	0	0
XM_047951142.1	1236	1037	0	0
XM_047951143.1	2208	2009	0	0
XM_047951144.1	279	80.003	0	0
XM_047951145.1	1068	869	0	0
XM_047951146.1	321	122	0	0
XM_047951147.1	624	425	0	0
XM_047951148.1	1008	809	0	0
XM_047951149.1	2552	2353	0	0
XM_047951150.1	2214	2015	0	0
XM_047951151.1	2530	2331	0	0
XM_047951152.1	519	320	0	0
XM_047951153.1	695	496	0	0
XM_047951154.1	545	346	0	0
XM_047951155.1	795	596	0	0
XM_047951156.1	2484	2285	0	0
XM_047951157.1	2347	2148	0	0
XM_047951158.1	2319	2120	0	0
XM_047951159.1	1916	1717	0	0
XM_047951160.1	1496	1297	0	0
XM_047951161.1	327	128	0	0
XM_047951162.1	531	332	0	0
XM_047951163.1	3615	3416	0	0
XM_047951164.1	840	641	0	0
XM_047951165.1	2010	1811	0	0
XM_047951166.1	4417	4218	0	0
XM_047951167.1	480	281	0	0
XM_047951168.1	528	329	0	0
XM_047951169.1	1821	1622	0	0
XM_047951170.1	588	389	0	0
XM_047951171.1	562	363	0	0
XM_047951172.1	498	299	0	0
XM_047951173.1	234	36.8813	0	0
XM_047951174.1	1482	1283	0	0
XM_047951175.1	1602	1403	0	0
XM_047951176.1	666	467	0	0
XM_047951177.1	805	606	0	0
XM_047951178.1	390	191	0	0
XM_047951179.1	1635	1436	0	0
XM_047951180.1	1722	1523	0	0
XM_047951181.1	1260	1061	0	0
XM_047951182.1	867	668	0	0
XM_047951183.1	945	746	0	0
XM_047951184.1	258	59.1108	0	0
XM_047951185.1	795	596	0	0
XM_047951186.1	1236	1037	0	0
XM_047951187.1	1701	1502	0	0
XM_047951188.1	510	311	0	0
XM_047951189.1	2967	2768	0	0
XM_047951190.1	3155	2956	0	0
XM_047951191.1	808	609	0	0
XM_047951192.1	1512	1313	0	0
XM_047951193.1	2333	2134	0	0
XM_047951194.1	2187	1988	0	0
XM_047951195.1	1779	1580	0	0
XM_047951196.1	1862	1663	0	0
XM_047951197.1	402	203	0	0
XM_047951198.1	945	746	0	0
XM_047951199.1	1014	815	0	0
XM_047951200.1	753	554	0	0
XM_047951201.1	381	182	0	0
XM_047951202.1	999	800	0	0
XM_047951203.1	1503	1304	0	0
XM_047951204.1	1708	1509	0	0
XM_047951205.1	1670	1471	0	0
XM_047951206.1	708	509	0	0
XM_047951207.1	222	27.8721	0	0
XM_047951208.1	1056	857	0	0
XM_047951209.1	628	429	0	0
XM_047951210.1	894	695	0	0
XM_047951211.1	978	779	0	0
XM_047951212.1	1470	1271	0	0
XM_047951213.1	1641	1442	0	0
XM_047951214.1	867	668	0	0
XM_047951215.1	2395	2196	0	0
XM_047951216.1	2598	2399	0	0
XM_047951217.1	2535	2336	0	0
XM_047951218.1	345	146	0	0
XM_047951219.1	246	47.5399	0	0
XM_047951220.1	1890	1691	0	0
XM_047951221.1	693	494	0	0
XM_047951222.1	1203	1004	0	0
XM_047951223.1	2118	1919	0	0
XM_047951224.1	2541	2342	0	0
XM_047951225.1	2903	2704	0	0
XM_047951226.1	1910	1711	0	0
XM_047951227.1	1023	824	0	0
XM_047951228.1	2103	1904	0	0
XM_047951229.1	309	110	0	0
XM_047951230.1	345	146	0	0
XM_047951231.1	5773	5574	0	0
XM_047951232.1	1083	884	0	0
XM_047951233.1	1722	1523	0	0
XM_047951234.1	588	389	0	0
XM_047951235.1	1869	1670	0	0
XM_047951236.1	1233	1034	0	0
XM_047951237.1	225	29.9375	0	0
XM_047951238.1	702	503	0	0
XM_047951239.1	342	143	0	0
XM_047951240.1	1668	1469	0	0
XM_047951241.1	366	167	0	0
XM_047951242.1	363	164	0	0
XM_047951243.1	249	50.3754	0	0
XM_047951244.1	1779	1580	0	0
XM_047951245.1	1301	1102	0	0
XM_047951246.1	1461	1262	0	0
XM_047951247.1	399	200	0	0
XM_047951248.1	825	626	0	0
XM_047951249.1	2508	2309	0	0
XM_047951250.1	1587	1388	0	0
XM_047951251.1	1786	1587	0	0
XM_047951252.1	2237	2038	0	0
XM_047951253.1	735	536	0	0
XM_047951254.1	1383	1184	0	0
XM_047951255.1	2568	2369	0	0
XM_047951256.1	1998	1799	0	0
XM_047951257.1	1610	1411	0	0
XM_047951258.1	1948	1749	0	0
XM_047951259.1	558	359	0	0
XM_047951260.1	870	671	0	0
XM_047951261.1	375	176	0	0
XM_047951262.1	669	470	0	0
XM_047951263.1	231	34.449	0	0
XM_047951264.1	570	371	0	0
XM_047951265.1	468	269	0	0
XM_047951266.1	1773	1574	0	0
XM_047951267.1	447	248	0	0
XM_047951268.1	579	380	0	0
XM_047951269.1	642	443	0	0
XM_047951270.1	876	677	0	0
XM_047951271.1	1266	1067	0	0
XM_047951272.1	1470	1271	0	0
XM_047951273.1	975	776	0	0
XM_047951274.1	1222	1023	0	0
XM_047951275.1	1892	1693	0	0
XM_047951276.1	437	238	0	0
XM_047951277.1	570	371	0	0
XM_047951278.1	1252	1053	0	0
XM_047951279.1	399	200	0	0
XM_047951280.1	483	284	0	0
XM_047951281.1	2432	2233	0	0
XM_047951282.1	2514	2315	0	0
XM_047951283.1	3653	3454	0	0
XM_047951284.1	2009	1810	0	0
XM_047951285.1	834	635	0	0
XM_047951286.1	492	293	0	0
XM_047951287.1	2097	1898	0	0
XM_047951288.1	462	263	0	0
XM_047951289.1	1548	1349	0	0
XM_047951290.1	1622	1423	0	0
XM_047951291.1	801	602	0	0
XM_047951292.1	2580	2381	0	0
XM_047951293.1	1258	1059	0	0
XM_047951294.1	458	259	0	0
XM_047951295.1	1521	1322	0	0
XM_047951296.1	1748	1549	0	0
XM_047951297.1	777	578	0	0
XM_047951298.1	1488	1289	0	0
XM_047951299.1	1662	1463	0	0
XM_047951300.1	609	410	0	0
XM_047951301.1	573	374	0	0
XM_047951302.1	762	563	0	0
XM_047951303.1	1642	1443	0	0
XM_047951304.1	2335	2136	0	0
XM_047951305.1	2022	1823	0	0
XM_047951306.1	2976	2777	0	0
XM_047951307.1	2202	2003	0	0
XM_047951308.1	2110	1911	0	0
XM_047951309.1	2169	1970	0	0
XM_047951310.1	705	506	0	0
XM_047951311.1	1002	803	0	0
XM_047951312.1	1104	905	0	0
XM_047951313.1	315	116	0	0
XM_047951314.1	3147	2948	0	0
XM_047951315.1	1311	1112	0	0
XM_047951316.1	666	467	0	0
XM_047951317.1	1114	915	0	0
XM_047951318.1	2062	1863	0	0
XM_047951319.1	1149	950	0	0
XM_047951320.1	2181	1982	0	0
XM_047951321.1	2392	2193	0	0
XM_047951322.1	1059	860	0	0
XM_047951323.1	546	347	0	0
XM_047951324.1	486	287	0	0
XM_047951325.1	2858	2659	0	0
XM_047951326.1	408	209	0	0
XM_047951327.1	465	266	0	0
XM_047951328.1	1968	1769	0	0
XM_047951329.1	330	131	0	0
XM_047951330.1	189	13.1915	0	0
XM_047951331.1	2228	2029	0	0
XM_047951332.1	2145	1946	0	0
XM_047951333.1	2510	2311	0	0
XM_047951334.1	288	89.0004	0	0
XM_047951335.1	1062	863	0	0
XM_047951336.1	3834	3635	0	0
XM_047951337.1	1004	805	0	0
XM_047951338.1	696	497	0	0
XM_047951339.1	2082	1883	0	0
XM_047951340.1	393	194	0	0
XM_047951341.1	2426	2227	0	0
XM_047951342.1	4450	4251	0	0
XM_047951343.1	1951	1752	1	2154.52
XM_047951344.1	822	623	0	0
XM_047951345.1	2499	2300	0	0
XM_047951346.1	1404	1205	0	0
XM_047951347.1	2687	2488	0	0
XM_047951348.1	3361	3162	0	0
XM_047951349.1	1839	1640	0	0
XM_047951350.1	1138	939	0	0
XM_047951351.1	636	437	0	0
XM_047951352.1	3384	3185	0	0
XM_047951353.1	2127	1928	0	0
XM_047951354.1	750	551	0	0
XM_047951355.1	531	332	0	0
XM_047951356.1	1739	1540	0	0
XM_047951357.1	1536	1337	0	0
XM_047951358.1	1649	1450	0	0
XM_047951359.1	378	179	0	0
XM_047951360.1	2291	2092	0	0
XM_047951361.1	213	22.4695	0	0
XM_047951362.1	525	326	0	0
XM_047951363.1	1209	1010	0	0
XM_047951364.1	378	179	0	0
XM_047951365.1	1429	1230	0	0
XM_047951366.1	330	131	0	0
XM_047951367.1	1296	1097	0	0
XM_047951368.1	318	119	0	0
XM_047951369.1	522	323	0	0
XM_047951370.1	393	194	0	0
XM_047951371.1	351	152	0	0
XM_047951372.1	2098	1899	0	0
XM_047951373.1	2239	2040	0	0
XM_047951374.1	901	702	0	0
XM_047951375.1	528	329	0	0
XM_047951376.1	312	113	0	0
XM_047951377.1	3802	3603	0	0
XM_047951378.1	297	98.0001	0	0
XM_047951379.1	984	785	0	0
XM_047951380.1	1521	1322	0	0
XM_047951381.1	1356	1157	1	3262.5
XM_047951382.1	3333	3134	0	0
XM_047951383.1	1830	1631	0	0
XM_047951384.1	2220	2021	0	0
XM_047951385.1	498	299	0	0
XM_047951386.1	2674	2475	0	0
XM_047951387.1	2863	2664	0	0
XM_047951388.1	1920	1721	0	0
XM_047951389.1	1122	923	0	0
XM_047951390.1	2340	2141	0	0
XM_047951391.1	1543	1344	0	0
XM_047951392.1	852	653	0	0
XM_047951393.1	583	384	0	0
XM_047951394.1	2505	2306	0	0
XM_047951395.1	609	410	0	0
XM_047951396.1	2094	1895	0	0
XM_047951397.1	258	59.1108	0	0
XM_047951398.1	1717	1518	0	0
XM_047951399.1	923	724	0	0
XM_047951400.1	492	293	0	0
XM_047951401.1	615	416	0	0
XM_047951402.1	480	281	0	0
XM_047951403.1	720	521	0	0
XM_047951404.1	1233	1034	0	0
XM_047951405.1	384	185	0	0
XM_047951406.1	270	71.016	0	0
XM_047951407.1	375	176	0	0
XM_047951408.1	806	607	0	0
XM_047951409.1	1072	873	0	0
XM_047951410.1	522	323	0	0
XM_047951411.1	480	281	0	0
XM_047951412.1	646	447	0	0
XM_047951413.1	1404	1205	0	0
XM_047951414.1	624	425	0	0
XM_047951415.1	1064	865	0	0
XM_047951416.1	492	293	0	0
XM_047951417.1	975	776	0	0
XM_047951418.1	972	773	0	0
XM_047951419.1	7496	7297	0	0
XM_047951420.1	519	320	0	0
XM_047951421.1	520	321	0	0
XM_047951422.1	2135	1936	0	0
XM_047951423.1	336	137	0	0
XM_047951424.1	2274	2075	0	0
XM_047951425.1	4471	4272	0	0
XM_047951426.1	2087	1888	0	0
XM_047951427.1	859	660	0	0
XM_047951428.1	963	764	0	0
XM_047951429.1	1591	1392	0	0
XM_047951430.1	348	149	0	0
XM_047951431.1	315	116	0	0
XM_047951432.1	1250	1051	0	0
XM_047951433.1	1681	1482	0	0
XM_047951434.1	378	179	0	0
XM_047951435.1	1464	1265	0	0
XM_047951436.1	636	437	0	0
XM_047951437.1	1806	1607	0	0
XM_047951438.1	1406	1207	0	0
XM_047951439.1	2958	2759	0	0
XM_047951440.1	1392	1193	0	0
XM_047951441.1	450	251	0	0
XM_047951442.1	444	245	0	0
XM_047951443.1	382	183	0	0
XM_047951444.1	946	747	0	0
XM_047951445.1	1256	1057	0	0
XM_047951446.1	645	446	0	0
XM_047951447.1	249	50.3754	0	0
XM_047951448.1	1376	1177	0	0
XM_047951449.1	1038	839	0	0
XM_047951450.1	594	395	0	0
XM_047951451.1	291	92.0002	0	0
XM_047951452.1	1138	939	0	0
XM_047951453.1	1148	949	0	0
XM_047951454.1	1606	1407	0	0
XM_047951455.1	159	7.91627	0	0
XM_047951456.1	717	518	0	0
XM_047951457.1	582	383	0	0
XM_047951458.1	1622	1423	0	0
XM_047951459.1	1779	1580	0	0
XM_047951460.1	1110	911	0	0
XM_047951461.1	525	326	0	0
XM_047951462.1	408	209	0	0
XM_047951463.1	1242	1043	0	0
XM_047951464.1	411	212	0	0
XM_047951465.1	1944	1745	0	0
XM_047951466.1	531	332	0	0
XM_047951467.1	462	263	0	0
XM_047951468.1	1364	1165	0	0
XM_047951469.1	1440	1241	0	0
XM_047951470.1	297	98.0001	0	0
XM_047951471.1	408	209	0	0
XM_047951472.1	3155	2956	0	0
XM_047951473.1	207	19.5103	0	0
XM_047951474.1	1811	1612	0	0
XM_047951475.1	1461	1262	0	0
XM_047951476.1	327	128	0	0
XM_047951477.1	615	416	0	0
XM_047951478.1	1538	1339	0	0
XM_047951479.1	507	308	0	0
XM_047951480.1	2035	1836	0	0
XM_047951481.1	183	11.741	0	0
XM_047951482.1	312	113	0	0
XM_047951483.1	714	515	0	0
XM_047951484.1	768	569	0	0
XM_047951485.1	318	119	0	0
XM_047951486.1	500	301	0	0
XM_047951487.1	450	251	0	0
XM_047951488.1	1632	1433	0	0
XM_047951489.1	261	62.0706	0	0
XM_047951490.1	1638	1439	0	0
XM_047951491.1	183	11.741	0	0
XM_047951492.1	312	113	0	0
XM_047951493.1	789	590	0	0
XM_047951494.1	1062	863	0	0
XM_047951495.1	396	197	1	19161
XM_047951496.1	776	577	0	0
XM_047951497.1	3804	3605	0	0
XM_047951498.1	3985	3786	0	0
XM_047951499.1	2226	2027	0	0
XM_047951500.1	2172	1973	0	0
XM_047951501.1	1725	1526	0	0
XM_047951502.1	2143	1944	0	0
XM_047951503.1	1575	1376	0	0
XM_047951504.1	5735	5536	0	0
XM_047951505.1	648	449	0	0
XM_047951506.1	1969	1770	0	0
XM_047951507.1	1524	1325	0	0
XM_047951508.1	516	317	0	0
XM_047951509.1	2272	2073	0	0
XM_047951510.1	2551	2352	0	0
XM_047951511.1	2635	2436	0	0
XM_047951512.1	630	431	0	0
XM_047951513.1	2853	2654	0	0
XM_047951514.1	345	146	0	0
XM_047951515.1	2420	2221	0	0
XM_047951516.1	357	158	0	0
XM_047951517.1	1613	1414	0	0
XM_047951518.1	801	602	0	0
XM_047951519.1	4425	4226	0	0
XM_047951520.1	766	567	0	0
XM_047951521.1	1575	1376	0	0
XM_047951522.1	1006	807	0	0
XM_047951523.1	522	323	0	0
XM_047951524.1	489	290	0	0
XM_047951525.1	884	685	0	0
XM_047951526.1	640	441	0	0
XM_047951527.1	2378	2179	0	0
XM_047951528.1	3155	2956	0	0
XM_047951529.1	1394	1195	0	0
XM_047951530.1	516	317	0	0
XM_047951531.1	1047	848	0	0
XM_047951532.1	1206	1007	0	0
XM_047951533.1	1017	818	0	0
XM_047951534.1	1186	987	0	0
XM_047951535.1	600	401	0	0
XM_047951536.1	246	47.5399	0	0
XM_047951537.1	802	603	0	0
XM_047951538.1	177	10.528	0	0
XM_047951539.1	510	311	0	0
XM_047951540.1	701	502	0	0
XM_047951541.1	342	143	0	0
XM_047951542.1	2048	1849	0	0
XM_047951543.1	1857	1658	0	0
XM_047951544.1	2848	2649	0	0
XM_047951545.1	2867	2668	0	0
XM_047951546.1	1311	1112	0	0
XM_047951547.1	1465	1266	0	0
XM_047951548.1	2268	2069	0	0
XM_047951549.1	288	89.0004	0	0
XM_047951550.1	2177	1978	0	0
XM_047951551.1	4706	4507	0	0
XM_047951552.1	612	413	0	0
XM_047951553.1	315	116	0	0
XM_047951554.1	300	101	0	0
XM_047951555.1	1486	1287	0	0
XM_047951556.1	1611	1412	0	0
XM_047951557.1	1596	1397	0	0
XM_047951558.1	1004	805	0	0
XM_047951559.1	738	539	0	0
XM_047951560.1	195	14.9308	0	0
XM_047951561.1	255	56.1701	0	0
XM_047951562.1	744	545	0	0
XM_047951563.1	2926	2727	0	0
XM_047951564.1	2200	2001	0	0
XM_047951565.1	1860	1661	0	0
XM_047951566.1	2016	1817	0	0
XM_047951567.1	2925	2726	0	0
XM_047951568.1	1971	1772	0	0
XM_047951569.1	2097	1898	0	0
XM_047951570.1	1681	1482	0	0
XM_047951571.1	1148	949	0	0
XM_047951572.1	2605	2406	0	0
XM_047951573.1	567	368	0	0
XM_047951574.1	1712	1513	0	0
XM_047951575.1	1812	1613	0	0
XM_047951576.1	1284	1085	0	0
XM_047951577.1	672	473	0	0
XM_047951578.1	1356	1157	0	0
XM_047951579.1	351	152	0	0
XM_047951580.1	434	235	0	0
XM_047951581.1	1493	1294	0	0
XM_047951582.1	868	669	0	0
XM_047951583.1	1500	1301	0	0
XM_047951584.1	996	797	0	0
XM_047951585.1	372	173	0	0
XM_047951586.1	1098	899	0	0
XM_047951587.1	1230	1031	0	0
XM_047951588.1	1605	1406	0	0
XM_047951589.1	235	37.7159	0	0
XM_047951590.1	519	320	0	0
XM_047951591.1	606	407	0	0
XM_047951592.1	669	470	0	0
XM_047951593.1	297	98.0001	0	0
XM_047951594.1	723	524	0	0
XM_047951595.1	750	551	0	0
XM_047951596.1	791	592	0	0
XM_047951597.1	996	797	0	0
XM_047951598.1	537	338	0	0
XM_047951599.1	1346	1147	0	0
XM_047951600.1	979	780	0	0
XM_047951601.1	1374	1175	0	0
XM_047951602.1	1605	1406	0	0
XM_047951603.1	3452	3253	0	0
XM_047951604.1	1416	1217	0	0
XM_047951605.1	3324	3125	0	0
XM_047951606.1	1275	1076	0	0
XM_047951607.1	1014	815	0	0
XM_047951608.1	1101	902	0	0
XM_047951609.1	366	167	0	0
XM_047951610.1	2967	2768	0	0
XM_047951611.1	1141	942	0	0
XM_047951612.1	753	554	0	0
XM_047951613.1	444	245	0	0
XM_047951614.1	2685	2486	0	0
XM_047951615.1	233	36.0583	0	0
XM_047951616.1	1380	1181	0	0
XM_047951617.1	408	209	0	0
XM_047951618.1	282	83.0016	0	0
XM_047951619.1	1148	949	0	0
XM_047951620.1	993	794	0	0
XM_047951621.1	1965	1766	0	0
XM_047951622.1	1602	1403	0	0
XM_047951623.1	1349	1150	0	0
XM_047951624.1	1072	873	0	0
XM_047951625.1	1993	1794	0	0
XM_047951626.1	612	413	0	0
XM_047951627.1	321	122	0	0
XM_047951628.1	996	797	0	0
XM_047951629.1	1257	1058	0	0
XM_047951630.1	897	698	0	0
XM_047951631.1	1070	871	0	0
XM_047951632.1	666	467	0	0
XM_047951633.1	1356	1157	0	0
XM_047951634.1	2846	2647	0	0
XM_047951635.1	1347	1148	0	0
XM_047951636.1	672	473	0	0
XM_047951637.1	2743	2544	0	0
XM_047951638.1	2023	1824	0	0
XM_047951639.1	2144	1945	0	0
XM_047951640.1	363	164	0	0
XM_047951641.1	723	524	0	0
XM_047951642.1	201	17.0167	0	0
XM_047951643.1	791	592	0	0
XM_047951644.1	603	404	0	0
XM_047951645.1	2358	2159	0	0
XM_047951646.1	738	539	0	0
XM_047951647.1	534	335	0	0
XM_047951648.1	4261	4062	0	0
XM_047951649.1	937	738	0	0
XM_047951650.1	1498	1299	0	0
XM_047951651.1	564	365	0	0
XM_047951652.1	983	784	0	0
XM_047951653.1	2173	1974	0	0
XM_047951654.1	3136	2937	0	0
XM_047951655.1	3445	3246	0	0
XM_047951656.1	4872	4673	0	0
XM_047951657.1	1416	1217	0	0
XM_047951658.1	1837	1638	0	0
XM_047951659.1	1418	1219	0	0
XM_047951660.1	4661	4462	0	0
XM_047951661.1	2542	2343	0	0
XM_047951662.1	174	9.99669	0	0
XM_047951663.1	1257	1058	0	0
XM_047951664.1	2975	2776	0	0
XM_047951665.1	1146	947	0	0
XM_047951666.1	834	635	0	0
XM_047951667.1	390	191	0	0
XM_047951668.1	354	155	0	0
XM_047951669.1	559	360	0	0
XM_047951670.1	597	398	0	0
XM_047951671.1	2661	2462	0	0
XM_047951672.1	1574	1375	0	0
XM_047951673.1	264	65.044	0	0
XM_047951674.1	678	479	0	0
XM_047951675.1	714	515	0	0
XM_047951676.1	1659	1460	0	0
XM_047951677.1	1401	1202	0	0
XM_047951678.1	315	116	0	0
XM_047951679.1	339	140	0	0
XM_047951680.1	339	140	0	0
XM_047951681.1	830	631	0	0
XM_047951682.1	339	140	0	0
XM_047951683.1	1626	1427	0	0
XM_047951684.1	1720	1521	0	0
XM_047951685.1	792	593	0	0
XM_047951686.1	645	446	0	0
XM_047951687.1	738	539	0	0
XM_047951688.1	573	374	0	0
XM_047951689.1	1049	850	0	0
XM_047951690.1	4251	4052	0	0
XM_047951691.1	1949	1750	0	0
XM_047951692.1	1938	1739	0	0
XM_047951693.1	995	796	0	0
XM_047951694.1	771	572	0	0
XM_047951695.1	339	140	0	0
XM_047951696.1	3457	3258	0	0
XM_047951697.1	3728	3529	0	0
XM_047951698.1	618	419	0	0
XM_047951699.1	1383	1184	0	0
XM_047951700.1	468	269	0	0
XM_047951701.1	462	263	0	0
XM_047951702.1	2066	1867	0	0
XM_047951703.1	5793	5594	0	0
XM_047951704.1	1551	1352	0	0
XM_047951705.1	963	764	0	0
XM_047951706.1	990	791	0	0
XM_047951707.1	744	545	0	0
XM_047951708.1	402	203	0	0
XM_047951709.1	462	263	0	0
XM_047951710.1	1134	935	0	0
XM_047951711.1	993	794	0	0
XM_047951712.1	5466	5267	0	0
XM_047951713.1	1545	1346	0	0
XM_047951714.1	1713	1514	0	0
XM_047951715.1	2201	2002	0	0
XM_047951716.1	279	80.003	0	0
XM_047951717.1	777	578	0	0
XM_047951718.1	4152	3953	0	0
XM_047951719.1	1341	1142	0	0
XM_047951720.1	730	531	0	0
XM_047951721.1	1181	982	0	0
XM_047951722.1	1269	1070	0	0
XM_047951723.1	555	356	0	0
XM_047951724.1	2579	2380	0	0
XM_047951725.1	525	326	0	0
XM_047951726.1	2163	1964	0	0
XM_047951727.1	261	62.0706	0	0
XM_047951728.1	1209	1010	0	0
XM_047951729.1	594	395	0	0
XM_047951730.1	639	440	0	0
XM_047951731.1	261	62.0706	0	0
XM_047951732.1	669	470	0	0
XM_047951733.1	627	428	0	0
XM_047951734.1	498	299	0	0
XM_047951735.1	999	800	0	0
XM_047951736.1	1002	803	0	0
XM_047951737.1	762	563	0	0
XM_047951738.1	1065	866	0	0
XM_047951739.1	1401	1202	0	0
XM_047951740.1	2535	2336	0	0
XM_047951741.1	567	368	0	0
XM_047951742.1	399	200	0	0
XM_047951743.1	216	24.1385	0	0
XM_047951744.1	570	371	0	0
XM_047951745.1	336	137	0	0
XM_047951746.1	1173	974	0	0
XM_047951747.1	1320	1121	0	0
XM_047951748.1	567	368	0	0
XM_047951749.1	768	569	0	0
XM_047951750.1	2127	1928	0	0
XM_047951751.1	4863	4664	0	0
XM_047951752.1	246	47.5399	0	0
XM_047951753.1	288	89.0004	0	0
XM_047951754.1	912	713	0	0
XM_047951755.1	327	128	0	0
XM_047951756.1	2136	1937	0	0
XM_047951757.1	2112	1913	0	0
XM_047951758.1	240	42.049	0	0
XM_047951759.1	1770	1571	0	0
XM_047951760.1	936	737	0	0
XM_047951761.1	1893	1694	0	0
XM_047951762.1	489	290	0	0
XM_047951763.1	960	761	0	0
XM_047951764.1	2847	2648	0	0
XM_047951765.1	279	80.003	0	0
XM_047951766.1	402	203	0	0
XM_047951767.1	222	27.8721	0	0
XM_047951768.1	642	443	0	0
XM_047951769.1	1110	911	0	0
XM_047951770.1	255	56.1701	0	0
XM_047951771.1	1158	959	0	0
XM_047951772.1	357	158	0	0
XM_047951773.1	2214	2015	0	0
XM_047951774.1	897	698	0	0
XM_047951775.1	1470	1271	0	0
XM_047951776.1	321	122	0	0
XM_047951777.1	4908	4709	0	0
XM_047951778.1	1473	1274	0	0
XM_047951779.1	1500	1301	0	0
XM_047951780.1	576	377	0	0
XM_047951781.1	642	443	0	0
XM_047951782.1	1152	953	0	0
XM_047951783.1	153	7.28986	0	0
XM_047951784.1	399	200	0	0
XM_047951785.1	615	416	0	0
XM_047951786.1	618	419	0	0
XM_047951787.1	648	449	0	0
XM_047951788.1	588	389	0	0
XM_047951789.1	465	266	0	0
XM_047951790.1	1248	1049	0	0
XM_047951791.1	1311	1112	0	0
XM_047951792.1	492	293	0	0
XM_047951793.1	777	578	0	0
XM_047951794.1	285	86.0009	0	0
XM_047951795.1	393	194	0	0
XM_047951796.1	1476	1277	0	0
XM_047951797.1	1260	1061	0	0
XM_047951798.1	372	173	0	0
XM_047951799.1	789	590	0	0
XM_047951800.1	1173	974	0	0
XM_047951801.1	1056	857	0	0
XM_047951802.1	213	22.4695	0	0
XM_047951803.1	456	257	0	0
XM_047951804.1	537	338	0	0
XM_047951805.1	1698	1499	0	0
XM_047951806.1	1967	1768	0	0
XM_047951807.1	789	590	0	0
XM_047951808.1	1173	974	0	0
XM_047951809.1	5982	5783	0	0
XM_047951810.1	534	335	0	0
XM_047951811.1	903	704	0	0
XM_047951812.1	753	554	0	0
XM_047951813.1	2044	1845	0	0
XM_047951814.1	2355	2156	0	0
XM_047951815.1	981	782	0	0
XM_047951816.1	1566	1367	0	0
XM_047951817.1	1524	1325	0	0
XM_047951818.1	2762	2563	0	0
XM_047951819.1	429	230	0	0
XM_047951820.1	341	142	0	0
XM_047951821.1	3398	3199	0	0
XM_047951822.1	714	515	0	0
XM_047951823.1	1728	1529	0	0
XM_047951824.1	369	170	0	0
XM_047951825.1	1010	811	0	0
XM_047951826.1	1245	1046	0	0
XM_047951827.1	2031	1832	0	0
XM_047951828.1	873	674	0	0
XM_047951829.1	561	362	0	0
XM_047951830.1	579	380	0	0
XM_047951831.1	425	226	0	0
XM_047951832.1	3076	2877	0	0
XM_047951833.1	930	731	0	0
XM_047951834.1	645	446	0	0
XM_047951835.1	450	251	0	0
XM_047951836.1	1607	1408	0	0
XM_047951837.1	7761	7562	0	0
XM_047951838.1	252	53.2554	0	0
XM_047951839.1	267	68.0268	0	0
XM_047951840.1	579	380	0	0
XM_047951841.1	573	374	0	0
XM_047951842.1	996	797	0	0
XM_047951843.1	267	68.0268	0	0
XM_047951844.1	222	27.8721	0	0
XM_047951845.1	462	263	0	0
XM_047951846.1	2678	2479	0	0
XM_047951847.1	2675	2476	0	0
XM_047951848.1	1089	890	1	4241.25
XM_047951849.1	2067	1868	0	0
XM_047951850.1	2038	1839	0	0
XM_047951851.1	1831	1632	0	0
XM_047951852.1	1368	1169	0	0
XM_047951853.1	623	424	0	0
XM_047951854.1	1104	905	0	0
XM_047951855.1	747	548	0	0
XM_047951856.1	726	527	0	0
XM_047951857.1	864	665	0	0
XM_047951858.1	1116	917	0	0
XM_047951859.1	3102	2903	0	0
XM_047951860.1	1391	1192	0	0
XM_047951861.1	1294	1095	0	0
XM_047951862.1	867	668	0	0
XM_047951863.1	1791	1592	0	0
XM_047951864.1	240	42.049	0	0
XM_047951865.1	3126	2927	0	0
XM_047951866.1	573	374	0	0
XM_047951867.1	1421	1222	0	0
XM_047951868.1	516	317	0	0
XM_047951869.1	1299	1100	0	0
XM_047951870.1	1518	1319	0	0
XM_047951871.1	357	158	0	0
XM_047951872.1	2602	2403	0	0
XM_047951873.1	1053	854	0	0
XM_047951874.1	2473	2274	0	0
XM_047951875.1	3174	2975	0	0
XM_047951876.1	2313	2114	0	0
XM_047951877.1	2016	1817	0	0
XM_047951878.1	468	269	0	0
XM_047951879.1	174	9.99669	0	0
XM_047951880.1	629	430	0	0
XM_047951881.1	579	380	0	0
XM_047951882.1	1801	1602	0	0
XM_047951883.1	585	386	0	0
XM_047951884.1	1320	1121	0	0
XM_047951885.1	1791	1592	0	0
XM_047951886.1	4407	4208	0	0
XM_047951887.1	1774	1575	0	0
XM_047951888.1	1845	1646	0	0
XM_047951889.1	2498	2299	0	0
XM_047951890.1	1170	971	0	0
XM_047951891.1	459	260	0	0
XM_047951892.1	624	425	0	0
XM_047951893.1	336	137	0	0
XM_047951894.1	1431	1232	0	0
XM_047951895.1	975	776	0	0
XM_047951896.1	420	221	0	0
XM_047951897.1	993	794	0	0
XM_047951898.1	655	456	0	0
XM_047951899.1	219	25.9389	0	0
XM_047951900.1	465	266	0	0
XM_047951901.1	318	119	0	0
XM_047951902.1	384	185	0	0
XM_047951903.1	3020	2821	0	0
XM_047951904.1	941	742	0	0
XM_047951905.1	1526	1327	0	0
XM_047951906.1	685	486	0	0
XM_047951907.1	465	266	0	0
XM_047951908.1	1831	1632	0	0
XM_047951909.1	882	683	0	0
XM_047951910.1	1076	877	0	0
XM_047951911.1	606	407	0	0
XM_047951912.1	432	233	0	0
XM_047951913.1	762	563	0	0
XM_047951914.1	459	260	0	0
XM_047951915.1	1077	878	0	0
XM_047951916.1	534	335	0	0
XM_047951917.1	1514	1315	0	0
XM_047951918.1	1143	944	0	0
XM_047951919.1	2755	2556	0	0
XM_047951920.1	1978	1779	0	0
XM_047951921.1	2102	1903	0	0
XM_047951922.1	1614	1415	0	0
XM_047951923.1	1237	1038	0	0
XM_047951924.1	1465	1266	0	0
XM_047951925.1	1350	1151	0	0
XM_047951926.1	1571	1372	0	0
XM_047951927.1	710	511	0	0
XM_047951928.1	1152	953	0	0
XM_047951929.1	967	768	0	0
XM_047951930.1	1978	1779	0	0
XM_047951931.1	1179	980	0	0
XM_047951932.1	4153	3954	0	0
XM_047951933.1	831	632	0	0
XM_047951934.1	1200	1001	0	0
XM_047951935.1	1470	1271	0	0
XM_047951936.1	2831	2632	0	0
XM_047951937.1	2908	2709	0	0
XM_047951938.1	426	227	0	0
XM_047951939.1	3510	3311	0	0
XM_047951940.1	3802	3603	0	0
XM_047951941.1	3971	3772	0	0
XM_047951942.1	1029	830	0	0
XM_047951943.1	1029	830	0	0
XM_047951944.1	2445	2246	0	0
XM_047951945.1	3360	3161	0	0
XM_047951946.1	2067	1868	0	0
XM_047951947.1	1518	1319	0	0
XM_047951948.1	372	173	0	0
XM_047951949.1	4356	4157	0	0
XM_047951950.1	2323	2124	0	0
XM_047951951.1	1608	1409	0	0
XM_047951952.1	438	239	0	0
XM_047951953.1	990	791	0	0
XM_047951954.1	2648	2449	0	0
XM_047951955.1	382	183	0	0
XM_047951956.1	934	735	0	0
XM_047951957.1	234	36.8813	0	0
XM_047951958.1	2613	2414	0	0
XM_047951959.1	1137	938	0	0
XM_047951960.1	1052	853	0	0
XM_047951961.1	2832	2633	0	0
XM_047951962.1	1427	1228	0	0
XM_047951963.1	1422	1223	0	0
XM_047951964.1	483	284	0	0
XM_047951965.1	7284	7085	0	0
XM_047951966.1	408	209	0	0
XM_047951967.1	3173	2974	0	0
XM_047951968.1	2894	2695	0	0
XM_047951969.1	2991	2792	0	0
XM_047951970.1	7996	7797	0	0
XM_047951971.1	750	551	0	0
XM_047951972.1	669	470	0	0
XM_047951973.1	741	542	0	0
XM_047951974.1	741	542	0	0
XM_047951975.1	1279	1080	0	0
XM_047951976.1	1137	938	0	0
XM_047951977.1	1512	1313	0	0
XM_047951978.1	723	524	0	0
XM_047951979.1	312	113	0	0
XM_047951980.1	6225	6026	0	0
XM_047951981.1	2630	2431	0	0
XM_047951982.1	2407	2208	0	0
XM_047951983.1	4826	4627	0	0
XM_047951984.1	1113	914	0	0
XM_047951985.1	1876	1677	0	0
XM_047951986.1	2993	2794	0	0
XM_047951987.1	1186	987	0	0
XM_047951988.1	300	101	0	0
XM_047951989.1	2952	2753	0	0
XM_047951990.1	2493	2294	0	0
XM_047951991.1	4800	4601	0	0
XM_047951992.1	492	293	0	0
XM_047951993.1	3135	2936	0	0
XM_047951994.1	396	197	0	0
XM_047951995.1	438	239	0	0
XM_047951996.1	312	113	0	0
XM_047951997.1	771	572	0	0
XM_047951998.1	1550	1351	0	0
XM_047951999.1	567	368	0	0
XM_047952000.1	1146	947	0	0
XM_047952001.1	411	212	0	0
XM_047952002.1	570	371	0	0
XM_047952003.1	1862	1663	0	0
XM_047952004.1	1653	1454	0	0
XM_047952005.1	459	260	0	0
XM_047952006.1	1243	1044	0	0
XM_047952007.1	1334	1135	0	0
XM_047952008.1	1003	804	0	0
XM_047952009.1	366	167	0	0
XM_047952010.1	504	305	0	0
XM_047952011.1	537	338	0	0
XM_047952012.1	1425	1226	0	0
XM_047952013.1	2006	1807	0	0
XM_047952014.1	1659	1460	0	0
XM_047952015.1	600	401	0	0
XM_047952016.1	2436	2237	0	0
XM_047952017.1	3131	2932	0	0
XM_047952018.1	1680	1481	0	0
XM_047952019.1	3915	3716	0	0
XM_047952020.1	1794	1595	0	0
XM_047952021.1	1992	1793	0	0
XM_047952022.1	1281	1082	0	0
XM_047952023.1	1290	1091	0	0
XM_047952024.1	1341	1142	6	19832.1
XM_047952025.1	2949	2750	0	0
XM_047952026.1	858	659	0	0
XM_047952027.1	3889	3690	0	0
XM_047952028.1	240	42.049	0	0
XM_047952029.1	303	104	0	0
XM_047952030.1	1731	1532	0	0
XM_047952031.1	826	627	0	0
XM_047952032.1	486	287	1	13152.3
XM_047952033.1	2334	2135	0	0
XM_047952034.1	3500	3301	0	0
XM_047952035.1	922	723	0	0
XM_047952036.1	1276	1077	0	0
XM_047952037.1	1812	1613	0	0
XM_047952038.1	5694	5495	0	0
XM_047952039.1	5801	5602	0	0
XM_047952040.1	1813	1614	0	0
XM_047952041.1	2829	2630	0	0
XM_047952042.1	366	167	0	0
XM_047952043.1	958	759	0	0
XM_047952044.1	1344	1145	0	0
XM_047952045.1	480	281	0	0
XM_047952046.1	1960	1761	0	0
XM_047952047.1	2578	2379	0	0
XM_047952048.1	2512	2313	0	0
XM_047952049.1	4786	4587	0	0
XM_047952050.1	870	671	0	0
XM_047952051.1	366	167	0	0
XM_047952052.1	1485	1286	0	0
XM_047952053.1	591	392	0	0
XM_047952054.1	879	680	0	0
XM_047952055.1	2683	2484	0	0
XM_047952056.1	786	587	0	0
XM_047952057.1	6373	6174	0	0
XM_047952058.1	1401	1202	0	0
XM_047952059.1	1319	1120	0	0
XM_047952060.1	1491	1292	0	0
XM_047952061.1	1311	1112	0	0
XM_047952062.1	447	248	0	0
XM_047952063.1	2185	1986	0	0
XM_047952064.1	2151	1952	0	0
XM_047952065.1	1981	1782	0	0
XM_047952066.1	2061	1862	0	0
XM_047952067.1	348	149	0	0
XM_047952068.1	495	296	0	0
XM_047952069.1	354	155	0	0
XM_047952070.1	684	485	0	0
XM_047952071.1	4263	4064	0	0
XM_047952072.1	14388	14189	0	0
XM_047952073.1	2607	2408	0	0
XM_047952074.1	1284	1085	0	0
XM_047952075.1	3035	2836	0	0
XM_047952076.1	1322	1123	0	0
XM_047952077.1	915	716	0	0
XM_047952078.1	1624	1425	0	0
XM_047952079.1	1688	1489	0	0
XM_047952080.1	1782	1583	0	0
XM_047952081.1	1715	1516	0	0
XM_047952082.1	1733	1534	0	0
XM_047952083.1	579	380	0	0
XM_047952084.1	702	503	0	0
XM_047952085.1	1745	1546	0	0
XM_047952086.1	1875	1676	0	0
XM_047952087.1	432	233	0	0
XM_047952088.1	1434	1235	0	0
XM_047952089.1	1278	1079	0	0
XM_047952090.1	357	158	0	0
XM_047952091.1	1287	1088	0	0
XM_047952092.1	249	50.3754	0	0
XM_047952093.1	249	50.3754	0	0
XM_047952094.1	1396	1197	0	0
XM_047952095.1	303	104	0	0
XM_047952096.1	2586	2387	0	0
XM_047952097.1	929	730	0	0
XM_047952098.1	624	425	0	0
XM_047952099.1	2247	2048	0	0
XM_047952100.1	2387	2188	0	0
XM_047952101.1	297	98.0001	0	0
XM_047952102.1	2322	2123	0	0
XM_047952103.1	2571	2372	0	0
XM_047952104.1	1371	1172	0	0
XM_047952105.1	2340	2141	0	0
XM_047952106.1	2541	2342	0	0
XM_047952107.1	2168	1969	0	0
XM_047952108.1	2111	1912	0	0
XM_047952109.1	2745	2546	0	0
XM_047952110.1	1161	962	0	0
XM_047952111.1	1945	1746	0	0
XM_047952112.1	963	764	0	0
XM_047952113.1	1981	1782	0	0
XM_047952114.1	312	113	0	0
XM_047952115.1	441	242	0	0
XM_047952116.1	1023	824	0	0
XM_047952117.1	1683	1484	0	0
XM_047952118.1	2851	2652	0	0
XM_047952119.1	546	347	0	0
XM_047952120.1	2410	2211	0	0
XM_047952121.1	2136	1937	0	0
XM_047952122.1	921	722	0	0
XM_047952123.1	411	212	0	0
XM_047952124.1	1782	1583	0	0
XM_047952125.1	3891	3692	0	0
XM_047952126.1	1134	935	0	0
XM_047952127.1	798	599	0	0
XM_047952128.1	246	47.5399	0	0
XM_047952129.1	1548	1349	0	0
XM_047952130.1	2001	1802	0	0
XM_047952131.1	1845	1646	0	0
XM_047952132.1	654	455	0	0
XM_047952133.1	408	209	0	0
XM_047952134.1	693	494	0	0
XM_047952135.1	1773	1574	0	0
XM_047952136.1	1428	1229	0	0
XM_047952137.1	1733	1534	0	0
XM_047952138.1	1781	1582	0	0
XM_047952139.1	531	332	0	0
XM_047952140.1	969	770	0	0
XM_047952141.1	384	185	0	0
XM_047952142.1	984	785	0	0
XM_047952143.1	540	341	0	0
XM_047952144.1	1295	1096	0	0
XM_047952145.1	1084	885	0	0
XM_047952146.1	1229	1030	0	0
XM_047952147.1	1833	1634	0	0
XM_047952148.1	846	647	0	0
XM_047952149.1	363	164	0	0
XM_047952150.1	5223	5024	0	0
XM_047952151.1	687	488	0	0
XM_047952152.1	333	134	0	0
XM_047952153.1	1634	1435	0	0
XM_047952154.1	1018	819	0	0
XM_047952155.1	654	455	0	0
XM_047952156.1	1446	1247	0	0
XM_047952157.1	1296	1097	0	0
XM_047952158.1	510	311	0	0
XM_047952159.1	354	155	0	0
XM_047952160.1	234	36.8813	0	0
XM_047952161.1	344	145	0	0
XM_047952162.1	1003	804	0	0
XM_047952163.1	980	781	0	0
XM_047952164.1	451	252	0	0
XM_047952165.1	1302	1103	0	0
XM_047952166.1	1421	1222	0	0
XM_047952167.1	255	56.1701	0	0
XM_047952168.1	2141	1942	0	0
XM_047952169.1	1632	1433	0	0
XM_047952170.1	420	221	0	0
XM_047952171.1	1116	917	0	0
XM_047952172.1	1698	1499	0	0
XM_047952173.1	768	569	0	0
XM_047952174.1	2863	2664	0	0
XM_047952175.1	714	515	0	0
XM_047952176.1	2553	2354	0	0
XM_047952177.1	2959	2760	0	0
XM_047952178.1	450	251	0	0
XM_047952179.1	480	281	0	0
XM_047952180.1	554	355	0	0
XM_047952181.1	1504	1305	0	0
XM_047952182.1	1642	1443	0	0
XM_047952183.1	1047	848	0	0
XM_047952184.1	856	657	0	0
XM_047952185.1	1441	1242	0	0
XM_047952186.1	714	515	0	0
XM_047952187.1	405	206	0	0
XM_047952188.1	426	227	0	0
XM_047952189.1	1293	1094	0	0
XM_047952190.1	912	713	0	0
XM_047952191.1	249	50.3754	0	0
XM_047952192.1	1623	1424	0	0
XM_047952193.1	381	182	0	0
XM_047952194.1	435	236	0	0
XM_047952195.1	408	209	0	0
XM_047952196.1	429	230	0	0
XM_047952197.1	339	140	0	0
XM_047952198.1	486	287	0	0
XM_047952199.1	372	173	0	0
XM_047952200.1	903	704	0	0
XM_047952201.1	783	584	0	0
XM_047952202.1	775	576	0	0
XM_047952203.1	459	260	0	0
XM_047952204.1	252	53.2554	0	0
XM_047952205.1	2583	2384	0	0
XM_047952206.1	891	692	0	0
XM_047952207.1	276	77.0053	0	0
XM_047952208.1	486	287	0	0
XM_047952209.1	1743	1544	0	0
XM_047952210.1	516	317	0	0
XM_047952211.1	654	455	0	0
XM_047952212.1	312	113	0	0
XM_047952213.1	264	65.044	0	0
XM_047952214.1	288	89.0004	0	0
XM_047952215.1	273	74.0093	0	0
XM_047952216.1	807	608	0	0
XM_047952217.1	417	218	0	0
XM_047952218.1	642	443	0	0
XM_047952219.1	582	383	0	0
XM_047952220.1	1377	1178	0	0
XM_047952221.1	798	599	0	0
XM_047952222.1	892	693	0	0
XM_047952223.1	684	485	0	0
XM_047952224.1	360	161	0	0
XM_047952225.1	1159	960	0	0
XM_047952226.1	1690	1491	0	0
XM_047952227.1	1588	1389	0	0
XM_047952228.1	2103	1904	0	0
XM_047952229.1	732	533	0	0
XM_047952230.1	2027	1828	0	0
XM_047952231.1	1956	1757	0	0
XM_047952232.1	1130	931	0	0
XM_047952233.1	2442	2243	0	0
XM_047952234.1	555	356	0	0
XM_047952235.1	1404	1205	0	0
XM_047952236.1	1644	1445	0	0
XM_047952237.1	357	158	0	0
XM_047952238.1	177	10.528	0	0
XM_047952239.1	436	237	0	0
XM_047952240.1	2413	2214	2.10426	3587.61
XM_047952241.1	3604	3405	0	0
XM_047952242.1	3390	3191	0	0
XM_047952243.1	2382	2183	0	0
XM_047952244.1	519	320	0	0
XM_047952245.1	210	20.9285	0	0
XM_047952246.1	504	305	0	0
XM_047952247.1	507	308	0	0
XM_047952248.1	594	395	0	0
XM_047952249.1	234	36.8813	0	0
XM_047952250.1	582	383	0	0
XM_047952251.1	537	338	0	0
XM_047952252.1	2850	2651	0	0
XM_047952253.1	273	74.0093	0	0
XM_047952254.1	2098	1899	0	0
XM_047952255.1	2090	1891	0	0
XM_047952256.1	1847	1648	0	0
XM_047952257.1	1779	1580	0	0
XM_047952258.1	3230	3031	0	0
XM_047952259.1	2172	1973	0	0
XM_047952260.1	756	557	0	0
XM_047952261.1	1352	1153	0	0
XM_047952262.1	1450	1251	0	0
XM_047952263.1	1538	1339	0	0
XM_047952264.1	582	383	0	0
XM_047952265.1	387	188	0	0
XM_047952266.1	597	398	0	0
XM_047952267.1	1464	1265	0	0
XM_047952268.1	2065	1866	0	0
XM_047952269.1	903	704	0	0
XM_047952270.1	1380	1181	0	0
XM_047952271.1	6672	6473	0	0
XM_047952272.1	2870	2671	0	0
XM_047952273.1	2421	2222	0	0
XM_047952274.1	2039	1840	0	0
XM_047952275.1	744	545	0	0
XM_047952276.1	1050	851	0	0
XM_047952277.1	2093	1894	0	0
XM_047952278.1	189	13.1915	0	0
XM_047952279.1	426	227	0	0
XM_047952280.1	2590	2391	0	0
XM_047952281.1	369	170	0	0
XM_047952282.1	785	586	0	0
XM_047952283.1	261	62.0706	0	0
XM_047952284.1	2631	2432	0	0
XM_047952285.1	1671	1472	1	2564.34
XM_047952286.1	2448	2249	0	0
XM_047952287.1	2117	1918	0	0
XM_047952288.1	1813	1614	0	0
XM_047952289.1	3897	3698	0	0
XM_047952290.1	3872	3673	0	0
XM_047952291.1	2805	2606	0	0
XM_047952292.1	534	335	0	0
XM_047952293.1	1598	1399	0	0
XM_047952294.1	1794	1595	0	0
XM_047952295.1	1842	1643	0	0
XM_047952296.1	539	340	0	0
XM_047952297.1	348	149	0	0
XM_047952298.1	501	302	0	0
XM_047952299.1	336	137	0	0
XM_047952300.1	1941	1742	0	0
XM_047952301.1	699	500	0	0
XM_047952302.1	904	705	0	0
XM_047952303.1	1464	1265	0	0
XM_047952304.1	1627	1428	0	0
XM_047952305.1	363	164	0	0
XM_047952306.1	1971	1772	0	0
XM_047952307.1	2280	2081	0	0
XM_047952308.1	618	419	0	0
XM_047952309.1	597	398	0	0
XM_047952310.1	2333	2134	0	0
XM_047952311.1	2373	2174	0	0
XM_047952312.1	506	307	0	0
XM_047952313.1	1957	1758	0	0
XM_047952314.1	1299	1100	0	0
XM_047952315.1	1423	1224	0	0
XM_047952316.1	480	281	0	0
XM_047952317.1	1719	1520	0	0
XM_047952318.1	1932	1733	0	0
XM_047952319.1	870	671	0	0
XM_047952320.1	1535	1336	0	0
XM_047952321.1	1012	813	0	0
XM_047952322.1	438	239	0	0
XM_047952323.1	3085	2886	0	0
XM_047952324.1	201	17.0167	0	0
XM_047952325.1	954	755	0	0
XM_047952326.1	1483	1284	0	0
XM_047952327.1	1524	1325	0	0
XM_047952328.1	1926	1727	0	0
XM_047952329.1	1453	1254	0	0
XM_047952330.1	384	185	0	0
XM_047952331.1	399	200	0	0
XM_047952332.1	978	779	0	0
XM_047952333.1	696	497	0	0
XM_047952334.1	1429	1230	0	0
XM_047952335.1	2279	2080	0	0
XM_047952336.1	2893	2694	0	0
XM_047952337.1	1612	1413	0	0
XM_047952338.1	2810	2611	0	0
XM_047952339.1	1415	1216	0	0
XM_047952340.1	635	436	0	0
XM_047952341.1	911	712	0	0
XM_047952342.1	321	122	0	0
XM_047952343.1	710	511	0	0
XM_047952344.1	483	284	0	0
XM_047952345.1	1339	1140	0	0
XM_047952346.1	1332	1133	0	0
XM_047952347.1	1884	1685	0	0
XM_047952348.1	1893	1694	0	0
XM_047952349.1	252	53.2554	0	0
XM_047952350.1	306	107	0	0
XM_047952351.1	396	197	0	0
XM_047952352.1	672	473	0	0
XM_047952353.1	627	428	0	0
XM_047952354.1	384	185	0	0
XM_047952355.1	246	47.5399	0	0
XM_047952356.1	1904	1705	0	0
XM_047952357.1	213	22.4695	0	0
XM_047952358.1	1065	866	0	0
XM_047952359.1	558	359	0	0
XM_047952360.1	2286	2087	0	0
XM_047952361.1	1647	1448	0	0
XM_047952362.1	927	728	0	0
XM_047952363.1	327	128	0	0
XM_047952364.1	471	272	0	0
XM_047952365.1	2337	2138	0	0
XM_047952366.1	234	36.8813	0	0
XM_047952367.1	486	287	0	0
XM_047952368.1	3909	3710	0	0
XM_047952369.1	1335	1136	0	0
XM_047952370.1	1313	1114	0	0
XM_047952371.1	219	25.9389	0	0
XM_047952372.1	446	247	0	0
XM_047952373.1	333	134	0	0
XM_047952374.1	2317	2118	0	0
XM_047952375.1	2470	2271	0	0
XM_047952376.1	531	332	0	0
XM_047952377.1	702	503	0	0
XM_047952378.1	2306	2107	0	0
XM_047952379.1	2416	2217	0	0
XM_047952380.1	414	215	0	0
XM_047952381.1	705	506	0	0
XM_047952382.1	330	131	0	0
XM_047952383.1	1359	1160	0	0
XM_047952384.1	778	579	0	0
XM_047952385.1	369	170	0	0
XM_047952386.1	954	755	0	0
XM_047952387.1	960	761	0	0
XM_047952388.1	726	527	0	0
XM_047952389.1	1017	818	0	0
XM_047952390.1	1959	1760	0	0
XM_047952391.1	981	782	0	0
XM_047952392.1	1325	1126	0	0
XM_047952393.1	981	782	0	0
XM_047952394.1	1713	1514	0	0
XM_047952395.1	1231	1032	0	0
XM_047952396.1	1528	1329	0	0
XM_047952397.1	705	506	0	0
XM_047952398.1	657	458	0	0
XM_047952399.1	162	8.26769	0	0
XM_047952400.1	608	409	0	0
XM_047952401.1	1529	1330	0	0
XM_047952402.1	4191	3992	0	0
XM_047952403.1	468	269	0	0
XM_047952404.1	189	13.1915	0	0
XM_047952405.1	530	331	0	0
XM_047952406.1	1848	1649	0	0
XM_047952407.1	1002	803	0	0
XM_047952408.1	609	410	0	0
XM_047952409.1	873	674	0	0
XM_047952410.1	339	140	0	0
XM_047952411.1	1698	1499	0	0
XM_047952412.1	357	158	0	0
XM_047952413.1	3280	3081	0	0
XM_047952414.1	1651	1452	0	0
XM_047952415.1	555	356	0	0
XM_047952416.1	582	383	0	0
XM_047952417.1	1236	1037	0	0
XM_047952418.1	816	617	0	0
XM_047952419.1	357	158	0	0
XM_047952420.1	3263	3064	0	0
XM_047952421.1	1666	1467	0	0
XM_047952422.1	1200	1001	0	0
XM_047952423.1	1236	1037	0	0
XM_047952424.1	537	338	0	0
XM_047952425.1	2442	2243	0	0
XM_047952426.1	369	170	0	0
XM_047952427.1	957	758	0	0
XM_047952428.1	915	716	0	0
XM_047952429.1	690	491	0	0
XM_047952430.1	2028	1829	0	0
XM_047952431.1	2267	2068	0	0
XM_047952432.1	543	344	0	0
XM_047952433.1	501	302	0	0
XM_047952434.1	3550	3351	0	0
XM_047952435.1	453	254	0	0
XM_047952436.1	1293	1094	0	0
XM_047952437.1	1537	1338	0	0
XM_047952438.1	6084	5885	0	0
XM_047952439.1	2132	1933	0	0
XM_047952440.1	8317	8118	0	0
XM_047952441.1	588	389	0	0
XM_047952442.1	294	95.0001	0	0
XM_047952443.1	2901	2702	0	0
XM_047952444.1	2199	2000	0	0
XM_047952445.1	807	608	0	0
XM_047952446.1	441	242	0	0
XM_047952447.1	900	701	0	0
XM_047952448.1	2361	2162	0	0
XM_047952449.1	381	182	0	0
XM_047952450.1	1530	1331	0	0
XM_047952451.1	627	428	0	0
XM_047952452.1	471	272	0	0
XM_047952453.1	679	480	0	0
XM_047952454.1	1955	1756	0	0
XM_047952455.1	1819	1620	0	0
XM_047952456.1	1947	1748	0	0
XM_047952457.1	3644	3445	0	0
XM_047952458.1	339	140	0	0
XM_047952459.1	4194	3995	0	0
XM_047952460.1	1745	1546	0	0
XM_047952461.1	399	200	0	0
XM_047952462.1	1566	1367	0	0
XM_047952463.1	3021	2822	0	0
XM_047952464.1	3375	3176	0	0
XM_047952465.1	3016	2817	0	0
XM_047952466.1	1874	1675	0	0
XM_047952467.1	1623	1424	0	0
XM_047952468.1	1344	1145	0	0
XM_047952469.1	2053	1854	0	0
XM_047952470.1	1185	986	0	0
XM_047952471.1	1075	876	0	0
XM_047952472.1	1929	1730	0	0
XM_047952473.1	717	518	0	0
XM_047952474.1	816	617	0	0
XM_047952475.1	540	341	0	0
XM_047952476.1	1596	1397	0	0
XM_047952477.1	1737	1538	0	0
XM_047952478.1	1812	1613	0	0
XM_047952479.1	904	705	0	0
XM_047952480.1	1002	803	0	0
XM_047952481.1	1323	1124	0	0
XM_047952482.1	1420	1221	0	0
XM_047952483.1	1058	859	0	0
XM_047952484.1	1473	1274	0	0
XM_047952485.1	1714	1515	0	0
XM_047952486.1	559	360	0	0
XM_047952487.1	2514	2315	0	0
XM_047952488.1	276	77.0053	0	0
XM_047952489.1	1485	1286	0	0
XM_047952490.1	2723	2524	0	0
XM_047952491.1	724	525	0	0
XM_047952492.1	300	101	0	0
XM_047952493.1	474	275	0	0
XM_047952494.1	7891	7692	0	0
XM_047952495.1	1341	1142	0	0
XM_047952496.1	804	605	0	0
XM_047952497.1	330	131	0	0
XM_047952498.1	420	221	0	0
XM_047952499.1	1325	1126	0	0
XM_047952500.1	153	7.28986	0	0
XM_047952501.1	594	395	0	0
XM_047952502.1	1026	827	0	0
XM_047952503.1	2130	1931	0	0
XM_047952504.1	732	533	0	0
XM_047952505.1	1564	1365	0	0
XM_047952506.1	381	182	0	0
XM_047952507.1	1096	897	0	0
XM_047952508.1	1779	1580	0	0
XM_047952509.1	600	401	0	0
XM_047952510.1	2201	2002	0	0
XM_047952511.1	2016	1817	0	0
XM_047952512.1	204	18.2087	0	0
XM_047952513.1	1532	1333	0	0
XM_047952514.1	1176	977	0	0
XM_047952515.1	1612	1413	0	0
XM_047952516.1	2631	2432	0	0
XM_047952517.1	1021	822	0	0
XM_047952518.1	1758	1559	0	0
XM_047952519.1	1996	1797	0	0
XM_047952520.1	622	423	0	0
XM_047952521.1	1608	1409	0	0
XM_047952522.1	498	299	0	0
XM_047952523.1	621	422	0	0
XM_047952524.1	282	83.0016	0	0
XM_047952525.1	387	188	0	0
XM_047952526.1	366	167	0	0
XM_047952527.1	255	56.1701	0	0
XM_047952528.1	441	242	0	0
XM_047952529.1	252	53.2554	0	0
XM_047952530.1	252	53.2554	0	0
XM_047952531.1	795	596	0	0
XM_047952532.1	411	212	0	0
XM_047952533.1	2381	2182	0	0
XM_047952534.1	1032	833	0	0
XM_047952535.1	998	799	0	0
XM_047952536.1	1180	981	0	0
XM_047952537.1	1705	1506	0	0
XM_047952538.1	1422	1223	0	0
XM_047952539.1	1584	1385	0	0
XM_047952540.1	569	370	0	0
XM_047952541.1	3058	2859	0	0
XM_047952542.1	507	308	0	0
XM_047952543.1	1125	926	0	0
XM_047952544.1	1436	1237	0	0
XM_047952545.1	1239	1040	0	0
XM_047952546.1	300	101	0	0
XM_047952547.1	1422	1223	0	0
XM_047952548.1	2972	2773	0	0
XM_047952549.1	1688	1489	0	0
XM_047952550.1	399	200	0	0
XM_047952551.1	1107	908	0	0
XM_047952552.1	1429	1230	0	0
XM_047952553.1	1641	1442	0	0
XM_047952554.1	744	545	0	0
XM_047952555.1	180	11.1077	0	0
XM_047952556.1	546	347	0	0
XM_047952557.1	510	311	0	0
XM_047952558.1	3468	3269	0	0
XM_047952559.1	690	491	0	0
XM_047952560.1	3026	2827	0	0
XM_047952561.1	1289	1090	0	0
XM_047952562.1	411	212	1	17805.2
XM_047952563.1	180	11.1077	0	0
XM_047952564.1	486	287	0	0
XM_047952565.1	504	305	0	0
XM_047952566.1	441	242	0	0
XM_047952567.1	450	251	0	0
XM_047952568.1	792	593	0	0
XM_047952569.1	381	182	0	0
XM_047952570.1	1874	1675	0	0
XM_047952571.1	489	290	0	0
XM_047952572.1	1909	1710	0	0
XM_047952573.1	759	560	0	0
XM_047952574.1	393	194	0	0
XM_047952575.1	1153	954	0	0
XM_047952576.1	1376	1177	0	0
XM_047952577.1	3652	3453	1	1093.17
XM_047952578.1	1529	1330	0	0
XM_047952579.1	909	710	1	5316.5
XM_047952580.1	1676	1477	0	0
XM_047952581.1	920	721	0	0
XM_047952582.1	573	374	0	0
XM_047952583.1	3474	3275	0	0
XM_047952584.1	2589	2390	0	0
XM_047952585.1	1035	836	1	4515.21
XM_047952586.1	569	370	0	0
XM_047952587.1	584	385	0	0
XM_047952588.1	663	464	0	0
XM_047952589.1	447	248	0	0
XM_047952590.1	1255	1056	0	0
XM_047952591.1	1915	1716	0	0
XM_047952592.1	588	389	0	0
XM_047952593.1	1089	890	0	0
XM_047952594.1	704	505	0	0
XM_047952595.1	975	776	0	0
XM_047952596.1	2360	2161	0	0
XM_047952597.1	315	116	0	0
XM_047952598.1	1168	969	0	0
XM_047952599.1	3109	2910	0	0
XM_047952600.1	1088	889	0	0
XM_047952601.1	720	521	0	0
XM_047952602.1	705	506	0	0
XM_047952603.1	946	747	0	0
XM_047952604.1	915	716	0	0
XM_047952605.1	2827	2628	0	0
XM_047952606.1	3962	3763	0	0
XM_047952607.1	1695	1496	0	0
XM_047952608.1	949	750	0	0
XM_047952609.1	327	128	0	0
XM_047952610.1	354	155	0	0
XM_047952611.1	2056	1857	0	0
XM_047952612.1	834	635	0	0
XM_047952613.1	897	698	0	0
XM_047952614.1	1457	1258	0	0
XM_047952615.1	1571	1372	0	0
XM_047952616.1	4566	4367	0	0
XM_047952617.1	2290	2091	0	0
XM_047952618.1	1747	1548	0	0
XM_047952619.1	678	479	0	0
XM_047952620.1	3562	3363	0	0
XM_047952621.1	1578	1379	0	0
XM_047952622.1	6278	6079	0	0
XM_047952623.1	6815	6616	0	0
XM_047952624.1	747	548	0	0
XM_047952625.1	420	221	0	0
XM_047952626.1	1605	1406	0	0
XM_047952627.1	1973	1774	0	0
XM_047952628.1	2141	1942	0	0
XM_047952629.1	822	623	0	0
XM_047952630.1	737	538	0	0
XM_047952631.1	891	692	0	0
XM_047952632.1	2342	2143	0	0
XM_047952633.1	390	191	0	0
XM_047952634.1	678	479	0	0
XM_047952635.1	306	107	0	0
XM_047952636.1	279	80.003	0	0
XM_047952637.1	228	32.1317	0	0
XM_047952638.1	1015	816	0	0
XM_047952639.1	1016	817	0	0
XM_047952640.1	1005	806	0	0
XM_047952641.1	249	50.3754	0	0
XM_047952642.1	1689	1490	0	0
XM_047952643.1	711	512	0	0
XM_047952644.1	2586	2387	0	0
XM_047952645.1	555	356	0	0
XM_047952646.1	687	488	0	0
XM_047952647.1	1215	1016	0	0
XM_047952648.1	477	278	0	0
XM_047952649.1	1047	848	0	0
XM_047952650.1	1480	1281	0	0
XM_047952651.1	2009	1810	0	0
XM_047952652.1	2499	2300	0	0
XM_047952653.1	1291	1092	0	0
XM_047952654.1	4755	4556	0	0
XM_047952655.1	5519	5320	0	0
XM_047952656.1	2668	2469	0	0
XM_047952657.1	861	662	0	0
XM_047952658.1	345	146	0	0
XM_047952659.1	2022	1823	0	0
XM_047952660.1	810	611	0	0
XM_047952661.1	1011	812	0	0
XM_047952662.1	1494	1295	0	0
XM_047952663.1	429	230	0	0
XM_047952664.1	920	721	0	0
XM_047952665.1	1927	1728	0	0
XM_047952666.1	300	101	0	0
XM_047952667.1	1971	1772	0	0
XM_047952668.1	1453	1254	0	0
XM_047952669.1	2322	2123	0	0
XM_047952670.1	276	77.0053	0	0
XM_047952671.1	1416	1217	0	0
XM_047952672.1	318	119	0	0
XM_047952673.1	3454	3255	0	0
XM_047952674.1	4379	4180	0	0
XM_047952675.1	1969	1770	0	0
XM_047952676.1	342	143	0	0
XM_047952677.1	162	8.26769	0	0
XM_047952678.1	159	7.91627	0	0
XM_047952679.1	2418	2219	0	0
XM_047952680.1	2355	2156	0	0
XM_047952681.1	1100	901	0	0
XM_047952682.1	2462	2263	0	0
XM_047952683.1	2235	2036	0	0
XM_047952684.1	4354	4155	0	0
XM_047952685.1	2734	2535	0	0
XM_047952686.1	1666	1467	0	0
XM_047952687.1	267	68.0268	0	0
XM_047952688.1	4097	3898	0	0
XM_047952689.1	4451	4252	0	0
XM_047952690.1	453	254	0	0
XM_047952691.1	1006	807	0	0
XM_047952692.1	405	206	0	0
XM_047952693.1	333	134	0	0
XM_047952694.1	261	62.0706	0	0
XM_047952695.1	357	158	0	0
XM_047952696.1	1798	1599	0	0
XM_047952697.1	1245	1046	0	0
XM_047952698.1	1492	1293	0	0
XM_047952699.1	1437	1238	0	0
XM_047952700.1	1603	1404	0	0
XM_047952701.1	1849	1650	0	0
XM_047952702.1	303	104	0	0
XM_047952703.1	1397	1198	0	0
XM_047952704.1	1229	1030	0	0
XM_047952705.1	207	19.5103	0	0
XM_047952706.1	1481	1282	0	0
XM_047952707.1	2055	1856	0	0
XM_047952708.1	1479	1280	0	0
XM_047952709.1	898	699	0	0
XM_047952710.1	2883	2684	0	0
XM_047952711.1	204	18.2087	0	0
XM_047952712.1	795	596	0	0
XM_047952713.1	842	643	0	0
XM_047952714.1	734	535	0	0
XM_047952715.1	411	212	0	0
XM_047952716.1	735	536	0	0
XM_047952717.1	303	104	0	0
XM_047952718.1	789	590	0	0
XM_047952719.1	2097	1898	0	0
XM_047952720.1	3141	2942	0	0
XM_047952721.1	2229	2030	0	0
XM_047952722.1	3121	2922	0	0
XM_047952723.1	1626	1427	0	0
XM_047952724.1	300	101	0	0
XM_047952725.1	297	98.0001	0	0
XM_047952726.1	408	209	0	0
XM_047952727.1	1134	935	0	0
XM_047952728.1	606	407	0	0
XM_047952729.1	3743	3544	0	0
XM_047952730.1	1424	1225	0	0
XM_047952731.1	1502	1303	0	0
XM_047952732.1	1428	1229	0	0
XM_047952733.1	1518	1319	0	0
XM_047952734.1	1492	1293	0	0
XM_047952735.1	930	731	0	0
XM_047952736.1	1347	1148	0	0
XM_047952737.1	1053	854	0	0
XM_047952738.1	1130	931	0	0
XM_047952739.1	1052	853	0	0
XM_047952740.1	2506	2307	0	0
XM_047952741.1	2529	2330	0	0
XM_047952742.1	345	146	0	0
XM_047952743.1	1356	1157	0	0
XM_047952744.1	696	497	0	0
XM_047952745.1	2195	1996	0	0
XM_047952746.1	2020	1821	0	0
XM_047952747.1	2099	1900	0	0
XM_047952748.1	642	443	0	0
XM_047952749.1	3184	2985	0	0
XM_047952750.1	2961	2762	0	0
XM_047952751.1	1628	1429	0	0
XM_047952752.1	1170	971	0	0
XM_047952753.1	1383	1184	0	0
XM_047952754.1	987	788	0	0
XM_047952755.1	1308	1109	0	0
XM_047952756.1	369	170	0	0
XM_047952757.1	351	152	0	0
XM_047952758.1	858	659	0	0
XM_047952759.1	5365	5166	0	0
XM_047952760.1	384	185	0	0
XM_047952761.1	2169	1970	0	0
XM_047952762.1	351	152	0	0
XM_047952763.1	2007	1808	0	0
XM_047952764.1	1931	1732	0	0
XM_047952765.1	1813	1614	0	0
XM_047952766.1	429	230	0	0
XM_047952767.1	369	170	0	0
XM_047952768.1	723	524	0	0
XM_047952769.1	1050	851	0	0
XM_047952770.1	762	563	0	0
XM_047952771.1	729	530	0	0
XM_047952772.1	1281	1082	0	0
XM_047952773.1	1880	1681	0	0
XM_047952774.1	1753	1554	0	0
XM_047952775.1	198	15.9266	0	0
XM_047952776.1	273	74.0093	0	0
XM_047952777.1	1020	821	0	0
XM_047952778.1	675	476	0	0
XM_047952779.1	870	671	0	0
XM_047952780.1	1059	860	0	0
XM_047952781.1	408	209	0	0
XM_047952782.1	585	386	0	0
XM_047952783.1	1281	1082	0	0
XM_047952784.1	1254	1055	0	0
XM_047952785.1	1116	917	0	0
XM_047952786.1	681	482	0	0
XM_047952787.1	519	320	0	0
XM_047952788.1	390	191	0	0
XM_047952789.1	1182	983	0	0
XM_047952790.1	1077	878	0	0
XM_047952791.1	207	19.5103	0	0
XM_047952792.1	210	20.9285	0	0
XM_047952793.1	2164	1965	0	0
XM_047952794.1	564	365	0	0
XM_047952795.1	660	461	0	0
XM_047952796.1	1044	845	0	0
XM_047952797.1	807	608	0	0
XM_047952798.1	1032	833	0	0
XM_047952799.1	1098	899	0	0
XM_047952800.1	1140	941	0	0
XM_047952801.1	792	593	0	0
XM_047952802.1	654	455	0	0
XM_047952803.1	819	620	0	0
XM_047952804.1	681	482	0	0
XM_047952805.1	2630	2431	0	0
XM_047952806.1	2716	2517	0	0
XM_047952807.1	987	788	0	0
XM_047952808.1	777	578	0	0
XM_047952809.1	872	673	0	0
XM_047952810.1	336	137	0	0
XM_047952811.1	1503	1304	0	0
XM_047952812.1	1709	1510	0	0
XM_047952813.1	1685	1486	0	0
XM_047952814.1	354	155	0	0
XM_047952815.1	852	653	0	0
XM_047952816.1	813	614	0	0
XM_047952817.1	731	532	0	0
XM_047952818.1	1227	1028	0	0
XM_047952819.1	1557	1358	0	0
XM_047952820.1	573	374	0	0
XM_047952821.1	615	416	0	0
XM_047952822.1	1116	917	0	0
XM_047952823.1	516	317	0	0
XM_047952824.1	1038	839	0	0
XM_047952825.1	981	782	0	0
XM_047952826.1	556	357	0	0
XM_047952827.1	543	344	0	0
XM_047952828.1	4176	3977	0	0
XM_047952829.1	4094	3895	0	0
XM_047952830.1	7060	6861	0	0
XM_047952831.1	2086	1887	0	0
XM_047952832.1	756	557	0	0
XM_047952833.1	1017	818	0	0
XM_047952834.1	351	152	0	0
XM_047952835.1	267	68.0268	0	0
XM_047952836.1	531	332	0	0
XM_047952837.1	1506	1307	0	0
XM_047952838.1	735	536	0	0
XM_047952839.1	637	438	0	0
XM_047952840.1	669	470	0	0
XM_047952841.1	1674	1475	0	0
XM_047952842.1	492	293	0	0
XM_047952843.1	1821	1622	0	0
XM_047952844.1	714	515	0	0
XM_047952845.1	2840	2641	0	0
XM_047952846.1	342	143	0	0
XM_047952847.1	1847	1648	0	0
XM_047952848.1	324	125	0	0
XM_047952849.1	840	641	0	0
XM_047952850.1	2166	1967	0	0
XM_047952851.1	240	42.049	0	0
XM_047952852.1	2754	2555	0	0
XM_047952853.1	2272	2073	0	0
XM_047952854.1	1962	1763	0	0
XM_047952855.1	606	407	0	0
XM_047952856.1	2604	2405	0	0
XM_047952857.1	2265	2066	0	0
XM_047952858.1	2791	2592	0	0
XM_047952859.1	1061	862	0	0
XM_047952860.1	1654	1455	0	0
XM_047952861.1	898	699	0	0
XM_047952862.1	684	485	0	0
XM_047952863.1	966	767	0	0
XM_047952864.1	2220	2021	0	0
XM_047952865.1	3236	3037	0	0
XM_047952866.1	1299	1100	0	0
XM_047952867.1	354	155	0	0
XM_047952868.1	441	242	0	0
XM_047952869.1	1127	928	0	0
XM_047952870.1	1536	1337	0	0
XM_047952871.1	573	374	0	0
XM_047952872.1	2620	2421	0	0
XM_047952873.1	303	104	0	0
XM_047952874.1	453	254	0	0
XM_047952875.1	1600	1401	0	0
XM_047952876.1	405	206	0	0
XM_047952877.1	3810	3611	0	0
XM_047952878.1	321	122	0	0
XM_047952879.1	1990	1791	0	0
XM_047952880.1	1958	1759	0	0
XM_047952881.1	1103	904	0	0
XM_047952882.1	1193	994	0	0
XM_047952883.1	1458	1259	0	0
XM_047952884.1	486	287	0	0
XM_047952885.1	1690	1491	0	0
XM_047952886.1	2270	2071	0	0
XM_047952887.1	1275	1076	0	0
XM_047952888.1	1628	1429	0	0
XM_047952889.1	429	230	0	0
XM_047952890.1	2380	2181	0	0
XM_047952891.1	2451	2252	0	0
XM_047952892.1	2418	2219	0	0
XM_047952893.1	1172	973	0	0
XM_047952894.1	639	440	0	0
XM_047952895.1	5094	4895	0	0
XM_047952896.1	1709	1510	0	0
XM_047952897.1	1734	1535	0	0
XM_047952898.1	1660	1461	0	0
XM_047952899.1	525	326	0	0
XM_047952900.1	579	380	0	0
XM_047952901.1	1262	1063	0	0
XM_047952902.1	1471	1272	0	0
XM_047952903.1	2780	2581	0	0
XM_047952904.1	1723	1524	0	0
XM_047952905.1	441	242	0	0
XM_047952906.1	2003	1804	0	0
XM_047952907.1	1637	1438	0	0
XM_047952908.1	3084	2885	0	0
XM_047952909.1	1407	1208	0	0
XM_047952910.1	372	173	0	0
XM_047952911.1	1719	1520	0	0
XM_047952912.1	5415	5216	0	0
XM_047952913.1	2455	2256	0	0
XM_047952914.1	597	398	0	0
XM_047952915.1	219	25.9389	0	0
XM_047952916.1	282	83.0016	0	0
XM_047952917.1	1320	1121	0	0
XM_047952918.1	878	679	0	0
XM_047952919.1	1266	1067	0	0
XM_047952920.1	366	167	0	0
XM_047952921.1	303	104	0	0
XM_047952922.1	201	17.0167	0	0
XM_047952923.1	363	164	0	0
XM_047952924.1	642	443	0	0
XM_047952925.1	243	44.7603	0	0
XM_047952926.1	2364	2165	0	0
XM_047952927.1	1293	1094	0	0
XM_047952928.1	1416	1217	0	0
XM_047952929.1	2427	2228	0	0
XM_047952930.1	809	610	0	0
XM_047952931.1	198	15.9266	0	0
XM_047952932.1	510	311	0	0
XM_047952933.1	594	395	0	0
XM_047952934.1	903	704	0	0
XM_047952935.1	3092	2893	0	0
XM_047952936.1	1060	861	0	0
XM_047952937.1	1150	951	0	0
XM_047952938.1	3026	2827	0	0
XM_047952939.1	1527	1328	0	0
XM_047952940.1	597	398	0	0
XM_047952941.1	321	122	0	0
XM_047952942.1	1104	905	0	0
XM_047952943.1	2206	2007	0	0
XM_047952944.1	1602	1403	0	0
XM_047952945.1	501	302	0	0
XM_047952946.1	240	42.049	0	0
XM_047952947.1	2460	2261	0	0
XM_047952948.1	2650	2451	0	0
XM_047952949.1	614	415	0	0
XM_047952950.1	2985	2786	0	0
XM_047952951.1	2532	2333	0	0
XM_047952952.1	240	42.049	0	0
XM_047952953.1	426	227	0	0
XM_047952954.1	1653	1454	0	0
XM_047952955.1	999	800	0	0
XM_047952956.1	876	677	0	0
XM_047952957.1	333	134	0	0
XM_047952958.1	336	137	0	0
XM_047952959.1	762	563	0	0
XM_047952960.1	2085	1886	0	0
XM_047952961.1	300	101	0	0
XM_047952962.1	282	83.0016	0	0
XM_047952963.1	1055	856	0	0
XM_047952964.1	753	554	0	0
XM_047952965.1	435	236	0	0
XM_047952966.1	297	98.0001	0	0
XM_047952967.1	834	635	0	0
XM_047952968.1	960	761	0	0
XM_047952969.1	645	446	0	0
XM_047952970.1	570	371	0	0
XM_047952971.1	570	371	0	0
XM_047952972.1	1999	1800	0	0
XM_047952973.1	537	338	0	0
XM_047952974.1	1674	1475	0	0
XM_047952975.1	1957	1758	0	0
XM_047952976.1	279	80.003	0	0
XM_047952977.1	429	230	0	0
XM_047952978.1	568	369	0	0
XM_047952979.1	2211	2012	0	0
XM_047952980.1	1143	944	0	0
XM_047952981.1	489	290	0	0
XM_047952982.1	750	551	0	0
XM_047952983.1	507	308	0	0
XM_047952984.1	2076	1877	0	0
XM_047952985.1	2392	2193	0	0
XM_047952986.1	249	50.3754	0	0
XM_047952987.1	3482	3283	0	0
XM_047952988.1	2007	1808	0	0
XM_047952989.1	921	722	0	0
XM_047952990.1	859	660	0	0
XM_047952991.1	750	551	0	0
XM_047952992.1	4087	3888	0	0
XM_047952993.1	2703	2504	0	0
XM_047952994.1	1272	1073	0	0
XM_047952995.1	1266	1067	0	0
XM_047952996.1	920	721	0	0
XM_047952997.1	1296	1097	0	0
XM_047952998.1	675	476	0	0
XM_047952999.1	7854	7655	0	0
XM_047953000.1	617	418	0	0
XM_047953001.1	1059	860	0	0
XM_047953002.1	1269	1070	0	0
XM_047953003.1	1056	857	0	0
XM_047953004.1	939	740	0	0
XM_047953005.1	5288	5089	0	0
XM_047953006.1	1458	1259	0	0
XM_047953007.1	1799	1600	0	0
XM_047953008.1	2210	2011	0	0
XM_047953009.1	2238	2039	0	0
XM_047953010.1	918	719	0	0
XM_047953011.1	1085	886	0	0
XM_047953012.1	1078	879	0	0
XM_047953013.1	1010	811	0	0
XM_047953014.1	1576	1377	0	0
XM_047953015.1	1172	973	0	0
XM_047953016.1	612	413	0	0
XM_047953017.1	390	191	0	0
XM_047953018.1	921	722	0	0
XM_047953019.1	468	269	0	0
XM_047953020.1	1786	1587	0	0
XM_047953021.1	2646	2447	0	0
XM_047953022.1	2069	1870	0	0
XM_047953023.1	579	380	0	0
XM_047953024.1	1085	886	0	0
XM_047953025.1	531	332	0	0
XM_047953026.1	1099	900	0	0
XM_047953027.1	1302	1103	0	0
XM_047953028.1	1142	943	0	0
XM_047953029.1	675	476	0	0
XM_047953030.1	609	410	0	0
XM_047953031.1	492	293	0	0
XM_047953032.1	330	131	0	0
XM_047953033.1	586	387	0	0
XM_047953034.1	699	500	0	0
XM_047953035.1	969	770	0	0
XM_047953036.1	1035	836	0	0
XM_047953037.1	3027	2828	0	0
XM_047953038.1	1752	1553	0	0
XM_047953039.1	1557	1358	0	0
XM_047953040.1	1702	1503	0	0
XM_047953041.1	1139	940	0	0
XM_047953042.1	3565	3366	0	0
XM_047953043.1	294	95.0001	0	0
XM_047953044.1	291	92.0002	0	0
XM_047953045.1	285	86.0009	0	0
XM_047953046.1	1491	1292	0	0
XM_047953047.1	216	24.1385	0	0
XM_047953048.1	1138	939	0	0
XM_047953049.1	537	338	0	0
XM_047953050.1	1704	1505	0	0
XM_047953051.1	3027	2828	0	0
XM_047953052.1	3037	2838	0	0
XM_047953053.1	489	290	0	0
XM_047953054.1	720	521	0	0
XM_047953055.1	1002	803	0	0
XM_047953056.1	3577	3378	0	0
XM_047953057.1	294	95.0001	0	0
XM_047953058.1	1242	1043	0	0
XM_047953059.1	216	24.1385	0	0
XM_047953060.1	1456	1257	0	0
XM_047953061.1	908	709	0	0
XM_047953062.1	4502	4303	0	0
XM_047953063.1	2714	2515	0	0
XM_047953064.1	1065	866	0	0
XM_047953065.1	198	15.9266	0	0
XM_047953066.1	1179	980	0	0
XM_047953067.1	1711	1512	0	0
XM_047953068.1	1998	1799	0	0
XM_047953069.1	1895	1696	0	0
XM_047953070.1	1674	1475	0	0
XM_047953071.1	2514	2315	0	0
XM_047953072.1	1498	1299	0	0
XM_047953073.1	1576	1377	0	0
XM_047953074.1	1536	1337	0	0
XM_047953075.1	3303	3104	0	0
XM_047953076.1	1278	1079	0	0
XM_047953077.1	1377	1178	0	0
XM_047953078.1	207	19.5103	0	0
XM_047953079.1	3426	3227	0	0
XM_047953080.1	936	737	1	5121.73
XM_047953081.1	753	554	0	0
XM_047953082.1	2033	1834	0	0
XM_047953083.1	1785	1586	0	0
XM_047953084.1	2647	2448	0	0
XM_047953085.1	2331	2132	0	0
XM_047953086.1	1398	1199	0	0
XM_047953087.1	749	550	0	0
XM_047953088.1	516	317	0	0
XM_047953089.1	558	359	0	0
XM_047953090.1	585	386	0	0
XM_047953091.1	708	509	0	0
XM_047953092.1	1582	1383	0	0
XM_047953093.1	1872	1673	0	0
XM_047953094.1	521	322	0	0
XM_047953095.1	750	551	1	6850.66
XM_047953096.1	411	212	0	0
XM_047953097.1	1257	1058	0	0
XM_047953098.1	3338	3139	0	0
XM_047953099.1	2093	1894	0	0
XM_047953100.1	378	179	0	0
XM_047953101.1	1509	1310	0	0
XM_047953102.1	1183	984	0	0
XM_047953103.1	1406	1207	0	0
XM_047953104.1	872	673	0	0
XM_047953105.1	1413	1214	0	0
XM_047953106.1	705	506	0	0
XM_047953107.1	534	335	0	0
XM_047953108.1	1189	990	0	0
XM_047953109.1	1730	1531	0	0
XM_047953110.1	300	101	0	0
XM_047953111.1	1699	1500	0	0
XM_047953112.1	2745	2546	0	0
XM_047953113.1	1071	872	0	0
XM_047953114.1	1898	1699	0	0
XM_047953115.1	1415	1216	0	0
XM_047953116.1	303	104	0	0
XM_047953117.1	1809	1610	0	0
XM_047953118.1	438	239	0	0
XM_047953119.1	474	275	0	0
XM_047953120.1	261	62.0706	0	0
XM_047953121.1	2773	2574	0	0
XM_047953122.1	531	332	0	0
XM_047953123.1	2686	2487	0	0
XM_047953124.1	2443	2244	0	0
XM_047953125.1	1128	929	0	0
XM_047953126.1	705	506	0	0
XM_047953127.1	747	548	0	0
XM_047953128.1	1152	953	0	0
XM_047953129.1	573	374	0	0
XM_047953130.1	540	341	0	0
XM_047953131.1	2031	1832	0	0
XM_047953132.1	1302	1103	0	0
XM_047953133.1	1544	1345	0	0
XM_047953134.1	3333	3134	0	0
XM_047953135.1	1245	1046	0	0
XM_047953136.1	3372	3173	0	0
XM_047953137.1	1494	1295	0	0
XM_047953138.1	1524	1325	0	0
XM_047953139.1	1053	854	0	0
XM_047953140.1	384	185	0	0
XM_047953141.1	1580	1381	0	0
XM_047953142.1	993	794	0	0
XM_047953143.1	1282	1083	0	0
XM_047953144.1	1276	1077	0	0
XM_047953145.1	930	731	0	0
XM_047953146.1	2400	2201	0	0
XM_047953147.1	1554	1355	0	0
XM_047953148.1	1200	1001	0	0
XM_047953149.1	1105	906	0	0
XM_047953150.1	1091	892	0	0
XM_047953151.1	1382	1183	0	0
XM_047953152.1	936	737	0	0
XM_047953153.1	3340	3141	0	0
XM_047953154.1	3826	3627	0	0
XM_047953155.1	2226	2027	0	0
XM_047953156.1	2367	2168	0	0
XM_047953157.1	1045	846	0	0
XM_047953158.1	833	634	0	0
XM_047953159.1	1812	1613	0	0
XM_047953160.1	819	620	0	0
XM_047953161.1	1016	817	0	0
XM_047953162.1	528	329	0	0
XM_047953163.1	375	176	0	0
XM_047953164.1	2344	2145	0	0
XM_047953165.1	438	239	0	0
XM_047953166.1	1804	1605	0	0
XM_047953167.1	216	24.1385	0	0
XM_047953168.1	498	299	0	0
XM_047953169.1	2997	2798	0	0
XM_047953170.1	2043	1844	0	0
XM_047953171.1	558	359	0	0
XM_047953172.1	195	14.9308	0	0
XM_047953173.1	669	470	0	0
XM_047953174.1	306	107	0	0
XM_047953175.1	1263	1064	0	0
XM_047953176.1	564	365	0	0
XM_047953177.1	249	50.3754	0	0
XM_047953178.1	1425	1226	0	0
XM_047953179.1	2675	2476	0	0
XM_047953180.1	1728	1529	0	0
XM_047953181.1	840	641	0	0
XM_047953182.1	1230	1031	0	0
XM_047953183.1	2529	2330	0	0
XM_047953184.1	1576	1377	0	0
XM_047953185.1	3743	3544	0	0
XM_047953186.1	4237	4038	0	0
XM_047953187.1	2748	2549	0	0
XM_047953188.1	195	14.9308	0	0
XM_047953189.1	2578	2379	0	0
XM_047953190.1	2089	1890	0	0
XM_047953191.1	1930	1731	0	0
XM_047953192.1	2354	2155	0	0
XM_047953193.1	3015	2816	0	0
XM_047953194.1	498	299	0	0
XM_047953195.1	939	740	0	0
XM_047953196.1	2806	2607	0	0
XM_047953197.1	1220	1021	0	0
XM_047953198.1	1484	1285	0	0
XM_047953199.1	1518	1319	0	0
XM_047953200.1	1665	1466	0	0
XM_047953201.1	3237	3038	0	0
XM_047953202.1	1728	1529	0	0
XM_047953203.1	2076	1877	0	0
XM_047953204.1	1692	1493	0	0
XM_047953205.1	1761	1562	0	0
XM_047953206.1	1965	1766	0	0
XM_047953207.1	6864	6665	0	0
XM_047953208.1	1956	1757	0	0
XM_047953209.1	1239	1040	0	0
XM_047953210.1	537	338	0	0
XM_047953211.1	174	9.99669	0	0
XM_047953212.1	1910	1711	0	0
XM_047953213.1	1323	1124	0	0
XM_047953214.1	1452	1253	0	0
XM_047953215.1	2216	2017	0	0
XM_047953216.1	1125	926	0	0
XM_047953217.1	156	7.59116	0	0
XM_047953218.1	1088	889	0	0
XM_047953219.1	2199	2000	0	0
XM_047953220.1	2379	2180	0	0
XM_047953221.1	1383	1184	0	0
XM_047953222.1	3739	3540	0	0
XM_047953223.1	720	521	0	0
XM_047953224.1	471	272	0	0
XM_047953225.1	376	177	0	0
XM_047953226.1	414	215	0	0
XM_047953227.1	1119	920	0	0
XM_047953228.1	1314	1115	0	0
XM_047953229.1	405	206	0	0
XM_047953230.1	831	632	0	0
XM_047953231.1	1797	1598	0	0
XM_047953232.1	1374	1175	0	0
XM_047953233.1	1152	953	0	0
XM_047953234.1	1354	1155	0	0
XM_047953235.1	510	311	0	0
XM_047953236.1	541	342	0	0
XM_047953237.1	741	542	0	0
XM_047953238.1	1323	1124	0	0
XM_047953239.1	1500	1301	0	0
XM_047953240.1	2065	1866	0	0
XM_047953241.1	1125	926	0	0
XM_047953242.1	156	7.59116	0	0
XM_047953243.1	1110	911	0	0
XM_047953244.1	2310	2111	0	0
XM_047953245.1	2312	2113	0	0
XM_047953246.1	1623	1424	0	0
XM_047953247.1	432	233	0	0
XM_047953248.1	339	140	0	0
XM_047953249.1	345	146	0	0
XM_047953250.1	3754	3555	0	0
XM_047953251.1	465	266	0	0
XM_047953252.1	1869	1670	0	0
XM_047953253.1	2178	1979	0	0
XM_047953254.1	267	68.0268	0	0
XM_047953255.1	984	785	0	0
XM_047953256.1	306	107	0	0
XM_047953257.1	243	44.7603	0	0
XM_047953258.1	1081	882	1	4279.72
XM_047953259.1	921	722	0	0
XM_047953260.1	297	98.0001	0	0
XM_047953261.1	324	125	0	0
XM_047953262.1	642	443	0	0
XM_047953263.1	1513	1314	1	2872.69
XM_047953264.1	2653	2454	0	0
XM_047953265.1	2611	2412	0	0
XM_047953266.1	3390	3191	0	0
XM_047953267.1	1615	1416	0	0
XM_047953268.1	1546	1347	0	0
XM_047953269.1	3122	2923	0	0
XM_047953270.1	3034	2835	0	0
XM_047953271.1	1893	1694	0	0
XM_047953272.1	711	512	0	0
XM_047953273.1	720	521	0	0
XM_047953274.1	938	739	0	0
XM_047953275.1	7663	7464	0	0
XM_047953276.1	8065	7866	0	0
XM_047953277.1	471	272	0	0
XM_047953278.1	1973	1774	0	0
XM_047953279.1	2103	1904	0	0
XM_047953280.1	1812	1613	0	0
XM_047953281.1	1276	1077	0	0
XM_047953282.1	693	494	0	0
XM_047953283.1	1344	1145	0	0
XM_047953284.1	577	378	0	0
XM_047953285.1	4910	4711	0	0
XM_047953286.1	917	718	0	0
XM_047953287.1	462	263	0	0
XM_047953288.1	744	545	0	0
XM_047953289.1	549	350	0	0
XM_047953290.1	306	107	0	0
XM_047953291.1	1596	1397	0	0
XM_047953292.1	1737	1538	0	0
XM_047953293.1	558	359	0	0
XM_047953294.1	324	125	0	0
XM_047953295.1	1581	1382	0	0
XM_047953296.1	474	275	0	0
XM_047953297.1	2698	2499	0	0
XM_047953298.1	930	731	0	0
XM_047953299.1	912	713	0	0
XM_047953300.1	987	788	0	0
XM_047953301.1	636	437	0	0
XM_047953302.1	933	734	0	0
XM_047953303.1	1985	1786	0	0
XM_047953304.1	471	272	0	0
XM_047953305.1	270	71.016	0	0
XM_047953306.1	996	797	0	0
XM_047953307.1	606	407	0	0
XM_047953308.1	1743	1544	0	0
XM_047953309.1	477	278	0	0
XM_047953310.1	447	248	0	0
XM_047953311.1	726	527	0	0
XM_047953312.1	801	602	0	0
XM_047953313.1	873	674	0	0
XM_047953314.1	891	692	0	0
XM_047953315.1	2603	2404	0	0
XM_047953316.1	2263	2064	0	0
XM_047953317.1	2165	1966	0	0
XM_047953318.1	486	287	0	0
XM_047953319.1	1585	1386	0	0
XM_047953320.1	2207	2008	0	0
XM_047953321.1	1678	1479	0	0
XM_047953322.1	663	464	0	0
XM_047953323.1	486	287	0	0
XM_047953324.1	1305	1106	0	0
XM_047953325.1	2697	2498	0	0
XM_047953326.1	372	173	0	0
XM_047953327.1	2525	2326	0	0
XM_047953328.1	1035	836	0	0
XM_047953329.1	1458	1259	0	0
XM_047953330.1	378	179	0	0
XM_047953331.1	1912	1713	0	0
XM_047953332.1	636	437	0	0
XM_047953333.1	648	449	0	0
XM_047953334.1	480	281	0	0
XM_047953335.1	297	98.0001	0	0
XM_047953336.1	480	281	0	0
XM_047953337.1	483	284	0	0
XM_047953338.1	285	86.0009	0	0
XM_047953339.1	807	608	0	0
XM_047953340.1	2510	2311	0	0
XM_047953341.1	201	17.0167	0	0
XM_047953342.1	2893	2694	0	0
XM_047953343.1	2054	1855	0	0
XM_047953344.1	2964	2765	0	0
XM_047953345.1	1985	1786	0	0
XM_047953346.1	5108	4909	0	0
XM_047953347.1	2769	2570	0	0
XM_047953348.1	648	449	0	0
XM_047953349.1	369	170	0	0
XM_047953350.1	1515	1316	0	0
XM_047953351.1	1725	1526	0	0
XM_047953352.1	666	467	0	0
XM_047953353.1	1110	911	0	0
XM_047953354.1	1907	1708	0	0
XM_047953355.1	1347	1148	0	0
XM_047953356.1	282	83.0016	0	0
XM_047953357.1	3973	3774	0	0
XM_047953358.1	173	9.8295	0	0
XM_047953359.1	1317	1118	0	0
XM_047953360.1	1768	1569	0	0
XM_047953361.1	5887	5688	0	0
XM_047953362.1	519	320	0	0
XM_047953363.1	742	543	0	0
XM_047953364.1	2841	2642	0	0
XM_047953365.1	963	764	0	0
XM_047953366.1	687	488	0	0
XM_047953367.1	414	215	0	0
XM_047953368.1	1596	1397	0	0
XM_047953369.1	1389	1190	0	0
XM_047953370.1	237	39.4185	0	0
XM_047953371.1	555	356	0	0
XM_047953372.1	1576	1377	0	0
XM_047953373.1	774	575	0	0
XM_047953374.1	3312	3113	0	0
XM_047953375.1	1338	1139	0	0
XM_047953376.1	3168	2969	0	0
XM_047953377.1	972	773	0	0
XM_047953378.1	1226	1027	0	0
XM_047953379.1	1984	1785	0	0
XM_047953380.1	2573	2374	0	0
XM_047953381.1	2261	2062	0	0
XM_047953382.1	210	20.9285	0	0
XM_047953383.1	1086	887	0	0
XM_047953384.1	1465	1266	0	0
XM_047953385.1	1989	1790	0	0
XM_047953386.1	4452	4253	0	0
XM_047953387.1	906	707	0	0
XM_047953388.1	1043	844	0	0
XM_047953389.1	369	170	0	0
XM_047953390.1	348	149	0	0
XM_047953391.1	1173	974	0	0
XM_047953392.1	4188	3989	0	0
XM_047953393.1	907	708	0	0
XM_047953394.1	1054	855	0	0
XM_047953395.1	762	563	0	0
XM_047953396.1	1871	1672	0	0
XM_047953397.1	3644	3445	0	0
XM_047953398.1	1059	860	0	0
XM_047953399.1	2386	2187	0	0
XM_047953400.1	1922	1723	0	0
XM_047953401.1	2129	1930	0	0
XM_047953402.1	2235	2036	0	0
XM_047953403.1	4263	4064	0	0
XM_047953404.1	579	380	0	0
XM_047953405.1	2445	2246	0	0
XM_047953406.1	2670	2471	0	0
XM_047953407.1	4206	4007	0	0
XM_047953408.1	660	461	0	0
XM_047953409.1	435	236	0	0
XM_047953410.1	330	131	0	0
XM_047953411.1	2340	2141	0	0
XM_047953412.1	1905	1706	0	0
XM_047953413.1	4077	3878	0	0
XM_047953414.1	4024	3825	0	0
XM_047953415.1	2031	1832	0	0
XM_047953416.1	560	361	0	0
XM_047953417.1	716	517	0	0
XM_047953418.1	294	95.0001	0	0
XM_047953419.1	2786	2587	0	0
XM_047953420.1	2914	2715	0	0
XM_047953421.1	2373	2174	0	0
XM_047953422.1	499	300	0	0
XM_047953423.1	578	379	0	0
XM_047953424.1	384	185	0	0
XM_047953425.1	279	80.003	0	0
XM_047953426.1	933	734	0	0
XM_047953427.1	651	452	0	0
XM_047953428.1	162	8.26769	0	0
XM_047953429.1	2790	2591	0	0
XM_047953430.1	2539	2340	0	0
XM_047953431.1	270	71.016	0	0
XM_047953432.1	1381	1182	0	0
XM_047953433.1	303	104	0	0
XM_047953434.1	4763	4564	0	0
XM_047953435.1	4967	4768	0	0
XM_047953436.1	1121	922	0	0
XM_047953437.1	947	748	0	0
XM_047953438.1	249	50.3754	0	0
XM_047953439.1	1101	902	0	0
XM_047953440.1	1423	1224	0	0
XM_047953441.1	1928	1729	0	0
XM_047953442.1	2006	1807	0	0
XM_047953443.1	774	575	0	0
XM_047953444.1	1157	958	0	0
XM_047953445.1	393	194	0	0
XM_047953446.1	1023	824	0	0
XM_047953447.1	817	618	0	0
XM_047953448.1	1381	1182	1	3193.5
XM_047953449.1	7308	7109	0	0
XM_047953450.1	3922	3723	0	0
XM_047953451.1	3206	3007	0	0
XM_047953452.1	615	416	0	0
XM_047953453.1	1087	888	0	0
XM_047953454.1	2283	2084	0	0
XM_047953455.1	931	732	0	0
XM_047953456.1	2527	2328	0	0
XM_047953457.1	2777	2578	0	0
XM_047953458.1	372	173	0	0
XM_047953459.1	1012	813	0	0
XM_047953460.1	279	80.003	0	0
XM_047953461.1	897	698	0	0
XM_047953462.1	333	134	0	0
XM_047953463.1	2118	1919	0	0
XM_047953464.1	234	36.8813	0	0
XM_047953465.1	1356	1157	0	0
XM_047953466.1	1704	1505	0	0
XM_047953467.1	1612	1413	0	0
XM_047953468.1	1542	1343	0	0
XM_047953469.1	1566	1367	0	0
XM_047953470.1	903	704	0	0
XM_047953471.1	1544	1345	0	0
XM_047953472.1	1722	1523	0	0
XM_047953473.1	1124	925	0	0
XM_047953474.1	1842	1643	0	0
XM_047953475.1	1128	929	0	0
XM_047953476.1	1961	1762	0	0
XM_047953477.1	2711	2512	0	0
XM_047953478.1	1305	1106	0	0
XM_047953479.1	330	131	0	0
XM_047953480.1	1047	848	0	0
XM_047953481.1	408	209	0	0
XM_047953482.1	1204	1005	1	3755.93
XM_047953483.1	1366	1167	0	0
XM_047953484.1	1580	1381	0	0
XM_047953485.1	2169	1970	0	0
XM_047953486.1	2441	2242	0	0
XM_047953487.1	936	737	0	0
XM_047953488.1	861	662	0	0
XM_047953489.1	741	542	0	0
XM_047953490.1	1296	1097	0	0
XM_047953491.1	375	176	0	0
XM_047953492.1	1553	1354	0	0
XM_047953493.1	675	476	0	0
XM_047953494.1	423	224	0	0
XM_047953495.1	1359	1160	0	0
XM_047953496.1	3359	3160	0	0
XM_047953497.1	1923	1724	0	0
XM_047953498.1	2382	2183	0	0
XM_047953499.1	2559	2360	0	0
XM_047953500.1	630	431	0	0
XM_047953501.1	3365	3166	0	0
XM_047953502.1	3455	3256	0	0
XM_047953503.1	258	59.1108	0	0
XM_047953504.1	2890	2691	0	0
XM_047953505.1	984	785	0	0
XM_047953506.1	765	566	0	0
XM_047953507.1	333	134	0	0
XM_047953508.1	804	605	0	0
XM_047953509.1	648	449	0	0
XM_047953510.1	4932	4733	0	0
XM_047953511.1	1599	1400	0	0
XM_047953512.1	417	218	0	0
XM_047953513.1	1203	1004	0	0
XM_047953514.1	822	623	0	0
XM_047953515.1	3628	3429	0	0
XM_047953516.1	1745	1546	0	0
XM_047953517.1	2817	2618	0	0
XM_047953518.1	723	524	0	0
XM_047953519.1	3005	2806	0	0
XM_047953520.1	2652	2453	0	0
XM_047953521.1	330	131	0	0
XM_047953522.1	1128	929	0	0
XM_047953523.1	1536	1337	0	0
XM_047953524.1	1800	1601	0	0
XM_047953525.1	885	686	0	0
XM_047953526.1	733	534	0	0
XM_047953527.1	2670	2471	0	0
XM_047953528.1	390	191	0	0
XM_047953529.1	324	125	0	0
XM_047953530.1	1173	974	0	0
XM_047953531.1	1170	971	0	0
XM_047953532.1	618	419	0	0
XM_047953533.1	1494	1295	0	0
XM_047953534.1	954	755	0	0
XM_047953535.1	399	200	0	0
XM_047953536.1	733	534	0	0
XM_047953537.1	390	191	0	0
XM_047953538.1	2715	2516	0	0
XM_047953539.1	438	239	0	0
XM_047953540.1	180	11.1077	0	0
XM_047953541.1	765	566	0	0
XM_047953542.1	3828	3629	0	0
XM_047953543.1	1266	1067	0	0
XM_047953544.1	237	39.4185	0	0
XM_047953545.1	1728	1529	0	0
XM_047953546.1	576	377	0	0
XM_047953547.1	561	362	0	0
XM_047953548.1	558	359	0	0
XM_047953549.1	402	203	0	0
XM_047953550.1	393	194	0	0
XM_047953551.1	680	481	0	0
XM_047953552.1	2963	2764	0	0
XM_047953553.1	3041	2842	0	0
XM_047953554.1	924	725	0	0
XM_047953555.1	814	615	0	0
XM_047953556.1	894	695	0	0
XM_047953557.1	312	113	0	0
XM_047953558.1	1101	902	0	0
XM_047953559.1	1080	881	0	0
XM_047953560.1	474	275	0	0
XM_047953561.1	2553	2354	0	0
XM_047953562.1	507	308	0	0
XM_047953563.1	6180	5981	0	0
XM_047953564.1	936	737	0	0
XM_047953565.1	1609	1410	0	0
XM_047953566.1	1427	1228	0	0
XM_047953567.1	1546	1347	0	0
XM_047953568.1	3305	3106	0	0
XM_047953569.1	1818	1619	0	0
XM_047953570.1	1347	1148	0	0
XM_047953571.1	1465	1266	0	0
XM_047953572.1	669	470	0	0
XM_047953573.1	996	797	0	0
XM_047953574.1	1515	1316	0	0
XM_047953575.1	342	143	0	0
XM_047953576.1	561	362	0	0
XM_047953577.1	579	380	0	0
XM_047953578.1	753	554	0	0
XM_047953579.1	561	362	0	0
XM_047953580.1	495	296	0	0
XM_047953581.1	273	74.0093	0	0
XM_047953582.1	2088	1889	0	0
XM_047953583.1	1686	1487	0	0
XM_047953584.1	2845	2646	0	0
XM_047953585.1	1683	1484	0	0
XM_047953586.1	669	470	0	0
XM_047953587.1	714	515	0	0
XM_047953588.1	336	137	0	0
XM_047953589.1	561	362	0	0
XM_047953590.1	1274	1075	0	0
XM_047953591.1	2289	2090	0	0
XM_047953592.1	2138	1939	0	0
XM_047953593.1	3708	3509	0	0
XM_047953594.1	1353	1154	0	0
XM_047953595.1	3016	2817	0	0
XM_047953596.1	2879	2680	0	0
XM_047953597.1	3940	3741	0	0
XM_047953598.1	2411	2212	0	0
XM_047953599.1	2071	1872	0	0
XM_047953600.1	1032	833	0	0
XM_047953601.1	669	470	0	0
XM_047953602.1	1610	1411	0	0
XM_047953603.1	2306	2107	0	0
XM_047953604.1	1185	986	0	0
XM_047953605.1	2545	2346	0	0
XM_047953606.1	1089	890	0	0
XM_047953607.1	1336	1137	0	0
XM_047953608.1	1890	1691	0	0
XM_047953609.1	1800	1601	0	0
XM_047953610.1	261	62.0706	0	0
XM_047953611.1	939	740	0	0
XM_047953612.1	369	170	0	0
XM_047953613.1	1596	1397	0	0
XM_047953614.1	882	683	0	0
XM_047953615.1	837	638	0	0
XM_047953616.1	471	272	0	0
XM_047953617.1	1123	924	0	0
XM_047953618.1	1023	824	2	9161.92
XM_047953619.1	1418	1219	0	0
XM_047953620.1	969	770	0	0
XM_047953621.1	1776	1577	0	0
XM_047953622.1	863	664	0	0
XM_047953623.1	1164	965	0	0
XM_047953624.1	1167	968	0	0
XM_047953625.1	3073	2874	0	0
XM_047953626.1	1213	1014	0	0
XM_047953627.1	753	554	0	0
XM_047953628.1	3489	3290	0	0
XM_047953629.1	780	581	0	0
XM_047953630.1	842	643	0	0
XM_047953631.1	1560	1361	0	0
XM_047953632.1	3567	3368	0	0
XM_047953633.1	849	650	0	0
XM_047953634.1	1157	958	0	0
XM_047953635.1	369	170	0	0
XM_047953636.1	1059	860	0	0
XM_047953637.1	779	580	0	0
XM_047953638.1	1239	1040	0	0
XM_047953639.1	2572	2373	0	0
XM_047953640.1	2414	2215	0	0
XM_047953641.1	3936	3737	0	0
XM_047953642.1	4189	3990	0	0
XM_047953643.1	4002	3803	0	0
XM_047953644.1	523	324	0	0
XM_047953645.1	330	131	0	0
XM_047953646.1	545	346	0	0
XM_047953647.1	1023	824	0	0
XM_047953648.1	890	691	0	0
XM_047953649.1	757	558	0	0
XM_047953650.1	708	509	0	0
XM_047953651.1	1554	1355	0	0
XM_047953652.1	2904	2705	0	0
XM_047953653.1	1155	956	0	0
XM_047953654.1	2966	2767	0	0
XM_047953655.1	1642	1443	0	0
XM_047953656.1	270	71.016	0	0
XM_047953657.1	1871	1672	0	0
XM_047953658.1	1950	1751	0	0
XM_047953659.1	2106	1907	0	0
XM_047953660.1	2557	2358	0	0
XM_047953661.1	1699	1500	0	0
XM_047953662.1	1200	1001	0	0
XM_047953663.1	839	640	0	0
XM_047953664.1	861	662	0	0
XM_047953665.1	1882	1683	0	0
XM_047953666.1	2381	2182	0	0
XM_047953667.1	2481	2282	0	0
XM_047953668.1	2431	2232	0	0
XM_047953669.1	2159	1960	0	0
XM_047953670.1	399	200	0	0
XM_047953671.1	2295	2096	0	0
XM_047953672.1	2380	2181	0	0
XM_047953673.1	1428	1229	0	0
XM_047953674.1	918	719	1	5249.95
XM_047953675.1	1404	1205	0	0
XM_047953676.1	873	674	0	0
XM_047953677.1	279	80.003	0	0
XM_047953678.1	282	83.0016	0	0
XM_047953679.1	291	92.0002	0	0
XM_047953680.1	576	377	0	0
XM_047953681.1	570	371	0	0
XM_047953682.1	408	209	0	0
XM_047953683.1	945	746	0	0
XM_047953684.1	654	455	0	0
XM_047953685.1	366	167	0	0
XM_047953686.1	1338	1139	0	0
XM_047953687.1	720	521	0	0
XM_047953688.1	1326	1127	0	0
XM_047953689.1	357	158	0	0
XM_047953690.1	462	263	0	0
XM_047953691.1	702	503	0	0
XM_047953692.1	309	110	0	0
XM_047953693.1	1332	1133	0	0
XM_047953694.1	540	341	0	0
XM_047953695.1	1284	1085	0	0
XM_047953696.1	1284	1085	0	0
XM_047953697.1	738	539	0	0
XM_047953698.1	639	440	0	0
XM_047953699.1	303	104	0	0
XM_047953700.1	219	25.9389	0	0
XM_047953701.1	1044	845	0	0
XM_047953702.1	2253	2054	0	0
XM_047953703.1	453	254	0	0
XM_047953704.1	1524	1325	0	0
XM_047953705.1	507	308	0	0
XM_047953706.1	1014	815	0	0
XM_047953707.1	483	284	0	0
XM_047953708.1	1068	869	0	0
XM_047953709.1	1558	1359	0	0
XM_047953710.1	2095	1896	0	0
XM_047953711.1	1569	1370	0	0
XM_047953712.1	2351	2152	0	0
XM_047953713.1	2391	2192	0	0
XM_047953714.1	2350	2151	0	0
XM_047953715.1	2528	2329	0	0
XM_047953716.1	2418	2219	0	0
XM_047953717.1	2290	2091	0	0
XM_047953718.1	267	68.0268	0	0
XM_047953719.1	1043	844	0	0
XM_047953720.1	390	191	0	0
XM_047953721.1	711	512	0	0
XM_047953722.1	1293	1094	0	0
XM_047953723.1	942	743	0	0
XM_047953724.1	1560	1361	0	0
XM_047953725.1	873	674	0	0
XM_047953726.1	2729	2530	0	0
XM_047953727.1	2694	2495	0	0
XM_047953728.1	447	248	0	0
XM_047953729.1	1711	1512	0	0
XM_047953730.1	1217	1018	0	0
XM_047953731.1	324	125	0	0
XM_047953732.1	504	305	0	0
XM_047953733.1	858	659	0	0
XM_047953734.1	1047	848	0	0
XM_047953735.1	309	110	0	0
XM_047953736.1	4986	4787	0	0
XM_047953737.1	2104	1905	0	0
XM_047953738.1	345	146	0	0
XM_047953739.1	1361	1162	0	0
XM_047953740.1	1750	1551	0	0
XM_047953741.1	1095	896	0	0
XM_047953742.1	1631	1432	0	0
XM_047953743.1	1546	1347	0	0
XM_047953744.1	1758	1559	0	0
XM_047953745.1	887	688	0	0
XM_047953746.1	1767	1568	0	0
XM_047953747.1	261	62.0706	0	0
XM_047953748.1	1869	1670	0	0
XM_047953749.1	300	101	0	0
XM_047953750.1	4223	4024	0	0
XM_047953751.1	1684	1485	0	0
XM_047953752.1	1869	1670	0	0
XM_047953753.1	1485	1286	0	0
XM_047953754.1	2016	1817	0	0
XM_047953755.1	1899	1700	0	0
XM_047953756.1	1732	1533	0	0
XM_047953757.1	6515	6316	0	0
XM_047953758.1	798	599	0	0
XM_047953759.1	3207	3008	0	0
XM_047953760.1	1722	1523	0	0
XM_047953761.1	702	503	0	0
XM_047953762.1	2691	2492	0	0
XM_047953763.1	393	194	0	0
XM_047953764.1	444	245	0	0
XM_047953765.1	1341	1142	0	0
XM_047953766.1	1665	1466	0	0
XM_047953767.1	1114	915	0	0
XM_047953768.1	2989	2790	0	0
XM_047953769.1	1494	1295	0	0
XM_047953770.1	680	481	0	0
XM_047953771.1	3091	2892	0	0
XM_047953772.1	558	359	0	0
XM_047953773.1	1676	1477	0	0
XM_047953774.1	1374	1175	0	0
XM_047953775.1	1269	1070	0	0
XM_047953776.1	3179	2980	0	0
XM_047953777.1	2133	1934	0	0
XM_047953778.1	2066	1867	0	0
XM_047953779.1	2146	1947	0	0
XM_047953780.1	360	161	0	0
XM_047953781.1	1584	1385	0	0
XM_047953782.1	2293	2094	0	0
XM_047953783.1	1522	1323	0	0
XM_047953784.1	1653	1454	0	0
XM_047953785.1	1401	1202	0	0
XM_047953786.1	575	376	0	0
XM_047953787.1	1359	1160	0	0
XM_047953788.1	501	302	0	0
XM_047953789.1	605	406	0	0
XM_047953790.1	551	352	0	0
XM_047953791.1	6309	6110	0	0
XM_047953792.1	1977	1778	0	0
XM_047953793.1	342	143	0	0
XM_047953794.1	1957	1758	0	0
XM_047953795.1	2745	2546	0	0
XM_047953796.1	2822	2623	0	0
XM_047953797.1	1637	1438	0	0
XM_047953798.1	1314	1115	0	0
XM_047953799.1	2126	1927	0	0
XM_047953800.1	2280	2081	0	0
XM_047953801.1	1680	1481	0	0
XM_047953802.1	1864	1665	0	0
XM_047953803.1	1755	1556	0	0
XM_047953804.1	1744	1545	0	0
XM_047953805.1	2850	2651	0	0
XM_047953806.1	732	533	0	0
XM_047953807.1	270	71.016	0	0
XM_047953808.1	1719	1520	0	0
XM_047953809.1	1785	1586	0	0
XM_047953810.1	1763	1564	0	0
XM_047953811.1	1755	1556	0	0
XM_047953812.1	720	521	0	0
XM_047953813.1	690	491	0	0
XM_047953814.1	2892	2693	0	0
XM_047953815.1	327	128	0	0
XM_047953816.1	3171	2972	0	0
XM_047953817.1	168	9.06081	0	0
XM_047953818.1	1653	1454	0	0
XM_047953819.1	3837	3638	0	0
XM_047953820.1	210	20.9285	0	0
XM_047953821.1	1859	1660	0	0
XM_047953822.1	465	266	0	0
XM_047953823.1	2640	2441	0	0
XM_047953824.1	2805	2606	0	0
XM_047953825.1	258	59.1108	0	0
XM_047953826.1	537	338	0	0
XM_047953827.1	399	200	0	0
XM_047953828.1	1163	964	0	0
XM_047953829.1	1033	834	0	0
XM_047953830.1	2184	1985	0	0
XM_047953831.1	1353	1154	0	0
XM_047953832.1	666	467	0	0
XM_047953833.1	3381	3182	0	0
XM_047953834.1	351	152	0	0
XM_047953835.1	2079	1880	0	0
XM_047953836.1	1380	1181	0	0
XM_047953837.1	414	215	0	0
XM_047953838.1	765	566	0	0
XM_047953839.1	1320	1121	0	0
XM_047953840.1	1230	1031	0	0
XM_047953841.1	1921	1722	0	0
XM_047953842.1	1080	881	0	0
XM_047953843.1	1369	1170	0	0
XM_047953844.1	162	8.26769	0	0
XM_047953845.1	177	10.528	0	0
XM_047953846.1	588	389	0	0
XM_047953847.1	399	200	0	0
XM_047953848.1	1621	1422	0	0
XM_047953849.1	1790	1591	0	0
XM_047953850.1	2299	2100	0	0
XM_047953851.1	1314	1115	0	0
XM_047953852.1	585	386	0	0
XM_047953853.1	285	86.0009	0	0
XM_047953854.1	1344	1145	0	0
XM_047953855.1	829	630	0	0
XM_047953856.1	1828	1629	0	0
XM_047953857.1	1620	1421	0	0
XM_047953858.1	3126	2927	0	0
XM_047953859.1	4388	4189	0	0
XM_047953860.1	2357	2158	0	0
XM_047953861.1	2694	2495	1	1512.91
XM_047953862.1	357	158	0	0
XM_047953863.1	1899	1700	0	0
XM_047953864.1	717	518	0	0
XM_047953865.1	962	763	0	0
XM_047953866.1	1034	835	0	0
XM_047953867.1	1887	1688	0	0
XM_047953868.1	1782	1583	0	0
XM_047953869.1	1176	977	0	0
XM_047953870.1	1113	914	0	0
XM_047953871.1	2438	2239	0	0
XM_047953872.1	1050	851	0	0
XM_047953873.1	929	730	0	0
XM_047953874.1	1245	1046	0	0
XM_047953875.1	396	197	0	0
XM_047953876.1	1044	845	0	0
XM_047953877.1	851	652	0	0
XM_047953878.1	4917	4718	0	0
XM_047953879.1	2918	2719	0	0
XM_047953880.1	1474	1275	0	0
XM_047953881.1	1490	1291	0	0
XM_047953882.1	1916	1717	0	0
XM_047953883.1	378	179	0	0
XM_047953884.1	498	299	0	0
XM_047953885.1	342	143	0	0
XM_047953886.1	714	515	0	0
XM_047953887.1	528	329	0	0
XM_047953888.1	435	236	0	0
XM_047953889.1	822	623	0	0
XM_047953890.1	3447	3248	0	0
XM_047953891.1	927	728	0	0
XM_047953892.1	894	695	0	0
XM_047953893.1	390	191	0	0
XM_047953894.1	585	386	0	0
XM_047953895.1	327	128	0	0
XM_047953896.1	543	344	0	0
XM_047953897.1	1209	1010	0	0
XM_047953898.1	909	710	0	0
XM_047953899.1	600	401	0	0
XM_047953900.1	1947	1748	0	0
XM_047953901.1	3307	3108	0	0
XM_047953902.1	2562	2363	0	0
XM_047953903.1	357	158	0	0
XM_047953904.1	2943	2744	0	0
XM_047953905.1	1089	890	0	0
XM_047953906.1	651	452	0	0
XM_047953907.1	474	275	0	0
XM_047953908.1	1320	1121	0	0
XM_047953909.1	900	701	0	0
XM_047953910.1	1590	1391	0	0
XM_047953911.1	276	77.0053	0	0
XM_047953912.1	510	311	0	0
XM_047953913.1	648	449	0	0
XM_047953914.1	1569	1370	0	0
XM_047953915.1	1110	911	0	0
XM_047953916.1	1966	1767	0	0
XM_047953917.1	3550	3351	1	1126.44
XM_047953918.1	1924	1725	0	0
XM_047953919.1	714	515	0	0
XM_047953920.1	669	470	0	0
XM_047953921.1	396	197	0	0
XM_047953922.1	2917	2718	0	0
XM_047953923.1	441	242	0	0
XM_047953924.1	1020	821	0	0
XM_047953925.1	3592	3393	0	0
XM_047953926.1	1147	948	0	0
XM_047953927.1	2595	2396	0	0
XM_047953928.1	348	149	0	0
XM_047953929.1	402	203	0	0
XM_047953930.1	864	665	0	0
XM_047953931.1	4200	4001	0	0
XM_047953932.1	279	80.003	0	0
XM_047953933.1	2241	2042	0	0
XM_047953934.1	1081	882	0	0
XM_047953935.1	3348	3149	0	0
XM_047953936.1	627	428	0	0
XM_047953937.1	882	683	0	0
XM_047953938.1	1671	1472	0	0
XM_047953939.1	2013	1814	0	0
XM_047953940.1	2235	2036	0	0
XM_047953941.1	915	716	0	0
XM_047953942.1	3731	3532	0	0
XM_047953943.1	405	206	0	0
XM_047953944.1	288	89.0004	0	0
XM_047953945.1	1425	1226	0	0
XM_047953946.1	1133	934	0	0
XM_047953947.1	1404	1205	0	0
XM_047953948.1	767	568	0	0
XM_047953949.1	198	15.9266	0	0
XM_047953950.1	342	143	0	0
XM_047953951.1	1453	1254	0	0
XM_047953952.1	1230	1031	0	0
XM_047953953.1	1366	1167	0	0
XM_047953954.1	961	762	0	0
XM_047953955.1	3778	3579	0	0
XM_047953956.1	3855	3656	0	0
XM_047953957.1	1230	1031	0	0
XM_047953958.1	969	770	0	0
XM_047953959.1	438	239	0	0
XM_047953960.1	399	200	0	0
XM_047953961.1	378	179	0	0
XM_047953962.1	513	314	0	0
XM_047953963.1	405	206	0	0
XM_047953964.1	2847	2648	0	0
XM_047953965.1	573	374	0	0
XM_047953966.1	778	579	0	0
XM_047953967.1	834	635	0	0
XM_047953968.1	2727	2528	0	0
XM_047953969.1	1163	964	0	0
XM_047953970.1	3556	3357	0	0
XM_047953971.1	843	644	0	0
XM_047953972.1	2425	2226	0	0
XM_047953973.1	4258	4059	0	0
XM_047953974.1	2284	2085	0	0
XM_047953975.1	321	122	0	0
XM_047953976.1	891	692	0	0
XM_047953977.1	900	701	0	0
XM_047953978.1	1716	1517	0	0
XM_047953979.1	2155	1956	0	0
XM_047953980.1	861	662	0	0
XM_047953981.1	2145	1946	0	0
XM_047953982.1	1061	862	0	0
XM_047953983.1	5686	5487	0	0
XM_047953984.1	1471	1272	0	0
XM_047953985.1	2697	2498	0	0
XM_047953986.1	3185	2986	0	0
XM_047953987.1	545	346	0	0
XM_047953988.1	1225	1026	0	0
XM_047953989.1	1211	1012	0	0
XM_047953990.1	1392	1193	0	0
XM_047953991.1	2004	1805	0	0
XM_047953992.1	2331	2132	0	0
XM_047953993.1	3079	2880	0	0
XM_047953994.1	303	104	0	0
XM_047953995.1	2829	2630	0	0
XM_047953996.1	201	17.0167	0	0
XM_047953997.1	2214	2015	0	0
XM_047953998.1	1042	843	0	0
XM_047953999.1	1385	1186	0	0
XM_047954000.1	1294	1095	0	0
XM_047954001.1	1845	1646	0	0
XM_047954002.1	3045	2846	0	0
XM_047954003.1	1491	1292	0	0
XM_047954004.1	728	529	0	0
XM_047954005.1	1330	1131	0	0
XM_047954006.1	1524	1325	0	0
XM_047954007.1	3400	3201	0	0
XM_047954008.1	1108	909	0	0
XM_047954009.1	4765	4566	0	0
XM_047954010.1	2396	2197	0	0
XM_047954011.1	3751	3552	0	0
XM_047954012.1	885	686	0	0
XM_047954013.1	1990	1791	1	2107.6
XM_047954014.1	2717	2518	0	0
XM_047954015.1	3827	3628	0	0
XM_047954016.1	3929	3730	0	0
XM_047954017.1	4984	4785	0	0
XM_047954018.1	5364	5165	0	0
XM_047954019.1	735	536	0	0
XM_047954020.1	2065	1866	0	0
XM_047954021.1	3769	3570	0	0
XM_047954022.1	2082	1883	0	0
XM_047954023.1	579	380	0	0
XM_047954024.1	6030	5831	0	0
XM_047954025.1	1101	902	0	0
XM_047954026.1	705	506	0	0
XM_047954027.1	2484	2285	0	0
XM_047954028.1	513	314	0	0
XM_047954029.1	426	227	0	0
XM_047954030.1	2212	2013	0	0
XM_047954031.1	2127	1928	0	0
XM_047954032.1	1863	1664	0	0
XM_047954033.1	3503	3304	0	0
XM_047954034.1	1859	1660	0	0
XM_047954035.1	306	107	0	0
XM_047954036.1	171	9.50903	0	0
XM_047954037.1	2168	1969	0	0
XM_047954038.1	1124	925	0	0
XM_047954039.1	1204	1005	0	0
XM_047954040.1	3249	3050	0	0
XM_047954041.1	3347	3148	0	0
XM_047954042.1	492	293	0	0
XM_047954043.1	2440	2241	0	0
XM_047954044.1	1245	1046	0	0
XM_047954045.1	1332	1133	0	0
XM_047954046.1	1390	1191	0	0
XM_047954047.1	6504	6305	0	0
XM_047954048.1	1319	1120	0	0
XM_047954049.1	1895	1696	1	2225.66
XM_047954050.1	1521	1322	0	0
XM_047954051.1	1691	1492	0	0
XM_047954052.1	1771	1572	0	0
XM_047954053.1	10372	10173	0	0
XM_047954054.1	10289	10090	0	0
XM_047954055.1	10378	10179	0	0
XM_047954056.1	1799	1600	0	0
XM_047954057.1	666	467	0	0
XM_047954058.1	1720	1521	0	0
XM_047954059.1	1702	1503	0	0
XM_047954060.1	801	602	0	0
XM_047954061.1	1625	1426	0	0
XM_047954062.1	693	494	0	0
XM_047954063.1	2457	2258	0	0
XM_047954064.1	2599	2400	0	0
XM_047954065.1	471	272	0	0
XM_047954066.1	309	110	0	0
XM_047954067.1	390	191	0	0
XM_047954068.1	822	623	0	0
XM_047954069.1	237	39.4185	0	0
XM_047954070.1	2377	2178	0	0
XM_047954071.1	2607	2408	0	0
XM_047954072.1	841	642	0	0
XM_047954073.1	1845	1646	0	0
XM_047954074.1	2393	2194	0	0
XM_047954075.1	2497	2298	0	0
XM_047954076.1	390	191	0	0
XM_047954077.1	2384	2185	0	0
XM_047954078.1	2469	2270	0	0
XM_047954079.1	573	374	0	0
XM_047954080.1	1719	1520	0	0
XM_047954081.1	966	767	0	0
XM_047954082.1	3662	3463	0	0
XM_047954083.1	3270	3071	0	0
XM_047954084.1	1288	1089	0	0
XM_047954085.1	768	569	0	0
XM_047954086.1	312	113	0	0
XM_047954087.1	1977	1778	0	0
XM_047954088.1	872	673	0	0
XM_047954089.1	3072	2873	0	0
XM_047954090.1	1800	1601	0	0
XM_047954091.1	2306	2107	0	0
XM_047954092.1	2537	2338	0	0
XM_047954093.1	1795	1596	0	0
XM_047954094.1	1230	1031	0	0
XM_047954095.1	3266	3067	0	0
XM_047954096.1	1980	1781	0	0
XM_047954097.1	1433	1234	0	0
XM_047954098.1	447	248	0	0
XM_047954099.1	2742	2543	0	0
XM_047954100.1	3861	3662	0	0
XM_047954101.1	3621	3422	0	0
XM_047954102.1	4017	3818	0	0
XM_047954103.1	4330	4131	0	0
XM_047954104.1	423	224	0	0
XM_047954105.1	2562	2363	0	0
XM_047954106.1	1291	1092	0	0
XM_047954107.1	616	417	0	0
XM_047954108.1	1876	1677	0	0
XM_047954109.1	1341	1142	0	0
XM_047954110.1	2056	1857	0	0
XM_047954111.1	2074	1875	0	0
XM_047954112.1	2520	2321	0	0
XM_047954113.1	2010	1811	0	0
XM_047954114.1	492	293	0	0
XM_047954115.1	465	266	0	0
XM_047954116.1	267	68.0268	0	0
XM_047954117.1	1308	1109	0	0
XM_047954118.1	2457	2258	0	0
XM_047954119.1	1326	1127	0	0
XM_047954120.1	2960	2761	1	1367.15
XM_047954121.1	1767	1568	0	0
XM_047954122.1	1706	1507	0	0
XM_047954123.1	661	462	0	0
XM_047954124.1	492	293	0	0
XM_047954125.1	1026	827	0	0
XM_047954126.1	2813	2614	0	0
XM_047954127.1	870	671	0	0
XM_047954128.1	690	491	0	0
XM_047954129.1	3278	3079	0	0
XM_047954130.1	1908	1709	0	0
XM_047954131.1	2002	1803	0	0
XM_047954132.1	4932	4733	0	0
XM_047954133.1	762	563	0	0
XM_047954134.1	2933	2734	0	0
XM_047954135.1	444	245	0	0
XM_047954136.1	2518	2319	0	0
XM_047954137.1	2493	2294	0	0
XM_047954138.1	3429	3230	0	0
XM_047954139.1	1397	1198	0	0
XM_047954140.1	1292	1093	0	0
XM_047954141.1	1707	1508	0	0
XM_047954142.1	1382	1183	0	0
XM_047954143.1	2686	2487	0	0
XM_047954144.1	453	254	0	0
XM_047954145.1	945	746	0	0
XM_047954146.1	1893	1694	0	0
XM_047954147.1	348	149	0	0
XM_047954148.1	1192	993	0	0
XM_047954149.1	856	657	0	0
XM_047954150.1	381	182	0	0
XM_047954151.1	2345	2146	0	0
XM_047954152.1	1498	1299	0	0
XM_047954153.1	1186	987	0	0
XM_047954154.1	2106	1907	0	0
XM_047954155.1	1278	1079	0	0
XM_047954156.1	2168	1969	0	0
XM_047954157.1	1346	1147	0	0
XM_047954158.1	1017	818	0	0
XM_047954159.1	1305	1106	0	0
XM_047954160.1	1553	1354	0	0
XM_047954161.1	1450	1251	0	0
XM_047954162.1	1827	1628	0	0
XM_047954163.1	1897	1698	0	0
XM_047954164.1	378	179	0	0
XM_047954165.1	561	362	0	0
XM_047954166.1	351	152	0	0
XM_047954167.1	552	353	0	0
XM_047954168.1	603	404	0	0
XM_047954169.1	957	758	0	0
XM_047954170.1	912	713	0	0
XM_047954171.1	1862	1663	0	0
XM_047954172.1	1830	1631	0	0
XM_047954173.1	1426	1227	0	0
XM_047954174.1	1679	1480	0	0
XM_047954175.1	3963	3764	0	0
XM_047954176.1	2584	2385	0	0
XM_047954177.1	2562	2363	0	0
XM_047954178.1	601	402	0	0
XM_047954179.1	693	494	0	0
XM_047954180.1	495	296	0	0
XM_047954181.1	2484	2285	0	0
XM_047954182.1	1102	903	0	0
XM_047954183.1	327	128	0	0
XM_047954184.1	1038	839	0	0
XM_047954185.1	519	320	0	0
XM_047954186.1	339	140	0	0
XM_047954187.1	5825	5626	0	0
XM_047954188.1	1146	947	0	0
XM_047954189.1	522	323	0	0
XM_047954190.1	516	317	0	0
XM_047954191.1	861	662	0	0
XM_047954192.1	2505	2306	0	0
XM_047954193.1	725	526	0	0
XM_047954194.1	495	296	0	0
XM_047954195.1	2255	2056	0	0
XM_047954196.1	2638	2439	0	0
XM_047954197.1	1101	902	0	0
XM_047954198.1	696	497	0	0
XM_047954199.1	360	161	0	0
XM_047954200.1	1359	1160	0	0
XM_047954201.1	1776	1577	0	0
XM_047954202.1	1659	1460	0	0
XM_047954203.1	2093	1894	0	0
XM_047954204.1	1060	861	0	0
XM_047954205.1	594	395	0	0
XM_047954206.1	1278	1079	0	0
XM_047954207.1	1070	871	0	0
XM_047954208.1	204	18.2087	0	0
XM_047954209.1	474	275	0	0
XM_047954210.1	564	365	0	0
XM_047954211.1	234	36.8813	0	0
XM_047954212.1	807	608	0	0
XM_047954213.1	1479	1280	0	0
XM_047954214.1	2820	2621	0	0
XM_047954215.1	4710	4511	0	0
XM_047954216.1	1242	1043	0	0
XM_047954217.1	1658	1459	0	0
XM_047954218.1	204	18.2087	0	0
XM_047954219.1	279	80.003	0	0
XM_047954220.1	912	713	0	0
XM_047954221.1	1857	1658	0	0
XM_047954222.1	2092	1893	0	0
XM_047954223.1	1321	1122	0	0
XM_047954224.1	693	494	0	0
XM_047954225.1	384	185	0	0
XM_047954226.1	1275	1076	0	0
XM_047954227.1	750	551	0	0
XM_047954228.1	990	791	0	0
XM_047954229.1	798	599	0	0
XM_047954230.1	339	140	0	0
XM_047954231.1	222	27.8721	0	0
XM_047954232.1	2817	2618	0	0
XM_047954233.1	609	410	0	0
XM_047954234.1	1788	1589	0	0
XM_047954235.1	579	380	0	0
XM_047954236.1	546	347	0	0
XM_047954237.1	969	770	0	0
XM_047954238.1	1350	1151	0	0
XM_047954239.1	252	53.2554	0	0
XM_047954240.1	916	717	0	0
XM_047954241.1	1197	998	0	0
XM_047954242.1	1692	1493	0	0
XM_047954243.1	1095	896	0	0
XM_047954244.1	369	170	0	0
XM_047954245.1	249	50.3754	0	0
XM_047954246.1	2199	2000	0	0
XM_047954247.1	1284	1085	0	0
XM_047954248.1	2786	2587	0	0
XM_047954249.1	1182	983	0	0
XM_047954250.1	1713	1514	0	0
XM_047954251.1	2442	2243	0	0
XM_047954252.1	495	296	0	0
XM_047954253.1	1465	1266	0	0
XM_047954254.1	3252	3053	0	0
XM_047954255.1	681	482	0	0
XM_047954256.1	1791	1592	0	0
XM_047954257.1	1447	1248	0	0
XM_047954258.1	1132	933	0	0
XM_047954259.1	3008	2809	0	0
XM_047954260.1	2625	2426	0	0
XM_047954261.1	2240	2041	0	0
XM_047954262.1	2253	2054	0	0
XM_047954263.1	1525	1326	0	0
XM_047954264.1	456	257	0	0
XM_047954265.1	519	320	0	0
XM_047954266.1	306	107	0	0
XM_047954267.1	417	218	0	0
XM_047954268.1	1851	1652	0	0
XM_047954269.1	354	155	0	0
XM_047954270.1	1629	1430	0	0
XM_047954271.1	912	713	0	0
XM_047954272.1	771	572	0	0
XM_047954273.1	555	356	0	0
XM_047954274.1	1857	1658	0	0
XM_047954275.1	405	206	0	0
XM_047954276.1	546	347	0	0
XM_047954277.1	336	137	0	0
XM_047954278.1	429	230	0	0
XM_047954279.1	240	42.049	0	0
XM_047954280.1	588	389	0	0
XM_047954281.1	972	773	0	0
XM_047954282.1	975	776	0	0
XM_047954283.1	1386	1187	0	0
XM_047954284.1	1386	1187	0	0
XM_047954285.1	381	182	0	0
XM_047954286.1	747	548	0	0
XM_047954287.1	867	668	0	0
XM_047954288.1	1242	1043	0	0
XM_047954289.1	426	227	0	0
XM_047954290.1	1794	1595	0	0
XM_047954291.1	540	341	0	0
XM_047954292.1	678	479	0	0
XM_047954293.1	948	749	0	0
XM_047954294.1	1740	1541	0	0
XM_047954295.1	804	605	0	0
XM_047954296.1	4838	4639	0	0
XM_047954297.1	303	104	0	0
XM_047954298.1	3913	3714	0	0
XM_047954299.1	1787	1588	0	0
XM_047954300.1	2313	2114	0	0
XM_047954301.1	1463	1264	0	0
XM_047954302.1	1203	1004	0	0
XM_047954303.1	666	467	0	0
XM_047954304.1	1804	1605	0	0
XM_047954305.1	2769	2570	0	0
XM_047954306.1	495	296	0	0
XM_047954307.1	2708	2509	0	0
XM_047954308.1	3032	2833	0	0
XM_047954309.1	1713	1514	0	0
XM_047954310.1	2654	2455	0	0
XM_047954311.1	396	197	0	0
XM_047954312.1	333	134	0	0
XM_047954313.1	2708	2509	0	0
XM_047954314.1	771	572	0	0
XM_047954315.1	540	341	0	0
XM_047954316.1	777	578	0	0
XM_047954317.1	1437	1238	1	3049.04
XM_047954318.1	2677	2478	0	0
XM_047954319.1	2623	2424	0	0
XM_047954320.1	6126	5927	0	0
XM_047954321.1	1415	1216	0	0
XM_047954322.1	306	107	0	0
XM_047954323.1	1713	1514	0	0
XM_047954324.1	1611	1412	0	0
XM_047954325.1	1408	1209	0	0
XM_047954326.1	1560	1361	0	0
XM_047954327.1	2271	2072	0	0
XM_047954328.1	1938	1739	0	0
XM_047954329.1	2241	2042	0	0
XM_047954330.1	1997	1798	0	0
XM_047954331.1	2058	1859	0	0
XM_047954332.1	3848	3649	0	0
XM_047954333.1	639	440	0	0
XM_047954334.1	2514	2315	0	0
XM_047954335.1	336	137	0	0
XM_047954336.1	3834	3635	0	0
XM_047954337.1	1340	1141	0	0
XM_047954338.1	1870	1671	0	0
XM_047954339.1	684	485	0	0
XM_047954340.1	2104	1905	0	0
XM_047954341.1	1239	1040	0	0
XM_047954342.1	1544	1345	0	0
XM_047954343.1	1407	1208	0	0
XM_047954344.1	1326	1127	0	0
XM_047954345.1	1574	1375	0	0
XM_047954346.1	483	284	0	0
XM_047954347.1	1497	1298	0	0
XM_047954348.1	1516	1317	0	0
XM_047954349.1	1587	1388	0	0
XM_047954350.1	306	107	0	0
XM_047954351.1	713	514	0	0
XM_047954352.1	1171	972	0	0
XM_047954353.1	1234	1035	0	0
XM_047954354.1	3795	3596	0	0
XM_047954355.1	2615	2416	0	0
XM_047954356.1	1737	1538	0	0
XM_047954357.1	507	308	0	0
XM_047954358.1	1725	1526	0	0
XM_047954359.1	1929	1730	0	0
XM_047954360.1	1597	1398	0	0
XM_047954361.1	2601	2402	0	0
XM_047954362.1	990	791	0	0
XM_047954363.1	579	380	0	0
XM_047954364.1	1423	1224	0	0
XM_047954365.1	1996	1797	0	0
XM_047954366.1	1185	986	0	0
XM_047954367.1	1312	1113	0	0
XM_047954368.1	1530	1331	0	0
XM_047954369.1	2598	2399	0	0
XM_047954370.1	757	558	0	0
XM_047954371.1	2542	2343	0	0
XM_047954372.1	366	167	0	0
XM_047954373.1	327	128	0	0
XM_047954374.1	2859	2660	0	0
XM_047954375.1	606	407	0	0
XM_047954376.1	291	92.0002	0	0
XM_047954377.1	1557	1358	0	0
XM_047954378.1	1083	884	0	0
XM_047954379.1	1206	1007	0	0
XM_047954380.1	2016	1817	0	0
XM_047954381.1	1632	1433	1	2634.13
XM_047954382.1	1308	1109	0	0
XM_047954383.1	279	80.003	0	0
XM_047954384.1	1251	1052	0	0
XM_047954385.1	1329	1130	0	0
XM_047954386.1	1299	1100	0	0
XM_047954387.1	600	401	0	0
XM_047954388.1	510	311	0	0
XM_047954389.1	255	56.1701	0	0
XM_047954390.1	849	650	0	0
XM_047954391.1	192	14.0216	0	0
XM_047954392.1	1793	1594	0	0
XM_047954393.1	1888	1689	0	0
XM_047954394.1	186	12.4336	0	0
XM_047954395.1	411	212	0	0
XM_047954396.1	663	464	0	0
XM_047954397.1	1405	1206	0	0
XM_047954398.1	3369	3170	0	0
XM_047954399.1	309	110	0	0
XM_047954400.1	891	692	0	0
XM_047954401.1	1522	1323	0	0
XM_047954402.1	1384	1185	0	0
XM_047954403.1	1155	956	0	0
XM_047954404.1	2252	2053	0	0
XM_047954405.1	3662	3463	0	0
XM_047954406.1	2370	2171	0	0
XM_047954407.1	2091	1892	0	0
XM_047954408.1	1856	1657	0	0
XM_047954409.1	306	107	0	0
XM_047954410.1	3605	3406	0	0
XM_047954411.1	1440	1241	0	0
XM_047954412.1	1095	896	0	0
XM_047954413.1	1959	1760	0	0
XM_047954414.1	2190	1991	0	0
XM_047954415.1	777	578	0	0
XM_047954416.1	1858	1659	0	0
XM_047954417.1	1769	1570	0	0
XM_047954418.1	279	80.003	0	0
XM_047954419.1	510	311	0	0
XM_047954420.1	1482	1283	0	0
XM_047954421.1	1524	1325	0	0
XM_047954422.1	1329	1130	0	0
XM_047954423.1	4180	3981	0	0
XM_047954424.1	1800	1601	0	0
XM_047954425.1	1170	971	0	0
XM_047954426.1	3013	2814	0	0
XM_047954427.1	2949	2750	0	0
XM_047954428.1	2469	2270	0	0
XM_047954429.1	3255	3056	0	0
XM_047954430.1	1394	1195	0	0
XM_047954431.1	1329	1130	0	0
XM_047954432.1	1716	1517	0	0
XM_047954433.1	570	371	0	0
XM_047954434.1	2232	2033	0	0
XM_047954435.1	1524	1325	0	0
XM_047954436.1	711	512	0	0
XM_047954437.1	246	47.5399	0	0
XM_047954438.1	783	584	0	0
XM_047954439.1	663	464	0	0
XM_047954440.1	1046	847	0	0
XM_047954441.1	1435	1236	0	0
XM_047954442.1	783	584	0	0
XM_047954443.1	579	380	0	0
XM_047954444.1	255	56.1701	0	0
XM_047954445.1	600	401	0	0
XM_047954446.1	1628	1429	0	0
XM_047954447.1	2017	1818	0	0
XM_047954448.1	8062	7863	0	0
XM_047954449.1	4280	4081	0	0
XM_047954450.1	4371	4172	0	0
XM_047954451.1	4380	4181	0	0
XM_047954452.1	792	593	0	0
XM_047954453.1	735	536	0	0
XM_047954454.1	609	410	0	0
XM_047954455.1	1371	1172	0	0
XM_047954456.1	2314	2115	0	0
XM_047954457.1	1188	989	0	0
XM_047954458.1	710	511	0	0
XM_047954459.1	2279	2080	0	0
XM_047954460.1	456	257	0	0
XM_047954461.1	549	350	0	0
XM_047954462.1	432	233	0	0
XM_047954463.1	2112	1913	0	0
XM_047954464.1	429	230	0	0
XM_047954465.1	960	761	0	0
XM_047954466.1	5145	4946	0	0
XM_047954467.1	1665	1466	0	0
XM_047954468.1	1329	1130	0	0
XM_047954469.1	1008	809	0	0
XM_047954470.1	1806	1607	0	0
XM_047954471.1	342	143	0	0
XM_047954472.1	1126	927	0	0
XM_047954473.1	2312	2113	0	0
XM_047954474.1	942	743	0	0
XM_047954475.1	1007	808	0	0
XM_047954476.1	530	331	0	0
XM_047954477.1	351	152	0	0
XM_047954478.1	2660	2461	1	1533.81
XM_047954479.1	1494	1295	0	0
XM_047954480.1	1590	1391	0	0
XM_047954481.1	2061	1862	0	0
XM_047954482.1	2931	2732	0	0
XM_047954483.1	573	374	0	0
XM_047954484.1	255	56.1701	0	0
XM_047954485.1	903	704	0	0
XM_047954486.1	1137	938	0	0
XM_047954487.1	3021	2822	0	0
XM_047954488.1	1785	1586	0	0
XM_047954489.1	1174	975	0	0
XM_047954490.1	837	638	0	0
XM_047954491.1	2052	1853	0	0
XM_047954492.1	2726	2527	0	0
XM_047954493.1	2664	2465	0	0
XM_047954494.1	2598	2399	0	0
XM_047954495.1	1906	1707	0	0
XM_047954496.1	1779	1580	0	0
XM_047954497.1	1189	990	0	0
XM_047954498.1	928	729	2.025	10485.3
XM_047954499.1	3662	3463	0	0
XM_047954500.1	1818	1619	0	0
XM_047954501.1	870	671	0	0
XM_047954502.1	1996	1797	0	0
XM_047954503.1	1668	1469	0	0
XM_047954504.1	3588	3389	0	0
XM_047954505.1	2104	1905	0	0
XM_047954506.1	1058	859	0	0
XM_047954507.1	2217	2018	0	0
XM_047954508.1	3073	2874	0	0
XM_047954509.1	626	427	0	0
XM_047954510.1	755	556	0	0
XM_047954511.1	462	263	1	14352.5
XM_047954512.1	1342	1143	0	0
XM_047954513.1	1507	1308	0	0
XM_047954514.1	465	266	0	0
XM_047954515.1	856	657	0	0
XM_047954516.1	1225	1026	0	0
XM_047954517.1	309	110	0	0
XM_047954518.1	1293	1094	0	0
XM_047954519.1	2202	2003	0	0
XM_047954520.1	402	203	0	0
XM_047954521.1	1410	1211	0	0
XM_047954522.1	1341	1142	0	0
XM_047954523.1	2633	2434	0	0
XM_047954524.1	504	305	0	0
XM_047954525.1	1554	1355	0	0
XM_047954526.1	2120	1921	0	0
XM_047954527.1	1355	1156	0	0
XM_047954528.1	1670	1471	0	0
XM_047954529.1	2295	2096	0	0
XM_047954530.1	1974	1775	0	0
XM_047954531.1	249	50.3754	0	0
XM_047954532.1	219	25.9389	0	0
XM_047954533.1	555	356	0	0
XM_047954534.1	2676	2477	0	0
XM_047954535.1	937	738	0	0
XM_047954536.1	1619	1420	0	0
XM_047954537.1	2028	1829	0	0
XM_047954538.1	735	536	0	0
XM_047954539.1	830	631	0	0
XM_047954540.1	1641	1442	0	0
XM_047954541.1	1278	1079	0	0
XM_047954542.1	769	570	0	0
XM_047954543.1	2049	1850	0	0
XM_047954544.1	1035	836	0	0
XM_047954545.1	1743	1544	0	0
XM_047954546.1	1165	966	0	0
XM_047954547.1	1287	1088	0	0
XM_047954548.1	504	305	0	0
XM_047954549.1	2420	2221	0	0
XM_047954550.1	2289	2090	0	0
XM_047954551.1	2399	2200	0	0
XM_047954552.1	2474	2275	0	0
XM_047954553.1	2952	2753	0	0
XM_047954554.1	762	563	0	0
XM_047954555.1	2823	2624	0	0
XM_047954556.1	756	557	0	0
XM_047954557.1	549	350	0	0
XM_047954558.1	1529	1330	0	0
XM_047954559.1	1140	941	0	0
XM_047954560.1	2373	2174	0	0
XM_047954561.1	1973	1774	0	0
XM_047954562.1	1880	1681	0	0
XM_047954563.1	1020	821	0	0
XM_047954564.1	1773	1574	0	0
XM_047954565.1	1209	1010	0	0
XM_047954566.1	486	287	0	0
XM_047954567.1	243	44.7603	0	0
XM_047954568.1	1209	1010	0	0
XM_047954569.1	402	203	0	0
XM_047954570.1	321	122	0	0
XM_047954571.1	1044	845	0	0
XM_047954572.1	2767	2568	0	0
XM_047954573.1	2875	2676	0	0
XM_047954574.1	596	397	0	0
XM_047954575.1	330	131	0	0
XM_047954576.1	315	116	0	0
XM_047954577.1	390	191	0	0
XM_047954578.1	576	377	0	0
XM_047954579.1	213	22.4695	0	0
XM_047954580.1	207	19.5103	0	0
XM_047954581.1	741	542	0	0
XM_047954582.1	999	800	0	0
XM_047954583.1	1449	1250	0	0
XM_047954584.1	384	185	0	0
XM_047954585.1	288	89.0004	0	0
XM_047954586.1	1974	1775	0	0
XM_047954587.1	1755	1556	0	0
XM_047954588.1	747	548	0	0
XM_047954589.1	1905	1706	0	0
XM_047954590.1	738	539	0	0
XM_047954591.1	606	407	0	0
XM_047954592.1	222	27.8721	0	0
XM_047954593.1	1101	902	0	0
XM_047954594.1	1548	1349	0	0
XM_047954595.1	2538	2339	0	0
XM_047954596.1	1407	1208	0	0
XM_047954597.1	1989	1790	0	0
XM_047954598.1	948	749	0	0
XM_047954599.1	4102	3903	0	0
XM_047954600.1	1184	985	0	0
XM_047954601.1	1391	1192	0	0
XM_047954602.1	1494	1295	0	0
XM_047954603.1	1637	1438	0	0
XM_047954604.1	1335	1136	0	0
XM_047954605.1	1986	1787	0	0
XM_047954606.1	447	248	0	0
XM_047954607.1	2130	1931	1	1954.8
XM_047954608.1	1810	1611	0	0
XM_047954609.1	1187	988	0	0
XM_047954610.1	1833	1634	0	0
XM_047954611.1	954	755	0	0
XM_047954612.1	3883	3684	0	0
XM_047954613.1	1360	1161	0	0
XM_047954614.1	1248	1049	0	0
XM_047954615.1	3810	3611	0	0
XM_047954616.1	375	176	0	0
XM_047954617.1	1701	1502	0	0
XM_047954618.1	1715	1516	0	0
XM_047954619.1	1730	1531	0	0
XM_047954620.1	1738	1539	0	0
XM_047954621.1	1520	1321	0	0
XM_047954622.1	3784	3585	0	0
XM_047954623.1	1882	1683	0	0
XM_047954624.1	1915	1716	0	0
XM_047954625.1	2968	2769	0	0
XM_047954626.1	782	583	0	0
XM_047954627.1	1302	1103	0	0
XM_047954628.1	1434	1235	0	0
XM_047954629.1	949	750	0	0
XM_047954630.1	2037	1838	0	0
XM_047954631.1	1400	1201	0	0
XM_047954632.1	2112	1913	0	0
XM_047954633.1	1951	1752	0	0
XM_047954634.1	1430	1231	0	0
XM_047954635.1	564	365	0	0
XM_047954636.1	6083	5884	0	0
XM_047954637.1	276	77.0053	0	0
XM_047954638.1	1746	1547	0	0
XM_047954639.1	373	174	0	0
XM_047954640.1	255	56.1701	0	0
XM_047954641.1	264	65.044	0	0
XM_047954642.1	2766	2567	0	0
XM_047954643.1	2827	2628	0	0
XM_047954644.1	583	384	0	0
XM_047954645.1	2177	1978	0	0
XM_047954646.1	1730	1531	0	0
XM_047954647.1	2580	2381	0	0
XM_047954648.1	2367	2168	0	0
XM_047954649.1	1403	1204	0	0
XM_047954650.1	393	194	0	0
XM_047954651.1	297	98.0001	1	38517.4
XM_047954652.1	1618	1419	0	0
XM_047954653.1	1993	1794	0	0
XM_047954654.1	3615	3416	0	0
XM_047954655.1	785	586	0	0
XM_047954656.1	1680	1481	0	0
XM_047954657.1	2234	2035	0	0
XM_047954658.1	420	221	0	0
XM_047954659.1	579	380	0	0
XM_047954660.1	567	368	0	0
XM_047954661.1	734	535	0	0
XM_047954662.1	414	215	0	0
XM_047954663.1	990	791	0	0
XM_047954664.1	1736	1537	0	0
XM_047954665.1	288	89.0004	0	0
XM_047954666.1	1214	1015	0	0
XM_047954667.1	681	482	0	0
XM_047954668.1	824	625	0	0
XM_047954669.1	261	62.0706	0	0
XM_047954670.1	1870	1671	0	0
XM_047954671.1	1059	860	0	0
XM_047954672.1	294	95.0001	0	0
XM_047954673.1	279	80.003	0	0
XM_047954674.1	2325	2126	0	0
XM_047954675.1	627	428	0	0
XM_047954676.1	567	368	0	0
XM_047954677.1	1554	1355	0	0
XM_047954678.1	948	749	0	0
XM_047954679.1	333	134	0	0
XM_047954680.1	1410	1211	0	0
XM_047954681.1	351	152	0	0
XM_047954682.1	894	695	0	0
XM_047954683.1	546	347	0	0
XM_047954684.1	702	503	0	0
XM_047954685.1	459	260	0	0
XM_047954686.1	267	68.0268	0	0
XM_047954687.1	885	686	0	0
XM_047954688.1	1362	1163	0	0
XM_047954689.1	756	557	0	0
XM_047954690.1	1052	853	0	0
XM_047954691.1	618	419	0	0
XM_047954692.1	267	68.0268	0	0
XM_047954693.1	705	506	0	0
XM_047954694.1	366	167	0	0
XM_047954695.1	591	392	0	0
XM_047954696.1	399	200	0	0
XM_047954697.1	372	173	0	0
XM_047954698.1	957	758	0	0
XM_047954699.1	294	95.0001	0	0
XM_047954700.1	243	44.7603	0	0
XM_047954701.1	387	188	0	0
XM_047954702.1	666	467	0	0
XM_047954703.1	2421	2222	0	0
XM_047954704.1	1092	893	0	0
XM_047954705.1	205	18.63	0	0
XM_047954706.1	930	731	0	0
XM_047954707.1	911	712	0	0
XM_047954708.1	1092	893	0	0
XM_047954709.1	205	18.63	0	0
XM_047954710.1	1666	1467	0	0
XM_047954711.1	1884	1685	0	0
XM_047954712.1	198	15.9266	0	0
XM_047954713.1	1616	1417	0	0
XM_047954714.1	1026	827	0	0
XM_047954715.1	3192	2993	0	0
XM_047954716.1	976	777	0	0
XM_047954717.1	2267	2068	0	0
XM_047954718.1	753	554	0	0
XM_047954719.1	2911	2712	0	0
XM_047954720.1	1257	1058	0	0
XM_047954721.1	3120	2921	0	0
XM_047954722.1	252	53.2554	0	0
XM_047954723.1	165	8.64817	0	0
XM_047954724.1	753	554	0	0
XM_047954725.1	1131	932	0	0
XM_047954726.1	417	218	0	0
XM_047954727.1	519	320	0	0
XM_047954728.1	573	374	0	0
XM_047954729.1	717	518	0	0
XM_047954730.1	453	254	0	0
XM_047954731.1	693	494	0	0
XM_047954732.1	990	791	0	0
XM_047954733.1	198	15.9266	0	0
XM_047954734.1	4006	3807	0	0
XM_047954735.1	477	278	0	0
XM_047954736.1	441	242	0	0
XM_047954737.1	471	272	0	0
XM_047954738.1	2610	2411	0	0
XM_047954739.1	2169	1970	0	0
XM_047954740.1	1761	1562	0	0
XM_047954741.1	1458	1259	0	0
XM_047954742.1	516	317	0	0
XM_047954743.1	843	644	0	0
XM_047954744.1	1623	1424	0	0
XM_047954745.1	1566	1367	0	0
XM_047954746.1	2154	1955	0	0
XM_047954747.1	2116	1917	0	0
XM_047954748.1	2180	1981	0	0
XM_047954749.1	1906	1707	0	0
XM_047954750.1	1737	1538	0	0
XM_047954751.1	1396	1197	0	0
XM_047954752.1	4304	4105	0	0
XM_047954753.1	333	134	0	0
XM_047954754.1	384	185	0	0
XM_047954755.1	213	22.4695	0	0
XM_047954756.1	294	95.0001	0	0
XM_047954757.1	1331	1132	0	0
XM_047954758.1	3066	2867	0	0
XM_047954759.1	3231	3032	0	0
XM_047954760.1	897	698	0	0
XM_047954761.1	2397	2198	0	0
XM_047954762.1	813	614	0	0
XM_047954763.1	2283	2084	0	0
XM_047954764.1	2819	2620	0	0
XM_047954765.1	1278	1079	0	0
XM_047954766.1	720	521	0	0
XM_047954767.1	3633	3434	0	0
XM_047954768.1	3677	3478	0	0
XM_047954769.1	735	536	0	0
XM_047954770.1	838	639	0	0
XM_047954771.1	741	542	0	0
XM_047954772.1	2042	1843	0	0
XM_047954773.1	483	284	0	0
XM_047954774.1	648	449	0	0
XM_047954775.1	2045	1846	0	0
XM_047954776.1	597	398	0	0
XM_047954777.1	1195	996	0	0
XM_047954778.1	1292	1093	0	0
XM_047954779.1	594	395	0	0
XM_047954780.1	1385	1186	0	0
XM_047954781.1	1391	1192	0	0
XM_047954782.1	1609	1410	0	0
XM_047954783.1	1654	1455	0	0
XM_047954784.1	1161	962	0	0
XM_047954785.1	907	708	0	0
XM_047954786.1	2676	2477	0	0
XM_047954787.1	480	281	0	0
XM_047954788.1	984	785	0	0
XM_047954789.1	714	515	0	0
XM_047954790.1	2145	1946	0	0
XM_047954791.1	1086	887	0	0
XM_047954792.1	540	341	0	0
XM_047954793.1	873	674	0	0
XM_047954794.1	740	541	0	0
XM_047954795.1	11799	11600	0	0
XM_047954796.1	5285	5086	0	0
XM_047954797.1	2837	2638	0	0
XM_047954798.1	360	161	0	0
XM_047954799.1	267	68.0268	0	0
XM_047954800.1	908	709	0	0
XM_047954801.1	2091	1892	0	0
XM_047954802.1	1478	1279	0	0
XM_047954803.1	1609	1410	0	0
XM_047954804.1	498	299	0	0
XM_047954805.1	1200	1001	0	0
XM_047954806.1	1527	1328	0	0
XM_047954807.1	381	182	0	0
XM_047954808.1	228	32.1317	0	0
XM_047954809.1	2130	1931	0	0
XM_047954810.1	666	467	0	0
XM_047954811.1	3585	3386	0	0
XM_047954812.1	1938	1739	0	0
XM_047954813.1	1524	1325	0	0
XM_047954814.1	516	317	0	0
XM_047954815.1	1520	1321	0	0
XM_047954816.1	1178	979	0	0
XM_047954817.1	561	362	0	0
XM_047954818.1	417	218	0	0
XM_047954819.1	1107	908	0	0
XM_047954820.1	1168	969	0	0
XM_047954821.1	2217	2018	0	0
XM_047954822.1	1964	1765	0	0
XM_047954823.1	297	98.0001	0	0
XM_047954824.1	913	714	0	0
XM_047954825.1	4060	3861	0	0
XM_047954826.1	1217	1018	0	0
XM_047954827.1	1299	1100	0	0
XM_047954828.1	1347	1148	0	0
XM_047954829.1	1332	1133	0	0
XM_047954830.1	2325	2126	0	0
XM_047954831.1	3005	2806	0	0
XM_047954832.1	357	158	0	0
XM_047954833.1	366	167	0	0
XM_047954834.1	354	155	0	0
XM_047954835.1	1862	1663	0	0
XM_047954836.1	1894	1695	0	0
XM_047954837.1	513	314	0	0
XM_047954838.1	1187	988	0	0
XM_047954839.1	1752	1553	0	0
XM_047954840.1	1323	1124	0	0
XM_047954841.1	850	651	0	0
XM_047954842.1	2088	1889	0	0
XM_047954843.1	2178	1979	0	0
XM_047954844.1	4097	3898	0	0
XM_047954845.1	369	170	0	0
XM_047954846.1	752	553	0	0
XM_047954847.1	3833	3634	0	0
XM_047954848.1	1007	808	0	0
XM_047954849.1	1820	1621	0	0
XM_047954850.1	1441	1242	0	0
XM_047954851.1	2955	2756	0	0
XM_047954852.1	480	281	0	0
XM_047954853.1	975	776	0	0
XM_047954854.1	579	380	1	9933.45
XM_047954855.1	1062	863	0	0
XM_047954856.1	2009	1810	0	0
XM_047954857.1	1201	1002	0	0
XM_047954858.1	3063	2864	0	0
XM_047954859.1	1923	1724	0	0
XM_047954860.1	4200	4001	0	0
XM_047954861.1	609	410	0	0
XM_047954862.1	705	506	0	0
XM_047954863.1	267	68.0268	0	0
XM_047954864.1	447	248	0	0
XM_047954865.1	1983	1784	0	0
XM_047954866.1	261	62.0706	0	0
XM_047954867.1	402	203	0	0
XM_047954868.1	912	713	0	0
XM_047954869.1	792	593	0	0
XM_047954870.1	990	791	0	0
XM_047954871.1	621	422	0	0
XM_047954872.1	390	191	0	0
XM_047954873.1	579	380	0	0
XM_047954874.1	1782	1583	0	0
XM_047954875.1	534	335	0	0
XM_047954876.1	1356	1157	0	0
XM_047954877.1	1242	1043	0	0
XM_047954878.1	591	392	0	0
XM_047954879.1	480	281	0	0
XM_047954880.1	699	500	0	0
XM_047954881.1	303	104	0	0
XM_047954882.1	492	293	0	0
XM_047954883.1	465	266	0	0
XM_047954884.1	1794	1595	0	0
XM_047954885.1	390	191	0	0
XM_047954886.1	432	233	0	0
XM_047954887.1	798	599	0	0
XM_047954888.1	327	128	0	0
XM_047954889.1	399	200	0	0
XM_047954890.1	450	251	0	0
XM_047954891.1	1931	1732	0	0
XM_047954892.1	1973	1774	0	0
XM_047954893.1	357	158	0	0
XM_047954894.1	1533	1334	0	0
XM_047954895.1	399	200	0	0
XM_047954896.1	945	746	0	0
XM_047954897.1	645	446	0	0
XM_047954898.1	387	188	0	0
XM_047954899.1	270	71.016	0	0
XM_047954900.1	3779	3580	0	0
XM_047954901.1	354	155	0	0
XM_047954902.1	945	746	0	0
XM_047954903.1	1755	1556	0	0
XM_047954904.1	603	404	0	0
XM_047954905.1	510	311	0	0
XM_047954906.1	495	296	0	0
XM_047954907.1	1194	995	0	0
XM_047954908.1	591	392	0	0
XM_047954909.1	588	389	0	0
XM_047954910.1	972	773	0	0
XM_047954911.1	1149	950	0	0
XM_047954912.1	195	14.9308	0	0
XM_047954913.1	2123	1924	0	0
XM_047954914.1	1467	1268	0	0
XM_047954915.1	681	482	0	0
XM_047954916.1	300	101	0	0
XM_047954917.1	312	113	0	0
XM_047954918.1	1122	923	0	0
XM_047954919.1	1419	1220	0	0
XM_047954920.1	1257	1058	0	0
XM_047954921.1	522	323	0	0
XM_047954922.1	333	134	0	0
XM_047954923.1	1794	1595	0	0
XM_047954924.1	1143	944	0	0
XM_047954925.1	2946	2747	0	0
XM_047954926.1	2024	1825	0	0
XM_047954927.1	1758	1559	0	0
XM_047954928.1	1625	1426	0	0
XM_047954929.1	708	509	0	0
XM_047954930.1	216	24.1385	0	0
XM_047954931.1	726	527	0	0
XM_047954932.1	496	297	0	0
XM_047954933.1	1980	1781	0	0
XM_047954934.1	1568	1369	0	0
XM_047954935.1	792	593	0	0
XM_047954936.1	1480	1281	0	0
XM_047954937.1	1161	962	0	0
XM_047954938.1	1545	1346	0	0
XM_047954939.1	459	260	0	0
XM_047954940.1	753	554	0	0
XM_047954941.1	1311	1112	0	0
XM_047954942.1	813	614	0	0
XM_047954943.1	612	413	1	9139.74
XM_047954944.1	666	467	0	0
XM_047954945.1	1505	1306	0	0
XM_047954946.1	805	606	0	0
XM_047954947.1	3991	3792	0	0
XM_047954948.1	2226	2027	0	0
XM_047954949.1	999	800	0	0
XM_047954950.1	381	182	0	0
XM_047954951.1	642	443	0	0
XM_047954952.1	2003	1804	0	0
XM_047954953.1	835	636	0	0
XM_047954954.1	357	158	0	0
XM_047954955.1	444	245	0	0
XM_047954956.1	309	110	0	0
XM_047954957.1	345	146	0	0
XM_047954958.1	729	530	0	0
XM_047954959.1	840	641	0	0
XM_047954960.1	1176	977	0	0
XM_047954961.1	894	695	0	0
XM_047954962.1	741	542	0	0
XM_047954963.1	1950	1751	0	0
XM_047954964.1	393	194	0	0
XM_047954965.1	639	440	0	0
XM_047954966.1	789	590	0	0
XM_047954967.1	441	242	0	0
XM_047954968.1	1834	1635	0	0
XM_047954969.1	423	224	0	0
XM_047954970.1	618	419	0	0
XM_047954971.1	1413	1214	0	0
XM_047954972.1	645	446	0	0
XM_047954973.1	321	122	0	0
XM_047954974.1	580	381	0	0
XM_047954975.1	665	466	0	0
XM_047954976.1	2295	2096	0	0
XM_047954977.1	222	27.8721	0	0
XM_047954978.1	1574	1375	0	0
XM_047954979.1	2389	2190	0	0
XM_047954980.1	954	755	0	0
XM_047954981.1	1513	1314	0	0
XM_047954982.1	2418	2219	0	0
XM_047954983.1	3324	3125	0	0
XM_047954984.1	954	755	0	0
XM_047954985.1	3890	3691	0	0
XM_047954986.1	480	281	0	0
XM_047954987.1	555	356	0	0
XM_047954988.1	1272	1073	0	0
XM_047954989.1	723	524	0	0
XM_047954990.1	1448	1249	0	0
XM_047954991.1	312	113	0	0
XM_047954992.1	675	476	0	0
XM_047954993.1	2116	1917	0	0
XM_047954994.1	2314	2115	0	0
XM_047954995.1	363	164	0	0
XM_047954996.1	678	479	0	0
XM_047954997.1	1935	1736	0	0
XM_047954998.1	231	34.449	0	0
XM_047954999.1	2108	1909	0	0
XM_047955000.1	465	266	0	0
XM_047955001.1	1260	1061	0	0
XM_047955002.1	831	632	0	0
XM_047955003.1	696	497	0	0
XM_047955004.1	1947	1748	0	0
XM_047955005.1	1401	1202	0	0
XM_047955006.1	2094	1895	0	0
XM_047955007.1	3614	3415	0	0
XM_047955008.1	1248	1049	0	0
XM_047955009.1	288	89.0004	0	0
XM_047955010.1	903	704	0	0
XM_047955011.1	948	749	0	0
XM_047955012.1	462	263	0	0
XM_047955013.1	874	675	0	0
XM_047955014.1	669	470	0	0
XM_047955015.1	726	527	0	0
XM_047955016.1	1284	1085	0	0
XM_047955017.1	3237	3038	0	0
XM_047955018.1	162	8.26769	0	0
XM_047955019.1	1593	1394	0	0
XM_047955020.1	1266	1067	0	0
XM_047955021.1	2134	1935	0	0
XM_047955022.1	333	134	0	0
XM_047955023.1	1212	1013	0	0
XM_047955024.1	1016	817	0	0
XM_047955025.1	4033	3834	0	0
XM_047955026.1	1248	1049	0	0
XM_047955027.1	1243	1044	0	0
XM_047955028.1	1361	1162	0	0
XM_047955029.1	399	200	0	0
XM_047955030.1	1272	1073	0	0
XM_047955031.1	1483	1284	0	0
XM_047955032.1	1499	1300	0	0
XM_047955033.1	1427	1228	0	0
XM_047955034.1	693	494	0	0
XM_047955035.1	831	632	0	0
XM_047955036.1	1984	1785	0	0
XM_047955037.1	1777	1578	0	0
XM_047955038.1	2669	2470	0	0
XM_047955039.1	639	440	0	0
XM_047955040.1	1965	1766	0	0
XM_047955041.1	1113	914	0	0
XM_047955042.1	2032	1833	0	0
XM_047955043.1	1423	1224	0	0
XM_047955044.1	1377	1178	0	0
XM_047955045.1	2790	2591	0	0
XM_047955046.1	2231	2032	0	0
XM_047955047.1	1415	1216	0	0
XM_047955048.1	5145	4946	0	0
XM_047955049.1	973	774	0	0
XM_047955050.1	843	644	0	0
XM_047955051.1	3832	3633	0	0
XM_047955052.1	2620	2421	0	0
XM_047955053.1	1507	1308	0	0
XM_047955054.1	3112	2913	0	0
XM_047955055.1	624	425	0	0
XM_047955056.1	679	480	0	0
XM_047955057.1	1479	1280	0	0
XM_047955058.1	1095	896	0	0
XM_047955059.1	915	716	0	0
XM_047955060.1	1443	1244	0	0
XM_047955061.1	1866	1667	0	0
XM_047955062.1	1644	1445	0	0
XM_047955063.1	1346	1147	0	0
XM_047955064.1	604	405	0	0
XM_047955065.1	1334	1135	0	0
XM_047955066.1	3207	3008	0	0
XM_047955067.1	2859	2660	0	0
XM_047955068.1	303	104	0	0
XM_047955069.1	1915	1716	0	0
XM_047955070.1	4455	4256	0	0
XM_047955071.1	645	446	0	0
XM_047955072.1	732	533	0	0
XM_047955073.1	1914	1715	0	0
XM_047955074.1	1836	1637	0	0
XM_047955075.1	1833	1634	0	0
XM_047955076.1	1416	1217	0	0
XM_047955077.1	850	651	0	0
XM_047955078.1	1487	1288	0	0
XM_047955079.1	2123	1924	1	1961.91
XM_047955080.1	330	131	0	0
XM_047955081.1	1655	1456	0	0
XM_047955082.1	447	248	0	0
XM_047955083.1	2051	1852	0	0
XM_047955084.1	1890	1691	0	0
XM_047955085.1	1904	1705	0	0
XM_047955086.1	3027	2828	0	0
XM_047955087.1	3831	3632	0	0
XM_047955088.1	2376	2177	0	0
XM_047955089.1	1330	1131	0	0
XM_047955090.1	2792	2593	0	0
XM_047955091.1	1436	1237	0	0
XM_047955092.1	327	128	0	0
XM_047955093.1	198	15.9266	0	0
XM_047955094.1	1151	952	0	0
XM_047955095.1	846	647	0	0
XM_047955096.1	1748	1549	0	0
XM_047955097.1	1140	941	0	0
XM_047955098.1	1970	1771	0	0
XM_047955099.1	318	119	0	0
XM_047955100.1	1140	941	0	0
XM_047955101.1	489	290	0	0
XM_047955102.1	300	101	0	0
XM_047955103.1	216	24.1385	0	0
XM_047955104.1	800	601	0	0
XM_047955105.1	399	200	0	0
XM_047955106.1	477	278	0	0
XM_047955107.1	2117	1918	0	0
XM_047955108.1	183	11.741	0	0
XM_047955109.1	4383	4184	0	0
XM_047955110.1	6559	6360	0	0
XM_047955111.1	1120	921	0	0
XM_047955112.1	2595	2396	0	0
XM_047955113.1	770	571	0	0
XM_047955114.1	2107	1908	0	0
XM_047955115.1	933	734	0	0
XM_047955116.1	1359	1160	0	0
XM_047955117.1	630	431	0	0
XM_047955118.1	519	320	0	0
XM_047955119.1	1128	929	0	0
XM_047955120.1	860	661	0	0
XM_047955121.1	2120	1921	0	0
XM_047955122.1	933	734	0	0
XM_047955123.1	944	745	0	0
XM_047955124.1	1359	1160	0	0
XM_047955125.1	1498	1299	0	0
XM_047955126.1	318	119	0	0
XM_047955127.1	393	194	0	0
XM_047955128.1	690	491	0	0
XM_047955129.1	1542	1343	0	0
XM_047955130.1	252	53.2554	0	0
XM_047955131.1	642	443	0	0
XM_047955132.1	1374	1175	0	0
XM_047955133.1	626	427	0	0
XM_047955134.1	1278	1079	0	0
XM_047955135.1	960	761	0	0
XM_047955136.1	498	299	0	0
XM_047955137.1	342	143	0	0
XM_047955138.1	2197	1998	0	0
XM_047955139.1	519	320	0	0
XM_047955140.1	2925	2726	0	0
XM_047955141.1	2019	1820	0	0
XM_047955142.1	1116	917	0	0
XM_047955143.1	1893	1694	0	0
XM_047955144.1	453	254	0	0
XM_047955145.1	1563	1364	0	0
XM_047955146.1	1137	938	0	0
XM_047955147.1	372	173	0	0
XM_047955148.1	396	197	0	0
XM_047955149.1	1233	1034	0	0
XM_047955150.1	1218	1019	0	0
XM_047955151.1	2910	2711	0	0
XM_047955152.1	1170	971	0	0
XM_047955153.1	909	710	0	0
XM_047955154.1	920	721	0	0
XM_047955155.1	2784	2585	0	0
XM_047955156.1	1412	1213	0	0
XM_047955157.1	3151	2952	0	0
XM_047955158.1	2504	2305	0	0
XM_047955159.1	947	748	0	0
XM_047955160.1	333	134	0	0
XM_047955161.1	393	194	0	0
XM_047955162.1	240	42.049	0	0
XM_047955163.1	306	107	0	0
XM_047955164.1	204	18.2087	0	0
XM_047955165.1	1083	884	0	0
XM_047955166.1	219	25.9389	0	0
XM_047955167.1	920	721	0	0
XM_047955168.1	330	131	0	0
XM_047955169.1	594	395	0	0
XM_047955170.1	1733	1534	1	2460.7
XM_047955171.1	1848	1649	0	0
XM_047955172.1	693	494	0	0
XM_047955173.1	1017	818	0	0
XM_047955174.1	2208	2009	0	0
XM_047955175.1	1652	1453	0	0
XM_047955176.1	945	746	0	0
XM_047955177.1	354	155	0	0
XM_047955178.1	744	545	0	0
XM_047955179.1	312	113	0	0
XM_047955180.1	1212	1013	0	0
XM_047955181.1	1199	1000	0	0
XM_047955182.1	1269	1070	0	0
XM_047955183.1	762	563	0	0
XM_047955184.1	645	446	0	0
XM_047955185.1	507	308	0	0
XM_047955186.1	903	704	0	0
XM_047955187.1	1095	896	0	0
XM_047955188.1	3330	3131	0	0
XM_047955189.1	2001	1802	0	0
XM_047955190.1	336	137	0	0
XM_047955191.1	1112	913	0	0
XM_047955192.1	1801	1602	0	0
XM_047955193.1	1944	1745	0	0
XM_047955194.1	1560	1361	0	0
XM_047955195.1	1605	1406	0	0
XM_047955196.1	4116	3917	0	0
XM_047955197.1	641	442	0	0
XM_047955198.1	4320	4121	0	0
XM_047955199.1	687	488	0	0
XM_047955200.1	1746	1547	0	0
XM_047955201.1	951	752	0	0
XM_047955202.1	1530	1331	0	0
XM_047955203.1	183	11.741	0	0
XM_047955204.1	984	785	0	0
XM_047955205.1	1266	1067	0	0
XM_047955206.1	1780	1581	0	0
XM_047955207.1	360	161	0	0
XM_047955208.1	550	351	0	0
XM_047955209.1	327	128	0	0
XM_047955210.1	348	149	0	0
XM_047955211.1	393	194	0	0
XM_047955212.1	1935	1736	0	0
XM_047955213.1	2325	2126	0	0
XM_047955214.1	1716	1517	0	0
XM_047955215.1	840	641	0	0
XM_047955216.1	1488	1289	0	0
XM_047955217.1	732	533	0	0
XM_047955218.1	2649	2450	0	0
XM_047955219.1	1515	1316	0	0
XM_047955220.1	2000	1801	0	0
XM_047955221.1	2098	1899	0	0
XM_047955222.1	2964	2765	0	0
XM_047955223.1	1471	1272	0	0
XM_047955224.1	2395	2196	0	0
XM_047955225.1	249	50.3754	0	0
XM_047955226.1	300	101	0	0
XM_047955227.1	291	92.0002	0	0
XM_047955228.1	213	22.4695	0	0
XM_047955229.1	2001	1802	0	0
XM_047955230.1	654	455	0	0
XM_047955231.1	1478	1279	0	0
XM_047955232.1	1577	1378	0	0
XM_047955233.1	619	420	0	0
XM_047955234.1	4984	4785	0	0
XM_047955235.1	1774	1575	0	0
XM_047955236.1	3522	3323	0	0
XM_047955237.1	2826	2627	0	0
XM_047955238.1	1794	1595	0	0
XM_047955239.1	603	404	0	0
XM_047955240.1	408	209	0	0
XM_047955241.1	1312	1113	0	0
XM_047955242.1	1694	1495	0	0
XM_047955243.1	1390	1191	0	0
XM_047955244.1	981	782	0	0
XM_047955245.1	828	629	0	0
XM_047955246.1	1064	865	0	0
XM_047955247.1	1025	826	0	0
XM_047955248.1	2065	1866	0	0
XM_047955249.1	2039	1840	0	0
XM_047955250.1	602	403	0	0
XM_047955251.1	4590	4391	1	859.647
XM_047955252.1	591	392	0	0
XM_047955253.1	456	257	0	0
XM_047955254.1	598	399	0	0
XM_047955255.1	776	577	0	0
XM_047955256.1	384	185	0	0
XM_047955257.1	1159	960	0	0
XM_047955258.1	1200	1001	0	0
XM_047955259.1	558	359	0	0
XM_047955260.1	747	548	0	0
XM_047955261.1	1575	1376	0	0
XM_047955262.1	2326	2127	0	0
XM_047955263.1	2847	2648	0	0
XM_047955264.1	897	698	3	16223.7
XM_047955265.1	1010	811	0	0
XM_047955266.1	1593	1394	0	0
XM_047955267.1	237	39.4185	0	0
XM_047955268.1	363	164	0	0
XM_047955269.1	561	362	0	0
XM_047955270.1	2241	2042	0	0
XM_047955271.1	1372	1173	0	0
XM_047955272.1	2408	2209	0	0
XM_047955273.1	492	293	0	0
XM_047955274.1	279	80.003	0	0
XM_047955275.1	1488	1289	0	0
XM_047955276.1	1332	1133	0	0
XM_047955277.1	585	386	0	0
XM_047955278.1	1962	1763	0	0
XM_047955279.1	1977	1778	0	0
XM_047955280.1	255	56.1701	0	0
XM_047955281.1	1206	1007	0	0
XM_047955282.1	1662	1463	0	0
XM_047955283.1	933	734	0	0
XM_047955284.1	4059	3860	0	0
XM_047955285.1	2117	1918	0	0
XM_047955286.1	2855	2656	0	0
XM_047955287.1	2491	2292	0	0
XM_047955288.1	2190	1991	0	0
XM_047955289.1	327	128	0	0
XM_047955290.1	663	464	0	0
XM_047955291.1	1101	902	0	0
XM_047955292.1	924	725	0	0
XM_047955293.1	867	668	0	0
XM_047955294.1	360	161	0	0
XM_047955295.1	1017	818	0	0
XM_047955296.1	339	140	0	0
XM_047955297.1	528	329	0	0
XM_047955298.1	1827	1628	0	0
XM_047955299.1	180	11.1077	0	0
XM_047955300.1	336	137	0	0
XM_047955301.1	468	269	0	0
XM_047955302.1	360	161	0	0
XM_047955303.1	1245	1046	0	0
XM_047955304.1	636	437	0	0
XM_047955305.1	930	731	0	0
XM_047955306.1	768	569	0	0
XM_047955307.1	732	533	0	0
XM_047955308.1	804	605	0	0
XM_047955309.1	396	197	0	0
XM_047955310.1	342	143	0	0
XM_047955311.1	872	673	0	0
XM_047955312.1	1770	1571	0	0
XM_047955313.1	1926	1727	0	0
XM_047955314.1	2002	1803	0	0
XM_047955315.1	1131	932	0	0
XM_047955316.1	1858	1659	0	0
XM_047955317.1	1869	1670	0	0
XM_047955318.1	1599	1400	0	0
XM_047955319.1	1017	818	0	0
XM_047955320.1	1600	1401	0	0
XM_047955321.1	1185	986	0	0
XM_047955322.1	336	137	0	0
XM_047955323.1	1710	1511	0	0
XM_047955324.1	1560	1361	0	0
XM_047955325.1	369	170	0	0
XM_047955326.1	1533	1334	0	0
XM_047955327.1	4890	4691	0	0
XM_047955328.1	4945	4746	0	0
XM_047955329.1	2250	2051	0	0
XM_047955330.1	1609	1410	0	0
XM_047955331.1	1825	1626	0	0
XM_047955332.1	447	248	0	0
XM_047955333.1	5022	4823	0	0
XM_047955334.1	215	23.5677	0	0
XM_047955335.1	213	22.4695	0	0
XM_047955336.1	1839	1640	0	0
XM_047955337.1	945	746	0	0
XM_047955338.1	486	287	0	0
XM_047955339.1	1953	1754	0	0
XM_047955340.1	2508	2309	0	0
XM_047955341.1	1663	1464	0	0
XM_047955342.1	409	210	0	0
XM_047955343.1	1120	921	0	0
XM_047955344.1	1469	1270	0	0
XM_047955345.1	2926	2727	0	0
XM_047955346.1	1084	885	0	0
XM_047955347.1	576	377	0	0
XM_047955348.1	666	467	0	0
XM_047955349.1	789	590	0	0
XM_047955350.1	4828	4629	0	0
XM_047955351.1	318	119	0	0
XM_047955352.1	3405	3206	0	0
XM_047955353.1	423	224	0	0
XM_047955354.1	1076	877	0	0
XM_047955355.1	2040	1841	0	0
XM_047955356.1	2152	1953	0	0
XM_047955357.1	1308	1109	0	0
XM_047955358.1	798	599	0	0
XM_047955359.1	1866	1667	0	0
XM_047955360.1	2615	2416	0	0
XM_047955361.1	2691	2492	0	0
XM_047955362.1	2178	1979	0	0
XM_047955363.1	1062	863	0	0
XM_047955364.1	2220	2021	0	0
XM_047955365.1	1281	1082	0	0
XM_047955366.1	2378	2179	0	0
XM_047955367.1	5431	5232	0	0
XM_047955368.1	240	42.049	0	0
XM_047955369.1	462	263	0	0
XM_047955370.1	5248	5049	0	0
XM_047955371.1	942	743	0	0
XM_047955372.1	1158	959	0	0
XM_047955373.1	153	7.28986	0	0
XM_047955374.1	4569	4370	0	0
XM_047955375.1	393	194	0	0
XM_047955376.1	315	116	0	0
XM_047955377.1	2279	2080	0	0
XM_047955378.1	2366	2167	0	0
XM_047955379.1	5464	5265	0	0
XM_047955380.1	5426	5227	0	0
XM_047955381.1	533	334	0	0
XM_047955382.1	669	470	0	0
XM_047955383.1	855	656	0	0
XM_047955384.1	752	553	0	0
XM_047955385.1	1296	1097	0	0
XM_047955386.1	2049	1850	0	0
XM_047955387.1	615	416	0	0
XM_047955388.1	1800	1601	0	0
XM_047955389.1	1020	821	0	0
XM_047955390.1	417	218	0	0
XM_047955391.1	2486	2287	0	0
XM_047955392.1	1191	992	0	0
XM_047955393.1	204	18.2087	0	0
XM_047955394.1	1583	1384	0	0
XM_047955395.1	1587	1388	0	0
XM_047955396.1	1620	1421	0	0
XM_047955397.1	1885	1686	0	0
XM_047955398.1	1845	1646	0	0
XM_047955399.1	1279	1080	0	0
XM_047955400.1	1231	1032	0	0
XM_047955401.1	1027	828	0	0
XM_047955402.1	1139	940	3	12047
XM_047955403.1	1319	1120	0	0
XM_047955404.1	255	56.1701	0	0
XM_047955405.1	906	707	0	0
XM_047955406.1	1924	1725	0	0
XM_047955407.1	405	206	0	0
XM_047955408.1	210	20.9285	0	0
XM_047955409.1	243	44.7603	0	0
XM_047955410.1	957	758	0	0
XM_047955411.1	507	308	0	0
XM_047955412.1	513	314	0	0
XM_047955413.1	1644	1445	0	0
XM_047955414.1	1683	1484	0	0
XM_047955415.1	3615	3416	0	0
XM_047955416.1	1999	1800	0	0
XM_047955417.1	3538	3339	0	0
XM_047955418.1	870	671	0	0
XM_047955419.1	1017	818	0	0
XM_047955420.1	2723	2524	0	0
XM_047955421.1	219	25.9389	0	0
XM_047955422.1	6336	6137	0	0
XM_047955423.1	2266	2067	1	1826.18
XM_047955424.1	2029	1830	0	0
XM_047955425.1	336	137	0	0
XM_047955426.1	471	272	0	0
XM_047955427.1	1059	860	0	0
XM_047955428.1	966	767	0	0
XM_047955429.1	189	13.1915	0	0
XM_047955430.1	1682	1483	0	0
XM_047955431.1	300	101	0	0
XM_047955432.1	3666	3467	0	0
XM_047955433.1	5756	5557	0	0
XM_047955434.1	933	734	0	0
XM_047955435.1	3805	3606	0	0
XM_047955436.1	1084	885	0	0
XM_047955437.1	2259	2060	0	0
XM_047955438.1	3486	3287	0	0
XM_047955439.1	2115	1916	0	0
XM_047955440.1	2300	2101	0	0
XM_047955441.1	543	344	0	0
XM_047955442.1	390	191	0	0
XM_047955443.1	534	335	0	0
XM_047955444.1	177	10.528	0	0
XM_047955445.1	3189	2990	0	0
XM_047955446.1	327	128	0	0
XM_047955447.1	495	296	0	0
XM_047955448.1	770	571	0	0
XM_047955449.1	1889	1690	0	0
XM_047955450.1	2085	1886	0	0
XM_047955451.1	1603	1404	0	0
XM_047955452.1	4823	4624	0	0
XM_047955453.1	461	262	0	0
XM_047955454.1	1626	1427	0	0
XM_047955455.1	1215	1016	0	0
XM_047955456.1	783	584	0	0
XM_047955457.1	2071	1872	0	0
XM_047955458.1	726	527	0	0
XM_047955459.1	530	331	0	0
XM_047955460.1	1855	1656	0	0
XM_047955461.1	2893	2694	0	0
XM_047955462.1	946	747	0	0
XM_047955463.1	867	668	0	0
XM_047955464.1	3185	2986	0	0
XM_047955465.1	2632	2433	0	0
XM_047955466.1	1400	1201	0	0
XM_047955467.1	2688	2489	0	0
XM_047955468.1	510	311	0	0
XM_047955469.1	507	308	0	0
XM_047955470.1	327	128	0	0
XM_047955471.1	279	80.003	0	0
XM_047955472.1	2068	1869	0	0
XM_047955473.1	1505	1306	0	0
XM_047955474.1	720	521	0	0
XM_047955475.1	1834	1635	0	0
XM_047955476.1	1000	801	0	0
XM_047955477.1	2437	2238	0	0
XM_047955478.1	1241	1042	0	0
XM_047955479.1	171	9.50903	0	0
XM_047955480.1	1673	1474	0	0
XM_047955481.1	1550	1351	0	0
XM_047955482.1	1779	1580	0	0
XM_047955483.1	1759	1560	0	0
XM_047955484.1	1006	807	0	0
XM_047955485.1	2120	1921	0	0
XM_047955486.1	1709	1510	0	0
XM_047955487.1	2143	1944	0	0
XM_047955488.1	363	164	0	0
XM_047955489.1	2763	2564	0	0
XM_047955490.1	3110	2911	0	0
XM_047955491.1	387	188	0	0
XM_047955492.1	1089	890	0	0
XM_047955493.1	2342	2143	0	0
XM_047955494.1	1152	953	0	0
XM_047955495.1	393	194	0	0
XM_047955496.1	368	169	0	0
XM_047955497.1	669	470	0	0
XM_047955498.1	3003	2804	0	0
XM_047955499.1	3118	2919	0	0
XM_047955500.1	303	104	0	0
XM_047955501.1	1169	970	0	0
XM_047955502.1	645	446	0	0
XM_047955503.1	746	547	0	0
XM_047955504.1	1011	812	0	0
XM_047955505.1	621	422	0	0
XM_047955506.1	1834	1635	0	0
XM_047955507.1	249	50.3754	0	0
XM_047955508.1	351	152	0	0
XM_047955509.1	3187	2988	0	0
XM_047955510.1	321	122	0	0
XM_047955511.1	1451	1252	0	0
XM_047955512.1	603	404	0	0
XM_047955513.1	597	398	0	0
XM_047955514.1	345	146	0	0
XM_047955515.1	351	152	0	0
XM_047955516.1	3102	2903	0	0
XM_047955517.1	2581	2382	0	0
XM_047955518.1	513	314	0	0
XM_047955519.1	1800	1601	0	0
XM_047955520.1	3354	3155	0	0
XM_047955521.1	1116	917	0	0
XM_047955522.1	2921	2722	0	0
XM_047955523.1	4641	4442	0	0
XM_047955524.1	636	437	0	0
XM_047955525.1	255	56.1701	0	0
XM_047955526.1	1514	1315	0	0
XM_047955527.1	219	25.9389	0	0
XM_047955528.1	672	473	0	0
XM_047955529.1	1401	1202	0	0
XM_047955530.1	2241	2042	0	0
XM_047955531.1	300	101	0	0
XM_047955532.1	2910	2711	0	0
XM_047955533.1	1973	1774	0	0
XM_047955534.1	13171	12972	0	0
XM_047955535.1	786	587	0	0
XM_047955536.1	1535	1336	0	0
XM_047955537.1	735	536	0	0
XM_047955538.1	3620	3421	0	0
XM_047955539.1	3729	3530	0	0
XM_047955540.1	276	77.0053	0	0
XM_047955541.1	297	98.0001	0	0
XM_047955542.1	1454	1255	0	0
XM_047955543.1	807	608	0	0
XM_047955544.1	3441	3242	0	0
XM_047955545.1	576	377	0	0
XM_047955546.1	4815	4616	0	0
XM_047955547.1	2286	2087	0	0
XM_047955548.1	1640	1441	0	0
XM_047955549.1	2569	2370	0	0
XM_047955550.1	867	668	0	0
XM_047955551.1	1017	818	0	0
XM_047955552.1	165	8.64817	0	0
XM_047955553.1	699	500	0	0
XM_047955554.1	477	278	0	0
XM_047955555.1	351	152	0	0
XM_047955556.1	2996	2797	0	0
XM_047955557.1	1932	1733	0	0
XM_047955558.1	945	746	0	0
XM_047955559.1	858	659	0	0
XM_047955560.1	798	599	0	0
XM_047955561.1	2073	1874	0	0
XM_047955562.1	945	746	0	0
XM_047955563.1	750	551	0	0
XM_047955564.1	798	599	0	0
XM_047955565.1	2073	1874	0	0
XM_047955566.1	783	584	0	0
XM_047955567.1	750	551	0	0
XM_047955568.1	588	389	0	0
XM_047955569.1	1791	1592	0	0
XM_047955570.1	2606	2407	0	0
XM_047955571.1	459	260	0	0
XM_047955572.1	771	572	0	0
XM_047955573.1	1891	1692	0	0
XM_047955574.1	1834	1635	0	0
XM_047955575.1	2099	1900	0	0
XM_047955576.1	1246	1047	0	0
XM_047955577.1	1290	1091	0	0
XM_047955578.1	1861	1662	0	0
XM_047955579.1	962	763	2	9894.39
XM_047955580.1	810	611	0	0
XM_047955581.1	1001	802	0	0
XM_047955582.1	222	27.8721	0	0
XM_047955583.1	204	18.2087	0	0
XM_047955584.1	5013	4814	0	0
XM_047955585.1	1098	899	0	0
XM_047955586.1	1236	1037	0	0
XM_047955587.1	1612	1413	0	0
XM_047955588.1	1539	1340	0	0
XM_047955589.1	1514	1315	0	0
XM_047955590.1	1352	1153	0	0
XM_047955591.1	1813	1614	0	0
XM_047955592.1	812	613	0	0
XM_047955593.1	516	317	0	0
XM_047955594.1	2532	2333	0	0
XM_047955595.1	2061	1862	0	0
XM_047955596.1	360	161	0	0
XM_047955597.1	975	776	0	0
XM_047955598.1	675	476	0	0
XM_047955599.1	1909	1710	0	0
XM_047955600.1	1856	1657	0	0
XM_047955601.1	387	188	0	0
XM_047955602.1	1441	1242	0	0
XM_047955603.1	2896	2697	0	0
XM_047955604.1	2475	2276	0	0
XM_047955605.1	201	17.0167	0	0
XM_047955606.1	4353	4154	0	0
XM_047955607.1	2016	1817	0	0
XM_047955608.1	1034	835	0	0
XM_047955609.1	2881	2682	0	0
XM_047955610.1	2474	2275	0	0
XM_047955611.1	402	203	0	0
XM_047955612.1	183	11.741	0	0
XM_047955613.1	156	7.59116	0	0
XM_047955614.1	664	465	0	0
XM_047955615.1	456	257	0	0
XM_047955616.1	918	719	0	0
XM_047955617.1	1844	1645	0	0
XM_047955618.1	1284	1085	0	0
XM_047955619.1	225	29.9375	0	0
XM_047955620.1	321	122	0	0
XM_047955621.1	273	74.0093	0	0
XM_047955622.1	549	350	0	0
XM_047955623.1	2427	2228	0	0
XM_047955624.1	2742	2543	0	0
XM_047955625.1	546	347	0	0
XM_047955626.1	1640	1441	0	0
XM_047955627.1	2011	1812	0	0
XM_047955628.1	781	582	0	0
XM_047955629.1	603	404	0	0
XM_047955630.1	421	222	0	0
XM_047955631.1	1137	938	0	0
XM_047955632.1	1957	1758	0	0
XM_047955633.1	1023	824	0	0
XM_047955634.1	339	140	0	0
XM_047955635.1	708	509	0	0
XM_047955636.1	1949	1750	0	0
XM_047955637.1	486	287	0	0
XM_047955638.1	1422	1223	0	0
XM_047955639.1	1397	1198	0	0
XM_047955640.1	306	107	0	0
XM_047955641.1	1037	838	0	0
XM_047955642.1	1030	831	0	0
XM_047955643.1	372	173	0	0
XM_047955644.1	1260	1061	0	0
XM_047955645.1	681	482	0	0
XM_047955646.1	783	584	0	0
XM_047955647.1	1096	897	0	0
XM_047955648.1	1708	1509	0	0
XM_047955649.1	1785	1586	0	0
XM_047955650.1	1287	1088	0	0
XM_047955651.1	939	740	0	0
XM_047955652.1	599	400	0	0
XM_047955653.1	629	430	0	0
XM_047955654.1	600	401	0	0
XM_047955655.1	724	525	0	0
XM_047955656.1	724	525	0	0
XM_047955657.1	2137	1938	0	0
XM_047955658.1	447	248	0	0
XM_047955659.1	2928	2729	0	0
XM_047955660.1	1010	811	0	0
XM_047955661.1	1590	1391	0	0
XM_047955662.1	1177	978	0	0
XM_047955663.1	1203	1004	0	0
XM_047955664.1	1866	1667	0	0
XM_047955665.1	447	248	0	0
XM_047955666.1	642	443	0	0
XM_047955667.1	591	392	0	0
XM_047955668.1	357	158	0	0
XM_047955669.1	1008	809	0	0
XM_047955670.1	771	572	0	0
XM_047955671.1	1071	872	0	0
XM_047955672.1	381	182	0	0
XM_047955673.1	990	791	0	0
XM_047955674.1	297	98.0001	0	0
XM_047955675.1	1226	1027	0	0
XM_047955676.1	3153	2954	0	0
XM_047955677.1	1359	1160	0	0
XM_047955678.1	420	221	0	0
XM_047955679.1	928	729	0	0
XM_047955680.1	424	225	0	0
XM_047955681.1	276	77.0053	0	0
XM_047955682.1	870	671	0	0
XM_047955683.1	315	116	0	0
XM_047955684.1	884	685	0	0
XM_047955685.1	984	785	0	0
XM_047955686.1	1026	827	0	0
XM_047955687.1	1381	1182	0	0
XM_047955688.1	417	218	0	0
XM_047955689.1	1196	997	0	0
XM_047955690.1	297	98.0001	0	0
XM_047955691.1	345	146	0	0
XM_047955692.1	2181	1982	0	0
XM_047955693.1	1757	1558	0	0
XM_047955694.1	3419	3220	0	0
XM_047955695.1	672	473	0	0
XM_047955696.1	855	656	0	0
XM_047955697.1	1161	962	0	0
XM_047955698.1	1584	1385	0	0
XM_047955699.1	2173	1974	0	0
XM_047955700.1	1451	1252	0	0
XM_047955701.1	1082	883	0	0
XM_047955702.1	4082	3883	0	0
XM_047955703.1	2250	2051	0	0
XM_047955704.1	1347	1148	0	0
XM_047955705.1	2942	2743	1	1376.13
XM_047955706.1	1734	1535	0	0
XM_047955707.1	435	236	0	0
XM_047955708.1	1818	1619	0	0
XM_047955709.1	966	767	0	0
XM_047955710.1	2563	2364	0	0
XM_047955711.1	1680	1481	0	0
XM_047955712.1	633	434	0	0
XM_047955713.1	249	50.3754	0	0
XM_047955714.1	243	44.7603	0	0
XM_047955715.1	984	785	0	0
XM_047955716.1	972	773	0	0
XM_047955717.1	303	104	0	0
XM_047955718.1	276	77.0053	0	0
XM_047955719.1	564	365	0	0
XM_047955720.1	225	29.9375	0	0
XM_047955721.1	603	404	0	0
XM_047955722.1	2476	2277	0	0
XM_047955723.1	858	659	0	0
XM_047955724.1	1368	1169	0	0
XM_047955725.1	447	248	0	0
XM_047955726.1	1302	1103	0	0
XM_047955727.1	912	713	0	0
XM_047955728.1	522	323	0	0
XM_047955729.1	1008	809	0	0
XM_047955730.1	1210	1011	0	0
XM_047955731.1	1449	1250	0	0
XM_047955732.1	711	512	0	0
XM_047955733.1	1641	1442	0	0
XM_047955734.1	393	194	0	0
XM_047955735.1	174	9.99669	0	0
XM_047955736.1	357	158	0	0
XM_047955737.1	1299	1100	0	0
XM_047955738.1	530	331	0	0
XM_047955739.1	423	224	0	0
XM_047955740.1	1145	946	0	0
XM_047955741.1	249	50.3754	0	0
XM_047955742.1	1641	1442	0	0
XM_047955743.1	934	735	0	0
XM_047955744.1	624	425	0	0
XM_047955745.1	720	521	0	0
XM_047955746.1	1377	1178	0	0
XM_047955747.1	738	539	0	0
XM_047955748.1	648	449	0	0
XM_047955749.1	519	320	0	0
XM_047955750.1	1650	1451	0	0
XM_047955751.1	621	422	0	0
XM_047955752.1	1584	1385	0	0
XM_047955753.1	613	414	0	0
XM_047955754.1	1788	1589	0	0
XM_047955755.1	402	203	0	0
XM_047955756.1	1491	1292	0	0
XM_047955757.1	1494	1295	0	0
XM_047955758.1	1355	1156	0	0
XM_047955759.1	4262	4063	0	0
XM_047955760.1	3135	2936	0	0
XM_047955761.1	1504	1305	0	0
XM_047955762.1	510	311	0	0
XM_047955763.1	2285	2086	0	0
XM_047955764.1	159	7.91627	0	0
XM_047955765.1	3648	3449	0	0
XM_047955766.1	1881	1682	0	0
XM_047955767.1	1032	833	0	0
XM_047955768.1	303	104	0	0
XM_047955769.1	591	392	0	0
XM_047955770.1	312	113	0	0
XM_047955771.1	2005	1806	0	0
XM_047955772.1	1270	1071	0	0
XM_047955773.1	1062	863	0	0
XM_047955774.1	2129	1930	0	0
XM_047955775.1	330	131	0	0
XM_047955776.1	306	107	0	0
XM_047955777.1	1968	1769	0	0
XM_047955778.1	2151	1952	0	0
XM_047955779.1	390	191	0	0
XM_047955780.1	893	694	0	0
XM_047955781.1	2766	2567	0	0
XM_047955782.1	474	275	0	0
XM_047955783.1	1249	1050	0	0
XM_047955784.1	1404	1205	0	0
XM_047955785.1	2440	2241	0	0
XM_047955786.1	1302	1103	0	0
XM_047955787.1	1011	812	0	0
XM_047955788.1	1653	1454	0	0
XM_047955789.1	1602	1403	0	0
XM_047955790.1	805	606	0	0
XM_047955791.1	3951	3752	0	0
XM_047955792.1	654	455	0	0
XM_047955793.1	435	236	0	0
XM_047955794.1	982	783	0	0
XM_047955795.1	818	619	0	0
XM_047955796.1	1200	1001	0	0
XM_047955797.1	1820	1621	0	0
XM_047955798.1	2906	2707	0	0
XM_047955799.1	696	497	0	0
XM_047955800.1	3913	3714	0	0
XM_047955801.1	321	122	0	0
XM_047955802.1	444	245	0	0
XM_047955803.1	507	308	0	0
XM_047955804.1	4077	3878	0	0
XM_047955805.1	1958	1759	0	0
XM_047955806.1	1693	1494	0	0
XM_047955807.1	846	647	0	0
XM_047955808.1	1197	998	0	0
XM_047955809.1	3376	3177	0	0
XM_047955810.1	4079	3880	0	0
XM_047955811.1	225	29.9375	0	0
XM_047955812.1	309	110	0	0
XM_047955813.1	1985	1786	0	0
XM_047955814.1	805	606	0	0
XM_047955815.1	3101	2902	0	0
XM_047955816.1	519	320	0	0
XM_047955817.1	1603	1404	0	0
XM_047955818.1	1555	1356	0	0
XM_047955819.1	1062	863	0	0
XM_047955820.1	444	245	0	0
XM_047955821.1	387	188	0	0
XM_047955822.1	1769	1570	0	0
XM_047955823.1	1267	1068	0	0
XM_047955824.1	591	392	0	0
XM_047955825.1	1224	1025	0	0
XM_047955826.1	258	59.1108	0	0
XM_047955827.1	1293	1094	0	0
XM_047955828.1	798	599	0	0
XM_047955829.1	192	14.0216	0	0
XM_047955830.1	670	471	0	0
XM_047955831.1	360	161	0	0
XM_047955832.1	2166	1967	0	0
XM_047955833.1	2225	2026	0	0
XM_047955834.1	1833	1634	0	0
XM_047955835.1	1971	1772	0	0
XM_047955836.1	3852	3653	0	0
XM_047955837.1	2706	2507	0	0
XM_047955838.1	888	689	0	0
XM_047955839.1	777	578	0	0
XM_047955840.1	741	542	0	0
XM_047955841.1	417	218	0	0
XM_047955842.1	1272	1073	0	0
XM_047955843.1	161	8.14747	0	0
XM_047955844.1	665	466	0	0
XM_047955845.1	552	353	0	0
XM_047955846.1	1500	1301	0	0
XM_047955847.1	423	224	0	0
XM_047955848.1	648	449	0	0
XM_047955849.1	1033	834	0	0
XM_047955850.1	198	15.9266	0	0
XM_047955851.1	285	86.0009	0	0
XM_047955852.1	2535	2336	0	0
XM_047955853.1	312	113	0	0
XM_047955854.1	702	503	0	0
XM_047955855.1	327	128	0	0
XM_047955856.1	690	491	0	0
XM_047955857.1	354	155	0	0
XM_047955858.1	2203	2004	0	0
XM_047955859.1	1010	811	0	0
XM_047955860.1	912	713	0	0
XM_047955861.1	261	62.0706	0	0
XM_047955862.1	691	492	0	0
XM_047955863.1	4605	4406	0	0
XM_047955864.1	4325	4126	0	0
XM_047955865.1	3060	2861	0	0
XM_047955866.1	594	395	0	0
XM_047955867.1	1267	1068	0	0
XM_047955868.1	1308	1109	0	0
XM_047955869.1	1557	1358	0	0
XM_047955870.1	1511	1312	0	0
XM_047955871.1	1014	815	0	0
XM_047955872.1	660	461	0	0
XM_047955873.1	345	146	0	0
XM_047955874.1	933	734	0	0
XM_047955875.1	513	314	0	0
XM_047955876.1	1927	1728	0	0
XM_047955877.1	1288	1089	0	0
XM_047955878.1	1059	860	0	0
XM_047955879.1	1224	1025	0	0
XM_047955880.1	498	299	0	0
XM_047955881.1	540	341	0	0
XM_047955882.1	273	74.0093	0	0
XM_047955883.1	2419	2220	0	0
XM_047955884.1	1232	1033	0	0
XM_047955885.1	1615	1416	0	0
XM_047955886.1	624	425	0	0
XM_047955887.1	2433	2234	0	0
XM_047955888.1	1170	971	0	0
XM_047955889.1	507	308	0	0
XM_047955890.1	1083	884	0	0
XM_047955891.1	273	74.0093	0	0
XM_047955892.1	318	119	0	0
XM_047955893.1	294	95.0001	0	0
XM_047955894.1	489	290	0	0
XM_047955895.1	494	295	0	0
XM_047955896.1	1494	1295	0	0
XM_047955897.1	1878	1679	0	0
XM_047955898.1	882	683	0	0
XM_047955899.1	762	563	0	0
XM_047955900.1	333	134	0	0
XM_047955901.1	444	245	0	0
XM_047955902.1	480	281	0	0
XM_047955903.1	1168	969	0	0
XM_047955904.1	393	194	0	0
XM_047955905.1	228	32.1317	0	0
XM_047955906.1	207	19.5103	0	0
XM_047955907.1	1183	984	0	0
XM_047955908.1	1136	937	0	0
XM_047955909.1	2665	2466	0	0
XM_047955910.1	1069	870	0	0
XM_047955911.1	953	754	0	0
XM_047955912.1	1951	1752	0	0
XM_047955913.1	1200	1001	0	0
XM_047955914.1	420	221	0	0
XM_047955915.1	906	707	0	0
XM_047955916.1	3411	3212	0	0
XM_047955917.1	357	158	0	0
XM_047955918.1	243	44.7603	0	0
XM_047955919.1	591	392	0	0
XM_047955920.1	960	761	0	0
XM_047955921.1	630	431	0	0
XM_047955922.1	618	419	0	0
XM_047955923.1	432	233	0	0
XM_047955924.1	510	311	0	0
XM_047955925.1	1741	1542	0	0
XM_047955926.1	3060	2861	0	0
XM_047955927.1	399	200	0	0
XM_047955928.1	1002	803	0	0
XM_047955929.1	498	299	0	0
XM_047955930.1	698	499	0	0
XM_047955931.1	1279	1080	0	0
XM_047955932.1	2341	2142	0	0
XM_047955933.1	2269	2070	0	0
XM_047955934.1	336	137	0	0
XM_047955935.1	501	302	0	0
XM_047955936.1	348	149	0	0
XM_047955937.1	628	429	0	0
XM_047955938.1	366	167	0	0
XM_047955939.1	1740	1541	0	0
XM_047955940.1	342	143	0	0
XM_047955941.1	426	227	0	0
XM_047955942.1	1830	1631	0	0
XM_047955943.1	1990	1791	0	0
XM_047955944.1	2063	1864	0	0
XM_047955945.1	2080	1881	0	0
XM_047955946.1	6121	5922	0	0
XM_047955947.1	785	586	0	0
XM_047955948.1	857	658	0	0
XM_047955949.1	921	722	0	0
XM_047955950.1	810	611	0	0
XM_047955951.1	2082	1883	0	0
XM_047955952.1	4752	4553	0	0
XM_047955953.1	990	791	0	0
XM_047955954.1	963	764	0	0
XM_047955955.1	693	494	0	0
XM_047955956.1	1018	819	0	0
XM_047955957.1	522	323	0	0
XM_047955958.1	2248	2049	0	0
XM_047955959.1	2071	1872	0	0
XM_047955960.1	510	311	0	0
XM_047955961.1	354	155	0	0
XM_047955962.1	234	36.8813	0	0
XM_047955963.1	396	197	0	0
XM_047955964.1	1004	805	0	0
XM_047955965.1	1052	853	0	0
XM_047955966.1	451	252	0	0
XM_047955967.1	1620	1421	0	0
XM_047955968.1	794	595	0	0
XM_047955969.1	318	119	0	0
XM_047955970.1	1797	1598	0	0
XM_047955971.1	1641	1442	0	0
XM_047955972.1	294	95.0001	0	0
XM_047955973.1	1698	1499	0	0
XM_047955974.1	498	299	0	0
XM_047955975.1	804	605	0	0
XM_047955976.1	1947	1748	0	0
XM_047955977.1	1218	1019	0	0
XM_047955978.1	369	170	0	0
XM_047955979.1	315	116	0	0
XM_047955980.1	626	427	0	0
XM_047955981.1	291	92.0002	0	0
XM_047955982.1	225	29.9375	0	0
XM_047955983.1	435	236	0	0
XM_047955984.1	1512	1313	0	0
XM_047955985.1	255	56.1701	0	0
XM_047955986.1	330	131	0	0
XM_047955987.1	843	644	0	0
XM_047955988.1	786	587	0	0
XM_047955989.1	2283	2084	0	0
XM_047955990.1	1530	1331	0	0
XM_047955991.1	2071	1872	0	0
XM_047955992.1	2133	1934	1	1951.76
XM_047955993.1	1076	877	0	0
XM_047955994.1	825	626	0	0
XM_047955995.1	540	341	0	0
XM_047955996.1	306	107	0	0
XM_047955997.1	216	24.1385	0	0
XM_047955998.1	507	308	0	0
XM_047955999.1	1356	1157	0	0
XM_047956000.1	990	791	0	0
XM_047956001.1	1029	830	0	0
XM_047956002.1	2880	2681	0	0
XM_047956003.1	869	670	0	0
XM_047956004.1	1175	976	0	0
XM_047956005.1	1141	942	0	0
XM_047956006.1	1306	1107	0	0
XM_047956007.1	2191	1992	0	0
XM_047956008.1	1305	1106	0	0
XM_047956009.1	3264	3065	0	0
XM_047956010.1	294	95.0001	0	0
XM_047956011.1	168	9.06081	0	0
XM_047956012.1	951	752	0	0
XM_047956013.1	679	480	0	0
XM_047956014.1	1605	1406	0	0
XM_047956015.1	639	440	0	0
XM_047956016.1	1085	886	0	0
XM_047956017.1	1720	1521	0	0
XM_047956018.1	2231	2032	0	0
XM_047956019.1	1102	903	0	0
XM_047956020.1	475	276	0	0
XM_047956021.1	1395	1196	0	0
XM_047956022.1	382	183	0	0
XM_047956023.1	543	344	0	0
XM_047956024.1	568	369	0	0
XM_047956025.1	267	68.0268	0	0
XM_047956026.1	693	494	0	0
XM_047956027.1	303	104	0	0
XM_047956028.1	261	62.0706	0	0
XM_047956029.1	303	104	0	0
XM_047956030.1	396	197	0	0
XM_047956031.1	1588	1389	0	0
XM_047956032.1	798	599	0	0
XM_047956033.1	1113	914	0	0
XM_047956034.1	738	539	0	0
XM_047956035.1	1544	1345	0	0
XM_047956036.1	1614	1415	0	0
XM_047956037.1	1768	1569	0	0
XM_047956038.1	1369	1170	0	0
XM_047956039.1	702	503	0	0
XM_047956040.1	2220	2021	0	0
XM_047956041.1	2571	2372	0	0
XM_047956042.1	2635	2436	0	0
XM_047956043.1	696	497	0	0
XM_047956044.1	1426	1227	0	0
XM_047956045.1	1278	1079	0	0
XM_047956046.1	1173	974	0	0
XM_047956047.1	603	404	0	0
XM_047956048.1	648	449	0	0
XM_047956049.1	1029	830	0	0
XM_047956050.1	1902	1703	0	0
XM_047956051.1	1035	836	0	0
XM_047956052.1	999	800	0	0
XM_047956053.1	648	449	0	0
XM_047956054.1	366	167	0	0
XM_047956055.1	408	209	0	0
XM_047956056.1	685	486	0	0
XM_047956057.1	842	643	0	0
XM_047956058.1	384	185	0	0
XM_047956059.1	1659	1460	0	0
XM_047956060.1	261	62.0706	0	0
XM_047956061.1	588	389	0	0
XM_047956062.1	162	8.26769	0	0
XM_047956063.1	624	425	0	0
XM_047956064.1	1753	1554	0	0
XM_047956065.1	489	290	0	0
XM_047956066.1	516	317	0	0
XM_047956067.1	1089	890	0	0
XM_047956068.1	570	371	0	0
XM_047956069.1	1536	1337	0	0
XM_047956070.1	1038	839	0	0
XM_047956071.1	1845	1646	0	0
XM_047956072.1	595	396	0	0
XM_047956073.1	743	544	0	0
XM_047956074.1	723	524	0	0
XM_047956075.1	426	227	0	0
XM_047956076.1	672	473	0	0
XM_047956077.1	312	113	0	0
XM_047956078.1	2337	2138	0	0
XM_047956079.1	1544	1345	0	0
XM_047956080.1	1501	1302	0	0
XM_047956081.1	1638	1439	0	0
XM_047956082.1	4349	4150	0	0
XM_047956083.1	1447	1248	0	0
XM_047956084.1	1281	1082	0	0
XM_047956085.1	1528	1329	0	0
XM_047956086.1	279	80.003	0	0
XM_047956087.1	625	426	0	0
XM_047956088.1	370	171	0	0
XM_047956089.1	1582	1383	0	0
XM_047956090.1	1029	830	0	0
XM_047956091.1	621	422	0	0
XM_047956092.1	2031	1832	1	2060.43
XM_047956093.1	465	266	0	0
XM_047956094.1	333	134	0	0
XM_047956095.1	2719	2520	0	0
XM_047956096.1	444	245	0	0
XM_047956097.1	663	464	0	0
XM_047956098.1	1246	1047	0	0
XM_047956099.1	414	215	0	0
XM_047956100.1	675	476	0	0
XM_047956101.1	528	329	0	0
XM_047956102.1	907	708	0	0
XM_047956103.1	333	134	0	0
XM_047956104.1	534	335	0	0
XM_047956105.1	396	197	0	0
XM_047956106.1	2093	1894	0	0
XM_047956107.1	1740	1541	0	0
XM_047956108.1	2250	2051	0	0
XM_047956109.1	1952	1753	0	0
XM_047956110.1	1650	1451	0	0
XM_047956111.1	1967	1768	0	0
XM_047956112.1	1111	912	0	0
XM_047956113.1	963	764	0	0
XM_047956114.1	1108	909	0	0
XM_047956115.1	303	104	0	0
XM_047956116.1	2137	1938	0	0
XM_047956117.1	2108	1909	0	0
XM_047956118.1	2323	2124	0	0
XM_047956119.1	2137	1938	0	0
XM_047956120.1	453	254	0	0
XM_047956121.1	720	521	0	0
XM_047956122.1	447	248	0	0
XM_047956123.1	183	11.741	0	0
XM_047956124.1	1071	872	0	0
XM_047956125.1	1233	1034	0	0
XM_047956126.1	559	360	0	0
XM_047956127.1	354	155	0	0
XM_047956128.1	975	776	0	0
XM_047956129.1	729	530	0	0
XM_047956130.1	273	74.0093	0	0
XM_047956131.1	1542	1343	0	0
XM_047956132.1	561	362	0	0
XM_047956133.1	561	362	0	0
XM_047956134.1	471	272	0	0
XM_047956135.1	366	167	0	0
XM_047956136.1	1223	1024	0	0
XM_047956137.1	432	233	0	0
XM_047956138.1	384	185	0	0
XM_047956139.1	2097	1898	0	0
XM_047956140.1	513	314	0	0
XM_047956141.1	333	134	0	0
XM_047956142.1	324	125	0	0
XM_047956143.1	285	86.0009	0	0
XM_047956144.1	174	9.99669	0	0
XM_047956145.1	273	74.0093	0	0
XM_047956146.1	812	613	0	0
XM_047956147.1	213	22.4695	0	0
XM_047956148.1	174	9.99669	0	0
XM_047956149.1	957	758	0	0
XM_047956150.1	294	95.0001	0	0
XM_047956151.1	5699	5500	0	0
XM_047956152.1	5998	5799	0	0
XM_047956153.1	600	401	0	0
XM_047956154.1	753	554	0	0
XM_047956155.1	2386	2187	0	0
XM_047956156.1	2469	2270	0	0
XM_047956157.1	801	602	0	0
XM_047956158.1	3558	3359	0	0
XM_047956159.1	240	42.049	0	0
XM_047956160.1	2031	1832	0	0
XM_047956161.1	2026	1827	0	0
XM_047956162.1	943	744	0	0
XM_047956163.1	1248	1049	0	0
XM_047956164.1	321	122	0	0
XM_047956165.1	1474	1275	0	0
XM_047956166.1	363	164	0	0
XM_047956167.1	1036	837	0	0
XM_047956168.1	1968	1769	0	0
XM_047956169.1	3174	2975	0	0
XM_047956170.1	1062	863	0	0
XM_047956171.1	681	482	0	0
XM_047956172.1	213	22.4695	0	0
XM_047956173.1	469	270	0	0
XM_047956174.1	1683	1484	0	0
XM_047956175.1	1908	1709	0	0
XM_047956176.1	300	101	0	0
XM_047956177.1	435	236	0	0
XM_047956178.1	1551	1352	0	0
XM_047956179.1	1095	896	0	0
XM_047956180.1	1701	1502	0	0
XM_047956181.1	3975	3776	0	0
XM_047956182.1	2181	1982	0	0
XM_047956183.1	2487	2288	0	0
XM_047956184.1	297	98.0001	0	0
XM_047956185.1	2694	2495	0	0
XM_047956186.1	327	128	0	0
XM_047956187.1	219	25.9389	0	0
XM_047956188.1	384	185	0	0
XM_047956189.1	210	20.9285	0	0
XM_047956190.1	207	19.5103	0	0
XM_047956191.1	549	350	0	0
XM_047956192.1	330	131	0	0
XM_047956193.1	270	71.016	0	0
XM_047956194.1	495	296	0	0
XM_047956195.1	660	461	0	0
XM_047956196.1	588	389	0	0
XM_047956197.1	1014	815	0	0
XM_047956198.1	1257	1058	0	0
XM_047956199.1	731	532	0	0
XM_047956200.1	2010	1811	0	0
XM_047956201.1	420	221	0	0
XM_047956202.1	2701	2502	0	0
XM_047956203.1	2828	2629	0	0
XM_047956204.1	3507	3308	0	0
XM_047956205.1	3614	3415	0	0
XM_047956206.1	1629	1430	0	0
XM_047956207.1	1344	1145	0	0
XM_047956208.1	2112	1913	0	0
XM_047956209.1	720	521	0	0
XM_047956210.1	511	312	0	0
XM_047956211.1	5097	4898	3.24586	2501.47
XM_047956212.1	525	326	0	0
XM_047956213.1	1092	893	0	0
XM_047956214.1	669	470	0	0
XM_047956215.1	744	545	0	0
XM_047956216.1	486	287	0	0
XM_047956217.1	1032	833	0	0
XM_047956218.1	669	470	0	0
XM_047956219.1	990	791	0	0
XM_047956220.1	1653	1454	0	0
XM_047956221.1	1341	1142	0	0
XM_047956222.1	309	110	0	0
XM_047956223.1	330	131	0	0
XM_047956224.1	587	388	0	0
XM_047956225.1	767	568	0	0
XM_047956226.1	507	308	0	0
XM_047956227.1	764	565	0	0
XM_047956228.1	552	353	0	0
XM_047956229.1	1095	896	0	0
XM_047956230.1	1039	840	0	0
XM_047956231.1	771	572	0	0
XM_047956232.1	2331	2132	0	0
XM_047956233.1	978	779	0	0
XM_047956234.1	3012	2813	0	0
XM_047956235.1	1049	850	0	0
XM_047956236.1	895	696	0	0
XM_047956237.1	662	463	0	0
XM_047956238.1	4249	4050	0	0
XM_047956239.1	1092	893	0	0
XM_047956240.1	3585	3386	0	0
XM_047956241.1	244	45.6799	0	0
XM_047956242.1	568	369	1.63189	16693.5
XM_047956243.1	551	352	0	0
XM_047956244.1	748	549	0	0
XM_047956245.1	393	194	0	0
XM_047956246.1	420	221	0	0
XM_047956247.1	1608	1409	0	0
XM_047956248.1	1115	916	0	0
XM_047956249.1	1658	1459	0	0
XM_047956250.1	2427	2228	0	0
XM_047956251.1	969	770	0	0
XM_047956252.1	375	176	0	0
XM_047956253.1	750	551	0	0
XM_047956254.1	2109	1910	0	0
XM_047956255.1	1583	1384	0	0
XM_047956256.1	1489	1290	0	0
XM_047956257.1	2451	2252	0	0
XM_047956258.1	1479	1280	0	0
XM_047956259.1	420	221	0	0
XM_047956260.1	414	215	0	0
XM_047956261.1	1816	1617	0	0
XM_047956262.1	1686	1487	0	0
XM_047956263.1	273	74.0093	0	0
XM_047956264.1	1453	1254	0	0
XM_047956265.1	2259	2060	0	0
XM_047956266.1	677	478	0	0
XM_047956267.1	837	638	0	0
XM_047956268.1	204	18.2087	0	0
XM_047956269.1	2157	1958	0	0
XM_047956270.1	1362	1163	0	0
XM_047956271.1	786	587	0	0
XM_047956272.1	873	674	0	0
XM_047956273.1	1008	809	0	0
XM_047956274.1	1195	996	0	0
XM_047956275.1	333	134	0	0
XM_047956276.1	2012	1813	1.23928	2580.22
XM_047956277.1	480	281	0	0
XM_047956278.1	438	239	0	0
XM_047956279.1	402	203	0	0
XM_047956280.1	162	8.26769	0	0
XM_047956281.1	1963	1764	0	0
XM_047956282.1	1200	1001	0	0
XM_047956283.1	1788	1589	0	0
XM_047956284.1	744	545	0	0
XM_047956285.1	660	461	0	0
XM_047956286.1	330	131	0	0
XM_047956287.1	612	413	0	0
XM_047956288.1	1095	896	0	0
XM_047956289.1	372	173	0	0
XM_047956290.1	237	39.4185	0	0
XM_047956291.1	616	417	0	0
XM_047956292.1	540	341	0	0
XM_047956293.1	1018	819	0	0
XM_047956294.1	690	491	0	0
XM_047956295.1	411	212	0	0
XM_047956296.1	183	11.741	0	0
XM_047956297.1	273	74.0093	0	0
XM_047956298.1	621	422	0	0
XM_047956299.1	1212	1013	0	0
XM_047956300.1	1875	1676	0	0
XM_047956301.1	1192	993	0	0
XM_047956302.1	1277	1078	0	0
XM_047956303.1	2511	2312	0	0
XM_047956304.1	1910	1711	0	0
XM_047956305.1	1363	1164	0	0
XM_047956306.1	705	506	0	0
XM_047956307.1	3135	2936	0	0
XM_047956308.1	369	170	0	0
XM_047956309.1	426	227	0	0
XM_047956310.1	2212	2013	0	0
XM_047956311.1	1899	1700	0	0
XM_047956312.1	1864	1665	0	0
XM_047956313.1	1401	1202	0	0
XM_047956314.1	1308	1109	0	0
XM_047956315.1	1496	1297	0	0
XM_047956316.1	339	140	0	0
XM_047956317.1	801	602	0	0
XM_047956318.1	864	665	0	0
XM_047956319.1	276	77.0053	0	0
XM_047956320.1	839	640	0	0
XM_047956321.1	771	572	0	0
XM_047956322.1	1308	1109	0	0
XM_047956323.1	1269	1070	0	0
XM_047956324.1	2058	1859	0	0
XM_047956325.1	1261	1062	0	0
XM_047956326.1	1458	1259	0	0
XM_047956327.1	1602	1403	0	0
XM_047956328.1	1161	962	0	0
XM_047956329.1	766	567	0	0
XM_047956330.1	918	719	0	0
XM_047956331.1	2238	2039	0	0
XM_047956332.1	2224	2025	0	0
XM_047956333.1	2038	1839	0	0
XM_047956334.1	432	233	1	16200.5
XM_047956335.1	981	782	0	0
XM_047956336.1	3808	3609	0	0
XM_047956337.1	969	770	0	0
XM_047956338.1	1467	1268	0	0
XM_047956339.1	291	92.0002	0	0
XM_047956340.1	186	12.4336	0	0
XM_047956341.1	801	602	0	0
XM_047956342.1	594	395	0	0
XM_047956343.1	291	92.0002	0	0
XM_047956344.1	753	554	0	0
XM_047956345.1	495	296	0	0
XM_047956346.1	3369	3170	0	0
XM_047956347.1	729	530	0	0
XM_047956348.1	1146	947	0	0
XM_047956349.1	1381	1182	0	0
XM_047956350.1	1449	1250	0	0
XM_047956351.1	1504	1305	0	0
XM_047956352.1	1324	1125	0	0
XM_047956353.1	894	695	0	0
XM_047956354.1	2850	2651	0	0
XM_047956355.1	854	655	0	0
XM_047956356.1	924	725	0	0
XM_047956357.1	2444	2245	0	0
XM_047956358.1	465	266	0	0
XM_047956359.1	3464	3265	0	0
XM_047956360.1	267	68.0268	0	0
XM_047956361.1	357	158	0	0
XM_047956362.1	767	568	0	0
XM_047956363.1	684	485	0	0
XM_047956364.1	291	92.0002	0	0
XM_047956365.1	453	254	0	0
XM_047956366.1	336	137	0	0
XM_047956367.1	276	77.0053	0	0
XM_047956368.1	474	275	0	0
XM_047956369.1	858	659	0	0
XM_047956370.1	306	107	0	0
XM_047956371.1	345	146	0	0
XM_047956372.1	1344	1145	0	0
XM_047956373.1	1290	1091	0	0
XM_047956374.1	225	29.9375	0	0
XM_047956375.1	737	538	0	0
XM_047956376.1	162	8.26769	0	0
XM_047956377.1	507	308	0	0
XM_047956378.1	186	12.4336	0	0
XM_047956379.1	893	694	0	0
XM_047956380.1	887	688	0	0
XM_047956381.1	510	311	0	0
XM_047956382.1	255	56.1701	0	0
XM_047956383.1	231	34.449	0	0
XM_047956384.1	1649	1450	0	0
XM_047956385.1	291	92.0002	0	0
XM_047956386.1	318	119	0	0
XM_047956387.1	255	56.1701	0	0
XM_047956388.1	1794	1595	0	0
XM_047956389.1	807	608	0	0
XM_047956390.1	567	368	0	0
XM_047956391.1	420	221	0	0
XM_047956392.1	1032	833	0	0
XM_047956393.1	778	579	0	0
XM_047956394.1	909	710	0	0
XM_047956395.1	2819	2620	0	0
XM_047956396.1	2556	2357	0	0
XM_047956397.1	943	744	1	5073.54
XM_047956398.1	1750	1551	0	0
XM_047956399.1	4562	4363	0	0
XM_047956400.1	2340	2141	0	0
XM_047956401.1	2132	1933	0	0
XM_047956402.1	1553	1354	0	0
XM_047956403.1	1407	1208	0	0
XM_047956404.1	2364	2165	0	0
XM_047956405.1	1229	1030	0	0
XM_047956406.1	2854	2655	0	0
XM_047956407.1	1467	1268	0	0
XM_047956408.1	1357	1158	0	0
XM_047956409.1	648	449	0	0
XM_047956410.1	600	401	0	0
XM_047956411.1	765	566	0	0
XM_047956412.1	246	47.5399	0	0
XM_047956413.1	1062	863	0	0
XM_047956414.1	732	533	0	0
XM_047956415.1	270	71.016	0	0
XM_047956416.1	2277	2078	0	0
XM_047956417.1	516	317	0	0
XM_047956418.1	639	440	0	0
XM_047956419.1	544	345	0	0
XM_047956420.1	225	29.9375	0	0
XM_047956421.1	402	203	0	0
XM_047956422.1	1020	821	0	0
XM_047956423.1	312	113	0	0
XM_047956424.1	195	14.9308	0	0
XM_047956425.1	435	236	0	0
XM_047956426.1	811	612	0	0
XM_047956427.1	216	24.1385	0	0
XM_047956428.1	939	740	0	0
XM_047956429.1	3308	3109	0	0
XM_047956430.1	682	483	0	0
XM_047956431.1	549	350	0	0
XM_047956432.1	384	185	0	0
XM_047956433.1	186	12.4336	0	0
XM_047956434.1	477	278	0	0
XM_047956435.1	630	431	0	0
XM_047956436.1	384	185	0	0
XM_047956437.1	1361	1162	0	0
XM_047956438.1	2388	2189	0	0
XM_047956439.1	623	424	0	0
XM_047956440.1	1011	812	0	0
XM_047956441.1	1301	1102	0	0
XM_047956442.1	753	554	0	0
XM_047956443.1	1314	1115	0	0
XM_047956444.1	986	787	0	0
XM_047956445.1	798	599	0	0
XM_047956446.1	2597	2398	0	0
XM_047956447.1	3999	3800	0	0
XM_047956448.1	3043	2844	0	0
XM_047956449.1	486	287	0	0
XM_047956450.1	255	56.1701	0	0
XM_047956451.1	270	71.016	0	0
XM_047956452.1	1719	1520	0	0
XM_047956453.1	582	383	0	0
XM_047956454.1	768	569	0	0
XM_047956455.1	489	290	0	0
XM_047956456.1	588	389	0	0
XM_047956457.1	615	416	0	0
XM_047956458.1	4879	4680	0	0
XM_047956459.1	1553	1354	0	0
XM_047956460.1	837	638	0	0
XM_047956461.1	968	769	0	0
XM_047956462.1	1993	1794	0	0
XM_047956463.1	723	524	0	0
XM_047956464.1	615	416	0	0
XM_047956465.1	505	306	0	0
XM_047956466.1	270	71.016	0	0
XM_047956467.1	393	194	0	0
XM_047956468.1	1080	881	0	0
XM_047956469.1	696	497	0	0
XM_047956470.1	360	161	0	0
XM_047956471.1	215	23.5677	0	0
XM_047956472.1	2524	2325	0	0
XM_047956473.1	480	281	0	0
XM_047956474.1	495	296	0	0
XM_047956475.1	312	113	0	0
XM_047956476.1	2045	1846	0	0
XM_047956477.1	330	131	0	0
XM_047956478.1	282	83.0016	0	0
XM_047956479.1	1782	1583	0	0
XM_047956480.1	2322	2123	0	0
XM_047956481.1	1859	1660	0	0
XM_047956482.1	2224	2025	0	0
XM_047956483.1	2141	1942	0	0
XM_047956484.1	1978	1779	0	0
XM_047956485.1	1812	1613	0	0
XM_047956486.1	1767	1568	0	0
XM_047956487.1	2498	2299	0	0
XM_047956488.1	1437	1238	0	0
XM_047956489.1	894	695	0	0
XM_047956490.1	624	425	0	0
XM_047956491.1	336	137	0	0
XM_047956492.1	1452	1253	0	0
XM_047956493.1	1565	1366	0	0
XM_047956494.1	792	593	0	0
XM_047956495.1	1429	1230	0	0
XM_047956496.1	562	363	0	0
XM_047956497.1	219	25.9389	0	0
XM_047956498.1	465	266	0	0
XM_047956499.1	345	146	0	0
XM_047956500.1	663	464	0	0
XM_047956501.1	189	13.1915	0	0
XM_047956502.1	386	187	0	0
XM_047956503.1	816	617	0	0
XM_047956504.1	726	527	0	0
XM_047956505.1	333	134	0	0
XM_047956506.1	1215	1016	0	0
XM_047956507.1	531	332	0	0
XM_047956508.1	999	800	0	0
XM_047956509.1	255	56.1701	0	0
XM_047956510.1	663	464	0	0
XM_047956511.1	213	22.4695	0	0
XM_047956512.1	513	314	0	0
XM_047956513.1	294	95.0001	0	0
XM_047956514.1	234	36.8813	0	0
XM_047956515.1	219	25.9389	0	0
XM_047956516.1	411	212	0	0
XM_047956517.1	210	20.9285	0	0
XM_047956518.1	498	299	0	0
XM_047956519.1	228	32.1317	0	0
XM_047956520.1	228	32.1317	0	0
XM_047956521.1	219	25.9389	0	0
XM_047956522.1	666	467	0	0
XM_047956523.1	2382	2183	0	0
XM_047956524.1	1332	1133	0	0
XM_047956525.1	1158	959	0	0
XM_047956526.1	393	194	0	0
XM_047956527.1	3082	2883	0	0
XM_047956528.1	3311	3112	0	0
XM_047956529.1	1210	1011	0	0
XM_047956530.1	1630	1431	0	0
XM_047956531.1	1493	1294	0	0
XM_047956532.1	1695	1496	0	0
XM_047956533.1	838	639	0	0
XM_047956534.1	3522	3323	0	0
XM_047956535.1	540	341	0	0
XM_047956536.1	768	569	0	0
XM_047956537.1	2732	2533	0	0
XM_047956538.1	1009	810	0	0
XM_047956539.1	1903	1704	0	0
XM_047956540.1	1119	920	0	0
XM_047956541.1	360	161	0	0
XM_047956542.1	2518	2319	0	0
XM_047956543.1	2313	2114	0	0
XM_047956544.1	2040	1841	0	0
XM_047956545.1	1779	1580	0	0
XM_047956546.1	699	500	0	0
XM_047956547.1	1005	806	0	0
XM_047956548.1	1470	1271	0	0
XM_047956549.1	450	251	0	0
XM_047956550.1	696	497	1	7594.99
XM_047956551.1	978	779	0	0
XM_047956552.1	1774	1575	0	0
XM_047956553.1	510	311	0	0
XM_047956554.1	2293	2094	0	0
XM_047956555.1	1148	949	0	0
XM_047956556.1	1863	1664	0	0
XM_047956557.1	408	209	0	0
XM_047956558.1	609	410	0	0
XM_047956559.1	372	173	0	0
XM_047956560.1	1020	821	0	0
XM_047956561.1	336	137	0	0
XM_047956562.1	483	284	0	0
XM_047956563.1	1495	1296	0	0
XM_047956564.1	863	664	0	0
XM_047956565.1	1566	1367	0	0
XM_047956566.1	453	254	0	0
XM_047956567.1	1377	1178	0	0
XM_047956568.1	276	77.0053	0	0
XM_047956569.1	252	53.2554	0	0
XM_047956570.1	282	83.0016	0	0
XM_047956571.1	378	179	0	0
XM_047956572.1	1074	875	0	0
XM_047956573.1	1104	905	0	0
XM_047956574.1	597	398	0	0
XM_047956575.1	606	407	0	0
XM_047956576.1	420	221	0	0
XM_047956577.1	330	131	0	0
XM_047956578.1	684	485	0	0
XM_047956579.1	633	434	0	0
XM_047956580.1	557	358	0	0
XM_047956581.1	705	506	0	0
XM_047956582.1	872	673	0	0
XM_047956583.1	1062	863	0	0
XM_047956584.1	471	272	0	0
XM_047956585.1	1601	1402	0	0
XM_047956586.1	465	266	0	0
XM_047956587.1	186	12.4336	0	0
XM_047956588.1	1124	925	0	0
XM_047956589.1	396	197	0	0
XM_047956590.1	1245	1046	0	0
XM_047956591.1	276	77.0053	0	0
XM_047956592.1	1236	1037	0	0
XM_047956593.1	276	77.0053	0	0
XM_047956594.1	276	77.0053	0	0
XM_047956595.1	507	308	0	0
XM_047956596.1	585	386	0	0
XM_047956597.1	435	236	0	0
XM_047956598.1	207	19.5103	0	0
XM_047956599.1	285	86.0009	0	0
XM_047956600.1	294	95.0001	0	0
XM_047956601.1	243	44.7603	0	0
XM_047956602.1	474	275	0	0
XM_047956603.1	516	317	0	0
XM_047956604.1	848	649	0	0
XM_047956605.1	582	383	0	0
XM_047956606.1	444	245	0	0
XM_047956607.1	839	640	0	0
XM_047956608.1	2074	1875	0	0
XM_047956609.1	1668	1469	0	0
XM_047956610.1	1990	1791	0	0
XM_047956611.1	1731	1532	0	0
XM_047956612.1	2045	1846	0	0
XM_047956613.1	2382	2183	0	0
XM_047956614.1	984	785	0	0
XM_047956615.1	1024	825	0	0
XM_047956616.1	792	593	0	0
XM_047956617.1	2033	1834	0	0
XM_047956618.1	312	113	0	0
XM_047956619.1	2786	2587	0	0
XM_047956620.1	1098	899	0	0
XM_047956621.1	1702	1503	0	0
XM_047956622.1	965	766	0	0
XM_047956623.1	679	480	0	0
XM_047956624.1	807	608	0	0
XM_047956625.1	786	587	0	0
XM_047956626.1	654	455	0	0
XM_047956627.1	765	566	0	0
XM_047956628.1	474	275	0	0
XM_047956629.1	498	299	0	0
XM_047956630.1	1098	899	0	0
XM_047956631.1	1136	937	0	0
XM_047956632.1	414	215	0	0
XM_047956633.1	882	683	0	0
XM_047956634.1	490	291	0	0
XM_047956635.1	408	209	0	0
XM_047956636.1	2505	2306	0	0
XM_047956637.1	303	104	0	0
XM_047956638.1	273	74.0093	0	0
XM_047956639.1	894	695	0	0
XM_047956640.1	1363	1164	0	0
XM_047956641.1	330	131	0	0
XM_047956642.1	411	212	0	0
XM_047956643.1	477	278	0	0
XM_047956644.1	1158	959	0	0
XM_047956645.1	351	152	0	0
XM_047956646.1	204	18.2087	0	0
XM_047956647.1	543	344	0	0
XM_047956648.1	477	278	0	0
XM_047956649.1	819	620	0	0
XM_047956650.1	390	191	0	0
XM_047956651.1	1548	1349	0	0
XM_047956652.1	745	546	0	0
XM_047956653.1	651	452	0	0
XM_047956654.1	579	380	0	0
XM_047956655.1	918	719	0	0
XM_047956656.1	1518	1319	0	0
XM_047956657.1	1456	1257	0	0
XM_047956658.1	1734	1535	0	0
XM_047956659.1	762	563	0	0
XM_047956660.1	471	272	0	0
XM_047956661.1	426	227	0	0
XM_047956662.1	1718	1519	0	0
XM_047956663.1	1286	1087	0	0
XM_047956664.1	2527	2328	0	0
XM_047956665.1	432	233	0	0
XM_047956666.1	564	365	0	0
XM_047956667.1	6876	6677	0	0
XM_047956668.1	4180	3981	0	0
XM_047956669.1	2109	1910	0	0
XM_047956670.1	1422	1223	0	0
XM_047956671.1	360	161	0	0
XM_047956672.1	1164	965	0	0
XM_047956673.1	567	368	0	0
XM_047956674.1	1627	1428	0	0
XM_047956675.1	1827	1628	0	0
XM_047956676.1	2197	1998	0	0
XM_047956677.1	1125	926	0	0
XM_047956678.1	525	326	0	0
XM_047956679.1	2758	2559	0	0
XM_047956680.1	2849	2650	0	0
XM_047956681.1	1730	1531	0	0
XM_047956682.1	4531	4332	0	0
XM_047956683.1	4778	4579	0	0
XM_047956684.1	1335	1136	0	0
XM_047956685.1	447	248	0	0
XM_047956686.1	642	443	0	0
XM_047956687.1	828	629	0	0
XM_047956688.1	207	19.5103	0	0
XM_047956689.1	945	746	0	0
XM_047956690.1	387	188	0	0
XM_047956691.1	519	320	0	0
XM_047956692.1	642	443	0	0
XM_047956693.1	3462	3263	0	0
XM_047956694.1	708	509	0	0
XM_047956695.1	1011	812	0	0
XM_047956696.1	1165	966	0	0
XM_047956697.1	1879	1680	0	0
XM_047956698.1	1233	1034	0	0
XM_047956699.1	2467	2268	0	0
XM_047956700.1	1107	908	0	0
XM_047956701.1	1149	950	0	0
XM_047956702.1	763	564	0	0
XM_047956703.1	186	12.4336	0	0
XM_047956704.1	753	554	0	0
XM_047956705.1	687	488	0	0
XM_047956706.1	637	438	0	0
XM_047956707.1	972	773	0	0
XM_047956708.1	2190	1991	0	0
XM_047956709.1	276	77.0053	0	0
XM_047956710.1	866	667	0	0
XM_047956711.1	798	599	0	0
XM_047956712.1	1943	1744	0	0
XM_047956713.1	1188	989	0	0
XM_047956714.1	327	128	0	0
XM_047956715.1	2598	2399	0	0
XM_047956716.1	414	215	0	0
XM_047956717.1	552	353	0	0
XM_047956718.1	2556	2357	0	0
XM_047956719.1	2574	2375	0	0
XM_047956720.1	2258	2059	0	0
XM_047956721.1	2554	2355	0	0
XM_047956722.1	384	185	0	0
XM_047956723.1	720	521	0	0
XM_047956724.1	405	206	0	0
XM_047956725.1	603	404	0	0
XM_047956726.1	207	19.5103	0	0
XM_047956727.1	237	39.4185	0	0
XM_047956728.1	2674	2475	0	0
XM_047956729.1	2160	1961	0	0
XM_047956730.1	387	188	0	0
XM_047956731.1	2073	1874	0	0
XM_047956732.1	2135	1936	0	0
XM_047956733.1	2390	2191	0	0
XM_047956734.1	2205	2006	0	0
XM_047956735.1	2339	2140	0	0
XM_047956736.1	1256	1057	0	0
XM_047956737.1	195	14.9308	0	0
XM_047956738.1	1193	994	0	0
XM_047956739.1	345	146	0	0
XM_047956740.1	345	146	0	0
XM_047956741.1	1440	1241	0	0
XM_047956742.1	729	530	0	0
XM_047956743.1	2253	2054	0	0
XM_047956744.1	1012	813	0	0
XM_047956745.1	1209	1010	0	0
XM_047956746.1	1322	1123	0	0
XM_047956747.1	1533	1334	0	0
XM_047956748.1	465	266	0	0
XM_047956749.1	429	230	0	0
XM_047956750.1	774	575	0	0
XM_047956751.1	1248	1049	0	0
XM_047956752.1	1329	1130	0	0
XM_047956753.1	763	564	0	0
XM_047956754.1	678	479	0	0
XM_047956755.1	903	704	0	0
XM_047956756.1	728	529	0	0
XM_047956757.1	981	782	0	0
XM_047956758.1	966	767	0	0
XM_047956759.1	1447	1248	0	0
XM_047956760.1	1692	1493	0	0
XM_047956761.1	936	737	0	0
XM_047956762.1	579	380	0	0
XM_047956763.1	510	311	0	0
XM_047956764.1	1083	884	0	0
XM_047956765.1	237	39.4185	0	0
XM_047956766.1	1392	1193	0	0
XM_047956767.1	1941	1742	0	0
XM_047956768.1	360	161	0	0
XM_047956769.1	387	188	0	0
XM_047956770.1	762	563	0	0
XM_047956771.1	4122	3923	0	0
XM_047956772.1	1251	1052	0	0
XM_047956773.1	518	319	1	11833
XM_047956774.1	528	329	0	0
XM_047956775.1	1597	1398	0	0
XM_047956776.1	645	446	0	0
XM_047956777.1	1419	1220	0	0
XM_047956778.1	1126	927	0	0
XM_047956779.1	2853	2654	0	0
XM_047956780.1	255	56.1701	0	0
XM_047956781.1	1902	1703	0	0
XM_047956782.1	3852	3653	0	0
XM_047956783.1	2026	1827	0	0
XM_047956784.1	2089	1890	0	0
XM_047956785.1	2095	1896	0	0
XM_047956786.1	342	143	0	0
XM_047956787.1	274	75.0077	0	0
XM_047956788.1	782	583	0	0
XM_047956789.1	939	740	0	0
XM_047956790.1	405	206	0	0
XM_047956791.1	273	74.0093	0	0
XM_047956792.1	573	374	0	0
XM_047956793.1	1194	995	0	0
XM_047956794.1	601	402	0	0
XM_047956795.1	339	140	0	0
XM_047956796.1	474	275	0	0
XM_047956797.1	345	146	0	0
XM_047956798.1	435	236	0	0
XM_047956799.1	966	767	0	0
XM_047956800.1	612	413	0	0
XM_047956801.1	1179	980	0	0
XM_047956802.1	1164	965	0	0
XM_047956803.1	1563	1364	0	0
XM_047956804.1	879	680	0	0
XM_047956805.1	486	287	0	0
XM_047956806.1	2052	1853	0	0
XM_047956807.1	195	14.9308	0	0
XM_047956808.1	1764	1565	0	0
XM_047956809.1	1737	1538	0	0
XM_047956810.1	1656	1457	0	0
XM_047956811.1	2129	1930	0	0
XM_047956812.1	831	632	0	0
XM_047956813.1	566	367	0	0
XM_047956814.1	774	575	0	0
XM_047956815.1	913	714	0	0
XM_047956816.1	276	77.0053	0	0
XM_047956817.1	2208	2009	0	0
XM_047956818.1	1017	818	0	0
XM_047956819.1	740	541	0	0
XM_047956820.1	942	743	0	0
XM_047956821.1	974	775	0	0
XM_047956822.1	1052	853	0	0
XM_047956823.1	1544	1345	0	0
XM_047956824.1	1411	1212	0	0
XM_047956825.1	1604	1405	0	0
XM_047956826.1	1398	1199	0	0
XM_047956827.1	1023	824	0	0
XM_047956828.1	1296	1097	0	0
XM_047956829.1	552	353	0	0
XM_047956830.1	327	128	0	0
XM_047956831.1	264	65.044	0	0
XM_047956832.1	2661	2462	0	0
XM_047956833.1	381	182	0	0
XM_047956834.1	2115	1916	0	0
XM_047956835.1	2049	1850	0	0
XM_047956836.1	1656	1457	0	0
XM_047956837.1	868	669	0	0
XM_047956838.1	3841	3642	0	0
XM_047956839.1	1625	1426	0	0
XM_047956840.1	237	39.4185	0	0
XM_047956841.1	1584	1385	0	0
XM_047956842.1	3455	3256	0	0
XM_047956843.1	7552	7353	0	0
XM_047956844.1	498	299	0	0
XM_047956845.1	312	113	0	0
XM_047956846.1	984	785	0	0
XM_047956847.1	243	44.7603	0	0
XM_047956848.1	536	337	0	0
XM_047956849.1	399	200	0	0
XM_047956850.1	5226	5027	0	0
XM_047956851.1	5212	5013	0	0
XM_047956852.1	1644	1445	0	0
XM_047956853.1	1887	1688	0	0
XM_047956854.1	182	11.5236	0	0
XM_047956855.1	579	380	0	0
XM_047956856.1	891	692	0	0
XM_047956857.1	663	464	0	0
XM_047956858.1	324	125	0	0
XM_047956859.1	1625	1426	0	0
XM_047956860.1	603	404	0	0
XM_047956861.1	351	152	0	0
XM_047956862.1	222	27.8721	0	0
XM_047956863.1	687	488	0	0
XM_047956864.1	1064	865	0	0
XM_047956865.1	1875	1676	0	0
XM_047956866.1	551	352	0	0
XM_047956867.1	396	197	0	0
XM_047956868.1	2133	1934	0	0
XM_047956869.1	471	272	0	0
XM_047956870.1	447	248	0	0
XM_047956871.1	1227	1028	0	0
XM_047956872.1	2565	2366	0	0
XM_047956873.1	1064	865	0	0
XM_047956874.1	1506	1307	0	0
XM_047956875.1	488	289	0	0
XM_047956876.1	501	302	0	0
XM_047956877.1	579	380	0	0
XM_047956878.1	1362	1163	0	0
XM_047956879.1	348	149	0	0
XM_047956880.1	285	86.0009	0	0
XM_047956881.1	879	680	0	0
XM_047956882.1	481	282	0	0
XM_047956883.1	563	364	0	0
XM_047956884.1	1038	839	0	0
XM_047956885.1	1749	1550	0	0
XM_047956886.1	1851	1652	0	0
XM_047956887.1	840	641	0	0
XM_047956888.1	228	32.1317	0	0
XM_047956889.1	783	584	0	0
XM_047956890.1	579	380	0	0
XM_047956891.1	304	105	0	0
XM_047956892.1	1357	1158	0	0
XM_047956893.1	510	311	0	0
XM_047956894.1	1080	881	0	0
XM_047956895.1	603	404	0	0
XM_047956896.1	312	113	0	0
XM_047956897.1	942	743	0	0
XM_047956898.1	525	326	0	0
XM_047956899.1	2132	1933	0	0
XM_047956900.1	1749	1550	0	0
XM_047956901.1	1074	875	0	0
XM_047956902.1	908	709	0	0
XM_047956903.1	604	405	0	0
XM_047956904.1	1802	1603	0	0
XM_047956905.1	1134	935	0	0
XM_047956906.1	216	24.1385	0	0
XM_047956907.1	672	473	0	0
XM_047956908.1	1038	839	0	0
XM_047956909.1	1052	853	0	0
XM_047956910.1	1398	1199	0	0
XM_047956911.1	570	371	0	0
XM_047956912.1	558	359	0	0
XM_047956913.1	546	347	0	0
XM_047956914.1	1131	932	0	0
XM_047956915.1	1419	1220	0	0
XM_047956916.1	1272	1073	0	0
XM_047956917.1	932	733	0	0
XM_047956918.1	204	18.2087	0	0
XM_047956919.1	495	296	0	0
XM_047956920.1	576	377	0	0
XM_047956921.1	324	125	0	0
XM_047956922.1	1227	1028	0	0
XM_047956923.1	390	191	0	0
XM_047956924.1	468	269	0	0
XM_047956925.1	219	25.9389	0	0
XM_047956926.1	219	25.9389	0	0
XM_047956927.1	1080	881	0	0
XM_047956928.1	354	155	0	0
XM_047956929.1	273	74.0093	0	0
XM_047956930.1	702	503	0	0
XM_047956931.1	243	44.7603	0	0
XM_047956932.1	498	299	0	0
XM_047956933.1	708	509	0	0
XM_047956934.1	1124	925	0	0
XM_047956935.1	225	29.9375	0	0
XM_047956936.1	1258	1059	0	0
XM_047956937.1	345	146	0	0
XM_047956938.1	1408	1209	0	0
XM_047956939.1	738	539	0	0
XM_047956940.1	267	68.0268	0	0
XM_047956941.1	429	230	0	0
XM_047956942.1	375	176	0	0
XM_047956943.1	3486	3287	0	0
XM_047956944.1	963	764	0	0
XM_047956945.1	398	199	0	0
XM_047956946.1	194	14.6185	0	0
XM_047956947.1	1578	1379	0	0
XM_047956948.1	930	731	0	0
XM_047956949.1	1041	842	0	0
XM_047956950.1	663	464	0	0
XM_047956951.1	396	197	0	0
XM_047956952.1	495	296	0	0
XM_047956953.1	267	68.0268	0	0
XM_047956954.1	445	246	0	0
XM_047956955.1	1314	1115	0	0
XM_047956956.1	978	779	0	0
XM_047956957.1	2640	2441	0	0
XM_047956958.1	570	371	0	0
XM_047956959.1	525	326	0	0
XM_047956960.1	644	445	0	0
XM_047956961.1	183	11.741	0	0
XM_047956962.1	1014	815	0	0
XM_047956963.1	186	12.4336	0	0
XM_047956964.1	1377	1178	0	0
XM_047956965.1	330	131	0	0
XM_047956966.1	456	257	0	0
XM_047956967.1	267	68.0268	0	0
XM_047956968.1	393	194	0	0
XM_047956969.1	396	197	0	0
XM_047956970.1	1884	1685	0	0
XM_047956971.1	609	410	0	0
XM_047956972.1	279	80.003	0	0
XM_047956973.1	805	606	0	0
XM_047956974.1	1128	929	0	0
XM_047956975.1	243	44.7603	0	0
XM_047956976.1	627	428	0	0
XM_047956977.1	459	260	0	0
XM_047956978.1	1110	911	0	0
XM_047956979.1	228	32.1317	0	0
XM_047956980.1	978	779	0	0
XM_047956981.1	597	398	0	0
XM_047956982.1	219	25.9389	0	0
XM_047956983.1	288	89.0004	0	0
XM_047956984.1	372	173	0	0
XM_047956985.1	1260	1061	0	0
XM_047956986.1	978	779	0	0
XM_047956987.1	348	149	0	0
XM_047956988.1	207	19.5103	0	0
XM_047956989.1	351	152	0	0
XM_047956990.1	609	410	0	0
XM_047956991.1	312	113	0	0
XM_047956992.1	654	455	0	0
XM_047956993.1	429	230	0	0
XM_047956994.1	645	446	0	0
XM_047956995.1	552	353	0	0
XM_047956996.1	408	209	0	0
XM_047956997.1	1392	1193	0	0
XM_047956998.1	851	652	0	0
XM_047956999.1	2016	1817	0	0
XM_047957000.1	804	605	0	0
XM_047957001.1	195	14.9308	0	0
XM_047957002.1	546	347	0	0
XM_047957003.1	339	140	0	0
XM_047957004.1	708	509	0	0
XM_047957005.1	876	677	0	0
XM_047957006.1	1947	1748	0	0
XM_047957007.1	537	338	0	0
XM_047957008.1	738	539	0	0
XM_047957009.1	195	14.9308	0	0
XM_047957010.1	804	605	0	0
XM_047957011.1	1485	1286	0	0
XM_047957012.1	585	386	0	0
XM_047957013.1	369	170	0	0
XM_047957014.1	657	458	0	0
XM_047957015.1	213	22.4695	0	0
XM_047957016.1	282	83.0016	0	0
XM_047957017.1	160	8.03036	0	0
XM_047957018.1	387	188	0	0
XM_047957019.1	231	34.449	0	0
XM_047957020.1	549	350	0	0
XM_047957021.1	1197	998	0	0
XM_047957022.1	1540	1341	0	0
XM_047957023.1	1566	1367	0	0
XM_047957024.1	177	10.528	0	0
XM_047957025.1	3129	2930	0	0
XM_047957026.1	928	729	2.025	10485.3
XM_047957027.1	748	549	1.95	13407.4
XM_047957028.1	1842	1643	0	0
XM_047957029.1	1065	866	0	0
XM_047957030.1	585	386	0	0
XM_047957031.1	843	644	0	0
XM_047957032.1	1935	1736	0	0
XM_047957033.1	1349	1150	0	0
XM_047957034.1	872	673	0	0
XM_047957035.1	570	371	0	0
XM_047957036.1	438	239	0	0
XM_047957037.1	381	182	0	0
XM_047957038.1	493	294	0	0
XM_047957039.1	477	278	0	0
XM_047957040.1	669	470	0	0
XM_047957041.1	909	710	0	0
XM_047957042.1	1524	1325	0	0
XM_047957043.1	354	155	0	0
XM_047957044.1	2446	2247	0	0
XM_047957045.1	2805	2606	0	0
XM_047957046.1	651	452	0	0
XM_047957047.1	396	197	0	0
XM_047957048.1	288	89.0004	0	0
XM_047957049.1	225	29.9375	0	0
XM_047957050.1	168	9.06081	0	0
XM_047957051.1	1254	1055	0	0
XM_047957052.1	2061	1862	0	0
XM_047957053.1	1280	1081	0	0
XM_047957054.1	366	167	0	0
XM_047957055.1	324	125	0	0
XM_047957056.1	1404	1205	0	0
XM_047957057.1	960	761	0	0
XM_047957058.1	1170	971	0	0
XM_047957059.1	1609	1410	0	0
XM_047957060.1	2085	1886	0	0
XM_047957061.1	3534	3335	0	0
XM_047957062.1	1488	1289	0	0
XM_047957063.1	1598	1399	0	0
XM_047957064.1	2766	2567	0	0
XM_047957065.1	1480	1281	0	0
XM_047957066.1	1239	1040	0	0
XM_047957067.1	1278	1079	0	0
XM_047957068.1	408	209	0	0
XM_047957069.1	894	695	0	0
XM_047957070.1	1298	1099	0	0
XM_047957071.1	375	176	0	0
XM_047957072.1	270	71.016	0	0
XM_047957073.1	617	418	0	0
XM_047957074.1	192	14.0216	0	0
XM_047957075.1	570	371	0	0
XM_047957076.1	513	314	0	0
XM_047957077.1	702	503	0	0
XM_047957078.1	540	341	0	0
XM_047957079.1	646	447	0	0
XM_047957080.1	669	470	0	0
XM_047957081.1	955	756	0	0
XM_047957082.1	565	366	0	0
XM_047957083.1	987	788	0	0
XM_047957084.1	375	176	0	0
XM_047957085.1	270	71.016	0	0
XM_047957086.1	1170	971	0	0
XM_047957087.1	996	797	0	0
XM_047957088.1	742	543	0	0
XM_047957089.1	897	698	0	0
XM_047957090.1	540	341	0	0
XM_047957091.1	249	50.3754	0	0
XM_047957092.1	186	12.4336	0	0
XM_047957093.1	1440	1241	0	0
XM_047957094.1	165	8.64817	0	0
XM_047957095.1	720	521	0	0
XM_047957096.1	942	743	0	0
XM_047957097.1	183	11.741	0	0
XM_047957098.1	1536	1337	0	0
XM_047957099.1	1656	1457	0	0
XM_047957100.1	243	44.7603	0	0
XM_047957101.1	390	191	0	0
XM_047957102.1	1065	866	0	0
XM_047957103.1	201	17.0167	0	0
XM_047957104.1	381	182	0	0
XM_047957105.1	303	104	0	0
XM_047957106.1	189	13.1915	0	0
XM_047957107.1	369	170	0	0
XM_047957108.1	507	308	0	0
XM_047957109.1	2409	2210	0	0
XM_047957110.1	369	170	0	0
XM_047957111.1	168	9.06081	0	0
XM_047957112.1	810	611	0	0
XM_047957113.1	785	586	0	0
XM_047957114.1	1845	1646	0	0
XM_047957115.1	666	467	0	0
XM_047957116.1	174	9.99669	0	0
XM_047957117.1	183	11.741	0	0
XM_047957118.1	570	371	0	0
XM_047957119.1	531	332	0	0
XM_047957120.1	264	65.044	0	0
XM_047957121.1	1035	836	0	0
XM_047957122.1	1864	1665	0	0
XM_047957123.1	819	620	0	0
XM_047957124.1	1704	1505	0	0
XM_047957125.1	306	107	0	0
XM_047957126.1	246	47.5399	0	0
XM_047957127.1	366	167	0	0
XM_047957128.1	240	42.049	0	0
XM_047957129.1	1199	1000	0	0
XM_047957130.1	237	39.4185	0	0
XM_047957131.1	327	128	0	0
XM_047957132.1	774	575	0	0
XM_047957133.1	195	14.9308	0	0
XM_047957134.1	651	452	0	0
XM_047957135.1	600	401	0	0
XM_047957136.1	255	56.1701	0	0
XM_047957137.1	995	796	0	0
XM_047957138.1	535	336	0	0
XM_047957139.1	1112	913	0	0
XM_047957140.1	498	299	0	0
XM_047957141.1	2328	2129	0	0
XM_047957142.1	216	24.1385	0	0
XM_047957143.1	684	485	0	0
XM_047957144.1	1218	1019	0	0
XM_047957145.1	906	707	0	0
XM_047957146.1	168	9.06081	0	0
XM_047957147.1	1007	808	0	0
XM_047957148.1	3684	3485	0	0
XM_047957149.1	2203	2004	0	0
XM_047957150.1	1045	846	0	0
XM_047957151.1	942	743	0	0
XM_047957152.1	1095	896	0	0
XM_047957153.1	1659	1460	0	0
XM_047957154.1	414	215	0	0
XM_047957155.1	903	704	0	0
XM_047957156.1	1152	953	0	0
XM_047957157.1	1512	1313	1	2874.88
XM_047957158.1	4336	4137	0	0
XM_047957159.1	4493	4294	0	0
XM_047957160.1	771	572	0	0
XM_047957161.1	1062	863	0	0
XM_047957162.1	945	746	0	0
XM_047957163.1	444	245	0	0
XM_047957164.1	438	239	0	0
XM_047957165.1	681	482	0	0
XM_047957166.1	729	530	0	0
XM_047957167.1	726	527	0	0
XM_047957168.1	1131	932	0	0
XM_047957169.1	354	155	0	0
XM_047957170.1	498	299	0	0
XM_047957171.1	255	56.1701	0	0
XM_047957172.1	264	65.044	0	0
XM_047957173.1	516	317	0	0
XM_047957174.1	522	323	0	0
XM_047957175.1	180	11.1077	0	0
XM_047957176.1	176	10.3458	0	0
XM_047957177.1	483	284	0	0
XM_047957178.1	387	188	0	0
XM_047957179.1	827	628	0	0
XM_047957180.1	513	314	0	0
XM_047957181.1	564	365	0	0
XM_047957182.1	1620	1421	0	0
XM_047957183.1	1251	1052	0	0
XM_047957184.1	285	86.0009	0	0
XM_047957185.1	1281	1082	0	0
XM_047957186.1	1012	813	0	0
XM_047957187.1	1407	1208	0	0
XM_047957188.1	991	792	0	0
XM_047957189.1	537	338	0	0
XM_047957190.1	339	140	0	0
XM_047957191.1	1008	809	0	0
XM_047957192.1	372	173	0	0
XM_047957193.1	1515	1316	0	0
XM_047957194.1	873	674	0	0
XM_047957195.1	1080	881	0	0
XM_047957196.1	438	239	0	0
XM_047957197.1	2025	1826	0	0
XM_047957198.1	894	695	0	0
XM_047957199.1	705	506	0	0
XM_047957200.1	919	720	0	0
XM_047957201.1	1717	1518	0	0
XM_047957202.1	438	239	0	0
XM_047957203.1	354	155	0	0
XM_047957204.1	2270	2071	0	0
XM_047957205.1	1323	1124	0	0
XM_047957206.1	1899	1700	0	0
XM_047957207.1	2094	1895	0	0
XM_047957208.1	1335	1136	0	0
XM_047957209.1	453	254	0	0
XM_047957210.1	1701	1502	0	0
XM_047957211.1	375	176	0	0
XM_047957212.1	5061	4862	0	0
XM_047957213.1	1911	1712	0	0
XM_047957214.1	1266	1067	0	0
XM_047957215.1	1071	872	0	0
XM_047957216.1	510	311	0	0
XM_047957217.1	1000	801	0	0
XM_047957218.1	1216	1017	0	0
XM_047957219.1	507	308	0	0
XM_047957220.1	576	377	0	0
XM_047957221.1	1324	1125	0	0
XM_047957222.1	837	638	0	0
XM_047957223.1	1818	1619	0	0
XM_047957224.1	537	338	0	0
XM_047957225.1	700	501	0	0
XM_047957226.1	1956	1757	0	0
XM_047957227.1	2366	2167	0	0
XM_047957228.1	1172	973	0	0
XM_047957229.1	234	36.8813	0	0
XM_047957230.1	318	119	0	0
XM_047957231.1	426	227	1	16628.7
XM_047957232.1	909	710	0	0
XM_047957233.1	1318	1119	0	0
XM_047957234.1	679	480	0	0
XM_047957235.1	552	353	0	0
XM_047957236.1	1223	1024	0	0
XM_047957237.1	519	320	0	0
XM_047957238.1	756	557	0	0
XM_047957239.1	673	474	0	0
XM_047957240.1	1365	1166	0	0
XM_047957241.1	2392	2193	0	0
XM_047957242.1	1171	972	0	0
XM_047957243.1	645	446	0	0
XM_047957244.1	516	317	0	0
XM_047957245.1	345	146	0	0
XM_047957246.1	324	125	0	0
XM_047957247.1	297	98.0001	0	0
XM_047957248.1	855	656	0	0
XM_047957249.1	408	209	0	0
XM_047957250.1	372	173	0	0
XM_047957251.1	546	347	0	0
XM_047957252.1	354	155	0	0
XM_047957253.1	1479	1280	0	0
XM_047957254.1	1364	1165	0	0
XM_047957255.1	1392	1193	0	0
XM_047957256.1	960	761	0	0
XM_047957257.1	2242	2043	0	0
XM_047957258.1	547	348	0	0
XM_047957259.1	1159	960	0	0
XM_047957260.1	1341	1142	0	0
XM_047957261.1	2084	1885	0	0
XM_047957262.1	1275	1076	0	0
XM_047957263.1	820	621	0	0
XM_047957264.1	351	152	0	0
XM_047957265.1	252	53.2554	0	0
XM_047957266.1	1027	828	0	0
XM_047957267.1	1254	1055	0	0
XM_047957268.1	378	179	0	0
XM_047957269.1	2493	2294	0	0
XM_047957270.1	1437	1238	0	0
XM_047957271.1	1386	1187	0	0
XM_047957272.1	798	599	0	0
XM_047957273.1	444	245	0	0
XM_047957274.1	1778	1579	0	0
XM_047957275.1	309	110	0	0
XM_047957276.1	438	239	0	0
XM_047957277.1	417	218	0	0
XM_047957278.1	282	83.0016	0	0
XM_047957279.1	300	101	0	0
XM_047957280.1	630	431	0	0
XM_047957281.1	525	326	0	0
XM_047957282.1	798	599	0	0
XM_047957283.1	1017	818	0	0
XM_047957284.1	480	281	0	0
XM_047957285.1	270	71.016	0	0
XM_047957286.1	381	182	0	0
XM_047957287.1	528	329	0	0
XM_047957288.1	483	284	0	0
XM_047957289.1	438	239	0	0
XM_047957290.1	180	11.1077	0	0
XM_047957291.1	930	731	0	0
XM_047957292.1	1490	1291	0	0
XM_047957293.1	956	757	0	0
XM_047957294.1	495	296	0	0
XM_047957295.1	2079	1880	9.75414	19584.6
XM_047957296.1	415	216	0	0
XM_047957297.1	376	177	0	0
XM_047957298.1	921	722	0	0
XM_047957299.1	294	95.0001	0	0
XM_047957300.1	2289	2090	0	0
XM_047957301.1	1619	1420	0	0
XM_047957302.1	2178	1979	0	0
XM_047957303.1	919	720	0	0
XM_047957304.1	1389	1190	0	0
XM_047957305.1	2131	1932	0	0
XM_047957306.1	1923	1724	0	0
XM_047957307.1	3040	2841	0	0
XM_047957308.1	2439	2240	0	0
XM_047957309.1	573	374	0	0
XM_047957310.1	297	98.0001	0	0
XM_047957311.1	1065	866	0	0
XM_047957312.1	519	320	0	0
XM_047957313.1	921	722	0	0
XM_047957314.1	354	155	0	0
XM_047957315.1	1863	1664	0	0
XM_047957316.1	960	761	0	0
XM_047957317.1	1932	1733	0	0
XM_047957318.1	1047	848	0	0
XM_047957319.1	606	407	0	0
XM_047957320.1	564	365	0	0
XM_047957321.1	519	320	0	0
XM_047957322.1	996	797	0	0
XM_047957323.1	916	717	0	0
XM_047957324.1	753	554	0	0
XM_047957325.1	948	749	0	0
XM_047957326.1	1697	1498	0	0
XM_047957327.1	1592	1393	0	0
XM_047957328.1	1722	1523	0	0
XM_047957329.1	2071	1872	0	0
XM_047957330.1	495	296	0	0
XM_047957331.1	1371	1172	0	0
XM_047957332.1	1396	1197	0	0
XM_047957333.1	540	341	0	0
XM_047957334.1	537	338	0	0
XM_047957335.1	808	609	0	0
XM_047957336.1	1308	1109	0	0
XM_047957337.1	1290	1091	0	0
XM_047957338.1	2705	2506	0	0
XM_047957339.1	228	32.1317	0	0
XM_047957340.1	1818	1619	0	0
XM_047957341.1	2889	2690	0	0
XM_047957342.1	219	25.9389	0	0
XM_047957343.1	1014	815	0	0
XM_047957344.1	924	725	0	0
XM_047957345.1	1381	1182	0	0
XM_047957346.1	4846	4647	0	0
XM_047957347.1	2019	1820	0	0
XM_047957348.1	3513	3314	0	0
XM_047957349.1	1043	844	0	0
XM_047957350.1	3691	3492	0	0
XM_047957351.1	2540	2341	0	0
XM_047957352.1	2864	2665	0	0
XM_047957353.1	2389	2190	0	0
XM_047957354.1	2679	2480	0	0
XM_047957355.1	4562	4363	0	0
XM_047957356.1	1658	1459	0	0
XM_047957357.1	1747	1548	0	0
XM_047957358.1	1826	1627	0	0
XM_047957359.1	1389	1190	0	0
XM_047957360.1	3697	3498	0	0
XM_047957361.1	3769	3570	0	0
XM_047957362.1	1880	1681	0	0
XM_047957363.1	544	345	0	0
XM_047957364.1	4391	4192	0	0
XM_047957365.1	1435	1236	0	0
XM_047957366.1	5621	5422	0	0
XM_047957367.1	1434	1235	0	0
XM_047957368.1	885	686	0	0
XM_047957369.1	2051	1852	0	0
XM_047957370.1	2344	2145	0	0
XM_047957371.1	1700	1501	0	0
XM_047957372.1	841	642	0	0
XM_047957373.1	1119	920	0	0
XM_047957374.1	1042	843	0	0
XM_047957375.1	1208	1009	0	0
XM_047957376.1	2937	2738	0	0
XM_047957377.1	1442	1243	0	0
XM_047957378.1	2265	2066	0	0
XM_047957379.1	2540	2341	0	0
XM_047957380.1	1267	1068	0	0
XM_047957381.1	664	465	0	0
XM_047957382.1	1870	1671	0	0
XM_047957383.1	1338	1139	0	0
XM_047957384.1	2680	2481	0	0
XM_047957385.1	1346	1147	0	0
XM_047957386.1	1488	1289	0	0
XM_047957387.1	2215	2016	0	0
XM_047957388.1	1845	1646	0	0
XM_047957389.1	2002	1803	0	0
XM_047957390.1	5282	5083	1	742.615
XM_047957391.1	2238	2039	0	0
XM_047957392.1	1832	1633	0	0
XM_047957393.1	5849	5650	0	0
XM_047957394.1	2788	2589	0	0
XM_047957395.1	3170	2971	0	0
XM_047957396.1	2056	1857	0	0
XM_047957397.1	3017	2818	0	0
XM_047957398.1	2267	2068	0	0
XM_047957399.1	1308	1109	0	0
XM_047957400.1	1804	1605	0	0
XM_047957401.1	4908	4709	0	0
XM_047957402.1	1386	1187	0	0
XM_047957403.1	1621	1422	0	0
XM_047957404.1	2945	2746	0	0
XM_047957405.1	3811	3612	0	0
XM_047957406.1	3892	3693	0	0
XM_047957407.1	1611	1412	0	0
XM_047957408.1	982	783	0	0
XM_047957409.1	3857	3658	0	0
XM_047957410.1	5156	4957	0	0
XM_047957411.1	1119	920	2	8205.89
XM_047957412.1	1758	1559	0	0
XM_047957413.1	1760	1561	0	0
XM_047957414.1	2346	2147	0	0
XM_047957415.1	1069	870	0	0
XM_047957416.1	3686	3487	0	0
XM_047957417.1	4156	3957	0	0
XM_047957418.1	1765	1566	0	0
XM_047957419.1	1866	1667	0	0
XM_047957420.1	3451	3252	0	0
XM_047957421.1	1261	1062	0	0
XM_047957422.1	766	567	0	0
XM_047957423.1	467	268	0	0
XM_047957424.1	702	503	0	0
XM_047957425.1	2378	2179	0	0
XM_047957426.1	652	453	0	0
XM_047957427.1	2701	2502	0	0
XM_047957428.1	1722	1523	0	0
XM_047957429.1	2078	1879	0	0
XM_047957430.1	528	329	0	0
XM_047957431.1	978	779	0	0
XM_047957432.1	2002	1803	0	0
XM_047957433.1	1854	1655	0	0
XM_047957434.1	1339	1140	0	0
XM_047957435.1	1502	1303	0	0
XM_047957436.1	2135	1936	0	0
XM_047957437.1	1842	1643	0	0
XM_047957438.1	1267	1068	0	0
XM_047957439.1	2455	2256	0	0
XM_047957440.1	2393	2194	0	0
XM_047957441.1	2000	1801	0	0
XM_047957442.1	1462	1263	0	0
XM_047957443.1	2550	2351	0	0
XM_047957444.1	2383	2184	0	0
XM_047957445.1	2482	2283	0	0
XM_047957446.1	3729	3530	0	0
XM_047957447.1	2006	1807	0	0
XM_047957448.1	1937	1738	0	0
XM_047957449.1	1485	1286	0	0
XM_047957450.1	1276	1077	0	0
XM_047957451.1	1267	1068	0	0
XM_047957452.1	2110	1911	0	0
XM_047957453.1	1759	1560	0	0
XM_047957454.1	1575	1376	0	0
XM_047957455.1	1288	1089	0	0
XM_047957456.1	3111	2912	0	0
XM_047957457.1	843	644	0	0
XM_047957458.1	542	343	0	0
XM_047957459.1	2632	2433	0	0
XM_047957460.1	2751	2552	0	0
XM_047957461.1	2980	2781	0	0
XM_047957462.1	1004	805	0	0
XM_047957463.1	2193	1994	0	0
XM_047957464.1	3477	3278	0	0
XM_047957465.1	3659	3460	0	0
XM_047957466.1	1360	1161	0	0
XM_047957467.1	1460	1261	0	0
XM_047957468.1	4211	4012	0	0
XM_047957469.1	828	629	0	0
XM_047957470.1	2156	1957	0	0
XM_047957471.1	1394	1195	0	0
XM_047957472.1	5159	4960	0	0
XM_047957473.1	1866	1667	0	0
XM_047957474.1	690	491	0	0
XM_047957475.1	2827	2628	0	0
XM_047957476.1	3208	3009	0	0
XM_047957477.1	1198	999	0	0
XM_047957478.1	1769	1570	0	0
XM_047957479.1	1130	931	0	0
XM_047957480.1	2317	2118	0	0
XM_047957481.1	1465	1266	0	0
XM_047957482.1	1624	1425	0	0
XM_047957483.1	1635	1436	0	0
XM_047957484.1	1736	1537	1	2455.9
XM_047957485.1	1797	1598	0	0
XM_047957486.1	3148	2949	0	0
XM_047957487.1	1732	1533	0	0
XM_047957488.1	1485	1286	0	0
XM_047957489.1	2246	2047	0	0
XM_047957490.1	2334	2135	0	0
XM_047957491.1	2040	1841	0	0
XM_047957492.1	2018	1819	0	0
XM_047957493.1	2003	1804	0	0
XM_047957494.1	1936	1737	0	0
XM_047957495.1	1088	889	0	0
XM_047957496.1	1383	1184	0	0
XM_047957497.1	2527	2328	0	0
XM_047957498.1	914	715	0	0
XM_047957499.1	1936	1737	0	0
XM_047957500.1	2065	1866	0	0
XM_047957501.1	3538	3339	0	0
XM_047957502.1	3617	3418	0	0
XM_047957503.1	2746	2547	0	0
XM_047957504.1	1403	1204	0	0
XM_047957505.1	720	521	0	0
XM_047957506.1	3068	2869	0	0
XM_047957507.1	3006	2807	0	0
XM_047957508.1	5117	4918	0	0
XM_047957509.1	4287	4088	0	0
XM_047957510.1	518	319	0	0
XM_047957511.1	3359	3160	0	0
XM_047957512.1	3296	3097	0	0
XM_047957513.1	2104	1905	0	0
XM_047957514.1	1080	881	0	0
XM_047957515.1	5893	5694	0	0
XM_047957516.1	3764	3565	0	0
XM_047957517.1	972	773	0	0
XM_047957518.1	969	770	0	0
XM_047957519.1	2077	1878	0	0
XM_047957520.1	1159	960	0	0
XM_047957521.1	1646	1447	0	0
XM_047957522.1	741	542	0	0
XM_047957523.1	559	360	0	0
XM_047957524.1	597	398	0	0
XM_047957525.1	566	367	0	0
XM_047957526.1	1479	1280	0	0
XM_047957527.1	1354	1155	0	0
XM_047957528.1	2117	1918	0	0
XM_047957529.1	759	560	0	0
XM_047957530.1	1092	893	0	0
XM_047957531.1	1554	1355	0	0
XM_047957532.1	2975	2776	0	0
XM_047957533.1	3046	2847	0	0
XM_047957534.1	2970	2771	0	0
XM_047957535.1	1745	1546	0	0
XM_047957536.1	2520	2321	0	0
XM_047957537.1	1710	1511	0	0
XM_047957538.1	1853	1654	0	0
XM_047957539.1	2369	2170	0	0
XM_047957540.1	2157	1958	0	0
XM_047957541.1	1978	1779	0	0
XM_047957542.1	2933	2734	0	0
XM_047957543.1	1581	1382	0	0
XM_047957544.1	3648	3449	0	0
XM_047957545.1	2127	1928	0	0
XM_047957546.1	1133	934	0	0
XM_047957547.1	1246	1047	0	0
XM_047957548.1	2532	2333	0	0
XM_047957549.1	3108	2909	0	0
XM_047957550.1	3353	3154	0	0
XM_047957551.1	974	775	0	0
XM_047957552.1	1901	1702	0	0
XM_047957553.1	1710	1511	0	0
XM_047957554.1	588	389	0	0
XM_047957555.1	1452	1253	0	0
XM_047957556.1	588	389	0	0
XM_047957557.1	683	484	0	0
XM_047957558.1	1866	1667	0	0
XM_047957559.1	1870	1671	0	0
XM_047957560.1	1656	1457	0	0
XM_047957561.1	2269	2070	0	0
XM_047957562.1	871	672	0	0
XM_047957563.1	1667	1468	0	0
XM_047957564.1	1214	1015	0	0
XM_047957565.1	721	522	0	0
XM_047957566.1	805	606	0	0
XM_047957567.1	1429	1230	0	0
XM_047957568.1	2384	2185	0	0
XM_047957569.1	1647	1448	0	0
XM_047957570.1	4468	4269	0	0
XM_047957571.1	1377	1178	0	0
XM_047957572.1	1608	1409	0	0
XM_047957573.1	1415	1216	0	0
XM_047957574.1	1644	1445	0	0
XM_047957575.1	1512	1313	0	0
XM_047957576.1	3189	2990	0	0
XM_047957577.1	1595	1396	0	0
XM_047957578.1	1369	1170	0	0
XM_047957579.1	1919	1720	0	0
XM_047957580.1	1693	1494	0	0
XM_047957581.1	1587	1388	0	0
XM_047957582.1	982	783	0	0
XM_047957583.1	3713	3514	0	0
XM_047957584.1	2179	1980	0	0
XM_047957585.1	2300	2101	0	0
XM_047957586.1	1219	1020	0	0
XM_047957587.1	2479	2280	0	0
XM_047957588.1	2024	1825	0	0
XM_047957589.1	2568	2369	0	0
XM_047957590.1	1119	920	0	0
XM_047957591.1	1144	945	0	0
XM_047957592.1	3671	3472	0	0
XM_047957593.1	1180	981	0	0
XM_047957594.1	1088	889	0	0
XM_047957595.1	1352	1153	0	0
XM_047957596.1	1414	1215	0	0
XM_047957597.1	1352	1153	0	0
XM_047957598.1	2126	1927	0	0
XM_047957599.1	1915	1716	0.0012667	2.78638
XM_047957600.1	1852	1653	0	0
XM_047957601.1	2250	2051	0	0
XM_047957602.1	1878	1679	0.998733	2245.34
XM_047957603.1	1057	858	0	0
XM_047957604.1	1288	1089	0	0
XM_047957605.1	1204	1005	0	0
XM_047957606.1	3012	2813	0	0
XM_047957607.1	1545	1346	0	0
XM_047957608.1	2680	2481	0	0
XM_047957609.1	2906	2707	0	0
XM_047957610.1	1536	1337	0	0
XM_047957611.1	1870	1671	0	0
XM_047957612.1	1262	1063	0	0
XM_047957613.1	1694	1495	0	0
XM_047957614.1	1614	1415	0	0
XM_047957615.1	799	600	0	0
XM_047957616.1	2138	1939	0	0
XM_047957617.1	2238	2039	0	0
XM_047957618.1	3040	2841	0	0
XM_047957619.1	2434	2235	0	0
XM_047957620.1	2411	2212	0	0
XM_047957621.1	866	667	0	0
XM_047957622.1	746	547	0	0
XM_047957623.1	1688	1489	0	0
XM_047957624.1	2239	2040	0	0
XM_047957625.1	1312	1113	0	0
XM_047957626.1	775	576	0	0
XM_047957627.1	1776	1577	0	0
XM_047957628.1	2149	1950	0	0
XM_047957629.1	760	561	0	0
XM_047957630.1	2129	1930	0	0
XM_047957631.1	791	592	0	0
XM_047957632.1	1869	1670	0	0
XM_047957633.1	1022	823	0	0
XM_047957634.1	1279	1080	0	0
XM_047957635.1	1545	1346	0	0
XM_047957636.1	1091	892	0	0
XM_047957637.1	1389	1190	0	0
XM_047957638.1	1325	1126	0	0
XM_047957639.1	1161	962	0	0
XM_047957640.1	2208	2009	0	0
XM_047957641.1	1737	1538	0	0
XM_047957642.1	597	398	0	0
XM_047957643.1	541	342	0	0
XM_047957644.1	2590	2391	0	0
XM_047957645.1	1668	1469	0	0
XM_047957646.1	1214	1015	0	0
XM_047957647.1	1614	1415	0	0
