run	biosample	rank	n_pathogens	n_cryptic	coinfection	declared_taxids	declared_names	stress	setting	coinf_intent
DRR125458	SAMD00112910	species	1	1	no			abiotic	field	not_disease_focused
DRR125458	SAMD00112910	genus	0	0	no			abiotic	field	not_disease_focused
DRR125465	SAMD00112917	species	1	1	no			abiotic	field	not_disease_focused
DRR125465	SAMD00112917	genus	0	0	no			abiotic	field	not_disease_focused
DRR125469	SAMD00112921	species	0	0	no			abiotic	field	not_disease_focused
DRR125469	SAMD00112921	genus	0	0	no			abiotic	field	not_disease_focused
DRR342059	SAMD00439261	species	1	0	no	318829	Magnaporthe oryzae	biotic	field	single_pathogen_focus
DRR342059	SAMD00439261	genus	0	0	no	318829	Magnaporthe oryzae	biotic	field	single_pathogen_focus
DRR342061	SAMD00439263	species	1	0	no	318829	Magnaporthe oryzae	biotic	field	single_pathogen_focus
DRR342061	SAMD00439263	genus	0	0	no	318829	Magnaporthe oryzae	biotic	field	single_pathogen_focus
ERR10886906	SAMEA112356016	species	1	0	no	5518	Fusarium graminearum	biotic	field	single_pathogen_focus
ERR10886906	SAMEA112356016	genus	0	0	no	5518	Fusarium graminearum	biotic	field	single_pathogen_focus
ERR10886907	SAMEA112356016	species	1	0	no	5518	Fusarium graminearum	biotic	field	single_pathogen_focus
ERR10886907	SAMEA112356016	genus	0	0	no	5518	Fusarium graminearum	biotic	field	single_pathogen_focus
ERR10886908	SAMEA112356016	species	1	0	no	5518	Fusarium graminearum	biotic	field	single_pathogen_focus
ERR10886908	SAMEA112356016	genus	0	0	no	5518	Fusarium graminearum	biotic	field	single_pathogen_focus
ERR10886909	SAMEA112356017	species	1	0	no	5518	Fusarium graminearum	biotic	field	single_pathogen_focus
ERR10886909	SAMEA112356017	genus	0	0	no	5518	Fusarium graminearum	biotic	field	single_pathogen_focus
ERR10886910	SAMEA112356017	species	1	0	no	5518	Fusarium graminearum	biotic	field	single_pathogen_focus
ERR10886910	SAMEA112356017	genus	0	0	no	5518	Fusarium graminearum	biotic	field	single_pathogen_focus
ERR10886911	SAMEA112356017	species	1	0	no	5518	Fusarium graminearum	biotic	field	single_pathogen_focus
ERR10886911	SAMEA112356017	genus	0	0	no	5518	Fusarium graminearum	biotic	field	single_pathogen_focus
ERR10886912	SAMEA112356018	species	1	0	no	5518	Fusarium graminearum	biotic	field	single_pathogen_focus
ERR10886912	SAMEA112356018	genus	0	0	no	5518	Fusarium graminearum	biotic	field	single_pathogen_focus
ERR10886913	SAMEA112356018	species	1	0	no	5518	Fusarium graminearum	biotic	field	single_pathogen_focus
ERR10886913	SAMEA112356018	genus	0	0	no	5518	Fusarium graminearum	biotic	field	single_pathogen_focus
ERR10886915	SAMEA112356019	species	1	0	no	5518	Fusarium graminearum	biotic	field	single_pathogen_focus
ERR10886915	SAMEA112356019	genus	0	0	no	5518	Fusarium graminearum	biotic	field	single_pathogen_focus
ERR10886916	SAMEA112356019	species	1	0	no	5518	Fusarium graminearum	biotic	field	single_pathogen_focus
ERR10886916	SAMEA112356019	genus	0	0	no	5518	Fusarium graminearum	biotic	field	single_pathogen_focus
ERR10886917	SAMEA112356019	species	1	0	no	5518	Fusarium graminearum	biotic	field	single_pathogen_focus
ERR10886917	SAMEA112356019	genus	0	0	no	5518	Fusarium graminearum	biotic	field	single_pathogen_focus
ERR10886918	SAMEA112356020	species	1	0	no	5518	Fusarium graminearum	biotic	field	single_pathogen_focus
ERR10886918	SAMEA112356020	genus	0	0	no	5518	Fusarium graminearum	biotic	field	single_pathogen_focus
ERR10886919	SAMEA112356020	species	1	0	no	5518	Fusarium graminearum	biotic	field	single_pathogen_focus
ERR10886919	SAMEA112356020	genus	0	0	no	5518	Fusarium graminearum	biotic	field	single_pathogen_focus
ERR10886920	SAMEA112356020	species	1	0	no	5518	Fusarium graminearum	biotic	field	single_pathogen_focus
ERR10886920	SAMEA112356020	genus	0	0	no	5518	Fusarium graminearum	biotic	field	single_pathogen_focus
ERR10886921	SAMEA112356021	species	1	0	no	5518	Fusarium graminearum	biotic	field	single_pathogen_focus
ERR10886921	SAMEA112356021	genus	0	0	no	5518	Fusarium graminearum	biotic	field	single_pathogen_focus
ERR10886922	SAMEA112356021	species	1	0	no	5518	Fusarium graminearum	biotic	field	single_pathogen_focus
ERR10886922	SAMEA112356021	genus	0	0	no	5518	Fusarium graminearum	biotic	field	single_pathogen_focus
ERR10886923	SAMEA112356021	species	1	0	no	5518	Fusarium graminearum	biotic	field	single_pathogen_focus
ERR10886923	SAMEA112356021	genus	0	0	no	5518	Fusarium graminearum	biotic	field	single_pathogen_focus
ERR10886930	SAMEA112356024	species	1	0	no	5518	Fusarium graminearum	biotic	field	single_pathogen_focus
ERR10886930	SAMEA112356024	genus	0	0	no	5518	Fusarium graminearum	biotic	field	single_pathogen_focus
ERR10886931	SAMEA112356024	species	1	0	no	5518	Fusarium graminearum	biotic	field	single_pathogen_focus
ERR10886931	SAMEA112356024	genus	0	0	no	5518	Fusarium graminearum	biotic	field	single_pathogen_focus
ERR10886932	SAMEA112356024	species	1	0	no	5518	Fusarium graminearum	biotic	field	single_pathogen_focus
ERR10886932	SAMEA112356024	genus	0	0	no	5518	Fusarium graminearum	biotic	field	single_pathogen_focus
ERR10886939	SAMEA112356027	species	1	0	no	5518	Fusarium graminearum	biotic	field	single_pathogen_focus
ERR10886939	SAMEA112356027	genus	0	0	no	5518	Fusarium graminearum	biotic	field	single_pathogen_focus
ERR10886940	SAMEA112356027	species	1	0	no	5518	Fusarium graminearum	biotic	field	single_pathogen_focus
ERR10886940	SAMEA112356027	genus	0	0	no	5518	Fusarium graminearum	biotic	field	single_pathogen_focus
ERR10886941	SAMEA112356027	species	1	0	no	5518	Fusarium graminearum	biotic	field	single_pathogen_focus
ERR10886941	SAMEA112356027	genus	0	0	no	5518	Fusarium graminearum	biotic	field	single_pathogen_focus
ERR10886942	SAMEA112356028	species	1	0	no	5518	Fusarium graminearum	biotic	field	single_pathogen_focus
ERR10886942	SAMEA112356028	genus	0	0	no	5518	Fusarium graminearum	biotic	field	single_pathogen_focus
ERR10886943	SAMEA112356028	species	1	0	no	5518	Fusarium graminearum	biotic	field	single_pathogen_focus
ERR10886943	SAMEA112356028	genus	0	0	no	5518	Fusarium graminearum	biotic	field	single_pathogen_focus
ERR10886944	SAMEA112356028	species	1	0	no	5518	Fusarium graminearum	biotic	field	single_pathogen_focus
ERR10886944	SAMEA112356028	genus	0	0	no	5518	Fusarium graminearum	biotic	field	single_pathogen_focus
ERR10886945	SAMEA112356029	species	1	0	no	5518	Fusarium graminearum	biotic	field	single_pathogen_focus
ERR10886945	SAMEA112356029	genus	0	0	no	5518	Fusarium graminearum	biotic	field	single_pathogen_focus
ERR10886946	SAMEA112356029	species	1	0	no	5518	Fusarium graminearum	biotic	field	single_pathogen_focus
ERR10886946	SAMEA112356029	genus	0	0	no	5518	Fusarium graminearum	biotic	field	single_pathogen_focus
ERR10886947	SAMEA112356029	species	1	0	no	5518	Fusarium graminearum	biotic	field	single_pathogen_focus
ERR10886947	SAMEA112356029	genus	0	0	no	5518	Fusarium graminearum	biotic	field	single_pathogen_focus
ERR10886951	SAMEA112356031	species	1	0	no	5518	Fusarium graminearum	biotic	field	single_pathogen_focus
ERR10886951	SAMEA112356031	genus	0	0	no	5518	Fusarium graminearum	biotic	field	single_pathogen_focus
ERR10886952	SAMEA112356031	species	1	0	no	5518	Fusarium graminearum	biotic	field	single_pathogen_focus
ERR10886952	SAMEA112356031	genus	0	0	no	5518	Fusarium graminearum	biotic	field	single_pathogen_focus
ERR10886953	SAMEA112356031	species	1	0	no	5518	Fusarium graminearum	biotic	field	single_pathogen_focus
ERR10886953	SAMEA112356031	genus	0	0	no	5518	Fusarium graminearum	biotic	field	single_pathogen_focus
ERR10886954	SAMEA112356032	species	1	0	no	5518	Fusarium graminearum	biotic	field	single_pathogen_focus
ERR10886954	SAMEA112356032	genus	0	0	no	5518	Fusarium graminearum	biotic	field	single_pathogen_focus
ERR10886955	SAMEA112356032	species	1	0	no	5518	Fusarium graminearum	biotic	field	single_pathogen_focus
ERR10886955	SAMEA112356032	genus	0	0	no	5518	Fusarium graminearum	biotic	field	single_pathogen_focus
ERR10886956	SAMEA112356032	species	1	0	no	5518	Fusarium graminearum	biotic	field	single_pathogen_focus
ERR10886956	SAMEA112356032	genus	0	0	no	5518	Fusarium graminearum	biotic	field	single_pathogen_focus
ERR10886957	SAMEA112356033	species	1	0	no	5518	Fusarium graminearum	biotic	field	single_pathogen_focus
ERR10886957	SAMEA112356033	genus	0	0	no	5518	Fusarium graminearum	biotic	field	single_pathogen_focus
ERR10886958	SAMEA112356033	species	1	0	no	5518	Fusarium graminearum	biotic	field	single_pathogen_focus
ERR10886958	SAMEA112356033	genus	0	0	no	5518	Fusarium graminearum	biotic	field	single_pathogen_focus
ERR10886959	SAMEA112356033	species	1	0	no	5518	Fusarium graminearum	biotic	field	single_pathogen_focus
ERR10886959	SAMEA112356033	genus	0	0	no	5518	Fusarium graminearum	biotic	field	single_pathogen_focus
ERR10886960	SAMEA112356034	species	3	2	yes	5518	Fusarium graminearum	biotic	field	single_pathogen_focus
ERR10886960	SAMEA112356034	genus	0	0	no	5518	Fusarium graminearum	biotic	field	single_pathogen_focus
ERR10886961	SAMEA112356034	species	3	2	yes	5518	Fusarium graminearum	biotic	field	single_pathogen_focus
ERR10886961	SAMEA112356034	genus	0	0	no	5518	Fusarium graminearum	biotic	field	single_pathogen_focus
ERR10886962	SAMEA112356034	species	3	2	yes	5518	Fusarium graminearum	biotic	field	single_pathogen_focus
ERR10886962	SAMEA112356034	genus	0	0	no	5518	Fusarium graminearum	biotic	field	single_pathogen_focus
ERR10886963	SAMEA112356035	species	1	0	no	5518	Fusarium graminearum	biotic	field	single_pathogen_focus
ERR10886963	SAMEA112356035	genus	0	0	no	5518	Fusarium graminearum	biotic	field	single_pathogen_focus
ERR10886964	SAMEA112356035	species	1	0	no	5518	Fusarium graminearum	biotic	field	single_pathogen_focus
ERR10886964	SAMEA112356035	genus	0	0	no	5518	Fusarium graminearum	biotic	field	single_pathogen_focus
ERR10886965	SAMEA112356035	species	1	0	no	5518	Fusarium graminearum	biotic	field	single_pathogen_focus
ERR10886965	SAMEA112356035	genus	0	0	no	5518	Fusarium graminearum	biotic	field	single_pathogen_focus
ERR10886966	SAMEA112356036	species	1	0	no	5518	Fusarium graminearum	biotic	field	single_pathogen_focus
ERR10886966	SAMEA112356036	genus	0	0	no	5518	Fusarium graminearum	biotic	field	single_pathogen_focus
ERR10886967	SAMEA112356036	species	1	0	no	5518	Fusarium graminearum	biotic	field	single_pathogen_focus
ERR10886967	SAMEA112356036	genus	0	0	no	5518	Fusarium graminearum	biotic	field	single_pathogen_focus
ERR10886968	SAMEA112356036	species	1	0	no	5518	Fusarium graminearum	biotic	field	single_pathogen_focus
ERR10886968	SAMEA112356036	genus	0	0	no	5518	Fusarium graminearum	biotic	field	single_pathogen_focus
ERR10886969	SAMEA112356037	species	1	0	no	5518	Fusarium graminearum	biotic	field	single_pathogen_focus
ERR10886969	SAMEA112356037	genus	0	0	no	5518	Fusarium graminearum	biotic	field	single_pathogen_focus
ERR10886970	SAMEA112356037	species	1	0	no	5518	Fusarium graminearum	biotic	field	single_pathogen_focus
ERR10886970	SAMEA112356037	genus	0	0	no	5518	Fusarium graminearum	biotic	field	single_pathogen_focus
ERR10886971	SAMEA112356037	species	1	0	no	5518	Fusarium graminearum	biotic	field	single_pathogen_focus
ERR10886971	SAMEA112356037	genus	0	0	no	5518	Fusarium graminearum	biotic	field	single_pathogen_focus
ERR10886975	SAMEA112356039	species	1	0	no	5518	Fusarium graminearum	biotic	field	single_pathogen_focus
ERR10886975	SAMEA112356039	genus	0	0	no	5518	Fusarium graminearum	biotic	field	single_pathogen_focus
ERR10886976	SAMEA112356039	species	1	0	no	5518	Fusarium graminearum	biotic	field	single_pathogen_focus
ERR10886976	SAMEA112356039	genus	0	0	no	5518	Fusarium graminearum	biotic	field	single_pathogen_focus
ERR10886977	SAMEA112356039	species	1	0	no	5518	Fusarium graminearum	biotic	field	single_pathogen_focus
ERR10886977	SAMEA112356039	genus	0	0	no	5518	Fusarium graminearum	biotic	field	single_pathogen_focus
ERR10886981	SAMEA112356041	species	1	0	no	5518	Fusarium graminearum	biotic	field	single_pathogen_focus
ERR10886981	SAMEA112356041	genus	0	0	no	5518	Fusarium graminearum	biotic	field	single_pathogen_focus
ERR10886982	SAMEA112356041	species	1	0	no	5518	Fusarium graminearum	biotic	field	single_pathogen_focus
ERR10886982	SAMEA112356041	genus	0	0	no	5518	Fusarium graminearum	biotic	field	single_pathogen_focus
ERR10886983	SAMEA112356041	species	1	0	no	5518	Fusarium graminearum	biotic	field	single_pathogen_focus
ERR10886983	SAMEA112356041	genus	0	0	no	5518	Fusarium graminearum	biotic	field	single_pathogen_focus
ERR10886984	SAMEA112356042	species	1	0	no	5518	Fusarium graminearum	biotic	field	single_pathogen_focus
ERR10886984	SAMEA112356042	genus	0	0	no	5518	Fusarium graminearum	biotic	field	single_pathogen_focus
ERR10886985	SAMEA112356042	species	1	0	no	5518	Fusarium graminearum	biotic	field	single_pathogen_focus
ERR10886985	SAMEA112356042	genus	0	0	no	5518	Fusarium graminearum	biotic	field	single_pathogen_focus
ERR10886986	SAMEA112356042	species	1	0	no	5518	Fusarium graminearum	biotic	field	single_pathogen_focus
ERR10886986	SAMEA112356042	genus	0	0	no	5518	Fusarium graminearum	biotic	field	single_pathogen_focus
ERR10886987	SAMEA112356043	species	1	0	no	5518	Fusarium graminearum	biotic	field	single_pathogen_focus
ERR10886987	SAMEA112356043	genus	0	0	no	5518	Fusarium graminearum	biotic	field	single_pathogen_focus
ERR10886988	SAMEA112356043	species	1	0	no	5518	Fusarium graminearum	biotic	field	single_pathogen_focus
ERR10886988	SAMEA112356043	genus	0	0	no	5518	Fusarium graminearum	biotic	field	single_pathogen_focus
ERR10886989	SAMEA112356043	species	1	0	no	5518	Fusarium graminearum	biotic	field	single_pathogen_focus
ERR10886989	SAMEA112356043	genus	0	0	no	5518	Fusarium graminearum	biotic	field	single_pathogen_focus
ERR10886990	SAMEA112356044	species	1	0	no	5518	Fusarium graminearum	biotic	field	single_pathogen_focus
ERR10886990	SAMEA112356044	genus	0	0	no	5518	Fusarium graminearum	biotic	field	single_pathogen_focus
ERR10886991	SAMEA112356044	species	1	0	no	5518	Fusarium graminearum	biotic	field	single_pathogen_focus
ERR10886991	SAMEA112356044	genus	0	0	no	5518	Fusarium graminearum	biotic	field	single_pathogen_focus
ERR10886992	SAMEA112356044	species	1	0	no	5518	Fusarium graminearum	biotic	field	single_pathogen_focus
ERR10886992	SAMEA112356044	genus	0	0	no	5518	Fusarium graminearum	biotic	field	single_pathogen_focus
ERR10886993	SAMEA112356045	species	1	0	no	5518	Fusarium graminearum	biotic	field	single_pathogen_focus
ERR10886993	SAMEA112356045	genus	0	0	no	5518	Fusarium graminearum	biotic	field	single_pathogen_focus
ERR10886994	SAMEA112356045	species	1	0	no	5518	Fusarium graminearum	biotic	field	single_pathogen_focus
ERR10886994	SAMEA112356045	genus	0	0	no	5518	Fusarium graminearum	biotic	field	single_pathogen_focus
ERR10886995	SAMEA112356045	species	1	0	no	5518	Fusarium graminearum	biotic	field	single_pathogen_focus
ERR10886995	SAMEA112356045	genus	0	0	no	5518	Fusarium graminearum	biotic	field	single_pathogen_focus
ERR10886996	SAMEA112356046	species	1	0	no	5518	Fusarium graminearum	biotic	field	single_pathogen_focus
ERR10886996	SAMEA112356046	genus	0	0	no	5518	Fusarium graminearum	biotic	field	single_pathogen_focus
ERR10886997	SAMEA112356046	species	1	0	no	5518	Fusarium graminearum	biotic	field	single_pathogen_focus
ERR10886997	SAMEA112356046	genus	0	0	no	5518	Fusarium graminearum	biotic	field	single_pathogen_focus
ERR10886998	SAMEA112356046	species	1	0	no	5518	Fusarium graminearum	biotic	field	single_pathogen_focus
ERR10886998	SAMEA112356046	genus	0	0	no	5518	Fusarium graminearum	biotic	field	single_pathogen_focus
ERR10886999	SAMEA112356047	species	1	0	no	5518	Fusarium graminearum	biotic	field	single_pathogen_focus
ERR10886999	SAMEA112356047	genus	0	0	no	5518	Fusarium graminearum	biotic	field	single_pathogen_focus
ERR10887000	SAMEA112356047	species	1	0	no	5518	Fusarium graminearum	biotic	field	single_pathogen_focus
ERR10887000	SAMEA112356047	genus	0	0	no	5518	Fusarium graminearum	biotic	field	single_pathogen_focus
ERR10887001	SAMEA112356047	species	1	0	no	5518	Fusarium graminearum	biotic	field	single_pathogen_focus
ERR10887001	SAMEA112356047	genus	0	0	no	5518	Fusarium graminearum	biotic	field	single_pathogen_focus
ERR10887002	SAMEA112356048	species	3	2	yes	5518	Fusarium graminearum	biotic	field	single_pathogen_focus
ERR10887002	SAMEA112356048	genus	0	0	no	5518	Fusarium graminearum	biotic	field	single_pathogen_focus
ERR10887003	SAMEA112356048	species	3	2	yes	5518	Fusarium graminearum	biotic	field	single_pathogen_focus
ERR10887003	SAMEA112356048	genus	0	0	no	5518	Fusarium graminearum	biotic	field	single_pathogen_focus
ERR10887004	SAMEA112356048	species	3	2	yes	5518	Fusarium graminearum	biotic	field	single_pathogen_focus
ERR10887004	SAMEA112356048	genus	0	0	no	5518	Fusarium graminearum	biotic	field	single_pathogen_focus
ERR10887005	SAMEA112356049	species	3	2	yes	5518	Fusarium graminearum	biotic	field	single_pathogen_focus
ERR10887005	SAMEA112356049	genus	0	0	no	5518	Fusarium graminearum	biotic	field	single_pathogen_focus
ERR10887006	SAMEA112356049	species	3	2	yes	5518	Fusarium graminearum	biotic	field	single_pathogen_focus
ERR10887006	SAMEA112356049	genus	0	0	no	5518	Fusarium graminearum	biotic	field	single_pathogen_focus
ERR10887007	SAMEA112356049	species	3	2	yes	5518	Fusarium graminearum	biotic	field	single_pathogen_focus
ERR10887007	SAMEA112356049	genus	0	0	no	5518	Fusarium graminearum	biotic	field	single_pathogen_focus
ERR10926629	SAMEA112681301	species	1	0	no	5518	Fusarium graminearum	biotic	field	single_pathogen_focus
ERR10926629	SAMEA112681301	genus	0	0	no	5518	Fusarium graminearum	biotic	field	single_pathogen_focus
ERR10926635	SAMEA112681304	species	1	0	no	5518	Fusarium graminearum	biotic	field	single_pathogen_focus
ERR10926635	SAMEA112681304	genus	0	0	no	5518	Fusarium graminearum	biotic	field	single_pathogen_focus
ERR10926639	SAMEA112681306	species	1	0	no	5518	Fusarium graminearum	biotic	field	single_pathogen_focus
ERR10926639	SAMEA112681306	genus	0	0	no	5518	Fusarium graminearum	biotic	field	single_pathogen_focus
ERR10926641	SAMEA112681307	species	1	0	no	5518	Fusarium graminearum	biotic	field	single_pathogen_focus
ERR10926641	SAMEA112681307	genus	0	0	no	5518	Fusarium graminearum	biotic	field	single_pathogen_focus
ERR10926643	SAMEA112681309	species	1	0	no	5518	Fusarium graminearum	biotic	field	single_pathogen_focus
ERR10926643	SAMEA112681309	genus	0	0	no	5518	Fusarium graminearum	biotic	field	single_pathogen_focus
ERR10926661	SAMEA112681319	species	1	0	no	5518	Fusarium graminearum	biotic	field	single_pathogen_focus
ERR10926661	SAMEA112681319	genus	0	0	no	5518	Fusarium graminearum	biotic	field	single_pathogen_focus
ERR10926663	SAMEA112681320	species	1	0	no	5518	Fusarium graminearum	biotic	field	single_pathogen_focus
ERR10926663	SAMEA112681320	genus	0	0	no	5518	Fusarium graminearum	biotic	field	single_pathogen_focus
ERR10926669	SAMEA112681323	species	1	0	no	5518	Fusarium graminearum	biotic	field	single_pathogen_focus
ERR10926669	SAMEA112681323	genus	0	0	no	5518	Fusarium graminearum	biotic	field	single_pathogen_focus
ERR10926671	SAMEA112681324	species	1	0	no	5518	Fusarium graminearum	biotic	field	single_pathogen_focus
ERR10926671	SAMEA112681324	genus	0	0	no	5518	Fusarium graminearum	biotic	field	single_pathogen_focus
ERR10926673	SAMEA112681325	species	1	0	no	5518	Fusarium graminearum	biotic	field	single_pathogen_focus
ERR10926673	SAMEA112681325	genus	0	0	no	5518	Fusarium graminearum	biotic	field	single_pathogen_focus
ERR10926674	SAMEA112681326	species	1	0	no	5518	Fusarium graminearum	biotic	field	single_pathogen_focus
ERR10926674	SAMEA112681326	genus	0	0	no	5518	Fusarium graminearum	biotic	field	single_pathogen_focus
ERR10926675	SAMEA112681327	species	1	0	no	5518	Fusarium graminearum	biotic	field	single_pathogen_focus
ERR10926675	SAMEA112681327	genus	0	0	no	5518	Fusarium graminearum	biotic	field	single_pathogen_focus
ERR10926698	SAMEA112681339	species	1	0	no	5518	Fusarium graminearum	biotic	field	single_pathogen_focus
ERR10926698	SAMEA112681339	genus	0	0	no	5518	Fusarium graminearum	biotic	field	single_pathogen_focus
ERR10926700	SAMEA112681340	species	1	0	no	5518	Fusarium graminearum	biotic	field	single_pathogen_focus
ERR10926700	SAMEA112681340	genus	0	0	no	5518	Fusarium graminearum	biotic	field	single_pathogen_focus
ERR10926702	SAMEA112681341	species	1	0	no	5518	Fusarium graminearum	biotic	field	single_pathogen_focus
ERR10926702	SAMEA112681341	genus	0	0	no	5518	Fusarium graminearum	biotic	field	single_pathogen_focus
ERR10926705	SAMEA112681342	species	1	0	no	5518	Fusarium graminearum	biotic	field	single_pathogen_focus
ERR10926705	SAMEA112681342	genus	0	0	no	5518	Fusarium graminearum	biotic	field	single_pathogen_focus
ERR10926707	SAMEA112681343	species	1	0	no	5518	Fusarium graminearum	biotic	field	single_pathogen_focus
ERR10926707	SAMEA112681343	genus	0	0	no	5518	Fusarium graminearum	biotic	field	single_pathogen_focus
ERR10926708	SAMEA112681344	species	1	0	no	5518	Fusarium graminearum	biotic	field	single_pathogen_focus
ERR10926708	SAMEA112681344	genus	0	0	no	5518	Fusarium graminearum	biotic	field	single_pathogen_focus
ERR12013027	SAMEA114317546	species	1	1	no	56615	Puccinia graminis f. sp. tritici	biotic	field	single_pathogen_focus
ERR12013027	SAMEA114317546	genus	0	0	no	56615	Puccinia graminis f. sp. tritici	biotic	field	single_pathogen_focus
ERR12013028	SAMEA114317547	species	1	1	no	56615	Puccinia graminis f. sp. tritici	biotic	field	single_pathogen_focus
ERR12013028	SAMEA114317547	genus	0	0	no	56615	Puccinia graminis f. sp. tritici	biotic	field	single_pathogen_focus
ERR12013029	SAMEA114317548	species	2	2	yes	56615	Puccinia graminis f. sp. tritici	biotic	field	single_pathogen_focus
ERR12013029	SAMEA114317548	genus	0	0	no	56615	Puccinia graminis f. sp. tritici	biotic	field	single_pathogen_focus
ERR12013030	SAMEA114317549	species	1	1	no	56615	Puccinia graminis f. sp. tritici	biotic	field	single_pathogen_focus
ERR12013030	SAMEA114317549	genus	0	0	no	56615	Puccinia graminis f. sp. tritici	biotic	field	single_pathogen_focus
ERR12013031	SAMEA114317550	species	1	1	no	56615	Puccinia graminis f. sp. tritici	biotic	field	single_pathogen_focus
ERR12013031	SAMEA114317550	genus	0	0	no	56615	Puccinia graminis f. sp. tritici	biotic	field	single_pathogen_focus
ERR12013032	SAMEA114317551	species	1	1	no	56615	Puccinia graminis f. sp. tritici	biotic	field	single_pathogen_focus
ERR12013032	SAMEA114317551	genus	0	0	no	56615	Puccinia graminis f. sp. tritici	biotic	field	single_pathogen_focus
ERR12013033	SAMEA114317552	species	1	1	no	56615	Puccinia graminis f. sp. tritici	biotic	field	single_pathogen_focus
ERR12013033	SAMEA114317552	genus	0	0	no	56615	Puccinia graminis f. sp. tritici	biotic	field	single_pathogen_focus
ERR12013034	SAMEA114317553	species	1	1	no	56615	Puccinia graminis f. sp. tritici	biotic	field	single_pathogen_focus
ERR12013034	SAMEA114317553	genus	0	0	no	56615	Puccinia graminis f. sp. tritici	biotic	field	single_pathogen_focus
ERR12013035	SAMEA114317554	species	1	1	no	56615	Puccinia graminis f. sp. tritici	biotic	field	single_pathogen_focus
ERR12013035	SAMEA114317554	genus	0	0	no	56615	Puccinia graminis f. sp. tritici	biotic	field	single_pathogen_focus
ERR12013036	SAMEA114317555	species	1	1	no	56615	Puccinia graminis f. sp. tritici	biotic	field	single_pathogen_focus
ERR12013036	SAMEA114317555	genus	0	0	no	56615	Puccinia graminis f. sp. tritici	biotic	field	single_pathogen_focus
ERR12013037	SAMEA114317556	species	1	1	no	56615	Puccinia graminis f. sp. tritici	biotic	field	single_pathogen_focus
ERR12013037	SAMEA114317556	genus	0	0	no	56615	Puccinia graminis f. sp. tritici	biotic	field	single_pathogen_focus
ERR12013038	SAMEA114317557	species	1	1	no	56615	Puccinia graminis f. sp. tritici	biotic	field	single_pathogen_focus
ERR12013038	SAMEA114317557	genus	0	0	no	56615	Puccinia graminis f. sp. tritici	biotic	field	single_pathogen_focus
ERR12013039	SAMEA114317558	species	1	1	no	56615	Puccinia graminis f. sp. tritici	biotic	field	single_pathogen_focus
ERR12013039	SAMEA114317558	genus	0	0	no	56615	Puccinia graminis f. sp. tritici	biotic	field	single_pathogen_focus
ERR12013040	SAMEA114317559	species	3	3	yes	56615	Puccinia graminis f. sp. tritici	biotic	field	single_pathogen_focus
ERR12013040	SAMEA114317559	genus	0	0	no	56615	Puccinia graminis f. sp. tritici	biotic	field	single_pathogen_focus
ERR12013042	SAMEA114317561	species	3	3	yes	56615	Puccinia graminis f. sp. tritici	biotic	field	single_pathogen_focus
ERR12013042	SAMEA114317561	genus	0	0	no	56615	Puccinia graminis f. sp. tritici	biotic	field	single_pathogen_focus
ERR12013045	SAMEA114317564	species	2	2	yes	56615	Puccinia graminis f. sp. tritici	biotic	field	single_pathogen_focus
ERR12013045	SAMEA114317564	genus	0	0	no	56615	Puccinia graminis f. sp. tritici	biotic	field	single_pathogen_focus
ERR12013047	SAMEA114317566	species	3	3	yes	56615	Puccinia graminis f. sp. tritici	biotic	field	single_pathogen_focus
ERR12013047	SAMEA114317566	genus	0	0	no	56615	Puccinia graminis f. sp. tritici	biotic	field	single_pathogen_focus
ERR12013048	SAMEA114317567	species	2	2	yes	56615	Puccinia graminis f. sp. tritici	biotic	field	single_pathogen_focus
ERR12013048	SAMEA114317567	genus	0	0	no	56615	Puccinia graminis f. sp. tritici	biotic	field	single_pathogen_focus
ERR12013049	SAMEA114317568	species	5	5	yes	56615	Puccinia graminis f. sp. tritici	biotic	field	single_pathogen_focus
ERR12013049	SAMEA114317568	genus	0	0	no	56615	Puccinia graminis f. sp. tritici	biotic	field	single_pathogen_focus
ERR12013050	SAMEA114317569	species	2	2	yes	56615	Puccinia graminis f. sp. tritici	biotic	field	single_pathogen_focus
ERR12013050	SAMEA114317569	genus	0	0	no	56615	Puccinia graminis f. sp. tritici	biotic	field	single_pathogen_focus
ERR12013051	SAMEA114317570	species	4	4	yes	56615	Puccinia graminis f. sp. tritici	biotic	field	single_pathogen_focus
ERR12013051	SAMEA114317570	genus	0	0	no	56615	Puccinia graminis f. sp. tritici	biotic	field	single_pathogen_focus
ERR12013052	SAMEA114317571	species	2	2	yes	56615	Puccinia graminis f. sp. tritici	biotic	field	single_pathogen_focus
ERR12013052	SAMEA114317571	genus	0	0	no	56615	Puccinia graminis f. sp. tritici	biotic	field	single_pathogen_focus
ERR12013053	SAMEA114317572	species	1	1	no	56615	Puccinia graminis f. sp. tritici	biotic	field	single_pathogen_focus
ERR12013053	SAMEA114317572	genus	0	0	no	56615	Puccinia graminis f. sp. tritici	biotic	field	single_pathogen_focus
ERR12013054	SAMEA114317573	species	1	1	no	56615	Puccinia graminis f. sp. tritici	biotic	field	single_pathogen_focus
ERR12013054	SAMEA114317573	genus	0	0	no	56615	Puccinia graminis f. sp. tritici	biotic	field	single_pathogen_focus
ERR12013055	SAMEA114317574	species	3	3	yes	56615	Puccinia graminis f. sp. tritici	biotic	field	single_pathogen_focus
ERR12013055	SAMEA114317574	genus	0	0	no	56615	Puccinia graminis f. sp. tritici	biotic	field	single_pathogen_focus
ERR12013056	SAMEA114317575	species	2	2	yes	56615	Puccinia graminis f. sp. tritici	biotic	field	single_pathogen_focus
ERR12013056	SAMEA114317575	genus	0	0	no	56615	Puccinia graminis f. sp. tritici	biotic	field	single_pathogen_focus
ERR12013057	SAMEA114317576	species	1	1	no	56615	Puccinia graminis f. sp. tritici	biotic	field	single_pathogen_focus
ERR12013057	SAMEA114317576	genus	0	0	no	56615	Puccinia graminis f. sp. tritici	biotic	field	single_pathogen_focus
ERR12013059	SAMEA114317578	species	1	1	no	56615	Puccinia graminis f. sp. tritici	biotic	field	single_pathogen_focus
ERR12013059	SAMEA114317578	genus	0	0	no	56615	Puccinia graminis f. sp. tritici	biotic	field	single_pathogen_focus
ERR12013060	SAMEA114317579	species	1	1	no	56615	Puccinia graminis f. sp. tritici	biotic	field	single_pathogen_focus
ERR12013060	SAMEA114317579	genus	0	0	no	56615	Puccinia graminis f. sp. tritici	biotic	field	single_pathogen_focus
ERR12013061	SAMEA114317581	species	4	4	yes	56615	Puccinia graminis f. sp. tritici	biotic	field	single_pathogen_focus
ERR12013061	SAMEA114317581	genus	0	0	no	56615	Puccinia graminis f. sp. tritici	biotic	field	single_pathogen_focus
ERR12013062	SAMEA114317582	species	1	1	no	56615	Puccinia graminis f. sp. tritici	biotic	field	single_pathogen_focus
ERR12013062	SAMEA114317582	genus	0	0	no	56615	Puccinia graminis f. sp. tritici	biotic	field	single_pathogen_focus
ERR12013063	SAMEA114317583	species	1	1	no	56615	Puccinia graminis f. sp. tritici	biotic	field	single_pathogen_focus
ERR12013063	SAMEA114317583	genus	0	0	no	56615	Puccinia graminis f. sp. tritici	biotic	field	single_pathogen_focus
ERR12013064	SAMEA114317584	species	2	2	yes	56615	Puccinia graminis f. sp. tritici	biotic	field	single_pathogen_focus
ERR12013064	SAMEA114317584	genus	0	0	no	56615	Puccinia graminis f. sp. tritici	biotic	field	single_pathogen_focus
ERR12013065	SAMEA114317585	species	2	2	yes	56615	Puccinia graminis f. sp. tritici	biotic	field	single_pathogen_focus
ERR12013065	SAMEA114317585	genus	0	0	no	56615	Puccinia graminis f. sp. tritici	biotic	field	single_pathogen_focus
ERR12013066	SAMEA114317586	species	1	1	no	56615	Puccinia graminis f. sp. tritici	biotic	field	single_pathogen_focus
ERR12013066	SAMEA114317586	genus	0	0	no	56615	Puccinia graminis f. sp. tritici	biotic	field	single_pathogen_focus
ERR12013067	SAMEA114317587	species	3	3	yes	56615	Puccinia graminis f. sp. tritici	biotic	field	single_pathogen_focus
ERR12013067	SAMEA114317587	genus	0	0	no	56615	Puccinia graminis f. sp. tritici	biotic	field	single_pathogen_focus
ERR12013069	SAMEA114317589	species	1	1	no	56615	Puccinia graminis f. sp. tritici	biotic	field	single_pathogen_focus
ERR12013069	SAMEA114317589	genus	0	0	no	56615	Puccinia graminis f. sp. tritici	biotic	field	single_pathogen_focus
ERR12013070	SAMEA114317590	species	1	1	no	56615	Puccinia graminis f. sp. tritici	biotic	field	single_pathogen_focus
ERR12013070	SAMEA114317590	genus	0	0	no	56615	Puccinia graminis f. sp. tritici	biotic	field	single_pathogen_focus
ERR12013071	SAMEA114317591	species	1	1	no	56615	Puccinia graminis f. sp. tritici	biotic	field	single_pathogen_focus
ERR12013071	SAMEA114317591	genus	0	0	no	56615	Puccinia graminis f. sp. tritici	biotic	field	single_pathogen_focus
ERR12013072	SAMEA114317592	species	3	3	yes	56615	Puccinia graminis f. sp. tritici	biotic	field	single_pathogen_focus
ERR12013072	SAMEA114317592	genus	0	0	no	56615	Puccinia graminis f. sp. tritici	biotic	field	single_pathogen_focus
ERR12013073	SAMEA114317593	species	1	1	no	56615	Puccinia graminis f. sp. tritici	biotic	field	single_pathogen_focus
ERR12013073	SAMEA114317593	genus	0	0	no	56615	Puccinia graminis f. sp. tritici	biotic	field	single_pathogen_focus
ERR12013075	SAMEA114317595	species	1	1	no	56615	Puccinia graminis f. sp. tritici	biotic	field	single_pathogen_focus
ERR12013075	SAMEA114317595	genus	0	0	no	56615	Puccinia graminis f. sp. tritici	biotic	field	single_pathogen_focus
ERR12013076	SAMEA114317596	species	1	1	no	56615	Puccinia graminis f. sp. tritici	biotic	field	single_pathogen_focus
ERR12013076	SAMEA114317596	genus	0	0	no	56615	Puccinia graminis f. sp. tritici	biotic	field	single_pathogen_focus
ERR12013077	SAMEA114317597	species	1	1	no	56615	Puccinia graminis f. sp. tritici	biotic	field	single_pathogen_focus
ERR12013077	SAMEA114317597	genus	0	0	no	56615	Puccinia graminis f. sp. tritici	biotic	field	single_pathogen_focus
ERR12013078	SAMEA114317598	species	1	1	no	56615	Puccinia graminis f. sp. tritici	biotic	field	single_pathogen_focus
ERR12013078	SAMEA114317598	genus	0	0	no	56615	Puccinia graminis f. sp. tritici	biotic	field	single_pathogen_focus
ERR12013079	SAMEA114317580	species	1	1	no	56615	Puccinia graminis f. sp. tritici	biotic	field	single_pathogen_focus
ERR12013079	SAMEA114317580	genus	0	0	no	56615	Puccinia graminis f. sp. tritici	biotic	field	single_pathogen_focus
ERR13070694	SAMEA115577677	species	1	0	no	5518	Fusarium graminearum	biotic	field	single_pathogen_focus
ERR13070694	SAMEA115577677	genus	0	0	no	5518	Fusarium graminearum	biotic	field	single_pathogen_focus
ERR13098509	SAMEA115577681	species	1	0	no	5518	Fusarium graminearum	biotic	field	single_pathogen_focus
ERR13098509	SAMEA115577681	genus	0	0	no	5518	Fusarium graminearum	biotic	field	single_pathogen_focus
ERR13105496	SAMEA115577682	species	1	0	no	5518	Fusarium graminearum	biotic	field	single_pathogen_focus
ERR13105496	SAMEA115577682	genus	0	0	no	5518	Fusarium graminearum	biotic	field	single_pathogen_focus
ERR13105519	SAMEA115577683	species	1	0	no	5518	Fusarium graminearum	biotic	field	single_pathogen_focus
ERR13105519	SAMEA115577683	genus	0	0	no	5518	Fusarium graminearum	biotic	field	single_pathogen_focus
ERR13105569	SAMEA115577684	species	1	0	no	5518	Fusarium graminearum	biotic	field	single_pathogen_focus
ERR13105569	SAMEA115577684	genus	0	0	no	5518	Fusarium graminearum	biotic	field	single_pathogen_focus
ERR13106413	SAMEA115577685	species	1	0	no	5518	Fusarium graminearum	biotic	field	single_pathogen_focus
ERR13106413	SAMEA115577685	genus	0	0	no	5518	Fusarium graminearum	biotic	field	single_pathogen_focus
ERR13107141	SAMEA115577687	species	1	0	no	5518	Fusarium graminearum	biotic	field	single_pathogen_focus
ERR13107141	SAMEA115577687	genus	0	0	no	5518	Fusarium graminearum	biotic	field	single_pathogen_focus
ERR13107145	SAMEA115577688	species	1	0	no	5518	Fusarium graminearum	biotic	field	single_pathogen_focus
ERR13107145	SAMEA115577688	genus	0	0	no	5518	Fusarium graminearum	biotic	field	single_pathogen_focus
ERR13107156	SAMEA115577689	species	1	0	no	5518	Fusarium graminearum	biotic	field	single_pathogen_focus
ERR13107156	SAMEA115577689	genus	0	0	no	5518	Fusarium graminearum	biotic	field	single_pathogen_focus
ERR13107161	SAMEA115577690	species	1	0	no	5518	Fusarium graminearum	biotic	field	single_pathogen_focus
ERR13107161	SAMEA115577690	genus	0	0	no	5518	Fusarium graminearum	biotic	field	single_pathogen_focus
ERR13107164	SAMEA115577691	species	1	0	no	5518	Fusarium graminearum	biotic	field	single_pathogen_focus
ERR13107164	SAMEA115577691	genus	0	0	no	5518	Fusarium graminearum	biotic	field	single_pathogen_focus
ERR13107171	SAMEA115577692	species	1	0	no	5518	Fusarium graminearum	biotic	field	single_pathogen_focus
ERR13107171	SAMEA115577692	genus	0	0	no	5518	Fusarium graminearum	biotic	field	single_pathogen_focus
ERR13107174	SAMEA115577693	species	1	0	no	5518	Fusarium graminearum	biotic	field	single_pathogen_focus
ERR13107174	SAMEA115577693	genus	0	0	no	5518	Fusarium graminearum	biotic	field	single_pathogen_focus
ERR13107178	SAMEA115577694	species	0	0	no	5518	Fusarium graminearum	biotic	field	single_pathogen_focus
ERR13107178	SAMEA115577694	genus	0	0	no	5518	Fusarium graminearum	biotic	field	single_pathogen_focus
ERR13107205	SAMEA115577695	species	1	0	no	5518	Fusarium graminearum	biotic	field	single_pathogen_focus
ERR13107205	SAMEA115577695	genus	0	0	no	5518	Fusarium graminearum	biotic	field	single_pathogen_focus
ERR13107212	SAMEA115577696	species	0	0	no	5518	Fusarium graminearum	biotic	field	single_pathogen_focus
ERR13107212	SAMEA115577696	genus	0	0	no	5518	Fusarium graminearum	biotic	field	single_pathogen_focus
ERR13107216	SAMEA115577697	species	1	0	no	5518	Fusarium graminearum	biotic	field	single_pathogen_focus
ERR13107216	SAMEA115577697	genus	0	0	no	5518	Fusarium graminearum	biotic	field	single_pathogen_focus
ERR13107470	SAMEA115577698	species	0	0	no	5518	Fusarium graminearum	biotic	field	single_pathogen_focus
ERR13107470	SAMEA115577698	genus	0	0	no	5518	Fusarium graminearum	biotic	field	single_pathogen_focus
ERR13107472	SAMEA115577699	species	0	0	no	5518	Fusarium graminearum	biotic	field	single_pathogen_focus
ERR13107472	SAMEA115577699	genus	0	0	no	5518	Fusarium graminearum	biotic	field	single_pathogen_focus
ERR13108582	SAMEA115577700	species	0	0	no	5518	Fusarium graminearum	biotic	field	single_pathogen_focus
ERR13108582	SAMEA115577700	genus	0	0	no	5518	Fusarium graminearum	biotic	field	single_pathogen_focus
ERR13108595	SAMEA115577701	species	0	0	no	5518	Fusarium graminearum	biotic	field	single_pathogen_focus
ERR13108595	SAMEA115577701	genus	0	0	no	5518	Fusarium graminearum	biotic	field	single_pathogen_focus
ERR13108602	SAMEA115577702	species	0	0	no	5518	Fusarium graminearum	biotic	field	single_pathogen_focus
ERR13108602	SAMEA115577702	genus	0	0	no	5518	Fusarium graminearum	biotic	field	single_pathogen_focus
ERR13148713	SAMEA115652373	species	1	0	no	5518	Fusarium graminearum	biotic	field	single_pathogen_focus
ERR13148713	SAMEA115652373	genus	0	0	no	5518	Fusarium graminearum	biotic	field	single_pathogen_focus
ERR13148999	SAMEA115652374	species	1	0	no	5518	Fusarium graminearum	biotic	field	single_pathogen_focus
ERR13148999	SAMEA115652374	genus	0	0	no	5518	Fusarium graminearum	biotic	field	single_pathogen_focus
ERR13149105	SAMEA115652375	species	1	0	no	5518	Fusarium graminearum	biotic	field	single_pathogen_focus
ERR13149105	SAMEA115652375	genus	0	0	no	5518	Fusarium graminearum	biotic	field	single_pathogen_focus
ERR13149129	SAMEA115652376	species	1	0	no	5518	Fusarium graminearum	biotic	field	single_pathogen_focus
ERR13149129	SAMEA115652376	genus	0	0	no	5518	Fusarium graminearum	biotic	field	single_pathogen_focus
ERR13149232	SAMEA115652377	species	1	0	no	5518	Fusarium graminearum	biotic	field	single_pathogen_focus
ERR13149232	SAMEA115652377	genus	0	0	no	5518	Fusarium graminearum	biotic	field	single_pathogen_focus
ERR1314945	SAMEA3899917	species	1	0	no	117187,5270,5518,63577	Fusarium graminearum; Fusarium verticillioides; Trichoderma atroviride; Ustilago maydis	biotic	field	intentional_multi_pathogen
ERR1314945	SAMEA3899917	genus	0	0	no	117187,5270,5518,63577	Fusarium graminearum; Fusarium verticillioides; Trichoderma atroviride; Ustilago maydis	biotic	field	intentional_multi_pathogen
ERR1314967	SAMEA3899939	species	1	0	no	117187,5270,5518,63577	Fusarium graminearum; Fusarium verticillioides; Trichoderma atroviride; Ustilago maydis	biotic	field	intentional_multi_pathogen
ERR1314967	SAMEA3899939	genus	0	0	no	117187,5270,5518,63577	Fusarium graminearum; Fusarium verticillioides; Trichoderma atroviride; Ustilago maydis	biotic	field	intentional_multi_pathogen
ERR13150701	SAMEA115652378	species	1	0	no	5518	Fusarium graminearum	biotic	field	single_pathogen_focus
ERR13150701	SAMEA115652378	genus	0	0	no	5518	Fusarium graminearum	biotic	field	single_pathogen_focus
ERR13150768	SAMEA115652379	species	1	0	no	5518	Fusarium graminearum	biotic	field	single_pathogen_focus
ERR13150768	SAMEA115652379	genus	0	0	no	5518	Fusarium graminearum	biotic	field	single_pathogen_focus
ERR13150773	SAMEA115652380	species	1	0	no	5518	Fusarium graminearum	biotic	field	single_pathogen_focus
ERR13150773	SAMEA115652380	genus	0	0	no	5518	Fusarium graminearum	biotic	field	single_pathogen_focus
ERR13150779	SAMEA115652381	species	1	0	no	5518	Fusarium graminearum	biotic	field	single_pathogen_focus
ERR13150779	SAMEA115652381	genus	0	0	no	5518	Fusarium graminearum	biotic	field	single_pathogen_focus
ERR13153921	SAMEA115652382	species	1	0	no	5518	Fusarium graminearum	biotic	field	single_pathogen_focus
ERR13153921	SAMEA115652382	genus	0	0	no	5518	Fusarium graminearum	biotic	field	single_pathogen_focus
ERR13153961	SAMEA115652383	species	0	0	no	5518	Fusarium graminearum	biotic	field	single_pathogen_focus
ERR13153961	SAMEA115652383	genus	0	0	no	5518	Fusarium graminearum	biotic	field	single_pathogen_focus
ERR13159045	SAMEA115652384	species	1	0	no	5518	Fusarium graminearum	biotic	field	single_pathogen_focus
ERR13159045	SAMEA115652384	genus	0	0	no	5518	Fusarium graminearum	biotic	field	single_pathogen_focus
ERR13159060	SAMEA115652385	species	0	0	no	5518	Fusarium graminearum	biotic	field	single_pathogen_focus
ERR13159060	SAMEA115652385	genus	0	0	no	5518	Fusarium graminearum	biotic	field	single_pathogen_focus
ERR13159077	SAMEA115652386	species	0	0	no	5518	Fusarium graminearum	biotic	field	single_pathogen_focus
ERR13159077	SAMEA115652386	genus	0	0	no	5518	Fusarium graminearum	biotic	field	single_pathogen_focus
ERR13159104	SAMEA115652387	species	1	0	no	5518	Fusarium graminearum	biotic	field	single_pathogen_focus
ERR13159104	SAMEA115652387	genus	0	0	no	5518	Fusarium graminearum	biotic	field	single_pathogen_focus
ERR13159121	SAMEA115652388	species	0	0	no	5518	Fusarium graminearum	biotic	field	single_pathogen_focus
ERR13159121	SAMEA115652388	genus	0	0	no	5518	Fusarium graminearum	biotic	field	single_pathogen_focus
ERR13159136	SAMEA115652389	species	0	0	no	5518	Fusarium graminearum	biotic	field	single_pathogen_focus
ERR13159136	SAMEA115652389	genus	0	0	no	5518	Fusarium graminearum	biotic	field	single_pathogen_focus
ERR13159190	SAMEA115652390	species	0	0	no	5518	Fusarium graminearum	biotic	field	single_pathogen_focus
ERR13159190	SAMEA115652390	genus	0	0	no	5518	Fusarium graminearum	biotic	field	single_pathogen_focus
ERR13166132	SAMEA115577686	species	1	0	no	5518	Fusarium graminearum	biotic	field	single_pathogen_focus
ERR13166132	SAMEA115577686	genus	0	0	no	5518	Fusarium graminearum	biotic	field	single_pathogen_focus
ERR13340220	SAMEA115782794	species	1	0	no	27350	Puccinia striiformis f.sp. tritici	biotic	field	single_pathogen_focus
ERR13340220	SAMEA115782794	genus	0	0	no	27350	Puccinia striiformis f.sp. tritici	biotic	field	single_pathogen_focus
ERR13340221	SAMEA115782795	species	1	0	no	27350	Puccinia striiformis f.sp. tritici	biotic	field	single_pathogen_focus
ERR13340221	SAMEA115782795	genus	0	0	no	27350	Puccinia striiformis f.sp. tritici	biotic	field	single_pathogen_focus
ERR13340222	SAMEA115782796	species	1	0	no	27350	Puccinia striiformis f.sp. tritici	biotic	field	single_pathogen_focus
ERR13340222	SAMEA115782796	genus	0	0	no	27350	Puccinia striiformis f.sp. tritici	biotic	field	single_pathogen_focus
ERR13340223	SAMEA115782797	species	2	1	yes	27350	Puccinia striiformis f.sp. tritici	biotic	field	single_pathogen_focus
ERR13340223	SAMEA115782797	genus	0	0	no	27350	Puccinia striiformis f.sp. tritici	biotic	field	single_pathogen_focus
ERR13340224	SAMEA115782798	species	2	1	yes	27350	Puccinia striiformis f.sp. tritici	biotic	field	single_pathogen_focus
ERR13340224	SAMEA115782798	genus	0	0	no	27350	Puccinia striiformis f.sp. tritici	biotic	field	single_pathogen_focus
ERR13340225	SAMEA115782799	species	1	0	no	27350	Puccinia striiformis f.sp. tritici	biotic	field	single_pathogen_focus
ERR13340225	SAMEA115782799	genus	0	0	no	27350	Puccinia striiformis f.sp. tritici	biotic	field	single_pathogen_focus
ERR1360186	SAMEA3931306	species	2	1	yes	318829	Magnaporthe oryzae	biotic	field	single_pathogen_focus
ERR1360186	SAMEA3931306	genus	0	0	no	318829	Magnaporthe oryzae	biotic	field	single_pathogen_focus
ERR1360187	SAMEA3931314	species	2	1	yes	318829	Magnaporthe oryzae	biotic	field	single_pathogen_focus
ERR1360187	SAMEA3931314	genus	0	0	no	318829	Magnaporthe oryzae	biotic	field	single_pathogen_focus
ERR1360192	SAMEA3931309	species	7	6	yes	318829	Magnaporthe oryzae	biotic	field	single_pathogen_focus
ERR1360192	SAMEA3931309	genus	0	0	no	318829	Magnaporthe oryzae	biotic	field	single_pathogen_focus
ERR1360193	SAMEA3931317	species	7	6	yes	318829	Magnaporthe oryzae	biotic	field	single_pathogen_focus
ERR1360193	SAMEA3931317	genus	0	0	no	318829	Magnaporthe oryzae	biotic	field	single_pathogen_focus
ERR14823239	SAMEA117974835	species	1	0	no	5180	Sclerotinia sclerotiorum	biotic	field	single_pathogen_focus
ERR14823239	SAMEA117974835	genus	0	0	no	5180	Sclerotinia sclerotiorum	biotic	field	single_pathogen_focus
ERR14823240	SAMEA117974836	species	1	0	no	5180	Sclerotinia sclerotiorum	biotic	field	single_pathogen_focus
ERR14823240	SAMEA117974836	genus	0	0	no	5180	Sclerotinia sclerotiorum	biotic	field	single_pathogen_focus
ERR14823245	SAMEA117974841	species	1	0	no	5180	Sclerotinia sclerotiorum	biotic	field	single_pathogen_focus
ERR14823245	SAMEA117974841	genus	0	0	no	5180	Sclerotinia sclerotiorum	biotic	field	single_pathogen_focus
ERR14823246	SAMEA117974842	species	1	0	no	5180	Sclerotinia sclerotiorum	biotic	field	single_pathogen_focus
ERR14823246	SAMEA117974842	genus	0	0	no	5180	Sclerotinia sclerotiorum	biotic	field	single_pathogen_focus
ERR14823249	SAMEA117974845	species	1	0	no	5180	Sclerotinia sclerotiorum	biotic	field	single_pathogen_focus
ERR14823249	SAMEA117974845	genus	0	0	no	5180	Sclerotinia sclerotiorum	biotic	field	single_pathogen_focus
ERR14823250	SAMEA117974846	species	1	0	no	5180	Sclerotinia sclerotiorum	biotic	field	single_pathogen_focus
ERR14823250	SAMEA117974846	genus	0	0	no	5180	Sclerotinia sclerotiorum	biotic	field	single_pathogen_focus
ERR15005444	SAMEA117592925	species	4	3	yes	168172,208348,56615	Puccinia triticina; Puccinia graminis f. sp. tritici; Puccinia striiformis f. sp. tritici	biotic	field	single_pathogen_focus
ERR15005444	SAMEA117592925	genus	0	0	no	168172,208348,56615	Puccinia triticina; Puccinia graminis f. sp. tritici; Puccinia striiformis f. sp. tritici	biotic	field	single_pathogen_focus
ERR15005445	SAMEA117592926	species	6	5	yes	168172,208348,56615	Puccinia triticina; Puccinia graminis f. sp. tritici; Puccinia striiformis f. sp. tritici	biotic	field	single_pathogen_focus
ERR15005445	SAMEA117592926	genus	0	0	no	168172,208348,56615	Puccinia triticina; Puccinia graminis f. sp. tritici; Puccinia striiformis f. sp. tritici	biotic	field	single_pathogen_focus
ERR15005446	SAMEA117592927	species	4	3	yes	168172,208348,56615	Puccinia triticina; Puccinia graminis f. sp. tritici; Puccinia striiformis f. sp. tritici	biotic	field	single_pathogen_focus
ERR15005446	SAMEA117592927	genus	0	0	no	168172,208348,56615	Puccinia triticina; Puccinia graminis f. sp. tritici; Puccinia striiformis f. sp. tritici	biotic	field	single_pathogen_focus
ERR15005447	SAMEA117593021	species	6	5	yes	168172,208348,56615	Puccinia triticina; Puccinia graminis f. sp. tritici; Puccinia striiformis f. sp. tritici	biotic	field	single_pathogen_focus
ERR15005447	SAMEA117593021	genus	0	0	no	168172,208348,56615	Puccinia triticina; Puccinia graminis f. sp. tritici; Puccinia striiformis f. sp. tritici	biotic	field	single_pathogen_focus
ERR15005448	SAMEA117593022	species	2	1	yes	168172,208348,56615	Puccinia triticina; Puccinia graminis f. sp. tritici; Puccinia striiformis f. sp. tritici	biotic	field	single_pathogen_focus
ERR15005448	SAMEA117593022	genus	0	0	no	168172,208348,56615	Puccinia triticina; Puccinia graminis f. sp. tritici; Puccinia striiformis f. sp. tritici	biotic	field	single_pathogen_focus
ERR15005449	SAMEA117593023	species	5	4	yes	168172,208348,56615	Puccinia triticina; Puccinia graminis f. sp. tritici; Puccinia striiformis f. sp. tritici	biotic	field	single_pathogen_focus
ERR15005449	SAMEA117593023	genus	0	0	no	168172,208348,56615	Puccinia triticina; Puccinia graminis f. sp. tritici; Puccinia striiformis f. sp. tritici	biotic	field	single_pathogen_focus
ERR15005450	SAMEA117593024	species	4	3	yes	168172,208348,56615	Puccinia triticina; Puccinia graminis f. sp. tritici; Puccinia striiformis f. sp. tritici	biotic	field	single_pathogen_focus
ERR15005450	SAMEA117593024	genus	0	0	no	168172,208348,56615	Puccinia triticina; Puccinia graminis f. sp. tritici; Puccinia striiformis f. sp. tritici	biotic	field	single_pathogen_focus
ERR15005451	SAMEA117592928	species	1	0	no	168172,208348,56615	Puccinia triticina; Puccinia graminis f. sp. tritici; Puccinia striiformis f. sp. tritici	biotic	field	single_pathogen_focus
ERR15005451	SAMEA117592928	genus	0	0	no	168172,208348,56615	Puccinia triticina; Puccinia graminis f. sp. tritici; Puccinia striiformis f. sp. tritici	biotic	field	single_pathogen_focus
ERR15005452	SAMEA117592929	species	4	3	yes	168172,208348,56615	Puccinia triticina; Puccinia graminis f. sp. tritici; Puccinia striiformis f. sp. tritici	biotic	field	single_pathogen_focus
ERR15005452	SAMEA117592929	genus	0	0	no	168172,208348,56615	Puccinia triticina; Puccinia graminis f. sp. tritici; Puccinia striiformis f. sp. tritici	biotic	field	single_pathogen_focus
ERR15005453	SAMEA117592930	species	3	2	yes	168172,208348,56615	Puccinia triticina; Puccinia graminis f. sp. tritici; Puccinia striiformis f. sp. tritici	biotic	field	single_pathogen_focus
ERR15005453	SAMEA117592930	genus	0	0	no	168172,208348,56615	Puccinia triticina; Puccinia graminis f. sp. tritici; Puccinia striiformis f. sp. tritici	biotic	field	single_pathogen_focus
ERR15005454	SAMEA117592931	species	3	2	yes	168172,208348,56615	Puccinia triticina; Puccinia graminis f. sp. tritici; Puccinia striiformis f. sp. tritici	biotic	field	single_pathogen_focus
ERR15005454	SAMEA117592931	genus	0	0	no	168172,208348,56615	Puccinia triticina; Puccinia graminis f. sp. tritici; Puccinia striiformis f. sp. tritici	biotic	field	single_pathogen_focus
ERR15005455	SAMEA117592932	species	3	2	yes	168172,208348,56615	Puccinia triticina; Puccinia graminis f. sp. tritici; Puccinia striiformis f. sp. tritici	biotic	field	single_pathogen_focus
ERR15005455	SAMEA117592932	genus	0	0	no	168172,208348,56615	Puccinia triticina; Puccinia graminis f. sp. tritici; Puccinia striiformis f. sp. tritici	biotic	field	single_pathogen_focus
ERR15005456	SAMEA117592933	species	2	1	yes	168172,208348,56615	Puccinia triticina; Puccinia graminis f. sp. tritici; Puccinia striiformis f. sp. tritici	biotic	field	single_pathogen_focus
ERR15005456	SAMEA117592933	genus	0	0	no	168172,208348,56615	Puccinia triticina; Puccinia graminis f. sp. tritici; Puccinia striiformis f. sp. tritici	biotic	field	single_pathogen_focus
ERR15005457	SAMEA117592934	species	1	0	no	168172,208348,56615	Puccinia triticina; Puccinia graminis f. sp. tritici; Puccinia striiformis f. sp. tritici	biotic	field	single_pathogen_focus
ERR15005457	SAMEA117592934	genus	0	0	no	168172,208348,56615	Puccinia triticina; Puccinia graminis f. sp. tritici; Puccinia striiformis f. sp. tritici	biotic	field	single_pathogen_focus
ERR15005458	SAMEA117592935	species	2	1	yes	168172,208348,56615	Puccinia triticina; Puccinia graminis f. sp. tritici; Puccinia striiformis f. sp. tritici	biotic	field	single_pathogen_focus
ERR15005458	SAMEA117592935	genus	0	0	no	168172,208348,56615	Puccinia triticina; Puccinia graminis f. sp. tritici; Puccinia striiformis f. sp. tritici	biotic	field	single_pathogen_focus
ERR15005459	SAMEA117592936	species	3	2	yes	168172,208348,56615	Puccinia triticina; Puccinia graminis f. sp. tritici; Puccinia striiformis f. sp. tritici	biotic	field	single_pathogen_focus
ERR15005459	SAMEA117592936	genus	0	0	no	168172,208348,56615	Puccinia triticina; Puccinia graminis f. sp. tritici; Puccinia striiformis f. sp. tritici	biotic	field	single_pathogen_focus
ERR15005460	SAMEA117592937	species	2	1	yes	168172,208348,56615	Puccinia triticina; Puccinia graminis f. sp. tritici; Puccinia striiformis f. sp. tritici	biotic	field	single_pathogen_focus
ERR15005460	SAMEA117592937	genus	0	0	no	168172,208348,56615	Puccinia triticina; Puccinia graminis f. sp. tritici; Puccinia striiformis f. sp. tritici	biotic	field	single_pathogen_focus
ERR15005461	SAMEA117592938	species	2	1	yes	168172,208348,56615	Puccinia triticina; Puccinia graminis f. sp. tritici; Puccinia striiformis f. sp. tritici	biotic	field	single_pathogen_focus
ERR15005461	SAMEA117592938	genus	0	0	no	168172,208348,56615	Puccinia triticina; Puccinia graminis f. sp. tritici; Puccinia striiformis f. sp. tritici	biotic	field	single_pathogen_focus
ERR15005462	SAMEA117592939	species	4	3	yes	168172,208348,56615	Puccinia triticina; Puccinia graminis f. sp. tritici; Puccinia striiformis f. sp. tritici	biotic	field	single_pathogen_focus
ERR15005462	SAMEA117592939	genus	0	0	no	168172,208348,56615	Puccinia triticina; Puccinia graminis f. sp. tritici; Puccinia striiformis f. sp. tritici	biotic	field	single_pathogen_focus
ERR15005463	SAMEA117592940	species	1	0	no	168172,208348,56615	Puccinia triticina; Puccinia graminis f. sp. tritici; Puccinia striiformis f. sp. tritici	biotic	field	single_pathogen_focus
ERR15005463	SAMEA117592940	genus	0	0	no	168172,208348,56615	Puccinia triticina; Puccinia graminis f. sp. tritici; Puccinia striiformis f. sp. tritici	biotic	field	single_pathogen_focus
ERR15005464	SAMEA117592941	species	1	0	no	168172,208348,56615	Puccinia triticina; Puccinia graminis f. sp. tritici; Puccinia striiformis f. sp. tritici	biotic	field	single_pathogen_focus
ERR15005464	SAMEA117592941	genus	0	0	no	168172,208348,56615	Puccinia triticina; Puccinia graminis f. sp. tritici; Puccinia striiformis f. sp. tritici	biotic	field	single_pathogen_focus
ERR15005465	SAMEA117592942	species	1	0	no	168172,208348,56615	Puccinia triticina; Puccinia graminis f. sp. tritici; Puccinia striiformis f. sp. tritici	biotic	field	single_pathogen_focus
ERR15005465	SAMEA117592942	genus	0	0	no	168172,208348,56615	Puccinia triticina; Puccinia graminis f. sp. tritici; Puccinia striiformis f. sp. tritici	biotic	field	single_pathogen_focus
ERR15005466	SAMEA117592943	species	1	0	no	168172,208348,56615	Puccinia triticina; Puccinia graminis f. sp. tritici; Puccinia striiformis f. sp. tritici	biotic	field	single_pathogen_focus
ERR15005466	SAMEA117592943	genus	0	0	no	168172,208348,56615	Puccinia triticina; Puccinia graminis f. sp. tritici; Puccinia striiformis f. sp. tritici	biotic	field	single_pathogen_focus
ERR15005467	SAMEA117592944	species	2	1	yes	168172,208348,56615	Puccinia triticina; Puccinia graminis f. sp. tritici; Puccinia striiformis f. sp. tritici	biotic	field	single_pathogen_focus
ERR15005467	SAMEA117592944	genus	0	0	no	168172,208348,56615	Puccinia triticina; Puccinia graminis f. sp. tritici; Puccinia striiformis f. sp. tritici	biotic	field	single_pathogen_focus
ERR15005468	SAMEA117592945	species	2	1	yes	168172,208348,56615	Puccinia triticina; Puccinia graminis f. sp. tritici; Puccinia striiformis f. sp. tritici	biotic	field	single_pathogen_focus
ERR15005468	SAMEA117592945	genus	0	0	no	168172,208348,56615	Puccinia triticina; Puccinia graminis f. sp. tritici; Puccinia striiformis f. sp. tritici	biotic	field	single_pathogen_focus
ERR15005469	SAMEA117592946	species	3	2	yes	168172,208348,56615	Puccinia triticina; Puccinia graminis f. sp. tritici; Puccinia striiformis f. sp. tritici	biotic	field	single_pathogen_focus
ERR15005469	SAMEA117592946	genus	0	0	no	168172,208348,56615	Puccinia triticina; Puccinia graminis f. sp. tritici; Puccinia striiformis f. sp. tritici	biotic	field	single_pathogen_focus
ERR15005470	SAMEA117592947	species	4	3	yes	168172,208348,56615	Puccinia triticina; Puccinia graminis f. sp. tritici; Puccinia striiformis f. sp. tritici	biotic	field	single_pathogen_focus
ERR15005470	SAMEA117592947	genus	0	0	no	168172,208348,56615	Puccinia triticina; Puccinia graminis f. sp. tritici; Puccinia striiformis f. sp. tritici	biotic	field	single_pathogen_focus
ERR15005471	SAMEA117592948	species	2	1	yes	168172,208348,56615	Puccinia triticina; Puccinia graminis f. sp. tritici; Puccinia striiformis f. sp. tritici	biotic	field	single_pathogen_focus
ERR15005471	SAMEA117592948	genus	0	0	no	168172,208348,56615	Puccinia triticina; Puccinia graminis f. sp. tritici; Puccinia striiformis f. sp. tritici	biotic	field	single_pathogen_focus
ERR15005472	SAMEA117592949	species	2	1	yes	168172,208348,56615	Puccinia triticina; Puccinia graminis f. sp. tritici; Puccinia striiformis f. sp. tritici	biotic	field	single_pathogen_focus
ERR15005472	SAMEA117592949	genus	0	0	no	168172,208348,56615	Puccinia triticina; Puccinia graminis f. sp. tritici; Puccinia striiformis f. sp. tritici	biotic	field	single_pathogen_focus
ERR15005473	SAMEA117592950	species	3	2	yes	168172,208348,56615	Puccinia triticina; Puccinia graminis f. sp. tritici; Puccinia striiformis f. sp. tritici	biotic	field	single_pathogen_focus
ERR15005473	SAMEA117592950	genus	0	0	no	168172,208348,56615	Puccinia triticina; Puccinia graminis f. sp. tritici; Puccinia striiformis f. sp. tritici	biotic	field	single_pathogen_focus
ERR15005474	SAMEA117592951	species	3	2	yes	168172,208348,56615	Puccinia triticina; Puccinia graminis f. sp. tritici; Puccinia striiformis f. sp. tritici	biotic	field	single_pathogen_focus
ERR15005474	SAMEA117592951	genus	0	0	no	168172,208348,56615	Puccinia triticina; Puccinia graminis f. sp. tritici; Puccinia striiformis f. sp. tritici	biotic	field	single_pathogen_focus
ERR15005475	SAMEA117592952	species	2	1	yes	168172,208348,56615	Puccinia triticina; Puccinia graminis f. sp. tritici; Puccinia striiformis f. sp. tritici	biotic	field	single_pathogen_focus
ERR15005475	SAMEA117592952	genus	0	0	no	168172,208348,56615	Puccinia triticina; Puccinia graminis f. sp. tritici; Puccinia striiformis f. sp. tritici	biotic	field	single_pathogen_focus
ERR15005476	SAMEA117592953	species	3	2	yes	168172,208348,56615	Puccinia triticina; Puccinia graminis f. sp. tritici; Puccinia striiformis f. sp. tritici	biotic	field	single_pathogen_focus
ERR15005476	SAMEA117592953	genus	0	0	no	168172,208348,56615	Puccinia triticina; Puccinia graminis f. sp. tritici; Puccinia striiformis f. sp. tritici	biotic	field	single_pathogen_focus
ERR15005477	SAMEA117592954	species	3	2	yes	168172,208348,56615	Puccinia triticina; Puccinia graminis f. sp. tritici; Puccinia striiformis f. sp. tritici	biotic	field	single_pathogen_focus
ERR15005477	SAMEA117592954	genus	0	0	no	168172,208348,56615	Puccinia triticina; Puccinia graminis f. sp. tritici; Puccinia striiformis f. sp. tritici	biotic	field	single_pathogen_focus
ERR15005478	SAMEA117592955	species	3	2	yes	168172,208348,56615	Puccinia triticina; Puccinia graminis f. sp. tritici; Puccinia striiformis f. sp. tritici	biotic	field	single_pathogen_focus
ERR15005478	SAMEA117592955	genus	0	0	no	168172,208348,56615	Puccinia triticina; Puccinia graminis f. sp. tritici; Puccinia striiformis f. sp. tritici	biotic	field	single_pathogen_focus
ERR15005479	SAMEA117592956	species	3	2	yes	168172,208348,56615	Puccinia triticina; Puccinia graminis f. sp. tritici; Puccinia striiformis f. sp. tritici	biotic	field	single_pathogen_focus
ERR15005479	SAMEA117592956	genus	0	0	no	168172,208348,56615	Puccinia triticina; Puccinia graminis f. sp. tritici; Puccinia striiformis f. sp. tritici	biotic	field	single_pathogen_focus
ERR15005480	SAMEA117592957	species	2	1	yes	168172,208348,56615	Puccinia triticina; Puccinia graminis f. sp. tritici; Puccinia striiformis f. sp. tritici	biotic	field	single_pathogen_focus
ERR15005480	SAMEA117592957	genus	0	0	no	168172,208348,56615	Puccinia triticina; Puccinia graminis f. sp. tritici; Puccinia striiformis f. sp. tritici	biotic	field	single_pathogen_focus
ERR15005481	SAMEA117592958	species	3	2	yes	168172,208348,56615	Puccinia triticina; Puccinia graminis f. sp. tritici; Puccinia striiformis f. sp. tritici	biotic	field	single_pathogen_focus
ERR15005481	SAMEA117592958	genus	0	0	no	168172,208348,56615	Puccinia triticina; Puccinia graminis f. sp. tritici; Puccinia striiformis f. sp. tritici	biotic	field	single_pathogen_focus
ERR15005482	SAMEA117592959	species	1	0	no	168172,208348,56615	Puccinia triticina; Puccinia graminis f. sp. tritici; Puccinia striiformis f. sp. tritici	biotic	field	single_pathogen_focus
ERR15005482	SAMEA117592959	genus	0	0	no	168172,208348,56615	Puccinia triticina; Puccinia graminis f. sp. tritici; Puccinia striiformis f. sp. tritici	biotic	field	single_pathogen_focus
ERR15005483	SAMEA117592960	species	2	1	yes	168172,208348,56615	Puccinia triticina; Puccinia graminis f. sp. tritici; Puccinia striiformis f. sp. tritici	biotic	field	single_pathogen_focus
ERR15005483	SAMEA117592960	genus	0	0	no	168172,208348,56615	Puccinia triticina; Puccinia graminis f. sp. tritici; Puccinia striiformis f. sp. tritici	biotic	field	single_pathogen_focus
ERR15005484	SAMEA117592961	species	3	2	yes	168172,208348,56615	Puccinia triticina; Puccinia graminis f. sp. tritici; Puccinia striiformis f. sp. tritici	biotic	field	single_pathogen_focus
ERR15005484	SAMEA117592961	genus	0	0	no	168172,208348,56615	Puccinia triticina; Puccinia graminis f. sp. tritici; Puccinia striiformis f. sp. tritici	biotic	field	single_pathogen_focus
ERR15005485	SAMEA117592962	species	3	2	yes	168172,208348,56615	Puccinia triticina; Puccinia graminis f. sp. tritici; Puccinia striiformis f. sp. tritici	biotic	field	single_pathogen_focus
ERR15005485	SAMEA117592962	genus	0	0	no	168172,208348,56615	Puccinia triticina; Puccinia graminis f. sp. tritici; Puccinia striiformis f. sp. tritici	biotic	field	single_pathogen_focus
ERR15005486	SAMEA117592963	species	3	2	yes	168172,208348,56615	Puccinia triticina; Puccinia graminis f. sp. tritici; Puccinia striiformis f. sp. tritici	biotic	field	single_pathogen_focus
ERR15005486	SAMEA117592963	genus	0	0	no	168172,208348,56615	Puccinia triticina; Puccinia graminis f. sp. tritici; Puccinia striiformis f. sp. tritici	biotic	field	single_pathogen_focus
ERR15005487	SAMEA117592964	species	3	2	yes	168172,208348,56615	Puccinia triticina; Puccinia graminis f. sp. tritici; Puccinia striiformis f. sp. tritici	biotic	field	single_pathogen_focus
ERR15005487	SAMEA117592964	genus	0	0	no	168172,208348,56615	Puccinia triticina; Puccinia graminis f. sp. tritici; Puccinia striiformis f. sp. tritici	biotic	field	single_pathogen_focus
ERR15005488	SAMEA117592965	species	4	3	yes	168172,208348,56615	Puccinia triticina; Puccinia graminis f. sp. tritici; Puccinia striiformis f. sp. tritici	biotic	field	single_pathogen_focus
ERR15005488	SAMEA117592965	genus	0	0	no	168172,208348,56615	Puccinia triticina; Puccinia graminis f. sp. tritici; Puccinia striiformis f. sp. tritici	biotic	field	single_pathogen_focus
ERR15005489	SAMEA117592966	species	3	2	yes	168172,208348,56615	Puccinia triticina; Puccinia graminis f. sp. tritici; Puccinia striiformis f. sp. tritici	biotic	field	single_pathogen_focus
ERR15005489	SAMEA117592966	genus	0	0	no	168172,208348,56615	Puccinia triticina; Puccinia graminis f. sp. tritici; Puccinia striiformis f. sp. tritici	biotic	field	single_pathogen_focus
ERR15005490	SAMEA117592967	species	4	3	yes	168172,208348,56615	Puccinia triticina; Puccinia graminis f. sp. tritici; Puccinia striiformis f. sp. tritici	biotic	field	single_pathogen_focus
ERR15005490	SAMEA117592967	genus	0	0	no	168172,208348,56615	Puccinia triticina; Puccinia graminis f. sp. tritici; Puccinia striiformis f. sp. tritici	biotic	field	single_pathogen_focus
ERR15005491	SAMEA117592968	species	3	2	yes	168172,208348,56615	Puccinia triticina; Puccinia graminis f. sp. tritici; Puccinia striiformis f. sp. tritici	biotic	field	single_pathogen_focus
ERR15005491	SAMEA117592968	genus	0	0	no	168172,208348,56615	Puccinia triticina; Puccinia graminis f. sp. tritici; Puccinia striiformis f. sp. tritici	biotic	field	single_pathogen_focus
ERR15005492	SAMEA117592969	species	2	1	yes	168172,208348,56615	Puccinia triticina; Puccinia graminis f. sp. tritici; Puccinia striiformis f. sp. tritici	biotic	field	single_pathogen_focus
ERR15005492	SAMEA117592969	genus	0	0	no	168172,208348,56615	Puccinia triticina; Puccinia graminis f. sp. tritici; Puccinia striiformis f. sp. tritici	biotic	field	single_pathogen_focus
ERR15005493	SAMEA117592970	species	2	1	yes	168172,208348,56615	Puccinia triticina; Puccinia graminis f. sp. tritici; Puccinia striiformis f. sp. tritici	biotic	field	single_pathogen_focus
ERR15005493	SAMEA117592970	genus	0	0	no	168172,208348,56615	Puccinia triticina; Puccinia graminis f. sp. tritici; Puccinia striiformis f. sp. tritici	biotic	field	single_pathogen_focus
ERR15005494	SAMEA117592971	species	1	0	no	168172,208348,56615	Puccinia triticina; Puccinia graminis f. sp. tritici; Puccinia striiformis f. sp. tritici	biotic	field	single_pathogen_focus
ERR15005494	SAMEA117592971	genus	0	0	no	168172,208348,56615	Puccinia triticina; Puccinia graminis f. sp. tritici; Puccinia striiformis f. sp. tritici	biotic	field	single_pathogen_focus
ERR15005495	SAMEA117592972	species	2	1	yes	168172,208348,56615	Puccinia triticina; Puccinia graminis f. sp. tritici; Puccinia striiformis f. sp. tritici	biotic	field	single_pathogen_focus
ERR15005495	SAMEA117592972	genus	0	0	no	168172,208348,56615	Puccinia triticina; Puccinia graminis f. sp. tritici; Puccinia striiformis f. sp. tritici	biotic	field	single_pathogen_focus
ERR15005496	SAMEA117592973	species	3	2	yes	168172,208348,56615	Puccinia triticina; Puccinia graminis f. sp. tritici; Puccinia striiformis f. sp. tritici	biotic	field	single_pathogen_focus
ERR15005496	SAMEA117592973	genus	0	0	no	168172,208348,56615	Puccinia triticina; Puccinia graminis f. sp. tritici; Puccinia striiformis f. sp. tritici	biotic	field	single_pathogen_focus
ERR15005497	SAMEA117592974	species	2	1	yes	168172,208348,56615	Puccinia triticina; Puccinia graminis f. sp. tritici; Puccinia striiformis f. sp. tritici	biotic	field	single_pathogen_focus
ERR15005497	SAMEA117592974	genus	0	0	no	168172,208348,56615	Puccinia triticina; Puccinia graminis f. sp. tritici; Puccinia striiformis f. sp. tritici	biotic	field	single_pathogen_focus
ERR15005498	SAMEA117592975	species	1	0	no	168172,208348,56615	Puccinia triticina; Puccinia graminis f. sp. tritici; Puccinia striiformis f. sp. tritici	biotic	field	single_pathogen_focus
ERR15005498	SAMEA117592975	genus	0	0	no	168172,208348,56615	Puccinia triticina; Puccinia graminis f. sp. tritici; Puccinia striiformis f. sp. tritici	biotic	field	single_pathogen_focus
ERR15005499	SAMEA117592976	species	2	1	yes	168172,208348,56615	Puccinia triticina; Puccinia graminis f. sp. tritici; Puccinia striiformis f. sp. tritici	biotic	field	single_pathogen_focus
ERR15005499	SAMEA117592976	genus	0	0	no	168172,208348,56615	Puccinia triticina; Puccinia graminis f. sp. tritici; Puccinia striiformis f. sp. tritici	biotic	field	single_pathogen_focus
ERR15005500	SAMEA117592977	species	2	1	yes	168172,208348,56615	Puccinia triticina; Puccinia graminis f. sp. tritici; Puccinia striiformis f. sp. tritici	biotic	field	single_pathogen_focus
ERR15005500	SAMEA117592977	genus	0	0	no	168172,208348,56615	Puccinia triticina; Puccinia graminis f. sp. tritici; Puccinia striiformis f. sp. tritici	biotic	field	single_pathogen_focus
ERR15005501	SAMEA117592978	species	2	1	yes	168172,208348,56615	Puccinia triticina; Puccinia graminis f. sp. tritici; Puccinia striiformis f. sp. tritici	biotic	field	single_pathogen_focus
ERR15005501	SAMEA117592978	genus	0	0	no	168172,208348,56615	Puccinia triticina; Puccinia graminis f. sp. tritici; Puccinia striiformis f. sp. tritici	biotic	field	single_pathogen_focus
ERR15005502	SAMEA117592979	species	2	1	yes	168172,208348,56615	Puccinia triticina; Puccinia graminis f. sp. tritici; Puccinia striiformis f. sp. tritici	biotic	field	single_pathogen_focus
ERR15005502	SAMEA117592979	genus	0	0	no	168172,208348,56615	Puccinia triticina; Puccinia graminis f. sp. tritici; Puccinia striiformis f. sp. tritici	biotic	field	single_pathogen_focus
ERR15005503	SAMEA117592980	species	2	1	yes	168172,208348,56615	Puccinia triticina; Puccinia graminis f. sp. tritici; Puccinia striiformis f. sp. tritici	biotic	field	single_pathogen_focus
ERR15005503	SAMEA117592980	genus	0	0	no	168172,208348,56615	Puccinia triticina; Puccinia graminis f. sp. tritici; Puccinia striiformis f. sp. tritici	biotic	field	single_pathogen_focus
ERR15005504	SAMEA117592981	species	2	1	yes	168172,208348,56615	Puccinia triticina; Puccinia graminis f. sp. tritici; Puccinia striiformis f. sp. tritici	biotic	field	single_pathogen_focus
ERR15005504	SAMEA117592981	genus	0	0	no	168172,208348,56615	Puccinia triticina; Puccinia graminis f. sp. tritici; Puccinia striiformis f. sp. tritici	biotic	field	single_pathogen_focus
ERR15005505	SAMEA117592982	species	3	2	yes	168172,208348,56615	Puccinia triticina; Puccinia graminis f. sp. tritici; Puccinia striiformis f. sp. tritici	biotic	field	single_pathogen_focus
ERR15005505	SAMEA117592982	genus	0	0	no	168172,208348,56615	Puccinia triticina; Puccinia graminis f. sp. tritici; Puccinia striiformis f. sp. tritici	biotic	field	single_pathogen_focus
ERR15005506	SAMEA117592983	species	3	2	yes	168172,208348,56615	Puccinia triticina; Puccinia graminis f. sp. tritici; Puccinia striiformis f. sp. tritici	biotic	field	single_pathogen_focus
ERR15005506	SAMEA117592983	genus	0	0	no	168172,208348,56615	Puccinia triticina; Puccinia graminis f. sp. tritici; Puccinia striiformis f. sp. tritici	biotic	field	single_pathogen_focus
ERR15005507	SAMEA117592984	species	2	1	yes	168172,208348,56615	Puccinia triticina; Puccinia graminis f. sp. tritici; Puccinia striiformis f. sp. tritici	biotic	field	single_pathogen_focus
ERR15005507	SAMEA117592984	genus	0	0	no	168172,208348,56615	Puccinia triticina; Puccinia graminis f. sp. tritici; Puccinia striiformis f. sp. tritici	biotic	field	single_pathogen_focus
ERR15005508	SAMEA117592985	species	3	2	yes	168172,208348,56615	Puccinia triticina; Puccinia graminis f. sp. tritici; Puccinia striiformis f. sp. tritici	biotic	field	single_pathogen_focus
ERR15005508	SAMEA117592985	genus	0	0	no	168172,208348,56615	Puccinia triticina; Puccinia graminis f. sp. tritici; Puccinia striiformis f. sp. tritici	biotic	field	single_pathogen_focus
ERR15005509	SAMEA117592986	species	2	1	yes	168172,208348,56615	Puccinia triticina; Puccinia graminis f. sp. tritici; Puccinia striiformis f. sp. tritici	biotic	field	single_pathogen_focus
ERR15005509	SAMEA117592986	genus	0	0	no	168172,208348,56615	Puccinia triticina; Puccinia graminis f. sp. tritici; Puccinia striiformis f. sp. tritici	biotic	field	single_pathogen_focus
ERR15005510	SAMEA117592987	species	2	1	yes	168172,208348,56615	Puccinia triticina; Puccinia graminis f. sp. tritici; Puccinia striiformis f. sp. tritici	biotic	field	single_pathogen_focus
ERR15005510	SAMEA117592987	genus	0	0	no	168172,208348,56615	Puccinia triticina; Puccinia graminis f. sp. tritici; Puccinia striiformis f. sp. tritici	biotic	field	single_pathogen_focus
ERR15005511	SAMEA117592988	species	2	1	yes	168172,208348,56615	Puccinia triticina; Puccinia graminis f. sp. tritici; Puccinia striiformis f. sp. tritici	biotic	field	single_pathogen_focus
ERR15005511	SAMEA117592988	genus	0	0	no	168172,208348,56615	Puccinia triticina; Puccinia graminis f. sp. tritici; Puccinia striiformis f. sp. tritici	biotic	field	single_pathogen_focus
ERR15005512	SAMEA117592989	species	3	2	yes	168172,208348,56615	Puccinia triticina; Puccinia graminis f. sp. tritici; Puccinia striiformis f. sp. tritici	biotic	field	single_pathogen_focus
ERR15005512	SAMEA117592989	genus	0	0	no	168172,208348,56615	Puccinia triticina; Puccinia graminis f. sp. tritici; Puccinia striiformis f. sp. tritici	biotic	field	single_pathogen_focus
ERR15005513	SAMEA117592990	species	1	0	no	168172,208348,56615	Puccinia triticina; Puccinia graminis f. sp. tritici; Puccinia striiformis f. sp. tritici	biotic	field	single_pathogen_focus
ERR15005513	SAMEA117592990	genus	0	0	no	168172,208348,56615	Puccinia triticina; Puccinia graminis f. sp. tritici; Puccinia striiformis f. sp. tritici	biotic	field	single_pathogen_focus
ERR15005514	SAMEA117592991	species	3	2	yes	168172,208348,56615	Puccinia triticina; Puccinia graminis f. sp. tritici; Puccinia striiformis f. sp. tritici	biotic	field	single_pathogen_focus
ERR15005514	SAMEA117592991	genus	0	0	no	168172,208348,56615	Puccinia triticina; Puccinia graminis f. sp. tritici; Puccinia striiformis f. sp. tritici	biotic	field	single_pathogen_focus
ERR15005515	SAMEA117592992	species	4	3	yes	168172,208348,56615	Puccinia triticina; Puccinia graminis f. sp. tritici; Puccinia striiformis f. sp. tritici	biotic	field	single_pathogen_focus
ERR15005515	SAMEA117592992	genus	0	0	no	168172,208348,56615	Puccinia triticina; Puccinia graminis f. sp. tritici; Puccinia striiformis f. sp. tritici	biotic	field	single_pathogen_focus
ERR15005516	SAMEA117592993	species	1	0	no	168172,208348,56615	Puccinia triticina; Puccinia graminis f. sp. tritici; Puccinia striiformis f. sp. tritici	biotic	field	single_pathogen_focus
ERR15005516	SAMEA117592993	genus	0	0	no	168172,208348,56615	Puccinia triticina; Puccinia graminis f. sp. tritici; Puccinia striiformis f. sp. tritici	biotic	field	single_pathogen_focus
ERR15005517	SAMEA117592994	species	6	5	yes	168172,208348,56615	Puccinia triticina; Puccinia graminis f. sp. tritici; Puccinia striiformis f. sp. tritici	biotic	field	single_pathogen_focus
ERR15005517	SAMEA117592994	genus	0	0	no	168172,208348,56615	Puccinia triticina; Puccinia graminis f. sp. tritici; Puccinia striiformis f. sp. tritici	biotic	field	single_pathogen_focus
ERR15005518	SAMEA117592995	species	3	2	yes	168172,208348,56615	Puccinia triticina; Puccinia graminis f. sp. tritici; Puccinia striiformis f. sp. tritici	biotic	field	single_pathogen_focus
ERR15005518	SAMEA117592995	genus	0	0	no	168172,208348,56615	Puccinia triticina; Puccinia graminis f. sp. tritici; Puccinia striiformis f. sp. tritici	biotic	field	single_pathogen_focus
ERR15005519	SAMEA117592996	species	4	3	yes	168172,208348,56615	Puccinia triticina; Puccinia graminis f. sp. tritici; Puccinia striiformis f. sp. tritici	biotic	field	single_pathogen_focus
ERR15005519	SAMEA117592996	genus	0	0	no	168172,208348,56615	Puccinia triticina; Puccinia graminis f. sp. tritici; Puccinia striiformis f. sp. tritici	biotic	field	single_pathogen_focus
ERR15005520	SAMEA117592997	species	1	0	no	168172,208348,56615	Puccinia triticina; Puccinia graminis f. sp. tritici; Puccinia striiformis f. sp. tritici	biotic	field	single_pathogen_focus
ERR15005520	SAMEA117592997	genus	0	0	no	168172,208348,56615	Puccinia triticina; Puccinia graminis f. sp. tritici; Puccinia striiformis f. sp. tritici	biotic	field	single_pathogen_focus
ERR15005521	SAMEA117592998	species	2	1	yes	168172,208348,56615	Puccinia triticina; Puccinia graminis f. sp. tritici; Puccinia striiformis f. sp. tritici	biotic	field	single_pathogen_focus
ERR15005521	SAMEA117592998	genus	0	0	no	168172,208348,56615	Puccinia triticina; Puccinia graminis f. sp. tritici; Puccinia striiformis f. sp. tritici	biotic	field	single_pathogen_focus
ERR15005522	SAMEA117592999	species	1	0	no	168172,208348,56615	Puccinia triticina; Puccinia graminis f. sp. tritici; Puccinia striiformis f. sp. tritici	biotic	field	single_pathogen_focus
ERR15005522	SAMEA117592999	genus	0	0	no	168172,208348,56615	Puccinia triticina; Puccinia graminis f. sp. tritici; Puccinia striiformis f. sp. tritici	biotic	field	single_pathogen_focus
ERR15005523	SAMEA117593000	species	4	3	yes	168172,208348,56615	Puccinia triticina; Puccinia graminis f. sp. tritici; Puccinia striiformis f. sp. tritici	biotic	field	single_pathogen_focus
ERR15005523	SAMEA117593000	genus	0	0	no	168172,208348,56615	Puccinia triticina; Puccinia graminis f. sp. tritici; Puccinia striiformis f. sp. tritici	biotic	field	single_pathogen_focus
ERR15005524	SAMEA117593008	species	3	2	yes	168172,208348,56615	Puccinia triticina; Puccinia graminis f. sp. tritici; Puccinia striiformis f. sp. tritici	biotic	field	single_pathogen_focus
ERR15005524	SAMEA117593008	genus	0	0	no	168172,208348,56615	Puccinia triticina; Puccinia graminis f. sp. tritici; Puccinia striiformis f. sp. tritici	biotic	field	single_pathogen_focus
ERR15005525	SAMEA117593009	species	2	1	yes	168172,208348,56615	Puccinia triticina; Puccinia graminis f. sp. tritici; Puccinia striiformis f. sp. tritici	biotic	field	single_pathogen_focus
ERR15005525	SAMEA117593009	genus	0	0	no	168172,208348,56615	Puccinia triticina; Puccinia graminis f. sp. tritici; Puccinia striiformis f. sp. tritici	biotic	field	single_pathogen_focus
ERR15005526	SAMEA117593010	species	2	1	yes	168172,208348,56615	Puccinia triticina; Puccinia graminis f. sp. tritici; Puccinia striiformis f. sp. tritici	biotic	field	single_pathogen_focus
ERR15005526	SAMEA117593010	genus	0	0	no	168172,208348,56615	Puccinia triticina; Puccinia graminis f. sp. tritici; Puccinia striiformis f. sp. tritici	biotic	field	single_pathogen_focus
ERR15005527	SAMEA117593011	species	1	0	no	168172,208348,56615	Puccinia triticina; Puccinia graminis f. sp. tritici; Puccinia striiformis f. sp. tritici	biotic	field	single_pathogen_focus
ERR15005527	SAMEA117593011	genus	0	0	no	168172,208348,56615	Puccinia triticina; Puccinia graminis f. sp. tritici; Puccinia striiformis f. sp. tritici	biotic	field	single_pathogen_focus
ERR15005528	SAMEA117593012	species	2	1	yes	168172,208348,56615	Puccinia triticina; Puccinia graminis f. sp. tritici; Puccinia striiformis f. sp. tritici	biotic	field	single_pathogen_focus
ERR15005528	SAMEA117593012	genus	0	0	no	168172,208348,56615	Puccinia triticina; Puccinia graminis f. sp. tritici; Puccinia striiformis f. sp. tritici	biotic	field	single_pathogen_focus
ERR15005529	SAMEA117593013	species	1	0	no	168172,208348,56615	Puccinia triticina; Puccinia graminis f. sp. tritici; Puccinia striiformis f. sp. tritici	biotic	field	single_pathogen_focus
ERR15005529	SAMEA117593013	genus	0	0	no	168172,208348,56615	Puccinia triticina; Puccinia graminis f. sp. tritici; Puccinia striiformis f. sp. tritici	biotic	field	single_pathogen_focus
ERR15005530	SAMEA117593014	species	2	1	yes	168172,208348,56615	Puccinia triticina; Puccinia graminis f. sp. tritici; Puccinia striiformis f. sp. tritici	biotic	field	single_pathogen_focus
ERR15005530	SAMEA117593014	genus	0	0	no	168172,208348,56615	Puccinia triticina; Puccinia graminis f. sp. tritici; Puccinia striiformis f. sp. tritici	biotic	field	single_pathogen_focus
ERR15005531	SAMEA117593015	species	2	1	yes	168172,208348,56615	Puccinia triticina; Puccinia graminis f. sp. tritici; Puccinia striiformis f. sp. tritici	biotic	field	single_pathogen_focus
ERR15005531	SAMEA117593015	genus	0	0	no	168172,208348,56615	Puccinia triticina; Puccinia graminis f. sp. tritici; Puccinia striiformis f. sp. tritici	biotic	field	single_pathogen_focus
ERR15005532	SAMEA117593016	species	2	1	yes	168172,208348,56615	Puccinia triticina; Puccinia graminis f. sp. tritici; Puccinia striiformis f. sp. tritici	biotic	field	single_pathogen_focus
ERR15005532	SAMEA117593016	genus	0	0	no	168172,208348,56615	Puccinia triticina; Puccinia graminis f. sp. tritici; Puccinia striiformis f. sp. tritici	biotic	field	single_pathogen_focus
ERR15005533	SAMEA117593017	species	2	1	yes	168172,208348,56615	Puccinia triticina; Puccinia graminis f. sp. tritici; Puccinia striiformis f. sp. tritici	biotic	field	single_pathogen_focus
ERR15005533	SAMEA117593017	genus	0	0	no	168172,208348,56615	Puccinia triticina; Puccinia graminis f. sp. tritici; Puccinia striiformis f. sp. tritici	biotic	field	single_pathogen_focus
ERR15005534	SAMEA117593018	species	2	1	yes	168172,208348,56615	Puccinia triticina; Puccinia graminis f. sp. tritici; Puccinia striiformis f. sp. tritici	biotic	field	single_pathogen_focus
ERR15005534	SAMEA117593018	genus	0	0	no	168172,208348,56615	Puccinia triticina; Puccinia graminis f. sp. tritici; Puccinia striiformis f. sp. tritici	biotic	field	single_pathogen_focus
ERR15005535	SAMEA117593019	species	1	0	no	168172,208348,56615	Puccinia triticina; Puccinia graminis f. sp. tritici; Puccinia striiformis f. sp. tritici	biotic	field	single_pathogen_focus
ERR15005535	SAMEA117593019	genus	0	0	no	168172,208348,56615	Puccinia triticina; Puccinia graminis f. sp. tritici; Puccinia striiformis f. sp. tritici	biotic	field	single_pathogen_focus
ERR15005537	SAMEA117593001	species	2	1	yes	168172,208348,56615	Puccinia triticina; Puccinia graminis f. sp. tritici; Puccinia striiformis f. sp. tritici	biotic	field	single_pathogen_focus
ERR15005537	SAMEA117593001	genus	0	0	no	168172,208348,56615	Puccinia triticina; Puccinia graminis f. sp. tritici; Puccinia striiformis f. sp. tritici	biotic	field	single_pathogen_focus
ERR15005538	SAMEA117593002	species	2	1	yes	168172,208348,56615	Puccinia triticina; Puccinia graminis f. sp. tritici; Puccinia striiformis f. sp. tritici	biotic	field	single_pathogen_focus
ERR15005538	SAMEA117593002	genus	0	0	no	168172,208348,56615	Puccinia triticina; Puccinia graminis f. sp. tritici; Puccinia striiformis f. sp. tritici	biotic	field	single_pathogen_focus
ERR15005539	SAMEA117593003	species	3	2	yes	168172,208348,56615	Puccinia triticina; Puccinia graminis f. sp. tritici; Puccinia striiformis f. sp. tritici	biotic	field	single_pathogen_focus
ERR15005539	SAMEA117593003	genus	0	0	no	168172,208348,56615	Puccinia triticina; Puccinia graminis f. sp. tritici; Puccinia striiformis f. sp. tritici	biotic	field	single_pathogen_focus
ERR15005540	SAMEA117593004	species	4	3	yes	168172,208348,56615	Puccinia triticina; Puccinia graminis f. sp. tritici; Puccinia striiformis f. sp. tritici	biotic	field	single_pathogen_focus
ERR15005540	SAMEA117593004	genus	0	0	no	168172,208348,56615	Puccinia triticina; Puccinia graminis f. sp. tritici; Puccinia striiformis f. sp. tritici	biotic	field	single_pathogen_focus
ERR15005541	SAMEA117593005	species	1	0	no	168172,208348,56615	Puccinia triticina; Puccinia graminis f. sp. tritici; Puccinia striiformis f. sp. tritici	biotic	field	single_pathogen_focus
ERR15005541	SAMEA117593005	genus	0	0	no	168172,208348,56615	Puccinia triticina; Puccinia graminis f. sp. tritici; Puccinia striiformis f. sp. tritici	biotic	field	single_pathogen_focus
ERR15005542	SAMEA117593006	species	1	0	no	168172,208348,56615	Puccinia triticina; Puccinia graminis f. sp. tritici; Puccinia striiformis f. sp. tritici	biotic	field	single_pathogen_focus
ERR15005542	SAMEA117593006	genus	0	0	no	168172,208348,56615	Puccinia triticina; Puccinia graminis f. sp. tritici; Puccinia striiformis f. sp. tritici	biotic	field	single_pathogen_focus
ERR15005543	SAMEA117593007	species	1	0	no	168172,208348,56615	Puccinia triticina; Puccinia graminis f. sp. tritici; Puccinia striiformis f. sp. tritici	biotic	field	single_pathogen_focus
ERR15005543	SAMEA117593007	genus	0	0	no	168172,208348,56615	Puccinia triticina; Puccinia graminis f. sp. tritici; Puccinia striiformis f. sp. tritici	biotic	field	single_pathogen_focus
ERR1607729	SAMEA4415647	species	2	2	yes	168172	Puccinia striiformis f. sp. tritici	biotic	field	single_pathogen_focus
ERR1607729	SAMEA4415647	genus	0	0	no	168172	Puccinia striiformis f. sp. tritici	biotic	field	single_pathogen_focus
ERR1607730	SAMEA4415648	species	4	4	yes	168172	Puccinia striiformis f. sp. tritici	biotic	field	single_pathogen_focus
ERR1607730	SAMEA4415648	genus	0	0	no	168172	Puccinia striiformis f. sp. tritici	biotic	field	single_pathogen_focus
ERR1607731	SAMEA4415649	species	1	1	no	168172	Puccinia striiformis f. sp. tritici	biotic	field	single_pathogen_focus
ERR1607731	SAMEA4415649	genus	0	0	no	168172	Puccinia striiformis f. sp. tritici	biotic	field	single_pathogen_focus
ERR1607732	SAMEA4415650	species	1	1	no	168172	Puccinia striiformis f. sp. tritici	biotic	field	single_pathogen_focus
ERR1607732	SAMEA4415650	genus	0	0	no	168172	Puccinia striiformis f. sp. tritici	biotic	field	single_pathogen_focus
ERR1607733	SAMEA4415651	species	1	1	no	168172	Puccinia striiformis f. sp. tritici	biotic	field	single_pathogen_focus
ERR1607733	SAMEA4415651	genus	0	0	no	168172	Puccinia striiformis f. sp. tritici	biotic	field	single_pathogen_focus
ERR1607734	SAMEA4415652	species	1	1	no	168172	Puccinia striiformis f. sp. tritici	biotic	field	single_pathogen_focus
ERR1607734	SAMEA4415652	genus	0	0	no	168172	Puccinia striiformis f. sp. tritici	biotic	field	single_pathogen_focus
ERR1607735	SAMEA4415653	species	1	1	no	168172	Puccinia striiformis f. sp. tritici	biotic	field	single_pathogen_focus
ERR1607735	SAMEA4415653	genus	0	0	no	168172	Puccinia striiformis f. sp. tritici	biotic	field	single_pathogen_focus
ERR1607736	SAMEA4415654	species	1	1	no	168172	Puccinia striiformis f. sp. tritici	biotic	field	single_pathogen_focus
ERR1607736	SAMEA4415654	genus	0	0	no	168172	Puccinia striiformis f. sp. tritici	biotic	field	single_pathogen_focus
ERR1607737	SAMEA4415655	species	1	1	no	168172	Puccinia striiformis f. sp. tritici	biotic	field	single_pathogen_focus
ERR1607737	SAMEA4415655	genus	0	0	no	168172	Puccinia striiformis f. sp. tritici	biotic	field	single_pathogen_focus
ERR1607738	SAMEA4415656	species	1	1	no	168172	Puccinia striiformis f. sp. tritici	biotic	field	single_pathogen_focus
ERR1607738	SAMEA4415656	genus	0	0	no	168172	Puccinia striiformis f. sp. tritici	biotic	field	single_pathogen_focus
ERR1607739	SAMEA4415657	species	1	1	no	168172	Puccinia striiformis f. sp. tritici	biotic	field	single_pathogen_focus
ERR1607739	SAMEA4415657	genus	0	0	no	168172	Puccinia striiformis f. sp. tritici	biotic	field	single_pathogen_focus
ERR1607742	SAMEA4415660	species	1	1	no	168172	Puccinia striiformis f. sp. tritici	biotic	field	single_pathogen_focus
ERR1607742	SAMEA4415660	genus	0	0	no	168172	Puccinia striiformis f. sp. tritici	biotic	field	single_pathogen_focus
ERR1607743	SAMEA4415661	species	1	1	no	168172	Puccinia striiformis f. sp. tritici	biotic	field	single_pathogen_focus
ERR1607743	SAMEA4415661	genus	0	0	no	168172	Puccinia striiformis f. sp. tritici	biotic	field	single_pathogen_focus
ERR1607744	SAMEA4415662	species	4	4	yes	168172	Puccinia striiformis f. sp. tritici	biotic	field	single_pathogen_focus
ERR1607744	SAMEA4415662	genus	0	0	no	168172	Puccinia striiformis f. sp. tritici	biotic	field	single_pathogen_focus
ERR1607746	SAMEA4415664	species	1	1	no	168172	Puccinia striiformis f. sp. tritici	biotic	field	single_pathogen_focus
ERR1607746	SAMEA4415664	genus	0	0	no	168172	Puccinia striiformis f. sp. tritici	biotic	field	single_pathogen_focus
ERR1607747	SAMEA4415665	species	1	1	no	168172	Puccinia striiformis f. sp. tritici	biotic	field	single_pathogen_focus
ERR1607747	SAMEA4415665	genus	0	0	no	168172	Puccinia striiformis f. sp. tritici	biotic	field	single_pathogen_focus
ERR1607748	SAMEA4415666	species	1	1	no	168172	Puccinia striiformis f. sp. tritici	biotic	field	single_pathogen_focus
ERR1607748	SAMEA4415666	genus	0	0	no	168172	Puccinia striiformis f. sp. tritici	biotic	field	single_pathogen_focus
ERR1607749	SAMEA4415667	species	4	4	yes	168172	Puccinia striiformis f. sp. tritici	biotic	field	single_pathogen_focus
ERR1607749	SAMEA4415667	genus	0	0	no	168172	Puccinia striiformis f. sp. tritici	biotic	field	single_pathogen_focus
ERR1607750	SAMEA4415668	species	2	2	yes	168172	Puccinia striiformis f. sp. tritici	biotic	field	single_pathogen_focus
ERR1607750	SAMEA4415668	genus	0	0	no	168172	Puccinia striiformis f. sp. tritici	biotic	field	single_pathogen_focus
ERR1607752	SAMEA4415670	species	4	4	yes	168172	Puccinia striiformis f. sp. tritici	biotic	field	single_pathogen_focus
ERR1607752	SAMEA4415670	genus	0	0	no	168172	Puccinia striiformis f. sp. tritici	biotic	field	single_pathogen_focus
ERR1607753	SAMEA4415671	species	2	2	yes	168172	Puccinia striiformis f. sp. tritici	biotic	field	single_pathogen_focus
ERR1607753	SAMEA4415671	genus	0	0	no	168172	Puccinia striiformis f. sp. tritici	biotic	field	single_pathogen_focus
ERR1607754	SAMEA4415672	species	3	3	yes	168172	Puccinia striiformis f. sp. tritici	biotic	field	single_pathogen_focus
ERR1607754	SAMEA4415672	genus	0	0	no	168172	Puccinia striiformis f. sp. tritici	biotic	field	single_pathogen_focus
ERR1607755	SAMEA4415673	species	3	3	yes	168172	Puccinia striiformis f. sp. tritici	biotic	field	single_pathogen_focus
ERR1607755	SAMEA4415673	genus	0	0	no	168172	Puccinia striiformis f. sp. tritici	biotic	field	single_pathogen_focus
ERR1607756	SAMEA4415674	species	3	3	yes	168172	Puccinia striiformis f. sp. tritici	biotic	field	single_pathogen_focus
ERR1607756	SAMEA4415674	genus	0	0	no	168172	Puccinia striiformis f. sp. tritici	biotic	field	single_pathogen_focus
ERR1607757	SAMEA4415675	species	2	2	yes	168172	Puccinia striiformis f. sp. tritici	biotic	field	single_pathogen_focus
ERR1607757	SAMEA4415675	genus	0	0	no	168172	Puccinia striiformis f. sp. tritici	biotic	field	single_pathogen_focus
ERR1607758	SAMEA4415676	species	1	1	no	168172	Puccinia striiformis f. sp. tritici	biotic	field	single_pathogen_focus
ERR1607758	SAMEA4415676	genus	0	0	no	168172	Puccinia striiformis f. sp. tritici	biotic	field	single_pathogen_focus
ERR1607759	SAMEA4415677	species	1	1	no	168172	Puccinia striiformis f. sp. tritici	biotic	field	single_pathogen_focus
ERR1607759	SAMEA4415677	genus	0	0	no	168172	Puccinia striiformis f. sp. tritici	biotic	field	single_pathogen_focus
ERR1607760	SAMEA4415678	species	3	3	yes	168172	Puccinia striiformis f. sp. tritici	biotic	field	single_pathogen_focus
ERR1607760	SAMEA4415678	genus	0	0	no	168172	Puccinia striiformis f. sp. tritici	biotic	field	single_pathogen_focus
ERR1607761	SAMEA4415679	species	3	3	yes	168172	Puccinia striiformis f. sp. tritici	biotic	field	single_pathogen_focus
ERR1607761	SAMEA4415679	genus	0	0	no	168172	Puccinia striiformis f. sp. tritici	biotic	field	single_pathogen_focus
ERR1607762	SAMEA4415680	species	2	2	yes	168172	Puccinia striiformis f. sp. tritici	biotic	field	single_pathogen_focus
ERR1607762	SAMEA4415680	genus	0	0	no	168172	Puccinia striiformis f. sp. tritici	biotic	field	single_pathogen_focus
ERR1607763	SAMEA4415681	species	2	2	yes	168172	Puccinia striiformis f. sp. tritici	biotic	field	single_pathogen_focus
ERR1607763	SAMEA4415681	genus	0	0	no	168172	Puccinia striiformis f. sp. tritici	biotic	field	single_pathogen_focus
ERR1607764	SAMEA4415682	species	1	1	no	168172	Puccinia striiformis f. sp. tritici	biotic	field	single_pathogen_focus
ERR1607764	SAMEA4415682	genus	0	0	no	168172	Puccinia striiformis f. sp. tritici	biotic	field	single_pathogen_focus
ERR1607765	SAMEA4415683	species	2	2	yes	168172	Puccinia striiformis f. sp. tritici	biotic	field	single_pathogen_focus
ERR1607765	SAMEA4415683	genus	0	0	no	168172	Puccinia striiformis f. sp. tritici	biotic	field	single_pathogen_focus
ERR1607766	SAMEA4415684	species	2	2	yes	168172	Puccinia striiformis f. sp. tritici	biotic	field	single_pathogen_focus
ERR1607766	SAMEA4415684	genus	0	0	no	168172	Puccinia striiformis f. sp. tritici	biotic	field	single_pathogen_focus
ERR1607767	SAMEA4415685	species	2	2	yes	168172	Puccinia striiformis f. sp. tritici	biotic	field	single_pathogen_focus
ERR1607767	SAMEA4415685	genus	0	0	no	168172	Puccinia striiformis f. sp. tritici	biotic	field	single_pathogen_focus
ERR1607768	SAMEA4415686	species	2	2	yes	168172	Puccinia striiformis f. sp. tritici	biotic	field	single_pathogen_focus
ERR1607768	SAMEA4415686	genus	0	0	no	168172	Puccinia striiformis f. sp. tritici	biotic	field	single_pathogen_focus
ERR1607769	SAMEA4415687	species	3	3	yes	168172	Puccinia striiformis f. sp. tritici	biotic	field	single_pathogen_focus
ERR1607769	SAMEA4415687	genus	0	0	no	168172	Puccinia striiformis f. sp. tritici	biotic	field	single_pathogen_focus
ERR1607770	SAMEA4415688	species	2	2	yes	168172	Puccinia striiformis f. sp. tritici	biotic	field	single_pathogen_focus
ERR1607770	SAMEA4415688	genus	0	0	no	168172	Puccinia striiformis f. sp. tritici	biotic	field	single_pathogen_focus
ERR1607771	SAMEA4415689	species	1	1	no	168172	Puccinia striiformis f. sp. tritici	biotic	field	single_pathogen_focus
ERR1607771	SAMEA4415689	genus	0	0	no	168172	Puccinia striiformis f. sp. tritici	biotic	field	single_pathogen_focus
ERR1607772	SAMEA4415690	species	3	3	yes	168172	Puccinia striiformis f. sp. tritici	biotic	field	single_pathogen_focus
ERR1607772	SAMEA4415690	genus	0	0	no	168172	Puccinia striiformis f. sp. tritici	biotic	field	single_pathogen_focus
ERR1607773	SAMEA4415691	species	1	1	no	168172	Puccinia striiformis f. sp. tritici	biotic	field	single_pathogen_focus
ERR1607773	SAMEA4415691	genus	0	0	no	168172	Puccinia striiformis f. sp. tritici	biotic	field	single_pathogen_focus
ERR1607774	SAMEA4415692	species	4	4	yes	168172	Puccinia striiformis f. sp. tritici	biotic	field	single_pathogen_focus
ERR1607774	SAMEA4415692	genus	0	0	no	168172	Puccinia striiformis f. sp. tritici	biotic	field	single_pathogen_focus
ERR1607775	SAMEA4415693	species	2	2	yes	168172	Puccinia striiformis f. sp. tritici	biotic	field	single_pathogen_focus
ERR1607775	SAMEA4415693	genus	0	0	no	168172	Puccinia striiformis f. sp. tritici	biotic	field	single_pathogen_focus
ERR1607776	SAMEA4415694	species	3	3	yes	168172	Puccinia striiformis f. sp. tritici	biotic	field	single_pathogen_focus
ERR1607776	SAMEA4415694	genus	0	0	no	168172	Puccinia striiformis f. sp. tritici	biotic	field	single_pathogen_focus
ERR1607777	SAMEA4415695	species	3	3	yes	168172	Puccinia striiformis f. sp. tritici	biotic	field	single_pathogen_focus
ERR1607777	SAMEA4415695	genus	0	0	no	168172	Puccinia striiformis f. sp. tritici	biotic	field	single_pathogen_focus
ERR1607778	SAMEA4415696	species	2	2	yes	168172	Puccinia striiformis f. sp. tritici	biotic	field	single_pathogen_focus
ERR1607778	SAMEA4415696	genus	0	0	no	168172	Puccinia striiformis f. sp. tritici	biotic	field	single_pathogen_focus
ERR1607779	SAMEA4415697	species	4	4	yes	168172	Puccinia striiformis f. sp. tritici	biotic	field	single_pathogen_focus
ERR1607779	SAMEA4415697	genus	0	0	no	168172	Puccinia striiformis f. sp. tritici	biotic	field	single_pathogen_focus
ERR1607780	SAMEA4415698	species	3	3	yes	168172	Puccinia striiformis f. sp. tritici	biotic	field	single_pathogen_focus
ERR1607780	SAMEA4415698	genus	0	0	no	168172	Puccinia striiformis f. sp. tritici	biotic	field	single_pathogen_focus
ERR1607781	SAMEA4415699	species	1	1	no	168172	Puccinia striiformis f. sp. tritici	biotic	field	single_pathogen_focus
ERR1607781	SAMEA4415699	genus	0	0	no	168172	Puccinia striiformis f. sp. tritici	biotic	field	single_pathogen_focus
ERR1607782	SAMEA4415700	species	2	2	yes	168172	Puccinia striiformis f. sp. tritici	biotic	field	single_pathogen_focus
ERR1607782	SAMEA4415700	genus	0	0	no	168172	Puccinia striiformis f. sp. tritici	biotic	field	single_pathogen_focus
ERR1607783	SAMEA4415701	species	2	2	yes	168172	Puccinia striiformis f. sp. tritici	biotic	field	single_pathogen_focus
ERR1607783	SAMEA4415701	genus	0	0	no	168172	Puccinia striiformis f. sp. tritici	biotic	field	single_pathogen_focus
ERR1607784	SAMEA4415702	species	3	3	yes	168172	Puccinia striiformis f. sp. tritici	biotic	field	single_pathogen_focus
ERR1607784	SAMEA4415702	genus	0	0	no	168172	Puccinia striiformis f. sp. tritici	biotic	field	single_pathogen_focus
ERR1607785	SAMEA4415703	species	2	2	yes	168172	Puccinia striiformis f. sp. tritici	biotic	field	single_pathogen_focus
ERR1607785	SAMEA4415703	genus	0	0	no	168172	Puccinia striiformis f. sp. tritici	biotic	field	single_pathogen_focus
ERR1607790	SAMEA4415708	species	1	1	no	168172	Puccinia striiformis f. sp. tritici	biotic	field	single_pathogen_focus
ERR1607790	SAMEA4415708	genus	0	0	no	168172	Puccinia striiformis f. sp. tritici	biotic	field	single_pathogen_focus
ERR1607792	SAMEA4415710	species	2	2	yes	168172	Puccinia striiformis f. sp. tritici	biotic	field	single_pathogen_focus
ERR1607792	SAMEA4415710	genus	0	0	no	168172	Puccinia striiformis f. sp. tritici	biotic	field	single_pathogen_focus
ERR1607793	SAMEA4415711	species	2	2	yes	168172	Puccinia striiformis f. sp. tritici	biotic	field	single_pathogen_focus
ERR1607793	SAMEA4415711	genus	0	0	no	168172	Puccinia striiformis f. sp. tritici	biotic	field	single_pathogen_focus
ERR1607794	SAMEA4415712	species	2	2	yes	168172	Puccinia striiformis f. sp. tritici	biotic	field	single_pathogen_focus
ERR1607794	SAMEA4415712	genus	0	0	no	168172	Puccinia striiformis f. sp. tritici	biotic	field	single_pathogen_focus
ERR1607795	SAMEA4415713	species	3	3	yes	168172	Puccinia striiformis f. sp. tritici	biotic	field	single_pathogen_focus
ERR1607795	SAMEA4415713	genus	0	0	no	168172	Puccinia striiformis f. sp. tritici	biotic	field	single_pathogen_focus
ERR1607796	SAMEA4415714	species	1	1	no	168172	Puccinia striiformis f. sp. tritici	biotic	field	single_pathogen_focus
ERR1607796	SAMEA4415714	genus	0	0	no	168172	Puccinia striiformis f. sp. tritici	biotic	field	single_pathogen_focus
ERR1607797	SAMEA4415715	species	2	2	yes	168172	Puccinia striiformis f. sp. tritici	biotic	field	single_pathogen_focus
ERR1607797	SAMEA4415715	genus	0	0	no	168172	Puccinia striiformis f. sp. tritici	biotic	field	single_pathogen_focus
ERR1607798	SAMEA4415716	species	3	3	yes	168172	Puccinia striiformis f. sp. tritici	biotic	field	single_pathogen_focus
ERR1607798	SAMEA4415716	genus	0	0	no	168172	Puccinia striiformis f. sp. tritici	biotic	field	single_pathogen_focus
ERR1607799	SAMEA4415717	species	3	3	yes	168172	Puccinia striiformis f. sp. tritici	biotic	field	single_pathogen_focus
ERR1607799	SAMEA4415717	genus	0	0	no	168172	Puccinia striiformis f. sp. tritici	biotic	field	single_pathogen_focus
ERR1607800	SAMEA4415718	species	1	1	no	168172	Puccinia striiformis f. sp. tritici	biotic	field	single_pathogen_focus
ERR1607800	SAMEA4415718	genus	0	0	no	168172	Puccinia striiformis f. sp. tritici	biotic	field	single_pathogen_focus
ERR1607801	SAMEA4415719	species	1	1	no	168172	Puccinia striiformis f. sp. tritici	biotic	field	single_pathogen_focus
ERR1607801	SAMEA4415719	genus	0	0	no	168172	Puccinia striiformis f. sp. tritici	biotic	field	single_pathogen_focus
ERR1607802	SAMEA4415720	species	2	2	yes	168172	Puccinia striiformis f. sp. tritici	biotic	field	single_pathogen_focus
ERR1607802	SAMEA4415720	genus	0	0	no	168172	Puccinia striiformis f. sp. tritici	biotic	field	single_pathogen_focus
ERR1607803	SAMEA4415721	species	2	2	yes	168172	Puccinia striiformis f. sp. tritici	biotic	field	single_pathogen_focus
ERR1607803	SAMEA4415721	genus	0	0	no	168172	Puccinia striiformis f. sp. tritici	biotic	field	single_pathogen_focus
ERR1607804	SAMEA4415722	species	2	2	yes	168172	Puccinia striiformis f. sp. tritici	biotic	field	single_pathogen_focus
ERR1607804	SAMEA4415722	genus	0	0	no	168172	Puccinia striiformis f. sp. tritici	biotic	field	single_pathogen_focus
ERR1607805	SAMEA4415723	species	1	1	no	168172	Puccinia striiformis f. sp. tritici	biotic	field	single_pathogen_focus
ERR1607805	SAMEA4415723	genus	0	0	no	168172	Puccinia striiformis f. sp. tritici	biotic	field	single_pathogen_focus
ERR1607806	SAMEA4415724	species	1	1	no	168172	Puccinia striiformis f. sp. tritici	biotic	field	single_pathogen_focus
ERR1607806	SAMEA4415724	genus	0	0	no	168172	Puccinia striiformis f. sp. tritici	biotic	field	single_pathogen_focus
ERR1607807	SAMEA4415725	species	3	3	yes	168172	Puccinia striiformis f. sp. tritici	biotic	field	single_pathogen_focus
ERR1607807	SAMEA4415725	genus	0	0	no	168172	Puccinia striiformis f. sp. tritici	biotic	field	single_pathogen_focus
ERR1607808	SAMEA4415726	species	1	1	no	168172	Puccinia striiformis f. sp. tritici	biotic	field	single_pathogen_focus
ERR1607808	SAMEA4415726	genus	0	0	no	168172	Puccinia striiformis f. sp. tritici	biotic	field	single_pathogen_focus
ERR1607809	SAMEA4415727	species	1	1	no	168172	Puccinia striiformis f. sp. tritici	biotic	field	single_pathogen_focus
ERR1607809	SAMEA4415727	genus	0	0	no	168172	Puccinia striiformis f. sp. tritici	biotic	field	single_pathogen_focus
ERR1607810	SAMEA4415728	species	2	2	yes	168172	Puccinia striiformis f. sp. tritici	biotic	field	single_pathogen_focus
ERR1607810	SAMEA4415728	genus	0	0	no	168172	Puccinia striiformis f. sp. tritici	biotic	field	single_pathogen_focus
ERR1607811	SAMEA4415729	species	1	1	no	168172	Puccinia striiformis f. sp. tritici	biotic	field	single_pathogen_focus
ERR1607811	SAMEA4415729	genus	0	0	no	168172	Puccinia striiformis f. sp. tritici	biotic	field	single_pathogen_focus
ERR1607812	SAMEA4415730	species	4	4	yes	168172	Puccinia striiformis f. sp. tritici	biotic	field	single_pathogen_focus
ERR1607812	SAMEA4415730	genus	0	0	no	168172	Puccinia striiformis f. sp. tritici	biotic	field	single_pathogen_focus
ERR1607813	SAMEA4415731	species	1	1	no	168172	Puccinia striiformis f. sp. tritici	biotic	field	single_pathogen_focus
ERR1607813	SAMEA4415731	genus	0	0	no	168172	Puccinia striiformis f. sp. tritici	biotic	field	single_pathogen_focus
ERR1607814	SAMEA4415732	species	2	2	yes	168172	Puccinia striiformis f. sp. tritici	biotic	field	single_pathogen_focus
ERR1607814	SAMEA4415732	genus	0	0	no	168172	Puccinia striiformis f. sp. tritici	biotic	field	single_pathogen_focus
ERR1607815	SAMEA4415733	species	1	1	no	168172	Puccinia striiformis f. sp. tritici	biotic	field	single_pathogen_focus
ERR1607815	SAMEA4415733	genus	0	0	no	168172	Puccinia striiformis f. sp. tritici	biotic	field	single_pathogen_focus
ERR1607816	SAMEA4415734	species	1	1	no	168172	Puccinia striiformis f. sp. tritici	biotic	field	single_pathogen_focus
ERR1607816	SAMEA4415734	genus	0	0	no	168172	Puccinia striiformis f. sp. tritici	biotic	field	single_pathogen_focus
ERR1607817	SAMEA4415735	species	1	1	no	168172	Puccinia striiformis f. sp. tritici	biotic	field	single_pathogen_focus
ERR1607817	SAMEA4415735	genus	0	0	no	168172	Puccinia striiformis f. sp. tritici	biotic	field	single_pathogen_focus
ERR1607818	SAMEA4415736	species	1	1	no	168172	Puccinia striiformis f. sp. tritici	biotic	field	single_pathogen_focus
ERR1607818	SAMEA4415736	genus	0	0	no	168172	Puccinia striiformis f. sp. tritici	biotic	field	single_pathogen_focus
ERR1607819	SAMEA4415737	species	3	3	yes	168172	Puccinia striiformis f. sp. tritici	biotic	field	single_pathogen_focus
ERR1607819	SAMEA4415737	genus	0	0	no	168172	Puccinia striiformis f. sp. tritici	biotic	field	single_pathogen_focus
ERR1607820	SAMEA4415738	species	2	2	yes	168172	Puccinia striiformis f. sp. tritici	biotic	field	single_pathogen_focus
ERR1607820	SAMEA4415738	genus	0	0	no	168172	Puccinia striiformis f. sp. tritici	biotic	field	single_pathogen_focus
ERR1607821	SAMEA4415739	species	2	2	yes	168172	Puccinia striiformis f. sp. tritici	biotic	field	single_pathogen_focus
ERR1607821	SAMEA4415739	genus	0	0	no	168172	Puccinia striiformis f. sp. tritici	biotic	field	single_pathogen_focus
ERR1607822	SAMEA4415740	species	3	3	yes	168172	Puccinia striiformis f. sp. tritici	biotic	field	single_pathogen_focus
ERR1607822	SAMEA4415740	genus	0	0	no	168172	Puccinia striiformis f. sp. tritici	biotic	field	single_pathogen_focus
ERR1607823	SAMEA4415741	species	2	2	yes	168172	Puccinia striiformis f. sp. tritici	biotic	field	single_pathogen_focus
ERR1607823	SAMEA4415741	genus	0	0	no	168172	Puccinia striiformis f. sp. tritici	biotic	field	single_pathogen_focus
ERR1607824	SAMEA4415742	species	2	2	yes	168172	Puccinia striiformis f. sp. tritici	biotic	field	single_pathogen_focus
ERR1607824	SAMEA4415742	genus	0	0	no	168172	Puccinia striiformis f. sp. tritici	biotic	field	single_pathogen_focus
ERR1607825	SAMEA4415743	species	2	2	yes	168172	Puccinia striiformis f. sp. tritici	biotic	field	single_pathogen_focus
ERR1607825	SAMEA4415743	genus	0	0	no	168172	Puccinia striiformis f. sp. tritici	biotic	field	single_pathogen_focus
ERR1607826	SAMEA4415744	species	2	2	yes	168172	Puccinia striiformis f. sp. tritici	biotic	field	single_pathogen_focus
ERR1607826	SAMEA4415744	genus	0	0	no	168172	Puccinia striiformis f. sp. tritici	biotic	field	single_pathogen_focus
ERR1607828	SAMEA4415746	species	1	1	no	168172	Puccinia striiformis f. sp. tritici	biotic	field	single_pathogen_focus
ERR1607828	SAMEA4415746	genus	0	0	no	168172	Puccinia striiformis f. sp. tritici	biotic	field	single_pathogen_focus
ERR1607829	SAMEA4415747	species	2	2	yes	168172	Puccinia striiformis f. sp. tritici	biotic	field	single_pathogen_focus
ERR1607829	SAMEA4415747	genus	0	0	no	168172	Puccinia striiformis f. sp. tritici	biotic	field	single_pathogen_focus
ERR1607830	SAMEA4415748	species	2	2	yes	168172	Puccinia striiformis f. sp. tritici	biotic	field	single_pathogen_focus
ERR1607830	SAMEA4415748	genus	0	0	no	168172	Puccinia striiformis f. sp. tritici	biotic	field	single_pathogen_focus
ERR1607831	SAMEA4415749	species	2	2	yes	168172	Puccinia striiformis f. sp. tritici	biotic	field	single_pathogen_focus
ERR1607831	SAMEA4415749	genus	0	0	no	168172	Puccinia striiformis f. sp. tritici	biotic	field	single_pathogen_focus
ERR1607833	SAMEA4415751	species	4	4	yes	168172	Puccinia striiformis f. sp. tritici	biotic	field	single_pathogen_focus
ERR1607833	SAMEA4415751	genus	0	0	no	168172	Puccinia striiformis f. sp. tritici	biotic	field	single_pathogen_focus
ERR1607834	SAMEA4415752	species	2	2	yes	168172	Puccinia striiformis f. sp. tritici	biotic	field	single_pathogen_focus
ERR1607834	SAMEA4415752	genus	0	0	no	168172	Puccinia striiformis f. sp. tritici	biotic	field	single_pathogen_focus
ERR1607838	SAMEA4415756	species	3	3	yes	168172	Puccinia striiformis f. sp. tritici	biotic	field	single_pathogen_focus
ERR1607838	SAMEA4415756	genus	0	0	no	168172	Puccinia striiformis f. sp. tritici	biotic	field	single_pathogen_focus
ERR1607839	SAMEA4415757	species	1	1	no	168172	Puccinia striiformis f. sp. tritici	biotic	field	single_pathogen_focus
ERR1607839	SAMEA4415757	genus	0	0	no	168172	Puccinia striiformis f. sp. tritici	biotic	field	single_pathogen_focus
ERR1607841	SAMEA4415759	species	2	2	yes	168172	Puccinia striiformis f. sp. tritici	biotic	field	single_pathogen_focus
ERR1607841	SAMEA4415759	genus	0	0	no	168172	Puccinia striiformis f. sp. tritici	biotic	field	single_pathogen_focus
ERR1607842	SAMEA4415760	species	1	1	no	168172	Puccinia striiformis f. sp. tritici	biotic	field	single_pathogen_focus
ERR1607842	SAMEA4415760	genus	0	0	no	168172	Puccinia striiformis f. sp. tritici	biotic	field	single_pathogen_focus
ERR1607843	SAMEA4415761	species	3	3	yes	168172	Puccinia striiformis f. sp. tritici	biotic	field	single_pathogen_focus
ERR1607843	SAMEA4415761	genus	0	0	no	168172	Puccinia striiformis f. sp. tritici	biotic	field	single_pathogen_focus
ERR1607844	SAMEA4415762	species	2	2	yes	168172	Puccinia striiformis f. sp. tritici	biotic	field	single_pathogen_focus
ERR1607844	SAMEA4415762	genus	0	0	no	168172	Puccinia striiformis f. sp. tritici	biotic	field	single_pathogen_focus
ERR1607845	SAMEA4415763	species	2	2	yes	168172	Puccinia striiformis f. sp. tritici	biotic	field	single_pathogen_focus
ERR1607845	SAMEA4415763	genus	0	0	no	168172	Puccinia striiformis f. sp. tritici	biotic	field	single_pathogen_focus
ERR1607846	SAMEA4415764	species	2	2	yes	168172	Puccinia striiformis f. sp. tritici	biotic	field	single_pathogen_focus
ERR1607846	SAMEA4415764	genus	0	0	no	168172	Puccinia striiformis f. sp. tritici	biotic	field	single_pathogen_focus
ERR1607848	SAMEA4415766	species	2	2	yes	168172	Puccinia striiformis f. sp. tritici	biotic	field	single_pathogen_focus
ERR1607848	SAMEA4415766	genus	0	0	no	168172	Puccinia striiformis f. sp. tritici	biotic	field	single_pathogen_focus
ERR1607849	SAMEA4415767	species	1	1	no	168172	Puccinia striiformis f. sp. tritici	biotic	field	single_pathogen_focus
ERR1607849	SAMEA4415767	genus	0	0	no	168172	Puccinia striiformis f. sp. tritici	biotic	field	single_pathogen_focus
ERR1607851	SAMEA4415769	species	1	1	no	168172	Puccinia striiformis f. sp. tritici	biotic	field	single_pathogen_focus
ERR1607851	SAMEA4415769	genus	0	0	no	168172	Puccinia striiformis f. sp. tritici	biotic	field	single_pathogen_focus
ERR1607852	SAMEA4415770	species	1	1	no	168172	Puccinia striiformis f. sp. tritici	biotic	field	single_pathogen_focus
ERR1607852	SAMEA4415770	genus	0	0	no	168172	Puccinia striiformis f. sp. tritici	biotic	field	single_pathogen_focus
ERR1607853	SAMEA4415771	species	1	1	no	168172	Puccinia striiformis f. sp. tritici	biotic	field	single_pathogen_focus
ERR1607853	SAMEA4415771	genus	0	0	no	168172	Puccinia striiformis f. sp. tritici	biotic	field	single_pathogen_focus
ERR1607854	SAMEA4415772	species	2	2	yes	168172	Puccinia striiformis f. sp. tritici	biotic	field	single_pathogen_focus
ERR1607854	SAMEA4415772	genus	0	0	no	168172	Puccinia striiformis f. sp. tritici	biotic	field	single_pathogen_focus
ERR1607856	SAMEA4415774	species	2	2	yes	168172	Puccinia striiformis f. sp. tritici	biotic	field	single_pathogen_focus
ERR1607856	SAMEA4415774	genus	0	0	no	168172	Puccinia striiformis f. sp. tritici	biotic	field	single_pathogen_focus
ERR1607859	SAMEA4415777	species	1	1	no	168172	Puccinia striiformis f. sp. tritici	biotic	field	single_pathogen_focus
ERR1607859	SAMEA4415777	genus	0	0	no	168172	Puccinia striiformis f. sp. tritici	biotic	field	single_pathogen_focus
ERR1607861	SAMEA4415779	species	1	1	no	168172	Puccinia striiformis f. sp. tritici	biotic	field	single_pathogen_focus
ERR1607861	SAMEA4415779	genus	0	0	no	168172	Puccinia striiformis f. sp. tritici	biotic	field	single_pathogen_focus
ERR1607862	SAMEA4415780	species	1	1	no	168172	Puccinia striiformis f. sp. tritici	biotic	field	single_pathogen_focus
ERR1607862	SAMEA4415780	genus	0	0	no	168172	Puccinia striiformis f. sp. tritici	biotic	field	single_pathogen_focus
ERR1607863	SAMEA4415781	species	1	1	no	168172	Puccinia striiformis f. sp. tritici	biotic	field	single_pathogen_focus
ERR1607863	SAMEA4415781	genus	0	0	no	168172	Puccinia striiformis f. sp. tritici	biotic	field	single_pathogen_focus
ERR1607864	SAMEA4415782	species	2	2	yes	168172	Puccinia striiformis f. sp. tritici	biotic	field	single_pathogen_focus
ERR1607864	SAMEA4415782	genus	0	0	no	168172	Puccinia striiformis f. sp. tritici	biotic	field	single_pathogen_focus
ERR1607865	SAMEA4415783	species	2	2	yes	168172	Puccinia striiformis f. sp. tritici	biotic	field	single_pathogen_focus
ERR1607865	SAMEA4415783	genus	0	0	no	168172	Puccinia striiformis f. sp. tritici	biotic	field	single_pathogen_focus
ERR2027121	SAMEA104153276	species	2	1	yes	220672,5022	Leptosphaeria maculans; Leptosphaeria biglobosa	biotic	field	intentional_multi_pathogen
ERR2027121	SAMEA104153276	genus	0	0	no	220672,5022	Leptosphaeria maculans; Leptosphaeria biglobosa	biotic	field	intentional_multi_pathogen
ERR2099114	SAMEA104219916	species	2	2	yes	56614,56615	Puccinia graminis f. sp. tritici; Puccinia graminis f. sp. avenae	biotic	field	single_pathogen_focus
ERR2099114	SAMEA104219916	genus	0	0	no	56614,56615	Puccinia graminis f. sp. tritici; Puccinia graminis f. sp. avenae	biotic	field	single_pathogen_focus
ERR2099115	SAMEA104219917	species	2	2	yes	56614,56615	Puccinia graminis f. sp. tritici; Puccinia graminis f. sp. avenae	biotic	field	single_pathogen_focus
ERR2099115	SAMEA104219917	genus	0	0	no	56614,56615	Puccinia graminis f. sp. tritici; Puccinia graminis f. sp. avenae	biotic	field	single_pathogen_focus
ERR2099116	SAMEA104219918	species	2	2	yes	56614,56615	Puccinia graminis f. sp. tritici; Puccinia graminis f. sp. avenae	biotic	field	single_pathogen_focus
ERR2099116	SAMEA104219918	genus	0	0	no	56614,56615	Puccinia graminis f. sp. tritici; Puccinia graminis f. sp. avenae	biotic	field	single_pathogen_focus
ERR2099120	SAMEA104219922	species	2	2	yes	56614,56615	Puccinia graminis f. sp. tritici; Puccinia graminis f. sp. avenae	biotic	field	single_pathogen_focus
ERR2099120	SAMEA104219922	genus	0	0	no	56614,56615	Puccinia graminis f. sp. tritici; Puccinia graminis f. sp. avenae	biotic	field	single_pathogen_focus
ERR2099121	SAMEA104219923	species	2	2	yes	56614,56615	Puccinia graminis f. sp. tritici; Puccinia graminis f. sp. avenae	biotic	field	single_pathogen_focus
ERR2099121	SAMEA104219923	genus	0	0	no	56614,56615	Puccinia graminis f. sp. tritici; Puccinia graminis f. sp. avenae	biotic	field	single_pathogen_focus
ERR2099122	SAMEA104219924	species	1	1	no	56614,56615	Puccinia graminis f. sp. tritici; Puccinia graminis f. sp. avenae	biotic	field	single_pathogen_focus
ERR2099122	SAMEA104219924	genus	0	0	no	56614,56615	Puccinia graminis f. sp. tritici; Puccinia graminis f. sp. avenae	biotic	field	single_pathogen_focus
ERR2099123	SAMEA104219925	species	1	1	no	56614,56615	Puccinia graminis f. sp. tritici; Puccinia graminis f. sp. avenae	biotic	field	single_pathogen_focus
ERR2099123	SAMEA104219925	genus	0	0	no	56614,56615	Puccinia graminis f. sp. tritici; Puccinia graminis f. sp. avenae	biotic	field	single_pathogen_focus
ERR2099149	SAMEA104219951	species	3	3	yes	56614,56615	Puccinia graminis f. sp. tritici; Puccinia graminis f. sp. avenae	biotic	field	single_pathogen_focus
ERR2099149	SAMEA104219951	genus	0	0	no	56614,56615	Puccinia graminis f. sp. tritici; Puccinia graminis f. sp. avenae	biotic	field	single_pathogen_focus
ERR2099150	SAMEA104219952	species	2	2	yes	56614,56615	Puccinia graminis f. sp. tritici; Puccinia graminis f. sp. avenae	biotic	field	single_pathogen_focus
ERR2099150	SAMEA104219952	genus	0	0	no	56614,56615	Puccinia graminis f. sp. tritici; Puccinia graminis f. sp. avenae	biotic	field	single_pathogen_focus
ERR2099151	SAMEA104219953	species	3	3	yes	56614,56615	Puccinia graminis f. sp. tritici; Puccinia graminis f. sp. avenae	biotic	field	single_pathogen_focus
ERR2099151	SAMEA104219953	genus	0	0	no	56614,56615	Puccinia graminis f. sp. tritici; Puccinia graminis f. sp. avenae	biotic	field	single_pathogen_focus
ERR2099152	SAMEA104219954	species	4	4	yes	56614,56615	Puccinia graminis f. sp. tritici; Puccinia graminis f. sp. avenae	biotic	field	single_pathogen_focus
ERR2099152	SAMEA104219954	genus	0	0	no	56614,56615	Puccinia graminis f. sp. tritici; Puccinia graminis f. sp. avenae	biotic	field	single_pathogen_focus
ERR2099153	SAMEA104219955	species	1	1	no	56614,56615	Puccinia graminis f. sp. tritici; Puccinia graminis f. sp. avenae	biotic	field	single_pathogen_focus
ERR2099153	SAMEA104219955	genus	0	0	no	56614,56615	Puccinia graminis f. sp. tritici; Puccinia graminis f. sp. avenae	biotic	field	single_pathogen_focus
ERR3170179	SAMEA5366301	species	2	1	yes	27350	Puccinia striiformis f.sp. tritici	biotic	field	single_pathogen_focus
ERR3170179	SAMEA5366301	genus	0	0	no	27350	Puccinia striiformis f.sp. tritici	biotic	field	single_pathogen_focus
ERR3170180	SAMEA5366302	species	2	1	yes	27350	Puccinia striiformis f.sp. tritici	biotic	field	single_pathogen_focus
ERR3170180	SAMEA5366302	genus	0	0	no	27350	Puccinia striiformis f.sp. tritici	biotic	field	single_pathogen_focus
ERR3170181	SAMEA5366303	species	1	0	no	27350	Puccinia striiformis f.sp. tritici	biotic	field	single_pathogen_focus
ERR3170181	SAMEA5366303	genus	0	0	no	27350	Puccinia striiformis f.sp. tritici	biotic	field	single_pathogen_focus
ERR3170182	SAMEA5366304	species	2	1	yes	27350	Puccinia striiformis f.sp. tritici	biotic	field	single_pathogen_focus
ERR3170182	SAMEA5366304	genus	0	0	no	27350	Puccinia striiformis f.sp. tritici	biotic	field	single_pathogen_focus
ERR3170183	SAMEA5366305	species	3	2	yes	27350	Puccinia striiformis f.sp. tritici	biotic	field	single_pathogen_focus
ERR3170183	SAMEA5366305	genus	0	0	no	27350	Puccinia striiformis f.sp. tritici	biotic	field	single_pathogen_focus
ERR3170184	SAMEA5366306	species	3	2	yes	27350	Puccinia striiformis f.sp. tritici	biotic	field	single_pathogen_focus
ERR3170184	SAMEA5366306	genus	0	0	no	27350	Puccinia striiformis f.sp. tritici	biotic	field	single_pathogen_focus
ERR3170185	SAMEA5366307	species	1	0	no	27350	Puccinia striiformis f.sp. tritici	biotic	field	single_pathogen_focus
ERR3170185	SAMEA5366307	genus	0	0	no	27350	Puccinia striiformis f.sp. tritici	biotic	field	single_pathogen_focus
ERR3170186	SAMEA5366308	species	1	0	no	27350	Puccinia striiformis f.sp. tritici	biotic	field	single_pathogen_focus
ERR3170186	SAMEA5366308	genus	0	0	no	27350	Puccinia striiformis f.sp. tritici	biotic	field	single_pathogen_focus
ERR3170187	SAMEA5366309	species	3	2	yes	27350	Puccinia striiformis f.sp. tritici	biotic	field	single_pathogen_focus
ERR3170187	SAMEA5366309	genus	0	0	no	27350	Puccinia striiformis f.sp. tritici	biotic	field	single_pathogen_focus
ERR3170188	SAMEA5366310	species	1	0	no	27350	Puccinia striiformis f.sp. tritici	biotic	field	single_pathogen_focus
ERR3170188	SAMEA5366310	genus	0	0	no	27350	Puccinia striiformis f.sp. tritici	biotic	field	single_pathogen_focus
ERR3170189	SAMEA5366311	species	2	1	yes	27350	Puccinia striiformis f.sp. tritici	biotic	field	single_pathogen_focus
ERR3170189	SAMEA5366311	genus	0	0	no	27350	Puccinia striiformis f.sp. tritici	biotic	field	single_pathogen_focus
ERR3170190	SAMEA5366312	species	2	1	yes	27350	Puccinia striiformis f.sp. tritici	biotic	field	single_pathogen_focus
ERR3170190	SAMEA5366312	genus	0	0	no	27350	Puccinia striiformis f.sp. tritici	biotic	field	single_pathogen_focus
ERR3170191	SAMEA5366313	species	3	2	yes	27350	Puccinia striiformis f.sp. tritici	biotic	field	single_pathogen_focus
ERR3170191	SAMEA5366313	genus	0	0	no	27350	Puccinia striiformis f.sp. tritici	biotic	field	single_pathogen_focus
ERR3170192	SAMEA5366314	species	2	1	yes	27350	Puccinia striiformis f.sp. tritici	biotic	field	single_pathogen_focus
ERR3170192	SAMEA5366314	genus	0	0	no	27350	Puccinia striiformis f.sp. tritici	biotic	field	single_pathogen_focus
ERR3170193	SAMEA5366315	species	1	0	no	27350	Puccinia striiformis f.sp. tritici	biotic	field	single_pathogen_focus
ERR3170193	SAMEA5366315	genus	0	0	no	27350	Puccinia striiformis f.sp. tritici	biotic	field	single_pathogen_focus
ERR3170194	SAMEA5366316	species	3	2	yes	27350	Puccinia striiformis f.sp. tritici	biotic	field	single_pathogen_focus
ERR3170194	SAMEA5366316	genus	0	0	no	27350	Puccinia striiformis f.sp. tritici	biotic	field	single_pathogen_focus
ERR3170195	SAMEA5366317	species	1	0	no	27350	Puccinia striiformis f.sp. tritici	biotic	field	single_pathogen_focus
ERR3170195	SAMEA5366317	genus	0	0	no	27350	Puccinia striiformis f.sp. tritici	biotic	field	single_pathogen_focus
ERR3170196	SAMEA5366318	species	2	1	yes	27350	Puccinia striiformis f.sp. tritici	biotic	field	single_pathogen_focus
ERR3170196	SAMEA5366318	genus	0	0	no	27350	Puccinia striiformis f.sp. tritici	biotic	field	single_pathogen_focus
ERR3170197	SAMEA5366319	species	2	1	yes	27350	Puccinia striiformis f.sp. tritici	biotic	field	single_pathogen_focus
ERR3170197	SAMEA5366319	genus	0	0	no	27350	Puccinia striiformis f.sp. tritici	biotic	field	single_pathogen_focus
ERR3170198	SAMEA5366320	species	3	2	yes	27350	Puccinia striiformis f.sp. tritici	biotic	field	single_pathogen_focus
ERR3170198	SAMEA5366320	genus	0	0	no	27350	Puccinia striiformis f.sp. tritici	biotic	field	single_pathogen_focus
ERR3170199	SAMEA5366321	species	2	1	yes	27350	Puccinia striiformis f.sp. tritici	biotic	field	single_pathogen_focus
ERR3170199	SAMEA5366321	genus	0	0	no	27350	Puccinia striiformis f.sp. tritici	biotic	field	single_pathogen_focus
ERR3170200	SAMEA5366322	species	1	0	no	27350	Puccinia striiformis f.sp. tritici	biotic	field	single_pathogen_focus
ERR3170200	SAMEA5366322	genus	0	0	no	27350	Puccinia striiformis f.sp. tritici	biotic	field	single_pathogen_focus
ERR3170201	SAMEA5366323	species	2	1	yes	27350	Puccinia striiformis f.sp. tritici	biotic	field	single_pathogen_focus
ERR3170201	SAMEA5366323	genus	0	0	no	27350	Puccinia striiformis f.sp. tritici	biotic	field	single_pathogen_focus
ERR3170202	SAMEA5366324	species	2	1	yes	27350	Puccinia striiformis f.sp. tritici	biotic	field	single_pathogen_focus
ERR3170202	SAMEA5366324	genus	0	0	no	27350	Puccinia striiformis f.sp. tritici	biotic	field	single_pathogen_focus
ERR3170203	SAMEA5366325	species	1	0	no	27350	Puccinia striiformis f.sp. tritici	biotic	field	single_pathogen_focus
ERR3170203	SAMEA5366325	genus	0	0	no	27350	Puccinia striiformis f.sp. tritici	biotic	field	single_pathogen_focus
ERR3170204	SAMEA5366326	species	3	2	yes	27350	Puccinia striiformis f.sp. tritici	biotic	field	single_pathogen_focus
ERR3170204	SAMEA5366326	genus	0	0	no	27350	Puccinia striiformis f.sp. tritici	biotic	field	single_pathogen_focus
ERR3170205	SAMEA5366327	species	2	1	yes	27350	Puccinia striiformis f.sp. tritici	biotic	field	single_pathogen_focus
ERR3170205	SAMEA5366327	genus	0	0	no	27350	Puccinia striiformis f.sp. tritici	biotic	field	single_pathogen_focus
ERR3170206	SAMEA5366328	species	2	1	yes	27350	Puccinia striiformis f.sp. tritici	biotic	field	single_pathogen_focus
ERR3170206	SAMEA5366328	genus	0	0	no	27350	Puccinia striiformis f.sp. tritici	biotic	field	single_pathogen_focus
ERR3170207	SAMEA5366329	species	2	1	yes	27350	Puccinia striiformis f.sp. tritici	biotic	field	single_pathogen_focus
ERR3170207	SAMEA5366329	genus	0	0	no	27350	Puccinia striiformis f.sp. tritici	biotic	field	single_pathogen_focus
ERR3170208	SAMEA5366330	species	3	2	yes	27350	Puccinia striiformis f.sp. tritici	biotic	field	single_pathogen_focus
ERR3170208	SAMEA5366330	genus	0	0	no	27350	Puccinia striiformis f.sp. tritici	biotic	field	single_pathogen_focus
ERR3170209	SAMEA5366331	species	3	2	yes	27350	Puccinia striiformis f.sp. tritici	biotic	field	single_pathogen_focus
ERR3170209	SAMEA5366331	genus	0	0	no	27350	Puccinia striiformis f.sp. tritici	biotic	field	single_pathogen_focus
ERR3170210	SAMEA5366332	species	2	1	yes	27350	Puccinia striiformis f.sp. tritici	biotic	field	single_pathogen_focus
ERR3170210	SAMEA5366332	genus	0	0	no	27350	Puccinia striiformis f.sp. tritici	biotic	field	single_pathogen_focus
ERR3170211	SAMEA5366333	species	2	1	yes	27350	Puccinia striiformis f.sp. tritici	biotic	field	single_pathogen_focus
ERR3170211	SAMEA5366333	genus	0	0	no	27350	Puccinia striiformis f.sp. tritici	biotic	field	single_pathogen_focus
ERR3170212	SAMEA5366334	species	3	2	yes	27350	Puccinia striiformis f.sp. tritici	biotic	field	single_pathogen_focus
ERR3170212	SAMEA5366334	genus	0	0	no	27350	Puccinia striiformis f.sp. tritici	biotic	field	single_pathogen_focus
ERR3170213	SAMEA5366335	species	3	2	yes	27350	Puccinia striiformis f.sp. tritici	biotic	field	single_pathogen_focus
ERR3170213	SAMEA5366335	genus	0	0	no	27350	Puccinia striiformis f.sp. tritici	biotic	field	single_pathogen_focus
ERR3170214	SAMEA5366336	species	3	2	yes	27350	Puccinia striiformis f.sp. tritici	biotic	field	single_pathogen_focus
ERR3170214	SAMEA5366336	genus	0	0	no	27350	Puccinia striiformis f.sp. tritici	biotic	field	single_pathogen_focus
ERR3170215	SAMEA5366337	species	1	0	no	27350	Puccinia striiformis f.sp. tritici	biotic	field	single_pathogen_focus
ERR3170215	SAMEA5366337	genus	0	0	no	27350	Puccinia striiformis f.sp. tritici	biotic	field	single_pathogen_focus
ERR3170216	SAMEA5366338	species	1	0	no	27350	Puccinia striiformis f.sp. tritici	biotic	field	single_pathogen_focus
ERR3170216	SAMEA5366338	genus	0	0	no	27350	Puccinia striiformis f.sp. tritici	biotic	field	single_pathogen_focus
ERR3170217	SAMEA5366339	species	2	1	yes	27350	Puccinia striiformis f.sp. tritici	biotic	field	single_pathogen_focus
ERR3170217	SAMEA5366339	genus	0	0	no	27350	Puccinia striiformis f.sp. tritici	biotic	field	single_pathogen_focus
ERR3170218	SAMEA5366340	species	3	2	yes	27350	Puccinia striiformis f.sp. tritici	biotic	field	single_pathogen_focus
ERR3170218	SAMEA5366340	genus	0	0	no	27350	Puccinia striiformis f.sp. tritici	biotic	field	single_pathogen_focus
ERR3170219	SAMEA5366341	species	2	1	yes	27350	Puccinia striiformis f.sp. tritici	biotic	field	single_pathogen_focus
ERR3170219	SAMEA5366341	genus	0	0	no	27350	Puccinia striiformis f.sp. tritici	biotic	field	single_pathogen_focus
ERR3170220	SAMEA5366342	species	2	1	yes	27350	Puccinia striiformis f.sp. tritici	biotic	field	single_pathogen_focus
ERR3170220	SAMEA5366342	genus	0	0	no	27350	Puccinia striiformis f.sp. tritici	biotic	field	single_pathogen_focus
ERR3170221	SAMEA5366343	species	1	0	no	27350	Puccinia striiformis f.sp. tritici	biotic	field	single_pathogen_focus
ERR3170221	SAMEA5366343	genus	0	0	no	27350	Puccinia striiformis f.sp. tritici	biotic	field	single_pathogen_focus
ERR3170222	SAMEA5366344	species	1	0	no	27350	Puccinia striiformis f.sp. tritici	biotic	field	single_pathogen_focus
ERR3170222	SAMEA5366344	genus	0	0	no	27350	Puccinia striiformis f.sp. tritici	biotic	field	single_pathogen_focus
ERR3170223	SAMEA5366345	species	2	1	yes	27350	Puccinia striiformis f.sp. tritici	biotic	field	single_pathogen_focus
ERR3170223	SAMEA5366345	genus	0	0	no	27350	Puccinia striiformis f.sp. tritici	biotic	field	single_pathogen_focus
ERR3170224	SAMEA5366346	species	1	0	no	27350	Puccinia striiformis f.sp. tritici	biotic	field	single_pathogen_focus
ERR3170224	SAMEA5366346	genus	0	0	no	27350	Puccinia striiformis f.sp. tritici	biotic	field	single_pathogen_focus
ERR3170225	SAMEA5366347	species	1	0	no	27350	Puccinia striiformis f.sp. tritici	biotic	field	single_pathogen_focus
ERR3170225	SAMEA5366347	genus	0	0	no	27350	Puccinia striiformis f.sp. tritici	biotic	field	single_pathogen_focus
ERR3170226	SAMEA5366348	species	2	1	yes	27350	Puccinia striiformis f.sp. tritici	biotic	field	single_pathogen_focus
ERR3170226	SAMEA5366348	genus	0	0	no	27350	Puccinia striiformis f.sp. tritici	biotic	field	single_pathogen_focus
ERR3170227	SAMEA5366349	species	2	1	yes	27350	Puccinia striiformis f.sp. tritici	biotic	field	single_pathogen_focus
ERR3170227	SAMEA5366349	genus	0	0	no	27350	Puccinia striiformis f.sp. tritici	biotic	field	single_pathogen_focus
ERR3170228	SAMEA5366350	species	1	0	no	27350	Puccinia striiformis f.sp. tritici	biotic	field	single_pathogen_focus
ERR3170228	SAMEA5366350	genus	0	0	no	27350	Puccinia striiformis f.sp. tritici	biotic	field	single_pathogen_focus
ERR3170229	SAMEA5366351	species	3	2	yes	27350	Puccinia striiformis f.sp. tritici	biotic	field	single_pathogen_focus
ERR3170229	SAMEA5366351	genus	0	0	no	27350	Puccinia striiformis f.sp. tritici	biotic	field	single_pathogen_focus
ERR3170230	SAMEA5366352	species	3	2	yes	27350	Puccinia striiformis f.sp. tritici	biotic	field	single_pathogen_focus
ERR3170230	SAMEA5366352	genus	0	0	no	27350	Puccinia striiformis f.sp. tritici	biotic	field	single_pathogen_focus
ERR3170231	SAMEA5366353	species	2	1	yes	27350	Puccinia striiformis f.sp. tritici	biotic	field	single_pathogen_focus
ERR3170231	SAMEA5366353	genus	0	0	no	27350	Puccinia striiformis f.sp. tritici	biotic	field	single_pathogen_focus
ERR3170232	SAMEA5366354	species	3	2	yes	27350	Puccinia striiformis f.sp. tritici	biotic	field	single_pathogen_focus
ERR3170232	SAMEA5366354	genus	0	0	no	27350	Puccinia striiformis f.sp. tritici	biotic	field	single_pathogen_focus
ERR3170233	SAMEA5366355	species	3	2	yes	27350	Puccinia striiformis f.sp. tritici	biotic	field	single_pathogen_focus
ERR3170233	SAMEA5366355	genus	0	0	no	27350	Puccinia striiformis f.sp. tritici	biotic	field	single_pathogen_focus
ERR3170234	SAMEA5366356	species	4	3	yes	27350	Puccinia striiformis f.sp. tritici	biotic	field	single_pathogen_focus
ERR3170234	SAMEA5366356	genus	0	0	no	27350	Puccinia striiformis f.sp. tritici	biotic	field	single_pathogen_focus
ERR3170235	SAMEA5366357	species	2	1	yes	27350	Puccinia striiformis f.sp. tritici	biotic	field	single_pathogen_focus
ERR3170235	SAMEA5366357	genus	0	0	no	27350	Puccinia striiformis f.sp. tritici	biotic	field	single_pathogen_focus
ERR3170236	SAMEA5366358	species	3	2	yes	27350	Puccinia striiformis f.sp. tritici	biotic	field	single_pathogen_focus
ERR3170236	SAMEA5366358	genus	0	0	no	27350	Puccinia striiformis f.sp. tritici	biotic	field	single_pathogen_focus
ERR3170237	SAMEA5366359	species	3	2	yes	27350	Puccinia striiformis f.sp. tritici	biotic	field	single_pathogen_focus
ERR3170237	SAMEA5366359	genus	0	0	no	27350	Puccinia striiformis f.sp. tritici	biotic	field	single_pathogen_focus
ERR3170238	SAMEA5366360	species	3	2	yes	27350	Puccinia striiformis f.sp. tritici	biotic	field	single_pathogen_focus
ERR3170238	SAMEA5366360	genus	0	0	no	27350	Puccinia striiformis f.sp. tritici	biotic	field	single_pathogen_focus
ERR3170239	SAMEA5366361	species	4	3	yes	27350	Puccinia striiformis f.sp. tritici	biotic	field	single_pathogen_focus
ERR3170239	SAMEA5366361	genus	0	0	no	27350	Puccinia striiformis f.sp. tritici	biotic	field	single_pathogen_focus
ERR3170240	SAMEA5366362	species	2	1	yes	27350	Puccinia striiformis f.sp. tritici	biotic	field	single_pathogen_focus
ERR3170240	SAMEA5366362	genus	0	0	no	27350	Puccinia striiformis f.sp. tritici	biotic	field	single_pathogen_focus
ERR3170241	SAMEA5366363	species	4	3	yes	27350	Puccinia striiformis f.sp. tritici	biotic	field	single_pathogen_focus
ERR3170241	SAMEA5366363	genus	0	0	no	27350	Puccinia striiformis f.sp. tritici	biotic	field	single_pathogen_focus
ERR3170242	SAMEA5366364	species	2	1	yes	27350	Puccinia striiformis f.sp. tritici	biotic	field	single_pathogen_focus
ERR3170242	SAMEA5366364	genus	0	0	no	27350	Puccinia striiformis f.sp. tritici	biotic	field	single_pathogen_focus
ERR3170243	SAMEA5366365	species	1	0	no	27350	Puccinia striiformis f.sp. tritici	biotic	field	single_pathogen_focus
ERR3170243	SAMEA5366365	genus	0	0	no	27350	Puccinia striiformis f.sp. tritici	biotic	field	single_pathogen_focus
ERR3170244	SAMEA5366366	species	1	0	no	27350	Puccinia striiformis f.sp. tritici	biotic	field	single_pathogen_focus
ERR3170244	SAMEA5366366	genus	0	0	no	27350	Puccinia striiformis f.sp. tritici	biotic	field	single_pathogen_focus
ERR3170245	SAMEA5366367	species	1	0	no	27350	Puccinia striiformis f.sp. tritici	biotic	field	single_pathogen_focus
ERR3170245	SAMEA5366367	genus	0	0	no	27350	Puccinia striiformis f.sp. tritici	biotic	field	single_pathogen_focus
ERR3170246	SAMEA5366368	species	1	0	no	27350	Puccinia striiformis f.sp. tritici	biotic	field	single_pathogen_focus
ERR3170246	SAMEA5366368	genus	0	0	no	27350	Puccinia striiformis f.sp. tritici	biotic	field	single_pathogen_focus
ERR3170247	SAMEA5366369	species	1	0	no	27350	Puccinia striiformis f.sp. tritici	biotic	field	single_pathogen_focus
ERR3170247	SAMEA5366369	genus	0	0	no	27350	Puccinia striiformis f.sp. tritici	biotic	field	single_pathogen_focus
ERR3170248	SAMEA5366370	species	2	1	yes	27350	Puccinia striiformis f.sp. tritici	biotic	field	single_pathogen_focus
ERR3170248	SAMEA5366370	genus	0	0	no	27350	Puccinia striiformis f.sp. tritici	biotic	field	single_pathogen_focus
ERR3170249	SAMEA5366371	species	1	0	no	27350	Puccinia striiformis f.sp. tritici	biotic	field	single_pathogen_focus
ERR3170249	SAMEA5366371	genus	0	0	no	27350	Puccinia striiformis f.sp. tritici	biotic	field	single_pathogen_focus
ERR3170250	SAMEA5366372	species	1	0	no	27350	Puccinia striiformis f.sp. tritici	biotic	field	single_pathogen_focus
ERR3170250	SAMEA5366372	genus	0	0	no	27350	Puccinia striiformis f.sp. tritici	biotic	field	single_pathogen_focus
ERR3170251	SAMEA5366373	species	4	3	yes	27350	Puccinia striiformis f.sp. tritici	biotic	field	single_pathogen_focus
ERR3170251	SAMEA5366373	genus	0	0	no	27350	Puccinia striiformis f.sp. tritici	biotic	field	single_pathogen_focus
ERR3170252	SAMEA5366374	species	1	0	no	27350	Puccinia striiformis f.sp. tritici	biotic	field	single_pathogen_focus
ERR3170252	SAMEA5366374	genus	0	0	no	27350	Puccinia striiformis f.sp. tritici	biotic	field	single_pathogen_focus
ERR3170253	SAMEA5366375	species	2	1	yes	27350	Puccinia striiformis f.sp. tritici	biotic	field	single_pathogen_focus
ERR3170253	SAMEA5366375	genus	0	0	no	27350	Puccinia striiformis f.sp. tritici	biotic	field	single_pathogen_focus
ERR3170254	SAMEA5366376	species	5	4	yes	27350	Puccinia striiformis f.sp. tritici	biotic	field	single_pathogen_focus
ERR3170254	SAMEA5366376	genus	0	0	no	27350	Puccinia striiformis f.sp. tritici	biotic	field	single_pathogen_focus
ERR3170255	SAMEA5366377	species	8	7	yes	27350	Puccinia striiformis f.sp. tritici	biotic	field	single_pathogen_focus
ERR3170255	SAMEA5366377	genus	0	0	no	27350	Puccinia striiformis f.sp. tritici	biotic	field	single_pathogen_focus
ERR3170256	SAMEA5366378	species	1	0	no	27350	Puccinia striiformis f.sp. tritici	biotic	field	single_pathogen_focus
ERR3170256	SAMEA5366378	genus	0	0	no	27350	Puccinia striiformis f.sp. tritici	biotic	field	single_pathogen_focus
ERR3170257	SAMEA5366379	species	5	4	yes	27350	Puccinia striiformis f.sp. tritici	biotic	field	single_pathogen_focus
ERR3170257	SAMEA5366379	genus	0	0	no	27350	Puccinia striiformis f.sp. tritici	biotic	field	single_pathogen_focus
ERR3170258	SAMEA5366380	species	3	2	yes	27350	Puccinia striiformis f.sp. tritici	biotic	field	single_pathogen_focus
ERR3170258	SAMEA5366380	genus	0	0	no	27350	Puccinia striiformis f.sp. tritici	biotic	field	single_pathogen_focus
ERR3170259	SAMEA5366381	species	3	2	yes	27350	Puccinia striiformis f.sp. tritici	biotic	field	single_pathogen_focus
ERR3170259	SAMEA5366381	genus	0	0	no	27350	Puccinia striiformis f.sp. tritici	biotic	field	single_pathogen_focus
ERR3170260	SAMEA5366382	species	5	4	yes	27350	Puccinia striiformis f.sp. tritici	biotic	field	single_pathogen_focus
ERR3170260	SAMEA5366382	genus	0	0	no	27350	Puccinia striiformis f.sp. tritici	biotic	field	single_pathogen_focus
ERR3170261	SAMEA5366383	species	2	1	yes	27350	Puccinia striiformis f.sp. tritici	biotic	field	single_pathogen_focus
ERR3170261	SAMEA5366383	genus	0	0	no	27350	Puccinia striiformis f.sp. tritici	biotic	field	single_pathogen_focus
ERR3170262	SAMEA5366384	species	1	0	no	27350	Puccinia striiformis f.sp. tritici	biotic	field	single_pathogen_focus
ERR3170262	SAMEA5366384	genus	0	0	no	27350	Puccinia striiformis f.sp. tritici	biotic	field	single_pathogen_focus
ERR3170263	SAMEA5366385	species	3	2	yes	27350	Puccinia striiformis f.sp. tritici	biotic	field	single_pathogen_focus
ERR3170263	SAMEA5366385	genus	0	0	no	27350	Puccinia striiformis f.sp. tritici	biotic	field	single_pathogen_focus
ERR3170264	SAMEA5366386	species	2	1	yes	27350	Puccinia striiformis f.sp. tritici	biotic	field	single_pathogen_focus
ERR3170264	SAMEA5366386	genus	0	0	no	27350	Puccinia striiformis f.sp. tritici	biotic	field	single_pathogen_focus
ERR3170265	SAMEA5366387	species	4	3	yes	27350	Puccinia striiformis f.sp. tritici	biotic	field	single_pathogen_focus
ERR3170265	SAMEA5366387	genus	0	0	no	27350	Puccinia striiformis f.sp. tritici	biotic	field	single_pathogen_focus
ERR3170266	SAMEA5366388	species	1	0	no	27350	Puccinia striiformis f.sp. tritici	biotic	field	single_pathogen_focus
ERR3170266	SAMEA5366388	genus	0	0	no	27350	Puccinia striiformis f.sp. tritici	biotic	field	single_pathogen_focus
ERR3170267	SAMEA5366389	species	1	0	no	27350	Puccinia striiformis f.sp. tritici	biotic	field	single_pathogen_focus
ERR3170267	SAMEA5366389	genus	0	0	no	27350	Puccinia striiformis f.sp. tritici	biotic	field	single_pathogen_focus
ERR3170268	SAMEA5366390	species	2	1	yes	27350	Puccinia striiformis f.sp. tritici	biotic	field	single_pathogen_focus
ERR3170268	SAMEA5366390	genus	0	0	no	27350	Puccinia striiformis f.sp. tritici	biotic	field	single_pathogen_focus
ERR3170269	SAMEA5366391	species	1	0	no	27350	Puccinia striiformis f.sp. tritici	biotic	field	single_pathogen_focus
ERR3170269	SAMEA5366391	genus	0	0	no	27350	Puccinia striiformis f.sp. tritici	biotic	field	single_pathogen_focus
ERR3170272	SAMEA5366394	species	2	1	yes	27350	Puccinia striiformis f.sp. tritici	biotic	field	single_pathogen_focus
ERR3170272	SAMEA5366394	genus	0	0	no	27350	Puccinia striiformis f.sp. tritici	biotic	field	single_pathogen_focus
ERR3170273	SAMEA5366395	species	1	0	no	27350	Puccinia striiformis f.sp. tritici	biotic	field	single_pathogen_focus
ERR3170273	SAMEA5366395	genus	0	0	no	27350	Puccinia striiformis f.sp. tritici	biotic	field	single_pathogen_focus
ERR3170274	SAMEA5366396	species	1	0	no	27350	Puccinia striiformis f.sp. tritici	biotic	field	single_pathogen_focus
ERR3170274	SAMEA5366396	genus	0	0	no	27350	Puccinia striiformis f.sp. tritici	biotic	field	single_pathogen_focus
ERR3170275	SAMEA5366397	species	1	0	no	27350	Puccinia striiformis f.sp. tritici	biotic	field	single_pathogen_focus
ERR3170275	SAMEA5366397	genus	0	0	no	27350	Puccinia striiformis f.sp. tritici	biotic	field	single_pathogen_focus
ERR3170276	SAMEA5366398	species	1	0	no	27350	Puccinia striiformis f.sp. tritici	biotic	field	single_pathogen_focus
ERR3170276	SAMEA5366398	genus	0	0	no	27350	Puccinia striiformis f.sp. tritici	biotic	field	single_pathogen_focus
ERR3170277	SAMEA5366399	species	1	0	no	27350	Puccinia striiformis f.sp. tritici	biotic	field	single_pathogen_focus
ERR3170277	SAMEA5366399	genus	0	0	no	27350	Puccinia striiformis f.sp. tritici	biotic	field	single_pathogen_focus
ERR3170278	SAMEA5366400	species	3	2	yes	27350	Puccinia striiformis f.sp. tritici	biotic	field	single_pathogen_focus
ERR3170278	SAMEA5366400	genus	0	0	no	27350	Puccinia striiformis f.sp. tritici	biotic	field	single_pathogen_focus
ERR3170279	SAMEA5366401	species	3	2	yes	27350	Puccinia striiformis f.sp. tritici	biotic	field	single_pathogen_focus
ERR3170279	SAMEA5366401	genus	0	0	no	27350	Puccinia striiformis f.sp. tritici	biotic	field	single_pathogen_focus
ERR3188431	SAMEA5366252	species	1	0	no	27350	Puccinia striiformis f.sp. tritici	biotic	field	single_pathogen_focus
ERR3188431	SAMEA5366252	genus	0	0	no	27350	Puccinia striiformis f.sp. tritici	biotic	field	single_pathogen_focus
ERR3188432	SAMEA5366253	species	1	0	no	27350	Puccinia striiformis f.sp. tritici	biotic	field	single_pathogen_focus
ERR3188432	SAMEA5366253	genus	0	0	no	27350	Puccinia striiformis f.sp. tritici	biotic	field	single_pathogen_focus
ERR3188433	SAMEA5366254	species	1	0	no	27350	Puccinia striiformis f.sp. tritici	biotic	field	single_pathogen_focus
ERR3188433	SAMEA5366254	genus	0	0	no	27350	Puccinia striiformis f.sp. tritici	biotic	field	single_pathogen_focus
ERR3188434	SAMEA5366255	species	2	1	yes	27350	Puccinia striiformis f.sp. tritici	biotic	field	single_pathogen_focus
ERR3188434	SAMEA5366255	genus	0	0	no	27350	Puccinia striiformis f.sp. tritici	biotic	field	single_pathogen_focus
ERR3188435	SAMEA5366256	species	2	1	yes	27350	Puccinia striiformis f.sp. tritici	biotic	field	single_pathogen_focus
ERR3188435	SAMEA5366256	genus	0	0	no	27350	Puccinia striiformis f.sp. tritici	biotic	field	single_pathogen_focus
ERR3188436	SAMEA5366257	species	1	0	no	27350	Puccinia striiformis f.sp. tritici	biotic	field	single_pathogen_focus
ERR3188436	SAMEA5366257	genus	0	0	no	27350	Puccinia striiformis f.sp. tritici	biotic	field	single_pathogen_focus
ERR3188437	SAMEA5366258	species	1	0	no	27350	Puccinia striiformis f.sp. tritici	biotic	field	single_pathogen_focus
ERR3188437	SAMEA5366258	genus	0	0	no	27350	Puccinia striiformis f.sp. tritici	biotic	field	single_pathogen_focus
ERR3188438	SAMEA5366259	species	1	0	no	27350	Puccinia striiformis f.sp. tritici	biotic	field	single_pathogen_focus
ERR3188438	SAMEA5366259	genus	0	0	no	27350	Puccinia striiformis f.sp. tritici	biotic	field	single_pathogen_focus
ERR3188439	SAMEA5366260	species	2	1	yes	27350	Puccinia striiformis f.sp. tritici	biotic	field	single_pathogen_focus
ERR3188439	SAMEA5366260	genus	0	0	no	27350	Puccinia striiformis f.sp. tritici	biotic	field	single_pathogen_focus
ERR3188440	SAMEA5366261	species	2	1	yes	27350	Puccinia striiformis f.sp. tritici	biotic	field	single_pathogen_focus
ERR3188440	SAMEA5366261	genus	0	0	no	27350	Puccinia striiformis f.sp. tritici	biotic	field	single_pathogen_focus
ERR3188441	SAMEA5366262	species	1	0	no	27350	Puccinia striiformis f.sp. tritici	biotic	field	single_pathogen_focus
ERR3188441	SAMEA5366262	genus	0	0	no	27350	Puccinia striiformis f.sp. tritici	biotic	field	single_pathogen_focus
ERR3188442	SAMEA5366263	species	1	0	no	27350	Puccinia striiformis f.sp. tritici	biotic	field	single_pathogen_focus
ERR3188442	SAMEA5366263	genus	0	0	no	27350	Puccinia striiformis f.sp. tritici	biotic	field	single_pathogen_focus
ERR3188443	SAMEA5366264	species	1	0	no	27350	Puccinia striiformis f.sp. tritici	biotic	field	single_pathogen_focus
ERR3188443	SAMEA5366264	genus	0	0	no	27350	Puccinia striiformis f.sp. tritici	biotic	field	single_pathogen_focus
ERR3188444	SAMEA5366265	species	2	1	yes	27350	Puccinia striiformis f.sp. tritici	biotic	field	single_pathogen_focus
ERR3188444	SAMEA5366265	genus	0	0	no	27350	Puccinia striiformis f.sp. tritici	biotic	field	single_pathogen_focus
ERR3188445	SAMEA5366266	species	1	0	no	27350	Puccinia striiformis f.sp. tritici	biotic	field	single_pathogen_focus
ERR3188445	SAMEA5366266	genus	0	0	no	27350	Puccinia striiformis f.sp. tritici	biotic	field	single_pathogen_focus
ERR3188446	SAMEA5366248	species	2	1	yes	27350	Puccinia striiformis f.sp. tritici	biotic	field	single_pathogen_focus
ERR3188446	SAMEA5366248	genus	0	0	no	27350	Puccinia striiformis f.sp. tritici	biotic	field	single_pathogen_focus
ERR3188447	SAMEA5366251	species	1	0	no	27350	Puccinia striiformis f.sp. tritici	biotic	field	single_pathogen_focus
ERR3188447	SAMEA5366251	genus	0	0	no	27350	Puccinia striiformis f.sp. tritici	biotic	field	single_pathogen_focus
ERR3188448	SAMEA5366267	species	1	0	no	27350	Puccinia striiformis f.sp. tritici	biotic	field	single_pathogen_focus
ERR3188448	SAMEA5366267	genus	0	0	no	27350	Puccinia striiformis f.sp. tritici	biotic	field	single_pathogen_focus
ERR3188449	SAMEA5366268	species	1	0	no	27350	Puccinia striiformis f.sp. tritici	biotic	field	single_pathogen_focus
ERR3188449	SAMEA5366268	genus	0	0	no	27350	Puccinia striiformis f.sp. tritici	biotic	field	single_pathogen_focus
ERR3188450	SAMEA5366269	species	1	0	no	27350	Puccinia striiformis f.sp. tritici	biotic	field	single_pathogen_focus
ERR3188450	SAMEA5366269	genus	0	0	no	27350	Puccinia striiformis f.sp. tritici	biotic	field	single_pathogen_focus
ERR3188451	SAMEA5366270	species	1	0	no	27350	Puccinia striiformis f.sp. tritici	biotic	field	single_pathogen_focus
ERR3188451	SAMEA5366270	genus	0	0	no	27350	Puccinia striiformis f.sp. tritici	biotic	field	single_pathogen_focus
ERR3188452	SAMEA5366271	species	3	2	yes	27350	Puccinia striiformis f.sp. tritici	biotic	field	single_pathogen_focus
ERR3188452	SAMEA5366271	genus	0	0	no	27350	Puccinia striiformis f.sp. tritici	biotic	field	single_pathogen_focus
ERR3188453	SAMEA5366272	species	1	0	no	27350	Puccinia striiformis f.sp. tritici	biotic	field	single_pathogen_focus
ERR3188453	SAMEA5366272	genus	0	0	no	27350	Puccinia striiformis f.sp. tritici	biotic	field	single_pathogen_focus
ERR3188454	SAMEA5366273	species	2	1	yes	27350	Puccinia striiformis f.sp. tritici	biotic	field	single_pathogen_focus
ERR3188454	SAMEA5366273	genus	0	0	no	27350	Puccinia striiformis f.sp. tritici	biotic	field	single_pathogen_focus
ERR3188455	SAMEA5366274	species	1	0	no	27350	Puccinia striiformis f.sp. tritici	biotic	field	single_pathogen_focus
ERR3188455	SAMEA5366274	genus	0	0	no	27350	Puccinia striiformis f.sp. tritici	biotic	field	single_pathogen_focus
ERR3188456	SAMEA5366275	species	1	0	no	27350	Puccinia striiformis f.sp. tritici	biotic	field	single_pathogen_focus
ERR3188456	SAMEA5366275	genus	0	0	no	27350	Puccinia striiformis f.sp. tritici	biotic	field	single_pathogen_focus
ERR3188457	SAMEA5366276	species	1	0	no	27350	Puccinia striiformis f.sp. tritici	biotic	field	single_pathogen_focus
ERR3188457	SAMEA5366276	genus	0	0	no	27350	Puccinia striiformis f.sp. tritici	biotic	field	single_pathogen_focus
ERR3188458	SAMEA5366277	species	1	0	no	27350	Puccinia striiformis f.sp. tritici	biotic	field	single_pathogen_focus
ERR3188458	SAMEA5366277	genus	0	0	no	27350	Puccinia striiformis f.sp. tritici	biotic	field	single_pathogen_focus
ERR3188459	SAMEA5366278	species	1	0	no	27350	Puccinia striiformis f.sp. tritici	biotic	field	single_pathogen_focus
ERR3188459	SAMEA5366278	genus	0	0	no	27350	Puccinia striiformis f.sp. tritici	biotic	field	single_pathogen_focus
ERR3188460	SAMEA5366279	species	1	0	no	27350	Puccinia striiformis f.sp. tritici	biotic	field	single_pathogen_focus
ERR3188460	SAMEA5366279	genus	0	0	no	27350	Puccinia striiformis f.sp. tritici	biotic	field	single_pathogen_focus
ERR3188461	SAMEA5366280	species	1	0	no	27350	Puccinia striiformis f.sp. tritici	biotic	field	single_pathogen_focus
ERR3188461	SAMEA5366280	genus	0	0	no	27350	Puccinia striiformis f.sp. tritici	biotic	field	single_pathogen_focus
ERR3188462	SAMEA5366281	species	2	1	yes	27350	Puccinia striiformis f.sp. tritici	biotic	field	single_pathogen_focus
ERR3188462	SAMEA5366281	genus	0	0	no	27350	Puccinia striiformis f.sp. tritici	biotic	field	single_pathogen_focus
ERR3188463	SAMEA5366282	species	2	1	yes	27350	Puccinia striiformis f.sp. tritici	biotic	field	single_pathogen_focus
ERR3188463	SAMEA5366282	genus	0	0	no	27350	Puccinia striiformis f.sp. tritici	biotic	field	single_pathogen_focus
ERR3188464	SAMEA5366283	species	1	0	no	27350	Puccinia striiformis f.sp. tritici	biotic	field	single_pathogen_focus
ERR3188464	SAMEA5366283	genus	0	0	no	27350	Puccinia striiformis f.sp. tritici	biotic	field	single_pathogen_focus
ERR3188465	SAMEA5366284	species	2	1	yes	27350	Puccinia striiformis f.sp. tritici	biotic	field	single_pathogen_focus
ERR3188465	SAMEA5366284	genus	0	0	no	27350	Puccinia striiformis f.sp. tritici	biotic	field	single_pathogen_focus
ERR3188466	SAMEA5366285	species	2	1	yes	27350	Puccinia striiformis f.sp. tritici	biotic	field	single_pathogen_focus
ERR3188466	SAMEA5366285	genus	0	0	no	27350	Puccinia striiformis f.sp. tritici	biotic	field	single_pathogen_focus
ERR3188467	SAMEA5366286	species	2	1	yes	27350	Puccinia striiformis f.sp. tritici	biotic	field	single_pathogen_focus
ERR3188467	SAMEA5366286	genus	0	0	no	27350	Puccinia striiformis f.sp. tritici	biotic	field	single_pathogen_focus
ERR3188468	SAMEA5366287	species	1	0	no	27350	Puccinia striiformis f.sp. tritici	biotic	field	single_pathogen_focus
ERR3188468	SAMEA5366287	genus	0	0	no	27350	Puccinia striiformis f.sp. tritici	biotic	field	single_pathogen_focus
ERR3188469	SAMEA5366288	species	1	0	no	27350	Puccinia striiformis f.sp. tritici	biotic	field	single_pathogen_focus
ERR3188469	SAMEA5366288	genus	0	0	no	27350	Puccinia striiformis f.sp. tritici	biotic	field	single_pathogen_focus
ERR3188470	SAMEA5366289	species	2	1	yes	27350	Puccinia striiformis f.sp. tritici	biotic	field	single_pathogen_focus
ERR3188470	SAMEA5366289	genus	0	0	no	27350	Puccinia striiformis f.sp. tritici	biotic	field	single_pathogen_focus
ERR3188471	SAMEA5366290	species	1	0	no	27350	Puccinia striiformis f.sp. tritici	biotic	field	single_pathogen_focus
ERR3188471	SAMEA5366290	genus	0	0	no	27350	Puccinia striiformis f.sp. tritici	biotic	field	single_pathogen_focus
ERR3188472	SAMEA5366291	species	3	2	yes	27350	Puccinia striiformis f.sp. tritici	biotic	field	single_pathogen_focus
ERR3188472	SAMEA5366291	genus	0	0	no	27350	Puccinia striiformis f.sp. tritici	biotic	field	single_pathogen_focus
ERR3188473	SAMEA5366292	species	1	0	no	27350	Puccinia striiformis f.sp. tritici	biotic	field	single_pathogen_focus
ERR3188473	SAMEA5366292	genus	0	0	no	27350	Puccinia striiformis f.sp. tritici	biotic	field	single_pathogen_focus
ERR3188474	SAMEA5366293	species	1	0	no	27350	Puccinia striiformis f.sp. tritici	biotic	field	single_pathogen_focus
ERR3188474	SAMEA5366293	genus	0	0	no	27350	Puccinia striiformis f.sp. tritici	biotic	field	single_pathogen_focus
ERR3188475	SAMEA5366294	species	1	0	no	27350	Puccinia striiformis f.sp. tritici	biotic	field	single_pathogen_focus
ERR3188475	SAMEA5366294	genus	0	0	no	27350	Puccinia striiformis f.sp. tritici	biotic	field	single_pathogen_focus
ERR3188476	SAMEA5366295	species	1	0	no	27350	Puccinia striiformis f.sp. tritici	biotic	field	single_pathogen_focus
ERR3188476	SAMEA5366295	genus	0	0	no	27350	Puccinia striiformis f.sp. tritici	biotic	field	single_pathogen_focus
ERR3188477	SAMEA5366296	species	1	0	no	27350	Puccinia striiformis f.sp. tritici	biotic	field	single_pathogen_focus
ERR3188477	SAMEA5366296	genus	0	0	no	27350	Puccinia striiformis f.sp. tritici	biotic	field	single_pathogen_focus
ERR3188478	SAMEA5366297	species	1	0	no	27350	Puccinia striiformis f.sp. tritici	biotic	field	single_pathogen_focus
ERR3188478	SAMEA5366297	genus	0	0	no	27350	Puccinia striiformis f.sp. tritici	biotic	field	single_pathogen_focus
ERR3188479	SAMEA5366298	species	1	0	no	27350	Puccinia striiformis f.sp. tritici	biotic	field	single_pathogen_focus
ERR3188479	SAMEA5366298	genus	0	0	no	27350	Puccinia striiformis f.sp. tritici	biotic	field	single_pathogen_focus
ERR3188480	SAMEA5366299	species	2	1	yes	27350	Puccinia striiformis f.sp. tritici	biotic	field	single_pathogen_focus
ERR3188480	SAMEA5366299	genus	0	0	no	27350	Puccinia striiformis f.sp. tritici	biotic	field	single_pathogen_focus
ERR3188481	SAMEA5366300	species	1	0	no	27350	Puccinia striiformis f.sp. tritici	biotic	field	single_pathogen_focus
ERR3188481	SAMEA5366300	genus	0	0	no	27350	Puccinia striiformis f.sp. tritici	biotic	field	single_pathogen_focus
ERR3188482	SAMEA5366392	species	1	0	no	27350	Puccinia striiformis f.sp. tritici	biotic	field	single_pathogen_focus
ERR3188482	SAMEA5366392	genus	0	0	no	27350	Puccinia striiformis f.sp. tritici	biotic	field	single_pathogen_focus
ERR3188483	SAMEA5366393	species	1	0	no	27350	Puccinia striiformis f.sp. tritici	biotic	field	single_pathogen_focus
ERR3188483	SAMEA5366393	genus	0	0	no	27350	Puccinia striiformis f.sp. tritici	biotic	field	single_pathogen_focus
ERR3383632	SAMEA5723237	species	1	0	no	27350	Puccinia striiformis f.sp. tritici	biotic	field	single_pathogen_focus
ERR3383632	SAMEA5723237	genus	0	0	no	27350	Puccinia striiformis f.sp. tritici	biotic	field	single_pathogen_focus
ERR3383633	SAMEA5723238	species	1	0	no	27350	Puccinia striiformis f.sp. tritici	biotic	field	single_pathogen_focus
ERR3383633	SAMEA5723238	genus	0	0	no	27350	Puccinia striiformis f.sp. tritici	biotic	field	single_pathogen_focus
ERR3383634	SAMEA5723239	species	1	0	no	27350	Puccinia striiformis f.sp. tritici	biotic	field	single_pathogen_focus
ERR3383634	SAMEA5723239	genus	0	0	no	27350	Puccinia striiformis f.sp. tritici	biotic	field	single_pathogen_focus
ERR3383635	SAMEA5723240	species	1	0	no	27350	Puccinia striiformis f.sp. tritici	biotic	field	single_pathogen_focus
ERR3383635	SAMEA5723240	genus	0	0	no	27350	Puccinia striiformis f.sp. tritici	biotic	field	single_pathogen_focus
ERR3383636	SAMEA5723241	species	1	0	no	27350	Puccinia striiformis f.sp. tritici	biotic	field	single_pathogen_focus
ERR3383636	SAMEA5723241	genus	0	0	no	27350	Puccinia striiformis f.sp. tritici	biotic	field	single_pathogen_focus
ERR3383637	SAMEA5723242	species	1	0	no	27350	Puccinia striiformis f.sp. tritici	biotic	field	single_pathogen_focus
ERR3383637	SAMEA5723242	genus	0	0	no	27350	Puccinia striiformis f.sp. tritici	biotic	field	single_pathogen_focus
ERR3383638	SAMEA5723243	species	1	0	no	27350	Puccinia striiformis f.sp. tritici	biotic	field	single_pathogen_focus
ERR3383638	SAMEA5723243	genus	0	0	no	27350	Puccinia striiformis f.sp. tritici	biotic	field	single_pathogen_focus
ERR3383639	SAMEA5723244	species	1	0	no	27350	Puccinia striiformis f.sp. tritici	biotic	field	single_pathogen_focus
ERR3383639	SAMEA5723244	genus	0	0	no	27350	Puccinia striiformis f.sp. tritici	biotic	field	single_pathogen_focus
ERR3383640	SAMEA5723245	species	1	0	no	27350	Puccinia striiformis f.sp. tritici	biotic	field	single_pathogen_focus
ERR3383640	SAMEA5723245	genus	0	0	no	27350	Puccinia striiformis f.sp. tritici	biotic	field	single_pathogen_focus
ERR3383641	SAMEA5723246	species	1	0	no	27350	Puccinia striiformis f.sp. tritici	biotic	field	single_pathogen_focus
ERR3383641	SAMEA5723246	genus	0	0	no	27350	Puccinia striiformis f.sp. tritici	biotic	field	single_pathogen_focus
ERR3383642	SAMEA5723247	species	1	0	no	27350	Puccinia striiformis f.sp. tritici	biotic	field	single_pathogen_focus
ERR3383642	SAMEA5723247	genus	0	0	no	27350	Puccinia striiformis f.sp. tritici	biotic	field	single_pathogen_focus
ERR3500503	SAMEA5920102	species	1	1	no	97479	Pyrenophora teres f. teres	biotic	field	single_pathogen_focus
ERR3500503	SAMEA5920102	genus	0	0	no	97479	Pyrenophora teres f. teres	biotic	field	single_pathogen_focus
ERR3500504	SAMEA5920102	species	1	1	no	97479	Pyrenophora teres f. teres	biotic	field	single_pathogen_focus
ERR3500504	SAMEA5920102	genus	0	0	no	97479	Pyrenophora teres f. teres	biotic	field	single_pathogen_focus
ERR3500505	SAMEA5920102	species	1	1	no	97479	Pyrenophora teres f. teres	biotic	field	single_pathogen_focus
ERR3500505	SAMEA5920102	genus	0	0	no	97479	Pyrenophora teres f. teres	biotic	field	single_pathogen_focus
ERR3500506	SAMEA5920102	species	1	1	no	97479	Pyrenophora teres f. teres	biotic	field	single_pathogen_focus
ERR3500506	SAMEA5920102	genus	0	0	no	97479	Pyrenophora teres f. teres	biotic	field	single_pathogen_focus
ERR3500507	SAMEA5920103	species	1	1	no	97479	Pyrenophora teres f. teres	biotic	field	single_pathogen_focus
ERR3500507	SAMEA5920103	genus	0	0	no	97479	Pyrenophora teres f. teres	biotic	field	single_pathogen_focus
ERR3500508	SAMEA5920103	species	1	1	no	97479	Pyrenophora teres f. teres	biotic	field	single_pathogen_focus
ERR3500508	SAMEA5920103	genus	0	0	no	97479	Pyrenophora teres f. teres	biotic	field	single_pathogen_focus
ERR3500509	SAMEA5920103	species	1	1	no	97479	Pyrenophora teres f. teres	biotic	field	single_pathogen_focus
ERR3500509	SAMEA5920103	genus	0	0	no	97479	Pyrenophora teres f. teres	biotic	field	single_pathogen_focus
ERR3500510	SAMEA5920103	species	1	1	no	97479	Pyrenophora teres f. teres	biotic	field	single_pathogen_focus
ERR3500510	SAMEA5920103	genus	0	0	no	97479	Pyrenophora teres f. teres	biotic	field	single_pathogen_focus
ERR3500511	SAMEA5920104	species	1	1	no	97479	Pyrenophora teres f. teres	biotic	field	single_pathogen_focus
ERR3500511	SAMEA5920104	genus	0	0	no	97479	Pyrenophora teres f. teres	biotic	field	single_pathogen_focus
ERR3500512	SAMEA5920104	species	1	1	no	97479	Pyrenophora teres f. teres	biotic	field	single_pathogen_focus
ERR3500512	SAMEA5920104	genus	0	0	no	97479	Pyrenophora teres f. teres	biotic	field	single_pathogen_focus
ERR3500513	SAMEA5920104	species	1	1	no	97479	Pyrenophora teres f. teres	biotic	field	single_pathogen_focus
ERR3500513	SAMEA5920104	genus	0	0	no	97479	Pyrenophora teres f. teres	biotic	field	single_pathogen_focus
ERR3500514	SAMEA5920104	species	1	1	no	97479	Pyrenophora teres f. teres	biotic	field	single_pathogen_focus
ERR3500514	SAMEA5920104	genus	0	0	no	97479	Pyrenophora teres f. teres	biotic	field	single_pathogen_focus
ERR3500515	SAMEA5920105	species	1	1	no	97479	Pyrenophora teres f. teres	biotic	field	single_pathogen_focus
ERR3500515	SAMEA5920105	genus	0	0	no	97479	Pyrenophora teres f. teres	biotic	field	single_pathogen_focus
ERR3500516	SAMEA5920105	species	1	1	no	97479	Pyrenophora teres f. teres	biotic	field	single_pathogen_focus
ERR3500516	SAMEA5920105	genus	0	0	no	97479	Pyrenophora teres f. teres	biotic	field	single_pathogen_focus
ERR3500517	SAMEA5920105	species	1	1	no	97479	Pyrenophora teres f. teres	biotic	field	single_pathogen_focus
ERR3500517	SAMEA5920105	genus	0	0	no	97479	Pyrenophora teres f. teres	biotic	field	single_pathogen_focus
ERR3500518	SAMEA5920105	species	1	1	no	97479	Pyrenophora teres f. teres	biotic	field	single_pathogen_focus
ERR3500518	SAMEA5920105	genus	0	0	no	97479	Pyrenophora teres f. teres	biotic	field	single_pathogen_focus
ERR3500519	SAMEA5920106	species	1	1	no	97479	Pyrenophora teres f. teres	biotic	field	single_pathogen_focus
ERR3500519	SAMEA5920106	genus	0	0	no	97479	Pyrenophora teres f. teres	biotic	field	single_pathogen_focus
ERR3500520	SAMEA5920106	species	1	1	no	97479	Pyrenophora teres f. teres	biotic	field	single_pathogen_focus
ERR3500520	SAMEA5920106	genus	0	0	no	97479	Pyrenophora teres f. teres	biotic	field	single_pathogen_focus
ERR3500521	SAMEA5920106	species	1	1	no	97479	Pyrenophora teres f. teres	biotic	field	single_pathogen_focus
ERR3500521	SAMEA5920106	genus	0	0	no	97479	Pyrenophora teres f. teres	biotic	field	single_pathogen_focus
ERR3500522	SAMEA5920106	species	1	1	no	97479	Pyrenophora teres f. teres	biotic	field	single_pathogen_focus
ERR3500522	SAMEA5920106	genus	0	0	no	97479	Pyrenophora teres f. teres	biotic	field	single_pathogen_focus
ERR3500523	SAMEA5920107	species	1	1	no	97479	Pyrenophora teres f. teres	biotic	field	single_pathogen_focus
ERR3500523	SAMEA5920107	genus	0	0	no	97479	Pyrenophora teres f. teres	biotic	field	single_pathogen_focus
ERR3500524	SAMEA5920107	species	1	1	no	97479	Pyrenophora teres f. teres	biotic	field	single_pathogen_focus
ERR3500524	SAMEA5920107	genus	0	0	no	97479	Pyrenophora teres f. teres	biotic	field	single_pathogen_focus
ERR3500525	SAMEA5920107	species	1	1	no	97479	Pyrenophora teres f. teres	biotic	field	single_pathogen_focus
ERR3500525	SAMEA5920107	genus	0	0	no	97479	Pyrenophora teres f. teres	biotic	field	single_pathogen_focus
ERR3500526	SAMEA5920107	species	1	1	no	97479	Pyrenophora teres f. teres	biotic	field	single_pathogen_focus
ERR3500526	SAMEA5920107	genus	0	0	no	97479	Pyrenophora teres f. teres	biotic	field	single_pathogen_focus
ERR3500527	SAMEA5920108	species	1	1	no	97479	Pyrenophora teres f. teres	biotic	field	single_pathogen_focus
ERR3500527	SAMEA5920108	genus	0	0	no	97479	Pyrenophora teres f. teres	biotic	field	single_pathogen_focus
ERR3500528	SAMEA5920108	species	1	1	no	97479	Pyrenophora teres f. teres	biotic	field	single_pathogen_focus
ERR3500528	SAMEA5920108	genus	0	0	no	97479	Pyrenophora teres f. teres	biotic	field	single_pathogen_focus
ERR3500529	SAMEA5920108	species	1	1	no	97479	Pyrenophora teres f. teres	biotic	field	single_pathogen_focus
ERR3500529	SAMEA5920108	genus	0	0	no	97479	Pyrenophora teres f. teres	biotic	field	single_pathogen_focus
ERR3500530	SAMEA5920108	species	1	1	no	97479	Pyrenophora teres f. teres	biotic	field	single_pathogen_focus
ERR3500530	SAMEA5920108	genus	0	0	no	97479	Pyrenophora teres f. teres	biotic	field	single_pathogen_focus
ERR3500531	SAMEA5920109	species	1	1	no	97479	Pyrenophora teres f. teres	biotic	field	single_pathogen_focus
ERR3500531	SAMEA5920109	genus	0	0	no	97479	Pyrenophora teres f. teres	biotic	field	single_pathogen_focus
ERR3500532	SAMEA5920109	species	1	1	no	97479	Pyrenophora teres f. teres	biotic	field	single_pathogen_focus
ERR3500532	SAMEA5920109	genus	0	0	no	97479	Pyrenophora teres f. teres	biotic	field	single_pathogen_focus
ERR3500533	SAMEA5920109	species	1	1	no	97479	Pyrenophora teres f. teres	biotic	field	single_pathogen_focus
ERR3500533	SAMEA5920109	genus	0	0	no	97479	Pyrenophora teres f. teres	biotic	field	single_pathogen_focus
ERR3500534	SAMEA5920109	species	1	1	no	97479	Pyrenophora teres f. teres	biotic	field	single_pathogen_focus
ERR3500534	SAMEA5920109	genus	0	0	no	97479	Pyrenophora teres f. teres	biotic	field	single_pathogen_focus
ERR3500535	SAMEA5920110	species	1	1	no	97479	Pyrenophora teres f. teres	biotic	field	single_pathogen_focus
ERR3500535	SAMEA5920110	genus	0	0	no	97479	Pyrenophora teres f. teres	biotic	field	single_pathogen_focus
ERR3500536	SAMEA5920110	species	1	1	no	97479	Pyrenophora teres f. teres	biotic	field	single_pathogen_focus
ERR3500536	SAMEA5920110	genus	0	0	no	97479	Pyrenophora teres f. teres	biotic	field	single_pathogen_focus
ERR3500537	SAMEA5920110	species	1	1	no	97479	Pyrenophora teres f. teres	biotic	field	single_pathogen_focus
ERR3500537	SAMEA5920110	genus	0	0	no	97479	Pyrenophora teres f. teres	biotic	field	single_pathogen_focus
ERR3500538	SAMEA5920110	species	1	1	no	97479	Pyrenophora teres f. teres	biotic	field	single_pathogen_focus
ERR3500538	SAMEA5920110	genus	0	0	no	97479	Pyrenophora teres f. teres	biotic	field	single_pathogen_focus
ERR3500539	SAMEA5920111	species	1	1	no	97479	Pyrenophora teres f. teres	biotic	field	single_pathogen_focus
ERR3500539	SAMEA5920111	genus	0	0	no	97479	Pyrenophora teres f. teres	biotic	field	single_pathogen_focus
ERR3500540	SAMEA5920111	species	1	1	no	97479	Pyrenophora teres f. teres	biotic	field	single_pathogen_focus
ERR3500540	SAMEA5920111	genus	0	0	no	97479	Pyrenophora teres f. teres	biotic	field	single_pathogen_focus
ERR3500541	SAMEA5920111	species	1	1	no	97479	Pyrenophora teres f. teres	biotic	field	single_pathogen_focus
ERR3500541	SAMEA5920111	genus	0	0	no	97479	Pyrenophora teres f. teres	biotic	field	single_pathogen_focus
ERR3500542	SAMEA5920111	species	1	1	no	97479	Pyrenophora teres f. teres	biotic	field	single_pathogen_focus
ERR3500542	SAMEA5920111	genus	0	0	no	97479	Pyrenophora teres f. teres	biotic	field	single_pathogen_focus
ERR3500543	SAMEA5920112	species	1	1	no	97479	Pyrenophora teres f. teres	biotic	field	single_pathogen_focus
ERR3500543	SAMEA5920112	genus	0	0	no	97479	Pyrenophora teres f. teres	biotic	field	single_pathogen_focus
ERR3500544	SAMEA5920112	species	1	1	no	97479	Pyrenophora teres f. teres	biotic	field	single_pathogen_focus
ERR3500544	SAMEA5920112	genus	0	0	no	97479	Pyrenophora teres f. teres	biotic	field	single_pathogen_focus
ERR3500545	SAMEA5920112	species	1	1	no	97479	Pyrenophora teres f. teres	biotic	field	single_pathogen_focus
ERR3500545	SAMEA5920112	genus	0	0	no	97479	Pyrenophora teres f. teres	biotic	field	single_pathogen_focus
ERR3500546	SAMEA5920112	species	1	1	no	97479	Pyrenophora teres f. teres	biotic	field	single_pathogen_focus
ERR3500546	SAMEA5920112	genus	0	0	no	97479	Pyrenophora teres f. teres	biotic	field	single_pathogen_focus
ERR3500547	SAMEA5920112	species	1	1	no	97479	Pyrenophora teres f. teres	biotic	field	single_pathogen_focus
ERR3500547	SAMEA5920112	genus	0	0	no	97479	Pyrenophora teres f. teres	biotic	field	single_pathogen_focus
ERR3500548	SAMEA5920112	species	1	1	no	97479	Pyrenophora teres f. teres	biotic	field	single_pathogen_focus
ERR3500548	SAMEA5920112	genus	0	0	no	97479	Pyrenophora teres f. teres	biotic	field	single_pathogen_focus
ERR3500549	SAMEA5920112	species	1	1	no	97479	Pyrenophora teres f. teres	biotic	field	single_pathogen_focus
ERR3500549	SAMEA5920112	genus	0	0	no	97479	Pyrenophora teres f. teres	biotic	field	single_pathogen_focus
ERR3500550	SAMEA5920112	species	1	1	no	97479	Pyrenophora teres f. teres	biotic	field	single_pathogen_focus
ERR3500550	SAMEA5920112	genus	0	0	no	97479	Pyrenophora teres f. teres	biotic	field	single_pathogen_focus
ERR3500551	SAMEA5920112	species	1	1	no	97479	Pyrenophora teres f. teres	biotic	field	single_pathogen_focus
ERR3500551	SAMEA5920112	genus	0	0	no	97479	Pyrenophora teres f. teres	biotic	field	single_pathogen_focus
ERR3500552	SAMEA5920112	species	1	1	no	97479	Pyrenophora teres f. teres	biotic	field	single_pathogen_focus
ERR3500552	SAMEA5920112	genus	0	0	no	97479	Pyrenophora teres f. teres	biotic	field	single_pathogen_focus
ERR3500553	SAMEA5920112	species	1	1	no	97479	Pyrenophora teres f. teres	biotic	field	single_pathogen_focus
ERR3500553	SAMEA5920112	genus	0	0	no	97479	Pyrenophora teres f. teres	biotic	field	single_pathogen_focus
ERR3500554	SAMEA5920112	species	1	1	no	97479	Pyrenophora teres f. teres	biotic	field	single_pathogen_focus
ERR3500554	SAMEA5920112	genus	0	0	no	97479	Pyrenophora teres f. teres	biotic	field	single_pathogen_focus
ERR3500555	SAMEA5920113	species	1	1	no	97479	Pyrenophora teres f. teres	biotic	field	single_pathogen_focus
ERR3500555	SAMEA5920113	genus	0	0	no	97479	Pyrenophora teres f. teres	biotic	field	single_pathogen_focus
ERR3500556	SAMEA5920113	species	1	1	no	97479	Pyrenophora teres f. teres	biotic	field	single_pathogen_focus
ERR3500556	SAMEA5920113	genus	0	0	no	97479	Pyrenophora teres f. teres	biotic	field	single_pathogen_focus
ERR3500557	SAMEA5920113	species	1	1	no	97479	Pyrenophora teres f. teres	biotic	field	single_pathogen_focus
ERR3500557	SAMEA5920113	genus	0	0	no	97479	Pyrenophora teres f. teres	biotic	field	single_pathogen_focus
ERR3500558	SAMEA5920113	species	1	1	no	97479	Pyrenophora teres f. teres	biotic	field	single_pathogen_focus
ERR3500558	SAMEA5920113	genus	0	0	no	97479	Pyrenophora teres f. teres	biotic	field	single_pathogen_focus
ERR3850354	SAMEA6505854	species	3	3	yes	168172,56615	Puccinia striiformis f. sp. tritici; Puccinia graminis f. sp. tritici	biotic	field	single_pathogen_focus
ERR3850354	SAMEA6505854	genus	0	0	no	168172,56615	Puccinia striiformis f. sp. tritici; Puccinia graminis f. sp. tritici	biotic	field	single_pathogen_focus
ERR3850361	SAMEA6505861	species	2	2	yes	168172,56615	Puccinia striiformis f. sp. tritici; Puccinia graminis f. sp. tritici	biotic	field	single_pathogen_focus
ERR3850361	SAMEA6505861	genus	0	0	no	168172,56615	Puccinia striiformis f. sp. tritici; Puccinia graminis f. sp. tritici	biotic	field	single_pathogen_focus
ERR3856813	SAMEA6512679	species	1	1	no	168172	Puccinia striiformis f. sp. tritici	biotic	field	single_pathogen_focus
ERR3856813	SAMEA6512679	genus	0	0	no	168172	Puccinia striiformis f. sp. tritici	biotic	field	single_pathogen_focus
ERR3856814	SAMEA6512680	species	1	1	no	168172	Puccinia striiformis f. sp. tritici	biotic	field	single_pathogen_focus
ERR3856814	SAMEA6512680	genus	0	0	no	168172	Puccinia striiformis f. sp. tritici	biotic	field	single_pathogen_focus
ERR3856815	SAMEA6512681	species	1	1	no	168172	Puccinia striiformis f. sp. tritici	biotic	field	single_pathogen_focus
ERR3856815	SAMEA6512681	genus	0	0	no	168172	Puccinia striiformis f. sp. tritici	biotic	field	single_pathogen_focus
ERR3856816	SAMEA6512682	species	2	2	yes	168172	Puccinia striiformis f. sp. tritici	biotic	field	single_pathogen_focus
ERR3856816	SAMEA6512682	genus	0	0	no	168172	Puccinia striiformis f. sp. tritici	biotic	field	single_pathogen_focus
ERR3856817	SAMEA6512683	species	1	1	no	168172	Puccinia striiformis f. sp. tritici	biotic	field	single_pathogen_focus
ERR3856817	SAMEA6512683	genus	0	0	no	168172	Puccinia striiformis f. sp. tritici	biotic	field	single_pathogen_focus
ERR3856818	SAMEA6512684	species	2	2	yes	168172	Puccinia striiformis f. sp. tritici	biotic	field	single_pathogen_focus
ERR3856818	SAMEA6512684	genus	0	0	no	168172	Puccinia striiformis f. sp. tritici	biotic	field	single_pathogen_focus
ERR3856819	SAMEA6512685	species	1	1	no	168172	Puccinia striiformis f. sp. tritici	biotic	field	single_pathogen_focus
ERR3856819	SAMEA6512685	genus	0	0	no	168172	Puccinia striiformis f. sp. tritici	biotic	field	single_pathogen_focus
ERR3856820	SAMEA6512686	species	1	1	no	168172	Puccinia striiformis f. sp. tritici	biotic	field	single_pathogen_focus
ERR3856820	SAMEA6512686	genus	0	0	no	168172	Puccinia striiformis f. sp. tritici	biotic	field	single_pathogen_focus
ERR3856821	SAMEA6512687	species	2	2	yes	168172	Puccinia striiformis f. sp. tritici	biotic	field	single_pathogen_focus
ERR3856821	SAMEA6512687	genus	0	0	no	168172	Puccinia striiformis f. sp. tritici	biotic	field	single_pathogen_focus
ERR3856822	SAMEA6512688	species	3	3	yes	168172	Puccinia striiformis f. sp. tritici	biotic	field	single_pathogen_focus
ERR3856822	SAMEA6512688	genus	0	0	no	168172	Puccinia striiformis f. sp. tritici	biotic	field	single_pathogen_focus
ERR3856823	SAMEA6512689	species	1	1	no	168172	Puccinia striiformis f. sp. tritici	biotic	field	single_pathogen_focus
ERR3856823	SAMEA6512689	genus	0	0	no	168172	Puccinia striiformis f. sp. tritici	biotic	field	single_pathogen_focus
ERR3856824	SAMEA6512690	species	2	2	yes	168172	Puccinia striiformis f. sp. tritici	biotic	field	single_pathogen_focus
ERR3856824	SAMEA6512690	genus	0	0	no	168172	Puccinia striiformis f. sp. tritici	biotic	field	single_pathogen_focus
ERR3856825	SAMEA6512691	species	2	2	yes	168172	Puccinia striiformis f. sp. tritici	biotic	field	single_pathogen_focus
ERR3856825	SAMEA6512691	genus	0	0	no	168172	Puccinia striiformis f. sp. tritici	biotic	field	single_pathogen_focus
ERR3856830	SAMEA6512696	species	2	2	yes	168172	Puccinia striiformis f. sp. tritici	biotic	field	single_pathogen_focus
ERR3856830	SAMEA6512696	genus	0	0	no	168172	Puccinia striiformis f. sp. tritici	biotic	field	single_pathogen_focus
ERR3856831	SAMEA6512697	species	1	1	no	168172	Puccinia striiformis f. sp. tritici	biotic	field	single_pathogen_focus
ERR3856831	SAMEA6512697	genus	0	0	no	168172	Puccinia striiformis f. sp. tritici	biotic	field	single_pathogen_focus
ERR3856832	SAMEA6512698	species	1	1	no	168172	Puccinia striiformis f. sp. tritici	biotic	field	single_pathogen_focus
ERR3856832	SAMEA6512698	genus	0	0	no	168172	Puccinia striiformis f. sp. tritici	biotic	field	single_pathogen_focus
ERR3856833	SAMEA6512699	species	3	3	yes	168172	Puccinia striiformis f. sp. tritici	biotic	field	single_pathogen_focus
ERR3856833	SAMEA6512699	genus	0	0	no	168172	Puccinia striiformis f. sp. tritici	biotic	field	single_pathogen_focus
ERR3856834	SAMEA6512700	species	3	3	yes	168172	Puccinia striiformis f. sp. tritici	biotic	field	single_pathogen_focus
ERR3856834	SAMEA6512700	genus	0	0	no	168172	Puccinia striiformis f. sp. tritici	biotic	field	single_pathogen_focus
ERR3856835	SAMEA6512701	species	1	1	no	168172	Puccinia striiformis f. sp. tritici	biotic	field	single_pathogen_focus
ERR3856835	SAMEA6512701	genus	0	0	no	168172	Puccinia striiformis f. sp. tritici	biotic	field	single_pathogen_focus
ERR3856836	SAMEA6512702	species	1	1	no	168172	Puccinia striiformis f. sp. tritici	biotic	field	single_pathogen_focus
ERR3856836	SAMEA6512702	genus	0	0	no	168172	Puccinia striiformis f. sp. tritici	biotic	field	single_pathogen_focus
ERR3856837	SAMEA6512703	species	1	1	no	168172	Puccinia striiformis f. sp. tritici	biotic	field	single_pathogen_focus
ERR3856837	SAMEA6512703	genus	0	0	no	168172	Puccinia striiformis f. sp. tritici	biotic	field	single_pathogen_focus
ERR3856838	SAMEA6512704	species	1	1	no	168172	Puccinia striiformis f. sp. tritici	biotic	field	single_pathogen_focus
ERR3856838	SAMEA6512704	genus	0	0	no	168172	Puccinia striiformis f. sp. tritici	biotic	field	single_pathogen_focus
ERR3856839	SAMEA6512705	species	2	2	yes	168172	Puccinia striiformis f. sp. tritici	biotic	field	single_pathogen_focus
ERR3856839	SAMEA6512705	genus	0	0	no	168172	Puccinia striiformis f. sp. tritici	biotic	field	single_pathogen_focus
ERR3856840	SAMEA6512706	species	1	1	no	168172	Puccinia striiformis f. sp. tritici	biotic	field	single_pathogen_focus
ERR3856840	SAMEA6512706	genus	0	0	no	168172	Puccinia striiformis f. sp. tritici	biotic	field	single_pathogen_focus
ERR3856841	SAMEA6512707	species	1	1	no	168172	Puccinia striiformis f. sp. tritici	biotic	field	single_pathogen_focus
ERR3856841	SAMEA6512707	genus	0	0	no	168172	Puccinia striiformis f. sp. tritici	biotic	field	single_pathogen_focus
ERR3856842	SAMEA6512708	species	2	2	yes	168172	Puccinia striiformis f. sp. tritici	biotic	field	single_pathogen_focus
ERR3856842	SAMEA6512708	genus	0	0	no	168172	Puccinia striiformis f. sp. tritici	biotic	field	single_pathogen_focus
ERR3856843	SAMEA6512709	species	2	2	yes	168172	Puccinia striiformis f. sp. tritici	biotic	field	single_pathogen_focus
ERR3856843	SAMEA6512709	genus	0	0	no	168172	Puccinia striiformis f. sp. tritici	biotic	field	single_pathogen_focus
ERR3856844	SAMEA6512710	species	1	1	no	168172	Puccinia striiformis f. sp. tritici	biotic	field	single_pathogen_focus
ERR3856844	SAMEA6512710	genus	0	0	no	168172	Puccinia striiformis f. sp. tritici	biotic	field	single_pathogen_focus
ERR3856845	SAMEA6512711	species	2	2	yes	168172	Puccinia striiformis f. sp. tritici	biotic	field	single_pathogen_focus
ERR3856845	SAMEA6512711	genus	0	0	no	168172	Puccinia striiformis f. sp. tritici	biotic	field	single_pathogen_focus
ERR3856846	SAMEA6512712	species	1	1	no	168172	Puccinia striiformis f. sp. tritici	biotic	field	single_pathogen_focus
ERR3856846	SAMEA6512712	genus	0	0	no	168172	Puccinia striiformis f. sp. tritici	biotic	field	single_pathogen_focus
ERR3856847	SAMEA6512713	species	1	1	no	168172	Puccinia striiformis f. sp. tritici	biotic	field	single_pathogen_focus
ERR3856847	SAMEA6512713	genus	0	0	no	168172	Puccinia striiformis f. sp. tritici	biotic	field	single_pathogen_focus
ERR3856848	SAMEA6512714	species	2	2	yes	168172	Puccinia striiformis f. sp. tritici	biotic	field	single_pathogen_focus
ERR3856848	SAMEA6512714	genus	0	0	no	168172	Puccinia striiformis f. sp. tritici	biotic	field	single_pathogen_focus
ERR3856849	SAMEA6512715	species	2	2	yes	168172	Puccinia striiformis f. sp. tritici	biotic	field	single_pathogen_focus
ERR3856849	SAMEA6512715	genus	0	0	no	168172	Puccinia striiformis f. sp. tritici	biotic	field	single_pathogen_focus
ERR3856850	SAMEA6512716	species	2	2	yes	168172	Puccinia striiformis f. sp. tritici	biotic	field	single_pathogen_focus
ERR3856850	SAMEA6512716	genus	0	0	no	168172	Puccinia striiformis f. sp. tritici	biotic	field	single_pathogen_focus
ERR3856851	SAMEA6512717	species	2	2	yes	168172	Puccinia striiformis f. sp. tritici	biotic	field	single_pathogen_focus
ERR3856851	SAMEA6512717	genus	0	0	no	168172	Puccinia striiformis f. sp. tritici	biotic	field	single_pathogen_focus
ERR3856852	SAMEA6512718	species	1	1	no	168172	Puccinia striiformis f. sp. tritici	biotic	field	single_pathogen_focus
ERR3856852	SAMEA6512718	genus	0	0	no	168172	Puccinia striiformis f. sp. tritici	biotic	field	single_pathogen_focus
ERR3856853	SAMEA6512719	species	3	3	yes	168172	Puccinia striiformis f. sp. tritici	biotic	field	single_pathogen_focus
ERR3856853	SAMEA6512719	genus	0	0	no	168172	Puccinia striiformis f. sp. tritici	biotic	field	single_pathogen_focus
ERR3856854	SAMEA6512720	species	3	3	yes	168172	Puccinia striiformis f. sp. tritici	biotic	field	single_pathogen_focus
ERR3856854	SAMEA6512720	genus	0	0	no	168172	Puccinia striiformis f. sp. tritici	biotic	field	single_pathogen_focus
ERR3856855	SAMEA6512721	species	2	2	yes	168172	Puccinia striiformis f. sp. tritici	biotic	field	single_pathogen_focus
ERR3856855	SAMEA6512721	genus	0	0	no	168172	Puccinia striiformis f. sp. tritici	biotic	field	single_pathogen_focus
ERR4152485	SAMEA4415663	species	3	3	yes	168172	Puccinia striiformis f. sp. tritici	biotic	field	single_pathogen_focus
ERR4152485	SAMEA4415663	genus	0	0	no	168172	Puccinia striiformis f. sp. tritici	biotic	field	single_pathogen_focus
ERR4315145	SAMEA7035786	species	1	0	no	27350	Puccinia striiformis fsp. tritici	biotic	field	single_pathogen_focus
ERR4315145	SAMEA7035786	genus	0	0	no	27350	Puccinia striiformis fsp. tritici	biotic	field	single_pathogen_focus
ERR4315146	SAMEA7035787	species	1	0	no	27350	Puccinia striiformis fsp. tritici	biotic	field	single_pathogen_focus
ERR4315146	SAMEA7035787	genus	0	0	no	27350	Puccinia striiformis fsp. tritici	biotic	field	single_pathogen_focus
ERR4315147	SAMEA7035788	species	1	0	no	27350	Puccinia striiformis fsp. tritici	biotic	field	single_pathogen_focus
ERR4315147	SAMEA7035788	genus	0	0	no	27350	Puccinia striiformis fsp. tritici	biotic	field	single_pathogen_focus
ERR4315148	SAMEA7035789	species	1	0	no	27350	Puccinia striiformis fsp. tritici	biotic	field	single_pathogen_focus
ERR4315148	SAMEA7035789	genus	0	0	no	27350	Puccinia striiformis fsp. tritici	biotic	field	single_pathogen_focus
ERR4315149	SAMEA7035790	species	1	0	no	27350	Puccinia striiformis fsp. tritici	biotic	field	single_pathogen_focus
ERR4315149	SAMEA7035790	genus	0	0	no	27350	Puccinia striiformis fsp. tritici	biotic	field	single_pathogen_focus
ERR4315150	SAMEA7035791	species	3	2	yes	27350	Puccinia striiformis fsp. tritici	biotic	field	single_pathogen_focus
ERR4315150	SAMEA7035791	genus	0	0	no	27350	Puccinia striiformis fsp. tritici	biotic	field	single_pathogen_focus
ERR4315151	SAMEA7035792	species	1	0	no	27350	Puccinia striiformis fsp. tritici	biotic	field	single_pathogen_focus
ERR4315151	SAMEA7035792	genus	0	0	no	27350	Puccinia striiformis fsp. tritici	biotic	field	single_pathogen_focus
ERR4315152	SAMEA7035793	species	1	0	no	27350	Puccinia striiformis fsp. tritici	biotic	field	single_pathogen_focus
ERR4315152	SAMEA7035793	genus	0	0	no	27350	Puccinia striiformis fsp. tritici	biotic	field	single_pathogen_focus
ERR4315153	SAMEA7035794	species	1	0	no	27350	Puccinia striiformis fsp. tritici	biotic	field	single_pathogen_focus
ERR4315153	SAMEA7035794	genus	0	0	no	27350	Puccinia striiformis fsp. tritici	biotic	field	single_pathogen_focus
ERR4315154	SAMEA7035795	species	1	0	no	27350	Puccinia striiformis fsp. tritici	biotic	field	single_pathogen_focus
ERR4315154	SAMEA7035795	genus	0	0	no	27350	Puccinia striiformis fsp. tritici	biotic	field	single_pathogen_focus
ERR4315155	SAMEA7035796	species	1	0	no	27350	Puccinia striiformis fsp. tritici	biotic	field	single_pathogen_focus
ERR4315155	SAMEA7035796	genus	0	0	no	27350	Puccinia striiformis fsp. tritici	biotic	field	single_pathogen_focus
ERR4315156	SAMEA7035797	species	3	2	yes	27350	Puccinia striiformis fsp. tritici	biotic	field	single_pathogen_focus
ERR4315156	SAMEA7035797	genus	0	0	no	27350	Puccinia striiformis fsp. tritici	biotic	field	single_pathogen_focus
ERR4315157	SAMEA7035798	species	1	0	no	27350	Puccinia striiformis fsp. tritici	biotic	field	single_pathogen_focus
ERR4315157	SAMEA7035798	genus	0	0	no	27350	Puccinia striiformis fsp. tritici	biotic	field	single_pathogen_focus
ERR4315158	SAMEA7035799	species	1	0	no	27350	Puccinia striiformis fsp. tritici	biotic	field	single_pathogen_focus
ERR4315158	SAMEA7035799	genus	0	0	no	27350	Puccinia striiformis fsp. tritici	biotic	field	single_pathogen_focus
ERR4315159	SAMEA7035800	species	1	0	no	27350	Puccinia striiformis fsp. tritici	biotic	field	single_pathogen_focus
ERR4315159	SAMEA7035800	genus	0	0	no	27350	Puccinia striiformis fsp. tritici	biotic	field	single_pathogen_focus
ERR4315160	SAMEA7035801	species	1	0	no	27350	Puccinia striiformis fsp. tritici	biotic	field	single_pathogen_focus
ERR4315160	SAMEA7035801	genus	0	0	no	27350	Puccinia striiformis fsp. tritici	biotic	field	single_pathogen_focus
ERR4315161	SAMEA7035802	species	1	0	no	27350	Puccinia striiformis fsp. tritici	biotic	field	single_pathogen_focus
ERR4315161	SAMEA7035802	genus	0	0	no	27350	Puccinia striiformis fsp. tritici	biotic	field	single_pathogen_focus
ERR4315162	SAMEA7035804	species	2	1	yes	27350	Puccinia striiformis fsp. tritici	biotic	field	single_pathogen_focus
ERR4315162	SAMEA7035804	genus	0	0	no	27350	Puccinia striiformis fsp. tritici	biotic	field	single_pathogen_focus
ERR4315163	SAMEA7035805	species	2	1	yes	27350	Puccinia striiformis fsp. tritici	biotic	field	single_pathogen_focus
ERR4315163	SAMEA7035805	genus	0	0	no	27350	Puccinia striiformis fsp. tritici	biotic	field	single_pathogen_focus
ERR4315164	SAMEA7035806	species	1	0	no	27350	Puccinia striiformis fsp. tritici	biotic	field	single_pathogen_focus
ERR4315164	SAMEA7035806	genus	0	0	no	27350	Puccinia striiformis fsp. tritici	biotic	field	single_pathogen_focus
ERR4315165	SAMEA7035807	species	2	1	yes	27350	Puccinia striiformis fsp. tritici	biotic	field	single_pathogen_focus
ERR4315165	SAMEA7035807	genus	0	0	no	27350	Puccinia striiformis fsp. tritici	biotic	field	single_pathogen_focus
ERR4315166	SAMEA7035808	species	1	0	no	27350	Puccinia striiformis fsp. tritici	biotic	field	single_pathogen_focus
ERR4315166	SAMEA7035808	genus	0	0	no	27350	Puccinia striiformis fsp. tritici	biotic	field	single_pathogen_focus
ERR4315167	SAMEA7035809	species	1	0	no	27350	Puccinia striiformis fsp. tritici	biotic	field	single_pathogen_focus
ERR4315167	SAMEA7035809	genus	0	0	no	27350	Puccinia striiformis fsp. tritici	biotic	field	single_pathogen_focus
ERR4315168	SAMEA7035810	species	1	0	no	27350	Puccinia striiformis fsp. tritici	biotic	field	single_pathogen_focus
ERR4315168	SAMEA7035810	genus	0	0	no	27350	Puccinia striiformis fsp. tritici	biotic	field	single_pathogen_focus
ERR4315169	SAMEA7035811	species	1	0	no	27350	Puccinia striiformis fsp. tritici	biotic	field	single_pathogen_focus
ERR4315169	SAMEA7035811	genus	0	0	no	27350	Puccinia striiformis fsp. tritici	biotic	field	single_pathogen_focus
ERR4315170	SAMEA7035812	species	1	0	no	27350	Puccinia striiformis fsp. tritici	biotic	field	single_pathogen_focus
ERR4315170	SAMEA7035812	genus	0	0	no	27350	Puccinia striiformis fsp. tritici	biotic	field	single_pathogen_focus
ERR4315171	SAMEA7035813	species	1	0	no	27350	Puccinia striiformis fsp. tritici	biotic	field	single_pathogen_focus
ERR4315171	SAMEA7035813	genus	0	0	no	27350	Puccinia striiformis fsp. tritici	biotic	field	single_pathogen_focus
ERR4315172	SAMEA7035814	species	1	0	no	27350	Puccinia striiformis fsp. tritici	biotic	field	single_pathogen_focus
ERR4315172	SAMEA7035814	genus	0	0	no	27350	Puccinia striiformis fsp. tritici	biotic	field	single_pathogen_focus
ERR4315173	SAMEA7035815	species	1	0	no	27350	Puccinia striiformis fsp. tritici	biotic	field	single_pathogen_focus
ERR4315173	SAMEA7035815	genus	0	0	no	27350	Puccinia striiformis fsp. tritici	biotic	field	single_pathogen_focus
ERR4315174	SAMEA7035816	species	2	1	yes	27350	Puccinia striiformis fsp. tritici	biotic	field	single_pathogen_focus
ERR4315174	SAMEA7035816	genus	0	0	no	27350	Puccinia striiformis fsp. tritici	biotic	field	single_pathogen_focus
ERR4315175	SAMEA7035817	species	1	0	no	27350	Puccinia striiformis fsp. tritici	biotic	field	single_pathogen_focus
ERR4315175	SAMEA7035817	genus	0	0	no	27350	Puccinia striiformis fsp. tritici	biotic	field	single_pathogen_focus
ERR4315176	SAMEA7035818	species	1	0	no	27350	Puccinia striiformis fsp. tritici	biotic	field	single_pathogen_focus
ERR4315176	SAMEA7035818	genus	0	0	no	27350	Puccinia striiformis fsp. tritici	biotic	field	single_pathogen_focus
ERR4315178	SAMEA7035820	species	2	1	yes	27350	Puccinia striiformis fsp. tritici	biotic	field	single_pathogen_focus
ERR4315178	SAMEA7035820	genus	0	0	no	27350	Puccinia striiformis fsp. tritici	biotic	field	single_pathogen_focus
ERR4315179	SAMEA7035821	species	3	2	yes	27350	Puccinia striiformis fsp. tritici	biotic	field	single_pathogen_focus
ERR4315179	SAMEA7035821	genus	0	0	no	27350	Puccinia striiformis fsp. tritici	biotic	field	single_pathogen_focus
ERR4315180	SAMEA7035822	species	1	0	no	27350	Puccinia striiformis fsp. tritici	biotic	field	single_pathogen_focus
ERR4315180	SAMEA7035822	genus	0	0	no	27350	Puccinia striiformis fsp. tritici	biotic	field	single_pathogen_focus
ERR4315181	SAMEA7035823	species	2	1	yes	27350	Puccinia striiformis fsp. tritici	biotic	field	single_pathogen_focus
ERR4315181	SAMEA7035823	genus	0	0	no	27350	Puccinia striiformis fsp. tritici	biotic	field	single_pathogen_focus
ERR4315182	SAMEA7035824	species	4	3	yes	27350	Puccinia striiformis fsp. tritici	biotic	field	single_pathogen_focus
ERR4315182	SAMEA7035824	genus	0	0	no	27350	Puccinia striiformis fsp. tritici	biotic	field	single_pathogen_focus
ERR4315183	SAMEA7035825	species	3	2	yes	27350	Puccinia striiformis fsp. tritici	biotic	field	single_pathogen_focus
ERR4315183	SAMEA7035825	genus	0	0	no	27350	Puccinia striiformis fsp. tritici	biotic	field	single_pathogen_focus
ERR4315184	SAMEA7035826	species	1	0	no	27350	Puccinia striiformis fsp. tritici	biotic	field	single_pathogen_focus
ERR4315184	SAMEA7035826	genus	0	0	no	27350	Puccinia striiformis fsp. tritici	biotic	field	single_pathogen_focus
ERR4315185	SAMEA7035827	species	2	1	yes	27350	Puccinia striiformis fsp. tritici	biotic	field	single_pathogen_focus
ERR4315185	SAMEA7035827	genus	0	0	no	27350	Puccinia striiformis fsp. tritici	biotic	field	single_pathogen_focus
ERR4315186	SAMEA7035828	species	2	1	yes	27350	Puccinia striiformis fsp. tritici	biotic	field	single_pathogen_focus
ERR4315186	SAMEA7035828	genus	0	0	no	27350	Puccinia striiformis fsp. tritici	biotic	field	single_pathogen_focus
ERR4315187	SAMEA7035829	species	1	0	no	27350	Puccinia striiformis fsp. tritici	biotic	field	single_pathogen_focus
ERR4315187	SAMEA7035829	genus	0	0	no	27350	Puccinia striiformis fsp. tritici	biotic	field	single_pathogen_focus
ERR4315188	SAMEA7035830	species	2	1	yes	27350	Puccinia striiformis fsp. tritici	biotic	field	single_pathogen_focus
ERR4315188	SAMEA7035830	genus	0	0	no	27350	Puccinia striiformis fsp. tritici	biotic	field	single_pathogen_focus
ERR4315189	SAMEA7035831	species	3	2	yes	27350	Puccinia striiformis fsp. tritici	biotic	field	single_pathogen_focus
ERR4315189	SAMEA7035831	genus	0	0	no	27350	Puccinia striiformis fsp. tritici	biotic	field	single_pathogen_focus
ERR4315190	SAMEA7035832	species	2	1	yes	27350	Puccinia striiformis fsp. tritici	biotic	field	single_pathogen_focus
ERR4315190	SAMEA7035832	genus	0	0	no	27350	Puccinia striiformis fsp. tritici	biotic	field	single_pathogen_focus
ERR4315191	SAMEA7035833	species	3	2	yes	27350	Puccinia striiformis fsp. tritici	biotic	field	single_pathogen_focus
ERR4315191	SAMEA7035833	genus	0	0	no	27350	Puccinia striiformis fsp. tritici	biotic	field	single_pathogen_focus
ERR4315192	SAMEA7035834	species	3	2	yes	27350	Puccinia striiformis fsp. tritici	biotic	field	single_pathogen_focus
ERR4315192	SAMEA7035834	genus	0	0	no	27350	Puccinia striiformis fsp. tritici	biotic	field	single_pathogen_focus
ERR4315196	SAMEA7035838	species	1	0	no	27350	Puccinia striiformis fsp. tritici	biotic	field	single_pathogen_focus
ERR4315196	SAMEA7035838	genus	0	0	no	27350	Puccinia striiformis fsp. tritici	biotic	field	single_pathogen_focus
ERR4315197	SAMEA7035839	species	2	1	yes	27350	Puccinia striiformis fsp. tritici	biotic	field	single_pathogen_focus
ERR4315197	SAMEA7035839	genus	0	0	no	27350	Puccinia striiformis fsp. tritici	biotic	field	single_pathogen_focus
ERR4315198	SAMEA7035840	species	2	1	yes	27350	Puccinia striiformis fsp. tritici	biotic	field	single_pathogen_focus
ERR4315198	SAMEA7035840	genus	0	0	no	27350	Puccinia striiformis fsp. tritici	biotic	field	single_pathogen_focus
ERR4315199	SAMEA7035841	species	1	0	no	27350	Puccinia striiformis fsp. tritici	biotic	field	single_pathogen_focus
ERR4315199	SAMEA7035841	genus	0	0	no	27350	Puccinia striiformis fsp. tritici	biotic	field	single_pathogen_focus
ERR4315200	SAMEA7035842	species	1	0	no	27350	Puccinia striiformis fsp. tritici	biotic	field	single_pathogen_focus
ERR4315200	SAMEA7035842	genus	0	0	no	27350	Puccinia striiformis fsp. tritici	biotic	field	single_pathogen_focus
ERR4315201	SAMEA7035843	species	1	0	no	27350	Puccinia striiformis fsp. tritici	biotic	field	single_pathogen_focus
ERR4315201	SAMEA7035843	genus	0	0	no	27350	Puccinia striiformis fsp. tritici	biotic	field	single_pathogen_focus
ERR4315202	SAMEA7035844	species	1	0	no	27350	Puccinia striiformis fsp. tritici	biotic	field	single_pathogen_focus
ERR4315202	SAMEA7035844	genus	0	0	no	27350	Puccinia striiformis fsp. tritici	biotic	field	single_pathogen_focus
ERR4315203	SAMEA7035845	species	1	0	no	27350	Puccinia striiformis fsp. tritici	biotic	field	single_pathogen_focus
ERR4315203	SAMEA7035845	genus	0	0	no	27350	Puccinia striiformis fsp. tritici	biotic	field	single_pathogen_focus
ERR4315204	SAMEA7035846	species	1	0	no	27350	Puccinia striiformis fsp. tritici	biotic	field	single_pathogen_focus
ERR4315204	SAMEA7035846	genus	0	0	no	27350	Puccinia striiformis fsp. tritici	biotic	field	single_pathogen_focus
ERR4315205	SAMEA7035847	species	1	0	no	27350	Puccinia striiformis fsp. tritici	biotic	field	single_pathogen_focus
ERR4315205	SAMEA7035847	genus	0	0	no	27350	Puccinia striiformis fsp. tritici	biotic	field	single_pathogen_focus
ERR4315206	SAMEA7035848	species	1	0	no	27350	Puccinia striiformis fsp. tritici	biotic	field	single_pathogen_focus
ERR4315206	SAMEA7035848	genus	0	0	no	27350	Puccinia striiformis fsp. tritici	biotic	field	single_pathogen_focus
ERR4315207	SAMEA7035849	species	1	0	no	27350	Puccinia striiformis fsp. tritici	biotic	field	single_pathogen_focus
ERR4315207	SAMEA7035849	genus	0	0	no	27350	Puccinia striiformis fsp. tritici	biotic	field	single_pathogen_focus
ERR4315208	SAMEA7035850	species	1	0	no	27350	Puccinia striiformis fsp. tritici	biotic	field	single_pathogen_focus
ERR4315208	SAMEA7035850	genus	0	0	no	27350	Puccinia striiformis fsp. tritici	biotic	field	single_pathogen_focus
ERR4315209	SAMEA7035851	species	1	0	no	27350	Puccinia striiformis fsp. tritici	biotic	field	single_pathogen_focus
ERR4315209	SAMEA7035851	genus	0	0	no	27350	Puccinia striiformis fsp. tritici	biotic	field	single_pathogen_focus
ERR4315210	SAMEA7035852	species	1	0	no	27350	Puccinia striiformis fsp. tritici	biotic	field	single_pathogen_focus
ERR4315210	SAMEA7035852	genus	0	0	no	27350	Puccinia striiformis fsp. tritici	biotic	field	single_pathogen_focus
ERR4315211	SAMEA7035853	species	1	0	no	27350	Puccinia striiformis fsp. tritici	biotic	field	single_pathogen_focus
ERR4315211	SAMEA7035853	genus	0	0	no	27350	Puccinia striiformis fsp. tritici	biotic	field	single_pathogen_focus
ERR4315212	SAMEA7035854	species	2	1	yes	27350	Puccinia striiformis fsp. tritici	biotic	field	single_pathogen_focus
ERR4315212	SAMEA7035854	genus	0	0	no	27350	Puccinia striiformis fsp. tritici	biotic	field	single_pathogen_focus
ERR4315213	SAMEA7035855	species	1	0	no	27350	Puccinia striiformis fsp. tritici	biotic	field	single_pathogen_focus
ERR4315213	SAMEA7035855	genus	0	0	no	27350	Puccinia striiformis fsp. tritici	biotic	field	single_pathogen_focus
ERR4315214	SAMEA7035856	species	2	1	yes	27350	Puccinia striiformis fsp. tritici	biotic	field	single_pathogen_focus
ERR4315214	SAMEA7035856	genus	0	0	no	27350	Puccinia striiformis fsp. tritici	biotic	field	single_pathogen_focus
ERR4315215	SAMEA7035857	species	1	0	no	27350	Puccinia striiformis fsp. tritici	biotic	field	single_pathogen_focus
ERR4315215	SAMEA7035857	genus	0	0	no	27350	Puccinia striiformis fsp. tritici	biotic	field	single_pathogen_focus
ERR4315216	SAMEA7035858	species	2	1	yes	27350	Puccinia striiformis fsp. tritici	biotic	field	single_pathogen_focus
ERR4315216	SAMEA7035858	genus	0	0	no	27350	Puccinia striiformis fsp. tritici	biotic	field	single_pathogen_focus
ERR4315217	SAMEA7035859	species	1	0	no	27350	Puccinia striiformis fsp. tritici	biotic	field	single_pathogen_focus
ERR4315217	SAMEA7035859	genus	0	0	no	27350	Puccinia striiformis fsp. tritici	biotic	field	single_pathogen_focus
ERR4315218	SAMEA7035860	species	1	0	no	27350	Puccinia striiformis fsp. tritici	biotic	field	single_pathogen_focus
ERR4315218	SAMEA7035860	genus	0	0	no	27350	Puccinia striiformis fsp. tritici	biotic	field	single_pathogen_focus
ERR4315219	SAMEA7035861	species	1	0	no	27350	Puccinia striiformis fsp. tritici	biotic	field	single_pathogen_focus
ERR4315219	SAMEA7035861	genus	0	0	no	27350	Puccinia striiformis fsp. tritici	biotic	field	single_pathogen_focus
ERR4315220	SAMEA7035862	species	1	0	no	27350	Puccinia striiformis fsp. tritici	biotic	field	single_pathogen_focus
ERR4315220	SAMEA7035862	genus	0	0	no	27350	Puccinia striiformis fsp. tritici	biotic	field	single_pathogen_focus
ERR4315221	SAMEA7035863	species	2	1	yes	27350	Puccinia striiformis fsp. tritici	biotic	field	single_pathogen_focus
ERR4315221	SAMEA7035863	genus	0	0	no	27350	Puccinia striiformis fsp. tritici	biotic	field	single_pathogen_focus
ERR4315222	SAMEA7035864	species	3	2	yes	27350	Puccinia striiformis fsp. tritici	biotic	field	single_pathogen_focus
ERR4315222	SAMEA7035864	genus	0	0	no	27350	Puccinia striiformis fsp. tritici	biotic	field	single_pathogen_focus
ERR4315223	SAMEA7035865	species	1	0	no	27350	Puccinia striiformis fsp. tritici	biotic	field	single_pathogen_focus
ERR4315223	SAMEA7035865	genus	0	0	no	27350	Puccinia striiformis fsp. tritici	biotic	field	single_pathogen_focus
ERR4315224	SAMEA7035866	species	1	0	no	27350	Puccinia striiformis fsp. tritici	biotic	field	single_pathogen_focus
ERR4315224	SAMEA7035866	genus	0	0	no	27350	Puccinia striiformis fsp. tritici	biotic	field	single_pathogen_focus
ERR4315225	SAMEA7035867	species	2	1	yes	27350	Puccinia striiformis fsp. tritici	biotic	field	single_pathogen_focus
ERR4315225	SAMEA7035867	genus	0	0	no	27350	Puccinia striiformis fsp. tritici	biotic	field	single_pathogen_focus
ERR4315226	SAMEA7035868	species	4	3	yes	27350	Puccinia striiformis fsp. tritici	biotic	field	single_pathogen_focus
ERR4315226	SAMEA7035868	genus	0	0	no	27350	Puccinia striiformis fsp. tritici	biotic	field	single_pathogen_focus
ERR4315227	SAMEA7035869	species	4	3	yes	27350	Puccinia striiformis fsp. tritici	biotic	field	single_pathogen_focus
ERR4315227	SAMEA7035869	genus	0	0	no	27350	Puccinia striiformis fsp. tritici	biotic	field	single_pathogen_focus
ERR4315228	SAMEA7035870	species	1	0	no	27350	Puccinia striiformis fsp. tritici	biotic	field	single_pathogen_focus
ERR4315228	SAMEA7035870	genus	0	0	no	27350	Puccinia striiformis fsp. tritici	biotic	field	single_pathogen_focus
ERR4315229	SAMEA7035871	species	2	1	yes	27350	Puccinia striiformis fsp. tritici	biotic	field	single_pathogen_focus
ERR4315229	SAMEA7035871	genus	0	0	no	27350	Puccinia striiformis fsp. tritici	biotic	field	single_pathogen_focus
ERR4315230	SAMEA7035872	species	1	0	no	27350	Puccinia striiformis fsp. tritici	biotic	field	single_pathogen_focus
ERR4315230	SAMEA7035872	genus	0	0	no	27350	Puccinia striiformis fsp. tritici	biotic	field	single_pathogen_focus
ERR4315231	SAMEA7035873	species	2	1	yes	27350	Puccinia striiformis fsp. tritici	biotic	field	single_pathogen_focus
ERR4315231	SAMEA7035873	genus	0	0	no	27350	Puccinia striiformis fsp. tritici	biotic	field	single_pathogen_focus
ERR4315232	SAMEA7035874	species	1	0	no	27350	Puccinia striiformis fsp. tritici	biotic	field	single_pathogen_focus
ERR4315232	SAMEA7035874	genus	0	0	no	27350	Puccinia striiformis fsp. tritici	biotic	field	single_pathogen_focus
ERR4315233	SAMEA7035875	species	1	0	no	27350	Puccinia striiformis fsp. tritici	biotic	field	single_pathogen_focus
ERR4315233	SAMEA7035875	genus	0	0	no	27350	Puccinia striiformis fsp. tritici	biotic	field	single_pathogen_focus
ERR4315234	SAMEA7035876	species	1	0	no	27350	Puccinia striiformis fsp. tritici	biotic	field	single_pathogen_focus
ERR4315234	SAMEA7035876	genus	0	0	no	27350	Puccinia striiformis fsp. tritici	biotic	field	single_pathogen_focus
ERR4315235	SAMEA7035877	species	1	0	no	27350	Puccinia striiformis fsp. tritici	biotic	field	single_pathogen_focus
ERR4315235	SAMEA7035877	genus	0	0	no	27350	Puccinia striiformis fsp. tritici	biotic	field	single_pathogen_focus
ERR4315236	SAMEA7035878	species	1	0	no	27350	Puccinia striiformis fsp. tritici	biotic	field	single_pathogen_focus
ERR4315236	SAMEA7035878	genus	0	0	no	27350	Puccinia striiformis fsp. tritici	biotic	field	single_pathogen_focus
ERR4315237	SAMEA7035879	species	1	0	no	27350	Puccinia striiformis fsp. tritici	biotic	field	single_pathogen_focus
ERR4315237	SAMEA7035879	genus	0	0	no	27350	Puccinia striiformis fsp. tritici	biotic	field	single_pathogen_focus
ERR4315238	SAMEA7035880	species	2	1	yes	27350	Puccinia striiformis fsp. tritici	biotic	field	single_pathogen_focus
ERR4315238	SAMEA7035880	genus	0	0	no	27350	Puccinia striiformis fsp. tritici	biotic	field	single_pathogen_focus
ERR4315239	SAMEA7035881	species	1	0	no	27350	Puccinia striiformis fsp. tritici	biotic	field	single_pathogen_focus
ERR4315239	SAMEA7035881	genus	0	0	no	27350	Puccinia striiformis fsp. tritici	biotic	field	single_pathogen_focus
ERR4315240	SAMEA7035882	species	1	0	no	27350	Puccinia striiformis fsp. tritici	biotic	field	single_pathogen_focus
ERR4315240	SAMEA7035882	genus	0	0	no	27350	Puccinia striiformis fsp. tritici	biotic	field	single_pathogen_focus
ERR4315241	SAMEA7035883	species	1	0	no	27350	Puccinia striiformis fsp. tritici	biotic	field	single_pathogen_focus
ERR4315241	SAMEA7035883	genus	0	0	no	27350	Puccinia striiformis fsp. tritici	biotic	field	single_pathogen_focus
ERR4315242	SAMEA7035884	species	2	1	yes	27350	Puccinia striiformis fsp. tritici	biotic	field	single_pathogen_focus
ERR4315242	SAMEA7035884	genus	0	0	no	27350	Puccinia striiformis fsp. tritici	biotic	field	single_pathogen_focus
ERR4315243	SAMEA7035885	species	4	3	yes	27350	Puccinia striiformis fsp. tritici	biotic	field	single_pathogen_focus
ERR4315243	SAMEA7035885	genus	0	0	no	27350	Puccinia striiformis fsp. tritici	biotic	field	single_pathogen_focus
ERR4315244	SAMEA7035886	species	4	3	yes	27350	Puccinia striiformis fsp. tritici	biotic	field	single_pathogen_focus
ERR4315244	SAMEA7035886	genus	0	0	no	27350	Puccinia striiformis fsp. tritici	biotic	field	single_pathogen_focus
ERR4315245	SAMEA7035887	species	2	1	yes	27350	Puccinia striiformis fsp. tritici	biotic	field	single_pathogen_focus
ERR4315245	SAMEA7035887	genus	0	0	no	27350	Puccinia striiformis fsp. tritici	biotic	field	single_pathogen_focus
ERR4315246	SAMEA7035888	species	1	0	no	27350	Puccinia striiformis fsp. tritici	biotic	field	single_pathogen_focus
ERR4315246	SAMEA7035888	genus	0	0	no	27350	Puccinia striiformis fsp. tritici	biotic	field	single_pathogen_focus
ERR4315247	SAMEA7035889	species	1	0	no	27350	Puccinia striiformis fsp. tritici	biotic	field	single_pathogen_focus
ERR4315247	SAMEA7035889	genus	0	0	no	27350	Puccinia striiformis fsp. tritici	biotic	field	single_pathogen_focus
ERR4315248	SAMEA7035890	species	2	1	yes	27350	Puccinia striiformis fsp. tritici	biotic	field	single_pathogen_focus
ERR4315248	SAMEA7035890	genus	0	0	no	27350	Puccinia striiformis fsp. tritici	biotic	field	single_pathogen_focus
ERR4315249	SAMEA7035891	species	1	0	no	27350	Puccinia striiformis fsp. tritici	biotic	field	single_pathogen_focus
ERR4315249	SAMEA7035891	genus	0	0	no	27350	Puccinia striiformis fsp. tritici	biotic	field	single_pathogen_focus
ERR4315250	SAMEA7035892	species	1	0	no	27350	Puccinia striiformis fsp. tritici	biotic	field	single_pathogen_focus
ERR4315250	SAMEA7035892	genus	0	0	no	27350	Puccinia striiformis fsp. tritici	biotic	field	single_pathogen_focus
ERR4315251	SAMEA7035893	species	1	0	no	27350	Puccinia striiformis fsp. tritici	biotic	field	single_pathogen_focus
ERR4315251	SAMEA7035893	genus	0	0	no	27350	Puccinia striiformis fsp. tritici	biotic	field	single_pathogen_focus
ERR4315252	SAMEA7035894	species	1	0	no	27350	Puccinia striiformis fsp. tritici	biotic	field	single_pathogen_focus
ERR4315252	SAMEA7035894	genus	0	0	no	27350	Puccinia striiformis fsp. tritici	biotic	field	single_pathogen_focus
ERR4315253	SAMEA7035895	species	1	0	no	27350	Puccinia striiformis fsp. tritici	biotic	field	single_pathogen_focus
ERR4315253	SAMEA7035895	genus	0	0	no	27350	Puccinia striiformis fsp. tritici	biotic	field	single_pathogen_focus
ERR4315254	SAMEA7035896	species	1	0	no	27350	Puccinia striiformis fsp. tritici	biotic	field	single_pathogen_focus
ERR4315254	SAMEA7035896	genus	0	0	no	27350	Puccinia striiformis fsp. tritici	biotic	field	single_pathogen_focus
ERR4315255	SAMEA7035897	species	1	0	no	27350	Puccinia striiformis fsp. tritici	biotic	field	single_pathogen_focus
ERR4315255	SAMEA7035897	genus	0	0	no	27350	Puccinia striiformis fsp. tritici	biotic	field	single_pathogen_focus
ERR4315256	SAMEA7035898	species	2	1	yes	27350	Puccinia striiformis fsp. tritici	biotic	field	single_pathogen_focus
ERR4315256	SAMEA7035898	genus	0	0	no	27350	Puccinia striiformis fsp. tritici	biotic	field	single_pathogen_focus
ERR4315257	SAMEA7035899	species	2	1	yes	27350	Puccinia striiformis fsp. tritici	biotic	field	single_pathogen_focus
ERR4315257	SAMEA7035899	genus	0	0	no	27350	Puccinia striiformis fsp. tritici	biotic	field	single_pathogen_focus
ERR4315258	SAMEA7035900	species	1	0	no	27350	Puccinia striiformis fsp. tritici	biotic	field	single_pathogen_focus
ERR4315258	SAMEA7035900	genus	0	0	no	27350	Puccinia striiformis fsp. tritici	biotic	field	single_pathogen_focus
ERR4315259	SAMEA7035901	species	1	0	no	27350	Puccinia striiformis fsp. tritici	biotic	field	single_pathogen_focus
ERR4315259	SAMEA7035901	genus	0	0	no	27350	Puccinia striiformis fsp. tritici	biotic	field	single_pathogen_focus
ERR4315260	SAMEA7035902	species	2	1	yes	27350	Puccinia striiformis fsp. tritici	biotic	field	single_pathogen_focus
ERR4315260	SAMEA7035902	genus	0	0	no	27350	Puccinia striiformis fsp. tritici	biotic	field	single_pathogen_focus
ERR4315261	SAMEA7035903	species	2	1	yes	27350	Puccinia striiformis fsp. tritici	biotic	field	single_pathogen_focus
ERR4315261	SAMEA7035903	genus	0	0	no	27350	Puccinia striiformis fsp. tritici	biotic	field	single_pathogen_focus
ERR4315262	SAMEA7035904	species	2	1	yes	27350	Puccinia striiformis fsp. tritici	biotic	field	single_pathogen_focus
ERR4315262	SAMEA7035904	genus	0	0	no	27350	Puccinia striiformis fsp. tritici	biotic	field	single_pathogen_focus
ERR4315263	SAMEA7035905	species	3	2	yes	27350	Puccinia striiformis fsp. tritici	biotic	field	single_pathogen_focus
ERR4315263	SAMEA7035905	genus	0	0	no	27350	Puccinia striiformis fsp. tritici	biotic	field	single_pathogen_focus
ERR4315264	SAMEA7035906	species	5	4	yes	27350	Puccinia striiformis fsp. tritici	biotic	field	single_pathogen_focus
ERR4315264	SAMEA7035906	genus	0	0	no	27350	Puccinia striiformis fsp. tritici	biotic	field	single_pathogen_focus
ERR4315265	SAMEA7035907	species	2	1	yes	27350	Puccinia striiformis fsp. tritici	biotic	field	single_pathogen_focus
ERR4315265	SAMEA7035907	genus	0	0	no	27350	Puccinia striiformis fsp. tritici	biotic	field	single_pathogen_focus
ERR4315266	SAMEA7035908	species	5	4	yes	27350	Puccinia striiformis fsp. tritici	biotic	field	single_pathogen_focus
ERR4315266	SAMEA7035908	genus	0	0	no	27350	Puccinia striiformis fsp. tritici	biotic	field	single_pathogen_focus
ERR4315267	SAMEA7035909	species	3	2	yes	27350	Puccinia striiformis fsp. tritici	biotic	field	single_pathogen_focus
ERR4315267	SAMEA7035909	genus	0	0	no	27350	Puccinia striiformis fsp. tritici	biotic	field	single_pathogen_focus
ERR4315268	SAMEA7035910	species	2	1	yes	27350	Puccinia striiformis fsp. tritici	biotic	field	single_pathogen_focus
ERR4315268	SAMEA7035910	genus	0	0	no	27350	Puccinia striiformis fsp. tritici	biotic	field	single_pathogen_focus
ERR4315269	SAMEA7035911	species	1	0	no	27350	Puccinia striiformis fsp. tritici	biotic	field	single_pathogen_focus
ERR4315269	SAMEA7035911	genus	0	0	no	27350	Puccinia striiformis fsp. tritici	biotic	field	single_pathogen_focus
ERR4315270	SAMEA7035912	species	1	0	no	27350	Puccinia striiformis fsp. tritici	biotic	field	single_pathogen_focus
ERR4315270	SAMEA7035912	genus	0	0	no	27350	Puccinia striiformis fsp. tritici	biotic	field	single_pathogen_focus
ERR4315271	SAMEA7035913	species	2	1	yes	27350	Puccinia striiformis fsp. tritici	biotic	field	single_pathogen_focus
ERR4315271	SAMEA7035913	genus	0	0	no	27350	Puccinia striiformis fsp. tritici	biotic	field	single_pathogen_focus
ERR4315272	SAMEA7035914	species	1	0	no	27350	Puccinia striiformis fsp. tritici	biotic	field	single_pathogen_focus
ERR4315272	SAMEA7035914	genus	0	0	no	27350	Puccinia striiformis fsp. tritici	biotic	field	single_pathogen_focus
ERR4315273	SAMEA7035915	species	1	0	no	27350	Puccinia striiformis fsp. tritici	biotic	field	single_pathogen_focus
ERR4315273	SAMEA7035915	genus	0	0	no	27350	Puccinia striiformis fsp. tritici	biotic	field	single_pathogen_focus
ERR4315274	SAMEA7035916	species	2	1	yes	27350	Puccinia striiformis fsp. tritici	biotic	field	single_pathogen_focus
ERR4315274	SAMEA7035916	genus	0	0	no	27350	Puccinia striiformis fsp. tritici	biotic	field	single_pathogen_focus
ERR4315275	SAMEA7035917	species	2	1	yes	27350	Puccinia striiformis fsp. tritici	biotic	field	single_pathogen_focus
ERR4315275	SAMEA7035917	genus	0	0	no	27350	Puccinia striiformis fsp. tritici	biotic	field	single_pathogen_focus
ERR4315276	SAMEA7035918	species	1	0	no	27350	Puccinia striiformis fsp. tritici	biotic	field	single_pathogen_focus
ERR4315276	SAMEA7035918	genus	0	0	no	27350	Puccinia striiformis fsp. tritici	biotic	field	single_pathogen_focus
ERR4315277	SAMEA7035919	species	2	1	yes	27350	Puccinia striiformis fsp. tritici	biotic	field	single_pathogen_focus
ERR4315277	SAMEA7035919	genus	0	0	no	27350	Puccinia striiformis fsp. tritici	biotic	field	single_pathogen_focus
ERR4315278	SAMEA7035920	species	2	1	yes	27350	Puccinia striiformis fsp. tritici	biotic	field	single_pathogen_focus
ERR4315278	SAMEA7035920	genus	0	0	no	27350	Puccinia striiformis fsp. tritici	biotic	field	single_pathogen_focus
ERR4315279	SAMEA7035921	species	1	0	no	27350	Puccinia striiformis fsp. tritici	biotic	field	single_pathogen_focus
ERR4315279	SAMEA7035921	genus	0	0	no	27350	Puccinia striiformis fsp. tritici	biotic	field	single_pathogen_focus
ERR4315280	SAMEA7035922	species	2	1	yes	27350	Puccinia striiformis fsp. tritici	biotic	field	single_pathogen_focus
ERR4315280	SAMEA7035922	genus	0	0	no	27350	Puccinia striiformis fsp. tritici	biotic	field	single_pathogen_focus
ERR4315281	SAMEA7035923	species	1	0	no	27350	Puccinia striiformis fsp. tritici	biotic	field	single_pathogen_focus
ERR4315281	SAMEA7035923	genus	0	0	no	27350	Puccinia striiformis fsp. tritici	biotic	field	single_pathogen_focus
ERR4315282	SAMEA7035924	species	1	0	no	27350	Puccinia striiformis fsp. tritici	biotic	field	single_pathogen_focus
ERR4315282	SAMEA7035924	genus	0	0	no	27350	Puccinia striiformis fsp. tritici	biotic	field	single_pathogen_focus
ERR4315283	SAMEA7035925	species	1	0	no	27350	Puccinia striiformis fsp. tritici	biotic	field	single_pathogen_focus
ERR4315283	SAMEA7035925	genus	0	0	no	27350	Puccinia striiformis fsp. tritici	biotic	field	single_pathogen_focus
ERR4315284	SAMEA7035926	species	2	1	yes	27350	Puccinia striiformis fsp. tritici	biotic	field	single_pathogen_focus
ERR4315284	SAMEA7035926	genus	0	0	no	27350	Puccinia striiformis fsp. tritici	biotic	field	single_pathogen_focus
ERR4315285	SAMEA7035927	species	1	0	no	27350	Puccinia striiformis fsp. tritici	biotic	field	single_pathogen_focus
ERR4315285	SAMEA7035927	genus	0	0	no	27350	Puccinia striiformis fsp. tritici	biotic	field	single_pathogen_focus
ERR4315286	SAMEA7035928	species	3	2	yes	27350	Puccinia striiformis fsp. tritici	biotic	field	single_pathogen_focus
ERR4315286	SAMEA7035928	genus	0	0	no	27350	Puccinia striiformis fsp. tritici	biotic	field	single_pathogen_focus
ERR4315287	SAMEA7035929	species	2	1	yes	27350	Puccinia striiformis fsp. tritici	biotic	field	single_pathogen_focus
ERR4315287	SAMEA7035929	genus	0	0	no	27350	Puccinia striiformis fsp. tritici	biotic	field	single_pathogen_focus
ERR4315288	SAMEA7035930	species	2	1	yes	27350	Puccinia striiformis fsp. tritici	biotic	field	single_pathogen_focus
ERR4315288	SAMEA7035930	genus	0	0	no	27350	Puccinia striiformis fsp. tritici	biotic	field	single_pathogen_focus
ERR4315289	SAMEA7035931	species	2	1	yes	27350	Puccinia striiformis fsp. tritici	biotic	field	single_pathogen_focus
ERR4315289	SAMEA7035931	genus	0	0	no	27350	Puccinia striiformis fsp. tritici	biotic	field	single_pathogen_focus
ERR4315290	SAMEA7035932	species	2	1	yes	27350	Puccinia striiformis fsp. tritici	biotic	field	single_pathogen_focus
ERR4315290	SAMEA7035932	genus	0	0	no	27350	Puccinia striiformis fsp. tritici	biotic	field	single_pathogen_focus
ERR4315291	SAMEA7035933	species	2	1	yes	27350	Puccinia striiformis fsp. tritici	biotic	field	single_pathogen_focus
ERR4315291	SAMEA7035933	genus	0	0	no	27350	Puccinia striiformis fsp. tritici	biotic	field	single_pathogen_focus
ERR4315292	SAMEA7035934	species	1	0	no	27350	Puccinia striiformis fsp. tritici	biotic	field	single_pathogen_focus
ERR4315292	SAMEA7035934	genus	0	0	no	27350	Puccinia striiformis fsp. tritici	biotic	field	single_pathogen_focus
ERR4315293	SAMEA7035935	species	1	0	no	27350	Puccinia striiformis fsp. tritici	biotic	field	single_pathogen_focus
ERR4315293	SAMEA7035935	genus	0	0	no	27350	Puccinia striiformis fsp. tritici	biotic	field	single_pathogen_focus
ERR4315294	SAMEA7035936	species	1	0	no	27350	Puccinia striiformis fsp. tritici	biotic	field	single_pathogen_focus
ERR4315294	SAMEA7035936	genus	0	0	no	27350	Puccinia striiformis fsp. tritici	biotic	field	single_pathogen_focus
ERR4315295	SAMEA7035937	species	1	0	no	27350	Puccinia striiformis fsp. tritici	biotic	field	single_pathogen_focus
ERR4315295	SAMEA7035937	genus	0	0	no	27350	Puccinia striiformis fsp. tritici	biotic	field	single_pathogen_focus
ERR4315296	SAMEA7035938	species	1	0	no	27350	Puccinia striiformis fsp. tritici	biotic	field	single_pathogen_focus
ERR4315296	SAMEA7035938	genus	0	0	no	27350	Puccinia striiformis fsp. tritici	biotic	field	single_pathogen_focus
ERR4315297	SAMEA7035939	species	2	1	yes	27350	Puccinia striiformis fsp. tritici	biotic	field	single_pathogen_focus
ERR4315297	SAMEA7035939	genus	0	0	no	27350	Puccinia striiformis fsp. tritici	biotic	field	single_pathogen_focus
ERR4315298	SAMEA7035940	species	1	0	no	27350	Puccinia striiformis fsp. tritici	biotic	field	single_pathogen_focus
ERR4315298	SAMEA7035940	genus	0	0	no	27350	Puccinia striiformis fsp. tritici	biotic	field	single_pathogen_focus
ERR4315299	SAMEA7035941	species	2	1	yes	27350	Puccinia striiformis fsp. tritici	biotic	field	single_pathogen_focus
ERR4315299	SAMEA7035941	genus	0	0	no	27350	Puccinia striiformis fsp. tritici	biotic	field	single_pathogen_focus
ERR4315300	SAMEA7035942	species	2	1	yes	27350	Puccinia striiformis fsp. tritici	biotic	field	single_pathogen_focus
ERR4315300	SAMEA7035942	genus	0	0	no	27350	Puccinia striiformis fsp. tritici	biotic	field	single_pathogen_focus
ERR4315301	SAMEA7035943	species	1	0	no	27350	Puccinia striiformis fsp. tritici	biotic	field	single_pathogen_focus
ERR4315301	SAMEA7035943	genus	0	0	no	27350	Puccinia striiformis fsp. tritici	biotic	field	single_pathogen_focus
ERR4315302	SAMEA7035944	species	3	2	yes	27350	Puccinia striiformis fsp. tritici	biotic	field	single_pathogen_focus
ERR4315302	SAMEA7035944	genus	0	0	no	27350	Puccinia striiformis fsp. tritici	biotic	field	single_pathogen_focus
ERR4315303	SAMEA7035945	species	1	0	no	27350	Puccinia striiformis fsp. tritici	biotic	field	single_pathogen_focus
ERR4315303	SAMEA7035945	genus	0	0	no	27350	Puccinia striiformis fsp. tritici	biotic	field	single_pathogen_focus
ERR4315304	SAMEA7035946	species	2	1	yes	27350	Puccinia striiformis fsp. tritici	biotic	field	single_pathogen_focus
ERR4315304	SAMEA7035946	genus	0	0	no	27350	Puccinia striiformis fsp. tritici	biotic	field	single_pathogen_focus
ERR4315305	SAMEA7035947	species	2	1	yes	27350	Puccinia striiformis fsp. tritici	biotic	field	single_pathogen_focus
ERR4315305	SAMEA7035947	genus	0	0	no	27350	Puccinia striiformis fsp. tritici	biotic	field	single_pathogen_focus
ERR4315306	SAMEA7035948	species	1	0	no	27350	Puccinia striiformis fsp. tritici	biotic	field	single_pathogen_focus
ERR4315306	SAMEA7035948	genus	0	0	no	27350	Puccinia striiformis fsp. tritici	biotic	field	single_pathogen_focus
ERR4315307	SAMEA7035949	species	2	1	yes	27350	Puccinia striiformis fsp. tritici	biotic	field	single_pathogen_focus
ERR4315307	SAMEA7035949	genus	0	0	no	27350	Puccinia striiformis fsp. tritici	biotic	field	single_pathogen_focus
ERR4315308	SAMEA7035950	species	5	4	yes	27350	Puccinia striiformis fsp. tritici	biotic	field	single_pathogen_focus
ERR4315308	SAMEA7035950	genus	0	0	no	27350	Puccinia striiformis fsp. tritici	biotic	field	single_pathogen_focus
ERR4315309	SAMEA7035951	species	2	1	yes	27350	Puccinia striiformis fsp. tritici	biotic	field	single_pathogen_focus
ERR4315309	SAMEA7035951	genus	0	0	no	27350	Puccinia striiformis fsp. tritici	biotic	field	single_pathogen_focus
ERR4315310	SAMEA7035952	species	4	3	yes	27350	Puccinia striiformis fsp. tritici	biotic	field	single_pathogen_focus
ERR4315310	SAMEA7035952	genus	0	0	no	27350	Puccinia striiformis fsp. tritici	biotic	field	single_pathogen_focus
ERR4315311	SAMEA7035953	species	4	3	yes	27350	Puccinia striiformis fsp. tritici	biotic	field	single_pathogen_focus
ERR4315311	SAMEA7035953	genus	0	0	no	27350	Puccinia striiformis fsp. tritici	biotic	field	single_pathogen_focus
ERR4315312	SAMEA7035954	species	5	4	yes	27350	Puccinia striiformis fsp. tritici	biotic	field	single_pathogen_focus
ERR4315312	SAMEA7035954	genus	0	0	no	27350	Puccinia striiformis fsp. tritici	biotic	field	single_pathogen_focus
ERR4315313	SAMEA7035955	species	3	2	yes	27350	Puccinia striiformis fsp. tritici	biotic	field	single_pathogen_focus
ERR4315313	SAMEA7035955	genus	0	0	no	27350	Puccinia striiformis fsp. tritici	biotic	field	single_pathogen_focus
ERR4315314	SAMEA7035956	species	3	2	yes	27350	Puccinia striiformis fsp. tritici	biotic	field	single_pathogen_focus
ERR4315314	SAMEA7035956	genus	0	0	no	27350	Puccinia striiformis fsp. tritici	biotic	field	single_pathogen_focus
ERR4315315	SAMEA7035957	species	4	3	yes	27350	Puccinia striiformis fsp. tritici	biotic	field	single_pathogen_focus
ERR4315315	SAMEA7035957	genus	0	0	no	27350	Puccinia striiformis fsp. tritici	biotic	field	single_pathogen_focus
ERR4315316	SAMEA7035958	species	3	2	yes	27350	Puccinia striiformis fsp. tritici	biotic	field	single_pathogen_focus
ERR4315316	SAMEA7035958	genus	0	0	no	27350	Puccinia striiformis fsp. tritici	biotic	field	single_pathogen_focus
ERR4315317	SAMEA7035959	species	1	0	no	27350	Puccinia striiformis fsp. tritici	biotic	field	single_pathogen_focus
ERR4315317	SAMEA7035959	genus	0	0	no	27350	Puccinia striiformis fsp. tritici	biotic	field	single_pathogen_focus
ERR4315318	SAMEA7035960	species	1	0	no	27350	Puccinia striiformis fsp. tritici	biotic	field	single_pathogen_focus
ERR4315318	SAMEA7035960	genus	0	0	no	27350	Puccinia striiformis fsp. tritici	biotic	field	single_pathogen_focus
ERR4315319	SAMEA7035961	species	3	2	yes	27350	Puccinia striiformis fsp. tritici	biotic	field	single_pathogen_focus
ERR4315319	SAMEA7035961	genus	0	0	no	27350	Puccinia striiformis fsp. tritici	biotic	field	single_pathogen_focus
ERR4315320	SAMEA7035962	species	2	1	yes	27350	Puccinia striiformis fsp. tritici	biotic	field	single_pathogen_focus
ERR4315320	SAMEA7035962	genus	0	0	no	27350	Puccinia striiformis fsp. tritici	biotic	field	single_pathogen_focus
ERR4315321	SAMEA7035963	species	5	4	yes	27350	Puccinia striiformis fsp. tritici	biotic	field	single_pathogen_focus
ERR4315321	SAMEA7035963	genus	0	0	no	27350	Puccinia striiformis fsp. tritici	biotic	field	single_pathogen_focus
ERR4315322	SAMEA7035964	species	3	2	yes	27350	Puccinia striiformis fsp. tritici	biotic	field	single_pathogen_focus
ERR4315322	SAMEA7035964	genus	0	0	no	27350	Puccinia striiformis fsp. tritici	biotic	field	single_pathogen_focus
ERR4315323	SAMEA7035965	species	1	0	no	27350	Puccinia striiformis fsp. tritici	biotic	field	single_pathogen_focus
ERR4315323	SAMEA7035965	genus	0	0	no	27350	Puccinia striiformis fsp. tritici	biotic	field	single_pathogen_focus
ERR4315324	SAMEA7035966	species	2	1	yes	27350	Puccinia striiformis fsp. tritici	biotic	field	single_pathogen_focus
ERR4315324	SAMEA7035966	genus	0	0	no	27350	Puccinia striiformis fsp. tritici	biotic	field	single_pathogen_focus
ERR4315325	SAMEA7035967	species	3	2	yes	27350	Puccinia striiformis fsp. tritici	biotic	field	single_pathogen_focus
ERR4315325	SAMEA7035967	genus	0	0	no	27350	Puccinia striiformis fsp. tritici	biotic	field	single_pathogen_focus
ERR4315326	SAMEA7035968	species	1	0	no	27350	Puccinia striiformis fsp. tritici	biotic	field	single_pathogen_focus
ERR4315326	SAMEA7035968	genus	0	0	no	27350	Puccinia striiformis fsp. tritici	biotic	field	single_pathogen_focus
ERR4315327	SAMEA7035969	species	3	2	yes	27350	Puccinia striiformis fsp. tritici	biotic	field	single_pathogen_focus
ERR4315327	SAMEA7035969	genus	0	0	no	27350	Puccinia striiformis fsp. tritici	biotic	field	single_pathogen_focus
ERR4315328	SAMEA7035970	species	1	0	no	27350	Puccinia striiformis fsp. tritici	biotic	field	single_pathogen_focus
ERR4315328	SAMEA7035970	genus	0	0	no	27350	Puccinia striiformis fsp. tritici	biotic	field	single_pathogen_focus
ERR4315329	SAMEA7035971	species	2	1	yes	27350	Puccinia striiformis fsp. tritici	biotic	field	single_pathogen_focus
ERR4315329	SAMEA7035971	genus	0	0	no	27350	Puccinia striiformis fsp. tritici	biotic	field	single_pathogen_focus
ERR4315330	SAMEA7035972	species	1	0	no	27350	Puccinia striiformis fsp. tritici	biotic	field	single_pathogen_focus
ERR4315330	SAMEA7035972	genus	0	0	no	27350	Puccinia striiformis fsp. tritici	biotic	field	single_pathogen_focus
ERR4315331	SAMEA7035973	species	1	0	no	27350	Puccinia striiformis fsp. tritici	biotic	field	single_pathogen_focus
ERR4315331	SAMEA7035973	genus	0	0	no	27350	Puccinia striiformis fsp. tritici	biotic	field	single_pathogen_focus
ERR4315332	SAMEA7035974	species	2	1	yes	27350	Puccinia striiformis fsp. tritici	biotic	field	single_pathogen_focus
ERR4315332	SAMEA7035974	genus	0	0	no	27350	Puccinia striiformis fsp. tritici	biotic	field	single_pathogen_focus
ERR4315333	SAMEA7035975	species	3	2	yes	27350	Puccinia striiformis fsp. tritici	biotic	field	single_pathogen_focus
ERR4315333	SAMEA7035975	genus	0	0	no	27350	Puccinia striiformis fsp. tritici	biotic	field	single_pathogen_focus
ERR4315334	SAMEA7035976	species	1	0	no	27350	Puccinia striiformis fsp. tritici	biotic	field	single_pathogen_focus
ERR4315334	SAMEA7035976	genus	0	0	no	27350	Puccinia striiformis fsp. tritici	biotic	field	single_pathogen_focus
ERR4315335	SAMEA7035977	species	2	1	yes	27350	Puccinia striiformis fsp. tritici	biotic	field	single_pathogen_focus
ERR4315335	SAMEA7035977	genus	0	0	no	27350	Puccinia striiformis fsp. tritici	biotic	field	single_pathogen_focus
ERR4315336	SAMEA7035978	species	2	1	yes	27350	Puccinia striiformis fsp. tritici	biotic	field	single_pathogen_focus
ERR4315336	SAMEA7035978	genus	0	0	no	27350	Puccinia striiformis fsp. tritici	biotic	field	single_pathogen_focus
ERR4315337	SAMEA7035979	species	1	0	no	27350	Puccinia striiformis fsp. tritici	biotic	field	single_pathogen_focus
ERR4315337	SAMEA7035979	genus	0	0	no	27350	Puccinia striiformis fsp. tritici	biotic	field	single_pathogen_focus
ERR4315338	SAMEA7035980	species	3	2	yes	27350	Puccinia striiformis fsp. tritici	biotic	field	single_pathogen_focus
ERR4315338	SAMEA7035980	genus	0	0	no	27350	Puccinia striiformis fsp. tritici	biotic	field	single_pathogen_focus
ERR4315339	SAMEA7035981	species	1	0	no	27350	Puccinia striiformis fsp. tritici	biotic	field	single_pathogen_focus
ERR4315339	SAMEA7035981	genus	0	0	no	27350	Puccinia striiformis fsp. tritici	biotic	field	single_pathogen_focus
ERR4315340	SAMEA7035982	species	2	1	yes	27350	Puccinia striiformis fsp. tritici	biotic	field	single_pathogen_focus
ERR4315340	SAMEA7035982	genus	0	0	no	27350	Puccinia striiformis fsp. tritici	biotic	field	single_pathogen_focus
ERR4315341	SAMEA7035983	species	1	0	no	27350	Puccinia striiformis fsp. tritici	biotic	field	single_pathogen_focus
ERR4315341	SAMEA7035983	genus	0	0	no	27350	Puccinia striiformis fsp. tritici	biotic	field	single_pathogen_focus
ERR4315342	SAMEA7035984	species	1	0	no	27350	Puccinia striiformis fsp. tritici	biotic	field	single_pathogen_focus
ERR4315342	SAMEA7035984	genus	0	0	no	27350	Puccinia striiformis fsp. tritici	biotic	field	single_pathogen_focus
ERR4315343	SAMEA7035985	species	1	0	no	27350	Puccinia striiformis fsp. tritici	biotic	field	single_pathogen_focus
ERR4315343	SAMEA7035985	genus	0	0	no	27350	Puccinia striiformis fsp. tritici	biotic	field	single_pathogen_focus
ERR4315344	SAMEA7035986	species	1	0	no	27350	Puccinia striiformis fsp. tritici	biotic	field	single_pathogen_focus
ERR4315344	SAMEA7035986	genus	0	0	no	27350	Puccinia striiformis fsp. tritici	biotic	field	single_pathogen_focus
ERR4315345	SAMEA7035987	species	4	3	yes	27350	Puccinia striiformis fsp. tritici	biotic	field	single_pathogen_focus
ERR4315345	SAMEA7035987	genus	0	0	no	27350	Puccinia striiformis fsp. tritici	biotic	field	single_pathogen_focus
ERR4315346	SAMEA7035988	species	1	0	no	27350	Puccinia striiformis fsp. tritici	biotic	field	single_pathogen_focus
ERR4315346	SAMEA7035988	genus	0	0	no	27350	Puccinia striiformis fsp. tritici	biotic	field	single_pathogen_focus
ERR4315347	SAMEA7035989	species	4	3	yes	27350	Puccinia striiformis fsp. tritici	biotic	field	single_pathogen_focus
ERR4315347	SAMEA7035989	genus	0	0	no	27350	Puccinia striiformis fsp. tritici	biotic	field	single_pathogen_focus
ERR4315348	SAMEA7035990	species	1	0	no	27350	Puccinia striiformis fsp. tritici	biotic	field	single_pathogen_focus
ERR4315348	SAMEA7035990	genus	0	0	no	27350	Puccinia striiformis fsp. tritici	biotic	field	single_pathogen_focus
ERR4315349	SAMEA7035991	species	2	1	yes	27350	Puccinia striiformis fsp. tritici	biotic	field	single_pathogen_focus
ERR4315349	SAMEA7035991	genus	0	0	no	27350	Puccinia striiformis fsp. tritici	biotic	field	single_pathogen_focus
ERR4315350	SAMEA7035992	species	1	0	no	27350	Puccinia striiformis fsp. tritici	biotic	field	single_pathogen_focus
ERR4315350	SAMEA7035992	genus	0	0	no	27350	Puccinia striiformis fsp. tritici	biotic	field	single_pathogen_focus
ERR4315351	SAMEA7035993	species	1	0	no	27350	Puccinia striiformis fsp. tritici	biotic	field	single_pathogen_focus
ERR4315351	SAMEA7035993	genus	0	0	no	27350	Puccinia striiformis fsp. tritici	biotic	field	single_pathogen_focus
ERR4315353	SAMEA7035995	species	3	2	yes	27350	Puccinia striiformis fsp. tritici	biotic	field	single_pathogen_focus
ERR4315353	SAMEA7035995	genus	0	0	no	27350	Puccinia striiformis fsp. tritici	biotic	field	single_pathogen_focus
ERR4315355	SAMEA7035997	species	2	1	yes	27350	Puccinia striiformis fsp. tritici	biotic	field	single_pathogen_focus
ERR4315355	SAMEA7035997	genus	0	0	no	27350	Puccinia striiformis fsp. tritici	biotic	field	single_pathogen_focus
ERR4315356	SAMEA7035998	species	2	1	yes	27350	Puccinia striiformis fsp. tritici	biotic	field	single_pathogen_focus
ERR4315356	SAMEA7035998	genus	0	0	no	27350	Puccinia striiformis fsp. tritici	biotic	field	single_pathogen_focus
ERR4315357	SAMEA7035999	species	2	1	yes	27350	Puccinia striiformis fsp. tritici	biotic	field	single_pathogen_focus
ERR4315357	SAMEA7035999	genus	0	0	no	27350	Puccinia striiformis fsp. tritici	biotic	field	single_pathogen_focus
ERR4315358	SAMEA7036000	species	3	2	yes	27350	Puccinia striiformis fsp. tritici	biotic	field	single_pathogen_focus
ERR4315358	SAMEA7036000	genus	0	0	no	27350	Puccinia striiformis fsp. tritici	biotic	field	single_pathogen_focus
ERR4315359	SAMEA7036001	species	2	1	yes	27350	Puccinia striiformis fsp. tritici	biotic	field	single_pathogen_focus
ERR4315359	SAMEA7036001	genus	0	0	no	27350	Puccinia striiformis fsp. tritici	biotic	field	single_pathogen_focus
ERR4315360	SAMEA7036002	species	2	1	yes	27350	Puccinia striiformis fsp. tritici	biotic	field	single_pathogen_focus
ERR4315360	SAMEA7036002	genus	0	0	no	27350	Puccinia striiformis fsp. tritici	biotic	field	single_pathogen_focus
ERR4315361	SAMEA7036003	species	2	1	yes	27350	Puccinia striiformis fsp. tritici	biotic	field	single_pathogen_focus
ERR4315361	SAMEA7036003	genus	0	0	no	27350	Puccinia striiformis fsp. tritici	biotic	field	single_pathogen_focus
ERR4315362	SAMEA7036004	species	1	0	no	27350	Puccinia striiformis fsp. tritici	biotic	field	single_pathogen_focus
ERR4315362	SAMEA7036004	genus	0	0	no	27350	Puccinia striiformis fsp. tritici	biotic	field	single_pathogen_focus
ERR4315363	SAMEA7036005	species	2	1	yes	27350	Puccinia striiformis fsp. tritici	biotic	field	single_pathogen_focus
ERR4315363	SAMEA7036005	genus	0	0	no	27350	Puccinia striiformis fsp. tritici	biotic	field	single_pathogen_focus
ERR4315364	SAMEA7036006	species	2	1	yes	27350	Puccinia striiformis fsp. tritici	biotic	field	single_pathogen_focus
ERR4315364	SAMEA7036006	genus	0	0	no	27350	Puccinia striiformis fsp. tritici	biotic	field	single_pathogen_focus
ERR4315365	SAMEA7036007	species	1	0	no	27350	Puccinia striiformis fsp. tritici	biotic	field	single_pathogen_focus
ERR4315365	SAMEA7036007	genus	0	0	no	27350	Puccinia striiformis fsp. tritici	biotic	field	single_pathogen_focus
ERR4315366	SAMEA7036008	species	3	2	yes	27350	Puccinia striiformis fsp. tritici	biotic	field	single_pathogen_focus
ERR4315366	SAMEA7036008	genus	0	0	no	27350	Puccinia striiformis fsp. tritici	biotic	field	single_pathogen_focus
ERR4315367	SAMEA7036009	species	2	1	yes	27350	Puccinia striiformis fsp. tritici	biotic	field	single_pathogen_focus
ERR4315367	SAMEA7036009	genus	0	0	no	27350	Puccinia striiformis fsp. tritici	biotic	field	single_pathogen_focus
ERR4315368	SAMEA7036010	species	2	1	yes	27350	Puccinia striiformis fsp. tritici	biotic	field	single_pathogen_focus
ERR4315368	SAMEA7036010	genus	0	0	no	27350	Puccinia striiformis fsp. tritici	biotic	field	single_pathogen_focus
ERR4315369	SAMEA7036011	species	1	0	no	27350	Puccinia striiformis fsp. tritici	biotic	field	single_pathogen_focus
ERR4315369	SAMEA7036011	genus	0	0	no	27350	Puccinia striiformis fsp. tritici	biotic	field	single_pathogen_focus
ERR4315370	SAMEA7036012	species	4	3	yes	27350	Puccinia striiformis fsp. tritici	biotic	field	single_pathogen_focus
ERR4315370	SAMEA7036012	genus	0	0	no	27350	Puccinia striiformis fsp. tritici	biotic	field	single_pathogen_focus
ERR4315371	SAMEA7036013	species	3	2	yes	27350	Puccinia striiformis fsp. tritici	biotic	field	single_pathogen_focus
ERR4315371	SAMEA7036013	genus	0	0	no	27350	Puccinia striiformis fsp. tritici	biotic	field	single_pathogen_focus
ERR4315372	SAMEA7036014	species	2	1	yes	27350	Puccinia striiformis fsp. tritici	biotic	field	single_pathogen_focus
ERR4315372	SAMEA7036014	genus	0	0	no	27350	Puccinia striiformis fsp. tritici	biotic	field	single_pathogen_focus
ERR4315373	SAMEA7036015	species	3	2	yes	27350	Puccinia striiformis fsp. tritici	biotic	field	single_pathogen_focus
ERR4315373	SAMEA7036015	genus	0	0	no	27350	Puccinia striiformis fsp. tritici	biotic	field	single_pathogen_focus
ERR4315374	SAMEA7036016	species	1	0	no	27350	Puccinia striiformis fsp. tritici	biotic	field	single_pathogen_focus
ERR4315374	SAMEA7036016	genus	0	0	no	27350	Puccinia striiformis fsp. tritici	biotic	field	single_pathogen_focus
ERR4315375	SAMEA7036017	species	2	1	yes	27350	Puccinia striiformis fsp. tritici	biotic	field	single_pathogen_focus
ERR4315375	SAMEA7036017	genus	0	0	no	27350	Puccinia striiformis fsp. tritici	biotic	field	single_pathogen_focus
ERR4315376	SAMEA7036018	species	2	1	yes	27350	Puccinia striiformis fsp. tritici	biotic	field	single_pathogen_focus
ERR4315376	SAMEA7036018	genus	0	0	no	27350	Puccinia striiformis fsp. tritici	biotic	field	single_pathogen_focus
ERR4315378	SAMEA7036020	species	2	1	yes	27350	Puccinia striiformis fsp. tritici	biotic	field	single_pathogen_focus
ERR4315378	SAMEA7036020	genus	0	0	no	27350	Puccinia striiformis fsp. tritici	biotic	field	single_pathogen_focus
ERR4315379	SAMEA7036021	species	2	1	yes	27350	Puccinia striiformis fsp. tritici	biotic	field	single_pathogen_focus
ERR4315379	SAMEA7036021	genus	0	0	no	27350	Puccinia striiformis fsp. tritici	biotic	field	single_pathogen_focus
ERR4315380	SAMEA7036022	species	2	1	yes	27350	Puccinia striiformis fsp. tritici	biotic	field	single_pathogen_focus
ERR4315380	SAMEA7036022	genus	0	0	no	27350	Puccinia striiformis fsp. tritici	biotic	field	single_pathogen_focus
ERR4315381	SAMEA7036023	species	1	0	no	27350	Puccinia striiformis fsp. tritici	biotic	field	single_pathogen_focus
ERR4315381	SAMEA7036023	genus	0	0	no	27350	Puccinia striiformis fsp. tritici	biotic	field	single_pathogen_focus
ERR4315382	SAMEA7036024	species	2	1	yes	27350	Puccinia striiformis fsp. tritici	biotic	field	single_pathogen_focus
ERR4315382	SAMEA7036024	genus	0	0	no	27350	Puccinia striiformis fsp. tritici	biotic	field	single_pathogen_focus
ERR4315383	SAMEA7036025	species	1	0	no	27350	Puccinia striiformis fsp. tritici	biotic	field	single_pathogen_focus
ERR4315383	SAMEA7036025	genus	0	0	no	27350	Puccinia striiformis fsp. tritici	biotic	field	single_pathogen_focus
ERR4315384	SAMEA7036026	species	1	0	no	27350	Puccinia striiformis fsp. tritici	biotic	field	single_pathogen_focus
ERR4315384	SAMEA7036026	genus	0	0	no	27350	Puccinia striiformis fsp. tritici	biotic	field	single_pathogen_focus
ERR4315385	SAMEA7036027	species	1	0	no	27350	Puccinia striiformis fsp. tritici	biotic	field	single_pathogen_focus
ERR4315385	SAMEA7036027	genus	0	0	no	27350	Puccinia striiformis fsp. tritici	biotic	field	single_pathogen_focus
ERR4315386	SAMEA7036028	species	2	1	yes	27350	Puccinia striiformis fsp. tritici	biotic	field	single_pathogen_focus
ERR4315386	SAMEA7036028	genus	0	0	no	27350	Puccinia striiformis fsp. tritici	biotic	field	single_pathogen_focus
ERR4315387	SAMEA7036029	species	2	1	yes	27350	Puccinia striiformis fsp. tritici	biotic	field	single_pathogen_focus
ERR4315387	SAMEA7036029	genus	0	0	no	27350	Puccinia striiformis fsp. tritici	biotic	field	single_pathogen_focus
ERR4315388	SAMEA7036030	species	1	0	no	27350	Puccinia striiformis fsp. tritici	biotic	field	single_pathogen_focus
ERR4315388	SAMEA7036030	genus	0	0	no	27350	Puccinia striiformis fsp. tritici	biotic	field	single_pathogen_focus
ERR4315389	SAMEA7036031	species	2	1	yes	27350	Puccinia striiformis fsp. tritici	biotic	field	single_pathogen_focus
ERR4315389	SAMEA7036031	genus	0	0	no	27350	Puccinia striiformis fsp. tritici	biotic	field	single_pathogen_focus
ERR4315390	SAMEA7036032	species	3	2	yes	27350	Puccinia striiformis fsp. tritici	biotic	field	single_pathogen_focus
ERR4315390	SAMEA7036032	genus	0	0	no	27350	Puccinia striiformis fsp. tritici	biotic	field	single_pathogen_focus
ERR4315391	SAMEA7036033	species	3	2	yes	27350	Puccinia striiformis fsp. tritici	biotic	field	single_pathogen_focus
ERR4315391	SAMEA7036033	genus	0	0	no	27350	Puccinia striiformis fsp. tritici	biotic	field	single_pathogen_focus
ERR4315392	SAMEA7036034	species	4	3	yes	27350	Puccinia striiformis fsp. tritici	biotic	field	single_pathogen_focus
ERR4315392	SAMEA7036034	genus	0	0	no	27350	Puccinia striiformis fsp. tritici	biotic	field	single_pathogen_focus
ERR4315393	SAMEA7036035	species	2	1	yes	27350	Puccinia striiformis fsp. tritici	biotic	field	single_pathogen_focus
ERR4315393	SAMEA7036035	genus	0	0	no	27350	Puccinia striiformis fsp. tritici	biotic	field	single_pathogen_focus
ERR4315394	SAMEA7036036	species	2	1	yes	27350	Puccinia striiformis fsp. tritici	biotic	field	single_pathogen_focus
ERR4315394	SAMEA7036036	genus	0	0	no	27350	Puccinia striiformis fsp. tritici	biotic	field	single_pathogen_focus
ERR4315395	SAMEA7036037	species	2	1	yes	27350	Puccinia striiformis fsp. tritici	biotic	field	single_pathogen_focus
ERR4315395	SAMEA7036037	genus	0	0	no	27350	Puccinia striiformis fsp. tritici	biotic	field	single_pathogen_focus
ERR4315396	SAMEA7036038	species	1	0	no	27350	Puccinia striiformis fsp. tritici	biotic	field	single_pathogen_focus
ERR4315396	SAMEA7036038	genus	0	0	no	27350	Puccinia striiformis fsp. tritici	biotic	field	single_pathogen_focus
ERR4315397	SAMEA7036039	species	4	3	yes	27350	Puccinia striiformis fsp. tritici	biotic	field	single_pathogen_focus
ERR4315397	SAMEA7036039	genus	0	0	no	27350	Puccinia striiformis fsp. tritici	biotic	field	single_pathogen_focus
ERR4315398	SAMEA7036040	species	3	2	yes	27350	Puccinia striiformis fsp. tritici	biotic	field	single_pathogen_focus
ERR4315398	SAMEA7036040	genus	0	0	no	27350	Puccinia striiformis fsp. tritici	biotic	field	single_pathogen_focus
ERR4315399	SAMEA7036041	species	2	1	yes	27350	Puccinia striiformis fsp. tritici	biotic	field	single_pathogen_focus
ERR4315399	SAMEA7036041	genus	0	0	no	27350	Puccinia striiformis fsp. tritici	biotic	field	single_pathogen_focus
ERR4315400	SAMEA7036042	species	2	1	yes	27350	Puccinia striiformis fsp. tritici	biotic	field	single_pathogen_focus
ERR4315400	SAMEA7036042	genus	0	0	no	27350	Puccinia striiformis fsp. tritici	biotic	field	single_pathogen_focus
ERR4315401	SAMEA7036043	species	3	2	yes	27350	Puccinia striiformis fsp. tritici	biotic	field	single_pathogen_focus
ERR4315401	SAMEA7036043	genus	0	0	no	27350	Puccinia striiformis fsp. tritici	biotic	field	single_pathogen_focus
ERR4315402	SAMEA7036044	species	2	1	yes	27350	Puccinia striiformis fsp. tritici	biotic	field	single_pathogen_focus
ERR4315402	SAMEA7036044	genus	0	0	no	27350	Puccinia striiformis fsp. tritici	biotic	field	single_pathogen_focus
ERR4315403	SAMEA7036045	species	1	0	no	27350	Puccinia striiformis fsp. tritici	biotic	field	single_pathogen_focus
ERR4315403	SAMEA7036045	genus	0	0	no	27350	Puccinia striiformis fsp. tritici	biotic	field	single_pathogen_focus
ERR4315404	SAMEA7036046	species	1	0	no	27350	Puccinia striiformis fsp. tritici	biotic	field	single_pathogen_focus
ERR4315404	SAMEA7036046	genus	0	0	no	27350	Puccinia striiformis fsp. tritici	biotic	field	single_pathogen_focus
ERR4315405	SAMEA7036047	species	1	0	no	27350	Puccinia striiformis fsp. tritici	biotic	field	single_pathogen_focus
ERR4315405	SAMEA7036047	genus	0	0	no	27350	Puccinia striiformis fsp. tritici	biotic	field	single_pathogen_focus
ERR4315406	SAMEA7036048	species	1	0	no	27350	Puccinia striiformis fsp. tritici	biotic	field	single_pathogen_focus
ERR4315406	SAMEA7036048	genus	0	0	no	27350	Puccinia striiformis fsp. tritici	biotic	field	single_pathogen_focus
ERR4315407	SAMEA7036049	species	4	3	yes	27350	Puccinia striiformis fsp. tritici	biotic	field	single_pathogen_focus
ERR4315407	SAMEA7036049	genus	0	0	no	27350	Puccinia striiformis fsp. tritici	biotic	field	single_pathogen_focus
ERR4315408	SAMEA7036050	species	2	1	yes	27350	Puccinia striiformis fsp. tritici	biotic	field	single_pathogen_focus
ERR4315408	SAMEA7036050	genus	0	0	no	27350	Puccinia striiformis fsp. tritici	biotic	field	single_pathogen_focus
ERR4315409	SAMEA7036051	species	3	2	yes	27350	Puccinia striiformis fsp. tritici	biotic	field	single_pathogen_focus
ERR4315409	SAMEA7036051	genus	0	0	no	27350	Puccinia striiformis fsp. tritici	biotic	field	single_pathogen_focus
ERR4315410	SAMEA7036052	species	1	0	no	27350	Puccinia striiformis fsp. tritici	biotic	field	single_pathogen_focus
ERR4315410	SAMEA7036052	genus	0	0	no	27350	Puccinia striiformis fsp. tritici	biotic	field	single_pathogen_focus
ERR4315411	SAMEA7036053	species	2	1	yes	27350	Puccinia striiformis fsp. tritici	biotic	field	single_pathogen_focus
ERR4315411	SAMEA7036053	genus	0	0	no	27350	Puccinia striiformis fsp. tritici	biotic	field	single_pathogen_focus
ERR4315412	SAMEA7036054	species	3	2	yes	27350	Puccinia striiformis fsp. tritici	biotic	field	single_pathogen_focus
ERR4315412	SAMEA7036054	genus	0	0	no	27350	Puccinia striiformis fsp. tritici	biotic	field	single_pathogen_focus
ERR4315413	SAMEA7036055	species	1	0	no	27350	Puccinia striiformis fsp. tritici	biotic	field	single_pathogen_focus
ERR4315413	SAMEA7036055	genus	0	0	no	27350	Puccinia striiformis fsp. tritici	biotic	field	single_pathogen_focus
ERR4315414	SAMEA7036056	species	3	2	yes	27350	Puccinia striiformis fsp. tritici	biotic	field	single_pathogen_focus
ERR4315414	SAMEA7036056	genus	0	0	no	27350	Puccinia striiformis fsp. tritici	biotic	field	single_pathogen_focus
ERR4315415	SAMEA7036057	species	1	0	no	27350	Puccinia striiformis fsp. tritici	biotic	field	single_pathogen_focus
ERR4315415	SAMEA7036057	genus	0	0	no	27350	Puccinia striiformis fsp. tritici	biotic	field	single_pathogen_focus
ERR4315416	SAMEA7036058	species	1	0	no	27350	Puccinia striiformis fsp. tritici	biotic	field	single_pathogen_focus
ERR4315416	SAMEA7036058	genus	0	0	no	27350	Puccinia striiformis fsp. tritici	biotic	field	single_pathogen_focus
ERR4315417	SAMEA7036059	species	1	0	no	27350	Puccinia striiformis fsp. tritici	biotic	field	single_pathogen_focus
ERR4315417	SAMEA7036059	genus	0	0	no	27350	Puccinia striiformis fsp. tritici	biotic	field	single_pathogen_focus
ERR4315418	SAMEA7036060	species	1	0	no	27350	Puccinia striiformis fsp. tritici	biotic	field	single_pathogen_focus
ERR4315418	SAMEA7036060	genus	0	0	no	27350	Puccinia striiformis fsp. tritici	biotic	field	single_pathogen_focus
ERR4315419	SAMEA7036061	species	2	1	yes	27350	Puccinia striiformis fsp. tritici	biotic	field	single_pathogen_focus
ERR4315419	SAMEA7036061	genus	0	0	no	27350	Puccinia striiformis fsp. tritici	biotic	field	single_pathogen_focus
ERR4315420	SAMEA7036062	species	1	0	no	27350	Puccinia striiformis fsp. tritici	biotic	field	single_pathogen_focus
ERR4315420	SAMEA7036062	genus	0	0	no	27350	Puccinia striiformis fsp. tritici	biotic	field	single_pathogen_focus
ERR4315421	SAMEA7036063	species	1	0	no	27350	Puccinia striiformis fsp. tritici	biotic	field	single_pathogen_focus
ERR4315421	SAMEA7036063	genus	0	0	no	27350	Puccinia striiformis fsp. tritici	biotic	field	single_pathogen_focus
ERR4315422	SAMEA7036064	species	2	1	yes	27350	Puccinia striiformis fsp. tritici	biotic	field	single_pathogen_focus
ERR4315422	SAMEA7036064	genus	0	0	no	27350	Puccinia striiformis fsp. tritici	biotic	field	single_pathogen_focus
ERR4315423	SAMEA7036065	species	1	0	no	27350	Puccinia striiformis fsp. tritici	biotic	field	single_pathogen_focus
ERR4315423	SAMEA7036065	genus	0	0	no	27350	Puccinia striiformis fsp. tritici	biotic	field	single_pathogen_focus
ERR4315425	SAMEA7036067	species	1	0	no	27350	Puccinia striiformis fsp. tritici	biotic	field	single_pathogen_focus
ERR4315425	SAMEA7036067	genus	0	0	no	27350	Puccinia striiformis fsp. tritici	biotic	field	single_pathogen_focus
ERR4315426	SAMEA7036068	species	1	0	no	27350	Puccinia striiformis fsp. tritici	biotic	field	single_pathogen_focus
ERR4315426	SAMEA7036068	genus	0	0	no	27350	Puccinia striiformis fsp. tritici	biotic	field	single_pathogen_focus
ERR4315427	SAMEA7036069	species	3	2	yes	27350	Puccinia striiformis fsp. tritici	biotic	field	single_pathogen_focus
ERR4315427	SAMEA7036069	genus	0	0	no	27350	Puccinia striiformis fsp. tritici	biotic	field	single_pathogen_focus
ERR4315428	SAMEA7036070	species	1	0	no	27350	Puccinia striiformis fsp. tritici	biotic	field	single_pathogen_focus
ERR4315428	SAMEA7036070	genus	0	0	no	27350	Puccinia striiformis fsp. tritici	biotic	field	single_pathogen_focus
ERR4315429	SAMEA7036071	species	1	0	no	27350	Puccinia striiformis fsp. tritici	biotic	field	single_pathogen_focus
ERR4315429	SAMEA7036071	genus	0	0	no	27350	Puccinia striiformis fsp. tritici	biotic	field	single_pathogen_focus
ERR4315430	SAMEA7036072	species	1	0	no	27350	Puccinia striiformis fsp. tritici	biotic	field	single_pathogen_focus
ERR4315430	SAMEA7036072	genus	0	0	no	27350	Puccinia striiformis fsp. tritici	biotic	field	single_pathogen_focus
ERR4315431	SAMEA7036073	species	2	1	yes	27350	Puccinia striiformis fsp. tritici	biotic	field	single_pathogen_focus
ERR4315431	SAMEA7036073	genus	0	0	no	27350	Puccinia striiformis fsp. tritici	biotic	field	single_pathogen_focus
ERR4315432	SAMEA7036074	species	2	1	yes	27350	Puccinia striiformis fsp. tritici	biotic	field	single_pathogen_focus
ERR4315432	SAMEA7036074	genus	0	0	no	27350	Puccinia striiformis fsp. tritici	biotic	field	single_pathogen_focus
ERR4315433	SAMEA7036075	species	2	1	yes	27350	Puccinia striiformis fsp. tritici	biotic	field	single_pathogen_focus
ERR4315433	SAMEA7036075	genus	0	0	no	27350	Puccinia striiformis fsp. tritici	biotic	field	single_pathogen_focus
ERR4315434	SAMEA7036076	species	3	2	yes	27350	Puccinia striiformis fsp. tritici	biotic	field	single_pathogen_focus
ERR4315434	SAMEA7036076	genus	0	0	no	27350	Puccinia striiformis fsp. tritici	biotic	field	single_pathogen_focus
ERR4315435	SAMEA7036077	species	1	0	no	27350	Puccinia striiformis fsp. tritici	biotic	field	single_pathogen_focus
ERR4315435	SAMEA7036077	genus	0	0	no	27350	Puccinia striiformis fsp. tritici	biotic	field	single_pathogen_focus
ERR4315436	SAMEA7036078	species	1	0	no	27350	Puccinia striiformis fsp. tritici	biotic	field	single_pathogen_focus
ERR4315436	SAMEA7036078	genus	0	0	no	27350	Puccinia striiformis fsp. tritici	biotic	field	single_pathogen_focus
ERR4315437	SAMEA7036079	species	1	0	no	27350	Puccinia striiformis fsp. tritici	biotic	field	single_pathogen_focus
ERR4315437	SAMEA7036079	genus	0	0	no	27350	Puccinia striiformis fsp. tritici	biotic	field	single_pathogen_focus
ERR4315438	SAMEA7036080	species	2	1	yes	27350	Puccinia striiformis fsp. tritici	biotic	field	single_pathogen_focus
ERR4315438	SAMEA7036080	genus	0	0	no	27350	Puccinia striiformis fsp. tritici	biotic	field	single_pathogen_focus
ERR4315439	SAMEA7036081	species	2	1	yes	27350	Puccinia striiformis fsp. tritici	biotic	field	single_pathogen_focus
ERR4315439	SAMEA7036081	genus	0	0	no	27350	Puccinia striiformis fsp. tritici	biotic	field	single_pathogen_focus
ERR4315440	SAMEA7036082	species	4	3	yes	27350	Puccinia striiformis fsp. tritici	biotic	field	single_pathogen_focus
ERR4315440	SAMEA7036082	genus	0	0	no	27350	Puccinia striiformis fsp. tritici	biotic	field	single_pathogen_focus
ERR4315441	SAMEA7036083	species	1	0	no	27350	Puccinia striiformis fsp. tritici	biotic	field	single_pathogen_focus
ERR4315441	SAMEA7036083	genus	0	0	no	27350	Puccinia striiformis fsp. tritici	biotic	field	single_pathogen_focus
ERR4315442	SAMEA7036084	species	1	0	no	27350	Puccinia striiformis fsp. tritici	biotic	field	single_pathogen_focus
ERR4315442	SAMEA7036084	genus	0	0	no	27350	Puccinia striiformis fsp. tritici	biotic	field	single_pathogen_focus
ERR4315443	SAMEA7036085	species	2	1	yes	27350	Puccinia striiformis fsp. tritici	biotic	field	single_pathogen_focus
ERR4315443	SAMEA7036085	genus	0	0	no	27350	Puccinia striiformis fsp. tritici	biotic	field	single_pathogen_focus
ERR4315444	SAMEA7036086	species	1	0	no	27350	Puccinia striiformis fsp. tritici	biotic	field	single_pathogen_focus
ERR4315444	SAMEA7036086	genus	0	0	no	27350	Puccinia striiformis fsp. tritici	biotic	field	single_pathogen_focus
ERR4315445	SAMEA7036087	species	1	0	no	27350	Puccinia striiformis fsp. tritici	biotic	field	single_pathogen_focus
ERR4315445	SAMEA7036087	genus	0	0	no	27350	Puccinia striiformis fsp. tritici	biotic	field	single_pathogen_focus
ERR4315446	SAMEA7036088	species	1	0	no	27350	Puccinia striiformis fsp. tritici	biotic	field	single_pathogen_focus
ERR4315446	SAMEA7036088	genus	0	0	no	27350	Puccinia striiformis fsp. tritici	biotic	field	single_pathogen_focus
ERR4315447	SAMEA7036089	species	1	0	no	27350	Puccinia striiformis fsp. tritici	biotic	field	single_pathogen_focus
ERR4315447	SAMEA7036089	genus	0	0	no	27350	Puccinia striiformis fsp. tritici	biotic	field	single_pathogen_focus
ERR4315448	SAMEA7036090	species	3	2	yes	27350	Puccinia striiformis fsp. tritici	biotic	field	single_pathogen_focus
ERR4315448	SAMEA7036090	genus	0	0	no	27350	Puccinia striiformis fsp. tritici	biotic	field	single_pathogen_focus
ERR4315449	SAMEA7036091	species	1	0	no	27350	Puccinia striiformis fsp. tritici	biotic	field	single_pathogen_focus
ERR4315449	SAMEA7036091	genus	0	0	no	27350	Puccinia striiformis fsp. tritici	biotic	field	single_pathogen_focus
ERR4315450	SAMEA7036092	species	1	0	no	27350	Puccinia striiformis fsp. tritici	biotic	field	single_pathogen_focus
ERR4315450	SAMEA7036092	genus	0	0	no	27350	Puccinia striiformis fsp. tritici	biotic	field	single_pathogen_focus
ERR4315451	SAMEA7036093	species	1	0	no	27350	Puccinia striiformis fsp. tritici	biotic	field	single_pathogen_focus
ERR4315451	SAMEA7036093	genus	0	0	no	27350	Puccinia striiformis fsp. tritici	biotic	field	single_pathogen_focus
ERR4315452	SAMEA7036094	species	1	0	no	27350	Puccinia striiformis fsp. tritici	biotic	field	single_pathogen_focus
ERR4315452	SAMEA7036094	genus	0	0	no	27350	Puccinia striiformis fsp. tritici	biotic	field	single_pathogen_focus
ERR4315453	SAMEA7036095	species	1	0	no	27350	Puccinia striiformis fsp. tritici	biotic	field	single_pathogen_focus
ERR4315453	SAMEA7036095	genus	0	0	no	27350	Puccinia striiformis fsp. tritici	biotic	field	single_pathogen_focus
ERR4315454	SAMEA7036096	species	1	0	no	27350	Puccinia striiformis fsp. tritici	biotic	field	single_pathogen_focus
ERR4315454	SAMEA7036096	genus	0	0	no	27350	Puccinia striiformis fsp. tritici	biotic	field	single_pathogen_focus
ERR4315455	SAMEA7036097	species	1	0	no	27350	Puccinia striiformis fsp. tritici	biotic	field	single_pathogen_focus
ERR4315455	SAMEA7036097	genus	0	0	no	27350	Puccinia striiformis fsp. tritici	biotic	field	single_pathogen_focus
ERR4315456	SAMEA7036098	species	1	0	no	27350	Puccinia striiformis fsp. tritici	biotic	field	single_pathogen_focus
ERR4315456	SAMEA7036098	genus	0	0	no	27350	Puccinia striiformis fsp. tritici	biotic	field	single_pathogen_focus
ERR4315457	SAMEA7036099	species	2	1	yes	27350	Puccinia striiformis fsp. tritici	biotic	field	single_pathogen_focus
ERR4315457	SAMEA7036099	genus	0	0	no	27350	Puccinia striiformis fsp. tritici	biotic	field	single_pathogen_focus
ERR4315458	SAMEA7036100	species	3	2	yes	27350	Puccinia striiformis fsp. tritici	biotic	field	single_pathogen_focus
ERR4315458	SAMEA7036100	genus	0	0	no	27350	Puccinia striiformis fsp. tritici	biotic	field	single_pathogen_focus
ERR4315459	SAMEA7036101	species	1	0	no	27350	Puccinia striiformis fsp. tritici	biotic	field	single_pathogen_focus
ERR4315459	SAMEA7036101	genus	0	0	no	27350	Puccinia striiformis fsp. tritici	biotic	field	single_pathogen_focus
ERR4315460	SAMEA7036102	species	2	1	yes	27350	Puccinia striiformis fsp. tritici	biotic	field	single_pathogen_focus
ERR4315460	SAMEA7036102	genus	0	0	no	27350	Puccinia striiformis fsp. tritici	biotic	field	single_pathogen_focus
ERR4315461	SAMEA7036103	species	2	1	yes	27350	Puccinia striiformis fsp. tritici	biotic	field	single_pathogen_focus
ERR4315461	SAMEA7036103	genus	0	0	no	27350	Puccinia striiformis fsp. tritici	biotic	field	single_pathogen_focus
ERR4315462	SAMEA7036104	species	1	0	no	27350	Puccinia striiformis fsp. tritici	biotic	field	single_pathogen_focus
ERR4315462	SAMEA7036104	genus	0	0	no	27350	Puccinia striiformis fsp. tritici	biotic	field	single_pathogen_focus
ERR4315463	SAMEA7036105	species	1	0	no	27350	Puccinia striiformis fsp. tritici	biotic	field	single_pathogen_focus
ERR4315463	SAMEA7036105	genus	0	0	no	27350	Puccinia striiformis fsp. tritici	biotic	field	single_pathogen_focus
ERR4315464	SAMEA7036106	species	2	1	yes	27350	Puccinia striiformis fsp. tritici	biotic	field	single_pathogen_focus
ERR4315464	SAMEA7036106	genus	0	0	no	27350	Puccinia striiformis fsp. tritici	biotic	field	single_pathogen_focus
ERR4315465	SAMEA7036107	species	1	0	no	27350	Puccinia striiformis fsp. tritici	biotic	field	single_pathogen_focus
ERR4315465	SAMEA7036107	genus	0	0	no	27350	Puccinia striiformis fsp. tritici	biotic	field	single_pathogen_focus
ERR4315466	SAMEA7036108	species	1	0	no	27350	Puccinia striiformis fsp. tritici	biotic	field	single_pathogen_focus
ERR4315466	SAMEA7036108	genus	0	0	no	27350	Puccinia striiformis fsp. tritici	biotic	field	single_pathogen_focus
ERR4315467	SAMEA7036109	species	1	0	no	27350	Puccinia striiformis fsp. tritici	biotic	field	single_pathogen_focus
ERR4315467	SAMEA7036109	genus	0	0	no	27350	Puccinia striiformis fsp. tritici	biotic	field	single_pathogen_focus
ERR4315468	SAMEA7036110	species	1	0	no	27350	Puccinia striiformis fsp. tritici	biotic	field	single_pathogen_focus
ERR4315468	SAMEA7036110	genus	0	0	no	27350	Puccinia striiformis fsp. tritici	biotic	field	single_pathogen_focus
ERR4315469	SAMEA7036111	species	3	2	yes	27350	Puccinia striiformis fsp. tritici	biotic	field	single_pathogen_focus
ERR4315469	SAMEA7036111	genus	0	0	no	27350	Puccinia striiformis fsp. tritici	biotic	field	single_pathogen_focus
ERR4315470	SAMEA7036112	species	2	1	yes	27350	Puccinia striiformis fsp. tritici	biotic	field	single_pathogen_focus
ERR4315470	SAMEA7036112	genus	0	0	no	27350	Puccinia striiformis fsp. tritici	biotic	field	single_pathogen_focus
ERR4315471	SAMEA7036113	species	1	0	no	27350	Puccinia striiformis fsp. tritici	biotic	field	single_pathogen_focus
ERR4315471	SAMEA7036113	genus	0	0	no	27350	Puccinia striiformis fsp. tritici	biotic	field	single_pathogen_focus
ERR4315472	SAMEA7036114	species	1	0	no	27350	Puccinia striiformis fsp. tritici	biotic	field	single_pathogen_focus
ERR4315472	SAMEA7036114	genus	0	0	no	27350	Puccinia striiformis fsp. tritici	biotic	field	single_pathogen_focus
ERR4315473	SAMEA7036115	species	1	0	no	27350	Puccinia striiformis fsp. tritici	biotic	field	single_pathogen_focus
ERR4315473	SAMEA7036115	genus	0	0	no	27350	Puccinia striiformis fsp. tritici	biotic	field	single_pathogen_focus
ERR4315474	SAMEA7036116	species	1	0	no	27350	Puccinia striiformis fsp. tritici	biotic	field	single_pathogen_focus
ERR4315474	SAMEA7036116	genus	0	0	no	27350	Puccinia striiformis fsp. tritici	biotic	field	single_pathogen_focus
ERR4315475	SAMEA7036117	species	2	1	yes	27350	Puccinia striiformis fsp. tritici	biotic	field	single_pathogen_focus
ERR4315475	SAMEA7036117	genus	0	0	no	27350	Puccinia striiformis fsp. tritici	biotic	field	single_pathogen_focus
ERR4315476	SAMEA7036118	species	1	0	no	27350	Puccinia striiformis fsp. tritici	biotic	field	single_pathogen_focus
ERR4315476	SAMEA7036118	genus	0	0	no	27350	Puccinia striiformis fsp. tritici	biotic	field	single_pathogen_focus
ERR4315477	SAMEA7036119	species	1	0	no	27350	Puccinia striiformis fsp. tritici	biotic	field	single_pathogen_focus
ERR4315477	SAMEA7036119	genus	0	0	no	27350	Puccinia striiformis fsp. tritici	biotic	field	single_pathogen_focus
ERR4315478	SAMEA7036120	species	2	1	yes	27350	Puccinia striiformis fsp. tritici	biotic	field	single_pathogen_focus
ERR4315478	SAMEA7036120	genus	0	0	no	27350	Puccinia striiformis fsp. tritici	biotic	field	single_pathogen_focus
ERR4315479	SAMEA7036121	species	3	2	yes	27350	Puccinia striiformis fsp. tritici	biotic	field	single_pathogen_focus
ERR4315479	SAMEA7036121	genus	0	0	no	27350	Puccinia striiformis fsp. tritici	biotic	field	single_pathogen_focus
ERR4315480	SAMEA7036122	species	1	0	no	27350	Puccinia striiformis fsp. tritici	biotic	field	single_pathogen_focus
ERR4315480	SAMEA7036122	genus	0	0	no	27350	Puccinia striiformis fsp. tritici	biotic	field	single_pathogen_focus
ERR4315481	SAMEA7036123	species	3	2	yes	27350	Puccinia striiformis fsp. tritici	biotic	field	single_pathogen_focus
ERR4315481	SAMEA7036123	genus	0	0	no	27350	Puccinia striiformis fsp. tritici	biotic	field	single_pathogen_focus
ERR4315482	SAMEA7036124	species	2	1	yes	27350	Puccinia striiformis fsp. tritici	biotic	field	single_pathogen_focus
ERR4315482	SAMEA7036124	genus	0	0	no	27350	Puccinia striiformis fsp. tritici	biotic	field	single_pathogen_focus
ERR4315483	SAMEA7036125	species	1	0	no	27350	Puccinia striiformis fsp. tritici	biotic	field	single_pathogen_focus
ERR4315483	SAMEA7036125	genus	0	0	no	27350	Puccinia striiformis fsp. tritici	biotic	field	single_pathogen_focus
ERR4315484	SAMEA7036126	species	1	0	no	27350	Puccinia striiformis fsp. tritici	biotic	field	single_pathogen_focus
ERR4315484	SAMEA7036126	genus	0	0	no	27350	Puccinia striiformis fsp. tritici	biotic	field	single_pathogen_focus
ERR4315485	SAMEA7036127	species	2	1	yes	27350	Puccinia striiformis fsp. tritici	biotic	field	single_pathogen_focus
ERR4315485	SAMEA7036127	genus	0	0	no	27350	Puccinia striiformis fsp. tritici	biotic	field	single_pathogen_focus
ERR4315486	SAMEA7036128	species	1	0	no	27350	Puccinia striiformis fsp. tritici	biotic	field	single_pathogen_focus
ERR4315486	SAMEA7036128	genus	0	0	no	27350	Puccinia striiformis fsp. tritici	biotic	field	single_pathogen_focus
ERR4315487	SAMEA7036129	species	1	0	no	27350	Puccinia striiformis fsp. tritici	biotic	field	single_pathogen_focus
ERR4315487	SAMEA7036129	genus	0	0	no	27350	Puccinia striiformis fsp. tritici	biotic	field	single_pathogen_focus
ERR4315488	SAMEA7036130	species	2	1	yes	27350	Puccinia striiformis fsp. tritici	biotic	field	single_pathogen_focus
ERR4315488	SAMEA7036130	genus	0	0	no	27350	Puccinia striiformis fsp. tritici	biotic	field	single_pathogen_focus
ERR4315489	SAMEA7036131	species	2	1	yes	27350	Puccinia striiformis fsp. tritici	biotic	field	single_pathogen_focus
ERR4315489	SAMEA7036131	genus	0	0	no	27350	Puccinia striiformis fsp. tritici	biotic	field	single_pathogen_focus
ERR4315490	SAMEA7036132	species	5	4	yes	27350	Puccinia striiformis fsp. tritici	biotic	field	single_pathogen_focus
ERR4315490	SAMEA7036132	genus	0	0	no	27350	Puccinia striiformis fsp. tritici	biotic	field	single_pathogen_focus
ERR4315491	SAMEA7036133	species	3	2	yes	27350	Puccinia striiformis fsp. tritici	biotic	field	single_pathogen_focus
ERR4315491	SAMEA7036133	genus	0	0	no	27350	Puccinia striiformis fsp. tritici	biotic	field	single_pathogen_focus
ERR4315492	SAMEA7036134	species	3	2	yes	27350	Puccinia striiformis fsp. tritici	biotic	field	single_pathogen_focus
ERR4315492	SAMEA7036134	genus	0	0	no	27350	Puccinia striiformis fsp. tritici	biotic	field	single_pathogen_focus
ERR4315493	SAMEA7036135	species	1	0	no	27350	Puccinia striiformis fsp. tritici	biotic	field	single_pathogen_focus
ERR4315493	SAMEA7036135	genus	0	0	no	27350	Puccinia striiformis fsp. tritici	biotic	field	single_pathogen_focus
ERR4315494	SAMEA7036136	species	2	1	yes	27350	Puccinia striiformis fsp. tritici	biotic	field	single_pathogen_focus
ERR4315494	SAMEA7036136	genus	0	0	no	27350	Puccinia striiformis fsp. tritici	biotic	field	single_pathogen_focus
ERR4315495	SAMEA7036137	species	1	0	no	27350	Puccinia striiformis fsp. tritici	biotic	field	single_pathogen_focus
ERR4315495	SAMEA7036137	genus	0	0	no	27350	Puccinia striiformis fsp. tritici	biotic	field	single_pathogen_focus
ERR4315496	SAMEA7036138	species	2	1	yes	27350	Puccinia striiformis fsp. tritici	biotic	field	single_pathogen_focus
ERR4315496	SAMEA7036138	genus	0	0	no	27350	Puccinia striiformis fsp. tritici	biotic	field	single_pathogen_focus
ERR4315497	SAMEA7036139	species	1	0	no	27350	Puccinia striiformis fsp. tritici	biotic	field	single_pathogen_focus
ERR4315497	SAMEA7036139	genus	0	0	no	27350	Puccinia striiformis fsp. tritici	biotic	field	single_pathogen_focus
ERR4315498	SAMEA7036140	species	2	1	yes	27350	Puccinia striiformis fsp. tritici	biotic	field	single_pathogen_focus
ERR4315498	SAMEA7036140	genus	0	0	no	27350	Puccinia striiformis fsp. tritici	biotic	field	single_pathogen_focus
ERR4315499	SAMEA7036141	species	2	1	yes	27350	Puccinia striiformis fsp. tritici	biotic	field	single_pathogen_focus
ERR4315499	SAMEA7036141	genus	0	0	no	27350	Puccinia striiformis fsp. tritici	biotic	field	single_pathogen_focus
ERR4315500	SAMEA7036142	species	2	1	yes	27350	Puccinia striiformis fsp. tritici	biotic	field	single_pathogen_focus
ERR4315500	SAMEA7036142	genus	0	0	no	27350	Puccinia striiformis fsp. tritici	biotic	field	single_pathogen_focus
ERR4315501	SAMEA7036143	species	2	1	yes	27350	Puccinia striiformis fsp. tritici	biotic	field	single_pathogen_focus
ERR4315501	SAMEA7036143	genus	0	0	no	27350	Puccinia striiformis fsp. tritici	biotic	field	single_pathogen_focus
ERR4315502	SAMEA7036144	species	2	1	yes	27350	Puccinia striiformis fsp. tritici	biotic	field	single_pathogen_focus
ERR4315502	SAMEA7036144	genus	0	0	no	27350	Puccinia striiformis fsp. tritici	biotic	field	single_pathogen_focus
ERR4315503	SAMEA7036145	species	3	2	yes	27350	Puccinia striiformis fsp. tritici	biotic	field	single_pathogen_focus
ERR4315503	SAMEA7036145	genus	0	0	no	27350	Puccinia striiformis fsp. tritici	biotic	field	single_pathogen_focus
ERR4315504	SAMEA7036146	species	2	1	yes	27350	Puccinia striiformis fsp. tritici	biotic	field	single_pathogen_focus
ERR4315504	SAMEA7036146	genus	0	0	no	27350	Puccinia striiformis fsp. tritici	biotic	field	single_pathogen_focus
ERR4315505	SAMEA7036147	species	2	1	yes	27350	Puccinia striiformis fsp. tritici	biotic	field	single_pathogen_focus
ERR4315505	SAMEA7036147	genus	0	0	no	27350	Puccinia striiformis fsp. tritici	biotic	field	single_pathogen_focus
ERR4315506	SAMEA7036148	species	1	0	no	27350	Puccinia striiformis fsp. tritici	biotic	field	single_pathogen_focus
ERR4315506	SAMEA7036148	genus	0	0	no	27350	Puccinia striiformis fsp. tritici	biotic	field	single_pathogen_focus
ERR4315507	SAMEA7036149	species	2	1	yes	27350	Puccinia striiformis fsp. tritici	biotic	field	single_pathogen_focus
ERR4315507	SAMEA7036149	genus	0	0	no	27350	Puccinia striiformis fsp. tritici	biotic	field	single_pathogen_focus
ERR4315508	SAMEA7036150	species	2	1	yes	27350	Puccinia striiformis fsp. tritici	biotic	field	single_pathogen_focus
ERR4315508	SAMEA7036150	genus	0	0	no	27350	Puccinia striiformis fsp. tritici	biotic	field	single_pathogen_focus
ERR4315509	SAMEA7036151	species	3	2	yes	27350	Puccinia striiformis fsp. tritici	biotic	field	single_pathogen_focus
ERR4315509	SAMEA7036151	genus	0	0	no	27350	Puccinia striiformis fsp. tritici	biotic	field	single_pathogen_focus
ERR4315510	SAMEA7036152	species	2	1	yes	27350	Puccinia striiformis fsp. tritici	biotic	field	single_pathogen_focus
ERR4315510	SAMEA7036152	genus	0	0	no	27350	Puccinia striiformis fsp. tritici	biotic	field	single_pathogen_focus
ERR4315511	SAMEA7036153	species	2	1	yes	27350	Puccinia striiformis fsp. tritici	biotic	field	single_pathogen_focus
ERR4315511	SAMEA7036153	genus	0	0	no	27350	Puccinia striiformis fsp. tritici	biotic	field	single_pathogen_focus
ERR4315513	SAMEA7036155	species	1	0	no	27350	Puccinia striiformis fsp. tritici	biotic	field	single_pathogen_focus
ERR4315513	SAMEA7036155	genus	0	0	no	27350	Puccinia striiformis fsp. tritici	biotic	field	single_pathogen_focus
ERR4315514	SAMEA7036156	species	6	5	yes	27350	Puccinia striiformis fsp. tritici	biotic	field	single_pathogen_focus
ERR4315514	SAMEA7036156	genus	0	0	no	27350	Puccinia striiformis fsp. tritici	biotic	field	single_pathogen_focus
ERR4315515	SAMEA7036157	species	4	3	yes	27350	Puccinia striiformis fsp. tritici	biotic	field	single_pathogen_focus
ERR4315515	SAMEA7036157	genus	0	0	no	27350	Puccinia striiformis fsp. tritici	biotic	field	single_pathogen_focus
ERR4315516	SAMEA7036158	species	1	0	no	27350	Puccinia striiformis fsp. tritici	biotic	field	single_pathogen_focus
ERR4315516	SAMEA7036158	genus	0	0	no	27350	Puccinia striiformis fsp. tritici	biotic	field	single_pathogen_focus
ERR4315517	SAMEA7036159	species	3	2	yes	27350	Puccinia striiformis fsp. tritici	biotic	field	single_pathogen_focus
ERR4315517	SAMEA7036159	genus	0	0	no	27350	Puccinia striiformis fsp. tritici	biotic	field	single_pathogen_focus
ERR4315518	SAMEA7036160	species	1	0	no	27350	Puccinia striiformis fsp. tritici	biotic	field	single_pathogen_focus
ERR4315518	SAMEA7036160	genus	0	0	no	27350	Puccinia striiformis fsp. tritici	biotic	field	single_pathogen_focus
ERR4315519	SAMEA7036161	species	1	0	no	27350	Puccinia striiformis fsp. tritici	biotic	field	single_pathogen_focus
ERR4315519	SAMEA7036161	genus	0	0	no	27350	Puccinia striiformis fsp. tritici	biotic	field	single_pathogen_focus
ERR4315520	SAMEA7036162	species	2	1	yes	27350	Puccinia striiformis fsp. tritici	biotic	field	single_pathogen_focus
ERR4315520	SAMEA7036162	genus	0	0	no	27350	Puccinia striiformis fsp. tritici	biotic	field	single_pathogen_focus
ERR4315521	SAMEA7036163	species	2	1	yes	27350	Puccinia striiformis fsp. tritici	biotic	field	single_pathogen_focus
ERR4315521	SAMEA7036163	genus	0	0	no	27350	Puccinia striiformis fsp. tritici	biotic	field	single_pathogen_focus
ERR4315522	SAMEA7036164	species	6	5	yes	27350	Puccinia striiformis fsp. tritici	biotic	field	single_pathogen_focus
ERR4315522	SAMEA7036164	genus	0	0	no	27350	Puccinia striiformis fsp. tritici	biotic	field	single_pathogen_focus
ERR4315524	SAMEA7036166	species	2	1	yes	27350	Puccinia striiformis fsp. tritici	biotic	field	single_pathogen_focus
ERR4315524	SAMEA7036166	genus	0	0	no	27350	Puccinia striiformis fsp. tritici	biotic	field	single_pathogen_focus
ERR4315525	SAMEA7036167	species	4	3	yes	27350	Puccinia striiformis fsp. tritici	biotic	field	single_pathogen_focus
ERR4315525	SAMEA7036167	genus	0	0	no	27350	Puccinia striiformis fsp. tritici	biotic	field	single_pathogen_focus
ERR4315526	SAMEA7036169	species	3	2	yes	27350	Puccinia striiformis fsp. tritici	biotic	field	single_pathogen_focus
ERR4315526	SAMEA7036169	genus	0	0	no	27350	Puccinia striiformis fsp. tritici	biotic	field	single_pathogen_focus
ERR4315527	SAMEA7036170	species	1	0	no	27350	Puccinia striiformis fsp. tritici	biotic	field	single_pathogen_focus
ERR4315527	SAMEA7036170	genus	0	0	no	27350	Puccinia striiformis fsp. tritici	biotic	field	single_pathogen_focus
ERR4315528	SAMEA7036171	species	1	0	no	27350	Puccinia striiformis fsp. tritici	biotic	field	single_pathogen_focus
ERR4315528	SAMEA7036171	genus	0	0	no	27350	Puccinia striiformis fsp. tritici	biotic	field	single_pathogen_focus
ERR4315529	SAMEA7036172	species	1	0	no	27350	Puccinia striiformis fsp. tritici	biotic	field	single_pathogen_focus
ERR4315529	SAMEA7036172	genus	0	0	no	27350	Puccinia striiformis fsp. tritici	biotic	field	single_pathogen_focus
ERR4315530	SAMEA7036173	species	2	1	yes	27350	Puccinia striiformis fsp. tritici	biotic	field	single_pathogen_focus
ERR4315530	SAMEA7036173	genus	0	0	no	27350	Puccinia striiformis fsp. tritici	biotic	field	single_pathogen_focus
ERR4315531	SAMEA7036174	species	2	1	yes	27350	Puccinia striiformis fsp. tritici	biotic	field	single_pathogen_focus
ERR4315531	SAMEA7036174	genus	0	0	no	27350	Puccinia striiformis fsp. tritici	biotic	field	single_pathogen_focus
ERR4315532	SAMEA7036175	species	1	0	no	27350	Puccinia striiformis fsp. tritici	biotic	field	single_pathogen_focus
ERR4315532	SAMEA7036175	genus	0	0	no	27350	Puccinia striiformis fsp. tritici	biotic	field	single_pathogen_focus
ERR4315533	SAMEA7036176	species	2	1	yes	27350	Puccinia striiformis fsp. tritici	biotic	field	single_pathogen_focus
ERR4315533	SAMEA7036176	genus	0	0	no	27350	Puccinia striiformis fsp. tritici	biotic	field	single_pathogen_focus
ERR4315534	SAMEA7036177	species	1	0	no	27350	Puccinia striiformis fsp. tritici	biotic	field	single_pathogen_focus
ERR4315534	SAMEA7036177	genus	0	0	no	27350	Puccinia striiformis fsp. tritici	biotic	field	single_pathogen_focus
ERR4315535	SAMEA7036178	species	1	0	no	27350	Puccinia striiformis fsp. tritici	biotic	field	single_pathogen_focus
ERR4315535	SAMEA7036178	genus	0	0	no	27350	Puccinia striiformis fsp. tritici	biotic	field	single_pathogen_focus
ERR4315536	SAMEA7036179	species	3	2	yes	27350	Puccinia striiformis fsp. tritici	biotic	field	single_pathogen_focus
ERR4315536	SAMEA7036179	genus	0	0	no	27350	Puccinia striiformis fsp. tritici	biotic	field	single_pathogen_focus
ERR4315537	SAMEA7036180	species	2	1	yes	27350	Puccinia striiformis fsp. tritici	biotic	field	single_pathogen_focus
ERR4315537	SAMEA7036180	genus	0	0	no	27350	Puccinia striiformis fsp. tritici	biotic	field	single_pathogen_focus
ERR4315538	SAMEA7036181	species	1	0	no	27350	Puccinia striiformis fsp. tritici	biotic	field	single_pathogen_focus
ERR4315538	SAMEA7036181	genus	0	0	no	27350	Puccinia striiformis fsp. tritici	biotic	field	single_pathogen_focus
ERR4315539	SAMEA7036182	species	2	1	yes	27350	Puccinia striiformis fsp. tritici	biotic	field	single_pathogen_focus
ERR4315539	SAMEA7036182	genus	0	0	no	27350	Puccinia striiformis fsp. tritici	biotic	field	single_pathogen_focus
ERR4315540	SAMEA7036183	species	3	2	yes	27350	Puccinia striiformis fsp. tritici	biotic	field	single_pathogen_focus
ERR4315540	SAMEA7036183	genus	0	0	no	27350	Puccinia striiformis fsp. tritici	biotic	field	single_pathogen_focus
ERR4315541	SAMEA7036184	species	2	1	yes	27350	Puccinia striiformis fsp. tritici	biotic	field	single_pathogen_focus
ERR4315541	SAMEA7036184	genus	0	0	no	27350	Puccinia striiformis fsp. tritici	biotic	field	single_pathogen_focus
ERR4315542	SAMEA7036185	species	3	2	yes	27350	Puccinia striiformis fsp. tritici	biotic	field	single_pathogen_focus
ERR4315542	SAMEA7036185	genus	0	0	no	27350	Puccinia striiformis fsp. tritici	biotic	field	single_pathogen_focus
ERR4315543	SAMEA7036186	species	2	1	yes	27350	Puccinia striiformis fsp. tritici	biotic	field	single_pathogen_focus
ERR4315543	SAMEA7036186	genus	0	0	no	27350	Puccinia striiformis fsp. tritici	biotic	field	single_pathogen_focus
ERR4315544	SAMEA7036187	species	2	1	yes	27350	Puccinia striiformis fsp. tritici	biotic	field	single_pathogen_focus
ERR4315544	SAMEA7036187	genus	0	0	no	27350	Puccinia striiformis fsp. tritici	biotic	field	single_pathogen_focus
ERR4315545	SAMEA7036188	species	1	0	no	27350	Puccinia striiformis fsp. tritici	biotic	field	single_pathogen_focus
ERR4315545	SAMEA7036188	genus	0	0	no	27350	Puccinia striiformis fsp. tritici	biotic	field	single_pathogen_focus
ERR4315546	SAMEA7036189	species	4	3	yes	27350	Puccinia striiformis fsp. tritici	biotic	field	single_pathogen_focus
ERR4315546	SAMEA7036189	genus	0	0	no	27350	Puccinia striiformis fsp. tritici	biotic	field	single_pathogen_focus
ERR4315547	SAMEA7036190	species	3	2	yes	27350	Puccinia striiformis fsp. tritici	biotic	field	single_pathogen_focus
ERR4315547	SAMEA7036190	genus	0	0	no	27350	Puccinia striiformis fsp. tritici	biotic	field	single_pathogen_focus
ERR4315548	SAMEA7036191	species	1	0	no	27350	Puccinia striiformis fsp. tritici	biotic	field	single_pathogen_focus
ERR4315548	SAMEA7036191	genus	0	0	no	27350	Puccinia striiformis fsp. tritici	biotic	field	single_pathogen_focus
ERR4315549	SAMEA7036192	species	5	4	yes	27350	Puccinia striiformis fsp. tritici	biotic	field	single_pathogen_focus
ERR4315549	SAMEA7036192	genus	0	0	no	27350	Puccinia striiformis fsp. tritici	biotic	field	single_pathogen_focus
ERR4315550	SAMEA7036193	species	3	2	yes	27350	Puccinia striiformis fsp. tritici	biotic	field	single_pathogen_focus
ERR4315550	SAMEA7036193	genus	0	0	no	27350	Puccinia striiformis fsp. tritici	biotic	field	single_pathogen_focus
ERR4315551	SAMEA7036194	species	3	2	yes	27350	Puccinia striiformis fsp. tritici	biotic	field	single_pathogen_focus
ERR4315551	SAMEA7036194	genus	0	0	no	27350	Puccinia striiformis fsp. tritici	biotic	field	single_pathogen_focus
ERR4315552	SAMEA7036195	species	2	1	yes	27350	Puccinia striiformis fsp. tritici	biotic	field	single_pathogen_focus
ERR4315552	SAMEA7036195	genus	0	0	no	27350	Puccinia striiformis fsp. tritici	biotic	field	single_pathogen_focus
ERR4315553	SAMEA7036196	species	2	1	yes	27350	Puccinia striiformis fsp. tritici	biotic	field	single_pathogen_focus
ERR4315553	SAMEA7036196	genus	0	0	no	27350	Puccinia striiformis fsp. tritici	biotic	field	single_pathogen_focus
ERR4315554	SAMEA7036197	species	2	1	yes	27350	Puccinia striiformis fsp. tritici	biotic	field	single_pathogen_focus
ERR4315554	SAMEA7036197	genus	0	0	no	27350	Puccinia striiformis fsp. tritici	biotic	field	single_pathogen_focus
ERR4315555	SAMEA7036198	species	1	0	no	27350	Puccinia striiformis fsp. tritici	biotic	field	single_pathogen_focus
ERR4315555	SAMEA7036198	genus	0	0	no	27350	Puccinia striiformis fsp. tritici	biotic	field	single_pathogen_focus
ERR4315556	SAMEA7036199	species	2	1	yes	27350	Puccinia striiformis fsp. tritici	biotic	field	single_pathogen_focus
ERR4315556	SAMEA7036199	genus	0	0	no	27350	Puccinia striiformis fsp. tritici	biotic	field	single_pathogen_focus
ERR4315557	SAMEA7036200	species	2	1	yes	27350	Puccinia striiformis fsp. tritici	biotic	field	single_pathogen_focus
ERR4315557	SAMEA7036200	genus	0	0	no	27350	Puccinia striiformis fsp. tritici	biotic	field	single_pathogen_focus
ERR4315558	SAMEA7036201	species	1	0	no	27350	Puccinia striiformis fsp. tritici	biotic	field	single_pathogen_focus
ERR4315558	SAMEA7036201	genus	0	0	no	27350	Puccinia striiformis fsp. tritici	biotic	field	single_pathogen_focus
ERR4315559	SAMEA7036202	species	1	0	no	27350	Puccinia striiformis fsp. tritici	biotic	field	single_pathogen_focus
ERR4315559	SAMEA7036202	genus	0	0	no	27350	Puccinia striiformis fsp. tritici	biotic	field	single_pathogen_focus
ERR4315560	SAMEA7036203	species	1	0	no	27350	Puccinia striiformis fsp. tritici	biotic	field	single_pathogen_focus
ERR4315560	SAMEA7036203	genus	0	0	no	27350	Puccinia striiformis fsp. tritici	biotic	field	single_pathogen_focus
ERR4315561	SAMEA7036204	species	2	1	yes	27350	Puccinia striiformis fsp. tritici	biotic	field	single_pathogen_focus
ERR4315561	SAMEA7036204	genus	0	0	no	27350	Puccinia striiformis fsp. tritici	biotic	field	single_pathogen_focus
ERR4315562	SAMEA7036205	species	1	0	no	27350	Puccinia striiformis fsp. tritici	biotic	field	single_pathogen_focus
ERR4315562	SAMEA7036205	genus	0	0	no	27350	Puccinia striiformis fsp. tritici	biotic	field	single_pathogen_focus
ERR4315563	SAMEA7036206	species	1	0	no	27350	Puccinia striiformis fsp. tritici	biotic	field	single_pathogen_focus
ERR4315563	SAMEA7036206	genus	0	0	no	27350	Puccinia striiformis fsp. tritici	biotic	field	single_pathogen_focus
ERR4315564	SAMEA7036207	species	2	1	yes	27350	Puccinia striiformis fsp. tritici	biotic	field	single_pathogen_focus
ERR4315564	SAMEA7036207	genus	0	0	no	27350	Puccinia striiformis fsp. tritici	biotic	field	single_pathogen_focus
ERR4315565	SAMEA7036208	species	1	0	no	27350	Puccinia striiformis fsp. tritici	biotic	field	single_pathogen_focus
ERR4315565	SAMEA7036208	genus	0	0	no	27350	Puccinia striiformis fsp. tritici	biotic	field	single_pathogen_focus
ERR4315566	SAMEA7036209	species	2	1	yes	27350	Puccinia striiformis fsp. tritici	biotic	field	single_pathogen_focus
ERR4315566	SAMEA7036209	genus	0	0	no	27350	Puccinia striiformis fsp. tritici	biotic	field	single_pathogen_focus
ERR4315567	SAMEA7036210	species	1	0	no	27350	Puccinia striiformis fsp. tritici	biotic	field	single_pathogen_focus
ERR4315567	SAMEA7036210	genus	0	0	no	27350	Puccinia striiformis fsp. tritici	biotic	field	single_pathogen_focus
ERR4315568	SAMEA7036211	species	1	0	no	27350	Puccinia striiformis fsp. tritici	biotic	field	single_pathogen_focus
ERR4315568	SAMEA7036211	genus	0	0	no	27350	Puccinia striiformis fsp. tritici	biotic	field	single_pathogen_focus
ERR4315569	SAMEA7036212	species	2	1	yes	27350	Puccinia striiformis fsp. tritici	biotic	field	single_pathogen_focus
ERR4315569	SAMEA7036212	genus	0	0	no	27350	Puccinia striiformis fsp. tritici	biotic	field	single_pathogen_focus
ERR4315570	SAMEA7036213	species	1	0	no	27350	Puccinia striiformis fsp. tritici	biotic	field	single_pathogen_focus
ERR4315570	SAMEA7036213	genus	0	0	no	27350	Puccinia striiformis fsp. tritici	biotic	field	single_pathogen_focus
ERR4315571	SAMEA7036214	species	2	1	yes	27350	Puccinia striiformis fsp. tritici	biotic	field	single_pathogen_focus
ERR4315571	SAMEA7036214	genus	0	0	no	27350	Puccinia striiformis fsp. tritici	biotic	field	single_pathogen_focus
ERR4315572	SAMEA7036215	species	3	2	yes	27350	Puccinia striiformis fsp. tritici	biotic	field	single_pathogen_focus
ERR4315572	SAMEA7036215	genus	0	0	no	27350	Puccinia striiformis fsp. tritici	biotic	field	single_pathogen_focus
ERR4315573	SAMEA7036216	species	2	1	yes	27350	Puccinia striiformis fsp. tritici	biotic	field	single_pathogen_focus
ERR4315573	SAMEA7036216	genus	0	0	no	27350	Puccinia striiformis fsp. tritici	biotic	field	single_pathogen_focus
ERR4315574	SAMEA7036217	species	1	0	no	27350	Puccinia striiformis fsp. tritici	biotic	field	single_pathogen_focus
ERR4315574	SAMEA7036217	genus	0	0	no	27350	Puccinia striiformis fsp. tritici	biotic	field	single_pathogen_focus
ERR4315575	SAMEA7036218	species	3	2	yes	27350	Puccinia striiformis fsp. tritici	biotic	field	single_pathogen_focus
ERR4315575	SAMEA7036218	genus	0	0	no	27350	Puccinia striiformis fsp. tritici	biotic	field	single_pathogen_focus
ERR4315576	SAMEA7036219	species	4	3	yes	27350	Puccinia striiformis fsp. tritici	biotic	field	single_pathogen_focus
ERR4315576	SAMEA7036219	genus	0	0	no	27350	Puccinia striiformis fsp. tritici	biotic	field	single_pathogen_focus
ERR4315577	SAMEA7036220	species	2	1	yes	27350	Puccinia striiformis fsp. tritici	biotic	field	single_pathogen_focus
ERR4315577	SAMEA7036220	genus	0	0	no	27350	Puccinia striiformis fsp. tritici	biotic	field	single_pathogen_focus
ERR4315578	SAMEA7036221	species	1	0	no	27350	Puccinia striiformis fsp. tritici	biotic	field	single_pathogen_focus
ERR4315578	SAMEA7036221	genus	0	0	no	27350	Puccinia striiformis fsp. tritici	biotic	field	single_pathogen_focus
ERR4315579	SAMEA7036222	species	2	1	yes	27350	Puccinia striiformis fsp. tritici	biotic	field	single_pathogen_focus
ERR4315579	SAMEA7036222	genus	0	0	no	27350	Puccinia striiformis fsp. tritici	biotic	field	single_pathogen_focus
ERR4315580	SAMEA7036223	species	2	1	yes	27350	Puccinia striiformis fsp. tritici	biotic	field	single_pathogen_focus
ERR4315580	SAMEA7036223	genus	0	0	no	27350	Puccinia striiformis fsp. tritici	biotic	field	single_pathogen_focus
ERR4315581	SAMEA7036224	species	1	0	no	27350	Puccinia striiformis fsp. tritici	biotic	field	single_pathogen_focus
ERR4315581	SAMEA7036224	genus	0	0	no	27350	Puccinia striiformis fsp. tritici	biotic	field	single_pathogen_focus
ERR4315582	SAMEA7036225	species	3	2	yes	27350	Puccinia striiformis fsp. tritici	biotic	field	single_pathogen_focus
ERR4315582	SAMEA7036225	genus	0	0	no	27350	Puccinia striiformis fsp. tritici	biotic	field	single_pathogen_focus
ERR4315583	SAMEA7036226	species	4	3	yes	27350	Puccinia striiformis fsp. tritici	biotic	field	single_pathogen_focus
ERR4315583	SAMEA7036226	genus	0	0	no	27350	Puccinia striiformis fsp. tritici	biotic	field	single_pathogen_focus
ERR4315584	SAMEA7036227	species	3	2	yes	27350	Puccinia striiformis fsp. tritici	biotic	field	single_pathogen_focus
ERR4315584	SAMEA7036227	genus	0	0	no	27350	Puccinia striiformis fsp. tritici	biotic	field	single_pathogen_focus
ERR4315585	SAMEA7036228	species	2	1	yes	27350	Puccinia striiformis fsp. tritici	biotic	field	single_pathogen_focus
ERR4315585	SAMEA7036228	genus	0	0	no	27350	Puccinia striiformis fsp. tritici	biotic	field	single_pathogen_focus
ERR4315586	SAMEA7036229	species	4	3	yes	27350	Puccinia striiformis fsp. tritici	biotic	field	single_pathogen_focus
ERR4315586	SAMEA7036229	genus	0	0	no	27350	Puccinia striiformis fsp. tritici	biotic	field	single_pathogen_focus
ERR4315587	SAMEA7036230	species	4	3	yes	27350	Puccinia striiformis fsp. tritici	biotic	field	single_pathogen_focus
ERR4315587	SAMEA7036230	genus	0	0	no	27350	Puccinia striiformis fsp. tritici	biotic	field	single_pathogen_focus
ERR4315588	SAMEA7036231	species	1	0	no	27350	Puccinia striiformis fsp. tritici	biotic	field	single_pathogen_focus
ERR4315588	SAMEA7036231	genus	0	0	no	27350	Puccinia striiformis fsp. tritici	biotic	field	single_pathogen_focus
ERR4315589	SAMEA7036232	species	2	1	yes	27350	Puccinia striiformis fsp. tritici	biotic	field	single_pathogen_focus
ERR4315589	SAMEA7036232	genus	0	0	no	27350	Puccinia striiformis fsp. tritici	biotic	field	single_pathogen_focus
ERR4315590	SAMEA7036233	species	2	1	yes	27350	Puccinia striiformis fsp. tritici	biotic	field	single_pathogen_focus
ERR4315590	SAMEA7036233	genus	0	0	no	27350	Puccinia striiformis fsp. tritici	biotic	field	single_pathogen_focus
ERR4315591	SAMEA7036234	species	1	0	no	27350	Puccinia striiformis fsp. tritici	biotic	field	single_pathogen_focus
ERR4315591	SAMEA7036234	genus	0	0	no	27350	Puccinia striiformis fsp. tritici	biotic	field	single_pathogen_focus
ERR4315592	SAMEA7036235	species	3	2	yes	27350	Puccinia striiformis fsp. tritici	biotic	field	single_pathogen_focus
ERR4315592	SAMEA7036235	genus	0	0	no	27350	Puccinia striiformis fsp. tritici	biotic	field	single_pathogen_focus
ERR4315593	SAMEA7036236	species	3	2	yes	27350	Puccinia striiformis fsp. tritici	biotic	field	single_pathogen_focus
ERR4315593	SAMEA7036236	genus	0	0	no	27350	Puccinia striiformis fsp. tritici	biotic	field	single_pathogen_focus
ERR4315594	SAMEA7036237	species	2	1	yes	27350	Puccinia striiformis fsp. tritici	biotic	field	single_pathogen_focus
ERR4315594	SAMEA7036237	genus	0	0	no	27350	Puccinia striiformis fsp. tritici	biotic	field	single_pathogen_focus
ERR4315595	SAMEA7036238	species	3	2	yes	27350	Puccinia striiformis fsp. tritici	biotic	field	single_pathogen_focus
ERR4315595	SAMEA7036238	genus	0	0	no	27350	Puccinia striiformis fsp. tritici	biotic	field	single_pathogen_focus
ERR4315596	SAMEA7036239	species	3	2	yes	27350	Puccinia striiformis fsp. tritici	biotic	field	single_pathogen_focus
ERR4315596	SAMEA7036239	genus	0	0	no	27350	Puccinia striiformis fsp. tritici	biotic	field	single_pathogen_focus
ERR4315597	SAMEA7036240	species	3	2	yes	27350	Puccinia striiformis fsp. tritici	biotic	field	single_pathogen_focus
ERR4315597	SAMEA7036240	genus	0	0	no	27350	Puccinia striiformis fsp. tritici	biotic	field	single_pathogen_focus
ERR4315598	SAMEA7036241	species	2	1	yes	27350	Puccinia striiformis fsp. tritici	biotic	field	single_pathogen_focus
ERR4315598	SAMEA7036241	genus	0	0	no	27350	Puccinia striiformis fsp. tritici	biotic	field	single_pathogen_focus
ERR4315599	SAMEA7036242	species	2	1	yes	27350	Puccinia striiformis fsp. tritici	biotic	field	single_pathogen_focus
ERR4315599	SAMEA7036242	genus	0	0	no	27350	Puccinia striiformis fsp. tritici	biotic	field	single_pathogen_focus
ERR4315600	SAMEA7036243	species	2	1	yes	27350	Puccinia striiformis fsp. tritici	biotic	field	single_pathogen_focus
ERR4315600	SAMEA7036243	genus	0	0	no	27350	Puccinia striiformis fsp. tritici	biotic	field	single_pathogen_focus
ERR4315601	SAMEA7036244	species	3	2	yes	27350	Puccinia striiformis fsp. tritici	biotic	field	single_pathogen_focus
ERR4315601	SAMEA7036244	genus	0	0	no	27350	Puccinia striiformis fsp. tritici	biotic	field	single_pathogen_focus
ERR4315602	SAMEA7036245	species	1	0	no	27350	Puccinia striiformis fsp. tritici	biotic	field	single_pathogen_focus
ERR4315602	SAMEA7036245	genus	0	0	no	27350	Puccinia striiformis fsp. tritici	biotic	field	single_pathogen_focus
ERR4315603	SAMEA7036246	species	2	1	yes	27350	Puccinia striiformis fsp. tritici	biotic	field	single_pathogen_focus
ERR4315603	SAMEA7036246	genus	0	0	no	27350	Puccinia striiformis fsp. tritici	biotic	field	single_pathogen_focus
ERR4315604	SAMEA7036247	species	6	5	yes	27350	Puccinia striiformis fsp. tritici	biotic	field	single_pathogen_focus
ERR4315604	SAMEA7036247	genus	0	0	no	27350	Puccinia striiformis fsp. tritici	biotic	field	single_pathogen_focus
ERR4315605	SAMEA7036248	species	5	4	yes	27350	Puccinia striiformis fsp. tritici	biotic	field	single_pathogen_focus
ERR4315605	SAMEA7036248	genus	0	0	no	27350	Puccinia striiformis fsp. tritici	biotic	field	single_pathogen_focus
ERR4315606	SAMEA7036249	species	4	3	yes	27350	Puccinia striiformis fsp. tritici	biotic	field	single_pathogen_focus
ERR4315606	SAMEA7036249	genus	0	0	no	27350	Puccinia striiformis fsp. tritici	biotic	field	single_pathogen_focus
ERR4315607	SAMEA7036250	species	7	6	yes	27350	Puccinia striiformis fsp. tritici	biotic	field	single_pathogen_focus
ERR4315607	SAMEA7036250	genus	0	0	no	27350	Puccinia striiformis fsp. tritici	biotic	field	single_pathogen_focus
ERR4315608	SAMEA7036251	species	3	2	yes	27350	Puccinia striiformis fsp. tritici	biotic	field	single_pathogen_focus
ERR4315608	SAMEA7036251	genus	0	0	no	27350	Puccinia striiformis fsp. tritici	biotic	field	single_pathogen_focus
ERR4315609	SAMEA7036252	species	6	5	yes	27350	Puccinia striiformis fsp. tritici	biotic	field	single_pathogen_focus
ERR4315609	SAMEA7036252	genus	0	0	no	27350	Puccinia striiformis fsp. tritici	biotic	field	single_pathogen_focus
ERR4315610	SAMEA7036253	species	5	4	yes	27350	Puccinia striiformis fsp. tritici	biotic	field	single_pathogen_focus
ERR4315610	SAMEA7036253	genus	0	0	no	27350	Puccinia striiformis fsp. tritici	biotic	field	single_pathogen_focus
ERR4315611	SAMEA7036254	species	5	4	yes	27350	Puccinia striiformis fsp. tritici	biotic	field	single_pathogen_focus
ERR4315611	SAMEA7036254	genus	0	0	no	27350	Puccinia striiformis fsp. tritici	biotic	field	single_pathogen_focus
ERR4315612	SAMEA7036255	species	4	3	yes	27350	Puccinia striiformis fsp. tritici	biotic	field	single_pathogen_focus
ERR4315612	SAMEA7036255	genus	0	0	no	27350	Puccinia striiformis fsp. tritici	biotic	field	single_pathogen_focus
ERR4315613	SAMEA7036256	species	4	3	yes	27350	Puccinia striiformis fsp. tritici	biotic	field	single_pathogen_focus
ERR4315613	SAMEA7036256	genus	0	0	no	27350	Puccinia striiformis fsp. tritici	biotic	field	single_pathogen_focus
ERR4315614	SAMEA7036257	species	4	3	yes	27350	Puccinia striiformis fsp. tritici	biotic	field	single_pathogen_focus
ERR4315614	SAMEA7036257	genus	0	0	no	27350	Puccinia striiformis fsp. tritici	biotic	field	single_pathogen_focus
ERR4315615	SAMEA7036258	species	5	4	yes	27350	Puccinia striiformis fsp. tritici	biotic	field	single_pathogen_focus
ERR4315615	SAMEA7036258	genus	0	0	no	27350	Puccinia striiformis fsp. tritici	biotic	field	single_pathogen_focus
ERR4315616	SAMEA7036259	species	6	5	yes	27350	Puccinia striiformis fsp. tritici	biotic	field	single_pathogen_focus
ERR4315616	SAMEA7036259	genus	0	0	no	27350	Puccinia striiformis fsp. tritici	biotic	field	single_pathogen_focus
ERR4315617	SAMEA7036260	species	7	6	yes	27350	Puccinia striiformis fsp. tritici	biotic	field	single_pathogen_focus
ERR4315617	SAMEA7036260	genus	0	0	no	27350	Puccinia striiformis fsp. tritici	biotic	field	single_pathogen_focus
ERR4315618	SAMEA7036261	species	1	0	no	27350	Puccinia striiformis fsp. tritici	biotic	field	single_pathogen_focus
ERR4315618	SAMEA7036261	genus	0	0	no	27350	Puccinia striiformis fsp. tritici	biotic	field	single_pathogen_focus
ERR4315619	SAMEA7036262	species	2	1	yes	27350	Puccinia striiformis fsp. tritici	biotic	field	single_pathogen_focus
ERR4315619	SAMEA7036262	genus	0	0	no	27350	Puccinia striiformis fsp. tritici	biotic	field	single_pathogen_focus
ERR4315620	SAMEA7036263	species	2	1	yes	27350	Puccinia striiformis fsp. tritici	biotic	field	single_pathogen_focus
ERR4315620	SAMEA7036263	genus	0	0	no	27350	Puccinia striiformis fsp. tritici	biotic	field	single_pathogen_focus
ERR4315621	SAMEA7036264	species	2	1	yes	27350	Puccinia striiformis fsp. tritici	biotic	field	single_pathogen_focus
ERR4315621	SAMEA7036264	genus	0	0	no	27350	Puccinia striiformis fsp. tritici	biotic	field	single_pathogen_focus
ERR4315622	SAMEA7036265	species	1	0	no	27350	Puccinia striiformis fsp. tritici	biotic	field	single_pathogen_focus
ERR4315622	SAMEA7036265	genus	0	0	no	27350	Puccinia striiformis fsp. tritici	biotic	field	single_pathogen_focus
ERR4315623	SAMEA7036266	species	2	1	yes	27350	Puccinia striiformis fsp. tritici	biotic	field	single_pathogen_focus
ERR4315623	SAMEA7036266	genus	0	0	no	27350	Puccinia striiformis fsp. tritici	biotic	field	single_pathogen_focus
ERR4315624	SAMEA7036267	species	2	1	yes	27350	Puccinia striiformis fsp. tritici	biotic	field	single_pathogen_focus
ERR4315624	SAMEA7036267	genus	0	0	no	27350	Puccinia striiformis fsp. tritici	biotic	field	single_pathogen_focus
ERR4315625	SAMEA7036268	species	1	0	no	27350	Puccinia striiformis fsp. tritici	biotic	field	single_pathogen_focus
ERR4315625	SAMEA7036268	genus	0	0	no	27350	Puccinia striiformis fsp. tritici	biotic	field	single_pathogen_focus
ERR4315626	SAMEA7036269	species	1	0	no	27350	Puccinia striiformis fsp. tritici	biotic	field	single_pathogen_focus
ERR4315626	SAMEA7036269	genus	0	0	no	27350	Puccinia striiformis fsp. tritici	biotic	field	single_pathogen_focus
ERR4315627	SAMEA7036270	species	1	0	no	27350	Puccinia striiformis fsp. tritici	biotic	field	single_pathogen_focus
ERR4315627	SAMEA7036270	genus	0	0	no	27350	Puccinia striiformis fsp. tritici	biotic	field	single_pathogen_focus
ERR4315628	SAMEA7036271	species	1	0	no	27350	Puccinia striiformis fsp. tritici	biotic	field	single_pathogen_focus
ERR4315628	SAMEA7036271	genus	0	0	no	27350	Puccinia striiformis fsp. tritici	biotic	field	single_pathogen_focus
ERR4315629	SAMEA7036272	species	1	0	no	27350	Puccinia striiformis fsp. tritici	biotic	field	single_pathogen_focus
ERR4315629	SAMEA7036272	genus	0	0	no	27350	Puccinia striiformis fsp. tritici	biotic	field	single_pathogen_focus
ERR4315630	SAMEA7036273	species	1	0	no	27350	Puccinia striiformis fsp. tritici	biotic	field	single_pathogen_focus
ERR4315630	SAMEA7036273	genus	0	0	no	27350	Puccinia striiformis fsp. tritici	biotic	field	single_pathogen_focus
ERR4315631	SAMEA7036274	species	2	1	yes	27350	Puccinia striiformis fsp. tritici	biotic	field	single_pathogen_focus
ERR4315631	SAMEA7036274	genus	0	0	no	27350	Puccinia striiformis fsp. tritici	biotic	field	single_pathogen_focus
ERR4315632	SAMEA7036275	species	2	1	yes	27350	Puccinia striiformis fsp. tritici	biotic	field	single_pathogen_focus
ERR4315632	SAMEA7036275	genus	0	0	no	27350	Puccinia striiformis fsp. tritici	biotic	field	single_pathogen_focus
ERR4315633	SAMEA7036276	species	3	2	yes	27350	Puccinia striiformis fsp. tritici	biotic	field	single_pathogen_focus
ERR4315633	SAMEA7036276	genus	0	0	no	27350	Puccinia striiformis fsp. tritici	biotic	field	single_pathogen_focus
ERR4315634	SAMEA7036277	species	2	1	yes	27350	Puccinia striiformis fsp. tritici	biotic	field	single_pathogen_focus
ERR4315634	SAMEA7036277	genus	0	0	no	27350	Puccinia striiformis fsp. tritici	biotic	field	single_pathogen_focus
ERR4315635	SAMEA7036278	species	2	1	yes	27350	Puccinia striiformis fsp. tritici	biotic	field	single_pathogen_focus
ERR4315635	SAMEA7036278	genus	0	0	no	27350	Puccinia striiformis fsp. tritici	biotic	field	single_pathogen_focus
ERR4315636	SAMEA7036279	species	3	2	yes	27350	Puccinia striiformis fsp. tritici	biotic	field	single_pathogen_focus
ERR4315636	SAMEA7036279	genus	0	0	no	27350	Puccinia striiformis fsp. tritici	biotic	field	single_pathogen_focus
ERR4315637	SAMEA7036280	species	1	0	no	27350	Puccinia striiformis fsp. tritici	biotic	field	single_pathogen_focus
ERR4315637	SAMEA7036280	genus	0	0	no	27350	Puccinia striiformis fsp. tritici	biotic	field	single_pathogen_focus
ERR4315638	SAMEA7036281	species	1	0	no	27350	Puccinia striiformis fsp. tritici	biotic	field	single_pathogen_focus
ERR4315638	SAMEA7036281	genus	0	0	no	27350	Puccinia striiformis fsp. tritici	biotic	field	single_pathogen_focus
ERR4315639	SAMEA7036282	species	1	0	no	27350	Puccinia striiformis fsp. tritici	biotic	field	single_pathogen_focus
ERR4315639	SAMEA7036282	genus	0	0	no	27350	Puccinia striiformis fsp. tritici	biotic	field	single_pathogen_focus
ERR4315640	SAMEA7036283	species	2	1	yes	27350	Puccinia striiformis fsp. tritici	biotic	field	single_pathogen_focus
ERR4315640	SAMEA7036283	genus	0	0	no	27350	Puccinia striiformis fsp. tritici	biotic	field	single_pathogen_focus
ERR4315641	SAMEA7036284	species	1	0	no	27350	Puccinia striiformis fsp. tritici	biotic	field	single_pathogen_focus
ERR4315641	SAMEA7036284	genus	0	0	no	27350	Puccinia striiformis fsp. tritici	biotic	field	single_pathogen_focus
ERR4315642	SAMEA7036285	species	1	0	no	27350	Puccinia striiformis fsp. tritici	biotic	field	single_pathogen_focus
ERR4315642	SAMEA7036285	genus	0	0	no	27350	Puccinia striiformis fsp. tritici	biotic	field	single_pathogen_focus
ERR4315643	SAMEA7036286	species	1	0	no	27350	Puccinia striiformis fsp. tritici	biotic	field	single_pathogen_focus
ERR4315643	SAMEA7036286	genus	0	0	no	27350	Puccinia striiformis fsp. tritici	biotic	field	single_pathogen_focus
ERR4315644	SAMEA7036287	species	1	0	no	27350	Puccinia striiformis fsp. tritici	biotic	field	single_pathogen_focus
ERR4315644	SAMEA7036287	genus	0	0	no	27350	Puccinia striiformis fsp. tritici	biotic	field	single_pathogen_focus
ERR4315645	SAMEA7036288	species	2	1	yes	27350	Puccinia striiformis fsp. tritici	biotic	field	single_pathogen_focus
ERR4315645	SAMEA7036288	genus	0	0	no	27350	Puccinia striiformis fsp. tritici	biotic	field	single_pathogen_focus
ERR4315646	SAMEA7036289	species	1	0	no	27350	Puccinia striiformis fsp. tritici	biotic	field	single_pathogen_focus
ERR4315646	SAMEA7036289	genus	0	0	no	27350	Puccinia striiformis fsp. tritici	biotic	field	single_pathogen_focus
ERR4315648	SAMEA7036291	species	3	2	yes	27350	Puccinia striiformis fsp. tritici	biotic	field	single_pathogen_focus
ERR4315648	SAMEA7036291	genus	0	0	no	27350	Puccinia striiformis fsp. tritici	biotic	field	single_pathogen_focus
ERR4315649	SAMEA7036292	species	2	1	yes	27350	Puccinia striiformis fsp. tritici	biotic	field	single_pathogen_focus
ERR4315649	SAMEA7036292	genus	0	0	no	27350	Puccinia striiformis fsp. tritici	biotic	field	single_pathogen_focus
ERR4315650	SAMEA7036293	species	1	0	no	27350	Puccinia striiformis fsp. tritici	biotic	field	single_pathogen_focus
ERR4315650	SAMEA7036293	genus	0	0	no	27350	Puccinia striiformis fsp. tritici	biotic	field	single_pathogen_focus
ERR4315651	SAMEA7036294	species	2	1	yes	27350	Puccinia striiformis fsp. tritici	biotic	field	single_pathogen_focus
ERR4315651	SAMEA7036294	genus	0	0	no	27350	Puccinia striiformis fsp. tritici	biotic	field	single_pathogen_focus
ERR4315652	SAMEA7036295	species	1	0	no	27350	Puccinia striiformis fsp. tritici	biotic	field	single_pathogen_focus
ERR4315652	SAMEA7036295	genus	0	0	no	27350	Puccinia striiformis fsp. tritici	biotic	field	single_pathogen_focus
ERR4315653	SAMEA7036296	species	1	0	no	27350	Puccinia striiformis fsp. tritici	biotic	field	single_pathogen_focus
ERR4315653	SAMEA7036296	genus	0	0	no	27350	Puccinia striiformis fsp. tritici	biotic	field	single_pathogen_focus
ERR4315654	SAMEA7036297	species	1	0	no	27350	Puccinia striiformis fsp. tritici	biotic	field	single_pathogen_focus
ERR4315654	SAMEA7036297	genus	0	0	no	27350	Puccinia striiformis fsp. tritici	biotic	field	single_pathogen_focus
ERR4315655	SAMEA7036298	species	2	1	yes	27350	Puccinia striiformis fsp. tritici	biotic	field	single_pathogen_focus
ERR4315655	SAMEA7036298	genus	0	0	no	27350	Puccinia striiformis fsp. tritici	biotic	field	single_pathogen_focus
ERR4315656	SAMEA7036299	species	2	1	yes	27350	Puccinia striiformis fsp. tritici	biotic	field	single_pathogen_focus
ERR4315656	SAMEA7036299	genus	0	0	no	27350	Puccinia striiformis fsp. tritici	biotic	field	single_pathogen_focus
ERR4315657	SAMEA7036300	species	1	0	no	27350	Puccinia striiformis fsp. tritici	biotic	field	single_pathogen_focus
ERR4315657	SAMEA7036300	genus	0	0	no	27350	Puccinia striiformis fsp. tritici	biotic	field	single_pathogen_focus
ERR4315658	SAMEA7036301	species	2	1	yes	27350	Puccinia striiformis fsp. tritici	biotic	field	single_pathogen_focus
ERR4315658	SAMEA7036301	genus	0	0	no	27350	Puccinia striiformis fsp. tritici	biotic	field	single_pathogen_focus
ERR4315659	SAMEA7036302	species	3	2	yes	27350	Puccinia striiformis fsp. tritici	biotic	field	single_pathogen_focus
ERR4315659	SAMEA7036302	genus	0	0	no	27350	Puccinia striiformis fsp. tritici	biotic	field	single_pathogen_focus
ERR4315660	SAMEA7036303	species	3	2	yes	27350	Puccinia striiformis fsp. tritici	biotic	field	single_pathogen_focus
ERR4315660	SAMEA7036303	genus	0	0	no	27350	Puccinia striiformis fsp. tritici	biotic	field	single_pathogen_focus
ERR4315661	SAMEA7036304	species	3	2	yes	27350	Puccinia striiformis fsp. tritici	biotic	field	single_pathogen_focus
ERR4315661	SAMEA7036304	genus	0	0	no	27350	Puccinia striiformis fsp. tritici	biotic	field	single_pathogen_focus
ERR4315662	SAMEA7036305	species	3	2	yes	27350	Puccinia striiformis fsp. tritici	biotic	field	single_pathogen_focus
ERR4315662	SAMEA7036305	genus	0	0	no	27350	Puccinia striiformis fsp. tritici	biotic	field	single_pathogen_focus
ERR4315663	SAMEA7036306	species	2	1	yes	27350	Puccinia striiformis fsp. tritici	biotic	field	single_pathogen_focus
ERR4315663	SAMEA7036306	genus	0	0	no	27350	Puccinia striiformis fsp. tritici	biotic	field	single_pathogen_focus
ERR4315664	SAMEA7036307	species	3	2	yes	27350	Puccinia striiformis fsp. tritici	biotic	field	single_pathogen_focus
ERR4315664	SAMEA7036307	genus	0	0	no	27350	Puccinia striiformis fsp. tritici	biotic	field	single_pathogen_focus
ERR4315665	SAMEA7036308	species	3	2	yes	27350	Puccinia striiformis fsp. tritici	biotic	field	single_pathogen_focus
ERR4315665	SAMEA7036308	genus	0	0	no	27350	Puccinia striiformis fsp. tritici	biotic	field	single_pathogen_focus
ERR4315666	SAMEA7036309	species	1	0	no	27350	Puccinia striiformis fsp. tritici	biotic	field	single_pathogen_focus
ERR4315666	SAMEA7036309	genus	0	0	no	27350	Puccinia striiformis fsp. tritici	biotic	field	single_pathogen_focus
ERR4315667	SAMEA7036310	species	2	1	yes	27350	Puccinia striiformis fsp. tritici	biotic	field	single_pathogen_focus
ERR4315667	SAMEA7036310	genus	0	0	no	27350	Puccinia striiformis fsp. tritici	biotic	field	single_pathogen_focus
ERR4315668	SAMEA7036311	species	1	0	no	27350	Puccinia striiformis fsp. tritici	biotic	field	single_pathogen_focus
ERR4315668	SAMEA7036311	genus	0	0	no	27350	Puccinia striiformis fsp. tritici	biotic	field	single_pathogen_focus
ERR4315669	SAMEA7036312	species	1	0	no	27350	Puccinia striiformis fsp. tritici	biotic	field	single_pathogen_focus
ERR4315669	SAMEA7036312	genus	0	0	no	27350	Puccinia striiformis fsp. tritici	biotic	field	single_pathogen_focus
ERR4315670	SAMEA7036313	species	2	1	yes	27350	Puccinia striiformis fsp. tritici	biotic	field	single_pathogen_focus
ERR4315670	SAMEA7036313	genus	0	0	no	27350	Puccinia striiformis fsp. tritici	biotic	field	single_pathogen_focus
ERR4315671	SAMEA7036314	species	2	1	yes	27350	Puccinia striiformis fsp. tritici	biotic	field	single_pathogen_focus
ERR4315671	SAMEA7036314	genus	0	0	no	27350	Puccinia striiformis fsp. tritici	biotic	field	single_pathogen_focus
ERR4315672	SAMEA7036315	species	2	1	yes	27350	Puccinia striiformis fsp. tritici	biotic	field	single_pathogen_focus
ERR4315672	SAMEA7036315	genus	0	0	no	27350	Puccinia striiformis fsp. tritici	biotic	field	single_pathogen_focus
ERR4315673	SAMEA7036316	species	2	1	yes	27350	Puccinia striiformis fsp. tritici	biotic	field	single_pathogen_focus
ERR4315673	SAMEA7036316	genus	0	0	no	27350	Puccinia striiformis fsp. tritici	biotic	field	single_pathogen_focus
ERR4315674	SAMEA7036317	species	1	0	no	27350	Puccinia striiformis fsp. tritici	biotic	field	single_pathogen_focus
ERR4315674	SAMEA7036317	genus	0	0	no	27350	Puccinia striiformis fsp. tritici	biotic	field	single_pathogen_focus
ERR4315675	SAMEA7036318	species	3	2	yes	27350	Puccinia striiformis fsp. tritici	biotic	field	single_pathogen_focus
ERR4315675	SAMEA7036318	genus	0	0	no	27350	Puccinia striiformis fsp. tritici	biotic	field	single_pathogen_focus
ERR4315676	SAMEA7036319	species	3	2	yes	27350	Puccinia striiformis fsp. tritici	biotic	field	single_pathogen_focus
ERR4315676	SAMEA7036319	genus	0	0	no	27350	Puccinia striiformis fsp. tritici	biotic	field	single_pathogen_focus
ERR4315677	SAMEA7036320	species	2	1	yes	27350	Puccinia striiformis fsp. tritici	biotic	field	single_pathogen_focus
ERR4315677	SAMEA7036320	genus	0	0	no	27350	Puccinia striiformis fsp. tritici	biotic	field	single_pathogen_focus
ERR4315678	SAMEA7036321	species	1	0	no	27350	Puccinia striiformis fsp. tritici	biotic	field	single_pathogen_focus
ERR4315678	SAMEA7036321	genus	0	0	no	27350	Puccinia striiformis fsp. tritici	biotic	field	single_pathogen_focus
ERR4315679	SAMEA5366249	species	1	0	no	27350	Puccinia striiformis f.sp. tritici	biotic	field	single_pathogen_focus
ERR4315679	SAMEA5366249	genus	0	0	no	27350	Puccinia striiformis f.sp. tritici	biotic	field	single_pathogen_focus
ERR4315685	SAMEA7035803	species	2	1	yes	27350	Puccinia striiformis fsp. tritici	biotic	field	single_pathogen_focus
ERR4315685	SAMEA7035803	genus	0	0	no	27350	Puccinia striiformis fsp. tritici	biotic	field	single_pathogen_focus
ERR4349055	SAMEA7064383	species	1	1	no			none	field	not_disease_focused
ERR4349055	SAMEA7064383	genus	0	0	no			none	field	not_disease_focused
ERR4349059	SAMEA7064387	species	1	1	no			none	field	not_disease_focused
ERR4349059	SAMEA7064387	genus	0	0	no			none	field	not_disease_focused
ERR4352130	SAMEA7061629	species	1	0	no	220672,5022	Leptosphaeria maculans; Leptosphaeria biglobosa	biotic	field	single_pathogen_focus
ERR4352130	SAMEA7061629	genus	0	0	no	220672,5022	Leptosphaeria maculans; Leptosphaeria biglobosa	biotic	field	single_pathogen_focus
ERR4352131	SAMEA7061632	species	1	0	no	220672,5022	Leptosphaeria maculans; Leptosphaeria biglobosa	biotic	field	single_pathogen_focus
ERR4352131	SAMEA7061632	genus	0	0	no	220672,5022	Leptosphaeria maculans; Leptosphaeria biglobosa	biotic	field	single_pathogen_focus
ERR4352134	SAMEA7061627	species	1	0	no	220672,5022	Leptosphaeria maculans; Leptosphaeria biglobosa	biotic	field	single_pathogen_focus
ERR4352134	SAMEA7061627	genus	0	0	no	220672,5022	Leptosphaeria maculans; Leptosphaeria biglobosa	biotic	field	single_pathogen_focus
ERR4352135	SAMEA7061630	species	1	0	no	220672,5022	Leptosphaeria maculans; Leptosphaeria biglobosa	biotic	field	single_pathogen_focus
ERR4352135	SAMEA7061630	genus	0	0	no	220672,5022	Leptosphaeria maculans; Leptosphaeria biglobosa	biotic	field	single_pathogen_focus
ERR4421877	SAMEA7131678	species	1	1	no	168172,170000	Puccinia striiformis f. sp. tritici; Phakopsora pachyrhizi	biotic	field	single_pathogen_focus
ERR4421877	SAMEA7131678	genus	0	0	no	168172,170000	Puccinia striiformis f. sp. tritici; Phakopsora pachyrhizi	biotic	field	single_pathogen_focus
ERR4421878	SAMEA7131679	species	1	1	no	168172,170000	Puccinia striiformis f. sp. tritici; Phakopsora pachyrhizi	biotic	field	single_pathogen_focus
ERR4421878	SAMEA7131679	genus	0	0	no	168172,170000	Puccinia striiformis f. sp. tritici; Phakopsora pachyrhizi	biotic	field	single_pathogen_focus
ERR4421879	SAMEA7131680	species	1	1	no	168172,170000	Puccinia striiformis f. sp. tritici; Phakopsora pachyrhizi	biotic	field	single_pathogen_focus
ERR4421879	SAMEA7131680	genus	0	0	no	168172,170000	Puccinia striiformis f. sp. tritici; Phakopsora pachyrhizi	biotic	field	single_pathogen_focus
ERR4421880	SAMEA7131681	species	1	1	no	168172,170000	Puccinia striiformis f. sp. tritici; Phakopsora pachyrhizi	biotic	field	single_pathogen_focus
ERR4421880	SAMEA7131681	genus	0	0	no	168172,170000	Puccinia striiformis f. sp. tritici; Phakopsora pachyrhizi	biotic	field	single_pathogen_focus
ERR4421881	SAMEA7131682	species	1	1	no	168172,170000	Puccinia striiformis f. sp. tritici; Phakopsora pachyrhizi	biotic	field	single_pathogen_focus
ERR4421881	SAMEA7131682	genus	0	0	no	168172,170000	Puccinia striiformis f. sp. tritici; Phakopsora pachyrhizi	biotic	field	single_pathogen_focus
ERR4421882	SAMEA7131683	species	1	1	no	168172,170000	Puccinia striiformis f. sp. tritici; Phakopsora pachyrhizi	biotic	field	single_pathogen_focus
ERR4421882	SAMEA7131683	genus	0	0	no	168172,170000	Puccinia striiformis f. sp. tritici; Phakopsora pachyrhizi	biotic	field	single_pathogen_focus
ERR4421883	SAMEA7131684	species	1	1	no	168172,170000	Puccinia striiformis f. sp. tritici; Phakopsora pachyrhizi	biotic	field	single_pathogen_focus
ERR4421883	SAMEA7131684	genus	0	0	no	168172,170000	Puccinia striiformis f. sp. tritici; Phakopsora pachyrhizi	biotic	field	single_pathogen_focus
ERR4421884	SAMEA7131685	species	1	1	no	168172,170000	Puccinia striiformis f. sp. tritici; Phakopsora pachyrhizi	biotic	field	single_pathogen_focus
ERR4421884	SAMEA7131685	genus	0	0	no	168172,170000	Puccinia striiformis f. sp. tritici; Phakopsora pachyrhizi	biotic	field	single_pathogen_focus
ERR4761816	SAMEA7490578	species	2	1	yes	27350	Puccinia striiformis fsp. tritici	biotic	field	single_pathogen_focus
ERR4761816	SAMEA7490578	genus	0	0	no	27350	Puccinia striiformis fsp. tritici	biotic	field	single_pathogen_focus
ERR4761817	SAMEA7490579	species	2	1	yes	27350	Puccinia striiformis fsp. tritici	biotic	field	single_pathogen_focus
ERR4761817	SAMEA7490579	genus	0	0	no	27350	Puccinia striiformis fsp. tritici	biotic	field	single_pathogen_focus
ERR4761818	SAMEA7490580	species	2	1	yes	27350	Puccinia striiformis fsp. tritici	biotic	field	single_pathogen_focus
ERR4761818	SAMEA7490580	genus	0	0	no	27350	Puccinia striiformis fsp. tritici	biotic	field	single_pathogen_focus
ERR4761819	SAMEA7490581	species	2	1	yes	27350	Puccinia striiformis fsp. tritici	biotic	field	single_pathogen_focus
ERR4761819	SAMEA7490581	genus	0	0	no	27350	Puccinia striiformis fsp. tritici	biotic	field	single_pathogen_focus
ERR4761820	SAMEA7490582	species	2	1	yes	27350	Puccinia striiformis fsp. tritici	biotic	field	single_pathogen_focus
ERR4761820	SAMEA7490582	genus	0	0	no	27350	Puccinia striiformis fsp. tritici	biotic	field	single_pathogen_focus
ERR4761821	SAMEA7490583	species	2	1	yes	27350	Puccinia striiformis fsp. tritici	biotic	field	single_pathogen_focus
ERR4761821	SAMEA7490583	genus	0	0	no	27350	Puccinia striiformis fsp. tritici	biotic	field	single_pathogen_focus
ERR4761822	SAMEA7490584	species	3	2	yes	27350	Puccinia striiformis fsp. tritici	biotic	field	single_pathogen_focus
ERR4761822	SAMEA7490584	genus	0	0	no	27350	Puccinia striiformis fsp. tritici	biotic	field	single_pathogen_focus
ERR4761823	SAMEA7490585	species	2	1	yes	27350	Puccinia striiformis fsp. tritici	biotic	field	single_pathogen_focus
ERR4761823	SAMEA7490585	genus	0	0	no	27350	Puccinia striiformis fsp. tritici	biotic	field	single_pathogen_focus
ERR4761824	SAMEA7490586	species	1	0	no	27350	Puccinia striiformis fsp. tritici	biotic	field	single_pathogen_focus
ERR4761824	SAMEA7490586	genus	0	0	no	27350	Puccinia striiformis fsp. tritici	biotic	field	single_pathogen_focus
ERR4761825	SAMEA7490587	species	2	1	yes	27350	Puccinia striiformis fsp. tritici	biotic	field	single_pathogen_focus
ERR4761825	SAMEA7490587	genus	0	0	no	27350	Puccinia striiformis fsp. tritici	biotic	field	single_pathogen_focus
ERR4761826	SAMEA7490588	species	2	1	yes	27350	Puccinia striiformis fsp. tritici	biotic	field	single_pathogen_focus
ERR4761826	SAMEA7490588	genus	0	0	no	27350	Puccinia striiformis fsp. tritici	biotic	field	single_pathogen_focus
ERR4761827	SAMEA7490589	species	2	1	yes	27350	Puccinia striiformis fsp. tritici	biotic	field	single_pathogen_focus
ERR4761827	SAMEA7490589	genus	0	0	no	27350	Puccinia striiformis fsp. tritici	biotic	field	single_pathogen_focus
ERR4761828	SAMEA7490590	species	1	0	no	27350	Puccinia striiformis fsp. tritici	biotic	field	single_pathogen_focus
ERR4761828	SAMEA7490590	genus	0	0	no	27350	Puccinia striiformis fsp. tritici	biotic	field	single_pathogen_focus
ERR4761829	SAMEA7490591	species	2	1	yes	27350	Puccinia striiformis fsp. tritici	biotic	field	single_pathogen_focus
ERR4761829	SAMEA7490591	genus	0	0	no	27350	Puccinia striiformis fsp. tritici	biotic	field	single_pathogen_focus
ERR4761830	SAMEA7490592	species	3	2	yes	27350	Puccinia striiformis fsp. tritici	biotic	field	single_pathogen_focus
ERR4761830	SAMEA7490592	genus	0	0	no	27350	Puccinia striiformis fsp. tritici	biotic	field	single_pathogen_focus
ERR5696201	SAMEA8550306	species	0	0	no	170000	Phakopsora pachyrhizi	biotic	field	single_pathogen_focus
ERR5696201	SAMEA8550306	genus	0	0	no	170000	Phakopsora pachyrhizi	biotic	field	single_pathogen_focus
ERR5696202	SAMEA8550306	species	0	0	no	170000	Phakopsora pachyrhizi	biotic	field	single_pathogen_focus
ERR5696202	SAMEA8550306	genus	0	0	no	170000	Phakopsora pachyrhizi	biotic	field	single_pathogen_focus
ERR5696203	SAMEA8550306	species	0	0	no	170000	Phakopsora pachyrhizi	biotic	field	single_pathogen_focus
ERR5696203	SAMEA8550306	genus	0	0	no	170000	Phakopsora pachyrhizi	biotic	field	single_pathogen_focus
ERR5696204	SAMEA8550306	species	0	0	no	170000	Phakopsora pachyrhizi	biotic	field	single_pathogen_focus
ERR5696204	SAMEA8550306	genus	0	0	no	170000	Phakopsora pachyrhizi	biotic	field	single_pathogen_focus
ERR5696205	SAMEA8550306	species	0	0	no	170000	Phakopsora pachyrhizi	biotic	field	single_pathogen_focus
ERR5696205	SAMEA8550306	genus	0	0	no	170000	Phakopsora pachyrhizi	biotic	field	single_pathogen_focus
ERR5696206	SAMEA8550306	species	0	0	no	170000	Phakopsora pachyrhizi	biotic	field	single_pathogen_focus
ERR5696206	SAMEA8550306	genus	0	0	no	170000	Phakopsora pachyrhizi	biotic	field	single_pathogen_focus
ERR5696207	SAMEA8550307	species	0	0	no	170000	Phakopsora pachyrhizi	biotic	field	single_pathogen_focus
ERR5696207	SAMEA8550307	genus	0	0	no	170000	Phakopsora pachyrhizi	biotic	field	single_pathogen_focus
ERR5696208	SAMEA8550307	species	1	0	no	170000	Phakopsora pachyrhizi	biotic	field	single_pathogen_focus
ERR5696208	SAMEA8550307	genus	0	0	no	170000	Phakopsora pachyrhizi	biotic	field	single_pathogen_focus
ERR5696209	SAMEA8550307	species	0	0	no	170000	Phakopsora pachyrhizi	biotic	field	single_pathogen_focus
ERR5696209	SAMEA8550307	genus	0	0	no	170000	Phakopsora pachyrhizi	biotic	field	single_pathogen_focus
ERR5696210	SAMEA8550307	species	0	0	no	170000	Phakopsora pachyrhizi	biotic	field	single_pathogen_focus
ERR5696210	SAMEA8550307	genus	0	0	no	170000	Phakopsora pachyrhizi	biotic	field	single_pathogen_focus
ERR5696211	SAMEA8550307	species	1	0	no	170000	Phakopsora pachyrhizi	biotic	field	single_pathogen_focus
ERR5696211	SAMEA8550307	genus	0	0	no	170000	Phakopsora pachyrhizi	biotic	field	single_pathogen_focus
ERR5696212	SAMEA8550307	species	0	0	no	170000	Phakopsora pachyrhizi	biotic	field	single_pathogen_focus
ERR5696212	SAMEA8550307	genus	0	0	no	170000	Phakopsora pachyrhizi	biotic	field	single_pathogen_focus
ERR5696213	SAMEA8550308	species	0	0	no	170000	Phakopsora pachyrhizi	biotic	field	single_pathogen_focus
ERR5696213	SAMEA8550308	genus	0	0	no	170000	Phakopsora pachyrhizi	biotic	field	single_pathogen_focus
ERR5696214	SAMEA8550308	species	0	0	no	170000	Phakopsora pachyrhizi	biotic	field	single_pathogen_focus
ERR5696214	SAMEA8550308	genus	0	0	no	170000	Phakopsora pachyrhizi	biotic	field	single_pathogen_focus
ERR5696215	SAMEA8550308	species	0	0	no	170000	Phakopsora pachyrhizi	biotic	field	single_pathogen_focus
ERR5696215	SAMEA8550308	genus	0	0	no	170000	Phakopsora pachyrhizi	biotic	field	single_pathogen_focus
ERR5696216	SAMEA8550308	species	0	0	no	170000	Phakopsora pachyrhizi	biotic	field	single_pathogen_focus
ERR5696216	SAMEA8550308	genus	0	0	no	170000	Phakopsora pachyrhizi	biotic	field	single_pathogen_focus
ERR5696217	SAMEA8550308	species	0	0	no	170000	Phakopsora pachyrhizi	biotic	field	single_pathogen_focus
ERR5696217	SAMEA8550308	genus	0	0	no	170000	Phakopsora pachyrhizi	biotic	field	single_pathogen_focus
ERR5696218	SAMEA8550308	species	0	0	no	170000	Phakopsora pachyrhizi	biotic	field	single_pathogen_focus
ERR5696218	SAMEA8550308	genus	0	0	no	170000	Phakopsora pachyrhizi	biotic	field	single_pathogen_focus
ERR5696219	SAMEA8550309	species	1	0	no	170000	Phakopsora pachyrhizi	biotic	field	single_pathogen_focus
ERR5696219	SAMEA8550309	genus	0	0	no	170000	Phakopsora pachyrhizi	biotic	field	single_pathogen_focus
ERR5696220	SAMEA8550309	species	1	0	no	170000	Phakopsora pachyrhizi	biotic	field	single_pathogen_focus
ERR5696220	SAMEA8550309	genus	0	0	no	170000	Phakopsora pachyrhizi	biotic	field	single_pathogen_focus
ERR5696221	SAMEA8550309	species	1	0	no	170000	Phakopsora pachyrhizi	biotic	field	single_pathogen_focus
ERR5696221	SAMEA8550309	genus	0	0	no	170000	Phakopsora pachyrhizi	biotic	field	single_pathogen_focus
ERR5696222	SAMEA8550309	species	1	0	no	170000	Phakopsora pachyrhizi	biotic	field	single_pathogen_focus
ERR5696222	SAMEA8550309	genus	0	0	no	170000	Phakopsora pachyrhizi	biotic	field	single_pathogen_focus
ERR5696223	SAMEA8550309	species	1	0	no	170000	Phakopsora pachyrhizi	biotic	field	single_pathogen_focus
ERR5696223	SAMEA8550309	genus	0	0	no	170000	Phakopsora pachyrhizi	biotic	field	single_pathogen_focus
ERR5696224	SAMEA8550309	species	1	0	no	170000	Phakopsora pachyrhizi	biotic	field	single_pathogen_focus
ERR5696224	SAMEA8550309	genus	0	0	no	170000	Phakopsora pachyrhizi	biotic	field	single_pathogen_focus
ERR5696225	SAMEA8550310	species	1	0	no	170000	Phakopsora pachyrhizi	biotic	field	single_pathogen_focus
ERR5696225	SAMEA8550310	genus	0	0	no	170000	Phakopsora pachyrhizi	biotic	field	single_pathogen_focus
ERR5696226	SAMEA8550310	species	1	0	no	170000	Phakopsora pachyrhizi	biotic	field	single_pathogen_focus
ERR5696226	SAMEA8550310	genus	0	0	no	170000	Phakopsora pachyrhizi	biotic	field	single_pathogen_focus
ERR5696227	SAMEA8550310	species	1	0	no	170000	Phakopsora pachyrhizi	biotic	field	single_pathogen_focus
ERR5696227	SAMEA8550310	genus	0	0	no	170000	Phakopsora pachyrhizi	biotic	field	single_pathogen_focus
ERR5696228	SAMEA8550310	species	1	0	no	170000	Phakopsora pachyrhizi	biotic	field	single_pathogen_focus
ERR5696228	SAMEA8550310	genus	0	0	no	170000	Phakopsora pachyrhizi	biotic	field	single_pathogen_focus
ERR5696229	SAMEA8550310	species	1	0	no	170000	Phakopsora pachyrhizi	biotic	field	single_pathogen_focus
ERR5696229	SAMEA8550310	genus	0	0	no	170000	Phakopsora pachyrhizi	biotic	field	single_pathogen_focus
ERR5696230	SAMEA8550310	species	1	0	no	170000	Phakopsora pachyrhizi	biotic	field	single_pathogen_focus
ERR5696230	SAMEA8550310	genus	0	0	no	170000	Phakopsora pachyrhizi	biotic	field	single_pathogen_focus
ERR5696231	SAMEA8550311	species	1	0	no	170000	Phakopsora pachyrhizi	biotic	field	single_pathogen_focus
ERR5696231	SAMEA8550311	genus	0	0	no	170000	Phakopsora pachyrhizi	biotic	field	single_pathogen_focus
ERR5696232	SAMEA8550311	species	1	0	no	170000	Phakopsora pachyrhizi	biotic	field	single_pathogen_focus
ERR5696232	SAMEA8550311	genus	0	0	no	170000	Phakopsora pachyrhizi	biotic	field	single_pathogen_focus
ERR5696233	SAMEA8550311	species	1	0	no	170000	Phakopsora pachyrhizi	biotic	field	single_pathogen_focus
ERR5696233	SAMEA8550311	genus	0	0	no	170000	Phakopsora pachyrhizi	biotic	field	single_pathogen_focus
ERR5696234	SAMEA8550311	species	1	0	no	170000	Phakopsora pachyrhizi	biotic	field	single_pathogen_focus
ERR5696234	SAMEA8550311	genus	0	0	no	170000	Phakopsora pachyrhizi	biotic	field	single_pathogen_focus
ERR5696235	SAMEA8550311	species	1	0	no	170000	Phakopsora pachyrhizi	biotic	field	single_pathogen_focus
ERR5696235	SAMEA8550311	genus	0	0	no	170000	Phakopsora pachyrhizi	biotic	field	single_pathogen_focus
ERR5696236	SAMEA8550311	species	1	0	no	170000	Phakopsora pachyrhizi	biotic	field	single_pathogen_focus
ERR5696236	SAMEA8550311	genus	0	0	no	170000	Phakopsora pachyrhizi	biotic	field	single_pathogen_focus
ERR5696237	SAMEA8550312	species	1	0	no	170000	Phakopsora pachyrhizi	biotic	field	single_pathogen_focus
ERR5696237	SAMEA8550312	genus	0	0	no	170000	Phakopsora pachyrhizi	biotic	field	single_pathogen_focus
ERR5696238	SAMEA8550312	species	1	0	no	170000	Phakopsora pachyrhizi	biotic	field	single_pathogen_focus
ERR5696238	SAMEA8550312	genus	0	0	no	170000	Phakopsora pachyrhizi	biotic	field	single_pathogen_focus
ERR5696239	SAMEA8550312	species	1	0	no	170000	Phakopsora pachyrhizi	biotic	field	single_pathogen_focus
ERR5696239	SAMEA8550312	genus	0	0	no	170000	Phakopsora pachyrhizi	biotic	field	single_pathogen_focus
ERR5696240	SAMEA8550312	species	1	0	no	170000	Phakopsora pachyrhizi	biotic	field	single_pathogen_focus
ERR5696240	SAMEA8550312	genus	0	0	no	170000	Phakopsora pachyrhizi	biotic	field	single_pathogen_focus
ERR5696241	SAMEA8550312	species	1	0	no	170000	Phakopsora pachyrhizi	biotic	field	single_pathogen_focus
ERR5696241	SAMEA8550312	genus	0	0	no	170000	Phakopsora pachyrhizi	biotic	field	single_pathogen_focus
ERR5696242	SAMEA8550312	species	1	0	no	170000	Phakopsora pachyrhizi	biotic	field	single_pathogen_focus
ERR5696242	SAMEA8550312	genus	0	0	no	170000	Phakopsora pachyrhizi	biotic	field	single_pathogen_focus
ERR5696243	SAMEA8550313	species	1	0	no	170000	Phakopsora pachyrhizi	biotic	field	single_pathogen_focus
ERR5696243	SAMEA8550313	genus	0	0	no	170000	Phakopsora pachyrhizi	biotic	field	single_pathogen_focus
ERR5696244	SAMEA8550313	species	1	0	no	170000	Phakopsora pachyrhizi	biotic	field	single_pathogen_focus
ERR5696244	SAMEA8550313	genus	0	0	no	170000	Phakopsora pachyrhizi	biotic	field	single_pathogen_focus
ERR5696245	SAMEA8550313	species	1	0	no	170000	Phakopsora pachyrhizi	biotic	field	single_pathogen_focus
ERR5696245	SAMEA8550313	genus	0	0	no	170000	Phakopsora pachyrhizi	biotic	field	single_pathogen_focus
ERR5696246	SAMEA8550313	species	1	0	no	170000	Phakopsora pachyrhizi	biotic	field	single_pathogen_focus
ERR5696246	SAMEA8550313	genus	0	0	no	170000	Phakopsora pachyrhizi	biotic	field	single_pathogen_focus
ERR5696247	SAMEA8550313	species	1	0	no	170000	Phakopsora pachyrhizi	biotic	field	single_pathogen_focus
ERR5696247	SAMEA8550313	genus	0	0	no	170000	Phakopsora pachyrhizi	biotic	field	single_pathogen_focus
ERR5696248	SAMEA8550313	species	1	0	no	170000	Phakopsora pachyrhizi	biotic	field	single_pathogen_focus
ERR5696248	SAMEA8550313	genus	0	0	no	170000	Phakopsora pachyrhizi	biotic	field	single_pathogen_focus
ERR5696249	SAMEA8550314	species	1	0	no	170000	Phakopsora pachyrhizi	biotic	field	single_pathogen_focus
ERR5696249	SAMEA8550314	genus	0	0	no	170000	Phakopsora pachyrhizi	biotic	field	single_pathogen_focus
ERR5696250	SAMEA8550314	species	1	0	no	170000	Phakopsora pachyrhizi	biotic	field	single_pathogen_focus
ERR5696250	SAMEA8550314	genus	0	0	no	170000	Phakopsora pachyrhizi	biotic	field	single_pathogen_focus
ERR5696251	SAMEA8550314	species	1	0	no	170000	Phakopsora pachyrhizi	biotic	field	single_pathogen_focus
ERR5696251	SAMEA8550314	genus	0	0	no	170000	Phakopsora pachyrhizi	biotic	field	single_pathogen_focus
ERR5696252	SAMEA8550314	species	1	0	no	170000	Phakopsora pachyrhizi	biotic	field	single_pathogen_focus
ERR5696252	SAMEA8550314	genus	0	0	no	170000	Phakopsora pachyrhizi	biotic	field	single_pathogen_focus
ERR5696253	SAMEA8550314	species	1	0	no	170000	Phakopsora pachyrhizi	biotic	field	single_pathogen_focus
ERR5696253	SAMEA8550314	genus	0	0	no	170000	Phakopsora pachyrhizi	biotic	field	single_pathogen_focus
ERR5696254	SAMEA8550314	species	1	0	no	170000	Phakopsora pachyrhizi	biotic	field	single_pathogen_focus
ERR5696254	SAMEA8550314	genus	0	0	no	170000	Phakopsora pachyrhizi	biotic	field	single_pathogen_focus
ERR5696255	SAMEA8550315	species	1	0	no	170000	Phakopsora pachyrhizi	biotic	field	single_pathogen_focus
ERR5696255	SAMEA8550315	genus	0	0	no	170000	Phakopsora pachyrhizi	biotic	field	single_pathogen_focus
ERR5696256	SAMEA8550315	species	1	0	no	170000	Phakopsora pachyrhizi	biotic	field	single_pathogen_focus
ERR5696256	SAMEA8550315	genus	0	0	no	170000	Phakopsora pachyrhizi	biotic	field	single_pathogen_focus
ERR5696257	SAMEA8550315	species	1	0	no	170000	Phakopsora pachyrhizi	biotic	field	single_pathogen_focus
ERR5696257	SAMEA8550315	genus	0	0	no	170000	Phakopsora pachyrhizi	biotic	field	single_pathogen_focus
ERR5696258	SAMEA8550315	species	1	0	no	170000	Phakopsora pachyrhizi	biotic	field	single_pathogen_focus
ERR5696258	SAMEA8550315	genus	0	0	no	170000	Phakopsora pachyrhizi	biotic	field	single_pathogen_focus
ERR5696259	SAMEA8550315	species	1	0	no	170000	Phakopsora pachyrhizi	biotic	field	single_pathogen_focus
ERR5696259	SAMEA8550315	genus	0	0	no	170000	Phakopsora pachyrhizi	biotic	field	single_pathogen_focus
ERR5696260	SAMEA8550315	species	1	0	no	170000	Phakopsora pachyrhizi	biotic	field	single_pathogen_focus
ERR5696260	SAMEA8550315	genus	0	0	no	170000	Phakopsora pachyrhizi	biotic	field	single_pathogen_focus
ERR5696261	SAMEA8550316	species	1	0	no	170000	Phakopsora pachyrhizi	biotic	field	single_pathogen_focus
ERR5696261	SAMEA8550316	genus	0	0	no	170000	Phakopsora pachyrhizi	biotic	field	single_pathogen_focus
ERR5696262	SAMEA8550316	species	1	0	no	170000	Phakopsora pachyrhizi	biotic	field	single_pathogen_focus
ERR5696262	SAMEA8550316	genus	0	0	no	170000	Phakopsora pachyrhizi	biotic	field	single_pathogen_focus
ERR5696263	SAMEA8550316	species	1	0	no	170000	Phakopsora pachyrhizi	biotic	field	single_pathogen_focus
ERR5696263	SAMEA8550316	genus	0	0	no	170000	Phakopsora pachyrhizi	biotic	field	single_pathogen_focus
ERR5696264	SAMEA8550316	species	1	0	no	170000	Phakopsora pachyrhizi	biotic	field	single_pathogen_focus
ERR5696264	SAMEA8550316	genus	0	0	no	170000	Phakopsora pachyrhizi	biotic	field	single_pathogen_focus
ERR5696265	SAMEA8550316	species	1	0	no	170000	Phakopsora pachyrhizi	biotic	field	single_pathogen_focus
ERR5696265	SAMEA8550316	genus	0	0	no	170000	Phakopsora pachyrhizi	biotic	field	single_pathogen_focus
ERR5696266	SAMEA8550316	species	1	0	no	170000	Phakopsora pachyrhizi	biotic	field	single_pathogen_focus
ERR5696266	SAMEA8550316	genus	0	0	no	170000	Phakopsora pachyrhizi	biotic	field	single_pathogen_focus
ERR5696267	SAMEA8550317	species	1	0	no	170000	Phakopsora pachyrhizi	biotic	field	single_pathogen_focus
ERR5696267	SAMEA8550317	genus	0	0	no	170000	Phakopsora pachyrhizi	biotic	field	single_pathogen_focus
ERR5696268	SAMEA8550317	species	1	0	no	170000	Phakopsora pachyrhizi	biotic	field	single_pathogen_focus
ERR5696268	SAMEA8550317	genus	0	0	no	170000	Phakopsora pachyrhizi	biotic	field	single_pathogen_focus
ERR5696269	SAMEA8550317	species	1	0	no	170000	Phakopsora pachyrhizi	biotic	field	single_pathogen_focus
ERR5696269	SAMEA8550317	genus	0	0	no	170000	Phakopsora pachyrhizi	biotic	field	single_pathogen_focus
ERR5696270	SAMEA8550317	species	1	0	no	170000	Phakopsora pachyrhizi	biotic	field	single_pathogen_focus
ERR5696270	SAMEA8550317	genus	0	0	no	170000	Phakopsora pachyrhizi	biotic	field	single_pathogen_focus
ERR5696271	SAMEA8550317	species	1	0	no	170000	Phakopsora pachyrhizi	biotic	field	single_pathogen_focus
ERR5696271	SAMEA8550317	genus	0	0	no	170000	Phakopsora pachyrhizi	biotic	field	single_pathogen_focus
ERR5696272	SAMEA8550317	species	1	0	no	170000	Phakopsora pachyrhizi	biotic	field	single_pathogen_focus
ERR5696272	SAMEA8550317	genus	0	0	no	170000	Phakopsora pachyrhizi	biotic	field	single_pathogen_focus
ERR5696273	SAMEA8550318	species	1	0	no	170000	Phakopsora pachyrhizi	biotic	field	single_pathogen_focus
ERR5696273	SAMEA8550318	genus	0	0	no	170000	Phakopsora pachyrhizi	biotic	field	single_pathogen_focus
ERR5696274	SAMEA8550318	species	1	0	no	170000	Phakopsora pachyrhizi	biotic	field	single_pathogen_focus
ERR5696274	SAMEA8550318	genus	0	0	no	170000	Phakopsora pachyrhizi	biotic	field	single_pathogen_focus
ERR5696275	SAMEA8550318	species	1	0	no	170000	Phakopsora pachyrhizi	biotic	field	single_pathogen_focus
ERR5696275	SAMEA8550318	genus	0	0	no	170000	Phakopsora pachyrhizi	biotic	field	single_pathogen_focus
ERR5696276	SAMEA8550318	species	1	0	no	170000	Phakopsora pachyrhizi	biotic	field	single_pathogen_focus
ERR5696276	SAMEA8550318	genus	0	0	no	170000	Phakopsora pachyrhizi	biotic	field	single_pathogen_focus
ERR5696277	SAMEA8550318	species	1	0	no	170000	Phakopsora pachyrhizi	biotic	field	single_pathogen_focus
ERR5696277	SAMEA8550318	genus	0	0	no	170000	Phakopsora pachyrhizi	biotic	field	single_pathogen_focus
ERR5696278	SAMEA8550318	species	1	0	no	170000	Phakopsora pachyrhizi	biotic	field	single_pathogen_focus
ERR5696278	SAMEA8550318	genus	0	0	no	170000	Phakopsora pachyrhizi	biotic	field	single_pathogen_focus
ERR5696279	SAMEA8550319	species	1	0	no	170000	Phakopsora pachyrhizi	biotic	field	single_pathogen_focus
ERR5696279	SAMEA8550319	genus	0	0	no	170000	Phakopsora pachyrhizi	biotic	field	single_pathogen_focus
ERR5696280	SAMEA8550319	species	1	0	no	170000	Phakopsora pachyrhizi	biotic	field	single_pathogen_focus
ERR5696280	SAMEA8550319	genus	0	0	no	170000	Phakopsora pachyrhizi	biotic	field	single_pathogen_focus
ERR5696281	SAMEA8550319	species	1	0	no	170000	Phakopsora pachyrhizi	biotic	field	single_pathogen_focus
ERR5696281	SAMEA8550319	genus	0	0	no	170000	Phakopsora pachyrhizi	biotic	field	single_pathogen_focus
ERR5696282	SAMEA8550319	species	1	0	no	170000	Phakopsora pachyrhizi	biotic	field	single_pathogen_focus
ERR5696282	SAMEA8550319	genus	0	0	no	170000	Phakopsora pachyrhizi	biotic	field	single_pathogen_focus
ERR5696283	SAMEA8550319	species	1	0	no	170000	Phakopsora pachyrhizi	biotic	field	single_pathogen_focus
ERR5696283	SAMEA8550319	genus	0	0	no	170000	Phakopsora pachyrhizi	biotic	field	single_pathogen_focus
ERR5696284	SAMEA8550319	species	1	0	no	170000	Phakopsora pachyrhizi	biotic	field	single_pathogen_focus
ERR5696284	SAMEA8550319	genus	0	0	no	170000	Phakopsora pachyrhizi	biotic	field	single_pathogen_focus
ERR5696285	SAMEA8550320	species	1	0	no	170000	Phakopsora pachyrhizi	biotic	field	single_pathogen_focus
ERR5696285	SAMEA8550320	genus	0	0	no	170000	Phakopsora pachyrhizi	biotic	field	single_pathogen_focus
ERR5696286	SAMEA8550320	species	1	0	no	170000	Phakopsora pachyrhizi	biotic	field	single_pathogen_focus
ERR5696286	SAMEA8550320	genus	0	0	no	170000	Phakopsora pachyrhizi	biotic	field	single_pathogen_focus
ERR5696287	SAMEA8550320	species	1	0	no	170000	Phakopsora pachyrhizi	biotic	field	single_pathogen_focus
ERR5696287	SAMEA8550320	genus	0	0	no	170000	Phakopsora pachyrhizi	biotic	field	single_pathogen_focus
ERR5696288	SAMEA8550320	species	1	0	no	170000	Phakopsora pachyrhizi	biotic	field	single_pathogen_focus
ERR5696288	SAMEA8550320	genus	0	0	no	170000	Phakopsora pachyrhizi	biotic	field	single_pathogen_focus
ERR5696289	SAMEA8550320	species	1	0	no	170000	Phakopsora pachyrhizi	biotic	field	single_pathogen_focus
ERR5696289	SAMEA8550320	genus	0	0	no	170000	Phakopsora pachyrhizi	biotic	field	single_pathogen_focus
ERR5696290	SAMEA8550320	species	1	0	no	170000	Phakopsora pachyrhizi	biotic	field	single_pathogen_focus
ERR5696290	SAMEA8550320	genus	0	0	no	170000	Phakopsora pachyrhizi	biotic	field	single_pathogen_focus
ERR5696291	SAMEA8550321	species	1	0	no	170000	Phakopsora pachyrhizi	biotic	field	single_pathogen_focus
ERR5696291	SAMEA8550321	genus	0	0	no	170000	Phakopsora pachyrhizi	biotic	field	single_pathogen_focus
ERR5696292	SAMEA8550321	species	1	0	no	170000	Phakopsora pachyrhizi	biotic	field	single_pathogen_focus
ERR5696292	SAMEA8550321	genus	0	0	no	170000	Phakopsora pachyrhizi	biotic	field	single_pathogen_focus
ERR5696293	SAMEA8550321	species	1	0	no	170000	Phakopsora pachyrhizi	biotic	field	single_pathogen_focus
ERR5696293	SAMEA8550321	genus	0	0	no	170000	Phakopsora pachyrhizi	biotic	field	single_pathogen_focus
ERR5696294	SAMEA8550321	species	1	0	no	170000	Phakopsora pachyrhizi	biotic	field	single_pathogen_focus
ERR5696294	SAMEA8550321	genus	0	0	no	170000	Phakopsora pachyrhizi	biotic	field	single_pathogen_focus
ERR5696295	SAMEA8550321	species	1	0	no	170000	Phakopsora pachyrhizi	biotic	field	single_pathogen_focus
ERR5696295	SAMEA8550321	genus	0	0	no	170000	Phakopsora pachyrhizi	biotic	field	single_pathogen_focus
ERR5696296	SAMEA8550321	species	1	0	no	170000	Phakopsora pachyrhizi	biotic	field	single_pathogen_focus
ERR5696296	SAMEA8550321	genus	0	0	no	170000	Phakopsora pachyrhizi	biotic	field	single_pathogen_focus
ERR5696297	SAMEA8550322	species	1	0	no	170000	Phakopsora pachyrhizi	biotic	field	single_pathogen_focus
ERR5696297	SAMEA8550322	genus	0	0	no	170000	Phakopsora pachyrhizi	biotic	field	single_pathogen_focus
ERR5696298	SAMEA8550322	species	1	0	no	170000	Phakopsora pachyrhizi	biotic	field	single_pathogen_focus
ERR5696298	SAMEA8550322	genus	0	0	no	170000	Phakopsora pachyrhizi	biotic	field	single_pathogen_focus
ERR5696299	SAMEA8550322	species	1	0	no	170000	Phakopsora pachyrhizi	biotic	field	single_pathogen_focus
ERR5696299	SAMEA8550322	genus	0	0	no	170000	Phakopsora pachyrhizi	biotic	field	single_pathogen_focus
ERR5696300	SAMEA8550322	species	1	0	no	170000	Phakopsora pachyrhizi	biotic	field	single_pathogen_focus
ERR5696300	SAMEA8550322	genus	0	0	no	170000	Phakopsora pachyrhizi	biotic	field	single_pathogen_focus
ERR5696301	SAMEA8550322	species	1	0	no	170000	Phakopsora pachyrhizi	biotic	field	single_pathogen_focus
ERR5696301	SAMEA8550322	genus	0	0	no	170000	Phakopsora pachyrhizi	biotic	field	single_pathogen_focus
ERR5696302	SAMEA8550322	species	1	0	no	170000	Phakopsora pachyrhizi	biotic	field	single_pathogen_focus
ERR5696302	SAMEA8550322	genus	0	0	no	170000	Phakopsora pachyrhizi	biotic	field	single_pathogen_focus
ERR5696303	SAMEA8550323	species	1	0	no	170000	Phakopsora pachyrhizi	biotic	field	single_pathogen_focus
ERR5696303	SAMEA8550323	genus	0	0	no	170000	Phakopsora pachyrhizi	biotic	field	single_pathogen_focus
ERR5696304	SAMEA8550323	species	1	0	no	170000	Phakopsora pachyrhizi	biotic	field	single_pathogen_focus
ERR5696304	SAMEA8550323	genus	0	0	no	170000	Phakopsora pachyrhizi	biotic	field	single_pathogen_focus
ERR5696305	SAMEA8550323	species	1	0	no	170000	Phakopsora pachyrhizi	biotic	field	single_pathogen_focus
ERR5696305	SAMEA8550323	genus	0	0	no	170000	Phakopsora pachyrhizi	biotic	field	single_pathogen_focus
ERR5696306	SAMEA8550323	species	1	0	no	170000	Phakopsora pachyrhizi	biotic	field	single_pathogen_focus
ERR5696306	SAMEA8550323	genus	0	0	no	170000	Phakopsora pachyrhizi	biotic	field	single_pathogen_focus
ERR5696307	SAMEA8550323	species	1	0	no	170000	Phakopsora pachyrhizi	biotic	field	single_pathogen_focus
ERR5696307	SAMEA8550323	genus	0	0	no	170000	Phakopsora pachyrhizi	biotic	field	single_pathogen_focus
ERR5696308	SAMEA8550323	species	1	0	no	170000	Phakopsora pachyrhizi	biotic	field	single_pathogen_focus
ERR5696308	SAMEA8550323	genus	0	0	no	170000	Phakopsora pachyrhizi	biotic	field	single_pathogen_focus
ERR583963	SAMEA2711193	species	0	0	no	622444	Peronospora belbahrii	biotic	field	single_pathogen_focus
ERR583963	SAMEA2711193	genus	0	0	no	622444	Peronospora belbahrii	biotic	field	single_pathogen_focus
ERR5928154	SAMEA8755880	species	1	0	no	318829	Magnaporthe oryzae	biotic	field	single_pathogen_focus
ERR5928154	SAMEA8755880	genus	0	0	no	318829	Magnaporthe oryzae	biotic	field	single_pathogen_focus
ERR5928155	SAMEA8755880	species	1	0	no	318829	Magnaporthe oryzae	biotic	field	single_pathogen_focus
ERR5928155	SAMEA8755880	genus	0	0	no	318829	Magnaporthe oryzae	biotic	field	single_pathogen_focus
ERR5928156	SAMEA8755880	species	1	0	no	318829	Magnaporthe oryzae	biotic	field	single_pathogen_focus
ERR5928156	SAMEA8755880	genus	0	0	no	318829	Magnaporthe oryzae	biotic	field	single_pathogen_focus
ERR5928157	SAMEA8755880	species	1	0	no	318829	Magnaporthe oryzae	biotic	field	single_pathogen_focus
ERR5928157	SAMEA8755880	genus	0	0	no	318829	Magnaporthe oryzae	biotic	field	single_pathogen_focus
ERR5928158	SAMEA8755880	species	1	0	no	318829	Magnaporthe oryzae	biotic	field	single_pathogen_focus
ERR5928158	SAMEA8755880	genus	0	0	no	318829	Magnaporthe oryzae	biotic	field	single_pathogen_focus
ERR5928159	SAMEA8755880	species	1	0	no	318829	Magnaporthe oryzae	biotic	field	single_pathogen_focus
ERR5928159	SAMEA8755880	genus	0	0	no	318829	Magnaporthe oryzae	biotic	field	single_pathogen_focus
ERR5928160	SAMEA8755880	species	1	0	no	318829	Magnaporthe oryzae	biotic	field	single_pathogen_focus
ERR5928160	SAMEA8755880	genus	0	0	no	318829	Magnaporthe oryzae	biotic	field	single_pathogen_focus
ERR5928161	SAMEA8755880	species	0	0	no	318829	Magnaporthe oryzae	biotic	field	single_pathogen_focus
ERR5928161	SAMEA8755880	genus	0	0	no	318829	Magnaporthe oryzae	biotic	field	single_pathogen_focus
ERR5928162	SAMEA8755880	species	1	0	no	318829	Magnaporthe oryzae	biotic	field	single_pathogen_focus
ERR5928162	SAMEA8755880	genus	0	0	no	318829	Magnaporthe oryzae	biotic	field	single_pathogen_focus
ERR5928163	SAMEA8755880	species	1	0	no	318829	Magnaporthe oryzae	biotic	field	single_pathogen_focus
ERR5928163	SAMEA8755880	genus	0	0	no	318829	Magnaporthe oryzae	biotic	field	single_pathogen_focus
ERR5928164	SAMEA8755880	species	0	0	no	318829	Magnaporthe oryzae	biotic	field	single_pathogen_focus
ERR5928164	SAMEA8755880	genus	0	0	no	318829	Magnaporthe oryzae	biotic	field	single_pathogen_focus
ERR5928165	SAMEA8755880	species	1	0	no	318829	Magnaporthe oryzae	biotic	field	single_pathogen_focus
ERR5928165	SAMEA8755880	genus	0	0	no	318829	Magnaporthe oryzae	biotic	field	single_pathogen_focus
ERR5928166	SAMEA8755880	species	1	0	no	318829	Magnaporthe oryzae	biotic	field	single_pathogen_focus
ERR5928166	SAMEA8755880	genus	0	0	no	318829	Magnaporthe oryzae	biotic	field	single_pathogen_focus
ERR5928167	SAMEA8755880	species	1	0	no	318829	Magnaporthe oryzae	biotic	field	single_pathogen_focus
ERR5928167	SAMEA8755880	genus	0	0	no	318829	Magnaporthe oryzae	biotic	field	single_pathogen_focus
ERR5928168	SAMEA8755880	species	1	0	no	318829	Magnaporthe oryzae	biotic	field	single_pathogen_focus
ERR5928168	SAMEA8755880	genus	0	0	no	318829	Magnaporthe oryzae	biotic	field	single_pathogen_focus
ERR5928169	SAMEA8755880	species	1	0	no	318829	Magnaporthe oryzae	biotic	field	single_pathogen_focus
ERR5928169	SAMEA8755880	genus	0	0	no	318829	Magnaporthe oryzae	biotic	field	single_pathogen_focus
ERR5928170	SAMEA8755880	species	1	0	no	318829	Magnaporthe oryzae	biotic	field	single_pathogen_focus
ERR5928170	SAMEA8755880	genus	0	0	no	318829	Magnaporthe oryzae	biotic	field	single_pathogen_focus
ERR5928171	SAMEA8755880	species	1	0	no	318829	Magnaporthe oryzae	biotic	field	single_pathogen_focus
ERR5928171	SAMEA8755880	genus	0	0	no	318829	Magnaporthe oryzae	biotic	field	single_pathogen_focus
ERR5928172	SAMEA8755880	species	1	0	no	318829	Magnaporthe oryzae	biotic	field	single_pathogen_focus
ERR5928172	SAMEA8755880	genus	0	0	no	318829	Magnaporthe oryzae	biotic	field	single_pathogen_focus
ERR5928173	SAMEA8755880	species	1	0	no	318829	Magnaporthe oryzae	biotic	field	single_pathogen_focus
ERR5928173	SAMEA8755880	genus	0	0	no	318829	Magnaporthe oryzae	biotic	field	single_pathogen_focus
ERR5928174	SAMEA8755880	species	1	0	no	318829	Magnaporthe oryzae	biotic	field	single_pathogen_focus
ERR5928174	SAMEA8755880	genus	0	0	no	318829	Magnaporthe oryzae	biotic	field	single_pathogen_focus
ERR5928175	SAMEA8755880	species	1	0	no	318829	Magnaporthe oryzae	biotic	field	single_pathogen_focus
ERR5928175	SAMEA8755880	genus	0	0	no	318829	Magnaporthe oryzae	biotic	field	single_pathogen_focus
ERR5928176	SAMEA8755880	species	1	0	no	318829	Magnaporthe oryzae	biotic	field	single_pathogen_focus
ERR5928176	SAMEA8755880	genus	0	0	no	318829	Magnaporthe oryzae	biotic	field	single_pathogen_focus
ERR5928177	SAMEA8755880	species	0	0	no	318829	Magnaporthe oryzae	biotic	field	single_pathogen_focus
ERR5928177	SAMEA8755880	genus	0	0	no	318829	Magnaporthe oryzae	biotic	field	single_pathogen_focus
ERR5928179	SAMEA8755878	species	0	0	no	318829	Magnaporthe oryzae	biotic	field	single_pathogen_focus
ERR5928179	SAMEA8755878	genus	0	0	no	318829	Magnaporthe oryzae	biotic	field	single_pathogen_focus
ERR5928180	SAMEA8755878	species	0	0	no	318829	Magnaporthe oryzae	biotic	field	single_pathogen_focus
ERR5928180	SAMEA8755878	genus	0	0	no	318829	Magnaporthe oryzae	biotic	field	single_pathogen_focus
ERR5928181	SAMEA8755878	species	0	0	no	318829	Magnaporthe oryzae	biotic	field	single_pathogen_focus
ERR5928181	SAMEA8755878	genus	0	0	no	318829	Magnaporthe oryzae	biotic	field	single_pathogen_focus
ERR5928182	SAMEA8755878	species	0	0	no	318829	Magnaporthe oryzae	biotic	field	single_pathogen_focus
ERR5928182	SAMEA8755878	genus	0	0	no	318829	Magnaporthe oryzae	biotic	field	single_pathogen_focus
ERR5928183	SAMEA8755878	species	0	0	no	318829	Magnaporthe oryzae	biotic	field	single_pathogen_focus
ERR5928183	SAMEA8755878	genus	0	0	no	318829	Magnaporthe oryzae	biotic	field	single_pathogen_focus
ERR5928184	SAMEA8755878	species	1	0	no	318829	Magnaporthe oryzae	biotic	field	single_pathogen_focus
ERR5928184	SAMEA8755878	genus	0	0	no	318829	Magnaporthe oryzae	biotic	field	single_pathogen_focus
ERR5928185	SAMEA8755878	species	1	0	no	318829	Magnaporthe oryzae	biotic	field	single_pathogen_focus
ERR5928185	SAMEA8755878	genus	0	0	no	318829	Magnaporthe oryzae	biotic	field	single_pathogen_focus
ERR5928186	SAMEA8755878	species	0	0	no	318829	Magnaporthe oryzae	biotic	field	single_pathogen_focus
ERR5928186	SAMEA8755878	genus	0	0	no	318829	Magnaporthe oryzae	biotic	field	single_pathogen_focus
ERR5928187	SAMEA8755878	species	0	0	no	318829	Magnaporthe oryzae	biotic	field	single_pathogen_focus
ERR5928187	SAMEA8755878	genus	0	0	no	318829	Magnaporthe oryzae	biotic	field	single_pathogen_focus
ERR5928188	SAMEA8755878	species	1	0	no	318829	Magnaporthe oryzae	biotic	field	single_pathogen_focus
ERR5928188	SAMEA8755878	genus	0	0	no	318829	Magnaporthe oryzae	biotic	field	single_pathogen_focus
ERR5928189	SAMEA8755878	species	0	0	no	318829	Magnaporthe oryzae	biotic	field	single_pathogen_focus
ERR5928189	SAMEA8755878	genus	0	0	no	318829	Magnaporthe oryzae	biotic	field	single_pathogen_focus
ERR5928190	SAMEA8755878	species	1	0	no	318829	Magnaporthe oryzae	biotic	field	single_pathogen_focus
ERR5928190	SAMEA8755878	genus	0	0	no	318829	Magnaporthe oryzae	biotic	field	single_pathogen_focus
ERR5928191	SAMEA8755878	species	0	0	no	318829	Magnaporthe oryzae	biotic	field	single_pathogen_focus
ERR5928191	SAMEA8755878	genus	0	0	no	318829	Magnaporthe oryzae	biotic	field	single_pathogen_focus
ERR5928192	SAMEA8755878	species	1	0	no	318829	Magnaporthe oryzae	biotic	field	single_pathogen_focus
ERR5928192	SAMEA8755878	genus	0	0	no	318829	Magnaporthe oryzae	biotic	field	single_pathogen_focus
ERR5928193	SAMEA8755878	species	1	0	no	318829	Magnaporthe oryzae	biotic	field	single_pathogen_focus
ERR5928193	SAMEA8755878	genus	0	0	no	318829	Magnaporthe oryzae	biotic	field	single_pathogen_focus
ERR5928194	SAMEA8755878	species	0	0	no	318829	Magnaporthe oryzae	biotic	field	single_pathogen_focus
ERR5928194	SAMEA8755878	genus	0	0	no	318829	Magnaporthe oryzae	biotic	field	single_pathogen_focus
ERR5928195	SAMEA8755878	species	0	0	no	318829	Magnaporthe oryzae	biotic	field	single_pathogen_focus
ERR5928195	SAMEA8755878	genus	0	0	no	318829	Magnaporthe oryzae	biotic	field	single_pathogen_focus
ERR5928196	SAMEA8755878	species	0	0	no	318829	Magnaporthe oryzae	biotic	field	single_pathogen_focus
ERR5928196	SAMEA8755878	genus	0	0	no	318829	Magnaporthe oryzae	biotic	field	single_pathogen_focus
ERR5928197	SAMEA8755878	species	0	0	no	318829	Magnaporthe oryzae	biotic	field	single_pathogen_focus
ERR5928197	SAMEA8755878	genus	0	0	no	318829	Magnaporthe oryzae	biotic	field	single_pathogen_focus
ERR5928198	SAMEA8755878	species	0	0	no	318829	Magnaporthe oryzae	biotic	field	single_pathogen_focus
ERR5928198	SAMEA8755878	genus	0	0	no	318829	Magnaporthe oryzae	biotic	field	single_pathogen_focus
ERR5928199	SAMEA8755878	species	0	0	no	318829	Magnaporthe oryzae	biotic	field	single_pathogen_focus
ERR5928199	SAMEA8755878	genus	0	0	no	318829	Magnaporthe oryzae	biotic	field	single_pathogen_focus
ERR5928200	SAMEA8755878	species	0	0	no	318829	Magnaporthe oryzae	biotic	field	single_pathogen_focus
ERR5928200	SAMEA8755878	genus	0	0	no	318829	Magnaporthe oryzae	biotic	field	single_pathogen_focus
ERR5928201	SAMEA8755878	species	0	0	no	318829	Magnaporthe oryzae	biotic	field	single_pathogen_focus
ERR5928201	SAMEA8755878	genus	0	0	no	318829	Magnaporthe oryzae	biotic	field	single_pathogen_focus
ERR5928202	SAMEA8755878	species	0	0	no	318829	Magnaporthe oryzae	biotic	field	single_pathogen_focus
ERR5928202	SAMEA8755878	genus	0	0	no	318829	Magnaporthe oryzae	biotic	field	single_pathogen_focus
ERR5928203	SAMEA8755879	species	0	0	no	318829	Magnaporthe oryzae	biotic	field	single_pathogen_focus
ERR5928203	SAMEA8755879	genus	0	0	no	318829	Magnaporthe oryzae	biotic	field	single_pathogen_focus
ERR5928204	SAMEA8755879	species	0	0	no	318829	Magnaporthe oryzae	biotic	field	single_pathogen_focus
ERR5928204	SAMEA8755879	genus	0	0	no	318829	Magnaporthe oryzae	biotic	field	single_pathogen_focus
ERR5928205	SAMEA8755879	species	0	0	no	318829	Magnaporthe oryzae	biotic	field	single_pathogen_focus
ERR5928205	SAMEA8755879	genus	0	0	no	318829	Magnaporthe oryzae	biotic	field	single_pathogen_focus
ERR5928206	SAMEA8755879	species	0	0	no	318829	Magnaporthe oryzae	biotic	field	single_pathogen_focus
ERR5928206	SAMEA8755879	genus	0	0	no	318829	Magnaporthe oryzae	biotic	field	single_pathogen_focus
ERR5928207	SAMEA8755879	species	0	0	no	318829	Magnaporthe oryzae	biotic	field	single_pathogen_focus
ERR5928207	SAMEA8755879	genus	0	0	no	318829	Magnaporthe oryzae	biotic	field	single_pathogen_focus
ERR5928208	SAMEA8755879	species	0	0	no	318829	Magnaporthe oryzae	biotic	field	single_pathogen_focus
ERR5928208	SAMEA8755879	genus	0	0	no	318829	Magnaporthe oryzae	biotic	field	single_pathogen_focus
ERR5928209	SAMEA8755879	species	0	0	no	318829	Magnaporthe oryzae	biotic	field	single_pathogen_focus
ERR5928209	SAMEA8755879	genus	0	0	no	318829	Magnaporthe oryzae	biotic	field	single_pathogen_focus
ERR5928210	SAMEA8755879	species	0	0	no	318829	Magnaporthe oryzae	biotic	field	single_pathogen_focus
ERR5928210	SAMEA8755879	genus	0	0	no	318829	Magnaporthe oryzae	biotic	field	single_pathogen_focus
ERR5928211	SAMEA8755879	species	0	0	no	318829	Magnaporthe oryzae	biotic	field	single_pathogen_focus
ERR5928211	SAMEA8755879	genus	0	0	no	318829	Magnaporthe oryzae	biotic	field	single_pathogen_focus
ERR5928212	SAMEA8755879	species	0	0	no	318829	Magnaporthe oryzae	biotic	field	single_pathogen_focus
ERR5928212	SAMEA8755879	genus	0	0	no	318829	Magnaporthe oryzae	biotic	field	single_pathogen_focus
ERR5928213	SAMEA8755879	species	0	0	no	318829	Magnaporthe oryzae	biotic	field	single_pathogen_focus
ERR5928213	SAMEA8755879	genus	0	0	no	318829	Magnaporthe oryzae	biotic	field	single_pathogen_focus
ERR5928214	SAMEA8755879	species	0	0	no	318829	Magnaporthe oryzae	biotic	field	single_pathogen_focus
ERR5928214	SAMEA8755879	genus	0	0	no	318829	Magnaporthe oryzae	biotic	field	single_pathogen_focus
ERR5928215	SAMEA8755879	species	0	0	no	318829	Magnaporthe oryzae	biotic	field	single_pathogen_focus
ERR5928215	SAMEA8755879	genus	0	0	no	318829	Magnaporthe oryzae	biotic	field	single_pathogen_focus
ERR5928216	SAMEA8755879	species	0	0	no	318829	Magnaporthe oryzae	biotic	field	single_pathogen_focus
ERR5928216	SAMEA8755879	genus	0	0	no	318829	Magnaporthe oryzae	biotic	field	single_pathogen_focus
ERR5928217	SAMEA8755879	species	0	0	no	318829	Magnaporthe oryzae	biotic	field	single_pathogen_focus
ERR5928217	SAMEA8755879	genus	0	0	no	318829	Magnaporthe oryzae	biotic	field	single_pathogen_focus
ERR5928218	SAMEA8755879	species	0	0	no	318829	Magnaporthe oryzae	biotic	field	single_pathogen_focus
ERR5928218	SAMEA8755879	genus	0	0	no	318829	Magnaporthe oryzae	biotic	field	single_pathogen_focus
ERR5928219	SAMEA8755879	species	1	0	no	318829	Magnaporthe oryzae	biotic	field	single_pathogen_focus
ERR5928219	SAMEA8755879	genus	0	0	no	318829	Magnaporthe oryzae	biotic	field	single_pathogen_focus
ERR5928220	SAMEA8755879	species	0	0	no	318829	Magnaporthe oryzae	biotic	field	single_pathogen_focus
ERR5928220	SAMEA8755879	genus	0	0	no	318829	Magnaporthe oryzae	biotic	field	single_pathogen_focus
ERR5928221	SAMEA8755879	species	1	0	no	318829	Magnaporthe oryzae	biotic	field	single_pathogen_focus
ERR5928221	SAMEA8755879	genus	0	0	no	318829	Magnaporthe oryzae	biotic	field	single_pathogen_focus
ERR5928222	SAMEA8755879	species	1	0	no	318829	Magnaporthe oryzae	biotic	field	single_pathogen_focus
ERR5928222	SAMEA8755879	genus	0	0	no	318829	Magnaporthe oryzae	biotic	field	single_pathogen_focus
ERR5928223	SAMEA8755879	species	1	0	no	318829	Magnaporthe oryzae	biotic	field	single_pathogen_focus
ERR5928223	SAMEA8755879	genus	0	0	no	318829	Magnaporthe oryzae	biotic	field	single_pathogen_focus
ERR5928224	SAMEA8755879	species	1	0	no	318829	Magnaporthe oryzae	biotic	field	single_pathogen_focus
ERR5928224	SAMEA8755879	genus	0	0	no	318829	Magnaporthe oryzae	biotic	field	single_pathogen_focus
ERR5928225	SAMEA8755879	species	1	0	no	318829	Magnaporthe oryzae	biotic	field	single_pathogen_focus
ERR5928225	SAMEA8755879	genus	0	0	no	318829	Magnaporthe oryzae	biotic	field	single_pathogen_focus
ERR5928226	SAMEA8755879	species	1	0	no	318829	Magnaporthe oryzae	biotic	field	single_pathogen_focus
ERR5928226	SAMEA8755879	genus	0	0	no	318829	Magnaporthe oryzae	biotic	field	single_pathogen_focus
ERR6548341	SAMEA9533647	species	1	0	no	170000	Phakopsora pachyrhizi	biotic	field	single_pathogen_focus
ERR6548341	SAMEA9533647	genus	0	0	no	170000	Phakopsora pachyrhizi	biotic	field	single_pathogen_focus
ERR6548342	SAMEA9533648	species	1	0	no	170000	Phakopsora pachyrhizi	biotic	field	single_pathogen_focus
ERR6548342	SAMEA9533648	genus	0	0	no	170000	Phakopsora pachyrhizi	biotic	field	single_pathogen_focus
ERR6548343	SAMEA9533649	species	1	0	no	170000	Phakopsora pachyrhizi	biotic	field	single_pathogen_focus
ERR6548343	SAMEA9533649	genus	0	0	no	170000	Phakopsora pachyrhizi	biotic	field	single_pathogen_focus
ERR6548344	SAMEA9533650	species	1	0	no	170000	Phakopsora pachyrhizi	biotic	field	single_pathogen_focus
ERR6548344	SAMEA9533650	genus	0	0	no	170000	Phakopsora pachyrhizi	biotic	field	single_pathogen_focus
ERR6548345	SAMEA9533651	species	1	0	no	170000	Phakopsora pachyrhizi	biotic	field	single_pathogen_focus
ERR6548345	SAMEA9533651	genus	0	0	no	170000	Phakopsora pachyrhizi	biotic	field	single_pathogen_focus
ERR6548346	SAMEA9533652	species	1	0	no	170000	Phakopsora pachyrhizi	biotic	field	single_pathogen_focus
ERR6548346	SAMEA9533652	genus	0	0	no	170000	Phakopsora pachyrhizi	biotic	field	single_pathogen_focus
ERR6548347	SAMEA9533653	species	1	0	no	170000	Phakopsora pachyrhizi	biotic	field	single_pathogen_focus
ERR6548347	SAMEA9533653	genus	0	0	no	170000	Phakopsora pachyrhizi	biotic	field	single_pathogen_focus
ERR6548348	SAMEA9533654	species	1	0	no	170000	Phakopsora pachyrhizi	biotic	field	single_pathogen_focus
ERR6548348	SAMEA9533654	genus	0	0	no	170000	Phakopsora pachyrhizi	biotic	field	single_pathogen_focus
ERR6548349	SAMEA9533655	species	1	0	no	170000	Phakopsora pachyrhizi	biotic	field	single_pathogen_focus
ERR6548349	SAMEA9533655	genus	0	0	no	170000	Phakopsora pachyrhizi	biotic	field	single_pathogen_focus
ERR6548350	SAMEA9533683	species	1	0	no	170000	Phakopsora pachyrhizi	biotic	field	single_pathogen_focus
ERR6548350	SAMEA9533683	genus	0	0	no	170000	Phakopsora pachyrhizi	biotic	field	single_pathogen_focus
ERR6548351	SAMEA9533656	species	1	0	no	170000	Phakopsora pachyrhizi	biotic	field	single_pathogen_focus
ERR6548351	SAMEA9533656	genus	0	0	no	170000	Phakopsora pachyrhizi	biotic	field	single_pathogen_focus
ERR6548352	SAMEA9533657	species	1	0	no	170000	Phakopsora pachyrhizi	biotic	field	single_pathogen_focus
ERR6548352	SAMEA9533657	genus	0	0	no	170000	Phakopsora pachyrhizi	biotic	field	single_pathogen_focus
ERR6548354	SAMEA9533659	species	1	0	no	170000	Phakopsora pachyrhizi	biotic	field	single_pathogen_focus
ERR6548354	SAMEA9533659	genus	0	0	no	170000	Phakopsora pachyrhizi	biotic	field	single_pathogen_focus
ERR6548358	SAMEA9533663	species	1	0	no	170000	Phakopsora pachyrhizi	biotic	field	single_pathogen_focus
ERR6548358	SAMEA9533663	genus	0	0	no	170000	Phakopsora pachyrhizi	biotic	field	single_pathogen_focus
ERR6548362	SAMEA9533667	species	1	0	no	170000	Phakopsora pachyrhizi	biotic	field	single_pathogen_focus
ERR6548362	SAMEA9533667	genus	0	0	no	170000	Phakopsora pachyrhizi	biotic	field	single_pathogen_focus
ERR6548364	SAMEA9533670	species	1	0	no	170000	Phakopsora pachyrhizi	biotic	field	single_pathogen_focus
ERR6548364	SAMEA9533670	genus	0	0	no	170000	Phakopsora pachyrhizi	biotic	field	single_pathogen_focus
ERR6548377	SAMEA9533757	species	1	0	no	170000	Phakopsora pachyrhizi	biotic	field	single_pathogen_focus
ERR6548377	SAMEA9533757	genus	0	0	no	170000	Phakopsora pachyrhizi	biotic	field	single_pathogen_focus
ERR6548378	SAMEA9533758	species	0	0	no	170000	Phakopsora pachyrhizi	biotic	field	single_pathogen_focus
ERR6548378	SAMEA9533758	genus	0	0	no	170000	Phakopsora pachyrhizi	biotic	field	single_pathogen_focus
ERR6548379	SAMEA9533759	species	1	0	no	170000	Phakopsora pachyrhizi	biotic	field	single_pathogen_focus
ERR6548379	SAMEA9533759	genus	0	0	no	170000	Phakopsora pachyrhizi	biotic	field	single_pathogen_focus
ERR6548380	SAMEA9533760	species	1	0	no	170000	Phakopsora pachyrhizi	biotic	field	single_pathogen_focus
ERR6548380	SAMEA9533760	genus	0	0	no	170000	Phakopsora pachyrhizi	biotic	field	single_pathogen_focus
ERR6548381	SAMEA9533761	species	1	0	no	170000	Phakopsora pachyrhizi	biotic	field	single_pathogen_focus
ERR6548381	SAMEA9533761	genus	0	0	no	170000	Phakopsora pachyrhizi	biotic	field	single_pathogen_focus
ERR6548382	SAMEA9533762	species	1	0	no	170000	Phakopsora pachyrhizi	biotic	field	single_pathogen_focus
ERR6548382	SAMEA9533762	genus	0	0	no	170000	Phakopsora pachyrhizi	biotic	field	single_pathogen_focus
ERR6548383	SAMEA9533763	species	1	0	no	170000	Phakopsora pachyrhizi	biotic	field	single_pathogen_focus
ERR6548383	SAMEA9533763	genus	0	0	no	170000	Phakopsora pachyrhizi	biotic	field	single_pathogen_focus
ERR6548384	SAMEA9533764	species	1	0	no	170000	Phakopsora pachyrhizi	biotic	field	single_pathogen_focus
ERR6548384	SAMEA9533764	genus	0	0	no	170000	Phakopsora pachyrhizi	biotic	field	single_pathogen_focus
ERR6548385	SAMEA9533765	species	1	0	no	170000	Phakopsora pachyrhizi	biotic	field	single_pathogen_focus
ERR6548385	SAMEA9533765	genus	0	0	no	170000	Phakopsora pachyrhizi	biotic	field	single_pathogen_focus
ERR6548386	SAMEA9533766	species	1	0	no	170000	Phakopsora pachyrhizi	biotic	field	single_pathogen_focus
ERR6548386	SAMEA9533766	genus	0	0	no	170000	Phakopsora pachyrhizi	biotic	field	single_pathogen_focus
ERR6548387	SAMEA9533767	species	1	0	no	170000	Phakopsora pachyrhizi	biotic	field	single_pathogen_focus
ERR6548387	SAMEA9533767	genus	0	0	no	170000	Phakopsora pachyrhizi	biotic	field	single_pathogen_focus
ERR6548388	SAMEA9533768	species	1	0	no	170000	Phakopsora pachyrhizi	biotic	field	single_pathogen_focus
ERR6548388	SAMEA9533768	genus	0	0	no	170000	Phakopsora pachyrhizi	biotic	field	single_pathogen_focus
ERR6847871	SAMEA9973404	species	1	1	no	56615	Puccinia graminis f. sp. tritici	biotic	field	single_pathogen_focus
ERR6847871	SAMEA9973404	genus	0	0	no	56615	Puccinia graminis f. sp. tritici	biotic	field	single_pathogen_focus
ERR6847872	SAMEA9973405	species	2	2	yes	56615	Puccinia graminis f. sp. tritici	biotic	field	single_pathogen_focus
ERR6847872	SAMEA9973405	genus	0	0	no	56615	Puccinia graminis f. sp. tritici	biotic	field	single_pathogen_focus
ERR6847873	SAMEA9973406	species	1	1	no	56615	Puccinia graminis f. sp. tritici	biotic	field	single_pathogen_focus
ERR6847873	SAMEA9973406	genus	0	0	no	56615	Puccinia graminis f. sp. tritici	biotic	field	single_pathogen_focus
ERR6847874	SAMEA9973407	species	2	2	yes	56615	Puccinia graminis f. sp. tritici	biotic	field	single_pathogen_focus
ERR6847874	SAMEA9973407	genus	0	0	no	56615	Puccinia graminis f. sp. tritici	biotic	field	single_pathogen_focus
ERR6847875	SAMEA9973408	species	2	2	yes	56615	Puccinia graminis f. sp. tritici	biotic	field	single_pathogen_focus
ERR6847875	SAMEA9973408	genus	0	0	no	56615	Puccinia graminis f. sp. tritici	biotic	field	single_pathogen_focus
ERR6847876	SAMEA9973409	species	2	2	yes	56615	Puccinia graminis f. sp. tritici	biotic	field	single_pathogen_focus
ERR6847876	SAMEA9973409	genus	0	0	no	56615	Puccinia graminis f. sp. tritici	biotic	field	single_pathogen_focus
ERR6847877	SAMEA9973410	species	2	2	yes	56615	Puccinia graminis f. sp. tritici	biotic	field	single_pathogen_focus
ERR6847877	SAMEA9973410	genus	0	0	no	56615	Puccinia graminis f. sp. tritici	biotic	field	single_pathogen_focus
ERR6847878	SAMEA9973411	species	2	2	yes	56615	Puccinia graminis f. sp. tritici	biotic	field	single_pathogen_focus
ERR6847878	SAMEA9973411	genus	0	0	no	56615	Puccinia graminis f. sp. tritici	biotic	field	single_pathogen_focus
ERR6847879	SAMEA9973412	species	2	2	yes	56615	Puccinia graminis f. sp. tritici	biotic	field	single_pathogen_focus
ERR6847879	SAMEA9973412	genus	0	0	no	56615	Puccinia graminis f. sp. tritici	biotic	field	single_pathogen_focus
ERR6847880	SAMEA9973413	species	2	2	yes	56615	Puccinia graminis f. sp. tritici	biotic	field	single_pathogen_focus
ERR6847880	SAMEA9973413	genus	0	0	no	56615	Puccinia graminis f. sp. tritici	biotic	field	single_pathogen_focus
ERR6847881	SAMEA9973414	species	2	2	yes	56615	Puccinia graminis f. sp. tritici	biotic	field	single_pathogen_focus
ERR6847881	SAMEA9973414	genus	0	0	no	56615	Puccinia graminis f. sp. tritici	biotic	field	single_pathogen_focus
ERR6847882	SAMEA9973415	species	3	3	yes	56615	Puccinia graminis f. sp. tritici	biotic	field	single_pathogen_focus
ERR6847882	SAMEA9973415	genus	0	0	no	56615	Puccinia graminis f. sp. tritici	biotic	field	single_pathogen_focus
ERR6847883	SAMEA9973416	species	2	2	yes	56615	Puccinia graminis f. sp. tritici	biotic	field	single_pathogen_focus
ERR6847883	SAMEA9973416	genus	0	0	no	56615	Puccinia graminis f. sp. tritici	biotic	field	single_pathogen_focus
ERR6847884	SAMEA9973417	species	2	2	yes	56615	Puccinia graminis f. sp. tritici	biotic	field	single_pathogen_focus
ERR6847884	SAMEA9973417	genus	0	0	no	56615	Puccinia graminis f. sp. tritici	biotic	field	single_pathogen_focus
ERR6847885	SAMEA9973418	species	3	3	yes	56615	Puccinia graminis f. sp. tritici	biotic	field	single_pathogen_focus
ERR6847885	SAMEA9973418	genus	0	0	no	56615	Puccinia graminis f. sp. tritici	biotic	field	single_pathogen_focus
ERR6847886	SAMEA9973419	species	3	3	yes	56615	Puccinia graminis f. sp. tritici	biotic	field	single_pathogen_focus
ERR6847886	SAMEA9973419	genus	0	0	no	56615	Puccinia graminis f. sp. tritici	biotic	field	single_pathogen_focus
ERR6847887	SAMEA9973420	species	3	3	yes	56615	Puccinia graminis f. sp. tritici	biotic	field	single_pathogen_focus
ERR6847887	SAMEA9973420	genus	0	0	no	56615	Puccinia graminis f. sp. tritici	biotic	field	single_pathogen_focus
ERR6847888	SAMEA9973421	species	4	4	yes	56615	Puccinia graminis f. sp. tritici	biotic	field	single_pathogen_focus
ERR6847888	SAMEA9973421	genus	0	0	no	56615	Puccinia graminis f. sp. tritici	biotic	field	single_pathogen_focus
ERR6847889	SAMEA9973422	species	3	3	yes	56615	Puccinia graminis f. sp. tritici	biotic	field	single_pathogen_focus
ERR6847889	SAMEA9973422	genus	0	0	no	56615	Puccinia graminis f. sp. tritici	biotic	field	single_pathogen_focus
ERR6847890	SAMEA9973423	species	4	4	yes	56615	Puccinia graminis f. sp. tritici	biotic	field	single_pathogen_focus
ERR6847890	SAMEA9973423	genus	0	0	no	56615	Puccinia graminis f. sp. tritici	biotic	field	single_pathogen_focus
ERR6847891	SAMEA9973424	species	2	2	yes	56615	Puccinia graminis f. sp. tritici	biotic	field	single_pathogen_focus
ERR6847891	SAMEA9973424	genus	0	0	no	56615	Puccinia graminis f. sp. tritici	biotic	field	single_pathogen_focus
ERR6847892	SAMEA9973425	species	4	4	yes	56615	Puccinia graminis f. sp. tritici	biotic	field	single_pathogen_focus
ERR6847892	SAMEA9973425	genus	0	0	no	56615	Puccinia graminis f. sp. tritici	biotic	field	single_pathogen_focus
ERR6847893	SAMEA9973426	species	4	4	yes	56615	Puccinia graminis f. sp. tritici	biotic	field	single_pathogen_focus
ERR6847893	SAMEA9973426	genus	0	0	no	56615	Puccinia graminis f. sp. tritici	biotic	field	single_pathogen_focus
ERR6847894	SAMEA9973427	species	3	3	yes	56615	Puccinia graminis f. sp. tritici	biotic	field	single_pathogen_focus
ERR6847894	SAMEA9973427	genus	0	0	no	56615	Puccinia graminis f. sp. tritici	biotic	field	single_pathogen_focus
ERR6847895	SAMEA9973428	species	2	2	yes	56615	Puccinia graminis f. sp. tritici	biotic	field	single_pathogen_focus
ERR6847895	SAMEA9973428	genus	0	0	no	56615	Puccinia graminis f. sp. tritici	biotic	field	single_pathogen_focus
ERR6847896	SAMEA9973429	species	2	2	yes	56615	Puccinia graminis f. sp. tritici	biotic	field	single_pathogen_focus
ERR6847896	SAMEA9973429	genus	0	0	no	56615	Puccinia graminis f. sp. tritici	biotic	field	single_pathogen_focus
ERR6847897	SAMEA9973430	species	3	3	yes	56615	Puccinia graminis f. sp. tritici	biotic	field	single_pathogen_focus
ERR6847897	SAMEA9973430	genus	0	0	no	56615	Puccinia graminis f. sp. tritici	biotic	field	single_pathogen_focus
ERR7421522	SAMEA11296448	species	1	0	no	40559	Botrytis cinerea	biotic	field	single_pathogen_focus
ERR7421522	SAMEA11296448	genus	0	0	no	40559	Botrytis cinerea	biotic	field	single_pathogen_focus
ERR7421524	SAMEA11296450	species	1	0	no	40559	Botrytis cinerea	biotic	field	single_pathogen_focus
ERR7421524	SAMEA11296450	genus	0	0	no	40559	Botrytis cinerea	biotic	field	single_pathogen_focus
ERR7421525	SAMEA11296451	species	1	0	no	40559	Botrytis cinerea	biotic	field	single_pathogen_focus
ERR7421525	SAMEA11296451	genus	0	0	no	40559	Botrytis cinerea	biotic	field	single_pathogen_focus
ERR7421526	SAMEA11296452	species	1	0	no	40559	Botrytis cinerea	biotic	field	single_pathogen_focus
ERR7421526	SAMEA11296452	genus	0	0	no	40559	Botrytis cinerea	biotic	field	single_pathogen_focus
ERR7421527	SAMEA11296453	species	1	0	no	40559	Botrytis cinerea	biotic	field	single_pathogen_focus
ERR7421527	SAMEA11296453	genus	0	0	no	40559	Botrytis cinerea	biotic	field	single_pathogen_focus
ERR7421528	SAMEA11296454	species	1	0	no	40559	Botrytis cinerea	biotic	field	single_pathogen_focus
ERR7421528	SAMEA11296454	genus	0	0	no	40559	Botrytis cinerea	biotic	field	single_pathogen_focus
ERR7421529	SAMEA11296455	species	1	0	no	40559	Botrytis cinerea	biotic	field	single_pathogen_focus
ERR7421529	SAMEA11296455	genus	0	0	no	40559	Botrytis cinerea	biotic	field	single_pathogen_focus
ERR7421530	SAMEA11296456	species	1	0	no	40559	Botrytis cinerea	biotic	field	single_pathogen_focus
ERR7421530	SAMEA11296456	genus	0	0	no	40559	Botrytis cinerea	biotic	field	single_pathogen_focus
ERR7421531	SAMEA11296457	species	2	1	yes	40559	Botrytis cinerea	biotic	field	single_pathogen_focus
ERR7421531	SAMEA11296457	genus	0	0	no	40559	Botrytis cinerea	biotic	field	single_pathogen_focus
ERR7421532	SAMEA11296458	species	1	0	no	40559	Botrytis cinerea	biotic	field	single_pathogen_focus
ERR7421532	SAMEA11296458	genus	0	0	no	40559	Botrytis cinerea	biotic	field	single_pathogen_focus
ERR7421533	SAMEA11296459	species	1	0	no	40559	Botrytis cinerea	biotic	field	single_pathogen_focus
ERR7421533	SAMEA11296459	genus	0	0	no	40559	Botrytis cinerea	biotic	field	single_pathogen_focus
ERR7421534	SAMEA11296460	species	2	1	yes	40559	Botrytis cinerea	biotic	field	single_pathogen_focus
ERR7421534	SAMEA11296460	genus	0	0	no	40559	Botrytis cinerea	biotic	field	single_pathogen_focus
ERR7421535	SAMEA11296461	species	1	0	no	40559	Botrytis cinerea	biotic	field	single_pathogen_focus
ERR7421535	SAMEA11296461	genus	0	0	no	40559	Botrytis cinerea	biotic	field	single_pathogen_focus
ERR7421537	SAMEA11296463	species	2	1	yes	40559	Botrytis cinerea	biotic	field	single_pathogen_focus
ERR7421537	SAMEA11296463	genus	0	0	no	40559	Botrytis cinerea	biotic	field	single_pathogen_focus
ERR7421538	SAMEA11296464	species	1	0	no	40559	Botrytis cinerea	biotic	field	single_pathogen_focus
ERR7421538	SAMEA11296464	genus	0	0	no	40559	Botrytis cinerea	biotic	field	single_pathogen_focus
ERR7421539	SAMEA11296465	species	1	0	no	40559	Botrytis cinerea	biotic	field	single_pathogen_focus
ERR7421539	SAMEA11296465	genus	0	0	no	40559	Botrytis cinerea	biotic	field	single_pathogen_focus
ERR7421540	SAMEA11296466	species	1	0	no	40559	Botrytis cinerea	biotic	field	single_pathogen_focus
ERR7421540	SAMEA11296466	genus	0	0	no	40559	Botrytis cinerea	biotic	field	single_pathogen_focus
ERR7421541	SAMEA11296467	species	1	0	no	40559	Botrytis cinerea	biotic	field	single_pathogen_focus
ERR7421541	SAMEA11296467	genus	0	0	no	40559	Botrytis cinerea	biotic	field	single_pathogen_focus
ERR7421542	SAMEA11296468	species	1	0	no	40559	Botrytis cinerea	biotic	field	single_pathogen_focus
ERR7421542	SAMEA11296468	genus	0	0	no	40559	Botrytis cinerea	biotic	field	single_pathogen_focus
ERR7421543	SAMEA11296469	species	1	0	no	40559	Botrytis cinerea	biotic	field	single_pathogen_focus
ERR7421543	SAMEA11296469	genus	0	0	no	40559	Botrytis cinerea	biotic	field	single_pathogen_focus
ERR7421544	SAMEA11296470	species	1	0	no	40559	Botrytis cinerea	biotic	field	single_pathogen_focus
ERR7421544	SAMEA11296470	genus	0	0	no	40559	Botrytis cinerea	biotic	field	single_pathogen_focus
ERR7421545	SAMEA11296471	species	1	0	no	40559	Botrytis cinerea	biotic	field	single_pathogen_focus
ERR7421545	SAMEA11296471	genus	0	0	no	40559	Botrytis cinerea	biotic	field	single_pathogen_focus
ERR7421546	SAMEA11296472	species	1	0	no	40559	Botrytis cinerea	biotic	field	single_pathogen_focus
ERR7421546	SAMEA11296472	genus	0	0	no	40559	Botrytis cinerea	biotic	field	single_pathogen_focus
ERR7421547	SAMEA11296473	species	1	0	no	40559	Botrytis cinerea	biotic	field	single_pathogen_focus
ERR7421547	SAMEA11296473	genus	0	0	no	40559	Botrytis cinerea	biotic	field	single_pathogen_focus
ERR7421548	SAMEA11296474	species	1	0	no	40559	Botrytis cinerea	biotic	field	single_pathogen_focus
ERR7421548	SAMEA11296474	genus	0	0	no	40559	Botrytis cinerea	biotic	field	single_pathogen_focus
ERR7421550	SAMEA11296476	species	1	0	no	40559	Botrytis cinerea	biotic	field	single_pathogen_focus
ERR7421550	SAMEA11296476	genus	0	0	no	40559	Botrytis cinerea	biotic	field	single_pathogen_focus
ERR789099	SAMEA3304719	species	1	0	no	1047171	Zymoseptoria tritici	biotic	field	single_pathogen_focus
ERR789099	SAMEA3304719	genus	0	0	no	1047171	Zymoseptoria tritici	biotic	field	single_pathogen_focus
ERR789109	SAMEA3304729	species	1	0	no	1047171	Zymoseptoria tritici	biotic	field	single_pathogen_focus
ERR789109	SAMEA3304729	genus	0	0	no	1047171	Zymoseptoria tritici	biotic	field	single_pathogen_focus
ERR789112	SAMEA3304732	species	1	0	no	1047171	Zymoseptoria tritici	biotic	field	single_pathogen_focus
ERR789112	SAMEA3304732	genus	0	0	no	1047171	Zymoseptoria tritici	biotic	field	single_pathogen_focus
ERR789113	SAMEA3304733	species	1	0	no	1047171	Zymoseptoria tritici	biotic	field	single_pathogen_focus
ERR789113	SAMEA3304733	genus	0	0	no	1047171	Zymoseptoria tritici	biotic	field	single_pathogen_focus
ERR789114	SAMEA3304734	species	1	0	no	1047171	Zymoseptoria tritici	biotic	field	single_pathogen_focus
ERR789114	SAMEA3304734	genus	0	0	no	1047171	Zymoseptoria tritici	biotic	field	single_pathogen_focus
ERR789116	SAMEA3304736	species	1	0	no	1047171	Zymoseptoria tritici	biotic	field	single_pathogen_focus
ERR789116	SAMEA3304736	genus	0	0	no	1047171	Zymoseptoria tritici	biotic	field	single_pathogen_focus
ERR789368	SAMEA3305449	species	1	0	no	1047171	Zymoseptoria tritici	biotic	field	single_pathogen_focus
ERR789368	SAMEA3305449	genus	0	0	no	1047171	Zymoseptoria tritici	biotic	field	single_pathogen_focus
ERR789369	SAMEA3305450	species	1	0	no	1047171	Zymoseptoria tritici	biotic	field	single_pathogen_focus
ERR789369	SAMEA3305450	genus	0	0	no	1047171	Zymoseptoria tritici	biotic	field	single_pathogen_focus
ERR789370	SAMEA3305451	species	1	0	no	1047171	Zymoseptoria tritici	biotic	field	single_pathogen_focus
ERR789370	SAMEA3305451	genus	0	0	no	1047171	Zymoseptoria tritici	biotic	field	single_pathogen_focus
ERR789371	SAMEA3305452	species	1	0	no	1047171	Zymoseptoria tritici	biotic	field	single_pathogen_focus
ERR789371	SAMEA3305452	genus	0	0	no	1047171	Zymoseptoria tritici	biotic	field	single_pathogen_focus
ERR789372	SAMEA3305463	species	1	0	no	1047171	Zymoseptoria tritici	biotic	field	single_pathogen_focus
ERR789372	SAMEA3305463	genus	0	0	no	1047171	Zymoseptoria tritici	biotic	field	single_pathogen_focus
ERR789373	SAMEA3305453	species	1	0	no	1047171	Zymoseptoria tritici	biotic	field	single_pathogen_focus
ERR789373	SAMEA3305453	genus	0	0	no	1047171	Zymoseptoria tritici	biotic	field	single_pathogen_focus
ERR789374	SAMEA3305454	species	1	0	no	1047171	Zymoseptoria tritici	biotic	field	single_pathogen_focus
ERR789374	SAMEA3305454	genus	0	0	no	1047171	Zymoseptoria tritici	biotic	field	single_pathogen_focus
ERR789375	SAMEA3305455	species	1	0	no	1047171	Zymoseptoria tritici	biotic	field	single_pathogen_focus
ERR789375	SAMEA3305455	genus	0	0	no	1047171	Zymoseptoria tritici	biotic	field	single_pathogen_focus
ERR789376	SAMEA3305456	species	1	0	no	1047171	Zymoseptoria tritici	biotic	field	single_pathogen_focus
ERR789376	SAMEA3305456	genus	0	0	no	1047171	Zymoseptoria tritici	biotic	field	single_pathogen_focus
ERR789377	SAMEA3305457	species	1	0	no	1047171	Zymoseptoria tritici	biotic	field	single_pathogen_focus
ERR789377	SAMEA3305457	genus	0	0	no	1047171	Zymoseptoria tritici	biotic	field	single_pathogen_focus
ERR789378	SAMEA3305458	species	1	0	no	1047171	Zymoseptoria tritici	biotic	field	single_pathogen_focus
ERR789378	SAMEA3305458	genus	0	0	no	1047171	Zymoseptoria tritici	biotic	field	single_pathogen_focus
ERR789379	SAMEA3305459	species	1	0	no	1047171	Zymoseptoria tritici	biotic	field	single_pathogen_focus
ERR789379	SAMEA3305459	genus	0	0	no	1047171	Zymoseptoria tritici	biotic	field	single_pathogen_focus
ERR789380	SAMEA3305460	species	1	0	no	1047171	Zymoseptoria tritici	biotic	field	single_pathogen_focus
ERR789380	SAMEA3305460	genus	0	0	no	1047171	Zymoseptoria tritici	biotic	field	single_pathogen_focus
ERR789382	SAMEA3305462	species	1	0	no	1047171	Zymoseptoria tritici	biotic	field	single_pathogen_focus
ERR789382	SAMEA3305462	genus	0	0	no	1047171	Zymoseptoria tritici	biotic	field	single_pathogen_focus
ERR9452524	SAMEA13794809	species	1	0	no	318829	Magnaporthe oryzae	biotic	field	single_pathogen_focus
ERR9452524	SAMEA13794809	genus	0	0	no	318829	Magnaporthe oryzae	biotic	field	single_pathogen_focus
ERR986091	SAMEA3507401	species	1	1	no			abiotic	field	not_disease_focused
ERR986091	SAMEA3507401	genus	0	0	no			abiotic	field	not_disease_focused
ERR986092	SAMEA3507401	species	1	1	no			abiotic	field	not_disease_focused
ERR986092	SAMEA3507401	genus	0	0	no			abiotic	field	not_disease_focused
ERR986115	SAMEA3507413	species	1	1	no			abiotic	field	not_disease_focused
ERR986115	SAMEA3507413	genus	0	0	no			abiotic	field	not_disease_focused
ERR986116	SAMEA3507413	species	1	1	no			abiotic	field	not_disease_focused
ERR986116	SAMEA3507413	genus	0	0	no			abiotic	field	not_disease_focused
ERR990467	SAMEA3515998	species	1	0	no	31870,348901	Colletotrichum graminicola; Cercospora zeina	biotic	field	single_pathogen_focus
ERR990467	SAMEA3515998	genus	0	0	no	31870,348901	Colletotrichum graminicola; Cercospora zeina	biotic	field	single_pathogen_focus
ERR990468	SAMEA3515998	species	1	0	no	31870,348901	Colletotrichum graminicola; Cercospora zeina	biotic	field	single_pathogen_focus
ERR990468	SAMEA3515998	genus	0	0	no	31870,348901	Colletotrichum graminicola; Cercospora zeina	biotic	field	single_pathogen_focus
ERR990470	SAMEA3515999	species	1	0	no	31870,348901	Colletotrichum graminicola; Cercospora zeina	biotic	field	single_pathogen_focus
ERR990470	SAMEA3515999	genus	0	0	no	31870,348901	Colletotrichum graminicola; Cercospora zeina	biotic	field	single_pathogen_focus
ERR990471	SAMEA3516000	species	1	0	no	31870,348901	Colletotrichum graminicola; Cercospora zeina	biotic	field	single_pathogen_focus
ERR990471	SAMEA3516000	genus	0	0	no	31870,348901	Colletotrichum graminicola; Cercospora zeina	biotic	field	single_pathogen_focus
ERR990472	SAMEA3516001	species	1	0	no	31870,348901	Colletotrichum graminicola; Cercospora zeina	biotic	field	single_pathogen_focus
ERR990472	SAMEA3516001	genus	0	0	no	31870,348901	Colletotrichum graminicola; Cercospora zeina	biotic	field	single_pathogen_focus
ERR990488	SAMEA3516005	species	1	0	no	31870,348901	Colletotrichum graminicola; Cercospora zeina	biotic	field	single_pathogen_focus
ERR990488	SAMEA3516005	genus	0	0	no	31870,348901	Colletotrichum graminicola; Cercospora zeina	biotic	field	single_pathogen_focus
ERR990489	SAMEA3516006	species	1	0	no	31870,348901	Colletotrichum graminicola; Cercospora zeina	biotic	field	single_pathogen_focus
ERR990489	SAMEA3516006	genus	0	0	no	31870,348901	Colletotrichum graminicola; Cercospora zeina	biotic	field	single_pathogen_focus
ERR990490	SAMEA3516007	species	1	0	no	31870,348901	Colletotrichum graminicola; Cercospora zeina	biotic	field	single_pathogen_focus
ERR990490	SAMEA3516007	genus	0	0	no	31870,348901	Colletotrichum graminicola; Cercospora zeina	biotic	field	single_pathogen_focus
ERR990507	SAMEA3516011	species	1	0	no	31870,348901	Colletotrichum graminicola; Cercospora zeina	biotic	field	single_pathogen_focus
ERR990507	SAMEA3516011	genus	0	0	no	31870,348901	Colletotrichum graminicola; Cercospora zeina	biotic	field	single_pathogen_focus
SRR10053811	SAMN12670098	species	1	1	no	135283,283358,6306	Alternaria cucumerina; Podosphaera xanthii; Meloidogyne incognita	biotic	field	intentional_multi_pathogen
SRR10053811	SAMN12670098	genus	0	0	no	135283,283358,6306	Alternaria cucumerina; Podosphaera xanthii; Meloidogyne incognita	biotic	field	intentional_multi_pathogen
SRR10053813	SAMN12670114	species	2	2	yes	135283,283358,6306	Alternaria cucumerina; Podosphaera xanthii; Meloidogyne incognita	biotic	field	intentional_multi_pathogen
SRR10053813	SAMN12670114	genus	0	0	no	135283,283358,6306	Alternaria cucumerina; Podosphaera xanthii; Meloidogyne incognita	biotic	field	intentional_multi_pathogen
SRR10053817	SAMN12670110	species	1	1	no	135283,283358,6306	Alternaria cucumerina; Podosphaera xanthii; Meloidogyne incognita	biotic	field	intentional_multi_pathogen
SRR10053817	SAMN12670110	genus	0	0	no	135283,283358,6306	Alternaria cucumerina; Podosphaera xanthii; Meloidogyne incognita	biotic	field	intentional_multi_pathogen
SRR10053818	SAMN12670109	species	1	1	no	135283,283358,6306	Alternaria cucumerina; Podosphaera xanthii; Meloidogyne incognita	biotic	field	intentional_multi_pathogen
SRR10053818	SAMN12670109	genus	0	0	no	135283,283358,6306	Alternaria cucumerina; Podosphaera xanthii; Meloidogyne incognita	biotic	field	intentional_multi_pathogen
SRR10053819	SAMN12670108	species	1	1	no	135283,283358,6306	Alternaria cucumerina; Podosphaera xanthii; Meloidogyne incognita	biotic	field	intentional_multi_pathogen
SRR10053819	SAMN12670108	genus	0	0	no	135283,283358,6306	Alternaria cucumerina; Podosphaera xanthii; Meloidogyne incognita	biotic	field	intentional_multi_pathogen
SRR10053822	SAMN12670097	species	1	1	no	135283,283358,6306	Alternaria cucumerina; Podosphaera xanthii; Meloidogyne incognita	biotic	field	intentional_multi_pathogen
SRR10053822	SAMN12670097	genus	0	0	no	135283,283358,6306	Alternaria cucumerina; Podosphaera xanthii; Meloidogyne incognita	biotic	field	intentional_multi_pathogen
SRR10095075	SAMN12722918	species	2	2	yes	348901	Cercospora zeina	biotic	field	single_pathogen_focus
SRR10095075	SAMN12722918	genus	0	0	no	348901	Cercospora zeina	biotic	field	single_pathogen_focus
SRR10095076	SAMN12722916	species	3	3	yes	348901	Cercospora zeina	biotic	field	single_pathogen_focus
SRR10095076	SAMN12722916	genus	0	0	no	348901	Cercospora zeina	biotic	field	single_pathogen_focus
SRR10175971	SAMN12832859	species	0	0	no	120644,35725	Fusarium thapsinum; Macrophomina phaseolina	biotic	field	intentional_multi_pathogen
SRR10175971	SAMN12832859	genus	0	0	no	120644,35725	Fusarium thapsinum; Macrophomina phaseolina	biotic	field	intentional_multi_pathogen
SRR10189427	SAMN12856195	species	1	0	no	5180	Sclerotinia sclerotiorum	biotic	field	single_pathogen_focus
SRR10189427	SAMN12856195	genus	0	0	no	5180	Sclerotinia sclerotiorum	biotic	field	single_pathogen_focus
SRR10189429	SAMN12856193	species	1	0	no	5180	Sclerotinia sclerotiorum	biotic	field	single_pathogen_focus
SRR10189429	SAMN12856193	genus	0	0	no	5180	Sclerotinia sclerotiorum	biotic	field	single_pathogen_focus
SRR10189431	SAMN12856191	species	1	0	no	5180	Sclerotinia sclerotiorum	biotic	field	single_pathogen_focus
SRR10189431	SAMN12856191	genus	0	0	no	5180	Sclerotinia sclerotiorum	biotic	field	single_pathogen_focus
SRR10189435	SAMN12856184	species	1	0	no	5180	Sclerotinia sclerotiorum	biotic	field	single_pathogen_focus
SRR10189435	SAMN12856184	genus	0	0	no	5180	Sclerotinia sclerotiorum	biotic	field	single_pathogen_focus
SRR10189436	SAMN12856183	species	1	0	no	5180	Sclerotinia sclerotiorum	biotic	field	single_pathogen_focus
SRR10189436	SAMN12856183	genus	0	0	no	5180	Sclerotinia sclerotiorum	biotic	field	single_pathogen_focus
SRR10189437	SAMN12856182	species	1	0	no	5180	Sclerotinia sclerotiorum	biotic	field	single_pathogen_focus
SRR10189437	SAMN12856182	genus	0	0	no	5180	Sclerotinia sclerotiorum	biotic	field	single_pathogen_focus
SRR10189447	SAMN12856172	species	1	0	no	5180	Sclerotinia sclerotiorum	biotic	field	single_pathogen_focus
SRR10189447	SAMN12856172	genus	0	0	no	5180	Sclerotinia sclerotiorum	biotic	field	single_pathogen_focus
SRR10189449	SAMN12856170	species	1	0	no	5180	Sclerotinia sclerotiorum	biotic	field	single_pathogen_focus
SRR10189449	SAMN12856170	genus	0	0	no	5180	Sclerotinia sclerotiorum	biotic	field	single_pathogen_focus
SRR10221949	SAMN12884895	species	0	0	no	1825924	Barley virus G	biotic	field	single_pathogen_focus
SRR10221949	SAMN12884895	genus	0	0	no	1825924	Barley virus G	biotic	field	single_pathogen_focus
SRR10221950	SAMN12884894	species	1	1	no	1825924	Barley virus G	biotic	field	single_pathogen_focus
SRR10221950	SAMN12884894	genus	0	0	no	1825924	Barley virus G	biotic	field	single_pathogen_focus
SRR10291728	SAMN13028268	species	1	1	no	62690	Blumeria graminis f. sp. tritici	biotic	field	single_pathogen_focus
SRR10291728	SAMN13028268	genus	0	0	no	62690	Blumeria graminis f. sp. tritici	biotic	field	single_pathogen_focus
SRR10291733	SAMN13028267	species	1	1	no	62690	Blumeria graminis f. sp. tritici	biotic	field	single_pathogen_focus
SRR10291733	SAMN13028267	genus	0	0	no	62690	Blumeria graminis f. sp. tritici	biotic	field	single_pathogen_focus
SRR10291734	SAMN13028320	species	1	1	no	62690	Blumeria graminis f. sp. tritici	biotic	field	single_pathogen_focus
SRR10291734	SAMN13028320	genus	0	0	no	62690	Blumeria graminis f. sp. tritici	biotic	field	single_pathogen_focus
SRR10291738	SAMN13028316	species	1	1	no	62690	Blumeria graminis f. sp. tritici	biotic	field	single_pathogen_focus
SRR10291738	SAMN13028316	genus	0	0	no	62690	Blumeria graminis f. sp. tritici	biotic	field	single_pathogen_focus
SRR10291739	SAMN13028315	species	1	1	no	62690	Blumeria graminis f. sp. tritici	biotic	field	single_pathogen_focus
SRR10291739	SAMN13028315	genus	0	0	no	62690	Blumeria graminis f. sp. tritici	biotic	field	single_pathogen_focus
SRR10291747	SAMN13028308	species	1	1	no	62690	Blumeria graminis f. sp. tritici	biotic	field	single_pathogen_focus
SRR10291747	SAMN13028308	genus	0	0	no	62690	Blumeria graminis f. sp. tritici	biotic	field	single_pathogen_focus
SRR10291751	SAMN13028304	species	1	1	no	62690	Blumeria graminis f. sp. tritici	biotic	field	single_pathogen_focus
SRR10291751	SAMN13028304	genus	0	0	no	62690	Blumeria graminis f. sp. tritici	biotic	field	single_pathogen_focus
SRR10291752	SAMN13028303	species	1	1	no	62690	Blumeria graminis f. sp. tritici	biotic	field	single_pathogen_focus
SRR10291752	SAMN13028303	genus	0	0	no	62690	Blumeria graminis f. sp. tritici	biotic	field	single_pathogen_focus
SRR10291756	SAMN13028300	species	1	1	no	62690	Blumeria graminis f. sp. tritici	biotic	field	single_pathogen_focus
SRR10291756	SAMN13028300	genus	0	0	no	62690	Blumeria graminis f. sp. tritici	biotic	field	single_pathogen_focus
SRR10291757	SAMN13028299	species	1	1	no	62690	Blumeria graminis f. sp. tritici	biotic	field	single_pathogen_focus
SRR10291757	SAMN13028299	genus	0	0	no	62690	Blumeria graminis f. sp. tritici	biotic	field	single_pathogen_focus
SRR10291760	SAMN13028296	species	1	1	no	62690	Blumeria graminis f. sp. tritici	biotic	field	single_pathogen_focus
SRR10291760	SAMN13028296	genus	0	0	no	62690	Blumeria graminis f. sp. tritici	biotic	field	single_pathogen_focus
SRR10291761	SAMN13028295	species	1	1	no	62690	Blumeria graminis f. sp. tritici	biotic	field	single_pathogen_focus
SRR10291761	SAMN13028295	genus	0	0	no	62690	Blumeria graminis f. sp. tritici	biotic	field	single_pathogen_focus
SRR10291766	SAMN13028264	species	1	1	no	62690	Blumeria graminis f. sp. tritici	biotic	field	single_pathogen_focus
SRR10291766	SAMN13028264	genus	0	0	no	62690	Blumeria graminis f. sp. tritici	biotic	field	single_pathogen_focus
SRR10291777	SAMN13028263	species	1	1	no	62690	Blumeria graminis f. sp. tritici	biotic	field	single_pathogen_focus
SRR10291777	SAMN13028263	genus	0	0	no	62690	Blumeria graminis f. sp. tritici	biotic	field	single_pathogen_focus
SRR10291782	SAMN13028276	species	1	1	no	62690	Blumeria graminis f. sp. tritici	biotic	field	single_pathogen_focus
SRR10291782	SAMN13028276	genus	0	0	no	62690	Blumeria graminis f. sp. tritici	biotic	field	single_pathogen_focus
SRR10291783	SAMN13028275	species	1	1	no	62690	Blumeria graminis f. sp. tritici	biotic	field	single_pathogen_focus
SRR10291783	SAMN13028275	genus	0	0	no	62690	Blumeria graminis f. sp. tritici	biotic	field	single_pathogen_focus
SRR10291786	SAMN13028272	species	1	1	no	62690	Blumeria graminis f. sp. tritici	biotic	field	single_pathogen_focus
SRR10291786	SAMN13028272	genus	0	0	no	62690	Blumeria graminis f. sp. tritici	biotic	field	single_pathogen_focus
SRR10291787	SAMN13028271	species	1	1	no	62690	Blumeria graminis f. sp. tritici	biotic	field	single_pathogen_focus
SRR10291787	SAMN13028271	genus	0	0	no	62690	Blumeria graminis f. sp. tritici	biotic	field	single_pathogen_focus
SRR10386362	SAMN13180999	species	0	0	no	552	Erwinia amylovora	biotic	field	single_pathogen_focus
SRR10386362	SAMN13180999	genus	0	0	no	552	Erwinia amylovora	biotic	field	single_pathogen_focus
SRR10386363	SAMN13180998	species	0	0	no	552	Erwinia amylovora	biotic	field	single_pathogen_focus
SRR10386363	SAMN13180998	genus	0	0	no	552	Erwinia amylovora	biotic	field	single_pathogen_focus
SRR10386364	SAMN13180997	species	0	0	no	552	Erwinia amylovora	biotic	field	single_pathogen_focus
SRR10386364	SAMN13180997	genus	0	0	no	552	Erwinia amylovora	biotic	field	single_pathogen_focus
SRR10386365	SAMN13180996	species	0	0	no	552	Erwinia amylovora	biotic	field	single_pathogen_focus
SRR10386365	SAMN13180996	genus	0	0	no	552	Erwinia amylovora	biotic	field	single_pathogen_focus
SRR10420664	SAMN13241310	species	2	2	yes	12197	Bean yellow mosaic virus	biotic	field	single_pathogen_focus
SRR10420664	SAMN13241310	genus	0	0	no	12197	Bean yellow mosaic virus	biotic	field	single_pathogen_focus
SRR10499796	SAMN13336503	species	1	0	no	318829	Magnaporthe oryzae	biotic	field	single_pathogen_focus
SRR10499796	SAMN13336503	genus	0	0	no	318829	Magnaporthe oryzae	biotic	field	single_pathogen_focus
SRR10499797	SAMN13336502	species	1	0	no	318829	Magnaporthe oryzae	biotic	field	single_pathogen_focus
SRR10499797	SAMN13336502	genus	0	0	no	318829	Magnaporthe oryzae	biotic	field	single_pathogen_focus
SRR10582639	SAMN13474948	species	3	3	yes	101028,282267,5518	Fusarium graminearum; Fusarium pseudograminearum; Fusarium asiaticum	biotic	field	single_pathogen_focus
SRR10582639	SAMN13474948	genus	0	0	no	101028,282267,5518	Fusarium graminearum; Fusarium pseudograminearum; Fusarium asiaticum	biotic	field	single_pathogen_focus
SRR10717614	SAMN13608603	species	1	0	no	5518	Fusarium graminearum	biotic	field	single_pathogen_focus
SRR10717614	SAMN13608603	genus	0	0	no	5518	Fusarium graminearum	biotic	field	single_pathogen_focus
SRR10717615	SAMN13608603	species	1	0	no	5518	Fusarium graminearum	biotic	field	single_pathogen_focus
SRR10717615	SAMN13608603	genus	0	0	no	5518	Fusarium graminearum	biotic	field	single_pathogen_focus
SRR10765499	SAMN13677091	species	0	0	no	312295	Cotton leafroll dwarf virus (CLRDV)	biotic	field	single_pathogen_focus
SRR10765499	SAMN13677091	genus	0	0	no	312295	Cotton leafroll dwarf virus (CLRDV)	biotic	field	single_pathogen_focus
SRR11066777	SAMN14082236	species	1	1	no			none	field	not_disease_focused
SRR11066777	SAMN14082236	genus	0	0	no			none	field	not_disease_focused
SRR11067668	SAMN14083312	species	1	1	no			abiotic	field	not_disease_focused
SRR11067668	SAMN14083312	genus	0	0	no			abiotic	field	not_disease_focused
SRR11067669	SAMN14083312	species	1	1	no			abiotic	field	not_disease_focused
SRR11067669	SAMN14083312	genus	0	0	no			abiotic	field	not_disease_focused
SRR11216260	SAMN02981487	species	1	0	no	1131913,1215731,690256,690259,912113	Colletotrichum fructicola; Colletotrichum siamense; Colletotrichum aenigma; Colletotrichum tropicale; Colletotrichum viniferum	biotic	field	single_pathogen_focus
SRR11216260	SAMN02981487	genus	0	0	no	1131913,1215731,690256,690259,912113	Colletotrichum fructicola; Colletotrichum siamense; Colletotrichum aenigma; Colletotrichum tropicale; Colletotrichum viniferum	biotic	field	single_pathogen_focus
SRR11216261	SAMN02981487	species	1	0	no	1131913,1215731,690256,690259,912113	Colletotrichum fructicola; Colletotrichum siamense; Colletotrichum aenigma; Colletotrichum tropicale; Colletotrichum viniferum	biotic	field	single_pathogen_focus
SRR11216261	SAMN02981487	genus	0	0	no	1131913,1215731,690256,690259,912113	Colletotrichum fructicola; Colletotrichum siamense; Colletotrichum aenigma; Colletotrichum tropicale; Colletotrichum viniferum	biotic	field	single_pathogen_focus
SRR11216262	SAMN02981487	species	1	0	no	1131913,1215731,690256,690259,912113	Colletotrichum fructicola; Colletotrichum siamense; Colletotrichum aenigma; Colletotrichum tropicale; Colletotrichum viniferum	biotic	field	single_pathogen_focus
SRR11216262	SAMN02981487	genus	0	0	no	1131913,1215731,690256,690259,912113	Colletotrichum fructicola; Colletotrichum siamense; Colletotrichum aenigma; Colletotrichum tropicale; Colletotrichum viniferum	biotic	field	single_pathogen_focus
SRR11216263	SAMN02981487	species	0	0	no	1131913,1215731,690256,690259,912113	Colletotrichum fructicola; Colletotrichum siamense; Colletotrichum aenigma; Colletotrichum tropicale; Colletotrichum viniferum	biotic	field	single_pathogen_focus
SRR11216263	SAMN02981487	genus	0	0	no	1131913,1215731,690256,690259,912113	Colletotrichum fructicola; Colletotrichum siamense; Colletotrichum aenigma; Colletotrichum tropicale; Colletotrichum viniferum	biotic	field	single_pathogen_focus
SRR11216264	SAMN02981487	species	0	0	no	1131913,1215731,690256,690259,912113	Colletotrichum fructicola; Colletotrichum siamense; Colletotrichum aenigma; Colletotrichum tropicale; Colletotrichum viniferum	biotic	field	single_pathogen_focus
SRR11216264	SAMN02981487	genus	0	0	no	1131913,1215731,690256,690259,912113	Colletotrichum fructicola; Colletotrichum siamense; Colletotrichum aenigma; Colletotrichum tropicale; Colletotrichum viniferum	biotic	field	single_pathogen_focus
SRR11216265	SAMN02981487	species	0	0	no	1131913,1215731,690256,690259,912113	Colletotrichum fructicola; Colletotrichum siamense; Colletotrichum aenigma; Colletotrichum tropicale; Colletotrichum viniferum	biotic	field	single_pathogen_focus
SRR11216265	SAMN02981487	genus	0	0	no	1131913,1215731,690256,690259,912113	Colletotrichum fructicola; Colletotrichum siamense; Colletotrichum aenigma; Colletotrichum tropicale; Colletotrichum viniferum	biotic	field	single_pathogen_focus
SRR11216266	SAMN02981487	species	0	0	no	1131913,1215731,690256,690259,912113	Colletotrichum fructicola; Colletotrichum siamense; Colletotrichum aenigma; Colletotrichum tropicale; Colletotrichum viniferum	biotic	field	single_pathogen_focus
SRR11216266	SAMN02981487	genus	0	0	no	1131913,1215731,690256,690259,912113	Colletotrichum fructicola; Colletotrichum siamense; Colletotrichum aenigma; Colletotrichum tropicale; Colletotrichum viniferum	biotic	field	single_pathogen_focus
SRR11216267	SAMN02981487	species	0	0	no	1131913,1215731,690256,690259,912113	Colletotrichum fructicola; Colletotrichum siamense; Colletotrichum aenigma; Colletotrichum tropicale; Colletotrichum viniferum	biotic	field	single_pathogen_focus
SRR11216267	SAMN02981487	genus	0	0	no	1131913,1215731,690256,690259,912113	Colletotrichum fructicola; Colletotrichum siamense; Colletotrichum aenigma; Colletotrichum tropicale; Colletotrichum viniferum	biotic	field	single_pathogen_focus
SRR11216268	SAMN02981487	species	0	0	no	1131913,1215731,690256,690259,912113	Colletotrichum fructicola; Colletotrichum siamense; Colletotrichum aenigma; Colletotrichum tropicale; Colletotrichum viniferum	biotic	field	single_pathogen_focus
SRR11216268	SAMN02981487	genus	0	0	no	1131913,1215731,690256,690259,912113	Colletotrichum fructicola; Colletotrichum siamense; Colletotrichum aenigma; Colletotrichum tropicale; Colletotrichum viniferum	biotic	field	single_pathogen_focus
SRR11216270	SAMN02981487	species	1	0	no	1131913,1215731,690256,690259,912113	Colletotrichum fructicola; Colletotrichum siamense; Colletotrichum aenigma; Colletotrichum tropicale; Colletotrichum viniferum	biotic	field	single_pathogen_focus
SRR11216270	SAMN02981487	genus	0	0	no	1131913,1215731,690256,690259,912113	Colletotrichum fructicola; Colletotrichum siamense; Colletotrichum aenigma; Colletotrichum tropicale; Colletotrichum viniferum	biotic	field	single_pathogen_focus
SRR11216276	SAMN09448926	species	1	0	no	1131913,1215731,690256,690259,912113	Colletotrichum fructicola; Colletotrichum siamense; Colletotrichum aenigma; Colletotrichum tropicale; Colletotrichum viniferum	biotic	field	single_pathogen_focus
SRR11216276	SAMN09448926	genus	0	0	no	1131913,1215731,690256,690259,912113	Colletotrichum fructicola; Colletotrichum siamense; Colletotrichum aenigma; Colletotrichum tropicale; Colletotrichum viniferum	biotic	field	single_pathogen_focus
SRR11216277	SAMN09448926	species	0	0	no	1131913,1215731,690256,690259,912113	Colletotrichum fructicola; Colletotrichum siamense; Colletotrichum aenigma; Colletotrichum tropicale; Colletotrichum viniferum	biotic	field	single_pathogen_focus
SRR11216277	SAMN09448926	genus	0	0	no	1131913,1215731,690256,690259,912113	Colletotrichum fructicola; Colletotrichum siamense; Colletotrichum aenigma; Colletotrichum tropicale; Colletotrichum viniferum	biotic	field	single_pathogen_focus
SRR11216278	SAMN09448926	species	0	0	no	1131913,1215731,690256,690259,912113	Colletotrichum fructicola; Colletotrichum siamense; Colletotrichum aenigma; Colletotrichum tropicale; Colletotrichum viniferum	biotic	field	single_pathogen_focus
SRR11216278	SAMN09448926	genus	0	0	no	1131913,1215731,690256,690259,912113	Colletotrichum fructicola; Colletotrichum siamense; Colletotrichum aenigma; Colletotrichum tropicale; Colletotrichum viniferum	biotic	field	single_pathogen_focus
SRR11216279	SAMN09448926	species	1	0	no	1131913,1215731,690256,690259,912113	Colletotrichum fructicola; Colletotrichum siamense; Colletotrichum aenigma; Colletotrichum tropicale; Colletotrichum viniferum	biotic	field	single_pathogen_focus
SRR11216279	SAMN09448926	genus	0	0	no	1131913,1215731,690256,690259,912113	Colletotrichum fructicola; Colletotrichum siamense; Colletotrichum aenigma; Colletotrichum tropicale; Colletotrichum viniferum	biotic	field	single_pathogen_focus
SRR11216280	SAMN09448926	species	1	0	no	1131913,1215731,690256,690259,912113	Colletotrichum fructicola; Colletotrichum siamense; Colletotrichum aenigma; Colletotrichum tropicale; Colletotrichum viniferum	biotic	field	single_pathogen_focus
SRR11216280	SAMN09448926	genus	0	0	no	1131913,1215731,690256,690259,912113	Colletotrichum fructicola; Colletotrichum siamense; Colletotrichum aenigma; Colletotrichum tropicale; Colletotrichum viniferum	biotic	field	single_pathogen_focus
SRR11216281	SAMN02981487	species	1	0	no	1131913,1215731,690256,690259,912113	Colletotrichum fructicola; Colletotrichum siamense; Colletotrichum aenigma; Colletotrichum tropicale; Colletotrichum viniferum	biotic	field	single_pathogen_focus
SRR11216281	SAMN02981487	genus	0	0	no	1131913,1215731,690256,690259,912113	Colletotrichum fructicola; Colletotrichum siamense; Colletotrichum aenigma; Colletotrichum tropicale; Colletotrichum viniferum	biotic	field	single_pathogen_focus
SRR11216282	SAMN09448926	species	0	0	no	1131913,1215731,690256,690259,912113	Colletotrichum fructicola; Colletotrichum siamense; Colletotrichum aenigma; Colletotrichum tropicale; Colletotrichum viniferum	biotic	field	single_pathogen_focus
SRR11216282	SAMN09448926	genus	0	0	no	1131913,1215731,690256,690259,912113	Colletotrichum fructicola; Colletotrichum siamense; Colletotrichum aenigma; Colletotrichum tropicale; Colletotrichum viniferum	biotic	field	single_pathogen_focus
SRR11216283	SAMN09448926	species	0	0	no	1131913,1215731,690256,690259,912113	Colletotrichum fructicola; Colletotrichum siamense; Colletotrichum aenigma; Colletotrichum tropicale; Colletotrichum viniferum	biotic	field	single_pathogen_focus
SRR11216283	SAMN09448926	genus	0	0	no	1131913,1215731,690256,690259,912113	Colletotrichum fructicola; Colletotrichum siamense; Colletotrichum aenigma; Colletotrichum tropicale; Colletotrichum viniferum	biotic	field	single_pathogen_focus
SRR11216284	SAMN09448926	species	0	0	no	1131913,1215731,690256,690259,912113	Colletotrichum fructicola; Colletotrichum siamense; Colletotrichum aenigma; Colletotrichum tropicale; Colletotrichum viniferum	biotic	field	single_pathogen_focus
SRR11216284	SAMN09448926	genus	0	0	no	1131913,1215731,690256,690259,912113	Colletotrichum fructicola; Colletotrichum siamense; Colletotrichum aenigma; Colletotrichum tropicale; Colletotrichum viniferum	biotic	field	single_pathogen_focus
SRR11216285	SAMN09448926	species	0	0	no	1131913,1215731,690256,690259,912113	Colletotrichum fructicola; Colletotrichum siamense; Colletotrichum aenigma; Colletotrichum tropicale; Colletotrichum viniferum	biotic	field	single_pathogen_focus
SRR11216285	SAMN09448926	genus	0	0	no	1131913,1215731,690256,690259,912113	Colletotrichum fructicola; Colletotrichum siamense; Colletotrichum aenigma; Colletotrichum tropicale; Colletotrichum viniferum	biotic	field	single_pathogen_focus
SRR11216292	SAMN02981487	species	1	0	no	1131913,1215731,690256,690259,912113	Colletotrichum fructicola; Colletotrichum siamense; Colletotrichum aenigma; Colletotrichum tropicale; Colletotrichum viniferum	biotic	field	single_pathogen_focus
SRR11216292	SAMN02981487	genus	0	0	no	1131913,1215731,690256,690259,912113	Colletotrichum fructicola; Colletotrichum siamense; Colletotrichum aenigma; Colletotrichum tropicale; Colletotrichum viniferum	biotic	field	single_pathogen_focus
SRR11216293	SAMN09531621	species	1	0	no	1131913,1215731,690256,690259,912113	Colletotrichum fructicola; Colletotrichum siamense; Colletotrichum aenigma; Colletotrichum tropicale; Colletotrichum viniferum	biotic	field	single_pathogen_focus
SRR11216293	SAMN09531621	genus	0	0	no	1131913,1215731,690256,690259,912113	Colletotrichum fructicola; Colletotrichum siamense; Colletotrichum aenigma; Colletotrichum tropicale; Colletotrichum viniferum	biotic	field	single_pathogen_focus
SRR11216294	SAMN09531621	species	0	0	no	1131913,1215731,690256,690259,912113	Colletotrichum fructicola; Colletotrichum siamense; Colletotrichum aenigma; Colletotrichum tropicale; Colletotrichum viniferum	biotic	field	single_pathogen_focus
SRR11216294	SAMN09531621	genus	0	0	no	1131913,1215731,690256,690259,912113	Colletotrichum fructicola; Colletotrichum siamense; Colletotrichum aenigma; Colletotrichum tropicale; Colletotrichum viniferum	biotic	field	single_pathogen_focus
SRR11216295	SAMN09531621	species	0	0	no	1131913,1215731,690256,690259,912113	Colletotrichum fructicola; Colletotrichum siamense; Colletotrichum aenigma; Colletotrichum tropicale; Colletotrichum viniferum	biotic	field	single_pathogen_focus
SRR11216295	SAMN09531621	genus	0	0	no	1131913,1215731,690256,690259,912113	Colletotrichum fructicola; Colletotrichum siamense; Colletotrichum aenigma; Colletotrichum tropicale; Colletotrichum viniferum	biotic	field	single_pathogen_focus
SRR11216296	SAMN09531621	species	1	0	no	1131913,1215731,690256,690259,912113	Colletotrichum fructicola; Colletotrichum siamense; Colletotrichum aenigma; Colletotrichum tropicale; Colletotrichum viniferum	biotic	field	single_pathogen_focus
SRR11216296	SAMN09531621	genus	0	0	no	1131913,1215731,690256,690259,912113	Colletotrichum fructicola; Colletotrichum siamense; Colletotrichum aenigma; Colletotrichum tropicale; Colletotrichum viniferum	biotic	field	single_pathogen_focus
SRR11216297	SAMN09531621	species	1	0	no	1131913,1215731,690256,690259,912113	Colletotrichum fructicola; Colletotrichum siamense; Colletotrichum aenigma; Colletotrichum tropicale; Colletotrichum viniferum	biotic	field	single_pathogen_focus
SRR11216297	SAMN09531621	genus	0	0	no	1131913,1215731,690256,690259,912113	Colletotrichum fructicola; Colletotrichum siamense; Colletotrichum aenigma; Colletotrichum tropicale; Colletotrichum viniferum	biotic	field	single_pathogen_focus
SRR11216298	SAMN09531621	species	0	0	no	1131913,1215731,690256,690259,912113	Colletotrichum fructicola; Colletotrichum siamense; Colletotrichum aenigma; Colletotrichum tropicale; Colletotrichum viniferum	biotic	field	single_pathogen_focus
SRR11216298	SAMN09531621	genus	0	0	no	1131913,1215731,690256,690259,912113	Colletotrichum fructicola; Colletotrichum siamense; Colletotrichum aenigma; Colletotrichum tropicale; Colletotrichum viniferum	biotic	field	single_pathogen_focus
SRR11216299	SAMN09531621	species	1	0	no	1131913,1215731,690256,690259,912113	Colletotrichum fructicola; Colletotrichum siamense; Colletotrichum aenigma; Colletotrichum tropicale; Colletotrichum viniferum	biotic	field	single_pathogen_focus
SRR11216299	SAMN09531621	genus	0	0	no	1131913,1215731,690256,690259,912113	Colletotrichum fructicola; Colletotrichum siamense; Colletotrichum aenigma; Colletotrichum tropicale; Colletotrichum viniferum	biotic	field	single_pathogen_focus
SRR11216300	SAMN09531621	species	1	0	no	1131913,1215731,690256,690259,912113	Colletotrichum fructicola; Colletotrichum siamense; Colletotrichum aenigma; Colletotrichum tropicale; Colletotrichum viniferum	biotic	field	single_pathogen_focus
SRR11216300	SAMN09531621	genus	0	0	no	1131913,1215731,690256,690259,912113	Colletotrichum fructicola; Colletotrichum siamense; Colletotrichum aenigma; Colletotrichum tropicale; Colletotrichum viniferum	biotic	field	single_pathogen_focus
SRR11216301	SAMN09531621	species	0	0	no	1131913,1215731,690256,690259,912113	Colletotrichum fructicola; Colletotrichum siamense; Colletotrichum aenigma; Colletotrichum tropicale; Colletotrichum viniferum	biotic	field	single_pathogen_focus
SRR11216301	SAMN09531621	genus	0	0	no	1131913,1215731,690256,690259,912113	Colletotrichum fructicola; Colletotrichum siamense; Colletotrichum aenigma; Colletotrichum tropicale; Colletotrichum viniferum	biotic	field	single_pathogen_focus
SRR11216303	SAMN02981487	species	1	0	no	1131913,1215731,690256,690259,912113	Colletotrichum fructicola; Colletotrichum siamense; Colletotrichum aenigma; Colletotrichum tropicale; Colletotrichum viniferum	biotic	field	single_pathogen_focus
SRR11216303	SAMN02981487	genus	0	0	no	1131913,1215731,690256,690259,912113	Colletotrichum fructicola; Colletotrichum siamense; Colletotrichum aenigma; Colletotrichum tropicale; Colletotrichum viniferum	biotic	field	single_pathogen_focus
SRR11216309	SAMN02981487	species	1	0	no	1131913,1215731,690256,690259,912113	Colletotrichum fructicola; Colletotrichum siamense; Colletotrichum aenigma; Colletotrichum tropicale; Colletotrichum viniferum	biotic	field	single_pathogen_focus
SRR11216309	SAMN02981487	genus	0	0	no	1131913,1215731,690256,690259,912113	Colletotrichum fructicola; Colletotrichum siamense; Colletotrichum aenigma; Colletotrichum tropicale; Colletotrichum viniferum	biotic	field	single_pathogen_focus
SRR11216310	SAMN02981487	species	1	0	no	1131913,1215731,690256,690259,912113	Colletotrichum fructicola; Colletotrichum siamense; Colletotrichum aenigma; Colletotrichum tropicale; Colletotrichum viniferum	biotic	field	single_pathogen_focus
SRR11216310	SAMN02981487	genus	0	0	no	1131913,1215731,690256,690259,912113	Colletotrichum fructicola; Colletotrichum siamense; Colletotrichum aenigma; Colletotrichum tropicale; Colletotrichum viniferum	biotic	field	single_pathogen_focus
SRR11216311	SAMN02981487	species	0	0	no	1131913,1215731,690256,690259,912113	Colletotrichum fructicola; Colletotrichum siamense; Colletotrichum aenigma; Colletotrichum tropicale; Colletotrichum viniferum	biotic	field	single_pathogen_focus
SRR11216311	SAMN02981487	genus	0	0	no	1131913,1215731,690256,690259,912113	Colletotrichum fructicola; Colletotrichum siamense; Colletotrichum aenigma; Colletotrichum tropicale; Colletotrichum viniferum	biotic	field	single_pathogen_focus
SRR11216314	SAMN02981487	species	1	0	no	1131913,1215731,690256,690259,912113	Colletotrichum fructicola; Colletotrichum siamense; Colletotrichum aenigma; Colletotrichum tropicale; Colletotrichum viniferum	biotic	field	single_pathogen_focus
SRR11216314	SAMN02981487	genus	0	0	no	1131913,1215731,690256,690259,912113	Colletotrichum fructicola; Colletotrichum siamense; Colletotrichum aenigma; Colletotrichum tropicale; Colletotrichum viniferum	biotic	field	single_pathogen_focus
SRR11216315	SAMN02981487	species	1	0	no	1131913,1215731,690256,690259,912113	Colletotrichum fructicola; Colletotrichum siamense; Colletotrichum aenigma; Colletotrichum tropicale; Colletotrichum viniferum	biotic	field	single_pathogen_focus
SRR11216315	SAMN02981487	genus	0	0	no	1131913,1215731,690256,690259,912113	Colletotrichum fructicola; Colletotrichum siamense; Colletotrichum aenigma; Colletotrichum tropicale; Colletotrichum viniferum	biotic	field	single_pathogen_focus
SRR11229310	SAMN14271808	species	0	0	no	61186	Monilinia laxa	biotic	field	single_pathogen_focus
SRR11229310	SAMN14271808	genus	0	0	no	61186	Monilinia laxa	biotic	field	single_pathogen_focus
SRR11229311	SAMN14271807	species	0	0	no	61186	Monilinia laxa	biotic	field	single_pathogen_focus
SRR11229311	SAMN14271807	genus	0	0	no	61186	Monilinia laxa	biotic	field	single_pathogen_focus
SRR11229312	SAMN14271806	species	0	0	no	61186	Monilinia laxa	biotic	field	single_pathogen_focus
SRR11229312	SAMN14271806	genus	0	0	no	61186	Monilinia laxa	biotic	field	single_pathogen_focus
SRR11440843	SAMN03075691	species	1	1	no	168172	Puccinia striiformis f. sp. tritici	biotic	field	single_pathogen_focus
SRR11440843	SAMN03075691	genus	0	0	no	168172	Puccinia striiformis f. sp. tritici	biotic	field	single_pathogen_focus
SRR11440844	SAMN03075690	species	1	1	no	168172	Puccinia striiformis f. sp. tritici	biotic	field	single_pathogen_focus
SRR11440844	SAMN03075690	genus	0	0	no	168172	Puccinia striiformis f. sp. tritici	biotic	field	single_pathogen_focus
SRR11497260	SAMN14548724	species	1	0	no	40559,4846,5515	Botrytis cinerea; Fusarium acuminatum; Rhizopus stolonifer	biotic	field	intentional_multi_pathogen
SRR11497260	SAMN14548724	genus	0	0	no	40559,4846,5515	Botrytis cinerea; Fusarium acuminatum; Rhizopus stolonifer	biotic	field	intentional_multi_pathogen
SRR11497261	SAMN14548767	species	1	0	no	40559,4846,5515	Botrytis cinerea; Fusarium acuminatum; Rhizopus stolonifer	biotic	field	intentional_multi_pathogen
SRR11497261	SAMN14548767	genus	0	0	no	40559,4846,5515	Botrytis cinerea; Fusarium acuminatum; Rhizopus stolonifer	biotic	field	intentional_multi_pathogen
SRR11497263	SAMN14548765	species	1	0	no	40559,4846,5515	Botrytis cinerea; Fusarium acuminatum; Rhizopus stolonifer	biotic	field	intentional_multi_pathogen
SRR11497263	SAMN14548765	genus	0	0	no	40559,4846,5515	Botrytis cinerea; Fusarium acuminatum; Rhizopus stolonifer	biotic	field	intentional_multi_pathogen
SRR11497315	SAMN14548749	species	1	0	no	40559,4846,5515	Botrytis cinerea; Fusarium acuminatum; Rhizopus stolonifer	biotic	field	intentional_multi_pathogen
SRR11497315	SAMN14548749	genus	0	0	no	40559,4846,5515	Botrytis cinerea; Fusarium acuminatum; Rhizopus stolonifer	biotic	field	intentional_multi_pathogen
SRR11497316	SAMN14548748	species	1	0	no	40559,4846,5515	Botrytis cinerea; Fusarium acuminatum; Rhizopus stolonifer	biotic	field	intentional_multi_pathogen
SRR11497316	SAMN14548748	genus	0	0	no	40559,4846,5515	Botrytis cinerea; Fusarium acuminatum; Rhizopus stolonifer	biotic	field	intentional_multi_pathogen
SRR11497317	SAMN14548747	species	1	0	no	40559,4846,5515	Botrytis cinerea; Fusarium acuminatum; Rhizopus stolonifer	biotic	field	intentional_multi_pathogen
SRR11497317	SAMN14548747	genus	0	0	no	40559,4846,5515	Botrytis cinerea; Fusarium acuminatum; Rhizopus stolonifer	biotic	field	intentional_multi_pathogen
SRR11497318	SAMN14548746	species	1	0	no	40559,4846,5515	Botrytis cinerea; Fusarium acuminatum; Rhizopus stolonifer	biotic	field	intentional_multi_pathogen
SRR11497318	SAMN14548746	genus	0	0	no	40559,4846,5515	Botrytis cinerea; Fusarium acuminatum; Rhizopus stolonifer	biotic	field	intentional_multi_pathogen
SRR11497364	SAMN14548801	species	1	0	no	40559,4846,5515	Botrytis cinerea; Fusarium acuminatum; Rhizopus stolonifer	biotic	field	intentional_multi_pathogen
SRR11497364	SAMN14548801	genus	0	0	no	40559,4846,5515	Botrytis cinerea; Fusarium acuminatum; Rhizopus stolonifer	biotic	field	intentional_multi_pathogen
SRR1171035	SAMN02642556	species	1	0	no	5499,64363	Fulvia fulva; Dothistroma septosporum	biotic	field	single_pathogen_focus
SRR1171035	SAMN02642556	genus	0	0	no	5499,64363	Fulvia fulva; Dothistroma septosporum	biotic	field	single_pathogen_focus
SRR1171040	SAMN02642557	species	1	0	no	5499,64363	Fulvia fulva; Dothistroma septosporum	biotic	field	single_pathogen_focus
SRR1171040	SAMN02642557	genus	0	0	no	5499,64363	Fulvia fulva; Dothistroma septosporum	biotic	field	single_pathogen_focus
SRR1171043	SAMN02642558	species	1	0	no	5499,64363	Fulvia fulva; Dothistroma septosporum	biotic	field	single_pathogen_focus
SRR1171043	SAMN02642558	genus	0	0	no	5499,64363	Fulvia fulva; Dothistroma septosporum	biotic	field	single_pathogen_focus
SRR1171047	SAMN02642562	species	1	0	no	5499,64363	Fulvia fulva; Dothistroma septosporum	biotic	field	single_pathogen_focus
SRR1171047	SAMN02642562	genus	0	0	no	5499,64363	Fulvia fulva; Dothistroma septosporum	biotic	field	single_pathogen_focus
SRR1182761	SAMN02673246	species	3	2	yes	474922	Colletotrichum gloeosporioides	biotic	field	single_pathogen_focus
SRR1182761	SAMN02673246	genus	0	0	no	474922	Colletotrichum gloeosporioides	biotic	field	single_pathogen_focus
SRR11928832	SAMN15062630	species	0	0	no	112229,12177,12197,12230,12232,12275,12305,12313,146500,165432,304859,545259,91753	clover yellow mosaic virus; melandrium yellow fleck virus; cucurbit aphid-borne yellows virus; pepino mosaic virus; tomato yellow ring virus; cucumber mosaic virus; watermelon mosaic virus; zucchini yellow mosaic virus; bean yellow mosaic virus; peanut stunt virus; tomato black ring virus; cucumber leaf spot virus; turnip mosaic virus	biotic	field	intentional_multi_pathogen
SRR11928832	SAMN15062630	genus	0	0	no	112229,12177,12197,12230,12232,12275,12305,12313,146500,165432,304859,545259,91753	clover yellow mosaic virus; melandrium yellow fleck virus; cucurbit aphid-borne yellows virus; pepino mosaic virus; tomato yellow ring virus; cucumber mosaic virus; watermelon mosaic virus; zucchini yellow mosaic virus; bean yellow mosaic virus; peanut stunt virus; tomato black ring virus; cucumber leaf spot virus; turnip mosaic virus	biotic	field	intentional_multi_pathogen
SRR11928834	SAMN15062628	species	0	0	no	112229,12177,12197,12230,12232,12275,12305,12313,146500,165432,304859,545259,91753	clover yellow mosaic virus; melandrium yellow fleck virus; cucurbit aphid-borne yellows virus; pepino mosaic virus; tomato yellow ring virus; cucumber mosaic virus; watermelon mosaic virus; zucchini yellow mosaic virus; bean yellow mosaic virus; peanut stunt virus; tomato black ring virus; cucumber leaf spot virus; turnip mosaic virus	biotic	field	intentional_multi_pathogen
SRR11928834	SAMN15062628	genus	0	0	no	112229,12177,12197,12230,12232,12275,12305,12313,146500,165432,304859,545259,91753	clover yellow mosaic virus; melandrium yellow fleck virus; cucurbit aphid-borne yellows virus; pepino mosaic virus; tomato yellow ring virus; cucumber mosaic virus; watermelon mosaic virus; zucchini yellow mosaic virus; bean yellow mosaic virus; peanut stunt virus; tomato black ring virus; cucumber leaf spot virus; turnip mosaic virus	biotic	field	intentional_multi_pathogen
SRR11928835	SAMN15062627	species	0	0	no	112229,12177,12197,12230,12232,12275,12305,12313,146500,165432,304859,545259,91753	clover yellow mosaic virus; melandrium yellow fleck virus; cucurbit aphid-borne yellows virus; pepino mosaic virus; tomato yellow ring virus; cucumber mosaic virus; watermelon mosaic virus; zucchini yellow mosaic virus; bean yellow mosaic virus; peanut stunt virus; tomato black ring virus; cucumber leaf spot virus; turnip mosaic virus	biotic	field	intentional_multi_pathogen
SRR11928835	SAMN15062627	genus	0	0	no	112229,12177,12197,12230,12232,12275,12305,12313,146500,165432,304859,545259,91753	clover yellow mosaic virus; melandrium yellow fleck virus; cucurbit aphid-borne yellows virus; pepino mosaic virus; tomato yellow ring virus; cucumber mosaic virus; watermelon mosaic virus; zucchini yellow mosaic virus; bean yellow mosaic virus; peanut stunt virus; tomato black ring virus; cucumber leaf spot virus; turnip mosaic virus	biotic	field	intentional_multi_pathogen
SRR11928839	SAMN15062623	species	0	0	no	112229,12177,12197,12230,12232,12275,12305,12313,146500,165432,304859,545259,91753	clover yellow mosaic virus; melandrium yellow fleck virus; cucurbit aphid-borne yellows virus; pepino mosaic virus; tomato yellow ring virus; cucumber mosaic virus; watermelon mosaic virus; zucchini yellow mosaic virus; bean yellow mosaic virus; peanut stunt virus; tomato black ring virus; cucumber leaf spot virus; turnip mosaic virus	biotic	field	intentional_multi_pathogen
SRR11928839	SAMN15062623	genus	0	0	no	112229,12177,12197,12230,12232,12275,12305,12313,146500,165432,304859,545259,91753	clover yellow mosaic virus; melandrium yellow fleck virus; cucurbit aphid-borne yellows virus; pepino mosaic virus; tomato yellow ring virus; cucumber mosaic virus; watermelon mosaic virus; zucchini yellow mosaic virus; bean yellow mosaic virus; peanut stunt virus; tomato black ring virus; cucumber leaf spot virus; turnip mosaic virus	biotic	field	intentional_multi_pathogen
SRR11928840	SAMN15062631	species	0	0	no	112229,12177,12197,12230,12232,12275,12305,12313,146500,165432,304859,545259,91753	clover yellow mosaic virus; melandrium yellow fleck virus; cucurbit aphid-borne yellows virus; pepino mosaic virus; tomato yellow ring virus; cucumber mosaic virus; watermelon mosaic virus; zucchini yellow mosaic virus; bean yellow mosaic virus; peanut stunt virus; tomato black ring virus; cucumber leaf spot virus; turnip mosaic virus	biotic	field	intentional_multi_pathogen
SRR11928840	SAMN15062631	genus	0	0	no	112229,12177,12197,12230,12232,12275,12305,12313,146500,165432,304859,545259,91753	clover yellow mosaic virus; melandrium yellow fleck virus; cucurbit aphid-borne yellows virus; pepino mosaic virus; tomato yellow ring virus; cucumber mosaic virus; watermelon mosaic virus; zucchini yellow mosaic virus; bean yellow mosaic virus; peanut stunt virus; tomato black ring virus; cucumber leaf spot virus; turnip mosaic virus	biotic	field	intentional_multi_pathogen
SRR11928841	SAMN15062622	species	0	0	no	112229,12177,12197,12230,12232,12275,12305,12313,146500,165432,304859,545259,91753	clover yellow mosaic virus; melandrium yellow fleck virus; cucurbit aphid-borne yellows virus; pepino mosaic virus; tomato yellow ring virus; cucumber mosaic virus; watermelon mosaic virus; zucchini yellow mosaic virus; bean yellow mosaic virus; peanut stunt virus; tomato black ring virus; cucumber leaf spot virus; turnip mosaic virus	biotic	field	intentional_multi_pathogen
SRR11928841	SAMN15062622	genus	0	0	no	112229,12177,12197,12230,12232,12275,12305,12313,146500,165432,304859,545259,91753	clover yellow mosaic virus; melandrium yellow fleck virus; cucurbit aphid-borne yellows virus; pepino mosaic virus; tomato yellow ring virus; cucumber mosaic virus; watermelon mosaic virus; zucchini yellow mosaic virus; bean yellow mosaic virus; peanut stunt virus; tomato black ring virus; cucumber leaf spot virus; turnip mosaic virus	biotic	field	intentional_multi_pathogen
SRR11928842	SAMN15062621	species	0	0	no	112229,12177,12197,12230,12232,12275,12305,12313,146500,165432,304859,545259,91753	clover yellow mosaic virus; melandrium yellow fleck virus; cucurbit aphid-borne yellows virus; pepino mosaic virus; tomato yellow ring virus; cucumber mosaic virus; watermelon mosaic virus; zucchini yellow mosaic virus; bean yellow mosaic virus; peanut stunt virus; tomato black ring virus; cucumber leaf spot virus; turnip mosaic virus	biotic	field	intentional_multi_pathogen
SRR11928842	SAMN15062621	genus	0	0	no	112229,12177,12197,12230,12232,12275,12305,12313,146500,165432,304859,545259,91753	clover yellow mosaic virus; melandrium yellow fleck virus; cucurbit aphid-borne yellows virus; pepino mosaic virus; tomato yellow ring virus; cucumber mosaic virus; watermelon mosaic virus; zucchini yellow mosaic virus; bean yellow mosaic virus; peanut stunt virus; tomato black ring virus; cucumber leaf spot virus; turnip mosaic virus	biotic	field	intentional_multi_pathogen
SRR11928940	SAMN15080637	species	0	0	no	112229,12177,12197,12230,12232,12275,12305,12313,146500,165432,304859,545259,91753	clover yellow mosaic virus; melandrium yellow fleck virus; cucurbit aphid-borne yellows virus; pepino mosaic virus; tomato yellow ring virus; cucumber mosaic virus; watermelon mosaic virus; zucchini yellow mosaic virus; bean yellow mosaic virus; peanut stunt virus; tomato black ring virus; cucumber leaf spot virus; turnip mosaic virus	biotic	field	intentional_multi_pathogen
SRR11928940	SAMN15080637	genus	0	0	no	112229,12177,12197,12230,12232,12275,12305,12313,146500,165432,304859,545259,91753	clover yellow mosaic virus; melandrium yellow fleck virus; cucurbit aphid-borne yellows virus; pepino mosaic virus; tomato yellow ring virus; cucumber mosaic virus; watermelon mosaic virus; zucchini yellow mosaic virus; bean yellow mosaic virus; peanut stunt virus; tomato black ring virus; cucumber leaf spot virus; turnip mosaic virus	biotic	field	intentional_multi_pathogen
SRR11973035	SAMN15195805	species	0	0	no	112229,12177,12197,12230,12232,12275,12305,12313,146500,165432,304859,545259,91753	clover yellow mosaic virus; melandrium yellow fleck virus; cucurbit aphid-borne yellows virus; pepino mosaic virus; tomato yellow ring virus; cucumber mosaic virus; watermelon mosaic virus; zucchini yellow mosaic virus; bean yellow mosaic virus; peanut stunt virus; tomato black ring virus; cucumber leaf spot virus; turnip mosaic virus	biotic	field	intentional_multi_pathogen
SRR11973035	SAMN15195805	genus	0	0	no	112229,12177,12197,12230,12232,12275,12305,12313,146500,165432,304859,545259,91753	clover yellow mosaic virus; melandrium yellow fleck virus; cucurbit aphid-borne yellows virus; pepino mosaic virus; tomato yellow ring virus; cucumber mosaic virus; watermelon mosaic virus; zucchini yellow mosaic virus; bean yellow mosaic virus; peanut stunt virus; tomato black ring virus; cucumber leaf spot virus; turnip mosaic virus	biotic	field	intentional_multi_pathogen
SRR12133598	SAMN15423450	species	1	0	no	40559	Botrytis cinerea	biotic	field	single_pathogen_focus
SRR12133598	SAMN15423450	genus	0	0	no	40559	Botrytis cinerea	biotic	field	single_pathogen_focus
SRR12133602	SAMN15423446	species	1	0	no	40559	Botrytis cinerea	biotic	field	single_pathogen_focus
SRR12133602	SAMN15423446	genus	0	0	no	40559	Botrytis cinerea	biotic	field	single_pathogen_focus
SRR12133603	SAMN15423445	species	1	0	no	40559	Botrytis cinerea	biotic	field	single_pathogen_focus
SRR12133603	SAMN15423445	genus	0	0	no	40559	Botrytis cinerea	biotic	field	single_pathogen_focus
SRR12133604	SAMN15423444	species	1	0	no	40559	Botrytis cinerea	biotic	field	single_pathogen_focus
SRR12133604	SAMN15423444	genus	0	0	no	40559	Botrytis cinerea	biotic	field	single_pathogen_focus
SRR12133606	SAMN15423452	species	1	0	no	40559	Botrytis cinerea	biotic	field	single_pathogen_focus
SRR12133606	SAMN15423452	genus	0	0	no	40559	Botrytis cinerea	biotic	field	single_pathogen_focus
SRR12133607	SAMN15423451	species	1	0	no	40559	Botrytis cinerea	biotic	field	single_pathogen_focus
SRR12133607	SAMN15423451	genus	0	0	no	40559	Botrytis cinerea	biotic	field	single_pathogen_focus
SRR12149179	SAMN15455115	species	3	2	yes	690256	Colletotrichum fructicola	biotic	field	single_pathogen_focus
SRR12149179	SAMN15455115	genus	0	0	no	690256	Colletotrichum fructicola	biotic	field	single_pathogen_focus
SRR12149180	SAMN15455114	species	3	2	yes	690256	Colletotrichum fructicola	biotic	field	single_pathogen_focus
SRR12149180	SAMN15455114	genus	0	0	no	690256	Colletotrichum fructicola	biotic	field	single_pathogen_focus
SRR12149183	SAMN15455111	species	3	2	yes	690256	Colletotrichum fructicola	biotic	field	single_pathogen_focus
SRR12149183	SAMN15455111	genus	0	0	no	690256	Colletotrichum fructicola	biotic	field	single_pathogen_focus
SRR12149184	SAMN15455110	species	3	2	yes	690256	Colletotrichum fructicola	biotic	field	single_pathogen_focus
SRR12149184	SAMN15455110	genus	0	0	no	690256	Colletotrichum fructicola	biotic	field	single_pathogen_focus
SRR12149185	SAMN15455109	species	3	2	yes	690256	Colletotrichum fructicola	biotic	field	single_pathogen_focus
SRR12149185	SAMN15455109	genus	0	0	no	690256	Colletotrichum fructicola	biotic	field	single_pathogen_focus
SRR12149187	SAMN15455117	species	3	2	yes	690256	Colletotrichum fructicola	biotic	field	single_pathogen_focus
SRR12149187	SAMN15455117	genus	0	0	no	690256	Colletotrichum fructicola	biotic	field	single_pathogen_focus
SRR12149188	SAMN15455116	species	3	2	yes	690256	Colletotrichum fructicola	biotic	field	single_pathogen_focus
SRR12149188	SAMN15455116	genus	0	0	no	690256	Colletotrichum fructicola	biotic	field	single_pathogen_focus
SRR12329588	SAMN14751196	species	4	3	yes	538528	Colletotrichum camelliae	biotic	field	single_pathogen_focus
SRR12329588	SAMN14751196	genus	0	0	no	538528	Colletotrichum camelliae	biotic	field	single_pathogen_focus
SRR12329589	SAMN14751196	species	4	3	yes	538528	Colletotrichum camelliae	biotic	field	single_pathogen_focus
SRR12329589	SAMN14751196	genus	0	0	no	538528	Colletotrichum camelliae	biotic	field	single_pathogen_focus
SRR12329590	SAMN14751196	species	4	3	yes	538528	Colletotrichum camelliae	biotic	field	single_pathogen_focus
SRR12329590	SAMN14751196	genus	0	0	no	538528	Colletotrichum camelliae	biotic	field	single_pathogen_focus
SRR12329595	SAMN14751196	species	4	3	yes	538528	Colletotrichum camelliae	biotic	field	single_pathogen_focus
SRR12329595	SAMN14751196	genus	0	0	no	538528	Colletotrichum camelliae	biotic	field	single_pathogen_focus
SRR12329596	SAMN14751196	species	4	3	yes	538528	Colletotrichum camelliae	biotic	field	single_pathogen_focus
SRR12329596	SAMN14751196	genus	0	0	no	538528	Colletotrichum camelliae	biotic	field	single_pathogen_focus
SRR12329597	SAMN14751196	species	4	3	yes	538528	Colletotrichum camelliae	biotic	field	single_pathogen_focus
SRR12329597	SAMN14751196	genus	0	0	no	538528	Colletotrichum camelliae	biotic	field	single_pathogen_focus
SRR12488738	SAMN15870153	species	2	1	yes	690256	Colletotrichum fructicola	biotic	field	single_pathogen_focus
SRR12488738	SAMN15870153	genus	0	0	no	690256	Colletotrichum fructicola	biotic	field	single_pathogen_focus
SRR12488739	SAMN15870152	species	2	1	yes	690256	Colletotrichum fructicola	biotic	field	single_pathogen_focus
SRR12488739	SAMN15870152	genus	0	0	no	690256	Colletotrichum fructicola	biotic	field	single_pathogen_focus
SRR12772431	SAMN16366406	species	1	0	no	4787,48100	Phytophthora infestans; Alternaria solani	biotic	field	single_pathogen_focus
SRR12772431	SAMN16366406	genus	0	0	no	4787,48100	Phytophthora infestans; Alternaria solani	biotic	field	single_pathogen_focus
SRR12772440	SAMN16366408	species	1	0	no	4787,48100	Phytophthora infestans; Alternaria solani	biotic	field	single_pathogen_focus
SRR12772440	SAMN16366408	genus	0	0	no	4787,48100	Phytophthora infestans; Alternaria solani	biotic	field	single_pathogen_focus
SRR1284047	SAMN02769907	species	1	1	no	332648	Botrytis cinerea B05.10	biotic	field	single_pathogen_focus
SRR1284047	SAMN02769907	genus	0	0	no	332648	Botrytis cinerea B05.10	biotic	field	single_pathogen_focus
SRR1284048	SAMN02769910	species	1	1	no	332648	Botrytis cinerea B05.10	biotic	field	single_pathogen_focus
SRR1284048	SAMN02769910	genus	0	0	no	332648	Botrytis cinerea B05.10	biotic	field	single_pathogen_focus
SRR1284049	SAMN02769905	species	1	1	no	332648	Botrytis cinerea B05.10	biotic	field	single_pathogen_focus
SRR1284049	SAMN02769905	genus	0	0	no	332648	Botrytis cinerea B05.10	biotic	field	single_pathogen_focus
SRR1284050	SAMN02769906	species	1	0	no	40559	Botrytis cinerea	biotic	field	single_pathogen_focus
SRR1284050	SAMN02769906	genus	0	0	no	40559	Botrytis cinerea	biotic	field	single_pathogen_focus
SRR1284051	SAMN02769909	species	1	0	no	40559	Botrytis cinerea	biotic	field	single_pathogen_focus
SRR1284051	SAMN02769909	genus	0	0	no	40559	Botrytis cinerea	biotic	field	single_pathogen_focus
SRR1284052	SAMN02769904	species	1	0	no	40559	Botrytis cinerea	biotic	field	single_pathogen_focus
SRR1284052	SAMN02769904	genus	0	0	no	40559	Botrytis cinerea	biotic	field	single_pathogen_focus
SRR1284053	SAMN02769908	species	1	0	no	40559	Botrytis cinerea	biotic	field	single_pathogen_focus
SRR1284053	SAMN02769908	genus	0	0	no	40559	Botrytis cinerea	biotic	field	single_pathogen_focus
SRR12888329	SAMN16539821	species	0	0	no	305	Ralstonia solanacearum	biotic	field	single_pathogen_focus
SRR12888329	SAMN16539821	genus	0	0	no	305	Ralstonia solanacearum	biotic	field	single_pathogen_focus
SRR12888330	SAMN16539820	species	0	0	no	305	Ralstonia solanacearum	biotic	field	single_pathogen_focus
SRR12888330	SAMN16539820	genus	0	0	no	305	Ralstonia solanacearum	biotic	field	single_pathogen_focus
SRR12888331	SAMN16539843	species	0	0	no	305	Ralstonia solanacearum	biotic	field	single_pathogen_focus
SRR12888331	SAMN16539843	genus	0	0	no	305	Ralstonia solanacearum	biotic	field	single_pathogen_focus
SRR12888332	SAMN16539842	species	0	0	no	305	Ralstonia solanacearum	biotic	field	single_pathogen_focus
SRR12888332	SAMN16539842	genus	0	0	no	305	Ralstonia solanacearum	biotic	field	single_pathogen_focus
SRR12888333	SAMN16539841	species	0	0	no	305	Ralstonia solanacearum	biotic	field	single_pathogen_focus
SRR12888333	SAMN16539841	genus	0	0	no	305	Ralstonia solanacearum	biotic	field	single_pathogen_focus
SRR12888334	SAMN16539840	species	0	0	no	305	Ralstonia solanacearum	biotic	field	single_pathogen_focus
SRR12888334	SAMN16539840	genus	0	0	no	305	Ralstonia solanacearum	biotic	field	single_pathogen_focus
SRR12888335	SAMN16539839	species	0	0	no	305	Ralstonia solanacearum	biotic	field	single_pathogen_focus
SRR12888335	SAMN16539839	genus	0	0	no	305	Ralstonia solanacearum	biotic	field	single_pathogen_focus
SRR12888336	SAMN16539838	species	0	0	no	305	Ralstonia solanacearum	biotic	field	single_pathogen_focus
SRR12888336	SAMN16539838	genus	0	0	no	305	Ralstonia solanacearum	biotic	field	single_pathogen_focus
SRR12888337	SAMN16539837	species	0	0	no	305	Ralstonia solanacearum	biotic	field	single_pathogen_focus
SRR12888337	SAMN16539837	genus	0	0	no	305	Ralstonia solanacearum	biotic	field	single_pathogen_focus
SRR12998696	SAMN16686107	species	1	0	no	208348	Puccinia triticina	biotic	field	single_pathogen_focus
SRR12998696	SAMN16686107	genus	0	0	no	208348	Puccinia triticina	biotic	field	single_pathogen_focus
SRR12998697	SAMN16686106	species	1	0	no	208348	Puccinia triticina	biotic	field	single_pathogen_focus
SRR12998697	SAMN16686106	genus	0	0	no	208348	Puccinia triticina	biotic	field	single_pathogen_focus
SRR12998698	SAMN16686105	species	1	0	no	208348	Puccinia triticina	biotic	field	single_pathogen_focus
SRR12998698	SAMN16686105	genus	0	0	no	208348	Puccinia triticina	biotic	field	single_pathogen_focus
SRR12998703	SAMN16686116	species	1	0	no	208348	Puccinia triticina	biotic	field	single_pathogen_focus
SRR12998703	SAMN16686116	genus	0	0	no	208348	Puccinia triticina	biotic	field	single_pathogen_focus
SRR12998704	SAMN16686115	species	1	0	no	208348	Puccinia triticina	biotic	field	single_pathogen_focus
SRR12998704	SAMN16686115	genus	0	0	no	208348	Puccinia triticina	biotic	field	single_pathogen_focus
SRR12998705	SAMN16686114	species	1	0	no	208348	Puccinia triticina	biotic	field	single_pathogen_focus
SRR12998705	SAMN16686114	genus	0	0	no	208348	Puccinia triticina	biotic	field	single_pathogen_focus
SRR12998706	SAMN16686113	species	1	0	no	208348	Puccinia triticina	biotic	field	single_pathogen_focus
SRR12998706	SAMN16686113	genus	0	0	no	208348	Puccinia triticina	biotic	field	single_pathogen_focus
SRR12998707	SAMN16686112	species	1	0	no	208348	Puccinia triticina	biotic	field	single_pathogen_focus
SRR12998707	SAMN16686112	genus	0	0	no	208348	Puccinia triticina	biotic	field	single_pathogen_focus
SRR12998708	SAMN16686111	species	1	0	no	208348	Puccinia triticina	biotic	field	single_pathogen_focus
SRR12998708	SAMN16686111	genus	0	0	no	208348	Puccinia triticina	biotic	field	single_pathogen_focus
SRR12998709	SAMN16686110	species	1	0	no	208348	Puccinia triticina	biotic	field	single_pathogen_focus
SRR12998709	SAMN16686110	genus	0	0	no	208348	Puccinia triticina	biotic	field	single_pathogen_focus
SRR13197436	SAMN16871581	species	0	0	no	12197,12208,12294,12305	Pea seed-borne mosaic virus; Bean yellow mosaic virus; Pea early browning virus; Cucumber mosaic virus	biotic	field	intentional_multi_pathogen
SRR13197436	SAMN16871581	genus	0	0	no	12197,12208,12294,12305	Pea seed-borne mosaic virus; Bean yellow mosaic virus; Pea early browning virus; Cucumber mosaic virus	biotic	field	intentional_multi_pathogen
SRR13386512	SAMN17257351	species	1	1	no	1159556,318829,337,4792,64187	Ustilaginoidea virens; Xanthomonas oryzae pv. oryzae; Burkholderia glumae; Magnaporthe oryzae; Phytophthora parasitica var nicotianae	biotic	field	single_pathogen_focus
SRR13386512	SAMN17257351	genus	0	0	no	1159556,318829,337,4792,64187	Ustilaginoidea virens; Xanthomonas oryzae pv. oryzae; Burkholderia glumae; Magnaporthe oryzae; Phytophthora parasitica var nicotianae	biotic	field	single_pathogen_focus
SRR14212082	SAMN18644852	species	2	2	yes			none	field	not_disease_focused
SRR14212082	SAMN18644852	genus	0	0	no			none	field	not_disease_focused
SRR14212083	SAMN18644852	species	2	2	yes			none	field	not_disease_focused
SRR14212083	SAMN18644852	genus	0	0	no			none	field	not_disease_focused
SRR14212084	SAMN18644852	species	3	3	yes			none	field	not_disease_focused
SRR14212084	SAMN18644852	genus	0	0	no			none	field	not_disease_focused
SRR14212085	SAMN18644852	species	1	1	no			none	field	not_disease_focused
SRR14212085	SAMN18644852	genus	0	0	no			none	field	not_disease_focused
SRR14224152	SAMN18718841	species	2	1	yes	5518	Fusarium graminearum	biotic	field	single_pathogen_focus
SRR14224152	SAMN18718841	genus	0	0	no	5518	Fusarium graminearum	biotic	field	single_pathogen_focus
SRR14224153	SAMN18718840	species	2	1	yes	5518	Fusarium graminearum	biotic	field	single_pathogen_focus
SRR14224153	SAMN18718840	genus	0	0	no	5518	Fusarium graminearum	biotic	field	single_pathogen_focus
SRR14224154	SAMN18718839	species	2	1	yes	5518	Fusarium graminearum	biotic	field	single_pathogen_focus
SRR14224154	SAMN18718839	genus	0	0	no	5518	Fusarium graminearum	biotic	field	single_pathogen_focus
SRR14224162	SAMN18718814	species	2	1	yes	5518	Fusarium graminearum	biotic	field	single_pathogen_focus
SRR14224162	SAMN18718814	genus	0	0	no	5518	Fusarium graminearum	biotic	field	single_pathogen_focus
SRR14224163	SAMN18718813	species	2	1	yes	5518	Fusarium graminearum	biotic	field	single_pathogen_focus
SRR14224163	SAMN18718813	genus	0	0	no	5518	Fusarium graminearum	biotic	field	single_pathogen_focus
SRR14224164	SAMN18718812	species	2	1	yes	5518	Fusarium graminearum	biotic	field	single_pathogen_focus
SRR14224164	SAMN18718812	genus	0	0	no	5518	Fusarium graminearum	biotic	field	single_pathogen_focus
SRR14224166	SAMN18718810	species	1	1	no	5518	Fusarium graminearum	biotic	field	single_pathogen_focus
SRR14224166	SAMN18718810	genus	0	0	no	5518	Fusarium graminearum	biotic	field	single_pathogen_focus
SRR14224169	SAMN18718807	species	3	2	yes	5518	Fusarium graminearum	biotic	field	single_pathogen_focus
SRR14224169	SAMN18718807	genus	0	0	no	5518	Fusarium graminearum	biotic	field	single_pathogen_focus
SRR14338852	SAMN18896350	species	1	0	no	456999	Rhizoctonia solani	biotic	field	single_pathogen_focus
SRR14338852	SAMN18896350	genus	0	0	no	456999	Rhizoctonia solani	biotic	field	single_pathogen_focus
SRR14386296	SAMN18876192	species	1	0	no	168172,208348	Puccinia striiformis f. sp. tritici; Puccinia triticina	biotic	field	single_pathogen_focus
SRR14386296	SAMN18876192	genus	0	0	no	168172,208348	Puccinia striiformis f. sp. tritici; Puccinia triticina	biotic	field	single_pathogen_focus
SRR14386297	SAMN18876192	species	1	0	no	168172,208348	Puccinia striiformis f. sp. tritici; Puccinia triticina	biotic	field	single_pathogen_focus
SRR14386297	SAMN18876192	genus	0	0	no	168172,208348	Puccinia striiformis f. sp. tritici; Puccinia triticina	biotic	field	single_pathogen_focus
SRR14386300	SAMN18876192	species	1	0	no	168172,208348	Puccinia striiformis f. sp. tritici; Puccinia triticina	biotic	field	single_pathogen_focus
SRR14386300	SAMN18876192	genus	0	0	no	168172,208348	Puccinia striiformis f. sp. tritici; Puccinia triticina	biotic	field	single_pathogen_focus
SRR14386301	SAMN18876192	species	1	0	no	168172,208348	Puccinia striiformis f. sp. tritici; Puccinia triticina	biotic	field	single_pathogen_focus
SRR14386301	SAMN18876192	genus	0	0	no	168172,208348	Puccinia striiformis f. sp. tritici; Puccinia triticina	biotic	field	single_pathogen_focus
SRR14386302	SAMN18876192	species	1	0	no	168172,208348	Puccinia striiformis f. sp. tritici; Puccinia triticina	biotic	field	single_pathogen_focus
SRR14386302	SAMN18876192	genus	0	0	no	168172,208348	Puccinia striiformis f. sp. tritici; Puccinia triticina	biotic	field	single_pathogen_focus
SRR14386303	SAMN18876192	species	1	0	no	168172,208348	Puccinia striiformis f. sp. tritici; Puccinia triticina	biotic	field	single_pathogen_focus
SRR14386303	SAMN18876192	genus	0	0	no	168172,208348	Puccinia striiformis f. sp. tritici; Puccinia triticina	biotic	field	single_pathogen_focus
SRR14614683	SAMN19245828	species	3	3	yes	12049,12198,12260,12282,12317,12321,3847,980895	tobacco streak virus; alfalfa mosaic virus; tobacco ringspot virus; soybean dwarf virus; bean pod mottle virus; soybean vein necrosis virus; clover yellow vein virus; soybean ilarvirus 1	biotic	field	intentional_multi_pathogen
SRR14614683	SAMN19245828	genus	0	0	no	12049,12198,12260,12282,12317,12321,3847,980895	tobacco streak virus; alfalfa mosaic virus; tobacco ringspot virus; soybean dwarf virus; bean pod mottle virus; soybean vein necrosis virus; clover yellow vein virus; soybean ilarvirus 1	biotic	field	intentional_multi_pathogen
SRR14615481	SAMN19243699	species	1	1	no	12049,12198,12260,12282,12317,12321,3847,980895	tobacco streak virus; alfalfa mosaic virus; tobacco ringspot virus; soybean dwarf virus; bean pod mottle virus; soybean vein necrosis virus; clover yellow vein virus; soybean ilarvirus 1	biotic	field	intentional_multi_pathogen
SRR14615481	SAMN19243699	genus	0	0	no	12049,12198,12260,12282,12317,12321,3847,980895	tobacco streak virus; alfalfa mosaic virus; tobacco ringspot virus; soybean dwarf virus; bean pod mottle virus; soybean vein necrosis virus; clover yellow vein virus; soybean ilarvirus 1	biotic	field	intentional_multi_pathogen
SRR14812913	SAMN19689452	species	2	2	yes			none	field	not_disease_focused
SRR14812913	SAMN19689452	genus	0	0	no			none	field	not_disease_focused
SRR14843604	SAMN19736597	species	1	0	no	135779,348901,684837,93612	Setosphaeria turcica; Cercospora zeae-maydis; Cercospora zeina; Puccinia polysora	biotic	field	intentional_multi_pathogen
SRR14843604	SAMN19736597	genus	0	0	no	135779,348901,684837,93612	Setosphaeria turcica; Cercospora zeae-maydis; Cercospora zeina; Puccinia polysora	biotic	field	intentional_multi_pathogen
SRR14843613	SAMN19736597	species	1	0	no	135779,348901,684837,93612	Setosphaeria turcica; Cercospora zeae-maydis; Cercospora zeina; Puccinia polysora	biotic	field	intentional_multi_pathogen
SRR14843613	SAMN19736597	genus	0	0	no	135779,348901,684837,93612	Setosphaeria turcica; Cercospora zeae-maydis; Cercospora zeina; Puccinia polysora	biotic	field	intentional_multi_pathogen
SRR14871460	SAMN19797457	species	1	0	no	4787	Phytophthora infestans	biotic	field	single_pathogen_focus
SRR14871460	SAMN19797457	genus	0	0	no	4787	Phytophthora infestans	biotic	field	single_pathogen_focus
SRR14871461	SAMN19797457	species	1	0	no	4787	Phytophthora infestans	biotic	field	single_pathogen_focus
SRR14871461	SAMN19797457	genus	0	0	no	4787	Phytophthora infestans	biotic	field	single_pathogen_focus
SRR14871462	SAMN19797457	species	1	0	no	4787	Phytophthora infestans	biotic	field	single_pathogen_focus
SRR14871462	SAMN19797457	genus	0	0	no	4787	Phytophthora infestans	biotic	field	single_pathogen_focus
SRR14871463	SAMN19797457	species	1	0	no	4787	Phytophthora infestans	biotic	field	single_pathogen_focus
SRR14871463	SAMN19797457	genus	0	0	no	4787	Phytophthora infestans	biotic	field	single_pathogen_focus
SRR14871464	SAMN19797457	species	1	0	no	4787	Phytophthora infestans	biotic	field	single_pathogen_focus
SRR14871464	SAMN19797457	genus	0	0	no	4787	Phytophthora infestans	biotic	field	single_pathogen_focus
SRR14871465	SAMN19797457	species	1	0	no	4787	Phytophthora infestans	biotic	field	single_pathogen_focus
SRR14871465	SAMN19797457	genus	0	0	no	4787	Phytophthora infestans	biotic	field	single_pathogen_focus
SRR14871466	SAMN19797457	species	1	0	no	4787	Phytophthora infestans	biotic	field	single_pathogen_focus
SRR14871466	SAMN19797457	genus	0	0	no	4787	Phytophthora infestans	biotic	field	single_pathogen_focus
SRR14871467	SAMN19797457	species	1	0	no	4787	Phytophthora infestans	biotic	field	single_pathogen_focus
SRR14871467	SAMN19797457	genus	0	0	no	4787	Phytophthora infestans	biotic	field	single_pathogen_focus
SRR14871468	SAMN19797457	species	1	0	no	4787	Phytophthora infestans	biotic	field	single_pathogen_focus
SRR14871468	SAMN19797457	genus	0	0	no	4787	Phytophthora infestans	biotic	field	single_pathogen_focus
SRR14871470	SAMN19797457	species	1	0	no	4787	Phytophthora infestans	biotic	field	single_pathogen_focus
SRR14871470	SAMN19797457	genus	0	0	no	4787	Phytophthora infestans	biotic	field	single_pathogen_focus
SRR14871471	SAMN19797457	species	1	0	no	4787	Phytophthora infestans	biotic	field	single_pathogen_focus
SRR14871471	SAMN19797457	genus	0	0	no	4787	Phytophthora infestans	biotic	field	single_pathogen_focus
SRR14871472	SAMN19797457	species	1	0	no	4787	Phytophthora infestans	biotic	field	single_pathogen_focus
SRR14871472	SAMN19797457	genus	0	0	no	4787	Phytophthora infestans	biotic	field	single_pathogen_focus
SRR14871473	SAMN19797457	species	1	0	no	4787	Phytophthora infestans	biotic	field	single_pathogen_focus
SRR14871473	SAMN19797457	genus	0	0	no	4787	Phytophthora infestans	biotic	field	single_pathogen_focus
SRR14871474	SAMN19797457	species	1	0	no	4787	Phytophthora infestans	biotic	field	single_pathogen_focus
SRR14871474	SAMN19797457	genus	0	0	no	4787	Phytophthora infestans	biotic	field	single_pathogen_focus
SRR14871475	SAMN19797457	species	1	0	no	4787	Phytophthora infestans	biotic	field	single_pathogen_focus
SRR14871475	SAMN19797457	genus	0	0	no	4787	Phytophthora infestans	biotic	field	single_pathogen_focus
SRR14871476	SAMN19797457	species	1	0	no	4787	Phytophthora infestans	biotic	field	single_pathogen_focus
SRR14871476	SAMN19797457	genus	0	0	no	4787	Phytophthora infestans	biotic	field	single_pathogen_focus
SRR14871477	SAMN19797457	species	1	0	no	4787	Phytophthora infestans	biotic	field	single_pathogen_focus
SRR14871477	SAMN19797457	genus	0	0	no	4787	Phytophthora infestans	biotic	field	single_pathogen_focus
SRR14871478	SAMN19797457	species	1	0	no	4787	Phytophthora infestans	biotic	field	single_pathogen_focus
SRR14871478	SAMN19797457	genus	0	0	no	4787	Phytophthora infestans	biotic	field	single_pathogen_focus
SRR14871479	SAMN19797457	species	1	0	no	4787	Phytophthora infestans	biotic	field	single_pathogen_focus
SRR14871479	SAMN19797457	genus	0	0	no	4787	Phytophthora infestans	biotic	field	single_pathogen_focus
SRR14871480	SAMN19797457	species	1	0	no	4787	Phytophthora infestans	biotic	field	single_pathogen_focus
SRR14871480	SAMN19797457	genus	0	0	no	4787	Phytophthora infestans	biotic	field	single_pathogen_focus
SRR14871481	SAMN19797457	species	1	0	no	4787	Phytophthora infestans	biotic	field	single_pathogen_focus
SRR14871481	SAMN19797457	genus	0	0	no	4787	Phytophthora infestans	biotic	field	single_pathogen_focus
SRR14871482	SAMN19797457	species	1	0	no	4787	Phytophthora infestans	biotic	field	single_pathogen_focus
SRR14871482	SAMN19797457	genus	0	0	no	4787	Phytophthora infestans	biotic	field	single_pathogen_focus
SRR14934750	SAMN19581880	species	0	0	no	860303	Puccinia coronata var. avenae	none	field	not_disease_focused
SRR14934750	SAMN19581880	genus	0	0	no	860303	Puccinia coronata var. avenae	none	field	not_disease_focused
SRR15141031	SAMN20205332	species	4	4	yes			none	field	not_disease_focused
SRR15141031	SAMN20205332	genus	0	0	no			none	field	not_disease_focused
SRR15141038	SAMN20205318	species	4	4	yes			none	field	not_disease_focused
SRR15141038	SAMN20205318	genus	0	0	no			none	field	not_disease_focused
SRR15141039	SAMN20205316	species	2	2	yes			none	field	not_disease_focused
SRR15141039	SAMN20205316	genus	0	0	no			none	field	not_disease_focused
SRR15141080	SAMN20205632	species	4	4	yes			none	field	not_disease_focused
SRR15141080	SAMN20205632	genus	0	0	no			none	field	not_disease_focused
SRR15141101	SAMN20205616	species	2	2	yes			none	field	not_disease_focused
SRR15141101	SAMN20205616	genus	0	0	no			none	field	not_disease_focused
SRR15141113	SAMN20205182	species	4	4	yes			none	field	not_disease_focused
SRR15141113	SAMN20205182	genus	0	0	no			none	field	not_disease_focused
SRR15141128	SAMN20205568	species	4	4	yes			none	field	not_disease_focused
SRR15141128	SAMN20205568	genus	0	0	no			none	field	not_disease_focused
SRR15141131	SAMN20205564	species	1	1	no			none	field	not_disease_focused
SRR15141131	SAMN20205564	genus	0	0	no			none	field	not_disease_focused
SRR15141136	SAMN20205554	species	5	5	yes			none	field	not_disease_focused
SRR15141136	SAMN20205554	genus	0	0	no			none	field	not_disease_focused
SRR15141137	SAMN20205552	species	2	2	yes			none	field	not_disease_focused
SRR15141137	SAMN20205552	genus	0	0	no			none	field	not_disease_focused
SRR15141141	SAMN20205542	species	3	3	yes			none	field	not_disease_focused
SRR15141141	SAMN20205542	genus	0	0	no			none	field	not_disease_focused
SRR15141150	SAMN20206018	species	4	4	yes			none	field	not_disease_focused
SRR15141150	SAMN20206018	genus	0	0	no			none	field	not_disease_focused
SRR15141153	SAMN20206014	species	1	1	no			none	field	not_disease_focused
SRR15141153	SAMN20206014	genus	0	0	no			none	field	not_disease_focused
SRR15141158	SAMN20206002	species	2	2	yes			none	field	not_disease_focused
SRR15141158	SAMN20206002	genus	0	0	no			none	field	not_disease_focused
SRR15141159	SAMN20206004	species	5	5	yes			none	field	not_disease_focused
SRR15141159	SAMN20206004	genus	0	0	no			none	field	not_disease_focused
SRR15141165	SAMN20205992	species	4	4	yes			none	field	not_disease_focused
SRR15141165	SAMN20205992	genus	0	0	no			none	field	not_disease_focused
SRR15141215	SAMN20205268	species	4	4	yes			none	field	not_disease_focused
SRR15141215	SAMN20205268	genus	0	0	no			none	field	not_disease_focused
SRR15141218	SAMN20205264	species	1	1	no			none	field	not_disease_focused
SRR15141218	SAMN20205264	genus	0	0	no			none	field	not_disease_focused
SRR15141223	SAMN20205254	species	5	5	yes			none	field	not_disease_focused
SRR15141223	SAMN20205254	genus	0	0	no			none	field	not_disease_focused
SRR15141224	SAMN20205252	species	2	2	yes			none	field	not_disease_focused
SRR15141224	SAMN20205252	genus	0	0	no			none	field	not_disease_focused
SRR15141228	SAMN20205242	species	4	4	yes			none	field	not_disease_focused
SRR15141228	SAMN20205242	genus	0	0	no			none	field	not_disease_focused
SRR15141232	SAMN20205482	species	4	4	yes			none	field	not_disease_focused
SRR15141232	SAMN20205482	genus	0	0	no			none	field	not_disease_focused
SRR15141241	SAMN20205466	species	2	2	yes			none	field	not_disease_focused
SRR15141241	SAMN20205466	genus	0	0	no			none	field	not_disease_focused
SRR15141258	SAMN20205166	species	2	2	yes			none	field	not_disease_focused
SRR15141258	SAMN20205166	genus	0	0	no			none	field	not_disease_focused
SRR15141284	SAMN20205932	species	4	4	yes			none	field	not_disease_focused
SRR15141284	SAMN20205932	genus	0	0	no			none	field	not_disease_focused
SRR15141292	SAMN20205916	species	2	2	yes			none	field	not_disease_focused
SRR15141292	SAMN20205916	genus	0	0	no			none	field	not_disease_focused
SRR15141319	SAMN20205868	species	4	4	yes			none	field	not_disease_focused
SRR15141319	SAMN20205868	genus	0	0	no			none	field	not_disease_focused
SRR15141321	SAMN20205864	species	1	1	no			none	field	not_disease_focused
SRR15141321	SAMN20205864	genus	0	0	no			none	field	not_disease_focused
SRR15141327	SAMN20205854	species	5	5	yes			none	field	not_disease_focused
SRR15141327	SAMN20205854	genus	0	0	no			none	field	not_disease_focused
SRR15141328	SAMN20205852	species	2	2	yes			none	field	not_disease_focused
SRR15141328	SAMN20205852	genus	0	0	no			none	field	not_disease_focused
SRR15141333	SAMN20205842	species	4	4	yes			none	field	not_disease_focused
SRR15141333	SAMN20205842	genus	0	0	no			none	field	not_disease_focused
SRR15141365	SAMN20205782	species	4	4	yes			none	field	not_disease_focused
SRR15141365	SAMN20205782	genus	0	0	no			none	field	not_disease_focused
SRR15141375	SAMN20205766	species	2	2	yes			none	field	not_disease_focused
SRR15141375	SAMN20205766	genus	0	0	no			none	field	not_disease_focused
SRR15141402	SAMN20205718	species	4	4	yes			none	field	not_disease_focused
SRR15141402	SAMN20205718	genus	0	0	no			none	field	not_disease_focused
SRR15141405	SAMN20205714	species	1	1	no			none	field	not_disease_focused
SRR15141405	SAMN20205714	genus	0	0	no			none	field	not_disease_focused
SRR15141410	SAMN20205704	species	5	5	yes			none	field	not_disease_focused
SRR15141410	SAMN20205704	genus	0	0	no			none	field	not_disease_focused
SRR15141411	SAMN20205702	species	2	2	yes			none	field	not_disease_focused
SRR15141411	SAMN20205702	genus	0	0	no			none	field	not_disease_focused
SRR15141417	SAMN20205692	species	4	4	yes			none	field	not_disease_focused
SRR15141417	SAMN20205692	genus	0	0	no			none	field	not_disease_focused
SRR15141432	SAMN20205418	species	4	4	yes			none	field	not_disease_focused
SRR15141432	SAMN20205418	genus	0	0	no			none	field	not_disease_focused
SRR15141435	SAMN20205414	species	1	1	no			none	field	not_disease_focused
SRR15141435	SAMN20205414	genus	0	0	no			none	field	not_disease_focused
SRR15141440	SAMN20205404	species	5	5	yes			none	field	not_disease_focused
SRR15141440	SAMN20205404	genus	0	0	no			none	field	not_disease_focused
SRR15141441	SAMN20205402	species	2	2	yes			none	field	not_disease_focused
SRR15141441	SAMN20205402	genus	0	0	no			none	field	not_disease_focused
SRR15141447	SAMN20205392	species	4	4	yes			none	field	not_disease_focused
SRR15141447	SAMN20205392	genus	0	0	no			none	field	not_disease_focused
SRR15222189	SAMN20353635	species	1	0	no	5180	Sclerotinia sclerotiorum	biotic	field	single_pathogen_focus
SRR15222189	SAMN20353635	genus	0	0	no	5180	Sclerotinia sclerotiorum	biotic	field	single_pathogen_focus
SRR15222190	SAMN20353633	species	1	0	no	5180	Sclerotinia sclerotiorum	biotic	field	single_pathogen_focus
SRR15222190	SAMN20353633	genus	0	0	no	5180	Sclerotinia sclerotiorum	biotic	field	single_pathogen_focus
SRR15274850	SAMN20439856	species	3	1	yes	5506	Fusarium	biotic	field	not_disease_focused
SRR15274850	SAMN20439856	genus	0	0	no	5506	Fusarium	biotic	field	not_disease_focused
SRR15357733	SAMN20585433	species	3	2	yes	168172,208348	Puccinia striiformis f. sp. tritici; Puccinia triticina	biotic	field	single_pathogen_focus
SRR15357733	SAMN20585433	genus	0	0	no	168172,208348	Puccinia striiformis f. sp. tritici; Puccinia triticina	biotic	field	single_pathogen_focus
SRR15357734	SAMN20585433	species	2	1	yes	168172,208348	Puccinia striiformis f. sp. tritici; Puccinia triticina	biotic	field	single_pathogen_focus
SRR15357734	SAMN20585433	genus	0	0	no	168172,208348	Puccinia striiformis f. sp. tritici; Puccinia triticina	biotic	field	single_pathogen_focus
SRR15538945	SAMN19876650	species	4	4	yes	12138,1856642,2916411,2918789,2961918,59749	Maize chlorotic mottle virus; maize yellow mosaic virus; maize rayado fino virus; North American maize-associated Mastrevirus; teosinte-associated betaflexivirus; maize-associated tombusvirid; maize-associated umbra-like virus	biotic	field	intentional_multi_pathogen
SRR15538945	SAMN19876650	genus	0	0	no	12138,1856642,2916411,2918789,2961918,59749	Maize chlorotic mottle virus; maize yellow mosaic virus; maize rayado fino virus; North American maize-associated Mastrevirus; teosinte-associated betaflexivirus; maize-associated tombusvirid; maize-associated umbra-like virus	biotic	field	intentional_multi_pathogen
SRR15539004	SAMN19876732	species	2	2	yes	12138,1856642,2916411,2918789,2961918,59749	Maize chlorotic mottle virus; maize yellow mosaic virus; maize rayado fino virus; North American maize-associated Mastrevirus; teosinte-associated betaflexivirus; maize-associated tombusvirid; maize-associated umbra-like virus	biotic	field	intentional_multi_pathogen
SRR15539004	SAMN19876732	genus	0	0	no	12138,1856642,2916411,2918789,2961918,59749	Maize chlorotic mottle virus; maize yellow mosaic virus; maize rayado fino virus; North American maize-associated Mastrevirus; teosinte-associated betaflexivirus; maize-associated tombusvirid; maize-associated umbra-like virus	biotic	field	intentional_multi_pathogen
SRR1555102	SAMN02943234	species	1	1	no	168172	Puccinia striiformis f. sp. tritici	biotic	field	single_pathogen_focus
SRR1555102	SAMN02943234	genus	0	0	no	168172	Puccinia striiformis f. sp. tritici	biotic	field	single_pathogen_focus
SRR1555123	SAMN02943226	species	2	2	yes	168172	Puccinia striiformis f. sp. tritici	biotic	field	single_pathogen_focus
SRR1555123	SAMN02943226	genus	0	0	no	168172	Puccinia striiformis f. sp. tritici	biotic	field	single_pathogen_focus
SRR1555294	SAMN02943267	species	1	1	no	168172	Puccinia striiformis f. sp. tritici	biotic	field	single_pathogen_focus
SRR1555294	SAMN02943267	genus	0	0	no	168172	Puccinia striiformis f. sp. tritici	biotic	field	single_pathogen_focus
SRR1555295	SAMN02943264	species	2	2	yes	168172	Puccinia striiformis f. sp. tritici	biotic	field	single_pathogen_focus
SRR1555295	SAMN02943264	genus	0	0	no	168172	Puccinia striiformis f. sp. tritici	biotic	field	single_pathogen_focus
SRR1555738	SAMN02943239	species	1	1	no	168172	Puccinia striiformis f. sp. tritici	biotic	field	single_pathogen_focus
SRR1555738	SAMN02943239	genus	0	0	no	168172	Puccinia striiformis f. sp. tritici	biotic	field	single_pathogen_focus
SRR1555739	SAMN02943260	species	1	1	no	168172	Puccinia striiformis f. sp. tritici	biotic	field	single_pathogen_focus
SRR1555739	SAMN02943260	genus	0	0	no	168172	Puccinia striiformis f. sp. tritici	biotic	field	single_pathogen_focus
SRR1555740	SAMN02943219	species	1	1	no	168172	Puccinia striiformis f. sp. tritici	biotic	field	single_pathogen_focus
SRR1555740	SAMN02943219	genus	0	0	no	168172	Puccinia striiformis f. sp. tritici	biotic	field	single_pathogen_focus
SRR1556067	SAMN02943258	species	1	1	no	168172	Puccinia striiformis f. sp. tritici	biotic	field	single_pathogen_focus
SRR1556067	SAMN02943258	genus	0	0	no	168172	Puccinia striiformis f. sp. tritici	biotic	field	single_pathogen_focus
SRR1557190	SAMN02943236	species	1	1	no	168172	Puccinia striiformis f. sp. tritici	biotic	field	single_pathogen_focus
SRR1557190	SAMN02943236	genus	0	0	no	168172	Puccinia striiformis f. sp. tritici	biotic	field	single_pathogen_focus
SRR1557191	SAMN02943247	species	2	2	yes	168172	Puccinia striiformis f. sp. tritici	biotic	field	single_pathogen_focus
SRR1557191	SAMN02943247	genus	0	0	no	168172	Puccinia striiformis f. sp. tritici	biotic	field	single_pathogen_focus
SRR1557212	SAMN02943262	species	2	2	yes	168172	Puccinia striiformis f. sp. tritici	biotic	field	single_pathogen_focus
SRR1557212	SAMN02943262	genus	0	0	no	168172	Puccinia striiformis f. sp. tritici	biotic	field	single_pathogen_focus
SRR1557213	SAMN02943237	species	3	3	yes	168172	Puccinia striiformis f. sp. tritici	biotic	field	single_pathogen_focus
SRR1557213	SAMN02943237	genus	0	0	no	168172	Puccinia striiformis f. sp. tritici	biotic	field	single_pathogen_focus
SRR1557214	SAMN02943242	species	1	1	no	168172	Puccinia striiformis f. sp. tritici	biotic	field	single_pathogen_focus
SRR1557214	SAMN02943242	genus	0	0	no	168172	Puccinia striiformis f. sp. tritici	biotic	field	single_pathogen_focus
SRR1557259	SAMN02943217	species	1	1	no	168172	Puccinia striiformis f. sp. tritici	biotic	field	single_pathogen_focus
SRR1557259	SAMN02943217	genus	0	0	no	168172	Puccinia striiformis f. sp. tritici	biotic	field	single_pathogen_focus
SRR1561422	SAMN03010511	species	1	0	no	318829	Magnaporthe oryzae strain 98-06; Magnaporthe oryzae strain 70-15	biotic	field	single_pathogen_focus
SRR1561422	SAMN03010511	genus	0	0	no	318829	Magnaporthe oryzae strain 98-06; Magnaporthe oryzae strain 70-15	biotic	field	single_pathogen_focus
SRR1562049	SAMN02943268	species	1	1	no	168172	Puccinia striiformis f. sp. tritici	biotic	field	single_pathogen_focus
SRR1562049	SAMN02943268	genus	0	0	no	168172	Puccinia striiformis f. sp. tritici	biotic	field	single_pathogen_focus
SRR1562050	SAMN02943271	species	1	1	no	168172	Puccinia striiformis f. sp. tritici	biotic	field	single_pathogen_focus
SRR1562050	SAMN02943271	genus	0	0	no	168172	Puccinia striiformis f. sp. tritici	biotic	field	single_pathogen_focus
SRR1562077	SAMN02943269	species	2	2	yes	168172	Puccinia striiformis f. sp. tritici	biotic	field	single_pathogen_focus
SRR1562077	SAMN02943269	genus	0	0	no	168172	Puccinia striiformis f. sp. tritici	biotic	field	single_pathogen_focus
SRR1562078	SAMN02943259	species	1	1	no	168172	Puccinia striiformis f. sp. tritici	biotic	field	single_pathogen_focus
SRR1562078	SAMN02943259	genus	0	0	no	168172	Puccinia striiformis f. sp. tritici	biotic	field	single_pathogen_focus
SRR1562079	SAMN02943228	species	1	1	no	168172	Puccinia striiformis f. sp. tritici	biotic	field	single_pathogen_focus
SRR1562079	SAMN02943228	genus	0	0	no	168172	Puccinia striiformis f. sp. tritici	biotic	field	single_pathogen_focus
SRR1562080	SAMN02943263	species	1	1	no	168172	Puccinia striiformis f. sp. tritici	biotic	field	single_pathogen_focus
SRR1562080	SAMN02943263	genus	0	0	no	168172	Puccinia striiformis f. sp. tritici	biotic	field	single_pathogen_focus
SRR1562081	SAMN02943227	species	1	1	no	168172	Puccinia striiformis f. sp. tritici	biotic	field	single_pathogen_focus
SRR1562081	SAMN02943227	genus	0	0	no	168172	Puccinia striiformis f. sp. tritici	biotic	field	single_pathogen_focus
SRR1562084	SAMN02943270	species	1	1	no	168172	Puccinia striiformis f. sp. tritici	biotic	field	single_pathogen_focus
SRR1562084	SAMN02943270	genus	0	0	no	168172	Puccinia striiformis f. sp. tritici	biotic	field	single_pathogen_focus
SRR1562085	SAMN02943265	species	1	1	no	168172	Puccinia striiformis f. sp. tritici	biotic	field	single_pathogen_focus
SRR1562085	SAMN02943265	genus	0	0	no	168172	Puccinia striiformis f. sp. tritici	biotic	field	single_pathogen_focus
SRR1562182	SAMN02943245	species	1	1	no	168172	Puccinia striiformis f. sp. tritici	biotic	field	single_pathogen_focus
SRR1562182	SAMN02943245	genus	0	0	no	168172	Puccinia striiformis f. sp. tritici	biotic	field	single_pathogen_focus
SRR1562185	SAMN02943218	species	2	2	yes	168172	Puccinia striiformis f. sp. tritici	biotic	field	single_pathogen_focus
SRR1562185	SAMN02943218	genus	0	0	no	168172	Puccinia striiformis f. sp. tritici	biotic	field	single_pathogen_focus
SRR1562247	SAMN02943246	species	1	1	no	168172	Puccinia striiformis f. sp. tritici	biotic	field	single_pathogen_focus
SRR1562247	SAMN02943246	genus	0	0	no	168172	Puccinia striiformis f. sp. tritici	biotic	field	single_pathogen_focus
SRR1562262	SAMN02943261	species	1	1	no	168172	Puccinia striiformis f. sp. tritici	biotic	field	single_pathogen_focus
SRR1562262	SAMN02943261	genus	0	0	no	168172	Puccinia striiformis f. sp. tritici	biotic	field	single_pathogen_focus
SRR1562263	SAMN02943230	species	1	1	no	168172	Puccinia striiformis f. sp. tritici	biotic	field	single_pathogen_focus
SRR1562263	SAMN02943230	genus	0	0	no	168172	Puccinia striiformis f. sp. tritici	biotic	field	single_pathogen_focus
SRR1575605	SAMN02943238	species	1	1	no	168172	Puccinia striiformis f. sp. tritici	biotic	field	single_pathogen_focus
SRR1575605	SAMN02943238	genus	0	0	no	168172	Puccinia striiformis f. sp. tritici	biotic	field	single_pathogen_focus
SRR1575607	SAMN02943266	species	1	1	no	168172	Puccinia striiformis f. sp. tritici	biotic	field	single_pathogen_focus
SRR1575607	SAMN02943266	genus	0	0	no	168172	Puccinia striiformis f. sp. tritici	biotic	field	single_pathogen_focus
SRR1575608	SAMN02943243	species	1	1	no	168172	Puccinia striiformis f. sp. tritici	biotic	field	single_pathogen_focus
SRR1575608	SAMN02943243	genus	0	0	no	168172	Puccinia striiformis f. sp. tritici	biotic	field	single_pathogen_focus
SRR1576647	SAMN02943235	species	1	1	no	168172	Puccinia striiformis f. sp. tritici	biotic	field	single_pathogen_focus
SRR1576647	SAMN02943235	genus	0	0	no	168172	Puccinia striiformis f. sp. tritici	biotic	field	single_pathogen_focus
SRR1576651	SAMN02943231	species	1	1	no	168172	Puccinia striiformis f. sp. tritici	biotic	field	single_pathogen_focus
SRR1576651	SAMN02943231	genus	0	0	no	168172	Puccinia striiformis f. sp. tritici	biotic	field	single_pathogen_focus
SRR1576668	SAMN02943232	species	1	1	no	168172	Puccinia striiformis f. sp. tritici	biotic	field	single_pathogen_focus
SRR1576668	SAMN02943232	genus	0	0	no	168172	Puccinia striiformis f. sp. tritici	biotic	field	single_pathogen_focus
SRR1576784	SAMN02943233	species	1	1	no	168172	Puccinia striiformis f. sp. tritici	biotic	field	single_pathogen_focus
SRR1576784	SAMN02943233	genus	0	0	no	168172	Puccinia striiformis f. sp. tritici	biotic	field	single_pathogen_focus
SRR1576785	SAMN02943244	species	1	1	no	168172	Puccinia striiformis f. sp. tritici	biotic	field	single_pathogen_focus
SRR1576785	SAMN02943244	genus	0	0	no	168172	Puccinia striiformis f. sp. tritici	biotic	field	single_pathogen_focus
SRR1576786	SAMN02943229	species	1	1	no	168172	Puccinia striiformis f. sp. tritici	biotic	field	single_pathogen_focus
SRR1576786	SAMN02943229	genus	0	0	no	168172	Puccinia striiformis f. sp. tritici	biotic	field	single_pathogen_focus
SRR1576813	SAMN02943240	species	2	2	yes	168172	Puccinia striiformis f. sp. tritici	biotic	field	single_pathogen_focus
SRR1576813	SAMN02943240	genus	0	0	no	168172	Puccinia striiformis f. sp. tritici	biotic	field	single_pathogen_focus
SRR1576814	SAMN02943241	species	1	1	no	168172	Puccinia striiformis f. sp. tritici	biotic	field	single_pathogen_focus
SRR1576814	SAMN02943241	genus	0	0	no	168172	Puccinia striiformis f. sp. tritici	biotic	field	single_pathogen_focus
SRR15833440	SAMN21370995	species	1	0	no	40559	Botrytis cinerea	biotic	field	single_pathogen_focus
SRR15833440	SAMN21370995	genus	0	0	no	40559	Botrytis cinerea	biotic	field	single_pathogen_focus
SRR15833442	SAMN21370997	species	1	0	no	40559	Botrytis cinerea	biotic	field	single_pathogen_focus
SRR15833442	SAMN21370997	genus	0	0	no	40559	Botrytis cinerea	biotic	field	single_pathogen_focus
SRR1583659	SAMN02948007	species	1	1	no	168172	Puccinia striiformis f. sp. tritici	biotic	field	single_pathogen_focus
SRR1583659	SAMN02948007	genus	0	0	no	168172	Puccinia striiformis f. sp. tritici	biotic	field	single_pathogen_focus
SRR1583660	SAMN03075688	species	1	1	no	168172	Puccinia striiformis f. sp. tritici	biotic	field	single_pathogen_focus
SRR1583660	SAMN03075688	genus	0	0	no	168172	Puccinia striiformis f. sp. tritici	biotic	field	single_pathogen_focus
SRR1583666	SAMN03075689	species	1	1	no	168172	Puccinia striiformis f. sp. tritici	biotic	field	single_pathogen_focus
SRR1583666	SAMN03075689	genus	0	0	no	168172	Puccinia striiformis f. sp. tritici	biotic	field	single_pathogen_focus
SRR1583679	SAMN03075692	species	1	1	no	168172	Puccinia striiformis f. sp. tritici	biotic	field	single_pathogen_focus
SRR1583679	SAMN03075692	genus	0	0	no	168172	Puccinia striiformis f. sp. tritici	biotic	field	single_pathogen_focus
SRR1583680	SAMN03075693	species	1	1	no	168172	Puccinia striiformis f. sp. tritici	biotic	field	single_pathogen_focus
SRR1583680	SAMN03075693	genus	0	0	no	168172	Puccinia striiformis f. sp. tritici	biotic	field	single_pathogen_focus
SRR15901536	SAMN21438014	species	2	2	yes			none	field	not_disease_focused
SRR15901536	SAMN21438014	genus	0	0	no			none	field	not_disease_focused
SRR16017072	SAMN20865349	species	1	0	no	117187	Fusarium verticillioides	biotic	field	single_pathogen_focus
SRR16017072	SAMN20865349	genus	0	0	no	117187	Fusarium verticillioides	biotic	field	single_pathogen_focus
SRR16017073	SAMN20865348	species	1	0	no	117187	Fusarium verticillioides	biotic	field	single_pathogen_focus
SRR16017073	SAMN20865348	genus	0	0	no	117187	Fusarium verticillioides	biotic	field	single_pathogen_focus
SRR16017074	SAMN20865347	species	1	0	no	117187	Fusarium verticillioides	biotic	field	single_pathogen_focus
SRR16017074	SAMN20865347	genus	0	0	no	117187	Fusarium verticillioides	biotic	field	single_pathogen_focus
SRR16930839	SAMN22502890	species	0	0	no	112436,114922,114923,12042,168135,2976691,2976693	apium virus Y; carrot thin leaf virus; carrot virus Y; celery mosaic virus; beet western yellows virus; carrot torradovirus-1; carrot ophiovirus-1; parsley umbravirus 1; carrot associated RNA virus 1	biotic	field	intentional_multi_pathogen
SRR16930839	SAMN22502890	genus	0	0	no	112436,114922,114923,12042,168135,2976691,2976693	apium virus Y; carrot thin leaf virus; carrot virus Y; celery mosaic virus; beet western yellows virus; carrot torradovirus-1; carrot ophiovirus-1; parsley umbravirus 1; carrot associated RNA virus 1	biotic	field	intentional_multi_pathogen
SRR16930840	SAMN22502889	species	0	0	no	112436,114922,114923,12042,168135,2976691,2976693	apium virus Y; carrot thin leaf virus; carrot virus Y; celery mosaic virus; beet western yellows virus; carrot torradovirus-1; carrot ophiovirus-1; parsley umbravirus 1; carrot associated RNA virus 1	biotic	field	intentional_multi_pathogen
SRR16930840	SAMN22502889	genus	0	0	no	112436,114922,114923,12042,168135,2976691,2976693	apium virus Y; carrot thin leaf virus; carrot virus Y; celery mosaic virus; beet western yellows virus; carrot torradovirus-1; carrot ophiovirus-1; parsley umbravirus 1; carrot associated RNA virus 1	biotic	field	intentional_multi_pathogen
SRR16930842	SAMN22502887	species	0	0	no	112436,114922,114923,12042,168135,2976691,2976693	apium virus Y; carrot thin leaf virus; carrot virus Y; celery mosaic virus; beet western yellows virus; carrot torradovirus-1; carrot ophiovirus-1; parsley umbravirus 1; carrot associated RNA virus 1	biotic	field	intentional_multi_pathogen
SRR16930842	SAMN22502887	genus	0	0	no	112436,114922,114923,12042,168135,2976691,2976693	apium virus Y; carrot thin leaf virus; carrot virus Y; celery mosaic virus; beet western yellows virus; carrot torradovirus-1; carrot ophiovirus-1; parsley umbravirus 1; carrot associated RNA virus 1	biotic	field	intentional_multi_pathogen
SRR16930843	SAMN22502886	species	0	0	no	112436,114922,114923,12042,168135,2976691,2976693	apium virus Y; carrot thin leaf virus; carrot virus Y; celery mosaic virus; beet western yellows virus; carrot torradovirus-1; carrot ophiovirus-1; parsley umbravirus 1; carrot associated RNA virus 1	biotic	field	intentional_multi_pathogen
SRR16930843	SAMN22502886	genus	0	0	no	112436,114922,114923,12042,168135,2976691,2976693	apium virus Y; carrot thin leaf virus; carrot virus Y; celery mosaic virus; beet western yellows virus; carrot torradovirus-1; carrot ophiovirus-1; parsley umbravirus 1; carrot associated RNA virus 1	biotic	field	intentional_multi_pathogen
SRR16930844	SAMN22502885	species	0	0	no	112436,114922,114923,12042,168135,2976691,2976693	apium virus Y; carrot thin leaf virus; carrot virus Y; celery mosaic virus; beet western yellows virus; carrot torradovirus-1; carrot ophiovirus-1; parsley umbravirus 1; carrot associated RNA virus 1	biotic	field	intentional_multi_pathogen
SRR16930844	SAMN22502885	genus	0	0	no	112436,114922,114923,12042,168135,2976691,2976693	apium virus Y; carrot thin leaf virus; carrot virus Y; celery mosaic virus; beet western yellows virus; carrot torradovirus-1; carrot ophiovirus-1; parsley umbravirus 1; carrot associated RNA virus 1	biotic	field	intentional_multi_pathogen
SRR16930845	SAMN22502884	species	0	0	no	112436,114922,114923,12042,168135,2976691,2976693	apium virus Y; carrot thin leaf virus; carrot virus Y; celery mosaic virus; beet western yellows virus; carrot torradovirus-1; carrot ophiovirus-1; parsley umbravirus 1; carrot associated RNA virus 1	biotic	field	intentional_multi_pathogen
SRR16930845	SAMN22502884	genus	0	0	no	112436,114922,114923,12042,168135,2976691,2976693	apium virus Y; carrot thin leaf virus; carrot virus Y; celery mosaic virus; beet western yellows virus; carrot torradovirus-1; carrot ophiovirus-1; parsley umbravirus 1; carrot associated RNA virus 1	biotic	field	intentional_multi_pathogen
SRR16930846	SAMN22502883	species	0	0	no	112436,114922,114923,12042,168135,2976691,2976693	apium virus Y; carrot thin leaf virus; carrot virus Y; celery mosaic virus; beet western yellows virus; carrot torradovirus-1; carrot ophiovirus-1; parsley umbravirus 1; carrot associated RNA virus 1	biotic	field	intentional_multi_pathogen
SRR16930846	SAMN22502883	genus	0	0	no	112436,114922,114923,12042,168135,2976691,2976693	apium virus Y; carrot thin leaf virus; carrot virus Y; celery mosaic virus; beet western yellows virus; carrot torradovirus-1; carrot ophiovirus-1; parsley umbravirus 1; carrot associated RNA virus 1	biotic	field	intentional_multi_pathogen
SRR16930848	SAMN22502881	species	0	0	no	112436,114922,114923,12042,168135,2976691,2976693	apium virus Y; carrot thin leaf virus; carrot virus Y; celery mosaic virus; beet western yellows virus; carrot torradovirus-1; carrot ophiovirus-1; parsley umbravirus 1; carrot associated RNA virus 1	biotic	field	intentional_multi_pathogen
SRR16930848	SAMN22502881	genus	0	0	no	112436,114922,114923,12042,168135,2976691,2976693	apium virus Y; carrot thin leaf virus; carrot virus Y; celery mosaic virus; beet western yellows virus; carrot torradovirus-1; carrot ophiovirus-1; parsley umbravirus 1; carrot associated RNA virus 1	biotic	field	intentional_multi_pathogen
SRR17207990	SAMN23895764	species	2	2	yes			abiotic	field	not_disease_focused
SRR17207990	SAMN23895764	genus	0	0	no			abiotic	field	not_disease_focused
SRR17207991	SAMN23895763	species	2	2	yes			abiotic	field	not_disease_focused
SRR17207991	SAMN23895763	genus	0	0	no			abiotic	field	not_disease_focused
SRR17207993	SAMN23895761	species	3	3	yes			abiotic	field	not_disease_focused
SRR17207993	SAMN23895761	genus	0	0	no			abiotic	field	not_disease_focused
SRR17207994	SAMN23895760	species	1	1	no			abiotic	field	not_disease_focused
SRR17207994	SAMN23895760	genus	0	0	no			abiotic	field	not_disease_focused
SRR17609703	SAMN24926499	species	0	0	no	1980428,31741	High Plains wheat mosaic virus; wheat streak mosaic virus	biotic	field	intentional_multi_pathogen
SRR17609703	SAMN24926499	genus	0	0	no	1980428,31741	High Plains wheat mosaic virus; wheat streak mosaic virus	biotic	field	intentional_multi_pathogen
SRR17609704	SAMN24926498	species	0	0	no	1980428,31741	High Plains wheat mosaic virus; wheat streak mosaic virus	biotic	field	intentional_multi_pathogen
SRR17609704	SAMN24926498	genus	0	0	no	1980428,31741	High Plains wheat mosaic virus; wheat streak mosaic virus	biotic	field	intentional_multi_pathogen
SRR17609705	SAMN24926497	species	0	0	no	1980428,31741	High Plains wheat mosaic virus; wheat streak mosaic virus	biotic	field	intentional_multi_pathogen
SRR17609705	SAMN24926497	genus	0	0	no	1980428,31741	High Plains wheat mosaic virus; wheat streak mosaic virus	biotic	field	intentional_multi_pathogen
SRR17609709	SAMN24926493	species	0	0	no	1980428,31741	High Plains wheat mosaic virus; wheat streak mosaic virus	biotic	field	intentional_multi_pathogen
SRR17609709	SAMN24926493	genus	0	0	no	1980428,31741	High Plains wheat mosaic virus; wheat streak mosaic virus	biotic	field	intentional_multi_pathogen
SRR17681697	SAMN25143993	species	1	1	no			none	field	not_disease_focused
SRR17681697	SAMN25143993	genus	0	0	no			none	field	not_disease_focused
SRR1773570	SAMN03288048	species	1	1	no			none	field	not_disease_focused
SRR1773570	SAMN03288048	genus	0	0	no			none	field	not_disease_focused
SRR1773573	SAMN03288051	species	1	1	no			none	field	not_disease_focused
SRR1773573	SAMN03288051	genus	0	0	no			none	field	not_disease_focused
SRR1774238	SAMN03295093	species	1	0	no	343,5518	Fusarium graminearum; Xanthomonas translucens	biotic	field	intentional_multi_pathogen
SRR1774238	SAMN03295093	genus	0	0	no	343,5518	Fusarium graminearum; Xanthomonas translucens	biotic	field	intentional_multi_pathogen
SRR1774241	SAMN03295093	species	1	0	no	343,5518	Fusarium graminearum; Xanthomonas translucens	biotic	field	intentional_multi_pathogen
SRR1774241	SAMN03295093	genus	0	0	no	343,5518	Fusarium graminearum; Xanthomonas translucens	biotic	field	intentional_multi_pathogen
SRR1774244	SAMN03295093	species	1	0	no	343,5518	Fusarium graminearum; Xanthomonas translucens	biotic	field	intentional_multi_pathogen
SRR1774244	SAMN03295093	genus	0	0	no	343,5518	Fusarium graminearum; Xanthomonas translucens	biotic	field	intentional_multi_pathogen
SRR1776521	SAMN03295093	species	1	0	no	343,5518	Fusarium graminearum; Xanthomonas translucens	biotic	field	intentional_multi_pathogen
SRR1776521	SAMN03295093	genus	0	0	no	343,5518	Fusarium graminearum; Xanthomonas translucens	biotic	field	intentional_multi_pathogen
SRR1776535	SAMN03295093	species	1	0	no	343,5518	Fusarium graminearum; Xanthomonas translucens	biotic	field	intentional_multi_pathogen
SRR1776535	SAMN03295093	genus	0	0	no	343,5518	Fusarium graminearum; Xanthomonas translucens	biotic	field	intentional_multi_pathogen
SRR1776573	SAMN03295093	species	1	0	no	343,5518	Fusarium graminearum; Xanthomonas translucens	biotic	field	intentional_multi_pathogen
SRR1776573	SAMN03295093	genus	0	0	no	343,5518	Fusarium graminearum; Xanthomonas translucens	biotic	field	intentional_multi_pathogen
SRR1777450	SAMN03295094	species	1	0	no	343,5518	Fusarium graminearum; Xanthomonas translucens	biotic	field	intentional_multi_pathogen
SRR1777450	SAMN03295094	genus	0	0	no	343,5518	Fusarium graminearum; Xanthomonas translucens	biotic	field	intentional_multi_pathogen
SRR1777451	SAMN03295094	species	1	0	no	343,5518	Fusarium graminearum; Xanthomonas translucens	biotic	field	intentional_multi_pathogen
SRR1777451	SAMN03295094	genus	0	0	no	343,5518	Fusarium graminearum; Xanthomonas translucens	biotic	field	intentional_multi_pathogen
SRR1793815	SAMN03333083	species	1	0	no	5022,5180	Sclerotinia sclerotiorum; Leptosphaeria maculans	biotic	field	single_pathogen_focus
SRR1793815	SAMN03333083	genus	0	0	no	5022,5180	Sclerotinia sclerotiorum; Leptosphaeria maculans	biotic	field	single_pathogen_focus
SRR1793826	SAMN03333084	species	1	0	no	5022,5180	Sclerotinia sclerotiorum; Leptosphaeria maculans	biotic	field	single_pathogen_focus
SRR1793826	SAMN03333084	genus	0	0	no	5022,5180	Sclerotinia sclerotiorum; Leptosphaeria maculans	biotic	field	single_pathogen_focus
SRR1793833	SAMN03333087	species	1	0	no	5022,5180	Sclerotinia sclerotiorum; Leptosphaeria maculans	biotic	field	single_pathogen_focus
SRR1793833	SAMN03333087	genus	0	0	no	5022,5180	Sclerotinia sclerotiorum; Leptosphaeria maculans	biotic	field	single_pathogen_focus
SRR1793834	SAMN03333088	species	1	0	no	5022,5180	Sclerotinia sclerotiorum; Leptosphaeria maculans	biotic	field	single_pathogen_focus
SRR1793834	SAMN03333088	genus	0	0	no	5022,5180	Sclerotinia sclerotiorum; Leptosphaeria maculans	biotic	field	single_pathogen_focus
SRR1793847	SAMN03333089	species	1	0	no	5022,5180	Sclerotinia sclerotiorum; Leptosphaeria maculans	biotic	field	single_pathogen_focus
SRR1793847	SAMN03333089	genus	0	0	no	5022,5180	Sclerotinia sclerotiorum; Leptosphaeria maculans	biotic	field	single_pathogen_focus
SRR1793856	SAMN03333090	species	1	0	no	5022,5180	Sclerotinia sclerotiorum; Leptosphaeria maculans	biotic	field	single_pathogen_focus
SRR1793856	SAMN03333090	genus	0	0	no	5022,5180	Sclerotinia sclerotiorum; Leptosphaeria maculans	biotic	field	single_pathogen_focus
SRR1793857	SAMN03333091	species	1	0	no	5022,5180	Sclerotinia sclerotiorum; Leptosphaeria maculans	biotic	field	single_pathogen_focus
SRR1793857	SAMN03333091	genus	0	0	no	5022,5180	Sclerotinia sclerotiorum; Leptosphaeria maculans	biotic	field	single_pathogen_focus
SRR1793865	SAMN03333097	species	1	0	no	5022,5180	Sclerotinia sclerotiorum; Leptosphaeria maculans	biotic	field	single_pathogen_focus
SRR1793865	SAMN03333097	genus	0	0	no	5022,5180	Sclerotinia sclerotiorum; Leptosphaeria maculans	biotic	field	single_pathogen_focus
SRR1793876	SAMN03333098	species	1	0	no	5022,5180	Sclerotinia sclerotiorum; Leptosphaeria maculans	biotic	field	single_pathogen_focus
SRR1793876	SAMN03333098	genus	0	0	no	5022,5180	Sclerotinia sclerotiorum; Leptosphaeria maculans	biotic	field	single_pathogen_focus
SRR1793908	SAMN03333099	species	1	0	no	5022,5180	Sclerotinia sclerotiorum; Leptosphaeria maculans	biotic	field	single_pathogen_focus
SRR1793908	SAMN03333099	genus	0	0	no	5022,5180	Sclerotinia sclerotiorum; Leptosphaeria maculans	biotic	field	single_pathogen_focus
SRR1793909	SAMN03333100	species	1	0	no	5022,5180	Sclerotinia sclerotiorum; Leptosphaeria maculans	biotic	field	single_pathogen_focus
SRR1793909	SAMN03333100	genus	0	0	no	5022,5180	Sclerotinia sclerotiorum; Leptosphaeria maculans	biotic	field	single_pathogen_focus
SRR1793911	SAMN03333101	species	1	0	no	5022,5180	Sclerotinia sclerotiorum; Leptosphaeria maculans	biotic	field	single_pathogen_focus
SRR1793911	SAMN03333101	genus	0	0	no	5022,5180	Sclerotinia sclerotiorum; Leptosphaeria maculans	biotic	field	single_pathogen_focus
SRR18064500	SAMN21354877	species	1	0	no	40559	Botrytis cinerea	biotic	field	single_pathogen_focus
SRR18064500	SAMN21354877	genus	0	0	no	40559	Botrytis cinerea	biotic	field	single_pathogen_focus
SRR18064501	SAMN21354877	species	1	0	no	40559	Botrytis cinerea	biotic	field	single_pathogen_focus
SRR18064501	SAMN21354877	genus	0	0	no	40559	Botrytis cinerea	biotic	field	single_pathogen_focus
SRR18064502	SAMN21354877	species	1	0	no	40559	Botrytis cinerea	biotic	field	single_pathogen_focus
SRR18064502	SAMN21354877	genus	0	0	no	40559	Botrytis cinerea	biotic	field	single_pathogen_focus
SRR18064506	SAMN21354876	species	1	0	no	40559	Botrytis cinerea	biotic	field	single_pathogen_focus
SRR18064506	SAMN21354876	genus	0	0	no	40559	Botrytis cinerea	biotic	field	single_pathogen_focus
SRR18064507	SAMN21354876	species	1	0	no	40559	Botrytis cinerea	biotic	field	single_pathogen_focus
SRR18064507	SAMN21354876	genus	0	0	no	40559	Botrytis cinerea	biotic	field	single_pathogen_focus
SRR18064509	SAMN21354876	species	1	0	no	40559	Botrytis cinerea	biotic	field	single_pathogen_focus
SRR18064509	SAMN21354876	genus	0	0	no	40559	Botrytis cinerea	biotic	field	single_pathogen_focus
SRR18070412	SAMN26038428	species	0	0	no	12472	subterranean clover mottle virus	biotic	field	single_pathogen_focus
SRR18070412	SAMN26038428	genus	0	0	no	12472	subterranean clover mottle virus	biotic	field	single_pathogen_focus
SRR18070413	SAMN26038427	species	0	0	no	12472	subterranean clover mottle virus	biotic	field	single_pathogen_focus
SRR18070413	SAMN26038427	genus	0	0	no	12472	subterranean clover mottle virus	biotic	field	single_pathogen_focus
SRR18070414	SAMN26038426	species	0	0	no	12472	subterranean clover mottle virus	biotic	field	single_pathogen_focus
SRR18070414	SAMN26038426	genus	0	0	no	12472	subterranean clover mottle virus	biotic	field	single_pathogen_focus
SRR18070415	SAMN26038425	species	0	0	no	12472	subterranean clover mottle virus	biotic	field	single_pathogen_focus
SRR18070415	SAMN26038425	genus	0	0	no	12472	subterranean clover mottle virus	biotic	field	single_pathogen_focus
SRR18070416	SAMN26038424	species	0	0	no	12472	subterranean clover mottle virus	biotic	field	single_pathogen_focus
SRR18070416	SAMN26038424	genus	0	0	no	12472	subterranean clover mottle virus	biotic	field	single_pathogen_focus
SRR18428224	SAMN26857482	species	2	1	yes	456999	Rhizoctonia solani	biotic	field	single_pathogen_focus
SRR18428224	SAMN26857482	genus	0	0	no	456999	Rhizoctonia solani	biotic	field	single_pathogen_focus
SRR18428225	SAMN26857483	species	2	1	yes	456999	Rhizoctonia solani	biotic	field	single_pathogen_focus
SRR18428225	SAMN26857483	genus	0	0	no	456999	Rhizoctonia solani	biotic	field	single_pathogen_focus
SRR18428226	SAMN26857481	species	2	1	yes	456999	Rhizoctonia solani	biotic	field	single_pathogen_focus
SRR18428226	SAMN26857481	genus	0	0	no	456999	Rhizoctonia solani	biotic	field	single_pathogen_focus
SRR18840566	SAMN27675195	species	0	0	no	312295	Cotton leafroll dwarf virus (CLRDV)	biotic	field	single_pathogen_focus
SRR18840566	SAMN27675195	genus	0	0	no	312295	Cotton leafroll dwarf virus (CLRDV)	biotic	field	single_pathogen_focus
SRR1975193	SAMN03486532	species	1	0	no	40559	Botrytis cinerea	biotic	field	single_pathogen_focus
SRR1975193	SAMN03486532	genus	0	0	no	40559	Botrytis cinerea	biotic	field	single_pathogen_focus
SRR1975194	SAMN03486533	species	1	0	no	40559	Botrytis cinerea	biotic	field	single_pathogen_focus
SRR1975194	SAMN03486533	genus	0	0	no	40559	Botrytis cinerea	biotic	field	single_pathogen_focus
SRR1975195	SAMN03486534	species	1	0	no	40559	Botrytis cinerea	biotic	field	single_pathogen_focus
SRR1975195	SAMN03486534	genus	0	0	no	40559	Botrytis cinerea	biotic	field	single_pathogen_focus
SRR1975196	SAMN03486535	species	1	0	no	40559	Botrytis cinerea	biotic	field	single_pathogen_focus
SRR1975196	SAMN03486535	genus	0	0	no	40559	Botrytis cinerea	biotic	field	single_pathogen_focus
SRR1975197	SAMN03486536	species	1	0	no	40559	Botrytis cinerea	biotic	field	single_pathogen_focus
SRR1975197	SAMN03486536	genus	0	0	no	40559	Botrytis cinerea	biotic	field	single_pathogen_focus
SRR1975198	SAMN03486537	species	1	0	no	40559	Botrytis cinerea	biotic	field	single_pathogen_focus
SRR1975198	SAMN03486537	genus	0	0	no	40559	Botrytis cinerea	biotic	field	single_pathogen_focus
SRR1975199	SAMN03486538	species	1	0	no	40559	Botrytis cinerea	biotic	field	single_pathogen_focus
SRR1975199	SAMN03486538	genus	0	0	no	40559	Botrytis cinerea	biotic	field	single_pathogen_focus
SRR1975200	SAMN03486539	species	1	0	no	40559	Botrytis cinerea	biotic	field	single_pathogen_focus
SRR1975200	SAMN03486539	genus	0	0	no	40559	Botrytis cinerea	biotic	field	single_pathogen_focus
SRR1975201	SAMN03486540	species	1	0	no	40559	Botrytis cinerea	biotic	field	single_pathogen_focus
SRR1975201	SAMN03486540	genus	0	0	no	40559	Botrytis cinerea	biotic	field	single_pathogen_focus
SRR1975202	SAMN03486541	species	1	0	no	40559	Botrytis cinerea	biotic	field	single_pathogen_focus
SRR1975202	SAMN03486541	genus	0	0	no	40559	Botrytis cinerea	biotic	field	single_pathogen_focus
SRR1975203	SAMN03486542	species	1	0	no	40559	Botrytis cinerea	biotic	field	single_pathogen_focus
SRR1975203	SAMN03486542	genus	0	0	no	40559	Botrytis cinerea	biotic	field	single_pathogen_focus
SRR1975204	SAMN03486543	species	1	0	no	40559	Botrytis cinerea	biotic	field	single_pathogen_focus
SRR1975204	SAMN03486543	genus	0	0	no	40559	Botrytis cinerea	biotic	field	single_pathogen_focus
SRR19891820	SAMN29406191	species	2	1	yes	5016	Cochliobolus heterostrophus; Bipolaris maydis	biotic	field	single_pathogen_focus
SRR19891820	SAMN29406191	genus	0	0	no	5016	Cochliobolus heterostrophus; Bipolaris maydis	biotic	field	single_pathogen_focus
SRR19891823	SAMN29406188	species	1	0	no	5016	Cochliobolus heterostrophus; Bipolaris maydis	biotic	field	single_pathogen_focus
SRR19891823	SAMN29406188	genus	0	0	no	5016	Cochliobolus heterostrophus; Bipolaris maydis	biotic	field	single_pathogen_focus
SRR19891828	SAMN29406199	species	2	1	yes	5016	Cochliobolus heterostrophus; Bipolaris maydis	biotic	field	single_pathogen_focus
SRR19891828	SAMN29406199	genus	0	0	no	5016	Cochliobolus heterostrophus; Bipolaris maydis	biotic	field	single_pathogen_focus
SRR20067738	SAMN18080036	species	1	0	no	690256	Colletotrichum fructicola	biotic	field	single_pathogen_focus
SRR20067738	SAMN18080036	genus	0	0	no	690256	Colletotrichum fructicola	biotic	field	single_pathogen_focus
SRR20067739	SAMN18080036	species	1	0	no	690256	Colletotrichum fructicola	biotic	field	single_pathogen_focus
SRR20067739	SAMN18080036	genus	0	0	no	690256	Colletotrichum fructicola	biotic	field	single_pathogen_focus
SRR20067740	SAMN18080036	species	1	0	no	690256	Colletotrichum fructicola	biotic	field	single_pathogen_focus
SRR20067740	SAMN18080036	genus	0	0	no	690256	Colletotrichum fructicola	biotic	field	single_pathogen_focus
SRR20067741	SAMN18080036	species	1	0	no	690256	Colletotrichum fructicola	biotic	field	single_pathogen_focus
SRR20067741	SAMN18080036	genus	0	0	no	690256	Colletotrichum fructicola	biotic	field	single_pathogen_focus
SRR20067742	SAMN18080036	species	1	0	no	690256	Colletotrichum fructicola	biotic	field	single_pathogen_focus
SRR20067742	SAMN18080036	genus	0	0	no	690256	Colletotrichum fructicola	biotic	field	single_pathogen_focus
SRR20067743	SAMN18080036	species	1	0	no	690256	Colletotrichum fructicola	biotic	field	single_pathogen_focus
SRR20067743	SAMN18080036	genus	0	0	no	690256	Colletotrichum fructicola	biotic	field	single_pathogen_focus
SRR20324127	SAMN29390823	species	1	1	no	1086053	Rhizoctonia solani AG-3 TB	biotic	field	single_pathogen_focus
SRR20324127	SAMN29390823	genus	0	0	no	1086053	Rhizoctonia solani AG-3 TB	biotic	field	single_pathogen_focus
SRR20324128	SAMN29390822	species	1	1	no	1086053	Rhizoctonia solani AG-3 TB	biotic	field	single_pathogen_focus
SRR20324128	SAMN29390822	genus	0	0	no	1086053	Rhizoctonia solani AG-3 TB	biotic	field	single_pathogen_focus
SRR20324129	SAMN29390821	species	1	1	no	1086053	Rhizoctonia solani AG-3 TB	biotic	field	single_pathogen_focus
SRR20324129	SAMN29390821	genus	0	0	no	1086053	Rhizoctonia solani AG-3 TB	biotic	field	single_pathogen_focus
SRR20324130	SAMN29390820	species	1	1	no	1086053	Rhizoctonia solani AG-3 TB	biotic	field	single_pathogen_focus
SRR20324130	SAMN29390820	genus	0	0	no	1086053	Rhizoctonia solani AG-3 TB	biotic	field	single_pathogen_focus
SRR20324131	SAMN29390819	species	1	1	no	1086053	Rhizoctonia solani AG-3 TB	biotic	field	single_pathogen_focus
SRR20324131	SAMN29390819	genus	0	0	no	1086053	Rhizoctonia solani AG-3 TB	biotic	field	single_pathogen_focus
SRR20324132	SAMN29390818	species	1	1	no	1086053	Rhizoctonia solani AG-3 TB	biotic	field	single_pathogen_focus
SRR20324132	SAMN29390818	genus	0	0	no	1086053	Rhizoctonia solani AG-3 TB	biotic	field	single_pathogen_focus
SRR20324133	SAMN29390817	species	1	1	no	1086053	Rhizoctonia solani AG-3 TB	biotic	field	single_pathogen_focus
SRR20324133	SAMN29390817	genus	0	0	no	1086053	Rhizoctonia solani AG-3 TB	biotic	field	single_pathogen_focus
SRR20324134	SAMN29390816	species	1	1	no	1086053	Rhizoctonia solani AG-3 TB	biotic	field	single_pathogen_focus
SRR20324134	SAMN29390816	genus	0	0	no	1086053	Rhizoctonia solani AG-3 TB	biotic	field	single_pathogen_focus
SRR20324135	SAMN29390815	species	1	1	no	1086053	Rhizoctonia solani AG-3 TB	biotic	field	single_pathogen_focus
SRR20324135	SAMN29390815	genus	0	0	no	1086053	Rhizoctonia solani AG-3 TB	biotic	field	single_pathogen_focus
SRR20324137	SAMN29390814	species	1	1	no	1086053	Rhizoctonia solani AG-3 TB	biotic	field	single_pathogen_focus
SRR20324137	SAMN29390814	genus	0	0	no	1086053	Rhizoctonia solani AG-3 TB	biotic	field	single_pathogen_focus
SRR20324138	SAMN29390813	species	1	1	no	1086053	Rhizoctonia solani AG-3 TB	biotic	field	single_pathogen_focus
SRR20324138	SAMN29390813	genus	0	0	no	1086053	Rhizoctonia solani AG-3 TB	biotic	field	single_pathogen_focus
SRR20324139	SAMN29390812	species	1	1	no	1086053	Rhizoctonia solani AG-3 TB	biotic	field	single_pathogen_focus
SRR20324139	SAMN29390812	genus	0	0	no	1086053	Rhizoctonia solani AG-3 TB	biotic	field	single_pathogen_focus
SRR20324140	SAMN29390811	species	0	0	no	1086053	Rhizoctonia solani AG-3 TB	biotic	field	single_pathogen_focus
SRR20324140	SAMN29390811	genus	0	0	no	1086053	Rhizoctonia solani AG-3 TB	biotic	field	single_pathogen_focus
SRR20324141	SAMN29390810	species	0	0	no	1086053	Rhizoctonia solani AG-3 TB	biotic	field	single_pathogen_focus
SRR20324141	SAMN29390810	genus	0	0	no	1086053	Rhizoctonia solani AG-3 TB	biotic	field	single_pathogen_focus
SRR20324142	SAMN29390809	species	0	0	no	1086053	Rhizoctonia solani AG-3 TB	biotic	field	single_pathogen_focus
SRR20324142	SAMN29390809	genus	0	0	no	1086053	Rhizoctonia solani AG-3 TB	biotic	field	single_pathogen_focus
SRR20324143	SAMN29390808	species	0	0	no	1086053	Rhizoctonia solani AG-3 TB	biotic	field	single_pathogen_focus
SRR20324143	SAMN29390808	genus	0	0	no	1086053	Rhizoctonia solani AG-3 TB	biotic	field	single_pathogen_focus
SRR20324144	SAMN29390807	species	0	0	no	1086053	Rhizoctonia solani AG-3 TB	biotic	field	single_pathogen_focus
SRR20324144	SAMN29390807	genus	0	0	no	1086053	Rhizoctonia solani AG-3 TB	biotic	field	single_pathogen_focus
SRR20324145	SAMN29390806	species	0	0	no	1086053	Rhizoctonia solani AG-3 TB	biotic	field	single_pathogen_focus
SRR20324145	SAMN29390806	genus	0	0	no	1086053	Rhizoctonia solani AG-3 TB	biotic	field	single_pathogen_focus
SRR20324146	SAMN29390805	species	0	0	no	1086053	Rhizoctonia solani AG-3 TB	biotic	field	single_pathogen_focus
SRR20324146	SAMN29390805	genus	0	0	no	1086053	Rhizoctonia solani AG-3 TB	biotic	field	single_pathogen_focus
SRR20324148	SAMN29390804	species	0	0	no	1086053	Rhizoctonia solani AG-3 TB	biotic	field	single_pathogen_focus
SRR20324148	SAMN29390804	genus	0	0	no	1086053	Rhizoctonia solani AG-3 TB	biotic	field	single_pathogen_focus
SRR20324149	SAMN29390803	species	0	0	no	1086053	Rhizoctonia solani AG-3 TB	biotic	field	single_pathogen_focus
SRR20324149	SAMN29390803	genus	0	0	no	1086053	Rhizoctonia solani AG-3 TB	biotic	field	single_pathogen_focus
SRR20695271	SAMN30025543	species	1	0	no	27334,60169	Penicillium expansum; Penicillium polonicum	biotic	field	single_pathogen_focus
SRR20695271	SAMN30025543	genus	0	0	no	27334,60169	Penicillium expansum; Penicillium polonicum	biotic	field	single_pathogen_focus
SRR20695272	SAMN30025544	species	1	0	no	27334,60169	Penicillium expansum; Penicillium polonicum	biotic	field	single_pathogen_focus
SRR20695272	SAMN30025544	genus	0	0	no	27334,60169	Penicillium expansum; Penicillium polonicum	biotic	field	single_pathogen_focus
SRR20695273	SAMN30025545	species	1	0	no	27334,60169	Penicillium expansum; Penicillium polonicum	biotic	field	single_pathogen_focus
SRR20695273	SAMN30025545	genus	0	0	no	27334,60169	Penicillium expansum; Penicillium polonicum	biotic	field	single_pathogen_focus
SRR20695274	SAMN30025546	species	1	0	no	27334,60169	Penicillium expansum; Penicillium polonicum	biotic	field	single_pathogen_focus
SRR20695274	SAMN30025546	genus	0	0	no	27334,60169	Penicillium expansum; Penicillium polonicum	biotic	field	single_pathogen_focus
SRR20999593	SAMN29989406	species	4	4	yes			abiotic	field	not_disease_focused
SRR20999593	SAMN29989406	genus	0	0	no			abiotic	field	not_disease_focused
SRR20999595	SAMN29989414	species	1	1	no			abiotic	field	not_disease_focused
SRR20999595	SAMN29989414	genus	0	0	no			abiotic	field	not_disease_focused
SRR20999596	SAMN29989413	species	3	3	yes			abiotic	field	not_disease_focused
SRR20999596	SAMN29989413	genus	0	0	no			abiotic	field	not_disease_focused
SRR20999602	SAMN29989408	species	5	5	yes			abiotic	field	not_disease_focused
SRR20999602	SAMN29989408	genus	0	0	no			abiotic	field	not_disease_focused
SRR21195556	SAMN30451169	species	3	3	yes		C. asianum; C. fructicola; C. siamense; C. gloeosporioides; C. musae; C. cordylinicola; C. higginsianum; C. gigasporum; C. scovillei; C. lentis; C. endophytica; C. destructivum; C. acutatum; C. sp. JS-367; C. tropicale	biotic	field	single_pathogen_focus
SRR21195556	SAMN30451169	genus	0	0	no		C. asianum; C. fructicola; C. siamense; C. gloeosporioides; C. musae; C. cordylinicola; C. higginsianum; C. gigasporum; C. scovillei; C. lentis; C. endophytica; C. destructivum; C. acutatum; C. sp. JS-367; C. tropicale	biotic	field	single_pathogen_focus
SRR21195557	SAMN30451169	species	3	3	yes		C. asianum; C. fructicola; C. siamense; C. gloeosporioides; C. musae; C. cordylinicola; C. higginsianum; C. gigasporum; C. scovillei; C. lentis; C. endophytica; C. destructivum; C. acutatum; C. sp. JS-367; C. tropicale	biotic	field	single_pathogen_focus
SRR21195557	SAMN30451169	genus	0	0	no		C. asianum; C. fructicola; C. siamense; C. gloeosporioides; C. musae; C. cordylinicola; C. higginsianum; C. gigasporum; C. scovillei; C. lentis; C. endophytica; C. destructivum; C. acutatum; C. sp. JS-367; C. tropicale	biotic	field	single_pathogen_focus
SRR21195559	SAMN30451169	species	3	3	yes		C. asianum; C. fructicola; C. siamense; C. gloeosporioides; C. musae; C. cordylinicola; C. higginsianum; C. gigasporum; C. scovillei; C. lentis; C. endophytica; C. destructivum; C. acutatum; C. sp. JS-367; C. tropicale	biotic	field	single_pathogen_focus
SRR21195559	SAMN30451169	genus	0	0	no		C. asianum; C. fructicola; C. siamense; C. gloeosporioides; C. musae; C. cordylinicola; C. higginsianum; C. gigasporum; C. scovillei; C. lentis; C. endophytica; C. destructivum; C. acutatum; C. sp. JS-367; C. tropicale	biotic	field	single_pathogen_focus
SRR21195560	SAMN30451168	species	3	3	yes		C. asianum; C. fructicola; C. siamense; C. gloeosporioides; C. musae; C. cordylinicola; C. higginsianum; C. gigasporum; C. scovillei; C. lentis; C. endophytica; C. destructivum; C. acutatum; C. sp. JS-367; C. tropicale	biotic	field	single_pathogen_focus
SRR21195560	SAMN30451168	genus	0	0	no		C. asianum; C. fructicola; C. siamense; C. gloeosporioides; C. musae; C. cordylinicola; C. higginsianum; C. gigasporum; C. scovillei; C. lentis; C. endophytica; C. destructivum; C. acutatum; C. sp. JS-367; C. tropicale	biotic	field	single_pathogen_focus
SRR21195561	SAMN30451168	species	3	3	yes		C. asianum; C. fructicola; C. siamense; C. gloeosporioides; C. musae; C. cordylinicola; C. higginsianum; C. gigasporum; C. scovillei; C. lentis; C. endophytica; C. destructivum; C. acutatum; C. sp. JS-367; C. tropicale	biotic	field	single_pathogen_focus
SRR21195561	SAMN30451168	genus	0	0	no		C. asianum; C. fructicola; C. siamense; C. gloeosporioides; C. musae; C. cordylinicola; C. higginsianum; C. gigasporum; C. scovillei; C. lentis; C. endophytica; C. destructivum; C. acutatum; C. sp. JS-367; C. tropicale	biotic	field	single_pathogen_focus
SRR21195562	SAMN30451168	species	3	3	yes		C. asianum; C. fructicola; C. siamense; C. gloeosporioides; C. musae; C. cordylinicola; C. higginsianum; C. gigasporum; C. scovillei; C. lentis; C. endophytica; C. destructivum; C. acutatum; C. sp. JS-367; C. tropicale	biotic	field	single_pathogen_focus
SRR21195562	SAMN30451168	genus	0	0	no		C. asianum; C. fructicola; C. siamense; C. gloeosporioides; C. musae; C. cordylinicola; C. higginsianum; C. gigasporum; C. scovillei; C. lentis; C. endophytica; C. destructivum; C. acutatum; C. sp. JS-367; C. tropicale	biotic	field	single_pathogen_focus
SRR21195563	SAMN30451167	species	3	3	yes		C. asianum; C. fructicola; C. siamense; C. gloeosporioides; C. musae; C. cordylinicola; C. higginsianum; C. gigasporum; C. scovillei; C. lentis; C. endophytica; C. destructivum; C. acutatum; C. sp. JS-367; C. tropicale	biotic	field	single_pathogen_focus
SRR21195563	SAMN30451167	genus	0	0	no		C. asianum; C. fructicola; C. siamense; C. gloeosporioides; C. musae; C. cordylinicola; C. higginsianum; C. gigasporum; C. scovillei; C. lentis; C. endophytica; C. destructivum; C. acutatum; C. sp. JS-367; C. tropicale	biotic	field	single_pathogen_focus
SRR21195564	SAMN30451167	species	2	2	yes		C. asianum; C. fructicola; C. siamense; C. gloeosporioides; C. musae; C. cordylinicola; C. higginsianum; C. gigasporum; C. scovillei; C. lentis; C. endophytica; C. destructivum; C. acutatum; C. sp. JS-367; C. tropicale	biotic	field	single_pathogen_focus
SRR21195564	SAMN30451167	genus	0	0	no		C. asianum; C. fructicola; C. siamense; C. gloeosporioides; C. musae; C. cordylinicola; C. higginsianum; C. gigasporum; C. scovillei; C. lentis; C. endophytica; C. destructivum; C. acutatum; C. sp. JS-367; C. tropicale	biotic	field	single_pathogen_focus
SRR21195565	SAMN30451167	species	3	3	yes		C. asianum; C. fructicola; C. siamense; C. gloeosporioides; C. musae; C. cordylinicola; C. higginsianum; C. gigasporum; C. scovillei; C. lentis; C. endophytica; C. destructivum; C. acutatum; C. sp. JS-367; C. tropicale	biotic	field	single_pathogen_focus
SRR21195565	SAMN30451167	genus	0	0	no		C. asianum; C. fructicola; C. siamense; C. gloeosporioides; C. musae; C. cordylinicola; C. higginsianum; C. gigasporum; C. scovillei; C. lentis; C. endophytica; C. destructivum; C. acutatum; C. sp. JS-367; C. tropicale	biotic	field	single_pathogen_focus
SRR21195566	SAMN30451166	species	1	1	no		C. asianum; C. fructicola; C. siamense; C. gloeosporioides; C. musae; C. cordylinicola; C. higginsianum; C. gigasporum; C. scovillei; C. lentis; C. endophytica; C. destructivum; C. acutatum; C. sp. JS-367; C. tropicale	biotic	field	single_pathogen_focus
SRR21195566	SAMN30451166	genus	0	0	no		C. asianum; C. fructicola; C. siamense; C. gloeosporioides; C. musae; C. cordylinicola; C. higginsianum; C. gigasporum; C. scovillei; C. lentis; C. endophytica; C. destructivum; C. acutatum; C. sp. JS-367; C. tropicale	biotic	field	single_pathogen_focus
SRR21195567	SAMN30451166	species	2	2	yes		C. asianum; C. fructicola; C. siamense; C. gloeosporioides; C. musae; C. cordylinicola; C. higginsianum; C. gigasporum; C. scovillei; C. lentis; C. endophytica; C. destructivum; C. acutatum; C. sp. JS-367; C. tropicale	biotic	field	single_pathogen_focus
SRR21195567	SAMN30451166	genus	0	0	no		C. asianum; C. fructicola; C. siamense; C. gloeosporioides; C. musae; C. cordylinicola; C. higginsianum; C. gigasporum; C. scovillei; C. lentis; C. endophytica; C. destructivum; C. acutatum; C. sp. JS-367; C. tropicale	biotic	field	single_pathogen_focus
SRR21195568	SAMN30451166	species	1	1	no		C. asianum; C. fructicola; C. siamense; C. gloeosporioides; C. musae; C. cordylinicola; C. higginsianum; C. gigasporum; C. scovillei; C. lentis; C. endophytica; C. destructivum; C. acutatum; C. sp. JS-367; C. tropicale	biotic	field	single_pathogen_focus
SRR21195568	SAMN30451166	genus	0	0	no		C. asianum; C. fructicola; C. siamense; C. gloeosporioides; C. musae; C. cordylinicola; C. higginsianum; C. gigasporum; C. scovillei; C. lentis; C. endophytica; C. destructivum; C. acutatum; C. sp. JS-367; C. tropicale	biotic	field	single_pathogen_focus
SRR21195570	SAMN30451165	species	5	5	yes		C. asianum; C. fructicola; C. siamense; C. gloeosporioides; C. musae; C. cordylinicola; C. higginsianum; C. gigasporum; C. scovillei; C. lentis; C. endophytica; C. destructivum; C. acutatum; C. sp. JS-367; C. tropicale	biotic	field	single_pathogen_focus
SRR21195570	SAMN30451165	genus	0	0	no		C. asianum; C. fructicola; C. siamense; C. gloeosporioides; C. musae; C. cordylinicola; C. higginsianum; C. gigasporum; C. scovillei; C. lentis; C. endophytica; C. destructivum; C. acutatum; C. sp. JS-367; C. tropicale	biotic	field	single_pathogen_focus
SRR21195571	SAMN30451165	species	6	6	yes		C. asianum; C. fructicola; C. siamense; C. gloeosporioides; C. musae; C. cordylinicola; C. higginsianum; C. gigasporum; C. scovillei; C. lentis; C. endophytica; C. destructivum; C. acutatum; C. sp. JS-367; C. tropicale	biotic	field	single_pathogen_focus
SRR21195571	SAMN30451165	genus	0	0	no		C. asianum; C. fructicola; C. siamense; C. gloeosporioides; C. musae; C. cordylinicola; C. higginsianum; C. gigasporum; C. scovillei; C. lentis; C. endophytica; C. destructivum; C. acutatum; C. sp. JS-367; C. tropicale	biotic	field	single_pathogen_focus
SRR21195572	SAMN30451165	species	6	6	yes		C. asianum; C. fructicola; C. siamense; C. gloeosporioides; C. musae; C. cordylinicola; C. higginsianum; C. gigasporum; C. scovillei; C. lentis; C. endophytica; C. destructivum; C. acutatum; C. sp. JS-367; C. tropicale	biotic	field	single_pathogen_focus
SRR21195572	SAMN30451165	genus	0	0	no		C. asianum; C. fructicola; C. siamense; C. gloeosporioides; C. musae; C. cordylinicola; C. higginsianum; C. gigasporum; C. scovillei; C. lentis; C. endophytica; C. destructivum; C. acutatum; C. sp. JS-367; C. tropicale	biotic	field	single_pathogen_focus
SRR21195573	SAMN30451164	species	4	4	yes		C. asianum; C. fructicola; C. siamense; C. gloeosporioides; C. musae; C. cordylinicola; C. higginsianum; C. gigasporum; C. scovillei; C. lentis; C. endophytica; C. destructivum; C. acutatum; C. sp. JS-367; C. tropicale	biotic	field	single_pathogen_focus
SRR21195573	SAMN30451164	genus	0	0	no		C. asianum; C. fructicola; C. siamense; C. gloeosporioides; C. musae; C. cordylinicola; C. higginsianum; C. gigasporum; C. scovillei; C. lentis; C. endophytica; C. destructivum; C. acutatum; C. sp. JS-367; C. tropicale	biotic	field	single_pathogen_focus
SRR21195574	SAMN30451164	species	3	3	yes		C. asianum; C. fructicola; C. siamense; C. gloeosporioides; C. musae; C. cordylinicola; C. higginsianum; C. gigasporum; C. scovillei; C. lentis; C. endophytica; C. destructivum; C. acutatum; C. sp. JS-367; C. tropicale	biotic	field	single_pathogen_focus
SRR21195574	SAMN30451164	genus	0	0	no		C. asianum; C. fructicola; C. siamense; C. gloeosporioides; C. musae; C. cordylinicola; C. higginsianum; C. gigasporum; C. scovillei; C. lentis; C. endophytica; C. destructivum; C. acutatum; C. sp. JS-367; C. tropicale	biotic	field	single_pathogen_focus
SRR21195575	SAMN30451164	species	3	3	yes		C. asianum; C. fructicola; C. siamense; C. gloeosporioides; C. musae; C. cordylinicola; C. higginsianum; C. gigasporum; C. scovillei; C. lentis; C. endophytica; C. destructivum; C. acutatum; C. sp. JS-367; C. tropicale	biotic	field	single_pathogen_focus
SRR21195575	SAMN30451164	genus	0	0	no		C. asianum; C. fructicola; C. siamense; C. gloeosporioides; C. musae; C. cordylinicola; C. higginsianum; C. gigasporum; C. scovillei; C. lentis; C. endophytica; C. destructivum; C. acutatum; C. sp. JS-367; C. tropicale	biotic	field	single_pathogen_focus
SRR21195576	SAMN30451163	species	0	0	no		C. asianum; C. fructicola; C. siamense; C. gloeosporioides; C. musae; C. cordylinicola; C. higginsianum; C. gigasporum; C. scovillei; C. lentis; C. endophytica; C. destructivum; C. acutatum; C. sp. JS-367; C. tropicale	biotic	field	single_pathogen_focus
SRR21195576	SAMN30451163	genus	0	0	no		C. asianum; C. fructicola; C. siamense; C. gloeosporioides; C. musae; C. cordylinicola; C. higginsianum; C. gigasporum; C. scovillei; C. lentis; C. endophytica; C. destructivum; C. acutatum; C. sp. JS-367; C. tropicale	biotic	field	single_pathogen_focus
SRR21195577	SAMN30451163	species	1	1	no		C. asianum; C. fructicola; C. siamense; C. gloeosporioides; C. musae; C. cordylinicola; C. higginsianum; C. gigasporum; C. scovillei; C. lentis; C. endophytica; C. destructivum; C. acutatum; C. sp. JS-367; C. tropicale	biotic	field	single_pathogen_focus
SRR21195577	SAMN30451163	genus	0	0	no		C. asianum; C. fructicola; C. siamense; C. gloeosporioides; C. musae; C. cordylinicola; C. higginsianum; C. gigasporum; C. scovillei; C. lentis; C. endophytica; C. destructivum; C. acutatum; C. sp. JS-367; C. tropicale	biotic	field	single_pathogen_focus
SRR21195578	SAMN30451163	species	0	0	no		C. asianum; C. fructicola; C. siamense; C. gloeosporioides; C. musae; C. cordylinicola; C. higginsianum; C. gigasporum; C. scovillei; C. lentis; C. endophytica; C. destructivum; C. acutatum; C. sp. JS-367; C. tropicale	biotic	field	single_pathogen_focus
SRR21195578	SAMN30451163	genus	0	0	no		C. asianum; C. fructicola; C. siamense; C. gloeosporioides; C. musae; C. cordylinicola; C. higginsianum; C. gigasporum; C. scovillei; C. lentis; C. endophytica; C. destructivum; C. acutatum; C. sp. JS-367; C. tropicale	biotic	field	single_pathogen_focus
SRR21195579	SAMN30451162	species	3	3	yes		C. asianum; C. fructicola; C. siamense; C. gloeosporioides; C. musae; C. cordylinicola; C. higginsianum; C. gigasporum; C. scovillei; C. lentis; C. endophytica; C. destructivum; C. acutatum; C. sp. JS-367; C. tropicale	biotic	field	single_pathogen_focus
SRR21195579	SAMN30451162	genus	0	0	no		C. asianum; C. fructicola; C. siamense; C. gloeosporioides; C. musae; C. cordylinicola; C. higginsianum; C. gigasporum; C. scovillei; C. lentis; C. endophytica; C. destructivum; C. acutatum; C. sp. JS-367; C. tropicale	biotic	field	single_pathogen_focus
SRR21195581	SAMN30451162	species	3	3	yes		C. asianum; C. fructicola; C. siamense; C. gloeosporioides; C. musae; C. cordylinicola; C. higginsianum; C. gigasporum; C. scovillei; C. lentis; C. endophytica; C. destructivum; C. acutatum; C. sp. JS-367; C. tropicale	biotic	field	single_pathogen_focus
SRR21195581	SAMN30451162	genus	0	0	no		C. asianum; C. fructicola; C. siamense; C. gloeosporioides; C. musae; C. cordylinicola; C. higginsianum; C. gigasporum; C. scovillei; C. lentis; C. endophytica; C. destructivum; C. acutatum; C. sp. JS-367; C. tropicale	biotic	field	single_pathogen_focus
SRR21195582	SAMN30451162	species	2	2	yes		C. asianum; C. fructicola; C. siamense; C. gloeosporioides; C. musae; C. cordylinicola; C. higginsianum; C. gigasporum; C. scovillei; C. lentis; C. endophytica; C. destructivum; C. acutatum; C. sp. JS-367; C. tropicale	biotic	field	single_pathogen_focus
SRR21195582	SAMN30451162	genus	0	0	no		C. asianum; C. fructicola; C. siamense; C. gloeosporioides; C. musae; C. cordylinicola; C. higginsianum; C. gigasporum; C. scovillei; C. lentis; C. endophytica; C. destructivum; C. acutatum; C. sp. JS-367; C. tropicale	biotic	field	single_pathogen_focus
SRR2170109	SAMN03997060	species	1	0	no	5518	Fusarium graminearum	biotic	field	single_pathogen_focus
SRR2170109	SAMN03997060	genus	0	0	no	5518	Fusarium graminearum	biotic	field	single_pathogen_focus
SRR2170110	SAMN03997061	species	1	0	no	5518	Fusarium graminearum	biotic	field	single_pathogen_focus
SRR2170110	SAMN03997061	genus	0	0	no	5518	Fusarium graminearum	biotic	field	single_pathogen_focus
SRR2170111	SAMN03997062	species	1	0	no	5518	Fusarium graminearum	biotic	field	single_pathogen_focus
SRR2170111	SAMN03997062	genus	0	0	no	5518	Fusarium graminearum	biotic	field	single_pathogen_focus
SRR21796861	SAMN31143201	species	1	0	no	456999	Rhizoctonia solani	biotic	field	single_pathogen_focus
SRR21796861	SAMN31143201	genus	0	0	no	456999	Rhizoctonia solani	biotic	field	single_pathogen_focus
SRR21796863	SAMN31143199	species	1	0	no	456999	Rhizoctonia solani	biotic	field	single_pathogen_focus
SRR21796863	SAMN31143199	genus	0	0	no	456999	Rhizoctonia solani	biotic	field	single_pathogen_focus
SRR21796864	SAMN31143198	species	1	0	no	456999	Rhizoctonia solani	biotic	field	single_pathogen_focus
SRR21796864	SAMN31143198	genus	0	0	no	456999	Rhizoctonia solani	biotic	field	single_pathogen_focus
SRR21796865	SAMN31143197	species	1	0	no	456999	Rhizoctonia solani	biotic	field	single_pathogen_focus
SRR21796865	SAMN31143197	genus	0	0	no	456999	Rhizoctonia solani	biotic	field	single_pathogen_focus
SRR21796867	SAMN31143211	species	1	0	no	456999	Rhizoctonia solani	biotic	field	single_pathogen_focus
SRR21796867	SAMN31143211	genus	0	0	no	456999	Rhizoctonia solani	biotic	field	single_pathogen_focus
SRR21796868	SAMN31143210	species	1	0	no	456999	Rhizoctonia solani	biotic	field	single_pathogen_focus
SRR21796868	SAMN31143210	genus	0	0	no	456999	Rhizoctonia solani	biotic	field	single_pathogen_focus
SRR21796869	SAMN31143209	species	1	0	no	456999	Rhizoctonia solani	biotic	field	single_pathogen_focus
SRR21796869	SAMN31143209	genus	0	0	no	456999	Rhizoctonia solani	biotic	field	single_pathogen_focus
SRR2185181	SAMN04012971	species	1	0	no	31870	Colletotrichum graminicola	biotic	field	single_pathogen_focus
SRR2185181	SAMN04012971	genus	0	0	no	31870	Colletotrichum graminicola	biotic	field	single_pathogen_focus
SRR2185182	SAMN04012972	species	1	0	no	31870	Colletotrichum graminicola	biotic	field	single_pathogen_focus
SRR2185182	SAMN04012972	genus	0	0	no	31870	Colletotrichum graminicola	biotic	field	single_pathogen_focus
SRR2185183	SAMN04012973	species	1	0	no	31870	Colletotrichum graminicola	biotic	field	single_pathogen_focus
SRR2185183	SAMN04012973	genus	0	0	no	31870	Colletotrichum graminicola	biotic	field	single_pathogen_focus
SRR2185184	SAMN04012974	species	1	0	no	31870	Colletotrichum graminicola	biotic	field	single_pathogen_focus
SRR2185184	SAMN04012974	genus	0	0	no	31870	Colletotrichum graminicola	biotic	field	single_pathogen_focus
SRR2185185	SAMN04012975	species	1	0	no	31870	Colletotrichum graminicola	biotic	field	single_pathogen_focus
SRR2185185	SAMN04012975	genus	0	0	no	31870	Colletotrichum graminicola	biotic	field	single_pathogen_focus
SRR2185186	SAMN04012976	species	1	0	no	31870	Colletotrichum graminicola	biotic	field	single_pathogen_focus
SRR2185186	SAMN04012976	genus	0	0	no	31870	Colletotrichum graminicola	biotic	field	single_pathogen_focus
SRR2185187	SAMN04012977	species	1	0	no	31870	Colletotrichum graminicola	biotic	field	single_pathogen_focus
SRR2185187	SAMN04012977	genus	0	0	no	31870	Colletotrichum graminicola	biotic	field	single_pathogen_focus
SRR2185190	SAMN04012980	species	1	0	no	31870	Colletotrichum graminicola	biotic	field	single_pathogen_focus
SRR2185190	SAMN04012980	genus	0	0	no	31870	Colletotrichum graminicola	biotic	field	single_pathogen_focus
SRR2185191	SAMN04012981	species	1	0	no	31870	Colletotrichum graminicola	biotic	field	single_pathogen_focus
SRR2185191	SAMN04012981	genus	0	0	no	31870	Colletotrichum graminicola	biotic	field	single_pathogen_focus
SRR21997280	SAMN31395519	species	4	4	yes	6326	Bursaphelenchus xylophilus	biotic	field	single_pathogen_focus
SRR21997280	SAMN31395519	genus	0	0	no	6326	Bursaphelenchus xylophilus	biotic	field	single_pathogen_focus
SRR21997284	SAMN31395516	species	2	2	yes	6326	Bursaphelenchus xylophilus	biotic	field	single_pathogen_focus
SRR21997284	SAMN31395516	genus	0	0	no	6326	Bursaphelenchus xylophilus	biotic	field	single_pathogen_focus
SRR22139838	SAMN31571470	species	0	0	no	2052685	citrus leprosis virus C2; citrus leprosis virus C2 hibiscus strain 2	biotic	field	intentional_multi_pathogen
SRR22139838	SAMN31571470	genus	0	0	no	2052685	citrus leprosis virus C2; citrus leprosis virus C2 hibiscus strain 2	biotic	field	intentional_multi_pathogen
SRR22139839	SAMN31571469	species	0	0	no	2052685	citrus leprosis virus C2; citrus leprosis virus C2 hibiscus strain 2	biotic	field	intentional_multi_pathogen
SRR22139839	SAMN31571469	genus	0	0	no	2052685	citrus leprosis virus C2; citrus leprosis virus C2 hibiscus strain 2	biotic	field	intentional_multi_pathogen
SRR22139841	SAMN31571467	species	0	0	no	2052685	citrus leprosis virus C2; citrus leprosis virus C2 hibiscus strain 2	biotic	field	intentional_multi_pathogen
SRR22139841	SAMN31571467	genus	0	0	no	2052685	citrus leprosis virus C2; citrus leprosis virus C2 hibiscus strain 2	biotic	field	intentional_multi_pathogen
SRR22139842	SAMN31571466	species	0	0	no	2052685	citrus leprosis virus C2; citrus leprosis virus C2 hibiscus strain 2	biotic	field	intentional_multi_pathogen
SRR22139842	SAMN31571466	genus	0	0	no	2052685	citrus leprosis virus C2; citrus leprosis virus C2 hibiscus strain 2	biotic	field	intentional_multi_pathogen
SRR22139843	SAMN31571465	species	1	1	no	2052685	citrus leprosis virus C2; citrus leprosis virus C2 hibiscus strain 2	biotic	field	intentional_multi_pathogen
SRR22139843	SAMN31571465	genus	0	0	no	2052685	citrus leprosis virus C2; citrus leprosis virus C2 hibiscus strain 2	biotic	field	intentional_multi_pathogen
SRR22139844	SAMN31571464	species	0	0	no	2052685	citrus leprosis virus C2; citrus leprosis virus C2 hibiscus strain 2	biotic	field	intentional_multi_pathogen
SRR22139844	SAMN31571464	genus	0	0	no	2052685	citrus leprosis virus C2; citrus leprosis virus C2 hibiscus strain 2	biotic	field	intentional_multi_pathogen
SRR22139846	SAMN31571471	species	0	0	no	2052685	citrus leprosis virus C2; citrus leprosis virus C2 hibiscus strain 2	biotic	field	intentional_multi_pathogen
SRR22139846	SAMN31571471	genus	0	0	no	2052685	citrus leprosis virus C2; citrus leprosis virus C2 hibiscus strain 2	biotic	field	intentional_multi_pathogen
SRR22139847	SAMN31571462	species	0	0	no	2052685	citrus leprosis virus C2; citrus leprosis virus C2 hibiscus strain 2	biotic	field	intentional_multi_pathogen
SRR22139847	SAMN31571462	genus	0	0	no	2052685	citrus leprosis virus C2; citrus leprosis virus C2 hibiscus strain 2	biotic	field	intentional_multi_pathogen
SRR22139848	SAMN31571461	species	0	0	no	2052685	citrus leprosis virus C2; citrus leprosis virus C2 hibiscus strain 2	biotic	field	intentional_multi_pathogen
SRR22139848	SAMN31571461	genus	0	0	no	2052685	citrus leprosis virus C2; citrus leprosis virus C2 hibiscus strain 2	biotic	field	intentional_multi_pathogen
SRR22142917	SAMN31559020	species	17	17	yes			abiotic	field	not_disease_focused
SRR22142917	SAMN31559020	genus	0	0	no			abiotic	field	not_disease_focused
SRR22142919	SAMN31559019	species	17	17	yes			abiotic	field	not_disease_focused
SRR22142919	SAMN31559019	genus	0	0	no			abiotic	field	not_disease_focused
SRR22142944	SAMN31558996	species	13	13	yes			abiotic	field	not_disease_focused
SRR22142944	SAMN31558996	genus	0	0	no			abiotic	field	not_disease_focused
SRR22142976	SAMN31558967	species	7	7	yes			abiotic	field	not_disease_focused
SRR22142976	SAMN31558967	genus	0	0	no			abiotic	field	not_disease_focused
SRR22142977	SAMN31558966	species	12	12	yes			abiotic	field	not_disease_focused
SRR22142977	SAMN31558966	genus	0	0	no			abiotic	field	not_disease_focused
SRR22142978	SAMN31558965	species	5	5	yes			abiotic	field	not_disease_focused
SRR22142978	SAMN31558965	genus	0	0	no			abiotic	field	not_disease_focused
SRR22540857	SAMN32063315	species	1	0	no	5180	Sclerotinia sclerotiorum	biotic	field	single_pathogen_focus
SRR22540857	SAMN32063315	genus	0	0	no	5180	Sclerotinia sclerotiorum	biotic	field	single_pathogen_focus
SRR22540858	SAMN32063316	species	1	0	no	5180	Sclerotinia sclerotiorum	biotic	field	single_pathogen_focus
SRR22540858	SAMN32063316	genus	0	0	no	5180	Sclerotinia sclerotiorum	biotic	field	single_pathogen_focus
SRR22540859	SAMN32063317	species	1	0	no	5180	Sclerotinia sclerotiorum	biotic	field	single_pathogen_focus
SRR22540859	SAMN32063317	genus	0	0	no	5180	Sclerotinia sclerotiorum	biotic	field	single_pathogen_focus
SRR22540860	SAMN32063318	species	1	0	no	5180	Sclerotinia sclerotiorum	biotic	field	single_pathogen_focus
SRR22540860	SAMN32063318	genus	0	0	no	5180	Sclerotinia sclerotiorum	biotic	field	single_pathogen_focus
SRR22540861	SAMN32063319	species	1	0	no	5180	Sclerotinia sclerotiorum	biotic	field	single_pathogen_focus
SRR22540861	SAMN32063319	genus	0	0	no	5180	Sclerotinia sclerotiorum	biotic	field	single_pathogen_focus
SRR22540862	SAMN32063320	species	1	0	no	5180	Sclerotinia sclerotiorum	biotic	field	single_pathogen_focus
SRR22540862	SAMN32063320	genus	0	0	no	5180	Sclerotinia sclerotiorum	biotic	field	single_pathogen_focus
SRR22975695	SAMN32579813	species	1	0	no	456999	Rhizoctonia solani	biotic	field	single_pathogen_focus
SRR22975695	SAMN32579813	genus	0	0	no	456999	Rhizoctonia solani	biotic	field	single_pathogen_focus
SRR22975696	SAMN32579812	species	1	0	no	456999	Rhizoctonia solani	biotic	field	single_pathogen_focus
SRR22975696	SAMN32579812	genus	0	0	no	456999	Rhizoctonia solani	biotic	field	single_pathogen_focus
SRR22975697	SAMN32579811	species	1	0	no	456999	Rhizoctonia solani	biotic	field	single_pathogen_focus
SRR22975697	SAMN32579811	genus	0	0	no	456999	Rhizoctonia solani	biotic	field	single_pathogen_focus
SRR22975698	SAMN32579810	species	1	0	no	456999	Rhizoctonia solani	biotic	field	single_pathogen_focus
SRR22975698	SAMN32579810	genus	0	0	no	456999	Rhizoctonia solani	biotic	field	single_pathogen_focus
SRR22975703	SAMN32579815	species	1	0	no	456999	Rhizoctonia solani	biotic	field	single_pathogen_focus
SRR22975703	SAMN32579815	genus	0	0	no	456999	Rhizoctonia solani	biotic	field	single_pathogen_focus
SRR22975704	SAMN32579814	species	1	0	no	456999	Rhizoctonia solani	biotic	field	single_pathogen_focus
SRR22975704	SAMN32579814	genus	0	0	no	456999	Rhizoctonia solani	biotic	field	single_pathogen_focus
SRR23292911	SAMN31890887	species	2	2	yes			abiotic	field	not_disease_focused
SRR23292911	SAMN31890887	genus	0	0	no			abiotic	field	not_disease_focused
SRR23450840	SAMN33281546	species	1	0	no	474922	Colletotrichum gloeosporioides; Glomerella cingulata	biotic	field	single_pathogen_focus
SRR23450840	SAMN33281546	genus	0	0	no	474922	Colletotrichum gloeosporioides; Glomerella cingulata	biotic	field	single_pathogen_focus
SRR23704262	SAMN33442894	species	1	1	no	168172	Puccinia striiformis f. sp. tritici	biotic	field	single_pathogen_focus
SRR23704262	SAMN33442894	genus	0	0	no	168172	Puccinia striiformis f. sp. tritici	biotic	field	single_pathogen_focus
SRR23704263	SAMN33442893	species	1	1	no	168172	Puccinia striiformis f. sp. tritici	biotic	field	single_pathogen_focus
SRR23704263	SAMN33442893	genus	0	0	no	168172	Puccinia striiformis f. sp. tritici	biotic	field	single_pathogen_focus
SRR23704274	SAMN33442883	species	1	1	no	168172	Puccinia striiformis f. sp. tritici	biotic	field	single_pathogen_focus
SRR23704274	SAMN33442883	genus	0	0	no	168172	Puccinia striiformis f. sp. tritici	biotic	field	single_pathogen_focus
SRR23706857	SAMN33594074	species	3	2	yes	153609,221103	Moniliophthora roreri; Moniliophthora perniciosa	biotic	field	single_pathogen_focus
SRR23706857	SAMN33594074	genus	0	0	no	153609,221103	Moniliophthora roreri; Moniliophthora perniciosa	biotic	field	single_pathogen_focus
SRR23706858	SAMN33594073	species	5	4	yes	153609,221103	Moniliophthora roreri; Moniliophthora perniciosa	biotic	field	single_pathogen_focus
SRR23706858	SAMN33594073	genus	0	0	no	153609,221103	Moniliophthora roreri; Moniliophthora perniciosa	biotic	field	single_pathogen_focus
SRR23706859	SAMN33594072	species	5	4	yes	153609,221103	Moniliophthora roreri; Moniliophthora perniciosa	biotic	field	single_pathogen_focus
SRR23706859	SAMN33594072	genus	0	0	no	153609,221103	Moniliophthora roreri; Moniliophthora perniciosa	biotic	field	single_pathogen_focus
SRR23706860	SAMN33594071	species	1	0	no	153609,221103	Moniliophthora roreri; Moniliophthora perniciosa	biotic	field	single_pathogen_focus
SRR23706860	SAMN33594071	genus	0	0	no	153609,221103	Moniliophthora roreri; Moniliophthora perniciosa	biotic	field	single_pathogen_focus
SRR23706861	SAMN33594070	species	1	0	no	153609,221103	Moniliophthora roreri; Moniliophthora perniciosa	biotic	field	single_pathogen_focus
SRR23706861	SAMN33594070	genus	0	0	no	153609,221103	Moniliophthora roreri; Moniliophthora perniciosa	biotic	field	single_pathogen_focus
SRR23706863	SAMN33594069	species	2	1	yes	153609,221103	Moniliophthora roreri; Moniliophthora perniciosa	biotic	field	single_pathogen_focus
SRR23706863	SAMN33594069	genus	0	0	no	153609,221103	Moniliophthora roreri; Moniliophthora perniciosa	biotic	field	single_pathogen_focus
SRR23706864	SAMN33594068	species	1	0	no	153609,221103	Moniliophthora roreri; Moniliophthora perniciosa	biotic	field	single_pathogen_focus
SRR23706864	SAMN33594068	genus	0	0	no	153609,221103	Moniliophthora roreri; Moniliophthora perniciosa	biotic	field	single_pathogen_focus
SRR23706865	SAMN33594067	species	1	0	no	153609,221103	Moniliophthora roreri; Moniliophthora perniciosa	biotic	field	single_pathogen_focus
SRR23706865	SAMN33594067	genus	0	0	no	153609,221103	Moniliophthora roreri; Moniliophthora perniciosa	biotic	field	single_pathogen_focus
SRR23706866	SAMN33594066	species	1	0	no	153609,221103	Moniliophthora roreri; Moniliophthora perniciosa	biotic	field	single_pathogen_focus
SRR23706866	SAMN33594066	genus	0	0	no	153609,221103	Moniliophthora roreri; Moniliophthora perniciosa	biotic	field	single_pathogen_focus
SRR23706867	SAMN33594065	species	1	0	no	153609,221103	Moniliophthora roreri; Moniliophthora perniciosa	biotic	field	single_pathogen_focus
SRR23706867	SAMN33594065	genus	0	0	no	153609,221103	Moniliophthora roreri; Moniliophthora perniciosa	biotic	field	single_pathogen_focus
SRR23869857	SAMN33749281	species	0	0	no	12049,12197,12208,131083,193120,193121	turnip yellows virus; soybean dwarf virus; pea enation mosaic virus-1; pea enation mosaic virus-2; pea seed-borne mosaic virus; bean yellow mosaic virus; pea enation mosaic virus satellite RNA; turnip yellows virus associated RNA	biotic	field	intentional_multi_pathogen
SRR23869857	SAMN33749281	genus	0	0	no	12049,12197,12208,131083,193120,193121	turnip yellows virus; soybean dwarf virus; pea enation mosaic virus-1; pea enation mosaic virus-2; pea seed-borne mosaic virus; bean yellow mosaic virus; pea enation mosaic virus satellite RNA; turnip yellows virus associated RNA	biotic	field	intentional_multi_pathogen
SRR23869864	SAMN33749296	species	0	0	no	12049,12197,12208,131083,193120,193121	turnip yellows virus; soybean dwarf virus; pea enation mosaic virus-1; pea enation mosaic virus-2; pea seed-borne mosaic virus; bean yellow mosaic virus; pea enation mosaic virus satellite RNA; turnip yellows virus associated RNA	biotic	field	intentional_multi_pathogen
SRR23869864	SAMN33749296	genus	0	0	no	12049,12197,12208,131083,193120,193121	turnip yellows virus; soybean dwarf virus; pea enation mosaic virus-1; pea enation mosaic virus-2; pea seed-borne mosaic virus; bean yellow mosaic virus; pea enation mosaic virus satellite RNA; turnip yellows virus associated RNA	biotic	field	intentional_multi_pathogen
SRR23870001	SAMN33739635	species	0	0	no	12049,12197,12208,131083,193120,193121	turnip yellows virus; soybean dwarf virus; pea enation mosaic virus-1; pea enation mosaic virus-2; pea seed-borne mosaic virus; bean yellow mosaic virus; pea enation mosaic virus satellite RNA; turnip yellows virus associated RNA	biotic	field	intentional_multi_pathogen
SRR23870001	SAMN33739635	genus	0	0	no	12049,12197,12208,131083,193120,193121	turnip yellows virus; soybean dwarf virus; pea enation mosaic virus-1; pea enation mosaic virus-2; pea seed-borne mosaic virus; bean yellow mosaic virus; pea enation mosaic virus satellite RNA; turnip yellows virus associated RNA	biotic	field	intentional_multi_pathogen
SRR23870004	SAMN33739632	species	0	0	no	12049,12197,12208,131083,193120,193121	turnip yellows virus; soybean dwarf virus; pea enation mosaic virus-1; pea enation mosaic virus-2; pea seed-borne mosaic virus; bean yellow mosaic virus; pea enation mosaic virus satellite RNA; turnip yellows virus associated RNA	biotic	field	intentional_multi_pathogen
SRR23870004	SAMN33739632	genus	0	0	no	12049,12197,12208,131083,193120,193121	turnip yellows virus; soybean dwarf virus; pea enation mosaic virus-1; pea enation mosaic virus-2; pea seed-borne mosaic virus; bean yellow mosaic virus; pea enation mosaic virus satellite RNA; turnip yellows virus associated RNA	biotic	field	intentional_multi_pathogen
SRR23870012	SAMN33739637	species	0	0	no	12049,12197,12208,131083,193120,193121	turnip yellows virus; soybean dwarf virus; pea enation mosaic virus-1; pea enation mosaic virus-2; pea seed-borne mosaic virus; bean yellow mosaic virus; pea enation mosaic virus satellite RNA; turnip yellows virus associated RNA	biotic	field	intentional_multi_pathogen
SRR23870012	SAMN33739637	genus	0	0	no	12049,12197,12208,131083,193120,193121	turnip yellows virus; soybean dwarf virus; pea enation mosaic virus-1; pea enation mosaic virus-2; pea seed-borne mosaic virus; bean yellow mosaic virus; pea enation mosaic virus satellite RNA; turnip yellows virus associated RNA	biotic	field	intentional_multi_pathogen
SRR24010213	SAMN33975286	species	2	2	yes	168172	Puccinia striiformis f. sp. tritici	biotic	field	single_pathogen_focus
SRR24010213	SAMN33975286	genus	0	0	no	168172	Puccinia striiformis f. sp. tritici	biotic	field	single_pathogen_focus
SRR24010214	SAMN33975285	species	1	1	no	168172	Puccinia striiformis f. sp. tritici	biotic	field	single_pathogen_focus
SRR24010214	SAMN33975285	genus	0	0	no	168172	Puccinia striiformis f. sp. tritici	biotic	field	single_pathogen_focus
SRR24010215	SAMN33975284	species	2	2	yes	168172	Puccinia striiformis f. sp. tritici	biotic	field	single_pathogen_focus
SRR24010215	SAMN33975284	genus	0	0	no	168172	Puccinia striiformis f. sp. tritici	biotic	field	single_pathogen_focus
SRR24010216	SAMN33975283	species	2	2	yes	168172	Puccinia striiformis f. sp. tritici	biotic	field	single_pathogen_focus
SRR24010216	SAMN33975283	genus	0	0	no	168172	Puccinia striiformis f. sp. tritici	biotic	field	single_pathogen_focus
SRR24010217	SAMN33975282	species	1	1	no	168172	Puccinia striiformis f. sp. tritici	biotic	field	single_pathogen_focus
SRR24010217	SAMN33975282	genus	0	0	no	168172	Puccinia striiformis f. sp. tritici	biotic	field	single_pathogen_focus
SRR24010218	SAMN33975280	species	2	2	yes	168172	Puccinia striiformis f. sp. tritici	biotic	field	single_pathogen_focus
SRR24010218	SAMN33975280	genus	0	0	no	168172	Puccinia striiformis f. sp. tritici	biotic	field	single_pathogen_focus
SRR24010219	SAMN33975279	species	1	1	no	168172	Puccinia striiformis f. sp. tritici	biotic	field	single_pathogen_focus
SRR24010219	SAMN33975279	genus	0	0	no	168172	Puccinia striiformis f. sp. tritici	biotic	field	single_pathogen_focus
SRR24010220	SAMN33975277	species	1	1	no	168172	Puccinia striiformis f. sp. tritici	biotic	field	single_pathogen_focus
SRR24010220	SAMN33975277	genus	0	0	no	168172	Puccinia striiformis f. sp. tritici	biotic	field	single_pathogen_focus
SRR24010221	SAMN33975276	species	1	1	no	168172	Puccinia striiformis f. sp. tritici	biotic	field	single_pathogen_focus
SRR24010221	SAMN33975276	genus	0	0	no	168172	Puccinia striiformis f. sp. tritici	biotic	field	single_pathogen_focus
SRR24010222	SAMN33975274	species	1	1	no	168172	Puccinia striiformis f. sp. tritici	biotic	field	single_pathogen_focus
SRR24010222	SAMN33975274	genus	0	0	no	168172	Puccinia striiformis f. sp. tritici	biotic	field	single_pathogen_focus
SRR24010223	SAMN33975273	species	3	3	yes	168172	Puccinia striiformis f. sp. tritici	biotic	field	single_pathogen_focus
SRR24010223	SAMN33975273	genus	0	0	no	168172	Puccinia striiformis f. sp. tritici	biotic	field	single_pathogen_focus
SRR24010225	SAMN33975271	species	1	1	no	168172	Puccinia striiformis f. sp. tritici	biotic	field	single_pathogen_focus
SRR24010225	SAMN33975271	genus	0	0	no	168172	Puccinia striiformis f. sp. tritici	biotic	field	single_pathogen_focus
SRR24010226	SAMN33975270	species	1	1	no	168172	Puccinia striiformis f. sp. tritici	biotic	field	single_pathogen_focus
SRR24010226	SAMN33975270	genus	0	0	no	168172	Puccinia striiformis f. sp. tritici	biotic	field	single_pathogen_focus
SRR24010228	SAMN33975269	species	1	1	no	168172	Puccinia striiformis f. sp. tritici	biotic	field	single_pathogen_focus
SRR24010228	SAMN33975269	genus	0	0	no	168172	Puccinia striiformis f. sp. tritici	biotic	field	single_pathogen_focus
SRR24010229	SAMN33975268	species	1	1	no	168172	Puccinia striiformis f. sp. tritici	biotic	field	single_pathogen_focus
SRR24010229	SAMN33975268	genus	0	0	no	168172	Puccinia striiformis f. sp. tritici	biotic	field	single_pathogen_focus
SRR24010230	SAMN33975267	species	1	1	no	168172	Puccinia striiformis f. sp. tritici	biotic	field	single_pathogen_focus
SRR24010230	SAMN33975267	genus	0	0	no	168172	Puccinia striiformis f. sp. tritici	biotic	field	single_pathogen_focus
SRR24010231	SAMN33975266	species	1	1	no	168172	Puccinia striiformis f. sp. tritici	biotic	field	single_pathogen_focus
SRR24010231	SAMN33975266	genus	0	0	no	168172	Puccinia striiformis f. sp. tritici	biotic	field	single_pathogen_focus
SRR24010232	SAMN33975281	species	1	1	no	168172	Puccinia striiformis f. sp. tritici	biotic	field	single_pathogen_focus
SRR24010232	SAMN33975281	genus	0	0	no	168172	Puccinia striiformis f. sp. tritici	biotic	field	single_pathogen_focus
SRR24010233	SAMN33975265	species	2	2	yes	168172	Puccinia striiformis f. sp. tritici	biotic	field	single_pathogen_focus
SRR24010233	SAMN33975265	genus	0	0	no	168172	Puccinia striiformis f. sp. tritici	biotic	field	single_pathogen_focus
SRR24010234	SAMN33975264	species	1	1	no	168172	Puccinia striiformis f. sp. tritici	biotic	field	single_pathogen_focus
SRR24010234	SAMN33975264	genus	0	0	no	168172	Puccinia striiformis f. sp. tritici	biotic	field	single_pathogen_focus
SRR24010235	SAMN33975278	species	1	1	no	168172	Puccinia striiformis f. sp. tritici	biotic	field	single_pathogen_focus
SRR24010235	SAMN33975278	genus	0	0	no	168172	Puccinia striiformis f. sp. tritici	biotic	field	single_pathogen_focus
SRR24010236	SAMN33975263	species	1	1	no	168172	Puccinia striiformis f. sp. tritici	biotic	field	single_pathogen_focus
SRR24010236	SAMN33975263	genus	0	0	no	168172	Puccinia striiformis f. sp. tritici	biotic	field	single_pathogen_focus
SRR24010238	SAMN33975261	species	1	1	no	168172	Puccinia striiformis f. sp. tritici	biotic	field	single_pathogen_focus
SRR24010238	SAMN33975261	genus	0	0	no	168172	Puccinia striiformis f. sp. tritici	biotic	field	single_pathogen_focus
SRR24010239	SAMN33975260	species	1	1	no	168172	Puccinia striiformis f. sp. tritici	biotic	field	single_pathogen_focus
SRR24010239	SAMN33975260	genus	0	0	no	168172	Puccinia striiformis f. sp. tritici	biotic	field	single_pathogen_focus
SRR24010240	SAMN33975275	species	1	1	no	168172	Puccinia striiformis f. sp. tritici	biotic	field	single_pathogen_focus
SRR24010240	SAMN33975275	genus	0	0	no	168172	Puccinia striiformis f. sp. tritici	biotic	field	single_pathogen_focus
SRR24010241	SAMN33975259	species	1	1	no	168172	Puccinia striiformis f. sp. tritici	biotic	field	single_pathogen_focus
SRR24010241	SAMN33975259	genus	0	0	no	168172	Puccinia striiformis f. sp. tritici	biotic	field	single_pathogen_focus
SRR24010242	SAMN33975258	species	4	4	yes	168172	Puccinia striiformis f. sp. tritici	biotic	field	single_pathogen_focus
SRR24010242	SAMN33975258	genus	0	0	no	168172	Puccinia striiformis f. sp. tritici	biotic	field	single_pathogen_focus
SRR24010243	SAMN33975272	species	1	1	no	168172	Puccinia striiformis f. sp. tritici	biotic	field	single_pathogen_focus
SRR24010243	SAMN33975272	genus	0	0	no	168172	Puccinia striiformis f. sp. tritici	biotic	field	single_pathogen_focus
SRR24010244	SAMN33975257	species	1	1	no	168172	Puccinia striiformis f. sp. tritici	biotic	field	single_pathogen_focus
SRR24010244	SAMN33975257	genus	0	0	no	168172	Puccinia striiformis f. sp. tritici	biotic	field	single_pathogen_focus
SRR24010245	SAMN33975256	species	1	1	no	168172	Puccinia striiformis f. sp. tritici	biotic	field	single_pathogen_focus
SRR24010245	SAMN33975256	genus	0	0	no	168172	Puccinia striiformis f. sp. tritici	biotic	field	single_pathogen_focus
SRR24010246	SAMN33975262	species	2	2	yes	168172	Puccinia striiformis f. sp. tritici	biotic	field	single_pathogen_focus
SRR24010246	SAMN33975262	genus	0	0	no	168172	Puccinia striiformis f. sp. tritici	biotic	field	single_pathogen_focus
SRR24010247	SAMN33975255	species	1	1	no	168172	Puccinia striiformis f. sp. tritici	biotic	field	single_pathogen_focus
SRR24010247	SAMN33975255	genus	0	0	no	168172	Puccinia striiformis f. sp. tritici	biotic	field	single_pathogen_focus
SRR24010248	SAMN33975254	species	1	1	no	168172	Puccinia striiformis f. sp. tritici	biotic	field	single_pathogen_focus
SRR24010248	SAMN33975254	genus	0	0	no	168172	Puccinia striiformis f. sp. tritici	biotic	field	single_pathogen_focus
SRR24010249	SAMN33975253	species	2	2	yes	168172	Puccinia striiformis f. sp. tritici	biotic	field	single_pathogen_focus
SRR24010249	SAMN33975253	genus	0	0	no	168172	Puccinia striiformis f. sp. tritici	biotic	field	single_pathogen_focus
SRR24010250	SAMN33975252	species	1	1	no	168172	Puccinia striiformis f. sp. tritici	biotic	field	single_pathogen_focus
SRR24010250	SAMN33975252	genus	0	0	no	168172	Puccinia striiformis f. sp. tritici	biotic	field	single_pathogen_focus
SRR24115445	SAMN34126632	species	1	0	no	456999	Rhizoctonia solani	biotic	field	single_pathogen_focus
SRR24115445	SAMN34126632	genus	0	0	no	456999	Rhizoctonia solani	biotic	field	single_pathogen_focus
SRR24115459	SAMN34126634	species	2	1	yes	456999	Rhizoctonia solani	biotic	field	single_pathogen_focus
SRR24115459	SAMN34126634	genus	0	0	no	456999	Rhizoctonia solani	biotic	field	single_pathogen_focus
SRR24116281	SAMN34087054	species	3	3	yes	1131913	Colletotrichum viniferum	biotic	field	single_pathogen_focus
SRR24116281	SAMN34087054	genus	0	0	no	1131913	Colletotrichum viniferum	biotic	field	single_pathogen_focus
SRR24283998	SAMN34341434	species	0	0	no	2848019	papaya virus E	biotic	field	single_pathogen_focus
SRR24283998	SAMN34341434	genus	0	0	no	2848019	papaya virus E	biotic	field	single_pathogen_focus
SRR24305217	SAMN34373999	species	1	1	no	13164,133901,161014,1715220,1903169,2047679,2081351,29916,32262,34409,358,40559,456999,549,7029,89336	Rhizoctonia solani; Fusarium sp.; Colletotrichum sp.; Alternaria sp.; Puccinia sp.; Drosophila sp.; Agrobacterium tumefaciens; Myzus persicae; Acyrthosiphon pisum; Thrips tabaci; Tetranychidae; Frankliniella occidentalis; Botrytis cinerea; Frankliniella occidentalis; Pantoea agglomerans; Verticillium sp.; Phytophthora sp.; 'Ca. Phytoplasma pruni'	biotic	field	intentional_multi_pathogen
SRR24305217	SAMN34373999	genus	0	0	no	13164,133901,161014,1715220,1903169,2047679,2081351,29916,32262,34409,358,40559,456999,549,7029,89336	Rhizoctonia solani; Fusarium sp.; Colletotrichum sp.; Alternaria sp.; Puccinia sp.; Drosophila sp.; Agrobacterium tumefaciens; Myzus persicae; Acyrthosiphon pisum; Thrips tabaci; Tetranychidae; Frankliniella occidentalis; Botrytis cinerea; Frankliniella occidentalis; Pantoea agglomerans; Verticillium sp.; Phytophthora sp.; 'Ca. Phytoplasma pruni'	biotic	field	intentional_multi_pathogen
SRR24737257	SAMN35363529	species	1	0	no	5518	Fusarium graminearum	biotic	field	single_pathogen_focus
SRR24737257	SAMN35363529	genus	0	0	no	5518	Fusarium graminearum	biotic	field	single_pathogen_focus
SRR24737259	SAMN35363531	species	1	0	no	5518	Fusarium graminearum	biotic	field	single_pathogen_focus
SRR24737259	SAMN35363531	genus	0	0	no	5518	Fusarium graminearum	biotic	field	single_pathogen_focus
SRR24737260	SAMN35363532	species	1	0	no	5518	Fusarium graminearum	biotic	field	single_pathogen_focus
SRR24737260	SAMN35363532	genus	0	0	no	5518	Fusarium graminearum	biotic	field	single_pathogen_focus
SRR24737261	SAMN35363533	species	1	0	no	5518	Fusarium graminearum	biotic	field	single_pathogen_focus
SRR24737261	SAMN35363533	genus	0	0	no	5518	Fusarium graminearum	biotic	field	single_pathogen_focus
SRR24737262	SAMN35363534	species	1	0	no	5518	Fusarium graminearum	biotic	field	single_pathogen_focus
SRR24737262	SAMN35363534	genus	0	0	no	5518	Fusarium graminearum	biotic	field	single_pathogen_focus
SRR24737264	SAMN35363536	species	1	0	no	5518	Fusarium graminearum	biotic	field	single_pathogen_focus
SRR24737264	SAMN35363536	genus	0	0	no	5518	Fusarium graminearum	biotic	field	single_pathogen_focus
SRR24737265	SAMN35363537	species	3	2	yes	5518	Fusarium graminearum	biotic	field	single_pathogen_focus
SRR24737265	SAMN35363537	genus	0	0	no	5518	Fusarium graminearum	biotic	field	single_pathogen_focus
SRR24901492	SAMN35718309	species	9	9	yes			abiotic	field	not_disease_focused
SRR24901492	SAMN35718309	genus	0	0	no			abiotic	field	not_disease_focused
SRR24901493	SAMN35718308	species	9	9	yes			abiotic	field	not_disease_focused
SRR24901493	SAMN35718308	genus	0	0	no			abiotic	field	not_disease_focused
SRR24901494	SAMN35718307	species	9	9	yes			abiotic	field	not_disease_focused
SRR24901494	SAMN35718307	genus	0	0	no			abiotic	field	not_disease_focused
SRR24911515	SAMN35726095	species	1	1	no			abiotic	field	not_disease_focused
SRR24911515	SAMN35726095	genus	0	0	no			abiotic	field	not_disease_focused
SRR24956689	SAMN35354814	species	1	1	no			abiotic	field	not_disease_focused
SRR24956689	SAMN35354814	genus	0	0	no			abiotic	field	not_disease_focused
SRR24956700	SAMN35354806	species	1	1	no			abiotic	field	not_disease_focused
SRR24956700	SAMN35354806	genus	0	0	no			abiotic	field	not_disease_focused
SRR25015528	SAMN35891100	species	1	0	no	578113	Valsa mali	biotic	field	single_pathogen_focus
SRR25015528	SAMN35891100	genus	0	0	no	578113	Valsa mali	biotic	field	single_pathogen_focus
SRR25015529	SAMN35891099	species	1	0	no	578113	Valsa mali	biotic	field	single_pathogen_focus
SRR25015529	SAMN35891099	genus	0	0	no	578113	Valsa mali	biotic	field	single_pathogen_focus
SRR2517426	SAMN04110536	species	1	1	no	1689685,1689686,62689,62690	Blumeria graminis f. sp. triticale; Blumeria graminis f. sp. tritici; Blumeria graminis f. sp. secalis; Blumeria graminis f. sp. dicocci	biotic	field	single_pathogen_focus
SRR2517426	SAMN04110536	genus	0	0	no	1689685,1689686,62689,62690	Blumeria graminis f. sp. triticale; Blumeria graminis f. sp. tritici; Blumeria graminis f. sp. secalis; Blumeria graminis f. sp. dicocci	biotic	field	single_pathogen_focus
SRR2517427	SAMN04110536	species	1	1	no	1689685,1689686,62689,62690	Blumeria graminis f. sp. triticale; Blumeria graminis f. sp. tritici; Blumeria graminis f. sp. secalis; Blumeria graminis f. sp. dicocci	biotic	field	single_pathogen_focus
SRR2517427	SAMN04110536	genus	0	0	no	1689685,1689686,62689,62690	Blumeria graminis f. sp. triticale; Blumeria graminis f. sp. tritici; Blumeria graminis f. sp. secalis; Blumeria graminis f. sp. dicocci	biotic	field	single_pathogen_focus
SRR2517428	SAMN04110536	species	1	1	no	1689685,1689686,62689,62690	Blumeria graminis f. sp. triticale; Blumeria graminis f. sp. tritici; Blumeria graminis f. sp. secalis; Blumeria graminis f. sp. dicocci	biotic	field	single_pathogen_focus
SRR2517428	SAMN04110536	genus	0	0	no	1689685,1689686,62689,62690	Blumeria graminis f. sp. triticale; Blumeria graminis f. sp. tritici; Blumeria graminis f. sp. secalis; Blumeria graminis f. sp. dicocci	biotic	field	single_pathogen_focus
SRR2517429	SAMN04110537	species	1	1	no	1689685,1689686,62689,62690	Blumeria graminis f. sp. triticale; Blumeria graminis f. sp. tritici; Blumeria graminis f. sp. secalis; Blumeria graminis f. sp. dicocci	biotic	field	single_pathogen_focus
SRR2517429	SAMN04110537	genus	0	0	no	1689685,1689686,62689,62690	Blumeria graminis f. sp. triticale; Blumeria graminis f. sp. tritici; Blumeria graminis f. sp. secalis; Blumeria graminis f. sp. dicocci	biotic	field	single_pathogen_focus
SRR2517430	SAMN04110537	species	1	1	no	1689685,1689686,62689,62690	Blumeria graminis f. sp. triticale; Blumeria graminis f. sp. tritici; Blumeria graminis f. sp. secalis; Blumeria graminis f. sp. dicocci	biotic	field	single_pathogen_focus
SRR2517430	SAMN04110537	genus	0	0	no	1689685,1689686,62689,62690	Blumeria graminis f. sp. triticale; Blumeria graminis f. sp. tritici; Blumeria graminis f. sp. secalis; Blumeria graminis f. sp. dicocci	biotic	field	single_pathogen_focus
SRR2517431	SAMN04110537	species	1	1	no	1689685,1689686,62689,62690	Blumeria graminis f. sp. triticale; Blumeria graminis f. sp. tritici; Blumeria graminis f. sp. secalis; Blumeria graminis f. sp. dicocci	biotic	field	single_pathogen_focus
SRR2517431	SAMN04110537	genus	0	0	no	1689685,1689686,62689,62690	Blumeria graminis f. sp. triticale; Blumeria graminis f. sp. tritici; Blumeria graminis f. sp. secalis; Blumeria graminis f. sp. dicocci	biotic	field	single_pathogen_focus
SRR2517432	SAMN04110538	species	1	1	no	1689685,1689686,62689,62690	Blumeria graminis f. sp. triticale; Blumeria graminis f. sp. tritici; Blumeria graminis f. sp. secalis; Blumeria graminis f. sp. dicocci	biotic	field	single_pathogen_focus
SRR2517432	SAMN04110538	genus	0	0	no	1689685,1689686,62689,62690	Blumeria graminis f. sp. triticale; Blumeria graminis f. sp. tritici; Blumeria graminis f. sp. secalis; Blumeria graminis f. sp. dicocci	biotic	field	single_pathogen_focus
SRR2517433	SAMN04110538	species	1	1	no	1689685,1689686,62689,62690	Blumeria graminis f. sp. triticale; Blumeria graminis f. sp. tritici; Blumeria graminis f. sp. secalis; Blumeria graminis f. sp. dicocci	biotic	field	single_pathogen_focus
SRR2517433	SAMN04110538	genus	0	0	no	1689685,1689686,62689,62690	Blumeria graminis f. sp. triticale; Blumeria graminis f. sp. tritici; Blumeria graminis f. sp. secalis; Blumeria graminis f. sp. dicocci	biotic	field	single_pathogen_focus
SRR2517434	SAMN04110538	species	1	1	no	1689685,1689686,62689,62690	Blumeria graminis f. sp. triticale; Blumeria graminis f. sp. tritici; Blumeria graminis f. sp. secalis; Blumeria graminis f. sp. dicocci	biotic	field	single_pathogen_focus
SRR2517434	SAMN04110538	genus	0	0	no	1689685,1689686,62689,62690	Blumeria graminis f. sp. triticale; Blumeria graminis f. sp. tritici; Blumeria graminis f. sp. secalis; Blumeria graminis f. sp. dicocci	biotic	field	single_pathogen_focus
SRR2517435	SAMN04110539	species	1	1	no	1689685,1689686,62689,62690	Blumeria graminis f. sp. triticale; Blumeria graminis f. sp. tritici; Blumeria graminis f. sp. secalis; Blumeria graminis f. sp. dicocci	biotic	field	single_pathogen_focus
SRR2517435	SAMN04110539	genus	0	0	no	1689685,1689686,62689,62690	Blumeria graminis f. sp. triticale; Blumeria graminis f. sp. tritici; Blumeria graminis f. sp. secalis; Blumeria graminis f. sp. dicocci	biotic	field	single_pathogen_focus
SRR2517436	SAMN04110539	species	1	1	no	1689685,1689686,62689,62690	Blumeria graminis f. sp. triticale; Blumeria graminis f. sp. tritici; Blumeria graminis f. sp. secalis; Blumeria graminis f. sp. dicocci	biotic	field	single_pathogen_focus
SRR2517436	SAMN04110539	genus	0	0	no	1689685,1689686,62689,62690	Blumeria graminis f. sp. triticale; Blumeria graminis f. sp. tritici; Blumeria graminis f. sp. secalis; Blumeria graminis f. sp. dicocci	biotic	field	single_pathogen_focus
SRR2517437	SAMN04110539	species	1	1	no	1689685,1689686,62689,62690	Blumeria graminis f. sp. triticale; Blumeria graminis f. sp. tritici; Blumeria graminis f. sp. secalis; Blumeria graminis f. sp. dicocci	biotic	field	single_pathogen_focus
SRR2517437	SAMN04110539	genus	0	0	no	1689685,1689686,62689,62690	Blumeria graminis f. sp. triticale; Blumeria graminis f. sp. tritici; Blumeria graminis f. sp. secalis; Blumeria graminis f. sp. dicocci	biotic	field	single_pathogen_focus
SRR2518217	SAMN04018166	species	1	0	no	170000	Phakopsora pachyrhizi	biotic	field	single_pathogen_focus
SRR2518217	SAMN04018166	genus	0	0	no	170000	Phakopsora pachyrhizi	biotic	field	single_pathogen_focus
SRR2518226	SAMN04018166	species	1	0	no	170000	Phakopsora pachyrhizi	biotic	field	single_pathogen_focus
SRR2518226	SAMN04018166	genus	0	0	no	170000	Phakopsora pachyrhizi	biotic	field	single_pathogen_focus
SRR2518230	SAMN04018166	species	1	0	no	170000	Phakopsora pachyrhizi	biotic	field	single_pathogen_focus
SRR2518230	SAMN04018166	genus	0	0	no	170000	Phakopsora pachyrhizi	biotic	field	single_pathogen_focus
SRR2558706	SAMN04018166	species	1	0	no	170000	Phakopsora pachyrhizi	biotic	field	single_pathogen_focus
SRR2558706	SAMN04018166	genus	0	0	no	170000	Phakopsora pachyrhizi	biotic	field	single_pathogen_focus
SRR25662789	SAMN37020865	species	1	1	no	168172	Puccinia striiformis f. sp. tritici	biotic	field	single_pathogen_focus
SRR25662789	SAMN37020865	genus	0	0	no	168172	Puccinia striiformis f. sp. tritici	biotic	field	single_pathogen_focus
SRR25662792	SAMN37020880	species	1	1	no	168172	Puccinia striiformis f. sp. tritici	biotic	field	single_pathogen_focus
SRR25662792	SAMN37020880	genus	0	0	no	168172	Puccinia striiformis f. sp. tritici	biotic	field	single_pathogen_focus
SRR25662795	SAMN37020878	species	1	1	no	168172	Puccinia striiformis f. sp. tritici	biotic	field	single_pathogen_focus
SRR25662795	SAMN37020878	genus	0	0	no	168172	Puccinia striiformis f. sp. tritici	biotic	field	single_pathogen_focus
SRR25662803	SAMN37020870	species	1	1	no	168172	Puccinia striiformis f. sp. tritici	biotic	field	single_pathogen_focus
SRR25662803	SAMN37020870	genus	0	0	no	168172	Puccinia striiformis f. sp. tritici	biotic	field	single_pathogen_focus
SRR25968991	SAMN37295949	species	1	0	no	40559	Botrytis cinerea	biotic	field	single_pathogen_focus
SRR25968991	SAMN37295949	genus	0	0	no	40559	Botrytis cinerea	biotic	field	single_pathogen_focus
SRR25968992	SAMN37295948	species	1	0	no	40559	Botrytis cinerea	biotic	field	single_pathogen_focus
SRR25968992	SAMN37295948	genus	0	0	no	40559	Botrytis cinerea	biotic	field	single_pathogen_focus
SRR25968993	SAMN37295947	species	1	0	no	40559	Botrytis cinerea	biotic	field	single_pathogen_focus
SRR25968993	SAMN37295947	genus	0	0	no	40559	Botrytis cinerea	biotic	field	single_pathogen_focus
SRR25968998	SAMN37295943	species	1	0	no	40559	Botrytis cinerea	biotic	field	single_pathogen_focus
SRR25968998	SAMN37295943	genus	0	0	no	40559	Botrytis cinerea	biotic	field	single_pathogen_focus
SRR25968999	SAMN37295942	species	1	0	no	40559	Botrytis cinerea	biotic	field	single_pathogen_focus
SRR25968999	SAMN37295942	genus	0	0	no	40559	Botrytis cinerea	biotic	field	single_pathogen_focus
SRR25969000	SAMN37295941	species	1	0	no	40559	Botrytis cinerea	biotic	field	single_pathogen_focus
SRR25969000	SAMN37295941	genus	0	0	no	40559	Botrytis cinerea	biotic	field	single_pathogen_focus
SRR25969004	SAMN37295937	species	1	0	no	40559	Botrytis cinerea	biotic	field	single_pathogen_focus
SRR25969004	SAMN37295937	genus	0	0	no	40559	Botrytis cinerea	biotic	field	single_pathogen_focus
SRR25969005	SAMN37295936	species	1	0	no	40559	Botrytis cinerea	biotic	field	single_pathogen_focus
SRR25969005	SAMN37295936	genus	0	0	no	40559	Botrytis cinerea	biotic	field	single_pathogen_focus
SRR25969007	SAMN37295935	species	1	0	no	40559	Botrytis cinerea	biotic	field	single_pathogen_focus
SRR25969007	SAMN37295935	genus	0	0	no	40559	Botrytis cinerea	biotic	field	single_pathogen_focus
SRR25969011	SAMN37295931	species	1	0	no	40559	Botrytis cinerea	biotic	field	single_pathogen_focus
SRR25969011	SAMN37295931	genus	0	0	no	40559	Botrytis cinerea	biotic	field	single_pathogen_focus
SRR25969012	SAMN37295930	species	1	0	no	40559	Botrytis cinerea	biotic	field	single_pathogen_focus
SRR25969012	SAMN37295930	genus	0	0	no	40559	Botrytis cinerea	biotic	field	single_pathogen_focus
SRR25969013	SAMN37295929	species	1	0	no	40559	Botrytis cinerea	biotic	field	single_pathogen_focus
SRR25969013	SAMN37295929	genus	0	0	no	40559	Botrytis cinerea	biotic	field	single_pathogen_focus
SRR25969019	SAMN37295924	species	1	0	no	40559	Botrytis cinerea	biotic	field	single_pathogen_focus
SRR25969019	SAMN37295924	genus	0	0	no	40559	Botrytis cinerea	biotic	field	single_pathogen_focus
SRR25969020	SAMN37295923	species	1	0	no	40559	Botrytis cinerea	biotic	field	single_pathogen_focus
SRR25969020	SAMN37295923	genus	0	0	no	40559	Botrytis cinerea	biotic	field	single_pathogen_focus
SRR25969024	SAMN37295919	species	1	0	no	40559	Botrytis cinerea	biotic	field	single_pathogen_focus
SRR25969024	SAMN37295919	genus	0	0	no	40559	Botrytis cinerea	biotic	field	single_pathogen_focus
SRR25969025	SAMN37295918	species	1	0	no	40559	Botrytis cinerea	biotic	field	single_pathogen_focus
SRR25969025	SAMN37295918	genus	0	0	no	40559	Botrytis cinerea	biotic	field	single_pathogen_focus
SRR25969026	SAMN37295917	species	1	0	no	40559	Botrytis cinerea	biotic	field	single_pathogen_focus
SRR25969026	SAMN37295917	genus	0	0	no	40559	Botrytis cinerea	biotic	field	single_pathogen_focus
SRR25969031	SAMN37295913	species	1	0	no	40559	Botrytis cinerea	biotic	field	single_pathogen_focus
SRR25969031	SAMN37295913	genus	0	0	no	40559	Botrytis cinerea	biotic	field	single_pathogen_focus
SRR25969032	SAMN37295912	species	1	0	no	40559	Botrytis cinerea	biotic	field	single_pathogen_focus
SRR25969032	SAMN37295912	genus	0	0	no	40559	Botrytis cinerea	biotic	field	single_pathogen_focus
SRR25969033	SAMN37295911	species	1	0	no	40559	Botrytis cinerea	biotic	field	single_pathogen_focus
SRR25969033	SAMN37295911	genus	0	0	no	40559	Botrytis cinerea	biotic	field	single_pathogen_focus
SRR25969038	SAMN37295906	species	1	0	no	40559	Botrytis cinerea	biotic	field	single_pathogen_focus
SRR25969038	SAMN37295906	genus	0	0	no	40559	Botrytis cinerea	biotic	field	single_pathogen_focus
SRR25969047	SAMN37295901	species	1	0	no	40559	Botrytis cinerea	biotic	field	single_pathogen_focus
SRR25969047	SAMN37295901	genus	0	0	no	40559	Botrytis cinerea	biotic	field	single_pathogen_focus
SRR25969048	SAMN37295900	species	1	0	no	40559	Botrytis cinerea	biotic	field	single_pathogen_focus
SRR25969048	SAMN37295900	genus	0	0	no	40559	Botrytis cinerea	biotic	field	single_pathogen_focus
SRR25969054	SAMN37295895	species	1	0	no	40559	Botrytis cinerea	biotic	field	single_pathogen_focus
SRR25969054	SAMN37295895	genus	0	0	no	40559	Botrytis cinerea	biotic	field	single_pathogen_focus
SRR25969067	SAMN37295883	species	1	0	no	40559	Botrytis cinerea	biotic	field	single_pathogen_focus
SRR25969067	SAMN37295883	genus	0	0	no	40559	Botrytis cinerea	biotic	field	single_pathogen_focus
SRR25969068	SAMN37295882	species	1	0	no	40559	Botrytis cinerea	biotic	field	single_pathogen_focus
SRR25969068	SAMN37295882	genus	0	0	no	40559	Botrytis cinerea	biotic	field	single_pathogen_focus
SRR26081708	SAMN37295918	species	1	0	no	40559	Botrytis cinerea	biotic	field	single_pathogen_focus
SRR26081708	SAMN37295918	genus	0	0	no	40559	Botrytis cinerea	biotic	field	single_pathogen_focus
SRR26175767	SAMN37543191	species	1	1	no	48100,5599	Alternaria solani; Alternaria alternata	biotic	field	intentional_multi_pathogen
SRR26175767	SAMN37543191	genus	0	0	no	48100,5599	Alternaria solani; Alternaria alternata	biotic	field	intentional_multi_pathogen
SRR26175768	SAMN37543190	species	1	1	no	48100,5599	Alternaria solani; Alternaria alternata	biotic	field	intentional_multi_pathogen
SRR26175768	SAMN37543190	genus	0	0	no	48100,5599	Alternaria solani; Alternaria alternata	biotic	field	intentional_multi_pathogen
SRR26175769	SAMN37543189	species	1	1	no	48100,5599	Alternaria solani; Alternaria alternata	biotic	field	intentional_multi_pathogen
SRR26175769	SAMN37543189	genus	0	0	no	48100,5599	Alternaria solani; Alternaria alternata	biotic	field	intentional_multi_pathogen
SRR26175770	SAMN37543192	species	0	0	no	48100,5599	Alternaria solani; Alternaria alternata	biotic	field	intentional_multi_pathogen
SRR26175770	SAMN37543192	genus	0	0	no	48100,5599	Alternaria solani; Alternaria alternata	biotic	field	intentional_multi_pathogen
SRR26175771	SAMN37543193	species	2	1	yes	48100,5599	Alternaria solani; Alternaria alternata	biotic	field	intentional_multi_pathogen
SRR26175771	SAMN37543193	genus	0	0	no	48100,5599	Alternaria solani; Alternaria alternata	biotic	field	intentional_multi_pathogen
SRR26214558	SAMN37597415	species	1	0	no	40559	Botrytis cinerea	biotic	field	single_pathogen_focus
SRR26214558	SAMN37597415	genus	0	0	no	40559	Botrytis cinerea	biotic	field	single_pathogen_focus
SRR26214562	SAMN37597411	species	1	0	no	40559	Botrytis cinerea	biotic	field	single_pathogen_focus
SRR26214562	SAMN37597411	genus	0	0	no	40559	Botrytis cinerea	biotic	field	single_pathogen_focus
SRR26214563	SAMN37597410	species	1	0	no	40559	Botrytis cinerea	biotic	field	single_pathogen_focus
SRR26214563	SAMN37597410	genus	0	0	no	40559	Botrytis cinerea	biotic	field	single_pathogen_focus
SRR26214564	SAMN37597409	species	1	0	no	40559	Botrytis cinerea	biotic	field	single_pathogen_focus
SRR26214564	SAMN37597409	genus	0	0	no	40559	Botrytis cinerea	biotic	field	single_pathogen_focus
SRR26214566	SAMN37597423	species	1	0	no	40559	Botrytis cinerea	biotic	field	single_pathogen_focus
SRR26214566	SAMN37597423	genus	0	0	no	40559	Botrytis cinerea	biotic	field	single_pathogen_focus
SRR26214567	SAMN37597422	species	1	0	no	40559	Botrytis cinerea	biotic	field	single_pathogen_focus
SRR26214567	SAMN37597422	genus	0	0	no	40559	Botrytis cinerea	biotic	field	single_pathogen_focus
SRR26214568	SAMN37597421	species	1	0	no	40559	Botrytis cinerea	biotic	field	single_pathogen_focus
SRR26214568	SAMN37597421	genus	0	0	no	40559	Botrytis cinerea	biotic	field	single_pathogen_focus
SRR26214572	SAMN37597417	species	1	0	no	40559	Botrytis cinerea	biotic	field	single_pathogen_focus
SRR26214572	SAMN37597417	genus	0	0	no	40559	Botrytis cinerea	biotic	field	single_pathogen_focus
SRR26214573	SAMN37597416	species	1	0	no	40559	Botrytis cinerea	biotic	field	single_pathogen_focus
SRR26214573	SAMN37597416	genus	0	0	no	40559	Botrytis cinerea	biotic	field	single_pathogen_focus
SRR26387392	SAMN37814303	species	0	0	no	1768090,35773	Candidatus Phytoplasma luffae; Ceratobasidium sp.	biotic	field	intentional_multi_pathogen
SRR26387392	SAMN37814303	genus	0	0	no	1768090,35773	Candidatus Phytoplasma luffae; Ceratobasidium sp.	biotic	field	intentional_multi_pathogen
SRR26511466	SAMN37976904	species	1	0	no	40559	Botrytis cinerea	biotic	field	single_pathogen_focus
SRR26511466	SAMN37976904	genus	0	0	no	40559	Botrytis cinerea	biotic	field	single_pathogen_focus
SRR26511470	SAMN37976900	species	1	0	no	40559	Botrytis cinerea	biotic	field	single_pathogen_focus
SRR26511470	SAMN37976900	genus	0	0	no	40559	Botrytis cinerea	biotic	field	single_pathogen_focus
SRR26511471	SAMN37976899	species	1	0	no	40559	Botrytis cinerea	biotic	field	single_pathogen_focus
SRR26511471	SAMN37976899	genus	0	0	no	40559	Botrytis cinerea	biotic	field	single_pathogen_focus
SRR26511472	SAMN37976898	species	1	0	no	40559	Botrytis cinerea	biotic	field	single_pathogen_focus
SRR26511472	SAMN37976898	genus	0	0	no	40559	Botrytis cinerea	biotic	field	single_pathogen_focus
SRR26511474	SAMN37976906	species	1	0	no	40559	Botrytis cinerea	biotic	field	single_pathogen_focus
SRR26511474	SAMN37976906	genus	0	0	no	40559	Botrytis cinerea	biotic	field	single_pathogen_focus
SRR26511475	SAMN37976905	species	1	0	no	40559	Botrytis cinerea	biotic	field	single_pathogen_focus
SRR26511475	SAMN37976905	genus	0	0	no	40559	Botrytis cinerea	biotic	field	single_pathogen_focus
SRR27311318	SAMN39002698	species	0	0	no	317	Pseudomonas syringae pv. tomato DC3000	biotic	field	not_disease_focused
SRR27311318	SAMN39002698	genus	0	0	no	317	Pseudomonas syringae pv. tomato DC3000	biotic	field	not_disease_focused
SRR27311339	SAMN39002679	species	0	0	no	317	Pseudomonas syringae pv. tomato DC3000	biotic	field	not_disease_focused
SRR27311339	SAMN39002679	genus	0	0	no	317	Pseudomonas syringae pv. tomato DC3000	biotic	field	not_disease_focused
SRR27311630	SAMN39002601	species	0	0	no	317	Pseudomonas syringae pv. tomato DC3000	biotic	field	not_disease_focused
SRR27311630	SAMN39002601	genus	0	0	no	317	Pseudomonas syringae pv. tomato DC3000	biotic	field	not_disease_focused
SRR27311745	SAMN39002627	species	0	0	no	317	Pseudomonas syringae pv. tomato DC3000	biotic	field	not_disease_focused
SRR27311745	SAMN39002627	genus	0	0	no	317	Pseudomonas syringae pv. tomato DC3000	biotic	field	not_disease_focused
SRR27326329	SAMN39079260	species	0	0	no	317	Pseudomonas syringae pv. tomato DC3000	biotic	field	not_disease_focused
SRR27326329	SAMN39079260	genus	0	0	no	317	Pseudomonas syringae pv. tomato DC3000	biotic	field	not_disease_focused
SRR27326369	SAMN39079136	species	0	0	no	317	Pseudomonas syringae pv. tomato DC3000	biotic	field	not_disease_focused
SRR27326369	SAMN39079136	genus	0	0	no	317	Pseudomonas syringae pv. tomato DC3000	biotic	field	not_disease_focused
SRR27326386	SAMN39079602	species	0	0	no	317	Pseudomonas syringae pv. tomato DC3000	biotic	field	not_disease_focused
SRR27326386	SAMN39079602	genus	0	0	no	317	Pseudomonas syringae pv. tomato DC3000	biotic	field	not_disease_focused
SRR27326401	SAMN39079588	species	0	0	no	317	Pseudomonas syringae pv. tomato DC3000	biotic	field	not_disease_focused
SRR27326401	SAMN39079588	genus	0	0	no	317	Pseudomonas syringae pv. tomato DC3000	biotic	field	not_disease_focused
SRR27326408	SAMN39079582	species	0	0	no	317	Pseudomonas syringae pv. tomato DC3000	biotic	field	not_disease_focused
SRR27326408	SAMN39079582	genus	0	0	no	317	Pseudomonas syringae pv. tomato DC3000	biotic	field	not_disease_focused
SRR27326462	SAMN39079418	species	0	0	no	317	Pseudomonas syringae pv. tomato DC3000	biotic	field	not_disease_focused
SRR27326462	SAMN39079418	genus	0	0	no	317	Pseudomonas syringae pv. tomato DC3000	biotic	field	not_disease_focused
SRR27326517	SAMN39079311	species	1	1	no	317	Pseudomonas syringae pv. tomato DC3000	biotic	field	not_disease_focused
SRR27326517	SAMN39079311	genus	0	0	no	317	Pseudomonas syringae pv. tomato DC3000	biotic	field	not_disease_focused
SRR27326530	SAMN39079299	species	0	0	no	317	Pseudomonas syringae pv. tomato DC3000	biotic	field	not_disease_focused
SRR27326530	SAMN39079299	genus	0	0	no	317	Pseudomonas syringae pv. tomato DC3000	biotic	field	not_disease_focused
SRR27326545	SAMN39079228	species	0	0	no	317	Pseudomonas syringae pv. tomato DC3000	biotic	field	not_disease_focused
SRR27326545	SAMN39079228	genus	0	0	no	317	Pseudomonas syringae pv. tomato DC3000	biotic	field	not_disease_focused
SRR27326679	SAMN39079280	species	1	1	no	317	Pseudomonas syringae pv. tomato DC3000	biotic	field	not_disease_focused
SRR27326679	SAMN39079280	genus	0	0	no	317	Pseudomonas syringae pv. tomato DC3000	biotic	field	not_disease_focused
SRR27326702	SAMN39079202	species	0	0	no	317	Pseudomonas syringae pv. tomato DC3000	biotic	field	not_disease_focused
SRR27326702	SAMN39079202	genus	0	0	no	317	Pseudomonas syringae pv. tomato DC3000	biotic	field	not_disease_focused
SRR27326787	SAMN39079356	species	1	1	no	317	Pseudomonas syringae pv. tomato DC3000	biotic	field	not_disease_focused
SRR27326787	SAMN39079356	genus	0	0	no	317	Pseudomonas syringae pv. tomato DC3000	biotic	field	not_disease_focused
SRR27326806	SAMN39079166	species	1	1	no	317	Pseudomonas syringae pv. tomato DC3000	biotic	field	not_disease_focused
SRR27326806	SAMN39079166	genus	0	0	no	317	Pseudomonas syringae pv. tomato DC3000	biotic	field	not_disease_focused
SRR27326840	SAMN39079118	species	0	0	no	317	Pseudomonas syringae pv. tomato DC3000	biotic	field	not_disease_focused
SRR27326840	SAMN39079118	genus	0	0	no	317	Pseudomonas syringae pv. tomato DC3000	biotic	field	not_disease_focused
SRR27607207	SAMN39477188	species	1	0	no	5180	Sclerotinia sclerotiorum	biotic	field	intentional_multi_pathogen
SRR27607207	SAMN39477188	genus	0	0	no	5180	Sclerotinia sclerotiorum	biotic	field	intentional_multi_pathogen
SRR27846618	SAMN39746432	species	1	1	no	168172	Puccinia striiformis f. sp. tritici	biotic	field	single_pathogen_focus
SRR27846618	SAMN39746432	genus	0	0	no	168172	Puccinia striiformis f. sp. tritici	biotic	field	single_pathogen_focus
SRR27846622	SAMN39746438	species	1	1	no	168172	Puccinia striiformis f. sp. tritici	biotic	field	single_pathogen_focus
SRR27846622	SAMN39746438	genus	0	0	no	168172	Puccinia striiformis f. sp. tritici	biotic	field	single_pathogen_focus
SRR27846623	SAMN39746436	species	1	1	no	168172	Puccinia striiformis f. sp. tritici	biotic	field	single_pathogen_focus
SRR27846623	SAMN39746436	genus	0	0	no	168172	Puccinia striiformis f. sp. tritici	biotic	field	single_pathogen_focus
SRR28147552	SAMN40188184	species	0	0	no	152177	Orchid fleck virus	biotic	field	single_pathogen_focus
SRR28147552	SAMN40188184	genus	0	0	no	152177	Orchid fleck virus	biotic	field	single_pathogen_focus
SRR28147553	SAMN40188183	species	0	0	no	152177	Orchid fleck virus	biotic	field	single_pathogen_focus
SRR28147553	SAMN40188183	genus	0	0	no	152177	Orchid fleck virus	biotic	field	single_pathogen_focus
SRR28475112	SAMN40564405	species	0	0	no	12049,12197,12208,131083,193120,193121	turnip yellows virus; soybean dwarf virus; pea enation mosaic virus-1; pea enation mosaic virus-2; pea seed-borne mosaic virus; bean yellow mosaic virus; pea enation mosaic virus satellite RNA; turnip yellows virus associated RNA	biotic	field	intentional_multi_pathogen
SRR28475112	SAMN40564405	genus	0	0	no	12049,12197,12208,131083,193120,193121	turnip yellows virus; soybean dwarf virus; pea enation mosaic virus-1; pea enation mosaic virus-2; pea seed-borne mosaic virus; bean yellow mosaic virus; pea enation mosaic virus satellite RNA; turnip yellows virus associated RNA	biotic	field	intentional_multi_pathogen
SRR28475114	SAMN40564403	species	0	0	no	12049,12197,12208,131083,193120,193121	turnip yellows virus; soybean dwarf virus; pea enation mosaic virus-1; pea enation mosaic virus-2; pea seed-borne mosaic virus; bean yellow mosaic virus; pea enation mosaic virus satellite RNA; turnip yellows virus associated RNA	biotic	field	intentional_multi_pathogen
SRR28475114	SAMN40564403	genus	0	0	no	12049,12197,12208,131083,193120,193121	turnip yellows virus; soybean dwarf virus; pea enation mosaic virus-1; pea enation mosaic virus-2; pea seed-borne mosaic virus; bean yellow mosaic virus; pea enation mosaic virus satellite RNA; turnip yellows virus associated RNA	biotic	field	intentional_multi_pathogen
SRR28475119	SAMN40564433	species	0	0	no	12049,12197,12208,131083,193120,193121	turnip yellows virus; soybean dwarf virus; pea enation mosaic virus-1; pea enation mosaic virus-2; pea seed-borne mosaic virus; bean yellow mosaic virus; pea enation mosaic virus satellite RNA; turnip yellows virus associated RNA	biotic	field	intentional_multi_pathogen
SRR28475119	SAMN40564433	genus	0	0	no	12049,12197,12208,131083,193120,193121	turnip yellows virus; soybean dwarf virus; pea enation mosaic virus-1; pea enation mosaic virus-2; pea seed-borne mosaic virus; bean yellow mosaic virus; pea enation mosaic virus satellite RNA; turnip yellows virus associated RNA	biotic	field	intentional_multi_pathogen
SRR28475120	SAMN40564432	species	0	0	no	12049,12197,12208,131083,193120,193121	turnip yellows virus; soybean dwarf virus; pea enation mosaic virus-1; pea enation mosaic virus-2; pea seed-borne mosaic virus; bean yellow mosaic virus; pea enation mosaic virus satellite RNA; turnip yellows virus associated RNA	biotic	field	intentional_multi_pathogen
SRR28475120	SAMN40564432	genus	0	0	no	12049,12197,12208,131083,193120,193121	turnip yellows virus; soybean dwarf virus; pea enation mosaic virus-1; pea enation mosaic virus-2; pea seed-borne mosaic virus; bean yellow mosaic virus; pea enation mosaic virus satellite RNA; turnip yellows virus associated RNA	biotic	field	intentional_multi_pathogen
SRR28475125	SAMN40564427	species	0	0	no	12049,12197,12208,131083,193120,193121	turnip yellows virus; soybean dwarf virus; pea enation mosaic virus-1; pea enation mosaic virus-2; pea seed-borne mosaic virus; bean yellow mosaic virus; pea enation mosaic virus satellite RNA; turnip yellows virus associated RNA	biotic	field	intentional_multi_pathogen
SRR28475125	SAMN40564427	genus	0	0	no	12049,12197,12208,131083,193120,193121	turnip yellows virus; soybean dwarf virus; pea enation mosaic virus-1; pea enation mosaic virus-2; pea seed-borne mosaic virus; bean yellow mosaic virus; pea enation mosaic virus satellite RNA; turnip yellows virus associated RNA	biotic	field	intentional_multi_pathogen
SRR28475135	SAMN40564418	species	0	0	no	12049,12197,12208,131083,193120,193121	turnip yellows virus; soybean dwarf virus; pea enation mosaic virus-1; pea enation mosaic virus-2; pea seed-borne mosaic virus; bean yellow mosaic virus; pea enation mosaic virus satellite RNA; turnip yellows virus associated RNA	biotic	field	intentional_multi_pathogen
SRR28475135	SAMN40564418	genus	0	0	no	12049,12197,12208,131083,193120,193121	turnip yellows virus; soybean dwarf virus; pea enation mosaic virus-1; pea enation mosaic virus-2; pea seed-borne mosaic virus; bean yellow mosaic virus; pea enation mosaic virus satellite RNA; turnip yellows virus associated RNA	biotic	field	intentional_multi_pathogen
SRR28475137	SAMN40564399	species	0	0	no	12049,12197,12208,131083,193120,193121	turnip yellows virus; soybean dwarf virus; pea enation mosaic virus-1; pea enation mosaic virus-2; pea seed-borne mosaic virus; bean yellow mosaic virus; pea enation mosaic virus satellite RNA; turnip yellows virus associated RNA	biotic	field	intentional_multi_pathogen
SRR28475137	SAMN40564399	genus	0	0	no	12049,12197,12208,131083,193120,193121	turnip yellows virus; soybean dwarf virus; pea enation mosaic virus-1; pea enation mosaic virus-2; pea seed-borne mosaic virus; bean yellow mosaic virus; pea enation mosaic virus satellite RNA; turnip yellows virus associated RNA	biotic	field	intentional_multi_pathogen
SRR28475139	SAMN40564415	species	0	0	no	12049,12197,12208,131083,193120,193121	turnip yellows virus; soybean dwarf virus; pea enation mosaic virus-1; pea enation mosaic virus-2; pea seed-borne mosaic virus; bean yellow mosaic virus; pea enation mosaic virus satellite RNA; turnip yellows virus associated RNA	biotic	field	intentional_multi_pathogen
SRR28475139	SAMN40564415	genus	0	0	no	12049,12197,12208,131083,193120,193121	turnip yellows virus; soybean dwarf virus; pea enation mosaic virus-1; pea enation mosaic virus-2; pea seed-borne mosaic virus; bean yellow mosaic virus; pea enation mosaic virus satellite RNA; turnip yellows virus associated RNA	biotic	field	intentional_multi_pathogen
SRR28475145	SAMN40564409	species	0	0	no	12049,12197,12208,131083,193120,193121	turnip yellows virus; soybean dwarf virus; pea enation mosaic virus-1; pea enation mosaic virus-2; pea seed-borne mosaic virus; bean yellow mosaic virus; pea enation mosaic virus satellite RNA; turnip yellows virus associated RNA	biotic	field	intentional_multi_pathogen
SRR28475145	SAMN40564409	genus	0	0	no	12049,12197,12208,131083,193120,193121	turnip yellows virus; soybean dwarf virus; pea enation mosaic virus-1; pea enation mosaic virus-2; pea seed-borne mosaic virus; bean yellow mosaic virus; pea enation mosaic virus satellite RNA; turnip yellows virus associated RNA	biotic	field	intentional_multi_pathogen
SRR28544648	SAMN40732671	species	0	0	no	12049,12197,12208,131083,193120,193121	turnip yellows virus; soybean dwarf virus; pea enation mosaic virus-1; pea enation mosaic virus-2; pea seed-borne mosaic virus; bean yellow mosaic virus; pea enation mosaic virus satellite RNA; turnip yellows virus associated RNA	biotic	field	intentional_multi_pathogen
SRR28544648	SAMN40732671	genus	0	0	no	12049,12197,12208,131083,193120,193121	turnip yellows virus; soybean dwarf virus; pea enation mosaic virus-1; pea enation mosaic virus-2; pea seed-borne mosaic virus; bean yellow mosaic virus; pea enation mosaic virus satellite RNA; turnip yellows virus associated RNA	biotic	field	intentional_multi_pathogen
SRR28544654	SAMN40732700	species	0	0	no	12049,12197,12208,131083,193120,193121	turnip yellows virus; soybean dwarf virus; pea enation mosaic virus-1; pea enation mosaic virus-2; pea seed-borne mosaic virus; bean yellow mosaic virus; pea enation mosaic virus satellite RNA; turnip yellows virus associated RNA	biotic	field	intentional_multi_pathogen
SRR28544654	SAMN40732700	genus	0	0	no	12049,12197,12208,131083,193120,193121	turnip yellows virus; soybean dwarf virus; pea enation mosaic virus-1; pea enation mosaic virus-2; pea seed-borne mosaic virus; bean yellow mosaic virus; pea enation mosaic virus satellite RNA; turnip yellows virus associated RNA	biotic	field	intentional_multi_pathogen
SRR28544664	SAMN40732691	species	0	0	no	12049,12197,12208,131083,193120,193121	turnip yellows virus; soybean dwarf virus; pea enation mosaic virus-1; pea enation mosaic virus-2; pea seed-borne mosaic virus; bean yellow mosaic virus; pea enation mosaic virus satellite RNA; turnip yellows virus associated RNA	biotic	field	intentional_multi_pathogen
SRR28544664	SAMN40732691	genus	0	0	no	12049,12197,12208,131083,193120,193121	turnip yellows virus; soybean dwarf virus; pea enation mosaic virus-1; pea enation mosaic virus-2; pea seed-borne mosaic virus; bean yellow mosaic virus; pea enation mosaic virus satellite RNA; turnip yellows virus associated RNA	biotic	field	intentional_multi_pathogen
SRR28544667	SAMN40732688	species	0	0	no	12049,12197,12208,131083,193120,193121	turnip yellows virus; soybean dwarf virus; pea enation mosaic virus-1; pea enation mosaic virus-2; pea seed-borne mosaic virus; bean yellow mosaic virus; pea enation mosaic virus satellite RNA; turnip yellows virus associated RNA	biotic	field	intentional_multi_pathogen
SRR28544667	SAMN40732688	genus	0	0	no	12049,12197,12208,131083,193120,193121	turnip yellows virus; soybean dwarf virus; pea enation mosaic virus-1; pea enation mosaic virus-2; pea seed-borne mosaic virus; bean yellow mosaic virus; pea enation mosaic virus satellite RNA; turnip yellows virus associated RNA	biotic	field	intentional_multi_pathogen
SRR28544668	SAMN40732687	species	0	0	no	12049,12197,12208,131083,193120,193121	turnip yellows virus; soybean dwarf virus; pea enation mosaic virus-1; pea enation mosaic virus-2; pea seed-borne mosaic virus; bean yellow mosaic virus; pea enation mosaic virus satellite RNA; turnip yellows virus associated RNA	biotic	field	intentional_multi_pathogen
SRR28544668	SAMN40732687	genus	0	0	no	12049,12197,12208,131083,193120,193121	turnip yellows virus; soybean dwarf virus; pea enation mosaic virus-1; pea enation mosaic virus-2; pea seed-borne mosaic virus; bean yellow mosaic virus; pea enation mosaic virus satellite RNA; turnip yellows virus associated RNA	biotic	field	intentional_multi_pathogen
SRR28544675	SAMN40732681	species	0	0	no	12049,12197,12208,131083,193120,193121	turnip yellows virus; soybean dwarf virus; pea enation mosaic virus-1; pea enation mosaic virus-2; pea seed-borne mosaic virus; bean yellow mosaic virus; pea enation mosaic virus satellite RNA; turnip yellows virus associated RNA	biotic	field	intentional_multi_pathogen
SRR28544675	SAMN40732681	genus	0	0	no	12049,12197,12208,131083,193120,193121	turnip yellows virus; soybean dwarf virus; pea enation mosaic virus-1; pea enation mosaic virus-2; pea seed-borne mosaic virus; bean yellow mosaic virus; pea enation mosaic virus satellite RNA; turnip yellows virus associated RNA	biotic	field	intentional_multi_pathogen
SRR28544676	SAMN40732680	species	0	0	no	12049,12197,12208,131083,193120,193121	turnip yellows virus; soybean dwarf virus; pea enation mosaic virus-1; pea enation mosaic virus-2; pea seed-borne mosaic virus; bean yellow mosaic virus; pea enation mosaic virus satellite RNA; turnip yellows virus associated RNA	biotic	field	intentional_multi_pathogen
SRR28544676	SAMN40732680	genus	0	0	no	12049,12197,12208,131083,193120,193121	turnip yellows virus; soybean dwarf virus; pea enation mosaic virus-1; pea enation mosaic virus-2; pea seed-borne mosaic virus; bean yellow mosaic virus; pea enation mosaic virus satellite RNA; turnip yellows virus associated RNA	biotic	field	intentional_multi_pathogen
SRR28544685	SAMN40732663	species	0	0	no	12049,12197,12208,131083,193120,193121	turnip yellows virus; soybean dwarf virus; pea enation mosaic virus-1; pea enation mosaic virus-2; pea seed-borne mosaic virus; bean yellow mosaic virus; pea enation mosaic virus satellite RNA; turnip yellows virus associated RNA	biotic	field	intentional_multi_pathogen
SRR28544685	SAMN40732663	genus	0	0	no	12049,12197,12208,131083,193120,193121	turnip yellows virus; soybean dwarf virus; pea enation mosaic virus-1; pea enation mosaic virus-2; pea seed-borne mosaic virus; bean yellow mosaic virus; pea enation mosaic virus satellite RNA; turnip yellows virus associated RNA	biotic	field	intentional_multi_pathogen
SRR28544686	SAMN40732662	species	0	0	no	12049,12197,12208,131083,193120,193121	turnip yellows virus; soybean dwarf virus; pea enation mosaic virus-1; pea enation mosaic virus-2; pea seed-borne mosaic virus; bean yellow mosaic virus; pea enation mosaic virus satellite RNA; turnip yellows virus associated RNA	biotic	field	intentional_multi_pathogen
SRR28544686	SAMN40732662	genus	0	0	no	12049,12197,12208,131083,193120,193121	turnip yellows virus; soybean dwarf virus; pea enation mosaic virus-1; pea enation mosaic virus-2; pea seed-borne mosaic virus; bean yellow mosaic virus; pea enation mosaic virus satellite RNA; turnip yellows virus associated RNA	biotic	field	intentional_multi_pathogen
SRR28704968	SAMN40982029	species	2	2	yes	40296	Penicillium italicum	biotic	field	single_pathogen_focus
SRR28704968	SAMN40982029	genus	0	0	no	40296	Penicillium italicum	biotic	field	single_pathogen_focus
SRR28704969	SAMN40982028	species	2	2	yes	40296	Penicillium italicum	biotic	field	single_pathogen_focus
SRR28704969	SAMN40982028	genus	0	0	no	40296	Penicillium italicum	biotic	field	single_pathogen_focus
SRR28704970	SAMN40982027	species	2	2	yes	40296	Penicillium italicum	biotic	field	single_pathogen_focus
SRR28704970	SAMN40982027	genus	0	0	no	40296	Penicillium italicum	biotic	field	single_pathogen_focus
SRR28704971	SAMN40982026	species	2	2	yes	40296	Penicillium italicum	biotic	field	single_pathogen_focus
SRR28704971	SAMN40982026	genus	0	0	no	40296	Penicillium italicum	biotic	field	single_pathogen_focus
SRR28704972	SAMN40982025	species	2	2	yes	40296	Penicillium italicum	biotic	field	single_pathogen_focus
SRR28704972	SAMN40982025	genus	0	0	no	40296	Penicillium italicum	biotic	field	single_pathogen_focus
SRR28704973	SAMN40982024	species	2	2	yes	40296	Penicillium italicum	biotic	field	single_pathogen_focus
SRR28704973	SAMN40982024	genus	0	0	no	40296	Penicillium italicum	biotic	field	single_pathogen_focus
SRR28718298	SAMN40964190	species	1	0	no	117187	Fusarium verticillioides	biotic	field	single_pathogen_focus
SRR28718298	SAMN40964190	genus	0	0	no	117187	Fusarium verticillioides	biotic	field	single_pathogen_focus
SRR28718299	SAMN40964189	species	1	0	no	117187	Fusarium verticillioides	biotic	field	single_pathogen_focus
SRR28718299	SAMN40964189	genus	0	0	no	117187	Fusarium verticillioides	biotic	field	single_pathogen_focus
SRR28718300	SAMN40964188	species	2	1	yes	117187	Fusarium verticillioides	biotic	field	single_pathogen_focus
SRR28718300	SAMN40964188	genus	0	0	no	117187	Fusarium verticillioides	biotic	field	single_pathogen_focus
SRR28718302	SAMN40964186	species	3	2	yes	117187	Fusarium verticillioides	biotic	field	single_pathogen_focus
SRR28718302	SAMN40964186	genus	0	0	no	117187	Fusarium verticillioides	biotic	field	single_pathogen_focus
SRR2873755	SAMN04226678	species	0	0	no	5059	Aspergillus flavus	biotic	field	single_pathogen_focus
SRR2873755	SAMN04226678	genus	0	0	no	5059	Aspergillus flavus	biotic	field	single_pathogen_focus
SRR2873756	SAMN04226678	species	0	0	no	5059	Aspergillus flavus	biotic	field	single_pathogen_focus
SRR2873756	SAMN04226678	genus	0	0	no	5059	Aspergillus flavus	biotic	field	single_pathogen_focus
SRR2873757	SAMN04226678	species	1	0	no	5059	Aspergillus flavus	biotic	field	single_pathogen_focus
SRR2873757	SAMN04226678	genus	0	0	no	5059	Aspergillus flavus	biotic	field	single_pathogen_focus
SRR2873842	SAMN04226678	species	1	0	no	5059	Aspergillus flavus	biotic	field	single_pathogen_focus
SRR2873842	SAMN04226678	genus	0	0	no	5059	Aspergillus flavus	biotic	field	single_pathogen_focus
SRR2873917	SAMN04226678	species	1	0	no	5059	Aspergillus flavus	biotic	field	single_pathogen_focus
SRR2873917	SAMN04226678	genus	0	0	no	5059	Aspergillus flavus	biotic	field	single_pathogen_focus
SRR2874066	SAMN04226678	species	1	0	no	5059	Aspergillus flavus	biotic	field	single_pathogen_focus
SRR2874066	SAMN04226678	genus	0	0	no	5059	Aspergillus flavus	biotic	field	single_pathogen_focus
SRR2874370	SAMN04226678	species	0	0	no	5059	Aspergillus flavus	biotic	field	single_pathogen_focus
SRR2874370	SAMN04226678	genus	0	0	no	5059	Aspergillus flavus	biotic	field	single_pathogen_focus
SRR2874373	SAMN04226678	species	0	0	no	5059	Aspergillus flavus	biotic	field	single_pathogen_focus
SRR2874373	SAMN04226678	genus	0	0	no	5059	Aspergillus flavus	biotic	field	single_pathogen_focus
SRR2874379	SAMN04226678	species	1	0	no	5059	Aspergillus flavus	biotic	field	single_pathogen_focus
SRR2874379	SAMN04226678	genus	0	0	no	5059	Aspergillus flavus	biotic	field	single_pathogen_focus
SRR2874385	SAMN04226678	species	1	0	no	5059	Aspergillus flavus	biotic	field	single_pathogen_focus
SRR2874385	SAMN04226678	genus	0	0	no	5059	Aspergillus flavus	biotic	field	single_pathogen_focus
SRR2874388	SAMN04226678	species	1	0	no	5059	Aspergillus flavus	biotic	field	single_pathogen_focus
SRR2874388	SAMN04226678	genus	0	0	no	5059	Aspergillus flavus	biotic	field	single_pathogen_focus
SRR2874389	SAMN04226678	species	1	0	no	5059	Aspergillus flavus	biotic	field	single_pathogen_focus
SRR2874389	SAMN04226678	genus	0	0	no	5059	Aspergillus flavus	biotic	field	single_pathogen_focus
SRR29076457	SAMN41447186	species	1	1	no	61366	Fusarium oxysporum f. sp. cubense	biotic	field	single_pathogen_focus
SRR29076457	SAMN41447186	genus	0	0	no	61366	Fusarium oxysporum f. sp. cubense	biotic	field	single_pathogen_focus
SRR29076488	SAMN41447187	species	1	1	no	61366	Fusarium oxysporum f. sp. cubense	biotic	field	single_pathogen_focus
SRR29076488	SAMN41447187	genus	0	0	no	61366	Fusarium oxysporum f. sp. cubense	biotic	field	single_pathogen_focus
SRR29076501	SAMN41447188	species	2	2	yes	61366	Fusarium oxysporum f. sp. cubense	biotic	field	single_pathogen_focus
SRR29076501	SAMN41447188	genus	0	0	no	61366	Fusarium oxysporum f. sp. cubense	biotic	field	single_pathogen_focus
SRR29076502	SAMN41447189	species	2	2	yes	61366	Fusarium oxysporum f. sp. cubense	biotic	field	single_pathogen_focus
SRR29076502	SAMN41447189	genus	0	0	no	61366	Fusarium oxysporum f. sp. cubense	biotic	field	single_pathogen_focus
SRR29076503	SAMN41447190	species	2	2	yes	61366	Fusarium oxysporum f. sp. cubense	biotic	field	single_pathogen_focus
SRR29076503	SAMN41447190	genus	0	0	no	61366	Fusarium oxysporum f. sp. cubense	biotic	field	single_pathogen_focus
SRR29076510	SAMN41447191	species	2	2	yes	61366	Fusarium oxysporum f. sp. cubense	biotic	field	single_pathogen_focus
SRR29076510	SAMN41447191	genus	0	0	no	61366	Fusarium oxysporum f. sp. cubense	biotic	field	single_pathogen_focus
SRR29076533	SAMN41447192	species	2	2	yes	61366	Fusarium oxysporum f. sp. cubense	biotic	field	single_pathogen_focus
SRR29076533	SAMN41447192	genus	0	0	no	61366	Fusarium oxysporum f. sp. cubense	biotic	field	single_pathogen_focus
SRR29076542	SAMN41447193	species	2	2	yes	61366	Fusarium oxysporum f. sp. cubense	biotic	field	single_pathogen_focus
SRR29076542	SAMN41447193	genus	0	0	no	61366	Fusarium oxysporum f. sp. cubense	biotic	field	single_pathogen_focus
SRR29076543	SAMN41447194	species	2	2	yes	61366	Fusarium oxysporum f. sp. cubense	biotic	field	single_pathogen_focus
SRR29076543	SAMN41447194	genus	0	0	no	61366	Fusarium oxysporum f. sp. cubense	biotic	field	single_pathogen_focus
SRR29077169	SAMN41447195	species	2	2	yes	61366	Fusarium oxysporum f. sp. cubense	biotic	field	single_pathogen_focus
SRR29077169	SAMN41447195	genus	0	0	no	61366	Fusarium oxysporum f. sp. cubense	biotic	field	single_pathogen_focus
SRR29077171	SAMN41447196	species	2	2	yes	61366	Fusarium oxysporum f. sp. cubense	biotic	field	single_pathogen_focus
SRR29077171	SAMN41447196	genus	0	0	no	61366	Fusarium oxysporum f. sp. cubense	biotic	field	single_pathogen_focus
SRR29077172	SAMN41447197	species	1	1	no	61366	Fusarium oxysporum f. sp. cubense	biotic	field	single_pathogen_focus
SRR29077172	SAMN41447197	genus	0	0	no	61366	Fusarium oxysporum f. sp. cubense	biotic	field	single_pathogen_focus
SRR29077173	SAMN41447198	species	2	2	yes	61366	Fusarium oxysporum f. sp. cubense	biotic	field	single_pathogen_focus
SRR29077173	SAMN41447198	genus	0	0	no	61366	Fusarium oxysporum f. sp. cubense	biotic	field	single_pathogen_focus
SRR29077174	SAMN41447199	species	2	2	yes	61366	Fusarium oxysporum f. sp. cubense	biotic	field	single_pathogen_focus
SRR29077174	SAMN41447199	genus	0	0	no	61366	Fusarium oxysporum f. sp. cubense	biotic	field	single_pathogen_focus
SRR29077175	SAMN41447200	species	2	2	yes	61366	Fusarium oxysporum f. sp. cubense	biotic	field	single_pathogen_focus
SRR29077175	SAMN41447200	genus	0	0	no	61366	Fusarium oxysporum f. sp. cubense	biotic	field	single_pathogen_focus
SRR29077176	SAMN41447201	species	2	2	yes	61366	Fusarium oxysporum f. sp. cubense	biotic	field	single_pathogen_focus
SRR29077176	SAMN41447201	genus	0	0	no	61366	Fusarium oxysporum f. sp. cubense	biotic	field	single_pathogen_focus
SRR29077177	SAMN41447202	species	2	2	yes	61366	Fusarium oxysporum f. sp. cubense	biotic	field	single_pathogen_focus
SRR29077177	SAMN41447202	genus	0	0	no	61366	Fusarium oxysporum f. sp. cubense	biotic	field	single_pathogen_focus
SRR29077178	SAMN41447203	species	2	2	yes	61366	Fusarium oxysporum f. sp. cubense	biotic	field	single_pathogen_focus
SRR29077178	SAMN41447203	genus	0	0	no	61366	Fusarium oxysporum f. sp. cubense	biotic	field	single_pathogen_focus
SRR2920074	SAMN04272885	species	0	0	no	305	Ralstonia solanacearum UW163; Ralstonia solanacearum IBSBF1503	biotic	field	single_pathogen_focus
SRR2920074	SAMN04272885	genus	0	0	no	305	Ralstonia solanacearum UW163; Ralstonia solanacearum IBSBF1503	biotic	field	single_pathogen_focus
SRR2920086	SAMN04272885	species	0	0	no	305	Ralstonia solanacearum UW163; Ralstonia solanacearum IBSBF1503	biotic	field	single_pathogen_focus
SRR2920086	SAMN04272885	genus	0	0	no	305	Ralstonia solanacearum UW163; Ralstonia solanacearum IBSBF1503	biotic	field	single_pathogen_focus
SRR2920464	SAMN04272885	species	0	0	no	305	Ralstonia solanacearum UW163; Ralstonia solanacearum IBSBF1503	biotic	field	single_pathogen_focus
SRR2920464	SAMN04272885	genus	0	0	no	305	Ralstonia solanacearum UW163; Ralstonia solanacearum IBSBF1503	biotic	field	single_pathogen_focus
SRR2920597	SAMN04272885	species	0	0	no	305	Ralstonia solanacearum UW163; Ralstonia solanacearum IBSBF1503	biotic	field	single_pathogen_focus
SRR2920597	SAMN04272885	genus	0	0	no	305	Ralstonia solanacearum UW163; Ralstonia solanacearum IBSBF1503	biotic	field	single_pathogen_focus
SRR2920608	SAMN04272885	species	0	0	no	305	Ralstonia solanacearum UW163; Ralstonia solanacearum IBSBF1503	biotic	field	single_pathogen_focus
SRR2920608	SAMN04272885	genus	0	0	no	305	Ralstonia solanacearum UW163; Ralstonia solanacearum IBSBF1503	biotic	field	single_pathogen_focus
SRR2920794	SAMN04272885	species	0	0	no	305	Ralstonia solanacearum UW163; Ralstonia solanacearum IBSBF1503	biotic	field	single_pathogen_focus
SRR2920794	SAMN04272885	genus	0	0	no	305	Ralstonia solanacearum UW163; Ralstonia solanacearum IBSBF1503	biotic	field	single_pathogen_focus
SRR2922399	SAMN04272886	species	0	0	no	305	Ralstonia solanacearum UW163; Ralstonia solanacearum IBSBF1503	biotic	field	single_pathogen_focus
SRR2922399	SAMN04272886	genus	0	0	no	305	Ralstonia solanacearum UW163; Ralstonia solanacearum IBSBF1503	biotic	field	single_pathogen_focus
SRR2922400	SAMN04272886	species	0	0	no	305	Ralstonia solanacearum UW163; Ralstonia solanacearum IBSBF1503	biotic	field	single_pathogen_focus
SRR2922400	SAMN04272886	genus	0	0	no	305	Ralstonia solanacearum UW163; Ralstonia solanacearum IBSBF1503	biotic	field	single_pathogen_focus
SRR2922401	SAMN04272886	species	0	0	no	305	Ralstonia solanacearum UW163; Ralstonia solanacearum IBSBF1503	biotic	field	single_pathogen_focus
SRR2922401	SAMN04272886	genus	0	0	no	305	Ralstonia solanacearum UW163; Ralstonia solanacearum IBSBF1503	biotic	field	single_pathogen_focus
SRR2922402	SAMN04272886	species	0	0	no	305	Ralstonia solanacearum UW163; Ralstonia solanacearum IBSBF1503	biotic	field	single_pathogen_focus
SRR2922402	SAMN04272886	genus	0	0	no	305	Ralstonia solanacearum UW163; Ralstonia solanacearum IBSBF1503	biotic	field	single_pathogen_focus
SRR2922403	SAMN04272886	species	0	0	no	305	Ralstonia solanacearum UW163; Ralstonia solanacearum IBSBF1503	biotic	field	single_pathogen_focus
SRR2922403	SAMN04272886	genus	0	0	no	305	Ralstonia solanacearum UW163; Ralstonia solanacearum IBSBF1503	biotic	field	single_pathogen_focus
SRR2922404	SAMN04272886	species	0	0	no	305	Ralstonia solanacearum UW163; Ralstonia solanacearum IBSBF1503	biotic	field	single_pathogen_focus
SRR2922404	SAMN04272886	genus	0	0	no	305	Ralstonia solanacearum UW163; Ralstonia solanacearum IBSBF1503	biotic	field	single_pathogen_focus
SRR2922433	SAMN04272887	species	0	0	no	305	Ralstonia solanacearum	biotic	field	single_pathogen_focus
SRR2922433	SAMN04272887	genus	0	0	no	305	Ralstonia solanacearum	biotic	field	single_pathogen_focus
SRR2922434	SAMN04272887	species	0	0	no	305	Ralstonia solanacearum	biotic	field	single_pathogen_focus
SRR2922434	SAMN04272887	genus	0	0	no	305	Ralstonia solanacearum	biotic	field	single_pathogen_focus
SRR2922435	SAMN04272887	species	0	0	no	305	Ralstonia solanacearum	biotic	field	single_pathogen_focus
SRR2922435	SAMN04272887	genus	0	0	no	305	Ralstonia solanacearum	biotic	field	single_pathogen_focus
SRR2922436	SAMN04272887	species	0	0	no	305	Ralstonia solanacearum	biotic	field	single_pathogen_focus
SRR2922436	SAMN04272887	genus	0	0	no	305	Ralstonia solanacearum	biotic	field	single_pathogen_focus
SRR2922437	SAMN04272887	species	0	0	no	305	Ralstonia solanacearum	biotic	field	single_pathogen_focus
SRR2922437	SAMN04272887	genus	0	0	no	305	Ralstonia solanacearum	biotic	field	single_pathogen_focus
SRR2922438	SAMN04272887	species	0	0	no	305	Ralstonia solanacearum	biotic	field	single_pathogen_focus
SRR2922438	SAMN04272887	genus	0	0	no	305	Ralstonia solanacearum	biotic	field	single_pathogen_focus
SRR2922439	SAMN04272888	species	0	0	no	305	Ralstonia solanacearum	biotic	field	single_pathogen_focus
SRR2922439	SAMN04272888	genus	0	0	no	305	Ralstonia solanacearum	biotic	field	single_pathogen_focus
SRR2922440	SAMN04272888	species	0	0	no	305	Ralstonia solanacearum	biotic	field	single_pathogen_focus
SRR2922440	SAMN04272888	genus	0	0	no	305	Ralstonia solanacearum	biotic	field	single_pathogen_focus
SRR2922441	SAMN04272888	species	0	0	no	305	Ralstonia solanacearum	biotic	field	single_pathogen_focus
SRR2922441	SAMN04272888	genus	0	0	no	305	Ralstonia solanacearum	biotic	field	single_pathogen_focus
SRR2922442	SAMN04272888	species	0	0	no	305	Ralstonia solanacearum	biotic	field	single_pathogen_focus
SRR2922442	SAMN04272888	genus	0	0	no	305	Ralstonia solanacearum	biotic	field	single_pathogen_focus
SRR2922443	SAMN04272888	species	0	0	no	305	Ralstonia solanacearum	biotic	field	single_pathogen_focus
SRR2922443	SAMN04272888	genus	0	0	no	305	Ralstonia solanacearum	biotic	field	single_pathogen_focus
SRR2922444	SAMN04272888	species	0	0	no	305	Ralstonia solanacearum	biotic	field	single_pathogen_focus
SRR2922444	SAMN04272888	genus	0	0	no	305	Ralstonia solanacearum	biotic	field	single_pathogen_focus
SRR29327393	SAMN41560753	species	1	1	no			none	field	not_disease_focused
SRR29327393	SAMN41560753	genus	0	0	no			none	field	not_disease_focused
SRR30126654	SAMN43026940	species	1	0	no	40559	Botrytis cinerea	biotic	field	single_pathogen_focus
SRR30126654	SAMN43026940	genus	0	0	no	40559	Botrytis cinerea	biotic	field	single_pathogen_focus
SRR30126656	SAMN43026943	species	1	0	no	40559	Botrytis cinerea	biotic	field	single_pathogen_focus
SRR30126656	SAMN43026943	genus	0	0	no	40559	Botrytis cinerea	biotic	field	single_pathogen_focus
SRR30126657	SAMN43026945	species	1	0	no	40559	Botrytis cinerea	biotic	field	single_pathogen_focus
SRR30126657	SAMN43026945	genus	0	0	no	40559	Botrytis cinerea	biotic	field	single_pathogen_focus
SRR30126660	SAMN43026946	species	1	0	no	40559	Botrytis cinerea	biotic	field	single_pathogen_focus
SRR30126660	SAMN43026946	genus	0	0	no	40559	Botrytis cinerea	biotic	field	single_pathogen_focus
SRR30126662	SAMN43026942	species	1	0	no	40559	Botrytis cinerea	biotic	field	single_pathogen_focus
SRR30126662	SAMN43026942	genus	0	0	no	40559	Botrytis cinerea	biotic	field	single_pathogen_focus
SRR30126665	SAMN43026952	species	1	0	no	40559	Botrytis cinerea	biotic	field	single_pathogen_focus
SRR30126665	SAMN43026952	genus	0	0	no	40559	Botrytis cinerea	biotic	field	single_pathogen_focus
SRR30126666	SAMN43026954	species	1	0	no	40559	Botrytis cinerea	biotic	field	single_pathogen_focus
SRR30126666	SAMN43026954	genus	0	0	no	40559	Botrytis cinerea	biotic	field	single_pathogen_focus
SRR30126671	SAMN43026953	species	1	0	no	40559	Botrytis cinerea	biotic	field	single_pathogen_focus
SRR30126671	SAMN43026953	genus	0	0	no	40559	Botrytis cinerea	biotic	field	single_pathogen_focus
SRR30427633	SAMN43252826	species	1	1	no			none	field	not_disease_focused
SRR30427633	SAMN43252826	genus	0	0	no			none	field	not_disease_focused
SRR30427804	SAMN43252749	species	1	1	no			none	field	not_disease_focused
SRR30427804	SAMN43252749	genus	0	0	no			none	field	not_disease_focused
SRR30673023	SAMN43620346	species	2	1	yes	456999,5016,5518,65070	Pythium aphanidermatum; Rhizoctonia solani; Bipolaris maydis; Fusarium graminearum	biotic	field	single_pathogen_focus
SRR30673023	SAMN43620346	genus	0	0	no	456999,5016,5518,65070	Pythium aphanidermatum; Rhizoctonia solani; Bipolaris maydis; Fusarium graminearum	biotic	field	single_pathogen_focus
SRR30673024	SAMN43620345	species	4	2	yes	456999,5016,5518,65070	Pythium aphanidermatum; Rhizoctonia solani; Bipolaris maydis; Fusarium graminearum	biotic	field	single_pathogen_focus
SRR30673024	SAMN43620345	genus	0	0	no	456999,5016,5518,65070	Pythium aphanidermatum; Rhizoctonia solani; Bipolaris maydis; Fusarium graminearum	biotic	field	single_pathogen_focus
SRR30673025	SAMN43620344	species	1	0	no	456999,5016,5518,65070	Pythium aphanidermatum; Rhizoctonia solani; Bipolaris maydis; Fusarium graminearum	biotic	field	single_pathogen_focus
SRR30673025	SAMN43620344	genus	0	0	no	456999,5016,5518,65070	Pythium aphanidermatum; Rhizoctonia solani; Bipolaris maydis; Fusarium graminearum	biotic	field	single_pathogen_focus
SRR30673031	SAMN43620348	species	2	1	yes	456999,5016,5518,65070	Pythium aphanidermatum; Rhizoctonia solani; Bipolaris maydis; Fusarium graminearum	biotic	field	single_pathogen_focus
SRR30673031	SAMN43620348	genus	0	0	no	456999,5016,5518,65070	Pythium aphanidermatum; Rhizoctonia solani; Bipolaris maydis; Fusarium graminearum	biotic	field	single_pathogen_focus
SRR30673032	SAMN43620347	species	3	1	yes	456999,5016,5518,65070	Pythium aphanidermatum; Rhizoctonia solani; Bipolaris maydis; Fusarium graminearum	biotic	field	single_pathogen_focus
SRR30673032	SAMN43620347	genus	0	0	no	456999,5016,5518,65070	Pythium aphanidermatum; Rhizoctonia solani; Bipolaris maydis; Fusarium graminearum	biotic	field	single_pathogen_focus
SRR3090580	SAMN04386758	species	1	0	no	34373,5518	Fusarium graminearum; Blumeria graminis f.sp.tritici	biotic	field	single_pathogen_focus
SRR3090580	SAMN04386758	genus	0	0	no	34373,5518	Fusarium graminearum; Blumeria graminis f.sp.tritici	biotic	field	single_pathogen_focus
SRR30977603	SAMN44249110	species	1	1	no	168172	Puccinia striiformis f. sp. tritici; Pst; P. capsici	biotic	field	single_pathogen_focus
SRR30977603	SAMN44249110	genus	0	0	no	168172	Puccinia striiformis f. sp. tritici; Pst; P. capsici	biotic	field	single_pathogen_focus
SRR31200152	SAMN44536829	species	1	0	no	5518	Fusarium graminearum	biotic	field	single_pathogen_focus
SRR31200152	SAMN44536829	genus	0	0	no	5518	Fusarium graminearum	biotic	field	single_pathogen_focus
SRR31200153	SAMN44536829	species	1	0	no	5518	Fusarium graminearum	biotic	field	single_pathogen_focus
SRR31200153	SAMN44536829	genus	0	0	no	5518	Fusarium graminearum	biotic	field	single_pathogen_focus
SRR31200154	SAMN44536829	species	1	0	no	5518	Fusarium graminearum	biotic	field	single_pathogen_focus
SRR31200154	SAMN44536829	genus	0	0	no	5518	Fusarium graminearum	biotic	field	single_pathogen_focus
SRR31200155	SAMN44536829	species	1	0	no	5518	Fusarium graminearum	biotic	field	single_pathogen_focus
SRR31200155	SAMN44536829	genus	0	0	no	5518	Fusarium graminearum	biotic	field	single_pathogen_focus
SRR31200163	SAMN44536829	species	0	0	no	5518	Fusarium graminearum	biotic	field	single_pathogen_focus
SRR31200163	SAMN44536829	genus	0	0	no	5518	Fusarium graminearum	biotic	field	single_pathogen_focus
SRR31200164	SAMN44536829	species	0	0	no	5518	Fusarium graminearum	biotic	field	single_pathogen_focus
SRR31200164	SAMN44536829	genus	0	0	no	5518	Fusarium graminearum	biotic	field	single_pathogen_focus
SRR31200165	SAMN44536829	species	0	0	no	5518	Fusarium graminearum	biotic	field	single_pathogen_focus
SRR31200165	SAMN44536829	genus	0	0	no	5518	Fusarium graminearum	biotic	field	single_pathogen_focus
SRR31200166	SAMN44536829	species	0	0	no	5518	Fusarium graminearum	biotic	field	single_pathogen_focus
SRR31200166	SAMN44536829	genus	0	0	no	5518	Fusarium graminearum	biotic	field	single_pathogen_focus
SRR31200167	SAMN44536829	species	0	0	no	5518	Fusarium graminearum	biotic	field	single_pathogen_focus
SRR31200167	SAMN44536829	genus	0	0	no	5518	Fusarium graminearum	biotic	field	single_pathogen_focus
SRR31200168	SAMN44536829	species	0	0	no	5518	Fusarium graminearum	biotic	field	single_pathogen_focus
SRR31200168	SAMN44536829	genus	0	0	no	5518	Fusarium graminearum	biotic	field	single_pathogen_focus
SRR31200169	SAMN44536829	species	1	0	no	5518	Fusarium graminearum	biotic	field	single_pathogen_focus
SRR31200169	SAMN44536829	genus	0	0	no	5518	Fusarium graminearum	biotic	field	single_pathogen_focus
SRR31200170	SAMN44536829	species	1	0	no	5518	Fusarium graminearum	biotic	field	single_pathogen_focus
SRR31200170	SAMN44536829	genus	0	0	no	5518	Fusarium graminearum	biotic	field	single_pathogen_focus
SRR31204179	SAMN44554633	species	1	0	no	31870,318829,80884	Magnaporthe oryzae; Colletotrichum higginsianum; Colletotrichum graminicola	biotic	field	single_pathogen_focus
SRR31204179	SAMN44554633	genus	0	0	no	31870,318829,80884	Magnaporthe oryzae; Colletotrichum higginsianum; Colletotrichum graminicola	biotic	field	single_pathogen_focus
SRR31204180	SAMN44554632	species	1	0	no	31870,318829,80884	Magnaporthe oryzae; Colletotrichum higginsianum; Colletotrichum graminicola	biotic	field	single_pathogen_focus
SRR31204180	SAMN44554632	genus	0	0	no	31870,318829,80884	Magnaporthe oryzae; Colletotrichum higginsianum; Colletotrichum graminicola	biotic	field	single_pathogen_focus
SRR31204181	SAMN44554631	species	1	0	no	31870,318829,80884	Magnaporthe oryzae; Colletotrichum higginsianum; Colletotrichum graminicola	biotic	field	single_pathogen_focus
SRR31204181	SAMN44554631	genus	0	0	no	31870,318829,80884	Magnaporthe oryzae; Colletotrichum higginsianum; Colletotrichum graminicola	biotic	field	single_pathogen_focus
SRR31204182	SAMN44554630	species	1	0	no	31870,318829,80884	Magnaporthe oryzae; Colletotrichum higginsianum; Colletotrichum graminicola	biotic	field	single_pathogen_focus
SRR31204182	SAMN44554630	genus	0	0	no	31870,318829,80884	Magnaporthe oryzae; Colletotrichum higginsianum; Colletotrichum graminicola	biotic	field	single_pathogen_focus
SRR31204183	SAMN44554629	species	1	0	no	31870,318829,80884	Magnaporthe oryzae; Colletotrichum higginsianum; Colletotrichum graminicola	biotic	field	single_pathogen_focus
SRR31204183	SAMN44554629	genus	0	0	no	31870,318829,80884	Magnaporthe oryzae; Colletotrichum higginsianum; Colletotrichum graminicola	biotic	field	single_pathogen_focus
SRR31204184	SAMN44554628	species	1	0	no	31870,318829,80884	Magnaporthe oryzae; Colletotrichum higginsianum; Colletotrichum graminicola	biotic	field	single_pathogen_focus
SRR31204184	SAMN44554628	genus	0	0	no	31870,318829,80884	Magnaporthe oryzae; Colletotrichum higginsianum; Colletotrichum graminicola	biotic	field	single_pathogen_focus
SRR31278110	SAMN44628925	species	2	1	yes	5518	Fusarium graminearum	biotic	field	single_pathogen_focus
SRR31278110	SAMN44628925	genus	0	0	no	5518	Fusarium graminearum	biotic	field	single_pathogen_focus
SRR31278111	SAMN44628924	species	2	1	yes	5518	Fusarium graminearum	biotic	field	single_pathogen_focus
SRR31278111	SAMN44628924	genus	0	0	no	5518	Fusarium graminearum	biotic	field	single_pathogen_focus
SRR31278112	SAMN44628923	species	2	1	yes	5518	Fusarium graminearum	biotic	field	single_pathogen_focus
SRR31278112	SAMN44628923	genus	0	0	no	5518	Fusarium graminearum	biotic	field	single_pathogen_focus
SRR31278113	SAMN44628922	species	2	1	yes	5518	Fusarium graminearum	biotic	field	single_pathogen_focus
SRR31278113	SAMN44628922	genus	0	0	no	5518	Fusarium graminearum	biotic	field	single_pathogen_focus
SRR31278114	SAMN44628921	species	2	1	yes	5518	Fusarium graminearum	biotic	field	single_pathogen_focus
SRR31278114	SAMN44628921	genus	0	0	no	5518	Fusarium graminearum	biotic	field	single_pathogen_focus
SRR31278117	SAMN44628934	species	2	1	yes	5518	Fusarium graminearum	biotic	field	single_pathogen_focus
SRR31278117	SAMN44628934	genus	0	0	no	5518	Fusarium graminearum	biotic	field	single_pathogen_focus
SRR31278118	SAMN44628933	species	2	1	yes	5518	Fusarium graminearum	biotic	field	single_pathogen_focus
SRR31278118	SAMN44628933	genus	0	0	no	5518	Fusarium graminearum	biotic	field	single_pathogen_focus
SRR31278119	SAMN44628932	species	2	1	yes	5518	Fusarium graminearum	biotic	field	single_pathogen_focus
SRR31278119	SAMN44628932	genus	0	0	no	5518	Fusarium graminearum	biotic	field	single_pathogen_focus
SRR31278120	SAMN44628931	species	2	1	yes	5518	Fusarium graminearum	biotic	field	single_pathogen_focus
SRR31278120	SAMN44628931	genus	0	0	no	5518	Fusarium graminearum	biotic	field	single_pathogen_focus
SRR31278121	SAMN44628930	species	2	1	yes	5518	Fusarium graminearum	biotic	field	single_pathogen_focus
SRR31278121	SAMN44628930	genus	0	0	no	5518	Fusarium graminearum	biotic	field	single_pathogen_focus
SRR31278122	SAMN44628929	species	2	1	yes	5518	Fusarium graminearum	biotic	field	single_pathogen_focus
SRR31278122	SAMN44628929	genus	0	0	no	5518	Fusarium graminearum	biotic	field	single_pathogen_focus
SRR31278123	SAMN44628928	species	2	1	yes	5518	Fusarium graminearum	biotic	field	single_pathogen_focus
SRR31278123	SAMN44628928	genus	0	0	no	5518	Fusarium graminearum	biotic	field	single_pathogen_focus
SRR31514621	SAMN43969397	species	0	0	no	552	Erwinia amylovora	biotic	field	single_pathogen_focus
SRR31514621	SAMN43969397	genus	0	0	no	552	Erwinia amylovora	biotic	field	single_pathogen_focus
SRR31514622	SAMN43969398	species	0	0	no	552	Erwinia amylovora	biotic	field	single_pathogen_focus
SRR31514622	SAMN43969398	genus	0	0	no	552	Erwinia amylovora	biotic	field	single_pathogen_focus
SRR31514625	SAMN43969390	species	0	0	no	552	Erwinia amylovora	biotic	field	single_pathogen_focus
SRR31514625	SAMN43969390	genus	0	0	no	552	Erwinia amylovora	biotic	field	single_pathogen_focus
SRR31514626	SAMN43969391	species	0	0	no	552	Erwinia amylovora	biotic	field	single_pathogen_focus
SRR31514626	SAMN43969391	genus	0	0	no	552	Erwinia amylovora	biotic	field	single_pathogen_focus
SRR31514627	SAMN43969392	species	0	0	no	552	Erwinia amylovora	biotic	field	single_pathogen_focus
SRR31514627	SAMN43969392	genus	0	0	no	552	Erwinia amylovora	biotic	field	single_pathogen_focus
SRR31514628	SAMN43969393	species	0	0	no	552	Erwinia amylovora	biotic	field	single_pathogen_focus
SRR31514628	SAMN43969393	genus	0	0	no	552	Erwinia amylovora	biotic	field	single_pathogen_focus
SRR31514631	SAMN43969396	species	0	0	no	552	Erwinia amylovora	biotic	field	single_pathogen_focus
SRR31514631	SAMN43969396	genus	0	0	no	552	Erwinia amylovora	biotic	field	single_pathogen_focus
SRR31514632	SAMN43969394	species	0	0	no	552	Erwinia amylovora	biotic	field	single_pathogen_focus
SRR31514632	SAMN43969394	genus	0	0	no	552	Erwinia amylovora	biotic	field	single_pathogen_focus
SRR31514633	SAMN43969395	species	0	0	no	552	Erwinia amylovora	biotic	field	single_pathogen_focus
SRR31514633	SAMN43969395	genus	0	0	no	552	Erwinia amylovora	biotic	field	single_pathogen_focus
SRR31776302	SAMN45905810	species	1	0	no	5180	Sclerotinia sclerotiorum	biotic	field	single_pathogen_focus
SRR31776302	SAMN45905810	genus	0	0	no	5180	Sclerotinia sclerotiorum	biotic	field	single_pathogen_focus
SRR31830259	SAMN45970099	species	1	1	no	180957	Pectobacterium carotovorum subsp. brasiliense	biotic	field	intentional_multi_pathogen
SRR31830259	SAMN45970099	genus	0	0	no	180957	Pectobacterium carotovorum subsp. brasiliense	biotic	field	intentional_multi_pathogen
SRR31830260	SAMN45970098	species	1	1	no	180957	Pectobacterium carotovorum subsp. brasiliense	biotic	field	intentional_multi_pathogen
SRR31830260	SAMN45970098	genus	0	0	no	180957	Pectobacterium carotovorum subsp. brasiliense	biotic	field	intentional_multi_pathogen
SRR31839224	SAMN45964850	species	3	2	yes	5518	Fusarium graminearum	biotic	field	single_pathogen_focus
SRR31839224	SAMN45964850	genus	0	0	no	5518	Fusarium graminearum	biotic	field	single_pathogen_focus
SRR31839225	SAMN45964849	species	3	2	yes	5518	Fusarium graminearum	biotic	field	single_pathogen_focus
SRR31839225	SAMN45964849	genus	0	0	no	5518	Fusarium graminearum	biotic	field	single_pathogen_focus
SRR31839226	SAMN45964848	species	2	1	yes	5518	Fusarium graminearum	biotic	field	single_pathogen_focus
SRR31839226	SAMN45964848	genus	0	0	no	5518	Fusarium graminearum	biotic	field	single_pathogen_focus
SRR31839227	SAMN45964847	species	2	1	yes	5518	Fusarium graminearum	biotic	field	single_pathogen_focus
SRR31839227	SAMN45964847	genus	0	0	no	5518	Fusarium graminearum	biotic	field	single_pathogen_focus
SRR31850419	SAMN36449412	species	0	0	no	12058,1506574	astrovirus; picornavirus; parvovirus	biotic	field	single_pathogen_focus
SRR31850419	SAMN36449412	genus	0	0	no	12058,1506574	astrovirus; picornavirus; parvovirus	biotic	field	single_pathogen_focus
SRR31850420	SAMN36449411	species	0	0	no	12058,1506574	astrovirus; picornavirus; parvovirus	biotic	field	single_pathogen_focus
SRR31850420	SAMN36449411	genus	0	0	no	12058,1506574	astrovirus; picornavirus; parvovirus	biotic	field	single_pathogen_focus
SRR31850421	SAMN36449410	species	0	0	no	12058,1506574	astrovirus; picornavirus; parvovirus	biotic	field	single_pathogen_focus
SRR31850421	SAMN36449410	genus	0	0	no	12058,1506574	astrovirus; picornavirus; parvovirus	biotic	field	single_pathogen_focus
SRR31850422	SAMN36449409	species	0	0	no	12058,1506574	astrovirus; picornavirus; parvovirus	biotic	field	single_pathogen_focus
SRR31850422	SAMN36449409	genus	0	0	no	12058,1506574	astrovirus; picornavirus; parvovirus	biotic	field	single_pathogen_focus
SRR31850423	SAMN36449408	species	0	0	no	12058,1506574	astrovirus; picornavirus; parvovirus	biotic	field	single_pathogen_focus
SRR31850423	SAMN36449408	genus	0	0	no	12058,1506574	astrovirus; picornavirus; parvovirus	biotic	field	single_pathogen_focus
SRR31850424	SAMN36449407	species	0	0	no	12058,1506574	astrovirus; picornavirus; parvovirus	biotic	field	single_pathogen_focus
SRR31850424	SAMN36449407	genus	0	0	no	12058,1506574	astrovirus; picornavirus; parvovirus	biotic	field	single_pathogen_focus
SRR31850425	SAMN36449406	species	0	0	no	12058,1506574	astrovirus; picornavirus; parvovirus	biotic	field	single_pathogen_focus
SRR31850425	SAMN36449406	genus	0	0	no	12058,1506574	astrovirus; picornavirus; parvovirus	biotic	field	single_pathogen_focus
SRR31850431	SAMN36449401	species	0	0	no	12058,1506574	astrovirus; picornavirus; parvovirus	biotic	field	single_pathogen_focus
SRR31850431	SAMN36449401	genus	0	0	no	12058,1506574	astrovirus; picornavirus; parvovirus	biotic	field	single_pathogen_focus
SRR31850432	SAMN36449400	species	0	0	no	12058,1506574	astrovirus; picornavirus; parvovirus	biotic	field	single_pathogen_focus
SRR31850432	SAMN36449400	genus	0	0	no	12058,1506574	astrovirus; picornavirus; parvovirus	biotic	field	single_pathogen_focus
SRR31850433	SAMN36449399	species	0	0	no	12058,1506574	astrovirus; picornavirus; parvovirus	biotic	field	single_pathogen_focus
SRR31850433	SAMN36449399	genus	0	0	no	12058,1506574	astrovirus; picornavirus; parvovirus	biotic	field	single_pathogen_focus
SRR31850434	SAMN36449398	species	0	0	no	12058,1506574	astrovirus; picornavirus; parvovirus	biotic	field	single_pathogen_focus
SRR31850434	SAMN36449398	genus	0	0	no	12058,1506574	astrovirus; picornavirus; parvovirus	biotic	field	single_pathogen_focus
SRR31850435	SAMN36449397	species	0	0	no	12058,1506574	astrovirus; picornavirus; parvovirus	biotic	field	single_pathogen_focus
SRR31850435	SAMN36449397	genus	0	0	no	12058,1506574	astrovirus; picornavirus; parvovirus	biotic	field	single_pathogen_focus
SRR31851388	SAMN45970130	species	1	1	no	168172	Puccinia striiformis f. sp. tritici	biotic	field	single_pathogen_focus
SRR31851388	SAMN45970130	genus	0	0	no	168172	Puccinia striiformis f. sp. tritici	biotic	field	single_pathogen_focus
SRR31851391	SAMN45970143	species	1	1	no	168172	Puccinia striiformis f. sp. tritici	biotic	field	single_pathogen_focus
SRR31851391	SAMN45970143	genus	0	0	no	168172	Puccinia striiformis f. sp. tritici	biotic	field	single_pathogen_focus
SRR31851394	SAMN45970140	species	1	1	no	168172	Puccinia striiformis f. sp. tritici	biotic	field	single_pathogen_focus
SRR31851394	SAMN45970140	genus	0	0	no	168172	Puccinia striiformis f. sp. tritici	biotic	field	single_pathogen_focus
SRR31851395	SAMN45970139	species	1	1	no	168172	Puccinia striiformis f. sp. tritici	biotic	field	single_pathogen_focus
SRR31851395	SAMN45970139	genus	0	0	no	168172	Puccinia striiformis f. sp. tritici	biotic	field	single_pathogen_focus
SRR31851396	SAMN45970138	species	1	1	no	168172	Puccinia striiformis f. sp. tritici	biotic	field	single_pathogen_focus
SRR31851396	SAMN45970138	genus	0	0	no	168172	Puccinia striiformis f. sp. tritici	biotic	field	single_pathogen_focus
SRR31851397	SAMN45970137	species	1	1	no	168172	Puccinia striiformis f. sp. tritici	biotic	field	single_pathogen_focus
SRR31851397	SAMN45970137	genus	0	0	no	168172	Puccinia striiformis f. sp. tritici	biotic	field	single_pathogen_focus
SRR32021761	SAMN46277884	species	1	0	no	40559	Botrytis cinerea	biotic	field	single_pathogen_focus
SRR32021761	SAMN46277884	genus	0	0	no	40559	Botrytis cinerea	biotic	field	single_pathogen_focus
SRR32467361	SAMN46923511	species	3	3	yes	168172	Puccinia striiformis f. sp. tritici	biotic	field	single_pathogen_focus
SRR32467361	SAMN46923511	genus	0	0	no	168172	Puccinia striiformis f. sp. tritici	biotic	field	single_pathogen_focus
SRR32467363	SAMN46923509	species	1	1	no	168172	Puccinia striiformis f. sp. tritici	biotic	field	single_pathogen_focus
SRR32467363	SAMN46923509	genus	0	0	no	168172	Puccinia striiformis f. sp. tritici	biotic	field	single_pathogen_focus
SRR32467364	SAMN46923508	species	1	1	no	168172	Puccinia striiformis f. sp. tritici	biotic	field	single_pathogen_focus
SRR32467364	SAMN46923508	genus	0	0	no	168172	Puccinia striiformis f. sp. tritici	biotic	field	single_pathogen_focus
SRR32467368	SAMN46923504	species	1	1	no	168172	Puccinia striiformis f. sp. tritici	biotic	field	single_pathogen_focus
SRR32467368	SAMN46923504	genus	0	0	no	168172	Puccinia striiformis f. sp. tritici	biotic	field	single_pathogen_focus
SRR32589261	SAMN47240511	species	0	0	no	10834,1825924,2169985	Barley virus G; Barley yellow dwarf virus-PAS; Wheat dwarf virus	biotic	field	intentional_multi_pathogen
SRR32589261	SAMN47240511	genus	0	0	no	10834,1825924,2169985	Barley virus G; Barley yellow dwarf virus-PAS; Wheat dwarf virus	biotic	field	intentional_multi_pathogen
SRR32589262	SAMN47240510	species	1	1	no	10834,1825924,2169985	Barley virus G; Barley yellow dwarf virus-PAS; Wheat dwarf virus	biotic	field	intentional_multi_pathogen
SRR32589262	SAMN47240510	genus	0	0	no	10834,1825924,2169985	Barley virus G; Barley yellow dwarf virus-PAS; Wheat dwarf virus	biotic	field	intentional_multi_pathogen
SRR32620559	SAMN47205414	species	1	1	no	168172	Puccinia striiformis f. sp. tritici	biotic	field	single_pathogen_focus
SRR32620559	SAMN47205414	genus	0	0	no	168172	Puccinia striiformis f. sp. tritici	biotic	field	single_pathogen_focus
SRR32620560	SAMN47205413	species	1	1	no	168172	Puccinia striiformis f. sp. tritici	biotic	field	single_pathogen_focus
SRR32620560	SAMN47205413	genus	0	0	no	168172	Puccinia striiformis f. sp. tritici	biotic	field	single_pathogen_focus
SRR32620561	SAMN47205412	species	1	1	no	168172	Puccinia striiformis f. sp. tritici	biotic	field	single_pathogen_focus
SRR32620561	SAMN47205412	genus	0	0	no	168172	Puccinia striiformis f. sp. tritici	biotic	field	single_pathogen_focus
SRR32620562	SAMN47205411	species	1	1	no	168172	Puccinia striiformis f. sp. tritici	biotic	field	single_pathogen_focus
SRR32620562	SAMN47205411	genus	0	0	no	168172	Puccinia striiformis f. sp. tritici	biotic	field	single_pathogen_focus
SRR32620563	SAMN47205410	species	1	1	no	168172	Puccinia striiformis f. sp. tritici	biotic	field	single_pathogen_focus
SRR32620563	SAMN47205410	genus	0	0	no	168172	Puccinia striiformis f. sp. tritici	biotic	field	single_pathogen_focus
SRR32620564	SAMN47205409	species	1	1	no	168172	Puccinia striiformis f. sp. tritici	biotic	field	single_pathogen_focus
SRR32620564	SAMN47205409	genus	0	0	no	168172	Puccinia striiformis f. sp. tritici	biotic	field	single_pathogen_focus
SRR32620565	SAMN47205408	species	1	1	no	168172	Puccinia striiformis f. sp. tritici	biotic	field	single_pathogen_focus
SRR32620565	SAMN47205408	genus	0	0	no	168172	Puccinia striiformis f. sp. tritici	biotic	field	single_pathogen_focus
SRR32620569	SAMN47205425	species	1	1	no	168172	Puccinia striiformis f. sp. tritici	biotic	field	single_pathogen_focus
SRR32620569	SAMN47205425	genus	0	0	no	168172	Puccinia striiformis f. sp. tritici	biotic	field	single_pathogen_focus
SRR32620570	SAMN47205407	species	1	1	no	168172	Puccinia striiformis f. sp. tritici	biotic	field	single_pathogen_focus
SRR32620570	SAMN47205407	genus	0	0	no	168172	Puccinia striiformis f. sp. tritici	biotic	field	single_pathogen_focus
SRR32620571	SAMN47205424	species	1	1	no	168172	Puccinia striiformis f. sp. tritici	biotic	field	single_pathogen_focus
SRR32620571	SAMN47205424	genus	0	0	no	168172	Puccinia striiformis f. sp. tritici	biotic	field	single_pathogen_focus
SRR32620572	SAMN47205423	species	1	1	no	168172	Puccinia striiformis f. sp. tritici	biotic	field	single_pathogen_focus
SRR32620572	SAMN47205423	genus	0	0	no	168172	Puccinia striiformis f. sp. tritici	biotic	field	single_pathogen_focus
SRR32620573	SAMN47205422	species	1	1	no	168172	Puccinia striiformis f. sp. tritici	biotic	field	single_pathogen_focus
SRR32620573	SAMN47205422	genus	0	0	no	168172	Puccinia striiformis f. sp. tritici	biotic	field	single_pathogen_focus
SRR32620574	SAMN47205421	species	1	1	no	168172	Puccinia striiformis f. sp. tritici	biotic	field	single_pathogen_focus
SRR32620574	SAMN47205421	genus	0	0	no	168172	Puccinia striiformis f. sp. tritici	biotic	field	single_pathogen_focus
SRR32620575	SAMN47205420	species	1	1	no	168172	Puccinia striiformis f. sp. tritici	biotic	field	single_pathogen_focus
SRR32620575	SAMN47205420	genus	0	0	no	168172	Puccinia striiformis f. sp. tritici	biotic	field	single_pathogen_focus
SRR32620576	SAMN47205419	species	1	1	no	168172	Puccinia striiformis f. sp. tritici	biotic	field	single_pathogen_focus
SRR32620576	SAMN47205419	genus	0	0	no	168172	Puccinia striiformis f. sp. tritici	biotic	field	single_pathogen_focus
SRR32620577	SAMN47205418	species	1	1	no	168172	Puccinia striiformis f. sp. tritici	biotic	field	single_pathogen_focus
SRR32620577	SAMN47205418	genus	0	0	no	168172	Puccinia striiformis f. sp. tritici	biotic	field	single_pathogen_focus
SRR32620578	SAMN47205417	species	1	1	no	168172	Puccinia striiformis f. sp. tritici	biotic	field	single_pathogen_focus
SRR32620578	SAMN47205417	genus	0	0	no	168172	Puccinia striiformis f. sp. tritici	biotic	field	single_pathogen_focus
SRR32620579	SAMN47205416	species	1	1	no	168172	Puccinia striiformis f. sp. tritici	biotic	field	single_pathogen_focus
SRR32620579	SAMN47205416	genus	0	0	no	168172	Puccinia striiformis f. sp. tritici	biotic	field	single_pathogen_focus
SRR32620580	SAMN47205415	species	1	1	no	168172	Puccinia striiformis f. sp. tritici	biotic	field	single_pathogen_focus
SRR32620580	SAMN47205415	genus	0	0	no	168172	Puccinia striiformis f. sp. tritici	biotic	field	single_pathogen_focus
SRR32620581	SAMN47205406	species	1	1	no	168172	Puccinia striiformis f. sp. tritici	biotic	field	single_pathogen_focus
SRR32620581	SAMN47205406	genus	0	0	no	168172	Puccinia striiformis f. sp. tritici	biotic	field	single_pathogen_focus
SRR32620582	SAMN47205405	species	1	1	no	168172	Puccinia striiformis f. sp. tritici	biotic	field	single_pathogen_focus
SRR32620582	SAMN47205405	genus	0	0	no	168172	Puccinia striiformis f. sp. tritici	biotic	field	single_pathogen_focus
SRR32660884	SAMN47311318	species	1	1	no	168172	Puccinia striiformis f. sp. tritici	biotic	field	single_pathogen_focus
SRR32660884	SAMN47311318	genus	0	0	no	168172	Puccinia striiformis f. sp. tritici	biotic	field	single_pathogen_focus
SRR32660886	SAMN47311316	species	1	1	no	168172	Puccinia striiformis f. sp. tritici	biotic	field	single_pathogen_focus
SRR32660886	SAMN47311316	genus	0	0	no	168172	Puccinia striiformis f. sp. tritici	biotic	field	single_pathogen_focus
SRR32660893	SAMN47311319	species	1	1	no	168172	Puccinia striiformis f. sp. tritici	biotic	field	single_pathogen_focus
SRR32660893	SAMN47311319	genus	0	0	no	168172	Puccinia striiformis f. sp. tritici	biotic	field	single_pathogen_focus
SRR32764820	SAMN47445470	species	0	0	no	112228,12253,375546	Tomato mosaic virus; Hydrangea chlorotic mottle virus; Hydrangea ringspot virus	biotic	field	intentional_multi_pathogen
SRR32764820	SAMN47445470	genus	0	0	no	112228,12253,375546	Tomato mosaic virus; Hydrangea chlorotic mottle virus; Hydrangea ringspot virus	biotic	field	intentional_multi_pathogen
SRR32920566	SAMN47625853	species	2	2	yes			abiotic	field	not_disease_focused
SRR32920566	SAMN47625853	genus	0	0	no			abiotic	field	not_disease_focused
SRR32920595	SAMN47625858	species	3	3	yes			abiotic	field	not_disease_focused
SRR32920595	SAMN47625858	genus	0	0	no			abiotic	field	not_disease_focused
SRR32920596	SAMN47625857	species	4	4	yes			abiotic	field	not_disease_focused
SRR32920596	SAMN47625857	genus	0	0	no			abiotic	field	not_disease_focused
SRR32920599	SAMN47625854	species	2	2	yes			abiotic	field	not_disease_focused
SRR32920599	SAMN47625854	genus	0	0	no			abiotic	field	not_disease_focused
SRR32959933	SAMN47757768	species	2	1	yes	27337	Verticillium dahliae	biotic	field	single_pathogen_focus
SRR32959933	SAMN47757768	genus	0	0	no	27337	Verticillium dahliae	biotic	field	single_pathogen_focus
SRR32959934	SAMN47757767	species	2	1	yes	27337	Verticillium dahliae	biotic	field	single_pathogen_focus
SRR32959934	SAMN47757767	genus	0	0	no	27337	Verticillium dahliae	biotic	field	single_pathogen_focus
SRR32959935	SAMN47757766	species	2	1	yes	27337	Verticillium dahliae	biotic	field	single_pathogen_focus
SRR32959935	SAMN47757766	genus	0	0	no	27337	Verticillium dahliae	biotic	field	single_pathogen_focus
SRR32959936	SAMN47757765	species	2	1	yes	27337	Verticillium dahliae	biotic	field	single_pathogen_focus
SRR32959936	SAMN47757765	genus	0	0	no	27337	Verticillium dahliae	biotic	field	single_pathogen_focus
SRR32959937	SAMN47757764	species	2	1	yes	27337	Verticillium dahliae	biotic	field	single_pathogen_focus
SRR32959937	SAMN47757764	genus	0	0	no	27337	Verticillium dahliae	biotic	field	single_pathogen_focus
SRR32959938	SAMN47757763	species	2	1	yes	27337	Verticillium dahliae	biotic	field	single_pathogen_focus
SRR32959938	SAMN47757763	genus	0	0	no	27337	Verticillium dahliae	biotic	field	single_pathogen_focus
SRR32959939	SAMN47757762	species	2	1	yes	27337	Verticillium dahliae	biotic	field	single_pathogen_focus
SRR32959939	SAMN47757762	genus	0	0	no	27337	Verticillium dahliae	biotic	field	single_pathogen_focus
SRR32959940	SAMN47757782	species	2	1	yes	27337	Verticillium dahliae	biotic	field	single_pathogen_focus
SRR32959940	SAMN47757782	genus	0	0	no	27337	Verticillium dahliae	biotic	field	single_pathogen_focus
SRR32959941	SAMN47757781	species	2	1	yes	27337	Verticillium dahliae	biotic	field	single_pathogen_focus
SRR32959941	SAMN47757781	genus	0	0	no	27337	Verticillium dahliae	biotic	field	single_pathogen_focus
SRR32959942	SAMN47757780	species	2	1	yes	27337	Verticillium dahliae	biotic	field	single_pathogen_focus
SRR32959942	SAMN47757780	genus	0	0	no	27337	Verticillium dahliae	biotic	field	single_pathogen_focus
SRR32959943	SAMN47757779	species	2	1	yes	27337	Verticillium dahliae	biotic	field	single_pathogen_focus
SRR32959943	SAMN47757779	genus	0	0	no	27337	Verticillium dahliae	biotic	field	single_pathogen_focus
SRR32959945	SAMN47757778	species	2	1	yes	27337	Verticillium dahliae	biotic	field	single_pathogen_focus
SRR32959945	SAMN47757778	genus	0	0	no	27337	Verticillium dahliae	biotic	field	single_pathogen_focus
SRR32959946	SAMN47757777	species	2	1	yes	27337	Verticillium dahliae	biotic	field	single_pathogen_focus
SRR32959946	SAMN47757777	genus	0	0	no	27337	Verticillium dahliae	biotic	field	single_pathogen_focus
SRR32959947	SAMN47757776	species	2	1	yes	27337	Verticillium dahliae	biotic	field	single_pathogen_focus
SRR32959947	SAMN47757776	genus	0	0	no	27337	Verticillium dahliae	biotic	field	single_pathogen_focus
SRR32959948	SAMN47757775	species	2	1	yes	27337	Verticillium dahliae	biotic	field	single_pathogen_focus
SRR32959948	SAMN47757775	genus	0	0	no	27337	Verticillium dahliae	biotic	field	single_pathogen_focus
SRR32959949	SAMN47757774	species	2	1	yes	27337	Verticillium dahliae	biotic	field	single_pathogen_focus
SRR32959949	SAMN47757774	genus	0	0	no	27337	Verticillium dahliae	biotic	field	single_pathogen_focus
SRR32959953	SAMN47757770	species	2	1	yes	27337	Verticillium dahliae	biotic	field	single_pathogen_focus
SRR32959953	SAMN47757770	genus	0	0	no	27337	Verticillium dahliae	biotic	field	single_pathogen_focus
SRR32959954	SAMN47757769	species	2	1	yes	27337	Verticillium dahliae	biotic	field	single_pathogen_focus
SRR32959954	SAMN47757769	genus	0	0	no	27337	Verticillium dahliae	biotic	field	single_pathogen_focus
SRR33510052	SAMN48412555	species	2	2	yes			abiotic	field	not_disease_focused
SRR33510052	SAMN48412555	genus	0	0	no			abiotic	field	not_disease_focused
SRR33510057	SAMN48412585	species	2	2	yes			abiotic	field	not_disease_focused
SRR33510057	SAMN48412585	genus	0	0	no			abiotic	field	not_disease_focused
SRR33583432	SAMN48523084	species	0	0	no	3052585	Tomato spotted wilt virus (TSWV)	biotic	field	single_pathogen_focus
SRR33583432	SAMN48523084	genus	0	0	no	3052585	Tomato spotted wilt virus (TSWV)	biotic	field	single_pathogen_focus
SRR33583433	SAMN48523083	species	0	0	no	3052585	Tomato spotted wilt virus (TSWV)	biotic	field	single_pathogen_focus
SRR33583433	SAMN48523083	genus	0	0	no	3052585	Tomato spotted wilt virus (TSWV)	biotic	field	single_pathogen_focus
SRR33583434	SAMN48523082	species	0	0	no	3052585	Tomato spotted wilt virus (TSWV)	biotic	field	single_pathogen_focus
SRR33583434	SAMN48523082	genus	0	0	no	3052585	Tomato spotted wilt virus (TSWV)	biotic	field	single_pathogen_focus
SRR33583435	SAMN48523085	species	0	0	no	3052585	Tomato spotted wilt virus (TSWV)	biotic	field	single_pathogen_focus
SRR33583435	SAMN48523085	genus	0	0	no	3052585	Tomato spotted wilt virus (TSWV)	biotic	field	single_pathogen_focus
SRR33583436	SAMN48523081	species	0	0	no	3052585	Tomato spotted wilt virus (TSWV)	biotic	field	single_pathogen_focus
SRR33583436	SAMN48523081	genus	0	0	no	3052585	Tomato spotted wilt virus (TSWV)	biotic	field	single_pathogen_focus
SRR33583437	SAMN48523080	species	0	0	no	3052585	Tomato spotted wilt virus (TSWV)	biotic	field	single_pathogen_focus
SRR33583437	SAMN48523080	genus	0	0	no	3052585	Tomato spotted wilt virus (TSWV)	biotic	field	single_pathogen_focus
SRR33583438	SAMN48523079	species	0	0	no	3052585	Tomato spotted wilt virus (TSWV)	biotic	field	single_pathogen_focus
SRR33583438	SAMN48523079	genus	0	0	no	3052585	Tomato spotted wilt virus (TSWV)	biotic	field	single_pathogen_focus
SRR33583439	SAMN48523078	species	0	0	no	3052585	Tomato spotted wilt virus (TSWV)	biotic	field	single_pathogen_focus
SRR33583439	SAMN48523078	genus	0	0	no	3052585	Tomato spotted wilt virus (TSWV)	biotic	field	single_pathogen_focus
SRR33696067	SAMN48730034	species	1	1	no	56615	Puccinia graminis f. sp. tritici	biotic	field	single_pathogen_focus
SRR33696067	SAMN48730034	genus	0	0	no	56615	Puccinia graminis f. sp. tritici	biotic	field	single_pathogen_focus
SRR33696068	SAMN48730034	species	1	1	no	56615	Puccinia graminis f. sp. tritici	biotic	field	single_pathogen_focus
SRR33696068	SAMN48730034	genus	0	0	no	56615	Puccinia graminis f. sp. tritici	biotic	field	single_pathogen_focus
SRR33696069	SAMN48730034	species	1	1	no	56615	Puccinia graminis f. sp. tritici	biotic	field	single_pathogen_focus
SRR33696069	SAMN48730034	genus	0	0	no	56615	Puccinia graminis f. sp. tritici	biotic	field	single_pathogen_focus
SRR33696070	SAMN48730034	species	1	1	no	56615	Puccinia graminis f. sp. tritici	biotic	field	single_pathogen_focus
SRR33696070	SAMN48730034	genus	0	0	no	56615	Puccinia graminis f. sp. tritici	biotic	field	single_pathogen_focus
SRR33696075	SAMN48730035	species	1	1	no	56615	Puccinia graminis f. sp. tritici	biotic	field	single_pathogen_focus
SRR33696075	SAMN48730035	genus	0	0	no	56615	Puccinia graminis f. sp. tritici	biotic	field	single_pathogen_focus
SRR33696076	SAMN48730035	species	1	1	no	56615	Puccinia graminis f. sp. tritici	biotic	field	single_pathogen_focus
SRR33696076	SAMN48730035	genus	0	0	no	56615	Puccinia graminis f. sp. tritici	biotic	field	single_pathogen_focus
SRR33696077	SAMN48730035	species	1	1	no	56615	Puccinia graminis f. sp. tritici	biotic	field	single_pathogen_focus
SRR33696077	SAMN48730035	genus	0	0	no	56615	Puccinia graminis f. sp. tritici	biotic	field	single_pathogen_focus
SRR33696078	SAMN48730035	species	1	1	no	56615	Puccinia graminis f. sp. tritici	biotic	field	single_pathogen_focus
SRR33696078	SAMN48730035	genus	0	0	no	56615	Puccinia graminis f. sp. tritici	biotic	field	single_pathogen_focus
SRR33696080	SAMN48730035	species	1	1	no	56615	Puccinia graminis f. sp. tritici	biotic	field	single_pathogen_focus
SRR33696080	SAMN48730035	genus	0	0	no	56615	Puccinia graminis f. sp. tritici	biotic	field	single_pathogen_focus
SRR33696081	SAMN48730035	species	1	1	no	56615	Puccinia graminis f. sp. tritici	biotic	field	single_pathogen_focus
SRR33696081	SAMN48730035	genus	0	0	no	56615	Puccinia graminis f. sp. tritici	biotic	field	single_pathogen_focus
SRR33696088	SAMN48730034	species	1	1	no	56615	Puccinia graminis f. sp. tritici	biotic	field	single_pathogen_focus
SRR33696088	SAMN48730034	genus	0	0	no	56615	Puccinia graminis f. sp. tritici	biotic	field	single_pathogen_focus
SRR33696089	SAMN48730034	species	1	1	no	56615	Puccinia graminis f. sp. tritici	biotic	field	single_pathogen_focus
SRR33696089	SAMN48730034	genus	0	0	no	56615	Puccinia graminis f. sp. tritici	biotic	field	single_pathogen_focus
SRR33846324	SAMN48898231	species	2	2	yes			none	field	not_disease_focused
SRR33846324	SAMN48898231	genus	0	0	no			none	field	not_disease_focused
SRR33846325	SAMN48898217	species	4	4	yes			none	field	not_disease_focused
SRR33846325	SAMN48898217	genus	0	0	no			none	field	not_disease_focused
SRR33846326	SAMN48898219	species	2	2	yes			none	field	not_disease_focused
SRR33846326	SAMN48898219	genus	0	0	no			none	field	not_disease_focused
SRR33846329	SAMN48898229	species	3	3	yes			none	field	not_disease_focused
SRR33846329	SAMN48898229	genus	0	0	no			none	field	not_disease_focused
SRR33846330	SAMN48898227	species	2	2	yes			none	field	not_disease_focused
SRR33846330	SAMN48898227	genus	0	0	no			none	field	not_disease_focused
SRR33846332	SAMN48898215	species	4	4	yes			none	field	not_disease_focused
SRR33846332	SAMN48898215	genus	0	0	no			none	field	not_disease_focused
SRR34026568	SAMN49375725	species	1	0	no	318829	Magnaporthe oryzae	biotic	field	single_pathogen_focus
SRR34026568	SAMN49375725	genus	0	0	no	318829	Magnaporthe oryzae	biotic	field	single_pathogen_focus
SRR34026569	SAMN49375724	species	1	0	no	318829	Magnaporthe oryzae	biotic	field	single_pathogen_focus
SRR34026569	SAMN49375724	genus	0	0	no	318829	Magnaporthe oryzae	biotic	field	single_pathogen_focus
SRR34026570	SAMN49375723	species	0	0	no	318829	Magnaporthe oryzae	biotic	field	single_pathogen_focus
SRR34026570	SAMN49375723	genus	0	0	no	318829	Magnaporthe oryzae	biotic	field	single_pathogen_focus
SRR34026571	SAMN49375722	species	1	0	no	318829	Magnaporthe oryzae	biotic	field	single_pathogen_focus
SRR34026571	SAMN49375722	genus	0	0	no	318829	Magnaporthe oryzae	biotic	field	single_pathogen_focus
SRR34026572	SAMN49375721	species	1	0	no	318829	Magnaporthe oryzae	biotic	field	single_pathogen_focus
SRR34026572	SAMN49375721	genus	0	0	no	318829	Magnaporthe oryzae	biotic	field	single_pathogen_focus
SRR34026573	SAMN49375720	species	0	0	no	318829	Magnaporthe oryzae	biotic	field	single_pathogen_focus
SRR34026573	SAMN49375720	genus	0	0	no	318829	Magnaporthe oryzae	biotic	field	single_pathogen_focus
SRR34026574	SAMN49375719	species	0	0	no	318829	Magnaporthe oryzae	biotic	field	single_pathogen_focus
SRR34026574	SAMN49375719	genus	0	0	no	318829	Magnaporthe oryzae	biotic	field	single_pathogen_focus
SRR34026575	SAMN49375718	species	0	0	no	318829	Magnaporthe oryzae	biotic	field	single_pathogen_focus
SRR34026575	SAMN49375718	genus	0	0	no	318829	Magnaporthe oryzae	biotic	field	single_pathogen_focus
SRR34026577	SAMN49375717	species	0	0	no	318829	Magnaporthe oryzae	biotic	field	single_pathogen_focus
SRR34026577	SAMN49375717	genus	0	0	no	318829	Magnaporthe oryzae	biotic	field	single_pathogen_focus
SRR34026578	SAMN49375716	species	1	0	no	318829	Magnaporthe oryzae	biotic	field	single_pathogen_focus
SRR34026578	SAMN49375716	genus	0	0	no	318829	Magnaporthe oryzae	biotic	field	single_pathogen_focus
SRR34026579	SAMN49375715	species	1	0	no	318829	Magnaporthe oryzae	biotic	field	single_pathogen_focus
SRR34026579	SAMN49375715	genus	0	0	no	318829	Magnaporthe oryzae	biotic	field	single_pathogen_focus
SRR34026580	SAMN49375714	species	1	0	no	318829	Magnaporthe oryzae	biotic	field	single_pathogen_focus
SRR34026580	SAMN49375714	genus	0	0	no	318829	Magnaporthe oryzae	biotic	field	single_pathogen_focus
SRR34026581	SAMN49375713	species	1	0	no	318829	Magnaporthe oryzae	biotic	field	single_pathogen_focus
SRR34026581	SAMN49375713	genus	0	0	no	318829	Magnaporthe oryzae	biotic	field	single_pathogen_focus
SRR34026582	SAMN49375712	species	1	0	no	318829	Magnaporthe oryzae	biotic	field	single_pathogen_focus
SRR34026582	SAMN49375712	genus	0	0	no	318829	Magnaporthe oryzae	biotic	field	single_pathogen_focus
SRR34026583	SAMN49375711	species	0	0	no	318829	Magnaporthe oryzae	biotic	field	single_pathogen_focus
SRR34026583	SAMN49375711	genus	0	0	no	318829	Magnaporthe oryzae	biotic	field	single_pathogen_focus
SRR34026584	SAMN49375710	species	1	0	no	318829	Magnaporthe oryzae	biotic	field	single_pathogen_focus
SRR34026584	SAMN49375710	genus	0	0	no	318829	Magnaporthe oryzae	biotic	field	single_pathogen_focus
SRR34026585	SAMN49375709	species	1	0	no	318829	Magnaporthe oryzae	biotic	field	single_pathogen_focus
SRR34026585	SAMN49375709	genus	0	0	no	318829	Magnaporthe oryzae	biotic	field	single_pathogen_focus
SRR34026586	SAMN49375708	species	1	0	no	318829	Magnaporthe oryzae	biotic	field	single_pathogen_focus
SRR34026586	SAMN49375708	genus	0	0	no	318829	Magnaporthe oryzae	biotic	field	single_pathogen_focus
SRR34026588	SAMN49375707	species	0	0	no	318829	Magnaporthe oryzae	biotic	field	single_pathogen_focus
SRR34026588	SAMN49375707	genus	0	0	no	318829	Magnaporthe oryzae	biotic	field	single_pathogen_focus
SRR34026589	SAMN49375706	species	0	0	no	318829	Magnaporthe oryzae	biotic	field	single_pathogen_focus
SRR34026589	SAMN49375706	genus	0	0	no	318829	Magnaporthe oryzae	biotic	field	single_pathogen_focus
SRR34026590	SAMN49375705	species	0	0	no	318829	Magnaporthe oryzae	biotic	field	single_pathogen_focus
SRR34026590	SAMN49375705	genus	0	0	no	318829	Magnaporthe oryzae	biotic	field	single_pathogen_focus
SRR34026591	SAMN49375704	species	1	0	no	318829	Magnaporthe oryzae	biotic	field	single_pathogen_focus
SRR34026591	SAMN49375704	genus	0	0	no	318829	Magnaporthe oryzae	biotic	field	single_pathogen_focus
SRR34026592	SAMN49375703	species	1	0	no	318829	Magnaporthe oryzae	biotic	field	single_pathogen_focus
SRR34026592	SAMN49375703	genus	0	0	no	318829	Magnaporthe oryzae	biotic	field	single_pathogen_focus
SRR34026593	SAMN49375702	species	1	0	no	318829	Magnaporthe oryzae	biotic	field	single_pathogen_focus
SRR34026593	SAMN49375702	genus	0	0	no	318829	Magnaporthe oryzae	biotic	field	single_pathogen_focus
SRR34094676	SAMN49526652	species	1	0	no	5599	Alternaria alternata	biotic	field	single_pathogen_focus
SRR34094676	SAMN49526652	genus	0	0	no	5599	Alternaria alternata	biotic	field	single_pathogen_focus
SRR34094677	SAMN49526651	species	1	0	no	5599	Alternaria alternata	biotic	field	single_pathogen_focus
SRR34094677	SAMN49526651	genus	0	0	no	5599	Alternaria alternata	biotic	field	single_pathogen_focus
SRR34094678	SAMN49526650	species	1	0	no	5599	Alternaria alternata	biotic	field	single_pathogen_focus
SRR34094678	SAMN49526650	genus	0	0	no	5599	Alternaria alternata	biotic	field	single_pathogen_focus
SRR34300100	SAMN49716687	species	1	0	no	40559	Botrytis cinerea	biotic	field	single_pathogen_focus
SRR34300100	SAMN49716687	genus	0	0	no	40559	Botrytis cinerea	biotic	field	single_pathogen_focus
SRR34300101	SAMN49716686	species	1	0	no	40559	Botrytis cinerea	biotic	field	single_pathogen_focus
SRR34300101	SAMN49716686	genus	0	0	no	40559	Botrytis cinerea	biotic	field	single_pathogen_focus
SRR34300105	SAMN49716748	species	1	0	no	40559	Botrytis cinerea	biotic	field	single_pathogen_focus
SRR34300105	SAMN49716748	genus	0	0	no	40559	Botrytis cinerea	biotic	field	single_pathogen_focus
SRR34300106	SAMN49716685	species	1	0	no	40559	Botrytis cinerea	biotic	field	single_pathogen_focus
SRR34300106	SAMN49716685	genus	0	0	no	40559	Botrytis cinerea	biotic	field	single_pathogen_focus
SRR34300108	SAMN49716746	species	1	0	no	40559	Botrytis cinerea	biotic	field	single_pathogen_focus
SRR34300108	SAMN49716746	genus	0	0	no	40559	Botrytis cinerea	biotic	field	single_pathogen_focus
SRR34300109	SAMN49716745	species	1	0	no	40559	Botrytis cinerea	biotic	field	single_pathogen_focus
SRR34300109	SAMN49716745	genus	0	0	no	40559	Botrytis cinerea	biotic	field	single_pathogen_focus
SRR34300110	SAMN49716744	species	1	0	no	40559	Botrytis cinerea	biotic	field	single_pathogen_focus
SRR34300110	SAMN49716744	genus	0	0	no	40559	Botrytis cinerea	biotic	field	single_pathogen_focus
SRR34300112	SAMN49716742	species	1	0	no	40559	Botrytis cinerea	biotic	field	single_pathogen_focus
SRR34300112	SAMN49716742	genus	0	0	no	40559	Botrytis cinerea	biotic	field	single_pathogen_focus
SRR34300114	SAMN49716740	species	1	0	no	40559	Botrytis cinerea	biotic	field	single_pathogen_focus
SRR34300114	SAMN49716740	genus	0	0	no	40559	Botrytis cinerea	biotic	field	single_pathogen_focus
SRR34300115	SAMN49716739	species	1	0	no	40559	Botrytis cinerea	biotic	field	single_pathogen_focus
SRR34300115	SAMN49716739	genus	0	0	no	40559	Botrytis cinerea	biotic	field	single_pathogen_focus
SRR34300116	SAMN49716738	species	1	0	no	40559	Botrytis cinerea	biotic	field	single_pathogen_focus
SRR34300116	SAMN49716738	genus	0	0	no	40559	Botrytis cinerea	biotic	field	single_pathogen_focus
SRR34300117	SAMN49716684	species	1	0	no	40559	Botrytis cinerea	biotic	field	single_pathogen_focus
SRR34300117	SAMN49716684	genus	0	0	no	40559	Botrytis cinerea	biotic	field	single_pathogen_focus
SRR34300118	SAMN49716737	species	1	0	no	40559	Botrytis cinerea	biotic	field	single_pathogen_focus
SRR34300118	SAMN49716737	genus	0	0	no	40559	Botrytis cinerea	biotic	field	single_pathogen_focus
SRR34300119	SAMN49716736	species	1	0	no	40559	Botrytis cinerea	biotic	field	single_pathogen_focus
SRR34300119	SAMN49716736	genus	0	0	no	40559	Botrytis cinerea	biotic	field	single_pathogen_focus
SRR34300120	SAMN49716735	species	1	0	no	40559	Botrytis cinerea	biotic	field	single_pathogen_focus
SRR34300120	SAMN49716735	genus	0	0	no	40559	Botrytis cinerea	biotic	field	single_pathogen_focus
SRR34300121	SAMN49716734	species	1	0	no	40559	Botrytis cinerea	biotic	field	single_pathogen_focus
SRR34300121	SAMN49716734	genus	0	0	no	40559	Botrytis cinerea	biotic	field	single_pathogen_focus
SRR34300122	SAMN49716733	species	1	0	no	40559	Botrytis cinerea	biotic	field	single_pathogen_focus
SRR34300122	SAMN49716733	genus	0	0	no	40559	Botrytis cinerea	biotic	field	single_pathogen_focus
SRR34300123	SAMN49716732	species	1	0	no	40559	Botrytis cinerea	biotic	field	single_pathogen_focus
SRR34300123	SAMN49716732	genus	0	0	no	40559	Botrytis cinerea	biotic	field	single_pathogen_focus
SRR34300124	SAMN49716731	species	1	0	no	40559	Botrytis cinerea	biotic	field	single_pathogen_focus
SRR34300124	SAMN49716731	genus	0	0	no	40559	Botrytis cinerea	biotic	field	single_pathogen_focus
SRR34300125	SAMN49716730	species	1	0	no	40559	Botrytis cinerea	biotic	field	single_pathogen_focus
SRR34300125	SAMN49716730	genus	0	0	no	40559	Botrytis cinerea	biotic	field	single_pathogen_focus
SRR34300127	SAMN49716728	species	1	0	no	40559	Botrytis cinerea	biotic	field	single_pathogen_focus
SRR34300127	SAMN49716728	genus	0	0	no	40559	Botrytis cinerea	biotic	field	single_pathogen_focus
SRR34300128	SAMN49716683	species	1	0	no	40559	Botrytis cinerea	biotic	field	single_pathogen_focus
SRR34300128	SAMN49716683	genus	0	0	no	40559	Botrytis cinerea	biotic	field	single_pathogen_focus
SRR34300129	SAMN49716727	species	1	0	no	40559	Botrytis cinerea	biotic	field	single_pathogen_focus
SRR34300129	SAMN49716727	genus	0	0	no	40559	Botrytis cinerea	biotic	field	single_pathogen_focus
SRR34300130	SAMN49716726	species	1	0	no	40559	Botrytis cinerea	biotic	field	single_pathogen_focus
SRR34300130	SAMN49716726	genus	0	0	no	40559	Botrytis cinerea	biotic	field	single_pathogen_focus
SRR34300131	SAMN49716725	species	1	0	no	40559	Botrytis cinerea	biotic	field	single_pathogen_focus
SRR34300131	SAMN49716725	genus	0	0	no	40559	Botrytis cinerea	biotic	field	single_pathogen_focus
SRR34300133	SAMN49716723	species	1	0	no	40559	Botrytis cinerea	biotic	field	single_pathogen_focus
SRR34300133	SAMN49716723	genus	0	0	no	40559	Botrytis cinerea	biotic	field	single_pathogen_focus
SRR34300136	SAMN49716720	species	1	0	no	40559	Botrytis cinerea	biotic	field	single_pathogen_focus
SRR34300136	SAMN49716720	genus	0	0	no	40559	Botrytis cinerea	biotic	field	single_pathogen_focus
SRR34300137	SAMN49716719	species	1	0	no	40559	Botrytis cinerea	biotic	field	single_pathogen_focus
SRR34300137	SAMN49716719	genus	0	0	no	40559	Botrytis cinerea	biotic	field	single_pathogen_focus
SRR34300138	SAMN49716718	species	1	0	no	40559	Botrytis cinerea	biotic	field	single_pathogen_focus
SRR34300138	SAMN49716718	genus	0	0	no	40559	Botrytis cinerea	biotic	field	single_pathogen_focus
SRR34300139	SAMN49716682	species	1	0	no	40559	Botrytis cinerea	biotic	field	single_pathogen_focus
SRR34300139	SAMN49716682	genus	0	0	no	40559	Botrytis cinerea	biotic	field	single_pathogen_focus
SRR34300140	SAMN49716717	species	1	0	no	40559	Botrytis cinerea	biotic	field	single_pathogen_focus
SRR34300140	SAMN49716717	genus	0	0	no	40559	Botrytis cinerea	biotic	field	single_pathogen_focus
SRR34300142	SAMN49716715	species	1	0	no	40559	Botrytis cinerea	biotic	field	single_pathogen_focus
SRR34300142	SAMN49716715	genus	0	0	no	40559	Botrytis cinerea	biotic	field	single_pathogen_focus
SRR34300143	SAMN49716714	species	1	0	no	40559	Botrytis cinerea	biotic	field	single_pathogen_focus
SRR34300143	SAMN49716714	genus	0	0	no	40559	Botrytis cinerea	biotic	field	single_pathogen_focus
SRR34300144	SAMN49716713	species	1	0	no	40559	Botrytis cinerea	biotic	field	single_pathogen_focus
SRR34300144	SAMN49716713	genus	0	0	no	40559	Botrytis cinerea	biotic	field	single_pathogen_focus
SRR34300145	SAMN49716712	species	1	0	no	40559	Botrytis cinerea	biotic	field	single_pathogen_focus
SRR34300145	SAMN49716712	genus	0	0	no	40559	Botrytis cinerea	biotic	field	single_pathogen_focus
SRR34300147	SAMN49716710	species	1	0	no	40559	Botrytis cinerea	biotic	field	single_pathogen_focus
SRR34300147	SAMN49716710	genus	0	0	no	40559	Botrytis cinerea	biotic	field	single_pathogen_focus
SRR34300148	SAMN49716709	species	1	0	no	40559	Botrytis cinerea	biotic	field	single_pathogen_focus
SRR34300148	SAMN49716709	genus	0	0	no	40559	Botrytis cinerea	biotic	field	single_pathogen_focus
SRR34300149	SAMN49716708	species	1	0	no	40559	Botrytis cinerea	biotic	field	single_pathogen_focus
SRR34300149	SAMN49716708	genus	0	0	no	40559	Botrytis cinerea	biotic	field	single_pathogen_focus
SRR34300150	SAMN49716681	species	1	0	no	40559	Botrytis cinerea	biotic	field	single_pathogen_focus
SRR34300150	SAMN49716681	genus	0	0	no	40559	Botrytis cinerea	biotic	field	single_pathogen_focus
SRR34300151	SAMN49716707	species	1	0	no	40559	Botrytis cinerea	biotic	field	single_pathogen_focus
SRR34300151	SAMN49716707	genus	0	0	no	40559	Botrytis cinerea	biotic	field	single_pathogen_focus
SRR34300153	SAMN49716705	species	1	0	no	40559	Botrytis cinerea	biotic	field	single_pathogen_focus
SRR34300153	SAMN49716705	genus	0	0	no	40559	Botrytis cinerea	biotic	field	single_pathogen_focus
SRR34300154	SAMN49716704	species	1	0	no	40559	Botrytis cinerea	biotic	field	single_pathogen_focus
SRR34300154	SAMN49716704	genus	0	0	no	40559	Botrytis cinerea	biotic	field	single_pathogen_focus
SRR34300155	SAMN49716703	species	1	0	no	40559	Botrytis cinerea	biotic	field	single_pathogen_focus
SRR34300155	SAMN49716703	genus	0	0	no	40559	Botrytis cinerea	biotic	field	single_pathogen_focus
SRR34300156	SAMN49716702	species	1	0	no	40559	Botrytis cinerea	biotic	field	single_pathogen_focus
SRR34300156	SAMN49716702	genus	0	0	no	40559	Botrytis cinerea	biotic	field	single_pathogen_focus
SRR34300158	SAMN49716700	species	1	0	no	40559	Botrytis cinerea	biotic	field	single_pathogen_focus
SRR34300158	SAMN49716700	genus	0	0	no	40559	Botrytis cinerea	biotic	field	single_pathogen_focus
SRR34300159	SAMN49716699	species	1	0	no	40559	Botrytis cinerea	biotic	field	single_pathogen_focus
SRR34300159	SAMN49716699	genus	0	0	no	40559	Botrytis cinerea	biotic	field	single_pathogen_focus
SRR34300161	SAMN49716680	species	1	0	no	40559	Botrytis cinerea	biotic	field	single_pathogen_focus
SRR34300161	SAMN49716680	genus	0	0	no	40559	Botrytis cinerea	biotic	field	single_pathogen_focus
SRR34300162	SAMN49716697	species	1	0	no	40559	Botrytis cinerea	biotic	field	single_pathogen_focus
SRR34300162	SAMN49716697	genus	0	0	no	40559	Botrytis cinerea	biotic	field	single_pathogen_focus
SRR34300163	SAMN49716696	species	1	0	no	40559	Botrytis cinerea	biotic	field	single_pathogen_focus
SRR34300163	SAMN49716696	genus	0	0	no	40559	Botrytis cinerea	biotic	field	single_pathogen_focus
SRR34300164	SAMN49716695	species	1	0	no	40559	Botrytis cinerea	biotic	field	single_pathogen_focus
SRR34300164	SAMN49716695	genus	0	0	no	40559	Botrytis cinerea	biotic	field	single_pathogen_focus
SRR34300165	SAMN49716694	species	1	0	no	40559	Botrytis cinerea	biotic	field	single_pathogen_focus
SRR34300165	SAMN49716694	genus	0	0	no	40559	Botrytis cinerea	biotic	field	single_pathogen_focus
SRR34300166	SAMN49716693	species	1	0	no	40559	Botrytis cinerea	biotic	field	single_pathogen_focus
SRR34300166	SAMN49716693	genus	0	0	no	40559	Botrytis cinerea	biotic	field	single_pathogen_focus
SRR34300167	SAMN49716692	species	1	0	no	40559	Botrytis cinerea	biotic	field	single_pathogen_focus
SRR34300167	SAMN49716692	genus	0	0	no	40559	Botrytis cinerea	biotic	field	single_pathogen_focus
SRR34300168	SAMN49716691	species	1	0	no	40559	Botrytis cinerea	biotic	field	single_pathogen_focus
SRR34300168	SAMN49716691	genus	0	0	no	40559	Botrytis cinerea	biotic	field	single_pathogen_focus
SRR34300169	SAMN49716690	species	1	0	no	40559	Botrytis cinerea	biotic	field	single_pathogen_focus
SRR34300169	SAMN49716690	genus	0	0	no	40559	Botrytis cinerea	biotic	field	single_pathogen_focus
SRR34300170	SAMN49716689	species	1	0	no	40559	Botrytis cinerea	biotic	field	single_pathogen_focus
SRR34300170	SAMN49716689	genus	0	0	no	40559	Botrytis cinerea	biotic	field	single_pathogen_focus
SRR34300172	SAMN49716679	species	1	0	no	40559	Botrytis cinerea	biotic	field	single_pathogen_focus
SRR34300172	SAMN49716679	genus	0	0	no	40559	Botrytis cinerea	biotic	field	single_pathogen_focus
SRR34300173	SAMN49716678	species	1	0	no	40559	Botrytis cinerea	biotic	field	single_pathogen_focus
SRR34300173	SAMN49716678	genus	0	0	no	40559	Botrytis cinerea	biotic	field	single_pathogen_focus
SRR3498311	SAMN04990190	species	3	3	yes	348901	Cercospora zeina	biotic	field	single_pathogen_focus
SRR3498311	SAMN04990190	genus	0	0	no	348901	Cercospora zeina	biotic	field	single_pathogen_focus
SRR3498313	SAMN04990192	species	2	2	yes	348901	Cercospora zeina	biotic	field	single_pathogen_focus
SRR3498313	SAMN04990192	genus	0	0	no	348901	Cercospora zeina	biotic	field	single_pathogen_focus
SRR3498315	SAMN04990194	species	3	3	yes	348901	Cercospora zeina	biotic	field	single_pathogen_focus
SRR3498315	SAMN04990194	genus	0	0	no	348901	Cercospora zeina	biotic	field	single_pathogen_focus
SRR35031040	SAMN50672219	species	1	1	no			abiotic	field	not_disease_focused
SRR35031040	SAMN50672219	genus	0	0	no			abiotic	field	not_disease_focused
SRR350926	SAMN00737752	species	1	1	no	983506	Rhizoctonia solani AG1 IA	biotic	field	single_pathogen_focus
SRR350926	SAMN00737752	genus	0	0	no	983506	Rhizoctonia solani AG1 IA	biotic	field	single_pathogen_focus
SRR350927	SAMN00737753	species	1	1	no	983506	Rhizoctonia solani AG1 IA	biotic	field	single_pathogen_focus
SRR350927	SAMN00737753	genus	0	0	no	983506	Rhizoctonia solani AG1 IA	biotic	field	single_pathogen_focus
SRR35248609	SAMN51024269	species	1	1	no			none	field	not_disease_focused
SRR35248609	SAMN51024269	genus	0	0	no			none	field	not_disease_focused
SRR35321448	SAMN51234599	species	1	1	no	3461991	Bipolaris fujianensis	biotic	field	single_pathogen_focus
SRR35321448	SAMN51234599	genus	0	0	no	3461991	Bipolaris fujianensis	biotic	field	single_pathogen_focus
SRR35321449	SAMN51234598	species	1	1	no	3461991	Bipolaris fujianensis	biotic	field	single_pathogen_focus
SRR35321449	SAMN51234598	genus	0	0	no	3461991	Bipolaris fujianensis	biotic	field	single_pathogen_focus
SRR3537150	SAMN05006658	species	1	0	no	5180	Sclerotinia sclerotiorum	biotic	field	single_pathogen_focus
SRR3537150	SAMN05006658	genus	0	0	no	5180	Sclerotinia sclerotiorum	biotic	field	single_pathogen_focus
SRR3537151	SAMN05006659	species	1	0	no	5180	Sclerotinia sclerotiorum	biotic	field	single_pathogen_focus
SRR3537151	SAMN05006659	genus	0	0	no	5180	Sclerotinia sclerotiorum	biotic	field	single_pathogen_focus
SRR3537152	SAMN05006660	species	1	0	no	5180	Sclerotinia sclerotiorum	biotic	field	single_pathogen_focus
SRR3537152	SAMN05006660	genus	0	0	no	5180	Sclerotinia sclerotiorum	biotic	field	single_pathogen_focus
SRR3537156	SAMN05006664	species	1	0	no	5180	Sclerotinia sclerotiorum	biotic	field	single_pathogen_focus
SRR3537156	SAMN05006664	genus	0	0	no	5180	Sclerotinia sclerotiorum	biotic	field	single_pathogen_focus
SRR3537157	SAMN05006665	species	2	1	yes	5180	Sclerotinia sclerotiorum	biotic	field	single_pathogen_focus
SRR3537157	SAMN05006665	genus	0	0	no	5180	Sclerotinia sclerotiorum	biotic	field	single_pathogen_focus
SRR3537158	SAMN05006666	species	1	0	no	5180	Sclerotinia sclerotiorum	biotic	field	single_pathogen_focus
SRR3537158	SAMN05006666	genus	0	0	no	5180	Sclerotinia sclerotiorum	biotic	field	single_pathogen_focus
SRR3571660	SAMN05163598	species	1	0	no	5022	Leptosphaeria maculans	biotic	field	single_pathogen_focus
SRR3571660	SAMN05163598	genus	0	0	no	5022	Leptosphaeria maculans	biotic	field	single_pathogen_focus
SRR3571661	SAMN05163599	species	1	0	no	5022	Leptosphaeria maculans	biotic	field	single_pathogen_focus
SRR3571661	SAMN05163599	genus	0	0	no	5022	Leptosphaeria maculans	biotic	field	single_pathogen_focus
SRR3571662	SAMN05163600	species	1	0	no	5022	Leptosphaeria maculans	biotic	field	single_pathogen_focus
SRR3571662	SAMN05163600	genus	0	0	no	5022	Leptosphaeria maculans	biotic	field	single_pathogen_focus
SRR3571666	SAMN05163618	species	1	0	no	5022	Leptosphaeria maculans	biotic	field	single_pathogen_focus
SRR3571666	SAMN05163618	genus	0	0	no	5022	Leptosphaeria maculans	biotic	field	single_pathogen_focus
SRR3571672	SAMN05163624	species	1	0	no	5022	Leptosphaeria maculans	biotic	field	single_pathogen_focus
SRR3571672	SAMN05163624	genus	0	0	no	5022	Leptosphaeria maculans	biotic	field	single_pathogen_focus
SRR35779160	SAMN52655138	species	2	2	yes	5028	Pyrenophora graminea	biotic	field	single_pathogen_focus
SRR35779160	SAMN52655138	genus	0	0	no	5028	Pyrenophora graminea	biotic	field	single_pathogen_focus
SRR35779161	SAMN52655137	species	3	3	yes	5028	Pyrenophora graminea	biotic	field	single_pathogen_focus
SRR35779161	SAMN52655137	genus	0	0	no	5028	Pyrenophora graminea	biotic	field	single_pathogen_focus
SRR36015661	SAMN53233942	species	1	0	no	4787	Phytophthora infestans	biotic	field	single_pathogen_focus
SRR36015661	SAMN53233942	genus	0	0	no	4787	Phytophthora infestans	biotic	field	single_pathogen_focus
SRR36015662	SAMN53233941	species	2	1	yes	4787	Phytophthora infestans	biotic	field	single_pathogen_focus
SRR36015662	SAMN53233941	genus	0	0	no	4787	Phytophthora infestans	biotic	field	single_pathogen_focus
SRR36292436	SAMN53546044	species	1	0	no	40559	Botrytis cinerea	biotic	field	single_pathogen_focus
SRR36292436	SAMN53546044	genus	0	0	no	40559	Botrytis cinerea	biotic	field	single_pathogen_focus
SRR36292437	SAMN53546043	species	1	0	no	40559	Botrytis cinerea	biotic	field	single_pathogen_focus
SRR36292437	SAMN53546043	genus	0	0	no	40559	Botrytis cinerea	biotic	field	single_pathogen_focus
SRR36292440	SAMN53546106	species	1	0	no	40559	Botrytis cinerea	biotic	field	single_pathogen_focus
SRR36292440	SAMN53546106	genus	0	0	no	40559	Botrytis cinerea	biotic	field	single_pathogen_focus
SRR36292444	SAMN53546103	species	1	0	no	40559	Botrytis cinerea	biotic	field	single_pathogen_focus
SRR36292444	SAMN53546103	genus	0	0	no	40559	Botrytis cinerea	biotic	field	single_pathogen_focus
SRR36292445	SAMN53546102	species	1	0	no	40559	Botrytis cinerea	biotic	field	single_pathogen_focus
SRR36292445	SAMN53546102	genus	0	0	no	40559	Botrytis cinerea	biotic	field	single_pathogen_focus
SRR36292446	SAMN53546101	species	1	0	no	40559	Botrytis cinerea	biotic	field	single_pathogen_focus
SRR36292446	SAMN53546101	genus	0	0	no	40559	Botrytis cinerea	biotic	field	single_pathogen_focus
SRR36292447	SAMN53546100	species	1	0	no	40559	Botrytis cinerea	biotic	field	single_pathogen_focus
SRR36292447	SAMN53546100	genus	0	0	no	40559	Botrytis cinerea	biotic	field	single_pathogen_focus
SRR36292448	SAMN53546099	species	1	0	no	40559	Botrytis cinerea	biotic	field	single_pathogen_focus
SRR36292448	SAMN53546099	genus	0	0	no	40559	Botrytis cinerea	biotic	field	single_pathogen_focus
SRR36292449	SAMN53546098	species	1	0	no	40559	Botrytis cinerea	biotic	field	single_pathogen_focus
SRR36292449	SAMN53546098	genus	0	0	no	40559	Botrytis cinerea	biotic	field	single_pathogen_focus
SRR36292451	SAMN53546096	species	1	0	no	40559	Botrytis cinerea	biotic	field	single_pathogen_focus
SRR36292451	SAMN53546096	genus	0	0	no	40559	Botrytis cinerea	biotic	field	single_pathogen_focus
SRR36292455	SAMN53546093	species	1	0	no	40559	Botrytis cinerea	biotic	field	single_pathogen_focus
SRR36292455	SAMN53546093	genus	0	0	no	40559	Botrytis cinerea	biotic	field	single_pathogen_focus
SRR36292456	SAMN53546092	species	1	0	no	40559	Botrytis cinerea	biotic	field	single_pathogen_focus
SRR36292456	SAMN53546092	genus	0	0	no	40559	Botrytis cinerea	biotic	field	single_pathogen_focus
SRR36292457	SAMN53546091	species	1	0	no	40559	Botrytis cinerea	biotic	field	single_pathogen_focus
SRR36292457	SAMN53546091	genus	0	0	no	40559	Botrytis cinerea	biotic	field	single_pathogen_focus
SRR36292458	SAMN53546090	species	1	0	no	40559	Botrytis cinerea	biotic	field	single_pathogen_focus
SRR36292458	SAMN53546090	genus	0	0	no	40559	Botrytis cinerea	biotic	field	single_pathogen_focus
SRR36292459	SAMN53546089	species	1	0	no	40559	Botrytis cinerea	biotic	field	single_pathogen_focus
SRR36292459	SAMN53546089	genus	0	0	no	40559	Botrytis cinerea	biotic	field	single_pathogen_focus
SRR36292460	SAMN53546088	species	1	0	no	40559	Botrytis cinerea	biotic	field	single_pathogen_focus
SRR36292460	SAMN53546088	genus	0	0	no	40559	Botrytis cinerea	biotic	field	single_pathogen_focus
SRR36292462	SAMN53546086	species	1	0	no	40559	Botrytis cinerea	biotic	field	single_pathogen_focus
SRR36292462	SAMN53546086	genus	0	0	no	40559	Botrytis cinerea	biotic	field	single_pathogen_focus
SRR36292465	SAMN53546084	species	1	0	no	40559	Botrytis cinerea	biotic	field	single_pathogen_focus
SRR36292465	SAMN53546084	genus	0	0	no	40559	Botrytis cinerea	biotic	field	single_pathogen_focus
SRR36292466	SAMN53546083	species	1	0	no	40559	Botrytis cinerea	biotic	field	single_pathogen_focus
SRR36292466	SAMN53546083	genus	0	0	no	40559	Botrytis cinerea	biotic	field	single_pathogen_focus
SRR36292467	SAMN53546082	species	1	0	no	40559	Botrytis cinerea	biotic	field	single_pathogen_focus
SRR36292467	SAMN53546082	genus	0	0	no	40559	Botrytis cinerea	biotic	field	single_pathogen_focus
SRR36292468	SAMN53546081	species	1	0	no	40559	Botrytis cinerea	biotic	field	single_pathogen_focus
SRR36292468	SAMN53546081	genus	0	0	no	40559	Botrytis cinerea	biotic	field	single_pathogen_focus
SRR36292469	SAMN53546080	species	1	0	no	40559	Botrytis cinerea	biotic	field	single_pathogen_focus
SRR36292469	SAMN53546080	genus	0	0	no	40559	Botrytis cinerea	biotic	field	single_pathogen_focus
SRR36292470	SAMN53546079	species	1	0	no	40559	Botrytis cinerea	biotic	field	single_pathogen_focus
SRR36292470	SAMN53546079	genus	0	0	no	40559	Botrytis cinerea	biotic	field	single_pathogen_focus
SRR36292471	SAMN53546078	species	1	0	no	40559	Botrytis cinerea	biotic	field	single_pathogen_focus
SRR36292471	SAMN53546078	genus	0	0	no	40559	Botrytis cinerea	biotic	field	single_pathogen_focus
SRR36292473	SAMN53546076	species	1	0	no	40559	Botrytis cinerea	biotic	field	single_pathogen_focus
SRR36292473	SAMN53546076	genus	0	0	no	40559	Botrytis cinerea	biotic	field	single_pathogen_focus
SRR36292474	SAMN53546075	species	1	0	no	40559	Botrytis cinerea	biotic	field	single_pathogen_focus
SRR36292474	SAMN53546075	genus	0	0	no	40559	Botrytis cinerea	biotic	field	single_pathogen_focus
SRR36292475	SAMN53546039	species	1	0	no	40559	Botrytis cinerea	biotic	field	single_pathogen_focus
SRR36292475	SAMN53546039	genus	0	0	no	40559	Botrytis cinerea	biotic	field	single_pathogen_focus
SRR36292476	SAMN53546074	species	1	0	no	40559	Botrytis cinerea	biotic	field	single_pathogen_focus
SRR36292476	SAMN53546074	genus	0	0	no	40559	Botrytis cinerea	biotic	field	single_pathogen_focus
SRR36292477	SAMN53546073	species	1	0	no	40559	Botrytis cinerea	biotic	field	single_pathogen_focus
SRR36292477	SAMN53546073	genus	0	0	no	40559	Botrytis cinerea	biotic	field	single_pathogen_focus
SRR36292478	SAMN53546072	species	1	0	no	40559	Botrytis cinerea	biotic	field	single_pathogen_focus
SRR36292478	SAMN53546072	genus	0	0	no	40559	Botrytis cinerea	biotic	field	single_pathogen_focus
SRR36292479	SAMN53546071	species	1	0	no	40559	Botrytis cinerea	biotic	field	single_pathogen_focus
SRR36292479	SAMN53546071	genus	0	0	no	40559	Botrytis cinerea	biotic	field	single_pathogen_focus
SRR36292480	SAMN53546070	species	1	0	no	40559	Botrytis cinerea	biotic	field	single_pathogen_focus
SRR36292480	SAMN53546070	genus	0	0	no	40559	Botrytis cinerea	biotic	field	single_pathogen_focus
SRR36292481	SAMN53546069	species	1	0	no	40559	Botrytis cinerea	biotic	field	single_pathogen_focus
SRR36292481	SAMN53546069	genus	0	0	no	40559	Botrytis cinerea	biotic	field	single_pathogen_focus
SRR36292483	SAMN53546067	species	1	0	no	40559	Botrytis cinerea	biotic	field	single_pathogen_focus
SRR36292483	SAMN53546067	genus	0	0	no	40559	Botrytis cinerea	biotic	field	single_pathogen_focus
SRR36292484	SAMN53546066	species	1	0	no	40559	Botrytis cinerea	biotic	field	single_pathogen_focus
SRR36292484	SAMN53546066	genus	0	0	no	40559	Botrytis cinerea	biotic	field	single_pathogen_focus
SRR36292485	SAMN53546065	species	1	0	no	40559	Botrytis cinerea	biotic	field	single_pathogen_focus
SRR36292485	SAMN53546065	genus	0	0	no	40559	Botrytis cinerea	biotic	field	single_pathogen_focus
SRR36292488	SAMN53546063	species	1	0	no	40559	Botrytis cinerea	biotic	field	single_pathogen_focus
SRR36292488	SAMN53546063	genus	0	0	no	40559	Botrytis cinerea	biotic	field	single_pathogen_focus
SRR36292492	SAMN53546059	species	1	0	no	40559	Botrytis cinerea	biotic	field	single_pathogen_focus
SRR36292492	SAMN53546059	genus	0	0	no	40559	Botrytis cinerea	biotic	field	single_pathogen_focus
SRR36292493	SAMN53546058	species	1	0	no	40559	Botrytis cinerea	biotic	field	single_pathogen_focus
SRR36292493	SAMN53546058	genus	0	0	no	40559	Botrytis cinerea	biotic	field	single_pathogen_focus
SRR36292494	SAMN53546057	species	1	0	no	40559	Botrytis cinerea	biotic	field	single_pathogen_focus
SRR36292494	SAMN53546057	genus	0	0	no	40559	Botrytis cinerea	biotic	field	single_pathogen_focus
SRR36292495	SAMN53546056	species	1	0	no	40559	Botrytis cinerea	biotic	field	single_pathogen_focus
SRR36292495	SAMN53546056	genus	0	0	no	40559	Botrytis cinerea	biotic	field	single_pathogen_focus
SRR36292497	SAMN53546037	species	1	0	no	40559	Botrytis cinerea	biotic	field	single_pathogen_focus
SRR36292497	SAMN53546037	genus	0	0	no	40559	Botrytis cinerea	biotic	field	single_pathogen_focus
SRR36292498	SAMN53546054	species	1	0	no	40559	Botrytis cinerea	biotic	field	single_pathogen_focus
SRR36292498	SAMN53546054	genus	0	0	no	40559	Botrytis cinerea	biotic	field	single_pathogen_focus
SRR36292499	SAMN53546053	species	1	0	no	40559	Botrytis cinerea	biotic	field	single_pathogen_focus
SRR36292499	SAMN53546053	genus	0	0	no	40559	Botrytis cinerea	biotic	field	single_pathogen_focus
SRR36292501	SAMN53546051	species	1	0	no	40559	Botrytis cinerea	biotic	field	single_pathogen_focus
SRR36292501	SAMN53546051	genus	0	0	no	40559	Botrytis cinerea	biotic	field	single_pathogen_focus
SRR36292502	SAMN53546050	species	1	0	no	40559	Botrytis cinerea	biotic	field	single_pathogen_focus
SRR36292502	SAMN53546050	genus	0	0	no	40559	Botrytis cinerea	biotic	field	single_pathogen_focus
SRR36292503	SAMN53546049	species	1	0	no	40559	Botrytis cinerea	biotic	field	single_pathogen_focus
SRR36292503	SAMN53546049	genus	0	0	no	40559	Botrytis cinerea	biotic	field	single_pathogen_focus
SRR36292504	SAMN53546048	species	1	0	no	40559	Botrytis cinerea	biotic	field	single_pathogen_focus
SRR36292504	SAMN53546048	genus	0	0	no	40559	Botrytis cinerea	biotic	field	single_pathogen_focus
SRR36292505	SAMN53546047	species	1	0	no	40559	Botrytis cinerea	biotic	field	single_pathogen_focus
SRR36292505	SAMN53546047	genus	0	0	no	40559	Botrytis cinerea	biotic	field	single_pathogen_focus
SRR36292508	SAMN53546036	species	1	0	no	40559	Botrytis cinerea	biotic	field	single_pathogen_focus
SRR36292508	SAMN53546036	genus	0	0	no	40559	Botrytis cinerea	biotic	field	single_pathogen_focus
SRR36292509	SAMN53546035	species	1	0	no	40559	Botrytis cinerea	biotic	field	single_pathogen_focus
SRR36292509	SAMN53546035	genus	0	0	no	40559	Botrytis cinerea	biotic	field	single_pathogen_focus
SRR36367266	SAMN53797972	species	1	0	no	40559	Botrytis cinerea	biotic	field	single_pathogen_focus
SRR36367266	SAMN53797972	genus	0	0	no	40559	Botrytis cinerea	biotic	field	single_pathogen_focus
SRR36367271	SAMN53798033	species	1	0	no	40559	Botrytis cinerea	biotic	field	single_pathogen_focus
SRR36367271	SAMN53798033	genus	0	0	no	40559	Botrytis cinerea	biotic	field	single_pathogen_focus
SRR36367272	SAMN53797970	species	1	0	no	40559	Botrytis cinerea	biotic	field	single_pathogen_focus
SRR36367272	SAMN53797970	genus	0	0	no	40559	Botrytis cinerea	biotic	field	single_pathogen_focus
SRR36367273	SAMN53798032	species	1	0	no	40559	Botrytis cinerea	biotic	field	single_pathogen_focus
SRR36367273	SAMN53798032	genus	0	0	no	40559	Botrytis cinerea	biotic	field	single_pathogen_focus
SRR36367274	SAMN53798031	species	1	0	no	40559	Botrytis cinerea	biotic	field	single_pathogen_focus
SRR36367274	SAMN53798031	genus	0	0	no	40559	Botrytis cinerea	biotic	field	single_pathogen_focus
SRR36367276	SAMN53798029	species	1	0	no	40559	Botrytis cinerea	biotic	field	single_pathogen_focus
SRR36367276	SAMN53798029	genus	0	0	no	40559	Botrytis cinerea	biotic	field	single_pathogen_focus
SRR36367277	SAMN53798028	species	1	0	no	40559	Botrytis cinerea	biotic	field	single_pathogen_focus
SRR36367277	SAMN53798028	genus	0	0	no	40559	Botrytis cinerea	biotic	field	single_pathogen_focus
SRR36367278	SAMN53798027	species	1	0	no	40559	Botrytis cinerea	biotic	field	single_pathogen_focus
SRR36367278	SAMN53798027	genus	0	0	no	40559	Botrytis cinerea	biotic	field	single_pathogen_focus
SRR36367281	SAMN53798024	species	1	0	no	40559	Botrytis cinerea	biotic	field	single_pathogen_focus
SRR36367281	SAMN53798024	genus	0	0	no	40559	Botrytis cinerea	biotic	field	single_pathogen_focus
SRR36367282	SAMN53798023	species	1	0	no	40559	Botrytis cinerea	biotic	field	single_pathogen_focus
SRR36367282	SAMN53798023	genus	0	0	no	40559	Botrytis cinerea	biotic	field	single_pathogen_focus
SRR36367283	SAMN53797969	species	1	0	no	40559	Botrytis cinerea	biotic	field	single_pathogen_focus
SRR36367283	SAMN53797969	genus	0	0	no	40559	Botrytis cinerea	biotic	field	single_pathogen_focus
SRR36367284	SAMN53798022	species	1	0	no	40559	Botrytis cinerea	biotic	field	single_pathogen_focus
SRR36367284	SAMN53798022	genus	0	0	no	40559	Botrytis cinerea	biotic	field	single_pathogen_focus
SRR36367285	SAMN53798021	species	1	0	no	40559	Botrytis cinerea	biotic	field	single_pathogen_focus
SRR36367285	SAMN53798021	genus	0	0	no	40559	Botrytis cinerea	biotic	field	single_pathogen_focus
SRR36367286	SAMN53798020	species	1	0	no	40559	Botrytis cinerea	biotic	field	single_pathogen_focus
SRR36367286	SAMN53798020	genus	0	0	no	40559	Botrytis cinerea	biotic	field	single_pathogen_focus
SRR36367287	SAMN53798019	species	1	0	no	40559	Botrytis cinerea	biotic	field	single_pathogen_focus
SRR36367287	SAMN53798019	genus	0	0	no	40559	Botrytis cinerea	biotic	field	single_pathogen_focus
SRR36367290	SAMN53798016	species	1	0	no	40559	Botrytis cinerea	biotic	field	single_pathogen_focus
SRR36367290	SAMN53798016	genus	0	0	no	40559	Botrytis cinerea	biotic	field	single_pathogen_focus
SRR36367292	SAMN53798014	species	1	0	no	40559	Botrytis cinerea	biotic	field	single_pathogen_focus
SRR36367292	SAMN53798014	genus	0	0	no	40559	Botrytis cinerea	biotic	field	single_pathogen_focus
SRR36367294	SAMN53797968	species	1	0	no	40559	Botrytis cinerea	biotic	field	single_pathogen_focus
SRR36367294	SAMN53797968	genus	0	0	no	40559	Botrytis cinerea	biotic	field	single_pathogen_focus
SRR36367295	SAMN53798012	species	1	0	no	40559	Botrytis cinerea	biotic	field	single_pathogen_focus
SRR36367295	SAMN53798012	genus	0	0	no	40559	Botrytis cinerea	biotic	field	single_pathogen_focus
SRR36367296	SAMN53798011	species	1	0	no	40559	Botrytis cinerea	biotic	field	single_pathogen_focus
SRR36367296	SAMN53798011	genus	0	0	no	40559	Botrytis cinerea	biotic	field	single_pathogen_focus
SRR36367297	SAMN53798010	species	1	0	no	40559	Botrytis cinerea	biotic	field	single_pathogen_focus
SRR36367297	SAMN53798010	genus	0	0	no	40559	Botrytis cinerea	biotic	field	single_pathogen_focus
SRR36367300	SAMN53798007	species	1	0	no	40559	Botrytis cinerea	biotic	field	single_pathogen_focus
SRR36367300	SAMN53798007	genus	0	0	no	40559	Botrytis cinerea	biotic	field	single_pathogen_focus
SRR36367301	SAMN53798006	species	1	0	no	40559	Botrytis cinerea	biotic	field	single_pathogen_focus
SRR36367301	SAMN53798006	genus	0	0	no	40559	Botrytis cinerea	biotic	field	single_pathogen_focus
SRR36367302	SAMN53798005	species	1	0	no	40559	Botrytis cinerea	biotic	field	single_pathogen_focus
SRR36367302	SAMN53798005	genus	0	0	no	40559	Botrytis cinerea	biotic	field	single_pathogen_focus
SRR36367306	SAMN53798002	species	1	0	no	40559	Botrytis cinerea	biotic	field	single_pathogen_focus
SRR36367306	SAMN53798002	genus	0	0	no	40559	Botrytis cinerea	biotic	field	single_pathogen_focus
SRR36367307	SAMN53798001	species	1	0	no	40559	Botrytis cinerea	biotic	field	single_pathogen_focus
SRR36367307	SAMN53798001	genus	0	0	no	40559	Botrytis cinerea	biotic	field	single_pathogen_focus
SRR36367308	SAMN53798000	species	1	0	no	40559	Botrytis cinerea	biotic	field	single_pathogen_focus
SRR36367308	SAMN53798000	genus	0	0	no	40559	Botrytis cinerea	biotic	field	single_pathogen_focus
SRR36367309	SAMN53797999	species	1	0	no	40559	Botrytis cinerea	biotic	field	single_pathogen_focus
SRR36367309	SAMN53797999	genus	0	0	no	40559	Botrytis cinerea	biotic	field	single_pathogen_focus
SRR36367310	SAMN53797998	species	1	0	no	40559	Botrytis cinerea	biotic	field	single_pathogen_focus
SRR36367310	SAMN53797998	genus	0	0	no	40559	Botrytis cinerea	biotic	field	single_pathogen_focus
SRR36367311	SAMN53797997	species	1	0	no	40559	Botrytis cinerea	biotic	field	single_pathogen_focus
SRR36367311	SAMN53797997	genus	0	0	no	40559	Botrytis cinerea	biotic	field	single_pathogen_focus
SRR36367312	SAMN53797996	species	1	0	no	40559	Botrytis cinerea	biotic	field	single_pathogen_focus
SRR36367312	SAMN53797996	genus	0	0	no	40559	Botrytis cinerea	biotic	field	single_pathogen_focus
SRR36367313	SAMN53797995	species	1	0	no	40559	Botrytis cinerea	biotic	field	single_pathogen_focus
SRR36367313	SAMN53797995	genus	0	0	no	40559	Botrytis cinerea	biotic	field	single_pathogen_focus
SRR36367314	SAMN53797994	species	1	0	no	40559	Botrytis cinerea	biotic	field	single_pathogen_focus
SRR36367314	SAMN53797994	genus	0	0	no	40559	Botrytis cinerea	biotic	field	single_pathogen_focus
SRR36367315	SAMN53797993	species	1	0	no	40559	Botrytis cinerea	biotic	field	single_pathogen_focus
SRR36367315	SAMN53797993	genus	0	0	no	40559	Botrytis cinerea	biotic	field	single_pathogen_focus
SRR36367316	SAMN53797966	species	1	0	no	40559	Botrytis cinerea	biotic	field	single_pathogen_focus
SRR36367316	SAMN53797966	genus	0	0	no	40559	Botrytis cinerea	biotic	field	single_pathogen_focus
SRR36367317	SAMN53797992	species	1	0	no	40559	Botrytis cinerea	biotic	field	single_pathogen_focus
SRR36367317	SAMN53797992	genus	0	0	no	40559	Botrytis cinerea	biotic	field	single_pathogen_focus
SRR36367319	SAMN53797990	species	1	0	no	40559	Botrytis cinerea	biotic	field	single_pathogen_focus
SRR36367319	SAMN53797990	genus	0	0	no	40559	Botrytis cinerea	biotic	field	single_pathogen_focus
SRR36367321	SAMN53797988	species	1	0	no	40559	Botrytis cinerea	biotic	field	single_pathogen_focus
SRR36367321	SAMN53797988	genus	0	0	no	40559	Botrytis cinerea	biotic	field	single_pathogen_focus
SRR36367322	SAMN53797987	species	1	0	no	40559	Botrytis cinerea	biotic	field	single_pathogen_focus
SRR36367322	SAMN53797987	genus	0	0	no	40559	Botrytis cinerea	biotic	field	single_pathogen_focus
SRR36367323	SAMN53797986	species	1	0	no	40559	Botrytis cinerea	biotic	field	single_pathogen_focus
SRR36367323	SAMN53797986	genus	0	0	no	40559	Botrytis cinerea	biotic	field	single_pathogen_focus
SRR36367325	SAMN53797984	species	1	0	no	40559	Botrytis cinerea	biotic	field	single_pathogen_focus
SRR36367325	SAMN53797984	genus	0	0	no	40559	Botrytis cinerea	biotic	field	single_pathogen_focus
SRR36367330	SAMN53797980	species	1	0	no	40559	Botrytis cinerea	biotic	field	single_pathogen_focus
SRR36367330	SAMN53797980	genus	0	0	no	40559	Botrytis cinerea	biotic	field	single_pathogen_focus
SRR36367331	SAMN53797979	species	1	0	no	40559	Botrytis cinerea	biotic	field	single_pathogen_focus
SRR36367331	SAMN53797979	genus	0	0	no	40559	Botrytis cinerea	biotic	field	single_pathogen_focus
SRR36367335	SAMN53797975	species	1	0	no	40559	Botrytis cinerea	biotic	field	single_pathogen_focus
SRR36367335	SAMN53797975	genus	0	0	no	40559	Botrytis cinerea	biotic	field	single_pathogen_focus
SRR36367336	SAMN53797974	species	1	0	no	40559	Botrytis cinerea	biotic	field	single_pathogen_focus
SRR36367336	SAMN53797974	genus	0	0	no	40559	Botrytis cinerea	biotic	field	single_pathogen_focus
SRR36367339	SAMN53797963	species	1	0	no	40559	Botrytis cinerea	biotic	field	single_pathogen_focus
SRR36367339	SAMN53797963	genus	0	0	no	40559	Botrytis cinerea	biotic	field	single_pathogen_focus
SRR36368718	SAMN53799059	species	0	0	no	143451	Plasmopara viticola	biotic	field	single_pathogen_focus
SRR36368718	SAMN53799059	genus	0	0	no	143451	Plasmopara viticola	biotic	field	single_pathogen_focus
SRR36368719	SAMN53799058	species	0	0	no	143451	Plasmopara viticola	biotic	field	single_pathogen_focus
SRR36368719	SAMN53799058	genus	0	0	no	143451	Plasmopara viticola	biotic	field	single_pathogen_focus
SRR36368721	SAMN53799056	species	0	0	no	143451	Plasmopara viticola	biotic	field	single_pathogen_focus
SRR36368721	SAMN53799056	genus	0	0	no	143451	Plasmopara viticola	biotic	field	single_pathogen_focus
SRR36368722	SAMN53799055	species	0	0	no	143451	Plasmopara viticola	biotic	field	single_pathogen_focus
SRR36368722	SAMN53799055	genus	0	0	no	143451	Plasmopara viticola	biotic	field	single_pathogen_focus
SRR36610577	SAMN54325117	species	1	0	no	27334	Penicillium expansum	biotic	field	single_pathogen_focus
SRR36610577	SAMN54325117	genus	0	0	no	27334	Penicillium expansum	biotic	field	single_pathogen_focus
SRR36610578	SAMN54325117	species	1	0	no	27334	Penicillium expansum	biotic	field	single_pathogen_focus
SRR36610578	SAMN54325117	genus	0	0	no	27334	Penicillium expansum	biotic	field	single_pathogen_focus
SRR36610579	SAMN54325117	species	1	0	no	27334	Penicillium expansum	biotic	field	single_pathogen_focus
SRR36610579	SAMN54325117	genus	0	0	no	27334	Penicillium expansum	biotic	field	single_pathogen_focus
SRR36610580	SAMN54325117	species	1	0	no	27334	Penicillium expansum	biotic	field	single_pathogen_focus
SRR36610580	SAMN54325117	genus	0	0	no	27334	Penicillium expansum	biotic	field	single_pathogen_focus
SRR36610581	SAMN54325117	species	1	0	no	27334	Penicillium expansum	biotic	field	single_pathogen_focus
SRR36610581	SAMN54325117	genus	0	0	no	27334	Penicillium expansum	biotic	field	single_pathogen_focus
SRR36610582	SAMN54325117	species	1	0	no	27334	Penicillium expansum	biotic	field	single_pathogen_focus
SRR36610582	SAMN54325117	genus	0	0	no	27334	Penicillium expansum	biotic	field	single_pathogen_focus
SRR36616580	SAMN54326143	species	0	0	no	32612	lettuce necrotic yellows virus	biotic	field	single_pathogen_focus
SRR36616580	SAMN54326143	genus	0	0	no	32612	lettuce necrotic yellows virus	biotic	field	single_pathogen_focus
SRR36634281	SAMN54363032	species	0	0	no	3052585	Tomato spotted wilt virus (TSWV)	biotic	field	single_pathogen_focus
SRR36634281	SAMN54363032	genus	0	0	no	3052585	Tomato spotted wilt virus (TSWV)	biotic	field	single_pathogen_focus
SRR36910196	SAMN54710547	species	1	0	no	40559	Botrytis cinerea	biotic	field	single_pathogen_focus
SRR36910196	SAMN54710547	genus	0	0	no	40559	Botrytis cinerea	biotic	field	single_pathogen_focus
SRR36910197	SAMN54710546	species	1	0	no	40559	Botrytis cinerea	biotic	field	single_pathogen_focus
SRR36910197	SAMN54710546	genus	0	0	no	40559	Botrytis cinerea	biotic	field	single_pathogen_focus
SRR36910200	SAMN54710609	species	1	0	no	40559	Botrytis cinerea	biotic	field	single_pathogen_focus
SRR36910200	SAMN54710609	genus	0	0	no	40559	Botrytis cinerea	biotic	field	single_pathogen_focus
SRR36910201	SAMN54710608	species	1	0	no	40559	Botrytis cinerea	biotic	field	single_pathogen_focus
SRR36910201	SAMN54710608	genus	0	0	no	40559	Botrytis cinerea	biotic	field	single_pathogen_focus
SRR36910202	SAMN54710545	species	1	0	no	40559	Botrytis cinerea	biotic	field	single_pathogen_focus
SRR36910202	SAMN54710545	genus	0	0	no	40559	Botrytis cinerea	biotic	field	single_pathogen_focus
SRR36910203	SAMN54710607	species	1	0	no	40559	Botrytis cinerea	biotic	field	single_pathogen_focus
SRR36910203	SAMN54710607	genus	0	0	no	40559	Botrytis cinerea	biotic	field	single_pathogen_focus
SRR36910204	SAMN54710606	species	1	0	no	40559	Botrytis cinerea	biotic	field	single_pathogen_focus
SRR36910204	SAMN54710606	genus	0	0	no	40559	Botrytis cinerea	biotic	field	single_pathogen_focus
SRR36910206	SAMN54710604	species	1	0	no	40559	Botrytis cinerea	biotic	field	single_pathogen_focus
SRR36910206	SAMN54710604	genus	0	0	no	40559	Botrytis cinerea	biotic	field	single_pathogen_focus
SRR36910207	SAMN54710603	species	1	0	no	40559	Botrytis cinerea	biotic	field	single_pathogen_focus
SRR36910207	SAMN54710603	genus	0	0	no	40559	Botrytis cinerea	biotic	field	single_pathogen_focus
SRR36910208	SAMN54710602	species	1	0	no	40559	Botrytis cinerea	biotic	field	single_pathogen_focus
SRR36910208	SAMN54710602	genus	0	0	no	40559	Botrytis cinerea	biotic	field	single_pathogen_focus
SRR36910209	SAMN54710601	species	1	0	no	40559	Botrytis cinerea	biotic	field	single_pathogen_focus
SRR36910209	SAMN54710601	genus	0	0	no	40559	Botrytis cinerea	biotic	field	single_pathogen_focus
SRR36910211	SAMN54710599	species	1	0	no	40559	Botrytis cinerea	biotic	field	single_pathogen_focus
SRR36910211	SAMN54710599	genus	0	0	no	40559	Botrytis cinerea	biotic	field	single_pathogen_focus
SRR36910212	SAMN54710598	species	1	0	no	40559	Botrytis cinerea	biotic	field	single_pathogen_focus
SRR36910212	SAMN54710598	genus	0	0	no	40559	Botrytis cinerea	biotic	field	single_pathogen_focus
SRR36910214	SAMN54710597	species	1	0	no	40559	Botrytis cinerea	biotic	field	single_pathogen_focus
SRR36910214	SAMN54710597	genus	0	0	no	40559	Botrytis cinerea	biotic	field	single_pathogen_focus
SRR36910215	SAMN54710596	species	1	0	no	40559	Botrytis cinerea	biotic	field	single_pathogen_focus
SRR36910215	SAMN54710596	genus	0	0	no	40559	Botrytis cinerea	biotic	field	single_pathogen_focus
SRR36910216	SAMN54710595	species	1	0	no	40559	Botrytis cinerea	biotic	field	single_pathogen_focus
SRR36910216	SAMN54710595	genus	0	0	no	40559	Botrytis cinerea	biotic	field	single_pathogen_focus
SRR36910217	SAMN54710594	species	1	0	no	40559	Botrytis cinerea	biotic	field	single_pathogen_focus
SRR36910217	SAMN54710594	genus	0	0	no	40559	Botrytis cinerea	biotic	field	single_pathogen_focus
SRR36910218	SAMN54710593	species	1	0	no	40559	Botrytis cinerea	biotic	field	single_pathogen_focus
SRR36910218	SAMN54710593	genus	0	0	no	40559	Botrytis cinerea	biotic	field	single_pathogen_focus
SRR36910220	SAMN54710591	species	1	0	no	40559	Botrytis cinerea	biotic	field	single_pathogen_focus
SRR36910220	SAMN54710591	genus	0	0	no	40559	Botrytis cinerea	biotic	field	single_pathogen_focus
SRR36910221	SAMN54710590	species	1	0	no	40559	Botrytis cinerea	biotic	field	single_pathogen_focus
SRR36910221	SAMN54710590	genus	0	0	no	40559	Botrytis cinerea	biotic	field	single_pathogen_focus
SRR36910224	SAMN54710543	species	1	0	no	40559	Botrytis cinerea	biotic	field	single_pathogen_focus
SRR36910224	SAMN54710543	genus	0	0	no	40559	Botrytis cinerea	biotic	field	single_pathogen_focus
SRR36910226	SAMN54710586	species	1	0	no	40559	Botrytis cinerea	biotic	field	single_pathogen_focus
SRR36910226	SAMN54710586	genus	0	0	no	40559	Botrytis cinerea	biotic	field	single_pathogen_focus
SRR36910227	SAMN54710585	species	1	0	no	40559	Botrytis cinerea	biotic	field	single_pathogen_focus
SRR36910227	SAMN54710585	genus	0	0	no	40559	Botrytis cinerea	biotic	field	single_pathogen_focus
SRR36910229	SAMN54710583	species	1	0	no	40559	Botrytis cinerea	biotic	field	single_pathogen_focus
SRR36910229	SAMN54710583	genus	0	0	no	40559	Botrytis cinerea	biotic	field	single_pathogen_focus
SRR36910230	SAMN54710582	species	1	0	no	40559	Botrytis cinerea	biotic	field	single_pathogen_focus
SRR36910230	SAMN54710582	genus	0	0	no	40559	Botrytis cinerea	biotic	field	single_pathogen_focus
SRR36910231	SAMN54710581	species	1	0	no	40559	Botrytis cinerea	biotic	field	single_pathogen_focus
SRR36910231	SAMN54710581	genus	0	0	no	40559	Botrytis cinerea	biotic	field	single_pathogen_focus
SRR36910232	SAMN54710580	species	1	0	no	40559	Botrytis cinerea	biotic	field	single_pathogen_focus
SRR36910232	SAMN54710580	genus	0	0	no	40559	Botrytis cinerea	biotic	field	single_pathogen_focus
SRR36910233	SAMN54710579	species	1	0	no	40559	Botrytis cinerea	biotic	field	single_pathogen_focus
SRR36910233	SAMN54710579	genus	0	0	no	40559	Botrytis cinerea	biotic	field	single_pathogen_focus
SRR36910235	SAMN54710542	species	1	0	no	40559	Botrytis cinerea	biotic	field	single_pathogen_focus
SRR36910235	SAMN54710542	genus	0	0	no	40559	Botrytis cinerea	biotic	field	single_pathogen_focus
SRR36910236	SAMN54710577	species	1	0	no	40559	Botrytis cinerea	biotic	field	single_pathogen_focus
SRR36910236	SAMN54710577	genus	0	0	no	40559	Botrytis cinerea	biotic	field	single_pathogen_focus
SRR36910237	SAMN54710576	species	1	0	no	40559	Botrytis cinerea	biotic	field	single_pathogen_focus
SRR36910237	SAMN54710576	genus	0	0	no	40559	Botrytis cinerea	biotic	field	single_pathogen_focus
SRR36910238	SAMN54710575	species	1	0	no	40559	Botrytis cinerea	biotic	field	single_pathogen_focus
SRR36910238	SAMN54710575	genus	0	0	no	40559	Botrytis cinerea	biotic	field	single_pathogen_focus
SRR36910239	SAMN54710574	species	1	0	no	40559	Botrytis cinerea	biotic	field	single_pathogen_focus
SRR36910239	SAMN54710574	genus	0	0	no	40559	Botrytis cinerea	biotic	field	single_pathogen_focus
SRR36910240	SAMN54710573	species	1	0	no	40559	Botrytis cinerea	biotic	field	single_pathogen_focus
SRR36910240	SAMN54710573	genus	0	0	no	40559	Botrytis cinerea	biotic	field	single_pathogen_focus
SRR36910241	SAMN54710572	species	1	0	no	40559	Botrytis cinerea	biotic	field	single_pathogen_focus
SRR36910241	SAMN54710572	genus	0	0	no	40559	Botrytis cinerea	biotic	field	single_pathogen_focus
SRR36910243	SAMN54710570	species	1	0	no	40559	Botrytis cinerea	biotic	field	single_pathogen_focus
SRR36910243	SAMN54710570	genus	0	0	no	40559	Botrytis cinerea	biotic	field	single_pathogen_focus
SRR36910244	SAMN54710569	species	1	0	no	40559	Botrytis cinerea	biotic	field	single_pathogen_focus
SRR36910244	SAMN54710569	genus	0	0	no	40559	Botrytis cinerea	biotic	field	single_pathogen_focus
SRR36910246	SAMN54710541	species	1	0	no	40559	Botrytis cinerea	biotic	field	single_pathogen_focus
SRR36910246	SAMN54710541	genus	0	0	no	40559	Botrytis cinerea	biotic	field	single_pathogen_focus
SRR36910248	SAMN54710566	species	1	0	no	40559	Botrytis cinerea	biotic	field	single_pathogen_focus
SRR36910248	SAMN54710566	genus	0	0	no	40559	Botrytis cinerea	biotic	field	single_pathogen_focus
SRR36910249	SAMN54710565	species	1	0	no	40559	Botrytis cinerea	biotic	field	single_pathogen_focus
SRR36910249	SAMN54710565	genus	0	0	no	40559	Botrytis cinerea	biotic	field	single_pathogen_focus
SRR36910250	SAMN54710564	species	1	0	no	40559	Botrytis cinerea	biotic	field	single_pathogen_focus
SRR36910250	SAMN54710564	genus	0	0	no	40559	Botrytis cinerea	biotic	field	single_pathogen_focus
SRR36910251	SAMN54710563	species	1	0	no	40559	Botrytis cinerea	biotic	field	single_pathogen_focus
SRR36910251	SAMN54710563	genus	0	0	no	40559	Botrytis cinerea	biotic	field	single_pathogen_focus
SRR36910254	SAMN54710560	species	1	0	no	40559	Botrytis cinerea	biotic	field	single_pathogen_focus
SRR36910254	SAMN54710560	genus	0	0	no	40559	Botrytis cinerea	biotic	field	single_pathogen_focus
SRR36910255	SAMN54710559	species	1	0	no	40559	Botrytis cinerea	biotic	field	single_pathogen_focus
SRR36910255	SAMN54710559	genus	0	0	no	40559	Botrytis cinerea	biotic	field	single_pathogen_focus
SRR36910258	SAMN54710557	species	1	0	no	40559	Botrytis cinerea	biotic	field	single_pathogen_focus
SRR36910258	SAMN54710557	genus	0	0	no	40559	Botrytis cinerea	biotic	field	single_pathogen_focus
SRR36910259	SAMN54710556	species	1	0	no	40559	Botrytis cinerea	biotic	field	single_pathogen_focus
SRR36910259	SAMN54710556	genus	0	0	no	40559	Botrytis cinerea	biotic	field	single_pathogen_focus
SRR36910260	SAMN54710555	species	1	0	no	40559	Botrytis cinerea	biotic	field	single_pathogen_focus
SRR36910260	SAMN54710555	genus	0	0	no	40559	Botrytis cinerea	biotic	field	single_pathogen_focus
SRR36910261	SAMN54710554	species	1	0	no	40559	Botrytis cinerea	biotic	field	single_pathogen_focus
SRR36910261	SAMN54710554	genus	0	0	no	40559	Botrytis cinerea	biotic	field	single_pathogen_focus
SRR36910262	SAMN54710553	species	1	0	no	40559	Botrytis cinerea	biotic	field	single_pathogen_focus
SRR36910262	SAMN54710553	genus	0	0	no	40559	Botrytis cinerea	biotic	field	single_pathogen_focus
SRR36910263	SAMN54710552	species	1	0	no	40559	Botrytis cinerea	biotic	field	single_pathogen_focus
SRR36910263	SAMN54710552	genus	0	0	no	40559	Botrytis cinerea	biotic	field	single_pathogen_focus
SRR36910264	SAMN54710551	species	1	0	no	40559	Botrytis cinerea	biotic	field	single_pathogen_focus
SRR36910264	SAMN54710551	genus	0	0	no	40559	Botrytis cinerea	biotic	field	single_pathogen_focus
SRR36910265	SAMN54710550	species	1	0	no	40559	Botrytis cinerea	biotic	field	single_pathogen_focus
SRR36910265	SAMN54710550	genus	0	0	no	40559	Botrytis cinerea	biotic	field	single_pathogen_focus
SRR36910266	SAMN54710549	species	1	0	no	40559	Botrytis cinerea	biotic	field	single_pathogen_focus
SRR36910266	SAMN54710549	genus	0	0	no	40559	Botrytis cinerea	biotic	field	single_pathogen_focus
SRR36910267	SAMN54710548	species	1	0	no	40559	Botrytis cinerea	biotic	field	single_pathogen_focus
SRR36910267	SAMN54710548	genus	0	0	no	40559	Botrytis cinerea	biotic	field	single_pathogen_focus
SRR36910268	SAMN54710539	species	1	0	no	40559	Botrytis cinerea	biotic	field	single_pathogen_focus
SRR36910268	SAMN54710539	genus	0	0	no	40559	Botrytis cinerea	biotic	field	single_pathogen_focus
SRR36910269	SAMN54710538	species	1	0	no	40559	Botrytis cinerea	biotic	field	single_pathogen_focus
SRR36910269	SAMN54710538	genus	0	0	no	40559	Botrytis cinerea	biotic	field	single_pathogen_focus
SRR36950010	SAMN54752600	species	0	0	no	442694	Xanthomonas perforans	biotic	field	single_pathogen_focus
SRR36950010	SAMN54752600	genus	0	0	no	442694	Xanthomonas perforans	biotic	field	single_pathogen_focus
SRR36950011	SAMN54752577	species	0	0	no	442694	Xanthomonas perforans	biotic	field	single_pathogen_focus
SRR36950011	SAMN54752577	genus	0	0	no	442694	Xanthomonas perforans	biotic	field	single_pathogen_focus
SRR36950012	SAMN54752576	species	0	0	no	442694	Xanthomonas perforans	biotic	field	single_pathogen_focus
SRR36950012	SAMN54752576	genus	0	0	no	442694	Xanthomonas perforans	biotic	field	single_pathogen_focus
SRR36950013	SAMN54752516	species	0	0	no	442694	Xanthomonas perforans	biotic	field	single_pathogen_focus
SRR36950013	SAMN54752516	genus	0	0	no	442694	Xanthomonas perforans	biotic	field	single_pathogen_focus
SRR36950014	SAMN54752252	species	0	0	no	442694	Xanthomonas perforans	biotic	field	single_pathogen_focus
SRR36950014	SAMN54752252	genus	0	0	no	442694	Xanthomonas perforans	biotic	field	single_pathogen_focus
SRR36950016	SAMN54752617	species	0	0	no	442694	Xanthomonas perforans	biotic	field	single_pathogen_focus
SRR36950016	SAMN54752617	genus	0	0	no	442694	Xanthomonas perforans	biotic	field	single_pathogen_focus
SRR36950017	SAMN54752607	species	0	0	no	442694	Xanthomonas perforans	biotic	field	single_pathogen_focus
SRR36950017	SAMN54752607	genus	0	0	no	442694	Xanthomonas perforans	biotic	field	single_pathogen_focus
SRR36950018	SAMN54752112	species	0	0	no	442694	Xanthomonas perforans	biotic	field	single_pathogen_focus
SRR36950018	SAMN54752112	genus	0	0	no	442694	Xanthomonas perforans	biotic	field	single_pathogen_focus
SRR36950019	SAMN54752188	species	0	0	no	442694	Xanthomonas perforans	biotic	field	single_pathogen_focus
SRR36950019	SAMN54752188	genus	0	0	no	442694	Xanthomonas perforans	biotic	field	single_pathogen_focus
SRR36950020	SAMN54752078	species	0	0	no	442694	Xanthomonas perforans	biotic	field	single_pathogen_focus
SRR36950020	SAMN54752078	genus	0	0	no	442694	Xanthomonas perforans	biotic	field	single_pathogen_focus
SRR36950021	SAMN54752031	species	0	0	no	442694	Xanthomonas perforans	biotic	field	single_pathogen_focus
SRR36950021	SAMN54752031	genus	0	0	no	442694	Xanthomonas perforans	biotic	field	single_pathogen_focus
SRR36993185	SAMN54895278	species	1	0	no	4787	Phytophthora infestans	biotic	field	single_pathogen_focus
SRR36993185	SAMN54895278	genus	0	0	no	4787	Phytophthora infestans	biotic	field	single_pathogen_focus
SRR36993186	SAMN54895277	species	1	0	no	4787	Phytophthora infestans	biotic	field	single_pathogen_focus
SRR36993186	SAMN54895277	genus	0	0	no	4787	Phytophthora infestans	biotic	field	single_pathogen_focus
SRR36993187	SAMN54895276	species	1	0	no	4787	Phytophthora infestans	biotic	field	single_pathogen_focus
SRR36993187	SAMN54895276	genus	0	0	no	4787	Phytophthora infestans	biotic	field	single_pathogen_focus
SRR36993188	SAMN54895275	species	1	0	no	4787	Phytophthora infestans	biotic	field	single_pathogen_focus
SRR36993188	SAMN54895275	genus	0	0	no	4787	Phytophthora infestans	biotic	field	single_pathogen_focus
SRR36993190	SAMN54895274	species	1	0	no	4787	Phytophthora infestans	biotic	field	single_pathogen_focus
SRR36993190	SAMN54895274	genus	0	0	no	4787	Phytophthora infestans	biotic	field	single_pathogen_focus
SRR36993191	SAMN54895273	species	1	0	no	4787	Phytophthora infestans	biotic	field	single_pathogen_focus
SRR36993191	SAMN54895273	genus	0	0	no	4787	Phytophthora infestans	biotic	field	single_pathogen_focus
SRR36993192	SAMN54895272	species	1	0	no	4787	Phytophthora infestans	biotic	field	single_pathogen_focus
SRR36993192	SAMN54895272	genus	0	0	no	4787	Phytophthora infestans	biotic	field	single_pathogen_focus
SRR36993193	SAMN54895271	species	1	0	no	4787	Phytophthora infestans	biotic	field	single_pathogen_focus
SRR36993193	SAMN54895271	genus	0	0	no	4787	Phytophthora infestans	biotic	field	single_pathogen_focus
SRR36993194	SAMN54895270	species	1	0	no	4787	Phytophthora infestans	biotic	field	single_pathogen_focus
SRR36993194	SAMN54895270	genus	0	0	no	4787	Phytophthora infestans	biotic	field	single_pathogen_focus
SRR36993195	SAMN54895269	species	1	0	no	4787	Phytophthora infestans	biotic	field	single_pathogen_focus
SRR36993195	SAMN54895269	genus	0	0	no	4787	Phytophthora infestans	biotic	field	single_pathogen_focus
SRR37049205	SAMN54977829	species	1	1	no	983506	Rhizoctonia solani AG1-IA	biotic	field	single_pathogen_focus
SRR37049205	SAMN54977829	genus	0	0	no	983506	Rhizoctonia solani AG1-IA	biotic	field	single_pathogen_focus
SRR37049207	SAMN54977827	species	1	1	no	983506	Rhizoctonia solani AG1-IA	biotic	field	single_pathogen_focus
SRR37049207	SAMN54977827	genus	0	0	no	983506	Rhizoctonia solani AG1-IA	biotic	field	single_pathogen_focus
SRR37049209	SAMN54977825	species	1	1	no	983506	Rhizoctonia solani AG1-IA	biotic	field	single_pathogen_focus
SRR37049209	SAMN54977825	genus	0	0	no	983506	Rhizoctonia solani AG1-IA	biotic	field	single_pathogen_focus
SRR3724076	SAMN05300417	species	1	0	no	1047171,5506	Zymoseptoria tritici; Fusarium; powdery mildew; stripe rust	biotic	field	single_pathogen_focus
SRR3724076	SAMN05300417	genus	0	0	no	1047171,5506	Zymoseptoria tritici; Fusarium; powdery mildew; stripe rust	biotic	field	single_pathogen_focus
SRR3724079	SAMN05300417	species	1	0	no	1047171,5506	Zymoseptoria tritici; Fusarium; powdery mildew; stripe rust	biotic	field	single_pathogen_focus
SRR3724079	SAMN05300417	genus	0	0	no	1047171,5506	Zymoseptoria tritici; Fusarium; powdery mildew; stripe rust	biotic	field	single_pathogen_focus
SRR3724081	SAMN05300417	species	1	0	no	1047171,5506	Zymoseptoria tritici; Fusarium; powdery mildew; stripe rust	biotic	field	single_pathogen_focus
SRR3724081	SAMN05300417	genus	0	0	no	1047171,5506	Zymoseptoria tritici; Fusarium; powdery mildew; stripe rust	biotic	field	single_pathogen_focus
SRR3724084	SAMN05300418	species	1	0	no	1047171,5506	Zymoseptoria tritici; Fusarium; powdery mildew; stripe rust	biotic	field	single_pathogen_focus
SRR3724084	SAMN05300418	genus	0	0	no	1047171,5506	Zymoseptoria tritici; Fusarium; powdery mildew; stripe rust	biotic	field	single_pathogen_focus
SRR3724086	SAMN05300418	species	1	0	no	1047171,5506	Zymoseptoria tritici; Fusarium; powdery mildew; stripe rust	biotic	field	single_pathogen_focus
SRR3724086	SAMN05300418	genus	0	0	no	1047171,5506	Zymoseptoria tritici; Fusarium; powdery mildew; stripe rust	biotic	field	single_pathogen_focus
SRR3724093	SAMN05300418	species	1	0	no	1047171,5506	Zymoseptoria tritici; Fusarium; powdery mildew; stripe rust	biotic	field	single_pathogen_focus
SRR3724093	SAMN05300418	genus	0	0	no	1047171,5506	Zymoseptoria tritici; Fusarium; powdery mildew; stripe rust	biotic	field	single_pathogen_focus
SRR3724095	SAMN05300418	species	1	0	no	1047171,5506	Zymoseptoria tritici; Fusarium; powdery mildew; stripe rust	biotic	field	single_pathogen_focus
SRR3724095	SAMN05300418	genus	0	0	no	1047171,5506	Zymoseptoria tritici; Fusarium; powdery mildew; stripe rust	biotic	field	single_pathogen_focus
SRR3724097	SAMN05300418	species	1	0	no	1047171,5506	Zymoseptoria tritici; Fusarium; powdery mildew; stripe rust	biotic	field	single_pathogen_focus
SRR3724097	SAMN05300418	genus	0	0	no	1047171,5506	Zymoseptoria tritici; Fusarium; powdery mildew; stripe rust	biotic	field	single_pathogen_focus
SRR3724099	SAMN05300418	species	1	0	no	1047171,5506	Zymoseptoria tritici; Fusarium; powdery mildew; stripe rust	biotic	field	single_pathogen_focus
SRR3724099	SAMN05300418	genus	0	0	no	1047171,5506	Zymoseptoria tritici; Fusarium; powdery mildew; stripe rust	biotic	field	single_pathogen_focus
SRR3724102	SAMN05300418	species	1	0	no	1047171,5506	Zymoseptoria tritici; Fusarium; powdery mildew; stripe rust	biotic	field	single_pathogen_focus
SRR3724102	SAMN05300418	genus	0	0	no	1047171,5506	Zymoseptoria tritici; Fusarium; powdery mildew; stripe rust	biotic	field	single_pathogen_focus
SRR3724104	SAMN05300418	species	1	0	no	1047171,5506	Zymoseptoria tritici; Fusarium; powdery mildew; stripe rust	biotic	field	single_pathogen_focus
SRR3724104	SAMN05300418	genus	0	0	no	1047171,5506	Zymoseptoria tritici; Fusarium; powdery mildew; stripe rust	biotic	field	single_pathogen_focus
SRR3724106	SAMN05300418	species	1	0	no	1047171,5506	Zymoseptoria tritici; Fusarium; powdery mildew; stripe rust	biotic	field	single_pathogen_focus
SRR3724106	SAMN05300418	genus	0	0	no	1047171,5506	Zymoseptoria tritici; Fusarium; powdery mildew; stripe rust	biotic	field	single_pathogen_focus
SRR3724108	SAMN05300418	species	1	0	no	1047171,5506	Zymoseptoria tritici; Fusarium; powdery mildew; stripe rust	biotic	field	single_pathogen_focus
SRR3724108	SAMN05300418	genus	0	0	no	1047171,5506	Zymoseptoria tritici; Fusarium; powdery mildew; stripe rust	biotic	field	single_pathogen_focus
SRR3724136	SAMN05300419	species	1	0	no	1047171,5506	Zymoseptoria tritici; Fusarium; powdery mildew; stripe rust	biotic	field	single_pathogen_focus
SRR3724136	SAMN05300419	genus	0	0	no	1047171,5506	Zymoseptoria tritici; Fusarium; powdery mildew; stripe rust	biotic	field	single_pathogen_focus
SRR3724140	SAMN05300419	species	1	0	no	1047171,5506	Zymoseptoria tritici; Fusarium; powdery mildew; stripe rust	biotic	field	single_pathogen_focus
SRR3724140	SAMN05300419	genus	0	0	no	1047171,5506	Zymoseptoria tritici; Fusarium; powdery mildew; stripe rust	biotic	field	single_pathogen_focus
SRR3724142	SAMN05300419	species	1	0	no	1047171,5506	Zymoseptoria tritici; Fusarium; powdery mildew; stripe rust	biotic	field	single_pathogen_focus
SRR3724142	SAMN05300419	genus	0	0	no	1047171,5506	Zymoseptoria tritici; Fusarium; powdery mildew; stripe rust	biotic	field	single_pathogen_focus
SRR3724145	SAMN05300419	species	1	0	no	1047171,5506	Zymoseptoria tritici; Fusarium; powdery mildew; stripe rust	biotic	field	single_pathogen_focus
SRR3724145	SAMN05300419	genus	0	0	no	1047171,5506	Zymoseptoria tritici; Fusarium; powdery mildew; stripe rust	biotic	field	single_pathogen_focus
SRR3724153	SAMN05300420	species	1	0	no	1047171,5506	Zymoseptoria tritici; Fusarium; powdery mildew; stripe rust	biotic	field	single_pathogen_focus
SRR3724153	SAMN05300420	genus	0	0	no	1047171,5506	Zymoseptoria tritici; Fusarium; powdery mildew; stripe rust	biotic	field	single_pathogen_focus
SRR3724158	SAMN05300420	species	1	0	no	1047171,5506	Zymoseptoria tritici; Fusarium; powdery mildew; stripe rust	biotic	field	single_pathogen_focus
SRR3724158	SAMN05300420	genus	0	0	no	1047171,5506	Zymoseptoria tritici; Fusarium; powdery mildew; stripe rust	biotic	field	single_pathogen_focus
SRR3724164	SAMN05300420	species	1	0	no	1047171,5506	Zymoseptoria tritici; Fusarium; powdery mildew; stripe rust	biotic	field	single_pathogen_focus
SRR3724164	SAMN05300420	genus	0	0	no	1047171,5506	Zymoseptoria tritici; Fusarium; powdery mildew; stripe rust	biotic	field	single_pathogen_focus
SRR3724167	SAMN05300420	species	1	0	no	1047171,5506	Zymoseptoria tritici; Fusarium; powdery mildew; stripe rust	biotic	field	single_pathogen_focus
SRR3724167	SAMN05300420	genus	0	0	no	1047171,5506	Zymoseptoria tritici; Fusarium; powdery mildew; stripe rust	biotic	field	single_pathogen_focus
SRR3724169	SAMN05300420	species	1	0	no	1047171,5506	Zymoseptoria tritici; Fusarium; powdery mildew; stripe rust	biotic	field	single_pathogen_focus
SRR3724169	SAMN05300420	genus	0	0	no	1047171,5506	Zymoseptoria tritici; Fusarium; powdery mildew; stripe rust	biotic	field	single_pathogen_focus
SRR3724171	SAMN05300420	species	1	0	no	1047171,5506	Zymoseptoria tritici; Fusarium; powdery mildew; stripe rust	biotic	field	single_pathogen_focus
SRR3724171	SAMN05300420	genus	0	0	no	1047171,5506	Zymoseptoria tritici; Fusarium; powdery mildew; stripe rust	biotic	field	single_pathogen_focus
SRR37491895	SAMN56311732	species	1	0	no	40559	Botrytis cinerea	biotic	field	intentional_multi_pathogen
SRR37491895	SAMN56311732	genus	0	0	no	40559	Botrytis cinerea	biotic	field	intentional_multi_pathogen
SRR37491896	SAMN56311731	species	1	0	no	40559	Botrytis cinerea	biotic	field	intentional_multi_pathogen
SRR37491896	SAMN56311731	genus	0	0	no	40559	Botrytis cinerea	biotic	field	intentional_multi_pathogen
SRR37491897	SAMN56311730	species	1	0	no	40559	Botrytis cinerea	biotic	field	intentional_multi_pathogen
SRR37491897	SAMN56311730	genus	0	0	no	40559	Botrytis cinerea	biotic	field	intentional_multi_pathogen
SRR37491898	SAMN56311729	species	1	0	no	40559	Botrytis cinerea	biotic	field	intentional_multi_pathogen
SRR37491898	SAMN56311729	genus	0	0	no	40559	Botrytis cinerea	biotic	field	intentional_multi_pathogen
SRR37491899	SAMN56311728	species	1	0	no	40559	Botrytis cinerea	biotic	field	intentional_multi_pathogen
SRR37491899	SAMN56311728	genus	0	0	no	40559	Botrytis cinerea	biotic	field	intentional_multi_pathogen
SRR37491901	SAMN56311726	species	1	0	no	40559	Botrytis cinerea	biotic	field	intentional_multi_pathogen
SRR37491901	SAMN56311726	genus	0	0	no	40559	Botrytis cinerea	biotic	field	intentional_multi_pathogen
SRR37491908	SAMN56311738	species	1	0	no	40559	Botrytis cinerea	biotic	field	intentional_multi_pathogen
SRR37491908	SAMN56311738	genus	0	0	no	40559	Botrytis cinerea	biotic	field	intentional_multi_pathogen
SRR37491909	SAMN56311737	species	1	0	no	40559	Botrytis cinerea	biotic	field	intentional_multi_pathogen
SRR37491909	SAMN56311737	genus	0	0	no	40559	Botrytis cinerea	biotic	field	intentional_multi_pathogen
SRR37491910	SAMN56311736	species	1	0	no	40559	Botrytis cinerea	biotic	field	intentional_multi_pathogen
SRR37491910	SAMN56311736	genus	0	0	no	40559	Botrytis cinerea	biotic	field	intentional_multi_pathogen
SRR37491912	SAMN56311734	species	1	0	no	40559	Botrytis cinerea	biotic	field	intentional_multi_pathogen
SRR37491912	SAMN56311734	genus	0	0	no	40559	Botrytis cinerea	biotic	field	intentional_multi_pathogen
SRR37491913	SAMN56311733	species	1	0	no	40559	Botrytis cinerea	biotic	field	intentional_multi_pathogen
SRR37491913	SAMN56311733	genus	0	0	no	40559	Botrytis cinerea	biotic	field	intentional_multi_pathogen
SRR37491914	SAMN56311724	species	1	0	no	40559	Botrytis cinerea	biotic	field	intentional_multi_pathogen
SRR37491914	SAMN56311724	genus	0	0	no	40559	Botrytis cinerea	biotic	field	intentional_multi_pathogen
SRR3750693	SAMN05363418	species	1	0	no	5022	Leptosphaeria maculans	biotic	field	single_pathogen_focus
SRR3750693	SAMN05363418	genus	0	0	no	5022	Leptosphaeria maculans	biotic	field	single_pathogen_focus
SRR3750694	SAMN05363419	species	1	0	no	5022	Leptosphaeria maculans	biotic	field	single_pathogen_focus
SRR3750694	SAMN05363419	genus	0	0	no	5022	Leptosphaeria maculans	biotic	field	single_pathogen_focus
SRR3750695	SAMN05363420	species	1	0	no	5022	Leptosphaeria maculans	biotic	field	single_pathogen_focus
SRR3750695	SAMN05363420	genus	0	0	no	5022	Leptosphaeria maculans	biotic	field	single_pathogen_focus
SRR3750696	SAMN05363421	species	1	0	no	5022	Leptosphaeria maculans	biotic	field	single_pathogen_focus
SRR3750696	SAMN05363421	genus	0	0	no	5022	Leptosphaeria maculans	biotic	field	single_pathogen_focus
SRR3750697	SAMN05363422	species	1	0	no	5022	Leptosphaeria maculans	biotic	field	single_pathogen_focus
SRR3750697	SAMN05363422	genus	0	0	no	5022	Leptosphaeria maculans	biotic	field	single_pathogen_focus
SRR3750698	SAMN05363423	species	1	0	no	5022	Leptosphaeria maculans	biotic	field	single_pathogen_focus
SRR3750698	SAMN05363423	genus	0	0	no	5022	Leptosphaeria maculans	biotic	field	single_pathogen_focus
SRR3750699	SAMN05363424	species	1	0	no	5022	Leptosphaeria maculans	biotic	field	single_pathogen_focus
SRR3750699	SAMN05363424	genus	0	0	no	5022	Leptosphaeria maculans	biotic	field	single_pathogen_focus
SRR3750700	SAMN05363425	species	1	0	no	5022	Leptosphaeria maculans	biotic	field	single_pathogen_focus
SRR3750700	SAMN05363425	genus	0	0	no	5022	Leptosphaeria maculans	biotic	field	single_pathogen_focus
SRR3750701	SAMN05363426	species	1	0	no	5022	Leptosphaeria maculans	biotic	field	single_pathogen_focus
SRR3750701	SAMN05363426	genus	0	0	no	5022	Leptosphaeria maculans	biotic	field	single_pathogen_focus
SRR3750702	SAMN05363427	species	1	0	no	5022	Leptosphaeria maculans	biotic	field	single_pathogen_focus
SRR3750702	SAMN05363427	genus	0	0	no	5022	Leptosphaeria maculans	biotic	field	single_pathogen_focus
SRR3750704	SAMN05363428	species	1	0	no	5022	Leptosphaeria maculans	biotic	field	single_pathogen_focus
SRR3750704	SAMN05363428	genus	0	0	no	5022	Leptosphaeria maculans	biotic	field	single_pathogen_focus
SRR3750705	SAMN05363429	species	1	0	no	5022	Leptosphaeria maculans	biotic	field	single_pathogen_focus
SRR3750705	SAMN05363429	genus	0	0	no	5022	Leptosphaeria maculans	biotic	field	single_pathogen_focus
SRR3750706	SAMN05363430	species	1	0	no	5022	Leptosphaeria maculans	biotic	field	single_pathogen_focus
SRR3750706	SAMN05363430	genus	0	0	no	5022	Leptosphaeria maculans	biotic	field	single_pathogen_focus
SRR3750707	SAMN05363431	species	1	0	no	5022	Leptosphaeria maculans	biotic	field	single_pathogen_focus
SRR3750707	SAMN05363431	genus	0	0	no	5022	Leptosphaeria maculans	biotic	field	single_pathogen_focus
SRR3750708	SAMN05363432	species	1	0	no	5022	Leptosphaeria maculans	biotic	field	single_pathogen_focus
SRR3750708	SAMN05363432	genus	0	0	no	5022	Leptosphaeria maculans	biotic	field	single_pathogen_focus
SRR3750709	SAMN05363433	species	1	0	no	5022	Leptosphaeria maculans	biotic	field	single_pathogen_focus
SRR3750709	SAMN05363433	genus	0	0	no	5022	Leptosphaeria maculans	biotic	field	single_pathogen_focus
SRR3750710	SAMN05363434	species	1	0	no	5022	Leptosphaeria maculans	biotic	field	single_pathogen_focus
SRR3750710	SAMN05363434	genus	0	0	no	5022	Leptosphaeria maculans	biotic	field	single_pathogen_focus
SRR3750711	SAMN05363435	species	1	0	no	5022	Leptosphaeria maculans	biotic	field	single_pathogen_focus
SRR3750711	SAMN05363435	genus	0	0	no	5022	Leptosphaeria maculans	biotic	field	single_pathogen_focus
SRR3750712	SAMN05363436	species	1	0	no	5022	Leptosphaeria maculans	biotic	field	single_pathogen_focus
SRR3750712	SAMN05363436	genus	0	0	no	5022	Leptosphaeria maculans	biotic	field	single_pathogen_focus
SRR3750713	SAMN05363437	species	1	0	no	5022	Leptosphaeria maculans	biotic	field	single_pathogen_focus
SRR3750713	SAMN05363437	genus	0	0	no	5022	Leptosphaeria maculans	biotic	field	single_pathogen_focus
SRR3750715	SAMN05363438	species	1	0	no	5022	Leptosphaeria maculans	biotic	field	single_pathogen_focus
SRR3750715	SAMN05363438	genus	0	0	no	5022	Leptosphaeria maculans	biotic	field	single_pathogen_focus
SRR3750716	SAMN05363439	species	1	0	no	5022	Leptosphaeria maculans	biotic	field	single_pathogen_focus
SRR3750716	SAMN05363439	genus	0	0	no	5022	Leptosphaeria maculans	biotic	field	single_pathogen_focus
SRR3750717	SAMN05363440	species	1	0	no	5022	Leptosphaeria maculans	biotic	field	single_pathogen_focus
SRR3750717	SAMN05363440	genus	0	0	no	5022	Leptosphaeria maculans	biotic	field	single_pathogen_focus
SRR3750718	SAMN05363441	species	1	0	no	5022	Leptosphaeria maculans	biotic	field	single_pathogen_focus
SRR3750718	SAMN05363441	genus	0	0	no	5022	Leptosphaeria maculans	biotic	field	single_pathogen_focus
SRR3750719	SAMN05363442	species	1	0	no	5022	Leptosphaeria maculans	biotic	field	single_pathogen_focus
SRR3750719	SAMN05363442	genus	0	0	no	5022	Leptosphaeria maculans	biotic	field	single_pathogen_focus
SRR3750720	SAMN05363443	species	1	0	no	5022	Leptosphaeria maculans	biotic	field	single_pathogen_focus
SRR3750720	SAMN05363443	genus	0	0	no	5022	Leptosphaeria maculans	biotic	field	single_pathogen_focus
SRR3750721	SAMN05363444	species	1	0	no	5022	Leptosphaeria maculans	biotic	field	single_pathogen_focus
SRR3750721	SAMN05363444	genus	0	0	no	5022	Leptosphaeria maculans	biotic	field	single_pathogen_focus
SRR3750722	SAMN05363445	species	1	0	no	5022	Leptosphaeria maculans	biotic	field	single_pathogen_focus
SRR3750722	SAMN05363445	genus	0	0	no	5022	Leptosphaeria maculans	biotic	field	single_pathogen_focus
SRR3750723	SAMN05363446	species	1	0	no	5022	Leptosphaeria maculans	biotic	field	single_pathogen_focus
SRR3750723	SAMN05363446	genus	0	0	no	5022	Leptosphaeria maculans	biotic	field	single_pathogen_focus
SRR3750724	SAMN05363447	species	1	0	no	5022	Leptosphaeria maculans	biotic	field	single_pathogen_focus
SRR3750724	SAMN05363447	genus	0	0	no	5022	Leptosphaeria maculans	biotic	field	single_pathogen_focus
SRR3750726	SAMN05363448	species	1	0	no	5022	Leptosphaeria maculans	biotic	field	single_pathogen_focus
SRR3750726	SAMN05363448	genus	0	0	no	5022	Leptosphaeria maculans	biotic	field	single_pathogen_focus
SRR3750727	SAMN05363449	species	1	0	no	5022	Leptosphaeria maculans	biotic	field	single_pathogen_focus
SRR3750727	SAMN05363449	genus	0	0	no	5022	Leptosphaeria maculans	biotic	field	single_pathogen_focus
SRR3750728	SAMN05363450	species	1	0	no	5022	Leptosphaeria maculans	biotic	field	single_pathogen_focus
SRR3750728	SAMN05363450	genus	0	0	no	5022	Leptosphaeria maculans	biotic	field	single_pathogen_focus
SRR3750729	SAMN05363451	species	1	0	no	5022	Leptosphaeria maculans	biotic	field	single_pathogen_focus
SRR3750729	SAMN05363451	genus	0	0	no	5022	Leptosphaeria maculans	biotic	field	single_pathogen_focus
SRR3750730	SAMN05363452	species	1	0	no	5022	Leptosphaeria maculans	biotic	field	single_pathogen_focus
SRR3750730	SAMN05363452	genus	0	0	no	5022	Leptosphaeria maculans	biotic	field	single_pathogen_focus
SRR3750732	SAMN05363414	species	1	0	no	5022	Leptosphaeria maculans	biotic	field	single_pathogen_focus
SRR3750732	SAMN05363414	genus	0	0	no	5022	Leptosphaeria maculans	biotic	field	single_pathogen_focus
SRR3750733	SAMN05363415	species	1	0	no	5022	Leptosphaeria maculans	biotic	field	single_pathogen_focus
SRR3750733	SAMN05363415	genus	0	0	no	5022	Leptosphaeria maculans	biotic	field	single_pathogen_focus
SRR3750734	SAMN05363416	species	1	0	no	5022	Leptosphaeria maculans	biotic	field	single_pathogen_focus
SRR3750734	SAMN05363416	genus	0	0	no	5022	Leptosphaeria maculans	biotic	field	single_pathogen_focus
SRR3750735	SAMN05363417	species	1	0	no	5022	Leptosphaeria maculans	biotic	field	single_pathogen_focus
SRR3750735	SAMN05363417	genus	0	0	no	5022	Leptosphaeria maculans	biotic	field	single_pathogen_focus
SRR38293576	SAMN20585433	species	1	1	no	168172,208348	Puccinia striiformis f. sp. tritici; Puccinia triticina	biotic	field	single_pathogen_focus
SRR38293576	SAMN20585433	genus	0	0	no	168172,208348	Puccinia striiformis f. sp. tritici; Puccinia triticina	biotic	field	single_pathogen_focus
SRR38293577	SAMN20585433	species	1	1	no	168172,208348	Puccinia striiformis f. sp. tritici; Puccinia triticina	biotic	field	single_pathogen_focus
SRR38293577	SAMN20585433	genus	0	0	no	168172,208348	Puccinia striiformis f. sp. tritici; Puccinia triticina	biotic	field	single_pathogen_focus
SRR38293579	SAMN20585433	species	1	1	no	168172,208348	Puccinia striiformis f. sp. tritici; Puccinia triticina	biotic	field	single_pathogen_focus
SRR38293579	SAMN20585433	genus	0	0	no	168172,208348	Puccinia striiformis f. sp. tritici; Puccinia triticina	biotic	field	single_pathogen_focus
SRR38293580	SAMN20585433	species	1	1	no	168172,208348	Puccinia striiformis f. sp. tritici; Puccinia triticina	biotic	field	single_pathogen_focus
SRR38293580	SAMN20585433	genus	0	0	no	168172,208348	Puccinia striiformis f. sp. tritici; Puccinia triticina	biotic	field	single_pathogen_focus
SRR38293581	SAMN20585433	species	1	1	no	168172,208348	Puccinia striiformis f. sp. tritici; Puccinia triticina	biotic	field	single_pathogen_focus
SRR38293581	SAMN20585433	genus	0	0	no	168172,208348	Puccinia striiformis f. sp. tritici; Puccinia triticina	biotic	field	single_pathogen_focus
SRR38293582	SAMN20585433	species	1	1	no	168172,208348	Puccinia striiformis f. sp. tritici; Puccinia triticina	biotic	field	single_pathogen_focus
SRR38293582	SAMN20585433	genus	0	0	no	168172,208348	Puccinia striiformis f. sp. tritici; Puccinia triticina	biotic	field	single_pathogen_focus
SRR38293583	SAMN20585433	species	1	1	no	168172,208348	Puccinia striiformis f. sp. tritici; Puccinia triticina	biotic	field	single_pathogen_focus
SRR38293583	SAMN20585433	genus	0	0	no	168172,208348	Puccinia striiformis f. sp. tritici; Puccinia triticina	biotic	field	single_pathogen_focus
SRR38293584	SAMN20585433	species	1	1	no	168172,208348	Puccinia striiformis f. sp. tritici; Puccinia triticina	biotic	field	single_pathogen_focus
SRR38293584	SAMN20585433	genus	0	0	no	168172,208348	Puccinia striiformis f. sp. tritici; Puccinia triticina	biotic	field	single_pathogen_focus
SRR391823	SAMN00767940	species	1	0	no	31870,80884	Colletotrichum graminicola; Colletotrichum higginsianum	biotic	field	single_pathogen_focus
SRR391823	SAMN00767940	genus	0	0	no	31870,80884	Colletotrichum graminicola; Colletotrichum higginsianum	biotic	field	single_pathogen_focus
SRR391824	SAMN00767941	species	1	0	no	31870,80884	Colletotrichum graminicola; Colletotrichum higginsianum	biotic	field	single_pathogen_focus
SRR391824	SAMN00767941	genus	0	0	no	31870,80884	Colletotrichum graminicola; Colletotrichum higginsianum	biotic	field	single_pathogen_focus
SRR391825	SAMN00767942	species	1	0	no	31870,80884	Colletotrichum graminicola; Colletotrichum higginsianum	biotic	field	single_pathogen_focus
SRR391825	SAMN00767942	genus	0	0	no	31870,80884	Colletotrichum graminicola; Colletotrichum higginsianum	biotic	field	single_pathogen_focus
SRR391826	SAMN00767943	species	1	0	no	31870,80884	Colletotrichum graminicola; Colletotrichum higginsianum	biotic	field	single_pathogen_focus
SRR391826	SAMN00767943	genus	0	0	no	31870,80884	Colletotrichum graminicola; Colletotrichum higginsianum	biotic	field	single_pathogen_focus
SRR391827	SAMN00767944	species	1	0	no	31870,80884	Colletotrichum graminicola; Colletotrichum higginsianum	biotic	field	single_pathogen_focus
SRR391827	SAMN00767944	genus	0	0	no	31870,80884	Colletotrichum graminicola; Colletotrichum higginsianum	biotic	field	single_pathogen_focus
SRR391828	SAMN00767945	species	1	0	no	31870,80884	Colletotrichum graminicola; Colletotrichum higginsianum	biotic	field	single_pathogen_focus
SRR391828	SAMN00767945	genus	0	0	no	31870,80884	Colletotrichum graminicola; Colletotrichum higginsianum	biotic	field	single_pathogen_focus
SRR391829	SAMN00767946	species	1	0	no	31870,80884	Colletotrichum graminicola; Colletotrichum higginsianum	biotic	field	single_pathogen_focus
SRR391829	SAMN00767946	genus	0	0	no	31870,80884	Colletotrichum graminicola; Colletotrichum higginsianum	biotic	field	single_pathogen_focus
SRR391830	SAMN00767947	species	1	0	no	31870,80884	Colletotrichum graminicola; Colletotrichum higginsianum	biotic	field	single_pathogen_focus
SRR391830	SAMN00767947	genus	0	0	no	31870,80884	Colletotrichum graminicola; Colletotrichum higginsianum	biotic	field	single_pathogen_focus
SRR391831	SAMN00767948	species	1	0	no	31870,80884	Colletotrichum graminicola; Colletotrichum higginsianum	biotic	field	single_pathogen_focus
SRR391831	SAMN00767948	genus	0	0	no	31870,80884	Colletotrichum graminicola; Colletotrichum higginsianum	biotic	field	single_pathogen_focus
SRR391832	SAMN00767949	species	1	0	no	31870,80884	Colletotrichum graminicola; Colletotrichum higginsianum	biotic	field	single_pathogen_focus
SRR391832	SAMN00767949	genus	0	0	no	31870,80884	Colletotrichum graminicola; Colletotrichum higginsianum	biotic	field	single_pathogen_focus
SRR391833	SAMN00767950	species	1	0	no	31870,80884	Colletotrichum graminicola; Colletotrichum higginsianum	biotic	field	single_pathogen_focus
SRR391833	SAMN00767950	genus	0	0	no	31870,80884	Colletotrichum graminicola; Colletotrichum higginsianum	biotic	field	single_pathogen_focus
SRR391834	SAMN00767951	species	1	0	no	31870,80884	Colletotrichum graminicola; Colletotrichum higginsianum	biotic	field	single_pathogen_focus
SRR391834	SAMN00767951	genus	0	0	no	31870,80884	Colletotrichum graminicola; Colletotrichum higginsianum	biotic	field	single_pathogen_focus
SRR391835	SAMN00767952	species	1	0	no	31870,80884	Colletotrichum graminicola; Colletotrichum higginsianum	biotic	field	single_pathogen_focus
SRR391835	SAMN00767952	genus	0	0	no	31870,80884	Colletotrichum graminicola; Colletotrichum higginsianum	biotic	field	single_pathogen_focus
SRR391836	SAMN00767953	species	1	0	no	31870,80884	Colletotrichum graminicola; Colletotrichum higginsianum	biotic	field	single_pathogen_focus
SRR391836	SAMN00767953	genus	0	0	no	31870,80884	Colletotrichum graminicola; Colletotrichum higginsianum	biotic	field	single_pathogen_focus
SRR391837	SAMN00767954	species	1	0	no	31870,80884	Colletotrichum graminicola; Colletotrichum higginsianum	biotic	field	single_pathogen_focus
SRR391837	SAMN00767954	genus	0	0	no	31870,80884	Colletotrichum graminicola; Colletotrichum higginsianum	biotic	field	single_pathogen_focus
SRR391838	SAMN00767955	species	1	0	no	31870,80884	Colletotrichum graminicola; Colletotrichum higginsianum	biotic	field	single_pathogen_focus
SRR391838	SAMN00767955	genus	0	0	no	31870,80884	Colletotrichum graminicola; Colletotrichum higginsianum	biotic	field	single_pathogen_focus
SRR391839	SAMN00767956	species	1	0	no	31870,80884	Colletotrichum graminicola; Colletotrichum higginsianum	biotic	field	single_pathogen_focus
SRR391839	SAMN00767956	genus	0	0	no	31870,80884	Colletotrichum graminicola; Colletotrichum higginsianum	biotic	field	single_pathogen_focus
SRR391840	SAMN00767957	species	1	0	no	31870,80884	Colletotrichum graminicola; Colletotrichum higginsianum	biotic	field	single_pathogen_focus
SRR391840	SAMN00767957	genus	0	0	no	31870,80884	Colletotrichum graminicola; Colletotrichum higginsianum	biotic	field	single_pathogen_focus
SRR391841	SAMN00767958	species	1	0	no	31870,80884	Colletotrichum graminicola; Colletotrichum higginsianum	biotic	field	single_pathogen_focus
SRR391841	SAMN00767958	genus	0	0	no	31870,80884	Colletotrichum graminicola; Colletotrichum higginsianum	biotic	field	single_pathogen_focus
SRR391842	SAMN00767959	species	1	0	no	31870,80884	Colletotrichum graminicola; Colletotrichum higginsianum	biotic	field	single_pathogen_focus
SRR391842	SAMN00767959	genus	0	0	no	31870,80884	Colletotrichum graminicola; Colletotrichum higginsianum	biotic	field	single_pathogen_focus
SRR391843	SAMN00767960	species	1	0	no	31870,80884	Colletotrichum graminicola; Colletotrichum higginsianum	biotic	field	single_pathogen_focus
SRR391843	SAMN00767960	genus	0	0	no	31870,80884	Colletotrichum graminicola; Colletotrichum higginsianum	biotic	field	single_pathogen_focus
SRR391844	SAMN00767961	species	1	0	no	31870,80884	Colletotrichum graminicola; Colletotrichum higginsianum	biotic	field	single_pathogen_focus
SRR391844	SAMN00767961	genus	0	0	no	31870,80884	Colletotrichum graminicola; Colletotrichum higginsianum	biotic	field	single_pathogen_focus
SRR4044953	SAMN05597277	species	1	0	no	5059	Aspergillus flavus	biotic	field	intentional_multi_pathogen
SRR4044953	SAMN05597277	genus	0	0	no	5059	Aspergillus flavus	biotic	field	intentional_multi_pathogen
SRR4044954	SAMN05597276	species	1	0	no	5059	Aspergillus flavus	biotic	field	intentional_multi_pathogen
SRR4044954	SAMN05597276	genus	0	0	no	5059	Aspergillus flavus	biotic	field	intentional_multi_pathogen
SRR4044955	SAMN05597275	species	1	0	no	5059	Aspergillus flavus	biotic	field	intentional_multi_pathogen
SRR4044955	SAMN05597275	genus	0	0	no	5059	Aspergillus flavus	biotic	field	intentional_multi_pathogen
SRR4240592	SAMN05717951	species	1	0	no	1047171,5180	Sclerotinia sclerotiorum; Zymoseptoria tritici	biotic	field	single_pathogen_focus
SRR4240592	SAMN05717951	genus	0	0	no	1047171,5180	Sclerotinia sclerotiorum; Zymoseptoria tritici	biotic	field	single_pathogen_focus
SRR4240593	SAMN05717952	species	1	0	no	1047171,5180	Sclerotinia sclerotiorum; Zymoseptoria tritici	biotic	field	single_pathogen_focus
SRR4240593	SAMN05717952	genus	0	0	no	1047171,5180	Sclerotinia sclerotiorum; Zymoseptoria tritici	biotic	field	single_pathogen_focus
SRR4240601	SAMN05717947	species	1	0	no	1047171,5180	Sclerotinia sclerotiorum; Zymoseptoria tritici	biotic	field	single_pathogen_focus
SRR4240601	SAMN05717947	genus	0	0	no	1047171,5180	Sclerotinia sclerotiorum; Zymoseptoria tritici	biotic	field	single_pathogen_focus
SRR4240602	SAMN05717948	species	1	0	no	1047171,5180	Sclerotinia sclerotiorum; Zymoseptoria tritici	biotic	field	single_pathogen_focus
SRR4240602	SAMN05717948	genus	0	0	no	1047171,5180	Sclerotinia sclerotiorum; Zymoseptoria tritici	biotic	field	single_pathogen_focus
SRR4240603	SAMN05717949	species	1	0	no	1047171,5180	Sclerotinia sclerotiorum; Zymoseptoria tritici	biotic	field	single_pathogen_focus
SRR4240603	SAMN05717949	genus	0	0	no	1047171,5180	Sclerotinia sclerotiorum; Zymoseptoria tritici	biotic	field	single_pathogen_focus
SRR4240604	SAMN05717950	species	1	0	no	1047171,5180	Sclerotinia sclerotiorum; Zymoseptoria tritici	biotic	field	single_pathogen_focus
SRR4240604	SAMN05717950	genus	0	0	no	1047171,5180	Sclerotinia sclerotiorum; Zymoseptoria tritici	biotic	field	single_pathogen_focus
SRR4296236	SAMN05824290	species	1	0	no	1159556	Ustilaginoidea virens	biotic	field	single_pathogen_focus
SRR4296236	SAMN05824290	genus	0	0	no	1159556	Ustilaginoidea virens	biotic	field	single_pathogen_focus
SRR4296237	SAMN05824289	species	1	0	no	1159556	Ustilaginoidea virens	biotic	field	single_pathogen_focus
SRR4296237	SAMN05824289	genus	0	0	no	1159556	Ustilaginoidea virens	biotic	field	single_pathogen_focus
SRR4296238	SAMN05824299	species	1	0	no	1159556	Ustilaginoidea virens	biotic	field	single_pathogen_focus
SRR4296238	SAMN05824299	genus	0	0	no	1159556	Ustilaginoidea virens	biotic	field	single_pathogen_focus
SRR4296239	SAMN05824288	species	1	0	no	1159556	Ustilaginoidea virens	biotic	field	single_pathogen_focus
SRR4296239	SAMN05824288	genus	0	0	no	1159556	Ustilaginoidea virens	biotic	field	single_pathogen_focus
SRR4296240	SAMN05824301	species	1	0	no	1159556	Ustilaginoidea virens	biotic	field	single_pathogen_focus
SRR4296240	SAMN05824301	genus	0	0	no	1159556	Ustilaginoidea virens	biotic	field	single_pathogen_focus
SRR4296241	SAMN05824300	species	1	0	no	1159556	Ustilaginoidea virens	biotic	field	single_pathogen_focus
SRR4296241	SAMN05824300	genus	0	0	no	1159556	Ustilaginoidea virens	biotic	field	single_pathogen_focus
SRR5113839	SAMN06144931	species	1	0	no	5518	Fusarium graminearum	biotic	field	single_pathogen_focus
SRR5113839	SAMN06144931	genus	0	0	no	5518	Fusarium graminearum	biotic	field	single_pathogen_focus
SRR5225794	SAMN06291429	species	3	2	yes	135779,348901	Cercospora zeina; Cercospora zeae-maydis	biotic	field	single_pathogen_focus
SRR5225794	SAMN06291429	genus	0	0	no	135779,348901	Cercospora zeina; Cercospora zeae-maydis	biotic	field	single_pathogen_focus
SRR5225796	SAMN06291433	species	2	1	yes	135779,348901	Cercospora zeina; Cercospora zeae-maydis	biotic	field	single_pathogen_focus
SRR5225796	SAMN06291433	genus	0	0	no	135779,348901	Cercospora zeina; Cercospora zeae-maydis	biotic	field	single_pathogen_focus
SRR5225798	SAMN06291431	species	3	2	yes	135779,348901	Cercospora zeina; Cercospora zeae-maydis	biotic	field	single_pathogen_focus
SRR5225798	SAMN06291431	genus	0	0	no	135779,348901	Cercospora zeina; Cercospora zeae-maydis	biotic	field	single_pathogen_focus
SRR5387720	SAMN06349890	species	6	6	yes			none	field	not_disease_focused
SRR5387720	SAMN06349890	genus	0	0	no			none	field	not_disease_focused
SRR5712016	SAMN07253305	species	1	0	no	1047171,5506	Zymoseptoria tritici; Fusarium; powdery mildew; stripe rust	biotic	field	single_pathogen_focus
SRR5712016	SAMN07253305	genus	0	0	no	1047171,5506	Zymoseptoria tritici; Fusarium; powdery mildew; stripe rust	biotic	field	single_pathogen_focus
SRR579533	SAMN01737610	species	1	1	no	168172	Puccinia striiformis f. sp. tritici	biotic	field	single_pathogen_focus
SRR579533	SAMN01737610	genus	0	0	no	168172	Puccinia striiformis f. sp. tritici	biotic	field	single_pathogen_focus
SRR579534	SAMN01737611	species	1	1	no	168172	Puccinia striiformis f. sp. tritici	biotic	field	single_pathogen_focus
SRR579534	SAMN01737611	genus	0	0	no	168172	Puccinia striiformis f. sp. tritici	biotic	field	single_pathogen_focus
SRR579535	SAMN01737612	species	1	1	no	168172	Puccinia striiformis f. sp. tritici	biotic	field	single_pathogen_focus
SRR579535	SAMN01737612	genus	0	0	no	168172	Puccinia striiformis f. sp. tritici	biotic	field	single_pathogen_focus
SRR5904040	SAMN07454245	species	3	2	yes	948311	Fusarium proliferatum	biotic	field	single_pathogen_focus
SRR5904040	SAMN07454245	genus	0	0	no	948311	Fusarium proliferatum	biotic	field	single_pathogen_focus
SRR5909661	SAMN06764809	species	0	0	no			none	field	not_disease_focused
SRR5909661	SAMN06764809	genus	0	0	no			none	field	not_disease_focused
SRR6039724	SAMN07648040	species	1	0	no	5270	Ustilago maydis	biotic	field	single_pathogen_focus
SRR6039724	SAMN07648040	genus	0	0	no	5270	Ustilago maydis	biotic	field	single_pathogen_focus
SRR6039726	SAMN07648083	species	1	0	no	5270	Ustilago maydis	biotic	field	single_pathogen_focus
SRR6039726	SAMN07648083	genus	0	0	no	5270	Ustilago maydis	biotic	field	single_pathogen_focus
SRR6039727	SAMN07648083	species	1	0	no	5270	Ustilago maydis	biotic	field	single_pathogen_focus
SRR6039727	SAMN07648083	genus	0	0	no	5270	Ustilago maydis	biotic	field	single_pathogen_focus
SRR6039728	SAMN07648079	species	1	0	no	5270	Ustilago maydis	biotic	field	single_pathogen_focus
SRR6039728	SAMN07648079	genus	0	0	no	5270	Ustilago maydis	biotic	field	single_pathogen_focus
SRR6039729	SAMN07648079	species	1	0	no	5270	Ustilago maydis	biotic	field	single_pathogen_focus
SRR6039729	SAMN07648079	genus	0	0	no	5270	Ustilago maydis	biotic	field	single_pathogen_focus
SRR6039730	SAMN07648078	species	1	0	no	5270	Ustilago maydis	biotic	field	single_pathogen_focus
SRR6039730	SAMN07648078	genus	0	0	no	5270	Ustilago maydis	biotic	field	single_pathogen_focus
SRR6039731	SAMN07648078	species	1	0	no	5270	Ustilago maydis	biotic	field	single_pathogen_focus
SRR6039731	SAMN07648078	genus	0	0	no	5270	Ustilago maydis	biotic	field	single_pathogen_focus
SRR6039732	SAMN07648077	species	1	0	no	5270	Ustilago maydis	biotic	field	single_pathogen_focus
SRR6039732	SAMN07648077	genus	0	0	no	5270	Ustilago maydis	biotic	field	single_pathogen_focus
SRR6039733	SAMN07648076	species	1	0	no	5270	Ustilago maydis	biotic	field	single_pathogen_focus
SRR6039733	SAMN07648076	genus	0	0	no	5270	Ustilago maydis	biotic	field	single_pathogen_focus
SRR6039734	SAMN07648075	species	1	0	no	5270	Ustilago maydis	biotic	field	single_pathogen_focus
SRR6039734	SAMN07648075	genus	0	0	no	5270	Ustilago maydis	biotic	field	single_pathogen_focus
SRR6039735	SAMN07648074	species	1	0	no	5270	Ustilago maydis	biotic	field	single_pathogen_focus
SRR6039735	SAMN07648074	genus	0	0	no	5270	Ustilago maydis	biotic	field	single_pathogen_focus
SRR6039736	SAMN07648074	species	1	0	no	5270	Ustilago maydis	biotic	field	single_pathogen_focus
SRR6039736	SAMN07648074	genus	0	0	no	5270	Ustilago maydis	biotic	field	single_pathogen_focus
SRR6039737	SAMN07648073	species	1	0	no	5270	Ustilago maydis	biotic	field	single_pathogen_focus
SRR6039737	SAMN07648073	genus	0	0	no	5270	Ustilago maydis	biotic	field	single_pathogen_focus
SRR6039738	SAMN07648073	species	1	0	no	5270	Ustilago maydis	biotic	field	single_pathogen_focus
SRR6039738	SAMN07648073	genus	0	0	no	5270	Ustilago maydis	biotic	field	single_pathogen_focus
SRR6039739	SAMN07648072	species	1	0	no	5270	Ustilago maydis	biotic	field	single_pathogen_focus
SRR6039739	SAMN07648072	genus	0	0	no	5270	Ustilago maydis	biotic	field	single_pathogen_focus
SRR6039740	SAMN07648070	species	1	0	no	5270	Ustilago maydis	biotic	field	single_pathogen_focus
SRR6039740	SAMN07648070	genus	0	0	no	5270	Ustilago maydis	biotic	field	single_pathogen_focus
SRR6039741	SAMN07648069	species	1	0	no	5270	Ustilago maydis	biotic	field	single_pathogen_focus
SRR6039741	SAMN07648069	genus	0	0	no	5270	Ustilago maydis	biotic	field	single_pathogen_focus
SRR6039742	SAMN07648068	species	1	0	no	5270	Ustilago maydis	biotic	field	single_pathogen_focus
SRR6039742	SAMN07648068	genus	0	0	no	5270	Ustilago maydis	biotic	field	single_pathogen_focus
SRR6039743	SAMN07648067	species	1	0	no	5270	Ustilago maydis	biotic	field	single_pathogen_focus
SRR6039743	SAMN07648067	genus	0	0	no	5270	Ustilago maydis	biotic	field	single_pathogen_focus
SRR6039744	SAMN07648066	species	1	0	no	5270	Ustilago maydis	biotic	field	single_pathogen_focus
SRR6039744	SAMN07648066	genus	0	0	no	5270	Ustilago maydis	biotic	field	single_pathogen_focus
SRR6041850	SAMN07655933	species	2	1	yes	690256	Colletotrichum fructicola	biotic	field	single_pathogen_focus
SRR6041850	SAMN07655933	genus	0	0	no	690256	Colletotrichum fructicola	biotic	field	single_pathogen_focus
SRR6041851	SAMN07655932	species	2	1	yes	690256	Colletotrichum fructicola	biotic	field	single_pathogen_focus
SRR6041851	SAMN07655932	genus	0	0	no	690256	Colletotrichum fructicola	biotic	field	single_pathogen_focus
SRR6041852	SAMN07655943	species	2	1	yes	690256	Colletotrichum fructicola	biotic	field	single_pathogen_focus
SRR6041852	SAMN07655943	genus	0	0	no	690256	Colletotrichum fructicola	biotic	field	single_pathogen_focus
SRR6189706	SAMN07811786	species	1	0	no	40559	Botrytis cinerea	biotic	field	single_pathogen_focus
SRR6189706	SAMN07811786	genus	0	0	no	40559	Botrytis cinerea	biotic	field	single_pathogen_focus
SRR6189709	SAMN07811785	species	1	0	no	40559	Botrytis cinerea	biotic	field	single_pathogen_focus
SRR6189709	SAMN07811785	genus	0	0	no	40559	Botrytis cinerea	biotic	field	single_pathogen_focus
SRR6189717	SAMN07811789	species	1	0	no	40559	Botrytis cinerea	biotic	field	single_pathogen_focus
SRR6189717	SAMN07811789	genus	0	0	no	40559	Botrytis cinerea	biotic	field	single_pathogen_focus
SRR6189720	SAMN07811787	species	1	0	no	40559	Botrytis cinerea	biotic	field	single_pathogen_focus
SRR6189720	SAMN07811787	genus	0	0	no	40559	Botrytis cinerea	biotic	field	single_pathogen_focus
SRR6218744	SAMN07836359	species	1	0	no	5297	Puccinia graminis f.sp. tritici race Ug99; Puccinia graminis f.sp. tritici (Pgt)	biotic	field	single_pathogen_focus
SRR6218744	SAMN07836359	genus	0	0	no	5297	Puccinia graminis f.sp. tritici race Ug99; Puccinia graminis f.sp. tritici (Pgt)	biotic	field	single_pathogen_focus
SRR6218748	SAMN07836355	species	1	0	no	5297	Puccinia graminis f.sp. tritici race Ug99; Puccinia graminis f.sp. tritici (Pgt)	biotic	field	single_pathogen_focus
SRR6218748	SAMN07836355	genus	0	0	no	5297	Puccinia graminis f.sp. tritici race Ug99; Puccinia graminis f.sp. tritici (Pgt)	biotic	field	single_pathogen_focus
SRR6218752	SAMN07836343	species	1	0	no	5297	Puccinia graminis f.sp. tritici race Ug99; Puccinia graminis f.sp. tritici (Pgt)	biotic	field	single_pathogen_focus
SRR6218752	SAMN07836343	genus	0	0	no	5297	Puccinia graminis f.sp. tritici race Ug99; Puccinia graminis f.sp. tritici (Pgt)	biotic	field	single_pathogen_focus
SRR6218756	SAMN07836348	species	2	1	yes	5297	Puccinia graminis f.sp. tritici race Ug99; Puccinia graminis f.sp. tritici (Pgt)	biotic	field	single_pathogen_focus
SRR6218756	SAMN07836348	genus	0	0	no	5297	Puccinia graminis f.sp. tritici race Ug99; Puccinia graminis f.sp. tritici (Pgt)	biotic	field	single_pathogen_focus
SRR6218770	SAMN07836330	species	1	0	no	5297	Puccinia graminis f.sp. tritici race Ug99; Puccinia graminis f.sp. tritici (Pgt)	biotic	field	single_pathogen_focus
SRR6218770	SAMN07836330	genus	0	0	no	5297	Puccinia graminis f.sp. tritici race Ug99; Puccinia graminis f.sp. tritici (Pgt)	biotic	field	single_pathogen_focus
SRR6218781	SAMN07836357	species	1	0	no	5297	Puccinia graminis f.sp. tritici race Ug99; Puccinia graminis f.sp. tritici (Pgt)	biotic	field	single_pathogen_focus
SRR6218781	SAMN07836357	genus	0	0	no	5297	Puccinia graminis f.sp. tritici race Ug99; Puccinia graminis f.sp. tritici (Pgt)	biotic	field	single_pathogen_focus
SRR6221903	SAMN07821296	species	1	0	no	4787	Phytophthora infestans	biotic	field	single_pathogen_focus
SRR6221903	SAMN07821296	genus	0	0	no	4787	Phytophthora infestans	biotic	field	single_pathogen_focus
SRR6221904	SAMN07821299	species	1	0	no	4787	Phytophthora infestans	biotic	field	single_pathogen_focus
SRR6221904	SAMN07821299	genus	0	0	no	4787	Phytophthora infestans	biotic	field	single_pathogen_focus
SRR6221905	SAMN07821312	species	1	0	no	4787	Phytophthora infestans	biotic	field	single_pathogen_focus
SRR6221905	SAMN07821312	genus	0	0	no	4787	Phytophthora infestans	biotic	field	single_pathogen_focus
SRR6221906	SAMN07821297	species	1	0	no	4787	Phytophthora infestans	biotic	field	single_pathogen_focus
SRR6221906	SAMN07821297	genus	0	0	no	4787	Phytophthora infestans	biotic	field	single_pathogen_focus
SRR6221907	SAMN07821298	species	1	0	no	4787	Phytophthora infestans	biotic	field	single_pathogen_focus
SRR6221907	SAMN07821298	genus	0	0	no	4787	Phytophthora infestans	biotic	field	single_pathogen_focus
SRR6242027	SAMN07836885	species	1	1	no	56615	Puccinia graminis f. sp. tritici	biotic	field	single_pathogen_focus
SRR6242027	SAMN07836885	genus	0	0	no	56615	Puccinia graminis f. sp. tritici	biotic	field	single_pathogen_focus
SRR6242028	SAMN07836886	species	1	1	no	56615	Puccinia graminis f. sp. tritici	biotic	field	single_pathogen_focus
SRR6242028	SAMN07836886	genus	0	0	no	56615	Puccinia graminis f. sp. tritici	biotic	field	single_pathogen_focus
SRR6242029	SAMN07836887	species	3	3	yes	56615	Puccinia graminis f. sp. tritici	biotic	field	single_pathogen_focus
SRR6242029	SAMN07836887	genus	0	0	no	56615	Puccinia graminis f. sp. tritici	biotic	field	single_pathogen_focus
SRR6242030	SAMN07836888	species	1	1	no	56615	Puccinia graminis f. sp. tritici	biotic	field	single_pathogen_focus
SRR6242030	SAMN07836888	genus	0	0	no	56615	Puccinia graminis f. sp. tritici	biotic	field	single_pathogen_focus
SRR6242034	SAMN07836892	species	1	1	no	56615	Puccinia graminis f. sp. tritici	biotic	field	single_pathogen_focus
SRR6242034	SAMN07836892	genus	0	0	no	56615	Puccinia graminis f. sp. tritici	biotic	field	single_pathogen_focus
SRR6242035	SAMN07836903	species	1	1	no	56615	Puccinia graminis f. sp. tritici	biotic	field	single_pathogen_focus
SRR6242035	SAMN07836903	genus	0	0	no	56615	Puccinia graminis f. sp. tritici	biotic	field	single_pathogen_focus
SRR6242036	SAMN07836894	species	1	1	no	56615	Puccinia graminis f. sp. tritici	biotic	field	single_pathogen_focus
SRR6242036	SAMN07836894	genus	0	0	no	56615	Puccinia graminis f. sp. tritici	biotic	field	single_pathogen_focus
SRR6242037	SAMN07836903	species	1	1	no	56615	Puccinia graminis f. sp. tritici	biotic	field	single_pathogen_focus
SRR6242037	SAMN07836903	genus	0	0	no	56615	Puccinia graminis f. sp. tritici	biotic	field	single_pathogen_focus
SRR6242038	SAMN07836896	species	1	1	no	56615	Puccinia graminis f. sp. tritici	biotic	field	single_pathogen_focus
SRR6242038	SAMN07836896	genus	0	0	no	56615	Puccinia graminis f. sp. tritici	biotic	field	single_pathogen_focus
SRR6242039	SAMN07836896	species	2	2	yes	56615	Puccinia graminis f. sp. tritici	biotic	field	single_pathogen_focus
SRR6242039	SAMN07836896	genus	0	0	no	56615	Puccinia graminis f. sp. tritici	biotic	field	single_pathogen_focus
SRR6242040	SAMN07836897	species	0	0	no	56615	Puccinia graminis f. sp. tritici	biotic	field	single_pathogen_focus
SRR6242040	SAMN07836897	genus	0	0	no	56615	Puccinia graminis f. sp. tritici	biotic	field	single_pathogen_focus
SRR6242041	SAMN07836897	species	0	0	no	56615	Puccinia graminis f. sp. tritici	biotic	field	single_pathogen_focus
SRR6242041	SAMN07836897	genus	0	0	no	56615	Puccinia graminis f. sp. tritici	biotic	field	single_pathogen_focus
SRR6242045	SAMN07836896	species	2	2	yes	56615	Puccinia graminis f. sp. tritici	biotic	field	single_pathogen_focus
SRR6242045	SAMN07836896	genus	0	0	no	56615	Puccinia graminis f. sp. tritici	biotic	field	single_pathogen_focus
SRR6242046	SAMN07836897	species	0	0	no	56615	Puccinia graminis f. sp. tritici	biotic	field	single_pathogen_focus
SRR6242046	SAMN07836897	genus	0	0	no	56615	Puccinia graminis f. sp. tritici	biotic	field	single_pathogen_focus
SRR6242047	SAMN07836898	species	1	1	no	56615	Puccinia graminis f. sp. tritici	biotic	field	single_pathogen_focus
SRR6242047	SAMN07836898	genus	0	0	no	56615	Puccinia graminis f. sp. tritici	biotic	field	single_pathogen_focus
SRR6242049	SAMN07836898	species	1	1	no	56615	Puccinia graminis f. sp. tritici	biotic	field	single_pathogen_focus
SRR6242049	SAMN07836898	genus	0	0	no	56615	Puccinia graminis f. sp. tritici	biotic	field	single_pathogen_focus
SRR6242050	SAMN07836898	species	1	1	no	56615	Puccinia graminis f. sp. tritici	biotic	field	single_pathogen_focus
SRR6242050	SAMN07836898	genus	0	0	no	56615	Puccinia graminis f. sp. tritici	biotic	field	single_pathogen_focus
SRR6242051	SAMN07836899	species	1	1	no	56615	Puccinia graminis f. sp. tritici	biotic	field	single_pathogen_focus
SRR6242051	SAMN07836899	genus	0	0	no	56615	Puccinia graminis f. sp. tritici	biotic	field	single_pathogen_focus
SRR6242052	SAMN07836899	species	1	1	no	56615	Puccinia graminis f. sp. tritici	biotic	field	single_pathogen_focus
SRR6242052	SAMN07836899	genus	0	0	no	56615	Puccinia graminis f. sp. tritici	biotic	field	single_pathogen_focus
SRR6242053	SAMN07836900	species	1	1	no	56615	Puccinia graminis f. sp. tritici	biotic	field	single_pathogen_focus
SRR6242053	SAMN07836900	genus	0	0	no	56615	Puccinia graminis f. sp. tritici	biotic	field	single_pathogen_focus
SRR6242054	SAMN07836899	species	1	1	no	56615	Puccinia graminis f. sp. tritici	biotic	field	single_pathogen_focus
SRR6242054	SAMN07836899	genus	0	0	no	56615	Puccinia graminis f. sp. tritici	biotic	field	single_pathogen_focus
SRR6242055	SAMN07836900	species	2	2	yes	56615	Puccinia graminis f. sp. tritici	biotic	field	single_pathogen_focus
SRR6242055	SAMN07836900	genus	0	0	no	56615	Puccinia graminis f. sp. tritici	biotic	field	single_pathogen_focus
SRR6242056	SAMN07836900	species	1	1	no	56615	Puccinia graminis f. sp. tritici	biotic	field	single_pathogen_focus
SRR6242056	SAMN07836900	genus	0	0	no	56615	Puccinia graminis f. sp. tritici	biotic	field	single_pathogen_focus
SRR6242057	SAMN07836901	species	1	1	no	56615	Puccinia graminis f. sp. tritici	biotic	field	single_pathogen_focus
SRR6242057	SAMN07836901	genus	0	0	no	56615	Puccinia graminis f. sp. tritici	biotic	field	single_pathogen_focus
SRR6242058	SAMN07836901	species	1	1	no	56615	Puccinia graminis f. sp. tritici	biotic	field	single_pathogen_focus
SRR6242058	SAMN07836901	genus	0	0	no	56615	Puccinia graminis f. sp. tritici	biotic	field	single_pathogen_focus
SRR6242059	SAMN07836902	species	1	1	no	56615	Puccinia graminis f. sp. tritici	biotic	field	single_pathogen_focus
SRR6242059	SAMN07836902	genus	0	0	no	56615	Puccinia graminis f. sp. tritici	biotic	field	single_pathogen_focus
SRR6242060	SAMN07836902	species	1	1	no	56615	Puccinia graminis f. sp. tritici	biotic	field	single_pathogen_focus
SRR6242060	SAMN07836902	genus	0	0	no	56615	Puccinia graminis f. sp. tritici	biotic	field	single_pathogen_focus
SRR6242061	SAMN07836901	species	1	1	no	56615	Puccinia graminis f. sp. tritici	biotic	field	single_pathogen_focus
SRR6242061	SAMN07836901	genus	0	0	no	56615	Puccinia graminis f. sp. tritici	biotic	field	single_pathogen_focus
SRR6242062	SAMN07836902	species	1	1	no	56615	Puccinia graminis f. sp. tritici	biotic	field	single_pathogen_focus
SRR6242062	SAMN07836902	genus	0	0	no	56615	Puccinia graminis f. sp. tritici	biotic	field	single_pathogen_focus
SRR6242063	SAMN07836903	species	1	1	no	56615	Puccinia graminis f. sp. tritici	biotic	field	single_pathogen_focus
SRR6242063	SAMN07836903	genus	0	0	no	56615	Puccinia graminis f. sp. tritici	biotic	field	single_pathogen_focus
SRR6279264	SAMN08000493	species	1	0	no	5059	Aspergillus flavus	biotic	field	single_pathogen_focus
SRR6279264	SAMN08000493	genus	0	0	no	5059	Aspergillus flavus	biotic	field	single_pathogen_focus
SRR6279324	SAMN08000553	species	1	0	no	5059	Aspergillus flavus	biotic	field	single_pathogen_focus
SRR6279324	SAMN08000553	genus	0	0	no	5059	Aspergillus flavus	biotic	field	single_pathogen_focus
SRR6292047	SAMN08026704	species	1	0	no	117187,5059	Aspergillus flavus; Fusarium verticillioides	biotic	field	intentional_multi_pathogen
SRR6292047	SAMN08026704	genus	0	0	no	117187,5059	Aspergillus flavus; Fusarium verticillioides	biotic	field	intentional_multi_pathogen
SRR6292049	SAMN08026692	species	1	0	no	117187,5059	Aspergillus flavus; Fusarium verticillioides	biotic	field	intentional_multi_pathogen
SRR6292049	SAMN08026692	genus	0	0	no	117187,5059	Aspergillus flavus; Fusarium verticillioides	biotic	field	intentional_multi_pathogen
SRR6292051	SAMN08026704	species	2	0	yes	117187,5059	Aspergillus flavus; Fusarium verticillioides	biotic	field	intentional_multi_pathogen
SRR6292051	SAMN08026704	genus	0	0	no	117187,5059	Aspergillus flavus; Fusarium verticillioides	biotic	field	intentional_multi_pathogen
SRR6292066	SAMN08026692	species	1	0	no	117187,5059	Aspergillus flavus; Fusarium verticillioides	biotic	field	intentional_multi_pathogen
SRR6292066	SAMN08026692	genus	0	0	no	117187,5059	Aspergillus flavus; Fusarium verticillioides	biotic	field	intentional_multi_pathogen
SRR6292067	SAMN08026692	species	1	0	no	117187,5059	Aspergillus flavus; Fusarium verticillioides	biotic	field	intentional_multi_pathogen
SRR6292067	SAMN08026692	genus	0	0	no	117187,5059	Aspergillus flavus; Fusarium verticillioides	biotic	field	intentional_multi_pathogen
SRR6292089	SAMN08026698	species	1	0	no	117187,5059	Aspergillus flavus; Fusarium verticillioides	biotic	field	intentional_multi_pathogen
SRR6292089	SAMN08026698	genus	0	0	no	117187,5059	Aspergillus flavus; Fusarium verticillioides	biotic	field	intentional_multi_pathogen
SRR6395471	SAMN08212031	species	1	0	no	318829,456999,64187	Magnaporthe oryzae; Rhizoctonia solani; Xanthomonas oryzae pv. oryzae	biotic	field	intentional_multi_pathogen
SRR6395471	SAMN08212031	genus	0	0	no	318829,456999,64187	Magnaporthe oryzae; Rhizoctonia solani; Xanthomonas oryzae pv. oryzae	biotic	field	intentional_multi_pathogen
SRR6395472	SAMN08212032	species	1	0	no	318829,456999,64187	Magnaporthe oryzae; Rhizoctonia solani; Xanthomonas oryzae pv. oryzae	biotic	field	intentional_multi_pathogen
SRR6395472	SAMN08212032	genus	0	0	no	318829,456999,64187	Magnaporthe oryzae; Rhizoctonia solani; Xanthomonas oryzae pv. oryzae	biotic	field	intentional_multi_pathogen
SRR6395482	SAMN08212029	species	1	0	no	318829,456999,64187	Magnaporthe oryzae; Rhizoctonia solani; Xanthomonas oryzae pv. oryzae	biotic	field	intentional_multi_pathogen
SRR6395482	SAMN08212029	genus	0	0	no	318829,456999,64187	Magnaporthe oryzae; Rhizoctonia solani; Xanthomonas oryzae pv. oryzae	biotic	field	intentional_multi_pathogen
SRR6395491	SAMN08212012	species	1	0	no	318829,456999,64187	Magnaporthe oryzae; Rhizoctonia solani; Xanthomonas oryzae pv. oryzae	biotic	field	intentional_multi_pathogen
SRR6395491	SAMN08212012	genus	0	0	no	318829,456999,64187	Magnaporthe oryzae; Rhizoctonia solani; Xanthomonas oryzae pv. oryzae	biotic	field	intentional_multi_pathogen
SRR6395492	SAMN08212011	species	1	0	no	318829,456999,64187	Magnaporthe oryzae; Rhizoctonia solani; Xanthomonas oryzae pv. oryzae	biotic	field	intentional_multi_pathogen
SRR6395492	SAMN08212011	genus	0	0	no	318829,456999,64187	Magnaporthe oryzae; Rhizoctonia solani; Xanthomonas oryzae pv. oryzae	biotic	field	intentional_multi_pathogen
SRR7403500	SAMN08537706	species	1	0	no	27334	Penicillium expansum PEXP creA mutant; Penicillium expansum with PhloeR strain	biotic	field	single_pathogen_focus
SRR7403500	SAMN08537706	genus	0	0	no	27334	Penicillium expansum PEXP creA mutant; Penicillium expansum with PhloeR strain	biotic	field	single_pathogen_focus
SRR7403503	SAMN08537706	species	1	0	no	27334	Penicillium expansum PEXP creA mutant; Penicillium expansum with PhloeR strain	biotic	field	single_pathogen_focus
SRR7403503	SAMN08537706	genus	0	0	no	27334	Penicillium expansum PEXP creA mutant; Penicillium expansum with PhloeR strain	biotic	field	single_pathogen_focus
SRR7403505	SAMN08537706	species	1	0	no	27334	Penicillium expansum PEXP creA mutant; Penicillium expansum with PhloeR strain	biotic	field	single_pathogen_focus
SRR7403505	SAMN08537706	genus	0	0	no	27334	Penicillium expansum PEXP creA mutant; Penicillium expansum with PhloeR strain	biotic	field	single_pathogen_focus
SRR7403508	SAMN08537706	species	1	0	no	27334	Penicillium expansum PEXP creA mutant; Penicillium expansum with PhloeR strain	biotic	field	single_pathogen_focus
SRR7403508	SAMN08537706	genus	0	0	no	27334	Penicillium expansum PEXP creA mutant; Penicillium expansum with PhloeR strain	biotic	field	single_pathogen_focus
SRR7500369	SAMN05415085	species	0	0	no	143451	Plasmopara viticola	biotic	field	single_pathogen_focus
SRR7500369	SAMN05415085	genus	0	0	no	143451	Plasmopara viticola	biotic	field	single_pathogen_focus
SRR7500370	SAMN05415085	species	0	0	no	143451	Plasmopara viticola	biotic	field	single_pathogen_focus
SRR7500370	SAMN05415085	genus	0	0	no	143451	Plasmopara viticola	biotic	field	single_pathogen_focus
SRR7500371	SAMN05415085	species	0	0	no	143451	Plasmopara viticola	biotic	field	single_pathogen_focus
SRR7500371	SAMN05415085	genus	0	0	no	143451	Plasmopara viticola	biotic	field	single_pathogen_focus
SRR7500372	SAMN05415085	species	0	0	no	143451	Plasmopara viticola	biotic	field	single_pathogen_focus
SRR7500372	SAMN05415085	genus	0	0	no	143451	Plasmopara viticola	biotic	field	single_pathogen_focus
SRR7500373	SAMN05415085	species	0	0	no	143451	Plasmopara viticola	biotic	field	single_pathogen_focus
SRR7500373	SAMN05415085	genus	0	0	no	143451	Plasmopara viticola	biotic	field	single_pathogen_focus
SRR7500374	SAMN05415085	species	0	0	no	143451	Plasmopara viticola	biotic	field	single_pathogen_focus
SRR7500374	SAMN05415085	genus	0	0	no	143451	Plasmopara viticola	biotic	field	single_pathogen_focus
SRR7500375	SAMN05415085	species	0	0	no	143451	Plasmopara viticola	biotic	field	single_pathogen_focus
SRR7500375	SAMN05415085	genus	0	0	no	143451	Plasmopara viticola	biotic	field	single_pathogen_focus
SRR7500376	SAMN05415085	species	0	0	no	143451	Plasmopara viticola	biotic	field	single_pathogen_focus
SRR7500376	SAMN05415085	genus	0	0	no	143451	Plasmopara viticola	biotic	field	single_pathogen_focus
SRR7500377	SAMN05415085	species	0	0	no	143451	Plasmopara viticola	biotic	field	single_pathogen_focus
SRR7500377	SAMN05415085	genus	0	0	no	143451	Plasmopara viticola	biotic	field	single_pathogen_focus
SRR7526690	SAMN08567241	species	1	1	no			none	field	not_disease_focused
SRR7526690	SAMN08567241	genus	0	0	no			none	field	not_disease_focused
SRR7526694	SAMN08567241	species	1	1	no			none	field	not_disease_focused
SRR7526694	SAMN08567241	genus	0	0	no			none	field	not_disease_focused
SRR7526695	SAMN08567241	species	1	1	no			none	field	not_disease_focused
SRR7526695	SAMN08567241	genus	0	0	no			none	field	not_disease_focused
SRR7526698	SAMN08567244	species	1	1	no			none	field	not_disease_focused
SRR7526698	SAMN08567244	genus	0	0	no			none	field	not_disease_focused
SRR7526699	SAMN08567244	species	1	1	no			none	field	not_disease_focused
SRR7526699	SAMN08567244	genus	0	0	no			none	field	not_disease_focused
SRR7526716	SAMN08567244	species	1	1	no			none	field	not_disease_focused
SRR7526716	SAMN08567244	genus	0	0	no			none	field	not_disease_focused
SRR7753253	SAMN09910611	species	3	2	yes	27334	Penicillium expansum	biotic	field	single_pathogen_focus
SRR7753253	SAMN09910611	genus	0	0	no	27334	Penicillium expansum	biotic	field	single_pathogen_focus
SRR7753254	SAMN09910613	species	3	2	yes	27334	Penicillium expansum	biotic	field	single_pathogen_focus
SRR7753254	SAMN09910613	genus	0	0	no	27334	Penicillium expansum	biotic	field	single_pathogen_focus
SRR7753255	SAMN09910615	species	1	0	no	27334	Penicillium expansum	biotic	field	single_pathogen_focus
SRR7753255	SAMN09910615	genus	0	0	no	27334	Penicillium expansum	biotic	field	single_pathogen_focus
SRR7753256	SAMN09910614	species	2	1	yes	27334	Penicillium expansum	biotic	field	single_pathogen_focus
SRR7753256	SAMN09910614	genus	0	0	no	27334	Penicillium expansum	biotic	field	single_pathogen_focus
SRR7797534	SAMN09927123	species	5	4	yes	5518	Fusarium graminearum	biotic	field	single_pathogen_focus
SRR7797534	SAMN09927123	genus	0	0	no	5518	Fusarium graminearum	biotic	field	single_pathogen_focus
SRR7797535	SAMN09927124	species	6	5	yes	5518	Fusarium graminearum	biotic	field	single_pathogen_focus
SRR7797535	SAMN09927124	genus	0	0	no	5518	Fusarium graminearum	biotic	field	single_pathogen_focus
SRR7797537	SAMN09927120	species	4	3	yes	5518	Fusarium graminearum	biotic	field	single_pathogen_focus
SRR7797537	SAMN09927120	genus	0	0	no	5518	Fusarium graminearum	biotic	field	single_pathogen_focus
SRR7797542	SAMN09927117	species	3	2	yes	5518	Fusarium graminearum	biotic	field	single_pathogen_focus
SRR7797542	SAMN09927117	genus	0	0	no	5518	Fusarium graminearum	biotic	field	single_pathogen_focus
SRR7797543	SAMN09927118	species	4	3	yes	5518	Fusarium graminearum	biotic	field	single_pathogen_focus
SRR7797543	SAMN09927118	genus	0	0	no	5518	Fusarium graminearum	biotic	field	single_pathogen_focus
SRR7797544	SAMN09927125	species	4	3	yes	5518	Fusarium graminearum	biotic	field	single_pathogen_focus
SRR7797544	SAMN09927125	genus	0	0	no	5518	Fusarium graminearum	biotic	field	single_pathogen_focus
SRR7797546	SAMN09927127	species	4	3	yes	5518	Fusarium graminearum	biotic	field	single_pathogen_focus
SRR7797546	SAMN09927127	genus	0	0	no	5518	Fusarium graminearum	biotic	field	single_pathogen_focus
SRR7873464	SAMN10081145	species	0	0	no	2293720	Mashua virus Y	biotic	field	single_pathogen_focus
SRR7873464	SAMN10081145	genus	0	0	no	2293720	Mashua virus Y	biotic	field	single_pathogen_focus
SRR7873465	SAMN10081146	species	0	0	no	2293720	Mashua virus Y	biotic	field	single_pathogen_focus
SRR7873465	SAMN10081146	genus	0	0	no	2293720	Mashua virus Y	biotic	field	single_pathogen_focus
SRR7873466	SAMN10081147	species	0	0	no	2293720	Mashua virus Y	biotic	field	single_pathogen_focus
SRR7873466	SAMN10081147	genus	0	0	no	2293720	Mashua virus Y	biotic	field	single_pathogen_focus
SRR7873467	SAMN10081141	species	0	0	no	2293720	Mashua virus Y	biotic	field	single_pathogen_focus
SRR7873467	SAMN10081141	genus	0	0	no	2293720	Mashua virus Y	biotic	field	single_pathogen_focus
SRR7873468	SAMN10081142	species	0	0	no	2293720	Mashua virus Y	biotic	field	single_pathogen_focus
SRR7873468	SAMN10081142	genus	0	0	no	2293720	Mashua virus Y	biotic	field	single_pathogen_focus
SRR7873469	SAMN10081143	species	0	0	no	2293720	Mashua virus Y	biotic	field	single_pathogen_focus
SRR7873469	SAMN10081143	genus	0	0	no	2293720	Mashua virus Y	biotic	field	single_pathogen_focus
SRR8168844	SAMN10352332	species	0	0	no	12199	Cowpea aphid-borne mosaic virus	biotic	field	single_pathogen_focus
SRR8168844	SAMN10352332	genus	0	0	no	12199	Cowpea aphid-borne mosaic virus	biotic	field	single_pathogen_focus
SRR8204116	SAMN10438637	species	11	11	yes			none	field	not_disease_focused
SRR8204116	SAMN10438637	genus	0	0	no			none	field	not_disease_focused
SRR8204117	SAMN10438644	species	6	6	yes			none	field	not_disease_focused
SRR8204117	SAMN10438644	genus	0	0	no			none	field	not_disease_focused
SRR8204118	SAMN10438643	species	5	5	yes			none	field	not_disease_focused
SRR8204118	SAMN10438643	genus	0	0	no			none	field	not_disease_focused
SRR8204122	SAMN10438645	species	10	10	yes			none	field	not_disease_focused
SRR8204122	SAMN10438645	genus	0	0	no			none	field	not_disease_focused
SRR8204123	SAMN10438658	species	10	10	yes			none	field	not_disease_focused
SRR8204123	SAMN10438658	genus	0	0	no			none	field	not_disease_focused
SRR8204124	SAMN10438657	species	10	10	yes			none	field	not_disease_focused
SRR8204124	SAMN10438657	genus	0	0	no			none	field	not_disease_focused
SRR8204125	SAMN10438635	species	9	9	yes			none	field	not_disease_focused
SRR8204125	SAMN10438635	genus	0	0	no			none	field	not_disease_focused
SRR8204126	SAMN10438636	species	10	10	yes			none	field	not_disease_focused
SRR8204126	SAMN10438636	genus	0	0	no			none	field	not_disease_focused
SRR8204127	SAMN10438655	species	9	9	yes			none	field	not_disease_focused
SRR8204127	SAMN10438655	genus	0	0	no			none	field	not_disease_focused
SRR8204128	SAMN10438656	species	11	11	yes			none	field	not_disease_focused
SRR8204128	SAMN10438656	genus	0	0	no			none	field	not_disease_focused
SRR8204129	SAMN10438629	species	5	5	yes			none	field	not_disease_focused
SRR8204129	SAMN10438629	genus	0	0	no			none	field	not_disease_focused
SRR8204133	SAMN10438633	species	6	6	yes			none	field	not_disease_focused
SRR8204133	SAMN10438633	genus	0	0	no			none	field	not_disease_focused
SRR8204136	SAMN10438632	species	7	7	yes			none	field	not_disease_focused
SRR8204136	SAMN10438632	genus	0	0	no			none	field	not_disease_focused
SRR8204137	SAMN10438652	species	8	8	yes			none	field	not_disease_focused
SRR8204137	SAMN10438652	genus	0	0	no			none	field	not_disease_focused
SRR8204140	SAMN10438651	species	9	9	yes			none	field	not_disease_focused
SRR8204140	SAMN10438651	genus	0	0	no			none	field	not_disease_focused
SRR8204149	SAMN10438653	species	9	9	yes			none	field	not_disease_focused
SRR8204149	SAMN10438653	genus	0	0	no			none	field	not_disease_focused
SRR8204150	SAMN10438654	species	9	9	yes			none	field	not_disease_focused
SRR8204150	SAMN10438654	genus	0	0	no			none	field	not_disease_focused
SRR8204151	SAMN10438647	species	7	7	yes			none	field	not_disease_focused
SRR8204151	SAMN10438647	genus	0	0	no			none	field	not_disease_focused
SRR8204152	SAMN10438648	species	10	10	yes			none	field	not_disease_focused
SRR8204152	SAMN10438648	genus	0	0	no			none	field	not_disease_focused
SRR8204153	SAMN10438649	species	9	9	yes			none	field	not_disease_focused
SRR8204153	SAMN10438649	genus	0	0	no			none	field	not_disease_focused
SRR8204154	SAMN10438650	species	11	11	yes			none	field	not_disease_focused
SRR8204154	SAMN10438650	genus	0	0	no			none	field	not_disease_focused
SRR8208850	SAMN08200485	species	1	1	no	168172,376348	Puccinia striiformis f. sp. tritici; Puccinia striiformis f. sp. hordei	biotic	field	single_pathogen_focus
SRR8208850	SAMN08200485	genus	0	0	no	168172,376348	Puccinia striiformis f. sp. tritici; Puccinia striiformis f. sp. hordei	biotic	field	single_pathogen_focus
SRR8208851	SAMN08200486	species	1	1	no	168172,376348	Puccinia striiformis f. sp. tritici; Puccinia striiformis f. sp. hordei	biotic	field	single_pathogen_focus
SRR8208851	SAMN08200486	genus	0	0	no	168172,376348	Puccinia striiformis f. sp. tritici; Puccinia striiformis f. sp. hordei	biotic	field	single_pathogen_focus
SRR8357723	SAMN10618670	species	1	1	no			abiotic	field	not_disease_focused
SRR8357723	SAMN10618670	genus	0	0	no			abiotic	field	not_disease_focused
SRR8416452	SAMN10699218	species	1	0	no	27334,474922	Colletotrichum gloeosporioides; Penicillium expansum	biotic	field	intentional_multi_pathogen
SRR8416452	SAMN10699218	genus	0	0	no	27334,474922	Colletotrichum gloeosporioides; Penicillium expansum	biotic	field	intentional_multi_pathogen
SRR8416453	SAMN10699218	species	1	0	no	27334,474922	Colletotrichum gloeosporioides; Penicillium expansum	biotic	field	intentional_multi_pathogen
SRR8416453	SAMN10699218	genus	0	0	no	27334,474922	Colletotrichum gloeosporioides; Penicillium expansum	biotic	field	intentional_multi_pathogen
SRR8416454	SAMN10699217	species	1	0	no	27334,474922	Colletotrichum gloeosporioides; Penicillium expansum	biotic	field	intentional_multi_pathogen
SRR8416454	SAMN10699217	genus	0	0	no	27334,474922	Colletotrichum gloeosporioides; Penicillium expansum	biotic	field	intentional_multi_pathogen
SRR8416455	SAMN10699218	species	1	0	no	27334,474922	Colletotrichum gloeosporioides; Penicillium expansum	biotic	field	intentional_multi_pathogen
SRR8416455	SAMN10699218	genus	0	0	no	27334,474922	Colletotrichum gloeosporioides; Penicillium expansum	biotic	field	intentional_multi_pathogen
SRR8416456	SAMN10699217	species	1	0	no	27334,474922	Colletotrichum gloeosporioides; Penicillium expansum	biotic	field	intentional_multi_pathogen
SRR8416456	SAMN10699217	genus	0	0	no	27334,474922	Colletotrichum gloeosporioides; Penicillium expansum	biotic	field	intentional_multi_pathogen
SRR8416457	SAMN10699217	species	1	0	no	27334,474922	Colletotrichum gloeosporioides; Penicillium expansum	biotic	field	intentional_multi_pathogen
SRR8416457	SAMN10699217	genus	0	0	no	27334,474922	Colletotrichum gloeosporioides; Penicillium expansum	biotic	field	intentional_multi_pathogen
SRR8416458	SAMN10699216	species	1	0	no	27334,474922	Colletotrichum gloeosporioides; Penicillium expansum	biotic	field	intentional_multi_pathogen
SRR8416458	SAMN10699216	genus	0	0	no	27334,474922	Colletotrichum gloeosporioides; Penicillium expansum	biotic	field	intentional_multi_pathogen
SRR8416459	SAMN10699216	species	1	0	no	27334,474922	Colletotrichum gloeosporioides; Penicillium expansum	biotic	field	intentional_multi_pathogen
SRR8416459	SAMN10699216	genus	0	0	no	27334,474922	Colletotrichum gloeosporioides; Penicillium expansum	biotic	field	intentional_multi_pathogen
SRR8416460	SAMN10699215	species	1	0	no	27334,474922	Colletotrichum gloeosporioides; Penicillium expansum	biotic	field	intentional_multi_pathogen
SRR8416460	SAMN10699215	genus	0	0	no	27334,474922	Colletotrichum gloeosporioides; Penicillium expansum	biotic	field	intentional_multi_pathogen
SRR8416461	SAMN10699216	species	1	0	no	27334,474922	Colletotrichum gloeosporioides; Penicillium expansum	biotic	field	intentional_multi_pathogen
SRR8416461	SAMN10699216	genus	0	0	no	27334,474922	Colletotrichum gloeosporioides; Penicillium expansum	biotic	field	intentional_multi_pathogen
SRR8416462	SAMN10699215	species	1	0	no	27334,474922	Colletotrichum gloeosporioides; Penicillium expansum	biotic	field	intentional_multi_pathogen
SRR8416462	SAMN10699215	genus	0	0	no	27334,474922	Colletotrichum gloeosporioides; Penicillium expansum	biotic	field	intentional_multi_pathogen
SRR8416463	SAMN10699215	species	1	0	no	27334,474922	Colletotrichum gloeosporioides; Penicillium expansum	biotic	field	intentional_multi_pathogen
SRR8416463	SAMN10699215	genus	0	0	no	27334,474922	Colletotrichum gloeosporioides; Penicillium expansum	biotic	field	intentional_multi_pathogen
SRR8418221	SAMN10714399	species	1	1	no			abiotic	field	not_disease_focused
SRR8418221	SAMN10714399	genus	0	0	no			abiotic	field	not_disease_focused
SRR8418224	SAMN10714396	species	1	1	no			abiotic	field	not_disease_focused
SRR8418224	SAMN10714396	genus	0	0	no			abiotic	field	not_disease_focused
SRR8418242	SAMN10714431	species	1	1	no			abiotic	field	not_disease_focused
SRR8418242	SAMN10714431	genus	0	0	no			abiotic	field	not_disease_focused
SRR8418244	SAMN10714715	species	0	0	no			abiotic	field	not_disease_focused
SRR8418244	SAMN10714715	genus	0	0	no			abiotic	field	not_disease_focused
SRR8418245	SAMN10714714	species	1	1	no			abiotic	field	not_disease_focused
SRR8418245	SAMN10714714	genus	0	0	no			abiotic	field	not_disease_focused
SRR8418246	SAMN10714713	species	0	0	no			abiotic	field	not_disease_focused
SRR8418246	SAMN10714713	genus	0	0	no			abiotic	field	not_disease_focused
SRR8418247	SAMN10714712	species	0	0	no			abiotic	field	not_disease_focused
SRR8418247	SAMN10714712	genus	0	0	no			abiotic	field	not_disease_focused
SRR8418248	SAMN10714711	species	1	1	no			abiotic	field	not_disease_focused
SRR8418248	SAMN10714711	genus	0	0	no			abiotic	field	not_disease_focused
SRR8418250	SAMN10714709	species	1	1	no			abiotic	field	not_disease_focused
SRR8418250	SAMN10714709	genus	0	0	no			abiotic	field	not_disease_focused
SRR8418252	SAMN10714707	species	1	1	no			abiotic	field	not_disease_focused
SRR8418252	SAMN10714707	genus	0	0	no			abiotic	field	not_disease_focused
SRR8418256	SAMN10714703	species	1	1	no			abiotic	field	not_disease_focused
SRR8418256	SAMN10714703	genus	0	0	no			abiotic	field	not_disease_focused
SRR8418257	SAMN10714702	species	1	1	no			abiotic	field	not_disease_focused
SRR8418257	SAMN10714702	genus	0	0	no			abiotic	field	not_disease_focused
SRR8418258	SAMN10714701	species	0	0	no			abiotic	field	not_disease_focused
SRR8418258	SAMN10714701	genus	0	0	no			abiotic	field	not_disease_focused
SRR8418259	SAMN10714700	species	2	2	yes			abiotic	field	not_disease_focused
SRR8418259	SAMN10714700	genus	0	0	no			abiotic	field	not_disease_focused
SRR8418260	SAMN10714699	species	0	0	no			abiotic	field	not_disease_focused
SRR8418260	SAMN10714699	genus	0	0	no			abiotic	field	not_disease_focused
SRR8418261	SAMN10714698	species	1	1	no			abiotic	field	not_disease_focused
SRR8418261	SAMN10714698	genus	0	0	no			abiotic	field	not_disease_focused
SRR8418262	SAMN10714697	species	1	1	no			abiotic	field	not_disease_focused
SRR8418262	SAMN10714697	genus	0	0	no			abiotic	field	not_disease_focused
SRR8418264	SAMN10714695	species	1	1	no			abiotic	field	not_disease_focused
SRR8418264	SAMN10714695	genus	0	0	no			abiotic	field	not_disease_focused
SRR8418266	SAMN10714316	species	0	0	no			abiotic	field	not_disease_focused
SRR8418266	SAMN10714316	genus	0	0	no			abiotic	field	not_disease_focused
SRR8418267	SAMN10714315	species	0	0	no			abiotic	field	not_disease_focused
SRR8418267	SAMN10714315	genus	0	0	no			abiotic	field	not_disease_focused
SRR8418268	SAMN10714694	species	1	1	no			abiotic	field	not_disease_focused
SRR8418268	SAMN10714694	genus	0	0	no			abiotic	field	not_disease_focused
SRR8418269	SAMN10714693	species	1	1	no			abiotic	field	not_disease_focused
SRR8418269	SAMN10714693	genus	0	0	no			abiotic	field	not_disease_focused
SRR8418271	SAMN10714319	species	1	1	no			abiotic	field	not_disease_focused
SRR8418271	SAMN10714319	genus	0	0	no			abiotic	field	not_disease_focused
SRR8418272	SAMN10714318	species	0	0	no			abiotic	field	not_disease_focused
SRR8418272	SAMN10714318	genus	0	0	no			abiotic	field	not_disease_focused
SRR8418276	SAMN10714311	species	2	2	yes			abiotic	field	not_disease_focused
SRR8418276	SAMN10714311	genus	0	0	no			abiotic	field	not_disease_focused
SRR8418284	SAMN10714384	species	1	1	no			abiotic	field	not_disease_focused
SRR8418284	SAMN10714384	genus	0	0	no			abiotic	field	not_disease_focused
SRR8418290	SAMN10714378	species	1	1	no			abiotic	field	not_disease_focused
SRR8418290	SAMN10714378	genus	0	0	no			abiotic	field	not_disease_focused
SRR8418298	SAMN10714685	species	1	1	no			abiotic	field	not_disease_focused
SRR8418298	SAMN10714685	genus	0	0	no			abiotic	field	not_disease_focused
SRR8418299	SAMN10714684	species	1	1	no			abiotic	field	not_disease_focused
SRR8418299	SAMN10714684	genus	0	0	no			abiotic	field	not_disease_focused
SRR8418301	SAMN10714682	species	1	1	no			abiotic	field	not_disease_focused
SRR8418301	SAMN10714682	genus	0	0	no			abiotic	field	not_disease_focused
SRR8418302	SAMN10714681	species	1	1	no			abiotic	field	not_disease_focused
SRR8418302	SAMN10714681	genus	0	0	no			abiotic	field	not_disease_focused
SRR8418303	SAMN10714680	species	1	1	no			abiotic	field	not_disease_focused
SRR8418303	SAMN10714680	genus	0	0	no			abiotic	field	not_disease_focused
SRR8418304	SAMN10714679	species	1	1	no			abiotic	field	not_disease_focused
SRR8418304	SAMN10714679	genus	0	0	no			abiotic	field	not_disease_focused
SRR8418305	SAMN10714678	species	1	1	no			abiotic	field	not_disease_focused
SRR8418305	SAMN10714678	genus	0	0	no			abiotic	field	not_disease_focused
SRR8418306	SAMN10714677	species	1	1	no			abiotic	field	not_disease_focused
SRR8418306	SAMN10714677	genus	0	0	no			abiotic	field	not_disease_focused
SRR8418307	SAMN10714676	species	1	1	no			abiotic	field	not_disease_focused
SRR8418307	SAMN10714676	genus	0	0	no			abiotic	field	not_disease_focused
SRR8418308	SAMN10714675	species	1	1	no			abiotic	field	not_disease_focused
SRR8418308	SAMN10714675	genus	0	0	no			abiotic	field	not_disease_focused
SRR8418310	SAMN10714453	species	1	1	no			abiotic	field	not_disease_focused
SRR8418310	SAMN10714453	genus	0	0	no			abiotic	field	not_disease_focused
SRR8418313	SAMN10714450	species	0	0	no			abiotic	field	not_disease_focused
SRR8418313	SAMN10714450	genus	0	0	no			abiotic	field	not_disease_focused
SRR8418317	SAMN10714446	species	0	0	no			abiotic	field	not_disease_focused
SRR8418317	SAMN10714446	genus	0	0	no			abiotic	field	not_disease_focused
SRR8418318	SAMN10714445	species	2	2	yes			abiotic	field	not_disease_focused
SRR8418318	SAMN10714445	genus	0	0	no			abiotic	field	not_disease_focused
SRR8418319	SAMN10714444	species	2	2	yes			abiotic	field	not_disease_focused
SRR8418319	SAMN10714444	genus	0	0	no			abiotic	field	not_disease_focused
SRR8418320	SAMN10714443	species	2	2	yes			abiotic	field	not_disease_focused
SRR8418320	SAMN10714443	genus	0	0	no			abiotic	field	not_disease_focused
SRR8418321	SAMN10714442	species	1	1	no			abiotic	field	not_disease_focused
SRR8418321	SAMN10714442	genus	0	0	no			abiotic	field	not_disease_focused
SRR8418322	SAMN10714441	species	0	0	no			abiotic	field	not_disease_focused
SRR8418322	SAMN10714441	genus	0	0	no			abiotic	field	not_disease_focused
SRR8418323	SAMN10714440	species	2	2	yes			abiotic	field	not_disease_focused
SRR8418323	SAMN10714440	genus	0	0	no			abiotic	field	not_disease_focused
SRR8418326	SAMN10714346	species	0	0	no			abiotic	field	not_disease_focused
SRR8418326	SAMN10714346	genus	0	0	no			abiotic	field	not_disease_focused
SRR8418329	SAMN10714437	species	0	0	no			abiotic	field	not_disease_focused
SRR8418329	SAMN10714437	genus	0	0	no			abiotic	field	not_disease_focused
SRR8418331	SAMN10714349	species	1	1	no			abiotic	field	not_disease_focused
SRR8418331	SAMN10714349	genus	0	0	no			abiotic	field	not_disease_focused
SRR8418332	SAMN10714348	species	1	1	no			abiotic	field	not_disease_focused
SRR8418332	SAMN10714348	genus	0	0	no			abiotic	field	not_disease_focused
SRR8418333	SAMN10714344	species	2	2	yes			abiotic	field	not_disease_focused
SRR8418333	SAMN10714344	genus	0	0	no			abiotic	field	not_disease_focused
SRR8418334	SAMN10714343	species	1	1	no			abiotic	field	not_disease_focused
SRR8418334	SAMN10714343	genus	0	0	no			abiotic	field	not_disease_focused
SRR8418335	SAMN10714342	species	0	0	no			abiotic	field	not_disease_focused
SRR8418335	SAMN10714342	genus	0	0	no			abiotic	field	not_disease_focused
SRR8418338	SAMN10714339	species	1	1	no			abiotic	field	not_disease_focused
SRR8418338	SAMN10714339	genus	0	0	no			abiotic	field	not_disease_focused
SRR8418340	SAMN10714337	species	1	1	no			abiotic	field	not_disease_focused
SRR8418340	SAMN10714337	genus	0	0	no			abiotic	field	not_disease_focused
SRR8418341	SAMN10714336	species	1	1	no			abiotic	field	not_disease_focused
SRR8418341	SAMN10714336	genus	0	0	no			abiotic	field	not_disease_focused
SRR8418342	SAMN10714335	species	1	1	no			abiotic	field	not_disease_focused
SRR8418342	SAMN10714335	genus	0	0	no			abiotic	field	not_disease_focused
SRR8418343	SAMN10714334	species	1	1	no			abiotic	field	not_disease_focused
SRR8418343	SAMN10714334	genus	0	0	no			abiotic	field	not_disease_focused
SRR8418363	SAMN10714365	species	1	1	no			abiotic	field	not_disease_focused
SRR8418363	SAMN10714365	genus	0	0	no			abiotic	field	not_disease_focused
SRR8418371	SAMN10714357	species	0	0	no			abiotic	field	not_disease_focused
SRR8418371	SAMN10714357	genus	0	0	no			abiotic	field	not_disease_focused
SRR8418379	SAMN10714430	species	1	1	no			abiotic	field	not_disease_focused
SRR8418379	SAMN10714430	genus	0	0	no			abiotic	field	not_disease_focused
SRR8418381	SAMN10714428	species	0	0	no			abiotic	field	not_disease_focused
SRR8418381	SAMN10714428	genus	0	0	no			abiotic	field	not_disease_focused
SRR8418385	SAMN10714424	species	1	1	no			abiotic	field	not_disease_focused
SRR8418385	SAMN10714424	genus	0	0	no			abiotic	field	not_disease_focused
SRR8475379	SAMN10790829	species	3	3	yes			abiotic	field	not_disease_focused
SRR8475379	SAMN10790829	genus	0	0	no			abiotic	field	not_disease_focused
SRR8492260	SAMN10822075	species	1	1	no	12844,263004,31743,4120,453050,46619,930881	Sweet potato virus E; Sweet potato virus F; Sweet potato feathery mottle virus; Sweet potato virus C; Sweet potato chlorotic fleck virus; Sweet potato latent virus; Sweet potato virus 2; Sweet potato virus G; Sweet potato symptomless mastrevirus	biotic	field	intentional_multi_pathogen
SRR8492260	SAMN10822075	genus	0	0	no	12844,263004,31743,4120,453050,46619,930881	Sweet potato virus E; Sweet potato virus F; Sweet potato feathery mottle virus; Sweet potato virus C; Sweet potato chlorotic fleck virus; Sweet potato latent virus; Sweet potato virus 2; Sweet potato virus G; Sweet potato symptomless mastrevirus	biotic	field	intentional_multi_pathogen
SRR8568982	SAMN10922957	species	1	0	no	5111,5518	Fusarium graminearum; Claviceps purpurea	biotic	field	single_pathogen_focus
SRR8568982	SAMN10922957	genus	0	0	no	5111,5518	Fusarium graminearum; Claviceps purpurea	biotic	field	single_pathogen_focus
SRR8568983	SAMN10922955	species	1	0	no	5111,5518	Fusarium graminearum; Claviceps purpurea	biotic	field	single_pathogen_focus
SRR8568983	SAMN10922955	genus	0	0	no	5111,5518	Fusarium graminearum; Claviceps purpurea	biotic	field	single_pathogen_focus
SRR8568984	SAMN10922956	species	1	0	no	5111,5518	Fusarium graminearum; Claviceps purpurea	biotic	field	single_pathogen_focus
SRR8568984	SAMN10922956	genus	0	0	no	5111,5518	Fusarium graminearum; Claviceps purpurea	biotic	field	single_pathogen_focus
SRR8569388	SAMN10923308	species	1	0	no	5111,5518	Fusarium graminearum; Claviceps purpurea	biotic	field	single_pathogen_focus
SRR8569388	SAMN10923308	genus	0	0	no	5111,5518	Fusarium graminearum; Claviceps purpurea	biotic	field	single_pathogen_focus
SRR8569389	SAMN10923309	species	1	0	no	5111,5518	Fusarium graminearum; Claviceps purpurea	biotic	field	single_pathogen_focus
SRR8569389	SAMN10923309	genus	0	0	no	5111,5518	Fusarium graminearum; Claviceps purpurea	biotic	field	single_pathogen_focus
SRR8569393	SAMN10923305	species	1	0	no	5111,5518	Fusarium graminearum; Claviceps purpurea	biotic	field	single_pathogen_focus
SRR8569393	SAMN10923305	genus	0	0	no	5111,5518	Fusarium graminearum; Claviceps purpurea	biotic	field	single_pathogen_focus
SRR8569394	SAMN10923310	species	1	0	no	5111,5518	Fusarium graminearum; Claviceps purpurea	biotic	field	single_pathogen_focus
SRR8569394	SAMN10923310	genus	0	0	no	5111,5518	Fusarium graminearum; Claviceps purpurea	biotic	field	single_pathogen_focus
SRR8639448	SAMN11026350	species	0	0	no	131083	turnip yellows virus (TuYV)	biotic	field	single_pathogen_focus
SRR8639448	SAMN11026350	genus	0	0	no	131083	turnip yellows virus (TuYV)	biotic	field	single_pathogen_focus
SRR8639449	SAMN11026351	species	0	0	no	131083	turnip yellows virus (TuYV)	biotic	field	single_pathogen_focus
SRR8639449	SAMN11026351	genus	0	0	no	131083	turnip yellows virus (TuYV)	biotic	field	single_pathogen_focus
SRR8640195	SAMN11026531	species	0	0	no	1425364	Carrot torradovirus 1	biotic	field	single_pathogen_focus
SRR8640195	SAMN11026531	genus	0	0	no	1425364	Carrot torradovirus 1	biotic	field	single_pathogen_focus
SRR8668529	SAMN11053879	species	0	0	no	32620	Iris severe mosaic virus	biotic	field	single_pathogen_focus
SRR8668529	SAMN11053879	genus	0	0	no	32620	Iris severe mosaic virus	biotic	field	single_pathogen_focus
SRR8718793	SAMN11111041	species	1	0	no	318829	Magnaporthe oryzae	biotic	field	single_pathogen_focus
SRR8718793	SAMN11111041	genus	0	0	no	318829	Magnaporthe oryzae	biotic	field	single_pathogen_focus
SRR8718794	SAMN11111078	species	1	0	no	318829	Magnaporthe oryzae	biotic	field	single_pathogen_focus
SRR8718794	SAMN11111078	genus	0	0	no	318829	Magnaporthe oryzae	biotic	field	single_pathogen_focus
SRR8718795	SAMN11111077	species	1	0	no	318829	Magnaporthe oryzae	biotic	field	single_pathogen_focus
SRR8718795	SAMN11111077	genus	0	0	no	318829	Magnaporthe oryzae	biotic	field	single_pathogen_focus
SRR8718796	SAMN11111076	species	1	0	no	318829	Magnaporthe oryzae	biotic	field	single_pathogen_focus
SRR8718796	SAMN11111076	genus	0	0	no	318829	Magnaporthe oryzae	biotic	field	single_pathogen_focus
SRR8718797	SAMN11111075	species	1	0	no	318829	Magnaporthe oryzae	biotic	field	single_pathogen_focus
SRR8718797	SAMN11111075	genus	0	0	no	318829	Magnaporthe oryzae	biotic	field	single_pathogen_focus
SRR8718798	SAMN11111074	species	1	0	no	318829	Magnaporthe oryzae	biotic	field	single_pathogen_focus
SRR8718798	SAMN11111074	genus	0	0	no	318829	Magnaporthe oryzae	biotic	field	single_pathogen_focus
SRR8718799	SAMN11111073	species	1	0	no	318829	Magnaporthe oryzae	biotic	field	single_pathogen_focus
SRR8718799	SAMN11111073	genus	0	0	no	318829	Magnaporthe oryzae	biotic	field	single_pathogen_focus
SRR8718800	SAMN11111072	species	1	0	no	318829	Magnaporthe oryzae	biotic	field	single_pathogen_focus
SRR8718800	SAMN11111072	genus	0	0	no	318829	Magnaporthe oryzae	biotic	field	single_pathogen_focus
SRR8718801	SAMN11111071	species	1	0	no	318829	Magnaporthe oryzae	biotic	field	single_pathogen_focus
SRR8718801	SAMN11111071	genus	0	0	no	318829	Magnaporthe oryzae	biotic	field	single_pathogen_focus
SRR8718802	SAMN11111070	species	1	0	no	318829	Magnaporthe oryzae	biotic	field	single_pathogen_focus
SRR8718802	SAMN11111070	genus	0	0	no	318829	Magnaporthe oryzae	biotic	field	single_pathogen_focus
SRR8718803	SAMN11111069	species	1	0	no	318829	Magnaporthe oryzae	biotic	field	single_pathogen_focus
SRR8718803	SAMN11111069	genus	0	0	no	318829	Magnaporthe oryzae	biotic	field	single_pathogen_focus
SRR8718804	SAMN11111068	species	1	0	no	318829	Magnaporthe oryzae	biotic	field	single_pathogen_focus
SRR8718804	SAMN11111068	genus	0	0	no	318829	Magnaporthe oryzae	biotic	field	single_pathogen_focus
SRR8718805	SAMN11111067	species	1	0	no	318829	Magnaporthe oryzae	biotic	field	single_pathogen_focus
SRR8718805	SAMN11111067	genus	0	0	no	318829	Magnaporthe oryzae	biotic	field	single_pathogen_focus
SRR8718806	SAMN11111066	species	1	0	no	318829	Magnaporthe oryzae	biotic	field	single_pathogen_focus
SRR8718806	SAMN11111066	genus	0	0	no	318829	Magnaporthe oryzae	biotic	field	single_pathogen_focus
SRR8718807	SAMN11111065	species	1	0	no	318829	Magnaporthe oryzae	biotic	field	single_pathogen_focus
SRR8718807	SAMN11111065	genus	0	0	no	318829	Magnaporthe oryzae	biotic	field	single_pathogen_focus
SRR8718808	SAMN11111064	species	1	0	no	318829	Magnaporthe oryzae	biotic	field	single_pathogen_focus
SRR8718808	SAMN11111064	genus	0	0	no	318829	Magnaporthe oryzae	biotic	field	single_pathogen_focus
SRR8718809	SAMN11111063	species	1	0	no	318829	Magnaporthe oryzae	biotic	field	single_pathogen_focus
SRR8718809	SAMN11111063	genus	0	0	no	318829	Magnaporthe oryzae	biotic	field	single_pathogen_focus
SRR8718810	SAMN11111062	species	1	0	no	318829	Magnaporthe oryzae	biotic	field	single_pathogen_focus
SRR8718810	SAMN11111062	genus	0	0	no	318829	Magnaporthe oryzae	biotic	field	single_pathogen_focus
SRR8718811	SAMN11111061	species	1	0	no	318829	Magnaporthe oryzae	biotic	field	single_pathogen_focus
SRR8718811	SAMN11111061	genus	0	0	no	318829	Magnaporthe oryzae	biotic	field	single_pathogen_focus
SRR8718812	SAMN11111060	species	1	0	no	318829	Magnaporthe oryzae	biotic	field	single_pathogen_focus
SRR8718812	SAMN11111060	genus	0	0	no	318829	Magnaporthe oryzae	biotic	field	single_pathogen_focus
SRR8718813	SAMN11111059	species	1	0	no	318829	Magnaporthe oryzae	biotic	field	single_pathogen_focus
SRR8718813	SAMN11111059	genus	0	0	no	318829	Magnaporthe oryzae	biotic	field	single_pathogen_focus
SRR8718814	SAMN11111058	species	1	0	no	318829	Magnaporthe oryzae	biotic	field	single_pathogen_focus
SRR8718814	SAMN11111058	genus	0	0	no	318829	Magnaporthe oryzae	biotic	field	single_pathogen_focus
SRR8718815	SAMN11111057	species	1	0	no	318829	Magnaporthe oryzae	biotic	field	single_pathogen_focus
SRR8718815	SAMN11111057	genus	0	0	no	318829	Magnaporthe oryzae	biotic	field	single_pathogen_focus
SRR8718816	SAMN11111056	species	1	0	no	318829	Magnaporthe oryzae	biotic	field	single_pathogen_focus
SRR8718816	SAMN11111056	genus	0	0	no	318829	Magnaporthe oryzae	biotic	field	single_pathogen_focus
SRR8718817	SAMN11111055	species	1	0	no	318829	Magnaporthe oryzae	biotic	field	single_pathogen_focus
SRR8718817	SAMN11111055	genus	0	0	no	318829	Magnaporthe oryzae	biotic	field	single_pathogen_focus
SRR8718818	SAMN11111054	species	1	0	no	318829	Magnaporthe oryzae	biotic	field	single_pathogen_focus
SRR8718818	SAMN11111054	genus	0	0	no	318829	Magnaporthe oryzae	biotic	field	single_pathogen_focus
SRR8718819	SAMN11111050	species	1	0	no	318829	Magnaporthe oryzae	biotic	field	single_pathogen_focus
SRR8718819	SAMN11111050	genus	0	0	no	318829	Magnaporthe oryzae	biotic	field	single_pathogen_focus
SRR8718820	SAMN11111049	species	1	0	no	318829	Magnaporthe oryzae	biotic	field	single_pathogen_focus
SRR8718820	SAMN11111049	genus	0	0	no	318829	Magnaporthe oryzae	biotic	field	single_pathogen_focus
SRR8718821	SAMN11111048	species	1	0	no	318829	Magnaporthe oryzae	biotic	field	single_pathogen_focus
SRR8718821	SAMN11111048	genus	0	0	no	318829	Magnaporthe oryzae	biotic	field	single_pathogen_focus
SRR8718822	SAMN11111047	species	1	0	no	318829	Magnaporthe oryzae	biotic	field	single_pathogen_focus
SRR8718822	SAMN11111047	genus	0	0	no	318829	Magnaporthe oryzae	biotic	field	single_pathogen_focus
SRR8718823	SAMN11111053	species	1	0	no	318829	Magnaporthe oryzae	biotic	field	single_pathogen_focus
SRR8718823	SAMN11111053	genus	0	0	no	318829	Magnaporthe oryzae	biotic	field	single_pathogen_focus
SRR8718824	SAMN11111052	species	1	0	no	318829	Magnaporthe oryzae	biotic	field	single_pathogen_focus
SRR8718824	SAMN11111052	genus	0	0	no	318829	Magnaporthe oryzae	biotic	field	single_pathogen_focus
SRR8718825	SAMN11111051	species	1	0	no	318829	Magnaporthe oryzae	biotic	field	single_pathogen_focus
SRR8718825	SAMN11111051	genus	0	0	no	318829	Magnaporthe oryzae	biotic	field	single_pathogen_focus
SRR8718826	SAMN11111046	species	1	0	no	318829	Magnaporthe oryzae	biotic	field	single_pathogen_focus
SRR8718826	SAMN11111046	genus	0	0	no	318829	Magnaporthe oryzae	biotic	field	single_pathogen_focus
SRR8718827	SAMN11111045	species	1	0	no	318829	Magnaporthe oryzae	biotic	field	single_pathogen_focus
SRR8718827	SAMN11111045	genus	0	0	no	318829	Magnaporthe oryzae	biotic	field	single_pathogen_focus
SRR8718828	SAMN11111044	species	1	0	no	318829	Magnaporthe oryzae	biotic	field	single_pathogen_focus
SRR8718828	SAMN11111044	genus	0	0	no	318829	Magnaporthe oryzae	biotic	field	single_pathogen_focus
SRR8718829	SAMN11111043	species	0	0	no	318829	Magnaporthe oryzae	biotic	field	single_pathogen_focus
SRR8718829	SAMN11111043	genus	0	0	no	318829	Magnaporthe oryzae	biotic	field	single_pathogen_focus
SRR8718830	SAMN11111042	species	0	0	no	318829	Magnaporthe oryzae	biotic	field	single_pathogen_focus
SRR8718830	SAMN11111042	genus	0	0	no	318829	Magnaporthe oryzae	biotic	field	single_pathogen_focus
SRR8718831	SAMN11111100	species	1	0	no	318829	Magnaporthe oryzae	biotic	field	single_pathogen_focus
SRR8718831	SAMN11111100	genus	0	0	no	318829	Magnaporthe oryzae	biotic	field	single_pathogen_focus
SRR8718832	SAMN11111099	species	0	0	no	318829	Magnaporthe oryzae	biotic	field	single_pathogen_focus
SRR8718832	SAMN11111099	genus	0	0	no	318829	Magnaporthe oryzae	biotic	field	single_pathogen_focus
SRR8718833	SAMN11111098	species	0	0	no	318829	Magnaporthe oryzae	biotic	field	single_pathogen_focus
SRR8718833	SAMN11111098	genus	0	0	no	318829	Magnaporthe oryzae	biotic	field	single_pathogen_focus
SRR8718834	SAMN11111097	species	1	0	no	318829	Magnaporthe oryzae	biotic	field	single_pathogen_focus
SRR8718834	SAMN11111097	genus	0	0	no	318829	Magnaporthe oryzae	biotic	field	single_pathogen_focus
SRR8718835	SAMN11111096	species	1	0	no	318829	Magnaporthe oryzae	biotic	field	single_pathogen_focus
SRR8718835	SAMN11111096	genus	0	0	no	318829	Magnaporthe oryzae	biotic	field	single_pathogen_focus
SRR8718836	SAMN11111095	species	0	0	no	318829	Magnaporthe oryzae	biotic	field	single_pathogen_focus
SRR8718836	SAMN11111095	genus	0	0	no	318829	Magnaporthe oryzae	biotic	field	single_pathogen_focus
SRR8718837	SAMN11111094	species	0	0	no	318829	Magnaporthe oryzae	biotic	field	single_pathogen_focus
SRR8718837	SAMN11111094	genus	0	0	no	318829	Magnaporthe oryzae	biotic	field	single_pathogen_focus
SRR8718838	SAMN11111093	species	0	0	no	318829	Magnaporthe oryzae	biotic	field	single_pathogen_focus
SRR8718838	SAMN11111093	genus	0	0	no	318829	Magnaporthe oryzae	biotic	field	single_pathogen_focus
SRR8718839	SAMN11111092	species	1	0	no	318829	Magnaporthe oryzae	biotic	field	single_pathogen_focus
SRR8718839	SAMN11111092	genus	0	0	no	318829	Magnaporthe oryzae	biotic	field	single_pathogen_focus
SRR8718840	SAMN11111091	species	0	0	no	318829	Magnaporthe oryzae	biotic	field	single_pathogen_focus
SRR8718840	SAMN11111091	genus	0	0	no	318829	Magnaporthe oryzae	biotic	field	single_pathogen_focus
SRR8718841	SAMN11111090	species	1	0	no	318829	Magnaporthe oryzae	biotic	field	single_pathogen_focus
SRR8718841	SAMN11111090	genus	0	0	no	318829	Magnaporthe oryzae	biotic	field	single_pathogen_focus
SRR8718842	SAMN11111089	species	1	0	no	318829	Magnaporthe oryzae	biotic	field	single_pathogen_focus
SRR8718842	SAMN11111089	genus	0	0	no	318829	Magnaporthe oryzae	biotic	field	single_pathogen_focus
SRR8718843	SAMN11111088	species	1	0	no	318829	Magnaporthe oryzae	biotic	field	single_pathogen_focus
SRR8718843	SAMN11111088	genus	0	0	no	318829	Magnaporthe oryzae	biotic	field	single_pathogen_focus
SRR8718844	SAMN11111087	species	1	0	no	318829	Magnaporthe oryzae	biotic	field	single_pathogen_focus
SRR8718844	SAMN11111087	genus	0	0	no	318829	Magnaporthe oryzae	biotic	field	single_pathogen_focus
SRR8718845	SAMN11111086	species	1	0	no	318829	Magnaporthe oryzae	biotic	field	single_pathogen_focus
SRR8718845	SAMN11111086	genus	0	0	no	318829	Magnaporthe oryzae	biotic	field	single_pathogen_focus
SRR8718846	SAMN11111085	species	1	0	no	318829	Magnaporthe oryzae	biotic	field	single_pathogen_focus
SRR8718846	SAMN11111085	genus	0	0	no	318829	Magnaporthe oryzae	biotic	field	single_pathogen_focus
SRR8718847	SAMN11111084	species	1	0	no	318829	Magnaporthe oryzae	biotic	field	single_pathogen_focus
SRR8718847	SAMN11111084	genus	0	0	no	318829	Magnaporthe oryzae	biotic	field	single_pathogen_focus
SRR8718848	SAMN11111083	species	1	0	no	318829	Magnaporthe oryzae	biotic	field	single_pathogen_focus
SRR8718848	SAMN11111083	genus	0	0	no	318829	Magnaporthe oryzae	biotic	field	single_pathogen_focus
SRR8718849	SAMN11111082	species	1	0	no	318829	Magnaporthe oryzae	biotic	field	single_pathogen_focus
SRR8718849	SAMN11111082	genus	0	0	no	318829	Magnaporthe oryzae	biotic	field	single_pathogen_focus
SRR8718850	SAMN11111081	species	1	0	no	318829	Magnaporthe oryzae	biotic	field	single_pathogen_focus
SRR8718850	SAMN11111081	genus	0	0	no	318829	Magnaporthe oryzae	biotic	field	single_pathogen_focus
SRR8718851	SAMN11111080	species	1	0	no	318829	Magnaporthe oryzae	biotic	field	single_pathogen_focus
SRR8718851	SAMN11111080	genus	0	0	no	318829	Magnaporthe oryzae	biotic	field	single_pathogen_focus
SRR8718852	SAMN11111079	species	1	0	no	318829	Magnaporthe oryzae	biotic	field	single_pathogen_focus
SRR8718852	SAMN11111079	genus	0	0	no	318829	Magnaporthe oryzae	biotic	field	single_pathogen_focus
SRR8733379	SAMN11126424	species	1	0	no	1159556	Ustilaginoidea virens	biotic	field	single_pathogen_focus
SRR8733379	SAMN11126424	genus	0	0	no	1159556	Ustilaginoidea virens	biotic	field	single_pathogen_focus
SRR8733380	SAMN11126423	species	1	0	no	1159556	Ustilaginoidea virens	biotic	field	single_pathogen_focus
SRR8733380	SAMN11126423	genus	0	0	no	1159556	Ustilaginoidea virens	biotic	field	single_pathogen_focus
SRR8733381	SAMN11126422	species	1	0	no	1159556	Ustilaginoidea virens	biotic	field	single_pathogen_focus
SRR8733381	SAMN11126422	genus	0	0	no	1159556	Ustilaginoidea virens	biotic	field	single_pathogen_focus
SRR8733382	SAMN11126421	species	1	0	no	1159556	Ustilaginoidea virens	biotic	field	single_pathogen_focus
SRR8733382	SAMN11126421	genus	0	0	no	1159556	Ustilaginoidea virens	biotic	field	single_pathogen_focus
SRR8733385	SAMN11126426	species	1	0	no	1159556	Ustilaginoidea virens	biotic	field	single_pathogen_focus
SRR8733385	SAMN11126426	genus	0	0	no	1159556	Ustilaginoidea virens	biotic	field	single_pathogen_focus
SRR8733386	SAMN11126425	species	1	0	no	1159556	Ustilaginoidea virens	biotic	field	single_pathogen_focus
SRR8733386	SAMN11126425	genus	0	0	no	1159556	Ustilaginoidea virens	biotic	field	single_pathogen_focus
SRR8984104	SAMN11525993	species	1	1	no	56615	Puccinia graminis f. sp. tritici	biotic	field	single_pathogen_focus
SRR8984104	SAMN11525993	genus	0	0	no	56615	Puccinia graminis f. sp. tritici	biotic	field	single_pathogen_focus
SRR8984105	SAMN11525992	species	1	1	no	56615	Puccinia graminis f. sp. tritici	biotic	field	single_pathogen_focus
SRR8984105	SAMN11525992	genus	0	0	no	56615	Puccinia graminis f. sp. tritici	biotic	field	single_pathogen_focus
SRR8984106	SAMN11525991	species	1	1	no	56615	Puccinia graminis f. sp. tritici	biotic	field	single_pathogen_focus
SRR8984106	SAMN11525991	genus	0	0	no	56615	Puccinia graminis f. sp. tritici	biotic	field	single_pathogen_focus
SRR8984107	SAMN11525990	species	1	1	no	56615	Puccinia graminis f. sp. tritici	biotic	field	single_pathogen_focus
SRR8984107	SAMN11525990	genus	0	0	no	56615	Puccinia graminis f. sp. tritici	biotic	field	single_pathogen_focus
SRR8984108	SAMN11525989	species	1	1	no	56615	Puccinia graminis f. sp. tritici	biotic	field	single_pathogen_focus
SRR8984108	SAMN11525989	genus	0	0	no	56615	Puccinia graminis f. sp. tritici	biotic	field	single_pathogen_focus
SRR8984109	SAMN11525988	species	1	1	no	56615	Puccinia graminis f. sp. tritici	biotic	field	single_pathogen_focus
SRR8984109	SAMN11525988	genus	0	0	no	56615	Puccinia graminis f. sp. tritici	biotic	field	single_pathogen_focus
SRR8984110	SAMN11525987	species	1	1	no	56615	Puccinia graminis f. sp. tritici	biotic	field	single_pathogen_focus
SRR8984110	SAMN11525987	genus	0	0	no	56615	Puccinia graminis f. sp. tritici	biotic	field	single_pathogen_focus
SRR8984111	SAMN11525986	species	1	1	no	56615	Puccinia graminis f. sp. tritici	biotic	field	single_pathogen_focus
SRR8984111	SAMN11525986	genus	0	0	no	56615	Puccinia graminis f. sp. tritici	biotic	field	single_pathogen_focus
SRR8984112	SAMN11525985	species	1	1	no	56615	Puccinia graminis f. sp. tritici	biotic	field	single_pathogen_focus
SRR8984112	SAMN11525985	genus	0	0	no	56615	Puccinia graminis f. sp. tritici	biotic	field	single_pathogen_focus
SRR8984113	SAMN11525984	species	1	1	no	56615	Puccinia graminis f. sp. tritici	biotic	field	single_pathogen_focus
SRR8984113	SAMN11525984	genus	0	0	no	56615	Puccinia graminis f. sp. tritici	biotic	field	single_pathogen_focus
SRR8984114	SAMN11525983	species	1	1	no	56615	Puccinia graminis f. sp. tritici	biotic	field	single_pathogen_focus
SRR8984114	SAMN11525983	genus	0	0	no	56615	Puccinia graminis f. sp. tritici	biotic	field	single_pathogen_focus
SRR8984115	SAMN11525982	species	1	1	no	56615	Puccinia graminis f. sp. tritici	biotic	field	single_pathogen_focus
SRR8984115	SAMN11525982	genus	0	0	no	56615	Puccinia graminis f. sp. tritici	biotic	field	single_pathogen_focus
SRR8984116	SAMN11525981	species	1	1	no	56615	Puccinia graminis f. sp. tritici	biotic	field	single_pathogen_focus
SRR8984116	SAMN11525981	genus	0	0	no	56615	Puccinia graminis f. sp. tritici	biotic	field	single_pathogen_focus
SRR8984117	SAMN11525980	species	1	1	no	56615	Puccinia graminis f. sp. tritici	biotic	field	single_pathogen_focus
SRR8984117	SAMN11525980	genus	0	0	no	56615	Puccinia graminis f. sp. tritici	biotic	field	single_pathogen_focus
SRR8984118	SAMN11525979	species	1	1	no	56615	Puccinia graminis f. sp. tritici	biotic	field	single_pathogen_focus
SRR8984118	SAMN11525979	genus	0	0	no	56615	Puccinia graminis f. sp. tritici	biotic	field	single_pathogen_focus
SRR8984119	SAMN11526005	species	1	1	no	56615	Puccinia graminis f. sp. tritici	biotic	field	single_pathogen_focus
SRR8984119	SAMN11526005	genus	0	0	no	56615	Puccinia graminis f. sp. tritici	biotic	field	single_pathogen_focus
SRR8984120	SAMN11526004	species	1	1	no	56615	Puccinia graminis f. sp. tritici	biotic	field	single_pathogen_focus
SRR8984120	SAMN11526004	genus	0	0	no	56615	Puccinia graminis f. sp. tritici	biotic	field	single_pathogen_focus
SRR8984121	SAMN11526003	species	1	1	no	56615	Puccinia graminis f. sp. tritici	biotic	field	single_pathogen_focus
SRR8984121	SAMN11526003	genus	0	0	no	56615	Puccinia graminis f. sp. tritici	biotic	field	single_pathogen_focus
SRR8984122	SAMN11526002	species	1	1	no	56615	Puccinia graminis f. sp. tritici	biotic	field	single_pathogen_focus
SRR8984122	SAMN11526002	genus	0	0	no	56615	Puccinia graminis f. sp. tritici	biotic	field	single_pathogen_focus
SRR8984123	SAMN11526001	species	1	1	no	56615	Puccinia graminis f. sp. tritici	biotic	field	single_pathogen_focus
SRR8984123	SAMN11526001	genus	0	0	no	56615	Puccinia graminis f. sp. tritici	biotic	field	single_pathogen_focus
SRR8984124	SAMN11526000	species	1	1	no	56615	Puccinia graminis f. sp. tritici	biotic	field	single_pathogen_focus
SRR8984124	SAMN11526000	genus	0	0	no	56615	Puccinia graminis f. sp. tritici	biotic	field	single_pathogen_focus
SRR8984125	SAMN11525999	species	1	1	no	56615	Puccinia graminis f. sp. tritici	biotic	field	single_pathogen_focus
SRR8984125	SAMN11525999	genus	0	0	no	56615	Puccinia graminis f. sp. tritici	biotic	field	single_pathogen_focus
SRR8984126	SAMN11525998	species	1	1	no	56615	Puccinia graminis f. sp. tritici	biotic	field	single_pathogen_focus
SRR8984126	SAMN11525998	genus	0	0	no	56615	Puccinia graminis f. sp. tritici	biotic	field	single_pathogen_focus
SRR9062614	SAMN11637366	species	0	0	no	12321	Alfalfa mosaic virus	biotic	field	single_pathogen_focus
SRR9062614	SAMN11637366	genus	0	0	no	12321	Alfalfa mosaic virus	biotic	field	single_pathogen_focus
SRR9127599	SAMN11860563	species	1	0	no	318829	Magnaporthe oryzae Triticum	biotic	field	single_pathogen_focus
SRR9127599	SAMN11860563	genus	0	0	no	318829	Magnaporthe oryzae Triticum	biotic	field	single_pathogen_focus
SRR9127601	SAMN11860565	species	1	0	no	318829	Magnaporthe oryzae Triticum	biotic	field	single_pathogen_focus
SRR9127601	SAMN11860565	genus	0	0	no	318829	Magnaporthe oryzae Triticum	biotic	field	single_pathogen_focus
SRR9127602	SAMN11860564	species	1	0	no	318829	Magnaporthe oryzae Triticum	biotic	field	single_pathogen_focus
SRR9127602	SAMN11860564	genus	0	0	no	318829	Magnaporthe oryzae Triticum	biotic	field	single_pathogen_focus
SRR9129829	SAMN11633183	species	1	1	no			abiotic	field	not_disease_focused
SRR9129829	SAMN11633183	genus	0	0	no			abiotic	field	not_disease_focused
SRR9129869	SAMN11633238	species	1	1	no			abiotic	field	not_disease_focused
SRR9129869	SAMN11633238	genus	0	0	no			abiotic	field	not_disease_focused
SRR9185093	SAMN11892478	species	1	1	no	168172	Puccinia striiformis f. sp. tritici	biotic	field	single_pathogen_focus
SRR9185093	SAMN11892478	genus	0	0	no	168172	Puccinia striiformis f. sp. tritici	biotic	field	single_pathogen_focus
SRR9185094	SAMN11892477	species	1	1	no	168172	Puccinia striiformis f. sp. tritici	biotic	field	single_pathogen_focus
SRR9185094	SAMN11892477	genus	0	0	no	168172	Puccinia striiformis f. sp. tritici	biotic	field	single_pathogen_focus
SRR919335	SAMN02212478	species	1	0	no	31870	Colletotrichum graminicola	biotic	field	single_pathogen_focus
SRR919335	SAMN02212478	genus	0	0	no	31870	Colletotrichum graminicola	biotic	field	single_pathogen_focus
SRR9276710	SAMN12027163	species	4	4	yes			none	field	not_disease_focused
SRR9276710	SAMN12027163	genus	0	0	no			none	field	not_disease_focused
SRR9276716	SAMN12027161	species	4	4	yes			none	field	not_disease_focused
SRR9276716	SAMN12027161	genus	0	0	no			none	field	not_disease_focused
SRR9276717	SAMN12027162	species	4	4	yes			none	field	not_disease_focused
SRR9276717	SAMN12027162	genus	0	0	no			none	field	not_disease_focused
SRR9673812	SAMN12259772	species	0	0	no	2293720	Mashua virus Y	biotic	field	single_pathogen_focus
SRR9673812	SAMN12259772	genus	0	0	no	2293720	Mashua virus Y	biotic	field	single_pathogen_focus
SRR9684517	SAMN12256607	species	1	1	no		Epichloë elymi; Epichloë festucae; Epichloë typhina	biotic	field	single_pathogen_focus
SRR9684517	SAMN12256607	genus	0	0	no		Epichloë elymi; Epichloë festucae; Epichloë typhina	biotic	field	single_pathogen_focus
SRR9684521	SAMN12256604	species	1	1	no		Epichloë elymi; Epichloë festucae; Epichloë typhina	biotic	field	single_pathogen_focus
SRR9684521	SAMN12256604	genus	0	0	no		Epichloë elymi; Epichloë festucae; Epichloë typhina	biotic	field	single_pathogen_focus
SRR9684522	SAMN12256603	species	1	1	no		Epichloë elymi; Epichloë festucae; Epichloë typhina	biotic	field	single_pathogen_focus
SRR9684522	SAMN12256603	genus	0	0	no		Epichloë elymi; Epichloë festucae; Epichloë typhina	biotic	field	single_pathogen_focus
SRR9684524	SAMN12256602	species	1	1	no		Epichloë elymi; Epichloë festucae; Epichloë typhina	biotic	field	single_pathogen_focus
SRR9684524	SAMN12256602	genus	0	0	no		Epichloë elymi; Epichloë festucae; Epichloë typhina	biotic	field	single_pathogen_focus
SRR9684529	SAMN12256602	species	1	1	no		Epichloë elymi; Epichloë festucae; Epichloë typhina	biotic	field	single_pathogen_focus
SRR9684529	SAMN12256602	genus	0	0	no		Epichloë elymi; Epichloë festucae; Epichloë typhina	biotic	field	single_pathogen_focus
SRR9684530	SAMN12256604	species	1	1	no		Epichloë elymi; Epichloë festucae; Epichloë typhina	biotic	field	single_pathogen_focus
SRR9684530	SAMN12256604	genus	0	0	no		Epichloë elymi; Epichloë festucae; Epichloë typhina	biotic	field	single_pathogen_focus
SRR9684535	SAMN12256605	species	1	1	no		Epichloë elymi; Epichloë festucae; Epichloë typhina	biotic	field	single_pathogen_focus
SRR9684535	SAMN12256605	genus	0	0	no		Epichloë elymi; Epichloë festucae; Epichloë typhina	biotic	field	single_pathogen_focus
SRR9684539	SAMN12256609	species	1	1	no		Epichloë elymi; Epichloë festucae; Epichloë typhina	biotic	field	single_pathogen_focus
SRR9684539	SAMN12256609	genus	0	0	no		Epichloë elymi; Epichloë festucae; Epichloë typhina	biotic	field	single_pathogen_focus
SRR9684540	SAMN12256608	species	1	1	no		Epichloë elymi; Epichloë festucae; Epichloë typhina	biotic	field	single_pathogen_focus
SRR9684540	SAMN12256608	genus	0	0	no		Epichloë elymi; Epichloë festucae; Epichloë typhina	biotic	field	single_pathogen_focus
SRR9684543	SAMN12256610	species	1	1	no		Epichloë elymi; Epichloë festucae; Epichloë typhina	biotic	field	single_pathogen_focus
SRR9684543	SAMN12256610	genus	0	0	no		Epichloë elymi; Epichloë festucae; Epichloë typhina	biotic	field	single_pathogen_focus
SRR9684552	SAMN12256606	species	1	1	no		Epichloë elymi; Epichloë festucae; Epichloë typhina	biotic	field	single_pathogen_focus
SRR9684552	SAMN12256606	genus	0	0	no		Epichloë elymi; Epichloë festucae; Epichloë typhina	biotic	field	single_pathogen_focus
