run	analyzed	fungi_pct	viruses_pct	bacteria_pct	oomycota_pct	nematoda_pct
SRR5493933	24183352	3.4032	0.0	13.6052	0.0	0.0
ERR7421544	9358130	15.6537	0.567	0.3102	0.0	0.0
ERR754067	22843853	0.0	39.7497	1.0523	0.0	0.0
SRR23852733	53104	0.0	51.6082	0.1921	0.0	0.0
SRR22973857	34974174	5.8087	0.0	1.9264	0.0	0.0
SRR7264834	2229002	3.1237	0.0	0.0	0.0	0.0
SRR25233142	24059459	0.0	6.1416	0.1904	0.0	0.0
SRR30328486	47832464	0.0	31.2397	2.2482	0.0	0.0
SRR21021775	18701115	0.0	2.7909	0.5861	0.0	0.0
SRR6925810	34129460	3.5895	0.0	0.0	0.0	0.0
SRR29384837	35823082	1.1512	0.0	0.9792	0.0	0.0
SRR14803613	14823981	0.0	6.3828	3.2593	0.0	0.0
SRR36186732	23881207	0.0	1.1703	0.0	0.0	0.0
SRR3734861	450286	65.7449	0.0	1.0169	0.0	0.0
SRR23797924	29818548	0.0	1.831	0.1127	0.0	0.0
SRR8432586	9476219	19.7026	0.0	0.0	0.0	0.0
SRR33516295	23304453	0.0	3.5826	0.1413	0.0	0.0
SRR32366111	21835606	0.0	3.2603	0.9228	0.0	0.0
SRR34326334	5736186	0.0	4.4972	0.1116	0.0	0.0
SRR2939232	47215389	0.0	1.9698	1.0734	0.0	0.0
DRR897994	20251642	0.0	61.6105	0.0	0.0	0.0
SRR25924106	40825166	4.3912	0.0	0.2272	0.0	0.0
DRR871556	22448012	0.0	6.4112	0.1436	0.0	0.0
SRR26860117	26949020	74.1892	0.0	0.4934	0.0	0.0
ERR14043218	17234229	0.0	1.4494	0.3444	0.0	0.0
SRR7266216	146907	1.6364	0.0	0.0	0.0	0.0
SRR26462338	23482281	0.0	20.0995	0.1099	0.0	0.0
SRR8303046	79992678	0.0	1.1304	0.0	0.0	0.0
SRR37513065	41273199	11.2036	0.0	0.109	0.0	0.0
SRR7267012	1501587	4.9808	0.0	0.0	0.0	0.0
SRR16938915	18219703	0.0	73.8895	0.2305	0.0	0.0
SRR25209545	22316761	0.0	2.4282	0.1692	0.0	0.0
SRR3724136	30164701	21.7709	0.0	0.1492	0.0	0.0
SRR35276969	21895267	0.0	4.5852	3.4262	0.0	0.0
SRR1170949	13321618	0.0	1.7044	0.0	0.0	0.0
SRR34300138	42037057	1.9533	0.2108	7.4015	0.0	0.0
SRR13823999	7846572	69.0588	0.0	0.1592	0.0	0.0
SRR32975038	33020646	0.1545	9.5066	0.1409	0.0	0.0
DRR745649	19822007	20.3437	0.0	0.0	0.0	0.0
SRR11574240	1737754	0.1303	2.1939	0.7306	0.0	0.0
ERR6212273	5838765	0.0	1.5169	1.9805	0.0	0.0
ERR13249306	19567652	0.0	0.0	5.9658	0.0	0.0
SRR10209322	24275887	2.3764	0.0	0.3024	0.0	0.0
SRR15498074	11610501	6.4212	0.0	0.2637	0.0	0.0
DRR854529	25050073	6.4109	0.0	0.8009	0.0	0.0
SRR14238791	22386880	2.661	0.0	0.3005	0.0	0.0
SRR11035836	11503191	0.0	16.7628	0.4909	0.0	0.0
SRR11566075	2221242	0.0	36.3142	0.0	0.0	0.0
SRR31439142	46703019	4.2097	0.3056	0.6358	0.0	0.0
ERR9976384	17254741	0.0	1.4846	0.1175	0.0	0.0
SRR19399955	32240267	2.2523	0.0	0.4571	0.0	0.0
SRR27842076	51207834	0.0	1.4159	3.9745	0.0	0.0
DRR1052442	30848417	0.6144	13.8508	0.7101	0.0	0.0
SRR7000840	27598074	1.5839	0.0	1.2295	0.0	0.0
SRR25723155	16069138	0.0	25.317	1.9248	0.0	0.0
DRR897992	15629723	0.0	58.8869	0.0	0.0	0.0
SRR33516339	25344858	0.0	2.3595	0.0	0.0	0.0
SRR7408323	21939852	0.0	5.2188	0.0	0.0	0.0
SRR28224679	21931970	0.0	34.5658	4.2497	0.0	0.0
SRR13132030	36595925	0.0	1.8036	2.5624	0.0	0.0
SRR16480651	26870657	0.0	6.1552	10.2195	0.0	0.0
SRR32944890	50402187	0.0	2.9893	0.1042	0.0	0.0
SRR17332338	23221420	0.0	0.0	27.3614	0.0	0.0
SRR10448323	631522	1.5537	0.0	76.7793	0.0	0.0
SRR37723738	24268366	0.0	3.3044	0.2751	0.0	0.0
SRR8178070	96808529	0.0	0.0	0.5876	0.0	0.0
SRR30357899	52897871	0.1447	3.5162	0.1229	0.0	0.0
SRR38897773	20926293	0.1354	29.463	0.6245	0.0	0.0
SRR15607740	22871280	0.0	0.0	2.0754	12.8521	0.0
SRR7518010	26679170	0.0	5.2004	0.0	0.0	0.0
SRR7507951	4140503	0.0	2.1971	1.1603	0.0	0.0
SRR6398519	2443470	0.1257	82.3415	8.2867	0.0	0.0
SRR11622375	368523	0.0	52.7473	0.4133	0.0	0.0
SRR23086055	23125071	0.0	1.8094	0.3236	0.0	0.0
SRR29012073	25021040	0.0	4.5534	0.2399	0.0	0.0
SRR31258096	23234397	0.0	19.2905	0.3267	0.0	0.0
SRR23852738	35173	0.0	48.8159	0.7108	0.0	0.0
SRR12054324	27400929	15.0005	0.0	0.2819	0.0	0.0
SRR29384955	36151046	1.9696	0.0	0.7841	0.0	0.0
SRR21021796	23446705	0.0	1.4848	0.2019	0.0	0.0
SRR7265018	1577580	2.856	0.0	0.0	0.0	0.0
SRR9854246	22162468	0.0	2.3619	0.0	0.0	0.0
SRR17916434	15940731	27.5959	0.0	0.8529	0.0	0.0
SRR36824219	23287588	7.3778	0.0	2.6298	0.0	0.0
SRR27323284	7800578	0.0	22.6118	1.2337	0.0	0.0
SRR9937195	210789033	1.4897	0.0	0.2712	0.0	0.0
DRR858074	80124135	18.1231	0.0	1.8879	0.0	0.0
ERR6352840	41288757	0.0	0.0	6.8667	0.0	0.0
SRR36367300	41027298	11.6212	0.173	8.4705	0.0	0.0
SRR21197578	25138916	0.0	2.6853	0.8685	0.0	0.0
SRR26035213	61676098	14.8654	0.0	0.4442	0.0	0.0
SRR24768929	37832325	3.7805	0.0	2.5277	0.0	0.0
DRR997367	19583355	0.0	2.9357	0.9846	0.0	0.0
SRR29665067	20788199	1.9954	0.0	0.9756	0.0	0.0
SRR10990211	26280795	0.0	16.6226	0.1225	0.0	0.0
SRR21021696	39176855	0.0	1.0127	0.566	0.0	0.0
SRR32622398	18562465	2.447	0.0	0.1512	0.0	0.0
SRR7266061	2457685	3.1489	0.0	0.0	0.0	0.0
SRR20750875	1234056	0.0	3.0666	2.1067	0.0	0.0
SRR34697339	21618648	1.5472	0.0	1.9119	0.0	0.0
SRR38317305	18969595	17.2716	0.7063	0.984	0.0	0.0
SRR7264800	2141550	1.5039	0.0	0.0	0.0	0.0
DRR1032724	36993540	0.0	3.0079	0.1593	0.0	0.0
SRR9593743	24140605	0.0	16.2049	0.3641	0.0	0.0
SRR20750829	485887	0.0	3.9526	2.1141	0.0	0.0
SRR36292470	38227024	10.0619	0.0	4.8189	0.0	0.0
SRR25522948	38187819	0.0	0.0	2.979	0.0	0.0
DRR737011	23909327	0.0	1.5241	0.0	0.0	0.0
SRR7518020	26679170	0.0	4.9804	0.0	0.0	0.0
SRR15564995	21892274	0.2756	3.8938	0.2111	0.0	0.0
SRR11091421	16102808	0.0	2.045	0.4625	0.0	0.0
SRR36164308	22176032	0.0	1.9075	0.8121	0.0	0.0
SRR22973893	31876678	7.8748	0.0	0.9657	0.0	0.0
SRR7508015	4716218	0.0	4.8415	0.1828	0.0	0.0
SRR10769484	27148410	1.4125	0.0	0.9085	0.0	0.0
SRR23951518	23370493	0.0	1.2701	3.0221	0.0	0.0
SRR7408207	47777741	8.0602	0.0	0.0	0.0	0.0
DRR737903	21237835	0.0	1.2721	0.2113	0.0	0.0
SRR33846330	22811326	2.8249	0.0	0.3685	0.0	0.0
SRR13590448	24125750	2.0937	0.0	0.5166	0.0	0.0
SRR22858672	22759511	0.0	10.4094	1.3278	0.0	0.0
SRR29496807	22401902	1.5174	0.0	2.3356	0.0	0.0
ERR4329559	79468405	2.5461	0.0	0.0	0.0	0.0
SRR7266126	1534008	9.0828	0.0	0.0	0.0	0.0
SRR12158734	46365830	0.0	5.1324	0.0	0.0	0.0
SRR31851393	32251675	39.491	0.0	0.4235	0.0	0.0
SRR30859957	23389868	0.3701	8.8147	0.6966	0.0	0.0
SRR7508042	4722165	0.0	2.7362	0.0	0.0	0.0
SRR8080644	22168481	0.0	10.7398	0.0	0.0	0.0
SRR17332342	28061285	0.0	0.0	26.4864	0.0	0.0
SRR27373713	43193070	0.0	68.4553	0.5846	0.0	0.0
SRR28797216	22737260	0.0	10.1768	0.2227	0.0	0.0
SRR36802771	24900104	98.0617	0.0	0.1423	0.0	0.0
SRR37244498	24100994	5.1065	0.0	0.3499	0.0	0.0
SRR23758652	25154098	0.0	0.0	0.226	6.8311	0.0
SRR7267210	1950375	5.0608	0.0	0.0	0.0	0.0
ERR15076289	37203322	0.0	0.0	2.2707	0.0	0.0
SRR38924907	35545619	12.4744	0.0	0.588	0.0	0.0
SRR3537152	57549288	12.9547	0.0	0.0	0.0	0.0
SRR29646193	23721052	0.0	20.6259	0.1967	0.0	0.0
SRR20728019	34937395	0.0	13.1029	0.0	0.0	0.0
SRR34326360	3403737	0.0	4.2718	0.0	0.0	0.0
SRR25424660	12815145	0.0	12.0028	0.0	0.0	0.0
SRR26542257	22833090	0.0	2.4852	1.3501	0.0	0.0
ERR4329539	97757453	10.7563	0.0	0.0	0.0	0.0
SRR23436099	26042047	0.0	3.1486	0.1289	0.0	0.0
SRR8286648	19320756	1.5902	0.0	0.0	0.0	0.0
SRR14664487	38724572	1.7805	0.0	0.4116	0.0	0.0
SRR10135000	9030252	0.0	1.8155	0.1748	0.0	0.0
SRR14004270	49349813	0.0	1.4332	1.2219	0.0	0.0
SRR3371845	13198777	0.0	16.1169	0.0	0.0	0.0
SRR32806003	29596954	4.5777	0.0	0.6237	0.0	0.0
SRR7267174	106586	8.0076	0.0	0.0	0.0	0.0
SRR26214562	29750438	12.798	0.0	0.1206	0.0	0.0
SRR24128538	21596281	0.0	3.3191	5.6573	0.0	0.0
SRR30498933	21816797	5.7153	0.0	3.6316	0.0	0.0
SRR19698124	21766249	0.0	0.0	16.4647	0.0	0.0
SRR15731506	48899808	0.0	0.0	2.2074	0.0	0.0
SRR30357904	54280147	0.1237	1.1904	0.1311	0.0	0.0
SRR29011959	24391870	0.0	3.4478	0.1108	0.0	0.0
SRR9001738	23736890	2.8083	0.0	0.2604	0.0	0.0
SRR1765783	13548617	2.0167	0.0	0.9738	0.0	0.0
SRR10067089	13697646	4.1282	0.0	4.6664	0.0	0.0
SRR34300147	26224398	4.0606	0.0	6.1873	0.0	0.0
SRR7265076	1266179	1.3797	0.0	0.0	0.0	0.0
SRR10053813	20891135	3.0402	0.0	0.0	0.0	0.0
SRR25969038	13667604	3.3136	0.0	1.4716	0.0	0.0
SRR7507925	4403312	0.0	1.8117	1.6563	0.0	0.0
SRR28872811	32946090	0.2139	3.7336	7.9541	0.0	0.0
SRR27297770	1233447	0.0	19.2508	0.707	0.0	0.0
SRR36367319	38496926	3.5182	0.1696	11.7312	0.0	0.0
SRR29126137	335192	0.0	2.807	0.3577	0.0	0.0
SRR7267310	4543824	1.7424	0.0	0.0	0.0	0.0
SRR24956672	17552337	0.0	0.0	9.6347	0.0	0.0
SRR15960123	29526032	0.0	1.4373	1.7567	0.0	0.0
SRR25723161	13345099	0.0	11.5356	2.3925	0.0	0.0
SRR10148718	10302441	0.0	2.7775	0.7111	0.0	0.0
SRR10148719	11060210	0.0	2.7729	0.6924	0.0	0.0
SRR10148720	12367993	0.0	2.7693	0.6982	0.0	0.0
SRR17310193	7045599	0.0	0.0	2.8061	0.0	0.0
SRR17310195	6436091	0.0	0.0	2.7931	0.0	0.0
SRR17310196	6243504	0.0	0.0	2.5166	0.0	0.0
SRR25254452	22539737	0.0	1.3602	0.6286	0.0	0.0
SRR31895412	20597533	5.0196	0.0	0.2021	0.0	0.0
SRR21354871	140501	0.0	67.6999	2.7274	0.0	0.0
ERR957425	13779748	0.0	1.8035	0.2074	0.0	0.0
SRR7644354	26309515	62.1253	0.0	0.0	0.0	0.0
SRR38326984	32915634	0.0	1.4107	0.2867	0.0	0.0
SRR35391023	16365140	2.8063	0.0	2.9626	0.0	0.0
SRR33649598	27757127	21.9183	0.0	0.1074	0.0	0.0
SRR17916398	18091672	40.5597	0.0	0.6594	0.0	0.0
SRR10098207	33553017	0.0	3.2836	0.9793	0.0	0.0
ERR10886948	59564373	3.0422	0.0	0.2549	0.0	0.0
ERR10886909	52259247	3.3924	0.0	0.367	0.0	0.0
SRR19543982	26060427	0.0	1.5102	0.3304	0.0	0.0
SRR3724076	27546625	76.8636	0.0	0.119	0.0	0.0
SRR5131663	22221412	0.2869	12.9676	4.1829	0.0	0.0
SRR14803595	16106131	0.0	19.5857	4.5097	0.0	0.0
SRR17916391	18103169	36.6484	0.0	0.1009	0.0	0.0
SRR34326540	6350776	0.0	6.5533	0.1128	0.0	0.0
SRR8703830	24207443	0.0	1.9831	0.0	0.0	0.0
SRR23515002	26966856	0.0	1.3881	0.0	0.0	0.0
SRR26860065	29715103	79.9454	0.0	0.0	0.0	0.0
SRR30499001	19255345	3.7581	0.0	6.9495	0.0	0.0
SRR7644303	26774780	3.3123	0.0	0.2255	0.0	0.0
SRR16351747	22528149	3.7128	0.0	3.3663	0.0	0.0
SRR28926617	32958033	3.3922	0.0	0.1852	0.0	0.0
SRR23524537	43588434	0.0	3.7556	1.0737	0.0	0.0
SRR29221773	23820887	0.0	3.8551	0.0	0.0	0.0
DRR260984	7851812	0.0	1.0855	25.3229	0.0	0.0
SRR8309985	30899682	2.0242	0.0	0.5635	0.0	0.0
SRR26860146	33245941	44.7736	0.0	1.3847	0.0	0.0
SRR7264868	835526	1.6648	0.0	0.6342	0.0	0.0
SRR29779946	20824519	0.4327	0.0	5.1714	0.0	0.0
SRR10241425	31472853	6.1409	0.0	0.8352	0.0	0.0
SRR13375945	38659262	0.0	1.4726	1.6301	0.0	0.0
ERR13765074	12359436	0.0	16.6687	0.0	0.0	0.0
SRR21619446	25926517	0.0	4.2904	0.2295	0.0	0.0
SRR7264985	1553920	2.7479	0.0	0.14	0.0	0.0
SRR12160892	23483166	0.0	31.7582	0.1574	0.0	0.0
SRR11397710	18539047	0.0	16.9134	0.3267	0.0	0.0
SRR7507902	5244229	0.0	1.442	0.0	0.0	0.0
SRR7264686	1297498	4.1273	0.0	0.0	0.0	0.0
SRR12899061	31121748	0.0	70.5819	0.558	0.0	0.0
SRR21021647	31782472	0.0	2.8457	3.0173	0.0	0.0
SRR19412894	43052485	0.0	3.4069	1.6484	0.0	0.0
SRR25723163	19694216	0.2604	11.8458	2.3308	0.0	0.0
SRR31488141	66908157	4.2041	0.0	1.3828	0.0	0.0
SRR13298308	34479724	0.0	9.3215	0.0	0.0	0.0
SRR7644302	34832537	9.985	0.0	0.0	0.0	0.0
SRR37244509	19369444	2.139	0.0	0.1508	0.0	0.0
SRR7172336	25336071	17.2452	0.0	0.0	0.0	0.0
SRR27029085	25102693	0.0	3.9282	1.7916	0.0	0.0
SRR29854830	21702047	0.0	2.3782	0.0	0.0	0.0
ERR10886938	55271252	13.6045	0.0	0.2454	0.0	0.0
DRR897967	13021719	0.0	14.562	0.1399	0.0	0.0
SRR10480882	23649394	0.0	8.9406	0.1134	0.0	0.0
SRR12546096	12844974	0.0	34.5088	0.0	0.0	0.0
SRR28413018	25781685	0.0	6.8464	6.667	0.0	0.0
SRR11176697	18771538	0.0	4.5231	0.0	0.0	0.0
SRR15607728	23718842	0.0	0.0	0.8635	12.7507	0.0
SRR27305127	4986643	0.0	4.4823	0.0	0.0	0.0
SRR9937180	21156763	0.0	10.4191	0.0	0.0	0.0
SRR30708817	25648049	0.0	65.8228	0.1936	0.0	0.0
SRR10148796	9500747	0.0	4.9543	0.4175	0.0	0.0
SRR10148795	10144415	0.0	4.962	0.4185	0.0	0.0
SRR19698125	22845764	0.0	0.0	7.5239	0.0	0.0
SRR31833273	33778914	4.2006	0.0	0.4122	0.0	0.0
SRR36292457	41827370	5.3719	0.0	5.6589	0.0	0.0
ERR10886908	52435420	3.6773	0.0	0.2143	0.0	0.0
SRR3383803	20747292	4.3884	0.0	0.0	0.0	0.0
SRR24657662	21106604	0.0	27.363	0.7175	0.0	0.0
SRR10485594	53327439	0.0	0.0	0.1628	0.0	0.0
SRR37899639	25372521	0.0	4.3241	3.6097	0.0	0.0
SRR25755096	10368904	57.1232	0.0	0.0	0.0	0.0
DRR782983	26563659	13.9313	0.0	0.3058	0.0	0.0
SRR10148794	9598516	0.0	4.958	0.4166	0.0	0.0
SRR20750837	1338398	0.0	1.5262	1.3822	0.0	0.0
SRR11946736	26905344	0.0	3.183	0.0	0.0	0.0
SRR23086165	21932526	0.0	2.207	1.3759	0.0	0.0
SRR32622734	22093192	1.3574	0.0	0.0	0.0	0.0
SRR8845281	19831456	0.0	3.0662	0.0	0.0	0.0
SRR34169797	38922244	0.0	13.7959	0.7301	0.0	0.0
ERR13230699	5293159	0.0	0.0	21.9844	0.0	0.0
SRR6279264	23208727	34.1382	0.0	3.5852	0.0	0.0
SRR10098203	29276623	0.0	6.8049	0.3628	0.0	0.0
SRR7299760	2653088	1.2662	0.0	1.5543	0.0	0.0
SRR9854238	22372310	0.0	3.089	0.0	0.0	0.0
SRR14241307	24527350	0.0	4.4074	1.1099	0.0	0.0
SRR12158783	23944317	4.3634	0.0	0.5485	0.0	0.0
SRR7266010	467778	7.6596	0.0	0.23	0.0	0.0
ERR13148086	14066037	2.0008	5.0719	0.0	0.0	0.0
ERR13148087	13796490	1.9444	5.135	0.0	0.0	0.0
ERR13148085	14082890	1.9843	5.1697	0.0	0.0	0.0
ERR13148083	11164900	1.8405	6.2138	0.0	0.0	0.0
ERR13148084	9848614	1.788	5.8681	0.0	0.0	0.0
SRR2932315	24043965	0.0	4.9282	0.0	0.0	0.0
SRR8204149	21825493	56.0327	0.0	0.0	0.0	0.0
SRR35133803	22625581	25.7792	0.0	0.0	0.0	0.0
SRR22973821	31454752	5.9123	0.0	0.5938	0.0	0.0
SRR20750824	1976399	0.0	1.9349	1.6488	0.0	0.0
SRR11462963	40508605	0.0	2.686	0.7792	0.0	0.0
SRR14803615	10925561	0.0	7.9164	3.6192	0.0	0.0
SRR18298159	11066645	0.0	4.4238	0.231	0.0	0.0
SRR27323018	2605974	0.0	16.8525	1.7049	0.0	0.0
SRR36015662	25181034	0.5277	0.0	0.4167	53.5175	0.0
SRR25969049	39787920	2.3655	0.0	4.0577	0.0	0.0
SRR31669301	11450440	0.0	13.9378	4.4227	0.0	0.0
SRR9077195	79589809	14.9222	0.0	1.6478	0.0	0.0
SRR7267231	2059227	2.9354	0.0	0.0	0.0	0.0
SRR8357935	12436640	0.0	1.8236	0.0	0.0	0.0
SRR7507999	4850840	0.0	2.7414	0.0	0.0	0.0
SRR23576585	27744235	2.5705	0.0	3.0109	0.0	0.0
SRR7266049	1439124	2.9234	0.0	0.2248	0.0	0.0
SRR32622728	20769345	1.3007	0.0	0.1769	0.0	0.0
SRR14673916	16149230	1.9459	0.0	1.0163	0.0	0.0
SRR9854219	22324279	0.0	5.7383	0.0	0.0	0.0
SRR10448352	351857	1.6498	57.9451	2.7309	0.0	0.0
SRR20750862	1172354	0.0	3.2695	4.0691	0.0	0.0
SRR31258103	23869083	0.0	2.5756	0.8216	0.0	0.0
ERR5709391	32330178	0.0	18.7921	2.3936	0.0	0.0
SRR10135383	11379150	0.0	2.0974	0.1175	0.0	0.0
SRR34300137	33401444	4.293	0.0	7.1742	0.0	0.0
SRR10448346	2404811	0.4113	68.0208	0.9048	0.0	0.0
SRR24755851	35216094	0.0	2.9271	1.6497	0.0	0.0
SRR36233375	44109735	38.4383	3.5965	1.0622	0.0	0.0
SRR16925053	25901036	0.0	9.4525	0.1051	0.0	0.0
SRR17137458	22059326	0.1444	0.26	1.8279	0.0	0.0
SRR6169925	25703867	0.0	1.7717	0.755	0.0	0.0
SRR8984397	29774652	0.0	3.0409	0.0	0.0	0.0
SRR13822317	18770916	0.0	1.6015	0.0	0.0	0.0
SRR28454439	31956432	0.0	1.0947	0.2424	0.0	0.0
SRR28392380	36741700	0.3148	1.9983	0.8088	0.1284	0.0
ERR14043194	24612986	0.0	1.4686	0.4527	0.0	0.0
SRR27373718	40627618	0.0	15.9879	1.7168	0.0	0.0
ERR10962817	13957522	21.8835	0.0	1.8937	0.0	0.0
SRR38897778	20213566	1.1166	61.1649	1.2094	0.0	0.0
SRR19752906	211888	0.0	0.0	0.0	8.0292	0.0
SRR24956721	16168310	0.0	0.0	14.9946	0.0	0.0
SRR6195044	85599563	0.0	6.1971	0.9035	0.0	0.0
SRR22227263	5797334	11.0856	0.0	13.1332	0.0	0.0
SRR22227264	8888067	11.7045	0.0	12.7037	0.0	0.0
SRR5906860	9189946	0.0	1.3803	0.0	0.0	0.0
SRR6676801	20536389	0.0	20.8298	0.0	0.0	0.0
SRR7266119	1698689	1.8734	0.0	0.0	0.0	0.0
SRR24235211	22347355	0.0	17.0622	0.3116	0.0	0.0
SRR25998744	53753527	3.7268	0.0	3.5207	0.0	0.0
SRR26860156	60777559	34.5677	0.0	0.1079	0.0	0.0
SRR35859424	35341002	0.0	15.686	0.4936	0.0	0.0
SRR7267060	1673774	3.076	0.0	0.251	0.0	0.0
SRR31011032	23883845	87.5116	0.0	0.5055	0.0	0.0
SRR33634353	27972571	0.0	8.1576	4.7523	0.0	0.0
SRR33821509	525079208	0.0	4.9984	1.924	0.0	0.0
SRR24695836	34779238	0.0	4.358	0.7886	0.0	0.0
SRR13568476	25874874	1.4795	0.0	0.8728	0.0	0.0
SRR10135332	10288682	0.0	1.5279	0.134	0.0	0.0
SRR28393287	1770793	0.0	4.9101	1.4927	0.0	0.0
SRR36910263	48266428	1.4809	0.7284	4.1381	0.0	0.0
SRR23095526	42740394	0.0	1.9065	0.4533	0.0	0.0
SRR22272462	29874199	0.0	0.0	0.3658	29.9123	0.0
SRR14768616	21035870	0.0	4.3287	4.7697	0.0	0.0
SRR37630611	30100157	0.299	2.6002	3.0277	0.0	0.0
SRR17316546	8302520	0.0	1.3242	2.7781	0.0	0.0
SRR19435307	23211064	0.0	15.5926	0.3975	0.0	0.0
SRR11521313	548961	0.0	21.1889	2.5175	0.0	0.0
SRR39263429	24859303	0.0	64.4212	0.3562	0.0	0.0
SRR22201530	36599072	0.0	86.6949	0.7479	0.0	0.0
SRR12603810	62763551	0.0	0.0	3.2389	0.0	0.0
SRR16562498	21924818	0.0	1.228	0.0	0.0	0.0
ERR3891527	11641311	0.0	51.1309	0.8689	0.0	0.0
ERR10886943	55123119	4.645	0.0	0.2388	0.0	0.0
SRR33516414	23334655	0.0	7.4651	0.1121	0.0	0.0
SRR7264900	870041	1.0779	0.0	0.8316	0.0	0.0
SRR23194105	3956874	6.2645	0.0	1.6731	0.0	0.0
SRR11622369	1871884	0.0	62.218	2.0011	0.0	0.0
SRR26264120	22774142	0.0	7.1069	1.6212	0.0	0.0
SRR26821493	24129396	0.0	3.6043	0.0	0.0	0.0
SRR30009869	37082602	16.1854	0.0	0.3004	0.4442	0.0
SRR8523161	12482844	0.0	1.5808	0.5561	0.0	0.0
SRR29011688	22262137	0.0	2.4592	0.2652	0.0	0.0
SRR7644346	24441340	1.71	0.0	0.1319	0.0	0.0
SRR36374511	29352234	5.9785	0.0	0.2841	0.0	0.0
SRR15607737	21640612	0.0	0.0	1.1722	12.8148	0.0
SRR34792214	45247625	0.0	4.7601	3.0576	0.0	0.0
SRR16938902	15993214	0.0	57.0399	0.2315	0.0	0.0
SRR19435292	23371540	0.0	6.4256	0.3137	0.0	0.0
ERR3891511	12408922	0.0	16.4754	1.1168	0.0	0.0
SRR38858535	36223181	1.9625	0.0	1.0973	0.0	0.0
SRR28820186	22462450	0.0	6.5454	7.6376	0.0	0.0
SRR13355211	30588962	11.272	0.0	2.4357	0.0	0.0
SRR26990541	21123594	0.0	2.099	0.4511	0.0	0.0
SRR36608491	22827772	0.0	20.0291	0.3841	0.0	0.0
SRR7267219	1577477	2.652	0.0	0.0	0.0	0.0
SRR14066947	42369587	0.0	15.9624	0.2886	0.0	0.0
SRR18856180	116153951	19.5219	0.0	0.2721	0.0	0.0
SRR7644308	24435354	6.6616	0.0	0.1404	0.0	0.0
SRR38222670	21052606	0.0	7.0088	1.7219	0.0	0.0
DRR828909	24841124	0.0	0.0	0.0	2.0744	0.0
DRR853911	20793543	18.506	0.0	5.9451	0.0	0.0
SRR37325385	60004785	1.4563	0.0	0.2953	0.0	0.0
SRR7508026	5210541	0.0	2.1797	1.1206	0.0	0.0
SRR17235576	53938495	0.0	2.7363	0.7339	0.0	0.0
SRR17916403	10621160	14.464	0.0	0.8838	0.0	0.0
SRR35247849	26747532	0.0	10.9375	0.1616	0.0	0.0
SRR12532056	22316362	0.0	8.0901	0.0	0.0	0.0
SRR13414742	33029851	0.0	1.3103	0.2813	0.0	0.0
SRR31908814	21237835	0.0	1.272	0.1811	0.0	0.0
SRR14457654	21246974	0.0	5.9209	0.7099	0.0	0.0
SRR15853898	31128633	7.8535	1.2421	1.7402	0.0	0.0
SRR37798392	23070738	9.1171	0.3054	2.9565	0.0	0.0
DRR087078	11616963	2.0787	0.0	0.0	0.0	0.0
ERR957437	13495322	0.0	2.4623	0.1247	0.0	0.0
SRR10203988	15404646	0.0	20.232	0.3505	0.0	0.0
SRR10203987	15397271	0.0	20.3062	0.3977	0.0	0.0
SRR10203989	41681874	0.0	19.8416	0.377	0.0	0.0
SRR10203990	42422551	0.0	20.375	0.3931	0.0	0.0
SRR3098091	16464654	8.0184	0.0	0.0	0.0	0.0
SRR31134499	32972936	1.2273	0.0	0.8155	0.0	0.0
SRR38858541	39240435	1.6327	0.0	1.2386	0.0	0.0
SRR22975697	28018565	8.2734	0.0	1.1603	0.0	0.0
SRR30126665	23951346	1.611	0.0	0.3399	0.0	0.0
SRR15564984	19036781	0.4245	3.7894	0.2353	0.0	0.0
SRR25998753	54669723	2.4288	0.0	3.6648	0.0	0.0
ERR11650698	3169406	0.706	1.1083	1.0141	0.0	0.0
SRR23524536	43410226	0.0	1.161	0.7023	0.0	0.0
SRR26752736	36989662	0.0	1.9535	1.1101	0.0	0.0
SRR17916371	15415954	14.01	0.0	0.5311	0.0	0.0
SRR31319015	5458147	0.0	4.0811	7.2188	0.0	0.0
SRR38924892	34890678	10.2496	0.0	0.5218	0.0	0.0
DRR997534	24452185	0.0	2.6079	0.0	0.0	0.0
SRR1005351	35008851	0.0	1.6787	2.4722	0.0	0.0
SRR20613496	23897774	0.0	22.0742	0.0	0.0	0.0
SRR8457053	46899624	0.0	8.979	0.0	0.0	0.0
SRR7266978	1829918	1.7854	0.0	0.2044	0.0	0.0
SRR9185077	12014569	0.0	4.0316	0.0	0.0	0.0
SRR10053844	26829869	0.0	9.0179	0.326	0.0	0.0
SRR11229310	10049284	8.1962	0.0	6.1557	0.0	0.0
DRR1004521	23803794	0.0	1.9337	2.1186	0.0	0.0
SRR33827814	23588707	0.0	2.3455	0.279	0.0	0.0
SRR29779556	15093331	0.0	8.8952	0.4075	0.0	0.0
SRR35335182	14118147	3.4459	0.0	7.2737	0.0	0.0
SRR24737260	21624678	31.805	0.0	0.6974	0.0	0.0
SRR24804909	23801187	0.6613	12.8562	0.999	0.0	0.0
SRR11887967	33045020	0.0	11.8859	0.1613	0.0	0.0
SRR14238808	22439563	2.3204	0.0	0.2669	0.0	0.0
SRR38897783	20094637	0.0	16.616	0.5998	0.0	0.0
SRR20480223	19851882	0.0	1.4173	1.3772	0.0	0.0
SRR6395482	82570478	1.0793	0.0	0.1856	0.0	0.0
SRR13434487	22704191	0.0	2.3837	0.0	0.0	0.0
SRR21021693	38789890	0.0	1.2393	0.6261	0.0	0.0
SRR32921511	69182246	31.8326	0.0	0.11	0.0	0.0
SRR6189713	23828415	0.0	1.4518	0.1077	0.0	0.0
DRR996030	19798143	0.0	13.7663	0.806	0.0	0.0
SRR3383804	11129004	2.406	0.0	0.2515	0.0	0.0
SRR17520154	21378808	3.1693	0.0	0.3233	0.0	0.0
SRR37491495	12759410	0.0	0.0	16.4742	0.0	0.0
SRR21354811	572194	0.0	74.6609	1.1101	0.0	0.0
SRR26860150	39838613	84.359	0.0	0.289	0.0	0.0
SRR3098384	13739083	9.2791	0.0	0.2761	0.0	0.0
SRR27165762	23568196	0.0	2.1803	0.7366	0.0	0.0
SRR7644278	30968312	3.591	0.0	0.1157	0.0	0.0
SRR10135157	12102808	0.0	1.78	0.1805	0.0	0.0
SRR22122958	26816543	26.3307	0.0	3.392	0.0	0.0
ERR13147791	30781440	1.7167	1.7789	0.1244	0.0	0.0
ERR13147790	30784400	1.683	1.8832	0.0	0.0	0.0
SRR2174494	60689720	3.9269	0.0	0.0	0.0	0.0
SRR10135041	10142145	0.0	4.6445	0.3538	0.0	0.0
SRR17518819	25134239	0.0	1.6951	0.1759	0.0	0.0
SRR11574379	2182092	0.0	3.7195	0.4481	0.0	0.0
SRR17310609	123611805	0.0	20.9357	0.2855	0.0	0.0
SRR24223106	23477925	0.0	3.987	0.3491	0.0	0.0
SRR31479344	34957603	0.0	45.4815	0.0	0.0	0.0
SRR6925829	21280874	3.531	0.0	0.0	0.0	0.0
SRR30852802	23592859	0.0	14.357	0.0	0.0	0.0
SRR31488145	50810022	1.8181	0.0	0.7895	0.0	0.0
ERR10886987	51137114	5.9328	0.1107	0.183	0.0	0.0
SRR8742913	18812680	1.6303	0.0	0.0	0.0	0.0
SRR10291756	46930366	3.1854	0.0	0.5959	0.0	0.0
SRR23095530	42564596	0.0	21.3307	0.3777	0.0	0.0
SRR9854220	22420939	0.0	2.6173	0.0	0.0	0.0
SRR23598368	45131343	3.2045	0.0	1.0664	0.0	0.0
SRR29011673	25173280	0.0	2.2667	0.1916	0.0	0.0
ERR13346984	24670364	0.0	1.8536	0.1021	0.0	0.0
SRR7403478	28020107	3.3739	0.0	1.4704	0.0	0.0
SRR24657699	20504161	0.0	19.5402	0.5828	0.0	0.0
SRR32262366	26803519	0.0	2.7083	0.1104	0.0	0.0
SRR26511475	39968860	3.1774	0.8574	0.0	0.0	0.0
SRR7266162	835941	2.2643	0.0	0.1254	0.0	0.0
SRR7408322	21780885	0.0	5.7416	0.6459	0.0	0.0
SRR13590447	25156003	1.4978	0.0	0.6812	0.0	0.0
SRR35650518	16323592	0.0	6.267	0.184	0.0	0.0
SRR31932835	12910799	0.0	0.0	2.3954	0.0	0.0
SRR30708812	23908730	0.0	61.9037	0.5926	0.0	0.0
SRR11791276	34879182	0.0	6.6591	8.9489	0.0	0.0
ERR10926661	48754868	1.7315	0.0	0.2735	0.0	0.0
SRR4897533	13491436	0.0	4.1597	0.3117	0.0	0.0
SRR11622380	2395954	0.0	54.6429	0.4745	0.0	0.0
SRR23852695	72020	0.0	42.877	2.7506	0.0	0.0
SRR29001879	23132071	0.0	1.7814	0.325	0.0	0.0
SRR7644316	25336280	3.0683	0.0	0.1179	0.0	0.0
SRR16938924	17796038	0.0	77.957	0.1565	0.0	0.0
SRR21098347	22349794	3.8019	0.0	0.3075	0.0	0.0
SRR20184523	8012096	0.0	25.0506	0.228	0.0	0.0
SRR36292449	35115027	1.8665	2.0001	5.6419	0.0	0.0
DRR217274	14953074	56.5915	0.0	0.2439	0.0	0.0
SRR7152514	21658382	0.0	3.2791	0.129	0.0	0.0
SRR10204010	18858187	0.0	5.2299	0.0	0.0	0.0
SRR10204012	23443853	0.0	5.324	0.1191	0.0	0.0
SRR10204009	19188591	0.0	5.2487	0.0	0.0	0.0
SRR10204011	24007950	0.0	5.1788	0.1173	0.0	0.0
SRR14055864	23637872	0.0	1.3383	0.6031	0.0	0.0
SRR20750841	639558	0.0	2.3795	2.1352	0.0	0.0
SRR35646278	26966107	9.6558	0.0	0.8885	0.0	0.0
SRR27373742	42101636	0.0	92.8659	0.2838	0.0	0.0
SRR10203995	18780221	0.0	15.2373	1.0993	0.0	0.0
SRR10203996	18908277	0.0	15.1914	0.9498	0.0	0.0
SRR10203997	66080444	0.0	14.8943	1.0405	0.0	0.0
SRR10203998	67342443	0.0	15.3049	1.0934	0.0	0.0
SRR29011678	26997656	0.0	2.322	0.1734	0.0	0.0
SRR7264754	368590	1.6379	0.0	7.8388	0.0	0.0
SRR27373712	43929068	0.0	6.8012	2.0632	0.0	0.0
SRR25409325	21414861	0.0	2.8447	0.0	0.0	0.0
SRR10291734	42809591	1.5286	0.0	0.4846	0.0	0.0
SRR4296274	18600995	12.3336	0.0	0.427	0.0	0.0
SRR21021733	29884610	1.318	6.6145	3.4093	0.0	0.0
SRR25254670	22949776	0.0	1.5091	0.2931	0.0	0.0
SRR33099183	24298129	0.0	7.6046	3.1804	0.0	0.0
SRR10034003	28374107	8.0748	0.0	0.6118	0.0	0.0
SRR16382585	22100428	0.4062	4.221	0.0	0.0	0.0
ERR15368211	73947256	0.0	7.2542	0.3414	0.0	0.0
SRR11566052	2195403	0.0	8.3334	0.0	0.0	0.0
SRR14785364	64670603	0.0	11.1471	0.1868	0.0	0.0
ERR12177331	29373492	0.0	0.0	8.6576	0.0	0.0
SRR9051261	3661801	1.0492	0.0	3.1145	0.0	0.0
SRR10017211	25129342	0.0	3.8561	0.0	0.0	0.0
SRR33516353	23400090	0.0	2.3791	0.1169	0.0	0.0
SRR29126135	343320	0.1165	5.3178	0.4168	0.0	0.0
ERR9009179	826205	0.0	0.0	3.5134	0.0	0.0
SRR7267306	6061880	1.7097	0.0	0.4675	0.0	0.0
SRR15500773	20221808	2.1955	0.0	0.5328	0.0	0.0
SRR39573512	25395986	0.1031	3.0038	0.0	0.0	0.0
SRR17456166	26066135	0.0	22.5426	1.2888	0.0	0.0
SRR3371843	15258973	0.0	22.6512	0.0	0.0	0.0
SRR8528412	17160684	0.0	2.7229	0.0	0.0	0.0
SRR9151634	20806527	0.0	2.9443	0.9239	0.0	0.0
SRR10193527	25323574	0.0	2.9125	0.0	0.0	0.0
SRR6292049	9546884	30.663	0.0	0.0	0.0	0.0
SRR13566513	21987847	0.0	3.8315	0.1702	0.0	0.0
SRR39147268	24247435	2.389	6.6904	0.6665	0.0	0.0
SRR28000269	23168228	0.0	4.607	0.878	0.0	0.0
SRR17310136	6624629	0.0	0.0	3.2493	0.0	0.0
SRR17310139	6096528	0.0	0.0	3.2771	0.0	0.0
SRR17310142	6009127	0.0	0.0	3.2581	0.0	0.0
SRR23628289	40231894	0.0	2.2132	0.0	0.0	0.0
DRR784928	25763505	0.0	7.0024	0.4479	0.0	0.0
SRR15886075	50537208	0.0	38.3244	0.2983	0.0	0.0
SRR36186737	23832245	0.4214	3.388	0.1278	0.0	0.0
SRR10148811	29806263	0.0	5.5795	0.4433	0.0	0.0
SRR10148813	34330787	0.0	5.5595	0.1796	0.0	0.0
SRR10148812	30340193	0.0	5.5885	0.4425	0.0	0.0
SRR27323046	2600605	0.0	14.7532	2.6431	0.0	0.0
SRR30610617	19975693	0.0	0.2187	18.4214	0.0	0.1487
SRR38271978	23808924	0.0	12.0743	1.1692	0.0	0.0
SRR38858537	36512040	2.3149	0.0	2.27	0.0	0.0
SRR19243512	53138464	8.4979	0.0	1.7667	0.0	0.0
SRR25859255	38066221	0.0	0.0	8.8322	0.0	0.0
SRR27322884	3320468	0.0	9.9622	1.3565	0.0	0.0
SRR31646417	22694275	0.0	12.7272	0.2474	0.0	0.0
SRR35650315	16032326	0.0	3.2016	0.3952	0.0	0.0
SRR34093542	21005954	0.0	2.604	0.0	0.0	0.0
SRR27332060	2632800	0.0	17.1541	0.7086	0.0	0.0
SRR19631999	40939756	0.0	5.8618	0.0	0.0	0.0
SRR22858683	23587390	0.0	19.9297	1.0817	0.0	0.0
SRR32909018	20296872	0.0	4.7612	0.6289	0.0	0.0
SRR35262459	40159481	6.1244	0.0	0.6665	0.0	0.0
DRR897989	19773330	0.0	59.066	0.0	0.0	0.0
SRR14614669	16467413	0.0	2.6424	0.3507	0.0	0.0
SRR16562492	21138950	0.0	1.5195	0.138	0.0	0.0
SRR11931232	24939062	0.0	10.8981	0.261	0.0	0.0
SRR13167991	37080365	36.5978	0.0	0.4915	0.0	0.0
SRR7513194	25671149	0.0	9.2066	0.0	0.0	0.0
SRR1693416	30288287	0.0	3.9449	4.7417	0.0	0.0
SRR13566499	20140052	0.0	3.7789	0.0	0.0	0.0
SRR10161832	21140091	37.7782	0.0	0.245	0.0	0.0
SRR8115238	11926746	0.0	5.2628	0.1351	0.0	0.0
SRR25998757	47019424	2.5689	0.0	2.4372	0.0	0.0
SRR10448340	10393175	3.2561	79.6797	3.8863	0.0	0.0
ERR2560192	20481257	0.1356	26.5457	1.4414	0.0	0.0
SRR16206401	23479622	0.0	18.4033	1.672	0.0	0.0
SRR13786838	30090419	0.0	0.0	29.8106	0.0	0.0
SRR24003674	33090378	0.0	4.0055	3.734	0.0	0.0
SRR26081830	21486807	0.0	21.3817	0.372	0.0	0.0
DRR853910	18777457	13.5491	0.0	5.1622	0.0	0.0
SRR7267065	807029	2.4543	0.0	0.0	0.0	0.0
SRR7195199	29622789	2.6584	0.0	0.0	0.0	0.0
SRR26857522	30692228	0.7077	2.6545	14.303	0.0	0.0
SRR8309979	22643269	4.0151	0.0	0.2866	0.0	0.0
SRR12624257	4531763	2.9067	0.0	0.3273	0.0	0.0
SRR12624256	2084957	3.207	0.0	0.3329	0.0	0.0
SRR22958641	3817874	0.0	1.2159	0.8117	0.0	0.0
SRR7266156	4093158	2.6144	0.0	0.4094	0.0	0.0
SRR34300158	31311493	7.7214	0.4166	6.1291	0.0	0.0
SRR3999601	7167289	1.2884	0.0	0.0	0.0	0.0
SRR3999602	7049816	1.2945	0.0	0.0	0.0	0.0
SRR3999603	7409687	1.2981	0.0	0.0	0.0	0.0
SRR3999604	7184268	1.2981	0.0	0.0	0.0	0.0
SRR9134370	27947764	0.0	5.8882	2.7838	0.0	0.0
SRR27323263	6705339	0.0	1.4281	1.5382	0.0	0.0
SRR22016208	44272594	0.1796	0.0	0.7512	10.7292	0.0
SRR17916453	16531840	46.4447	0.0	0.2846	0.0	0.0
SRR19632021	41114538	0.0	2.128	0.0	0.0	0.0
SRR5133196	22931821	0.0	1.4415	0.2281	0.0	0.0
SRR13900320	32228624	0.9504	0.0	4.263	11.7246	0.0
DRR360283	12243488	2.5851	0.0	0.238	0.0	0.0
SRR11462949	88601418	0.0	2.5765	0.6948	0.0	0.0
SRR9656474	21473742	0.0	3.2507	0.0	0.0	0.0
SRR7507944	4738105	0.0	1.6158	0.0	0.0	0.0
SRR10448359	254472	4.0794	24.4023	3.5411	0.0	0.0
SRR38881093	35106281	0.0	24.5811	2.3605	0.0	0.0
SRR5166315	13121621	2.844	0.0	0.0	0.0	0.0
SRR31627696	49585140	8.4727	0.0	0.4486	0.0	0.0
SRR13618730	66958780	0.0	0.0	1.2622	0.0	0.0
SRR6308304	8720042	9.2084	0.0	0.0	0.0	0.0
DRR736976	21814620	0.0	2.895	0.0	0.0	0.0
SRR38176507	25322156	0.0	20.667	1.3614	0.0	0.0
SRR5363204	48280844	0.0	0.0	10.5804	0.0	0.0
SRR23797913	32527449	0.0	16.2346	0.1137	0.0	0.0
SRR28111332	22653329	4.6207	0.0	3.1071	0.0	0.0
SRR21411867	20583484	0.0	1.5633	1.1263	0.0	0.0
SRR7644349	28205114	1.9605	0.0	0.0	0.0	0.0
SRR25996494	27257105	0.0	1.8351	1.7535	0.0	0.0
SRR11462962	65626392	0.0	1.548	2.28	0.0	0.0
SRR31831717	21897582	0.0	1.0701	1.1775	0.0	0.0
SRR3623306	81968	4.7909	0.0	0.0	0.0	0.0
SRR27305177	2116520	0.1031	4.896	0.3254	0.0	0.0
SRR11563879	28742955	0.191	3.1715	2.1464	0.0	0.0
SRR31669357	12248506	0.0	6.9958	1.623	0.0	0.0
SRR11431600	26309339	0.0	28.4424	0.2104	0.0	0.0
SRR14853850	29363801	17.6669	0.0	2.4692	0.0	0.0
SRR24956685	9505754	0.0	0.0	22.3593	0.0	0.0
SRR11521337	578872	0.0	21.312	1.3934	0.0	0.0
SRR10161839	7646166	41.7963	0.0	0.1905	0.0	0.0
SRR30166076	23787095	0.0	5.2214	0.0	0.0	0.0
SRR35303525	35037470	0.0	1.5498	1.2896	0.0	0.0
SRR25209541	20958958	0.0	3.5179	0.0	0.0	0.0
SRR14703397	33	0.0	93.9394	0.0	0.0	0.0
SRR36194762	26363778	5.464	0.0	1.3988	0.0	0.0
SRR16039166	32802467	0.0	9.8254	1.0728	0.0	0.0
SRR1756762	82699536	7.5228	0.0	6.9702	0.0	0.0
SRR16929562	20893206	0.0	16.2153	0.0	0.0	0.0
SRR24874028	22916704	0.0	1.8573	2.2383	0.0	0.0
SRR14729152	20939826	0.0	7.5814	0.8524	0.0	0.0
SRR29384943	36387374	1.552	0.0	1.7208	0.0	0.0
SRR7265993	1417980	8.9552	0.0	0.3085	0.0	0.0
ERR10886985	61121251	9.3896	0.127	0.1449	0.0	0.0
SRR26343022	58239874	0.0	16.0338	2.937	0.0	0.0
SRR34300105	32304611	4.1558	0.0	5.7999	0.0	0.0
SRR16938944	16078343	0.0	58.5791	0.4266	0.0	0.0
ERR10926675	79222034	8.1365	0.0	0.3407	0.0	0.0
SRR12354821	21212295	0.0	7.2489	3.9762	0.0	0.0
SRR17318672	24198411	0.0	3.669	0.1751	0.0	0.0
SRR38980056	39296618	0.0	7.067	0.0	0.0	0.0
ERR5709402	27956509	0.0	2.8345	0.4053	0.0	0.0
SRR25301124	24995864	0.2811	2.5824	5.8421	0.0	0.0
SRR10987658	25175051	0.2916	11.9255	0.1868	0.0	0.0
SRR29289935	30076874	0.0	21.2606	0.9008	0.0	0.0
ERR2695980	6121246	0.0	90.1642	1.3433	0.0	0.0
SRR21237712	22056533	0.0	26.2296	0.9381	0.0	0.0
SRR33516222	24080621	0.0	3.1981	0.1152	0.0	0.0
SRR7267189	273738	18.7873	0.0	0.1808	0.0	0.0
SRR7172337	26472990	19.2331	0.0	0.0	0.0	0.0
ERR14835970	38200155	59.7198	0.0	3.1591	0.0	0.0
SRR26617462	44533265	0.0	1.7244	0.0	0.0	0.0
SRR34300116	36956338	3.4367	0.0	8.9029	0.0	0.0
ERR10886986	59264213	9.4218	0.1264	0.1399	0.0	0.0
SRR8357723	16455969	2.1271	0.0	0.0	0.0	0.0
SRR34499401	31447712	0.0	0.0	9.9363	0.0	0.0
SRR16925058	24664889	0.0	7.2301	0.1463	0.0	0.0
SRR30202431	20243549	0.0	5.773	0.0	0.0	0.0
SRR19897816	22056050	1.9351	0.0	1.2935	0.0	0.0
SRR18355666	24852911	0.0	4.2684	0.5614	0.0	0.0
ERR11669007	46495783	0.0	2.548	0.0	0.0	0.0
SRR24657681	20891725	0.0	22.383	0.407	0.0	0.0
SRR8755877	25718449	0.0	1.6781	0.1337	0.0	0.0
SRR16552247	6328075	0.1179	37.93	1.6171	0.0	0.0
SRR19412896	49236479	0.0	3.5209	6.5909	0.0	0.0
SRR27297741	1537923	0.0	3.3151	0.7102	0.0	0.0
SRR27332083	3266841	0.0	5.7845	0.8919	0.0	0.0
SRR28288559	23246557	0.0	7.6591	11.1594	0.0	0.0
SRR12316354	9152462	0.0	25.2835	2.4979	0.0	0.0
DRR897958	20778919	0.0	32.1108	0.1815	0.0	0.0
SRR7264895	1268230	6.3291	0.0	1.3867	0.0	0.0
ERR10691686	4626662	0.0	4.3022	4.7016	0.0	0.0
SRR12054323	33337806	9.2734	0.0	0.3143	0.0	0.0
SRR24019262	8971334	0.0	0.0	97.4256	0.0	0.0
SRR24956517	15476992	0.0	0.0	14.5431	0.0	0.0
SRR36610581	20049075	4.4874	0.7568	0.423	0.0	0.0
SRR39011504	41576898	0.0	0.0	3.4084	0.0	0.0
SRR27331593	2595989	0.0	8.5396	0.5873	0.0	0.0
SRR36790446	27932588	0.0	6.2088	0.4801	0.0	0.0
SRR26329868	21175555	0.0	33.1338	0.572	0.0	0.0
SRR6925828	20254002	1.9936	0.0	0.0	0.0	0.0
SRR9134307	37125739	0.0	2.1769	6.393	0.0	0.0
SRR9970192	24123789	0.0	2.0028	1.2788	0.0	0.0
SRR21354784	443992	0.0	6.6418	2.1217	0.0	0.0
SRR17916426	18555989	32.358	0.0	0.3177	0.0	0.0
SRR30795870	53817319	0.0	26.1515	0.9612	0.0	0.0
SRR32573183	23515411	0.0	1.1132	0.6913	0.0	0.0
SRR12546087	9915057	0.0	24.3046	0.1155	0.0	0.0
SRR12160893	28562173	0.0	21.9944	0.1193	0.0	0.0
SRR24737301	45027021	6.4427	0.0	0.2243	0.0	0.0
ERR2695984	5696364	0.0	62.5761	1.99	0.0	0.0
SRR8078943	36669917	1.5279	0.0	0.0	0.0	0.0
SRR17183619	26276558	12.4668	0.0	0.4832	0.0	0.0
SRR25516707	124969530	0.0	2.2496	2.0958	0.0	0.0
SRR22201524	35069690	0.0	81.3443	6.2148	0.0	0.0
SRR13084373	27584053	0.0	0.0	0.2807	1.1253	0.0
SRR31323427	29815279	0.0	1.1944	0.7798	0.0	0.0
SRR10161820	10287725	8.1355	0.0	0.7986	0.0	0.0
SRR25522719	37928918	0.0	0.0	3.4359	0.0	0.0
SRR14673823	19200311	1.8692	0.0	0.6511	0.0	0.0
SRR11364566	26941449	2.6095	0.0	0.8356	0.0	0.0
SRR20083567	26100791	0.0	1.319	1.5643	0.0	0.0
SRR37325352	60057790	1.6241	0.0	1.8556	0.0	0.0
SRR8528411	17253551	0.0	2.7239	0.0	0.0	0.0
SRR21820040	45381496	0.0	0.0	3.9167	0.0	0.0
SRR23100391	25615182	0.0	1.0303	1.694	0.0	0.0
SRR36790404	28066740	0.0	4.2384	1.5811	0.0	0.0
SRR31669320	12602025	0.0	2.8743	2.756	0.0	0.0
SRR13346889	28977537	0.0	1.3501	1.7594	0.0	0.0
SRR9134372	24398832	0.0	7.784	2.2629	0.0	0.0
SRR1582140	16523712	30.3797	0.0	0.0	0.0	0.0
SRR1582148	12472982	14.2732	0.0	0.0	0.0	0.0
SRR31669274	11059040	0.0	10.9493	2.0548	0.0	0.0
SRR7266150	3507708	1.5981	0.0	0.0	0.0	0.0
SRR9120830	28124649	0.0	27.474	0.0	0.0	0.0
SRR36186708	23843504	0.0	4.3004	0.1511	0.0	0.0
SRR34169802	50130223	0.0	23.3347	2.0444	0.0	0.0
SRR36292503	36417806	5.1925	2.1607	5.8422	0.0	0.0
SRR26821491	22010010	1.8754	4.3101	0.1905	0.0	0.0
SRR23261151	9307706	0.0	0.0	21.1221	0.0	0.0
SRR35332865	114492708	10.6145	0.0	0.3187	0.0	0.0
SRR16039169	25505681	0.0	5.361	0.2122	0.0	0.0
SRR18171582	48732900	12.9741	0.0	0.4223	0.0	0.0
SRR36467001	23779887	0.0	41.4957	0.2143	0.0	0.0
SRR23261152	9385202	0.0	0.0	21.5264	0.0	0.0
SRR11947556	32354115	28.1321	0.0	1.0557	0.0	0.0
SRR19435294	22773824	0.0	17.161	0.5775	0.0	0.0
SRR26329865	18772425	0.0	24.0432	1.6975	0.0	0.0
SRR19217568	21975937	1.3663	0.0	2.1463	0.0	0.0
SRR22523758	21123266	2.0282	0.0	0.0	0.0	0.0
SRR20728016	35056674	0.0	9.2933	0.0	0.0	0.0
SRR7265029	642448	8.3629	0.0	0.0	0.0	0.0
SRR11565955	2174571	0.0	2.6745	0.4307	0.0	0.0
SRR13959611	21487854	5.7264	0.0	0.8659	0.0	0.0
SRR7195194	28266030	2.7934	0.0	0.0	0.0	0.0
SRR17456136	25559155	0.0	5.4824	3.3834	0.0	0.0
SRR12245838	24846913	0.7982	13.4121	0.2512	0.0	0.0
SRR6292047	30315743	14.289	0.0	0.2235	0.0	0.0
SRR17916418	16552655	11.1904	0.0	0.2223	0.0	0.0
SRR29289947	29949227	0.0	31.8191	0.9011	0.0	0.0
ERR11650684	2641359	0.0	1.1284	0.9534	0.0	0.0
SRR28511631	24197960	3.3283	0.0	0.2517	0.0	0.0
ERR10962786	16373780	2.1808	0.0	0.9471	0.0	0.0
SRR7265055	1504340	2.0814	0.0	0.1458	0.0	0.0
SRR11791279	31927734	0.0	2.7297	5.0911	0.0	0.0
SRR32806004	31897586	7.4191	0.0	0.6724	0.0	0.0
SRR23852735	36386	0.0	39.5537	0.764	0.0	0.0
SRR866237	26898372	0.0	1.0056	0.0	0.0	0.0
SRR28486099	23277907	0.1279	3.5737	0.0	0.0	0.0
SRR26329862	16004687	0.0	2.5422	2.1997	0.0	0.0
SRR31323367	21319045	0.0	1.476	0.9263	0.0	0.0
SRR32959954	20591038	9.2187	0.0	0.7203	0.0	0.0
SRR11809773	30060319	0.0	23.7732	0.8546	0.0	0.0
SRR35731911	29775992	0.1608	3.4384	2.6614	0.0	0.0
SRR23529962	22967636	0.0	2.2208	0.1042	0.0	0.0
SRR10448358	2227989	1.0418	44.1198	16.0995	0.0	0.0
SRR8786167	43155825	0.0	2.3413	0.7285	0.0	0.0
SRR36608492	21763787	0.0	20.2574	0.5358	0.0	0.0
SRR8749365	55323098	0.0	87.9362	0.794	0.0	0.0
SRR34421102	23389888	0.0	1.692	0.0	0.0	0.0
SRR30166077	23963062	0.0	17.9946	0.0	0.0	0.0
SRR23758756	27330606	0.0	0.0	0.2636	4.6515	0.0
SRR33928045	24088897	1.6127	2.3547	0.2193	0.0	0.0
SRR23598365	46991724	2.9152	0.0	2.2777	0.0	0.0
SRR36933157	18549970	0.0	2.2167	4.6336	0.0	0.0
SRR31627693	50037192	8.728	0.0	0.5323	0.0	0.0
SRR14812932	35293176	23.2317	0.0	1.2668	0.0	0.0
SRR12169388	22171225	1.7803	0.0	2.2954	0.0	0.0
SRR1779462	5831330	0.0	2.1817	0.0	0.0	0.0
SRR8080642	22201985	0.0	6.2309	0.0	0.0	0.0
SRR13298291	44941724	0.0	24.6537	0.1174	0.0	0.0
SRR32514823	19598892	0.0	7.4347	0.4531	0.0	0.0
SRR27323344	4015124	0.0	34.2739	2.1809	0.0	0.0
SRR7507879	4697221	0.0	2.7277	0.0	0.0	0.0
SRR14710543	109224416	0.0	2.2754	0.0	0.0	0.0
SRR25522775	23754926	0.0	0.0	2.3922	0.0	0.0
SRR25402453	1742211	1.404	3.4922	5.1068	0.0	0.0
SRR11574314	2180107	0.0	1.935	0.4153	0.0	0.0
SRR37874267	24557601	0.0	12.549	0.5308	0.0	0.0
SRR14865774	33868573	0.0	17.4028	0.8129	0.0	0.0
SRR29290341	30557911	3.6599	0.0	0.314	0.0	0.0
SRR15614358	24646871	0.0	3.4475	2.2887	0.0	0.0
SRR4128962	11682968	0.0	3.8151	0.1033	0.0	0.0
SRR26321444	16351621	0.0	4.4815	0.0	0.0	0.0
DRR260988	8457027	0.0	1.7094	1.0848	0.0	0.0
SRR23912214	23144142	0.0	20.8705	0.1455	0.0	0.0
SRR11566062	3468796	0.0	1.122	0.0	0.0	0.0
SRR23852715	55232	0.0	60.809	0.7803	0.0	0.0
SRR26081306	38761814	0.0	4.8488	1.3773	0.0	0.0
SRR29289946	29825409	0.0	10.5494	1.2435	0.0	0.0
SRR7264843	1301044	4.172	0.0	0.0	0.0	0.0
SRR5288605	41490295	0.0	0.0	0.0	0.0	0.0
SRR11574169	1994296	0.0	1.4354	0.2168	0.0	0.0
SRR31319059	47296	0.0	4.734	0.9367	0.0	0.0
SRR23907401	24195269	0.0	2.2418	0.5552	0.0	0.0
SRR10135878	3904076	0.0	11.6283	0.1567	0.0	0.0
SRR28479981	33970243	0.0	2.9829	0.2436	0.0	0.0
SRR16480643	32565226	0.0	5.0951	9.4143	0.0	0.0
SRR32838633	20264323	0.1585	18.0336	3.0992	0.0	0.0
SRR8309931	27364677	2.0363	0.0	0.1799	0.0	0.0
SRR17731618	20827590	0.0	4.0582	0.0	0.0	0.0
SRR29384871	35442602	1.2125	0.0	2.7015	0.0	0.0
SRR39368712	20921758	0.0	1.5822	2.2793	0.0	0.0
SRR26038035	50512566	2.5272	0.0	0.4605	0.0	0.0
SRR24415106	36652571	0.0	19.8708	0.6732	0.2357	0.0
SRR12546063	14230460	0.0	45.3347	0.0	0.0	0.0
SRR15607736	23073822	0.0	0.0	0.612	3.897	0.0
SRR28785888	4369825	0.0	33.5011	20.5797	0.0	0.0
SRR23502986	20530943	0.0	2.3014	0.4031	0.0	0.0
SRR8457031	44138041	0.0	23.2189	0.0	0.0	0.0
SRR12079413	28164626	6.2407	0.0	1.7192	0.0	0.0
SRR31488140	63734764	2.3815	0.0	1.5476	0.0	0.0
SRR37513063	52636957	22.9741	0.0	0.2114	0.0	0.0
SRR23797938	30691909	0.0	2.1517	0.1045	0.0	0.0
SRR5387759	23512866	0.0	1.8735	0.0	0.0	0.0
SRR15838471	52574694	2.4418	0.0	1.5982	0.0	0.0
SRR31646426	22705176	0.0	9.7746	0.3326	0.0	0.0
SRR7264939	803931	3.8687	0.0	3.5889	0.0	0.0
ERR14835959	22926015	67.2347	0.0	1.8608	0.0	0.0
SRR36194760	26889733	3.8886	0.0	2.105	0.0	0.0
SRR20997978	19641019	0.0	19.0369	0.1469	0.0	0.0
SRR30310352	23547095	0.0	32.0915	0.3145	0.0	0.0
SRR29011737	25131883	0.0	1.2003	0.0	0.0	0.0
SRR34865681	24144386	0.0	0.0	1.5454	0.0	0.0
SRR37072223	20540963	56.7465	2.9771	0.0	0.0	0.0
SRR7264833	1396594	1.6586	0.0	0.0	0.0	0.0
SRR23261123	10682883	0.0	0.0	17.7765	0.0	0.0
SRR23261124	10720195	0.0	0.0	18.5358	0.0	0.0
SRR35208675	21231462	0.0	1.324	1.8207	0.0	0.0
SRR3571673	88304930	12.8197	0.0	0.0	0.0	0.0
SRR17267251	18861507	7.2239	0.0	0.4923	0.0	0.0
SRR12546075	11608298	0.0	25.2091	0.0	0.0	0.0
SRR30570088	63082420	55.7935	4.2235	0.2689	0.0	0.0
SRR7267091	1249810	1.629	0.0	0.0	0.0	0.0
DRR764044	24117178	0.1708	0.0	0.4707	1.4132	0.0
SRR31323418	22791311	0.0	3.6592	0.1951	0.0	0.0
SRR29384833	37211515	3.6095	0.0	0.4823	0.0	0.0
SRR7170800	31864516	3.9166	0.0	2.0273	0.0	0.0
SRR32081252	19480355	0.0	4.4104	3.7607	0.0	0.0
SRR29289945	29119623	0.0	13.8127	1.7488	0.0	0.0
SRR14803596	27250436	0.0	13.9045	3.8398	0.0	0.0
ERR10886922	52583111	10.0931	0.0	0.3483	0.0	0.0
DRR999033	20595029	0.0	1.0028	0.3975	0.0	0.0
SRR3383775	10807441	4.4953	0.0	0.0	0.0	0.0
SRR29665063	22052653	1.7415	0.0	1.06	0.0	0.0
SRR36492393	8738682	0.0	0.0	16.2709	0.0	0.0
SRR35893139	26233108	0.0	6.1539	0.9935	0.0	0.0
SRR27326369	2579834	2.5974	0.0	1.0959	5.5545	0.0
SRR21082822	61429178	0.0	0.0	0.2749	5.5404	0.0
ERR3627233	71702056	0.0	0.0	1.9637	73.2303	0.0
SRR22183679	43306106	3.1457	0.0	0.4668	0.0	0.0
SRR6186198	23352450	2.4841	0.0	0.0	0.0	0.0
SRR16611326	26319075	12.277	0.0	0.4231	0.0	0.0
SRR3098378	17336009	5.5914	0.0	0.0	0.0	0.0
SRR7266163	994963	2.5646	0.0	0.1396	0.0	0.0
ERR2695977	11835590	0.0	22.6664	3.6045	0.0	0.0
SRR13308552	22241136	0.0	2.5856	1.1027	0.0	0.0
SRR34326493	18636875	0.1103	3.7027	0.5475	0.0	0.0
SRR27326329	1567188	0.2588	0.0	1.2463	9.0106	0.0
SRR32622708	21723027	1.3129	0.0	0.5283	0.0	0.0
SRR17951568	35198140	8.8335	0.0	0.68	0.0	0.0
SRR34326330	5749930	0.0	2.6042	0.231	0.0	0.0
SRR9919018	22858362	0.0	2.7491	0.1779	0.0	0.0
SRR28415838	21853995	0.0	4.3385	0.3685	0.0	0.0
SRR5871162	32176589	50.7469	0.0	0.2641	0.0	0.0
SRR8191354	16490974	1.3297	0.0	0.0	0.0	0.0
SRR8984110	56420024	36.1248	0.0	3.6553	0.0	0.0
SRR15742937	24319792	0.1462	0.0	1.6581	14.7844	0.0
SRR19226137	28594016	0.0	4.8213	0.0	0.0	0.0
SRR21021806	34880872	0.0	1.5711	0.6771	0.0	0.0
SRR8944223	25940175	5.4899	0.0	0.3086	0.0	0.0
SRR32920595	19977444	43.7851	6.1945	1.009	0.0	0.0
SRR17310091	6424836	0.0	0.0	3.0129	0.0	0.0
SRR10135150	14311281	0.0	1.7812	0.1306	0.0	0.0
SRR7408301	22096226	0.0	1.2862	0.0	0.0	0.0
DRR1054161	36034485	0.0	0.0	6.8386	0.0	0.0
SRR7267100	933574	8.9437	0.0	0.3825	0.0	0.0
DRR784930	23924069	0.0	23.4996	0.3194	0.0	0.0
SRR16480650	27597716	0.0	5.482	9.6766	0.0	0.0
SRR15693788	22440466	30.3657	0.0	0.0	0.0	0.0
SRR24019248	19811521	0.0	0.0	16.2593	0.0	0.0
SRR28797226	30386173	0.0	4.2619	0.1922	0.0	0.0
SRR8432576	10706588	5.0353	0.0	0.1357	0.0	0.0
SRR36292474	35592709	1.3728	0.4346	6.0696	0.0	0.0
SRR17183618	27842374	15.2615	0.0	0.4017	0.0	0.0
SRR7644329	24366861	4.9436	0.0	0.205	0.0	0.0
SRR33516657	26473108	0.0	2.3368	0.2433	0.0	0.0
SRR16709574	35094423	0.0	3.3751	0.3602	0.0	0.0
DRR730068	35276853	0.1778	17.0557	1.0222	0.0	0.0
SRR22975698	21612792	8.9737	0.0	0.9334	0.0	0.0
DRR736967	19291758	0.0	3.2057	0.0	0.0	0.0
SRR6398527	959971	0.0	27.1671	1.0085	0.0	0.0
SRR5448194	20634167	0.0	10.3179	0.2001	0.0	0.0
SRR3724162	30097213	9.0765	0.0	0.3603	0.0	0.0
SRR36186707	23856805	0.0	2.9587	0.16	0.0	0.0
SRR12245826	32012691	0.0	1.9658	0.2025	0.0	0.0
SRR27326332	1391413	0.0	1.4476	1.9657	0.0	0.0
ERR4369170	20790834	0.0	2.0587	0.7652	0.0	0.0
SRR26264137	22759143	0.0	5.6942	2.4632	0.0	0.0
SRR34326322	4010777	0.0	3.2794	0.0	0.0	0.0
SRR7264974	1773931	1.3426	0.0	0.0	0.0	0.0
SRR18083504	3849122	21.81	7.2721	3.8395	0.0	0.0
ERR12138253	46610696	0.0	2.4634	0.8075	0.0	0.0
SRR31319040	5109122	0.0	6.8358	7.4957	0.0	0.0
SRR35430841	11970709	0.0	16.2655	0.3031	0.0	0.0
SRR8984410	27126224	0.0	1.2493	0.1181	0.0	0.0
SRR6347983	25371935	0.0	0.0	4.6481	0.0	0.0
SRR13069807	28506717	0.0	1.2718	0.0	0.0	0.0
SRR23907404	32225890	0.0	2.0311	0.5788	0.0	0.0
SRR35533173	28901422	0.0	2.2339	0.2232	0.0	0.0
SRR27842074	51331800	0.0	2.071	4.4219	0.0	0.0
SRR3734872	875226	70.5332	0.0	0.9951	0.0	0.0
SRR25046113	24072054	0.0	1.1006	0.1002	0.0	0.0
SRR7267171	1973646	7.9956	0.0	0.2885	0.0	0.0
SRR12698802	11992912	0.0	0.0	2.6867	0.0	0.0
ERR11783882	55012357	22.2982	0.0	3.7473	0.0	0.0
SRR19213872	4935682	0.0	1.5998	0.2502	0.0	0.0
SRR11176668	45137531	0.0	5.9146	0.0	0.0	0.0
SRR10160943	18061307	0.0	60.2344	1.8787	0.0	0.0
SRR28560590	32586547	0.0	5.3918	0.0	0.0	0.0
DRR988067	22838816	0.0	2.1827	0.1756	0.0	0.0
SRR7267197	1138923	1.8291	0.0	0.0	0.0	0.0
ERR10886951	55389174	11.9888	0.0	0.1653	0.0	0.0
SRR27331633	3651379	0.3072	20.0528	0.692	0.0	0.0
SRR31319071	239740	0.0	9.2492	0.9022	0.0	0.0
SRR7507909	4722369	0.0	2.7373	0.0	0.0	0.0
SRR10448339	315173	9.806	68.2819	1.2292	0.0	0.0
SRR11574372	1558989	0.0	3.0723	0.5652	0.0	0.0
SRR31112674	24682243	12.6754	0.0	0.2312	0.0	0.0
SRR22424720	29965605	0.0	2.8984	2.3578	0.0	0.0
SRR28208940	23891808	0.0	1.7121	0.7497	0.0	0.0
SRR20750857	297079	0.0	1.3932	3.6664	0.0	0.0
SRR37325387	60069058	1.4093	0.0	0.3265	0.0	0.0
SRR21021593	23814360	0.0	2.263	1.9315	0.0	0.0
SRR4296280	18665097	12.2385	0.0	0.4537	0.0	0.0
SRR30125660	24362122	0.0	59.4979	0.776	0.0	0.0
SRR28097692	63675841	0.0	2.4401	0.2133	0.0	0.0
SRR4032341	5278071	0.0	26.9419	0.0	0.0	0.0
SRR3098098	9087564	5.7863	0.0	0.2502	0.0	0.0
SRR10291747	51752926	1.1686	0.0	0.5135	0.0	0.0
SRR11574266	3863698	0.0	3.9927	0.2911	0.0	0.0
SRR20438156	24278600	1.3489	0.0	1.4585	0.0	0.0
SRR8743056	21808886	2.0631	0.0	0.0	0.0	0.0
SRR3485262	27543082	0.0	1.7758	0.0	0.0	0.0
SRR8457040	41078282	0.0	29.8449	0.0	0.0	0.0
SRR30498906	37909725	2.51	0.0	6.7268	0.0	0.0
SRR37452313	22080024	46.1997	0.0	0.0	0.0	0.0
SRR31646423	22406279	0.0	5.2634	0.4075	0.0	0.0
SRR11622378	547580	0.0	53.9706	8.0664	0.0	0.0
SRR20337015	13944686	0.0	45.1282	0.8499	0.0	0.0
SRR26931927	31252289	0.0	5.4779	2.3541	0.0	0.0
SRR38194320	73003724	85.1748	0.0	0.2876	0.0	0.0
SRR30708814	27034315	0.1382	16.4674	1.3974	0.0	0.0
SRR17157049	33743067	0.0	8.7198	2.5925	0.0	0.0
SRR8871494	23916301	3.5638	0.0	0.1071	0.0	0.0
SRR27298259	1338298	0.0	13.2881	0.8317	0.0	0.0
SRR16611317	23300580	11.4245	0.0	0.2039	0.0	0.0
SRR3925775	12211747	0.0	1.5763	0.0	0.0	0.0
SRR23628278	43536425	0.0	1.3505	0.0	0.0	0.0
SRR31801786	19952888	0.0	2.3881	0.7563	0.0	0.0
SRR33516677	41071539	0.0	12.5709	0.5279	0.0	0.0
SRR7507937	4521174	0.0	3.4779	0.111	0.0	0.0
SRR16156341	10672081	42.2126	0.0	0.4751	0.0	0.0
SRR31596362	24071586	0.0	7.2568	0.1106	0.0	0.0
SRR37385187	13535688	0.0	77.0402	0.7636	0.0	0.0
SRR13134705	21783111	0.0	26.7839	0.4656	0.0	0.0
SRR32389828	46657254	0.0	2.7647	0.2078	0.0	0.0
SRR7267293	272989	3.0591	0.0	0.1352	0.0	0.0
SRR13298297	39895848	0.0	15.6013	0.0	0.0	0.0
SRR6395492	67048738	83.6636	0.0	0.9986	0.0	0.0
SRR34326323	5146305	0.0	1.9854	0.0	0.0	0.0
SRR17325833	23154700	0.0	47.3554	0.0	0.0	0.0
SRR17456158	24883759	0.0	9.3111	2.9847	0.0	0.0
SRR8432588	9078310	3.3362	0.0	0.1157	0.0	0.0
SRR10599096	27177293	0.0	4.0845	0.0	0.0	0.0
SRR12899064	21166081	0.0	57.7401	0.1084	0.0	0.0
SRR11066777	23626453	8.7658	0.0	0.2937	0.0	0.0
SRR9680698	36923761	0.0	4.8652	0.0	0.0	0.0
SRR16022038	23441539	0.0	1.3647	0.0	0.0	0.0
SRR23628302	42382157	0.0	2.9552	0.0	0.0	0.0
SRR34300133	37143165	4.1159	0.0	7.8276	0.0	0.0
SRR21021604	34176545	0.0	1.8959	0.1906	0.0	0.0
SRR23719620	22924125	0.0	1.2657	0.3346	0.0	0.0
SRR866043	9127089	0.0	2.0229	0.0	0.0	0.0
SRR36910212	37755806	2.4501	0.0	3.0452	0.0	0.0
SRR21021723	33771071	0.0	1.0294	0.7147	0.0	0.0
ERR10886949	58609767	3.03	0.0	0.2735	0.0	0.0
SRR19055238	27062040	68.6208	0.0	1.5784	0.0	0.0
SRR25254664	24113977	0.0	2.8001	0.9338	0.0	0.0
SRR34326357	3423895	0.0	4.2784	0.0	0.0	0.0
SRR14674050	13925423	1.5536	0.0	2.0498	0.0	0.0
SRR23096783	6286534	0.0	1.5142	41.7021	0.0	0.0
SRR24633716	20476884	0.0	6.5786	0.7861	0.0	0.0
SRR37899646	50371055	0.0	2.4548	3.2271	0.0	0.0
SRR17456148	27351729	0.0	4.8588	2.4066	0.0	0.0
SRR34061844	37611064	0.0	5.9923	0.1302	0.0	0.0
SRR7873413	62626466	6.2514	0.0	0.0	0.0	0.0
SRR24403397	23710086	0.0	2.4552	0.1904	0.0	0.0
SRR26321449	17712240	0.0	3.7295	0.0	0.0	0.0
SRR37662266	4083457	0.0	7.5194	0.1995	0.0	0.0
SRR11574299	641447	0.0	1.7465	1.0872	0.0	0.0
ERR10926674	87199499	11.2545	0.0	0.194	0.0	0.0
SRR30761551	23299691	0.0	3.3813	0.3098	0.0	0.0
SRR9593764	26668815	0.0	3.7342	0.1907	0.0	0.0
SRR16082439	16283305	1.3498	0.0	0.0	0.0	0.0
SRR23618771	24940018	2.3633	0.3621	1.0125	0.0	0.0
SRR7508079	4409981	0.0	1.1176	0.0	0.0	0.0
ERR10691726	3449008	0.0	5.0149	6.1337	0.0	0.0
SRR13862654	24795192	0.0	5.0957	2.0723	0.0	0.0
SRR26329873	16045970	0.0	6.0435	1.4158	0.0	0.0
SRR23046694	54323327	0.0	10.206	3.3335	0.0	0.0
SRR28926618	33047342	3.3265	0.0	0.1923	0.0	0.0
SRR21021656	28124688	0.0	2.3344	0.977	0.0	0.0
SRR8286649	19478614	3.2113	0.0	0.0	0.0	0.0
SRR29893218	53080591	0.0	1.2187	0.718	0.0	0.0
SRR11809812	30563481	0.0	5.7593	0.2386	0.0	0.0
SRR7267338	1758222	4.8661	0.0	0.0	0.0	0.0
SRR35321449	15185453	3.8321	0.0	0.0	0.0	0.0
SRR30501277	22847271	0.0	2.6947	0.0	0.0	0.0
SRR13569542	51826720	0.0	0.0	2.2655	0.0	0.0
SRR33640261	68521669	0.0	9.8584	0.1555	0.0	0.0
SRR23797929	34671016	0.0	1.9275	0.0	0.0	0.0
SRR30498924	24071356	6.3652	0.0	4.595	0.0	0.0
DRR828903	24584848	0.0	0.0	0.9079	16.6027	0.0
ERR7421532	13616400	46.7569	0.1668	0.5278	0.0	0.0
SRR3383843	10470810	4.2564	0.0	0.0	0.0	0.0
SRR8984423	28734587	0.0	2.7285	0.0	0.0	0.0
SRR39368710	26114486	0.0	3.4346	2.6941	0.0	0.0
SRR22130841	27431778	2.4648	0.0	0.6895	0.0	0.0
SRR25996493	23217976	0.0	1.9935	1.6981	0.0	0.0
SRR31278113	55047689	4.6901	0.0	0.6781	0.0	0.0
SRR35859416	37309619	0.0	7.1225	0.4662	0.0	0.0
SRR10448310	22159779	0.6675	82.9314	0.448	0.0	0.0
SRR13341793	23725837	0.0	1.3208	0.4598	0.0	0.0
SRR7267162	1119936	3.1566	0.0	0.0	0.0	0.0
SRR36986762	71644723	33.1358	0.0	0.5503	0.0	0.0
ERR3791727	45152941	0.0	0.0	11.5559	0.0	0.0
SRR21758828	26552154	5.54	0.0	0.2241	0.0	0.0
SRR6123553	11880223	1.9513	0.0	0.0	0.0	0.0
SRR13298293	44107057	0.0	24.6547	0.1032	0.0	0.0
SRR7264720	1709521	1.6184	0.0	0.0	0.0	0.0
SRR7538215	29398807	0.0	2.2302	0.0	0.0	0.0
SRR20750902	632963	0.0	5.1979	2.3817	0.0	0.0
SRR20114996	20536137	0.0	4.6349	0.0	0.0	0.0
SRR39292876	40873589	0.0	3.8354	0.3525	0.0	0.0
SRR26860116	28441527	52.716	0.0	0.1817	0.0	0.0
SRR28731211	22182855	18.0321	0.664	0.8355	0.0	0.0
SRR12532029	22475352	0.0	9.108	0.0	0.0	0.0
SRR35776661	35687276	0.0	21.8185	0.573	0.0	0.0
SRR30357888	73658729	0.0	3.2339	0.0	0.0	0.0
SRR10161846	23508411	30.448	0.0	0.2008	0.0	0.0
SRR13664498	24288054	0.0	4.7025	0.0	0.0	0.0
SRR23598361	48533078	2.5176	0.0	0.6887	0.0	0.0
SRR16938950	18168478	0.0	75.9779	0.0	0.0	0.0
DRR832819	21835533	0.3478	0.0	0.4002	27.0192	0.0
SRR3724129	31327276	1.0991	0.0	3.0153	0.0	0.0
SRR10054190	591513	0.0	2.7529	0.0	0.0	0.0
SRR21484387	57734026	8.2326	0.0	1.1838	0.0	0.0
SRR18683014	44859345	53.0776	0.0	2.8508	0.0	0.0
DRR217279	16595832	46.763	0.0	0.259	0.0	0.0
SRR11566067	2471495	0.0	2.6643	0.2664	0.0	0.0
SRR9205172	11718632	0.0	18.7014	0.0	0.0	0.0
SRR7507924	5100308	0.0	1.366	1.8415	0.0	0.0
SRR7267058	1249621	1.6299	0.0	0.0	0.0	0.0
SRR30310361	27886466	0.0	23.7417	0.333	0.0	0.0
SRR22858654	24318129	0.0	4.4071	0.8553	0.0	0.0
SRR31801798	25025593	0.0	1.3041	0.6496	0.0	0.0
SRR36790443	29471501	0.0	6.8885	0.4875	0.0	0.0
SRR23907403	47705410	0.0	2.0591	0.6273	0.0	0.0
SRR3734865	968782	66.1875	0.0	0.6642	0.0	0.0
SRR23797903	34753295	0.0	1.4868	0.1413	0.0	0.0
SRR35992412	29306945	0.0	2.3388	0.1313	0.0	0.0
SRR9937187	28772133	0.0	2.0373	0.0	0.0	0.0
SRR31319034	4742743	0.0	7.5303	5.1961	0.0	0.0
SRR13838022	21701308	0.0	2.2739	0.1141	0.0	0.0
SRR17916409	18769106	18.2875	0.0	0.8885	0.0	0.0
SRR26955060	23758696	0.0	2.2843	1.9127	0.0	0.0
SRR27323241	1276088	0.1253	15.5897	2.6097	0.0	0.0
SRR36821622	27552407	0.0	1.6521	0.6049	0.0	0.0
SRR22937042	26036414	0.0	1.4948	0.8608	0.0	0.0
SRR25402456	3872818	12.866	0.0	1.511	0.0	0.0
SRR30570091	60734814	48.2859	13.6364	0.2115	0.0	0.0
SRR7267265	1427962	2.1817	0.0	0.0	0.0	0.0
SRR16611315	26667318	41.0216	0.0	0.1795	0.0	0.0
SRR28603125	24503803	0.0	3.8948	0.0	0.0	0.0
SRR29384937	36363456	1.9954	0.0	0.7027	0.0	0.0
SRR33516571	24359757	0.0	3.7382	0.1569	0.0	0.0
DRR260981	7638210	0.0	1.6709	1.6343	0.0	0.0
SRR35647335	139447346	0.0	0.0	2.5497	0.0	0.0
ERR9751775	25144506	0.0	0.0	2.8591	0.0	0.0
SRR16938917	16148615	0.0	82.3465	0.1243	0.0	0.0
SRR17235573	61276949	0.0	4.8245	0.6609	0.0	0.0
SRR28108931	1395457	0.0	1.279	12.4784	0.0	0.0
SRR33516607	24635550	0.0	3.1784	0.1679	0.0	0.0
SRR38838707	26018402	0.0	2.1099	8.7747	0.0	0.0
SRR7264888	1012180	1.5582	0.0	0.0	0.0	0.0
SRR28785876	4141004	0.0	12.1274	19.7908	0.0	0.0
SRR30357898	57984337	0.2234	2.5197	0.3124	0.0	0.0
SRR11176686	20399410	0.0	1.6086	0.0	0.0	0.0
SRR31278114	54609178	2.3356	0.0	0.295	0.0	0.0
SRR8418307	7950903	3.7546	0.0	0.4501	0.0	0.0
SRR17023796	103130644	8.8874	0.0	1.8396	0.0	0.0
SRR27849803	21651639	0.0	2.4557	1.4393	0.0	0.0
SRR28392399	37811277	0.0	1.0844	0.4361	0.0	0.0
SRR12532044	22617041	0.0	3.4448	0.0	0.0	0.0
SRR10153113	12014569	0.0	4.0316	0.0	0.0	0.0
SRR32479801	13848076	2.2249	0.4001	40.2944	0.0	0.0
SRR17286858	30057617	0.0	47.809	1.0454	0.0	0.0
SRR37874258	20769754	0.0	3.7947	0.6091	0.0	0.0
SRR24737264	24558795	30.9944	0.0	0.6068	0.0	0.0
SRR29011992	22648880	0.0	1.7759	0.1543	0.0	0.0
ERR2695982	3910825	0.0	44.98	5.2847	0.0	0.0
SRR7688600	91373467	5.2109	0.0	0.0	0.0	0.0
SRR21098346	20448615	2.9126	0.0	0.3167	0.0	0.0
SRR4416243	21060252	0.0	12.2287	0.1098	0.0	0.0
SRR11497315	14059636	3.8448	0.3298	0.1759	0.0	0.0
SRR16938879	18118795	0.0	88.4391	0.2915	0.0	0.0
SRR28797208	31865981	0.0	12.8213	0.1016	0.0	0.0
ERR10886925	53764816	12.7415	0.0	0.4129	0.0	0.0
SRR6278891	33311372	0.0	6.9259	3.1324	0.0	0.0
SRR23893680	20824900	0.0	27.1272	0.0	0.0	0.0
SRR30498896	158102835	6.1941	0.0	7.1865	0.0	0.0
SRR34326329	5694871	0.0	2.631	0.1041	0.0	0.0
SRR6398494	793986	0.1524	11.1816	1.2741	0.0	0.0
SRR7266331	1525558	2.6149	0.0	0.0	0.0	0.0
SRR15141113	5289907	16.3135	0.0	1.6967	0.0	0.0
SRR33516311	24341354	0.0	1.1003	0.1034	0.0	0.0
SRR26617470	39628168	0.0	4.3941	0.0	0.0	0.0
SRR33323099	36609188	14.9204	0.0	1.2684	0.0	0.0
SRR11521324	346474	0.0	37.0677	2.7211	0.0	0.0
SRR36668419	22681530	0.0	0.0	2.9322	0.0	0.0
SRR3724156	35014818	1.3775	0.0	0.0	0.0	0.0
SRR7266130	296529	1.2404	0.0	0.6674	0.0	0.0
SRR25998740	29830415	4.9324	0.0	1.322	0.0	0.0
SRR23294580	29526741	6.0007	0.0	0.3266	0.0	0.0
SRR7266193	1031286	1.8193	0.0	0.0	0.0	0.0
SRR1174217	37336051	0.0	1.4667	0.2353	0.0	0.0
SRR29011753	26128031	0.0	3.638	0.0	0.0	0.0
SRR35842184	8346708	0.0	11.6538	0.1345	0.0	0.0
SRR5488391	26633849	14.7063	0.1533	0.4189	0.0	0.0
SRR8691574	30141734	0.0	1.7861	0.1033	0.0	0.0
SRR12615980	6254199	0.0	1.2114	1.6173	0.0	0.0
SRR29815349	21670186	0.2269	2.4892	6.0885	0.0	0.0
SRR37388007	19576894	0.0	6.9029	1.1268	0.0	0.0
SRR10269818	19242671	0.0	2.1952	0.1606	0.0	0.0
SRR10148762	7143372	0.0	4.2916	0.1925	0.0	0.0
SRR10148761	6545701	0.0	4.3233	0.1899	0.0	0.0
SRR9205171	12972358	0.0	18.0661	0.1117	0.0	0.0
SRR10148760	6265947	0.0	4.307	0.4347	0.0	0.0
ERR9976387	16555842	0.0	1.0757	0.1588	0.0	0.0
SRR14696991	13868986	0.0	2.7157	0.5011	0.0	0.0
SRR12615997	4532350	0.0	1.0842	0.7124	0.0	0.0
SRR17325835	21574154	0.0	67.7514	0.0	0.0	0.0
SRR17916405	21094584	21.871	0.0	0.1979	0.0	0.0
SRR18909632	26576309	0.2573	5.7734	1.337	0.0	0.0
SRR35396729	17641230	3.3564	0.0	0.7908	0.0	0.0
SRR16709571	31592000	0.0	3.7318	0.3046	0.0	0.0
SRR7641906	15968169	0.0	3.4584	0.1327	0.0	0.0
SRR28427833	20934833	0.0	4.8994	5.363	0.0	0.0
SRR13069811	34336539	0.0	1.3697	0.1257	0.0	0.0
SRR33482730	17379271	0.0	1.1324	0.6598	0.0	0.0
SRR7266241	1567070	2.7664	0.0	0.0	0.0	0.0
SRR29482966	49912051	0.0	3.4061	8.0395	0.0	0.0
SRR1975199	27493484	16.0392	0.0	0.0	0.0	0.0
SRR11574371	1131414	0.0	1.7279	0.5471	0.0	0.0
SRR36367303	44334225	13.8237	0.1102	8.1607	0.0	0.0
ERR10962819	18456176	32.1395	0.0	0.6435	0.0	0.0
SRR18489134	40685678	0.0	2.1414	1.1599	0.0	0.0
SRR10448341	281665	0.7424	58.3921	1.9527	0.0	0.0
SRR33516404	25359579	0.0	9.6784	0.0	0.0	0.0
SRR12354827	23120253	0.0	3.5114	0.1435	0.0	0.0
SRR11931238	27060378	0.0	6.2399	0.2047	0.0	0.0
SRR27239671	27634743	0.0	1.6069	0.6622	0.0	0.0
SRR10148835	9300137	0.0	8.6592	0.1888	0.0	0.0
SRR10148836	9802634	0.0	8.6361	0.188	0.0	0.0
SRR10148837	9187350	0.0	8.6478	0.1872	0.0	0.0
SRR18461295	24964061	12.2199	0.0	0.3573	0.0	0.0
SRR30310344	22030814	0.0	25.6863	0.2307	0.0	0.0
SRR10135439	8450117	0.1359	1.9563	0.3309	0.0	0.0
SRR38858548	34430679	1.8692	0.0	1.2851	0.0	0.0
SRR11566001	1547631	0.0	4.5473	0.1776	0.0	0.0
SRR33935619	13955311	1.1449	0.0	55.2533	0.0	0.0
SRR10448327	1140498	2.7932	46.4005	25.153	0.0	0.0
SRR7507901	4525456	0.0	3.4854	0.1097	0.0	0.0
SRR26873147	25330473	0.0	1.9428	0.1338	0.0	0.0
SRR9854241	22456291	0.0	2.6039	0.0	0.0	0.0
SRR8457045	67427524	0.0	15.7155	0.0	0.0	0.0
SRR33827828	23683620	0.0	6.07	0.0	0.0	0.0
SRR29808748	21115906	3.5684	0.0	1.9726	0.0	0.0
SRR35237749	20451349	2.1595	0.0	0.9536	0.0	0.0
SRR23081224	21704938	0.0	2.2333	0.4997	0.0	0.0
ERR13249818	19948520	0.0	0.0	9.66	0.0	0.0
SRR14673955	11068452	1.6106	0.0	2.5878	0.0	0.0
SRR16552267	7200247	0.0	13.7489	2.1418	0.0	0.0
SRR34169775	37226393	0.0	3.5652	0.6644	0.0	0.0
SRR3371841	13248456	0.0	24.0757	0.0	0.0	0.0
SRR12899052	16164911	0.0	47.3101	0.7875	0.0	0.0
ERR16140436	33724062	0.0	3.6747	0.9235	0.0	0.0
SRR28722181	23431129	17.3892	3.3861	0.2848	0.0	0.0
SRR7266014	260645	1.8401	0.0	0.1911	0.0	0.0
SRR7266236	1632484	1.2263	0.0	0.0	0.0	0.0
SRR16709570	34891102	0.0	6.0456	0.2692	0.0	0.0
SRR2812540	86279262	0.0	9.8769	0.1087	0.0	0.0
SRR28084277	48201160	0.0	0.0	5.725	0.0	0.0
SRR15364578	24774761	0.0	3.4535	0.8515	0.0	0.0
ERR572018	13621877	0.0	2.8886	0.9282	0.0	0.0
SRR14697002	23531811	0.0	3.0418	0.1623	0.0	0.0
SRR24216513	44684673	1.0919	0.0	2.5208	0.0	0.0
SRR35105552	26671179	15.1355	0.0	0.0	0.0	0.0
SRR14795429	8304901	0.0	1.2437	0.2478	0.0	0.0
SRR18306028	28964429	0.0	2.092	0.1151	0.0	0.0
SRR7266072	2183762	1.9409	0.0	0.0	0.0	0.0
SRR14843604	20862740	2.0815	0.0	0.3708	0.0	0.0
SRR14739407	33552879	0.8587	5.4192	1.7195	0.0	0.0
SRR5906864	10408824	0.0	2.3515	0.0	0.0	0.0
ERR3891518	11633489	0.0	1.7779	1.8732	0.0	0.0
SRR9963859	35556840	0.0	17.5389	0.0	0.0	0.0
SRR6026740	8086324	0.0	1.0107	0.1721	0.0	0.0
SRR3021955	21315834	0.0	0.0	1.0615	0.0	0.0
SRR38176506	21441352	0.0	21.0144	1.4678	0.0	0.0
SRR28785880	7743049	0.0	33.4488	17.8642	0.0	0.0
SRR29384899	37262936	1.7346	0.0	0.7729	0.0	0.0
SRR16938906	16417506	0.0	75.5353	0.2466	0.0	0.0
SRR12616148	5454608	0.0	2.1944	1.1639	0.0	0.0
SRR8309905	31353419	1.9229	0.0	0.2728	0.0	0.0
SRR11946744	23712638	0.0	2.1784	0.0	0.0	0.0
SRR17244287	19656345	0.0	26.1629	2.9258	0.0	0.0
SRR9851958	30092557	1.8875	0.1049	0.0	0.0	0.0
DRR090606	4183208	3.7562	0.0	1.2071	0.0	0.0
SRR31833301	34240445	21.4176	0.0	0.2823	0.0	0.0
SRR22681469	35670176	0.0	1.2233	0.5473	0.0	0.0
SRR7266168	2178263	1.6804	0.0	0.0	0.0	0.0
SRR27323104	1798241	0.0	3.197	2.0729	0.0	0.0
SRR25422560	44974509	0.0	91.5216	0.0	0.0	0.0
SRR14134350	31232148	0.0	8.0065	4.0563	0.0	0.0
SRR16474535	26635871	5.5435	0.0	4.3972	0.0	0.0
SRR7264713	1222902	1.1267	0.0	0.7521	0.0	0.0
SRR8309933	22575493	2.4518	0.0	0.2618	0.0	0.0
SRR23948046	18024213	0.0	20.4137	1.986	0.0	0.0
SRR7265046	966876	2.049	0.0	1.897	0.0	0.0
SRR31932831	12900577	0.0	0.0	2.8171	0.0	0.0
SRR10522013	26370744	0.0	1.5038	0.0	0.0	0.0
SRR31646431	21716332	0.0	8.8606	0.3149	0.0	0.0
SRR37655618	30507127	0.1578	6.8302	0.6496	0.0	0.0
SRR7267343	1144663	7.2995	0.0	0.0	0.0	0.0
SRR20853777	41965657	0.0	49.9956	1.4683	0.0	0.0
SRR27322923	3844309	0.0	2.5939	4.4315	0.0	0.0
SRR31509647	27981145	7.3328	0.0	6.1502	0.0	0.0
SRR37874288	23565734	0.0	1.2635	0.808	0.0	0.0
SRR32237396	39963850	0.0	1.1471	0.246	0.0	0.0
SRR7764209	10560980	0.0	15.6067	0.0	0.0	0.0
SRR29688050	23593706	0.0	9.7041	0.0	0.0	0.0
ERR7221672	12101994	0.0	43.2622	0.3886	0.0	0.0
SRR12825441	2136624	0.0	16.8555	0.0	0.0	0.0
SRR24019251	4699611	0.0	0.0	97.2786	0.0	0.0
SRR24956730	10660624	0.0	0.0	34.5641	0.0	0.0
SRR21197583	24248599	0.0	1.8375	0.6632	0.0	0.0
SRR23628279	41868943	0.0	1.2015	0.0	0.0	0.0
SRR26951129	23186275	0.0	2.6929	0.2568	0.0	0.0
SRR31319060	331788	0.0	8.985	0.8713	0.0	0.0
SRR10478997	19816189	8.684	0.0	0.8705	0.0	0.0
SRR8984394	31324534	0.0	1.3639	0.0	0.0	0.0
SRR13646712	17243464	0.0	0.0	1.7124	0.0	0.0
ERR13765075	12856092	0.0	35.1847	0.1762	0.0	0.0
SRR5100667	16489980	0.0	9.9878	0.0	0.0	0.0
SRR7266190	4516321	1.1442	0.0	0.542	0.0	0.0
SRR13298310	43839412	0.0	17.9773	0.1485	0.0	0.0
SRR3537158	45947417	12.7058	0.0	0.0	0.0	0.0
SRR11574370	2504650	0.0	2.0644	0.473	0.0	0.0
SRR31319072	72366	0.0	7.1	0.9037	0.0	0.0
SRR17456116	25578225	0.0	4.0915	4.929	0.0	0.0
SRR6189710	20330170	0.0	3.8461	0.2225	0.0	0.0
SRR32702874	21168520	0.0	26.0829	0.6909	0.0	0.0
SRR28675553	21171023	0.0	0.0	0.1548	16.6884	0.0
SRR18957885	23324525	0.0	0.0	1.191	1.7997	0.0
SRR24804916	20993970	0.1668	26.6804	0.9759	0.0	0.0
SRR31770117	21393629	0.0	1.4242	2.2761	0.0	0.0
ERR14835964	26477071	58.5055	0.0	1.804	0.0	0.0
SRR7507995	5048016	0.0	2.7468	0.0	0.0	0.0
SRR23261139	4878248	0.0	0.0	11.7831	0.0	0.0
SRR23261140	4907978	0.0	0.0	11.5172	0.0	0.0
SRR10135366	10601276	0.0	1.6145	0.0	0.0	0.0
SRR38272473	34635402	0.4607	8.8692	0.2886	0.0	0.0
SRR18292867	23485476	0.0	0.0	3.1833	0.0	0.0
SRR15141232	4690190	16.1839	0.0	1.692	0.0	0.0
SRR32660886	35729405	2.6142	0.0	0.9122	0.0	0.0
SRR28797241	24864840	0.0	16.3509	0.2208	0.0	0.0
SRR5133180	25742173	0.0	2.17	0.0	0.0	0.0
SRR30126654	24791570	4.9861	0.0	0.2475	0.0	0.0
SRR17069496	56274222	0.0	6.4745	11.1811	0.0	0.0
SRR24956688	7970182	0.0	0.0	27.6491	0.0	0.0
DRR854526	23808943	11.6233	0.0	0.7571	0.0	0.0
SRR31908820	20214715	0.0	2.1024	0.3677	0.0	0.0
SRR30009871	39063049	3.786	0.3265	0.8411	2.5109	0.0
SRR25254436	23747538	0.0	2.1652	0.6784	0.0	0.0
SRR16351748	25659091	6.3202	0.0	3.7221	0.0	0.0
SRR12854377	37233432	0.0	0.0	2.7729	0.0	0.0
SRR11448226	12738316	0.0	5.17	0.1191	0.0	0.0
SRR29061972	23397220	19.0485	0.0	1.1824	0.0	0.0
SRR28427857	22524409	0.0	1.0379	5.6613	0.0	0.0
SRR15141411	3193120	3.5034	0.0	1.0012	0.0	0.0
SRR27373739	23654809	0.0	2.6791	0.6399	0.0	0.0
SRR31550962	35213144	0.0	0.0	2.8839	0.0	0.0
SRR37385184	7190247	0.0	76.2295	1.5243	0.0	0.0
SRR36589247	19526598	0.0	2.3425	0.0	0.0	0.0
SRR10098211	29564547	0.0	4.584	0.3752	0.0	0.0
SRR30202441	20826084	0.0	4.4948	0.0	0.0	0.0
SRR8163298	38371283	0.0	1.9945	0.0	0.0	0.0
SRR19426694	46113169	3.6158	0.0	0.608	0.0	0.0
SRR19752897	1657307	0.0	0.0	0.1038	14.7176	0.0
SRR23712467	5931411	0.0	0.0	5.1465	0.0	0.0
SRR26860162	41365301	49.6561	0.0	0.0	0.0	0.0
SRR18474746	21810013	15.4083	0.0	0.2307	0.0	0.0
SRR10135228	10198755	0.0	1.4396	0.8902	0.0	0.0
SRR23261141	8192769	0.0	0.0	13.6118	0.0	0.0
SRR23261142	8251006	0.0	0.0	13.8646	0.0	0.0
SRR23907336	29856669	27.8201	0.0	0.7334	0.0	0.0
SRR12532057	22163227	0.0	4.1126	0.0	0.0	0.0
SRR18355665	23229663	0.0	3.3412	0.6765	0.0	0.0
SRR5457642	31893361	0.0	1.3118	0.0	0.0	0.0
SRR12546080	12574124	0.0	33.1826	0.0	0.0	0.0
SRR21354761	293100	0.0	9.4981	3.5319	0.0	0.0
SRR36790424	25900713	0.0	5.8217	0.5109	0.0	0.0
SRR29688048	23546616	0.0	2.8517	0.1761	0.0	0.0
SRR33701050	24592995	0.0	2.8788	0.3114	0.0	0.0
SRR26264139	22680716	0.0	1.8172	1.5794	0.0	0.0
SRR24633703	22810435	0.0	8.6482	0.4711	0.0	0.0
SRR14212083	23723796	1.5857	0.0	0.0	0.0	0.0
ERR5946194	46769154	0.0	1.4816	0.5341	0.0	0.0
ERR15398755	29883380	0.0	0.0	2.8185	0.0	0.0
SRR11459975	15876217	0.2542	2.4608	0.3194	0.0	0.0
SRR9919020	27742737	0.0	1.7595	0.178	0.0	0.0
SRR14212085	25184425	1.5866	0.0	0.0	0.0	0.0
SRR18163831	8240499	0.0	0.0	2.305	0.0	0.0
SRR29011662	24635550	0.0	3.1779	0.1699	0.0	0.0
SRR36910261	35998912	2.3809	0.0	3.7573	0.0	0.0
SRR30202432	21653655	0.0	14.7227	0.0	0.0	0.0
SRR17325834	22312365	0.0	66.1471	0.0	0.0	0.0
SRR25056280	44676454	4.1375	0.0	3.1247	0.0	0.0
SRR28743723	25736746	27.7221	0.6243	0.5646	0.0	0.0
SRR23712465	5651712	0.0	0.0	5.2235	0.0	0.0
SRR33516195	24453537	0.0	14.4238	0.1339	0.0	0.0
SRR13838030	22062703	0.0	2.9454	0.2538	0.0	0.0
SRR11791272	26725106	0.0	1.9795	3.2183	0.0	0.0
SRR26860048	34873675	69.4879	0.0	0.118	0.0	0.0
SRR23800902	33665200	0.0	10.8152	0.2442	0.0	0.0
ERR10962812	17692617	5.4589	0.0	0.8354	0.0	0.0
DRR260994	10231224	0.0	1.6689	0.9974	0.0	0.0
SRR7264747	2078698	2.5869	0.0	0.0	0.0	0.0
SRR34326238	4519618	0.1239	1.8411	0.0	0.0	0.0
SRR14803598	21397441	0.0	2.2545	3.8817	0.0	0.0
SRR18296847	23335188	0.0	2.921	0.0	0.0	0.0
SRR27326679	1503191	14.0924	0.0	2.6613	2.3173	0.0
SRR38858528	37123914	1.3784	0.0	2.5751	0.0	0.0
SRR23621058	22289044	0.0	1.4764	0.0	0.0	0.0
ERR13301976	195009	0.0	0.0	14.0096	0.0	0.0
SRR23628274	39154189	0.0	3.9841	0.0	0.0	0.0
SRR14674010	14878555	2.264	0.0	1.1127	0.0	0.0
ERR13765102	11085544	0.0	14.7397	0.1345	0.0	0.0
SRR33935596	13189993	0.0	0.0	25.149	0.0	0.0
SRR25890129	19317533	0.0	2.4565	0.5537	0.0	0.0
SRR23096748	7086256	0.0	20.4029	19.0917	0.0	0.0
SRR31945479	55527271	0.0	0.0	3.494	0.0	0.0
SRR13447983	25052064	13.5617	0.0	0.7303	0.0	0.0
SRR38861548	33069995	0.0	0.0	3.0638	0.0	0.0
SRR38258966	367985967	0.0	63.4456	0.2147	0.0	0.0
SRR16709577	32272444	0.0	3.0531	0.5177	0.0	0.0
SRR15685529	26312180	0.0	2.8716	0.8495	0.0	0.0
SRR30499028	26023689	3.2668	0.0	5.5749	0.0	0.0
SRR8786172	37280121	0.0	1.9102	0.4952	0.0	0.0
SRR3734863	373632	67.7678	0.0	0.7489	0.0	0.0
SRR33130911	24474489	0.0	48.5639	0.4135	0.0	0.0
SRR23628286	39661327	0.0	1.301	0.111	0.0	0.0
SRR27298235	1649914	0.0	5.9493	0.2443	0.0	0.0
SRR19213870	5225821	0.0	6.1494	0.1733	0.0	0.0
SRR12214158	23368918	0.0	1.7675	0.2986	0.0	0.0
SRR19632009	40302872	0.0	5.609	0.0	0.0	0.0
DRR299541	22546509	0.0	1.4156	6.051	0.0	0.0
SRR13341792	22847200	0.0	1.3779	0.4557	0.0	0.0
SRR35559029	42615785	8.4455	0.0	0.4612	0.0	0.0
SRR36833372	57656360	1.2008	0.3084	0.951	0.0	0.0
SRR7507919	5150790	0.0	1.2739	1.6083	0.0	0.0
SRR3880227	9189946	0.0	2.6462	0.0	0.0	0.0
SRR28872813	42315054	1.2631	3.4517	1.3166	0.0	0.0
ERR15368176	71190011	0.0	14.5666	0.3669	0.0	0.0
SRR6925795	21178588	2.5236	0.0	0.1277	0.0	0.0
SRR32153813	9229101	3.3265	0.0	13.0022	0.0	0.0
SRR7508096	5061851	0.0	2.7378	0.0	0.0	0.0
SRR8742261	31039753	3.5777	0.0	0.0	0.0	0.0
SRR29665070	21103690	1.2266	0.0	1.2854	0.0	0.0
SRR39368714	22264340	0.1056	8.8381	4.3558	0.0	0.0
SRR12158728	28477649	0.0	1.4407	0.0	0.0	0.0
SRR37325404	24137677	35.6299	0.0	0.3088	0.0	0.0
SRR8204128	24711499	39.3652	0.0	0.0	0.0	0.0
ERR10691728	3485616	0.0	4.9687	6.0902	0.0	0.0
SRR26321442	16116807	0.0	8.3866	0.0	0.0	0.0
SRR19546324	55184507	2.3718	0.0	0.3946	0.0	0.0
SRR37874277	25682832	0.0	9.8792	0.4639	0.0	0.0
SRR11574263	2457975	0.0	1.2643	0.4282	0.0	0.0
SRR5878412	11665808	0.0	45.738	0.0	0.0	0.0
SRR29854833	23296537	0.2178	1.7325	0.0	0.0	0.0
SRR39793473	27550848	0.0	0.0	0.3226	7.9986	0.0
SRR29384891	36741244	2.0581	0.0	1.3324	0.0	0.0
SRR38476719	19475229	0.0	2.964	0.243	0.0	0.0
ERR4369196	19177821	0.0	9.3915	0.8692	0.0	0.0
SRR15607738	20755573	0.0	0.0	1.2722	13.9053	0.0
SRR23705997	35238797	0.0	0.0	6.6933	11.3801	0.0
SRR24115768	29834673	0.0	2.2488	0.7574	0.0	0.0
SRR12835396	41697387	0.0	6.3976	5.3568	0.0	0.0
SRR27326690	3460636	0.0	53.2238	1.1268	0.0	0.0
DRR746383	21116904	0.0	1.1839	0.1804	0.0	0.0
SRR10135069	11129990	0.0	2.8345	0.1148	0.0	0.0
SRR12624240	2860839	1.9124	0.0	0.1171	0.0	0.0
SRR12624241	7884916	1.8789	0.0	0.1065	0.0	0.0
SRR29198172	24047190	0.0	5.5651	3.8374	0.0	0.0
SRR34326219	32726351	0.0	3.495	0.2685	0.0	0.0
SRR12214143	22138417	0.0	1.7561	0.1557	0.0	0.0
SRR13590817	21531816	0.0	4.1139	0.3124	0.0	0.0
SRR19605769	23249122	15.6635	0.0	0.5078	0.0	0.0
SRR18957878	28680276	0.0	0.0	1.0491	2.5231	0.0
SRR26193214	15107608	0.0	2.6617	2.977	0.0	0.0
SRR14239695	15269574	0.0	5.1991	2.473	0.0	0.0
SRR7266276	1309824	2.133	0.0	0.4095	0.0	0.0
SRR8691555	29255027	0.0	2.1009	0.1845	0.0	0.0
SRR17916364	20712687	10.6639	0.0	0.2739	0.0	0.0
SRR26193211	15718767	0.0	5.3835	5.395	0.0	0.0
SRR27322883	2419746	0.0	33.894	3.8947	0.0	0.0
SRR30045619	20380642	4.0366	0.0	7.6717	0.0	0.0
SRR28637117	26834473	7.9557	4.7924	3.2437	0.0	0.0
SRR19632010	40947576	0.0	7.475	0.0	0.0	0.0
SRR18069912	25841834	5.3579	0.0	2.0687	0.0	0.0
SRR21354731	526443	0.0	42.4027	3.7271	0.0	0.0
SRR32120533	25249497	0.0	1.5056	0.3509	0.0	0.0
SRR7264835	1079099	1.4721	0.0	3.184	0.0	0.0
SRR32708518	19771823	0.0	1.3066	0.1038	0.0	0.0
SRR20318618	26255228	5.7611	0.0	5.438	0.0	0.0
SRR29011697	24468284	0.0	1.3911	0.2067	0.0	0.0
SRR16338505	43085542	0.0	1.8378	0.4803	0.0	0.0
SRR18292874	22245708	0.0	0.0	5.8989	0.0	0.0
SRR29011866	26658005	0.0	1.1162	0.0	0.0	0.0
SRR34300166	20490770	6.4703	0.0	5.7883	0.0	0.0
DRR984166	31226921	12.088	0.0	6.7473	0.0	0.0
SRR11566065	3038730	0.0	2.0858	0.1812	0.0	0.0
SRR18298165	13567887	0.0	3.4885	0.1568	0.0	0.0
SRR23261135	7638604	0.0	0.0	16.4319	0.0	0.0
SRR23261136	7726203	0.0	0.0	16.7662	0.0	0.0
SRR37215780	30417532	5.1798	0.0	1.005	0.0	0.0
SRR1631827	24442583	0.0	1.6643	0.1685	0.0	0.0
SRR17310104	7580718	0.0	0.0	3.0922	0.0	0.0
SRR17310106	7638750	0.0	0.0	3.0968	0.0	0.0
SRR17310109	6909281	0.0	0.0	3.115	0.0	0.0
SRR13298295	44781655	0.0	19.9609	0.1105	0.0	0.0
ERR3891484	5482064	0.0	17.7784	0.3816	0.0	0.0
SRR16382584	22459438	0.4043	4.2953	0.0	0.0	0.0
SRR16709573	29252541	0.0	1.6745	0.4537	0.0	0.0
SRR33827827	21537555	0.0	3.3797	0.1182	0.0	0.0
SRR8786170	44291806	0.0	4.6479	1.1133	0.0	0.0
SRR21021803	33781135	0.1214	1.2422	4.2036	0.0	0.0
SRR32021761	25351766	3.4647	0.2858	0.591	0.0	0.0
SRR28797153	37590632	0.0	12.7747	0.2365	0.0	0.0
SRR24956703	12106466	0.0	0.0	21.0918	0.0	0.0
SRR17916366	14107555	20.1284	0.0	0.8748	0.0	0.0
SRR36895163	11060696	0.0	39.9399	3.3421	0.0	0.0
ERR11670122	29742592	0.0	1.8684	3.7932	0.0	0.0
SRR7508105	5002523	0.0	1.3057	0.0	0.0	0.0
SRR20750833	421320	0.0	1.2909	2.3676	0.0	0.0
SRR15607741	23775501	0.107	0.0	1.6558	15.3255	0.0
SRR26860157	38694919	23.5584	0.0	0.1135	0.0	0.0
SRR15495676	43223508	0.0	13.5536	0.879	0.0	0.0
SRR35284454	21304011	0.0	97.5385	0.2964	0.0	0.0
SRR7266270	1925521	4.8255	0.0	0.1714	0.0	0.0
SRR25402467	4585909	0.3673	5.6889	1.8108	0.0	0.0
ERR10691730	4893621	0.0	1.3585	2.4543	0.0	0.0
SRR32953038	34718453	3.5966	10.1811	0.8385	0.0	0.0
SRR20750899	371858	0.0	1.4578	2.69	0.0	0.0
SRR32547591	24256401	0.0	81.023	0.2674	0.0	0.0
SRR31318971	5223217	0.0	2.3355	7.2252	0.0	0.0
SRR26321448	19798021	0.0	11.0734	0.0	0.0	0.0
SRR37325358	60069502	3.0871	0.0	1.6024	0.0	0.0
DRR764017	24135553	0.0	0.0	0.3258	8.6264	0.0
SRR29384963	33612940	1.3044	0.0	0.5381	0.0	0.0
SRR7516983	28532138	0.0	8.0105	0.0	0.0	0.0
SRR7508062	4431801	0.0	3.015	0.0	0.0	0.0
SRR8418334	10651618	10.5585	0.0	0.4033	0.0	0.0
SRR29011735	24451540	0.0	2.4334	0.1042	0.0	0.0
SRR35278688	23907887	0.0	6.6901	1.3996	0.0	0.0
ERR2261862	12734780	4.0234	0.0	2.2408	0.0	0.0
ERR15399359	53233691	0.0	0.0	2.3611	0.0	0.0
SRR14235807	20882159	0.0	2.7857	1.2187	0.0	0.0
SRR31646430	19442646	0.0	5.8256	0.1944	0.0	0.0
SRR23852736	49283	0.0	44.2465	0.6879	0.0	0.0
SRR31319105	4273131	0.0	2.1328	5.9302	0.0	0.0
SRR30920832	43968756	3.8292	0.0	2.2828	0.0	0.0
SRR7403505	19568003	4.1102	0.0	0.0	0.0	0.0
SRR20613507	37255016	0.0	2.6547	0.0	0.0	0.0
SRR29826783	30914518	61.2447	0.0	2.5435	0.0	0.0
SRR36910254	34858928	5.4387	0.4589	4.2827	0.0	0.0
SRR7172334	37870960	2.7387	0.0	0.0	0.0	0.0
DRR827250	25325181	0.1101	1.0957	0.1414	0.0	0.0
ERR13663562	4614671	0.0	0.0	3.0732	0.0	0.0
SRR7517444	28532138	0.0	7.54	0.0	0.0	0.0
SRR22973892	34818614	6.6445	0.0	1.0226	0.0	0.0
SRR32921749	37051737	0.0	7.8571	0.4739	0.0	0.0
SRR5457621	30040328	0.0	1.6414	0.0	0.0	0.0
ERR5052709	6074468	10.3086	0.0	0.5827	0.0	0.0
ERR5052708	5927805	10.3861	0.0	0.5938	0.0	0.0
SRR36718805	75372734	0.8061	57.7104	3.5347	0.0	0.0
SRR7264735	1366257	1.4775	0.0	0.6188	0.0	0.0
SRR8240153	68284325	4.8302	0.0	0.0	0.0	0.0
ERR13230640	210437	0.0	0.0	13.3375	0.0	0.0
SRR20114995	22288071	0.0	6.5578	0.2226	0.0	0.0
SRR21354856	543499	0.0	18.8201	4.026	0.0	0.0
SRR18355662	23626560	0.0	1.7508	0.7294	0.0	0.0
SRR23912223	23200012	0.0	10.3559	0.4248	0.0	0.0
SRR10448312	1252298	11.672	52.4508	2.0065	0.0	0.0
SRR27709653	20667452	0.2843	5.7975	0.2746	0.0	0.0
SRR31669375	11331938	0.0	3.5299	4.1415	0.0	0.0
SRR23948054	23447258	0.0	31.4915	4.4035	0.0	0.0
SRR34326387	23404614	0.0	3.8132	0.104	0.0	0.0
SRR8416456	23967899	4.5159	0.1667	0.0	0.0	0.0
SRR23502998	21153202	0.2194	2.4855	0.1253	0.0	0.0
SRR7267071	854374	2.7182	0.0	0.0	0.0	0.0
SRR10436903	28714952	0.0	1.0267	0.0	0.0	0.0
SRR30977603	35034294	1.6368	0.0	0.6772	0.0	0.0
SRR36610577	18866033	4.6927	0.5929	0.2322	0.0	0.0
SRR7264738	1554414	1.9669	0.0	0.0	0.0	0.0
SRR27326442	591782	23.9749	0.0	1.5656	0.0	0.0
SRR32914040	19248597	0.0	8.3138	0.1231	0.0	0.0
SRR36367315	44036654	15.6368	0.0	7.8018	0.0	0.0
SRR12011278	19006487	1.7043	0.0	2.6808	0.0	0.0
SRR12245823	46516025	0.0	2.3131	0.2509	0.0	0.0
SRR17497165	101295219	3.7297	0.0	1.0166	0.0	0.0
SRR11566069	1362326	0.0	2.5577	0.1044	0.0	0.0
SRR33852414	24410968	0.0	12.43	3.9616	0.0	0.0
SRR17244273	20445750	0.0	40.2822	2.2956	0.0	0.0
DRR623334	12914147	11.1179	0.0	3.2636	0.0	0.0
SRR8073881	55998571	0.0	21.0841	15.2498	0.0	0.0
SRR17227532	24885275	0.0	1.3742	9.3118	0.0	0.0
SRR27305080	2229411	0.1939	3.2265	0.4484	0.0	0.0
SRR31124731	20226054	0.0	1.3265	0.6515	0.0	0.0
SRR11887947	29415615	0.0	9.9275	0.1293	0.0	0.0
SRR8691572	29540155	0.0	1.3373	0.0	0.0	0.0
SRR7508052	5229163	0.0	1.3239	0.5535	0.0	0.0
SRR25209518	21111326	0.0	3.9797	0.1203	0.0	0.0
SRR16382590	22632773	0.0	6.5883	0.0	0.0	0.0
SRR19426697	44747496	21.3818	0.0	0.3103	0.0	0.0
SRR7266982	1504719	1.1056	0.0	0.0	0.0	0.0
SRR35278699	27613016	0.0	13.3837	2.7339	0.0	0.0
SRR10848804	27984476	0.0	1.3291	0.1545	0.0	0.0
SRR26035208	60879274	15.7144	0.0	0.4292	0.0	0.0
SRR14664485	37113725	2.0056	0.0	0.3667	0.0	0.0
SRR32279263	101710379	3.5127	0.0	0.0	0.0	0.0
SRR30852811	22564689	0.0	4.5188	0.0	0.0	0.0
SRR3950015	23707533	2.4284	0.0	0.1452	0.0	0.0
SRR7265077	2999358	3.443	0.0	0.0	0.0	0.0
SRR35637762	26193664	0.0	0.0	1.9606	0.0	0.0
ERR14366922	21846013	0.0	4.4863	0.4988	0.0	0.0
SRR31538839	26052839	3.8678	0.0	0.1605	0.0	0.0
SRR8786166	59416818	0.0	2.9072	1.0704	0.0	0.0
SRR5804927	31991002	0.2269	7.2292	0.3235	0.0	0.0
SRR20705614	31743267	0.0	41.1627	1.2171	0.0	0.0
SRR7266074	513618	1.7803	0.0	0.1053	0.0	0.0
SRR10148802	8782404	0.0	3.5887	0.4771	0.0	0.0
SRR10148803	8989815	0.0	3.6053	0.4748	0.0	0.0
SRR10148804	10120675	0.0	3.5881	0.4745	0.0	0.0
ERR10962825	11224102	30.429	0.0	0.7565	0.0	0.0
ERR10886915	57234631	6.9357	0.0	0.234	0.0	0.0
SRR7264809	2088814	11.8754	0.0	0.457	0.0	0.0
SRR13341802	25032887	0.0	1.1911	0.7768	0.0	0.0
SRR8309913	22595129	2.2865	0.0	0.1931	0.0	0.0
SRR12616149	9574330	0.0	1.0707	1.3988	0.0	0.0
SRR13900323	33639749	6.0864	0.0	5.5923	9.638	0.0
SRR17916387	14996766	1.4468	0.0	0.2457	0.0	0.0
SRR30429236	32862033	0.0	7.6399	0.8585	0.0	0.0
SRR7159500	24341730	15.1776	0.0	0.0	0.0	0.0
SRR30429239	32868293	0.0	3.9536	0.9668	0.0	0.0
DRR739613	26859366	0.0	1.0051	2.09	0.0	0.0
SRR38355298	16387888	50.5721	0.0	0.3871	0.0	0.0
ERR16140397	28639602	0.0	1.0378	0.9908	0.0	0.0
SRR16925055	26995118	0.0	7.6689	0.1424	0.0	0.0
SRR27323372	5556935	0.0	57.4024	3.3676	0.0	0.0
SRR29779553	34920781	0.0	2.0624	3.3335	0.0	0.0
SRR6511855	32464296	1.6868	0.0	0.1919	0.0	0.0
SRR23095537	42013418	0.0	2.2722	0.4296	0.0	0.0
DRR987239	21042213	0.0	3.1639	0.0	0.0	0.0
SRR25300937	22931777	0.1797	1.4831	1.3296	0.0	0.0
SRR32622375	21891035	1.5253	0.0	0.1244	0.0	0.0
SRR36790400	23475301	0.0	3.6304	1.4301	0.0	0.0
SRR10416844	14681370	0.0	1.7165	0.3429	0.0	0.0
SRR33979379	21681808	0.0	1.6966	0.2683	0.0	0.0
SRR14539519	20595859	0.0	12.5579	0.0	0.0	0.0
SRR22130832	22523034	3.6851	0.0	0.8967	0.0	0.0
SRR29289956	29850455	0.0	36.9911	0.9238	0.0	0.0
SRR34469090	24168766	0.0	2.8823	0.2959	0.0	0.0
SRR22460612	34526703	0.0	0.0	11.4702	0.0	0.0
ERR2695985	6163451	0.0	9.6005	2.1222	0.0	0.0
SRR16611329	26205553	23.7605	0.0	0.2712	0.0	0.0
SRR9854236	22496249	0.0	3.5711	0.0	0.0	0.0
SRR4042032	38502363	2.2058	0.0	0.8616	0.0	0.0
SRR16849158	21171837	2.9639	0.0	0.231	0.0	0.0
SRR27331748	4167731	0.0	22.566	1.2362	0.0	0.0
SRR27323114	1833314	0.0	18.3216	3.7894	0.0	0.0
SRR36972298	22773964	0.0	1.6501	0.4011	0.0	0.0
SRR25996492	22589333	0.3883	6.0635	1.2705	0.0	0.0
ERR7738946	30912105	0.0	6.6011	0.8797	0.0	0.0
SRR28362338	21145887	0.0	2.1826	0.2314	0.0	0.0
SRR7507904	4937304	0.0	2.4372	0.0	0.0	0.0
SRR19226123	27858383	0.0	14.1259	0.217	0.0	0.0
DRR897986	18016603	0.0	39.9388	0.1201	0.0	0.0
DRR997533	25661327	0.0	2.9277	0.0	0.0	0.0
DRR997359	22230449	0.0	3.1819	0.9428	0.0	0.0
SRR28045297	20182639	4.5094	0.0	0.8296	0.0	0.0
SRR35531432	17568579	0.0	1.6342	0.217	0.0	0.0
SRR24003671	38603718	0.0	51.3007	0.5172	0.0	0.0
SRR10098204	25376959	0.0	5.4818	0.2599	0.0	0.0
SRR27322858	3778267	0.0	41.905	2.2347	0.0	0.0
SRR38272471	28046739	2.0936	2.5712	0.607	0.0	0.0
SRR31439141	46389422	3.4308	0.1916	0.7707	0.0	0.0
SRR22973822	38894518	6.5305	0.0	0.7795	0.0	0.0
SRR19216027	29825786	0.5149	12.4545	0.4221	0.0	0.0
DRR730073	38299129	0.0	18.9874	1.1161	0.0	0.0
SRR8457046	51054307	0.0	28.2333	0.0	0.0	0.0
SRR23261101	7758840	0.0	0.0	21.4083	0.0	0.0
SRR23261102	7848577	0.0	0.0	21.9105	0.0	0.0
SRR28288573	25381334	0.0	40.8105	4.2539	0.0	0.0
SRR29815346	21691471	0.1319	2.3984	6.5625	0.0	0.0
SRR31798812	21710222	0.0	3.3525	1.2065	0.0	0.0
SRR35136560	134598580	0.0	50.752	0.2306	0.0	0.0
SRR29048311	28424556	0.0	2.0716	0.5664	0.0	0.0
SRR29011895	27471302	0.0	3.8524	0.0	0.0	0.0
SRR36321525	207743026	0.0	0.0	2.4644	10.4292	0.0
SRR21021821	44646899	0.24	4.067	1.1823	0.0	0.0
ERR5709399	24126503	0.0	20.4633	0.325	0.0	0.0
SRR31562872	26930299	0.0	1.5357	0.8277	0.0	0.0
SRR12998564	47264368	0.0	6.5082	6.5874	0.0	0.0
SRR20751000	330284	0.0	2.467	3.1279	0.0	0.0
SRR9134334	24473605	0.0	3.7741	3.1901	0.0	0.0
SRR7266320	1998115	11.9166	0.0	0.6163	0.0	0.0
SRR19213866	4936019	0.0	2.368	0.1978	0.0	0.0
SRR24956574	16396103	0.0	0.0	14.0445	0.0	0.0
SRR29001892	22171048	0.0	2.8367	0.313	0.0	0.0
SRR31669370	10978225	0.0	1.7125	2.7568	0.0	0.0
SRR34355028	20611606	0.0	19.8624	0.6114	0.0	0.0
SRR17456147	23848481	0.0	7.2387	3.1123	0.0	0.0
SRR30310365	22989555	0.0	17.1457	0.319	0.0	0.0
SRR31646422	22607639	0.0	9.8142	0.2228	0.0	0.0
SRR23602663	25062314	0.0	5.4353	4.3255	0.0	0.0
SRR10556185	28034137	0.0	1.4391	0.0	0.0	0.0
SRR27298040	1223123	0.0	2.1226	0.269	0.0	0.0
ERR3891513	18288982	0.0	43.5297	1.0354	0.0	0.0
SRR28288575	21414062	0.0	28.0714	6.4907	0.0	0.0
SRR5435266	22074733	5.4938	0.0	0.1099	0.0	0.0
SRR31639247	19543270	4.5235	0.0	0.3264	0.0	0.0
SRR22572290	22964073	0.0	6.2162	0.5843	0.0	0.0
SRR19142980	21179443	0.0	1.2886	0.6578	0.0	0.0
SRR27749212	22928523	18.9887	0.0	8.6997	0.0	0.0
SRR7265066	1697909	3.4522	0.0	0.0	0.0	0.0
SRR35276968	24743244	0.0	5.0558	2.9928	0.0	0.0
SRR3724158	30171424	2.2964	0.0	0.2282	0.0	0.0
SRR7264859	2109367	1.7307	0.0	0.0	0.0	0.0
SRR25683603	23050744	0.0	1.5732	0.8998	0.0	0.0
SRR865788	7997797	0.0	1.619	0.0	0.0	0.0
SRR35332836	113568272	1.5217	0.0	0.3179	0.0	0.0
SRR27333889	29816171	9.4904	4.2185	1.4515	0.0	0.0
SRR21021612	17047967	0.0	2.1805	0.6967	0.0	0.0
SRR10189448	17859346	51.9541	0.0	1.178	0.0	0.0
SRR9124566	54403425	0.0	2.1106	0.0	0.0	0.0
SRR27842065	50493775	0.0	1.4384	4.2553	0.0	0.0
SRR11431599	27141605	0.1333	47.7193	0.721	0.0	0.0
SRR23081251	21681106	0.0	2.7645	0.4638	0.0	0.0
SRR5100665	18219259	0.0	11.6024	0.0	0.0	0.0
SRR33516430	27153644	0.0	16.0945	0.1418	0.0	0.0
SRR31646414	19223692	0.0	9.3387	0.2228	0.0	0.0
SRR9134365	27792124	0.0	1.3124	1.62	0.0	0.0
SRR34326315	4567217	0.0	2.7115	0.0	0.0	0.0
SRR28289599	63274203	0.0	23.3608	0.5523	0.0	0.0
ERR15648403	65731099	14.5373	0.0	4.6228	0.0	0.0
SRR22272467	40872889	0.0	0.0	0.3456	23.1004	0.0
SRR7267069	6189237	2.138	0.0	0.3646	0.0	0.0
SRR14068156	26885993	3.7078	0.0	1.8467	0.0	0.0
SRR33516417	24872246	0.0	8.7777	0.1056	0.0	0.0
SRR32288543	44820872	19.4919	0.0	0.8643	0.0	0.0
SRR10448321	2744633	1.9436	48.8059	33.8114	0.0	0.0
SRR11574236	1137840	0.0	5.2658	0.373	0.0	0.0
SRR4119792	35132137	0.0	0.0	3.597	0.0	0.0
SRR29499840	32860365	0.0	9.8033	0.8208	0.0	0.0
SRR24737302	46350221	2.1585	0.0	0.3302	0.0	0.0
SRR25723160	20107154	0.0	16.5622	2.1469	0.0	0.0
SRR35284459	20962021	0.0	33.0848	0.2438	0.0	0.0
ERR3891517	11205854	0.0	8.0802	1.3203	0.0	0.0
SRR15883081	25883627	0.0	0.0	2.081	0.0	0.0
SRR33516346	24707500	0.0	1.8575	0.0	0.0	0.0
SRR7264853	1792832	2.3557	0.0	0.0	0.0	0.0
SRR17971108	28424480	0.0	1.2638	2.0269	0.0	0.0
SRR26511474	46749749	3.2364	0.8014	0.0	0.0	0.0
SRR34326395	4840079	0.0	2.0466	0.0	0.0	0.0
SRR34326391	36084145	0.0	3.8897	0.1637	0.0	0.0
ERR15368198	80166601	0.0	18.4444	0.3674	0.0	0.0
SRR29352959	27504283	0.0	7.1954	0.9893	0.0	0.0
SRR13590827	21978751	0.1565	6.2225	0.4533	0.0	0.0
SRR31830260	20791186	3.2729	0.0	0.1201	0.0	0.0
SRR21021610	29937046	0.0	6.584	1.4408	0.0	0.0
SRR7266137	2213395	2.8775	0.0	0.0	0.0	0.0
SRR25046106	24089902	0.0	1.0611	0.1129	0.0	0.0
SRR35276956	24710758	0.0	0.1996	2.8939	0.0	0.0
SRR24956564	9400563	0.0	0.0	71.1729	0.0	0.0
SRR17871190	48439708	0.0	0.0	1.8661	0.0	0.0
SRR14615527	9674527	0.0	1.3918	0.2014	0.0	0.0
SRR25932462	4344019	0.0	0.0	5.9735	0.0	0.0
SRR32467361	80124135	18.1573	0.0	1.9103	0.0	0.0
SRR31851761	33481779	0.0	17.0604	1.0301	0.0	0.0
SRR20115003	24976654	0.0	3.4153	0.2021	0.0	0.0
SRR32838634	6217013	0.0	57.385	0.7885	0.0	0.0
ERR4369203	24087205	0.0	3.9501	1.1947	0.0	0.0
SRR7266135	12506137	3.1188	0.0	0.0	0.0	0.0
SRR8080636	22306839	0.0	3.3106	0.0	0.0	0.0
SRR31180144	22399033	0.0	1.1031	0.8177	0.0	0.0
SRR19243503	60106564	4.3189	0.0	2.475	0.0	0.0
SRR5378627	50045491	0.0	1.7041	0.5165	0.0	0.0
SRR34266621	33707885	1.105	0.0	1.4611	0.0	0.0
SRR29665069	22918098	1.2767	0.0	0.8887	0.0	0.0
SRR17310039	7160662	0.0	0.0	3.4609	0.0	0.0
SRR17310040	7050658	0.0	0.0	3.4754	0.0	0.0
SRR8984418	30873090	0.0	3.3694	0.0	0.0	0.0
SRR7408319	21410027	0.0	5.6511	0.5742	0.0	0.0
SRR29452645	21612393	0.0	3.145	0.3476	0.0	0.0
SRR26827564	22215516	0.0	5.4076	9.8118	0.0	0.0
ERR14366960	28190609	0.0	5.4233	0.3978	0.0	0.0
SRR13298290	43170429	0.0	17.5516	0.135	0.0	0.0
SRR29542350	19531229	0.0	26.6833	0.0	0.0	0.0
SRR31851390	37062761	3.1187	0.0	2.7709	0.0	0.0
SRR15141368	3039943	2.3074	0.0	1.7064	0.0	0.0
SRR21021565	32468601	0.0	1.4817	4.216	0.0	0.0
SRR34326320	4525839	0.0	2.7078	0.0	0.0	0.0
SRR36171032	21736646	0.0	1.8512	0.4076	0.0	0.0
SRR34469056	21145733	0.0	3.8394	0.3246	0.0	0.0
SRR8418321	11215222	4.2045	0.0	0.2694	0.0	0.0
SRR12022344	47317986	0.0	1.0939	0.5196	0.0	0.0
SRR25233147	24016209	0.0	2.3835	0.0	0.0	0.0
SRR29779554	22454848	0.0	7.9841	0.2873	0.0	0.0
SRR20438171	187008335	1.584	0.0	2.4532	0.0	0.0
SRR34469074	27394656	0.0	2.0324	0.3793	0.0	0.0
SRR36194751	22067496	16.9685	0.0	2.7372	0.0	0.0
SRR7264784	10753	3.227	0.0	0.0	0.0	0.0
SRR7267330	2084884	2.6904	0.0	0.8105	0.0	0.0
SRR12603804	72910540	0.0	0.0	5.012	0.0	0.0
SRR15853896	37633280	64.6342	1.1522	0.465	0.0	0.0
SRR22937886	19523427	3.8057	0.0	0.267	0.0	0.0
SRR32628206	22480448	0.0	5.4969	0.5517	0.0	0.0
SRR29484654	1093093	0.0	7.2881	0.1735	0.0	0.0
SRR27298266	471685	0.0	7.5654	1.0488	0.0	0.0
SRR7644324	23234988	20.6078	0.0	0.2339	0.0	0.0
SRR11574265	4062521	0.0	1.4136	0.3234	0.0	0.0
SRR20705596	32634996	0.0	62.3861	0.4406	0.0	0.0
SRR22975703	28514268	10.4335	0.0	0.9513	0.0	0.0
SRR37236657	13728409	0.0	10.9014	0.5664	0.0	0.0
SRR37798403	30205594	5.7417	0.2915	2.6236	0.0	0.0
SRR7264740	1691180	1.2498	0.0	1.8743	0.0	0.0
SRR3383831	12526161	4.494	0.0	0.1125	0.0	0.0
SRR10904002	25830170	0.0	20.3756	0.0	0.0	0.0
SRR13148888	42109403	0.0	1.423	2.0219	0.0	0.0
SRR11574277	2440352	0.0	1.4943	0.2387	0.0	0.0
SRR36012600	8333475	0.0	7.8851	3.9671	0.0	0.0
SRR17456115	23795072	0.0	9.9011	4.0605	0.0	0.0
SRR18064509	51045685	3.9775	0.1631	0.1086	0.0	0.0
SRR9129136	20415528	0.0	1.3751	0.0	0.0	0.0
SRR28797251	33709016	0.0	23.0362	0.2011	0.0	0.0
SRR7538217	29428006	0.0	1.7516	0.0	0.0	0.0
SRR11814921	22234706	0.1042	1.5342	0.3745	0.0	0.0
SRR12358599	11423999	0.0	4.6531	4.3098	0.0	0.0
SRR31970332	20975630	30.9431	0.0	13.3583	0.0	0.0
SRR30495742	27344783	6.1201	0.0	6.0538	0.0	0.0
SRR14785353	75070142	0.0	26.43	1.1019	0.0	0.0
SRR23086155	23343443	0.5304	2.5447	1.3034	0.0	0.0
SRR14739403	33913290	0.1543	2.3532	3.8157	0.0	0.0
SRR33160148	11927604	0.0	4.7874	1.1002	0.0	0.0
SRR7264701	907246	2.3162	0.0	0.0	0.0	0.0
SRR13486978	1864	0.0	3.4871	0.0	0.0	0.0
SRR27305133	1705192	0.0	3.5223	0.1723	0.0	0.0
SRR3571661	107024038	3.4491	0.0	0.0	0.0	0.0
SRR12158733	25149669	0.0	2.2602	0.0	0.0	0.0
ERR3971858	24593663	0.0	0.0	0.8286	12.9281	0.0
SRR23261125	9537223	0.0	0.0	13.794	0.0	0.0
SRR23261126	9561482	0.0	0.0	14.537	0.0	0.0
SRR10448343	462337	8.1419	17.4916	16.1769	0.0	0.0
SRR21082820	60892458	0.0	0.0	0.2826	9.308	0.0
ERR15405319	20733288	0.0	2.9309	1.0557	0.0	0.0
ERR10962800	15423652	10.1453	0.0	0.8739	0.0	0.0
ERR10926702	90183688	3.8754	0.0	0.2421	0.0	0.0
SRR16709564	30868505	0.0	6.6726	0.5916	0.0	0.0
SRR12546070	10767044	0.0	31.3152	0.0	0.0	0.0
SRR23628301	41534450	0.0	3.0633	0.0	0.0	0.0
SRR11462948	78175548	0.0	5.4772	1.4489	0.0	0.0
SRR30495752	23171545	2.2749	0.0	5.9212	0.0	0.0
SRR30555153	19839373	4.2869	0.0	0.3765	0.0	0.0
DRR999031	37931331	0.0	1.1257	0.4004	0.0	0.0
SRR18337159	3358763	26.5592	0.7502	0.9529	0.0	0.0
SRR21021629	26087885	0.1528	1.6543	1.2073	0.0	0.0
SRR29011605	23243365	0.0	11.2967	0.1529	0.0	0.0
SRR11459053	20778111	0.0	44.4739	0.0	0.0	0.0
SRR11459054	33468801	0.0	42.9851	1.7923	0.0	0.0
SRR8569394	26746992	10.6741	0.0	0.1713	0.0	0.0
SRR16938966	18000447	0.0	73.8836	0.2248	0.0	0.0
SRR27344863	21796521	0.0	1.2062	1.7166	0.0	0.0
SRR28427846	26185571	0.0	1.4026	4.7249	0.0	0.0
SRR14803608	20650640	0.0	29.0973	4.5077	0.0	0.0
SRR29289962	28803937	0.0	8.7718	1.2464	0.0	0.0
SRR27331620	10061073	0.0	35.2765	1.1877	0.0	0.0
SRR18069921	29027590	3.4601	0.0	3.4902	0.0	0.0
SRR11459052	20677875	0.0	35.7417	0.1355	0.0	0.0
SRR8418276	10907055	3.8048	0.0	0.2126	0.0	0.0
SRR15685533	21852303	0.0	2.0035	0.8067	0.0	0.0
SRR9134314	22839610	0.0	5.7066	2.1652	0.0	0.0
ERR10886933	42597239	14.2436	0.0	0.3437	0.0	0.0
SRR26860046	34298268	57.5752	0.0	0.2406	0.0	0.0
SRR26321435	17723131	0.0	3.8456	0.0	0.0	0.0
SRR38897782	20099468	0.0	11.5472	0.4381	0.0	0.0
SRR17442699	62579797	0.0	1.2456	0.6611	0.0	0.0
SRR21021752	14226779	0.0	1.1944	0.2047	0.0	0.0
SRR26277482	22260560	1.3928	0.0	2.0868	0.0	0.0
SRR445434	27636201	1.2805	0.0	0.849	0.0	0.0
ERR14366924	27710216	0.0	6.5803	0.5023	0.0	0.0
SRR7266366	2159413	1.1712	0.0	0.0	0.0	0.0
SRR6925831	29239088	2.3416	0.0	0.0	0.0	0.0
SRR32991663	46916192	0.4052	1.5622	1.6057	0.0	0.0
SRR15439219	107696516	0.0	17.6991	0.0	0.0	0.0
SRR13838032	20674765	0.6671	11.0755	0.345	0.0	0.0
SRR31318956	5042686	0.0	1.6594	6.6848	0.0	0.0
SRR23086061	23284324	0.0	1.8788	0.2911	0.0	0.0
SRR31301019	21120152	0.0	5.3753	1.8971	0.0	0.0
SRR36292458	34852297	2.2506	0.0	4.4258	0.0	0.0
SRR10161822	21782209	22.8163	0.0	0.3694	0.0	0.0
SRR23719619	21105685	0.0	1.2376	0.3556	0.0	0.0
SRR31913470	24015827	0.0	3.345	0.2407	0.0	0.0
SRR19269229	21297426	0.0	1.2084	0.3853	0.0	0.0
SRR7266321	2236919	9.2757	0.0	0.0	0.0	0.0
SRR7361599	20855220	0.0	3.9334	0.1017	0.0	0.0
SRR11570129	32059479	0.0	13.2013	3.1256	0.0	0.0
SRR6218770	22535624	2.6611	0.0	0.5578	0.0	0.0
SRR15742940	32220175	0.1633	0.0	1.86	14.1645	0.0
SRR24956695	9186202	0.0	0.0	52.9743	0.0	0.0
SRR8457035	27764548	0.0	15.0326	0.0	0.0	0.0
SRR17267236	19503398	4.1051	0.0	0.7029	0.0	0.0
SRR30357896	57234839	0.2608	3.5108	0.2653	0.0	0.0
ERR1360190	23112389	5.966	0.0	6.8671	0.0	0.0
SRR22958637	2155760	0.0	3.8309	0.3031	0.0	0.0
SRR36910221	25299465	3.2082	0.0	3.4892	0.0	0.0
SRR37363192	25362269	0.0	2.0962	0.4753	0.0	0.0
SRR9593749	19938425	0.0	7.0371	0.2995	0.0	0.0
SRR7267233	1616752	2.2203	0.0	2.3145	0.0	0.0
SRR17916407	18426443	24.6184	0.0	0.3842	0.0	0.0
SRR10448363	738735	31.6155	18.513	12.4659	0.0	0.0
SRR19752891	45287	0.0	0.0	0.0	4.679	0.0
SRR34300154	34663731	2.1808	6.7332	8.0887	0.0	0.0
SRR12133602	21197312	7.5441	0.1213	0.0	0.0	0.0
SRR22351703	21280768	0.0	6.9214	0.3485	0.0	0.0
SRR8742907	23080362	2.4121	0.0	0.0	0.0	0.0
SRR33516342	22245314	0.0	1.23	0.0	0.0	0.0
SRR26860042	25330663	61.4102	0.0	0.2055	0.0	0.0
DRR828906	24449471	0.0	0.0	0.2474	5.4284	0.0
SRR24956647	16613388	0.0	0.0	26.0135	0.0	0.0
SRR16709569	31791190	0.0	3.5702	0.2993	0.0	0.0
SRR31646415	22879713	0.0	13.4869	0.3014	0.0	0.0
SRR36491028	32452618	0.0	2.5058	0.283	0.0	0.0
SRR15021478	48508106	0.0	4.9871	1.8306	0.0	0.0
SRR23852693	84930	0.0	67.8912	0.3238	0.0	0.0
SRR29126140	375805	0.0	4.6069	0.6099	0.0	0.0
SRR38061541	68794347	0.0	6.9319	0.1488	0.0	0.0
DRR839505	57146232	39.0168	0.0	2.2932	0.0	0.0
SRR29872497	24264156	4.4002	0.0	4.0451	0.0	0.0
SRR6397880	5368924	12.1343	0.0	0.1443	0.0	0.0
SRR21021624	33354898	0.2378	3.5677	1.5679	0.0	0.0
SRR29011888	24133738	0.0	3.3509	0.0	0.0	0.0
SRR8418248	10984121	7.1139	0.0	0.4526	0.0	0.0
SRR35332855	121808724	62.4175	0.0	0.2339	0.0	0.0
SRR13341536	17471203	9.1155	0.0	11.4878	0.0	0.0
SRR17286862	24701758	0.0	34.135	1.6314	0.0	0.0
DRR1007094	14604382	0.0	2.1459	0.467	0.0	0.0
SRR14673958	10371010	2.4075	0.0	1.5974	0.0	0.0
SRR7264819	1769774	2.8852	0.0	0.0	0.0	0.0
SRR5363205	55462723	0.0	0.0	12.5308	0.0	0.0
SRR22201532	34787069	0.0	77.2861	0.8723	0.0	0.0
SRR20705633	30959185	0.0	68.1123	0.4284	0.0	0.0
SRR19785227	45838474	0.0	1.7503	4.4211	0.0	0.0
SRR22993986	21847655	0.0	4.477	3.5801	0.0	0.0
SRR11791274	41363224	0.0	3.2474	8.7679	0.0	0.0
SRR13900324	30538468	9.3482	0.0	2.8326	17.2263	0.0
SRR37899640	24165270	0.0	7.4262	3.9017	0.0	0.0
DRR996033	21718021	0.0	7.2638	0.9544	0.0	0.0
SRR19697352	43964276	3.8991	0.0	0.3842	0.0	0.0
SRR7267264	1753405	1.6979	0.0	0.0	0.0	0.0
SRR12546095	8767980	0.0	16.4358	0.0	0.0	0.0
SRR10607630	5189399	0.0	3.9985	6.1098	0.0	0.0
SRR27029087	20213970	0.0	3.6571	2.2558	0.0	0.0
SRR5871157	38186313	48.66	0.0	0.0	0.0	0.0
SRR12073956	30252220	0.1197	6.7206	1.6827	0.0	0.0
ERR14043228	39172196	0.0	1.0455	0.1415	0.0	0.0
SRR12624286	3280356	2.8027	0.0	0.3173	0.0	0.0
SRR12624287	3029363	2.5894	0.0	0.3214	0.0	0.0
SRR28718300	22349045	5.1917	0.0	1.2026	0.0	0.0
SRR34169752	41758438	0.0	1.3249	0.7356	0.0	0.0
SRR11785374	310803248	1.5595	0.0	2.4756	0.0	0.0
SRR17272037	20612563	0.1058	2.5714	0.7921	0.0	0.0
SRR29646195	22964115	0.0	21.3135	0.1599	0.0	0.0
SRR2989633	10053135	0.0	8.1382	0.1755	0.0	0.0
ERR15399348	54147881	0.0	0.0	2.3634	0.0	0.0
SRR37874274	24363346	0.0	6.6939	0.5175	0.0	0.0
ERR15289731	21077302	0.0	1.9659	0.3678	0.0	0.0
DRR623333	12796664	14.9506	0.0	3.3649	0.0	0.0
SRR8742259	25538741	3.8529	0.0	0.0	0.0	0.0
SRR21847000	21637223	0.1063	7.3306	0.2779	0.0	0.0
SRR30421785	22392936	94.0051	0.0	0.0	0.0	0.0
ERR5709390	32133597	0.0	10.4784	3.1449	0.0	0.0
SRR6398531	695311	0.5022	5.2164	2.6542	0.0	0.0
SRR12546098	10988696	0.0	33.2135	0.0	0.0	0.0
SRR10097385	21645019	0.0	3.865	0.0	0.0	0.0
SRR36099372	74219962	87.5142	0.0	0.2435	0.0	0.0
SRR7267122	2034112	8.3551	0.0	0.2987	0.0	0.0
SRR13069795	30235118	0.0	3.6887	0.8569	0.0	0.0
SRR33827809	23035424	0.0	3.2949	0.1367	0.0	0.0
SRR30673032	29438978	2.6723	0.0	1.0111	0.0	0.0
SRR27323249	1846665	0.0	8.7746	3.8387	0.0	0.0
SRR21354853	986926	0.0	24.496	1.913	0.0	0.0
SRR29384964	38293113	1.9972	0.0	0.4092	0.0	0.0
SRR35900960	27466162	22.3221	0.0	1.2677	0.0	0.0
DRR897983	15914057	0.0	32.6087	0.112	0.0	0.0
SRR19213932	4427020	0.0	3.9158	0.2886	0.0	0.0
SRR12899068	19720676	0.0	62.5127	0.137	0.0	0.0
SRR18856186	67207750	27.4937	0.0	0.5147	0.0	0.0
SRR30037365	21534481	0.0	1.7188	0.6221	0.0	0.0
SRR17518839	21853947	0.0	1.7555	0.0	0.0	0.0
SRR34326233	3616505	0.0	1.9955	0.0	0.0	0.0
SRR28718299	22513146	59.8399	0.0	0.3195	0.0	0.0
SRR39273546	225706800	2.7902	0.0	1.4423	0.0	0.0
SRR10137386	36357804	0.0	4.5814	0.1765	0.0	0.0
ERR13147837	21051126	1.2897	2.0955	0.0	0.0	0.0
ERR13147839	20035981	1.2845	2.0986	0.0	0.0	0.0
ERR13147838	21117984	1.2718	2.1084	0.0	0.0	0.0
SRR36910216	43093796	2.3491	0.0	5.342	0.0	0.0
SRR35284455	21554775	0.0	93.6649	0.1724	0.0	0.0
SRR24657689	20929226	0.0	19.8641	0.6566	0.0	0.0
SRR10736848	55379486	0.0	1.4285	0.0	0.0	0.0
SRR25534628	29249970	0.2961	2.2514	0.8331	0.0	0.0
SRR8742956	14061699	1.7024	0.0	0.1592	0.0	0.0
SRR12532036	22425598	0.0	12.2998	0.0	0.0	0.0
SRR14241054	24578355	0.0	0.0	2.5007	0.0	0.0
SRR10135158	8330591	0.0	4.1821	0.1173	0.0	0.0
SRR10160963	9163874	0.0	29.511	2.3496	0.0	0.0
SRR15371693	35334343	0.0	7.9674	0.2898	0.0	0.0
SRR34326527	5379376	0.0	3.6996	0.0	0.0	0.0
SRR27555698	43517994	0.2128	1.5316	0.0	0.0	0.0
SRR5195398	12529144	0.0	1.2567	0.0	0.0	0.0
ERR13765078	12610130	0.0	13.7574	0.1869	0.0	0.0
SRR19426695	50935677	3.5336	0.0	0.6326	0.0	0.0
SRR31639309	22363145	5.7197	0.0	0.3501	0.0	0.0
SRR30498990	25798154	3.8974	0.0	6.0148	0.0	0.0
SRR10135182	8889066	0.0	1.5969	0.2539	0.0	0.0
DRR736994	21051818	0.0	1.421	0.0	0.0	0.0
SRR21021829	39662166	0.0	1.1152	1.6077	0.0	0.0
SRR14865776	24218602	0.0	35.8998	1.1958	0.0	0.0
SRR21185683	24166636	4.3775	2.8813	0.1952	0.0	0.0
SRR24518415	25585835	0.0	10.5019	0.0	0.0	0.0
SRR29011650	24561198	0.0	6.5073	0.1486	0.0	0.0
SRR7267124	2151313	4.7258	0.0	0.0	0.0	0.0
SRR35228099	23840865	0.0	5.4067	2.8801	0.0	0.0
SRR20297014	28924755	0.0	1.3647	8.434	0.0	0.0
SRR865536	9231019	0.0	2.9546	0.0	0.0	0.0
SRR6511853	34259170	1.7381	0.0	0.1489	0.0	0.0
SRR16562506	22359846	0.0	2.0318	0.0	0.0	0.0
SRR7252165	4402412	0.0	2.0663	3.5751	0.0	0.0
SRR11566006	1506673	0.8342	3.2162	0.1815	0.0	0.0
SRR7266107	1106534	1.8114	0.0	0.0	0.0	0.0
SRR18461190	13709447	6.0088	0.0	0.4361	0.0	0.0
SRR7264722	1679799	3.4562	0.0	0.2095	0.0	0.0
SRR10549519	28759338	0.0	2.3275	0.0	0.0	0.0
SRR7896280	7614710	0.0	2.6609	4.1064	0.0	0.0
SRR24657701	22803767	0.0	18.4776	0.5074	0.0	0.0
SRR6039734	36117881	5.4049	0.0	0.0	0.0	0.0
SRR10269815	23376404	0.0	1.7552	0.1548	0.0	0.0
SRR15685546	27436516	0.0	2.6587	0.4052	0.0	0.0
SRR26860077	40179718	58.9914	0.0	0.5231	0.0	0.0
DRR838468	23932386	0.0	42.6071	0.0	0.0	0.0
SRR1793908	20099671	2.7868	0.0	0.0	0.0	0.0
SRR19213893	4524834	0.0	3.4992	0.3908	0.0	0.0
SRR21002207	41379202	1.5747	0.0	0.3573	0.0	0.0
SRR21796868	19808777	10.3011	0.0	0.7692	0.0	0.0
SRR23951525	23967099	0.0	2.0484	2.1965	0.0	0.0
SRR10135040	10257642	0.0	3.523	0.4027	0.0	0.0
SRR34326333	5205007	0.0	6.7675	0.1133	0.0	0.0
SRR7267326	1825756	3.1455	0.0	0.0	0.0	0.0
SRR7517491	26812748	0.0	24.0069	0.0	0.0	0.0
SRR10148844	10777400	0.0	7.3722	0.1697	0.0	0.0
SRR10148845	11396691	0.0	7.3841	0.1686	0.0	0.0
SRR10148846	10615001	0.0	7.3965	0.1718	0.0	0.0
SRR24557149	23082905	0.0	4.8291	0.1621	0.0	0.0
SRR7264982	1417904	1.8925	0.0	0.1272	0.0	0.0
SRR17183625	26143525	13.8232	0.0	0.3146	0.0	0.0
SRR16808863	21457853	0.0	0.0	0.9192	1.903	0.0
SRR17332366	20190546	0.0	0.0	24.9099	0.0	0.0
SRR35262462	40066750	3.6639	0.0	0.2764	0.0	0.0
DRR784924	29083393	0.0	3.376	0.6325	0.0	0.0
SRR8309946	14934684	3.7371	0.0	2.1603	0.0	0.0
SRR10135039	10257642	0.0	3.523	0.4027	0.0	0.0
SRR12615972	3934805	0.0	1.1512	0.8072	0.0	0.0
SRR23100175	22220206	0.0	2.8479	0.0	0.0	0.0
SRR17456113	24228367	0.0	5.8621	4.0362	0.0	0.0
SRR8309978	26068458	4.5561	0.0	0.1913	0.0	0.0
ERR2695983	6363319	0.0	83.0372	2.0872	0.0	0.0
SRR17456164	22408237	0.0	14.7674	1.8731	0.0	0.0
SRR36610578	19377156	2.9651	0.4294	0.2238	0.0	0.0
SRR14239709	23291475	0.8347	3.3783	3.3003	0.0	0.0
ERR10886968	50905285	23.1193	0.0	0.2008	0.0	0.0
SRR22973811	34915878	6.9972	0.0	0.8468	0.0	0.0
SRR20217850	31071683	0.0	3.1956	0.7516	0.0	0.0
SRR33516223	23736140	0.0	3.2732	0.1306	0.0	0.0
SRR12160881	20346750	0.0	20.9578	0.2845	0.0	0.0
SRR33883189	23263779	1.0658	4.8327	0.4665	0.0	0.0
SRR25969048	25841834	4.7464	0.0	1.6934	0.0	0.0
SRR8691571	33031939	0.0	4.3127	0.1069	0.0	0.0
SRR27333906	24181679	5.3657	3.9653	1.6562	0.0	0.0
SRR11574176	2337144	0.0	1.4738	0.1943	0.0	0.0
SRR5560658	29154830	0.0	1.2643	0.0	0.0	0.0
SRR36608494	21164555	0.0	2.3649	0.6736	0.0	0.0
SRR34326214	41084547	0.245	7.293	0.0	0.0	0.0
SRR29011764	24080621	0.0	3.1977	0.1157	0.0	0.0
SRR33323088	35241523	28.7926	0.0	1.4721	0.0	0.0
SRR7267236	1686633	2.7691	0.0	0.1721	0.0	0.0
SRR14673953	10340418	1.8767	0.0	3.2477	0.0	0.0
SRR37491913	18809645	3.4314	0.0	11.9397	0.0	0.0
SRR22751654	45484068	2.2571	0.0	0.3188	0.0	0.0
SRR38271984	21841092	0.1703	15.6614	1.1592	0.0	0.0
SRR25409331	20812515	0.0	2.1554	0.0	0.0	0.0
SRR27333888	26224713	0.0	4.1525	1.0213	0.0	0.0
SRR7266313	2340157	2.4675	0.0	0.0	0.0	0.0
SRR6257748	31227554	0.0	4.7877	1.1441	0.0	0.0
SRR13386512	23288490	20.22	0.0	9.6136	0.0	0.0
SRR20274956	22934981	0.0	21.4395	0.509	0.0	0.0
SRR14528080	41685543	0.0	23.4561	3.4918	0.0	0.0
SRR29011692	23873252	0.0	5.817	0.2108	0.0	0.0
SRR36910240	39524402	5.1537	0.0	4.4347	0.0	0.0
SRR11431616	1346123	0.0	2.1361	1.2766	0.0	0.0
SRR32131662	21645291	0.0	5.5324	1.0091	0.0	0.0
SRR34300106	32609119	3.2809	0.0	7.3676	0.0	0.0
SRR10203991	16656102	0.0	17.8268	0.4343	0.0	0.0
SRR10203994	46194204	0.0	17.9877	0.4947	0.0	0.0
SRR10203992	16636143	0.0	17.77	0.4113	0.0	0.0
SRR10203993	45522981	0.0	17.4863	0.465	0.0	0.0
SRR19363176	127241316	0.0	41.0315	1.2137	0.0	0.0
SRR7644288	22012164	19.9281	0.0	0.0	0.0	0.0
SRR24657693	22238789	0.0	26.8726	0.5771	0.0	0.0
SRR7000863	36795793	3.7369	0.0	0.0	0.0	0.0
SRR37519586	22742428	0.0	42.2779	0.278	0.0	0.0
SRR7172324	23738945	8.045	0.0	0.0	0.0	0.0
SRR10717615	31517516	10.3017	0.0	0.1353	0.0	0.0
SRR21021743	52800585	0.0	1.4603	4.7288	0.0	0.0
SRR34326384	29268597	0.0	10.3256	0.2571	0.0	0.0
SRR12245835	32705627	0.8059	14.3825	0.2469	0.0	0.0
SRR23055582	48031874	4.0775	0.0	1.1779	0.0	0.0
SRR32959933	22048859	9.3413	0.0	0.7314	0.0	0.0
SRR7000838	34033517	2.1399	0.0	0.0	0.0	0.0
SRR26860050	33262169	84.7792	0.0	0.0	0.0	0.0
SRR20450837	7922941	0.0	8.403	0.0	0.0	0.0
SRR5344029	110076499	0.0	0.0	15.8345	0.0	0.0
SRR5387766	46587587	0.0	11.7557	1.1853	0.0	0.0
ERR5052712	8867321	7.8236	0.0	0.268	0.0	0.0
ERR3891514	13116497	0.0	14.2904	1.4609	0.0	0.0
ERR5052713	9104221	7.7852	0.0	0.2678	0.0	0.0
SRR27323357	4509996	0.0	12.7889	3.1613	0.0	0.0
SRR29011645	26863543	0.0	1.163	0.1088	0.0	0.0
SRR6398536	439279	0.0	87.535	1.1981	0.0	0.0
SRR2082943	22988201	0.0	1.6388	0.0	0.0	0.0
ERR16864435	31976120	0.2586	5.9598	6.562	0.0	0.0
SRR7266041	864304	5.6134	0.0	0.1488	0.0	0.0
SRR12603809	58270267	0.0	0.0	13.4562	0.0	0.0
SRR20438174	141592205	1.1113	0.0	1.2569	0.0	0.0
SRR31187769	26914348	0.0	1.4819	0.1078	0.0	0.0
SRR18192448	22371882	33.2771	0.0	2.6891	0.0	0.0
SRR36292489	34599856	6.6989	0.2891	4.5945	0.0	0.0
SRR7507898	4489560	0.0	3.3123	0.0	0.0	0.0
SRR11791280	28508507	0.0	3.076	9.8639	0.0	0.0
SRR31833306	49999447	5.7788	0.0	0.6435	0.0	0.0
SRR7264860	4954296	2.2614	0.0	0.0	0.0	0.0
SRR36377807	23546849	0.0	0.0	0.0	1.9299	0.0
SRR7507911	5516918	0.0	1.7807	0.0	0.0	0.0
SRR4032275	12179073	0.0	11.5276	3.3063	0.0	0.0
SRR32045743	33240387	0.0	5.5563	1.1094	0.0	0.0
SRR39159309	23095438	0.0	2.9052	0.1346	0.0	0.0
SRR17069481	41885198	0.0	3.458	0.8104	0.0	0.0
SRR31712418	21409335	0.0	1.1596	0.0	0.0	0.0
ERR10691732	4940413	0.0	1.3498	2.4603	0.0	0.0
SRR5933166	17844554	0.0	4.6067	0.0	0.0	0.0
SRR36292479	44029713	7.1516	0.1657	5.2481	0.0	0.0
SRR10416837	16133270	0.0	1.7859	0.3638	0.0	0.0
SRR15731486	49172574	0.0	0.0	2.2591	0.0	0.0
SRR30895237	20025030	0.0	1.7592	0.3701	0.0	0.0
SRR28872805	44683629	1.7941	6.5429	3.3842	0.0	0.0
SRR16156375	12118303	15.0403	0.0	0.5011	0.0	0.0
SRR15607727	23946121	0.0	0.0	0.839	9.3759	0.0
DRR987234	19405719	0.0	2.8637	0.0	0.0	0.0
SRR7172331	31456476	3.7089	0.0	0.0	0.0	0.0
SRR10098205	31962650	0.0	3.2459	0.9486	0.0	0.0
SRR5130526	20708039	48.4628	0.0	0.326	0.0	0.0
SRR8080631	21582489	0.0	2.8865	0.0	0.0	0.0
SRR30166081	24005159	0.0	34.2253	0.0	0.0	0.0
SRR38194322	61841497	61.2649	0.0	0.5729	0.0	0.0
SRR39011235	75646018	7.2608	0.0	1.2324	0.0	0.0
SRR14822600	21493882	0.609	1.3496	2.2428	0.0	0.0
SRR29147511	647173	3.2579	1.662	21.7605	0.0	0.0
SRR10209329	21370989	1.3014	0.0	0.5738	0.0	0.0
SRR32911224	25256893	0.0	11.3837	0.8122	0.0	0.0
SRR13355214	33086046	14.7064	0.0	2.677	0.0	0.0
SRR19960529	28252305	0.1299	1.195	1.0594	0.0	0.0
SRR27129492	28335476	0.0	3.5641	0.0	0.0	0.0
ERR7421525	12520037	37.8209	0.5088	0.3215	0.0	0.0
SRR34326275	2766087	0.0	4.1196	0.0	0.0	0.0
ERR13346983	20656309	0.0	1.2262	0.1266	0.0	0.0
SRR31323368	22218181	0.0	14.2165	1.161	0.0	0.0
ERR13147957	19797434	3.048	2.7794	0.0	0.0	0.0
ERR13147956	21162711	3.031	2.7486	0.0	0.0	0.0
ERR13147955	21010610	3.0716	2.7398	0.0	0.0	0.0
SRR14651708	12039444	0.0	6.9985	0.8055	0.0	0.0
SRR25723158	14199756	0.7781	10.5602	1.8551	0.0	0.0
SRR7644356	19555440	16.1295	0.0	0.0	0.0	0.0
SRR17253403	26354904	0.0	2.6823	0.7811	0.0	0.0
SRR7267170	1051143	2.1104	0.0	0.0	0.0	0.0
SRR7508089	4806815	0.0	2.8018	0.0	0.0	0.0
SRR34300123	31813978	5.317	0.0	8.4881	0.0	0.0
SRR33981612	16112915	1.3674	0.7267	0.4131	0.0	0.0
SRR10137384	37748419	0.0	5.6417	0.1328	0.0	0.0
SRR29011915	50075054	0.2268	28.6745	0.3837	0.0	0.0
SRR16898046	18581976	0.0	18.2688	1.3968	0.0	0.0
SRR14674040	14487100	1.5944	0.0	1.8862	0.0	0.0
SRR39575305	50204588	0.0	68.75	0.812	0.0	0.0
ERR4352134	85407796	3.0361	0.0	0.2074	0.0	0.0
SRR11867814	27830605	0.0	5.2455	0.1614	0.0	0.0
SRR37723737	18261813	0.0	2.928	1.9677	0.0	0.0
SRR19243509	48898720	10.1395	0.1701	2.9454	0.0	0.0
SRR7266043	984677	1.6488	0.0	0.0	0.0	0.0
SRR7264795	2274940	5.14	0.0	2.6123	0.0	0.0
SRR10210759	10240938	0.0	8.7804	0.0	0.0	0.0
SRR20750983	173168	0.0	1.5205	2.4751	0.0	0.0
SRR34326392	36076840	0.0	3.7333	0.1167	0.0	0.0
SRR21021815	31794312	0.0	2.5332	1.4506	0.0	0.0
SRR23948039	14494569	0.0	22.7933	3.2975	0.0	0.0
SRR34469063	23114181	0.0	6.596	0.2712	0.0	0.0
SRR7267213	1859204	1.7457	0.0	0.0	0.0	0.0
SRR28864128	48782093	3.516	0.0	1.7053	0.0	0.0
SRR5665602	246283544	0.0	1.2924	3.098	0.0	0.0
SRR12171322	27568221	0.0	29.4256	0.0	0.0	0.0
SRR23614409	10490048	0.0	1.3479	2.331	0.0	0.0
SRR36443866	24484871	0.0	2.1162	19.9511	0.0	0.0
SRR24376166	24246324	0.0	20.7139	1.083	0.0	0.0
SRR22572743	139447337	1.5179	0.0	3.1389	0.0	0.0
SRR25254694	26446885	0.0	4.1755	0.7061	0.0	0.0
SRR13684649	11489954	0.0	3.1	9.0262	0.0	0.0
ERR9009068	791431	0.0	0.0	2.7436	0.0	0.0
SRR1001442	10871666	0.0	3.5887	0.0	0.0	0.0
SRR1001441	5739306	0.0	6.6675	0.0	0.0	0.0
SRR25566177	21419617	0.0	1.9426	4.3206	0.0	0.0
SRR9593748	19938425	0.0	6.9592	0.3013	0.0	0.0
SRR6387695	17592367	0.0	1.1586	0.2803	0.0	0.0
SRR17183626	31780341	16.6083	0.0	0.5075	0.0	0.0
DRR858070	80082985	48.6453	0.0	0.2384	0.0	0.0
ERR3627231	72953134	0.0	0.0	2.6428	29.9963	0.0
SRR7267198	843620	6.6903	0.0	0.0	0.0	0.0
SRR8872465	48866759	0.0	1.1275	0.0	0.0	0.0
SRR15853895	38557093	66.7922	0.8268	0.4261	0.0	0.0
SRR15141080	4876675	16.2835	0.0	1.7122	0.0	0.0
SRR17408151	5100552	0.7247	42.5873	3.8569	0.0	0.0
SRR37491912	5497195	3.9067	0.0	16.5383	0.0	0.0
SRR24348358	22151667	0.0	2.5791	0.0	0.0	0.0
SRR24145578	21668267	23.1027	0.0	2.1146	0.0	0.0
SRR20705602	32937111	0.0	85.7478	0.5059	0.0	0.0
SRR27126708	23666469	0.0	16.1998	0.2975	0.0	0.0
SRR11947567	26136061	10.7153	0.0	1.2885	0.0	0.0
SRR25475879	1	0.0	100.0	0.0	0.0	0.0
DRR1010076	32702931	0.0	5.0714	0.1625	0.0	0.0
SRR22425837	54147762	4.9027	0.0	1.5992	0.0	0.0
SRR31646420	20743747	0.0	9.8017	0.2595	0.0	0.0
SRR25064202	24298171	0.0	2.2157	0.5433	0.0	0.0
SRR17316604	8552324	0.0	2.1305	2.9892	0.0	0.0
SRR23948053	17085385	0.0	29.8052	7.1664	0.0	0.0
SRR29808741	21482234	5.02	0.0	3.241	0.0	0.0
SRR29011933	25134750	0.0	2.3046	0.2347	0.0	0.0
SRR29384835	39223869	2.4763	0.0	0.6442	0.0	0.0
SRR36910215	31379222	1.9673	0.0	2.937	0.0	0.0
SRR15742942	32243445	0.1548	0.0	2.0626	16.1148	0.0
SRR16938907	17787565	0.0	80.3037	0.4345	0.0	0.0
SRR10135107	10015945	0.0	3.1198	0.3814	0.0	0.0
SRR7267062	1694477	1.6275	0.0	0.0	0.0	0.0
SRR30125676	23563467	0.0	78.6559	0.6441	0.0	0.0
SRR8309956	12099207	2.6753	0.0	0.2931	0.0	0.0
SRR36292465	38476622	2.3771	3.2407	5.2928	0.0	0.0
SRR19226133	32500399	0.0	1.1838	0.1411	0.0	0.0
SRR17621047	15738044	0.0	12.2225	0.0	0.0	0.0
SRR27323156	14292	0.0	2.8827	4.2891	0.0	0.0
SRR23628281	41707356	0.0	3.0671	0.0	0.0	0.0
SRR10419100	28155807	0.0	2.818	0.0	0.0	0.0
SRR26931924	31582415	0.0	1.345	1.4455	0.0	0.0
ERR15368208	72241016	0.1414	4.8626	0.4023	0.0	0.0
SRR7266255	62111	1.0723	0.0	0.285	0.0	0.0
SRR7641904	15962845	0.0	3.4064	0.1343	0.0	0.0
SRR16938880	18386465	0.0	76.0204	0.0	0.0	0.0
ERR11650685	2545750	0.0	1.1247	0.7296	0.0	0.0
SRR21354752	359251	0.0	26.7259	3.6504	0.0	0.0
SRR17244265	23637396	0.0	22.2809	1.8452	0.0	0.0
SRR29688045	23514741	0.0	2.8912	0.1906	0.0	0.0
SRR25998775	59076586	3.2698	0.0	2.8754	0.0	0.0
SRR10210779	10214134	0.0	12.2195	0.9769	0.0	0.0
SRR31429546	23673881	0.0	4.4993	0.1341	0.0	0.0
SRR27851096	21539732	0.0	6.6362	1.0776	0.0	0.0
SRR13824039	1462777	69.3618	0.0	0.1512	0.0	0.0
SRR15141100	3108701	9.6418	0.0	1.431	0.0	0.0
SRR31180136	23140425	0.0	2.3418	0.8699	0.0	0.0
ERR16716157	1458163	0.0	0.0	21.8017	0.0	0.0
SRR9587995	32269477	0.0	1.7085	0.1742	0.0	0.0
SRR35874122	23121298	0.0	10.6723	0.204	0.0	0.0
SRR35531430	12099915	0.4847	2.5315	0.296	0.0	0.0
SRR16925056	23369355	0.0	17.2687	0.1997	0.0	0.0
SRR23797907	27575943	0.0	2.2779	0.1018	0.0	0.0
ERR10886989	49575038	5.9359	0.1099	0.184	0.0	0.0
SRR7361610	20310417	0.0	4.6226	0.0	0.0	0.0
SRR7265013	714140	1.1335	0.0	0.4233	0.0	0.0
SRR13425450	74071754	3.0961	0.0	0.3822	0.0	0.0
SRR13069791	29615197	0.0	3.5666	0.8534	0.0	0.0
SRR24956701	18042841	0.0	0.0	13.2562	0.0	0.0
SRR33931471	19799903	6.3587	0.0	0.3048	0.0	0.0
SRR22858685	20616015	0.0	14.2609	0.8976	0.0	0.0
SRR31319081	174660	0.0	4.3983	1.1703	0.0	0.0
SRR11814971	29805796	2.3517	0.0	0.1211	0.0	0.0
SRR7267347	828642	9.5192	0.1414	0.0	0.0	0.0
SRR34300145	36810020	5.4766	0.0	6.9123	0.0	0.0
SRR7267271	96152	1.7254	0.0	0.9714	0.0	0.0
SRR23797927	37152142	0.0	2.9569	0.0	0.0	0.0
ERR7221675	12533006	0.0	29.7917	0.1935	0.0	0.0
ERR2695978	7445660	0.0	95.5869	0.4413	0.0	0.0
SRR16480623	29529470	0.0	7.1416	7.8008	0.0	0.0
SRR14467123	54561216	3.2158	0.0	1.648	0.0	0.0
SRR23095538	43191510	0.0	2.2771	0.4253	0.0	0.0
SRR33150748	17418240	0.0	74.9936	0.4273	0.2237	0.0
SRR17310603	101260156	0.0	20.2525	0.4861	0.0	0.0
SRR29384840	39590279	1.8762	0.0	1.2835	0.0	0.0
SRR39292875	85610130	0.0	55.2941	2.4515	0.0	0.0
SRR7266039	1768943	2.4692	0.0	0.2815	0.0	0.0
SRR8586766	36342726	1.6473	0.0	0.3089	0.0	0.0
SRR10135341	8373450	0.0	1.4948	0.1871	0.0	0.0
SRR31319083	173113	0.0	2.912	1.1594	0.0	0.0
SRR9937184	28865986	0.0	17.0683	0.0	0.0	0.0
SRR31319054	5531638	0.0	2.0875	6.5909	0.0	0.0
SRR24657692	24472080	0.0	16.9906	0.6816	0.0	0.0
SRR29384938	37404396	1.6133	0.0	0.8973	0.0	0.0
SRR25998784	30548404	2.6487	0.0	1.7873	0.0	0.0
DRR824738	37709594	0.0	0.0	2.9375	35.7754	0.0
SRR30068642	40473088	0.0	2.1153	1.9412	0.0	0.0
SRR12214144	22834931	0.0	1.1598	0.1537	0.0	0.0
SRR29012032	24647002	0.0	1.2613	0.1354	0.0	0.0
SRR20480222	19480679	0.0	1.9611	2.3154	0.0	0.0
SRR20722041	10254633	0.0	2.3944	2.7727	0.0	0.0
DRR745646	18884357	10.0868	0.0	0.0	0.0	0.0
SRR7266337	2719993	4.4496	0.0	0.2037	0.0	0.0
SRR17267237	17727940	2.6762	0.0	0.784	0.0	0.0
SRR8163295	40650955	0.0	3.1351	0.0	0.0	0.0
SRR6820471	10477548	0.0	1.5463	2.2091	0.0	0.0
SRR18474739	21823327	17.2659	0.0	0.263	0.0	0.0
SRR21021637	31270915	0.1385	7.1042	0.3087	0.0	0.0
SRR20750958	1272813	0.0	1.365	1.9746	0.0	0.0
SRR7508025	5091119	0.0	2.7011	0.0	0.0	0.0
SRR34421096	27109301	0.0	2.4669	0.0	0.0	0.0
SRR8309077	9847343	1.465	0.0	0.0	0.0	0.0
SRR33516341	28634706	0.0	1.2601	0.0	0.0	0.0
SRR12160876	27773958	0.0	13.0184	0.3857	0.0	0.0
SRR28736443	25955076	2.4843	0.0	1.3276	0.0	0.0
SRR30125659	24612932	0.0	66.0396	0.6698	0.0	0.0
SRR23635643	43653188	8.7331	0.0	5.6492	0.0	0.0
SRR7508107	5160237	0.0	2.5268	0.0	0.0	0.0
SRR32959947	24456723	12.1384	0.0	0.6969	0.0	0.0
ERR13346979	23390535	0.0	2.2116	0.0	0.0	0.0
SRR7764145	11698218	0.0	13.5855	0.0	0.0	0.0
ERR16803915	12216038	0.4523	0.0	7.4771	0.0	0.0
ERR3627221	73129619	0.0	0.0	3.84	5.7706	0.0
SRR5428550	51543762	0.0	1.2456	0.2031	0.0	0.0
SRR7265981	10332557	3.1237	0.0	0.0	0.0	0.0
SRR29854828	21803202	0.0	1.6494	0.0	0.0	0.0
SRR34300150	39597438	5.3952	0.0	8.3618	0.0	0.0
SRR36134883	4980860	6.332	0.0	2.212	0.0	0.0
SRR7413610	7725192	4.265	0.0	3.4411	0.0	0.0
SRR28402767	24897020	0.0	13.9694	0.2261	0.0	0.0
SRR25485410	17617171	0.0	0.0	6.6734	0.0	0.0
SRR37874275	24427368	0.0	15.6315	0.5043	0.0	0.0
ERR11156409	18507033	0.0	1.4007	0.9251	0.0	0.0
SRR5871145	51596351	13.6548	0.0	0.9749	0.0	0.0
SRR12207819	24892998	0.0	1.7332	0.1463	0.0	0.0
SRR10586397	22243555	7.3728	0.0	0.0	0.0	0.0
ERR12186754	188935704	1.4269	0.0	0.9999	0.0	0.0
SRR6706099	13093725	0.0	1.7724	0.1254	0.0	0.0
SRR26909769	25856978	8.0746	0.0	2.7498	0.0	0.0
SRR12157977	94239829	0.0	1.5544	0.0	0.0	0.0
SRR29012026	25132407	0.0	9.8781	0.0	0.0	0.0
SRR9854218	22642627	0.0	9.096	0.0	0.0	0.0
SRR30498991	26447051	1.4765	0.0	5.7927	0.0	0.0
SRR38514391	33636219	0.0	2.1966	7.169	0.0	0.0
ERR15368202	89945068	0.0	9.346	0.3435	0.0	0.0
SRR12054304	31321990	2.461	0.0	0.5752	0.0	0.0
SRR31801779	21519762	0.0	2.0568	0.5762	0.0	0.0
SRR12532025	22274057	0.0	2.8828	0.0	0.0	0.0
SRR6395472	89221446	2.164	0.0	2.1075	0.0	0.0
SRR33672644	21369330	1.1367	0.0	0.7032	0.0	0.0
SRR34469085	21896772	0.0	1.9303	0.3516	0.0	0.0
SRR7266026	88888	2.0014	0.0	0.0	0.0	0.0
SRR26462340	25333939	0.0	7.1763	0.1457	0.0	0.0
SRR12532050	22641129	0.0	7.3109	0.0	0.0	0.0
SRR29362608	20800527	20.8322	0.0	2.3248	0.0	0.0
SRR28736444	23861702	1.9991	0.0	1.9044	0.0	0.0
SRR3383694	9228620	2.9494	0.0	0.0	0.0	0.0
SRR27323283	3502584	0.0	7.338	1.9303	0.0	0.0
SRR10148826	11528985	0.0	4.7276	0.8905	0.0	0.0
SRR10148827	12150455	0.0	4.7233	0.8896	0.0	0.0
SRR10148828	11379894	0.0	4.7317	0.8953	0.0	0.0
SRR33516317	22991957	0.0	1.219	0.0	0.0	0.0
SRR16562500	22183597	0.0	1.4733	0.0	0.0	0.0
SRR37874233	22333887	0.0	2.8999	0.6442	0.0	0.0
SRR7518433	13709608	3.0781	0.0	0.0	0.0	0.0
SRR30725418	42392885	0.0	1.1803	0.1861	0.0	0.0
SRR29012008	23757125	0.0	3.2542	0.1284	0.0	0.0
SRR32806008	28240194	2.1833	0.0	0.4177	0.0	0.0
SRR14614685	20328818	0.0	62.2424	0.1074	0.0	0.0
SRR12103243	179	0.0	3.352	0.0	0.0	0.0
SRR7264921	2386234	2.303	0.0	0.0	0.0	0.0
SRR23628273	40203178	0.0	4.9061	0.0	0.0	0.0
SRR1200975	25516288	0.0	7.7236	0.0	0.0	0.0
SRR13449988	125923218	0.0	1.946	1.3921	0.0	0.0
ERR13301972	172869	0.0	0.0	16.299	0.0	0.0
SRR6281216	39036079	0.0	1.2024	2.1139	0.0	0.0
SRR30708827	24218683	0.0	64.5467	0.2536	0.0	0.0
SRR22973866	37779618	5.2862	0.0	1.1163	0.0	0.0
SRR34300168	33073559	3.6036	0.0	6.0765	0.0	0.0
SRR11574246	1777435	0.0	4.2698	0.6408	0.0	0.0
ERR2560190	23206250	0.1405	28.0593	1.3736	0.0	0.0
SRR12904739	33685407	0.0	14.5091	0.4351	0.0	0.0
SRR33516475	27037370	0.0	7.4233	0.1889	0.0	0.0
SRR34094677	23134433	23.664	0.0	0.468	0.0	0.0
SRR21354739	198736	0.0	25.9943	8.3382	0.0	0.0
SRR8204137	25542623	14.7646	0.0	0.0	0.0	0.0
SRR16938963	16391736	0.0	51.1521	0.2858	0.0	0.0
SRR23705996	30396725	0.1428	0.0	11.6075	9.7148	0.0
SRR22015147	27264879	5.8693	0.0	0.2342	0.0	0.0
SRR1200977	26809037	0.0	26.8999	0.0	0.0	0.0
SRR7266297	753772	5.8056	0.0	0.0	0.0	0.0
SRR7267227	1312201	12.5229	0.0	0.0	0.0	0.0
SRR28045287	21446826	3.0878	0.0	0.7331	0.0	0.0
SRR6123561	11111121	39.6331	0.0	0.0	0.0	0.0
SRR22973867	31909223	5.5502	0.0	1.5146	0.0	0.0
SRR30202426	19187908	0.0	1.713	0.0	0.0	0.0
SRR31669368	9335875	0.0	9.8751	3.2095	0.0	0.0
SRR32389830	46243313	0.0	2.8669	0.2213	0.0	0.0
SRR9919007	24746044	0.0	2.3397	0.467	0.0	0.0
SRR11574242	1282490	0.0	3.2826	0.9206	0.0	0.0
SRR12998706	40659141	1.7062	0.0	1.1331	0.0	0.0
SRR33516546	23216520	0.0	1.8379	0.1383	0.0	0.0
SRR13900322	32441520	9.0218	0.0	3.6425	13.5515	0.0
SRR27371164	19308093	0.0	1.7704	0.2625	0.0	0.0
SRR24956645	18209435	0.0	0.0	19.1858	0.0	0.0
SRR20337005	11922142	0.0	28.6564	0.7125	0.0	0.0
SRR21209539	27347548	0.0	15.6346	2.3962	0.0	0.0
SRR38119249	5698599	0.0	0.0	6.158	0.0	0.0
ERR10886996	47550424	23.6414	0.3529	0.2531	0.0	0.0
SRR16898043	19492868	0.0	14.6189	1.2533	0.0	0.0
SRR21848981	24425701	0.0	2.465	4.0395	0.0	0.0
SRR8703827	24243589	0.0	1.6717	0.0	0.0	0.0
SRR10317699	26621339	1.9995	0.0	1.2571	0.0	0.0
SRR33827823	23835634	0.0	2.3304	0.0	0.0	0.0
SRR7152523	20674928	0.0	1.4125	0.0	0.0	0.0
SRR27323355	3313912	0.0	18.9784	2.8377	0.0	0.0
SRR34697348	21569276	6.0972	0.0	0.561	0.0	0.0
SRR2989622	11594278	0.0	1.1377	0.1828	0.0	0.0
SRR14141736	125129490	0.0	10.8011	0.1397	0.0	0.0
SRR6215481	93170743	35.457	0.0	0.8454	0.0	0.0
SRR12532037	22445943	0.0	12.8901	0.0	0.0	0.0
SRR21021725	26750945	0.0	4.4576	1.361	0.0	0.0
SRR35646289	27174830	8.3261	0.0	0.8369	0.0	0.0
SRR11035837	9442591	0.0	11.9832	2.8664	0.0	0.0
SRR27371166	21707696	0.0	2.1208	0.3913	0.0	0.0
SRR13574987	40195518	0.4226	4.619	8.2371	0.0	0.0
SRR29646184	31586752	0.0	5.3233	0.319	0.0	0.0
SRR5133185	22634353	0.0	1.5599	0.1533	0.0	0.0
DRR733423	28696200	0.0	0.4436	2.6195	0.0	0.0
SRR30555180	25880967	4.5618	0.0	0.3202	0.0	0.0
SRR9134333	22925510	0.0	5.4376	2.7097	0.0	0.0
SRR1779317	16061546	0.0	3.8555	0.3903	0.0	0.0
SRR27236330	32711535	0.4257	53.102	0.5619	0.0	0.0
SRR7266149	2280377	2.8216	0.0	0.0	0.0	0.0
SRR24823441	16246625	0.0	7.5507	2.6364	0.0	0.0
SRR25254481	29025578	0.0	1.5575	1.1573	0.0	0.0
SRR6466875	55147114	0.0	5.9675	0.3765	0.0	0.0
SRR7266965	1223305	2.4563	0.0	0.1885	0.0	0.0
SRR16480641	29348730	0.0	2.6957	5.4626	0.0	0.0
SRR3371852	12067928	0.0	32.4861	0.0	0.0	0.0
SRR6347981	25477156	0.0	0.0	2.8834	0.0	0.0
SRR30495753	27373729	3.9812	0.0	5.1817	0.0	0.0
DRR260977	6690168	0.0	5.594	14.6866	0.0	0.0
SRR7644355	24253060	14.9508	0.0	0.0	0.0	0.0
SRR14238794	22453066	2.6992	0.0	0.2213	0.0	0.0
SRR38924883	34443113	12.2119	0.0	0.712	0.0	0.0
SRR16898047	17491933	0.0	14.0657	0.7562	0.0	0.0
SRR30498939	27346443	10.4037	0.0	7.7095	0.0	0.0
SRR13590825	24301613	0.0	3.8585	0.1086	0.0	0.0
SRR34355022	20977615	0.0	49.2873	0.491	0.0	0.0
SRR26860115	34150156	57.2778	0.0	0.1902	0.0	0.0
SRR6039726	36655397	2.3206	0.0	0.2412	0.0	0.0
SRR6189712	21976001	0.0	1.7023	0.0	0.0	0.0
SRR6039727	36161783	2.3378	0.0	0.2343	0.0	0.0
SRR17310095	4952286	0.0	0.0	3.1392	0.0	0.0
SRR17310098	4781819	0.0	0.0	3.2087	0.0	0.0
SRR17310099	4592841	0.0	0.0	3.1801	0.0	0.0
SRR17310102	4478379	0.0	0.0	2.9111	0.0	0.0
SRR18394865	40146659	0.0	0.0	3.5987	0.0	0.0
SRR34300130	30088912	6.902	0.0	7.6023	0.0	0.0
SRR33522642	25953808	0.0	0.0	2.8838	0.0	0.0
DRR839504	71815398	12.0194	0.0	1.7836	0.0	0.0
SRR18960291	24025890	0.0	2.2217	2.0627	0.0	0.0
SRR22016206	43458598	0.0	0.0	0.8147	7.9972	0.0
ERR4606219	19024319	0.0	1.2564	0.1458	0.0	0.0
SRR2954748	6712883	0.0	2.1127	3.9386	0.0	0.0
ERR10886955	50102879	8.5201	0.0	0.2691	0.0	0.0
SRR17310096	4777743	0.0	0.0	3.1783	0.0	0.0
SRR8984396	25188615	0.0	2.4134	0.0	0.0	0.0
ERR3971852	21091809	0.0	0.0	0.8936	7.252	0.0
SRR29362653	21371228	31.2576	0.0	1.1487	0.0	0.0
SRR34326246	4429613	0.0	2.1498	0.0	0.0	0.0
SRR25522841	34638478	0.0	0.0	3.3377	0.0	0.0
SRR21237718	22286500	0.0	35.2973	1.0384	0.0	0.0
ERR10887007	54127235	24.2684	0.295	0.2385	0.0	0.0
SRR7267141	1938376	1.856	0.0	0.0	0.0	0.0
SRR2862237	14732837	0.0	1.885	0.0	0.0	0.0
SRR16709568	31731934	0.0	1.5483	0.2925	0.0	0.0
SRR16938940	19041250	0.0	86.0643	0.7001	0.0	0.0
DRR1010079	26985762	0.0	1.8254	0.111	0.0	0.0
SRR1756740	29449179	4.0714	0.0	0.1191	0.0	0.0
SRR28415842	25136926	0.0	4.2184	0.2829	0.0	0.0
SRR35697314	27038654	0.0	57.0347	1.3371	0.0	0.0
SRR5283174	36905327	0.0	3.5747	1.6746	0.0	0.0
SRR6123559	11819828	38.3002	0.0	0.0	0.0	0.0
SRR34326273	4851657	0.0	4.7184	0.0	0.0	0.0
SRR10135105	8714551	0.1527	3.215	0.2111	0.0	0.0
SRR7266330	2722129	4.0	0.0	0.0	0.0	0.0
SRR36786296	47893078	4.3598	0.0	1.887	0.0	0.0
SRR31239347	48247815	1.3575	12.5983	0.9185	0.0	0.0
SRR6333620	24180814	0.1512	5.001	2.7436	0.0	0.0
SRR24956605	17245091	0.0	0.0	14.6427	0.0	0.0
SRR21021840	14476607	0.0	1.0208	0.2647	0.0	0.0
SRR27298213	814897	0.0	3.2026	0.5055	0.0	0.0
SRR24415114	43750530	0.1069	1.5781	1.457	0.0	0.0
SRR10448330	2308717	2.5733	0.0	61.0737	0.0	0.0
DRR871554	23217735	0.0	10.037	0.3111	0.0	0.0
SRR27344851	25545456	0.0	3.1678	1.7781	0.0	0.0
SRR6347965	40313760	0.0	0.0	2.7324	0.0	0.0
SRR37630607	24981861	0.0	2.4507	1.7497	0.0	0.0
SRR7195172	26472702	18.2702	0.0	0.0	0.0	0.0
ERR7421528	20755164	41.1132	0.4148	0.26	0.0	0.0
SRR8812357	21703081	0.0	1.239	0.7264	0.0	0.0
ERR2930765	27274024	0.0	12.4763	8.8807	0.0	0.0
SRR28787784	28551057	32.0768	0.0	0.8768	0.0	0.0
ERR15368166	78860587	0.0	7.7909	0.3	0.0	0.0
SRR15853903	27389333	0.0	3.1864	2.0911	0.0	0.0
SRR19243508	57661393	7.6024	0.1298	1.6738	0.0	0.0
SRR21021744	35873564	0.0	3.7407	1.1719	0.0	0.0
SRR34792287	28225259	0.2602	0.0	4.4827	0.0	0.0
SRR10237340	24162736	0.0	3.0178	0.2603	0.0	0.0
SRR7266317	1881451	7.2136	0.0	0.0	0.0	0.0
SRR8992623	2241500	4.1777	0.0	0.1527	0.0	0.0
SRR8992625	1981811	4.2384	0.0	0.1607	0.0	0.0
SRR8992624	2294314	4.1785	0.0	0.1476	0.0	0.0
SRR30202435	20383791	0.0	21.4277	0.0	0.0	0.0
SRR1779466	7145523	0.0	5.7126	0.0	0.0	0.0
SRR7266122	113272	6.0518	0.0	0.0	0.0	0.0
SRR22351708	21424900	0.0	16.6111	0.3016	0.0	0.0
SRR35430845	10917143	0.0	4.1881	0.4087	0.0	0.0
SRR17916353	23480977	32.6645	0.0	0.7575	0.0	0.0
SRR18088069	42389837	0.0	0.0	3.2863	0.0	0.0
ERR3452452	10948133	0.0	6.2409	0.2973	0.0	0.0
ERR3452451	10944694	0.0	6.3471	0.2999	0.0	0.0
SRR14162033	649040154	0.0	2.4448	0.1708	0.0	0.0
SRR29654751	26727955	0.0	13.6995	0.5045	0.0	0.0
SRR38739902	23972403	0.0	3.2116	1.1792	0.0	0.0
SRR11611195	51523698	0.0	1.194	0.9816	0.0	0.0
SRR12160882	26974776	0.0	30.8995	0.2717	0.0	0.0
SRR28353099	30904727	0.0	3.9052	0.1173	0.0	0.0
SRR35430829	10228310	0.0	5.6378	0.2106	0.0	0.0
SRR12142038	10000	0.0	5.53	0.0	0.0	0.0
ERR16140447	38773457	0.0	2.0723	1.5253	0.0	0.0
SRR10135871	2877440	0.0	76.0591	0.0	0.0	0.0
ERR14035375	28142017	0.1747	0.0	3.1199	0.0	0.0
SRR25301400	26691758	0.1593	3.2532	2.2929	0.0	0.0
SRR33326864	37152220	6.8479	0.0	1.4033	0.0	0.0
SRR37491896	19989230	7.0762	0.0	10.501	0.0	0.0
SRR12603814	47370121	0.0	0.0	5.3877	0.0	0.0
SRR36367314	30296349	8.22	0.0	5.9954	0.0	0.0
SRR23502991	21896061	1.0658	6.7051	0.4724	0.0	0.0
SRR34326265	8481709	0.0	3.5277	0.1753	0.0	0.0
SRR24804922	22337768	0.2852	37.5864	0.8112	0.0	0.0
SRR9134312	21132415	0.0	5.8914	1.4919	0.0	0.0
SRR33386581	28481951	0.0	3.5299	1.1777	0.0	0.0
SRR27322976	1295353	0.0	11.6614	1.7769	0.0	0.0
SRR32622489	22166066	1.4606	0.0	0.0	0.0	0.0
DRR992041	23899478	0.0	1.2107	0.0	0.0	0.0
SRR7508087	4440107	0.0	1.1263	3.2997	0.0	0.0
SRR26264110	23758590	0.0	25.7254	0.307	0.0	0.0
SRR39039997	19976631	8.3363	0.1054	0.1025	0.0	0.0
SRR12998697	46349756	1.8013	0.0	0.9369	0.0	0.0
SRR23703169	34515049	0.0	2.1927	0.7443	0.0	0.0
SRR26083772	22042012	0.0	9.3298	0.9237	0.0	0.0
SRR36670886	54689612	11.7573	0.0	0.8162	0.0	0.0
SRR29826760	29913877	70.7115	0.0	1.8087	0.0	0.0
SRR13566495	23072051	0.0	5.2696	0.0	0.0	0.0
SRR34420500	22984534	0.0	0.0	0.219	7.9607	0.0
SRR13274993	21497016	0.0	7.296	0.1083	0.0	0.0
SRR36158482	137269266	0.0	36.8523	0.2198	0.0	0.0
SRR28000272	22212718	0.0	11.2546	0.5671	0.0	0.0
SRR4416246	22197174	0.0	9.2108	0.0	0.0	0.0
SRR32791212	46093	0.217	0.0	12.4054	0.0	0.0
SRR34326388	25337009	0.0	4.1355	0.1084	0.0	0.0
ERR12186753	182290871	2.0642	0.0	1.0435	0.0	0.0
SRR7266063	2387969	2.3746	0.0	0.0	0.0	0.0
SRR8797236	22496853	0.0	1.1284	0.0	0.0	0.0
SRR36292436	40750853	4.9356	0.0	8.0092	0.0	0.0
SRR36292481	35810268	9.7535	0.1424	4.7996	0.0	0.0
SRR27709654	20076266	0.2164	7.2409	0.2202	0.0	0.0
SRR6837845	101363137	0.0	2.925	2.3233	0.0	0.0
SRR12546071	10878033	0.0	38.4888	0.0	0.0	0.0
SRR13590820	21478587	4.6383	5.0646	0.4674	0.0	0.0
SRR13355209	27163834	12.623	0.0	2.4533	0.0	0.0
SRR19426698	45300075	19.8975	0.0	0.4214	0.0	0.0
SRR35430692	33244436	0.0	0.0	3.9734	0.0	0.0
SRR25379830	19361789	0.0	0.0	0.6135	1.2451	0.0
SRR21354834	543499	0.0	18.8201	4.026	0.0	0.0
SRR5130524	13966550	2.8312	0.0	0.1312	0.0	0.0
SRR21021585	26739279	0.0	1.388	0.2118	0.0	0.0
SRR7507921	4612014	0.0	1.5664	1.6504	0.0	0.0
SRR15144333	22690377	0.0	1.7311	1.3785	0.0	0.0
SRR6266123	12359418	0.0	2.9014	0.0	0.0	0.0
SRR17286860	39542066	0.0	55.3373	1.226	0.0	0.0
DRR828893	23634534	0.0	0.0	0.1158	3.929	0.0
SRR29289963	31917541	0.0	25.8899	1.6816	0.0	0.0
SRR7267135	1164246	3.2813	0.0	0.0	0.0	0.0
SRR7641911	15212563	0.0	2.8623	0.0	0.0	0.0
SRR12546069	13172195	0.0	49.6861	0.0	0.0	0.0
SRR25301179	23411428	0.3689	26.894	1.5139	0.0	0.0
SRR27866693	72705453	0.0	1.1906	1.9959	0.0	0.0
SRR21484391	38041501	15.084	0.0	1.8986	0.0	0.0
SRR25046096	24104522	0.0	1.7413	0.1182	0.0	0.0
ERR10886956	49106514	8.5464	0.0	0.2702	0.0	0.0
SRR10599091	25432110	0.103	48.4408	0.0	0.0	0.0
SRR18394855	25331275	0.0	0.0	16.7935	0.0	0.0
SRR33701052	23998680	0.0	2.1052	0.2878	0.0	0.0
ERR13230697	3316734	0.0	0.0	9.2192	0.0	0.0
SRR13822318	19082685	0.0	1.3692	0.0	0.0	0.0
SRR27331758	2334945	0.0	10.743	0.5972	0.0	0.0
SRR16480626	31386393	0.0	30.173	3.1572	0.0	0.0
SRR15614362	36352052	0.0	6.2474	1.8499	0.0	0.0
SRR8418260	2178460	4.2435	0.0	0.8658	0.0	0.0
SRR8984109	42171550	34.3016	0.0	3.3583	0.0	0.0
ERR4369197	20186360	0.0	3.7431	1.2122	0.0	0.0
SRR6398509	685278	0.0	41.2205	1.1607	0.0	0.0
SRR15141321	3812769	1.9248	0.0	2.2039	0.0	0.0
SRR24451050	25400171	4.0574	2.2333	0.0	0.0	0.0
SRR20705615	31337419	0.0	47.1453	0.5349	0.0	0.0
SRR30495782	31778099	4.2654	0.0	4.7408	0.0	0.0
SRR10148823	11018152	0.0	6.4943	0.8133	0.0	0.0
SRR10148824	11586192	0.0	6.4934	0.8071	0.0	0.0
SRR10148825	11030023	0.0	6.497	0.8108	0.0	0.0
SRR26860151	34856196	39.2242	0.0	0.1367	0.0	0.0
ERR4329560	78954292	2.5354	0.0	0.0	0.0	0.0
ERR990488	63022633	8.3836	0.0	4.483	0.0	0.0
SRR21021819	35186521	0.2791	1.0786	2.5565	0.0	0.0
SRR23524539	43597688	0.0	1.3896	0.4823	0.0	0.0
SRR30498923	24149799	6.321	0.0	4.9479	0.0	0.0
SRR27749217	22878977	4.032	0.0	1.4753	0.0	0.0
ERR4627144	35253854	0.0	0.0	3.1443	0.0	0.0
ERR4369186	14355818	0.2243	1.0382	0.8339	0.0	0.0
SRR10549528	29121193	0.0	4.6818	0.0	0.0	0.0
SRR38355591	22565576	0.1039	4.7521	0.6765	0.0	0.0
SRR34326396	4858932	0.0	2.0272	0.0	0.0	0.0
SRR34061851	34875463	0.0	3.6729	0.1749	0.0	0.0
SRR7266307	1686078	1.5594	0.0	0.0	0.0	0.0
SRR31124732	21312135	0.0	1.6754	1.0468	0.0	0.0
SRR32921750	38161459	0.0	23.3035	1.0256	0.0	0.0
SRR10014848	24662429	0.0	2.2436	0.0	0.0	0.0
SRR32045728	23139072	0.0	1.2659	0.8709	0.0	0.0
SRR38355305	19927667	70.5998	0.0	1.1458	0.1046	0.0
SRR17272039	20589172	0.0	3.6435	0.8817	0.0	0.0
SRR32395598	19860665	0.0	1.6086	0.0	0.0	0.0
SRR36910205	35764615	7.4606	0.6027	4.4385	0.0	0.0
SRR28392412	36428688	0.1559	2.8219	0.9016	0.0	0.0
SRR10153112	11992437	0.0	3.3244	0.0	0.0	0.0
SRR19226119	24162253	0.0	1.3333	0.1356	0.0	0.0
SRR25402472	3082839	4.7567	3.0439	2.4143	0.0	0.0
SRR26321445	16801703	0.0	6.1315	0.0	0.0	0.0
ERR2317249	575512	0.0	0.0	4.0072	0.0	0.0
SRR14239717	23649954	0.0	1.9365	4.5634	0.0	0.0
SRR17456154	24155184	0.0	26.255	1.3513	0.0	0.0
SRR7264990	1765159	3.0277	0.0	0.0	0.0	0.0
ERR15368195	71848555	0.0	7.8457	0.4348	0.0	0.0
SRR12475893	23083700	0.0	2.0586	1.7672	0.0	0.0
SRR31913469	22486338	0.0	3.4659	0.2639	0.0	0.0
SRR10448367	1446970	0.9026	34.7105	42.5749	0.0	0.0
ERR3791659	27822612	0.0	0.0	8.1326	0.0	0.0
SRR33279960	27582430	0.1892	30.8678	2.1113	0.0	0.0
DRR871574	21487780	0.0	1.4401	0.1894	0.0	0.0
SRR7526694	12338159	1.748	0.2585	0.0	0.0	0.0
SRR14777753	12415901	0.3875	1.6707	2.3382	0.0	0.0
SRR25021970	30178430	0.0	2.7394	4.5638	0.0	0.0
SRR15742931	24248109	0.0	0.0	0.672	4.3404	0.0
SRR19216026	36348045	0.1507	18.2833	0.4052	10.7352	0.0
SRR22382642	9426069	0.0	7.3765	0.8146	0.0	0.0
SRR29406665	5917783	0.5999	0.0	27.3139	0.0	0.0
SRR3371839	13153722	0.0	26.907	0.0	0.0	0.0
SRR7718945	44700468	0.0	0.0	3.6725	0.0	0.0
SRR1779188	12076541	0.0	1.8159	0.0	0.0	0.0
SRR25969040	34348920	2.9878	0.0	2.0552	0.0	0.0
SRR30501045	20607036	0.0	22.4753	0.2731	0.0	0.0
SRR30725435	39602605	0.0	2.0426	0.138	0.0	0.0
SRR31180143	23234073	0.0	1.4942	0.7127	0.0	0.0
SRR13951266	22804105	0.0	1.6813	0.0	0.0	0.0
SRR11431603	1140049	0.0	4.6438	2.2203	0.0	0.0
SRR17456151	23351541	0.0	23.9916	1.4968	0.0	0.0
SRR30570090	62497217	46.7101	11.1183	0.1721	0.0	0.0
DRR623330	4195182	7.2137	0.0	3.736	0.0	0.0
SRR10193525	26280494	0.0	5.7719	0.2457	0.0	0.0
ERR12186757	186379827	6.0566	0.0	1.4492	0.0	0.0
SRR16709559	29863630	0.0	11.5711	0.3736	0.0	0.0
SRR33516293	31141489	0.0	3.5669	0.1078	0.0	0.0
SRR36404570	35053917	0.0	2.3537	0.0	0.0	0.0
SRR7264963	877388	3.4086	0.0	1.4198	0.0	0.0
SRR8418306	7164123	11.4409	0.0	0.1684	0.0	0.0
SRR17967525	31372920	7.391	0.0	8.6822	0.0	0.0
SRR31318965	10319575	0.0	1.4795	5.9633	0.0	0.0
ERR10691737	5905463	0.0	3.6426	3.4432	0.0	0.0
SRR25046351	34750329	19.527	0.0	1.24	0.0	0.0
SRR34326237	4594126	0.1222	1.8338	0.1931	0.0	0.0
ERR3850361	20003099	1.3098	0.0	5.0045	0.0	0.0
SRR7267257	1270694	6.7061	0.0	0.0	0.0	0.0
SRR11566073	1510444	0.1424	8.8648	0.147	0.0	0.0
SRR13134701	22922985	0.0	28.5461	0.6563	0.0	0.0
SRR15439212	108070242	0.0	11.4508	0.0	0.0	0.0
SRR19891820	23230669	6.3399	0.0	0.891	0.0	0.0
SRR23598364	53628228	2.5299	0.0	2.0293	0.0	0.0
SRR37724345	29273211	1.4066	0.0	0.6337	0.0	0.0
SRR9680699	37395636	0.0	5.2255	0.0	0.0	0.0
SRR21021645	36926982	0.2909	5.1196	1.4168	0.0	0.0
SRR7266200	1999464	4.0376	0.0	0.0	0.0	0.0
SRR11574249	2330291	0.0	3.9992	0.6735	0.0	0.0
SRR20750910	568829	0.0	1.8137	1.8007	0.0	0.0
SRR13452204	13603720	0.0	13.5395	1.4423	0.0	0.0
SRR32321865	18218756	0.0	11.9681	0.2509	0.0	0.0
SRR32321864	17075561	0.0	11.1837	0.3307	0.0	0.0
DRR988068	23303238	0.0	1.6348	0.8828	0.0	0.0
SRR1793832	21892192	3.8198	0.0	0.0	0.0	0.0
SRR7264764	1481750	1.4263	0.0	0.0	0.0	0.0
SRR9134368	34879182	0.0	6.6337	6.4945	0.0	0.0
SRR11574323	2247306	0.0	5.49	0.2382	0.0	0.0
SRR27326806	1598678	25.3984	0.0	2.415	0.0	0.0
SRR7644348	34663425	6.7755	0.0	0.0	0.0	0.0
SRR9001746	25980446	1.9453	0.0	0.3413	0.0	0.0
SRR16938953	17799549	0.0	71.2628	0.154	0.0	0.0
SRR27842616	25456872	0.0	4.7472	0.0	0.0	0.0
SRR10291787	46463447	3.2589	0.0	0.354	0.0	0.0
SRR17916346	18522376	15.2768	0.0	0.2458	0.0	0.0
SRR34844824	21697341	0.0	27.6142	0.1665	0.0	0.0
SRR7267075	1426857	3.1183	0.0	0.0	0.0	0.0
SRR13566514	23087881	60.8097	4.9614	0.2858	0.0	0.0
SRR15500772	21104409	3.7683	0.0	0.426	0.0	0.0
SRR11931239	22681874	0.0	5.1517	0.1393	0.0	0.0
DRR051770	13561295	0.0	13.844	0.4227	0.0	0.0
SRR16938888	17460619	0.0	51.501	0.8339	0.0	0.0
SRR8749366	50627252	0.0	85.1195	0.0	0.0	0.0
SRR33475383	18666260	0.0	2.4017	0.237	0.0	0.0
SRR34068043	43456871	0.0	2.0278	2.6461	0.0	0.0
SRR7266194	1090697	1.106	0.0	0.0	0.0	0.0
SRR21021643	27151348	0.0	1.0867	3.5846	0.0	0.0
SRR26277469	19152002	1.4199	0.0	2.0732	0.0	0.0
SRR10416845	14591807	0.0	10.0667	0.5861	0.0	0.0
SRR27297730	1085900	0.0	3.9825	0.7875	0.0	0.0
SRR31078298	70584934	0.0	3.5014	1.8745	0.0	0.0
SRR36670912	36956974	11.9194	0.0	0.9567	0.0	0.0
SRR7507977	4819540	0.0	2.7964	0.0	0.0	0.0
SRR29446355	32571593	0.0	1.7006	1.0761	0.0	0.0
ERR246401	3592346	0.0	3.9568	0.5103	0.0	0.0
SRR15564987	51359860	0.2687	7.4136	0.2487	0.0	0.0
SRR25969004	29159503	6.4136	0.0	1.7509	0.0	0.0
SRR7764288	634149	0.0	5.5413	1.0736	0.0	0.0
SRR10225149	58383982	16.9622	0.0	2.5832	0.0	0.0
SRR10135065	10833998	0.0	2.2262	0.2039	0.0	0.0
SRR8984104	43175619	33.0714	0.0	5.5745	0.0	0.0
SRR37385185	10770074	0.2678	7.0293	2.5102	0.0	0.0
SRR16938986	17826171	0.0	63.8137	0.204	0.0	0.0
SRR16480630	33410893	0.0	18.5237	5.0966	0.0	0.0
SRR7644382	25230834	53.5419	0.0	0.2262	0.0	0.0
SRR32832185	24956177	0.0	4.2404	1.0335	0.0	0.0
SRR27457883	29044207	0.0	5.0681	0.7626	0.0	0.0
SRR16156361	12382277	16.6235	0.0	0.8086	0.0	0.0
SRR27323400	2306218	0.0	18.7951	2.6181	0.0	0.0
SRR19142982	22055077	0.0	1.522	0.7507	0.0	0.0
DRR219443	17956932	13.1107	0.0	1.0996	0.0	0.0
SRR16938995	19853115	0.0	64.8039	0.108	0.0	0.0
SRR20613508	21475944	0.0	2.9509	0.0	0.0	0.0
SRR23095532	42377506	0.0	5.5152	1.0451	0.0	0.0
SRR29289950	26810398	0.0	28.088	0.6273	0.0	0.0
SRR33931470	19854905	7.1387	0.0	0.1797	0.0	0.0
SRR12615996	4660446	0.0	1.0957	0.7185	0.0	0.0
SRR8445736	57305451	0.0	1.4739	6.3697	0.0	0.0
SRR3371849	10637970	0.0	31.2716	0.0	0.0	0.0
SRR10189127	35935750	0.0	2.9718	5.3789	0.0	0.0
SRR17916455	20460702	16.4267	0.0	0.4893	0.0	0.0
SRR32389831	45231932	0.0	1.3401	0.2188	0.0	0.0
SRR24657685	20349963	0.0	20.7555	0.5704	0.0	0.0
SRR8309994	32505486	5.0695	0.0	0.5432	0.0	0.0
SRR39613237	32755856	0.0	2.8633	1.5536	0.0	0.0
SRR23618801	24619238	1.8885	0.3526	0.4995	0.0	0.0
SRR20613467	20091330	0.0	2.9665	0.0	0.0	0.0
SRR21021602	32528620	0.0	1.7493	3.2969	0.0	0.0
SRR34326376	24467017	0.0	11.247	0.1223	0.0	0.0
SRR23705995	22274599	0.1052	0.0	1.3618	10.6093	0.0
SRR9185076	11992437	0.0	3.3244	0.0	0.0	0.0
SRR16552254	7013249	0.0	21.6297	1.9024	0.0	0.0
SRR19752913	106135	0.0	0.0	0.1008	11.8133	0.0
ERR10962782	15862933	1.8909	0.0	0.8736	0.0	0.0
SRR32959948	20388677	12.1833	0.0	0.6098	0.0	0.0
SRR14785350	78560701	0.0	13.7155	1.0005	0.0	0.0
SRR5644040	29234111	0.0	1.2559	2.64	0.0	0.0
SRR27297722	745957	0.0	6.5669	0.3532	0.0	0.0
SRR11091413	12124794	0.0	2.4903	0.5885	0.0	0.0
SRR14141733	122581910	0.0	8.2692	0.1972	0.0	0.0
SRR29011993	24624106	0.0	1.6395	0.1611	0.0	0.0
SRR27323440	1053020	0.1375	4.8495	3.8107	0.0	0.0
SRR29012047	42895319	0.0	22.8136	0.7676	0.0	0.0
ERR572007	13754073	0.0	1.8243	0.7591	0.0	0.0
SRR23500855	43076013	0.3789	16.7046	0.2552	0.0	0.0
SRR33099180	27211199	0.0	2.2877	1.6335	0.0	0.0
SRR10095074	14258255	0.1427	3.7899	0.3049	0.0	0.0
SRR10161836	15525605	24.5047	0.0	1.9025	0.0	0.0
ERR754077	24845605	0.0	43.9522	0.8992	0.0	0.0
SRR7267001	1404518	1.137	0.0	0.4365	0.0	0.0
ERR10886973	46330633	2.6615	0.0	0.2509	0.0	0.0
SRR27297798	2715373	0.0	9.9522	0.6134	0.0	0.0
SRR31838239	20256940	5.3648	0.0	1.6063	0.0	0.0
SRR11517236	17494685	0.1163	11.58	1.0333	0.0	0.0
SRR26555684	24752118	2.5209	0.0	15.0407	0.0	0.0
SRR7507940	4459946	0.0	1.1274	3.3093	0.0	0.0
SRR18124839	31607188	0.0	0.0	3.5742	0.0	0.0
SRR36824216	24429163	11.2025	0.0	2.1399	0.0	0.0
SRR10135095	10756674	0.0	1.5728	0.1172	0.0	0.0
SRR28637132	27930845	0.2785	7.1083	11.8036	0.0	0.0
SRR24956549	16617999	0.0	0.0	10.5939	0.0	0.0
SRR30708819	27970687	0.0	7.5088	0.8164	0.0	0.0
ERR3891505	9721119	0.0	12.8619	1.8575	0.0	0.0
SRR1777463	48478753	16.0656	0.0	0.1697	0.0	0.0
SRR1777459	44171460	16.1337	0.0	0.1882	0.0	0.0
SRR15833440	15432153	2.5877	0.0	0.8105	0.0	0.0
SRR16938983	19741971	0.0	71.1762	0.6022	0.0	0.0
SRR20450838	7569946	0.0	7.0552	0.0	0.0	0.0
SRR24956733	17163541	0.0	0.0	24.1457	0.0	0.0
SRR10148745	10099604	0.0	3.8063	0.3697	0.0	0.0
SRR10148746	10909449	0.0	3.8118	0.3702	0.0	0.0
SRR10148747	12208612	0.0	3.7929	0.3741	0.0	0.0
SRR17157051	25793592	0.0	9.8227	1.5091	0.0	0.0
SRR26462329	19102756	0.0	1.5206	0.0	0.0	0.0
ERR572009	13364115	0.0	2.7375	0.6934	0.0	0.0
SRR16611319	25932703	6.9872	0.0	0.3098	0.0	0.0
SRR34222378	21835228	0.0	6.3606	0.0	0.0	0.0
SRR7267349	1482806	6.8931	0.0	0.0	0.0	0.0
SRR10987659	24143255	0.2788	13.1906	0.4041	0.0	0.0
SRR4470207	28857537	0.0	15.1605	0.1206	0.0	0.0
SRR7267140	1474232	4.7501	0.0	0.3517	0.0	0.0
SRR34326535	4831595	0.0	1.843	0.1216	0.0	0.0
DRR897973	14495122	0.0	35.4272	0.151	0.0	0.0
ERR10962824	14659674	15.8729	0.0	0.377	0.0	0.0
SRR34355011	21235305	0.0	18.9199	0.4957	0.0	0.0
SRR5225796	12893257	3.3462	0.0	0.0	0.0	0.0
SRR26264129	23396229	0.0	1.2911	0.1935	0.0	0.0
SRR15681052	47687338	0.0	16.1067	2.0374	0.0	0.0
SRR12546061	13036385	0.0	40.6643	0.0	0.0	0.0
SRR14675286	65622381	0.0	1.6646	1.9972	0.0	0.0
SRR12832630	57640918	0.0	69.824	0.1191	0.0	0.0
SRR31244753	18052842	0.0	1.1375	0.7636	0.0	0.0
SRR26039813	44710737	0.0	0.0	5.3075	0.0	0.0
ERR3891524	9947240	0.0	52.8888	0.8282	0.0	0.0
SRR23602661	29051159	0.0	4.6133	4.0979	0.0	0.0
SRR37798397	24862232	4.7557	0.3373	2.5374	0.0	0.0
SRR34421099	28470831	0.0	2.1494	0.1029	0.0	0.0
SRR27331738	2919589	0.4358	4.657	1.1033	0.0	0.0
SRR22858657	21849258	0.0	26.9633	0.9455	0.0	0.0
SRR5949617	33868947	0.0	2.0909	0.0	0.0	0.0
SRR30398041	44857560	53.241	0.0	2.4612	0.0	0.0
SRR7264911	1770354	1.7913	0.0	0.1456	0.0	0.0
SRR33981072	42072169	1.6513	0.0	4.2876	0.0	0.0
SRR10210770	8218	0.0	38.0019	0.2555	0.0	0.0
SRR36516398	62709144	0.0	2.8361	2.1536	0.0	0.0
SRR18578331	36631042	0.0	3.4573	0.2912	0.0	0.0
SRR33947266	23757375	0.0	2.391	2.3748	0.0	0.0
SRR22858676	22478364	0.0	5.7497	1.0291	0.0	0.0
SRR17227547	23845962	0.0	1.2098	3.3335	0.0	0.0
ERR3891493	12390902	0.0	8.4834	1.0592	0.0	0.0
SRR17137457	22568939	0.1433	0.2428	1.8634	0.0	0.0
SRR30610614	28289351	0.0	0.0	11.0528	0.0	0.0
SRR8309902	21529506	3.5873	0.0	1.473	0.0	0.0
SRR1975200	29937097	15.0698	0.0	0.0	0.0	0.0
SRR22981865	19851225	0.0	4.7629	0.2021	0.0	0.0
SRR36292440	31422968	4.3833	0.1654	4.7824	0.0	0.0
ERR7421529	12807867	38.326	0.4235	0.4313	0.0	0.0
SRR24216516	47342675	1.3042	0.0	1.9835	0.0	0.0
SRR15560149	13109129	0.0	24.0552	0.2599	0.0	0.0
SRR27907617	25376775	0.0	0.0	2.2861	0.0	0.0
SRR8327242	6530833	0.0	1.2983	0.242	0.0	0.0
SRR7267275	1560674	1.2208	0.0	0.4289	0.0	0.0
SRR27298036	1146112	0.0	19.8044	0.4495	0.0	0.0
SRR29011630	25759540	0.0	2.5303	0.1021	0.0	0.0
SRR29482965	50067569	0.0	3.5079	6.9713	0.0	0.0
SRR24956648	16211191	0.0	0.0	12.8358	0.0	0.0
SRR34326375	40996224	0.2281	1.5937	0.1286	0.0	0.0
ERR15825690	22525292	0.0	1.0376	0.1211	0.0	0.0
SRR11566032	2064402	0.0	3.7576	0.0	0.0	0.0
SRR30328484	50094831	0.0	33.6169	2.1855	0.0	0.0
SRR22973802	30849922	9.3932	0.0	1.0507	0.0	0.0
SRR23266330	41932122	0.0	3.6107	0.0	0.0	0.0
SRR21354852	898492	0.0	20.7515	2.3995	0.0	0.0
SRR7508046	4820801	0.0	3.5058	0.1433	0.0	0.0
SRR11637959	1204198	0.123	2.9131	0.7747	0.0	0.0
SRR19769921	28779932	0.0	1.2186	2.1028	0.0	0.0
SRR36292492	23073184	11.1795	0.4587	4.8533	0.0	0.0
SRR37244533	20357512	3.0797	0.0	0.4416	0.0	0.0
SRR7507878	5016592	0.0	3.8478	0.5603	0.0	0.0
SRR9903570	35440354	0.0	1.6905	0.0	0.0	0.0
SRR24956537	18158424	0.0	0.0	21.3089	0.0	0.0
SRR30498957	33662082	2.2688	0.0	3.5425	0.0	0.0
SRR28926629	34192987	8.7214	0.0	0.3808	0.0	0.0
SRR12245840	28675442	0.2088	21.7153	0.2448	0.0	0.0
SRR17310600	107774989	0.0	19.249	0.7862	0.0	0.0
SRR23294581	30860209	6.0682	0.0	0.3606	0.0	0.0
SRR865691	8170165	0.0	1.9593	0.0	0.0	0.0
SRR6215491	101480514	3.6808	0.0	3.9373	0.0	0.0
SRR13386500	24941456	19.6198	0.0	2.1634	0.0	0.0
SRR28497335	20791607	6.2322	0.0	0.0	0.0	0.0
SRR20722052	12216234	0.0	1.3185	3.5191	0.0	0.0
SRR31669374	7996677	0.0	10.9582	4.7779	0.0	0.0
SRR11566054	4173208	0.0	2.0734	0.1112	0.0	0.0
SRR16039171	22193689	0.0	4.7426	0.4647	0.0	0.0
SRR35136558	138023118	0.0	55.3803	0.3622	0.0	0.0
ERR4627134	26829911	0.0	0.0	3.6722	0.0	0.0
SRR23598370	44118592	2.617	0.0	2.4839	0.0	0.0
SRR25662803	34953842	1.1796	0.0	3.1166	0.0	0.0
SRR24956655	16809406	0.0	0.0	55.9723	0.0	0.0
SRR39041378	38973156	3.1289	0.0	0.9698	0.0	0.0
SRR14615511	11401783	1.1876	1.3008	0.1261	0.0	0.0
SRR17069484	42588784	0.0	7.0092	12.7255	0.0	0.0
SRR17916362	17272675	22.1713	0.0	0.8234	0.0	0.0
SRR28797220	31177467	0.0	6.4048	0.2213	0.0	0.0
SRR9001740	26061435	8.4519	0.0	0.308	0.0	0.0
SRR11880363	21940813	0.0	3.9759	1.5391	0.0	0.0
SRR34326522	4358550	0.0	3.7761	0.1545	0.0	0.0
SRR27297714	1522804	0.0	1.3042	0.4712	0.0	0.0
SRR30789112	22143022	0.0	2.6233	0.0	0.0	0.0
SRR31639305	18974635	4.8529	0.0	0.3365	0.0	0.0
ERR13610558	47433632	1.7174	0.0	0.2775	0.0	0.0
SRR6670030	25262292	1.6775	0.0	0.0	0.0	0.0
SRR10134999	831194	0.0	2.2351	0.0	0.0	0.0
SRR10135291	9679103	0.0	3.3203	0.0	0.0	0.0
SRR32682693	22611008	0.0	24.9406	0.2159	0.0	0.0
SRR866230	32900895	0.369	1.5654	0.1949	0.0	0.0
SRR28797236	29377586	0.0	5.6709	0.2336	0.0	0.0
SRR8286650	21855048	5.3658	0.0	0.0	0.0	0.0
SRR16025765	47544261	0.0	0.0	3.9631	0.0	0.0
SRR11614317	33249670	0.0	2.3831	0.604	0.0	0.0
SRR11574303	773004	0.0	1.6929	0.7564	0.0	0.0
SRR22266468	23222771	0.0	10.5053	0.0	0.0	0.0
SRR20999596	42235446	5.4444	0.0	0.3604	0.0	0.0
SRR32993916	21864928	1.6913	11.4148	0.906	0.0	0.0
SRR11091412	9537760	0.0	1.8615	0.5295	0.0	0.0
SRR5560659	30132168	0.0	1.3374	0.0	0.0	0.0
DRR732413	24077631	0.0	1.1378	0.1817	0.0	0.0
ERR10387779	48757926	0.0	2.1923	2.5672	0.0	0.0
SRR22163932	21675544	0.0	61.6697	0.1295	0.0	0.0
SRR5949610	33918398	0.0	2.1428	0.1297	0.0	0.0
SRR23893682	22182954	0.0	55.7792	0.0	0.0	0.0
SRR29665064	22069538	2.0653	0.0	1.1675	0.0	0.0
SRR32547589	24270603	0.0	80.3047	0.2553	0.0	0.0
SRR29011696	24004848	0.0	1.3525	0.1731	0.0	0.0
SRR32695200	21907003	0.0	1.3942	0.6117	0.0	0.0
SRR10135068	9217572	0.0	2.1932	0.1664	0.0	0.0
SRR13298305	37280523	0.0	11.4309	0.1193	0.0	0.0
SRR24725184	20774892	5.7314	0.0	1.1322	0.0	0.0
SRR29241348	19946584	0.0	23.6589	0.3282	0.0	0.0
SRR10269813	21650013	0.0	1.8073	0.2661	0.0	0.0
SRR22430799	42847068	0.0	2.29	0.0	0.0	0.0
SRR7508115	4781588	0.0	1.6748	0.0	0.0	0.0
SRR34326403	4398454	0.0	3.1721	0.0	0.0	0.0
SRR33522641	26784010	0.0	0.0	3.0738	0.0	0.0
SRR27216483	154440030	0.0	24.0872	3.0519	0.0	0.0
SRR13768452	26387467	11.9445	0.104	0.3828	0.0	0.0
SRR10291738	49664512	1.048	0.0	0.4517	0.0	0.0
SRR36377806	23373299	0.0	0.0	0.0	2.037	0.0
SRR5832396	25228139	0.0	1.055	0.0	0.0	0.0
SRR30977605	32851275	1.8355	0.0	0.4995	0.0	0.0
SRR10904003	23375407	0.0	8.7819	0.0	0.0	0.0
SRR7195184	25318812	1.1366	0.0	0.0	0.0	0.0
SRR24901494	21876779	19.5285	0.0	0.0	0.0	0.0
SRR30005750	29293561	3.4055	0.0	0.9135	0.0	0.0
SRR29646199	36399875	0.0	7.3285	0.3861	0.0	0.0
SRR38858531	37614995	1.5419	0.0	1.5784	0.0	0.0
SRR15853899	30215330	7.6284	1.5413	1.7568	0.0	0.0
SRR8871480	26392094	1.7124	0.0	0.1551	0.0	0.0
SRR14673942	14747490	1.6194	0.0	1.3162	0.0	0.0
SRR38326979	21814918	0.0	4.9354	0.2969	0.0	0.0
SRR39273547	13947200	2.6609	0.0	1.2096	0.0	0.0
SRR25969056	28821811	2.1691	0.0	1.6516	0.0	0.0
SRR36134877	6512462	4.6588	0.0	3.4986	0.0	0.0
SRR7266264	1122981	1.6362	0.0	0.4036	0.0	0.0
SRR7267000	1292761	2.4701	0.0	0.3452	0.0	0.0
SRR36367290	40022419	4.8428	0.7359	6.5326	0.0	0.0
SRR36099380	89419643	41.5856	0.3138	0.2706	0.0	0.0
ERR5732378	20659965	0.0	0.0	2.7701	0.0	0.0
SRR21753746	7763482	0.0	0.0	1.7385	0.0	0.0
SRR31854882	20557179	0.0	3.2258	0.0	0.0	0.0
SRR28718302	26317496	37.8448	0.0	0.3763	0.0	0.0
SRR12998565	45057324	0.0	2.3538	7.7409	0.0	0.0
SRR13960221	18036736	0.0	0.0	0.5922	4.3505	0.0
SRR10053846	26551314	0.0	8.4663	0.3751	0.0	0.0
ERR10962804	20321688	11.9351	0.0	1.1214	0.0	0.0
SRR31319017	5260955	0.0	9.5976	6.1783	0.0	0.0
SRR34300136	36028837	3.5787	0.0	6.975	0.0	0.0
ERR13249310	17953161	0.0	0.0	4.2902	0.0	0.0
SRR4053701	33410862	0.3954	2.0749	0.4933	0.0	0.0
SRR28413022	24239131	0.0	5.662	1.0463	0.0	0.0
SRR4296282	22594472	2.8534	0.0	0.2545	0.0	0.0
SRR12532035	22331303	0.0	2.8846	0.0	0.0	0.0
SRR20613516	23313917	0.0	4.6913	0.0	0.0	0.0
SRR12158720	23447773	0.0	20.454	0.0	0.0	0.0
SRR1582201	15407806	17.7506	0.0	0.0	0.0	0.0
SRR1582200	7491810	35.6205	0.0	0.0	0.0	0.0
SRR37245559	1029577	0.0	2.0292	0.9191	0.0	0.0
SRR7644372	27646313	26.5686	0.0	0.0	0.0	0.0
SRR6189720	28787397	35.0996	0.7818	0.9591	0.0	0.0
SRR19269230	21801597	0.1862	1.9141	0.4372	0.0	0.0
SRR17951563	36636480	8.0506	0.0	0.737	0.0	0.0
SRR24019244	2076568	0.0	0.0	51.5685	0.0	0.0
SRR17951558	32469117	8.6582	0.0	0.8989	0.0	0.0
SRR36910208	33546608	4.0333	0.0	5.0124	0.0	0.0
SRR34326254	4180478	0.0	4.4846	0.1021	0.0	0.0
SRR8871484	23443548	4.8966	0.0	0.1257	0.0	0.0
SRR20750927	791291	0.0	2.1939	1.7758	0.0	0.0
SRR7000828	51438192	2.6995	0.0	0.4744	0.0	0.0
SRR26860110	38507206	75.7195	0.0	0.0	0.0	0.0
SRR30427769	33904376	2.3525	0.0	0.0	0.0	0.0
SRR25998768	63933377	5.3399	0.0	1.5499	0.0	0.0
SRR25379829	22417331	0.0	0.0	0.6177	2.4352	0.0
SRR29542346	20346133	0.0	22.4459	0.0	0.0	0.0
SRR7651451	4182098	0.0	2.3803	0.4401	0.0	0.0
SRR10354993	30611348	0.0	1.3779	4.3775	0.0	0.0
SRR7267039	1362113	2.2875	0.0	0.0	0.0	0.0
SRR11566056	1644803	0.1204	4.285	0.156	0.0	0.0
SRR25933700	11145955	0.0	0.0	14.7318	0.0	0.0
SRR15685541	26350832	0.0	2.2168	0.3491	0.0	0.0
SRR19973784	20930183	0.0	2.7874	1.0495	0.0	0.0
ERR13439948	14074380	0.0	1.2456	1.0918	0.0	0.0
SRR9854217	22671029	0.0	5.3312	0.0	0.0	0.0
SRR17316608	7450246	0.0	2.1554	2.072	0.0	0.0
SRR14630742	79678403	0.0	1.0119	17.9505	0.0	0.0
SRR31854883	25416168	0.0	3.1348	0.0	0.0	0.0
SRR34326245	4403868	0.0	2.145	0.0	0.0	0.0
SRR33516227	26495691	0.0	1.7385	0.0	0.0	0.0
SRR31838240	20953998	4.2032	0.0	2.467	0.0	0.0
SRR38194318	58148243	81.2121	0.0	0.2808	0.0	0.0
SRR11566000	1200510	0.0	5.8854	0.0	0.0	0.0
SRR33883194	22053081	0.7554	3.4136	0.6498	0.0	0.0
SRR19216028	37161103	0.0	32.915	0.1913	0.0	0.0
SRR7266104	1331454	2.6403	0.0	0.0	0.0	0.0
SRR31278121	55814707	3.5012	0.0	0.1467	0.0	0.0
SRR38890934	33308446	0.6361	3.9381	0.1863	1.4198	0.0
SRR7265050	483060	1.5785	0.0	1.2564	0.0	0.0
SRR12054327	34370004	2.4965	0.0	0.6307	0.0	0.0
SRR26553594	22425065	0.0	2.0971	0.1824	0.0	0.0
SRR30495764	27967713	2.9016	0.0	2.4067	0.0	0.0
SRR33386590	23707277	0.0	5.1708	1.1996	0.0	0.0
ERR14043193	51225654	0.0	1.2584	0.1169	0.0	0.0
ERR14835952	27474718	56.5157	0.0	2.2403	0.0	0.0
SRR15500781	19448919	2.5715	0.0	0.4734	0.0	0.0
SRR7507983	4494762	0.0	2.9892	0.0	0.0	0.0
SRR14224169	19893345	4.0212	0.0	0.1632	0.0	0.0
SRR13480464	41732345	0.0	2.6251	0.8843	0.0	0.0
SRR34469082	24128772	0.0	9.1838	0.3127	0.0	0.0
DRR828902	24317428	0.0	0.0	0.5791	15.9511	0.0
SRR21354809	256448	0.0	79.7179	0.4141	0.0	0.0
SRR31646412	22835937	0.0	5.8893	0.2901	0.0	0.0
SRR29384842	34434257	1.9667	0.0	2.3558	0.0	0.0
SRR5871167	41648774	59.377	0.0	0.1318	0.0	0.0
SRR25233135	24128831	0.0	12.7671	0.0	0.0	0.0
SRR12245832	34929204	0.8875	6.8194	0.3113	0.0	0.0
SRR29750384	30059976	0.1262	4.4444	1.8366	0.0	0.0
SRR10802188	21983662	0.0	4.9142	6.5234	0.0	0.0
SRR15253617	24355658	0.0	11.5901	1.2167	0.0	0.0
SRR18441152	30830374	0.0	36.8363	0.35	0.0	0.0
SRR38924914	31532012	11.3857	0.0	0.7058	0.0	0.0
SRR8845282	22389067	0.0	2.7747	0.0	0.0	0.0
SRR14224164	30678950	5.3286	0.0	0.1454	0.0	0.0
ERR14835958	29913877	70.7115	0.0	1.8087	0.0	0.0
SRR27895657	25306501	2.0152	0.0	0.8829	0.0	0.0
SRR20750940	872696	0.0	3.0329	1.8894	0.0	0.0
ERR10962803	19709290	9.2802	0.0	1.056	0.0	0.0
SRR38858518	34827219	1.8387	0.0	1.9976	0.0	0.0
SRR36496993	22046402	4.9858	0.0	0.6861	0.0	0.0
SRR12747970	38554962	0.0	9.5523	0.877	0.0	0.0
ERR10962834	17872949	11.7663	0.0	0.4787	0.0	0.0
ERR11670124	12960504	0.0	1.1935	8.2214	0.0	0.0
DRR1066143	19860679	7.4102	0.0	3.8199	0.0	0.0
ERR1360192	31388049	38.8847	0.1285	5.448	0.0	0.0
SRR7266070	1717666	6.128	0.0	0.5084	0.0	0.0
SRR29011864	25536239	0.0	3.7425	0.0	0.0	0.0
SRR37570559	31352877	1.6959	0.0	0.4563	18.1476	0.0
SRR28872809	35848755	0.0	2.4906	0.4117	0.0	0.0
SRR12245829	38577339	0.0	8.1486	0.1306	0.0	0.0
SRR34469070	26591833	0.0	6.4665	0.278	0.0	0.0
SRR13425452	70128240	5.7852	0.0	0.3543	0.0	0.0
SRR21921823	23348155	0.1894	2.4546	0.6647	0.0	0.0
SRR19025944	21693154	7.6646	0.1173	3.1966	0.0	0.0
SRR24309290	61584138	0.0	0.0	17.2191	0.0	0.0
SRR31319086	4283289	0.0	2.547	4.6465	0.0	0.0
ERR14366913	26118170	0.0	17.3283	0.49	0.0	0.0
SRR24254522	55528369	0.0	0.0	8.5299	0.0	0.0
SRR4897537	14175352	0.0	3.5274	0.331	0.0	0.0
SRR25248439	82027375	0.0	0.0	3.7187	0.0	0.0
SRR30125680	25129345	0.0	83.4393	0.998	0.0	0.0
SRR34326431	4445543	0.1056	5.4711	0.0	0.0	0.0
SRR35277600	23833686	0.0	12.2546	0.5393	0.0	0.0
SRR21021741	34451921	0.0	1.7626	1.4893	0.0	0.0
ERR15297606	21004650	0.0	2.1362	0.0	0.0	0.0
SRR36496988	22227791	7.3227	0.0	0.3302	0.0	0.0
SRR19752901	219743	0.0	0.0	0.0	9.2504	0.0
SRR27305123	1957381	0.0	1.0924	0.3104	0.0	0.0
SRR28722182	23845941	0.0	2.8223	0.3876	0.0	0.0
SRR29709385	38818892	0.2182	4.2072	1.9229	0.0	0.0
SRR35842185	9239531	0.0	19.0337	0.0	0.0	0.0
SRR27323265	3984374	0.0	27.2587	2.9097	0.0	0.0
SRR35278656	23447214	0.0	7.6533	1.454	0.0	0.0
SRR35032987	525079208	0.0	4.9984	1.924	0.0	0.0
SRR1975194	31221495	1.2189	0.0	0.0	0.0	0.0
ERR6118188	35578792	0.0	0.1554	4.2018	0.0	0.0
SRR8743016	19274704	3.3125	0.0	0.1795	0.0	0.0
SRR17227557	22666883	0.0	5.9433	0.6247	0.0	0.0
SRR38890929	32582126	14.1229	7.3457	0.1438	0.329	0.0
SRR7266283	2900742	2.2193	0.0	0.4983	0.0	0.0
SRR23225921	28209334	0.0	4.7674	1.1075	0.0	0.0
SRR9640386	34940060	0.0	1.2115	0.0	0.0	0.0
ERR10886970	52952891	19.0372	0.0	0.2762	0.0	0.0
SRR16938989	18896915	0.0	76.455	0.2474	0.0	0.0
SRR25662789	34471465	1.019	0.0	0.6547	0.0	0.0
SRR7267178	1570989	9.0434	0.0	0.2303	0.0	0.0
SRR7267041	1683629	4.7929	0.0	0.0	0.0	0.0
SRR25683600	22977004	0.0	3.0981	0.652	0.0	0.0
SRR7264850	2808040	2.4184	0.0	0.0	0.0	0.0
SRR19543971	26383491	0.0	1.8146	0.2075	0.0	0.0
SRR28479790	23872928	0.0	1.1227	0.9183	0.0	0.0
SRR8797229	22216134	0.0	1.0451	0.0	0.0	0.0
SRR10769482	29675606	2.4378	0.0	1.1559	0.0	0.0
SRR15560150	13053683	0.0	21.5466	0.3505	0.0	0.0
SRR23225922	19611144	0.0	2.106	5.8222	0.0	0.0
SRR25078192	35525279	11.0841	0.0	2.4316	0.0	0.0
SRR7264995	1553526	1.5971	0.0	0.2099	0.0	0.0
SRR8691569	23348823	0.0	3.9862	0.0	0.0	0.0
SRR29646200	35628775	0.0	7.2272	0.3824	0.0	0.0
SRR34326249	5439993	0.0	5.4158	0.0	0.0	0.0
SRR30498989	25978416	3.8634	0.0	6.4589	0.0	0.0
SRR38317308	20289824	11.8651	0.0	0.7228	0.0	0.0
SRR11659070	15429038	0.0	1.5937	0.2599	0.0	0.0
SRR20750920	1005971	0.0	1.0325	1.0186	0.0	0.0
SRR28415840	24058663	0.0	4.0391	0.2537	0.0	0.0
SRR4242068	174035496	0.0	1.3604	0.7067	0.0	0.0
SRR10135401	9734763	0.0	2.2176	0.1128	0.0	0.0
SRR16938964	17367273	0.0	55.9397	0.2372	0.0	0.0
SRR29384956	34770151	1.5565	0.0	0.3179	0.0	0.0
SRR20750822	475595	0.0	2.7212	2.0469	0.0	0.0
SRR35978851	38804745	0.0	3.0172	0.4656	0.0	0.0
DRR773420	24531022	1.2542	0.0	0.7666	0.0	0.0
SRR7264851	3457349	4.536	0.0	0.0	0.0	0.0
SRR11791273	27792124	0.0	1.3123	3.1797	0.0	0.0
SRR3371844	24329084	0.0	23.7319	0.5264	0.0	0.0
SRR29289951	30092888	0.0	20.0557	0.8916	0.0	0.0
SRR19226127	24499696	0.0	7.8622	0.2068	0.0	0.0
SRR23086130	25955530	0.0	1.3798	1.4395	0.0	0.0
SRR15376285	51534244	0.0	1.5704	0.5363	0.0	0.0
SRR25522704	39359752	0.0	0.0	3.5091	0.0	0.0
SRR7266088	1568970	2.7485	0.0	0.0	0.0	0.0
SRR34326216	29852388	0.0	3.7511	0.1254	0.0	0.0
SRR35284457	20496145	0.0	95.3874	0.3954	0.0	0.0
SRR32806005	29721505	6.7219	0.0	0.4837	0.0	0.0
SRR12267425	50798927	0.0	14.1911	0.3073	0.0	0.0
SRR17916431	18710737	21.3081	0.0	0.2355	0.0	0.0
SRR3098383	12541322	9.1559	0.0	0.1594	0.0	0.0
SRR866254	12028323	0.0	2.8934	0.6829	0.0	0.0
SRR18472164	32400283	3.4285	0.0	0.5174	0.0	0.0
SRR36910218	35029661	4.0114	0.0	5.445	0.0	0.0
SRR26462346	29494554	0.0	5.2045	0.1122	0.0	0.0
SRR13274996	23186002	0.0	1.581	0.299	0.0	0.0
SRR6308298	10552843	3.0526	0.0	0.0	0.0	0.0
SRR11091420	18311281	0.0	2.0047	0.5082	0.0	0.0
SRR10098212	27807778	0.0	3.9996	0.3511	0.0	0.0
SRR32622571	21694821	1.4215	0.0	0.154	0.0	0.0
SRR19226128	29930907	0.0	5.9147	0.155	0.0	0.0
SRR7000841	27210098	5.3573	0.0	0.0	0.0	0.0
SRR30495790	26001934	4.8909	0.0	4.8303	0.0	0.0
SRR11622372	988197	0.2182	61.9919	1.877	0.0	0.0
SRR7266349	2255692	1.9221	0.0	0.0	0.0	0.0
SRR29011770	26495691	0.0	1.7384	0.0	0.0	0.0
SRR36367296	47040432	7.6948	0.0	9.488	0.0	0.0
SRR27323402	2147434	0.0	9.6958	1.6172	0.0	0.0
SRR35764348	19503585	0.0	4.0594	1.0371	0.0	0.0
SRR3999447	7637011	5.9617	0.0	0.0	0.0	0.0
SRR3999448	7544754	5.9701	0.0	0.0	0.0	0.0
SRR3999449	7876194	5.9984	0.0	0.0	0.0	0.0
SRR28872819	34028852	0.3273	5.4827	0.2583	0.0	0.0
SRR16338492	50090226	0.0	2.4812	0.6106	0.0	0.0
SRR1525213	22286825	4.5592	0.0	0.7769	0.0	0.0
SRR7267342	1240053	4.2227	0.0	0.0	0.0	0.0
SRR7688599	91633573	11.9898	0.0	0.0	0.0	0.0
SRR11128226	17916237	1.5825	0.0	1.1009	0.0	0.0
SRR23602667	21451321	0.0	6.724	3.0872	0.0	0.0
SRR23436083	20102753	0.0	1.3348	0.2322	0.0	0.0
SRR12624265	2328597	2.0244	0.0	0.2264	0.0	0.0
SRR12624264	3504458	2.1884	0.0	0.2335	0.0	0.0
ERR13147834	20901144	1.9279	1.9243	0.0	0.0	0.0
ERR13147836	19864858	1.9292	1.9728	0.0	0.0	0.0
SRR37324345	55207320	0.0	2.2778	0.2055	0.0	0.0
SRR3999456	7664939	6.0057	0.0	0.0	0.0	0.0
SRR1525214	22031657	4.5303	0.0	0.8191	0.0	0.0
SRR30125666	23147751	0.0	84.0322	0.4309	0.0	0.0
ERR13147835	19690965	1.9316	1.9699	0.0	0.0	0.0
SRR10770627	24736047	0.0	1.4715	0.0	0.0	0.0
SRR11521332	601577	0.0	10.5697	1.124	0.0	0.0
SRR33701062	22865153	0.0	3.0224	0.4152	0.0	0.0
ERR15114480	44869999	5.9875	0.1874	2.5709	0.0	0.0
SRR14673982	9197459	1.7968	0.0	1.7293	0.0	0.0
SRR14788877	22006001	0.0	8.2456	6.7567	0.0	0.0
SRR23086063	26991621	0.0	1.1137	0.1701	0.0	0.0
SRR21354826	458561	0.0	18.4047	1.725	0.0	0.0
SRR19149949	48232917	0.0	35.1845	0.9277	0.0	0.0
SRR15681058	52661995	0.0	17.3015	1.2938	0.0	0.0
SRR14224152	26954311	3.2652	0.0	0.4858	0.0	0.0
SRR34355021	20970803	0.0	50.5115	0.4421	0.0	0.0
SRR12613935	24128453	0.2435	3.1144	0.0	0.0	0.0
SRR3724108	26611760	80.7302	0.0	0.743	0.0	0.0
SRR17916444	16340972	33.8445	0.0	0.7443	0.0	0.0
SRR27323290	4177001	0.0	5.0711	1.8785	0.0	0.0
SRR9963858	36204384	0.0	3.3182	0.0	0.0	0.0
SRR19426701	47592880	24.3895	0.0	0.434	0.0	0.0
ERR13193752	52603077	0.0	0.0	14.5089	0.0	0.0
SRR10135377	38420	0.0	2.1187	0.2343	0.0	0.0
SRR10549518	25763735	0.0	3.9931	0.0	0.0	0.0
SRR12624262	2558430	1.6245	0.0	0.3974	0.0	0.0
SRR12624263	3468595	1.4897	0.0	0.4946	0.0	0.0
SRR14615510	9566504	0.7015	1.3152	0.0	0.0	0.0
SRR18243900	24558351	0.2807	27.0199	0.2435	0.0	0.0
SRR7777737	20086106	0.0	2.5796	25.8149	0.0	0.0
SRR7264792	1521277	2.9222	0.0	0.0	0.0	0.0
SRR14673919	17020650	1.7478	0.0	0.9395	0.0	0.0
SRR21021622	14348042	0.0	1.003	1.4997	0.0	0.0
SRR31319087	4240962	0.0	2.8341	6.933	0.0	0.0
SRR20750828	364450	0.0	2.1059	2.079	0.0	0.0
SRR26860145	32692870	27.5745	38.0864	0.3364	0.0	0.0
SRR36910265	36714646	2.145	0.0	3.9123	0.0	0.0
SRR15731491	48722768	0.0	0.0	2.1522	0.0	0.0
SRR7508002	4780961	0.0	2.4474	1.2065	0.0	0.0
SRR27297861	2782854	0.0	7.7943	0.1992	0.0	0.0
SRR25422569	46715970	0.0	89.1913	0.1444	0.0	0.0
SRR25209524	21562925	0.0	4.46	0.0	0.0	0.0
SRR29384896	34164470	1.9554	0.0	1.0303	0.0	0.0
SRR26860142	36028978	0.0	85.1349	0.2969	0.0	0.0
SRR31323420	21814935	0.0	9.5737	0.9896	0.0	0.0
SRR16938893	16613460	0.0	51.1559	0.2917	0.0	0.0
SRR33279961	30146688	0.0	54.1015	1.4081	0.0	0.0
SRR7264789	1705094	4.0076	0.0	0.0	0.0	0.0
SRR25233136	24029389	0.0	12.7323	0.0	0.0	0.0
SRR37513061	41019888	10.413	0.0	0.1232	0.0	0.0
SRR16938928	14910222	0.0	46.1338	0.6421	0.0	0.0
SRR25254417	23575386	0.0	1.6696	0.4662	0.0	0.0
SRR25318403	42945172	0.1258	1.3419	1.5301	0.0	0.0
DRR783669	36495368	0.0	2.4651	2.8755	0.0	0.0
DRR299538	43206139	0.0	1.7329	4.7535	0.0	0.0
SRR15084008	50949652	4.3069	0.0	0.0	0.0	0.0
SRR25969024	52095155	7.5469	0.0	1.0617	0.0	0.0
SRR27297961	2983458	0.0	4.4833	0.4938	0.0	0.0
SRR36608495	20704781	0.6946	15.9876	0.5976	0.0	0.0
SRR3724093	5414350	4.8015	0.0	1.4139	0.0	0.0
ERR13249909	23968842	0.0	0.0	13.2523	0.0	0.0
SRR13862668	24926879	0.0	3.9704	1.9834	0.0	0.0
SRR33516368	25536239	0.0	3.7437	0.0	0.0	0.0
SRR34300100	36539652	2.0252	0.0	6.3892	0.0	0.0
SRR18692576	11451547	0.0	3.4506	0.5259	0.0	0.0
SRR5527235	14850660	0.0	4.3147	0.1067	0.0	0.0
SRR12473740	34450009	0.2561	5.7919	0.6723	0.0	0.0
SRR30310366	25844803	0.0	19.8821	0.273	0.0	0.0
SRR10160952	20654733	0.0	36.5459	0.9458	0.0	0.0
SRR17191166	25342778	0.0	2.2955	1.5391	0.0	0.0
SRR22425938	44493930	0.0	1.7954	1.4022	0.0	0.0
SRR37325406	60077570	1.875	0.0	0.2829	0.0	0.0
ERR13765091	14021222	0.0	15.7942	0.0	0.0	0.0
SRR11809770	27257519	0.0	8.1261	2.6457	0.0	0.0
SRR14467143	56200520	7.1354	0.0	2.9188	0.0	0.0
SRR16475092	20957075	0.0	9.4843	0.3279	0.0	0.0
ERR14043225	29662954	0.0	1.8258	0.1366	0.0	0.0
SRR33701051	24274339	0.0	2.0276	0.2218	0.0	0.0
SRR36910197	38533792	5.6266	0.0	5.0252	0.0	0.0
SRR8703833	23861217	0.0	1.221	0.0	0.0	0.0
SRR30499030	29326357	4.2838	0.0	5.0054	0.0	0.0
ERR3791664	20677052	0.0	0.0	7.1905	0.0	0.0
SRR35531437	18852637	0.0	5.642	0.0	0.0	0.0
SRR12533148	26924157	0.0	2.2208	0.9206	0.0	0.0
SRR10291766	55592254	2.7801	0.0	0.2126	0.0	0.0
ERR4349064	20669589	1.289	0.7727	3.7629	0.0	0.0
SRR24415110	38536313	0.0	1.2505	0.7852	0.0	0.0
SRR15683813	40323884	0.0	1.5077	0.4779	0.0	0.374
SRR37385192	9688201	0.0	49.8038	4.6313	0.0	0.0
SRR5448204	10364837	0.0	3.4235	0.0	0.0	0.0
SRR14803597	21446211	0.0	3.5425	1.0803	0.0	0.0
ERR11650705	3378264	0.1063	6.3009	0.4426	0.0	0.0
SRR28820177	28324390	0.0	3.5487	2.492	0.0	0.0
SRR32682691	21794155	0.0	24.4963	0.2495	0.0	0.0
SRR28797244	25740885	0.0	12.8908	0.1931	0.0	0.0
SRR7413605	10058715	2.3317	0.0	0.6564	0.0	0.0
SRR10269821	19601198	0.0	3.2743	0.1758	0.0	0.0
SRR31278118	61961266	28.144	0.0	0.1397	0.0	0.0
SRR33516545	24763635	0.0	1.6999	0.1627	0.0	0.0
SRR36292459	35147879	7.5558	0.0	5.922	0.0	0.0
SRR5448203	10355733	0.0	3.4102	0.0	0.0	0.0
SRR23704262	21339879	38.4543	0.0	0.6113	0.0	0.0
SRR7549678	22466742	0.0	5.5736	0.1211	0.0	0.0
SRR23852739	17013	0.0	54.5524	0.5995	0.0	0.0
SRR1302045	51084633	0.0	1.4033	1.1083	0.0	0.0
SRR10168368	44653340	0.0	1.2368	0.1152	0.0	0.0
SRR30708815	29610195	0.1392	18.9042	0.6281	0.0	0.0
ERR10926708	66038100	7.5399	0.0	0.2461	0.0	0.0
SRR34351776	25978797	0.0	4.1663	0.4185	0.0	0.0
SRR28000273	22005822	0.0	6.2565	0.5772	0.0	0.0
ERR15399358	59373054	0.0	0.0	3.7191	0.0	0.0
SRR17274432	20099932	0.1087	2.2763	0.523	0.0	0.0
SRR25723176	14924792	0.0	11.6524	2.1549	0.0	0.0
SRR27331616	11571139	0.0	6.7297	39.8387	0.0	0.0
SRR31697642	26126475	0.0	0.0	3.2378	0.0	0.0
SRR29011990	24763635	0.0	1.6997	0.1648	0.0	0.0
SRR27323107	1960004	0.0	30.4081	4.0224	0.0	0.0
SRR25037588	33294308	0.0	13.6532	2.6617	0.0	0.0
SRR7267360	1240991	5.0805	0.0	0.0	0.0	0.0
SRR19149948	46545662	0.0	37.8919	1.1032	0.0	0.0
SRR25969012	50317541	9.1638	0.0	4.4393	0.0	0.0
SRR23893681	22675365	0.0	17.9361	0.1264	0.0	0.0
SRR23901501	24939816	0.0	3.6978	0.2898	0.0	0.0
SRR17916344	17928032	15.8919	0.0	0.2317	0.0	0.0
ERR13147969	18315594	3.6504	2.6493	0.0	0.0	0.0
ERR13147968	19720191	3.6163	2.6785	0.0	0.0	0.0
ERR9036784	819519	0.0	0.0	2.6844	0.0	0.0
SRR7507974	4581628	0.0	1.0253	0.9567	0.0	0.0
SRR9903569	27332672	0.0	1.9932	0.0	0.0	0.0
SRR35858304	21826024	0.0	1.7009	8.7133	0.0	0.0
ERR13765088	12939952	0.0	25.617	0.1545	0.0	0.0
SRR3383787	10649006	4.9081	0.0	0.7262	0.0	0.0
SRR7267352	1303241	4.5083	0.0	0.0	0.0	0.0
SRR9134366	41363224	0.0	3.2394	6.5165	0.0	0.0
SRR37724350	29308645	1.4848	0.0	0.7459	0.0	0.0
ERR13147967	19591357	3.6109	2.6763	0.0	0.0	0.0
SRR1975203	29917499	18.0843	0.0	0.0	0.0	0.0
SRR23514996	24331486	0.1326	25.1882	0.0	0.0	0.0
SRR7073602	23786988	0.0	2.2494	0.0	0.0	0.0
SRR20750871	1775512	0.0	1.7288	1.6845	0.0	0.0
SRR33687114	22903535	0.0	1.5785	0.9497	0.0	0.0
SRR15886074	49817796	0.0	41.4128	0.3549	0.0	0.0
SRR21354787	462207	0.0	5.5421	1.7957	0.0	0.0
SRR9963860	36609555	0.0	35.1556	0.0	0.0	0.0
SRR11622368	453034	0.0	58.7298	0.3446	0.0	0.0
SRR16039167	24170142	0.0	6.4068	0.3901	0.0	0.0
SRR27297823	2696682	0.0	1.9805	0.5806	0.0	0.0
SRR32262380	25158614	0.0	1.7709	0.0	0.0	0.0
ERR16716137	1402223	0.0	0.0	36.0057	0.0	0.0
SRR7264695	2046546	1.5509	0.0	0.0	0.0	0.0
SRR14278337	28867615	0.0	0.0	1.793	0.0	0.0
SRR23852723	1754037	0.0	76.343	0.1111	0.0	0.0
SRR30310351	21722991	0.0	31.101	0.1555	0.0	0.0
SRR21021800	10982594	0.0	1.69	1.2019	0.0	0.0
SRR14239697	30139534	0.0	7.7975	3.4863	0.0	0.0
SRR30495789	25948726	4.8505	0.0	5.2172	0.0	0.0
ERR13148073	13657624	1.8911	2.4428	0.0	0.0	0.0
ERR13148076	10651554	1.7084	2.8804	0.0	0.0	0.0
ERR13148074	13989235	1.9579	2.3783	0.0	0.0	0.0
ERR13148077	14008096	1.9414	2.4345	0.0	0.0	0.0
ERR13148075	11994368	1.8056	3.001	0.0	0.0	0.0
SRR8236692	10934251	0.0	0.0	0.1571	0.0	0.0
SRR37874269	25082370	0.0	3.4443	0.7418	0.0	0.0
SRR38515061	35607864	5.5042	0.0	1.6222	0.0	0.0
SRR38881102	35565266	0.0	26.3651	3.0363	0.0	0.0
SRR12832605	16366990	0.0	33.3202	0.4741	0.0	0.0
ERR789109	39422647	1.5684	0.0	0.4054	0.0	0.0
SRR26860079	37452570	63.5649	0.0	0.1269	0.0	0.0
SRR32584168	23883014	0.0	1.2412	0.2668	0.0	0.0
SRR8984405	28985267	0.0	1.5817	0.0	0.0	0.0
SRR14116374	24106770	6.0842	0.0	0.3154	0.0	0.0
SRR23614461	12727617	0.0	1.3754	2.0508	0.0	0.0
SRR19543992	25989699	0.0	1.8084	0.4003	0.0	0.0
SRR21021757	26961027	0.3064	4.9118	4.4798	0.0	0.0
SRR33949671	45421521	0.0	13.1193	0.5195	0.0	0.0
SRR30795880	60828366	0.0	8.07	2.0884	0.0	0.0
SRR863371	7753523	0.0	1.6092	0.0	0.0	0.0
SRR13862669	24811833	0.0	4.3315	2.1299	0.0	0.0
SRR24019264	6843332	0.0	0.0	78.6241	0.0	0.0
SRR30357893	68828753	0.2502	1.9599	0.2731	0.0	0.0
SRR36910250	37785594	1.9464	4.6146	3.3083	0.0	0.0
SRR32622560	20684810	1.3948	0.0	0.3895	0.0	0.0
SRR4237219	41380251	1.5763	0.0	0.2962	0.0	0.0
SRR8418263	9806182	2.534	0.0	0.5925	0.0	0.0
SRR13337531	21557654	2.8937	0.0	0.0	0.0	0.0
SRR34794042	17006562	0.486	9.1032	10.5882	0.0	0.0
SRR35391024	16406346	3.1527	0.0	2.745	0.0	0.0
SRR7264958	3230527	2.6705	0.0	0.3052	0.0	0.0
SRR8742954	16900218	2.3139	0.0	0.3214	0.0	0.0
SRR22272463	30557659	0.0	0.0	0.4641	25.7262	0.0
SRR34300152	31414212	8.055	0.2538	5.869	0.0	0.0
SRR28722183	23911328	0.0	2.6697	0.4407	0.0	0.0
SRR8357893	7917649	0.0	1.0336	0.0	0.0	0.0
SRR16938931	20133536	0.0	85.1494	0.1032	0.0	0.0
SRR27298201	5005543	0.0	4.2084	0.7239	0.0	0.0
SRR28111333	18677408	5.5607	0.0	3.3775	0.0	0.0
SRR31319089	6029131	0.0	1.6177	7.221	0.0	0.0
SRR7265044	1281279	1.9671	0.0	0.0	0.0	0.0
SRR34300156	29887290	4.9793	0.2146	8.4092	0.0	0.0
SRR391051	16080902	9.9249	0.0	0.0	0.0	0.0
SRR7266123	1085829	9.4921	0.0	0.0	0.0	0.0
SRR7267232	1826229	2.3355	0.0	0.0	0.0	0.0
ERR5875670	15767473	86.5733	0.0	2.8228	0.0	0.0
SRR15462104	21509794	0.0	2.119	0.1355	0.0	0.0
SRR32366113	18363198	0.0	2.8689	0.8791	0.0	0.0
SRR10802172	25022587	31.8956	1.7916	2.2103	0.0	0.0
SRR14134352	32060900	0.0	16.6801	1.9569	0.0	0.0
SRR32909022	23172139	0.0	11.9874	0.4069	0.0	0.0
SRR33516221	23757125	0.0	3.2547	0.1271	0.0	0.0
SRR12546088	12587610	0.0	40.329	0.0	0.0	0.0
SRR12546081	11354523	0.0	29.8311	0.0	0.0	0.0
SRR21617285	26755971	0.0	0.0	2.3593	0.0	0.0
SRR3992509	41138966	0.0	1.1262	0.0	0.0	0.0
SRR5871148	37309830	12.5339	0.0	0.973	0.0	0.0
SRR30725427	48433581	0.0	2.5328	0.1636	0.0	0.0
SRR7267238	1110539	3.5174	0.0	0.0	0.0	0.0
ERR2695989	6111061	0.0	79.6687	2.3252	0.0	0.0
ERR13230621	181552	0.0	0.0	15.1191	0.0	0.0
SRR10135230	8232795	0.0	1.9194	0.0	0.0	0.0
SRR6075442	13622300	0.6069	8.5263	6.7249	0.0	0.0
SRR11880364	21093152	0.0	3.3238	1.6497	0.0	0.0
SRR24901492	22401534	20.552	0.0	0.1851	0.0	0.0
SRR31851400	34784105	2.2513	0.0	1.8903	0.0	0.0
SRR10269814	20223318	0.0	2.4268	0.2826	0.0	0.0
SRR12267423	29294311	0.0	24.6673	1.3887	0.0	0.0
SRR28809517	31407132	0.0	3.7383	1.4112	0.0	0.0
SRR12214145	22027031	0.0	2.9034	0.0	0.0	0.0
SRR10448362	6074211	8.1902	58.9124	12.9689	0.0	0.0
ERR11670146	9936091	0.0	56.35	7.1234	0.0	0.0
SRR28415843	23118869	0.0	4.1474	0.3591	0.0	0.0
SRR36186705	19820916	0.0	5.2932	0.3815	0.0	0.0
SRR32288528	44822061	1.3399	0.0	0.5334	0.0	0.0
SRR24956673	17170631	0.0	0.0	23.2778	0.0	0.0
SRR16156352	10359634	66.509	0.0	0.9067	0.0	0.0
SRR13566505	23415246	0.0	3.2757	0.0	0.0	0.0
SRR7644283	35801799	3.63	0.0	0.1676	0.0	0.0
SRR5932870	18035244	0.0	45.4685	0.0	0.0	0.0
SRR29011754	27103063	0.0	1.9159	0.0	0.0	0.0
SRR7641100	10745054	0.0	3.2849	0.3302	0.0	0.0
SRR37858681	23789989	1.1271	0.0	1.2678	0.0	0.0
ERR10962811	19150915	16.5842	0.0	0.6198	0.0	0.0
SRR3383780	13600781	2.2039	0.0	0.0	0.0	0.0
SRR33516343	27138906	0.0	1.8085	0.0	0.0	0.0
SRR12998562	41416705	0.0	9.0431	8.9535	0.0	0.0
SRR36263199	39574495	0.0	0.0	6.6822	0.0	0.0
SRR21619454	25479318	0.0	1.6306	0.3074	0.0	0.0
SRR7267278	367583	1.8072	0.0	0.0	0.0	0.0
SRR6039732	38837342	3.057	0.0	0.0	0.0	0.0
SRR8052966	2955501	0.0	1.552	3.6025	0.0	0.0
SRR20337004	14468545	0.0	69.9599	0.4104	0.0	0.0
SRR26860074	23495824	50.4886	0.0	0.1377	0.0	0.0
SRR23758646	23465024	0.0	0.0	0.2599	6.6998	0.0
SRR5830915	13269719	0.0	14.9818	0.1541	0.0	0.0
SRR7692636	11212444	55.4223	0.0	0.0	0.0	0.0
SRR18124806	25454545	0.0	0.0	3.1335	0.0	0.0
SRR16600818	22161633	0.0	0.0	17.8243	0.0	0.0
SRR23500858	48701564	0.0	1.8099	0.0	0.0	0.0
SRR17023797	109393984	14.9448	0.0	1.2671	0.0	0.0
SRR14527031	23377314	0.0	1.9388	0.1849	0.0	0.0
ERR7421547	12704376	26.2236	0.3986	0.2058	0.0	0.0
SRR15674849	23316225	0.0	0.0	1.0979	0.0	0.0
SRR30037230	22229726	0.0	1.5161	0.7333	0.0	0.0
SRR28560592	22066147	0.0	5.2219	0.0	0.0	0.0
SRR25780567	18120932	16.7279	0.0	7.2013	0.0	0.0
ERR11650683	1887649	0.0	1.7098	0.6663	0.0	0.0
SRR12532028	22645479	0.0	4.1702	0.115	0.0	0.0
SRR31553537	18172174	0.0	1.3211	0.8245	0.0	0.0
SRR16082453	14664801	3.4673	0.0	0.0	0.0	0.0
SRR21209538	25751079	0.0	10.16	6.8488	0.0	0.0
SRR32288544	39723375	14.7648	0.0	0.8791	0.0	0.0
SRR17916347	20072389	21.575	0.0	0.3839	0.0	0.0
SRR9970193	21539221	0.0	1.8588	1.06	0.0	0.0
SRR18441177	23355004	0.0	22.3651	0.4118	0.0	0.0
SRR7266261	1636841	2.4205	0.0	0.0	0.0	0.0
SRR14238797	23876370	1.027	0.0	0.4563	0.0	0.0
SRR12245837	34464585	0.769	14.8117	0.3081	0.0	0.0
SRR12532049	22427176	0.0	6.4898	0.0	0.0	0.0
SRR6308301	6439920	2.5572	0.0	0.0	0.0	0.0
SRR32547587	23295066	0.0	73.991	0.3894	0.0	0.0
SRR36865075	22500704	0.0	1.8868	3.1873	0.0	0.0
SRR1779504	5263972	0.0	2.3022	0.0	0.0	0.0
SRR23502987	22308100	0.0	2.1473	0.8271	0.0	0.0
SRR13375950	38950652	0.0	2.851	0.5806	0.0	0.0
SRR29770671	22501565	0.0	7.1881	11.7366	0.0	0.0
DRR999491	26521992	0.0	17.7032	1.533	0.0	0.0
SRR13566510	22069258	0.0	3.172	0.0	0.0	0.0
SRR3734879	1613784	64.0042	0.0	0.8408	0.0	0.0
SRR7266346	589132	1.4411	0.0	0.3984	0.0	0.0
SRR7266113	1416709	2.2526	0.0	0.0	0.0	0.0
SRR24067593	27019084	0.3367	9.019	18.7926	0.0	0.1816
SRR29352960	28517068	0.0	7.1949	1.0095	0.0	0.0
SRR38980075	21717036	98.6613	0.0	0.0	0.0	0.0
SRR8457055	29139039	0.0	13.7769	0.0	0.0	0.0
SRR7264699	1424307	2.5863	0.0	0.0	0.0	0.0
SRR7267309	2656408	1.3629	0.0	0.0	0.0	0.0
SRR7267104	1212589	3.621	0.0	0.7899	0.0	0.0
SRR8786168	43230590	0.0	2.5371	0.7858	0.0	0.0
SRR20115015	21500399	0.0	4.0483	0.0	0.0	0.0
SRR7266177	3679193	1.872	0.0	0.0	0.0	0.0
SRR14457655	22254337	0.0	2.2042	0.8325	0.0	0.0
SRR20750989	281419	0.0	1.377	1.6868	0.0	0.0
SRR28479794	23010893	0.0	1.4795	1.471	0.0	0.0
SRR14270271	22577772	0.0	1.5364	0.1118	0.0	0.0
SRR28858341	21979020	0.0	1.3435	1.563	0.0	0.0
SRR27344856	22925255	0.0	5.2116	1.7591	0.0	0.0
SRR17881008	7118188	9.1681	0.1201	1.6879	0.0	0.0
SRR11067669	10927860	2.0925	0.0	1.7315	0.0	0.0
SRR11067668	9906954	2.048	0.0	1.7279	0.0	0.0
SRR17319225	21549823	1.2434	0.0	0.3598	0.0	0.0
SRR9640391	31897771	0.0	7.6473	0.0	0.0	0.0
SRR23635644	40654792	12.7322	0.0	4.1282	0.0	0.0
DRR992040	23236045	0.0	1.2944	0.0	0.0	0.0
SRR3658939	11260973	0.0	1.4733	0.0	0.0	0.0
SRR6387683	17012542	0.0	1.2762	0.9589	0.0	0.0
SRR7641975	15514251	0.0	3.5295	0.0	0.0	0.0
SRR11091424	9556483	0.1002	4.4743	0.4416	0.0	0.0
SRR8309924	38618743	4.6992	0.0	0.2319	0.0	0.0
ERR10691688	4679334	0.0	4.267	4.6629	0.0	0.0
SRR7508050	4542085	0.0	3.0744	0.0	0.0	0.0
ERR11669008	44665115	0.0	3.8276	0.0	0.0	0.0
SRR7267176	1151482	8.6443	0.0	0.0	0.0	0.0
SRR21354734	650567	0.0	37.1479	5.9713	0.0	0.0
SRR7266181	1282258	3.1853	0.0	1.2313	0.0	0.0
SRR18298158	10537201	0.0	2.954	0.1573	0.0	0.0
SRR17227563	23365068	0.0	2.4287	0.9175	0.0	0.0
SRR17332350	25057850	0.0	0.0	23.0422	0.0	0.0
SRR24956592	17833542	0.0	0.0	15.0186	0.0	0.0
SRR7267068	1531073	1.2598	0.0	0.2157	0.0	0.0
SRR35842201	7833958	0.0	1.7632	0.1342	0.0	0.0
SRR31801802	21105486	0.0	2.8895	0.666	0.0	0.0
SRR11495932	109851904	7.8513	0.0	0.2137	0.0	0.0
SRR11013355	20871660	0.0	1.79	0.107	0.0	0.0
SRR27322965	2767937	0.0	11.2908	1.4495	0.0	0.0
SRR26321451	16638968	0.0	9.2251	0.0	0.0	0.0
DRR824734	38633067	0.0	0.0	5.5136	10.0076	0.0
SRR6050413	22818403	9.4157	0.0	0.8528	0.0	0.0
SRR37385195	6707374	0.2429	80.1491	1.1476	0.0	0.0
SRR23261148	8933859	0.0	0.0	16.6403	0.0	0.0
SRR23261147	8843083	0.0	0.0	16.3114	0.0	0.0
SRR10160957	20449860	0.0	35.023	0.6986	0.0	0.0
SRR27323110	2706988	0.0	15.7193	1.7121	0.0	0.0
SRR8742260	31090467	3.9125	0.0	0.0	0.0	0.0
SRR19308655	35034294	1.6368	0.0	0.6772	0.0	0.0
ERR10886937	55531196	13.5624	0.0	0.2429	0.0	0.0
SRR34326497	38017615	0.0	13.8887	0.2559	0.0	0.0
DRR737892	22444340	0.0	6.2119	0.3178	0.0	0.0
SRR7361590	21266548	0.0	2.1018	0.0	0.0	0.0
SRR14640011	167635	0.0	1.9244	1.032	0.0	0.0
SRR26860143	25448428	0.0	57.924	0.9486	0.0	0.0
SRR30726073	23313592	0.0	1.651	0.6142	0.0	0.0
SRR23797931	32985054	0.0	1.9535	0.0	0.0	0.0
ERR2190266	28703975	18.6065	0.0	5.3028	0.0	0.0
SRR27323017	10973176	0.1566	6.4514	47.2235	0.0	0.0
SRR7508048	5206712	0.0	2.541	0.0	0.0	0.0
SRR31318958	5512780	0.0	6.696	5.9175	0.0	0.0
SRR16552253	8494830	0.1654	34.3526	1.3647	0.0	0.0
SRR27165763	20524148	0.0	3.1298	0.6284	0.0	0.0
ERR12186752	176921813	4.166	0.0	1.1875	0.0	0.0
SRR22889034	21945246	0.0	11.2156	0.5928	0.0	0.0
DRR897976	14692957	0.0	20.3226	0.1367	0.0	0.0
SRR19632031	41207496	0.0	12.5425	0.0	0.0	0.0
SRR21354828	567743	0.0	6.9704	1.3517	0.0	0.0
SRR31879139	25450466	0.0	1.2059	1.7198	0.0	0.0
SRR37532651	25059217	0.0	0.1189	4.2629	0.0	0.0
SRR27344859	25219712	0.0	2.7185	1.9785	0.0	0.0
SRR29011852	23304401	0.0	2.4263	0.1045	0.0	0.0
ERR2695986	5773964	0.0	15.2776	4.1347	0.0	0.0
SRR27842068	50485262	0.0	3.6015	3.4296	0.0	0.0
SRR16938920	15620248	0.0	50.1679	0.4159	0.0	0.0
SRR7265982	1553087	8.6667	0.0	0.1507	0.0	0.0
SRR8206864	43010566	1.4976	0.0	0.1401	0.0	0.0
SRR13488007	27401114	0.0	3.7552	0.0	0.0	0.0
SRR16709575	46504094	0.0	4.1173	0.504	0.0	0.0
SRR26374567	32964999	0.0	5.1686	2.0947	0.0	0.0
SRR37845434	20030611	0.0	2.7952	1.252	0.0	0.0
SRR18337155	1222741	38.0673	0.1122	1.7737	0.0	0.0
SRR23496576	44923130	0.0	0.0	1.2844	0.0	0.0
SRR17916394	15812487	23.6316	0.0	0.2583	0.0	0.0
SRR6398495	949951	0.0	8.8197	6.9233	0.0	0.0
SRR20438183	26438544	1.0157	0.0	1.862	0.0	0.0
SRR27298244	1481676	0.0	12.9674	0.3391	0.0	0.0
SRR14697017	24140517	0.9777	2.2482	0.1659	0.0	0.0
SRR37244504	25875670	2.6365	0.0	0.2189	0.0	0.0
DRR852589	27693881	0.0	3.0738	0.4573	0.0	0.0
SRR6145824	14192956	0.0	2.6638	3.9516	0.0	0.0
SRR35278689	22938467	0.0	6.8567	1.4333	0.0	0.0
SRR16282443	26769509	0.0	3.2409	0.4704	0.0	0.0
SRR7267099	598151	3.0056	0.0	0.5296	0.0	0.0
SRR36492380	12682735	0.0	0.0	28.5054	0.0	0.0
SRR34265009	35398245	1.239	0.0	1.4167	0.0	0.0
SRR31429552	19765275	0.0	1.7628	0.133	0.0	0.0
SRR5225798	12121845	2.0639	0.2216	0.0	0.0	0.0
SRR23948050	21489654	0.0	7.4525	7.7098	0.0	0.0
SRR7508108	5453945	0.0	1.7637	0.0	0.0	0.0
SRR5906859	10744680	0.0	1.0663	0.0	0.0	0.0
SRR13486990	14127809	0.1008	5.7874	1.0166	0.0	0.0
DRR852593	24132991	0.0	2.8404	0.4247	0.0	0.0
SRR10958811	21732808	0.0	8.3632	0.0	0.0	0.0
SRR30708823	25746391	0.0	47.0346	0.6554	0.0	0.0
SRR28809513	31398331	0.0	4.7154	0.4256	0.0	0.0
SRR8984399	33868873	0.1168	1.6615	0.0	0.0	0.0
SRR25402462	1121430	8.9288	1.9916	5.8675	0.0	0.0
SRR38441797	60730562	13.1409	0.6588	0.1654	0.0	0.0
SRR13298304	50216886	0.0	19.4197	0.105	0.0	0.0
SRR24657678	20455910	0.0	14.2999	0.7279	0.0	0.0
SRR17244266	20166910	0.0	1.6195	2.5387	0.0	0.0
SRR18163149	29095249	3.4498	0.0	8.7265	0.0	0.0
SRR25422565	42446239	0.0	79.9479	0.1988	0.0	0.0
SRR34326339	5525134	0.0	5.1544	0.1227	0.0	0.0
SRR35525967	26427382	0.0	3.9927	0.8062	0.0	0.0
SRR18461296	24430562	14.9278	0.0	0.2046	0.0	0.0
SRR30789107	22361682	0.0	14.8578	0.0	0.0	0.0
SRR12103244	179	0.0	2.7933	3.352	0.0	0.0
SRR7267282	1220469	3.6824	0.0	0.0	0.0	0.0
SRR25933701	8910822	0.0	0.0	18.0671	0.0	0.0
SRR25233138	24130250	0.0	3.6454	0.0	0.0	0.0
SRR6347984	33561199	0.0	0.0	2.0556	0.0	0.0
SRR19213883	4275800	0.0	2.1017	0.2337	0.0	0.0
SRR29444128	20951029	0.0	1.6262	0.2918	0.0	0.0
SRR30126657	20409054	4.8412	0.0	0.2215	0.0	0.0
SRR38355300	16276210	51.9279	0.0	0.2947	0.0	0.0
SRR17191165	31040355	0.0	2.6339	1.7229	0.0	0.0
SRR19216024	33393672	0.0	0.0	0.5105	19.5209	0.0
SRR27326840	1555495	0.1956	0.0	1.63	3.7873	0.0
SRR7264898	1025300	9.6547	0.0	2.4177	0.0	0.0
SRR7266106	3439386	1.7034	0.0	0.0	0.0	0.0
SRR12079414	29168793	11.9209	0.0	1.5084	0.0	0.0
SRR22430292	60341636	84.5096	0.0	3.4118	0.0	0.0
SRR17332355	22468088	0.0	0.0	23.8093	0.0	0.0
SRR29362633	19652478	18.4385	0.0	1.9733	0.0	0.0
SRR33118891	23162883	1.39	0.0	1.8957	0.0	0.0
SRR17916428	16796321	26.2146	0.0	0.4104	0.0	0.0
SRR7266266	2949798	6.85	0.0	0.0	0.0	0.0
SRR17074235	32985237	0.0	5.1227	0.23	0.0	0.0
SRR15886077	48441654	0.0	41.0873	0.2421	0.0	0.0
DRR992065	28958723	0.0	8.7858	0.0	0.0	0.0
SRR13069810	30438011	0.0	1.221	0.0	0.0	0.0
DRR730067	35577057	0.2344	17.7258	1.0172	0.0	0.0
SRR39147263	24501844	0.7704	1.8258	0.5207	0.0	0.0
SRR28480738	23645549	0.2147	1.4245	0.2831	0.0	0.0
SRR8846338	21836686	0.0	1.2518	0.0	0.0	0.0
SRR13862662	28020970	0.0	2.9803	1.7593	0.0	0.0
SRR25379819	20131836	0.0	9.5658	0.8547	0.2875	0.0
ERR14043219	113551440	0.0	1.1715	0.4285	0.0	0.0
SRR16958440	54479765	30.9041	0.0	0.8731	0.0	0.0
SRR31323387	21792083	0.0	73.341	0.0	0.0	0.0
SRR11574380	1743660	0.0	1.8874	0.5558	0.0	0.0
SRR26264106	23678099	0.0	1.331	1.258	0.0	0.0
SRR35284456	21655810	0.0	90.2787	4.7338	0.0	0.0
SRR7266242	889456	1.3107	0.0	0.1058	0.0	0.0
SRR16282437	20037706	0.0	1.8065	0.5279	0.0	0.0
SRR37049207	23879540	3.0484	0.0	4.5189	0.0	0.0
SRR25683592	22074726	0.0	2.6663	0.3308	0.0	0.0
SRR28785879	5204313	0.0	32.5175	19.2135	0.0	0.0
SRR10135086	9575231	0.0	1.633	0.176	0.0	0.0
SRR24003672	52623501	0.0	24.8363	0.4588	0.0	0.0
ERR2003416	42975137	8.6677	0.0	0.0	0.0	0.0
SRR7267070	5325593	2.1222	0.0	0.3477	0.0	0.0
SRR21354880	1781440	0.0	3.1656	10.4933	0.0	0.0
SRR19412899	40552849	0.0	3.2826	3.207	0.0	0.0
SRR34326272	4821040	0.0	4.7414	0.0	0.0	0.0
SRR14915935	15277395	0.0	15.6884	1.7904	0.0	0.0
SRR16938929	17619264	0.0	56.4512	0.0	0.0	0.0
SRR24235210	18972506	0.0	25.1263	0.1998	0.0	0.0
SRR37270896	31184376	38.6483	0.0	1.1344	0.0	0.0
SRR15742934	23887439	0.0	0.0	0.5984	3.9572	0.0
SRR34300159	32157919	3.5262	0.0	8.6431	0.0	0.0
SRR35284458	20806475	0.0	74.2215	0.1212	0.0	0.0
SRR17971112	27431973	0.0	1.5394	2.1624	0.0	0.0
SRR28797235	22458252	0.0	6.8928	0.3438	0.0	0.0
SRR29012005	25920044	0.0	4.5734	0.0	0.0	0.0
SRR31134498	28406896	1.2123	0.0	0.7082	0.0	0.0
SRR1975195	26978624	3.4822	0.114	0.174	0.0	0.0
SRR30310363	21328505	0.0	34.7481	0.1788	0.0	0.0
SRR26277491	16723251	1.2141	0.0	1.8589	0.0	0.0
SRR9129869	19077849	1.818	0.0	0.1457	0.0	0.0
SRR9903583	35784962	0.0	8.0026	0.0	0.0	0.0
ERR13610551	60930473	3.618	0.0	0.1887	0.0	0.0
SRR651956	13713887	0.0	6.6231	0.2799	0.0	0.0
SRR18064506	47418727	1.9925	0.0	0.1169	0.0	0.0
ERR789116	6729459	31.4635	0.0	1.6184	0.0	0.0
SRR30795894	58366326	0.0	12.2931	1.0479	0.0	0.0
SRR17456107	23333759	0.0	4.4313	3.3596	0.0	0.0
SRR25969060	29768834	2.8308	0.0	2.0047	0.0	0.0
SRR15539010	13211	1.9302	3.0808	5.4879	0.0	0.0
ERR11670136	31371652	0.0	71.1192	1.0672	0.0	0.0
ERR11783885	53814110	21.9298	0.0	3.0596	0.0	0.0
SRR25522806	41563026	0.0	0.0	1.9774	0.0	0.0
SRR38914092	27348226	0.1905	5.4567	9.2348	0.0	0.0
SRR7644340	35837493	28.687	0.0	0.0	0.0	0.0
ERR10926671	76797742	7.9916	0.0	0.2297	0.0	0.0
SRR25254525	26302040	0.0	5.1698	0.1791	0.0	0.0
SRR7172330	19690172	3.3332	0.0	0.0	0.0	0.0
DRR346667	17341228	5.0539	0.0	0.9636	0.0	0.0
ERR12138251	46785730	0.0	1.2014	1.2702	0.0	0.0
ERR14835934	26927595	47.6486	0.0	4.1443	0.0	0.0
SRR36491027	30166178	0.0	2.2909	0.344	0.0	0.0
SRR39135834	24019965	2.2075	0.0	0.7237	0.0	0.0
SRR10448333	739625	0.179	67.2614	2.2728	0.0	0.0
SRR26039829	51007306	0.0	0.0	4.0802	0.0	0.0
SRR35391027	15854518	2.471	0.0	2.1269	0.0	0.0
SRR1186870	41373053	1.6729	0.5737	0.2554	0.0	0.0
SRR31323422	21954610	0.0	1.6344	1.3985	0.0	0.0
SRR20750866	1173881	0.0	1.1125	2.2175	0.0	0.0
SRR20480244	19015225	0.0	1.2334	2.5854	0.0	0.0
SRR13179735	42539755	0.0	2.287	2.5471	0.0	0.0
SRR25301369	26714688	0.0	3.2281	1.2304	0.0	0.0
SRR17227553	23041563	0.0	3.1923	0.8155	0.0	0.0
SRR7195186	28073040	1.638	0.0	0.0	0.0	0.0
SRR19752909	1091856	0.0	0.0	0.0	11.3885	0.0
SRR30708818	28366048	0.0	10.7559	1.4751	0.0	0.0
SRR23948043	14433420	0.0	8.4255	4.6099	0.0	0.0
SRR14298446	285680	0.0	1.0592	0.0	0.0	0.0
SRR8418305	4153957	4.0296	0.0	0.661	0.0	0.0
SRR35430831	12301047	0.0	13.3689	0.2957	0.0	0.0
SRR22130837	26932314	2.8869	0.0	0.6729	0.0	0.0
SRR7267175	1626834	3.3727	0.0	0.6409	0.0	0.0
SRR15564980	22883391	0.0	3.0664	0.2296	0.0	0.0
SRR25998746	29997272	2.3756	0.0	4.7698	0.0	0.0
SRR19269234	19541082	0.1954	1.8598	0.5948	0.0	0.0
SRR13134700	21457098	0.0	25.2196	0.7411	0.0	0.0
SRR35284463	20846427	0.0	90.2952	0.0	0.0	0.0
SRR18584128	247120586	0.0	2.1778	2.1218	0.0	0.0
SRR31801797	20199447	0.0	1.6216	0.5422	0.0	0.0
SRR31851755	29392444	0.0	13.3595	0.7934	0.0	0.0
SRR7508103	4834781	0.0	3.5353	0.1468	0.0	0.0
SRR26860119	41985771	55.9409	0.2987	1.3838	0.0	0.0
SRR31112631	25285152	15.2916	0.0	0.2445	0.0	0.0
SRR35650555	15375079	0.0	2.943	0.2203	0.0	0.0
SRR21002209	36754306	1.153	0.0	0.5579	0.0	0.0
SRR1779159	3470812	0.0	2.2191	0.0	0.0	0.0
ERR6212275	5119840	0.0	2.9387	1.5605	0.0	0.0
SRR32547586	24410738	0.0	72.7937	0.4061	0.0	0.0
SRR7264813	1588163	1.6768	0.0	0.0	0.0	0.0
SRR14162030	563388894	0.0	3.5588	0.2997	0.0	0.0
SRR34977024	9517352	16.7516	0.0	2.4687	0.0	0.0
SRR33634354	24723844	0.0	8.063	4.5586	0.0	0.0
SRR34169762	40756632	0.0	21.3719	0.6128	0.0	0.0
SRR23221814	21030134	0.0	2.8146	1.7523	0.0	0.0
SRR25522795	38734384	0.0	0.0	2.3027	0.0	0.0
SRR25520075	54985241	0.0	6.2522	4.1773	0.0	0.0
ERR15368194	78408056	0.0	3.9891	0.3889	0.0	0.0
SRR34300151	33866586	6.5778	0.0	7.1817	0.0	0.0
SRR29198165	23873221	0.0	1.7446	1.8196	0.0	0.0
SRR9326012	50508554	3.9498	0.1061	0.2305	0.0	0.0
SRR15021481	40832458	0.0	3.131	2.5119	0.0	0.0
SRR17310150	5208619	0.0	0.0	2.9566	0.0	0.0
SRR25969025	10635251	7.8665	0.0	1.0391	0.0	0.0
SRR24019267	18497875	0.0	0.0	40.1118	0.0	0.0
SRR22973883	34942960	4.9172	0.0	2.0147	0.0	0.0
SRR33949673	44933861	0.0	4.0333	0.816	0.0	0.0
SRR8536177	32373490	0.0	4.9356	0.0	0.0	0.0
SRR8691564	31254563	0.0	1.8895	0.1369	0.0	0.0
SRR20450850	7238508	0.0	5.383	0.0	0.0	0.0
SRR25998764	31067168	1.1658	0.0	4.0761	0.0	0.0
SRR24128539	22813800	0.0	2.1177	5.274	0.0	0.0
SRR7408205	47616605	3.5949	0.0	0.0	0.0	0.0
SRR7508112	5163658	0.0	1.3213	0.5529	0.0	0.0
SRR26462335	26629668	0.0	7.3211	0.1128	0.0	0.0
SRR24135185	15290056	0.0	45.5522	0.2521	0.0	0.0
SRR36292473	37802284	8.3922	0.0	3.8286	0.0	0.0
SRR3371835	13509121	0.0	23.298	0.0	0.0	0.0
SRR13134703	24632688	0.0	31.8417	0.7241	0.0	0.0
SRR32806007	30313530	4.5783	0.0	0.3196	0.0	0.0
ERR3891502	5892550	0.0	56.0884	4.2066	0.0	0.0
SRR39546680	25291519	24.3944	0.8524	9.2216	0.2408	0.0
SRR31712431	21198782	0.0	1.1017	0.0	0.0	0.0
SRR3098380	16313977	6.5497	0.0	0.0	0.0	0.0
SRR8309955	22565204	2.7045	0.0	0.2937	0.0	0.0
SRR37845428	20013572	0.0	3.91	1.6469	0.0	0.0
SRR11809806	15146302	0.0	4.5021	2.3812	0.0	0.0
SRR10690852	23837179	0.0	1.5585	2.4781	0.0	0.0
SRR13838025	21579745	0.0	2.2725	0.2747	0.0	0.0
SRR38858539	44489935	1.6983	0.0	1.466	0.0	0.0
SRR7507916	4406316	0.0	2.4014	1.4754	0.0	0.0
SRR5133183	23917529	0.0	3.9243	0.0	0.0	0.0
SRR16611320	25168924	10.1315	0.0	0.4102	0.0	0.0
SRR23500856	33313450	3.2951	9.6046	0.282	0.0	0.0
SRR7264905	2317962	2.8867	0.0	0.0	0.0	0.0
SRR8418335	4601464	4.263	0.0	0.5869	0.0	0.0
SRR29906211	21448374	0.0	8.7681	0.0	0.0	0.0
ERR10962821	16855045	35.9743	0.0	0.9649	0.0	0.0
SRR7507947	5085039	0.0	2.7122	0.0	0.0	0.0
SRR8418342	11313423	3.9235	0.0	0.3238	0.0	0.0
SRR23086066	21580226	0.0	2.049	0.254	0.0	0.0
SRR16938961	14216686	0.0	81.6992	0.507	0.0	0.0
SRR14785360	67171294	0.0	6.2583	1.2302	0.0	0.0
SRR17244274	19972185	0.0	23.0788	2.2505	0.0	0.0
SRR10210771	19105251	0.0	49.6989	0.1805	0.0	0.0
SRR12904734	29447788	0.0	18.5005	0.3811	0.0	0.0
DRR897984	13347168	0.0	21.3289	0.1378	0.0	0.0
SRR12160877	28001137	0.0	19.157	0.1868	0.0	0.0
DRR745645	21049852	18.973	0.0	0.0	0.0	0.0
SRR3233714	25885913	0.0	1.2351	0.0	0.0	0.0
SRR11521338	351415	0.0	22.892	3.1029	0.0	0.0
SRR15833442	17461217	5.8329	0.0	0.6107	0.0	0.0
SRR17062612	54392306	0.0	2.3922	0.1401	0.0	0.0
SRR8432577	10365947	3.2226	0.0	0.103	0.0	0.0
ERR13148027	19985153	3.8253	2.4434	0.0	0.0	0.0
ERR13148029	21187789	3.7803	2.5441	0.1024	0.0	0.0
ERR13148028	21222245	3.7443	2.5541	0.0	0.0	0.0
SRR29362634	22267689	1.4436	0.0	1.0944	0.0	0.0
ERR10887004	64354859	23.1617	0.353	0.1431	0.0	0.0
SRR21354827	403321	0.0	3.8463	1.2576	0.0	0.0
SRR28905901	28938739	0.0	1.636	1.7298	0.0	0.0
SRR28402766	24893882	0.0	8.2357	0.477	0.0	0.0
SRR7267350	819541	8.1119	0.1023	0.0	0.0	0.0
SRR7264866	954341	3.3331	0.0	0.0	0.0	0.0
SRR17916417	17241593	27.042	0.0	2.8715	0.0	0.0
SRR13824009	1665417	55.8221	0.0	0.4154	0.0	0.0
SRR27373740	43458900	0.0	28.1609	1.6451	0.0	0.0
SRR30557587	42097428	0.0	0.0	6.8082	0.0	0.0
SRR26264132	27483423	0.0	1.0757	1.7392	0.0	0.0
SRR18192442	24304217	53.306	0.0	1.8834	0.0	0.0
SRR35247853	23846135	0.0	14.8742	0.5447	0.0	0.0
SRR7549560	22176808	0.0	5.5332	0.1153	0.0	0.0
SRR33516316	25249232	0.0	1.185	0.1486	0.0	0.0
SRR6398513	1674767	0.0	63.3812	2.0637	0.0	0.0
SRR24906440	23078865	0.0	2.1143	3.6131	0.0	0.0
SRR7526716	14590460	3.0631	0.0	0.4714	0.0	0.0
SRR17414996	4634298	0.0	6.4854	0.9409	0.0	0.0
SRR19891819	23619490	1.4994	0.0	1.2628	0.0	0.0
SRR7267277	1544993	1.3076	0.0	0.0	0.0	0.0
SRR17332364	24617853	0.0	0.0	25.9906	0.0	0.0
SRR36594199	20506696	5.0844	0.0	1.4181	0.0	0.0
SRR33516521	26815366	0.0	1.285	0.1242	0.0	0.0
SRR17916425	14212256	37.7369	0.0	0.3627	0.0	0.0
SRR20718760	22639642	0.0	1.0952	22.9355	0.0	0.0
ERR2275059	25286276	21.3296	0.0	1.0357	0.0	0.0
SRR10135186	4990325	0.0	1.9217	0.3075	0.0	0.0
SRR21484388	46724257	6.5094	0.0	8.6556	0.0	0.0
SRR28872818	40554355	1.6133	4.3066	1.7045	0.0	0.0
SRR30429241	34823667	0.0	3.8874	1.086	0.0	0.0
SRR11566063	3352717	0.0	1.9065	0.0	0.0	0.0
SRR9937166	20754387	0.0	4.4945	0.0	0.0	0.0
SRR29654758	23057834	0.0	4.3702	0.5931	0.0	0.0
SRR31639316	22571750	18.5135	0.0	0.2998	0.0	0.0
ERR4352133	69084834	5.7252	0.0	0.2312	0.0	0.0
SRR35978849	20922808	0.0	1.7127	0.166	0.0	0.0
SRR32467368	80040161	22.1746	0.0	0.4804	0.0	0.0
SRR7507918	4622192	0.0	1.021	0.9714	0.0	0.0
SRR14279047	80461488	0.0	1.304	0.0	0.0	0.0
SRR20217846	33367108	0.0	2.986	0.8261	0.0	0.0
SRR21354743	371558	0.0	26.018	6.1412	0.0	0.0
SRR7264855	1829528	2.9562	0.0	0.0	0.0	0.0
SRR16351750	30154593	10.2626	0.0	5.9566	0.0	0.0
SRR2782418	64086926	0.0	9.6121	0.0	0.0	0.0
SRR16082461	18322521	4.4184	0.0	0.0	0.0	0.0
SRR7266223	2026604	3.6493	0.0	0.0	0.0	0.0
SRR22973838	42439068	5.7095	0.0	1.7964	0.0	0.0
SRR866223	23537712	4.2558	2.2717	2.5941	0.0	0.0
SRR8775181	71996611	0.1582	1.5458	0.2108	0.0	0.0
SRR21354750	280367	0.0	21.4037	4.9785	0.0	0.0
SRR31011029	21495854	78.8329	0.0	1.1425	0.0	0.0
ERR16140437	40055025	0.0	6.3095	1.6422	0.0	0.0
SRR29654753	23156955	0.0	15.3317	0.4517	0.0	0.0
SRR13862661	30573064	0.0	3.0656	1.857	0.0	0.0
SRR19897817	25500296	2.3602	0.0	1.0621	0.0	0.0
DRR844975	15929413	0.0	1.421	0.0	0.0	0.0
SRR22425835	50787031	3.7237	0.0	1.504	0.0	0.0
SRR10161823	19308377	15.7195	0.0	5.0904	0.0	0.0
SRR7266286	2549000	5.2976	0.0	0.0	0.0	0.0
SRR22467110	26511455	0.0	2.2004	0.1326	0.0	0.0
SRR29542348	21495264	0.0	46.1966	0.0	0.0	0.0
SRR30795872	54739354	0.0	29.3379	0.5229	0.0	0.0
SRR32991661	23520561	0.0	1.8301	1.2681	0.0	0.0
SRR37570564	72218583	0.9142	0.0	0.2922	13.6248	0.0
SRR17731619	18833734	0.0	3.4939	0.1196	0.0	0.0
ERR2003408	29048163	7.0654	0.0	0.0	0.0	0.0
SRR17069485	50507905	0.0	5.1894	9.009	0.0	0.0
SRR17207994	23180633	9.0031	0.2122	0.2958	0.0	0.0
SRR27498749	22469612	0.0	2.3865	0.7023	0.0	0.0
SRR8418268	8860273	3.9175	0.0	0.404	0.0	0.0
SRR32883245	41223797	2.2549	0.0	3.5239	0.0	0.0
SRR1779498	8731062	0.0	2.4201	0.0	0.0	0.0
SRR9887258	26004108	0.0	1.1604	0.2821	0.0	0.0
SRR34355008	23023388	0.0	22.2535	0.4832	0.0	0.0
SRR7267154	1553784	3.8881	0.0	0.0	0.0	0.0
SRR3123669	39100283	0.0	1.7332	0.0	0.0	0.0
SRR31627825	75564274	0.0	2.1118	0.1264	0.0	0.0
SRR26975734	28463411	40.4488	0.1114	3.3819	0.0	0.0
SRR18150638	54985241	0.0	6.2345	3.9029	0.0	0.0
SRR27344857	24163583	0.0	1.1525	1.7062	0.0	0.0
SRR31479294	23281408	0.0	14.9443	2.5906	0.0	0.0
SRR7734434	74172667	0.0	0.0	0.0	0.0	0.0
SRR6398545	520393	0.0	88.1565	2.2969	0.0	0.0
SRR13664489	23715711	0.0	3.2993	0.0	0.0	0.0
SRR31806254	14859664	0.0	2.4526	11.5447	0.0	0.0
SRR38441800	20555862	0.9007	4.6154	0.174	0.0	0.0
SRR11574254	1396250	0.0	2.0589	0.6404	0.0	0.0
SRR39573514	23707462	0.0	1.9447	0.0	0.0	0.0
SRR27331775	2310970	0.0	1.2812	1.0162	0.0	0.0
SRR11291064	46438170	0.0	2.4635	0.1816	0.0	0.0
ERR2695975	4825817	0.0	86.957	1.9764	0.0	0.0
SRR7267051	1125902	2.7491	0.0	0.0	0.0	0.0
SRR20114972	20270771	0.0	5.5315	0.3011	0.0	0.0
SRR33827822	23731431	0.0	3.2335	0.0	0.0	0.0
SRR3734878	1918079	65.1316	0.0	0.5401	0.0	0.0
SRR8743055	19484436	1.4992	0.0	0.0	0.0	0.0
SRR10448324	1067613	6.1119	33.703	25.8558	0.0	0.0
SRR7267332	1922674	2.0299	0.0	0.0	0.0	0.0
SRR16760706	22213013	0.0	4.5207	0.1255	0.0	0.0
SRR7644314	36174835	3.6178	0.0	0.0	0.0	0.0
SRR7507928	5210272	0.0	1.3334	0.5493	0.0	0.0
SRR14886998	67031064	1.744	0.0	0.7966	0.0	0.0
SRR21796865	27643876	13.7814	0.0	0.7058	0.0	0.0
SRR25969037	31651268	3.8323	0.0	1.7816	0.0	0.0
SRR1779491	6870675	0.0	2.4643	0.0	0.0	0.0
SRR24874039	22784904	0.0	6.0285	2.4621	0.0	0.0
SRR7266067	2147505	3.073	0.0	0.0	0.0	0.0
SRR32708515	18137936	0.0	4.5184	0.1961	0.0	0.0
SRR11791282	38989969	0.0	3.5789	7.7089	0.0	0.0
SRR6278899	24070670	0.0	3.8677	5.6481	0.0	0.0
SRR29384951	37116618	2.9655	0.0	0.3267	0.0	0.0
SRR16552260	8042527	0.0	4.6541	1.681	0.0	0.0
SRR24956677	9360737	0.0	0.0	76.2391	0.0	0.0
SRR25233150	24004683	0.0	7.4894	0.1677	0.0	0.0
SRR18441158	23362296	0.0	71.3038	0.1056	0.0	0.0
SRR19213904	4272144	0.0	6.4135	0.1445	0.0	0.0
SRR23852724	33664	0.0	33.6383	0.8822	0.0	0.0
SRR8418308	14539248	3.3718	0.0	0.193	0.0	0.0
SRR29452649	28936055	0.0	3.3105	0.3021	0.0	0.0
SRR7352125	19084583	0.0	2.8327	0.1497	0.0	0.0
SRR27323407	2765609	0.0	4.154	2.9953	0.0	0.0
SRR34469077	20572291	0.0	9.2708	0.3383	0.0	0.0
SRR18186470	33107049	0.0	1.2908	0.6935	0.0	0.0
DRR997370	21537015	0.0	4.3982	0.969	0.0	0.0
SRR3100255	28977537	0.0	1.3196	0.0	0.0	0.0
SRR31479321	23567392	0.0	13.3877	0.2273	0.0	0.0
SRR18957882	25640638	0.0	0.0	1.0774	2.6371	0.0
SRR27297860	1714009	0.0	12.4453	0.4941	0.0	0.0
SRR28224689	22587827	0.0	17.4883	4.8906	0.0	0.0
SRR39040005	20255503	7.0037	0.0	0.0	0.0	0.0
SRR15693785	33786359	13.5829	0.0	0.0	0.0	0.0
SRR36608496	24355500	0.0	3.33	0.372	0.0	0.0
SRR18692575	14527646	0.0	11.3155	0.3786	0.0	0.0
SRR36790445	25072958	0.0	6.367	0.5887	0.0	0.0
SRR36790438	20812477	0.0	13.1469	0.5601	0.0	0.0
SRR25683598	21569420	0.0	4.7857	0.5729	0.0	0.0
SRR6398523	605792	0.1106	63.1955	1.8137	0.0	0.0
SRR10485591	55593817	0.0	0.0	0.1661	0.0	0.0
SRR30498960	41904676	1.0262	0.0	4.4726	0.0	0.0
ERR10886934	42097904	14.2289	0.0	0.5121	0.0	0.0
SRR33516179	24468284	0.0	1.3911	0.2067	0.0	0.0
SRR37662311	3973281	0.0	7.1188	0.2884	0.0	0.0
DRR784947	25594884	0.0	2.9847	0.434	0.0	0.0
SRR22993987	21864347	0.0	5.7698	3.7305	0.0	0.0
SRR29241351	22797215	0.0	4.9025	0.1453	0.0	0.0
SRR12615994	4060828	0.0	1.6814	1.4567	0.0	0.0
SRR12342826	44217495	40.9941	0.0	0.0	0.0	0.0
SRR36233372	44828126	43.1874	0.7011	1.2694	0.0	0.0
DRR1010075	33326850	0.0	3.0571	0.1928	0.0	0.0
SRR28637124	19601102	0.0	15.3691	16.7293	0.0	0.0
DRR1023272	28691874	0.0	0.0	3.2417	0.0	0.0
ERR16140400	33794753	0.0	2.0698	1.2238	0.0	0.0
SRR15910645	15362882	0.0	2.6139	0.6848	0.0	0.0
SRR31744996	24623407	0.0	5.2832	0.6552	0.0	0.0
SRR38077034	36969277	26.1442	0.1789	2.7919	0.0	0.0
SRR37874266	26434766	0.0	8.3293	0.5231	0.0	0.0
SRR15187355	21723863	0.0	2.1517	1.2285	0.0	0.0
SRR29826752	31145324	51.5474	0.0	3.4253	0.0	0.0
SRR32366112	18420126	0.0	2.8462	1.8515	0.0	0.0
SRR2782417	53657566	0.0	9.5568	0.0	0.0	0.0
ERR6110542	35671012	0.0	0.0	3.398	0.0	0.0
SRR16206402	30108571	0.0	26.6839	1.4863	0.0	0.0
ERR3891481	30177425	0.0	88.1165	0.12	0.0	0.0
SRR13824031	2638257	41.4708	0.0	0.1932	0.0	0.0
SRR21021778	32130757	0.0	3.3288	0.3194	0.0	0.0
SRR14785367	54941016	0.0	11.5828	0.1591	0.0	0.0
SRR28926619	32081254	3.3861	0.0	0.1606	0.0	0.0
SRR10148814	11457202	0.0	6.0809	0.5115	0.0	0.0
SRR10148815	12451163	0.0	6.0876	0.5101	0.0	0.0
SRR10148816	13824959	0.0	6.063	0.5064	0.0	0.0
SRR36134817	6010616	4.0099	0.0	1.8768	0.0	0.0
SRR13768450	21917368	27.7792	0.2814	0.3219	0.0	0.0
SRR25318406	31432763	0.1225	1.8593	2.0184	0.0	0.0
SRR21354781	546516	0.0	3.8908	1.6144	0.0	0.0
SRR29754159	38257194	41.9244	0.0	1.4076	0.0	0.0
SRR31801788	19855222	0.0	2.336	0.6401	0.0	0.0
SRR15021475	47963878	0.0	5.7426	1.5971	0.0	0.0
SRR27322968	2231763	0.0	12.9313	2.5708	0.0	0.0
SRR26457478	24687180	0.0	0.0	2.2232	0.0	0.0
SRR34222377	20631359	0.0	6.2303	0.0	0.0	0.0
SRR26821492	75145040	0.0	3.3474	0.0	0.0	0.0
SRR34326232	3556766	0.0	1.9962	0.207	0.0	0.0
SRR11566071	1823076	0.0	1.4849	0.1505	0.0	0.0
SRR34326274	4803165	0.0	4.7355	0.0	0.0	0.0
SRR23797939	37268707	0.0	2.0626	0.0	0.0	0.0
DRR987219	20145908	0.0	1.9536	0.0	0.0	0.0
SRR7644380	20648911	35.9123	0.0	0.1626	0.0	0.0
SRR7538201	29422057	0.0	2.2772	0.0	0.0	0.0
SRR12300948	19150294	0.0	2.2313	0.4435	0.0	0.0
SRR8979821	16402446	0.0	3.0079	0.0	0.0	0.0
SRR8979823	16581538	0.0	3.0092	0.0	0.0	0.0
SRR8979822	16402446	0.0	2.9032	0.0	0.0	0.0
SRR8979824	16581538	0.0	2.8985	0.0	0.0	0.0
SRR13274994	21522790	0.0	7.3753	0.1111	0.0	0.0
SRR33827819	23281015	0.0	2.7633	0.1921	0.0	0.0
SRR17286859	38084303	0.0	76.3748	0.5836	0.0	0.0
SRR7265000	2099340	2.1634	0.0	0.0	0.0	0.0
SRR17069492	51162908	0.0	1.4313	0.2839	0.0	0.0
ERR10926698	78826493	1.9676	0.0	0.187	0.0	0.0
ERR14043203	26725914	0.0	1.888	0.126	0.0	0.0
SRR34355017	23887298	0.0	59.63	0.3282	0.0	0.0
SRR25891119	19381245	0.0	20.4123	0.3193	0.0	0.0
SRR22858679	21286970	0.0	7.7557	0.7665	0.0	0.0
SRR22183661	47286000	1.7151	0.0	0.2722	0.0	0.0
SRR27323189	2712351	0.0	36.1969	2.9119	0.0	0.0
SRR29304492	21794217	0.0	4.3907	1.4085	0.0	0.0
SRR24956698	9956221	0.0	0.0	15.1832	0.0	0.0
SRR28785885	2929632	0.0	4.0444	14.154	0.0	0.0
SRR33516263	25875422	0.0	1.7805	0.0	0.0	0.0
SRR26975741	36135313	17.5579	0.0	3.9266	0.0	0.0
SRR7267053	1199832	5.5445	0.0	0.0	0.0	0.0
SRR7266244	2995196	1.3443	0.0	0.0	0.0	0.0
SRR15853893	31008526	81.3383	0.182	0.3004	0.0	0.0
SRR33014830	32683063	0.0	3.3081	0.148	0.0	0.0
SRR8992599	2434018	4.7236	0.0	0.1246	0.0	0.0
SRR8992601	1729857	4.7582	0.0	0.1302	0.0	0.0
SRR8992600	2421648	4.6962	0.0	0.1236	0.0	0.0
SRR39041377	39185619	3.0371	0.0	0.8488	0.1366	0.0
SRR10802190	20600424	27.0991	0.0	0.3994	0.0	0.0
SRR31319084	4374577	0.0	2.605	4.7067	0.0	0.0
SRR7266329	2100241	5.408	0.0	0.0	0.0	0.0
SRR19548541	22634232	0.0	17.1242	0.1819	0.0	0.0
ERR10886958	59561387	8.2701	0.0	0.2521	0.0	0.0
DRR834226	46643054	0.0	13.5756	1.0345	0.0	0.0
SRR7267220	1117541	6.0545	0.0	0.3441	0.0	0.0
SRR12613936	21367409	0.1537	4.1442	0.0	0.0	0.0
SRR10161830	18291674	21.2978	0.0	1.1413	0.0	0.0
SRR7266167	1480203	3.1822	0.0	0.0	0.0	0.0
SRR8204129	17871946	2.5714	0.0	0.0	0.0	0.0
SRR7266988	1803728	1.7526	0.0	0.0	0.0	0.0
ERR5875672	10152982	89.7317	0.0	2.3281	0.0	0.0
SRR30681735	45589101	0.0	25.5539	28.5711	0.0	0.0
SRR37385189	9518277	0.0	12.3902	0.5933	0.0	0.0
SRR8661632	57697512	8.4251	0.0	2.8014	0.0	0.0
SRR20705635	31517745	0.0	64.3871	0.659	0.0	0.0
SRR26860104	27635823	69.3204	0.0	0.0	0.0	0.0
SRR33118884	20673085	1.4002	0.0	1.33	0.0	0.0
SRR11574237	847921	0.0	2.9048	0.2603	0.0	0.0
SRR7507932	4833327	0.0	2.7327	0.0	0.0	0.0
SRR27344864	25374531	0.0	1.2604	1.871	0.0	0.0
SRR8418332	23358044	2.2068	0.0	0.2963	0.0	0.0
SRR21354769	238570	0.0	4.5312	0.8061	0.0	0.0
SRR1779452	6891057	0.0	21.3306	0.0	0.0	0.0
SRR15501973	130106962	0.0	0.0	2.2929	0.0	0.0
SRR27457882	24954370	2.5742	0.2162	1.6364	0.0	0.0
SRR19632007	40520098	0.0	17.0289	0.0	0.0	0.0
SRR36186738	23845726	0.4955	5.3748	0.3715	0.0	0.0
SRR7266348	2446745	1.7153	0.0	0.0	0.0	0.0
ERR4605984	18879965	0.0	1.2837	0.1379	0.0	0.0
ERR15399349	53275152	0.0	0.0	2.7701	0.0	0.0
SRR36134865	4643465	3.3866	0.0	1.787	0.0	0.0
SRR15925282	23510572	5.4608	0.0	1.006	0.0	0.0
SRR23704274	23623547	4.3886	0.0	1.5361	0.0	0.0
SRR13522949	120549374	0.0	23.585	1.9304	0.0	0.0
SRR30166052	49916655	0.0	0.626	5.0236	0.0	0.0
SRR38914093	31980097	0.2431	5.2511	11.9901	0.0	0.0
SRR29779547	15700686	0.0	23.7704	0.3399	0.0	0.0
SRR28731223	29193159	20.666	1.1802	0.6859	0.0	0.0
DRR736995	23518341	0.0	1.3461	0.0	0.0	0.0
ERR2275060	15852425	10.824	0.0	1.0067	0.0	0.0
SRR7266248	1155283	2.2163	0.0	0.0	0.0	0.0
SRR36802772	34008067	98.0946	0.0	0.1418	0.0	0.0
SRR36134804	5814081	4.2586	0.0	2.2006	0.0	0.0
ERR10886911	50603926	3.4015	0.0	0.2241	0.0	0.0
SRR10135285	11287386	0.0	1.2795	0.1948	0.0	0.0
SRR19351404	20514104	0.0	1.2125	0.2468	0.0	0.0
SRR30125671	26861756	0.0	83.8732	0.8598	0.0	0.0
SRR30012819	34976980	4.9403	0.0	3.714	0.0	0.0
SRR6667337	16370382	0.0	3.6253	0.4598	0.0	0.0
SRR29688052	23244173	0.0	1.8601	0.0	0.0	0.0
ERR4605988	23340222	0.0	1.1642	0.3482	0.0	0.0
SRR7508007	4848894	0.0	1.6657	0.0	0.0	0.0
SRR34300143	28008296	7.9462	0.0	8.7114	0.0	0.0
SRR32237397	40586041	0.0	1.1811	0.2811	0.0	0.0
DRR730069	33711273	0.1102	14.7221	0.8225	0.0	0.0
SRR7764330	81739	0.0	8.2837	2.8787	0.0	0.0
SRR7507943	5088554	0.0	1.3555	1.8387	0.0	0.0
SRR35971055	70355618	0.0	0.0	3.6325	0.0	0.0
SRR39304394	16329857	6.724	0.1479	16.8483	0.0	0.0
SRR10802170	24712691	5.288	4.2361	0.3817	0.0	0.0
SRR36910220	41367853	1.4747	0.0	4.6683	0.0	0.0
SRR38409714	51536011	2.1081	0.0	1.0493	0.0	0.0
SRR27851042	20406306	0.0	2.1944	0.9621	0.0	0.0
SRR29352957	27049209	0.0	2.2626	1.2228	0.0	0.0
SRR32962213	79587165	62.5015	0.0	0.3432	0.0	0.0
DRR785425	24836622	0.0	2.0832	0.1117	0.0	0.0
SRR5457593	43828434	0.0	1.0385	0.0	0.0	0.0
SRR25046349	12137773	34.8957	0.0	1.3967	0.0	0.0
SRR30725438	33421561	0.0	1.4746	0.2209	0.0	0.0
SRR12160913	24003479	0.0	5.5485	0.4633	0.0	0.0
SRR26264117	24154074	0.0	1.3744	3.3018	0.0	0.0
SRR7266124	400456	1.285	0.0	0.1491	0.0	0.0
SRR31908816	22052049	0.0	1.2513	0.2021	0.0	0.0
SRR8447050	30478063	0.2174	1.5886	0.1849	0.0	0.0
SRR8418269	12055050	3.7353	0.0	0.4932	0.0	0.0
SRR22183671	40388341	1.4326	0.0	0.2366	0.0	0.0
SRR26860107	36751985	71.8534	0.0	0.1689	0.0	0.0
SRR14812917	34163708	25.8201	0.0	1.3096	0.0	0.0
SRR18163151	30420173	4.1461	0.0	7.8698	0.0	0.0
SRR30202425	27903325	0.0	4.73	0.0	0.0	0.0
SRR39368681	21954830	0.0	4.967	8.5848	0.0	0.0
SRR16772054	11853332	0.0	4.1701	0.0	0.0	0.0
SRR24114320	21216063	0.0	2.0459	7.2055	0.0	0.0
SRR27235831	26564361	0.1327	2.2402	0.6403	0.0	0.0
SRR21021589	33315543	0.1	4.5583	1.5884	0.0	0.0
SRR27842073	51065376	0.0	1.5035	3.1108	0.0	0.0
SRR16938909	16881264	0.0	72.9452	0.1353	0.0	0.0
SRR22890350	23594459	0.0	16.0951	0.5589	0.0	0.0
SRR25522777	37421790	0.0	0.0	2.6669	0.0	0.0
SRR34326326	4897771	0.0	1.7364	0.1017	0.0	0.0
DRR992063	25639587	0.0	7.8657	0.0	0.0	0.0
SRR14527030	23479632	0.0	1.9613	0.1644	0.0	0.0
SRR5906861	11265795	0.0	1.5585	0.0	0.0	0.0
SRR21846879	28410240	0.0	2.6363	0.4687	0.0	0.0
SRR7267209	1683486	1.8359	0.0	0.0	0.0	0.0
SRR23100176	21742161	0.0	1.6963	0.1464	0.0	0.0
SRR5682042	3843795	0.0	2.0222	0.1021	0.0	0.0
ERR13439947	23743538	0.0	3.059	4.9958	0.0	0.0
SRR38890928	31718752	0.695	5.1751	0.0	0.1411	0.0
SRR28032153	21582988	0.0	7.7293	1.0294	0.0	0.0
SRR25132467	23929603	0.0	2.3855	5.5115	0.0	0.0
SRR39039998	21061869	4.0088	0.1826	0.0	0.0	0.0
SRR29826766	27474718	56.5157	0.0	2.2403	0.0	0.0
ERR10962823	28615171	32.8098	0.0	0.574	0.0	0.0
SRR22130835	24790748	3.6432	0.0	0.9122	0.0	0.0
SRR20274955	20861481	0.0	7.6701	0.8107	0.0	0.0
SRR4299394	13404408	0.0	2.0805	0.1043	0.0	0.0
SRR2132463	13522140	0.0	3.0128	0.1107	0.0	0.0
SRR21354755	544243	0.0	22.3689	3.085	0.0	0.0
SRR38482465	49017286	0.0	4.4747	3.9994	0.0	0.0
SRR12077451	43964909	1.9593	0.0	5.407	0.0	0.0
SRR34674980	29569091	0.0	2.074	13.859	0.0	0.0
SRR31071430	21645550	0.0	1.3348	0.0	0.0	0.0
SRR10736847	56263022	0.0	1.2084	0.0	0.0	0.0
SRR26865897	24759512	0.0	2.0082	0.1226	0.0	0.0
SRR28797217	34280688	0.0	10.0955	0.3053	0.0	0.0
SRR14467127	59562623	5.9825	0.0	1.864	0.0	0.0
SRR10161833	4379066	43.4844	0.0	0.1266	0.0	0.0
SRR18138599	49578246	0.0	2.7267	0.9189	0.0	0.0
SRR24956694	9509439	0.0	0.0	16.0736	0.0	0.0
SRR29688055	23461349	0.0	3.7152	0.0	0.0	0.0
SRR31479270	33928876	0.0	6.2579	0.8411	0.0	0.0
SRR34326430	4501437	0.1071	5.4745	0.0	0.0	0.0
DRR736961	22574470	0.0	1.3075	0.0	0.0	0.0
SRR10802176	24191997	4.9378	3.7046	4.3699	0.0	0.0
SRR8984115	80641470	37.6349	0.0	8.8315	0.0	0.0
SRR21021835	78494718	0.0	3.0721	2.7274	0.0	0.0
SRR14959068	23254048	25.604	0.0	0.2307	0.0	0.0
SRR7267136	1002718	3.6521	0.0	0.4032	0.0	0.0
SRR5387720	52188990	7.0381	0.3611	0.6882	0.0	0.0
SRR22858664	21972351	0.0	27.1386	0.9942	0.0	0.0
SRR3383695	11816654	3.9053	0.0	0.0	0.0	0.0
SRR7266224	1699357	5.8433	0.0	0.0	0.0	0.0
SRR28731222	26910290	21.1009	1.7355	2.0297	0.0	0.0
SRR14614689	16294932	0.0	26.5256	0.278	0.0	0.0
SRR8358017	8520445	0.0	1.1983	0.0	0.0	0.0
ERR16140435	33054375	0.0	2.5558	1.369	0.0	0.0
ERR5709392	24323636	0.0	4.9954	2.8027	0.0	0.0
SRR23852731	42008	0.0	58.9507	1.0569	0.0	0.0
SRR34300131	31535433	3.1518	0.0	6.2577	0.0	0.0
SRR34326373	25536798	0.0	14.2524	0.1948	0.0	0.0
SRR21021817	31184444	0.2509	4.0634	0.9088	0.0	0.0
SRR39573509	28630677	0.0	2.0612	0.0	0.0	0.0
SRR30795879	55805408	0.0	10.1815	1.6405	0.0	0.0
SRR4470213	30053022	0.0	15.1009	0.0	0.0	0.0
SRR20728021	35032225	0.0	6.2403	0.0	0.0	0.0
SRR23436101	22410911	0.0	3.7599	0.0	0.0	0.0
SRR34169758	41734837	0.3818	35.2797	2.1234	1.3412	0.0
DRR871572	23121298	0.0	10.6723	0.204	0.0	0.0
SRR23261121	6219732	0.0	0.0	15.6281	0.0	0.0
SRR23261122	6268798	0.0	0.0	16.2477	0.0	0.0
SRR7608172	24000427	0.0	0.0	0.2294	0.0	0.0
SRR8616655	33622701	3.4341	0.0	1.0978	0.0	0.0
SRR15685544	26837442	0.0	3.4856	0.8295	0.0	0.0
SRR16477484	47171675	0.0	3.2293	3.3457	0.0	0.0
SRR17244298	22587407	0.0	23.3915	2.3791	0.0	0.0
SRR34113576	25796366	0.0	1.2378	0.2026	0.0	0.0
SRR32487177	53058666	0.0	7.523	0.528	0.0	0.0
SRR29646192	29039050	0.0	23.5029	0.2447	0.0	0.0
SRR14611817	32728642	0.0	0.0	4.4002	0.0	0.0
SRR5387758	23647341	0.0	3.0268	0.6296	0.0	0.0
SRR12160895	27113565	0.0	24.0448	0.1378	0.0	0.0
SRR29061982	23273391	1.25	0.0	0.9761	0.0	0.0
SRR7267262	1710426	1.7089	0.0	0.0	0.0	0.0
SRR32132956	28300727	1.7884	0.0	0.3254	0.0	0.0
SRR11566102	1646862	0.0	2.9342	0.1053	0.0	0.0
ERR3891521	15395240	0.0	1.9661	1.5379	0.0	0.0
SRR9593768	24330039	0.0	11.7528	0.3224	0.0	0.0
SRR8418381	10782913	1.6201	0.0	1.15	0.0	0.0
SRR20613502	32179065	0.0	43.896	0.0	0.0	0.0
SRR21021809	20460612	0.0	1.1845	0.2132	0.0	0.0
SRR22973831	38761192	9.0566	0.0	0.7676	0.0	0.0
SRR17916440	17662122	30.0897	0.0	0.2025	0.0	0.0
SRR13566494	21130544	0.7709	3.9412	0.2018	0.0	0.0
SRR7267097	1375551	1.4777	0.0	0.0	0.0	0.0
DRR745820	24533078	1.6127	0.0	1.6079	0.0	0.0
SRR20750812	254160	0.0	3.2059	2.0487	0.0	0.0
SRR31669342	13353764	0.0	6.0264	2.1553	0.0	0.0
SRR35859423	35475588	0.0	14.3691	0.5116	0.0	0.0
SRR32959935	21520351	11.3984	0.0	0.6967	0.0	0.0
SRR29087951	20460698	23.8095	0.0	0.5589	0.0	0.0
SRR30421786	54311207	79.5554	0.0	0.1161	0.0	0.0
SRR8984378	24294732	0.0	2.4172	0.0	0.0	0.0
SRR35136554	133047851	0.0	78.5319	0.1632	0.0	0.0
SRR19142981	22696425	0.0	1.0261	0.7741	0.0	0.0
SRR19213896	6781157	0.0	3.2337	0.3927	0.0	0.0
SRR25969067	37589014	1.5633	0.0	4.2806	0.0	0.0
ERR15368179	106953505	0.0	2.8436	0.349	0.0	0.0
SRR10448347	370466	4.4007	73.7096	0.4551	0.0	0.0
SRR9593703	20245837	0.0	1.7527	0.0	0.0	0.0
SRR14141735	101631466	0.0	18.2048	0.0	0.0	0.0
SRR29011571	25729922	0.0	5.641	0.2015	0.0	0.0
ERR572021	12929465	0.0	1.1348	0.8721	0.0	0.0
SRR38478085	22250548	94.1714	0.0	0.7539	0.0	0.0
SRR6278897	45023141	0.0	2.9117	2.2621	0.0	0.0
SRR33516432	25738640	0.0	14.9955	0.0	0.0	0.0
ERR6842717	90252741	10.5917	0.0	0.5096	0.0	0.0
SRR3341859	49465106	0.0	4.31	0.6518	0.0	0.0
ERR7421534	15404611	48.3102	0.1238	0.5085	0.0	0.0
ERR13610560	66974957	4.0959	0.0	0.1548	0.0	0.0
SRR8871488	22183679	7.0741	0.0	0.1055	0.0	0.0
SRR27394014	23722307	0.0	2.3447	4.9726	0.0	0.0
SRR7873410	23450394	9.7413	0.0	0.5452	0.0	0.0
SRR11521342	658627	0.0	9.6773	0.9622	0.0	0.0
SRR27323277	5015170	0.0	12.3651	1.9613	0.0	0.0
SRR25534618	25518990	0.1264	4.884	1.1887	0.0	0.0
SRR16074109	72291818	0.0	8.8751	0.1371	0.0	0.0
ERR6212293	4913652	0.0	2.5393	1.5347	0.0	0.0
SRR39573513	26222697	0.0	2.7166	0.0	0.0	0.0
SRR35284461	20277676	0.0	96.8745	0.2875	0.0	0.0
SRR7264899	1653623	1.6422	0.0	0.5538	0.0	0.0
SRR21354726	705340	0.0	46.4996	4.5941	0.0	0.0
SRR7508019	4351819	0.0	5.1441	1.1382	0.0	0.0
SRR7264697	1108310	3.0548	0.0	0.1388	0.0	0.0
SRR7508011	4844894	0.0	2.7263	0.0	0.0	0.0
SRR29506606	44268952	0.0	4.4199	0.2203	0.0	0.0
SRR29011765	23736140	0.0	3.2732	0.1306	0.0	0.0
SRR22227258	7848605	7.5677	0.0	6.1141	0.0	0.0
SRR22227257	5143624	7.0981	0.0	6.2917	0.0	0.0
SRR13071870	24345492	0.0	1.5076	0.0	0.0	0.0
SRR23852696	404199	0.0	34.9167	1.524	0.0	0.0
SRR22183659	41731067	3.2284	0.0	0.374	0.0	0.0
SRR38317307	20202129	22.4805	0.0	1.3088	0.0	0.0
SRR6925808	20453573	1.8085	0.0	0.5916	0.0	0.0
SRR13071869	15429452	0.0	1.5226	0.0	0.0	0.0
SRR35527171	20676346	0.0	0.0	9.2874	0.0	0.0
SRR24906445	21578550	0.0	1.962	2.2256	0.0	0.0
SRR13768453	31895720	9.4442	0.0	0.1838	0.0	0.0
SRR11566014	2324892	0.0	2.8821	0.3421	0.0	0.0
SRR1793834	18841396	2.0458	0.0	0.0	0.0	0.0
SRR7000831	34071680	17.3868	0.0	1.0178	0.0	0.0
SRR14239714	21667049	0.0	24.8105	2.4899	0.0	0.0
ERR6842695	94187711	1.9663	0.0	0.0	0.0	0.0
SRR14902369	120618413	0.0	0.0	16.0181	0.0	0.0
SRR30501049	22053782	0.0	3.8355	0.305	0.0	0.0
SRR7408198	46645076	16.9719	0.0	0.0	0.0	0.0
SRR12054319	32498805	18.1537	0.0	0.2544	0.0	0.0
SRR36790452	26325695	0.0	10.0779	0.4013	0.0	0.0
SRR16709588	31975354	0.0	9.7487	0.5291	0.0	0.0
SRR10098210	29215147	0.0	9.0756	1.5272	0.0	0.0
SRR11809791	29748525	0.0	15.2083	0.2653	0.0	0.0
SRR28637125	19797070	0.0	17.6888	5.1725	0.0	0.0
SRR6347968	38278680	0.2728	0.0	5.3381	0.0	0.0
SRR7508071	4608086	0.0	1.5575	1.6458	0.0	0.0
SRR21354878	1326109	0.0	3.1444	7.3893	0.0	0.0
SRR7408203	41398391	3.909	0.0	0.0	0.0	0.0
SRR7266033	3773841	2.7738	0.0	0.0	0.0	0.0
SRR17316609	7286498	0.0	2.2083	2.0343	0.0	0.0
SRR37325378	60015972	3.279	0.0	2.5104	0.0	0.0
SRR30725416	41668702	0.0	1.3475	0.435	0.0	0.0
SRR36194765	26338257	11.3802	0.0	2.2529	0.0	0.0
SRR7692635	10731061	44.8242	0.0	0.0	0.0	0.0
SRR27010637	22030663	0.0	2.2724	5.3652	0.0	0.0
SRR17916424	16810086	13.2069	0.0	1.2274	0.0	0.0
SRR13263289	43466246	0.0	1.6419	0.0	0.0	0.0
ERR7334440	50091793	0.1332	4.1246	1.2726	0.0	0.0
SRR38703278	27798712	0.0	0.0	3.9164	0.0	0.0
SRR14239716	26088658	0.0	4.7017	3.9575	0.0	0.0
SRR9854216	22400923	0.0	3.8562	0.0	0.0	0.0
ERR3891487	1961994	0.0	36.2061	0.403	0.0	0.0
SRR11947571	25160387	28.3113	0.0	2.0303	0.0	0.0
SRR13069814	24381615	0.0	1.7695	0.0	0.0	0.0
SRR27326353	1402864	1.882	0.0	0.9651	0.0	0.0
SRR36993185	21377132	0.0	0.0	1.3054	25.1758	0.0
SRR11622365	3092599	0.1606	28.036	0.146	0.0	0.0
SRR10135185	11440209	0.0	1.8378	1.3481	0.0	0.0
SRR27326530	440977	21.3406	0.0	2.8183	0.0	0.0
SRR24657687	22800784	0.0	19.2038	0.7136	0.0	0.0
ERR3801515	22868224	0.0	0.0	4.9069	0.0	0.0
SRR28637131	25074312	0.1091	16.1512	10.6614	0.0	0.0
SRR6218776	32550810	6.0398	0.0	5.2649	0.0	0.0
SRR7267259	2170235	1.8889	0.0	0.0	0.0	0.0
SRR17543528	21931769	1.6959	0.0	0.2286	0.0	0.0
SRR29654757	23670419	0.0	4.5107	0.557	0.0	0.0
SRR30499039	29585963	11.3494	0.0	5.0181	0.0	0.0
SRR7264838	1433876	1.0987	0.0	0.0	0.0	0.0
SRR16938923	19932405	0.0	87.2116	0.2053	0.0	0.0
SRR16552248	7222074	0.1128	39.2014	0.5875	0.0	0.0
SRR20750912	400224	0.0	1.362	1.738	0.0	0.0
SRR31908821	19779356	0.0	2.3799	0.3378	0.0	0.0
ERR6341080	3434325	0.0	6.8053	0.2422	0.0	0.0
ERR6341079	3414151	0.0	6.9135	0.253	0.0	0.0
ERR6341078	3532857	0.0	6.9623	0.2523	0.0	0.0
ERR6341081	3509315	0.0	6.8911	0.2507	0.0	0.0
SRR16022036	22044134	0.0	6.9094	0.0	0.0	0.0
SRR14467108	54380771	2.9453	0.0	1.8399	0.0	0.0
SRR7361589	19965537	0.0	5.5996	0.0	0.0	0.0
SRR17191158	30773839	0.0	2.5313	1.3087	0.0	0.0
SRR8743107	21638101	9.7423	0.0	0.0	0.0	0.0
SRR6365716	21927732	0.1822	1.5771	1.6066	0.0	0.0
SRR12245827	43558237	0.0	4.857	0.1158	0.0	0.0
SRR30498931	30658386	1.8876	0.0	2.9806	0.0	0.0
SRR24019256	8150973	0.0	0.0	9.9922	0.0	0.0
SRR21995375	17544375	7.6743	0.0	0.0	0.0	0.0
SRR23095518	43351148	0.0	4.4918	1.0159	0.0	0.0
SRR30421784	26279979	94.2928	0.0	0.0	0.0	0.0
SRR33883192	22277822	4.3777	2.1281	0.3261	0.0	0.0
SRR12599833	35474568	0.0	1.5483	0.8979	0.0	0.0
SRR5435265	18926895	2.8176	0.0	0.5578	0.0	0.0
SRR21354742	373007	0.0	31.9477	3.1924	0.0	0.0
SRR24888040	21641240	3.5993	0.0	2.2689	0.0	0.0
ERR572027	13621877	0.0	1.1072	1.0123	0.0	0.0
SRR34674982	15716565	0.0	3.0323	9.9024	0.0	0.0
SRR7264981	2053706	1.3836	0.0	0.0	0.0	0.0
SRR8984124	46077493	27.9299	0.0	4.6482	0.0	0.0
SRR37798398	26817773	4.5043	0.2679	2.7147	0.0	0.0
SRR14870472	49767849	22.9335	0.2441	1.1603	0.0	0.0
SRR13951265	22768793	0.0	1.617	0.0	0.0	0.0
ERR16140456	37560726	0.1148	5.6854	0.4003	0.0	0.0
ERR13346924	20369652	0.0	1.616	0.125	0.0	0.0
SRR3727680	36297564	13.2725	0.0	2.2712	0.0	0.0
SRR10135154	2285695	0.0	2.5182	0.1806	0.0	0.0
SRR14674057	11788713	1.7441	0.0	1.6775	0.0	0.0
SRR33516496	25239972	0.0	1.6231	0.2117	0.0	0.0
SRR27333904	25263379	1.4515	2.745	1.257	0.0	0.0
SRR11431614	1005366	0.0	1.858	1.2508	0.0	0.0
SRR21354883	469158	0.0	78.8357	3.1258	0.0	0.0
SRR19977868	20000000	7.7929	0.0	0.1071	0.0	0.0
SRR32622744	22333860	1.5422	0.0	0.1345	0.0	0.0
ERR16140391	62859723	0.0	1.2912	0.6909	0.0	0.0
SRR36292491	33571903	8.0305	0.0	5.5986	0.0	0.0
SRR19725866	47837378	0.0	7.1598	0.2243	0.0	0.0
ERR4369201	20560641	0.1409	6.3862	1.0945	0.0	0.0
SRR12670048	50252051	3.4219	0.0	1.2719	0.0	0.0
SRR36292460	38418788	2.0384	0.1757	5.2523	0.0	0.0
SRR13298311	48861831	0.0	21.3059	0.1739	0.0	0.0
SRR10135451	12676346	0.0	4.2423	0.2205	0.0	0.0
SRR11809780	31204852	0.0	3.4834	1.5887	0.0	0.0
SRR39263424	23532389	0.0	3.8875	0.9645	0.0	0.0
SRR36308454	21858054	8.8283	0.0	2.3816	0.0	0.0
SRR7508045	4790034	0.0	2.4608	1.2191	0.0	0.0
SRR27305261	2040344	0.0	3.4867	0.219	0.0	0.0
SRR31429549	21811852	0.0	1.9283	0.1895	0.0	0.0
SRR11521325	405287	0.0	24.2181	6.503	0.0	0.0
SRR23852691	37541	0.0	46.7915	0.4688	0.0	0.0
SRR16156359	13458204	35.3301	0.0	0.7116	0.0	0.0
SRR20997981	20471844	0.0	9.0715	0.4483	0.0	0.0
SRR13675534	36635187	4.1114	0.0	0.4357	0.0	0.0
SRR20750953	168023	0.0	1.0255	4.3702	0.0	0.0
SRR7221492	4689409	0.0	8.0753	0.4294	0.0	0.0
SRR13980242	61160439	0.0	0.0	22.662	0.0	0.0
SRR7267009	1946109	1.3097	0.0	0.5906	0.0	0.0
SRR30681747	45793161	0.0	20.5431	0.2796	0.0	0.0
SRR7267144	1529054	3.2825	0.0	0.0	0.0	0.0
SRR11282452	45348142	0.0	1.4168	0.3904	0.0	0.0
SRR21354729	560669	0.0	39.14	4.7659	0.0	0.0
SRR19891821	22728465	1.3603	0.0	1.0129	0.0	0.0
SRR33640263	61090294	0.0	8.7041	0.2253	0.0	0.0
SRR31278120	53301608	3.5882	0.0	0.1473	0.0	0.0
SRR39147047	40247168	13.6821	0.0	0.0	0.0	0.0
SRR38897786	20307475	0.0	9.4347	0.1918	0.0	0.0
ERR4369160	25861841	0.0	1.2924	1.1234	0.0	0.0
SRR25209567	21473283	0.0	5.2784	0.0	0.0	0.0
SRR18856177	132421287	20.2865	0.0	0.2266	0.0	0.0
SRR24633708	20643097	0.0	3.1207	0.8237	0.0	0.0
SRR1975204	23250866	17.8906	0.0	0.0	0.0	0.0
SRR32212164	20847830	0.0	0.0	6.6297	0.0	0.0
SRR25968999	59188145	8.3759	0.0	1.5453	0.0	0.0
SRR25723175	14885916	0.0	17.8055	2.1428	0.0	0.0
SRR31078299	68973001	0.0	3.4749	2.1108	0.0	0.0
SRR35415222	15209855	0.0	5.7065	0.2793	0.0	0.0
DRR730070	36472091	0.0	19.2621	0.8457	0.0	0.0
SRR14724004	24197238	0.0	0.0	75.5612	0.0	0.0
SRR11566083	995422	0.0	4.0802	0.1315	0.0	0.0
SRR13522946	131656814	0.0	2.346	2.6865	0.0	0.0
DRR730075	34556445	0.0	15.3807	0.7002	0.0	0.0
SRR3233841	33611763	0.0	1.2005	0.0	0.0	0.0
SRR12341076	1135373	6.4871	0.0	0.9555	0.0	0.0
SRR10137382	36569022	0.0	40.5415	0.2129	0.0	0.0
SRR8309922	11936937	8.7871	0.0	1.876	0.0	0.0
SRR21354728	522261	0.0	33.6893	4.1207	0.0	0.0
SRR22937890	18987472	3.9988	0.0	0.2735	0.0	0.0
SRR30125658	25242075	0.0	65.6853	0.7176	0.0	0.0
SRR8706906	23578405	1.3704	0.0	0.0	0.0	0.0
SRR15564981	21522681	0.0	2.5415	0.2346	0.0	0.0
SRR26630524	20895182	0.0	1.8425	0.595	0.0	0.0
SRR20750963	67317	0.0	1.4915	1.3696	0.0	0.0
SRR17456150	30541539	0.0	18.5424	1.6204	0.0	0.0
SRR32009633	21696024	0.0	1.8141	0.4201	0.0	0.0
SRR27373741	43034204	0.0	17.2282	2.2107	0.0	0.0
SRR27709655	21790631	0.4821	5.7369	0.3041	0.0	0.0
DRR207954	11457214	0.0	0.0	0.2912	2.7363	0.0
SRR37630615	21753808	0.0	2.45	1.4094	0.0	0.0
SRR9640384	35123611	0.0	4.0144	0.0	0.0	0.0
SRR16477483	35398922	0.0	1.655	4.1578	0.0	0.0
SRR7000851	31730942	10.629	0.0	1.9921	0.0	0.0
SRR17916389	14977992	22.4778	0.0	0.1453	0.0	0.0
SRR26471822	22511284	0.0	3.6967	0.4169	0.0	0.0
SRR25233140	22652072	0.0	6.7858	0.5845	0.0	0.0
SRR32514829	20757742	0.0	6.1602	0.5353	0.0	0.0
SRR4296281	17079604	1.5517	0.0	0.0	0.0	0.0
SRR33883187	21596416	0.4968	8.4528	0.7801	0.0	0.0
DRR730249	39923913	0.0	7.744	0.0	0.0	0.0
SRR8163292	32576768	0.1272	19.4356	0.0	0.0	0.0
ERR6120457	34475305	0.0	0.0	4.3195	0.0	0.0
SRR22272465	37255958	0.0	0.0	0.2049	15.3189	0.0
SRR28427844	34837320	0.0	2.7058	4.4672	0.0	0.0
SRR11940506	12054525	0.0	4.5438	0.1281	0.0	0.0
SRR10269806	20217335	0.0	2.2223	0.2801	0.0	0.0
SRR26553587	20737420	0.0	8.7115	0.4121	0.0	0.0
SRR31646416	21330764	0.0	8.8128	0.2236	0.0	0.0
SRR28975614	2613957	3.3221	0.0	0.6385	0.0	0.0
SRR31838231	20553430	9.884	0.0	2.393	0.0	0.0
SRR7267263	3681482	1.4867	0.0	0.0	0.0	0.0
SRR20115007	20763175	0.0	5.3192	0.0	0.0	0.0
SRR11309001	8327435	0.0	6.149	3.0452	0.0	0.0
SRR28973419	23396075	0.0	20.6777	0.2613	0.0	0.0
SRR14915933	16317599	0.0	13.8208	1.7814	0.0	0.0
SRR11809786	40161274	0.0	5.9831	0.2272	0.0	0.0
SRR29384838	34765368	1.5583	0.0	0.7596	0.0	0.0
SRR19973797	20585012	0.0	1.2268	2.239	0.0	0.0
SRR25301108	27287545	0.0	3.0339	1.2423	0.0	0.0
SRR25379822	21644127	0.0	19.588	0.8662	0.4232	0.0
SRR36910219	39075066	8.162	0.0	4.543	0.0	0.0
SRR12747952	27049021	0.0	5.5338	0.8286	0.0	0.0
SRR12968139	13367675	3.9873	0.0	0.2705	0.0	0.0
SRR22266466	20899231	0.0	17.7699	0.0	0.0	0.0
SRR7507961	4866872	0.0	1.7217	1.7492	0.0	0.0
SRR7264760	1623478	1.1103	0.0	0.2261	0.0	0.0
SRR25402483	655809	0.4599	12.045	0.2672	0.0	0.0
SRR26081805	16310262	0.0	36.0683	0.2831	0.0	0.0
SRR30725411	39976221	0.0	1.5061	0.2514	0.0	0.0
SRR10135106	10855568	0.1916	2.5526	1.8255	0.0	0.0
SRR31913468	29386045	0.0	7.3418	0.4697	0.0	0.0
SRR33516176	25211269	0.0	1.3587	0.1479	0.0	0.0
SRR30125669	23188977	0.0	83.8485	0.517	0.0	0.0
SRR7508070	4360294	0.0	5.1655	1.1444	0.0	0.0
SRR39611385	23267160	0.0	5.5125	2.8501	0.0	0.0
SRR7267284	1113201	3.4011	0.0	0.0	0.0	0.0
SRR14865773	24824338	0.0	3.627	1.0032	0.0	0.0
SRR19752898	2213770	0.0	0.0	0.0	14.4379	0.0
ERR420213	16997184	0.0	18.3019	0.0	0.0	0.0
ERR11650712	3249234	0.0	9.8885	0.7962	0.0	0.0
SRR12560332	18580454	0.0	1.5775	0.1267	0.0	0.0
SRR30852807	23549700	0.0	7.1512	0.0	0.0	0.0
SRR38061564	86098090	0.0	6.6935	0.6911	0.0	0.0
SRR14959066	20898430	6.1416	0.0	0.4509	0.0	0.0
SRR25209546	20824377	0.0	3.8813	0.1458	0.0	0.0
SRR494413	11572988	0.0	6.7673	0.0	0.0	0.0
SRR494412	9778317	0.0	8.9696	0.0	0.0	0.0
SRR7508093	4156966	0.0	2.2067	1.1739	0.0	0.0
SRR7266054	845156	2.1633	0.0	0.8653	0.0	0.0
SRR12772431	4936917	0.0	0.0	1.8306	2.957	0.0
SRR19570671	51701722	0.0	10.2295	1.4283	0.0	0.0
SRR18069911	87611394	4.4718	0.0	1.6625	0.0	0.0
SRR28289600	65464990	0.0	30.6887	0.6168	0.0	0.0
SRR25891110	21538481	0.0	20.5019	0.2026	0.0	0.0
SRR10135373	20722625	0.0	1.2254	26.0261	0.0	0.0
SRR7267028	2044986	2.6476	0.0	0.1783	0.0	0.0
SRR35021628	27468188	0.2049	0.0	0.3665	10.9892	0.0
SRR38980055	44703680	0.0	4.3542	0.231	0.0	0.0
SRR35278635	23281408	0.0	14.9443	2.5906	0.0	0.0
SRR3223208	17379431	0.0	3.0287	0.0	0.0	0.0
SRR27323374	10438055	0.0	35.6439	1.9113	0.0	0.0
SRR17967521	24485420	0.0	0.0	4.5917	0.0	0.0
SRR21021704	16764363	0.0	1.2549	0.1895	0.0	0.0
SRR30667974	33991372	7.004	0.0	0.1154	0.0	0.0
SRR29025459	22962287	0.1925	1.2422	0.3871	0.0	0.0
SRR23798282	21310306	0.0	5.835	0.8982	0.0	0.0
SRR34326228	3750410	0.0	2.043	0.1184	0.0	0.0
SRR32883249	40659460	1.3159	0.0	3.7438	0.0	0.0
SRR3100251	13216839	0.0	2.3965	0.0	0.0	0.0
SRR25064198	23975975	0.0	1.5852	2.6969	0.0	0.0
SRR31278122	62950882	4.0763	0.0	0.4763	0.0	0.0
SRR15500775	21938564	2.2477	0.0	0.5395	0.0	0.0
SRR35391029	15657435	2.9843	0.0	4.2195	0.0	0.0
ERR3891485	748649	0.0	18.1357	0.5244	0.0	0.0
SRR10522011	27063612	0.1258	1.4463	0.1021	0.0	0.0
SRR29654781	28089513	0.0	9.086	0.2036	0.0	0.0
SRR14675290	81599300	0.0	36.3686	0.9487	0.0	0.0
SRR16351744	23487133	10.8672	0.0	2.5202	0.0	0.0
SRR35559017	41831241	12.1653	0.0	0.3361	0.0	0.0
SRR31669312	14393817	0.0	9.7626	2.7148	0.0	0.0
SRR11364582	29022168	1.7137	0.0	0.1883	0.0	0.0
SRR24657690	26841387	0.0	22.1276	0.6572	0.0	0.0
SRR30708825	27231087	0.0	14.5255	0.6415	0.0	0.0
SRR37246195	1473182	0.0	2.1978	0.5634	0.0	0.0
SRR7264913	1777496	3.0517	0.0	0.0	0.0	0.0
SRR12158775	24464296	9.4646	0.0	0.2607	0.0	0.0
SRR18192444	22534108	14.6641	0.0	8.4303	0.0	0.0
SRR17916402	25512705	12.7128	0.0	1.2609	0.0	0.0
SRR29198162	23932361	0.0	2.8143	0.5292	0.0	0.0
ERR2275058	9307500	9.9822	0.0	0.4267	0.0	0.0
ERR1360186	18492760	4.1395	0.0	12.5477	0.0	0.0
SRR6145801	14473571	0.0	2.4232	3.2174	0.0	0.0
SRR9854239	22443814	0.0	3.1571	0.0	0.0	0.0
SRR16011646	36216753	3.3621	0.0	1.1705	0.0	0.0
SRR11462965	57780166	0.0	3.29	1.013	0.0	0.0
SRR14822620	22907555	1.517	3.4936	2.582	0.0	0.0
SRR29606638	27473333	0.0	0.0	23.1875	0.0	0.0
ERR14823239	44677069	36.0047	0.0	0.0	0.0	0.0
ERR14835963	34412499	62.1787	0.0	2.5981	0.0	0.0
SRR10416849	14755430	0.0	31.0106	0.201	0.0	0.0
SRR16156342	15376819	47.2824	0.0	0.1469	0.0	0.0
SRR38897785	20018676	0.0	52.0066	0.637	0.0	0.0
SRR10258834	25236322	0.0	1.3046	0.5322	0.0	0.0
SRR29221778	23578276	0.0	2.7802	0.0	0.0	0.0
SRR28718297	21435111	71.1396	0.0	0.7674	0.0	0.0
SRR1537555	39608486	0.0	1.371	0.6467	0.0	0.0
SRR20750811	154260	0.0	4.5819	2.8031	0.0	0.0
SRR31801795	22123695	0.0	3.5384	0.484	0.0	0.0
SRR34469073	27623723	0.0	3.2712	0.2867	0.0	0.0
SRR30795891	50498518	0.0	12.1054	1.1997	0.0	0.0
SRR5804923	33027369	0.0	5.9993	0.2242	0.0	0.0
SRR10135183	10923997	0.0	1.7013	0.2655	0.0	0.0
SRR31669362	9108270	0.0	11.4989	2.1043	0.0	0.0
SRR27214500	19004895	15.1554	0.0	6.5106	0.0	0.0
SRR36790439	24197615	0.0	9.804	0.3648	0.0	0.0
SRR2782409	1044319	0.0	1.5681	0.0	0.0	0.0
SRR7267030	1689751	1.4779	0.0	0.0	0.0	0.0
SRR7266016	1682914	4.4862	0.0	0.2571	0.0	0.0
SRR24755853	29643119	0.0	4.2837	0.7206	0.0	0.0
SRR26679144	22416418	31.4103	0.0	0.3398	0.0	0.0
SRR6281224	46238063	0.0	17.9259	0.8179	0.0	0.0
SRR8984117	77764164	39.4756	0.0	2.2343	0.0	0.0
SRR39292874	37889066	0.0	2.3076	1.2859	0.0	0.0
ERR15368180	96195890	0.0	7.2228	0.3728	0.0	0.0
SRR14539524	23398074	0.0	7.1604	0.5239	0.0	0.0
SRR39298176	6581000	0.0	3.1519	1.367	0.0	0.0
SRR11809790	45123509	0.0	11.4664	0.2885	0.0	0.0
SRR26277489	21656110	1.5873	0.0	1.8746	0.0	0.0
DRR299543	26668963	0.0	2.6778	2.6866	0.0	0.0
SRR30125664	24964536	0.0	59.4635	1.3383	0.0	0.0
SRR21237705	23516129	0.0	17.5004	0.5953	0.0	0.0
SRR6796796	27020362	0.0	1.5822	0.0	0.0	0.0
SRR34469088	24172946	0.0	5.6898	0.3401	0.0	0.0
SRR7508031	4456250	0.0	3.318	0.0	0.0	0.0
SRR27297833	721133	0.0	16.6889	0.1513	0.0	0.0
SRR6395491	56426157	83.5065	0.0	0.8545	0.0	0.0
SRR13590836	21976930	0.0	6.0	0.4841	0.0	0.0
SRR11517237	14761848	0.1118	12.84	1.1914	0.0	0.0
ERR3791638	26442108	0.0	0.0	6.4547	0.0	0.0
SRR34326485	22633366	0.0	5.9279	0.7642	0.0	0.0
ERR10886993	56764814	5.1242	0.0	0.5428	0.0	0.0
SRR5949609	27220673	0.0	3.8698	0.1384	0.0	0.0
SRR7267085	1602402	2.3375	0.0	0.0	0.0	0.0
SRR11521320	437485	0.0	37.6166	3.2792	0.0	0.0
SRR11814932	26328194	3.2522	0.0	0.2101	0.0	0.0
SRR10150177	20054302	0.0	2.9027	0.1473	0.0	0.0
SRR10802185	24199076	0.0	6.0748	6.785	0.0	0.0
SRR21354862	129262	0.0	86.8995	3.6917	0.0	0.0
SRR7267288	1227877	2.6512	0.0	0.0	0.0	0.0
SRR32288532	122736116	3.0664	0.0	1.5215	0.0	0.0
SRR22096589	64523775	0.0	1.3603	6.4451	0.0	0.0
SRR12532043	22518421	0.0	4.3801	0.0	0.0	0.0
SRR15047975	85494298	0.0	16.6563	2.1115	0.0	0.0
SRR1793847	20693334	16.4912	0.0	0.0	0.0	0.0
SRR29826767	33235702	53.3634	0.0	2.1311	0.0	0.0
SRR11282469	8714901	0.0	2.6281	1.5546	0.0	0.0
SRR10135403	8241326	0.0	2.1053	0.1292	0.0	0.0
SRR34326480	56006649	0.1589	10.2313	0.0	0.0	0.0
SRR38077032	44218087	38.4432	0.1023	0.7624	0.0	0.0
SRR11887950	35798419	0.0	4.5591	0.1791	0.0	0.0
SRR13862653	26312483	0.0	4.9509	1.8508	0.0	0.0
SRR23436110	24426053	0.0	1.3792	0.2624	0.0	0.0
SRR11809779	30622774	0.0	2.24	1.7616	0.0	0.0
SRR11791261	31936205	0.0	3.0169	11.7906	0.0	0.0
SRR23621059	22320158	0.0	1.5175	0.0	0.0	0.0
SRR5871164	24911850	48.2855	0.0	0.1239	0.0	0.0
SRR7692632	14767557	5.1849	0.0	0.9092	0.0	0.0
SRR23502992	21717130	1.0062	6.4372	0.8266	0.0	0.0
SRR38363232	4201624	0.0	1.5047	0.2486	0.0	0.0
SRR20722049	12234040	0.0	1.8317	2.2987	0.0	0.0
SRR28820185	26093751	0.0	2.684	9.2627	0.0	0.0
SRR7507979	4433374	0.0	1.1192	0.0	0.0	0.0
SRR12341083	9808361	4.468	0.0	0.4459	0.0	0.0
SRR18441159	22291389	0.0	34.1288	0.3726	0.0	0.0
SRR23712287	6723053	0.0	0.0	5.2852	0.0	0.0
SRR36367302	48035648	8.1841	0.0	9.0612	0.0	0.0
SRR19361762	42346353	2.4876	0.0	0.322	0.0	0.0
SRR24657696	22874470	0.0	28.356	0.6382	0.0	0.0
SRR20750976	1281803	0.0	2.0406	1.4216	0.0	0.0
SRR28637122	23188387	0.2381	14.6804	4.1172	0.0	0.0
SRR14614694	14738674	0.0	4.0677	0.8076	0.0	0.0
SRR20728020	35530861	0.0	13.0529	0.0	0.0	0.0
SRR5942519	17845977	0.0	1.7769	31.217	0.0	0.0
SRR11773438	33853709	0.0	2.2612	0.489	0.0	0.0
SRR7508085	5198428	0.0	1.4283	0.0	0.0	0.0
ERR3891494	13013427	0.0	11.2176	0.3323	0.0	0.0
SRR35859417	35239907	0.0	9.9389	0.4607	0.0	0.0
SRR13486975	14614853	0.2319	2.7007	1.3619	0.0	0.0
SRR13167990	31456069	42.4951	0.0	0.8782	0.0	0.0
SRR23852717	108618	0.0	33.9189	8.5299	0.0	0.0
DRR737897	20214715	0.0	2.1025	0.3889	0.0	0.0
SRR3571666	77163413	1.9344	0.0	0.0	0.0	0.0
SRR25254653	21819624	0.0	1.179	0.4043	0.0	0.0
SRR26374563	39959489	0.0	1.8669	2.3351	0.0	0.0
SRR31731495	24383374	21.968	0.0	0.0	0.0	0.0
SRR25402451	2553561	0.3886	6.6848	0.7786	0.0	0.0
SRR13823995	8761418	10.3332	0.0	0.5374	0.0	0.0
SRR9030382	29147474	6.2442	0.0	0.0	0.0	0.0
SRR25379814	19925288	0.0	14.9134	1.0834	1.2883	0.0
SRR8457036	42388711	0.0	18.2391	0.0	0.0	0.0
ERR13230698	5049248	0.0	0.0	22.803	0.0	0.0
SRR7264829	1155135	3.4017	0.0	0.0	0.0	0.0
SRR17027116	39663954	0.0	1.1666	3.1398	0.0	0.0
SRR24297402	39720886	2.6866	0.0	1.1984	0.0	0.0
SRR12074575	13212046	14.451	0.0	8.1988	0.114	0.0
SRR21354751	319435	0.0	26.8468	3.7391	0.0	0.0
ERR13439946	15174768	0.0	2.3705	1.1812	0.0	0.0
SRR36865069	25235086	0.0	4.5477	6.19	0.0	0.0
SRR15886076	49445804	0.0	38.9483	0.3652	0.0	0.0
SRR5344033	115680754	0.0	0.0	15.2026	0.0	0.0
SRR15439222	110648428	0.0	25.4976	0.0	0.0	0.0
SRR35559026	48899223	5.8853	0.0	0.2498	0.0	0.0
SRR7266159	367155	1.6481	0.0	0.4312	0.0	0.0
SRR14785363	56568174	0.0	9.1691	0.2718	0.0	0.0
SRR27029081	20149049	0.0	1.192	2.6825	0.0	0.0
SRR1818391	28500212	4.8863	0.0	0.0	0.0	0.0
SRR17244280	22127617	0.0	24.4275	3.9929	0.0	0.0
SRR15564992	34527672	0.253	8.8716	0.4725	0.0	0.0
SRR28751997	34029102	0.0	2.7067	1.3035	0.0	0.0
SRR34355006	20415471	0.0	28.3687	0.5211	0.0	0.0
SRR26909822	25130829	12.6101	0.0	0.2738	0.0	0.0
SRR7549545	22570571	0.0	3.0055	0.1618	0.0	0.0
SRR22183678	34534408	3.2318	0.0	0.2535	0.0	0.0
SRR30859955	23298265	0.2349	5.5404	0.6902	0.0	0.0
SRR7265061	12375	1.9798	0.0	0.1051	0.0	0.0
SRR33516220	27693690	0.0	4.7047	0.0	0.0	0.0
SRR15433788	8329742	0.2098	2.3367	0.0	0.0	0.0
SRR36790432	20925514	0.0	3.1775	0.3155	0.0	0.0
SRR29646201	30791111	0.0	7.263	0.2477	0.0	0.0
SRR14822601	23139505	0.4716	1.1546	3.8506	0.0	0.0
ERR16803911	35379	0.3081	0.0	6.8741	0.0	0.0
SRR8418245	9402081	3.9528	0.0	1.3183	0.0	0.0
SRR34326351	3906516	0.0	5.3271	0.2308	0.0	0.0
SRR19213869	3961921	0.0	5.5875	0.4055	0.0	0.0
SRR22973849	31870021	5.448	0.0	1.5713	0.0	0.0
SRR12546085	10084160	0.0	16.1137	0.0	0.0	0.0
SRR27322874	6920575	0.0	11.7266	2.0746	0.0	0.0
SRR20750948	686072	0.0	1.8899	2.1681	0.0	0.0
ERR1314945	80032946	4.5204	0.0	0.785	0.0	0.0
SRR6398549	592113	0.0	1.0989	3.525	0.0	0.0
SRR20750845	607913	0.0	5.0441	2.5308	0.0	0.0
SRR25996491	23336836	0.2039	4.5977	1.5327	0.0	0.0
SRR29221774	23763110	0.0	3.7999	0.0	0.0	0.0
SRR37244528	24660699	1.7694	0.0	0.2371	0.0	0.0
SRR38890927	34509678	0.0	3.1556	0.0	0.0	0.0
SRR2096841	10082019	38.5892	0.0	0.0	0.0	0.0
SRR24633690	21217381	0.0	3.2294	1.3831	0.0	0.0
SRR36367323	40089150	15.2434	0.6759	10.4027	0.0	0.0
SRR7266222	117356	5.3598	0.0	0.3826	0.0	0.0
SRR17227572	36041570	0.0	2.1849	4.8576	0.0	0.0
ERR4369198	22442955	0.0	22.8859	0.9828	0.0	0.0
SRR15141375	3284119	2.7453	0.0	2.6945	0.0	0.0
SRR7266140	2625646	3.0751	0.0	0.1474	0.0	0.0
ERR10962787	15755884	1.9914	0.0	1.076	0.0	0.0
SRR16938981	19788479	0.0	78.439	0.5968	0.0	0.0
SRR21021772	16151676	0.0	3.3669	1.9482	0.0	0.0
SRR23628295	40300106	0.0	1.7079	0.0	0.0	0.0
SRR24956670	17558544	0.0	0.0	11.2082	0.0	0.0
SRR31806265	20306999	0.0	5.9988	5.2816	0.0	0.0
SRR22904934	46112863	0.0	17.1196	0.3304	0.0	0.0
SRR3090712	3573224	0.0	1.6483	0.1618	0.0	0.0
SRR7549677	22362037	0.0	5.4528	0.1292	0.0	0.0
SRR21354835	1053248	0.0	51.7208	3.017	0.0	0.0
SRR20114987	22027517	0.0	4.1605	0.2335	0.0	0.0
SRR26860070	33452529	70.7113	0.0	0.1358	0.0	0.0
SRR24956705	16281856	0.0	0.0	14.482	0.0	0.0
SRR24518421	31139024	2.1964	0.0	0.5822	0.0	0.0
SRR33386586	34090162	0.0	6.1583	1.1336	0.0	0.0
SRR18489167	32440891	0.0	2.2984	1.3607	0.0	0.0
SRR24755852	38691282	0.0	6.2358	0.9929	0.0	0.0
ERR14043214	30198658	0.0	1.1992	0.2037	0.0	0.0
SRR22425940	42273141	0.0	1.1633	1.0014	0.0	0.0
SRR7641974	15474496	0.0	3.5306	0.0	0.0	0.0
ERR12740526	4260135	0.0	0.0	4.7979	0.0	0.0
SRR7266196	1112364	1.2993	0.0	0.197	0.0	0.0
SRR12615982	4147065	0.0	1.003	1.1022	0.0	0.0
SRR27214503	25227587	7.4611	0.0	1.5959	0.0	0.0
SRR36910233	43736561	2.7121	0.0	4.8243	0.0	0.0
SRR36496986	22061874	6.3211	0.0	0.3309	0.0	0.0
SRR13517452	20809080	0.0	1.866	0.1143	0.0	0.0
SRR7264816	1517308	1.5398	0.0	6.4518	0.0	0.0
SRR7508041	5227344	0.0	2.5372	0.0	0.0	0.0
SRR3223206	13661488	0.0	1.2841	0.0	0.0	0.0
ERR15399356	50661282	0.0	0.0	2.5346	0.0	0.0
SRR11887964	30567154	0.0	63.1392	0.2026	0.0	0.0
SRR17316603	8538141	0.0	2.1603	2.9345	0.0	0.0
DRR306580	13609575	0.0	1.6887	1.3863	0.0	0.0
SRR25402469	2735803	0.7429	9.9663	3.8355	0.0	0.0
SRR17543241	29703937	0.0	9.8759	0.711	0.0	0.0
SRR17244271	20068861	0.0	4.6438	2.9573	0.0	0.0
SRR13355208	28990694	9.7876	0.0	2.098	0.0	0.0
SRR12546073	6075012	0.0	8.8081	0.0	0.0	0.0
SRR19213915	5556610	0.0	7.9614	0.3116	0.0	0.0
SRR33516406	25132407	0.0	9.8818	0.0	0.0	0.0
SRR30920837	67076176	14.2469	0.0	0.8901	0.0	0.0
ERR7421538	7816088	42.8889	0.2315	1.4125	0.0	0.0
SRR15560132	15164161	0.0	15.6657	0.533	0.0	0.0
SRR26821490	21928470	2.0503	4.7523	0.1992	0.0	0.0
SRR13134691	21853482	0.0	30.0765	0.5494	0.0	0.0
SRR28285421	25397522	0.1835	0.0	8.0905	0.0	0.0
SRR9919010	25330637	0.0	2.584	0.3262	0.0	0.0
ERR14835922	27529620	73.3375	0.0	3.8499	0.0	0.0
SRR7644325	24436078	13.3295	0.0	0.0	0.0	0.0
SRR28872820	41221348	0.0	7.3176	0.334	0.0	0.0
SRR38858530	35345448	4.6556	0.0	1.1627	0.0	0.0
ERR4605985	20668195	0.0	1.8432	0.2282	0.0	0.0
SRR7267311	144238	3.5608	0.0	2.5035	0.0	0.0
SRR33516303	23660981	0.0	2.0719	0.1239	0.0	0.0
SRR25318405	53081396	0.1053	1.3951	2.489	0.0	0.0
SRR18171579	46556856	11.6682	0.0	0.4515	0.0	0.0
SRR26462336	22651283	0.0	1.6382	0.11	0.0	0.0
SRR17916445	17796279	20.6829	0.0	0.7356	0.0	0.0
SRR14803606	25873132	0.0	13.6227	2.9975	0.0	0.0
SRR22973810	37454191	5.8768	0.0	1.1448	0.0	0.0
SRR16351741	24165028	2.2888	0.0	3.4912	0.0	0.0
SRR7264919	1723015	1.2922	0.0	0.0	0.0	0.0
SRR34326253	4130873	0.0	4.4992	0.0	0.0	0.0
SRR12532038	22437490	0.0	22.3229	0.0	0.0	0.0
SRR32132955	24689489	1.832	0.0	1.1499	0.0	0.0
SRR33516497	27101257	0.0	1.6268	0.169	0.0	0.0
ERR10886931	45415116	16.6249	0.0	0.3165	0.0	0.0
ERR10886932	44669395	16.6215	0.0	0.3302	0.0	0.0
SRR6215493	107721392	4.6792	0.0	4.7736	0.0	0.0
SRR25933703	11356689	0.0	3.2018	12.933	0.0	0.0
DRR1004509	19704907	0.0	1.4209	0.3791	0.0	0.0
SRR10098209	37317698	0.0	11.3626	1.9566	0.0	0.0
SRR29646197	34542677	0.0	26.9809	0.2183	0.0	0.0
ERR4606214	20042694	0.0	1.6458	0.1641	0.0	0.0
ERR13346940	23888864	0.0	1.9631	0.1047	0.0	0.0
SRR11309002	10178319	0.0	6.2076	3.5011	0.0	0.0
SRR30673024	30228612	5.4262	0.0	1.0017	0.0	0.0
SRR22704082	19829381	5.4055	0.0	0.669	0.0	0.0
SRR35321448	16842406	1.8955	0.0	0.0	0.0	0.0
SRR7266079	976186	4.2553	0.0	0.0	0.0	0.0
DRR987223	19148226	0.0	1.3441	0.0	0.0	0.0
SRR36910252	40918431	4.475	0.1566	3.0952	0.0	0.0
SRR36292480	30503900	14.2609	0.0	5.1148	0.0	0.0
SRR21411866	23975663	0.0	1.4073	1.1581	0.0	0.0
SRR38355249	18575311	56.5142	0.0	0.4472	0.0	0.0
ERR10886935	41508645	14.2705	0.0	0.3454	0.0	0.0
SRR7507969	5189676	0.0	3.0655	0.1152	0.0	0.0
SRR7267157	211306	3.2124	0.0	4.0732	0.0	0.0
ERR14835929	27656071	57.8107	0.0	3.1607	0.0	0.0
SRR8327239	7814446	0.0	1.3055	0.1285	0.0	0.0
SRR10150161	19601198	0.0	3.2743	0.1758	0.0	0.0
SRR10848803	23242226	0.0	1.372	0.1416	0.0	0.0
SRR11622381	2701220	0.0	65.0184	0.1741	0.0	0.0
SRR15685528	22905108	0.0	3.362	0.2365	0.0	0.0
ERR6124690	39770630	0.0	0.0	5.8141	0.0	0.0
SRR11431598	23132528	0.0	35.522	0.5747	0.0	0.0
SRR26630526	20801459	0.0	1.9028	0.58	0.0	0.0
SRR35874117	22448012	0.0	6.4112	0.1436	0.0	0.0
SRR33821510	347097629	0.0	51.0894	0.1315	0.0	0.0
SRR35737659	25360440	0.0	5.3117	0.0	0.0	0.0
SRR3157056	15641619	2.1459	0.0	0.0	0.0	0.0
SRR8309970	17727722	1.7288	0.0	0.302	0.0	0.0
ERR4349051	23329518	0.1412	1.1743	0.3432	0.0	0.0
SRR31419597	33807880	14.0573	0.0	4.2192	0.0	0.0
SRR23261143	9905492	0.0	0.0	16.8996	0.0	0.0
SRR23261144	9988762	0.0	0.0	17.2308	0.0	0.0
SRR16552290	7257009	0.0	20.766	2.2383	0.0	0.0
SRR7266198	619384	6.2125	0.0	0.9463	0.0	0.0
SRR13298312	47081614	0.0	27.609	0.1196	0.0	0.0
SRR30126656	25265726	2.7257	0.0	0.1864	0.0	0.0
SRR34469075	20267840	0.0	6.2316	0.4322	0.0	0.0
SRR35228108	23335472	0.0	5.202	0.9713	0.0	0.0
SRR23294579	24507736	6.3876	0.0	0.5031	0.0	0.0
SRR38272476	31762899	0.119	2.8437	0.3213	0.0	0.0
SRR24804911	19593962	0.6517	27.7699	0.8207	0.0	0.0
DRR207951	12131987	0.0	0.0	0.3339	1.5178	0.0
SRR11946740	24225670	0.0	2.8711	0.0	0.0	0.0
SRR36292466	41052285	3.6381	0.0	5.5632	0.0	0.0
SRR15439213	108035210	0.0	15.51	0.0	0.0	0.0
SRR21021658	35484988	0.0	4.0377	0.9349	0.0	0.0
SRR33323102	32398564	1.3311	0.0	1.9773	0.0	0.0
SRR24988746	22910769	2.2685	0.0	1.3577	0.0	0.0
SRR11947555	23432679	31.2209	0.0	0.8264	0.0	0.0
SRR7266060	1001285	1.7225	0.0	0.2601	0.0	0.0
SRR24768935	41557724	3.2176	0.0	2.7875	0.0	0.0
SRR31596365	24122326	0.3293	5.7489	0.0	0.0	0.0
SRR34355014	20027539	0.0	60.2109	0.4214	0.0	0.0
SRR18086573	28125224	0.0	12.2308	1.3739	0.0	0.0
SRR8992630	2377940	3.3059	0.0	0.1691	0.0	0.0
SRR8992631	1748388	3.3489	0.0	0.1786	0.0	0.0
SRR8992629	2356585	3.3007	0.0	0.1688	0.0	0.0
SRR36986756	75606122	46.0926	0.0	0.0	0.0	0.0
SRR11035838	10882142	0.0	18.0258	0.5441	0.0	0.0
SRR16995294	39294130	3.5765	0.2971	0.8648	0.0	0.0
SRR3734864	737229	67.4405	0.0	1.1205	0.0	0.0
SRR6398520	1019220	0.0	50.2845	16.0598	0.0	0.0
SRR8586770	40014083	4.4651	0.0	0.3679	0.0	0.0
SRR12133603	21227422	7.5782	0.1089	0.0	0.0	0.0
SRR15439211	108108626	0.0	12.5318	0.0	0.0	0.0
SRR38924895	32041563	11.0405	0.0	0.5821	0.0	0.0
SRR34169765	46263646	0.0	53.0401	1.7665	0.0	0.0
SRR26214573	26789940	21.6295	0.0	0.4171	0.0	0.0
SRR7266071	21752	2.0044	0.0	1.8343	0.0	0.0
ERR10886944	54425539	4.6529	0.0	0.3931	0.0	0.0
SRR19977866	23190219	5.1997	0.0	0.0	0.0	0.0
SRR13786831	30084421	0.0	0.0	19.6271	0.0	0.0
SRR36778578	19127204	15.0278	0.0	0.4676	0.0	0.0
SRR38476749	20164327	0.0	2.0219	0.2962	0.0	0.0
SRR10148808	8883394	0.0	4.9972	0.2122	0.0	0.0
SRR10148809	9592943	0.0	4.9913	0.2093	0.0	0.0
SRR31639307	23766123	26.0643	0.0	0.3423	0.0	0.0
SRR8309967	23823894	3.4636	0.0	0.3501	0.0	0.0
SRR30499031	28481073	4.693	0.0	5.2482	0.0	0.0
SRR16382586	22479632	0.4083	4.2578	0.0	0.0	0.0
SRR1756757	15124943	1.7442	0.0	0.0	0.0	0.0
SRR38924906	32644717	13.6456	0.0	0.3889	0.0	0.0
SRR20750996	264378	0.0	2.7858	2.2006	0.0	0.0
SRR10290620	17538117	3.75	0.0	6.6276	0.0	0.0
SRR38258971	113374827	0.0	83.3178	0.2265	0.0	0.0
SRR32622800	22115813	1.8471	0.0	0.1158	0.0	0.0
SRR34469080	20820981	0.0	1.8468	0.3552	0.0	0.0
SRR18064515	33406644	1.4928	0.0	0.153	0.0	0.0
SRR17916452	12729222	32.8529	0.0	0.3153	0.0	0.0
SRR22523749	20746758	5.9052	0.0	0.0	0.0	0.0
SRR15141447	4299093	11.6576	0.0	1.2863	0.0	0.0
SRR10148810	10450450	0.0	4.9692	0.2092	0.0	0.0
SRR27297816	2312301	0.0	2.833	0.6314	0.0	0.0
SRR31134500	28857630	4.0884	0.0	0.7837	0.0	0.0
SRR3313177	19678061	0.0	7.1189	2.181	0.0	0.0
ERR2930801	26250275	0.0	28.8053	7.4469	0.0	0.0
SRR8418301	13335481	4.2401	0.0	0.2963	0.0	0.0
SRR29872140	26211791	0.0	1.1228	0.565	0.0	0.0
ERR11670130	21120550	0.0	8.8889	6.1327	0.0	0.0
SRR10955787	28239041	0.0	2.0401	0.653	0.0	0.0
SRR34257402	27762682	0.0	1.6859	0.5156	0.0	0.0
SRR3724091	42857848	1.521	0.0	0.1457	0.0	0.0
SRR17621042	11167153	0.0	16.3057	0.0	0.0	0.0
SRR26931929	32055446	0.0	7.7503	2.5177	0.0	0.0
SRR7507942	4391996	0.0	1.827	1.6467	0.0	0.0
SRR35646290	26253768	10.7018	0.0	0.8091	0.0	0.0
SRR30557589	42564610	0.0	0.0	6.682	0.0	0.0
SRR30606377	30707770	74.6418	0.0	1.4198	0.0	0.0
SRR17916381	14960998	35.9983	0.0	0.1166	0.0	0.0
SRR7267317	486760	1.3641	0.0	0.0	0.0	0.0
ERR15648401	60503324	30.2561	0.0	3.2295	0.0	0.0
SRR1170942	9891584	0.0	1.5318	0.0	0.0	0.0
SRR34355012	47171201	0.0	57.899	0.898	0.0	0.0
SRR28393284	418826	0.0	3.3656	2.6424	0.0	0.0
SRR29289959	28798118	0.0	17.1126	0.7257	0.0	0.0
SRR25064189	24504897	0.0	3.8209	0.2981	0.0	0.0
SRR7841758	48027642	3.3905	0.0	0.0	0.0	0.0
SRR18960292	24180519	0.0	2.0865	2.8242	0.0	0.0
SRR1779489	7741543	0.0	6.6092	0.0	0.0	0.0
SRR27239231	29063221	1.0758	14.3716	1.9247	0.0	0.0
SRR17069479	48641894	0.0	2.1414	0.2293	0.0	0.0
SRR25409326	22552313	0.0	2.8428	0.0	0.0	0.0
SRR29011559	24216899	0.0	2.1459	0.1397	0.0	0.0
SRR36492402	11765580	0.0	0.0	8.4486	0.0	0.0
SRR15883068	24462501	0.0	0.0	2.1536	0.0	0.0
SRR27326401	3426327	0.1026	0.0	2.1726	11.2921	0.0
SRR8327220	7982015	0.0	1.147	0.1503	0.0	0.0
SRR13298294	44683142	0.0	19.4596	0.1221	0.0	0.0
SRR16938916	10967620	0.0	75.281	0.1495	0.0	0.0
SRR14880495	119458916	4.1504	0.0	0.3826	0.0	0.0
SRR5387755	16038901	0.0	1.1926	0.0	0.0	0.0
SRR10664035	34655290	0.0	2.2832	0.1028	0.0	0.0
SRR19752910	2043686	0.0	0.0	0.0	16.55	0.0
SRR24019252	6624683	0.0	0.0	97.2051	0.0	0.0
ERR4605978	23820040	0.0	1.6016	0.2077	0.0	0.0
SRR2932316	24188011	0.0	4.0415	0.0	0.0	0.0
SRR27339975	31549263	0.1077	1.7539	0.3766	0.0	0.0
SRR30920833	71269632	6.6075	0.0	0.793	0.0	0.0
SRR5448199	10060615	0.0	7.6342	0.144	0.0	0.0
SRR39368704	20221291	0.0	2.0715	4.0601	0.0	0.0
SRR13156689	17764554	0.0	0.0	2.0239	0.0	0.0
ERR13363625	14752394	0.0	0.0	8.6125	0.0	0.0
SRR12481041	21596790	0.0	81.8974	0.0	0.0	0.0
SRR31011033	27412191	83.6219	0.0	0.8077	0.0	0.0
SRR6281222	42130484	0.0	1.2595	2.2484	0.0	0.0
SRR5804921	33170123	0.0	7.2443	0.4926	0.0	0.0
ERR14835947	32122279	56.2924	0.0	2.7074	0.0	0.0
SRR29384939	38572351	1.5106	0.0	0.6717	0.0	0.0
SRR11814870	21910767	5.1834	0.0	0.2037	0.0	0.0
SRR21846880	33249670	0.0	3.1938	0.662	0.0	0.0
SRR35737657	26950386	0.0	21.8688	0.1161	0.0	0.0
SRR23261107	7969838	0.0	0.0	14.9694	0.0	0.0
SRR5448198	11175023	0.0	7.6145	0.1421	0.0	0.0
SRR23261108	8042578	0.0	0.0	15.3141	0.0	0.0
SRR919335	45915757	1.5344	0.0	0.31	0.0	0.0
ERR7421524	21333169	34.0075	0.7259	0.3835	0.0	0.0
SRR38272468	31852664	0.3769	10.3526	0.355	0.0	0.0
SRR24019266	13629693	0.0	0.0	13.7851	0.0	0.0
SRR10148822	11904701	0.0	5.0903	1.5744	0.0	0.0
SRR10148820	12071953	0.0	5.0808	1.597	0.0	0.0
SRR10148821	12730341	0.0	5.079	1.5771	0.0	0.0
SRR33981069	40086127	1.3676	0.0	4.3103	0.0	0.0
SRR13838020	20422173	0.0	3.585	0.2731	0.0	0.0
SRR7266023	2167062	2.7278	0.0	0.1894	0.0	0.0
ERR16864434	37305787	0.0	7.9862	2.4877	0.0	0.0
SRR20750944	721329	0.0	3.6068	2.0868	0.0	0.0
SRR25209551	21357902	0.0	1.2899	0.1127	0.0	0.0
SRR27297794	2796261	0.0	1.9362	0.8779	0.0	0.0
DRR824739	41622455	0.0	0.0	3.3203	35.8308	0.0
SRR27322905	2282616	0.0	13.6195	2.8052	0.0	0.0
SRR9151616	18163278	0.0	1.9119	1.0318	0.0	0.0
SRR10737667	18128034	8.8118	0.0	3.1761	0.0	0.0
DRR852594	23980373	0.0	2.8929	0.388	0.0	0.0
SRR29012074	23548169	0.0	1.8526	0.2438	0.0	0.0
SRR24145591	21667549	13.3248	0.0	1.9336	0.0	0.0
SRR28736448	28046010	2.3442	0.0	1.5752	0.0	0.0
SRR2989646	10810091	0.0	6.1601	0.1552	0.0	0.0
SRR7508016	5126382	0.0	1.2634	1.6082	0.0	0.0
ERR3791530	45886768	0.0	0.0	5.3577	0.0	0.0
SRR31538840	22778782	4.1322	0.0	0.1932	0.0	0.0
DRR260976	12385190	0.0	1.132	72.0066	0.0	0.0
SRR37325361	60071234	4.0194	0.0	0.4574	0.0	0.0
SRR7264786	70048	12.9925	0.0	0.0	0.0	0.0
SRR29384865	36013351	1.4355	0.0	0.7497	0.0	0.0
SRR39368716	22413069	0.1076	8.8399	4.3596	0.0	0.0
SRR14803611	14269651	0.0	16.2104	3.8051	0.0	0.0
SRR37215775	27489066	31.19	0.0	1.3588	0.0	0.0
SRR39292877	47830085	0.0	28.2411	1.9752	0.0	0.0
ERR990507	13669958	1.1802	0.0	1.7892	0.0	0.0
ERR990506	14404366	1.2091	0.0	1.7962	0.0	0.0
ERR14835923	29795674	58.5885	0.103	3.2275	0.0	0.0
ERR990508	14785154	1.1938	0.0	1.7947	0.0	0.0
ERR990509	18005134	1.2427	0.0	1.8337	0.0	0.0
ERR990510	18097615	1.2437	0.0	1.827	0.0	0.0
SRR7507897	4785351	0.0	2.7983	0.0	0.0	0.0
SRR25998771	29027559	3.4601	0.0	3.4902	0.0	0.0
SRR25522878	47697589	0.0	0.0	3.1481	0.0	0.0
SRR2746924	24241975	0.0	3.7156	0.0	0.0	0.0
SRR3371858	9601710	0.0	15.542	0.0	0.0	0.0
ERR15825695	21857540	0.0	1.2999	0.0	0.0	0.0
ERR4352131	74134854	8.6094	0.0	0.3665	0.0	0.0
SRR9593769	24330039	0.0	11.6718	0.3196	0.0	0.0
SRR36367316	40904863	11.2182	0.0	9.6849	0.0	0.0
SRR29011685	25376477	0.0	3.271	0.1549	0.0	0.0
SRR21619442	26523937	0.0	1.8632	0.918	0.0	0.0
SRR34359040	47089098	0.0	0.0	1.5351	0.0	0.0
SRR25522879	48716848	0.0	0.0	3.1411	0.0	0.0
SRR9023745	29346524	0.0	4.6537	0.0	0.0	0.0
SRR11566059	1909730	0.0	3.1034	0.3188	0.0	0.0
SRR29011730	24423372	0.0	11.7625	0.0	0.0	0.0
SRR7264993	219963	4.1225	0.0	1.7457	0.0	0.0
SRR27010639	23832516	0.0	4.4063	6.154	0.0	0.0
SRR3383830	17506263	1.781	0.0	0.1111	0.0	0.0
SRR32959953	22316942	9.0913	0.0	0.7827	0.0	0.0
SRR27297964	5400984	0.0	5.2634	0.2837	0.0	0.0
SRR575199	7977988	0.0	16.9646	0.1677	0.0	0.0
SRR29779555	17005283	0.6941	18.6506	0.4198	0.0	0.0
SRR31301023	22728323	0.0	5.1395	2.066	0.0	0.0
SRR9854248	22068744	0.0	2.5106	0.0	0.0	0.0
SRR38061560	75461668	0.0	5.8556	0.408	0.0	0.0
SRR13590823	22680429	0.0	1.8495	0.2856	0.0	0.0
SRR28392384	40496426	0.0	7.5705	1.5118	0.0	0.0
ERR3891506	14707805	0.0	48.5213	0.8471	0.0	0.0
DRR391485	13979976	0.1733	2.353	2.4547	0.0	0.0
SRR35278666	22394349	0.0	6.9192	0.7472	0.0	0.0
SRR7361587	18651544	0.0	5.057	0.0	0.0	0.0
ERR5709400	31692518	0.0	4.6609	0.575	0.0	0.0
SRR11176721	17605154	0.0	3.9627	0.0	0.0	0.0
SRR18394849	24974351	0.0	1.4392	3.6714	0.0	0.0
SRR16995232	26027841	2.5485	0.0	6.3563	0.0	0.0
SRR28797233	30411799	0.0	8.6537	0.1799	0.0	0.0
ERR16140386	38261691	6.9298	6.9961	0.8698	0.0	0.0
SRR14611815	33334264	0.0	0.0	4.4112	0.0	0.0
SRR26860049	28745184	65.6179	0.0	0.158	0.0	0.0
SRR31258095	21982709	0.0	52.4628	1.2142	0.0	0.0
SRR37385211	6795097	0.0	89.3454	0.7001	0.0	0.0
SRR18957891	30904340	0.0	0.0	1.0173	2.4748	0.0
SRR11566084	2928821	0.0	3.7109	0.0	0.0	0.0
SRR17518828	29701644	0.0	2.6311	0.0	0.0	0.0
SRR34355027	23211255	0.0	19.1428	0.7636	0.0	0.0
ERR15368196	62799684	0.0	18.0839	0.3606	0.0	0.0
SRR36606543	23116277	0.6342	4.581	0.2116	0.0	0.0
DRR207952	12075878	0.0	0.0	0.259	2.7549	0.0
SRR13862664	22656948	0.0	4.4412	1.662	0.0	0.0
SRR13518144	20356031	0.0	4.9631	0.0	0.0	0.0
SRR20217858	35424590	0.0	2.0528	0.7994	0.0	0.0
SRR31319094	4567250	0.0	1.8435	6.4661	0.0	0.0
SRR21928623	37831435	41.4188	0.0	0.4518	0.0	0.0
SRR37385200	7814177	0.1453	3.7138	6.4778	0.0	0.0
SRR25254449	25820299	0.0	6.0508	0.7211	0.0	0.0
SRR27333884	29238818	5.2154	2.5736	1.3726	0.0	0.0
SRR29304502	21592481	0.0	3.9359	1.7086	0.0	0.0
SRR12160878	30589100	0.0	22.0377	0.373	0.0	0.0
SRR15115332	38301583	0.0	32.5525	0.1453	0.0	0.0
SRR28415839	23609992	0.0	4.0552	0.275	0.0	0.0
DRR844974	19004660	0.0	1.4036	0.0	0.0	0.0
SRR18306020	28839605	0.0	6.6296	0.202	0.0	0.0
SRR33516337	25125405	0.0	2.672	0.0	0.0	0.0
SRR12624254	2385223	2.5805	0.0	0.377	0.0	0.0
SRR12624255	4238850	2.3843	0.0	0.4013	0.0	0.0
SRR26511471	38115059	1.8666	0.4383	0.0	0.0	0.0
SRR8457052	53903840	0.0	10.3097	0.0	0.0	0.0
ERR2930843	29398253	0.0	9.8905	9.0505	0.0	0.0
SRR22430819	42938824	0.0	1.6785	0.0	0.0	0.0
SRR34326520	4878974	0.0	2.5917	0.0	0.0	0.0
SRR34469062	22157343	0.0	10.1394	0.278	0.0	0.0
SRR38194319	54869571	67.6233	0.0	0.785	0.0	0.0
SRR30852795	23588664	0.0	11.569	0.0	0.0	0.0
ERR14835957	28899756	59.916	0.0	1.9256	0.0	0.0
SRR20613503	27672149	0.0	40.6552	0.0	0.0	0.0
SRR21021581	37042135	0.1987	7.2928	2.602	0.0	0.0
SRR32120535	27668600	0.0	1.3167	0.3888	0.0	0.0
SRR32944887	48531567	0.0	4.0163	0.446	0.0	0.0
SRR8691559	26871541	0.0	2.0626	0.0	0.0	0.0
SRR16709583	41062702	0.0	7.2179	0.4366	0.0	0.0
SRR26620434	5353342	22.1061	0.0	2.8153	0.0	0.0
SRR9593766	23389237	0.0	7.388	0.2554	0.0	0.0
SRR33322725	29726589	5.8039	0.0	7.8533	0.0	0.0
ERR11650681	3178141	0.0	32.14	0.4072	0.0	0.0
DRR992051	23622798	0.0	1.5496	0.0	0.0	0.0
SRR16480628	36180335	0.0	4.9306	10.0563	0.0	0.0
SRR17681697	41749041	3.2468	0.4816	1.0858	0.0	0.0
SRR29001886	21958607	0.0	1.8723	0.3303	0.0	0.0
SRR11574250	1643085	0.0	2.3486	0.5611	0.0	0.0
SRR38980080	21750007	98.7743	0.0	0.0	0.0	0.0
SRR5133195	25126170	0.0	1.5701	0.2247	0.0	0.0
SRR7264932	1915152	1.9948	0.0	1.7866	0.0	0.0
ERR11156405	19578961	0.0	1.4317	0.7384	0.0	0.0
SRR7266184	1632677	5.198	0.0	0.1115	0.0	0.0
SRR13341787	23453417	0.0	1.5574	0.6944	0.0	0.0
SRR29444122	25613523	0.0	2.3281	0.6016	0.0	0.0
SRR14729153	23558845	0.0	6.5566	0.7972	0.0	0.0
SRR27298014	661155	0.0	7.3703	0.8688	0.0	0.0
SRR11791278	27947764	0.0	5.8961	3.5809	0.0	0.0
SRR39368686	22141930	0.0	3.3575	2.4762	0.0	0.0
SRR35842199	7226703	0.0	3.6902	0.0	0.0	0.0
SRR30126658	25025690	1.3605	0.0	0.4147	0.0	0.0
SRR6315803	23300366	10.4336	0.0	0.1106	0.0	0.0
ERR14043229	30717089	0.0	2.5033	0.1666	0.0	0.0
SRR15141405	3810901	1.9512	0.0	2.195	0.0	0.0
SRR30501047	20771703	0.0	16.0198	0.3454	0.0	0.0
ERR10886959	58225792	8.2813	0.0	0.2497	0.0	0.0
SRR28224694	21184852	0.0	28.0302	6.0271	0.0	0.0
SRR17956000	17120479	24.687	0.0	1.3068	0.0	0.0
SRR1537559	18144323	0.0	1.4901	0.7675	0.0	0.0
SRR35531428	16164141	0.1532	1.0632	0.7587	0.0	0.0
DRR1003327	24407364	0.155	1.1072	0.2012	0.0	0.0
SRR10135399	9410665	0.0	2.5241	0.3632	0.0	0.0
SRR39144721	20394712	0.0	4.6605	1.9889	0.0	0.0
ERR16804446	8333102	0.0	0.0	4.0763	0.0	0.0
SRR27842615	30518431	0.0	6.2814	0.1337	0.0	0.0
SRR34395677	22236033	1.8486	0.0	0.1328	0.0	0.0
SRR19897810	25597780	2.3686	0.0	0.7475	0.0	0.0
SRR32622358	19976293	1.4352	0.0	0.0	0.0	0.0
SRR11637955	4464866	0.0	2.2379	0.9661	0.0	0.0
SRR34300112	25754963	3.6199	0.0	12.4584	0.0	0.0
SRR25021935	20084363	0.0	2.2439	1.0551	0.0	0.0
SRR17916420	17937084	43.3049	0.0	0.5105	0.0	0.0
SRR10193528	25130422	0.0	7.4359	0.1113	0.0	0.0
SRR29828216	29182638	0.0	4.988	5.4087	0.0	0.0
SRR36367320	39808993	2.8841	15.1864	7.1204	0.0	0.0
SRR13000105	46650080	0.0	2.8651	0.0	0.0	0.0
ERR789113	10253640	20.6004	0.0	3.356	0.0	0.0
SRR11035845	9399779	0.0	12.9385	11.1279	0.0	0.0
SRR7267054	1917204	2.7142	0.0	0.1058	0.0	0.0
SRR22858666	26555838	0.0	6.7908	1.6652	0.0	0.0
SRR37057456	109929	13.2413	0.0	0.1292	0.0	0.0
SRR15439220	108003600	0.0	19.5995	0.0	0.0	0.0
SRR16944211	22427230	7.7101	0.0	1.9009	0.0	0.0
SRR38858526	36769324	1.3475	0.0	1.7872	0.0	0.0
SRR12171321	29810916	0.0	24.6408	0.0	0.0	0.0
SRR37519588	35931050	0.0	43.8986	0.2647	0.0	0.0
SRR7508082	4353261	0.0	1.8182	1.6457	0.0	0.0
SRR25409327	21661800	0.0	2.8439	0.0	0.0	0.0
SRR31646427	19547650	0.0	6.0556	0.2656	0.0	0.0
SRR20438154	11340636	1.3607	0.0	2.1633	0.0	0.0
SRR16552285	6629627	0.0	82.6392	0.1497	0.0	0.0
SRR36910231	35631258	3.8544	0.0	4.0494	0.0	0.0
SRR15696707	19489197	6.8497	0.0	0.877	0.0	0.0
SRR22266022	18464672	0.0	15.441	0.348	0.0	0.0
SRR37491895	8701734	19.7985	0.0	13.6472	0.0	0.0
SRR10135453	9327758	0.0	3.1978	0.22	0.0	0.0
SRR6398512	549008	0.8874	39.6337	15.6801	0.0	0.0
SRR23198244	21279401	0.0	2.8626	0.0	0.0	0.0
SRR10135299	10011451	0.1545	2.3577	5.0669	0.0	0.0
SRR9134377	36475109	0.0	3.4805	1.2375	0.0	0.0
SRR35278657	23023334	0.0	9.2879	1.4772	0.0	0.0
SRR29384945	34000286	1.6904	0.0	1.3671	0.0	0.0
SRR8984118	54020962	34.5466	0.0	6.965	0.0	0.0
SRR17244290	20131417	0.0	23.4573	5.22	0.0	0.0
SRR18064501	36411973	20.6209	0.7697	0.2347	0.0	0.0
SRR12532024	22396613	0.0	23.9038	0.0	0.0	0.0
SRR33516551	23585401	0.0	9.3992	0.0	0.0	0.0
SRR1170944	20045789	0.0	1.7793	0.1262	0.0	0.0
SRR11128219	18172120	3.2305	0.0	1.1112	0.0	0.0
SRR29726277	24234505	0.0	22.0013	9.1473	0.0	0.0
SRR11462961	49633069	0.0	1.9625	6.1145	0.0	0.0
SRR11176765	18074299	0.0	1.3021	2.8059	0.0	0.0
SRR29061986	21137787	3.5179	0.0	0.7972	0.0	0.0
SRR29011651	23334655	0.0	7.4621	0.1135	0.0	0.0
SRR25402450	1204774	1.5498	9.0445	0.1951	0.0	0.0
SRR26471821	21680467	0.0	3.4207	0.3358	0.0	0.0
SRR17069483	49481230	0.0	1.9839	0.4194	0.0	0.0
SRR30427804	37761017	2.4954	0.0	0.1065	0.0	0.0
SRR38194310	61082584	80.5937	0.1829	0.2951	0.0	0.0
SRR10257318	28778677	0.0	1.7566	0.1562	0.0	0.0
SRR21354771	255102	0.0	6.1544	0.8867	0.0	0.0
SRR26860064	31954102	72.4449	0.0	0.1268	0.0	0.0
ERR10886997	47146574	23.6468	0.3545	0.2543	0.0	0.0
SRR34061847	21975839	0.0	3.7518	0.0	0.0	0.0
SRR7508057	4671124	0.0	1.5923	0.189	0.0	0.0
SRR32920599	20543673	49.4544	0.0	0.3986	0.0	0.0
SRR35776670	41796171	0.0	27.1036	0.5812	0.0	0.0
ERR2261861	12748933	1.295	0.0	4.9219	0.0	0.0
SRR10014847	26167778	0.0	1.2729	0.0	0.0	0.0
SRR29258939	53464989	0.0	1.4489	0.9977	0.0	0.0
SRR3485263	26756319	0.0	4.0246	0.0	0.0	0.0
SRR32389819	47516626	0.0	2.518	0.1944	0.0	0.0
SRR7507903	5034564	0.0	3.8582	0.5604	0.0	0.0
SRR36292477	39557008	16.1962	0.1026	2.5096	0.0	0.0
ERR4329538	83849396	83.6803	0.0	0.0	0.0	0.0
SRR12546068	10720255	0.0	17.3255	0.0	0.0	0.0
SRR17253402	22959437	0.0	3.0111	0.7265	0.0	0.0
SRR28289596	49647400	0.0	28.9732	0.6558	0.0	0.0
SRR13134689	27949867	0.0	31.7158	0.5237	0.0	0.0
SRR29012374	8577663	0.0	7.0187	3.2865	0.0	0.0
SRR34469060	25841872	0.0	3.1658	0.2995	0.0	0.0
SRR36443889	28824916	0.0	1.0829	1.1404	0.0	0.0
SRR30310357	23603896	0.0	13.4999	0.3573	0.0	0.0
SRR11809774	33004482	0.0	3.3007	2.0306	0.0	0.0
SRR10269807	20054302	0.0	2.9027	0.1473	0.0	0.0
SRR7266201	5021847	5.3145	0.0	0.0	0.0	0.0
SRR11176671	19114852	0.0	2.6136	0.0	0.0	0.0
SRR14803609	21847410	0.0	1.3261	1.5492	0.0	0.0
SRR17310080	6501830	0.0	0.0	4.0967	0.0	0.0
SRR17310082	6558518	0.0	0.0	3.6506	0.0	0.0
SRR36292493	33602082	6.3045	0.3235	4.9608	0.0	0.0
SRR17310599	99892831	0.0	14.0627	0.365	0.0	0.0
SRR10485592	50190747	0.0	0.0	0.1775	0.0	0.0
SRR7266048	1605305	2.5082	0.0	0.3143	0.0	0.0
SRR19213871	5084992	0.0	6.3277	0.2035	0.0	0.0
SRR5387760	21804105	0.0	12.3684	0.0	0.0	0.0
SRR5832444	36825009	0.0	1.0992	0.0	0.0	0.0
SRR30681752	34278575	1.6001	0.0	1.4165	0.0	0.0
SRR14074312	48249236	0.0	13.9683	3.9318	0.0	0.0
SRR36443863	24057845	0.0	1.1086	4.9301	0.0	0.0
SRR31776302	22032240	1.1777	0.0	0.2727	0.0	0.0
SRR37491914	20198973	4.7624	0.134	11.0679	0.0	0.0
SRR15853900	19738143	0.0	4.552	2.0156	0.0	0.0
SRR30859958	26890500	0.0	13.9683	0.5726	0.0	0.0
SRR33226743	104616542	0.0	13.0847	0.7557	0.0	0.0
ERR14823250	35508667	79.5527	0.0	0.1393	0.0	0.0
ERR15368168	66961279	0.0	6.138	0.3894	0.0	0.0
SRR16938977	15914089	0.0	62.1194	0.0	0.0	0.0
SRR27331680	1420592	0.0	7.3263	1.0909	0.0	0.0
SRR29384950	35325377	2.1033	0.0	0.3452	0.0	0.0
SRR29973953	56764684	3.6047	0.0	0.2113	0.0	0.0
SRR20184521	8038316	0.0	27.2089	0.2288	0.0	0.0
SRR39263440	22390844	0.0	71.3468	0.1798	0.0	0.0
SRR23852697	277790	0.0	27.3754	6.6788	0.0	0.0
ERR10691685	4804997	0.0	6.0681	5.0346	0.0	0.0
SRR30421789	22640449	93.4343	0.0	0.115	0.0	0.0
SRR16022034	23141824	0.0	3.7444	0.0	0.0	0.0
SRR26468254	12368656	0.0	45.07	1.4733	0.0	0.0
SRR9071703	43136288	0.0	3.4312	0.1317	0.0	0.0
SRR6415089	22284750	0.0	9.9195	0.0	0.0	0.0
SRR21354833	294673	0.0	16.6629	1.3775	0.0	0.0
SRR38914084	28630635	0.2443	3.5473	8.5924	0.0	0.0
ERR9010132	567153	0.0	0.0	2.9867	0.0	0.0
SRR7526690	13494800	1.1797	0.3585	0.0	0.0	0.0
SRR36865076	26091197	0.0	4.4484	1.6355	0.0	0.0
SRR11547109	44421340	2.556	10.2686	3.0924	0.0	0.0
SRR33522643	27020446	0.0	0.0	3.1098	0.0	0.0
ERR4703323	2312289	0.0	0.0	3.1147	0.0	0.0
SRR7264716	2154555	1.9702	0.0	0.2912	0.0	0.0
SRR17244267	23902478	0.0	16.0926	2.2516	0.0	0.0
SRR20114989	20487251	0.0	2.2089	0.2002	0.0	0.0
ERR11738488	28096882	0.0	2.1413	6.1504	0.0	0.0
SRR15571111	44283230	20.3739	0.0	0.0	0.0	0.0
SRR2096843	10075409	44.8311	0.0	0.1002	0.0	0.0
SRR7644384	23776915	10.2317	0.0	0.0	0.0	0.0
SRR11291065	47131154	0.0	2.4723	0.4406	0.0	0.0
ERR15368187	75989201	0.0	9.6585	0.3409	0.0	0.0
DRR1010080	26073020	0.0	1.9238	0.1023	0.0	0.0
SRR35335190	13758432	22.5095	0.1188	4.1551	0.0	0.0
SRR21846873	34459690	0.0	3.6456	0.4356	0.0	0.0
SRR33687104	19171609	0.0	1.1865	0.4147	0.0	0.0
SRR12615947	10014019	0.0	1.0732	1.4102	0.0	0.0
SRR22730654	24493557	0.0	2.2531	1.1508	0.0	0.0
SRR11574204	2133091	0.0	1.3165	0.4501	0.0	0.0
SRR22421313	15910025	0.0	1.2929	1.201	0.0	0.0
SRR7266265	3668060	5.3387	0.0	0.5447	0.0	0.0
SRR8309907	31254561	10.7956	0.0	0.2228	0.0	0.0
SRR24807947	44341149	2.0992	0.0	1.1251	0.0	0.0
DRR764045	24094106	0.372	0.0	0.3212	3.2976	0.0
ERR13821969	30558648	0.0	0.0	7.7388	0.0	0.0
SRR7267049	1107927	1.4574	0.0	0.1773	0.0	0.0
ERR12177553	29973705	0.0	0.0	9.7304	0.0	0.0
SRR14673990	15448698	1.9	0.0	1.2896	0.0	0.0
SRR36910258	39555043	1.6312	0.0	3.6152	0.0	0.0
SRR18441176	26614510	0.0	50.8979	0.2482	0.0	0.0
SRR7408204	40010059	5.1765	0.0	0.0	0.0	0.0
SRR30570087	59635803	19.1606	1.6942	0.4804	0.0	0.0
SRR20750957	862337	0.0	1.3867	2.4971	0.0	0.0
SRR24309289	62736989	0.0	0.0	18.7202	0.0	0.0
SRR31697647	26142122	0.0	0.0	2.7564	0.0	0.0
SRR26661751	40270023	0.0	12.9638	2.309	0.0	0.0
SRR11291059	53874294	0.0	4.4621	0.9456	0.0	0.0
SRR25132465	24375515	0.0	3.9401	3.4967	0.0	0.0
SRR36292441	40765426	9.2138	0.0	5.428	0.0	0.0
SRR26264121	23528071	0.0	3.6205	1.9286	0.0	0.0
SRR35276959	23122467	0.0	3.4719	5.1711	0.0	0.0
SRR10135353	8499532	0.0	1.8698	0.1885	0.0	0.0
SRR33516621	22461594	0.0	2.9443	0.2193	0.0	0.0
SRR30789113	22104420	0.0	17.5844	0.0	0.0	0.0
SRR24956504	8137957	0.0	0.0	60.1561	0.0	0.0
SRR7507929	5228115	0.0	2.1673	1.1332	0.0	0.0
SRR38355587	23628665	79.119	0.7603	0.1163	0.0	0.0
SRR6320494	2782121	0.0	1.5094	1.7883	0.0	0.0
SRR37363191	23820027	0.0	2.0784	0.5706	0.0	0.0
ERR13230694	5365457	0.0	0.0	10.3338	0.0	0.0
SRR27297959	3119481	0.0	1.3925	0.6698	0.0	0.0
SRR24657698	22002235	0.0	18.4541	0.674	0.0	0.0
ERR11670120	66425735	0.0	5.7568	2.3656	0.0	0.0
SRR27323058	2592126	0.151	4.4126	2.553	0.0	0.0
SRR36516390	45970340	0.0	6.3148	2.4144	0.0	0.0
ERR15368197	66362366	0.0	17.3095	0.3903	0.0	0.0
DRR997532	22063380	0.0	2.3927	0.0	0.0	0.0
SRR29011889	24528124	0.0	2.9443	0.0	0.0	0.0
SRR7644290	20482258	21.1837	0.0	0.1077	0.0	0.0
SRR10148738	10072463	0.0	2.5224	0.4276	0.0	0.0
SRR10148737	8931280	0.0	2.5208	0.423	0.0	0.0
DRR897966	19505094	0.0	55.0099	0.1149	0.0	0.0
SRR21192930	22904444	0.0	1.5056	2.5873	0.0	0.0
ERR6119324	32421077	0.0	0.0	4.687	0.0	0.0
SRR14539522	21262566	0.0	10.4781	0.1433	0.0	0.0
SRR14673945	15042564	2.8469	0.0	1.8238	0.0	0.0
SRR29654780	28262978	0.0	7.6279	0.2199	0.0	0.0
SRR10148736	8384498	0.0	2.5342	0.4282	0.0	0.0
SRR5457620	31474054	0.0	1.6186	0.0	0.0	0.0
SRR13486980	8765116	0.2106	2.7319	1.826	0.0	0.0
SRR12169376	21997065	3.0756	0.0	2.006	0.0	0.0
SRR14004266	57919022	0.0	11.2965	0.8311	0.0	0.0
SRR32307187	20311275	0.0	1.0028	0.0	0.0	0.0
SRR36015661	21933276	0.1757	0.0	0.9386	13.5545	0.0
SRR29973954	57397937	3.6042	0.0	0.2968	0.0	0.0
DRR730255	33695440	0.1556	5.6109	0.0	0.0	0.0
SRR6925832	31843653	2.6516	0.0	0.2129	0.0	0.0
SRR15564986	20373281	0.2148	3.2799	0.1885	0.0	0.0
SRR27323075	1543215	0.0	1.8719	3.2757	0.0	0.0
SRR26487817	23350988	0.0	3.5412	0.7353	0.0	0.0
SRR30795890	50518174	0.0	11.3716	1.4336	0.0	0.0
SRR19372150	22584305	19.7511	0.0	1.3177	0.0	0.0
SRR31244759	20854648	3.0827	0.7672	0.4512	0.0	0.0
SRR30499004	24977288	4.1064	0.0	5.3034	0.0	0.0
SRR38363231	29220414	0.0	2.8568	0.8978	0.0	0.0
SRR27297830	2354018	0.0	17.0646	0.4695	0.0	0.0
ERR2695970	6928786	0.0	80.7971	4.2526	0.0	0.0
SRR7644292	21392405	21.4474	0.0	0.1725	0.0	0.0
SRR16301680	19699321	0.0	1.6529	3.8288	0.0	0.0
SRR27555688	37225914	2.2236	1.1185	0.0	0.0	0.0
SRR11243946	23686289	0.0	1.0874	0.2563	0.0	0.0
SRR21021657	29780523	1.6558	4.7672	5.2539	0.0	0.0
SRR38953530	22068897	0.0	6.3413	0.0	0.0	0.0
SRR36114436	167239761	0.0	0.0	29.953	0.0	0.0
SRR39575307	51803712	0.0	53.2458	1.3076	0.0	0.0
SRR29384965	36611928	1.7814	0.0	0.3937	0.0	0.0
SRR34326521	4835897	0.0	2.6269	0.0	0.0	0.0
SRR7267243	330923	1.2039	0.0	0.0	0.0	0.0
DRR858075	77473540	10.3208	0.0	1.3756	0.0	0.0
DRR992009	24869719	0.0	2.5454	0.0	0.0	0.0
SRR21354820	573810	0.0	11.2211	0.4102	0.0	0.0
SRR28637145	27193636	0.1964	14.623	15.0185	0.0	0.0
SRR27322988	3728082	0.0	41.5872	1.5161	0.0	0.0
SRR33558669	21867059	0.0	6.8434	0.4431	0.0	0.0
SRR15685530	25561887	0.0	2.8818	0.8198	0.0	0.0
SRR32628695	315109	3.6518	0.0	0.4046	0.0	0.0
SRR25301140	24555491	0.0	2.2899	0.6206	0.0	0.0
SRR36910214	34995217	2.5139	0.0	3.5637	0.0	0.0
SRR1618549	34601675	0.0	3.3271	0.1866	0.0	0.0
SRR21484389	48853357	13.6075	0.0	1.4479	0.0	0.0
SRR7764070	401125	0.0	5.154	6.5281	0.0	0.0
SRR12546092	12973482	0.0	42.9873	0.0	0.0	0.0
ERR13147888	9813480	1.6809	3.3232	0.0	0.0	0.0
ERR13147887	14134076	1.7801	2.6441	0.0	0.0	0.0
ERR13147884	11044074	1.7506	3.5095	0.0	0.0	0.0
ERR13147885	14141135	1.764	2.6942	0.0	0.0	0.0
ERR13147886	12779115	1.7586	2.7753	0.0	0.0	0.0
SRR22351701	21203960	0.0	4.1922	0.2864	0.0	0.0
ERR13346931	22159777	0.0	4.8153	0.1276	0.0	0.0
SRR8309927	27778934	3.0957	0.0	0.1956	0.0	0.0
SRR3401765	26896676	0.0	0.0	4.2387	0.0	0.0
SRR3371832	14487148	0.0	30.7512	0.0	0.0	0.0
SRR6039735	51604398	2.4299	0.0	0.0	0.0	0.0
SRR6039736	34355337	2.4472	0.0	0.0	0.0	0.0
SRR11852231	27233159	0.0	3.0248	0.0	0.0	0.0
SRR22959034	3657977	0.0	16.0282	0.3151	0.0	0.0
DRR897981	14284487	0.0	18.3004	0.1678	0.0	0.0
ERR9038335	508581	0.0	0.0	2.2126	0.0	0.0
SRR20750990	246595	0.0	1.0803	1.7125	0.0	0.0
SRR7000867	28708863	7.0051	0.0	1.2987	0.0	0.0
SRR32993917	23901968	1.644	11.8669	0.8478	0.0	0.0
SRR12532047	22401213	0.0	12.7918	0.0	0.0	0.0
SRR14233963	27488166	0.2045	2.1306	2.0275	0.0	0.0
SRR30495784	26181886	3.8054	0.0	2.8215	0.0	0.0
ERR10886967	51744737	23.0867	0.0	0.1995	0.0	0.0
SRR14270273	22344556	0.0	2.6902	0.1678	0.0	0.0
SRR25132466	23976935	0.0	3.9181	5.5241	0.0	0.0
SRR37325365	60139122	2.353	0.0	0.2566	0.0	0.0
SRR11791306	37125739	0.0	2.1823	8.174	0.0	0.0
SRR19752904	165138	0.0	0.0	0.0	10.1685	0.0
SRR20750937	420963	0.0	3.768	2.9257	0.0	0.0
SRR23261099	7865068	0.0	0.0	16.7895	0.0	0.0
SRR23261100	7958025	0.0	0.0	16.9795	0.0	0.0
SRR34326278	2776447	0.0	4.1647	0.0	0.0	0.0
SRR29289940	29157995	0.0	35.074	0.8954	0.0	0.0
SRR35858409	15101558	0.0	0.0	5.2991	0.0	0.0
ERR15405313	23843739	0.0	3.0956	1.0784	0.0	0.0
ERR3971851	22435008	0.0	0.0	0.8745	5.546	0.0
SRR38363233	57908436	0.0	1.9498	0.3383	0.0	0.0
SRR24956579	15845420	0.0	0.0	21.7859	0.0	0.0
SRR36292500	40838488	7.0041	0.4806	3.8437	0.0	0.0
SRR38272489	28055530	0.3208	10.5442	0.5443	0.0	0.0
SRR23548119	146405609	1.5787	0.0	1.4728	0.0	0.0
SRR34697340	21068242	1.4766	0.0	1.7182	0.0	0.0
SRR13355206	26434466	15.4651	0.0	2.1802	0.0	0.0
SRR33118885	22277484	1.5808	0.0	1.3078	0.0	0.0
SRR32911223	24533949	0.0	6.4035	0.7646	0.0	0.0
SRR21921833	23483718	0.2089	21.8739	0.2792	0.0	0.0
SRR16939001	16745447	0.0	55.0195	0.6337	0.0	0.0
SRR36910255	34038785	2.3572	0.0	4.0646	0.0	0.0
SRR29011675	22461594	0.0	2.9442	0.2192	0.0	0.0
SRR37385190	11478521	0.5929	6.8909	1.9876	0.0	0.0
ERR9585718	34589342	0.0	0.0	3.0002	0.0	0.0
SRR28926631	33946915	5.1912	0.0	0.2477	0.0	0.0
ERR4329536	78006587	10.7132	0.0	0.0	0.0	0.0
ERR15368189	81058864	0.0	11.9858	0.4177	0.0	0.0
SRR10135872	3072479	0.0	76.6627	0.0	0.0	0.0
SRR10737661	16272652	9.2037	0.0	0.8865	0.0	0.0
SRR31323373	21749969	0.0	8.7417	1.3981	0.0	0.0
SRR30498910	143092573	6.9129	0.0	5.0691	0.0	0.0
SRR14729150	22334915	0.0	1.0572	1.1659	0.0	0.0
SRR16351742	23090513	5.0164	0.0	3.3379	0.0	0.0
SRR16938892	16663769	0.0	66.842	0.5328	0.0	0.0
SRR11574272	3174746	0.0	2.5137	0.2258	0.0	0.0
SRR27849809	23120494	0.0	11.2841	0.7601	0.0	0.0
SRR14915940	17869026	0.0	2.4217	1.6432	0.0	0.0
SRR13341785	23177760	0.0	1.3512	0.5488	0.0	0.0
SRR23221820	20474412	0.0	6.0254	2.4116	0.0	0.0
SRR12356884	17789572	0.0	1.54	0.2419	0.0	0.0
SRR16898044	16617975	0.0	3.938	0.7418	0.0	0.0
SRR18957889	20394811	0.0	0.0	1.0551	2.3384	0.0
SRR30566730	9539547	21.0496	1.8313	0.8173	0.0	0.0
DRR763369	21603816	0.0	2.3339	0.1374	0.0	0.0
SRR22572296	19143294	0.0	1.482	0.7041	0.0	0.0
SRR29126139	329548	0.0	2.7805	0.7095	0.0	0.0
SRR27498738	23097587	0.0	1.197	0.575	0.0	0.0
SRR3383815	13008043	2.3798	0.0	0.0	0.0	0.0
SRR19213899	6118295	0.0	2.0552	0.3472	0.0	0.0
SRR26672493	180638879	0.0	1.5878	23.2871	0.0	0.0
SRR9151617	20084398	0.0	2.2437	2.1314	0.0	0.0
SRR8309936	16189667	2.1653	0.0	0.3146	0.0	0.0
SRR29061971	23634987	23.6316	0.0	1.013	0.0	0.0
SRR14785354	61736510	0.0	11.4053	0.2858	0.0	0.0
SRR25100605	31375275	0.0	0.0	3.2759	0.0	0.0
SRR12134746	22670839	0.0	3.0722	0.2959	0.0	0.0
SRR8432593	10912162	3.0657	0.0	0.0	0.0	0.0
SRR28480727	23213325	0.0	3.7373	0.2368	0.0	0.0
SRR32921745	42628947	0.0	3.756	0.6727	0.0	0.0
SRR12534354	29637666	0.0	2.8959	0.5934	0.0	0.0
SRR7408324	20391837	0.0	4.0455	0.0	0.0	0.0
SRR29872462	41156543	5.3813	0.0	5.067	0.0	0.0
SRR19543972	24479039	0.0	1.9033	0.4308	0.0	0.0
SRR27322933	2422046	0.0	27.9863	2.3694	0.0	0.0
SRR38176505	30393991	0.0	19.055	5.7694	0.0	0.0
SRR31278123	55537394	7.9917	0.0	0.2449	0.0	0.0
SRR27298175	1057233	0.0	7.037	0.6569	0.0	0.0
SRR25037591	38411066	0.0	13.3207	3.0558	0.0	0.0
SRR34300157	33431342	5.189	0.6887	2.9292	0.0	0.0
SRR14141730	126913738	0.0	13.5613	0.1094	0.0	0.0
SRR34326398	5374177	0.0	3.2782	0.1138	0.0	0.0
SRR7266099	1477905	1.6729	0.0	0.0	0.0	0.0
SRR20750815	107618	0.0	3.3572	2.4039	0.0	0.0
SRR25933699	11363117	0.0	2.3772	15.3934	0.0	0.0
SRR25209531	21176008	0.0	9.9909	0.0	0.0	0.0
SRR15742938	27975846	0.1152	0.0	1.5132	10.4822	0.0
SRR13838028	23556784	0.0	3.4667	0.2312	0.0	0.0
SRR30795875	53613163	0.0	27.9109	0.5606	0.0	0.0
DRR623323	9246986	3.1024	0.0	2.8113	0.0	0.0
SRR26462337	25014493	0.0	21.6337	0.1811	0.0	0.0
SRR36292447	40747946	5.0972	0.3818	6.0142	0.0	0.0
ERR4627146	27365863	0.0	0.0	3.6372	0.0	0.0
SRR21354775	278245	0.0	9.7993	1.3722	0.0	0.0
SRR29750385	25266653	0.0	4.1364	0.9599	0.0	0.0
SRR11574293	1542270	0.0	1.7594	0.5554	0.0	0.0
SRR10135209	10119083	0.0	1.2515	0.7023	0.0	0.0
SRR29872142	22809933	0.0	1.2642	0.5841	0.0	0.0
SRR31646425	22570894	0.0	9.2346	0.3092	0.0	0.0
ERR10887006	55369079	24.2679	0.2965	0.1622	0.0	0.0
SRR7408296	19834825	0.0	1.8721	0.0	0.0	0.0
SRR13375948	46126023	0.0	2.303	1.7204	0.0	0.0
SRR27842613	20075698	0.0	4.8499	0.0	0.0	0.0
SRR5871067	39421292	15.4958	0.0	0.3289	0.0	0.0
SRR7264910	2749583	3.2869	0.0	0.0	0.0	0.0
SRR24725182	23643561	3.8826	0.0	1.1888	0.0	0.0
ERR5709393	23453689	0.0	2.9912	4.0141	0.0	0.0
SRR12532039	22279104	0.0	20.839	0.0	0.0	0.0
SRR29606651	55734767	0.0	0.0	15.5241	0.0	0.0
SRR36015664	31234457	0.0	21.4186	0.6769	0.0	0.0
SRR5288608	35378812	0.0	0.0	2.2523	1.6312	0.0
SRR12624278	1892316	1.5328	0.0	0.498	0.0	0.0
SRR12624279	4596012	1.4087	0.0	0.5041	0.0	0.0
SRR19973795	21000097	0.0	1.1374	1.0906	0.0	0.0
SRR7267216	840029	2.1441	0.0	0.0	0.0	0.0
SRR33516473	21791227	0.0	4.776	0.1691	0.0	0.0
SRR29087953	19981239	23.6371	0.0	0.5364	0.0	0.0
SRR26860158	28491274	61.8251	0.0	0.2056	0.0	0.0
SRR37874286	25519995	0.0	2.4161	0.8432	0.0	0.0
SRR34792208	29831722	0.0	5.0039	0.814	0.0	0.0
SRR17272041	20499222	0.128	5.047	1.2283	0.0	0.0
SRR14212082	25913197	2.5244	0.0	0.0	0.0	0.0
SRR29646189	23857830	0.0	11.9074	0.2546	0.0	0.0
SRR39147255	22676861	1.6158	3.4463	0.5947	0.0	0.0
SRR38355597	21071872	0.0	5.7393	0.6245	0.0	0.0
SRR34326283	7258018	0.0	2.9257	0.0	0.0	0.0
SRR35858260	20524076	0.0	0.0	3.3379	0.0	0.0
SRR27190503	21758197	0.0	4.1714	0.5973	0.0	0.0
SRR29973952	53021613	3.1805	0.0	0.2418	0.0	0.0
SRR31639303	22969121	7.0016	0.0	0.3126	0.0	0.0
SRR10599090	29986245	0.0	33.8267	0.0	0.0	0.0
SRR8309948	20132130	4.1295	0.0	0.233	0.0	0.0
SRR33827829	23259606	0.0	6.1123	0.0	0.0	0.0
SRR25924113	41082338	7.2194	0.0	0.2186	0.0	0.0
SRR7264994	1940951	1.086	0.0	0.0	0.0	0.0
SRR30570089	69253302	28.3133	7.4031	2.0582	0.0	0.0
SRR39273543	270575693	6.4352	0.0	1.4729	0.0	0.0
SRR12616146	5588218	0.0	2.2078	1.1803	0.0	0.0
SRR31851397	33383192	3.6216	0.0	1.2914	0.0	0.0
SRR38355254	17121533	4.3313	0.0	0.1375	0.0	0.0
SRR21082823	61158694	0.0	0.0	0.2774	5.5876	0.0
SRR27326702	1016032	26.1176	0.0	2.486	0.0	0.0
SRR26909775	39922904	11.8367	0.0	3.6635	0.0	0.0
ERR9976380	19837193	0.0	1.4441	0.0	0.0	0.0
ERR990470	13328574	92.719	0.0	0.6794	0.0	0.0
SRR11002706	21146191	0.1903	1.8948	0.6802	0.0	0.0
SRR29779557	14762965	0.0	4.5784	0.3634	0.0	0.0
SRR39159321	24447606	0.0	2.1265	0.1719	0.0	0.0
ERR15399344	52812471	0.0	0.0	2.7782	0.0	0.0
SRR10291760	46575176	2.0565	0.0	0.4423	0.0	0.0
SRR18856172	89464351	8.6265	0.0	0.4385	0.0	0.0
SRR29241349	23148081	0.0	3.8264	0.2751	0.0	0.0
SRR16214840	25293331	0.0	13.3724	2.1376	0.0	0.0
SRR11940505	12026610	0.0	3.6908	0.1114	0.0	0.0
SRR21042995	28007915	0.0	1.4009	0.0	0.0	0.0
SRR9854249	22269020	0.0	1.95	0.0	0.0	0.0
SRR29011851	28180777	0.0	2.4803	0.0	0.0	0.0
SRR6279308	15246883	31.889	0.0	1.1253	0.0	0.0
SRR26679138	19796481	39.0329	0.0	0.2825	0.0	0.0
ERR13230692	4976313	0.0	0.0	10.8034	0.0	0.0
SRR10053811	26345287	1.5403	0.0	0.0	0.0	0.0
SRR8418250	15913644	2.6158	0.0	0.2771	0.0	0.0
SRR11791277	24558490	0.0	2.2264	3.6749	0.0	0.0
DRR871562	22243127	0.0	3.5756	0.1801	0.0	0.0
SRR7265005	2051683	2.4359	0.0	0.0	0.0	0.0
SRR16709572	29567610	0.0	2.5843	0.3919	0.0	0.0
ERR10886939	48449231	4.2371	0.0	0.316	0.0	0.0
SRR21484395	39106556	23.6863	0.0	1.7675	0.0	0.0
SRR15886079	50352374	0.0	40.8674	0.2561	0.0	0.0
SRR10448316	1968167	2.3261	72.8443	0.5079	0.0	0.0
SRR36134818	6717662	4.088	0.0	4.1077	0.0	0.0
SRR12160900	30542540	0.0	23.863	0.2922	0.0	0.0
SRR28872807	28731799	0.3316	16.2997	0.5645	0.0	0.0
SRR24115445	21820952	5.0663	0.0	2.978	0.0	0.0
SRR30125656	23468655	0.0	63.5048	0.7221	0.0	0.0
SRR22803573	25066484	0.0	1.6426	1.8213	0.0	0.0
SRR7266087	1404534	1.6555	0.0	0.0	0.0	0.0
SRR17316536	7330197	0.0	1.0946	3.6314	0.0	0.0
DRR838465	22253745	0.0	28.79	0.0	0.0	0.0
SRR5995704	24725624	0.0	1.1784	0.0	0.0	0.0
SRR33935609	14095139	0.0	0.0	64.8001	0.0	0.0
DRR846287	24641631	5.8888	0.0	0.0	0.0	0.0
SRR10479005	22963204	4.8518	0.0	4.2033	0.0	0.0
SRR29384828	35355437	2.2105	0.0	0.6553	0.0	0.0
SRR37325411	60137294	1.4328	0.0	0.3853	0.0	0.0
SRR36233376	44200445	67.9948	1.7873	0.4959	0.0	0.0
SRR29011727	23585401	0.0	9.3987	0.0	0.0	0.0
SRR14614691	16764199	0.0	28.5073	0.293	0.0	0.0
SRR7266294	1519662	1.3723	0.0	0.0	0.0	0.0
SRR9134373	30884666	0.0	3.4761	3.499	0.0	0.0
SRR30037366	22589759	0.0	4.3907	1.2309	0.0	0.0
SRR15084933	40874496	0.0	40.5611	0.1752	0.0	0.0
ERR13147856	20016496	1.2536	2.1626	0.0	0.0	0.0
ERR13147860	19848303	1.2565	2.1721	0.0	0.0	0.0
ERR13147858	21059584	1.2387	2.1615	0.0	0.0	0.0
SRR28603123	28423347	0.0	3.2844	0.1262	0.0	0.0
SRR37519587	40232794	0.0	56.9823	0.2492	0.0	0.0
SRR20751001	480040	0.0	1.8265	2.6102	0.0	0.0
SRR7266268	1114767	2.2863	0.0	0.0	0.0	0.0
SRR17244281	22722819	0.0	10.3384	3.8815	0.0	0.0
SRR24956535	7368437	0.0	0.0	15.995	0.0	0.0
SRR6195045	78910434	0.0	5.0086	0.2601	0.0	0.0
SRR10499796	14993206	1.623	0.0	0.0	0.0	0.0
SRR29726278	22761958	0.0	37.3145	8.5338	0.0	0.0
SRR15141223	3147549	17.3383	0.0	0.8655	0.0	0.0
DRR988069	22495333	0.0	2.0544	0.3377	0.0	0.0
SRR27849813	20748142	0.0	1.6346	0.6428	0.0	0.0
SRR37630604	20578199	0.0	3.1336	1.5104	0.0	0.0
SRR9854224	22710565	0.0	3.0097	0.0	0.0	0.0
SRR24911515	21229811	7.7659	0.0	0.7499	0.0	0.0
ERR15368174	99515710	0.0	6.6407	0.2984	0.0	0.0
SRR37244532	23764832	2.5784	0.0	0.5647	0.0	0.0
ERR4329530	71290361	35.8339	0.0	0.1685	0.0	0.0
SRR7266006	170359	3.4345	0.0	0.3005	0.0	0.0
SRR28402768	26102507	0.0	6.7653	1.0144	0.0	0.0
SRR37385194	12087250	0.389	48.6859	2.3577	0.0	0.0
SRR20297063	26208941	0.0	1.2166	4.0666	0.0	0.0
SRR24633693	21528918	0.0	1.6525	1.2894	0.0	0.0
SRR17951560	32433133	8.6367	0.0	0.6933	0.0	0.0
SRR7264956	478356	5.4204	0.0	0.0	0.0	0.0
ERR15368205	83187396	0.0	4.7336	0.3881	0.0	0.0
SRR35415223	14815620	0.0	2.7505	0.2417	0.0	0.0
SRR36382488	40307494	1.8748	0.0	2.5629	0.0	0.0
SRR28797234	31671968	0.0	9.8046	0.2058	0.0	0.0
SRR14673911	16095028	3.888	0.0	0.8999	0.0	0.0
SRR27297764	1290237	0.0	14.5653	0.2446	0.0	0.0
SRR8204122	24340325	29.6974	0.0	0.0	0.0	0.0
SRR16480632	26027201	0.0	48.3177	2.8076	0.0	0.0
SRR21354786	441257	0.0	5.9575	0.6293	0.0	0.0
SRR8418290	12219468	1.402	0.0	0.1301	0.0	0.0
SRR10161838	22528369	33.213	0.0	0.3581	0.0	0.0
SRR26860044	35233392	62.5223	0.0	0.4418	0.0	0.0
SRR33323087	32395454	21.6457	0.0	1.4259	0.0	0.0
SRR7245027	4402412	0.0	2.0663	3.5751	0.0	0.0
SRR6257744	24985316	0.0	7.3722	1.0708	0.0	0.0
SRR19025938	26697184	0.0	10.1169	3.6256	0.0	0.0
SRR6831006	61358266	2.3751	0.0	0.6329	0.0	0.0
SRR27323275	11763660	0.0	43.3938	1.6945	0.0	0.0
SRR6397893	5541660	1.8369	0.0	0.0	0.0	0.0
DRR850984	22166970	4.2511	0.0	0.1461	0.0	0.0
SRR32911222	24021072	0.0	11.3831	0.9686	0.0	0.0
ERR6118414	40072596	0.0	0.0	3.7729	0.0	0.0
SRR14238804	22146082	1.4909	0.0	0.2692	0.0	0.0
ERR6110691	38648116	0.0	0.0	3.9183	0.0	0.0
SRR32274088	21827958	6.476	0.2311	0.0	0.0	0.0
DRR496981	72617367	1.4253	0.0	2.0817	0.0	0.0
SRR33827826	23313788	0.0	3.2978	0.1217	0.0	0.0
SRR6706100	9875650	0.2971	5.6549	0.2262	0.0	0.0
SRR33516304	23468744	0.0	2.1116	0.1178	0.0	0.0
SRR31970352	20003039	5.8487	0.0	5.8137	0.0	0.0
SRR8523162	12635552	0.1198	1.9192	0.5887	0.0	0.0
SRR12214141	23296013	0.0	3.3291	0.0	0.0	0.0
SRR37385186	11228560	0.0	87.8146	0.4926	0.0	0.0
DRR854531	23344580	6.4659	0.0	0.9619	0.0	0.0
SRR28479704	22088231	0.0	1.3642	0.8495	0.0	0.0
SRR10904001	14143578	0.0	1.1402	0.0	0.0	0.0
ERR789115	50606250	3.6167	0.0	0.0	0.0	0.0
SRR13662583	13221931	8.2992	0.0	0.0	0.0	0.0
SRR21021685	25594439	0.0	15.6253	3.2802	0.0	0.0
SRR25233139	24115547	0.0	3.2971	0.1115	0.0	0.0
SRR28637142	28749804	0.7713	9.6714	5.096	0.0	0.0
SRR29011796	42146867	0.0	1.4935	0.4361	0.0	0.0
SRR24956700	20803283	2.1351	0.0	7.6021	0.0	0.0
SRR35247848	25920602	0.0	11.8217	0.2454	0.0	0.0
SRR7267344	1065469	9.2784	0.0	0.4516	0.0	0.0
SRR12171329	22589176	0.0	3.0354	0.0	0.0	0.0
SRR31429554	21815373	0.0	1.635	0.2655	0.0	0.0
SRR25379824	20831425	0.0	13.9768	0.7082	0.0	0.0
SRR7267362	1768493	2.8299	0.0	0.0	0.0	0.0
SRR10148783	7000468	0.0	5.0539	0.9026	0.0	0.0
SRR10148784	6560670	0.0	5.0671	0.9022	0.0	0.0
SRR10148782	6628073	0.0	5.059	0.901	0.0	0.0
SRR27298117	819613	0.0	8.8852	0.2495	0.0	0.0
SRR31669373	9708983	0.0	5.3975	4.499	0.0	0.0
SRR31639278	22248231	5.4015	0.0	0.3252	0.0	0.0
SRR14673968	14548657	1.8927	0.0	2.1055	0.0	0.0
SRR7264839	2457281	2.3024	0.0	0.3423	0.0	0.0
SRR38881092	31369503	0.0	85.355	0.4201	0.0	0.0
SRR10148742	9425757	0.0	2.78	1.0133	0.0	0.0
SRR10148744	10575778	0.0	2.7801	1.0056	0.0	0.0
SRR10148743	9435767	0.0	2.7744	1.0105	0.0	0.0
SRR5435262	20743600	6.137	0.0	0.5237	0.0	0.0
SRR11565963	2058797	0.0	2.2786	0.1167	0.0	0.0
SRR39159325	33898961	0.0	5.1007	0.1928	0.0	0.0
SRR10150169	20223318	0.0	2.4268	0.2826	0.0	0.0
SRR3371854	9755493	0.0	15.9898	0.0	0.0	0.0
SRR24951427	23141868	0.0	1.5083	3.1938	0.0	0.0
SRR27333883	23107286	0.9059	2.0934	1.0891	0.0	0.0
SRR29826747	38200155	59.7198	0.0	3.1591	0.0	0.0
ERR13346929	20442088	0.9733	2.6541	0.1821	0.0	0.0
SRR866232	11453601	0.0	1.7043	0.0	0.0	0.0
SRR13298303	49500427	0.0	17.5994	0.1448	0.0	0.0
SRR25209563	23837040	0.0	9.43	0.6744	0.0	0.0
SRR36910238	32845141	4.768	0.0	4.0844	0.0	0.0
SRR35208674	21233114	0.0	1.0503	1.3673	0.0	0.0
SRR7266316	732709	1.0536	0.0	0.2483	0.0	0.0
DRR745648	20970058	29.9315	0.0	0.0	0.0	0.0
SRR7264719	808152	2.7157	0.0	0.0	0.0	0.0
SRR5804924	33938273	0.0	8.2984	0.0	0.0	0.0
ERR15648398	82184059	22.6046	0.0	5.1564	0.0	0.0
SRR34326242	5384575	0.0	2.0094	0.0	0.0	0.0
SRR31342059	19881886	0.7361	14.1409	0.2124	0.0	0.0
SRR21921828	22802102	0.1435	5.5468	0.4181	0.0	0.0
SRR23047917	25538936	0.0	0.0	2.1994	0.0	0.0
SRR36134819	5739732	4.1705	0.0	3.9738	0.0	0.0
SRR29011991	23216520	0.0	1.8377	0.1403	0.0	0.0
SRR4897539	12272409	0.0	4.2952	0.1375	0.0	0.0
SRR11791284	30884666	0.0	3.4807	4.5536	0.0	0.0
SRR30012827	43833825	7.2834	0.0	4.4643	0.0	0.0
SRR37798394	26129523	9.7553	0.0	6.4158	0.0	0.0
SRR11814781	23564865	7.1165	0.0	0.1728	0.0	0.0
DRR260972	6896574	0.0	2.0063	35.9018	0.0	0.0
SRR10291728	41050429	2.5158	0.0	0.2761	0.0	0.0
SRR11791281	42798182	0.0	8.5734	8.0384	0.0	0.0
SRR28905895	36211141	0.0	2.091	2.7916	0.0	0.0
SRR35391033	15728773	2.7138	0.0	3.9099	0.0	0.0
ERR3971853	22440477	0.0	0.0	1.2589	5.7433	0.0
SRR6397881	4676615	8.1959	0.0	0.1652	0.0	0.0
SRR31429551	20959595	0.0	2.1637	0.313	0.0	0.0
SRR24755841	38268791	0.0	4.9933	1.0112	0.0	0.0
SRR25301219	25009377	0.1766	2.3607	0.7839	0.0	0.0
SRR11566050	1915751	0.0	8.0821	0.0	0.0	0.0
SRR8204151	24224418	4.2557	0.0	0.0	0.0	0.0
SRR36263191	46366742	0.0	0.0	10.6634	0.0	0.0
SRR35835139	22735476	7.6332	0.0	0.361	0.0	0.0
SRR11176746	18069899	0.0	3.3551	0.0	0.0	0.0
SRR10770622	21251411	0.0	1.9567	0.2612	0.0	0.0
SRR25254696	26130369	0.0	1.6865	0.2422	0.0	0.0
SRR31519445	41775768	0.0	16.0349	6.5353	0.0	0.0
SRR12158786	24949512	4.373	0.0	0.2641	0.0	0.0
SRR34300115	34326347	3.8702	0.0	7.6254	0.0	0.0
SRR17244264	22945206	0.0	32.2226	1.8054	0.0	0.0
SRR29012072	21879259	0.0	4.4625	0.3205	0.0	0.0
SRR26321440	18791976	0.0	4.2415	0.0	0.0	0.0
ERR16008948	55816877	2.3711	0.0	0.3473	0.0	0.0
SRR27298234	2604503	0.0	1.1835	1.4872	0.0	0.0
SRR6347977	23057738	0.0	0.0	4.7481	0.0	0.0
SRR21921834	22625038	0.1553	10.2483	0.4022	0.0	0.0
SRR16938957	16886884	0.0	61.9294	0.3046	0.0	0.0
SRR18337157	2120331	30.9211	0.7666	1.3983	0.0	0.0
SRR19213911	4598187	0.0	5.221	0.4071	0.0	0.0
SRR7507966	4528732	0.0	3.0901	0.0	0.0	0.0
ERR15289851	21119612	0.0	1.1625	0.0	0.0	0.0
SRR20750954	1406841	0.0	1.9421	1.9849	0.0	0.0
ERR10962796	17220361	1.9455	0.0	1.5438	0.0	0.0
ERR11670129	20238509	0.0	43.7457	5.5945	0.0	0.0
SRR10160961	22253090	0.0	28.7523	1.5437	0.0	0.0
SRR16772055	9427370	0.0	3.9472	0.0	0.0	0.0
SRR29826777	29628436	42.551	0.101	4.4461	0.0	0.0
SRR20450836	9301789	0.0	9.8629	0.0	0.0	0.0
SRR27298084	11384844	0.0	4.5825	0.2243	0.0	0.0
SRR27333890	28082495	17.1975	5.8705	0.8615	0.0	0.0
SRR34326531	4897586	0.0	1.834	0.1275	0.0	0.0
SRR38441798	63088976	12.6986	0.6768	0.1665	0.0	0.0
SRR13824033	5626110	55.8689	0.0	0.1884	0.0	0.0
SRR35650520	16268847	0.0	2.187	0.2114	0.0	0.0
SRR9963843	40082383	0.0	15.8551	0.0	0.0	0.0
SRR26081829	19830111	0.0	20.2232	0.3471	0.0	0.0
SRR7266046	1850164	6.0942	0.0	0.1686	0.0	0.0
SRR29011740	22245314	0.0	1.23	0.0	0.0	0.0
SRR10737666	18776914	8.9415	0.0	2.3238	0.0	0.0
ERR526215	3595232	0.0	3.9095	0.4882	0.0	0.0
ERR526256	3655397	0.0	3.9206	0.4981	0.0	0.0
ERR526234	4071742	0.0	3.8628	0.5601	0.0	0.0
SRR16938980	22966747	0.0	75.619	0.3004	0.0	0.0
SRR29061985	25923022	6.1281	0.0	0.7676	0.0	0.0
SRR34300142	33298513	3.3417	0.0	5.6285	0.0	0.0
SRR32838630	11781214	0.0	3.4464	1.2385	0.0	0.0
SRR35396730	18107365	3.6707	0.0	0.5603	0.0	0.0
SRR37325386	60135692	1.529	0.0	0.3409	0.0	0.0
SRR20480237	26359777	0.0	1.1871	4.9846	0.0	0.0
SRR36367338	45189228	13.9046	0.0	7.7788	0.0	0.0
SRR30012825	36861144	4.2442	0.0	4.7313	0.0	0.0
SRR21021784	18045961	0.0	2.4785	0.6454	0.0	0.0
SRR38170332	165238038	0.0	1.9545	0.8465	0.0	0.0
SRR5225794	13001277	3.0492	0.0	0.0	0.0	0.0
SRR1631850	35185494	0.0	2.0423	0.2101	0.0	0.0
SRR16382583	22577233	0.7047	4.098	0.0	0.0	0.0
SRR12603812	52333989	0.0	0.0	3.3063	0.0	0.0
SRR7265052	1660625	2.6579	0.0	0.0	0.0	0.0
SRR21237707	22326805	0.1694	35.3593	1.671	0.0	0.0
SRR4032277	18726738	0.0	26.7088	1.9339	0.0	0.0
SRR15021477	23355236	0.0	7.1365	3.8012	0.0	0.0
SRR15564979	37140067	0.1368	7.225	0.5139	0.0	0.0
SRR33981610	21164651	0.8167	1.263	0.6453	0.0	0.0
SRR10148765	15710531	0.0	2.0488	2.6654	0.0	0.0
SRR10148856	14920662	0.0	2.0478	2.675	0.0	0.0
SRR10148766	14853932	0.0	2.0512	2.6723	0.0	0.0
SRR13134694	25788106	0.0	28.8848	0.5137	0.0	0.0
SRR7264845	1830422	3.1333	0.0	0.0	0.0	0.0
SRR36606545	23328494	1.3271	6.9157	0.3704	0.0	0.0
SRR21354754	341360	0.0	24.4871	3.8203	0.0	0.0
SRR3382394	10000000	0.0	0.0	0.0	0.0	0.0
SRR7267305	1150981	1.54	0.0	0.0	0.0	0.0
SRR7507936	4493043	0.0	3.4748	0.1123	0.0	0.0
SRR19226116	31520622	0.0	9.1484	0.1011	0.0	0.0
SRR28973415	21023988	0.0	22.0661	0.1858	0.0	0.0
SRR651957	23436716	0.0	3.6435	0.5784	0.0	0.0
SRR6398522	796315	0.0	35.8337	0.8475	0.0	0.0
SRR9657461	33498446	1.2306	0.0	0.4773	0.0	0.0
SRR27305230	2115101	0.0	3.7202	0.7262	0.0	0.0
SRR31851391	38032687	21.6763	0.0	0.7543	0.0	0.0
SRR7172333	19053433	2.9683	0.0	0.0	0.0	0.0
SRR23261105	5286186	0.0	0.0	12.2094	0.0	0.0
SRR23261106	5300214	0.0	0.0	12.4767	0.0	0.0
SRR7644282	35529903	7.4536	0.0	0.2719	0.0	0.0
SRR35741957	16737938	0.0	2.8295	0.3769	0.0	0.0
SRR32343837	23999254	0.0	2.3046	0.2387	0.0	0.0
SRR25520078	46987947	0.0	4.5202	1.6172	0.0	0.0
SRR12214150	21912941	0.1342	1.7183	0.1202	0.0	0.0
SRR25317838	97839089	0.0	2.3297	0.3185	0.0	0.0
DRR987247	21756115	0.0	3.4952	0.0	0.0	0.0
SRR20613497	20297443	0.0	3.9082	0.0	0.0	0.0
DRR1004520	23811354	0.0	1.1979	1.7865	0.0	0.0
SRR21354733	387563	0.0	16.0338	6.144	0.0	0.0
SRR10291739	42603195	1.0436	0.0	0.4554	0.0	0.0
SRR31258107	27361200	0.0	1.0254	1.119	0.0	0.0
SRR17069489	50508402	0.0	6.2684	0.2933	0.0	0.0
ERR14043208	28407240	0.0	1.2628	0.1065	0.0	0.0
SRR20823511	5823052	0.0	1.2217	0.5706	0.0	0.0
SRR20450848	8008786	0.0	7.2103	0.0	0.0	0.0
SRR22889033	24224249	0.0	11.1118	0.5031	0.0	0.0
SRR26083767	21619042	0.0	7.7806	0.9374	0.0	0.0
SRR35415226	15066163	0.0	4.2051	0.2641	0.0	0.0
SRR27322924	2600075	0.0	12.3542	1.9053	0.0	0.0
SRR32467247	25112175	0.0	3.5843	0.4982	0.0	0.0
SRR6189717	55880939	2.5583	0.6985	0.0	0.0	0.0
SRR34794041	40673450	6.8715	44.4655	1.9921	0.0	0.0
SRR26951133	23329239	0.0	1.3624	0.2217	0.0	0.0
SRR28784952	31016765	6.882	0.0	1.278	0.0	0.0
SRR36367274	36677147	5.4245	0.0	10.0763	0.0	0.0
SRR7267196	1089548	6.1731	0.0	0.7429	0.0	0.0
SRR8078957	33400108	1.2728	0.0	0.0	0.0	0.0
ERR15405324	22248177	0.0	4.7655	1.0062	0.0	0.0
ERR14043234	29889134	0.0	1.9364	0.1525	0.0	0.0
SRR34326332	5831476	0.0	4.4793	0.1149	0.0	0.0
SRR17071057	41106668	0.0	20.9854	1.1304	0.0	0.0
SRR25132478	22075619	0.0	43.0769	0.4147	0.0	0.0
SRR33279802	45003720	0.0	1.783	5.1193	0.0	0.0
SRR31187771	25806443	0.0	1.3031	0.3015	0.0	0.0
SRR33883193	22682807	2.1573	2.2443	0.4678	0.0	0.0
SRR29011838	25249232	0.0	1.185	0.1486	0.0	0.0
SRR24956558	14038933	0.0	0.0	80.8644	0.0	0.0
SRR7266325	1843066	5.8441	0.0	0.0	0.0	0.0
SRR25254667	24578875	0.0	1.4665	1.0378	0.0	0.0
ERR13610549	55805636	3.6023	0.0	0.1297	0.0	0.0
SRR13900319	30738911	4.5156	0.0	4.2155	11.0484	0.0
ERR10886999	51796325	17.5772	0.313	1.2416	0.0	0.0
SRR38858545	37592587	9.0144	0.0	2.5795	0.0	0.0
SRR17316612	9522316	0.0	1.5817	2.2151	0.0	0.0
ERR10886980	49440991	3.5381	0.0	0.5331	0.0	0.0
SRR37336217	23879744	6.2067	0.0	0.2289	0.0	0.0
SRR37858677	19845283	10.1617	5.0774	10.9137	0.0	0.0
SRR16338504	42776553	0.0	1.883	0.5415	0.0	0.0
SRR4423515	77919671	0.0	8.255	1.098	0.0	0.0
SRR34292911	24969259	0.0	6.2337	0.793	0.0	0.0
SRR20750994	839949	0.0	3.0192	1.7582	0.0	0.0
SRR34326269	3964688	0.0	5.2946	0.0	0.0	0.0
DRR322157	26089469	2.2202	0.0	0.0	0.0	0.0
SRR12354826	22693234	0.0	2.0677	0.2169	0.0	0.0
SRR34316783	25532632	0.1106	13.7208	1.5234	0.0	0.0
SRR37724351	36300809	1.6541	0.0	0.6114	0.0	0.0
SRR33931473	23938195	10.8197	0.0	0.5248	0.0	0.0
SRR8309991	39590360	4.8754	0.0	0.1951	0.0	0.0
SRR9593767	23389237	0.0	7.4502	0.2587	0.0	0.0
SRR17244276	22608343	0.0	45.9174	1.7766	0.0	0.0
SRR24415107	38591791	0.0	22.7915	1.9181	0.0	0.0
SRR36382489	37005192	1.3916	0.0	2.9995	0.0	0.0
SRR17543243	29344875	0.0	5.4938	0.8745	0.0	0.0
SRR16552221	6813574	0.0	6.9179	0.8926	0.0	0.0
SRR12603808	36239632	0.0	0.0	11.4971	0.0	0.0
ERR13147788	30569842	1.9825	1.5036	0.0	0.0	0.0
ERR15290058	20726949	0.0	3.042	0.1021	0.0	0.0
ERR13147789	30390372	1.9724	1.4497	0.0	0.0	0.0
SRR8418333	8384639	2.7237	0.0	0.1442	0.0	0.0
SRR34326482	37746213	0.0	7.9393	0.0	0.0	0.0
SRR7226420	5497631	0.3987	6.1745	0.5059	0.0	0.0
SRR31851759	26276993	0.0	15.3292	2.003	0.0	0.0
SRR3383802	10303377	3.6728	0.0	0.9374	0.0	0.0
SRR14803614	14509916	0.0	21.4699	4.59	0.0	0.0
SRR13084395	27478935	0.0	0.0	1.1237	12.1361	0.0
SRR32993594	23396682	0.0	9.3671	2.7493	0.0	0.0
SRR7266160	723122	3.5273	0.0	0.0	0.0	0.0
SRR7264689	1225980	3.0992	0.0	7.1216	0.0	0.0
ERR1360191	23223147	5.98	0.0	7.093	0.0	0.0
SRR25254590	25745158	0.0	1.3934	0.73	0.0	0.0
SRR10135388	11883975	0.0	3.3129	0.2204	0.0	0.0
SRR24376183	22973039	0.0	16.7575	1.3446	0.0	0.0
SRR27331674	3507688	0.0	36.8705	0.6943	0.0	0.0
SRR10448325	1579304	9.1454	32.7989	22.012	0.0	0.0
SRR27498741	22598397	0.0	1.2913	0.7724	0.0	0.0
SRR26857523	24642956	0.4275	1.9452	3.3464	0.0	0.0
SRR31854877	22720813	0.0	4.2033	0.0	0.0	0.0
SRR29352962	31629983	0.0	4.236	1.3033	0.0	0.0
SRR33672637	22246700	3.281	0.0	1.617	0.0	0.0
ERR3891492	13234400	0.0	25.8495	0.2724	0.0	0.0
SRR7508043	4278115	0.0	2.3596	0.0	0.0	0.0
SRR36367285	43538482	11.8	0.2112	3.5133	0.0	0.0
SRR14785355	63706106	0.0	2.6541	2.144	0.0	0.0
SRR12245822	43584354	0.0	11.7145	0.2214	0.0	0.0
SRR28797215	24075975	0.0	3.5906	0.208	0.0	0.0
SRR18801939	24901804	0.0	1.5331	2.8692	0.0	0.0
SRR36287293	24364205	0.0	5.6431	0.1577	0.0	0.0
SRR36233371	43757467	56.8936	1.365	0.856	0.0	0.0
SRR36292494	47441077	4.4988	0.1565	5.2651	0.0	0.0
SRR6347971	33421066	1.5057	0.0	5.2028	0.0	0.0
SRR10198773	83037955	4.707	0.0	2.1698	0.0	0.0
SRR21354782	508507	0.0	7.0622	0.7884	0.0	0.0
SRR16156363	12769974	6.4616	0.0	0.2036	0.0	0.0
ERR13230700	5190009	0.0	0.0	21.6512	0.0	0.0
SRR18298163	11952277	0.0	1.7502	0.1976	0.0	0.0
SRR30009877	44429096	16.0919	0.0	0.3063	0.2909	0.0
SRR7507957	4745133	0.0	2.4541	0.9331	0.0	0.0
SRR13566515	22603833	60.4523	4.8519	0.155	0.0	0.0
SRR28415845	23893957	0.0	3.9959	0.2835	0.0	0.0
SRR32137201	41584828	0.0	1.6703	0.3207	0.0	0.0
ERR4606218	20875229	0.0	1.8002	0.278	0.0	0.0
SRR3727694	37043075	6.7063	0.0	1.7634	0.0	0.0
SRR14673896	12722423	1.9009	0.0	0.9721	0.0	0.0
SRR30852777	22849384	0.0	9.2489	0.0	0.0	0.0
SRR34326267	8401088	0.0	3.5343	0.0	0.0	0.0
SRR11459982	14885864	0.4477	2.7457	0.2026	0.0	0.0
SRR23948059	22333718	0.0	1.6575	4.648	0.0	0.0
SRR10135011	17080297	0.1253	1.3431	0.2619	0.0	0.0
SRR34094676	26997701	24.88	0.0	0.4543	0.0	0.0
ERR10886921	53519416	10.0865	0.0	0.3525	0.0	0.0
SRR33516421	26863543	0.0	1.1633	0.1083	0.0	0.0
SRR33516280	26105740	0.0	3.395	0.0	0.0	0.0
SRR1793865	15320983	1.2414	0.0	0.0	0.0	0.0
SRR5560690	31419382	0.0	1.0877	0.0	0.0	0.0
SRR22904932	24617551	0.0	10.7523	0.7998	0.0	0.0
SRR17183617	29337574	11.8007	0.0	0.4754	0.0	0.0
SRR14338849	20019964	1.0197	0.0	2.8335	0.0	0.0
SRR5932866	15475676	0.0	1.0706	0.0	0.0	0.0
SRR6398547	840531	0.0	35.9344	0.7366	0.0	0.0
SRR1049385	22757864	1.4192	0.0	0.0	0.0	0.0
SRR29011945	24629848	0.0	2.1275	0.2116	0.0	0.0
SRR13167989	40439113	37.56	0.0	0.3686	0.0	0.0
SRR35874118	22556694	0.0	4.6357	0.1436	0.0	0.0
SRR16562503	19762142	0.0	1.6838	0.0	0.0	0.0
SRR25379834	23551751	0.0	0.0	1.2137	1.7966	0.0
SRR38858533	38522166	7.4807	0.0	1.0034	0.0	0.0
SRR17316541	8571777	0.0	1.2072	2.6743	0.0	0.0
SRR7267274	1284861	1.2684	0.0	0.0	0.0	0.0
SRR8163300	33675714	0.1639	33.2396	0.0	0.0	0.0
SRR12546077	10665251	0.0	24.0274	0.0	0.0	0.0
SRR33516367	25705460	0.0	4.1619	0.0	0.0	0.0
SRR27108797	24173314	0.0	2.0553	0.1917	0.0	0.0
SRR12475890	21357591	0.0	3.8699	3.1691	0.0	0.0
SRR26881946	26553145	0.0	2.3596	0.6463	0.0	0.0
SRR22142961	50881607	11.6198	0.0	0.9372	0.0	0.0
SRR8743057	18748562	1.4476	0.0	0.0	0.0	0.0
SRR32962212	85462733	42.255	0.0	0.2903	0.0	0.0
SRR3672981	27220673	0.0	3.8698	0.1384	0.0	0.0
SRR21411861	22111112	0.0	1.7044	1.0601	0.0	0.0
SRR7508020	4466519	0.0	1.127	3.3189	0.0	0.0
SRR12615993	4058638	0.0	1.6791	1.4528	0.0	0.0
SRR21021738	21436044	0.0	1.3272	1.2326	0.0	0.0
SRR25402460	1575806	9.2409	7.1249	1.2376	0.0	0.0
SRR26860080	39006879	52.4676	0.0	0.2813	0.0	0.0
SRR10193526	27002485	0.0	4.518	0.0	0.0	0.0
SRR12171323	40891236	0.0	7.7066	0.0	0.0	0.0
SRR30859960	23828431	0.0	14.5815	0.6041	0.0	0.0
SRR27323003	1133300	0.0	9.0963	2.2475	0.0	0.0
ERR957440	13565124	0.1511	6.9112	0.0	0.0	0.0
SRR21726263	19759265	0.0	1.193	0.2106	0.0	0.0
ERR5732369	27462767	0.0	0.0	2.172	0.0	0.0
ERR10962799	20081355	11.1502	0.0	0.8028	0.0	0.0
ERR15399355	53521207	0.0	0.0	2.717	0.0	0.0
SRR37244508	22034590	1.8525	0.0	0.1416	0.0	0.0
SRR14785356	57832749	0.0	10.9463	0.4272	0.0	0.0
SRR28480735	23589291	0.0	1.3624	0.1039	0.0	0.0
SRR30202430	20285015	0.0	11.0695	0.0	0.0	0.0
SRR25655518	43009479	0.3534	0.0	1.499	10.1628	0.0
SRR7267118	1227649	9.894	0.0	0.0	0.0	0.0
SRR7522460	36124664	1.4816	0.0	0.1137	0.0	0.0
SRR15207559	22784615	0.0	1.0725	0.6438	0.0	0.0
SRR21619447	27031794	0.0	1.2422	0.2067	0.0	0.0
SRR23261129	8560217	0.0	0.0	17.9389	0.0	0.0
SRR23261130	8697698	0.0	0.0	18.1946	0.0	0.0
SRR29686415	34074982	0.0	0.0	67.7911	0.0	0.0
SRR22425840	52053433	4.7968	0.0	1.2203	0.0	0.0
SRR7265042	1569499	2.9441	0.0	0.0	0.0	0.0
SRR32335834	20678641	0.0	2.7381	0.4473	0.0	0.0
DRR988065	23764162	0.0	1.8074	0.884	0.0	0.0
DRR853912	20314178	6.0064	0.0	2.902	0.0	0.0
ERR2930869	19401802	0.0	13.7899	8.0624	0.0	0.0
ERR11669017	47171067	0.0	1.1398	0.0	0.0	0.0
SRR26955056	22329583	0.0	2.9092	2.1527	0.0	0.0
ERR4339366	23254708	0.0	1.7796	0.6207	0.0	0.0
SRR28470241	17237309	0.0	1.5573	1.89	0.0	0.0
SRR6039737	34130311	2.4862	0.0	0.2238	0.0	0.0
SRR6039738	51378777	2.4058	0.0	2.4774	0.0	0.0
SRR26865885	24533588	0.0	1.7318	0.0	0.0	0.0
SRR28289597	59046044	0.0	27.7755	0.625	0.0	0.0
SRR32332032	21248267	9.0166	0.2439	0.2704	0.0	0.0
SRR37874278	24592118	0.0	7.9017	0.4871	0.0	0.0
ERR4702978	7522656	0.0	0.0	1.5381	0.0	0.0
SRR6279271	17623909	29.7314	0.0	4.2362	0.0	0.0
SRR15364572	25178302	0.0	2.1267	1.1552	0.0	0.0
SRR10448355	213201	0.1815	31.3737	35.9412	0.0	0.0
SRR29289944	28804184	0.0	8.7831	1.0909	0.0	0.0
SRR21484392	40270346	27.1408	0.0	1.6877	0.0	0.0
SRR32009635	22293567	0.0	1.8265	0.4637	0.0	0.0
SRR1302042	62894902	0.0	1.6539	0.4915	0.0	0.0
SRR16938975	15012113	0.0	54.7854	0.104	0.0	0.0
SRR29289931	30091096	0.0	26.6484	0.872	0.0	0.0
SRR7508076	4890996	0.0	2.4524	0.0	0.0	0.0
SRR10148805	10596339	0.0	5.9975	0.1969	0.0	0.0
SRR10148806	10897818	0.0	5.9922	0.1973	0.0	0.0
SRR13000109	44814420	0.0	43.1143	0.0	0.0	0.0
SRR10148807	12223156	0.0	5.9539	0.1949	0.0	0.0
SRR6186573	23485541	8.0424	0.0	0.1213	0.0	0.0
ERR11669009	47069059	0.0	2.5639	0.0	0.0	0.0
SRR6283147	20890053	56.3611	0.0	1.7735	0.0	0.0
SRR15571117	44324726	19.6484	0.0	0.0	0.0	0.0
SRR31669298	11274019	0.0	4.8814	2.5378	0.0	0.0
SRR25300939	20752485	0.8207	1.5325	2.864	0.0	0.0
DRR499816	20520481	0.0	1.7742	6.457	0.0	0.0
SRR14614679	15479520	0.7176	3.3646	0.7059	0.0	0.0
SRR11035839	11300320	0.0	12.2436	0.3028	0.0	0.0
SRR25046356	24158415	3.9778	0.0	1.6487	0.0	0.0
SRR21021634	21884041	0.0	1.4751	0.2728	0.0	0.0
SRR7692644	14373860	42.6808	0.0	0.0	0.0	0.0
SRR29606641	41333181	0.0	0.0	28.9741	0.0	0.0
SRR7264998	1354462	2.1098	0.0	0.0	0.0	0.0
SRR24657686	23883545	0.0	24.5794	0.5249	0.0	0.0
SRR30322024	24974155	0.0	3.6757	0.7627	0.0	0.0
SRR26909817	40974045	4.9233	0.0	1.1424	0.0	0.0
SRR6491169	18628711	0.0	2.3351	0.0	0.0	0.0
SRR23614408	11097160	0.0	1.3034	2.3609	0.0	0.0
SRR11637960	5012617	0.0	2.5361	1.0415	0.0	0.0
SRR22973809	34302941	7.622	0.0	0.9097	0.0	0.0
SRR20746558	34613155	0.0	22.8091	1.4519	0.0	0.0
SRR29665062	21364791	1.2299	0.0	1.2558	0.0	0.0
SRR23081229	21711227	0.0	1.5065	0.5095	0.0	0.0
SRR11946739	25706141	0.0	2.493	0.0	0.0	0.0
SRR33905255	25948847	0.0	1.6941	1.1024	0.0	0.0
SRR7000854	50239139	53.4114	0.0	0.0	0.0	0.0
SRR7644287	22826747	48.6917	0.0	0.2432	0.0	0.0
SRR17316610	7419267	0.0	2.1633	2.0293	0.0	0.0
SRR31112673	26886727	11.125	0.0	0.2463	0.0	0.0
ERR9976388	16397401	0.0	2.233	0.1046	0.0	0.0
SRR22858661	22522970	0.0	32.1861	0.8254	0.0	0.0
SRR29289939	32555623	0.0	39.5473	1.4286	0.0	0.0
SRR17310602	104482799	0.0	18.4149	0.6869	0.0	0.0
SRR39574505	23856671	0.0	3.401	0.0	0.0	0.0
SRR6123569	11603235	32.1144	0.0	0.0	0.0	0.0
SRR11574241	2058920	0.0	2.4595	0.7725	0.0	0.0
SRR17157050	23873729	0.0	7.6101	2.4846	0.0	0.0
SRR16938992	16550368	0.0	38.9325	0.6358	0.0	0.0
ERR7421526	11868068	38.589	0.5443	0.4752	0.0	0.0
SRR17916396	14853039	28.5502	0.0	0.4146	0.0	0.0
SRR29826792	27529620	73.3375	0.0	3.8499	0.0	0.0
SRR16480624	30061666	0.0	7.9777	8.3267	0.0	0.0
SRR12963498	23873278	0.0	1.235	0.2159	0.0	0.0
SRR23375752	42717885	0.0	42.235	1.7862	0.0	0.0
SRR14224166	24072076	6.0586	0.0	0.1253	0.0	0.0
SRR27457878	33291229	1.049	0.6691	2.0463	0.0	0.0
SRR34326494	41045336	0.1519	2.5964	0.4384	0.0	0.0
SRR14527037	25767449	0.0	10.0697	0.1401	0.0	0.0
SRR16849142	20654252	7.0624	0.0	0.2423	0.0	0.0
SRR12546067	13355598	0.0	38.7273	0.0	0.0	0.0
SRR30429238	34969368	0.0	8.2548	0.6267	0.0	0.0
SRR10098736	44575359	0.0	2.687	0.1764	0.0	0.0
SRR22906545	22148413	2.0353	0.0	0.2249	0.0	0.0
SRR28000274	22454455	0.0	8.1909	0.4318	0.0	0.0
SRR31639289	19416256	5.688	0.0	0.2935	0.0	0.0
SRR7692630	12820255	41.5959	0.0	0.1121	0.0	0.0
SRR17316542	8645837	0.0	1.1927	2.6788	0.0	0.0
ERR14366947	19531559	0.0	15.1459	0.4856	0.0	0.0
SRR17951565	36482408	10.5242	0.0	0.8204	0.0	0.0
SRR1537557	20741138	0.0	1.5085	0.9122	0.0	0.0
SRR15564994	31585430	0.1309	6.6589	0.3077	0.0	0.0
SRR10448322	824138	0.5328	75.7924	0.6091	0.0	0.0
SRR21098348	20676825	4.1267	0.0	3.0364	0.0	0.0
SRR25402461	835795	2.1794	9.5909	0.6955	0.0	0.0
SRR7073603	9854302	0.0	3.0519	1.6638	0.0	0.0
SRR30495779	27069635	1.0694	0.0	4.618	0.0	0.0
SRR7266025	1695864	1.3965	0.0	0.0	0.0	0.0
SRR8691570	32392369	0.0	3.9605	0.1231	0.0	0.0
ERR9009056	665489	0.1506	0.0	3.2629	0.0	0.0
SRR31479322	31968441	0.0	5.9314	1.9443	0.0	0.0
SRR30421791	21550509	93.9285	0.0	0.1008	0.0	0.0
SRR8309952	19287821	1.6127	0.0	0.316	0.0	0.0
SRR7266980	1246256	2.0412	0.0	0.0	0.0	0.0
SRR24956556	18211628	0.0	0.0	61.7418	0.0	0.0
SRR22937889	24954827	2.0567	0.0	0.2512	0.0	0.0
ERR16864428	39484483	0.0	1.4154	2.7706	0.0	0.0
SRR7266262	735079	1.1151	0.0	0.2558	0.0	0.0
SRR17916351	16315826	24.231	0.0	0.8524	0.0	0.0
SRR35332878	131484729	50.5556	0.0	0.5414	0.0	0.0
SRR11887948	30005201	0.0	11.724	0.1148	0.0	0.0
ERR15405325	23815644	0.0	2.9994	1.0649	0.0	0.0
SRR35842187	9168078	0.0	2.2588	0.1126	0.0	0.0
SRR35182977	21960656	5.8101	0.0	0.1303	0.0	0.0
SRR27851045	20487352	0.0	2.1003	0.4221	0.0	0.0
SRR33516279	27014116	0.0	3.9167	0.0	0.0	0.0
SRR15141095	3016767	2.3173	0.0	1.6983	0.0	0.0
SRR16709566	37436387	0.0	1.9679	0.2779	0.0	0.0
SRR2782462	50719804	0.0	6.1475	0.2344	0.0	0.0
SRR16351756	24430134	11.4539	0.0	4.2618	0.0	0.0
SRR11176664	16006030	0.0	2.1965	0.0	0.0	0.0
ERR11669013	46932423	0.0	1.7695	0.0	0.0	0.0
SRR30795893	49259698	0.0	13.5575	1.0089	0.0	0.0
SRR33701049	24910793	0.0	2.1169	0.3532	0.0	0.0
SRR7265054	1655891	2.0194	0.0	0.2324	0.0	0.0
SRR25254691	23814178	0.0	2.7781	0.1827	0.0	0.0
SRR6398518	944690	0.0	35.4237	0.6921	0.0	0.0
SRR7221746	21396711	0.0	0.0	29.61	0.0	0.0
SRR21921813	22048466	0.3793	11.0469	0.9628	0.0	0.0
SRR23852734	33406	0.0	27.7166	0.7484	0.0	0.0
SRR11282465	12775698	0.0	2.4545	1.157	0.0	0.0
SRR11867815	23100835	0.0	4.9989	0.0	0.0	0.0
SRR17881010	7237141	9.0465	0.1135	1.6537	0.0	0.0
SRR31798810	30427458	0.0	1.442	1.7629	0.0	0.0
SRR20114970	23513957	0.0	5.9072	0.2238	0.0	0.0
SRR7267270	1701076	1.2397	0.0	0.0	0.0	0.0
SRR38194330	63165189	57.8616	0.1115	0.6552	0.0	0.0
SRR20297024	14819632	0.0	3.8865	5.6674	0.0	0.0
SRR29726225	46627542	0.3591	30.5281	3.9047	0.0	0.0
SRR17518840	33632125	0.0	1.7254	0.2035	0.0	0.0
SRR7264761	1489489	2.6516	0.0	0.4797	0.0	0.0
ERR3791533	30596194	0.0	0.0	4.6701	0.0	0.0
SRR36610580	21478995	2.7667	0.5749	0.4445	0.0	0.0
SRR14696966	24401846	0.0	2.1791	0.4392	0.0	0.0
SRR28032150	21825976	0.0	5.5286	1.1793	0.0	0.0
SRR21980435	15732906	12.3939	0.0	1.5004	0.0	0.0
SRR7267287	1167624	3.9575	0.0	0.0	0.0	0.0
SRR11565958	3132504	0.0	1.9492	0.1218	0.0	0.0
SRR27749210	21238938	7.6784	0.0	0.8471	0.0	0.0
SRR36865073	23535855	0.0	2.4778	3.1724	0.0	0.0
SRR6796744	24650164	0.0	2.3058	0.0	0.0	0.0
SRR37576910	21548821	0.0	40.9578	3.4758	0.0	0.0
SRR26827560	15184627	0.0	8.6591	8.7211	0.0	0.0
SRR1631891	28569764	0.0	1.1363	0.0	0.0	0.0
SRR8416462	20187813	11.0114	0.1016	0.5574	0.0	0.0
SRR31646419	19973423	0.0	2.5372	0.2314	0.0	0.0
SRR11521329	617639	0.0	2.8452	2.245	0.0	0.0
SRR7637116	26114937	0.331	1.6415	0.0	0.0	0.0
SRR9051283	10138729	1.2609	0.0	0.6627	0.0	0.0
SRR866217	21085477	1.0032	2.2733	0.6901	0.0	0.0
SRR6053293	47254821	0.0	1.365	2.1779	0.0	0.0
SRR15141165	4115425	11.5106	0.0	1.2875	0.0	0.0
SRR31479317	21987617	0.0	30.1718	0.4773	0.0	0.0
SRR30068637	40941988	0.0	2.932	2.1349	0.0	0.0
SRR25891118	20314444	0.0	19.8735	0.215	0.0	0.0
SRR8418259	27851083	3.9031	0.0	0.2108	0.0	0.0
SRR16898045	22795345	0.0	13.2008	0.6822	0.0	0.0
SRR22430812	42655180	0.0	1.2882	0.0	0.0	0.0
SRR21098344	21458561	4.8308	0.0	0.3312	0.0	0.0
ERR15153968	34506300	0.0	0.0	2.6951	0.0	0.0
SRR7267045	2183694	1.9385	0.0	0.3423	0.0	0.0
SRR7264730	1488020	3.1812	0.0	1.519	0.0	0.0
SRR12615877	5219181	0.0	1.0147	0.515	0.0	0.0
SRR17414993	8768123	0.0	9.2961	0.6289	0.0	0.0
SRR17244292	22430626	0.1791	2.4304	4.1079	0.0	0.0
SRR27323170	2879245	0.0	3.4977	1.8574	0.0	0.0
SRR25132463	24974329	0.0	11.001	1.1273	0.0	0.0
SRR28722180	23330742	18.4151	3.2727	0.2878	0.0	0.0
SRR8691557	26943016	0.0	2.5006	0.0	0.0	0.0
ERR3773826	25750847	0.0	0.0	5.3388	0.0	0.0
SRR20746556	37123249	0.0	8.2612	1.9244	0.0	0.0
SRR32514825	20961610	0.0	4.0341	0.7054	0.0	0.0
SRR29011628	28292091	0.0	2.0026	0.1389	0.0	0.0
SRR39159311	26743252	0.0	2.973	0.1558	0.0	0.0
SRR21185685	26114051	0.0	2.0157	0.0	0.0	0.0
SRR8418322	4180948	2.4282	0.0	0.2562	0.0	0.0
SRR11566064	875320	0.0	2.6235	0.145	0.0	0.0
SRR26905361	10150753	0.0	37.2729	2.0381	0.0	0.0
SRR7507884	4743523	0.0	2.4769	0.0	0.0	0.0
SRR5195765	41952840	0.0	36.8457	0.5288	0.0	0.0
SRR29848866	23788555	7.0982	0.0	2.9001	0.0	0.0
SRR24201622	20356244	5.1995	0.0	0.1355	0.0	0.0
SRR32083077	22545786	9.1094	0.0	1.03	0.0	0.0
SRR6269144	34555466	0.0	2.4216	4.3669	0.0	0.0
SRR14546120	2463942	0.0	5.8147	2.4528	0.0	0.0
SRR16301679	23473410	0.0	1.2554	2.5308	0.0	0.0
SRR7264949	1622838	2.0735	0.0	0.1687	0.0	0.0
SRR20613475	22977657	0.0	1.3364	0.0	0.0	0.0
SRR22973856	37958684	7.6034	0.0	1.2634	0.0	0.0
SRR20480248	20271623	0.0	1.9515	2.2347	0.0	0.0
SRR18476635	23056765	7.2557	0.0	2.737	0.0	0.0
SRR10222612	29003184	2.1732	0.0	0.8104	0.0	0.0
ERR13147961	19969708	3.729	2.9554	0.0	0.0	0.0
ERR13147963	21134706	3.6992	2.9762	0.0	0.0	0.0
SRR10802183	23852800	0.3482	1.9414	1.0315	0.0	0.0
SRR23095533	42730916	0.0	9.1816	1.1147	0.0	0.0
SRR25402484	177409	1.3195	7.9353	2.4971	0.0	0.0
SRR31798809	21605434	0.0	1.5628	1.4961	0.0	0.0
SRR24124074	33660119	0.0	9.0105	0.0	0.0	0.0
SRR7508081	5029708	0.0	1.3739	1.8429	0.0	0.0
DRR746401	20620424	0.0	1.4041	0.2413	0.0	0.0
ERR2695964	7320098	0.0	87.059	3.4275	0.0	0.0
SRR10153100	12047870	0.0	3.8418	0.0	0.0	0.0
SRR24557155	23398572	0.0	2.9619	0.1142	0.0	0.0
SRR17916358	22616668	21.7231	0.0	1.2632	0.0	0.0
SRR31596366	24142963	0.3181	5.7838	0.0	0.0	0.0
SRR19412891	47601552	0.0	3.5564	6.1923	0.0	0.0
SRR26117139	95273352	18.3231	0.0	0.165	0.0	0.0
SRR36910262	33389537	3.4625	0.0	5.2774	0.0	0.0
ERR13147962	21230728	3.7012	2.9713	0.0	0.0	0.0
SRR7267205	1574432	3.6304	0.0	0.0	0.0	0.0
SRR28637133	27491099	0.2229	21.863	3.4209	0.0	0.0
SRR12546066	11452528	0.0	32.3558	0.0	0.0	0.0
SRR23852692	37169	0.0	25.298	1.5873	0.0	0.0
SRR26860043	28910489	75.9747	0.0	0.1253	0.0	0.0
SRR30725431	41085922	0.0	1.5793	0.2529	0.0	0.0
SRR5527236	13385233	0.0	1.4711	0.132	0.0	0.0
SRR38077040	37666159	25.6366	0.372	1.4666	0.0	0.0
SRR35815483	28536925	4.3092	2.3893	2.2363	0.0	0.0
SRR25254390	24721566	0.0	7.4123	0.799	0.0	0.0
SRR19426704	43451227	4.7645	0.0	0.4977	0.0	0.0
SRR16938911	16664429	0.0	72.9106	0.1364	0.0	0.0
SRR25078437	25222427	0.0	1.5232	2.2009	0.0	0.0
SRR8204116	19614927	44.1484	0.0	0.14	0.0	0.0
SRR7508063	4534771	0.0	3.4882	0.1137	0.0	0.0
SRR8427408	22033213	10.707	0.0	0.1422	0.0	0.0
SRR1005339	31581689	0.0	2.5084	2.4519	0.0	0.0
SRR24988745	23445119	2.3232	0.0	0.973	0.0	0.0
DRR834207	24761766	0.0	3.6452	1.4582	0.0	0.0
SRR17456165	22163370	0.0	18.7765	1.3785	0.0	0.0
ERR10926705	84184059	3.9658	0.0	0.2922	0.0	0.0
SRR39159310	24562057	0.0	2.8657	0.1854	0.0	0.0
ERR6120415	39474813	0.0	0.0	4.8397	0.0	0.0
SRR9937170	27681645	0.0	9.7538	0.0	0.0	0.0
SRR12616174	7779399	0.0	1.2485	1.3284	0.0	0.0
SRR21654355	19013400	0.0	2.0917	0.0	0.0	0.0
SRR35731908	28300275	0.4758	2.1902	2.4409	0.0	0.0
SRR15742941	31134245	0.1768	0.0	1.9232	16.9359	0.0
DRR623332	21242026	11.9471	0.0	3.2751	0.0	0.0
SRR20983006	26941880	0.258	2.9215	1.1369	0.0	0.0
SRR23628296	39999671	0.0	1.6047	0.0	0.0	0.0
SRR32962214	64333966	47.2942	0.0	0.1766	0.0	0.0
SRR8797228	22625937	0.0	3.6342	0.0	0.0	0.0
SRR12835397	21443339	0.0	1.654	4.5867	0.0	0.0
SRR28797229	23816902	0.0	9.9533	0.1062	0.0	0.0
SRR7644365	27785848	3.5456	0.0	0.2971	0.0	0.0
SRR27457880	35993126	0.0	3.3543	1.491	0.0	0.0
SRR22973858	34798216	5.2281	0.0	2.1875	0.0	0.0
SRR10053842	27124244	0.0	6.8959	0.3891	0.0	0.0
SRR13486979	13985167	0.1142	4.1102	1.1507	0.0	0.0
DRR745818	24755771	2.6811	0.0	0.7192	0.0	0.0
SRR11517238	19568549	0.1219	14.7638	1.1736	0.0	0.0
SRR12603811	35173638	0.0	0.0	2.9762	0.0	0.0
SRR11785367	253583875	7.1214	0.0	2.0629	0.0	0.0
SRR16938949	17806811	0.0	88.4185	0.2936	0.0	0.0
SRR23095535	42645806	0.0	5.9382	0.6636	0.0	0.0
SRR38924884	41452474	12.972	0.0	0.7335	0.0	0.0
SRR27323297	3578300	0.1105	44.6421	1.6275	0.0	0.0
SRR33827824	23792017	0.0	2.3689	0.0	0.0	0.0
SRR25379832	21555651	0.0	0.0	0.7641	1.2215	0.0
SRR9854226	22033384	0.0	8.9552	0.0	0.0	0.0
SRR29848864	26349278	58.326	0.3083	2.4865	0.0	0.0
SRR26860073	90121137	72.6246	0.0	0.135	0.0	0.0
SRR31806247	15889687	0.0	2.7994	6.761	0.0	0.0
SRR15564988	37315775	0.2277	7.6243	0.2418	0.0	0.0
SRR31204183	35775913	1.7129	0.0	2.2818	0.0	0.0
SRR20750928	638540	0.0	3.347	1.6406	0.0	0.0
SRR21021569	35862878	0.0	1.0453	1.7508	0.0	0.0
SRR31669343	13776871	0.0	6.0939	1.9118	0.0	0.0
SRR9051316	2741351	1.2091	0.0	0.5125	0.0	0.0
SRR7264908	1833010	2.7773	0.0	0.0	0.0	0.0
SRR15222190	21250041	2.0099	0.0	0.0	0.0	0.0
SRR1508196	27107929	0.0	3.2744	0.0	0.0	0.0
SRR9586832	34018628	0.0	24.3734	0.0	0.0	0.0
SRR18296894	25301580	0.0	1.6369	0.0	0.0	0.0
SRR30725440	39261476	0.0	2.085	0.1033	0.0	0.0
SRR11886209	27691740	0.0	4.0662	0.0	0.0	0.0
SRR30495754	27394327	4.0155	0.0	4.7729	0.0	0.0
SRR14527033	24485415	0.0	4.4764	0.1354	0.0	0.0
SRR27323102	3092113	0.0	24.4104	3.3267	0.0	0.0
SRR10135067	12522520	0.0	3.8912	0.158	0.0	0.0
SRR8661628	50235642	2.6358	0.0	2.7237	0.0	0.0
SRR13662595	13614515	3.707	0.0	0.0	0.0	0.0
SRR28000271	21315968	0.0	12.3717	0.6427	0.0	0.0
SRR13709472	24484506	0.0	0.0	4.65	0.0	0.0
SRR28714000	24914898	0.0	18.7751	2.4202	0.0	0.0
SRR24019263	3998933	0.0	0.0	9.3671	0.0	0.0
SRR21354866	3975656	0.0	62.672	4.798	0.0	0.0
SRR14615539	9675702	0.1002	2.8045	0.1802	0.0	0.0
SRR6123551	11144497	35.5405	0.0	0.0	0.0	0.0
SRR10135404	10090019	0.0	2.1418	0.2107	0.0	0.0
SRR14162032	698471152	0.0	5.2116	0.2021	0.0	0.0
SRR19412901	42682469	0.0	3.879	6.4882	0.0	0.0
SRR24271394	21252560	9.7446	0.0	1.8122	0.0	0.0
SRR25318410	30108104	0.0	1.5351	1.4902	0.0	0.0
SRR21021711	18610694	0.0	1.2488	1.4675	0.0	0.0
SRR7266115	2280948	2.0033	0.0	0.0	0.0	0.0
SRR21798529	43618346	59.778	0.0	0.0	0.0	0.0
SRR34469068	31162267	0.0	4.3152	0.3277	0.0	0.0
SRR25301218	27032990	0.4148	1.6387	1.9326	0.0	0.0
SRR24859169	19691535	0.0	2.0984	0.1241	0.0	0.0
SRR32131661	21479664	0.0	2.1598	1.4463	0.0	0.0
SRR7266083	1437958	1.7528	0.0	0.0	0.0	0.0
SRR7267026	1264309	1.4646	0.0	0.0	0.0	0.0
ERR10886976	59006550	1.85	0.0	0.2327	0.0	0.0
SRR15439216	110334810	0.0	10.9587	0.0	0.0	0.0
SRR22430291	60011623	77.3673	0.0	4.6266	0.0	0.0
SRR29304499	23223512	0.0	2.7798	2.1551	0.0	0.0
SRR34355013	20644996	0.0	58.6051	0.5609	0.0	0.0
SRR15141365	4929422	16.0849	0.0	1.7776	0.0	0.0
SRR35430856	13503046	0.0	7.2317	0.4428	0.0	0.0
SRR14675282	85601676	0.0	35.787	0.9853	0.0	0.0
DRR805218	24081196	0.0	1.6179	0.635	0.0	0.0
SRR8743012	14569551	1.8079	0.0	0.1026	0.0	0.0
SRR6925816	27476894	1.1864	0.0	0.0	0.0	0.0
SRR10161827	8878201	39.3643	0.0	0.8398	0.0	0.0
SRR26532413	33063882	0.0	2.022	0.1772	0.0	0.0
SRR33516254	23243365	0.0	11.3011	0.1502	0.0	0.0
SRR7267183	17512	22.7101	0.1485	0.0	0.0	0.0
SRR7507893	4158595	0.0	2.2125	1.1767	0.0	0.0
SRR25209560	22856362	0.0	9.6618	0.161	0.0	0.0
DRR752150	27702932	0.0	1.4794	0.2208	0.0	0.0
SRR11809803	34163214	0.0	15.9892	1.1384	0.0	0.0
SRR7413601	15777627	7.1854	0.0	1.1223	0.0	0.0
SRR24348359	22186867	0.0	2.6633	0.0	0.0	0.0
SRR33981070	42860292	2.3742	0.0	2.1968	0.0	0.0
SRR20337008	12868314	0.0	38.9586	0.3982	0.0	0.0
SRR12615992	4196383	0.0	1.6909	1.4585	0.0	0.0
SRR25209553	22162230	0.0	1.3364	0.0	0.0	0.0
SRR4423511	62265759	0.0	5.3193	0.8491	0.0	0.0
SRR13134690	28970472	0.0	36.1096	0.3952	0.0	0.0
SRR27555707	22772871	0.0	2.8672	0.0	0.0	0.0
SRR35842186	8392003	0.0	20.8545	0.0	0.0	0.0
SRR12616147	5452161	0.0	2.2191	1.1576	0.0	0.0
SRR25209520	22052531	0.0	3.4715	0.1206	0.0	0.0
ERR10926643	66336748	9.6711	0.0	0.2573	0.0	0.0
SRR866245	20327040	0.0	1.5763	0.0	0.0	0.0
SRR9276716	29154782	3.5622	2.1367	0.0	0.0	0.0
SRR28126812	20009278	3.0355	0.0	1.3568	0.0	0.0
SRR9919006	24464357	0.0	2.5279	0.1944	0.0	0.0
SRR31627691	55704415	9.1375	0.0	0.5019	0.0	0.0
SRR22266023	18206856	0.0	10.5259	0.3769	0.0	0.0
SRR33883195	22221407	4.5496	2.5853	0.4372	0.0	0.0
SRR31509644	29475456	8.7866	0.0	23.1759	0.0	0.0
SRR18957890	23691961	0.0	0.0	1.3774	2.1313	0.0
SRR13838068	24816013	15.9561	0.0	0.1481	0.0	0.0
SRR22201528	36532133	0.0	78.8133	1.8418	0.0	0.0
SRR36158012	26059116	0.0	2.1901	0.2761	0.0	0.0
SRR20750823	282844	0.0	1.6663	2.3596	0.0	0.0
SRR16082451	26649601	9.5941	0.0	0.0	0.0	0.0
SRR18474742	19327874	5.1181	0.0	0.0	0.0	0.0
SRR7267042	1771814	1.5877	0.0	0.0	0.0	0.0
SRR33516556	24440150	0.0	5.1078	0.1055	0.0	0.0
SRR14068161	23813451	6.9482	0.0	1.0248	0.0	0.0
SRR21021594	33960562	0.0	4.8095	0.7518	0.0	0.0
SRR25998777	28709371	3.1587	0.0	1.6137	0.0	0.0
SRR33323089	35799802	28.3788	0.0	1.2413	0.0	0.0
SRR23598369	49604421	3.0055	0.0	3.0683	0.0	0.0
DRR999493	27318844	0.0	19.7329	0.958	0.0	0.0
SRR8204154	20172548	53.7919	0.0	0.0	0.0	0.0
SRR14298447	801474	0.0	1.1856	0.0	0.0	0.0
SRR29606659	38791795	0.0	0.0	32.7267	0.0	0.0
SRR26035210	60947211	17.5813	0.0	0.6004	0.0	0.0
SRR6039740	37774905	6.243	0.0	0.2091	0.0	0.0
SRR28722184	23645690	0.0	2.7663	0.3989	0.0	0.0
SRR11886210	23901645	0.0	1.9724	0.0	0.0	0.0
SRR25528500	25220319	0.0	1.8729	1.9653	0.0	0.0
SRR7267077	2313929	5.2401	0.0	0.1175	0.0	0.0
SRR8080643	22448394	0.0	6.5273	0.0	0.0	0.0
SRR20705590	30958233	0.0	34.142	0.6562	0.0	0.0
SRR3663394	15940675	0.0	4.7408	5.8457	0.0	0.0
SRR36910227	38380041	4.5189	0.0	4.3403	0.0	0.0
ERR572026	13544133	0.0	2.025	0.6593	0.0	0.0
SRR14777747	7474201	0.0	1.2744	5.1799	0.0	0.0
SRR12546076	8763571	0.0	34.8028	0.0	0.0	0.0
SRR26860082	35288374	55.5324	0.0	0.3157	0.0	0.0
SRR7507990	4338162	0.0	5.1517	1.1357	0.0	0.0
DRR850983	21401539	3.29	0.0	0.0	0.0	0.0
SRR34326231	5412551	0.1101	1.8058	0.0	0.0	0.0
ERR789111	42572357	6.1674	0.0	0.0	0.0	0.0
SRR1032036	6534930	0.0	1.5466	0.0	0.0	0.0
SRR29198171	24242458	0.0	4.7277	3.6637	0.0	0.0
SRR8984114	40825001	11.8061	0.0	8.0444	0.0	0.0
SRR10135415	11335030	0.0	1.7835	0.216	0.0	0.0
SRR38809607	47176466	0.3323	0.0	4.8501	0.0	0.0
SRR7267331	1653214	1.7872	0.0	0.0	0.0	0.0
SRR17916370	19504397	33.5872	0.0	0.1388	0.0	0.0
SRR24956599	17853377	0.0	0.0	19.0814	0.0	0.0
SRR26860083	43492275	61.5639	0.0	0.6525	0.0	0.0
SRR34326270	4322441	0.0	3.799	0.1546	0.0	0.0
DRR852592	21180803	0.0	2.9167	0.3186	0.0	0.0
SRR8742915	22545395	2.1339	0.0	0.0	0.0	0.0
SRR15274850	77379251	11.8671	0.0	0.9112	0.0	0.0
SRR30495780	26949468	1.0766	0.0	4.2918	0.0	0.0
SRR32909023	22434041	0.0	12.3943	0.1461	0.0	0.0
SRR39263435	24171160	0.0	73.6991	0.2576	0.0	0.0
SRR35577744	74078320	0.0	0.0	4.3179	0.0	0.0
SRR21021787	31062360	0.0	2.8984	2.175	0.0	0.0
SRR15538900	7942515	0.9232	2.25	0.61	0.0	0.0
SRR11574227	1475459	0.0	2.3616	0.3043	0.0	0.0
SRR32921522	1423387	10.1162	0.0	0.8653	0.0	0.0
SRR38890932	33447511	1.2619	1.5261	0.3464	1.9372	0.0
SRR28479812	26595534	0.0	1.2545	1.3245	0.0	0.0
SRR10161824	14097445	10.0381	0.0	0.5126	0.0	0.0
SRR29011880	27314977	0.0	1.7089	0.1213	0.0	0.0
SRR21151057	20656539	11.076	0.0	1.2315	0.0	0.0
SRR15674856	21544352	0.0	0.0	1.4419	0.0	0.0
SRR23758658	22654701	0.0	0.0	0.1606	4.4372	0.0
SRR16938933	14524779	0.0	57.9104	0.402	0.0	0.0
ERR10962805	21737096	13.7719	0.0	1.458	0.0	0.0
SRR13673985	11821240	0.0	2.6226	0.0	0.0	0.0
SRR17916343	16871389	20.8496	0.0	0.5203	0.0	0.0
SRR25344626	20621404	0.0	3.3161	0.6005	0.0	0.0
SRR28412734	21111626	0.0	0.0	3.0067	0.0	0.0
SRR29011738	28634706	0.0	1.26	0.0	0.0	0.0
SRR35874120	21487780	0.0	1.4401	0.1894	0.0	0.0
SRR7266239	1632116	3.0617	0.0	0.1222	0.0	0.0
SRR11565956	3694696	0.0	1.551	0.4652	0.0	0.0
SRR38441795	19703635	0.0	3.2352	0.2464	0.0	0.0
ERR13230622	109506	0.0	0.0	13.8458	0.0	0.0
SRR28874209	29129788	0.0	2.2954	0.6771	0.0	0.0
SRR37385182	8617678	0.0	79.3284	1.2953	0.0	0.0
SRR13171423	26113896	0.0	5.9799	0.0	0.0	0.0
SRR9901231	17306532	0.0	0.0	10.2349	0.0	0.0
SRR21423844	32667119	0.0	3.0114	0.5969	0.0	0.0
SRR23261154	8244572	0.0	0.0	14.0487	0.0	0.0
SRR23261153	8211735	0.0	0.0	13.5552	0.0	0.0
SRR12747896	35253001	0.0	4.306	0.9526	0.0	0.0
SRR20705589	30884492	0.0	31.1637	0.7142	0.0	0.0
ERR4349045	24127004	0.0	1.5905	0.7732	0.0	0.0
SRR8984120	38521363	13.3555	0.0	2.4308	0.0	0.0
SRR14915936	11619029	0.0	14.971	1.9996	0.0	0.0
SRR34326539	6289766	0.0	6.5747	0.112	0.0	0.0
SRR30499027	26235602	3.2349	0.0	5.9894	0.0	0.0
SRR32083079	22877273	10.2133	0.0	0.793	0.0	0.0
SRR34326356	3551640	0.0	4.1315	0.1091	0.0	0.0
SRR16017072	41013662	2.9978	0.0	0.3976	0.0	0.0
SRR4119803	21900174	0.0	0.0	2.8932	0.0	0.0
SRR15564991	48330394	0.2703	9.4098	0.5282	0.0	0.0
SRR7267297	1863492	3.5247	0.0	0.0	0.0	0.0
SRR14673984	9700497	2.3755	0.0	1.5444	0.0	0.0
SRR34326271	3937225	0.0	5.0701	0.2263	0.0	0.0
SRR16552245	7335115	0.0	43.772	0.7538	0.0	0.0
ERR11650687	2799721	0.1196	19.9831	0.2392	0.0	0.0
SRR7267319	1728024	1.1778	0.0	0.1836	0.0	0.0
SRR10198780	39484561	0.0	0.0	1.2597	0.0	0.0
ERR4369188	17413951	0.1133	1.0215	0.8596	0.0	0.0
SRR31801792	20065380	0.0	2.4141	0.5837	0.0	0.0
SRR31669364	10026670	0.0	7.1968	1.6611	0.0	0.0
SRR6347978	34450455	0.0	0.0	5.3474	0.0	0.0
SRR31107627	9883492	8.7083	0.0	0.5849	0.0	0.0
SRR7266042	440542	1.833	0.0	0.0	0.0	0.0
SRR37630609	23434201	0.0	2.5505	1.7797	0.0	0.0
SRR22430804	43543410	0.0	1.4804	0.0	0.0	0.0
SRR27323026	2711949	0.0	13.7105	2.8436	0.0	0.0
SRR22572294	25336063	0.0	1.8563	0.8693	0.0	0.0
SRR24800039	43391946	0.0	12.342	0.2995	0.0	0.0
SRR3383545	19456959	1.8414	0.0	0.0	0.0	0.0
SRR29290342	27512172	6.775	0.0	0.3233	0.0	0.0
SRR11431607	26449353	0.0	6.9823	0.2364	0.0	0.0
SRR31244752	21100207	0.0	1.1808	0.6579	0.0	0.0
SRR10210761	7888334	0.0	13.4625	0.1025	0.0	0.0
SRR9640390	31137598	0.0	6.967	0.0	0.0	0.0
SRR21997280	28823101	23.0009	0.0	2.2594	0.0	0.0
SRR22227245	3973290	3.6548	0.0	19.5587	0.0	0.0
SRR22227246	5844413	3.7332	0.0	19.7884	0.0	0.0
ERR3791658	25060457	0.0	0.0	5.6843	0.0	0.0
SRR26511470	34569819	1.948	0.4378	0.0	0.0	0.0
SRR33323093	37764092	17.6586	0.0	1.671	0.0	0.0
SRR34697341	21923552	1.8611	0.0	1.5931	0.0	0.0
SRR22973793	38880345	9.2785	0.0	0.7	0.0	0.0
SRR9854229	22177080	0.0	2.4096	0.0	0.0	0.0
SRR35815482	32111282	0.0	3.2568	3.2436	0.0	0.0
SRR27331606	7316715	0.1162	6.0361	37.0892	0.0	0.0
SRR34093546	21030016	0.0	1.1641	0.0	0.0	0.0
ERR526224	5979100	0.0	2.9734	0.4165	0.0	0.0
ERR526253	6245830	0.0	2.9754	0.4001	0.0	0.0
ERR526231	6681589	0.0	3.3549	0.455	0.0	0.0
SRR8418272	2266386	3.9581	0.0	0.6161	0.0	0.0
SRR17310190	5585444	0.0	0.0	4.0877	0.0	0.0
SRR38258968	99301721	0.0	81.3415	0.1773	0.0	0.0
SRR23576583	36322667	2.0123	0.0	2.0002	0.0	0.0
SRR29012088	21182996	0.0	6.8299	0.1501	0.0	0.0
ERR11156391	16950617	0.0	1.306	1.0966	0.0	0.0
SRR16938914	15687708	0.0	90.4878	0.4577	0.0	0.0
ERR4329561	51686632	2.8342	0.0	0.0	0.0	0.0
ERR11650678	2973449	0.0	2.2895	0.2334	0.0	0.0
SRR35278665	23341941	0.0	6.7505	0.7292	0.0	0.0
SRR31319035	6596689	0.0	5.2808	6.1828	0.0	0.0
SRR29258941	46572483	0.0	1.8288	0.9873	0.0	0.0
SRR35776668	35951647	0.0	20.4465	0.6191	0.0	0.0
SRR35858301	20826225	0.0	2.0739	11.9437	0.0	0.0
SRR27297847	2454389	0.0	22.2409	0.3795	0.0	0.0
ERR5383404	34033981	0.0	1.6153	0.4814	0.0	0.0
SRR11565989	3140065	0.0	1.6376	0.0	0.0	0.0
SRR11282462	12730923	0.0	5.9937	1.9586	0.0	0.0
SRR31806259	17228356	0.0	1.8239	5.3995	0.0	0.0
SRR18298167	12345345	0.0	2.0731	0.2705	0.0	0.0
SRR18394866	34344823	0.0	0.0	13.9055	0.0	0.0
SRR35963405	33976798	0.0	1.0567	0.1543	0.0	0.0
SRR10448335	156920	1.2771	48.2182	29.4367	0.0	0.0
SRR10148758	8248154	0.0	3.5216	0.1203	0.0	0.0
SRR10148757	7704063	0.0	3.5152	0.1221	0.0	0.0
SRR10148759	9193962	0.0	3.4993	0.1215	0.0	0.0
SRR24956693	11397433	0.0	0.0	18.3851	0.0	0.0
DRR784934	25580247	0.0	24.1063	0.3464	0.0	0.0
SRR33979376	24713886	0.2075	1.2678	0.2664	0.0	0.0
SRR34326483	44821830	0.0	6.5664	0.1671	0.0	0.0
SRR12998698	46963951	1.9055	0.0	0.239	0.0	0.0
SRR30495751	23010768	2.2519	0.0	6.3324	0.0	0.0
SRR29186656	23841097	0.0	2.3946	0.8772	0.0	0.0
SRR3371857	12730056	0.0	21.8279	0.0	0.0	0.0
SRR13528968	31235323	0.0	1.9798	1.2147	0.0	0.0
SRR28797164	21153183	0.0	18.2618	0.1624	0.0	0.0
SRR37385193	14109205	1.1894	15.0432	2.8141	0.0	0.0
SRR11521346	783875	0.0	16.6426	2.3645	0.0	0.0
SRR20750897	866343	0.0	2.1378	1.8905	0.0	0.0
SRR9680690	37319742	0.0	1.5073	0.0	0.0	0.0
ERR5875671	13602164	85.9593	0.0	2.4521	0.0	0.0
DRR496982	37315548	61.0916	0.2064	1.0178	0.0	0.0
SRR25422558	36490140	0.0	92.9189	0.0	0.0	0.0
ERR3791676	41199517	0.0	0.0	8.4119	0.0	0.0
SRR11809794	35385873	0.0	20.0989	0.9491	0.0	0.0
SRR21021632	33688206	0.0	1.029	1.2908	0.0	0.0
SRR23797921	42602945	0.0	1.7281	0.1456	0.0	0.0
SRR14141732	127189994	0.0	10.9899	0.0	0.0	0.0
SRR7644320	23896261	58.0031	0.0	0.0	0.0	0.0
ERR11650676	2419956	0.0	1.316	0.3455	0.0	0.0
SRR18025539	28613025	0.0	4.0385	1.2724	0.0	0.0
SRR16925040	19909414	0.0	23.0785	0.1067	0.0	0.0
SRR23948038	21011890	0.0	27.9506	5.367	0.0	0.0
SRR3724145	31099928	79.8682	0.0	1.6629	0.0	0.0
ERR10886928	60742815	13.428	0.0	0.3863	0.0	0.0
SRR8191360	14738024	8.8217	0.1214	0.0	0.0	0.0
SRR7608169	30610597	0.0	0.0	0.7189	0.0	0.0
SRR17916419	15461257	46.085	0.0	0.6264	0.0	0.0
SRR24657674	22759346	0.0	57.8642	0.6503	0.0	0.0
SRR32137203	37659889	0.0	3.3938	0.3709	0.0	0.0
SRR37270894	29885308	29.8609	0.0	0.789	0.0	0.0
SRR15222189	20325855	1.6256	0.0	0.0	0.0	0.0
SRR7361586	20158216	0.0	2.3168	0.0	0.0	0.0
SRR12615812	4757390	0.0	1.3958	1.1503	0.0	0.0
SRR27333887	23182119	4.5053	8.2972	0.8564	0.0	0.0
SRR20450851	9771410	0.0	5.0556	0.0	0.0	0.0
SRR12835394	46623826	0.0	9.5199	4.607	0.0	0.0
SRR31669363	14517218	0.0	7.3373	3.6586	0.0	0.0
ERR10886952	54935443	11.9973	0.0	0.169	0.0	0.0
SRR35277599	28314608	0.0	12.9818	1.9459	0.0	0.0
SRR39147260	23777328	0.3355	5.4581	0.4513	0.0	0.0
SRR14278372	25225096	0.0	0.0	2.0645	0.0	0.0
SRR29499848	32884605	0.0	6.9976	0.718	0.0	0.0
SRR33133761	22338289	0.0	1.5957	0.2105	0.0	0.0
SRR23936512	178248161	0.0	14.3387	2.2724	0.0	0.0
SRR17916354	26183382	27.4673	0.0	3.7018	0.0	0.0
SRR25254391	23758626	0.0	10.4104	0.3015	0.0	0.0
SRR33883191	22472997	1.5702	2.0444	0.2858	0.0	0.0
SRR16183176	23724208	0.0	14.4304	2.0802	0.0	0.0
SRR2782691	58852035	0.0	7.1622	0.0	0.0	0.0
SRR32262364	24867695	0.0	2.5035	0.0	0.0	0.0
SRR34469072	27674666	0.0	5.2667	0.2992	0.0	0.0
SRR32487165	53463625	0.0	2.5754	0.3215	0.0	0.0
SRR24737259	25791085	9.7511	0.0	0.8783	0.0	0.0
SRR5186469	14154884	1.5911	0.0	0.292	0.0	0.0
SRR28032149	22102809	0.399	13.487	1.5983	0.0	0.0
SRR12603805	38549580	0.0	0.0	4.4001	0.0	0.0
SRR8204140	25066062	29.7961	0.0	0.0	0.0	0.0
SRR28797223	22744441	0.0	6.9229	0.1975	0.0	0.0
SRR5074050	23266621	21.3798	0.0	5.1388	0.0	0.0
SRR3341300	44605588	0.0	3.8425	0.0	0.0	0.0
SRR29384863	36481334	1.9735	0.0	0.6624	0.0	0.0
SRR32274113	21509304	6.1996	0.1029	0.2658	0.0	0.0
SRR12835395	46588738	0.0	3.3095	5.3832	0.0	0.0
SRR7267180	1121652	14.2465	0.0	0.0	0.0	0.0
SRR13434400	22781416	0.0	1.0472	1.0186	0.0	0.0
SRR29406651	37556956	0.0	0.0	51.5958	0.0	0.0
SRR32288523	72070872	26.2523	0.0	0.8487	0.0	0.0
SRR7267286	1273866	2.4349	0.0	0.0	0.0	0.0
SRR7267334	1072008	1.311	0.0	0.0	0.0	0.0
SRR37270900	29724174	30.0892	0.0	1.1084	0.0	0.0
ERR13230669	3150022	0.0	0.0	18.6633	0.0	0.0
SRR30202434	26383708	0.0	7.1476	0.0	0.0	0.0
DRR260973	4366079	0.0	3.0991	2.1466	0.0	0.0
SRR20750850	278422	0.0	6.2003	3.1319	0.0	0.0
SRR18801938	23062974	0.0	1.5214	1.5923	0.0	0.0
SRR10053841	25980603	0.0	6.3673	0.0	0.0	0.0
SRR9116860	29255903	0.0	3.1204	0.5303	0.0	0.0
SRR27344858	22756763	0.0	2.7058	2.3841	0.0	0.0
SRR17310601	98454008	0.0	16.5412	1.2342	0.0	0.0
SRR24956611	17468004	0.0	0.0	20.65	0.0	0.0
SRR33516209	23707090	0.0	1.8977	0.1531	0.0	0.0
SRR16480627	31569582	0.0	3.6318	9.0032	0.0	0.0
SRR37385213	13067979	0.0	65.4441	1.6667	0.0	0.0
SRR17191159	22251307	0.0	1.7586	1.5938	0.0	0.0
SRR29126142	319430	0.0	2.9061	0.617	0.0	0.0
SRR7267224	7738181	1.112	0.0	0.0	0.0	0.0
SRR37630614	23934484	0.7023	2.241	1.7651	0.0	0.0
SRR13040580	16484536	0.0	0.0	3.5644	0.0	0.0
SRR13040582	16670971	0.0	0.0	3.5874	0.0	0.0
SRR7507973	4375658	0.0	1.8142	1.646	0.0	0.0
ERR3891533	17482969	0.0	32.8604	1.4115	0.0	0.0
SRR7266021	2861295	8.2036	0.0	0.1392	0.0	0.0
SRR13709451	24509961	2.686	0.0	0.6113	0.0	0.0
SRR17916345	15970367	22.2786	0.0	0.6468	0.0	0.0
SRR18394858	28000052	0.0	0.0	6.5103	0.0	0.0
SRR29728969	25856118	0.0	18.335	0.0	0.0	0.0
SRR34326282	7323879	0.0	2.8993	0.0	0.0	0.0
SRR31538841	22440802	3.5149	0.0	0.1758	0.0	0.0
SRR12054306	25993947	7.5287	0.0	0.5116	0.0	0.0
SRR14539525	22613864	0.0	7.9404	0.0	0.0	0.0
SRR38355589	26330590	78.9972	0.8016	0.1126	0.0	0.0
SRR39575306	57491222	0.0	7.2238	3.1943	0.0	0.0
SRR7195187	27071323	1.6186	0.0	0.0	0.0	0.0
SRR33947267	28645598	0.0	1.9037	3.8294	0.0	0.0
SRR12160890	27280555	0.0	45.08	0.1343	0.0	0.0
SRR14546136	2182762	0.0	4.0314	2.4509	0.0	0.0
SRR8178061	80268914	0.0	0.0	0.2536	0.0	0.0
SRR12134750	28883481	0.0	2.6835	0.545	0.0	0.0
DRR783670	24852200	0.0	2.4579	2.7711	0.0	0.0
SRR23261116	7417490	0.0	0.0	17.62	0.0	0.0
SRR23261115	7349744	0.0	0.0	17.509	0.0	0.0
SRR32009642	21223305	0.0	2.1347	0.3534	0.0	0.0
SRR25209533	22481948	0.0	10.2347	0.0	0.0	0.0
SRR16938891	14382723	0.0	81.6988	0.5232	0.0	0.0
ERR14835980	73082291	36.6277	0.0	0.1268	0.0	0.0
SRR27323298	2398982	0.0	2.8993	1.7573	0.0	0.0
SRR6308305	10717784	19.0457	0.0	0.0	0.0	0.0
SRR10160951	16774477	0.0	37.7162	0.8637	0.0	0.0
SRR20750842	339107	0.0	1.5243	2.0864	0.0	0.0
SRR25969062	28711867	1.8312	0.0	1.3849	0.0	0.0
SRR31319046	4427783	0.0	3.0667	6.9291	0.0	0.0
SRR7641905	15991690	0.0	3.4776	0.1384	0.0	0.0
SRR30495783	26292631	3.7941	0.0	3.024	0.0	0.0
SRR26931930	30836860	0.0	6.4787	2.9568	0.0	0.0
SRR15685525	28051630	0.0	2.6867	0.8534	0.0	0.0
SRR14001696	151122142	2.4923	0.0	1.4354	0.0	0.0
SRR32909021	22483075	0.0	10.5815	0.7129	0.0	0.0
SRR11176757	17205355	0.0	2.2397	0.0	0.0	0.0
SRR22350116	48212594	0.0	2.6686	4.2886	0.0	0.0
SRR24128545	22891305	0.0	1.5564	6.078	0.0	0.0
SRR16228995	26222790	0.0	13.634	2.0473	0.0	0.0
SRR24114142	36930193	0.0	3.5755	3.0494	0.0	0.0
SRR38272475	32531893	0.12	3.0757	0.2844	0.0	0.0
SRR33386589	24438446	0.0	5.6698	1.2936	0.0	0.0
SRR8073879	68031555	0.0	42.9068	4.2941	0.0	0.0
ERR7421550	11795120	27.2466	0.5323	0.7283	0.0	0.0
SRR26214564	28159726	5.8743	0.0	0.4488	0.0	0.0
SRR34326491	33607469	0.0	12.4991	0.131	0.0	0.0
SRR27323254	5020930	0.153	1.7109	1.3512	0.0	0.0
SRR19510987	35701645	0.0	8.8963	0.1063	0.0	0.0
SRR15685543	24732762	0.0	3.5783	0.5039	0.0	0.0
SRR7245095	10638743	0.0	3.0277	0.0	0.0	0.0
SRR28797242	25437401	0.0	11.3545	0.3595	0.0	0.0
SRR31851758	26324264	0.0	15.9505	1.232	0.0	0.0
SRR19055241	32080412	52.8431	0.0	1.1547	0.0	0.0
DRR852590	26314739	0.0	3.0225	0.3822	0.0	0.0
DRR733422	33567539	0.0	0.2206	2.0024	0.0	0.0
ERR13663573	9929742	0.0	0.0	3.1312	0.0	0.0
SRR36443862	27498633	0.0	1.1974	5.9655	0.0	0.0
SRR8115239	11948340	0.0	14.1022	0.0	0.0	0.0
SRR12829258	31998298	0.0	22.0385	0.6445	0.0	0.0
SRR34083366	20810064	0.0	3.9649	0.9838	0.0	0.0
SRR3371842	17944234	0.0	23.9848	0.0	0.0	0.0
SRR29011850	23400090	0.0	2.3791	0.1169	0.0	0.0
SRR29770669	21016340	0.0	7.0001	11.9981	0.0	0.0
SRR39368693	22641270	0.0	19.0245	2.3672	0.0	0.0
SRR5871154	34281367	9.4543	0.0	0.4695	0.0	0.0
SRR7267253	1031200	8.18	0.0	0.0	0.0	0.0
SRR29709386	37931520	0.1647	2.3778	4.4594	0.0	0.0
SRR16958437	52135428	31.2039	0.0	1.1204	0.0	0.0
SRR33516375	26099125	0.0	1.4451	0.0	0.0	0.0
SRR11566026	1922894	0.0	6.7	0.0	0.0	0.0
SRR7267254	1002956	7.6801	0.0	0.0	0.0	0.0
SRR3924535	13236760	0.0	15.5319	0.6153	0.0	0.0
SRR12858283	59852608	0.0	0.0	2.8879	0.0	0.0
SRR10258835	21860823	0.0	1.4056	0.4985	0.0	0.0
SRR13298306	43660502	0.0	22.7236	0.0	0.0	0.0
SRR23852727	29809	0.0	46.2713	0.6877	0.0	0.0
SRR24496881	21509888	0.0	0.0	0.3983	6.2336	0.0
SRR23951519	23672656	0.0	1.4045	2.3472	0.0	0.0
SRR31047602	30644991	0.2046	2.817	0.9502	0.0	0.0
SRR22993989	21308667	0.0	4.2216	3.494	0.0	0.0
SRR21995374	18445067	8.798	0.0	0.4193	0.0	0.0
SRR36367289	42710334	26.6311	0.0	8.7529	0.0	0.0
ERR6212355	26090954	0.0	2.0739	0.9417	0.0	0.0
SRR23907345	29987421	30.0549	0.0	0.5113	0.4457	0.0
SRR29289964	28117238	0.0	33.3497	1.4608	0.0	0.0
SRR35276961	27428484	0.0	12.812	3.2848	0.0	0.0
SRR39263437	21633848	0.0	58.5851	0.3595	0.0	0.0
SRR11946743	21761056	0.0	3.5651	0.0	0.0	0.0
SRR12054320	29340338	16.7082	0.0	0.2832	0.0	0.0
SRR14539518	21941088	0.0	7.0208	0.1039	0.0	0.0
SRR29011721	26815366	0.0	1.2849	0.1258	0.0	0.0
SRR6281219	39589401	0.0	9.4565	0.4565	0.0	0.0
SRR17916433	15373766	14.1886	0.0	0.8138	0.0	0.0
SRR11791305	27232687	0.0	4.2096	2.6438	0.0	0.0
SRR8432578	14242865	4.3041	0.0	0.1541	0.0	0.0
SRR16938958	17223626	0.0	89.545	0.6898	0.0	0.0
SRR33130918	30367104	0.0	33.5551	0.484	0.0	0.0
SRR10258836	20467471	0.0	1.4503	0.5237	0.0	0.0
SRR27326517	907783	34.6553	0.0	3.529	0.0	0.0
SRR36995732	20345128	8.0168	0.0	0.9358	0.0	0.0
SRR13341791	24202222	0.0	1.4595	0.423	0.0	0.0
SRR20438184	14611516	1.1581	0.0	1.8837	0.0	0.0
SRR32584169	24216083	0.0	1.2041	0.2789	0.0	0.0
SRR29011881	25875422	0.0	1.7799	0.0	0.0	0.0
SRR18944196	22878591	0.0	0.0	10.0266	0.0	0.0
SRR30202446	22786796	0.0	2.5717	0.0	0.0	0.0
SRR31187767	34200187	0.0	1.7919	0.132	0.0	0.0
SRR34792145	19260981	0.0	0.0	2.6361	0.0	0.0
SRR644533	48619487	0.0	2.9944	0.2063	0.0	0.0
DRR830907	25177949	0.0	5.0887	1.5659	0.0	0.0
SRR33947260	20964657	0.0	2.5697	3.5242	0.0	0.0
SRR1170948	17771733	0.0	1.3642	0.0	0.0	0.0
SRR6320593	6501549	0.0	4.5549	0.777	0.0	0.0
SRR7266999	1570746	1.6108	0.0	0.6406	0.0	0.0
SRR11809811	27131097	0.0	3.1885	0.2666	0.0	0.0
SRR34326211	29191452	0.0	5.8352	0.1103	0.0	0.0
SRR3098055	12362583	3.7495	0.0	0.0	0.0	0.0
SRR12768241	40005914	0.0	4.563	5.8861	0.0	0.0
SRR12615995	4808737	0.0	1.1052	0.7006	0.0	0.0
SRR10137381	39287196	0.0	52.4239	0.2203	0.0	0.0
SRR14278363	28656166	0.0	0.0	2.1368	0.0	0.0
SRR39574502	23919474	0.0	2.9048	0.0	0.0	0.0
SRR30328487	55198849	0.0	30.3694	2.4377	0.0	0.0
SRR23628298	41279931	0.0	1.4358	0.0	0.0	0.0
SRR11741575	49030232	27.4072	0.0	0.7678	0.0	0.0
SRR25379816	19602539	0.0	20.2898	1.3676	0.3807	0.0
SRR37798405	28947131	6.3183	0.3899	4.3268	0.0	0.0
SRR27555687	33062696	11.8342	0.1775	0.0	0.0	0.0
SRR14674056	28947677	1.6059	0.0	3.1689	0.0	0.0
SRR27555699	36375257	0.3428	1.7558	0.0	0.0	0.0
SRR33600044	30627056	1.2297	0.0	1.2977	0.0	0.0
SRR7264832	1670691	1.5467	0.0	0.1144	0.0	0.0
DRR816876	24870569	0.0	1.0847	0.4906	0.0	0.0
SRR18856183	116557727	13.6285	0.0	0.3249	0.0	0.0
SRR31509645	27629720	5.867	0.0	16.3176	0.0	0.0
SRR5878426	10600228	0.0	30.4045	0.0	0.0	0.0
SRR37325412	60046847	1.4455	0.0	0.4404	0.0	0.0
SRR23758649	21636574	0.0	0.0	0.1703	4.8165	0.0
SRR7266019	1032149	3.2835	0.0	0.2425	0.0	0.0
SRR34326407	4969927	0.0	2.303	0.0	0.0	0.0
SRR10135452	11331630	0.0	3.5071	0.1178	0.0	0.0
SRR24804917	20829377	0.8881	21.2974	0.9238	0.0	0.0
SRR2862236	14492224	0.0	2.4715	0.0	0.0	0.0
SRR37630608	23772740	0.0	3.6056	1.8796	0.0	0.0
DRR871573	32712666	0.0	33.2855	0.1816	0.0	0.0
SRR10416848	14610172	0.0	1.1815	0.2578	0.0	0.0
SRR16562510	24910282	0.0	8.8728	0.0	0.0	0.0
SRR31646424	20452684	0.0	5.8994	0.4085	0.0	0.0
SRR7408300	21555730	0.0	1.6201	0.2064	0.0	0.0
SRR22858659	28881497	0.0	24.7392	0.6109	0.0	0.0
SRR30031553	21381468	0.0	1.4011	0.7664	0.0	0.0
ERR7221681	10772062	0.0	49.0465	0.3303	0.0	0.0
SRR35031040	22409068	2.4663	0.0	0.9595	0.0	0.0
SRR28736452	25243475	4.605	0.0	0.3541	0.0	0.0
ERR15826153	22576164	0.0	1.1223	0.0	0.0	0.0
SRR7507967	4737655	0.0	1.6173	0.0	0.0	0.0
SRR27298112	2429034	0.0	5.6673	0.2809	0.0	0.0
SRR9134375	41138542	0.2382	3.0138	16.7767	0.0	0.0
SRR15742933	22081066	0.0	0.0	0.7827	4.6743	0.0
SRR21021746	38634237	0.193	5.5704	2.761	0.0	0.0
SRR8691568	30204500	0.0	6.8582	0.0	0.0	0.0
ERR4606217	19561364	0.0	1.7627	0.1974	0.0	0.0
SRR27236397	31305345	0.2071	47.7355	0.5871	0.0	0.0
SRR30654374	31497480	1.8624	0.0	1.245	0.0	0.0
SRR11431601	24243805	0.0	85.2518	0.1194	0.0	0.0
SRR37085819	20295700	8.7525	0.0	11.9977	0.0	0.0
SRR25300943	28556311	0.0	2.0411	0.6848	0.0	0.0
ERR3452449	10973533	0.0	3.6373	0.2897	0.0	0.0
ERR3452450	10984972	0.0	3.5789	0.288	0.0	0.0
SRR7526699	13186901	3.2112	0.0	0.0	0.0	0.0
SRR28486098	22763200	0.0	2.063	0.0	0.0	0.0
SRR11176677	17895809	0.0	1.659	0.0	0.0	0.0
SRR13618745	65502736	0.0	0.0	1.1568	0.0	0.0
SRR29646196	37552977	0.0	23.8402	0.3091	0.0	0.0
SRR17543239	24670781	0.0	5.7643	0.7629	0.0	0.0
SRR36825107	22868357	0.0	1.4369	0.1026	0.0	0.0
SRR27305132	995638	0.0	1.0645	0.3508	0.0	0.0
SRR39409610	21312719	0.0	2.7662	0.0	0.0	0.0
SRR11574251	2074439	0.0	1.9785	0.6265	0.0	0.0
SRR26860081	43858117	77.7867	0.0	0.1226	0.0	0.0
SRR34300114	29179789	5.6285	0.0	8.3003	0.0	0.0
SRR28560581	24068973	0.0	4.5922	0.0	0.0	0.0
SRR17157041	28423783	0.0	2.5746	3.7203	0.0	0.0
SRR12473739	37790177	0.113	11.621	0.7584	0.0	0.0
SRR38355307	15113240	28.0952	0.0	1.1718	0.1138	0.0
SRR14241049	24319576	0.0	0.0	1.9902	0.0	0.0
ERR13230623	348699	0.0	0.1772	16.4322	0.0	0.0
ERR14823249	34820966	81.3997	0.0	0.1198	0.0	0.0
SRR7267289	1112866	1.2398	0.0	0.1157	0.0	0.0
SRR23300926	33103073	0.0	0.0	2.7004	0.0	0.0
SRR29770673	25700309	0.0	9.0793	19.2898	0.0	0.0
ERR10962806	19663445	8.6577	0.0	0.2956	0.0	0.0
SRR34003123	29071827	0.0	3.7613	1.2917	0.0	0.0
SRR21354857	932576	0.0	33.6931	12.9332	0.0	0.0
SRR29289965	29426353	0.0	29.9446	1.4998	0.0	0.0
SRR9306630	24376609	2.0489	0.0	0.2008	0.0	0.0
SRR14729149	22342343	0.0	1.8022	0.9367	0.0	0.0
SRR33662626	25975515	0.209	3.1903	4.3429	0.0	0.0
SRR7265989	1185051	4.8664	0.0	0.1008	0.0	0.0
SRR7264788	1054757	4.4074	0.0	0.4416	0.0	0.0
SRR19199873	9847602	0.0	26.6252	0.9048	0.0	0.0
SRR12899065	21026022	0.0	60.7945	0.1518	0.0	0.0
ERR15648397	55485562	21.8273	0.0	4.3491	0.0	0.0
SRR27305501	2168149	0.0	7.3836	0.3025	0.0	0.0
SRR35303522	27892638	2.972	4.024	0.6943	0.0	0.0
SRR17621053	17590262	0.0	12.6722	0.0	0.0	0.0
SRR23225956	38185370	0.0	5.4704	0.3286	0.0	0.0
SRR32909024	20918937	0.0	11.8856	0.3654	0.0	0.0
SRR29384836	37103736	1.7645	0.0	0.439	0.0	0.0
SRR29011916	22917826	0.0	1.3527	0.1988	0.0	0.0
SRR13960222	11833966	0.0	0.0	0.4287	1.6861	0.0
SRR35650539	15001796	0.0	9.2863	0.1371	0.0	0.0
SRR31244755	20630066	31.4389	0.5596	0.4193	0.0	0.0
SRR10599097	22203355	0.0	12.4964	0.0	0.0	0.0
SRR31550937	32791499	0.0	0.0	2.413	0.0	0.0
SRR23797937	37413264	0.0	2.2201	0.0	0.0	0.0
SRR31833302	38572938	19.7724	0.0	0.4418	0.0	0.0
SRR17916399	14334400	18.1997	0.0	0.7451	0.0	0.0
SRR7267300	1059263	2.9245	0.0	0.0	0.0	0.0
SRR5131659	22208179	0.1192	1.2187	2.5779	0.0	0.0
SRR13755301	18368278	0.0	0.0	3.6	0.0	0.0
SRR20750864	529152	0.0	5.3773	2.6858	0.0	0.0
SRR27305444	1194464	0.0	2.0852	0.1143	0.0	0.0
SRR21021630	39898314	0.0	1.346	0.194	0.0	0.0
SRR25318422	27984229	0.0	2.2778	1.1904	0.0	0.0
SRR29384827	36584530	2.3416	0.0	1.0061	0.0	0.0
SRR23797908	29154710	0.1855	2.3596	0.103	0.0	0.0
SRR24956595	17092773	0.0	0.0	22.8489	0.0	0.0
SRR32009643	21028073	0.0	3.063	0.3696	0.0	0.0
SRR12532026	22387262	0.0	4.2544	0.0	0.0	0.0
SRR12054333	32021625	18.4203	0.0	0.2421	0.0	0.0
ERR13439945	11825417	0.0	4.471	0.7251	0.0	0.0
SRR25534631	29059734	0.7326	1.4831	0.8983	0.0	0.0
SRR29384949	36616665	1.966	0.0	0.3688	0.0	0.0
SRR28975615	2463855	7.8407	0.0	0.5447	0.0	0.0
SRR13590837	22262864	0.0	5.1524	0.0	0.0	0.0
DRR360289	9232503	1.9899	0.0	0.7445	0.0	0.0
SRR38858546	38380754	3.7707	0.0	1.2687	0.0	0.0
SRR8080637	22632521	0.0	4.5747	0.0	0.0	0.0
SRR12532055	22582813	0.0	1.8406	0.0	0.0	0.0
SRR3938624	13996298	0.0	1.8364	0.0	0.0	0.0
SRR18428224	45573547	6.3438	0.0	2.4331	0.0	0.0
SRR12998563	42590676	0.0	6.5901	8.0073	0.0	0.0
DRR784948	22340259	0.0	7.0628	0.3324	0.0	0.0
SRR7264952	7767087	2.9394	0.0	1.2081	0.0	0.0
SRR24657682	23240243	0.0	18.3759	0.4797	0.0	0.0
SRR29289955	27234350	0.0	36.5464	0.7968	0.0	0.0
SRR7264987	1538232	1.3811	0.0	0.0	0.0	0.0
SRR16282442	22060741	0.0	3.369	0.312	0.0	0.0
SRR19548540	23460278	0.0	7.8054	0.2824	0.0	0.0
SRR24956697	11523038	0.0	0.0	10.4487	0.0	0.0
SRR29289960	29764939	0.0	17.3163	1.1288	0.0	0.0
SRR35430688	41635986	0.0	0.0	5.0827	0.0	0.0
SRR4042030	29144129	2.4056	0.0	0.8558	0.0	0.0
SRR22681495	26490036	0.0	1.6965	0.2875	0.0	0.0
SRR7266298	261918	1.5051	0.0	0.1058	0.0	0.0
SRR36910260	32584950	5.8242	0.3966	4.9385	0.0	0.0
SRR23628269	40994043	0.0	4.097	0.0	0.0	0.0
SRR24235218	25628119	0.0	25.7787	0.1342	0.0	0.0
SRR18474741	18613300	5.1607	0.0	0.0	0.0	0.0
SRR29289937	28096308	0.0	27.6482	0.6556	0.0	0.0
SRR28973417	23870000	0.0	11.7075	0.1397	0.0	0.0
SRR36933154	19557995	0.0	5.2833	4.5556	0.0	0.0
SRR7266219	1435737	3.2459	0.0	0.4333	0.0	0.0
SRR5714423	26082982	0.0	24.2771	0.0	0.0	0.0
SRR21354753	246524	0.0	24.2122	5.5058	0.0	0.0
SRR30795883	58232350	0.0	12.243	1.718	0.0	0.0
ERR4369189	16401437	0.0	2.3408	1.0018	0.0	0.0
SRR16849136	20630905	3.5116	0.0	0.2448	0.0	0.0
SRR16938951	15105610	0.0	77.7743	0.277	0.0	0.0
SRR13824019	2453142	43.779	0.0	0.1141	0.0	0.0
SRR34326518	4840013	0.0	2.604	0.0	0.0	0.0
SRR17023798	108377518	12.0429	0.0	1.1909	0.0	0.0
SRR25046352	21498077	27.5493	0.0	2.1556	0.0	0.0
SRR5871146	35593894	19.4348	0.0	0.2911	0.0	0.0
SRR7507907	5247143	0.0	1.3346	0.5555	0.0	0.0
SRR10291786	46307436	2.6737	0.0	0.5488	0.0	0.0
SRR20705608	31762219	0.0	76.1004	0.4919	0.0	0.0
SRR36910253	37195392	7.0176	0.2951	4.5475	0.0	0.0
ERR13346919	21130080	0.0	4.2413	0.1179	0.0	0.0
SRR13862663	23490078	0.0	3.9689	1.8941	0.0	0.0
SRR27010640	21173270	0.0	6.3132	2.0142	0.0	0.0
SRR23618758	20691980	3.032	0.0	0.6435	0.1538	0.0
SRR494408	18914328	0.0	4.7791	0.0	0.0	0.0
SRR31479319	28540094	0.0	4.3476	0.3568	0.0	0.0
SRR32510930	20898716	0.0	1.416	0.0	0.0	0.0
SRR12546099	8719287	0.0	26.6097	0.0	0.0	0.0
DRR303010	8135384	0.0	0.0	4.064	0.0	0.0
ERR15826157	21310795	0.0	1.154	0.0	0.0	0.0
SRR19750586	22919547	0.0	0.0	0.0	3.992	0.0
SRR25254446	25633209	0.0	2.2019	0.3722	0.0	0.0
SRR29061970	23266669	32.0926	0.0	1.0365	0.0	0.0
SRR494409	12077551	0.0	5.6761	0.0	0.0	0.0
SRR28637144	21058568	0.2066	2.9552	16.8521	0.0	0.0
SRR13838031	21745785	0.1909	11.904	0.4601	0.0	0.0
SRR12245831	37442752	0.0	14.1905	0.1084	0.0	0.0
SRR26827565	12134183	0.0	6.3655	4.7129	0.0	0.0
SRR29011816	24487667	0.0	1.5496	0.1355	0.0	0.0
SRR7266218	1710097	4.7402	0.0	0.1847	0.0	0.0
SRR11622364	1844420	0.0	63.8705	0.2123	0.0	0.0
SRR11397709	19898353	0.236	15.3466	0.6881	0.0	0.0
SRR32911219	23562300	0.0	4.312	0.7588	0.0	0.0
SRR4296272	23446768	20.6328	0.0	0.7781	0.0	0.0
SRR14546124	2810337	0.129	1.671	4.0903	0.0	0.0
SRR8586771	30929490	1.9897	0.0	0.509	0.0	0.0
SRR8979819	32373490	0.0	4.2002	0.0	0.0	0.0
SRR8979820	32373490	0.0	4.0632	0.0	0.0	0.0
SRR35900966	22686575	9.1158	0.0	1.2016	0.0	0.0
SRR35697311	27591125	0.0	82.6973	2.3156	0.0	0.0
SRR27331790	14391377	0.0	7.2993	40.5843	0.0	0.0
SRR31419609	23863936	11.7718	0.0	11.2053	0.0	0.0
SRR13486991	14185146	0.2037	4.8812	1.0487	0.0	0.0
SRR12623580	27593341	3.2964	0.0	0.4535	0.0	0.0
SRR24633685	30203765	0.0	6.7534	0.3924	0.0	0.0
SRR8418244	4922477	4.1033	0.0	0.2514	0.0	0.0
SRR23194130	4883755	5.5721	0.0	0.8147	0.0	0.0
ERR4131950	6720435	0.0	0.0	5.561	0.0	0.0
ERR13765081	10560033	0.0	26.4615	0.1552	0.0	0.0
SRR3314875	10154256	0.0	19.347	0.0	0.0	0.0
SRR12160911	21415969	0.0	17.609	0.1946	0.0	0.0
SRR36744963	23426715	0.0	0.0	0.3098	53.8359	0.0
SRR28479793	26874337	0.0	1.3285	1.337	0.0	0.0
ERR4131952	6680004	0.0	0.0	5.3121	0.0	0.0
SRR19435293	24352754	0.0	30.7589	0.8311	0.0	0.0
SRR7644279	22241853	3.937	0.0	0.1509	0.0	0.0
SRR16938905	14239890	0.0	87.0724	0.6565	0.0	0.0
ERR15368169	83161567	0.0	6.2222	0.4028	0.0	0.0
ERR2261858	13792639	13.1292	0.0	2.106	0.0	0.0
DRR1004519	22903535	0.0	1.5787	0.9919	0.0	0.0
SRR12160918	24360541	0.0	10.5842	0.2308	0.0	0.0
SRR15141234	2900786	2.3103	0.0	1.7063	0.0	0.0
SRR8418221	11416005	1.4739	0.0	0.2724	0.0	0.0
ERR3627229	79954243	0.0	0.0	2.0614	51.6524	0.0
SRR7266319	2028525	6.5723	0.0	0.0	0.0	0.0
SRR34222379	21417929	0.0	6.4025	0.0	0.0	0.0
SRR34326279	3279322	0.0	3.5681	0.235	0.0	0.0
SRR29011896	27014116	0.0	3.9153	0.0	0.0	0.0
SRR29362610	20182964	23.5126	0.0	2.3516	0.0	0.0
SRR13590821	22114263	5.1174	6.0421	0.2563	0.0	0.0
SRR37325354	60031429	2.0078	0.0	0.556	0.0	0.0
SRR31833487	41577184	6.4154	0.0	0.6426	0.0	0.0
SRR24657703	20486688	0.0	16.7691	0.3483	0.0	0.0
SRR13862665	25842875	0.0	4.8886	1.7565	0.0	0.0
SRR30310355	19724418	0.0	34.245	0.2121	0.0	0.0
SRR26860118	29680458	66.1445	0.0	0.2263	0.0	0.0
SRR7408303	20262418	0.0	2.9254	0.0	0.0	0.0
SRR36099376	71472467	37.3063	0.3058	0.2013	0.0	0.0
SRR34316784	27447343	0.0	10.568	3.3817	0.0	0.0
SRR26264124	23451842	0.0	1.4336	0.9717	0.0	0.0
SRR30310362	21038474	0.0	28.3849	0.2776	0.0	0.0
SRR7651452	4957683	0.0	3.4889	0.9369	0.0	0.0
SRR7264790	1806681	4.1038	0.0	0.0	0.0	0.0
SRR10161821	25928046	32.5826	0.0	0.4396	0.0	0.0
SRR24737262	21270905	24.0659	0.0	0.9333	0.0	0.0
SRR7508086	4838652	0.0	1.7256	1.7493	0.0	0.0
SRR16938903	16291119	0.0	58.7749	0.5662	0.0	0.0
SRR28032148	21879856	0.0	16.1206	1.1441	0.0	0.0
SRR29011729	24488631	0.0	11.2235	0.1032	0.0	0.0
SRR30495741	27526892	6.04	0.0	6.4667	0.0	0.0
SRR11809810	42507573	0.0	12.7223	0.2198	0.0	0.0
SRR28784950	36334853	33.1296	0.0	1.2988	0.0	0.0
SRR7000829	31843254	13.6291	0.0	0.0	0.0	0.0
SRR19435291	24549525	0.0	43.6822	0.7849	0.0	0.0
SRR11622363	5040208	0.0	60.8364	0.2068	0.0	0.0
SRR8749362	52062009	0.0	70.7238	0.0	0.0	0.0
SRR20082606	23773755	0.0	5.1014	1.0764	0.0	0.0
SRR37513066	41470106	4.8244	0.0	0.1675	0.0	0.0
SRR11521340	600788	0.0	32.4252	8.9534	0.0	0.0
SRR11128227	19728754	2.4947	0.0	0.8319	0.0	0.0
SRR865575	8043108	0.0	1.3834	0.0	0.0	0.0
SRR14278096	48320678	0.0	1.749	0.0	0.0	0.0
SRR25233137	24104383	0.0	3.0891	0.1995	0.0	0.0
SRR36015674	26812838	0.0	58.1197	0.3921	0.0	0.0
SRR8742893	12095997	1.4404	0.0	0.5235	0.0	0.0
SRR19213910	3923866	0.0	5.7374	0.4272	0.0	0.0
SRR15886078	49601942	0.0	35.813	0.3214	0.0	0.0
SRR4044954	6171913	28.8839	0.0	0.0	0.0	0.0
SRR32883242	46489748	1.3442	0.0	3.2546	0.0	0.0
SRR13000125	45614658	0.0	14.4927	0.0	0.0	0.0
SRR30068640	42358650	0.0	2.9125	1.9029	0.0	0.0
SRR31301020	19757086	0.0	5.5513	2.7076	0.0	0.0
SRR7267029	1503801	1.8616	0.0	0.0	0.0	0.0
SRR22142977	104703891	9.9725	0.0	1.202	0.0	0.0
SRR38881101	22509834	0.0	38.3142	0.4238	0.0	0.0
SRR19269228	19751693	0.0	1.1349	0.7222	0.0	0.0
SRR33386587	24592440	0.0	5.3681	1.1727	0.0	0.0
SRR7152517	23789882	0.0	2.5365	0.1991	0.0	0.0
DRR842318	16224785	1.955	0.0	0.4873	0.0	0.0
SRR34326230	5451705	0.1042	1.8166	0.1623	0.0	0.0
ERR1194839	3169657	0.0	0.0	3.7054	0.0	0.0
ERR13610553	74514827	4.1393	0.0	0.3666	0.0	0.0
SRR18957881	26291464	0.0	0.0	1.364	3.2557	0.0
SRR34421103	29422790	0.0	2.1906	0.0	0.0	0.0
SRR31244754	21243549	21.2141	1.1264	0.3781	0.0	0.0
SRR12077450	49024019	8.4943	0.1028	5.7498	0.0	0.0
SRR20750827	659345	0.0	4.9481	2.0396	0.0	0.0
SRR18583986	44422093	0.0	2.2736	0.1135	0.0	0.0
SRR17951564	37871916	7.5233	0.0	0.7593	0.0	0.0
ERR10886972	46632536	2.6629	0.0	0.2617	0.0	0.0
SRR16938925	22639864	0.0	75.5925	0.2937	0.0	0.0
SRR17916421	15411038	8.7651	0.0	0.9711	0.0	0.0
SRR23912221	23601080	0.1233	3.9839	0.296	0.0	0.0
SRR11886206	29518776	0.0	3.4904	0.0	0.0	0.0
ERR16140457	31230833	2.8068	6.3907	1.1446	0.0	0.0
SRR5332102	47523038	11.6892	1.2697	0.4387	0.0	0.0
SRR24657679	23516481	0.0	22.662	0.5986	0.0	0.0
ERR16864437	61857203	0.0	15.6847	1.9049	0.0	0.0
SRR17244272	24129604	0.0	10.4631	4.8183	0.0	0.0
SRR7266214	1332754	3.5197	0.0	0.0	0.0	0.0
SRR31319082	34152	0.0	5.0392	1.0131	0.0	0.0
SRR10189447	20067473	54.0212	0.0	3.6787	0.0	0.0
SRR23907344	24438663	32.5776	0.0	0.55	0.465	0.0
SRR27305554	1845020	0.0	6.1342	0.2338	0.0	0.0
SRR31323390	21024026	0.0	59.1792	0.1329	0.0	0.0
SRR29606657	46349740	0.0	0.0	20.8101	0.0	0.0
SRR36367317	38526042	17.8847	0.0	4.8626	0.0	0.0
SRR11681094	15618389	10.9181	0.0	6.5352	13.6898	0.0
SRR13171424	32332854	0.0	9.206	0.0	0.0	0.0
SRR27323443	2345988	0.0	36.6027	3.1129	0.0	0.0
SRR32157594	22556095	0.0	1.136	0.685	0.0	0.0
SRR25723157	20661300	0.0	22.8946	2.4293	0.0	0.0
ERR12186759	186324185	2.1786	0.0	1.1393	0.0	0.0
ERR6842686	79627867	1.7208	0.0	0.1278	0.0	0.0
SRR9185071	10995637	0.0	8.2044	0.4625	0.0	0.0
SRR29221789	23772869	0.0	1.8592	0.0	0.0	0.0
SRR36194763	30865316	3.1161	0.0	1.9465	0.0	0.0
SRR28427856	31789006	0.0	2.9972	3.5122	0.0	0.0
SRR31806256	17465713	0.0	0.0	18.293	0.0	0.0
SRR11791285	36995342	0.0	2.7112	5.0299	0.0	0.0
SRR36292502	32298181	18.0894	0.0	4.9629	0.0	0.0
SRR18957886	30526696	0.0	0.0	0.7302	2.0068	0.0
SRR7267120	2011185	6.7756	0.0	0.138	0.0	0.0
SRR39368682	20748046	0.2172	9.9807	2.8877	0.0	0.0
SRR32178812	22270056	0.0	0.0	9.9318	0.0	0.0
SRR23375751	38898437	0.0	58.1881	1.3535	0.0	0.0
SRR24764147	4540990	5.5243	0.0	0.5875	0.0	0.0
SRR7266377	2408425	2.4665	0.0	0.3357	0.0	0.0
SRR31346555	36049448	0.0	4.1379	1.4556	0.0	0.0
SRR9969563	31340072	0.0	0.0	2.6629	0.0	0.0
SRR34326490	27890178	0.0	10.9673	0.4347	0.0	0.0
SRR6145825	14387554	0.0	2.8003	2.647	0.0	0.0
SRR19752903	593092	0.0	0.0	0.0	11.6576	0.0
SRR14880497	76025754	5.0119	0.0	0.1149	0.0	0.0
SRR29606636	30909727	0.0	0.0	14.7512	0.0	0.0
SRR7508014	4763469	0.0	2.4619	0.9487	0.0	0.0
ERR15826165	32531509	0.0	1.1939	0.0	0.0	0.0
SRR31488143	54768933	2.327	0.0	1.4527	0.0	0.0
SRR27305122	1042866	0.0	7.6735	0.2958	0.0	0.0
SRR25516708	91509514	0.0	2.6799	1.6044	0.0	0.0
SRR31744994	32779246	0.0	2.6876	0.7185	0.0	0.0
SRR6123572	12101996	37.7277	0.0	0.0	0.0	0.0
SRR36292483	41482751	11.4761	0.331	4.629	0.0	0.0
SRR12357397	30368054	0.0	0.0	0.1542	8.0582	0.0
SRR866253	12805101	0.0	2.5557	0.1473	0.0	0.0
SRR30555142	20028952	4.1593	0.0	0.5845	0.0	0.0
SRR32514833	18239679	0.0	39.6907	0.2212	0.0	0.0
SRR29654750	27227327	0.0	14.1489	0.5795	0.0	0.0
SRR34326236	4531823	0.1235	1.8499	0.0	0.0	0.0
DRR125465	7045935	1.3507	0.0	1.563	0.0	0.0
SRR18171574	47598986	7.8224	0.0	0.5336	0.0	0.0
SRR35237752	23570923	1.5788	0.0	1.46	0.0	0.0
SRR39573506	29226086	0.0	1.572	0.0	0.0	0.0
SRR19785294	47781808	0.0	1.4688	1.8911	0.0	0.0
SRR22266467	21642089	0.0	15.2246	0.0	0.0	0.0
SRR22183665	44900458	1.5935	0.0	0.2024	0.0	0.0
SRR28560591	22780640	0.0	7.5708	0.0	0.0	0.0
SRR11574366	1294161	0.0	1.4422	0.4903	0.0	0.0
SRR31319088	4633470	0.0	3.3574	6.9343	0.0	0.0
SRR8984414	28535281	0.0	1.364	0.0	0.0	0.0
SRR7264755	1594891	2.304	0.0	0.1157	0.0	0.0
SRR17518827	38913470	0.0	2.6758	0.1807	0.0	0.0
SRR7267312	2060948	2.8257	0.0	0.0	0.0	0.0
SRR17916449	18841941	40.0655	0.0	0.4519	0.0	0.0
SRR17916342	19468386	22.1888	0.0	0.2485	0.0	0.0
SRR5878417	14685743	0.246	8.0065	0.0	0.0	0.0
SRR7508084	5079834	0.0	1.2613	1.6071	0.0	0.0
SRR7265081	1402941	2.6371	0.0	0.0	0.0	0.0
SRR13566498	23392484	0.0	3.8484	0.0	0.0	0.0
SRR25402457	694415	0.0	1.8375	0.309	0.0	0.0
SRR27298156	884277	0.0	4.2376	0.4656	0.0	0.0
SRR36744962	24219060	0.0	0.0	0.3018	2.3986	0.0
SRR7264778	1228887	1.2808	0.0	0.0	0.0	0.0
SRR14785358	59278839	0.0	4.804	0.4856	0.0	0.0
SRR14278345	26181990	0.0	0.0	2.0055	0.0	0.0
SRR25402480	1333737	2.7602	5.9564	1.8292	0.0	0.0
SRR15685550	21216152	0.0	1.8371	0.7606	0.0	0.0
SRR5871150	33958734	11.6204	0.0	0.4463	0.0	0.0
SRR20853778	52081366	0.0	52.1851	2.7074	0.0	0.0
SRR5332101	46993538	12.8796	1.0558	1.1377	0.0	0.0
SRR26955061	23141353	0.0	2.1427	1.9537	0.0	0.0
SRR29198175	24361697	0.0	2.674	1.3908	0.0	0.0
SRR30125662	24633639	0.0	58.3644	1.1884	0.0	0.0
SRR33004586	20009421	0.0	8.6213	0.1567	0.0	0.0
ERR9010020	750672	0.0	0.0	2.7365	0.0	0.0
SRR34300108	38045191	2.2548	0.0	7.4122	0.0	0.0
SRR8418247	3554009	3.4599	0.0	0.2583	0.0	0.0
SRR26321447	18229767	0.0	11.9654	0.0	0.0	0.0
DRR820539	52805999	0.0	1.7747	0.7578	0.0	0.0
SRR22803576	23054760	0.0	2.998	2.3706	0.0	0.0
SRR36015673	31385328	0.0	58.1857	0.3294	0.0	0.0
DRR784946	20579003	0.0	9.7844	0.4136	0.0	0.0
SRR21043005	35349560	0.0	2.3637	0.0	0.0	0.0
SRR8432585	9479456	17.9864	0.0	0.0	0.0	0.0
SRR13298302	41764992	0.0	17.8331	0.1387	0.0	0.0
SRR27298093	2409781	0.0	5.1427	0.2758	0.0	0.0
SRR7267040	1808398	2.212	0.0	0.0	0.0	0.0
SRR7267195	1973532	2.7849	0.0	0.3541	0.0	0.0
SRR12615981	6261107	0.0	1.2114	1.6003	0.0	0.0
SRR24956529	16698338	0.1547	0.0	55.7028	0.0	0.0
SRR38914094	29940100	0.2427	5.1933	14.7109	0.0	0.0
SRR9120846	24713192	0.0	3.281	0.7902	0.0	0.0
SRR10736844	54223234	0.0	1.3614	0.0	0.0	0.0
SRR13134696	25812740	0.0	32.0595	0.3772	0.0	0.0
SRR29384948	38109137	2.5174	0.0	0.3332	0.0	0.0
SRR5007355	11287602	6.3186	0.0	0.0	0.0	0.0
SRR7408304	20071889	0.0	4.9817	0.0	0.0	0.0
DRR784925	30049491	0.0	13.5158	0.5617	0.0	0.0
SRR12904737	28849582	0.0	7.6977	0.5861	0.0	0.0
SRR34326537	3855971	0.0	6.3414	0.1069	0.0	0.0
SRR23912213	22258401	0.0	24.9184	0.1048	0.0	0.0
SRR17916437	15290807	11.3569	0.0	0.7473	0.0	0.0
SRR31593907	24040271	8.631	0.0	0.3998	0.0	0.0
ERR4339375	21736244	0.0	1.1455	0.2392	0.0	0.0
SRR14134359	24371804	0.0	17.9085	6.5092	0.0	0.0
SRR31614502	24089754	0.3135	1.886	0.0	0.0	0.0
DRR059418	12643703	0.0	1.1447	0.282	0.0	0.0
SRR7267160	1555899	2.6175	0.0	0.0	0.0	0.0
SRR26264118	25453509	0.0	26.0775	0.2757	0.0	0.0
SRR23095522	42737532	0.0	4.9915	1.6914	0.0	0.0
SRR18061401	4102201	0.0	0.0	3.0548	0.0	0.0
SRR16938926	19559836	0.0	78.3969	0.5799	0.0	0.0
SRR18061412	4139941	0.0	0.0	3.0521	0.0	0.0
SRR37874272	20785207	0.0	12.4425	0.5039	0.0	0.0
SRR27555695	27351744	0.0	2.2937	0.0	0.0	0.0
SRR36186690	67849148	0.0	34.4273	0.2686	0.0	0.0
SRR20750984	350199	0.0	1.0648	1.6788	0.0	0.0
SRR27322857	2252329	0.0	25.5169	3.5507	0.0	0.0
SRR22973830	27931951	5.6821	0.0	0.893	0.0	0.0
SRR26909771	21680529	4.5943	0.0	0.8331	0.0	0.0
SRR7508100	4776588	0.0	2.465	0.9503	0.0	0.0
SRR16611314	22031168	5.5702	0.0	0.3024	0.0	0.0
ERR3596731	74105833	3.2674	0.0	0.0	0.0	0.0
SRR11352846	2132601	0.0	13.2434	0.0	0.0	0.0
SRR28111343	23876280	4.7935	0.0	1.9256	0.0	0.0
SRR5448193	20053132	0.0	5.902	0.1725	0.0	0.0
SRR24956554	15199633	0.0	0.0	12.5641	0.0	0.0
SRR13566512	22767430	0.0	3.7896	0.1204	0.0	0.0
SRR22430798	42756316	0.0	1.5712	0.0	0.0	0.0
SRR37385191	13074209	0.8079	13.2664	2.6678	0.0	0.0
ERR3791712	19441855	0.0	0.0	12.6452	0.0	0.0
SRR35531418	17509648	0.0	2.0994	0.1179	0.0	0.0
SRR15560152	14966911	0.0	3.3009	0.217	0.0	0.0
SRR24768936	35789169	5.6821	0.0	3.6677	0.0	0.0
SRR11521323	604800	0.0	5.8206	1.2154	0.0	0.0
SRR7508056	4102404	0.0	2.2048	1.1651	0.0	0.0
SRR17408162	5111524	0.7648	23.0228	2.5383	0.0	0.0
SRR28787291	21031683	0.0	1.4815	0.2045	0.0	0.0
SRR36292495	38404084	10.1657	0.3821	4.7174	0.0	0.0
SRR35992409	21861639	0.0	2.0943	0.142	0.0	0.0
SRR36972299	20771718	0.0	6.6079	0.3302	0.0	0.0
SRR29012089	22457874	0.0	2.8494	0.1515	0.0	0.0
SRR27323308	3589520	0.0	35.0273	1.3814	0.0	0.0
SRR21021755	44076358	0.3772	5.8953	4.0645	0.0	0.0
ERR4369172	16738940	0.0	1.0515	0.7205	0.0	0.0
SRR3498311	14259180	3.5354	0.0	1.3154	0.0	0.0
SRR7644376	32645564	2.3961	0.0	0.1061	0.0	0.0
SRR24755843	40168440	0.0	4.0339	0.5447	0.0	0.0
SRR24295832	27562733	4.1592	0.0	1.6502	0.0	0.0
SRR25891114	18140587	0.0	9.3263	0.4053	0.0	0.0
SRR21292490	196534	0.0	36.5138	0.6437	0.0	0.0
SRR28560586	28521732	0.0	17.8865	0.0	0.0	0.0
SRR32514827	19222289	0.0	4.2603	0.8303	0.0	0.0
SRR10135156	11151190	0.0	2.525	0.0	0.0	0.0
SRR10744007	21348664	0.0	0.0	2.8457	0.0	0.0
SRR866155	22151715	0.5534	1.2096	0.4909	0.0	0.0
SRR35489016	29030188	0.0	0.0	17.7896	0.0	0.0
SRR20750832	452590	0.0	1.4892	1.7007	0.0	0.0
SRR28000270	21348033	0.0	8.4673	1.0252	0.0	0.0
SRR22858665	29632598	0.0	34.9603	0.6255	0.0	0.0
SRR14853860	29296867	8.0795	0.0	1.5478	0.0	0.0
SRR28111335	28061894	5.2274	0.0	3.7178	0.0	0.0
SRR23912222	22713760	0.1139	2.9899	0.2655	0.0	0.0
SRR33905257	25620757	0.0	1.4116	0.8189	0.0	0.0
SRR7266991	1956903	3.5721	0.0	0.0	0.0	0.0
SRR15902320	2337144	0.0	1.5086	0.1255	0.0	0.0
SRR12169371	23451541	2.5491	0.0	2.5619	0.0	0.0
SRR25209532	22793571	0.0	10.4772	0.0	0.0	0.0
SRR38061562	67875727	0.0	2.6737	0.4504	0.0	0.0
SRR11574383	1516728	0.0	4.14	0.4818	0.0	0.0
ERR6842718	64653623	8.8246	0.0	0.3424	0.0	0.0
ERR15398770	37368936	0.0	0.0	3.5472	0.0	0.0
SRR31669316	13142277	0.0	3.3816	1.7301	0.0	0.0
SRR8742916	18351097	2.3098	0.0	0.1693	0.0	0.0
SRR12160901	22312383	0.0	21.6891	0.3225	0.0	0.0
SRR11176672	19424881	0.0	4.1638	0.0	0.0	0.0
SRR25344623	8824284	0.0	11.6176	0.1418	0.0	0.0
SRR19269226	19901850	0.0	1.5911	0.6099	0.0	0.0
SRR18185502	12988824	0.0	0.0	0.6772	3.1004	0.0
SRR11013356	22078008	0.0	26.5481	0.0	0.0	0.0
SRR7266971	1002266	9.7077	0.0	0.1899	0.0	0.0
SRR12829257	23531943	0.0	26.1979	0.5666	0.0	0.0
SRR767740	143988	0.0	1.3814	0.0	0.0	0.0
SRR34792251	64699694	0.0	2.9192	2.3102	0.0	0.0
ERR15368216	86453311	0.0	21.8313	0.2958	0.0	0.0
SRR6257746	22529524	0.0	6.2219	1.1815	0.0	0.0
SRR12341079	1207164	6.596	0.0	0.8912	0.0	0.0
SRR8309900	24769655	9.4074	0.0	0.2515	0.0	0.0
SRR23912218	22707556	0.0	15.0784	0.1032	0.0	0.0
SRR13000114	44920852	0.0	15.7869	0.0	0.0	0.0
SRR12073959	29791671	0.0	11.3365	1.1155	0.0	0.0
SRR18394848	31055416	0.0	0.0	5.4526	0.0	0.0
SRR13765956	53686912	0.0	1.3708	1.3138	0.0	0.0
SRR2973584	23605837	4.1363	0.0	0.2391	0.0	0.0
SRR2973581	30949302	5.5013	0.0	0.8457	0.0	0.0
SRR2973582	33403071	9.0316	0.0	0.3237	0.0	0.0
SRR1170946	15625548	0.0	1.9608	0.0	0.0	0.0
SRR19426699	39823161	19.4851	0.0	0.3681	0.0	0.0
SRR37244505	20767885	4.9279	0.0	0.3052	0.0	0.0
SRR10148788	6307809	0.0	2.9982	2.012	0.0	0.0
SRR10148789	6664125	0.0	3.0044	2.0082	0.0	0.0
SRR10148790	6412150	0.0	3.0103	2.0123	0.0	0.0
SRR34326358	3579066	0.0	4.1463	0.1127	0.0	0.0
SRR14527036	22523737	0.0	10.2561	0.173	0.0	0.0
SRR29384953	36726382	2.3084	0.0	0.7286	0.0	0.0
SRR29289933	31096906	0.0	42.6593	1.2629	0.0	0.0
SRR25254448	25084707	0.0	2.4985	0.3111	0.0	0.0
SRR13566507	22674408	0.0	7.0228	0.6291	0.0	0.0
SRR26264138	21901619	0.0	1.3059	1.3158	0.0	0.0
SRR7267010	1720845	6.5833	0.0	0.1694	0.0	0.0
SRR12739074	85625344	0.0	0.0	2.5457	0.0	0.0
SRR15560148	14639717	0.0	19.627	0.1981	0.0	0.0
SRR16156360	10969481	15.2825	0.0	0.5909	0.0	0.0
SRR6398554	856119	0.0	1.2635	0.8811	0.0	0.0
SRR31319073	252585	0.0	9.0263	0.7578	0.0	0.0
SRR31319051	6716308	0.0	4.4857	6.7654	0.0	0.0
ERR754088	18425743	0.0	62.5634	2.6073	0.0	0.0
SRR7267345	1695600	8.5137	0.1169	0.1328	0.0	0.0
SRR34469089	26093332	0.0	6.9396	0.3172	0.0	0.0
SRR12358598	11864746	0.0	4.9491	4.5819	0.0	0.0
SRR23261047	9327346	0.0	0.0	11.0448	0.0	0.0
SRR23261048	9340588	0.0	0.0	11.3533	0.0	0.0
SRR28427855	26665489	0.0	4.4835	7.144	0.0	0.0
ERR3891507	12715847	0.0	30.2963	1.1967	0.0	0.0
SRR11356672	48884028	0.0	1.8071	0.4026	0.0	0.0
SRR7507960	4473163	0.0	1.133	3.3397	0.0	0.0
ERR11650700	2880009	0.0	2.3302	0.3258	0.0	0.0
SRR15253622	26014126	0.0	1.9324	1.0995	0.0	0.0
SRR21021712	35518579	0.0	1.7342	1.6093	0.0	0.0
SRR9854225	22386491	0.0	3.8551	0.0	0.0	0.0
SRR30357894	39421781	0.1897	1.1587	0.3228	0.0	0.0
SRR1724943	35440081	0.0	1.1193	0.3143	0.0	0.0
SRR20997980	19588665	0.0	18.8413	0.1972	0.0	0.0
ERR3891499	1573592	0.0	22.1648	4.0085	0.0	0.0
SRR13900316	32616245	2.5646	0.0	2.6483	18.3398	0.0
ERR5659879	50375713	2.0664	0.0	0.1302	0.0	0.0
SRR33386596	24179825	0.0	3.1578	1.2944	0.0	0.0
SRR35228102	24167289	0.0	3.2086	2.6729	0.0	0.0
SRR33846326	22784074	2.5716	0.0	0.2831	0.0	0.0
SRR32622413	21080922	1.4014	0.0	0.0	0.0	0.0
SRR7000864	33556969	3.9506	0.0	0.0	0.0	0.0
SRR33701053	24493342	0.0	1.9366	0.4019	0.0	0.0
SRR12079415	28092967	22.8549	0.0	0.8087	0.0	0.0
SRR15966684	49652659	0.0	1.5936	0.1105	0.0	0.0
SRR25485572	22282234	0.0	1.2428	0.1026	0.0	0.0
DRR816980	35664502	0.0	3.2592	1.6312	0.0	0.0
SRR22704586	36156181	0.0	2.0928	0.5959	0.0	0.0
SRR7644281	21598271	7.6061	0.0	0.3015	0.0	0.0
SRR14795826	4660180	0.0	1.2573	0.0	0.0	0.0
SRR27297788	1565794	0.0	3.5643	0.8998	0.0	0.0
SRR10549529	30206700	0.0	1.08	0.0	0.0	0.0
SRR13822319	19968116	0.1704	1.3998	0.0	0.0	0.0
SRR19372149	27944241	5.4039	0.0	0.4654	0.0	0.0
SRR12160908	27371978	0.0	3.1274	0.1603	0.0	0.0
SRR12171328	22688622	0.0	8.0129	0.0	0.0	0.0
SRR19897818	24004410	2.4718	0.0	0.9381	0.0	0.0
SRR7764261	1291212	0.0	6.0146	0.8401	0.0	0.0
SRR17296964	21031314	33.8179	0.0	0.9402	0.0	0.0
ERR14835940	30926906	53.0628	0.0	4.0264	0.0	0.0
SRR36744950	23116176	0.0	0.0	0.2652	34.2308	0.0
ERR10962818	19269669	10.8986	0.0	0.9254	0.0	0.0
SRR6476593	20204176	0.0	2.9235	0.0	0.0	0.0
SRR5871161	27027863	14.9319	0.0	1.7332	0.0	0.0
SRR10193530	27312423	0.0	12.0995	0.0	0.0	0.0
SRR29665071	22107518	1.9443	0.0	1.1645	0.0	0.0
SRR6283148	21203024	56.543	0.0	5.1185	0.0	0.0
SRR26975737	23043924	60.8905	0.0	7.3594	0.0	0.0
SRR36367275	34620525	10.5197	0.7168	7.3166	0.0	0.0
SRR15141137	3071624	3.4203	0.0	1.055	0.0	0.0
SRR27129491	27466420	0.0	3.4557	0.1012	0.0	0.0
SRR33516626	21879259	0.0	4.4654	0.3184	0.0	0.0
SRR33516459	25021040	0.0	4.5534	0.2399	0.0	0.0
SRR10135425	8938134	0.1249	2.9543	3.5109	0.0	0.0
SRR13263278	43052676	0.0	5.5226	0.0	0.0	0.0
SRR25318421	37251956	0.0	1.8272	1.4258	0.0	0.0
SRR32993590	23552208	0.0	2.4606	1.1005	0.0	0.0
SRR33883190	22403598	1.6248	3.4744	1.6186	0.0	0.0
SRR16082437	42708275	1.8634	0.0	0.0	0.0	0.0
SRR38924913	40256529	9.7355	0.0	0.8026	0.0	0.0
SRR20746557	34610895	0.0	10.0467	11.5759	0.0	0.0
SRR33947262	29741873	0.0	2.0367	2.3328	0.0	0.0
ERR6212290	2048575	0.0	2.2403	2.7629	0.0	0.0
DRR623325	7545233	5.0536	0.0	2.8482	0.0	0.0
SRR30125663	23239506	0.0	64.4247	1.5635	0.0	0.0
SRR7267052	1235921	4.5068	0.0	0.1564	0.0	0.0
SRR37244529	20649040	3.9154	0.0	0.4622	0.0	0.0
SRR17971125	22707241	0.0	1.7791	0.9317	0.0	0.0
SRR24807939	42419887	2.2335	0.0	1.3245	0.0	0.0
ERR2695971	6940381	0.0	87.5061	2.4393	0.0	0.0
SRR7264793	1961036	2.2302	0.0	0.0	0.0	0.0
SRR13662584	14072822	7.5815	0.0	0.1314	0.0	0.0
DRR897960	15653930	0.0	29.8431	0.1545	0.0	0.0
SRR27305467	3919562	0.0	4.3594	0.0	0.0	0.0
DRR444702	8943189	0.0	6.7732	1.9387	0.0	0.0
SRR8457043	37525895	0.0	19.244	0.0	0.0	0.0
SRR28979115	30327531	1.7502	0.0	0.1794	4.2096	0.0
SRR31932846	15532276	0.0	0.0	2.6932	0.0	0.0
SRR1200976	25592129	0.0	16.9124	0.0	0.0	0.0
SRR31833614	41837560	5.7528	0.0	0.702	0.0	0.0
SRR2782412	169228151	0.0	2.8382	1.1924	0.0	0.0
SRR7266300	2126274	2.6461	0.0	0.0	0.0	0.0
SRR29011664	24894214	0.0	3.5917	0.0	0.0	0.0
SRR16552280	6465427	0.2412	22.3787	0.8379	0.0	0.0
ERR16140443	44104229	0.0	1.5428	1.5571	0.0	0.0
SRR10354996	25299750	0.0	1.4762	5.3216	0.0	0.0
SRR20337013	16653677	0.0	50.2147	1.064	0.0	0.0
SRR10150164	19242671	0.0	2.1952	0.1606	0.0	0.0
SRR1174229	35408033	0.0	1.2023	0.0	0.0	0.0
SRR20722400	22270305	8.2735	0.0	0.0	0.0	0.0
SRR22942409	21129948	0.0	1.6549	0.4797	0.0	0.0
SRR30037364	21245426	0.0	1.1669	0.9634	0.0	0.0
SRR17191936	15827702	0.0	3.5022	2.5258	0.0	0.0
SRR7266192	743922	1.281	0.0	0.0	0.0	0.0
SRR13587288	23690973	1.457	0.0	0.5718	0.0	0.0
SRR37798393	27280734	6.2653	0.2921	4.0692	0.0	0.0
SRR33516175	25139858	0.0	6.6902	0.1995	0.0	0.0
SRR1264701	187459	0.0	0.1872	0.0	0.0	0.0
SRR1264702	19212	0.1666	0.0	0.786	0.0	0.0
SRR39159313	25574510	0.0	1.6303	0.1869	0.0	0.0
SRR6466880	42668728	0.0	2.5296	0.3827	0.0	0.0
SRR7896282	6316602	0.3207	11.8456	2.7088	0.0	0.0
SRR10189436	21385745	63.6965	0.0	1.1908	0.0	0.0
SRR11814858	24187348	0.2104	1.835	0.1192	0.0	0.0
SRR33323095	36871312	25.9184	0.0	1.2043	0.0	0.0
SRR35842198	8872372	0.0	3.1022	0.0	0.0	0.0
SRR6914589	26664516	0.0	1.9726	0.2401	0.0	0.0
ERR14710321	19967216	0.0	10.6146	1.1366	0.0	0.0
SRR9963857	30697337	0.0	37.1004	0.0	0.0	0.0
SRR36367309	37759399	18.328	0.0	5.2388	0.0	0.0
SRR23095536	42294866	0.0	10.1906	0.6384	0.0	0.0
SRR8457044	39179851	0.0	17.2193	0.0	0.0	0.0
SRR15115333	37176533	0.0	32.2931	0.1574	0.0	0.0
SRR26343028	70511028	0.0	2.9574	5.7659	0.0	0.0
SRR31078304	67282981	0.0	7.7732	2.7435	0.0	0.0
SRR17310164	5448912	0.0	0.0	2.7308	0.0	0.0
SRR22142978	25782161	7.5091	0.0	1.4751	0.0	0.0
SRR6820472	11796828	0.0	1.7398	0.6322	0.0	0.0
SRR12077448	39242848	27.4428	0.0	1.3213	0.0	0.0
SRR17310605	123032142	0.0	18.3599	1.1657	0.0	0.0
SRR24124078	33153150	0.0	1.2517	0.0	0.0	0.0
SRR3724169	47120492	74.4181	0.0	0.3512	0.0	0.0
SRR20613462	25653846	0.0	2.2213	0.0	0.0	0.0
SRR30498966	52169461	61.1959	0.0	4.2068	0.0	0.0
DRR1003333	20721774	0.0	1.2884	0.1256	0.0	0.0
SRR23514974	25925315	0.193	1.4379	0.0	0.0	0.0
SRR7507986	5058586	0.0	2.7415	0.0	0.0	0.0
SRR19269227	22641739	0.0	1.1777	0.3805	0.0	0.0
SRR29011567	26473108	0.0	2.3366	0.2456	0.0	0.0
SRR17310166	5509414	0.0	0.0	3.0731	0.0	0.0
ERR3163310	14050749	0.0	1.4244	0.1661	0.0	0.0
ERR3891491	1045636	0.0	16.1754	11.286	0.0	0.0
SRR6398511	930892	0.0	76.9901	0.6139	0.0	0.0
SRR21354758	355862	0.0	25.8957	5.9506	0.0	0.0
SRR3734867	417100	58.9468	0.0	0.4503	0.0	0.0
SRR11462964	67261557	0.0	1.604	17.3429	0.0	0.0
SRR19400037	39561304	2.3496	0.0	0.3421	0.0	0.0
SRR12245842	28327446	0.2413	12.1608	0.3342	0.0	0.0
SRR14001689	192461987	5.2078	0.0	3.0807	0.0	0.0
ERR1360188	23197228	14.4598	0.0	13.3933	0.0	0.0
SRR22044127	22452061	0.0	3.4855	4.23	0.0	0.0
SRR12165272	21316414	0.0	1.0569	4.2325	0.0	0.0
SRR36134827	3021135	3.3022	0.0	3.6561	0.0	0.0
SRR5830916	16010173	0.0	4.0319	0.2512	0.0	0.0
SRR24956569	12109884	0.0	0.0	15.6632	0.0	0.0
SRR25485605	22756709	0.0	2.2227	0.2997	0.0	0.0
SRR21307600	22590783	3.4828	2.2627	0.4397	0.0	0.0
SRR37244506	21356675	3.249	0.0	0.398	0.0	0.0
SRR29384832	33926548	2.0272	0.0	0.6152	0.0	0.0
SRR34326243	4772958	0.0	2.242	0.0	0.0	0.0
SRR7267322	1454220	2.0091	0.0	0.0	0.0	0.0
SRR25254526	27844819	0.0	5.5076	0.2074	0.0	0.0
SRR15058253	71867238	0.0	5.6868	1.0944	0.0	0.0
ERR10691733	4810064	0.0	1.3406	2.4464	0.0	0.0
ERR13147949	21137593	2.7195	2.2441	0.0	0.0	0.0
ERR13147950	20984770	2.7174	2.235	0.0	0.0	0.0
ERR13147951	19760630	2.7175	2.2623	0.0	0.0	0.0
SRR24956533	15574997	0.0	0.0	12.6988	0.0	0.0
SRR6466879	52479826	0.0	1.2742	0.7748	0.0	0.0
SRR11364585	27297689	1.8423	0.0	0.2992	0.0	0.0
SRR24956511	18962523	0.0	0.0	18.8697	0.0	0.0
SRR35776663	33738546	0.0	14.8299	0.6411	0.0	0.0
SRR16938919	14738775	0.0	54.7624	0.1051	0.0	0.0
SRR24956692	8908039	0.0	0.0	73.0676	0.0	0.0
SRR17191343	59569117	0.0	2.3585	3.618	0.0	0.0
SRR28864125	47288537	3.0145	1.9866	2.6301	0.0	0.0
SRR16938938	17627515	0.0	53.1966	0.2678	0.0	0.0
SRR25379825	23538813	0.0	5.9476	0.8295	0.0	0.0
SRR10210790	10057847	0.0	30.3888	0.1553	0.0	0.0
SRR31323415	23050196	0.0	2.2533	0.2439	0.0	0.0
SRR32909010	21852356	0.0	9.9317	0.7816	0.0	0.0
SRR10769491	29872475	2.4403	0.0	1.3564	0.0	0.0
SRR21021592	28352984	0.0	3.7658	0.3302	0.0	0.0
SRR29011649	24872246	0.0	8.7743	0.1076	0.0	0.0
ERR14366912	25158678	0.0	17.2082	0.4988	0.0	0.0
SRR34300144	28097703	3.322	0.0	8.0868	0.0	0.0
SRR30427633	34513866	2.4219	0.0	0.0	0.0	0.0
ERR13363398	19063661	0.0	28.2574	3.5732	0.0	0.0
SRR10160942	24716266	0.0	40.5312	0.5577	0.0	0.0
SRR8309920	42937817	1.6295	0.0	0.3818	0.0	0.0
SRR24956628	17803237	0.0	0.0	14.048	0.0	0.0
SRR38858554	49662368	1.8688	0.0	3.2159	0.0	0.0
SRR29001880	19857440	0.0	1.6958	0.1325	0.0	0.0
SRR2932324	24290393	0.0	10.075	0.0	0.0	0.0
SRR7644402	41301127	4.0957	0.0	0.0	0.0	0.0
SRR29826773	30605531	46.3683	0.0	2.8132	0.0	0.0
SRR35531429	17351743	0.6184	6.3972	0.1134	0.0	0.0
SRR31078303	69663731	0.0	7.5106	2.3366	0.0	0.0
SRR9134374	36995342	0.0	2.7008	4.2988	0.0	0.0
SRR19548539	22754105	0.0	15.226	0.3795	0.0	0.0
SRR28486101	27534689	0.0	9.3566	0.0	0.0	0.0
ERR15399345	55980117	0.0	0.0	3.5647	0.0	0.0
SRR9937167	24312743	0.0	11.6659	0.0	0.0	0.0
ERR16140433	31811380	0.0	4.0963	2.0493	0.0	0.0
SRR13791283	20108231	9.8919	0.0	1.4155	0.0	0.0
SRR22806334	21877831	0.0	1.4676	0.9095	0.0	0.0
SRR20184476	14581497	0.0	21.5288	0.3784	0.0	0.0
SRR21354868	103196	0.0	50.375	12.0102	0.0	0.0
SRR29304496	22120669	0.0	5.5421	2.42	0.0	0.0
SRR29289949	29527051	0.0	27.2999	1.1309	0.0	0.0
SRR12169389	20157824	3.6299	0.0	2.3594	0.0	0.0
SRR19897812	22066323	2.4582	0.0	0.9205	0.0	0.0
DRR784935	28152733	0.0	45.4412	0.2399	0.0	0.0
ERR7334439	59607046	0.0	2.032	0.1457	0.0	0.0
SRR30815628	20095761	0.0	1.8818	0.0	0.0	0.0
SRR38272488	33464520	0.313	10.0416	0.464	0.0	0.0
SRR10153115	11610055	0.0	3.4615	0.0	0.0	0.0
SRR30421782	20435149	93.7392	0.0	0.1498	0.0	0.0
SRR37118093	24331117	0.1144	3.0518	0.6445	0.0	0.0
SRR12835393	38689807	0.0	5.5327	4.702	0.0	0.0
SRR15853901	34808241	84.4955	0.1594	0.2578	0.0	0.0
SRR38271985	20597664	0.0	12.3761	3.4185	0.0	0.0
SRR35859421	35428190	0.0	17.2027	0.2938	0.0	0.0
SRR10210772	8979701	0.0	23.6244	0.2827	0.0	0.0
SRR17916404	16295639	14.7793	0.0	0.5059	0.0	0.0
SRR27555703	35283435	0.0	1.155	0.0	0.0	0.0
SRR37899644	25609725	0.0	11.5675	8.0155	0.0	0.0
SRR23852710	86945	0.0	41.7689	1.7034	0.0	0.0
SRR28415844	21922828	0.0	3.9027	0.3572	0.0	0.0
SRR36292501	56190566	4.2248	0.0	5.958	0.0	0.0
SRR29646185	21897712	0.0	12.3115	0.1838	0.0	0.0
SRR33323097	34743230	16.5989	0.0	1.1626	0.0	0.0
SRR30421792	22670309	93.2187	0.0	0.6399	0.0	0.0
SRR16995284	36532285	2.5736	0.2588	0.6877	0.0	0.0
SRR12169378	21693937	3.2207	0.0	1.703	0.0	0.0
SRR22806333	24271284	0.0	1.4357	1.7173	0.0	0.0
SRR23907337	29991611	31.0451	0.0	0.7676	0.0	0.0
DRR854530	26315947	6.2064	0.0	1.025	0.0	0.0
ERR2695973	6491327	0.0	96.0839	0.4495	0.0	0.0
SRR14673905	11776871	1.9647	0.0	1.546	0.0	0.0
SRR23086132	25461963	0.0	2.1264	1.8081	0.0	0.0
SRR16012001	21464715	0.0	1.4397	0.1621	0.0	0.0
SRR7265035	1867773	3.4229	0.0	2.633	0.0	0.0
SRR20750906	682073	0.0	2.6286	2.0749	0.0	0.0
SRR38515060	36923843	5.1	0.0	1.8736	0.0	0.0
SRR26277455	21098255	1.5367	0.0	1.7994	0.0	0.0
SRR7517842	23800765	0.0	8.9276	0.1033	0.0	0.0
SRR20297084	52893880	0.0	1.79	7.8629	0.0	0.0
ERR10926673	95509986	10.8159	0.0	0.2488	0.0	0.0
SRR31851394	38536233	64.3175	0.0	0.3801	0.0	0.0
SRR3315362	34008800	0.0	2.4198	0.0	0.0	0.0
SRR21021662	35437396	0.0	2.3094	0.154	0.0	0.0
SRR23261127	9526705	0.0	0.0	13.4536	0.0	0.0
SRR23261128	9619344	0.0	0.0	13.6458	0.0	0.0
SRR21025631	70067920	0.0	0.0	3.2393	0.0	0.0
SRR24951429	23790727	0.0	2.1796	2.0968	0.0	0.0
SRR7266260	472736	1.1774	0.0	0.1474	0.0	0.0
SRR34300161	32522961	7.5185	0.0	5.7673	0.0	0.0
SRR12963512	27046415	0.0	1.6981	0.4784	0.0	0.0
SRR28764383	25202903	3.3893	1.258	0.5479	0.0	0.0
SRR8156029	33534489	0.0	6.3221	0.0	0.0	0.0
SRR28743722	25062835	28.3414	0.6409	0.9268	0.0	0.0
SRR7266311	3625825	2.0073	0.0	0.0	0.0	0.0
ERR14835941	29628436	42.551	0.101	4.4461	0.0	0.0
SRR6837852	101185210	0.0	1.6253	1.1726	0.0	0.0
SRR28797246	25801316	0.0	24.5417	0.0	0.0	0.0
SRR31801783	21213648	0.0	1.8635	0.553	0.0	0.0
SRR10150162	23960924	0.0	2.9009	0.2129	0.0	0.0
SRR12532023	22136184	0.0	5.2737	0.0	0.0	0.0
SRR21846981	23895077	0.2249	2.8974	0.1989	0.0	0.0
SRR24956723	15980086	0.0	0.0	36.517	0.0	0.0
SRR34355009	22627742	0.0	24.0838	0.5624	0.0	0.0
SRR27305165	3113224	0.0	14.8573	0.2475	0.0	0.0
SRR24956664	9631385	0.0	0.0	18.8179	0.0	0.0
ERR10962831	15187309	30.4249	0.0	0.4488	0.0	0.0
SRR23797926	42242926	0.0	1.8058	0.0	0.0	0.0
SRR33516547	22854225	0.0	1.8095	0.1845	0.0	0.0
SRR9301859	23037691	0.0	1.1301	0.0	0.0	0.0
SRR33827817	23685193	0.0	6.1727	0.0	0.0	0.0
DRR499808	29877074	0.0	1.9685	5.3994	0.0	0.0
SRR37544488	22121487	4.6958	0.0	4.3324	0.0	0.0
DRR897980	33534105	0.0	28.9689	0.1435	0.0	0.0
SRR21928648	46313541	58.1601	0.1276	1.1018	0.0	0.0
SRR34093548	23462316	0.0	1.1472	0.0	0.0	0.0
SRR11176518	20214166	0.0	2.6543	2.128	0.0	0.0
SRR7413609	10352164	3.6192	0.0	4.08	0.0	0.0
SRR14674020	10666940	2.1212	0.0	2.1335	0.0	0.0
SRR37236632	10942603	0.0	10.6253	0.6627	0.0	0.0
SRR23703158	37759109	0.0	1.5992	0.6098	0.0	0.0
SRR21043004	37047051	0.0	1.4204	0.0	0.0	0.0
SRR23261094	7987966	0.0	0.0	19.2754	0.0	0.0
SRR23261093	7896519	0.0	0.0	18.773	0.0	0.0
SRR11931230	22353530	0.0	4.6372	0.3696	0.0	0.0
SRR8767837	44165107	4.6371	0.0	0.296	0.0	0.0
SRR7152516	24750448	0.0	2.8886	0.0	0.0	0.0
SRR10135161	9556483	0.1059	4.3667	0.114	0.0	0.0
SRR30205676	2739122	0.2272	0.0	52.5247	0.0	0.0
SRR39147264	23366667	0.7547	1.8727	0.5297	0.0	0.0
SRR1779464	6711221	0.0	4.2698	0.0	0.0	0.0
SRR7266215	2138004	2.8128	0.0	0.0	0.0	0.0
SRR14785365	59406048	0.0	9.1137	0.1991	0.0	0.0
SRR19632029	40207852	0.0	13.0696	0.0	0.0	0.0
SRR7265008	4104079	3.9184	0.0	0.4626	0.0	0.0
SRR36292504	36607478	6.22	0.0	5.5652	0.0	0.0
SRR32838412	20156876	0.0	4.1613	0.4514	0.0	0.0
SRR3734877	959462	69.6503	0.0	0.6587	0.0	0.0
SRR33931472	28656981	10.7221	0.0	0.6492	0.0	0.0
SRR12245820	48294335	0.0	3.5886	0.221	0.0	0.0
SRR14777754	12497037	0.334	1.5523	2.9612	0.0	0.0
SRR27298210	1703150	0.0	6.6278	0.3317	0.0	0.0
SRR32487146	55536524	0.0	12.9182	0.3853	0.0	0.0
SRR31323417	21945846	0.0	9.8291	1.2405	0.0	0.0
SRR16938901	15297860	0.0	79.3985	0.0	0.0	0.0
SRR21921826	20921514	0.2874	11.5493	0.8961	0.0	0.0
SRR30310353	30138709	0.0	30.2495	0.2812	0.0	0.0
SRR8178063	98240197	0.0	0.0	5.5492	0.0	0.0
ERR5709394	27604711	0.0	1.9469	3.2532	0.0	0.0
SRR27305021	1262852	0.0	2.3678	0.172	0.0	0.0
SRR24415109	41231558	0.0	1.3087	0.6399	0.0	0.0
SRR37630610	21988666	0.2274	1.6962	1.9847	0.0	0.0
DRR842317	16367526	1.9966	0.0	0.5957	0.0	0.0
SRR8797233	22861794	0.0	1.6449	0.0	0.0	0.0
SRR24874045	23101769	0.0	5.0609	2.3872	0.0	0.0
SRR14239699	23530569	0.0	14.4137	2.6195	0.0	0.0
SRR23198243	21222480	0.0	2.3495	0.0	0.0	0.0
SRR35332856	118756813	57.844	0.0	0.5722	0.0	0.0
SRR25069519	16594981	7.7857	0.0	1.2789	0.0	0.0
SRR494416	8647278	0.0	10.4519	0.0	0.0	0.0
SRR7508095	4729995	0.0	2.4837	0.0	0.0	0.0
ERR2275048	11813482	2.4693	0.0	0.4206	0.0	0.0
SRR25254444	27978706	0.0	2.0886	0.2722	0.0	0.0
SRR20750896	774948	0.0	1.625	1.4627	0.0	0.0
SRR34326377	26090148	0.1638	1.8189	0.0	0.0	0.0
SRR12356885	18833382	0.0	1.3141	0.3533	0.0	0.0
SRR14614683	17773829	7.4524	0.0	1.1727	0.0	0.0
SRR26321431	15401687	0.0	10.1424	0.0	0.0	0.0
SRR27323112	1583109	0.0	3.1847	3.2256	0.0	0.0
SRR9134305	27232687	0.0	4.2026	1.3746	0.0	0.0
SRR22973848	40204663	4.4985	0.0	1.5234	0.0	0.0
SRR33516380	27738039	0.0	2.7571	0.0	0.0	0.0
SRR26387392	1346152	2.1208	0.0	3.1124	0.0	0.0
SRR24657659	21758233	0.0	34.522	0.4893	0.0	0.0
SRR9017735	13520554	2.7207	0.0	1.0788	0.0	0.0
ERR957438	13297080	0.2251	6.6426	0.1576	0.0	0.0
SRR9151623	18244370	0.0	2.3205	1.0905	0.0	0.0
SRR28637126	24052556	0.0	18.9313	3.5352	0.0	0.0
SRR11363887	83533	0.0	3.2586	0.0	0.0	0.0
SRR16474541	27237131	5.0199	0.0	2.1162	0.0	0.0
SRR7508078	4579992	0.0	1.5586	1.6541	0.0	0.0
ERR3791516	26104979	0.0	0.0	5.2625	0.0	0.0
SRR22441816	45952262	0.0	0.0	5.8042	0.0	0.0
SRR25969005	34320182	8.036	0.0	1.7518	0.0	0.0
SRR14224154	28214618	3.3824	0.0	0.4721	0.0	0.0
SRR21484386	43406500	8.5764	0.0	1.2776	0.0	0.0
SRR21855394	25671718	0.0	4.784	3.5319	0.0	0.0
SRR34326525	5327749	0.0	3.6933	0.0	0.0	0.0
SRR23912206	21687497	0.0	3.4935	0.1571	0.0	0.0
SRR12342822	41555478	48.8496	0.0	0.0	0.0	0.0
SRR24874029	22441761	0.0	2.4863	2.4511	0.0	0.0
SRR8775184	47935010	0.0	1.0125	0.0	0.0	0.0
SRR20750975	811105	0.0	1.7362	1.9206	0.0	0.0
SRR3724140	26724672	73.7998	0.0	1.9234	0.0	0.0
SRR36910235	43481088	3.5104	0.0	6.5976	0.0	0.0
DRR1003331	22274258	0.1103	1.2853	0.5371	0.0	0.0
SRR7266108	908952	2.3485	0.0	0.0	0.0	0.0
SRR16938936	19470251	0.0	71.1569	0.2629	0.0	0.0
SRR14001697	157244102	5.2862	0.0	1.634	0.0	0.0
SRR28479738	36521700	0.0	1.4788	0.697	0.0	0.0
SRR31319039	5684460	0.0	5.6059	7.9547	0.0	0.0
SRR29011968	23468744	0.0	2.1115	0.1191	0.0	0.0
SRR5100669	35950390	0.0	2.4067	0.0	0.0	0.0
SRR11566076	1784941	0.0	1.7982	0.0	0.0	0.0
SRR34169788	42838492	0.0	11.6612	0.6915	0.0	0.0
SRR7266005	393097	6.8655	0.0	0.2241	0.0	0.0
SRR17456102	27764778	0.0	3.7511	4.5438	0.0	0.0
SRR7264936	1773842	2.3818	0.0	0.4376	0.0	0.0
SRR32911221	23445559	0.0	3.0945	0.6953	0.0	0.0
SRR8418224	17464198	1.4181	0.0	0.7258	0.0	0.0
SRR21021726	33543871	0.0	4.7043	4.0712	0.0	0.0
SRR12998705	42496075	1.599	0.0	1.6641	0.0	0.0
SRR13838021	22133062	0.0	2.7662	0.1051	0.0	0.0
SRR9276717	22680754	4.0894	1.7592	0.0	0.0	0.0
SRR21237699	22913202	0.0	1.2837	0.5631	0.0	0.0
SRR29011967	23660981	0.0	2.0719	0.1239	0.0	0.0
SRR7266022	2255253	5.0648	0.0	0.0	0.0	0.0
SRR7361585	21451338	0.0	2.1443	0.0	0.0	0.0
SRR21846866	24051499	0.0	2.0179	0.2935	0.0	0.0
ERR4329529	89796051	1.7528	0.0	0.1294	0.0	0.0
SRR14674025	25270556	1.5281	0.0	3.1278	0.0	0.0
SRR4296273	19372099	21.9002	0.0	0.5073	0.0	0.0
SRR24557150	22436392	0.0	20.6561	0.1112	0.0	0.0
SRR15058255	71356518	0.0	3.7496	3.3961	0.0	0.0
SRR7264751	1124173	3.7534	0.0	0.0	0.0	0.0
SRR19435303	22742419	0.0	14.6516	0.9624	0.0	0.0
SRR7267261	1249445	1.833	0.0	0.0	0.0	0.0
SRR23086065	22940309	0.0	1.7423	0.2765	0.0	0.0
SRR31319045	5359403	0.0	2.5207	6.6909	0.0	0.0
SRR16611318	24612179	10.8893	0.0	0.3283	0.0	0.0
SRR36993188	24555343	0.0	0.0	0.8416	15.0045	0.0
SRR35391028	15594730	3.3151	0.0	2.3099	0.0	0.0
SRR14693188	52367495	2.0685	0.0	0.9221	0.0	0.0
SRR14527032	23199188	0.0	1.9381	0.1687	0.0	0.0
SRR29384961	45611584	2.9311	0.0	0.3661	0.0	0.0
SRR18401221	33217006	0.0	8.0799	0.0	0.0	0.0
SRR23912229	23988314	0.0	2.3953	0.143	0.0	0.0
SRR29086445	63666256	0.0	0.0	2.5388	0.0	0.0
SRR36367301	39208399	7.5505	0.0	5.8903	0.0	0.0
SRR35741962	21747203	0.0	3.5663	0.2464	0.0	0.0
SRR4053699	32352834	0.1745	1.633	0.749	0.0	0.0
SRR7267194	2248508	2.9089	0.0	0.3646	0.0	0.0
SRR7267034	1649755	2.8293	0.0	0.107	0.0	0.0
ERR10691729	3397080	0.0	4.9661	6.0458	0.0	0.0
SRR11430709	27188888	0.0	2.1483	0.0	0.0	0.0
SRR7266240	3297189	2.2001	0.0	0.0	0.0	0.0
SRR37570562	67352764	0.0	0.0	0.314	12.1957	0.0
SRR10802178	26207629	6.5662	4.3189	4.5016	0.0	0.0
SRR24003670	43798709	0.0	10.0798	0.3569	0.0	0.0
SRR29770672	25903116	0.0	8.4527	17.6801	0.0	0.0
SRR3371860	10342965	0.0	17.4137	0.0	0.0	0.0
SRR17310020	4971065	0.0	0.0	3.4372	0.0	0.0
SRR27322973	5004119	0.0	34.503	2.0658	0.0	0.0
SRR23198270	29991611	31.0451	0.0	0.7676	0.0	0.0
SRR28979116	30579280	1.0207	0.0	0.3857	6.5753	0.0
SRR24956624	17831505	0.0	0.0	17.6087	0.0	0.0
SRR7266102	7892492	1.5405	0.0	0.0	0.0	0.0
SRR27297958	1852482	0.0	16.0977	0.1067	0.0	0.0
SRR866228	33357061	0.4603	2.396	0.3105	0.0	0.0
SRR30725419	36352728	0.0	1.5096	0.231	0.0	0.0
SRR26858477	20027823	0.1405	3.1067	0.7027	0.0	0.0
SRR33226746	92791868	0.0	8.9829	1.3013	0.0	0.0
DRR098258	5296442	0.0	20.7821	1.4765	0.0	0.0
ERR957439	13439076	0.0	4.5847	0.1227	0.0	0.0
SRR7508110	4946565	0.0	1.2963	0.0	0.0	0.0
SRR12615979	6432948	0.0	1.2094	1.6195	0.0	0.0
SRR24216514	39678446	1.0552	0.0	2.4711	0.0	0.0
SRR6415092	22291786	0.0	6.3047	0.0	0.0	0.0
SRR31744998	24855876	0.0	1.3567	0.6246	0.0	0.0
ERR15648396	60140169	30.4491	0.0	3.1239	0.0	0.0
ERR2695966	6218870	0.0	6.1222	2.4184	0.0	0.0
SRR11565967	3301304	0.1919	2.3037	0.0	0.0	0.0
SRR35533171	27688857	0.0	3.9236	0.2264	0.0	0.0
SRR32453019	39363606	0.162	1.2953	0.7999	0.1775	0.0
SRR6381421	26528303	0.0	0.0	3.938	0.0	0.0
SRR17267248	21021576	2.6754	0.0	0.9007	0.0	0.0
SRR19548543	23604935	0.0	10.0119	0.1872	0.0	0.0
SRR10150178	20217335	0.0	2.2224	0.2801	0.0	0.0
SRR21021770	31846848	0.0	4.2865	2.1371	0.0	0.0
SRR2782408	1129568	0.0	3.6733	0.0	0.0	0.0
SRR10161834	12163069	40.5354	0.0	0.8152	0.0	0.0
ERR7221674	12197413	0.0	38.7301	0.1866	0.0	0.0
SRR1537553	20191333	0.0	1.1824	0.8469	0.0	0.0
SRR29828215	29208885	0.0	5.4347	5.2909	0.0	0.0
DRR846286	24770635	5.6503	0.0	0.1067	0.0	0.0
SRR26860078	45518979	75.5484	0.0	0.1921	0.0	0.0
SRR14915939	16761241	0.0	2.5087	2.3419	0.0	0.0
SRR37513064	41778402	17.1817	0.0	0.2232	0.0	0.0
SRR39368694	22964727	0.0	19.0316	2.4958	0.0	0.0
SRR15364424	13874398	0.0	8.5971	0.8332	0.0	0.0
SRR35430834	16593449	0.0	5.2229	0.6784	0.0	0.0
SRR38924881	44106346	11.7912	0.0	0.5229	0.0	0.0
SRR31047603	25322404	0.0	2.0048	0.9873	0.0	0.0
SRR29654760	26393727	0.0	2.5626	0.8011	0.0	0.0
SRR34326277	3238360	0.0	3.5896	0.0	0.0	0.0
SRR11791257	41138542	0.2429	3.0155	27.4943	0.0	0.0
SRR33161020	22679605	3.0783	0.0	1.3104	0.0	0.0
SRR23628282	41426081	0.0	1.5628	0.0	0.0	0.0
SRR10607631	5026815	0.0	7.7251	5.0267	0.0	0.0
SRR35767955	2393754	0.0	2.3888	0.5326	0.0	0.0
SRR6127713	12175080	0.0	10.9527	0.7286	0.0	0.0
SRR31107633	12783943	21.8388	0.0	0.5114	0.0	0.0
SRR22015146	24920869	3.801	0.0	0.2591	0.0	0.0
SRR7266208	1277065	2.2974	0.0	0.2094	0.0	0.0
SRR31851760	32093325	0.0	17.9079	1.0012	0.0	0.0
SRR36292448	29407836	7.9223	0.0	3.8316	0.0	0.0
SRR34326426	4954705	0.0	6.1408	0.1063	0.0	0.0
DRR196745	25087850	0.0	13.3506	4.0453	0.0	0.0
SRR14298445	245929	0.0	1.1686	0.0	0.0	0.0
SRR7549490	22156056	0.0	2.5601	0.0	0.0	0.0
SRR10436901	27580183	0.0	3.0941	0.0	0.0	0.0
SRR37325393	24080781	25.0803	0.0	0.3723	0.0	0.0
ERR11670126	23093167	0.0	8.8806	3.9847	0.0	0.0
SRR36367312	40710788	4.3293	0.0	8.1696	0.0	0.0
SRR7644375	27345834	3.1692	0.0	0.0	0.0	0.0
SRR10485593	44293729	0.0	0.0	0.1862	0.0	0.0
SRR14055866	21588393	0.0	1.599	0.6651	0.0	0.0
SRR10419101	26273279	0.0	1.1884	0.0	0.0	0.0
SRR21921821	22852542	0.2466	1.8642	0.776	0.0	0.0
SRR29826765	26405973	55.9991	0.0	1.7104	0.0	0.0
ERR13346928	26015239	0.0	2.0922	0.1978	0.0	0.0
SRR7264852	2029016	2.585	0.0	0.0	0.0	0.0
SRR8457058	52319830	0.0	28.87	0.0	0.0	0.0
SRR29854843	22932998	0.0	2.1445	0.0	0.0	0.0
SRR30673023	28927720	2.1957	0.0	1.054	0.0	0.0
SRR25301126	24340394	0.2241	1.1164	2.5297	0.0	0.0
SRR33928057	27090201	1.3988	2.3619	0.2623	0.0	0.0
SRR39263423	20804673	0.0	4.4808	1.8737	0.0	0.0
SRR11574161	2362793	0.0	2.3211	0.1885	0.0	0.0
SRR37215777	29021220	36.1052	0.0	0.8506	0.0	0.0
SRR7896271	5421033	0.0	2.7915	0.1487	0.0	0.0
SRR7265027	1591077	1.4701	0.0	0.0	0.0	0.0
SRR16892935	19054489	0.0	0.0	2.4837	0.0	0.0
SRR10507278	35076612	0.0	4.9183	0.0	0.0	0.0
SRR35237751	23570923	1.7596	0.0	1.0673	0.0	0.0
SRR7266057	2103862	2.0901	0.0	0.0	0.0	0.0
SRR4408538	2731528	0.0	1.5359	0.0	0.0	0.0
SRR7507958	5047877	0.0	2.6981	0.0	0.0	0.0
SRR36993190	20979006	0.0	0.0	1.9936	13.4989	0.0
SRR22975695	22040091	11.1732	0.0	0.9058	0.0	0.0
SRR13000110	46093090	0.0	23.8144	0.0	0.0	0.0
SRR13862657	24284084	0.0	3.93	1.8226	0.0	0.0
SRR24804921	19564090	0.3712	18.2466	1.2304	0.0	0.0
SRR34300167	32309114	3.165	1.4453	7.0086	0.0	0.0
SRR23852712	143745	0.0	66.0336	0.4438	0.0	0.0
SRR22858653	21847312	0.0	13.2104	0.5369	0.0	0.0
SRR23912212	23848472	0.0	27.5098	0.1563	0.0	0.0
SRR15462103	22505290	0.0	2.4734	0.1616	0.0	0.0
SRR24124085	33410317	0.0	1.2333	0.0	0.0	0.0
SRR24956547	14456375	0.0	0.0	29.1807	0.0	0.0
SRR8984411	29807010	0.0	1.1393	0.1062	0.0	0.0
SRR16552223	7599430	0.0	93.708	0.1663	0.0	0.0
SRR32959949	20657417	11.8601	0.0	0.5965	0.0	0.0
SRR8204124	25349048	29.041	0.0	0.0	0.0	0.0
SRR7195200	30236242	3.0101	0.0	0.0	0.0	0.0
SRR27331860	2657597	0.0	19.6227	1.2998	0.0	0.0
SRR38077033	40367633	22.5084	0.3763	1.9888	0.0	0.0
SRR17951567	31861460	6.3482	0.0	0.8451	0.0	0.0
SRR27555692	33651797	5.6999	0.5504	0.0	0.0	0.0
SRR8528413	12011028	0.0	1.4446	0.0	0.0	0.0
SRR29384952	36595976	2.3509	0.0	0.6462	0.0	0.0
SRR6202441	23151723	3.4019	0.0	10.285	0.0	0.0
SRR6202440	24202699	3.3264	0.0	9.2285	0.0	0.0
SRR6202439	23580377	3.7646	0.0	10.5774	0.0	0.0
SRR38355304	17155119	41.423	0.0	0.3819	0.0	0.0
SRR16229430	21430849	0.0	11.3054	1.498	0.0	0.0
SRR32921500	16980212	27.7133	0.0	0.3204	0.0	0.0
SRR1975201	31197685	17.1728	0.0	0.2125	0.0	0.0
SRR10135042	9993774	0.0	2.1581	0.5499	0.0	0.0
SRR31639312	22696404	5.6734	0.0	0.3664	0.0	0.0
SRR7266069	118714	2.2971	0.0	0.0	0.0	0.0
ERR12268575	19816597	0.0	7.5609	7.997	0.0	0.0
SRR11002687	23365091	0.0	33.759	0.0	0.0	0.0
DRR816979	34349742	0.0	2.7546	1.5257	0.0	0.0
SRR11574206	1643580	0.0	1.8837	0.4524	0.0	0.0
SRR7764244	889595	0.0	2.8416	0.3668	0.0	0.0
SRR24725179	21634633	3.59	0.0	1.4445	0.0	0.0
SRR31851392	36964203	46.389	0.0	0.5322	0.0	0.0
SRR21847004	21491617	0.1502	4.9239	0.1814	0.0	0.0
SRR15993014	11039659	5.1913	0.0	2.1567	0.0	0.0
SRR15993013	10610001	5.1807	0.0	2.1597	0.0	0.0
SRR15993015	10993633	5.1756	0.0	2.1006	0.0	0.0
SRR15993016	10990209	5.1838	0.0	2.071	0.0	0.0
SRR19548547	27846262	0.0	6.3964	0.2383	0.0	0.0
SRR21354789	421302	0.0	10.8794	0.8872	0.0	0.0
SRR38061561	70435681	0.0	8.0386	0.5118	0.0	0.0
DRR207946	11636786	0.0	0.0	1.3645	1.0679	0.0
SRR21021816	31234553	0.2616	1.0563	2.8851	0.0	0.0
SRR29906212	19618534	0.0	1.4798	0.0	0.0	0.0
SRR15853904	25284000	0.0	2.6405	2.2749	0.0	0.0
SRR35284464	21532510	0.0	81.0801	0.1096	0.0	0.0
SRR14724006	20538124	0.0	0.0	81.5498	0.0	0.0
SRR9120839	32012605	0.0	49.6967	0.0	0.0	0.0
SRR16480652	32221201	0.0	5.8288	9.7804	0.0	0.0
SRR36491048	22534997	0.0	1.0546	0.4193	0.0	0.0
ERR957436	12843670	0.0	4.2731	0.13	0.0	0.0
SRR7266053	742525	2.1423	0.0	0.8322	0.0	0.0
ERR2275057	19325977	7.2799	0.0	0.306	0.0	0.0
SRR23274450	72353470	0.0	0.0	5.5973	0.0	0.0
SRR37215772	23055286	12.3165	0.0	2.8274	0.0	0.0
DRR763410	21105689	0.0	2.3532	0.1332	0.0	0.0
SRR10848797	27910547	0.2072	1.3891	0.1855	0.0	0.0
SRR29087949	26060747	22.581	0.0	0.1861	0.0	0.0
SRR35842175	7499829	0.0	7.7112	0.1005	0.0	0.0
SRR29384905	36277554	1.8386	0.0	0.9	0.0	0.0
SRR32217500	23895278	0.0	2.3946	0.1156	0.0	0.0
SRR11931229	24562061	0.0	3.1668	0.513	0.0	0.0
SRR36491041	35356586	0.0	1.6879	0.6201	0.0	0.0
SRR37798402	26414470	5.3972	0.2692	2.6578	0.0	0.0
SRR29012027	24178835	0.0	9.442	0.0	0.0	0.0
SRR10160947	18477727	0.0	52.6696	0.8499	0.0	0.0
SRR31908815	23737103	0.0	1.3719	0.1733	0.0	0.0
SRR25522793	34134667	0.0	0.0	2.1274	0.0	0.0
SRR25960483	30417525	0.0	2.5489	2.8791	0.0	0.0
ERR3891490	4320110	0.0	17.5043	4.0543	0.0	0.0
SRR29654762	21337120	0.0	2.914	0.7363	0.0	0.0
SRR5878425	13248270	1.0917	4.8635	0.0	0.0	0.0
SRR28362334	21092149	0.0	2.993	0.1805	0.0	0.0
SRR10599081	32085017	0.0	9.2828	0.0	0.0	0.0
ERR13148034	21054139	2.7721	4.5414	0.1039	0.0	0.0
ERR13148035	19821760	2.8221	4.3731	0.0	0.0	0.0
ERR13148033	21017000	2.7938	4.51	0.1073	0.0	0.0
SRR21021794	35917571	0.0	3.1977	0.4299	0.0	0.0
SRR29384888	36677407	2.4375	0.0	0.6567	0.0	0.0
SRR5344025	117265266	0.0	0.0	14.606	0.0	0.0
SRR29826761	28899756	59.916	0.0	1.9256	0.0	0.0
ERR14366933	30019423	0.0	14.5303	0.3817	0.0	0.0
ERR14835945	30605531	46.3683	0.0	2.8132	0.0	0.0
SRR15742939	26412633	0.1318	0.0	1.7165	12.6506	0.0
SRR25254389	27991984	0.0	19.7282	0.6471	0.0	0.0
SRR12074576	13754503	4.6138	0.0	15.2921	0.0	0.0
SRR26471829	23445624	23.0906	0.4691	0.1304	0.0	0.0
SRR27126710	23887480	0.0	13.7041	0.4807	0.0	0.0
SRR9680693	37003865	0.0	7.4155	0.0	0.0	0.0
SRR7352126	21062652	0.0	2.0222	0.1344	0.0	0.0
SRR21354773	254630	0.0	5.0556	1.5371	0.0	0.0
ERR15398703	31012838	0.0	0.0	3.174	0.0	0.0
SRR7692631	13686506	3.6668	0.0	1.0104	0.0	0.0
SRR7644341	26892970	2.1869	0.0	0.2333	0.0	0.0
SRR20750893	183258	0.0	1.2452	3.2381	0.0	0.0
SRR8416461	24159495	4.9116	0.1113	1.1584	0.0	0.0
SRR11886211	21617716	0.0	2.1654	0.0	0.0	0.0
SRR24633717	19945235	0.0	5.8265	0.4947	0.0	0.0
SRR25485571	23586057	0.0	1.4685	0.1329	0.0	0.0
SRR20705595	31343650	0.0	43.0208	0.603	0.0	0.0
SRR7508106	4996428	0.0	1.2991	0.0	0.0	0.0
SRR27202891	19677221	0.6678	8.8996	7.3958	0.0	0.0
SRR6448542	19296062	0.0	1.0324	0.0	0.0	0.0
SRR33516625	22400451	0.0	4.5145	0.181	0.0	0.0
SRR12134749	28829916	0.0	9.1344	0.506	0.0	0.0
SRR11430700	25781598	0.0	1.6228	0.0	0.0	0.0
SRR8309987	31179597	3.6746	0.0	0.4294	0.0	0.0
SRR16709567	34197432	0.0	2.64	0.2662	0.0	0.0
SRR37325379	60093474	2.2498	0.0	0.678	0.0	0.0
SRR8755888	31863349	0.0	1.7497	0.1328	0.0	0.0
SRR11229304	10590828	3.68	0.0	5.5517	0.0	0.0
SRR14934750	46759952	2.5068	0.0	0.5548	0.0	0.0
SRR25233148	21587586	0.0	3.8151	0.1075	0.0	0.0
SRR36610582	23969428	5.3175	1.1733	0.4132	0.0	0.0
SRR37491763	10063818	0.0	0.0	14.0616	0.0	0.0
SRR22973894	31565522	5.8774	0.0	1.1571	0.0	0.0
SRR38326980	33039902	0.0	3.2103	0.4143	0.0	0.0
SRR7266966	78201	12.3515	0.0	0.8593	0.0	0.0
SRR11773439	34368259	0.0	2.9446	0.326	0.0	0.0
ERR3971857	20500077	0.0	0.0	0.7401	7.3962	0.0
SRR22973820	38841583	5.8015	0.0	0.7387	0.0	0.0
SRR22540858	20828637	2.3893	0.0	0.0	0.0	0.0
SRR35605566	19054239	0.2012	2.683	0.1044	0.0	0.0
SRR30498958	34063703	2.2739	0.0	3.2775	0.0	0.0
SRR12747899	30973409	0.0	3.287	0.5742	0.0	0.0
SRR25723168	16269284	0.0	6.3668	3.2606	0.0	0.0
SRR38478081	22040944	97.6183	0.0	0.0	0.0	0.0
SRR11243945	21783441	0.0	7.8713	0.3251	0.0	0.0
SRR26159177	24068985	0.0	4.6391	0.0	0.0	0.0
ERR14366946	19192017	0.0	14.7219	0.4972	0.0	0.0
SRR21151058	20348690	7.0928	0.0	0.8813	0.0	0.0
SRR28858347	20799371	0.0	10.6117	2.6544	0.0	0.0
SRR16938883	18084941	0.0	71.3322	0.1508	0.0	0.0
SRR29406666	29074939	0.1209	0.0	66.2843	0.0	0.0
SRR4897534	13401449	0.0	2.0499	0.0	0.0	0.0
SRR28797238	21880936	0.0	7.7079	0.1045	0.0	0.0
SRR30673031	27163351	7.4452	0.0	0.8601	0.0	0.0
SRR20750997	230190	0.0	3.7504	2.6031	0.0	0.0
SRR14614674	17509474	0.1031	20.1459	0.4731	0.0	0.0
SRR25522956	39566552	0.0	0.0	3.464	0.0	0.0
SRR7264801	1775485	2.1114	0.0	0.0	0.0	0.0
SRR8528414	11957084	0.0	1.4454	0.0	0.0	0.0
SRR3401847	16660644	0.0	47.5954	0.2615	0.0	0.0
SRR25700588	22363686	0.0	6.8676	0.2509	0.0	0.0
SRR18856187	132335794	29.3183	0.0	0.3142	0.0	0.0
ERR14043239	27867714	0.0	1.6814	0.2222	0.0	0.0
SRR11219641	53209518	0.0	6.3327	0.0	0.0	0.0
SRR6215498	104829942	26.8113	0.0	1.0125	0.0	0.0
SRR7266209	519063	3.688	0.0	0.0	0.0	0.0
SRR32514826	20789513	0.0	4.0163	0.8199	0.0	0.0
SRR35842191	8244973	0.0	16.8519	0.0	0.0	0.0
SRR14527034	23555524	0.0	4.4856	0.1518	0.0	0.0
SRR5195768	38198632	0.0	46.098	0.6091	0.0	0.0
SRR31323413	21488171	0.0	2.1666	0.23	0.0	0.0
DRR818689	5214135	1.8898	0.0	5.0271	0.0	0.0
SRR3584235	14946408	0.0	1.6554	0.0	0.0	0.0
SRR35105551	29631735	6.2748	0.0	0.0	0.0	0.0
SRR16022035	22178992	0.0	7.9949	0.0	0.0	0.0
SRR34469084	28824251	0.0	3.803	0.4418	0.0	0.0
SRR32622410	20607046	1.328	0.0	0.3054	0.0	0.0
SRR12054332	31237105	27.3054	0.0	0.2439	0.0	0.0
SRR15364422	13877041	0.0	9.0798	0.7012	0.0	0.0
SRR3537156	21534260	12.3165	0.0	2.5837	0.0	0.0
SRR14068159	26927692	7.3764	0.0	0.9816	0.0	0.0
SRR27323695	3559865	0.0	0.0	5.1142	0.0	0.0
SRR27344860	25140172	0.0	3.0244	2.2977	0.0	0.0
SRR7507920	4372039	0.0	5.1648	1.1444	0.0	0.0
SRR35776662	42617617	0.0	28.83	0.456	0.0	0.0
SRR34169777	44247834	0.0	5.2132	1.0066	0.0	0.0
SRR20750981	689972	0.0	2.611	1.4259	0.0	0.0
SRR29688049	23448436	0.0	9.7665	0.0	0.0	0.0
SRR6123573	11543055	29.4073	0.0	0.0	0.0	0.0
SRR8053093	29329822	0.0	23.0238	6.6902	0.0	0.0
SRR22351704	21673192	0.0	9.1825	0.3689	0.0	0.0
SRR28393286	323930	0.0	5.6031	0.6529	0.0	0.0
ERR7421533	18997001	46.0878	0.0	0.9124	0.0	0.0
SRR11521316	1115451	0.0	4.2373	6.2174	0.0	0.0
ERR9036607	472372	0.0	0.0	2.219	0.0	0.0
SRR31801787	20759079	0.0	2.0313	0.5593	0.0	0.0
SRR19426703	49122414	4.7512	0.0	0.5158	0.0	0.0
SRR38007233	22558110	2.9128	0.0	2.2724	0.0	0.0
SRR27164471	11186162	0.0	1.7172	0.5942	0.0	0.0
SRR35859414	35027634	0.0	12.0289	0.4966	0.0	0.0
SRR5405115	4310646	0.0	5.9722	0.3849	0.0	0.0
SRR7264902	24326	2.1993	0.0	0.0	0.0	0.0
SRR16039170	18866615	0.0	5.597	0.2239	0.0	0.0
SRR36910222	34513430	6.3509	0.368	3.5753	0.0	0.0
SRR11566081	3409384	0.0	1.6844	0.0	0.0	0.0
SRR36180738	36906852	3.1093	0.0	7.3511	0.0	0.0
SRR29012076	23250501	0.0	1.8478	0.2355	0.0	0.0
SRR20613501	25517171	0.0	14.8686	0.0	0.0	0.0
SRR29087954	20754749	24.7722	0.0	0.5386	0.0	0.0
SRR15538996	11198254	1.6175	83.1141	0.4694	0.0	0.0
SRR26321432	19046727	0.0	20.75	0.0	0.0	0.0
SRR21354727	687660	0.0	43.6966	5.6489	0.0	0.0
SRR7266001	1715460	1.8624	0.0	0.0	0.0	0.0
SRR17731621	20737571	0.0	2.5499	0.0	0.0	0.0
SRR28126822	20027377	6.5221	0.0	1.1638	0.0	0.0
SRR29011911	23550128	0.0	5.1726	0.0	0.0	0.0
SRR7264997	2833595	3.4277	0.0	0.0	0.0	0.0
SRR27323447	1058599	0.0	24.4972	3.8006	0.0	0.0
SRR29906213	19626609	0.0	4.6628	0.0	0.0	0.0
SRR7264821	1618254	2.0913	0.0	0.0	0.0	0.0
SRR29362654	19972049	28.4495	0.0	1.2135	0.0	0.0
SRR19213912	3720273	0.0	7.8351	0.4041	0.0	0.0
SRR35021627	25252119	0.4527	0.0	0.2418	6.932	0.0
SRR39658898	22731907	0.0	6.8835	1.9259	0.0	0.0
SRR38258975	209320845	0.0	52.5542	0.4904	0.0	0.0
SRR7538195	30346599	0.0	1.2999	0.0	0.0	0.0
SRR9854243	22335232	0.0	3.2833	0.0	0.0	0.0
SRR14887005	66618712	2.0374	0.0	0.7766	0.0	0.0
SRR32467360	77473540	10.3415	0.0	1.3817	0.0	0.0
SRR31801780	21327881	0.0	1.0822	0.6994	0.0	0.0
SRR7264827	1370830	1.733	0.0	0.0	0.0	0.0
SRR39368687	22441046	0.0	3.3556	2.4763	0.0	0.0
ERR16008950	46950881	5.5659	0.0	0.3518	0.0	0.0
SRR24657684	23754193	0.0	27.6436	0.7986	0.0	0.0
SRR7644318	40128640	5.6517	0.0	0.1012	0.0	0.0
SRR20184499	12550750	0.0	21.2175	0.2928	0.0	0.0
SRR20728029	34787126	0.0	6.4431	0.0	0.0	0.0
SRR26931933	31373415	0.0	4.8448	2.6327	0.0	0.0
SRR1779526	4398018	0.0	7.8808	0.0	0.0	0.0
SRR23907400	30884784	0.0	2.3847	0.4912	0.0	0.0
SRR34326337	6320781	0.0	4.4469	0.0	0.0	0.0
SRR2075904	1378641	0.0	0.0	33.2147	0.0	0.0
SRR16889014	12249957	0.2648	0.0	61.1392	0.0	0.0
SRR39574506	23355378	0.0	3.62	0.0	0.0	0.0
SRR13664509	26415841	0.0	4.2916	0.0	0.0	0.0
SRR28784953	35921366	4.5287	0.0	1.3221	0.0	0.0
SRR31854881	21169667	0.0	2.0035	0.0	0.0	0.0
ERR14366945	18710601	0.0	12.6825	0.4863	0.0	0.0
SRR31323411	21019764	0.0	10.46	0.2734	0.0	0.0
SRR15141432	8314737	27.4136	0.0	1.2097	0.0	0.0
SRR30781851	23118366	0.0	0.0	0.6858	5.3861	0.0
SRR21021724	34058791	0.0	1.6792	0.4366	0.0	0.0
SRR24019247	12725581	0.0	0.0	56.2239	0.0	0.0
SRR7507950	4523645	0.0	1.9812	0.2164	0.0	0.0
SRR32959934	23095124	11.3141	0.0	0.8557	0.0	0.0
SRR28979109	31931458	2.2358	0.0	0.3752	11.3854	0.0
SRR5195766	32288310	0.0	40.313	0.6997	0.0	0.0
SRR7266051	2468859	3.2351	0.0	0.0	0.0	0.0
SRR25402468	2997667	0.3382	10.4163	2.4003	0.0	0.0
SRR21021789	18678114	0.0	1.6857	0.7256	0.0	0.0
SRR3233851	30933812	0.0	1.3744	0.7541	0.0	0.0
SRR30499029	29214826	4.2494	0.0	5.3919	0.0	0.0
SRR7265079	1276134	1.1612	0.0	0.0	0.0	0.0
SRR27323419	2225312	0.0	2.2471	4.9876	0.0	0.0
SRR17244279	20601802	0.0	83.2771	0.5437	0.0	0.0
SRR8309983	30706490	1.611	0.0	1.1549	0.0	0.0
SRR24768155	42672889	0.0	0.0	2.3683	0.0	0.0
SRR12835398	24974554	0.0	1.8066	5.1853	0.0	0.0
ERR16140434	38768943	0.0	1.7138	0.9033	0.0	0.0
SRR32883244	42997140	2.4248	0.0	2.9646	0.0	0.0
SRR35842197	9594122	0.0	7.6466	0.0	0.0	0.0
SRR14055867	22297192	0.0	1.4821	0.3598	0.0	0.0
SRR7266008	2618547	3.1981	0.0	0.0	0.0	0.0
SRR12615970	4072082	0.0	1.1566	0.8266	0.0	0.0
SRR9077197	89207409	14.2158	0.0	5.4427	0.0	0.0
SRR6215492	101137436	3.8789	0.0	5.0141	0.0	0.0
ERR5732370	28698775	0.0	0.0	2.6526	0.0	0.0
ERR15368191	73045166	0.0	3.4833	0.4991	0.0	0.0
DRR872887	31226921	12.088	0.0	6.7473	0.0	0.0
SRR17244283	24030256	0.0	7.7895	8.3606	0.0	0.0
SRR39263432	24140893	0.0	74.2315	0.2202	0.0	0.0
SRR9071698	47056395	0.0	12.5572	0.0	0.0	0.0
SRR10599088	37103692	0.4301	74.6776	0.0	0.0	0.0
SRR35237748	20451349	2.0894	0.0	0.8153	0.0	0.0
SRR37662278	23688288	0.0	2.655	1.9414	0.0	0.0
SRR14279041	44555999	0.0	1.2185	0.0	0.0	0.0
SRR19213908	5024174	0.0	4.7879	0.3002	0.0	0.0
SRR18578330	36720168	0.1148	4.9679	0.3344	0.0	0.0
SRR37874271	20740882	0.0	7.4152	0.5968	0.0	0.0
SRR24768937	31409110	3.7821	0.0	3.3894	0.0	0.0
SRR12623579	24051484	3.2725	0.0	0.3555	0.0	0.0
SRR10269820	23960924	0.0	2.9009	0.2128	0.0	0.0
SRR38789209	33101275	11.4393	0.0	0.0	0.0	0.0
SRR15371692	30031899	0.0	9.3525	0.2905	0.0	0.0
SRR9120838	39983127	0.0	38.2536	0.0	0.0	0.0
SRR12963494	27047172	0.0	7.3975	0.0	0.0	0.0
SRR22227249	3938742	1.5786	0.0	12.2941	0.0	0.0
SRR22227250	5201800	1.4028	0.0	16.5042	0.0	0.0
SRR29777305	29073604	0.0	3.4087	0.6746	0.0	0.0
SRR36367272	40849004	9.1361	0.0	6.9441	0.0	0.0
SRR7608186	29185236	0.0	0.0	2.9496	0.0	0.0
SRR1182761	7619978	28.604	0.0	0.9428	0.0	0.0
SRR34300140	22672404	4.641	0.0	6.1277	0.0	0.0
SRR32622399	21932962	1.5091	0.0	0.0	0.0	0.0
SRR17916352	17322009	14.9977	0.0	0.2342	0.0	0.0
SRR7517837	23800765	0.0	9.4279	0.1037	0.0	0.0
SRR27297855	569229	0.0	10.8037	0.3505	0.0	0.0
SRR11947565	24899548	33.2248	0.0	1.3439	0.0	0.0
SRR20750947	910051	0.0	3.0138	1.8679	0.0	0.0
ERR15368172	91257335	0.0	3.6519	0.3789	0.0	0.0
SRR7267295	1572386	11.6561	0.0	0.3098	0.0	0.0
SRR28479806	25268366	0.0	1.3125	0.2372	0.0	0.0
SRR11946741	22579459	0.0	1.8548	0.2646	0.0	0.0
SRR9963850	30867740	0.0	1.3217	0.0	0.0	0.0
SRR18355659	21960750	0.0	1.5789	1.4121	0.0	0.0
SRR38924880	35129473	11.6146	0.0	0.5205	0.0	0.0
SRR10148727	11727123	0.0	1.929	2.4425	0.0	0.0
SRR10148728	12571247	0.0	1.9256	2.4296	0.0	0.0
SRR10148729	13945351	0.0	1.9394	2.4362	0.0	0.0
SRR8457042	37736709	0.0	15.2711	0.0	0.0	0.0
SRR39368684	24038221	0.2305	10.8467	3.1236	0.0	0.0
SRR7266090	2853111	5.2098	0.0	0.0	0.0	0.0
SRR29011978	25185445	0.0	14.6314	0.1378	0.0	0.0
SRR7507881	5073271	0.0	2.7372	0.0	0.0	0.0
SRR13866958	41161276	0.0	0.0	1.6024	0.0	0.0
SRR28427834	23569167	0.1958	5.793	2.9799	0.0	0.0
SRR38194312	59881170	29.8307	0.0	0.826	0.0	0.0
SRR7692608	14254620	32.3517	0.0	0.1601	0.0	0.0
SRR16938881	15351805	0.0	77.7685	0.2814	0.0	0.0
SRR7266229	1098775	2.7133	0.0	0.0	0.0	0.0
SRR22803578	24621657	0.0	2.9084	2.1018	0.0	0.0
SRR35900968	25812983	76.9213	0.0	0.8978	0.0	0.0
SRR19548542	23896468	0.0	18.3097	0.1855	0.0	0.0
SRR6398550	950703	0.0	11.3722	1.5096	0.0	0.0
SRR11809796	33745146	0.0	21.1305	1.0706	0.0	0.0
SRR32288536	41997396	5.2487	0.0	2.6468	0.0	0.0
SRR6283152	22685751	55.328	0.0	1.5721	0.0	0.0
SRR11291060	39056042	0.0	1.9767	1.2445	0.0	0.0
SRR17916384	18532356	13.1754	0.0	0.4635	0.0	0.0
SRR30548073	20180656	0.0	0.0	2.7321	0.0	0.0
SRR4209779	8619355	0.0	6.7583	0.0	0.0	0.0
SRR4209780	8640543	0.0	6.7473	0.0	0.0	0.0
SRR4209781	8630099	0.0	6.5984	0.0	0.0	0.0
SRR30125657	23814413	0.0	67.7415	0.6104	0.0	0.0
SRR20750813	273213	0.0	3.2418	1.882	0.0	0.0
SRR16082459	34252070	3.1349	0.0	0.0	0.0	0.0
SRR35776660	34659667	0.0	20.1501	0.6444	0.0	0.0
SRR35332841	111763285	2.0214	0.0	0.5272	0.0	0.0
SRR24754639	21681741	26.3082	0.0	0.7143	0.0	0.0
SRR16925042	31542528	0.0	2.9335	0.0	0.0	0.0
SRR37874289	25761539	0.0	1.8791	0.6584	0.0	0.0
SRR10507275	32076022	0.0	1.3431	0.0	0.0	0.0
SRR7507915	3958745	0.0	3.3012	0.1152	0.0	0.0
SRR14467115	56986465	17.8699	0.0	1.996	0.0	0.0
SRR26532411	32171598	0.0	1.7489	0.0	0.0	0.0
SRR31851395	34346840	75.7486	0.0	0.3829	0.0	0.0
SRR35278630	22734984	0.0	7.7474	0.5641	0.0	0.0
SRR11497318	12247874	4.1683	0.0	0.2633	0.0	0.0
SRR18441165	30203884	0.0	29.2816	0.4591	0.0	0.0
SRR19226135	25676333	0.0	8.1127	0.1175	0.0	0.0
SRR19570670	41350358	0.0	4.2303	1.2371	0.0	0.0
ERR10691727	3490807	0.0	5.0215	5.7513	0.0	0.0
SRR7266304	57805	1.6417	0.0	0.0	0.0	0.0
SRR21058656	28321415	4.9266	0.0	0.3835	0.0	0.0
SRR5195399	11133399	0.0	1.7776	0.0	0.0	0.0
SRR21796864	20126233	1.2938	0.0	0.9021	0.0	0.0
SRR25409328	21515162	0.0	2.1327	0.0	0.0	0.0
SRR38441801	17406079	0.0	2.0085	0.2543	0.0	0.0
SRR7172319	21071401	2.1667	0.0	0.0	0.0	0.0
SRR8691566	28852435	0.0	7.093	0.0	0.0	0.0
SRR14615456	10845997	0.0	36.5563	0.5694	0.0	0.0
SRR23852705	46943	0.0	61.0528	0.4175	0.0	0.0
SRR25522790	40485403	0.0	0.0	2.0562	0.0	0.0
SRR21354864	155376	0.0	83.2329	6.4637	0.0	0.0
SRR20438157	59313310	1.302	0.0	2.4499	0.0	0.0
SRR17916408	18617349	22.6986	0.0	0.4317	0.0	0.0
SRR23797936	38408900	0.0	2.1688	0.1288	0.0	0.0
SRR25379809	22195502	0.0	17.4784	0.8402	0.4706	0.0
SRR15141327	2887750	17.0756	0.0	0.9006	0.0	0.0
ERR3791693	29193175	0.0	0.0	10.9202	0.0	0.0
SRR10448315	928754	27.7276	6.4995	26.9255	0.0	0.0
SRR22383390	65135793	0.0	1.0737	0.1369	0.0	0.0
SRR22044117	10406457	0.0	3.369	2.3356	0.0	0.0
SRR9205175	11398811	0.0	2.0128	0.3601	0.0	0.0
SRR38881100	27059260	0.0	31.7525	0.3278	0.0	0.0
SRR24956687	8849250	0.0	0.0	17.0262	0.0	0.0
SRR7264711	1400593	1.2088	0.0	0.1789	0.0	0.0
SRR16709576	33339046	0.0	12.6302	0.5525	0.0	0.0
SRR19055234	29928451	55.3357	0.0	3.1242	0.0	0.0
SRR18355663	23069411	0.0	1.8789	0.6897	0.0	0.0
SRR16958436	52851310	24.5964	0.0	1.1671	0.0	0.0
SRR38326981	29301058	0.0	2.7361	0.353	0.0	0.0
SRR24348357	22033700	0.0	3.6976	0.0	0.0	0.0
SRR38061539	77365574	0.0	4.0126	0.1476	0.0	0.0
SRR7508077	4308278	0.0	5.118	1.1357	0.0	0.0
SRR7266970	1097997	9.3036	0.0	0.0	0.0	0.0
ERR7334438	53359886	0.0	6.9185	0.1082	0.0	0.0
SRR16074108	67236448	0.0	14.9403	0.0	0.0	0.0
SRR32909019	21231185	0.0	5.8409	0.5771	0.0	0.0
SRR35247851	29801760	0.0	21.5852	0.2557	0.0	0.0
SRR6201539	86725008	0.0	8.754	1.2217	0.0	0.0
SRR14116416	25303632	6.3782	0.0	0.3207	0.0	0.0
SRR16338502	52812725	0.0	4.4535	0.6742	0.0	0.0
SRR7760051	25782550	0.142	2.7869	0.452	0.0	0.0
SRR21021747	32968279	0.0	1.4156	2.9581	0.0	0.0
SRR33130912	27868227	0.0	47.1111	0.5101	0.0	0.0
SRR23524529	43875100	0.0	2.9841	5.3373	0.0	0.0
SRR7811277	28691883	0.0	4.0997	2.0375	0.0	0.0
SRR17244263	21141708	0.0	4.8785	7.8235	0.0	0.0
SRR23194109	3734661	5.0342	0.0	0.7717	0.0	0.0
SRR29384967	33731702	1.7018	0.0	0.6055	0.0	0.0
SRR10095075	14259096	2.7455	0.0	0.6899	0.0	0.0
SRR35228109	23747741	0.0	9.2925	2.057	0.0	0.0
SRR7267116	1553005	8.6934	0.0	0.0	0.0	0.0
SRR29384897	37597691	1.9069	0.0	0.8228	0.0	0.0
SRR35136553	137259587	0.0	82.3578	0.1263	0.0	0.0
SRR26844767	21226554	0.0	2.2286	0.0	0.0	0.0
SRR6262175	21012408	0.1067	9.2109	0.3755	0.0	0.0
SRR3090711	3258771	0.0	2.2003	0.1607	0.0	0.0
SRR32962216	73082291	36.6277	0.0	0.1268	0.0	0.0
SRR8418385	9493587	1.8976	0.0	0.1789	0.0	0.0
SRR17286863	22200710	0.0	46.2077	1.6326	0.0	0.0
SRR29011677	24843653	0.0	2.8607	0.1852	0.0	0.0
SRR31860932	23812889	0.0	1.2912	0.4344	0.0	0.0
SRR27331888	8196272	0.2692	42.6877	0.6824	0.0	0.0
SRR14673977	13543780	2.3132	0.0	0.7981	0.0	0.0
SRR5997708	21857922	0.0	1.7915	0.4064	0.0	0.0
SRR33852410	30510725	21.3919	0.0	2.663	0.0	0.0
SRR16938956	18113547	0.0	49.1247	0.5142	0.0	0.0
SRR11566103	1257278	0.0	4.4751	0.197	0.0	0.0
SRR14777751	10048601	0.0	2.0154	1.0322	0.0	0.0
SRR10769486	32485796	1.4959	0.0	1.0771	0.0	0.0
SRR29352954	32071175	0.0	3.6377	1.3085	0.0	0.0
SRR23901502	25966844	0.0	2.1046	1.1836	0.0	0.0
SRR22467111	19295579	0.0	1.0964	0.1772	0.0	0.0
ERR3452453	11720488	0.0	3.3586	0.4742	0.0	0.0
SRR34300113	16787157	4.9162	3.4294	8.4596	0.0	0.0
SRR29011629	25849987	0.0	3.0834	0.1337	0.0	0.0
SRR15141319	7668970	27.1002	0.0	1.2516	0.0	0.0
DRR736985	32158240	0.0	1.5563	0.0	0.0	0.0
SRR22863580	15859245	0.0	1.4179	7.1252	0.0	0.0
SRR16889013	12479545	0.2187	0.0	59.0135	0.0	0.0
SRR31244756	20396516	20.6798	0.7498	0.757	0.0	0.0
SRR8926864	13882095	0.0	1.3755	0.2181	0.0	0.0
SRR18474737	24087659	15.4303	0.0	0.1871	0.0	0.0
ERR3452454	11728146	0.0	3.3059	0.4768	0.0	0.0
SRR30125682	24589963	0.0	87.8127	0.9908	0.0	0.0
SRR32395599	19744770	0.0	3.997	0.0	0.0	0.0
ERR10926667	85807527	17.9426	0.0	0.1355	0.0	0.0
SRR31745003	27765150	0.0	6.4858	0.6612	0.0	0.0
SRR36367291	41062577	26.923	0.0	6.6181	0.0	0.0
SRR36367321	46012633	11.3989	0.0	5.4624	0.0	0.0
SRR15141038	3379459	9.6914	0.0	1.3983	0.0	0.0
SRR23703170	36017298	0.0	1.8126	2.1595	0.0	0.0
SRR9051263	3233488	1.2705	0.0	0.5566	0.0	0.0
SRR24657694	21015526	0.0	26.161	0.5012	0.0	0.0
SRR27337731	38232910	2.1338	1.7225	16.4446	0.0	0.0
SRR5288603	38356957	0.0	0.0	1.5841	0.0	0.0
SRR37874273	23500984	0.0	6.9249	0.5569	0.0	0.0
SRR15564985	25438722	0.4116	3.2538	0.1986	0.0	0.0
SRR10448319	1054640	6.3893	23.0531	43.1692	0.0	0.0
SRR10160965	24319904	0.0	10.8512	1.2716	0.0	0.0
SRR14674009	17186399	2.1705	0.0	0.8953	0.0	0.0
SRR36606544	22723962	0.7074	7.128	0.3208	0.0	0.0
SRR6798280	10346035	0.0	0.0	35.0383	0.0	0.0
SRR18150633	46989736	0.0	4.5201	1.6171	0.0	0.0
SRR21021701	38194056	0.0	1.8746	0.3129	0.0	0.0
SRR21354865	4005217	0.0	64.5735	5.8935	0.0	0.0
SRR866224	24828722	1.8836	2.208	1.9848	0.0	0.0
SRR39273548	183093400	2.9738	0.0	1.3916	0.0	0.0
SRR11091426	10873831	0.0	3.0168	0.2638	0.0	0.0
SRR3371833	20220735	0.0	18.582	0.1428	0.0	0.0
SRR26277466	19543131	1.095	0.0	1.9557	0.0	0.0
SRR10770625	21001671	0.0	1.4061	0.1094	0.0	0.0
SRR37858682	24288879	12.9739	0.1703	1.0071	0.0	0.0
SRR36382465	47676669	2.0869	0.0	4.1194	0.0	0.0
ERR10962829	20611568	29.6674	0.0	0.4946	0.0	0.0
SRR22351710	21089648	0.0	3.1213	0.2012	0.0	0.0
SRR26329866	19132992	0.0	6.3946	0.7965	0.0	0.0
SRR31319023	5139514	0.0	2.2684	6.6493	0.0	0.0
SRR36158014	27123431	0.0	2.3769	0.0	0.0	0.0
ERR13804691	20735619	0.0	27.4783	0.705	0.0	0.0
SRR1631826	28075319	0.0	1.2115	0.0	0.0	0.0
SRR9854232	22225308	0.0	5.577	0.0	0.0	0.0
SRR32914041	23856480	0.0	4.943	0.0	0.0	0.0
SRR27323301	2796810	0.0	2.0577	1.8764	0.0	0.0
ERR15825676	20044959	0.0	1.0338	0.0	0.0	0.0
SRR34326401	4414945	0.0	3.177	0.0	0.0	0.0
SRR7000830	34236126	16.6464	0.0	0.3552	0.0	0.0
SRR16709561	30393527	0.0	14.1658	0.3774	0.0	0.0
SRR18578323	38026854	0.0	5.6016	0.2862	0.0	0.0
SRR25522727	39372096	0.0	0.0	3.314	0.0	0.0
SRR36292485	32718936	13.8729	0.0	5.9765	0.0	0.0
SRR35627347	24533994	0.0	0.0	4.3463	0.0	0.0
SRR9071694	42872411	0.0	2.743	0.2064	0.0	0.0
SRR28454406	23249912	0.0	1.0366	0.8183	0.0	0.0
SRR30610621	26827815	0.1205	0.0	10.5328	0.0	0.0
SRR29854829	19548178	0.1062	1.3419	0.0	0.0	0.0
SRR31323389	22813534	0.0	90.2842	0.0	0.0	0.0
SRR22430821	42418734	0.0	4.2201	0.0	0.0	0.0
SRR7267273	1396925	3.9737	0.0	0.0	0.0	0.0
SRR11809802	34122594	0.0	2.0214	2.0285	0.0	0.0
SRR8303051	56371395	0.0	1.2234	0.7559	0.0	0.0
SRR7644345	23013244	5.9023	0.0	0.0	0.0	0.0
SRR12214154	22499913	0.0	1.1992	0.0	0.0	0.0
SRR22764487	49822767	5.8224	0.0	2.6932	0.0	0.0
SRR7266154	1352309	2.1847	0.0	0.0	0.0	0.0
SRR7266271	3658127	4.0152	0.0	0.0	0.0	0.0
SRR35531431	9736497	0.4341	5.9777	1.9604	0.0	0.0
ERR5709403	25085045	0.0	3.077	0.5407	0.0	0.0
SRR19213906	5132065	0.0	2.6355	0.1687	0.0	0.0
SRR12998709	45772027	1.2357	0.0	1.1989	0.0	0.0
SRR25379808	21945746	0.0	23.4192	0.7626	0.0	0.0
SRR14803600	22069624	0.0	45.8366	6.0281	0.0	0.0
SRR11462957	32608312	0.0	1.7355	6.0153	0.0	0.0
SRR34300172	36806899	2.1601	0.0	9.8203	0.0	0.0
SRR11574297	1756714	0.0	2.0754	0.5754	0.0	0.0
SRR14785352	81621507	0.0	17.8326	1.174	0.0	0.0
SRR29011741	27138906	0.0	1.8085	0.0	0.0	0.0
SRR15130302	27950228	0.0	18.3391	0.7909	1.7247	0.0
SRR35430686	39965799	0.0	0.0	7.3223	0.0	0.0
SRR3144593	51080320	0.0	8.2668	0.109	0.0	0.0
SRR7266059	1907398	2.6365	0.0	0.0	0.0	0.0
SRR7172329	30113141	2.9114	0.0	0.0	0.0	0.0
SRR7644312	24049475	1.7451	0.0	0.4511	0.0	0.0
SRR29198161	24232083	0.0	1.8604	0.4692	0.0	0.0
SRR25379821	20075259	0.0	8.4155	0.9138	0.142	0.0
SRR26532415	33712365	0.0	1.9516	0.1985	0.0	0.0
SRR32962221	68757215	31.3872	0.0	0.0	0.0	0.0
SRR20750840	136847	0.0	3.3066	1.642	0.0	0.0
ERR3891522	11151003	0.0	2.055	2.106	0.0	0.0
SRR8536175	31885945	0.0	1.2866	0.0	0.0	0.0
SRR32237391	39813283	0.0	1.2254	0.2126	0.0	0.0
SRR10269809	22082783	0.0	3.5887	0.2408	0.0	0.0
DRR732511	21853640	3.8618	0.0	0.3227	0.0	0.0
SRR14673917	15328211	1.5745	0.0	1.3009	0.0	0.0
SRR19570679	41106668	0.0	19.5423	1.2426	0.0	0.0
SRR16025769	50639539	0.0	0.0	3.853	0.0	0.0
SRR31851396	34916958	73.9171	0.0	0.3559	0.0	0.0
SRR7264741	997677	1.4194	0.0	0.2448	0.0	0.0
SRR2862235	14835261	0.0	2.4985	0.0	0.0	0.0
SRR15564983	21988683	0.3694	3.4661	0.2054	0.0	0.0
SRR34844823	21975644	0.0	2.5895	0.0	0.0	0.0
SRR23712435	7402412	0.0	0.0	5.2495	0.0	0.0
SRR15910646	14898520	0.0	2.6775	0.6118	0.0	0.0
SRR5804922	33143206	0.0	6.8704	0.0	0.0	0.0
SRR17267238	19333554	8.2737	0.0	0.6581	0.0	0.0
SRR36790450	26809088	0.0	7.7902	0.4249	0.0	0.0
SRR31011030	20148326	85.19	0.0	0.5367	0.0	0.0
DRR342059	40294665	2.7911	0.0	1.5017	0.0	0.0
SRR12832632	43733359	0.0	60.3357	0.1111	0.0	0.0
SRR27844388	46491066	0.0	2.4326	2.775	0.0	0.0
SRR19213913	5727159	0.0	5.9782	0.4328	0.0	0.0
SRR23086054	20684187	0.0	1.8996	0.1419	0.0	0.0
SRR17183628	28279607	2.1895	0.0	0.8282	0.0	0.0
SRR8691558	26458904	0.0	1.5572	0.11	0.0	0.0
SRR22430809	42544256	0.0	4.1548	0.0	0.0	0.0
SRR37363190	25622185	0.0	2.0597	0.5545	0.0	0.0
SRR28797237	36938474	0.0	7.3621	0.2233	0.0	0.0
SRR33658509	23556681	7.0535	0.0	0.4657	0.0	0.0
SRR7264951	6626447	2.9242	0.0	1.1742	0.0	0.0
SRR27851041	21760398	0.0	2.1739	0.6848	0.0	0.0
SRR29484652	824515	0.0	2.598	0.1824	0.0	0.0
SRR20613460	22261545	0.0	2.6825	0.0	0.0	0.0
SRR8191359	13397276	4.0533	0.0	0.0	0.0	0.0
SRR14673933	15856501	1.7717	0.0	0.9349	0.0	0.0
SRR36802770	28805959	98.1766	0.0	0.1075	0.0	0.0
SRR30429240	31845632	0.0	3.9344	0.8197	0.0	0.0
SRR30291934	24910837	0.0	1.8371	0.6048	0.0	0.0
SRR27202932	16542186	0.0	2.8658	2.0431	0.0	0.0
SRR34326324	5139137	0.0	1.9768	0.0	0.0	0.0
ERR990472	14427284	92.1919	0.0	0.5097	0.0	0.0
SRR36015658	27790800	0.0	48.8315	0.3682	0.0	0.0
SRR9051320	4226097	1.1896	0.0	2.7597	0.0	0.0
SRR11574271	1609830	0.0	2.354	0.5351	0.0	0.0
SRR10148755	9426590	0.0	5.2512	0.3571	0.0	0.0
SRR10148756	10259739	0.0	5.2318	0.3561	0.0	0.0
SRR10148754	9197731	0.0	5.2367	0.3587	0.0	0.0
SRR20750978	567294	0.0	2.9547	1.71	0.0	0.0
SRR16938941	16552429	0.0	70.2774	0.6263	0.0	0.0
SRR39368696	22127645	0.0	6.1497	4.6793	0.0	0.0
SRR10269808	21831345	0.0	2.9989	0.321	0.0	0.0
SRR12133604	21036593	7.5542	0.1117	0.0	0.0	0.0
DRR839507	70061615	31.8497	0.0	2.1598	0.0	0.0
SRR33516676	23377958	0.0	3.0294	0.1829	0.0	0.0
ERR10886910	51722211	3.3924	0.0	0.2251	0.0	0.0
SRR24223099	21752579	0.0	7.4647	0.1426	0.0	0.0
SRR27555683	23786645	0.0	1.7316	0.0	0.0	0.0
SRR33658508	23729680	7.0363	0.0	0.8124	0.0	0.0
SRR7403500	19103477	4.7074	0.0	0.1353	0.0	0.0
SRR9656470	21650102	0.0	2.498	0.0	0.0	0.0
SRR7264890	1057439	3.2207	0.0	0.0	0.0	0.0
SRR30795871	54097285	0.0	26.0629	0.7511	0.0	0.0
SRR5100664	16106431	0.0	10.8036	0.0	0.0	0.0
SRR11814791	27348439	4.2269	0.1026	0.2093	0.0	0.0
SRR27297778	6611328	0.0	5.0188	0.0	0.0	0.0
SRR30037231	20864145	0.0	7.4215	1.2991	0.0	0.0
SRR3623305	81968	4.7909	0.0	0.0	0.0	0.0
DRR125458	5837495	3.5068	0.0	0.4668	0.0	0.0
SRR11946746	29281266	0.1033	2.0866	0.0	0.0	0.0
SRR8163296	33727905	0.0	4.985	0.0	0.0	0.0
SRR17227565	22622472	0.0	4.2391	1.2357	0.0	0.0
SRR10135277	9121402	0.1143	2.7581	0.5398	0.0	0.0
SRR19352678	21691454	0.0	1.7207	0.0	0.0	0.0
SRR7244923	2653088	1.2662	0.0	1.5543	0.0	0.0
SRR32131660	21583067	0.0	4.7275	0.7508	0.0	0.0
DRR872891	33549896	31.8482	0.0	2.8111	0.0	0.0
SRR12160917	24092878	0.0	1.3931	0.1882	0.0	0.0
SRR10769487	32433904	2.0898	0.0	1.8307	0.0	0.0
SRR11946738	26031307	0.0	7.7945	0.0	0.0	0.0
SRR39144722	20098310	0.0	4.9575	0.5865	0.0	0.0
SRR10802191	23603263	25.2037	0.0	1.5113	0.0	0.0
SRR20750941	746660	0.0	3.778	2.3596	0.0	0.0
SRR35842203	9138316	0.0	9.6382	0.0	0.0	0.0
SRR12158785	25312472	10.1968	0.0	0.2974	0.0	0.0
SRR21354749	253354	0.0	25.089	3.8649	0.0	0.0
SRR15966671	59829148	0.0	4.6254	0.178	0.0	0.0
SRR24364179	21437008	3.655	0.0	0.1827	0.0	0.0
SRR36864323	24523188	0.0	1.1856	0.4912	0.0	0.0
SRR27323008	10320660	0.0	5.5473	36.4864	0.0	0.0
SRR34326258	4114338	0.0	4.4865	0.1003	0.0	0.0
ERR15825709	20358162	0.0	1.0831	0.0	0.0	0.0
SRR11128230	18164415	2.304	0.0	1.2734	0.0	0.0
SRR11622362	7013880	0.0	72.7316	0.2197	0.0	0.0
SRR11497261	15596453	4.2066	0.0	0.7599	0.0	0.0
SRR25932432	5001315	0.0	0.0	4.4011	0.0	0.0
SRR26471819	22354808	0.2251	1.4065	0.3526	0.0	0.0
ERR6124694	39586847	0.0	0.0	3.5421	0.0	0.0
SRR14055861	22729077	0.0	6.6634	0.443	0.0	0.0
SRR8418302	3846126	3.4006	0.0	0.443	0.0	0.0
SRR19510986	28846808	0.0	1.1872	0.1223	0.0	0.0
SRR13260174	34345720	0.0	1.2207	0.0	0.0	0.0
SRR31801799	18213433	0.0	1.7806	0.7419	0.0	0.0
SRR39147270	26056952	0.3347	2.1021	0.443	0.0	0.0
SRR8568984	26636826	23.9392	0.0	0.0	0.0	0.0
SRR27709652	20835219	0.0	1.7814	0.0	0.0	0.0
DRR996031	22608193	0.0	3.7777	1.0815	0.0	0.0
SRR34316786	27381384	0.0	9.1974	2.3829	0.0	0.0
SRR11574331	1661319	0.0	1.6483	0.2617	0.0	0.0
SRR26553596	25279400	0.0	2.7544	0.4794	0.0	0.0
SRR20728028	35045093	0.0	9.0413	0.0	0.0	0.0
DRR828910	22153483	0.1026	0.0	0.0	2.0903	0.0
SRR15902316	1742358	0.0	3.2362	0.1953	0.0	0.0
SRR23081250	21695643	0.0	2.7103	0.5077	0.0	0.0
SRR29289938	29744587	0.0	26.5428	1.4425	0.0	0.0
ERR10691736	6063282	0.0	3.6639	3.7359	0.0	0.0
SRR7265059	1672121	1.9653	0.0	0.1283	0.0	0.0
SRR36367311	36512667	4.9058	0.9724	7.0997	0.0	0.0
ERR16140421	35208885	0.5392	1.0907	0.6231	0.0	0.0
SRR30725434	43740698	0.0	1.6727	0.1403	0.0	0.0
SRR38061544	68398310	0.0	2.6183	0.1252	0.0	0.0
SRR37845429	18901525	0.0	2.3296	1.0404	0.0	0.0
SRR24956575	16512967	0.0	0.0	22.7809	0.0	0.0
SRR7267325	2710965	1.6355	0.0	0.0	0.0	0.0
ERR4131964	6380689	0.0	0.0	4.6713	0.0	0.0
ERR4131965	5281703	0.0	0.0	5.7699	0.0	0.0
SRR8528408	12150344	0.0	1.1509	0.0	0.0	0.0
SRR10161831	15037471	10.9482	0.0	3.947	0.0	0.0
SRR21995767	22838479	0.0	1.2058	0.0	0.0	0.0
SRR11566008	2124810	0.0	5.2119	0.1704	0.0	0.0
SRR24755835	35346197	0.0	7.9969	3.9301	0.0	0.0
SRR32514834	20133222	0.0	39.4905	0.248	0.0	0.0
SRR31851757	32070007	0.0	17.9026	0.9945	0.0	0.0
ERR10962810	19919763	9.5033	0.0	0.6573	0.0	0.0
SRR36467005	22877185	0.0	9.7205	0.3932	0.0	0.0
SRR34169770	47782042	0.0	32.3715	5.0792	0.0	0.0
SRR31669388	13587845	0.0	9.3427	4.0278	0.0	0.0
SRR8706895	21572656	15.6482	0.0	0.0	0.0	0.0
SRR27842614	22368845	0.0	5.4242	0.2184	0.0	0.0
SRR38476746	19200809	0.0	4.303	0.184	0.0	0.0
SRR21021792	22324969	0.0	1.6984	0.7694	0.0	0.0
SRR22142917	76564576	27.9891	0.0	0.6608	0.0	0.0
SRR24633715	24478901	0.0	5.982	1.0606	0.0	0.0
SRR29087936	20483540	22.0649	0.0	0.6985	0.0	0.0
SRR9854223	22023238	0.0	5.1216	0.0	0.0	0.0
SRR26729841	19784640	0.0	1.2333	0.7954	0.0	0.0
SRR8457059	30452643	0.0	25.9877	0.0	0.0	0.0
SRR10271132	29748745	0.0	1.5278	0.0	0.0	0.0
SRR30328488	49324979	0.0	32.2294	2.479	0.0	0.0
SRR20750821	100401	0.0	2.9004	3.4502	0.0	0.0
SRR7266164	2632247	3.3215	0.0	0.1394	0.0	0.0
SRR15390813	330135818	0.0	1.5094	2.273	0.0	0.0
SRR16480640	31145803	0.0	3.6134	5.7002	0.0	0.0
SRR15966674	58050826	0.0	1.7882	0.11	0.0	0.0
ERR14366932	38591347	0.0	12.5858	0.3896	0.0	0.0
SRR7266095	3006451	2.9331	0.0	0.0	0.0	0.0
SRR29061983	21509392	12.1919	0.0	0.9916	0.0	0.0
SRR6215480	147517982	18.8719	0.0	1.5413	0.0	0.0
SRR29779559	12667852	0.0	19.7954	0.8053	0.0	0.0
SRR4032278	15742824	0.0	2.1876	3.062	0.0	0.0
SRR37899643	24704357	0.0	6.3507	3.0548	0.0	0.0
SRR12160884	26981377	0.0	17.2557	0.2186	0.0	0.0
ERR10691681	6729292	0.3768	4.2991	6.0194	0.0	0.0
SRR5133218	22002382	0.0	1.3616	0.1035	0.0	0.0
SRR26321433	18710569	0.0	20.4044	0.0	0.0	0.0
SRR12142095	10000	0.0	2.18	0.0	0.0	0.0
SRR8309951	23527485	1.6326	0.0	0.3212	0.0	0.0
SRR10135290	7433738	0.0	3.4007	0.0	0.0	0.0
SRR36443879	37301083	0.1749	1.1998	3.1535	0.0	0.0
SRR27344854	21723340	0.0	4.994	1.6719	0.0	0.0
SRR37215776	27805362	33.8271	0.0	1.6166	0.0	0.0
SRR34792238	20526295	3.6098	4.4465	3.7335	0.0	0.0
ERR13249874	23573803	0.1065	0.0	26.856	0.0	0.0
SRR39263439	23473589	0.0	71.7064	0.2423	0.0	0.0
SRR22937044	36842677	0.0	1.5043	0.7983	0.0	0.0
SRR29654761	20902137	0.0	2.3263	0.7251	0.0	0.0
ERR3773813	21971828	0.0	0.0	46.7431	0.0	0.0
SRR1631892	37490985	0.0	1.3429	0.0	0.0	0.0
SRR26931183	25066278	0.0	0.0	2.9434	0.0	0.0
SRR11809789	40609520	0.0	6.9061	0.3785	0.0	0.0
SRR26617654	26484749	0.2983	1.9434	0.0	0.0	0.0
SRR8309950	19313129	4.5162	0.0	0.2221	0.0	0.0
SRR29688054	23521408	0.0	1.9185	0.2059	0.0	0.0
ERR246398	3655397	0.0	3.9207	0.5104	0.0	0.0
SRR10802182	23677307	0.6065	3.4258	4.7199	0.0	0.0
DRR897977	13661643	0.0	64.468	0.0	0.0	0.0
SRR7267087	1292112	2.6349	0.0	0.0	0.0	0.0
SRR12169375	19789463	2.2096	0.0	2.5083	0.0	0.0
SRR14674041	21575326	1.8167	0.0	1.5653	0.0	0.0
SRR6827618	14154884	1.565	0.0	0.2786	0.0	0.0
SRR37724340	34374666	1.6644	0.0	0.5233	0.0	0.0
SRR32467365	80082985	48.7422	0.0	0.2156	0.0	0.0
SRR36594195	20974096	6.9771	0.0	0.8933	0.0	0.0
SRR39368683	24463175	0.2899	5.7127	2.0015	0.0	0.0
DRR996028	24936710	0.0	11.7976	1.0715	0.0	0.0
SRR19546323	43032803	2.3751	0.0	0.3511	0.0	0.0
SRR2782438	54997347	0.0	7.5222	2.0617	0.0	0.0
SRR19546313	34294961	3.5155	0.0	0.3475	0.0	0.0
SRR16938886	17182342	0.0	61.9677	0.3147	0.0	0.0
SRR7507987	4726972	0.0	2.4736	0.0	0.0	0.0
SRR12121649	22125749	0.0	3.5645	0.3402	0.0	0.0
SRR12532045	22400642	0.0	4.1332	0.0	0.0	0.0
SRR29646190	23695086	0.0	14.8449	0.189	0.0	0.0
SRR11741574	49336447	51.0382	0.0	0.8487	0.0	0.0
SRR10135104	7157065	0.1218	2.7576	0.0	0.0	0.0
SRR7267156	38678	1.6185	0.0	0.4266	0.0	0.0
SRR29061966	23672547	8.0769	0.0	0.9674	0.0	0.0
DRR828904	24633409	0.0	0.0	0.7257	16.234	0.0
SRR11565969	5664241	0.0	2.5868	0.1201	0.0	0.0
SRR13574985	34415384	0.0	1.6308	7.7054	0.0	0.0
SRR12160905	25055485	0.0	3.1771	0.2223	0.0	0.0
SRR17244286	20099082	0.0	3.3717	3.2108	0.0	0.0
SRR30557588	42745372	0.0	0.0	6.7321	0.0	0.0
SRR28224690	22260751	0.0	17.7487	3.2434	0.0	0.0
SRR7267281	1664246	6.1406	0.0	0.0	0.0	0.0
SRR38980078	21084147	98.6797	0.0	0.0	0.0	0.0
SRR19785289	42850319	0.0	1.6013	15.2699	0.0	0.0
SRR38515063	35724092	6.5951	0.0	1.4816	0.0	0.0
SRR17157043	25043395	0.0	1.9635	3.902	0.0	0.0
SRR36367267	42344802	12.0155	0.0	7.1528	0.0	0.0
SRR14673995	13381975	1.874	0.0	2.3565	0.0	0.0
SRR15112553	26061266	0.0	3.075	0.0	0.0	0.0
SRR22122955	29991611	31.0451	0.0	0.7676	0.0	0.0
SRR866227	34715413	1.5536	4.0968	1.0259	0.0	0.0
SRR35278659	25217470	0.0	11.9349	1.6011	0.0	0.0
SRR15685537	25374796	0.0	2.2752	0.3358	0.0	0.0
SRR21354791	342672	0.0	6.7762	0.6785	0.0	0.0
SRR20450840	10724834	0.0	4.1758	0.0	0.0	0.0
SRR21151064	20448830	13.7112	0.0	1.4415	0.0	0.0
SRR28787783	30148525	19.2272	0.0	0.9078	0.0	0.0
SRR7644352	26890337	62.9278	0.0	0.0	0.0	0.0
SRR28427838	21102349	0.0	1.4741	5.098	0.0	0.0
SRR27844384	45034739	0.0	2.3886	1.3854	0.0	0.0
SRR35737666	22246523	0.0	2.1326	0.0	0.0	0.0
SRR16849137	23326153	5.86	0.0	0.2946	0.0	0.0
SRR7266098	260227	2.7806	0.0	0.0	0.0	0.0
SRR10802180	20124761	1.6666	5.9875	5.9335	0.0	0.0
SRR7266378	963130	10.5656	0.0	0.6103	0.0	0.0
SRR16301677	23608904	0.0	1.1703	2.8749	0.0	0.0
SRR27323259	22589109	0.0	4.9287	41.1603	0.0	0.0
ERR13346935	21757423	0.0	3.4873	0.1921	0.0	0.0
SRR28351066	21331997	0.132	2.2032	0.0	0.0	0.0
SRR20184498	13698916	0.0	27.2979	0.2223	0.0	0.0
SRR17244296	22754035	0.0	60.5416	1.9261	0.0	0.0
SRR30852814	40915416	0.0	8.8268	2.4324	0.0	0.0
SRR29779552	18547568	0.0	9.4688	0.3763	0.0	0.0
SRR17916395	17206436	11.0024	0.0	0.3139	0.0	0.0
SRR13862658	27829966	0.0	4.0453	1.6928	0.0	0.0
ERR3791698	27192577	0.0	0.0	8.0823	0.0	0.0
SRR27304972	1568205	0.0	4.2469	0.2476	0.0	0.0
SRR31744993	30726598	0.0	3.486	0.5804	0.0	0.0
SRR26277479	19576891	1.6463	0.0	2.2063	0.0	0.0
SRR17916365	23073220	19.5858	0.0	1.0077	0.0	0.0
SRR9120840	30031850	0.0	35.166	0.0	0.0	0.0
ERR9009064	759818	0.0	0.0	2.406	0.0	0.0
SRR5468523	16929062	0.0	3.0285	0.0	0.0	0.0
SRR15021476	40918086	0.0	7.0423	1.3395	0.0	0.0
SRR16925052	25181840	0.0	34.2306	0.0	0.0	0.0
SRR28713998	20031230	0.0	8.3646	2.5445	0.0	0.0
SRR10210773	5503025	0.0	25.5302	0.1296	0.0	0.0
SRR9077196	75335184	23.8393	0.0	2.1606	0.0	0.0
SRR25760405	41148872	0.0	29.8975	0.3251	0.0	0.0
SRR28392375	39907626	0.0	14.8524	2.4511	0.0	0.0
SRR33701060	24750691	0.0	1.3815	0.4045	0.0	0.0
SRR22858667	23564394	0.0	11.0845	1.0154	0.0	0.0
SRR37236634	15190747	0.0	8.5839	0.1706	0.0	0.0
SRR24807946	52144990	2.3907	0.0	0.8263	0.0	0.0
DRR746382	21995195	0.0	1.7312	0.5116	0.0	0.0
SRR12054302	32511616	18.1118	0.0	0.5654	0.0	0.0
SRR25254693	23720747	0.0	4.6299	0.2158	0.0	0.0
SRR21021790	26630868	0.0	1.2993	0.1695	0.0	0.0
DRR1010077	32192456	0.0	3.114	0.0	0.0	0.0
SRR31346765	24346658	0.0	1.8266	0.3012	0.0	0.0
SRR7264742	1340586	2.0275	0.0	0.0	0.0	0.0
SRR10448369	5063601	3.4136	46.9993	23.5196	0.0	0.0
SRR3371847	12457663	0.0	18.3141	0.0	0.0	0.0
SRR16849157	24675727	2.4546	0.0	0.2939	0.0	0.0
SRR34300122	28506965	5.7391	0.0	7.7288	0.0	0.0
SRR10161841	14584622	40.1163	0.0	0.1579	0.0	0.0
SRR37085816	20702895	5.42	0.0	15.7824	0.0	0.0
SRR31477336	22216751	0.0	7.4971	0.744	0.0	0.0
SRR23602662	23742168	0.0	3.2766	2.5811	0.0	0.0
SRR36308455	21303944	9.0035	0.0	3.6041	0.0	0.0
SRR37798409	34761110	6.1269	0.0	1.9859	0.0	0.0
SRR6398488	872937	0.0	13.5175	0.5039	0.0	0.0
SRR25662795	33260800	6.5087	0.0	2.2079	0.0	0.0
SRR2989612	9982780	0.0	52.0453	0.0	0.0	0.0
SRR26860067	32608842	74.4417	0.0	0.138	0.0	0.0
SRR21354756	484087	0.0	24.2458	9.6039	0.0	0.0
SRR7508109	4821406	0.0	2.4443	0.0	0.0	0.0
SRR17456153	22271052	0.0	21.0161	1.4816	0.0	0.0
SRR7608167	20572	0.0	0.0	0.7729	0.0	0.0
SRR5560697	35779409	0.0	1.1083	0.0	0.0	0.0
SRR9822053	2811698	4.8417	0.0	0.0	0.0	0.0
SRR19055237	24704259	60.1345	0.0	1.7194	0.0	0.0
SRR23614455	8607808	0.0	1.4299	1.9639	0.0	0.0
DRR988071	20563388	0.0	1.4062	1.7061	0.0	0.0
ERR10962826	11146063	35.8633	0.0	1.0498	0.0	0.0
ERR13439949	28683679	0.0	1.0572	7.7183	0.0	0.0
SRR2025071	45604882	0.0	1.015	0.0	0.0	0.0
SRR5488390	21973003	22.8621	0.1207	0.3714	0.0	0.0
SRR39575309	51059020	0.0	43.9336	0.9263	0.0	0.0
SRR20337011	12171657	0.0	68.4334	0.1448	0.0	0.0
SRR16552279	6738675	0.0	37.9616	0.6978	0.0	0.0
SRR37845427	20006732	0.0	2.2714	0.5798	0.0	0.0
SRR27333885	24089916	3.3855	1.8869	1.3116	0.0	0.0
SRR28126820	20013494	4.2357	0.0	0.7313	0.0	0.0
SRR13900325	32424684	1.3534	0.0	2.5908	14.7591	0.0
SRR8416454	25331397	4.4802	0.154	0.0	0.0	0.0
SRR15634094	45256758	3.687	0.0	0.1432	0.0	0.0
SRR22424722	20053483	0.0	4.0055	2.8279	0.0	0.0
SRR10135392	13521183	0.0	3.8374	0.1068	0.0	0.0
SRR12358607	11780460	0.0	4.8878	3.9051	0.0	0.0
SRR29011817	25239972	0.0	1.623	0.2126	0.0	0.0
SRR29011550	25668241	0.0	1.3476	0.2482	0.0	0.0
ERR11670134	30997036	0.0	1.4156	6.6582	0.0	0.0
SRR7266109	980295	1.6592	0.0	0.0	0.0	0.0
DRR391480	12079387	0.0	1.489	3.1636	0.0	0.0
ERR13363399	24688119	0.0	0.0	7.6184	0.0	0.0
SRR6388204	60846193	0.0	0.0	7.4943	0.0	0.0
SRR13838076	24847831	16.0478	0.0	0.3444	0.0	0.0
SRR28288557	24992860	0.0	2.3138	10.4206	0.0	0.0
ERR4627143	39334453	0.0	0.0	2.8932	0.0	0.0
SRR18138593	36741044	0.0	2.3857	1.0315	0.0	0.0
SRR39728337	18051412	0.0	1.9099	0.1785	0.0	0.0
SRR36367306	46669248	11.2347	0.0	9.0877	0.0	0.0
SRR37385197	7101179	0.4375	3.6793	5.625	0.0	0.0
SRR17023800	104632214	13.0645	0.0	0.7191	0.0	0.0
SRR26679143	19180448	39.9262	0.0	0.2452	0.0	0.0
ERR10886914	66398374	2.5123	0.0	0.6651	0.0	0.0
SRR32178893	27136883	0.0	0.0	9.3604	0.0	0.0
DRR737902	23737103	0.0	1.3717	0.3585	0.0	0.0
SRR20750831	943027	0.0	1.0885	1.5668	0.0	0.0
SRR35430848	12044567	0.0	2.7573	0.3421	0.0	0.0
SRR11809793	31475255	0.0	12.7335	0.2509	0.0	0.0
SRR30499002	17137842	3.7869	0.0	6.6205	0.0	0.0
SRR7266111	1404912	2.8481	0.0	0.0	0.0	0.0
SRR21354760	270949	0.0	11.3523	0.0	0.0	0.0
SRR10135160	7297531	0.0	4.5212	0.1088	0.0	0.0
SRR10160953	23231734	0.0	9.529	1.1989	0.0	0.0
SRR22973840	32051434	6.6038	0.0	1.5721	0.0	0.0
SRR27293115	32016336	0.0	2.3433	0.8294	0.0	0.0
SRR21043007	21569987	0.0	2.7612	0.0	0.0	0.0
SRR13134688	27166048	0.0	31.079	0.7275	0.0	0.0
SRR36594196	24442869	6.0959	0.0	1.8317	0.0	0.0
SRR35963403	23156156	0.0	1.4348	0.2037	0.0	0.0
SRR6398528	921952	0.0	9.3181	1.0199	0.0	0.0
SRR9640388	32272163	0.0	1.3165	0.13	0.0	0.0
SRR19785293	52269314	0.0	1.676	2.658	0.0	0.0
SRR24807941	53471950	2.2113	0.0	1.0654	0.0	0.0
SRR29327391	21972327	1.2991	0.0	1.5412	0.0	0.0
SRR29012044	41071539	0.0	11.7893	0.5489	0.0	0.0
SRR16925050	26992772	0.0	27.8233	0.1005	0.0	0.0
ERR14366914	24173849	0.0	20.4229	0.438	0.0	0.0
SRR4897532	12998881	0.0	5.5287	0.3153	0.0	0.0
SRR10161825	10734586	11.186	0.0	1.6475	0.0	0.0
SRR12546078	13777849	0.0	46.2272	0.0	0.0	0.0
SRR23046699	52641642	0.0	7.5954	2.4635	0.0	0.0
SRR7267187	1149949	1.7303	0.0	0.0	0.0	0.0
SRR36473086	53233432	0.0	1.6333	0.7475	0.0	0.0
SRR18944202	43882790	0.0	0.0	9.0605	0.0	0.0
SRR8357965	11672313	0.0	1.4356	0.1609	0.0	0.0
SRR30012817	41158524	5.5073	0.0	5.2091	0.0	0.0
SRR32313486	52794345	0.0	0.0	11.2922	0.0	0.0
SRR11091423	8330591	0.0	4.3921	0.3742	0.0	0.0
SRR37388008	19824610	0.0	6.5066	1.0274	0.0	0.0
SRR21995377	22881305	4.1039	0.0	0.1006	0.0	0.0
SRR7267146	1382623	2.8269	0.0	0.0	0.0	0.0
SRR6781476	57483794	0.0	2.1859	0.0	0.0	0.0
SRR33516422	25860648	0.0	1.1426	0.1175	0.0	0.0
SRR7361601	22753302	0.0	1.3819	0.0	0.0	0.0
SRR21151065	20333682	6.5189	0.0	0.697	0.0	0.0
SRR36610584	19286054	0.3642	1.8863	0.4234	0.0	0.0
ERR3791521	32028957	0.0	0.0	5.7719	0.0	0.0
SRR9640382	29459416	0.0	3.6823	0.0	0.0	0.0
SRR6186213	24404405	2.6964	0.0	0.0	0.0	0.0
SRR30795882	59335447	0.0	8.5572	1.8042	0.0	0.0
SRR15141150	7538110	27.1756	0.0	1.2385	0.0	0.0
SRR27323437	7574583	0.0	28.6532	1.8158	0.0	0.0
SRR14001694	134472780	10.4687	0.0	1.3548	0.0	0.0
SRR12054296	31269769	4.4596	0.0	0.4326	0.0	0.0
SRR21921824	22168927	0.1812	2.4085	0.6395	0.0	0.0
SRR28820178	26656243	0.0	1.1774	8.9761	0.0	0.0
SRR31712432	21458637	0.0	1.3973	0.0	0.0	0.0
SRR34169785	40097629	0.0	11.2226	0.9879	0.0	0.0
SRR17916393	23216513	14.4541	0.0	1.8552	0.0	0.0
SRR10198772	53153051	9.5273	0.0	9.3403	0.0	0.0
SRR22351705	21674029	0.0	8.5127	0.4376	0.0	0.0
ERR7421554	14091759	1.3242	0.9309	0.3397	0.0	0.0
SRR12615969	4024117	0.0	1.1556	0.8171	0.0	0.0
SRR28208935	25832116	0.0	3.7723	0.3421	0.0	0.0
DRR1004514	20442856	0.0	1.2207	0.1559	0.0	0.0
ERR2695979	10074664	0.0	13.6163	4.007	0.0	0.0
SRR28415841	23456652	0.0	4.2252	0.3117	0.0	0.0
SRR7764144	4921525	0.0	15.2998	0.0	0.0	0.0
ERR10886918	54223731	3.8846	0.0	0.2698	0.0	0.0
SRR30898305	11142526	0.0	3.5526	2.9585	0.0	0.0
SRR14803599	17869211	0.0	38.8096	1.8809	0.0	0.0
SRR21021586	31416491	1.1419	4.1375	2.4263	0.0	0.0
SRR24633680	20984251	0.3071	1.6728	0.431	0.0	0.0
SRR22904933	94510810	0.0	14.4373	0.4029	0.0	0.0
SRR5804920	32406941	0.0	3.3764	0.7429	0.0	0.0
SRR16938952	15300824	0.0	79.9138	0.1249	0.0	0.0
SRR7266328	1689967	1.8906	0.0	0.0	0.0	0.0
SRR16938884	16725849	0.0	29.1372	0.3504	0.0	0.0
SRR29272068	51694006	0.0	0.0	19.5534	0.0	0.0
SRR22430820	42595330	0.0	3.8765	0.0	0.0	0.0
SRR1818390	29844673	4.3521	0.0	0.0	0.0	0.0
ERR10926709	66119389	11.9709	0.0	0.3334	0.0	0.0
SRR32959938	20556492	10.8423	0.0	0.9109	0.0	0.0
SRR32975041	32023481	0.0	40.8615	1.1916	0.0	0.0
SRR15144330	20916488	0.0	1.3219	1.6403	0.0	0.0
SRR7265009	3558368	3.8471	0.0	0.4436	0.0	0.0
SRR31112629	25569441	13.1405	0.0	0.1806	0.0	0.0
SRR17621038	18265255	0.0	8.7427	0.0	0.0	0.0
SRR8457050	40008798	0.0	8.7951	0.0	0.0	0.0
SRR26321438	18819464	0.0	3.1862	0.0	0.0	0.0
SRR7266250	13283352	2.6336	0.0	0.0	0.0	0.0
SRR32331941	19249739	0.0	1.7841	2.5908	0.0	0.0
SRR1975202	24398343	16.0947	0.0	0.3688	0.0	0.0
SRR14539521	22598384	0.0	14.3777	0.1074	0.0	0.0
SRR10210780	15616854	0.0	17.6598	0.1985	0.0	0.0
SRR9614242	27671127	1.1562	0.0	0.0	0.0	0.0
SRR12245833	31199411	0.7727	5.1801	0.4202	0.0	0.0
SRR28208938	23200233	0.102	1.3059	0.3704	0.0	0.0
SRR28799937	34213509	0.2541	3.987	15.1893	0.0	0.0
SRR39263438	26463771	0.0	58.8998	0.4111	0.0	0.0
SRR22201523	37411202	0.0	1.9158	6.9891	0.0	0.0
SRR27323375	1867452	0.0	2.8798	2.2946	0.0	0.0
SRR17332344	22286623	0.0	0.0	26.9938	0.0	0.0
SRR9586827	34991525	0.0	7.0496	0.0	0.0	0.0
SRR33475343	19759638	0.0	1.9789	0.2241	0.0	0.0
DRR737003	20005039	0.0	5.6796	0.0	0.0	0.0
SRR22523754	21694883	7.0845	0.0	0.1708	0.0	0.0
SRR14788865	17915919	0.0	3.3149	6.3169	0.0	0.0
SRR38272469	31071007	2.0763	2.7134	0.6581	0.0	0.0
SRR29709389	44805439	0.1064	1.6302	0.4169	0.0	0.0
SRR21354757	366215	0.0	25.3493	5.4809	0.0	0.0
SRR34326207	4088575	0.0	3.2734	0.0	0.0	0.0
SRR20280070	23679643	13.4768	0.6761	1.5031	0.0	0.0
SRR32806006	28737563	6.2719	0.0	0.5634	0.0	0.0
SRR17332329	22862434	0.0	0.0	36.5815	0.0	0.0
SRR866570	37409334	0.0	1.5977	0.12	0.0	0.0
SRR5878413	14016952	0.0	27.4343	0.0	0.0	0.0
SRR16477472	40503242	0.0	5.3581	3.1381	0.0	0.0
SRR38077031	37264295	32.5504	0.1399	0.2406	0.0	0.0
SRR29554167	21345001	0.0	1.5149	0.8214	0.0	0.0
SRR9656475	21529246	0.0	8.5474	0.0	0.0	0.0
SRR34300118	43979434	2.8267	0.2606	5.5902	0.0	0.0
SRR32975042	30521538	0.0	9.1039	0.1665	0.0	0.0
SRR24956536	15889064	0.0	0.0	62.3535	0.0	0.0
SRR32313485	60327524	0.0	0.0	32.4292	0.0	0.0
SRR22183667	34541551	5.0973	0.0	0.31	0.0	0.0
SRR14673950	10049095	1.9629	0.0	2.879	0.0	0.0
ERR7221678	13493766	0.0	17.8848	0.4649	0.0	0.0
SRR28926622	33493685	6.5846	0.0	0.1424	0.0	0.0
SRR29384867	34337869	2.6378	0.0	0.7165	0.0	0.0
DRR733420	34731366	0.0	0.3134	2.7574	0.0	0.0
SRR8797238	22924764	0.0	3.4325	0.0	0.0	0.0
SRR24657673	20073800	0.0	38.4859	0.4401	0.0	0.0
DRR845774	30455923	0.0	4.897	6.4433	0.0	0.0
SRR10599083	44651922	0.0	78.1206	0.0	0.0	0.0
SRR30725422	26571312	0.0	1.111	0.3158	0.0	0.0
SRR13824021	7869472	67.7479	0.0	0.197	0.0	0.0
ERR13765072	15492622	0.0	35.8882	0.1855	0.0	0.0
SRR7403501	14616065	2.9326	0.0	0.0	0.0	0.0
ERR16864439	37592185	0.1623	32.018	5.589	0.0	0.0
SRR21185682	24215229	0.9977	1.9121	0.1357	0.0	0.0
SRR37633965	65463054	8.7202	0.0	0.4077	0.0	0.0
SRR21533358	87335027	0.0	0.0	3.7466	0.0	0.0
SRR34300141	39840096	4.9512	0.0	6.2769	0.0	0.0
SRR30673025	24807296	2.9975	0.0	1.0795	0.0	0.0
SRR6347979	27409953	0.0	0.0	5.2032	0.0	0.0
SRR13355212	25506246	22.3061	0.0	2.3774	0.0	0.0
SRR14238793	25139678	1.2151	0.0	0.3551	0.0	0.0
SRR9116862	29631336	0.0	4.6903	0.2901	0.0	0.0
SRR32622490	19533241	1.2845	0.0	0.3771	0.0	0.0
SRR10135450	9010060	0.0	3.4871	0.3727	0.0	0.0
SRR17115566	34218674	0.0	0.0	4.9736	0.0	0.0
SRR9937183	32765445	0.0	13.2698	0.0	0.0	0.0
SRR10053818	22601375	1.7511	0.0	0.0	0.0	0.0
SRR5448202	21919777	0.0	2.8153	0.0	0.0	0.0
SRR13069790	31330210	0.0	2.8318	0.6238	0.0	0.0
SRR7408199	48662620	18.1807	0.0	0.0	0.0	0.0
SRR7403508	17811141	4.2686	0.0	0.0	0.0	0.0
SRR11947564	26967818	28.8575	0.0	0.919	0.0	0.0
SRR21021820	29368757	0.5496	11.2716	1.6564	0.0	0.0
SRR31047598	23362123	0.1122	2.5286	0.829	0.0	0.0
SRR31319030	4944601	0.0	3.5829	5.4071	0.0	0.0
SRR7267013	1762236	6.0166	0.0	0.0	0.0	0.0
SRR15614360	27297834	0.0	5.1503	2.2782	0.0	0.0
SRR34326408	4009790	0.0	2.3252	0.0	0.0	0.0
SRR7507880	4842201	0.0	2.7222	0.0	0.0	0.0
SRR29753579	51671293	0.0	0.0	6.5697	0.0	0.0
SRR22973829	31297969	8.2986	0.0	0.9049	0.0	0.0
SRR34300109	38234564	3.2114	0.416	11.0936	0.0	0.0
SRR10269819	21645036	0.0	1.2119	0.1304	0.0	0.0
SRR13884484	23326467	2.2623	0.0	0.5796	0.0	0.0
SRR6123554	11375859	31.2638	0.0	0.0	0.0	0.0
SRR9276696	23015750	0.1074	1.5823	0.0	0.0	0.0
DRR730248	34390463	0.0	5.7756	0.0	0.0	0.0
SRR8661631	57345648	2.3179	0.0	2.661	0.0	0.0
SRR23797901	35680799	0.0	41.3201	0.0	0.0	0.0
SRR7266291	2007309	1.2589	0.0	0.0	0.0	0.0
SRR26661804	29092857	0.0	5.2711	1.018	0.0	0.0
SRR12133607	21485336	7.2063	0.0	0.0	0.0	0.0
SRR8984386	28415694	0.0	2.7666	0.0	0.0	0.0
SRR6195046	86665809	0.0	7.0005	2.344	0.0	0.0
SRR21021705	40677829	0.0	1.2409	0.8678	0.0	0.0
SRR19213894	3846915	0.0	2.3963	0.1417	0.0	0.0
SRR28369704	4385377	0.0	2.08	0.2327	0.0	0.0
SRR10189449	17758833	56.4294	0.0	0.7864	0.0	0.0
SRR13134698	21856079	0.0	36.6636	0.2911	0.0	0.0
SRR33687101	19704907	0.0	1.4209	0.3824	0.0	0.0
SRR39263431	23602238	0.0	64.1476	0.3499	0.0	0.0
SRR37336216	27086487	6.4004	0.0	0.1626	0.0	0.0
SRR15538972	7845508	0.3604	6.1005	0.9449	0.0	0.0
SRR14768615	22254566	0.0	12.9139	2.6104	0.0	0.0
SRR24956659	16793505	0.0	0.0	24.6351	0.0	0.0
SRR27323149	3151387	0.2699	5.7449	2.5826	0.0	0.0
SRR34169743	37189706	0.0	12.336	0.501	0.0	0.0
SRR36865079	22871085	0.0	13.5928	1.8021	0.0	0.0
SRR6347974	28000046	0.0	0.0	5.071	0.0	0.0
SRR17310119	7809933	0.0	0.0	3.119	0.0	0.0
SRR17310122	7710471	0.0	0.0	3.1202	0.0	0.0
SRR17310121	7740680	0.0	0.0	2.8615	0.0	0.0
SRR17310123	7072575	0.0	0.0	3.1604	0.0	0.0
SRR17310124	6827221	0.0	0.0	3.1553	0.0	0.0
SRR36367266	44357169	13.4543	0.0	6.0037	0.0	0.0
SRR7508054	4734803	0.0	2.7326	0.0	0.0	0.0
SRR30725442	43320345	0.0	2.6208	0.1462	0.0	0.0
SRR9051271	3497858	1.1062	0.0	1.4441	0.0	0.0
SRR23852708	268154	0.0	33.6538	5.2824	0.0	0.0
SRR38194326	37311103	23.0786	0.0	0.9546	0.0	0.0
SRR8743053	11838602	12.3195	0.0	0.0	0.0	0.0
SRR16938998	20090282	0.0	74.9694	0.372	0.0	0.0
SRR29606637	29130881	0.0	0.0	22.0113	0.0	0.0
SRR26089603	19772759	0.0	12.5822	0.8664	0.0	0.0
SRR18083503	3454794	21.2168	7.9044	2.9536	0.0	0.0
SRR31669295	16060443	0.0	7.4817	1.9044	0.0	0.0
SRR14224153	26670870	3.1841	0.0	0.482	0.0	0.0
SRR17621043	21101239	0.0	20.2934	0.0	0.0	0.0
SRR28872814	30487484	0.6028	5.5185	2.5339	0.0	0.0
SRR34326536	3813844	0.0	6.3704	0.1086	0.0	0.0
SRR7267011	1545619	5.0886	0.0	0.0	0.0	0.0
SRR14785384	79956019	0.0	16.2037	0.9889	0.0	0.0
SRR10210787	11468307	0.0	40.1003	0.1695	0.0	0.0
SRR8053100	15169025	0.0	19.6263	25.529	0.0	0.0
DRR1003335	22134952	0.0	1.2102	0.1242	0.0	0.0
SRR24901493	22291061	18.9878	0.0	0.1929	0.0	0.0
SRR25209521	25066110	0.0	17.5325	0.1058	0.0	0.0
SRR28926621	33058542	6.5708	0.0	0.1351	0.0	0.0
SRR24019261	5332789	0.0	0.0	16.0126	0.0	0.0
SRR25254440	26405031	0.0	1.695	0.2707	0.0	0.0
SRR39159323	26732570	0.0	5.7359	0.1278	0.0	0.0
SRR31932830	17395483	0.0	0.0	1.9216	0.0	0.0
SRR22572291	24288768	0.0	3.4075	0.8421	0.0	0.0
SRR1818396	29049466	5.1551	0.0	0.0	0.0	0.0
SRR20679973	21587084	0.0	6.1907	0.7184	0.0	0.0
SRR9185070	12047870	0.0	3.8418	0.0	0.0	0.0
SRR7266032	2024065	2.8727	0.0	0.0	0.0	0.0
SRR494420	10861345	0.0	5.2601	0.0	0.0	0.0
SRR494421	11755860	0.0	2.9065	0.0	0.0	0.0
ERR10886924	55057105	12.7316	0.0	0.2853	0.0	0.0
SRR11622374	337536	0.0	67.684	0.6245	0.0	0.0
SRR15538976	9707825	11.6097	0.1277	15.25	0.0	0.0
SRR10802179	23788562	1.025	2.1317	3.5303	0.0	0.0
SRR14238809	22032456	1.9151	0.0	0.2439	0.0	0.0
SRR31579321	21945117	0.7409	15.4711	6.057	0.0	0.0
SRR37858683	22436007	2.8108	0.0	1.6501	0.0	0.0
SRR23852698	327735	0.0	38.104	8.1795	0.0	0.0
SRR27297938	1886023	0.1001	1.2052	0.4709	0.0	0.0
SRR25209554	24017241	0.0	3.3836	0.0	0.0	0.0
SRR26264119	22073868	0.0	5.0533	1.8901	0.0	0.0
SRR36516386	49518603	0.0	4.0899	2.3378	0.0	0.0
SRR9030939	26075182	0.0	7.7351	0.0	0.0	0.0
SRR16925057	25399451	0.0	11.0607	0.2686	0.0	0.0
SRR31124730	21227217	0.0	1.053	0.3693	0.0	0.0
SRR39292873	41291789	0.0	4.7148	3.5349	0.0	0.0
SRR27279888	20192210	0.0	1.5631	4.4152	0.0	0.0
SRR6075444	11857094	0.2896	7.8417	8.3375	0.0	0.0
SRR23194179	4433753	8.0886	0.0	2.3367	0.0	0.0
SRR29826771	32122279	56.2924	0.0	2.7074	0.0	0.0
ERR5052711	5794043	10.5433	0.0	0.252	0.0	0.0
ERR5052710	5632371	10.6199	0.0	0.2492	0.0	0.0
SRR33386585	23449840	0.0	6.0512	1.2529	0.0	0.0
SRR13765957	50532153	0.0	1.8298	0.364	0.0	0.0
SRR24633683	21839913	0.0	2.5728	1.0655	0.0	0.0
SRR24956641	9515765	0.0	0.0	10.7109	0.0	0.0
ERR10886946	52414929	3.7216	0.0	0.2196	0.0	0.0
SRR3724171	47611904	71.8801	0.0	7.1693	0.0	0.0
SRR36473084	52962289	0.0	1.7351	0.6773	0.0	0.0
SRR36778580	19945105	11.1593	0.0	0.483	0.0	0.0
SRR31830259	20213534	1.5904	0.0	0.1328	0.0	0.0
SRR10317700	30502227	1.1853	0.0	1.2357	0.0	0.0
DRR854528	23146221	11.7691	0.0	0.7168	0.0	0.0
ERR9008707	809006	0.0	0.0	3.5686	0.0	0.0
SRR7267101	91885	3.7612	0.0	0.0	0.0	0.0
ERR10886957	60363789	8.2734	0.0	0.3624	0.0	0.0
SRR11622376	260324	0.0	64.5995	2.3405	0.0	0.0
SRR20480218	19414218	0.0	1.6261	1.386	0.0	0.0
SRR23198245	21388917	0.0	2.4089	0.0	0.0	0.0
SRR21354741	218245	0.0	26.9802	7.4467	0.0	0.0
SRR21021714	18669260	0.0	1.4373	0.0	0.0	0.0
SRR10210774	11056578	0.0	28.4651	0.0	0.0	0.0
SRR7265021	1836587	1.4072	0.0	0.0	0.0	0.0
SRR36186717	23816073	0.0	1.1837	0.0	0.0	0.0
SRR10204025	17331208	0.0	8.2184	0.0	0.0	0.0
SRR10204027	32265422	0.0	8.0849	0.0	0.0	0.0
SRR10204026	17932760	0.0	8.2042	0.0	0.0	0.0
SRR10204028	32677590	0.0	8.3104	0.0	0.0	0.0
SRR35314867	3884318	0.0	1.2513	0.7463	0.0	0.0
SRR32959937	23541166	10.7589	0.0	0.7616	0.0	0.0
DRR730074	37603443	0.0	22.2174	0.7598	0.0	0.0
ERR11650716	3124596	0.1764	16.5248	0.2657	0.0	0.0
SRR23225920	68926140	0.0	10.8604	1.2542	0.0	0.0
SRR36790431	24398018	0.0	2.681	0.2599	0.0	0.0
SRR26081155	8258386	0.0	3.5382	6.9814	0.0	0.0
SRR33516354	28180777	0.0	2.4803	0.0	0.0	0.0
SRR14822617	22742244	0.5816	9.9621	3.98	0.0	0.0
SRR20679983	20818833	0.0	39.1169	3.7405	0.0	0.0
SRR29779545	20906546	0.0	7.9385	0.3734	0.0	0.0
SRR11574290	2952812	0.0	1.5719	0.2237	0.0	0.0
SRR22142919	80330566	23.2264	0.0	0.7436	0.0	0.0
SRR17244284	22735662	0.0	57.9517	3.403	0.0	0.0
SRR37513058	42645010	3.7098	0.0	0.2022	0.0	0.0
SRR11128222	19488585	1.7776	0.0	1.2199	0.0	0.0
SRR36910202	39529290	2.6289	0.0	5.542	0.0	0.0
SRR31833486	46626420	6.4037	0.0	0.5748	0.0	0.0
SRR17316561	7841847	0.0	1.5298	4.8153	0.0	0.0
SRR8309975	25463142	2.0057	0.0	0.2789	0.0	0.0
SRR2081012	19727513	0.0	1.3317	0.0	0.0	0.0
SRR16938996	19352215	0.0	86.0778	0.7221	0.0	0.0
SRR25553168	19321862	0.0	1.854	6.7738	0.0	0.0
SRR15539020	7776709	1.5623	5.3693	3.3644	0.0	0.0
SRR39011234	85474791	17.3592	0.0	1.3184	0.0	0.0
SRR21021773	19316693	0.0	1.0115	0.2251	0.0	0.0
SRR34469057	26370640	0.0	2.7765	0.3948	0.0	0.0
SRR31669264	11011364	0.0	15.1608	2.7969	0.0	0.0
SRR25210797	20910285	0.0	1.0655	0.2227	0.0	0.0
SRR36015657	34763183	0.0	28.3467	0.4749	0.0	0.0
SRR25475880	1	0.0	100.0	0.0	0.0	0.0
SRR36467006	23275520	0.0	7.6003	0.4706	0.0	0.0
SRR25233145	24080248	0.0	1.2483	0.3082	0.0	0.0
SRR27373711	47815366	0.0	38.7524	1.2881	0.0	0.0
DRR098257	5615707	0.0	19.5563	1.077	0.0	0.0
SRR7641980	15480578	0.0	3.4774	0.0	0.0	0.0
SRR9134336	22896220	0.0	7.2203	2.721	0.0	0.0
SRR10148833	12006048	0.0	7.1548	0.5108	0.0	0.0
SRR10148834	11337547	0.0	7.1573	0.5107	0.0	0.0
SRR10148832	11399666	0.0	7.1391	0.5174	0.0	0.0
SRR20280069	21693154	7.1299	0.1157	3.7049	0.0	0.0
SRR33905259	26057143	0.0	1.371	0.7933	0.0	0.0
SRR36292471	38061737	3.1966	0.0	7.046	0.0	0.0
SRR18298157	12089656	0.0	4.4639	0.1489	0.0	0.0
ERR11650695	3935867	0.0	5.2528	0.6232	0.0	0.0
SRR12546065	11018794	0.0	26.7754	0.0	0.0	0.0
SRR23948041	17026441	0.0	9.4976	4.0817	0.0	0.0
SRR32805983	48509583	5.427	0.0	1.0891	0.0	0.0
SRR36496369	58110507	3.6279	0.0	0.3801	0.0	0.0
SRR37325373	60143554	1.3527	0.0	0.5356	0.0	0.0
SRR30555178	25542231	4.6086	0.0	0.2828	0.0	0.0
SRR32959941	28653366	9.2434	0.0	0.7908	0.0	0.0
SRR7267294	1622831	13.3773	0.0	0.3595	0.0	0.0
SRR8457041	51467718	0.0	30.485	0.2094	0.0	0.0
SRR6994782	9707134	2.231	0.0	0.1765	0.0	0.0
SRR11814914	23190346	0.1263	2.0951	0.3566	0.0	0.0
SRR27842075	51286332	0.0	3.2851	3.4346	0.0	0.0
ERR990490	64729159	5.7057	0.0	1.085	0.0	0.0
ERR10886950	57419575	3.0345	0.0	0.2558	0.0	0.0
SRR28560587	31934588	0.0	19.7822	0.1183	0.0	0.0
SRR36292475	36975505	12.3321	0.116	4.5917	0.0	0.0
SRR34326229	3700849	0.0	2.0502	0.1208	0.0	0.0
SRR31318970	7018881	0.0	2.7214	7.1382	0.0	0.0
SRR24019253	7117604	0.0	0.0	42.8602	0.0	0.0
SRR6215487	132543379	22.3537	1.0658	2.3264	0.0	0.0
SRR10014843	20603107	0.0	2.1355	0.0	0.0	0.0
SRR21855395	23995622	0.0	9.773	3.2948	0.0	0.0
SRR25520071	46243039	0.0	1.6721	1.9867	0.0	0.0
SRR29542351	21216557	0.0	29.3617	0.0	0.0	0.0
SRR24019269	5957448	0.0	0.0	26.3732	0.0	0.0
SRR27323409	4026556	0.0	23.3224	2.9244	0.0	0.0
SRR16938908	14599383	0.0	80.9623	0.1437	0.0	0.0
SRR10199030	25605325	0.0	1.3	0.0	0.0	0.0
SRR22130839	25138152	2.6525	0.0	0.614	0.0	0.0
DRR782985	31617947	28.8373	0.0	0.2211	0.0	0.0
SRR23450840	42835860	5.3577	0.0	0.2353	0.0	0.0
SRR17244275	22565456	0.0	26.0236	2.3664	0.0	0.0
SRR12214142	21520360	0.0	1.5288	0.0	0.0	0.0
SRR6925813	31725922	1.2621	0.0	0.8471	0.0	0.0
SRR23797934	38056175	0.0	1.1646	0.0	0.0	0.0
SRR5804925	34495445	0.4024	8.0891	0.1904	0.0	0.0
SRR7267150	1435439	4.7321	0.0	0.0	0.0	0.0
SRR24135190	12021776	0.0	57.6316	0.3403	0.0	0.0
SRR16938971	14932262	0.0	79.4214	0.0	0.0	0.0
SRR6476592	20552331	0.0	1.1522	0.0	0.0	0.0
ERR11650692	3410739	0.1376	3.6045	0.9394	0.0	0.0
SRR6186102	23620593	2.4804	0.0	0.0	0.0	0.0
SRR14915937	17555439	0.0	5.581	1.541	0.0	0.0
SRR21021580	36335370	0.0	1.4452	1.9579	0.0	0.0
SRR32962210	83772879	53.9503	0.0	0.1386	0.0	0.0
SRR31479276	42685598	0.0	4.656	1.5236	0.0	0.0
SRR7266272	1908061	3.8447	0.0	0.7507	0.0	0.0
SRR16938948	18295790	0.0	51.8952	0.2138	0.0	0.0
SRR12532052	22208514	0.0	2.7222	0.0	0.0	0.0
SRR25037587	34817165	0.0	14.2323	3.0813	0.0	0.0
SRR14116415	24114907	6.1036	0.0	0.315	0.0	0.0
SRR7152519	22083175	0.0	1.6902	0.0	0.0	0.0
SRR34300149	31420474	5.8726	0.0	6.2554	0.0	0.0
SRR17916450	19067303	16.4592	0.0	1.3277	0.0	0.0
SRR8742957	21424366	1.4826	0.0	0.1596	0.0	0.0
SRR11622367	1147458	0.0	34.9978	0.6799	0.0	0.0
SRR21021836	30582519	0.0	1.3136	1.5353	0.0	0.0
ERR10886940	47905517	4.2379	0.0	0.1999	0.0	0.0
SRR33516633	50075054	0.2293	28.6811	0.3776	0.0	0.0
SRR7265019	1834261	1.2988	0.0	0.0	0.0	0.0
SRR34257403	26899197	0.0	1.7243	0.5586	0.0	0.0
ERR10886947	51109685	3.7245	0.0	0.2192	0.0	0.0
SRR33323090	40886749	20.798	0.0	1.7367	0.0	0.0
SRR20184474	12578240	0.0	29.9662	0.1143	0.0	0.0
DRR818176	23050802	0.0	1.6171	0.3639	0.0	0.0
SRR3656913	13911277	0.0	5.9736	2.36	0.0	0.0
SRR11521335	1281202	0.0	2.3758	2.5733	0.0	0.0
SRR16017073	52133755	3.0959	0.0	0.4818	0.0	0.0
SRR20728030	34940197	0.0	6.9101	0.0	0.0	0.0
SRR15971085	28598906	0.0	21.0551	0.3869	0.0	0.0
SRR11566004	1718514	0.1125	2.0749	0.1463	0.0	0.0
SRR7593343	15132043	0.0	10.4841	0.0	0.0	0.0
SRR16938954	16563737	0.0	29.1883	0.3439	0.0	0.0
SRR25209528	23002633	0.0	14.1977	0.0	0.0	0.0
SRR32622537	22888493	1.9914	0.0	0.1153	0.0	0.0
SRR8418363	11022706	1.2941	0.0	0.3036	0.0	0.0
SRR30068641	43663123	0.0	4.3292	1.5154	0.0	0.0
SRR19752908	318555	0.0	0.0	0.0	4.829	0.0
SRR14001688	192397485	7.7396	0.0	1.4194	0.0	0.0
SRR18856184	114961863	31.639	0.0	0.372	0.0	0.0
SRR26542266	24253736	0.0	2.446	1.124	0.0	0.0
SRR29289958	27591322	0.0	39.3909	1.0818	0.0	0.0
SRR17296968	20877163	41.7531	0.0	1.3049	0.0	0.0
SRR17272042	20090142	0.0	6.3492	1.2799	0.0	0.0
SRR7264881	1542166	3.1009	0.0	0.0	0.0	0.0
SRR7508038	5009008	0.0	1.3022	0.0	0.0	0.0
SRR7196285	96620250	0.0	1.3534	0.1428	0.0	0.0
SRR8418246	7202288	3.1069	0.0	0.4015	0.0	0.0
SRR35237746	21663468	3.1274	0.0	0.7041	0.0	0.0
ERR10886913	67955401	2.5041	0.0	0.6667	0.0	0.0
SRR35741961	17072473	0.0	3.4347	0.2683	0.0	0.0
SRR21021715	16518882	0.0	1.1992	1.8217	0.0	0.0
DRR784931	23079849	0.0	42.6442	0.2087	0.0	0.0
SRR7266195	1321717	1.4657	0.0	0.0	0.0	0.0
SRR13125052	46852859	0.0	1.3631	0.4497	0.0	0.0
SRR27323342	4170900	0.0	35.3283	1.6238	0.0	0.0
SRR10137388	29729913	0.0	7.2533	0.122	0.0	0.0
SRR25522890	39223463	0.0	0.0	3.431	0.0	0.0
SRR34326341	5562030	0.0	5.1666	0.2573	0.0	0.0
SRR8078935	33317949	1.179	0.0	0.1024	0.0	0.0
SRR35182971	21924341	3.6127	0.0	0.1501	0.0	0.0
SRR38482472	55250760	0.0	2.9503	3.9389	0.0	0.0
SRR7267019	1257375	1.9882	0.0	0.0	0.0	0.0
SRR31851388	36495041	1.3458	0.0	1.7591	0.0	0.0
SRR22201522	36631574	0.0	45.0136	2.7129	0.0	0.0
SRR27333898	20320539	0.5609	4.5871	0.8536	0.0	0.0
SRR31477357	19358387	0.0	1.0577	0.7771	0.0	0.0
SRR391052	26682846	16.58	0.0	0.0	0.0	0.0
SRR3371837	6988408	0.0	42.1311	0.0	0.0	0.0
SRR8418323	10354082	3.3208	0.0	0.3745	0.0	0.0
SRR25402464	659033	0.4127	21.4317	0.8494	0.0	0.0
SRR31611561	46969324	12.3713	0.0	0.4452	0.0	0.0
SRR7764323	872113	0.0	5.4988	2.3488	0.0	0.0
SRR17296965	25316280	32.9662	0.0	1.0003	0.0	0.0
SRR19050459	24011715	9.5245	0.0	0.5818	0.0	0.0
SRR20999595	27874207	7.2964	0.0	2.0659	0.0	0.0
SRR28353105	29823254	0.0	2.0436	0.1064	0.0	0.0
SRR7266144	1445955	1.74	0.0	0.1371	0.0	0.0
SRR29606639	43587501	0.0	0.0	13.322	0.0	0.0
SRR24956620	17276741	0.0	0.0	12.889	0.0	0.0
SRR39159324	26506136	0.0	4.9539	0.1445	0.0	0.0
SRR31477331	21866784	0.0	1.7016	0.5793	0.0	0.0
SRR26264123	22929692	0.0	2.5465	1.1531	0.0	0.0
SRR17916372	21388364	24.1037	0.0	1.2135	0.0	0.0
SRR17175776	30858112	0.0	1.8504	0.2666	0.0	0.0
SRR12169368	23346230	3.8409	0.0	1.4008	0.0	0.0
SRR19165392	85560569	2.816	0.0	1.8168	0.0	0.0
SRR36473085	59344580	0.0	1.6629	0.5788	0.0	0.0
SRR22858674	25171501	0.0	9.8259	0.2185	0.0	0.0
SRR11035844	16000000	0.0	21.7367	2.6084	0.0	0.0
SRR11574381	1585706	0.0	3.454	0.3937	0.0	0.0
SRR21354783	499045	0.0	9.7747	2.118	0.0	0.0
SRR26277453	28513156	2.223	0.0	1.8949	0.0	0.0
ERR14366934	23158471	0.0	16.4871	0.3921	0.0	0.0
SRR32389833	43149565	0.0	6.3301	0.3616	0.0	0.0
SRR21354812	698225	0.0	14.6987	0.5033	0.0	0.0
SRR27322864	4972582	0.0	44.2225	1.2981	0.0	0.0
SRR7050119	22037593	0.0	0.0	2.3068	0.0	0.0
SRR21021713	36926296	0.0	4.9662	2.0522	0.0	0.0
SRR21354815	339585	0.0	13.6219	2.0613	0.0	0.0
SRR33981071	40747710	2.2258	0.0	3.0862	0.0	0.0
SRR5804918	33965523	0.4255	9.9883	0.0	0.0	0.0
SRR32487169	67519744	0.0	4.2669	0.4826	0.0	0.0
SRR19213903	5106867	0.0	6.7161	0.2688	0.0	0.0
SRR14803593	19273552	0.0	5.2538	3.9181	0.0	0.0
SRR10599086	20792287	0.0	20.8415	0.0	0.0	0.0
SRR11547100	52625484	3.5682	21.6786	0.7118	0.0	0.0
SRR24874036	24059094	0.0	1.4509	1.7346	0.0	0.0
SRR23086056	23973207	0.0	1.9233	0.4488	0.0	0.0
SRR27332036	2101062	0.5922	1.3526	0.2388	0.0	0.0
SRR4296275	21655325	16.4828	0.0	0.5393	0.0	0.0
SRR12214148	22141614	0.0	1.2404	0.0	0.0	0.0
SRR13084396	23703566	0.0	0.0	0.4614	10.5191	0.0
SRR22906547	21643222	1.7366	0.0	0.2268	0.0	0.0
SRR8984107	33926507	3.9416	0.0	2.469	0.0	0.0
SRR27322871	793905	0.0	5.1119	1.9101	0.0	0.0
SRR28365753	20210691	5.0538	0.0	1.4985	0.0	0.0
SRR7267088	2237057	1.6558	0.0	0.0	0.0	0.0
SRR6218752	25767665	1.0191	0.0	0.4672	0.0	0.0
SRR6398532	799100	0.0	9.4585	2.0837	0.0	0.0
SRR16351757	25138706	8.2774	0.0	3.2227	0.0	0.0
SRR26951126	22165742	0.0	2.1765	0.2037	0.0	0.0
SRR35650509	16090219	0.0	6.9757	0.1244	0.0	0.0
SRR26374568	34410264	0.0	4.3422	1.8417	0.0	0.0
DRR897971	13101268	0.0	27.5658	0.146	0.0	0.0
SRR22351702	21365855	0.0	3.8364	0.3896	0.0	0.0
SRR18064502	46619953	32.7175	1.3455	0.1638	0.0	0.0
SRR22894221	39650459	0.0	5.7561	0.8527	0.0	0.0
DRR842309	16304597	13.0046	0.0	0.7501	0.0	0.0
SRR7073604	13106588	0.0	3.0336	2.2521	0.0	0.0
SRR7266243	716205	3.1853	0.0	0.3879	0.0	0.0
SRR22377995	31867512	66.4358	0.0	0.363	0.0	0.0
SRR25100569	35616379	0.0	0.0	3.2107	0.0	0.0
SRR7508030	4750547	0.0	2.7972	0.0	0.0	0.0
SRR16562495	23777696	0.0	1.2982	0.0	0.0	0.0
SRR24657669	20559916	0.0	22.7457	0.3298	0.0	0.0
SRR25318402	40820641	0.1991	1.5284	1.6182	0.0	0.0
SRR32290233	35521411	5.4649	0.0	1.0948	0.0	0.0
SRR23261113	7306053	0.0	0.0	13.4014	0.0	0.0
SRR23261114	7352426	0.0	0.0	13.6987	0.0	0.0
SRR36015654	23757117	0.0	45.7905	0.4638	0.0	0.0
SRR28797240	29513942	0.0	2.4723	0.2057	0.0	0.0
SRR34326209	44146690	0.0	4.754	0.1041	0.0	0.0
SRR13084381	21955069	0.0	0.0	0.8382	9.1384	0.0
SRR8418340	3451671	11.7425	0.0	3.0534	0.0	0.0
SRR26193207	15591567	0.0	20.4258	2.2933	0.0	0.0
DRR217277	16826579	62.4429	0.0	0.2453	0.0	0.0
SRR13134684	21734159	0.0	31.4634	0.7395	0.0	0.0
ERR10886998	46193258	23.6842	0.3523	0.2551	0.0	0.0
SRR29384894	35253257	1.3087	0.0	0.3542	0.0	0.0
SRR37491897	13618772	2.9244	0.0	11.8347	0.0	0.0
SRR9030938	25793689	0.0	12.5868	0.0	0.0	0.0
SRR11887963	27575181	0.0	60.3738	0.2441	0.0	0.0
SRR31319108	743918	0.0	2.0728	1.0766	0.0	0.0
SRR20750849	489754	0.0	2.0843	1.8907	0.0	0.0
SRR7266964	1468199	1.9286	0.0	0.1039	0.0	0.0
SRR7267153	1417983	2.1579	0.0	0.0	0.0	0.0
SRR15141291	3092079	9.5844	0.0	1.4394	0.0	0.0
SRR30421790	23631075	94.0159	0.0	0.0	0.0	0.0
SRR38924909	29862270	13.6504	0.0	0.608	0.0	0.0
SRR7507910	5241046	0.0	2.557	0.0	0.0	0.0
SRR31258099	24993486	0.0	6.001	1.8842	0.0	0.0
SRR2082832	22413643	0.0	3.5719	0.0	0.0	0.0
SRR7264912	1671096	3.2518	0.0	2.4448	0.0	0.0
SRR10802174	23599079	10.0703	2.11	0.5752	0.0	0.0
SRR35737869	21204987	2.3507	0.0	2.342	0.0	0.0
SRR5448220	1122822	0.0	3.8887	0.2691	0.0	0.0
SRR5448221	8205944	0.0	3.6602	0.2614	0.0	0.0
SRR7264737	1809249	1.6887	0.0	0.0	0.0	0.0
SRR5448222	9982714	0.0	3.8614	0.2967	0.0	0.0
SRR35276962	24757907	0.0	15.1099	5.5473	0.0	0.0
SRR23614463	8667039	0.0	1.1446	1.6959	0.0	0.0
SRR12160909	24740505	0.0	6.5255	0.1141	0.0	0.0
SRR18209728	27253481	0.0	13.2028	0.617	0.0	0.0
SRR8418267	5180481	4.7387	0.0	0.5046	0.0	0.0
SRR31479353	41234795	0.0	4.4304	0.7137	0.0	0.0
SRR34257394	27302254	0.0	2.6944	0.2608	0.0	0.0
SRR28809515	27050496	0.0	2.517	0.4404	0.0	0.0
ERR3627230	86914909	0.0	0.0	2.6122	39.4759	0.0
SRR24364188	22539975	3.3449	0.0	0.2756	0.0	0.0
SRR36910264	34501844	4.1049	0.0	4.2445	0.0	0.0
ERR754079	27822650	0.0	40.7183	0.7589	0.0	0.0
SRR25968991	48127060	7.7309	0.0	2.5574	0.0	0.0
SRR29011771	24667113	0.0	1.7061	0.0	0.0	0.0
SRR16883167	44256033	0.0	1.2353	0.6295	0.0	0.0
DRR737005	20717227	0.0	5.741	0.0	0.0	0.0
SRR7267113	365377	3.9619	0.0	5.1955	0.0	0.0
SRR30421781	20829474	94.0331	0.0	0.0	0.0	0.0
DRR812962	59859140	0.0	3.2411	0.0	0.0	0.0
SRR24768934	36135108	2.2373	0.0	3.0775	0.0	0.0
SRR15364423	15637430	0.0	11.1938	0.8618	0.0	0.0
SRR22130834	25311328	3.4122	0.0	0.9625	0.0	0.0
SRR22993990	18073369	0.0	3.9166	3.4066	0.0	0.0
SRR37874236	19276092	0.0	3.9392	0.5637	0.0	0.0
SRR17408159	5755626	0.3728	27.8044	2.152	0.0	0.0
SRR6387693	17464170	0.0	1.2447	0.2227	0.0	0.0
SRR21354737	177620	0.0	26.8635	6.1688	0.0	0.0
SRR16552225	7756061	0.0	75.8762	0.2305	0.0	0.0
SRR33516217	24613259	0.0	5.3249	0.0	0.0	0.0
SRR32921746	45729384	0.0	10.2273	0.6803	0.0	0.0
SRR13824007	2509154	43.1613	0.0	0.2949	0.0	0.0
SRR33516550	25759540	0.0	2.5311	0.1017	0.0	0.0
SRR31639317	19279715	13.2693	0.0	0.2862	0.0	0.0
ERR15368209	82854485	0.1608	7.0444	0.4442	0.0	0.0
SRR17916423	17382603	33.2184	0.0	0.5864	0.0	0.0
SRR25534619	23795971	0.2306	4.6734	0.7153	0.0	0.0
SRR1631881	30534323	0.0	1.1438	0.0	0.0	0.0
SRR22377997	36252543	57.5003	0.0	0.4071	0.0	0.0
SRR35776671	35447208	0.0	22.3193	0.5957	0.0	0.0
SRR18441157	25031155	0.0	60.3384	0.1335	0.0	0.0
SRR37858684	21761639	11.2634	0.153	1.3456	0.0	0.0
SRR10599084	31062927	0.0	46.7597	0.0	0.0	0.0
SRR12998703	42359719	1.9185	0.0	0.8701	0.0	0.0
SRR16382588	22551813	0.0	5.5704	0.0	0.0	0.0
SRR38897772	20367732	0.0	46.155	0.3217	0.0	0.0
ERR15368177	64816053	0.0	15.5409	0.3345	0.0	0.0
SRR36367283	51015103	2.2612	0.231	5.0798	0.0	0.0
SRR8418257	12416524	6.2273	0.0	1.8675	0.0	0.0
SRR24956691	8474979	0.0	0.0	12.7912	0.0	0.0
SRR36134825	4963270	4.1183	0.0	1.5183	0.0	0.0
SRR33516374	25321441	0.0	1.404	0.0	0.0	0.0
SRR11622373	167037	0.0	34.9378	2.5276	0.0	0.0
SRR3098284	13326243	7.2929	0.0	0.2015	0.0	0.0
SRR30725425	41261208	0.0	1.145	0.1337	0.0	0.0
SRR6039739	31122591	4.7516	0.0	0.0	0.0	0.0
ERR14043226	29231949	0.0	1.3006	0.0	0.0	0.0
DRR897959	14451548	0.0	16.8199	0.1337	0.0	0.0
SRR12832604	37971557	0.0	54.6088	0.1546	0.0	0.0
SRR25244715	16893274	0.3004	1.2321	8.6711	0.0	0.0
SRR35277601	20166922	0.0	12.8698	0.5571	0.0	0.0
SRR18957876	33232958	0.0	0.0	1.2069	2.4296	0.0
SRR12719529	82629216	0.0	1.3403	0.0	0.0	0.0
SRR12998561	51015354	0.0	3.3386	8.8377	0.0	0.0
SRR20613472	24045112	0.0	1.1269	0.0	0.0	0.0
SRR7266148	1275105	1.9395	0.0	0.0	0.0	0.0
SRR7644284	22891862	6.0948	0.0	0.2056	0.0	0.0
SRR12214151	22081566	0.0	1.2977	0.1002	0.0	0.0
SRR10148780	18015203	0.0	8.2665	0.6396	0.0	0.0
SRR10148779	17106811	0.0	8.2668	0.6487	0.0	0.0
SRR10148781	16912551	0.0	8.2661	0.6579	0.0	0.0
SRR27297996	1373663	0.0	4.5954	0.3708	0.0	0.0
SRR26277487	21518200	1.2716	0.0	2.3963	0.0	0.0
SRR24657657	21779083	0.0	38.2542	0.435	0.0	0.0
SRR6668228	39647672	2.5297	0.0	2.5291	0.0	0.0
SRR15141136	2754577	17.0056	0.0	0.9134	0.0	0.0
SRR17183624	26195148	9.4637	0.0	0.5471	0.0	0.0
SRR21846878	22106616	0.0	1.7164	0.1927	0.0	0.0
SRR17955998	19684492	6.0625	0.0	2.1285	0.0	0.0
SRR21021842	33599175	0.0	2.1859	0.9791	0.0	0.0
SRR13341535	14867838	8.5767	0.0	17.1088	0.0	0.0
SRR7267299	1388864	3.0071	0.0	0.0	0.0	0.0
SRR7267303	1366452	3.4356	0.0	0.4247	0.0	0.0
SRR17069480	46341700	0.0	5.5636	0.4912	0.0	0.0
SRR31107625	16104081	4.5417	0.0	0.5909	0.0	0.0
SRR12739069	84716878	0.0	0.0	4.2643	0.0	0.0
SRR34326223	24241509	0.2121	6.3202	0.1632	0.0	0.0
ERR7334437	55245943	0.0	3.8458	0.5088	0.0	0.0
SRR11091415	8457020	0.0	1.7836	0.5215	0.0	0.0
SRR11574269	1298030	0.0	1.4109	0.3695	0.0	0.0
ERR10887005	56064064	24.2632	0.2943	0.2357	0.0	0.0
SRR25209555	22931023	0.0	3.4815	0.1044	0.0	0.0
SRR3724086	83373285	1.0682	0.0	3.5412	0.0	0.0
SRR32366116	21565623	0.0	3.3862	0.7827	0.0	0.0
ERR7421539	12331115	45.4728	0.1758	1.0857	0.0	0.0
SRR9903581	33177003	0.1674	6.3194	0.0	0.0	0.0
SRR36099371	86592351	83.3936	0.0	0.2076	0.0	0.0
SRR26860112	31233265	66.8827	0.0	0.0	0.0	0.0
SRR21753740	7448918	0.0	0.0	2.4261	0.0	0.0
SRR26321441	21043925	0.0	16.5108	0.0	0.0	0.0
DRR897990	15666909	0.0	16.8317	0.1755	0.0	0.0
SRR11563887	34671424	1.639	0.0	1.3766	0.0	0.0
SRR14354550	23227970	5.6708	0.0	0.6521	0.0	0.0
DRR087075	25761116	3.3517	0.0	0.0	0.0	0.0
SRR26214558	29216432	8.4386	0.0	0.2034	0.0	0.0
ERR15825697	21856178	0.0	1.5418	0.0	0.0	0.0
SRR32628207	19717626	0.0	5.3682	0.7514	0.0	0.0
SRR18428226	30858150	6.4825	0.0	2.2473	0.0	0.0
SRR26860160	36380965	74.7197	0.0	0.4275	0.0	0.0
SRR22803577	22595173	0.0	2.9567	2.4394	0.0	0.0
SRR6169933	27406263	0.0	1.5533	0.6258	0.0	0.0
SRR28288574	23647527	0.0	32.928	6.4508	0.0	0.0
SRR34421098	33718436	0.0	2.0776	0.0	0.0	0.0
SRR31078300	68848741	0.0	7.4916	1.9837	0.0	0.0
SRR11940504	11718227	0.0	10.4969	0.0	0.0	0.0
SRR7507905	5026542	0.0	1.302	0.0	0.0	0.0
SRR20997979	19964221	0.0	19.6672	0.1849	0.0	0.0
SRR12623591	14553435	4.931	0.0	1.2818	0.0	0.0
ERR10886930	45786090	16.6282	0.0	0.3191	0.0	0.0
SRR7267131	267837	18.1379	0.0	0.1725	0.0	0.0
SRR29606644	58435841	0.0	0.0	36.2773	0.0	0.0
SRR29384958	37768670	2.4566	0.0	0.4936	0.0	0.0
SRR11814896	24156200	0.0	1.5853	0.2537	0.0	0.0
SRR7267145	1578891	2.272	0.0	0.3181	0.0	0.0
ERR10962807	16525678	8.4865	0.0	0.5481	0.0	0.0
SRR10448374	5625156	1.6837	50.2134	32.9181	0.0	0.0
SRR14614687	14287304	0.0	54.541	0.121	0.0	0.0
SRR20114974	20977549	0.0	4.5318	0.3162	0.0	0.0
ERR10962808	15936061	10.7047	0.0	1.6231	0.0	0.0
SRR3537151	38354464	14.7256	0.0	0.0	0.0	0.0
SRR36744955	23876340	0.0	0.0	0.0	3.9882	0.0
SRR3623313	82840	8.5828	0.0	0.0	0.0	0.0
SRR28736450	25651713	8.0804	0.0	0.4452	0.0	0.0
SRR35893141	29140496	0.0	6.8262	0.9451	0.0	0.0
SRR14785357	64387914	0.0	4.1541	0.4499	0.0	0.0
SRR33640262	59413144	0.0	13.465	0.2442	0.0	0.0
SRR17916360	20691077	4.0046	0.0	1.2787	0.0	0.0
SRR14134358	22374488	0.0	17.5479	6.6074	0.0	0.0
SRR14134351	30756096	0.0	7.9888	4.1122	0.0	0.0
SRR8797230	22631582	0.0	1.7945	0.0	0.0	0.0
SRR21354836	696246	0.0	11.193	5.5407	0.0	0.0
SRR7000855	41381145	51.6831	0.0	0.4527	0.0	0.0
SRR8523164	12115645	0.0	1.2512	0.3576	0.0	0.0
SRR17069497	49796719	0.0	8.5674	15.1839	0.0	0.0
SRR36910244	39501702	10.3378	0.0	4.2228	0.0	0.0
SRR7264869	1466405	1.9405	0.0	4.5741	0.0	0.0
SRR35842180	9301442	0.0	1.3028	0.1697	0.0	0.0
SRR3537157	33305404	16.558	0.0	0.5326	0.0	0.0
SRR29872139	26256230	0.0	1.3293	0.5614	0.0	0.0
SRR21354745	273447	0.0	23.9736	3.9968	0.0	0.0
SRR27323408	3609149	0.1944	22.9945	4.3973	0.0	0.0
SRR23797920	33678837	0.0	1.5817	0.0	0.0	0.0
SRR33516622	24843653	0.0	2.8608	0.1846	0.0	0.0
SRR20480221	20674188	0.0	3.128	1.9987	0.0	0.0
SRR17916377	16750098	30.6634	0.0	0.2406	0.0	0.0
DRR737895	19013582	0.0	2.0554	0.3148	0.0	0.0
SRR29290340	22245472	6.0459	0.0	0.3161	0.0	0.0
SRR27866691	50280692	0.1143	1.7921	12.9413	0.0	0.0
SRR28393282	547332	0.0	3.3651	1.2398	0.0	0.0
SRR19412900	41960187	0.0	3.3551	3.2629	0.0	0.0
SRR928707	575918	0.0	1.4592	0.0	0.0	0.0
SRR7172323	33583406	5.6685	0.0	0.0	0.0	0.0
SRR36910239	29910929	10.1496	0.0	4.8547	0.0	0.0
SRR7264941	1596670	1.8413	0.0	0.0	0.0	0.0
ERR14835965	31145324	51.5474	0.0	3.4253	0.0	0.0
SRR31258097	26511186	0.0	12.7585	1.5466	0.0	0.0
SRR30495739	24900122	1.7096	0.0	6.4887	0.0	0.0
SRR11681086	13180504	3.0829	0.0	6.9045	7.9	0.0
DRR1000739	25531854	0.0	69.9729	0.1322	0.0	0.0
ERR10887003	66120388	23.1634	0.3525	0.1425	0.0	0.0
SRR14697011	25618242	0.156	3.1078	0.1326	0.0	0.0
SRR9919012	23200514	0.0	3.1478	0.1411	0.0	0.0
SRR12245841	31064213	0.242	23.0753	0.2306	0.0	0.0
SRR14785362	80136643	0.0	19.6222	0.9243	0.0	0.0
SRR36352691	28259745	0.0	2.7385	0.2725	0.0	0.0
SRR10161844	7934585	37.5942	0.0	0.1665	0.0	0.0
SRR12103241	179	0.0	15.6425	0.0	0.0	0.0
SRR11814737	19380553	0.191	2.148	0.1858	0.0	0.0
SRR33634355	39875281	0.0	4.2857	5.6445	0.0	0.0
SRR31323386	26565597	0.0	18.0516	4.1548	0.0	0.0
SRR16025767	48527476	0.0	0.0	4.2166	0.0	0.0
SRR25723156	16482175	0.0	10.7905	2.0083	0.0	0.0
SRR31806271	20222055	0.0	2.3463	1.5932	0.0	0.0
SRR11282468	14009713	0.0	2.5004	1.0252	0.0	0.0
SRR13566501	23242190	0.0	2.9609	0.217	0.0	0.0
SRR33516658	25134750	0.0	2.3046	0.2347	0.0	0.0
SRR36015660	22289647	0.2055	0.0	0.9093	28.6359	0.0
ERR990471	19187790	92.0683	0.0	0.645	0.0	0.0
DRR569852	8728332	0.0	0.0	4.1473	0.0	0.0
SRR16938935	19495375	0.0	80.849	0.2211	0.0	0.0
SRR20750933	430636	0.0	1.5837	1.8401	0.0	0.0
SRR17325830	23306194	0.0	1.7234	0.0	0.0	0.0
SRR29872138	23688484	0.0	1.7233	0.5037	0.0	0.0
SRR27323414	929679	0.0	21.9976	4.1096	0.0	0.0
SRR36491039	32049545	0.0	1.7196	0.348	0.0	0.0
SRR38890936	34468593	0.0	8.3293	0.0	0.0	0.0
SRR17332328	17144651	0.0	0.0	32.1356	0.0	0.0
SRR7264739	1664772	2.0361	0.0	0.0	0.0	0.0
SRR8742910	23532389	1.3307	0.0	0.1131	0.0	0.0
SRR11566042	1672243	0.0	1.1412	0.0	0.0	0.0
SRR5171584	60878739	11.4182	0.0	1.2381	0.0	0.0
SRR34300124	24342837	2.1526	0.1742	11.3342	0.0	0.0
SRR35182958	23039397	4.144	0.0	0.1074	0.0	0.0
SRR11291062	43573289	0.0	2.6125	0.9133	0.0	0.0
SRR6127714	13622300	0.3073	9.0821	5.8739	0.0	0.0
SRR20297065	27986598	0.0	2.3043	6.5482	0.0	0.0
SRR36910268	37167876	2.0651	0.0	4.5876	0.0	0.0
SRR15130301	26329972	0.0	16.8131	0.9072	3.5739	0.0
SRR13156673	17422655	0.0	0.0	3.229	0.0	0.0
SRR12475889	21500034	0.0	2.4421	2.0836	0.0	0.0
SRR9680700	36950614	0.0	1.5577	0.0	0.0	0.0
SRR13528768	50862334	0.0	2.268	1.6126	0.0	0.0
SRR16382587	22538421	0.0	5.4836	0.0	0.0	0.0
SRR28797248	26653118	0.0	7.9717	0.1172	0.0	0.0
SRR22973876	30982168	7.8811	0.0	1.0658	0.0	0.0
SRR21021606	27883061	0.0	1.4372	1.1513	0.0	0.0
SRR7507913	4832896	0.0	1.6709	0.0	0.0	0.0
SRR8357922	13685085	0.0	2.4908	0.1282	0.0	0.0
SRR24058387	54817102	0.6023	2.4284	1.0894	0.0	0.0
DRR897979	4661952	0.0	31.319	0.1016	0.0	0.0
ERR572010	12794683	0.0	5.5143	0.6301	0.0	0.0
DRR399872	11992467	0.0	0.0	7.5112	0.0	0.0
SRR993850	10483986	0.0	6.5839	0.0	0.0	0.0
SRR5195762	52416887	0.0	5.2209	0.0	0.0	0.0
SRR5909661	1499157	1.7104	0.0	0.1258	0.0	0.0
SRR13566500	20140052	0.0	3.7789	0.0	0.0	0.0
SRR16229264	26425561	0.1077	15.3356	1.9735	0.0	0.0
SRR20184522	7818180	0.0	29.1746	0.1141	0.0	0.0
SRR35736105	26705012	0.0	49.0517	0.7226	0.0	0.0
SRR17069494	52500910	0.0	2.2331	0.3892	0.0	0.0
SRR23797935	42836080	0.0	2.1513	0.1116	0.0	0.0
SRR10199031	28606027	0.0	1.5159	0.0	0.0	0.0
SRR8691562	26613007	0.0	1.4696	0.0	0.0	0.0
SRR23948049	26672505	0.0	21.8452	5.8642	0.0	0.0
SRR27298003	1176892	0.0	3.1424	0.5593	0.0	0.0
SRR11785369	274966938	6.5466	0.0	1.6934	0.0	0.0
SRR16958434	47883201	87.7508	0.0	0.8378	0.0	0.0
SRR9051295	11907089	1.1983	0.0	3.0508	0.0	0.0
SRR7963501	25399238	0.0	1.1895	0.0	0.0	0.0
SRR16156330	9871588	49.0163	0.0	0.4325	0.0	0.0
SRR28288577	24771787	0.0	3.5664	12.8091	0.0	0.0
SRR38924908	36365391	12.5843	0.0	0.5397	0.0	0.0
SRR37662224	11585363	0.0	37.3808	0.5339	0.0	0.0
SRR26264122	22688550	0.0	1.9891	0.969	0.0	0.0
SRR6215490	116123621	64.5597	3.426	0.6176	0.0	0.0
SRR27842612	28119630	0.0	4.6534	0.1132	0.0	0.0
SRR38890931	33790747	22.4264	3.2908	0.1552	0.7931	0.0
SRR32959942	20082713	9.5064	0.0	1.0266	0.0	0.0
ERR5732373	22960684	0.0	0.0	2.3201	0.0	0.0
SRR22044130	9493037	0.0	3.7658	1.1468	0.0	0.0
SRR31669340	15865303	0.0	12.5797	1.5632	0.0	0.0
SRR7266145	1535251	3.5358	0.0	0.0	0.0	0.0
SRR35533168	21246110	0.0	2.0725	0.2362	0.0	0.0
SRR32909013	21567490	0.0	3.3117	0.9227	0.0	0.0
SRR12160903	23818712	0.0	18.6091	0.4458	0.0	0.0
SRR31854879	21568649	0.0	1.9279	0.0	0.0	0.0
SRR18474743	20125921	21.6536	0.0	0.1671	0.0	0.0
DRR499815	28587649	0.0	2.1838	4.9169	0.0	0.0
SRR15685542	22184763	0.0	1.7049	0.3052	0.0	0.0
SRR24737261	26696521	16.8497	0.0	0.7027	0.0	0.0
SRR26277457	21197723	1.4462	0.0	1.9691	0.0	0.0
SRR36606541	23302046	0.8122	3.3212	0.2826	0.0	0.0
SRR38194317	67764931	77.9044	0.0	0.4154	0.0	0.0
SRR27333901	29655558	11.93	10.2509	1.3725	0.0	0.2683
SRR26329871	21224858	0.0	6.1023	1.8761	0.0	0.0
ERR7421543	21559465	19.6457	0.6799	0.4527	0.0	0.0
SRR3724106	31961990	76.0583	0.0	4.9683	0.0	0.0
SRR10161837	5312152	34.5755	0.0	0.1616	0.0	0.0
SRR21921832	24017718	0.0	3.4034	0.4678	0.0	0.0
SRR20750869	318694	0.0	2.0967	1.6712	0.0	0.0
SRR27322870	4133114	0.0	4.5825	38.443	0.0	0.0
SRR32514821	21133212	0.0	7.3876	0.5141	0.0	0.0
SRR34300111	32405134	7.7338	0.5538	5.5983	0.0	0.0
SRR30499015	24421023	5.5674	0.0	7.9873	0.0	0.0
SRR7508004	4292347	0.0	2.3562	0.0	0.0	0.0
SRR28289601	59573061	0.0	24.7117	0.5473	0.0	0.0
SRR27323315	5774330	0.0	57.4906	1.6802	0.0	0.0
ERR13148049	21029422	2.2533	2.8805	0.0	0.0	0.0
ERR13148047	21066904	2.2543	2.8958	0.0	0.0	0.0
ERR13148048	19827773	2.2881	2.7905	0.0	0.0	0.0
SRR29688058	23895298	0.0	3.4305	0.2697	0.0	0.0
SRR33701061	24548766	0.0	1.7386	0.3931	0.0	0.0
SRR16958435	45103764	86.9918	0.0	0.7555	0.0	0.0
SRR11574213	1692681	0.0	1.6836	0.3214	0.0	0.0
SRR14590658	943560	1.887	0.0	3.9771	0.0	0.0
SRR18107579	5273513	0.0	3.2593	4.6636	0.0	0.0
SRR34326386	23363976	0.1667	1.7507	0.1157	0.0	0.0
SRR36292509	46844100	12.5259	0.0	5.6572	0.0	0.0
SRR27323037	1464598	0.0	6.9148	2.2691	0.0	0.0
SRR4209785	12317516	0.0	7.7089	0.0	0.0	0.0
SRR4209786	12342538	0.0	7.6904	0.0	0.0	0.0
SRR4209787	12336229	0.0	7.4531	0.0	0.0	0.0
SRR15141228	4357702	11.6449	0.0	1.2706	0.0	0.0
SRR7266981	1322213	2.7263	0.0	0.0	0.0	0.0
SRR7266076	1551176	6.6916	0.0	0.0	0.0	0.0
SRR11791260	36475109	0.0	3.5301	8.2701	0.0	0.0
SRR12615813	4701210	0.0	1.3971	1.1653	0.0	0.0
SRR17310606	105933692	0.0	8.5262	3.6158	0.0	0.0
SRR12054298	32389752	3.2195	0.0	0.5536	0.0	0.0
SRR28743730	21176199	20.836	1.1078	1.5332	0.0	0.0
SRR30725444	38568701	0.0	2.7231	0.1354	0.0	0.0
SRR29011654	24035354	0.0	9.1573	0.1047	0.0	0.0
SRR39011232	115105173	4.7673	0.0	0.8305	0.0	0.0
SRR34326406	4968004	0.0	2.3096	0.0	0.0	0.0
SRR18171580	50009210	11.4907	0.0	0.4607	0.0	0.0
SRR28926630	32724978	5.2677	0.0	0.1764	0.0	0.0
SRR39147256	25596039	1.2981	4.9459	0.6303	0.0	0.0
SRR12546062	11495909	0.0	21.8507	0.0	0.0	0.0
SRR25969018	44651419	5.4969	0.0	2.8613	0.0	0.0
SRR32081254	19415131	0.0	3.2793	3.0981	0.0	0.0
SRR17191160	30201839	0.0	2.0217	1.3195	0.0	0.0
SRR15966678	53435036	0.378	2.0497	0.145	0.0	0.0
ERR13147808	31965025	0.6121	1.8054	0.0	0.0	0.0
SRR3654595	16439215	0.0	6.7037	2.4523	0.0	0.0
SRR35531415	16526866	0.1415	1.4072	0.145	0.0	0.0
SRR28736447	24789442	2.1927	0.0	0.978	0.0	0.0
SRR29012015	26099125	0.0	1.445	0.0	0.0	0.0
SRR22858688	21628184	0.0	8.781	0.8509	0.0	0.0
SRR35415225	15495542	0.0	2.522	0.2486	0.0	0.0
SRR20750932	396720	0.0	2.1567	2.2477	0.0	0.0
SRR21002208	36728181	1.3271	0.0	0.4038	0.0	0.0
SRR13486976	2245	0.0	3.3853	0.1782	0.0	0.0
SRR38858532	41487185	2.2855	0.0	1.6346	0.0	0.0
SRR7266361	2492869	1.7053	0.0	0.0	0.0	0.0
SRR36778582	21901085	11.7457	0.0	0.4545	0.0	0.0
SRR10135181	9598471	0.0	2.7382	3.139	0.0	0.0
SRR10291777	55035712	2.7048	0.0	0.3651	0.0	0.0
SRR21354736	167197	0.0	18.7832	9.0462	0.0	0.0
SRR31538830	19992928	10.1494	0.0	0.0	0.0	0.0
SRR33516612	23550128	0.0	5.1728	0.0	0.0	0.0
ERR14033852	27686583	0.2866	0.0	4.5576	0.0	0.0
SRR33516618	25173280	0.0	2.2668	0.1905	0.0	0.0
SRR31669265	11644798	0.0	11.5534	1.6101	0.0	0.0
SRR33798862	29064223	0.1305	0.0	6.1727	0.0	0.0
SRR34326514	4470656	0.0	1.609	0.0	0.0	0.0
SRR31479313	22505621	0.0	4.3057	0.4412	0.0	0.0
SRR31562868	21358900	0.0	1.6278	0.7838	0.0	0.0
SRR15056241	24435564	0.0	6.1141	5.4691	0.0	0.0
SRR14615535	9395715	2.4329	1.2445	0.244	0.0	0.0
SRR25402459	1376708	0.2681	15.4874	0.2321	0.0	0.0
SRR8204127	24235558	23.6701	0.0	0.0	0.0	0.0
SRR11565960	2022795	0.0	2.9097	0.0	0.0	0.0
SRR35228106	24207689	0.0	9.2971	2.5528	0.0	0.0
SRR25402486	1814004	0.5139	6.8646	0.3864	0.0	0.0
SRR27323300	2834449	0.0	40.0203	2.5599	0.0	0.0
SRR7402484	23905737	3.1761	0.0	2.0546	0.0	0.0
SRR8984398	29246728	0.163	1.3989	0.0	0.0	0.0
SRR18064507	36627221	4.5164	0.1474	0.1417	0.0	0.0
SRR11462958	3404680	0.0	5.3942	7.2934	0.0	0.0
SRR29221783	19486602	0.0	2.4378	1.5733	0.0	0.0
SRR29726219	44361587	0.7604	35.7172	2.6026	0.0	0.0
SRR28479980	24377732	0.0	2.908	0.2223	0.0	0.0
SRR7267115	1617235	8.6222	0.0	0.1593	0.0	0.0
SRR14068157	27766085	7.2496	0.0	1.698	0.0	0.0
ERR12177542	30154846	0.0	0.0	10.3811	0.0	0.0
ERR10926707	99231929	9.9047	0.0	0.261	0.0	0.0
ERR15368200	64849095	0.0	14.2913	0.3993	0.0	0.0
ERR10886978	50942427	3.541	0.0	0.5204	0.0	0.0
SRR20613463	19673024	0.0	3.6375	0.0	0.0	0.0
SRR34355018	20836139	0.0	59.8985	0.3808	0.0	0.0
SRR20750991	1315978	0.0	2.6844	1.308	0.0	0.0
SRR25933702	10644380	0.0	2.2716	12.03	0.0	0.0
SRR9134376	37063789	0.0	1.0355	6.8258	0.0	0.0
SRR23907348	29816897	6.4538	0.0	1.5019	2.635	0.0
SRR34326530	4888739	0.0	1.8401	0.1251	0.0	0.0
SRR37385208	13073815	0.2495	70.2956	0.7861	0.0	0.0
SRR29001887	25391906	0.0	3.072	0.2233	0.0	0.0
SRR23852713	407	0.0	25.5528	38.5749	0.0	0.0
SRR33516294	24391870	0.0	3.448	0.1076	0.0	0.0
SRR3742202	20126466	0.0	1.5701	0.0	0.0	0.0
SRR11947557	27828898	25.7238	0.0	1.3282	0.0	0.0
SRR28973408	25123912	0.0	12.9451	0.1307	0.0	0.0
SRR9701372	25864741	0.0	2.1845	0.3167	0.0	0.0
SRR7408206	40515336	3.8838	0.0	0.0	0.0	0.0
SRR8416463	21546465	10.7865	0.2188	0.0	0.0	0.0
SRR26617662	34653933	0.0	2.8308	0.2372	0.0	0.0
SRR34844825	22403414	0.0	27.0414	0.0	0.0	0.0
SRR20750939	556328	0.0	1.1448	2.7913	0.0	0.0
SRR31519448	47637153	0.0	3.7325	7.1449	0.0	0.0
SRR22890349	28115972	0.0	14.9684	0.3733	0.0	0.0
SRR19213933	5008905	0.0	3.7562	0.5312	0.0	0.0
SRR14803594	27337098	0.0	11.2316	3.9624	0.0	0.0
SRR34326495	27122655	0.0	7.6745	0.1748	0.0	0.0
SRR18441169	28004654	0.0	46.8597	0.4381	0.0	0.0
SRR16958439	50334154	18.0496	0.0	1.0807	0.0	0.0
DRR444703	10404707	0.0	9.1304	1.7643	0.0	0.0
SRR35430839	10242381	0.0	11.7729	0.3895	0.0	0.0
SRR7265080	1083696	1.9697	0.0	1.0689	0.0	0.0
SRR17244268	22382988	0.0	6.8036	4.9201	0.0	0.0
SRR12245844	27984009	0.2415	12.188	0.338	0.0	0.0
SRR10161842	7139429	30.8433	0.0	0.2148	0.0	0.0
SRR18394853	25964615	0.0	0.0	12.1161	0.0	0.0
SRR10135396	9698086	0.576	3.6	0.7269	0.0	0.0
ERR14835977	67412788	32.1064	0.0	0.1901	0.0	0.0
SRR29289929	30000215	0.0	28.3323	0.9086	0.0	0.0
SRR29087937	18964147	22.3003	0.0	0.2531	0.0	0.0
SRR32514819	19623435	0.0	1.1156	0.8067	0.0	0.0
SRR19055235	31044373	56.0351	0.0	3.7373	0.0	0.0
SRR26877716	19268288	1.7952	0.2233	0.591	0.0	0.0
SRR17543544	23213190	1.4968	0.0	0.2365	0.0	0.0
SRR23524538	43673422	0.0	3.7569	1.0059	0.0	0.0
SRR13449984	69706254	0.4254	4.4592	1.3915	0.0	0.0
SRR14674059	14720963	1.5718	0.0	1.3853	0.0	0.0
SRR1287028	23484590	0.0	0.0	4.7695	0.0	0.0
SRR9276697	38591895	0.1163	1.7342	0.0	0.0	0.0
SRR25402482	1395421	8.945	5.2196	0.624	0.0	0.0
SRR8749364	52156457	0.0	66.2514	0.1074	0.0	0.0
SRR31669390	9965820	0.0	5.7018	1.3708	0.0	0.0
SRR10135164	3746003	0.0	3.2051	0.0	0.0	0.0
SRR24956609	18847106	0.0	0.0	17.897	0.0	0.0
SRR29186627	24761766	0.0	3.6471	1.4078	0.0	0.0
SRR7267002	7366046	2.697	0.0	0.0	0.0	0.0
ERR3971859	23214531	0.0	0.0	1.2333	8.6853	0.0
SRR14674027	10239760	1.914	0.0	0.6535	0.0	0.0
SRR20679984	23164415	0.0	23.7629	4.9275	0.0	0.0
SRR22201525	45738088	0.0	45.9137	0.9079	0.0	0.0
SRR11880367	20406093	0.0	3.3976	1.7093	0.0	0.0
SRR10737662	15832644	9.2169	0.0	0.8829	0.0	0.0
SRR23436092	20739114	0.0	2.1696	0.1771	0.0	0.0
SRR23598362	43455152	2.8294	0.0	0.9115	0.0	0.0
SRR31301021	18691386	0.0	5.8523	2.401	0.0	0.0
SRR14068146	28498228	12.2976	0.0	0.9864	0.0	0.0
SRR16938972	15851381	0.0	57.0331	0.2336	0.0	0.0
SRR17916441	17105080	31.5592	0.0	0.2035	0.0	0.0
SRR17408149	5039966	0.1639	40.635	15.1225	0.0	0.0
SRR12169369	22167131	4.2788	0.0	1.4326	0.0	0.0
SRR8204153	20995878	22.3834	0.0	0.0	0.0	0.0
SRR24019270	9689072	0.0	0.0	27.3817	0.0	0.0
SRR21098345	20616586	3.071	0.0	0.2727	0.0	0.0
SRR27323332	4491403	0.0	35.7178	1.3178	0.0	0.0
SRR23628287	41419513	0.0	1.8838	0.0	0.0	0.0
DRR737896	19779356	0.0	2.3801	0.3605	0.0	0.0
SRR891238	49850779	0.0	29.7129	0.0	0.0	0.0
SRR16938887	17502101	0.0	89.5467	0.7086	0.0	0.0
SRR31318968	3129288	0.0	4.0618	5.9929	0.0	0.0
SRR5932878	18685109	0.0	1.487	0.0	0.0	0.0
SRR6511852	37267964	1.4967	0.0	0.0	0.0	0.0
SRR7361600	21621984	0.0	1.5682	0.0	0.0	0.0
SRR27322889	4219965	0.0	19.1936	1.4496	0.0	0.0
SRR30045620	25204085	6.3727	0.0	2.5587	0.0	0.0
SRR29384898	34758454	1.6482	0.0	2.2664	0.0	0.0
SRR16282435	29891429	0.1842	3.0199	0.3489	0.0	0.0
SRR30725443	43145221	0.0	1.1464	0.1017	0.0	0.0
SRR36747014	26307540	0.0	0.0	2.1565	0.0	0.0
SRR25516699	26862043	0.0	3.0668	2.0992	0.0	0.0
SRR30795874	53240932	0.0	26.283	0.4982	0.0	0.0
SRR22130838	31959389	2.6759	0.0	0.6517	0.0	0.0
SRR28785889	7990055	0.0	36.5256	20.7764	0.0	0.0
SRR12360029	68548006	1.7116	0.0	0.4334	0.0	0.0
SRR7507896	4808273	0.0	3.5321	0.142	0.0	0.0
SRR13590824	21925304	0.0	4.3307	0.129	0.0	0.0
SRR14697015	17072442	0.0	6.8323	0.0	0.0	0.0
SRR12546082	11098796	0.0	32.8364	0.0	0.0	0.0
SRR36099375	65984962	33.0232	0.0	0.2184	0.0	0.0
SRR11045109	228723192	0.3203	6.9394	1.1867	0.0	0.0
SRR7000843	50863074	5.4006	0.0	0.1135	0.0	0.0
SRR16709586	30247376	0.0	8.0264	0.3695	0.0	0.0
SRR12546074	11499848	0.0	41.0732	0.0	0.0	0.0
SRR28872815	44307470	1.5483	16.8488	2.6691	0.0	0.0
SRR22044115	18779114	0.0	1.48	3.8296	0.0	0.0
ERR2930821	23092483	0.0	35.581	6.2763	0.0	0.0
SRR22425942	43426754	0.0	2.8575	2.0783	0.0	0.0
SRR36910200	43373747	2.7971	0.3038	5.0687	0.0	0.0
SRR12768244	42892169	0.0	2.0077	6.0063	0.0	0.0
ERR4606223	23080941	0.0	1.1414	0.2986	0.0	0.0
ERR10962827	15547648	28.1749	0.0	0.5264	0.0	0.0
SRR11176669	43765192	0.0	1.5606	0.0	0.0	0.0
SRR25301297	25528694	0.1624	4.892	1.432	0.0	0.0
SRR7508113	5213368	0.0	1.3231	0.5483	0.0	0.0
SRR2782419	67331430	0.0	8.885	0.0	0.0	0.0
SRR10135402	14774665	0.0	1.5139	0.307	0.0	0.0
SRR36933155	19265286	0.0	2.6859	4.5894	0.0	0.0
SRR13069804	25377043	0.0	6.1675	0.8381	0.0	0.0
SRR13168006	34729373	7.6666	0.0	1.1271	0.0	0.0
SRR7526698	12698001	1.6139	0.0	0.0	0.0	0.0
SRR20438159	34668708	1.0499	0.0	1.1924	0.0	0.0
SRR15539021	7912897	0.7326	76.2511	0.2316	0.0	0.0
SRR30708810	25914802	0.0	13.463	1.1236	0.0	0.0
SRR5871163	33053736	35.6792	0.0	0.1666	0.0	0.0
SRR23086060	22305481	0.0	1.4178	0.2784	0.0	0.0
SRR39793474	22393345	0.1138	0.0	0.0	6.6253	0.0
SRR8445733	72891611	0.0	1.2064	2.0532	0.0	0.0
SRR24115450	23218510	1.1728	0.0	3.5851	0.0	0.0
SRR25485574	21911400	0.0	1.7753	0.0	0.0	0.0
SRR30421787	52428903	79.0824	0.0	0.1408	0.0	0.0
SRR14696965	18205528	0.0	2.438	0.4176	0.0	0.0
SRR7264831	1901708	2.4309	0.0	0.0	0.0	0.0
SRR24657671	20910269	0.0	53.4769	0.375	0.0	0.0
SRR35531446	17811731	0.0	3.8917	0.0	0.0	0.0
SRR33846329	25840524	2.8399	0.1487	0.3815	0.0	0.0
SRR36491047	32725135	0.0	1.0327	0.2706	0.0	0.0
SRR3724164	29674185	9.1916	0.0	0.2885	0.0	0.0
SRR11566015	1666398	0.0	3.2435	0.218	0.0	0.0
SRR36910226	39283952	2.8941	0.0	4.0869	0.0	0.0
SRR11887968	29114479	0.0	14.9311	0.159	0.0	0.0
SRR20750839	1084525	0.0	1.5215	1.5135	0.0	0.0
SRR23198252	21759874	0.0	7.816	0.0	0.0	0.0
SRR32962926	2670461	0.0	3.3264	0.0	0.0	0.0
SRR27297856	2034176	0.0	3.6307	0.287	0.0	0.0
SRR9851947	33161578	2.0107	0.1073	0.0	0.0	0.0
SRR6398546	750584	1.514	12.3702	36.0302	0.0	0.0
SRR28637148	19641940	0.1137	2.5571	17.1801	0.0	0.0
SRR36467004	22792854	0.0	5.1497	0.4862	0.0	0.0
SRR7644378	26982723	38.833	0.0	0.1704	0.0	0.0
SRR25683590	23652378	0.0	3.6801	0.5504	0.0	0.0
SRR36287295	26266788	0.0	2.7885	0.4859	0.0	0.0
DRR992011	26135207	0.0	2.4554	0.0	0.0	0.0
SRR22122954	29856669	27.8201	0.0	0.7334	0.0	0.0
SRR1174219	31528993	0.8726	1.2254	0.4262	0.0	0.0
SRR7608168	23690026	0.4153	0.0	1.5886	0.0	0.0
SRR11947573	28346018	8.4148	0.0	0.6556	0.0	0.0
SRR28108703	2631792	0.0	5.271	26.6174	0.0	0.0
SRR6308306	8643696	4.7384	0.0	0.0	0.0	0.0
SRR11809807	28425907	0.0	9.1319	1.878	0.0	0.0
SRR27667429	27283880	1.8388	0.0	1.4984	0.0	0.0
SRR36292437	24492597	7.2874	0.0	5.5844	0.0	0.0
ERR15368199	79251321	0.0	23.6358	0.3521	0.0	0.0
SRR13488005	19060455	0.0	3.4865	0.0	0.0	0.0
SRR7267235	2644616	2.1846	0.0	0.0	0.0	0.0
SRR21764264	13090944	0.0	1.9333	1.9544	0.0	0.0
ERR14823240	38693200	23.6304	0.0	0.0	0.0	0.0
SRR3313171	24460582	0.0	7.7836	0.5035	0.0	0.0
SRR1693374	31774360	0.0	4.0886	0.1455	0.0	0.0
SRR13298301	48467014	0.0	18.9987	0.1732	0.0	0.0
SRR13566497	24796107	0.445	7.8422	0.1773	0.0	0.0
SRR15685539	24915749	0.0	2.2604	0.3208	0.0	0.0
SRR27297758	3636937	0.0	4.2688	0.1897	0.0	0.0
SRR32389825	50381181	0.0	2.9055	0.1998	0.0	0.0
SRR7264694	1868360	1.1173	0.0	0.1577	0.0	0.0
ERR1314967	64245257	1.4661	0.0	1.7896	0.0	0.0
SRR26860047	32672208	66.4958	0.0	0.1581	0.0	0.0
SRR33538893	28376900	0.0	9.1882	0.0	0.0	0.0
SRR30202414	23358669	0.0	4.7073	0.0	0.0	0.0
ERR4339362	17856457	0.0	1.2897	1.1403	0.0	0.0
SRR33386588	25791703	0.0	5.7679	1.1954	0.0	0.0
SRR577040	187000156	1.5504	0.0	0.0	0.0	0.0
SRR34763514	59113012	0.0	0.0	2.3619	0.0	0.0
SRR18030118	13431969	0.0	0.0	3.9404	0.0	0.0
SRR7265991	1651418	3.7121	0.0	0.1794	0.0	0.0
SRR7266035	1217530	4.0599	0.0	0.1078	0.0	0.0
SRR23907338	29905213	27.7229	0.0	0.9807	0.0	0.0
SRR32120532	24580124	0.0	1.2328	0.3754	0.0	0.0
SRR28872806	27418761	0.7329	4.071	1.9666	0.0	0.0
SRR21192931	23077255	0.0	1.4368	2.3302	0.0	0.0
SRR5878416	12900354	0.2492	28.6756	0.0	0.0	0.0
SRR12532058	22326466	0.0	2.0707	0.0	0.0	0.0
SRR9669028	51811515	5.8663	0.2061	3.5627	0.0	0.0
SRR15439221	79673040	0.0	21.0962	0.0	0.0	0.0
SRR25233155	24062817	0.1465	2.5007	0.0	0.0	0.0
SRR24956594	16646311	0.0	0.0	11.7013	0.0	0.0
SRR26905360	9858094	0.0	37.8658	1.6415	0.0	0.0
SRR7266238	1129763	2.1187	0.0	0.0	0.0	0.0
SRR3157057	21049435	2.2401	0.0	0.0	0.0	0.0
SRR11574264	2077588	0.0	2.0222	0.3519	0.0	0.0
SRR21354772	334706	0.0	9.4614	2.7293	0.0	0.0
SRR24888035	21380917	3.4853	0.0	4.8462	0.0	0.0
SRR29001889	22800737	0.0	4.4878	0.3216	0.0	0.0
SRR20705618	31235006	0.0	32.8467	1.6039	0.0	0.0
SRR21928647	40213551	28.0946	0.0	0.9928	0.0	0.0
SRR10034002	22104971	2.5625	0.0	0.2145	0.0	0.0
SRR37798406	27280769	6.5172	0.3731	4.1188	0.0	0.0
SRR36106816	31799057	0.0	5.3742	0.2967	0.0	0.0
SRR30815558	21576734	0.0	3.382	0.0	0.0	0.0
SRR7267018	1207867	2.4231	0.0	0.0	0.0	0.0
SRR36171023	25300107	0.0	1.7462	0.2882	0.0	0.0
SRR1793815	18101537	1.3371	0.0	0.1321	0.0	0.0
SRR28731226	20667077	16.9466	0.8883	0.7475	0.0	0.0
SRR15634092	45197820	4.3045	0.0	0.4761	0.0	0.0
SRR15607730	23722992	0.0	0.0	0.5049	3.292	0.0
SRR33964658	39048641	0.0	2.0044	0.0	0.0	0.0
SRR7264920	1685102	3.7241	0.0	0.0	0.0	0.0
SRR29289954	29950730	0.0	26.4574	1.2087	0.0	0.0
SRR34469076	21001417	0.0	5.6661	0.3958	0.0	0.0
ERR754080	28366674	0.0	60.9655	2.2324	0.0	0.0
SRR21021571	36824112	0.0	1.7983	1.8443	0.0	0.0
SRR7264840	2864153	1.7154	0.0	1.1623	0.0	0.0
SRR25046350	19926313	27.5849	0.0	1.3468	0.0	0.0
SRR25996496	23601307	0.0	1.5284	1.2619	0.0	0.0
SRR11558301	17979887	0.0	1.1344	0.142	0.0	0.0
SRR12963500	30792307	0.0	1.4284	0.3076	0.0	0.0
SRR14870477	52323498	26.6484	0.0	0.9973	0.0	0.0
SRR19426693	49716952	23.5678	0.0	0.4675	0.0	0.0
SRR24223102	21031495	0.0	1.4275	0.1343	0.0	0.0
SRR38924871	34333483	15.3462	0.0	0.5551	0.0	0.0
SRR7507998	4475003	0.0	2.9936	0.0	0.0	0.0
SRR35278660	23977282	0.0	14.7739	3.4042	0.0	0.0
ERR13249913	20857082	0.0	0.0	8.7611	0.0	0.0
SRR24956601	16924556	0.0	0.0	80.213	0.0	0.0
ERR7421527	40578956	38.212	0.6316	0.4304	0.0	0.0
SRR8984406	27655679	0.0	1.821	0.0	0.0	0.0
SRR36864321	24889466	0.0	1.3142	0.4628	0.0	0.0
SRR8418313	1280202	2.639	0.0	0.2147	0.0	0.0
SRR17520151	24242959	8.4243	0.0	0.526	0.0	0.0
ERR4369200	27827592	0.0	25.8345	0.8959	0.0	0.0
ERR3791723	23156765	0.0	0.0	7.2398	0.0	0.0
SRR17456170	26568086	0.0	12.165	1.2212	0.0	0.0
SRR8418271	5931871	4.9099	0.0	0.4504	0.0	0.0
SRR20480247	28514744	0.0	2.2247	7.9201	0.0	0.0
SRR1793916	15849818	4.4913	0.0	0.0	0.0	0.0
SRR10599093	48681269	0.0	89.4652	0.0	0.0	0.0
SRR8053090	4536828	0.0	3.9762	17.9486	0.0	0.0
ERR2003410	85752620	8.9814	0.0	0.0	0.0	0.0
SRR20613468	23121187	0.0	1.7696	0.0	0.0	0.0
SRR21237717	21426478	0.0	29.9629	1.6007	0.0	0.0
SRR11241368	47757986	0.0	0.0	6.0074	0.0	0.0
SRR7507938	4795034	0.0	2.4575	1.222	0.0	0.0
SRR19632016	40977798	0.0	19.983	0.0	0.0	0.0
SRR27276431	20115141	4.2343	0.0	0.0	0.0	0.0
SRR28736446	26526995	4.1517	0.0	0.79	0.0	0.0
SRR15560142	14003573	0.0	16.7126	0.5039	0.0	0.0
SRR38897776	20241186	0.0	13.2139	0.3121	0.0	0.0
SRR17971121	24167827	0.0	1.6033	1.1223	0.0	0.0
ERR2695962	7299566	0.0	11.9078	3.995	0.0	0.0
SRR26975740	22574118	65.0651	0.0	3.4297	0.0	0.0
SRR11430708	25418423	0.0	2.415	0.0	0.0	0.0
SRR7518376	24488462	0.0	28.2503	0.0	0.0	0.0
SRR8586767	30663424	8.9307	0.0	0.7145	0.0	0.0
SRR31669299	15843618	0.0	10.8927	3.4631	0.0	0.0
SRR37215781	31805487	18.1834	0.0	0.6555	0.0	0.0
ERR10886964	51465161	22.7646	0.0	0.2551	0.0	0.0
SRR27297810	3567350	0.0	4.5469	0.5936	0.0	0.0
SRR24859167	22218122	0.0	1.6322	0.1454	0.0	0.0
SRR10769489	29090956	1.6798	0.0	1.7877	0.0	0.0
SRR15838469	58843266	2.2825	0.0	1.7888	0.0	0.0
ERR3627232	77443678	0.0	0.0	1.6459	76.1662	0.0
SRR11291063	43562549	0.0	1.929	0.523	0.0	0.0
SRR7264896	1473513	1.1641	0.0	0.0	0.0	0.0
SRR32395602	24244793	0.0	1.9108	0.0	0.0	0.0
SRR36744949	23465876	0.0	0.0	0.2657	37.7882	0.0
SRR20438190	126881507	1.1479	0.0	2.1222	0.0	0.0
SRR36233444	21776467	1.868	0.0	0.1671	0.0	0.0
SRR24657666	21604917	0.0	18.8078	0.4921	0.0	0.0
SRR38897770	20247080	0.0	56.7968	0.6097	0.0	0.0
SRR18919193	24188447	0.3666	0.0	2.7705	0.0	0.0
SRR1975197	26189292	14.116	0.0	0.1411	0.0	0.0
SRR30498934	21792446	5.7434	0.0	3.3479	0.0	0.0
SRR28731220	27905877	31.3469	0.8229	1.1423	0.0	0.0
SRR27322879	2755987	0.0	9.9616	1.4632	0.0	0.0
SRR33326865	36257917	6.4291	0.0	1.9587	0.0	0.0
SRR31107632	11651760	32.7923	0.0	0.2818	0.0	0.0
SRR13528966	41589725	0.1254	1.1999	1.2827	0.0	0.0
SRR17267250	18510308	7.8277	0.0	0.5624	0.0	0.0
SRR23628276	42417497	0.0	2.5937	0.0	0.0	0.0
ERR3891488	4047933	0.0	6.6041	0.571	0.0	0.0
SRR27866694	23119631	0.0	4.106	4.3854	0.0	0.0
SRR30357901	52756958	0.1296	2.276	0.1785	0.0	0.0
SRR8204136	20568407	7.7488	0.0	0.0	0.0	0.0
SRR16938882	15531531	0.0	79.9449	0.1355	0.0	0.0
SRR27235809	28057130	0.0	2.545	0.4612	0.0	0.0
SRR37072221	22090704	35.6337	2.1818	0.0	0.0	0.0
DRR736975	25939961	0.0	4.0179	0.0	0.0	0.0
SRR6837848	108741903	0.0	1.9026	1.2991	0.0	0.0
SRR25472800	23939070	0.0	1.5183	0.7803	0.0	0.0
SRR25522911	36155190	0.0	0.0	2.1965	0.0	0.0
SRR26374569	37712059	0.405	3.1148	1.8378	0.0	0.0
SRR32959936	24114900	10.7053	0.0	1.0696	0.0	0.0
SRR31801790	21778672	0.0	3.6934	0.5318	0.0	0.0
SRR14673956	16438992	2.6753	0.0	0.9466	0.0	0.0
SRR27298254	1832937	0.0	8.6312	0.7807	0.0	0.0
SRR34300101	32605529	6.0191	0.0	9.1059	0.0	0.0
SRR36186706	23842995	0.0	3.5694	0.1522	0.0	0.0
SRR26214572	29260818	14.6475	0.0	0.3706	0.0	0.0
SRR16277817	18737086	4.9042	0.0	3.5313	0.0	0.0
SRR866225	32845285	0.3212	3.0897	0.2305	0.0	0.0
SRR6123558	11384554	42.0896	0.0	0.0	0.0	0.0
ERR572011	12961414	0.0	2.8118	0.6955	0.0	0.0
SRR24235219	22636973	0.0	25.8204	0.1797	0.0	0.0
SRR11574200	3031756	0.0	4.2753	0.2213	0.0	0.0
SRR11574238	458143	0.0	3.4011	0.2394	0.0	0.0
SRR30795869	52446884	0.0	43.1612	0.5047	0.0	0.0
SRR35874119	21472235	0.0	5.7105	0.2462	0.0	0.0
SRR14710542	116331894	0.0	1.8566	0.0	0.0	0.0
SRR33516423	24526262	0.0	1.252	0.101	0.0	0.0
SRR10802193	21127849	19.0831	0.0	0.4039	0.0	0.0
DRR303029	9192665	0.0	0.0	4.4223	0.0	0.0
SRR35430840	15426170	0.0	24.5206	0.2962	0.0	0.0
ERR14043235	23760250	0.0	3.2956	0.0	0.0	0.0
ERR3891498	3837240	0.0	31.4612	3.6221	0.0	0.0
SRR15141141	4014245	11.434	0.0	1.273	0.0	0.0
SRR17316540	8659346	0.0	1.1932	2.7265	0.0	0.0
SRR28479705	22639409	0.1367	1.2367	0.9548	0.0	0.0
SRR28785881	6076042	0.0	31.8433	18.7786	0.0	0.0
ERR4131959	5388757	0.0	0.0	5.6425	0.0	0.0
SRR11946742	28219817	0.0	3.0742	0.3231	0.0	0.0
SRR10416834	13139349	0.0	11.4595	0.6293	0.0	0.0
SRR24825388	22287085	0.0	15.7522	2.0326	0.0	0.0
SRR16480649	25393956	0.0	4.5932	8.2147	0.0	0.0
SRR27323122	3851023	0.0	9.5899	4.9855	0.0	0.0
SRR16214537	23027899	0.0	14.8341	2.139	0.0	0.0
SRR7692637	15294247	13.2299	0.0	0.4382	0.0	0.0
SRR24019265	7960816	0.0	0.0	27.3097	0.0	0.0
SRR14141731	126713060	0.0	9.0144	0.0	0.0	0.0
SRR16025766	48515413	0.0	0.0	3.4127	0.0	0.0
ERR11669015	42711263	0.0	1.2347	0.0	0.0	0.0
SRR22044131	13246257	0.0	1.3909	1.2235	0.0	0.0
SRR11566079	677041	0.0	3.0586	0.0	0.0	0.0
SRR25760402	30639803	0.0	8.7215	0.2285	0.0	0.0
ERR14835982	64333966	47.2942	0.0	0.1766	0.0	0.0
SRR21354863	1053248	0.0	51.7208	3.017	0.0	0.0
ERR3596733	78240411	7.7359	0.0	0.216	0.0	0.0
SRR8418256	3384348	4.4845	0.0	0.2309	0.0	0.0
SRR34326319	4766389	0.0	3.1992	0.0	0.0	0.0
SRR34326385	37038458	0.0	1.4271	0.0	0.0	0.0
SRR13171428	25845598	0.0	1.5573	0.0	0.0	0.0
SRR13480432	25447852	0.0	2.9834	0.1711	0.0	0.0
ERR13249929	22272254	0.0	0.0	22.3367	0.0	0.0
SRR10160960	25169241	0.0	8.6052	3.8095	0.0	0.0
SRR10448365	4973873	5.821	26.6231	37.324	0.0	0.0
SRR21798524	40455294	30.6203	0.0	0.0	0.0	0.0
SRR27323233	2572753	0.0	3.2393	2.4682	0.0	0.0
SRR18030108	12658871	0.0	0.0	4.7235	0.0	0.0
SRR23948055	26200738	0.0	3.6192	3.2871	0.0	0.0
SRR33279957	27025949	0.0	51.2848	2.2954	0.0	0.0
SRR13951267	19120725	0.0	3.0543	0.0	0.0	0.0
SRR19897811	22767625	2.5107	0.0	0.6765	0.0	0.0
SRR33516659	22262137	0.0	2.4594	0.2633	0.0	0.0
SRR10148740	10287830	0.0	2.2377	1.601	0.0	0.0
SRR10148739	9083347	0.0	2.2256	1.6029	0.0	0.0
SRR10148741	11275963	0.0	2.2277	1.6001	0.0	0.0
SRR35874128	23981170	0.0	12.8192	0.2205	0.0	0.0
SRR8845280	23236369	0.0	2.7625	0.4363	0.0	0.0
SRR25379815	23313048	0.0	18.568	1.349	1.7494	0.0
SRR9329508	23937180	0.1011	13.2327	0.1433	0.0	0.0
SRR10802171	23580453	5.6188	4.1687	0.6337	0.0	0.0
SRR19752894	66654	0.0	0.0	0.0	7.5464	0.0
SRR22430818	42472956	0.0	1.8379	0.0	0.0	0.0
SRR36594197	23528518	6.3964	0.0	1.1322	0.0	0.0
SRR35247847	24444127	0.0	12.241	0.6092	0.0	0.0
SRR3571672	78240411	7.7303	0.0	0.0	0.0	0.0
SRR34326359	3453272	0.0	4.2562	0.0	0.0	0.0
SRR25891116	18472350	0.0	9.5328	0.4313	0.0	0.0
ERR14043233	27909502	0.0	2.0823	0.1077	0.0	0.0
SRR10148770	11003732	0.0	7.1183	0.2463	0.0	0.0
SRR10148771	11585222	0.0	7.1116	0.2441	0.0	0.0
SRR10148772	11040426	0.0	7.132	0.2453	0.0	0.0
SRR25969031	26005134	4.5557	0.0	1.1956	0.0	0.0
SRR33161021	19480705	6.2986	0.0	1.1829	0.0	0.0
SRR12533153	33578242	0.0	3.0425	0.6249	0.0	0.0
SRR29676344	27958468	0.0	0.0	3.8316	0.0	0.0
SRR7267149	1474907	3.1304	0.0	0.2447	0.0	0.0
SRR21354851	567743	0.0	6.9704	1.3517	0.0	0.0
SRR22044126	8865599	0.0	4.5966	0.9271	0.0	0.0
SRR24956634	8095836	0.0	0.0	16.2605	0.0	0.0
SRR14673967	12209151	1.7608	0.0	1.9341	0.0	0.0
SRR16939002	17336758	0.0	54.1999	0.612	0.0	0.0
SRR38881095	36340203	0.0	85.7652	0.1533	0.0	0.0
SRR1631903	31752047	0.0	1.0308	0.0	0.0	0.0
DRR1066144	19972092	8.9954	0.0	4.1408	0.0	0.0
SRR8418255	4917971	2.4986	0.0	0.1379	0.0	0.0
SRR27326390	110266	8.9855	0.1007	2.5928	0.0	0.0
SRR3371838	12029584	0.0	21.4896	0.4278	0.0	0.0
SRR27297727	1517689	0.0	5.5481	0.8853	0.0	0.0
SRR16938945	16567165	0.0	72.2845	0.5972	0.0	0.0
SRR25301282	1255576	0.0	3.9259	0.4761	0.0	0.0
SRR16011644	46006572	1.8875	0.0	0.9665	0.0	0.0
ERR15825694	21256219	0.0	1.1747	0.1173	0.0	0.0
SRR33905256	27146854	0.0	3.0645	1.1996	0.0	0.0
SRR33883188	21529188	0.2998	5.8006	0.3984	0.0	0.0
SRR29872486	23732614	3.2487	0.0	2.4353	0.0	0.0
SRR20280078	26697184	0.0	8.7098	2.9683	0.0	0.0
ERR15289762	20524609	0.0	2.6905	0.1172	0.0	0.0
SRR7266081	1848150	6.3673	0.0	0.5263	0.0	0.0
DRR897949	19445973	0.0	46.3362	0.1369	0.0	0.0
SRR26661802	18486998	0.111	2.2214	3.6453	0.0	0.0
SRR29606658	39177161	0.0	0.0	35.4141	0.0	0.0
SRR20705586	31304842	0.0	56.0362	0.9889	0.0	0.0
SRR38194316	22247325	35.3079	0.1254	1.0426	0.0	0.0
SRR37630603	22935623	0.0	3.1557	0.3745	0.0	0.0
SRR6398553	658945	0.0	19.7545	0.8128	0.0	0.0
SRR31477316	23356875	0.0	1.1041	0.3297	0.0	0.0
SRR23261117	7099560	0.0	0.0	14.2434	0.0	0.0
SRR23261118	7156591	0.0	0.0	14.5892	0.0	0.0
SRR14674035	12157183	2.4379	0.0	2.1804	0.0	0.0
SRR13346888	21733152	0.0	1.285	1.7212	0.0	0.0
SRR33516568	26658005	0.0	1.1162	0.0	0.0	0.0
SRR35650426	16447717	0.0	1.3385	0.3551	0.0	0.0
SRR31323383	27560870	0.0	20.8958	0.5768	0.0	0.0
SRR31596364	24087691	0.3151	5.5656	0.1404	0.0	0.0
SRR21354730	679215	0.0	45.1582	4.6751	0.0	0.0
SRR38441803	20487449	0.8957	4.6619	0.1768	0.0	0.0
SRR38271980	22246883	0.0	12.266	1.4549	0.0	0.0
SRR23100174	18333020	0.0	3.0727	0.0	0.0	0.0
SRR10744008	21293265	0.0	0.0	2.7914	0.0	0.0
DRR730071	39130719	0.0	25.4115	0.6649	0.0	0.0
SRR29646198	33587436	0.0	4.1842	0.6102	0.0	0.0
SRR25522707	37600367	0.0	0.0	2.7343	0.0	0.0
SRR39695469	26228086	0.0	7.5002	0.7574	0.0	0.0
SRR5644048	30780293	0.0	1.1628	2.838	0.0	0.0
SRR32335847	21496562	0.0	2.5504	0.994	0.0	0.0
SRR34326338	5608521	0.0	5.1302	0.124	0.0	0.0
SRR33516207	22648880	0.0	1.7759	0.1543	0.0	0.0
SRR32514824	25515395	0.0	42.0325	0.1978	0.0	0.0
SRR5933024	15337619	0.0	1.3434	0.0	0.0	0.0
SRR36496994	22063809	6.4989	0.0	0.5175	0.0	0.0
SRR27344853	25118959	0.0	3.217	1.7901	0.0	0.0
ERR13765087	16473618	0.0	30.8643	0.0	0.0	0.0
SRR11462954	540136957	0.0	1.8566	4.4607	0.0	0.0
SRR27866696	66369494	0.0	3.4893	4.7388	0.0	0.0
DRR761694	31120866	0.0	3.646	0.2815	0.0	0.0
SRR25485542	23500336	0.0	2.26	0.2304	0.0	0.0
SRR15141333	4188663	11.5322	0.0	1.2848	0.0	0.0
SRR28353103	30620380	0.0	2.9676	0.1355	0.0	0.0
SRR7641981	16419074	0.0	2.8671	0.1395	0.0	0.0
SRR24223105	22791617	0.0	1.8337	0.9877	0.0	0.0
SRR8416458	23941131	5.1469	0.1131	0.0	0.0	0.0
SRR26511472	29951630	1.8608	0.4082	0.127	0.0	0.0
SRR37519598	26272660	0.408	46.9786	0.8036	0.0	0.0
SRR29848867	24561391	12.0648	0.0	3.4085	0.0	0.0
ERR13249316	21899619	0.0	0.0	5.7691	0.0	0.0
SRR6347972	31330841	1.3561	0.0	4.8579	0.0	0.0
SRR32467364	80132618	1.1787	0.0	0.4408	0.0	0.0
SRR33516552	24488631	0.0	11.224	0.1033	0.0	0.0
ERR2930839	21726161	0.0	22.6905	7.3703	0.0	0.0
SRR7266125	2057264	7.5082	0.0	0.0	0.0	0.0
SRR10148716	9359957	0.0	3.4666	0.3293	0.0	0.0
SRR10148715	8211899	0.0	3.4736	0.327	0.0	0.0
SRR10148717	10255614	0.0	3.4537	0.3241	0.0	0.0
SRR19892198	21675272	3.4154	0.0	4.9222	0.0	0.0
SRR17916454	17067423	34.1257	0.0	0.56	0.0	0.0
SRR27323390	2527620	0.0	12.9286	3.6951	0.0	0.0
SRR30125673	23140104	0.0	84.8663	1.0325	0.0	0.0
SRR7266161	3076383	3.5951	0.0	0.0	0.0	0.0
SRR25379784	20677685	0.0	0.0	0.602	2.2338	0.0
SRR7265001	1689993	5.2961	0.0	0.0	0.0	0.0
SRR12342823	35199621	47.9915	0.0	0.0	0.0	0.0
SRR26089605	21277184	0.0	10.0585	1.0419	0.0	0.0
SRR24956567	12847185	0.0	0.0	15.0873	0.0	0.0
SRR38914085	31057724	0.2369	5.0388	8.8873	0.0	0.0
ERR2003417	6985636	8.7402	0.0	0.0	0.0	0.0
SRR5832387	26164804	0.0	1.0279	0.0	0.0	0.0
SRR29011663	24865174	0.0	3.372	0.1222	0.0	0.0
SRR27903354	23751118	0.0	2.3852	0.3567	0.0	0.0
SRR29352956	33692235	0.0	13.6576	1.2211	0.0	0.0
SRR25379810	20369233	0.0	13.7948	0.8877	0.3292	0.0
SRR3383816	15587805	4.8163	0.0	0.6006	0.0	0.0
SRR10161817	16755228	16.3457	0.0	5.3007	0.0	0.0
SRR14673972	17089885	2.0141	0.0	0.8685	0.0	0.0
SRR21021756	30577459	0.2103	5.6848	0.2062	0.0	0.0
SRR12768242	38308227	0.0	8.8166	6.5174	0.0	0.0
SRR7264931	1265933	1.3957	0.0	0.0	0.0	0.0
SRR9593705	21874312	0.0	1.6235	0.0	0.0	0.0
SRR23628277	41981084	0.0	4.3124	0.0	0.0	0.0
SRR12747914	44342833	0.0	2.724	1.0038	0.0	0.0
SRR30498992	26683597	1.4875	0.0	5.3977	0.0	0.0
SRR27323136	15217	0.0	9.2265	7.5771	0.0	0.0
SRR21021672	34113799	0.0	1.6248	0.2971	0.0	0.0
SRR23948035	21546435	0.0	29.3016	4.236	0.0	0.0
SRR25969033	29788296	3.3757	0.0	2.2803	0.0	0.0
SRR29011772	27447157	0.0	1.6612	0.0	0.0	0.0
SRR7508018	4605430	0.0	1.5577	1.6516	0.0	0.0
ERR2930827	34087373	0.0	16.1709	7.8621	0.0	0.0
SRR12341085	966921	6.3963	0.0	0.825	0.0	0.0
ERR13230641	205610	0.0	0.0	13.4468	0.0	0.0
SRR5995706	21333798	0.0	2.1156	0.0	0.0	0.0
SRR12532053	22269020	0.0	1.963	0.0	0.0	0.0
SRR38258969	122088076	0.0	79.8066	0.2159	0.0	0.0
SRR28797243	35807707	0.0	12.4271	0.2819	0.0	0.0
SRR35971063	35752054	0.0	0.0	3.6984	0.0	0.0
SRR33323098	39976406	15.9617	0.0	1.3834	0.0	0.0
SRR7266050	1517064	7.1425	0.0	0.1644	0.0	0.0
DRR490161	32128673	0.0	36.548	4.0946	0.0	0.0
SRR13298299	47419319	0.0	17.8019	0.0	0.0	0.0
SRR15130296	30646889	0.0	0.0	1.6431	1.254	0.0
SRR35737658	29698697	0.0	16.0431	0.0	0.0	0.0
SRR36291707	23544346	1.2976	2.8287	0.689	0.0	0.0
SRR7267152	1717785	1.9315	0.0	1.0756	0.0	0.0
ERR16140389	41044362	0.243	5.6997	1.0016	0.0	0.0
SRR12899050	58844486	0.0	83.4206	0.2539	0.0	0.0
SRR33516494	24487667	0.0	1.5496	0.134	0.0	0.0
SRR29938184	142352409	0.0	0.0	2.2183	0.0	0.0
SRR30708822	25433061	0.0	54.1996	0.4517	0.0	0.0
SRR10290619	15505888	3.9741	0.0	1.5804	0.0	0.0
SRR38194323	54107569	67.3696	0.0	0.499	0.0	0.0
SRR7264977	1609352	3.5066	0.0	0.1063	0.0	0.0
SRR16082455	11922045	3.4987	0.0	0.0	0.0	0.0
SRR24633684	22181199	0.0	3.8672	1.0015	0.0	0.0
SRR24376169	20177311	0.0	3.7168	1.1419	0.0	0.0
SRR28956775	23726866	0.0	2.4649	9.1151	0.0	0.0
SRR37630606	27601648	0.0	1.9268	0.3387	0.0	0.0
SRR21617268	29285102	0.0	0.0	1.9177	0.0	0.0
SRR34326235	3552615	0.0	1.9982	0.0	0.0	0.0
SRR1582133	8152846	43.5463	0.0	0.0	0.0	0.0
SRR1582134	11204868	23.5376	0.0	0.0	0.0	0.0
SRR39574501	23281502	0.0	2.9955	0.0	0.0	0.0
SRR33226738	103934095	0.0	12.665	1.4688	0.0	0.0
SRR23797942	30113015	0.0	1.2103	0.1406	0.0	0.0
SRR27298087	3002897	0.0	4.4348	0.4294	0.0	0.0
SRR31596363	24120563	0.0	7.0644	0.1097	0.0	0.0
SRR29289932	31519192	0.0	40.4397	0.7875	0.0	0.0
DRR992053	22989979	0.0	1.4081	0.1183	0.0	0.0
SRR14675284	85401586	0.0	1.6258	1.9967	0.0	0.0
SRR36134890	8065922	6.4121	0.0	4.0711	0.0	0.0
SRR16760704	19796977	0.0	1.1936	0.1321	0.0	0.0
SRR27323313	3041448	0.0	9.132	1.8499	0.0	0.0
SRR21354740	240440	0.0	27.0013	8.3971	0.0	0.0
SRR30555174	19384367	4.5356	0.0	0.5824	0.0	0.0
SRR36367322	27869889	6.212	0.2714	8.5416	0.0	0.0
SRR37703385	35475491	0.0	71.0747	0.0	0.0	0.0
SRR1779321	22362967	0.0	10.5072	0.3168	0.0	0.0
SRR24145574	21663366	14.796	0.0	2.0332	0.0	0.0
SRR15901536	11743487	32.7517	0.0	0.7666	0.0	0.0
SRR35779160	50823550	4.8707	0.0	1.7785	0.0	0.0
SRR30555141	22068331	4.509	0.0	0.6177	0.0	0.0
SRR20438165	127518789	1.4688	0.0	1.7192	0.0	0.0
SRR21846999	18134816	0.1093	6.6625	0.2663	0.0	0.0
SRR24804918	21620942	0.0	5.521	7.171	0.0	0.0
DRR812960	82215083	0.0	3.1246	0.0	0.0	0.0
SRR8486299	12516333	2.4468	0.0	8.4911	0.0	0.0
SRR14615521	9395782	0.1514	23.1367	0.2343	0.0	0.0
SRR28353106	41860650	0.0	4.7836	0.0	0.0	0.0
ERR10691687	4685071	0.0	4.3025	5.1138	0.0	0.0
SRR7266151	2712428	2.118	0.0	0.0	0.0	0.0
SRR13662596	12089847	4.4608	0.0	0.0	0.0	0.0
SRR21151069	20664240	2.7258	0.0	1.5962	0.0	0.0
SRR23046700	48354494	0.0	4.2723	1.5219	0.0	0.0
SRR7266202	4395218	4.5619	0.0	0.0	0.0	0.0
SRR17589114	27218426	0.0	2.3648	0.1687	0.0	0.0
ERR3627234	101302809	0.0	0.0	1.8762	66.0444	0.0
SRR14162029	616995876	0.0	4.0266	0.219	0.0	0.0
SRR35893133	28449428	0.0	5.4591	1.2715	0.0	0.0
ERR10926669	79208032	9.3322	0.0	0.2024	0.0	0.0
SRR13486988	1849	0.0	4.543	0.4327	0.0	0.0
SRR27394013	25038698	0.0	2.0268	5.1385	0.0	0.0
SRR27298148	1524804	0.0	7.7651	0.3395	0.0	0.0
SRR35931052	54733498	8.434	0.0	0.5762	0.1104	0.0
SRR26039821	61638456	0.0	0.0	4.9185	0.0	0.0
SRR38924894	38675928	18.2455	0.0	0.5493	0.0	0.0
ERR7221680	10323214	0.0	37.6469	0.2934	0.0	0.0
SRR20728023	34900022	0.0	4.4717	0.0	0.0	0.0
SRR7264717	2779854	2.183	0.0	0.1591	0.0	0.0
SRR10507276	28636713	0.0	1.0137	0.0	0.0	0.0
SRR25969020	43052432	6.757	0.0	1.1648	0.0	0.0
SRR9854227	22363825	0.0	2.5945	0.0	0.0	0.0
SRR14224162	20118419	12.0677	0.0	0.2161	0.0	0.0
SRR19892194	29011159	1.7357	0.0	3.9238	0.0	0.0
SRR30495744	34601269	1.4638	0.0	5.7249	0.0	0.0
SRR13574968	34495116	0.607	3.0494	8.31	0.0	0.0
SRR19548535	23416109	0.0	12.3518	0.3312	0.0	0.0
SRR30708820	26060342	0.0	9.6075	1.3334	0.0	0.0
SRR12998704	41596063	1.7898	0.0	0.8726	0.0	0.0
SRR9680691	37869788	0.0	1.9917	0.0	0.0	0.0
SRR29606645	25866202	0.0	0.0	8.0423	0.0	0.0
SRR10582639	72135784	2.2549	0.0	0.1539	0.0	0.0
ERR10886974	45130937	2.6406	0.0	0.2555	0.0	0.0
SRR34300125	33648798	2.3949	0.0	8.8952	0.0	0.0
SRR8358000	15794922	0.0	1.4272	0.0	0.0	0.0
SRR29606640	51170625	0.0	0.0	8.8811	0.0	0.0
SRR18274443	20377563	0.0	1.8273	0.0	0.0	0.0
SRR16709560	31797717	0.0	13.1045	0.3444	0.0	0.0
SRR30499032	28569864	4.7258	0.0	4.8445	0.0	0.0
SRR2932318	24282973	0.0	3.4953	0.0	0.0	0.0
SRR33516462	23250501	0.0	1.8479	0.2329	0.0	0.0
SRR35647249	37277957	0.0	0.0	5.2132	0.0	0.0
SRR35237750	21642867	3.6307	0.0	0.7209	0.0	0.0
SRR3371846	14443458	0.0	25.9358	0.0	0.0	0.0
SRR7413622	3846960	4.41	0.0	2.6843	0.0	0.0
SRR37570565	44089670	0.0	0.0	0.4462	17.3732	0.0
SRR24807942	55737949	2.4269	0.0	1.1286	0.0	0.0
SRR9854242	22643580	0.0	6.117	0.0	0.0	0.0
SRR10189437	20666747	73.2633	0.0	1.0556	0.0	0.0
SRR7266052	853911	2.2135	0.0	0.1589	0.0	0.0
SRR32487175	65558092	0.0	5.7274	0.4431	0.0	0.0
SRR27323399	6722823	0.0	61.3527	2.0263	0.0	0.0
SRR20297070	31628304	0.0	1.3187	4.1654	0.0	0.0
SRR28110578	22415369	0.0	12.5782	0.1011	0.0	0.0
SRR22425838	53810417	4.6408	0.0	1.2769	0.0	0.0
ERR10886936	56920620	13.5825	0.0	0.1467	0.0	0.0
SRR3290281	10416973	2.0237	0.0	0.0	0.0	0.0
SRR29676251	37896333	0.0	0.0	5.4716	0.0	0.0
SRR7264864	3413897	2.2776	0.0	0.0	0.0	0.0
ERR15114478	40966428	8.2554	0.266	2.3684	0.0	0.0
SRR37519592	29252739	0.452	52.1089	0.7554	0.0	0.0
SRR17456108	25774187	0.0	2.959	3.8231	0.0	0.0
SRR8992614	2391571	3.4213	0.0	0.1227	0.0	0.0
SRR27851043	24180501	0.0	2.0665	0.7739	0.0	0.0
SRR8992616	1696401	3.4488	0.0	0.1245	0.0	0.0
SRR8992615	2381637	3.4436	0.0	0.1239	0.0	0.0
SRR10210760	10052131	0.0	15.3223	0.1335	0.0	0.0
SRR35237745	23127649	3.7472	0.0	0.8415	0.0	0.0
SRR10448373	2566375	4.7373	40.033	32.0652	0.0	0.0
SRR36292446	34653436	5.6184	0.2096	4.6236	0.0	0.0
SRR25301044	22224283	0.0	1.3907	1.2771	0.0	0.0
SRR19435301	23690264	0.0	29.9872	0.7869	0.0	0.0
SRR4897538	11912279	0.0	7.8025	0.3542	0.0	0.0
SRR24019254	5460062	0.0	0.0	7.6877	0.0	0.0
SRR20750826	665144	0.0	1.1748	1.3394	0.0	0.0
ERR16864430	39096641	0.0	1.4161	2.853	0.0	0.0
SRR17235575	69752428	0.0	2.2819	0.8734	0.0	0.0
SRR25336886	25297171	0.0	4.8768	1.1535	0.0	0.0
SRR33981615	16833879	3.0219	0.0	0.9617	0.0	0.0
SRR7264894	1167650	2.1957	0.0	3.7906	0.0	0.0
SRR21798528	51812492	50.7171	0.0	0.0	0.0	0.0
SRR18957879	37556746	0.0	0.0	1.0111	3.0208	0.0
SRR20722048	10819866	0.0	1.8799	5.6807	0.0	0.0
SRR15833441	15414624	6.5241	0.0	0.4962	0.0	0.0
SRR3371867	14633917	0.0	7.5918	0.1194	0.0	0.0
SRR26060546	22094213	0.0	4.4523	6.2251	0.0	0.0
SRR8871477	25602606	1.855	0.0	0.1315	0.0	0.0
SRR10690861	23087712	0.0	1.3405	1.4321	0.0	0.0
SRR4107127	55819640	0.0	2.11	0.3796	0.0	0.0
SRR5493920	26691487	3.6478	0.0	12.7179	0.0	0.0
SRR32584170	23424076	0.0	1.1716	0.2653	0.0	0.0
SRR12160904	21572359	0.0	7.3645	0.7129	0.0	0.0
SRR7538196	30071859	0.0	2.5258	0.0	0.0	0.0
SRR7644327	20520753	8.5522	0.0	0.1651	0.0	0.0
SRR22975704	19351211	10.6651	0.0	0.8682	0.0	0.0
SRR24906444	21404497	0.0	2.3534	1.3866	0.0	0.0
SRR1793911	11187786	2.9928	0.0	0.1174	0.0	0.0
SRR6257745	27598872	0.0	7.0315	0.9014	0.0	0.0
SRR8873467	49214782	0.0	1.2456	0.0	0.0	0.0
SRR14812913	30067898	66.5492	0.0	0.705	0.0	0.0
SRR25233159	24136094	0.0	2.024	0.0	0.0	0.0
SRR34697349	20859691	5.3067	0.0	0.9641	0.0	0.0
SRR38271976	21489691	0.0	15.4391	1.0977	0.0	0.0
SRR13664504	32143796	0.0	2.0533	0.0	0.0	0.0
SRR1773570	56499960	2.0427	0.0	0.0	0.0	0.0
SRR7517501	26812748	0.0	22.6832	0.0	0.0	0.0
SRR7517502	24498364	0.0	1.3582	0.0	0.0	0.0
SRR10189429	25223513	65.9437	0.0	0.4927	0.0	0.0
SRR10448332	203691	0.0	63.6307	0.3775	0.0	0.0
SRR25998751	41757041	3.702	0.0	3.8263	0.0	0.0
SRR30708816	27017272	0.2036	15.1819	1.1171	0.0	0.0
SRR38272472	33519328	0.4884	9.3328	0.4897	0.0	0.0
SRR25254669	28301123	0.0	2.9053	0.7752	0.0	0.0
SRR28872817	41365844	0.2846	6.8513	2.5922	0.0	0.0
SRR14803601	19519718	0.0	27.6748	4.8235	0.0	0.0
SRR10135292	9801104	0.0	4.4833	0.4757	0.0	0.0
SRR25233158	24132913	0.0	2.2396	0.0	0.0	0.0
SRR7644338	42747626	23.5697	0.0	0.0	0.0	0.0
SRR18394856	31178856	0.0	0.0	14.6992	0.0	0.0
SRR7264883	1795803	3.3148	0.0	0.0	0.0	0.0
SRR34300121	19258785	4.4086	0.0	6.2878	0.0	0.0
SRR8309914	23270251	2.7712	0.0	1.5772	0.0	0.0
SRR35105548	29569053	6.9599	0.0	0.6599	0.0	0.0
SRR3098286	15420600	9.611	0.0	0.336	0.0	0.0
SRR17227542	34654704	0.0	1.0732	4.8004	0.0	0.0
SRR29198176	24364321	0.0	2.4841	1.4495	0.0	0.0
SRR26617469	39722331	0.0	4.4079	0.0	0.0	0.0
SRR35430853	14205893	0.0	4.5862	0.7273	0.0	0.0
SRR34674977	20927295	0.0	1.3704	11.5312	0.0	0.0
SRR27371168	21126653	0.0	1.7874	0.2356	0.0	0.0
ERR16140404	36175328	1.9235	2.8294	0.8159	0.0	0.0
SRR7507886	4169206	0.0	2.216	1.1782	0.0	0.0
SRR14933763	29891970	0.0	3.1153	0.2713	0.0	0.0
SRR29452646	25950360	0.1225	3.4403	0.2694	0.0	0.0
SRR34326218	28396587	0.1293	9.1214	0.0	0.0	0.0
SRR24911513	22993077	0.1713	1.2925	1.6853	0.0	0.0
SRR13486992	1977157	1.4197	2.8794	0.8405	0.0	0.0
SRR39041376	42537234	3.4095	0.0	0.9082	0.0	0.0
SRR30673026	27879055	1.506	0.0	1.1945	0.0	0.0
SRR20297069	17692911	0.0	1.8793	6.1473	0.0	0.0
SRR38355302	16195907	42.3765	0.0	0.304	0.0	0.0
ERR10387782	53199257	0.0	1.034	2.3181	0.0	0.0
SRR13341786	24218933	0.0	1.3727	0.5075	0.0	0.0
SRR15538945	10401197	4.3206	0.1672	2.8791	0.0	0.0
SRR30725449	34511644	0.0	2.7536	0.1053	0.0	0.0
SRR36292463	34316346	7.9924	0.6219	4.2195	0.0	0.0
SRR23758647	26945045	0.0	0.0	0.1978	3.7122	0.0
SRR27323420	2711593	0.0	7.4431	3.8401	0.0	0.0
SRR30725421	50389783	0.0	1.313	0.1978	0.0	0.0
SRR32783479	19438280	0.0	24.9149	0.661	0.0	0.0
SRR35415220	15452531	0.0	4.8373	0.2426	0.0	0.0
SRR32805984	45700616	5.0369	0.0	1.5767	0.0	0.0
SRR16990744	29092630	0.0	2.485	0.1801	0.0	0.0
SRR31204182	30106563	1.1574	0.0	2.0763	0.0	0.0
SRR26542265	23841715	0.0	2.473	1.2647	0.0	0.0
SRR23576596	33234320	2.0482	0.0	2.7674	0.0	0.0
SRR16939006	15923872	0.0	82.3294	0.1284	0.0	0.0
SRR15742936	23568434	0.0	0.0	1.0583	10.074	0.0
SRR36443877	26512816	0.0	2.7029	1.1623	0.0	0.0
DRR260958	3152887	0.0	1.0709	3.5323	0.0	0.0
SRR20997982	18630257	0.0	10.9356	0.4381	0.0	0.0
SRR20438181	157396803	1.6253	0.0	1.6223	0.0	0.0
SRR33516415	24561198	0.0	6.5102	0.1465	0.0	0.0
SRR38271981	24381828	0.0	12.3299	1.5167	0.0	0.0
SRR2962995	151646005	0.0	42.3408	0.2959	0.0	0.0
SRR10153101	10995637	0.0	8.2044	0.4625	0.0	0.0
SRR36134850	7263710	6.6841	0.0	4.1701	0.0	0.0
SRR36374510	31079656	5.9427	0.0	0.4102	0.0	0.0
SRR37215782	29178535	17.9234	0.0	0.6181	0.0	0.0
SRR30499013	29955777	5.791	0.0	2.5677	0.0	0.0
ERR7421530	15112327	25.9319	0.4475	0.359	0.0	0.0
SRR8416455	23387792	6.804	0.0	0.101	0.0	0.0
SRR25683585	23414485	0.0	4.546	0.4032	0.0	0.0
SRR30795878	62792788	0.0	7.3008	1.8596	0.0	0.0
SRR6925838	33380429	2.6645	0.0	0.1349	0.0	0.0
SRR22163931	23286998	0.0	57.8913	0.1849	0.0	0.0
SRR31862038	22614890	0.0	8.099	0.0	0.0	0.0
SRR34674981	24460895	0.0	1.5021	14.7568	0.0	0.0
SRR17071046	50327814	0.0	4.0124	1.4602	0.0	0.0
SRR17316539	8653130	0.0	1.2	2.6959	0.0	0.0
SRR26860109	48799083	74.8939	0.0	0.2887	0.0	0.0
SRR25996490	23259927	0.1326	4.614	1.548	0.0	0.0
SRR7764285	222819	0.0	8.335	1.0129	0.0	0.0
SRR15610892	55413206	0.0	0.0	0.3536	1.4021	0.0
SRR34326487	27742557	0.1927	4.6428	0.3776	0.0	0.0
SRR23797928	27757786	0.0	1.2773	0.1471	0.0	0.0
SRR7266987	1828928	2.9721	0.0	0.1043	0.0	0.0
SRR15883063	26028252	0.0	0.0	2.1914	0.0	0.0
SRR35859419	35414868	0.0	10.4396	0.7198	0.0	0.0
ERR2003409	38305610	7.0607	0.0	0.0	0.0	0.0
SRR8053117	496000	0.0	1.8581	7.4036	0.0	0.0
SRR3100252	28302076	0.0	9.7974	0.0	0.0	0.0
SRR10150166	21107076	0.0	1.1327	0.1671	0.0	0.0
SRR29011607	23707090	0.0	1.8963	0.1551	0.0	0.0
SRR31301026	20432894	0.0	6.0882	2.3694	0.0	0.0
SRR9306631	21135225	3.2475	0.0	0.4065	0.0	0.0
SRR17518826	34264555	0.0	2.7269	0.1642	0.0	0.0
SRR18856192	67755632	17.0554	0.0	0.3217	0.0	0.0
SRR17166879	46723556	8.5871	0.1965	2.2249	0.0	0.0
SRR26462333	22592058	0.0	1.5513	0.1294	0.0	0.0
SRR25969007	39832808	5.7321	0.0	1.3946	0.0	0.0
SRR7522456	38005708	1.7042	0.0	0.1792	0.0	0.0
SRR7508074	4617846	0.0	1.0296	0.9661	0.0	0.0
SRR29406642	35758745	0.0	0.0	12.5621	0.0	0.0
SRR36910203	30310516	1.711	0.0	6.2479	0.0	0.0
SRR17157052	24592111	0.0	8.9495	2.866	0.0	0.0
SRR12054322	32203610	11.0078	0.0	0.2661	0.0	0.0
SRR26264116	26081401	0.0	1.7772	5.1357	0.0	0.0
SRR27323273	5533957	0.0	19.2182	1.9355	0.0	0.0
SRR7507890	4518043	0.0	2.9951	0.0	0.0	0.0
SRR10134786	24420366	2.9267	0.0	0.1883	0.0	0.0
SRR7507972	5081720	0.0	1.3622	1.8488	0.0	0.0
SRR21354854	294673	0.0	16.6629	1.3775	0.0	0.0
SRR13587518	87270256	4.0333	0.0	4.5639	0.0	0.0
SRR26905362	9947047	0.0	26.9445	2.4525	0.0	0.0
SRR31318993	1958019	0.0	2.0172	0.9358	0.0	0.0
SRR32883243	41033265	2.2549	0.0	3.0139	0.0	0.0
SRR13675084	73218	9.9948	0.661	0.0	0.0	0.0
SRR31627695	49986553	8.6678	0.0	0.469	0.0	0.0
SRR10416836	12708679	0.0	8.5542	0.5309	0.0	0.0
SRR12171330	27497768	0.0	16.0341	0.0	0.0	0.0
SRR13134704	26220790	0.1111	28.4887	0.6738	0.0	0.0
SRR25662792	35192293	5.9607	0.0	2.7166	0.0	0.0
SRR37236636	10116105	0.0	6.2266	0.2363	0.0	0.0
SRR1049386	24186333	2.0002	0.0	0.0	0.0	0.0
ERR14835986	83772879	53.9503	0.0	0.1386	0.0	0.0
SRR3724104	43446363	65.4306	0.0	11.0182	0.0	0.0
SRR7508075	5138871	0.0	1.2725	1.6179	0.0	0.0
SRR17244288	22028782	0.0	2.667	5.6472	0.0	0.0
SRR10148799	21643044	0.0	4.5495	0.336	0.0	0.0
SRR11566099	919602	0.1468	2.2627	0.226	0.0	0.0
SRR12832649	41940512	0.0	57.7716	0.3625	0.0	0.0
ERR16140455	57503277	5.291	6.4422	0.339	0.0	0.0
SRR7264964	1502535	2.1164	0.0	0.0	0.0	0.0
SRR27333894	25436070	1.853	5.2425	1.9534	0.0	0.0
SRR9120833	36741945	0.0	2.4087	0.4222	0.0	0.0
SRR1508195	26994680	0.0	1.8395	0.0	0.0	0.0
SRR10148769	16754194	0.0	6.7755	0.7831	0.0	0.0
SRR10148768	17763246	0.0	6.7516	0.784	0.0	0.0
SRR27331644	3425385	0.0	10.5738	0.828	0.0	0.0
SRR30230559	24153987	0.0	1.734	0.4826	0.0	0.0
SRR7507962	5200343	0.0	3.0707	0.1106	0.0	0.0
SRR10802184	21617821	0.0	5.7254	7.0805	0.0	0.0
SRR15883065	23673472	0.0	0.0	1.9542	0.0	0.0
ERR2275051	11176147	4.8288	0.0	0.4054	0.0	0.0
SRR20750905	296550	0.0	1.8516	1.8621	0.0	0.0
SRR10148767	16869641	0.0	6.7796	0.7838	0.0	0.0
SRR31204179	32879991	4.5283	0.0	1.9387	0.0	0.0
SRR18107576	8163949	0.0	8.6191	0.9759	0.0	0.0
SRR33516686	21685506	0.0	2.3093	0.1321	0.0	0.0
SRR35779161	59486222	13.6016	0.0	2.105	0.0	0.0
SRR8309929	32657999	3.5788	0.0	0.1973	0.0	0.0
SRR30163872	23343865	0.0	1.1068	0.1419	0.0	0.0
SRR31477319	21180555	0.0	1.3521	0.2257	0.0	0.0
SRR27555684	29655038	0.0	3.6975	0.0	0.0	0.0
SRR11176670	20157209	0.0	1.585	0.0	0.0	0.0
SRR34844828	21793282	0.0	11.9706	0.5834	0.0	0.0
SRR34326281	7289150	0.0	2.9312	0.0	0.0	0.0
SRR35430855	10604046	0.0	4.2391	0.796	0.0	0.0
SRR27323439	8314423	0.0	53.3694	1.5778	0.0	0.0
SRR28486103	23641008	0.0	6.3767	0.0	0.0	0.0
SRR7266166	1623045	3.2418	0.0	0.0	0.0	0.0
SRR20853776	51831852	0.0	51.9965	1.2458	0.0	0.0
SRR22540861	22575647	13.2054	0.0	0.0	0.0	0.0
SRR12103248	179	0.0	1.676	12.2905	0.0	0.0
SRR22523747	21294199	2.6913	0.0	0.151	0.0	0.0
ERR4470951	23794375	0.0	0.0	5.3646	0.0	0.0
SRR22540857	20753130	2.7835	0.0	0.1533	0.0	0.0
SRR22468752	44788	5.7649	0.0	0.739	0.0	0.0
SRR13134686	22657050	0.0	32.444	0.7644	0.0	0.0
SRR36367313	40645489	18.0282	0.0	6.7743	0.0	0.0
SRR23948040	8757583	0.0	33.8434	4.644	0.0	0.0
SRR12858281	54476399	0.0	0.0	2.2797	0.0	0.0
SRR7267247	1077303	7.2663	0.0	0.0	0.0	0.0
SRR39147048	41801127	6.4165	0.0	0.0	0.0	0.0
SRR29012052	26594485	0.0	18.0726	0.1009	0.0	0.0
SRR17456111	32386584	0.0	4.6535	4.8083	0.0	0.0
ERR14043232	37901779	0.0	1.508	0.1084	0.0	0.0
SRR15685527	24061647	0.0	3.0271	0.9282	0.0	0.0
SRR35842194	8375760	0.0	1.7799	0.172	0.0	0.0
SRR27323166	2045450	0.0	14.2775	1.0952	0.0	0.0
SRR19752899	913942	0.0	0.0	0.0	5.8716	0.0
SRR8944220	27246224	2.3218	0.0	0.3648	0.0	0.0
SRR13486986	3040	0.0	2.8289	0.0	0.0	0.0
SRR31319022	4964209	0.0	1.8854	7.0345	0.0	0.0
SRR9023746	25681741	0.0	8.0453	0.0	0.0	0.0
SRR12077447	37120742	33.1446	0.0	0.4366	0.0	0.0
SRR37798396	23714742	9.8747	0.0	3.7294	0.0	0.0
SRR36516389	94939257	0.0	6.4811	1.996	0.0	0.0
SRR6215483	140281623	3.6423	0.6967	5.7091	0.0	0.0
ERR4349055	17432673	1.8829	0.5367	13.2266	0.0	0.0
SRR18461292	23527506	12.6188	0.0	0.2648	0.0	0.0
SRR13862652	22734854	0.0	3.9498	0.3373	0.0	0.0
SRR10499797	10674751	1.6929	0.0	0.0	0.0	0.0
SRR2081020	16581171	0.0	1.5291	0.0	0.0	0.0
SRR18337156	1200538	25.794	8.4376	2.509	0.0	0.0
SRR38441796	19771910	0.0	3.2372	0.219	0.0	0.0
SRR18833913	22587600	7.0553	0.0	0.508	0.0	0.0
SRR11566085	1579008	0.0	3.7607	0.1109	0.0	0.0
SRR36292478	37777049	3.9602	0.0	5.2478	0.0	0.0
SRR35637794	53619520	51.4671	0.0	5.7975	0.0	0.0
SRR13590839	22612405	0.1452	3.8402	0.3745	0.0	0.0
SRR29446351	23208006	0.0	1.8235	2.6892	0.0	0.0
SRR12054336	29886346	10.2336	0.0	0.2102	0.0	0.0
SRR12828723	19806818	0.0	18.4534	1.057	0.0	0.0
SRR15736814	21617975	0.0	0.0	2.2108	0.0	0.0
SRR37655626	22589888	0.0	12.6139	0.5857	0.0	0.0
SRR9208126	26758666	2.0796	0.0	0.4299	0.0	0.0
SRR30125665	23292864	0.0	79.2624	0.4639	0.0	0.0
SRR21354885	408585	0.0	70.2126	3.7733	0.0	0.0
SRR35893136	26559022	0.0	5.2835	1.2895	0.0	0.0
SRR17621044	17494616	0.0	6.8201	0.0	0.0	0.0
SRR2939230	43226466	0.0	1.256	1.1583	0.0	0.0
SRR19658859	20907594	0.0	4.3428	0.1078	0.0	0.0
SRR7267108	1541533	1.1845	0.0	0.0	0.0	0.0
SRR26827537	32151794	0.0	2.9548	2.9354	0.0	0.0
SRR3734874	1833705	69.6916	0.0	0.8466	0.0	0.0
SRR12546090	6461144	0.0	16.049	0.0	0.0	0.0
SRR10134983	11555102	0.0	4.9368	0.6416	0.0	0.0
SRR26081804	21664545	0.0	35.4905	0.3119	0.0	0.0
SRR23852737	49754	0.0	23.3107	0.8401	0.0	0.0
SRR6039743	33469670	7.6252	0.0	0.2035	0.0	0.0
SRR16338490	48559640	0.0	8.32	0.6747	0.0	0.0
SRR36291709	22280520	1.3272	1.3197	0.7162	0.0	0.0
SRR10135118	12205424	0.0	1.2773	0.1494	0.0	0.0
SRR26321450	19516986	0.0	3.7125	0.0	0.0	0.0
SRR31611564	53213348	7.7092	0.0	0.5667	0.0	0.0
ERR10962815	17239887	17.1984	0.0	1.0902	0.0	0.0
SRR13566504	23733642	0.1326	6.1216	0.1603	0.0	0.0
SRR27555704	32331762	0.0	1.3606	0.1298	0.0	0.0
SRR16382594	22536610	0.7175	4.1392	0.0	0.0	0.0
SRR37798395	29549492	11.5296	0.0	4.1898	0.0	0.0
SRR7508088	4492579	0.0	3.3336	0.0	0.0	0.0
SRR22122953	20330727	50.1907	0.0	0.6483	0.0	0.0
SRR21354842	266084	0.0	17.9455	0.7186	0.0	0.0
SRR34326205	30814584	0.1885	7.398	0.1991	0.0	0.0
SRR16938947	17146940	0.0	54.2257	0.593	0.0	0.0
SRR8418371	9594483	2.1289	0.0	0.4322	0.0	0.0
SRR15390812	330265854	0.0	2.1203	1.2725	0.0	0.0
SRR23524530	46447024	0.0	1.311	1.6581	0.0	0.0
SRR7508073	3949112	0.0	3.4682	0.1112	0.0	0.0
SRR10135184	11836619	0.0	1.942	0.0	0.0	0.0
SRR19435302	23868003	0.0	12.6056	0.8982	0.0	0.0
SRR10160962	12177223	0.0	29.8512	3.9406	0.0	0.0
SRR18919188	25096854	0.0	0.0	3.4881	0.0	0.0
SRR8204117	21414606	4.5673	0.0	0.0	0.0	0.0
SRR11229312	9579609	6.748	0.0	5.3336	0.0	0.0
SRR14673998	11570080	1.6398	0.0	1.066	0.0	0.0
SRR23797933	40912371	0.0	2.2077	0.0	0.0	0.0
SRR25064203	21959584	0.0	1.198	0.4255	0.0	0.0
SRR6055668	47254719	0.0	1.365	2.1779	0.0	0.0
SRR35136557	135058270	0.0	80.1225	0.131	0.0	0.0
SRR17071056	51701722	0.0	10.8261	1.284	0.0	0.0
SRR28973418	27108438	0.0	29.0317	0.2982	0.0	0.0
SRR20750819	657791	0.0	1.6701	1.9686	0.0	0.0
SRR23261091	9210059	0.0	0.0	14.0385	0.0	0.0
SRR21021587	28787166	0.7232	1.5375	4.3819	0.0	0.0
DRR872889	35475118	27.4263	0.0	3.9306	0.0	0.0
SRR7267043	1838486	3.2519	0.0	0.2343	0.0	0.0
SRR21021736	38645417	0.9124	4.0621	1.3154	0.0	0.0
ERR10962830	17935308	21.2674	0.0	0.4337	0.0	0.0
SRR7267123	1359902	2.6817	0.0	0.0	0.0	0.0
SRR14822602	22809430	0.1997	4.7984	2.8766	0.0	0.0
SRR36292452	42023475	9.2447	0.0	5.8946	0.0	0.0
SRR37655623	23005238	0.4702	28.6428	0.5083	0.0	0.0
SRR7264926	1737361	1.5735	0.0	0.1043	0.0	0.0
SRR16939004	16176067	0.0	75.5413	0.2405	0.0	0.0
SRR16938922	17718871	0.0	48.6886	0.2153	0.0	0.0
SRR23261092	9275181	0.0	0.0	14.359	0.0	0.0
SRR38077036	35108051	41.0516	0.4454	0.2396	0.0	0.0
DRR825844	20122813	1.918	1.545	0.0	0.0	0.0
SRR18801937	24462001	0.0	1.4215	2.4375	0.0	0.0
SRR26679139	19665251	42.4484	0.0	0.2083	0.0	0.0
SRR24271385	25679307	13.1218	0.0	0.6678	0.0	0.0
SRR23086127	24799921	0.0	1.3667	1.4578	0.0	0.0
SRR7267138	3022824	3.5968	0.0	0.0	0.0	0.0
SRR11521339	239439	0.0	7.7448	6.7508	0.0	0.0
SRR26038036	77820284	1.8211	0.0	0.4787	0.0	0.0
SRR33386584	26269106	0.0	6.2756	1.2027	0.0	0.0
SRR7508065	4810309	0.0	2.467	1.2313	0.0	0.0
ERR10962828	17631011	34.8152	0.0	0.6143	0.0	0.0
SRR11013321	23780196	0.0	73.8827	0.0	0.0	0.0
ERR10886991	66029513	5.2636	0.0	0.2264	0.0	0.0
SRR7266134	1849601	4.5386	0.0	0.1433	0.0	0.0
SRR21654356	17166220	0.0	3.312	0.0	0.0	0.0
ERR15399353	55373818	0.0	0.0	4.3806	0.0	0.0
SRR25233149	24062785	0.0	2.0209	0.0	0.0	0.0
SRR28165052	59723677	2.8827	0.0	1.5441	0.0	0.0
SRR38476744	19750310	0.0	6.3576	0.1889	0.0	0.0
SRR31833274	34240674	4.4926	0.0	0.4999	0.0	0.0
SRR18578332	36366919	0.0	2.7515	0.2414	0.0	0.0
SRR2982662	20945447	0.0	3.322	0.0	0.0	0.0
SRR25998742	66710552	1.2957	0.0	4.5285	0.0	0.0
SRR23936511	200092939	0.0	1.6365	2.5353	0.0	0.0
SRR7267020	1203970	1.205	0.0	0.2689	0.0	0.0
SRR23598366	43257574	3.161	0.0	1.0719	0.0	0.0
SRR22894222	42199658	0.0	16.1587	0.3857	0.0	0.0
SRR27846622	30847224	4.6656	0.0	17.5816	0.0	0.0
SRR8978770	56668900	3.9709	0.0	3.536	0.0	0.0
SRR16244857	25223394	0.0	9.47	1.5799	0.0	0.0
SRR10161818	9232758	10.1092	0.0	0.651	0.0	0.0
SRR15141440	3108818	17.1953	0.0	0.8885	0.0	0.0
SRR24128544	21373524	0.0	1.2586	5.637	0.0	0.0
SRR27555701	33300951	0.0	1.402	0.0	0.0	0.0
SRR36367276	34227805	16.2058	0.0	5.5338	0.0	0.0
SRR7811284	29797076	0.3663	3.4305	0.3386	0.0	0.0
SRR38317304	20476085	19.8067	0.7955	4.975	0.0	0.0
SRR7403502	19720725	3.2855	0.0	0.2917	0.0	0.0
SRR36134856	5133178	4.7964	0.0	1.8906	0.0	0.0
SRR7266210	1169348	1.929	0.0	1.8119	0.0	0.0
SRR9593702	21656522	0.0	1.5279	0.0	0.0	0.0
SRR6039742	32892094	9.4311	0.0	0.0	0.0	0.0
SRR7266183	937986	2.5195	0.0	0.1777	0.0	0.0
SRR20750974	432866	0.0	2.0196	1.9667	0.0	0.0
SRR17916436	17489549	7.8405	0.0	4.4942	0.0	0.0
SRR28224680	22690116	0.0	35.4322	3.995	0.0	0.0
SRR36367273	41420548	8.127	0.0	6.1509	0.0	0.0
SRR5195767	56074044	0.0	45.0953	0.3865	0.0	0.0
ERR10886963	51902516	22.7676	0.0	0.1786	0.0	0.0
SRR24135187	16366990	0.0	33.3202	0.3452	0.0	0.0
SRR24135189	16942777	0.0	35.0858	0.4305	0.0	0.0
SRR16074110	69076975	0.0	9.623	0.1031	0.0	0.0
SRR23704272	22620947	1.0606	0.0	2.1689	0.0	0.0
SRR6189709	21296699	54.6324	0.2369	0.0	0.0	0.0
SRR7264873	1749280	1.4281	0.0	0.8498	0.0	0.0
SRR18885310	24870755	0.0	9.6044	0.1668	0.0	0.0
SRR20114997	25251088	0.0	3.2563	0.0	0.0	0.0
SRR7266249	1624433	1.2987	0.0	0.0	0.0	0.0
SRR12104832	22156876	0.1665	1.3239	0.1119	0.0	0.0
SRR30125679	20273682	0.0	85.4068	0.3849	0.0	0.0
SRR8743051	23262055	1.2987	0.0	0.0	0.0	0.0
SRR29665066	26955505	1.6776	0.0	1.51	0.0	0.0
SRR494406	10131218	0.0	9.7304	0.0	0.0	0.0
SRR494407	10752201	0.0	3.0592	0.0	0.0	0.0
SRR3724134	31118459	2.5941	0.0	0.1965	0.0	0.0
SRR29289957	29175174	0.0	38.8346	0.5385	0.0	0.0
SRR6395471	84161506	5.6583	0.0	1.9299	0.0	0.0
ERR4605982	19284609	0.0	1.7917	0.1829	0.0	0.0
ERR16140430	42663366	0.0	1.0215	0.5682	0.0	0.0
SRR11785368	275610793	6.3904	0.0	1.893	0.0	0.0
SRR11809797	43565470	0.0	14.7761	1.5206	0.0	0.0
SRR10161828	24663191	39.8092	0.0	0.9429	0.0	0.0
SRR12546100	11436243	0.0	28.169	0.0	0.0	0.0
SRR31639270	23809519	6.2746	0.0	0.3084	0.0	0.0
SRR10802169	19915602	13.6345	2.7087	0.534	0.0	0.0
ERR7421535	18462169	46.5107	0.2235	0.4843	0.0	0.0
SRR3383779	10342352	3.3828	0.0	0.8289	0.0	0.0
SRR8309944	29723589	1.922	0.0	0.3394	0.0	0.0
SRR27331785	2295637	0.0	27.2544	0.6361	0.0	0.0
SRR16480633	35026344	0.0	43.1255	4.0882	0.0	0.0
SRR35741959	19555265	0.0	2.177	0.4246	0.0	0.0
SRR34326427	4914496	0.0	6.1556	0.106	0.0	0.0
SRR1525113	27681432	10.498	0.0	0.276	0.0	0.0
SRR1525114	27390675	10.4687	0.0	0.2755	0.0	0.0
SRR31851756	29551095	0.0	13.6128	1.1587	0.0	0.0
SRR7267161	1119242	2.2759	0.0	0.2415	0.0	0.0
SRR21185681	24357172	1.2592	1.3144	0.2178	0.0	0.0
SRR11431605	1239910	0.0	1.1064	1.8532	0.0	0.0
SRR7267202	1149577	1.8245	0.0	0.9052	0.0	0.0
SRR16995233	26023387	2.5489	0.0	6.358	0.0	0.0
SRR9030393	30245588	3.5328	0.0	0.0	0.0	0.0
SRR5043482	12130540	0.0	3.8901	0.0	0.0	0.0
SRR6925827	22974693	2.2453	0.0	0.1659	0.0	0.0
SRR24019255	12684231	0.0	0.0	53.8592	0.0	0.0
ERR17423678	72063284	0.1083	1.9893	2.2043	0.0	0.0
SRR27297976	1439251	0.0	4.8185	0.5258	0.0	0.0
SRR27323202	2379544	0.2093	8.4465	3.1846	0.0	0.0
SRR36287294	24264951	0.0	2.7656	0.1615	0.0	0.0
SRR30852798	23467581	0.0	4.967	0.0	0.0	0.0
SRR15462105	21170999	0.0	2.9946	0.0	0.0	0.0
SRR31838237	21995235	10.4392	0.0	1.6458	0.0	0.0
SRR6398534	1300000	0.0	54.7154	18.0841	0.0	0.0
SRR1001439	7652481	0.0	8.7486	0.0	0.0	0.0
SRR1001440	6574341	0.0	8.2911	0.0	0.0	0.0
SRR31801776	21082342	0.0	1.0378	0.6026	0.0	0.0
SRR31319050	4594181	0.0	4.5144	7.6329	0.0	0.0
SRR21928624	36772240	16.4284	0.0	0.5637	0.0	0.0
SRR5658204	30780293	0.0	1.1628	2.838	0.0	0.0
SRR23852725	47890	0.0	47.0056	0.4322	0.0	0.0
SRR28926620	33464234	6.9349	0.0	0.1593	0.0	0.0
SRR8357889	9628820	0.0	1.5319	0.1329	0.0	0.0
SRR32914038	20839714	0.0	8.2974	0.0	0.0	0.0
SRR37899647	25049607	0.0	8.603	4.7339	0.0	0.0
SRR3950014	46092745	2.1868	0.0	9.3514	0.0	0.0
SRR16552289	7186595	0.0	30.279	1.3006	0.0	0.0
SRR36744958	23681103	0.0	0.0	0.2174	1.7551	0.0
SRR34326429	4470307	0.1034	5.4998	0.178	0.0	0.0
SRR8418329	1959793	5.6303	0.0	0.6476	0.0	0.0
SRR26471820	23453697	0.0	3.2055	0.382	0.0	0.0
SRR7507970	4851669	0.0	1.7236	1.7533	0.0	0.0
SRR4897535	13862889	0.0	4.2829	0.0	0.0	0.0
SRR32153802	16050565	1.2293	0.0	11.1039	0.0	0.0
SRR9937192	21983093	0.0	2.4025	0.0	0.0	0.0
SRR27344862	24732348	0.0	3.3181	2.1303	0.0	0.0
SRR9134367	41588622	0.0	1.7515	5.079	0.0	0.0
SRR34326503	4404036	0.0	2.1353	0.0	0.0	0.0
SRR16938943	17751657	0.0	81.82	0.229	0.0	0.0
SRR11574177	2527662	0.0	2.1977	0.3251	0.0	0.0
SRR34300153	37666146	4.9085	0.2355	7.4699	0.0	0.0
SRR28764381	26020758	0.0	1.2462	0.9643	0.0	0.0
SRR7264880	2620804	2.5619	0.0	0.8748	0.0	0.0
SRR20438149	32345562	1.1124	0.0	1.8074	0.0	0.0
ERR4627142	49952233	0.0	0.0	3.5471	0.0	0.0
SRR26909813	31190303	4.9998	0.0	1.1078	0.0	0.0
SRR37325399	60047210	3.4144	0.0	0.448	0.0	0.0
SRR25254527	25125661	0.0	8.5747	0.2017	0.0	0.0
SRR31319058	262422	0.0	6.5814	0.7949	0.0	0.0
SRR29484647	1808824	0.0	8.0365	0.2907	0.0	0.0
SRR7507926	5009262	0.0	3.8475	0.5588	0.0	0.0
DRR782984	24642248	24.1392	0.0	0.2429	0.0	0.0
SRR29012025	25359579	0.0	9.675	0.0	0.0	0.0
SRR32622377	25060151	1.2789	0.177	0.1143	0.0	0.0
SRR12615958	9577991	0.0	1.0697	1.4075	0.0	0.0
SRR1032035	6459260	0.0	4.0566	0.1521	0.0	0.0
SRR11947572	31383440	8.3315	0.0	0.667	0.0	0.0
SRR24124077	34714769	0.0	1.189	0.0	0.0	0.0
DRR842316	15475529	2.0406	0.0	0.3059	0.0	0.0
SRR3090713	3379495	0.0	1.9101	1.3117	0.0	0.0
SRR29872033	20487223	0.0	0.0	1.1014	0.0	0.0
SRR17456167	25682505	0.0	28.4107	1.2724	0.0	0.0
SRR21354748	400712	0.0	29.3972	5.8621	0.0	0.0
SRR7264878	1127037	2.0707	0.0	0.0	0.0	0.0
SRR21021837	43645245	0.0	1.429	0.1866	0.0	0.0
SRR35963404	25646712	0.0	1.9502	0.1588	0.0	0.0
SRR8418258	2496580	4.3699	0.0	0.9076	0.0	0.0
SRR26860111	34388828	73.9571	0.0	0.0	0.0	0.0
SRR31278117	55270555	25.9217	0.0	0.3276	0.0	0.0
SRR22430803	42873530	0.0	1.2261	0.0	0.0	0.0
SRR7651444	4771496	0.0	3.5789	0.8111	0.0	0.0
SRR7172321	24401798	4.4661	0.0	0.0	0.0	0.0
SRR36012599	18579597	0.0	4.5557	0.7808	0.0	0.0
SRR24305217	8616508	0.2508	0.0	14.4212	1.9313	0.0
SRR23491720	27864340	11.4379	0.0	0.289	0.0	0.0
SRR32514822	23657957	0.0	7.7228	0.4357	0.0	0.0
SRR13566508	20404295	0.0	2.5032	0.0	0.0	0.0
SRR14241044	23760646	0.0	0.0	1.4675	0.0	0.0
SRR5804919	32705515	0.0	5.039	0.2699	0.0	0.0
SRR24956716	10235960	0.0	0.0	11.0824	0.0	0.0
SRR31744388	51778886	0.0	0.0	6.8042	0.0	0.0
SRR35893138	26555223	0.0	6.5471	0.9093	0.0	0.0
SRR28392403	39316038	0.318	15.0752	0.8933	0.1704	0.0
DRR342061	15822239	24.2877	0.0	1.4485	0.0	0.0
SRR33386582	30642127	0.0	3.5554	1.4066	0.0	0.0
SRR25379818	24101422	0.0	10.4658	0.7698	0.1032	0.0
SRR31319106	5582138	0.0	2.6217	6.1939	0.0	0.0
SRR32806001	28384653	6.2999	0.0	0.5215	0.0	0.0
SRR31908803	22444340	0.0	6.2116	0.2898	0.0	0.0
ERR10887000	51204904	17.5768	0.315	1.3009	0.0	0.0
SRR25723162	19829347	0.0	6.2474	3.0683	0.0	0.0
SRR32708514	18295711	0.0	1.7504	0.1348	0.0	0.0
SRR7264767	1759773	1.9254	0.0	1.0973	0.0	0.0
SRR14959067	24169822	15.3811	0.0	0.3686	0.0	0.0
SRR28208934	22808056	0.0	4.0853	0.2914	0.0	0.0
SRR35278604	26701027	0.0	13.5344	1.8293	0.0	0.0
SRR8078954	36020801	2.2336	0.0	0.0	0.0	0.0
SRR25301217	25779146	0.0	4.4213	0.8905	0.0	0.0
SRR37324347	58404228	0.0	3.3574	0.2219	0.0	0.0
SRR3724099	33578576	11.4806	0.0	1.4807	0.0	0.0
SRR39793470	23480809	1.1389	0.0	0.1927	12.0968	0.0
SRR31806264	18502614	0.5639	1.0372	12.2348	0.0	0.0
ERR789110	19182659	1.0055	0.0	0.8137	0.0	0.0
SRR17731624	25242772	0.0	2.0485	0.0	0.0	0.0
SRR18069920	32907436	4.1563	0.0	0.3832	0.0	0.0
SRR26277478	19177678	1.0341	0.0	1.7527	0.0	0.0
ERR1360193	31525133	38.9456	0.1276	5.4275	0.0	0.0
SRR7264858	1662780	1.9128	0.0	0.1937	0.0	0.0
SRR35931051	52766469	8.161	0.0	0.4265	0.1091	0.0
SRR7265058	98431	3.2734	0.1178	12.049	0.0	0.0
SRR7507965	4555255	0.0	3.0784	0.0	0.0	0.0
SRR8457037	48286454	0.0	22.1645	0.0	0.0	0.0
SRR34300119	26107761	3.0425	0.0	8.8601	0.0	0.0
ERR7421546	11558530	39.5107	0.5002	0.4077	0.0	0.0
SRR7264750	1466620	3.2271	0.0	0.0	0.0	0.0
SRR38980077	21804771	98.7025	0.0	0.0	0.0	0.0
SRR36833373	58133336	1.9073	0.4833	1.1695	0.0	0.0
SRR29779546	21219699	0.0	4.8065	0.2641	0.0	0.0
SRR6186551	24025025	6.9399	0.0	0.0	0.0	0.0
SRR10161829	26723195	25.8066	0.0	1.5746	0.0	0.0
SRR35332866	126907512	2.9121	0.0	0.5918	0.0	0.0
SRR17731620	18452240	0.0	2.438	0.0	0.0	0.0
SRR17916435	17338657	44.4762	0.0	1.687	0.0	0.0
SRR21025630	72408648	0.0	0.0	3.3871	0.0	0.0
ERR7221684	9917172	0.0	61.8334	0.2045	0.0	0.0
SRR27305296	7873143	0.0	1.7899	0.0	0.0	0.0
SRR24824177	28938544	0.0	1.6678	0.6342	0.0	0.0
SRR6123560	11351232	31.8505	0.0	0.0	0.0	0.0
SRR26821488	24098294	1.7665	5.0928	0.1679	0.0	0.0
SRR27297848	4105432	0.0	21.9638	0.4973	0.0	0.0
SRR27297728	818631	0.0	6.0833	0.8596	0.0	0.0
SRR8418252	9731490	3.536	0.0	0.5374	0.0	0.0
SRR38953529	22141294	0.0	6.2333	0.0	0.0	0.0
SRR33827816	23681160	0.0	2.7524	0.1894	0.0	0.0
SRR7266027	2430110	2.1773	0.0	0.8554	0.0	0.0
SRR6925804	27889592	3.7388	0.0	0.1156	0.0	0.0
SRR4296285	17927482	2.1515	0.0	0.1257	0.0	0.0
SRR10480883	22761450	0.0	8.6907	0.0	0.0	0.0
SRR12171320	27528195	0.0	24.8599	0.0	0.0	0.0
SRR17916448	17737933	23.4755	0.0	0.2616	0.0	0.0
SRR22523751	21667701	4.2393	0.0	0.1964	0.0	0.0
SRR18960290	28683573	0.0	2.3087	0.368	0.0	0.0
SRR7267094	1828737	2.856	0.0	0.0	0.0	0.0
SRR39159312	22509596	0.0	1.8158	0.1621	0.0	0.0
SRR19570676	50327814	0.0	3.8024	1.6305	0.0	0.0
SRR24518416	23482672	0.0	11.8273	0.1626	0.0	0.0
SRR36865078	27066429	0.0	3.8486	7.3128	0.0	0.0
SRR12054307	31209609	8.5124	0.0	0.3803	0.0	0.0
SRR15685526	25707310	0.0	2.1636	0.7633	0.0	0.0
SRR22430817	42408136	0.0	2.5426	0.0	0.0	0.0
SRR35647252	31138507	0.0	0.0	4.7462	0.0	0.0
SRR31639304	19593845	5.8377	0.0	0.3458	0.0	0.0
SRR37570566	72066675	0.0	0.0	0.3017	12.9702	0.0
SRR7266080	4634846	11.6879	0.0	0.0	0.0	0.0
SRR7264962	1837845	1.9072	0.0	1.583	0.0	0.0
SRR12074567	12327879	2.5113	0.0	8.2743	0.0	0.0
SRR36367279	36314824	5.3691	3.2588	6.4061	0.0	0.0
SRR10148731	11940333	0.0	4.469	0.3454	0.0	0.0
SRR10148732	13220450	0.0	4.4779	0.3392	0.0	0.0
SRR16938969	16004789	0.0	78.3952	0.1153	0.0	0.0
SRR21354732	1083236	0.0	50.518	7.0967	0.0	0.0
SRR17916376	17516441	15.0721	0.0	0.6109	0.0	0.0
SRR18578322	45160499	0.0	5.4599	0.1822	0.0	0.0
SRR21928646	52096758	33.5503	0.1382	3.8188	0.0	0.0
SRR26264128	20631220	0.0	2.3729	0.4861	0.0	0.0
SRR13298300	44072172	0.299	16.7536	0.1335	0.0	0.0
SRR28797247	28286907	0.0	8.9016	0.2137	0.0	0.0
SRR37385188	11744513	0.1854	7.0865	1.5436	0.0	0.0
ERR13249280	20699531	0.0	0.0	5.8575	0.0	0.0
SRR28430803	20396242	0.0	3.5905	0.9845	0.0	0.0
SRR35842202	7744802	0.0	2.128	0.1104	0.0	0.0
SRR34997210	23431788	0.0	1.2034	2.0376	0.0	0.0
SRR3383472	10729842	3.6221	0.0	0.1131	0.0	0.0
SRR6925837	31317233	1.5041	0.0	0.0	0.0	0.0
ERR10926635	70196003	4.3872	0.0	0.147	0.0	0.0
SRR11278708	111103848	2.8866	0.0	0.0	0.0	0.0
SRR10148730	10966106	0.0	4.4697	0.3523	0.0	0.0
SRR12546084	9369409	0.0	29.8827	0.0	0.0	0.0
SRR14697019	18789641	0.0	1.019	0.1883	0.0	0.0
SRR14239711	17111311	0.0	17.0082	8.2431	0.0	0.0
SRR7266246	3721611	1.7169	0.0	0.0	0.0	0.0
SRR31611562	52930489	13.0343	0.0	0.421	0.0	0.0
SRR13341788	27090944	0.0	5.8209	0.7392	0.0	0.0
SRR21021760	34785363	0.1598	1.8474	1.1414	0.0	0.0
SRR29384868	39674282	2.5515	0.0	0.7538	0.0	0.0
ERR14034868	23261870	0.1092	0.0	4.3164	0.0	0.0
SRR15742930	26691926	0.0	0.0	0.9194	3.6016	0.0
SRR36367297	52915281	6.4334	0.0	7.3524	0.0	0.0
SRR38355593	23838164	0.114	4.8242	0.6059	0.0	0.0
SRR17267256	16305191	7.2596	0.0	0.4957	0.0	0.0
SRR12899069	16336158	0.0	52.5896	0.2071	0.0	0.0
SRR15115331	41794608	0.0	22.2336	0.1821	0.0	0.0
SRR10448331	252231	0.243	2.2043	51.77	0.0	0.0
SRR20705625	31301511	0.0	27.7696	1.3659	0.0	0.0
SRR27288288	38501554	0.0	2.0577	0.6478	0.0	0.0
SRR8163299	31503756	0.1002	7.4172	0.0	0.0	0.0
SRR20337012	13738237	0.0	63.6717	0.2501	0.0	0.0
ERR11669006	45687122	0.0	2.4928	0.0	0.0	0.0
SRR11565977	4151998	0.0	2.8565	0.1112	0.0	0.0
SRR23096724	7031319	0.0	26.5265	13.0768	0.0	0.0
SRR32993589	24239125	0.0	6.8591	0.6855	0.0	0.0
SRR28480740	21748931	0.0	2.7911	0.6125	0.0	0.0
SRR21021595	5438072	0.9979	1.257	8.4501	0.0	0.0
SRR33279959	17618417	0.0	17.7596	2.4863	0.0	0.0
SRR31479292	22347013	0.0	9.3987	0.6118	0.0	0.0
SRR7266085	1797690	1.2419	0.0	0.6293	0.0	0.0
SRR25046125	24004744	0.0	1.017	0.1099	0.0	0.0
SRR22262074	39098295	3.1538	0.7402	0.0	0.0	0.0
SRR28392385	34558476	0.4518	1.8939	1.1184	0.0	0.0
SRR11614316	28410240	0.0	1.9748	0.3494	0.0	0.0
SRR20450849	8926721	0.0	5.8692	0.0	0.0	0.0
SRR21354849	458561	0.0	18.4047	1.725	0.0	0.0
DRR260993	9563759	0.0	2.875	1.8335	0.0	0.0
SRR9854228	22612764	0.0	3.0952	0.0	0.0	0.0
SRR26877715	19014107	1.7103	0.0	0.6481	0.0	0.0
SRR31745000	24837496	0.0	1.849	0.6516	0.0	0.0
SRR38258970	77737727	0.0	68.2586	0.5678	0.0	0.0
SRR31745004	23031579	0.0	8.6626	0.606	0.0	0.0
SRR11741576	35424061	25.0887	0.0	1.048	0.0	0.0
SRR6398548	1046715	0.0	67.6126	1.4524	0.0	0.0
SRR2000036	170379358	0.0	8.6314	0.0	0.0	0.0
SRR25683597	23827004	0.0	5.9695	0.6203	0.0	0.0
SRR38478083	20235372	93.6874	0.1093	0.1249	0.0	0.0
SRR19548545	22853842	0.0	21.104	0.2962	0.0	0.0
SRR31801803	22293033	0.0	1.4054	0.7781	0.0	0.0
SRR25254476	26497872	0.0	1.9881	0.8556	0.0	0.0
SRR13862656	24994740	0.0	2.1136	1.989	0.0	0.0
SRR8984404	27471114	0.0	1.6101	0.0	0.0	0.0
SRR24657688	26114410	0.0	19.3615	0.4619	0.0	0.0
ERR3891530	12490526	0.0	55.5186	1.3516	0.0	0.0
DRR897950	16878277	0.0	42.3048	0.109	0.0	0.0
SRR7265026	1878334	1.7801	0.0	0.0	0.0	0.0
SRR3498313	14258325	3.6984	0.0	1.3305	0.0	0.0
SRR21021590	40640438	1.4389	12.7178	1.4315	0.0	0.0
SRR28045290	20761013	2.8903	0.0	0.9347	0.0	0.0
SRR25534627	29375491	0.0	2.3254	1.2246	0.0	0.0
SRR10269812	19858725	0.0	3.1047	0.3507	0.0	0.0
SRR26955059	24237560	0.0	2.7154	2.35	0.0	0.0
SRR35931053	55966045	8.2203	0.0	0.4591	0.1188	0.0
SRR10769488	32894967	2.491	0.0	1.5026	0.0	0.0
SRR11814918	23263752	4.5873	0.0	0.1265	0.0	0.0
SRR14239712	23421520	0.0	2.9318	1.1837	0.0	0.0
ERR15399338	58373829	0.0	0.0	3.4048	0.0	0.0
SRR3100250	14016679	0.0	9.8971	0.0	0.0	0.0
ERR15825667	21268745	0.0	1.0794	0.117	0.0	0.0
SRR21654350	8268857	0.0	11.062	0.0	0.0	0.0
SRR17408161	5176434	0.0	30.0994	2.2055	0.0	0.0
ERR13230701	3078355	0.0	0.0	24.8995	0.0	0.0
SRR11574386	2223280	0.0	3.6008	0.3403	0.0	0.0
SRR11521334	873909	0.0	3.4896	4.3796	0.0	0.0
SRR34326382	24183965	0.0	10.5308	0.1151	0.0	0.0
SRR30126666	24641155	5.2804	0.0	0.2355	0.0	0.0
SRR29536504	118035037	0.0	33.2627	7.6133	0.0	0.0
SRR8871472	20864618	4.0553	0.0	0.0	0.0	0.0
SRR8661629	57062696	2.3851	0.0	2.0417	0.0	0.0
SRR24657700	22391283	0.0	18.2008	0.7196	0.0	0.0
SRR24807945	44155009	2.532	0.0	1.1124	0.0	0.0
SRR26329872	16530645	0.0	13.5504	1.6888	0.0	0.0
SRR36292462	39062504	3.1318	0.2622	6.1566	0.0	0.0
SRR2096840	10830855	6.5806	0.0	0.8926	0.0	0.0
SRR38482466	51809762	0.0	1.8418	4.1024	0.0	0.0
SRR12342824	39487170	39.2052	0.0	0.0	0.0	0.0
SRR25379812	21177233	0.0	14.0467	1.1664	0.2781	0.0
SRR3724097	55156448	30.7925	0.0	0.6318	0.0	0.0
ERR14823245	35224098	71.16	0.0	0.0	0.0	0.0
ERR13191365	42216576	0.0	0.1765	14.9782	0.0	0.0
SRR7267348	1230185	8.7918	0.0	0.0	0.0	0.0
SRR15364426	14426867	0.0	6.6419	0.7933	0.0	0.0
SRR16938895	17347007	0.0	67.8726	0.2364	0.0	0.0
SRR12615971	3937265	0.0	1.1498	0.8209	0.0	0.0
SRR26321434	18323397	0.0	4.6633	0.0	0.0	0.0
SRR12616016	6171633	0.0	1.4295	0.7489	0.0	0.0
SRR34326390	28795911	0.0	3.0806	0.3511	0.0	0.0
DRR1024673	11706681	0.0	10.7782	2.9579	0.0	0.0
SRR11566060	1188701	0.0	1.5947	0.1276	0.0	0.0
SRR14615457	12637200	0.1384	8.0626	1.4477	0.0	0.0
SRR35650497	16216380	0.0	10.137	0.0	0.0	0.0
SRR35237747	27087011	2.293	0.0	2.1043	0.0	0.0
SRR32911226	26181256	0.0	8.515	1.0033	0.0	0.0
SRR5878415	12430725	0.0	17.4606	0.0	0.0	0.0
SRR34792234	38515981	0.1721	0.0	2.0622	0.0	0.0
SRR20705609	31198178	0.0	71.6288	0.582	0.0	0.0
SRR25209544	21514237	0.0	3.4752	0.0	0.0	0.0
SRR1922836	36152758	2.6478	0.0	0.877	0.0	0.0
SRR8416452	20698478	5.6363	0.0	0.1428	0.0	0.0
SRR3162026	22215641	0.0	1.4366	0.0	0.0	0.0
SRR25301323	22110661	2.4908	0.0	3.0834	0.0	0.0
SRR29384942	35976699	2.1375	0.0	0.6412	0.0	0.0
SRR7267129	1295670	3.4276	0.0	0.2629	0.0	0.0
SRR26860141	37554100	0.0	70.0648	0.9198	0.0	0.0
SRR25968992	48543472	6.9245	0.0	2.6025	0.0	0.0
ERR10886995	55143383	5.1439	0.0	0.4144	0.0	0.0
SRR8523165	12759903	0.0	1.5544	0.6608	0.0	0.0
SRR11574224	1847237	0.0	1.3344	0.3296	0.0	0.0
SRR28288550	22229671	0.0	3.5202	11.952	0.0	0.0
SRR15141128	7368609	27.0285	0.0	1.2658	0.0	0.0
SRR36367333	34133436	6.9049	4.1971	5.9291	0.0	0.0
SRR1779337	10241309	0.0	7.9796	0.0	0.0	0.0
SRR7299850	4402412	0.0	2.0663	3.5751	0.0	0.0
SRR23221811	21118629	0.0	1.9826	1.5457	0.0	0.0
SRR34300155	39463614	3.659	0.0	5.8147	0.0	0.0
ERR10886981	52484970	2.5251	0.0	0.227	0.0	0.0
SRR7264918	1567529	1.08	0.0	0.2996	0.0	0.0
SRR18957877	28355619	0.0	0.0	1.0912	2.3085	0.0
DRR905117	14675716	0.0	0.0	5.8966	0.0	0.0
DRR992064	28378439	0.0	7.9791	0.0	0.0	0.0
SRR15539004	14079246	14.4431	0.0	3.909	0.0	0.0
SRR26468246	10362195	0.0	23.5049	2.2406	0.0	0.0
SRR29848865	23883879	8.4357	0.0	3.1424	0.0	0.0
SRR34326484	41672574	0.1243	6.0329	0.9694	0.0	0.0
SRR32178763	24790088	0.0	0.0	10.0587	0.0	0.0
SRR29606663	36320243	0.0	0.0	15.3045	0.0	0.0
SRR7267076	1327468	2.7775	0.0	0.0	0.0	0.0
ERR3596739	69422414	89.481	0.0	0.0	0.0	0.0
SRR15141247	3437047	9.7318	0.0	1.3584	0.0	0.0
SRR16227925	51809230	0.1362	3.6824	0.1414	0.0	0.0
SRR27333909	18969780	2.9785	5.6123	0.4378	0.0	0.0
SRR34326248	5324416	0.0	5.6019	0.0	0.0	0.0
SRR22424725	21474740	0.0	2.8506	2.1988	0.0	0.0
SRR26679137	21348526	23.5267	0.0	0.233	0.0	0.0
SRR15253615	23322950	0.0	5.8149	0.687	0.0	0.0
ERR14835928	27623977	61.7372	0.0	3.102	0.0	0.0
SRR15634093	45262270	2.4297	0.0	0.176	0.0	0.0
SRR29281560	21564719	0.1754	4.9243	0.3635	0.0	0.0
SRR17731625	20846291	0.0	2.7012	0.0	0.0	0.0
SRR12171331	29377965	0.0	11.0812	0.0	0.0	0.0
SRR13292596	19625764	0.0	1.6183	1.6905	0.0	0.0
SRR13125051	44985007	0.0	2.0027	1.2546	0.0	0.0
SRR2096836	10858120	6.9834	0.0	0.899	0.0	0.0
SRR20750851	442114	0.0	1.9169	2.9341	0.0	0.0
SRR6281671	4983812	0.0	0.1116	14.0772	0.0	0.0
ERR16803913	599772	0.471	0.0	7.3933	0.0	0.0
SRR27322969	2284515	0.0	27.8221	3.2574	0.0	0.0
SRR27333891	25674886	0.102	4.3928	0.6703	0.0	0.0
SRR34326389	19875964	0.0	4.8251	0.2222	0.0	0.0
ERR10886954	50611373	8.5182	0.0	0.2712	0.0	0.0
SRR6333621	24267306	0.1223	8.1606	2.7179	0.0	0.0
SRR21820037	45313736	0.0	0.0	3.7412	0.0	0.0
SRR34326321	4007174	0.0	3.2873	0.0	0.0	0.0
ERR4921206	42030828	0.0	1.8897	0.0	0.0	0.0
SRR8586769	50166538	1.9635	0.0	0.3482	0.0	0.0
SRR19750584	26681612	0.0	0.0	0.0	1.1225	0.0
SRR6218744	39259078	2.2165	0.0	5.5216	0.0	0.0
SRR38482463	54977255	0.0	3.9787	3.206	0.0	0.0
SRR25723167	15912008	0.0	11.9856	2.4478	0.0	0.0
ERR12268584	17593671	0.0	1.0068	1.7202	0.0	0.0
SRR22973800	43185383	8.848	0.0	1.2342	0.0	0.0
SRR26860155	37363575	8.606	0.0	0.0	0.0	0.0
SRR35859412	35127814	0.0	17.6729	0.5713	0.0	0.0
SRR36367324	40515391	11.9198	0.6655	6.9062	0.0	0.0
SRR10160956	26051086	0.0	8.9471	1.3142	0.0	0.0
SRR12054308	32430514	6.6368	0.0	0.465	0.0	0.0
SRR7135981	23133414	8.1038	0.0	0.0	0.0	0.0
SRR8786171	40851666	0.0	5.1587	1.0291	0.0	0.0
SRR33687102	23803794	0.0	1.9334	2.118	0.0	0.0
SRR9023734	21555935	0.0	5.7248	0.0	0.0	0.0
SRR4470208	24916105	0.0	14.4659	0.2264	0.0	0.0
DRR992010	25089867	0.0	2.3893	0.0	0.0	0.0
SRR16938962	16404149	0.0	66.8277	0.5125	0.0	0.0
SRR33827815	23295200	0.0	2.3494	0.0	0.0	0.0
ERR3791689	28362175	0.0	0.0	7.7887	0.0	0.0
SRR12835399	66840487	0.0	5.7755	9.5377	0.0	0.0
SRR7264728	1813273	2.021	0.0	0.0	0.0	0.0
ERR13346947	22442066	0.0	1.7385	0.1318	0.0	0.0
SRR10153102	11954010	0.0	2.5999	0.0	0.0	0.0
SRR34326489	31888779	0.0	14.5634	0.4089	0.0	0.0
SRR8786162	39634252	0.0	2.9219	0.3733	0.0	0.0
SRR24755833	38021409	0.0	6.3908	0.4885	0.0	0.0
SRR27371170	18888413	0.0	2.2185	0.3531	0.0	0.0
SRR5209213	9731586	0.0	0.0	3.0825	0.0	0.0
SRR20750907	1145715	0.0	1.3722	1.3395	0.0	0.0
SRR35182974	21983294	9.4037	0.0	0.1691	0.0	0.0
SRR20297003	29842460	0.0	2.9858	6.013	0.0	0.0
SRR26975736	29621810	71.0561	0.2688	2.0063	0.0	0.0
ERR3452460	9951190	0.0	13.3876	0.2841	0.0	0.0
ERR3452459	9945024	0.0	13.6151	0.2945	0.0	0.0
SRR38858542	34398856	1.3206	0.0	1.4316	0.0	0.0
SRR3098382	18372450	10.8565	0.0	0.1246	0.0	0.0
SRR19632006	40041670	0.0	3.784	0.0	0.0	0.0
SRR18583985	44564973	0.0	4.17	0.0	0.0	0.0
SRR24309288	44012216	0.2272	0.0	34.9234	0.0	0.0
SRR35278629	22441147	0.0	13.9678	0.6753	0.0	0.0
SRR16995295	39195303	4.0249	0.2519	0.9049	0.0	0.0
SRR23758657	23892344	0.0	0.0	0.1531	4.0603	0.0
SRR38271977	23652350	0.0	12.4822	1.2941	0.0	0.0
SRR31278110	56575341	9.829	0.0	0.2012	0.0	0.0
SRR10054980	65208340	0.0	9.1856	0.1567	0.0	0.0
ERR3891526	11882438	0.0	37.8099	1.1615	0.0	0.0
SRR5448200	10332166	0.0	3.9857	0.1066	0.0	0.0
SRR5448201	10340224	0.0	4.0067	0.1066	0.0	0.0
SRR33516213	27103063	0.0	1.9159	0.0	0.0	0.0
SRR11566057	1689913	0.0	3.7534	0.0	0.0	0.0
SRR3623314	81968	4.7909	0.0	0.0	0.0	0.0
SRR36833374	60164538	1.9607	0.5339	1.149	0.0	0.0
DRR828907	24805583	0.0	0.0	0.2354	5.2042	0.0
SRR27323314	3734010	0.0	57.1063	3.3063	0.0	0.0
SRR13263223	73657338	0.0	6.1208	1.2644	0.0	0.0
SRR16227935	67336198	0.0	1.3017	0.0	0.0	0.0
SRR28797228	24422895	0.0	15.905	0.1158	0.0	0.0
SRR38061555	71093170	0.0	1.1725	0.0	0.0	0.0
SRR9680697	36710985	0.0	10.3368	0.0	0.0	0.0
SRR22142944	138361417	35.8509	0.0	1.1087	0.0	0.0
SRR27322854	3897787	0.0	19.4069	1.6814	0.0	0.0
SRR35136559	138240403	0.0	36.3285	0.5946	0.0	0.0
SRR25073312	22212407	7.4134	0.0	1.6614	0.0	0.0
SRR11814997	22290198	0.7952	1.4169	0.1236	0.0	0.0
SRR29848863	22927787	60.8372	0.1751	2.5899	0.0	0.0
SRR32331942	20658523	0.0	2.3645	2.6996	0.0	0.0
SRR23086152	25966258	0.0	2.4182	1.1574	0.0	0.0
SRR24519910	23353144	0.0	10.5426	1.6129	0.0	0.0
SRR6215496	97558605	6.5607	0.138	6.6277	0.0	0.0
SRR32959943	23847884	13.1468	0.0	0.4706	0.0	0.0
SRR27322925	10059258	0.0	62.0025	1.294	0.0	0.0
SRR34326317	4786092	0.0	3.2282	0.0	0.0	0.0
SRR19658858	22420056	0.0	7.0155	0.0	0.0	0.0
SRR16709584	39686568	0.0	5.0847	0.4061	0.0	0.0
SRR8163291	37210002	0.0	1.4018	0.0	0.0	0.0
SRR29906208	19839315	0.0	4.6241	0.0	0.0	0.0
SRR12054311	33569559	2.7544	0.0	0.3377	0.0	0.0
ERR7738945	33834031	0.0	6.7152	0.7468	0.0	0.0
SRR37630616	22602365	0.0	1.4893	1.2207	0.0	0.0
SRR3098084	18454406	4.4513	0.0	0.0	0.0	0.0
SRR7264825	1371949	1.2592	0.0	0.0	0.0	0.0
SRR25422559	48016719	0.0	91.4355	0.0	0.0	0.0
SRR24019258	8211140	0.0	0.0	14.2174	0.0	0.0
SRR29289943	27215259	0.0	10.7451	1.1901	0.0	0.0
SRR24956581	19478389	0.0	0.0	17.7847	0.0	0.0
SRR25254359	26629891	0.0	1.3735	0.4862	0.0	0.0
SRR25890128	18791127	0.0	2.5848	0.5594	0.0	0.0
SRR36778581	19911669	11.508	0.0	0.5429	0.0	0.0
SRR24114312	22928543	0.0	1.8575	6.5119	0.0	0.0
SRR31806246	14671869	0.0	4.2561	8.2388	0.0	0.0
SRR21151067	20813049	2.0257	0.0	1.1493	0.0	0.0
ERR4352135	105962396	7.0367	0.0	0.2536	0.0	0.0
SRR24115460	23596879	4.1027	0.0	3.294	0.0	0.0
SRR27305499	5686924	0.0	5.2861	0.2319	0.0	0.0
SRR7266267	820455	8.2514	0.0	0.3364	0.0	0.0
SRR30852796	22557829	0.0	27.3931	0.0	0.0	0.0
SRR7267308	1884592	1.3909	0.0	0.0	0.0	0.0
SRR7644280	30944917	17.4028	0.0	0.1021	0.0	0.0
SRR22858660	28619999	0.0	33.3024	0.9992	0.0	0.0
SRR30795887	51741357	0.0	17.2852	0.9593	0.0	0.0
SRR22937887	19341330	1.6294	0.0	0.2361	0.0	0.0
SRR25485604	23380201	0.0	2.1019	0.321	0.0	0.0
SRR27304983	608851	0.0	3.163	0.4164	0.0	0.0
SRR28353098	34559669	0.0	8.2564	0.1743	0.0	0.0
SRR17456161	22797697	0.0	20.5633	2.5006	0.0	0.0
SRR7508058	4696846	0.0	2.4671	0.0	0.0	0.0
SRR16709562	29062892	0.0	14.4581	0.3939	0.0	0.0
SRR22958645	8090852	0.1747	1.6426	0.7099	0.0	0.0
SRR39546682	26957638	0.3253	10.653	2.5336	0.0	0.0
ERR14043230	26951581	0.0	2.1955	0.1719	0.0	0.0
SRR12316353	10974089	0.0	23.0722	0.591	0.0	0.0
SRR21654349	10226835	0.0	3.0703	0.0	0.0	0.0
SRR29011869	24359757	0.0	3.7362	0.1601	0.0	0.0
SRR34326434	5736904	0.0	4.5141	0.2447	0.0	0.0
SRR13486983	4058874	0.0	3.9143	1.1233	0.0	0.0
SRR8706881	21326807	1.2792	0.0	0.0	0.0	0.0
SRR10291782	41751756	3.5574	0.0	0.3088	0.0	0.0
SRR11791304	27466189	0.0	2.0677	5.0529	0.0	0.0
SRR35896398	14604382	0.0	2.1459	0.467	0.0	0.0
SRR21021638	35897719	0.1138	6.668	2.417	0.0	0.0
SRR25670419	17681075	0.0	0.0	0.1879	1.319	0.0
SRR33516305	23703766	0.0	1.9483	0.2077	0.0	0.0
SRR34083363	22050392	0.0	7.3092	1.2025	0.0	0.0
SRR5658203	29234111	0.0	1.2559	2.64	0.0	0.0
SRR10664036	28256898	0.0	1.9692	0.1167	0.0	0.0
SRR8078941	31267788	3.3627	0.0	0.1324	0.0	0.0
SRR23703154	37672861	0.0	2.3261	0.4764	0.0	0.0
SRR21354823	1237465	0.0	4.4654	1.5663	0.0	0.0
SRR35105549	29300461	28.5444	0.0	0.3158	0.0	0.0
SRR26839129	20874634	0.2508	12.2783	0.7647	0.0	0.0
DRR217278	17362133	49.0883	0.0	0.1837	0.0	0.0
SRR14239692	17820060	0.0	13.7657	3.7518	0.0	0.0
SRR28785884	3113742	0.0	3.693	18.9196	0.0	0.0
SRR17227521	30688833	0.0	1.4079	5.3615	0.0	0.0
SRR29665068	24237359	1.5002	0.0	1.0152	0.0	0.0
SRR38271975	22649215	0.0	14.05	1.1563	0.0	0.0
SRR32467246	21519396	0.0	4.9793	0.5367	0.0	0.0
ERR4349059	19622379	1.4823	0.7518	0.6751	0.0	0.0
DRR872888	34005430	26.284	0.0	5.5876	0.0	0.0
SRR25522805	37698978	0.0	0.0	1.8923	0.0	0.0
SRR27298052	3289345	0.0	22.805	0.0	0.0	0.0
SRR27344861	22024565	0.0	3.5704	2.0483	0.0	0.0
SRR21769135	27441964	0.0	2.3511	0.0	0.0	0.0
ERR10886965	50171468	22.7919	0.0	0.2551	0.0	0.0
SRR13263269	43324152	0.0	2.1189	0.0	0.0	0.0
SRR13298296	40070955	0.0	15.0996	0.2289	0.0	0.0
SRR29554247	36254407	11.3529	0.0	7.8783	0.0	0.0
SRR27333908	19572878	0.0	2.3767	1.408	0.0	0.0
SRR29606652	37605533	0.0	0.0	9.9431	0.0	0.0
SRR35776666	34558280	0.0	14.5747	0.6135	0.0	0.0
SRR37325407	60092522	2.0738	0.0	0.246	0.0	0.0
SRR3255932	32108952	0.0	12.389	2.3165	0.0	0.0
SRR13824023	7264882	68.5612	0.0	0.1377	0.0	0.0
SRR9134331	23071381	0.0	4.7117	7.6463	0.0	0.0
SRR16958438	63509625	14.7161	0.0	1.2434	0.0	0.0
SRR31112630	22915169	12.5711	0.0	0.2457	0.0	0.0
SRR11809814	44127361	0.0	8.9544	1.6288	0.0	0.0
SRR21354861	236382	0.0	69.9512	16.0681	0.0	0.0
ERR14838105	204156575	3.5034	0.0	3.354	0.0	0.0
SRR866572	31716835	0.0	1.3777	2.2338	0.0	0.0
SRR7267035	1493135	4.4235	0.0	0.2414	0.0	0.0
ERR10886977	57820966	1.8446	0.0	0.289	0.0	0.0
SRR11291058	56713134	0.1092	3.8722	0.6863	0.0	0.0
SRR10098213	32002658	0.0	4.48	0.376	0.0	0.0
SRR19546317	43958960	1.8989	0.0	0.3525	0.0	0.0
SRR33516356	23304401	0.0	2.4264	0.1038	0.0	0.0
SRR32274087	23683820	7.2282	0.2218	0.0	0.0	0.0
SRR16939003	18603730	0.0	51.9269	0.2041	0.0	0.0
ERR3791709	25396832	0.0	0.0	10.9953	0.0	0.0
ERR6121373	35979003	0.0	0.0	4.5258	0.0	0.0
SRR25233154	24029358	0.0	1.9677	0.1764	0.0	0.0
SRR11459983	19907079	0.2173	3.2867	0.1324	0.0	0.0
SRR14239719	21808767	0.0	3.9655	3.0794	0.0	0.0
SRR15560147	15003843	0.0	23.7441	0.319	0.0	0.0
SRR27709649	20081303	0.0	3.9025	0.1153	0.0	0.0
SRR34326217	47711000	0.0	5.3374	0.2205	0.0	0.0
SRR7266353	2036117	2.2969	0.0	0.0	0.0	0.0
SRR32274089	22650679	6.9874	0.2209	0.0	0.0	0.0
SRR7267024	155200	12.9543	0.0	0.0	0.0	0.0
SRR16611316	22561964	5.2837	0.0	0.3925	0.0	0.0
SRR27029086	19278051	0.0	3.4652	2.1131	0.0	0.0
SRR7644322	26932894	37.8724	0.0	0.2113	0.0	0.0
SRR15564993	25157107	0.1446	7.5668	0.4342	0.0	0.0
SRR25209511	22885263	0.0	5.2412	0.0	0.0	0.0
SRR27323339	2349218	0.0	6.5097	2.4025	0.0	0.0
SRR32132957	30902465	1.791	0.0	0.598	0.0	0.0
SRR10168369	40976310	0.0	1.2397	0.1079	0.0	0.0
SRR7507885	4533832	0.0	1.9771	0.2125	0.0	0.0
SRR8492841	50610740	0.0	6.348	0.326	0.0	0.0
SRR19055233	36932382	57.0151	0.0	2.256	0.0	0.0
SRR26860041	19819171	66.9057	0.0	0.1317	0.0	0.0
SRR7267226	2816724	3.7018	0.0	0.0	0.0	0.0
SRR18171583	49156416	11.7654	0.0	0.4666	0.0	0.0
SRR8711580	9750933	0.0	1.169	0.0	0.0	0.0
SRR26955057	22714471	0.0	2.0041	1.5545	0.0	0.0
SRR27373731	28300622	0.0	20.1363	0.7004	0.0	0.0
SRR1284050	26263476	5.9304	0.0	0.0	0.0	0.0
SRR7361591	21245323	0.0	1.2391	0.0	0.0	0.0
SRR7267016	1132674	7.1178	0.0	0.0	0.0	0.0
SRR23046693	45491100	0.0	7.3998	4.94	0.0	0.0
SRR7266251	1768446	1.2435	0.0	0.4217	0.0	0.0
SRR10198779	50735852	0.0	0.0	4.7282	0.0	0.0
SRR20450842	9498871	0.0	4.2401	0.0	0.0	0.0
SRR21021841	81110676	0.0	1.0314	0.8306	0.0	0.0
SRR12899063	14888370	0.0	34.9403	0.1504	0.0	0.0
SRR3724095	31296226	2.7422	0.0	2.9974	0.0	0.0
SRR21354766	253056	0.0	12.815	1.1424	0.0	0.0
SRR7266305	1255626	4.5381	0.0	0.0	0.0	0.0
SRR36910229	27008938	6.6991	0.0	4.6067	0.0	0.0
SRR13134693	23218369	0.0	30.0333	0.5647	0.0	0.0
SRR7508051	4735323	0.0	1.6173	0.0	0.0	0.0
SRR19632017	41170326	0.0	44.8977	0.0	0.0	0.0
SRR38119250	49562586	0.0	0.0	4.0968	0.0	0.0
SRR5435263	23990016	6.2625	0.0	0.7256	0.0	0.0
SRR36321527	182706157	0.0	0.0	2.7215	12.008	0.0
SRR15853902	33394134	89.33	0.1055	0.2663	0.0	0.0
SRR2989615	11105464	0.0	31.0237	0.3052	0.0	0.0
SRR13084380	23820593	0.1826	0.0	6.2548	60.1084	0.0
SRR26860038	36758622	20.5896	0.2368	1.5968	0.0	0.0
SRR9851959	32917514	1.6475	0.0	0.0	0.0	0.0
SRR9963852	30610128	0.0	1.2927	0.0	0.0	0.0
SRR12054310	32315973	4.5804	0.0	0.2047	0.0	0.0
SRR21042997	20997997	0.0	1.3406	0.0	0.0	0.0
SRR25233157	22783146	0.0	2.3851	0.0	0.0	0.0
SRR35136556	138573806	0.0	69.1857	0.1684	0.0	0.0
SRR20297073	13809848	0.0	1.0661	5.2274	0.0	0.0
SRR26321443	17606252	0.0	13.3291	0.0	0.0	0.0
SRR8661630	58684814	4.6925	0.0	2.2522	0.0	0.0
SRR17916373	17091027	22.8794	0.0	0.6969	0.0	0.0
SRR7266138	1469483	2.2536	0.0	0.0	0.0	0.0
SRR25534620	23015521	0.5316	6.7792	1.6962	0.0	0.0
SRR36134881	6359068	3.6602	0.0	2.6544	0.0	0.0
SRR10210789	7293728	0.0	49.1512	0.1738	0.0	0.0
SRR3724102	47731002	63.8193	0.0	0.1412	0.0	0.0
SRR12245819	48284571	0.0	8.4387	0.2265	0.0	0.0
SRR12532034	22582243	0.0	12.1165	0.0	0.0	0.0
SRR26951125	23439212	0.0	1.2943	0.2711	0.0	0.0
SRR33687113	23811354	0.0	1.1978	1.7857	0.0	0.0
SRR28479755	21696682	0.0	1.071	0.304	0.0	0.0
SRR28097696	65917616	0.0	3.023	0.2081	0.0	0.0
SRR11282445	39661803	0.0	1.4033	2.3442	0.0	0.0
SRR23797922	36388131	0.0	2.0675	0.1045	0.0	0.0
ERR5709398	23940861	0.0	5.1718	0.5246	0.0	0.0
SRR18394859	23754293	0.0	0.0	22.4608	0.0	0.0
SRR28454416	22927907	0.0	1.1415	0.3299	0.0	0.0
DRR997368	19394075	0.0	5.1334	0.6378	0.0	0.0
SRR8457030	25837025	0.0	13.3968	0.0	0.0	0.0
SRR14768614	20941687	0.0	10.0133	4.4566	0.0	0.0
SRR22266469	19802091	0.0	2.1846	0.0	0.0	0.0
SRR22351707	21619883	0.0	16.9311	0.3908	0.0	0.0
SRR10987660	25464566	0.2822	13.4421	0.2873	0.0	0.0
SRR10135376	10863004	0.1175	1.8151	0.4971	0.0	0.0
SRR28797218	31446689	0.0	3.4579	0.318	0.0	0.0
SRR20705612	31409373	0.0	49.4738	0.9912	0.0	0.0
SRR26557287	26093577	0.0	5.1699	5.3013	0.0	0.0
ERR13230726	4333088	0.0	0.0	18.7914	0.0	0.0
SRR27126709	23092389	0.0	16.0244	0.4181	0.0	0.0
SRR35228110	25049723	0.0	5.1411	2.261	0.0	0.0
SRR24956640	12039801	0.0	0.0	16.9722	0.0	0.0
SRR34222355	19339688	0.0	1.6336	0.1425	0.0	0.0
SRR29750383	34725421	0.2486	6.5377	7.432	0.0	0.0
SRR33471946	24737310	5.355	0.0	2.1682	0.0	0.0
SRR32467363	80007173	45.8086	0.0	0.2898	0.0	0.0
SRR19308652	36103870	2.1921	0.0	0.8517	0.0	0.0
SRR7265070	1933829	1.7378	0.0	0.0	0.0	0.0
SRR24518417	21272775	0.0	12.9963	0.1823	0.0	0.0
SRR27298184	575497	0.0	10.798	0.5416	0.0	0.0
SRR1265953	134373840	0.0	1.563	3.6149	0.0	0.0
SRR3371848	15309377	0.0	8.0247	0.0	0.0	0.0
SRR21021718	16589396	0.0	1.3736	0.2068	0.0	0.0
ERR6123126	36493735	0.0	0.0	4.6206	0.0	0.0
ERR7421549	20876537	27.7329	0.7145	0.4088	0.0	0.0
SRR31319048	4481931	0.0	3.7303	7.7574	0.0	0.0
SRR28603127	23821096	0.0	4.9951	0.0	0.0	0.0
SRR17408153	5903285	0.4521	19.5466	4.1753	0.0	0.0
SRR13069793	30171470	0.0	3.6072	0.912	0.0	0.0
SRR27339990	27968490	0.0	1.3893	0.4486	0.0	0.0
SRR18209726	29375196	0.0	3.1654	0.7448	0.0	0.0
SRR8691565	28227566	0.0	2.3229	0.0	0.0	0.0
SRR28926627	33550755	8.898	0.0	0.2366	0.0	0.0
SRR20613514	24240304	0.0	4.2454	0.0	0.0	0.0
SRR8418318	9209144	4.6115	0.0	0.781	0.0	0.0
ERR6212331	7868894	0.0	1.445	0.9639	0.0	0.0
SRR25379827	21789680	0.0	6.4771	0.8192	0.206	0.0
SRR18394852	40197218	0.0	0.0	21.7631	0.0	0.0
SRR11574304	1332028	0.0	4.5719	0.6611	0.0	0.0
SRR23086153	23593067	0.0	1.9391	1.2403	0.0	0.0
SRR16938890	15863236	0.0	52.1545	0.8841	0.0	0.0
SRR12160902	28400390	0.0	24.4415	0.1903	0.0	0.0
SRR14182325	21487854	5.7713	0.0	0.8961	0.0	0.0
SRR26468245	10816216	0.0	49.0022	1.7307	0.0	0.0
SRR30009878	125856222	10.8676	0.0	0.3793	0.5577	0.0
SRR7264904	1615796	2.0988	0.0	0.1248	0.0	0.0
SRR10135350	9075612	0.0	1.8831	0.2106	0.0	0.0
ERR15368212	69659673	0.0	51.0021	0.2011	0.0	0.0
SRR11931237	25525868	0.1067	31.4719	0.2395	0.0	0.0
SRR28731224	24956744	21.1637	0.5463	0.5725	0.0	0.0
ERR10886923	52271585	10.115	0.0	0.3545	0.0	0.0
SRR7159499	20478542	41.7156	0.0	0.0	0.0	0.0
SRR25992103	22901821	2.0815	0.0	10.8978	0.0	0.0
SRR12603816	49462487	0.0	0.0	8.2995	0.0	0.0
SRR17971109	25074164	0.0	4.1101	1.6821	0.0	0.0
SRR7000865	39773328	8.7407	0.0	0.0	0.0	0.0
SRR7508034	4698073	0.0	2.4373	0.9397	0.0	0.0
SRR29606648	28774399	0.0	0.0	19.3434	0.0	0.0
SRR12158730	23013977	0.0	4.644	0.0	0.0	0.0
SRR32389829	45270073	0.0	2.2957	0.3399	0.0	0.0
SRR29854832	21151413	0.0	3.8217	0.0	0.0	0.0
SRR7267165	1232242	2.4198	0.0	0.0	0.0	0.0
SRR10148776	22342249	0.0	3.7018	1.5684	0.0	0.0
SRR10148777	23631975	0.0	3.7051	1.5652	0.0	0.0
SRR10148778	22546869	0.0	3.7051	1.5664	0.0	0.0
SRR31488142	62518849	3.6379	0.0	1.3718	0.0	0.0
SRR14674062	10237235	1.5774	0.0	1.9301	0.0	0.0
SRR34326215	33673103	0.0	4.3888	0.1068	0.0	0.0
SRR27311210	839783	3.8652	0.0	0.5099	0.0	0.0
SRR13900318	32142283	0.1705	0.0	2.5343	13.3957	0.0
SRR3623358	164808	6.7072	0.0	0.0	0.0	0.0
SRR6039741	34792628	3.9178	0.0	0.0	0.0	0.0
SRR33226747	103708365	0.0	9.9652	1.5654	0.0	0.0
SRR38441793	20096918	0.0	2.019	0.2575	0.0	0.0
SRR26264140	23381370	0.0	1.6269	0.4301	0.0	0.0
SRR15141101	3261740	2.7546	0.0	2.7075	0.0	0.0
SRR33386595	26741373	0.0	3.0637	1.1716	0.0	0.0
ERR11650673	4068670	0.0	1.1556	0.2809	0.0	0.0
SRR33947252	27726347	0.0	2.3803	3.6158	0.0	0.0
SRR29011624	24601514	0.0	1.8723	0.0	0.0	0.0
SRR11814878	26044506	0.2159	3.7505	0.1969	0.0	0.0
ERR11783886	47631556	19.5521	0.0	3.4822	0.0	0.0
ERR2695961	5745085	0.0	10.2955	5.6623	0.0	0.0
SRR27333900	29293361	0.7379	2.2497	0.9471	0.0	0.0
SRR24956649	9103445	0.0	0.0	60.1657	0.0	0.0
SRR26860068	37219942	74.2607	0.0	0.0	0.0	0.0
DRR824737	39867887	0.0	0.0	1.0589	54.9998	0.0
SRR1186869	41848656	3.3567	0.6575	0.1728	0.0	0.0
SRR28392402	37736972	0.0	3.2149	0.4454	0.0	0.0
SRR33672648	24158301	1.056	0.0	0.5706	0.0	0.0
SRR20705582	30948085	0.0	29.8879	0.8472	0.0	0.0
SRR33386594	24904783	0.0	3.1123	1.1744	0.0	0.0
SRR16938982	14913539	0.0	60.8624	0.762	0.0	0.0
ERR3891531	8736171	1.0704	41.6236	1.545	0.0	0.0
SRR30781850	23231784	0.0	0.0	0.7037	23.0827	0.0
DRR623328	6787287	8.7003	0.0	4.4838	0.0	0.0
SRR39546679	28989815	3.5051	7.8807	5.887	0.0	0.0
SRR7264927	1054191	1.4608	0.0	2.6605	0.0	0.0
SRR8457051	42142999	0.0	6.0838	0.0	0.0	0.0
SRR23598367	46390002	2.3954	0.0	0.9135	0.0	0.0
SRR27326787	3600881	5.9596	0.0	1.7156	4.7109	0.0
SRR14615453	10954879	0.0	5.7866	1.0768	0.0	0.0
DRR736969	20911265	0.0	2.3702	0.0	0.0	0.0
SRR15390807	329836752	0.0	1.1695	3.7042	0.0	0.0
ERR3627220	71402462	0.0	0.0	1.771	6.8915	0.0
SRR28797256	25034977	0.0	8.2303	0.1301	0.0	0.0
SRR37385215	14049782	0.0	68.5051	0.6465	0.0	0.0
SRR7265992	351744	2.0151	0.0	0.454	0.0	0.0
SRR16938942	19842719	0.0	74.9449	0.3673	0.0	0.0
SRR3341299	46213646	0.0	4.6922	0.0	0.0	0.0
SRR14673903	10295750	2.822	0.0	1.6493	0.0	0.0
SRR30498965	51803904	8.3934	0.0	4.2927	0.0	0.0
SRR20750836	641184	0.0	1.0866	1.9941	0.0	0.0
SRR6347976	33285379	0.0	0.0	4.7555	0.0	0.0
SRR19217567	20641277	2.463	0.0	2.1227	0.0	0.0
SRR25301136	24093081	0.0	1.946	0.3091	0.0	0.0
SRR17310604	120963636	0.0	19.3262	0.6415	0.0	0.0
SRR8432595	10907147	3.3121	0.0	0.0	0.0	0.0
DRR260982	12660882	0.0	1.3652	5.8997	0.0	0.0
SRR29770674	24284786	0.0	7.1854	17.4251	0.0	0.0
DRR207949	11913288	0.0	0.0	0.2336	6.7627	0.0
SRR7264734	2270555	1.9954	0.0	0.7692	0.0	0.0
SRR27298129	910216	0.0	3.2959	0.4575	0.0	0.0
SRR7266367	908428	2.2847	0.0	0.0	0.0	0.0
SRR22937043	35196318	0.5474	3.5355	0.55	0.0	0.0
SRR13588456	2749212	0.0	0.0	10.571	0.0	0.0
ERR789114	15494376	67.0369	0.0	0.0	0.0	0.0
SRR31047604	26226461	0.0	1.827	0.9935	0.0	0.0
SRR3537150	44498317	16.0837	0.0	0.0	0.0	0.0
SRR16925051	25705285	0.2162	31.7209	0.0	0.0	0.0
SRR10747003	22543878	0.0	1.5874	0.3078	0.0	0.0
SRR13355215	25260936	11.32	0.0	3.3108	0.4136	0.0
SRR7267358	1112577	3.2173	0.0	0.114	0.0	0.0
SRR20438160	36366604	1.0346	0.0	1.3756	0.0	0.0
SRR16772062	10482295	0.0	3.0572	0.1216	0.0	0.0
DRR001012	909677	6.5481	0.0	0.0	0.0	0.0
SRR7507883	4717937	0.0	6.417	1.5026	0.0	0.0
SRR8233982	31805488	0.0	2.2571	2.0878	0.0	0.0
SRR9963841	33872625	0.0	15.5603	0.0	0.0	0.0
SRR866215	25452281	1.5301	1.416	1.0148	0.0	0.0
SRR13960223	15067134	0.0	0.0	0.3943	1.8085	0.0
SRR37336215	28106756	6.1627	0.0	0.2144	0.0	0.0
SRR5658670	24532929	0.0	1.0661	3.6831	0.0	0.0
SRR9963851	30860026	0.0	2.6318	0.0	0.0	0.0
SRR27298181	973902	0.0	3.3018	0.0	0.0	0.0
SRR36910249	35202809	1.7722	0.1278	5.571	0.0	0.0
SRR12968140	13252118	3.984	0.0	0.2752	0.0	0.0
SRR8846339	21292895	0.0	1.325	0.0	0.0	0.0
SRR27298138	1819339	0.0	5.5381	0.944	0.0	0.0
SRR33516620	22457874	0.0	2.8494	0.1515	0.0	0.0
SRR11574373	1864579	0.0	3.7773	0.5223	0.0	0.0
SRR7264841	2755508	1.4222	0.0	0.1091	0.0	0.0
SRR29288345	21552943	0.0	1.0659	1.0191	0.0	0.0
SRR7265986	1565111	9.0465	0.0	0.2878	0.0	0.0
SRR7644276	30502511	2.309	0.0	0.1328	0.0	0.0
SRR10448329	2168012	5.5343	30.9133	39.6407	0.0	0.0
SRR9919017	21155633	0.0	2.296	0.2928	0.0	0.0
SRR14241046	24486189	0.0	0.0	2.1653	0.0	0.0
SRR30681753	34638197	2.3493	0.0	1.5545	0.0	0.0
SRR32366115	20029221	0.0	3.2076	0.9251	0.0	0.0
SRR34061843	37038228	0.0	5.6538	0.1514	0.0	0.0
SRR36864322	23353939	0.0	1.3426	0.4267	0.0	0.0
SRR3880219	11265795	0.0	2.768	0.0	0.0	0.0
SRR7508068	4510457	0.0	3.0037	0.0	0.0	0.0
SRR21042996	20520959	0.0	1.2273	0.0	0.0	0.0
SRR10135190	9840549	0.0	1.3555	1.6233	0.0	0.0
SRR39575304	54552696	0.2278	31.5843	0.465	0.0	0.0
SRR24888041	21375133	3.9979	0.0	1.8144	0.0	0.0
SRR31429547	21382250	0.0	3.361	0.1393	0.0	0.0
SRR14803607	17832148	0.0	26.2695	1.7535	0.0	0.0
SRR17069491	42633030	0.0	1.2617	0.1596	0.0	0.0
SRR32288530	46129399	1.8391	0.0	1.5493	0.0	0.0
SRR34355016	23736537	0.0	18.4383	0.6559	0.0	0.0
SRR7264736	1386042	1.6092	0.0	0.1634	0.0	0.0
SRR11886208	25174859	0.0	2.2494	0.0	0.0	0.0
SRR1759281	6648838	0.0	1.6875	0.1918	0.0	0.0
SRR21354777	433304	0.0	5.3708	0.9123	0.0	0.0
SRR7266369	2528175	1.6024	0.0	0.0	0.0	0.0
SRR38271979	23733734	0.0	12.37	0.9618	0.0	0.0
SRR15058212	23800933	0.0	0.0	2.0161	0.0	0.0
SRR27331638	5287130	0.1155	39.7938	1.1266	0.0	0.0
SRR30852781	22216154	0.0	7.5074	0.0	0.0	0.0
SRR12054335	32242881	14.4297	0.0	0.1763	0.0	0.0
SRR14270267	21741203	0.0	3.8635	0.2327	0.0	0.0
SRR21151068	19534074	1.4547	0.0	1.1802	0.0	0.0
ERR7421542	13209486	23.6984	0.5485	0.3685	0.0	0.0
SRR10137383	42205907	0.0	39.0267	0.111	0.0	0.0
SRR22572292	25169580	0.0	3.9495	0.6928	0.0	0.0
SRR36910217	43059725	1.7655	0.0	4.449	0.0	0.0
SRR19785233	40293152	0.0	2.0626	1.4002	0.0	0.0
SRR25683584	22615697	0.0	1.9904	0.3512	0.0	0.0
SRR29011839	22991957	0.0	1.2189	0.0	0.0	0.0
SRR7508023	5073540	0.0	1.3675	1.8556	0.0	0.0
SRR37160098	28774891	0.0	40.5711	0.1045	0.0	0.0
ERR12186761	178854597	5.9055	0.0	0.5969	0.0	0.0
SRR37858679	23155802	5.5651	3.1585	6.7694	0.0	0.0
SRR8204150	24358204	20.219	0.0	0.0	0.0	0.0
SRR11282444	53252849	0.0	2.093	1.033	0.0	0.0
SRR36594193	33069868	9.867	0.0	0.6755	0.0	0.0
SRR31278111	56357897	18.8166	0.0	0.3103	0.0	0.0
SRR11681095	14360756	18.9089	0.0	10.5286	3.4113	0.0
SRR7266012	403779	7.407	0.0	0.1335	0.0	0.0
SRR8418284	9302714	4.4044	0.0	0.2025	0.0	0.0
ERR4606213	22441962	0.0	1.5649	0.1876	0.0	0.0
SRR22351709	21301905	0.0	3.3385	0.1517	0.0	0.0
SRR22142976	21976978	14.4642	0.0	1.4168	0.0	0.0
SRR22262080	30630902	1.5689	0.4091	0.0	0.0	0.0
SRR9023743	23436082	0.0	6.8063	0.1017	0.0	0.0
SRR35303531	34593554	0.5939	1.4268	0.5345	0.0	0.0
SRR26329861	19666353	0.0	6.1545	1.3515	0.0	0.0
SRR31838235	19721160	6.5334	0.0	1.8434	0.0	0.0
SRR31319047	4327413	0.0	4.1555	7.4942	0.0	0.0
SRR36186715	23837537	0.0	3.4357	0.2239	0.0	0.0
ERR6842713	88374962	3.1522	0.0	0.1295	0.0	0.0
SRR9071705	46770740	0.0	6.1371	0.0	0.0	0.0
SRR35278631	22347013	0.0	9.3987	0.6118	0.0	0.0
SRR19632027	40229142	0.0	8.7929	0.0	0.0	0.0
SRR10717614	39337471	8.8239	0.0	0.0	0.0	0.0
SRR29384941	36304587	1.1506	0.0	2.6087	0.0	0.0
SRR17456144	24386525	0.0	3.6336	3.438	0.0	0.0
SRR25254684	28772608	0.0	1.608	0.2943	0.0	0.0
SRR32708517	19580817	0.0	1.3305	0.1194	0.0	0.0
SRR35228105	26629673	0.0	27.5527	3.2477	0.0	0.0
SRR28797197	32360475	0.0	17.6658	0.2249	0.0	0.0
SRR18298161	11353014	0.0	5.5365	0.3321	0.0	0.0
SRR20728015	34954167	0.0	6.5806	0.0	0.0	0.0
ERR14366958	23102727	0.0	5.4155	0.4159	0.0	0.0
SRR9851960	31549496	1.6627	0.1376	0.1191	0.0	0.0
SRR18030128	23258794	0.0	0.0	3.43	0.0	0.0
SRR20705600	30979466	0.0	55.4213	0.5139	0.0	0.0
SRR24804907	19193966	0.703	11.2137	0.9927	0.0	0.0
SRR21354767	230346	0.0	21.3483	0.0	0.0	0.0
SRR24755832	39733206	0.0	6.63	0.6269	0.0	0.0
SRR29606643	42586495	0.0	0.0	22.3955	0.0	0.0
SRR12623589	17264715	4.9172	0.0	1.4102	0.0	0.0
SRR25209565	22572439	0.0	3.0269	0.0	0.0	0.0
SRR33947261	28036338	0.0	2.2322	11.9938	0.0	0.0
ERR15297600	20447748	0.0	5.5826	0.0	0.0	0.0
SRR11241361	42952057	0.0	4.2701	0.8179	0.0	0.0
SRR32993592	24617587	0.0	5.9172	1.4898	0.0	0.0
SRR39159314	34162655	0.0	1.8829	0.393	0.0	0.0
SRR37160099	24299203	0.0	9.0717	4.6174	0.0	0.0
SRR38858552	38295302	2.4308	0.0	1.1594	0.0	0.0
SRR32911225	25617053	0.0	12.1468	0.7928	0.0	0.0
SRR26860071	33937587	48.8175	0.0	0.3657	0.0	0.0
SRR17137461	21972155	1.6107	4.6021	0.2707	0.0	0.0
SRR22523748	20579090	4.482	0.0	0.0	0.0	0.0
SRR2082965	20688003	0.0	3.3524	0.0	0.0	0.0
SRR18086823	15067700	0.0	1.9182	0.2759	0.0	0.0
SRR17069478	65272751	0.0	2.175	0.3181	0.0	0.0
SRR21354765	223690	0.0	11.351	0.7484	0.0	0.0
SRR31798811	20779859	0.0	1.6471	0.5609	0.0	0.0
SRR27305398	956534	0.0	4.7319	0.1725	0.0	0.0
SRR6283146	21852783	52.2366	0.0	2.8132	0.0	0.0
SRR8418341	4372313	3.7435	0.0	1.3649	0.0	0.0
SRR37798404	28746868	6.437	0.3856	3.9447	0.0	0.0
SRR22266471	20224157	0.0	3.768	0.0	0.0	0.0
SRR4416248	21705175	0.0	4.2089	0.0	0.0	0.0
DRR260992	11409123	0.0	2.5322	3.6211	0.0	0.0
SRR10137385	38350073	0.0	4.5212	0.3128	0.0	0.0
SRR11497364	18693549	1.5092	0.0	1.5778	0.0	0.0
SRR31627826	81528554	0.0	2.5319	0.2206	0.0	0.0
SRR7265988	121917	3.8551	0.0	0.2428	0.0	0.0
SRR3290280	10521486	2.0146	0.0	0.0	0.0	0.0
SRR10135407	11156885	0.0	1.2776	0.0	0.0	0.0
SRR16282445	19908384	0.0	2.6645	0.3641	0.0	0.0
SRR10135012	9593793	0.1198	1.2492	0.2923	0.0	0.0
SRR38482471	52519105	0.0	2.082	3.6838	0.0	0.0
SRR1779173	9071849	0.0	15.7529	0.0	0.0	0.0
SRR17244285	20062655	0.0	7.4649	4.0206	0.0	0.0
SRR31319052	6381600	0.0	3.6587	7.0036	0.0	0.0
SRR36496985	22071438	4.8733	0.0	0.5962	0.0	0.0
SRR38061548	66990897	0.0	3.1102	0.1599	0.0	0.0
SRR18192441	21468191	44.9741	0.0	1.5833	0.0	0.0
SRR27323271	4661141	0.0	6.8296	2.4788	0.0	0.0
SRR21021782	15761231	0.0	1.9258	2.0026	0.0	0.0
SRR14239698	24860180	0.0	27.4588	1.5986	0.0	0.0
SRR15058267	98371876	0.0	5.6278	2.1814	0.0	0.0
SRR9134309	23837452	0.0	1.4957	2.3215	0.0	0.0
SRR23095494	42199694	0.0	10.2485	0.6	0.0	0.0
ERR10886904	60415818	3.223	0.0	0.2271	0.0	0.0
SRR28560585	28207519	0.0	18.8613	0.0	0.0	0.0
SRR33931469	19985539	6.8993	0.0	0.2292	0.0	0.0
SRR25379831	21376076	0.0	0.0	0.9159	1.1546	0.0
SRR30501279	24036793	0.0	3.4164	0.0	0.0	0.0
SRR26214568	35106837	23.1496	0.0	0.1866	0.0	0.0
SRR28973416	25311967	0.0	12.7561	0.3125	0.0	0.0
SRR4416244	23749646	0.0	7.0051	0.1124	0.0	0.0
SRR11947576	32126116	29.2805	0.0	0.8665	0.0	0.0
SRR28415028	23571138	0.0	3.0446	0.2427	0.0	0.0
SRR31806258	18319803	0.0	1.988	4.8185	0.0	0.0
SRR17456152	21275158	0.0	19.0493	1.4763	0.0	0.0
SRR37324346	55160080	0.0	2.4427	0.216	0.0	0.0
SRR39040006	19736133	4.5762	0.0	0.0	0.0	0.0
SRR16938894	17595945	0.0	55.9409	0.238	0.0	0.0
SRR39728336	17185572	0.0	2.0735	0.1826	0.0	0.0
SRR16938912	14713177	0.0	57.9348	0.4079	0.0	0.0
SRR22122956	29905213	27.7229	0.0	0.9807	0.0	0.0
SRR26865900	23060228	0.0	1.1968	0.139	0.0	0.0
SRR36790434	27578021	0.0	8.1539	0.378	0.0	0.0
SRR17916367	14750465	57.6859	0.0	0.9493	0.0	0.0
SRR7267291	1873540	9.0463	0.0	0.3128	0.0	0.0
SRR36910241	36001057	4.1875	0.0	3.2071	0.0	0.0
ERR14835946	31934307	34.9076	0.0	3.1824	0.0	0.0
SRR22272466	30984842	0.0	0.0	0.1336	56.8544	0.0
SRR28787785	25886220	10.0171	0.0	1.3287	0.0	0.0
SRR36292472	42115881	8.4404	0.0	6.0555	0.0	0.0
SRR31323429	23009458	0.0	4.1299	1.2664	0.0	0.0
SRR28480739	22913547	0.0	3.1895	0.1265	0.0	0.0
SRR26659183	39948812	0.0	2.1232	1.6094	0.0	0.0
DRR260954	3604899	0.0	1.9869	3.4861	0.0	0.0
SRR35247846	24104018	0.0	10.3363	0.6034	0.0	0.0
SRR21769127	27029001	0.0	1.32	0.0	0.0	0.0
SRR23095531	42667458	0.0	5.5242	0.5842	0.0	0.0
SRR29289930	30203363	0.0	34.6081	0.8932	0.0	0.0
SRR7264762	403207	4.2931	0.0	0.3132	0.0	0.0
SRR26860144	23700125	73.9416	0.0	0.5146	0.0	0.0
SRR31323369	22304707	0.0	15.4451	1.3372	0.0	0.0
SRR27322887	1610787	0.0	2.1874	2.9164	0.0	0.0
SRR35647253	32155881	0.0	0.0	4.6962	0.0	0.0
SRR7267267	1823534	1.5603	0.0	0.0	0.0	0.0
SRR6123568	16292200	44.7167	0.0	0.0	0.0	0.0
SRR9051321	4009095	1.2065	0.0	3.0055	0.0	0.0
SRR13838029	21398899	0.0	4.1711	0.0	0.0	0.0
SRR21021616	2599258	1.4291	1.4505	0.3432	0.0	0.0
SRR27108795	25350640	0.0	1.6815	0.156	0.0	0.0
SRR23948044	25244094	0.0	40.5457	5.7252	0.0	0.0
SRR29484648	826891	0.0	6.5244	0.4193	0.0	0.0
SRR12546097	11048570	0.0	35.4412	0.0	0.0	0.0
SRR26319509	20591239	2.2367	0.0	1.594	0.0	0.0
SRR30498905	118572830	3.5724	0.0	5.9367	0.0	0.0
SRR8418254	2082185	3.0556	0.0	0.2005	0.0	0.0
SRR21354848	404970	0.0	5.0031	1.5204	0.0	0.0
SRR31301018	20092504	0.0	4.4668	2.3919	0.0	0.0
SRR16351755	27464178	6.02	0.0	3.7647	0.0	0.0
ERR15752206	25140931	0.0	3.5478	2.3374	0.0	0.0
SRR7413611	10485172	4.0338	0.0	5.1579	0.0	0.0
SRR23912219	22202643	0.0	1.2148	0.1118	0.0	0.0
SRR29826787	32345018	60.5469	0.0	3.0239	0.0	0.0
SRR17520148	20521832	5.9335	0.0	0.2257	0.0	0.0
SRR26532409	33182931	0.0	2.1416	0.0	0.0	0.0
SRR19213867	4742683	0.0	6.5723	0.1812	0.0	0.0
SRR36790454	20906867	0.0	7.5766	0.6831	0.0	0.0
SRR10135879	3270203	0.0	10.2544	0.2278	0.0	0.0
SRR13149676	105420550	0.0	4.8701	0.3039	0.0	0.0
SRR34083365	20707088	0.0	2.155	1.0643	0.0	0.0
SRR21726262	21165495	0.0	1.5001	0.1811	0.0	0.0
SRR29855369	40939904	6.8323	0.0	3.3429	0.0	0.0
SRR33226744	100745056	0.0	10.1953	1.506	0.0	0.0
SRR7264687	1550538	2.6849	0.0	0.2026	0.0	0.0
SRR8871490	17553729	10.5517	0.0	0.0	0.0	0.0
SRR27371167	18662010	0.0	1.8818	0.2426	0.0	0.0
SRR27323090	2824172	0.0	2.3335	3.0031	0.0	0.0
SRR27010650	20608216	0.0	3.4111	3.1613	0.0	0.0
SRR7264893	1756459	1.7501	0.0	0.0	0.0	0.0
SRR11574182	2444455	0.0	2.4295	0.3157	0.0	0.0
SRR29384900	36512709	1.5982	0.0	1.3301	0.0	0.0
SRR28809514	28518400	0.0	7.875	0.3658	0.0	0.0
SRR29011871	27608386	0.0	3.6126	0.1323	0.0	0.0
SRR2782410	1471929	0.0	12.4328	0.0	0.0	0.0
SRR9593693	22148015	0.0	1.2672	0.0	0.0	0.0
SRR12054334	32240366	18.1798	0.0	0.3237	0.0	0.0
ERR10886927	61617092	13.4222	0.0	0.3865	0.0	0.0
ERR14835978	83917179	39.0941	0.0	0.1527	0.0	0.0
SRR1264699	154842	0.0	0.4166	0.4488	0.0	0.0
SRR1264700	19274	0.0	0.0	0.0	0.0	0.0
SRR8418319	7966290	5.8785	0.0	0.6455	0.0	0.0
SRR7266093	1065702	3.8672	0.0	0.147	0.0	0.0
SRR7508009	5013715	0.0	3.8481	0.5597	0.0	0.0
SRR8528407	12245093	0.0	1.1448	0.0	0.0	0.0
SRR23436091	21851895	0.0	2.0489	0.175	0.0	0.0
SRR29872141	23617651	0.0	5.0565	0.4883	0.0	0.0
SRR27323425	2154193	0.0	1.3961	3.1902	0.0	0.0
SRR38355262	15545223	5.3737	0.0	0.5989	0.0	0.0
SRR34326378	25582948	0.0	6.794	0.1027	0.0	0.0
SRR16552252	7404499	0.0	51.6385	0.9	0.0	0.0
SRR11291061	44351008	0.0	2.5041	1.0039	0.0	0.0
ERR11650691	3014950	0.0	7.0638	0.2547	0.0	0.0
SRR18292868	26795773	0.0	0.0	7.2926	0.0	0.0
SRR7641910	15165874	0.0	2.8149	0.0	0.0	0.0
SRR36367304	36035404	5.0587	1.0267	5.7369	0.0	0.0
SRR8786163	38948428	0.0	2.1372	0.437	0.0	0.0
ERR4329562	115331139	1.0949	0.0	0.0	0.0	0.0
ERR13610554	73108201	4.1436	0.0	0.2153	0.0	0.0
SRR7265057	1846419	1.5517	0.0	0.1566	0.0	0.0
SRR16938900	14397812	0.0	80.9682	0.1457	0.0	0.0
SRR37723739	19104280	0.0	2.6537	1.063	0.0	0.0
SRR27297910	2965146	0.0	4.4022	0.7572	0.0	0.0
SRR10492110	32015238	1.7415	0.0	3.1656	0.0	0.0
SRR4044953	10810163	15.9868	0.0	0.0	0.0	0.0
SRR24956678	11588723	0.0	0.0	12.8404	0.0	0.0
SRR25209552	21243031	0.0	1.5046	0.1279	0.0	0.0
SRR23618800	26022762	1.7284	0.3619	1.0116	0.0	0.0
SRR7266092	656243	10.6774	0.0	0.0	0.0	0.0
SRR34326335	6362791	0.0	4.4421	0.0	0.0	0.0
SRR10135159	2435532	0.0	4.2025	0.0	0.0	0.0
SRR22858686	22127945	0.0	14.7014	0.921	0.0	0.0
SRR35978848	23755935	0.0	2.904	0.5806	0.0	0.0
SRR36015812	21693249	0.0	1.6117	0.1908	0.0	0.0
SRR12475912	21376652	0.0	1.3896	1.3956	0.0	0.0
SRR15439215	109746226	0.0	10.8552	0.0	0.0	0.0
SRR33210590	10425830	0.0	2.5115	5.4801	0.0	0.0
SRR10150171	19858725	0.0	3.1047	0.3507	0.0	0.0
ERR957427	13247046	0.1527	8.5183	0.0	0.0	0.0
SRR30398039	54860648	51.9083	0.0	3.5541	0.0	0.0
SRR16301683	23097373	0.0	1.0951	4.0504	0.0	0.0
SRR15253624	27702580	0.0	4.3621	5.2041	0.0	0.0
SRR7266227	1934767	1.3485	0.0	0.0	0.0	0.0
SRR21237701	19966059	0.3205	9.3915	1.8528	0.0	0.0
SRR37491910	8077638	5.3386	0.0	14.1206	0.0	0.0
SRR31833307	39218674	5.7558	0.0	0.7125	0.0	0.0
SRR11773434	33393397	0.0	4.0397	0.6988	0.0	0.0
SRR16938973	16125923	0.0	58.7234	0.5456	0.0	0.0
SRR29384859	34760460	2.3473	0.0	0.4992	0.0	0.0
SRR23436090	20208247	0.0	2.2222	0.0	0.0	0.0
SRR21354762	261944	0.0	9.2325	0.0	0.0	0.0
SRR17916443	19630115	45.5037	0.0	0.2042	0.0	0.0
SRR24807940	50392183	2.5342	0.0	1.0926	0.0	0.0
SRR34355019	24809553	0.0	60.0142	0.5895	0.0	0.0
ERR13346943	25238862	0.0	1.1306	0.1688	0.0	0.0
SRR14673932	10378626	2.5049	0.0	2.1773	0.0	0.0
SRR21021664	16191414	0.0	1.0542	0.5337	0.0	0.0
SRR17310607	105378506	0.0	7.0171	3.3286	0.0	0.0
SRR29087948	20662142	24.1092	0.0	0.1965	0.0	0.0
DRR897974	18951110	0.0	25.2004	0.1486	0.0	0.0
DRR846288	24680622	6.021	0.0	0.0	0.0	0.0
ERR10691684	4945915	0.0	6.0863	4.6695	0.0	0.0
SRR21354870	128379	0.0	57.1184	8.5333	0.0	0.0
SRR13253058	41641722	0.0	0.0	3.0205	0.0	0.0
SRR36993197	22808399	0.0	0.0	1.0359	1.3318	0.0
SRR32510931	28621675	0.0	1.8302	0.0	0.0	0.0
SRR9680695	38750447	0.0	1.9633	0.0	0.0	0.0
SRR21354746	264716	0.0	22.2918	6.0053	0.0	0.0
SRR34326477	38970226	0.1557	9.3725	0.1137	0.0	0.0
SRR28435692	19781134	0.0	0.0	7.0015	0.0	0.0
SRR24216520	42905005	1.3205	0.0	2.3304	0.0	0.0
SRR6201615	57591400	0.0	1.8102	1.4493	0.0	0.0
SRR19543995	22307650	0.0	1.5182	0.243	0.0	0.0
SRR12899051	21030374	0.0	66.9249	0.5282	0.0	0.0
SRR28785877	5054932	0.0	13.18	19.4637	0.0	0.0
SRR4416245	22541682	0.0	11.2533	0.1316	0.0	0.0
DRR830908	19182256	0.0	6.3044	0.8523	0.0	0.0
SRR22572293	25547306	0.0	6.1895	0.7413	0.0	0.0
DRR871567	23981170	0.0	12.8192	0.2205	0.0	0.0
SRR29352963	27775448	0.0	5.6701	1.4317	0.0	0.0
SRR27333899	19422980	0.7597	6.1579	0.5888	0.0	0.0
SRR35415233	14590450	0.0	3.7357	0.2906	0.0	0.0
SRR7265053	1734387	1.4482	0.0	1.1988	0.0	0.0
SRR8984105	34213515	34.6955	0.0	7.6823	0.0	0.0
SRR12779320	25657579	0.0	1.8557	0.1551	0.0	0.0
ERR13765096	14145417	0.0	36.616	0.1632	0.0	0.0
SRR27333896	28511721	2.5565	5.0318	0.6832	0.0	0.0
SRR10135034	11696593	0.0	2.2586	0.1837	0.0	0.0
SRR36233374	47766484	62.8993	1.0284	0.6092	0.0	0.0
SRR27555706	30054026	0.0	2.1263	0.0	0.0	0.0
SRR38914090	19535982	0.177	5.7527	2.7693	0.0	0.0
SRR27129471	27730893	0.0	3.7997	0.0	0.0	0.0
SRR9205174	10473241	0.0	2.3645	0.1497	0.0	0.0
SRR19631989	39998598	0.0	2.2437	0.0	0.0	0.0
SRR21811124	29594933	0.0	0.0	2.6493	0.0	0.0
SRR32660893	33944628	1.3032	0.0	2.0693	0.0	0.0
DRR737000	22010904	0.0	2.3914	0.0	0.0	0.0
SRR22858669	21445977	0.0	4.5785	0.8879	0.0	0.0
SRR31346556	36118394	0.0	3.9159	1.7518	0.0	0.0
ERR3891501	1053292	0.0	3.89	11.3978	0.0	0.0
SRR17621046	16934963	0.0	11.5572	0.0	0.0	0.0
SRR36910245	31172154	5.5173	0.0	3.5433	0.0	0.0
SRR10204021	19268219	0.0	16.686	0.0	0.0	0.0
SRR10204022	19919356	0.0	16.6613	0.0	0.0	0.0
SRR10204023	35472080	0.0	16.3647	0.0	0.0	0.0
SRR10204024	36327793	0.0	16.8267	0.0	0.0	0.0
ERR3891532	11953585	0.7673	34.3918	14.8634	0.0	0.0
SRR33694990	89290992	0.0	0.0	9.3404	0.0	0.0
DRR499811	15599704	0.0	1.9189	5.3742	0.0	0.0
SRR10769493	33596372	2.0254	0.0	2.0493	0.0	0.0
SRR16552278	8246728	0.1211	43.8322	0.3881	0.0	0.0
SRR30495781	31457743	4.221	0.0	5.109	0.0	0.0
SRR36367278	47361282	9.1368	0.0	7.7075	0.0	0.0
SRR34469067	23808029	0.0	2.8815	0.2845	0.0	0.0
SRR24657697	22427053	0.0	22.4732	0.6927	0.0	0.0
SRR35264890	18887460	0.0	19.7393	0.7761	0.0	0.0
SRR36367308	51807607	4.0099	0.0	9.0458	0.0	0.0
ERR16140454	40738372	5.4192	5.2062	1.1673	0.0	0.0
ERR16804980	14839075	0.0	0.0	3.1779	0.0	0.0
SRR6925835	34580470	1.2261	0.0	0.0	0.0	0.0
SRR34326276	2754300	0.0	4.1456	0.0	0.0	0.0
ERR3791713	28028404	0.0	0.0	10.9056	0.0	0.0
ERR10691682	4886741	0.0	6.1504	4.4377	0.0	0.0
SRR13000113	44881634	0.0	2.369	0.0	0.0	0.0
ERR10886945	52956288	3.7247	0.0	0.2188	0.0	0.0
SRR19435298	24648356	0.0	3.5508	1.0084	0.0	0.0
SRR23852732	54517	0.0	54.6802	0.3467	0.0	0.0
SRR36993187	24246175	0.0	0.0	0.9139	22.0439	0.0
SRR14697004	33781743	0.0	2.2093	0.1333	0.0	0.0
SRR5906865	10543702	0.0	2.0628	0.0	0.0	0.0
SRR36910207	31884897	3.9607	0.3121	5.0335	0.0	0.0
SRR15685548	26349884	0.0	2.2084	0.6601	0.0	0.0
SRR23852728	43864	0.0	44.0589	0.4719	0.0	0.0
SRR31479323	29575738	0.0	17.8394	0.4347	0.0	0.0
SRR29061984	22863746	1.4648	0.0	0.854	0.0	0.0
SRR19605771	21424730	9.4867	0.0	0.4027	0.0	0.0
SRR21185684	21322139	0.0	1.3485	0.1193	0.0	0.0
SRR9023747	26312312	0.0	8.6881	0.0	0.0	0.0
SRR3371834	12443629	0.0	26.6263	0.0	0.0	0.0
SRR33482721	23928901	0.0	1.2089	1.3997	0.0	0.0
SRR39368685	20189280	0.0	3.3555	2.4715	0.0	0.0
DRR834180	23841097	0.0	2.3939	0.8786	0.0	0.0
SRR33516678	25376477	0.0	3.2712	0.1566	0.0	0.0
SRR11574291	1775015	0.0	3.321	0.4907	0.0	0.0
ERR3891536	14775366	0.0	4.3001	2.502	0.0	0.0
SRR34326328	4799418	0.0	1.7382	0.1006	0.0	0.0
SRR36015656	30318167	0.0	46.9859	0.444	0.0	0.0
SRR26844766	20429825	0.0	3.5475	0.0	0.0	0.0
SRR33279956	27464972	0.0	22.7536	2.0871	0.0	0.0
SRR36986764	66747372	32.5966	0.0	0.1793	0.0	0.0
SRR8984407	27324488	0.0	3.7397	0.0	0.0	0.0
SRR21354819	1125975	0.0	10.8653	0.7189	0.0	0.0
SRR25209523	23033297	0.0	18.1815	0.1433	0.0	0.0
SRR6398521	644698	0.0	14.1334	0.824	0.0	0.0
SRR31596361	24089777	0.0	7.0778	0.144	0.0	0.0
SRR32389824	47329414	0.0	5.302	0.6044	0.0	0.0
ERR3891510	13304513	0.0	28.0798	1.3174	0.0	0.0
SRR12267424	36430749	0.0	14.4195	0.338	0.0	0.0
SRR22958904	3463496	0.115	1.4379	0.3514	0.0	0.0
SRR27498737	20934626	0.0	1.2635	0.4911	0.0	0.0
SRR37784218	26683469	0.0	0.0	2.0699	0.0	0.0
SRR31611560	49765935	12.9246	0.0	0.4308	0.0	0.0
ERR10886920	52916506	3.8985	0.0	0.2697	0.0	0.0
SRR31323385	22878346	0.2875	19.4659	6.494	0.0	0.0
SRR30610615	27674763	0.0	0.0	13.1454	0.0	0.0
SRR23712457	6398697	0.0	0.0	5.1553	0.0	0.0
SRR23712459	6712701	0.0	0.0	5.0878	0.0	0.0
SRR35559031	46061741	8.2299	0.0	0.3993	0.0	0.0
SRR11448222	12555360	0.0	9.4538	0.0	0.0	0.0
SRR20074782	20331471	0.0	2.6821	4.5513	0.0	0.0
ERR15368181	76276097	0.0	3.7686	0.353	0.0	0.0
SRR39573507	23834588	0.0	2.0702	0.0	0.0	0.0
SRR7264999	3829693	2.3013	0.0	0.0	0.0	0.0
SRR37385183	6622464	0.0	56.6388	1.5482	0.0	0.0
SRR23500860	29151405	0.0	3.4446	0.0	0.0	0.0
DRR752148	28936222	0.0	2.2285	0.2377	0.0	0.0
SRR25379823	21951638	0.0	10.2336	0.7694	0.0	0.0
SRR24800038	45068013	0.0	12.2058	0.3191	0.0	0.0
SRR36180725	53437875	1.2266	0.0	1.8365	0.0	0.0
SRR11574247	2360826	0.0	2.0625	0.6347	0.0	0.0
ERR2930831	34170188	0.0	24.7875	6.9739	0.0	0.0
SRR14768613	20859093	0.0	12.2195	4.1513	0.0	0.0
DRR783668	23558543	0.0	2.3076	2.2811	0.0	0.0
SRR7265990	965762	13.4925	0.0	0.5205	0.0	0.0
SRR10448314	8960294	0.5764	79.3941	0.3584	0.0	0.0
SRR10095076	14258800	5.0919	0.0	0.4685	0.0	0.0
SRR10589258	24413636	2.0078	0.0	0.2526	0.0	0.0
SRR14238795	22805491	3.4669	0.0	0.2539	0.0	0.0
SRR30421788	24723667	94.017	0.0	0.1079	0.0	0.0
SRR36015653	31932330	0.0	45.3253	0.5125	0.0	0.0
SRR13000115	45006160	0.0	23.7509	0.0	0.0	0.0
SRR30290462	26916945	0.0	0.0	6.4481	0.0	0.0
SRR3371855	21113171	0.0	18.0361	0.1513	0.0	0.0
SRR8457054	38625921	0.0	12.8052	0.0	0.0	0.0
SRR31697660	25802277	0.0	0.0	2.7284	0.0	0.0
SRR27298107	1598481	0.0	1.9093	0.9095	0.0	0.0
SRR33516194	25185445	0.0	14.6314	0.1378	0.0	0.0
SRR10053817	25538349	1.203	0.0	0.0	0.0	0.0
SRR17674801	21892854	6.8641	0.0	0.2606	0.0	0.0
SRR7267089	1956644	3.3525	0.0	0.0	0.0	0.0
SRR25969047	20023681	4.417	0.0	1.7518	0.0	0.0
SRR35021626	31495773	0.8409	0.0	0.2653	7.345	0.0
SRR10193529	28736404	0.0	12.8604	0.0	0.0	0.0
SRR18441184	31109277	0.0	53.7308	0.3448	0.0	0.0
SRR11282466	11531056	0.0	2.4847	1.1098	0.0	0.0
SRR22973875	28360024	9.1259	0.0	1.0241	0.0	0.0
DRR260995	12810444	0.0	1.3347	13.3222	0.0	0.0
SRR9134364	26725106	0.0	1.9776	1.5587	0.0	0.0
SRR29087950	20215803	22.7544	0.0	0.586	0.0	0.0
SRR39144723	19175001	0.0	4.8923	0.5549	0.0	0.0
SRR11809778	38267375	0.0	3.9009	1.9536	0.0	0.0
SRR36910223	39031755	7.5618	0.4657	4.2858	0.0	0.0
ERR572025	12907745	0.0	1.3178	0.7851	0.0	0.0
SRR17916430	16433143	43.3014	0.0	0.4302	0.0	0.0
SRR38924902	32466606	12.5582	0.0	0.4537	0.0	0.0
SRR7267147	2009365	1.4041	0.0	0.0	0.0	0.0
SRR8191351	15596453	3.9022	0.0	0.3607	0.0	0.0
SRR15207553	22682649	0.0	1.0444	0.5665	0.0	0.0
SRR19025947	23679643	14.4062	0.6908	1.5357	0.0	0.0
SRR26408681	24752173	2.5209	0.0	15.0406	0.0	0.0
SRR27333892	26980531	0.1371	2.507	0.8131	0.0	0.0
SRR13084394	24187522	0.0	0.0	0.6298	7.2341	0.0
SRR27305108	2627467	0.0	3.8719	0.0	0.0	0.0
SRR15607733	21071557	0.0	0.0	0.6852	5.2425	0.0
SRR34420497	21770983	0.0	0.0	0.1426	8.0529	0.0
SRR36594194	22313294	5.7267	0.0	0.5001	0.0	0.0
SRR17244291	22988850	0.0	10.0321	2.9694	0.0	0.0
SRR27235821	27247558	0.0	1.4771	1.3023	0.0	0.0
ERR7421531	13277677	48.2166	0.1696	0.5776	0.0	0.0
SRR7651445	6313250	0.0	2.8833	1.7673	0.0	0.0
SRR17916375	16777229	16.9907	0.0	0.733	0.0	0.0
SRR19149945	48117215	0.0	37.4798	1.1748	0.0	0.0
SRR14785351	76531540	0.0	14.6832	1.2695	0.0	0.0
SRR34061841	31789515	0.0	1.4001	0.2819	0.0	0.0
SRR7266205	1880670	5.351	0.0	0.3454	0.0	0.0
SRR6347982	38635307	0.0	0.0	4.3122	0.0	0.0
ERR12268581	20960626	0.0	6.4241	6.1345	0.0	0.0
SRR10148850	17383448	0.0	5.6046	0.657	0.0	0.0
SRR32273148	21168264	0.0	1.1775	0.0	0.0	0.0
SRR7507953	4795223	0.0	2.7879	0.0	0.0	0.0
SRR25209556	21789956	0.0	3.2689	0.0	0.0	0.0
SRR7266332	3508226	2.8343	0.0	0.0	0.0	0.0
SRR31319070	235562	0.0	6.4251	0.7365	0.0	0.0
SRR25528499	21532972	0.0	3.591	2.2713	0.0	0.0
SRR27331909	22895237	0.0	18.3836	0.976	0.0	0.0
SRR31697659	25175527	0.1022	0.0	2.9913	0.0	0.0
SRR23948047	16416333	0.0	26.5357	2.3103	0.0	0.0
SRR17456149	21542648	0.0	9.951	1.8457	0.0	0.0
SRR10148851	18362590	0.0	5.5946	0.6515	0.0	0.0
SRR10148852	17240470	0.0	5.6097	0.6559	0.0	0.0
SRR33674526	48430588	0.0	2.4052	4.9727	0.0	0.0
SRR32962211	96520951	35.5662	0.0	0.4423	0.0	0.0
SRR27555705	46599221	0.0	1.4554	0.0	0.0	0.0
SRR7264892	1389398	3.1274	0.0	0.1049	0.0	0.0
SRR29061964	20897156	8.8092	0.0	1.2303	0.0	0.0
SRR31639318	22045698	24.8941	0.0	0.2924	0.0	0.0
SRR35900969	22255213	28.066	0.0	0.8528	0.0	0.0
SRR23948063	36995683	0.0	11.2756	3.1641	0.0	0.0
SRR37874290	24333690	0.0	4.1991	0.6192	0.0	0.0
SRR24956539	7701747	0.0	0.0	31.2645	0.0	0.0
SRR29011693	25139858	0.0	6.6902	0.1995	0.0	0.0
SRR32288533	49540565	5.2284	0.0	2.0971	0.0	0.0
SRR7267250	1867121	6.475	0.0	0.0	0.0	0.0
SRR24956732	16495190	0.0	0.0	75.6281	0.0	0.0
SRR28454397	23496546	0.0	1.083	0.2871	0.0	0.0
SRR35631264	21847450	0.0	1.3592	0.7027	0.0	0.0
SRR11176747	18837008	0.0	2.8119	0.0	0.0	0.0
SRR23797925	44820831	0.0	2.4204	0.0	0.0	0.0
SRR34326492	26636447	0.1667	2.152	0.2908	0.0	0.0
SRR36986758	64057513	41.8188	0.0	0.2221	0.0	0.0
SRR35408967	7505755	14.5054	0.0	17.4871	0.0	0.0
SRR18474747	20902366	21.4149	0.0	0.1841	0.0	0.0
SRR25233134	24074765	0.0	15.9307	0.1173	0.0	0.0
SRR30499016	24152171	5.6437	0.0	7.4836	0.0	0.0
SRR3290282	10298227	2.011	0.0	0.0	0.0	0.0
SRR36292450	31268012	6.5326	0.0	4.0645	0.0	0.0
SRR36910248	41241390	6.3394	0.3019	4.387	0.0	0.0
SRR28479706	24962787	0.0	2.073	1.3225	0.0	0.0
ERR16864441	66138130	0.0	3.9664	2.1853	0.0	0.0
SRR8309953	28268499	2.1809	0.0	0.3167	0.0	0.0
SRR28797254	20800521	0.0	5.3538	0.1625	0.0	0.0
SRR31319095	5574462	0.0	3.7564	5.9041	0.0	0.0
SRR19243511	59684569	9.0033	0.0	2.1576	0.0	0.0
SRR30501044	20622883	0.0	6.6956	0.7436	0.0	0.0
SRR33600043	27980286	1.2558	0.0	1.3346	0.0	0.0
SRR37385210	12224789	0.3576	76.0546	0.4012	0.0	0.0
SRR11243950	24879478	0.0	3.3714	0.2891	0.0	0.0
SRR7266280	2713313	3.066	0.0	0.0	0.0	0.0
SRR1779496	6511779	0.0	7.2431	0.0	0.0	0.0
SRR7266375	1652602	2.5081	0.0	0.5377	0.0	0.0
SRR12832603	30708760	0.0	45.5533	0.17	0.0	0.0
SRR17166880	46619030	17.7628	0.2273	2.1238	0.0	0.0
ERR4606220	20783587	0.0	1.7988	0.1728	0.0	0.0
SRR36194754	22564657	18.239	0.0	2.4027	0.0	0.0
SRR39263441	21969979	0.0	65.5816	0.3414	0.0	0.0
SRR7266226	2849	3.159	0.0	0.0	0.0	0.0
SRR29198163	24606111	0.0	4.5014	0.4063	0.0	0.0
SRR29654759	24397099	0.0	4.8158	0.5877	0.0	0.0
SRR12103245	179	0.0	6.7039	9.4972	0.0	0.0
SRR14880496	79773404	4.739	0.0	0.4451	0.0	0.0
SRR16552284	8131241	0.0	87.9618	0.2881	0.0	0.0
SRR33538891	29945165	0.0	10.6226	0.0	0.0	0.0
DRR897963	15701167	0.0	21.7432	0.1444	0.0	0.0
SRR7413602	16909339	10.2663	0.0	1.0727	0.0	0.0
SRR21021804	32623496	0.3527	8.232	1.4532	0.0	0.0
SRR17332336	23505137	0.0	0.0	32.6216	0.0	0.0
SRR14001692	176097694	5.1786	0.0	1.3744	0.0	0.0
SRR17520164	26333332	7.4955	0.0	0.3635	0.0	0.0
SRR22858687	21239452	0.0	7.0269	0.6547	0.0	0.0
SRR25379813	21438320	0.0	12.4802	1.5116	6.8917	0.0
SRR5598339	37769651	4.347	0.0	0.0	0.0	0.0
SRR12158732	28087065	0.0	4.1072	0.1347	0.0	0.0
SRR4044955	9546884	30.8656	0.0	0.0	0.0	0.0
SRR32514817	18596209	0.0	9.6793	0.6544	0.0	0.0
ERR12186755	189797961	10.5188	0.0	1.3458	0.0	0.0
SRR25209542	21006447	0.0	2.7849	0.0	0.0	0.0
SRR7266105	2308344	2.085	0.0	0.0	0.0	0.0
SRR10148842	8142572	0.0	7.0625	0.1964	0.0	0.0
SRR10148841	7690379	0.0	7.0659	0.1974	0.0	0.0
SRR10148843	7777328	0.0	7.0668	0.1962	0.0	0.0
SRR36790401	30519012	0.0	7.2618	0.8302	0.0	0.0
SRR26860105	33125808	79.8524	0.0	0.0	0.0	0.0
SRR3724084	68068569	1.0874	0.0	0.5903	0.0	0.0
SRR6798292	20365246	0.0	0.0	27.0367	0.0	0.0
SRR26462342	23476879	0.0	1.0803	0.0	0.0	0.0
SRR19435308	23137379	0.0	8.3111	0.8388	0.0	0.0
SRR38914087	19161646	0.1852	15.1466	3.1476	0.0	0.0
SRR16475091	22501771	0.0	11.7534	0.3537	0.0	0.0
SRR7267083	1719542	3.1307	0.0	0.0	0.0	0.0
SRR15500780	19456040	2.5065	0.0	0.5124	0.0	0.0
SRR21025628	72441320	0.0	0.0	2.9865	0.0	0.0
SRR25422568	45856029	0.0	89.136	0.1279	0.0	0.0
SRR7266287	1288984	1.6525	0.0	0.0	0.0	0.0
SRR10291783	62983189	3.1374	0.0	0.2597	0.0	0.0
SRR21237716	26682908	0.1537	38.0308	1.9006	0.0	0.0
SRR10160944	26717005	0.0	40.8898	2.4224	0.0	0.0
SRR14068160	29719635	9.7849	0.0	1.5087	0.0	0.0
SRR27866697	42337387	0.0	1.5845	2.8194	0.0	0.0
SRR26937817	28197251	0.0	1.2232	0.1073	0.0	0.0
SRR29327393	27476650	1.7906	0.0	1.1517	0.0	0.0
SRR22016210	41910062	0.229	0.0	0.7382	27.236	0.0
ERR15368201	57825361	0.0	10.9502	0.4751	0.0	0.0
SRR2782413	147534324	0.0	16.5091	1.4039	0.0	0.0
SRR29488157	44934141	0.11	55.9307	0.3099	0.0	0.0
SRR10802192	22802929	15.3426	0.0	0.5253	0.0	0.0
SRR20750995	847852	0.0	1.5378	1.5809	0.0	0.0
SRR32993593	23889769	0.1469	10.4311	3.9216	0.0	0.0
SRR17589113	29172439	0.0	3.4517	0.1672	0.0	0.0
SRR20750973	201124	0.0	2.1996	2.6854	0.0	0.0
SRR13528971	32416220	0.0	5.421	1.5076	0.0	0.0
SRR32343835	22844663	0.0	2.4065	0.2139	0.0	0.0
SRR14674100	16656021	1.5803	0.0	0.5961	0.0	0.0
SRR9134335	23629534	0.0	12.3396	3.396	0.0	0.0
SRR30501278	25097848	0.0	3.3854	0.1023	0.0	0.0
SRR31745001	22882209	0.0	7.6373	0.7135	0.0	0.0
SRR7267335	1481796	3.6605	0.0	0.1431	0.0	0.0
SRR37845433	20000722	0.0	2.1155	0.7111	0.0	0.0
SRR35276960	52837998	0.0	12.2652	2.8702	0.0	0.0
SRR7267109	1571361	4.0376	0.0	0.0	0.0	0.0
SRR10210757	10059615	0.0	15.6013	0.0	0.0	0.0
SRR26214563	28926970	8.9616	0.0	0.1869	0.0	0.0
SRR11622377	626140	0.0	70.0313	0.2426	0.0	0.0
SRR25010732	24660609	4.9815	0.0	1.0643	0.0	0.0
SRR27297790	4308945	0.0	4.0311	0.9559	0.0	0.0
SRR27331970	3159425	0.0	20.9677	0.5062	0.0	0.0
SRR31801793	21049911	0.0	4.5815	0.4616	0.0	0.0
SRR32838632	10641179	0.0	41.0979	1.3447	0.0	0.0
SRR14134353	31454562	0.0	16.1051	2.0417	0.0	0.0
SRR21354778	405131	0.0	6.7963	0.8669	0.0	0.0
SRR29536506	42324980	0.0	6.6127	2.139	0.0	0.0
SRR6667324	17979887	0.0	1.1561	0.0	0.0	0.0
SRR37491901	21431985	7.742	0.3967	9.4975	0.0	0.0
SRR24906433	20391769	0.0	2.3428	1.6896	0.0	0.0
SRR6215488	100495233	25.9807	1.3157	1.9153	0.0	0.0
SRR17916374	16809915	29.0417	0.0	0.793	0.0	0.0
SRR7266152	988490	2.7586	0.0	0.0	0.0	0.0
SRR35332879	132508460	39.0851	0.0	0.5796	0.0	0.0
SRR32628210	21891468	0.0	10.0887	0.6572	0.0	0.0
SRR10770624	25587094	0.0	1.8069	0.2602	0.0	0.0
SRR866266	17878884	0.0	1.0807	0.0	0.0	0.0
SRR8357940	8281542	0.0	1.1427	0.0	0.0	0.0
SRR25233146	24118955	0.0	1.5971	0.0	0.0	0.0
SRR8984122	50379404	43.5247	0.0	6.1603	0.0	0.0
SRR7267304	24383	7.8415	0.0	4.458	0.0	0.0
SRR6012269	11972842	0.0	2.1006	0.3801	0.0	0.0
SRR7608195	13744240	0.0	0.0	0.0	0.0	0.0
ERR15825683	22263731	0.0	1.3637	0.1232	0.0	0.0
SRR10448366	773999	18.4871	0.0	33.5488	0.0	0.0
SRR3383521	12883732	2.3394	0.0	0.0	0.0	0.0
SRR10599089	44208327	0.0	77.7986	0.0	0.0	0.0
SRR18441190	23435500	0.0	63.9567	0.3235	0.0	0.0
SRR11521333	512746	0.0	37.9849	3.9413	0.0	0.0
SRR17074240	35137978	0.0	5.5961	0.3759	0.0	0.0
SRR29848862	24316647	59.2501	0.2759	2.3773	0.0	0.0
SRR35651718	62343130	0.0	0.0	2.3772	0.0	0.0
SRR20750999	466473	0.0	1.1606	2.5303	0.0	0.0
SRR11791271	25796612	0.0	6.3643	4.1455	0.0	0.0
SRR14224163	21682109	11.03	0.0	0.3174	0.0	0.0
SRR14320491	23486959	3.2577	0.0	3.026	0.0	0.0
SRR26039782	40685904	0.0	0.0	2.9896	0.0	0.0
SRR7267112	116252	2.5987	0.0	6.3233	0.0	0.0
SRR11867816	24727203	0.0	5.2791	0.0	0.0	0.0
ERR10886912	68614943	2.4982	0.0	0.5455	0.0	0.0
SRR27276430	20659737	3.679	0.0	0.0	0.0	0.0
SRR7361602	18966346	0.0	18.5985	0.0	0.0	0.0
SRR9120836	21213838	0.1058	42.9494	0.2348	0.0	0.0
SRR12624246	931936	1.5806	0.0	0.2883	0.0	0.0
SRR12624247	6465533	1.4752	0.0	0.307	0.0	0.0
SRR15681053	46593040	0.0	19.6819	1.6287	0.0	0.0
SRR16938999	17975645	0.0	81.801	0.2273	0.0	0.0
SRR27323442	2423491	0.0	32.0179	4.8292	0.0	0.0
SRR37236649	15285907	0.0	21.7088	0.4011	0.0	0.0
SRR38355308	16241583	48.2927	0.0	0.6729	0.0	0.0
SRR21058661	29252240	5.0105	0.0	0.528	0.0	0.0
ERR3791546	27106126	0.0	0.0	8.6751	0.0	0.0
ERR7421545	16599401	17.6335	0.8473	0.5573	0.0	0.0
SRR19213901	4954655	0.0	3.3119	0.4678	0.0	0.0
SRR7172332	17419947	3.3819	0.0	0.0	0.0	0.0
SRR36292468	39376152	2.1467	1.0364	5.4277	0.0	0.0
SRR33516506	42146867	0.0	1.4944	0.4321	0.0	0.0
SRR7265049	1777191	2.7576	0.0	0.0	0.0	0.0
SRR14264069	27580678	0.0	1.2891	0.0	0.0	0.0
SRR29654754	26019920	0.0	12.7058	0.4074	0.0	0.0
SRR30495743	34202450	1.4532	0.0	6.0945	0.0	0.0
SRR12214152	21309883	0.0	1.403	0.1027	0.0	0.0
SRR5448192	20176388	0.0	5.9796	0.2255	0.0	0.0
ERR10886919	53499832	3.8823	0.0	0.2853	0.0	0.0
SRR10135180	8614323	0.0	3.125	0.0	0.0	0.0
SRR4296284	25854290	3.13	0.0	0.4081	0.0	0.0
SRR7508066	4395076	0.0	2.3945	1.4803	0.0	0.0
SRR7508101	4726031	0.0	4.8288	0.1814	0.0	0.0
SRR7508003	4486188	0.0	3.3273	0.0	0.0	0.0
SRR12475911	21457500	0.0	1.9361	1.7522	0.0	0.0
SRR22272464	32762159	0.0	0.0	0.4272	72.8918	0.0
SRR18856178	84332294	21.0869	0.0	0.3727	0.0	0.0
SRR2081025	17386476	0.0	1.1394	0.0	0.0	0.0
SRR19179845	34288001	0.0	3.1165	3.4271	0.0	0.0
SRR23221813	21031533	0.0	4.3988	1.3387	0.0	0.0
SRR9134332	26013556	0.0	2.1432	1.6456	0.0	0.0
SRR21846983	24967946	0.6987	2.7755	0.1797	0.0	0.0
SRR29011957	31141489	0.0	3.5665	0.1123	0.0	0.0
ERR14835921	28734347	29.3582	0.0	4.9564	0.0	0.0
SRR8984416	27959944	0.0	2.6673	0.0	0.0	0.0
SRR23797940	35224065	0.0	1.662	0.0	0.0	0.0
SRR11570131	26119142	0.0	6.1643	2.3347	0.0	0.0
SRR14615520	9849715	0.0	19.1181	0.1899	0.0	0.0
SRR24657665	22303950	0.0	21.8897	0.533	0.0	0.0
SRR8536171	32893228	0.0	1.5051	0.0	0.0	0.0
SRR27298236	6617930	0.0	23.6491	0.0	0.0	0.0
SRR27344852	22675243	0.0	3.1993	1.7254	0.0	0.0
ERR1406301	59992266	0.0	0.0	2.4331	0.0	0.0
SRR25379782	20323825	0.0	0.0	0.4879	3.2984	0.0
SRR24956524	8511680	0.0	0.0	21.9724	0.0	0.0
SRR26909764	16997140	4.3746	0.0	1.6628	0.0	0.0
SRR7264718	1680064	2.5081	0.0	0.0	0.0	0.0
SRR35963402	22819004	0.0	1.3241	0.1093	0.0	0.0
SRR35776664	34125491	0.0	17.2944	0.5587	0.0	0.0
SRR36186736	23842390	0.0	5.3662	0.1261	0.0	0.0
SRR11566002	1883210	0.1645	3.9556	0.1643	0.0	0.0
SRR10770623	23175969	0.0	1.9211	0.1646	0.0	0.0
SRR5166450	9707134	2.1992	0.0	0.4417	0.0	0.0
SRR28864126	44663378	5.9595	0.0	2.2555	0.0	0.0
SRR7264917	1642437	6.8222	0.0	0.6821	0.0	0.0
SRR30816798	31260110	0.0	26.9373	0.7456	0.0	0.0
SRR33935629	12178992	6.8082	0.0	1.3742	0.0	0.0
DRR832820	20764588	0.1955	0.0	0.3789	23.9722	0.0
SRR22015145	24660154	6.8637	0.0	0.2297	0.0	0.0
SRR22523757	21948363	13.3482	0.0	0.0	0.0	0.0
SRR21928625	33288035	9.7408	0.0	3.9996	0.0	0.0
SRR29606653	46602967	0.0	0.0	19.716	0.0	0.0
SRR7644368	25062889	2.933	0.0	0.1799	0.0	0.0
SRR6278893	38693316	0.0	9.137	2.5948	0.0	0.0
SRR22858655	21058721	0.0	5.0655	0.5856	0.0	0.0
ERR7221686	9893001	0.0	64.6867	0.2766	0.0	0.0
ERR10886916	56258724	6.9428	0.0	0.2349	0.0	0.0
SRR17916380	16737680	34.9391	0.0	0.3185	0.0	0.0
SRR28872808	26530664	0.0	3.8727	1.2525	0.0	0.0
DRR745650	20346169	19.9468	0.0	0.0	0.0	0.0
SRR25209564	21563648	0.0	3.1082	0.0	0.0	0.0
SRR24019268	7061840	0.0	0.0	97.3525	0.0	0.0
SRR11814847	19275717	0.0	6.7342	0.7497	0.0	0.0
SRR8073878	83737438	0.0	45.5936	5.3294	0.0	0.0
SRR31851754	29436286	0.0	13.0748	1.1103	0.0	0.0
SRR27844387	69119378	0.0	2.0482	2.7707	0.0	0.0
SRR30495791	30272195	5.6023	0.0	6.3354	0.0	0.0
SRR494414	10306366	0.0	14.7492	0.0	0.0	0.0
SRR494415	8148638	0.0	8.7377	0.0	0.0	0.0
SRR8703843	24034143	0.0	1.6912	0.0	0.0	0.0
SRR7361608	23234270	0.0	1.3276	0.0	0.0	0.0
SRR38914096	29838330	0.1767	3.1056	5.1259	0.0	0.0
ERR14043236	34459590	0.0	1.3914	0.1079	0.0	0.0
SRR3924552	15274248	21.1255	0.0	0.4534	0.0	0.0
SRR3924551	15294519	20.3221	0.1186	0.5734	0.0	0.0
SRR7172335	17457038	25.9392	0.0	0.0	0.0	0.0
SRR15693784	25843549	18.6149	0.0	0.0	0.0	0.0
SRR38061538	79901698	0.0	3.8209	0.0	0.0	0.0
SRR14674043	16994904	1.7477	0.0	4.1239	0.0	0.0
SRR19213898	5071832	0.0	1.4814	0.6459	0.0	0.0
SRR11563888	28320950	0.4279	5.7676	1.5623	0.0	0.0
SRR9134369	24558490	0.0	2.2256	4.1809	0.0	0.0
SRR31047613	22553492	0.1692	2.4505	0.6761	0.0	0.0
SRR28874207	27212097	0.0	2.7457	0.5831	0.0	0.0
SRR36367293	36142136	13.64	1.0695	8.1566	0.0	0.0
SRR3672977	28234415	0.0	1.7989	0.5261	0.0	0.0
SRR18693373	20729777	0.1783	9.991	1.7271	0.0	0.0
SRR16929565	20822842	0.0	1.8288	0.0	0.0	0.0
ERR6352844	21457764	0.0	0.0	7.3579	0.0	0.0
SRR12747953	28473308	0.1806	4.9819	0.6544	0.0	0.0
SRR24657672	22049090	0.0	37.059	0.4912	0.0	0.0
SRR26860037	25078511	58.6671	0.0	0.1831	0.0	0.0
SRR39573511	19824814	0.0	2.5957	0.0	0.0	0.0
SRR23712340	7088105	0.0	0.0	4.6688	0.0	0.0
SRR7266344	2201949	2.7463	0.0	0.0	0.0	0.0
SRR17235574	56560876	0.0	6.7982	0.4484	0.0	0.0
DRR988070	26392981	0.0	1.0007	1.2397	0.0	0.0
SRR13263270	43190076	0.0	2.0092	0.0	0.0	0.0
SRR17343926	52553815	0.0	36.1935	0.2691	0.0	0.0
SRR31932832	24160058	0.0	0.0	2.2054	0.0	0.0
SRR36465468	25644619	0.0	1.8446	0.3315	0.0	0.0
SRR35262460	40119193	3.8779	0.0	1.106	0.0	0.0
SRR22142960	60162333	11.2308	0.0	1.7057	0.0	0.0
SRR17207991	20302280	3.3956	0.0	0.3342	0.0	0.0
SRR24956508	17311664	0.0	0.0	43.7096	0.0	0.0
SRR29304494	21836711	0.0	4.4081	1.4225	0.0	0.0
SRR35627346	25781589	0.0	0.0	3.635	0.0	0.0
SRR33516649	24216899	0.0	2.1459	0.1397	0.0	0.0
SRR7266974	1096537	3.2128	0.0	1.679	0.0	0.0
SRR8742911	17333705	1.7835	0.0	0.3331	0.0	0.0
SRR17916355	26323402	41.0459	0.0	0.1765	0.0	0.0
SRR32153803	6163436	2.013	0.0	12.6107	0.0	0.0
DRR828908	24313508	0.0	0.0	0.0	1.9485	0.0
SRR7266233	2960709	1.5855	0.0	0.0	0.0	0.0
SRR28722179	23933068	18.1005	3.4547	0.2924	0.0	0.0
SRR36790407	34601834	0.0	3.4464	1.4215	0.0	0.0
SRR6398489	603654	0.0	34.078	0.6466	0.0	0.0
SRR11091585	136293	10.3263	0.0	3.7786	0.0	0.0
SRR9151637	18819878	0.0	3.4326	0.942	0.0	0.0
SRR27371169	21050376	0.0	1.688	0.3606	0.0	0.0
SRR30125678	23869694	0.0	86.4562	0.4065	0.0	0.0
SRR32695202	23053550	0.0	13.6621	0.898	0.0	0.0
ERR10691731	4936560	0.0	1.359	2.4568	0.0	0.0
SRR18030120	13267835	0.0	0.0	3.4489	0.0	0.0
SRR26679145	21365782	20.9629	0.0	0.269	0.0	0.0
SRR33516273	27518799	0.0	3.319	0.0	0.0	0.0
SRR21857370	22592377	0.0	1.2573	0.6004	0.0	0.0
SRR26860039	31145906	51.2349	0.0	0.1498	0.0	0.0
SRR1207283	24789324	0.0	4.2448	0.0	0.0	0.0
SRR31107626	10399661	20.0633	0.0	0.9245	0.0	0.0
SRR36910259	43228737	3.1313	0.0	4.9704	0.0	0.0
SRR35842181	9163650	0.0	2.1352	0.0	0.0	0.0
SRR7264983	1551465	7.2374	0.0	2.1726	0.0	0.0
SRR17310151	6490703	0.0	0.0	3.0497	0.0	0.0
SRR17310154	6428919	0.0	0.0	3.4824	0.0	0.0
SRR17414994	9859295	0.0	5.6856	0.5737	0.0	0.0
DRR499806	16613887	0.0	2.0465	9.8534	0.0	0.0
SRR24044162	23955480	0.0	1.7128	0.4536	0.0	0.0
SRR12463835	47669814	10.8223	0.0	2.0058	0.0	0.0
SRR27323141	1980846	0.0	15.8933	5.0499	0.0	0.0
SRR37325367	60145965	1.9993	0.0	0.2586	0.0	0.0
SRR12475888	21484170	0.0	2.0631	1.7905	0.0	0.0
SRR34326432	5166067	0.0	6.7886	0.1109	0.0	0.0
SRR21798527	73090526	21.4828	0.0	0.0	0.0	0.0
SRR33687096	20442856	0.0	1.2207	0.1568	0.0	0.0
SRR36367295	36894419	2.9546	11.0491	6.3887	0.0	0.0
DRR834225	21089568	0.0	3.4124	1.7195	0.0	0.0
DRR824736	37806744	0.0	0.0	2.6761	4.0562	0.0
ERR4339363	18521219	0.0	1.7326	1.0659	0.0	0.0
SRR20728018	34967912	0.0	12.7598	0.0	0.0	0.0
SRR27108796	24170919	0.0	2.2116	0.0	0.0	0.0
SRR14239706	15847278	0.3136	2.3412	8.8741	0.0	0.0
SRR28787293	20986001	0.0	1.3407	0.5346	0.0	0.0
ERR10886992	65151036	5.2694	0.0	0.23	0.0	0.0
SRR19269225	19331302	0.0	1.551	0.7649	0.0	0.0
SRR33827842	21967910	0.0	3.9287	0.4161	0.0	0.0
SRR36367318	35146344	10.7632	0.669	6.7518	0.0	0.0
SRR7264799	1638856	1.604	0.0	0.0	0.0	0.0
SRR33600045	28454662	1.2601	0.0	1.383	0.0	0.0
SRR3371851	17686571	0.0	10.2329	0.2916	0.0	0.0
SRR5832389	25342113	0.0	1.1629	0.0	0.0	0.0
SRR9023744	21551661	0.0	7.1039	0.0	0.0	0.0
SRR22071551	18850058	0.0	2.5826	0.4946	0.0	0.0
SRR10135391	10815405	0.0	3.7697	0.1017	0.0	0.0
SRR17137459	23035170	0.1507	0.2663	1.8682	0.0	0.0
SRR19737888	24392031	0.0	1.4941	0.2613	0.0	0.0
SRR10448370	3022863	7.8581	53.5489	11.8019	0.0	0.0
SRR31067722	21086462	0.0	1.1684	0.0	0.0	0.0
SRR6398526	682940	0.0	36.4511	0.6345	0.0	0.0
SRR24633689	21155762	0.0	1.9938	1.292	0.0	0.0
SRR26034994	51220146	0.0	1.5892	0.3551	0.0	0.0
SRR27644884	80816408	0.0	0.0	4.321	0.0	0.0
SRR36134912	7015185	5.1963	0.0	3.3252	0.0	0.0
SRR21796867	22531059	13.5238	0.0	0.96	0.0	0.0
SRR21021597	35213042	0.0	3.5077	6.7266	0.0	0.0
SRR36367325	43030312	15.7245	0.0	5.2168	0.0	0.0
ERR3850354	24164858	6.7698	0.0	16.5514	0.0	0.0
SRR7264756	2242438	1.9664	0.0	0.2816	0.0	0.0
SRR17916386	15473525	13.7967	0.0	0.4313	0.0	0.0
SRR38271982	20558584	0.0	12.2262	1.62	0.0	0.0
SRR29646188	20101121	0.0	9.7063	0.2343	0.0	0.0
SRR37236635	14158371	0.0	7.1847	0.1447	0.0	0.0
SRR17286861	29955542	0.0	58.1607	0.8404	0.0	0.0
SRR21354860	328577	0.0	7.2869	4.854	0.0	0.0
SRR10448372	488634	6.9975	63.8963	1.1053	0.0	0.0
ERR4329537	53866174	42.3867	0.3833	0.1544	0.0	0.0
SRR19412893	42491425	0.0	3.6039	6.2937	0.0	0.0
SRR26553398	21587418	0.1807	0.0	0.7705	4.4153	0.0
SRR37491909	19465043	2.8457	0.0	10.494	0.0	0.0
SRR11574321	2357667	0.0	2.0032	0.3213	0.0	0.0
SRR11809813	28593777	0.0	6.8021	0.4355	0.0	0.0
SRR35764347	22286888	0.0	5.7749	0.4014	0.0	0.0
SRR39368715	22552958	0.1034	8.8339	4.3562	0.0	0.0
SRR12342821	35194370	41.783	0.0	0.0	0.0	0.0
SRR23261007	5398297	0.0	0.0	19.8971	0.0	0.0
SRR23261008	5463824	0.0	0.0	20.2405	0.0	0.0
SRR25968998	52595605	7.0597	0.0	2.3965	0.0	0.0
SRR32911220	24696810	0.0	3.4301	0.6929	0.0	0.0
ERR2317084	579099	0.0	0.0	4.0881	0.0	0.0
ERR3627226	87308859	0.0	0.0	4.5311	4.8548	0.0
SRR15681057	47081420	0.0	13.0841	1.4544	0.0	0.0
SRR21354814	675794	0.0	13.6238	0.4342	0.0	0.0
SRR7266277	1188321	1.4617	0.0	0.0	0.0	0.0
SRR6218748	77219429	1.7557	0.0	2.7468	0.0	0.0
SRR26214566	28156730	15.688	0.0	0.4779	0.0	0.0
SRR27604502	30442908	0.0	2.9263	0.9616	0.0	0.0
SRR7267166	496977	1.3228	0.0	0.0	0.0	0.0
SRR8309935	15663912	1.5993	0.0	0.2036	0.0	0.0
SRR8457038	45401984	0.0	18.6195	0.0	0.0	0.0
SRR25132468	24146949	0.0	53.1401	0.3173	0.0	0.0
SRR13108176	38136531	0.0	2.777	1.6616	0.0	0.0
SRR20296996	45412321	0.0	1.1578	6.5754	0.0	0.0
SRR29384829	33581182	2.7715	0.0	0.4979	0.0	0.0
SRR9963854	30839085	0.0	2.7765	0.0	0.0	0.0
SRR13165631	47584978	0.0	0.0	4.6589	0.0	0.0
SRR20972398	25400631	0.0	2.4244	0.8035	0.0	0.0
SRR24823442	18976039	0.0	5.0292	3.5361	0.0	0.0
SRR38809595	40883793	0.0	0.0	3.6372	0.0	0.0
ERR957435	13056663	0.0	1.9069	0.1277	0.0	0.0
ERR10886926	53720296	12.7698	0.0	0.4115	0.0	0.0
SRR19226125	21858816	0.0	1.2732	0.275	0.0	0.0
SRR24737263	24265275	64.1459	0.0	0.7576	0.0	0.0
SRR494411	12345625	0.0	14.8272	0.0	0.0	0.0
SRR11431615	936278	0.0	2.0336	1.3341	0.0	0.0
SRR17456160	22289357	0.0	11.8711	2.4623	0.0	0.0
ERR5646241	55462197	5.1928	0.0	5.2688	0.0	0.0
SRR20750964	385645	0.0	2.6301	2.8355	0.0	0.0
SRR33516555	24945012	0.0	6.2306	0.0	0.0	0.0
SRR21354788	547479	0.0	7.0921	1.2064	0.0	0.0
SRR7267114	1607384	3.3585	0.0	0.0	0.0	0.0
SRR7264966	1713577	2.5174	0.0	0.0	0.0	0.0
SRR31712434	21319621	0.0	1.0106	0.0	0.0	0.0
SRR494410	13588792	0.0	2.4577	0.0	0.0	0.0
DRR782991	20314099	9.3169	0.6439	0.5514	0.0	0.0
SRR16938913	16308003	0.0	58.6913	0.4373	0.0	0.0
SRR24019250	65097619	0.0	0.0	44.8939	0.0	0.0
ERR11669011	46604246	0.0	4.3474	0.0	0.0	0.0
SRR23095524	42678222	0.0	7.2563	0.7789	0.0	0.0
SRR38194311	58821911	64.2635	0.1173	0.6968	0.0	0.0
SRR12245824	46132366	0.0	6.511	0.262	0.0	0.0
SRR30852789	22351810	0.0	5.3611	0.0	0.0	0.0
SRR14788878	32816045	0.0	3.5354	4.773	0.0	0.0
SRR7267240	6167203	2.1097	0.0	0.1657	0.0	0.0
SRR15610890	59506718	0.0	0.0	0.7341	1.3934	0.0
SRR27323246	2505574	0.0	13.4014	4.4771	0.0	0.0
SRR28731221	22928664	32.0808	0.8569	1.0331	0.0	0.0
SRR14528079	111433742	0.0	4.9618	1.1437	0.0	0.0
SRR33516272	24528124	0.0	2.9443	0.0	0.0	0.0
ERR10962838	16455886	14.0277	0.0	1.0886	0.0	0.0
SRR25301111	24740800	11.0249	0.4411	2.5001	0.0	0.0
SRR34169735	40176333	0.0	24.6441	0.4317	0.0	0.0
ERR2261872	14719149	1.8518	0.0	2.4682	0.0	0.0
SRR28392395	40407009	0.0	6.8925	3.0158	0.0	0.0
SRR32944893	37690834	0.0	1.7106	0.3019	0.0	0.0
SRR7267223	2457161	1.9361	0.0	0.0	0.0	0.0
SRR5866170	28284074	2.3112	0.0	0.7807	0.0	0.0
SRR37630613	25930795	0.0	6.0188	1.7491	0.0	0.0
SRR38858523	46397691	2.626	0.0	1.6666	0.0	0.0
SRR5133198	22408215	0.0	1.2384	0.2174	0.0	0.0
SRR23948048	24269781	0.0	14.6081	16.7168	0.0	0.0
SRR34326250	5344642	0.0	5.6326	0.1685	0.0	0.0
SRR33964627	27971535	0.0	1.4774	0.0	0.0	0.0
SRR38703320	28686843	0.0	0.0	3.8262	0.0	0.0
SRR7266058	1596282	1.9409	0.0	0.0	0.0	0.0
SRR3734862	642136	63.3008	0.0	0.7752	0.0	0.0
SRR7267355	1885667	4.2794	0.0	0.0	0.0	0.0
SRR7507900	4695839	0.0	1.7562	0.1926	0.0	0.0
SRR7963503	26281025	0.0	3.121	0.0	0.0	0.0
SRR24657683	22035472	0.0	18.1579	0.5453	0.0	0.0
SRR5387764	38822418	0.0	18.5144	0.488	0.0	0.0
SRR26951130	25624547	0.0	3.3367	0.2655	0.0	0.0
SRR27844385	69221690	0.2059	7.4836	10.588	0.0	0.0
ERR6121505	38544702	0.0	0.0	3.9955	0.0	0.0
SRR7264948	717160	3.0886	0.0	0.0	0.0	0.0
ERR5709401	29073946	0.0	3.8215	0.5805	0.0	0.0
SRR7644360	25940421	2.6316	0.0	0.3989	0.0	0.0
SRR35278633	24583887	0.0	12.0523	0.8944	0.0	0.0
SRR39793469	27527126	1.359	0.0	0.1937	12.3399	0.0
SRR38441799	64578980	13.0317	0.665	0.1749	0.0	0.0
DRR1052440	28470718	4.5827	8.3501	0.8943	0.0	0.0
SRR7264886	1485600	1.3133	0.0	0.0	0.0	0.0
SRR4470211	30708125	0.0	4.4534	0.0	0.0	0.0
SRR10448334	694678	22.4877	3.1543	25.6572	0.0	0.0
SRR12134751	29611331	0.0	12.5661	0.42	0.0	0.0
SRR16709585	26435922	0.0	11.6871	0.3463	0.0	0.0
SRR17310128	5519496	0.0	0.0	3.471	0.0	0.0
SRR17310130	5563703	0.0	0.0	3.47	0.0	0.0
SRR10098208	29537926	0.0	11.3423	2.1753	0.0	0.0
SRR17023801	106640204	5.6749	0.0	1.3008	0.0	0.0
SRR12524537	35775482	0.0	1.4409	0.0	0.0	0.0
SRR7267033	1311420	1.4385	0.0	0.0	0.0	0.0
SRR37570558	32852410	1.8376	0.0	0.4782	17.5436	0.0
SRR9851956	31451896	1.9379	0.1079	0.0	0.0	0.0
ERR7421548	11549774	24.1836	0.5362	0.3419	0.0	0.0
SRR8309917	29390181	4.0323	0.0	0.1727	0.0	0.0
SRR17310129	5574532	0.0	0.0	3.8761	0.0	0.0
SRR17310133	4965345	0.0	0.0	3.5317	0.0	0.0
SRR35303524	31418130	1.2757	2.0297	0.9947	0.0	0.0
SRR19752911	1918876	0.0	0.0	0.0	14.6054	0.0
SRR23095504	43289136	0.0	1.4271	0.276	0.0	0.0
SRR27323162	1388798	0.0	1.2979	3.1196	0.0	0.0
SRR19632012	40742208	0.0	3.9406	0.0	0.0	0.0
SRR13239189	26128069	0.0	0.0	3.855	0.0	0.0
SRR24364182	25359645	5.3718	0.0	0.1866	0.0	0.0
SRR7265041	1661183	1.578	0.0	0.2053	0.0	0.0
SRR14212080	20580922	2.6198	0.0	0.0	0.0	0.0
SRR36443870	24885535	0.0	1.2381	3.661	0.0	0.0
SRR11773419	33997198	0.0	2.2887	0.7588	0.0	0.0
SRR22425937	45770310	0.0	3.0529	2.2584	0.0	0.0
SRR30566737	10277758	6.601	2.8616	0.6274	0.1308	0.0
ERR990467	19084650	1.5348	0.0	1.4961	0.0	0.0
ERR990469	18929315	1.536	0.0	1.3605	0.0	0.0
ERR990468	18579428	1.5331	0.0	1.4464	0.0	0.0
SRR1724900	36713359	0.0	2.6691	0.5242	0.0	0.0
SRR7507988	4701006	0.0	1.5841	0.1864	0.0	0.0
SRR24295891	28159285	0.132	1.3502	2.3868	0.0	0.0
SRR29011636	21685506	0.0	2.3091	0.136	0.0	0.0
SRR31323412	26176279	0.0	4.2813	0.3143	0.0	0.0
SRR11622370	364466	0.0	48.2448	0.7205	0.0	0.0
SRR27333893	26711707	1.9657	4.2241	0.8006	0.0	0.0
SRR32487179	53251847	0.0	4.6376	0.2428	0.0	0.0
SRR29080943	22639310	3.1807	0.0	1.0592	0.0	0.0
SRR31346560	36085672	0.0	5.3824	1.4943	0.0	0.0
SRR35697313	33027403	0.0	75.1985	1.6589	0.0	0.0
ERR12186751	184957730	1.7166	0.0	1.5146	0.0	0.0
SRR25683587	23757603	0.0	3.391	0.3923	0.0	0.0
SRR18192443	23178551	46.4949	0.0	2.882	0.0	0.0
DRR623324	7511970	6.0557	0.0	6.6417	0.0	0.0
SRR33323096	33374654	20.2816	0.0	1.028	0.0	0.0
SRR27298262	1921087	0.0	2.3876	0.2532	0.0	0.0
SRR16849138	25826375	11.4798	0.0	0.2694	0.0	0.0
SRR30357900	56042072	0.1415	2.433	0.1773	0.0	0.0
SRR11430703	24272735	0.0	1.8654	0.0	0.0	0.0
SRR24826662	37256571	0.6864	0.0	10.5382	0.0	0.0
ERR4605983	20911858	0.0	1.8432	0.276	0.0	0.0
SRR17244269	23259247	0.0	47.4878	2.9311	0.0	0.0
SRR19698136	18573681	0.0	0.0	3.3852	0.0	0.0
SRR11176752	20419214	0.0	2.412	0.0	0.0	0.0
SRR15204705	27708104	11.0668	0.0	1.7189	0.0	0.0
DRR635749	15036698	0.0	25.2752	0.6154	0.0	0.0
SRR17386511	25090448	0.0	1.1573	5.9664	0.0	0.0
SRR7644306	27584223	1.8588	0.0	0.4293	0.0	0.0
ERR15648399	66348650	23.4373	0.0	5.051	0.0	0.0
SRR10189133	41708716	0.0	17.8971	15.6811	0.0	0.0
SRR27322894	2542908	0.0	20.9087	3.4505	0.0	0.0
SRR11282467	11011659	0.0	2.4648	1.2487	0.0	0.0
SRR26343027	60839626	0.0	2.4844	5.9055	0.0	0.0
ERR13346941	23486971	0.0	1.3044	0.1591	0.0	0.0
ERR13663551	7099864	0.0	0.0	3.2647	0.0	0.0
SRR28637143	25386850	0.9631	4.4492	17.5499	0.0	0.0
SRR30795889	53933590	0.0	17.9148	0.9797	0.0	0.0
SRR10448328	395926	17.3421	0.2043	27.9679	0.0	0.0
SRR13423822	31190218	0.0	1.3071	1.4449	0.0	0.0
SRR1779322	20362310	0.0	2.5665	0.0	0.0	0.0
SRR21354735	301596	0.0	12.3178	5.7332	0.0	0.0
SRR36367284	49686470	6.1973	0.3065	9.308	0.0	0.0
SRR15141292	3223756	2.7204	0.0	2.7189	0.0	0.0
SRR26462343	23076895	0.0	2.702	0.152	0.0	0.0
SRR3090580	43349824	2.0013	0.0	0.1489	0.0	0.0
SRR3724153	44233713	8.0242	0.0	0.2295	0.0	0.0
SRR23436109	20072534	0.0	1.4855	0.1966	0.0	0.0
SRR21237703	21833852	0.0	16.5374	0.831	0.0	0.0
SRR4032280	21249695	0.0	27.7878	0.0	0.0	0.0
SRR32009628	23129222	0.0	2.7103	0.4014	0.0	0.0
SRR3098096	17942435	8.7755	0.0	0.1221	0.0	0.0
SRR6215479	100657071	22.2032	0.0	1.6089	0.0	0.0
SRR15564989	17152427	0.2512	9.0694	0.2107	0.0	0.0
SRR21227538	23676836	0.0	1.3797	0.0	0.0	0.0
SRR7196283	118751738	0.0	1.3569	1.3749	0.0	0.0
SRR23758655	23293618	0.0	0.0	3.7286	4.6733	0.0
SRR20217852	26459619	1.1613	3.6921	0.6058	0.0	0.0
SRR25780566	19686457	6.4882	0.6442	5.6198	0.0	0.0
SRR20705620	31016159	0.0	49.5299	0.6406	0.0	0.0
SRR7172317	21305043	3.497	0.0	0.0	0.0	0.0
SRR27971665	28915217	0.1594	14.0155	0.3246	0.0	0.0
SRR7267038	2306887	2.6958	0.0	1.626	0.0	0.0
SRR33928056	22255362	1.5673	2.6092	0.3131	0.0	0.0
SRR36367277	47204542	8.5769	0.3916	6.3133	0.0	0.0
SRR33827825	23352594	0.0	2.3809	0.0	0.0	0.0
SRR31646429	19853986	0.0	4.4543	0.3049	0.0	0.0
SRR36186726	23844065	0.2383	5.1091	0.1582	0.0	0.0
DRR824732	39408450	0.0	0.0	3.6357	3.1202	0.0
SRR28111342	26878982	3.5121	0.0	2.9358	0.0	0.0
SRR12904736	28382649	0.0	7.5631	0.4783	0.0	0.0
SRR10599087	32405034	0.0	48.2744	0.0	0.0	0.0
ERR2930868	28001405	0.0	5.4707	3.6486	0.0	0.0
SRR7408314	22987578	0.0	3.553	0.0	0.0	0.0
DRR623331	7333758	5.4617	0.0	5.4774	0.0	0.0
SRR1525086	27214837	4.7165	0.0	0.0	0.0	0.0
SRR18337158	3532190	4.7592	79.8098	1.0031	0.0	0.0
SRR1525087	27143904	4.7197	0.0	0.0	0.0	0.0
SRR7264704	1296457	3.5987	0.0	0.0	0.0	0.0
SRR10802181	24578479	0.8807	6.9887	1.442	0.0	0.0
SRR26468253	10238535	0.0	11.7886	1.9365	0.0	0.0
SRR6292089	25548072	4.0193	0.0	0.0	0.0	0.0
SRR29011800	22400451	0.0	4.5145	0.181	0.0	0.0
SRR37717804	26508076	0.0	84.5764	0.125	0.0	0.0
SRR9051292	12559814	1.1747	0.0	2.804	0.0	0.0
SRR3098097	18682038	5.6679	0.0	0.1537	0.0	0.0
SRR38222668	21682657	0.0	5.4533	1.991	0.0	0.0
SRR7267121	1176437	13.6941	0.0	0.1293	0.0	0.0
SRR1284053	21194282	4.1175	0.0	0.1403	0.0	0.0
SRR2932327	24270790	0.0	6.5318	0.0	0.0	0.0
SRR6039724	50524717	1.8822	0.0	0.0	0.0	0.0
SRR6039725	35404870	1.8698	0.0	2.9392	0.0	0.0
SRR24271386	29729650	3.5277	0.0	2.4941	0.0	0.0
SRR7508008	5235235	0.0	1.4402	0.0	0.0	0.0
SRR8984106	39461242	37.2737	0.0	1.8422	0.0	0.0
SRR7267268	1882039	6.838	0.0	0.0	0.0	0.0
SRR16552268	7684411	0.1069	12.1498	3.8804	0.0	0.0
SRR12171324	22645557	0.0	5.2314	0.0	0.0	0.0
SRR24657691	23344517	0.0	21.4642	0.3435	0.0	0.0
SRR16772053	11768647	0.0	4.1373	0.0	0.0	0.0
SRR29779544	25935188	0.0	21.2172	0.2716	0.0	0.0
SRR7777738	20193874	0.0	3.0314	21.8995	0.0	0.0
SRR35859408	35393517	0.0	2.959	0.8522	0.0	0.0
SRR25522736	34451706	0.0	0.0	2.9637	0.0	0.0
SRR25209512	24331663	0.0	3.8782	0.0	0.0	0.0
SRR30328485	49841579	0.0	23.2603	2.1043	0.0	0.0
ERR3596732	74849258	1.4633	0.0	0.4704	0.0	0.0
SRR34326225	5455871	0.0	2.1741	0.1373	0.0	0.0
SRR17296959	23518283	40.3325	0.0	1.4195	0.0	0.0
SRR11521312	788327	0.0	2.5926	2.0514	0.0	0.0
DRR260929	2887477	0.0	1.0988	3.3776	0.0	0.0
ERR14835971	32439098	65.1388	0.0	2.4419	0.0	0.0
ERR13192091	26464620	0.0	0.0	14.8106	0.0	0.0
ERR7221671	10339813	0.0	16.1223	0.2958	0.0	0.0
SRR9640389	35312365	0.0	7.7106	0.0	0.0	0.0
SRR35430849	15188904	0.0	4.8788	0.6148	0.0	0.0
SRR29011684	23377958	0.0	3.0292	0.1827	0.0	0.0
SRR35697315	29917338	0.0	90.1225	0.402	0.0	0.0
SRR8568983	25799909	23.8694	0.0	0.0	0.0	0.0
SRR37741690	35070809	0.0	0.0	7.2304	0.0	0.0
SRR7267307	1949247	1.5082	0.0	0.0	0.0	0.0
SRR9680696	38434798	0.0	1.5491	0.0	0.0	0.0
SRR11091422	9733063	0.0	4.5682	0.3576	0.0	0.0
SRR34326380	31900990	0.0	8.7146	0.1471	0.0	0.0
SRR14539520	22625758	0.0	12.7432	0.0	0.0	0.0
SRR14374202	68656139	0.0	0.0	27.2049	0.0	0.0
SRR28797219	24562225	0.0	14.767	0.2023	0.0	0.0
SRR1284051	31221495	1.2189	0.0	0.0	0.0	0.0
SRR15971093	29608505	0.0	42.6214	0.2787	0.0	0.0
SRR25209519	20684464	0.0	3.3453	0.1335	0.0	0.0
ERR10886953	53357665	12.0017	0.0	0.1664	0.0	0.0
SRR19213882	4568798	0.0	2.8422	0.4233	0.0	0.0
SRR32496691	67813528	0.0	1.5395	0.3679	0.0	0.0
SRR13134702	26619564	0.0	35.6715	0.3998	0.0	0.0
SRR22130833	23307724	3.6695	0.0	0.8607	0.0	0.0
SRR28393288	356346	0.0	2.3028	1.3257	0.0	0.0
SRR38897775	22605314	0.0	9.0651	0.3226	0.0	0.0
SRR2082958	22687370	0.0	2.7066	0.0	0.0	0.0
SRR17316545	8200737	0.0	1.3397	2.7532	0.0	0.0
SRR7264863	2220557	3.5723	0.0	0.0	0.0	0.0
SRR7267005	1315650	3.6897	0.0	0.3326	0.0	0.0
SRR19213873	5350911	0.0	3.9845	0.4581	0.0	0.0
ERR15825678	21816020	0.0	1.2379	0.0	0.0	0.0
SRR7507912	4284380	0.0	2.3459	0.0	0.0	0.0
SRR28224696	20992727	0.0	28.3347	3.5242	0.0	0.0
SRR35776669	35329900	0.0	21.2155	0.5947	0.0	0.0
SRR7264745	188001	1.2415	0.0	3.4234	0.0	0.0
SRR20297074	15844506	0.0	1.4337	5.9118	0.0	0.0
SRR36164297	23138563	0.0	1.1484	0.1741	0.0	0.0
ERR10962813	16812161	10.9397	0.0	0.6145	0.0	0.0
SRR16475090	25332305	0.0	9.6855	0.4231	0.0	0.0
SRR492924	3436103	0.0	31.5605	0.0	0.0	0.0
SRR23081225	21701323	0.0	5.4311	0.364	0.0	0.0
SRR7644388	20899728	10.7879	0.0	0.0	0.0	0.0
SRR23086053	23747083	0.0	1.5469	0.3577	0.0	0.0
SRR10210778	8339694	0.0	1.5709	0.4567	0.0	0.0
SRR15500774	23957862	2.7823	0.0	0.5958	0.0	0.0
SRR27323421	2396194	0.0	1.9938	3.0549	0.0	0.0
SRR22993981	18720752	0.0	4.0863	3.4912	0.0	0.0
SRR7644357	24016622	12.547	0.0	0.0	0.0	0.0
SRR15685538	25292595	0.0	1.8986	0.4671	0.0	0.0
SRR11809799	30808937	0.0	27.8373	0.9333	0.0	0.0
SRR12963508	23499385	0.0	4.5708	0.5293	0.0	0.0
SRR33981614	16612162	2.95	0.0	1.4998	0.0	0.0
SRR33475345	21852345	0.1431	3.2039	33.0968	0.0	0.0
SRR12603807	69384282	0.0	0.0	13.296	0.0	0.0
SRR7264823	1530750	1.2581	0.0	0.0	0.0	0.0
SRR7507964	4753532	0.0	1.6213	0.0	0.0	0.0
SRR28752007	33701666	0.0	1.2512	1.2148	0.0	0.0
SRR36625945	14680843	0.0	0.0	9.8722	0.0	0.0
SRR29290349	23862322	0.1942	4.4976	0.4188	0.0	0.0
SRR7266347	1504994	1.8661	0.0	0.0	0.0	0.0
SRR36467003	21505914	0.0	46.1648	0.2996	0.0	0.0
SRR18030110	12102573	0.0	0.0	2.1582	0.0	0.0
SRR14870481	63857460	19.1582	0.0	1.1294	0.0	0.0
SRR24906450	23405006	0.0	2.2998	2.8956	0.0	0.0
SRR22937888	16389638	3.6304	0.0	0.1642	0.0	0.0
SRR31323414	24329761	0.0	2.2219	0.1957	0.0	0.0
SRR8703840	24274015	0.0	3.8522	0.0	0.0	0.0
SRR17310598	102543572	0.1147	9.4305	1.6716	0.0	0.0
SRR36910266	31187950	1.9636	0.0	4.3128	0.0	0.0
SRR36292497	34511539	9.6845	0.0	7.1373	0.0	0.0
SRR18856175	68059901	10.3562	0.0	0.3908	0.0	0.0
SRR7266040	746704	1.5236	0.0	0.0	0.0	0.0
SRR1779232	15129794	0.0	1.9279	0.0	0.0	0.0
SRR20613498	23577827	0.0	23.3989	0.0	0.0	0.0
SRR36292508	42270480	6.0784	0.0	4.972	0.0	0.0
DRR260934	3932971	0.0	1.2119	1.99	0.0	0.0
SRR22993985	20861233	0.0	4.0063	4.1004	0.0	0.0
SRR29366069	79594523	0.0	0.0	4.0196	0.0	0.0
SRR36910267	34159251	1.7188	0.0	2.4178	0.0	0.0
DRR819449	21736898	0.0	2.5465	0.2076	0.0	0.0
ERR6341051	3460872	0.0	1.8267	0.249	0.0	0.0
ERR6341050	3539251	0.0	1.829	0.2567	0.0	0.0
ERR6341053	3561316	0.0	1.8244	0.2485	0.0	0.0
ERR6341052	3412373	0.0	1.7849	0.2477	0.0	0.0
SRR24768932	42211845	3.6214	0.0	3.6553	0.0	0.0
SRR13316970	28506580	0.0	0.0	5.7007	0.0	0.0
SRR18064500	32732984	24.2069	0.9745	0.4886	0.0	0.0
SRR35874121	32712666	0.0	33.2855	0.1816	0.0	0.0
SRR34421097	23048971	0.0	2.3519	0.0	0.0	0.0
SRR16071932	63277012	0.0	0.3655	20.5057	0.0	0.0
SRR15149939	27196569	0.0	1.3004	2.6719	0.0	0.0
SRR1975198	23436128	12.5478	0.0	0.0	0.0	0.0
SRR22764488	52272400	15.3265	0.0	4.1536	0.0	0.0
SRR29011863	25705460	0.0	4.1603	0.0	0.0	0.0
SRR5598853	38007006	3.1932	0.0	0.1287	0.0	0.0
SRR32157595	22240863	0.0	7.9075	0.529	0.0	0.0
ERR15398704	33053462	0.0	0.0	1.9477	0.0	0.0
SRR10160949	16825452	0.0	35.1354	0.1164	0.0	0.0
SRR17316535	7257116	0.0	1.1138	3.5991	0.0	0.0
SRR29011625	24707500	0.0	1.8574	0.0	0.0	0.0
SRR29482963	49101401	0.0	3.9982	8.9399	0.0	0.0
SRR5949611	28233218	0.0	1.7977	0.1911	0.0	0.0
SRR9919021	23147096	0.0	1.6014	0.1738	0.0	0.0
SRR21484390	41226530	12.2659	0.0	1.1606	0.0	0.0
SRR28637149	20258500	0.0	4.5552	3.878	0.0	0.0
SRR31477360	22426881	0.0	2.6332	0.3654	0.0	0.0
SRR12160910	26952602	0.0	23.4861	0.3726	0.0	0.0
SRR8163293	35358086	0.0	3.1207	0.0	0.0	0.0
SRR25969000	69659362	6.0624	0.0	1.5204	0.0	0.0
SRR26860123	31109176	68.4236	0.0	0.4217	0.0	0.0
SRR31669294	16529528	0.0	12.8847	1.8879	0.0	0.0
SRR35874134	22086277	0.0	11.0318	0.1287	0.0	0.0
SRR12768243	46287643	0.0	8.3971	19.3257	0.0	0.0
SRR29011878	26013322	0.0	1.7277	0.1139	0.0	0.0
SRR22973865	34387286	5.1647	0.0	1.7026	0.0	0.0
SRR29446352	21907816	0.0	2.0128	2.2337	0.0	0.0
SRR8233981	23899255	0.0	5.7784	1.6388	0.0	0.0
SRR27029083	20689061	0.0	3.1401	2.113	0.0	0.0
SRR33516548	28292091	0.0	2.0026	0.1389	0.0	0.0
SRR23500857	56270330	0.0	13.003	0.255	0.0	0.0
SRR12074573	10402614	6.3849	0.0	7.0328	0.0	0.0
SRR22858656	24062152	0.0	4.4255	1.3454	0.0	0.0
SRR25522889	40200245	0.0	0.0	3.0677	0.0	0.0
SRR39368720	25968698	0.0	2.1238	4.1343	0.0	0.0
SRR27323336	2407578	0.0	2.6032	1.9125	0.0	0.0
ERR6212359	9580720	0.0	2.6484	1.789	0.0	0.0
SRR24309287	44832868	0.0	0.0	21.5992	0.0	0.0
SRR7266157	660297	1.2473	0.0	0.0	0.0	0.0
SRR18298164	12760123	0.0	1.4076	0.1648	0.0	0.0
SRR7267222	1375834	1.4261	0.0	0.0	0.0	0.0
SRR20679974	22805269	0.0	12.022	0.5785	0.0	0.0
SRR34326327	5195533	0.0	1.9734	0.0	0.0	0.0
SRR7266351	1919741	2.9999	0.0	0.0	0.0	0.0
SRR7266969	895944	6.6608	0.0	0.0	0.0	0.0
SRR36292484	32138546	7.0284	0.0	6.5384	0.0	0.0
SRR6215475	113730127	8.1071	0.0	5.8334	0.0	0.0
SRR35835129	17099939	7.3475	0.0	0.5074	0.0	0.0
SRR14212115	20099932	0.1099	2.0687	0.1623	0.0	0.0
SRR8357924	15223947	0.0	1.6817	0.1203	0.0	0.0
SRR2782513	50363378	0.0	7.9416	0.215	0.0	0.0
SRR7508010	4834248	0.0	1.6676	0.0	0.0	0.0
SRR16611327	26327087	26.7248	0.0	0.3871	0.0	0.0
ERR3891508	12047672	0.0	41.9179	0.9329	0.0	0.0
SRR8992596	2100230	9.8346	0.0	0.1215	0.0	0.0
SRR8992597	2084888	9.8644	0.0	0.1186	0.0	0.0
SRR8992598	2284774	10.0059	0.0	0.1208	0.0	0.0
ERR4369169	19642950	0.0	1.3965	0.7883	0.0	0.0
SRR7264872	1575286	1.6231	0.0	0.0	0.0	0.0
SRR19372151	20511819	15.3058	0.0	1.594	0.0	0.0
SRR24956606	9022438	0.0	0.0	12.7371	0.0	0.0
SRR31731494	22936230	17.3366	0.0	0.0	0.0	0.0
SRR7851407	21426750	25.9166	0.3157	0.3929	0.0	0.0
ERR4369199	27541476	0.0	24.2359	1.2378	0.0	0.0
SRR7508117	5233871	0.0	1.4257	0.0	0.0	0.0
SRR34326355	3582277	0.0	4.1309	0.2483	0.0	0.0
ERR10886988	50480028	5.9222	0.1112	0.1805	0.0	0.0
ERR3791864	24871595	0.0	0.0	6.9921	0.0	0.0
ERR17424277	19032545	1.4335	16.1664	1.1153	0.0	0.0
SRR17916359	20117632	23.5598	0.0	0.32	0.0	0.0
SRR23046698	36898125	0.0	8.9617	2.5896	0.0	0.0
SRR36824214	19632159	4.841	0.0	1.9044	0.0	0.0
SRR19352670	21704412	0.0	1.3857	0.0	0.0	0.0
ERR10886962	62246267	35.5108	0.0	1.1252	0.0	0.0
SRR7266143	1230870	1.2055	0.0	0.0	0.0	0.0
SRR27235830	23398679	0.1264	2.2778	0.9065	0.0	0.0
ERR14034590	20911287	0.0	0.0	2.9846	0.0	0.0
SRR19698127	22800903	0.0	0.0	2.5089	0.0	0.0
SRR25402465	1770523	1.3256	14.1104	0.9214	0.0	0.0
SRR20750852	595200	0.0	1.2791	2.8538	0.0	0.0
SRR34326409	4929764	0.0	2.3204	0.0	0.0	0.0
SRR37385214	8705763	0.0	36.8078	3.0838	0.0	0.0
ERR15114477	46966924	6.9122	0.2316	2.2267	0.0	0.0
SRR21021779	38069712	0.0	1.2535	0.3803	0.0	0.0
SRR28427851	22049352	0.0	2.0549	0.7606	0.0	0.0
SRR32658486	27166905	0.2187	0.0	2.1112	0.0	0.0
SRR27323320	1994832	0.0	15.9945	1.7454	0.0	0.0
SRR17916392	16364195	27.5113	0.0	1.6346	0.0	0.0
DRR897955	17676326	0.0	25.9128	0.1558	0.0	0.0
SRR17916406	16158523	22.6503	0.0	0.6138	0.0	0.0
SRR11574191	1742358	0.0	2.6548	0.3259	0.0	0.0
SRR28126824	20018445	4.6698	0.0	0.6842	0.0	0.0
SRR28126815	20005832	8.2958	0.0	1.2803	0.0	0.0
SRR7264903	1847472	1.9626	0.0	0.0	0.0	0.0
SRR16925054	26372122	0.0	2.3813	0.0	0.0	0.0
SRR25301347	30043718	11.2982	0.0	2.1209	0.0	0.0
SRR29826754	34412499	62.1787	0.0	2.5981	0.0	0.0
SRR16338497	45526244	0.0	1.415	0.2932	0.0	0.0
SRR6398493	790681	0.0	3.1047	6.1008	0.0	0.0
SRR24223101	23251143	0.0	4.4497	0.7791	0.0	0.0
SRR7265006	530106	2.6904	0.0	3.2973	0.0	0.0
SRR21043006	37047438	0.0	2.5842	0.0	0.0	0.0
SRR29654755	28646529	0.0	10.6392	0.4141	0.0	0.0
SRR30310367	20238833	0.0	24.3553	0.2432	0.0	0.0
SRR31319021	4790896	0.0	1.8458	7.1045	0.0	0.0
SRR8309925	12521375	1.6688	0.0	0.2333	0.0	0.0
DRR854527	22783936	11.8929	0.0	0.8015	0.0	0.0
SRR23502985	20488648	0.0	2.621	0.2615	0.0	0.0
SRR39159308	27697220	0.0	5.6549	0.1539	0.0	0.0
SRR17732069	60000000	2.2332	0.0	1.1593	0.0	0.0
SRR3203317	50267045	1.2657	0.0	0.0	0.0	0.0
SRR3203316	50680933	1.1924	0.0	0.0	0.0	0.0
SRR3203318	46834140	1.3864	0.0	0.287	0.0	0.0
SRR7264928	3312425	3.2382	0.0	0.0	0.0	0.0
SRR25998776	28705346	5.2184	0.0	1.1704	0.0	0.0
SRR31319067	203188	0.0	5.3404	0.753	0.0	0.0
SRR38953527	21575227	0.0	6.2445	0.0	0.0	0.0
SRR7896275	6061802	0.0	4.7642	34.9435	0.0	0.0
SRR19750585	23875928	0.0	0.0	0.0	3.8437	0.0
SRR10135108	21517420	0.0	2.4061	0.1398	0.0	0.0
SRR10269817	21107076	0.0	1.1327	0.167	0.0	0.0
SRR7267356	1271881	4.6789	0.0	0.7616	0.0	0.0
SRR34326404	3954997	0.0	2.3435	0.0	0.0	0.0
ERR11650694	2043908	0.0	1.2729	3.7838	0.0	0.0
SRR13566506	23436669	0.1773	6.9959	0.1691	0.0	0.0
SRR12160916	24802653	0.0	7.3957	0.1959	0.0	0.0
SRR20750934	557140	0.0	2.1828	1.9749	0.0	0.0
SRR11454472	111356	0.0	0.0	98.9852	0.0	0.0
SRR19891823	22641646	1.6294	0.0	0.9621	0.0	0.0
SRR22071549	19657409	0.0	1.714	0.5845	0.0	0.0
SRR8984123	33056488	32.8456	0.0	4.0718	0.0	0.0
ERR10886906	54146056	3.6854	0.0	0.205	0.0	0.0
SRR17456139	28504213	0.0	4.6526	4.6482	0.0	0.0
SRR33516228	24667113	0.0	1.7061	0.0	0.0	0.0
SRR7264715	1641777	2.7231	0.0	0.0	0.0	0.0
SRR25064200	26260401	0.0	2.2851	0.4489	0.0	0.0
SRR38914088	33906653	0.1777	10.2007	6.7388	0.0	0.0
SRR32224369	1309479	0.0	4.0726	3.5811	0.0	0.0
SRR12158784	26000894	7.3924	0.0	1.1545	0.0	0.0
SRR5933165	19549454	0.0	39.4857	0.0	0.0	0.0
SRR37874268	23007677	0.0	5.3688	0.7484	0.0	0.0
SRR36292476	30515112	5.2286	0.0	4.5673	0.0	0.0
SRR23614465	12371837	0.0	1.1844	2.7061	0.0	0.0
SRR7159501	27839858	19.1245	0.0	0.0	0.0	0.0
SRR24457854	23925968	0.0	0.1047	2.0367	0.0	0.0
SRR25210786	21910185	0.0	1.5408	0.2102	0.0	0.0
SRR8871473	24572192	3.9832	0.0	0.113	0.0	0.0
SRR12171325	31820780	0.0	11.1761	0.0	0.0	0.0
SRR8944221	26028666	11.9638	0.0	0.2917	0.0	0.0
SRR20613504	32195281	0.0	45.3304	0.0	0.0	0.0
SRR32153823	12046889	4.5439	0.0	9.8407	0.0	0.0
SRR16938979	18067019	0.0	78.0094	0.1568	0.0	0.0
SRR39263430	22997538	0.0	64.3165	0.3554	0.0	0.0
ERR6110281	27247238	0.0	0.0	3.8013	0.0	0.0
SRR28603126	23152755	0.0	5.2782	0.1025	0.0	0.0
SRR27326394	616971	7.0943	0.0	1.0662	0.0	0.0
ERR11650675	5240470	0.0	13.2672	0.2324	0.0	0.0
SRR14278350	30769964	0.0	0.0	1.9153	0.0	0.0
SRR14777752	10871486	0.0	1.54	2.0115	0.0	0.0
SRR17069486	68718054	0.0	6.7626	0.3465	0.0	0.0
SRR36171022	24928740	0.0	1.8572	0.243	0.0	0.0
DRR999494	29118544	0.0	28.5488	3.608	0.0	0.0
SRR16939000	16824951	0.0	72.3386	0.6162	0.0	0.0
SRR9071701	50144291	0.0	5.3432	0.0	0.0	0.0
SRR787322	25691802	0.0	10.5774	0.1965	0.0	0.0
SRR25422557	39496146	0.0	92.7934	0.0	0.0	0.0
SRR24125322	24865692	0.0	2.0656	1.6938	0.0	0.0
SRR5560588	36703145	0.0	1.035	0.0	0.0	0.0
SRR27297817	5201223	0.0	8.6771	0.2851	0.0	0.0
SRR7513223	25671149	0.0	8.6364	0.0	0.0	0.0
SRR7628935	37409225	16.5308	0.0	0.5745	0.0	0.0
SRR7266977	1411755	4.2936	0.0	0.261	0.0	0.0
SRR13960219	11744910	0.0	0.0	0.4642	2.9009	0.0
SRR27323125	2250844	0.0	48.3178	5.8339	0.0	0.0
SRR38953525	20962017	0.0	6.032	0.0	0.0	0.0
SRR7172318	22546856	2.2784	0.0	0.0	0.0	0.0
SRR17310169	5495248	0.0	0.0	4.1138	0.0	0.0
SRR17310174	4934254	0.0	0.0	4.1254	0.0	0.0
SRR11814993	19092573	3.6839	1.2378	0.1643	0.0	0.0
SRR17916361	19139039	28.2562	0.0	0.4189	0.0	0.0
SRR27297826	2223003	0.0	1.6304	0.8402	0.0	0.0
SRR21021729	32858974	0.0	1.2935	0.919	0.0	0.0
SRR29012053	27153644	0.0	16.0891	0.131	0.0	0.0
SRR39695477	25637378	0.0	5.5882	0.906	0.0	0.0
SRR15571118	44256868	19.408	0.0	0.0	0.0	0.0
SRR9134308	37104542	0.0	3.1409	5.4013	0.0	0.0
SRR19658860	17723096	0.0	9.66	0.1069	0.0	0.0
SRR20450852	9744237	0.0	1.6803	0.0	0.0	0.0
SRR29688053	23384448	0.0	1.8706	0.0	0.0	0.0
SRR6466849	50775044	0.0	4.028	0.2585	0.0	0.0
SRR7266284	3357208	2.2577	0.0	0.5211	0.0	0.0
ERR10886979	50587411	3.5438	0.0	0.5282	0.0	0.0
SRR29304503	21318311	0.0	4.1727	1.6901	0.0	0.0
SRR8418242	22464610	2.6586	0.0	0.5017	0.0	0.0
SRR30725436	41656215	0.0	1.2873	0.2939	0.0	0.0
SRR8742952	14345040	1.6851	0.0	0.0	0.0	0.0
SRR13326514	31190218	0.0	1.3071	1.4449	0.0	0.0
SRR27298004	1201904	0.0	18.2512	0.133	0.0	0.0
SRR6281218	36793213	0.0	7.9809	2.1252	0.0	0.0
SRR16925043	27111819	0.0	33.6644	0.0	0.0	0.0
SRR29384860	34712580	1.5754	0.0	1.4622	0.0	0.0
SRR9116863	29665619	0.0	1.1208	0.3065	0.0	0.0
SRR32389823	45305148	0.0	6.3545	0.3913	0.0	0.0
SRR11809800	35253387	0.0	16.6719	0.298	0.0	0.0
SRR5074047	22962273	19.4354	0.0	6.3162	0.0	0.0
SRR23225925	73263972	0.0	6.913	1.2504	0.0	0.0
SRR28111334	23121466	4.4355	0.0	2.5223	0.0	0.0
SRR34326336	6354491	0.0	4.4128	0.2376	0.0	0.0
SRR25209522	22870530	0.0	18.8109	0.16	0.0	0.0
SRR26860121	33368168	72.7242	0.0	0.0	0.0	0.0
SRR35430826	12712273	0.0	12.441	0.4469	0.0	0.0
SRR20750880	456767	0.0	1.6682	1.7179	0.0	0.0
SRR27235829	25259122	0.1356	2.1235	0.5824	0.0	0.0
SRR30495740	24776741	1.7184	0.0	6.1077	0.0	0.0
SRR35247859	24008415	0.0	1.8833	0.523	0.0	0.0
SRR16553399	57676248	0.0	2.5184	2.4997	0.0	0.0
SRR27298197	1026251	0.0	3.8869	0.4298	0.0	0.0
SRR16552271	10051125	0.0	91.7385	0.0	0.0	0.0
SRR31669280	12419017	0.0	7.6509	1.5318	0.0	0.0
SRR7644370	24762305	3.6177	0.0	0.4057	0.0	0.0
SRR35533165	25871274	0.0	1.3742	0.368	0.0	0.0
SRR13960224	13573821	0.0	0.0	0.5222	3.9154	0.0
SRR13675535	37821674	0.0	1.3683	0.7396	0.0	0.0
SRR8992626	2672693	1.8186	0.0	0.1436	0.0	0.0
SRR8992627	2648087	1.8245	0.0	0.142	0.0	0.0
SRR14673946	18569045	2.1555	0.0	1.7076	0.0	0.0
SRR22227265	5118258	30.0079	0.0	8.832	0.0	0.0
SRR22227266	6008071	25.2467	0.0	14.6939	0.0	0.0
SRR8742912	15176795	2.4873	0.0	0.0	0.0	0.0
SRR33516549	25849987	0.0	3.0848	0.1339	0.0	0.0
SRR23261146	8848687	0.0	0.0	17.5624	0.0	0.0
SRR23261145	8765303	0.0	0.0	17.1895	0.0	0.0
SRR8992628	1389891	1.8235	0.0	0.142	0.0	0.0
ERR12138254	47253454	0.0	1.0502	0.8532	0.0	0.0
ERR3891497	842274	0.0	1.8027	16.993	0.0	0.0
SRR9332416	41943741	1.5474	0.0	0.2055	0.0	0.0
SRR14697018	24345844	0.0	2.5569	0.1346	0.0	0.0
SRR20750817	99082	0.0	2.2375	2.5898	0.0	0.0
SRR27555682	34370510	0.0	1.0644	0.0	0.0	0.0
SRR9640380	23934092	0.0	3.6176	0.1031	0.0	0.0
SRR33210598	12614897	0.0	2.4046	4.3479	0.0	0.0
SRR38914089	22433988	0.1671	2.6879	3.8696	0.0	0.0
SRR35531445	17268521	0.0	4.315	0.1249	0.0	0.0
SRR5131660	22535619	0.1215	1.1784	0.9425	0.0	0.0
SRR7265034	1675970	2.658	0.0	0.0	0.0	0.0
SRR7267095	3614190	1.381	0.0	0.3926	0.0	0.0
SRR3057243	22008496	0.0	1.3699	0.0	0.0	0.0
SRR14674011	16309097	1.8631	0.0	2.0889	0.0	0.0
SRR21354759	373215	0.0	24.4537	6.0432	0.0	0.0
SRR26081812	22573375	0.0	36.2789	0.3107	0.0	0.0
SRR30789106	22492418	0.0	13.5188	0.0	0.0	0.0
SRR31419610	29378171	16.8693	0.0	5.9987	0.0	0.0
SRR17916349	16738403	20.1458	0.0	2.04	0.0	0.0
SRR26081708	1955436	7.9285	0.0	0.7113	0.0	0.0
SRR31346558	36144706	0.0	5.5505	1.4428	0.0	0.0
SRR24956560	9366659	0.0	0.0	13.7759	0.0	0.0
SRR12747898	34713149	0.0	2.6951	1.0394	0.0	0.0
SRR31323416	20874284	0.0	3.8826	0.2233	0.0	0.0
SRR16480642	33423842	0.0	5.9372	7.2905	0.0	0.0
SRR8053110	4184167	0.0	1.1761	1.428	0.0	0.0
SRR21021680	32228966	0.0	11.4398	2.8941	0.0	0.0
DRR736973	32328928	0.0	4.2955	0.0	0.0	0.0
ERR13147796	29667469	1.7371	1.9058	0.0	0.0	0.0
ERR13147797	30933131	1.6685	1.8473	0.0	0.0	0.0
SRR8706878	22581898	4.7264	0.0	0.0	0.0	0.0
SRR39728335	17927533	0.0	1.8557	0.1895	0.0	0.0
SRR25209514	22377225	0.0	4.9224	0.0	0.0	0.0
SRR9919019	23516959	0.0	1.8805	0.1449	0.0	0.0
SRR31301022	19989500	0.0	4.9934	2.6675	0.0	0.0
SRR10198751	53804304	0.0	0.0	2.1413	0.0	0.0
SRR29726266	21955991	0.0	37.7412	6.9125	0.0	0.0
SRR18298162	10651418	0.0	3.6909	0.2096	0.0	0.0
SRR23086131	25819914	0.0	2.433	1.7633	0.0	0.0
DRR817351	20719459	2.4939	0.0	0.0	0.0	0.0
SRR6398504	1181876	0.0	64.904	5.8188	0.0	0.0
SRR25254663	25637345	0.0	5.8679	0.4615	0.0	0.0
SRR25233141	24084549	0.0	5.7685	0.1268	0.0	0.0
SRR38272474	29122953	0.4714	8.7672	0.3651	0.0	0.0
SRR15141224	3544252	3.517	0.0	0.9935	0.0	0.0
SRR29452650	26610522	0.0	3.3966	0.31	0.0	0.0
SRR34420502	23720322	0.0	0.0	0.2561	8.8115	0.0
SRR35531425	16958828	0.0	2.0939	0.0	0.0	0.0
SRR15634102	44481568	2.0387	0.0	0.1538	0.0	0.0
SRR16938985	17855471	0.0	56.5065	0.0	0.0	0.0
ERR12177471	26768203	0.0	0.0	8.5395	0.0	0.0
SRR18441166	22656028	0.0	57.0199	0.1768	0.0	0.0
SRR7265068	1634807	2.6059	0.0	0.233	0.0	0.0
SRR7266017	1030227	9.9545	0.0	0.0	0.0	0.0
SRR30271402	28823603	0.1267	1.9583	0.2326	0.0	0.0
DRR1003325	21501996	0.0	1.0004	0.1531	0.0	0.0
SRR7267298	1341433	15.2471	0.0	0.1624	0.0	0.0
SRR25254661	22607959	0.0	2.5561	0.912	0.0	0.0
SRR38897787	20160604	0.0	49.1658	0.2511	0.0	0.0
SRR5871156	37238412	25.3037	0.0	0.4271	0.0	0.0
SRR12054303	32587178	6.0477	0.0	0.9278	0.0	0.0
SRR21354779	534770	0.0	6.4347	1.2407	0.0	0.0
SRR26462344	22886655	0.0	20.8022	0.1288	0.0	0.0
SRR29087938	18590091	22.458	0.0	0.6307	0.0	0.0
SRR17332340	19885703	0.0	0.0	27.3014	0.0	0.0
SRR6218758	41232436	3.034	0.0	0.8109	0.0	0.0
SRR7264744	4442188	3.0352	0.0	0.0	0.0	0.0
SRR37388009	26490572	0.0	5.8641	1.2211	0.0	0.0
SRR20750820	115466	0.0	2.3409	3.7717	0.0	0.0
DRR897964	18550522	0.0	63.1928	0.0	0.0	0.0
ERR4369202	28124353	0.3799	5.7513	1.0354	0.0	0.0
SRR34326206	20733944	0.0	4.0547	0.1298	0.0	0.0
SRR13069778	32607470	0.0	1.7292	0.722	0.0	0.0
SRR7251738	10638743	0.0	3.0277	0.0	0.0	0.0
SRR15607726	20943162	0.0	0.0	0.8357	10.7545	0.0
SRR7508072	4431407	0.0	1.1042	0.0	0.0	0.0
SRR21995378	23897047	5.2639	0.0	0.0	0.0	0.0
SRR7896272	7670999	0.0	3.9238	0.0	0.0	0.0
SRR12160894	30447985	0.0	17.6404	0.3595	0.0	0.0
SRR10135109	10098272	0.1014	3.2606	0.1502	0.0	0.0
SRR21043002	36651534	0.0	1.25	0.0	0.0	0.0
SRR31318967	3467523	0.0	4.056	5.1328	0.0	0.0
SRR39573510	19671614	0.0	3.7382	0.0	0.0	0.0
SRR866569	32623508	0.0	1.3986	0.0	0.0	0.0
SRR36778579	18067587	15.2985	0.0	0.4498	0.0	0.0
ERR3791731	31941647	0.0	0.0	10.1811	0.0	0.0
SRR3924554	16165008	6.4923	0.1262	0.2192	0.0	0.0
SRR32262365	23036699	0.0	2.5384	0.0	0.0	0.0
SRR3924553	14751844	7.8256	0.1757	0.6174	0.0	0.0
SRR27010649	20925195	0.0	3.2768	2.6642	0.0	0.0
SRR30310364	20935130	0.0	21.8901	0.2896	0.0	0.0
SRR35145537	22040037	0.0	13.8521	0.1705	0.0	0.0
SRR9593765	26668815	0.0	3.7674	0.1947	0.0	0.0
SRR6347967	32426049	0.0	0.0	2.3197	0.0	0.0
SRR31047606	21666558	0.0	1.3459	0.8264	0.0	0.0
SRR34222356	19786378	0.0	1.7208	0.149	0.0	0.0
SRR37845436	20014395	0.0	3.8773	0.6208	0.0	0.0
SRR11566038	1975612	0.0	2.5917	0.0	0.0	0.0
SRR13134697	22902525	0.0	38.9541	0.2716	0.0	0.0
SRR14674015	17959165	2.4064	0.0	4.597	0.0	0.0
SRR3717804	10442398	0.0	1.767	2.5906	0.0	0.0
SRR11574167	2813628	0.0	1.716	0.2913	0.0	0.0
DRR827249	23055571	0.0	1.5797	0.1182	0.0	0.0
SRR6388205	48862881	0.0	0.0	5.0907	0.0	0.0
SRR23261110	8389203	0.0	0.0	17.2582	0.0	0.0
SRR23261109	8310332	0.0	0.0	16.924	0.0	0.0
SRR33827821	23445678	0.0	3.1053	0.11	0.0	0.0
SRR24633682	21146672	0.0	1.4406	1.1913	0.0	0.0
ERR10691679	6913154	0.3764	4.3409	6.065	0.0	0.0
SRR12160883	31439607	0.0	14.3703	0.264	0.0	0.0
SRR5560661	26945147	0.0	1.2692	0.0	0.0	0.0
SRR9937165	31341050	0.0	19.3128	0.0	0.0	0.0
SRR12456110	26127659	3.3259	0.0	2.9794	0.0	0.0
SRR6292067	10810163	15.8891	0.0	0.0	0.0	0.0
SRR25209538	20274130	0.0	9.1566	0.0	0.0	0.0
SRR34355020	24176680	0.0	59.1838	0.5181	0.0	0.0
SRR31319109	1310239	0.0	3.6888	1.0408	0.0	0.0
SRR15742928	23155465	0.0	0.0	0.5675	3.5809	0.0
SRR27323124	4200237	0.0	3.2795	4.0117	0.0	0.0
SRR26975739	24912624	55.5533	0.0	3.3992	0.0	0.0
SRR24657668	20452874	0.0	17.5392	0.4579	0.0	0.0
SRR34326352	3951552	0.0	5.0466	0.111	0.0	0.0
SRR1793876	29717340	1.3182	0.0	0.0	0.0	0.0
SRR39011503	48556888	0.0	0.0	3.2191	0.0	0.0
SRR3658938	11402748	0.0	1.3843	0.0	0.0	0.0
SRR12133606	21508166	7.2535	0.0	0.0	0.0	0.0
SRR10354994	24502548	0.0	1.4326	4.7846	0.0	0.0
SRR29198174	24618769	0.0	2.3114	1.3392	0.0	0.0
SRR39147266	27559659	0.7945	3.6213	0.375	0.0	0.0
SRR11814846	27624253	0.0	1.0278	0.1298	0.0	0.0
SRR29221775	23763319	0.0	2.7328	0.0	0.0	0.0
SRR17310608	125950343	0.0	20.9441	0.3616	0.0	0.0
SRR7266015	3607977	3.0708	0.0	0.0	0.0	0.0
SRR5312243	670232235	0.0	1.3972	0.8037	0.1873	0.0
SRR37899641	22724005	0.0	3.379	2.0031	0.0	0.0
SRR10137389	42391136	0.0	3.737	0.3886	0.0	0.0
SRR31180140	23977213	0.0	1.4313	0.9165	0.0	0.0
SRR31669315	13390043	0.0	12.7711	1.1643	0.0	0.0
SRR31323392	27219302	0.0	59.2355	0.1588	0.0	0.0
SRR6215495	93470983	16.796	0.1016	4.7357	0.0	0.0
SRR15634097	44607742	1.8393	0.0	0.1225	0.0	0.0
DRR499805	20374793	0.0	3.8284	21.0216	0.0	0.0
SRR1777450	55411740	5.8698	0.0	0.3294	0.0	0.0
SRR1777451	56421667	5.8558	0.0	0.3489	0.0	0.0
SRR25209540	21958845	0.0	9.6308	0.0	0.0	0.0
SRR30788013	23279250	0.0	8.4922	0.126	0.0	0.0
SRR33538892	22761967	0.0	12.9505	0.749	0.0	0.0
SRR32262367	25868352	0.0	2.4036	0.0	0.0	0.0
SRR23261132	7589566	0.0	0.0	17.0642	0.0	0.0
SRR23261131	7544521	0.0	0.0	16.7019	0.0	0.0
SRR25424659	15870124	0.0	3.9628	0.0	0.0	0.0
ERR10962809	18285093	9.4177	0.0	0.2602	0.0	0.0
SRR10448317	3190717	3.4302	81.1729	0.7523	0.0	0.0
SRR20750993	504034	0.0	3.1379	1.7965	0.0	0.0
ERR10886941	46764192	4.2432	0.0	0.2001	0.0	0.0
SRR13452205	12077942	0.0	14.7934	1.3217	0.0	0.0
SRR21021799	35032152	0.2181	7.368	0.7222	0.0	0.0
SRR22858662	22661721	0.0	25.8321	0.8702	0.0	0.0
SRR28111331	19708031	4.0	0.0	1.6057	0.0	0.0
SRR31488144	47444140	2.9719	0.0	1.2105	0.0	0.0
SRR7266186	1726589	2.1838	0.0	0.0	0.0	0.0
DRR999495	26741470	0.0	14.9451	0.9182	0.0	0.0
SRR13346887	11114228	0.0	1.4398	0.3831	0.0	0.0
SRR12835392	30911958	0.0	11.8345	4.1435	0.0	0.0
SRR35697316	27462689	0.0	70.0499	1.335	0.0	0.0
SRR7195209	25542575	17.8442	0.0	0.0	0.0	0.0
SRR32487173	51378528	0.1033	1.6457	0.7432	0.0	0.0
ERR14366959	23889339	0.0	10.5634	0.4783	0.0	0.0
SRR31833489	40869600	6.4096	0.0	0.5762	0.0	0.0
DRR839509	59395587	58.7386	0.0	2.849	0.0	0.0
SRR12899057	14661933	0.0	33.3448	2.0535	0.0	0.0
SRR20337006	13469847	0.0	23.3991	0.2485	0.0	0.0
SRR6925807	22682813	3.0433	0.0	0.2007	0.0	0.0
SRR20438155	32201540	1.1708	0.0	2.0763	0.0	0.0
SRR23712277	5924607	0.0	0.0	5.2385	0.0	0.0
SRR22351700	21650620	0.0	4.0003	0.4009	0.0	0.0
SRR32962217	79395587	44.7621	0.0	0.1445	0.0	0.0
SRR15037319	26519558	1.4848	0.0	0.2151	0.0	0.0
ERR3791862	26337658	0.0	0.0	23.5737	0.0	0.0
SRR21354790	418378	0.0	8.6974	1.643	0.0	0.0
SRR28809516	33693855	0.0	13.9277	1.3648	0.0	0.0
DRR897962	14441495	0.0	18.1153	0.1534	0.0	0.0
SRR10148709	6842618	0.0	6.0794	0.1489	0.0	0.0
SRR10148710	7034721	0.0	6.0817	0.1494	0.0	0.0
SRR10148711	7691451	0.0	6.0579	0.4213	0.0	0.0
SRR10135427	10864323	0.0	1.6217	1.8218	0.0	0.0
SRR12899071	31772717	0.0	73.9241	0.216	0.0	0.0
SRR9903582	33540396	0.0	2.601	0.0	0.0	0.0
SRR17916442	15050530	25.862	0.0	0.8026	0.0	0.0
SRR33516381	26128031	0.0	3.6392	0.0	0.0	0.0
SRR866257	15912167	0.0	3.0685	0.0	0.0	0.0
SRR36382479	34187588	2.381	0.0	3.2204	0.0	0.0
SRR30708826	23523585	0.1789	68.0315	0.4023	0.0	0.0
SRR28926632	32854845	5.2169	0.0	0.162	0.0	0.0
SRR38924893	34506324	12.3786	0.0	0.5208	0.0	0.0
SRR12169370	20445757	4.7563	0.0	2.8528	0.0	0.0
SRR6257747	23857242	0.0	7.1131	1.0925	0.0	0.0
SRR26039822	41481986	0.0	0.0	2.5293	0.0	0.0
DRR260991	14361977	0.0	2.4673	11.4518	0.0	0.0
SRR24223100	24585432	0.0	5.121	0.8481	0.0	0.0
SRR36367299	41803263	11.5352	0.0	7.7422	0.0	0.0
ERR754054	21407853	0.0	31.8562	27.7128	0.0	0.0
SRR20750844	630875	0.0	1.5981	1.8492	0.0	0.0
SRR23951522	26999604	0.0	0.5591	4.9563	0.0	0.0
SRR30125672	23954149	0.0	84.7366	0.9551	0.0	0.0
SRR7264733	1166041	2.2405	0.0	0.0	0.0	0.0
SRR15401428	32893729	0.0	2.9315	1.7353	0.0	0.0
SRR18957874	34085994	0.0	0.0	1.0821	1.8746	0.0
SRR8352562	9731505	0.0	0.0	1.9588	0.0	0.0
SRR13662575	12138816	2.6153	0.0	0.0	0.0	0.0
SRR8992620	2369181	7.3573	0.0	0.1193	0.0	0.0
SRR8992622	1698786	7.4976	0.0	0.125	0.0	0.0
SRR8992621	2378009	7.3654	0.0	0.1231	0.0	0.0
SRR27323011	2684889	0.0	29.8377	2.3897	0.0	0.0
SRR7508044	4512865	0.0	3.4814	0.1108	0.0	0.0
SRR23086154	23874564	0.0	2.0069	1.1827	0.0	0.0
SRR30537490	39827750	0.0	0.0	5.5026	0.0	0.0
ERR2930862	26907945	0.0	31.1296	6.5216	0.0	0.0
SRR14710538	55207069	0.0	3.3052	0.0	0.0	0.0
SRR7266220	655641	3.8639	0.0	0.0	0.0	0.0
SRR33516619	22203799	0.0	2.6583	0.1612	0.0	0.0
SRR7264973	100278	1.7132	0.0	4.1604	0.0	0.0
SRR7265064	1658193	2.7691	0.0	0.8407	0.0	0.0
SRR36134888	6505816	8.1616	0.0	1.8347	0.0	0.0
SRR3098281	13906947	9.679	0.0	0.1958	0.0	0.0
SRR7266034	2360656	6.3917	0.0	0.0	0.0	0.0
SRR37325400	60064390	3.2735	0.0	0.4806	0.0	0.0
SRR30498911	3263311	7.0667	0.0	9.8359	0.0	0.0
SRR17207993	23319840	6.1902	0.0	0.2818	0.0	0.0
ERR13148039	19895004	2.8819	3.197	0.0	0.0	0.0
ERR13148041	21127854	2.8341	3.2916	0.0	0.0	0.0
SRR7266269	2545155	4.1183	0.0	0.0	0.0	0.0
SRR8418261	3013131	4.4476	0.0	0.5463	0.0	0.0
SRR18355664	23293421	0.0	3.8237	0.7311	0.0	0.0
SRR20115017	23058156	0.0	3.7028	0.2335	0.0	0.0
SRR24768931	25605093	2.9393	0.0	2.5636	0.0	0.0
ERR3791512	30871189	0.0	0.0	6.8666	0.0	0.0
SRR21021667	40542060	0.0	4.4238	0.6265	0.0	0.0
SRR7266315	2565008	4.0584	0.0	0.0	0.0	0.0
SRR34300173	31083571	3.3835	0.0	8.6623	0.0	0.0
SRR17310064	6877070	0.0	0.0	3.1862	0.0	0.0
SRR17310063	6977330	0.0	0.0	3.3859	0.0	0.0
SRR17310066	6925454	0.0	0.0	3.4271	0.0	0.0
SRR17310069	6255797	0.0	0.0	3.2047	0.0	0.0
SRR25132462	24349692	0.0	10.0808	1.7685	0.0	0.0
ERR13148040	21092359	2.8475	3.3038	0.0	0.0	0.0
ERR10886960	64363026	35.5059	0.0	1.1192	0.0	0.0
SRR1793856	24188886	16.0266	0.0	0.2898	0.0	0.0
SRR7266075	1539417	4.8268	0.0	0.0	0.0	0.0
ERR10962802	16330512	7.6478	0.0	1.3957	0.0	0.0
SRR17310068	6159414	0.0	0.0	3.4636	0.0	0.0
SRR16938932	17920929	0.0	70.6572	0.453	0.0	0.0
SRR31732113	24513727	0.0	2.2991	0.2416	0.0	0.0
SRR7265004	1340860	2.1066	0.0	0.0	0.0	0.0
SRR9113044	24348509	3.8322	0.0	0.3736	0.0	0.0
ERR14043237	32310043	0.0	2.4869	0.1665	0.0	0.0
SRR22183684	50742485	1.4808	0.0	0.2743	0.0	0.0
SRR34300165	30474316	2.9311	0.0	12.3452	0.0	0.0
SRR35533172	24748846	0.0	4.1011	0.235	0.0	0.0
SRR7408200	50268496	18.1682	0.0	0.0	0.0	0.0
SRR28797221	21943864	0.0	2.4555	0.245	0.0	0.0
SRR36910206	31516741	1.9351	0.0	3.2023	0.0	0.0
SRR32975040	49940929	0.0	63.7469	0.4481	0.0	0.0
SRR35531436	18535560	0.0	1.2325	1.851	0.0	0.0
SRR35893135	27992356	0.0	5.3792	1.1597	0.0	0.0
SRR30202444	22479781	0.0	5.2985	0.0	0.0	0.0
SRR10135232	18420476	0.0	1.0192	0.2098	0.0	0.0
SRR36910246	41406381	2.4289	0.0	4.3413	0.0	0.0
SRR7264803	1986237	1.3744	0.0	0.0	0.0	0.0
SRR19351402	21069712	0.0	1.4061	0.2492	0.0	0.0
SRR27344855	22275526	0.0	5.3522	1.7511	0.0	0.0
SRR38515064	32532847	7.9184	3.4361	2.5139	0.0	0.0
SRR38924882	33810506	12.3653	0.0	0.467	0.0	0.0
SRR33516648	24629848	0.0	2.1276	0.2119	0.0	0.0
ERR4627246	26953606	0.0	0.0	3.6123	0.0	0.0
ERR4339365	20993313	0.0	1.9145	1.1089	0.0	0.0
SRR14673888	16788312	2.1315	0.0	1.1844	0.0	0.0
SRR23261111	8096211	0.0	0.0	18.1885	0.0	0.0
SRR23261112	8182989	0.0	0.0	18.745	0.0	0.0
SRR37123723	23640811	27.6843	0.0	1.1739	0.0	0.0
SRR20338129	21274649	0.0	0.0	1.7785	0.0	0.0
SRR11176733	15911607	0.0	2.695	0.0	0.0	0.0
SRR14673935	11200087	3.0262	0.0	2.3152	0.0	0.0
SRR17310055	8275021	0.0	0.0	2.9419	0.0	0.0
SRR17310060	7264009	0.0	0.0	3.3864	0.0	0.0
SRR38924891	30210899	16.701	0.0	0.5115	0.0	0.0
SRR38077035	37598045	27.1789	0.257	0.8867	0.0	0.0
ERR10886969	53949027	19.0458	0.0	0.1823	0.0	0.0
SRR25037589	32909300	0.0	16.8821	2.55	0.0	0.0
SRR33475388	19180802	0.0	1.3304	0.2366	0.0	0.0
SRR4296283	22218454	6.4747	0.0	0.4	0.0	0.0
SRR17456120	31374186	0.0	7.1837	3.7696	0.0	0.0
SRR21921827	22634096	0.1352	5.3716	0.6353	0.0	0.0
SRR28208939	27599636	0.0	2.0773	0.7092	0.0	0.0
SRR38980058	49772394	0.0	4.3943	0.2068	0.0	0.0
SRR24737300	50408228	4.2613	0.0	0.2369	0.0	0.0
SRR33014831	33692259	0.0	5.5265	0.1833	0.0	0.0
SRR28497291	19998226	3.7279	0.0	0.0	0.0	0.0
SRR36367329	46483974	17.3773	0.0	10.1723	0.0	0.0
SRR36636440	34001649	0.0	0.0	4.1444	0.0	0.0
ERR16140408	42946666	0.0	1.0362	0.4867	0.0	0.0
ERR4605979	21476529	0.0	1.6888	0.1724	0.0	0.0
SRR7538210	30309308	0.0	1.0081	0.0	0.0	0.0
SRR30012822	22675238	81.7442	0.0	2.1387	0.0	0.0
SRR7267239	1196196	1.5801	0.0	0.0	0.0	0.0
SRR15495633	73189052	0.0	8.8145	2.1685	0.0	0.0
SRR25078187	35443210	2.0062	0.0	4.1087	0.0	0.0
SRR28480726	21265634	0.0	2.2506	0.2601	0.0	0.0
SRR8204125	18848113	38.2106	0.0	0.1254	0.0	0.0
SRR16562512	21292038	0.1422	10.6025	0.0	0.0	0.0
SRR24768938	55619350	3.2935	0.0	4.192	0.0	0.0
SRR34326523	4298857	0.0	3.7941	0.1509	0.0	0.0
SRR3584234	11856005	0.0	3.0137	0.0	0.0	0.0
SRR16552291	4018188	0.0	75.994	0.2836	0.0	0.0
SRR32805988	48119838	1.6409	0.0	2.5225	0.0	0.0
SRR8327236	7002420	0.0	2.2601	0.0	0.0	0.0
SRR4119802	22016871	0.0	0.0	2.8572	0.0	0.0
ERR13191101	39937189	0.0	0.1758	14.3496	0.0	0.0
SRR12546091	8719346	0.0	36.988	0.0	0.0	0.0
SRR14870478	53745867	2.225	0.0	2.2296	0.0	0.0
SRR7264933	388691	5.1488	0.0	3.3705	0.0	0.0
SRR37874276	27892303	0.0	12.8833	0.5075	0.0	0.0
SRR36718807	73174506	1.0061	54.7466	4.5162	0.0	0.0
SRR30725441	34840886	0.0	1.9493	0.1524	0.0	0.0
SRR30555154	24933339	4.0698	0.0	0.4922	0.0	0.0
SRR22894223	27722826	0.0	7.34	0.6128	0.0	0.0
SRR29011640	25400015	0.0	7.5976	0.1365	0.0	0.0
SRR25300938	24522099	49.5252	0.4229	1.4746	0.0	0.0
SRR7692639	13144286	22.929	0.0	0.1846	0.0	0.0
SRR23095523	42457100	0.0	5.092	0.7492	0.0	0.0
SRR7172320	17008283	2.317	0.0	0.1153	0.0	0.0
SRR29289934	29579181	0.0	43.9656	0.6552	0.0	0.0
SRR22227261	4038169	29.5014	0.0	3.8204	0.0	0.0
SRR22227262	6245853	30.7307	0.0	3.6869	0.0	0.0
SRR29290351	23326590	0.2691	4.5378	0.4684	0.0	0.0
SRR37798407	29526392	5.9158	0.0	1.8264	0.0	0.0
SRR35396724	18818514	2.8361	0.0	0.741	0.0	0.0
SRR39368707	25742907	0.1196	7.0343	2.4657	0.0	0.0
SRR33981607	19847905	0.5447	1.2369	2.3785	0.0	0.0
SRR13900321	41304137	0.6643	0.0	2.5475	9.8162	0.0
SRR15141158	3162274	3.4527	0.0	1.0399	0.0	0.0
ERR12177607	25316348	0.0	0.0	9.1219	0.0	0.0
SRR11176676	20363520	0.0	3.6921	0.0	0.0	0.0
SRR5485035	9944651	0.0	2.6757	0.1015	0.0	0.0
SRR37703381	55596232	0.0	38.9169	0.0	0.0	0.0
SRR11574306	1115533	0.0	2.0866	1.0069	0.0	0.0
SRR29446354	21505558	0.0	1.7025	0.4027	0.0	0.0
ERR3891495	11023386	0.0	18.202	0.4217	0.0	0.0
SRR7266155	4707990	2.675	0.0	0.4284	0.0	0.0
ERR3596734	87600313	55.9713	0.0	0.0	0.0	0.0
ERR12268578	18894263	0.0	5.4828	17.7302	0.0	0.0
SRR9134378	31936205	0.0	3.0339	7.3549	0.0	0.0
SRR19742125	42927212	0.0	6.793	1.3696	0.0	0.0
SRR28353101	30657720	0.0	2.6177	0.0	0.0	0.0
SRR34316785	26775892	0.0	14.3276	2.855	0.0	0.0
SRR7644300	27481442	17.8012	0.0	0.0	0.0	0.0
SRR22858675	24621999	0.0	2.2916	1.0711	0.0	0.0
SRR7637122	23645074	0.0	1.4237	0.1253	0.0	0.0
SRR20217855	29777551	0.0	3.4943	0.6272	0.0	0.0
SRR20337014	12662219	0.0	35.9793	0.4292	0.0	0.0
SRR21082821	62881796	0.0	0.0	0.2935	10.5002	0.0
SRR24956551	16571772	0.0	0.0	23.3542	0.0	0.0
ERR3891482	13243786	0.0	14.9027	1.7232	0.0	0.0
ERR2695965	7918187	0.0	82.1389	3.3416	0.0	0.0
ERR6212309	3103735	0.0	1.7204	2.1289	0.0	0.0
SRR11521336	461541	0.0	25.4363	6.9563	0.0	0.0
SRR33516407	24178835	0.0	9.442	0.0	0.0	0.0
SRR28285542	64133333	0.0	3.4059	1.0202	0.0	0.0
SRR27326386	3348543	3.1155	0.0	1.1644	8.6762	0.0
SRR25248436	84584525	0.0	0.0	2.952	0.0	0.0
SRR6283153	21936570	54.6434	0.0	1.7055	0.0	0.0
SRR32389822	45867851	0.0	4.2574	0.4077	0.0	0.0
SRR494418	10154906	0.0	9.5932	0.0	0.0	0.0
SRR494419	12837948	0.0	8.6306	0.0	0.0	0.0
SRR7264923	1461626	1.14	0.0	0.0	0.0	0.0
SRR23081223	21693123	0.0	1.9048	0.3775	0.0	0.0
SRR33475385	19333477	0.1879	3.3878	0.1864	0.0	0.0
SRR21021666	31862834	0.0	2.7786	1.1155	0.0	0.0
SRR22858677	21869163	0.0	8.5241	0.7789	0.0	0.0
SRR34257395	25509189	0.1302	1.6686	0.2679	0.0	0.0
SRR28743725	31804591	0.0	1.102	0.8544	0.0	0.0
SRR1818398	42744868	4.6222	0.0	0.1162	0.0	0.0
SRR16938994	17845240	0.0	53.1948	0.268	0.0	0.0
SRR27604503	29308778	0.0	4.3756	2.049	0.0	0.0
SRR24956684	9062854	0.0	0.0	24.742	0.0	0.0
SRR32920596	21886887	49.1731	2.7214	1.0024	0.0	0.0
SRR33662629	30884365	0.0	4.2179	2.6501	0.0	0.0
DRR992071	27310365	0.0	1.8039	0.0	0.0	0.0
SRR23095517	41955390	0.0	9.4949	0.9527	0.0	0.0
ERR6212299	5555345	0.0	2.3216	1.3571	0.0	0.0
SRR8115243	11207442	0.0	2.8381	0.3005	0.0	0.0
SRR24956717	17344189	0.0	0.0	12.2868	0.0	0.0
SRR13862655	28158511	0.0	4.6456	2.0994	0.0	0.0
SRR7266355	640439	1.1683	0.0	0.0	0.0	0.0
SRR25522801	37367355	0.0	0.0	2.4932	0.0	0.0
SRR32993595	32948732	0.0	3.7061	3.6722	0.0	0.0
SRR21847001	33645417	0.1841	6.2985	0.2121	0.0	0.0
SRR29384872	38237673	1.6216	0.0	0.6449	0.0	0.0
SRR3356865	14487148	0.0	30.7512	0.0	0.0	0.0
SRR22518712	25593888	0.0	3.7159	0.1666	0.0	0.0
SRR33931474	24313988	10.5667	0.0	0.3001	0.0	0.0
SRR12623590	17934413	1.9418	0.0	0.6919	0.0	0.0
SRR16938910	17964468	0.0	48.7131	0.2227	0.0	0.0
SRR32262379	25773201	0.0	1.7878	0.0	0.0	0.0
SRR35893140	27723984	0.0	6.8963	0.9844	0.0	0.0
SRR9123285	31893326	0.0	2.1012	0.0	0.0	0.0
SRR25254365	25079075	0.0	1.9304	0.3861	0.0	0.0
SRR17310033	6397720	0.0	0.0	3.4529	0.0	0.0
SRR35559030	51506229	14.799	0.0	0.6844	0.0	0.0
DRR752145	27030832	0.0	1.5146	0.115	0.0	0.0
SRR3399428	51144151	0.0	3.474	1.9725	0.0	0.0
SRR14212084	22024961	5.5571	0.0	0.0	0.0	0.0
SRR6398517	1805933	0.0	4.0937	5.2859	0.0	0.0
SRR26865895	24561472	0.0	1.5493	0.1095	0.0	0.0
SRR33701063	21233265	0.0	3.9352	0.9838	0.0	0.0
DRR897956	13078744	0.0	21.4437	0.1935	0.0	0.0
SRR20750873	770564	0.0	2.7466	2.0085	0.0	0.0
SRR20184472	16623585	0.0	27.7581	0.2583	0.0	0.0
SRR31319031	4922296	0.0	5.2154	8.0576	0.0	0.0
SRR37881009	38702366	0.0	3.4885	0.9124	0.0	0.0
SRR29854845	20838672	0.1668	2.396	0.0	0.0	0.0
SRR38924905	34362211	12.7931	0.0	0.6305	0.0	0.0
SRR18856189	92708571	21.083	0.0	0.3399	0.0	0.0
SRR34169761	45232608	0.0	6.3934	0.6883	0.0	0.0
SRR2782414	177154669	0.0	13.3463	1.5571	0.0	0.0
SRR5932832	20354898	1.6594	3.7283	0.0	0.0	0.0
SRR15364421	17290486	0.0	8.9163	0.641	0.0	0.0
SRR21021649	49239778	1.7802	6.6369	3.4211	0.0	0.0
SRR34697345	21005651	7.0849	0.0	1.4957	0.0	0.0
SRR20750830	561895	0.0	3.4049	2.251	0.0	0.0
SRR38858512	36005128	1.6883	0.0	1.4661	0.0	0.0
SRR36610587	21469036	0.0	1.5045	0.4347	0.0	0.0
SRR7267079	1473264	1.3409	0.0	1.9012	0.0	0.0
SRR23912226	22799558	0.0	24.2081	0.0	0.0	0.0
SRR23576584	36926869	3.6725	0.0	3.391	0.0	0.0
SRR35697312	30975279	0.0	89.5694	0.4454	0.0	0.0
SRR38222671	21754569	0.0	6.2419	1.6161	0.0	0.0
SRR28351058	21974275	0.3611	1.0629	0.0	0.0	0.0
SRR22973884	35371204	6.4861	0.0	1.3518	0.0	0.0
SRR29826780	30926906	53.0628	0.0	4.0264	0.0	0.0
SRR27323247	1423812	0.0	14.105	3.9889	0.0	0.0
SRR31134502	39290071	1.7698	0.0	0.6448	0.0	0.0
ERR2695981	6321528	0.0	74.4257	1.3781	0.0	0.0
SRR22572297	18549567	0.0	5.4968	0.786	0.0	0.0
SRR13951264	25941318	0.0	1.5427	0.0	0.0	0.0
SRR36015655	27843239	0.0	32.937	0.646	0.0	0.0
SRR12160897	24539344	0.0	30.2013	0.2322	0.0	0.0
SRR24125320	21973823	0.0	1.6915	2.1044	0.0	0.0
DRR897993	17470896	0.0	14.8957	0.1569	0.0	0.0
ERR3627222	73033506	0.1021	0.0	2.9388	26.6413	0.0
SRR7267063	2131408	2.8805	0.0	0.0	0.0	0.0
SRR7267221	4134794	1.4126	0.0	0.4099	0.0	0.0
SRR8457056	29425974	0.0	6.6903	0.1096	0.0	0.0
SRR8078937	32768447	1.6688	0.0	0.0	0.0	0.0
SRR33516357	28286996	0.0	4.4911	0.0	0.0	0.0
SRR17456162	23081103	0.0	13.6266	2.0483	0.0	0.0
SRR24116281	23703072	19.1612	2.0716	0.1755	0.0	0.0
SRR865992	8363799	0.0	1.5311	0.0	0.0	0.0
SRR24115766	47705410	0.0	2.0591	0.6273	0.0	0.0
SRR28979108	32153718	1.3639	0.0	1.039	9.5578	0.0
SRR21021678	29530684	0.0	2.5344	3.2338	0.0	0.0
SRR35605565	15401309	0.2082	2.7896	0.0	0.0	0.0
SRR11459029	35282750	0.0	6.4474	0.7436	0.0	0.0
SRR7267357	1764799	1.9327	0.0	0.0	0.0	0.0
SRR20217862	27944558	0.0	3.2321	1.0436	0.0	0.0
SRR20705598	31309769	0.0	80.3107	0.2445	0.0	0.0
SRR10053819	28731233	1.2256	0.0	0.0	0.0	0.0
SRR20114992	23099209	0.0	1.8565	0.2723	0.0	0.0
SRR27323323	5219649	0.0	58.1052	10.4717	0.0	0.0
DRR1023287	21701966	0.0	0.0	3.3294	0.0	0.0
SRR12054312	30831838	4.5358	0.0	0.2825	0.0	0.0
SRR7264989	1030043	3.2112	0.0	3.1776	0.0	0.0
SRR26214567	32757112	5.6698	0.0	0.2393	0.0	0.0
ERR15368192	80923341	0.0	4.0829	0.5655	0.0	0.0
SRR11809787	32393014	0.0	21.6708	2.7784	0.0	0.0
SRR29362594	21908684	1.3528	0.0	0.9959	0.0	0.0
SRR7267359	1234858	2.9551	0.0	0.0	0.0	0.0
SRR13951263	22749344	0.0	8.1712	0.0	0.0	0.0
SRR16301678	22104844	0.0	1.0877	3.6171	0.0	0.0
SRR16382582	22603987	0.6819	4.1705	0.0	0.0	0.0
SRR20750936	1351553	0.0	2.9047	1.6659	0.0	0.0
SRR13862666	33771269	0.0	2.1298	1.8308	0.0	0.0
SRR32832184	22483876	0.0	7.2669	1.3963	0.0	0.0
SRR3383776	11738380	1.4147	0.0	0.0	0.0	0.0
DRR828905	24400003	0.0	0.0	0.2404	5.8393	0.0
SRR3672963	33868947	0.0	2.0909	0.0	0.0	0.0
SRR19698126	21705663	0.0	0.0	2.4498	0.0	0.0
SRR7264867	947133	2.3759	0.0	0.6248	0.0	0.0
SRR13566503	21955344	0.0	2.8472	0.2125	0.0	0.0
SRR32920598	20980083	42.5853	0.0	0.5445	0.0	0.0
DRR499814	31030080	0.0	2.7652	12.0845	0.0	0.0
SRR5560657	27481500	0.0	1.0179	0.0	0.0	0.0
SRR10150163	21645036	0.0	1.2119	0.1304	0.0	0.0
SRR32132958	27506493	1.8155	0.0	0.3784	0.0	0.0
SRR3162034	20008844	0.0	1.5612	0.0	0.0	0.0
SRR9134303	27466189	0.0	2.0676	2.2293	0.0	0.0
SRR34355010	21907191	0.0	22.3795	0.7709	0.0	0.0
SRR31419600	35960369	9.946	0.0	6.7741	0.0	0.0
SRR29362636	21645883	1.8819	0.0	1.4527	0.0	0.0
SRR13341790	23787170	0.0	5.7189	0.4581	0.0	0.0
SRR19543979	22887604	0.0	2.7484	0.254	0.0	0.0
SRR35737669	24328468	0.0	2.5194	0.0	0.0	0.0
SRR35228100	24875957	0.0	2.9001	2.4218	0.0	0.0
ERR11650711	3922774	0.4613	4.6802	1.1373	0.0	0.0
SRR11614320	34459690	0.0	2.6975	0.4695	0.0	0.0
SRR31745002	27756809	0.0	6.5239	0.6788	0.0	0.0
SRR27297806	3675391	0.0	6.1033	0.7316	0.0	0.0
SRR26955058	23498027	0.0	2.0541	1.7514	0.0	0.0
ERR10926639	82810504	1.4716	0.0	0.1988	0.0	0.0
SRR36292498	33018834	4.1623	0.0	5.7607	0.0	0.0
SRR17408154	5748098	2.5768	33.8411	14.7051	0.0	0.0
SRR36910225	37120566	2.4769	1.7425	4.6678	0.0	0.0
SRR30495755	25502564	6.0283	0.0	5.5058	0.0	0.0
SRR31319069	275672	0.0	5.5174	0.7396	0.0	0.0
SRR27322888	2928333	0.0	30.9601	2.6226	0.0	0.0
SRR3498315	12962476	2.017	0.2101	0.0	0.0	0.0
SRR10198781	41245998	0.0	0.0	3.1361	0.0	0.0
SRR20750860	368485	0.0	1.5835	3.3681	0.0	0.0
SRR17316611	9469444	0.0	1.606	2.2032	0.0	0.0
SRR8586373	50961648	0.0	1.1221	0.0	0.0	0.0
SRR25046355	26797607	10.1565	0.0	1.5944	0.0	0.0
SRR3314668	10154256	0.0	19.347	0.0	0.0	0.0
SRR15141031	5206732	16.2621	0.0	1.7223	0.0	0.0
SRR11128228	23107634	2.4362	0.0	0.9017	0.0	0.0
SRR14674002	13547176	1.5549	0.0	1.2684	0.0	0.0
SRR17074236	35558527	0.0	4.0208	0.2669	0.0	0.0
SRR6398496	1011146	0.0	4.2831	1.827	0.0	0.0
SRR38194324	19833668	88.0337	0.0	0.2018	0.0	0.0
ERR15399351	59017130	0.0	0.0	2.7769	0.0	0.0
SRR2096839	10599909	1.6444	0.0	0.1084	0.0	0.0
SRR9586833	36356210	0.0	29.6264	0.0	0.0	0.0
SRR36790403	24219752	0.0	7.8371	1.4685	0.0	0.0
SRR7267064	2235446	1.1682	0.0	0.0	0.0	0.0
DRR879119	330212226	0.0	16.7855	0.8416	0.0	0.0
SRR27371171	18863408	0.0	2.3865	0.5283	0.0	0.0
SRR36993193	23106567	0.0	0.0	0.935	8.5454	0.0
SRR27373717	46754950	0.0	12.4394	1.5492	0.0	0.0
SRR21021745	30351713	0.408	2.135	2.5273	0.0	0.0
SRR25998745	45370543	5.6984	0.0	1.4257	0.0	0.0
SRR30125668	27041914	0.0	86.0743	0.3774	0.0	0.0
SRR36134802	5925997	6.4164	0.0	1.902	0.0	0.0
SRR28743721	20047617	22.121	1.2963	1.4401	0.0	0.0
SRR14270268	22168967	0.0	6.2502	0.1038	0.0	0.0
SRR12747895	34664887	0.0	2.6179	1.0045	0.0	0.0
SRR31319016	5861700	0.0	6.6115	6.551	0.0	0.0
SRR23635641	38282809	8.3715	0.0	7.5148	0.1054	0.0
SRR10448349	588347	0.3304	79.7213	2.2414	0.0	0.0
SRR12998708	51548448	1.8632	0.0	1.2426	0.0	0.0
SRR17272038	21492171	0.0	7.7021	1.6697	0.0	0.0
SRR7266009	1244480	14.4763	0.0	0.1289	0.0	0.0
SRR36790437	24628815	0.0	12.9335	0.3238	0.0	0.0
SRR35900965	21511642	7.9779	0.0	0.6335	0.0	0.0
SRR13664515	16467778	0.0	2.6073	0.1353	0.0	0.0
SRR10148785	10802051	0.0	5.5999	1.5414	0.0	0.0
SRR10148786	11385545	0.0	5.6099	1.5368	0.0	0.0
SRR10148787	10691002	0.0	5.6143	1.5382	0.0	0.0
SRR16480644	33197305	0.0	27.0445	4.2825	0.0	0.0
SRR31134503	36730436	1.6628	0.0	1.0432	0.0	0.0
SRR27323327	1873777	0.0	6.1841	1.5593	0.0	0.0
SRR35559018	45829625	4.6869	0.0	0.3833	0.0	0.0
SRR7266094	1582327	2.1001	0.0	0.0	0.0	0.0
SRR8984413	28405735	0.1007	1.1748	0.0	0.0	0.0
SRR12624280	2367121	1.9785	0.0	0.261	0.0	0.0
SRR12624281	4187653	1.8342	0.0	0.2645	0.0	0.0
SRR30012820	25288214	87.7283	0.0	0.4577	0.0	0.0
ERR5489953	24890046	0.0	0.0	2.0021	0.0	0.0
SRR12532027	22160135	0.0	4.7788	0.1162	0.0	0.0
SRR17456114	31212149	0.0	2.8534	4.4176	0.0	0.0
SRR7264848	1392152	2.6274	0.0	0.0	0.0	0.0
SRR7644350	18632141	26.6355	0.0	0.1027	0.0	0.0
SRR38441802	19624860	0.0	2.0535	0.2522	0.0	0.0
SRR7267032	196065	4.7938	0.0	5.185	0.0	0.0
ERR13765098	12951098	0.0	21.7437	0.1636	0.0	0.0
SRR17070006	27293329	0.0	5.3677	0.2785	0.0	0.0
SRR24956568	8888246	0.0	0.0	15.9611	0.0	0.0
ERR3627224	72915437	0.0	0.0	2.0001	13.7951	0.0
SRR32389827	45460773	0.0	4.377	0.1548	0.0	0.0
SRR7264817	2274970	10.4819	0.0	2.5295	0.0	0.0
SRR23758650	22557547	0.0	0.0	0.1418	3.7872	0.0
SRR25960473	28965694	0.0	1.8137	1.0139	0.0	0.0
SRR31477329	22596037	0.0	1.2548	0.9412	0.0	0.0
SRR7644274	32733426	4.9295	0.0	0.1943	0.0	0.0
SRR27371165	22023113	0.0	1.9071	0.2219	0.0	0.0
SRR33846325	22778060	3.9589	0.0	0.5099	0.0	0.0
ERR13610552	59382241	3.6187	0.0	0.1962	0.0	0.0
SRR12835400	66481575	0.0	3.0122	7.0466	0.0	0.0
SRR30068638	46472009	0.0	4.7518	2.5632	0.0	0.0
SRR36367286	39289729	6.3245	0.0	6.7945	0.0	0.0
SRR11573116	21272242	0.0	5.0233	1.8066	0.0	0.0
SRR9593742	24140605	0.0	16.3442	0.3681	0.0	0.0
SRR5878424	13344245	0.7282	2.7745	0.0	0.0	0.0
SRR14546125	2010941	0.2141	1.5893	7.343	0.0	0.0
SRR14614688	20635062	0.0	1.3224	0.2941	0.0	0.0
SRR34326224	39703628	0.1144	8.8156	0.1218	0.0	0.0
SRR17916383	15213095	24.1738	0.0	0.5007	0.0	0.0
SRR31011028	24144114	81.1231	0.0	0.8293	0.0	0.0
SRR34326264	8510141	0.0	3.5404	0.0	0.0	0.0
SRR36367282	28870761	5.7038	0.0	6.2405	0.0	0.0
SRR17296967	22107866	24.9177	0.0	1.4503	0.0	0.0
SRR13084383	25590181	0.1523	0.0	0.2945	24.2134	0.0
SRR25522870	43794971	0.0	0.0	2.6662	0.0	0.0
SRR3658864	22663721	0.0	1.744	0.2767	0.0	0.0
SRR7264766	1595466	1.271	0.0	0.0	0.0	0.0
SRR10189427	23410822	66.2087	0.0	0.4665	0.0	0.0
DRR897987	14660856	0.0	20.2289	0.1614	0.0	0.0
SRR39011501	46209434	0.0	0.0	2.7237	0.0	0.0
SRR25254683	24092265	0.0	1.6262	0.6391	0.0	0.0
SRR27849820	21002039	0.0	2.114	0.5229	0.0	0.0
SRR35533163	27162335	0.0	1.911	0.2539	0.0	0.0
SRR36718806	66128395	0.7431	60.0444	2.1387	0.0	0.0
DRR207950	8786254	0.0	0.0	0.6566	3.511	0.0
SRR7266217	2038328	2.0161	0.0	0.0	0.0	0.0
SRR36993195	21574751	0.0	0.0	0.7316	2.765	0.0
SRR12054295	31199247	11.1866	0.0	0.2573	0.0	0.0
SRR12160915	28881144	0.0	11.0157	0.4784	0.0	0.0
SRR7159498	22485557	30.373	0.0	0.0	0.0	0.0
SRR37724341	36094145	1.2416	0.0	0.5632	0.0	0.0
SRR31550946	29499310	0.0	0.0	3.251	0.0	0.0
SRR7267280	1376946	4.1909	0.0	0.0	0.0	0.0
SRR24764145	4166535	8.7278	0.0	0.7268	0.0	0.0
SRR30310356	23172975	0.0	32.3981	0.1983	0.0	0.0
SRR21021609	36182120	0.0	5.3467	3.2514	0.0	0.0
SRR23628297	42390370	0.0	1.7048	0.0	0.0	0.0
SRR28797230	25519477	0.0	9.6125	0.3539	0.0	0.0
SRR29384966	36320229	1.4629	0.0	1.1772	0.0	0.0
DRR784949	24672225	0.0	3.4119	0.3604	0.0	0.0
SRR7266062	1945280	1.7276	0.0	0.1184	0.0	0.0
SRR32962220	54335186	28.269	0.0	0.109	0.0	0.0
SRR20750861	493987	0.0	4.1363	2.5175	0.0	0.0
SRR39574503	23072709	0.0	2.5976	0.0	0.0	0.0
SRR16925039	25939579	0.0	32.3843	0.0	0.0	0.0
SRR35013253	5434955	0.0	4.9583	1.7384	0.0	0.0
SRR10150168	23376404	0.0	1.7552	0.1548	0.0	0.0
SRR13375944	45011563	0.1739	1.2964	2.2066	0.0	0.0
SRR32959945	21680164	13.15	0.0	0.7189	0.0	0.0
SRR36352690	27176717	0.0	3.1371	0.1911	0.0	0.0
SRR20722399	24471033	8.3564	0.0	0.0	0.0	0.0
SRR25422562	45699160	0.0	94.3478	0.0	0.0	0.0
ERR14835951	33235702	53.3634	0.0	2.1311	0.0	0.0
SRR25424108	25311539	5.6371	0.0	1.4522	0.0	0.0
SRR20750998	502799	0.0	2.886	2.3312	0.0	0.0
SRR26193209	11705477	0.0	7.1727	6.3588	0.0	0.0
SRR7267283	969105	3.768	0.0	0.0	0.0	0.0
SRR16611328	28498961	59.1243	0.0	0.2718	0.0	0.0
SRR10257319	30409110	0.0	1.6227	0.1382	0.0	0.0
SRR18394850	32292011	0.0	0.0	13.4373	0.0	0.0
SRR20438166	136880183	1.1597	0.0	1.9457	0.0	0.0
SRR9937176	37452770	0.0	26.0086	0.0	0.0	0.0
SRR24956513	17761768	0.0	0.0	27.3643	0.0	0.0
SRR32514830	21080689	0.0	6.1767	0.5045	0.0	0.0
SRR32806009	27258078	1.2528	0.0	0.7125	0.0	0.0
ERR12268587	21180095	0.0	1.3828	2.1264	0.0	0.0
SRR31187774	31443715	0.0	1.8056	0.261	0.0	0.0
SRR27323257	5459830	0.0	2.1172	2.6596	0.0	0.0
SRR6195043	117393715	0.0	2.5604	3.3797	0.0	0.0
ERR3891529	31072530	0.0	40.2394	1.0843	0.0	0.0
SRR21197590	23994274	0.0	1.5294	0.804	0.0	0.0
DRR871555	22556694	0.0	4.6357	0.1436	0.0	0.0
SRR7266141	10530283	3.4874	0.0	0.0	0.0	0.0
ERR11650682	3621976	0.0	18.3227	0.4317	0.0	0.0
DRR623329	7179202	5.1787	0.0	5.1872	0.0	0.0
SRR29289948	29254517	0.0	29.1176	1.1235	0.0	0.0
SRR28479737	28024500	0.1974	1.5705	0.7809	0.0	0.0
SRR8053119	237330324	0.0	43.8122	1.006	0.0	0.0
SRR32702876	21874255	0.0	26.1413	0.6607	0.0	0.0
SRR23221812	21186811	0.0	4.1901	1.4452	0.0	0.0
SRR5878423	11314242	0.0	45.9733	0.0	0.0	0.0
SRR10223982	23908287	0.0	2.2902	0.7551	0.0	0.0
SRR7266314	1250185	1.1995	0.0	0.0	0.0	0.0
SRR31611563	44740091	9.6338	0.0	0.4856	0.0	0.0
SRR19213914	5014436	0.0	5.0393	0.287	0.0	0.0
SRR28144680	19667725	0.0	0.0	2.325	0.0	0.0
SRR7265062	1225575	1.5682	0.0	0.2334	0.0	0.0
SRR7267105	164710	3.5323	0.0	7.9509	0.0	0.0
SRR33516255	23326694	0.0	11.1052	0.1777	0.0	0.0
SRR8984112	41699689	46.3313	0.0	4.666	0.0	0.0
ERR14835927	30875858	43.5272	0.0	2.239	0.0	0.0
SRR22122951	33189074	49.8481	0.0	0.8511	0.0	0.0
DRR852591	23587805	0.0	3.0747	0.3665	0.0	0.0
SRR15571112	44206336	20.9191	0.0	0.0	0.0	0.0
SRR1582090	4470340	34.8245	0.0	0.0	0.0	0.0
SRR1582091	6831490	18.9216	0.0	0.0	0.0	0.0
SRR15610891	65951363	0.0	0.0	0.2101	1.4989	0.0
SRR32395601	22810585	0.0	2.441	0.0	0.0	0.0
SRR11773437	34806109	0.0	4.4725	0.3886	0.0	0.0
SRR19213874	4905641	0.0	4.2356	0.3249	0.0	0.0
SRR15141435	4078025	1.9518	0.0	2.1838	0.0	0.0
SRR28208944	26313913	0.0	2.2056	0.3515	0.0	0.0
SRR22958475	7580028	0.0	3.0846	0.7374	0.0	0.0
SRR37570560	72131307	2.3445	0.0	0.2288	13.3361	0.0
SRR36610579	22871943	5.2543	0.6012	0.3018	0.0	0.0
ERR754062	30231191	0.0	65.7386	0.4751	0.0	0.0
ERR17279803	850025	0.0	55.2541	1.2188	0.0	0.0
SRR14614675	16556014	0.1259	4.9443	0.3251	0.0	0.0
SRR34326374	22902706	0.1709	1.506	0.0	0.0	0.0
SRR10148817	8549155	0.0	7.6756	0.2201	0.0	0.0
SRR10148818	9052084	0.0	7.6813	0.2205	0.0	0.0
SRR10148819	8596214	0.0	7.6948	0.2203	0.0	0.0
SRR8080632	22550803	0.0	21.121	0.0	0.0	0.0
DRR1035611	21801681	0.0	0.0	6.8132	0.0	0.0
SRR30498993	22432800	3.5169	0.0	6.215	0.0	0.0
SRR8984415	30418132	0.0	3.7096	0.0	0.0	0.0
SRR18944191	39679542	0.208	0.0	12.1414	0.0	0.0
SRR6169934	34013206	0.0	1.5355	0.6216	0.0	0.0
SRR20438162	44040635	1.054	0.0	1.1772	0.0	0.0
SRR28224688	21479404	0.0	18.1341	3.4788	0.0	0.0
SRR11570130	27146626	0.0	9.9498	2.1447	0.0	0.0
SRR12207820	24012774	0.0	2.0201	0.1355	0.0	0.0
SRR29384862	38833980	1.6917	0.0	2.2805	0.0	0.0
SRR4042031	38589065	2.502	0.0	0.8068	0.0	0.0
SRR35262457	40052702	3.7068	0.0	0.2222	0.0	0.0
SRR7507993	3940338	0.0	3.2969	0.1108	0.0	0.0
SRR11495931	109848532	7.0855	0.0	0.2243	0.0	0.0
SRR9001737	26578192	7.4554	0.0	0.2918	0.0	0.0
SRR20997983	19834160	0.0	10.0594	0.4401	0.0	0.0
SRR25609655	22042119	59.7531	0.0	0.3279	0.0	0.0
SRR5871159	38214494	25.268	0.0	0.327	0.0	0.0
SRR10148774	13396282	0.0	1.8349	2.7024	0.0	0.0
SRR10148773	12803430	0.0	1.8286	2.6879	0.0	0.0
SRR10148775	12634213	0.0	1.8305	2.6852	0.0	0.0
SRR23912207	22439462	0.0	2.7825	0.5031	0.0	0.0
SRR36606542	23418027	1.0741	3.8167	0.6832	0.0	0.0
SRR28975617	3037955	2.6686	0.0	1.0381	0.0	0.0
SRR8286651	22003535	3.0933	0.0	0.0	0.0	0.0
SRR26860159	30565709	69.0949	0.0	0.0	0.0	0.0
SRR29048299	19812775	0.0	7.4258	1.4449	0.0	0.0
SRR37491908	18743376	4.0819	0.3866	5.3558	0.0	0.0
ERR3627227	77472046	0.0	0.0	4.1942	5.2917	0.0
SRR25233156	24071152	0.0	2.4862	0.0	0.0	0.0
ERR10691735	6059792	0.0	3.7072	3.2257	0.0	0.0
SRR12214156	22368446	0.0	3.2735	0.2713	0.0	0.0
SRR8775182	40112035	0.0	3.6816	0.1022	0.0	0.0
SRR25422566	42165863	0.0	88.2064	0.1335	0.0	0.0
ERR3891489	969104	0.0	6.7757	0.7777	0.0	0.0
SRR14880494	93603092	5.8598	0.0	0.3709	0.0	0.0
SRR8138708	32937344	0.0	11.6241	0.1173	0.0	0.0
SRR11566012	2041508	0.0	1.7807	0.0	0.0	0.0
SRR29352953	31405800	0.0	3.6464	1.2868	0.0	0.0
SRR8309960	20956087	3.3915	0.0	0.423	0.0	0.0
SRR21354832	986926	0.0	24.496	1.913	0.0	0.0
SRR30125674	24420553	0.0	79.8687	0.3737	0.0	0.0
SRR21847012	19331445	0.0	4.6537	0.2297	0.0	0.0
SRR19213897	3480719	0.0	5.0858	0.3212	0.0	0.0
SRR29554243	26127285	5.5635	0.0	3.0663	0.0	0.0
SRR17316613	9346621	0.0	1.6228	2.1879	0.0	0.0
DRR299542	25884249	0.0	3.4038	5.6967	0.0	0.0
DRR1003332	23779694	0.1038	1.0725	0.5885	0.0	0.0
ERR13230667	5118157	0.0	0.0	21.1191	0.0	0.0
SRR32217499	24412711	0.0	2.5341	0.1258	0.0	0.0
SRR23095529	42829644	0.0	20.4809	0.4222	0.0	0.0
SRR19213859	4481524	0.0	4.4564	0.4745	0.0	0.0
SRR36642813	23854116	0.0	0.0	1.4401	0.0	0.0
SRR38890933	33067069	1.6487	5.4443	0.3661	0.1752	0.0
SRR1170971	26713265	0.0	11.1822	0.0	0.0	0.0
SRR8418311	1464251	1.9544	0.0	1.0234	0.0	0.0
SRR15141135	3237434	2.342	0.0	1.695	0.0	0.0
SRR12054309	32406414	3.8847	0.0	0.6518	0.0	0.0
SRR7266303	1100060	1.3187	0.0	0.0	0.0	0.0
SRR15683819	33105687	0.0	1.2349	0.72	0.0	0.0
SRR20750960	474285	0.0	1.8862	1.9613	0.0	0.0
SRR22351699	21246677	0.0	17.6899	0.3488	0.0	0.0
SRR34265007	31647439	1.2121	0.0	1.1922	0.0	0.0
ERR13147883	21327978	1.5283	2.5576	0.1161	0.0	0.0
ERR13147881	20169422	1.5385	2.5448	0.0	0.0	0.0
ERR13147882	21435786	1.5245	2.563	0.0	0.0	0.0
SRR30125675	24629016	0.0	82.1331	0.4487	0.0	0.0
SRR33516345	24601514	0.0	1.8724	0.0	0.0	0.0
ERR14043238	21105580	0.0	2.4413	0.2143	0.0	0.0
SRR12615936	9879973	0.0	1.0798	1.4223	0.0	0.0
SRR27331903	2996574	0.0	8.7379	1.0488	0.0	0.0
SRR27749211	23530550	9.0099	0.0	1.0675	0.0	0.0
SRR14270275	21388883	0.0	4.8463	0.164	0.0	0.0
SRR12904742	27321060	0.0	19.2689	0.4532	0.0	0.0
SRR29011891	27518799	0.0	3.319	0.0	0.0	0.0
DRR736962	22380500	0.0	1.7689	0.0	0.0	0.0
SRR31538831	21863403	11.3838	0.0	0.0	0.0	0.0
SRR12546094	10254853	0.0	14.8461	0.0	0.0	0.0
ERR11783893	55026226	20.9539	0.0	3.7769	0.0	0.0
SRR11521314	615602	0.0	3.9938	2.6462	0.0	0.0
SRR11814902	30646834	0.7238	8.0501	0.1763	0.0	0.0
SRR20728022	34962203	0.0	14.694	0.0	0.0	0.0
SRR32993918	21322217	1.5995	10.4816	0.8673	0.0	0.0
SRR27331697	5719337	0.0	35.7441	0.7321	0.0	0.0
SRR20722401	22890670	8.2125	0.0	0.0	0.0	0.0
SRR32805987	48042537	3.0071	0.0	2.3238	0.0	0.0
SRR16929563	26696276	0.0	2.453	0.0	0.0	0.0
SRR1793826	28777687	1.4583	0.0	0.0	0.0	0.0
ERR17279804	1265842	0.0	25.3816	5.9752	0.0	0.0
SRR17074234	37207522	0.0	3.8431	0.2012	0.0	0.0
SRR38914095	23032304	0.163	2.6008	3.8038	0.0	0.0
SRR2814814	100522018	0.0	11.8228	0.1673	0.0	0.0
SRR12160889	26907426	0.0	5.6957	0.2491	0.0	0.0
SRR23261103	8364411	0.0	0.0	19.5075	0.0	0.0
SRR23261104	8430386	0.0	0.0	19.8781	0.0	0.0
SRR6398497	713698	0.0	77.2031	1.4894	0.0	0.0
SRR8309932	36612739	1.8321	0.0	0.2803	0.0	0.0
SRR17955997	19433545	10.1702	0.0	1.4056	0.0	0.0
SRR14697014	23946661	0.0	5.1386	0.117	0.0	0.0
SRR10320796	145710142	0.0	8.3702	0.0	0.0	0.0
SRR19435295	23412702	0.0	14.4341	0.6825	0.0	0.0
DRR205044	20057041	0.1498	1.0151	1.0494	0.0	0.0
SRR23081236	21702482	0.0	1.3383	0.4568	0.0	0.0
SRR17069487	45760293	0.0	5.4925	0.3303	0.0	0.0
SRR32959939	22441206	11.3585	0.0	0.5001	0.0	0.0
SRR17023792	108562382	14.334	0.0	0.5113	0.0	0.0
SRR34061842	31261313	0.0	4.0881	0.1215	0.0	0.0
SRR15058260	78887549	0.0	3.6104	3.1025	0.0	0.0
DRR782990	24255204	17.0694	0.6779	0.5561	0.0	0.0
SRR21928651	34613471	7.4585	0.0	1.0325	0.0	0.0
SRR29289966	29608685	0.0	32.5561	0.8194	0.0	0.0
SRR39793472	23728169	0.0	0.0	0.1804	7.5567	0.0
SRR16338493	45910811	0.0	3.5196	0.8787	0.0	0.0
SRR14674068	13031387	1.539	0.0	1.5207	0.0	0.0
SRR14870473	60368298	3.7568	0.0	1.7729	0.0	0.0
SRR7195171	29316751	1.5331	0.0	0.0	0.0	0.0
SRR17456129	24471307	0.0	6.5989	2.3291	0.0	0.0
SRR22973878	33147030	1.0454	0.0	6.2375	0.0	0.0
SRR27297851	1763597	0.0	3.9571	0.3004	0.0	0.0
SRR12616019	5873272	0.0	1.4112	0.7841	0.0	0.0
SRR24657658	22459251	0.0	31.722	0.4426	0.0	0.0
SRR31801804	22540233	0.0	1.2793	0.681	0.0	0.0
SRR15634090	45353406	2.9394	0.0	0.2285	0.0	0.0
SRR11947577	32401859	38.9444	0.0	1.7463	0.0	0.0
SRR928708	562862	0.0	1.6485	0.0	0.0	0.0
SRR12546079	12414664	0.0	30.2742	0.0	0.0	0.0
SRR15910644	23321980	0.0	2.6907	0.6131	0.0	0.0
SRR35893134	28508335	0.0	5.2452	1.2554	0.0	0.0
SRR17414997	3997710	0.0	4.654	1.6605	0.0	0.0
SRR26860161	35406174	67.7382	0.0	0.0	0.0	0.0
SRR6667325	19708747	0.0	2.052	0.3154	0.0	0.0
SRR31806251	15675374	0.0	6.0083	7.6225	0.0	0.0
SRR34420501	23075243	0.0	0.0	0.2349	8.6042	0.0
SRR13662582	11618499	14.9159	0.0	0.0	0.0	0.0
SRR7267290	1624479	13.2003	0.0	0.2158	0.0	0.0
SRR7692640	13585874	2.5066	0.0	0.9229	0.0	0.0
SRR17456146	22349342	0.0	5.4625	3.3583	0.0	0.0
SRR32510932	18436834	0.0	1.7752	0.0	0.0	0.0
SRR20613465	23884031	0.0	2.8262	0.0	0.0	0.0
SRR32547590	23107274	0.0	63.6321	0.3593	0.0	0.0
SRR26909770	33577864	11.942	0.0	2.8681	0.0	0.0
SRR29304497	21840375	0.0	5.7073	2.3669	0.0	0.0
SRR27323293	3418801	0.0	4.3815	2.538	0.0	0.0
SRR36910230	36042448	11.1281	0.0	4.3421	0.0	0.0
ERR10886984	61402198	9.4256	0.1272	0.1446	0.0	0.0
SRR11809804	36085231	0.0	11.1153	0.265	0.0	0.0
SRR9071702	45235477	0.0	3.9251	0.0	0.0	0.0
SRR8358059	10903682	0.0	1.1496	0.0	0.0	0.0
SRR21921831	20492312	0.1056	3.6165	0.1849	0.0	0.0
SRR30202428	30519284	0.0	3.5185	0.0	0.0	0.0
SRR38272470	28846043	2.3968	2.6567	0.6916	0.0	0.0
SRR12532042	22454327	0.0	23.2914	0.0	0.0	0.0
SRR14785361	62526131	0.0	13.0131	0.2038	0.0	0.0
SRR13084397	27976004	0.0	0.0	0.719	1.0535	0.0
SRR16351751	30471475	2.9201	0.0	1.9429	0.0	0.0
SRR24019260	3170621	0.0	0.0	24.6139	0.0	0.0
SRR5387765	47370966	0.0	23.1864	0.752	0.0	0.0
SRR15560145	13844909	0.0	31.9663	0.2576	0.0	0.0
ERR13230725	4403910	0.0	0.0	18.6558	0.0	0.0
SRR18337154	1382368	16.6148	1.1839	0.5991	0.0	0.0
SRR18324631	21272842	0.1159	1.3225	3.297	0.0	0.0
SRR12624232	1962705	1.4611	0.0	0.1839	0.0	0.0
SRR12624233	4850282	1.3465	0.0	0.2202	0.0	0.0
SRR26089604	20365335	0.0	12.9239	0.8138	0.0	0.0
SRR29289941	29957770	0.0	44.0717	0.7487	0.0	0.0
SRR38739898	23186789	0.0	3.4356	1.6104	0.0	0.0
SRR37899650	28889114	0.0	7.8482	2.602	0.0	0.0
SRR26462341	20555224	0.0	10.2525	0.1111	0.0	0.0
SRR16938960	15680609	0.0	52.1716	0.9327	0.0	0.0
SRR25723177	23352482	0.0	14.5935	2.7712	0.0	0.0
SRR11785372	295751927	1.504	0.0	2.076	0.0	0.0
SRR14297428	783733489	0.0	0.0	3.2345	0.0	0.0
SRR28797175	32895637	0.0	4.6231	0.3903	0.0	0.0
SRR31047612	21607521	0.1425	1.599	0.9636	0.0	0.0
SRR31627692	50238965	7.735	0.0	0.5054	0.0	0.0
SRR19213907	4468090	0.0	3.7903	0.2295	0.0	0.0
SRR30795876	50717578	0.0	34.0806	0.526	0.0	0.0
SRR21796861	22037773	20.8439	0.0	0.5855	0.0	0.0
SRR22130836	25996473	3.4452	0.0	0.8823	0.0	0.0
SRR37717803	26983395	0.0	51.6583	0.9251	0.0	0.0
SRR12963499	21508540	0.0	1.0649	0.1767	0.0	0.0
SRR11574205	1982628	0.0	1.6278	0.4507	0.0	0.0
SRR32313465	60862621	0.0	0.0	32.4323	0.0	0.0
SRR10291751	45632904	3.7853	0.0	0.5302	0.0	0.0
SRR12616020	5846559	0.0	1.4179	0.7946	0.0	0.0
SRR9640385	28956358	0.0	4.1203	0.0	0.0	0.0
SRR7264901	3319516	3.1782	0.0	0.0	0.0	0.0
SRR6347963	30234474	0.0	0.0	3.0545	0.0	0.0
SRR16351754	23703984	4.1718	0.0	3.8179	0.0	0.0
SRR20750835	512005	0.0	2.1459	1.8275	0.0	0.0
SRR23852719	75715	0.0	60.4504	1.5334	0.0	0.0
SRR27333903	31530087	19.5571	7.3816	0.5806	0.0	0.0
SRR37630605	25863525	0.4476	2.3288	2.0782	0.0	0.0
SRR13824038	1412767	70.197	0.0	0.2706	0.0	0.0
SRR13838023	21731032	0.0	1.9519	0.0	0.0	0.0
SRR24019245	4262892	0.0	0.0	92.8773	0.0	0.0
SRR32496694	58306470	0.0	10.6661	0.3074	0.0	0.0
SRR39159320	24166632	0.0	2.296	0.1529	0.0	0.0
SRR12546086	6297490	0.0	6.5679	0.0	0.0	0.0
SRR12532048	22467426	0.0	16.5641	0.0	0.0	0.0
SRR31712430	21353280	0.0	1.1237	0.0	0.0	0.0
SRR27373714	42018908	0.0	24.5256	2.6377	0.0	0.0
SRR11431608	1109307	0.0	1.3648	1.0426	0.0	0.0
SRR35105540	28150468	8.197	0.0	0.0	0.0	0.0
SRR32953037	34951126	3.658	10.0549	0.755	0.0	0.0
SRR9680694	36947312	0.0	9.781	0.0	0.0	0.0
SRR22906546	22138294	1.8667	0.0	0.2083	0.0	0.0
SRR31538838	27726516	3.058	0.0	0.14	0.0	0.0
SRR36594198	20448340	5.4742	0.0	1.7466	0.0	0.0
SRR37385196	12933545	0.7251	26.8873	3.1277	0.0	0.0
SRR34326481	26237812	0.0	7.0756	0.0	0.0	0.0
ERR15826163	21800336	0.0	1.1237	0.0	0.0	0.0
SRR11814761	23065340	3.5427	0.0	0.1912	0.0	0.0
SRR8073880	97613620	0.0	32.3332	6.0039	0.0	0.0
SRR26617657	31353808	0.0	1.9043	0.0	0.0	0.0
SRR3157058	3686838	2.0709	0.0	0.0	0.0	0.0
SRR33516262	27314977	0.0	1.7097	0.1199	0.0	0.0
SRR9854240	22539065	0.0	3.9382	0.0	0.0	0.0
SRR17916385	15269072	27.173	0.0	1.8097	0.0	0.0
SRR22430813	42790472	0.0	1.3394	0.0	0.0	0.0
DRR784926	24339468	0.0	9.1146	0.9595	0.0	0.0
SRR7264882	1510133	1.3855	0.0	0.0	0.0	0.0
SRR9854233	22112501	0.0	3.6817	0.0	0.0	0.0
SRR17310047	8157110	0.0	0.0	3.7084	0.0	0.0
SRR17310053	7227751	0.0	0.0	3.7294	0.0	0.0
SRR17310054	7253262	0.0	0.0	3.7466	0.0	0.0
SRR24657670	23074119	0.0	23.8395	0.5024	0.0	0.0
SRR17316607	7375443	0.0	2.177	2.0447	0.0	0.0
SRR7266983	161428	2.6098	0.0	2.717	0.0	0.0
SRR5878422	13952202	0.0	33.1705	0.0	0.0	0.0
SRR20114984	19801609	0.0	4.146	0.0	0.0	0.0
SRR7267339	1091823	3.0096	0.0	0.0	0.0	0.0
ERR13765101	13156500	0.0	27.37	0.2076	0.0	0.0
ERR13147868	21496460	1.4174	1.8958	0.0	0.0	0.0
ERR13147867	20219016	1.4266	1.8845	0.0	0.0	0.0
ERR13147869	21393942	1.4118	1.8915	0.0	0.0	0.0
SRR30555152	24860329	3.0025	0.0	0.5454	0.0	0.0
SRR34169746	30938145	0.0	1.8998	1.498	0.0	0.0
SRR35637793	43541549	0.2696	0.0	2.2191	0.0	0.0
SRR10210762	13595961	0.0	10.7076	0.2294	0.0	0.0
SRR17408150	5360790	0.1617	31.9938	3.7423	0.0	0.0
SRR26931182	24908416	0.0	0.0	3.658	0.0	0.0
SRR15693789	27569566	26.42	0.0	0.0	0.0	0.0
SRR23628275	39221118	0.0	2.1794	0.0	0.0	0.0
SRR24376155	24863708	0.0	25.0477	0.9874	0.0	0.0
SRR27297763	1352781	0.0	14.1213	0.7227	0.0	0.0
SRR3734869	1002498	68.9832	0.0	0.7089	0.0	0.0
SRR7267117	1568504	6.6486	0.0	0.1033	0.0	0.0
SRR19226136	27515520	0.0	2.8932	0.153	0.0	0.0
SRR32805986	45362311	2.731	0.0	2.1896	0.0	0.0
SRR16938904	15158045	0.0	60.9008	0.7961	0.0	0.0
SRR27323433	3088850	0.0	26.1708	4.2429	0.0	0.0
SRR29893216	64612334	0.0	1.3247	0.9048	0.0	0.0
SRR7408211	49285868	4.4817	0.0	0.0	0.0	0.0
SRR7408321	21595832	0.0	3.2926	0.5548	0.0	0.0
ERR11650714	2345892	0.1078	4.6246	0.4948	0.0	0.0
SRR7402485	30997838	1.9459	0.0	0.4024	0.0	0.0
SRR17227564	22885609	0.0	4.7351	0.8052	0.0	0.0
SRR21151062	20636393	2.2346	0.0	1.4105	0.0	0.0
SRR33516278	27471302	0.0	3.8536	0.0	0.0	0.0
SRR29011734	25125405	0.0	2.6708	0.1019	0.0	0.0
SRR31895413	20232423	6.7896	0.0	0.2235	0.0	0.0
SRR35859413	35478020	0.0	19.4599	0.4805	0.0	0.0
ERR3801518	17818298	0.1149	0.0	5.3804	0.0	0.0
SRR21021838	38974470	0.0	1.579	0.8721	0.0	0.0
ERR3891525	12096642	0.0	52.9614	0.8157	0.0	0.0
SRR11570127	30138585	0.0	16.9046	2.6209	0.0	0.0
SRR15056243	25909405	0.0	5.8081	5.2069	0.0	0.0
SRR21021683	34837535	0.0	2.7832	2.4433	0.0	0.0
SRR11574243	1342763	0.0	3.4039	0.7814	0.0	0.0
SRR14527035	22240691	0.0	4.6071	0.1638	0.0	0.0
SRR35525930	30155506	0.0	3.1711	0.8501	0.0	0.0
SRR38924878	33998743	11.7288	0.0	0.6554	0.0	0.0
SRR7266045	271953	3.3833	0.0	0.6689	0.0	0.0
SRR25209539	23613112	0.0	9.5798	0.0	0.0	0.0
DRR988072	20314191	0.0	1.269	1.6471	0.0	0.0
SRR6218772	25880263	1.6851	0.0	1.4584	0.0	0.0
SRR16562489	23057346	0.0	8.3642	0.0	0.0	0.0
SRR31278119	54931195	12.9307	0.0	0.2482	0.0	0.0
DRR217273	17610462	59.633	0.0	0.2312	0.0	0.0
SRR20750834	608239	0.0	1.9885	1.8052	0.0	0.0
SRR26860154	44679035	35.8864	0.0	0.0	0.0	0.0
SRR38953533	21574109	0.0	6.1169	0.0	0.0	0.0
SRR6122531	135454781	0.0	1.4998	0.2452	0.0	0.0
SRR10210788	5265373	0.0	37.4844	0.159	0.0	0.0
SRR14870482	60734003	5.3996	0.0	2.0451	0.0	0.0
SRR24956565	17240918	0.0	0.0	22.4055	0.0	0.0
SRR10448320	2876456	19.0379	41.5674	6.1978	0.0	0.0
SRR32120536	21164077	0.0	1.2546	0.3894	0.0	0.0
SRR17916363	15636926	25.5253	0.0	2.2742	0.0	0.0
ERR10886917	55749059	6.9433	0.0	0.2467	0.0	0.0
SRR19213909	4528160	0.0	6.9171	0.13	0.0	0.0
SRR26083768	19669929	0.0	7.4616	1.1599	0.0	0.0
SRR6837850	99675354	0.0	4.1806	2.289	0.0	0.0
SRR21484396	45531902	27.6427	0.0	1.0179	0.0	0.0
SRR33023692	13877416	4.8797	0.119	3.6498	0.0	0.0
SRR37899648	23648763	0.0	9.4488	2.102	0.0	0.0
SRR27297786	1135795	0.0	5.5796	1.1306	0.0	0.0
SRR27298047	1609402	0.0	1.4344	0.6125	0.0	0.0
SRR6398537	946874	0.0	15.4942	1.6679	0.0	0.0
SRR39104645	22878284	0.0	6.8163	0.5292	0.0	0.0
ERR13821596	18360558	0.0	48.481	7.6182	0.0	0.0
SRR10448336	1190680	1.1027	72.6069	3.5562	0.0	0.0
SRR34300117	27067524	2.2768	0.0	7.8553	0.0	0.0
SRR5387763	41246789	0.0	1.4563	1.3054	0.0	0.0
SRR14233958	40835279	0.0	1.5627	2.0881	0.0	0.0
SRR21098343	20287498	2.7561	0.0	0.3066	0.0	0.0
SRR30012821	24735400	80.9928	0.0	2.737	0.0	0.0
SRR11574340	1799659	0.0	1.6405	0.3255	0.0	0.0
SRR7267027	1168876	1.5923	0.0	0.0	0.0	0.0
SRR8661639	58715512	2.0702	0.0	2.2763	0.0	0.0
SRR30031542	22304043	0.0	1.522	0.6282	0.0	0.0
SRR32389821	43440085	0.0	7.6563	0.4314	0.0	0.0
SRR33322729	30443489	5.226	0.0	3.9318	0.0	0.0
SRR19213900	4095532	0.0	3.336	0.4285	0.0	0.0
SRR12532032	22434736	0.0	3.0668	0.0	0.0	0.0
SRR29826791	28734347	29.3582	0.0	4.9564	0.0	0.0
SRR6189706	22578478	44.6489	0.2376	0.6752	0.0	0.0
SRR16480647	26618618	0.0	1.3689	3.4282	0.0	0.0
SRR38077030	39369023	33.8714	0.2029	1.2393	0.0	0.0
SRR12160885	28775491	0.0	8.038	0.1994	0.0	0.0
SRR21237704	22894073	0.0	21.9686	0.7279	0.0	0.0
SRR33323094	32284220	22.0851	0.0	1.4721	0.0	0.0
SRR23948062	28863346	0.0	28.857	6.6814	0.0	0.0
SRR26860122	32616855	41.9456	0.0	0.2317	0.0	0.0
SRR7644339	31417577	33.6979	0.0	0.0	0.0	0.0
SRR16611330	25216298	20.8567	0.0	0.2362	0.0	0.0
SRR30725448	42027263	0.0	1.3249	0.1084	0.0	0.0
ERR3452455	13555255	0.0	13.6134	0.3206	0.0	0.0
ERR3452456	13578776	0.0	13.3786	0.3102	0.0	0.0
SRR38482464	55369162	0.0	3.2932	3.8521	0.0	0.0
ERR14043231	31596613	0.0	1.3627	0.2863	0.0	0.0
SRR5420970	23490965	0.0	1.9176	0.0	0.0	0.0
SRR12357394	33145388	0.0	0.0	0.1119	16.1308	0.0
SRR12747878	41791083	0.0	5.3838	0.2974	0.0	0.0
SRR13000107	45180842	0.0	2.3506	0.0	0.0	0.0
SRR31744995	28232360	0.0	2.0662	0.7246	0.0	0.0
SRR36910237	41570231	12.9109	0.0	4.2266	0.0	0.0
SRR29606660	53696800	0.0	0.0	30.3281	0.0	0.0
SRR32993921	21026250	19.0783	7.8952	0.6369	0.0	0.0
DRR398252	34957712	0.0	0.0	18.6631	0.0	0.0
SRR22540860	21586501	18.0235	0.0	0.1649	0.0	0.0
SRR38890925	33278318	0.0	7.5743	0.0	0.0	0.0
SRR23758648	25990070	0.0	0.0	0.1611	3.6382	0.0
SRR15559010	11583964	0.0	2.379	0.7384	0.0	0.0
SRR13355207	34491767	6.4375	0.0	2.0069	0.0	0.0
SRR20750977	614155	0.0	1.6983	1.744	0.0	0.0
SRR39011502	54218564	0.0	0.0	2.868	0.0	0.0
SRR3371866	12473592	0.0	16.148	0.0	0.0	0.0
SRR10291757	48194152	3.005	0.0	0.4612	0.0	0.0
SRR18298166	12612373	0.0	2.9072	1.0424	0.0	0.0
SRR12103246	179	0.0	11.1732	0.0	0.0	0.0
SRR7000850	6957092	6.857	0.0	0.0	0.0	0.0
SRR2082813	22832880	0.0	1.7049	0.0	0.0	0.0
SRR16938934	18622607	0.0	76.4121	0.2421	0.0	0.0
SRR15538937	9137682	2.6753	7.9131	9.2024	0.0	0.0
SRR29271572	16056848	0.0	2.0754	0.2812	0.0	0.0
SRR39159315	26294942	0.0	4.6993	0.1495	0.0	0.0
SRR35247860	26117103	0.0	2.67	0.4785	0.0	0.0
SRR5133182	22281829	0.0	1.4269	0.1419	0.0	0.0
SRR19698123	22237677	0.0	0.0	12.9098	0.0	0.0
SRR27604501	28233923	0.0	4.3878	0.5588	0.0	0.0
SRR13566511	20395113	0.0	3.8336	0.0	0.0	0.0
SRR39368700	21599656	0.0	4.9673	8.583	0.0	0.0
ERR9009541	664037	0.0	0.0	2.5188	0.0	0.0
SRR10802189	20602493	16.1292	0.0	0.5767	0.0	0.0
SRR13069781	27481666	0.0	2.1691	1.6964	0.0	0.0
SRR21237700	22556431	0.1131	5.9294	0.5853	0.0	0.0
SRR33099177	25558802	0.0	3.9108	1.2497	0.0	0.0
SRR10135087	12116983	0.0	1.8704	0.1812	0.0	0.0
SRR10161840	24502258	40.2974	0.0	0.1297	0.0	0.0
SRR13069780	26509075	0.0	4.6787	1.2769	0.0	0.0
SRR20114985	20674373	0.0	4.8007	0.0	0.0	0.0
SRR20750969	626997	0.0	2.931	2.7235	0.0	0.0
SRR30498994	22253417	3.5556	0.0	5.7747	0.0	0.0
ERR2695988	7851658	0.0	64.0224	3.2558	0.0	0.0
SRR16474534	27340056	13.8587	0.0	2.1135	0.0	0.0
SRR25254366	27493552	0.0	1.5492	0.4404	0.0	0.0
SRR10225154	60840032	13.248	0.0	4.884	0.0	0.0
SRR34061846	34368127	0.0	6.9072	0.1564	0.0	0.0
SRR28736445	28293637	2.7537	0.0	0.6107	0.0	0.0
SRR6215497	110002323	22.4403	0.0	2.6719	0.0	0.0
SRR36498564	22305996	0.0	18.6899	0.9371	0.0	0.0
SRR27903352	20780902	0.0	2.3869	0.3665	0.0	0.0
SRR29444131	21774701	0.0	4.4346	0.1954	0.0	0.0
SRR6398533	780106	0.0	45.7798	1.8946	0.0	0.0
SRR13568475	24794501	2.075	0.0	0.5261	0.0	0.0
ERR15296987	20624077	0.0	1.4897	0.0	0.0	0.0
SRR5856936	42660525	3.1175	0.0	0.4715	0.0	0.0
SRR20750888	1194705	0.0	6.4896	2.0473	0.0	0.0
SRR21021692	37540406	0.0	1.1832	0.613	0.0	0.0
SRR7267142	1681596	2.1432	0.0	0.8563	0.0	0.0
SRR28797252	38390487	0.0	5.5919	0.2822	0.0	0.0
SRR34326381	31256373	0.0	9.2478	0.1745	0.0	0.0
ERR2275061	17098401	13.5435	0.0	0.4309	0.0	0.0
SRR24956590	18825261	0.0	0.0	13.5468	0.0	0.0
SRR37513067	42106434	5.9443	0.0	0.1341	0.0	0.0
SRR30555147	21817487	3.4898	0.0	0.5928	0.0	0.0
SRR17621052	17800448	0.0	10.9785	0.0	0.0	0.0
ERR17279801	1349055	0.0	2.1857	1.6894	0.0	0.0
SRR31323391	24526404	0.0	56.5157	0.1842	0.0	0.0
SRR36516376	71537320	0.0	5.5987	2.1298	0.0	0.0
SRR11574343	1283056	0.0	1.2813	0.2958	0.0	0.0
SRR37630602	22595379	0.1767	3.2608	1.3556	0.0	0.0
SRR10317698	23201050	1.6852	0.0	0.9272	0.0	0.0
SRR7264771	4388590	1.9174	0.0	6.9627	0.0	0.0
SRR3117564	94205351	5.3079	0.0	6.1002	0.0	0.0
SRR30421783	26124443	93.9586	0.0	0.1107	0.0	0.0
SRR36467002	22809487	0.0	14.7395	0.9521	0.0	0.0
SRR18083502	2012184	16.5618	6.9211	7.6235	0.0	0.0
SRR25233151	22317688	0.0	5.5187	0.0	0.0	0.0
SRR10148724	12138211	0.0	6.4871	0.266	0.0	0.0
SRR5942522	18060651	1.0077	1.4405	4.9898	0.0	0.0
SRR24956674	9788766	0.0	0.0	10.2387	0.0	0.0
SRR30570086	62205144	49.4538	4.7411	0.3205	0.0	0.0
SRR3734871	625291	59.9121	0.0	0.822	0.0	0.0
SRR12073958	29625016	0.1448	9.2995	1.1769	0.0	0.0
SRR17916447	21470326	24.0123	0.0	0.2038	0.0	0.0
SRR10148725	13305254	0.0	6.4966	0.2809	0.0	0.0
SRR22975696	34603573	8.452	0.0	0.8614	0.0	0.0
SRR26387394	1698523	2.86	0.0	5.3027	0.0	0.0
SRR31639292	22236418	6.1893	0.0	0.3177	0.0	0.0
SRR26865886	24298728	0.0	1.8202	0.1497	0.0	0.0
SRR3371859	8647289	0.0	24.5071	0.0	0.0	0.0
SRR35303532	33755830	0.7395	1.9314	1.0293	0.0	0.0
SRR25522730	44583225	0.0	0.0	2.7823	0.0	0.0
SRR35559027	44509655	6.4225	0.0	0.3227	0.0	0.0
SRR37325398	60073372	1.608	0.0	0.4542	0.0	0.0
SRR30815629	21655603	0.0	2.0417	4.6553	0.0	0.0
SRR7299936	10638743	0.0	3.0277	0.0	0.0	0.0
SRR20115016	29461450	0.0	5.0979	0.1167	0.0	0.0
SRR25422567	41995844	0.0	88.2338	0.1302	0.0	0.0
SRR30852797	23937501	0.0	9.1916	0.0	0.0	0.0
SRR29384893	36320538	1.8762	0.0	0.6623	0.0	0.0
SRR34326310	5599200	0.0	2.1685	0.2435	0.0	0.0
SRR7507927	5231046	0.0	1.4364	0.0	0.0	0.0
SRR25662794	34898828	8.5737	0.0	2.5316	0.0	0.0
SRR6039728	39914331	2.1539	0.0	0.2579	0.0	0.0
SRR6039729	31660773	2.1524	0.0	0.2607	0.0	0.0
SRR15141241	3139976	2.7125	0.0	2.7195	0.0	0.0
SRR29011583	23703766	0.0	1.9483	0.2077	0.0	0.0
SRR36292444	35057713	1.8104	0.0	4.2527	0.0	0.0
SRR10148726	14705108	0.0	6.4642	0.2597	0.0	0.0
SRR8984417	31245594	0.0	3.0762	0.0	0.0	0.0
SRR16709565	29670043	0.0	7.8243	0.5932	0.0	0.0
SRR22858681	21661744	0.0	12.6619	0.6841	0.0	0.0
SRR31669369	10433767	0.0	4.694	3.3537	0.0	0.0
SRR7267242	155744	18.942	0.0	0.0	0.0	0.0
SRR5457643	34985519	0.0	1.2667	0.0	0.0	0.0
SRR3724138	36151583	9.1708	0.0	0.7581	0.0	0.0
SRR13824011	1627816	65.6969	0.0	0.1707	0.0	0.0
SRR14528078	102058252	0.0	2.2492	0.8074	0.0	0.0
SRR29011752	27738039	0.0	2.7561	0.0	0.0	0.0
DRR832829	22409532	0.4312	0.0	0.3041	41.1877	0.0
ERR6212329	8682590	0.0	2.1183	1.8463	0.0	0.0
SRR32616836	59698155	0.0	0.0	9.07	0.0	0.0
SRR7413599	10918810	1.9838	0.0	0.4234	0.0	0.0
SRR20679972	20990845	0.0	11.0188	5.81	0.0	0.0
SRR25254710	24524471	0.0	3.2134	0.7566	0.0	0.0
SRR7508059	5026906	0.0	2.7289	0.0	0.0	0.0
SRR9854234	22208522	0.0	2.3724	0.0	0.0	0.0
ERR14043224	26455085	0.0	1.546	0.0	0.0	0.0
SRR14933755	22819507	0.0	2.5428	0.7687	0.0	0.0
SRR17916382	19108698	20.1666	0.0	1.1908	0.0	0.0
SRR31323421	22077614	0.0	5.0251	1.094	0.0	0.0
SRR7266984	155687	4.4345	0.0	2.4813	0.0	0.0
ERR16140432	34476493	0.2101	1.2732	2.2827	0.0	0.0
SRR19213905	5928669	0.0	2.4112	0.468	0.0	0.0
SRR7508029	4784847	0.0	3.5003	0.1465	0.0	0.0
SRR33510057	29803155	10.7398	0.0	2.3714	0.0	0.0
SRR25064201	23021378	0.0	2.2968	0.5867	0.0	0.0
SRR27385115	22858103	1.664	0.0	0.9099	0.0	0.0
SRR11791275	41588622	0.0	1.7545	6.8407	0.0	0.0
SRR11282461	12880296	0.0	5.4789	1.3066	0.0	0.0
SRR28797224	33841221	0.0	3.8186	0.1589	0.0	0.0
SRR32132963	26665469	1.851	0.0	1.1776	0.0	0.0
SRR16938967	18280019	0.0	87.6171	0.1592	0.0	0.0
SRR17061643	28729532	0.0	0.0	4.3847	0.0	0.0
SRR12768239	39444067	0.0	15.1968	4.7428	0.0	0.0
SRR27297841	2359766	0.0	12.943	0.3212	0.0	0.0
SRR3724160	26441544	10.2738	0.0	3.0812	0.0	0.0
SRR15216958	24275418	0.0	1.7795	1.1851	0.0	0.0
SRR34326425	4935006	0.0	6.1862	0.1066	0.0	0.0
DRR784950	25455318	0.0	4.212	0.3919	0.0	0.0
SRR25301167	23144210	0.5892	1.1289	1.1618	0.0	0.0
SRR35332877	120099516	36.4041	0.0	0.3518	0.0	0.0
SRR31895407	20551591	5.0798	0.0	0.1012	0.0	0.0
ERR14664007	31607504	7.8649	0.0	0.4958	0.0	0.0
ERR789099	6421472	29.0136	0.0	0.0	0.0	0.0
SRR8871493	26822594	6.7875	0.0	0.0	0.0	0.0
SRR10769492	30533430	2.0459	0.0	1.1959	0.0	0.0
SRR7430371	68936519	3.5086	0.3433	0.1731	0.0	0.0
SRR29289936	29226391	0.0	25.5511	0.668	0.0	0.0
SRR34083362	20692224	0.0	9.4401	0.8467	0.0	0.0
SRR13341789	24529274	0.0	5.3175	0.7408	0.0	0.0
SRR20750908	382963	0.0	1.097	1.9532	0.0	0.0
SRR36367305	46757105	14.9746	0.1574	8.2319	0.0	0.0
SRR39368697	22539308	0.0	6.1541	4.6797	0.0	0.0
SRR21928621	31977489	61.3621	0.0	0.7131	0.0	0.0
SRR26321446	18097469	0.0	6.8902	0.0	0.0	0.0
SRR18306027	30484182	0.0	2.6984	0.1367	0.0	0.0
SRR38789208	36043456	11.4061	0.0	0.1212	0.0	0.0
SRR8460386	154889175	3.3382	0.0	0.1739	0.0	0.0
SRR27297804	3309625	0.0	2.2143	1.0622	0.0	0.0
ERR11670144	27706430	0.0	1.8145	9.6422	0.0	0.0
ERR4339364	23696917	0.0	1.3423	0.6433	0.0	0.0
SRR30795868	52634622	0.0	41.2507	0.5172	0.0	0.0
SRR24956621	16550988	0.0	0.0	13.4234	0.0	0.0
SRR25301299	22478568	0.1219	4.723	1.3212	0.0	0.0
SRR17916397	22192371	8.4658	0.0	0.627	0.0	0.0
SRR9937177	32252399	0.0	7.1287	0.0	0.0	0.0
SRR10291752	52959006	2.542	0.0	0.6747	0.0	0.0
SRR34169764	39997605	0.0	28.9284	2.082	0.0	0.0
SRR36910269	39861341	3.3607	0.0	3.3047	0.0	0.0
SRR39368689	21867448	0.0	4.9675	8.5851	0.0	0.0
SRR12899056	24815227	0.0	65.5008	0.8107	0.0	0.0
SRR2082831	22850740	0.0	1.7973	0.0	0.0	0.0
SRR19526537	44464762	0.0	5.5025	0.0	0.0	0.0
ERR10886975	59696133	1.8427	0.0	0.3049	0.0	0.0
SRR3724142	43652029	68.3329	0.0	9.3539	0.0	0.0
SRR21866238	14604382	0.0	2.14	1.1879	0.0	0.0
SRR29855368	31150359	7.3656	0.0	3.7478	0.254	0.0
SRR24518418	22360713	0.0	10.8707	0.0	0.0	0.0
SRR8418331	9766523	1.7476	0.0	0.2546	0.0	0.0
SRR15462097	23567140	0.0	1.3164	0.2372	0.0	0.0
SRR7266975	1098199	12.2587	0.0	0.0	0.0	0.0
SRR19426696	45924655	3.5718	0.0	0.6348	0.0	0.0
SRR7508114	4977280	0.0	3.8451	0.5589	0.0	0.0
SRR7266096	2485574	4.6125	0.0	0.0	0.0	0.0
SRR13165726	39392313	0.0	2.0355	2.3307	0.0	0.0
SRR22973801	34636818	5.7665	0.0	1.8125	0.0	0.0
SRR25100603	32700465	0.0	0.0	3.5835	0.0	0.0
SRR31419602	35932614	5.031	0.0	7.9553	0.0	0.0
SRR25379837	25116726	0.0	0.0	1.0817	2.2688	0.0
SRR15364577	24289389	0.0	2.9707	1.1418	0.0	0.0
SRR35247839	27133408	0.0	1.2435	0.3601	0.0	0.0
SRR24003669	34229301	0.0	10.2891	9.8356	0.0	0.0
SRR11521318	203526	0.0	6.8237	6.0548	0.0	0.0
SRR16480629	28181097	0.0	4.0065	9.4072	0.0	0.0
ERR15368206	59059142	0.0	2.8886	0.2913	0.0	0.0
SRR3371865	21551531	0.0	31.9815	0.0	0.0	0.0
SRR13084378	21863795	0.0	0.0	1.3984	71.0824	0.0
SRR29872459	43831714	7.1248	0.0	4.3528	0.0	0.0
SRR35531419	16027738	0.0	1.0188	0.1506	0.0	0.0
SRR12073957	29792705	0.113	9.8397	1.034	0.0	0.0
SRR35737865	23617344	1.4663	0.0	1.9532	0.0	0.0
SRR14673930	10823451	2.4853	0.0	1.0683	0.0	0.0
SRR33516570	22923251	0.0	3.5188	0.0	0.0	0.0
SRR7851417	23336417	25.2239	0.0	0.0	0.0	0.0
SRR38953526	21604263	0.0	5.9044	0.0	0.0	0.0
SRR8080633	22370030	0.0	1.919	0.0	0.0	0.0
SRR7267249	413540	5.7426	0.0	0.0	0.0	0.0
SRR23100389	25906553	0.0	4.3445	0.1129	0.0	0.0
SRR16215429	21314976	0.1072	13.7156	2.1336	0.0	0.0
SRR1582088	2611845	26.0866	0.0	0.0	0.0	0.0
SRR1582089	11721430	12.1884	0.0	0.0	0.0	0.0
SRR4996809	107451973	0.0	0.0	5.5048	0.0	0.0
SRR20450839	9167897	0.0	5.4979	0.0	0.0	0.0
ERR10886990	67130080	5.2741	0.0	0.2375	0.0	0.0
SRR22183660	43582786	1.7661	0.0	0.334	0.0	0.0
SRR10448342	1133520	5.7791	46.2588	17.5131	0.0	0.0
DRR858076	107723561	46.3138	0.0	0.5594	0.0	0.0
SRR7266153	754966	1.8662	0.0	0.5941	0.0	0.0
SRR15966679	55316901	0.0	1.8333	0.1075	0.0	0.0
SRR20679971	21815169	0.0	11.4308	0.4594	0.0	0.0
SRR33386592	26699365	0.0	5.3596	1.0493	0.0	0.0
SRR29011897	26105740	0.0	3.395	0.0	0.0	0.0
SRR31419611	26565645	0.8507	0.0	11.5286	0.0	0.0
SRR8984127	39492058	20.7408	0.0	3.6791	0.0	0.0
SRR29304500	20423848	0.0	2.7897	2.1748	0.0	0.0
SRR7267181	1235702	3.2603	0.0	0.0	0.0	0.0
SRR11356665	45610731	0.0	2.4175	0.3635	0.0	0.0
SRR34326208	57824593	0.0	3.0879	0.1647	0.0	0.0
SRR7267134	1376798	1.1466	0.0	0.0	0.0	0.0
SRR25046129	24112608	0.0	1.2348	0.1236	0.0	0.0
SRR14068158	30417481	7.3121	0.0	0.6207	0.0	0.0
SRR29012012	25610663	0.0	1.4057	0.0	0.0	0.0
SRR7000842	39094218	7.1122	0.0	1.3074	0.0	0.0
DRR897978	13005918	0.0	30.7239	0.11	0.0	0.0
SRR20750913	165485	0.0	1.9494	1.2599	0.0	0.0
SRR25209566	20664450	0.0	3.1476	0.0	0.0	0.0
SRR21354768	284804	0.0	7.3075	0.7732	0.0	0.0
ERR16864444	53264878	0.1145	1.8824	2.7816	0.0	0.0
SRR16938897	22807791	0.0	73.5783	0.62	0.0	0.0
SRR21764263	13121340	0.0	3.2348	3.256	0.0	0.0
SRR24956726	17111303	0.0	0.0	17.1482	0.0	0.0
SRR25402487	1629254	0.3595	13.1485	0.4519	0.0	0.0
SRR14785374	78831266	0.0	22.5682	1.5174	0.0	0.0
SRR26039799	56254100	0.0	0.0	5.5436	0.0	0.0
SRR21021721	72201824	0.0	1.3699	0.1105	0.0	0.0
SRR32021580	38333962	1.1925	0.0	0.787	0.0	0.0
SRR7266324	2660437	6.2754	0.0	0.0	0.0	0.0
SRR15564990	30091402	0.2378	10.2236	0.3844	0.0	0.0
SRR21796869	19953913	51.7135	0.0	0.1612	0.0	0.0
SRR1170947	13416424	0.0	2.4147	0.0	0.0	0.0
SRR10135100	8457020	0.0	1.768	0.2267	0.0	0.0
SRR2096837	10815700	39.5607	0.0	0.0	0.0	0.0
SRR10161845	6799502	26.598	0.0	0.3265	0.0	0.0
SRR13960212	22083090	0.0	0.0	0.402	2.3104	0.0
SRR38355261	17609410	7.9364	0.0	0.6637	0.4438	0.0
SRR27029082	23566770	0.0	2.96	2.0487	0.0	0.0
SRR13486985	1414	0.0	3.3946	0.0	0.0	0.0
SRR13824029	2670621	13.6589	0.0	0.1643	0.0	0.0
SRR18885311	26359117	0.0	9.4649	0.2155	0.0	0.0
SRR10160948	20928038	0.0	14.9996	1.0562	0.0	0.0
SRR5007494	10454329	3.8384	0.0	0.0	0.0	0.0
SRR6281215	39849590	0.0	2.7122	0.4564	0.0	0.0
SRR8418310	5996904	4.4329	0.0	0.2159	0.0	0.0
SRR18957884	25232855	0.0	0.0	1.7546	3.6117	0.0
SRR27709651	21056349	0.0	1.7862	0.0	0.0	0.0
SRR10225146	32272282	4.6621	0.0	3.158	0.0	0.0
SRR11791259	37063789	0.0	1.0443	8.534	0.0	0.0
SRR7508049	5491592	0.0	1.7826	0.0	0.0	0.0
SRR34093547	21392497	0.0	1.1535	0.0	0.0	0.0
SRR36367331	39158981	5.5266	0.0	5.6402	0.0	0.0
SRR19269233	20157210	0.1913	1.8511	0.5667	0.0	0.0
SRR7264706	64335	2.1714	0.0	1.9383	0.0	0.0
SRR22858671	23549116	0.0	4.18	1.0006	0.0	0.0
SRR15607739	25514081	0.0	0.0	1.3321	13.2777	0.0
SRR33516219	26112964	0.0	5.1639	0.0	0.0	0.0
SRR14673939	10197216	1.8968	0.0	2.0587	0.0	0.0
SRR14615455	22126687	0.354	25.0326	1.4934	0.0	0.0
SRR35228114	23323703	0.0	8.3269	2.2628	0.0	0.0
SRR28479708	28801852	0.0	2.2396	0.828	0.0	0.0
SRR28479703	23707457	0.0	1.0982	1.126	0.0	0.0
SRR7267204	1569538	1.9437	0.0	0.0	0.0	0.0
SRR37491898	17735743	3.3856	0.0	11.3629	0.0	0.0
SRR6914588	22539512	0.0	2.0656	4.4159	0.0	0.0
SRR21354763	315402	0.0	10.7504	1.8364	0.0	0.0
SRR29011674	22203799	0.0	2.658	0.162	0.0	0.0
SRR17191340	46074176	0.0	1.3567	0.4371	0.0	0.0
ERR10962816	10266986	13.184	0.0	0.888	0.0	0.0
SRR15495635	77084932	0.0	1.2015	2.8952	0.0	0.0
ERR7334436	54439838	0.0	6.8573	0.599	0.0	0.0
SRR10135449	6894293	0.0	2.9552	0.1371	0.0	0.0
SRR35391034	15519659	3.5281	0.0	3.9263	0.0	0.0
SRR21192929	22799844	0.0	1.4892	2.5933	0.0	0.0
SRR1174218	30461536	0.0	1.7241	0.0	0.0	0.0
SRR30310368	19763015	0.0	28.9279	0.2184	0.0	0.0
SRR7264822	1731152	4.6023	0.0	1.4798	0.0	0.0
SRR24415108	41597824	0.0	6.5199	1.2025	0.0	0.0
SRR25254682	24178509	0.0	1.5589	0.5143	0.0	0.0
SRR25254400	22414792	0.0	1.1711	0.3782	0.0	0.0
SRR26264127	24027094	0.0	3.0784	0.8626	0.0	0.0
SRR34326538	3778739	0.0	6.3445	0.2112	0.0	0.0
SRR20114994	21416996	0.0	5.8059	0.0	0.0	0.0
SRR7266120	2993649	1.4605	0.0	0.0	0.0	0.0
SRR8418343	6940014	2.0521	0.0	0.8835	0.0	0.0
SRR22890351	22749509	0.0	12.0275	0.5046	0.0	0.0
SRR36374509	27504324	5.9862	0.0	0.3794	0.0	0.0
SRR10098206	31351916	0.0	3.8002	0.9362	0.0	0.0
SRR8984387	29269331	0.0	2.2	0.0	0.0	0.0
SRR6448545	17273441	0.0	1.0637	0.0	0.0	0.0
SRR11566025	1711790	0.1	3.1362	0.0	0.0	0.0
SRR12998707	41815122	1.798	0.0	1.136	0.0	0.0
SRR7266000	1399156	1.4913	0.0	1.1025	0.0	0.0
SRR29384889	38024178	1.5609	0.0	1.3413	0.0	0.0
SRR30498909	136173988	3.2064	0.0	4.3156	0.0	0.0
SRR10448364	1991295	18.4489	38.7747	17.0884	0.0	0.0
SRR28809512	28910159	0.0	5.7667	1.6252	0.0	0.0
SRR35332864	122063884	2.2613	0.0	0.5082	0.0	0.0
SRR7266379	80054	3.0792	0.0	0.0	0.0	0.0
SRR10053845	26963182	0.0	1.1477	0.428	0.0	0.0
SRR14886997	64827042	4.6968	0.0	0.8819	0.0	0.0
SRR26374562	43190732	0.0	2.4819	2.4154	0.0	0.0
SRR26931923	31431353	0.0	1.8081	2.1312	0.0	0.0
SRR19269224	18082540	0.0	1.6058	0.4692	0.0	0.0
SRR3098381	15194285	8.0706	0.0	0.0	0.0	0.0
SRR32514832	20820676	0.0	9.5782	0.4778	0.0	0.0
SRR29542349	18800471	0.0	20.4646	0.0	0.0	0.0
SRR34326241	4754924	0.0	2.2557	0.1299	0.0	0.0
SRR32962215	72590699	38.344	0.0	0.4427	0.0	0.0
SRR3225572	143521921	0.0	9.9588	5.8475	0.0	0.0
SRR16017074	54287850	2.1138	0.0	0.1261	0.0	0.0
SRR31833300	33748516	21.9284	0.0	0.3374	0.0	0.0
SRR39263436	25849842	0.0	64.1491	0.2793	0.0	0.0
SRR23948032	27679606	0.0	33.8784	2.8102	0.0	0.0
SRR30125681	24583701	0.0	85.8163	0.8929	0.0	0.0
SRR34326213	77567352	0.0	5.3651	0.2097	0.0	0.0
SRR28111341	24569472	4.0219	0.0	2.8058	0.0	0.0
SRR33516177	24004848	0.0	1.3525	0.1731	0.0	0.0
SRR24956516	15950459	0.0	0.0	31.2613	0.0	0.0
SRR25522834	45636496	0.0	0.0	2.8608	0.0	0.0
SRR6308302	7421700	9.5487	0.0	0.0	0.0	0.0
SRR34326478	28801369	0.139	4.175	0.1326	0.0	0.0
SRR32622386	20272697	3.0776	0.0	0.1797	0.0	0.0
SRR10135163	11676387	0.0	2.1493	0.1443	0.0	0.0
SRR7266020	901922	10.7438	0.0	2.0446	0.0	0.0
SRR8569388	28126208	9.9921	0.0	0.1839	0.0	0.0
SRR10448309	1460510	0.9078	73.1505	3.001	0.0	0.0
SRR16772059	9924265	0.0	3.1475	0.0	0.0	0.0
SRR14886999	65160870	4.8073	0.0	0.8134	0.0	0.0
SRR7264702	1410635	2.0345	0.0	0.0	0.0	0.0
SRR38271983	20645174	0.0	14.5529	1.1875	0.0	0.0
SRR13590838	21217145	0.1017	3.6466	0.2023	0.0	0.0
SRR14673999	13010234	1.5508	0.0	1.19	0.0	0.0
SRR3383789	13602346	5.2255	0.0	0.0	0.0	0.0
SRR27029084	22370867	0.0	4.1983	1.8671	0.0	0.0
SRR26374566	32540409	0.0	5.154	1.8265	0.0	0.0
SRR13180583	36949519	0.0	1.7414	2.6281	0.0	0.0
SRR29384890	35356450	2.1647	0.0	0.6687	0.0	0.0
SRR9030373	26536009	7.7191	0.0	0.0	0.0	0.0
SRR24124076	33560896	0.0	8.7849	0.0	0.0	0.0
SRR26083769	23345598	0.0	24.3434	0.2945	0.0	0.0
SRR1779327	8835101	0.0	5.6409	0.0	0.0	0.0
SRR7266207	2018942	2.5785	0.0	0.0	0.0	0.0
SRR17456163	21855985	0.0	16.8327	2.1122	0.0	0.0
SRR26511466	39381919	3.1664	0.931	0.0	0.0	0.0
SRR12623587	24015838	3.8939	0.0	2.523	0.0	0.0
SRR24657677	22258992	0.0	17.2475	0.3397	0.0	0.0
SRR34326379	19949189	0.0	6.7247	0.0	0.0	0.0
SRR30599463	23124633	4.8399	0.0	0.6468	0.0	0.0
SRR3999597	7438653	8.3966	0.0	0.0	0.0	0.0
SRR3999598	7376655	8.3691	0.0	0.0	0.0	0.0
SRR3999599	7668533	8.4701	0.0	0.0	0.0	0.0
SRR3999600	7497968	8.4368	0.0	0.0	0.0	0.0
SRR17916357	27095941	10.405	0.0	4.6105	0.0	0.0
SRR33516461	22928377	0.0	2.0124	0.22	0.0	0.0
SRR28872812	33874221	4.2667	2.0398	5.7906	0.0	0.0
SRR8080629	22098645	0.0	4.858	0.0	0.0	0.0
SRR14739406	33449462	0.9713	11.2673	2.4591	0.0	0.0
SRR19226121	26197384	0.0	1.9477	0.1292	0.0	0.0
SRR29362609	21831896	29.1262	0.0	2.0894	0.0	0.0
SRR38924910	38529937	10.5228	0.0	0.4843	0.0	0.0
SRR27749218	23864640	3.5919	0.0	3.0222	0.0	0.0
SRR26860106	28180182	68.7327	0.0	0.0	0.0	0.0
SRR37592461	20122898	1.6788	0.0	1.0387	0.0	0.0
SRR17916400	16101955	3.1705	0.0	0.586	0.0	0.0
SRR31851383	35402730	1.5788	0.0	1.1884	0.0	0.0
SRR38858522	35858820	1.325	0.0	2.3083	0.0	0.0
SRR29808750	23982968	3.482	0.0	2.7832	0.0	0.0
ERR15825665	20558615	0.0	1.1332	0.1532	0.0	0.0
SRR26329874	19890787	0.0	5.0681	1.6087	0.0	0.0
ERR10886929	60029372	13.4476	0.0	0.3899	0.0	0.0
SRR10135153	4439760	0.0	2.6024	0.1201	0.0	0.0
SRR24956550	16565275	0.0	0.0	51.207	0.0	0.0
SRR7264954	30294	1.0464	0.0	2.6771	0.0	0.0
SRR23948045	21685815	0.0	11.7542	4.2626	0.0	0.0
SRR16929567	28632148	0.0	4.6072	0.0	0.0	0.0
SRR31614504	24020056	0.3108	1.8857	0.0	0.0	0.0
SRR17074233	31035155	0.1146	3.3658	0.1793	0.0	0.0
SRR6292066	6171913	28.7119	0.0	0.0	0.0	0.0
SRR8309904	19465036	4.3109	0.0	0.2156	0.0	0.0
SRR32628215	22015094	0.0	1.4567	0.4645	0.0	0.0
SRR12854371	42008166	0.0	0.0	2.4347	0.0	0.0
SRR14614666	16572772	0.0	3.8103	0.2326	0.0	0.0
SRR23095534	42316268	0.0	3.5146	0.9172	0.0	0.0
SRR30166079	23745457	0.0	20.9856	0.0	0.0	0.0
SRR31319043	6335622	0.0	6.8759	5.8972	0.0	0.0
SRR15538971	11899367	2.104	10.8113	4.5905	0.0	0.0
SRR32262372	26972766	0.0	2.475	0.0	0.0	0.0
SRR30725447	48494858	0.0	1.7696	0.1432	0.0	0.0
SRR26264133	24955478	0.0	1.8451	1.574	0.0	0.0
SRR4128968	11101394	0.0	2.2848	0.5942	0.0	0.0
SRR17074239	30607014	0.1603	4.5764	0.31	0.0	0.0
SRR19213931	5809141	0.0	1.2063	0.4508	0.0	0.0
SRR21928622	38053403	52.0975	0.0	0.8126	0.0	0.0
SRR28126813	20018062	3.8889	0.0	1.2144	0.0	0.0
SRR27373715	40286090	0.0	30.7065	1.5776	0.0	0.0
SRR5756501	32039922	1.8834	0.0	5.1025	0.0	0.0
SRR5756524	30698496	1.8189	0.0	2.605	0.0	0.0
SRR20750894	833246	0.0	2.1428	2.7821	0.0	0.0
SRR14697001	20714739	0.0	2.5056	0.174	0.0	0.0
SRR12160896	30323081	0.0	9.2167	0.4517	0.0	0.0
SRR15115330	40972293	0.0	22.2361	0.517	0.0	0.0
SRR8743054	15023696	2.0694	0.0	0.2552	0.0	0.0
SRR11497280	17608531	0.0	2.0852	0.3979	0.0	0.0
SRR17316544	8340197	0.0	1.3116	2.8021	0.0	0.0
SRR20750909	547515	0.0	1.5453	1.9769	0.0	0.0
SRR29012075	22928377	0.0	2.0122	0.2219	0.0	0.0
DRR999032	55489787	0.0	1.0904	0.479	0.0	0.0
SRR7267111	1717290	1.4452	0.0	0.0	0.0	0.0
SRR7637119	20679622	0.1291	1.1607	0.0	0.0	0.0
SRR25998782	47395646	3.2111	0.0	3.8884	0.0	0.0
SRR36292486	42367875	6.7729	0.0	3.8255	0.0	0.0
SRR23086134	24811745	0.0	1.4628	1.763	0.0	0.0
SRR34326220	12891897	0.0	4.5272	0.4943	0.0	0.0
SRR17244278	23550289	0.0	20.3755	1.999	0.0	0.0
SRR7403503	17917557	4.1749	0.0	0.0	0.0	0.0
SRR21354882	526330	0.0	73.1963	6.9016	0.0	0.0
SRR20337010	12156130	0.0	50.663	0.5131	0.0	0.0
SRR25379795	21157703	0.0	0.0	0.3784	4.2114	0.0
SRR32547588	24746020	0.0	75.8289	0.4974	0.0	0.0
SRR33516373	25610663	0.0	1.4058	0.0	0.0	0.0
SRR17916356	26078718	15.5253	0.0	0.8843	0.0	0.0
SRR21354841	339585	0.0	13.6219	2.0613	0.0	0.0
SRR28365778	19481727	6.2977	0.0	1.8227	0.0	0.0
SRR27895632	21406795	1.3465	0.0	0.3728	0.0	0.0
SRR36134808	6693384	3.5924	0.0	3.4371	0.0	0.0
SRR35627451	46589201	0.0	0.0	3.4958	0.0	0.0
SRR11565996	3437807	0.0	2.1798	0.2259	0.0	0.0
SRR31646413	21938737	0.0	6.2416	0.2851	0.0	0.0
SRR33600042	27135156	1.2902	0.0	1.4967	0.0	0.0
ERR3891496	5717331	0.0	2.4162	17.1536	0.0	0.0
SRR29186607	21089568	0.0	3.4132	1.8158	0.0	0.0
SRR26321436	18651357	0.0	7.367	0.0	0.0	0.0
SRR22805607	20359197	0.0	12.4425	1.5313	0.0	0.0
SRR24956714	17591752	0.0	0.0	16.3821	0.0	0.0
SRR28784951	31650176	6.1372	0.0	1.3857	0.0	0.0
SRR1773573	50096278	1.5318	0.0	0.0	0.0	0.0
SRR10135877	2730601	0.0	17.6986	0.1091	0.0	0.0
SRR10148800	21320166	0.0	4.6958	0.2267	0.0	0.0
SRR8984125	38939003	45.7795	0.0	4.344	0.0	0.0
SRR13069809	31321302	0.0	1.3223	0.1063	0.0	0.0
SRR19752907	103854	0.0	0.0	0.0	6.8664	0.0
SRR13768451	21177222	25.5664	0.0	0.4474	0.0	0.0
SRR7004824	36872278	1.7108	0.0	0.1155	0.0	0.0
SRR21354744	328508	0.0	23.9461	5.0735	0.0	0.0
SRR29186616	63465929	0.0	6.9969	0.5841	0.0	0.0
SRR11574170	3119502	0.0	1.2716	0.2048	0.0	0.0
SRR21354738	363014	0.0	15.0187	26.1544	0.0	0.0
SRR7073601	28287947	0.0	2.8591	0.0	0.0	0.0
SRR10237341	25486703	0.0	2.5752	0.1498	0.0	0.0
SRR27675000	31538630	18.3671	0.0	1.2396	0.0	0.0
SRR30809842	27286880	0.0	0.0	4.3706	0.0	0.0
SRR7264875	2026375	1.4102	0.0	0.0	0.0	0.0
SRR20027109	24203061	1.3672	0.0	0.0	0.0	0.0
SRR34326524	5441882	0.0	3.6785	0.0	0.0	0.0
SRR36367330	32756690	15.26	1.2189	6.3972	0.0	0.0
SRR7264972	1335874	1.982	0.0	0.0	0.0	0.0
SRR9071704	46349226	0.0	4.5754	0.0	0.0	0.0
DRR201575	71324698	0.0	0.0	2.7224	0.0	0.0
SRR7508000	4504913	0.0	3.333	0.0	0.0	0.0
SRR28097694	60229281	0.0	1.3057	0.1932	0.0	0.0
SRR28430014	23333665	9.7139	0.0	1.4487	0.0	0.0
SRR37065119	54006101	0.0	0.0	2.5576	0.0	0.0
SRR7264842	4149654	2.5615	0.0	2.7084	0.0	0.0
ERR16864448	72909532	0.0	7.6109	2.0386	0.0	0.0
SRR8786173	49150854	0.0	2.9329	0.7113	0.0	0.0
SRR28486100	23473263	0.2077	5.5354	0.1392	0.0	0.0
SRR25254584	25464185	0.0	1.9385	0.4913	0.0	0.0
SRR38789210	47598366	11.4996	0.0	0.0	0.0	0.0
SRR35874123	23217735	0.0	10.037	0.3111	0.0	0.0
ERR14823241	51812492	50.8628	0.0	0.0	0.0	0.0
DRR828300	23833130	0.0	0.2718	57.2216	0.0	0.0
SRR29011606	23326694	0.0	11.1012	0.18	0.0	0.0
SRR36134847	6171649	7.6919	0.0	4.6873	0.0	0.0
SRR15371694	31364188	0.0	8.2623	0.295	0.0	0.0
SRR23907405	29834673	0.0	2.2488	0.7574	0.0	0.0
SRR32083078	22829945	6.0297	0.0	1.012	0.0	0.0
SRR6257743	22132903	0.0	6.2598	1.3466	0.0	0.0
SRR10135424	9048691	0.2583	2.24	0.3446	0.0	0.0
SRR10599082	28217740	0.0	7.354	0.0	0.0	0.0
SRR25046123	24005525	0.0	1.2788	0.1164	0.0	0.0
SRR24807944	49197431	2.5811	0.0	0.873	0.0	0.0
SRR31801789	24296033	0.0	1.2789	0.5685	0.0	0.0
SRR3341297	45336630	0.0	2.3908	0.0	0.0	0.0
SRR14615523	10404372	0.1717	15.1433	0.2467	0.0	0.0
SRR36186734	23816664	0.0	1.5339	0.1234	0.0	0.0
SRR38271986	21688218	0.0	11.7865	1.6128	0.0	0.0
SRR14366235	4280890	0.0	2.6332	0.0	0.0	0.0
SRR13724850	24975939	0.0	0.0	1.4982	0.0	0.0
SRR29289927	33502957	0.0	20.4633	1.4612	0.0	0.0
SRR5448196	10775317	0.0	5.9224	8.9482	0.0	0.0
SRR5448197	10841452	0.0	5.9296	8.8898	0.0	0.0
SRR29688047	23608943	0.0	2.8531	0.1909	0.0	0.0
SRR32514828	22164580	0.0	6.3299	0.5624	0.0	0.0
SRR16772063	9162688	0.0	2.9763	0.1582	0.0	0.0
SRR23907343	22337164	30.3008	0.0	0.6561	0.4053	0.0
SRR37874247	19534928	0.0	6.0327	0.7276	0.0	0.0
SRR5832446	24446913	0.0	1.0653	0.0	0.0	0.0
ERR3891523	13328867	0.0	1.316	2.3298	0.0	0.0
SRR24557153	21674140	0.0	7.326	0.1267	0.0	0.0
SRR29484649	544191	0.0	5.8343	0.2433	0.0	0.0
SRR27323152	3511828	0.0	2.0899	4.0925	0.0	0.0
SRR37215773	19136881	47.878	0.0	1.1918	0.0	0.0
SRR7266274	2246505	5.1738	0.0	0.3638	0.0	0.0
SRR7266257	976442	1.6272	0.0	0.2084	0.0	0.0
SRR7267245	1724526	3.5486	0.0	0.1569	0.0	0.0
SRR5995709	22115993	0.0	1.0815	0.0	0.0	0.0
SRR11521328	502626	0.0	33.702	7.9648	0.0	0.0
SRR8303043	37860785	0.0	1.0943	0.805	0.0	0.0
SRR15742932	22514053	0.0	0.0	0.7034	3.7695	0.0
ERR13230724	4107138	0.0	0.0	19.5011	0.0	0.0
SRR27323065	2941452	0.0	0.1487	3.4907	0.0	0.0
SRR7267015	962043	6.1427	0.0	0.0	0.0	0.0
SRR17227556	24685488	0.0	4.706	0.6164	0.0	0.0
SRR15538999	9058690	14.0306	0.1075	7.2344	0.0	0.0
SRR23852690	25303	0.0	27.9097	1.2054	0.0	0.0
SRR33475369	18670054	0.0	3.0351	0.0	0.0	0.0
SRR6279324	23049694	29.1999	0.0	3.0465	0.0	0.0
SRR7508053	5238399	0.0	2.1868	1.1369	0.0	0.0
SRR8309906	37006578	1.9339	0.0	0.2667	0.0	0.0
SRR20750863	632961	0.0	3.9906	2.4976	0.0	0.0
SRR26975738	23127953	30.1919	0.0	8.5808	0.0	0.0
SRR7267313	6527710	3.8749	0.0	0.9862	0.0	0.0
SRR8178062	87332002	0.0	0.0	0.2197	0.0	0.0
SRR22858658	22128843	0.0	28.5621	0.8118	0.0	0.0
SRR6796795	28401234	0.0	1.631	0.0	0.0	0.0
SRR7267255	1237172	9.0331	0.0	0.0	0.0	0.0
SRR23524531	40847696	0.0	1.3608	1.6604	0.0	0.0
SRR24956515	13057096	0.0	0.0	42.0284	0.0	0.0
SRR10150167	21214488	0.0	1.1543	0.1944	0.0	0.0
SRR7644344	26309359	4.5866	0.0	0.1247	0.0	0.0
SRR13486977	1361	0.0	4.1881	0.8817	0.0	0.0
SRR21354816	266084	0.0	17.9455	0.7186	0.0	0.0
SRR10448311	4208084	27.4265	17.5503	21.7114	0.0	0.0
SRR7266992	2270898	1.7159	0.0	0.1605	0.0	0.0
ERR3891528	9976148	0.0	36.1209	0.9821	0.0	0.0
SRR32953036	35480477	3.6922	9.8883	0.655	0.0	0.0
SRR11814798	20930164	0.8793	4.6851	0.1641	0.0	0.0
SRR14674069	11970839	1.9597	0.0	1.3747	0.0	0.0
SRR17316562	7929067	0.0	1.5202	4.8147	0.0	0.0
SRR25969068	34053440	1.841	0.0	2.9459	0.0	0.0
SRR9854250	22064178	0.0	4.6766	0.0	0.0	0.0
SRR10448353	1162864	0.6769	61.1575	0.3267	0.0	0.0
SRR10135189	8697208	0.0	1.3429	0.0	0.0	0.0
ERR3627223	82500914	0.0	0.0	3.2784	15.9272	0.0
SRR20750972	738233	0.0	1.8823	1.4789	0.0	0.0
SRR27326462	891604	3.4519	0.1599	1.8392	0.0	0.0
SRR38355301	15878641	39.4635	0.0	0.5097	0.0	0.0
SRR36367271	30270525	13.0168	0.0	6.9216	0.0	0.0
SRR20750904	354563	0.0	1.4249	1.7046	0.0	0.0
ERR3891519	11003642	0.0	9.7727	1.6527	0.0	0.0
SRR3724081	29310686	75.2721	0.0	2.931	0.0	0.0
SRR9640381	31206860	0.0	3.6078	0.1282	0.0	0.0
SRR11574332	1834313	0.0	2.077	0.3299	0.0	0.0
SRR38077041	33706374	26.343	0.3971	1.4682	0.0	0.0
ERR16140422	45737350	0.0	2.2688	0.2831	0.0	0.0
SRR33516683	25729922	0.0	5.641	0.2015	0.0	0.0
SRR13346690	31026252	1.2007	0.0	1.0891	0.0	0.0
SRR31323426	22002969	0.0	1.5638	1.2701	0.0	0.0
SRR2141704	8859550	0.0	1.1741	0.6189	0.0	0.0
SRR38890930	34580306	0.0	14.3715	0.0	0.0	0.0
SRR9854244	22309295	0.0	2.6153	0.0	0.0	0.0
SRR11176646	17031595	0.0	1.3277	0.0	0.0	0.0
SRR16938889	17651624	0.0	80.3298	0.4173	0.0	0.0
SRR23948030	17060798	0.0	36.3511	2.9715	0.0	0.0
SRR24956505	16218880	0.0	0.0	18.7732	0.0	0.0
SRR27846618	35672126	13.2608	0.0	0.8855	0.0	0.0
ERR15405314	22478024	0.0	2.6013	1.0247	0.0	0.0
ERR15398739	35105278	0.0	0.0	2.1758	0.0	0.0
SRR28393285	1338361	0.0	6.3852	1.0811	0.0	0.0
SRR34355005	27408701	0.0	30.1856	0.5324	0.0	0.0
SRR16611307	23378754	36.9285	0.0	0.2719	0.0	0.0
SRR31614516	21691498	0.0	9.2224	0.0	0.0	0.0
SRR3734876	836700	67.9037	0.0	1.1636	0.0	0.0
SRR7361598	20138614	0.0	4.1546	0.0	0.0	0.0
SRR11566037	3518387	0.0	2.1848	0.0	0.0	0.0
SRR25969026	39383378	3.7526	0.0	1.1133	0.0	0.0
SRR7264818	1483489	2.3726	0.0	0.1501	0.0	0.0
SRR9120829	26728346	0.0	10.1435	0.1451	0.0	0.0
SRR10160954	24110144	0.0	30.4249	0.6131	0.0	0.0
SRR28718298	20529680	14.0956	0.0	0.49	0.0	0.0
SRR37215770	20532961	36.8888	0.0	1.1659	0.0	0.0
SRR10586399	22012986	7.8754	0.0	0.0	0.0	0.0
SRR25960471	31566180	0.0	2.9029	3.0779	0.0	0.0
SRR37270902	27017918	20.0534	0.0	1.0931	0.0	0.0
SRR3095831	20121970	0.0	1.9959	0.0	0.0	0.0
SRR7264984	1573856	5.4262	0.0	2.7271	0.0	0.0
SRR10148721	8844138	0.0	4.8051	0.4573	0.0	0.0
SRR10148723	10021668	0.0	4.7979	0.4521	0.0	0.0
SRR10148722	9038177	0.0	4.8182	0.4564	0.0	0.0
SRR12245834	32450524	1.0108	9.3058	0.3219	0.0	0.0
SRR20217841	23947546	0.0	1.8281	3.4632	0.0	0.0
SRR36012601	15230748	0.0	5.678	1.5679	0.0	0.0
SRR12534351	22256438	0.0	1.8061	1.1623	0.0	0.0
SRR16938921	15650716	0.0	62.0719	0.0	0.0	0.0
SRR34326240	5326678	0.0	2.0143	0.0	0.0	0.0
SRR17316543	8301016	0.0	1.3283	2.7781	0.0	0.0
SRR7266132	1690916	2.8565	0.0	0.0	0.0	0.0
SRR21237706	23545971	0.0	28.0114	1.8837	0.0	0.0
SRR5691247	37364611	1.1665	0.0	0.0	0.0	0.0
SRR9919009	23755806	0.0	1.6089	0.184	0.0	0.0
SRR27674344	33206880	30.6809	0.0	3.7982	0.0	0.0
SRR17967523	26633595	38.9891	0.0	25.9742	0.0	0.0
SRR14585654	45463085	0.0	0.0	7.4678	0.0	0.0
SRR21021827	32284471	0.4124	2.2212	3.1506	0.0	0.0
SRR32708516	19675293	0.0	1.3929	0.1423	0.0	0.0
SRR8309988	25949219	3.3081	0.0	0.293	0.0	0.0
SRR25522709	49165281	0.0	0.0	3.3788	0.0	0.0
SRR33386583	24593091	0.0	3.5679	1.588	0.0	0.0
SRR10161826	8119211	7.4708	0.0	1.1429	0.0	0.0
SRR11809781	39385100	0.0	21.6303	2.0506	0.0	0.0
SRR37123722	24073102	27.5055	0.0	1.2598	0.0	0.0
SRR9276698	36645151	0.115	1.7059	0.0	0.0	0.0
ERR15289754	20542159	0.0	1.1228	0.2952	0.0	0.0
SRR9129829	17913037	1.7479	0.0	0.6309	0.0	0.0
SRR10148751	11402043	0.0	2.8369	0.6973	0.0	0.0
SRR10148753	13709522	0.0	2.8252	0.6931	0.0	0.0
SRR10148752	12332975	0.0	2.8368	0.6916	0.0	0.0
SRR13838077	27743117	8.6929	0.0	0.3847	0.0	0.0
SRR29257213	67574879	0.0	0.0	8.1347	0.0	0.0
SRR10053843	27116563	0.0	4.8382	0.3758	0.0	0.0
SRR15017711	27251424	1.2658	0.0	2.2157	0.0	0.0
SRR17202512	12560129	0.0	6.1592	2.2805	0.0	0.0
SRR34300120	34279238	5.0025	0.0	6.4702	0.0	0.0
SRR1779184	9124904	0.0	7.033	0.0	0.0	0.0
SRR8309961	15128685	3.3633	0.0	0.4013	0.0	0.0
SRR10237342	26972860	0.0	2.9397	0.2427	0.0	0.0
SRR20750914	613372	0.0	2.2766	1.7762	0.0	0.0
SRR32514818	18951178	0.0	1.3042	0.761	0.0	0.0
SRR19698128	20185517	0.0	0.0	11.3079	0.0	0.0
SRR28979110	31565609	5.1232	0.0	0.2855	6.2192	0.0
SRR17069482	46356809	0.0	2.6764	0.4607	0.0	0.0
SRR27305240	2881161	0.0	12.2445	0.2051	0.0	0.0
SRR34326542	6093701	0.0	6.1965	0.1009	0.0	0.0
ERR4329527	75821420	3.4179	0.0	0.0	0.0	0.0
SRR7264988	1673674	1.3714	0.0	0.0	0.0	0.0
SRR15925277	8925022	6.8516	0.0	1.8288	0.0	0.0
SRR28979117	38318312	0.7198	0.0	0.3193	6.6103	0.0
SRR6397875	4996320	6.3008	0.0	0.1968	0.0	0.0
SRR11946745	25721918	0.0	2.4032	0.0	0.0	0.0
SRR25996505	23802749	0.0	2.0195	1.3464	0.0	0.0
SRR24956608	15823267	0.0	0.0	22.1764	0.0	0.0
SRR15141258	3472389	2.7819	0.0	2.5465	0.0	0.0
SRR32962219	67412788	32.1064	0.0	0.1901	0.0	0.0
SRR5100666	28874601	0.0	10.9212	0.5587	0.0	0.0
SRR20337009	13690401	0.0	62.5092	0.0	0.0	0.0
SRR36367334	35488128	13.6013	0.0	9.3672	0.0	0.0
DRR813057	57239057	0.0	4.9986	0.0	0.0	0.0
SRR7266199	2155189	3.2174	0.0	0.0	0.0	0.0
SRR16230298	27966840	0.0	11.42	1.5373	0.0	0.0
SRR3734870	950209	66.3256	0.0	0.7359	0.0	0.0
SRR28637123	22462963	0.3104	14.2128	4.691	0.0	0.0
SRR7267211	2340124	1.4264	0.0	1.1709	0.0	0.0
SRR10135013	28681028	0.1239	1.3384	0.3463	0.0	0.0
SRR12207815	29487733	0.0	1.6628	0.1363	0.0	0.0
SRR21021802	42090201	0.0	2.9821	6.6767	0.0	0.0
SRR35566460	5722309	0.0	84.5461	0.114	0.0	0.0
SRR3880220	10744680	0.0	1.6501	0.0	0.0	0.0
SRR8984400	27000199	0.1862	1.7856	0.0	0.0	0.0
ERR3791660	30177624	0.0	0.0	20.2829	0.0	0.0
SRR35531439	18008618	0.579	5.7064	0.0	0.0	0.0
SRR7267207	2195040	1.6699	0.0	0.1046	0.0	0.0
SRR19752900	35419	0.0	0.0	0.0	5.9318	0.0
SRR17207990	22714276	3.2165	0.0	0.2822	0.0	0.0
SRR19977867	15000000	4.4298	0.0	0.0	0.0	0.0
SRR20297010	30573637	0.0	1.034	6.0038	0.0	0.0
SRR30499014	30075931	5.8258	0.0	2.3411	0.0	0.0
SRR33475384	19500468	0.1262	2.398	0.2501	0.0	0.0
SRR25046353	14986949	8.2371	0.0	2.6172	0.0	0.0
SRR38890926	32075650	0.0	13.2795	0.3068	0.0	0.0
SRR10479006	22663534	17.5473	0.0	6.0715	0.0	0.0
SRR8418262	8538776	5.5191	0.0	0.9647	0.0	0.0
SRR9275662	66021194	7.3514	0.0	0.8597	0.0	0.0
SRR20114993	21761171	0.0	5.9094	0.0	0.0	0.0
SRR33827813	23417404	0.0	2.3214	0.0	0.0	0.0
SRR35525931	27657518	0.0	4.1265	0.8381	0.0	0.0
SRR20750962	67895	0.0	1.3757	0.5155	0.0	0.0
SRR31833129	34760611	8.0448	0.0	0.8571	0.0	0.0
SRR29646186	22910224	0.0	16.2186	0.1837	0.0	0.0
SRR29779558	17488295	0.0	30.3391	0.382	0.0	0.0
SRR7267266	1707365	1.8623	0.0	0.0	0.0	0.0
SRR11229311	9715072	7.9775	0.0	5.9928	0.0	0.0
SRR24114144	32983583	0.0	1.6783	3.016	0.0	0.0
SRR36164307	22444465	0.0	1.6868	0.232	0.0	0.0
SRR7265067	1130898	4.6546	0.0	3.2387	0.0	0.0
SRR11574267	4444215	0.0	1.1659	0.2885	0.0	0.0
SRR19548546	21807650	0.0	11.5689	0.2678	0.0	0.0
SRR26264112	21811692	0.0	0.7264	3.0708	0.0	0.0
SRR29011853	28286996	0.0	4.4908	0.0	0.0	0.0
SRR8309908	31129531	10.8646	0.0	0.2042	0.0	0.0
SRR17916368	20643063	45.1329	0.0	0.2041	0.0	0.0
SRR23704263	23278065	15.231	0.0	1.0659	0.0	0.0
SRR16938974	15968699	0.0	73.8668	0.141	0.0	0.0
SRR7266358	1690393	1.4563	0.0	0.0	0.0	0.0
SRR24657667	22638688	0.0	25.4175	0.4798	0.0	0.0
SRR33516390	24647002	0.0	1.2614	0.1325	0.0	0.0
SRR7266030	3422428	4.8041	0.0	0.0	0.0	0.0
SRR13518157	30846386	0.0	26.69	0.0	0.0	0.0
SRR27331945	1983067	0.0	2.5777	1.0099	0.0	0.0
SRR32826825	24137651	13.2835	0.0	2.2728	0.0	0.0
SRR10161843	25813896	29.798	0.0	0.2307	0.0	0.0
SRR12772436	15914044	0.0	0.0	2.0603	1.4361	0.0
SRR15021480	45277554	0.0	8.0051	1.4628	0.0	0.0
SRR30037232	22230670	0.0	3.332	0.6832	0.0	0.0
SRR16938946	16484460	0.0	55.0136	0.6097	0.0	0.0
SRR7266230	1580423	1.437	0.0	0.0	0.0	0.0
SRR33852412	25894155	0.2006	2.9926	5.2621	0.0	0.0
SRR11887949	32638649	0.0	3.6571	0.1827	0.0	0.0
SRR32217498	25409405	0.0	2.2578	0.1072	0.0	0.0
SRR31204184	39368829	1.7123	0.0	2.1723	0.0	0.0
SRR13867440	1046038	10.6692	0.0	0.9874	0.0	0.0
SRR36292487	40631694	10.0978	0.0	6.2071	0.0	0.0
ERR9009187	577294	0.0	0.0	2.9522	0.0	0.0
SRR7264765	1685550	3.1829	0.0	5.4151	0.0	0.0
SRR27298264	1126709	0.0	1.3346	0.7222	0.0	0.0
SRR7265033	1781927	2.2497	0.0	0.0	0.0	0.0
SRR9903580	29936759	0.1404	2.0083	0.0	0.0	0.0
SRR11574197	1404471	0.0	2.0037	0.1411	0.0	0.0
SRR13375951	38465064	0.0	3.6698	1.4	0.0	0.0
SRR20184519	10371902	0.0	16.328	0.4959	0.0	0.0
SRR31669319	11341072	0.0	12.5321	2.6248	0.0	0.0
SRR7265020	2034024	3.002	0.0	0.0	0.0	0.0
SRR27851040	21923625	0.0	1.4886	0.9683	0.0	0.0
SRR11521322	310068	0.0	26.5635	3.1993	0.0	0.0
SRR27844382	76492230	0.0	18.2739	17.3206	0.0	0.0
SRR7352127	23209601	0.0	2.708	0.1893	0.0	0.0
SRR13298307	44888435	0.0	15.0033	0.1249	0.0	0.0
SRR14055863	21932736	0.0	5.517	0.4752	0.0	0.0
SRR28797227	26840124	0.0	8.1387	0.4185	0.0	0.0
SRR35284460	21539160	0.0	67.36	0.1262	0.0	0.0
SRR38194314	23588123	36.5704	0.0	1.5303	0.0	0.0
SRR7266187	2550981	5.5423	0.0	0.1954	0.0	0.0
SRR11574239	900956	0.0	2.5698	0.2237	0.0	0.0
SRR21798525	85576834	60.8293	0.0	0.0	0.0	0.0
SRR24956718	17675068	0.0	0.0	11.6315	0.0	0.0
SRR26082653	44750196	8.7653	0.0	0.508	0.0	0.0
SRR16938993	14045973	0.0	87.0429	0.6393	0.0	0.0
SRR8309899	28507294	9.3623	0.0	0.2194	0.0	0.0
DRR322128	21570679	1.1253	0.0	0.0	0.0	0.0
SRR20450845	10469427	0.0	7.1862	0.0	0.0	0.0
SRR4032276	17012619	0.0	26.7903	1.927	0.0	0.0
SRR7264986	1594235	1.6679	0.0	4.7997	0.0	0.0
SRR30789110	22038188	0.0	2.4329	0.0	0.0	0.0
ERR14835935	30914518	61.2447	0.0	2.5435	0.0	0.0
SRR7507976	5496158	0.0	1.7676	0.0	0.0	0.0
SRR11887946	64878488	0.0	0.0	4.6335	0.0	0.0
SRR7264693	3029762	2.1153	0.0	0.0	0.0	0.0
ERR3791511	34152006	0.0	0.0	7.9651	0.0	0.0
SRR21423843	33630172	0.0	3.4311	0.3198	0.0	0.0
SRR28486102	21168277	0.0	5.6814	0.1142	0.0	0.0
SRR3383832	17182708	4.6021	0.0	0.8718	0.0	0.0
SRR10210758	9987891	0.0	16.6094	0.0	0.0	0.0
SRR26264125	20565204	0.0	3.8405	0.4818	0.0	0.0
SRR27298025	582068	0.0	6.9394	0.7454	0.0	0.0
SRR33475346	18663428	0.0	2.9929	0.1747	0.0	0.0
SRR1793909	12189491	1.2589	0.0	0.0	0.0	0.0
SRR10135030	11651507	0.0	1.646	0.2892	0.0	0.0
SRR11773435	34946452	0.0	5.183	0.6037	0.0	0.0
SRR20750853	106794	0.0	1.2257	3.8476	0.0	0.0
SRR27027915	54294382	0.0	6.2477	0.4026	0.0	0.0
SRR25046090	24088214	0.0	1.5115	0.1032	0.0	0.0
SRR29484651	1327618	0.0	7.8694	0.1126	0.0	0.0
ERR3801514	21278567	0.0	0.0	4.3199	0.0	0.0
SRR30126662	21543811	2.3805	0.0	0.2661	0.0	0.0
SRR20750979	508484	0.0	1.7066	1.5538	0.0	0.0
SRR33516340	25131883	0.0	1.2004	0.0	0.0	0.0
SRR31669389	12297275	0.0	7.7898	1.8079	0.0	0.0
ERR9976398	16513116	0.0	1.5377	0.151	0.0	0.0
SRR7549674	22208778	0.0	6.7674	0.1259	0.0	0.0
SRR26329870	17721519	0.0	1.4888	1.4653	0.0	0.0
SRR866218	16966105	0.8516	1.9747	0.5821	0.0	0.0
SRR21151050	20807751	1.1824	0.0	1.02	0.0	0.0
DRR260983	8020970	0.0	1.4231	1.3313	0.0	0.0
SRR7508083	4528706	0.0	1.0237	0.961	0.0	0.0
SRR8309918	24871166	1.8711	0.0	0.2313	0.0	0.0
SRR12832637	44623192	0.0	49.4714	0.1359	0.0	0.0
SRR20750988	1065423	0.0	2.2478	2.0544	0.0	0.0
SRR32993919	17912338	3.0278	4.4168	45.6247	0.0	0.0
SRR29654777	27517618	0.0	4.8975	0.4027	0.0	0.0
SRR3371862	18157217	0.0	29.1021	0.0	0.0	0.0
SRR6398506	1286074	0.0	1.6014	2.6691	0.0	0.0
ERR11669020	45987899	0.0	1.9414	0.0	0.0	0.0
SRR25254530	26580410	0.0	2.4596	0.6101	0.0	0.0
SRR26856354	18950799	0.0	0.0	3.0896	0.0	0.0
SRR35396721	17322307	2.7573	0.0	0.9803	0.0	0.0
SRR32920566	19956651	42.1888	0.0	0.5778	0.0	0.0
SRR27555680	30563122	0.0	1.5939	0.0	0.0	0.0
SRR16227924	49652659	0.0	1.5936	0.1105	0.0	0.0
SRR27457875	32184400	0.0	12.2226	1.2604	0.0	0.0
SRR25522843	35658734	0.0	0.0	3.6356	0.0	0.0
SRR30498959	45914780	2.3093	0.0	2.2354	0.0	0.0
SRR30708824	27755275	0.0	14.3638	0.5959	0.0	0.0
SRR11566003	1570458	0.0	3.7279	0.0	0.0	0.0
SRR25683579	24042919	0.0	4.6208	0.4924	0.0	0.0
ERR13765097	12056667	0.0	30.7366	0.2192	0.0	0.0
SRR6415088	20533422	0.0	4.9683	0.0	0.0	0.0
SRR22227247	8429310	1.5081	0.5668	4.7633	0.0	0.0
SRR22227248	12393886	1.5458	0.5931	4.3402	0.0	0.0
SRR18957887	28258721	0.0	0.0	1.3251	2.5507	0.0
SRR26860066	25009889	64.7742	0.0	0.0	0.0	0.0
SRR8178069	104858619	0.0	0.0	0.5074	0.0	0.0
SRR32514831	18494313	0.0	9.6568	0.5351	0.0	0.0
SRR28560584	26623060	0.0	4.9332	0.5535	0.0	0.0
SRR6215477	127409787	9.0685	0.0	4.4126	0.0	0.0
SRR14933767	20298376	0.0	1.0995	0.3879	0.0	0.0
SRR1779194	10075283	0.0	1.8196	0.0	0.0	0.0
SRR31319096	6160112	0.0	2.7918	6.3819	0.0	0.0
SRR27498739	44620360	0.0	2.0017	0.6203	0.0	0.0
SRR14093957	26848792	2.6702	0.0	3.9265	0.0	0.0
SRR11574344	1610143	0.0	3.0182	0.2402	0.0	0.0
SRR8309916	26079243	5.1532	0.0	0.2777	0.0	0.0
SRR10148848	10799543	0.0	5.7071	0.1632	0.0	0.0
SRR10148847	10229568	0.0	5.7217	0.1675	0.0	0.0
SRR26193210	15937822	0.0	7.0201	5.6519	0.0	0.0
SRR26860075	15429970	68.6795	0.0	0.3939	0.0	0.0
SRR28224687	21551301	0.0	35.1968	4.0006	0.0	0.0
SRR7266097	1035913	3.5489	0.0	0.3979	0.0	0.0
SRR11356666	46639924	0.0	2.528	0.4744	0.0	0.0
SRR13449982	182904016	4.976	0.0	0.2443	0.0	0.0
SRR24804908	19669395	0.0	4.3564	6.4946	0.0	0.0
SRR31639315	23216004	7.216	0.0	0.2932	0.0	0.0
SRR12858282	49788901	0.0	0.0	4.3332	0.0	0.0
SRR21021742	28584709	0.0	8.1388	2.5812	0.0	0.0
SRR10148849	10252248	0.0	5.7183	0.1658	0.0	0.0
SRR29001881	20141141	0.0	1.3597	0.4461	0.0	0.0
SRR27323063	6025525	0.0	58.4479	2.2626	0.0	0.0
SRR7267090	1426532	1.7415	0.0	0.0	0.0	0.0
SRR21151059	25250426	7.9101	0.0	1.3061	0.0	0.0
SRR36015659	25729071	0.0	27.2649	0.5415	0.0	0.0
SRR37845432	20004029	0.0	3.5759	1.2949	0.0	0.0
SRR24116282	23547932	14.0271	1.9365	0.2785	0.0	0.0
SRR25010731	24500290	2.0516	0.0	1.1192	0.0	0.0
SRR34326252	5404874	0.0	5.4045	0.0	0.0	0.0
SRR36496368	52227868	3.5653	0.0	0.2167	0.0	0.0
SRR10135162	3798469	0.0	3.1292	0.0	0.0	0.0
SRR7507914	4436148	0.0	1.1224	0.0	0.0	0.0
SRR28560582	25222845	0.0	6.6984	0.0	0.0	0.0
SRR5871153	41306328	29.7423	0.0	0.4568	0.0	0.0
SRR19510989	31024718	0.0	1.2542	0.2304	0.0	0.0
SRR16480645	37227017	0.0	42.2308	0.7002	0.0	0.0
SRR14959069	20496084	3.795	0.0	0.6769	0.0	0.0
DRR996026	23114218	0.0	11.5216	0.9026	0.0	0.0
SRR36910211	47042720	2.9776	0.0	4.039	0.0	0.0
SRR12616173	8007244	0.0	1.245	1.3296	0.0	0.0
SRR13664495	30779369	0.0	1.1781	0.1423	0.0	0.0
SRR15498075	6129265	6.5204	0.0	0.0	0.0	0.0
SRR22765296	22087228	0.0	13.3094	5.3323	0.0	0.0
SRR17272033	18362324	0.0	7.7876	1.3876	0.0	0.0
SRR3098370	12879593	6.3678	0.0	0.5281	0.0	0.0
SRR14697010	17156399	0.0	4.0391	0.1912	0.0	0.0
SRR17456119	28485140	0.0	5.2151	4.2934	0.0	0.0
SRR14693181	112092714	8.8085	0.0	0.3666	0.0	0.0
SRR14853855	30677801	9.1168	0.0	2.2906	0.0	0.0
ERR15368203	75382377	0.0	5.5993	0.2769	0.0	0.0
SRR863698	7775011	0.0	2.4644	0.5677	0.0	0.0
SRR12532040	22210151	0.0	4.8095	0.0	0.0	0.0
SRR22889032	25357322	0.0	13.5357	0.3287	0.0	0.0
SRR22889023	50172265	0.0	10.5515	8.1602	0.0	0.0
SRR35733538	26371687	0.0	84.8678	1.3237	0.0	0.0
SRR11431612	865252	0.0	5.7522	1.6314	0.0	0.0
SRR7267251	1535306	3.6741	0.0	0.0	0.0	0.0
ERR15368178	77422335	0.0	28.6848	0.239	0.0	0.0
SRR19016045	24326386	17.4221	0.4674	0.4386	0.0	0.0
SRR16995293	32913051	3.2259	0.2286	0.6814	0.0	0.0
SRR6347975	23557924	0.0	0.0	3.7386	0.0	0.0
SRR17267255	19626155	3.1851	0.0	0.7098	0.0	0.0
SRR8871487	24664429	9.8606	0.0	0.105	0.0	0.0
SRR38897779	20157017	0.1619	63.7678	0.8706	0.0	0.0
SRR26827561	11114882	0.0	8.7833	7.7503	0.0	0.0
SRR30499040	29483960	11.4441	0.0	4.6332	0.0	0.0
SRR15141441	3503042	3.529	0.0	1.0086	0.0	0.0
SRR25233133	24070100	0.0	1.8219	0.0	0.0	0.0
SRR22805608	21764717	0.0	16.887	0.9742	0.0	0.0
SRR35284462	21628302	0.0	82.7973	0.0	0.0	0.0
SRR21619729	90156821	0.0	1.6831	0.707	0.0	0.0
ERR10886907	53806593	3.6843	0.0	0.2149	0.0	0.0
SRR29384831	34214361	3.8943	0.0	1.1893	0.0	0.0
SRR5330848	55074186	12.9429	0.0	0.5863	0.0	0.0
SRR4408414	346764283	0.0	9.5854	1.0143	0.0	0.0
SRR17916348	17365427	2.8917	0.0	0.1927	0.0	0.0
SRR21820035	45393028	0.0	0.0	3.5756	0.0	0.0
SRR18461294	26681454	21.0085	0.0	0.2001	0.0	0.0
SRR33658507	24439796	7.5338	0.0	1.5422	0.0	0.0
SRR7507899	4721581	0.0	2.4656	0.0	0.0	0.0
SRR33081749	10068800	0.0	1.7261	0.4533	0.0	0.0
SRR38897780	20162743	1.109	35.5331	1.3673	0.0	0.0
SRR7265012	1246355	1.558	0.0	0.0	0.0	0.0
SRR11563881	39765426	0.0	9.5934	3.1738	0.0	0.0
SRR12828724	20569162	0.0	27.0162	0.919	0.0	0.0
SRR17520157	23225495	6.5151	0.0	0.4341	0.0	0.0
SRR33160146	9951497	0.0	4.3844	10.7357	0.0	0.0
ERR990489	66646556	6.5096	0.0	0.6944	0.0	0.0
ERR14043240	23235229	0.0	1.049	0.1315	0.0	0.0
DRR842308	16282375	12.4093	0.0	0.6543	0.0	0.0
SRR33821513	309867920	0.0	12.9859	0.349	0.0	0.0
SRR11521341	505872	0.0	24.1356	8.8333	0.0	0.0
SRR13000116	44660200	0.0	3.3988	0.0	0.0	0.0
SRR25254474	29045377	0.0	1.2935	0.3327	0.0	0.0
SRR36670913	32152335	12.247	0.0	0.8545	0.0	0.0
SRR15141402	7655958	27.1777	0.0	1.2427	0.0	0.0
SRR27331622	3624628	0.0	20.956	1.2273	0.0	0.0
SRR5387762	45764570	0.0	20.1384	0.9458	0.0	0.0
ERR3791566	30188638	0.0	0.0	4.6063	0.0	0.0
SRR35842200	9462827	0.0	1.5189	0.1469	0.0	0.0
SRR8163297	33534489	0.0	6.3221	0.0	0.0	0.0
SRR7880335	35110698	0.0	2.7014	0.0	0.0	0.0
SRR22044116	9435379	0.0	2.7164	0.4392	0.0	0.0
SRR15144334	21922199	0.0	1.5346	2.0252	0.0	0.0
SRR32081256	18955608	0.0	3.5097	1.3342	0.0	0.0
ERR13230760	4963487	0.0	0.0	43.8926	0.0	0.0
SRR11497317	12694822	4.5363	0.1414	0.2074	0.0	0.0
SRR6398492	937249	0.0	3.5275	10.1613	0.0	0.0
SRR13587512	89282836	4.2487	0.0	1.0298	0.0	0.0
SRR7266997	1764709	1.7298	0.0	0.2974	0.0	0.0
SRR13274992	25572172	0.0	7.0095	0.1035	0.0	0.0
SRR26821494	41185082	0.0	3.3426	0.0	0.0	0.0
SRR17071049	41350358	0.0	4.5377	1.1328	0.0	0.0
SRR14615452	12075301	0.2778	1.7828	1.999	0.0	0.0
SRR37452315	22103008	25.5803	0.0	0.1121	0.0	0.0
SRR5856938	41513127	11.8021	0.0	0.3524	0.0	0.0
SRR14539526	22161069	0.0	13.246	0.2033	0.0	0.0
SRR21796863	21115321	15.2745	0.0	0.4669	0.0	0.0
SRR23852729	38762	0.0	52.3322	0.5572	0.0	0.0
SRR23797912	27562282	0.0	16.0369	0.1	0.0	0.0
SRR7266175	440500	1.0926	0.0	0.1968	0.0	0.0
SRR17414995	4318853	0.0	7.0344	1.0034	0.0	0.0
ERR3791681	22923741	0.0	0.0	5.8566	0.0	0.0
ERR10926663	84794126	1.4619	0.0	0.2941	0.0	0.0
SRR13134699	24245878	0.0	21.4778	0.4719	0.0	0.0
SRR13341532	25268398	3.9114	0.0	8.1629	0.0	0.0
SRR33081750	9970895	0.0	1.9523	0.3654	0.0	0.0
SRR36865077	23830637	0.0	4.7804	3.1638	0.0	0.0
SRR12245839	23054566	0.2315	24.2398	0.2494	0.0	0.0
SRR28797186	30271079	0.0	17.9343	0.1805	0.0	0.0
SRR31593908	26387981	4.9808	0.0	0.3121	0.0	0.0
SRR7266334	1573897	2.6852	0.0	0.1355	0.0	0.0
SRR24956566	10284980	0.0	0.0	15.3381	0.0	0.0
SRR34300163	32395765	4.2399	0.0	9.7196	0.0	0.0
DRR992039	25232958	0.0	1.2796	0.0	0.0	0.0
SRR5420972	36888551	0.0	1.951	0.1185	0.0	0.0
SRR8309921	41707733	5.81	0.0	0.1654	0.0	0.0
SRR10848798	25333307	0.2626	1.4792	0.1625	0.0	0.0
SRR15971094	30781591	0.0	42.3225	0.2775	0.0	0.0
SRR31204180	30887261	5.026	0.0	2.0659	0.0	0.0
SRR33522634	26809459	0.0	0.0	3.2742	0.0	0.0
SRR22973885	31358585	6.7713	0.0	1.4576	0.0	0.0
ERR7421522	8605909	32.5439	0.5748	0.5334	0.0	0.0
SRR34469071	28004917	0.0	6.102	0.2921	0.0	0.0
SRR12245843	31283872	0.2835	10.9999	0.3239	0.0	0.0
SRR19846698	29515695	0.0	0.0	2.744	0.0	0.0
SRR33516483	42895319	0.0	27.6762	0.7203	0.0	0.0
SRR27323169	1733767	0.0	37.5046	1.5258	0.0	0.0
ERR14835984	85462733	42.255	0.0	0.2903	0.0	0.0
DRR764027	24099013	0.0	0.0	0.6292	2.1266	0.0
SRR10054981	66321773	0.0	2.4604	0.1502	0.0	0.0
SRR25998752	36270451	3.413	0.0	1.3254	0.0	0.0
SRR31806266	28591458	0.0	0.0	3.3976	0.0	0.0
SRR13574967	34298950	0.5499	2.8036	8.7539	0.0	0.0
SRR22858670	28205747	0.0	8.9451	0.8056	0.0	0.0
SRR33243248	44456690	0.0	0.0	3.1131	0.0	0.0
SRR12667699	113550869	0.0	3.1999	0.4244	0.0	0.0
SRR20217860	32596510	0.0	3.2692	0.8983	0.0	0.0
SRR27150507	30158166	0.0	3.7472	0.0	0.0	0.0
SRR31801777	19249284	0.0	7.011	0.8276	0.0	0.0
SRR35430695	41081969	0.0	0.0	4.2743	0.0	0.0
SRR30498940	27138354	10.586	0.0	7.2399	0.0	0.0
SRR29444126	22251049	0.0	1.0767	0.1953	0.0	0.0
SRR34469065	26554690	0.0	2.401	0.2561	0.0	0.0
SRR14141737	127198090	0.0	13.0277	0.0	0.0	0.0
SRR26264111	23840643	0.0	8.292	0.5143	0.0	0.0
SRR39368692	21652421	0.0	22.7639	1.8605	0.0	0.0
SRR32290235	34995266	24.3099	0.0	0.9977	0.0	0.0
SRR3992511	45537341	0.0	1.3916	0.5156	0.0	0.0
SRR14785385	85305828	0.0	26.6884	1.2266	0.0	0.0
SRR7264746	2263097	1.1769	0.0	3.789	0.0	0.0
SRR23948052	24251731	0.0	7.248	5.6245	0.0	0.0
SRR19426700	56515328	4.6253	0.0	0.5285	0.0	0.0
SRR32389820	43530201	0.0	3.1582	0.3555	0.0	0.0
SRR1793857	12377291	10.676	0.0	0.2614	0.0	0.0
SRR22071550	19271581	0.0	4.2027	0.449	0.0	0.0
SRR11565974	2900342	0.0	4.1148	0.0	0.0	0.0
SRR16074107	72997949	0.0	6.0526	0.0	0.0	0.0
SRR20999602	47944273	5.2484	0.0	0.6413	0.0	0.0
SRR36134803	5695297	7.229	0.0	3.005	0.0	0.0
SRR36191950	49969418	0.0	4.6813	12.6495	0.0	0.0
SRR38703215	20236229	0.0	0.0	4.278	0.0	0.0
SRR13862660	29807114	0.0	2.5687	1.7958	0.0	0.0
SRR21820032	45381924	0.0	0.0	3.9765	0.0	0.0
SRR31067712	21112400	0.0	3.3225	0.1151	0.0	0.0
SRR15560153	12973688	0.0	3.0114	0.2387	0.0	0.0
SRR4143329	11349225	0.0	12.7435	0.1719	0.0	0.0
SRR4897536	12124649	0.0	21.3425	0.568	0.0	0.0
SRR7267328	2262538	4.4048	0.0	0.1359	0.0	0.0
SRR8309959	27971978	1.9492	0.0	0.3838	0.0	0.0
SRR11462950	30431267	0.0	2.8409	7.7195	0.0	0.0
SRR23198258	29905213	27.7229	0.0	0.9807	0.0	0.0
DRR988606	23409894	0.0	1.4795	0.0	0.0	0.0
SRR12171326	27390408	0.0	6.9351	0.0	0.0	0.0
SRR18856181	125286671	16.421	0.0	0.4312	0.0	0.0
SRR24403387	26301121	0.1184	4.2754	0.313	0.0	0.0
DRR897953	17947571	0.0	33.1349	0.2006	0.0	0.0
SRR6215485	103484420	3.9994	0.4257	9.4585	0.0	0.0
SRR28736449	28945162	10.0324	0.0	0.9639	0.0	0.0
ERR3452458	12084500	0.0	12.8427	0.2345	0.0	0.0
ERR3452457	12063907	0.0	13.1005	0.2303	0.0	0.0
SRR7508022	4390743	0.0	1.8212	1.6478	0.0	0.0
SRR14270274	22026796	0.301	1.7996	0.6856	0.0	0.0
SRR10448351	2025702	3.6572	59.5814	13.8906	0.0	0.0
SRR10053847	26789993	0.0	1.314	0.1955	0.0	0.0
SRR29826759	22926015	67.2347	0.0	1.8608	0.0	0.0
ERR11669016	45847299	0.0	1.5911	0.0	0.0	0.0
SRR31712412	21515958	0.0	1.1189	0.0	0.0	0.0
SRR15498073	11715592	6.3239	0.0	0.1308	0.0	0.0
SRR27298147	5181215	0.0	23.9998	0.4944	0.0	0.0
SRR22981856	20085824	0.0	5.2097	0.0	0.0	0.0
SRR7267128	88508	22.529	0.0	0.0	0.0	0.0
SRR7427604	23132745	0.0	3.3156	0.0	0.0	0.0
SRR5435264	28585029	2.7645	0.0	0.6044	0.0	0.0
SRR6398530	756708	0.1183	67.3874	10.8404	0.0	0.0
SRR36910232	38464287	5.1621	0.0	4.4728	0.0	0.0
SRR14467129	59567586	3.4818	0.0	1.8246	0.0	0.0
SRR35248609	9771397	1.621	0.0	0.0	0.0	0.0
SRR35842192	10229629	0.0	15.0641	0.1263	0.0	0.0
SRR866252	7687493	0.0	1.5293	0.0	0.0	0.0
SRR7265038	1659155	2.6644	0.0	2.2771	0.0	0.0
SRR11282464	8975911	0.0	2.1182	0.9268	0.0	0.0
SRR13590818	21568927	0.0	5.2202	0.3298	0.0	0.0
SRR10448326	398330	0.8872	47.002	23.9982	0.0	0.0
SRR8661633	52541309	7.5287	0.0	3.2985	0.0	0.0
SRR23198253	21678972	0.0	5.8931	0.0	0.0	0.0
SRR24633711	29750655	0.0	3.4326	1.4711	0.0	0.0
SRR25021955	21120265	0.0	1.264	1.2651	0.0	0.0
SRR24755834	35250201	0.0	6.1458	0.4821	0.0	0.0
SRR30177090	15001796	0.0	9.2874	0.1202	0.0	0.0
SRR32944892	43301876	0.0	2.5069	0.1915	0.0	0.0
ERR6118073	39159118	0.0	0.0	3.8544	0.0	0.0
SRR24804928	18743866	0.5496	15.3675	0.9656	0.0	0.0
SRR35278654	23007463	0.0	13.8288	1.0796	0.0	0.0
SRR5527227	13037464	0.0	1.6873	0.0	0.0	0.0
SRR32081257	24442746	0.0	7.1008	2.1009	0.0	0.0
SRR33475382	18699119	0.5355	1.8892	0.2296	0.0	0.0
SRR1584265	33494287	0.0	1.3601	0.0	0.0	0.0
SRR22973792	37857810	11.0738	0.0	0.7151	0.0	0.0
SRR12904735	33563839	0.0	1.1383	0.3374	0.0	0.0
SRR11814718	20165444	8.2592	0.0	0.6603	0.0	0.0
SRR5457619	38124452	0.0	1.095	0.0	0.0	0.0
SRR15021474	22983284	0.0	5.9835	5.5651	0.0	0.0
SRR14674064	14206800	1.6492	0.0	1.8735	0.0	0.0
SRR16351743	26181282	23.97	0.0	5.6534	0.0	0.0
SRR24657695	19865970	0.0	22.9181	0.5758	0.0	0.0
SRR33516474	21182996	0.0	6.8348	0.149	0.0	0.0
SRR29446353	28123169	0.0	1.9149	0.5933	0.0	0.0
SRR31646421	22369594	0.0	8.2278	0.3095	0.0	0.0
SRR12560324	20515375	0.0	1.5444	0.1302	0.0	0.0
SRR34326498	29228695	0.0	11.2521	0.5129	0.0	0.0
SRR24956580	19193557	0.0	0.0	10.8242	0.0	0.0
SRR11495933	107685356	7.8871	0.0	0.2539	0.0	0.0
SRR20337003	16515674	0.0	59.0966	1.2295	0.0	0.0
SRR27333905	30495261	0.0	1.7686	1.3662	0.0	0.0
SRR31562875	27850878	0.0	1.2844	0.7528	0.0	0.0
SRR5804926	33044826	0.2183	4.4877	0.4254	0.0	0.0
SRR28480737	22828640	0.0	4.6958	0.3094	0.0	0.0
SRR24956604	18415293	0.0	0.0	62.4278	0.0	0.0
SRR13862659	24676261	0.0	2.9565	1.6967	0.0	0.0
SRR25209529	22889154	0.0	14.1423	0.1169	0.0	0.0
SRR31646418	21609360	0.0	9.6631	0.244	0.0	0.0
SRR17074238	35398354	0.0	3.2634	0.2417	0.0	0.0
SRR25254589	27691070	0.0	1.5186	0.7606	0.0	0.0
SRR31509648	27856857	8.121	0.0	3.5648	0.0	0.0
DRR623327	5921194	9.7603	0.0	4.6954	0.0	0.0
SRR17244295	22465153	0.0	16.6388	3.307	0.0	0.0
SRR38914083	24868736	0.2247	4.8074	9.617	0.0	0.0
SRR3341298	38802912	0.0	2.7139	0.0	0.0	0.0
SRR8457032	43530408	0.0	17.2555	0.0	0.0	0.0
SRR24956681	8753946	0.0	0.0	12.4534	0.0	0.0
SRR7267172	1604244	8.4123	0.0	0.6654	0.0	0.0
SRR7264703	1187553	1.7526	0.0	0.0	0.0	0.0
SRR23548118	103058349	1.1098	0.0	1.3206	0.0	0.0
SRR36367288	45110262	12.1418	0.0	6.4407	0.0	0.0
SRR15141033	3179082	2.3523	0.0	1.7135	0.0	0.0
SRR29841902	21371550	0.0	1.4408	0.1808	0.0	0.0
ERR572022	13705973	0.0	1.6514	0.712	0.0	0.0
SRR28797214	24419785	0.0	26.442	0.2499	0.0	0.0
SRR8078933	31694048	1.743	0.0	0.0	0.0	0.0
SRR10135340	8722954	0.0	1.2409	0.0	0.0	0.0
SRR26038037	61661504	2.0541	0.0	0.5823	0.0	0.0
SRR28560583	25773277	0.0	9.1875	0.0	0.0	0.0
SRR29258936	53937146	0.0	1.4571	0.6522	0.0	0.0
SRR36367292	47374443	7.689	0.6675	8.7626	0.0	0.0
SRR12158774	24005878	11.9346	0.0	0.4116	0.0	0.0
SRR29221776	23144954	0.0	2.5376	0.0	0.0	0.0
SRR10160964	26033146	0.0	13.1726	1.9913	0.0	0.0
SRR11565970	4662417	0.0	3.9144	0.1414	0.0	0.0
SRR30725424	30117184	0.0	1.5226	0.0	0.0	0.0
SRR11791283	24398832	0.0	7.7936	3.1641	0.0	0.0
SRR22044123	15100987	0.0	1.4363	0.5683	0.0	0.0
SRR7252059	2653088	1.2662	0.0	1.5543	0.0	0.0
SRR13823997	6405645	69.7335	0.0	0.4941	0.0	0.0
SRR10148838	10947973	0.0	9.1322	0.491	0.0	0.0
SRR10148839	11550644	0.0	9.1438	0.4857	0.0	0.0
SRR10148840	10888370	0.0	9.1437	0.4858	0.0	0.0
SRR35859410	35273524	0.0	14.2546	0.5794	0.0	0.0
SRR1745765	67595577	0.0	1.6445	0.0	0.0	0.0
SRR7152513	23741903	0.0	1.012	0.0	0.0	0.0
SRR21237711	21010391	0.1237	25.6542	0.9616	0.0	0.0
SRR28785887	7988171	0.0	36.5197	20.8791	0.0	0.0
SRR25210795	23439478	0.0	1.5356	0.2421	0.0	0.0
SRR28820184	30280212	0.0	2.0399	3.0155	0.0	0.0
DRR782989	24749660	19.1181	0.789	0.4707	0.0	0.0
SRR11356671	46261107	0.0	2.8058	0.1751	0.0	0.0
SRR26860114	36109296	68.0177	0.0	0.5543	0.0	0.0
SRR30166054	60109756	0.0	0.2246	3.4684	0.0	0.0
SRR11814922	22817642	2.8453	0.2142	0.1699	0.0	0.0
SRR25254708	24903463	0.0	2.3465	0.7484	0.0	0.0
SRR32993920	21260129	0.9607	3.339	0.8113	0.0	0.0
SRR33846324	26004673	4.1849	0.0	0.3689	0.0	0.0
SRR16938970	15153083	0.0	81.5304	0.0	0.0	0.0
SRR12160914	20340953	0.0	3.4322	0.5759	0.0	0.0
SRR26462330	20630436	0.0	2.1596	0.1365	0.0	0.0
SRR8309972	26325717	2.2258	0.0	0.2252	0.0	0.0
SRR23266316	19424146	0.0	1.7081	0.0	0.0	0.0
DRR839508	70430960	34.1202	0.0	1.4831	0.0	0.0
SRR7963508	26272411	0.0	1.0917	0.0	0.0	0.0
SRR34300126	32136002	5.3896	0.3999	9.7656	0.0	0.0
SRR7266189	3920035	1.1254	0.0	0.5121	0.0	0.0
SRR17414992	8908316	0.0	13.1077	0.7608	0.0	0.0
SRR35430851	12812979	0.0	4.5162	0.6877	0.0	0.0
ERR2695968	4958202	0.0	88.8267	1.977	0.0	0.0
SRR12616145	5494031	0.0	2.211	1.1674	0.0	0.0
SRR3734875	1147625	71.2433	0.0	0.658	0.0	0.0
SRR7264802	1518575	1.5989	0.0	0.0	0.0	0.0
SRR38326982	31053403	0.0	1.4355	0.2374	0.0	0.0
SRR15685549	25860711	0.0	2.8047	0.4943	0.0	0.0
SRR24859170	23712322	0.0	1.4435	0.1814	0.0	0.0
SRR22956445	22842095	0.0	0.0	3.9558	0.0	0.0
SRR29221779	19743418	0.0	2.7961	0.0	0.0	0.0
SRR24755842	31328266	0.0	4.3377	1.8726	0.0	0.0
SRR32921744	44135449	0.0	1.9498	0.4076	0.0	0.0
SRR29352961	31396924	0.0	4.2416	1.2752	0.0	0.0
SRR27297908	1969818	0.0	7.3763	0.5554	0.0	0.0
SRR36134913	6459062	5.3151	0.0	1.4807	0.0	0.0
SRR5133191	39611375	0.0	1.1319	0.1089	0.0	0.0
SRR10150170	21650013	0.0	1.8073	0.2662	0.0	0.0
SRR13528969	34820468	0.0	9.6596	1.2164	0.0	0.0
SRR27297735	568732	0.0	9.6534	0.6029	0.0	0.0
SRR38980057	45773842	0.0	1.1864	0.1655	0.0	0.0
SRR21021566	33311354	0.0	1.5279	1.9561	0.0	0.0
SRR12739065	87578238	0.0	0.0	2.9673	0.0	0.0
DRR217280	16117168	64.5632	0.0	0.2096	0.0	0.0
SRR12534352	22039208	0.0	3.5538	0.678	0.0	0.0
SRR19213881	4074334	0.0	2.0782	0.5294	0.0	0.0
SRR31124727	23664244	0.0	2.2349	0.3633	0.0	0.0
SRR7851410	23187019	26.6591	0.0	0.1351	0.0	0.0
SRR9593694	22265938	0.0	1.0427	0.0	0.0	0.0
SRR25021951	21488318	0.0	6.7381	0.8706	0.0	0.0
SRR36134915	6624445	3.792	0.0	3.6191	0.0	0.0
SRR31801796	20421808	0.0	1.2456	0.588	0.0	0.0
SRR15571114	44053948	19.2569	0.0	0.0	0.0	0.0
SRR19050458	24320960	10.0201	0.0	0.6219	0.0	0.0
DRR1003330	23605570	0.1597	1.121	0.4102	0.0	0.0
SRR20750892	836932	0.0	2.3221	1.7345	0.0	0.0
SRR37798391	27361924	9.995	0.2725	3.4438	0.0	0.0
SRR5724225	15437950	4.7267	0.0	0.0	0.0	0.0
SRR4470214	32890386	0.0	13.7588	0.0	0.0	0.0
SRR11574261	899586	0.0	2.9777	0.3821	0.0	0.0
ERR10926700	62947980	3.6921	0.0	0.181	0.0	0.0
SRR29001891	20442361	0.0	3.6798	0.288	0.0	0.0
SRR29290343	24066125	3.3477	0.0	0.2596	0.0	0.0
SRR23912211	21900070	0.0	34.7148	0.1222	0.0	0.0
SRR29536505	42476889	0.0	7.1862	1.9305	0.0	0.0
ERR13230666	4789081	0.0	0.0	22.094	0.0	0.0
SRR23221819	20542782	0.0	5.2239	2.9854	0.0	0.0
SRR38881097	36992360	0.1069	13.7093	1.0115	0.0	0.0
SRR29011627	22854225	0.0	1.8095	0.1845	0.0	0.0
SRR36910243	42663808	3.7433	0.0	6.1459	0.0	0.0
SRR36910251	33468608	4.7791	0.0	4.2071	0.0	0.0
SRR13312147	9738021	0.0	0.0	8.9151	0.0	0.0
SRR17456117	26099860	0.0	8.0007	4.1015	0.0	0.0
SRR17951562	32431830	5.5268	0.0	0.7398	0.0	0.0
SRR24633710	22901164	0.0	1.3969	0.7133	0.0	0.0
ERR10926641	57863219	15.3654	0.0	0.1093	0.0	0.0
SRR12533149	29151608	0.0	1.4542	1.4515	0.0	0.0
SRR27236369	32228074	0.0	35.4041	0.6983	0.0	0.0
SRR28392410	37024103	0.1883	3.8207	1.2621	0.0	0.0
SRR34326513	4441262	0.0	1.5934	0.2417	0.0	0.0
SRR7267185	1151118	3.2343	0.0	0.1507	0.0	0.0
SRR7507952	5161968	0.0	3.0613	0.1158	0.0	0.0
SRR19510988	30628671	0.0	1.6199	0.1633	0.0	0.0
SRR37899642	24301244	0.0	9.5839	5.9105	0.0	0.0
SRR21354774	268345	0.0	11.9313	1.4772	0.0	0.0
SRR10448318	2374496	1.7207	64.7333	12.5112	0.0	0.0
SRR21021751	43823089	0.0	1.1226	1.6778	0.0	0.0
SRR12768148	1221065	8.2918	0.1725	0.7815	0.0	0.0
SRR30795885	55366638	0.0	14.1775	1.4911	0.0	0.0
SRR20728025	35124097	0.0	3.9769	0.0	0.0	0.0
SRR24956559	18049248	0.0	0.0	15.5343	0.0	0.0
SRR21354858	599886	0.0	58.2721	9.7582	0.0	0.0
DRR444701	10593142	0.0	7.3652	1.7344	0.0	0.0
SRR24657656	25480387	0.0	29.9549	0.4954	0.0	0.0
SRR27323127	13353489	0.0	4.5663	50.1522	0.0	0.0
DRR897948	28035260	0.0	53.6209	0.1165	0.0	0.0
SRR8691567	33568788	0.0	9.5515	0.1309	0.0	0.0
SRR20750895	1438129	0.0	2.7175	1.8373	0.0	0.0
SRR26931928	31440542	0.0	7.446	2.5014	0.0	0.0
ERR7738947	30653084	0.0	4.4093	1.0948	0.0	0.0
SRR9656478	21595434	0.0	4.2162	0.0	0.0	0.0
SRR35415232	15659701	0.0	5.3903	0.2681	0.0	0.0
SRR23912220	22818872	0.1743	1.3661	0.2501	0.0	0.0
SRR17175771	24119488	0.0	2.5842	1.667	0.0	0.0
SRR29893217	53836784	0.0	1.4759	0.8638	0.0	0.0
SRR11741567	48847451	11.1828	0.0	1.1108	0.0	0.0
SRR20750859	1818455	0.0	1.1214	1.8342	0.0	0.0
SRR11176710	17856582	0.0	5.1049	0.0	0.0	0.0
SRR17408156	5212032	1.7571	29.1115	0.6959	0.0	0.0
SRR36790435	23931927	0.0	9.8832	0.4538	0.0	0.0
SRR9937179	20717765	0.0	2.8243	0.0	0.0	0.0
SRR5906858	11368631	0.0	1.4375	0.0	0.0	0.0
SRR25723166	17985953	0.0	18.4745	2.1706	0.0	0.0
SRR31908802	26592196	0.0	2.6053	0.2732	0.0	0.0
SRR24956715	10599666	0.0	0.0	17.487	0.0	0.0
ERR15289867	20601662	0.0	20.9895	0.0	0.0	0.0
ERR15405317	22977725	0.0	1.8482	1.0724	0.0	0.0
SRR13664516	24860544	0.0	2.1096	0.0	0.0	0.0
SRR34355015	23287952	0.0	58.8127	0.5213	0.0	0.0
SRR11574181	1207899	0.0	1.5328	0.4511	0.0	0.0
SRR20705474	28692320	0.0	1.4207	0.2187	0.0	0.0
SRR7265065	1633591	1.1217	0.0	0.0	0.0	0.0
SRR9071700	46823412	0.0	2.5221	0.0	0.0	0.0
ERR13230620	185152	0.0	0.0	15.6774	0.0	0.0
SRR10802173	23397049	8.3088	2.7339	0.37	0.0	0.0
SRR12214155	23404916	0.0	3.603	0.0	0.0	0.0
SRR13768459	29474143	43.2747	0.8793	1.7421	0.0	0.0
SRR3383781	15907915	5.5539	0.0	0.0	0.0	0.0
ERR7221676	10330246	0.0	15.5175	0.292	0.0	0.0
SRR7764208	25974726	0.0	13.5075	0.0	0.0	0.0
SRR29011854	24945012	0.0	6.2302	0.0	0.0	0.0
SRR12624238	4163121	2.7769	0.0	0.379	0.0	0.0
SRR12624239	1972212	2.5627	0.0	0.3163	0.0	0.0
SRR29001875	21439632	0.0	3.6838	0.2812	0.0	0.0
SRR30310359	23102918	0.0	18.5538	0.3211	0.0	0.0
SRR28486104	22738756	0.0	5.2752	0.0	0.0	0.0
SRR22201527	41570467	0.0	72.824	2.1701	0.0	0.0
SRR36910196	39809134	4.583	0.0	5.2917	0.0	0.0
SRR28872816	56542428	3.3779	2.9565	3.4786	0.0	0.0
SRR9134313	21249735	0.0	4.5415	2.3841	0.0	0.0
SRR36015676	29515296	0.0	33.4457	0.5219	0.0	0.0
SRR9854222	22393943	0.0	5.2383	0.0	0.0	0.0
SRR22142945	44612632	23.0899	0.0	0.4338	0.0	0.0
ERR10887002	66845400	23.1622	0.3519	0.1431	0.0	0.0
SRR32805990	48533014	2.0343	0.0	0.3673	0.0	0.0
SRR36367307	29488324	6.5792	0.0	9.8683	0.0	0.0
SRR27297696	1538905	0.0	3.7333	0.5135	0.0	0.0
SRR7264857	1205587	4.2608	0.0	0.0	0.0	0.0
SRR17175778	23519476	0.1231	1.7064	1.8614	0.0	0.0
SRR23948051	16860265	0.0	5.8763	3.6907	0.0	0.0
SRR29384959	35971228	1.7652	0.0	1.2314	0.0	0.0
SRR34326488	45647998	0.0	9.2414	0.6835	0.0	0.0
ERR5732374	23802079	0.0	0.0	2.7149	0.0	0.0
SRR10137387	39777316	0.0	5.7396	0.4573	0.0	0.0
SRR15693786	26311557	12.8812	0.0	0.0	0.0	0.0
SRR17408155	5377343	0.5224	27.2781	9.2033	0.0	0.0
SRR17310024	6660217	0.0	0.0	4.0337	0.0	0.0
SRR17310023	6783675	0.0	0.0	3.6394	0.0	0.0
SRR17310027	6145068	0.0	0.0	3.6765	0.0	0.0
SRR17310030	6039438	0.0	0.0	4.0589	0.0	0.0
SRR27844383	36194778	0.0	6.2721	6.8729	0.0	0.0
SRR13156671	19451062	0.0	0.0	3.3248	0.0	0.0
SRR7266165	740275	1.9337	0.0	0.0	0.0	0.0
SRR36910224	32411165	2.4017	2.3662	4.5578	0.0	0.0
SRR11448224	11777458	0.0	8.9029	0.0	0.0	0.0
SRR7507978	5213053	0.0	2.5355	0.0	0.0	0.0
ERR4369193	18011043	0.0	1.9083	1.0496	0.0	0.0
SRR866244	15740195	0.0	2.328	0.0	0.0	0.0
SRR30708821	25547926	0.0	48.9912	0.4027	0.0	0.0
SRR29011979	24453537	0.0	14.4175	0.136	0.0	0.0
SRR38897784	20376426	0.0	36.28	0.4604	0.0	0.0
ERR15289831	21134273	0.0	4.0322	0.0	0.0	0.0
SRR36986754	56809065	56.0323	0.0	0.1912	0.0	0.0
SRR7644286	25098459	38.7213	0.0	0.2079	0.0	0.0
SRR16474544	28727504	3.5715	0.0	2.9386	0.0	0.0
SRR32389832	45741288	0.0	3.7392	0.2468	0.0	0.0
SRR7266232	1858900	1.7934	0.0	0.0	0.0	0.0
SRR11091419	18864936	0.0	2.7985	0.3742	0.0	0.0
SRR24824165	24261412	0.0	1.9986	0.1784	0.0	0.0
SRR31611565	46668975	8.4691	0.0	0.5907	0.0	0.0
SRR8992617	2697220	2.6777	0.0	0.1668	0.0	0.0
SRR8992619	1282683	2.7184	0.0	0.1828	0.0	0.0
SRR8992618	2746694	2.7034	0.0	0.1712	0.0	0.0
SRR23852699	533245	0.0	50.9325	0.9979	0.0	0.0
SRR30795886	52456435	0.0	12.8919	1.5075	0.0	0.0
SRR18296856	24613022	0.0	2.0992	0.0	0.0	0.0
SRR38441804	21797582	0.8846	4.6064	0.1793	0.0	0.0
SRR15607734	21540076	0.0	0.0	0.6795	3.8687	0.0
SRR27333895	24622479	5.3582	3.8175	0.9648	0.0	0.0
SRR18684958	56214493	52.3102	0.0	3.1415	0.0	0.0
SRR27311339	1733078	4.9083	0.0	0.2415	0.5272	0.0
SRR26471830	24642108	9.6033	0.476	0.1479	0.0	0.0
SRR16938991	19767546	0.0	71.1926	0.2657	0.0	0.0
SRR21021769	36726304	0.2699	4.9654	0.9515	0.0	0.0
SRR8984108	34865876	33.9623	0.0	4.4176	0.0	0.0
SRR13109188	28178015	1.2151	3.7364	6.4754	0.0	0.0
SRR38441794	19838177	0.0	3.2439	0.2076	0.0	0.0
ERR16803912	572092	0.4671	0.0	6.7505	0.0	0.0
SRR21847005	25908338	0.161	5.5869	0.2422	0.0	0.0
SRR7408210	47146342	7.7535	0.0	0.0	0.0	0.0
SRR17267260	18049051	1.1211	0.0	0.9542	0.0	0.0
ERR12186758	192827910	1.3701	0.0	1.3022	0.0	0.0
SRR25318407	34770034	0.1075	1.6218	1.5926	0.0	0.0
SRR22163933	25154708	0.0	56.1871	0.303	0.0	0.0
SRR30202427	29837019	0.0	3.4988	0.0	0.0	0.0
DRR992070	27384340	0.0	1.7485	0.0	0.0	0.0
SRR39263434	25539309	0.0	68.246	0.313	0.0	0.0
SRR21354884	295345	0.0	79.5812	4.0062	0.0	0.0
SRR20705588	30897798	0.0	25.5064	1.0746	0.0	0.0
SRR7266206	2801576	3.0419	0.0	0.0	0.0	0.0
SRR11622366	2452836	0.0	15.9685	0.6911	0.0	0.0
SRR28415846	23012712	0.0	4.0889	0.2361	0.0	0.0
ERR13346971	22171346	0.0	1.848	0.1182	0.0	0.0
SRR12825444	2618312	0.0	1.3755	0.1449	0.0	0.0
SRR19605773	21755344	13.6506	0.0	0.5802	0.0	0.0
SRR32496693	53168632	0.0	3.919	0.3183	0.0	0.0
SRR12160912	25952812	0.0	26.4318	0.1308	0.0	0.0
SRR10736845	57418035	0.0	1.2412	0.0	0.0	0.0
SRR7267244	795249	1.9325	0.0	0.0	0.0	0.0
SRR8080627	20876247	0.0	10.6935	0.0	0.0	0.0
SRR11681088	13780037	9.9748	0.0	3.9555	2.0606	0.0
SRR15112550	25879641	0.0	1.9127	0.0	0.0	0.0
SRR25683583	24265249	0.0	2.8395	0.6974	0.0	0.0
SRR24019249	3297657	0.0	0.0	7.5701	0.0	0.0
SRR29011960	23304453	0.0	3.5822	0.1465	0.0	0.0
SRR36993186	21465796	0.0	0.0	1.9294	33.6838	0.0
SRR3233852	32018312	0.0	1.1824	0.9245	0.0	0.0
SRR11574316	1775277	0.0	2.2235	0.269	0.0	0.0
SRR39575308	58796932	0.0	46.431	1.1809	0.0	0.0
SRR5166427	8641037	2.1338	0.0	0.3324	0.0	0.0
SRR31669267	11927287	0.0	10.4919	1.1088	0.0	0.0
SRR36367332	44430896	11.2882	0.0	6.2981	0.0	0.0
SRR14674019	11705086	2.7032	0.0	1.2855	0.0	0.0
SRR29854857	20963097	0.5877	1.3013	0.2136	0.0	0.0
SRR39368709	23611275	0.1256	5.7543	2.9996	0.0	0.0
SRR33827820	23478325	0.0	3.1575	0.0	0.0	0.0
SRR21354813	737763	0.0	15.9929	1.0585	0.0	0.0
ERR16140452	33402920	0.0	2.3183	0.9863	0.0	0.0
SRR11566009	1446609	0.0	3.637	0.2596	0.0	0.0
SRR8661642	69240638	5.0245	0.0	3.9793	0.0	0.0
SRR11681092	14967646	7.3217	0.0	5.1528	10.9947	0.0
SRR29048339	25468297	0.1046	10.3251	0.4404	0.0	0.0
SRR5363200	47836728	0.0	0.0	10.9209	0.0	0.0
SRR10448361	612601	4.0818	56.9322	1.4887	0.0	0.0
SRR29482962	44936096	0.0	4.1873	7.0177	0.0	0.0
SRR33516684	23873252	0.0	5.8216	0.2081	0.0	0.0
SRR11448225	12416953	0.0	7.5048	1.2022	0.0	0.0
SRR33516609	24894214	0.0	3.5919	0.0	0.0	0.0
SRR10189435	23850504	65.5751	0.0	1.734	0.0	0.0
SRR8742955	19390769	1.3918	0.0	0.0	0.0	0.0
SRR24948385	20402740	0.0	3.2992	0.1285	0.0	0.0
SRR6123550	11353893	31.4741	0.0	0.0	0.0	0.0
SRR31932829	13343901	0.0	0.0	3.1237	0.0	0.0
SRR7267190	1169040	1.3092	0.0	0.0	0.0	0.0
SRR24657663	23535803	0.0	22.3498	0.6966	0.0	0.0
SRR29012057	27037370	0.0	7.4189	0.1905	0.0	0.0
SRR32838414	21808426	0.0	2.7286	0.6695	0.0	0.0
SRR7267248	1268427	6.678	0.0	0.0	0.0	0.0
SRR32921743	39270963	0.0	3.5883	0.5337	0.0	0.0
SRR17589117	37885861	0.0	1.1906	0.0	0.0	0.0
SRR6215494	121537953	5.1705	0.0	1.9662	0.0	0.0
SRR11791308	37104542	0.0	3.1524	7.2118	0.0	0.0
SRR3724079	24189177	76.9762	0.0	0.1742	0.0	0.0
SRR23292911	23328243	5.7118	0.0	0.3466	0.0	0.0
SRR7000853	8807225	47.848	0.0	0.1998	0.0	0.0
SRR3383692	10918947	3.2653	0.0	0.0	0.0	0.0
ERR7224415	79439216	0.0	0.0	2.9125	0.0	0.0
SRR28864141	47103833	7.0485	0.0	0.9205	0.0	0.0
SRR29011944	23180509	0.0	2.4493	0.1848	0.0	0.0
ERR10886905	59172003	3.2115	0.0	0.2171	0.0	0.0
SRR29352964	28908814	0.0	5.654	1.45	0.0	0.0
SRR6218745	50449621	1.6738	0.0	9.156	0.0	0.0
SRR38077038	47966959	53.9653	0.5297	1.3946	0.0	0.0
SRR10153114	11896082	0.0	2.4534	0.0	0.0	0.0
SRR36467000	21985514	0.0	8.1807	1.1307	0.0	0.0
SRR27466767	21692024	14.9995	0.0	0.6164	0.0	0.0
SRR12532051	22665945	0.0	4.2576	0.0	0.0	0.0
SRR17319226	22661495	5.9086	0.0	0.0	0.0	0.0
ERR13346930	25612761	0.0	3.6366	0.1795	0.0	0.0
SRR10135295	10170336	0.0	2.3463	0.0	0.0	0.0
SRR23852694	27672	0.0	46.1405	0.7661	0.0	0.0
SRR36292499	46413767	3.8862	0.0	5.6351	0.0	0.0
SRR6914590	26796837	0.0	2.1958	4.6229	0.0	0.0
SRR18957875	28747792	0.0	0.0	1.6923	2.5238	0.0
SRR6215484	101601447	4.5677	0.8416	5.4436	0.0	0.0
SRR11614152	9921186	1.2245	0.0	5.3359	0.0	0.0
SRR31806239	14771712	0.0	1.5682	1.4473	0.0	0.0
SRR28479709	25097008	0.0	1.9746	1.3245	0.0	0.0
SRR28637130	25223084	0.2465	35.8202	8.8979	0.0	0.0
SRR31538827	21627459	9.594	0.0	0.1221	0.0	0.0
SRR36199622	26637096	0.0	5.1687	0.3877	0.0	0.0
SRR23618780	20339602	3.0323	0.0	5.8754	0.1652	0.0
SRR33099176	26648025	0.0	2.4265	1.0055	0.0	0.0
SRR9123282	31035850	0.0	1.761	0.0	0.0	0.0
ERR13192090	25080164	0.0	0.0	14.0672	0.0	0.0
SRR27331982	2523367	0.0	5.4231	1.2211	0.0	0.0
ERR16140444	34397715	0.0	1.5198	1.2813	0.0	0.0
SRR7264796	2057767	1.4628	0.0	0.0	0.0	0.0
SRR34169803	42935221	0.0	31.7717	1.5057	0.0	0.0
SRR8418379	10520836	1.3581	0.0	0.4942	0.0	0.0
SRR11791312	21249735	0.0	4.5484	3.1931	0.0	0.0
SRR14766045	21149720	0.0	0.0	1.7098	0.0	0.0
SRR28392390	41086236	0.0	2.3116	1.2295	0.0	0.0
SRR35265216	24013921	0.0	9.5964	1.076	0.0	0.0
ERR3603779	44830712	0.0	0.0	2.1571	2.0939	0.0
SRR14674014	12166504	2.176	0.0	2.796	0.0	0.0
ERR4866102	22167295	0.0	1.0629	0.2644	0.0	0.0
SRR15614361	30351918	0.0	7.6615	1.8114	0.0	0.0
SRR16227910	60857124	0.0	3.5516	0.1438	0.0	0.0
SRR18578326	36185006	0.1188	2.7972	0.1616	0.0	0.0
SRR13069805	27427892	0.1475	3.7256	0.8738	0.0	0.0
SRR9680692	37005141	0.0	1.6714	0.0	0.0	0.0
SRR21354843	435774	0.0	12.5294	1.115	0.0	0.0
SRR33130919	21770861	0.0	35.6271	0.6304	0.0	0.0
SRR36491046	30763745	0.0	2.6521	0.3822	0.0	0.0
SRR8309954	44351416	2.1624	0.0	0.3022	0.0	0.0
SRR28637129	22531352	0.2955	5.8095	12.3003	0.0	0.0
SRR9854247	22122575	0.0	2.384	0.0	0.0	0.0
SRR31669314	11246040	0.0	10.8363	1.4088	0.0	0.0
SRR37325380	60144744	3.6062	0.0	0.6603	0.0	0.0
SRR6796741	26549272	0.0	1.967	0.0	0.0	0.0
SRR8984395	31799556	0.1327	1.4969	0.0	0.0	0.0
SRR27298118	1712605	0.0	4.123	0.3954	0.0	0.0
SRR7641912	15137093	0.0	2.8409	0.0	0.0	0.0
SRR31323410	25936694	0.0	2.863	0.192	0.0	0.0
SRR30708811	25692596	0.0	59.1191	0.504	0.0	0.0
SRR27498747	23263638	0.0	3.9998	0.9249	0.0	0.0
SRR38061563	71659669	0.0	4.8008	0.4395	0.0	0.0
ERR15405330	23403239	0.0	2.1599	0.9731	0.0	0.0
SRR8309896	24668642	2.2581	0.0	0.1622	0.0	0.0
SRR33541636	32767561	2.1017	0.0	0.3163	0.0	0.0
SRR7000839	28419030	3.1329	0.0	0.0	0.0	0.0
SRR17244262	23019559	0.0	30.4544	1.2259	0.0	0.0
SRR39159322	30126474	0.0	5.6243	0.164	0.0	0.0
SRR17244294	22804685	0.0	10.5283	2.7384	0.0	0.0
SRR22764486	51101675	9.2009	0.0	1.9994	0.0	0.0
SRR11364584	25553669	2.3285	0.0	0.568	0.0	0.0
SRR17316559	7910676	0.0	1.5165	4.8649	0.0	0.0
SRR24807943	51493544	2.3011	0.0	1.144	0.0	0.0
SRR27297883	1468502	0.0	2.7477	0.4518	0.0	0.0
SRR30781854	28726710	0.0	0.0	0.5699	12.2016	0.0
SRR7267260	1846921	1.7943	0.0	0.0	0.0	0.0
SRR19632033	40144636	0.0	15.2418	0.0	0.0	0.0
SRR7507994	4420716	0.0	1.1133	0.0	0.0	0.0
SRR17244270	22249050	0.0	8.4439	6.2776	0.0	0.0
SRR23514980	24289141	0.0	7.9074	0.0	0.0	0.0
SRR7508047	4729678	0.0	2.7394	0.0	0.0	0.0
SRR12073955	34299770	0.1869	7.8421	1.6215	0.0	0.0
SRR15354941	10837627	0.0	0.0	2.6762	0.0	0.0
SRR27331795	2350111	0.1846	1.9551	13.7025	0.0	0.0
SRR22430290	66950971	88.002	0.0	1.6645	0.0	0.0
SRR38914082	31210492	0.1896	7.5562	5.5436	0.0	0.0
SRR7507939	4744787	0.0	2.4337	1.2064	0.0	0.0
SRR11880368	20077279	0.0	3.8829	1.7377	0.0	0.0
SRR36292445	24098267	6.4671	0.3715	7.192	0.0	0.0
SRR4032279	13466732	0.0	2.1743	3.1602	0.0	0.0
SRR28365777	22680600	3.078	0.0	1.6898	0.0	0.0
SRR37491899	18472420	1.6592	0.0	9.2679	0.0	0.0
SRR7507989	4601359	0.0	1.562	1.655	0.0	0.0
SRR13951262	23782409	0.0	11.3736	0.0	0.0	0.0
ERR15368204	70483870	0.0	31.604	0.2592	0.0	0.0
SRR26881947	32291011	0.0	1.5513	0.7757	0.0	0.0
SRR36134868	6113063	7.0899	0.0	1.3565	0.0	0.0
SRR8475379	16717309	4.7412	0.0	0.0	0.0	0.0
SRR7264707	3456182	1.9714	0.0	0.1866	0.0	0.0
SRR12615811	4878395	0.0	1.3988	1.1693	0.0	0.0
SRR7508092	4526311	0.0	1.9786	0.216	0.0	0.0
SRR29281559	18665761	0.0	2.6437	0.3628	0.0	0.0
SRR29606646	40571074	0.0	0.0	16.7497	0.0	0.0
SRR3100253	21733152	0.0	1.2553	0.0	0.0	0.0
SRR11741569	45380874	13.8796	0.0	0.9975	0.0	0.0
SRR36367294	39107904	23.8033	1.8276	4.2821	0.0	0.0
SRR28797249	24192240	0.0	12.4348	0.1354	0.0	0.0
SRR16351753	25676083	1.7233	0.0	2.855	0.0	0.0
SRR38979935	22400542	0.0	1.6599	0.2777	0.0	0.0
ERR4329540	89330521	71.2373	0.0	0.0	0.0	0.0
SRR11566030	2190287	0.0	7.626	0.1741	0.0	0.0
SRR15084932	32703289	0.0	18.8697	0.2784	0.0	0.0
SRR27297955	2251306	0.0	5.8629	0.1515	0.0	0.0
SRR33516344	36457617	0.0	2.853	0.6347	0.0	0.0
SRR9680701	37947165	0.0	1.4649	0.0	0.0	0.0
SRR15141039	3435342	2.7679	0.0	2.5722	0.0	0.0
SRR13084379	23447060	0.0	0.0	1.858	57.4493	0.0
SRR30357897	61034672	0.2551	4.0004	0.2135	0.0	0.0
SRR18474740	18919087	5.1616	0.0	0.0	0.0	0.0
SRR31575639	8706949	0.0	71.9306	0.2733	0.0	0.0
SRR29676323	35695003	0.0	0.0	5.0523	0.0	0.0
SRR18138594	47715166	0.0	2.6629	1.0863	0.0	0.0
SRR29469376	26635881	5.3443	0.0	0.264	0.0	0.0
SRR34326222	38019794	0.1608	7.0105	0.1488	0.0	0.0
SRR7507981	4379914	0.0	2.3973	1.4641	0.0	0.0
SRR37244531	23752902	2.1445	0.0	0.4183	0.0	0.0
SRR27866690	82347661	0.0	3.122	6.177	0.0	0.0
SRR20705584	31318799	0.0	37.5329	1.2023	0.0	0.0
SRR8691554	33053533	0.0	2.3081	0.2985	0.0	0.0
SRR16849156	25017547	5.7857	0.0	0.2477	0.0	0.0
SRR7266065	1747122	1.4777	0.0	0.0	0.0	0.0
SRR36191942	49578935	0.0	13.768	5.3886	0.0	0.0
SRR7267008	1193684	2.1435	0.0	0.2212	0.0	0.0
SRR12532054	22092956	0.0	11.5749	0.0	0.0	0.0
SRR24657676	19936572	0.0	18.2976	0.3808	0.0	0.0
SRR28353091	33111753	6.3556	0.0	0.1407	0.0	0.0
SRR39147265	22755354	0.2705	2.1025	0.6217	0.0	0.0
SRR7264758	3759870	2.2836	0.0	0.208	0.0	0.0
SRR20613466	25600457	0.0	1.7652	0.0	0.0	0.0
SRR29446356	24244707	0.0	1.5739	0.51	0.0	0.0
SRR36407417	91157367	0.0	0.0	2.0398	0.0	0.0
SRR2096838	10412893	8.1579	0.0	0.9508	0.0	0.0
SRR13298298	40858205	0.0	20.5157	0.1172	0.0	0.0
SRR17244293	20982057	0.0	22.1108	1.9676	0.0	0.0
SRR26860138	25462394	1.1052	0.0	1.7105	0.0	0.0
SRR866216	31677976	1.0257	1.6215	0.5614	0.0	0.0
SRR14264068	27272354	0.0	1.3684	0.0	0.0	0.0
SRR10135416	10312539	0.0	3.4085	0.2473	0.0	0.0
SRR12624271	2487971	2.0616	0.0	0.316	0.0	0.0
SRR12624270	3528689	2.2142	0.0	0.3965	0.0	0.0
SRR14673985	13722324	2.331	0.0	1.968	0.0	0.0
SRR32628205	21734095	0.0	3.5077	0.3818	0.0	0.0
SRR3571662	189463813	1.3437	0.0	0.0	0.0	0.0
ERR11670138	19120165	0.0	38.3553	5.8724	0.0	0.0
SRR19785291	54095207	0.0	1.6561	3.0613	0.0	0.0
SRR26264126	23791479	0.0	5.5999	0.8017	0.0	0.0
SRR26277463	17518962	1.7825	0.0	1.926	0.0	0.0
SRR33935577	13300315	1.0997	0.0	64.0375	0.0	0.0
ERR2040713	11900198	0.0	32.329	0.0	0.0	0.0
SRR14270272	21955910	0.0	1.9515	0.119	0.0	0.0
SRR24956720	15103305	0.0	0.0	10.493	0.0	0.0
SRR4296271	20600717	28.1759	0.0	1.3276	0.0	0.0
SRR7266112	2074420	1.1418	0.0	0.0	0.0	0.0
SRR11574216	1128744	0.0	1.4419	0.3382	0.0	0.0
SRR26277480	20554994	1.6858	0.0	2.2481	0.0	0.0
SRR20184524	9417986	0.0	20.9278	0.3714	0.0	0.0
SRR30795867	53737800	0.0	35.2139	0.6199	0.0	0.0
SRR38194325	29637679	81.3977	0.0	0.2503	0.0	0.0
SRR14238792	26952001	1.8776	0.0	0.3215	0.0	0.0
SRR24254543	63070469	0.0	0.0	4.7181	0.0	0.0
SRR7267179	1555044	13.273	0.0	0.0	0.0	0.0
SRR15696706	24891018	6.8785	0.0	0.8277	0.0	0.0
SRR27297693	1885456	0.0	3.2019	0.1829	0.0	0.0
SRR14673904	14912431	1.6645	0.0	1.7986	0.0	0.0
SRR3734860	1028200	67.074	0.0	0.6997	0.0	0.0
SRR19352684	21694811	0.0	1.3883	0.0	0.0	0.0
SRR17408152	5169125	0.6928	29.5163	2.0184	0.0	0.0
ERR11670137	36455888	0.0	52.8813	2.9497	0.0	0.0
SRR21021767	14670939	0.0	1.4425	0.8011	0.0	0.0
SRR27298256	1311087	0.0	1.1386	0.5314	0.0	0.0
SRR31833127	34227251	8.0911	0.0	0.842	0.0	0.0
SRR17137462	24649128	1.3023	3.6805	0.2664	0.0	0.0
SRR29906206	21669115	0.0	1.5149	0.0	0.0	0.0
SRR6398525	688119	0.0	3.8666	0.9254	0.0	0.0
SRR39147262	23732245	0.0	6.0111	0.6369	0.0	0.0
SRR8691563	33068306	0.0	2.1693	0.0	0.0	0.0
ERR789112	26328313	16.663	0.0	0.0	0.0	0.0
SRR20480249	20024965	0.0	3.5615	2.1735	0.0	0.0
SRR36744964	24598078	0.0	0.0	0.334	25.6193	0.0
SRR26881948	23221549	0.0	1.2595	0.5772	0.0	0.0
SRR35963406	27634847	0.0	2.6777	0.4292	0.0	0.0
SRR6511854	34587571	1.2237	0.0	0.1205	0.0	0.0
SRR10269816	21214488	0.0	1.1543	0.1944	0.0	0.0
DRR832828	22920565	0.1358	0.0	0.3975	37.9582	0.0
SRR31908800	19013582	0.0	2.0551	0.2927	0.0	0.0
SRR37655629	22678220	0.0	31.9911	0.6709	0.0	0.0
ERR10213402	70051199	0.0	0.0	11.2333	0.0	0.0
SRR25037590	31851702	0.0	15.7974	5.1062	0.0	0.0
SRR24115767	32225890	0.0	2.0311	0.5788	0.0	0.0
SRR10017203	29546585	0.0	9.2313	0.0	0.0	0.0
SRR22430816	42719534	0.0	1.606	0.0	0.0	0.0
SRR28454403	21376643	0.0	1.0266	0.8656	0.0	0.0
SRR7267061	1330228	7.9009	0.0	0.8204	0.0	0.0
SRR10134984	10748979	0.0	5.329	0.0	0.0	0.0
SRR25422563	41730647	0.0	94.4374	0.0	0.0	0.0
SRR29872464	34975365	4.8212	0.0	3.7282	0.0	0.0
SRR23758761	25710320	0.0	0.0	0.2103	4.2854	0.0
SRR31851762	31005311	0.0	13.8335	1.2102	0.0	0.0
SRR25209550	22789555	0.0	3.8363	0.125	0.0	0.0
SRR25379826	19905115	0.0	12.2124	0.9012	0.0	0.0
SRR36993194	22791607	0.0	0.0	1.3208	8.5978	0.0
ERR10886983	50799630	2.5268	0.0	0.3409	0.0	0.0
ERR3596737	74260743	2.1528	0.0	0.3407	0.0	0.0
SRR12214149	22227823	0.0	1.7161	0.0	0.0	0.0
SRR25402474	1528407	3.8115	9.3665	1.9722	0.0	0.0
SRR20450844	10249689	0.0	5.9055	0.0	0.0	0.0
ERR10886903	61175534	3.2155	0.0	0.3628	0.0	0.0
ERR13249841	47205966	0.0	0.0	42.577	0.0	0.0
SRR8984379	24496802	0.0	2.6422	0.0	0.0	0.0
SRR29304498	22472675	0.0	4.2809	8.0479	0.0	0.0
ERR13230727	2694633	0.0	0.0	16.2932	0.0	0.0
SRR10075615	39055812	44.1508	0.0	0.0	0.0	0.0
SRR24415111	42320866	0.0	1.2419	0.6836	0.0	0.0
SRR26860149	32200113	69.3755	6.1749	0.0	0.0	0.0
SRR29728967	25604846	0.0	3.9621	0.0	0.0	0.0
SRR29241346	22751428	0.0	24.219	0.2923	0.0	0.0
SRR14239696	28329930	0.1291	4.8902	12.699	0.0	0.0
SRR34326325	4822967	0.0	1.742	0.1063	0.0	0.0
SRR36606546	22779874	3.1261	5.413	0.6108	0.0	0.0
SRR7267173	1487027	8.5357	0.0	0.411	0.0	0.0
SRR14016627	29915183	1.4378	0.0	0.2388	0.0	0.0
ERR15368213	84038780	0.0	41.7486	0.2572	0.0	0.0
SRR7267048	1169892	2.5371	0.0	0.0	0.0	0.0
SRR11741571	23099752	14.3251	0.0	1.3998	0.0	0.0
SRR27323049	1284914	0.0	7.1555	2.5602	0.0	0.0
ERR15825689	21241361	0.0	1.0759	0.0	0.0	0.0
SRR37153696	20612877	0.0	4.7502	1.4191	0.0	0.0
SRR25046088	24098356	0.0	1.1754	0.0	0.0	0.0
SRR13528961	46338738	0.0	1.1951	1.0268	0.0	0.0
SRR34469061	23460251	0.0	4.4378	0.2805	0.0	0.0
SRR37845431	20016843	0.0	2.1727	0.642	0.0	0.0
SRR35262458	40219700	9.3216	0.0	0.2171	0.0	0.0
SRR39326598	3406313	0.6741	0.0	4.0844	0.0	0.0
SRR11521317	301517	0.0	23.4842	3.4021	0.0	0.0
SRR7264906	1891800	2.2804	0.0	0.0	0.0	0.0
SRR27555685	30504251	0.0	1.0218	0.0	0.0	0.0
SRR24956707	16139782	0.0	0.0	15.385	0.0	0.0
SRR31854878	21059482	0.0	1.599	0.0	0.0	0.0
ERR13147813	28284886	0.7849	1.9801	0.1217	0.0	0.0
ERR13147812	33115802	0.7438	1.9686	0.0	0.0	0.0
SRR23548121	99454354	1.3158	0.0	1.1715	0.0	0.0
SRR27323272	4269002	0.0	0.1294	3.8148	0.0	0.0
SRR34300139	31890041	6.1302	0.0	6.2352	0.0	0.0
SRR38980060	41885923	0.0	5.0733	0.1501	0.0	0.0
SRR33226742	68974759	0.0	8.2241	0.7226	0.0	0.0
ERR15825675	21346576	0.0	1.5609	0.1103	0.0	0.0
SRR13069794	32063021	0.0	2.3118	0.5787	0.0	0.0
SRR14068155	30090006	5.3925	0.0	1.0947	0.0	0.0
SRR29061974	22136621	3.5302	0.0	0.6193	0.0	0.0
SRR15253614	29818886	0.0	2.9086	1.2005	0.0	0.0
SRR37270897	32410917	4.4251	0.0	1.2158	0.0	0.0
SRR1631879	35889735	0.0	1.1993	0.0	0.0	0.0
SRR8163290	31353465	0.0	2.1427	0.0	0.0	0.0
SRR34590379	23885985	0.0	3.6948	0.0	0.0	0.0
SRR7517558	23848355	0.0	2.0686	0.0	0.0	0.0
ERR10926642	86138608	12.2508	0.0	0.1527	0.0	0.0
SRR26497552	30500562	0.0	3.3447	0.1155	0.0	0.0
SRR25996495	23633713	0.0	2.3327	1.923	0.0	0.0
SRR7266299	2686155	2.3331	0.0	0.0	0.0	0.0
ERR16044786	22945973	0.0	0.0	3.5777	0.0	0.0
SRR9919005	22528523	0.0	3.0847	0.1623	0.0	0.0
SRR17916350	20460385	14.7351	0.0	1.0548	0.0	0.0
ERR572015	13623355	0.0	2.28	0.9837	0.0	0.0
DRR858067	80040161	22.1199	0.0	0.4952	0.0	0.0
SRR36865072	23544727	0.0	2.2454	6.0293	0.0	0.0
DRR260997	13337996	0.0	1.4189	14.8746	0.0	0.0
SRR13566502	23019348	0.0	2.9587	0.2576	0.0	0.0
SRR28479982	26405934	0.0	3.0106	0.0	0.0	0.0
SRR7266342	1701288	3.608	0.0	0.1912	0.0	0.0
SRR16480646	35417081	0.0	4.7772	9.4927	0.0	0.0
SRR31731496	23071584	24.8789	0.0	0.0	0.0	0.0
SRR34355025	20852369	0.0	29.2922	0.4496	0.0	0.0
SRR23198269	29856669	27.8201	0.0	0.7334	0.0	0.0
SRR16760707	20414477	0.0	7.9684	0.1004	0.0	0.0
SRR11814825	23203505	0.0	2.1342	0.1734	0.0	0.0
SRR34265008	29861904	1.3221	0.0	1.0244	0.0	0.0
SRR10290618	14551469	3.845	0.0	1.6675	0.0	0.0
SRR28208956	25494561	0.1055	2.4246	0.3795	0.0	0.0
SRR6466856	51027238	0.0	1.6211	0.7607	0.0	0.0
ERR3891520	11316960	0.0	4.6179	2.3966	0.0	0.0
SRR6218756	35797170	17.3229	0.0	4.3784	0.0	0.0
SRR2932330	21624509	0.0	1.2189	0.0	0.0	0.0
SRR7507975	5122038	0.0	1.2578	1.6172	0.0	0.0
SRR25402477	3438879	0.6938	3.1072	1.9619	0.0	0.0
SRR31187768	26038360	0.0	21.0704	0.1652	0.0	0.0
SRR11459974	14223658	0.2169	1.3229	0.1849	0.0	0.0
SRR6075443	11874142	0.0	5.4489	6.0983	0.0	0.0
SRR11814882	20944191	0.1339	1.8719	0.1566	0.0	0.0
SRR11291057	50866055	0.0	4.1782	0.6921	0.0	0.0
SRR1582620	25584584	0.0	1.5122	0.0	0.0	0.0
SRR7266237	1321091	1.3901	0.0	0.3156	0.0	0.0
SRR17316538	7303747	0.0	1.1063	3.5689	0.0	0.0
ERR9010009	743812	0.0	0.0	2.3823	0.0	0.0
SRR10135394	8864412	0.2577	3.4136	0.2608	0.0	0.0
SRR21197576	21901539	0.0	2.3279	0.4101	0.0	0.0
SRR14366244	3719362	0.0	2.58	0.0	0.0	0.0
ERR15405329	20274153	0.0	2.4356	0.8977	0.0	0.0
SRR22858684	23750568	0.0	22.0982	0.8252	0.0	0.0
SRR35533169	27778399	0.0	3.3271	0.2761	0.0	0.0
SRR11521311	558274	0.0	9.4824	1.9218	0.0	0.0
ERR3891503	709940	0.0	50.2251	4.9201	0.0	0.0
SRR8846340	19048290	0.0	1.6079	0.0	0.0	0.0
SRR31562877	26496614	0.0	1.8501	0.5203	0.0	0.0
SRR18394860	37110249	0.0	0.0	5.2057	0.0	0.0
SRR24657660	22378288	0.0	29.0255	0.5705	0.0	0.0
SRR34113583	24656129	0.0	1.3772	0.1908	0.0	0.0
SRR24906449	26404537	0.0	2.2509	2.8109	0.0	0.0
SRR24956682	9574590	2.5148	0.0	13.5361	0.0	0.0
SRR26083773	21922239	0.0	21.472	0.5035	0.0	0.0
SRR28797142	25238910	0.0	3.767	0.1714	0.0	0.0
SRR25078193	36623225	6.8962	0.0	1.6798	0.0	0.0
SRR21997284	24383324	24.5144	0.0	2.3301	0.0	0.0
SRR29241347	24279137	0.0	24.2545	0.247	0.0	0.0
SRR21354822	1213755	0.0	5.5816	2.4067	0.0	0.0
SRR23194159	4062470	4.827	0.0	1.2348	0.0	0.0
SRR7264979	130773	5.8085	0.0	3.578	0.0	0.0
SRR7361603	19261002	0.0	4.4494	0.0	0.0	0.0
ERR10886982	52089557	2.5305	0.0	0.23	0.0	0.0
SRR11241342	42265068	0.0	1.5834	1.6104	0.0	0.0
SRR30009870	29857387	11.9075	2.7092	0.3814	0.7666	0.0
DRR764029	24138627	1.1991	0.0	0.0	61.8825	0.0
SRR3383845	17430727	3.3648	0.0	1.4157	0.0	0.0
SRR7266128	1651745	7.5627	0.0	0.0	0.0	0.0
SRR37325413	60004717	1.4924	0.0	0.4371	0.0	0.0
SRR30166080	23726454	0.0	4.7334	0.0	0.0	0.0
SRR23948067	43487593	0.0	13.5949	2.5113	0.0	0.0
SRR12473741	38775100	0.2647	4.0783	0.5843	0.0	0.0
SRR9120827	29185064	0.0	6.2216	0.1442	0.0	0.0
SRR23602668	24710403	0.0	5.9984	3.9161	0.0	0.0
ERR15368173	64769575	0.0	9.0034	0.3644	0.0	0.0
SRR22942406	22608756	0.0	1.9625	0.4142	0.0	0.0
SRR36790402	29824067	0.0	3.149	1.4386	0.0	0.0
SRR37881006	38606730	0.0	4.1665	0.8387	0.0	0.0
SRR11809772	33344710	0.0	40.0403	1.2561	0.0	0.0
SRR28764382	20501424	0.0	3.6027	0.4693	0.0	0.0
SRR34169753	38838622	0.0	20.1481	0.8555	0.0	0.0
SRR7264937	1495558	8.4368	0.0	0.0	0.0	0.0
SRR29304501	21606543	0.0	2.0587	8.4236	0.0	0.0
SRR29686402	34019855	0.0	0.0	91.9082	0.0	0.0
ERR11669019	46069854	0.0	1.2577	0.0	0.0	0.0
SRR22858663	29172503	0.0	20.8093	0.9032	0.0	0.0
SRR6039731	30838063	1.4622	0.0	0.0	0.0	0.0
SRR26321439	19108148	0.0	1.9312	0.0	0.0	0.0
SRR6039744	31599751	14.2245	0.0	0.2815	0.0	0.0
SRR6145817	14952872	0.0	3.3728	1.4235	0.0	0.0
SRR23883735	20901054	0.0	2.2907	0.0	0.0	0.0
ERR12177912	29083124	0.0	0.0	7.9213	0.0	0.0
SRR7651443	5864879	0.0	5.0597	0.7433	0.0	0.0
SRR6039730	47922623	1.4566	0.0	0.0	0.0	0.0
SRR31439143	43495435	4.2441	0.3756	0.8842	0.0	0.0
SRR7267006	1200443	5.1107	0.0	0.0	0.0	0.0
ERR5383405	30316685	0.0	1.6352	0.3505	0.0	0.0
SRR7508064	4338477	0.0	2.3655	1.4628	0.0	0.0
SRR25344624	8973373	0.0	5.3117	0.2141	0.0	0.0
SRR24737314	36379628	5.0211	0.0	0.4979	0.0	0.0
ERR13193751	49657118	0.0	0.0	13.7785	0.0	0.0
SRR10802187	23886167	0.0	5.2235	6.8541	0.0	0.0
SRR17316537	7151299	0.0	1.1241	3.5845	0.0	0.0
SRR23948031	22023012	0.0	7.8951	1.9469	0.0	0.0
SRR31833128	34004185	8.0745	0.0	0.7419	0.0	0.0
SRR11566078	1956892	0.0	1.25	0.0	0.0	0.0
SRR30271401	21741357	0.0	1.3669	0.2515	0.0	0.0
SRR8457034	26590575	0.0	8.3981	0.0	0.0	0.0
SRR17916422	25359958	23.3522	0.0	1.641	0.0	0.0
SRR32288538	46702929	1.881	0.0	0.4865	0.0	0.0
SRR25998769	32907436	4.0967	0.0	0.4989	0.0	0.0
SRR28427837	19742716	0.0	3.0695	5.6615	0.0	0.0
SRR23266329	19324927	0.0	3.1485	0.0	0.0	0.0
SRR23912216	23033948	0.0	3.9007	0.1508	0.0	0.0
SRR28393289	1723386	0.0	5.2393	1.1104	0.0	0.0
SRR27239677	24602929	0.0	3.3751	0.3696	0.0	0.0
ERR15398737	34436818	0.0	0.0	3.0693	0.0	0.0
SRR1774238	39140500	16.4238	0.0	0.6895	0.0	0.0
SRR1774240	32324079	10.549	0.0	0.6097	0.0	0.0
SRR1774246	31649942	10.6435	0.0	0.5248	0.0	0.0
SRR1774244	37017695	17.4622	0.0	0.3437	0.0	0.0
SRR1774241	32782793	17.5094	0.0	0.5229	0.0	0.0
SRR1776521	31451580	17.6849	0.0	0.5643	0.0	0.0
SRR1776566	30867535	10.6556	0.0	0.5299	0.0	0.0
SRR29012006	26112964	0.0	5.1564	0.0	0.0	0.0
SRR1776573	30730423	17.7295	0.0	0.5658	0.0	0.0
ERR15114479	44211419	5.7195	0.1888	2.0439	0.0	0.0
ERR10962832	16852970	32.6764	0.0	0.4181	0.0	0.0
SRR14812915	21315268	23.377	0.0	2.5022	0.0	0.0
DRR839506	64740399	16.7012	0.0	2.5447	0.0	0.0
ERR15826154	23732468	0.0	1.2038	0.0	0.0	0.0
SRR16938899	15366172	0.0	81.9756	0.0	0.0	0.0
SRR21354785	427329	0.0	9.3694	0.7437	0.0	0.0
DRR992052	23581273	0.0	1.4819	0.0	0.0	0.0
SRR7267036	1511061	1.5633	0.0	0.0	0.0	0.0
SRR5288604	32410573	0.0	0.0	1.8101	2.7557	0.0
SRR14074318	45492246	0.0	3.0002	4.8421	0.0	0.0
SRR17062616	60072621	0.0	3.511	0.151	0.0	0.0
SRR29044692	26979647	0.0	0.0	4.7469	0.0	0.0
SRR11352848	4357906	0.0	4.8354	0.0	0.0	0.0
SRR1776535	35940042	17.4601	0.0	0.3456	0.0	0.0
SRR36594213	20260056	8.7112	0.0	1.0412	0.0	0.0
SRR7508035	4662613	0.0	4.8203	0.1843	0.0	0.0
SRR17456138	32668314	0.0	4.4324	4.9045	0.0	0.0
SRR3734868	434125	68.1359	0.0	1.2858	0.0	0.0
SRR6075441	12175080	0.0	10.9527	0.7286	0.0	0.0
SRR24956661	8581963	0.0	0.0	47.2233	0.0	0.0
SRR19240847	23245094	0.0	1.3821	0.2608	0.0	0.0
SRR31346557	36168123	0.0	4.0528	2.0496	0.0	0.0
SRR32921748	35197435	0.0	7.7623	1.7134	0.0	0.0
SRR21021843	55469262	0.0	1.1452	0.1573	0.0	0.0
SRR35430830	12119492	0.0	14.8323	0.2525	0.0	0.0
SRR29362656	21587150	2.5095	0.0	0.8678	0.0	0.0
SRR7264844	1684601	1.6144	0.0	0.0	0.0	0.0
SRR13590822	21854742	0.3932	5.2624	0.3486	0.0	0.0
SRR30495763	27967353	2.8859	0.0	2.586	0.0	0.0
SRR27842066	51151947	0.0	1.4313	4.3233	0.0	0.0
SRR32024056	7363691	0.258	0.0	25.0611	0.0	0.0
SRR36292455	42272916	4.0029	0.0	4.8466	0.0	0.0
SRR15084931	31431076	0.0	43.0168	0.1801	0.0	0.0
SRR21847002	29742718	0.0	4.7127	0.1829	0.0	0.0
SRR30501046	20758437	0.0	10.4581	0.2447	0.0	0.0
SRR15084007	26284113	7.0693	0.0	0.3235	0.0	0.0
SRR22730660	25057477	0.0	4.7076	1.2321	0.0	0.0
SRR36377805	23229965	0.0	0.0	0.0	2.008	0.0
SRR24657664	21550760	0.0	22.8271	0.6415	0.0	0.0
SRR25573846	19852823	0.0	1.7123	0.8587	0.0	0.0
SRR32814522	21193394	0.0	2.1372	5.2507	0.0	0.0
SRR3371864	27070426	0.0	22.3997	0.0	0.0	0.0
ERR15648400	50326599	11.2729	0.0	2.972	0.0	0.0
SRR7264785	1142493	2.7144	0.0	0.0	0.0	0.0
SRR37160101	21025873	0.0	3.2597	2.8144	0.0	0.0
SRR22124092	29513261	0.0	0.0	2.7475	0.0	0.0
SRR30357889	73658729	0.0	2.9321	0.1117	0.0	0.0
SRR16480631	31590477	0.0	24.031	5.9716	0.0	0.0
SRR24657702	21910985	0.0	21.8043	0.422	0.0	0.0
SRR25522903	35052591	0.0	0.0	2.6286	0.0	0.0
SRR34300110	37703191	5.3323	0.0	8.3133	0.0	0.0
SRR39368708	26624682	0.2737	10.4991	5.5275	0.0	0.0
ERR6212317	4846585	0.0	1.3134	1.2586	0.0	0.0
SRR14803610	23908768	0.0	28.1346	1.2542	0.0	0.0
SRR24956689	11300561	4.7388	0.0	13.0369	0.0	0.0
SRR866219	23645943	2.0354	1.1368	0.6558	0.0	0.0
SRR15614363	27532784	0.0	6.8202	1.8907	0.0	0.0
SRR21021759	47299657	0.1749	2.4679	0.783	0.0	0.0
SRR30202424	31847401	0.0	4.7114	0.0	0.0	0.0
SRR21921822	21225590	0.2483	9.8179	0.8563	0.0	0.0
SRR30606370	39248834	27.6532	0.0	1.2186	0.0	0.0
SRR1582461	11261216	39.6481	0.0	0.0	0.0	0.0
SRR1582462	8921161	35.2674	0.0	0.0	0.0	0.0
SRR12207813	29147938	0.0	2.4448	0.1825	0.0	0.0
SRR15607731	21462351	0.0	0.0	0.7843	5.9949	0.0
SRR30859956	23224231	0.4293	9.1177	0.6526	0.0	0.0
SRR33516196	23599144	0.0	14.9598	0.1713	0.0	0.0
SRR28392420	38150520	0.2582	5.0596	0.9467	0.0	0.0
SRR13167995	35088289	6.5431	0.0	1.1642	0.0	0.0
SRR35525929	23734438	0.0	3.2358	0.8427	0.0	0.0
SRR1818392	28426902	4.0583	0.0	0.0	0.0	0.0
SRR12899062	14964279	0.0	36.3201	0.1453	0.0	0.0
SRR25969054	28657734	4.5994	0.0	0.816	0.0	0.0
SRR31669371	12293560	0.0	6.4235	3.4055	0.0	0.0
SRR7628937	47260501	34.4132	0.0	0.0	0.0	0.0
SRR26264130	20631096	0.0	2.3729	0.4861	0.0	0.0
SRR25969019	36381491	7.9132	0.0	1.4282	0.0	0.0
SRR27322863	3837724	0.0	0.1707	4.2533	0.0	0.0
SRR31134494	37156653	1.4902	0.0	0.6367	0.0	0.0
SRR9134363	25796612	0.0	6.3659	1.7144	0.0	0.0
SRR16637959	22914208	1.4925	0.0	0.8006	0.0	0.0
SRR7507906	5252785	0.0	2.1793	1.1327	0.0	0.0
SRR10148830	9700285	0.0	6.7614	0.7642	0.0	0.0
SRR10148829	9166686	0.0	6.7683	0.7695	0.0	0.0
SRR10148831	9173776	0.0	6.7658	0.7691	0.0	0.0
SRR33386593	24462229	0.0	5.0672	1.1954	0.0	0.0
SRR8078959	31194460	4.3654	0.0	0.0	0.0	0.0
SRR7507935	4756286	0.0	2.4552	0.9542	0.0	0.0
SRR36367287	49876529	8.6242	0.0	8.4402	0.0	0.0
SRR7508104	4894876	0.0	2.4403	0.0	0.0	0.0
SRR10148797	26037439	0.0	4.4846	0.148	0.0	0.0
SRR10198771	23344279	0.1347	0.0	1.2373	0.0	0.0
SRR27323004	1215286	0.0	43.2958	1.5504	0.0	0.0
SRR5387761	43348068	0.0	31.7576	0.7761	0.0	0.0
SRR34469069	32173589	0.0	7.8554	0.2084	0.0	0.0
SRR11809777	33358664	0.0	42.0181	1.5112	0.0	0.0
SRR7508040	5501015	0.0	1.7712	0.0	0.0	0.0
SRR30644294	36111004	0.9223	1.5452	1.3007	0.0	0.0
SRR37244530	20651989	3.6044	0.0	0.5543	0.0	0.0
SRR28975618	2692501	1.8661	0.0	0.9577	0.0	0.0
SRR25534626	28118700	0.0	1.9792	1.2304	0.0	0.0
SRR13134695	25634607	0.0	36.6871	0.3404	0.0	0.0
SRR20751002	834017	0.0	2.6297	1.6369	0.0	0.0
SRR19546736	35458971	2.7455	0.0	0.6359	0.0	0.0
SRR27331882	1489876	0.0	13.4791	1.7644	0.0	0.0
DRR999492	25158226	0.0	9.5144	1.5427	0.0	0.0
SRR13171768	23210707	0.0	2.0792	0.1333	0.0	0.0
DRR997357	21098344	0.0	1.6835	0.6625	0.0	0.0
SRR17916427	23372507	24.5466	0.0	0.3473	0.0	0.0
SRR7265056	20610	1.6885	0.0	0.1067	0.0	0.0
SRR7264724	1684705	3.3752	0.0	0.0	0.0	0.0
SRR35650429	15556861	0.0	2.9389	0.2024	0.0	0.0
SRR17881009	6796920	9.5449	0.1225	1.6711	0.0	0.0
SRR34326350	3922432	0.0	5.3422	0.0	0.0	0.0
SRR10448368	840357	9.6535	37.2105	28.5388	0.0	0.0
SRR26081831	21027890	0.0	19.0751	0.3532	0.0	0.0
SRR25969032	34846296	7.9054	0.0	0.9791	0.0	0.0
SRR9854221	22544007	0.0	6.7952	0.0	0.0	0.0
SRR12160907	25335545	0.0	6.5019	0.1032	0.0	0.0
SRR12245821	35773977	0.0	5.6843	0.2589	0.0	0.0
SRR31346559	36141634	0.0	5.8146	1.3534	0.0	0.0
SRR7266066	1407752	8.0053	0.0	1.0118	0.0	0.0
SRR16938990	19799511	0.0	80.8882	0.2197	0.0	0.0
SRR17916438	19201204	5.4069	0.0	0.3279	0.0	0.0
SRR12546083	12743113	0.0	33.4144	2.7457	0.0	0.0
SRR37270895	26137808	11.0328	0.0	0.979	0.0	0.0
SRR7266326	2815293	8.1171	0.0	0.0	0.0	0.0
SRR12160886	26351150	0.0	13.6653	0.2875	0.0	0.0
SRR13449985	65362010	9.7253	15.4481	3.9332	0.0	0.0
SRR26860108	47614296	60.1866	0.0	0.0	0.0	0.0
SRR7267296	1346803	9.543	0.0	0.1712	0.0	0.0
SRR28926628	33488924	8.6191	0.0	0.2208	0.0	0.0
SRR13900317	37590753	11.3731	0.0	2.2819	11.9842	0.0
SRR5344021	116784461	0.0	0.0	15.47	0.0	0.0
SRR34326212	47085114	0.0	6.1398	0.0	0.0	0.0
SRR21011423	23813081	0.0	2.0223	0.0	0.0	0.0
SRR24003675	38312714	0.0	5.0687	0.5296	0.0	0.0
ERR3773827	25546444	0.0	0.0	5.3566	0.0	0.0
SRR10549517	28688410	0.0	2.3119	0.0	0.0	0.0
SRR13298309	44640385	0.0	12.3821	0.1001	0.0	0.0
SRR20613464	21479382	0.0	2.2269	0.0	0.0	0.0
SRR17951566	32348959	9.8192	0.0	0.844	0.0	0.0
SRR12077446	44575180	28.6685	0.0	0.3601	0.0	0.0
SRR21354724	583453	0.0	43.0703	3.7662	0.0	0.0
ERR2695969	6564403	0.0	88.6852	0.7797	0.0	0.0
SRR5871160	35694913	43.0898	0.0	0.6095	0.0	0.0
SRR23951526	27540477	0.0	5.7613	2.6068	0.0	0.0
SRR7777736	20005315	0.0	3.0448	19.5349	0.0	0.0
SRR29855367	33633433	6.7004	0.0	3.0408	0.0	0.0
SRR36790453	26023217	0.0	9.9584	0.4377	0.0	0.0
DRR988066	23195529	0.0	1.8335	1.7012	0.0	0.0
SRR4470212	32900565	0.0	2.7392	0.0	0.0	0.0
SRR7266147	1134696	1.2825	0.0	0.1531	0.0	0.0
SRR30202429	30785955	0.0	3.5153	0.0	0.0	0.0
SRR31244758	21091505	9.5055	0.7868	0.4252	0.0	0.0
SRR10161835	4830415	39.1486	0.0	0.9033	0.0	0.0
SRR12054321	31526534	19.7872	0.0	0.3524	0.0	0.0
SRR13298292	44738941	0.0	31.7023	0.0	0.0	0.0
SRR14141726	117217558	0.0	7.9278	0.0	0.0	0.0
SRR28975017	24211064	0.0	2.6307	0.3607	0.0	0.0
SRR26860051	26589511	84.2532	0.0	0.0	0.0	0.0
SRR9970191	23436663	0.0	1.9896	1.4219	0.0	0.0
ERR072805	6201633	0.0	5.6381	0.1614	0.0	0.0
DRR736974	19444329	0.0	3.4817	0.0	0.0	0.0
SRR7267057	1035306	3.5931	0.0	0.0	0.0	0.0
SRR7264856	2507360	3.4468	0.0	0.0	0.0	0.0
SRR36134914	7876476	5.0198	0.0	4.53	0.0	0.0
ERR10926629	75200849	1.5675	0.0	0.2503	0.0	0.0
SRR7517500	24498364	0.0	1.2753	0.0	0.0	0.0
SRR9205170	11595256	0.0	2.177	0.1308	0.0	0.0
SRR15685545	24276714	0.0	2.4543	0.3749	0.0	0.0
SRR20705604	31609948	0.0	86.7091	0.2189	0.0	0.0
SRR16039168	26506616	0.0	11.6301	0.3589	0.0	0.0
SRR22858680	22031871	0.0	6.9188	1.0309	0.0	0.0
SRR22858678	32269185	0.0	4.019	0.6963	0.0	0.0
SRR21021659	37115129	0.0	1.6476	0.914	0.0	0.0
SRR34359043	47303473	0.0	0.3692	1.5144	0.0	0.0
SRR3383805	11952699	3.0474	0.0	0.0	0.0	0.0
SRR28393283	1421659	0.0	4.2127	1.2466	0.0	0.0
SRR7508017	4597395	0.0	1.0216	0.9672	0.0	0.0
SRR28032152	22141362	0.0	5.4169	1.3057	0.0	0.0
SRR30781845	22143231	0.0	0.0	0.4779	8.6424	0.0
SRR26975735	28427487	15.106	0.0	12.9401	0.0	0.0
SRR23548116	114381757	2.9665	0.0	1.0648	0.0	0.0
SRR29444130	20759459	0.0	3.7265	0.1916	0.0	0.0
SRR29446359	28275819	0.0	1.2866	0.7008	0.0	0.0
SRR8418299	6072409	8.138	0.0	0.2148	0.0	0.0
SRR16709582	43979258	0.0	9.1053	0.3872	0.0	0.0
SRR27311630	818675	7.361	0.0	0.2559	0.0	0.0
SRR30795877	56837510	0.0	6.6161	2.0494	0.0	0.0
SRR7265024	1837401	2.6656	0.0	0.0	0.0	0.0
SRR13274995	21585571	0.0	7.9246	0.0	0.0	0.0
SRR13749440	1035522	0.0	0.0	5.869	0.0	0.0
SRR33516553	24423372	0.0	11.7629	0.0	0.0	0.0
ERR15368217	77937422	0.0	18.3341	0.3132	0.0	0.0
SRR7508021	4865946	0.0	1.7436	1.7588	0.0	0.0
SRR12828722	22091835	0.0	21.505	1.087	0.0	0.0
SRR30498932	30725794	1.8844	0.0	2.7862	0.0	0.0
SRR24800040	45417701	0.0	13.7642	0.2928	0.0	0.0
SRR37513060	41805446	7.6567	0.0	0.1326	0.0	0.0
DRR818175	27433545	0.0	2.7621	0.3812	0.0	0.0
SRR1631904	34085346	0.0	1.0827	0.0	0.0	0.0
SRR11809809	34060352	0.0	4.6953	3.302	0.0	0.0
SRR25522980	39436205	0.0	0.0	2.821	0.0	0.0
SRR27498751	22763975	0.0	1.2516	0.6969	0.0	0.0
SRR21021674	34265100	0.0	1.0477	1.4361	0.0	0.0
SRR29315740	49458657	0.0	1.1223	0.0	0.0	0.0
ERR3596735	71671634	89.6941	0.0	0.0	0.0	0.0
DRR1004507	19171609	0.0	1.1865	0.4055	0.0	0.0
SRR30230560	26420016	0.0	1.2613	0.4574	0.0	0.0
SRR29289952	27366645	0.0	19.5404	1.3055	0.0	0.0
SRR17731258	60281921	0.0	5.1332	3.3758	0.0	0.0
SRR21921819	22230974	0.2016	4.4045	0.37	0.0	0.0
SRR19176014	13717391	0.0	0.0	2.4588	0.0	0.0
SRR8568982	26918378	24.6269	0.0	0.0	0.0	0.0
SRR11791314	22839610	0.0	5.6945	2.6571	0.0	0.0
SRR29606635	30596210	0.0	0.0	23.2287	0.0	0.0
ERR10962820	17386183	23.2829	0.0	1.0935	0.0	0.0
SRR17916439	15967315	15.1302	0.0	0.3743	0.0	0.0
SRR32883246	42755034	3.0856	0.0	3.3148	0.0	0.0
SRR14673944	10997116	1.7437	0.0	1.868	0.0	0.0
SRR32262368	26865855	0.0	2.2457	0.0	0.0	0.0
SRR29198166	23879623	0.0	3.7752	1.3628	0.0	0.0
SRR17589116	42816515	0.0	1.2405	0.1563	0.0	0.0
SRR28731225	21187387	16.2165	0.9475	0.5282	0.0	0.0
SRR891247	42309762	0.0	20.645	0.0	0.0	0.0
SRR17408160	5581775	0.3145	32.8274	6.2535	0.0	0.0
SRR14004265	62703912	0.0	2.2797	2.2527	0.0	0.0
SRR28224695	22041187	0.0	28.8209	5.6489	0.0	0.0
SRR7644399	17807312	5.7595	0.0	0.0	0.0	0.0
SRR8984116	37431077	30.3446	0.0	7.7005	0.0	0.0
SRR38222669	19763277	0.0	5.1791	1.6855	0.0	0.0
SRR30781849	28623242	0.0	0.0	0.5269	11.6411	0.0
SRR33475344	19999653	0.0	2.3492	0.2491	0.0	0.0
DRR736968	22659392	0.0	2.4926	0.0	0.0	0.0
SRR8236703	13721235	0.0	0.0	0.0	0.0	0.0
SRR25300933	20529852	1.2533	1.8145	2.7099	0.0	0.0
DRR897991	13529764	0.0	19.9505	0.1337	0.0	0.0
SRR3672979	33918398	0.0	2.1428	0.1297	0.0	0.0
SRR7267193	1046663	2.4383	0.0	0.0	0.0	0.0
SRR13298313	46447905	0.0	28.7958	0.0	0.0	0.0
SRR29506603	46183334	0.0	16.02	0.3608	0.0	0.0
SRR6925812	21850582	1.4504	0.0	0.1309	0.0	0.0
SRR34300148	33489073	7.4096	0.0	6.6963	0.0	0.0
SRR34222354	21134974	0.0	1.6553	0.152	0.0	0.0
SRR5133207	21768856	0.0	1.4169	0.168	0.0	0.0
SRR11785373	300330433	1.9166	0.0	2.2002	0.0	0.0
SRR36465470	22669876	0.0	3.5729	0.1412	0.0	0.0
ERR14835981	72590699	38.344	0.0	0.4427	0.0	0.0
SRR19509220	26119834	0.0	1.4653	0.5415	0.0	0.0
SRR24254542	59152994	0.0	0.0	5.4181	0.0	0.0
SRR23912225	24099960	0.0	28.1523	0.0	0.0	0.0
SRR3993352	56964866	0.0	1.3415	0.6922	0.0	0.0
SRR8053125	12076666	0.0	23.3323	1.4662	0.0	0.0
SRR11431618	27061880	0.0	4.1533	0.2608	0.0	0.0
SRR29826748	28731569	55.9777	0.0	1.8176	0.0	0.0
SRR29011833	24341354	0.0	1.1003	0.1034	0.0	0.0
SRR7265983	1294995	6.3081	0.0	0.8024	0.0	0.0
SRR7896283	6439594	0.2128	4.9059	25.2939	0.0	0.0
SRR21354817	435774	0.0	12.5294	1.115	0.0	0.0
SRR29606647	28544006	0.0	0.0	25.5776	0.0	0.0
SRR37899651	24245325	0.0	7.5586	6.7313	0.0	0.0
SRR8418303	6271587	4.5147	0.0	1.1905	0.0	0.0
SRR38858540	36987384	3.562	0.0	1.0649	0.0	0.0
SRR10150175	21831345	0.0	2.9989	0.321	0.0	0.0
SRR24657661	23253961	0.0	26.1239	0.6011	0.0	0.0
SRR4296279	16867560	4.5591	0.0	0.1302	0.0	0.0
SRR20074780	23826838	0.0	8.8376	2.269	0.0	0.0
SRR29872485	24457045	3.9452	0.0	2.8246	0.0	0.0
SRR38979937	22670446	0.0	1.8793	0.1603	0.0	0.0
SRR7265985	513858	8.154	0.0	0.0	0.0	0.0
SRR7265017	455917	1.2958	0.0	0.5352	0.0	0.0
SRR6466850	45894764	0.0	19.4828	0.4431	0.0	0.0
SRR15607729	24385872	0.0	0.0	0.8313	10.7878	0.0
ERR16008949	54870573	2.7078	0.0	0.2605	0.0	0.0
ERR6212335	10126745	0.0	2.5145	2.6114	0.0	0.0
SRR12624272	3735013	3.1368	0.0	0.4677	0.0	0.0
SRR12624273	1685811	2.914	0.0	0.4594	0.0	0.0
SRR32487158	55528792	0.0	1.9917	0.4489	0.0	0.0
SRR7692645	14473299	9.0257	0.0	0.2973	0.0	0.0
SRR8569389	26241161	10.8289	0.0	0.1751	0.0	0.0
SRR19435296	23949900	0.0	16.8471	0.8456	0.0	0.0
SRR22201531	46914927	0.0	78.7441	1.3974	0.0	0.0
SRR11091408	10119083	0.0	1.2687	1.1482	0.0	0.0
SRR34326405	3935457	0.0	2.3221	0.0	0.0	0.0
SRR10135152	1895102	0.0	2.7762	0.1011	0.0	0.0
SRR28797250	34033702	0.0	8.897	0.2328	0.0	0.0
SRR7507948	4692042	0.0	1.6095	0.0	0.0	0.0
SRR12623581	26752393	4.6475	0.0	0.2437	0.0	0.0
SRR25409332	21992627	0.0	2.1164	0.0	0.0	0.0
SRR38317306	19273933	14.3695	0.1093	1.1952	0.0	0.0
ERR1360189	23314766	14.512	0.0	13.4124	0.0	0.0
SRR19631995	40598256	0.0	4.8755	0.0	0.0	0.0
SRR25100570	36744137	0.0	0.0	3.5916	0.0	0.0
SRR32132964	26879384	1.9871	0.0	0.9007	0.0	0.0
SRR22858668	22317498	0.0	11.487	1.3349	0.0	0.0
SRR29061963	23962397	1.8255	0.0	0.9864	0.0	0.0
SRR10599092	48852276	0.5344	82.2201	0.0	0.0	0.0
SRR23388133	24466006	0.0	2.7399	6.3196	0.0	0.0
SRR30555155	23555611	1.4586	0.0	0.4215	0.0	0.0
SRR7266285	618522	2.0256	0.0	0.4794	0.0	0.0
SRR20450853	8526285	0.0	1.9033	0.0	0.0	0.0
SRR31319036	6063880	0.0	7.3738	5.8684	0.0	0.0
SRR7267192	1284647	6.9425	0.0	0.0	0.0	0.0
SRR11809771	21174125	0.0	10.9568	0.3357	0.0	0.0
SRR14744589	20512946	4.2081	7.3282	3.7598	0.0	0.0
SRR17227562	22209623	0.0	5.49	0.5209	0.0	0.0
SRR32975039	44522750	0.0	34.9014	0.7924	0.0	0.0
SRR5420981	34924956	0.0	3.4614	0.0	0.0	0.0
SRR7641979	16385356	0.0	2.821	0.1365	0.0	0.0
SRR38194315	23206014	44.8629	0.0	1.4909	0.0	0.0
SRR767741	150141	0.2458	1.5099	0.0	0.0	0.0
SRR35859415	34302223	0.0	17.8002	0.5173	0.0	0.0
ERR420172	17502270	0.0	21.1736	1.7084	0.0	0.0
SRR1779199	6147677	0.0	2.2647	0.0	0.0	0.0
SRR7264940	369619	2.4725	0.0	5.039	0.0	0.0
SRR7264955	2186277	3.1689	0.0	0.0	0.0	0.0
SRR7507956	4710248	0.0	4.8067	0.1818	0.0	0.0
ERR13765084	14342501	0.0	22.0368	0.0	0.0	0.0
SRR21354824	1237697	0.0	7.531	2.8054	0.0	0.0
SRR34326416	6076598	0.0	6.1914	0.2106	0.0	0.0
SRR7264781	1065038	2.2548	0.0	1.7513	0.0	0.0
SRR29646187	21289081	0.0	12.7374	0.1455	0.0	0.0
ERR12177678	29927016	0.0	0.0	8.1672	0.0	0.0
SRR37798408	31175852	5.5996	0.0	2.0037	0.0	0.0
ERR2275050	13681258	3.724	0.0	0.5237	0.0	0.0
DRR845775	24421818	0.0	7.9107	1.3712	0.0	0.0
SRR21798526	67960856	78.3144	0.0	0.0	0.0	0.0
SRR24145576	21647160	9.0327	0.0	1.2006	0.0	0.0
ERR10962833	18833027	22.1916	0.0	0.5761	0.0	0.0
SRR18957880	31663250	0.0	0.0	1.0709	2.5144	0.0
SRR10135029	10627002	0.0	1.7265	0.1224	0.0	0.0
SRR21354867	5284825	0.0	62.3281	9.3424	0.0	0.0
SRR23261119	6382399	0.0	0.0	10.044	0.0	0.0
SRR23261120	6414986	0.0	0.0	9.9924	0.0	0.0
SRR36292442	44310584	8.4104	0.0	6.0377	0.0	0.0
SRR39147251	24286382	0.0	7.9251	0.4772	0.0	0.0
SRR23598360	45209484	2.7438	0.0	0.7697	0.0	0.0
SRR15538940	8308190	4.1531	2.2437	9.8948	0.0	0.0
SRR33475370	18651923	0.0	2.263	0.1932	0.0	0.0
SRR7265040	1360566	1.9621	0.0	0.0	0.0	0.0
SRR9903574	26400603	0.0	1.4356	0.0	0.0	0.0
SRR29826768	28288236	52.6933	0.1319	5.8594	0.0	0.0
ERR3791517	25908204	0.0	0.0	6.0716	0.0	0.0
SRR30125661	23279383	0.0	67.7472	0.6167	0.0	0.0
SRR33516413	23895773	0.0	7.9371	0.1313	0.0	0.0
SRR34326383	40360574	0.0	1.5001	0.0	0.0	0.0
SRR29241350	23728976	0.0	1.824	0.2979	0.0	0.0
SRR36790451	23491891	0.0	8.7579	0.3946	0.0	0.0
SRR34326499	33861214	0.0	10.1991	0.4314	0.0	0.0
ERR14835975	68757215	31.3872	0.0	0.0	0.0	0.0
SRR30795881	57970027	0.0	4.3516	2.1201	0.0	0.0
SRR8418369	9355494	3.7677	0.0	2.2047	0.0	0.0
SRR10160946	17620117	0.0	17.8073	1.6493	0.0	0.0
SRR13522955	122502562	0.0	9.0163	2.9968	0.0	0.0
SRR35391030	15746277	2.9676	0.0	3.8966	0.0	0.0
SRR12442386	25890943	0.0	1.6376	0.1543	0.0	0.0
SRR33516208	24624106	0.0	1.6411	0.16	0.0	0.0
SRR38924897	38758102	12.8785	0.0	0.7058	0.0	0.0
SRR7266235	913558	1.1954	0.0	0.2661	0.0	0.0
SRR11574334	1748250	0.0	2.0567	0.338	0.0	0.0
SRR12899059	42748022	0.0	80.2633	0.3351	0.0	0.0
SRR13488006	24991784	0.0	3.8399	0.0	0.0	0.0
DRR737001	21311018	0.0	1.975	0.0	0.0	0.0
SRR3371856	8612696	0.0	34.4085	0.0	0.0	0.0
SRR1975193	26263476	5.9304	0.0	0.0	0.0	0.0
SRR19213902	5039013	0.0	1.4999	0.5422	0.0	0.0
SRR13425451	70414831	3.5068	0.0	0.329	0.0	0.0
SRR34326515	4414429	0.0	1.5993	0.0	0.0	0.0
SRR36134882	5648232	4.1369	0.0	3.3734	0.0	0.0
SRR5878427	13642850	0.0	51.2713	0.0	0.0	0.0
SRR13050252	21131633	0.0	2.6923	0.3938	0.0	0.0
SRR38478084	23208609	93.0203	0.0	0.9377	0.0	0.0
SRR10098202	34633619	0.0	5.7527	0.3737	0.0	0.0
SRR33210599	11927604	0.0	4.7074	1.1627	0.0	0.0
ERR14043221	23839908	0.0	1.3202	0.1583	0.0	0.0
SRR37244499	21449982	4.2699	0.0	0.359	0.0	0.0
SRR4046313	20467940	0.0	6.6563	9.3619	0.0	0.0
SRR4046372	24854499	0.0	7.206	9.3961	0.0	0.0
SRR7508039	4924224	0.0	2.4337	0.0	0.0	0.0
SRR12854373	41143316	0.0	0.0	2.2011	0.0	0.0
SRR28560589	28905988	0.0	3.8815	0.1065	0.0	0.0
SRR7413600	13752486	10.5119	0.0	1.0646	0.0	0.0
SRR8661643	61708489	4.8241	0.0	6.1894	0.0	0.0
ERR10887001	50174692	17.6181	0.313	1.2405	0.0	0.0
SRR24364181	27283789	5.3938	0.0	0.1549	0.0	0.0
SRR38980079	20998408	98.6534	0.0	0.0	0.0	0.0
SRR34300169	26628584	3.7041	0.0	7.9796	0.0	0.0
SRR7267168	1118740	7.367	0.0	0.0	0.0	0.0
SRR14843613	21340500	2.3214	0.0	0.1727	0.0	0.0
SRR19785290	45018179	0.0	1.6056	3.2167	0.0	0.0
SRR7266275	1139013	2.1	0.0	0.3882	0.0	0.0
SRR25528495	23138182	0.0	2.3589	2.0137	0.0	0.0
SRR6398551	751589	0.0	2.6231	1.1661	0.0	0.0
SRR7267092	1093879	6.9241	0.0	0.0	0.0	0.0
SRR14546137	2559993	0.1622	1.4034	4.662	0.0	0.0
SRR26590660	28511615	0.0	2.0856	2.0376	0.0	0.0
SRR35415224	15115914	0.0	2.4561	0.2423	0.0	0.0
SRR37072222	22105422	8.2344	0.211	0.2664	0.0	0.0
SRR37325372	60147239	1.632	0.0	0.5992	0.0	0.0
SRR36099373	81492863	85.8966	0.0	0.3724	0.0	0.0
SRR7352124	22247287	0.0	2.3755	0.1063	0.0	0.0
SRR7266024	1866645	3.3495	0.0	0.1323	0.0	0.0
SRR2352940	51236481	5.3652	0.0	1.8609	0.0	0.0
SRR26039826	109338862	0.0	0.0	3.7117	0.0	0.0
SRR27373723	43351632	0.0	21.3824	1.8491	0.0	0.0
SRR6026718	3097025	0.0	1.1343	0.0	0.0	0.0
SRR11497263	14758930	1.2181	0.2351	0.2686	0.0	0.0
SRR24874033	22565551	0.0	3.322	1.5886	0.0	0.0
SRR21846944	32438925	19.4377	0.0	0.2648	0.0	0.0
SRR36134924	23252357	0.0	2.5059	0.5259	0.0	0.0
SRR24019257	2640432	0.0	0.0	25.2908	0.0	0.0
SRR21354776	470098	0.0	8.9015	1.2187	0.0	0.0
ERR2261871	11801803	8.1869	0.0	3.9783	0.0	0.0
ERR16140388	32896590	0.5628	4.6831	1.1373	0.0	0.0
SRR28454612	21976747	0.0	2.4393	1.0118	0.0	0.0
SRR29536507	42811729	0.0	12.0142	1.3317	0.0	0.0
SRR7267276	1441664	1.8772	0.0	0.0	0.0	0.0
ERR3801512	26407717	0.0	0.0	9.9352	0.0	0.0
SRR7267329	1800387	1.4511	0.0	0.0	0.0	0.0
SRR10507279	22912579	0.0	2.1038	0.0	0.0	0.0
SRR12532041	22004359	0.0	3.2157	0.0	0.0	0.0
SRR20750882	833379	0.0	3.5076	2.8916	0.0	0.0
SRR36308456	17994332	9.0132	0.0	2.3994	0.0	0.0
SRR38858534	38585763	3.6755	0.0	1.5302	0.0	0.0
SRR32082413	21633153	0.0	1.331	0.0	0.0	0.0
SRR37325374	60015214	1.494	0.0	0.5512	0.0	0.0
SRR24003673	37286692	0.0	13.2771	0.5789	0.0	0.0
SRR35776667	39121078	0.0	23.625	0.5733	0.0	0.0
SRR12207812	27648950	0.0	2.8853	0.214	0.0	0.0
SRR27466765	22297186	17.3728	0.0	0.7824	0.0	0.0
SRR7266171	3431164	2.1685	0.0	0.0	0.0	0.0
SRR9276710	32817925	3.7703	2.1228	0.0	0.0	0.0
SRR27323055	986783	0.0	2.6653	2.6186	0.0	0.0
SRR29304493	21705113	0.0	1.737	1.087	0.0	0.0
SRR10135043	15516353	0.0	3.8854	0.4128	0.0	0.0
SRR16082457	30602575	1.6311	0.0	0.0	0.0	0.0
SRR30781853	23686270	0.0	0.0	0.4329	14.8891	0.0
SRR16206400	32208922	0.0	19.4103	1.5995	0.0	0.0
SRR17916369	17001667	29.7062	0.0	0.4037	0.0	0.0
SRR9051274	8553207	1.1916	0.0	0.5249	0.0	0.0
SRR12073954	35691340	0.0	10.7048	1.2461	0.0	0.0
ERR2695974	6812751	0.0	94.964	0.6105	0.0	0.0
SRR19752912	138605	0.0	0.0	0.0	10.8149	0.0
SRR31479352	28155999	0.0	8.2687	0.2578	0.0	0.0
SRR3371861	13662948	0.0	12.3995	0.0	0.0	0.0
SRR8204126	20876530	25.7882	0.0	0.4174	0.0	0.0
SRR27333902	26485443	5.3367	1.7378	1.4105	0.0	0.0
SRR11147400	22315359	0.0	10.7621	0.4629	0.0	0.0
SRR21456822	22210969	0.0	0.0	2.7895	0.0	0.0
SRR25254591	25628314	0.0	1.7377	0.7865	0.0	0.0
SRR29362591	21474762	25.7224	0.0	1.8244	0.0	0.0
SRR21354850	403321	0.0	3.8463	1.2576	0.0	0.0
ERR10886966	52501630	23.0901	0.0	0.201	0.0	0.0
SRR7264752	1063392	2.9365	0.0	0.0	0.0	0.0
SRR12747984	31103056	0.0	9.895	1.2872	0.0	0.0
SRR26462334	20620049	0.0	3.2578	0.0	0.0	0.0
SRR35750744	233820788	0.0	0.0	1.9268	0.0	0.0
SRR35741960	20880900	0.0	2.9472	0.2476	0.0	0.0
SRR12603806	62131865	0.0	0.0	5.072	0.0	0.0
SRR37325366	60018826	2.2421	0.0	0.2593	0.0	0.0
SRR35247854	26365366	0.0	4.403	0.2761	0.0	0.0
SRR8327243	5627477	0.0	2.4386	0.121	0.0	0.0
SRR21021731	31561470	0.0	1.8901	0.3399	0.0	0.0
SRR22351706	21481241	0.0	3.7821	0.2095	0.0	0.0
SRR21209540	24037215	0.0	14.5725	2.8436	0.0	0.0
SRR36233443	21170016	2.1764	0.0	0.2188	0.0	0.0
SRR5724211	15833036	6.2667	0.0	0.0	0.0	0.0
SRR31801801	20388394	0.0	1.262	0.7145	0.0	0.0
SRR16995231	26026509	2.5461	0.0	6.3622	0.0	0.0
SRR10135001	14021	0.0	2.0897	0.5278	0.0	0.0
SRR29011686	23219588	0.0	3.9002	0.0	0.0	0.0
SRR22044114	15427940	0.0	2.6131	0.8261	0.0	0.0
SRR3724167	35486893	81.4452	0.0	2.0222	0.0	0.0
SRR23797902	35396552	0.0	48.9329	0.1657	0.0	0.0
SRR31801791	20065762	0.0	1.9521	0.5657	0.0	0.0
SRR21025626	72528016	0.0	0.0	2.4741	0.0	0.0
SRR7508001	4262755	0.0	2.346	0.0	0.0	0.0
SRR8457047	39378544	0.0	13.175	0.0	0.0	0.0
SRR15058258	73801251	0.0	5.8735	1.8045	0.0	0.0
SRR13900327	30323291	1.0217	0.0	4.3296	12.2896	0.0
ERR10962836	22514677	22.8483	0.0	1.0362	0.0	0.0
ERR986092	9886949	1.7055	0.0	7.489	0.0	0.0
ERR986091	9830545	1.7249	0.0	7.3295	0.0	0.0
ERR16140387	41608461	0.5063	3.1526	1.974	0.0	0.0
SRR10809242	23023563	3.8165	0.0	0.3227	0.0	0.0
SRR18138598	39004124	0.0	2.0593	1.0368	0.0	0.0
SRR31323419	22545802	0.0	3.2583	0.1504	0.0	0.0
SRR9919004	22187417	0.0	1.6142	0.136	0.0	0.0
SRR15141286	2987841	2.3117	0.0	1.7154	0.0	0.0
SRR11880366	22003801	0.0	4.1166	1.7035	0.0	0.0
SRR20750816	300431	0.0	1.4123	1.8177	0.0	0.0
SRR9854231	22575617	0.0	4.7111	0.0	0.0	0.0
SRR27907656	24833785	0.0	0.0	2.4276	0.0	0.0
SRR6215489	122259191	66.5501	4.9161	0.4367	0.0	0.0
SRR11886207	26083485	0.0	2.1718	0.1032	0.0	0.0
SRR38914091	24101801	0.2011	4.7795	5.7888	0.0	0.0
ERR10886942	56122048	4.6516	0.0	0.238	0.0	0.0
SRR20613499	29687918	0.0	10.9369	0.0	0.0	0.0
SRR24804926	18684031	0.9008	20.3952	1.0964	0.0	0.0
SRR34844826	22355198	0.0	13.0093	0.3955	0.0	0.0
SRR31798814	23243842	0.0	2.0669	0.5971	0.0	0.0
SRR10148749	9712043	0.0	3.6183	0.2978	0.0	0.0
SRR10148748	9816156	0.0	3.6006	0.2988	0.0	0.0
SRR10148750	10817225	0.0	3.5991	0.302	0.0	0.0
SRR34469079	34353380	0.0	3.0121	0.273	0.0	0.0
SRR24956612	17168128	0.0	0.0	30.1629	0.0	0.0
ERR15368193	54573624	0.0	3.658	0.6272	0.0	0.0
SRR8743110	23269392	5.4677	0.0	0.1481	0.0	0.0
SRR15560143	14415151	0.0	31.9811	0.2603	0.0	0.0
SRR14546122	2605937	0.1044	1.9469	4.4387	0.0	0.0
SRR29304504	21798844	0.0	1.9538	0.7492	0.0	0.0
ERR3627225	77735880	0.0	0.0	2.5515	32.8822	0.0
SRR29688056	23644678	0.0	3.5464	0.0	0.0	0.0
SRR30498964	51065297	35.0814	0.0	3.7539	0.0	0.0
SRR34469083	25270945	0.0	6.4505	0.3653	0.0	0.0
SRR17916390	18816971	28.3367	0.0	0.2745	0.0	0.0
SRR31818554	14604382	0.0	2.1498	0.8715	0.0	0.0
SRR13414743	28099259	0.0	1.3648	0.3679	0.0	0.0
SRR7266370	146550	1.5374	0.0	0.0	0.0	0.0
SRR20613459	22810916	0.0	3.6427	0.0	0.0	0.0
SRR25210794	23994816	0.0	1.5586	0.2848	0.0	0.0
SRR23948029	22831155	0.0	20.6379	4.4113	0.0	0.0
SRR16938898	16287267	0.0	78.4307	0.1142	0.0	0.0
ERR10691678	6844196	0.3804	4.3396	5.7708	0.0	0.0
ERR11650699	85962	0.0	1.5821	32.2526	0.0	0.0
SRR12103242	179	0.0	6.7039	0.0	0.0	0.0
SRR34326309	5510672	0.0	2.1753	0.1397	0.0	0.0
SRR25254288	25061923	0.0	4.2549	0.537	0.0	0.0
SRR7264976	169652	2.8329	0.0	4.2575	0.0	0.0
SRR35992411	23498860	0.0	1.1108	0.1164	0.0	0.0
SRR35430843	10995353	0.0	19.3098	3.8121	0.0	0.0
ERR14835983	79587165	62.5015	0.0	0.3432	0.0	0.0
SRR14729154	21721124	0.0	11.9067	0.9214	0.0	0.0
SRR18076119	18257476	0.0	0.0	31.363	0.0	0.0
SRR27326490	2892467	1.5067	0.0	1.7469	7.6064	0.0
ERR14835969	28731569	55.9777	0.0	1.8176	0.0	0.0
SRR6796812	25454335	0.0	1.6599	0.0	0.0	0.0
SRR7873411	28343470	7.0846	0.0	0.0	0.0	0.0
SRR32081253	22095201	0.0	8.0266	6.5227	0.0	0.0
SRR9887260	33578242	0.0	3.0018	0.2386	0.0	0.0
SRR17604015	27965493	0.0	3.449	4.0327	0.0	0.0
SRR21354837	328577	0.0	7.2869	4.854	0.0	0.0
SRR26264135	21829006	0.0	4.1024	1.9449	0.0	0.0
SRR25891115	18707498	0.0	9.8515	0.3596	0.0	0.0
SRR7221494	5868083	0.0	9.5512	0.4359	0.0	0.0
SRR32838635	8576151	0.0	25.4527	0.3215	0.0	0.0
ERR14043211	29702475	0.116	1.4634	0.1476	0.0	0.0
SRR5871165	44452855	43.1374	0.3005	0.118	0.0	0.0
SRR37880994	34664248	0.307	4.291	0.9469	0.0	0.0
SRR8984422	29116365	0.0	2.7027	0.0	0.0	0.0
SRR10770626	25887387	0.0	1.5111	0.0	0.0	0.0
SRR33516460	23548169	0.0	1.8528	0.2418	0.0	0.0
SRR22523759	21764676	10.2994	0.0	0.0	0.0	0.0
SRR24135188	15311808	0.0	49.8031	0.1931	0.0	0.0
SRR15775356	33105687	0.0	1.2349	0.72	0.0	0.0
SRR23081239	21694063	0.0	2.6999	0.3761	0.0	0.0
SRR32959940	20759451	9.7457	0.0	0.7126	0.0	0.0
SRR31669352	10267728	0.0	5.5657	6.3881	0.0	0.0
SRR28126816	20025010	7.7807	0.0	1.4233	0.0	0.0
SRR38326983	24594273	0.0	1.5196	0.4578	0.0	0.0
SRR9586835	23486882	0.0	3.502	0.0	0.0	0.0
SRR31669293	9446218	0.0	2.5953	10.3165	0.0	0.0
SRR35143079	156318422	0.0	0.0	61.1585	0.0	0.0
SRR8743111	12546908	5.7224	0.0	1.0048	0.0	0.0
SRR35859425	35036705	0.0	4.5831	0.6948	0.0	0.0
SRR37385201	9252381	0.0	33.7946	2.94	0.0	0.0
SRR27305011	1180626	0.0	1.4785	0.3602	0.0	0.0
SRR23758656	21722819	0.0	0.0	0.2317	3.4665	0.0
SRR17916451	20103686	11.5604	0.0	3.6878	0.0	0.0
SRR28858343	26760555	0.0	10.3385	1.5085	0.0	0.0
SRR36910201	37435846	4.4518	0.0	4.2766	0.0	0.0
DRR897968	16147361	0.0	41.8347	0.1492	0.0	0.0
SRR12616175	7812312	0.0	1.2528	1.3078	0.0	0.0
SRR36790436	24309202	0.0	7.8919	0.5584	0.0	0.0
SRR25522880	37180601	0.0	0.0	2.7427	0.0	0.0
SRR28820176	24863763	0.0	3.8109	2.9578	0.0	0.0
SRR8742896	19065896	1.4869	0.0	0.0	0.0	0.0
SRR34300127	33605277	9.2834	0.711	7.2656	0.0	0.0
SRR25933698	4430941	0.0	3.5945	9.4967	0.0	0.0
SRR10448354	329523	6.0257	48.4901	2.7861	0.0	0.0
SRR26860163	45900933	56.908	2.5863	0.1906	0.0	0.0
SRR27851044	21680772	0.0	2.0878	0.4723	0.0	0.0
SRR29384901	35207194	1.9413	0.0	0.4406	0.0	0.0
SRR25534632	28648344	0.1521	6.478	1.0074	0.0	0.0
SRR14853849	27904134	13.0341	0.0	2.8246	0.0	0.0
SRR10148733	7421182	0.0	2.0396	1.0928	0.0	0.0
SRR34469091	28709491	0.0	1.5906	0.31	0.0	0.0
SRR10148734	7705457	0.0	2.0471	1.0863	0.0	0.0
SRR10148735	8392985	0.0	2.0401	1.0816	0.0	0.0
SRR3098273	9110147	8.8341	0.0	0.0	0.0	0.0
SRR30499006	26446158	2.0802	0.0	6.2071	0.0	0.0
ERR3596738	88304930	12.8277	0.0	0.3079	0.0	0.0
SRR25402476	800155	6.5304	41.0031	3.6195	0.0	0.0
SRR7688602	91079395	2.5733	0.0	0.0	0.0	0.0
ERR13249817	20760059	0.0	0.0	7.2858	0.0	0.0
ERR6212341	9534151	0.0	1.837	2.6623	0.0	0.0
SRR19055239	24715849	64.0698	0.0	1.539	0.0	0.0
SRR21354825	404970	0.0	5.0031	1.5204	0.0	0.0
SRR14865777	27704865	0.0	4.5418	0.7424	0.0	0.0
SRR14710539	59576537	0.0	2.5712	0.1247	0.0	0.0
SRR12054297	31188644	4.5297	0.0	0.4295	0.0	0.0
SRR16351746	22724996	15.5588	0.0	3.4477	0.0	0.0
SRR26860153	9425555	56.9187	0.0	0.2133	0.0	0.0
SRR28392413	39198714	0.2609	1.4272	0.5302	0.0	0.0
SRR36291706	22247257	1.3338	2.7675	1.3548	0.0	0.0
SRR12904741	28875626	0.0	14.9771	0.2955	0.0	0.0
SRR25254376	24675482	0.0	4.8659	0.19	0.0	0.0
SRR24309291	68428468	0.0	0.0	18.755	0.0	0.0
SRR7361607	20611390	0.0	4.7635	0.0	0.0	0.0
SRR37881008	40722565	0.6883	3.8517	0.6951	0.0	0.0
SRR29304485	21481081	0.0	3.2765	6.7117	0.0	0.0
SRR10210792	17768338	0.0	10.175	0.0	0.0	0.0
SRR13375946	42453766	0.0	4.7509	1.8456	0.0	0.0
SRR8418304	4973265	7.2753	0.0	0.8051	0.0	0.0
DRR732512	20827007	3.2692	0.0	0.2507	0.0	0.0
DRR824735	37151227	0.0	0.0	4.2306	4.9821	0.0
SRR12169377	24419591	1.328	0.0	2.1888	0.0	0.0
ERR3596736	86504338	90.5469	0.0	0.0	0.0	0.0
SRR22973791	32234841	6.2256	0.0	1.3352	0.0	0.0
SRR23852716	23157	0.0	49.6912	0.5225	0.0	0.0
SRR7264975	1563584	1.1749	0.0	0.0	0.0	0.0
SRR11681093	14068252	3.7372	0.0	5.5887	1.1786	0.0
SRR22044119	10910993	0.0	3.457	1.0457	0.0	0.0
SRR7265032	1726997	2.2275	0.0	0.0	0.0	0.0
SRR13000121	45437356	0.0	1.5189	0.0	0.0	0.0
SRR7265028	1553022	2.347	0.0	0.0	0.0	0.0
SRR8797234	22648981	0.0	2.7299	0.0	0.0	0.0
SRR1818397	30108321	4.5159	0.0	0.0	0.0	0.0
SRR35247845	24281686	0.0	3.2674	0.4374	0.0	0.0
DRR819450	21507077	0.0	2.5515	0.1462	0.0	0.0
SRR10189431	24652736	65.305	0.0	1.0739	0.0	0.0
SRR18209727	35734004	0.0	11.2909	0.463	0.0	0.0
ERR4329523	57520239	42.214	0.2141	0.2071	0.0	0.0
SRR13071871	13918487	0.0	1.4854	0.0	0.0	0.0
SRR9209206	32464207	0.0	2.0765	1.5309	0.0	0.0
SRR38897781	21572301	0.0	42.14	1.1867	0.0	0.0
SRR6315802	23300366	10.1742	0.0	0.1236	0.0	0.0
SRR11785370	303646615	7.161	0.0	1.6144	0.0	0.0
SRR10769485	35043730	1.7029	0.0	0.9126	0.0	0.0
SRR10150174	22082783	0.0	3.5887	0.2408	0.0	0.0
SRR5871166	30939842	44.885	0.0	0.3055	0.0	0.0
SRR36292461	47142371	7.1408	0.0	5.347	0.0	0.0
SRR26193215	15148025	0.0	2.6404	3.1042	0.0	0.0
SRR29011804	36457617	0.0	2.1945	0.6575	0.0	0.0
SRR34300164	45480965	3.8035	0.49	7.5733	0.0	0.0
SRR1631893	33942342	0.0	1.1214	0.0	0.0	0.0
SRR30126671	22853314	14.4562	0.0	0.1484	0.0	0.0
ERR2040223	9682943	0.0	8.1038	0.0	0.0	0.0
SRR3382395	10000000	0.0	0.0	0.0	0.0	0.0
SRR32805985	45279830	3.9759	0.0	0.9261	0.0	0.0
SRR19546306	49988035	1.6563	0.0	0.3401	0.0	0.0
SRR15634110	44852744	14.7873	0.0	0.5498	0.0	0.0
ERR13249329	21816762	0.0	0.0	19.7653	0.0	0.0
SRR39368721	25091554	0.0	1.9796	4.7851	0.0	0.0
SRR3100254	7359883	0.0	6.3327	0.0	0.0	0.0
SRR20750938	1483957	0.0	1.4097	2.3565	0.0	0.0
SRR34469059	27952016	0.0	2.3263	0.5096	0.0	0.0
SRR35531438	17575595	0.0	9.4399	1.9407	0.0	0.0
SRR7851396	24467419	40.0898	0.0	0.107	0.0	0.0
SRR12603815	66283140	0.0	0.0	5.935	0.0	0.0
SRR11574235	2604389	0.0	2.6252	0.1657	0.0	0.0
SRR9854230	22296481	0.0	6.3251	0.0	0.0	0.0
SRR7265071	1681265	2.0664	0.0	0.0	0.0	0.0
SRR33323086	42262931	1.4196	0.0	1.4312	0.0	0.0
SRR30895238	20296948	0.0	2.1095	0.4372	0.0	0.0
ERR13765085	14827944	0.0	40.8541	0.1617	0.0	0.0
SRR10135151	7093189	0.0	2.762	0.1299	0.0	0.0
SRR11773436	34293926	0.0	3.5127	0.3531	0.0	0.0
SRR35228104	22816674	0.0	28.0144	3.1816	0.0	0.0
SRR3571660	80486837	3.3934	0.0	0.0	0.0	0.0
SRR10160959	19711065	0.0	21.9994	0.9932	0.0	0.0
SRR2939226	37444299	0.0	2.2513	1.6217	0.0	0.0
SRR25933704	7258481	0.0	0.0	19.4426	0.0	0.0
SRR30125667	23911797	0.0	85.4641	0.3969	0.0	0.0
SRR7267167	1257706	2.0787	0.0	0.0	0.0	0.0
SRR37899645	23022562	0.0	6.0976	2.0481	0.0	0.0
ERR3791694	28555150	0.0	0.0	8.7232	0.0	0.0
ERR6212287	6837466	0.0	2.4083	1.4517	0.0	0.0
SRR11791310	23837452	0.0	1.4983	2.8678	0.0	0.0
SRR25046348	25843319	29.4598	0.2003	1.1371	0.0	0.0
SRR7265987	1194160	6.3979	0.0	0.27	0.0	0.0
SRR7266972	815325	5.3598	0.0	0.0	0.0	0.0
SRR11867823	20404864	0.0	1.279	0.0	0.0	0.0
SRR12858285	51275151	0.0	1.5538	3.0392	0.0	0.0
SRR10210769	10294030	0.0	42.9315	0.0	0.0	0.0
SRR22124051	19054489	0.0	0.0	2.7134	0.0	0.0
SRR7264861	1020222	1.3653	0.0	1.9874	0.0	0.0
ERR13249864	22748919	0.0	0.0	11.6547	0.0	0.0
SRR20750881	710717	0.0	2.3409	2.6157	0.0	0.0
SRR20705605	31256218	0.0	66.7813	0.4574	0.0	0.0
SRR35415221	14624105	0.0	3.9839	0.2694	0.0	0.0
SRR31011031	25472151	75.2881	0.0	1.1505	0.0	0.0
SRR33004584	20111204	0.0	5.1932	0.2775	0.0	0.0
SRR5448195	20356925	0.0	6.6924	0.0	0.0	0.0
SRR37874270	20800750	0.0	8.233	0.6225	0.0	0.0
SRR7264770	1859843	2.3302	0.0	0.0	0.0	0.0
SRR8786165	40344590	0.0	2.2385	0.5824	0.0	0.0
SRR7266359	2909170	2.9254	0.0	0.0	0.0	0.0
SRR8457039	34630057	0.0	16.4567	0.0	0.0	0.0
SRR993905	7324858	0.0	20.6871	0.0	0.0	0.0
SRR3717805	13624403	0.0	1.3098	1.9515	0.0	0.0
SRR31509649	28430982	6.3014	0.0	9.4708	0.0	0.0
SRR12532031	22664379	0.0	8.6026	0.0	0.0	0.0
SRR12904733	26077264	0.0	9.249	0.4749	0.0	0.0
SRR7267046	2092599	6.3145	0.0	0.0	0.0	0.0
SRR6215478	144758824	8.3878	0.0	3.6772	0.0	0.0
ERR10962801	17498658	15.4031	0.0	1.9477	0.0	0.0
SRR7267126	1312625	3.8251	0.0	0.0	0.0	0.0
SRR9851957	29814379	1.9673	0.119	0.0	0.0	0.0
SRR3313172	23694620	0.0	14.5984	0.3808	0.0	0.0
SRR7507968	5072067	0.0	2.7033	0.0	0.0	0.0
SRR28797255	33571946	0.0	12.7448	0.0	0.0	0.0
SRR35810892	23369683	0.3491	8.853	1.794	0.0	0.0
SRR17316560	7981319	0.0	1.5024	4.9027	0.0	0.0
SRR20450847	9612892	0.0	5.5437	0.0	0.0	0.0
SRR18474738	24646454	19.1345	0.0	0.2586	0.0	0.0
SRR31854876	21818126	0.0	2.0737	0.0	0.0	0.0
ERR11650674	3594786	0.4394	4.8696	0.9248	0.0	0.0
SRR38194331	58474512	48.2689	0.0	1.042	0.0	0.0
ERR3596740	55850007	91.1597	0.0	0.0	0.0	0.0
SRR20705594	31073433	0.0	56.1986	0.4917	0.0	0.0
SRR36367280	39386708	9.4911	0.0	5.6097	0.0	0.0
SRR16480648	31638367	0.0	6.0635	12.3892	0.0	0.0
SRR7507933	4813774	0.0	1.6758	0.0	0.0	0.0
SRR6347964	40717721	0.0	0.0	1.9009	0.0	0.0
SRR12768245	33068908	0.0	1.1764	17.2807	0.0	0.0
SRR23797915	33540977	0.0	2.9841	0.1309	0.0	0.0
DRR850982	21496635	2.8235	0.0	0.0	0.0	0.0
ERR13249844	20531482	0.0	0.0	9.4275	0.0	0.0
ERR4352130	65541850	3.267	0.0	0.1508	0.0	0.0
SRR3223204	20150424	0.0	8.6638	0.0	0.0	0.0
SRR7264836	1705651	1.8711	0.0	3.825	0.0	0.0
SRR27846624	30360047	4.9877	0.0	8.7196	0.0	0.0
SRR8078939	35798367	2.4566	0.0	0.0	0.0	0.0
SRR12603813	44769246	0.0	0.0	5.8338	0.0	0.0
SRR31319041	5470190	0.0	6.656	7.576	0.0	0.0
SRR35859409	35495935	0.0	12.0672	0.7654	0.0	0.0
ERR305630	26007141	0.0	21.9566	1.8104	0.0	0.0
SRR14066946	32270413	0.0	54.6506	0.8651	0.0	0.0
SRR7267155	1533189	1.374	0.0	1.285	0.0	0.0
SRR7264723	5556898	2.2222	0.0	0.8671	0.0	0.0
SRR12615978	6313967	0.0	1.2085	1.6309	0.0	0.0
SRR13566496	22448548	0.0	5.2834	0.0	0.0	0.0
SRR16938930	17529260	0.0	63.7766	0.1955	0.0	0.0
SRR36790399	38695178	0.0	4.6752	0.8775	0.0	0.0
SRR10160950	25655719	0.0	16.6255	0.6131	0.0	0.0
SRR38953532	21609352	0.0	5.135	0.0	0.0	0.0
ERR14835939	28288236	52.6933	0.1319	5.8594	0.0	0.0
SRR9602610	35728235	0.0	16.1941	0.0	0.0	0.0
SRR25402473	1520231	3.943	6.9322	8.0554	0.0	0.0
SRR35430850	11096493	0.0	6.1372	0.7616	0.0	0.0
SRR29826743	32439098	65.1388	0.0	2.4419	0.0	0.0
SRR12623588	13943129	3.9355	0.0	1.7756	0.0	0.0
SRR25209568	21220285	0.0	5.9799	0.1485	0.0	0.0
SRR11947566	22874263	24.2298	0.0	1.5632	0.0	0.0
SRR17319224	22199791	1.4584	0.0	0.2574	0.0	0.0
SRR31879141	33425362	0.0	2.2595	1.9013	0.0	0.0
SRR5007752	10838876	3.9362	0.0	0.0	0.0	0.0
SRR7508111	5162741	0.0	2.1694	1.1254	0.0	0.0
SRR20750847	446069	0.0	1.4437	2.1961	0.0	0.0
SRR865902	21645659	0.0	1.1511	0.0	0.0	0.0
SRR19352685	21698398	0.0	1.6152	0.1382	0.0	0.0
SRR36233373	46390599	54.8955	3.1713	0.8927	0.0	0.0
SRR20297025	26995640	0.0	1.6797	5.2153	0.0	0.0
SRR29289953	31038564	0.0	19.7139	0.8666	0.0	0.0
SRR28289598	64746862	0.0	31.5577	0.6338	0.0	0.0
SRR14146378	658628374	0.0	5.7685	0.2253	0.0	0.0
SRR17235577	56952527	0.0	3.7756	0.8853	0.0	0.0
SRR20217843	30478092	0.0	1.2391	2.7036	0.0	0.0
SRR36518792	43937770	0.0	0.0	2.256	0.0	0.0
SRR24019259	5255389	0.0	0.0	10.0708	0.0	0.0
SRR31204181	34427613	4.4777	0.0	1.9317	0.0	0.0
SRR22973839	29101883	7.0634	0.0	1.583	0.0	0.0
SRR7641978	16416433	0.0	2.8789	0.1437	0.0	0.0
SRR6398502	1535179	0.0	13.364	1.642	0.0	0.0
SRR25379811	20837195	0.0	16.8558	0.8262	0.2843	0.0
SRR31301024	21677492	0.0	6.3858	1.923	0.0	0.0
SRR29826772	31934307	34.9076	0.0	3.1824	0.0	0.0
ERR13249856	23760540	0.0	0.0	20.2119	0.0	0.0
SRR28108533	1177909	0.0	3.3153	11.5902	0.0	0.0
SRR3880226	10690546	0.0	1.4148	0.0	0.0	0.0
ERR16715192	2820910	0.2554	0.0	8.1713	0.0	0.0
SRR29606656	45147020	0.0	0.0	14.4269	0.0	0.0
SRR2932319	24218904	0.0	3.4496	0.0	0.0	0.0
SRR11091410	10756674	0.0	1.5785	0.4533	0.0	0.0
SRR27297761	637942	0.0	2.4925	0.2933	0.0	0.0
DRR871553	22086277	0.0	11.0318	0.1287	0.0	0.0
SRR29826785	30875858	43.5272	0.0	2.239	0.0	0.0
SRR35859411	35680061	0.0	19.0957	0.489	0.0	0.0
SRR36993192	20449644	0.0	0.0	0.8147	9.5074	0.0
SRR36367335	42842824	12.2954	0.0	6.3662	0.0	0.0
SRR8984119	44481150	25.3195	0.0	6.2585	0.0	0.0
SRR14066948	43142269	0.0	14.5902	0.2614	0.0	0.0
SRR35332854	129852314	55.961	0.0	0.3136	0.0	0.0
ERR15825699	21275161	0.0	1.67	0.0	0.0	0.0
SRR8932088	22156639	1.2605	0.0	0.0	0.0	0.0
SRR13134685	25289601	0.0	31.3629	0.7749	0.0	0.0
SRR17137460	23353279	1.7395	11.5588	0.3708	0.0	0.0
SRR36443888	26397922	0.0	1.526	0.8172	0.0	0.0
SRR16938987	20388252	0.0	85.1749	0.1041	0.0	0.0
SRR34848084	20508814	0.0	2.884	0.3502	0.0	0.0
SRR25932436	4373274	0.0	0.0	4.7886	0.0	0.0
SRR28208946	25070498	0.0	1.927	0.9394	0.0	0.0
SRR27322998	3189711	0.0	1.9003	1.7814	0.0	0.0
SRR7267169	1114777	3.3009	0.0	0.0	0.0	0.0
SRR16759496	24327181	6.2669	0.0	0.0	0.0	0.0
SRR27371163	20996222	0.0	1.7173	0.3099	0.0	0.0
ERR7221670	9845635	0.0	34.7526	0.3399	0.0	0.0
SRR20999593	41565766	4.927	0.0	0.9073	0.0	0.0
SRR26839201	19538492	0.2276	11.4019	0.74	0.0	0.0
SRR9593692	22154089	0.0	1.0513	0.0	0.0	0.0
SRR29826753	26477071	58.5055	0.0	1.804	0.0	0.0
SRR7644400	42193558	1.9771	0.0	0.1015	0.0	0.0
SRR25244716	15269963	0.0	0.1647	3.5861	0.0	0.0
SRR10135426	19370315	0.1383	4.5609	2.4655	0.0	0.0
SRR4450928	9782215	1.4458	0.0	10.2432	0.0	0.0
SRR6186530	23619486	6.8382	0.0	0.0	0.0	0.0
DRR1004503	48430588	0.0	2.4054	4.95	0.0	0.0
SRR24906448	20297369	0.0	1.8984	2.4098	0.0	0.0
SRR32366114	20633174	0.0	3.3586	0.8328	0.0	0.0
SRR25233153	24002131	0.0	2.0207	0.0	0.0	0.0
SRR30129831	37890919	0.0	2.289	1.4941	0.0	0.0
SRR19854460	7666887	1.3102	0.0	1.3933	0.0	0.0
SRR35525966	30378581	0.0	4.4996	0.493	0.0	0.0
SRR29826786	27623977	61.7372	0.0	3.102	0.0	0.0
SRR23046695	42695608	0.0	8.1141	3.8153	0.0	0.0
SRR7507971	4452024	0.0	1.1203	3.3301	0.0	0.0
SRR38953531	21590482	0.0	5.7122	0.0	0.0	0.0
DRR816875	25274167	0.0	1.228	0.6954	0.0	0.0
SRR7267023	24254	15.9809	0.0	0.0	0.0	0.0
SRR7264965	1396723	1.4551	0.0	0.0	0.0	0.0
SRR18394851	28939401	0.0	0.0	13.8991	0.0	0.0
SRR8236690	11997477	0.0	0.0	0.0	0.0	0.0
SRR21021777	33078155	0.0	1.3474	0.3352	0.0	0.0
SRR14902371	87999681	0.0	0.0	22.3938	0.0	0.0
SRR33516271	24133738	0.0	3.3509	0.0	0.0	0.0
SRR8309910	24458575	1.956	0.0	0.3166	0.0	0.0
SRR29352955	32659666	0.0	13.6294	1.2217	0.0	0.0
SRR31319032	2126190	0.0	4.6829	8.0	0.0	0.0
SRR15560146	14085441	0.0	23.2031	0.3192	0.0	0.0
SRR8932120	45100046	1.7392	0.0	3.5862	0.0	0.0
SRR7264837	1038844	8.7435	0.0	2.9457	0.0	0.0
SRR21021628	19946615	0.0	1.8918	0.8408	0.0	0.0
SRR25301312	26153928	0.0	4.765	1.6753	0.0	0.0
DRR996029	27041729	0.0	2.607	1.1046	0.0	0.0
SRR22973874	37120936	9.577	0.0	0.8366	0.0	0.0
SRR23798279	23080680	0.0	5.5477	0.2459	0.0	0.0
SRR19412892	43418010	0.0	3.5379	6.1019	0.0	0.1028
SRR21846982	24441424	0.0	3.3982	0.2829	0.0	0.0
SRR9640383	29206263	0.0	4.1677	0.0	0.0	0.0
SRR7000866	36898277	9.5807	0.0	0.0	0.0	0.0
SRR5712016	89555800	4.8663	0.0	0.1877	0.0	0.0
SRR29011653	23895773	0.0	7.9363	0.1435	0.0	0.0
SRR34326210	22475163	0.0	7.523	0.1674	0.0	0.0
ERR7421540	11738415	46.2963	0.2276	0.605	0.0	0.0
SRR8978771	49543234	2.9207	0.0	2.0569	0.0	0.0
SRR14674022	17605308	2.0001	0.0	2.8081	0.0	0.0
SRR28560588	15468821	0.0	5.5958	0.0	0.0	0.0
DRR730072	39241729	0.0	18.8192	0.8761	0.0	0.0
SRR30555182	22728564	3.1535	0.0	0.4983	0.0	0.0
SRR35262461	40148743	5.5429	0.0	0.295	0.0	0.0
DRR217276	14928631	56.1661	0.0	0.2246	0.0	0.0
SRR13263280	42620238	0.0	4.4672	0.0	0.0	0.0
SRR5871155	32711683	28.9995	0.0	0.7477	0.0	0.0
SRR33516588	22917826	0.0	1.3534	0.2001	0.0	0.0
DRR897975	1127631	0.0	66.8141	0.0	0.0	0.0
SRR31319025	4560590	0.0	1.9496	6.7584	0.0	0.0
SRR19412895	42254564	0.0	3.3563	1.8338	0.0	0.0
SRR25132477	24519747	0.0	9.6622	0.7603	0.0	0.0
SRR18394854	40695861	0.0	0.0	5.2625	0.0	0.0
SRR31078297	68372089	0.0	3.1606	1.5228	0.0	0.0
SRR23086162	25928770	0.0	1.7982	1.4053	0.0	0.0
SRR5113839	16043930	3.0957	0.0	0.0	0.0	0.0
SRR27297697	1640641	0.0	12.1821	0.4144	0.0	0.0
SRR34326280	3246107	0.0	3.5925	0.2337	0.0	0.0
SRR15696708	18459455	6.9619	0.0	0.8202	0.0	0.0
SRR17604014	25028984	0.0	1.4805	6.163	0.0	0.0
SRR10291761	42009038	1.87	0.0	0.4611	0.0	0.0
SRR36292456	35869851	5.2265	0.0	5.6197	0.0	0.0
SRR36186689	69420118	0.0	39.2226	0.1649	0.0	0.0
SRR14673970	13434690	3.3311	0.0	1.3657	0.0	0.0
SRR23548117	105717286	6.0735	0.0	1.225	0.0	0.0
SRR28454610	21922286	0.0	2.0456	1.012	0.0	0.0
SRR12968141	13652837	3.9745	0.0	0.2885	0.0	0.0
SRR9854235	22661513	0.0	2.302	0.0	0.0	0.0
SRR36910236	37779584	2.9638	0.0	4.0268	0.0	0.0
SRR7266038	2315241	2.3526	0.0	0.0	0.0	0.0
SRR38478082	22978927	96.8059	0.0	0.1319	0.0	0.0
SRR27333886	26426432	5.23	8.8212	0.6875	0.0	0.0
SRR12171327	27377899	0.0	7.793	0.0	0.0	0.0
SRR28785886	4281326	0.0	6.4882	14.6215	0.0	0.0
SRR23095516	42196866	0.0	1.7326	1.1915	0.0	0.0
SRR34326433	5119313	0.0	6.7855	0.2177	0.0	0.0
SRR21354747	247698	0.0	27.6538	3.9165	0.0	0.0
SRR25301322	1841699	2.3799	0.0	3.8858	0.0	0.0
SRR23797943	36081597	0.0	1.5383	0.2369	0.0	0.0
ERR2027121	101506362	41.8552	0.0	0.0	0.0	0.0
SRR10448337	1007654	0.3958	73.4516	0.502	0.0	0.0
SRR6760520	44316858	4.1171	0.0	0.3827	0.0	0.0
SRR24956563	12258322	0.0	0.0	18.8242	0.0	0.0
DRR858072	80007173	45.739	0.0	0.3131	0.0	0.0
SRR16156339	12393394	39.2695	0.0	0.1905	0.0	0.0
SRR11430699	23319496	0.1908	2.1027	0.0	0.0	0.0
SRR16938988	18153616	0.0	70.6989	0.4896	0.0	0.0
SRR27297928	1140950	0.0	1.1439	0.6942	0.0	0.0
SRR18296851	22968405	0.0	2.6341	0.0	0.0	0.0
SRR29352958	27414880	0.0	2.2697	1.2487	0.0	0.0
SRR12899070	11582525	0.0	28.2205	0.2241	0.0	0.0
SRR29012087	21791227	0.0	4.776	0.1691	0.0	0.0
DRR897969	13102697	0.0	45.6558	0.0	0.0	0.0
SRR11176810	32459322	0.0	1.4084	1.4343	0.0	0.0
SRR14235809	22224414	0.0	4.3776	1.5068	0.0	0.0
SRR14068154	29878492	4.6879	0.0	1.8506	0.0	0.0
SRR29384947	36973672	2.1368	0.0	0.317	0.0	0.0
SRR33130913	30024752	0.0	48.7098	0.6959	0.0	0.0
SRR9051301	10874832	1.0942	0.0	1.3536	0.0	0.0
DRR871575	21472235	0.0	5.7105	0.2462	0.0	0.0
ERR4702948	3891449	0.0	0.0	2.1189	0.0	0.0
SRR39159319	25725498	0.0	2.2411	0.1661	0.0	0.0
SRR14673963	11595447	1.9177	0.0	2.1364	0.0	0.0
SRR22430802	42341458	0.0	1.3676	0.0	0.0	0.0
SRR7266078	1791510	2.2947	0.0	0.0	0.0	0.0
SRR17183622	25908804	1.7413	0.0	1.0239	0.0	0.0
SRR20750931	496701	0.0	2.25	1.9487	0.0	0.0
SRR18944162	38685704	0.0	0.0	10.9122	0.0	0.0
SRR14673879	11737566	2.5446	0.0	1.6265	0.0	0.0
SRR31538826	21836077	9.4501	0.0	0.1269	0.0	0.0
ERR6842714	88953102	1.6708	0.0	0.0	0.0	0.0
SRR13900326	34550232	0.6403	0.0	3.0577	10.2444	0.0
ERR10691689	4561920	0.0	4.2657	4.9681	0.0	0.0
SRR36986760	66362138	36.2046	0.0	0.1394	0.0	0.0
SRR15141153	3746019	1.9275	0.0	2.1949	0.0	0.0
SRR13414741	41130219	0.0	1.3268	0.261	0.0	0.0
SRR17732071	56647067	3.4785	0.0	1.3905	0.0	0.0
SRR24657675	22588721	0.0	48.0217	0.3962	0.0	0.0
SRR25046354	27499617	4.9606	0.0	1.7186	0.0	0.0
SRR37874235	21502450	0.0	3.3072	0.61	0.0	0.0
ERR9976386	17585904	0.0	1.4064	0.0	0.0	0.0
SRR12533151	23915809	0.0	3.5828	0.721	0.0	0.0
SRR23948042	17932479	0.0	25.4899	4.1401	0.0	0.0
SRR31614503	24110918	0.3046	1.8673	0.0	0.0	0.0
SRR8418320	14622636	3.0607	0.0	0.6881	0.0	0.0
SRR14703399	57	0.0	80.7018	0.0	0.0	0.0
SRR15693787	20510647	17.7669	0.0	0.0	0.0	0.0
SRR30795888	53342431	0.0	22.4618	0.969	0.0	0.0
SRR10480885	23687973	0.0	8.0559	0.1575	0.0	0.0
SRR14673915	13996431	2.5933	0.0	1.1456	0.0	0.0
SRR31107624	14351614	20.2835	0.0	0.4294	0.0	0.0
SRR32921747	27599154	0.0	6.4303	0.6292	0.0	0.0
ERR11669014	43119899	0.0	1.294	0.0	0.0	0.0
SRR7266136	1206316	7.0016	0.0	0.152	0.0	0.0
SRR12998710	46573898	1.4847	0.0	1.1874	0.0	0.0
SRR6347962	34711362	0.0	0.0	2.5513	0.0	0.0
ERR15289861	20404103	0.0	4.5749	0.0	0.0	0.0
ERR7421537	21708272	43.4693	0.2618	0.7305	0.0	0.0
SRR13480364	32323789	0.0	2.099	0.1712	0.0	0.0
SRR26865887	24556062	0.0	1.4301	0.1153	0.0	0.0
SRR7267199	991103	5.4462	0.0	0.0	0.0	0.0
ERR13230761	5201527	0.0	0.0	42.5595	0.0	0.0
DRR832818	21708151	0.198	0.0	0.3937	16.2797	0.0
ERR11650707	4104459	0.0	3.1265	0.2726	0.0	0.0
SRR36292488	40052492	13.2619	0.2866	5.7036	0.0	0.0
SRR36367328	42613228	13.4196	0.1404	8.5058	0.0	0.0
SRR18107577	3698283	0.0	1.9738	3.4679	0.0	0.0
SRR38194313	53505756	39.9101	0.0	1.0651	0.0	0.0
SRR31627694	49872977	9.3383	0.0	0.4645	0.0	0.0
SRR34326415	6118488	0.0	6.179	0.1011	0.0	0.0
SRR8946532	46918294	0.0	85.5134	0.0	0.0	0.0
ERR12177882	22575714	0.0	0.0	8.72	0.0	0.0
SRR7266343	2765714	4.8657	0.0	0.1645	0.0	0.0
SRR39658899	25347192	0.0	26.2278	1.5429	0.0	0.0
SRR8418338	13447622	4.3261	0.0	1.5932	0.0	0.0
SRR29327392	23985511	1.7715	0.0	1.4597	0.0	0.0
SRR1975196	21194282	4.1175	0.0	0.1403	0.0	0.0
SRR26343026	57960277	0.0	2.2074	7.7601	0.0	0.0
ERR13610550	54429632	3.5949	0.0	0.1568	0.0	0.0
SRR19752892	165773	0.0	0.0	0.0	9.8158	0.0
SRR12074572	11814961	7.3146	0.0	7.2576	0.0	0.0
SRR39040004	20561522	9.4949	0.0	0.0	0.0	0.0
SRR7266172	2055517	2.1644	0.0	0.1311	0.0	0.0
SRR13837281	7359883	0.0	6.3301	0.568	0.0	0.0
SRR23797904	35604922	0.0	1.7274	0.0	0.0	0.0
SRR26039811	40249934	0.0	0.0	3.5724	0.0	0.0
SRR17456145	25985514	0.3066	9.8824	3.0664	0.0	0.0
SRR7267007	69231	7.683	0.0	0.0	0.0	0.0
SRR17062613	63193687	0.0	13.0422	0.1375	0.0	0.0
SRR27331786	3973567	0.2273	4.2755	1.0303	0.0	0.0
SRR7264897	1475959	1.7549	0.0	0.1708	0.0	0.0
SRR36292490	29919702	1.5972	4.3123	4.0235	0.0	0.0
SRR7267059	1206194	3.4438	0.0	1.2537	0.0	0.0
SRR22424721	21827778	0.0	1.8442	1.3989	0.0	0.0
SRR22858673	32377693	0.0	10.5615	1.0356	0.0	0.0
SRR28208945	24955973	0.0	1.8389	0.6111	0.0	0.0
DRR784929	30793890	0.0	8.0616	0.4773	0.0	0.0
SRR27555678	35809873	0.0	2.6223	0.0	0.0	0.0
SRR31429553	22676367	0.0	3.591	0.2514	0.0	0.0
SRR37244497	19954962	5.9425	0.0	0.2914	0.0	0.0
SRR16938997	16779243	0.0	70.3135	0.6455	0.0	0.0
ERR3891512	11831630	0.0	33.5717	1.3378	0.0	0.0
DRR784933	24194679	0.0	11.3549	0.377	0.0	0.0
SRR36995721	22026603	9.3824	0.0	1.5534	0.0	0.0
ERR3891486	3823082	0.0	35.6184	0.3037	0.0	0.0
SRR27298198	217858	0.0	1.8012	0.0	0.0	0.0
ERR11669010	46836441	0.0	1.8894	0.0	0.0	0.0
SRR7507894	4505289	0.0	1.982	0.2145	0.0	0.0
SRR29482964	42324086	0.0	4.1101	7.1651	0.0	0.0
ERR14823246	40765724	61.0187	0.0	0.0	0.0	0.0
SRR27326350	1507231	0.0	24.0139	0.9073	0.0	0.0
SRR16938976	15832092	0.0	50.1709	0.4274	0.0	0.0
SRR29080944	21723807	3.1683	0.0	1.0069	0.0	0.0
SRR27297754	761926	0.0	4.4738	0.2584	0.0	0.0
ERR3891483	15538364	0.0	7.1299	1.1267	0.0	0.0
SRR13765955	32875730	0.0	2.6554	0.4956	0.0	0.0
SRR19351403	24087439	0.0	1.6249	0.1243	0.0	0.0
ERR15289768	20918039	0.0	19.2779	0.2046	0.0	0.0
SRR25723169	15178179	0.0	21.941	2.2114	0.0	0.0
SRR8979811	16338756	0.0	1.2846	0.0	0.0	0.0
SRR8979813	16554472	0.0	1.2819	0.0	0.0	0.0
SRR8979814	16554472	0.0	1.2414	0.0	0.0	0.0
SRR8979812	16338756	0.0	1.2421	0.0	0.0	0.0
SRR29048394	24532987	0.0	1.0779	0.6927	0.0	0.0
DRR268100	431883	17.7949	0.0	3.5859	0.0	0.0
SRR8309903	22975732	4.2847	0.0	0.2313	0.0	0.0
SRR24956633	8848385	0.0	0.0	49.4981	0.0	0.0
SRR12560333	19392882	0.0	1.5629	0.1333	0.0	0.0
SRR23086137	22721629	0.0	1.596	1.9286	0.0	0.0
SRR7265048	1582786	3.1772	0.0	0.0	0.0	0.0
SRR7265037	1689621	1.6857	0.0	0.0	0.0	0.0
SRR33279800	40061781	0.0	2.5065	4.9476	0.0	0.0
SRR25209561	23131360	0.0	5.422	0.0	0.0	0.0
SRR21841588	36011457	0.0	0.0	0.1111	1.3868	0.0
SRR21021758	28341244	0.3528	8.6991	4.5358	0.0	0.0
SRR23797917	34314251	0.0	2.0038	0.1035	0.0	0.0
SRR37049209	27791557	3.0742	0.0	4.8006	0.0	0.0
SRR16938896	18595512	0.0	87.6585	0.1475	0.0	0.0
DRR865453	20741383	0.0	1.5956	0.7413	0.0	0.0
SRR7266993	1748038	3.8266	0.0	0.0	0.0	0.0
SRR24633718	19960478	0.0	4.6965	0.9636	0.0	0.0
SRR29815344	21668673	0.0	2.71	5.9706	0.0	0.0
ERR15368188	81787568	0.0	11.8942	0.4915	0.0	0.0
SRR30429237	33975993	0.0	7.9899	0.9697	0.0	0.0
SRR27907616	19909343	0.0	0.0	2.7384	0.0	0.0
SRR32626357	28369277	6.9176	0.3992	0.5314	0.0	0.0
SRR27235811	24116766	0.0	1.9375	0.572	0.0	0.0
SRR15634111	45172948	8.3962	0.0	0.2611	0.0	0.0
SRR38355252	17405690	10.2448	0.0	0.1569	0.0	0.0
SRR13084382	22477946	0.15	0.0	0.708	24.9539	0.0
SRR22907242	31087259	0.0	0.0	3.6644	0.0	0.0
SRR21025629	72323224	0.0	0.0	3.3679	0.0	0.0
SRR29506605	45300448	0.0	13.6606	0.3893	0.0	0.0
ERR13230696	5222182	0.0	0.0	10.4066	0.0	0.0
SRR13347037	28204615	0.0	1.436	0.0	0.0	0.0
SRR39039999	19716096	3.6754	0.1417	0.0	0.0	0.0
SRR38382820	85757045	3.888	0.0	0.5319	0.0	0.0
SRR26617471	35474643	0.0	3.073	0.0	0.0	0.0
SRR10448360	1252298	11.672	52.4508	2.0065	0.0	0.0
SRR24626129	11334278	1.8381	3.2688	10.6908	0.0	0.0
SRR24376153	20989889	0.0	29.8549	0.9479	0.0	0.0
SRR25932428	4093234	0.0	0.0	5.47	0.0	0.0
SRR29061965	23897758	20.5204	0.0	0.996	0.0	0.0
ERR4352132	89602422	4.2323	0.0	0.2335	0.0	0.0
SRR24737265	24038154	71.9516	0.0	0.7078	0.0	0.0
SRR20217848	27278801	0.0	3.2239	1.0853	0.0	0.0
SRR7413612	15049384	3.3077	0.0	5.2767	0.0	0.0
SRR33130917	19740284	0.0	32.1837	0.6268	0.0	0.0
SRR36292451	26145862	2.4695	0.0	3.7191	0.0	0.0
SRR11462959	50516461	0.0	2.0112	2.6992	0.0	0.0
SRR14664486	39030261	2.0756	0.0	0.1671	0.0	0.0
SRR30271403	25386764	0.0	1.5927	0.2581	0.0	0.0
SRR11521330	278353	0.0	25.7856	3.562	0.0	0.0
SRR24956666	10912056	0.0	0.0	12.3625	0.0	0.0
SRR33279958	57662490	0.0	17.6732	0.7674	0.0	0.0
SRR15141218	4108869	1.9707	0.0	2.153	0.0	0.0
SRR23798280	21469413	0.0	5.6267	0.2378	0.0	0.0
SRR29186606	46643054	0.0	13.5803	1.097	0.0	0.0
SRR31669341	9887306	0.0	19.2603	2.3318	0.0	0.0
SRR7413621	5904632	3.4493	0.0	2.1997	0.0	0.0
SRR35876457	21698169	0.0	0.0	3.4248	0.0	0.0
SRR7266129	732468	3.8738	0.0	0.8152	0.0	0.0
SRR8418317	2726957	3.5328	0.0	0.862	0.0	0.0
SRR21021832	55251783	0.0	1.1797	1.2226	0.0	0.0
SRR31932828	18464443	0.0	0.0	2.2756	0.0	0.0
SRR17916429	17313986	16.6857	0.0	3.0474	0.0	0.0
SRR6218781	58777447	12.2698	0.0	4.3973	0.0	0.0
SRR10802194	23617117	36.1347	0.0	0.5677	0.0	0.0
SRR33931498	26266727	0.0	1.307	0.877	0.2251	0.0
SRR12747913	38737050	0.0	1.8905	0.9211	0.0	0.0
SRR7267082	1798578	1.9157	0.0	0.0	0.0	0.0
SRR29012014	25321441	0.0	1.404	0.0	0.0	0.0
SRR32487149	62629089	0.0	6.1838	0.2806	0.0	0.0
SRR33510052	28283927	3.7513	0.0	1.4498	0.0	0.0
SRR9134371	31927734	0.0	2.7327	4.5963	0.0	0.0
SRR7526695	13607836	1.6247	0.324	0.0	0.0	0.0
SRR9937178	29185016	0.0	4.0462	0.0	0.0	0.0
SRR10320795	148127596	0.0	8.4858	0.0	0.0	0.0
SRR30202439	22264982	0.0	11.7566	0.0	0.0	0.0
SRR31593906	23620795	8.9054	0.0	0.5194	0.0	0.0
SRR2932317	22831316	0.0	3.5144	0.0	0.0	0.0
SRR33516261	26013322	0.0	1.7284	0.113	0.0	0.0
SRR7266356	1821251	1.6545	0.0	0.4287	0.0	0.0
SRR6215476	89219896	7.9234	0.0	5.2159	0.0	0.0
SRR37570563	41702386	1.1766	0.0	0.5699	14.0535	0.0
SRR26860072	21857607	36.2465	0.0	0.2838	0.0	0.0
SRR29198164	23939150	0.0	2.7563	1.5137	0.0	0.0
SRR35430685	30493924	0.0	0.0	6.1939	0.0	0.0
SRR39793471	26301350	0.886	0.0	0.1968	9.9801	0.0
SRR17408158	4922702	0.2081	18.8266	2.746	0.0	0.0
SRR14239703	19880128	0.0	1.3086	2.7201	0.0	0.0
SRR21021702	17482070	0.0	2.374	1.0909	0.0	0.0
SRR7266131	913289	3.6825	0.0	0.0	0.0	0.0
SRR27027912	34166597	0.0	3.4178	0.2861	0.0	0.0
SRR29654756	25373449	0.0	10.1584	0.4257	0.0	0.0
SRR31550954	27939885	0.0	0.0	3.3082	0.0	0.0
SRR33210596	9951497	0.0	4.34	10.6406	0.0	0.0
SRR36367281	37353001	7.2361	0.0	7.3672	0.0	0.0
SRR16929566	30971279	0.0	13.372	0.0	0.0	0.0
SRR24633691	24832965	0.0	8.3646	0.4092	0.0	0.0
SRR15141131	3673687	1.9088	0.0	2.2194	0.0	0.0
SRR7266363	2261286	1.9595	0.0	0.3347	0.0	0.0
SRR30610616	19308335	0.0	0.2312	19.0073	0.0	0.1657
SRR15141215	8379585	27.5516	0.0	1.1968	0.0	0.0
SRR30708813	27127685	0.0	63.6433	0.3485	0.0	0.0
SRR11809776	38565581	0.0	19.1317	1.0921	0.0	0.0
SRR12624289	720238	2.5004	0.0	0.6946	0.0	0.0
SRR12624288	3796920	2.7442	0.0	0.8029	0.0	0.0
SRR7267301	1209554	2.8124	0.0	0.0	0.0	0.0
SRR21354810	392486	0.0	76.2741	2.0908	0.0	0.0
SRR23948066	43655524	0.0	34.4972	3.476	0.0	0.0
SRR29665065	20708137	1.5848	0.0	1.1114	0.0	0.0
SRR29770670	21139870	0.0	6.7054	11.8646	0.0	0.0
SRR38355595	22665274	69.6239	1.6359	0.1587	0.0	0.0
SRR34094678	22649425	22.3376	0.0	0.4781	0.0	0.0
SRR11566068	997494	0.2559	1.3035	0.3245	0.0	0.0
SRR30017634	22876844	0.0	0.3574	8.6836	0.0	0.0
SRR22430815	42864444	0.0	1.8475	0.0	0.0	0.0
SRR26865896	24142568	0.0	1.5955	0.0	0.0	0.0
SRR7000852	30903706	13.1405	0.0	0.0	0.0	0.0
SRR6283154	23997307	55.0235	0.0	1.1744	0.0	0.0
SRR34326331	5662222	0.0	2.6235	0.1026	0.0	0.0
SRR16925047	27447212	0.0	2.4275	0.0	0.0	0.0
SRR13375947	48919713	0.0	13.8666	0.7898	0.0	0.0
SRR4046464	22144335	0.0	2.1027	0.0	0.0	0.0
SRR4046458	18972506	0.0	21.1774	0.0	0.0	0.0
SRR32660884	36467771	1.7901	0.0	1.8525	0.0	0.0
SRR14904917	20928627	0.0	2.093	0.5283	0.0	0.0
SRR23912217	22920426	0.0	3.0578	0.167	0.0	0.0
SRR6347985	34747289	0.0	0.0	3.4642	0.0	0.0
SRR7267241	1197210	1.8015	0.0	0.1104	0.0	0.0
SRR29012007	27693690	0.0	4.6961	0.0	0.0	0.0
SRR9071695	43589803	0.0	2.7578	0.1363	0.0	0.0
SRR34326318	4816372	0.0	3.1932	0.0	0.0	0.0
SRR27297797	4173802	0.0	4.8157	0.3507	0.0	0.0
DRR897988	24806989	0.0	33.6412	0.1068	0.0	0.0
SRR22122952	26030894	49.9923	0.0	0.449	0.0	0.0
SRR6466862	46092920	0.0	4.3643	0.4054	0.0	0.0
SRR34417954	21056758	1.1952	0.0	0.9794	0.0	0.0
SRR38077037	43987926	40.3926	0.4906	1.2319	0.0	0.0
SRR14615481	9602098	2.1837	0.0	0.2747	0.0	0.0
SRR11791313	21132415	0.0	5.9039	1.8216	0.0	0.0
SRR17296963	22541438	30.4975	0.0	0.9557	0.0	0.0
SRR38897771	19818637	1.3705	2.5119	0.5859	0.7882	0.0
ERR10387783	33859131	0.0	1.6474	2.7467	0.0	0.0
DRR490160	32797151	0.0	38.5959	4.5173	0.0	0.0
SRR6511850	27418440	1.9926	0.0	0.2127	0.0	0.0
SRR33662630	33080281	0.0	2.6167	2.9659	0.0	0.0
ERR3791652	24688663	0.0	0.0	7.0764	0.0	0.0
SRR27373719	43216898	0.0	18.2444	1.6965	0.0	0.0
SRR7408306	23302178	0.0	2.1414	0.2387	0.0	0.0
SRR31562879	27153627	0.0	1.1432	0.5853	0.0	0.0
SRR36292469	40794765	6.4539	0.0	5.4445	0.0	0.0
SRR3399427	48725160	0.0	3.7502	1.3858	0.0	0.0
SRR11741570	42540631	13.0208	0.0	1.0419	0.0	0.0
SRR32157598	22996314	0.0	2.7742	0.5248	0.0	0.0
SRR33018012	65451493	0.0	1.4619	1.1912	0.0	0.0
SRR11791256	37045153	0.0	1.9911	34.2877	0.0	0.0
SRR7267139	1152654	1.7039	0.0	0.0	0.0	0.0
SRR14338852	13059584	3.5579	0.0	4.0121	0.0	0.0
SRR24888043	21223882	9.5907	0.0	3.958	0.0	0.0
SRR10507277	20975709	0.0	4.9444	0.0	0.0	0.0
SRR16938927	19437037	0.0	71.1671	0.5847	0.0	0.0
SRR27311745	1156459	3.4702	0.0	0.2861	0.0	0.0
SRR35332842	106558544	4.4363	0.0	1.1293	0.0	0.0
SRR38953528	22133922	0.0	6.2761	0.0	0.0	0.0
ERR2695967	6235109	0.0	94.0785	0.6455	0.0	0.0
SRR14546121	2474798	0.182	5.6187	8.475	0.0	0.0
SRR25046118	24074035	0.0	1.1007	0.1179	0.0	0.0
SRR9023732	30927184	0.0	6.8037	0.0	0.0	0.0
SRR37845435	20005017	0.0	3.9053	0.8913	0.0	0.0
SRR22523756	19925519	1.9935	0.0	0.1752	0.0	0.0
SRR27326408	1603360	1.0393	0.0	1.1571	12.3262	0.0
DRR828895	22359541	0.0	0.0	0.0	2.4059	0.0
DRR842307	16194685	11.458	0.0	0.7929	0.0	0.0
SRR24956643	10809186	0.0	0.0	10.9879	0.0	0.0
SRR16709563	27277569	0.0	8.2393	0.5436	0.0	0.0
SRR18583988	39312320	0.0	1.8737	0.2144	0.0	0.0
SRR23618767	19094037	3.1564	0.0	0.6379	0.1828	0.0
SRR5131661	22324665	0.1537	2.0635	8.5595	0.0	0.0
SRR29362655	21114603	1.4876	0.0	1.1069	0.0	0.0
SRR36603458	2269976	0.0	2.2325	0.8419	0.0	0.0
SRR22572295	19466846	0.0	1.671	0.8956	0.0	0.0
SRR14673892	17222997	1.9485	0.0	1.6339	0.0	0.0
SRR33161022	20209859	5.0546	0.0	1.093	0.0	0.0
SRR7361592	21627131	0.0	5.3776	0.0	0.0	0.0
SRR27323143	2907664	0.0	10.3904	4.42	0.0	0.0
SRR37582378	807786	0.0	3.0376	0.4091	0.0	0.0
DRR623326	5668831	9.3156	0.0	4.0493	0.0	0.0
SRR11565972	4111474	0.1389	2.9143	0.0	0.0	0.0
SRR31258102	19568159	0.0	11.2718	1.509	0.0	0.0
SRR36496987	22047546	5.7779	0.0	0.3487	0.0	0.0
SRR1779325	18062029	0.0	4.3855	0.3122	0.0	0.0
SRR15141374	3147728	9.5851	0.0	1.4766	0.0	0.0
SRR7264992	1885591	1.8255	0.0	0.1222	0.0	0.0
SRR8984111	81518797	29.1201	0.0	3.9648	0.0	0.0
SRR8984408	28172812	0.0	3.9667	0.0	0.0	0.0
SRR10135375	10759055	0.2561	1.2896	1.0523	0.0	0.0
SRR20705616	30790562	0.0	21.5405	0.9135	0.0	0.0
SRR20750930	916827	0.0	4.3947	1.7829	0.0	0.0
SRR8327247	5448433	0.0	1.0364	0.1301	0.0	0.0
SRR26039827	49298691	0.0	0.0	6.9205	0.0	0.0
SRR12158721	24575672	0.0	6.1529	0.0	0.0	0.0
SRR10160955	13735907	0.0	44.8344	0.8196	0.0	0.0
SRR10204014	47376403	0.0	2.9864	0.0	0.0	0.0
SRR10204015	16218937	0.0	2.963	0.0	0.0	0.0
SRR10204013	46613936	0.0	2.9002	0.0	0.0	0.0
SRR10204016	16693242	0.0	2.9209	0.0	0.0	0.0
SRR16808864	25185305	0.0	0.0	0.8254	1.7194	0.0
SRR7266979	1459657	1.82	0.0	0.0	0.0	0.0
SRR15364425	17067680	0.0	10.3436	0.8701	0.0	0.0
SRR12160880	26527080	0.0	22.6373	0.1995	0.0	0.0
SRR17244297	23533558	0.0	16.6077	3.1032	0.0	0.0
SRR7267177	1153340	10.537	0.0	0.0	0.0	0.0
SRR12599822	23779979	0.0	1.7988	1.0376	0.0	0.0
SRR18885309	24044604	0.0	12.2065	0.2855	0.0	0.0
SRR28797253	32335982	0.0	10.0774	0.2346	0.0	0.0
ERR2695960	7791979	0.0	87.4036	0.5949	0.0	0.0
ERR14835953	26405973	55.9991	0.0	1.7104	0.0	0.0
SRR20184473	16599878	0.0	27.1347	0.2471	0.0	0.0
SRR33133762	22369606	0.0	3.1797	0.1841	0.0	0.0
ERR15398695	37802008	0.0	0.0	2.3952	0.0	0.0
SRR23852730	58710	0.0	66.6105	0.4105	0.0	0.0
SRR24519900	22761824	0.0	11.2797	0.9356	0.0	0.0
SRR33516411	25400015	0.0	7.5984	0.1337	0.0	0.0
SRR12278678	21325444	0.0	2.1104	0.0	0.0	0.0
SRR29289961	27833898	0.0	11.7557	0.9452	0.0	0.0
SRR7508094	4701871	0.0	1.5859	0.2247	0.0	0.0
SRR8536174	32983984	0.0	3.5492	0.0	0.0	0.0
SRR17971106	27209287	0.0	1.3366	1.6133	0.0	0.0
SRR19213916	5367656	0.0	2.2831	0.326	0.0	0.0
SRR7508006	4820705	0.0	3.5305	0.1416	0.0	0.0
SRR35136555	138076898	0.2991	48.697	0.3736	0.0	0.0
SRR1284052	26978624	3.4822	0.114	0.174	0.0	0.0
SRR16282274	16453158	1.5725	6.0291	2.7406	0.0	0.0
SRR9120835	28930785	0.0	48.8762	0.156	0.0	0.0
SRR18298160	10969819	0.0	2.2737	0.2814	0.0	0.0
SRR27298157	2404893	0.0	3.3161	0.3756	0.0	0.0
SRR20750911	421040	0.0	2.086	2.135	0.0	0.0
SRR34355024	22871080	0.0	49.7999	0.5269	0.0	0.0
SRR25969013	50328414	6.7699	0.0	1.3636	0.0	0.0
SRR33516412	24035354	0.0	9.1582	0.1022	0.0	0.0
SRR27323321	2577938	0.0	8.1122	1.7896	0.0	0.0
SRR31669281	12198554	0.0	14.7419	1.507	0.0	0.0
SRR21021825	26475258	0.0	2.7662	1.1022	0.0	0.0
SRR14902370	84729256	0.0	0.0	29.3383	0.0	0.0
SRR25379820	19210263	0.0	6.4818	0.8945	0.3893	0.0
ERR15399364	66643700	0.0	0.0	2.7974	0.0	0.0
SRR36491042	28098137	0.0	1.6211	0.5769	0.0	0.0
ERR15368210	80489861	0.0	14.8802	0.3247	0.0	0.0
SRR10161819	5396707	10.2099	0.0	1.8964	0.0	0.0
SRR34844829	9942354	0.0	10.4035	0.0	0.0	0.0
SRR23086133	23647637	0.0	1.8162	1.8456	0.0	0.0
SRR32395600	21607754	0.0	2.976	0.0	0.0	0.0
SRR7264714	1484469	2.6528	0.0	0.0	0.0	0.0
SRR17456112	27233543	0.0	3.7889	4.6201	0.0	0.0
ERR2695972	5012396	0.0	75.7192	2.183	0.0	0.0
SRR24804913	20113793	0.2061	19.5329	0.897	0.0	0.0
SRR15853897	31224515	7.6646	1.5605	3.1279	0.0	0.0
SRR7264814	1626626	1.8436	0.0	1.6423	0.0	0.0
SRR12772440	4297637	0.0	0.0	1.8122	7.589	0.0
SRR23514969	41232668	0.0	14.5122	0.1343	0.0	0.0
SRR34316782	26692204	0.0	6.267	3.9821	0.0	0.0
SRR29304495	21937550	0.0	3.3308	6.2632	0.0	0.0
SRR8327222	6923918	0.0	1.3217	0.1732	0.0	0.0
SRR14241045	26951189	0.0	0.0	2.4096	0.0	0.0
SRR39546681	24219071	0.9603	6.7327	2.8795	0.0	0.0
SRR21921825	22250816	0.4218	14.0474	0.4088	0.0	0.0
SRR7267292	1069417	14.2379	0.0	0.3312	0.0	0.0
SRR1631880	32398264	0.0	1.1644	0.0	0.0	0.0
SRR17520153	25434343	11.1762	0.0	0.3728	0.0	0.0
SRR37215771	21420430	42.2039	0.0	1.2816	0.0	0.0
SRR11946737	28537254	0.0	4.9397	0.0	0.0	0.0
SRR1174206	27247005	0.3036	4.3528	1.5857	0.0	0.0
SRR29011868	22923251	0.0	3.517	0.0	0.0	0.0
SRR31838236	20683575	11.0287	0.0	1.6621	0.0	0.0
SRR12615878	5184077	0.0	1.0182	0.5194	0.0	0.0
ERR10886971	52255383	19.0711	0.0	0.2751	0.0	0.0
SRR28588134	61294904	0.0	0.0	4.7335	0.0	0.0
SRR16553400	57571378	0.0	3.1278	2.5484	0.0	0.0
SRR6829722	28286575	1.5104	0.0	0.0	0.0	0.0
SRR19199881	10863087	0.0	30.2604	4.0794	0.0	0.0
SRR29011736	25344858	0.0	2.3583	0.0	0.0	0.0
SRR32467359	107723561	46.4658	0.0	0.5247	0.0	0.0
SRR12616172	7845611	0.0	1.2503	1.3221	0.0	0.0
SRR16938885	18323049	0.0	49.1153	0.5281	0.0	0.0
SRR25933705	8491895	0.0	0.0	15.5235	0.0	0.0
SRR7267025	983441	4.518	0.0	0.0	0.0	0.0
SRR14238798	21445795	1.0254	0.0	0.5502	0.0	0.0
SRR5332106	52493056	8.5317	0.6129	0.3545	0.0	0.0
ERR13765095	13154534	0.0	28.2008	0.0	0.0	0.0
SRR12603818	68680768	0.0	0.0	8.4285	0.0	0.0
SRR11681091	15303633	16.9115	0.0	4.6529	6.5568	0.0
SRR9586830	34641243	0.0	20.4506	0.0	0.0	0.0
SRR29108989	36957424	0.0	0.0	3.685	0.0	0.0
SRR28743724	25251021	33.3312	0.7222	0.7951	0.0	0.0
SRR7507992	4381003	0.0	2.3947	1.4786	0.0	0.0
SRR7896276	7520482	0.0	7.0057	22.2824	0.0	0.0
SRR34326234	5458419	0.1046	1.8097	0.0	0.0	0.0
SRR7264721	1598600	1.809	0.0	0.3551	0.0	0.0
SRR12475913	21435577	0.0	1.7622	1.6071	0.0	0.0
SRR32874214	34005874	0.0	24.2454	2.3307	0.0	0.0
SRR14785359	65702002	0.0	7.2356	0.2584	0.0	0.0
SRR21354770	265559	0.0	6.0713	1.1994	0.0	0.0
SRR15141328	3211864	3.4798	0.0	1.0175	0.0	0.0
SRR23086062	23282937	0.0	2.3707	0.1471	0.0	0.0
SRR29688051	23684118	0.0	9.7553	0.0	0.0	0.0
DRR834217	63465929	0.0	6.9936	0.5932	0.0	0.0
SRR10148798	21004207	0.0	3.9825	0.1269	0.0	0.0
SRR14239690	28812361	0.0	2.0152	2.4941	0.0	0.0
SRR7264763	1836318	1.9199	0.0	0.0	0.0	0.0
SRR17227554	21072241	0.0	4.1058	0.5732	0.0	0.0
SRR25516700	26987593	0.0	4.1839	1.2897	0.0	0.0
SRR24657655	24808638	0.0	28.6696	0.5919	0.0	0.0
SRR25300913	25433450	0.0	8.2112	0.3209	0.0	0.0
SRR8080641	22194645	0.0	16.0836	0.3659	0.0	0.0
ERR13610559	68243903	4.1015	0.0	0.1544	0.0	0.0
SRR7508080	3926718	0.0	3.2835	0.1149	0.0	0.0
SRR8432589	8789460	14.0994	0.0	0.0	0.0	0.0
SRR14933748	23902309	0.0	1.815	0.5514	0.0	0.0
SRR25723178	15058037	2.4909	16.8626	1.5877	0.0	0.0
SRR12546093	11683102	0.0	33.4122	0.0	0.0	0.0
SRR26457485	53829533	0.0	0.0	2.8573	0.0	0.0
SRR32962218	83917179	39.0941	0.0	0.1527	0.0	0.0
SRR23598363	45097774	2.4518	0.0	2.1613	0.0	0.0
SRR32959946	23703887	13.6545	0.0	0.5801	0.0	0.0
ERR12138255	51458994	0.0	1.0169	0.9377	0.0	0.0
SRR10148854	10944674	0.0	7.3456	0.2188	0.0	0.0
SRR10148855	10250080	0.0	7.3445	0.2205	0.0	0.0
SRR10148853	10367099	0.0	7.3376	0.2223	0.0	0.0
SRR7267252	966258	8.6206	0.0	0.0	0.0	0.0
SRR36910204	30776743	2.2502	0.0	3.05	0.0	0.0
SRR5527217	15958090	0.0	2.5245	0.0	0.0	0.0
SRR20750903	369099	0.0	2.0943	2.2089	0.0	0.0
DRR817353	21459730	1.4265	0.0	0.0	0.0	0.0
SRR8460387	153263151	2.7225	0.0	0.2275	0.0	0.0
SRR18713371	36385947	0.0	3.5582	4.4846	0.0	0.0
SRR12160875	25548478	0.0	4.633	0.0	0.0	0.0
SRR23948064	14956591	0.0	29.9888	4.4871	0.0	0.0
SRR17316614	9490222	0.0	1.5981	2.1848	0.0	0.0
SRR13308553	22205833	0.0	2.1122	0.9806	0.0	0.0
SRR10599094	28477235	0.0	14.3556	0.0	0.0	0.0
SRR12616017	6051904	0.0	1.4188	0.7991	0.0	0.0
SRR33516338	24451540	0.0	2.4345	0.0	0.0	0.0
SRR38980076	20974411	98.6301	0.0	0.0	0.0	0.0
SRR25522958	35389026	0.0	0.0	2.9466	0.0	0.0
SRR7267067	1091462	3.1474	0.0	0.1793	0.0	0.0
SRR18461291	27589444	13.0965	0.0	0.2701	0.0	0.0
SRR6123555	11487056	28.7421	0.0	0.0	0.0	0.0
SRR35303523	37221926	1.8569	2.0786	1.2541	0.0	0.0
SRR37385212	12668751	0.0	86.2161	0.5107	0.0	0.0
ERR14835985	96520951	35.5662	0.0	0.4423	0.0	0.0
SRR10204017	28299206	0.0	10.4812	0.0	0.0	0.0
SRR7508055	4479306	0.0	1.9811	0.2142	0.0	0.0
SRR10204019	17113230	0.0	10.7526	0.0	0.0	0.0
SRR10204018	28734800	0.0	10.7801	0.0	0.0	0.0
SRR10204020	17604416	0.0	10.7222	0.0	0.0	0.0
SRR7408208	46737860	3.7978	0.0	0.0	0.0	0.0
SRR33662631	26325076	0.0	3.4783	5.2507	0.0	0.0
SRR21021670	42574699	0.0	2.2689	0.658	0.0	0.0
SRR26455045	12262743	0.0	0.0	2.8446	0.0	0.0
SRR26455046	14230159	0.0	0.0	2.8409	0.0	0.0
SRR7408209	41928895	3.7723	0.0	0.0	0.0	0.0
SRR29654778	27633860	0.0	4.6637	0.4151	0.0	0.0
SRR20438186	23908139	1.2244	0.0	1.1723	0.0	0.0
SRR23621044	22337020	0.0	1.5219	0.0	0.0	0.0
SRR1584266	33964952	0.0	1.0247	0.0	0.0	0.0
SRR25522904	42266518	0.0	0.0	2.1641	0.0	0.0
SRR8743015	21124924	1.5094	0.0	0.0	0.0	0.0
SRR35733539	28566329	0.0	36.6705	2.3265	0.0	0.0
SRR19213868	5270080	0.0	6.0419	0.121	0.0	0.0
SRR25528498	23835063	0.0	1.6637	2.2904	0.0	0.0
SRR26462339	26113246	0.0	4.2004	0.0	0.0	0.0
DRR999496	26643223	0.0	14.6284	1.2033	0.0	0.0
SRR7266029	610371	5.5588	0.0	0.0	0.0	0.0
SRR19412902	42118193	0.0	4.037	6.4621	0.0	0.0
SRR23948036	17198802	0.0	25.1815	5.1761	0.0	0.0
SRR28785878	4919116	0.0	8.3991	16.3145	0.0	0.0
SRR21021694	39338206	0.0	3.8836	0.7998	0.0	0.0
SRR27323347	1998998	0.0	1.3508	2.3364	0.0	0.0
SRR30499005	26699655	2.072	0.0	6.6463	0.0	0.0
SRR31479341	40153049	0.0	10.866	4.9433	0.0	0.0
SRR7003739	26356308	1.8911	0.0	0.0	0.0	0.0
SRR36367327	40482175	13.5385	0.0	9.2388	0.0	0.0
SRR7628936	61712262	10.4739	0.0	0.1765	0.0	0.0
SRR19412890	43169038	0.0	3.9871	6.3612	0.0	0.0
SRR7518302	24488462	0.0	29.5885	0.0	0.0	0.0
SRR33099182	28793503	0.0	2.7791	0.5861	0.0	0.0
ERR4606228	18848784	0.0	1.4157	0.0	0.0	0.0
SRR22981866	21566301	0.0	3.1934	0.0	0.0	0.0
SRR7267106	1398429	3.5246	0.0	0.0	0.0	0.0
SRR28362349	21617692	0.0	5.5534	0.1947	0.0	0.0
SRR30166078	23665771	0.0	5.6584	0.0	0.0	0.0
SRR10448345	5571589	0.6764	21.5307	33.4776	0.0	0.0
SRR30501048	21323541	0.0	5.2021	0.2834	0.0	0.0
SRR7644373	32326811	5.2248	0.0	0.0	0.0	0.0
SRR23635645	38008768	10.6842	0.0	4.3337	0.4068	0.0
SRR14241306	26533195	0.0	2.9819	0.5072	0.0	0.0
SRR3161991	11642703	0.0	1.1999	0.0	0.0	0.0
SRR32975043	33355062	0.0	10.4509	0.137	0.0	0.0
SRR6398510	1143109	0.0	43.8845	1.4852	0.0	0.0
SRR26329869	23238066	0.0	22.5531	0.8043	0.0	0.0
SRR23225927	34858764	0.0	20.0405	0.9151	0.0	0.0
SRR26321437	19949304	0.0	6.02	0.0	0.0	0.0
SRR10153103	11986649	0.0	7.9677	0.0	0.0	0.0
SRR7507945	4547015	0.0	3.0746	0.0	0.0	0.0
SRR26264131	20631133	0.0	2.3729	0.4861	0.0	0.0
SRR13171425	22167164	0.0	10.3571	0.0	0.0	0.0
SRR26860152	26672727	61.4058	0.0	0.3199	0.0	0.0
SRR35874133	22243127	0.0	3.5756	0.1801	0.0	0.0
SRR15614359	30488010	0.0	3.8674	2.2129	0.0	0.0
SRR32853164	9904869	0.0	0.0	12.8369	0.0	0.0
SRR25969055	35832241	4.1223	0.0	1.7626	0.0	0.0
SRR30125677	23390013	0.0	86.0048	0.2803	0.0	0.0
SRR16351758	24424789	9.7382	0.0	3.2316	0.0	0.0
SRR13134687	30296391	0.0	20.2012	3.6955	0.0	0.0
SRR25998760	31256523	1.6543	0.0	2.443	0.0	0.0
SRR28208933	23574096	0.0	3.8617	0.284	0.0	0.0
SRR8177759	44352974	2.0287	0.0	0.0	0.0	0.0
SRR31854880	24250318	0.0	2.8178	0.0	0.0	0.0
SRR38061546	66654484	0.0	3.9155	0.1707	0.0	0.0
ERR13765080	12634443	0.0	21.6005	0.1852	0.0	0.0
SRR29506604	45278530	0.0	8.1078	0.3331	0.0	0.0
ERR10962814	16690480	14.7427	0.0	0.4993	0.0	0.0
SRR36292464	42850505	8.9038	8.8548	6.393	0.0	0.0
SRR10198745	38311572	4.6452	0.0	1.9207	0.0	0.0
SRR25996506	22902089	0.0	1.9579	1.2506	0.0	0.0
SRR24235213	21501081	0.0	16.9799	0.3138	0.0	0.0
SRR4131406	11877133	0.0	10.5461	0.2565	0.0	0.0
SRR33935672	20761829	1.7756	0.0	28.0672	0.0	0.0
SRR20114971	26250559	0.0	5.8823	0.2279	0.0	0.0
ERR1360187	18631510	4.1608	0.0	12.2829	0.0	0.0
SRR7764295	364193	0.0	2.706	0.5006	0.0	0.0
SRR29198173	20664236	0.0	4.4781	3.4519	0.0	0.0
SRR38858538	38133163	2.7261	0.0	1.0524	0.0	0.0
SRR15564996	33933348	0.2323	3.9667	0.2216	0.0	0.0
SRR34326496	35007330	0.0	12.0267	0.6075	0.0	0.0
ERR6842694	79246991	7.4109	0.0	0.2918	0.0	0.0
SRR24737257	20036899	9.1237	0.0	0.6417	0.0	0.0
SRR34326402	4473005	0.0	3.1681	0.0	0.0	0.0
SRR34326399	5288720	0.0	3.2885	0.1101	0.0	0.0
SRR28392414	36673846	1.097	8.8343	1.1336	0.0	0.0
DRR746399	20752002	0.0	2.0828	0.2889	0.0	0.0
SRR34326244	4720765	0.0	2.2535	0.0	0.0	0.0
SRR7266323	1819161	6.114	0.0	0.6267	0.0	0.0
SRR15634104	44252312	2.857	0.0	0.0	0.0	0.0
SRR24019246	10731683	0.0	0.0	14.2684	0.0	0.0
ERR4627180	25573569	0.0	0.0	3.1089	0.0	0.0
ERR7421536	23141513	2.9293	0.0	1.9812	0.0	0.0
SRR7760048	23704454	0.0	5.9832	0.0	0.0	0.0
SRR16587407	51558448	0.0	1.3881	0.4721	0.0	0.0
SRR20450843	10807099	0.0	1.3965	0.0	0.0	0.0
SRR37244534	22124428	2.6915	0.0	0.5049	0.0	0.0
SRR29506608	46604330	0.0	27.7995	0.2852	0.0	0.0
SRR5444356	30967352	0.0	1.2733	1.0715	0.0	0.0
SRR3162022	21380309	0.0	3.044	0.0	0.0	0.0
SRR15364576	23232988	0.0	2.8358	1.1191	0.0	0.0
SRR20217844	24128224	0.0	3.87	0.7035	0.0	0.0
SRR27333897	21791984	7.2647	9.7711	0.8791	0.0	0.0
SRR8749363	50741996	0.0	88.6205	0.0	0.0	0.0
SRR15992397	21299497	0.0	1.3671	0.0	0.0	0.0
SRR27344850	23878835	0.0	3.3787	2.0369	0.0	0.0
SRR36744956	25185515	0.0	0.0	0.2916	4.2047	0.0
DRR872890	34585135	62.434	0.0	1.9216	0.0	0.0
SRR9151635	20651026	0.0	3.5901	0.7782	0.0	0.0
SRR12158729	28914856	0.0	2.564	0.0	0.0	0.0
SRR25078184	36196244	8.6763	0.0	1.351	0.0	0.0
SRR30126660	20504059	2.065	0.0	0.3355	0.0	0.0
SRR11566016	4019861	0.0	1.6823	0.0	0.0	0.0
SRR37215778	26405996	50.6084	0.0	0.8868	0.0	0.0
SRR12998696	53120861	1.8843	0.0	1.1588	0.0	0.0
DRR737901	22052049	0.0	1.2513	0.2327	0.0	0.0
SRR25522699	37898704	0.0	0.0	3.0717	0.0	0.0
SRR10053848	26640350	0.0	2.3111	0.3645	0.0	0.0
SRR20750949	1922487	0.0	1.2139	1.2268	0.0	0.0
SRR21980436	15326480	2.459	0.0	5.8353	0.0	0.0
DRR783667	40162948	0.0	2.3306	2.355	0.0	0.0
SRR11431602	26781410	0.0	73.6472	0.3135	0.0	0.0
ERR14043220	37916797	0.0	2.1337	0.2217	0.0	0.0
SRR11521326	328924	0.0	21.5661	11.7778	0.0	0.0
SRR30795861	50439813	0.0	10.6444	0.9212	0.0	0.0
ERR7421541	18008580	22.9281	0.5587	0.2384	0.0	0.0
SRR12157980	24971324	0.0	1.1142	0.0	0.0	0.0
SRR18583987	43931447	0.0	2.8554	0.16	0.0	0.0
SRR36367339	42201403	11.2477	0.0	5.5647	0.0	0.0
SRR6398543	586945	0.0	9.2881	0.7493	0.0	0.0
SRR7195216	29738926	17.7882	0.0	0.0	0.0	0.0
SRR34326486	18036047	0.0	4.3594	0.9721	0.0	0.0
SRR38317303	20281775	32.8729	3.6529	0.5366	0.0	0.0
SRR15141159	2846603	17.1134	0.0	0.8919	0.0	0.0
SRR3950013	28442683	1.9021	0.0	0.0	0.0	0.0
SRR26617464	61140992	0.0	2.6847	0.3833	0.0	0.0
DRR832827	21784454	0.2363	0.0	0.3053	39.0953	0.0
SRR12832648	16942777	0.0	35.0858	0.3744	0.0	0.0
SRR30495792	30392793	5.6475	0.0	5.8853	0.0	0.0
SRR7264708	4044976	2.002	0.0	0.1938	0.0	0.0
SRR25968993	37198392	11.8307	0.0	1.2585	0.0	0.0
SRR34300128	45906815	2.2718	1.8654	6.1187	0.0	0.0
SRR7896278	6338988	0.0	19.9767	9.8736	0.0	0.0
SRR22350107	54816506	0.0	2.0633	4.488	0.0	0.0
SRR7651450	4261086	0.0	3.0172	0.9859	0.0	0.0
SRR23436102	22539677	0.0	3.2059	0.1165	0.0	0.0
SRR34326268	3977057	0.0	5.0452	0.1141	0.0	0.0
SRR34351777	24605330	0.0	1.9066	0.0	0.0	0.0
SRR37655621	22030532	0.0	3.5498	1.0393	0.0	0.0
SRR21354725	461643	0.0	28.2612	3.7676	0.0	0.0
SRR32806002	28358726	5.251	0.0	0.4335	0.0	0.0
SRR31112632	20751926	12.9683	0.0	0.3105	0.0	0.0
SRR8357891	17437397	0.0	4.0343	0.0	0.0	0.0
SRR15439214	107577712	0.0	13.5365	0.0	0.0	0.0
SRR16938978	20314063	0.0	87.2222	0.2116	0.0	0.0
SRR21021582	34879404	0.1277	1.7094	0.9604	0.0	0.0
SRR27305254	1588500	0.0	2.2184	0.3175	0.0	0.0
SRR26860040	26335768	63.1759	0.0	0.1462	0.0	0.0
SRR17244282	23756259	0.0	53.1608	1.5298	0.0	0.0
SRR6651805	28302664	3.5024	0.0	0.0	0.0	0.0
SRR8786169	41566885	0.0	6.35	1.0195	0.0	0.0
SRR11013327	21069345	0.0	16.5957	0.2154	0.0	0.0
SRR27288289	43941270	0.0	3.0702	0.6268	0.0	0.0
SRR31553536	24212773	0.0	2.717	0.963	0.0	0.0
SRR8309928	40787826	2.7232	0.0	0.2303	0.0	0.0
SRR16131141	23293190	0.0	0.0	1.6971	0.0	0.0
SRR28787292	21008784	0.0	1.476	0.5531	0.0	0.0
SRR14915938	20767199	0.0	5.2635	2.0479	0.0	0.0
SRR11364592	26501890	1.2368	0.0	0.3785	0.0	0.0
SRR35741973	24137199	0.0	1.2074	0.5905	0.0	0.0
SRR13824035	7705369	58.8464	0.0	1.2863	0.0	0.0
SRR7267119	1508326	5.6394	0.0	0.0	0.0	0.0
SRR7517559	23848355	0.0	1.9354	0.0	0.0	0.0
ERR3891509	14983464	0.0	5.0894	1.652	0.0	0.0
SRR12214146	24589049	0.0	2.8662	0.0	0.0	0.0
ERR13346936	26630575	0.0	5.801	0.1658	0.0	0.0
SRR12207814	29137979	0.0	2.5703	0.2173	0.0	0.0
SRR29542347	19192579	0.0	33.7361	0.0	0.0	0.0
SRR4296286	17226483	1.4823	0.0	0.1176	0.0	0.0
SRR6796778	25168152	0.0	1.2305	0.0	0.0	0.0
SRR8743209	20248853	13.2844	0.0	0.0	0.0	0.0
SRR14785366	62353976	0.0	10.8753	0.1767	0.0	0.0
SRR23628288	40759543	0.0	2.0971	0.0	0.0	0.0
SRR33701055	22412210	0.0	2.3157	0.2451	0.0	0.0
SRR16552270	9732420	0.0	90.911	0.2561	0.0	0.0
SRR19752905	292566	0.0	0.0	0.0	5.0542	0.0
SRR18578334	36780096	0.2832	1.4558	0.1634	0.0	0.0
SRR21011424	24273572	0.0	3.144	0.0	0.0	0.0
SRR23598371	44727211	2.6137	0.0	2.7391	0.0	0.0
SRR6278889	29298344	0.0	2.9705	0.9018	0.0	0.0
SRR6048161	19256418	0.0	1.3717	1.034	0.0	0.0
SRR5195764	95333250	0.0	2.797	0.0	0.0	0.0
SRR7264769	2275888	3.106	0.0	0.1455	0.0	0.0
SRR17456103	29631585	0.0	6.2115	4.6331	0.0	0.0
SRR18004647	665954	0.0	3.3993	1.0477	0.0	0.0
SRR8492260	13210336	1.8049	0.0	0.0	0.0	0.0
SRR29828214	30671294	0.0	6.1355	4.6731	0.0	0.0
SRR32628216	22651972	0.0	2.2207	0.4765	0.0	0.0
SRR11814969	19849095	0.3624	3.5553	0.1362	0.0	0.0
SRR22540859	20919002	2.8076	0.0	0.0	0.0	0.0
SRR31301025	22316049	0.0	6.7867	1.8078	0.0	0.0
SRR11785371	304306899	1.0851	0.0	1.7886	0.0	0.0
SRR10416846	14335905	0.0	9.5975	0.2422	0.0	0.0
SRR33516369	25920044	0.0	4.5753	0.0	0.0	0.0
SRR9120834	24428787	0.0	9.7499	0.2669	0.0	0.0
ERR12186756	170988436	9.498	0.0	0.9772	0.0	0.0
SRR25010728	24439864	2.1063	0.0	2.0627	0.0	0.0
SRR29081401	22730877	0.0	1.8345	0.8096	0.0	0.0
SRR14270269	22328920	0.0	1.3493	0.1092	0.0	0.0
SRR38478086	21484892	93.8557	0.0	0.8026	0.0	0.0
SRR30202445	22126049	0.0	3.8606	0.0	0.0	0.0
ERR3891515	16706045	0.0	20.1443	1.6748	0.0	0.0
SRR18957883	25946961	0.0	0.0	1.5127	2.4175	0.0
SRR21354869	6482995	0.0	46.7742	6.5763	0.0	0.0
SRR26860147	29784235	45.7602	0.1172	0.548	0.0	0.0
SRR29011818	27101257	0.0	1.6268	0.1702	0.0	0.0
SRR13960220	14703772	0.0	0.0	0.7093	2.3212	0.0
SRR7266258	145416	2.1875	0.0	0.7585	0.0	0.0
SRR34083367	20807428	0.0	5.8902	0.8481	0.0	0.0
SRR7264783	1335918	2.6121	0.0	0.0	0.0	0.0
SRR25969011	36711239	6.9827	0.0	1.9978	0.0	0.0
SRR15141284	4843167	16.2516	0.0	1.7	0.0	0.0
SRR31278112	57896199	24.0425	0.0	0.4995	0.0	0.0
SRR11574203	1963727	0.0	1.6878	0.4133	0.0	0.0
SRR34469064	24922256	0.0	7.5732	0.2892	0.0	0.0
SRR21021808	37053516	0.0	2.4546	0.2464	0.0	0.0
SRR3371836	10561382	0.0	12.5592	0.1196	0.0	0.0
SRR15742935	23467871	0.0	0.0	1.0688	7.2391	0.0
SRR21354879	2525922	0.0	4.1015	5.9258	0.0	0.0
SRR34326541	6273496	0.0	6.5677	0.1123	0.0	0.0
SRR10160945	15021860	0.0	34.7485	0.905	0.0	0.0
SRR25318408	37733361	0.1194	1.9027	1.6854	0.0	0.0
SRR33323092	39409610	16.5907	0.0	1.3729	0.0	0.0
SRR37000548	45021310	0.0	0.0	4.1814	0.0	0.0
SRR34326221	43972454	0.0	3.7037	0.2334	0.0	0.0
SRR18296855	24735449	0.0	4.325	0.0	0.0	0.0
SRR23261134	8317682	0.0	0.0	14.2788	0.0	0.0
SRR23261133	8247631	0.0	0.0	14.026	0.0	0.0
SRR37244507	20539222	3.0642	0.0	0.2586	0.0	0.0
ERR11669018	45844160	0.0	2.1138	0.0	0.0	0.0
SRR12615991	4142757	0.0	1.6791	1.4446	0.0	0.0
SRR20115010	23037525	0.0	3.4226	0.1503	0.0	0.0
SRR7267182	1576186	1.9665	0.0	0.2018	0.0	0.0
SRR35247861	27032471	0.0	1.8652	0.9541	0.0	0.0
SRR37215774	21261415	6.4278	0.0	0.5029	0.0	0.0
SRR8416460	18753999	11.2885	0.1278	0.0	0.0	0.0
SRR8743112	16757757	9.7955	0.0	0.1283	0.0	0.0
SRR19213927	5668354	0.0	2.0277	0.4984	0.0	0.0
SRR21847013	21695295	0.1537	6.5511	0.2824	0.0	0.0
SRR37385209	11786873	0.1788	76.6585	0.73	0.0	0.0
DRR207953	10151298	0.0	0.0	0.3285	2.7844	0.0
SRR3880228	11368631	0.0	2.2448	0.0	0.0	0.0
SRR35284465	21605382	0.0	95.2308	0.0	0.0	0.0
SRR34844827	20016631	0.0	32.4708	0.1444	0.0	0.0
SRR7267279	1233989	1.8135	0.0	0.0	0.0	0.0
ERR13511383	3265833	0.0	0.0	2.8528	0.0	0.0
SRR12532046	22682728	0.0	18.2844	0.0	0.0	0.0
SRR19213860	5249954	0.0	2.8866	0.366	0.0	0.0
SRR27297952	10355413	0.0	5.3642	0.2307	0.0	0.0
SRR12442385	28440955	0.0	2.6317	0.6333	0.0	0.0
ERR11670145	20000799	0.0	35.5316	9.6881	0.0	0.0
SRR26931934	31491431	0.0	8.0091	2.6199	0.0	0.0
DRR819451	25367318	0.0	2.6624	0.175	0.0	0.0
SRR12532030	22528323	0.0	11.0416	0.0	0.0	0.0
SRR16938918	15766099	0.0	73.8202	0.1431	0.0	0.0
SRR19050457	25146268	9.8404	0.0	0.6308	0.0	0.0
SRR28479739	21990122	0.0	2.1065	0.3307	0.0	0.0
SRR12158776	25460755	3.5226	0.0	0.2525	0.0	0.0
SRR26844768	21243611	0.0	4.4704	0.0	0.0	0.0
SRR38914086	26515822	0.1734	11.4187	5.7959	0.0	0.0
SRR12832617	29505281	0.0	37.478	0.2087	0.0	0.0
SRR7267351	1659818	6.8839	0.0	0.0	0.0	0.0
SRR29011760	24613259	0.0	5.3174	0.0	0.0	0.0
ERR4329522	83230039	5.1913	0.3104	0.0	0.0	0.0
SRR7265998	1649618	1.8311	0.0	0.0	0.0	0.0
SRR14673923	10236353	1.985	0.0	2.5062	0.0	0.0
SRR8309971	25440766	4.0123	0.0	0.2481	0.0	0.0
SRR30815608	20481764	0.0	2.8211	0.2169	0.0	0.0
SRR11431606	1290010	0.0	1.18	1.21	0.0	0.0
SRR18069917	63933377	5.4014	0.0	1.3123	0.0	0.0
SRR3098268	12017346	9.1511	0.0	0.0	0.0	0.0
DRR858071	80132618	1.1763	0.0	0.4549	0.0	0.0
SRR12532033	22514115	0.0	11.5824	0.0	0.0	0.0
SRR13838033	22270130	0.0	11.591	0.1261	0.0	0.0
SRR27323264	6059831	0.0	13.7979	1.6262	0.0	0.0
SRR28864135	45062692	4.578	0.0	1.2653	0.0	0.0
SRR1779517	5502106	0.0	6.5972	0.0	0.0	0.0
SRR27323172	2753582	0.0	10.5769	1.8859	0.0	0.0
SRR35228101	23769193	0.0	3.306	2.5616	0.0	0.0
SRR19412898	39586500	0.0	3.4604	2.8294	0.0	0.0
SRR15084006	53769680	2.9439	0.0	0.0	0.0	0.0
SRR15354944	16948716	0.0	0.0	2.3298	0.0	0.0
SRR18163825	12326629	0.0	0.0	2.7295	0.0	0.0
SRR27326545	955952	10.7352	0.0	1.569	0.0	0.0
SRR17456110	30833106	0.0	2.935	3.8995	0.0	0.0
SRR36292506	38639912	7.7075	0.0	5.1748	0.0	0.0
SRR27305373	558329	0.0	1.5557	0.156	0.0	0.0
SRR25422564	43481754	0.0	79.9513	0.2018	0.0	0.0
SRR7266995	1761129	4.2453	0.0	0.0	0.0	0.0
SRR35525928	23715191	0.0	3.3732	0.6092	0.0	0.0
SRR33099178	26067437	0.0	3.42	1.0951	0.0	0.0
DRR817352	22604597	2.1387	0.0	0.0	0.0	0.0
SRR14001693	240243362	15.2662	0.0	1.4524	0.0	0.0
SRR30398040	56212197	52.6394	0.0	2.6728	0.0	0.0
SRR22124093	20583834	0.0	0.0	2.8067	0.0	0.0
SRR25379807	24541482	0.0	17.17	0.9211	0.208	0.0
SRR29444127	25142334	0.0	1.4864	0.1885	0.0	0.0
SRR29288342	23741795	0.0	1.2128	2.7624	0.0	0.0
SRR24657680	23516204	0.0	19.1347	0.3875	0.0	0.0
SRR11431619	30191877	0.0	20.6333	0.9135	0.0	0.0
SRR24956632	8248136	0.0	0.0	20.34	0.0	0.0
SRR38061540	71610774	0.0	6.7562	0.2603	0.0	0.0
SRR10135873	3032826	0.0	75.6077	0.0	0.0	0.0
SRR10448356	345018	2.0187	59.0813	1.7593	0.0	0.0
SRR25209530	22771591	0.0	14.1682	0.0	0.0	0.0
SRR30816799	25282795	0.0	29.3867	0.8056	0.0	0.0
SRR17325828	22195381	0.0	3.5293	0.0	0.0	0.0
SRR35858303	19906798	0.0	3.014	4.7039	0.0	0.0
SRR7266013	623389	3.0562	0.0	0.0	0.0	0.0
SRR17916401	16187432	50.6907	0.0	1.0403	0.0	0.0
SRR24557159	24087267	0.0	22.0303	0.0	0.0	0.0
ERR10962822	22230971	35.6831	0.0	0.6862	0.0	0.0
SRR11013320	23769034	0.0	6.8689	0.0	0.0	0.0
SRR14614671	12495490	1.0079	1.2992	1.0228	0.0	0.0
SRR26083766	23843980	0.0	2.1678	0.9084	0.0	0.0
SRR29484653	425895	0.0	4.2534	0.2707	0.0	0.0
SRR21762756	22696136	0.0	2.812	3.7915	0.0	0.0
ERR4605993	19447543	0.0	1.346	0.0	0.0	0.0
SRR28797231	25900471	0.0	6.0082	0.3362	0.0	0.0
SRR34326397	5310452	0.0	3.299	0.1127	0.0	0.0
SRR15538967	7697476	1.1832	81.4804	1.0305	0.0	0.0
SRR16301681	19877228	0.0	1.7511	3.4754	0.0	0.0
SRR33516587	25668241	0.0	1.3476	0.2482	0.0	0.0
SRR37452314	22078196	17.3502	0.0	0.1305	0.0	0.0
SRR32389834	46233322	0.0	5.7358	0.6855	0.0	0.0
SRR18107581	5337209	0.0	3.9089	7.3001	0.0	0.0
SRR34093540	21378252	0.0	2.7174	0.0	0.0	0.0
SRR16938959	17259857	0.0	51.4918	0.9043	0.0	0.0
SRR10148763	9225577	0.0	4.239	0.2166	0.0	0.0
SRR10148764	9915793	0.0	4.2536	0.5037	0.0	0.0
SRR10148801	11056980	0.0	4.2187	0.2125	0.0	0.0
SRR11574190	1131974	0.0	2.7679	0.3603	0.0	0.0
SRR21021684	36791821	0.2302	2.1741	9.0149	0.0	0.0
SRR7172325	15628856	3.2006	0.0	0.0	0.0	0.0
SRR8984121	54792085	47.4031	0.0	1.2469	0.0	0.0
SRR13263224	84985343	0.0	13.7573	2.8528	0.0	0.0
SRR19543991	22073839	0.0	2.0312	0.2612	0.0	0.0
SRR20705593	31406081	0.0	66.6937	0.7493	0.0	0.0
ERR13230763	2971560	0.0	0.0	39.7915	0.0	0.0
SRR19510990	34502939	0.0	1.5958	0.2729	0.0	0.0
SRR28799938	39776205	0.1152	2.2578	6.462	0.0	0.0
SRR7508116	4810983	0.0	2.7235	0.0	0.0	0.0
SRR20438167	38035259	1.3694	0.0	1.0422	0.0	0.0
SRR17955999	19803721	16.0335	0.0	1.6239	0.0	0.0
SRR28045288	22491585	2.4147	0.0	0.2809	0.0	0.0
DRR737893	26592196	0.0	2.6059	0.2338	0.0	0.0
SRR29011855	24440150	0.0	5.1075	0.1021	0.0	0.0
SRR33004583	20895661	0.0	10.3055	0.8127	0.0	0.0
SRR8303045	81059545	0.0	1.3087	0.1817	0.0	0.0
SRR31550960	33901386	0.0	0.0	3.0278	0.0	0.0
SRR10448344	909172	24.4244	23.6635	8.9854	0.0	0.0
SRR13838024	21872206	0.0	3.0125	0.0	0.0	0.0
SRR23852726	72049	0.0	49.4483	0.3289	0.0	0.0
SRR34093541	21173686	0.0	2.5692	0.0	0.0	0.0
SRR12214153	23179645	0.0	2.228	0.1882	0.0	0.0
SRR11364567	28756073	1.7227	0.0	0.1078	0.0	0.0
SRR27311318	199886	6.8424	0.0	0.3462	0.0	0.0
SRR29011643	24526262	0.0	1.2516	0.1014	0.0	0.0
SRR3313170	31003416	0.0	7.0008	0.3482	0.0	0.0
SRR9937181	27588012	0.0	4.63	0.0	0.0	0.0
SRR27202909	18137800	19.671	4.7027	4.3052	0.0	0.0
SRR34420498	23731251	0.0	0.0	0.1433	8.5662	0.0
SRR24956702	9269652	0.0	0.0	16.2866	0.0	0.0
SRR32009632	21926987	0.0	1.7031	0.3753	0.0	0.0
SRR33516230	27447157	0.0	1.6613	0.0	0.0	0.0
SRR12481042	20777387	0.0	78.2229	0.1261	0.0	0.0
SRR35396723	15747319	3.6065	0.0	0.7492	0.0	0.0
SRR6398498	2220755	0.6101	40.4197	37.4672	0.0	0.0
SRR7264777	2648335	1.5876	0.0	0.0	0.0	0.0
SRR19891831	23665333	1.7839	0.0	1.2976	0.0	0.0
ERR4131946	7038964	0.0	0.0	6.2637	0.0	0.0
ERR4131949	6338664	0.0	0.0	6.7834	0.0	0.0
ERR4131947	6645079	0.0	0.0	6.115	0.0	0.0
ERR4131948	7012613	0.0	0.0	5.9911	0.0	0.0
SRR12160879	29709790	0.0	5.6992	0.2984	0.0	0.0
SRR10448338	940020	0.4296	74.2536	0.9869	0.0	0.0
SRR18186465	40323884	0.0	1.5578	0.4428	0.0	0.3744
SRR21354780	580304	0.0	15.5534	2.5885	0.0	0.0
SRR21846943	35124031	20.7738	0.0	0.1865	0.0	0.0
SRR24115459	24159688	5.0133	0.0	3.189	0.0	0.0
SRR25534621	31339366	0.371	5.4454	1.1445	0.0	0.0
SRR35859418	36686834	0.0	10.5038	0.4299	0.0	0.0
SRR36744951	22223691	0.0	0.0	0.3215	66.6401	0.0
SRR9120837	24859842	0.0	39.9102	0.1022	0.0	0.0
SRR14788872	18704849	0.0	3.0789	3.1682	0.0	0.0
SRR32914039	19706799	0.0	6.9078	0.0	0.0	0.0
SRR8984126	37412371	48.9479	0.0	2.9235	0.0	0.0
SRR27851094	19997099	0.0	5.1675	1.4272	0.0	0.0
SRR9205173	13511965	0.0	19.3178	0.123	0.0	0.0
SRR28858340	22090189	0.0	1.2395	2.5432	0.0	0.0
ERR13249911	20922170	0.0	0.0	12.6198	0.0	0.0
SRR13171427	22261742	0.0	1.3987	0.0	0.0	0.0
SRR15141240	2989137	9.6444	0.0	1.4526	0.0	0.0
SRR17916446	13717419	22.7172	0.0	0.285	0.0	0.0
SRR17916379	17832258	23.0246	0.0	0.7542	0.0	0.0
SRR29815347	21673105	0.1791	4.3085	3.3091	0.0	0.0
SRR20750946	351188	0.0	1.3679	2.9796	0.0	0.0
SRR7267056	877632	3.8316	0.0	0.1411	0.0	0.0
SRR9937175	23582547	0.0	16.3944	0.0	0.0	0.0
SRR10160958	25224003	0.0	13.5813	1.3961	0.0	0.0
SRR29654782	25310607	0.0	10.5117	0.242	0.0	0.0
SRR38890935	35157981	0.0	6.0385	0.0	0.0	0.0
SRR7265980	1128273	8.6734	0.0	0.0	0.0	0.0
SRR14785368	67624331	0.0	8.4042	0.1316	0.0	0.0
SRR24376156	23451851	0.0	14.9024	0.9851	0.0	0.0
SRR33516608	24865174	0.0	3.3723	0.1208	0.0	0.0
SRR11565957	3180289	0.0	7.5648	0.1974	0.0	0.0
SRR25534633	29016205	0.1176	6.4036	1.5042	0.0	0.0
SRR15853894	32447395	69.7228	0.6698	0.4488	0.0	0.0
SRR10747004	28723860	0.0	1.7179	0.3994	0.0	0.0
SRR31323388	22950953	0.0	82.5916	0.1016	0.0	0.0
SRR7644301	25698819	14.6912	0.0	0.1158	0.0	0.0
SRR12616178	4502670	0.0	1.0858	0.7065	0.0	0.0
SRR35194771	9961016	0.0	0.0	6.7724	0.0	0.0
SRR16938965	17069967	0.0	67.8634	0.2342	0.0	0.0
SRR6201535	100966165	0.0	6.3199	1.3368	0.0	0.0
SRR31477315	22760513	0.0	1.4115	0.8079	0.0	0.0
SRR7264934	3799474	1.7992	0.0	0.0	0.0	0.0
SRR18394847	35254600	0.0	0.0	4.7362	0.0	0.0
SRR22262075	32319374	1.464	0.4342	0.0	0.0	0.0
SRR33210595	12433690	0.0	18.1159	0.7968	0.0	0.0
SRR35741958	19367844	0.0	2.2673	0.4104	0.0	0.0
SRR39298175	6477195	0.0	3.2656	1.4164	0.0	0.0
SRR17916388	17044937	26.1377	0.0	0.769	0.0	0.0
SRR17074237	38936842	0.0	2.8045	0.2686	0.0	0.0
SRR24755836	29246949	0.0	5.5811	2.552	0.0	0.0
SRR17916410	16252961	11.437	0.0	0.3625	0.0	0.0
SRR5995707	21830104	0.0	3.1227	0.0	0.0	0.0
SRR23221821	20830560	0.0	2.9926	5.1741	0.0	0.0
SRR29646191	34901547	0.0	7.7078	0.2592	0.0	0.0
SRR15685535	21953449	0.0	3.1319	1.0242	0.0	0.0
ERR3891500	3732468	0.0	4.9409	9.4303	0.0	0.0
SRR16282444	20262586	0.0	2.0404	0.5126	0.0	0.0
SRR4032189	15749330	0.0	11.8836	3.0894	0.0	0.0
SRR7507963	5102800	0.0	2.7018	0.0	0.0	0.0
SRR7267081	1621357	1.3919	0.0	0.0	0.0	0.0
SRR9123280	31631851	0.0	2.2135	0.0	0.0	0.0
SRR16938939	19617736	0.0	64.7922	0.109	0.0	0.0
SRR21021564	36487859	0.0	1.9279	6.2019	0.0	0.0
SRR31801785	23986487	0.0	2.9707	0.5919	0.0	0.0
SRR7508024	5187015	0.0	3.0652	0.1113	0.0	0.0
SRR16938968	22377411	0.0	73.5575	0.6003	0.0	0.0
DRR736987	22745005	0.0	1.6376	0.0	0.0	0.0
SRR21237708	21778303	0.2262	38.7115	2.0544	0.0	0.0
SRR26951131	25184881	0.0	3.3969	0.2954	0.0	0.0
SRR6827956	13121621	2.7673	0.0	0.0	0.0	0.0
SRR23086151	24392127	0.0	1.9948	1.1302	0.0	0.0
ERR10691683	4939868	0.0	6.1466	4.7067	0.0	0.0
SRR32920597	21401196	47.0752	2.5109	1.7385	0.0	0.0
SRR36910247	38438626	7.6758	0.0	4.3219	0.0	0.0
SRR8742914	27502655	2.3668	0.0	0.7492	0.0	0.0
SRR34844822	21390178	0.0	16.4347	0.1971	0.0	0.0
ERR10886961	63286488	35.5143	0.0	1.1155	0.0	0.0
SRR29808749	21565187	6.0926	0.0	1.6435	0.0	0.0
SRR16351745	22077947	4.0886	0.0	2.6009	0.0	0.0
SRR5195763	90696829	0.0	2.4602	0.0	0.0	0.0
SRR7267098	1482281	2.55	0.0	0.2578	0.0	0.0
SRR29011695	25211269	0.0	1.3586	0.1486	0.0	0.0
SRR8266814	30677273	0.0	0.0	26.9248	0.0	0.0
SRR32695199	22599304	0.0	3.4787	1.0164	0.0	0.0
SRR12415072	56025665	0.0	5.5692	0.0	0.0	0.0
SRR21769125	27330367	0.0	1.6749	0.0	0.0	0.0
SRR29709384	37622524	0.212	1.8224	1.476	0.0	0.0
SRR19435287	24450721	0.0	32.3928	1.1241	0.0	0.0
SRR28288551	22047876	0.0	6.3732	11.0248	0.0	0.0
SRR34326251	5483450	0.0	5.3795	0.0	0.0	0.0
SRR35430693	42902373	0.0	0.0	4.1233	0.0	0.0
SRR8992602	1972061	5.915	0.0	0.1592	0.0	0.0
SRR8992603	1957065	5.9155	0.0	0.1596	0.0	0.0
SRR10291733	48205825	3.8242	0.0	0.2847	0.0	0.0
SRR8992604	2611307	6.0185	0.0	0.1727	0.0	0.0
SRR5457641	27925459	0.0	1.3722	0.0	0.0	0.0
SRR28032151	21641314	0.1405	6.7771	1.2041	0.0	0.0
ERR2275047	16449119	2.3194	0.0	0.4023	0.0	0.0
DRR988064	21928856	0.0	1.7275	0.8272	0.0	0.0
SRR1207284	23922917	0.0	8.0393	0.0	0.0	0.0
SRR32805991	45911000	1.31	0.0	0.4767	0.0	0.0
SRR1631905	51466227	0.0	1.0007	0.0	0.0	0.0
SRR7266376	2464624	3.6907	0.0	0.0	0.0	0.0
SRR11091427	8524199	0.0	2.8656	0.3243	0.0	0.0
SRR8418266	825232	1.7118	0.0	0.2461	0.0	0.0
SRR22183666	47229953	1.3325	0.0	0.188	0.0	0.0
SRR13574988	45503016	0.419	2.9708	9.7343	0.0	0.0
SRR14788873	23879066	0.0	3.846	4.1995	0.0	0.0
ERR2275049	21817748	3.6328	0.0	0.799	0.0	0.0
SRR31801800	21020997	0.0	2.6249	0.5566	0.0	0.0
SRR26277490	19376361	1.0571	0.0	1.9163	0.0	0.0
SRR37519599	35155745	0.3615	58.3882	0.6595	0.0	0.0
SRR14674038	13154964	1.6445	0.0	0.8566	0.0	0.0
ERR10691734	5999992	0.0	3.708	3.2101	0.0	0.0
SRR6365715	22622837	0.1897	1.639	0.972	0.0	0.0
SRR32120534	27705212	0.0	1.5921	0.3488	0.0	0.0
SRR32909011	19951639	0.0	3.4322	0.4021	0.0	0.0
SRR29289928	29083204	0.0	18.5279	1.1826	0.0	0.0
SRR37325359	60045230	2.9699	0.0	0.4565	0.0	0.0
SRR31579322	32310187	0.6373	20.3162	3.7745	0.0	0.0
SRR7265994	573344	2.074	0.0	0.5545	0.0	0.0
SRR866275	13718011	0.0	2.3165	0.0	0.0	0.0
SRR21354764	249199	0.0	9.8484	0.0	0.0	0.0
SRR22450623	22996764	0.0	0.0	2.0758	0.0	0.0
SRR8191358	13255617	4.0144	0.0	0.0	0.0	0.0
SRR5363207	54689720	0.0	0.0	13.2462	0.0	0.0
SRR14777748	11274599	0.0	1.4812	2.1922	0.0	0.0
SRR23514975	20659182	0.0	4.1883	0.0	0.0	0.0
SRR13263282	42155908	0.0	2.9731	0.0	0.0	0.0
SRR12160891	25477557	0.0	35.716	0.2369	0.0	0.0
SRR5871152	37344065	12.7483	0.0	1.0385	0.0	0.0
SRR24496908	21188540	0.0	0.0	1.0046	6.732	0.0
SRR28784949	35716099	20.6047	0.0	1.3108	0.0	0.0
SRR8569393	23450615	1.5217	0.0	0.2102	0.0	0.0
SRR31639308	22403866	22.4701	0.0	0.5365	0.0	0.0
SRR34083364	21049625	0.0	5.6137	1.2132	0.0	0.0
SRR31639306	22274940	45.9138	0.0	0.2973	0.0	0.0
SRR10599085	50072155	0.0	58.9749	0.0	0.0	0.0
SRR7266188	2051274	5.081	0.0	0.3946	0.0	0.0
SRR27235851	33086655	0.0	3.2009	0.4454	0.0	0.0
DRR635748	13598330	0.0	7.7832	0.5445	0.0	0.0
SRR21021810	31381630	0.0	1.0698	2.0587	0.0	0.0
SRR26860069	43575495	69.4842	0.0	0.2556	0.0	0.0
SRR34169755	42697518	0.0	17.9577	0.9236	0.0	0.0
SRR17456171	23741938	0.0	6.7305	1.5238	0.0	0.0
SRR27297792	13782282	0.0	5.3355	0.0	0.0	0.0
SRR28111336	25088925	5.5764	0.0	3.6268	0.0	0.0
SRR34326239	5388111	0.0	2.0014	0.0	0.0	0.0
SRR24956625	18279844	0.0	0.0	11.2107	0.0	0.0
SRR15112556	27225806	0.0	2.5485	0.1689	0.0	0.0
SRR23500859	29455727	0.0	3.7934	0.101	0.0	0.0
SRR36366375	19492875	0.0	1.4176	1.6594	0.0	0.0
SRR14141728	126412372	0.0	36.5711	0.0	0.0	0.0
SRR21753741	7967760	0.0	0.0	1.8718	0.0	0.0
SRR7266127	527695	2.0152	0.0	0.5579	0.0	0.0
SRR29906204	21667153	0.0	2.3375	0.0	0.0	0.0
SRR34300170	21861043	3.6242	0.0	10.1641	0.0	0.0
SRR31419612	47444790	5.3546	0.0	20.2308	0.0	0.0
SRR27331746	1646786	0.0	1.271	0.4995	0.0	0.0
ERR14366923	30720587	0.0	8.6052	0.5074	0.0	0.0
SRR10135294	9825781	0.0	2.6662	0.3427	0.0	0.0
ERR9452524	27577952	1.9745	0.0	0.2591	0.0	0.0
SRR1298984	67707665	9.5159	0.0	0.0	0.0	0.0
SRR18957888	24436603	0.0	0.0	1.2221	2.3706	0.0
SRR7266976	1229019	6.779	0.0	0.1887	0.0	0.0
SRR13134692	20222451	0.0	30.1122	0.4724	0.0	0.0
SRR21354830	651742	0.0	33.3431	2.1527	0.0	0.0
SRR16480625	32075773	0.0	38.7282	3.6312	0.0	0.0
SRR23852718	81159	0.0	57.4329	0.7824	0.0	0.0
SRR10054977	560454	0.0	3.4938	0.0	0.0	0.0
SRR22130840	21947021	2.6389	0.0	0.6986	0.0	0.0
ERR15289679	20702847	0.0	2.3663	0.1592	0.0	0.0
SRR15058269	71932790	0.0	4.364	3.4793	0.0	0.0
SRR7507934	4694924	0.0	4.8072	0.1836	0.0	0.0
SRR34469058	26494415	0.0	2.5268	0.4404	0.0	0.0
SRR27298033	1286767	0.0	5.7726	0.3707	0.0	0.0
SRR9120828	29648012	0.0	19.8425	0.0	0.0	0.0
SRR38258973	76675522	0.0	74.0641	0.386	0.0	0.0
SRR17456159	26948179	0.1166	8.4994	1.2423	0.0	0.0
SRR1508197	27447806	0.0	2.067	0.0	0.0	0.0
SRR25683599	22984397	0.0	4.9244	1.3431	0.0	0.0
SRR31319053	6206712	0.0	7.8712	4.7946	0.0	0.0
SRR32991662	47293776	0.1708	1.0739	1.3557	0.0	0.0
SRR21354831	898492	0.0	20.7515	2.3995	0.0	0.0
SRR22858682	23912023	0.0	19.4311	0.6997	0.0	0.0
SRR16025770	47539029	0.0	0.0	3.4656	0.0	0.0
SRR6685971	33056121	0.0	0.0	1.3163	0.0	0.0
SRR13862667	24493717	0.0	2.7476	1.8987	0.0	0.0
SRR24956712	17022739	0.0	0.0	12.0119	0.0	0.0
SRR7507946	5188624	0.0	3.0674	0.1131	0.0	0.0
SRR38061537	84482362	0.0	4.2555	0.1894	0.0	0.0
SRR30328483	54235435	0.0	27.4397	2.5221	0.0	0.0
SRR16760708	23501606	0.0	2.3975	0.1672	0.0	0.0
SRR21769128	28440400	0.0	2.0547	0.0	0.0	0.0
SRR18069913	39787920	2.675	0.0	3.9677	0.0	0.0
SRR27297846	2101301	0.0	3.6113	0.5005	0.0	0.0
SRR34469066	24832430	0.0	2.6968	0.2862	0.0	0.0
SRR15634095	44070424	2.1021	0.0	0.0	0.0	0.0
SRR22518711	23745474	0.0	3.8668	0.1657	0.0	0.0
SRR23261149	8654948	0.0	0.0	11.5997	0.0	0.0
SRR23261150	8694534	0.0	0.0	11.92	0.0	0.0
SRR31319042	8506559	0.0	3.6714	6.697	0.0	0.0
SRR33701056	22100280	0.0	2.0445	1.0677	0.0	0.0
SRR7266036	1532143	1.6722	0.0	0.4321	0.0	0.0
SRR7265031	1672701	3.6981	0.0	1.3099	0.0	0.0
SRR20296999	14836032	0.0	1.8128	6.0463	0.0	0.0
SRR22383405	58905689	0.0	6.1745	0.134	0.0	0.0
SRR10148792	8715929	0.0	5.2983	1.6022	0.0	0.0
SRR10148791	8231543	0.0	5.2946	1.6126	0.0	0.0
SRR10148793	8133898	0.0	5.31	1.6174	0.0	0.0
ERR13230762	5075591	0.0	0.0	42.8724	0.0	0.0
SRR1774069	43091149	11.3128	0.0	0.3183	0.0	0.0
SRR1774200	42699605	11.4211	0.0	0.3403	0.0	0.0
SRR1774107	26497033	13.119	0.0	1.3878	0.0	0.0
SRR1774051	36994692	9.6447	0.0	0.5758	0.0	0.0
SRR1774233	41664273	11.428	0.0	0.3386	0.0	0.0
SRR1774211	25615940	13.3203	0.0	0.8403	0.0	0.0
SRR1774148	36734919	9.7265	0.0	0.4195	0.0	0.0
SRR1774227	35862005	9.7334	0.0	0.4239	0.0	0.0
SRR1774236	24987239	13.3125	0.0	0.8853	0.0	0.0
SRR33516647	23180509	0.0	2.4495	0.1837	0.0	0.0
SRR29826779	27656071	57.8107	0.0	3.1607	0.0	0.0
SRR16939005	10777031	0.0	75.2215	0.1524	0.0	0.0
SRR6145816	14509027	0.0	3.9049	1.8139	0.0	0.0
SRR22803575	22493269	0.0	1.6178	1.8131	0.0	0.0
SRR30852794	23034468	0.0	11.1178	0.0	0.0	0.0
SRR33516703	26594485	0.0	18.0764	0.0	0.0	0.0
SRR16925062	25196648	0.0	20.7434	0.1232	0.0	0.0
SRR8944216	33752594	3.2416	0.0	1.3216	0.0	0.0
SRR36367336	43122207	4.2273	0.0	4.8268	0.0	0.0
SRR13434486	23679604	0.0	6.0237	0.1101	0.0	0.0
SRR28975613	2427807	8.9433	0.0	0.501	0.0	0.0
SRR32153833	7331197	3.4058	0.0	9.7009	0.0	0.0
SRR22540862	24958709	15.016	0.0	0.1275	0.0	0.0
SRR34061845	40038289	0.0	8.6347	0.4207	0.0	0.0
SRR6026708	6770511	0.0	1.1635	0.0	0.0	0.0
SRR39263425	22134853	0.0	3.0247	0.5635	0.0	0.0
SRR21354881	1119418	0.0	2.2792	9.9071	0.0	0.0
SRR10053822	24215777	1.4431	0.0	0.0	0.0	0.0
SRR17166881	46775188	11.0928	0.2743	1.8048	0.0	0.0
SRR11521345	498586	0.0	24.343	5.5982	0.0	0.0
SRR23261137	6221812	0.0	0.0	17.3259	0.0	0.0
SRR23261138	6244914	0.0	0.0	17.7076	0.0	0.0
SRR38077039	45009383	24.7143	0.4091	2.082	0.0	0.0
SRR10135393	9591512	0.0	3.3941	0.3632	0.0	0.0
SRR16938937	16368673	0.0	38.9132	0.6174	0.0	0.0
SRR19016043	22806837	0.0	1.4554	0.3061	0.0	0.0
SRR30566738	12532895	0.2368	2.5965	1.0471	0.0	0.0
SRR13786830	25776594	0.0	0.0	31.2845	0.0	0.0
SRR29012054	25738640	0.0	14.9955	0.0	0.0	0.0
SRR7644386	19904794	10.2989	0.0	0.0	0.0	0.0
SRR14915934	14947405	0.0	10.5398	1.7804	0.0	0.0
SRR23797919	37595829	0.0	2.2376	0.0	0.0	0.0
SRR12133598	21476703	7.1871	0.0	0.0	0.0	0.0
SRR7264950	1434472	1.6759	0.0	0.1185	0.0	0.0
SRR37662394	4088166	0.0	8.6059	0.2006	0.0	0.0
SRR3313143	29452047	0.0	6.354	0.1824	0.0	0.0
SRR5871158	29341096	23.0058	0.0	0.6047	0.0	0.0
SRR12615810	5058688	0.0	1.4223	1.1352	0.0	0.0
SRR30310360	23994108	0.0	13.7043	0.3758	0.0	0.0
DRR897970	15103300	0.0	37.3355	0.1437	0.0	0.0
SRR32921489	59820583	42.4288	0.0	0.2458	0.0	0.0
SRR6398542	91964	0.0	2.9348	39.8428	0.0	0.0
SRR21043003	37087908	0.0	1.313	0.0	0.0	0.0
SRR20750886	1100024	0.0	1.2702	0.931	0.0	0.0
SRR34300162	36416065	3.6879	0.0	6.0584	0.0	0.0
SRR28743729	21069091	19.0307	1.0921	1.082	0.0	0.0
SRR16938984	15117399	0.0	46.1207	0.6588	0.0	0.0
SRR8984113	39106468	31.1508	0.0	6.5718	0.0	0.0
SRR31244750	20875074	8.7005	0.8258	0.4927	0.0	0.0
SRR26860113	35925644	57.4832	0.0	0.103	0.0	0.0
SRR12214147	23978403	0.0	4.1564	0.0	0.0	0.0
SRR21484394	62576531	13.6413	0.0	1.2994	0.0	0.0
SRR12481040	18795152	0.0	35.041	0.6625	0.0	0.0
SRR28797239	28549239	0.0	6.712	0.2566	0.0	0.0
SRR28032139	21427339	0.0	1.961	1.3826	0.0	0.0
SRR10769490	32571083	2.7287	0.0	1.282	0.0	0.0
SRR8204133	21193714	3.8845	0.0	0.0	0.0	0.0
SRR33516572	27608386	0.0	3.6143	0.1292	0.0	0.0
SRR16938955	15361838	0.0	90.4727	0.4456	0.0	0.0
SRR25254617	24744123	0.0	1.3364	0.7118	0.0	0.0
SRR14527038	22834956	0.0	9.9847	0.1932	0.0	0.0
SRR27555681	51763115	0.0	2.0422	0.0	0.0	0.0
SRR35247852	25740574	0.0	17.1608	0.553	0.0	0.0
SRR37724336	33993927	1.1374	0.0	0.9001	0.0	0.0
SRR14615425	11247185	0.2057	5.511	1.835	0.0	0.0
SRR24114143	38945591	0.0	2.5184	3.9783	0.0	0.0
SRR26462332	27897640	0.0	2.2112	0.1107	0.0	0.0
SRR14055862	21823258	0.0	2.5571	0.3627	0.0	0.0
SRR33516679	23219588	0.0	3.9003	0.0	0.0	0.0
SRR8204152	21691874	52.0167	0.0	0.0	0.0	0.0
SRR8302190	75558783	0.0	1.4517	1.0381	0.0	0.0
SRR36790430	21888779	0.0	3.713	0.2863	0.0	0.0
SRR7267314	7592300	3.945	0.0	1.0306	0.0	0.0
SRR19851431	43692192	0.0	1.4141	4.0846	0.0	0.0
SRR5330844	54360837	4.9863	0.0	0.3142	0.0	0.0
ERR3891516	11721781	0.0	4.1588	1.2797	0.0	0.0
ERR6110731	41205541	0.0	0.0	4.0285	0.0	0.0
SRR33821514	331289382	0.0	4.7178	0.2193	0.0	0.0
SRR6278896	36897506	0.0	6.7068	2.7149	0.0	0.0
SRR15538942	8048533	6.7241	0.4212	11.7975	0.0	0.0
SRR3742216	20394935	0.0	4.7315	0.0	0.0	0.0
SRR14673913	10828181	2.4115	0.0	1.3004	0.0	0.0
SRR25254482	24222029	0.0	4.6135	0.8691	0.0	0.0
SRR31669266	12389629	0.0	7.8883	1.6348	0.0	0.0
ERR3891534	9038070	0.0	69.1592	0.4305	0.0	0.0
SRR3314791	8541912	0.0	3.7773	0.1043	0.0	0.0
SRR11880365	20681890	0.0	4.4323	1.5016	0.0	0.0
SRR7507980	3947066	0.0	3.2918	0.1135	0.0	0.0
ERR2695976	6426648	0.0	88.5553	2.4097	0.0	0.0
SRR37513062	41961403	10.6178	0.0	0.249	0.0	0.0
SRR20972399	26599805	0.0	2.9795	0.773	0.0	0.0
SRR18296876	24908774	0.0	9.4082	0.0	0.0	0.0
SRR17332343	13053185	0.0	0.0	22.9616	0.0	0.0
SRR7266350	1519765	2.2754	0.0	0.0	0.0	0.0
SRR24956543	17714117	0.0	0.0	57.8993	0.0	0.0
SRR8786164	42460043	0.0	2.3316	0.5638	0.0	0.0
SRR37858678	17809812	2.3892	2.0744	7.8265	0.0	0.0
SRR10135098	12124794	0.0	2.487	0.1431	0.0	0.0
SRR26264115	20704660	0.0	1.4434	3.4186	0.0	0.0
SRR25010727	24249277	3.2838	0.0	1.7541	0.0	0.0
SRR32911227	24266417	0.0	10.4794	0.5564	0.0	0.0
SRR23797941	32018418	0.0	1.7209	0.1235	0.0	0.0
SRR33846332	27944086	4.0654	0.0	0.6326	0.0	0.0
ERR13148055	14129004	2.5989	3.5625	0.1202	0.0	0.0
ERR13148056	13838204	2.5728	3.6021	0.126	0.0	0.0
ERR13148053	14115416	2.6158	3.4993	0.1146	0.0	0.0
ERR13148057	9707636	2.3593	4.1689	0.1035	0.0	0.0
ERR13148054	11002520	2.4625	4.3597	0.0	0.0	0.0
SRR21197577	22076808	0.0	2.699	0.3772	0.0	0.0
SRR35531417	15482289	0.1087	2.3463	1.4814	0.0	0.0
ERR986116	18279025	1.7772	0.0	4.3943	0.0	0.0
ERR986115	18230293	1.7771	0.0	4.2699	0.0	0.0
SRR13278689	23355505	0.0	2.0031	1.0022	0.0	0.0
SRR12603817	46435803	0.0	0.0	7.5456	0.0	0.0
SRR22266470	21422541	0.0	5.3501	0.0	0.0	0.0
SRR7507949	4493588	0.0	3.0899	0.0	0.0	0.0
SRR25254483	22453330	0.0	2.4127	0.3718	0.0	0.0
SRR37215790	22046243	8.2193	0.0	0.5273	0.0	0.0
SRR27842611	35607011	0.0	4.5203	0.1254	0.0	0.0
SRR34844821	19693832	0.0	46.3544	0.1552	0.0	0.0
SRR6050414	22831544	6.1394	0.0	0.7376	0.0	0.0
SRR6189719	45369750	0.1156	2.0593	1.7344	0.0	0.0
SRR31970340	22166197	13.8053	0.0	5.219	0.0	0.0
SRR19891828	22183867	4.7193	0.0	0.7333	0.0	0.0
SRR26471823	23450397	10.7374	0.346	0.1284	0.0	0.0
SRR34420499	23152603	0.0	0.0	0.1477	8.5226	0.0
SRR7266352	961440	1.2363	0.0	0.3576	0.0	0.0
SRR8418298	9309629	1.474	0.0	0.1897	0.0	0.0
SRR10303754	25858195	2.0074	0.0	0.399	0.0	0.0
SRR27297772	7117530	0.0	4.8683	0.0	0.0	0.0
SRR8416457	27456121	4.2778	0.2529	0.0	0.0	0.0
SRR20728026	34899700	0.0	4.8561	0.0	0.0	0.0
SRR7266360	2545405	1.8771	0.0	0.0	0.0	0.0
SRR16925059	26733087	0.0	11.1005	0.1251	0.0	0.0
SRR21411863	22725188	0.0	1.2476	1.0454	0.0	0.0
SRR27322996	1250138	0.0	16.4363	1.9639	0.0	0.0
SRR9854237	22575706	0.0	3.0558	0.0	0.0	0.0
SRR2782690	46602415	0.0	8.5609	0.0	0.0	0.0
SRR1793833	20008792	2.18	0.0	0.1419	0.0	0.0
SRR26951127	23635898	0.0	2.2688	0.1171	0.0	0.0
SRR27332045	4495409	0.0	18.7216	1.3191	0.0	0.0
SRR10135082	6985057	0.0	1.209	0.0	0.0	0.0
SRR31187772	22859429	0.0	4.1579	0.6275	0.0	0.0
SRR31646428	22525090	0.0	11.0338	0.3802	0.0	0.0
SRR1779217	12204872	0.0	5.7791	0.0	0.0	0.0
SRR37798399	28138345	4.5657	0.242	3.2626	0.0	0.0
SRR8457057	35035104	0.0	25.9759	0.0	0.0	0.0
SRR38355309	17166295	59.8753	0.0	0.5513	0.0	0.0
SRR27866692	51244991	0.0	2.379	1.4351	0.0	0.0
ERR14835979	79395587	44.7621	0.0	0.1445	0.0	0.0
SRR7266082	1480107	4.909	0.0	0.0	0.0	0.0
SRR8204123	26349206	36.3269	0.0	0.0	0.0	0.0
SRR17916432	19276698	38.2843	0.0	0.1295	0.0	0.0
ERR1588952	17074578	0.0	19.5451	1.4637	0.0	0.0
SRR12158782	25525586	10.2786	0.0	1.3331	0.0	0.0
SRR22425939	45265950	0.0	4.5387	3.1423	0.0	0.0
SRR29452647	26786449	0.111	3.4813	0.2928	0.0	0.0
SRR39298169	6730496	0.0	4.367	0.7566	0.0	0.0
SRR27851097	21226903	0.0	7.529	0.7625	0.0	0.0
SRR27846623	30716569	21.88	0.0	0.4493	0.0	0.0
ERR13148064	9633941	2.0861	3.4923	0.0	0.0	0.0
ERR13148065	13794235	2.2546	3.0466	0.0	0.0	0.0
ERR13148063	14119548	2.2465	3.0045	0.0	0.0	0.0
ERR13148066	10857658	2.1776	3.6494	0.0	0.0	0.0
ERR13148067	14112994	2.2554	2.9529	0.0	0.0	0.0
SRR36292505	38118229	8.2904	0.0	4.5283	0.0	0.0
SRR3880217	10543702	0.0	2.9092	0.0	0.0	0.0
SRR8418264	10078554	3.8098	0.0	0.4535	0.0	0.0
SRR26617653	25914136	0.0	3.1127	0.0	0.0	0.0
DRR125469	2893599	1.615	0.0	1.7734	0.0	0.0
SRR21921818	24063673	0.1395	4.331	0.6015	0.0	0.0
SRR18163159	27133741	3.6354	0.0	4.837	0.0	0.0
SRR5288606	35156145	0.0	0.0	1.4635	0.0	0.0
SRR29817923	22497525	0.0	1.048	6.0503	0.0	0.0
ERR4627138	33190934	0.0	0.0	4.3731	0.0	0.0
SRR31669305	13913462	0.0	1.187	1.1296	0.0	0.0
SRR11060620	84583139	0.0	1.7523	0.1401	0.0	0.0
SRR15571113	45422102	20.7718	0.0	0.0	0.0	0.0
SRR25209543	20400912	0.0	5.5322	0.1607	0.0	0.0
SRR31519450	40021428	0.0	6.7734	3.3254	0.0	0.0
SRR26379448	28774770	0.0	3.8614	16.9889	0.0	0.0
SRR30495756	25715864	6.0843	0.0	5.1081	0.0	0.0
SRR15439223	110461892	0.0	25.8966	0.0	0.0	0.0
SRR11563885	34870813	0.0	9.2463	1.319	0.0	0.0
SRR32944886	38373876	0.0	2.2048	0.466	0.0	0.0
SRR7266333	449740	5.6119	0.0	0.0	0.0	0.0
SRR7266225	1757564	2.2758	0.0	0.0	0.0	0.0
SRR11791258	41810778	0.1844	3.4189	27.4597	0.0	0.0
SRR17916378	16826566	10.0876	0.0	0.3813	0.0	0.0
SRR27298150	1576926	0.0	3.8903	0.2852	0.0	0.0
SRR25485412	28785784	0.0	0.0	10.1663	0.0	0.0
SRR14803616	15405919	0.0	4.6362	3.2244	0.0	0.0
SRR27297925	1388062	0.0	22.3602	0.2522	0.0	0.0
SRR27749209	29987564	13.5619	0.0	2.2503	0.0	0.0
ERR2190262	32489378	26.1153	0.0	6.1388	0.0	0.0
SRR17316606	8541436	0.0	2.1583	2.934	0.0	0.0
DRR987221	20390860	0.0	3.0899	0.0	0.0	0.0
SRR27373716	43254262	0.0	45.9071	1.6038	0.0	0.0
SRR28479803	22026452	0.0	1.3788	2.2496	0.0	0.0
SRR34326400	4801434	0.0	2.0461	0.0	0.0	0.0
SRR9656472	21775932	0.0	5.1326	0.0	0.0	0.0
SRR11060619	92779120	0.0	1.8468	0.1692	0.0	0.0
SRR17332357	22035271	0.0	0.0	26.4675	0.0	0.0
SRR22377999	36464144	58.8144	0.0	0.825	0.0	0.0
SRR7549562	22484237	0.0	6.5651	0.1138	0.0	0.0
SRR32332031	20658928	7.8257	0.1501	0.2695	0.0	0.0
SRR23951524	23229176	0.1011	3.7153	2.8985	0.0	0.0
SRR24827369	64433850	15.3964	0.0	1.4558	0.0	0.0
SRR34326227	3717766	0.0	2.0673	0.1209	0.0	0.0
SRR29646194	22209760	0.0	11.2755	0.2112	0.0	0.0
SRR21124993	17502585	0.0	2.3651	0.4085	0.0	0.0
SRR36610583	21302404	0.0	1.3407	0.8166	0.0	0.0
SRR21354818	540417	0.0	13.5357	0.287	0.0	0.0
SRR32009634	21162539	0.0	1.557	0.3227	0.0	0.0
SRR32622830	21693274	1.741	0.0	0.2741	0.0	0.0
SRR19961951	27692759	0.1343	1.271	1.4523	0.0	0.0
SRR39298171	6470944	0.0	2.376	0.6745	0.0	0.0
SRR13709453	34629788	1.4034	0.0	1.0425	0.0	0.0
SRR33827818	23654767	0.0	2.68	0.184	0.0	0.0
SRR7264743	1431695	1.2219	0.0	0.0	0.0	0.0
SRR36186704	23852982	0.0	4.4205	0.3296	0.0	0.0
ERR4627145	37883688	0.0	0.0	2.4587	0.0	0.0
SRR20750818	214741	0.0	1.1381	1.7211	0.0	0.0
SRR27298155	1920090	0.0	1.7103	0.8254	0.0	0.0
SRR36910209	42240792	2.2645	2.5949	5.2413	0.0	0.0
SRR11681087	14471809	0.6927	0.0	1.9371	2.7604	0.0
SRR18578324	37490881	0.0	4.8359	0.2464	0.0	0.0
SRR27323349	1254379	0.0	20.1257	2.9626	0.0	0.0
SRR30610620	20121562	0.0	0.0	5.14	0.0	0.0
SRR33981611	18387653	3.0818	0.0	0.9731	0.0	0.0
SRR6466867	52186586	0.0	4.9233	0.7691	0.0	0.0
SRR15538896	5833005	10.6869	0.0	5.2523	0.0	0.0
SRR5435267	20384242	5.6858	0.0	0.0	0.0	0.0
SRR17069495	46688949	0.0	2.8565	0.2843	0.0	0.0
SRR26909776	24958791	18.2475	0.0	4.6999	0.0	0.0
SRR29011980	23599144	0.0	14.9542	0.174	0.0	0.0
SRR24271393	29542886	13.4508	0.0	3.429	0.0	0.0
DRR087076	26782986	2.8025	0.0	0.0	0.0	0.0
SRR6227651	19770762	5.2207	0.0	5.6109	0.0	0.0
ERR13230642	128547	0.0	0.0	11.9466	0.0	0.0
SRR38924879	50691810	9.3168	0.0	0.5111	0.0	0.0
SRR25132464	23807166	0.0	11.1456	0.8993	0.0	0.0
SRR31562873	27254948	0.0	1.3713	0.6996	0.0	0.0
SRR3383788	15900290	5.2111	0.0	0.1187	0.0	0.0
SRR15560151	15459960	0.0	22.3445	0.3424	0.0	0.0
SRR24768933	36085086	5.9979	0.0	6.6321	0.0	0.0
SRR29289942	29302428	0.0	39.931	0.6431	0.0	0.0
SRR7413606	14728134	2.1567	0.0	0.6356	0.0	0.0
SRR18171578	46285544	10.0796	0.0	0.4818	0.0	0.0
SRR25402466	1426030	0.6292	19.2466	1.7829	0.0	0.0
SRR25998758	34753405	1.6805	0.0	4.79	0.0	0.0
SRR24364183	24732225	4.771	0.0	3.089	0.0	0.0
ERR10962837	19020478	26.2598	0.0	0.5505	0.0	0.0
SRR25301237	26875972	0.0	2.7671	0.442	0.0	0.0
SRR20722051	12367474	0.0	2.4597	5.377	0.0	0.0
SRR11497260	16490974	1.4223	0.1328	0.2519	0.0	0.0
SRR15141417	4167523	11.5347	0.0	1.2997	0.0	0.0
SRR36910257	36116676	7.465	0.0	4.0728	0.0	0.0
SRR33023695	15855362	5.26	0.0	4.7155	0.0	0.0
SRR16709587	38189213	0.0	9.0216	0.5555	0.0	0.0
SRR38061551	81091089	0.0	1.2959	0.1185	0.0	0.0
SRR10135097	9537760	0.0	1.8474	0.1293	0.0	0.0
SRR12158777	26576542	7.7774	0.0	0.4011	0.0	0.0
SRR32909017	20765425	0.0	15.5905	0.1782	0.0	0.0
SRR10664037	26208769	0.0	1.9115	0.1064	0.0	0.0
SRR37245907	1887103	0.0	4.5905	1.588	0.0	0.0
SRR19213895	5520226	0.0	3.0758	0.8256	0.0	0.0
SRR10241426	30422762	12.7687	0.0	0.5964	0.0	0.0
SRR35842190	9267937	0.0	1.6438	0.0	0.0	0.0
SRR25037586	37637340	0.0	12.5053	2.6673	0.0	0.0
SRR26860148	26350286	51.9859	0.0	0.1369	0.0	0.0
DRR1052441	31171901	1.0403	9.6863	0.735	0.0	0.0
ERR13610557	48927884	1.7225	0.0	0.2801	0.0	0.0
SRR24114311	27927399	0.0	1.3951	5.28	0.0	0.0
SRR11497316	16688657	5.2631	0.0	0.2571	0.0	0.0
SRR24124075	34285988	0.0	9.2279	0.0	0.0	0.0
SRR21021655	35019607	0.0	1.055	0.9835	0.0	0.0
SRR27709643	20806366	0.0	1.0766	0.2332	0.0	0.0
SRR8457048	61447718	0.0	15.9458	0.0	0.0	0.0
SRR24135186	12532252	0.0	54.5158	0.1984	0.0	0.0
SRR29011644	25860648	0.0	1.1421	0.1172	0.0	0.0
DRR737002	19584912	0.0	2.7777	0.0	0.0	0.0
DRR260978	10357053	0.0	1.3607	11.1704	0.0	0.0
SRR7172322	26110104	1.7443	0.0	0.0	0.0	0.0
SRR10135032	25402483	0.0	2.3904	0.2154	0.0	0.0
SRR29728968	23902922	0.1623	1.9512	0.2919	0.0	0.0
ERR6110405	33295954	0.0	0.0	4.172	0.0	0.0
SRR14539523	23194310	0.0	8.8082	0.2251	0.0	0.0
SRR11091428	7746003	0.0	2.876	0.3235	0.0	0.0
SRR7644285	23016171	37.6002	0.0	0.0	0.0	0.0
SRR10148712	8771895	0.0	4.3696	0.5647	0.0	0.0
SRR10148713	9279051	0.0	4.38	0.558	0.0	0.0
SRR7267078	400739	2.5371	0.0	1.7044	0.0	0.0
ERR15289798	20525147	0.0	19.428	0.0	0.0	0.0
SRR10747005	27484196	0.0	1.3652	0.3138	0.0	0.0
SRR28858346	21246209	0.0	10.5648	2.3996	0.0	0.0
SRR34355026	20374309	0.0	28.2646	0.6248	0.0	0.0
ERR14835976	54335186	28.269	0.0	0.109	0.0	0.0
SRR19510991	30718486	0.0	1.2149	0.2163	0.0	0.0
SRR12104831	21952916	0.177	2.6672	0.1066	0.0	0.0
SRR10148714	10412675	0.0	4.3711	0.5585	0.0	0.0
SRR14270270	22042095	0.0	1.5765	0.0	0.0	0.0
SRR22142916	81488153	29.3297	0.0	0.6906	0.0	0.0
SRR38355303	19673414	35.3951	0.0	0.3165	0.0	0.0
SRR10802177	23662621	23.4571	5.9576	0.5737	0.0	0.0
SRR36993191	25639656	0.0	0.0	0.8701	6.962	0.0
ERR7221685	10469537	0.0	34.9481	0.2459	0.0	0.0
SRR15775361	40323884	0.0	1.5077	0.4779	0.0	0.374
SRR20613500	22731107	0.2049	26.3415	0.0	0.0	0.0
SRR866568	34067919	0.0	1.3697	0.5329	0.0	0.0
SRR7507941	4862167	0.0	1.7287	1.753	0.0	0.0
SRR36465469	26103181	0.0	3.0225	0.0	0.0	0.0
SRR37049205	24574280	3.0508	0.0	5.0531	0.0	0.0
ERR3891540	12729722	0.2788	7.5572	2.3226	0.0	0.0
SRR14235808	22009306	0.0	4.6831	1.398	0.0	0.0
SRR11681090	16204283	5.3169	0.0	3.1984	1.1101	0.0
SRR13768458	30019124	14.8501	0.1503	0.1449	0.0	0.0
SRR17332346	21353533	0.0	0.0	24.0352	0.0	0.0
SRR8706902	22776367	1.392	0.0	0.0	0.0	0.0
SRR15439218	107383298	0.0	16.3162	0.0	0.0	0.0
SRR14298457	524421	0.0	2.0335	0.0	0.0	0.0
SRR3371840	11592044	0.0	30.2235	0.0	0.0	0.0
ERR10886994	56229578	5.1282	0.0	0.4156	0.0	0.0
SRR29826784	26927595	47.6486	0.0	4.1443	0.0	0.0
SRR12341080	10016727	4.4621	0.0	0.4441	0.0	0.0
SRR16552249	6757381	0.0	18.2117	2.8303	0.0	0.0
SRR7267186	22044	2.9078	0.0	0.8075	0.0	0.0
ERR10691680	6919467	0.3794	4.2948	6.3183	0.0	0.0
SRR23548122	102014905	2.6069	0.0	1.5511	0.0	0.0
SRR21237709	18417927	0.0	26.7312	1.3195	0.0	0.0
SRR6215486	111842311	4.7641	0.7607	4.858	0.0	0.0
DRR090607	4406058	4.0777	0.0	1.4717	0.0	0.0
SRR36496367	51458657	3.0244	0.0	0.2969	0.0	0.0
SRR11521319	630771	0.0	2.83	2.0828	0.0	0.0
SRR5878414	14668465	0.0	16.0622	0.0	0.0	0.0
SRR11282463	11374026	0.0	6.6073	1.3828	0.0	0.0
SRR12054328	31590885	6.3921	0.0	0.547	0.0	0.0
SRR28486106	23905351	0.0	6.8712	0.0	0.0	0.0
SRR27150522	27828760	0.0	1.3094	0.0	0.0	0.0
SRR6292051	33783558	11.2132	0.0	1.1754	0.0	0.0
SRR30920836	47252636	13.7027	0.0	0.86	0.0	0.0
SRR10607629	5724461	0.0	2.798	4.0052	0.0	0.0
ERR6099167	36549739	0.0	0.0	3.9312	0.0	0.0
SRR36233442	19325881	1.6246	0.0	0.1637	0.0	0.0
DRR217275	18178020	52.0364	0.0	0.1373	0.0	0.0
SRR22730662	23510198	0.0	4.7085	7.1654	0.0	0.0
SRR12546064	12354390	0.0	32.0499	2.0227	0.0	0.0
SRR23198246	21135196	0.0	6.2362	0.0	0.0	0.0
SRR6398535	628771	0.0	7.8024	11.3556	0.0	0.0
SRR29452648	21990252	0.0	3.9796	0.3101	0.0	0.0
SRR7266142	1242961	1.9007	0.0	0.0	0.0	0.0
SRR13675536	38704588	10.8053	0.0	0.4484	0.0	0.0
SRR34499367	37137409	0.0	0.0	6.4007	0.0	0.0
SRR7266221	765653	2.5395	0.0	0.2209	0.0	0.0
SRR12832610	24897495	0.0	32.0165	0.195	0.0	0.0
SRR26532414	33634266	0.0	1.95	0.2007	0.0	0.0
SRR37270899	32450187	9.5837	0.0	1.0102	0.0	0.0
SRR31323428	20685616	0.0	9.1508	0.8998	0.0	0.0
SRR32288535	43665500	5.1659	0.0	2.123	0.0	0.0
SRR28412748	21283842	0.0	0.0	2.8864	0.0	0.0
SRR6511851	31657242	2.5502	0.0	0.1262	0.0	0.0
SRR38924896	32863982	12.359	0.0	0.7221	0.0	0.0
SRR15141410	2861997	17.1196	0.0	0.9021	0.0	0.0
SRR9963840	31114068	0.0	32.8182	0.0	0.0	0.0
ERR13147801	31979515	1.156	2.7185	0.0	0.0	0.0
ERR13147800	29536524	1.2412	2.7877	0.0	0.0	0.0
SRR7264824	1638661	2.6605	0.0	0.0	0.0	0.0
SRR12832618	25775151	0.0	34.6024	0.159	0.0	0.0
SRR24788040	21644432	6.0055	0.0	0.8009	0.0	0.0
SRR1779312	22015204	0.0	12.9972	0.4065	0.0	0.0
SRR8416459	28714625	4.8872	0.1323	1.4505	0.0	0.0
SRR17543520	16150616	1.6945	0.0	0.2953	0.0	0.0
SRR7266234	1441314	1.6477	0.0	0.0	0.0	0.0
SRR15685540	23247633	0.0	1.7219	0.871	0.0	0.0
ERR2261859	13116807	2.2935	0.0	4.9391	0.0	0.0
SRR11448223	12738316	0.0	9.1625	0.317	0.0	0.0
SRR20438164	5843313	1.8141	0.0	3.1048	0.0	0.0
SRR23261097	8366512	0.0	0.0	27.0021	0.0	0.0
SRR23261098	8456855	0.0	0.0	27.4111	0.0	0.0
SRR12624229	1723297	1.3725	0.0	0.2167	0.0	0.0
SRR12624231	4859950	1.2644	0.0	0.3253	0.0	0.0
SRR16025768	46503052	0.0	0.0	5.9542	0.0	0.0
SRR28820183	26419386	0.0	1.6179	2.917	0.0	0.0
SRR11521344	1236126	0.0	3.1615	1.9817	0.0	0.0
SRR18583984	54926064	0.0	2.3044	0.0	0.0	0.0
SRR31697661	25940565	0.0	0.0	2.6009	0.0	0.0
SRR32909020	22459079	0.0	4.5248	1.0136	0.0	0.0
SRR29826793	29795674	58.5885	0.103	3.2275	0.0	0.0
SRR28975609	3171314	3.1119	0.0	0.7898	0.0	0.0
SRR2082953	22992646	0.0	2.59	0.0	0.0	0.0
SRR30068639	42074445	0.0	2.0371	1.9222	0.0	0.0
SRR34169744	42096581	0.0	9.7659	0.8888	0.0	0.0
SRR13308554	22143529	0.0	7.4205	1.2159	0.0	0.0
SRR17951561	31754722	9.1261	0.0	0.814	0.0	0.0
SRR27331796	4493802	0.0	32.8349	0.8688	0.0	0.0
SRR7266302	2376628	1.0844	0.0	0.0	0.0	0.0
SRR36367310	29395177	14.0419	0.0	6.339	0.0	0.0
SRR11622379	170873	0.0	41.9019	0.7532	0.0	0.0
SRR34326316	4606215	0.0	2.7085	0.0	0.0	0.0
SRR32081255	20093811	0.0	9.0709	4.3821	0.0	0.0
SRR21848982	25553092	0.0	5.2849	3.2867	0.0	0.0
SRR3371863	20290027	0.0	22.2779	0.0	0.0	0.0
SRR36015675	36180767	0.0	26.5104	0.5638	0.0	0.0
SRR17069488	43278793	0.0	2.2769	0.3427	0.0	0.0
SRR26931932	31520861	0.0	1.0424	1.8189	0.0	0.0
SRR28797222	26301240	0.0	19.0549	0.1178	0.0	0.0
SRR18428225	26789031	5.668	0.0	2.3927	0.0	0.0
SRR14606187	46899291	0.0	0.0	3.783	0.0	0.0
SRR34355007	22062875	0.0	23.3433	0.738	0.0	0.0
SRR3371853	11823917	0.0	26.1461	0.0	0.0	0.0
SRR19426702	50037578	24.64	0.0	0.3765	0.0	0.0
ERR246395	3595232	0.0	3.9095	0.5064	0.0	0.0
SRR25379839	19982850	0.0	0.0	0.7749	2.345	0.0
SRR29384830	33978477	3.4602	0.0	0.236	0.0	0.0
SRR6039733	71022824	2.5693	0.0	0.0	0.0	0.0
SRR14055855	21784666	0.0	6.3678	0.3551	0.0	0.0
SRR28797245	34738840	0.0	1.6065	0.2907	0.0	0.0
SRR35776665	35705604	0.0	21.6094	0.4895	0.0	0.0
SRR3401826	26419015	0.0	0.0	4.2058	0.0	0.0
SRR13168005	38544656	6.1652	0.0	0.8932	0.0	0.0
SRR7160326	22139447	3.962	0.0	0.114	0.0	0.0
SRR20750814	426001	0.0	2.8037	1.7415	0.0	0.0
SRR18692628	54862940	51.442	0.0	4.0419	0.0	0.0
SRR27849804	21344904	0.0	4.1423	1.1087	0.0	0.0
SRR37325382	24110503	30.8127	0.0	0.297	0.0	0.0
SRR19658861	18199435	0.0	15.706	0.1482	0.0	0.0
SRR29384866	38684736	1.8254	0.0	1.1426	0.0	0.0
SRR31319044	3929556	0.0	2.7096	6.8321	0.0	0.0
DRR992069	26133881	0.0	1.5279	0.0	0.0	0.0
ERR17279797	1247119	0.0	62.4671	0.9609	0.0	0.0
SRR9854245	22584816	0.0	5.2865	0.0	0.0	0.0
SRR6215482	134732421	48.1037	0.0	0.5085	0.0	0.0
SRR21021763	7509615	0.0	1.194	0.1892	0.0	0.0
ERR3891504	7309416	0.0	54.0748	0.5619	0.0	0.0
ERR14835933	32345018	60.5469	0.0	3.0239	0.0	0.0
SRR15112557	23866697	0.0	2.1361	0.125	0.0	0.0
SRR24235212	25643175	0.0	17.0816	0.3442	0.0	0.0
SRR9586828	27586432	0.0	18.6396	0.0	0.0	0.0
ERR3801520	26834976	0.0	0.0	5.9353	0.0	0.0
SRR8204118	21721413	2.9859	0.0	0.0	0.0	0.0
SRR27288285	44017066	0.0	2.0168	0.6008	0.0	0.0
SRR33516253	23693733	0.0	7.6998	0.1254	0.0	0.0
DRR217272	14986633	40.7338	0.0	1.3605	0.0	0.0
SRR12245828	34884759	0.0	13.2003	0.1085	0.0	0.0
SRR23852714	460909	0.0	57.236	1.1217	0.0	0.0
SRR7264871	1823664	2.0237	0.0	0.0	0.0	0.0
SRR35303521	27045801	0.6343	2.341	0.5993	0.0	0.0
SRR11462951	60024764	0.0	2.5331	7.4715	0.0	0.0
SRR19308657	32851275	1.8355	0.0	0.4995	0.0	0.0
SRR36134801	4443638	5.2882	0.0	1.6594	0.0	0.0
SRR25755098	11301488	54.2501	0.0	0.0	0.0	0.0
SRR29406663	38347419	0.2381	0.0	36.8942	0.0	0.0
SRR12546072	8651910	0.0	14.471	0.0	0.0	0.0
SRR25890130	22974940	0.0	2.2372	0.8721	0.0	0.0
SRR8416453	19163820	6.6604	0.0	0.1386	0.0	0.0
SRR33672632	23958840	3.5961	0.0	1.7148	0.0	0.0
SRR38355306	16647225	61.4454	0.0	0.8039	0.1915	0.0
SRR10448371	1972106	9.4191	65.1497	1.5315	0.0	0.0
SRR30795892	54024588	0.0	8.9836	1.1679	0.0	0.0
SRR8309909	37120952	1.9407	0.0	0.3377	0.0	0.0
SRR4237211	38083901	4.2053	0.0	0.4094	0.0	0.0
SRR25402485	1241989	1.1153	5.9942	0.3808	0.0	0.0
SRR26860076	12229196	82.0054	0.0	0.1276	0.0	0.0
SRR17316605	8441981	0.0	2.1778	2.9301	0.0	0.0
SRR7264915	2038712	3.4279	0.0	0.0	0.0	0.0
SRR32389826	46009239	0.0	4.344	0.2856	0.0	0.0
ERR9976383	18137878	0.0	2.0974	0.1136	0.0	0.0
SRR8457033	40591355	0.0	22.2308	0.0	0.0	0.0
SRR18461293	25642120	12.872	0.0	0.2996	0.0	0.0
SRR10416832	11284688	0.0	1.4621	0.3427	0.0	0.0
SRR3383844	13593241	3.7613	0.0	0.1549	0.0	0.0
SRR34355023	23998078	0.0	49.2953	0.4253	0.0	0.0
SRR13590831	21713549	0.0	5.6606	0.1193	0.0	0.0
SRR14674037	11437421	1.6576	0.0	0.6125	0.0	0.0
SRR30310354	21919334	0.0	26.1678	0.2696	0.0	0.0
SRR7264782	1818177	2.3441	0.0	0.0	0.0	0.0
SRR16156340	22811637	40.786	0.0	0.2398	0.0	0.0
SRR17543680	22633671	3.6329	0.0	0.2111	0.0	0.0
ERR16805976	1831	0.0	0.0	16.876	0.0	0.0
SRR39147039	40295130	4.1897	0.0	0.0	0.0	0.0
SRR38272477	29954015	0.1329	2.9136	0.4488	0.0	0.0
SRR39368695	25302411	0.1162	18.0568	5.1602	0.0	0.0
SRR9586826	25535085	0.0	13.2966	0.0	0.0	0.0
SRR21021826	30219086	0.4857	2.6503	1.8931	0.0	0.0
SRR10175971	5782630	5.5929	0.0	0.0	0.0	0.0
SRR21021703	38110614	0.0	1.2152	0.599	0.0	0.0
SRR18004649	912237	0.0	1.6585	1.521	0.0	0.0
SRR9656473	21503494	0.0	6.5787	0.0	0.0	0.0
SRR8871471	20511974	3.9525	0.0	0.1746	0.0	0.0
SRR23800905	32693896	0.0	14.7474	0.3485	0.0	0.0
SRR7266278	1829445	2.2912	0.0	0.0	0.0	0.0
SRR7692607	11209364	5.4427	0.0	0.7619	0.0	0.0
SRR6169926	26052812	0.0	1.726	0.7199	0.0	0.0
SRR25064196	25977294	0.0	1.2863	0.6369	0.0	0.0
SRR25534630	27733400	0.6265	2.0442	2.1806	0.0	0.0
SRR32217610	22233489	4.7239	0.0	3.4893	0.0	0.0
SRR28637141	23100556	0.274	6.5977	6.3108	0.0	0.0
SRR28126817	20004625	4.505	0.0	1.0955	0.0	0.0
SRR26193213	13118413	0.0	2.9226	2.8477	0.0	0.0
SRR21846980	52992202	0.0	5.5503	0.2146	0.0	0.0
SRR36292467	36447446	6.5799	0.0	7.7145	0.0	0.0
SRR23948037	23886856	0.0	20.0007	1.9629	0.0	0.0
SRR15539003	6136686	12.9819	0.0	3.3082	0.0	0.0
SRR37215783	31350457	8.8296	0.0	1.3198	0.0	0.0
SRR25209513	23767106	0.0	4.6603	0.0	0.0	0.0
SRR35228103	25696283	0.0	27.4628	3.3274	0.0	0.0
SRR34326247	5356468	0.0	5.6023	0.0	0.0	0.0
SRR36778577	20674200	17.0034	0.0	0.5438	0.0	0.0
SRR20184475	13199532	0.0	25.6685	0.2291	0.0	0.0
SRR10210791	6094624	0.0	11.6019	0.2045	0.0	0.0
SRR7267047	1969323	2.1899	0.0	0.0	0.0	0.0
SRR13263283	42356932	0.0	1.7757	0.0	0.0	0.0
SRR23912203	21568521	0.0	1.7976	0.2615	0.0	0.0
DRR087077	11664261	2.3196	0.0	0.0	0.0	0.0
SRR22973847	36527206	5.3954	0.0	1.0438	0.0	0.0
SRR18150632	46244884	0.0	1.6721	1.9866	0.0	0.0
SRR35859420	35607885	0.0	9.7377	0.4989	0.0	0.0
SRR36824220	32192703	7.6933	0.0	2.0421	0.0	0.0
SRR8309941	51250141	2.2053	0.0	0.1623	0.0	0.0
SRR7267234	1886289	2.0812	0.0	0.0	0.0	0.0
SRR30125670	23111819	0.0	88.7681	0.2601	0.0	0.0
SRR35637761	25014701	0.0	0.0	2.2865	0.0	0.0
SRR11521343	578098	0.0	43.7208	2.4683	0.0	0.0
SRR25233152	20898409	0.0	8.5179	0.3892	0.0	0.0
SRR34300129	38822035	5.1777	7.9776	7.4986	0.0	0.0
ERR476703	79359206	0.0	0.0	2.8878	0.0	0.0
SRR29011769	4532160	0.4077	1.6604	0.1405	0.0	0.0
SRR1724902	24912575	0.0	1.1893	4.6106	0.0	0.0
SRR12054325	31888426	3.3556	0.0	0.653	0.0	0.0
SRR35396722	16992296	3.2926	0.0	0.6597	0.0	0.0
SRR7507908	4283781	0.0	2.3478	0.0	0.0	0.0
SRR10204005	21860486	0.0	4.8331	0.0	0.0	0.0
SRR10204006	21631636	0.0	4.8369	0.0	0.0	0.0
SRR10204008	33285446	0.0	4.9362	0.0	0.0	0.0
SRR10204007	33655827	0.0	4.8062	0.0	0.0	0.0
SRR24956657	16083718	0.0	0.0	15.3161	0.0	0.0
SRR28392382	36257980	0.1136	7.6052	0.6518	0.0	0.0
SRR36158013	28624685	0.0	2.0483	0.2778	0.0	0.0
SRR11521327	180406	0.0	7.1505	6.7448	0.0	0.0
SRR8418326	4131952	2.3681	0.0	0.4669	0.0	0.0
SRR30859959	27387406	0.0	16.9022	0.4099	0.0	0.0
SRR3880225	10408824	0.0	3.2746	0.0	0.0	0.0
SRR8457049	61623750	0.0	15.3785	0.0	0.0	0.0
SRR13566517	23035986	0.0	3.469	0.2531	0.0	0.0
SRR36594214	22902532	9.2374	0.0	0.9707	0.0	0.0
SRR1793914	17013322	4.0053	0.0	0.0	0.0	0.0
SRR10135187	11722052	0.0	1.4309	0.0	0.0	0.0
SRR7267133	1171019	1.5919	0.0	0.0	0.0	0.0
SRR31319091	5045828	0.0	1.4233	6.4068	0.0	0.0
SRR13590816	21310430	0.0	4.8622	0.0	0.0	0.0
ERR4329563	83536327	1.6038	0.0	0.0	0.0	0.0
SRR10448348	969370	0.0	22.3792	47.1245	0.0	0.0
SRR10222613	34095439	3.7388	0.0	0.7192	0.0	0.0
SRR12650637	82632188	0.0	1.176	0.0	0.0	0.0
SRR29011603	23693733	0.0	7.697	0.1274	0.0	0.0
SRR26550007	34470766	2.4483	0.0	0.5413	0.0	0.0
SRR13263273	42095430	0.0	1.4295	0.0	0.0	0.0
SRR6269145	35941935	0.0	1.0493	7.9099	0.0	0.0
SRR31669361	10275724	0.0	11.5149	1.9967	0.0	0.0
SRR31562869	21999578	0.0	4.4728	0.8046	0.0	0.0
SRR10134985	8930128	0.0	5.4314	0.0	0.0	0.0
SRR19372148	27402376	7.5554	0.0	0.6861	0.0	0.0
ERR13230668	4995637	0.0	0.0	21.194	0.0	0.0
ERR10962835	17690575	31.5163	0.0	1.5079	0.0	0.0
SRR11176712	17769108	0.0	1.6039	0.0	0.0	0.0
SRR3880218	10379078	0.0	1.3965	0.0	0.0	0.0
SRR33649595	31067485	21.1558	0.0	0.21	0.0	0.0
SRR8691573	28823382	0.0	1.6492	0.1717	0.0	0.0
SRR26264136	22721176	0.0	3.2055	2.0718	0.0	0.0
SRR32316762	76720	2.4348	1.1692	0.1134	0.0	0.0
SRR7267107	1611757	3.6948	0.0	0.0	0.0	0.0
SRR16709578	32514240	0.0	2.0697	0.5332	0.0	0.0
SRR35859422	35321206	0.0	11.4619	0.6622	0.0	0.0
SRR8178064	111853660	0.0	0.0	0.2764	0.0	0.0
SRR17543394	27983516	2.0199	0.0	0.2792	0.0	0.0
SRR27323145	7327666	0.0	13.4513	4.5027	0.0	0.0
SRR27150521	26669501	0.0	3.9299	0.0	0.0	0.0
SRR25209562	21776436	0.0	9.818	0.1694	0.0	0.0
SRR29001890	22126998	0.0	2.248	0.2632	0.0	0.0
SRR12342825	37068225	29.7176	0.0	0.0	0.0	0.0
SRR26860120	46562622	47.869	0.3456	1.9382	0.0	0.0
SRR30499003	24947323	4.0539	0.0	5.6898	0.0	0.0
SRR32791209	631707	0.3375	0.0	10.7176	0.0	0.0
SRR20450846	7820780	0.0	7.6122	0.0	0.0	0.0
SRR27555679	32591458	0.0	1.8495	0.0	0.0	0.0
SRR29384864	37533772	1.7849	0.0	0.6555	0.0	0.0
SRR33516623	26997656	0.0	2.3221	0.1734	0.0	0.0
SRR30202423	20067724	0.0	4.7433	0.0	0.0	0.0
ERR16145730	40580894	76.4634	0.0	0.0	0.0	0.0
ERR16142452	37645717	78.4919	0.0	0.0	0.0	0.0
SRR21484393	54932165	10.9836	0.0	1.1751	0.0	0.0
ERR16145738	20722152	48.7101	0.0	0.1312	0.0	0.0
ERR16145742	40581903	58.3142	3.8284	0.0	0.0	0.0
ERR16145725	25930928	70.4447	0.0	0.0	0.0	0.0
ERR16142446	25117363	57.0163	0.0	0.207	0.0	0.0
SRR39798281	24801200	0.0	1.8252	0.6511	0.0	0.0
ERR16145731	47955543	71.687	0.0	0.0	0.0	0.0
ERR16142429	32525128	0.0	12.5299	1.0889	0.0	0.0
ERR16145744	29728018	73.8452	0.0	0.0	0.0	0.0
ERR16145748	27802316	46.9321	0.0	0.4317	0.0	0.0
ERR16142454	43314340	71.408	0.0	0.1218	0.0	0.0
ERR16142436	32384879	59.9487	0.0	0.142	0.0	0.0
ERR16145729	23992753	74.2786	0.0	0.0	0.0	0.0
ERR16145737	29942489	64.413	0.0	0.0	0.0	0.0
ERR16145736	25977710	57.1498	0.0	0.0	0.0	0.0
ERR16142435	25447726	63.8968	0.0	0.3918	0.0	0.0
ERR16142430	34468063	42.1937	0.0	0.2697	0.0	0.0
ERR16142457	24532782	65.0555	0.0	0.3381	0.0	0.0
ERR16142458	36444973	63.0071	0.0	0.1196	0.0	0.0
ERR16142450	44181429	83.4949	0.0	0.0	0.0	0.0
ERR16145747	30168851	57.1013	0.0	0.1051	0.0	0.0
ERR16142431	37993953	43.818	0.1541	0.7111	0.0	0.0
ERR16145743	32361746	65.811	0.0	0.1249	0.0	0.0
ERR16145733	12108382	55.1193	0.1321	0.435	0.0	0.0
ERR16142432	29722433	14.5669	0.0	0.3518	0.0	0.0
ERR16142441	55783942	70.8131	0.0	0.1413	0.0	0.0
ERR16142453	50270651	68.3516	0.0	0.0	0.0	0.0
ERR16145746	28486000	0.0	11.8665	1.6617	0.0	0.0
ERR16145732	4949780	69.6091	0.0	0.1082	0.0	0.0
ERR16142447	32248540	47.993	0.0	0.1648	0.0	0.0
ERR16142445	29616470	54.0237	0.0	0.1576	0.0	0.0
