target_id	length	eff_length	est_counts	tpm
XM_003307004.2	2550	2351	18	109.785
XM_003307005.2	2912	2713	1	5.28532
XM_003307006.2	2571	2372	9	54.4063
XM_003307007.1	372	173	0	0
XM_003307008.2	1682	1483	6	58.0138
XM_003307009.1	384	185	0	0
XM_003307010.1	3261	3062	0	0
XM_003307013.2	534	335	0	0
XM_003307016.2	3402	3203	0	0
XM_003307018.2	2046	1847	5	38.8172
XM_003307019.2	1879	1680	0	0
XM_003307020.2	2206	2007	3	21.4336
XM_003307021.1	789	590	0	0
XM_003307023.2	1467	1268	12	135.701
XM_003307024.2	2272	2073	0	0
XM_003307025.2	1213	1014	1	14.1411
XM_003307027.1	336	137	0	0
XM_003307028.2	1627	1428	0	0
XM_003307030.2	1539	1340	5	53.5041
XM_003307031.2	1622	1423	1	10.0767
XM_003307032.2	3699	3500	3	12.2906
XM_003307033.2	4755	4556	8	25.1784
XM_003307034.2	4706	4507	2	6.36303
XM_003307036.1	1080	881	0	0
XM_003307037.2	1298	1099	3	39.1422
XM_003307038.2	3807	3608	0	0
XM_003307039.2	944	745	7	134.73
XM_003307040.2	1332	1133	42	531.546
XM_003307041.1	744	545	0	0
XM_003307044.1	1236	1037	0	0
XM_003307045.2	3410	3211	8	35.7249
XM_003307046.2	1086	887	3	48.4975
XM_003307047.2	1088	889	0	0
XM_003307050.2	1793	1594	1	8.99566
XM_003307051.2	443	244	0	0
XM_003307052.2	1443	1244	12	138.319
XM_003307055.2	1090	891	0	0
XM_003307056.2	1680	1481	2	19.3641
XM_003307058.1	456	257	0	0
XM_003307059.2	336	137	10	1046.65
XM_003307060.2	477	278	25	1289.49
XM_003307061.2	720	521	0	0
XM_003307062.2	1114	915	0	0
XM_003307063.2	902	703	0	0
XM_003307064.2	763	564	7	177.967
XM_003307065.2	1313	1114	3	38.6151
XM_003307069.2	354	155	0	0
XM_003307070.1	2334	2135	0	0
XM_003307076.2	1065	866	17	281.483
XM_003307077.2	464	265	0	0
XM_003307081.2	2018	1819	5	39.4148
XM_003307083.1	339	140	0	0
XM_003307084.2	2637	2438	0	0
XM_003307085.2	375	176	9	733.249
XM_003307086.2	2751	2552	5	28.0938
XM_003307087.2	1197	998	2	28.7356
XM_003307088.2	1041	842	0	0
XM_003307089.2	5595	5396	12	31.8883
XM_003307090.2	2270	2071	15	103.856
XM_003307092.1	3318	3119	0	0
XM_003307093.1	483	284	0	0
XM_003307096.2	2461	2262	1	6.33912
XM_003307098.2	1124	925	0	0
XM_003307100.2	1469	1270	6	67.7437
XM_003307105.1	681	482	0	0
XM_003307106.2	467	268	0	0
XM_003307108.1	1008	809	0	0
XM_003307109.2	1466	1267	2	22.6347
XM_003307112.2	1254	1055	1	13.5916
XM_003307113.2	1218	1019	1	14.0717
XM_003307115.2	1202	1003	1	14.2962
XM_003307116.1	1269	1070	0	0
XM_003307117.1	1017	818	0	0
XM_003307121.2	1138	939	0	0
XM_003307122.2	741	542	5	132.279
XM_003307123.2	2122	1923	17	126.763
XM_003307124.1	381	182	1	78.7862
XM_003307125.2	922	723	0	0
XM_003307126.2	861	662	14	303.244
XM_003307127.2	5668	5469	22	57.6815
XM_003307130.2	1579	1380	0	0
XM_003307131.2	920	721	0	0
XM_003307134.1	1278	1079	0	0
XM_003307139.2	1536	1337	3	32.1745
XM_003307140.2	1893	1694	7	59.2524
XM_003307141.2	1242	1043	0	0
XM_003307142.2	1697	1498	2	19.1443
XM_003307143.2	2146	1947	2	14.7294
XM_003307145.2	384	185	0	0
XM_003307148.2	1261	1062	2	27.0039
XM_003307149.2	1475	1276	0	0
XM_003307150.2	1728	1529	1	9.37808
XM_003307152.2	3360	3161	1	4.53625
XM_003307153.2	1332	1133	0	0
XM_003307155.2	2087	1888	4	30.3794
XM_003307156.2	2431	2232	2	12.8486
XM_003307157.2	1455	1256	1	11.4165
XM_003307158.2	1527	1328	3	32.3925
XM_003307159.1	450	251	0	0
XM_003307160.2	1019	820	5	87.4335
XM_003307161.2	6985	6786	1	2.11304
XM_003307163.2	3981	3782	0	0
XM_003307165.2	1298	1099	0	0
XM_003307166.2	835	636	3	67.6372
XM_003307167.2	1455	1256	0	0
XM_003307168.2	1629	1430	7	70.1913
XM_003307169.2	2741	2542	31	174.867
XM_003307170.2	3369	3170	4	18.0935
XM_003307171.2	1351	1152	4	49.7885
XM_003307172.2	704	505	1	28.3942
XM_003307173.2	729	530	0	0
XM_003307174.2	4486	4287	1	3.34478
XM_003307176.2	846	647	0	0
XM_003307179.2	1005	806	0	0
XM_003307180.2	1669	1470	9	87.7903
XM_003307181.2	2187	1988	0	0
XM_003307182.2	2356	2157	3	19.9431
XM_003307183.2	1447	1248	5	57.4483
XM_003307184.2	899	700	2	40.9688
XM_003307185.1	378	179	0	0
XM_003307186.1	486	287	2	99.9239
XM_003307188.2	1295	1096	0	0
XM_003307189.2	2004	1805	0	0
XM_003307190.1	408	209	0	0
XM_003307192.2	760	561	2	51.1197
XM_003307193.2	3624	3425	2	8.37319
XM_003307194.2	1715	1516	0	0
XM_003307195.2	3566	3367	1	4.25871
XM_003307196.2	1391	1192	0	0
XM_003307197.2	1776	1577	5	45.4632
XM_003307198.2	1104	905	0	0
XM_003307199.2	1632	1433	0	0
XM_003307200.2	1983	1784	0	0
XM_003307201.2	2999	2800	3	15.3633
XM_003307202.1	1416	1217	0	0
XM_003307203.2	850	651	0	0
XM_003307204.2	2359	2160	4	26.5539
XM_003307205.2	993	794	0	0
XM_003307207.2	1959	1760	13	105.914
XM_003307210.1	1749	1550	0	0
XM_003307211.1	1203	1004	0	0
XM_003307212.1	867	668	0	0
XM_003307213.2	1644	1445	2	19.8465
XM_003307214.2	1319	1120	9	115.225
XM_003307215.2	722	523	0	0
XM_003307216.1	2928	2729	0	0
XM_003307218.2	858	659	0	0
XM_003307219.2	3843	3644	2	7.86997
XM_003307220.2	2182	1983	10	72.3101
XM_003307221.2	1935	1736	1	8.25984
XM_003307222.2	501	302	2	94.9608
XM_003307223.1	768	569	0	0
XM_003307225.2	1324	1125	3	38.2376
XM_003307226.1	414	215	23	1533.95
XM_003307227.1	264	65.044	0	0
XM_003307228.2	1367	1168	2	24.5532
XM_003307229.2	870	671	0	0
XM_003307230.2	1860	1661	2	17.2656
XM_003307231.2	375	176	0	0
XM_003307232.2	3085	2886	2	9.937
XM_003307233.2	868	669	3	64.3008
XM_003307234.2	804	605	3	71.1029
XM_003307235.2	2149	1950	1	7.35338
XM_003307236.2	937	738	0	0
XM_003307237.2	1740	1541	5	46.5253
XM_003307240.2	438	239	0	0
XM_003307242.2	615	416	0	0
XM_003307243.2	2616	2417	9	53.3934
XM_003307244.2	267	68.0268	10	2107.86
XM_003307245.2	1288	1089	1	13.1672
XM_003307246.2	462	263	7	381.649
XM_003307247.2	2465	2266	1	6.32793
XM_003307248.2	912	713	0	0
XM_003307249.2	1589	1390	0	0
XM_003307250.1	327	128	0	0
XM_003307251.2	495	296	0	0
XM_003307253.2	2396	2197	6	39.16
XM_003307254.2	330	131	43	4706.72
XM_003307256.2	1794	1595	1	8.99002
XM_003307258.2	411	212	1	67.6372
XM_003307259.2	1389	1190	2	24.0993
XM_003307260.2	2603	2404	0	0
XM_003307262.2	1596	1397	0	0
XM_003307263.2	1215	1016	1	14.1133
XM_003307264.2	1497	1298	4	44.1882
XM_003307265.2	2212	2013	2	14.2465
XM_003307267.2	991	792	2	36.2098
XM_003307268.2	945	746	2	38.4426
XM_003307269.2	2302	2103	0	0
XM_003307270.1	537	338	0	0
XM_003307271.2	261	62.0706	0	0
XM_003307273.1	423	224	0	0
XM_003307274.1	2769	2570	0	0
XM_003307279.1	375	176	0	0
XM_003307280.2	381	182	0	0
XM_003307281.2	2926	2727	4	21.0328
XM_003307282.2	3552	3353	2	8.55299
XM_003307284.2	943	744	4	77.0919
XM_003307285.2	1321	1122	0	0
XM_003307286.2	1440	1241	0	0
XM_003307287.2	3013	2814	1	5.09562
XM_003307289.2	579	380	0	0
XM_003307293.2	1923	1724	0	0
XM_003307294.2	267	68.0268	0	0
XM_003307295.2	363	164	0	0
XM_003307296.2	1425	1226	2	23.3917
XM_003307297.2	3820	3621	1	3.95998
XM_003307305.2	2079	1880	0	0
XM_003307306.1	2274	2075	0	0
XM_003307308.2	798	599	0	0
XM_003307309.1	363	164	0	0
XM_003307311.2	540	341	0	0
XM_003307312.2	1014	815	0	0
XM_003307314.2	3720	3521	35	142.536
XM_003307315.2	2695	2496	7	40.2138
XM_003307317.2	2307	2108	1	6.80222
XM_003307318.2	2308	2109	2	13.598
XM_003307319.2	1287	1088	0	0
XM_003307320.2	1581	1382	0	0
XM_003307321.2	2259	2060	0	0
XM_003307322.2	918	719	1	19.9431
XM_003307323.2	3398	3199	1	4.48237
XM_003307324.2	2521	2322	0	0
XM_003307326.2	939	740	0	0
XM_003307327.2	1457	1258	0	0
XM_003307328.2	1289	1090	1	13.1551
XM_003307329.2	901	702	4	81.7042
XM_003307330.2	2853	2654	4	21.6113
XM_003307332.2	1492	1293	3	33.2693
XM_003307333.2	1564	1365	0	0
XM_003307334.2	1001	802	28	500.616
XM_003307335.2	1238	1039	1	13.8009
XM_003307336.2	615	416	1	34.469
XM_003307337.2	387	188	0	0
XM_003307340.2	2249	2050	4	27.9787
XM_003307342.2	1459	1260	6	68.2814
XM_003307343.2	1632	1433	0	0
XM_003307344.2	1305	1106	2	25.9296
XM_003307345.1	306	107	0	0
XM_003307346.2	2703	2504	0	0
XM_003307347.2	2940	2741	3	15.694
XM_003307348.2	3125	2926	2	9.80115
XM_003307349.2	586	387	2	74.1038
XM_003307350.2	363	164	0	0
XM_003307355.2	3216	3017	0	0
XM_003307356.1	867	668	0	0
XM_003307358.2	2479	2280	2.14613	13.4972
XM_003307362.2	1918	1719	0	0
XM_003307363.2	3418	3219	7	31.1816
XM_003307365.1	300	101	0	0
XM_003307368.2	826	627	0	0
XM_003307369.2	1552	1353	1	10.598
XM_003307370.2	1787	1588	6	54.1779
XM_003307373.2	1926	1727	2	16.6058
XM_003307374.2	4791	4592	0	0
XM_003307375.2	471	272	0	0
XM_003307379.2	1266	1067	9	120.948
XM_003307380.2	3930	3731	0	0
XM_003307384.1	1893	1694	0	0
XM_003307387.2	1025	826	2	34.7193
XM_003307388.1	1065	866	3	49.6735
XM_003307389.2	426	227	8	505.342
XM_003307391.2	2913	2714	0	0
XM_003307392.2	1833	1634	0	0
XM_003307393.2	1869	1670	3	25.7588
XM_003307394.1	315	116	2	247.226
XM_003307395.2	411	212	0	0
XM_003307396.2	1563	1364	3	31.5376
XM_003307399.1	1113	914	0	0
XM_003307400.2	1241	1042	21	288.984
XM_003307403.2	1797	1598	2	17.9463
XM_003307404.1	903	704	0	0
XM_003307405.2	1115	916	3	46.9621
XM_003307406.2	348	149	2	192.471
XM_003307407.2	828	629	1	22.7966
XM_003307408.2	2130	1931	3	22.2772
XM_003307409.2	249	50.3754	3	853.935
XM_003307410.2	1317	1118	3	38.477
XM_003307411.2	3480	3281	1	4.37034
XM_003307412.2	1362	1163	0	0
XM_003307413.2	639	440	0	0
XM_003307414.2	882	683	0	0
XM_003307415.2	2886	2687	0	0
XM_003307417.2	952	753	1	19.0426
XM_003307418.2	4214	4015	20	71.4276
XM_003307419.2	2772	2573	0	0
XM_003307420.2	1599	1400	0	0
XM_003307421.2	1884	1685	2	17.0197
XM_003307424.2	984	785	0	0
XM_003307425.2	2930	2731	1	5.25049
XM_003307426.2	879	680	0	0
XM_003307428.2	3027	2828	0	0
XM_003307429.1	1035	836	0	0
XM_003307430.2	4184	3985	3	10.7948
XM_003307431.2	1050	851	6	101.098
XM_003307432.2	1656	1457	0	0
XM_003307433.2	312	113	0	0
XM_003307434.2	594	395	1	36.3015
XM_003307436.2	399	200	0	0
XM_003307437.2	2196	1997	3	21.5409
XM_003307438.2	1608	1409	2	20.3536
XM_003307439.2	1299	1100	5	65.1777
XM_003307440.2	1331	1132	3	38.0011
XM_003307441.2	2403	2204	2	13.0119
XM_003307442.2	1566	1367	0	0
XM_003307443.1	1185	986	0	0
XM_003307445.2	1830	1631	0	0
XM_003307449.1	1431	1232	0	0
XM_003307450.2	1041	842	3	51.0894
XM_003307452.2	415	216	0	0
XM_003307453.2	1995	1796	1	7.9839
XM_003307455.2	2026	1827	2	15.6969
XM_003307456.2	1639	1440	14	139.408
XM_003307457.2	3194	2995	0	0
XM_003307460.2	1401	1202	5	59.6468
XM_003307461.2	2408	2209	1	6.49121
XM_003307462.2	768	569	5	126.003
XM_003307465.2	1368	1169	10	122.661
XM_003307467.2	921	722	0	0
XM_003307468.1	1086	887	0	0
XM_003307469.2	909	710	1	20.1959
XM_003307470.2	687	488	1	29.3834
XM_003307471.2	874	675	0	0
XM_003307472.1	1503	1304	0	0
XM_003307477.2	963	764	1	18.7684
XM_003307479.1	1800	1601	0	0
XM_003307485.1	1326	1127	2	25.4465
XM_003307486.2	1601	1402	1	10.2276
XM_003307487.2	2503	2304	0	0
XM_003307488.2	1682	1483	1	9.66897
XM_003307489.2	12288	12089	9	10.6751
XM_003307492.2	408	209	0	0
XM_003307493.2	1335	1136	0	0
XM_003307494.2	1083	884	3	48.6621
XM_003307495.1	767	568	0	0
XM_003307496.2	1264	1065	0	0
XM_003307497.2	962	763	2	37.5861
XM_003307499.2	2128	1929	3	22.3003
XM_003307500.2	962	763	0	0
XM_003307501.2	1806	1607	3	26.7687
XM_003307503.1	666	467	0	0
XM_003307506.2	3204	3005	16	76.3479
XM_003307507.2	731	532	3	80.8595
XM_003307509.2	3076	2877	19	94.6968
XM_003307510.2	635	436	0	0
XM_003307511.2	2284	2085	1	6.87726
XM_003307513.2	2718	2519	1	5.69237
XM_003307514.1	126	5.35093	0	0
XM_003307516.2	1732	1533	4	37.4144
XM_003307517.2	253	54.2236	0	0
XM_003307518.2	1555	1356	7	74.0218
XM_003307519.2	2635	2436	1	5.88632
XM_003307522.2	1026	827	1	17.3387
XM_003307523.2	775	576	0	0
XM_003307525.1	300	101	0	0
XM_003307527.2	1437	1238	11	127.407
XM_003307528.2	393	194	0	0
XM_003307529.2	6338	6139	3	7.00721
XM_003307530.2	225	29.9375	0	0
XM_003307532.2	2184	1985	0	0
XM_003307533.1	2607	2408	0	0
XM_003307534.2	258	59.1108	0	0
XM_003307535.2	417	218	0	0
XM_003307537.2	1639	1440	0	0
XM_003307540.2	1851	1652	1	8.67983
XM_003307542.2	1319	1120	1	12.8028
XM_003307544.2	609	410	0	0
XM_003307546.2	759	560	0	0
XM_003307547.2	672	473	0	0
XM_003307548.2	510	311	0	0
XM_003307551.2	1637	1438	0	0
XM_003307552.2	1311	1112	4	51.5794
XM_003307553.2	2897	2698	4	21.2588
XM_003307556.2	1052	853	0	0
XM_003307558.2	2464	2265	0	0
XM_003307559.2	576	377	0	0
XM_003307560.1	432	233	0	0
XM_003307564.1	822	623	0	0
XM_003307565.2	510	311	0	0
XM_003307566.1	903	704	0	0
XM_003307568.2	3482	3283	3	13.103
XM_003307569.2	1437	1238	0	0
XM_003307570.2	330	131	0	0
XM_003307571.2	774	575	0	0
XM_003307572.2	1530	1331	0	0
XM_003307573.2	738	539	0	0
XM_003307574.2	4006	3807	1	3.76651
XM_003307575.2	2372	2173	1	6.59875
XM_003307578.2	597	398	0	0
XM_003307580.2	534	335	0	0
XM_003307581.1	498	299	0	0
XM_003307582.2	528	329	0	0
XM_003307583.2	2238	2039	3	21.0972
XM_003307584.2	1803	1604	13	116.215
XM_003307585.2	1172	973	0	0
XM_003307586.2	4270	4071	2	7.0445
XM_003307590.2	1656	1457	11	108.257
XM_003307591.1	846	647	0	0
XM_003307592.2	1071	872	23	378.21
XM_003307593.2	4136	3937	0	0
XM_003307594.2	522	323	0	0
XM_003307596.2	1359	1160	12	148.335
XM_003307597.2	423	224	1	64.0138
XM_003307598.2	935	736	4	77.9298
XM_003307599.2	2942	2743	4	20.9101
XM_003307601.2	2143	1944	1	7.37607
XM_003307602.2	1584	1385	0	0
XM_003307603.2	1472	1273	4	45.056
XM_003307606.1	1254	1055	0	0
XM_003307607.1	1272	1073	0	0
XM_003307609.2	1763	1564	0	0
XM_003307610.2	2022	1823	1	7.86565
XM_003307611.2	1322	1123	0	0
XM_003307612.2	1559	1360	0	0
XM_003307613.2	1649	1450	0	0
XM_003307614.2	782	583	0	0
XM_003307615.2	1236	1037	0	0
XM_003307616.2	1610	1411	6	60.9741
XM_003307617.2	3075	2876	1	4.98577
XM_003307618.2	743	544	0	0
XM_003307619.2	1484	1285	0	0
XM_003307620.2	1419	1220	20	235.067
XM_003307621.1	555	356	0	0
XM_003307627.2	2628	2429	0	0
XM_003307628.2	1690	1491	16	153.873
XM_003307630.2	449	250	0	0
XM_003307631.2	1233	1034	29	402.16
XM_003307632.2	408	209	0	0
XM_003307635.2	2259	2060	2	13.9214
XM_003307639.2	929	730	0	0
XM_003307640.2	1104	905	13	205.976
XM_003307641.2	1016	817	0	0
XM_003307642.2	1578	1379	4	41.5927
XM_003307643.2	1037	838	0	0
XM_003307644.2	1869	1670	2	17.1726
XM_003307645.2	2172	1973	1	7.26766
XM_003307646.1	1230	1031	0	0
XM_003307647.1	432	233	0	0
XM_003307648.2	1467	1268	0	0
XM_003307650.2	1982	1783	0	0
XM_003307651.2	1798	1599	2	17.9351
XM_003307652.2	1076	877	0	0
XM_003307653.1	381	182	0	0
XM_003307656.2	968	769	1	18.6464
XM_003307657.2	3209	3010	8	38.1105
XM_003307658.2	2897	2698	71	377.344
XM_003307660.2	3321	3122	7	32.1504
XM_003307662.2	2051	1852	2	15.485
XM_003307664.2	8152	7953	8	14.4238
XM_003307665.2	2089	1890	4	30.3473
XM_003307666.2	1230	1031	0	0
XM_003307667.2	2316	2117	1	6.7733
XM_003307668.2	829	630	0	0
XM_003307670.2	1342	1143	4	50.1805
XM_003307671.2	1806	1607	52	463.99
XM_003307672.2	1035	836	15	257.28
XM_003307675.1	936	737	0	0
XM_003307681.2	1754	1555	1	9.22128
XM_003307682.2	1889	1690	1	8.48467
XM_003307683.1	1785	1586	0	0
XM_003307684.2	1077	878	0	0
XM_003307685.2	1586	1387	2	20.6764
XM_003307691.2	700	501	2	57.2419
XM_003307692.2	1477	1278	2	22.4399
XM_003307696.2	2235	2036	3	21.1283
XM_003307697.1	303	104	0	0
XM_003307698.1	1392	1193	0	0
XM_003307700.1	822	623	0	0
XM_003307701.2	1332	1133	0	0
XM_003307703.1	243	44.7603	0	0
XM_003307706.1	1302	1103	0	0
XM_003307708.1	630	431	0	0
XM_003307713.2	1125	926	0	0
XM_003307715.2	432	233	2	123.082
XM_003307716.2	1839	1640	3	26.23
XM_003307717.2	700	501	0	0
XM_003307718.2	1824	1625	0	0
XM_003307720.2	3618	3419	1	4.19394
XM_003307721.2	914	715	1	20.0547
XM_003307722.2	2250	2051	0	0
XM_003307724.2	652	453	0	0
XM_003307725.1	594	395	0	0
XM_003307726.2	756	557	0	0
XM_003307727.2	3474	3275	18	78.8102
XM_003307728.2	6884	6685	2	4.28993
XM_003307729.2	725	526	0	0
XM_003307731.2	2587	2388	34	204.158
XM_003307732.2	1378	1179	20	243.242
XM_003307733.2	850	651	3	66.0787
XM_003307734.2	1483	1284	4	44.6701
XM_003307735.2	1989	1790	8	64.0853
XM_003307736.2	1368	1169	3	36.7983
XM_003307737.1	522	323	0	0
XM_003307740.2	870	671	0	0
XM_003307741.1	351	152	0	0
XM_003307742.2	291	92.0002	0	0
XM_003307743.2	5148	4949	2	5.79474
XM_003307744.2	942	743	0	0
XM_003307745.2	298	99	0	0
XM_003319159.1	819	620	0	0
XM_003319163.1	945	746	0	0
XM_003319164.1	663	464	0	0
XM_003319170.2	1594	1395	4	41.1157
XM_003319171.2	451	252	0	0
XM_003319175.2	840	641	0	0
XM_003319176.1	1305	1106	0	0
XM_003319178.1	429	230	0	0
XM_003319179.2	2847	2648	19	102.886
XM_003319180.2	1826	1627	11	96.9453
XM_003319183.2	399	200	0	0
XM_003319184.1	1056	857	0	0
XM_003319186.2	1541	1342	6	64.1092
XM_003319188.2	2238	2039	2	14.0648
XM_003319189.2	288	89.0004	0	0
XM_003319190.1	522	323	0	0
XM_003319191.2	1861	1662	14	120.787
XM_003319192.2	842	643	0	0
XM_003319193.2	3785	3586	1	3.99863
XM_003319194.1	345	146	0	0
XM_003319195.2	738	539	0	0
XM_003319196.2	785	586	0	0
XM_003319197.2	1453	1254	2	22.8694
XM_003319198.2	1111	912	12	188.672
XM_003319199.2	486	287	0	0
XM_003319200.2	1680	1481	1	9.68203
XM_003319201.1	309	110	0	0
XM_003319202.2	841	642	12	268.02
XM_003319205.2	1667	1468	0	0
XM_003319206.2	1380	1181	6	72.8489
XM_003319209.2	354	155	0	0
XM_003319211.2	5940	5741	0.248155	0.619808
XM_003319212.2	1808	1609	0	0
XM_003319213.1	723	524	0	0
XM_003319214.2	756	557	0	0
XM_003319216.2	655	456	0	0
XM_003319218.1	1074	875	0	0
XM_003319219.1	1734	1535	0	0
XM_003319222.2	1109	910	0	0
XM_003319223.2	2244	2045	0	0
XM_003319225.2	885	686	0	0
XM_003319226.2	808	609	0.00985707	0.232088
XM_003319227.2	985	786	6	109.459
XM_003319228.2	563	364	0	0
XM_003319230.2	283	84.0013	0	0
XM_003319232.1	1332	1133	0	0
XM_003319233.2	5112	4913	8	23.3488
XM_003319234.2	2873	2674	6	32.1745
XM_003319236.2	1434	1235	0	0
XM_003319237.1	597	398	0	0
XM_003319238.2	2768	2569	1.24332	6.93967
XM_003319239.2	978	779	0	0
XM_003319240.2	429	230	0	0
XM_003319250.1	645	446	0	0
XM_003319252.2	366	167	0	0
XM_003319253.2	9250	9051	0	0
XM_003319255.2	1233	1034	0	0
XM_003319256.1	870	671	0	0
XM_003319259.2	252	53.2554	0	0
XM_003319260.2	603	404	0	0
XM_003319262.1	1062	863	0	0
XM_003319263.2	4806	4607	0	0
XM_003319264.2	691	492	0	0
XM_003319265.2	1051	852	2	33.6598
XM_003319267.2	1658	1459	0	0
XM_003319268.2	3782	3583	2	8.00396
XM_003319269.2	2543	2344	2	12.2347
XM_003319271.2	630	431	3	99.808
XM_003319273.1	1284	1085	0	0
XM_003319274.2	1718	1519	3	28.3195
XM_003319277.2	852	653	1	21.9588
XM_003319278.2	2012	1813	8	63.2723
XM_003319280.2	1731	1532	2	18.7194
XM_003319281.2	751	552	0	0
XM_003319282.2	1872	1673	4	34.2835
XM_003319284.1	459	260	1	55.1503
XM_003319287.1	138	6.07083	0	0
XM_003319291.2	732	533	42	1129.91
XM_003319292.2	2392	2193	3	19.6157
XM_003319299.2	516	317	0	0
XM_003319300.1	798	599	0	0
XM_003319303.2	390	191	0	0
XM_003319310.1	528	329	0	0
XM_003319311.2	1428	1229	1	11.6673
XM_003319316.1	507	308	0	0
XM_003319318.1	876	677	0	0
XM_003319319.1	306	107	0	0
XM_003319320.2	2707	2508	1	5.71734
XM_003319321.2	705	506	1	28.3381
XM_003319322.1	2157	1958	1	7.32333
XM_003319323.2	1399	1200	0	0
XM_003319324.2	1088	889	0	0
XM_003319328.1	1479	1280	0	0
XM_003319329.1	2520	2321	0	0
XM_003319331.2	1511	1312	0	0
XM_003319333.2	1182	983	2	29.1741
XM_003319334.2	1656	1457	0	0
XM_003319335.2	2674	2475	98	567.77
XM_003319338.2	1179	980	0	0
XM_003319339.2	1261	1062	0	0
XM_003319344.2	2112	1913	0	0
XM_003319346.2	1239	1040	0	0
XM_003319349.2	2217	2018	4	28.4224
XM_003319350.2	992	793	24	433.97
XM_003319352.1	882	683	0	0
XM_003319353.2	381	182	0	0
XM_003319357.1	345	146	0	0
XM_003319358.2	1215	1016	1	14.1133
XM_003319361.2	784	585	0	0
XM_003319364.1	1608	1409	0	0
XM_003319365.2	3123	2924	3	14.7118
XM_003319368.2	4258	4059	11	38.8593
XM_003319372.2	1134	935	6	92.0155
XM_003319374.1	519	320	0	0
XM_003319375.2	1035	836	0	0
XM_003319376.2	312	113	0	0
XM_003319378.2	2444	2245	1	6.38712
XM_003319379.2	918	719	0	0
XM_003319380.2	426	227	0	0
XM_003319381.2	859	660	1	21.7259
XM_003319382.1	531	332	0	0
XM_003319384.2	444	245	0	0
XM_003319386.2	1464	1265	0	0
XM_003319389.2	2433	2234	1	6.41857
XM_003319390.2	1215	1016	4	56.4531
XM_003319392.2	768	569	0	0
XM_003319393.2	984	785	4	73.0654
XM_003319394.2	966	767	1	18.695
XM_003319395.2	1256	1057	2	27.1317
XM_003319396.2	1462	1263	22	249.77
XM_003319397.2	3847	3648	0	0
XM_003319404.2	3060	2861	4	20.0477
XM_003319405.2	638	439	6	195.978
XM_003319408.2	2020	1821	0	0
XM_003319409.2	2424	2225	0	0
XM_003319411.2	4262	4063	23	81.1713
XM_003319412.2	1518	1319	0	0
XM_003319415.2	978	779	0	0
XM_003319418.2	1431	1232	0	0
XM_003319419.2	606	407	1	35.2312
XM_003319420.1	3990	3791	0	0
XM_003319421.2	3057	2858	9	45.1546
XM_003319422.1	432	233	0	0
XM_003319423.2	1732	1533	9	84.1825
XM_003319424.1	3396	3197	0	0
XM_003319425.1	552	353	0	0
XM_003319426.1	498	299	0	0
XM_003319431.2	2665	2466	0	0
XM_003319432.2	2940	2741	0	0
XM_003319435.1	444	245	0	0
XM_003319436.2	273	74.0093	0	0
XM_003319437.2	399	200	0	0
XM_003319442.2	1187	988	0	0
XM_003319444.1	999	800	0	0
XM_003319445.1	1362	1163	0	0
XM_003319446.2	3421	3222	2	8.90074
XM_003319447.2	822	623	47	1081.76
XM_003319448.2	1902	1703	0	0
XM_003319451.2	990	791	0	0
XM_003319453.2	1866	1667	0	0
XM_003319454.2	2178	1979	7	50.7194
XM_003319455.2	1601	1402	4	40.9104
XM_003319456.2	423	224	1	64.0138
XM_003319457.2	258	59.1108	0	0
XM_003319458.2	2550	2351	1	6.09914
XM_003319459.2	2600	2401	4	23.8885
XM_003319462.1	165	8.64817	0	0
XM_003319464.2	2012	1813	1	7.90904
XM_003319466.2	1805	1606	5	44.6422
XM_003319467.2	1738	1539	6	55.9029
XM_003319468.2	2628	2429	1	5.90329
XM_003319469.2	705	506	0	0
XM_003319470.2	1683	1484	0	0
XM_003319471.2	2375	2176	0	0
XM_003319472.2	793	594	0	0
XM_003319474.2	342	143	0	0
XM_003319475.1	516	317	0	0
XM_003319476.2	432	233	0	0
XM_003319477.2	2272	2073	0	0
XM_003319478.2	2591	2392	1	5.9946
XM_003319480.2	327	128	0	0
XM_003319481.2	342	143	0	0
XM_003319483.2	450	251	0	0
XM_003319484.2	816	617	1	23.24
XM_003319485.2	1193	994	1	14.4256
XM_003319486.2	2388	2189	0	0
XM_003319489.2	1344	1145	0	0
XM_003319494.2	1828	1629	0	0
XM_003319495.2	723	524	0	0
XM_003319496.2	1227	1028	0	0
XM_003319497.2	1265	1066	5	67.2565
XM_003319498.2	967	768	5	93.3534
XM_003319499.1	426	227	0	0
XM_003319500.1	318	119	0	0
XM_003319501.2	2086	1887	3	22.7966
XM_003319504.2	1281	1082	1	13.2524
XM_003319508.2	966	767	0	0
XM_003319509.1	1125	926	0	0
XM_003319513.2	285	86.0009	0	0
XM_003319514.2	528	329	0	0
XM_003319516.1	315	116	0	0
XM_003319517.2	1718	1519	3	28.3195
XM_003319518.1	819	620	0	0
XM_003319519.2	150	7.01018	0	0
XM_003319521.1	717	518	0	0
XM_003319522.2	1762	1563	2	18.3482
XM_003319523.2	1104	905	3	47.5329
XM_003319524.2	1116	917	0	0
XM_003319526.1	696	497	1	28.8513
XM_003319527.2	1611	1412	3	30.4655
XM_003319528.2	876	677	0	0
XM_003319529.2	984	785	2	36.5327
XM_003319533.2	812	613	12	280.7
XM_003319534.2	494	295	0	0
XM_003319537.1	1062	863	0	0
XM_003319538.2	1125	926	0	0
XM_003319539.2	3481	3282	4	17.476
XM_003319540.2	982	783	0	0
XM_003319542.2	1713	1514	3	28.413
XM_003319546.2	1852	1653	0	0
XM_003319547.2	2282	2083	0	0
XM_003319548.2	2148	1949	7	51.5001
XM_003319550.2	324	125	0	0
XM_003319551.2	1805	1606	89	794.632
XM_003319552.2	3265	3066	0	0
XM_003319553.2	342	143	0	0
XM_003319554.2	814	615	0	0
XM_003319556.2	396	197	0	0
XM_003319558.2	2154	1955	2	14.6691
XM_003319559.2	2342	2143	5	33.4556
XM_003319565.2	964	765	0	0
XM_003319566.2	1635	1436	4	39.9417
XM_003319567.2	321	122	0	0
XM_003319568.1	471	272	0	0
XM_003319569.2	5493	5294	7	18.9599
XM_003319571.2	1748	1549	4	37.028
XM_003319572.2	1374	1175	0	0
XM_003319573.2	1353	1154	0	0
XM_003319574.1	663	464	0	0
XM_003319575.1	693	494	21	609.556
XM_003319576.2	381	182	1	78.7862
XM_003319577.1	771	572	0	0
XM_003319578.2	1369	1170	4	49.0225
XM_003319579.2	3604	3405	0	0
XM_003319580.1	498	299	0	0
XM_003319581.2	3641	3442	0	0
XM_003319583.2	1617	1418	20	202.244
XM_003319584.2	1044	845	0	0
XM_003319586.2	2132	1933	0	0
XM_003319589.1	792	593	0	0
XM_003319590.2	5441	5242	5	13.6771
XM_003319591.2	535	336	1	42.6759
XM_003319592.1	477	278	0	0
XM_003319594.2	2248	2049	3	20.9943
XM_003319597.2	2031	1832	0	0
XM_003319598.2	1620	1421	20	201.817
XM_003319599.2	249	50.3754	1	284.645
XM_003319600.2	756	557	0	0
XM_003319601.2	5261	5062	2	5.66538
XM_003319604.2	1502	1303	5	55.0234
XM_003319605.2	2388	2189	9	58.9547
XM_003319606.2	1313	1114	1	12.8717
XM_003319607.2	1404	1205	2	23.7993
XM_003319609.2	1558	1359	0	0
XM_003319610.2	1890	1691	1	8.47965
XM_003319611.2	1323	1124	0	0
XM_003319612.1	1233	1034	0	0
XM_003319616.2	1449	1250	4	45.8851
XM_003319618.2	3415	3216	0	0
XM_003319619.2	1633	1434	0	0
XM_003319620.2	2150	1951	2	14.6992
XM_003319621.2	789	590	11	267.339
XM_003319622.2	2673	2474	6	34.7755
XM_003319623.2	552	353	0	0
XM_003319625.1	891	692	0	0
XM_003319626.2	814	615	2	46.6312
XM_003319627.2	3034	2835	1	5.05788
XM_003319629.2	1129	930	0	0
XM_003319631.2	1582	1383	6	62.2086
XM_003319632.2	1682	1483	9	87.0208
XM_003319634.2	4994	4795	2	5.98085
XM_003319635.2	2304	2105	0.703055	4.78915
XM_003319639.2	735	536	6	160.512
XM_003319640.2	845	646	6	133.18
XM_003319641.2	862	663	1	21.6276
XM_003319642.2	1311	1112	6	77.3692
XM_003319643.2	1985	1786	0	0
XM_003319644.2	1362	1163	7	86.3058
XM_003319645.1	309	110	0	0
XM_003319647.2	1132	933	3	46.1064
XM_003319650.2	774	575	1	24.9375
XM_003319651.2	1651	1452	3	29.6262
XM_003319652.2	2433	2234	6	38.5114
XM_003319653.2	342	143	0	0
XM_003319654.1	396	197	0	0
XM_003319655.2	1428	1229	9	105.006
XM_003319656.1	612	413	0	0
XM_003319658.2	1440	1241	0	0
XM_003319659.1	474	275	0	0
XM_003319661.2	312	113	0	0
XM_003319662.2	1005	806	23	409.18
XM_003319663.2	2561	2362	9	54.6367
XM_003319664.2	348	149	0	0
XM_003319665.2	1165	966	17	252.344
XM_003319666.2	3139	2940	2	9.75448
XM_003319667.2	1743	1544	11	102.157
XM_003319668.2	1141	942	0	0
XM_003319670.1	570	371	0	0
XM_003319671.2	7327	7128	4	8.04663
XM_003319672.2	1027	828	2	34.6355
XM_003319674.2	1218	1019	0	0
XM_003319675.2	2833	2634	0	0
XM_003319676.1	1128	929	0	0
XM_003319677.2	458	259	0	0
XM_003319679.2	4848	4649	16	49.3494
XM_003319680.2	1413	1214	4	47.2458
XM_003319681.2	2030	1831	7	54.819
XM_003319682.2	823	624	0	0
XM_003319683.1	489	290	0	0
XM_003319684.2	2780	2581	6	33.3338
XM_003319686.2	1932	1733	5	41.3707
XM_003319688.1	468	269	0	0
XM_003319692.2	962	763	3	56.3791
XM_003319693.2	1603	1404	12	122.556
XM_003319694.2	1507	1308	15	164.439
XM_003319695.2	2257	2058	24	167.22
XM_003319696.1	315	116	0	0
XM_003319697.2	588	389	0	0
XM_003319698.2	596	397	17	614.016
XM_003319699.2	1977	1778	2	16.1295
XM_003319700.1	441	242	0	0
XM_003319701.1	441	242	0	0
XM_003319702.2	399	200	0	0
XM_003319703.1	507	308	0	0
XM_003319704.2	2302	2103	7	47.7288
XM_003319705.1	2043	1844	0	0
XM_003319710.2	297	98.0001	0	0
XM_003319711.2	2476	2277	1	6.29736
XM_003319712.1	582	383	0	0
XM_003319713.2	738	539	0	0
XM_003319714.2	2119	1920	3	22.4048
XM_003319717.2	3314	3115	0	0
XM_003319718.2	1592	1393	1	10.2937
XM_003319719.2	1393	1194	2	24.0186
XM_003319720.2	1152	953	1	15.0463
XM_003319722.2	3650	3451	4	16.6202
XM_003319723.1	2241	2042	0	0
XM_003319724.2	888	689	0	0
XM_003319725.1	435	236	0	0
XM_003319726.2	1666	1467	1	9.77443
XM_003319727.2	321	122	1	117.533
XM_003319728.2	942	743	1	19.2989
XM_003319729.2	1532	1333	4	43.028
XM_003319730.2	3291	3092	3	13.9124
XM_003319732.1	1950	1751	3	24.5673
XM_003319733.2	429	230	2	124.688
XM_003319734.2	1993	1794	7	55.9496
XM_003319738.2	777	578	0	0
XM_003319739.2	2070	1871	0	0
XM_003319740.1	810	611	0	0
XM_003319741.2	1716	1517	0	0
XM_003319742.1	1185	986	0	0
XM_003319743.2	1947	1748	0	0
XM_003319744.2	417	218	0	0
XM_003319745.2	1359	1160	0	0
XM_003319747.1	309	110	0	0
XM_003319748.2	618	419	0	0
XM_003319749.2	717	518	0	0
XM_003319750.2	894	695	0	0
XM_003319754.1	318	119	0	0
XM_003319756.2	4905	4706	0	0
XM_003319758.1	2100	1901	0	0
XM_003319759.2	1440	1241	0	0
XM_003319760.2	2274	2075	0	0
XM_003319761.2	1241	1042	0	0
XM_003319762.1	840	641	0	0
XM_003319763.2	2601	2402	0	0
XM_003319765.2	369	170	0	0
XM_003319766.2	936	737	0	0
XM_003319767.2	534	335	0	0
XM_003319768.2	189	13.1915	0	0
XM_003319769.2	183	11.741	0	0
XM_003319770.2	174	9.99669	0	0
XM_003319771.2	465	266	0	0
XM_003319772.1	498	299	0	0
XM_003319776.2	267	68.0268	0	0
XM_003319777.2	4944	4745	0	0
XM_003319778.2	1809	1610	0	0
XM_003319779.1	549	350	0	0
XM_003319780.1	483	284	0	0
XM_003319781.2	4260	4061	0	0
XM_003319782.2	4515	4316	0	0
XM_003319784.2	13299	13100	19	20.7971
XM_003319785.2	2939	2740	14	73.2654
XM_003319786.2	2142	1943	2	14.7597
XM_003319787.2	2411	2212	5	32.412
XM_003319789.2	5111	4912	2	5.83839
XM_003319790.2	1540	1341	0	0
XM_003319792.2	810	611	0	0
XM_003319794.2	3909	3710	1	3.86498
XM_003319795.2	681	482	2	59.4983
XM_003319797.2	285	86.0009	0	0
XM_003319798.2	885	686	1	20.9025
XM_003319799.2	1349	1150	0	0
XM_003319800.1	1080	881	0	0
XM_003319802.2	440	241	2	118.997
XM_003319803.2	2026	1827	5	39.2422
XM_003319804.1	309	110	0	0
XM_003319807.2	2974	2775	1	5.16724
XM_003319808.2	1589	1390	4	41.2636
XM_003319809.2	996	797	0	0
XM_003319810.2	1227	1028	0	0
XM_003319811.2	1437	1238	0	0
XM_003319817.1	2334	2135	0	0
XM_003319818.2	300	101	0	0
XM_003319820.2	666	467	0	0
XM_003319821.2	1464	1265	5	56.6762
XM_003319822.2	1084	885	1	16.2024
XM_003319823.2	2823	2624	0	0
XM_003319824.1	723	524	0	0
XM_003319827.2	1506	1307	0	0
XM_003319828.2	930	731	1	19.6157
XM_003319829.1	399	200	0	0
XM_003319830.2	955	756	3	56.9011
XM_003319831.2	1290	1091	0	0
XM_003319832.2	849	650	0	0
XM_003319834.2	2481	2282	3	18.8507
XM_003319835.2	1203	1004	0	0
XM_003319836.2	816	617	0	0
XM_003319838.1	837	638	0	0
XM_003319844.2	243	44.7603	0	0
XM_003319845.1	336	137	0	0
XM_003319846.1	390	191	0	0
XM_003319849.2	768	569	31.8528	802.707
XM_003319850.1	426	227	0	0
XM_003319851.2	216	24.1385	3	1782.1
XM_003319852.2	1534	1335	2	21.4818
XM_003319853.2	1869	1670	0	0
XM_003319854.2	1119	920	3	46.7579
XM_003319855.2	1697	1498	5	47.8608
XM_003319857.2	1725	1526	0	0
XM_003319858.1	759	560	2	51.211
XM_003319859.2	522	323	8	355.148
XM_003319860.2	1049	850	32	539.824
XM_003319861.2	2684	2485	0	0
XM_003319862.2	504	305	2	94.0268
XM_003319863.1	129	5.5143	0	0
XM_003319864.1	435	236	0	0
XM_003319867.2	399	200	0	0
XM_003319870.1	366	167	0	0
XM_003319873.2	477	278	0	0
XM_003319874.2	2271	2072	3	20.7612
XM_003319875.2	1179	980	0	0
XM_003319876.2	1143	944	0	0
XM_003319877.2	1528	1329	14	151.051
XM_003319878.2	432	233	0	0
XM_003319879.2	2188	1989	0	0
XM_003319880.2	4168	3969	2	7.22554
XM_003319884.2	354	155	0	0
XM_003319885.2	651	452	0	0
XM_003319886.2	1438	1239	3	34.7193
XM_003319887.2	2438	2239	16	102.468
XM_003319888.2	355	156	0	0
XM_003319890.2	877	678	0	0
XM_003319892.2	1617	1418	0	0
XM_003319893.2	451	252	0	0
XM_003319894.2	853	654	1	21.9252
XM_003319895.2	3164	2965	1	4.83612
XM_003319896.2	2234	2035	0	0
XM_003319898.2	768	569	15	378.008
XM_003319900.2	1750	1551	1	9.24506
XM_003319901.2	4564	4365	7	22.9951
XM_003319902.2	1222	1023	0	0
XM_003319903.2	1915	1716	4	33.4244
XM_003319904.2	405	206	0	0
XM_003319905.2	1925	1726	6	49.8462
XM_003319906.2	1130	931	0	0
XM_003319907.2	2517	2318	1	6.18597
XM_003319908.2	2316	2117	0	0
XM_003319910.2	792	593	0	0
XM_003319911.1	309	110	0	0
XM_003319912.2	3535	3336	3	12.8949
XM_003319913.1	309	110	0	0
XM_003319916.2	5214	5015	0	0
XM_003319918.2	5884	5685	7	17.6559
XM_003319919.2	3622	3423	2	8.37808
XM_003319921.2	1922	1723	0	0
XM_003319922.2	2172	1973	3	21.803
XM_003319923.2	6730	6531	7	15.3688
XM_003319924.2	851	652	4	87.9699
XM_003319925.2	1323	1124	1	12.7572
XM_003319926.2	2331	2132	1	6.72565
XM_003319927.2	3135	2936	1	4.88389
XM_003319928.2	333	134	0	0
XM_003319929.2	1230	1031	0	0
XM_003319930.2	2021	1822	0	0
XM_003319931.1	603	404	0	0
XM_003319932.2	285	86.0009	0	0
XM_003319933.2	636	437	0	0
XM_003319934.2	1370	1171	0	0
XM_003319935.2	2386	2187	1	6.55651
XM_003319936.2	489	290	1	49.4451
XM_003319937.2	1546	1347	11	117.097
XM_003319938.2	1485	1286	120	1338.02
XM_003319939.2	654	455	1	31.5145
XM_003319943.2	2526	2327	0	0
XM_003319944.1	2616	2417	0	0
XM_003319946.1	369	170	0	0
XM_003319947.1	384	185	0	0
XM_003319948.1	441	242	0	0
XM_003319949.2	2312	2113	0	0
XM_003319950.1	666	467	0	0
XM_003319951.2	421	222	0	0
XM_003319952.2	813	614	5	116.768
XM_003319953.2	1197	998	2	28.7356
XM_003319954.1	1761	1562	1	9.17995
XM_003319955.1	2079	1880	0	0
XM_003319956.2	1619	1420	0	0
XM_003319960.1	642	443	0	0
XM_003319963.2	2527	2328	33	203.26
XM_003319964.2	555	356	0	0
XM_003319965.2	1620	1421	1	10.0908
XM_003319966.2	1656	1457	0	0
XM_003319967.2	2073	1874	2	15.3032
XM_003319968.2	2063	1864	0	0
XM_003319969.2	1340	1141	0	0
XM_003319972.1	810	611	0	0
XM_003319973.1	321	122	0	0
XM_003319974.2	4435	4236	3	10.1552
XM_003319975.2	1014	815	5	87.9699
XM_003319976.2	828	629	0	0
XM_003319978.1	399	200	0	0
XM_003319979.2	522	323	0	0
XM_003319980.2	555	356	1	40.2783
XM_003319981.2	1137	938	0	0
XM_003319984.2	1611	1412	2	20.3103
XM_003319985.2	3185	2986	0	0
XM_003319988.2	930	731	0	0
XM_003319989.2	391	192	0	0
XM_003319990.2	762	563	0	0
XM_003319992.2	1068	869	0	0
XM_003319994.2	986	787	0	0
XM_003319996.2	1023	824	0	0
XM_003319997.2	893	694	1	20.6615
XM_003319999.2	1555	1356	0	0
XM_003320000.2	712	513	0	0
XM_003320001.2	1645	1446	0	0
XM_003320002.2	477	278	4.56561	235.492
XM_003320003.2	555	356	0	0
XM_003320004.2	453	254	1	56.4531
XM_003320005.2	930	731	1	19.6157
XM_003320007.2	1191	992	2	28.9094
XM_003320008.2	354	155	0	0
XM_003320010.2	765	566	1.77425	44.9491
XM_003320012.2	740	541	1	26.5048
XM_003320013.2	348	149	0	0
XM_003320014.2	549	350	0	0
XM_003320015.2	591	392	0	0
XM_003320016.2	1025	826	5	86.7983
XM_003320017.2	1241	1042	4	55.0445
XM_003320018.2	2437	2238	1	6.4071
XM_003320021.2	1728	1529	0	0
XM_003320022.1	468	269	0	0
XM_003320023.1	855	656	0	0
XM_003320024.1	786	587	0	0
XM_003320025.1	867	668	0	0
XM_003320026.2	1544	1345	0	0
XM_003320027.2	1394	1195	5	59.9962
XM_003320028.1	891	692	0	0
XM_003320029.2	3505	3306	4	17.3492
XM_003320030.2	595	396	0	0
XM_003320031.2	2148	1949	0	0
XM_003320032.1	1482	1283	0	0
XM_003320033.2	1140	941	1	15.2381
XM_003320034.2	465	266	0	0
XM_003320035.1	2004	1805	0	0
XM_003320036.1	687	488	0	0
XM_003320038.2	1800	1601	0	0
XM_003320040.2	1380	1181	0	0
XM_003320041.1	2649	2450	0	0
XM_003320042.2	1940	1741	4	32.9445
XM_003320043.2	1452	1253	0	0
XM_003320044.1	561	362	0	0
XM_003320047.2	1017	818	0	0
XM_003320050.2	2945	2746	1	5.22181
XM_003320052.2	1106	907	0	0
XM_003320054.2	609	410	0	0
XM_003320055.2	1467	1268	0	0
XM_003320057.1	1320	1121	0	0
XM_003320058.2	1509	1310	0	0
XM_003320059.2	1201	1002	0	0
XM_003320060.2	1245	1046	2	27.417
XM_003320061.2	1211	1012	0	0
XM_003320062.1	381	182	0	0
XM_003320063.2	752	553	0	0
XM_003320064.1	345	146	0	0
XM_003320066.2	1633	1434	4	39.9975
XM_003320067.2	1742	1543	9	83.6369
XM_003320069.2	1491	1292	0	0
XM_003320070.2	1541	1342	2	21.3697
XM_003320071.2	651	452	0	0
XM_003320072.2	1257	1058	0	0
XM_003320074.2	1326	1127	0	0
XM_003320075.1	336	137	0	0
XM_003320078.2	2899	2700	7	37.1754
XM_003320079.2	2485	2286	4	25.0903
XM_003320080.2	765	566	0	0
XM_003320081.2	1647	1448	0	0
XM_003320084.1	501	302	0	0
XM_003320086.2	885	686	0	0
XM_003320088.2	416	217	0	0
XM_003320090.2	661	462	0	0
XM_003320091.2	765	566	0	0
XM_003320093.2	4127	3928	0	0
XM_003320094.2	713	514	6	167.382
XM_003320095.2	1111	912	34	534.571
XM_003320101.2	2301	2102	0	0
XM_003320107.2	5056	4857	1	2.95225
XM_003320111.2	1883	1684	15	127.723
XM_003320112.2	309	110	0	0
XM_003320113.1	1224	1025	1	13.9894
XM_003320114.1	672	473	3	90.9456
XM_003320117.2	1101	902	0	0
XM_003320118.2	1582	1383	16	165.89
XM_003320119.1	696	497	0	0
XM_003320120.2	402	203	0	0
XM_003320121.1	876	677	0	0
XM_003320122.2	1398	1199	0	0
XM_003320123.2	935	736	1	19.4825
XM_003320124.2	4422	4223	2	6.79095
XM_003320125.2	1559	1360	0	0
XM_003320126.2	2722	2523	0	0
XM_003320127.2	1143	944	0	0
XM_003320128.2	2943	2744	1	5.22561
XM_003320130.2	976	777	0	0
XM_003320131.2	1283	1084	0	0
XM_003320133.2	698	499	0	0
XM_003320134.2	405	206	0	0
XM_003320135.2	1249	1050	1	13.6563
XM_003320136.2	3188	2989	15	71.9593
XM_003320137.2	1534	1335	0	0
XM_003320138.2	3140	2941	0	0
XM_003320141.2	1582	1383	0	0
XM_003320143.2	2995	2796	1	5.12843
XM_003320144.2	1729	1530	0	0
XM_003320145.2	1372	1173	0	0
XM_003320146.2	2295	2096	0	0
XM_003320148.2	573	374	0	0
XM_003320150.2	1613	1414	5	50.704
XM_003320153.2	1233	1034	0	0
XM_003320158.2	324	125	0	0
XM_003320159.2	2409	2210	2	12.9765
XM_003320160.2	678	479	1	29.9355
XM_003320161.2	726	527	3	81.6267
XM_003320162.2	555	356	1	40.2783
XM_003320163.2	1545	1346	0	0
XM_003320164.2	1478	1279	6	67.267
XM_003320165.2	705	506	0	0
XM_003320166.2	726	527	1	27.2089
XM_003320167.1	321	122	0	0
XM_003320168.2	1882	1683	0	0
XM_003320169.2	1384	1185	1	12.1005
XM_003320170.2	3384	3185	0	0
XM_003320171.1	321	122	0	0
XM_003320173.2	1909	1710	1	8.38543
XM_003320175.2	609	410	0	0
XM_003320176.2	1080	881	29	472.002
XM_003320177.2	3472	3273	17.5289	76.7944
XM_003320178.2	603	404	1	35.4928
XM_003320179.2	1772	1573	1	9.11576
XM_003320181.2	831	632	0	0
XM_003320182.1	402	203	0	0
XM_003320183.1	1392	1193	0	0
XM_003320184.1	939	740	0	0
XM_003320186.2	393	194	1	73.9128
XM_003320187.2	761	562	0	0
XM_003320188.2	823	624	5	114.897
XM_003320190.2	1254	1055	0	0
XM_003320191.2	714	515	1	27.8429
XM_003320193.2	675	476	0	0
XM_003320194.1	675	476	0	0
XM_003320195.2	1593	1394	0	0
XM_003320198.1	1464	1265	0	0
XM_003320200.2	1296	1097	8	104.569
XM_003320201.2	1467	1268	3	33.9253
XM_003320203.2	960	761	2	37.6849
XM_003320205.2	2221	2022	9	63.8238
XM_003320206.2	1587	1388	0	0
XM_003320207.2	1986	1787	0	0
XM_003320208.1	2307	2108	3	20.4067
XM_003320209.1	342	143	0	0
XM_003320210.2	309	110	0	0
XM_003320214.1	2673	2474	0	0
XM_003320215.2	4360	4161	5	17.2303
XM_003320216.2	2275	2076	1	6.90707
XM_003320218.2	2893	2694	6	31.9356
XM_003320219.2	1911	1712	1	8.37563
XM_003320220.2	1259	1060	1	13.5274
XM_003320221.2	2378	2179	0	0
XM_003320226.1	2001	1802	3	23.872
XM_003320227.2	1579	1380	4	41.5626
XM_003320228.2	2946	2747	6	31.3194
XM_003320229.2	5424	5225	3	8.23297
XM_003320230.2	1280	1081	1	13.2646
XM_003320234.1	2121	1922	0	0
XM_003320236.2	3360	3161	1	4.53625
XM_003320237.1	336	137	0	0
XM_003320239.2	2225	2026	6	42.4652
XM_003320240.2	414	215	0	0
XM_003320242.2	562	363	3	118.505
XM_003320243.2	2443	2244	1	6.38997
XM_003320245.2	1779	1580	0	0
XM_003320246.2	708	509	0	0
XM_003320247.2	1206	1007	23	327.506
XM_003320248.2	421	222	0	0
XM_003320249.2	733	534	14	375.931
XM_003320250.2	2206	2007	0	0
XM_003320252.2	627	428	0	0
XM_003320254.1	2601	2402	0	0
XM_003320255.2	2364	2165	9	59.6082
XM_003320257.2	975	776	0	0
XM_003320258.2	1625	1426	0	0
XM_003320259.2	3216	3017	2	9.50553
XM_003320260.2	846	647	2	44.3248
XM_003320261.2	1509	1310	0	0
XM_003320263.2	852	653	0	0
XM_003320264.2	1626	1427	1	10.0484
XM_003320265.1	336	137	0	0
XM_003320266.2	1557	1358	5	52.7949
XM_003320267.2	1452	1253	1	11.4438
XM_003320270.1	432	233	0	0
XM_003320271.2	1023	824	1	17.4018
XM_003320272.2	1709	1510	1	9.49608
XM_003320273.2	940	741	0	0
XM_003320276.2	1050	851	0	0
XM_003320277.2	1152	953	0	0
XM_003320278.1	1170	971	0	0
XM_003320279.1	1863	1664	6	51.7034
XM_003320280.2	1014	815	0	0
XM_003320281.2	2106	1907	4	30.0767
XM_003320282.2	1488	1289	12	133.49
XM_003320283.2	464	265	0	0
XM_003320284.2	2713	2514	2	11.4074
XM_003320285.2	1940	1741	6	49.4167
XM_003320286.2	342	143	0	0
XM_003320288.2	3121	2922	0	0
XM_003320289.2	819	620	0	0
XM_003320290.2	611	412	0	0
XM_003320291.1	345	146	0	0
XM_003320293.2	3611	3412	10	42.0255
XM_003320299.2	1447	1248	11	126.386
XM_003320300.2	1539	1340	2	21.4016
XM_003320301.2	1915	1716	0	0
XM_003320302.2	3421	3222	2	8.90074
XM_003320309.2	2374	2175	5	32.9634
XM_003320310.2	588	389	0	0
XM_003320311.2	1066	867	0	0
XM_003320314.2	1394	1195	0	0
XM_003320315.2	2662	2463	7	40.7526
XM_003320316.2	1443	1244	1	11.5266
XM_003320318.2	1065	866	0	0
XM_003320319.2	1000	801	0	0
XM_003320320.2	432	233	0	0
XM_003320321.2	450	251	0	0
XM_003320322.1	690	491	0	0
XM_003320323.2	447	248	0	0
XM_003320324.2	849	650	16	352.962
XM_003320325.2	1428	1229	5	58.3364
XM_003320326.2	3062	2863	4	20.0337
XM_003320327.2	933	734	0	0
XM_003320329.2	3630	3431	2	8.35855
XM_003320330.1	948	749	0	0
XM_003320333.2	557	358	3	120.16
XM_003320334.2	1345	1146	0	0
XM_003320335.2	569	370	0	0
XM_003320336.2	3061	2862	2	10.0203
XM_003320337.2	876	677	4	84.7213
XM_003320338.2	348	149	0	0
XM_003320339.2	4059	3860	1	3.71479
XM_003320340.1	588	389	2	73.7228
XM_003320341.2	589	390	20	735.338
XM_003320342.2	1018	819	3	52.5241
XM_003320343.2	1051	852	0	0
XM_003320344.2	1484	1285	241	2689.28
XM_003320346.1	1095	896	0	0
XM_003320347.2	2916	2717	0	0
XM_003320348.2	903	704	0	0
XM_003320349.2	1309	1110	1	12.9181
XM_003320351.1	537	338	0	0
XM_003320352.2	3622	3423	2	8.37808
XM_003320353.2	405	206	0	0
XM_003320354.2	1417	1218	0	0
XM_003320356.1	768	569	0	0
XM_003320357.1	882	683	0	0
XM_003320358.2	1375	1176	0	0
XM_003320359.2	471	272	0	0
XM_003320360.2	2493	2294	0	0
XM_003320361.2	1716	1517	0	0
XM_003320362.2	1735	1536	1	9.33534
XM_003320363.2	764	565	2	50.7578
XM_003320364.2	272	73.0112	0	0
XM_003320365.2	1487	1288	1	11.1328
XM_003320366.2	3552	3353	0	0
XM_003320373.2	2172	1973	0	0
XM_003320374.2	2016	1817	0	0
XM_003320377.1	1116	917	0	0
XM_003320379.2	1684	1485	2	19.3119
XM_003320380.2	1158	959	6	89.7127
XM_003320381.2	1043	844	2	33.9789
XM_003320382.1	1377	1178	2	24.3448
XM_003320383.1	696	497	0	0
XM_003320384.2	1010	811	0	0
XM_003320385.1	1650	1451	0	0
XM_003320386.2	957	758	1	18.917
XM_003320388.2	4501	4302	12	39.9975
XM_003320391.2	2898	2699	2	10.6255
XM_003320392.2	1958	1759	2	16.3037
XM_003320397.2	566	367	0	0
XM_003320398.2	1465	1266	2	22.6526
XM_003320399.2	2086	1887	3	22.7966
XM_003320400.1	381	182	0	0
XM_003320401.2	1296	1097	3	39.2135
XM_003320403.1	396	197	0	0
XM_003320405.2	1680	1481	9	87.1383
XM_003320406.2	1189	990	126	1824.97
XM_003320407.2	3873	3674	36	140.503
XM_003320409.2	1097	898	1	15.9678
XM_003320412.1	1023	824	0	0
XM_003320413.1	348	149	1	96.2355
XM_003320414.1	549	350	0	0
XM_003320419.1	381	182	0	0
XM_003320421.2	2136	1937	0	0
XM_003320422.2	570	371	0	0
XM_003320424.1	603	404	0	0
XM_003320426.2	402	203	0	0
XM_003320428.1	630	431	0	0
XM_003320429.1	651	452	0	0
XM_003320431.2	1540	1341	7	74.8498
XM_003320432.2	8727	8528	5	8.40706
XM_003320434.1	615	416	0	0
XM_003320437.2	5084	4885	4	11.7413
XM_003320438.2	1263	1064	4	53.9063
XM_003320439.2	165	8.64817	0	0
XM_003320441.1	360	161	0	0
XM_003320442.1	318	119	0	0
XM_003320443.2	1982	1783	0	0
XM_003320444.2	1662	1463	0	0
XM_003320448.2	2823	2624	0	0
XM_003320449.2	2380	2181	19	124.916
XM_003320450.2	3277	3078	2	9.31715
XM_003320453.2	4147	3948	8	29.0559
XM_003320454.2	858	659	0	0
XM_003320455.1	1323	1124	0	0
XM_003320456.2	6008	5809	2	4.93685
XM_003320457.2	2907	2708	18	95.3115
XM_003320458.2	1477	1278	0	0
XM_003320459.2	543	344	0	0
XM_003320460.2	1821	1622	0	0
XM_003320461.2	2988	2789	2	10.2826
XM_003320462.2	5677	5478	2	5.23515
XM_003320463.2	2293	2094	2	13.6954
XM_003320464.2	2972	2773	5	25.8548
XM_003320465.2	2072	1873	2	15.3114
XM_003320466.1	528	329	0	0
XM_003320469.2	1799	1600	3	26.8858
XM_003320470.1	867	668	0	0
XM_003320472.2	1331	1132	2	25.3341
XM_003320473.1	981	782	0	0
XM_003320474.2	11368	11169	5	6.41915
XM_003320475.2	932	733	17	332.557
XM_003320476.2	264	65.044	9	1984.07
XM_003320477.2	961	762	0	0
XM_003320479.2	426	227	0	0
XM_003320486.2	1322	1123	0	0
XM_003320488.2	387	188	0	0
XM_003320489.2	1493	1294	31	343.518
XM_003320490.2	3469	3270	0	0
XM_003320491.2	1755	1556	7	64.5075
XM_003320492.2	1482	1283	0	0
XM_003320493.2	3376	3177	2	9.02681
XM_003320494.2	1402	1203	0	0
XM_003320495.2	779	580	16	395.561
XM_003320499.2	669	470	0	0
XM_003320500.2	543	344	0	0
XM_003320501.2	793	594	0	0
XM_003320502.2	1590	1391	0	0
XM_003320508.2	306	107	1	134.01
XM_003320509.1	297	98.0001	0	0
XM_003320514.2	895	696	0	0
XM_003320515.2	1302	1103	0	0
XM_003320516.2	2727	2528	50	283.605
XM_003320517.2	3669	3470	5	20.6615
XM_003320518.2	381	182	0	0
XM_003320520.2	1751	1552	5.70348	52.695
XM_003320521.2	4798	4599	11	34.2966
XM_003320524.2	1204	1005	10	142.677
XM_003320526.1	354	155	0	0
XM_003320527.2	1870	1671	1	8.58114
XM_003320528.1	699	500	0	0
XM_003320529.1	2709	2510	1	5.71278
XM_003320530.2	780	581	3	74.04
XM_003320531.2	2838	2639	8	43.4682
XM_003320532.1	489	290	0	0
XM_003320533.1	417	218	0	0
XM_003320534.2	832	633	7	158.568
XM_003320537.2	1248	1049	0	0
XM_003320539.2	3264	3065	0	0
XM_003320540.2	1443	1244	0	0
XM_003320541.2	1623	1424	0	0
XM_003320542.1	564	365	0	0
XM_003320543.2	2135	1936	2	14.8131
XM_003320544.2	1064	865	2	33.154
XM_003320547.2	1110	911	0	0
XM_003320548.2	747	548	0	0
XM_003320549.1	423	224	0	0
XM_003320551.2	1909	1710	0	0
XM_003320555.2	246	47.5399	0	0
XM_003320556.1	513	314	0	0
XM_003320559.2	1353	1154	2	24.8511
XM_003320560.2	1583	1384	17	176.13
XM_003320561.2	1978	1779	3	24.1806
XM_003320563.2	1946	1747	0	0
XM_003320564.2	2034	1835	5	39.0711
XM_003320566.2	1722	1523	4	37.6601
XM_003320567.2	2006	1807	0	0
XM_003320568.1	405	206	0	0
XM_003320569.2	225	29.9375	0	0
XM_003320570.2	2142	1943	15	110.698
XM_003320573.2	1643	1444	0	0
XM_003320574.2	1559	1360	7	73.8041
XM_003320575.2	1204	1005	3	42.8032
XM_003320576.2	1702	1503	111	1058.97
XM_003320577.2	1125	926	0	0
XM_003320578.2	1316	1117	2	25.6743
XM_003320580.2	813	614	3	70.0607
XM_003320581.2	430	231	0	0
XM_003320584.2	1402	1203	1	11.9194
XM_003320586.1	411	212	0	0
XM_003320587.2	2747	2548	11	61.9034
XM_003320588.2	2746	2547	26	146.375
XM_003320589.2	946	747	0	0
XM_003320590.2	318	119	0	0
XM_003320591.2	1914	1715	193	1613.67
XM_003320593.2	1005	806	0	0
XM_003320594.1	1200	1001	0	0
XM_003320596.2	1097	898	0	0
XM_003320598.2	2524	2325	1	6.16735
XM_003320599.1	345	146	0	0
XM_003320600.2	939	740	0	0
XM_003320601.2	2732	2533	3	16.9827
XM_003320602.2	638	439	1	32.6631
XM_003320603.2	902	703	9	183.573
XM_003320606.2	2149	1950	1	7.35338
XM_003320607.2	3374	3175	0	0
XM_003320608.2	2233	2034	10	70.497
XM_003320609.2	504	305	0	0
XM_003320610.2	854	655	2	43.7835
XM_003320612.1	306	107	0	0
XM_003320616.2	557	358	0	0
XM_003320617.2	801	602	0	0
XM_003320618.2	1790	1591	0	0
XM_003320619.1	408	209	0	0
XM_003320620.1	2121	1922	0	0
XM_003320621.1	336	137	0	0
XM_003320622.2	1383	1184	0	0
XM_003320623.2	3234	3035	1	4.72458
XM_003320625.2	1082	883	30	487.172
XM_003320628.1	1626	1427	0	0
XM_003320631.1	354	155	0	0
XM_003320634.1	594	395	0	0
XM_003320635.1	444	245	1	58.5269
XM_003320636.2	1686	1487	5	48.2148
XM_003320638.2	246	47.5399	0	0
XM_003320643.2	585	386	0	0
XM_003320644.2	1005	806	0	0
XM_003320647.2	6358	6159	17	39.5786
XM_003320648.2	1215	1016	5	70.5664
XM_003320651.2	1961	1762	4	32.5518
XM_003320653.2	1486	1287	0	0
XM_003320654.2	1750	1551	9	83.2055
XM_003320657.2	611	412	1	34.8036
XM_003320659.2	738	539	0	0
XM_003320660.1	432	233	0	0
XM_003320665.2	417	218	0	0
XM_003320666.2	297	98.0001	0	0
XM_003320672.2	798	599	0	0
XM_003320675.1	1347	1148	0	0
XM_003320676.2	519	320	0	0
XM_003320677.2	1257	1058	0	0
XM_003320681.2	678	479	0	0
XM_003320682.1	525	326	0	0
XM_003320683.2	582	383	0	0
XM_003320684.2	1017	818	0	0
XM_003320687.2	1335	1136	0	0
XM_003320688.2	498	299	0	0
XM_003320690.2	888	689	0	0
XM_003320691.2	525	326	1	43.9849
XM_003320694.1	828	629	0	0
XM_003320695.1	735	536	0	0
XM_003320697.2	1787	1588	2	18.0593
XM_003320699.2	2543	2344	0	0
XM_003320700.2	2804	2605	0	0
XM_003320701.1	525	326	0	0
XM_003320703.1	387	188	0	0
XM_003320704.2	1791	1592	2	18.0139
XM_003320705.2	1424	1225	0	0
XM_003320706.1	600	401	0	0
XM_003320707.2	2220	2021	34	241.232
XM_003320708.1	1074	875	0	0
XM_003320710.1	984	785	1	18.2664
XM_003320712.2	264	65.044	0	0
XM_003320713.2	1649	1450	0	0
XM_003320716.2	402	203	0	0
XM_003320717.2	1026	827	0	0
XM_003320718.2	1422	1223	0	0
XM_003320719.2	1368	1169	5	61.3306
XM_003320720.2	3023	2824	9	45.6982
XM_003320721.2	519	320	0	0
XM_003320722.1	615	416	0	0
XM_003320723.2	405	206	0	0
XM_003320725.1	618	419	0	0
XM_003320727.2	3516	3317	9	38.9062
XM_003320728.2	2080	1881	0	0
XM_003320731.2	552	353	1	40.6206
XM_003320732.1	300	101	1	141.971
XM_003320733.2	3528	3329	0	0
XM_003320734.2	1812	1613	0	0
XM_003320735.2	945	746	0	0
XM_003320738.2	264	65.044	0	0
XM_003320741.1	615	416	0	0
XM_003320742.2	594	395	0	0
XM_003320743.2	369	170	0	0
XM_003320744.2	576	377	0	0
XM_003320745.2	1000	801	1	17.9015
XM_003320746.2	2148	1949	5	36.7858
XM_003320748.1	393	194	0	0
XM_003320749.2	620	421	0	0
XM_003320750.1	1050	851	0	0
XM_003320751.2	744	545	0	0
XM_003320753.2	1884	1685	0	0
XM_003320754.1	354	155	0	0
XM_003320757.1	375	176	1	81.4721
XM_003320758.1	1353	1154	0	0
XM_003320759.2	351	152	0	0
XM_003320762.2	896	697	35	720.04
XM_003320763.2	798	599	45	1077.23
XM_003320764.2	3972	3773	1.30405	4.95596
XM_003320765.2	2021	1822	0	0
XM_003320766.2	1175	976	6	88.1501
XM_003320767.2	431	232	0	0
XM_003320768.2	496	297	0	0
XM_003320770.2	2553	2354	1	6.09137
XM_003320773.2	870	671	0	0
XM_003320775.2	252	53.2554	0	0
XM_003320777.2	226	30.6548	0	0
XM_003320779.2	1055	856	1	16.7513
XM_003320780.2	612	413	0	0
XM_003320781.2	2000	1801	0	0
XM_003320782.1	867	668	0	0
XM_003320784.2	966	767	8	149.56
XM_003320785.1	303	104	0	0
XM_003320786.2	462	263	0	0
XM_003320788.2	324	125	0	0
XM_003320790.2	1728	1529	0	0
XM_003320791.2	723	524	0	0
XM_003320792.2	1804	1605	0	0
XM_003320793.2	1806	1607	0	0
XM_003320794.1	591	392	0	0
XM_003320795.2	1563	1364	10	105.125
XM_003320797.2	1540	1341	4	42.7713
XM_003320798.2	686	487	0	0
XM_003320800.2	484	285	0	0
XM_003320801.1	1041	842	0	0
XM_003320802.2	1651	1452	13	128.38
XM_003320803.2	1246	1047	1	13.6954
XM_003320804.1	582	383	0	0
XM_003320805.2	390	191	0	0
XM_003320807.2	3510	3311	1	4.33074
XM_003320808.2	171	9.50903	0	0
XM_003320809.2	2701	2502	3	17.1931
XM_003320810.2	2172	1973	0	0
XM_003320811.2	1145	946	0	0
XM_003320812.2	2207	2008	0	0
XM_003320817.2	1014	815	0	0
XM_003320818.2	1799	1600	1	8.96193
XM_003320819.2	1750	1551	3	27.7352
XM_003320822.2	890	691	0	0
XM_003320823.2	2711	2512	1	5.70824
XM_003320824.2	1998	1799	3	23.9118
XM_003320825.2	213	22.4695	0	0
XM_003320826.2	528	329	6	261.503
XM_003320827.2	438	239	0	0
XM_003320828.1	567	368	0	0
XM_003320829.1	567	368	0	0
XM_003320831.2	1515	1316	0	0
XM_003320832.2	1782	1583	0	0
XM_003320833.2	3490	3291	0	0
XM_003320834.2	1963	1764	1	8.12873
XM_003320835.2	1086	887	6	96.9949
XM_003320836.2	922	723	0	0
XM_003320838.2	4234	4035	0	0
XM_003320839.2	811	612	0	0
XM_003320840.2	1403	1204	9	107.186
XM_003320841.1	2130	1931	1	7.42573
XM_003320842.1	1362	1163	0	0
XM_003320843.2	1203	1004	2	28.5639
XM_003320844.2	1975	1776	2	16.1476
XM_003320845.2	447	248	0	0
XM_003320846.2	1545	1346	0	0
XM_003320847.2	1041	842	0	0
XM_003320848.2	1491	1292	0	0
XM_003320849.1	573	374	0	0
XM_003320850.2	381	182	0	0
XM_003320853.2	1658	1459	1	9.82802
XM_003320858.2	3261	3062	0	0
XM_003320859.1	1194	995	0	0
XM_003320860.2	2175	1976	0	0
XM_003320862.2	2316	2117	0	0
XM_003320863.1	516	317	0	0
XM_003320864.1	945	746	0	0
XM_003320866.2	1454	1255	1	11.4256
XM_003320867.1	1503	1304	0	0
XM_003320868.2	2053	1854	0	0
XM_003320869.2	996	797	0	0
XM_003320870.2	876	677	0	0
XM_003320871.2	519	320	0	0
XM_003320872.2	1882	1683	5	42.5998
XM_003320873.1	1050	851	1	16.8497
XM_003320874.2	2976	2777	4	20.6541
XM_003320876.2	1374	1175	0	0
XM_003320877.2	918	719	2	39.8862
XM_003320879.1	1752	1553	0	0
XM_003320881.2	2987	2788	3	15.4294
XM_003320882.2	3354	3155	2	9.08975
XM_003320884.1	357	158	0	0
XM_003320886.2	1026	827	0	0
XM_003320887.1	417	218	0	0
XM_003320888.2	2222	2023	0	0
XM_003320889.2	1450	1251	2	22.9242
XM_003320891.2	171	9.50903	0	0
XM_003320892.2	354	155	0	0
XM_003320893.2	1356	1157	0	0
XM_003320894.2	380	181	0	0
XM_003320895.1	330	131	0	0
XM_003320897.1	1677	1478	0	0
XM_003320898.2	1545	1346	0	0
XM_003320899.1	2502	2303	0	0
XM_003320900.2	789	590	0	0
XM_003320901.2	993	794	4	72.2372
XM_003320902.2	1020	821	2	34.9308
XM_003320903.2	1585	1386	0	0
XM_003320907.2	4507	4308	2	6.65696
XM_003320908.2	833	634	12	271.402
XM_003320909.2	480	281	0	0
XM_003320911.2	3360	3161	1	4.53625
XM_003320912.2	451	252	0	0
XM_003320915.1	1860	1661	0	0
XM_003320917.1	423	224	0	0
XM_003320920.1	708	509	0	0
XM_003320922.2	2298	2099	0	0
XM_003320923.2	3094	2895	2	9.9061
XM_003320924.2	1888	1689	0	0
XM_003320925.1	1281	1082	0	0
XM_003320926.2	2439	2240	2	12.8028
XM_003320931.2	3708	3509	0	0
XM_003320932.1	717	518	0	0
XM_003320933.2	2004	1805	0	0
XM_003320934.2	2562	2363	5	30.3409
XM_003320935.2	2355	2156	0	0
XM_003320936.2	447	248	0	0
XM_003320937.2	2712	2513	0	0
XM_003320938.2	2030	1831	21	164.457
XM_003320942.2	1411	1212	9	106.478
XM_003320943.2	1065	866	0	0
XM_003320944.2	3865	3666	3	11.7341
XM_003320945.2	1701	1502	0	0
XM_003320946.2	4130	3931	7	25.5339
XM_003320947.2	1193	994	0	0
XM_003320948.2	2073	1874	0	0
XM_003320949.2	3179	2980	1	4.81177
XM_003320950.2	1443	1244	0	0
XM_003320952.1	1680	1481	3	29.0461
XM_003320953.2	1364	1165	1	12.3082
XM_003320954.2	549	350	0	0
XM_003320955.2	1523	1324	1	10.8301
XM_003320957.2	1897	1698	0	0
XM_003320958.1	381	182	0	0
XM_003320959.2	1819	1620	1	8.85129
XM_003320964.2	1091	892	0	0
XM_003320965.2	1294	1095	3	39.2852
XM_003320966.2	957	758	0	0
XM_003320967.2	1689	1490	0	0
XM_003320968.2	3043	2844	2	10.0837
XM_003320969.2	1745	1546	0	0
XM_003320970.2	1885	1686	0	0
XM_003320972.2	539	340	0	0
XM_003320973.1	1005	806	0	0
XM_003320974.2	2389	2190	3	19.6426
XM_003320975.2	2994	2795	1	5.13026
XM_003320978.2	2940	2741	28	146.477
XM_003320979.2	2427	2228	34	218.819
XM_003320980.2	195	14.9308	0	0
XM_003320981.2	1389	1190	0	0
XM_003320982.2	3054	2855	0	0
XM_003320986.2	492	293	0	0
XM_003320987.2	4412	4213	2	6.80707
XM_003320989.2	2160	1961	1	7.31213
XM_003320990.2	1344	1145	1	12.5232
XM_003320991.2	797	598	0	0
XM_003320992.2	3267	3068	2	9.34751
XM_003320993.2	1230	1031	0	0
XM_003320994.2	3099	2900	1	4.94451
XM_003320995.2	2403	2204	0	0
XM_003320998.1	789	590	0	0
XM_003320999.1	1062	863	3.19427	53.074
XM_003321001.2	1158	959	0	0
XM_003321003.2	1460	1261	2	22.7424
XM_003321004.2	1644	1445	4	39.693
XM_003321006.2	549	350	0	0
XM_003321007.2	3151	2952	3	14.5722
XM_003321008.1	1230	1031	0	0
XM_003321009.2	552	353	0	0
XM_003321011.2	291	92.0002	0	0
XM_003321012.2	606	407	0	0
XM_003321014.1	342	143	0	0
XM_003321015.2	399	200	0	0
XM_003321016.2	1174	975	3	44.1203
XM_003321017.2	1519	1320	2	21.7259
XM_003321018.2	738	539	0	0
XM_003321019.2	348	149	0	0
XM_003321020.2	2568	2369	0	0
XM_003321021.2	2331	2132	4	26.9026
XM_003321022.2	1757	1558	1	9.20352
XM_003321025.2	303	104	0	0
XM_003321028.1	414	215	0	0
XM_003321030.2	555	356	0	0
XM_003321031.2	1746	1547	0	0
XM_003321032.1	192	14.0216	0	0
XM_003321034.1	762	563	0	0
XM_003321037.2	1670	1471	0	0
XM_003321038.2	1224	1025	5	69.9468
XM_003321039.2	1239	1040	2	27.5752
XM_003321040.2	1158	959	5	74.7606
XM_003321041.2	666	467	1	30.7047
XM_003321042.2	910	711	0	0
XM_003321044.1	450	251	0	0
XM_003321046.2	890	691	16	332.019
XM_003321047.2	1507	1308	5	54.813
XM_003321048.2	569	370	0	0
XM_003321049.2	891	692	3	62.1637
XM_003321050.2	3402	3203	6	26.8606
XM_003321051.2	2426	2227	1	6.43875
XM_003321052.2	2661	2462	1.2973	7.5557
XM_003321053.2	1401	1202	1.59314	19.0051
XM_003321055.2	461	262	1	54.7293
XM_003321056.1	1596	1397	0	0
XM_003321059.2	1453	1254	9	102.912
XM_003321060.2	2945	2746	9	46.9963
XM_003321061.2	579	380	1	37.7344
XM_003321062.2	1579	1380	33	342.891
XM_003321063.2	462	263	0	0
XM_003321064.2	675	476	4	120.497
XM_003321066.2	478	279	0	0
XM_003321067.2	1354	1155	11	136.563
XM_003321068.2	606	407	0	0
XM_003321069.2	1677	1478	1	9.70168
XM_003321070.2	1006	807	0	0
XM_003321072.1	1023	824	0	0
XM_003321073.2	4221	4022	3	10.6955
XM_003321074.2	411	212	0	0
XM_003321075.1	1434	1235	0	0
XM_003321076.2	1254	1055	0	0
XM_003321077.1	351	152	0	0
XM_003321078.2	432	233	0	0
XM_003321079.2	759	560	0	0
XM_003321081.2	2879	2680	1.27613	6.82784
XM_003321082.2	1399	1200	0	0
XM_003321084.2	1070	871	2	32.9256
XM_003321087.2	1561	1362	0	0
XM_003321088.2	492	293	0	0
XM_003321089.1	408	209	0	0
XM_003321090.2	932	733	0	0
XM_003321091.2	2203	2004	1	7.15523
XM_003321092.2	1214	1015	0	0
XM_003321093.1	4374	4175	0	0
XM_003321094.2	1217	1018	3	42.2566
XM_003321095.2	634	435	93	3065.6
XM_003321097.2	1910	1711	1	8.38053
XM_003321098.2	1708	1509	6	57.0143
XM_003321099.2	1383	1184	1	12.1107
XM_003321100.1	453	254	0	0
XM_003321101.1	318	119	0	0
XM_003321103.2	3546	3347	5	21.4208
XM_003321104.1	2265	2066	0	0
XM_003321105.2	3944	3745	8	30.6309
XM_003321106.2	1178	979	48	703.04
XM_003321107.2	465	266	1	53.9063
XM_003321108.1	372	173	0	0
XM_003321109.2	1552	1353	0	0
XM_003321110.2	2183	1984	3	21.6821
XM_003321111.1	405	206	0	0
XM_003321112.2	381	182	0	0
XM_003321113.2	1761	1562	35	321.298
XM_003321114.1	936	737	2	38.912
XM_003321115.2	669	470	8	244.07
XM_003321116.2	549	350	1	40.9688
XM_003321117.1	1272	1073	4	53.4542
XM_003321118.2	1851	1652	3	26.0395
XM_003321121.2	793	594	0	0
XM_003321122.1	1167	968	0	0
XM_003321123.2	1026	827	5	86.6934
XM_003321124.2	1149	950	0	0
XM_003321125.1	1179	980	0	0
XM_003321126.2	5129	4930	4	11.6341
XM_003321127.2	2281	2082	0	0
XM_003321128.2	1597	1398	6	61.5411
XM_003321129.1	348	149	1	96.2355
XM_003321130.1	567	368	0	0
XM_003321133.2	766	567	1	25.2894
XM_003321134.2	1556	1357	7	73.9673
XM_003321136.2	156	7.59116	0	0
XM_003321137.2	1888	1689	4	33.9588
XM_003321138.2	2201	2002	2	14.3248
XM_003321139.2	1688	1489	1	9.63001
XM_003321142.2	387	188	0	0
XM_003321143.2	378	179	0	0
XM_003321144.2	1134	935	0	0
XM_003321145.2	1653	1454	0	0
XM_003321147.2	2976	2777	0	0
XM_003321150.1	1929	1730	0	0
XM_003321153.2	768	569	0	0
XM_003321155.2	378	179	0	0
XM_003321156.2	1743	1544	0	0
XM_003321157.2	765	566	0	0
XM_003321158.1	861	662	0	0
XM_003321160.2	2789	2590	0.517315	2.86403
XM_003321162.2	1059	860	0	0
XM_003321163.1	873	674	0	0
XM_003321164.2	2439	2240	0	0
XM_003321166.2	2775	2576	1	5.56642
XM_003321167.2	428	229	0	0
XM_003321168.2	804	605	1	23.701
XM_003321169.2	578	379	0	0
XM_003321170.2	495	296	0	0
XM_003321171.2	753	554	24	621.188
XM_003321174.2	1790	1591	0	0
XM_003321177.1	390	191	0	0
XM_003321178.2	300	101	0	0
XM_003321179.2	1722	1523	2	18.8301
XM_003321180.2	803	604	16	379.843
XM_003321181.1	471	272	0	0
XM_003321182.1	327	128	0	0
XM_003321183.2	1218	1019	0	0
XM_003321184.2	1877	1678	6	51.2721
XM_003321185.2	4289	4090	0	0
XM_003321187.2	1594	1395	0	0
XM_003321188.2	3198	2999	0	0
XM_003321189.2	726	527	14	380.924
XM_003321191.2	1839	1640	3	26.23
XM_003321193.2	1948	1749	0	0
XM_003321194.2	1530	1331	0	0
XM_003321195.2	1408	1209	0	0
XM_003321196.2	2149	1950	8	58.827
XM_003321197.1	348	149	0	0
XM_003321199.2	1342	1143	0	0
XM_003321201.2	402	203	0	0
XM_003321205.2	2359	2160	10	66.3847
XM_003321206.2	2094	1895	4	30.2672
XM_003321207.2	1041	842	2	34.0596
XM_003321208.2	1361	1162	2	24.68
XM_003321213.1	117	4.91545	0	0
XM_003321214.2	1125	926	3	46.4549
XM_003321215.2	1862	1663	0	0
XM_003321216.2	807	608	0	0
XM_003321218.2	360	161	0	0
XM_003321219.2	2092	1893	2	15.1496
XM_003321221.2	1346	1147	0	0
XM_003321222.2	1183	984	3	43.7167
XM_003321223.2	2405	2206	1	6.50004
XM_003321224.2	2012	1813	0	0
XM_003321226.2	2321	2122	9	60.8161
XM_003321227.2	421	222	0	0
XM_003321228.2	765	566	9	228.007
XM_003321229.2	1194	995	3	43.2334
XM_003321230.2	3438	3239	5	22.1351
XM_003321231.2	2503	2304	0	0
XM_003321232.1	528	329	0	0
XM_003321233.1	957	758	0	0
XM_003321235.2	4866	4667	1	3.07244
XM_003321236.2	789	590	0	0
XM_003321237.2	4167	3968	13	46.9779
XM_003321238.2	357	158	0	0
XM_003321239.2	1629	1430	13	130.355
XM_003321241.1	273	74.0093	0	0
XM_003321243.1	798	599	0	0
XM_003321244.2	2946	2747	0	0
XM_003321245.2	1635	1436	28	279.592
XM_003321246.2	2319	2120	9	60.8735
XM_003321247.2	1031	832	0	0
XM_003321248.2	3919	3720	3	11.5638
XM_003321249.2	2025	1826	3	23.5582
XM_003321250.2	921	722	2	39.7205
XM_003321251.2	570	371	1	38.6498
XM_003321252.2	3491	3292	0	0
XM_003321253.2	832	633	0	0
XM_003321254.2	2094	1895	0	0
XM_003321255.2	369	170	0	0
XM_003321256.1	372	173	0	0
XM_003321260.1	396	197	0	0
XM_003321261.1	429	230	0	0
XM_003321263.2	2302	2103	8	54.5472
XM_003321264.2	1995	1796	2	15.9678
XM_003321267.1	360	161	0	0
XM_003321268.2	2457	2258	7	44.4524
XM_003321269.2	1166	967	0	0
XM_003321270.2	1887	1688	4	33.9789
XM_003321271.1	756	557	15	386.151
XM_003321273.2	816	617	0	0
XM_003321274.2	1899	1700	0	0
XM_003321275.2	156	7.59116	0	0
XM_003321276.2	1380	1181	0	0
XM_003321278.2	1337	1138	6	75.6015
XM_003321280.2	2016	1817	14	110.483
XM_003321281.2	1698	1499	0	0
XM_003321282.2	3624	3425	34	142.344
XM_003321283.2	2519	2320	1	6.18064
XM_003321284.2	1316	1117	0	0
XM_003321285.2	2613	2414	0	0
XM_003321288.2	1880	1681	3	25.5903
XM_003321290.2	537	338	0	0
XM_003321291.2	657	458	0	0
XM_003321292.2	2404	2205	3	19.509
XM_003321293.2	1093	894	0	0
XM_003321294.2	1278	1079	0	0
XM_003321295.2	920	721	24.8057	493.331
XM_003321296.2	513	314	0	0
XM_003321297.2	453	254	22	1241.97
XM_003321298.1	573	374	1	38.3398
XM_003321299.2	1173	974	5	73.6093
XM_003321300.2	1640	1441	1	9.95079
XM_003321301.2	2736	2537	1	5.65199
XM_003321302.2	6156	5957	2	4.8142
XM_003321303.2	1606	1407	0	0
XM_003321304.2	1204	1005	0	0
XM_003321305.2	1311	1112	6	77.3692
XM_003321307.1	870	671	0	0
XM_003321308.2	1438	1239	7	81.0118
XM_003321309.2	1008	809	2	35.4489
XM_003321310.2	3359	3160	8	36.3015
XM_003321311.2	3968	3769	6	22.8269
XM_003321312.2	1843	1644	4	34.8883
XM_003321313.2	2470	2271	1	6.314
XM_003321314.2	2205	2006	0	0
XM_003321315.2	1627	1428	1	10.0414
XM_003321316.2	1351	1152	0	0
XM_003321317.2	2603	2404	0	0
XM_003321318.2	720	521	25	688.056
XM_003321319.2	1321	1122	0	0
XM_003321320.2	1313	1114	3	38.6151
XM_003321321.2	1235	1036	1	13.8408
XM_003321322.2	474	275	4	208.569
XM_003321323.1	327	128	2	224.048
XM_003321324.1	513	314	0	0
XM_003321325.2	1211	1012	2	28.3381
XM_003321326.2	1705	1506	0	0
XM_003321329.1	1737	1538	0	0
XM_003321330.2	2101	1902	1	7.53895
XM_003321332.2	435	236	1	60.7588
XM_003321333.2	2374	2175	4	26.3707
XM_003321335.1	3654	3455	1	4.15024
XM_003321336.2	1093	894	1	16.0392
XM_003321337.2	835	636	0	0
XM_003321338.2	765	566	1	25.3341
XM_003321339.2	1294	1095	1	13.0951
XM_003321340.2	2290	2091	2	13.7151
XM_003321341.2	481	282	10	508.478
XM_003321342.2	5300	5101	1	2.81103
XM_003321343.2	1578	1379	1	10.3982
XM_003321344.1	1389	1190	0	0
XM_003321346.2	768	569	1	25.2005
XM_003321349.2	1152	953	0	0
XM_003321350.1	879	680	0	0
XM_003321352.2	1716	1517	0	0
XM_003321353.2	957	758	0	0
XM_003321358.2	402	203	0	0
XM_003321360.2	615	416	0	0
XM_003321362.1	645	446	0	0
XM_003321363.2	4839	4640	0	0
XM_003321365.1	537	338	0	0
XM_003321367.2	1647	1448	0	0
XM_003321368.1	1431	1232	0	0
XM_003321369.2	2235	2036	7	49.2994
XM_003321372.1	1989	1790	0	0
XM_003321373.1	1686	1487	0	0
XM_003321374.1	315	116	0	0
XM_003321376.2	531	332	0	0
XM_003321378.2	4917	4718	0	0
XM_003321379.2	1221	1022	0	0
XM_003321380.2	588	389	0	0
XM_003321381.2	2190	1991	0	0
XM_003321382.2	1239	1040	0	0
XM_003321383.1	3780	3581	0	0
XM_003321384.2	3858	3659	0	0
XM_003321385.2	522	323	0	0
XM_003321386.1	2502	2303	0	0
XM_003321392.2	1026	827	0	0
XM_003321393.2	1437	1238	0	0
XM_003321400.1	372	173	0	0
XM_003321403.1	465	266	0	0
XM_003321404.2	1260	1061	4	54.0588
XM_003321405.2	819	620	6	138.765
XM_003321408.2	1084	885	0	0
XM_003321409.2	3372	3173	0	0
XM_003321410.1	1194	995	0	0
XM_003321411.1	1032	833	0	0
XM_003321412.1	519	320	0	0
XM_003321413.2	632	433	0	0
XM_003321414.2	1550	1351	4	42.4547
XM_003321416.1	591	392	0	0
XM_003321418.1	888	689	0	0
XM_003321420.2	375	176	0	0
XM_003321424.1	303	104	0	0
XM_003321428.2	1013	814	10	176.156
XM_003321431.2	2682	2483	6	34.6494
XM_003321432.2	1724	1525	0	0
XM_003321434.2	360	161	6	534.376
XM_003321436.1	570	371	0	0
XM_003321438.2	2294	2095	3	20.5333
XM_003321440.2	1707	1508	9	85.5781
XM_003321441.2	1026	827	0	0
XM_003321444.2	1184	985	0	0
XM_003321445.2	1239	1040	2	27.5752
XM_003321446.2	606	407	0	0
XM_003321447.2	823	624	0	0
XM_003321448.2	387	188	0	0
XM_003321449.2	762	563	2	50.9381
XM_003321451.2	531	332	0	0
XM_003321452.2	1040	841	1	17.05
XM_003321453.2	2576	2377	3	18.0973
XM_003321454.2	1186	987	0	0
XM_003321455.1	414	215	0	0
XM_003321456.2	312	113	0	0
XM_003321457.2	2003	1804	7	55.6395
XM_003321458.2	1605	1406	2	20.397
XM_003321459.1	2574	2375	0	0
XM_003321461.2	751	552	0	0
XM_003321462.2	3408	3209	0	0
XM_003321463.2	1293	1094	6	78.6422
XM_003321464.2	498	299	0	0
XM_003321465.2	912	713	1	20.1109
XM_003321466.2	1358	1159	0	0
XM_003321467.2	1421	1222	3	35.2023
XM_003321468.2	1041	842	0	0
XM_003321471.2	1578	1379	0	0
XM_003321472.1	1005	806	0	0
XM_003321473.1	1251	1052	0	0
XM_003321474.2	3752	3553	7	28.2504
XM_003321475.2	1030	831	0	0
XM_003321477.2	1334	1135	0	0
XM_003321479.2	1212	1013	0	0
XM_003321481.2	1343	1144	2	25.0683
XM_003321482.2	1713	1514	4	37.884
XM_003321483.2	2496	2297	2	12.4851
XM_003321485.2	1155	956	0	0
XM_003321487.2	246	47.5399	0	0
XM_003321488.2	297	98.0001	0	0
XM_003321489.2	465	266	0	0
XM_003321490.2	768	569	0	0
XM_003321491.1	705	506	0	0
XM_003321492.2	2410	2211	2	12.9707
XM_003321497.2	3203	3004	5	23.8667
XM_003321498.1	516	317	0	0
XM_003321499.2	2004	1805	1	7.94409
XM_003321500.2	1071	872	0	0
XM_003321504.2	405	206	0	0
XM_003321505.1	1230	1031	1	13.9079
XM_003321511.2	4376	4177	1	3.43287
XM_003321512.2	1034	835	0	0
XM_003321516.2	1165	966	9	133.594
XM_003321517.2	5069	4870	6	17.6662
XM_003321518.2	1023	824	0	0
XM_003321521.2	1970	1771	1	8.0966
XM_003321522.2	1402	1203	4	47.6778
XM_003321524.2	2363	2164	4	26.5048
XM_003321526.1	2049	1850	0	0
XM_003321527.1	1257	1058	0	0
XM_003321528.2	420	221	0	0
XM_003321529.2	2581	2382	4	24.0791
XM_003321530.2	747	548	0	0
XM_003321532.2	1386	1187	0	0
XM_003321533.2	3074	2875	5	24.9375
XM_003321534.2	2410	2211	0	0
XM_003321536.2	2937	2738	5	26.1853
XM_003321537.2	2451	2252	0	0
XM_003321543.2	1005	806	0	0
XM_003321544.2	1398	1199	12	143.51
XM_003321545.2	967	768	18	336.072
XM_003321546.2	1980	1781	0	0
XM_003321547.1	1083	884	0	0
XM_003321548.2	3483	3284	6	26.1981
XM_003321549.2	1796	1597	2	17.9575
XM_003321551.2	1965	1766	0	0
XM_003321552.2	1158	959	0	0
XM_003321556.2	2000	1801	4	31.8469
XM_003321558.2	469	270	0	0
XM_003321559.2	1776	1577	3	27.2779
XM_003321560.2	8140	7941	1	1.8057
XM_003321561.2	1805	1606	0	0
XM_003321563.2	651	452	0	0
XM_003321568.2	443	244	0	0
XM_003321569.1	720	521	0	0
XM_003321571.2	714	515	0	0
XM_003321572.2	1167	968	0	0
XM_003321574.2	2644	2445	1	5.86466
XM_003321575.2	1198	999	0	0
XM_003321576.2	3421	3222	0	0
XM_003321578.2	2610	2411	7	41.6315
XM_003321580.1	1398	1199	1	11.9592
XM_003321581.1	420	221	8	519.062
XM_003321583.2	6086	5887	1	2.43572
XM_003321584.2	3280	3081	4	18.6161
XM_003321585.1	396	197	0	0
XM_003321591.2	1485	1286	0	0
XM_003321592.2	417	218	0	0
XM_003321593.2	1435	1236	9	104.411
XM_003321594.2	1504	1305	1	10.9878
XM_003321595.2	1941	1742	1	8.23139
XM_003321596.2	1585	1386	0	0
XM_003321597.2	390	191	0	0
XM_003321598.2	2896	2697	3	15.95
XM_003321599.2	1265	1066	4	53.8052
XM_003321600.2	1046	847	1	16.9293
XM_003321601.2	288	89.0004	0	0
XM_003321602.2	1851	1652	0	0
XM_003321603.2	2376	2177	2	13.1733
XM_003321605.2	1709	1510	2	18.9922
XM_003321607.2	516	317	0	0
XM_003321609.2	1353	1154	5	62.1278
XM_003321610.2	1614	1415	2	20.2673
XM_003321612.2	769	570	0	0
XM_003321613.2	1244	1045	0	0
XM_003321614.2	5028	4829	1	2.96937
XM_003321615.2	2396	2197	0	0
XM_003321619.2	992	793	3	54.2462
XM_003321620.2	4288	4089	0	0
XM_003321621.1	765	566	0	0
XM_003321623.1	1272	1073	0	0
XM_003321628.2	1775	1576	0	0
XM_003321631.2	1674	1475	2	19.4428
XM_003321632.2	4574	4375	3	9.83252
XM_003321633.2	2130	1931	0	0
XM_003321635.1	981	782	0	0
XM_003321636.2	384	185	0	0
XM_003321637.2	426	227	0	0
XM_003321638.2	693	494	0	0
XM_003321642.1	546	347	0	0
XM_003321643.2	2357	2158	0	0
XM_003321644.2	1243	1044	4	54.939
XM_003321645.2	1384	1185	4	48.402
XM_003321646.2	2974	2775	1	5.16724
XM_003321649.2	306	107	0	0
XM_003321650.2	1449	1250	7	80.2989
XM_003321653.2	499	300	0	0
XM_003321654.2	2094	1895	0.0647891	0.490246
XM_003321656.2	2334	2135	0	0
XM_003321657.2	1317	1118	1	12.8257
XM_003321658.2	965	766	3	56.1583
XM_003321659.1	1569	1370	1	10.4665
XM_003321661.2	1352	1153	0	0
XM_003321662.2	2287	2088	2	13.7348
XM_003321663.2	969	770	0	0
XM_003321667.2	2374	2175	3	19.7781
XM_003321668.1	306	107	0	0
XM_003321672.1	1113	914	0	0
XM_003321673.2	2013	1814	0	0
XM_003321674.2	1629	1430	38	381.039
XM_003321675.2	1708	1509	0	0
XM_003321676.2	2987	2788	2	10.2863
XM_003321679.2	3848	3649	2	7.85919
XM_003321680.2	1119	920	0	0
XM_003321681.1	840	641	0	0
XM_003321683.2	414	215	0	0
XM_003321684.2	1713	1514	0	0
XM_003321685.2	684	485	1	29.5651
XM_003321686.2	513	314	0	0
XM_003321687.1	1179	980	0	0
XM_003321689.1	1845	1646	0	0
XM_003321693.2	2641	2442	2	11.7437
XM_003321694.1	1161	962	0	0
XM_003321698.2	1800	1601	1	8.95633
XM_003321699.2	2039	1840	0	0
XM_003321701.1	1986	1787	0	0
XM_003321702.2	2778	2579	0	0
XM_003321703.2	2135	1936	1	7.40655
XM_003321704.2	3196	2997	1	4.78448
XM_003321705.2	2811	2612	12	65.8764
XM_003321706.2	901	702	3	61.2781
XM_003321708.2	1863	1664	18	155.11
XM_003321709.2	522	323	0	0
XM_003321710.2	984	785	0	0
XM_003321711.2	1590	1391	0	0
XM_003321714.2	2238	2039	1	7.03241
XM_003321715.2	708	509	0	0
XM_003321717.1	702	503	0	0
XM_003321718.2	1140	941	0	0
XM_003321722.1	462	263	0	0
XM_003321723.2	1259	1060	0	0
XM_003321724.2	1016	817	0	0
XM_003321725.2	2436	2237	5	32.0498
XM_003321727.2	723	524	0	0
XM_003321728.1	342	143	0	0
XM_003321731.2	2029	1830	0	0
XM_003321734.2	1812	1613	0	0
XM_003321735.1	1149	950	0	0
XM_003321736.2	1699	1500	0	0
XM_003321737.2	627	428	30	1005.08
XM_003321739.2	1639	1440	2	19.9154
XM_003321740.2	2616	2417	1	5.9326
XM_003321741.2	7074	6875	1	2.08569
XM_003321742.2	2127	1928	0	0
XM_003321743.2	2276	2077	1	6.90375
XM_003321744.2	718	519	0	0
XM_003321745.2	1503	1304	1	10.9962
XM_003321746.1	546	347	0	0
XM_003321747.2	5176	4977	1	2.88107
XM_003321748.2	915	716	319	6388.5
XM_003321749.2	3235	3036	1	4.72302
XM_003321750.2	857	658	0	0
XM_003321751.2	965	766	0	0
XM_003321752.2	681	482	2	59.4983
XM_003321753.2	921	722	2	39.7205
XM_003321754.2	6470	6271	3	6.85971
XM_003321755.2	540	341	0	0
XM_003321756.2	1815	1616	1	8.8732
XM_003321757.2	1227	1028	1	13.9485
XM_003321758.1	1809	1610	3	26.7188
XM_003321759.2	1868	1669	8	68.7314
XM_003321760.2	1356	1157	6	74.36
XM_003321761.2	1456	1257	0	0
XM_003321762.2	2290	2091	3	20.5726
XM_003321764.2	1844	1645	1	8.71677
XM_003321765.2	1923	1724	8	66.5387
XM_003321767.2	842	643	1	22.3003
XM_003321768.1	2361	2162	0	0
XM_003321769.2	360	161	0	0
XM_003321770.2	1791	1592	0	0
XM_003321771.1	369	170	2	168.695
XM_003321772.2	983	784	3	54.869
XM_003321773.2	1591	1392	1	10.3011
XM_003321776.2	1959	1760	0	0
XM_003321777.2	690	491	0	0
XM_003321778.2	1096	897	0	0
XM_003321785.2	324	125	0	0
XM_003321786.2	1232	1033	0	0
XM_003321787.2	2852	2653	3	16.2146
XM_003321788.2	1004	805	1	17.8125
XM_003321789.2	1629	1430	0	0
XM_003321790.2	2651	2452	0	0
XM_003321791.2	1594	1395	0	0
XM_003321792.2	3750	3551	2	8.07608
XM_003321795.1	306	107	0	0
XM_003321797.2	6180	5981	3	7.19232
XM_003321798.2	1080	881	0	0
XM_003321799.2	1619	1420	0	0
XM_003321801.2	1076	877	0	0
XM_003321802.2	4675	4476	2	6.4071
XM_003321804.1	1320	1121	0	0
XM_003321806.2	2086	1887	1	7.59888
XM_003321807.2	1192	993	5	72.2008
XM_003321808.2	2043	1844	0	0
XM_003321809.2	2362	2163	1	6.62926
XM_003321812.2	1621	1422	2	20.1675
XM_003321813.2	417	218	12	789.308
XM_003321814.2	345	146	0	0
XM_003321815.2	459	260	0	0
XM_003321816.2	2910	2711	4	21.1569
XM_003321817.2	1511	1312	1	10.9292
XM_003321818.1	1404	1205	0	0
XM_003321820.1	468	269	0	0
XM_003321821.1	924	725	0	0
XM_003321825.2	546	347	0	0
XM_003321826.2	3396	3197	2	8.97034
XM_003321829.2	1624	1425	2	20.125
XM_003321830.1	786	587	0	0
XM_003321831.2	1520	1321	3	32.5642
XM_003321832.1	216	24.1385	0	0
XM_003321834.2	2007	1808	0	0
XM_003321835.1	2268	2069	0	0
XM_003321836.1	1179	980	0	0
XM_003321837.2	441	242	0	0
XM_003321838.2	1393	1194	4	48.0371
XM_003321840.2	1293	1094	0	0
XM_003321843.1	405	206	0	0
XM_003321844.2	915	716	0	0
XM_003321846.2	1363	1164	4	49.2752
XM_003321847.2	1252	1053	8	108.939
XM_003321848.2	726	527	0	0
XM_003321850.2	1448	1249	2	22.9609
XM_003321851.2	1471	1272	0	0
XM_003321852.2	447	248	0	0
XM_003321853.2	3540	3341	0	0
XM_003321855.2	444	245	0	0
XM_003321856.2	891	692	14	290.097
XM_003321857.2	1449	1250	2	22.9425
XM_003321858.2	1578	1379	1	10.3982
XM_003321859.2	1794	1595	22	197.781
XM_003321860.2	557	358	0	0
XM_003321861.1	447	248	0	0
XM_003321862.2	4628	4429	10	32.3754
XM_003321863.2	1870	1671	1	8.58114
XM_003321865.2	171	9.50903	0	0
XM_003321866.1	870	671	0	0
XM_003321867.2	660	461	0	0
XM_003321869.1	564	365	4	157.141
XM_003321870.2	1290	1091	1	13.1431
XM_003321871.2	1213	1014	0	0
XM_003321873.2	1279	1080	1	13.2769
XM_003321874.2	1440	1241	1	11.5545
XM_003321876.1	639	440	0	0
XM_003321877.2	360	161	0	0
XM_003321879.2	1272	1073	2	26.7271
XM_003321882.2	4186	3987	12	43.1575
XM_003321883.2	2631	2432	2	11.792
XM_003321884.2	1369	1170	9	110.301
XM_003321885.2	2013	1814	0	0
XM_003321886.2	2424	2225	0	0
XM_003321887.2	372	173	0	0
XM_003321888.2	1194	995	0	0
XM_003321889.1	2379	2180	0	0
XM_003321890.2	2934	2735	0	0
XM_003321891.2	3045	2846	1	5.03833
XM_003321892.2	744	545	0	0
XM_003321893.2	1442	1243	2	23.0717
XM_003321894.2	917	718	1	19.9709
XM_003321895.2	1514	1315	4	43.617
XM_003321896.2	1245	1046	0	0
XM_003321897.1	264	65.044	0	0
XM_003321898.2	2193	1994	0	0
XM_003321899.1	342	143	0	0
XM_003321900.2	1460	1261	0	0
XM_003321901.1	318	119	0	0
XM_003321903.2	6926	6727	8	17.0526
XM_003321904.2	162	8.26769	0	0
XM_003321909.2	417	218	0	0
XM_003321910.1	1302	1103	0	0
XM_003321913.2	816	617	0	0
XM_003321914.2	1101	902	0	0
XM_003321916.2	7291	7092	1	2.02187
XM_003321917.2	2589	2390	7	41.9973
XM_003321918.2	597	398	0	0
XM_003321919.2	1932	1733	2	16.5483
XM_003321920.1	468	269	0	0
XM_003321921.2	2082	1883	5.7813e-06	4.40247e-05
XM_003321924.2	1543	1344	10	106.69
XM_003321925.2	1683	1484	0	0
XM_003321927.2	1894	1695	1	8.45964
XM_003321928.1	2658	2459	7	40.8189
XM_003321929.2	2827	2628	9	49.1065
XM_003321931.2	5886	5687	6	15.1283
XM_003321933.1	1332	1133	0	0
XM_003321934.2	1106	907	14	221.331
XM_003321935.2	1212	1013	0	0
XM_003321936.2	1957	1758	1	8.15648
XM_003321938.2	4596	4397	1	3.26111
XM_003321941.1	519	320	0	0
XM_003321942.1	615	416	0	0
XM_003321946.2	486	287	0	0
XM_003321947.2	1766	1567	25	228.767
XM_003321948.1	333	134	0	0
XM_003321950.2	740	541	0	0
XM_003321951.2	2989	2790	5	25.6973
XM_003321953.1	1077	878	0	0
XM_003321956.2	2582	2383	1	6.01724
XM_003321957.2	632	433	8	264.925
XM_003321958.2	2540	2341	3	18.3756
XM_003321959.2	641	442	0	0
XM_003321960.2	1435	1236	3	34.8036
XM_003321962.1	324	125	0	0
XM_003321963.1	324	125	0	0
XM_003321964.2	979	780	2	36.7669
XM_003321965.2	3315	3116	3	13.8053
XM_003321966.2	672	473	6	181.891
XM_003321967.2	1171	972	3	44.2564
XM_003321968.1	513	314	0	0
XM_003321969.2	6044	5845	4	9.81289
XM_003321970.2	1047	848	1	16.9093
XM_003321971.2	2971	2772	2	10.3457
XM_003321972.2	579	380	0	0
XM_003321973.1	345	146	0	0
XM_003321975.1	597	398	0	0
XM_003321976.2	1889	1690	0	0
XM_003321977.2	4023	3824	1	3.74976
XM_003321980.2	1386	1187	13	157.041
XM_003321981.2	1680	1481	5	48.4102
XM_003321982.1	2661	2462	2	11.6483
XM_003321986.2	1423	1224	1	11.7149
XM_003321989.2	4722	4523	3	9.51078
XM_003321990.2	1484	1285	9	100.429
XM_003321991.2	2822	2623	0	0
XM_003321993.1	1140	941	0	0
XM_003321994.1	351	152	0	0
XM_003321995.2	1788	1589	0	0
XM_003321996.2	1125	926	0	0
XM_003321997.2	423	224	0	0
XM_003321998.2	1439	1240	0	0
XM_003321999.2	1838	1639	7	61.2408
XM_003322000.2	3375	3176	0	0
XM_003322001.2	2260	2061	3	20.872
XM_003322004.2	3552	3353	7	29.9355
XM_003322005.2	795	596	1	24.0589
XM_003322006.2	1406	1207	7	83.1596
XM_003322007.2	219	25.9389	0	0
XM_003322010.2	354	155	0	0
XM_003322013.1	408	209	0	0
XM_003322014.1	1305	1106	0	0
XM_003322015.2	1613	1414	0	0
XM_003322016.2	2096	1897	0	0
XM_003322017.2	426	227	0	0
XM_003322019.2	2136	1937	62	458.969
XM_003322021.2	1476	1277	4	44.9149
XM_003322022.2	1786	1587	7	63.2474
XM_003322032.2	498	299	0	0
XM_003322034.2	3456	3257	0	0
XM_003322035.2	4902	4703	1	3.04892
XM_003322037.1	918	719	0	0
XM_003322039.1	714	515	0	0
XM_003322041.1	474	275	0	0
XM_003322046.1	1440	1241	0	0
XM_003322047.1	96	4.14046	0	0
XM_003322048.2	2338	2139	1	6.70364
XM_003322049.2	972	773	0	0
XM_003322052.1	576	377	0	0
XM_003322053.2	1668	1469	0	0
XM_003322054.2	876	677	0	0
XM_003322055.2	1514	1315	3	32.7127
XM_003322056.1	681	482	0	0
XM_003322057.1	1596	1397	0	0
XM_003322058.2	357	158	0	0
XM_003322059.2	1605	1406	0	0
XM_003322060.2	549	350	0	0
XM_003322061.2	3477	3278	8	34.9947
XM_003322063.2	1464	1265	2	22.6705
XM_003322064.2	1573	1374	2	20.872
XM_003322065.2	1379	1180	0	0
XM_003322068.2	192	14.0216	0	0
XM_003322069.2	576	377	0	0
XM_003322070.2	749	550	14	364.995
XM_003322071.2	1941	1742	2	16.4628
XM_003322073.2	336	137	0	0
XM_003322074.2	455	256	0	0
XM_003322075.2	1574	1375	2	20.8569
XM_003322076.2	1127	928	0	0
XM_003322079.2	840	641	0	0
XM_003322080.2	3195	2996	6	28.7165
XM_003322081.2	2556	2357	1	6.08362
XM_003322082.2	1248	1049	3	41.0079
XM_003322083.2	1789	1590	1	9.01829
XM_003322084.2	345	146	0	0
XM_003322085.2	312	113	0	0
XM_003322088.1	315	116	0	0
XM_003322089.2	2701	2502	0	0
XM_003322090.2	3736	3537	4	16.2161
XM_003322091.1	1053	854	0	0
XM_003322092.2	2277	2078	4	27.6017
XM_003322093.2	2710	2511	0	0
XM_003322094.1	1992	1793	3	23.9918
XM_003322096.2	1056	857	7	117.122
XM_003322097.2	2353	2154	0	0
XM_003322098.2	367	168	0	0
XM_003322099.2	756	557	0	0
XM_003322101.1	1200	1001	0	0
XM_003322102.2	5478	5279	2	5.4325
XM_003322103.2	1608	1409	4	40.7071
XM_003322106.2	1840	1641	1	8.73802
XM_003322109.2	654	455	7	220.601
XM_003322111.2	962	763	1	18.793
XM_003322112.2	1728	1529	2	18.7562
XM_003322113.1	1059	860	0	0
XM_003322114.2	150	7.01018	0	0
XM_003322116.2	4357	4158	12	41.3826
XM_003322118.2	678	479	0	0
XM_003322120.1	630	431	0	0
XM_003322121.2	1289	1090	2	26.3103
XM_003322123.2	600	401	3	107.275
XM_003322124.2	1461	1262	38	431.763
XM_003322127.2	393	194	0	0
XM_003322130.2	747	548	0	0
XM_003322131.2	1113	914	0	0
XM_003322134.1	1614	1415	0	0
XM_003322136.2	2194	1995	0	0
XM_003322139.2	435	236	0	0
XM_003322142.2	1807	1608	5	44.5867
XM_003322143.2	1509	1310	1	10.9459
XM_003322144.2	3702	3503	3	12.2801
XM_003322145.2	1200	1001	4	57.299
XM_003322146.2	2006	1807	4	31.7412
XM_003322148.2	5388	5189	13	35.9237
XM_003322149.2	617	418	0	0
XM_003322152.2	1818	1619	10	88.5676
XM_003322153.2	1633	1434	0	0
XM_003322154.2	2117	1918	1	7.47606
XM_003322156.2	1543	1344	3	32.0069
XM_003322157.2	3945	3746	3.08501	11.8089
XM_003322161.2	1918	1719	0	0
XM_003322162.2	729	530	0	0
XM_003322163.2	4069	3870	1	3.70519
XM_003322165.2	1419	1220	0	0
XM_003322166.2	2698	2499	2	11.4759
XM_003322169.2	276	77.0053	0	0
XM_003322170.1	369	170	0	0
XM_003322171.2	2085	1886	0	0
XM_003322172.2	2112	1913	0	0
XM_003322174.2	1829	1630	27	237.519
XM_003322175.2	653	454	0	0
XM_003322178.2	426	227	0	0
XM_003322180.2	5303	5104	0.00280283	0.00787421
XM_003322181.2	2237	2038	5	35.1793
XM_003322182.2	1344	1145	0	0
XM_003322183.1	408	209	0	0
XM_003322184.2	2240	2041	2	14.051
XM_003322185.2	1881	1682	6	51.1501
XM_003322186.2	1839	1640	0	0
XM_003322189.2	1328	1129	2	25.4014
XM_003322190.1	1362	1163	0	0
XM_003322191.2	742	543	0.782103	20.6531
XM_003322192.2	5726	5527	2.2179	5.75405
XM_003322194.2	1701	1502	0	0
XM_003322201.1	975	776	0	0
XM_003322202.2	981	782	0	0
XM_003322204.2	2388	2189	3	19.6516
XM_003322205.2	1578	1379	0	0
XM_003322206.1	1131	932	0	0
XM_003322207.2	576	377	0	0
XM_003322208.1	636	437	0	0
XM_003322209.2	999	800	0	0
XM_003322213.2	4580	4381	3	9.81905
XM_003322214.1	843	644	0	0
XM_003322220.2	1937	1738	1	8.25034
XM_003322221.2	429	230	1	62.3439
XM_003322222.1	1536	1337	0	0
XM_003322223.1	363	164	0	0
XM_003322224.2	1296	1097	0	0
XM_003322225.2	1969	1770	3	24.3035
XM_003322227.2	892	693	0	0
XM_003322228.2	3247	3048	1	4.70442
XM_003322229.2	3789	3590	2	7.98835
XM_003322230.1	1098	899	5	79.7502
XM_003322231.2	750	551	0	0
XM_003322232.2	2300	2101	2	13.6498
XM_003322233.2	1212	1013	1	14.1551
XM_003322234.2	1281	1082	0	0
XM_003322235.2	291	92.0002	0	0
XM_003322236.2	990	791	0	0
XM_003322237.2	1418	1219	0	0
XM_003322241.1	882	683	0	0
XM_003322243.1	441	242	0	0
XM_003322244.1	387	188	0	0
XM_003322245.2	1173	974	0	0
XM_003322246.1	792	593	0	0
XM_003322247.2	1227	1028	4	55.7941
XM_003322248.2	1223	1024	0	0
XM_003322249.2	2472	2273	3	18.9253
XM_003322250.2	384	185	0	0
XM_003322251.1	1923	1724	0	0
XM_003322256.2	2337	2138	2	13.4136
XM_003322257.2	183	11.741	0	0
XM_003322261.1	351	152	0	0
XM_003322262.2	1608	1409	0	0
XM_003322263.2	2868	2669	8	42.9797
XM_003322264.2	554	355	0	0
XM_003322265.2	1428	1229	3	35.0018
XM_003322266.2	555	356	0	0
XM_003322267.2	1242	1043	0	0
XM_003322269.2	1035	836	0	0
XM_003322274.2	916	717	0	0
XM_003322275.2	1490	1291	1	11.107
XM_003322277.2	1593	1394	0	0
XM_003322278.2	438	239	1	59.9962
XM_003322279.2	5228	5029	13	37.0666
XM_003322280.2	909	710	0	0
XM_003322283.1	759	560	0	0
XM_003322287.2	819	620	0	0
XM_003322289.2	911	712	14.1856	285.686
XM_003322290.2	1812	1613	3	26.6691
XM_003322292.2	716	517	0	0
XM_003322293.2	842	643	0	0
XM_003322294.2	996	797	6	107.948
XM_003322295.2	1460	1261	0	0
XM_003322297.2	1053	854	1	16.7905
XM_003322298.2	1821	1622	4	35.3615
XM_003322299.2	645	446	0	0
XM_003322301.2	2791	2592	2	11.0641
XM_003322302.1	1053	854	2	33.581
XM_003322304.2	1189	990	1	14.4839
XM_003322306.2	830	631	0	0
XM_003322308.2	1006	807	0	0
XM_003322309.2	1377	1178	3	36.5172
XM_003322310.2	705	506	3	85.0143
XM_003322311.1	1413	1214	0	0
XM_003322312.1	1413	1214	4	47.2458
XM_003322313.2	3681	3482	0	0
XM_003322314.2	297	98.0001	0	0
XM_003322315.2	1849	1650	0	0
XM_003322317.2	1870	1671	3	25.7434
XM_003322319.1	1077	878	1	16.3315
XM_003322320.2	1452	1253	4	45.7752
XM_003322321.2	1656	1457	8	78.7321
XM_003322322.2	747	548	3	78.4986
XM_003322324.2	3680	3481	3	12.3577
XM_003322325.2	1052	853	5	84.0509
XM_003322326.2	994	795	6	108.22
XM_003322329.2	1857	1658	30	259.453
XM_003322330.2	975	776	0	0
XM_003322331.2	3002	2803	4	20.4625
XM_003322332.2	982	783	8	146.504
XM_003322333.2	2975	2776	1	5.16538
XM_003322334.2	2964	2765	1	5.18593
XM_003322335.2	579	380	0	0
XM_003322336.2	1044	845	0	0
XM_003322340.2	276	77.0053	0	0
XM_003322341.1	1446	1247	0	0
XM_003322342.1	429	230	0	0
XM_003322343.2	1560	1361	0	0
XM_003322344.2	1548	1349	0	0
XM_003322346.2	1753	1554	0	0
XM_003322347.2	1227	1028	0	0
XM_003322348.2	1446	1247	3	34.4966
XM_003322349.2	496	297	5	241.399
XM_003322352.2	969	770	0	0
XM_003322353.2	1646	1447	0	0
XM_003322354.2	496	297	1	48.2798
XM_003322355.2	462	263	0	0
XM_003322356.2	410	211	0	0
XM_003322358.2	2018	1819	1	7.88295
XM_003322359.2	375	176	0	0
XM_003322363.2	537	338	0	0
XM_003322364.2	564	365	0	0
XM_003322365.1	984	785	0	0
XM_003322366.2	830	631	0	0
XM_003322367.2	1115	916	28	438.313
XM_003322368.1	495	296	0	0
XM_003322370.1	768	569	0	0
XM_003322371.1	384	185	2	155.017
XM_003322373.2	1735	1536	2	18.6707
XM_003322375.2	399	200	0	0
XM_003322376.2	537	338	1	42.4233
XM_003322377.2	763	564	7	177.967
XM_003322378.2	387	188	0	0
XM_003322379.1	390	191	0	0
XM_003322381.2	1450	1251	2	22.9242
XM_003322382.2	1452	1253	0	0
XM_003322383.1	537	338	0	0
XM_003322387.2	2163	1964	2	14.6019
XM_003322388.2	546	347	2	82.646
XM_003322392.2	1458	1259	2	22.7785
XM_003322393.2	884	685	0	0
XM_003322394.1	1911	1712	0	0
XM_003322398.2	2202	2003	4	28.6352
XM_003322399.2	2181	1982	2.60951	18.8789
XM_003322400.2	2226	2027	0	0
XM_003322401.2	366	167	0	0
XM_003322402.1	648	449	0	0
XM_003322403.2	1627	1428	2	20.0828
XM_003322404.1	363	164	0	0
XM_003322405.1	2106	1907	0	0
XM_003322406.2	3510	3311	3	12.9922
XM_003322407.2	1572	1373	0	0
XM_003322408.2	1820	1621	2	17.6917
XM_003322409.2	768	569	0	0
XM_003322411.2	1967	1768	0	0
XM_003322412.2	1947	1748	3	24.6094
XM_003322413.2	1474	1275	1	11.2463
XM_003322416.2	885	686	0	0
XM_003322417.2	1417	1218	0	0
XM_003322418.1	1059	860	0	0
XM_003322423.2	746	547	0	0
XM_003322427.2	1572	1373	9.81649	102.52
XM_003322428.2	6137	5938	0	0
XM_003322429.2	1917	1718	0	0
XM_003322431.2	1032	833	78	1342.68
XM_003322433.2	1248	1049	0	0
XM_003322434.2	1020	821	0	0
XM_003322435.2	2663	2464	2	11.6389
XM_003322437.2	1959	1760	0	0
XM_003322438.1	2700	2501	0	0
XM_003322439.2	1935	1736	0	0
XM_003322440.2	460	261	0	0
XM_003322441.2	4050	3851	3	11.1704
XM_003322442.2	1681	1482	0	0
XM_003322443.2	2121	1922	1	7.4605
XM_003322444.2	1290	1091	0	0
XM_003322446.1	759	560	0	0
XM_003322447.2	846	647	1	22.1624
XM_003322448.2	579	380	0	0
XM_003322449.2	1236	1037	1	13.8275
XM_003322450.2	1688	1489	7	67.4101
XM_003322451.2	3160	2961	6	29.0559
XM_003322453.2	1702	1503	6	57.2419
XM_003322454.2	1559	1360	0	0
XM_003322455.2	237	39.4185	0	0
XM_003322459.2	450	251	0	0
XM_003322461.2	546	347	0	0
XM_003322462.1	366	167	0	0
XM_003322467.1	591	392	0	0
XM_003322468.2	550	351	0	0
XM_003322470.2	626	427	0	0
XM_003322471.2	3095	2896	4	19.8054
XM_003322472.2	3261	3062	3	14.0487
XM_003322473.2	901	702	0	0
XM_003322474.2	1434	1235	14	162.548
XM_003322476.2	2791	2592	0	0
XM_003322479.1	321	122	0	0
XM_003322482.2	1843	1644	1	8.72207
XM_003322484.2	489	290	0	0
XM_003322488.2	357	158	0	0
XM_003322489.2	1681	1482	1	9.6755
XM_003322491.2	324	125	0	0
XM_003322492.1	528	329	0	0
XM_003322493.2	1411	1212	0	0
XM_003322495.2	1831	1632	0	0
XM_003322497.2	1152	953	0	0
XM_003322498.1	699	500	0	0
XM_003322499.2	2871	2672	9	48.2978
XM_003322502.2	1428	1229	33	385.02
XM_003322503.1	1656	1457	0	0
XM_003322504.2	192	14.0216	0	0
XM_003322506.2	1092	893	0	0
XM_003322509.2	4080	3881	1	3.69469
XM_003322510.2	1316	1117	2	25.6743
XM_003322511.2	1569	1370	0	0
XM_003322512.1	933	734	0	0
XM_003322515.2	1506	1307	0	0
XM_003322516.2	585	386	0	0
XM_003322517.1	1590	1391	0	0
XM_003322518.2	1515	1316	0	0
XM_003322519.2	5872	5673	18	45.4968
XM_003322520.2	1490	1291	9	99.9626
XM_003322521.2	1134	935	4	61.3437
XM_003322522.2	1493	1294	3	33.2436
XM_003322523.2	528	329	0	0
XM_003322524.2	814	615	1	23.3156
XM_003322525.2	1849	1650	0	0
XM_003322526.2	3078	2879	0	0
XM_003322530.2	4495	4296	4	13.3511
XM_003322532.2	1569	1370	0	0
XM_003322533.2	984	785	1	18.2664
XM_003322534.2	234	36.8813	0	0
XM_003322535.1	309	110	0	0
XM_003322536.1	561	362	0	0
XM_003322539.2	698	499	17	488.506
XM_003322540.2	1112	913	33	518.28
XM_003322541.1	1581	1382	0	0
XM_003322544.1	735	536	0	0
XM_003322546.1	2466	2267	0	0
XM_003322547.2	1467	1268	0	0
XM_003322548.2	510	311	0	0
XM_003322549.2	1179	980	3	43.8952
XM_003322550.2	3582	3383	5	21.1929
XM_003322552.2	1501	1302	1	11.0131
XM_003322554.1	522	323	0	0
XM_003322555.2	3247	3048	0	0
XM_003322556.1	387	188	0	0
XM_003322559.2	1882	1683	15	127.799
XM_003322560.2	2618	2419	2	11.8554
XM_003322561.2	624	425	1	33.739
XM_003322562.2	1987	1788	0	0
XM_003322563.2	3381	3182	1	4.50631
XM_003322564.1	510	311	0	0
XM_003322566.2	1940	1741	3.42516	28.21
XM_003322567.2	1603	1404	0	0
XM_003322569.2	1167	968	2.57484	38.1414
XM_003322570.2	1308	1109	0	0
XM_003322571.2	1926	1727	1	8.30289
XM_003322573.1	414	215	0	0
XM_003322574.2	1492	1293	0	0
XM_003322575.2	1602	1403	0	0
XM_003322576.2	406	207	0	0
XM_003322577.1	636	437	2	65.6251
XM_003322580.2	1618	1419	3	30.3152
XM_003322581.2	2220	2021	8	56.7604
XM_003322582.1	1200	1001	0	0
XM_003322583.2	2276	2077	2	13.8075
XM_003322584.2	3450	3251	0	0
XM_003322585.2	3644	3445	1	4.16229
XM_003322591.1	2040	1841	8	62.31
XM_003322592.2	1569	1370	0	0
XM_003322593.1	450	251	6	342.767
XM_003322594.1	483	284	2	100.979
XM_003322596.1	693	494	0	0
XM_003322597.2	945	746	9	172.992
XM_003322599.2	1022	823	1	17.4229
XM_003322600.2	3666	3467	3	12.4076
XM_003322603.1	954	755	0	0
XM_003322604.2	390	191	0	0
XM_003322609.2	477	278	0	0
XM_003322612.2	687	488	2	58.7667
XM_003322613.2	577	378	0	0
XM_003322614.2	1521	1322	1	10.8465
XM_003322615.2	1164	965	0	0
XM_003322616.2	2212	2013	1	7.12324
XM_003322618.2	2208	2009	6	42.8245
XM_003322619.2	432	233	0	0
XM_003322620.1	768	569	0	0
XM_003322621.2	2553	2354	0	0
XM_003322622.2	4318	4119	1	3.48121
XM_003322623.2	1053	854	0	0
XM_003322624.2	873	674	0	0
XM_003322625.2	1135	936	0	0
XM_003322626.2	2070	1871	14	107.294
XM_003322627.2	831	632	0	0
XM_003322629.2	381	182	0	0
XM_003322630.1	408	209	0	0
XM_003322631.2	757	558	0	0
XM_003322632.2	871	672	0	0
XM_003322633.2	4882	4683	2	6.12389
XM_003322635.1	606	407	0	0
XM_003322637.2	2077	1878	2	15.2706
XM_003322638.2	1041	842	0	0
XM_003322639.2	357	158	0	0
XM_003322640.1	396	197	0	0
XM_003322641.2	2979	2780	5	25.7897
XM_003322642.2	585	386	2	74.2958
XM_003322643.1	795	596	0	0
XM_003322644.2	3182	2983	5	24.0347
XM_003322645.2	3379	3180	1	4.50915
XM_003322646.1	2631	2432	0	0
XM_003322647.2	453	254	0	0
XM_003322648.2	1564	1365	2	21.0097
XM_003322649.2	327	128	1	112.024
XM_003322652.2	2860	2661	1	5.38861
XM_003322653.2	2319	2120	3	20.2912
XM_003322654.2	498	299	0	0
XM_003322655.2	4512	4313	4	13.2985
XM_003322656.2	2105	1906	0	0
XM_003322657.2	1151	952	0	0
XM_003322658.2	2022	1823	1	7.86565
XM_003322659.2	2651	2452	7	40.9354
XM_003322660.2	1002	803	5	89.2845
XM_003322661.2	1440	1241	4	46.2178
XM_003322662.2	861	662	5	108.301
XM_003322663.2	2363	2164	8	53.0096
XM_003322664.2	597	398	0	0
XM_003322665.2	2660	2461	7	40.7857
XM_003322666.2	2644	2445	2	11.7293
XM_003322667.2	1343	1144	1	12.5342
XM_003322668.2	904	705	4	81.3565
XM_003322670.2	9623	9424	3	4.56465
XM_003322671.2	1069	870	2	32.9634
XM_003322672.2	651	452	0	0
XM_003322673.2	1560	1361	6	63.2142
XM_003322674.2	2717	2518	10	56.9463
XM_003322675.1	726	527	0	0
XM_003322676.1	732	533	0	0
XM_003322677.2	1725	1526	0	0
XM_003322678.1	975	776	0	0
XM_003322681.2	3415	3216	1	4.45867
XM_003322682.1	2766	2567	2	11.1719
XM_003322685.2	1116	917	1	15.637
XM_003322686.2	4311	4112	1	3.48713
XM_003322690.2	342	143	0	0
XM_003322691.2	3977	3778	7	26.5679
XM_003322692.2	1521	1322	0	0
XM_003322694.2	3111	2912	3	14.7724
XM_003322695.2	669	470	0	0
XM_003322696.1	1860	1661	0.443299	3.82691
XM_003322697.2	2927	2728	2.5567	13.4387
XM_003322699.2	1320	1121	0	0
XM_003322700.2	456	257	0	0
XM_003322701.2	1230	1031	1	13.9079
XM_003322702.2	1748	1549	6	55.542
XM_003322703.1	591	392	0	0
XM_003322704.2	1704	1505	0	0
XM_003322705.2	1399	1200	2	23.8985
XM_003322706.2	1518	1319	1	10.8712
XM_003322707.2	1533	1334	11	118.238
XM_003322708.2	1643	1444	0	0
XM_003322710.2	5034	4835	0	0
XM_003322711.1	300	101	1	141.971
XM_003322712.2	297	98.0001	0	0
XM_003322713.2	423	224	0	0
XM_003322714.1	891	692	0	0
XM_003322715.1	756	557	0	0
XM_003322718.2	1747	1548	3	27.7889
XM_003322719.2	1080	881	0	0
XM_003322720.2	4162	3963	2	7.23648
XM_003322721.2	1090	891	0	0
XM_003322722.2	4023	3824	12	44.9971
XM_003322723.2	906	707	15	304.224
XM_003322724.2	2845	2646	0	0
XM_003322725.2	2122	1923	2	14.9132
XM_003322726.2	1713	1514	3	28.413
XM_003322727.2	441	242	0	0
XM_003322731.2	2905	2706	3	15.897
XM_003322734.2	3122	2923	0	0
XM_003322735.2	2487	2288	12	75.205
XM_003322736.2	5538	5339	9	24.1715
XM_003322738.2	276	77.0053	0	0
XM_003322740.2	1064	865	5	82.8849
XM_003322741.1	2778	2579	2	11.1199
XM_003322742.1	2349	2150	0	0
XM_003322743.2	3384	3185	1	4.50207
XM_003322744.1	357	158	0	0
XM_003322746.1	423	224	0	0
XM_003322748.2	2802	2603	6	33.0521
XM_003322749.2	3423	3224	1	4.44761
XM_003322750.2	1512	1313	0	0
XM_003322751.2	761	562	5	127.572
XM_003322752.2	3723	3524	1	4.06898
XM_003322753.2	2017	1818	0	0
XM_003322754.2	6608	6409	5	11.1867
XM_003322755.1	930	731	0	0
XM_003322756.2	471	272	0	0
XM_003322758.2	3500	3301	0	0
XM_003322759.1	903	704	0	0
XM_003322760.2	3586	3387	3	12.7007
XM_003322761.1	546	347	0	0
XM_003322763.1	1137	938	0	0
XM_003322766.1	837	638	0	0
XM_003322767.1	702	503	0	0
XM_003322770.1	624	425	0	0
XM_003322771.2	588	389	0	0
XM_003322772.2	2207	2008	7	49.9869
XM_003322773.2	830	631	2	45.4488
XM_003322774.2	1755	1556	0	0
XM_003322775.2	1101	902	0	0
XM_003322776.2	513	314	0	0
XM_003322780.2	1869	1670	0	0
XM_003322781.2	2537	2338	23	141.06
XM_003322782.2	1087	888	0	0
XM_003322784.2	501	302	0	0
XM_003322785.2	1752	1553	6	55.3989
XM_003322786.1	1095	896	0	0
XM_003322788.2	2322	2123	18	121.575
XM_003322789.1	381	182	0	0
XM_003322790.2	8162	7963	10	18.0071
XM_003322791.2	1795	1596	0	0
XM_003322792.2	2088	1889	3	22.7725
XM_003322794.2	1851	1652	4	34.7193
XM_003322796.2	581	382	0	0
XM_003322798.2	1458	1259	1	11.3893
XM_003322799.2	1716	1517	7	66.1659
XM_003322800.2	567	368	0	0
XM_003322801.2	2079	1880	4	30.5087
XM_003322802.2	546	347	0	0
XM_003322804.2	4783	4584	6	18.7684
XM_003322805.2	1490	1291	7	77.7487
XM_003322806.2	1326	1127	1	12.7232
XM_003322812.2	4071	3872	1	3.70328
XM_003322815.2	931	732	7.72932	151.409
XM_003322818.2	993	794	4	72.2372
XM_003322819.2	282	83.0016	1	172.757
XM_003322820.2	3881	3682	1	3.89437
XM_003322822.2	2164	1965	1	7.29725
XM_003322823.2	1405	1206	0	0
XM_003322824.2	1881	1682	0	0
XM_003322825.1	324	125	0	0
XM_003322826.2	838	639	0	0
XM_003322827.2	1118	919	0	0
XM_003322829.2	2695	2496	3.75668	21.5815
XM_003322834.1	522	323	0	0
XM_003322835.1	798	599	0	0
XM_003322836.2	312	113	0	0
XM_003322837.2	1658	1459	0	0
XM_003322838.2	4343	4144	2	6.92041
XM_003322840.2	1419	1220	0	0
XM_003322841.2	1242	1043	0	0
XM_003322842.1	510	311	0	0
XM_003322848.2	1407	1208	35	415.454
XM_003322850.2	1123	924	2	31.037
XM_003322851.2	711	512	4	112.024
XM_003322853.2	842	643	0	0
XM_003322854.2	2113	1914	0	0
XM_003322855.2	1368	1169	2	24.5322
XM_003322856.2	1728	1529	0	0
XM_003322860.2	1655	1456	0	0
XM_003322862.2	1785	1586	0	0
XM_003322863.2	2328	2129	4	26.9405
XM_003322864.2	813	614	5	116.768
XM_003322865.2	2451	2252	1	6.36727
XM_003322867.2	2505	2306	1	6.21816
XM_003322868.1	3177	2978	0	0
XM_003322869.2	2607	2408	2	11.9095
XM_003322870.2	2294	2095	2	13.6889
XM_003322871.1	315	116	0	0
XM_003322873.2	2814	2615	0	0
XM_003322874.2	2834	2635	0	0
XM_003322876.1	345	146	0	0
XM_003322881.2	1317	1118	0	0
XM_003322883.1	576	377	0	0
XM_003322884.2	4174	3975	27.3063	98.5025
XM_003322885.2	1467	1268	0	0
XM_003322889.2	555	356	0	0
XM_003322890.2	1202	1003	0	0
XM_003322891.2	3193	2994	10	47.8927
XM_003322892.2	1707	1508	3	28.526
XM_003322893.2	699	500	0	0
XM_003322894.2	414	215	1	66.6934
XM_003322895.2	1015	816	33	579.89
XM_003322896.2	651	452	5	158.618
XM_003322897.2	1018	819	0	0
XM_003322898.2	7523	7324	4	7.83129
XM_003322900.2	1914	1715	0	0
XM_003322903.2	1605	1406	1	10.1985
XM_003322904.2	2227	2028	10	70.7056
XM_003322905.2	1950	1751	5	40.9454
XM_003322906.2	1864	1665	5	43.0603
XM_003322907.2	1315	1116	2	25.6973
XM_003322908.2	1771	1572	2	18.2431
XM_003322916.1	648	449	0	0
XM_003322917.2	540	341	0	0
XM_003322919.2	417	218	2	131.551
XM_003322920.1	1221	1022	0	0
XM_003322921.2	4052	3853	0	0
XM_003322923.2	2468	2269	2	12.6391
XM_003322925.2	447	248	6	346.913
XM_003322926.2	1324	1125	5	63.7293
XM_003322929.1	297	98.0001	0	0
XM_003322934.2	1049	850	1	16.8695
XM_003322935.2	1337	1138	1	12.6003
XM_003322936.2	618	419	0	0
XM_003322937.2	1754	1555	4	36.8851
XM_003322938.2	1179	980	0	0
XM_003322939.2	1117	918	2	31.2398
XM_003322940.2	1326	1127	0	0
XM_003322941.2	1713	1514	0	0
XM_003322943.2	3068	2869	1	4.99794
XM_003322944.2	2117	1918	7	52.3324
XM_003322946.2	1179	980	0	0
XM_003322947.1	774	575	0	0
XM_003322950.2	1102	903	1	15.8794
XM_003322951.2	1802	1603	13	116.287
XM_003322952.2	2877	2678	1	5.3544
XM_003322953.2	1066	867	0	0
XM_003322954.2	968	769	0	0
XM_003322955.1	873	674	0	0
XM_003322956.1	633	434	0	0
XM_003322958.1	1431	1232	0	0
XM_003322959.2	1986	1787	0	0
XM_003322960.2	4728	4529	3.75842	11.8994
XM_003322965.2	928	729	1	19.6695
XM_003322966.2	1147	948	7	105.879
XM_003322967.2	1427	1228	13	151.798
XM_003322969.1	978	779	0	0
XM_003322970.2	633	434	0	0
XM_003322971.2	1152	953	0	0
XM_003322972.1	552	353	0	0
XM_003322974.1	321	122	0	0
XM_003322975.2	321	122	0	0
XM_003322976.2	1785	1586	0	0
XM_003322977.2	2124	1925	2	14.8978
XM_003322978.2	765	566	0	0
XM_003322979.2	2213	2014	2	14.2394
XM_003322980.2	2451	2252	0	0
XM_003322981.2	1832	1633	2	17.5616
XM_003322982.2	1068	869	0	0
XM_003322984.1	357	158	0	0
XM_003322985.2	1248	1049	4	54.6772
XM_003322986.2	370	171	0	0
XM_003322987.2	2208	2009	11	78.5117
XM_003322989.2	1106	907	2	31.6187
XM_003322991.1	477	278	0	0
XM_003322995.2	567	368	3	116.895
XM_003322996.2	1779	1580	4	36.3015
XM_003322997.2	1881	1682	2	17.05
XM_003322998.2	1032	833	5	86.0689
XM_003322999.2	1056	857	2	33.4634
XM_003323001.2	1540	1341	0	0
XM_003323002.2	1523	1324	1	10.8301
XM_003323003.2	2356	2157	11	73.1247
XM_003323004.2	1151	952	0	0
XM_003323005.2	2178	1979	1	7.24562
XM_003323006.2	474	275	0	0
XM_003323007.2	576	377	2	76.0694
XM_003323008.2	2892	2693	0	0
XM_003323010.2	1747	1548	0	0
XM_003323012.1	711	512	0	0
XM_003323013.2	1302	1103	0	0
XM_003323014.2	933	734	20	390.711
XM_003323020.1	315	116	0	0
XM_003323021.2	645	446	6	192.903
XM_003323022.2	1317	1118	2	25.6513
XM_003323023.1	324	125	2	229.425
XM_003323024.2	1370	1171	0	0
XM_003323025.2	1523	1324	6	64.9808
XM_003323026.2	2063	1864	9	69.2338
XM_003323027.1	1722	1523	0	0
XM_003323028.1	543	344	0	0
XM_003323031.2	768	569	0	0
XM_003323033.2	852	653	0	0
XM_003323034.2	1149	950	0	0
XM_003323035.2	1212	1013	0	0
XM_003323036.1	2310	2111	0	0
XM_003323037.1	1203	1004	0	0
XM_003323038.1	921	722	0	0
XM_003323039.2	777	578	0	0
XM_003323043.2	357	158	0	0
XM_003323044.1	528	329	0	0
XM_003323046.1	1095	896	0	0
XM_003323047.2	278	79.0036	0	0
XM_003323051.1	807	608	0	0
XM_003323052.2	753	554	0	0
XM_003323053.2	7206	7007	9	18.4176
XM_003323054.2	435	236	0	0
XM_003323056.2	1122	923	1	15.5353
XM_003323057.2	2081	1882	1	7.61907
XM_003323058.2	2385	2186	4	26.238
XM_003323059.1	333	134	3	321.024
XM_003323060.1	918	719	1	19.9431
XM_003323062.2	5493	5294	1	2.70855
XM_003323063.2	891	692	6	124.327
XM_003323064.2	657	458	0	0
XM_003323065.2	1946	1747	7	57.4548
XM_003323066.2	2349	2150	0	0
XM_003323067.2	3323	3124	2.78527	12.7843
XM_003323068.2	1406	1207	3.76064	44.6761
XM_003323069.2	915	716	0	0
XM_003323070.2	570	371	6	231.899
XM_003323071.2	2764	2565	2	11.1806
XM_003323073.2	2168	1969	12	87.389
XM_003323074.2	2144	1945	4	29.4891
XM_003323075.2	1611	1412	0	0
XM_003323077.2	1883	1684	3	25.5447
XM_003323078.2	850	651	30	660.787
XM_003323079.2	867	668	0	0
XM_003323080.2	756	557	1	25.7434
XM_003323081.2	2052	1853	0	0
XM_003323082.2	327	128	0	0
XM_003323084.1	846	647	0	0
XM_003323085.2	1626	1427	0	0
XM_003323086.2	5307	5108	1	2.80718
XM_003323087.1	768	569	0	0
XM_003323088.2	351	152	0	0
XM_003323089.2	1479	1280	0	0
XM_003323090.2	1473	1274	0	0
XM_003323092.2	1236	1037	0	0
XM_003323093.2	5353	5154	1	2.78213
XM_003323098.2	1553	1354	0	0
XM_003323099.2	2304	2105	4	27.2477
XM_003323100.2	1251	1052	0	0
XM_003323101.2	690	491	0	0
XM_003323102.2	972	773	0	0
XM_003323105.1	546	347	0	0
XM_003323106.2	1132	933	26	399.589
XM_003323107.1	369	170	0	0
XM_003323110.2	1665	1466	0	0
XM_003323112.2	909	710	0	0
XM_003323113.2	964	765	7	131.207
XM_003323114.2	1694	1495	1	9.59136
XM_003323115.2	1107	908	1	15.7919
XM_003323116.2	321	122	10	1175.33
XM_003323117.2	1206	1007	8	113.915
XM_003323118.2	873	674	3	63.8238
XM_003323120.1	618	419	0	0
XM_003323121.2	2009	1810	5	39.6107
XM_003323122.2	2883	2684	1	5.34243
XM_003323127.1	540	341	0	0
XM_003323129.2	1948	1749	2	16.3969
XM_003323130.2	2135	1936	10	74.0655
XM_003323132.1	1425	1226	0	0
XM_003323134.1	1803	1604	0	0
XM_003323135.2	716	517	305	8459.23
XM_003323136.2	519	320	1	44.8096
XM_003323137.2	437	238	157	9458.98
XM_003323141.2	1853	1654	2	17.3387
XM_003323142.1	876	677	0	0
XM_003323143.2	804	605	4.99095	118.29
XM_003323144.2	462	263	0	0
XM_003323146.1	597	398	0	0
XM_003323148.2	990	791	2	36.2556
XM_003323150.2	1817	1618	0	0
XM_003323151.2	2759	2560	45	252.054
XM_003323152.2	363	164	0	0
XM_003323153.2	474	275	0	0
XM_003323154.1	768	569	0	0
XM_003323155.1	327	128	0	0
XM_003323156.2	618	419	0	0
XM_003323160.1	705	506	0	0
XM_003323163.2	438	239	0	0
XM_003323164.1	801	602	0	0
XM_003323165.2	342	143	0	0
XM_003323167.1	1854	1655	0	0
XM_003323168.2	1923	1724	0	0
XM_003323170.1	1803	1604	0	0
XM_003323171.1	930	731	0	0
XM_003323172.2	2030	1831	6	46.9877
XM_003323173.2	369	170	0	0
XM_003323174.2	2242	2043	1	7.01864
XM_003323175.2	1387	1188	0	0
XM_003323180.2	4663	4464	1	3.21216
XM_003323181.2	2262	2063	2	13.9012
XM_003323182.2	2573	2374	4	24.1602
XM_003323183.1	2442	2243	0	0
XM_003323187.1	2613	2414	0	0
XM_003323189.2	498	299	0	0
XM_003323190.2	2644	2445	1	5.86466
XM_003323191.2	1344	1145	0	0
XM_003323192.2	1716	1517	2	18.9045
XM_003323193.2	1776	1577	0	0
XM_003323194.2	1562	1363	1	10.5202
XM_003323195.2	1860	1661	9	77.6952
XM_003323196.2	1365	1166	1	12.2977
XM_003323197.1	369	170	0	0
XM_003323199.2	1328	1129	2	25.4014
XM_003323200.2	1965	1766	1	8.11953
XM_003323201.1	957	758	0	0
XM_003323202.2	3836	3637	2	7.88512
XM_003323203.2	643	444	0	0
XM_003323204.2	3266	3067	5	23.3764
XM_003323205.2	1368	1169	0	0
XM_003323206.2	4335	4136	0	0
XM_003323207.2	461	262	0	0
XM_003323209.2	1346	1147	2	25.0028
XM_003323210.2	818	619	33	764.442
XM_003323211.2	570	371	9	347.848
XM_003323212.2	969	770	0	0
XM_003323213.1	279	80.003	0	0
XM_003323214.2	945	746	0	0
XM_003323215.2	1100	901	1	15.9146
XM_003323216.2	1612	1413	4	40.5919
XM_003323217.2	684	485	1	29.5651
XM_003323218.2	1922	1723	0	0
XM_003323219.2	333	134	0	0
XM_003323225.2	1056	857	23	384.83
XM_003323226.2	378	179	0	0
XM_003323228.2	1995	1796	3	23.9517
XM_003323229.2	2135	1936	4	29.6262
XM_003323230.2	3415	3216	0	0
XM_003323231.2	2966	2767	10	51.8218
XM_003323233.2	1530	1331	0	0
XM_003323234.2	1888	1689	3	25.4691
XM_003323235.2	780	581	0	0
XM_003323236.2	383	184	0	0
XM_003323237.1	771	572	0	0
XM_003323238.2	1068	869	3	49.502
XM_003323239.2	3413	3214	0	0
XM_003323240.2	1710	1511	0	0
XM_003323242.2	1636	1437	0	0
XM_003323243.2	2767	2568	2	11.1675
XM_003323244.2	2561	2362	0	0
XM_003323247.2	405	206	0	0
XM_003323248.2	4278	4079	1	3.51534
XM_003323249.2	2376	2177	2	13.1733
XM_003323251.2	1001	802	1	17.8792
XM_003323254.1	699	500	0	0
XM_003323255.1	309	110	0	0
XM_003323256.2	1495	1296	0	0
XM_003323259.2	4036	3837	3	11.2112
XM_003323260.2	2046	1847	0	0
XM_003323261.2	1176	977	1	14.6766
XM_003323262.2	1926	1727	6	49.8173
XM_003323265.2	897	698	1.91208	39.2801
XM_003323268.2	243	44.7603	0	0
XM_003323269.2	2220	2021	40	283.802
XM_003323272.2	838	639	2.08792	46.8526
XM_003323274.2	183	11.741	0	0
XM_003323275.2	5279	5080	5	14.1133
XM_003323276.2	707	508	11	310.492
XM_003323277.2	2110	1911	2	15.0069
XM_003323278.1	462	263	0	0
XM_003323279.2	5448	5249	1	2.73177
XM_003323280.2	1551	1352	61	646.956
XM_003323281.2	1059	860	0	0
XM_003323282.2	665	466	0	0
XM_003323283.1	1287	1088	0	0
XM_003323284.2	1201	1002	5	71.5523
XM_003323285.2	2228	2029	124	876.317
XM_003323286.1	135	5.87326	0	0
XM_003323289.1	486	287	1	49.962
XM_003323290.2	4020	3821	0	0
XM_003323292.2	4988	4789	3	8.98251
XM_003323293.2	1876	1677	0	0
XM_003323295.2	2189	1990	8	57.6446
XM_003323296.1	741	542	0	0
XM_003323298.2	924	725	0	0
XM_003323299.2	1503	1304	0	0
XM_003323300.1	825	626	0	0
XM_003323301.2	1349	1150	99	1234.41
XM_003323302.2	749	550	0	0
XM_003323303.2	2884	2685	0	0
XM_003323304.1	1248	1049	2	27.3386
XM_003323305.2	7113	6914	6	12.4435
XM_003323310.2	3713	3514	0	0
XM_003323311.2	2936	2737	3	15.7169
XM_003323313.1	462	263	0	0
XM_003323315.2	1657	1458	17	167.191
XM_003323317.1	1218	1019	8	112.574
XM_003323318.2	423	224	0	0
XM_003323320.1	501	302	0	0
XM_003323321.2	345	146	0	0
XM_003323323.2	309	110	0	0
XM_003323324.2	603	404	0	0
XM_003323325.2	591	392	0	0
XM_003323327.2	1749	1550	5	46.2551
XM_003323328.2	2244	2045	2	14.0236
XM_003323329.2	1305	1106	3	38.8944
XM_003323332.2	2604	2405	7	41.7354
XM_003323334.2	1368	1169	0	0
XM_003323335.2	768	569	0	0
XM_003323336.1	426	227	0	0
XM_003323338.2	1365	1166	0	0
XM_003323339.2	486	287	0	0
XM_003323340.2	1923	1724	2	16.6347
XM_003323341.2	1164	965	0	0
XM_003323344.2	2757	2558	4	22.4223
XM_003323345.2	2664	2465	2	11.6341
XM_003323346.2	1140	941	1	15.2381
XM_003323348.1	2589	2390	0	0
XM_003323349.2	1236	1037	0	0
XM_003323350.1	492	293	0	0
XM_003323353.2	2187	1988	1.95108e-06	1.40728e-05
XM_003323354.2	1390	1191	4	48.1581
XM_003323355.2	2728	2529	2	11.3397
XM_003323356.2	801	602	0	0
XM_003323357.2	1308	1109	8	103.438
XM_003323359.2	417	218	0	0
XM_003323360.2	1156	957	1	14.9834
XM_003323361.2	1466	1267	2	22.6347
XM_003323362.2	1811	1612	0	0
XM_003323363.2	1910	1711	0	0
XM_003323364.2	345	146	0	0
XM_003323365.2	1665	1466	24	234.746
XM_003323366.2	2737	2538	2	11.2995
XM_003323367.2	2726	2527	3	17.0231
XM_003323370.2	1098	899	0	0
XM_003323371.2	1685	1486	90	868.451
XM_003323374.2	1572	1373	11	114.88
XM_003323375.2	1521	1322	7	75.9256
XM_003323378.2	1101	902	0	0
XM_003323381.2	453	254	0.714286	40.3236
XM_003323382.1	1122	923	0	0
XM_003323386.2	831	632	2	45.3769
XM_003323387.2	1903	1704	0	0
XM_003323388.2	1155	956	18	269.983
XM_003323389.2	1002	803	0	0
XM_003323390.2	924	725	16	316.449
XM_003323391.2	847	648	0	0
XM_003323393.2	402	203	0	0
XM_003323395.1	561	362	0	0
XM_003323396.2	1167	968	0	0
XM_003323400.2	737	538	0	0
XM_003323401.2	524	325	4	176.481
XM_003323402.2	1539	1340	2	21.4016
XM_003323403.2	1894	1695	4	33.8386
XM_003323404.2	498	299	0	0
XM_003323405.2	1472	1273	0	0
XM_003323406.2	363	164	0	0
XM_003323407.2	1509	1310	0	0
XM_003323408.2	1246	1047	0	0
XM_003323409.2	2789	2590	7	38.7543
XM_003323412.1	843	644	0	0
XM_003323413.2	1746	1547	0	0
XM_003323414.2	823	624	0	0
XM_003323415.2	878	679	6	126.708
XM_003323419.2	1820	1621	0	0
XM_003323420.2	489	290	0	0
XM_003323421.1	1443	1244	0	0
XM_003323422.2	894	695	0	0
XM_003323423.2	1520	1321	3	32.5642
XM_003323426.2	2060	1861	17	130.986
XM_003323427.2	321	122	0	0
XM_003323428.1	1542	1343	0	0
XM_003323429.2	1176	977	0	0
XM_003323434.1	459	260	0	0
XM_003323436.2	1074	875	0	0
XM_003323437.2	1466	1267	3	33.9521
XM_003323438.1	174	9.99669	0	0
XM_003323439.2	1191	992	0	0
XM_003323444.2	363	164	0	0
XM_003323445.1	474	275	0	0
XM_003323447.2	774	575	0	0
XM_003323449.1	531	332	0	0
XM_003323451.1	360	161	0	0
XM_003323452.1	1308	1109	0	0
XM_003323453.2	219	25.9389	0	0
XM_003323455.2	1278	1079	0	0
XM_003323456.1	360	161	0	0
XM_003323459.1	306	107	0	0
XM_003323460.2	769	570	0	0
XM_003323461.2	1092	893	0	0
XM_003323462.2	1231	1032	0	0
XM_003323463.2	1434	1235	0	0
XM_003323464.2	1104	905	0	0
XM_003323465.2	744	545	5.12403	134.814
XM_003323466.2	900	701	0	0
XM_003323467.2	2203	2004	3.07598	22.0093
XM_003323468.2	747	548	0	0
XM_003323469.1	1017	818	0	0
XM_003323470.1	549	350	0	0
XM_003323471.2	3768	3569	3.65959	14.703
XM_003323472.2	3319	3120	2.39834	11.0224
XM_003323473.2	655	456	0	0
XM_003323474.2	564	365	0	0
XM_003323477.2	219	25.9389	1	552.803
XM_003323478.2	786	587	0	0
XM_003323479.2	1766	1567	4	36.6026
XM_003323480.2	849	650	0	0
XM_003323483.2	2192	1993	3	21.5842
XM_003323484.2	2263	2064	0	0
XM_003323485.1	1812	1613	0	0
XM_003323487.1	1305	1106	0	0
XM_003323489.1	282	83.0016	0	0
XM_003323491.1	663	464	0	0
XM_003323493.2	579	380	0	0
XM_003323494.2	1104	905	0	0
XM_003323495.2	798	599	0	0
XM_003323496.2	2700	2501	0	0
XM_003323497.2	1335	1136	0	0
XM_003323502.2	597	398	0	0
XM_003323503.1	2358	2159	0	0
XM_003323504.2	375	176	0	0
XM_003323506.2	357	158	1	90.7537
XM_003323508.2	661	462	0	0
XM_003323511.2	1797	1598	0	0
XM_003323512.1	312	113	0	0
XM_003323513.2	341	142	0	0
XM_003323515.2	1261	1062	6	81.0118
XM_003323517.2	949	750	2	38.2376
XM_003323518.2	459	260	0	0
XM_003323519.1	951	752	0	0
XM_003323523.2	2014	1815	5	39.5016
XM_003323524.2	3842	3643	0	0
XM_003323527.2	592	393	2	72.9725
XM_003323528.2	1538	1339	1	10.7088
XM_003323529.2	1920	1721	2	16.6637
XM_003323530.2	813	614	0	0
XM_003323531.1	3297	3098	2	9.257
XM_003323532.1	1335	1136	0	0
XM_003323533.2	966	767	0	0
XM_003323534.1	1005	806	0	0
XM_003323535.2	2824	2625	7	38.2376
XM_003323538.2	1939	1740	76	626.305
XM_003323539.1	465	266	0	0
XM_003323541.2	1851	1652	3	26.0395
XM_003323542.1	657	458	0	0
XM_003323543.2	1497	1298	1	11.0471
XM_003323544.2	1673	1474	0	0
XM_003323545.2	3199	3000	13	62.136
XM_003323547.2	2302	2103	5	34.092
XM_003323550.2	1092	893	0	0
XM_003323551.2	333	134	0	0
XM_003323552.1	702	503	0	0
XM_003323554.1	645	446	0	0
XM_003323556.1	612	413	0	0
XM_003323561.2	276	77.0053	0	0
XM_003323563.2	4173	3974	0	0
XM_003323568.2	489	290	0	0
XM_003323569.2	219	25.9389	0	0
XM_003323572.1	669	470	0	0
XM_003323577.2	462	263	0	0
XM_003323579.2	1056	857	0	0
XM_003323580.1	1077	878	0	0
XM_003323582.2	741	542	0	0
XM_003323583.2	297	98.0001	0	0
XM_003323584.2	522	323	0	0
XM_003323585.1	1227	1028	0	0
XM_003323587.2	1332	1133	0	0
XM_003323588.1	1104	905	0	0
XM_003323589.2	330	131	0	0
XM_003323590.2	369	170	0	0
XM_003323591.1	426	227	0	0
XM_003323592.2	1062	863	0	0
XM_003323594.1	630	431	0	0
XM_003323602.1	753	554	0	0
XM_003323603.2	324	125	0	0
XM_003323605.2	4704	4505	9	28.6463
XM_003323608.2	591	392	3	109.738
XM_003323609.2	1861	1662	7	60.3933
XM_003323612.2	1641	1442	3	29.8317
XM_003323613.2	1320	1121	0	0
XM_003323615.2	1485	1286	0	0
XM_003323616.2	780	581	3	74.04
XM_003323617.2	2288	2089	8	54.9127
XM_003323620.2	1562	1363	4	42.081
XM_003323621.2	1630	1431	0	0
XM_003323623.2	1188	989	0	0
XM_003323625.2	4410	4211	0	0
XM_003323626.2	2005	1806	4	31.7588
XM_003323627.2	1705	1506	0	0
XM_003323629.1	333	134	0	0
XM_003323630.2	729	530	0	0
XM_003323631.2	728	529	9	243.954
XM_003323632.2	308	109	0	0
XM_003323633.1	312	113	0	0
XM_003323634.2	297	98.0001	0	0
XM_003323635.2	3727	3528	6	24.3862
XM_003323636.2	601	402	0	0
XM_003323637.2	1676	1477	1	9.70825
XM_003323638.1	645	446	0	0
XM_003323639.1	1077	878	11	179.647
XM_003323640.2	1590	1391	4	41.2339
XM_003323642.1	774	575	0	0
XM_003323646.2	2942	2743	2	10.455
XM_003323650.1	624	425	0	0
XM_003323651.2	619	420	0	0
XM_003323652.2	2115	1916	1	7.48387
XM_003323655.2	542	343	0	0
XM_003323657.2	2940	2741	0	0
XM_003323658.1	354	155	0	0
XM_003323659.2	360	161	0	0
XM_003323660.2	2010	1811	12	95.0133
XM_003323661.2	1836	1637	0	0
XM_003323662.2	598	399	0	0
XM_003323663.1	1527	1328	0	0
XM_003323666.2	648	449	0	0
XM_003323667.1	2244	2045	0	0
XM_003323672.2	1392	1193	0	0
XM_003323673.2	2826	2627	0	0
XM_003323674.1	1536	1337	0	0
XM_003323675.2	813	614	0	0
XM_003323676.2	3231	3032	0	0
XM_003323677.2	439	240	0	0
XM_003323678.2	1012	813	4	70.549
XM_003323680.2	1773	1574	3	27.3299
XM_003323681.2	2163	1964	1	7.30096
XM_003323687.2	5625	5426	1	2.64266
XM_003323689.1	2070	1871	0	0
XM_003323690.2	1310	1111	0	0
XM_003323691.1	843	644	1	22.2657
XM_003323696.2	348	149	0	0
XM_003323697.2	2439	2240	0	0
XM_003323698.2	3506	3307	8	34.6878
XM_003323699.2	1368	1169	0	0
XM_003323700.2	282	83.0016	0	0
XM_003323702.1	1719	1520	0	0
XM_003323703.2	1854	1655	3	25.9923
XM_003323704.2	1529	1330	4	43.1251
XM_003323705.2	831	632	1	22.6884
XM_003323706.2	2588	2389	0	0
XM_003323707.2	1426	1227	2	23.3726
XM_003323709.2	1065	866	6	99.347
XM_003323711.2	813	614	0	0
XM_003323712.2	510	311	0	0
XM_003323713.1	489	290	0	0
XM_003323714.2	527	328	1	43.7167
XM_003323715.2	4080	3881	2	7.38938
XM_003323716.1	330	131	0	0
XM_003323717.2	1172	973	2	29.474
XM_003323718.2	2572	2373	0	0
XM_003323719.2	1092	893	0	0
XM_003323720.1	339	140	0	0
XM_003323722.2	756	557	0	0
XM_003323725.2	1636	1437	0.00749812	0.0748199
XM_003323727.1	720	521	0	0
XM_003323728.2	1605	1406	0	0
XM_003323729.2	725	526	3	81.7819
XM_003323730.2	1830	1631	31	272.539
XM_003323732.1	372	173	0	0
XM_003323738.2	486	287	0	0
XM_003323740.2	1385	1186	8	96.7223
XM_003323741.2	1772	1573	4	36.463
XM_003323745.1	1599	1400	0	0
XM_003323746.2	543	344	0	0
XM_003323747.1	333	134	0	0
XM_003323749.2	3655	3456	5	20.7452
XM_003323750.1	408	209	0	0
XM_003323751.2	2710	2511	5	28.5525
XM_003323753.2	1278	1079	2	26.5785
XM_003323755.2	488	289	0	0
XM_003323756.1	402	203	0	0
XM_003323758.2	1872	1673	0	0
XM_003323763.1	1299	1100	0	0
XM_003323764.2	2179	1980	22	159.323
XM_003323767.2	1520	1321	3	32.5642
XM_003323768.2	1755	1556	0	0
XM_003323770.2	501	302	8	379.843
XM_003323771.2	1935	1736	2	16.5197
XM_003323772.2	856	657	2	43.6502
XM_003323773.2	1722	1523	0	0
XM_003323775.2	1914	1715	0	0
XM_003323776.2	1128	929	6	92.6098
XM_003323777.1	861	662	1	21.6603
XM_003323780.2	787	588	0	0
XM_003323784.1	417	218	0	0
XM_003323785.2	2115	1916	1	7.48387
XM_003323786.2	2523	2324	10	61.7
XM_003323787.1	600	401	4	143.033
XM_003323789.2	1321	1122	1	12.7799
XM_003323791.2	429	230	0	0
XM_003323792.2	249	50.3754	0	0
XM_003323793.1	330	131	0	0
XM_003323794.2	540	341	0	0
XM_003323795.2	2429	2230	9.57854	61.5908
XM_003323799.1	315	116	0	0
XM_003323801.2	1915	1716	1.51708	12.6769
XM_003323802.2	793	594	0	0
XM_003323804.2	839	640	0	0
XM_003323805.2	2216	2017	1.78609	12.6975
XM_003323807.2	1331	1132	0	0
XM_003323808.2	383	184	0	0
XM_003323809.2	744	545	0	0
XM_003323811.2	1930	1731	7	57.9859
XM_003323814.2	363	164	0	0
XM_003323817.2	414	215	0	0
XM_003323818.2	228	32.1317	0	0
XM_003323819.2	321	122	0	0
XM_003323820.2	1991	1792	2	16.0034
XM_003323822.2	493	294	0	0
XM_003323824.2	913	714	0	0
XM_003323826.2	273	74.0093	0	0
XM_003323827.1	1194	995	0	0
XM_003323829.1	2646	2447	0	0
XM_003323831.2	1230	1031	0	0
XM_003323832.1	1206	1007	0	0
XM_003323833.2	760	561	0	0
XM_003323837.2	8472	8273	4	6.93296
XM_003323840.2	796	597	1	24.0186
XM_003323841.1	309	110	0	0
XM_003323842.2	3264	3065	0	0
XM_003323843.1	603	404	0	0
XM_003323844.2	932	733	5.32	104.071
XM_003323845.2	1086	887	13.68	221.148
XM_003323846.2	2351	2152	0	0
XM_003323848.2	255	56.1701	0	0
XM_003323850.1	867	668	0	0
XM_003323852.2	465	266	0	0
XM_003323853.2	1921	1722	3	24.981
XM_003323856.2	566	367	0	0
XM_003323857.2	2907	2708	7	37.0656
XM_003323859.2	174	9.99669	0	0
XM_003323860.2	1347	1148	2	24.981
XM_003323861.2	462	263	0	0
XM_003323863.2	411	212	0	0
XM_003323866.1	1632	1433	8	80.0507
XM_003323867.1	387	188	0	0
XM_003323870.1	300	101	0	0
XM_003323871.2	669	470	0	0
XM_003323873.2	930	731	0	0
XM_003323877.2	1260	1061	0	0
XM_003323878.2	1204	1005	0	0
XM_003323879.1	570	371	0	0
XM_003323885.2	424	225	0	0
XM_003323888.1	867	668	0	0
XM_003323889.2	2790	2591	4	22.1368
XM_003323892.1	1254	1055	0	0
XM_003323893.2	504	305	0	0
XM_003323894.1	486	287	0	0
XM_003323895.2	1152	953	0	0
XM_003323896.2	629	430	0	0
XM_003323897.2	348	149	0	0
XM_003323901.2	2154	1955	0	0
XM_003323904.1	2058	1859	0	0
XM_003323905.2	903	704	0	0
XM_003323906.2	3036	2837	5	25.2716
XM_003323907.2	2109	1910	1	7.50738
XM_003323910.2	1277	1078	0	0
XM_003323911.2	1319	1120	0	0
XM_003323912.2	219	25.9389	0	0
XM_003323913.2	1264	1065	0	0
XM_003323915.2	267	68.0268	0	0
XM_003323916.2	792	593	0	0
XM_003323918.1	1389	1190	0	0
XM_003323919.2	1560	1361	0	0
XM_003323921.2	3007	2808	0	0
XM_003323922.2	2357	2158	1	6.64462
XM_003323926.1	738	539	0	0
XM_003323927.1	432	233	0	0
XM_003323930.2	1210	1011	1	14.1831
XM_003323931.2	1414	1215	2	23.6034
XM_003323932.2	1434	1235	0	0
XM_003323933.1	1209	1010	1	14.1971
XM_003323934.1	546	347	0	0
XM_003323935.1	546	347	0	0
XM_003323936.2	1470	1271	1	11.2817
XM_003323938.1	657	458	0	0
XM_003323940.1	762	563	0	0
XM_003323941.2	1192	993	0	0
XM_003323943.2	1451	1252	0	0
XM_003323944.1	723	524	0	0
XM_003323945.2	2932	2733	1	5.24665
XM_003323946.2	5563	5364	4	10.6928
XM_003323947.1	546	347	0	0
XM_003323951.2	1244	1045	4	54.8865
XM_003323955.2	1647	1448	0	0
XM_003323956.2	675	476	0	0
XM_003323957.1	408	209	0	0
XM_003323958.2	360	161	0	0
XM_003323959.2	588	389	2	73.7228
XM_003323960.2	1476	1277	0	0
XM_003323964.1	270	71.016	0	0
XM_003323965.1	1539	1340	0	0
XM_003323966.2	645	446	0	0
XM_003323967.2	1193	994	0	0
XM_003323969.2	1776	1577	1	9.09264
XM_003323970.2	1305	1106	11	142.613
XM_003323972.1	327	128	0	0
XM_003323975.2	486	287	0	0
XM_003323976.2	3777	3578	0	0
XM_003323977.2	1392	1193	0	0
XM_003323978.1	624	425	0	0
XM_003323979.1	1359	1160	0	0
XM_003323980.2	621	422	0	0
XM_003323981.2	1054	855	0	0
XM_003323985.2	2472	2273	30	189.253
XM_003323986.2	1354	1155	0	0
XM_003323987.2	2027	1828	2	15.6883
XM_003323988.2	2568	2369	0	0
XM_003323989.2	4833	4634	3	9.28296
XM_003323992.2	1888	1689	2	16.9794
XM_003323993.2	923	724	0	0
XM_003323994.1	351	152	0	0
XM_003323997.2	3204	3005	5	23.8587
XM_003323998.2	1044	845	2	33.9387
XM_003323999.2	702	503	2	57.0143
XM_003324000.2	561	362	112	4436.4
XM_003324002.2	908	709	103.242	2088
XM_003324003.1	2109	1910	1	7.50738
XM_003324004.2	504	305	2	94.0268
XM_003324006.2	1363	1164	0	0
XM_003324007.2	671	472	0	0
XM_003324009.2	920	721	0	0
XM_003324010.2	4917	4718	2	6.07846
XM_003324011.2	598	399	5	179.688
XM_003324012.2	1089	890	0	0
XM_003324013.2	554	355	0	0
XM_003324014.2	594	395	0	0
XM_003324022.2	618	419	0	0
XM_003324023.2	1296	1097	0	0
XM_003324024.2	3286	3087	3	13.935
XM_003324027.2	4715	4516	3	9.52552
XM_003324028.1	522	323	0	0
XM_003324029.1	819	620	0	0
XM_003324031.1	2079	1880	0	0
XM_003324033.1	1119	920	0	0
XM_003324036.1	360	161	0	0
XM_003324037.1	1035	836	0	0
XM_003324038.2	1668	1469	0	0
XM_003324039.2	874	675	0	0
XM_003324041.2	1991	1792	10	80.0172
XM_003324042.2	2181	1982	14	101.285
XM_003324043.2	2666	2467	3	17.4371
XM_003324044.2	426	227	0	0
XM_003324048.2	163	8.39114	0	0
XM_003324049.2	1893	1694	6	50.7878
XM_003324051.2	1474	1275	0	0
XM_003324052.2	1853	1654	4	34.6774
XM_003324053.2	2434	2235	3	19.2471
XM_003324054.2	872	673	2	42.6124
XM_003324055.2	1332	1133	0	0
XM_003324056.1	351	152	1	94.3361
XM_003324058.2	1148	949	2	30.2194
XM_003324059.2	1392	1193	0	0
XM_003324060.2	1508	1309	0	0
XM_003324061.1	1956	1757	0	0
XM_003324062.2	3241	3042	6	28.2822
XM_003324063.1	1590	1391	0	0
XM_003324066.2	364	165	0	0
XM_003324067.1	336	137	0	0
XM_003324069.2	975	776	0	0
XM_003324070.2	2006	1807	6	47.6118
XM_003324071.1	471	272	0	0
XM_003324073.2	885	686	6	125.415
XM_003324076.2	1892	1693	2	16.9393
XM_003324078.2	416	217	0	0
XM_003324079.2	475	276	0	0
XM_003324080.2	369	170	0	0
XM_003324082.1	2151	1952	0	0
XM_003324084.1	360	161	0	0
XM_003324085.1	1044	845	0	0
XM_003324086.2	1872	1673	0	0
XM_003324088.2	2539	2340	7	42.8947
XM_003324089.2	1197	998	12	172.414
XM_003324090.2	5549	5350	36	96.4873
XM_003324091.2	2527	2328	6	36.9564
XM_003324092.1	891	692	0	0
XM_003324093.2	2103	1904	0	0
XM_003324094.2	3243	3044	2	9.42121
XM_003324098.2	858	659	0	0
XM_003324099.2	1622	1423	0	0
XM_003324100.2	2120	1921	3	22.3932
XM_003324102.2	631	432	0	0
XM_003324103.2	369	170	0	0
XM_003324104.2	1827	1628	5	44.039
XM_003324106.2	939	740	0	0
XM_003324108.1	870	671	0	0
XM_003324109.2	999	800	0	0
XM_003324113.2	1815	1616	0	0
XM_003324114.1	312	113	0	0
XM_003324115.2	1341	1142	0	0
XM_003324116.1	2589	2390	0	0
XM_003324117.1	1449	1250	0	0
XM_003324120.1	1752	1553	0	0
XM_003324122.2	822	623	0	0
XM_003324123.2	1721	1522	2	18.8424
XM_003324124.2	2252	2053	0	0
XM_003324125.2	2988	2789	18	92.5434
XM_003324126.2	1011	812	0	0
XM_003324127.1	489	290	1	49.4451
XM_003324129.2	2349	2150	12	80.0321
XM_003324130.2	2418	2219	2	12.9239
XM_003324131.2	1986	1787	3	24.0723
XM_003324132.2	2222	2023	19	134.673
XM_003324136.2	1269	1070	0	0
XM_003324139.1	942	743	0	0
XM_003324147.2	2526	2327	0	0
XM_003324148.2	1139	940	3	45.763
XM_003324149.2	441	242	0	0
XM_003324150.2	815	616	4	93.111
XM_003324151.2	1356	1157	1	12.3933
XM_003324152.2	819	620	1.44088	33.324
XM_003324153.1	2100	1901	0	0
XM_003324156.1	474	275	0	0
XM_003324158.2	2123	1924	0	0
XM_003324163.2	489	290	0	0
XM_003324171.1	540	341	0	0
XM_003324172.1	837	638	0	0
XM_003324173.1	300	101	0	0
XM_003324174.2	2612	2413	3	17.8273
XM_003324175.2	816	617	0	0
XM_003324176.2	901	702	0	0
XM_003324177.2	426	227	0	0
XM_003324178.2	629	430	0	0
XM_003324179.2	4781	4582	1	3.12944
XM_003324180.1	993	794	0	0
XM_003324182.2	1838	1639	1	8.74868
XM_003324184.2	1397	1198	0	0
XM_003324185.2	919	720	0	0
XM_003324187.2	831	632	0	0
XM_003324189.1	1014	815	0	0
XM_003324191.2	1692	1493	0	0
XM_003324192.1	1626	1427	7	70.3389
XM_003324193.2	1497	1298	1	11.0471
XM_003324194.2	2552	2353	11	67.0336
XM_003324195.2	1782	1583	1	9.05817
XM_003324197.2	438	239	2	119.992
XM_003324198.2	1785	1586	5	45.2052
XM_003324199.2	429	230	1	62.3439
XM_003324200.2	543	344	6	250.1
XM_003324201.2	748	549	2	52.2371
XM_003324202.2	663	464	0	0
XM_003324203.1	537	338	2	84.8467
XM_003324206.1	1446	1247	0	0
XM_003324207.1	537	338	2	84.8467
XM_003324208.2	826	627	0	0
XM_003324211.2	1044	845	7	118.785
XM_003324212.2	1539	1340	3	32.1024
XM_003324213.2	891	692	0	0
XM_003324214.2	2492	2293	4	25.0137
XM_003324215.1	381	182	0	0
XM_003324216.2	464	265	0	0
XM_003324218.2	1426	1227	5	58.4315
XM_003324219.2	462	263	2	109.042
XM_003324220.2	4471	4272	4	13.4261
XM_003324221.2	747	548	2	52.3324
XM_003324222.2	1377	1178	37	450.379
XM_003324223.2	948	749	0	0
XM_003324224.2	1797	1598	0	0
XM_003324225.1	1107	908	0	0
XM_003324229.2	1509	1310	0	0
XM_003324230.2	1178	979	0	0
XM_003324233.2	378	179	0	0
XM_003324234.2	1307	1108	0	0
XM_003324235.2	3228	3029	0	0
XM_003324236.1	1227	1028	0	0
XM_003324238.2	4830	4631	8	24.7706
XM_003324239.1	2571	2372	0	0
XM_003324241.2	1550	1351	5	53.0684
XM_003324242.2	1694	1495	7	67.1395
XM_003324245.2	1527	1328	1	10.7975
XM_003324247.2	1297	1098	0	0
XM_003324249.2	1968	1769	2.31696	18.7807
XM_003324250.1	441	242	0.683039	40.4717
XM_003324252.2	1368	1169	0	0
XM_003324253.2	473	274	0	0
XM_003324256.2	273	74.0093	0	0
XM_003324257.2	364	165	0	0
XM_003324258.1	435	236	0	0
XM_003324260.1	579	380	0	0
XM_003324262.1	1692	1493	0	0
XM_003324264.2	1456	1257	0	0
XM_003324265.2	966	767	10	186.95
XM_003324268.1	1068	869	0	0
XM_003324269.2	1542	1343	0	0
XM_003324270.2	1818	1619	0	0
XM_003324271.2	261	62.0706	0	0
XM_003324272.2	2943	2744	0	0
XM_003324273.2	537	338	0	0
XM_003324275.2	336	137	0	0
XM_003324277.1	348	149	0	0
XM_003324279.1	2160	1961	0	0
XM_003324280.1	1194	995	0	0
XM_003324283.1	318	119	0	0
XM_003324285.1	870	671	0	0
XM_003324289.2	1325	1126	0	0
XM_003324290.2	1854	1655	0	0
XM_003324292.2	375	176	0	0
XM_003324293.1	354	155	0	0
XM_003324294.1	408	209	0	0
XM_003324295.2	1269	1070	0	0
XM_003324296.2	498	299	0	0
XM_003324297.2	1366	1167	3	36.8614
XM_003324298.2	423	224	0	0
XM_003324300.2	1539	1340	0	0
XM_003324303.1	507	308	0	0
XM_003324304.1	402	203	0	0
XM_003324306.2	873	674	0	0
XM_003324309.2	3271	3072	1	4.66767
XM_003324311.1	426	227	0	0
XM_003324312.2	3183	2984	2	9.61065
XM_003324313.2	537	338	0	0
XM_003324314.1	351	152	0	0
XM_003324315.2	543	344	0	0
XM_003324316.1	921	722	0	0
XM_003324319.2	626	427	0	0
XM_003324320.2	720	521	0	0
XM_003324321.2	324	125	0	0
XM_003324323.1	525	326	0	0
XM_003324326.2	709	510	0	0
XM_003324327.2	465	266	2	107.813
XM_003324328.2	3621	3422	13	54.4734
XM_003324329.2	794	595	0	0
XM_003324330.2	833	634	0	0
XM_003324331.2	3927	3728	1	3.84632
XM_003324332.2	1018	819	6	105.048
XM_003324334.2	714	515	0	0
XM_003324335.2	698	499	0	0
XM_003324336.2	2941	2742	0	0
XM_003324337.2	1116	917	0	0
XM_003324338.2	314	115	0	0
XM_003324339.2	1233	1034	1	13.8676
XM_003324341.1	654	455	0	0
XM_003324342.2	752	553	0	0
XM_003324343.2	1737	1538	0	0
XM_003324344.1	1539	1340	5	53.5041
XM_003324345.2	2001	1802	3	23.872
XM_003324346.2	1308	1109	4	51.719
XM_003324347.2	705	506	0	0
XM_003324349.2	1869	1670	0	0
XM_003324350.2	1377	1178	0	0
XM_003324351.2	1528	1329	2	21.5788
XM_003324352.2	1014	815	0	0
XM_003324353.2	1167	968	12	177.757
XM_003324355.1	534	335	0	0
XM_003324356.2	1067	868	14	231.276
XM_003324360.2	1409	1210	5	59.2524
XM_003324361.1	486	287	1	49.962
XM_003324362.2	756	557	0	0
XM_003324363.1	609	410	0	0
XM_003324364.2	462	263	0	0
XM_003324365.2	1092	893	0	0
XM_003324370.2	822	623	0	0
XM_003324371.2	2871	2672	0	0
XM_003324373.2	3150	2951	0	0
XM_003324375.2	486	287	0	0
XM_003324376.1	2226	2027	0	0
XM_003324377.2	2589	2390	0	0
XM_003324378.2	3862	3663	1	3.91457
XM_003324379.2	687	488	0	0
XM_003324384.1	606	407	0	0
XM_003324386.2	2188	1989	0	0
XM_003324387.2	1136	937	11	168.335
XM_003324392.2	1874	1675	1	8.56065
XM_003324393.2	2137	1938	0	0
XM_003324395.2	695	496	0	0
XM_003324396.2	916	717	0	0
XM_003324397.2	1206	1007	1	14.2394
XM_003324398.1	207	19.5103	0	0
XM_003324400.2	534	335	0	0
XM_003324401.1	552	353	0	0
XM_003324402.2	1096	897	2	31.9712
XM_003324403.2	621	422	0	0
XM_003324404.2	336	137	0	0
XM_003324405.2	564	365	0	0
XM_003324406.2	954	755	0	0
XM_003324407.1	615	416	0	0
XM_003324408.2	2594	2395	2	11.9742
XM_003324409.1	378	179	0	0
XM_003324410.2	551	352	0	0
XM_003324412.2	2109	1910	5	37.5369
XM_003324413.2	1205	1006	0	0
XM_003324414.2	3005	2806	2	10.2203
XM_003324415.2	628	429	0	0
XM_003324417.2	370	171	2	167.709
XM_003324418.2	1166	967	5	74.1421
XM_003324420.2	1485	1286	13	144.952
XM_003324423.2	1359	1160	3	37.0838
XM_003324424.2	3123	2924	0	0
XM_003324426.2	2240	2041	0	0
XM_003324427.2	1438	1239	3	34.7193
XM_003324428.2	1302	1103	4	52.0003
XM_003324429.2	1385	1186	32	386.889
XM_003324430.1	1506	1307	1	10.971
XM_003324431.1	339	140	0	0
XM_003324432.1	894	695	0	0
XM_003324433.1	843	644	0	0
XM_003324434.2	384	185	0	0
XM_003324435.2	1889	1690	1	8.48467
XM_003324438.2	498	299	0	0
XM_003324439.2	318	119	0	0
XM_003324442.1	1416	1217	1	11.7823
XM_003324444.1	303	104	0	0
XM_003324446.2	453	254	0	0
XM_003324447.1	879	680	0	0
XM_003324448.1	573	374	0	0
XM_003324449.2	273	74.0093	0	0
XM_003324451.1	1722	1523	0	0
XM_003324452.1	942	743	0	0
XM_003324454.1	1443	1244	0	0
XM_003324456.2	1056	857	0	0
XM_003324458.1	1254	1055	0	0
XM_003324460.2	597	398	0	0
XM_003324461.2	1440	1241	0	0
XM_003324462.2	1728	1529	0	0
XM_003324466.1	1116	917	0	0
XM_003324468.1	495	296	0	0
XM_003324469.1	564	365	0	0
XM_003324472.1	615	416	0	0
XM_003324473.2	822	623	0	0
XM_003324476.2	624	425	0	0
XM_003324477.2	252	53.2554	0	0
XM_003324480.2	1356	1157	0	0
XM_003324482.2	1386	1187	0	0
XM_003324483.1	1074	875	0	0
XM_003324484.2	1320	1121	0	0
XM_003324485.2	789	590	0	0
XM_003324487.2	411	212	0	0
XM_003324491.2	288	89.0004	0	0
XM_003324492.2	348	149	0	0
XM_003324496.2	309	110	0	0
XM_003324498.2	1713	1514	8	75.768
XM_003324499.2	618	419	1	34.2222
XM_003324500.2	2581	2382	2	12.0395
XM_003324501.2	1350	1151	0	0
XM_003324503.2	4698	4499	5	15.9359
XM_003324504.2	609	410	0	0
XM_003324505.1	1569	1370	1	10.4665
XM_003324506.2	5436	5237	1	2.73803
XM_003324507.2	690	491	0	0
XM_003324508.2	3090	2891	2	9.91981
XM_003324514.2	4736	4537	1	3.16048
XM_003324515.2	5950	5751	5	12.4666
XM_003324517.2	1167	968	0	0
XM_003324518.2	947	748	0	0
XM_003324519.2	483	284	0	0
XM_003324520.1	363	164	0	0
XM_003324521.2	2219	2020	0	0
XM_003324524.2	1487	1288	1	11.1328
XM_003324525.2	2163	1964	6	43.8058
XM_003324527.2	753	554	0	0
XM_003324534.2	2066	1867	0	0
XM_003324535.2	1509	1310	38.1087	417.132
XM_003324536.2	324	125	6.89134	790.525
XM_003324537.2	612	413	0	0
XM_003324538.2	1452	1253	0	0
XM_003324539.1	1392	1193	0	0
XM_003324540.1	336	137	0	0
XM_003324541.2	273	74.0093	0	0
XM_003324542.2	1209	1010	0	0
XM_003324543.2	1125	926	0	0
XM_003324545.2	1200	1001	0	0
XM_003324546.1	1704	1505	1	9.52763
XM_003324547.1	366	167	0	0
XM_003324548.2	426	227	0	0
XM_003324549.2	1017	818	0	0
XM_003324551.1	1128	929	0	0
XM_003324552.1	1128	929	0	0
XM_003324553.2	1550	1351	5.05047	53.6041
XM_003324554.1	480	281	0.949533	48.4535
XM_003324555.2	1320	1121	0	0
XM_003324556.2	1345	1146	1	12.5123
XM_003324563.2	1539	1340	0	0
XM_003324569.1	1170	971	0	0
XM_003324570.2	381	182	0	0
XM_003324571.2	1321	1122	0	0
XM_003324572.2	1511	1312	0	0
XM_003324574.1	570	371	0	0
XM_003324575.1	444	245	0	0
XM_003324576.2	1511	1312	0	0
XM_003324577.2	1148	949	0	0
XM_003324578.1	1284	1085	0	0
XM_003324579.1	1152	953	0	0
XM_003324580.2	3800	3601	0	0
XM_003324581.2	1418	1219	0	0
XM_003324585.1	447	248	0	0
XM_003324586.2	554	355	2	80.7836
XM_003324587.2	1648	1449	1	9.89585
XM_003324588.2	974	775	0	0
XM_003324592.1	1029	830	0	0
XM_003324595.2	1426	1227	1	11.6863
XM_003324596.2	522	323	6	266.361
XM_003324597.2	1525	1326	2	21.6276
XM_003324599.2	4336	4137	17	58.923
XM_003324600.1	303	104	0	0
XM_003324601.2	3765	3566	0	0
XM_003324602.2	2114	1915	1	7.48777
XM_003324603.2	1462	1263	30	340.596
XM_003324605.1	1593	1394	0	0
XM_003324606.2	1215	1016	0	0
XM_003324608.2	758	559	0	0
XM_003324611.2	574	375	0	0
XM_003324612.2	2151	1952	14	102.842
XM_003324613.2	540	341	0	0
XM_003324614.1	2634	2435	3	17.6662
XM_003324615.2	621	422	0	0
XM_003324617.2	3329	3130	11	50.393
XM_003324620.2	788	589	18	438.206
XM_003324621.2	865	666	0	0
XM_003324622.2	1062	863	108	1794.46
XM_003324623.2	2533	2334	8	49.1485
XM_003324624.2	2546	2347	0	0
XM_003324625.2	1632	1433	1	10.0063
XM_003324626.2	939	740	2	38.7543
XM_003324629.1	942	743	0	0
XM_003324631.2	481	282	0	0
XM_003324632.2	3488	3289	5	21.7986
XM_003324633.1	396	197	0	0
XM_003324636.2	3101	2902	29	143.292
XM_003324639.2	321	122	0	0
XM_003324643.2	696	497	0	0
XM_003324644.2	802	603	0	0
XM_003324645.2	966	767	0	0
XM_003324646.1	414	215	0	0
XM_003324647.1	1068	869	0	0
XM_003324650.1	1164	965	0	0
XM_003324651.2	1309	1110	0	0
XM_003324652.2	276	77.0053	0	0
XM_003324655.2	2004	1805	0	0
XM_003324656.2	2079	1880	0	0
XM_003324659.2	2145	1946	0	0
XM_003324663.2	1263	1064	0	0
XM_003324664.2	1395	1196	11	131.881
XM_003324666.2	910	711	6.2484e-05	0.00126015
XM_003324667.2	895	696	0.999938	20.6008
XM_003324668.2	429	230	0	0
XM_003324669.1	1371	1172	2	24.4694
XM_003324671.2	1139	940	85	1296.62
XM_003324672.2	3300	3101	4	18.4961
XM_003324673.2	877	678	2	42.2982
XM_003324674.2	1397	1198	4	47.8767
XM_003324676.2	2474	2275	23	144.967
XM_003324677.2	414	215	0	0
XM_003324679.2	1647	1448	1	9.90268
XM_003324680.1	1779	1580	2	18.1507
XM_003324681.2	1050	851	0	0
XM_003324682.2	579	380	2	75.4689
XM_003324683.2	1807	1608	0	0
XM_003324686.2	1062	863	0	0
XM_003324687.2	699	500	0	0
XM_003324688.2	3476	3277	1	4.37567
XM_003324689.2	5361	5162	14	38.8894
XM_003324690.2	1647	1448	1	9.90268
XM_003324691.2	3414	3215	3	13.3802
XM_003324693.2	4302	4103	5	17.4739
XM_003324694.2	727	528	0	0
XM_003324695.2	357	158	0	0
XM_003324697.2	1116	917	0	0
XM_003324699.2	1917	1718	5	41.7319
XM_003324700.2	807	608	0	0
XM_003324701.1	1272	1073	0	0
XM_003324702.2	1978	1779	0	0
XM_003324703.2	3066	2867	4	20.0057
XM_003324704.2	1568	1369	0	0
XM_003324705.2	1560	1361	1	10.5357
XM_003324707.2	4219	4020	1	3.56694
XM_003324708.2	6139	5940	5	12.0699
XM_003324709.2	339	140	0	0
XM_003324710.2	1625	1426	0	0
XM_003324712.2	1090	891	5	80.4663
XM_003324714.1	306	107	0	0
XM_003324715.2	843	644	7	155.86
XM_003324716.2	1611	1412	0	0
XM_003324718.2	1192	993	2	28.8803
XM_003324719.1	513	314	0	0
XM_003324720.2	2337	2138	1	6.70678
XM_003324721.2	885	686	0	0
XM_003324723.2	360	161	0	0
XM_003324724.2	2765	2566	2	11.1762
XM_003324726.2	354	155	0	0
XM_003324727.2	3162	2963	1	4.83938
XM_003324728.1	1605	1406	4	40.794
XM_003324729.2	2259	2060	7	48.7251
XM_003324730.2	5985	5786	5	12.3912
XM_003324731.1	309	110	0	0
XM_003324732.2	3304	3105	0	0
XM_003324737.2	1763	1564	7	64.1775
XM_003324738.2	3206	3007	0	0
XM_003324739.2	573	374	1	38.3398
XM_003324740.2	977	778	0	0
XM_003324741.1	642	443	0	0
XM_003324742.2	2112	1913	2	14.9912
XM_003324743.2	1460	1261	10	113.712
XM_003324744.2	1665	1466	0	0
XM_003324745.1	525	326	0	0
XM_003324746.1	1644	1445	0	0
XM_003324749.2	2174	1975	4	29.0412
XM_003324750.2	1215	1016	0	0
XM_003324752.2	1652	1453	2	19.7372
XM_003324753.2	1684	1485	0	0
XM_003324754.2	1453	1254	5	57.1734
XM_003324756.1	1170	971	4.13218	61.0212
XM_003324757.1	315	116	2.62161	324.065
XM_003324758.1	648	449	0	0
XM_003324764.2	246	47.5399	0	0
XM_003324765.2	213	22.4695	0	0
XM_003324767.1	366	167	0	0
XM_003324768.2	1062	863	0	0
XM_003324772.2	952	753	0	0
XM_003324774.2	2319	2120	0	0
XM_003324775.2	2294	2095	5	34.2222
XM_003324776.2	2999	2800	2	10.2422
XM_003324777.2	2319	2120	10.9083	73.7805
XM_003324778.2	1103	904	0.000108242	0.00171691
XM_003324779.2	893	694	2.05726	42.5061
XM_003324780.2	2279	2080	0	0
XM_003324781.2	1713	1514	26.7889	253.718
XM_003324782.1	495	296	0	0
XM_003324786.2	4638	4439	10.1592	32.8169
XM_003324789.2	1929	1730	2	16.577
XM_003324790.2	2582	2383	0	0
XM_003324791.2	2084	1885	0	0
XM_003324792.2	1533	1334	0	0
XM_003324793.2	1875	1676	0	0
XM_003324794.2	1296	1097	0	0
XM_003324795.2	2536	2337	0	0
XM_003324796.2	1867	1668	0	0
XM_003324797.2	2413	2214	5.74518	37.2089
XM_003324798.2	2751	2552	0	0
XM_003324802.1	720	521	0	0
XM_003324804.1	330	131	0	0
XM_003324805.2	774	575	1	24.9375
XM_003324806.2	534	335	0	0
XM_003324807.2	273	74.0093	5	968.735
XM_003324809.1	1335	1136	0	0
XM_003324812.2	1113	914	0	0
XM_003324813.2	1160	961	2	29.842
XM_003324814.2	1748	1549	0	0
XM_003324815.2	597	398	0	0
XM_003324816.1	618	419	0	0
XM_003324817.1	306	107	0	0
XM_003324818.2	1557	1358	0	0
XM_003324819.1	372	173	0	0
XM_003324820.2	1783	1584	6	54.3147
XM_003324821.2	4309	4110	3	10.4665
XM_003324822.1	873	674	2	42.5492
XM_003324824.2	1122	923	2	31.0706
XM_003324825.2	3403	3204	5	22.3769
XM_003324826.2	1708	1509	8	76.019
XM_003324827.2	1488	1289	2	22.2484
XM_003324828.2	697	498	2	57.5867
XM_003324829.2	864	665	2	43.1251
XM_003324830.1	345	146	0	0
XM_003324831.1	867	668	0	0
XM_003324834.2	2097	1898	0	0
XM_003324837.1	480	281	0	0
XM_003324838.2	1695	1496	0	0
XM_003324839.2	757	558	9	231.276
XM_003324840.2	3431	3232	0	0
XM_003324841.2	3593	3394	0	0
XM_003324843.2	1114	915	0	0
XM_003324844.2	804	605	0	0
XM_003324845.2	3183	2984	1	4.80532
XM_003324846.2	1659	1460	2.57435	25.2835
XM_003324847.1	351	152	0	0
XM_003324848.2	1633	1434	2.2871	22.8695
XM_003324849.2	1002	803	0	0
XM_003324850.2	670	471	0	0
XM_003324851.2	1275	1076	3.43423	45.7656
XM_003324853.2	222	27.8721	0	0
XM_003324854.1	1033	834	0	0
XM_003324855.2	2500	2301	5.46871	34.0792
XM_003324856.2	789	590	0	0
XM_003324857.1	861	662	0	0
XM_003324858.2	3904	3705	0	0
XM_003324859.2	858	659	0	0
XM_003324863.1	411	212	0	0
XM_003324864.2	384	185	0	0
XM_003324869.1	1044	845	0	0
XM_003324870.1	807	608	0	0
XM_003324872.2	1401	1202	1	11.9294
XM_003324873.2	978	779	1.98824	36.5975
XM_003324875.1	411	212	0	0
XM_003324876.1	1230	1031	0	0
XM_003324877.2	1229	1030	8.01176	111.535
XM_003324878.1	933	734	3	58.6066
XM_003324879.2	1455	1256	3	34.2494
XM_003324880.1	600	401	0	0
XM_003324881.2	1395	1196	0	0
XM_003324882.2	1670	1471	12	116.974
XM_003324883.2	1457	1258	9	102.585
XM_003324884.2	2931	2732	8	41.9885
XM_003324885.2	2481	2282	0	0
XM_003324886.2	1119	920	0	0
XM_003324887.1	537	338	0	0
XM_003324888.2	852	653	3	65.8764
XM_003324889.2	3432	3233	2	8.87045
XM_003324890.2	755	556	0	0
XM_003324891.2	1095	896	1	16.0034
XM_003324892.2	1557	1358	1	10.559
XM_003324894.2	1275	1076	29	386.462
XM_003324895.2	461	262	0	0
XM_003324896.2	1628	1429	8	80.2748
XM_003324897.2	528	329	0	0
XM_003324898.2	3982	3783	0	0
XM_003324899.1	1821	1622	2	17.6807
XM_003324900.2	1325	1126	0	0
XM_003324901.2	489	290	0	0
XM_003324903.2	2067	1868	2	15.3523
XM_003324904.2	366	167	0	0
XM_003324905.2	1666	1467	1	9.77443
XM_003324906.2	1106	907	3	47.4281
XM_003324907.2	1368	1169	0	0
XM_003324908.1	603	404	0	0
XM_003324909.2	926	727	2	39.4473
XM_003324912.2	1007	808	3	53.2392
XM_003324913.2	687	488	0	0
XM_003324914.2	162	8.26769	0	0
XM_003324916.2	1204	1005	3	42.8032
XM_003324917.1	684	485	0	0
XM_003324918.2	1512	1313	0	0
XM_003324919.2	2294	2095	0	0
XM_003324921.1	1278	1079	0	0
XM_003324923.2	6860	6661	3	6.45808
XM_003324924.2	4123	3924	8	29.2336
XM_003324926.2	2173	1974	0	0
XM_003324927.2	858	659	1	21.7589
XM_003324928.2	195	14.9308	3	2881.11
XM_003324929.2	2129	1930	1	7.42958
XM_003324930.2	1610	1411	0	0
XM_003324931.2	599	400	0	0
XM_003324932.2	654	455	0	0
XM_003324933.2	2014	1815	7.8138	61.7315
XM_003324934.2	5464	5265	5.1862	14.1245
XM_003324935.2	540	341	0	0
XM_003324936.2	1858	1659	5	43.2161
XM_003324937.2	1332	1133	0	0
XM_003324938.2	1266	1067	0	0
XM_003324939.2	1380	1181	0	0
XM_003324940.2	1114	915	0	0
XM_003324941.2	1602	1403	0	0
XM_003324943.2	1397	1198	0	0
XM_003324944.2	932	733	0	0
XM_003324945.2	671	472	11	334.174
XM_003324948.2	2408	2209	0	0
XM_003324949.2	2340	2141	6	40.1843
XM_003324951.1	384	185	0	0
XM_003324952.2	1977	1778	0	0
XM_003324953.2	1239	1040	4	55.1503
XM_003324954.2	2605	2406	2	11.9194
XM_003324955.2	1520	1321	1	10.8547
XM_003324957.1	1839	1640	0	0
XM_003324958.2	2472	2273	0	0
XM_003324962.2	894	695	0	0
XM_003324963.1	867	668	0	0
XM_003324964.2	2030	1831	3	23.4939
XM_003324967.2	931	732	0	0
XM_003324968.2	822	623	0	0
XM_003324969.2	609	410	1	34.9734
XM_003324970.2	2109	1910	1	7.50738
XM_003324971.1	2367	2168	0	0
XM_003324972.2	477	278	3	154.738
XM_003324973.2	4212	4013	6	21.439
XM_003324974.2	1619	1420	1	10.0979
XM_003324975.2	2024	1825	1	7.85703
XM_003324976.2	540	341	17	714.852
XM_003324977.1	363	164	0	0
XM_003324978.2	1962	1763	0	0
XM_003324980.1	1641	1442	0	0
XM_003324981.1	420	221	0	0
XM_003324982.2	3750	3551	6	24.2283
XM_003324983.2	605	406	0	0
XM_003324984.2	692	493	0	0
XM_003324985.2	3463	3264	0	0
XM_003324986.2	2758	2559	1	5.60339
XM_003324987.2	1782	1583	2	18.1163
XM_003324988.2	957	758	0	0
XM_003324989.2	3859	3660	7	27.4245
XM_003324990.2	414	215	0	0
XM_003324991.1	192	14.0216	0	0
XM_003324992.1	2019	1820	0	0
XM_003324993.2	2890	2691	0	0
XM_003324994.1	612	413	0	0
XM_003324997.2	1002	803	0	0
XM_003324999.2	1035	836	0	0
XM_003325002.2	2021	1822	10	78.6997
XM_003325003.2	2843	2644	2	10.8465
XM_003325004.2	924	725	1	19.7781
XM_003325005.2	867	668	0	0
XM_003325006.1	639	440	0	0
XM_003325007.2	1592	1393	1	10.2937
XM_003325011.2	801	602	2	47.6382
XM_003325012.2	2182	1983	18	130.158
XM_003325013.2	975	776	2	36.9564
XM_003325014.2	1866	1667	3	25.8052
XM_003325015.2	1405	1206	2	23.7796
XM_003325016.2	1453	1254	1	11.4347
XM_003325017.2	666	467	0	0
XM_003325018.2	1559	1360	4	42.1738
XM_003325020.2	390	191	0	0
XM_003325021.2	996	797	62	1115.46
XM_003325023.2	635	436	0	0
XM_003325025.2	2247	2048	0	0
XM_003325026.1	843	644	0	0
XM_003325027.2	2493	2294	8	50.0055
XM_003325031.2	530	331	1	43.3205
XM_003325032.2	1890	1691	4	33.9186
XM_003325033.1	1923	1724	0	0
XM_003325034.2	1753	1554	3	27.6816
XM_003325035.2	1359	1160	1	12.3613
XM_003325038.2	1473	1274	4	45.0207
XM_003325039.1	198	15.9266	0	0
XM_003325040.2	2033	1834	2	15.637
XM_003325041.1	303	104	0	0
XM_003325042.2	1431	1232	1	11.6389
XM_003325043.2	864	665	0	0
XM_003325044.1	387	188	0	0
XM_003325045.2	1455	1256	0	0
XM_003325046.2	2366	2167	4	26.4681
XM_003325048.2	1549	1350	8	84.9724
XM_003325050.2	1760	1561	3	27.5575
XM_003325051.2	761	562	11	280.658
XM_003325052.2	1924	1725	15	124.688
XM_003325053.2	1956	1757	2	16.3222
XM_003325054.2	3458	3259	1	4.39984
XM_003325055.2	719	520	5	137.876
XM_003325056.2	1956	1757	1	8.16112
XM_003325057.2	613	414	0	0
XM_003325058.2	4842	4643	5	15.4416
XM_003325059.2	1369	1170	0	0
XM_003325060.2	556	357	0	0
XM_003325061.2	597	398	0	0
XM_003325062.2	2376	2177	0	0
XM_003325063.2	606	407	0	0
XM_003325064.2	348	149	0	0
XM_003325065.2	867	668	0	0
XM_003325066.2	1542	1343	1	10.6769
XM_003325068.2	1314	1115	0	0
XM_003325070.2	1917	1718	0	0
XM_003325071.1	1044	845	0	0
XM_003325072.1	360	161	0	0
XM_003325075.1	1419	1220	0	0
XM_003325076.1	486	287	0	0
XM_003325077.1	420	221	0	0
XM_003325078.1	840	641	0	0
XM_003325081.2	941	742	8	154.599
XM_003325082.2	1479	1280	12	134.429
XM_003325083.2	1106	907	2	31.6187
XM_003325086.2	3078	2879	3	14.9417
XM_003325087.2	1635	1436	5	49.9272
XM_003325088.2	3587	3388	1	4.23232
XM_003325089.2	1859	1660	1	8.638
XM_003325090.2	618	419	0	0
XM_003325092.1	1701	1502	0	0
XM_003325093.2	3851	3652	3	11.7791
XM_003325094.2	858	659	0	0
XM_003325095.1	312	113	0	0
XM_003325096.2	4833	4634	3	9.28296
XM_003325099.2	432	233	0	0
XM_003325100.2	1808	1609	0	0
XM_003325101.2	870	671	0	0
XM_003325102.1	420	221	0	0
XM_003325103.1	1434	1235	0	0
XM_003325105.2	4213	4014	6	21.4336
XM_003325107.2	1471	1272	0	0
XM_003325108.1	378	179	0	0
XM_003325109.2	1681	1482	1	9.6755
XM_003325111.2	1973	1774	31	250.57
XM_003325112.2	666	467	0	0
XM_003325113.2	2003	1804	0	0
XM_003325114.1	111	4.6639	0	0
XM_003325116.1	987	788	0	0
XM_003325117.2	445	246	0	0
XM_003325119.2	1335	1136	5	63.1122
XM_003325124.2	2824	2625	16	87.4001
XM_003325125.1	1512	1313	0	0
XM_003325129.1	813	614	8	186.828
XM_003325131.2	1224	1025	0	0
XM_003325132.2	750	551	0	0
XM_003325134.2	1132	933	0	0
XM_003325136.2	7106	6907	0	0
XM_003325141.1	555	356	0	0
XM_003325142.2	432	233	0	0
XM_003325143.2	1632	1433	0	0
XM_003325144.2	2295	2096	3	20.5235
XM_003325146.2	753	554	0	0
XM_003325149.1	456	257	0	0
XM_003325150.2	1344	1145	0	0
XM_003325151.2	1775	1576	2	18.1968
XM_003325152.1	1473	1274	0	0
XM_003325153.2	2897	2698	5	26.5735
XM_003325154.2	954	755	0	0
XM_003325157.2	315	116	0	0
XM_003325158.2	1826	1627	10	88.1321
XM_003325159.2	1861	1662	3	25.8828
XM_003325160.2	2010	1811	0	0
XM_003325162.2	2484	2285	2	12.5506
XM_003325163.2	2855	2656	0	0
XM_003325164.2	1049	850	1	16.8695
XM_003325165.2	1156	957	0	0
XM_003325166.2	336	137	0	0
XM_003325167.1	1068	869	0	0
XM_003325168.2	881	682	1	21.0251
XM_003325170.2	1193	994	1	14.4256
XM_003325171.2	1534	1335	0	0
XM_003325172.1	210	20.9285	0	0
XM_003325173.1	138	6.07083	0	0
XM_003325175.1	444	245	0	0
XM_003325180.1	909	710	0	0
XM_003325185.2	897	698	0	0
XM_003325189.1	1413	1214	0	0
XM_003325194.1	762	563	0	0
XM_003325196.1	477	278	0	0
XM_003325198.1	1263	1064	0	0
XM_003325201.1	705	506	0	0
XM_003325202.1	495	296	0	0
XM_003325203.2	8202	8003	2	3.58343
XM_003325204.2	1296	1097	0	0
XM_003325207.2	573	374	0	0
XM_003325209.2	387	188	0	0
XM_003325215.2	2243	2044	0	0
XM_003325216.2	974	775	21	388.543
XM_003325217.2	1102	903	16	254.07
XM_003325218.2	1206	1007	36	512.619
XM_003325219.2	1546	1347	0	0
XM_003325220.2	2017	1818	9	70.9856
XM_003325221.2	1602	1403	7	71.5421
XM_003325222.2	1473	1274	0	0
XM_003325224.2	765	566	0	0
XM_003325225.1	909	710	0	0
XM_003325227.1	399	200	0	0
XM_003325230.2	1167	968	6	88.8786
XM_003325231.2	1491	1292	31	344.049
XM_003325232.2	1392	1193	0	0
XM_003325233.2	617	418	6	205.824
XM_003325234.2	5535	5336	2	5.37447
XM_003325235.2	849	650	0	0
XM_003325236.2	669	470	4	122.035
XM_003325237.2	2190	1991	6	43.2117
XM_003325238.1	1371	1172	0	0
XM_003325241.2	2528	2329	1	6.15676
XM_003325242.2	2224	2025	6	42.4862
XM_003325246.2	1959	1760	5	40.736
XM_003325247.2	1312	1113	34	438.031
XM_003325248.2	836	637	13	292.634
XM_003325249.1	321	122	0	0
XM_003325250.2	813	614	0	0
XM_003325252.2	763	564	1	25.4239
XM_003325253.2	600	401	0.5	17.8792
XM_003325254.2	303	104	0	0
XM_003325255.2	501	302	0	0
XM_003325257.2	1379	1180	8	97.2141
XM_003325258.2	2239	2040	16	112.463
XM_003325260.2	1853	1654	0	0
XM_003325261.2	1457	1258	6	68.3899
XM_003325263.2	1941	1742	0	0
XM_003325266.2	1472	1273	0	0
XM_003325267.2	2470	2271	1	6.314
XM_003325268.1	645	446	0	0
XM_003325270.1	423	224	0	0
XM_003325271.1	312	113	0	0
XM_003325272.2	1097	898	1	15.9678
XM_003325274.2	3166	2967	1	4.83286
XM_003325275.2	930	731	0	0
XM_003325276.1	2274	2075	0	0
XM_003325278.2	1665	1466	2	19.5622
XM_003325279.2	956	757	2	37.884
XM_003325282.2	1194	995	3	43.2334
XM_003325283.2	1689	1490	0	0
XM_003325284.2	2943	2744	1	5.22561
XM_003325285.2	1450	1251	1	11.4621
XM_003325286.2	1960	1761	1	8.14258
XM_003325287.2	306	107	0	0
XM_003325290.2	889	690	4	83.1251
XM_003325291.2	2012	1813	2	15.8181
XM_003325292.2	390	191	0	0
XM_003325294.2	1777	1578	0	0
XM_003325295.2	987	788	5	90.9841
XM_003325296.2	2434	2235	1	6.4157
XM_003325297.2	2188	1989	2	14.4184
XM_003325299.2	1233	1034	4	55.4704
XM_003325300.1	2478	2279	0	0
XM_003325301.2	2604	2405	2	11.9244
XM_003325302.2	4697	4498	0	0
XM_003325303.2	527	328	0	0
XM_003325305.2	4592	4393	8	26.1126
XM_003325306.2	1651	1452	0	0
XM_003325307.2	1536	1337	12	128.698
XM_003325310.1	372	173	0	0
XM_003325311.2	1599	1400	0	0
XM_003325312.2	1017	818	0	0
XM_003325313.2	839	640	3	67.2145
XM_003325314.2	1656	1457	0	0
XM_003325315.2	4062	3863	10	37.119
XM_003325316.2	2027	1828	1	7.84414
XM_003325317.2	1457	1258	3	34.195
XM_003325318.2	1409	1210	0	0
XM_003325319.2	537	338	0	0
XM_003325320.2	1188	989	3	43.4957
XM_003325321.2	1524	1325	4	43.2878
XM_003325322.2	4005	3806	1	3.7675
XM_003325323.2	2120	1921	1	7.46439
XM_003325324.2	1365	1166	0	0
XM_003325325.2	1252	1053	3	40.8521
XM_003325326.2	1361	1162	7	86.38
XM_003325327.2	979	780	0	0
XM_003325329.2	1889	1690	0	0
XM_003325330.2	584	385	0	0
XM_003325331.2	537	338	0	0
XM_003325332.1	1854	1655	0	0
XM_003325333.2	2269	2070	1	6.92709
XM_003325334.1	327	128	0	0
XM_003325335.2	2276	2077	3	20.7112
XM_003325336.2	741	542	0	0
XM_003325337.1	315	116	0	0
XM_003325338.2	381	182	0	0
XM_003325339.2	4059	3860	3	11.1444
XM_003325340.2	634	435	1.64752	54.3078
XM_003325341.2	647	448	0	0
XM_003325342.2	4013	3814	2	7.51919
XM_003325344.2	3398	3199	4	17.9295
XM_003325346.2	1293	1094	0	0
XM_003325347.2	177	10.528	0	0
XM_003325349.2	1106	907	0	0
XM_003325350.2	825	626	0	0
XM_003325351.1	612	413	0	0
XM_003325352.2	3518	3319	0.000571691	0.00246988
XM_003325354.2	541	342	0	0
XM_003325355.2	1212	1013	3	42.4652
XM_003325356.2	2580	2381	1	6.0223
XM_003325357.2	1502	1303	0	0
XM_003325358.2	1535	1336	2	21.4657
XM_003325359.2	476	277	0	0
XM_003325360.1	1131	932	0	0
XM_003325363.2	859	660	1	21.7259
XM_003325364.1	684	485	0	0
XM_003325365.1	918	719	2	39.8862
XM_003325367.2	1656	1457	1	9.84151
XM_003325368.2	300	101	0	0
XM_003325369.2	1843	1644	5	43.6104
XM_003325371.2	2875	2676	0	0
XM_003325372.2	1518	1319	0	0
XM_003325375.2	1711	1512	0	0
XM_003325376.2	2433	2234	6	38.5114
XM_003325377.2	1657	1458	18	177.026
XM_003325378.2	435	236	0	0
XM_003325379.2	754	555	0	0
XM_003325380.2	375	176	0	0
XM_003325382.2	945	746	0	0
XM_003325384.2	784	585	0	0
XM_003325385.2	907	708	1	20.2529
XM_003325386.2	1604	1405	1	10.2058
XM_003325387.2	887	688	0	0
XM_003325388.2	294	95.0001	3	452.813
XM_003325390.2	357	158	0	0
XM_003325394.2	1286	1087	21	277.02
XM_003325395.1	2502	2303	0	0
XM_003325396.1	2172	1973	0	0
XM_003325397.1	309	110	0	0
XM_003325398.2	534	335	0	0
XM_003325400.2	2521	2322	4	24.7013
XM_003325403.2	591	392	0	0
XM_003325404.2	6639	6440	4	8.90626
XM_003325405.2	2317	2118	6	40.6206
XM_003325406.2	1453	1254	0	0
XM_003325407.2	1065	866	0	0
XM_003325409.2	1582	1383	1	10.3681
XM_003325410.2	2350	2151	2	13.3325
XM_003325411.2	603	404	0	0
XM_003325413.2	1836	1637	0	0
XM_003325414.2	772	573	1	25.0246
XM_003325415.2	1568	1369	1	10.4741
XM_003325416.2	1098	899	1	15.95
XM_003325417.2	3210	3011	1	4.76223
XM_003325418.2	310	111	0	0
XM_003325419.2	165	8.64817	0	0
XM_003325420.2	3733	3534	3	12.1724
XM_003325421.2	381	182	0	0
XM_003325422.1	2121	1922	0	0
XM_003325423.2	1068	869	0	0
XM_003325425.2	3363	3164	2	9.0639
XM_003325426.2	573	374	0	0
XM_003325427.2	1394	1195	1	11.9992
XM_003325428.2	2100	1901	6	45.2575
XM_003325429.2	1902	1703	0	0
XM_003325430.2	2296	2097	0	0
XM_003325431.2	1101	902	3	47.691
XM_003325432.2	822	623	0	0
XM_003325433.2	1063	864	1	16.5962
XM_003325434.2	1785	1586	8	72.3283
XM_003325435.2	1403	1204	6	71.4572
XM_003325436.2	327	128	0	0
XM_003325437.2	1556	1357	0	0
XM_003325438.1	1341	1142	0	0
XM_003325441.2	1041	842	0	0
XM_003325442.2	2267	2068	1	6.93379
XM_003325443.2	3746	3547	0	0
XM_003325444.2	1636	1437	1	9.97849
XM_003325445.2	1742	1543	0	0
XM_003325446.2	1996	1797	2	15.9589
XM_003325447.2	4411	4212	12	40.8521
XM_003325448.2	1282	1083	4	52.9606
XM_003325449.2	2099	1900	2	15.0938
XM_003325455.2	1603	1404	2	20.426
XM_003325456.1	1314	1115	1	12.8602
XM_003325457.2	684	485	3	88.6954
XM_003325458.2	2309	2110	7	47.5704
XM_003325459.1	1107	908	0	0
XM_003325461.1	1140	941	0	0
XM_003325463.1	621	422	0.5	16.9894
XM_003325464.1	1140	941	0	0
XM_003325466.1	1353	1154	0	0
XM_003325467.1	585	386	0	0
XM_003325468.1	621	422	0.5	16.9894
XM_003325469.2	1791	1592	0	0
XM_003325470.1	1044	845	0	0
XM_003325472.2	841	642	0	0
XM_003325473.2	492	293	0	0
XM_003325474.2	1431	1232	0	0
XM_003325475.1	90	3.96502	0	0
XM_003325476.2	1743	1544	0	0
XM_003325477.2	1572	1373	1	10.4436
XM_003325478.2	951	752	0	0
XM_003325479.2	1068	869	0	0
XM_003325481.2	1484	1285	3	33.4765
XM_003325482.2	2640	2441	0	0
XM_003325483.2	507	308	0	0
XM_003325484.1	327	128	0	0
XM_003325485.2	2610	2411	0	0
XM_003325486.1	423	224	0	0
XM_003325487.2	3876	3677	1	3.89967
XM_003325488.2	402	203	0	0
XM_003325489.2	655	456	0	0
XM_003325490.2	1920	1721	0	0
XM_003325491.2	1060	861	0	0
XM_003325492.2	1131	932	0	0
XM_003325494.2	2081	1882	0	0
XM_003325496.2	3163	2964	4	19.351
XM_003325497.1	1284	1085	0	0
XM_003325499.2	171	9.50903	0	0
XM_003325501.2	1866	1667	0	0
XM_003325504.2	773	574	16	399.696
XM_003325506.1	900	701	0	0
XM_003325510.1	1554	1355	0	0
XM_003325511.2	1499	1300	4	44.1203
XM_003325512.2	2602	2403	5	29.8358
XM_003325513.2	933	734	0	0
XM_003325514.2	2169	1970	11	80.066
XM_003325515.1	1212	1013	3	42.4652
XM_003325519.2	519	320	0	0
XM_003325522.2	2237	2038	0	0
XM_003325523.1	1116	917	0	0
XM_003325524.2	793	594	0	0
XM_003325525.2	2920	2721	3	15.8094
XM_003325526.2	2642	2443	2	11.7389
XM_003325527.2	494	295	0	0
XM_003325528.2	1937	1738	1	8.25034
XM_003325529.2	1175	976	4	58.7667
XM_003325534.2	972	773	3	55.6498
XM_003325535.2	2035	1836	3	23.4299
XM_003325536.1	1287	1088	0	0
XM_003325537.2	3834	3635	4	15.7789
XM_003325539.2	920	721	0	0
XM_003325540.2	1590	1391	0	0
XM_003325541.2	2166	1967	0	0
XM_003325542.2	1874	1675	0	0
XM_003325543.2	2557	2358	8	48.6483
XM_003325544.2	2627	2428	1	5.90572
XM_003325545.2	1312	1113	2	25.7666
XM_003325546.2	1803	1604	0	0
XM_003325547.2	2748	2549	4	22.5015
XM_003325548.1	957	758	0	0
XM_003325549.1	528	329	0	0
XM_003325551.2	1677	1478	0	0
XM_003325552.1	795	596	0	0
XM_003325553.1	1125	926	0	0
XM_003325554.1	2139	1940	3	22.1738
XM_003325555.2	3477	3278	1	4.37434
XM_003325556.1	588	389	0	0
XM_003325557.1	960	761	0	0
XM_003325558.2	5254	5055	3	8.50984
XM_003325561.2	1731	1532	26	243.353
XM_003325562.2	781	582	1	24.6376
XM_003325566.2	519	320	0	0
XM_003325567.2	351	152	0	0
XM_003325568.2	3653	3454	0	0
XM_003325569.2	237	39.4185	2	727.532
XM_003325570.2	2292	2093	7	47.9568
XM_003325571.2	952	753	0	0
XM_003325572.2	1809	1610	1	8.90626
XM_003325575.1	423	224	0	0
XM_003325576.1	1098	899	0	0
XM_003325581.2	513	314	0	0
XM_003325583.2	951	752	0	0
XM_003325584.1	1278	1079	0	0
XM_003325586.2	1820	1621	0	0
XM_003325588.2	616	417	1	34.3863
XM_003325589.2	531	332	0	0
XM_003325595.1	1251	1052	0	0
XM_003325597.2	822	623	0	0
XM_003325600.1	1635	1436	0	0
XM_003325601.1	1116	917	0	0
XM_003325604.2	926	727	1	19.7236
XM_003325605.2	2164	1965	5	36.4862
XM_003325608.2	1644	1445	0	0
XM_003325609.2	1206	1007	0	0
XM_003325610.2	1930	1731	64	530.157
XM_003325615.1	702	503	0	0
XM_003325617.1	561	362	0	0
XM_003325618.2	1413	1214	0	0
XM_003325619.2	870	671	0	0
XM_003325622.2	1871	1672	4	34.304
XM_003325623.2	566	367	0	0
XM_003325624.2	1042	843	0	0
XM_003325625.2	1119	920	0	0
XM_003325628.1	726	527	0	0
XM_003325630.2	2702	2503	0	0
XM_003325632.2	896	697	0	0
XM_003325633.2	714	515	0	0
XM_003325634.2	1188	989	2	28.9971
XM_003325635.2	1650	1451	1	9.88221
XM_003325636.2	774	575	0	0
XM_003325637.2	300	101	0	0
XM_003325638.2	615	416	0	0
XM_003325642.2	417	218	2	131.551
XM_003325643.2	579	380	1	37.7344
XM_003325644.1	2247	2048	9	63.0136
XM_003325645.2	1674	1475	1	9.72141
XM_003325646.2	183	11.741	0	0
XM_003325648.2	333	134	0	0
XM_003325650.2	2648	2449	5	29.2754
XM_003325651.2	3098	2899	3	14.8387
XM_003325652.2	546	347	0	0
XM_003325654.2	792	593	0	0
XM_003325655.2	2713	2514	1	5.70369
XM_003325656.2	2221	2022	62	439.675
XM_003325657.2	1004	805	5	89.0626
XM_003325658.2	2604	2405	2	11.9244
XM_003325659.2	2875	2676	3	16.0752
XM_003325660.2	976	777	0	0
XM_003325661.2	769	570	0	0
XM_003325662.2	3634	3435	7	29.2208
XM_003325663.1	525	326	2	87.9699
XM_003325665.2	1848	1649	0	0
XM_003325667.2	3693	3494	5	20.5196
XM_003325670.2	1449	1250	0	0
XM_003325673.2	1545	1346	0	0
XM_003325674.2	693	494	0	0
XM_003325675.1	1272	1073	0	0
XM_003325676.2	177	10.528	0	0
XM_003325677.2	2208	2009	0	0
XM_003325678.2	1611	1412	0	0
XM_003325679.2	249	50.3754	0	0
XM_003325680.2	1050	851	0	0
XM_003325681.1	231	34.449	0	0
XM_003325684.2	546	347	1	41.323
XM_003325685.1	2610	2411	1	5.94736
XM_003325686.2	1087	888	5	80.7381
XM_003325687.2	1014	815	4	70.3759
XM_003325688.2	762	563	7	178.283
XM_003325690.2	850	651	0	0
XM_003325691.2	367	168	6	512.11
XM_003325692.2	1455	1256	6	68.4988
XM_003325693.2	2541	2342	1	6.12258
XM_003325694.2	1047	848	0	0
XM_003325695.2	1631	1432	2	20.0267
XM_003325697.2	4144	3945	1	3.63475
XM_003325698.1	300	101	0	0
XM_003325699.2	801	602	0	0
XM_003325700.2	774	575	0	0
XM_003325701.2	812	613	1	23.3917
XM_003325702.2	769	570	0	0
XM_003325703.2	778	579	0	0
XM_003325704.2	2725	2526	13	73.7958
XM_003325706.2	2339	2140	0	0
XM_003325707.2	1197	998	0	0
XM_003325708.2	1928	1729	2	16.5866
XM_003325709.2	2645	2446	0	0
XM_003325710.2	2155	1956	1	7.33082
XM_003325711.1	1791	1592	0	0
XM_003325712.2	1370	1171	0	0
XM_003325713.1	1269	1070	0	0
XM_003325714.2	1000	801	23	411.734
XM_003325715.2	1473	1274	0	0
XM_003325716.2	2068	1869	1	7.67206
XM_003325718.2	673	474	0	0
XM_003325719.2	938	739	13	252.244
XM_003325720.2	2150	1951	0	0
XM_003325721.2	2101	1902	1	7.53895
XM_003325722.2	1413	1214	0	0
XM_003325723.2	1659	1460	0	0
XM_003325724.2	1946	1747	5	41.0392
XM_003325725.2	1759	1560	1	9.19172
XM_003325726.2	396	197	0	0
XM_003325728.2	2778	2579	1	5.55994
XM_003325729.2	436	237	0	0
XM_003325730.2	531	332	0	0
XM_003325732.2	1422	1223	0	0
XM_003325733.2	2235	2036	0	0
XM_003325734.2	2233	2034	1	7.0497
XM_003325735.2	736	537	0	0
XM_003325737.1	765	566	0	0
XM_003325740.2	297	98.0001	0	0
XM_003325742.2	1716	1517	0	0
XM_003325744.1	300	101	0	0
XM_003325745.1	666	467	0	0
XM_003325746.2	2217	2018	0	0
XM_003325747.2	946	747	1	19.1956
XM_003325748.2	415	216	0	0
XM_003325749.2	651	452	3	95.1709
XM_003325750.2	1216	1017	9	126.895
XM_003325751.2	1203	1004	16	228.511
XM_003325752.2	681	482	1	29.7491
XM_003325753.2	1599	1400	0	0
XM_003325754.2	768	569	1	25.2005
XM_003325755.2	1411	1212	9	106.478
XM_003325756.2	4291	4092	1	3.50418
XM_003325758.2	468	269	0	0
XM_003325759.2	1716	1517	6	56.7136
XM_003325760.2	2938	2739	2	10.4703
XM_003325761.2	684	485	0	0
XM_003325762.2	2910	2711	5	26.4461
XM_003325763.2	288	89.0004	0	0
XM_003325764.1	810	611	2	46.9365
XM_003325767.2	1074	875	0	0
XM_003325768.2	479	280	0	0
XM_003325769.2	435	236	0	0
XM_003325771.2	3925	3726	0	0
XM_003325776.2	1599	1400	1	10.2422
XM_003325777.2	1345	1146	11	137.635
XM_003325778.2	1278	1079	3	39.8677
XM_003325779.2	951	752	0	0
XM_003325780.2	1277	1078	8	106.413
XM_003325781.2	1317	1118	0	0
XM_003325782.2	1059	860	0	0
XM_003325783.2	3158	2959	2	9.69185
XM_003325784.2	2676	2477	2	11.5778
XM_003325787.1	315	116	0	0
XM_003325788.1	2583	2384	4	24.0589
XM_003325789.2	1862	1663	0	0
XM_003325790.2	1793	1594	43	386.814
XM_003325791.2	579	380	0	0
XM_003325792.2	1599	1400	0	0
XM_003325795.2	1681	1482	2	19.351
XM_003325796.2	1617	1418	0	0
XM_003325797.2	4015	3816	8	30.061
XM_003325798.2	513	314	0	0
XM_003325800.2	1491	1292	0	0
XM_003325801.1	345	146	0	0
XM_003325806.2	1150	951	1	15.0779
XM_003325807.2	1590	1391	0	0
XM_003325808.2	210	20.9285	0	0
XM_003325809.2	216	24.1385	0	0
XM_003325810.2	882	683	11	230.937
XM_003325811.2	2461	2262	9	57.0521
XM_003325814.2	852	653	0	0
XM_003325815.2	1073	874	6	98.4377
XM_003325816.2	1624	1425	2	20.125
XM_003325817.2	1823	1624	3	26.4885
XM_003325818.2	2728	2529	2	11.3397
XM_003325819.1	1047	848	0	0
XM_003325820.2	987	788	8	145.574
XM_003325821.2	1170	971	5	73.8367
XM_003325822.2	1438	1239	3	34.7193
XM_003325823.2	3244	3045	29	136.563
XM_003325826.2	205	18.63	0	0
XM_003325827.2	1680	1481	2	19.3641
XM_003325828.2	1194	995	2	28.8223
XM_003325829.2	1037	838	0	0
XM_003325830.2	2421	2222	9	58.0791
XM_003325833.2	1562	1363	0	0
XM_003325834.2	1236	1037	5	69.1374
XM_003325835.2	1540	1341	6	64.157
XM_003325836.2	3476	3277	1	4.37567
XM_003325837.2	1678	1479	10	96.9512
XM_003325838.1	1341	1142	1	12.5561
XM_003325839.2	3605	3406	0	0
XM_003325845.2	2046	1847	0	0
XM_003325846.2	1929	1730	0	0
XM_003325847.1	600	401	0	0
XM_003325848.2	4158	3959	0	0
XM_003325849.2	495	296	0	0
XM_003325851.2	2721	2522	0	0
XM_003325858.2	3764	3565	3	12.0666
XM_003325859.1	360	161	0	0
XM_003325861.1	2760	2561	0	0
XM_003325862.2	5013	4814	1	2.97862
XM_003325863.2	2446	2247	15	95.7215
XM_003325865.2	1917	1718	3	25.0391
XM_003325871.2	972	773	0	0
XM_003325872.2	527	328	0	0
XM_003325875.2	1593	1394	0	0
XM_003325876.2	1261	1062	0	0
XM_003325877.2	1847	1648	0	0
XM_003325878.2	725	526	0	0
XM_003325879.2	4380	4181	16.6671	57.1612
XM_003325880.2	1730	1531	0	0
XM_003325881.2	495	296	0	0
XM_003325882.2	1920	1721	11	91.6502
XM_003325883.2	3131	2932	5	24.4527
XM_003325884.1	387	188	0	0
XM_003325887.1	756	557	0	0
XM_003325892.2	1773	1574	2	18.2199
XM_003325893.2	1375	1176	0	0
XM_003325899.1	594	395	0	0
XM_003325901.2	1529	1330	2	21.5625
XM_003325902.2	2792	2593	4	22.1197
XM_003325903.2	621	422	0	0
XM_003325905.2	1193	994	0	0
XM_003325906.2	742	543	0	0
XM_003325907.2	1565	1366	1	10.4971
XM_003325908.2	4479	4280	8	26.802
XM_003325909.2	1230	1031	0	0
XM_003325910.1	3087	2888	0	0
XM_003325914.2	2507	2308	3	18.6383
XM_003325915.2	2679	2480	2	11.5638
XM_003325916.1	1156	957	2	29.9667
XM_003325918.2	4410	4211	25	85.1287
XM_003325919.1	387	188	0	0
XM_003325920.2	1938	1739	0	0
XM_003325921.1	633	434	0	0
XM_003325922.2	912	713	0	0
XM_003325924.1	450	251	0	0
XM_003325926.2	2458	2259	1	6.34754
XM_003325927.2	2289	2090	11	75.4689
XM_003325928.2	1600	1401	0	0
XM_003325929.1	336	137	0	0
XM_003325930.2	2152	1953	40	293.683
XM_003325931.2	2450	2251	0	0
XM_003325933.2	2288	2089	4	27.4564
XM_003325934.2	1288	1089	110	1448.39
XM_003325936.2	826	627	0	0
XM_003325938.2	2683	2484	3	17.3177
XM_003325939.2	2434	2235	1	6.4157
XM_003325942.2	1587	1388	53	547.53
XM_003325943.2	4178	3979	4	14.4148
XM_003325944.2	1514	1315	0	0
XM_003325945.1	2025	1826	0	0
XM_003325946.2	1858	1659	23	198.794
XM_003325947.2	1477	1278	1	11.2199
XM_003325949.2	2831	2632	1	5.44798
XM_003325950.2	818	619	0	0
XM_003325952.2	2794	2595	5	27.6283
XM_003325953.2	1209	1010	0	0
XM_003325954.2	1315	1116	0	0
XM_003325955.2	820	621	0	0
XM_003325956.2	607	408	0	0
XM_003325957.2	522	323	0	0
XM_003325958.2	2672	2473	3	17.3948
XM_003325959.2	877	678	4	84.5964
XM_003325961.1	468	269	0	0
XM_003325962.2	753	554	0	0
XM_003325963.2	2097	1898	7	52.8839
XM_003325965.1	609	410	0	0
XM_003325967.2	588	389	0	0
XM_003325968.1	1812	1613	0	0
XM_003325970.2	4727	4528	2	6.33352
XM_003325971.2	1688	1489	3	28.89
XM_003325972.1	420	221	0	0
XM_003325973.2	1117	918	0	0
XM_003325974.2	1456	1257	0	0
XM_003325976.2	3573	3374	9	38.2489
XM_003325977.2	2391	2192	0	0
XM_003325978.2	540	341	0	0
XM_003325979.2	896	697	0	0
XM_003325981.2	2423	2224	0	0
XM_003325982.2	804	605	0	0
XM_003325984.2	1932	1733	25	206.854
XM_003325985.2	1867	1668	8	68.7726
XM_003325986.2	1305	1106	1	12.9648
XM_003325989.1	1164	965	0	0
XM_003325990.2	782	583	0	0
XM_003325991.2	5246	5047	9	25.57
XM_003325992.2	435	236	0	0
XM_003325994.2	522	323	0	0
XM_003325995.2	960	761	0	0
XM_003325996.1	1716	1517	1	9.45227
XM_003325999.2	936	737	11	214.016
XM_003326000.2	758	559	4	102.605
XM_003326001.2	1804	1605	0	0
XM_003326002.2	2655	2456	2	11.6768
XM_003326003.2	2460	2261	1	6.34192
XM_003326004.2	750	551	0	0
XM_003326007.2	2311	2112	7	47.5254
XM_003326008.1	1482	1283	0	0
XM_003326012.1	2196	1997	0	0
XM_003326013.2	385	186	0	0
XM_003326015.2	1461	1262	0	0
XM_003326016.1	1251	1052	0	0
XM_003326017.2	1341	1142	0	0
XM_003326018.2	395	196	0	0
XM_003326019.2	1752	1553	1.47507	13.6196
XM_003326020.2	159	7.91627	0	0
XM_003326021.1	819	620	0	0
XM_003326022.2	2146	1947	12	88.3765
XM_003326026.2	645	446	0	0
XM_003326027.2	933	734	9	175.82
XM_003326029.2	3642	3443	3	12.4941
XM_003326030.2	1211	1012	3	42.5072
XM_003326031.2	1029	830	1	17.276
XM_003326032.2	3643	3444	0	0
XM_003326033.2	1227	1028	0	0
XM_003326034.2	714	515	0	0
XM_003326035.2	1122	923	0	0
XM_003326037.2	2604	2405	1	5.9622
XM_003326038.2	2390	2191	2	13.0891
XM_003326039.1	795	596	0	0
XM_003326040.2	1247	1048	0	0
XM_003326041.2	1276	1077	0	0
XM_003326042.2	210	20.9285	1	685.147
XM_003326045.2	2032	1833	1	7.82274
XM_003326046.1	363	164	0	0
XM_003326047.2	1935	1736	1	8.25984
XM_003326048.2	2205	2006	7	50.0367
XM_003326051.2	671	472	0	0
XM_003326052.2	2025	1826	1	7.85273
XM_003326053.2	811	612	0	0
XM_003326054.2	959	760	1	18.8672
XM_003326055.2	2162	1963	0	0
XM_003326056.2	999	800	0	0
XM_003326057.2	2152	1953	5	36.7104
XM_003326059.2	9648	9449	7	10.6227
XM_003326060.2	3024	2825	6	30.4547
XM_003326061.2	3410	3211	3	13.3968
XM_003326062.2	729	530	1	27.0549
XM_003326063.2	3216	3017	5	23.7638
XM_003326066.2	1665	1466	4	39.1244
XM_003326067.2	1179	980	12	175.581
XM_003326068.2	1311	1112	0	0
XM_003326069.2	1122	923	0	0
XM_003326070.2	358	159	0	0
XM_003326073.2	5878	5679	4	10.0997
XM_003326074.1	450	251	0	0
XM_003326077.1	393	194	0	0
XM_003326078.2	162	8.26769	0	0
XM_003326079.2	1355	1156	8	99.2324
XM_003326080.2	993	794	11	198.652
XM_003326081.2	913	714	1	20.0828
XM_003326082.2	678	479	0	0
XM_003326086.1	567	368	0	0
XM_003326089.1	312	113	0	0
XM_003326090.2	895	696	1	20.6021
XM_003326091.2	3206	3007	35	166.9
XM_003326092.2	2022	1823	1	7.86565
XM_003326094.2	2701	2502	1	5.73105
XM_003326095.2	2310	2111	11	74.7181
XM_003326096.2	674	475	18	543.376
XM_003326097.2	2809	2610	1	5.4939
XM_003326101.1	2559	2360	0	0
XM_003326102.1	1191	992	0	0
XM_003326105.2	1130	931	0	0
XM_003326106.2	2220	2021	1	7.09505
XM_003326108.2	1353	1154	0	0
XM_003326109.2	2134	1935	3	22.2311
XM_003326110.2	437	238	0	0
XM_003326111.2	1284	1085	0	0
XM_003326112.1	1986	1787	0	0
XM_003326113.2	1353	1154	0	0
XM_003326114.1	1260	1061	0	0
XM_003326115.2	2489	2290	11	68.8777
XM_003326116.2	1125	926	0	0
XM_003326117.1	354	155	0	0
XM_003326118.2	2337	2138	5	33.5339
XM_003326122.2	1248	1049	0	0
XM_003326124.1	1167	968	0	0
XM_003326125.2	1170	971	0	0
XM_003326127.2	420	221	1	64.8827
XM_003326128.2	1386	1187	0	0
XM_003326129.1	1221	1022	0	0
XM_003326130.2	1688	1489	0	0
XM_003326131.2	2617	2418	0	0
XM_003326133.2	1143	944	0	0
XM_003326134.2	984	785	0	0
XM_003326135.1	333	134	0	0
XM_003326136.2	1398	1199	27	322.899
XM_003326140.2	2022	1823	0	0
XM_003326144.2	744	545	0	0
XM_003326145.2	2058	1859	0	0
XM_003326148.1	912	713	0	0
XM_003326149.2	2178	1979	0	0
XM_003326150.2	2634	2435	0	0
XM_003326152.2	3987	3788	0	0
XM_003326153.2	2529	2330	1	6.15411
XM_003326157.2	1862	1663	0	0
XM_003326159.2	2036	1837	1	7.80571
XM_003326160.2	1230	1031	0	0
XM_003326161.2	888	689	0	0
XM_003326162.1	1296	1097	0	0
XM_003326163.2	387	188	0	0
XM_003326164.2	339	140	0	0
XM_003326165.2	672	473	0	0
XM_003326166.1	1068	869	0	0
XM_003326172.2	547	348	0	0
XM_003326173.2	3544	3345	2	8.57344
XM_003326174.2	1656	1457	1	9.84151
XM_003326175.1	1098	899	0	0
XM_003326177.2	2993	2794	1	5.1321
XM_003326178.2	813	614	0	0
XM_003326180.2	333	134	0	0
XM_003326181.2	1387	1188	1	12.0699
XM_003326182.2	4899	4700	1	3.05087
XM_003326183.2	771	572	1	25.0683
XM_003326184.2	1590	1391	3	30.9254
XM_003326186.1	567	368	0	0
XM_003326187.1	567	368	0	0
XM_003326188.1	567	368	0	0
XM_003326189.2	510	311	0	0
XM_003326191.1	375	176	0	0
XM_003326192.2	1430	1231	0	0
XM_003326193.2	769	570	0	0
XM_003326194.2	1613	1414	4	40.5632
XM_003326195.1	372	173	0	0
XM_003326202.2	3938	3739	2	7.67001
XM_003326203.2	2155	1956	2	14.6616
XM_003326204.2	444	245	6	351.161
XM_003326205.2	2090	1891	0	0
XM_003326206.2	2747	2548	4	22.5103
XM_003326209.2	819	620	0	0
XM_003326210.1	882	683	0	0
XM_003326211.2	1182	983	0	0
XM_003326212.2	3198	2999	3	14.3439
XM_003326213.2	921	722	0	0
XM_003326214.2	1029	830	0	0
XM_003326215.2	630	431	0	0
XM_003326219.1	867	668	0	0
XM_003326220.1	381	182	0	0
XM_003326221.2	439	240	0	0
XM_003326222.2	2706	2507	2	11.4392
XM_003326224.2	639	440	0	0
XM_003326225.2	378	179	0	0
XM_003326226.2	4339	4140	1	3.46355
XM_003326227.2	585	386	0	0
XM_003326228.1	1095	896	0	0
XM_003326230.1	525	326	0	0
XM_003326234.2	597	398	0	0
XM_003326236.2	624	425	0	0
XM_003326238.2	426	227	0	0
XM_003326240.1	819	620	0	0
XM_003326243.1	876	677	0	0
XM_003326244.2	1254	1055	0	0
XM_003326245.1	1197	998	0	0
XM_003326246.1	399	200	0	0
XM_003326247.1	318	119	0	0
XM_003326250.2	261	62.0706	0	0
XM_003326258.1	948	749	0	0
XM_003326259.2	735	536	0	0
XM_003326260.2	585	386	0	0
XM_003326261.1	462	263	0	0
XM_003326262.2	642	443	0	0
XM_003326263.2	369	170	0	0
XM_003326264.2	897	698	0	0
XM_003326265.2	1602	1403	0	0
XM_003326266.2	507	308	0	0
XM_003326272.2	1158	959	0	0
XM_003326274.1	1341	1142	0	0
XM_003326275.1	915	716	0	0
XM_003326279.1	1236	1037	0	0
XM_003326280.1	516	317	0	0
XM_003326281.2	384	185	0	0
XM_003326282.2	1956	1757	0	0
XM_003326284.2	528	329	0	0
XM_003326289.1	486	287	0	0
XM_003326291.2	2026	1827	24	188.362
XM_003326293.2	7698	7499	3	5.7364
XM_003326294.2	3577	3378	11	46.6933
XM_003326295.2	1446	1247	0	0
XM_003326299.2	4604	4405	4	13.0207
XM_003326300.1	1377	1178	0	0
XM_003326301.2	1314	1115	0	0
XM_003326303.1	333	134	0	0
XM_003326304.2	1937	1738	4	33.0013
XM_003326307.2	969	770	0	0
XM_003326308.1	954	755	3	56.9765
XM_003326309.1	357	158	0	0
XM_003326310.2	1032	833	0	0
XM_003326311.2	437	238	9	542.234
XM_003326313.2	2085	1886	16	121.647
XM_003326314.2	681	482	0	0
XM_003326315.2	249	50.3754	0	0
XM_003326316.1	609	410	0	0
XM_003326318.2	348	149	0	0
XM_003326322.2	1375	1176	7	85.3517
XM_003326324.2	1017	818	0	0
XM_003326325.1	384	185	0	0
XM_003326326.2	621	422	0	0
XM_003326330.2	1805	1606	8	71.4276
XM_003326331.2	966	767	2	37.3901
XM_003326332.2	793	594	2	48.2798
XM_003326333.2	1205	1006	0	0
XM_003326335.2	1982	1783	0	0
XM_003326337.2	351	152	0	0
XM_003326338.1	492	293	0	0
XM_003326343.2	935	736	7	136.377
XM_003326344.2	652	453	6	189.922
XM_003326346.2	1294	1095	5	65.4753
XM_003326347.2	1149	950	2	30.1876
XM_003326348.2	1378	1179	0	0
XM_003326350.1	309	110	0	0
XM_003326351.2	1779	1580	3	27.2261
XM_003326355.2	3293	3094	6	27.8069
XM_003326357.2	636	437	0	0
XM_003326360.2	546	347	0	0
XM_003326363.2	1823	1624	6	52.9769
XM_003326365.2	6582	6383	2	4.4929
XM_003326366.2	249	50.3754	0	0
XM_003326367.2	2690	2491	4	23.0254
XM_003326369.2	1827	1628	24	211.387
XM_003326370.2	1012	813	0	0
XM_003326371.2	1397	1198	5	59.8459
XM_003326372.1	552	353	1	40.6206
XM_003326375.1	780	581	0	0
XM_003326376.1	345	146	0	0
XM_003326377.1	774	575	0	0
XM_003326378.1	654	455	0	0
XM_003326381.2	1787	1588	4	36.1186
XM_003326382.2	1891	1692	0	0
XM_003326384.2	2685	2486	3	17.3038
XM_003326386.2	540	341	0	0
XM_003326387.1	540	341	0	0
XM_003326388.1	378	179	0	0
XM_003326389.1	378	179	0	0
XM_003326390.2	951	752	1	19.0679
XM_003326392.2	1031	832	1	17.2345
XM_003326393.2	483	284	0	0
XM_003326395.1	687	488	0	0
XM_003326400.2	1775	1576	1	9.09841
XM_003326401.2	1954	1755	11	89.8746
XM_003326402.2	630	431	0	0
XM_003326403.2	1168	969	0	0
XM_003326410.2	375	176	0	0
XM_003326411.1	771	572	0	0
XM_003326412.2	1644	1445	4	39.693
XM_003326413.2	1792	1593	0	0
XM_003326415.1	363	164	0	0
XM_003326416.2	1674	1475	0	0
XM_003326419.2	531	332	0	0
XM_003326429.1	147	6.75012	0	0
XM_003326433.1	441	242	0	0
XM_003326437.2	363	164	0	0
XM_003326439.1	462	263	0	0
XM_003326440.1	498	299	0	0
XM_003326441.1	756	557	0	0
XM_003326442.2	372	173	0	0
XM_003326444.1	309	110	0	0
XM_003326445.1	315	116	0	0
XM_003326446.1	360	161	0	0
XM_003326447.2	477	278	0	0
XM_003326450.1	387	188	0	0
XM_003326453.2	294	95.0001	0	0
XM_003326459.1	1713	1514	0	0
XM_003326462.1	714	515	0	0
XM_003326465.2	2090	1891	3	22.7484
XM_003326466.1	342	143	0	0
XM_003326470.2	1585	1386	1	10.3457
XM_003326472.2	1231	1032	0	0
XM_003326473.2	293	94.0001	0	0
XM_003326474.2	884	685	0	0
XM_003326475.2	1618	1419	3.52814	35.6521
XM_003326476.2	2704	2505	1	5.72419
XM_003326477.1	696	497	0	0
XM_003326479.2	2216	2017	2	14.2182
XM_003326480.2	1249	1050	4	54.6251
XM_003326481.2	528	329	0	0
XM_003326482.1	1074	875	0	0
XM_003326483.2	1852	1653	0	0
XM_003326484.2	2043	1844	3.68128	28.6259
XM_003326485.2	837	638	1	22.4751
XM_003326486.2	1925	1726	4	33.2308
XM_003326487.2	5028	4829	0	0
XM_003326488.2	1389	1190	1	12.0497
XM_003326491.2	1374	1175	0	0
XM_003326492.2	1341	1142	0	0
XM_003326493.2	2834	2635	0	0
XM_003326494.1	351	152	0	0
XM_003326495.2	746	547	0	0
XM_003326496.2	1103	904	0	0
XM_003326497.1	1698	1499	0	0
XM_003326500.2	372	173	0	0
XM_003326501.2	1059	860	0	0
XM_003326502.2	1655	1456	0	0
XM_003326503.2	509	310	0	0
XM_003326506.2	3085	2886	5	24.8425
XM_003326508.2	2375	2176	19	125.203
XM_003326510.2	1491	1292	4	44.3935
XM_003326511.2	1053	854	0	0
XM_003326512.2	1437	1238	7	81.0772
XM_003326513.1	1257	1058	0	0
XM_003326514.2	2592	2393	55	329.565
XM_003326515.2	857	658	4	87.1677
XM_003326516.2	588	389	0	0
XM_003326517.1	459	260	0	0
XM_003326518.2	1464	1265	24	272.046
XM_003326519.2	1581	1382	4	41.5024
XM_003326520.2	2322	2123	0	0
XM_003326521.1	387	188	0	0
XM_003326522.2	1695	1496	2	19.1699
XM_003326524.2	742	543	4	105.629
XM_003326525.2	1774	1575	38	345.959
XM_003326526.2	961	762	2	37.6354
XM_003326527.2	1039	840	0	0
XM_003326528.2	1395	1196	1	11.9892
XM_003326529.2	777	578	10	248.081
XM_003326530.2	712	513	1	27.9514
XM_003326531.1	1575	1376	0	0
XM_003326535.2	2901	2702	1	5.30684
XM_003326536.2	7048	6849	9	18.8424
XM_003326537.2	1386	1187	1	12.0801
XM_003326538.2	1360	1161	0	0
XM_003326539.2	1050	851	0	0
XM_003326541.2	3850	3651	0	0
XM_003326543.2	1310	1111	3	38.7194
XM_003326544.1	552	353	0	0
XM_003326545.2	2603	2404	1	5.96468
XM_003326546.1	525	326	0	0
XM_003326547.2	1725	1526	0	0
XM_003326548.2	1197	998	0	0
XM_003326549.2	736	537	4	106.809
XM_003326553.2	537	338	0	0
XM_003326554.2	638	439	1	32.6631
XM_003326555.2	624	425	0	0
XM_003326557.2	2180	1981	0	0
XM_003326558.2	735	536	11	294.272
XM_003326559.1	336	137	0	0
XM_003326560.1	2205	2006	3	21.4443
XM_003326563.2	3225	3026	2	9.47725
XM_003326565.2	1215	1016	0	0
XM_003326566.2	1582	1383	3	31.1043
XM_003326568.1	321	122	0	0
XM_003326569.2	1017	818	17	298.001
XM_003326570.2	375	176	0	0
XM_003326571.2	1682	1483	3	29.0069
XM_003326572.2	252	53.2554	0	0
XM_003326573.1	954	755	0	0
XM_003326574.2	945	746	0	0
XM_003326576.2	1142	943	0	0
XM_003326577.2	781	582	1	24.6376
XM_003326579.2	368	169	0	0
XM_003326580.1	1269	1070	0	0
XM_003326581.2	327	128	0	0
XM_003326582.2	2287	2088	6	41.2043
XM_003326583.2	3794	3595	1	3.98862
XM_003326584.2	1092	893	0	0
XM_003326587.2	2850	2651	9	48.6804
XM_003326588.2	411	212	0	0
XM_003326589.2	3481	3282	1	4.36901
XM_003326590.2	1755	1556	0	0
XM_003326591.1	1383	1184	0	0
XM_003326592.1	1359	1160	0	0
XM_003326593.2	1074	875	0	0
XM_003326594.1	378	179	0	0
XM_003326595.2	1557	1358	5	52.7949
XM_003326596.1	276	77.0053	0	0
XM_003326597.2	1877	1678	6	51.2721
XM_003326598.1	933	734	0	0
XM_003326600.1	996	797	0	0
XM_003326601.1	2250	2051	0	0
XM_003326602.2	498	299	0	0
XM_003326603.2	414	215	0	0
XM_003326604.2	207	19.5103	0	0
XM_003326609.2	2419	2220	0	0
XM_003326610.2	613	414	2	69.2709
XM_003326611.2	3100	2901	1	4.94281
XM_003326613.2	960	761	0	0
XM_003326614.2	357	158	0	0
XM_003326615.1	357	158	0	0
XM_003326616.1	1452	1253	0	0
XM_003326619.1	1203	1004	0	0
XM_003326620.2	969	770	0	0
XM_003326621.2	2053	1854	0	0
XM_003326622.2	3026	2827	1	5.07219
XM_003326623.2	5145	4946	3	8.69738
XM_003326625.2	3691	3492	24	98.5504
XM_003326626.2	844	645	10	222.311
XM_003326627.1	2427	2228	2	12.8717
XM_003326628.2	1768	1569	0	0
XM_003326629.2	931	732	0	0
XM_003326630.2	1860	1661	8	69.0624
XM_003326632.2	4413	4214	2	6.80545
XM_003326633.1	348	149	0	0
XM_003326634.2	2181	1982	5	36.1733
XM_003326635.2	2650	2451	3	17.5509
XM_003326637.2	403	204	0	0
XM_003326639.2	1034	835	4	68.6902
XM_003326640.2	537	338	8	339.387
XM_003326641.2	540	341	3	126.15
XM_003326642.2	522	323	0	0
XM_003326644.1	786	587	0	0
XM_003326645.1	1011	812	0	0
XM_003326646.1	873	674	0	0
XM_003326647.1	336	137	0	0
XM_003326653.1	567	368	0	0
XM_003326654.2	927	728	0	0
XM_003326655.1	1323	1124	0	0
XM_003326656.2	366	167	0	0
XM_003326657.2	4068	3869	1	3.70615
XM_003326662.2	549	350	0	0
XM_003326664.1	525	326	0	0
XM_003326667.2	2144	1945	1	7.37228
XM_003326668.2	1564	1365	0	0
XM_003326669.2	2195	1996	25	179.598
XM_003326670.2	711	512	2	56.0121
XM_003326671.2	1106	907	0	0
XM_003326672.2	1773	1574	1	9.10997
XM_003326673.2	195	14.9308	1	960.37
XM_003326674.2	687	488	4	117.533
XM_003326678.2	2623	2424	3	17.7464
XM_003326679.2	1405	1206	0	0
XM_003326680.2	540	341	6	252.301
XM_003326681.2	1455	1256	3	34.2494
XM_003326683.2	986	787	1	18.2199
XM_003326684.2	7949	7750	5	9.25102
XM_003326688.2	2094	1895	1	7.5668
XM_003326689.2	189	13.1915	0	0
XM_003326690.2	6395	6196	0	0
XM_003326691.1	327	128	0	0
XM_003326692.2	1281	1082	0	0
XM_003326694.2	495	296	0	0
XM_003326696.2	894	695	0	0
XM_003326699.2	783	584	0	0
XM_003326700.2	1440	1241	0	0
XM_003326701.2	726	527	0	0
XM_003326705.2	1841	1642	0	0
XM_003326706.2	5984	5785	0	0
XM_003326707.1	576	377	0	0
XM_003326708.2	1339	1140	0	0
XM_003326710.2	1176	977	0	0
XM_003326713.2	1785	1586	2	18.0821
XM_003326714.2	2913	2714	3	15.8501
XM_003326715.2	570	371	0	0
XM_003326716.2	2408	2209	3	19.4736
XM_003326717.2	2447	2248	2	12.7572
XM_003326718.2	849	650	1	22.0601
XM_003326719.2	2025	1826	8	62.8218
XM_003326720.2	831	632	2	45.3769
XM_003326721.2	393	194	0	0
XM_003326722.2	1317	1118	0	0
XM_003326723.2	643	444	2	64.5905
XM_003326724.2	948	749	2	38.2886
XM_003326725.2	997	798	32	575.001
XM_003326726.2	729	530	13	351.713
XM_003326727.2	351	152	0	0
XM_003326728.2	2286	2087	6	41.224
XM_003326729.2	1331	1132	4	50.6682
XM_003326730.2	2152	1953	0	0
XM_003326731.2	5251	5052	0	0
XM_003326732.2	1006	807	0	0
XM_003326733.2	5430	5231	3	8.22353
XM_003326734.2	996	797	0	0
XM_003326735.2	806	607	0	0
XM_003326736.1	1791	1592	0	0
XM_003326737.2	585	386	0	0
XM_003326738.2	1008	809	0	0
XM_003326740.2	600	401	0	0
XM_003326741.2	912	713	1	20.1109
XM_003326742.2	1749	1550	2	18.502
XM_003326745.1	1941	1742	0	0
XM_003326746.2	2002	1803	1	7.9529
XM_003326747.2	2022	1823	0	0
XM_003326748.2	2204	2005	0	0
XM_003326749.2	1517	1318	0	0
XM_003326752.2	1439	1240	1	11.5638
XM_003326754.2	1047	848	0	0
XM_003326756.2	1800	1601	4	35.8253
XM_003326757.2	2461	2262	1	6.33912
XM_003326758.2	2150	1951	1	7.34961
XM_003326759.2	1217	1018	0	0
XM_003326760.2	420	221	0	0
XM_003326761.2	895	696	4	82.4085
XM_003326762.2	4243	4044	6	21.2746
XM_003326763.2	618	419	0	0
XM_003326764.2	583	384	0	0
XM_003326765.2	4532	4333	4	13.2371
XM_003326767.2	852	653	9	197.629
XM_003326768.2	1919	1720	0	0
XM_003326769.2	1346	1147	3	37.5041
XM_003326770.2	827	628	0	0
XM_003326771.2	1462	1263	0	0
XM_003326772.2	2155	1956	4	29.3233
XM_003326773.2	1197	998	7	100.575
XM_003326774.2	868	669	13	278.637
XM_003326776.1	318	119	0	0
XM_003326777.2	966	767	0	0
XM_003326778.2	888	689	0	0
XM_003326784.1	726	527	0	0
XM_003326790.1	318	119	0	0
XM_003326791.2	1419	1220	9	105.78
XM_003326792.1	318	119	0	0
XM_003326793.1	399	200	0	0
XM_003326794.2	1653	1454	0	0
XM_003326795.2	1612	1413	0	0
XM_003326796.2	744	545	1	26.3103
XM_003326797.2	1083	884	0	0
XM_003326798.2	411	212	0	0
XM_003326799.1	237	39.4185	0	0
XM_003326800.2	1584	1385	0	0
XM_003326801.2	1909	1710	0	0
XM_003326803.2	329	130	0	0
XM_003326805.2	960	761	1	18.8424
XM_003326806.2	1391	1192	1	12.0294
XM_003326808.1	561	362	12	475.329
XM_003326810.2	1816	1617	7	62.074
XM_003326812.2	1143	944	0	0
XM_003326816.2	846	647	0	0
XM_003326817.2	1864	1665	1	8.61206
XM_003326818.2	1079	880	4	65.1777
XM_003326819.2	339	140	0	0
XM_003326820.2	484	285	0	0
XM_003326821.2	969	770	0	0
XM_003326822.2	1257	1058	0	0
XM_003326823.1	1353	1154	0	0
XM_003326824.2	1421	1222	0	0
XM_003326825.2	1489	1290	2	22.2311
XM_003326827.2	1727	1528	1	9.38422
XM_003326828.2	339	140	0	0
XM_003326831.2	2211	2012	3	21.3803
XM_003326832.2	4090	3891	2	7.37039
XM_003326833.2	2747	2548	4	22.5103
XM_003326834.2	512	313	0	0
XM_003326835.2	2561	2362	5	30.3537
XM_003326836.2	572	373	0	0
XM_003326837.2	1744	1545	43	399.081
XM_003326838.2	847	648	0	0
XM_003326839.2	933	734	0	0
XM_003326842.2	309	110	0	0
XM_003326843.2	1109	910	21	330.902
XM_003326844.2	3648	3449	13	54.047
XM_003326845.2	1295	1096	15	196.247
XM_003326846.2	1017	818	2	35.0589
XM_003326847.2	773	574	0	0
XM_003326848.2	926	727	0	0
XM_003326849.2	1112	913	0	0
XM_003326850.2	666	467	0	0
XM_003326851.2	826	627	0	0
XM_003326852.2	1795	1596	3	26.9532
XM_003326853.2	1379	1180	0	0
XM_003326854.2	1739	1540	0	0
XM_003326855.2	564	365	0	0
XM_003326856.2	2110	1911	8	60.0276
XM_003326857.2	815	616	0	0
XM_003326859.2	1842	1643	0	0
XM_003326860.2	654	455	0	0
XM_003326867.2	267	68.0268	0	0
XM_003326869.2	1616	1417	0	0
XM_003326870.2	1228	1029	0	0
XM_003326872.1	951	752	0	0
XM_003326874.2	2514	2315	1	6.19399
XM_003326875.2	372	173	0	0
XM_003326876.2	584	385	0	0
XM_003326877.2	615	416	0	0
XM_003326878.2	6836	6637	10	21.6048
XM_003326879.2	1527	1328	0	0
XM_003326880.2	2160	1961	0	0
XM_003326881.2	1836	1637	11	96.3531
XM_003326883.2	2032	1833	19	148.632
XM_003326884.2	1220	1021	8	112.353
XM_003326885.2	803	604	0	0
XM_003326886.2	1618	1419	1	10.1051
XM_003326887.1	1272	1073	0	0
XM_003326888.2	1797	1598	1	8.97315
XM_003326890.2	608	409	0	0
XM_003326891.2	1651	1452	8	79.0032
XM_003326892.2	1082	883	6	97.4343
XM_003326893.2	2964	2765	2	10.3719
XM_003326895.1	1476	1277	0	0
XM_003326896.2	447	248	0	0
XM_003326897.2	294	95.0001	0	0
XM_003326898.2	2208	2009	0	0
XM_003326899.1	1395	1196	0	0
XM_003326900.2	486	287	0	0
XM_003326912.1	312	113	0	0
XM_003326917.2	669	470	0	0
XM_003326918.1	1380	1181	0	0
XM_003326920.2	204	18.2087	0	0
XM_003326921.2	654	455	0	0
XM_003326925.2	1358	1159	21	259.811
XM_003326926.2	333	134	7	749.057
XM_003326928.2	1668	1469	6	58.5667
XM_003326929.1	402	203	1	70.6359
XM_003326930.2	4477	4278	12	40.2218
XM_003326932.2	2455	2256	0	0
XM_003326933.1	444	245	0	0
XM_003326937.1	516	317	0	0
XM_003326938.2	2630	2431	6	35.3906
XM_003326939.2	2656	2457	5	29.1801
XM_003326942.1	3183	2984	0	0
XM_003326944.1	336	137	0	0
XM_003326945.1	870	671	0	0
XM_003326950.2	1314	1115	4	51.4407
XM_003326951.2	2502	2303	2	12.4525
XM_003326952.2	1734	1535	0	0
XM_003326954.2	1590	1391	0	0
XM_003326956.2	2641	2442	55	322.952
XM_003326957.2	2155	1956	1	7.33082
XM_003326958.2	1005	806	0	0
XM_003326959.2	2079	1880	0	0
XM_003326960.1	1002	803	0	0
XM_003326961.1	2505	2306	0	0
XM_003326965.2	1111	912	1	15.7227
XM_003326968.2	986	787	0	0
XM_003326969.2	2455	2256	1	6.35598
XM_003326970.2	477	278	0	0
XM_003326971.1	387	188	0	0
XM_003326972.2	2925	2726	8	42.081
XM_003326973.2	3243	3044	1	4.71061
XM_003326974.2	2250	2051	0	0
XM_003326975.2	439	240	0	0
XM_003326976.1	576	377	0	0
XM_003326977.1	3606	3407	2	8.41743
XM_003326978.2	514	315	0	0
XM_003326979.1	1335	1136	0	0
XM_003326982.1	498	299	0	0
XM_003326984.2	627	428	1	33.5025
XM_003326990.2	2781	2582	0	0
XM_003326991.2	336	137	0	0
XM_003326992.2	261	62.0706	0	0
XM_003326994.2	617	418	0	0
XM_003326995.2	411	212	0	0
XM_003326996.2	1127	928	10	154.516
XM_003326997.2	1231	1032	11	152.839
XM_003326998.1	1443	1244	0	0
XM_003326999.2	597	398	0	0
XM_003327001.2	1200	1001	0	0
XM_003327002.1	426	227	0	0
XM_003327003.1	1128	929	0	0
XM_003327004.1	504	305	0	0
XM_003327006.1	1887	1688	0	0
XM_003327008.2	975	776	0	0
XM_003327009.1	1194	995	0	0
XM_003327010.2	964	765	3	56.2317
XM_003327011.2	2643	2444	0	0
XM_003327013.1	747	548	0	0
XM_003327014.2	288	89.0004	0	0
XM_003327016.2	1174	975	34	500.03
XM_003327017.2	2225	2026	5	35.3877
XM_003327018.1	1494	1295	1	11.0727
XM_003327019.2	861	662	15	324.904
XM_003327022.2	2670	2471	0	0
XM_003327023.2	2127	1928	0	0
XM_003327024.1	2121	1922	0	0
XM_003327025.1	1914	1715	5	41.8049
XM_003327026.2	2995	2796	1	5.12843
XM_003327027.2	541	342	1	41.9272
XM_003327028.1	573	374	0	0
XM_003327030.1	2079	1880	0	0
XM_003327033.2	963	764	0	0
XM_003327034.2	558	359	0	0
XM_003327035.2	4098	3899	2	7.35526
XM_003327038.2	3241	3042	0	0
XM_003327039.2	926	727	0	0
XM_003327040.2	1511	1312	2	21.8584
XM_003327041.2	1032	833	1	17.2138
XM_003327042.2	1594	1395	2	20.5578
XM_003327043.2	1738	1539	2	18.6343
XM_003327048.2	1902	1703	0	0
XM_003327049.2	2263	2064	0	0
XM_003327050.2	731	532	4	107.813
XM_003327052.2	2844	2645	0	0
XM_003327053.2	345	146	0	0
XM_003327055.2	1996	1797	17	135.651
XM_003327057.2	1336	1137	6	75.668
XM_003327058.2	2457	2258	1	6.35035
XM_003327059.2	1880	1681	5	42.6505
XM_003327060.2	1329	1130	0	0
XM_003327061.1	750	551	0	0
XM_003327066.2	1170	971	5	73.8367
XM_003327067.2	1881	1682	0	0
XM_003327068.2	3502	3303	3	13.0237
XM_003327069.1	537	338	1	42.4233
XM_003327070.1	519	320	0	0
XM_003327075.2	1128	929	0	0
XM_003327076.2	1720	1521	2	18.8548
XM_003327078.2	1508	1309	0	0
XM_003327082.2	2428	2229	10	64.3297
XM_003327084.2	1795	1596	0	0
XM_003327086.2	932	733	0	0
XM_003327087.2	1285	1086	0	0
XM_003327088.2	2868	2669	1	5.37246
XM_003327090.2	943	744	6	115.638
XM_003327092.1	1062	863	0	0
XM_003327097.2	996	797	1	17.9913
XM_003327098.2	4140	3941	2	7.27688
XM_003327100.2	1331	1132	16	202.673
XM_003327101.2	2598	2399	3	17.9313
XM_003327106.2	2071	1872	0	0
XM_003327107.2	2030	1831	0	0
XM_003327108.2	4312	4113	2	6.97257
XM_003327110.2	1573	1374	0	0
XM_003327111.2	863	664	6	129.57
XM_003327112.2	1510	1311	0	0
XM_003327113.2	1137	938	4	61.1475
XM_003327114.2	2527	2328	6	36.9564
XM_003327115.2	1022	823	0	0
XM_003327116.2	207	19.5103	0	0
XM_003327117.2	2341	2142	0	0
XM_003327118.1	867	668	0	0
XM_003327122.1	537	338	0	0
XM_003327123.1	327	128	0	0
XM_003327124.2	1803	1604	13	116.215
XM_003327128.2	1323	1124	0	0
XM_003327129.2	1065	866	0	0
XM_003327130.2	1776	1577	3	27.2779
XM_003327131.2	2025	1826	5	39.2637
XM_003327133.1	330	131	0	0
XM_003327136.2	1438	1239	39	451.351
XM_003327137.2	1245	1046	0	0
XM_003327138.2	3102	2903	0	0
XM_003327139.2	1963	1764	0	0
XM_003327140.2	489	290	0.5	24.7226
XM_003327141.2	2642	2443	0	0
XM_003327142.2	850	651	0	0
XM_003327143.1	729	530	0	0
XM_003327144.2	5070	4871	0	0
XM_003327145.2	1059	860	0	0
XM_003327148.2	1986	1787	0	0
XM_003327149.1	1233	1034	0	0
XM_003327150.2	1554	1355	0	0
XM_003327152.2	2028	1829	0	0
XM_003327154.2	2037	1838	0	0
XM_003327155.2	2331	2132	0	0
XM_003327156.2	1122	923	0	0
XM_003327157.2	880	681	0	0
XM_003327158.2	1843	1644	1	8.72207
XM_003327162.2	3000	2801	1	5.11927
XM_003327163.1	390	191	0	0
XM_003327164.2	4480	4281	0	0
XM_003327166.2	3036	2837	0	0
XM_003327167.2	2923	2724	0	0
XM_003327169.2	195	14.9308	0	0
XM_003327170.2	1924	1725	0	0
XM_003327171.2	2883	2684	1	5.34243
XM_003327172.2	508	309	0	0
XM_003327173.1	519	320	0	0
XM_003327175.2	2179	1980	3	21.7259
XM_003327176.2	408	209	0	0
XM_003327177.2	168	9.06081	0	0
XM_003327179.2	4683	4484	0	0
XM_003327180.2	630	431	4	133.077
XM_003327181.1	1593	1394	3	30.8589
XM_003327183.1	525	326	0	0
XM_003327186.2	303	104	0	0
XM_003327187.2	2571	2372	0	0
XM_003327188.2	1146	947	0	0
XM_003327189.2	234	36.8813	0	0
XM_003327190.2	978	779	0	0
XM_003327192.2	609	410	0	0
XM_003327194.2	1323	1124	0	0
XM_003327195.2	831	632	0	0
XM_003327196.2	747	548	0	0
XM_003327203.2	537	338	0	0
XM_003327207.2	336	137	0	0
XM_003327210.2	696	497	0	0
XM_003327212.1	681	482	0	0
XM_003327213.2	630	431	0	0
XM_003327214.2	366	167	0	0
XM_003327221.1	441	242	0	0
XM_003327222.2	195	14.9308	0	0
XM_003327224.2	438	239	0	0
XM_003327225.1	474	275	0	0
XM_003327226.1	600	401	0	0
XM_003327227.1	303	104	0	0
XM_003327232.1	651	452	0	0
XM_003327233.2	1077	878	0	0
XM_003327234.1	1236	1037	0	0
XM_003327236.2	333	134	0	0
XM_003327240.2	1901	1702	11	92.6733
XM_003327243.1	1662	1463	0	0
XM_003327244.2	616	417	0	0
XM_003327246.2	1363	1164	11	135.507
XM_003327247.2	984	785	1	18.2664
XM_003327249.2	3711	3512	0	0
XM_003327250.2	1447	1248	11	126.386
XM_003327252.2	1714	1515	0	0
XM_003327253.2	1899	1700	3	25.3043
XM_003327254.2	2255	2056	9	62.7684
XM_003327256.2	2049	1850	4	31.0034
XM_003327257.2	909	710	0	0
XM_003327258.1	351	152	0	0
XM_003327261.2	899	700	6	122.906
XM_003327262.2	2535	2336	17	104.351
XM_003327263.2	159	7.91627	0	0
XM_003327264.2	1645	1446	1	9.91638
XM_003327269.2	402	203	0	0
XM_003327270.1	351	152	0	0
XM_003327271.2	2609	2410	14	83.2976
XM_003327272.2	228	32.1317	0	0
XM_003327273.1	300	101	0	0
XM_003327274.2	1955	1756	0	0
XM_003327275.2	1506	1307	21	230.391
XM_003327277.2	1529	1330	0	0
XM_003327278.2	3331	3132	1	4.57825
XM_003327279.2	1014	815	0	0
XM_003327280.2	2781	2582	0	0
XM_003327284.1	483	284	0	0
XM_003327286.2	2964	2765	2	10.3719
XM_003327291.1	2028	1829	0	0
XM_003327292.2	1092	893	0	0
XM_003327298.2	624	425	0	0
XM_003327299.2	1499	1300	4	44.1203
XM_003327300.1	1026	827	1	17.3387
XM_003327301.2	372	173	5	414.424
XM_003327304.1	1401	1202	0	0
XM_003327305.2	792	593	0	0
XM_003327306.2	2747	2548	2	11.2552
XM_003327308.2	2701	2502	2	11.4621
XM_003327309.1	1629	1430	0	0
XM_003327310.2	1042	843	0	0
XM_003327312.2	567	368	0	0
XM_003327313.1	600	401	0	0
XM_003327314.2	1128	929	2	30.8699
XM_003327315.2	978	779	0	0
XM_003327316.2	968	769	24	447.514
XM_003327320.1	1035	836	0	0
XM_003327321.1	663	464	0	0
XM_003327322.2	753	554	0	0
XM_003327323.2	570	371	0	0
XM_003327325.2	2153	1954	8.99998	66.0448
XM_003327326.2	3997	3798	4	15.1017
XM_003327327.2	3641	3442	1	4.16592
XM_003327328.2	837	638	0	0
XM_003327329.1	699	500	0	0
XM_003327330.2	516	317	0	0
XM_003327331.2	2349	2150	1	6.66934
XM_003327334.2	5552	5353	12	32.1444
XM_003327335.2	2764	2565	3	16.7709
XM_003327336.1	732	533	0	0
XM_003327337.2	1324	1125	18	229.425
XM_003327338.2	1478	1279	0	0
XM_003327339.2	1888	1689	1	8.48969
XM_003327340.1	2577	2378	0	0
XM_003327341.2	873	674	0	0
XM_003327342.2	1560	1361	0	0
XM_003327343.1	324	125	0	0
XM_003327345.1	879	680	0	0
XM_003327346.2	2379	2180	0	0
XM_003327347.2	2868	2669	0	0
XM_003327348.1	732	533	0	0
XM_003327349.2	1385	1186	6	72.5418
XM_003327350.2	672	473	0	0
XM_003327352.2	845	646	0	0
XM_003327354.1	783	584	0	0
XM_003327355.2	1278	1079	0	0
XM_003327357.2	1512	1313	0	0
XM_003327358.2	228	32.1317	0	0
XM_003327359.2	1979	1780	1	8.05567
XM_003327360.2	2129	1930	9	66.8662
XM_003327362.2	1533	1334	0	0
XM_003327363.1	1173	974	0	0
XM_003327364.2	327	128	0	0
XM_003327366.2	960	761	0	0
XM_003327367.2	2309	2110	5	33.9789
XM_003327368.2	1051	852	0	0
XM_003327369.2	2145	1946	0	0
XM_003327370.2	1942	1743	151	1242.23
XM_003327371.2	1968	1769	0	0
XM_003327373.1	1158	959	0	0
XM_003327374.1	1188	989	0	0
XM_003327375.2	1620	1421	0	0
XM_003327376.2	1914	1715	0	0
XM_003327378.2	1066	867	19	314.236
XM_003327379.2	2314	2115	0	0
XM_003327380.1	1224	1025	0	0
XM_003327382.2	1107	908	0	0
XM_003327383.2	605	406	0	0
XM_003327384.2	3430	3231	1	4.43797
XM_003327385.2	976	777	0	0
XM_003327386.2	1448	1249	0	0
XM_003327387.2	994	795	2	36.0732
XM_003327389.2	914	715	18	360.984
XM_003327391.2	606	407	0	0
XM_003327392.2	937	738	0	0
XM_003327393.2	585	386	0	0
XM_003327394.2	1231	1032	0	0
XM_003327395.2	4258	4059	1	3.53266
XM_003327399.2	4281	4082	3	10.5383
XM_003327400.2	2170	1971	2	14.5501
XM_003327403.2	297	98.0001	0	0
XM_003327404.2	1383	1184	0	0
XM_003327405.2	2120	1921	0	0
XM_003327406.2	868	669	0	0
XM_003327408.2	900	701	0	0
XM_003327409.2	2518	2319	5	30.9165
XM_003327410.2	2295	2096	0	0
XM_003327411.2	948	749	3	57.4329
XM_003327413.1	822	623	0	0
XM_003327415.2	255	56.1701	0	0
XM_003327418.2	4004	3805	2	7.53697
XM_003327419.2	1758	1559	0	0
XM_003327421.2	2739	2540	0	0
XM_003327422.2	7771	7572	4	7.57479
XM_003327428.2	1495	1296	0	0
XM_003327430.2	558	359	0	0
XM_003327431.1	558	359	0	0
XM_003327432.2	2766	2567	0	0
XM_003327434.2	4415	4216	4	13.6044
XM_003327435.2	897	698	0	0
XM_003327437.1	558	359	0	0
XM_003327438.2	3195	2996	0	0
XM_003327441.2	1987	1788	0	0
XM_003327443.1	705	506	0	0
XM_003327444.2	588	389	0	0
XM_003327445.2	2289	2090	0	0
XM_003327446.2	2794	2595	0	0
XM_003327447.2	975	776	4	73.9128
XM_003327448.2	2815	2616	8	43.8504
XM_003327449.1	393	194	0	0
XM_003327450.2	3102	2903	1	4.9394
XM_003327451.2	623	424	1	33.8186
XM_003327453.2	2443	2244	6	38.3398
XM_003327454.2	387	188	0	0
XM_003327455.2	905	706	4	81.2413
XM_003327456.2	1826	1627	2	17.6264
XM_003327458.2	1268	1069	0	0
XM_003327459.2	1439	1240	0	0
XM_003327460.2	1218	1019	0	0
XM_003327461.2	3765	3566	0	0
XM_003327462.2	1115	916	0	0
XM_003327463.2	1111	912	2	31.4454
XM_003327465.2	1851	1652	4	34.7193
XM_003327466.2	2126	1927	27	200.911
XM_003327467.2	363	164	0	0
XM_003327468.2	2416	2217	2	12.9356
XM_003327469.2	1547	1348	3	31.9119
XM_003327471.2	591	392	0	0
XM_003327472.2	2020	1821	3	23.6229
XM_003327473.2	1290	1091	10	131.431
XM_003327474.2	4132	3933	1	3.64584
XM_003327475.2	4516	4317	1	3.32154
XM_003327478.2	488	289	0	0
XM_003327479.1	1164	965	0	0
XM_003327480.2	1062	863	2	33.2308
XM_003327489.1	516	317	0	0
XM_003327490.1	402	203	0	0
XM_003327491.2	561	362	0	0
XM_003327492.1	306	107	0	0
XM_003327493.2	2601	2402	4	23.8786
XM_003327494.2	2168	1969	1	7.28242
XM_003327496.1	324	125	0	0
XM_003327499.2	4118	3919	0	0
XM_003327500.2	1145	946	2	30.3152
XM_003327501.2	1626	1427	0	0
XM_003327505.2	1636	1437	2	19.957
XM_003327508.2	1672	1473	3	29.2038
XM_003327509.2	1513	1314	3	32.7376
XM_003327510.2	1022	823	0	0
XM_003327511.2	2265	2066	9.47333	65.7497
XM_003327512.2	1863	1664	5	43.0862
XM_003327515.2	495	296	0	0
XM_003327516.2	2502	2303	2	12.4525
XM_003327517.2	1188	989	0	0
XM_003327519.2	1599	1400	0	0
XM_003327520.2	576	377	4	152.139
XM_003327521.2	2772	2573	0	0
XM_003327522.1	1596	1397	0	0
XM_003327524.2	1908	1709	1	8.39034
XM_003327525.1	489	290	0	0
XM_003327529.2	927	728	9	177.269
XM_003327530.2	365	166	2	172.76
XM_003327531.2	738	539	2	53.2063
XM_003327532.2	2255	2056	0	0
XM_003327533.2	2219	2020	21	149.07
XM_003327534.2	1491	1292	0	0
XM_003327535.2	2407	2208	0	0
XM_003327536.2	956	757	0	0
XM_003327537.2	1223	1024	3	42.009
XM_003327538.2	1669	1470	34	331.652
XM_003327539.2	1875	1676	1	8.55554
XM_003327540.2	2951	2752	0	0
XM_003327541.2	685	486	4	118.017
XM_003327542.2	873	674	5	106.373
XM_003327543.2	4128	3929	0	0
XM_003327544.2	966	767	1	18.695
XM_003327546.2	2030	1831	1	7.83129
XM_003327548.2	1310	1111	2	25.8129
XM_003327549.2	3303	3104	1	4.61955
XM_003327550.2	776	577	3	74.5533
XM_003327551.2	1941	1742	4	32.9256
XM_003327552.2	789	590	1	24.3035
XM_003327553.2	1285	1086	1	13.2036
XM_003327554.2	411	212	0	0
XM_003327555.2	1026	827	3	52.016
XM_003327556.2	2357	2158	0.00310578	0.0206367
XM_003327557.2	979	780	2	36.7669
XM_003327558.2	1010	811	0	0
XM_003327559.2	1530	1331	0	0
XM_003327560.2	1895	1696	8	67.6372
XM_003327561.2	1334	1135	1	12.6336
XM_003327562.2	1960	1761	11	89.5684
XM_003327563.2	1874	1675	0	0
XM_003327564.2	1976	1777	1	8.06927
XM_003327565.1	669	470	0	0
XM_003327566.2	582	383	0	0
XM_003327567.2	672	473	0	0
XM_003327568.2	489	290	0	0
XM_003327569.1	1197	998	0	0
XM_003327570.2	3329	3130	6	27.4871
XM_003327573.2	2328	2129	1	6.73513
XM_003327574.2	4710	4511	5	15.8935
XM_003327575.2	2172	1973	9	65.4089
XM_003327577.2	1761	1562	1	9.17995
XM_003327578.1	432	233	0	0
XM_003327579.2	648	449	0	0
XM_003327581.2	1890	1691	3	25.4389
XM_003327582.2	3149	2950	1	4.86071
XM_003327585.1	969	770	0	0
XM_003327587.1	1599	1400	0	0
XM_003327588.2	2687	2488	7	40.3431
XM_003327589.1	1209	1010	0	0
XM_003327590.2	660	461	0	0
XM_003327591.2	552	353	0	0
XM_003327593.2	792	593	0	0
XM_003327594.1	300	101	0	0
XM_003327595.2	1006	807	0	0
XM_003327596.1	591	392	0	0
XM_003327597.2	758	559	0	0
XM_003327599.2	3182	2983	4	19.2277
XM_003327602.2	999	800	0	0
XM_003327603.2	684	485	0	0
XM_003327606.2	1590	1391	9	92.7763
XM_003327607.2	1633	1434	0	0
XM_003327609.2	1855	1656	3	25.9766
XM_003327612.2	1095	896	6	96.0207
XM_003327613.2	918	719	4	79.7724
XM_003327614.2	629	430	4	133.387
XM_003327615.2	998	799	4	71.7852
XM_003327620.2	1593	1394	0	0
XM_003327622.2	651	452	4	126.895
XM_003327623.1	2187	1988	2	14.4256
XM_003327625.2	1887	1688	22	186.884
XM_003327628.2	572	373	2	76.8852
XM_003327629.2	480	281	0	0
XM_003327630.1	1392	1193	0	0
XM_003327631.2	1753	1554	1	9.22721
XM_003327633.2	754	555	0	0
XM_003327634.2	1580	1381	14	145.364
XM_003327635.2	599	400	1	35.8477
XM_003327637.2	1881	1682	1	8.52502
XM_003327638.2	2166	1967	1	7.28983
XM_003327639.2	1491	1292	0	0
XM_003327642.1	1707	1508	0	0
XM_003327643.2	5487	5288	10	27.1163
XM_003327644.1	462	263	0	0
XM_003327646.1	1209	1010	0	0
XM_003327647.1	465	266	0	0
XM_003327651.2	2946	2747	6	31.3194
XM_003327654.2	321	122	0	0
XM_003327655.1	1815	1616	1	8.8732
XM_003327658.2	3345	3146	0	0
XM_003327660.1	390	191	0	0
XM_003327661.2	888	689	2	41.6229
XM_003327662.2	1749	1550	0	0
XM_003327665.1	720	521	0	0
XM_003327666.2	312	113	0	0
XM_003327667.2	1332	1133	0	0
XM_003327668.2	1561	1362	9	94.7517
XM_003327670.2	1962	1763	4	32.5334
XM_003327673.2	3388	3189	4	17.9857
XM_003327674.2	4557	4358	2	6.58058
XM_003327675.2	4141	3942	2	7.27503
XM_003327676.2	539	340	0	0
XM_003327677.2	826	627	0	0
XM_003327678.2	2428	2229	0	0
XM_003327679.2	3357	3158	3	13.6217
XM_003327680.2	4301	4102	9	31.4607
XM_003327681.2	237	39.4185	0	0
XM_003327682.2	2022	1823	0	0
XM_003327683.1	1095	896	0	0
XM_003327684.2	861	662	4	86.641
XM_003327685.2	279	80.003	0	0
XM_003327687.1	1026	827	0	0
XM_003327688.2	1712	1513	5.34863	50.6903
XM_003327690.2	420	221	0	0
XM_003327691.2	919	720	1	19.9154
XM_003327692.2	1227	1028	1	13.9485
XM_003327693.2	3092	2893	2	9.91295
XM_003327694.2	946	747	0	0
XM_003327696.2	1323	1124	3	38.2716
XM_003327698.2	1181	982	0	0
XM_003327699.2	1262	1063	3	40.4678
XM_003327701.2	2113	1914	4	29.9667
XM_003327702.2	1615	1416	4	40.5059
XM_003327704.1	636	437	0	0
XM_003327705.2	1488	1289	0	0
XM_003327708.2	8519	8320	7	12.0641
XM_003327712.1	567	368	0	0
XM_003327714.2	1453	1254	5	57.1734
XM_003327715.2	1905	1706	0	0
XM_003327718.2	1172	973	1	14.737
XM_003327720.2	715	516	0	0
XM_003327721.1	243	44.7603	0	0
XM_003327722.1	582	383	0	0
XM_003327723.2	2478	2279	0	0
XM_003327724.1	1578	1379	0	0
XM_003327725.2	4511	4312	0	0
XM_003327726.2	1767	1568	2	18.2897
XM_003327727.2	1281	1082	0	0
XM_003327728.2	264	65.044	0	0
XM_003327729.2	1125	926	0	0
XM_003327731.2	1620	1421	2	20.1817
XM_003327732.2	1797	1598	2	17.9463
XM_003327736.2	2666	2467	20	116.247
XM_003327737.2	1975	1776	21	169.55
XM_003327738.2	2467	2268	3	18.967
XM_003327739.2	1723	1524	3	28.2265
XM_003327740.1	489	290	0	0
XM_003327741.2	1341	1142	7	87.8928
XM_003327744.2	7308	7109	4	8.06813
XM_003327745.2	1476	1277	10	112.287
XM_003327746.2	2513	2314	34	210.687
XM_003327747.2	1934	1735	10	82.646
XM_003327748.2	1007	808	0	0
XM_003327749.2	324	125	0	0
XM_003327750.2	1658	1459	5	49.1401
XM_003327751.2	1653	1454	0	0
XM_003327752.2	2511	2312	8	49.6162
XM_003327753.1	324	125	0	0
XM_003327754.2	1479	1280	5	56.0121
XM_003327755.2	1032	833	9	154.924
XM_003327756.2	1891	1692	13	110.17
XM_003327757.2	532	333	0	0
XM_003327758.2	1373	1174	4	48.8555
XM_003327762.2	1565	1366	4	41.9885
XM_003327763.2	4538	4339	1	3.3047
XM_003327765.2	1608	1409	0	0
XM_003327769.2	988	789	46	835.992
XM_003327770.1	522	323	0	0
XM_003327771.1	189	13.1915	0	0
XM_003327772.2	4151	3952	17	61.6813
XM_003327773.2	1214	1015	3	42.3815
XM_003327775.2	2621	2422	0	0
XM_003327776.2	558	359	2	79.8835
XM_003327777.1	4002	3803	2	7.54093
XM_003327778.2	1037	838	0	0
XM_003327779.2	438	239	0	0
XM_003327780.2	1542	1343	0	0
XM_003327781.2	1128	929	0	0
XM_003327782.1	558	359	0	0
XM_003327783.1	486	287	0	0
XM_003327784.2	1689	1490	0	0
XM_003327785.2	1246	1047	0	0
XM_003327786.2	2442	2243	0	0
XM_003327787.1	1989	1790	0	0
XM_003327789.2	1138	939	4	61.0824
XM_003327791.2	1679	1480	5	48.4429
XM_003327794.2	1590	1391	0	0
XM_003327795.2	2514	2315	0	0
XM_003327796.1	1083	884	0	0
XM_003327799.2	465	266	0	0
XM_003327800.2	351	152	0	0
XM_003327801.2	3138	2939	1	4.8789
XM_003327802.2	1035	836	31	531.713
XM_003327804.2	1365	1166	0	0
XM_003327805.1	354	155	0	0
XM_003327806.2	240	42.049	0	0
XM_003327807.2	1677	1478	13	126.122
XM_003327808.2	1129	930	3	46.2551
XM_003327812.2	1659	1460	8	78.5703
XM_003327813.2	1010	811	0	0
XM_003327815.2	1844	1645	48	418.405
XM_003327816.2	794	595	1	24.0993
XM_003327817.2	1623	1424	0	0
XM_003327818.2	1344	1145	2	25.0464
XM_003327819.2	1452	1253	1	11.4438
XM_003327820.2	3427	3228	7	31.0947
XM_003327821.2	836	637	3	67.531
XM_003327822.2	3189	2990	5	23.9784
XM_003327823.2	1577	1378	38	395.417
XM_003327824.2	1236	1037	0	0
XM_003327827.2	651	452	0	0
XM_003327829.2	1483	1284	11	122.843
XM_003327832.2	3127	2928	2	9.79446
XM_003327833.2	906	707	0	0
XM_003327834.2	1125	926	0	0
XM_003327836.2	345	146	0	0
XM_003327837.2	3827	3628	0	0
XM_003327838.2	910	711	1	20.1675
XM_003327841.1	900	701	0	0
XM_003327842.1	1422	1223	0	0
XM_003327845.2	1174	975	2	29.4135
XM_003327846.2	1171	972	8	118.017
XM_003327847.2	2949	2750	4	20.8569
XM_003327848.2	864	665	3	64.6876
XM_003327849.2	1298	1099	7	91.3318
XM_003327850.2	843	644	0	0
XM_003327851.2	1704	1505	2	19.0553
XM_003327856.2	1435	1236	0	0
XM_003327857.2	6585	6386	8	17.9632
XM_003327862.2	944	745	25	481.177
XM_003327864.2	582	383	0	0
XM_003327865.2	682	483	0	0
XM_003327866.1	216	24.1385	109	64749.7
XM_003327867.2	723	524	0	0
XM_003327868.2	3431	3232	1	4.4366
XM_003327870.2	3570	3371	1	4.25366
XM_003327871.2	409	210	0	0
XM_003327872.2	866	667	0	0
XM_003327873.1	1239	1040	0	0
XM_003327874.2	324	125	0	0
XM_003327875.2	1221	1022	0	0
XM_003327876.2	2946	2747	0	0
XM_003327885.1	321	122	0	0
XM_003327886.2	1032	833	31	533.627
XM_003327887.2	1765	1566	0	0
XM_003327888.2	705	506	1	28.3381
XM_003327889.2	2697	2498	0	0
XM_003327890.2	1174	975	18	264.722
XM_003327891.2	489	290	1	49.4451
XM_003327892.2	1708	1509	0	0
XM_003327893.2	471	272	0	0
XM_003327894.2	2337	2138	2	13.4136
XM_003327896.2	1622	1423	5	50.3833
XM_003327897.2	2204	2005	4	28.6067
XM_003327899.2	1773	1574	3	27.3299
XM_003327900.2	1256	1057	0	0
XM_003327901.1	840	641	0	0
XM_003327902.2	2372	2173	43	283.746
XM_003327903.2	1245	1046	0	0
XM_003327904.2	1083	884	0	0
XM_003327909.2	832	633	2	45.3052
XM_003327915.2	4339	4140	1	3.46355
XM_003327917.2	1044	845	1	16.9693
XM_003327919.2	1055	856	1	16.7513
XM_003327920.2	1064	865	0	0
XM_003327921.2	453	254	0	0
XM_003327923.2	4512	4313	2	6.64924
XM_003327924.1	3468	3269	1	4.38638
XM_003327929.2	1143	944	0	0
XM_003327930.2	673	474	2	60.5025
XM_003327932.2	2412	2213	5	32.3974
XM_003327934.2	2767	2568	4	22.335
XM_003327939.2	309	110	0	0
XM_003327941.2	1961	1762	2	16.2759
XM_003327942.2	2444	2245	3	19.1614
XM_003327943.2	1543	1344	0	0
XM_003327945.2	2066	1867	2	15.3606
XM_003327946.2	651	452	0	0
XM_003327947.2	548	349	0	0
XM_003327948.2	1595	1396	8	82.1724
XM_003327949.2	1376	1177	2	24.3655
XM_003327950.2	1368	1169	6	73.5967
XM_003327951.2	2253	2054	2	13.9621
XM_003327953.2	1362	1163	0	0
XM_003327955.1	366	167	0	0
XM_003327956.2	567	368	0	0
XM_003327957.2	742	543	3	79.2215
XM_003327961.1	1260	1061	0	0
XM_003327962.2	864	665	0	0
XM_003327963.1	690	491	0	0
XM_003327964.2	825	626	0	0
XM_003327965.2	2957	2758	1	5.19909
XM_003327968.2	435	236	0	0
XM_003327969.2	1972	1773	0	0
XM_003327970.2	361	162	0	0
XM_003327973.2	267	68.0268	0	0
XM_003327974.2	345	146	0	0
XM_003327976.2	362	163	370.943	32631.8
XM_003327977.2	2620	2421	2	11.8456
XM_003327979.1	1668	1469	0	0
XM_003327980.2	1344	1145	0	0
XM_003327981.1	351	152	0	0
XM_003327982.1	423	224	0	0
XM_003327983.2	1400	1201	0	0
XM_003327984.2	1434	1235	9	104.495
XM_003327985.2	2106	1907	4	30.0767
XM_003327987.2	1661	1462	0	0
XM_003327988.1	1332	1133	2	25.3117
XM_003327989.1	1263	1064	0	0
XM_003327991.2	1099	900	3	47.797
XM_003327992.2	1155	956	0	0
XM_003327993.2	2601	2402	6	35.8179
XM_003327994.2	372	173	0	0
XM_003327995.2	580	381	0	0
XM_003327996.2	1357	1158	0	0
XM_003327998.2	803	604	0	0
XM_003327999.2	2387	2188	2	13.107
XM_003328002.2	399	200	0	0
XM_003328003.1	525	326	0	0
XM_003328004.2	1200	1001	0	0
XM_003328006.2	2640	2441	0	0
XM_003328007.1	2340	2141	0	0
XM_003328008.2	1395	1196	0	0
XM_003328009.1	399	200	0	0
XM_003328012.2	3185	2986	3	14.4063
XM_003328013.2	2045	1846	0	0
XM_003328015.2	2764	2565	0	0
XM_003328016.2	2328	2129	3	20.2054
XM_003328017.2	2039	1840	8	62.3439
XM_003328018.2	1772	1573	2	18.2315
XM_003328019.2	1575	1376	2	20.8417
XM_003328020.2	2614	2415	4.2138e-05	0.000250195
XM_003328021.2	1645	1446	3	29.7491
XM_003328022.1	438	239	1	59.9962
XM_003328023.2	303	104	0	0
XM_003328025.2	396	197	0	0
XM_003328027.2	852	653	0	0
XM_003328030.2	1363	1164	0	0
XM_003328031.2	2015	1816	5	39.4799
XM_003328033.1	1437	1238	0	0
XM_003328034.2	1837	1638	2	17.508
XM_003328035.2	1666	1467	0	0
XM_003328036.2	2605	2406	3	17.8792
XM_003328037.2	2024	1825	0	0
XM_003328038.2	2691	2492	0	0
XM_003328040.2	1485	1286	1	11.1501
XM_003328042.2	2298	2099	4	27.3256
XM_003328043.2	3069	2870	3	14.9886
XM_003328047.1	810	611	0	0
XM_003328048.2	1098	899	0	0
XM_003328049.1	1752	1553	0	0
XM_003328053.2	825	626	0	0
XM_003328055.1	486	287	0	0
XM_003328056.1	393	194	0	0
XM_003328057.2	2385	2186	5	32.7975
XM_003328058.2	1947	1748	0	0
XM_003328059.2	2005	1806	3	23.8191
XM_003328060.2	482	283	0	0
XM_003328061.1	435	236	0	0
XM_003328062.2	2958	2759	2	10.3944
XM_003328065.2	324	125	0	0
XM_003328068.2	1320	1121	2	25.5827
XM_003328073.2	822	623	2	46.0324
XM_003328074.1	1191	992	5	72.2736
XM_003328075.1	669	470	1	30.5087
XM_003328076.1	2115	1916	0	0
XM_003328077.2	1822	1623	1	8.83493
XM_003328078.2	1881	1682	0	0
XM_003328079.2	800	601	0	0
XM_003328084.2	297	98.0001	0	0
XM_003328086.2	675	476	2	60.2483
XM_003328090.1	813	614	0	0
XM_003328091.1	2193	1994	0	0
XM_003328092.2	2925	2726	0	0
XM_003328093.2	723	524	0	0
XM_003328094.1	438	239	0	0
XM_003328096.2	1866	1667	5	43.0087
XM_003328097.2	2197	1998	0	0
XM_003328099.2	3353	3154	3	13.639
XM_003328101.1	831	632	0	0
XM_003328102.2	3471	3272	0	0
XM_003328105.2	1758	1559	3	27.5929
XM_003328106.2	985	786	0	0
XM_003328107.2	3639	3440	0	0
XM_003328108.2	1086	887	0	0
XM_003328109.1	1494	1295	0	0
XM_003328113.2	4639	4440	2	6.45905
XM_003328114.2	2496	2297	5	31.2126
XM_003328115.2	867	668	20	429.314
XM_003328116.2	465	266	5.92025	319.139
XM_003328117.2	1012	813	16.7802	295.956
XM_003328118.2	957	758	0	0
XM_003328120.2	1170	971	1.20702	17.8245
XM_003328121.2	2112	1913	0	0
XM_003328122.2	786	587	0	0
XM_003328124.1	483	284	0	0
XM_003328129.2	791	592	9.07975	219.925
XM_003328130.2	1063	864	12.2198	202.803
XM_003328131.2	1121	922	0	0
XM_003328132.2	3619	3420	2.79298	11.7102
XM_003328133.2	539	340	0	0
XM_003328134.2	1197	998	0	0
XM_003328137.2	237	39.4185	0	0
XM_003328139.2	1914	1715	0	0
XM_003328140.2	2530	2331	4	24.6059
XM_003328141.2	1984	1785	0	0
XM_003328144.2	1761	1562	0	0
XM_003328145.2	249	50.3754	0	0
XM_003328146.2	1871	1672	2	17.152
XM_003328147.2	444	245	14	819.376
XM_003328148.2	1050	851	0	0
XM_003328149.1	1194	995	0	0
XM_003328150.2	2769	2570	4	22.3176
XM_003328151.2	2232	2033	6	42.319
XM_003328153.1	411	212	2	135.274
XM_003328154.2	921	722	0	0
XM_003328155.2	2559	2360	0	0
XM_003328156.2	4107	3908	2	7.33832
XM_003328157.2	1239	1040	0	0
XM_003328158.1	1524	1325	0	0
XM_003328159.2	784	585	16	392.18
XM_003328160.2	1680	1481	11	106.502
XM_003328161.1	1422	1223	0	0
XM_003328164.2	996	797	0	0
XM_003328165.2	1119	920	1	15.586
XM_003328166.2	4353	4154	1	3.45187
XM_003328167.2	1620	1421	9	90.8176
XM_003328168.2	414	215	1	66.6934
XM_003328169.2	918	719	0	0
XM_003328170.2	1128	929	0	0
XM_003328172.2	2297	2098	8	54.6772
XM_003328174.2	1188	989	3	43.4957
XM_003328175.2	948	749	0	0
XM_003328176.2	963	764	7	131.379
XM_003328178.2	1266	1067	0	0
XM_003328179.2	174	9.99669	0	0
XM_003328181.2	1148	949	2	30.2194
XM_003328182.2	1935	1736	3	24.7795
XM_003328184.2	1251	1052	0	0
XM_003328187.2	507	308	0	0
XM_003328189.1	563	364	2	78.7862
XM_003328190.2	3021	2822	0	0
XM_003328191.2	4497	4298	4	13.3449
XM_003328192.2	1365	1166	0	0
XM_003328193.2	356	157	0	0
XM_003328194.2	1964	1765	4	32.4965
XM_003328196.1	702	503	0	0
XM_003328199.1	888	689	0	0
XM_003328202.2	1058	859	0	0
XM_003328204.1	525	326	0	0
XM_003328205.2	4322	4123	0	0
XM_003328206.1	816	617	1	23.24
XM_003328207.2	300	101	0	0
XM_003328208.2	390	191	0	0
XM_003328209.2	1437	1238	1.09618e-06	1.26964e-05
XM_003328211.1	1536	1337	0	0
XM_003328212.2	614	415	0	0
XM_003328213.2	1101	902	0	0
XM_003328216.2	564	365	0	0
XM_003328218.2	845	646	1	22.1967
XM_003328219.2	1116	917	1	15.637
XM_003328220.2	2321	2122	2	13.5147
XM_003328221.2	1728	1529	0	0
XM_003328223.2	168	9.06081	0	0
XM_003328224.1	165	8.64817	0	0
XM_003328225.1	909	710	0	0
XM_003328226.2	366	167	0	0
XM_003328227.1	1365	1166	0	0
XM_003328228.2	393	194	0	0
XM_003328232.2	1225	1026	6	83.8543
XM_003328233.2	1823	1624	1	8.82949
XM_003328234.2	2856	2657	0	0
XM_003328235.2	1668	1469	0	0
XM_003328237.2	588	389	0	0
XM_003328239.1	1527	1328	0	0
XM_003328240.2	498	299	0	0
XM_003328241.1	384	185	0	0
XM_003328244.2	583	384	0	0
XM_003328245.2	2462	2263	0	0
XM_003328246.2	1232	1033	3	41.643
XM_003328250.1	318	119	1	120.497
XM_003328252.2	2073	1874	2	15.3032
XM_003328255.1	405	206	1	69.6072
XM_003328256.2	1600	1401	6	61.4094
XM_003328258.2	744	545	0	0
XM_003328260.1	603	404	0	0
XM_003328261.2	1565	1366	0	0
XM_003328262.2	629	430	0	0
XM_003328263.2	2394	2195	0	0
XM_003328264.2	1947	1748	0	0
XM_003328265.2	403	204	0	0
XM_003328266.2	1194	995	0	0
XM_003328268.1	360	161	0	0
XM_003328272.1	1332	1133	0	0
XM_003328273.2	396	197	0	0
XM_003328274.2	952	753	27	514.151
XM_003328277.2	1299	1100	0	0
XM_003328279.1	975	776	0	0
XM_003328280.1	612	413	0	0
XM_003328281.2	450	251	0	0
XM_003328284.2	1077	878	0	0
XM_003328288.2	3042	2843	9	45.3928
XM_003328289.2	1455	1256	0	0
XM_003328290.2	351	152	0	0
XM_003328293.2	2596	2397	1	5.9821
XM_003328294.2	153	7.28986	0	0
XM_003328296.2	3066	2867	0.219497	1.0978
XM_003328298.2	2525	2326	3	18.4941
XM_003328299.2	830	631	0	0
XM_003328300.2	2989	2790	3	15.4184
XM_003328301.2	2414	2215	3	19.4209
XM_003328302.2	655	456	0	0
XM_003328303.2	2061	1862	1	7.70091
XM_003328304.2	753	554	1	25.8828
XM_003328307.1	288	89.0004	0	0
XM_003328308.2	486	287	0	0
XM_003328310.2	333	134	0	0
XM_003328311.2	1068	869	0	0
XM_003328316.2	1107	908	1	15.7919
XM_003328317.2	1522	1323	4	43.3532
XM_003328318.2	2390	2191	0	0
XM_003328320.1	339	140	0	0
XM_003328321.2	1411	1212	0	0
XM_003328324.1	2991	2792	0	0
XM_003328328.2	1638	1439	2	19.9292
XM_003328331.2	274	75.0077	0	0
XM_003328332.2	1932	1733	6	49.6448
XM_003328337.1	528	329	0	0
XM_003328338.2	941	742	0	0
XM_003328339.2	4355	4156	2	6.90043
XM_003328340.2	1278	1079	2	26.5785
XM_003328341.2	174	9.99669	0	0
XM_003328344.1	1296	1097	0	0
XM_003328345.2	3069	2870	0	0
XM_003328346.1	1200	1001	0	0
XM_003328347.1	960	761	0	0
XM_003328349.2	1363	1164	6	73.9128
XM_003328350.2	1975	1776	1	8.07381
XM_003328351.2	1714	1515	2	18.9295
XM_003328354.2	1236	1037	0	0
XM_003328358.2	1151	952	0	0
XM_003328359.2	1602	1403	2	20.4406
XM_003328360.2	1422	1223	8	93.7962
XM_003328361.2	1402	1203	0	0
XM_003328362.2	2542	2343	7	42.8398
XM_003328363.2	7911	7712	3	5.57796
XM_003328364.2	1941	1742	2	16.4628
XM_003328365.2	789	590	0	0
XM_003328366.2	5901	5702	1	2.51475
XM_003328367.2	1008	809	2	35.4489
XM_003328371.2	1380	1181	3	36.4244
XM_003328372.2	3458	3259	3	13.1995
XM_003328373.2	846	647	0	0
XM_003328377.2	1113	914	0	0
XM_003328378.1	675	476	0	0
XM_003328379.1	429	230	0	0
XM_003328380.2	2319	2120	11	74.4009
XM_003328381.2	2053	1854	1.22977e-05	9.51123e-05
XM_003328382.2	2061	1862	6	46.2054
XM_003328383.2	921	722	0	0
XM_003328384.2	759	560	1	25.6055
XM_003328385.1	213	22.4695	9	5743.41
XM_003328386.2	1298	1099	0	0
XM_003328387.2	706	507	0	0
XM_003328389.1	684	485	0	0
XM_003328390.1	438	239	0	0
XM_003328391.2	255	56.1701	0	0
XM_003328392.1	711	512	0	0
XM_003328394.2	903	704	0	0
XM_003328395.2	351	152	0	0
XM_003328396.2	942	743	0	0
XM_003328399.2	345	146	0	0
XM_003328400.2	2871	2672	0	0
XM_003328401.2	1176	977	0	0
XM_003328403.2	444	245	0	0
XM_003328404.2	981	782	0	0
XM_003328406.2	384	185	0	0
XM_003328407.2	1533	1334	2	21.4979
XM_003328408.2	2669	2470	1	5.8053
XM_003328409.2	1026	827	0	0
XM_003328410.2	1116	917	0	0
XM_003328412.2	1165	966	0	0
XM_003328414.2	1195	996	2	28.7933
XM_003328415.1	501	302	0	0
XM_003328416.2	834	635	0	0
XM_003328417.2	1854	1655	7	60.6487
XM_003328418.2	1575	1376	0	0
XM_003328419.1	147	6.75012	0	0
XM_003328420.2	3119	2920	3	14.7319
XM_003328421.2	1286	1087	10	131.914
XM_003328423.2	1318	1119	7	89.6994
XM_003328424.2	1015	816	6	105.434
XM_003328425.2	2264	2065	0	0
XM_003328426.2	848	649	0	0
XM_003328427.2	264	65.044	20	4409.04
XM_003328428.2	1024	825	0	0
XM_003328429.2	2032	1833	0	0
XM_003328430.2	1249	1050	0	0
XM_003328431.2	960	761	1	18.8424
XM_003328432.2	522	323	0	0
XM_003328434.2	2016	1817	0	0
XM_003328435.2	912	713	0	0
XM_003328436.2	4224	4025	0	0
XM_003328438.2	2959	2760	0	0
XM_003328439.2	177	10.528	0	0
XM_003328441.2	306	107	0	0
XM_003328442.2	985	786	5	91.2156
XM_003328443.2	1117	918	9	140.579
XM_003328444.2	2075	1876	3	22.9303
XM_003328446.2	348	149	0	0
XM_003328450.1	420	221	0	0
XM_003328451.2	2481	2282	0	0
XM_003328452.1	162	8.26769	0	0
XM_003328453.1	423	224	0	0
XM_003328457.2	922	723	1	19.8328
XM_003328458.1	663	464	0	0
XM_003328459.2	1714	1515	10	94.6474
XM_003328460.2	2056	1857	2	15.4433
XM_003328461.2	1509	1310	4	43.7835
XM_003328463.2	1064	865	0	0
XM_003328467.2	1447	1248	83	953.641
XM_003328469.2	1150	951	2	30.1558
XM_003328470.2	1356	1157	0	0
XM_003328471.2	744	545	1	26.3103
XM_003328472.2	3801	3602	0	0
XM_003328473.2	1643	1444	1	9.93012
XM_003328474.1	831	632	0	0
XM_003328475.2	2102	1903	1	7.53499
XM_003328476.2	2220	2021	0	0
XM_003328477.2	3263	3064	0	0
XM_003328481.2	441	242	0	0
XM_003328483.1	912	713	0	0
XM_003328484.1	645	446	0	0
XM_003328485.1	360	161	0	0
XM_003328486.2	1028	829	6	103.781
XM_003328488.1	645	446	0	0
XM_003328489.2	1239	1040	1	13.7876
XM_003328490.2	1436	1237	0	0
XM_003328494.2	1780	1581	11	99.7659
XM_003328496.1	603	404	0	0
XM_003328497.2	345	146	22	2160.68
XM_003328498.2	1238	1039	1	13.8009
XM_003328499.1	318	119	0	0
XM_003328500.2	1182	983	0	0
XM_003328503.2	3219	3020	0	0
XM_003328504.2	999	800	0	0
XM_003328505.2	687	488	0	0
XM_003328506.2	513	314	0	0
XM_003328507.2	1697	1498	12	114.866
XM_003328508.2	1160	961	0	0
XM_003328509.1	441	242	0	0
XM_003328510.1	321	122	0	0
XM_003328514.2	2784	2585	18	99.8466
XM_003328515.2	744	545	0	0
XM_003328516.2	4100	3901	32	117.624
XM_003328517.2	598	399	1	35.9376
XM_003328518.2	1171	972	0	0
XM_003328519.2	543	344	0	0
XM_003328521.2	1912	1713	4	33.483
XM_003328526.2	1991	1792	0	0
XM_003328527.2	2425	2226	40	257.666
XM_003328528.2	1664	1465	0	0
XM_003328530.2	2824	2625	2	10.925
XM_003328531.2	1476	1277	1	11.2287
XM_003328532.2	1254	1055	1	13.5916
XM_003328533.1	567	368	0	0
XM_003328534.2	3184	2985	0	0
XM_003328535.2	3057	2858	0	0
XM_003328536.1	1749	1550	0	0
XM_003328537.2	4278	4079	3	10.546
XM_003328538.2	1200	1001	3	42.9743
XM_003328539.2	1205	1006	0	0
XM_003328540.1	465	266	0	0
XM_003328543.2	279	80.003	0	0
XM_003328544.1	525	326	0	0
XM_003328546.2	558	359	0	0
XM_003328547.2	2462	2263	15	95.0448
XM_003328548.2	1200	1001	6	85.9486
XM_003328549.2	1218	1019	0	0
XM_003328551.2	760	561	5	127.799
XM_003328552.2	1327	1128	3	38.1359
XM_003328553.2	1170	971	5	73.8367
XM_003328554.1	342	143	0	0
XM_003328555.2	1554	1355	3	31.7471
XM_003328557.2	5774	5575	3	7.7161
XM_003328559.2	2652	2453	1.4171	8.2837
XM_003328560.1	921	722	1.5829	31.4368
XM_003328561.2	873	674	3	63.8238
XM_003328562.2	1251	1052	7	95.4122
XM_003328563.2	2042	1843	0	0
XM_003328564.2	1590	1391	0	0
XM_003328565.2	2514	2315	0	0
XM_003328566.2	1629	1430	0	0
XM_003328568.2	390	191	0	0
XM_003328569.2	1092	893	0	0
XM_003328570.2	1967	1768	0	0
XM_003328571.2	2757	2558	1	5.60559
XM_003328573.2	1473	1274	1	11.2552
XM_003328574.2	932	733	0	0
XM_003328575.2	1729	1530	3	28.1159
XM_003328576.2	4044	3845	2	7.45856
XM_003328577.2	390	191	0	0
XM_003328578.2	1334	1135	1	12.6336
XM_003328583.2	1195	996	5	71.9834
XM_003328584.2	1895	1696	2	16.9093
XM_003328585.2	1593	1394	3	30.8589
XM_003328586.2	462	263	2	109.042
XM_003328587.1	372	173	0	0
XM_003328588.2	1219	1020	5	70.2896
XM_003328592.2	642	443	0	0
XM_003328594.2	1098	899	5	79.7502
XM_003328595.2	463	264	1	54.3147
XM_003328596.2	1026	827	0	0
XM_003328598.2	894	695	0	0
XM_003328599.2	2238	2039	0	0
XM_003328601.2	792	593	0	0
XM_003328603.2	2088	1889	3	22.7725
XM_003328604.2	2104	1905	1	7.52708
XM_003328605.2	2823	2624	2	10.9292
XM_003328606.2	2283	2084	7	48.1639
XM_003328607.2	870	671	0	0
XM_003328608.2	522	323	0	0
XM_003328609.1	1059	860	0	0
XM_003328610.2	543	344	0	0
XM_003328611.2	1774	1575	22.2139	202.24
XM_003328612.2	631	432	0	0
XM_003328613.2	2373	2174	1	6.59572
XM_003328614.2	2676	2477	5	28.9445
XM_003328616.1	1047	848	0	0
XM_003328617.2	693	494	0	0
XM_003328618.2	1428	1229	0	0
XM_003328619.1	300	101	0	0
XM_003328620.2	3049	2850	6	30.1876
XM_003328621.2	986	787	2	36.4399
XM_003328623.1	312	113	0	0
XM_003328624.2	5056	4857	4	11.809
XM_003328625.2	288	89.0004	0	0
XM_003328626.2	288	89.0004	0	0
XM_003328627.2	2160	1961	5	36.5606
XM_003328628.2	442	243	0	0
XM_003328630.1	399	200	0	0
XM_003328631.2	856	657	6	130.951
XM_003328632.2	1054	855	2.66701	44.7281
XM_003328633.2	1163	964	1.58611	23.5927
XM_003328634.2	474	275	8.58189	447.478
XM_003328635.2	499	300	14.1583	676.726
XM_003328636.2	1173	974	0	0
XM_003328637.2	1797	1598	5	44.8657
XM_003328639.1	930	731	0	0
XM_003328640.2	1570	1371	1	10.4589
XM_003328641.1	594	395	1	36.3015
XM_003328642.2	1274	1075	2	26.6774
XM_003328645.2	3215	3016	1	4.75434
XM_003328646.2	1790	1591	1	9.01263
XM_003328649.2	447	248	0	0
XM_003328650.2	1908	1709	6	50.342
XM_003328652.2	2385	2186	0	0
XM_003328653.2	429	230	0	0
XM_003328654.2	423	224	0	0
XM_003328655.2	1863	1664	0	0
XM_003328656.2	1119	920	3	46.7579
XM_003328657.2	1110	911	22	346.279
XM_003328658.2	1273	1074	0	0
XM_003328659.1	2733	2534	6	33.9521
XM_003328661.2	1317	1118	0	0
XM_003328662.2	1005	806	1	17.7904
XM_003328663.2	3563	3364	3	12.7875
XM_003328664.2	1480	1281	3	33.581
XM_003328665.2	384	185	0	0
XM_003328666.2	2398	2199	0	0
XM_003328669.2	731	532	0	0
XM_003328670.2	2175	1976	4	29.0265
XM_003328671.2	1760	1561	7	64.3008
XM_003328672.2	1134	935	0	0
XM_003328673.2	1798	1599	0	0
XM_003328676.1	543	344	0	0
XM_003328677.2	282	83.0016	0	0
XM_003328678.2	1247	1048	1	13.6823
XM_003328679.2	2203	2004	1	7.15523
XM_003328680.2	288	89.0004	0	0
XM_003328681.2	1419	1220	0	0
XM_003328682.2	669	470	0	0
XM_003328683.1	1857	1658	0	0
XM_003328684.2	1551	1352	0	0
XM_003328686.2	1929	1730	0	0
XM_003328690.2	1983	1784	0	0
XM_003328692.2	1621	1422	5	50.4187
XM_003328693.2	2990	2791	2	10.2752
XM_003328694.2	1253	1054	2	27.2089
XM_003328695.2	477	278	0	0
XM_003328696.2	1606	1407	0	0
XM_003328697.2	1608	1409	0	0
XM_003328698.2	984	785	0	0
XM_003328699.2	1542	1343	0	0
XM_003328700.2	804	605	0	0
XM_003328701.2	1456	1257	0	0
XM_003328702.2	510	311	0	0
XM_003328703.2	3204	3005	0	0
XM_003328704.2	1895	1696	0	0
XM_003328706.2	336	137	0	0
XM_003328707.2	2320	2121	0	0
XM_003328708.1	456	257	0	0
XM_003328709.2	2070	1871	0	0
XM_003328710.2	4263	4064	0	0
XM_003328711.2	617	418	4	137.216
XM_003328712.2	1767	1568	1	9.14483
XM_003328715.2	1176	977	0	0
XM_003328716.2	1101	902	0	0
XM_003328717.2	4839	4640	4	12.3613
XM_003328718.2	1137	938	0	0
XM_003328721.2	873	674	0	0
XM_003328723.2	1596	1397	1	10.2642
XM_003328726.2	1230	1031	0	0
XM_003328727.2	666	467	0	0
XM_003328728.2	2662	2463	5	29.109
XM_003328729.2	2151	1952	2	14.6917
XM_003328730.2	273	74.0093	0	0
XM_003328732.2	315	116	0	0
XM_003328733.2	381	182	2	157.572
XM_003328734.2	717	518	12	332.18
XM_003328735.2	994	795	1	18.0366
XM_003328738.2	3815	3616	5	19.8273
XM_003328739.2	1576	1377	0	0
XM_003328740.2	676	477	0	0
XM_003328741.2	943	744	0	0
XM_003328744.2	1294	1095	3	39.2852
XM_003328745.2	597	398	1	36.0279
XM_003328746.2	877	678	6.46943	136.823
XM_003328748.2	258	59.1108	0	0
XM_003328749.2	795	596	1	24.0589
XM_003328750.2	964	765	3	56.2317
XM_003328751.2	2282	2083	5	34.4193
XM_003328753.2	7267	7068	0	0
XM_003328755.2	3151	2952	1	4.85741
XM_003328756.2	1089	890	0	0
XM_003328757.2	836	637	2	45.0207
XM_003328758.2	994	795	2	36.0732
XM_003328759.1	483	284	0	0
XM_003328762.2	864	665	0	0
XM_003328763.1	411	212	0	0
XM_003328769.2	1500	1301	0	0
XM_003328770.1	945	746	0	0
XM_003328771.1	348	149	0	0
XM_003328774.2	219	25.9389	0	0
XM_003328776.2	504	305	0	0
XM_003328777.2	711	512	0	0
XM_003328778.2	471	272	0	0
XM_003328779.2	1193	994	0	0
XM_003328780.2	1988	1789	0	0
XM_003328781.2	1412	1213	2.1901	25.8895
XM_003328783.1	828	629	0	0
XM_003328785.2	660	461	0	0
XM_003328786.2	1474	1275	91	1023.42
XM_003328787.2	2370	2171	0	0
XM_003328788.2	1425	1226	4	46.7833
XM_003328789.2	2039	1840	1	7.79298
XM_003328790.2	1626	1427	1	10.0484
XM_003328791.2	2574	2375	5	30.1876
XM_003328792.2	1825	1626	2	17.6373
XM_003328794.2	1517	1318	156	1697.19
XM_003328795.1	351	152	0	0
XM_003328797.2	4943	4744	12	36.2709
XM_003328798.1	444	245	0	0
XM_003328799.1	615	416	0	0
XM_003328801.2	1583	1384	2	20.7212
XM_003328802.2	1565	1366	152	1595.56
XM_003328803.2	1533	1334	0	0
XM_003328805.2	3340	3141	3	13.6954
XM_003328806.2	1044	845	0	0
XM_003328807.2	1125	926	1	15.485
XM_003328808.1	1866	1667	0	0
XM_003328810.1	1872	1673	0	0
XM_003328812.2	504	305	0	0
XM_003328813.2	2079	1880	2	15.2543
XM_003328814.2	837	638	2	44.9501
XM_003328815.1	1296	1097	0	0
XM_003328816.2	786	587	5.24413	128.102
XM_003328817.2	844	645	9	200.08
XM_003328818.2	1539	1340	3	32.1024
XM_003328819.2	1954	1755	1	8.17042
XM_003328821.2	636	437	0	0
XM_003328822.2	1612	1413	12	121.776
XM_003328823.2	1268	1069	0	0
XM_003328824.2	1393	1194	2	24.0186
XM_003328825.2	486	287	0	0
XM_003328826.1	486	287	0	0
XM_003328828.2	1971	1772	0	0
XM_003328829.2	303	104	0	0
XM_003328830.2	1023	824	0	0
XM_003328831.2	1176	977	3	44.0299
XM_003328832.2	861	662	0	0
XM_003328834.2	1380	1181	2	24.283
XM_003328839.2	1020	821	0	0
XM_003328841.1	660	461	0	0
XM_003328842.1	633	434	0	0
XM_003328844.1	1563	1364	0	0
XM_003328845.2	405	206	0	0
XM_003328846.2	252	53.2554	0	0
XM_003328847.1	912	713	0	0
XM_003328848.2	451	252	0	0
XM_003328849.2	1612	1413	0	0
XM_003328851.1	318	119	1	120.497
XM_003328852.1	351	152	0	0
XM_003328853.2	3915	3716	0	0
XM_003328855.2	1152	953	27	406.249
XM_003328856.2	3441	3242	8	35.3833
XM_003328857.2	1355	1156	37	458.95
XM_003328858.2	450	251	0	0
XM_003328860.1	549	350	0	0
XM_003328861.2	375	176	0	0
XM_003328862.2	3418	3219	11	48.9997
XM_003328863.2	315	116	0	0
XM_003328864.2	1438	1239	19	219.889
XM_003328865.1	447	248	0	0
XM_003328866.2	564	365	0	0
XM_003328867.1	2700	2501	3	17.2
XM_003328868.2	792	593	11	265.986
XM_003328872.2	165	8.64817	0	0
XM_003328874.2	1206	1007	3	42.7182
XM_003328875.2	1853	1654	42	364.112
XM_003328876.2	1097	898	3	47.9034
XM_003328877.1	2067	1868	0	0
XM_003328878.1	537	338	0	0
XM_003328880.1	333	134	0	0
XM_003328882.2	1722	1523	0	0
XM_003328884.2	3091	2892	1	4.95819
XM_003328885.1	897	698	0	0
XM_003328886.2	3005	2806	0	0
XM_003328887.2	1863	1664	0	0
XM_003328888.2	2357	2158	0	0
XM_003328890.1	768	569	0	0
XM_003328895.1	5946	5747	0	0
XM_003328896.1	333	134	0	0
XM_003328897.2	2898	2699	0	0
XM_003328898.2	4764	4565	0	0
XM_003328899.2	660	461	0	0
XM_003328900.1	549	350	0	0
XM_003328901.2	3351	3152	0	0
XM_003328902.2	1401	1202	0	0
XM_003328913.2	1847	1648	75	652.568
XM_003328914.2	1732	1533	12	112.243
XM_003328915.2	2042	1843	2	15.5606
XM_003328916.2	1304	1105	5	64.8827
XM_003328917.2	1392	1193	4	48.0774
XM_003328918.2	891	692	0	0
XM_003328919.2	1368	1169	37	453.846
XM_003328920.2	1663	1464	4	39.1778
XM_003328921.2	3797	3598	0	0
XM_003328922.2	1107	908	0	0
XM_003328924.2	759	560	1	25.6055
XM_003328925.2	696	497	0	0
XM_003328928.2	3638	3439	8	33.3564
XM_003328929.2	1432	1233	0	0
XM_003328930.2	2827	2628	3	16.3688
XM_003328931.2	973	774	12	222.311
XM_003328932.2	3361	3162	1	4.53482
XM_003328933.2	2419	2220	2	12.9181
XM_003328935.1	750	551	0	0
XM_003328936.1	969	770	0	0
XM_003328938.2	3716	3517	0	0
XM_003328939.2	1439	1240	3	34.6913
XM_003328940.2	1048	849	17	287.12
XM_003328941.2	1339	1140	0	0
XM_003328942.2	856	657	4	87.3004
XM_003328943.2	1736	1537	5	46.6463
XM_003328945.2	1439	1240	0	0
XM_003328947.2	579	380	6	226.407
XM_003328948.2	1312	1113	21	270.549
XM_003328949.2	1356	1157	3	37.18
XM_003328950.2	1449	1250	0	0
XM_003328951.2	834	635	0	0
XM_003328953.2	2317	2118	0	0
XM_003328954.2	3338	3139	9	41.1124
XM_003328955.2	7130	6931	7	14.4818
XM_003328956.2	327	128	0	0
XM_003328957.1	480	281	0	0
XM_003328958.2	783	584	0	0
XM_003328959.2	1096	897	6	95.9136
XM_003328961.2	2027	1828	11	86.2855
XM_003328962.2	360	161	0	0
XM_003328963.2	1147	948	9	136.131
XM_003328964.2	1479	1280	0	0
XM_003328971.2	1292	1093	0	0
XM_003328972.2	2912	2713	2	10.5706
XM_003328973.2	1619	1420	2	20.1959
XM_003328974.2	1304	1105	4	51.9062
XM_003328976.2	1515	1316	0	0
XM_003328977.2	867	668	1	21.4657
XM_003328978.1	435	236	0	0
XM_003328979.1	504	305	0	0
XM_003328982.2	1228	1029	6	83.6098
XM_003328984.2	415	216	5	331.923
XM_003328985.2	822	623	7	161.113
XM_003328986.2	966	767	0	0
XM_003328989.2	941	742	0	0
XM_003328990.2	399	200	0	0
XM_003328991.2	1134	935	0	0
XM_003328992.2	1499	1300	1	11.0301
XM_003328994.2	510	311	0	0
XM_003328998.2	1512	1313	1	10.9209
XM_003328999.1	1458	1259	0	0
XM_003329001.2	1729	1530	32	299.902
XM_003329002.2	1921	1722	4	33.308
XM_003329003.1	552	353	0	0
XM_003329006.2	744	545	1	26.3103
XM_003329007.2	1515	1316	0	0
XM_003329008.1	405	206	0	0
XM_003329010.2	1407	1208	0	0
XM_003329011.1	609	410	0	0
XM_003329012.1	1137	938	2	30.5737
XM_003329013.1	354	155	1	92.5102
XM_003329014.2	3316	3117	2	9.20057
XM_003329016.2	418	219	0	0
XM_003329019.2	835	636	1	22.5457
XM_003329020.2	2695	2496	11.7239	67.3516
XM_003329021.2	3141	2942	0	0
XM_003329023.2	814	615	17	396.365
XM_003329024.2	1861	1662	7	60.3933
XM_003329026.2	1509	1310	1	10.9459
XM_003329028.2	453	254	0	0
XM_003329029.2	1022	823	2	34.8459
XM_003329031.2	346	147	0	0
XM_003329032.1	393	194	0	0
XM_003329033.2	2944	2745	2	10.4474
XM_003329034.2	3340	3141	2	9.13027
XM_003329037.2	1867	1668	4	34.3863
XM_003329038.2	1101	902	3	47.691
XM_003329039.1	184	11.965	0	0
XM_003329040.2	899	700	0	0
XM_003329041.2	7125	6926	0.999962	2.07025
XM_003329044.2	450	251	0	0
XM_003329046.2	1182	983	4	58.3483
XM_003329047.2	390	191	0	0
XM_003329048.2	2175	1976	17	123.363
XM_003329049.2	2862	2663	0	0
XM_003329050.2	609	410	0	0
XM_003329054.1	444	245	0	0
XM_003329056.2	1143	944	0	0
XM_003329057.2	2075	1876	4	30.5737
XM_003329059.2	2645	2446	4	23.449
XM_003329060.2	2723	2524	19	107.941
XM_003329061.2	437	238	0	0
XM_003329063.1	426	227	0	0
XM_003329064.1	1836	1637	0	0
XM_003329065.2	1479	1280	0.397647	4.45461
XM_003329066.1	867	668	0	0
XM_003329067.2	999	800	0	0
XM_003329068.2	600	401	1	35.7583
XM_003329069.2	459	260	0	0
XM_003329070.1	2103	1904	0	0
XM_003329071.1	687	488	0	0
XM_003329074.2	926	727	2	39.4473
XM_003329075.2	2275	2076	4	27.6283
XM_003329076.2	210	20.9285	0	0
XM_003329077.2	2259	2060	0	0
XM_003329078.2	2152	1953	1	7.34208
XM_003329079.2	1266	1067	0	0
XM_003329080.2	1872	1673	1	8.57088
XM_003329081.1	300	101	0	0
XM_003329082.1	801	602	0	0
XM_003329084.2	1533	1334	5	53.7447
XM_003329085.2	1280	1081	0	0
XM_003329086.2	2069	1870	4	30.6718
XM_003329087.2	861	662	0	0
XM_003329090.2	702	503	0	0
XM_003329096.2	1161	962	0	0
XM_003329097.2	1912	1713	10	83.7075
XM_003329098.2	3028	2829	2	10.1372
XM_003329100.2	1432	1233	1	11.6294
XM_003329101.2	1663	1464	1	9.79446
XM_003329104.2	1420	1221	1	11.7437
XM_003329105.2	1020	821	4	69.8616
XM_003329106.2	3034	2835	0	0
XM_003329108.2	252	53.2554	0	0
XM_003329109.1	498	299	0	0
XM_003329110.2	2139	1940	3	22.1738
XM_003329111.2	734	535	0	0
XM_003329112.2	1036	837	47	805.182
XM_003329113.2	1421	1222	0	0
XM_003329114.2	306	107	0	0
XM_003329115.2	1221	1022	8	112.243
XM_003329116.2	1219	1020	3	42.1738
XM_003329117.2	1438	1239	2	23.1462
XM_003329118.2	571	372	1	38.5459
XM_003329119.2	3338	3139	4.14522e-05	0.000189355
XM_003329121.1	372	173	0	0
XM_003329123.2	898	699	7	143.596
XM_003329124.2	426	227	0	0
XM_003329125.2	1304	1105	0	0
XM_003329126.2	2141	1942	1	7.38367
XM_003329127.2	2310	2111	0	0
XM_003329131.2	1267	1068	3	40.2783
XM_003329132.2	1191	992	8	115.638
XM_003329133.2	363	164	0	0
XM_003329134.2	1595	1396	0	0
XM_003329135.2	2475	2276	1	6.30013
XM_003329137.2	1838	1639	0	0
XM_003329139.2	384	185	0	0
XM_003329141.2	819	620	0	0
XM_003329143.2	2742	2543	0	0
XM_003329144.2	1371	1172	0	0
XM_003329145.2	1830	1631	1	8.79159
XM_003329146.2	1142	943	11	167.264
XM_003329147.2	1288	1089	40	526.688
XM_003329150.2	1866	1667	1	8.60173
XM_003329152.2	2172	1973	0	0
XM_003329154.1	2052	1853	0	0
XM_003329155.1	2112	1913	0	0
XM_003329156.2	2573	2374	3	18.1202
XM_003329159.1	657	458	0	0
XM_003329160.2	1041	842	0	0
XM_003329161.2	3561	3362	3	12.7951
XM_003329162.2	1674	1475	0	0
XM_003329166.2	2437	2238	0	0
XM_003329168.2	941	742	116	2241.69
XM_003329172.2	1562	1363	1	10.5202
XM_003329173.2	2366	2167	1	6.61702
XM_003329183.1	348	149	0	0
XM_003329184.2	2159	1960	8	58.5269
XM_003329186.1	1125	926	0	0
XM_003329187.2	192	14.0216	0	0
XM_003329188.2	1113	914	5	78.4414
XM_003329190.2	4356	4157	2	6.89877
XM_003329191.1	3075	2876	0	0
XM_003329192.2	1344	1145	0	0
XM_003329196.1	2274	2075	0	0
XM_003329198.1	363	164	0	0
XM_003329200.2	825	626	2	45.8118
XM_003329201.2	1032	833	42	722.979
XM_003329203.2	1505	1306	1	10.9794
XM_003329206.2	2295	2096	0	0
XM_003329207.2	459	260	0	0
XM_003329208.2	1017	818	0	0
XM_003329210.2	1099	900	0	0
XM_003329211.2	362	163	0	0
XM_003329212.2	3212	3013	1	4.75907
XM_003329213.2	474	275	0	0
XM_003329215.2	1578	1379	0	0
XM_003329216.2	1670	1471	0	0
XM_003329217.1	177	10.528	0	0
XM_003329218.1	156	7.59116	0	0
XM_003329221.2	1392	1193	0	0
XM_003329222.2	710	511	0	0
XM_003329223.2	1953	1754	2	16.3502
XM_003329224.2	306	107	0	0
XM_003329225.2	1889	1690	0	0
XM_003329227.2	2860	2661	2	10.7772
XM_003329228.2	2221	2022	3.85196	27.3163
XM_003329232.2	2476	2277	2	12.5947
XM_003329233.2	2567	2368	2	12.1107
XM_003329234.2	2466	2267	7	44.276
XM_003329235.2	987	788	2	36.3936
XM_003329236.1	2274	2075	0	0
XM_003329237.2	1650	1451	0	0
XM_003329238.2	1688	1489	7	67.4101
XM_003329239.2	582	383	0	0
XM_003329241.2	3453	3254	3	13.2198
XM_003329242.2	6038	5839	4	9.82297
XM_003329245.2	590	391	0	0
XM_003329246.1	933	734	0	0
XM_003329248.2	390	191	0	0
XM_003329251.2	1173	974	0	0
XM_003329252.2	516	317	2	90.4674
XM_003329253.2	1528	1329	0	0
XM_003329254.2	4770	4571	5	15.6848
XM_003329255.2	981	782	0	0
XM_003329256.1	606	407	0	0
XM_003329257.1	816	617	0	0
XM_003329258.2	3159	2960	0	0
XM_003329259.1	492	293	0	0
XM_003329260.2	4268	4069	0	0
XM_003329261.1	540	341	1	42.0501
XM_003329264.2	3413	3214	1	4.46145
XM_003329265.1	288	89.0004	0	0
XM_003329267.2	675	476	0	0
XM_003329269.1	1065	866	0	0
XM_003329271.2	372	173	0	0
XM_003329272.2	4339	4140	4	13.8542
XM_003329276.2	1590	1391	0	0
XM_003329279.1	1362	1163	0	0
XM_003329280.2	2382	2183	0	0
XM_003329288.1	366	167	0	0
XM_003329289.2	1766	1567	0	0
XM_003329290.2	1024	825	0	0
XM_003329291.1	1185	986	0	0
XM_003329292.2	579	380	0	0
XM_003329293.2	2962	2763	1.98799	10.317
XM_003329295.2	984	785	0	0
XM_003329296.1	1455	1256	0	0
XM_003329297.2	2226	2027	7	49.5183
XM_003329298.2	3403	3204	0	0
XM_003329300.2	1371	1172	0	0
XM_003329301.2	1046	847	23	389.373
XM_003329302.2	1824	1625	3	26.4722
XM_003329306.2	1561	1362	0	0
XM_003329307.1	1239	1040	0	0
XM_003329308.2	581	382	4	150.148
XM_003329309.2	4181	3982	0	0
XM_003329310.2	1757	1558	0	0
XM_003329311.1	348	149	0	0
XM_003329312.2	1551	1352	0	0
XM_003329313.2	1645	1446	25	247.91
XM_003329314.2	1942	1743	0	0
XM_003329315.2	2541	2342	5	30.6129
XM_003329316.2	810	611	0	0
XM_003329317.2	1941	1742	0	0
XM_003329318.1	738	539	0	0
XM_003329319.1	669	470	0	0
XM_003329320.2	2464	2265	6	37.9843
XM_003329323.2	3070	2871	0	0
XM_003329324.2	381	182	0	0
XM_003329325.1	417	218	0	0
XM_003329327.1	1377	1178	0	0
XM_003329328.2	2952	2753	3	15.6256
XM_003329329.2	4338	4139	1	3.46438
XM_003329330.2	713	514	0	0
XM_003329331.2	1943	1744	7	57.5537
XM_003329332.2	3688	3489	0	0
XM_003329333.2	2679	2480	0	0
XM_003329334.2	696	497	6	173.108
XM_003329336.2	1032	833	0	0
XM_003329340.1	1641	1442	0	0
XM_003329347.2	582	383	0	0
XM_003329350.2	1230	1031	0	0
XM_003329351.2	657	458	0	0
XM_003329353.1	1110	911	0	0
XM_003329355.1	468	269	0	0
XM_003329356.2	1560	1361	0	0
XM_003329357.2	1872	1673	0	0
XM_003329358.1	1107	908	0	0
XM_003329359.2	2882	2683	2	10.6888
XM_003329360.1	2589	2390	2	11.9992
XM_003329362.2	1152	953	0	0
XM_003329363.2	579	380	0	0
XM_003329367.1	1632	1433	0	0
XM_003329369.2	1630	1431	0	0
XM_003329370.2	3410	3211	18	80.3811
XM_003329372.2	4067	3868	1	3.70711
XM_003329373.2	734	535	0	0
XM_003329374.2	787	588	0	0
XM_003329375.2	867	668	3	64.3971
XM_003329376.2	3515	3316	3	12.9726
XM_003329377.2	2139	1940	0	0
XM_003329378.2	2493	2294	0	0
XM_003329380.2	3854	3655	0	0
XM_003329381.2	471	272	2	105.434
XM_003329382.2	1073	874	2	32.8126
XM_003329383.1	387	188	0	0
XM_003329384.1	576	377	0	0
XM_003329385.2	337	138	1	103.906
XM_003329386.2	663	464	0	0
XM_003329387.2	1650	1451	3	29.6466
XM_003329388.2	1074	875	0	0
XM_003329389.1	819	620	0	0
XM_003329391.2	231	34.449	0	0
XM_003329393.2	828	629	2	45.5933
XM_003329394.2	2944	2745	1	5.22371
XM_003329395.2	2649	2450	0	0
XM_003329396.2	240	42.049	0	0
XM_003329397.2	1584	1385	0	0
XM_003329400.2	2804	2605	6	33.0267
XM_003329401.2	351	152	0	0
XM_003329403.2	1800	1601	1	8.95633
XM_003329405.2	2746	2547	2	11.2596
XM_003329407.2	339	140	0	0
XM_003329411.2	255	56.1701	5	1276.4
XM_003329412.1	393	194	0	0
XM_003329413.2	498	299	0	0
XM_003329415.2	165	8.64817	0	0
XM_003329416.2	1249	1050	0	0
XM_003329418.2	1437	1238	3	34.7474
XM_003329419.2	639	440	12	391.066
XM_003329420.2	1780	1581	1	9.06963
XM_003329421.2	2046	1847	3	23.2903
XM_003329422.1	834	635	0	0
XM_003329423.1	1008	809	0	0
XM_003329424.2	1791	1592	0	0
XM_003329425.2	2102	1903	4	30.14
XM_003329426.1	600	401	0	0
XM_003329427.2	717	518	0	0
XM_003329428.1	993	794	0	0
XM_003329429.2	14580	14381	7	6.9796
XM_003329432.2	1049	850	9	151.826
XM_003329434.2	866	667	3	64.4936
XM_003329435.2	723	524	0	0
XM_003329437.1	357	158	0	0
XM_003329438.2	1602	1403	1	10.2203
XM_003329439.2	1404	1205	3	35.699
XM_003329440.2	330	131	0	0
XM_003329441.2	1733	1534	0	0
XM_003329442.2	729	530	0	0
XM_003329443.2	1034	835	3	51.5177
XM_003329444.2	937	738	0	0
XM_003329445.2	1963	1764	1	8.12873
XM_003329446.1	747	548	0	0
XM_003329448.2	510	311	0	0
XM_003329450.2	1137	938	0	0
XM_003329452.2	2460	2261	1	6.34192
XM_003329453.2	1931	1732	0	0
XM_003329454.2	411	212	1	67.6372
XM_003329455.2	3315	3116	1	4.60176
XM_003329456.2	726	527	0	0
XM_003329457.2	971	772	0	0
XM_003329458.2	2193	1994	0	0
XM_003329459.2	1275	1076	0	0
XM_003329460.2	1345	1146	0	0
XM_003329461.2	1295	1096	0	0
XM_003329462.2	596	397	0	0
XM_003329464.2	1598	1399	0	0
XM_003329465.2	2256	2057	0	0
XM_003329467.1	2085	1886	0	0
XM_003329469.1	1008	809	0	0
XM_003329470.2	1507	1308	5	54.813
XM_003329471.2	2211	2012	1	7.12678
XM_003329472.2	1029	830	2	34.552
XM_003329474.2	3039	2840	2	10.0979
XM_003329475.2	969	770	0	0
XM_003329476.2	1583	1384	0	0
XM_003329482.2	1653	1454	4	39.4473
XM_003329483.1	1071	872	0	0
XM_003329486.1	1134	935	0	0
XM_003329488.2	1370	1171	1	12.2452
XM_003329489.2	1565	1366	2	20.9943
XM_003329491.2	4560	4361	5	16.4401
XM_003329492.1	798	599	0	0
XM_003329493.2	633	434	0	0
XM_003329494.1	576	377	0	0
XM_003329495.2	2249	2050	3	20.984
XM_003329497.2	1082	883	4	64.9562
XM_003329498.2	1305	1106	61	790.854
XM_003329501.2	1720	1521	1	9.42741
XM_003329502.2	1530	1331	0	0
XM_003329503.2	1132	933	1	15.3688
XM_003329504.2	822	623	0	0
XM_003329505.1	2019	1820	0	0
XM_003329506.1	912	713	0	0
XM_003329507.2	495	296	5	242.214
XM_003329508.2	1337	1138	3	37.8008
XM_003329511.2	2724	2525	0	0
XM_003329512.2	2064	1865	0	0
XM_003329513.2	210	20.9285	0	0
XM_003329520.2	1149	950	35	528.282
XM_003329522.2	610	411	2	69.7766
XM_003329524.2	712	513	0	0
XM_003329526.2	1335	1136	0	0
XM_003329527.2	3563	3364	1.41767	6.04281
XM_003329528.1	342	143	0	0
XM_003329529.2	2571	2372	38	229.716
XM_003329532.2	2286	2087	1	6.87067
XM_003329533.2	2838	2639	2.20809	11.9977
XM_003329534.2	927	728	0	0
XM_003329535.2	1112	913	0	0
XM_003329536.2	1828	1629	0	0
XM_003329538.2	525	326	0	0
XM_003329539.2	1098	899	31	494.451
XM_003329540.2	3025	2826	5	25.3699
XM_003329543.1	699	500	0	0
XM_003329544.1	318	119	0	0
XM_003329546.2	588	389	0	0
XM_003329547.2	456	257	1	55.7941
XM_003329548.2	2038	1839	0	0
XM_003329549.2	720	521	0	0
XM_003329550.2	973	774	0	0
XM_003329551.2	1026	827	3	52.016
XM_003329552.2	1893	1694	2	16.9293
XM_003329553.2	1124	925	1	15.5017
XM_003329554.2	852	653	5	109.794
XM_003329555.2	482	283	0	0
XM_003329556.2	351	152	0	0
XM_003329557.2	461	262	0	0
XM_003329558.2	3404	3205	4	17.8959
XM_003329559.2	1778	1579	0	0
XM_003329560.2	3244	3045	0	0
XM_003329561.2	1004	805	2	35.6251
XM_003329562.2	1944	1745	0	0
XM_003329563.1	954	755	0	0
XM_003329564.2	1320	1121	0	0
XM_003329565.2	3105	2906	0	0
XM_003329567.1	336	137	0	0
XM_003329569.2	288	89.0004	0	0
XM_003329571.2	2742	2543	0	0
XM_003329574.2	1026	827	0	0
XM_003329577.2	1145	946	3	45.4728
XM_003329579.2	1474	1275	3	33.739
XM_003329580.2	2170	1971	1	7.27503
XM_003329582.2	867	668	6	128.794
XM_003329584.2	1080	881	0	0
XM_003329586.2	4369	4170	6	20.6318
XM_003329588.2	1299	1100	6	78.2132
XM_003329589.1	1116	917	1	15.637
XM_003329590.2	1672	1473	3	29.2038
XM_003329593.2	3327	3128	4	18.3364
XM_003329594.2	393	194	0	0
XM_003329595.2	668	469	0	0
XM_003329597.2	1613	1414	38	385.35
XM_003329602.2	1763	1564	0	0
XM_003329603.2	2049	1850	1	7.75086
XM_003329604.2	696	497	0	0
XM_003329605.2	1769	1570	0	0
XM_003329606.2	399	200	0	0
XM_003329607.2	1315	1116	0	0
XM_003329608.1	831	632	0	0
XM_003329609.2	538	339	0	0
XM_003329610.2	568	369	0	0
XM_003329612.2	4541	4342	2	6.60483
XM_003329613.1	582	383	0	0
XM_003329616.2	1298	1099	0	0
XM_003329617.1	486	287	0	0
XM_003329618.2	913	714	11	220.91
XM_003329619.2	1687	1488	0	0
XM_003329620.2	3908	3709	0	0
XM_003329621.2	2244	2045	0	0
XM_003329622.2	3150	2951	8	38.8725
XM_003329624.1	909	710	0	0
XM_003329625.2	426	227	0	0
XM_003329626.1	438	239	0	0
XM_003329627.2	1441	1242	0	0
XM_003329628.2	2727	2528	3	17.0163
XM_003329629.2	1862	1663	3	25.8673
XM_003329630.2	1822	1623	2	17.6699
XM_003329631.2	2429	2230	2	12.8602
XM_003329632.1	1320	1121	4	51.1653
XM_003329633.1	843	644	0	0
XM_003329634.1	2466	2267	0	0
XM_003329635.2	1059	860	4	66.6934
XM_003329636.2	730	531	0	0
XM_003329638.1	579	380	0	0
XM_003329639.2	1158	959	0	0
XM_003329640.2	270	71.016	0	0
XM_003329641.1	222	27.8721	0	0
XM_003329642.2	3444	3245	0	0
XM_003329643.2	2225	2026	2	14.1551
XM_003329647.2	414	215	0	0
XM_003329649.2	615	416	1	34.469
XM_003329650.2	1150	951	9	135.701
XM_003329651.2	2379	2180	1	6.57756
XM_003329655.2	1286	1087	1	13.1914
XM_003329656.2	507	308	0	0
XM_003329657.1	1167	968	16	237.01
XM_003329659.2	717	518	0	0
XM_003329660.2	1327	1128	3	38.1359
XM_003329662.2	871	672	0	0
XM_003329664.2	492	293	0	0
XM_003329666.2	851	652	0	0
XM_003329667.2	1207	1008	1	14.2253
XM_003329672.1	519	320	0	0
XM_003329673.2	736	537	0	0
XM_003329674.2	811	612	0	0
XM_003329676.2	272	73.0112	0	0
XM_003329677.1	378	179	0	0
XM_003329678.1	558	359	0	0
XM_003329680.2	745	546	2	52.5241
XM_003329681.2	6079	5880	3	7.31586
XM_003329682.2	993	794	2	36.1186
XM_003329683.2	2085	1886	0	0
XM_003329684.1	354	155	0	0
XM_003329685.2	749	550	0	0
XM_003329686.2	255	56.1701	0	0
XM_003329687.2	1782	1583	4	36.2327
XM_003329688.2	2392	2193	2	13.0771
XM_003329689.2	954	755	0	0
XM_003329693.2	871	672	0	0
XM_003329694.1	1179	980	0	0
XM_003329697.2	1962	1763	2.67977	21.7955
XM_003329698.2	1136	937	1.19859	18.3422
XM_003329699.2	480	281	0	0
XM_003329700.2	1125	926	0	0
XM_003329701.2	842	643	0	0
XM_003329706.2	1510	1311	3	32.8126
XM_003329708.2	1215	1016	1	14.1133
XM_003329709.2	1085	886	1	16.1841
XM_003329711.2	4012	3813	2	7.52116
XM_003329713.1	948	749	0	0
XM_003329715.1	960	761	0	0
XM_003329716.2	642	443	1	32.3681
XM_003329717.2	461	262	0	0
XM_003329718.2	618	419	0	0
XM_003329719.1	384	185	0	0
XM_003329720.2	1034	835	0	0
XM_003329721.2	485	286	7	350.957
XM_003329722.2	4137	3938	3	10.9236
XM_003329724.2	980	781	0	0
XM_003329725.2	1596	1397	2	20.5284
XM_003329726.2	1556	1357	2	21.1335
XM_003329727.2	2937	2738	0	0
XM_003329728.2	312	113	0	0
XM_003329729.1	321	122	0	0
XM_003329732.2	1858	1659	1	8.64321
XM_003329733.2	1962	1763	3	24.4
XM_003329736.2	1065	866	0	0
XM_003329739.2	1680	1481	2	19.3641
XM_003329740.2	3414	3215	1	4.46006
XM_003329741.2	1877	1678	2	17.0907
XM_003329744.1	813	614	0	0
XM_003329747.1	684	485	0	0
XM_003329749.1	1278	1079	0	0
XM_003329750.2	621	422	0	0
XM_003329752.2	423	224	0	0
XM_003329754.2	318	119	0	0
XM_003329758.1	987	788	0	0
XM_003329764.2	543	344	0	0
XM_003329765.2	690	491	0	0
XM_003329768.1	348	149	0	0
XM_003329770.1	354	155	0	0
XM_003329773.2	1784	1585	0	0
XM_003329775.2	1167	968	0	0
XM_003329776.2	357	158	0	0
XM_003329778.2	473	274	0	0
XM_003329781.2	1947	1748	0	0
XM_003329782.2	4542	4343	0	0
XM_003329784.2	665	466	1	30.7706
XM_003329785.2	1842	1643	0	0
XM_003329788.2	1738	1539	8	74.5372
XM_003329789.1	1473	1274	1	11.2552
XM_003329791.2	1064	865	1	16.577
XM_003329792.1	381	182	0	0
XM_003329793.1	393	194	0	0
XM_003329794.2	2881	2682	0	0
XM_003329795.2	2814	2615	0	0
XM_003329796.2	2409	2210	0	0
XM_003329797.1	357	158	0	0
XM_003329799.2	6740	6541	1	2.19219
XM_003329800.2	2592	2393	1	5.9921
XM_003329801.1	546	347	0	0
XM_003329803.2	378	179	0	0
XM_003329805.1	537	338	0	0
XM_003329806.2	413	214	0	0
XM_003329807.2	2332	2133	1	6.7225
XM_003329808.2	1511	1312	0	0
XM_003329811.2	927	728	0	0
XM_003329814.2	162	8.26769	0	0
XM_003329815.2	3314	3115	1.13976	5.24659
XM_003329819.2	315	116	0	0
XM_003329821.2	775	576	0	0
XM_003329822.2	2644	2445	10	58.6466
XM_003329823.2	816	617	0	0
XM_003329826.2	2460	2261	0	0
XM_003329827.2	2256	2057	0	0
XM_003329828.2	1017	818	0	0
XM_003329830.2	2215	2016	0	0
XM_003329831.2	3836	3637	1	3.94256
XM_003329833.1	327	128	0	0
XM_003329834.2	2376	2177	4	26.3465
XM_003329838.2	711	512	0	0
XM_003329842.2	1383	1184	10	121.107
XM_003329844.2	1264	1065	8	107.711
XM_003329845.2	1884	1685	4	34.0394
XM_003329846.2	3685	3486	9	37.02
XM_003329848.2	1259	1060	0	0
XM_003329849.2	354	155	0	0
XM_003329851.2	1311	1112	0	0
XM_003329852.2	1104	905	0	0
XM_003329853.2	852	653	0	0
XM_003329855.2	825	626	0	0
XM_003329856.2	1131	932	0	0
XM_003329857.2	1188	989	0	0
XM_003329858.2	1587	1388	0	0
XM_003329861.2	1260	1061	0	0
XM_003329864.2	930	731	0	0
XM_003329871.1	378	179	0	0
XM_003329873.2	477	278	0	0
XM_003329874.1	504	305	0	0
XM_003329875.2	666	467	0	0
XM_003329876.2	3435	3236	0	0
XM_003329877.2	1401	1202	0	0
XM_003329878.1	570	371	0	0
XM_003329882.1	312	113	0	0
XM_003329883.1	540	341	0	0
XM_003329885.2	1503	1304	0	0
XM_003329891.1	456	257	0	0
XM_003329892.2	465	266	0	0
XM_003329896.1	663	464	0	0
XM_003329897.2	159	7.91627	0	0
XM_003329899.2	639	440	0	0
XM_003329900.2	2581	2382	2	12.0395
XM_003329903.2	1494	1295	0	0
XM_003329904.2	1374	1175	2	24.407
XM_003329905.2	1056	857	0	0
XM_003329909.2	2538	2339	0	0
XM_003329910.2	741	542	0	0
XM_003329911.1	381	182	0	0
XM_003329912.2	666	467	0	0
XM_003329913.1	1272	1073	0	0
XM_003329915.1	1269	1070	0	0
XM_003329918.1	1338	1139	0	0
XM_003329920.2	1137	938	0	0
XM_003329921.2	1223	1024	1	14.003
XM_003329922.2	2715	2516	5	28.4958
XM_003329924.1	1407	1208	0	0
XM_003329925.2	2080	1881	4	30.4925
XM_003329926.2	784	585	0	0
XM_003329928.2	3061	2862	2	10.0203
XM_003329930.2	516	317	0	0
XM_003329931.2	390	191	0	0
XM_003329932.2	2106	1907	4	30.0767
XM_003329934.2	1431	1232	12	139.666
XM_003329935.2	1116	917	0	0
XM_003329936.2	1366	1167	2	24.5743
XM_003329937.2	1193	994	1	14.4256
XM_003329938.2	2298	2099	0	0
XM_003329939.2	1266	1067	0	0
XM_003329940.2	1565	1366	0	0
XM_003329942.2	980	781	13	238.679
XM_003329943.2	2261	2062	0	0
XM_003329944.2	1890	1691	0	0
XM_003329947.2	1809	1610	0	0
XM_003329949.2	300	101	0	0
XM_003329950.2	255	56.1701	0	0
XM_003329952.2	612	413	0	0
XM_003329953.2	1244	1045	1	13.7216
XM_003329955.2	507	308	0	0
XM_003329958.2	2332	2133	1	6.7225
XM_003329961.2	1278	1079	12	159.471
XM_003329962.2	471	272	0	0
XM_003329963.1	174	9.99669	0	0
XM_003329965.2	384	185	0	0
XM_003329966.1	1119	920	0	0
XM_003329967.1	345	146	0	0
XM_003329969.1	321	122	0	0
XM_003329970.1	1254	1055	0	0
XM_003329971.1	360	161	0	0
XM_003329972.1	678	479	0	0
XM_003329974.2	1551	1352	1	10.6058
XM_003329975.2	3431	3232	4	17.7464
XM_003329977.2	1312	1113	0	0
XM_003329978.2	1464	1265	9	102.017
XM_003329979.2	150	7.01018	0	0
XM_003329980.2	285	86.0009	0	0
XM_003329981.2	762	563	0	0
XM_003329983.1	819	620	0	0
XM_003329984.2	336	137	0	0
XM_003329985.2	318	119	0	0
XM_003329988.2	1495	1296	0	0
XM_003329991.2	669	470	6	183.052
XM_003329992.2	1865	1666	5	43.0345
XM_003329993.2	1572	1373	0	0
XM_003329997.1	621	422	0	0
XM_003329998.2	2338	2139	0	0
XM_003329999.2	1881	1682	0	0
XM_003330000.2	216	24.1385	0	0
XM_003330001.2	1327	1128	0	0
XM_003330002.2	309	110	0	0
XM_003330003.2	855	656	2	43.7167
XM_003330004.2	957	758	0	0
XM_003330005.2	2168	1969	2.48019	18.0618
XM_003330010.2	246	47.5399	0	0
XM_003330012.1	300	101	1	141.971
XM_003330013.1	867	668	0	0
XM_003330015.2	722	523	9.82337	269.327
XM_003330016.2	1098	899	4	63.8002
XM_003330017.2	2855	2656	1	5.39875
XM_003330018.2	1643	1444	2	19.8602
XM_003330019.2	1259	1060	2	27.0549
XM_003330020.2	1555	1356	0	0
XM_003330022.2	1518	1319	2	21.7424
XM_003330023.2	1119	920	0	0
XM_003330025.1	1740	1541	1	9.30505
XM_003330026.2	1224	1025	3	41.9681
XM_003330027.2	669	470	0	0
XM_003330028.2	1353	1154	0	0
XM_003330029.2	939	740	0	0
XM_003330030.2	489	290	0	0
XM_003330031.2	3642	3443	2	8.32941
XM_003330035.2	2019	1820	0	0
XM_003330041.2	426	227	0	0
XM_003330042.2	330	131	0	0
XM_003330043.2	2204	2005	4	28.6067
XM_003330044.2	282	83.0016	0	0
XM_003330045.2	282	83.0016	0	0
XM_003330046.2	728	529	1.55912	42.2616
XM_003330047.2	1267	1068	0	0
XM_003330049.2	654	455	0	0
XM_003330051.2	333	134	0	0
XM_003330052.2	1088	889	2	32.2589
XM_003330053.2	516	317	0	0
XM_003330054.2	1302	1103	0	0
XM_003330055.2	2091	1892	1	7.5788
XM_003330056.2	492	293	0	0
XM_003330057.2	770	571	3	75.3367
XM_003330058.2	3795	3596	20	79.7502
XM_003330059.1	372	173	0	0
XM_003330060.2	492	293	0	0
XM_003330062.2	852	653	10	219.588
XM_003330063.1	444	245	0	0
XM_003330064.2	2573	2374	1	6.04005
XM_003330065.2	2865	2666	0	0
XM_003330066.2	1191	992	16	231.276
XM_003330068.2	1427	1228	7	81.7375
XM_003330069.2	648	449	2	63.8712
XM_003330070.1	1083	884	4	64.8827
XM_003330072.2	777	578	0	0
XM_003330074.2	2858	2659	0	0
XM_003330075.2	1335	1136	0	0
XM_003330076.2	951	752	2	38.1359
XM_003330077.2	946	747	0	0
XM_003330078.2	1092	893	24	385.373
XM_003330079.1	863	664	7	151.165
XM_003330080.1	348	149	0	0
XM_003330081.2	1718	1519	0	0
XM_003330082.2	1101	902	1	15.897
XM_003330083.2	345	146	0	0
XM_003330084.1	1683	1484	0	0
XM_003330085.2	1733	1534	2	18.695
XM_003330086.2	3278	3079	4	18.6282
XM_003330091.1	558	359	0	0
XM_003330092.2	711	512	0	0
XM_003330093.2	1191	992	0	0
XM_003330094.2	1713	1514	0	0
XM_003330095.2	393	194	0	0
XM_003330096.2	1560	1361	3	31.6071
XM_003330097.2	1993	1794	0	0
XM_003330098.2	1623	1424	2	20.1392
XM_003330099.2	1219	1020	1	14.0579
XM_003330101.2	1455	1256	0	0
XM_003330103.2	1077	878	0	0
XM_003330104.2	2082	1883	3	22.8451
XM_003330105.2	3057	2858	4	20.0687
XM_003330106.1	1686	1487	0	0
XM_003330107.2	4536	4337	0	0
XM_003330108.1	333	134	0	0
XM_003330110.2	730	531	33	891.13
XM_003330112.2	1641	1442	3	29.8317
XM_003330113.2	1852	1653	3	26.0238
XM_003330114.2	1857	1658	0	0
XM_003330115.2	1073	874	29	475.782
XM_003330116.2	796	597	1	24.0186
XM_003330117.2	470	271	0	0
XM_003330118.1	186	12.4336	0	0
XM_003330120.2	2696	2497	4	22.9701
XM_003330121.2	1611	1412	3	30.4655
XM_003330122.2	506	307	0	0
XM_003330123.2	1327	1128	3	38.1359
XM_003330124.2	478	279	1	51.3946
XM_003330125.2	3106	2907	6	29.5956
XM_003330126.2	1500	1301	0	0
XM_003330128.2	3084	2885	0	0
XM_003330129.1	419	220	3	195.533
XM_003330130.2	2141	1942	38	280.579
XM_003330131.2	1092	893	1	16.0572
XM_003330132.1	2172	1973	0	0
XM_003330133.2	1359	1160	0	0
XM_003330134.2	501	302	0	0
XM_003330135.2	1127	928	0	0
XM_003330136.2	1260	1061	0	0
XM_003330138.2	1246	1047	3	41.0862
XM_003330139.2	3374	3175	9	40.6462
XM_003330141.1	663	464	5	154.516
XM_003330142.2	3248	3049	0	0
XM_003330144.1	1326	1127	0	0
XM_003330145.1	633	434	0	0
XM_003330146.2	1341	1142	0	0
XM_003330147.2	4040	3841	6	22.399
XM_003330148.2	1650	1451	0	0
XM_003330149.2	1544	1345	3	31.9831
XM_003330150.2	1404	1205	0	0
XM_003330151.2	1668	1469	0	0
XM_003330152.2	1315	1116	24	308.367
XM_003330158.2	826	627	0	0
XM_003330160.2	1341	1142	2	25.1122
XM_003330161.2	1579	1380	4	41.5626
XM_003330162.2	1575	1376	3	31.2625
XM_003330163.2	1236	1037	2	27.6549
XM_003330164.2	1614	1415	102	1033.63
XM_003330165.2	1052	853	0	0
XM_003330167.2	1155	956	0	0
XM_003330169.2	276	77.0053	0	0
XM_003330170.2	2340	2141	0	0
XM_003330171.1	618	419	0	0
XM_003330172.2	4198	3999	2	7.17134
XM_003330173.2	1272	1073	1	13.3635
XM_003330174.2	4345	4146	7	24.2097
XM_003330175.2	4090	3891	2	7.37039
XM_003330176.2	1912	1713	2	16.7415
XM_003330178.2	2632	2433	0	0
XM_003330179.2	1049	850	2	33.739
XM_003330180.2	2397	2198	6	39.1422
XM_003330181.1	1461	1262	1	11.3622
XM_003330182.1	303	104	0	0
XM_003330183.2	1831	1632	7	61.5034
XM_003330184.2	1144	945	0	0
XM_003330186.2	231	34.449	0	0
XM_003330187.2	1452	1253	0	0
XM_003330189.2	1044	845	0	0
XM_003330190.1	1455	1256	0	0
XM_003330191.2	675	476	0	0
XM_003330192.1	612	413	0	0
XM_003330195.1	312	113	0	0
XM_003330197.2	537	338	0	0
XM_003330198.1	954	755	0	0
XM_003330201.2	345	146	0	0
XM_003330205.2	1260	1061	0	0
XM_003330206.2	711	512	0	0
XM_003330207.2	1734	1535	0	0
XM_003330208.2	1581	1382	0	0
XM_003330211.2	336	137	0	0
XM_003330212.2	1365	1166	0	0
XM_003330213.1	747	548	0	0
XM_003330217.1	573	374	0	0
XM_003330222.2	258	59.1108	0	0
XM_003330223.1	492	293	0	0
XM_003330226.2	1416	1217	0	0
XM_003330227.2	2877	2678	0	0
XM_003330228.2	852	653	0	0
XM_003330231.1	771	572	0	0
XM_003330232.2	834	635	4	90.325
XM_003330233.2	1741	1542	0	0
XM_003330235.2	1213	1014	0	0
XM_003330236.2	2175	1976	5	36.2831
XM_003330238.2	588	389	0	0
XM_003330239.2	595	396	0	0
XM_003330240.2	558	359	1	39.9417
XM_003330241.2	816	617	0	0
XM_003330242.2	234	36.8813	0	0
XM_003330245.1	2319	2120	0	0
XM_003330246.2	210	20.9285	0	0
XM_003330247.2	1199	1000	0	0
XM_003330248.2	1927	1728	2	16.5962
XM_003330249.2	1430	1231	3	34.945
XM_003330251.2	1269	1070	0	0
XM_003330252.1	1023	824	0	0
XM_003330254.1	1452	1253	0	0
XM_003330255.1	357	158	0	0
XM_003330256.1	465	266	0	0
XM_003330257.2	1752	1553	0	0
XM_003330258.2	513	314	0	0
XM_003330259.2	2583	2384	1	6.01472
XM_003330260.2	711	512	0	0
XM_003330261.2	6396	6197	12	27.7665
XM_003330262.2	876	677	0	0
XM_003330264.2	889	690	0	0
XM_003330265.2	2374	2175	2	13.1854
XM_003330267.1	330	131	1	109.459
XM_003330268.2	2521	2322	123	759.564
XM_003330271.2	1016	817	7	122.856
XM_003330273.2	1882	1683	0	0
XM_003330274.2	402	203	0	0
XM_003330276.2	462	263	0	0
XM_003330277.2	1210	1011	1	14.1831
XM_003330278.2	4406	4207	2	6.81678
XM_003330279.2	2661	2462	7	40.7691
XM_003330280.2	1991	1792	4	32.0069
XM_003330281.2	2141	1942	0	0
XM_003330282.2	1570	1371	1	10.4589
XM_003330283.2	2270	2071	2	13.8475
XM_003330284.2	4159	3960	15	54.3147
XM_003330285.2	6439	6240	2	4.59586
XM_003330286.2	3085	2886	1	4.9685
XM_003330287.2	681	482	0	0
XM_003330288.2	2550	2351	1	6.09914
XM_003330289.2	1519	1320	0	0
XM_003330292.2	875	676	3	63.635
XM_003330293.2	3253	3054	2	9.39036
XM_003330294.2	3051	2852	2	10.0555
XM_003330296.2	878	679	12	253.415
XM_003330297.2	878	679	0	0
XM_003330298.2	1311	1112	5	64.4743
XM_003330303.2	846	647	7	155.137
XM_003330304.2	1386	1187	1	12.0801
XM_003330305.2	399	200	2	143.391
XM_003330306.2	2610	2411	0	0
XM_003330309.1	663	464	0	0
XM_003330310.1	1437	1238	0	0
XM_003330311.2	1548	1349	0	0
XM_003330313.2	2424	2225	2	12.8891
XM_003330314.2	1432	1233	0	0
XM_003330315.2	3482	3283	0	0
XM_003330316.2	444	245	0	0
XM_003330317.2	535	336	0	0
XM_003330318.2	1316	1117	3	38.5114
XM_003330322.2	3196	2997	3	14.3534
XM_003330323.2	1848	1649	2	17.3913
XM_003330324.2	5684	5485	0.37827	0.988886
XM_003330325.2	1558	1359	0	0
XM_003330326.1	321	122	0	0
XM_003330327.1	1509	1310	0	0
XM_003330328.2	2083	1884	1	7.61098
XM_003330329.2	2969	2770	0	0
XM_003330330.2	521	322	0	0
XM_003330332.1	2388	2189	3	19.6516
XM_003330335.2	1149	950	0	0
XM_003330336.1	2211	2012	0	0
XM_003330337.2	2066	1867	2	15.3606
XM_003330338.2	1614	1415	0	0
XM_003330339.2	369	170	0	0
XM_003330340.2	1955	1756	0	0
XM_003330341.1	327	128	0	0
XM_003330342.2	1255	1056	3	40.736
XM_003330343.2	294	95.0001	0	0
XM_003330344.2	2547	2348	8	48.8555
XM_003330345.2	3468	3269	6	26.3183
XM_003330346.2	588	389	2	73.7228
XM_003330347.2	442	243	0	0
XM_003330348.2	2038	1839	0	0
XM_003330349.2	1706	1507	0	0
XM_003330350.2	3053	2854	0	0
XM_003330351.2	2913	2714	1	5.28338
XM_003330352.1	528	329	7	305.087
XM_003330353.2	823	624	0	0
XM_003330357.2	1446	1247	7	80.4921
XM_003330358.2	1675	1476	3	29.1445
XM_003330361.2	1151	952	7	105.434
XM_003330362.2	381	182	8	630.29
XM_003330363.1	624	425	1	33.739
XM_003330364.2	737	538	0	0
XM_003330368.2	1869	1670	0	0
XM_003330369.1	621	422	0	0
XM_003330370.1	609	410	0	0
XM_003330371.2	3876	3677	0	0
XM_003330372.2	4872	4673	0	0
XM_003330375.1	621	422	0	0
XM_003330376.1	612	413	0	0
XM_003330378.1	738	539	0	0
XM_003330381.2	747	548	0	0
XM_003330385.1	393	194	0	0
XM_003330386.2	1071	872	0	0
XM_003330388.2	1116	917	0	0
XM_003330389.2	1258	1059	1	13.5402
XM_003330390.2	3328	3129	4	18.3306
XM_003330392.1	372	173	0	0
XM_003330393.2	1484	1285	0	0
XM_003330394.2	3416	3217	1	4.45729
XM_003330395.2	507	308	0	0
XM_003330396.1	1047	848	0	0
XM_003330397.2	4767	4568	1	3.13903
XM_003330398.2	873	674	0	0
XM_003330400.2	1692	1493	0	0
XM_003330401.1	648	449	5	159.678
XM_003330402.2	1086	887	2	32.3316
XM_003330403.2	1321	1122	0	0
XM_003330404.2	3370	3171	5	22.6097
XM_003330405.2	873	674	0	0
XM_003330406.1	1155	956	0	0
XM_003330410.2	339	140	0	0
XM_003330412.2	1335	1136	0	0
XM_003330413.2	2345	2146	3	20.0453
XM_003330414.2	1133	934	0	0
XM_003330415.2	2488	2289	1	6.26435
XM_003330416.2	783	584	2	49.1065
XM_003330418.1	846	647	0	0
XM_003330420.2	1929	1730	0	0
XM_003330422.2	408	209	0	0
XM_003330425.1	1797	1598	0	0
XM_003330430.2	264	65.044	0	0
XM_003330438.2	315	116	0	0
XM_003330441.2	624	425	0	0
XM_003330442.2	942	743	0	0
XM_003330444.1	564	365	0	0
XM_003330450.1	537	338	0	0
XM_003330457.2	702	503	0	0
XM_003330458.2	1236	1037	0	0
XM_003330459.2	429	230	0	0
XM_003330465.2	1285	1086	0	0
XM_003330466.1	1845	1646	0	0
XM_003330467.2	2634	2435	0	0
XM_003330468.2	1732	1533	2	18.7072
XM_003330470.2	189	13.1915	0	0
XM_003330471.2	4473	4274	0	0
XM_003330472.2	2153	1954	14	102.737
XM_003330475.2	1072	873	0	0
XM_003330476.1	621	422	0	0
XM_003330477.1	399	200	0	0
XM_003330478.2	961	762	32	602.166
XM_003330479.2	2512	2313	0	0
XM_003330480.2	1638	1439	6	59.7877
XM_003330483.1	483	284	0	0
XM_003330484.2	6181	5982	7	16.7793
XM_003330485.2	4203	4004	2	7.16238
XM_003330486.2	1634	1435	56	559.574
XM_003330488.1	741	542	0	0
XM_003330489.1	348	149	0	0
XM_003330490.2	1418	1219	0	0
XM_003330491.2	3679	3480	0	0
XM_003330493.2	8654	8455	4	6.78372
XM_003330494.2	1399	1200	0	0
XM_003330495.1	468	269	0	0
XM_003330496.2	2007	1808	0	0
XM_003330497.2	549	350	0	0
XM_003330498.1	636	437	0	0
XM_003330504.1	2334	2135	0	0
XM_003330505.2	300	101	0	0
XM_003330509.2	2070	1871	0	0
XM_003330510.2	468	269	0	0
XM_003330511.2	2495	2296	0	0
XM_003330512.2	582	383	0	0
XM_003330513.2	2967	2768	0	0
XM_003330515.2	345	146	0	0
XM_003330516.2	1323	1124	0	0
XM_003330517.2	779	580	0	0
XM_003330519.2	2460	2261	0	0
XM_003330520.1	1119	920	0	0
XM_003330522.2	910	711	1	20.1675
XM_003330523.2	1136	937	0	0
XM_003330524.2	1449	1250	0	0
XM_003330525.2	1313	1114	1	12.8717
XM_003330526.2	2610	2411	2	11.8947
XM_003330527.2	1053	854	0	0
XM_003330528.2	2082	1883	0	0
XM_003330529.2	1454	1255	0	0
XM_003330530.2	1773	1574	0	0
XM_003330531.2	689	490	1	29.2634
XM_003330532.2	1289	1090	0	0
XM_003330533.2	355	156	0	0
XM_003330535.2	1691	1492	2	19.2213
XM_003330536.2	1044	845	1	16.9693
XM_003330537.2	1510	1311	0	0
XM_003330538.2	1107	908	9	142.128
XM_003330539.2	981	782	1	18.3364
XM_003330542.2	1396	1197	1	11.9792
XM_003330543.2	1709	1510	2	18.9922
XM_003330544.1	363	164	0	0
XM_003330545.2	1554	1355	0	0
XM_003330546.2	744	545	0	0
XM_003330547.1	1038	839	2	34.1814
XM_003330548.2	900	701	1	20.4552
XM_003330549.1	402	203	0	0
XM_003330550.1	450	251	0	0
XM_003330551.2	717	518	0	0
XM_003330553.1	498	299	0	0
XM_003330554.1	318	119	0	0
XM_003330555.1	717	518	0	0
XM_003330556.2	912	713	0	0
XM_003330563.2	306	107	0	0
XM_003330564.1	1245	1046	0	0
XM_003330566.1	345	146	0	0
XM_003330567.1	795	596	0	0
XM_003330568.2	783	584	0	0
XM_003330569.1	729	530	0	0
XM_003330570.2	1806	1607	0	0
XM_003330573.2	1086	887	0	0
XM_003330574.2	1664	1465	2	19.5755
XM_003330575.2	1224	1025	0	0
XM_003330576.2	1845	1646	0	0
XM_003330577.2	2355	2156	0	0
XM_003330583.2	2367	2168	0	0
XM_003330584.2	1449	1250	0	0
XM_003330585.2	948	749	2	38.2886
XM_003330586.2	704	505	0	0
XM_003330588.2	1949	1750	0	0
XM_003330590.2	1506	1307	0	0
XM_003330591.2	1347	1148	0	0
XM_003330592.2	3050	2851	17	85.5014
XM_003330594.2	1488	1289	1	11.1242
XM_003330595.2	1383	1184	2	24.2214
XM_003330596.2	408	209	18	1234.95
XM_003330597.2	765	566	2	50.6682
XM_003330598.2	2212	2013	2	14.2465
XM_003330599.1	906	707	0	0
XM_003330601.2	2857	2658	1	5.39469
XM_003330606.2	462	263	0	0
XM_003330611.2	834	635	2	45.1625
XM_003330615.2	1916	1717	8	66.81
XM_003330616.1	189	13.1915	0	0
XM_003330617.2	417	218	0	0
XM_003330618.1	510	311	0	0
XM_003330619.2	2217	2018	60	426.336
XM_003330620.1	804	605	0	0
XM_003330621.2	2387	2188	0	0
XM_003330623.2	1305	1106	17.9351	232.526
XM_003330624.2	506	307	0	0
XM_003330625.2	4555	4356	3	9.8754
XM_003330628.2	2062	1863	8	61.5742
XM_003330629.2	433	234	0	0
XM_003330630.2	2444	2245	40	255.485
XM_003330632.1	324	125	1	114.713
XM_003330633.2	3991	3792	2	7.56281
XM_003330634.2	3175	2976	2	9.63648
XM_003330636.2	492	293	10	489.389
XM_003330637.2	1199	1000	4	57.3563
XM_003330638.2	588	389	0	0
XM_003330639.1	354	155	0	0
XM_003330640.2	767	568	0	0
XM_003330641.2	1278	1079	1	13.2892
XM_003330642.2	1884	1685	0	0
XM_003330643.2	406	207	1	69.2709
XM_003330644.2	1085	886	1	16.1841
XM_003330645.2	1209	1010	0	0
XM_003330646.1	204	18.2087	0	0
XM_003330647.2	1192	993	2	28.8803
XM_003330648.2	812	613	1	23.3917
XM_003330649.1	1677	1478	0	0
XM_003330652.2	1195	996	0	0
XM_003330653.2	746	547	0	0
XM_003330654.2	2313	2114	2	13.5658
XM_003330655.2	1905	1706	0	0
XM_003330656.2	848	649	1	22.0941
XM_003330657.1	1086	887	0	0
XM_003330658.2	339	140	0	0
XM_003330662.2	1264	1065	4	53.8557
XM_003330663.2	1556	1357	2	21.1335
XM_003330664.1	513	314	0	0
XM_003330668.2	3009	2810	5	25.5144
XM_003330669.1	459	260	0	0
XM_003330671.2	1671	1472	0	0
XM_003330672.2	2622	2423	0	0
XM_003330674.2	1997	1798	0	0
XM_003330675.2	928	729	1	19.6695
XM_003330676.2	1310	1111	8	103.252
XM_003330677.2	2041	1842	0	0
XM_003330678.2	862	663	0	0
XM_003330679.1	324	125	0	0
XM_003330680.2	1567	1368	4	41.9272
XM_003330682.2	2033	1834	0	0
XM_003330683.2	1298	1099	16	208.758
XM_003330684.2	867	668	0	0
XM_003330685.2	333	134	3	321.024
XM_003330686.2	1620	1421	2	20.1817
XM_003330687.2	662	463	0	0
XM_003330688.2	1245	1046	1	13.7085
XM_003330689.2	1151	952	0	0
XM_003330690.2	899	700	1	20.4844
XM_003330692.2	3772	3573	2	8.02636
XM_003330693.2	974	775	4	74.0082
XM_003330694.2	1654	1455	6	59.1303
XM_003330695.2	354	155	0	0
XM_003330696.1	759	560	0	0
XM_003330697.2	1382	1183	9	109.089
XM_003330698.1	2073	1874	0	0
XM_003330699.2	1326	1127	1	12.7232
XM_003330701.1	492	293	0	0
XM_003330702.2	2338	2139	0	0
XM_003330703.2	663	464	2	61.8064
XM_003330704.2	4212	4013	4	14.2926
XM_003330705.2	939	740	0	0
XM_003330706.2	2344	2145	0	0
XM_003330707.2	2046	1847	5	38.8172
XM_003330708.2	1316	1117	3	38.5114
XM_003330709.2	902	703	1	20.397
XM_003330711.2	762	563	15	382.036
XM_003330712.2	1275	1076	9	119.937
XM_003330713.2	1601	1402	0	0
XM_003330715.1	966	767	0	0
XM_003330716.2	2916	2717	44	232.212
XM_003330717.1	519	320	0	0
XM_003330719.2	849	650	3	66.1804
XM_003330720.2	1057	858	7	116.986
XM_003330721.2	1999	1800	5	39.8308
XM_003330722.2	3769	3570	6	24.0993
XM_003330723.1	948	749	1	19.1443
XM_003330725.1	477	278	0	0
XM_003330726.2	2949	2750	3	15.6426
XM_003330727.2	945	746	0	0
XM_003330728.2	1582	1383	0	0
XM_003330729.2	2758	2559	2	11.2068
XM_003330730.2	1218	1019	1	14.0717
XM_003330731.2	744	545	0	0
XM_003330733.2	1585	1386	1	10.3457
XM_003330734.2	1089	890	4	64.4453
XM_003330735.2	560	361	0	0
XM_003330736.2	1400	1201	4	47.7572
XM_003330738.2	886	687	2.77026	57.8209
XM_003330739.2	2202	2003	4	28.6352
XM_003330740.1	387	188	1	76.2717
XM_003330743.2	1799	1600	2	17.9239
XM_003330744.2	602	403	0	0
XM_003330745.2	1692	1493	11	105.646
XM_003330746.2	1697	1498	27	258.448
XM_003330747.2	693	494	0	0
XM_003330750.2	1116	917	0	0
XM_003330759.2	1684	1485	4	38.6238
XM_003330761.2	2208	2009	0	0
XM_003330762.2	1125	926	2	30.9699
XM_003330763.2	851	652	12	263.91
XM_003330767.2	387	188	7	533.902
XM_003330769.2	1129	930	25	385.459
XM_003330770.2	1800	1601	6	53.738
XM_003330771.1	363	164	0	0
XM_003330772.1	1008	809	0	0
XM_003330773.2	3783	3584	2	8.00172
XM_003330774.2	770	571	0	0
XM_003330775.2	2476	2277	6	37.7842
XM_003330777.2	309	110	0	0
XM_003330778.2	834	635	0	0
XM_003330779.1	834	635	0	0
XM_003330783.1	837	638	0	0
XM_003330784.2	726	527	0	0
XM_003330786.2	1686	1487	0	0
XM_003330787.2	2871	2672	4	21.4657
XM_003330788.2	1321	1122	0	0
XM_003330790.2	4029	3830	0	0
XM_003330791.2	1408	1209	32	379.529
XM_003330792.2	1883	1684	9	76.6341
XM_003330794.2	1212	1013	0	0
XM_003330795.2	663	464	0	0
XM_003330796.2	276	77.0053	0	0
XM_003330797.1	978	779	0	0
XM_003330800.2	330	131	0	0
XM_003330801.1	774	575	0	0
XM_003330802.2	936	737	0	0
XM_003330804.1	477	278	0	0
XM_003330806.2	546	347	0	0
XM_003330808.1	510	311	0	0
XM_003330809.1	1155	956	0	0
XM_003330810.1	948	749	0	0
XM_003330811.2	570	371	0	0
XM_003330812.2	318	119	0	0
XM_003330814.2	546	347	0	0
XM_003330815.2	669	470	0	0
XM_003330817.2	1104	905	0	0
XM_003330821.2	1026	827	0	0
XM_003330822.2	2442	2243	0	0
XM_003330823.2	540	341	0	0
XM_003330824.1	1047	848	0	0
XM_003330825.2	906	707	0	0
XM_003330828.2	2084	1885	8	60.8555
XM_003330829.2	2364	2165	0	0
XM_003330830.2	903	704	3.50528	71.3957
XM_003330831.2	477	278	0	0
XM_003330833.2	1121	922	4.49472	69.9025
XM_003330834.2	1675	1476	6	58.289
XM_003330836.1	3495	3296	0	0
XM_003330837.2	4628	4429	0	0
XM_003330838.2	444	245	0	0
XM_003330839.2	363	164	0	0
XM_003330841.2	1176	977	0	0
XM_003330844.1	432	233	0	0
XM_003330845.2	1546	1347	0	0
XM_003330846.2	1888	1689	2	16.9794
XM_003330848.2	384	185	0	0
XM_003330850.2	384	185	0	0
XM_003330851.2	2501	2302	1	6.22897
XM_003330852.2	3938	3739	1	3.83501
XM_003330853.1	1164	965	0	0
XM_003330854.2	780	581	2	49.36
XM_003330855.2	2673	2474	2	11.5918
XM_003330856.2	2937	2738	9	47.1336
XM_003330858.2	690	491	0	0
XM_003330859.1	3042	2843	0	0
XM_003330860.1	480	281	0	0
XM_003330861.2	3334	3135	10	45.7387
XM_003330862.2	1215	1016	7	98.7929
XM_003330865.2	1146	947	0	0
XM_003330866.1	1164	965	0	0
XM_003330867.1	306	107	0	0
XM_003330870.1	1341	1142	0	0
XM_003330871.2	504	305	0	0
XM_003330874.1	708	509	0	0
XM_003330875.2	1029	830	0	0
XM_003330876.2	960	761	3	56.5273
XM_003330878.2	3368	3169	0	0
XM_003330879.2	1235	1036	0	0
XM_003330880.2	864	665	4	86.2501
XM_003330881.2	1426	1227	0	0
XM_003330882.2	594	395	0	0
XM_003330883.2	1045	846	0	0
XM_003330884.2	714	515	0	0
XM_003330885.2	2358	2159	1	6.64154
XM_003330886.1	366	167	0	0
XM_003330887.2	2674	2475	5	28.9679
XM_003330889.2	2347	2148	1	6.67555
XM_003330894.2	1936	1737	3	24.7653
XM_003330895.1	672	473	0	0
XM_003330896.1	477	278	0	0
XM_003330897.2	788	589	0	0
XM_003330898.2	502	303	4	189.295
XM_003330899.2	744	545	0	0
XM_003330900.2	1527	1328	2	21.595
XM_003330901.2	2545	2346	3	18.3364
XM_003330902.1	939	740	0	0
XM_003330903.2	2667	2468	2	11.62
XM_003330906.2	2805	2606	0	0
XM_003330907.2	1692	1493	9	86.4379
XM_003330910.2	4169	3970	93	335.903
XM_003330911.2	540	341	0	0
XM_003330915.2	2757	2558	3	16.8168
XM_003330917.2	1431	1232	0	0
XM_003330918.1	996	797	0	0
XM_003330919.2	456	257	0	0
XM_003330920.2	276	77.0053	0	0
XM_003330922.2	1491	1292	14.1913	157.501
XM_003330923.2	1731	1532	0	0
XM_003330924.2	1700	1501	3.49152	33.3546
XM_003330927.2	1418	1219	3	35.289
XM_003330928.2	1216	1017	2.40956	33.9734
XM_003330929.2	2190	1991	0	0
XM_003330931.1	1362	1163	0	0
XM_003330934.2	3420	3221	9	40.0657
XM_003330935.2	1209	1010	3	42.5913
XM_003330936.2	1176	977	2	29.3533
XM_003330938.2	3073	2874	2	9.97849
XM_003330939.2	1475	1276	5	56.1876
XM_003330940.2	1102	903	2	31.7588
XM_003330942.1	369	170	0	0
XM_003330943.2	912	713	0	0
XM_003330944.2	630	431	0	0
XM_003330945.2	1007	808	0	0
XM_003330946.2	1168	969	2.59044	38.3328
XM_003330947.2	1412	1213	0	0
XM_003330948.2	1657	1458	3.50848	34.505
XM_003330949.2	2264	2065	0	0
XM_003330950.2	1682	1483	99.8087	965.047
XM_003330951.2	1017	818	0	0
XM_003330953.2	1676	1477	0	0
XM_003330954.2	3922	3723	1	3.85149
XM_003330955.2	394	195	0	0
XM_003330956.2	1430	1231	8	93.1866
XM_003330957.2	2215	2016	2	14.2253
XM_003330958.2	1897	1698	0	0
XM_003330959.2	4083	3884	0	0
XM_003330961.2	4149	3950	3	10.8904
XM_003330962.1	450	251	1	57.1278
XM_003330963.2	509	310	0	0
XM_003330964.2	3813	3614	1	3.96765
XM_003330965.2	1441	1242	0	0
XM_003330967.2	636	437	0	0
XM_003330970.2	3921	3722	0	0
XM_003330972.2	792	593	0	0
XM_003330974.1	1038	839	9	153.816
XM_003330977.2	2194	1995	18.6569	134.096
XM_003330978.1	378	179	0	0
XM_003330979.2	1758	1559	3	27.5929
XM_003330981.2	3486	3287	0	0
XM_003330982.1	990	791	1	18.1278
XM_003330983.1	1260	1061	10	135.147
XM_003330985.2	1756	1557	2	18.4189
XM_003330988.1	342	143	0	0
XM_003330993.2	333	134	0	0
XM_003330994.2	519	320	0	0
XM_003330995.1	357	158	0	0
XM_003330996.1	1395	1196	0	0
XM_003330999.1	492	293	0	0
XM_003331001.2	2280	2081	0	0
XM_003331002.2	2053	1854	4	30.9365
XM_003331005.2	2546	2347	0	0
XM_003331006.2	572	373	0	0
XM_003331007.2	1781	1582	0	0
XM_003331008.2	1051	852	0	0
XM_003331009.2	1158	959	0	0
XM_003331010.2	2288	2089	8	54.9127
XM_003331011.2	694	495	0	0
XM_003331012.2	1986	1787	0	0
XM_003331013.2	1285	1086	0	0
XM_003331015.2	1962	1763	3.7828	30.7668
XM_003331017.1	594	395	1	36.3015
XM_003331018.1	624	425	0	0
XM_003331019.2	1503	1304	1	10.9962
XM_003331020.2	375	176	0	0
XM_003331021.2	783	584	1	24.5532
XM_003331024.2	1576	1377	0	0
XM_003331027.2	356	157	0	0
XM_003331031.1	495	296	0	0
XM_003331032.2	1356	1157	0	0
XM_003331034.2	582	383	0	0
XM_003331036.2	876	677	5.18048	109.724
XM_003331037.2	955	756	5	94.8352
XM_003331041.2	1153	954	4	60.122
XM_003331042.2	1259	1060	2	27.0549
XM_003331043.2	819	620	3	69.3827
XM_003331044.1	708	509	0	0
XM_003331045.2	1643	1444	4	39.7205
XM_003331046.2	1351	1152	0	0
XM_003331047.2	2675	2476	9	52.1211
XM_003331048.2	1793	1594	0	0
XM_003331049.2	2141	1942	0	0
XM_003331050.2	2341	2142	1	6.69425
XM_003331051.2	548	349	0	0
XM_003331052.2	420	221	0	0
XM_003331053.2	1287	1088	15	197.69
XM_003331054.2	1266	1067	0	0
XM_003331055.2	1385	1186	1	12.0903
XM_003331056.1	306	107	0	0
XM_003331057.2	1855	1656	147	1272.85
XM_003331059.2	2666	2467	5	29.0618
XM_003331060.2	2477	2278	5.23733	32.9669
XM_003331062.1	660	461	0	0
XM_003331063.2	1490	1291	0	0
XM_003331064.2	2423	2224	1	6.44743
XM_003331065.2	546	347	4	165.292
XM_003331066.2	478	279	0	0
XM_003331067.2	3037	2838	0	0
XM_003331069.2	2439	2240	0	0
XM_003331070.2	4942	4743	3	9.06963
XM_003331072.2	657	458	0	0
XM_003331075.2	711	512	0	0
XM_003331077.2	5118	4919	0	0
XM_003331078.2	312	113	0	0
XM_003331079.2	203	17.7996	0	0
XM_003331080.2	2176	1977	0	0
XM_003331081.1	564	365	0	0
XM_003331082.2	513	314	0	0
XM_003331083.2	1578	1379	4	41.5927
XM_003331084.2	1578	1379	9	93.5836
XM_003331086.2	663	464	0	0
XM_003331087.1	1854	1655	0	0
XM_003331088.2	2268	2069	0	0
XM_003331089.1	351	152	0	0
XM_003331090.2	495	296	1	48.4429
XM_003331091.2	841	642	0	0
XM_003331092.2	1107	908	11	173.711
XM_003331094.1	576	377	0	0
XM_003331095.2	168	9.06081	0	0
XM_003331096.1	516	317	0	0
XM_003331097.2	1938	1739	3	24.7368
XM_003331098.2	1727	1528	3.60478	33.8281
XM_003331099.2	670	471	0	0
XM_003331100.2	309	110	0	0
XM_003331102.2	1973	1774	1	8.08291
XM_003331103.1	1947	1748	0	0
XM_003331105.2	1104	905	1.39522	22.1062
XM_003331107.2	3424	3225	2	8.89246
XM_003331108.2	418	219	0	0
XM_003331109.2	435	236	0	0
XM_003331110.2	1326	1127	4	50.8929
XM_003331111.2	1606	1407	5	50.9562
XM_003331112.2	3258	3059	3	14.0625
XM_003331113.2	1830	1631	0	0
XM_003331114.2	2041	1842	0	0
XM_003331115.2	4812	4613	0	0
XM_003331116.2	1627	1428	0	0
XM_003331117.2	973	774	10	185.26
XM_003331118.2	1309	1110	7	90.4267
XM_003331121.2	578	379	18	681.012
XM_003331123.1	1329	1130	0	0
XM_003331124.2	573	374	0	0
XM_003331125.2	1107	908	0	0
XM_003331126.2	3024	2825	4	20.3031
XM_003331132.2	1731	1532	9	84.2375
XM_003331133.1	399	200	0	0
XM_003331135.2	915	716	0	0
XM_003331136.2	720	521	2	55.0445
XM_003331137.2	1516	1317	5	54.4384
XM_003331138.2	1070	871	2	32.9256
XM_003331139.2	2098	1899	0	0
XM_003331140.2	1785	1586	0	0
XM_003331143.1	351	152	0	0
XM_003331144.2	375	176	0	0
XM_003331145.2	2727	2528	3	17.0163
XM_003331146.2	2438	2239	0	0
XM_003331148.2	1878	1679	0	0
XM_003331149.2	1848	1649	0	0
XM_003331152.2	1038	839	5	85.4534
XM_003331153.2	666	467	0	0
XM_003331154.2	549	350	0	0
XM_003331156.2	330	131	0	0
XM_003331157.2	486	287	0	0
XM_003331158.2	327	128	0	0
XM_003331159.1	447	248	0	0
XM_003331160.2	1584	1385	1	10.3531
XM_003331161.2	1008	809	4	70.8978
XM_003331162.2	839	640	0	0
XM_003331163.2	4075	3876	4	14.7978
XM_003331164.2	522	323	0	0
XM_003331165.2	948	749	3	57.4329
XM_003331167.2	1404	1205	0	0
XM_003331172.2	2986	2787	3	15.435
XM_003331173.1	2028	1829	0	0
XM_003331176.1	1032	833	0	0
XM_003331179.2	1374	1175	0	0
XM_003331180.2	411	212	0	0
XM_003331181.2	798	599	0	0
XM_003331182.2	1725	1526	4	37.5861
XM_003331183.1	450	251	1	57.1278
XM_003331184.2	402	203	0	0
XM_003331185.1	540	341	0	0
XM_003331186.1	993	794	0	0
XM_003331188.1	1944	1745	0	0
XM_003331190.1	1656	1457	0	0
XM_003331191.2	2306	2107	0	0
XM_003331192.2	1296	1097	0	0
XM_003331193.2	1458	1259	8	91.1141
XM_003331194.1	918	719	2	39.8862
XM_003331195.2	1341	1142	0	0
XM_003331196.2	1660	1461	5	49.0728
XM_003331201.2	1524	1325	9	97.3976
XM_003331204.2	2285	2086	5	34.3698
XM_003331205.2	823	624	0	0
XM_003331206.2	1366	1167	5	61.4357
XM_003331208.2	1135	936	0	0
XM_003331209.2	2064	1865	2	15.377
XM_003331213.2	906	707	0	0
XM_003331216.2	2458	2259	1	6.34754
XM_003331217.2	2836	2637	8	43.5012
XM_003331218.2	1581	1382	0	0
XM_003331219.2	1944	1745	0	0
XM_003331220.1	837	638	0	0
XM_003331223.2	1366	1167	8	98.2971
XM_003331224.2	1604	1405	4	40.823
XM_003331225.2	909	710	21	424.114
XM_003331226.1	557	358	0	0
XM_003331227.2	1242	1043	0	0
XM_003331228.2	1552	1353	1	10.598
XM_003331230.2	974	775	6	111.012
XM_003331232.1	489	290	0	0
XM_003331234.1	768	569	0	0
XM_003331238.2	888	689	0	0
XM_003331239.2	1965	1766	2	16.2391
XM_003331243.1	621	422	0	0
XM_003331245.2	1020	821	0	0
XM_003331246.2	1145	946	4	60.6304
XM_003331247.1	1395	1196	0	0
XM_003331248.2	245	46.6066	2	615.325
XM_003331249.1	477	278	0	0
XM_003331250.2	1911	1712	15	125.635
XM_003331252.2	345	146	0	0
XM_003331253.2	1140	941	1	15.2381
XM_003331257.2	1706	1507	7	66.6049
XM_003331258.2	626	427	2	67.162
XM_003331259.2	1962	1763	2	16.2667
XM_003331260.2	1772	1573	0	0
XM_003331261.2	624	425	0	0
XM_003331262.2	4229	4030	0	0
XM_003331265.1	405	206	0	0
XM_003331266.2	1225	1026	11	153.733
XM_003331267.2	2637	2438	0	0
XM_003331270.2	1125	926	2	30.9699
XM_003331271.2	3649	3450	8	33.2501
XM_003331272.2	1475	1276	0	0
XM_003331273.2	186	12.4336	0	0
XM_003331277.2	2013	1814	0	0
XM_003331282.2	687	488	0	0
XM_003331283.2	1868	1669	2	17.1828
XM_003331284.2	1116	917	1	15.637
XM_003331285.2	1890	1691	11	93.2761
XM_003331287.2	546	347	0	0
XM_003331291.2	1932	1733	3	24.8224
XM_003331292.2	1372	1173	1	12.2243
XM_003331293.2	3869	3670	3	11.7213
XM_003331296.1	1518	1319	0	0
XM_003331297.1	1311	1112	0	0
XM_003331299.1	378	179	0	0
XM_003331302.2	585	386	0	0
XM_003331303.2	1212	1013	0	0
XM_003331304.2	1002	803	0	0
XM_003331305.2	789	590	3	72.9106
XM_003331309.2	618	419	0	0
XM_003331310.2	528	329	0	0
XM_003331312.2	207	19.5103	0	0
XM_003331313.2	933	734	0	0
XM_003331314.1	876	677	0	0
XM_003331318.2	2501	2302	0	0
XM_003331319.2	642	443	0	0
XM_003331321.2	1551	1352	1	10.6058
XM_003331322.2	1432	1233	2	23.2589
XM_003331323.2	460	261	1	54.939
XM_003331325.2	2618	2419	1	5.92769
XM_003331327.2	1099	900	0	0
XM_003331328.2	2849	2650	7	37.8768
XM_003331329.2	375	176	1	81.4721
XM_003331330.2	489	290	0	0
XM_003331331.2	450	251	0	0
XM_003331332.2	2287	2088	1	6.86738
XM_003331333.2	6765	6566	13	28.3899
XM_003331334.2	1808	1609	0	0
XM_003331336.2	2888	2689	40	213.3
XM_003331337.2	2180	1981	2	14.4766
XM_003331338.2	932	733	195	3814.63
XM_003331343.2	1485	1286	1	11.1501
XM_003331345.2	1295	1096	1003	13122.4
XM_003331346.2	959	760	0	0
XM_003331347.2	6694	6495	1	2.20771
XM_003331348.2	609	410	4	139.894
XM_003331351.2	1825	1626	5	44.0931
XM_003331352.2	358	159	13	1172.38
XM_003331357.2	2046	1847	10	77.6345
XM_003331358.2	1396	1197	0	0
XM_003331359.2	1749	1550	2	18.502
XM_003331360.2	2848	2649	38	205.695
XM_003331362.2	1080	881	0	0
XM_003331363.1	459	260	0	0
XM_003331365.2	426	227	0	0
XM_003331366.2	2487	2288	1	6.26708
XM_003331367.2	813	614	0	0
XM_003331368.2	573	374	0	0
XM_003331369.2	1261	1062	17	229.533
XM_003331370.2	1746	1547	9	83.4207
XM_003331371.2	690	491	0	0
XM_003331372.2	687	488	0	0
XM_003331373.2	348	149	0	0
XM_003331374.2	3063	2864	0	0
XM_003331377.2	2127	1928	3	22.3119
XM_003331378.2	718	519	0	0
XM_003331380.2	372	173	0	0
XM_003331381.1	498	299	0	0
XM_003331383.1	675	476	0	0
XM_003331384.2	990	791	0	0
XM_003331385.1	516	317	0	0
XM_003331386.1	171	9.50903	0	0
XM_003331388.2	1023	824	3	52.2054
XM_003331389.2	1847	1648	0	0
XM_003331390.2	1133	934	0	0
XM_003331391.2	3173	2974	0	0
XM_003331392.1	873	674	1	21.2746
XM_003331393.2	1351	1152	1	12.4471
XM_003331394.2	629	430	1	33.3467
XM_003331395.2	606	407	0	0
XM_003331396.2	927	728	0	0
XM_003331397.2	349	150	0	0
XM_003331398.2	240	42.049	0	0
XM_003331399.2	450	251	0	0
XM_003331403.2	1110	911	0	0
XM_003331404.1	2250	2051	0	0
XM_003331406.1	579	380	0	0
XM_003331407.2	1318	1119	0	0
XM_003331408.1	336	137	0	0
XM_003331409.2	1401	1202	0	0
XM_003331411.2	720	521	0	0
XM_003331412.2	2004	1805	2.95805	23.499
XM_003331413.2	1056	857	2	33.4634
XM_003331414.2	2238	2039	0	0
XM_003331415.2	976	777	7	129.181
XM_003331416.2	1129	930	3	46.2551
XM_003331417.2	3862	3663	0	0
XM_003331419.2	493	294	0	0
XM_003331422.2	1439	1240	0	0
XM_003331423.1	468	269	0	0
XM_003331426.1	396	197	0	0
XM_003331427.2	1306	1107	0	0
XM_003331428.2	2014	1815	4	31.6013
XM_003331429.2	1937	1738	2	16.5007
XM_003331430.2	1772	1573	0	0
XM_003331432.2	1424	1225	0	0
XM_003331434.2	804	605	0	0
XM_003331435.2	1311	1112	0	0
XM_003331437.1	1266	1067	0	0
XM_003331438.1	378	179	0	0
XM_003331439.2	2252	2053	0	0
XM_003331440.2	828	629	4	91.1866
XM_003331441.1	300	101	0	0
XM_003331442.1	1989	1790	0	0
XM_003331443.1	435	236	0	0
XM_003331444.2	1497	1298	0	0
XM_003331446.1	774	575	0	0
XM_003331448.1	714	515	0	0
XM_003331449.2	336	137	0	0
XM_003331450.1	312	113	0	0
XM_003331451.2	1234	1035	0	0
XM_003331452.2	2136	1937	0	0
XM_003331453.2	1344	1145	0	0
XM_003331456.2	1760	1561	0	0
XM_003331457.2	453	254	0	0
XM_003331458.2	1331	1132	1	12.667
XM_003331459.2	1644	1445	1	9.92324
XM_003331464.1	1179	980	0	0
XM_003331466.2	6500	6301	5	11.3784
XM_003331468.1	651	452	0	0
XM_003331470.2	543	344	0	0
XM_003331471.2	2529	2330	1	6.15411
XM_003331472.2	918	719	0	0
XM_003331474.2	552	353	0	0
XM_003331475.2	2057	1858	1	7.71748
XM_003331476.2	704	505	0	0
XM_003331477.2	2529	2330	1	6.15411
XM_003331479.2	450	251	0	0
XM_003331482.2	3603	3404	2	8.42485
XM_003331483.1	1095	896	0	0
XM_003331484.1	795	596	0	0
XM_003331485.2	353	154	0	0
XM_003331486.2	666	467	0	0
XM_003331487.2	2977	2778	2	10.3233
XM_003331488.2	5244	5045	1.83872	5.22609
XM_003331489.1	453	254	0	0
XM_003331490.2	516	317	0	0
XM_003331491.2	1824	1625	5	44.1203
XM_003331494.1	933	734	0	0
XM_003331496.2	692	493	1	29.0854
XM_003331497.2	1335	1136	2	25.2449
XM_003331501.2	1316	1117	0	0
XM_003331502.2	1680	1481	0	0
XM_003331503.2	1470	1271	0	0
XM_003331504.2	2855	2656	20	107.975
XM_003331506.2	546	347	0	0
XM_003331508.1	213	22.4695	0	0
XM_003331509.2	3046	2847	0	0
XM_003331512.2	1895	1696	8	67.6372
XM_003331513.2	1559	1360	5	52.7172
XM_003331514.2	655	456	16	503.126
XM_003331515.2	1679	1480	0	0
XM_003331516.2	658	459	0	0
XM_003331517.2	601	402	0	0
XM_003331518.2	1500	1301	11	121.237
XM_003331519.2	399	200	0	0
XM_003331520.2	2529	2330	0	0
XM_003331522.2	897	698	0	0
XM_003331524.2	1023	824	3	52.2054
XM_003331527.2	2555	2356	3	18.2586
XM_003331530.2	1278	1079	1	13.2892
XM_003331531.2	1411	1212	1	11.8309
XM_003331532.1	366	167	0	0
XM_003331534.1	993	794	0	0
XM_003331535.2	1056	857	25	418.293
XM_003331536.2	4141	3942	3	10.9125
XM_003331537.1	354	155	0	0
XM_003331539.1	1341	1142	0	0
XM_003331541.2	936	737	0	0
XM_003331542.1	1152	953	0	0
XM_003331543.1	645	446	0	0
XM_003331545.1	513	314	0	0
XM_003331546.2	366	167	0	0
XM_003331547.2	2291	2092	5	34.2712
XM_003331548.2	1213	1014	4	56.5644
XM_003331549.2	1972	1773	0	0
XM_003331550.2	1151	952	11	165.683
XM_003331551.2	1104	905	1	15.8443
XM_003331552.2	1350	1151	8	99.6635
XM_003331553.2	825	626	2	45.8118
XM_003331554.2	606	407	1	35.2312
XM_003331555.2	1575	1376	0	0
XM_003331556.2	2084	1885	0	0
XM_003331557.2	1376	1177	0	0
XM_003331558.2	1959	1760	6	48.8832
XM_003331559.2	3369	3170	18	81.4207
XM_003331562.1	375	176	0	0
XM_003331568.1	318	119	0	0
XM_003331570.2	504	305	0	0
XM_003331571.2	1050	851	0	0
XM_003331572.2	468	269	0	0
XM_003331575.2	288	89.0004	0	0
XM_003331577.2	3039	2840	0	0
XM_003331578.1	1515	1316	0	0
XM_003331579.1	717	518	0	0
XM_003331580.2	705	506	0	0
XM_003331585.1	447	248	0	0
XM_003331586.1	447	248	0	0
XM_003331588.2	495	296	0	0
XM_003331592.1	1290	1091	0	0
XM_003331596.2	647	448	4	128.028
XM_003331597.2	1084	885	1	16.2024
XM_003331598.2	1156	957	0	0
XM_003331599.2	1574	1375	1	10.4284
XM_003331600.2	2184	1985	1	7.22372
XM_003331601.2	189	13.1915	4.87597	5300.14
XM_003331605.1	915	716	0	0
XM_003331607.1	1416	1217	0	0
XM_003331608.2	795	596	0	0
XM_003331611.2	3901	3702	3.34041	12.9385
XM_003331612.2	3301	3102	3.60166	16.6488
XM_003331613.2	563	364	3	118.179
XM_003331615.2	273	74.0093	0	0
XM_003331616.1	396	197	0	0
XM_003331618.1	417	218	0	0
XM_003331619.1	723	524	0	0
XM_003331620.2	3027	2828	4.55142	23.0775
XM_003331621.1	591	392	0	0
XM_003331627.1	324	125	0	0
XM_003331628.1	909	710	0	0
XM_003331630.2	1604	1405	4	40.823
XM_003331631.2	807	608	0	0
XM_003331632.2	447	248	0	0
XM_003331634.2	499	300	0	0
XM_003331635.2	513	314	14	639.322
XM_003331636.1	369	170	0	0
XM_003331637.1	402	203	0	0
XM_003331639.1	402	203	0	0
XM_003331641.1	402	203	0	0
XM_003331642.1	402	203	0	0
XM_003331643.2	1942	1743	22	180.987
XM_003331645.2	993	794	6	108.356
XM_003331646.2	1507	1308	2	21.9252
XM_003331647.2	854	655	0	0
XM_003331649.2	1891	1692	0	0
XM_003331650.2	1749	1550	0	0
XM_003331651.1	894	695	0	0
XM_003331653.2	2408	2209	8	51.9297
XM_003331654.2	1556	1357	0	0
XM_003331656.2	713	514	0	0
XM_003331657.2	901	702	254	5188.22
XM_003331660.1	411	212	0	0
XM_003331661.2	598	399	0	0
XM_003331662.1	336	137	0	0
XM_003331663.2	1922	1723	1	8.32216
XM_003331664.2	534	335	336	14381.9
XM_003331665.1	588	389	0	0
XM_003331666.2	426	227	0	0
XM_003331669.2	177	10.528	0	0
XM_003331670.2	2739	2540	2	11.2906
XM_003331671.1	339	140	0	0
XM_003331673.1	870	671	0	0
XM_003331674.2	1993	1794	0	0
XM_003331676.2	2341	2142	1	6.69425
XM_003331677.2	1879	1680	0	0
XM_003331679.2	1404	1205	0	0
XM_003331680.2	1149	950	5	75.4689
XM_003331681.1	285	86.0009	0	0
XM_003331684.1	288	89.0004	0	0
XM_003331685.2	4621	4422	3	9.72801
XM_003331686.1	318	119	0	0
XM_003331691.2	1477	1278	12	134.639
XM_003331692.2	1323	1124	1.20273	15.3435
XM_003331693.2	1213	1014	5.14286	72.7257
XM_003331694.2	438	239	0	0
XM_003331701.2	2978	2779	5	25.799
XM_003331702.2	1979	1780	6	48.334
XM_003331703.2	2055	1856	0	0
XM_003331704.2	852	653	0	0
XM_003331706.1	435	236	0	0
XM_003331707.2	1407	1208	1	11.8701
XM_003331710.2	489	290	0	0
XM_003331711.2	3188	2989	0	0
XM_003331713.1	702	503	0	0
XM_003331714.2	455	256	0	0
XM_003331716.2	1836	1637	38	332.856
XM_003331717.2	243	44.7603	0	0
XM_003331718.2	594	395	13	471.919
XM_003331719.2	612	413	0	0
XM_003331720.2	2979	2780	4	20.6318
XM_003331721.2	780	581	0	0
XM_003331722.1	390	191	0	0
XM_003331725.1	729	530	0	0
XM_003331726.2	976	777	0	0
XM_003331728.2	1380	1181	2	24.283
XM_003331733.2	2042	1843	0	0
XM_003331734.2	1402	1203	2	23.8389
XM_003331735.2	1290	1091	1	13.1431
XM_003331741.1	1602	1403	0	0
XM_003331742.2	823	624	0	0
XM_003331745.2	342	143	0	0
XM_003331746.2	822	623	0	0
XM_003331747.2	2899	2700	8	42.4862
XM_003331750.2	4415	4216	9	30.61
XM_003331751.2	1705	1506	3	28.5639
XM_003331752.2	1721	1522	19	179.003
XM_003331753.1	432	233	0	0
XM_003331754.2	2119	1920	5	37.3414
XM_003331755.2	5926	5727	1	2.50377
XM_003331757.2	1704	1505	0	0
XM_003331758.2	489	290	0	0
XM_003331761.1	309	110	0	0
XM_003331762.2	1587	1388	0	0
XM_003331764.2	435	236	0	0
XM_003331768.2	405	206	0	0
XM_003331769.1	177	10.528	0	0
XM_003331770.1	390	191	0	0
XM_003331772.2	1041	842	0	0
XM_003331773.2	660	461	0	0
XM_003331774.1	387	188	0	0
XM_003331777.2	1134	935	0	0
XM_003331778.2	657	458	0	0
XM_003331779.2	387	188	0	0
XM_003331781.2	777	578	0	0
XM_003331782.2	1062	863	0	0
XM_003331783.1	1551	1352	0	0
XM_003331784.1	516	317	0	0
XM_003331785.2	153	7.28986	0	0
XM_003331786.2	183	11.741	0	0
XM_003331787.2	450	251	0	0
XM_003331788.2	765	566	0	0
XM_003331791.1	264	65.044	0	0
XM_003331792.2	189	13.1915	0	0
XM_003331794.2	306	107	0	0
XM_003331796.2	387	188	0	0
XM_003331803.1	663	464	0	0
XM_003331804.1	552	353	0	0
XM_003331807.1	306	107	0	0
XM_003331809.2	933	734	0	0
XM_003331813.1	579	380	0	0
XM_003331816.2	279	80.003	0	0
XM_003331818.2	2734	2535	2	11.3129
XM_003331819.2	1051	852	0	0
XM_003331821.2	2056	1857	11	84.938
XM_003331822.1	1341	1142	0	0
XM_003331823.2	789	590	0	0
XM_003331824.2	755	556	17	438.425
XM_003331828.2	5095	4896	1	2.92873
XM_003331829.2	2271	2072	0	0
XM_003331833.2	755	556	0	0
XM_003331834.2	847	648	0	0
XM_003331835.1	861	662	0	0
XM_003331836.2	1526	1327	0	0
XM_003331837.2	5694	5495	3	7.82844
XM_003331838.1	597	398	0	0
XM_003331839.2	936	737	5	97.2801
XM_003331840.2	264	65.044	0	0
XM_003331842.1	309	110	0	0
XM_003331843.2	741	542	4	105.824
XM_003331844.1	432	233	0	0
XM_003331847.2	2370	2171	1	6.60483
XM_003331848.2	2351	2152	4	26.6526
XM_003331849.2	1600	1401	1	10.2349
XM_003331854.1	384	185	0	0
XM_003331855.2	1310	1111	10	129.065
XM_003331856.2	583	384	0	0
XM_003331857.2	1539	1340	0	0
XM_003331858.1	414	215	0	0
XM_003331859.2	1743	1544	1	9.28697
XM_003331860.2	931	732	0	0
XM_003331861.2	3537	3338	0	0
XM_003331862.2	615	416	0	0
XM_003331863.1	300	101	0	0
XM_003331864.1	729	530	0	0
XM_003331865.2	4905	4706	1	3.04698
XM_003331866.2	958	759	0	0
XM_003331867.2	417	218	0	0
XM_003331868.2	813	614	0	0
XM_003331869.2	3698	3499	0	0
XM_003331871.1	1644	1445	0	0
XM_003331872.2	729	530	0	0
XM_003331873.2	522	323	0	0
XM_003331874.2	726	527	0	0
XM_003331875.2	874	675	0	0
XM_003331876.2	1654	1455	0	0
XM_003331877.2	744	545	0	0
XM_003331878.2	3474	3275	8	35.0268
XM_003331879.2	420	221	0	0
XM_003331880.2	4797	4598	0	0
XM_003331881.2	3100	2901	3	14.8284
XM_003331882.1	2274	2075	1	6.9104
XM_003331886.2	417	218	0	0
XM_003331888.2	1879	1680	0	0
XM_003331889.2	3404	3205	0	0
XM_003331891.2	2119	1920	0	0
XM_003331892.2	847	648	0	0
XM_003331893.2	4730	4531	1	3.16466
XM_003331894.2	1328	1129	15	190.51
XM_003331895.1	1593	1394	0	0
XM_003331896.1	324	125	0	0
XM_003331897.1	300	101	0	0
XM_003331899.2	431	232	0	0
XM_003331901.1	1101	902	0	0
XM_003331906.2	4803	4604	3	9.34345
XM_003331907.2	721	522	23	631.799
XM_003331908.2	519	320	0	0
XM_003331910.2	1337	1138	0	0
XM_003331911.2	2703	2504	1	5.72647
XM_003331912.2	4388	4189	13	44.4994
XM_003331914.2	1050	851	0	0
XM_003331915.2	1017	818	9	157.765
XM_003331917.2	4520	4321	4	13.2739
XM_003331918.2	2328	2129	6	40.4108
XM_003331919.2	2789	2590	1	5.53633
XM_003331923.2	1811	1612	0	0
XM_003331924.2	830	631	2	45.4488
XM_003331925.2	792	593	0	0
XM_003331926.2	3155	2956	2	9.70168
XM_003331927.2	1563	1364	25	262.813
XM_003331928.2	5219	5020	2	5.71278
XM_003331930.2	1425	1226	0	0
XM_003331931.1	333	134	2	214.016
XM_003331932.2	2789	2590	0	0
XM_003331933.2	2214	2015	6	42.697
XM_003331934.2	1779	1580	1	9.07537
XM_003331935.2	900	701	0	0
XM_003331936.2	1217	1018	2	28.1711
XM_003331937.2	2937	2738	11	57.6077
XM_003331938.2	3732	3533	15	60.8792
XM_003331939.2	2197	1998	15	107.651
XM_003331941.2	3870	3671	1	3.90604
XM_003331944.2	2205	2006	6	42.8886
XM_003331945.2	3167	2968	13	62.806
XM_003331947.2	4951	4752	4	12.0699
XM_003331949.2	1097	898	1	15.9678
XM_003331950.2	888	689	4	83.2458
XM_003331954.2	1971	1772	7	56.6442
XM_003331955.2	1167	968	0	0
XM_003331958.2	836	637	0	0
XM_003331960.2	3705	3506	1	4.08987
XM_003331962.2	1092	893	0	0
XM_003331963.2	804	605	0	0
XM_003331964.2	1881	1682	4.53129	38.6293
XM_003331966.2	1731	1532	15.5658	145.691
XM_003331967.2	651	452	0	0
XM_003331969.2	3270	3071	2.7129	12.6671
XM_003331970.2	1290	1091	1.42565	18.7374
XM_003331972.2	809	610	0	0
XM_003331973.2	993	794	0	0
XM_003331974.2	3342	3143	0	0
XM_003331975.1	2112	1913	4	29.9824
XM_003331976.1	459	260	0	0
XM_003331977.2	1798	1599	1	8.96753
XM_003331978.1	321	122	0	0
XM_003331979.1	588	389	1	36.8614
XM_003331980.2	3737	3538	7.1964	29.1662
XM_003331981.2	2481	2282	7	43.9849
XM_003331982.2	1233	1034	8	110.941
XM_003331983.2	3314	3115	1	4.60324
XM_003331984.2	634	435	0	0
XM_003331985.2	990	791	3	54.3834
XM_003331986.2	333	134	0	0
XM_003331987.2	2241	2042	1	7.02208
XM_003331988.2	267	68.0268	0	0
XM_003331989.2	1437	1238	0	0
XM_003331990.1	732	533	0	0
XM_003331991.1	1530	1331	0	0
XM_003331992.1	351	152	0	0
XM_003331995.2	830	631	0	0
XM_003331996.2	732	533	0	0
XM_003331997.2	582	383	0	0
XM_003331999.2	911	712	0	0
XM_003332000.2	318	119	0	0
XM_003332002.1	1851	1652	0	0
XM_003332003.2	827	628	0	0
XM_003332006.2	1296	1097	3	39.2135
XM_003332007.2	630	431	5	166.347
XM_003332009.2	2062	1863	0	0
XM_003332010.2	1670	1471	2	19.4957
XM_003332011.2	2024	1825	2	15.7141
XM_003332013.2	276	77.0053	0	0
XM_003332014.2	276	77.0053	0	0
XM_003332015.2	2931	2732	0	0
XM_003332016.2	1075	876	3	49.1065
XM_003332017.2	1159	960	0	0
XM_003332018.2	1026	827	0	0
XM_003332019.2	638	439	0	0
XM_003332020.2	1587	1388	2	20.6615
XM_003332021.2	1183	984	4	58.289
XM_003332022.2	1123	924	0	0
XM_003332023.1	675	476	0	0
XM_003332025.2	1260	1061	0	0
XM_003332027.2	4630	4431	0.999758	3.2353
XM_003332028.2	1263	1064	0	0
XM_003332029.1	354	155	0	0
XM_003332030.2	3264	3065	0	0
XM_003332031.2	2560	2361	4	24.2932
XM_003332032.2	1667	1468	0	0
XM_003332033.2	333	134	0	0
XM_003332034.2	5199	5000	3	8.60345
XM_003332037.2	836	637	0	0
XM_003332038.2	1139	940	2	30.5087
XM_003332039.2	1430	1231	0	0
XM_003332040.2	960	761	3	56.5273
XM_003332041.2	543	344	0	0
XM_003332042.2	153	7.28986	0	0
XM_003332043.2	1217	1018	0	0
XM_003332044.2	1867	1668	1	8.59657
XM_003332045.2	4500	4301	46	153.359
XM_003332046.2	949	750	0	0
XM_003332047.2	1294	1095	0	0
XM_003332050.2	1654	1455	5	49.2752
XM_003332056.1	546	347	0	0
XM_003332057.2	1705	1506	3	28.5639
XM_003332058.2	558	359	0	0
XM_003332060.2	498	299	2	95.9136
XM_003332061.2	2333	2134	3	20.158
XM_003332062.2	1079	880	1	16.2944
XM_003332063.2	1114	915	1	15.6711
XM_003332065.1	927	728	0	0
XM_003332068.2	3791	3592	0	0
XM_003332070.2	1296	1097	0	0
XM_003332074.2	1225	1026	0	0
XM_003332075.2	897	698	3	61.6293
XM_003332076.2	1551	1352	1	10.6058
XM_003332077.2	4473	4274	33	110.714
XM_003332079.2	2612	2413	1	5.94243
XM_003332080.2	279	80.003	1	179.232
XM_003332081.2	1155	956	6	89.9943
XM_003332083.2	3471	3272	9	39.4413
XM_003332087.2	3445	3246	1	4.41746
XM_003332088.2	993	794	17	307.008
XM_003332089.2	1129	930	1	15.4184
XM_003332090.2	1897	1698	2	16.8894
XM_003332092.2	246	47.5399	0	0
XM_003332093.2	2304	2105	2	13.6238
XM_003332094.2	1650	1451	0	0
XM_003332096.2	1312	1113	0	0
XM_003332098.2	1032	833	1	17.2138
XM_003332099.2	4047	3848	0	0
XM_003332100.1	2484	2285	0	0
XM_003332104.1	462	263	0	0
XM_003332105.2	801	602	1	23.8191
XM_003332106.2	500	301	2	95.2763
XM_003332110.2	2943	2744	2	10.4512
XM_003332111.2	858	659	1	21.7589
XM_003332112.2	444	245	0	0
XM_003332113.2	1163	964	0	0
XM_003332114.2	1685	1486	2	19.2989
XM_003332115.2	2177	1978	4	28.9971
XM_003332116.2	1500	1301	3	33.0648
XM_003332117.2	1157	958	4	59.8709
XM_003332118.2	871	672	0	0
XM_003332119.2	769	570	0	0
XM_003332120.1	978	779	0	0
XM_003332121.1	555	356	0	0
XM_003332122.2	987	788	0	0
XM_003332123.2	3622	3423	27	113.104
XM_003332126.2	805	606	0	0
XM_003332128.1	717	518	0	0
XM_003332129.2	489	290	0	0
XM_003332130.2	1558	1359	1	10.5512
XM_003332131.2	2294	2095	1	6.84443
XM_003332132.2	298	99	0	0
XM_003332133.2	372	173	0	0
XM_003332140.1	846	647	0	0
XM_003332142.2	225	29.9375	0	0
XM_003332143.2	513	314	0	0
XM_003332144.2	2121	1922	0	0
XM_003332146.2	2830	2631	3	16.3502
XM_003332147.2	1933	1734	6	49.6162
XM_003332148.2	333	134	0	0
XM_003332151.1	1374	1175	0	0
XM_003332152.2	333	134	0	0
XM_003332154.2	388	189	0	0
XM_003332155.2	2850	2651	1	5.40893
XM_003332156.2	5196	4997	5	14.3477
XM_003332157.2	2610	2411	0	0
XM_003332159.1	1701	1502	0	0
XM_003332162.1	801	602	1	23.8191
XM_003332164.2	543	344	0	0
XM_003332165.2	3427	3228	2	8.88419
XM_003332166.2	525	326	0	0
XM_003332167.2	748	549	0	0
XM_003332169.1	822	623	0	0
XM_003332172.2	4284	4085	2	7.02036
XM_003332173.1	1581	1382	5	51.878
XM_003332174.2	1697	1498	0	0
XM_003332175.2	1683	1484	0	0
XM_003332178.2	3703	3504	17	69.5675
XM_003332180.2	2869	2670	14	75.1862
XM_003332181.2	630	431	0	0
XM_003332182.2	1252	1053	2	27.2347
XM_003332183.2	1364	1165	1	12.3082
XM_003332186.1	924	725	0	0
XM_003332187.1	441	242	0	0
XM_003332188.2	591	392	0	0
XM_003332189.2	1044	845	0	0
XM_003332192.2	903	704	0	0
XM_003332193.1	363	164	0	0
XM_003332194.2	294	95.0001	0	0
XM_003332195.2	1440	1241	0	0
XM_003332196.2	1131	932	0	0
XM_003332199.1	489	290	0.5	24.7226
XM_003332202.2	2901	2702	0	0
XM_003332203.2	1401	1202	0	0
XM_003332205.2	2712	2513	0	0
XM_003332206.1	582	383	0	0
XM_003332207.2	4995	4796	0	0
XM_003332209.1	384	185	0	0
XM_003332219.2	855	656	0	0
XM_003332222.2	456	257	0	0
XM_003332227.2	579	380	0	0
XM_003332229.2	2158	1959	2	14.6392
XM_003332230.2	1506	1307	0	0
XM_003332232.2	668	469	1	30.5737
XM_003332233.2	1584	1385	0	0
XM_003332234.2	3771	3572	2	8.0286
XM_003332236.2	828	629	0	0
XM_003332237.2	642	443	0	0
XM_003332238.2	1533	1334	0	0
XM_003332239.2	1437	1238	2	23.1649
XM_003332240.2	567	368	0	0
XM_003332241.2	1899	1700	0	0
XM_003332243.2	2191	1992	0	0
XM_003332244.2	1179	980	3	43.8952
XM_003332245.2	288	89.0004	3	483.338
XM_003332250.2	1173	974	6	88.3311
XM_003332251.2	3803	3604	3	11.936
XM_003332252.1	321	122	0	0
XM_003332253.1	543	344	0	0
XM_003332254.2	1214	1015	17	240.162
XM_003332255.2	3352	3153	1	4.54776
XM_003332256.2	1303	1104	7	90.9181
XM_003332258.2	2393	2194	10	65.3559
XM_003332259.2	1269	1070	2	26.802
XM_003332261.1	363	164	0	0
XM_003332263.2	1890	1691	3	25.4389
XM_003332264.2	3248	3049	0	0
XM_003332265.2	1584	1385	1	10.3531
XM_003332266.1	591	392	0	0
XM_003332268.2	1810	1611	0	0
XM_003332270.2	2037	1838	3	23.4044
XM_003332271.2	1476	1277	10	112.287
XM_003332272.2	842	643	1	22.3003
XM_003332273.1	549	350	0	0
XM_003332274.2	477	278	0	0
XM_003332275.2	2496	2297	0	0
XM_003332276.1	1245	1046	0	0
XM_003332277.2	1878	1679	0	0
XM_003332278.1	552	353	0	0
XM_003332279.2	609	410	0	0
XM_003332280.2	282	83.0016	0	0
XM_003332281.2	2169	1970	1	7.27872
XM_003332282.2	1788	1589	1	9.02397
XM_003332283.2	719	520	0	0
XM_003332286.2	315	116	0	0
XM_003332287.2	2310	2111	0	0
XM_003332288.2	2289	2090	0	0
XM_003332290.2	498	299	0	0
XM_003332291.2	303	104	0	0
XM_003332295.1	315	116	0	0
XM_003332299.2	1257	1058	0	0
XM_003332300.1	1353	1154	0	0
XM_003332305.1	765	566	0	0
XM_003332306.2	1311	1112	0	0
XM_003332310.2	2271	2072	0	0
XM_003332311.2	1533	1334	0	0
XM_003332315.1	510	311	0	0
XM_003332318.2	501	302	0	0
XM_003332320.2	834	635	0	0
XM_003332321.2	1269	1070	0	0
XM_003332323.2	1272	1073	3	40.0906
XM_003332324.2	2052	1853	0	0
XM_003332325.2	1446	1247	0	0
XM_003332328.2	993	794	0	0
XM_003332330.2	1989	1790	0	0
XM_003332331.1	1776	1577	0	0
XM_003332332.2	771	572	0	0
XM_003332336.1	486	287	0	0
XM_003332337.2	3407	3208	0	0
XM_003332338.2	3508	3309	5	21.6668
XM_003332339.1	381	182	0	0
XM_003332341.2	1241	1042	1	13.7611
XM_003332342.2	384	185	1	77.5086
XM_003332344.2	2209	2010	0	0
XM_003332345.2	1416	1217	4	47.1293
XM_003332346.2	2042	1843	8	62.2424
XM_003332347.1	909	710	0	0
XM_003332348.2	836	637	0	0
XM_003332350.1	450	251	0	0
XM_003332351.1	750	551	0	0
XM_003332353.2	3310	3111	2	9.21831
XM_003332354.2	1540	1341	3	32.0785
XM_003332355.2	306	107	59	7906.6
XM_003332357.2	1220	1021	6	84.265
XM_003332358.2	1045	846	1	16.9493
XM_003332359.1	339	140	0	0
XM_003332360.2	2483	2284	2	12.5561
XM_003332362.2	1793	1594	1	8.99566
XM_003332363.2	822	623	0	0
XM_003332364.2	621	422	0	0
XM_003332365.2	1413	1214	0	0
XM_003332366.2	2180	1981	3	21.7149
XM_003332369.2	1310	1111	2	25.8129
XM_003332371.2	2542	2343	0	0
XM_003332372.2	1298	1099	0	0
XM_003332373.2	1055	856	5	83.7563
XM_003332374.2	762	563	0	0
XM_003332375.2	1746	1547	13	120.497
XM_003332377.2	431	232	0	0
XM_003332379.1	282	83.0016	0	0
XM_003332380.2	369	170	0	0
XM_003332381.2	1251	1052	8	109.042
XM_003332383.2	921	722	0	0
XM_003332387.2	999	800	0	0
XM_003332388.1	537	338	0	0
XM_003332389.2	1245	1046	0	0
XM_003332391.2	195	14.9308	0	0
XM_003332392.2	508	309	0	0
XM_003332394.2	943	744	1	19.273
XM_003332396.1	1461	1262	0	0
XM_003332397.2	1333	1134	11	139.092
XM_003332398.2	1465	1266	0	0
XM_003332399.2	1650	1451	1	9.88221
XM_003332401.2	2077	1878	2	15.2706
XM_003332406.1	513	314	0	0
XM_003332409.2	1607	1408	2	20.368
XM_003332410.1	1716	1517	3	28.3568
XM_003332411.2	1342	1143	0	0
XM_003332413.2	2022	1823	3	23.597
XM_003332414.2	1435	1236	0	0
XM_003332418.1	318	119	0	0
XM_003332420.1	1812	1613	0	0
XM_003332421.2	360	161	0	0
XM_003332422.2	2073	1874	1	7.65159
XM_003332423.2	2880	2681	0	0
XM_003332426.2	3112	2913	0	0
XM_003332427.1	309	110	0	0
XM_003332428.1	1386	1187	0	0
XM_003332429.2	984	785	2	36.5327
XM_003332430.1	969	770	0	0
XM_003332432.1	381	182	0	0
XM_003332433.2	3245	3046	0	0
XM_003332434.2	2028	1829	2	15.6797
XM_003332435.2	1401	1202	0	0
XM_003332437.2	939	740	0	0
XM_003332439.2	702	503	0	0
XM_003332440.2	156	7.59116	0	0
XM_003332441.2	2186	1987	0	0
XM_003332442.2	2373	2174	0	0
XM_003332443.2	2291	2092	0	0
XM_003332445.2	1639	1440	0	0
XM_003332446.2	3155	2956	0	0
XM_003332447.2	1286	1087	0	0
XM_003332448.2	2136	1937	0	0
XM_003332450.2	2535	2336	1	6.13831
XM_003332451.2	1133	934	6.47186	99.3582
XM_003332452.2	681	482	0	0
XM_003332454.2	1006	807	0	0
XM_003332455.2	309	110	0	0
XM_003332456.2	1446	1247	1	11.4989
XM_003332457.2	1344	1145	0	0
XM_003332458.2	1578	1379	0	0
XM_003332459.1	864	665	0	0
XM_003332460.2	540	341	0	0
XM_003332462.1	351	152	0	0
XM_003332464.2	225	29.9375	0	0
XM_003332465.1	915	716	0	0
XM_003332466.2	2948	2749	1	5.21611
XM_003332467.2	1947	1748	0	0
XM_003332468.2	975	776	0	0
XM_003332470.2	1416	1217	0	0
XM_003332471.1	417	218	0	0
XM_003332476.2	762	563	0	0
XM_003332478.2	393	194	0	0
XM_003332480.2	1491	1292	0	0
XM_003332481.2	1464	1265	0	0
XM_003332483.2	336	137	0	0
XM_003332484.2	372	173	0	0
XM_003332489.2	363	164	0	0
XM_003332490.2	375	176	0	0
XM_003332493.2	1469	1270	0	0
XM_003332494.2	807	608	0	0
XM_003332495.1	207	19.5103	0	0
XM_003332501.2	381	182	0	0
XM_003332502.1	390	191	0	0
XM_003332505.1	441	242	0	0
XM_003332507.1	930	731	0	0
XM_003332510.1	627	428	0	0
XM_003332513.1	285	86.0009	0	0
XM_003332515.2	468	269	0	0
XM_003332518.1	1119	920	0	0
XM_003332520.1	303	104	0	0
XM_003332522.2	471	272	0	0
XM_003332528.1	300	101	0	0
XM_003332530.2	957	758	0	0
XM_003332531.2	2022	1823	0	0
XM_003332532.1	1176	977	0	0
XM_003332533.1	864	665	0	0
XM_003332536.2	4944	4745	0	0
XM_003332538.1	1254	1055	0	0
XM_003332542.1	318	119	0	0
XM_003332546.2	2356	2157	12	79.7724
XM_003332547.2	1934	1735	1	8.2646
XM_003332548.2	969	770	2	37.2444
XM_003332550.2	888	689	0	0
XM_003332551.2	2059	1860	3	23.1276
XM_003332559.2	1428	1229	7	81.671
XM_003332560.2	1941	1742	4	32.9256
XM_003332561.2	617	418	16	548.865
XM_003332562.2	983	784	0	0
XM_003332563.2	990	791	15	271.917
XM_003332567.2	1467	1268	6	67.8506
XM_003332568.1	1605	1406	0	0
XM_003332569.2	1560	1361	0	0
XM_003332570.2	2079	1880	0	0
XM_003332571.2	2692	2493	7	40.2622
XM_003332572.2	1586	1387	0	0
XM_003332573.2	1032	833	1	17.2138
XM_003332574.2	693	494	3	87.0795
XM_003332575.2	378	179	0	0
XM_003332577.2	2370	2171	0	0
XM_003332578.2	2118	1919	0	0
XM_003332579.2	270	71.016	5	1009.57
XM_003332580.1	2835	2636	2	10.8794
XM_003332582.2	3288	3089	1	4.64198
XM_003332583.2	432	233	1	61.5411
XM_003332584.2	567	368	0	0
XM_003332585.2	2330	2131	1	6.72881
XM_003332587.1	438	239	0	0
XM_003332588.2	1905	1706	0	0
XM_003332590.2	2559	2360	11.3672	69.0658
XM_003332593.1	591	392	0	0
XM_003332594.1	765	566	0	0
XM_003332595.2	981	782	0	0
XM_003332598.2	2684	2485	3	17.3108
XM_003332599.2	2893	2694	0	0
XM_003332603.2	2783	2584	4	22.1967
XM_003332605.1	315	116	0	0
XM_003332606.2	1527	1328	1	10.7975
XM_003332607.2	1435	1236	0	0
XM_003332608.2	1741	1542	0	0
XM_003332609.2	432	233	0	0
XM_003332611.2	773	574	0	0
XM_003332612.2	678	479	1	29.9355
XM_003332614.2	1434	1235	1	11.6106
XM_003332615.2	1013	814	0	0
XM_003332616.2	1375	1176	4	48.7724
XM_003332617.1	1053	854	0	0
XM_003332618.2	1124	925	2	31.0034
XM_003332619.2	2620	2421	2	11.8456
XM_003332621.2	6804	6605	19	41.2479
XM_003332623.1	576	377	0	0
XM_003332624.1	369	170	0	0
XM_003332625.1	1665	1466	0	0
XM_003332626.2	1233	1034	9	124.808
XM_003332627.2	1551	1352	0	0
XM_003332628.2	906	707	0	0
XM_003332629.2	947	748	0	0
XM_003332631.2	5095	4896	4	11.7149
XM_003332632.2	495	296	0	0
XM_003332633.1	690	491	0	0
XM_003332634.2	1440	1241	3	34.6634
XM_003332635.2	2802	2603	0	0
XM_003332636.2	729	530	0	0
XM_003332637.2	1518	1319	21	228.295
XM_003332638.2	2602	2403	0	0
XM_003332639.2	441	242	0	0
XM_003332640.1	651	452	0	0
XM_003332648.2	2972	2773	1	5.17097
XM_003332649.2	1842	1643	6	52.3643
XM_003332651.2	1768	1569	8	73.112
XM_003332652.2	1170	971	0	0
XM_003332653.2	1195	996	1	14.3967
XM_003332654.2	612	413	11	381.913
XM_003332655.2	1485	1286	6	66.9009
XM_003332656.1	735	536	0	0
XM_003332657.1	285	86.0009	0	0
XM_003332658.2	1366	1167	2	24.5743
XM_003332659.2	2832	2633	1	5.44591
XM_003332660.2	1673	1474	4	38.912
XM_003332666.1	552	353	0	0
XM_003332668.2	960	761	0	0
XM_003332669.1	588	389	0	0
XM_003332670.2	746	547	0	0
XM_003332671.2	834	635	13	293.556
XM_003332672.2	3229	3030	14	66.2532
XM_003332673.2	650	451	0	0
XM_003332674.2	294	95.0001	0	0
XM_003332675.2	1143	944	0	0
XM_003332676.2	923	724	2	39.6107
XM_003332677.2	1751	1552	3	27.7173
XM_003332678.2	1602	1403	1	10.2203
XM_003332679.2	787	588	5	121.931
XM_003332680.2	261	62.0706	0	0
XM_003332681.1	885	686	5	104.512
XM_003332682.2	1119	920	0	0
XM_003332683.2	1903	1704	4	33.6598
XM_003332685.2	2834	2635	5	27.2089
XM_003332686.2	1296	1097	5	65.3559
XM_003332688.1	1620	1421	0	0
XM_003332691.2	1278	1079	0	0
XM_003332692.2	1649	1450	0	0
XM_003332693.1	489	290	0	0
XM_003332694.1	1278	1079	0	0
XM_003332695.2	1515	1316	0	0
XM_003332697.2	171	9.50903	0	0
XM_003332698.2	312	113	0	0
XM_003332699.2	1493	1294	0	0
XM_003332700.2	504	305	0	0
XM_003332701.2	1592	1393	3	30.881
XM_003332702.2	627	428	0	0
XM_003332704.2	1914	1715	12	100.332
XM_003332705.2	701	502	0	0
XM_003332706.1	1146	947	0	0
XM_003332708.2	428	229	0	0
XM_003332710.1	411	212	0	0
XM_003332711.2	1974	1775	0	0
XM_003332712.2	630	431	0	0
XM_003332714.2	1437	1238	1	11.5825
XM_003332715.2	2514	2315	5	30.9699
XM_003332717.2	282	83.0016	0	0
XM_003332719.2	1602	1403	0	0
XM_003332720.2	452	253	0	0
XM_003332721.2	991	792	2	36.2098
XM_003332722.2	1226	1027	1	13.9621
XM_003332723.2	5325	5126	0	0
XM_003332724.2	495	296	0	0
XM_003332726.2	3559	3360	1	4.26759
XM_003332727.1	399	200	0	0
XM_003332728.2	2348	2149	12	80.0694
XM_003332729.2	1602	1403	0	0
XM_003332730.2	1617	1418	0	0
XM_003332732.1	870	671	0	0
XM_003332733.2	1376	1177	0	0
XM_003332734.2	216	24.1385	0	0
XM_003332735.2	2534	2335	6	36.8456
XM_003332737.2	258	59.1108	0	0
XM_003332740.2	951	752	0	0
XM_003332741.2	1167	968	1	14.8131
XM_003332742.2	761	562	4	102.058
XM_003332743.2	1857	1658	0	0
XM_003332744.2	1104	905	0	0
XM_003332747.2	1686	1487	0	0
XM_003332748.1	867	668	0	0
XM_003332750.2	5477	5278	21	57.0521
XM_003332752.2	570	371	0	0
XM_003332753.2	984	785	5	91.3318
XM_003332754.2	2262	2063	1	6.9506
XM_003332755.2	1790	1591	3	27.0379
XM_003332756.2	1336	1137	3	37.834
XM_003332757.2	2815	2616	0	0
XM_003332758.2	1444	1245	4	46.0694
XM_003332759.1	2199	2000	0	0
XM_003332760.2	928	729	0	0
XM_003332761.2	273	74.0093	0	0
XM_003332762.1	1161	962	0	0
XM_003332763.2	1058	859	2	33.3855
XM_003332764.2	2405	2206	6	39.0002
XM_003332766.2	2601	2402	2	11.9393
XM_003332767.2	1033	834	2	34.3863
XM_003332768.2	4765	4566	4	12.5616
XM_003332772.2	996	797	0	0
XM_003332773.2	3915	3716	0	0
XM_003332775.1	339	140	0	0
XM_003332776.2	471	272	0	0
XM_003332778.1	2889	2690	0	0
XM_003332779.2	471	272	0	0
XM_003332781.2	1752	1553	0	0
XM_003332782.2	2001	1802	0	0
XM_003332788.2	1314	1115	0	0
XM_003332789.1	768	569	0	0
XM_003332790.1	477	278	0	0
XM_003332792.2	843	644	0	0
XM_003332794.2	615	416	0	0
XM_003332796.1	768	569	0	0
XM_003332801.2	684	485	0	0
XM_003332807.1	648	449	0	0
XM_003332808.2	219	25.9389	0	0
XM_003332811.1	561	362	0	0
XM_003332815.2	543	344	0	0
XM_003332816.1	363	164	0	0
XM_003332817.2	1206	1007	0	0
XM_003332819.1	774	575	0	0
XM_003332823.2	1440	1241	2	23.1089
XM_003332824.2	1024	825	0	0
XM_003332825.2	1601	1402	0	0
XM_003332826.2	739	540	2	53.1077
XM_003332827.2	1353	1154	10	124.256
XM_003332828.1	348	149	0	0
XM_003332829.2	1221	1022	2	28.0608
XM_003332830.2	213	22.4695	0	0
XM_003332831.1	462	263	0	0
XM_003332832.2	462	263	0	0
XM_003332835.2	5501	5302	1	2.70447
XM_003332836.2	1443	1244	4.37944	50.48
XM_003332837.2	636	437	0	0
XM_003332838.2	309	110	0	0
XM_003332839.2	285	86.0009	0	0
XM_003332840.2	1558	1359	5.62056	59.3037
XM_003332842.2	783	584	0	0
XM_003332843.2	2074	1875	0	0
XM_003332845.1	324	125	0	0
XM_003332847.2	531	332	0	0
XM_003332848.2	6802	6603	1	2.1716
XM_003332849.2	1520	1321	1	10.8547
XM_003332853.2	703	504	0	0
XM_003332854.2	2326	2127	2	13.4829
XM_003332855.2	1257	1058	14	189.742
XM_003332856.2	1700	1501	0	0
XM_003332857.2	1277	1078	0	0
XM_003332858.2	1732	1533	2	18.7072
XM_003332859.2	861	662	0	0
XM_003332860.1	816	617	0	0
XM_003332872.2	481	282	2	101.696
XM_003332874.2	888	689	0	0
XM_003332875.2	4128	3929	9	32.846
XM_003332882.2	355	156	0	0
XM_003332883.2	1566	1367	0	0
XM_003332884.2	2008	1809	0	0
XM_003332885.2	246	47.5399	0	0
XM_003332886.1	444	245	0	0
XM_003332890.2	892	693	14.7533	305.265
XM_003332891.1	378	179	0	0
XM_003332893.2	414	215	0	0
XM_003332895.2	594	395	0	0
XM_003332896.1	576	377	0	0
XM_003332898.1	498	299	0	0
XM_003332899.2	981	782	0	0
XM_003332900.2	471	272	0	0
XM_003332904.2	609	410	0	0
XM_003332905.2	2277	2078	3	20.7013
XM_003332906.2	1110	911	0	0
XM_003332907.1	339	140	1	102.422
XM_003332908.2	1173	974	3	44.1656
XM_003332909.2	1885	1686	0	0
XM_003332910.2	1915	1716	1	8.35611
XM_003332911.2	1224	1025	1	13.9894
XM_003332913.2	1362	1163	6	73.9764
XM_003332914.2	3663	3464	3	12.4184
XM_003332915.2	1929	1730	0	0
XM_003332917.2	3049	2850	6	30.1876
XM_003332919.2	648	449	0	0
XM_003332920.2	552	353	0	0
XM_003332921.2	1938	1739	0	0
XM_003332922.2	592	393	7	255.404
XM_003332923.2	1231	1032	18.2917	254.153
XM_003332924.2	1667	1468	0	0
XM_003332926.2	2318	2119	7	47.3684
XM_003332927.1	804	605	0	0
XM_003332928.2	778	579	3	74.2958
XM_003332929.1	393	194	0	0
XM_003332930.1	1467	1268	0	0
XM_003332932.2	1943	1744	0	0
XM_003332933.2	1771	1572	1	9.12156
XM_003332934.2	879	680	0	0
XM_003332937.2	3195	2996	0	0
XM_003332938.2	1905	1706	31	260.558
XM_003332940.2	1345	1146	2	25.0246
XM_003332946.2	1659	1460	0	0
XM_003332947.2	1948	1749	9	73.786
XM_003332948.2	486	287	0	0
XM_003332952.1	1338	1139	0	0
XM_003332955.2	424	225	0	0
XM_003332956.2	822	623	8	184.13
XM_003332957.2	1535	1336	0	0
XM_003332958.2	2810	2611	1	5.4918
XM_003332959.2	246	47.5399	0	0
XM_003332960.2	5664	5465	3	7.87141
XM_003332961.2	2343	2144	2	13.376
XM_003332963.1	306	107	0	0
XM_003332966.2	1048	849	0	0
XM_003332967.2	392	193	0	0
XM_003332970.1	804	605	0	0
XM_003332971.1	489	290	0	0
XM_003332973.2	642	443	0	0
XM_003332977.2	1414	1215	9	106.215
XM_003332978.2	2879	2680	8	42.8032
XM_003332979.2	741	542	71	1878.37
XM_003332980.2	1087	888	0	0
XM_003332981.2	973	774	1	18.526
XM_003332982.2	5584	5385	1	2.66278
XM_003332983.2	306	107	0	0
XM_003332985.2	963	764	0	0
XM_003332987.2	1843	1644	2	17.4441
XM_003332988.2	3132	2933	11	53.7777
XM_003332989.1	465	266	0	0
XM_003332990.2	1581	1382	3	31.1268
XM_003332991.1	615	416	0	0
XM_003332992.2	614	415	0	0
XM_003332993.2	4738	4539	16	50.5454
XM_003332995.2	1540	1341	4	42.7713
XM_003332996.2	1558	1359	0	0
XM_003332997.2	405	206	0	0
XM_003332998.2	5097	4898	0.179888	0.526629
XM_003333001.2	3584	3385	0	0
XM_003333002.2	4458	4259	9	30.301
XM_003333003.2	414	215	0	0
XM_003333004.2	1980	1781	2	16.1023
XM_003333005.2	1401	1202	1	11.9294
XM_003333006.2	3568	3369	12	51.0742
XM_003333008.2	2359	2160	0	0
XM_003333009.2	774	575	0	0
XM_003333010.1	876	677	0	0
XM_003333011.2	967	768	13	242.719
XM_003333014.2	1876	1677	9	76.954
XM_003333015.2	1624	1425	0	0
XM_003333016.2	1119	920	0	0
XM_003333017.2	2576	2377	2	12.0649
XM_003333020.2	1135	936	0	0
XM_003333022.2	285	86.0009	0	0
XM_003333024.2	1835	1636	203	1779.24
XM_003333025.2	1273	1074	4	53.4044
XM_003333026.2	1098	899	18	287.101
XM_003333027.2	4569	4370	6	19.6875
XM_003333029.2	1899	1700	3	25.3043
XM_003333030.2	1298	1099	0	0
XM_003333032.2	3946	3747	1	3.82682
XM_003333033.1	1140	941	0	0
XM_003333034.2	1413	1214	0	0
XM_003333035.2	918	719	0	0
XM_003333036.2	789	590	0	0
XM_003333038.2	1497	1298	1	11.0471
XM_003333039.2	1858	1659	1	8.64321
XM_003333040.2	1256	1057	0	0
XM_003333043.2	1668	1469	16	156.178
XM_003333044.1	453	254	1	56.4531
XM_003333045.2	590	391	0	0
XM_003333046.2	3082	2883	0	0
XM_003333047.2	2833	2634	2	10.8877
XM_003333048.2	372	173	0	0
XM_003333049.1	369	170	0	0
XM_003333052.2	1867	1668	7	60.176
XM_003333055.2	411	212	0	0
XM_003333056.2	882	683	0	0
XM_003333058.1	450	251	0	0
XM_003333059.2	1011	812	0	0
XM_003333060.2	1641	1442	0	0
XM_003333064.2	1170	971	0	0
XM_003333066.1	369	170	0	0
XM_003333069.2	399	200	0	0
XM_003333071.1	759	560	0	0
XM_003333075.2	789	590	0	0
XM_003333076.2	399	200	0	0
XM_003333078.2	658	459	0	0
XM_003333080.2	723	524	0	0
XM_003333082.1	621	422	0	0
XM_003333083.1	813	614	0	0
XM_003333084.2	2151	1952	0	0
XM_003333085.1	1179	980	0	0
XM_003333086.2	579	380	0	0
XM_003333087.2	303	104	0	0
XM_003333088.2	540	341	0	0
XM_003333090.2	2166	1967	46	335.332
XM_003333091.2	613	414	9	311.719
XM_003333092.2	971	772	0	0
XM_003333093.2	3189	2990	2	9.59136
XM_003333094.2	186	12.4336	0	0
XM_003333096.1	429	230	0	0
XM_003333097.2	2332	2133	68	457.13
XM_003333098.2	1881	1682	3	25.5751
XM_003333099.2	5725	5526	1	2.59484
XM_003333100.2	373	174	1	82.4085
XM_003333101.2	2196	1997	4	28.7213
XM_003333102.1	423	224	0	0
XM_003333103.2	876	677	0	0
XM_003333106.2	351	152	0	0
XM_003333108.1	306	107	0	0
XM_003333109.2	600	401	0	0
XM_003333110.2	366	167	0	0
XM_003333111.2	3162	2963	0	0
XM_003333112.2	2886	2687	0	0
XM_003333113.2	1713	1514	0	0
XM_003333115.2	3617	3418	7	29.3662
XM_003333116.2	846	647	0	0
XM_003333120.1	1035	836	0	0
XM_003333122.2	1621	1422	14	141.172
XM_003333123.2	1116	917	2	31.2739
XM_003333125.2	3057	2858	0	0
XM_003333126.2	1564	1365	0	0
XM_003333127.2	605	406	17	600.405
XM_003333128.2	3004	2805	13	66.4557
XM_003333129.2	3630	3431	0	0
XM_003333130.2	1834	1635	5	43.8504
XM_003333131.1	414	215	0	0
XM_003333132.2	1239	1040	2	27.5752
XM_003333133.2	1799	1600	3	26.8858
XM_003333134.2	936	737	2	38.912
XM_003333135.2	315	116	0	0
XM_003333136.1	468	269	0	0
XM_003333137.2	926	727	1	19.7236
XM_003333141.2	703	504	9	256.055
XM_003333142.2	682	483	2	59.3751
XM_003333149.2	723	524	0	0
XM_003333150.2	2065	1866	0	0
XM_003333151.2	807	608	1.4	33.0176
XM_003333152.2	483	284	0	0
XM_003333154.2	1314	1115	0.69288	8.91056
XM_003333155.2	1749	1550	1.83867	17.0096
XM_003333156.2	303	104	0	0
XM_003333157.2	723	524	0	0
XM_003333158.2	684	485	0	0
XM_003333160.2	2916	2717	0	0
XM_003333161.2	1887	1688	0	0
XM_003333162.1	855	656	0	0
XM_003333163.2	1704	1505	0	0
XM_003333164.2	456	257	0	0
XM_003333165.1	648	449	0	0
XM_003333166.2	1865	1666	2	17.2138
XM_003333167.2	543	344	0	0
XM_003333169.1	360	161	0	0
XM_003333170.1	300	101	0	0
XM_003333171.2	1895	1696	0	0
XM_003333172.2	1357	1158	0	0
XM_003333173.2	1350	1151	1	12.4579
XM_003333174.1	408	209	0	0
XM_003333175.2	2248	2049	20	139.962
XM_003333177.2	3459	3260	0	0
XM_003333179.2	1026	827	0	0
XM_003333180.2	1059	860	0	0
XM_003333181.2	1835	1636	38	333.059
XM_003333183.2	1273	1074	18	240.32
XM_003333185.2	582	383	0	0
XM_003333188.1	969	770	0	0
XM_003333189.1	336	137	0	0
XM_003333191.2	648	449	0	0
XM_003333192.1	507	308	0	0
XM_003333195.2	2046	1847	1	7.76345
XM_003333196.2	1212	1013	0	0
XM_003333198.2	1941	1742	10	82.3139
XM_003333201.2	654	455	0	0
XM_003333203.1	708	509	0	0
XM_003333208.2	1761	1562	0	0
XM_003333209.2	1140	941	0	0
XM_003333210.1	2241	2042	0	0
XM_003333211.2	618	419	0	0
XM_003333212.2	1077	878	0	0
XM_003333213.2	1086	887	4	64.6633
XM_003333214.1	2370	2171	3	19.8145
XM_003333215.2	177	10.528	0	0
XM_003333217.2	453	254	0	0
XM_003333218.2	2598	2399	0	0
XM_003333219.1	1632	1433	0	0
XM_003333220.1	657	458	0	0
XM_003333223.2	2145	1946	0	0
XM_003333224.2	1062	863	0	0
XM_003333226.1	2256	2057	0	0
XM_003333227.1	1953	1754	0	0
XM_003333228.2	2943	2744	0	0
XM_003333229.2	1664	1465	0	0
XM_003333230.2	2223	2024	1	7.08453
XM_003333231.2	1197	998	0	0
XM_003333232.2	2140	1941	0	0
XM_003333233.2	1871	1672	5	42.88
XM_003333235.1	2511	2312	0	0
XM_003333236.2	810	611	2	46.9365
XM_003333237.2	2232	2033	2	14.1063
XM_003333238.1	315	116	0	0
XM_003333240.1	450	251	0	0
XM_003333242.2	1086	887	0	0
XM_003333243.2	858	659	0	0
XM_003333245.2	2061	1862	0	0
XM_003333246.2	1748	1549	3	27.771
XM_003333247.2	1430	1231	0	0
XM_003333248.2	5324	5125	27	75.5425
XM_003333249.1	1095	896	1	16.0034
XM_003333250.2	1745	1546	0	0
XM_003333254.2	1824	1625	1	8.82405
XM_003333255.1	936	737	0	0
XM_003333256.2	1653	1454	36	355.026
XM_003333259.2	1560	1361	8	84.2856
XM_003333260.2	2882	2683	2	10.6888
XM_003333261.2	348	149	0	0
XM_003333262.2	261	62.0706	0	0
XM_003333265.2	2073	1874	1	7.65159
XM_003333267.1	648	449	0	0
XM_003333268.1	603	404	0	0
XM_003333269.1	369	170	0	0
XM_003333270.2	1905	1706	0	0
XM_003333271.2	1452	1253	0	0
XM_003333272.1	348	149	0	0
XM_003333274.2	2746	2547	1	5.62979
XM_003333275.2	351	152	0	0
XM_003333277.2	1134	935	2	30.6718
XM_003333278.2	1324	1125	0	0
XM_003333280.2	825	626	0	0
XM_003333282.2	436	237	0	0
XM_003333285.2	1000	801	1	17.9015
XM_003333286.2	1686	1487	2	19.2859
XM_003333287.2	1719	1520	0	0
XM_003333289.2	2446	2247	8	51.0515
XM_003333290.2	1143	944	15	227.846
XM_003333291.2	2094	1895	0	0
XM_003333293.2	4164	3965	0	0
XM_003333297.1	1044	845	0	0
XM_003333298.1	2145	1946	0	0
XM_003333299.2	1284	1085	1	13.2157
XM_003333300.2	7174	6975	2	4.11157
XM_003333301.2	4258	4059	0	0
XM_003333302.2	270	71.016	0	0
XM_003333303.2	276	77.0053	0	0
XM_003333305.2	2383	2184	3	19.6965
XM_003333306.2	877	678	0	0
XM_003333308.2	1872	1673	1	8.57088
XM_003333309.1	459	260	0	0
XM_003333310.2	6396	6197	8	18.511
XM_003333313.2	435	236	0	0
XM_003333314.2	1107	908	0	0
XM_003333315.2	1748	1549	9	83.313
XM_003333317.2	1035	836	1	17.152
XM_003333318.2	405	206	1	69.6072
XM_003333319.2	402	203	0	0
XM_003333320.2	2324	2125	1	6.74781
XM_003333324.2	534	335	0	0
XM_003333325.2	448	249	0	0
XM_003333326.2	1887	1688	14	118.926
XM_003333327.2	1319	1120	1	12.8028
XM_003333328.2	1938	1739	0	0
XM_003333330.2	2190	1991	11	79.2215
XM_003333331.2	1917	1718	4	33.3855
XM_003333332.2	1893	1694	2	16.9293
XM_003333333.1	468	269	0	0
XM_003333334.1	1008	809	0	0
XM_003333337.2	369	170	0	0
XM_003333338.1	324	125	1	114.713
XM_003333339.2	2220	2021	0	0
XM_003333340.1	999	800	3	53.7716
XM_003333342.2	1094	895	29	464.618
XM_003333345.1	429	230	0	0
XM_003333349.2	225	29.9375	0	0
XM_003333351.2	1636	1437	3	29.9355
XM_003333352.2	4174	3975	1	3.60732
XM_003333353.2	570	371	0	0
XM_003333354.2	2096	1897	3	22.6765
XM_003333355.2	795	596	2	48.1177
XM_003333356.2	2318	2119	2	13.5338
XM_003333358.2	1625	1426	0	0
XM_003333359.2	1307	1108	3	38.8242
XM_003333360.2	1733	1534	4	37.3901
XM_003333361.2	1922	1723	1	8.32216
XM_003333363.2	1937	1738	9	74.253
XM_003333367.1	318	119	0	0
XM_003333368.2	1701	1502	3	28.64
XM_003333370.1	435	236	0	0
XM_003333371.2	700	501	1	28.6209
XM_003333375.2	1119	920	8	124.688
XM_003333376.2	740	541	0	0
XM_003333378.2	1188	989	1	14.4986
XM_003333379.2	1770	1571	2	18.2547
XM_003333380.2	1257	1058	0	0
XM_003333384.1	1377	1178	0	0
XM_003333385.2	809	610	1	23.5067
XM_003333387.2	2778	2579	0	0
XM_003333390.1	789	590	0	0
XM_003333393.2	372	173	0	0
XM_003333394.2	936	737	0	0
XM_003333396.2	1289	1090	0	0
XM_003333397.2	1410	1211	0	0
XM_003333398.2	1777	1578	4	36.3475
XM_003333401.2	2727	2528	8.24621	46.7734
XM_003333402.2	868	669	1	21.4336
XM_003333403.1	381	182	0	0
XM_003333404.2	1089	890	0	0
XM_003333405.1	345	146	0	0
XM_003333408.2	294	95.0001	0	0
XM_003333410.1	357	158	0	0
XM_003333411.2	1290	1091	11	144.574
XM_003333412.2	1956	1757	6	48.9667
XM_003333415.2	2325	2126	52	350.721
XM_003333416.2	480	281	0	0
XM_003333417.1	327	128	0	0
XM_003333418.2	1340	1141	1	12.5671
XM_003333419.2	2518	2319	0	0
XM_003333420.2	1416	1217	0	0
XM_003333421.2	3312	3113	9	41.4558
XM_003333422.1	366	167	0	0
XM_003333423.2	695	496	0	0
XM_003333424.2	1050	851	0	0
XM_003333425.2	1004	805	0	0
XM_003333426.2	1077	878	3	48.9946
XM_003333427.2	1586	1387	2	20.6764
XM_003333428.2	1306	1107	0	0
XM_003333429.2	399	200	0	0
XM_003333430.2	459	260	0	0
XM_003333432.1	1212	1013	1	14.1551
XM_003333433.2	2129	1930	40	297.183
XM_003333434.2	432	233	0	0
XM_003333435.2	1797	1598	11	98.7046
XM_003333436.2	2788	2589	10	55.3847
XM_003333437.2	2538	2339	0	0
XM_003333438.2	2067	1868	3	23.0285
XM_003333439.2	660	461	0	0
XM_003333440.2	1028	829	70	1210.78
XM_003333441.2	1128	929	0	0
XM_003333442.2	912	713	1	20.1109
XM_003333444.1	657	458	2	62.6161
XM_003333446.2	2565	2366	0	0
XM_003333448.2	384	185	0	0
XM_003333449.2	475	276	0	0
XM_003333450.2	5720	5521	16	41.555
XM_003333453.2	939	740	0	0
XM_003333454.1	675	476	0	0
XM_003333458.2	2681	2482	0	0
XM_003333459.2	1688	1489	1	9.63001
XM_003333460.2	1401	1202	5	59.6468
XM_003333461.2	1858	1659	6	51.8593
XM_003333466.2	1179	980	3	43.8952
XM_003333467.2	2207	2008	1	7.14098
XM_003333468.2	1383	1184	2	24.2214
XM_003333469.2	3468	3269	10	43.8638
XM_003333470.2	1456	1257	5	57.0369
XM_003333471.2	3493	3294	0	0
XM_003333472.2	1703	1504	3	28.6019
XM_003333473.2	1995	1796	6	47.9034
XM_003333474.2	645	446	4	128.602
XM_003333475.2	3283	3084	1	4.64951
XM_003333479.2	981	782	0	0
XM_003333481.2	1277	1078	0	0
XM_003333484.1	363	164	0	0
XM_003333485.2	1801	1602	96	859.271
XM_003333486.2	1346	1147	3	37.5041
XM_003333487.2	1421	1222	43	504.567
XM_003333488.1	378	179	0	0
XM_003333490.2	1033	834	67	1151.94
XM_003333491.2	630	431	0	0
XM_003333492.1	666	467	0	0
XM_003333494.1	1893	1694	0	0
XM_003333495.2	1893	1694	1	8.46463
XM_003333497.2	2170	1971	0	0
XM_003333498.2	2818	2619	5	27.3751
XM_003333499.1	345	146	0	0
XM_003333500.2	837	638	31	696.727
XM_003333501.2	756	557	33	849.533
XM_003333502.2	1362	1163	0	0
XM_003333503.2	354	155	0	0
XM_003333504.2	792	593	1	24.1806
XM_003333505.2	150	7.01018	0	0
XM_003333513.2	1106	907	4	63.2374
XM_003333514.2	1707	1508	0	0
XM_003333516.2	1617	1418	29	293.254
XM_003333517.2	1321	1122	0	0
XM_003333518.2	1132	933	14	215.163
XM_003333519.1	1278	1079	0	0
XM_003333520.2	1584	1385	2	20.7063
XM_003333521.2	839	640	3	67.2145
XM_003333522.1	711	512	1	28.006
XM_003333523.2	483	284	0	0
XM_003333524.2	225	29.9375	0	0
XM_003333525.2	3577	3378	9	38.2036
XM_003333526.2	1023	824	6	104.411
XM_003333529.2	972	773	0	0
XM_003333530.2	941	742	1	19.3249
XM_003333531.2	2659	2460	2	11.6578
XM_003333532.2	222	27.8721	0	0
XM_003333533.2	1538	1339	1	10.7088
XM_003333534.2	501	302	0	0
XM_003333536.2	1400	1201	4	47.7572
XM_003333537.2	5906	5707	6	15.0753
XM_003333538.2	2142	1943	32	236.156
XM_003333539.2	885	686	0	0
XM_003333540.2	561	362	0	0
XM_003333541.1	342	143	0	0
XM_003333546.2	1651	1452	0	0
XM_003333549.2	830	631	0	0
XM_003333551.2	1773	1574	1	9.10997
XM_003333552.2	1305	1106	2	25.9296
XM_003333553.2	1965	1766	11	89.3148
XM_003333554.2	1545	1346	0	0
XM_003333556.1	927	728	10	196.965
XM_003333557.2	732	533	0	0
XM_003333558.2	2488	2289	1	6.26435
XM_003333559.2	624	425	2	67.4781
XM_003333561.2	693	494	0	0
XM_003333565.2	1343	1144	5	62.6708
XM_003333566.2	1565	1366	0	0
XM_003333568.2	2422	2223	11	70.9536
XM_003333569.2	2604	2405	0	0
XM_003333570.2	1293	1094	6	78.6422
XM_003333571.2	891	692	4	82.8849
XM_003333572.2	2449	2250	0	0
XM_003333573.2	2166	1967	4	29.1593
XM_003333574.2	1638	1439	31	308.903
XM_003333576.1	1311	1112	0	0
XM_003333577.2	318	119	0	0
XM_003333578.2	900	701	0	0
XM_003333581.1	543	344	0	0
XM_003333582.1	345	146	0	0
XM_003333584.2	636	437	1	32.8126
XM_003333585.2	2026	1827	0	0
XM_003333586.2	1800	1601	2	17.9127
XM_003333587.2	774	575	2	49.8751
XM_003333591.2	2199	2000	0	0
XM_003333592.2	914	715	0	0
XM_003333593.1	849	650	0	0
XM_003333594.2	691	492	7	204.011
XM_003333596.2	3009	2810	2	10.2058
XM_003333597.2	4459	4260	15	50.4897
XM_003333598.2	967	768	0	0
XM_003333599.2	3719	3520	10	40.736
XM_003333600.2	1727	1528	0	0
XM_003333601.1	1065	866	0	0
XM_003333603.2	1019	820	1	17.4867
XM_003333606.1	630	431	0	0
XM_003333608.2	660	461	0	0
XM_003333609.2	2360	2161	2	13.2708
XM_003333610.2	3300	3101	3	13.8721
XM_003333611.2	1266	1067	0	0
XM_003333612.1	2280	2081	0	0
XM_003333613.1	2247	2048	0	0
XM_003333614.2	1884	1685	18	153.177
XM_003333615.2	4998	4799	2	5.97586
XM_003333617.2	2433	2234	0	0
XM_003333618.2	1749	1550	0	0
XM_003333619.2	1691	1492	3	28.8319
XM_003333620.1	1272	1073	0	0
XM_003333621.1	1005	806	0	0
XM_003333622.2	1317	1118	2	25.6513
XM_003333623.2	2098	1899	2	15.1017
XM_003333624.2	456	257	0	0
XM_003333625.2	973	774	5	92.6298
XM_003333627.1	789	590	0	0
XM_003333628.2	567	368	0	0
XM_003333629.2	2311	2112	0	0
XM_003333631.2	1256	1057	0	0
XM_003333632.2	2763	2564	9	50.3322
XM_003333633.2	702	503	12	342.086
XM_003333634.2	387	188	1	76.2717
XM_003333640.1	540	341	0	0
XM_003333641.2	1655	1456	0	0
XM_003333643.2	2788	2589	6	33.2308
XM_003333644.2	1278	1079	4	53.1569
XM_003333645.2	1342	1143	3	37.6354
XM_003333646.1	321	122	0	0
XM_003333649.2	1849	1650	0	0
XM_003333650.1	1728	1529	0	0
XM_003333651.1	333	134	0	0
XM_003333652.1	441	242	0	0
XM_003333653.2	852	653	2	43.9176
XM_003333654.2	390	191	0	0
XM_003333655.1	312	113	0	0
XM_003333656.2	2248	2049	7	48.9866
XM_003333657.2	1705	1506	8	76.1704
XM_003333658.2	510	311	1	46.1064
XM_003333659.2	741	542	0	0
XM_003333660.2	882	683	2	41.9885
XM_003333661.1	510	311	2	92.2128
XM_003333662.1	396	197	0	0
XM_003333663.2	721	522	0	0
XM_003333665.1	309	110	0	0
XM_003333666.2	347	148	0	0
XM_003333667.2	1869	1670	5	42.9314
XM_003333668.1	495	296	0	0
XM_003333669.2	541	342	0	0
XM_003333670.2	627	428	0	0
XM_003333671.2	1428	1229	3	35.0018
XM_003333672.2	2213	2014	3	21.3591
XM_003333673.2	1598	1399	0	0
XM_003333675.2	363	164	0	0
XM_003333676.2	1479	1280	0	0
XM_003333678.2	1345	1146	0	0
XM_003333679.2	1377	1178	1	12.1724
XM_003333680.2	2516	2317	0	0
XM_003333681.1	1197	998	0	0
XM_003333684.2	544	345	0	0
XM_003333685.2	1224	1025	0	0
XM_003333686.2	1192	993	0	0
XM_003333687.2	2430	2231	0	0
XM_003333688.2	3060	2861	2	10.0238
XM_003333689.2	1600	1401	0	0
XM_003333690.2	2181	1982	0	0
XM_003333691.2	1833	1634	0	0
XM_003333692.1	339	140	0	0
XM_003333693.1	978	779	0	0
XM_003333695.2	2203	2004	9	64.3971
XM_003333699.2	701	502	0	0
XM_003333700.2	1320	1121	0	0
XM_003333703.1	354	155	0	0
XM_003333704.2	2586	2387	1	6.00716
XM_003333705.1	1128	929	0	0
XM_003333706.1	711	512	0	0
XM_003333708.2	918	719	0	0
XM_003333710.1	303	104	0	0
XM_003333711.2	3517	3318	3	12.9648
XM_003333712.2	1111	912	0	0
XM_003333713.2	3061	2862	5	25.0508
XM_003333714.2	966	767	0	0
XM_003333716.2	867	668	0	0
XM_003333717.2	2154	1955	1	7.33457
XM_003333718.2	1125	926	1	15.485
XM_003333719.1	573	374	0	0
XM_003333720.2	1708	1509	0	0
XM_003333722.1	489	290	0	0
XM_003333724.1	1032	833	0	0
XM_003333727.2	3150	2951	0	0
XM_003333728.2	1708	1509	5	47.5119
XM_003333729.2	1146	947	0	0
XM_003333731.2	887	688	0	0
XM_003333732.2	1263	1064	1	13.4766
XM_003333734.2	1731	1532	0	0
XM_003333735.2	919	720	1	19.9154
XM_003333736.2	2789	2590	0	0
XM_003333738.2	1294	1095	9	117.856
XM_003333739.2	2439	2240	14	89.6193
XM_003333741.2	2036	1837	0	0
XM_003333746.1	1311	1112	1	12.8949
XM_003333747.2	1818	1619	0	0
XM_003333748.2	3295	3096	0	0
XM_003333751.2	1488	1289	0	0
XM_003333753.2	3831	3632	12	47.3758
XM_003333755.2	3047	2848	1	5.03479
XM_003333760.2	1903	1704	0	0
XM_003333761.2	276	77.0053	0	0
XM_003333763.2	630	431	0	0
XM_003333764.2	1461	1262	0	0
XM_003333765.2	216	24.1385	0	0
XM_003333766.2	1176	977	0	0
XM_003333767.1	666	467	0	0
XM_003333768.2	402	203	0	0
XM_003333770.2	524	325	0	0
XM_003333771.2	3195	2996	3	14.3582
XM_003333773.2	2532	2333	0	0
XM_003333774.2	878	679	5	105.59
XM_003333778.2	786	587	36	879.399
XM_003333779.1	585	386	0	0
XM_003333781.2	513	314	0	0
XM_003333784.1	723	524	1	27.3647
XM_003333785.2	1140	941	2	30.4763
XM_003333786.2	1488	1289	12	133.49
XM_003333787.2	579	380	0	0
XM_003333788.2	1609	1410	3	30.5087
XM_003333791.2	534	335	0	0
XM_003333793.1	1089	890	0	0
XM_003333795.2	723	524	0	0
XM_003333796.2	720	521	0	0
XM_003333797.2	756	557	0	0
XM_003333798.2	708	509	0	0
XM_003333799.1	1245	1046	0	0
XM_003333801.2	1161	962	0	0
XM_003333802.2	1362	1163	0	0
XM_003333807.2	456	257	0	0
XM_003333809.2	216	24.1385	0	0
XM_003333810.2	285	86.0009	0	0
XM_003333811.2	952	753	0	0
XM_003333812.2	1323	1124	0	0
XM_003333814.2	210	20.9285	0	0
XM_003333815.2	1367	1168	1	12.2766
XM_003333816.2	3136	2937	8	39.0578
XM_003333819.1	336	137	0	0
XM_003333820.1	1413	1214	0	0
XM_003333821.2	1518	1319	19	206.552
XM_003333822.2	525	326	0	0
XM_003333825.2	3446	3247	3	13.2483
XM_003333826.2	1502	1303	0	0
XM_003333829.2	2562	2363	1	6.06817
XM_003333830.1	345	146	4	392.852
XM_003333831.2	1305	1106	0	0
XM_003333832.2	2795	2596	4	22.0941
XM_003333833.2	3231	3032	9	42.5633
XM_003333834.2	1385	1186	2	24.1806
XM_003333835.2	2012	1813	0	0
XM_003333839.2	1989	1790	13	104.139
XM_003333840.1	564	365	0	0
XM_003333841.1	618	419	0	0
XM_003333842.2	3137	2938	13	63.4473
XM_003333843.2	438	239	17	1019.94
XM_003333846.2	2354	2155	15	99.808
XM_003333848.2	4016	3817	2	7.51328
XM_003333849.2	1297	1098	1	13.0593
XM_003333850.2	2577	2378	68	410.033
XM_003333851.2	150	7.01018	0	0
XM_003333853.2	711	512	0	0
XM_003333854.2	1109	910	6	94.5434
XM_003333855.1	351	152	0	0
XM_003333856.2	2360	2161	4.68303	31.0737
XM_003333857.2	1080	881	0	0
XM_003333858.2	1815	1616	0	0
XM_003333859.2	459	260	0	0
XM_003333861.2	579	380	0	0
XM_003333862.2	456	257	0	0
XM_003333866.2	432	233	0	0
XM_003333867.2	1956	1757	0	0
XM_003333868.1	288	89.0004	0	0
XM_003333869.1	1530	1331	0	0
XM_003333870.2	999	800	0	0
XM_003333871.1	441	242	0	0
XM_003333873.2	153	7.28986	0	0
XM_003333874.2	1778	1579	1.34239	12.1904
XM_003333877.1	450	251	0	0
XM_003333878.2	761	562	0	0
XM_003333881.1	969	770	0	0
XM_003333882.2	966	767	0	0
XM_003333883.1	1260	1061	0	0
XM_003333884.2	2967	2768	2	10.3606
XM_003333885.1	1086	887	0	0
XM_003333886.2	2024	1825	2	15.7141
XM_003333887.2	3417	3218	5	22.2795
XM_003333888.2	3942	3743	4	15.3236
XM_003333889.2	722	523	0	0
XM_003333890.2	1986	1787	1	8.02411
XM_003333891.2	1464	1265	0	0
XM_003333892.1	447	248	0	0
XM_003333893.2	1683	1484	0	0
XM_003333894.2	3356	3157	1	4.542
XM_003333895.2	806	607	0	0
XM_003333896.1	738	539	0	0
XM_003333898.2	3229	3030	0.000289953	0.00137217
XM_003333899.2	1942	1743	27	222.12
XM_003333903.2	2045	1846	0	0
XM_003333904.2	720	521	5	137.611
XM_003333905.2	1647	1448	3	29.7081
XM_003333906.2	4233	4034	3	10.6637
XM_003333907.2	541	342	0	0
XM_003333908.2	1116	917	0	0
XM_003333909.2	1050	851	0	0
XM_003333911.2	620	421	6	204.358
XM_003333912.2	1903	1704	1	8.41496
XM_003333914.2	297	98.0001	0	0
XM_003333915.1	1203	1004	22	314.203
XM_003333916.1	303	104	0	0
XM_003333917.2	1299	1100	0	0
XM_003333918.1	2031	1832	0	0
XM_003333922.2	1024	825	11	191.188
XM_003333923.2	1197	998	14	201.15
XM_003333924.2	1127	928	0	0
XM_003333926.2	1462	1263	0	0
XM_003333927.2	3627	3428	8	33.4634
XM_003333928.1	1827	1628	0	0
XM_003333929.2	198	15.9266	0	0
XM_003333931.2	5571	5372	1	2.66923
XM_003333932.1	1161	962	0	0
XM_003333934.1	1146	947	0	0
XM_003333935.2	2256	2057	3	20.9126
XM_003333936.2	1031	832	0	0
XM_003333937.2	534	335	0	0
XM_003333938.2	987	788	0	0
XM_003333939.1	1296	1097	0	0
XM_003333940.2	1401	1202	1	11.9294
XM_003333941.2	1258	1059	12.042	163.051
XM_003333942.1	306	107	0	0
XM_003333944.2	318	119	0	0
XM_003333950.2	1673	1474	0	0
XM_003333951.2	288	89.0004	0	0
XM_003333956.2	1502	1303	0	0
XM_003333960.2	1226	1027	0	0
XM_003333961.2	1244	1045	0	0
XM_003333963.1	825	626	0	0
XM_003333964.2	727	528	0	0
XM_003333967.2	1393	1194	39	468.362
XM_003333968.1	1272	1073	0	0
XM_003333969.2	2331	2132	0	0
XM_003333970.2	3300	3101	0	0
XM_003333971.2	217	24.7239	0	0
XM_003333973.2	4515	4316	19	63.1239
XM_003333974.1	351	152	0	0
XM_003333975.1	453	254	0	0
XM_003333977.2	1243	1044	2	27.4695
XM_003333978.2	2346	2147	3	20.036
XM_003333979.2	3452	3253	2	8.81592
XM_003333980.2	1628	1429	0	0
XM_003333982.2	2022	1823	2	15.7313
XM_003333984.2	3243	3044	4	18.8424
XM_003333985.1	426	227	0	0
XM_003333986.2	721	522	0	0
XM_003333988.2	1704	1505	5	47.6382
XM_003333989.2	888	689	0	0
XM_003333991.1	378	179	0	0
XM_003333994.2	1527	1328	2	21.595
XM_003333995.1	339	140	0	0
XM_003333997.2	1814	1615	2	17.7574
XM_003333999.2	717	518	0	0
XM_003334001.2	1885	1686	1.49598	12.723
XM_003334002.2	1074	875	0	0
XM_003334003.2	1593	1394	1	10.2863
XM_003334005.1	759	560	0	0
XM_003334008.2	402	203	0	0
XM_003334010.2	723	524	1	27.3647
XM_003334011.2	2126	1927	3	22.3234
XM_003334012.2	1824	1625	0	0
XM_003334013.2	2451	2252	71.6328	456.105
XM_003334014.2	932	733	0	0
XM_003334016.1	828	629	0	0
XM_003334019.2	6156	5957	1.99923	4.81234
XM_003334022.2	1383	1184	0	0
XM_003334023.2	3312	3113	3	13.8186
XM_003334024.2	675	476	0	0
XM_003334027.2	960	761	6	113.055
XM_003334028.1	750	551	0	0
XM_003334029.2	3171	2972	0	0
XM_003334030.2	2397	2198	0	0
XM_003334031.2	1055	856	0	0
XM_003334032.1	486	287	1	49.962
XM_003334033.2	857	658	1	21.7919
XM_003334034.2	2442	2243	0	0
XM_003334035.2	4262	4063	1	3.52919
XM_003334036.2	909	710	0	0
XM_003334039.2	707	508	0	0
XM_003334041.2	894	695	0	0
XM_003334042.2	2904	2705	0	0
XM_003334043.1	1377	1178	0	0
XM_003334044.1	1689	1490	7	67.3648
XM_003334047.2	846	647	0	0
XM_003334048.2	807	608	0	0
XM_003334049.2	1038	839	2	34.1814
XM_003334050.2	760	561	1	25.5599
XM_003334052.1	306	107	0	0
XM_003334053.1	378	179	0	0
XM_003334055.2	1848	1649	0	0
XM_003334058.1	552	353	0	0
XM_003334059.1	477	278	0	0
XM_003334060.2	1380	1181	0	0
XM_003334061.1	774	575	0	0
XM_003334062.1	1245	1046	0	0
XM_003334063.2	864	665	0	0
XM_003334064.2	2144	1945	0	0
XM_003334066.2	999	800	0	0
XM_003334067.2	2424	2225	1	6.44453
XM_003334068.2	1474	1275	0	0
XM_003334069.2	318	119	0	0
XM_003334071.2	2421	2222	0	0
XM_003334072.2	2713	2514	0	0
XM_003334073.2	1393	1194	0	0
XM_003334074.2	1467	1268	0	0
XM_003334075.2	1434	1235	1	11.6106
XM_003334076.2	2238	2039	0	0
XM_003334077.2	1290	1091	0	0
XM_003334078.2	1669	1470	0	0
XM_003334079.2	1669	1470	2	19.509
XM_003334080.2	864	665	0	0
XM_003334081.2	1839	1640	1	8.74335
XM_003334082.2	438	239	0	0
XM_003334083.2	996	797	0	0
XM_003334087.2	324	125	0	0
XM_003334088.2	549	350	0	0
XM_003334091.1	1161	962	0	0
XM_003334092.2	999	800	0	0
XM_003334093.2	414	215	0	0
XM_003334096.2	10055	9856	5	7.27429
XM_003334097.2	1078	879	0	0
XM_003334098.2	608	409	0	0
XM_003334101.1	540	341	0	0
XM_003334103.2	476	277	0	0
XM_003334104.2	2389	2190	5	32.7376
XM_003334105.2	7047	6848	5	10.4695
XM_003334109.2	1384	1185	1	12.1005
XM_003334111.1	1524	1325	0	0
XM_003334112.2	747	548	1	26.1662
XM_003334113.2	3049	2850	5	25.1563
XM_003334114.1	348	149	0	0
XM_003334116.1	2139	1940	0	0
XM_003334118.2	972	773	0	0
XM_003334120.2	480	281	0	0
XM_003334122.1	351	152	0	0
XM_003334123.2	708	509	6	169.027
XM_003334124.2	2689	2490	2	11.5173
XM_003334125.1	1725	1526	0	0
XM_003334126.2	1026	827	0	0
XM_003334128.2	4086	3887	3	11.067
XM_003334130.2	531	332	0	0
XM_003334131.2	1145	946	8	121.261
XM_003334133.1	972	773	5	92.7496
XM_003334134.2	1675	1476	0	0
XM_003334135.2	1241	1042	3	41.2834
XM_003334136.2	1848	1649	0	0
XM_003334137.2	2720	2521	3	17.0636
XM_003334141.2	1701	1502	1	9.54666
XM_003334142.2	1278	1079	6	79.7354
XM_003334146.2	660	461	0	0
XM_003334148.2	869	670	3	64.2049
XM_003334150.1	324	125	0	0
XM_003334151.2	1460	1261	2	22.7424
XM_003334152.1	372	173	0	0
XM_003334154.2	5282	5083	23	64.8827
XM_003334155.2	996	797	1	17.9913
XM_003334156.2	1141	942	10	152.22
XM_003334157.2	2356	2157	6	39.8862
XM_003334159.2	1117	918	0	0
XM_003334161.2	874	675	13	276.16
XM_003334162.2	588	389	0	0
XM_003334163.1	1332	1133	0	0
XM_003334164.2	360	161	0	0
XM_003334165.2	375	176	0	0
XM_003334166.2	1227	1028	0	0
XM_003334167.2	448	249	0	0
XM_003334168.2	261	62.0706	0	0
XM_003334169.2	2484	2285	16	100.405
XM_003334170.2	1668	1469	2	19.5222
XM_003334172.2	1480	1281	1	11.1937
XM_003334173.2	2769	2570	1	5.57941
XM_003334174.2	1313	1114	1	12.8717
XM_003334175.2	2565	2366	2	12.121
XM_003334176.2	729	530	3	81.1646
XM_003334177.2	1861	1662	6	51.7657
XM_003334179.2	3468	3269	6	26.3183
XM_003334181.2	1167	968	0	0
XM_003334182.2	818	619	0	0
XM_003334183.1	1002	803	1	17.8569
XM_003334184.2	2177	1978	1	7.24929
XM_003334187.1	2076	1877	0	0
XM_003334188.2	2477	2278	0	0
XM_003334189.2	618	419	0	0
XM_003334190.2	2044	1845	1	7.77186
XM_003334191.2	1425	1226	4	46.7833
XM_003334192.1	636	437	0	0
XM_003334194.2	327	128	0	0
XM_003334196.2	453	254	0	0
XM_003334197.2	1425	1226	1	11.6958
XM_003334203.2	801	602	0	0
XM_003334205.1	1422	1223	0	0
XM_003334206.2	1131	932	0	0
XM_003334207.1	2076	1877	0	0
XM_003334209.2	1793	1594	2	17.9913
XM_003334210.2	3386	3187	3	13.4977
XM_003334211.2	985	786	0	0
XM_003334213.2	719	520	0	0
XM_003334214.2	3372	3173	0	0
XM_003334215.2	1302	1103	0	0
XM_003334216.2	1566	1367	1	10.4895
XM_003334217.2	693	494	0	0
XM_003334221.2	972	773	3	55.6498
XM_003334222.2	1287	1088	1	13.1793
XM_003334224.1	519	320	0	0
XM_003334226.2	1458	1259	2	22.7785
XM_003334227.1	684	485	0	0
XM_003334228.2	2366	2167	1	6.61702
XM_003334229.2	342	143	0	0
XM_003334230.1	603	404	2	70.9856
XM_003334231.2	2166	1967	8	58.3186
XM_003334232.2	407	208	0	0
XM_003334233.2	6818	6619	4	8.66541
XM_003334234.1	351	152	0	0
XM_003334238.2	357	158	0	0
XM_003334239.2	354	155	0	0
XM_003334240.2	1328	1129	0	0
XM_003334242.2	2106	1907	3	22.5576
XM_003334244.2	1863	1664	1	8.61724
XM_003334245.2	1314	1115	0	0
XM_003334246.2	327	128	0	0
XM_003334249.2	1080	881	0	0
XM_003334250.2	962	763	11	206.723
XM_003334251.2	1066	867	1	16.5387
XM_003334252.2	639	440	0	0
XM_003334253.1	966	767	3	56.0851
XM_003334254.2	660	461	1	31.1043
XM_003334255.2	1086	887	0	0
XM_003334256.2	354	155	0	0
XM_003334257.2	177	10.528	0	0
XM_003334258.2	345	146	0	0
XM_003334261.2	450	251	0	0
XM_003334262.2	5105	4906	0	0
XM_003334263.2	1836	1637	2	17.5187
XM_003334264.2	1476	1277	0	0
XM_003334266.2	261	62.0706	0	0
XM_003334267.2	1798	1599	1	8.96753
XM_003334268.2	976	777	0	0
XM_003334269.2	1529	1330	2	21.5625
XM_003334270.1	471	272	0	0
XM_003334271.2	1311	1112	11.2712	145.341
XM_003334272.2	705	506	0	0
XM_003334273.2	456	257	0	0
XM_003334274.2	1767	1568	0	0
XM_003334275.1	549	350	0	0
XM_003334276.2	1077	878	0	0
XM_003334277.1	681	482	0	0
XM_003334278.1	405	206	0	0
XM_003334279.1	168	9.06081	0	0
XM_003334282.2	4632	4433	0	0
XM_003334284.2	3840	3641	0	0
XM_003334285.1	1281	1082	0	0
XM_003334286.2	4466	4267	1	3.36046
XM_003334287.1	354	155	0	0
XM_003334288.2	483	284	0	0
XM_003334290.2	3533	3334	0	0
XM_003334291.2	2555	2356	1	6.0862
XM_003334292.1	579	380	0	0
XM_003334294.1	1296	1097	0	0
XM_003334295.2	255	56.1701	0	0
XM_003334296.2	1585	1386	0	0
XM_003334298.2	1205	1006	0	0
XM_003334299.2	1465	1266	10	113.263
XM_003334300.2	721	522	1	27.4695
XM_003334301.2	237	39.4185	0	0
XM_003334302.2	776	577	0	0
XM_003334303.2	1050	851	0	0
XM_003334307.2	4172	3973	2	7.21827
XM_003334308.2	1554	1355	0	0
XM_003334310.2	1914	1715	1	8.36098
XM_003334311.2	720	521	3	82.5667
XM_003334312.2	693	494	0	0
XM_003334313.2	2412	2213	0	0
XM_003334314.1	306	107	0	0
XM_003334315.2	1428	1229	11	128.34
XM_003334316.2	933	734	5	97.6777
XM_003334317.2	855	656	1	21.8584
XM_003334318.2	1745	1546	1	9.27496
XM_003334319.2	907	708	0	0
XM_003334320.2	2233	2034	5	35.2485
XM_003334323.2	1236	1037	17	235.067
XM_003334324.2	2664	2465	0	0
XM_003334325.1	1206	1007	0	0
XM_003334326.1	954	755	0	0
XM_003334328.2	1545	1346	0	0
XM_003334333.2	1206	1007	0	0
XM_003334334.2	1879	1680	3	25.6055
XM_003334335.2	2824	2625	1	5.46251
XM_003334336.2	1850	1651	0	0
XM_003334337.2	1840	1641	0	0
XM_003334338.2	1548	1349	0	0
XM_003334339.2	3225	3026	0	0
XM_003334341.1	993	794	1	18.0593
XM_003334342.2	5255	5056	0	0
XM_003334343.2	1137	938	0	0
XM_003334346.2	958	759	1	18.8921
XM_003334347.2	1803	1604	0	0
XM_003334349.2	1246	1047	3	41.0862
XM_003334350.2	2627	2428	6	35.4343
XM_003334355.2	5911	5712	0	0
XM_003334357.2	2833	2634	3.44858	18.7735
XM_003334358.2	237	39.4185	0	0
XM_003334359.2	864	665	3	64.6876
XM_003334361.2	1272	1073	0	0
XM_003334362.2	818	619	0	0
XM_003334363.2	1947	1748	3	24.6094
XM_003334365.1	231	34.449	0	0
XM_003334366.2	795	596	0	0
XM_003334368.2	1518	1319	0	0
XM_003334369.2	228	32.1317	0	0
XM_003334370.1	2040	1841	0	0
XM_003334371.2	1307	1108	0	0
XM_003334374.2	1359	1160	0	0
XM_003334377.1	339	140	0	0
XM_003334378.1	1215	1016	0	0
XM_003334381.2	1389	1190	0	0
XM_003334382.2	2831	2632	2	10.896
XM_003334384.2	3573	3374	11	46.7487
XM_003334387.2	618	419	3	102.666
XM_003334391.2	3717	3518	18	73.3666
XM_003334394.2	537	338	0	0
XM_003334395.1	1017	818	0	0
XM_003334398.2	1449	1250	3	34.4138
XM_003334399.1	990	791	0	0
XM_003334400.2	528	329	0	0
XM_003334401.2	1410	1211	0	0
XM_003334403.1	1356	1157	0	0
XM_003334404.1	318	119	0	0
XM_003334405.2	2120	1921	13	97.037
XM_003334409.1	423	224	0	0
XM_003334410.1	2103	1904	0	0
XM_003334419.1	309	110	0	0
XM_003334420.2	1525	1326	18	194.648
XM_003334421.2	650	451	4	127.176
XM_003334422.2	1187	988	0	0
XM_003334424.2	775	576	0	0
XM_003334426.2	1245	1046	0	0
XM_003334427.2	729	530	0	0
XM_003334428.1	1344	1145	0	0
XM_003334429.1	318	119	0	0
XM_003334430.1	399	200	0	0
XM_003334431.2	1197	998	0	0
XM_003334432.2	1254	1055	0	0
XM_003334434.2	1472	1273	1	11.264
XM_003334435.2	1578	1379	2	20.7964
XM_003334436.2	1772	1573	3	27.3473
XM_003334437.2	1965	1766	28	227.347
XM_003334439.2	917	718	3	59.9126
XM_003334440.2	2830	2631	2	10.9001
XM_003334441.2	2182	1983	4	28.924
XM_003334444.2	1650	1451	0	0
XM_003334446.2	1021	822	6	104.665
XM_003334447.2	681	482	0	0
XM_003334449.2	1295	1096	0	0
XM_003334450.2	507	308	0	0
XM_003334451.1	1140	941	2	30.4763
XM_003334453.2	1328	1129	1	12.7007
XM_003334456.1	1236	1037	0	0
XM_003334459.1	657	458	0	0
XM_003334463.2	378	179	0	0
XM_003334464.2	615	416	0	0
XM_003334465.2	674	475	0	0
XM_003334466.2	2757	2558	0	0
XM_003334467.1	411	212	0	0
XM_003334468.2	1902	1703	0	0
XM_003334469.2	2739	2540	2	11.2906
XM_003334470.1	519	320	0	0
XM_003334471.2	421	222	0	0
XM_003334472.1	858	659	0	0
XM_003334473.2	1914	1715	1	8.36098
XM_003334474.2	590	391	0	0
XM_003334475.2	662	463	0	0
XM_003334476.2	5233	5034	3	8.54534
XM_003334477.2	1002	803	4	71.4276
XM_003334478.2	1959	1760	0	0
XM_003334479.1	627	428	1	33.5025
XM_003334480.2	285	86.0009	0	0
XM_003334481.2	2392	2193	22	143.849
XM_003334482.2	1008	809	1	17.7245
XM_003334483.2	1774	1575	7	63.7293
XM_003334484.2	489	290	0	0
XM_003334485.2	704	505	0	0
XM_003334486.2	574	375	0	0
XM_003334490.2	1110	911	0	0
XM_003334495.2	771	572	1	25.0683
XM_003334496.2	746	547	1	26.2141
XM_003334497.1	1161	962	1	14.9055
XM_003334498.1	417	218	0	0
XM_003334499.2	2143	1944	1	7.37607
XM_003334500.2	553	354	4	162.024
XM_003334501.2	1417	1218	5	58.8632
XM_003334504.1	504	305	0	0
XM_003334505.2	3003	2804	1	5.1138
XM_003334506.2	1880	1681	2	17.0602
XM_003334507.2	1560	1361	0	0
XM_003334508.1	363	164	0	0
XM_003334509.2	2466	2267	4	25.3005
XM_003334510.2	2289	2090	0	0
XM_003334511.2	2321	2122	7	47.3014
XM_003334512.2	1746	1547	0	0
XM_003334515.2	2032	1833	0	0
XM_003334516.2	3403	3204	7	31.3276
XM_003334517.2	726	527	2	54.4178
XM_003334518.2	2049	1850	1	7.75086
XM_003334520.2	210	20.9285	0	0
XM_003334522.2	2835	2636	3	16.3191
XM_003334523.2	2448	2249	0	0
XM_003334524.1	1419	1220	1	11.7533
XM_003334527.2	1764	1565	0	0
XM_003334528.2	2100	1901	0	0
XM_003334529.2	753	554	0	0
XM_003334530.2	1397	1198	0	0
XM_003334531.2	1590	1391	6	61.8508
XM_003334533.2	279	80.003	0	0
XM_003334534.2	1044	845	0	0
XM_003334535.2	766	567	0	0
XM_003334536.2	2353	2154	2	13.3139
XM_003334537.2	849	650	0	0
XM_003334539.1	1353	1154	0	0
XM_003334541.2	1695	1496	0	0
XM_003334542.2	852	653	2	43.9176
XM_003334543.2	1554	1355	0	0
XM_003334544.2	1467	1268	0	0
XM_003334545.2	1899	1700	3	25.3043
XM_003334547.2	2814	2615	0	0
XM_003334548.2	1762	1563	6	55.0445
XM_003334549.2	2157	1958	8	58.5867
XM_003334552.2	636	437	0	0
XM_003334556.2	2979	2780	0	0
XM_003334557.2	2226	2027	0	0
XM_003334558.2	1372	1173	0	0
XM_003334559.2	2147	1948	1	7.36093
XM_003334563.2	945	746	9	172.992
XM_003334564.2	943	744	11	212.003
XM_003334566.2	1704	1505	23	219.136
XM_003334567.2	1705	1506	6	57.1278
XM_003334569.2	3330	3131	0	0
XM_003334572.1	384	185	2	155.017
XM_003334573.1	405	206	0	0
XM_003334574.2	1678	1479	5	48.4756
XM_003334575.2	781	582	0	0
XM_003334576.2	556	357	0	0
XM_003334577.2	2913	2714	4	21.1335
XM_003334579.2	1595	1396	3	30.8147
XM_003334580.2	1740	1541	3	27.9152
XM_003334581.2	2370	2171	0	0
XM_003334582.1	2043	1844	0	0
XM_003334584.1	456	257	0	0
XM_003334587.2	1683	1484	1	9.66246
XM_003334588.2	818	619	0	0
XM_003334589.2	912	713	3	60.3328
XM_003334590.2	1227	1028	0	0
XM_003334593.2	1854	1655	13	112.633
XM_003334594.2	1823	1624	3	26.4885
XM_003334598.2	1923	1724	6.90466e-05	0.000574283
XM_003334599.2	1977	1778	0	0
XM_003334600.1	1266	1067	0	0
XM_003334602.2	417	218	0	0
XM_003334603.2	539	340	1	42.1738
XM_003334604.2	1238	1039	1	13.8009
XM_003334605.2	1221	1022	4	56.1217
XM_003334606.2	1656	1457	0	0
XM_003334608.1	111	4.6639	0	0
XM_003334609.2	3971	3772	0	0
XM_003334610.2	2071	1872	0	0
XM_003334612.2	1698	1499	0	0
XM_003334613.2	2819	2620	2	10.9459
XM_003334614.2	1406	1207	0	0
XM_003334616.2	1634	1435	0	0
XM_003334617.2	1854	1655	0	0
XM_003334619.1	1593	1394	0	0
XM_003334620.2	1401	1202	0	0
XM_003334624.2	906	707	0	0
XM_003334625.2	1733	1534	0	0
XM_003334626.2	513	314	0	0
XM_003334627.1	987	788	0	0
XM_003334628.2	1872	1673	1	8.57088
XM_003334629.2	954	755	0	0
XM_003334630.2	996	797	0	0
XM_003334631.2	324	125	0	0
XM_003334632.2	609	410	0	0
XM_003334634.2	597	398	0	0
XM_003334635.2	519	320	0	0
XM_003334636.2	405	206	0	0
XM_003334637.1	1140	941	1	15.2381
XM_003334638.2	3402	3203	0	0
XM_003334639.2	159	7.91627	0	0
XM_003334642.2	2095	1896	16	121.005
XM_003334647.2	549	350	0	0
XM_003334648.2	1418	1219	0	0
XM_003334649.2	2618	2419	1	5.92769
XM_003334650.2	2035	1836	0	0
XM_003334652.1	498	299	0	0
XM_003334653.2	303	104	0	0
XM_003334654.1	744	545	0	0
XM_003334656.2	381	182	0	0
XM_003334658.1	699	500	0	0
XM_003334660.2	1406	1207	0	0
XM_003334661.1	2829	2630	0	0
XM_003334662.1	351	152	0	0
XM_003334663.1	375	176	0	0
XM_003334664.1	933	734	0	0
XM_003334668.2	1059	860	0	0
XM_003334670.1	540	341	0	0
XM_003334672.2	1005	806	0	0
XM_003334674.2	909	710	0	0
XM_003334675.2	249	50.3754	0	0
XM_003334679.2	1125	926	0	0
XM_003334682.1	723	524	0	0
XM_003334684.2	846	647	0	0
XM_003334690.1	294	95.0001	0	0
XM_003334694.1	519	320	0	0
XM_003334695.1	321	122	0	0
XM_003334696.1	1578	1379	0	0
XM_003334698.2	402	203	0	0
XM_003334699.2	912	713	0	0
XM_003334702.1	2142	1943	0	0
XM_003334703.2	399	200	0	0
XM_003334704.1	1479	1280	0	0
XM_003334705.1	828	629	0	0
XM_003334706.2	1911	1712	0	0
XM_003334708.2	513	314	0	0
XM_003334710.2	972	773	0	0
XM_003334712.2	4347	4148	0	0
XM_003334713.2	1509	1310	0	0
XM_003334715.2	927	728	0	0
XM_003334716.2	1050	851	0	0
XM_003334717.2	1845	1646	1	8.71147
XM_003334719.1	351	152	0	0
XM_003334721.2	1503	1304	3	32.9887
XM_003334723.2	1013	814	8	140.925
XM_003334724.2	1964	1765	0.0018594	0.015106
XM_003334725.2	3358	3159	0	0
XM_003334727.2	1863	1664	0	0
XM_003334728.1	2019	1820	0	0
XM_003334729.2	2118	1919	0	0
XM_003334731.1	780	581	0	0
XM_003334738.2	1044	845	3	50.908
XM_003334739.2	228	32.1317	0	0
XM_003334740.1	576	377	0	0
XM_003334743.2	792	593	1	24.1806
XM_003334744.2	732	533	0	0
XM_003334746.1	330	131	0	0
XM_003334747.2	1605	1406	0	0
XM_003334750.2	1874	1675	2	17.1213
XM_003334751.2	375	176	0	0
XM_003334752.2	1076	877	0	0
XM_003334753.2	736	537	0	0
XM_003334754.2	1517	1318	0	0
XM_003334755.2	1291	1092	0	0
XM_003334756.1	303	104	0	0
XM_003334757.1	462	263	0	0
XM_003334758.2	497	298	0	0
XM_003334759.2	924	725	11.7447	232.287
XM_003334760.1	396	197	0	0
XM_003334762.1	531	332	0	0
XM_003334764.1	450	251	0	0
XM_003334767.1	876	677	0	0
XM_003334768.2	1754	1555	0	0
XM_003334769.2	744	545	1	26.3103
XM_003334770.2	2239	2040	9	63.2607
XM_003334771.2	1993	1794	2	15.9856
XM_003334772.2	1598	1399	1	10.2495
XM_003334773.2	3259	3060	0	0
XM_003334774.2	2368	2169	3.32818	22.0023
XM_003334775.2	457	258	0	0
XM_003334776.2	711	512	0	0
XM_003334778.2	927	728	0	0
XM_003334779.2	2203	2004	2	14.3105
XM_003334781.2	2688	2489	0	0
XM_003334782.1	930	731	0	0
XM_003334783.2	1692	1493	1	9.60421
XM_003334784.2	840	641	0	0
XM_003334786.2	1271	1072	0	0
XM_003334787.1	681	482	0	0
XM_003334789.1	447	248	0	0
XM_003334791.2	1356	1157	0	0
XM_003334792.2	894	695	4	82.5271
XM_003334793.2	1449	1250	0	0
XM_003334794.1	513	314	0	0
XM_003334795.2	468	269	0	0
XM_003334797.1	1518	1319	2	21.7424
XM_003334798.1	429	230	0	0
XM_003334800.2	978	779	0	0
XM_003334801.1	675	476	0	0
XM_003334802.2	3696	3497	0	0
XM_003334803.1	495	296	0.233161	11.295
XM_003334804.2	1114	915	3	47.0134
XM_003334805.2	255	56.1701	0	0
XM_003334811.2	334	135	0	0
XM_003334812.2	516	317	2	90.4674
XM_003334813.2	1772	1573	7.79941	71.0976
XM_003334814.1	582	383	0	0
XM_003334815.1	294	95.0001	0	0
XM_003334816.2	943	744	2	38.5459
XM_003334817.2	270	71.016	81	16355
XM_003334819.2	1613	1414	3	30.4224
XM_003334820.2	1575	1376	1	10.4208
XM_003334821.2	5427	5228	2	5.4855
XM_003334822.2	1293	1094	0	0
XM_003334823.1	465	266	0	0
XM_003334824.2	674	475	0	0
XM_003334826.2	1109	910	5	78.7862
XM_003334831.2	3619	3420	0	0
XM_003334834.2	1050	851	0	0
XM_003334835.2	1168	969	0	0
XM_003334836.2	354	155	0	0
XM_003334838.2	549	350	0	0
XM_003334839.2	738	539	0	0
XM_003334840.1	732	533	0	0
XM_003334841.1	819	620	0	0
XM_003334845.2	249	50.3754	1	284.645
XM_003334846.2	277	78.0044	1	183.824
XM_003334847.2	1911	1712	0	0
XM_003334848.2	1420	1221	0	0
XM_003334852.2	1751	1552	3	27.7173
XM_003334853.2	1496	1297	0	0
XM_003334854.2	1802	1603	1	8.94516
XM_003334855.2	779	580	1	24.7226
XM_003334856.2	1508	1309	5	54.7711
XM_003334857.2	1005	806	4	71.1617
XM_003334859.2	830	631	0	0
XM_003334860.2	2047	1848	2.51981	19.5518
XM_003334861.2	2884	2685	2	10.6809
XM_003334863.2	2163	1964	0	0
XM_003334864.1	540	341	0	0
XM_003334867.2	1087	888	1	16.1476
XM_003334868.2	492	293	7.92104	387.647
XM_003334870.1	414	215	0	0
XM_003334871.1	594	395	0	0
XM_003334872.2	369	170	0	0
XM_003334873.1	1536	1337	0	0
XM_003334874.2	2826	2627	0	0
XM_003334875.2	2835	2636	0	0
XM_003334877.2	726	527	20.2556	551.132
XM_003334878.2	1430	1231	0	0
XM_003334879.2	3750	3551	0	0
XM_003334880.2	3102	2903	0	0
XM_003334881.2	1269	1070	0	0
XM_003334882.2	1606	1407	0	0
XM_003334883.2	1525	1326	0	0
XM_003334885.2	288	89.0004	0	0
XM_003334888.2	2769	2570	3	16.7382
XM_003334889.2	2226	2027	3	21.2221
XM_003334890.2	255	56.1701	0	0
XM_003334891.2	885	686	0	0
XM_003334895.2	729	530	0	0
XM_003334896.1	405	206	0	0
XM_003334903.2	1743	1544	0	0
XM_003334904.2	900	701	0	0
XM_003334908.2	2568	2369	0	0
XM_003334909.2	385	186	0	0
XM_003334910.1	415	216	1	66.3847
XM_003334911.1	312	113	0	0
XM_003334914.2	2305	2106	2	13.6174
XM_003334917.2	3251	3052	16	75.1721
XM_003334919.1	390	191	1	75.0738
XM_003334920.2	444	245	0	0
XM_003334922.1	543	344	0	0
XM_003334923.2	1567	1368	24	251.563
XM_003334924.2	2346	2147	0	0
XM_003334925.2	1951	1752	0	0
XM_003334928.2	1795	1596	0	0
XM_003334929.2	1940	1741	2	16.4722
XM_003334930.2	1808	1609	1	8.9118
XM_003334933.2	642	443	0	0
XM_003334934.2	1236	1037	0	0
XM_003334936.2	1461	1262	0	0
XM_003334937.1	2943	2744	0	0
XM_003334938.2	2970	2771	0	0
XM_003334939.2	2742	2543	0	0
XM_003334940.2	7564	7365	4	7.78769
XM_003334942.2	648	449	2	63.8712
XM_003334943.2	1080	881	1	16.2759
XM_003334944.2	855	656	0	0
XM_003334945.2	2181	1982	0	0
XM_003334946.2	1662	1463	0	0
XM_003334947.2	348	149	0	0
XM_003334948.2	3504	3305	0	0
XM_003334949.1	345	146	0	0
XM_003334950.2	3081	2882	5	24.877
XM_003334951.2	2542	2343	0	0
XM_003334952.2	246	47.5399	0	0
XM_003334953.2	1513	1314	0	0
XM_003334954.2	1432	1233	0	0
XM_003334955.2	3175	2976	0	0
XM_003334956.1	1104	905	0	0
XM_003334957.1	411	212	0	0
XM_003334960.2	696	497	0	0
XM_003334961.2	464	265	0	0
XM_003334962.1	555	356	0	0
XM_003334963.2	483	284	0	0
XM_003334964.1	357	158	0	0
XM_003334965.1	378	179	0	0
XM_003334966.2	1591	1392	2	20.6021
XM_003334967.2	2409	2210	0	0
XM_003334968.2	504	305	0	0
XM_003334969.2	483	284	0	0
XM_003334970.1	309	110	0	0
XM_003334971.2	1671	1472	0	0
XM_003334973.2	1962	1763	0	0
XM_003334974.2	2798	2599	16	88.2745
XM_003334975.2	550	351	0	0
XM_003334976.2	936	737	0	0
XM_003334979.2	690	491	0	0
XM_003334980.1	339	140	0	0
XM_003334981.2	1635	1436	0	0
XM_003334982.2	1435	1236	8	92.8096
XM_003334983.2	501	302	0	0
XM_003334984.1	999	800	0	0
XM_003334985.2	687	488	0	0
XM_003334987.2	1883	1684	0	0
XM_003334990.2	996	797	2	35.9827
XM_003334991.2	2985	2786	0	0
XM_003334992.2	1662	1463	0	0
XM_003334993.2	900	701	0	0
XM_003334994.2	1234	1035	16	221.667
XM_003334995.1	459	260	0	0
XM_003334996.2	530	331	0	0
XM_003334998.2	549	350	0	0
XM_003334999.2	1893	1694	2	16.9293
XM_003335000.2	2799	2600	0	0
XM_003335001.2	2481	2282	4	25.1342
XM_003335002.2	3326	3127	2	9.17115
XM_003335004.2	1931	1732	0	0
XM_003335005.2	1442	1243	0	0
XM_003335006.2	1271	1072	0	0
XM_003335007.2	1656	1457	2	19.683
XM_003335008.2	1140	941	2	30.4763
XM_003335010.2	1665	1466	2	19.5622
XM_003335011.1	798	599	0	0
XM_003335012.2	240	42.049	0	0
XM_003335014.2	1241	1042	0	0
XM_003335016.2	2194	1995	1	7.18751
XM_003335017.2	207	19.5103	0	0
XM_003335018.2	4827	4628	0	0
XM_003335020.2	2824	2625	1	5.46251
XM_003335021.2	776	577	0	0
XM_003335022.2	2071	1872	2	15.3195
XM_003335023.1	1347	1148	0	0
XM_003335024.2	2108	1909	6	45.0678
XM_003335025.2	2954	2755	4	20.819
XM_003335026.2	914	715	0	0
XM_003335028.2	627	428	0	0
XM_003335029.2	1026	827	3	52.016
XM_003335030.2	309	110	3	391.066
XM_003335031.2	5101	4902	3	8.77545
XM_003335033.1	507	308	0	0
XM_003335036.2	1596	1397	134	1375.4
XM_003335039.2	1217	1018	1	14.0855
XM_003335040.2	1865	1666	5	43.0345
XM_003335041.1	672	473	0	0
XM_003335043.2	1062	863	0	0
XM_003335045.2	534	335	0	0
XM_003335047.1	651	452	0	0
XM_003335050.2	2079	1880	0	0
XM_003335051.2	2187	1988	0	0
XM_003335052.2	2025	1826	1	7.85273
XM_003335053.2	4863	4664	4	12.2977
XM_003335054.2	1013	814	13	229.003
XM_003335055.2	614	415	0	0
XM_003335058.2	3104	2905	4	19.744
XM_003335059.2	834	635	0	0
XM_003335062.1	414	215	0	0
XM_003335063.2	1790	1591	21	189.265
XM_003335064.2	297	98.0001	0	0
XM_003335066.1	1068	869	0	0
XM_003335067.2	840	641	0	0
XM_003335070.1	816	617	0	0
XM_003335073.1	840	641	0	0
XM_003335075.1	432	233	0	0
XM_003335077.2	1580	1381	0	0
XM_003335084.2	1917	1718	3	25.0391
XM_003335085.1	402	203	0	0
XM_003335086.2	2930	2731	15	78.7573
XM_003335087.2	469	270	0	0
XM_003335091.2	1547	1348	1	10.6373
XM_003335092.1	441	242	0	0
XM_003335093.2	372	173	0	0
XM_003335094.2	1363	1164	0	0
XM_003335095.2	706	507	0	0
XM_003335099.2	880	681	0	0
XM_003335102.2	1898	1699	0	0
XM_003335104.2	2040	1841	0	0
XM_003335105.2	3065	2866	3	15.0095
XM_003335106.2	1666	1467	0	0
XM_003335107.2	228	32.1317	0	0
XM_003335108.2	753	554	0	0
XM_003335110.2	1910	1711	34	284.938
XM_003335111.2	653	454	15	473.758
XM_003335113.2	854	655	0	0
XM_003335114.2	960	761	0	0
XM_003335115.2	1380	1181	0	0
XM_003335116.2	2575	2376	3	18.1049
XM_003335118.2	1167	968	0	0
XM_003335119.2	3483	3284	0	0
XM_003335123.2	1268	1069	2	26.8271
XM_003335124.2	3081	2882	3	14.9262
XM_003335128.2	693	494	0	0
XM_003335133.2	1545	1346	0	0
XM_003335136.2	2635	2436	2	11.7726
XM_003335137.2	2780	2581	1	5.55563
XM_003335138.2	1053	854	0	0
XM_003335139.2	1371	1172	0	0
XM_003335140.1	2496	2297	0	0
XM_003335142.2	462	263	0	0
XM_003335143.2	711	512	0	0
XM_003335144.2	1146	947	0	0
XM_003335145.2	3080	2881	0	0
XM_003335146.2	336	137	0	0
XM_003335148.2	348	149	0	0
XM_003335149.2	534	335	0	0
XM_003335152.1	1017	818	0	0
XM_003335153.2	1794	1595	0	0
XM_003335154.1	630	431	0	0
XM_003335155.2	1671	1472	0	0
XM_003335157.2	1820	1621	6	53.075
XM_003335165.2	652	453	0	0
XM_003335166.1	651	452	0	0
XM_003335167.2	852	653	0	0
XM_003335170.2	1544	1345	2	21.3221
XM_003335172.2	622	423	0	0
XM_003335173.2	1651	1452	0	0
XM_003335174.2	1496	1297	10	110.556
XM_003335176.2	513	314	0	0
XM_003335177.1	1359	1160	0	0
XM_003335181.2	1937	1738	57	470.269
XM_003335183.1	3474	3275	0	0
XM_003335184.2	2026	1827	1	7.84843
XM_003335187.2	2610	2411	0	0
XM_003335188.2	1434	1235	0	0
XM_003335189.1	438	239	0	0
XM_003335190.2	216	24.1385	0	0
XM_003335191.1	1200	1001	0	0
XM_003335195.1	468	269	0	0
XM_003335196.2	1062	863	0	0
XM_003335197.2	3654	3455	0	0
XM_003335198.2	630	431	2	66.5387
XM_003335202.2	4155	3956	0	0
XM_003335203.1	4308	4109	0	0
XM_003335206.1	621	422	0	0
XM_003335208.1	372	173	0	0
XM_003335210.1	312	113	0	0
XM_003335211.1	564	365	0	0
XM_003335213.2	1855	1656	3	25.9766
XM_003335214.2	1800	1601	8	71.6507
XM_003335216.2	2987	2788	12	61.7177
XM_003335217.2	4949	4750	1	3.01876
XM_003335218.2	1147	948	0	0
XM_003335219.2	3536	3337	2	8.594
XM_003335220.2	1097	898	0	0
XM_003335221.2	1687	1488	1	9.63648
XM_003335222.1	447	248	0	0
XM_003335223.2	710	511	0	0
XM_003335224.2	3019	2820	1	5.08478
XM_003335225.2	1028	829	0	0
XM_003335227.2	2329	2130	2	13.4639
XM_003335228.2	1566	1367	0	0
XM_003335229.2	993	794	7	126.415
XM_003335230.2	279	80.003	0	0
XM_003335231.2	318	119	0	0
XM_003335232.2	1418	1219	2	23.526
XM_003335233.2	6636	6437	4.7045	10.4798
XM_003335234.2	3475	3276	0	0
XM_003335235.2	2148	1949	8	58.8572
XM_003335236.2	1537	1338	0.0690761	0.740276
XM_003335237.2	850	651	2	44.0525
XM_003335238.2	1670	1471	7	68.2349
XM_003335239.2	1805	1606	6	53.5707
XM_003335241.2	3971	3772	3	11.4044
XM_003335242.2	1217	1018	0	0
XM_003335243.2	7085	6886	2	4.16471
XM_003335244.2	315	116	0	0
XM_003335245.2	1443	1244	9	103.739
XM_003335246.2	2584	2385	5	30.061
XM_003335247.2	761	562	0	0
XM_003335248.2	690	491	39	1138.95
XM_003335249.2	1401	1202	3	35.7881
XM_003335251.2	1563	1364	1	10.5125
XM_003335253.2	3042	2843	6	30.2619
XM_003335254.1	807	608	0	0
XM_003335255.2	354	155	0	0
XM_003335257.2	459	260	0	0
XM_003335260.2	922	723	9	178.495
XM_003335261.2	1997	1798	2	15.95
XM_003335264.2	1816	1617	5	44.3385
XM_003335266.2	1313	1114	5	64.3586
XM_003335267.2	1983	1784	0	0
XM_003335269.2	624	425	0	0
XM_003335270.1	708	509	0	0
XM_003335272.1	702	503	0	0
XM_003335273.1	372	173	0	0
XM_003335274.2	3060	2861	1	5.01191
XM_003335275.2	2919	2720	0	0
XM_003335276.2	2507	2308	8	49.7022
XM_003335277.2	1611	1412	6	60.931
XM_003335278.2	1698	1499	3	28.6973
XM_003335279.2	1980	1781	29	233.483
XM_003335280.1	513	314	7	319.661
XM_003335281.2	1275	1076	5	66.6314
XM_003335282.2	1248	1049	4	54.6772
XM_003335284.2	2955	2756	0	0
XM_003335285.1	1587	1388	0	0
XM_003335286.1	1014	815	0	0
XM_003335287.2	2314	2115	0	0
XM_003335288.1	495	296	0	0
XM_003335289.2	2005	1806	9	71.4572
XM_003335291.2	3871	3672	1	3.90498
XM_003335294.2	951	752	0	0
XM_003335297.2	798	599	0	0
XM_003335298.2	207	19.5103	0	0
XM_003335300.2	1792	1593	1	9.00131
XM_003335301.2	2790	2591	9	49.8077
XM_003335302.2	3376	3177	1	4.5134
XM_003335303.2	1629	1430	4	40.1093
XM_003335304.2	834	635	0	0
XM_003335305.2	330	131	0	0
XM_003335306.2	3865	3666	0	0
XM_003335307.2	819	620	0	0
XM_003335309.2	2274	2075	0	0
XM_003335311.2	1083	884	2	32.4414
XM_003335312.2	453	254	0	0
XM_003335313.2	564	365	0	0
XM_003335315.2	2920	2721	0	0
XM_003335316.2	1351	1152	0	0
XM_003335317.2	1400	1201	30	358.179
XM_003335318.2	297	98.0001	1	146.317
XM_003335319.2	1905	1706	6	50.4306
XM_003335320.2	3158	2959	11	53.3052
XM_003335321.2	1017	818	10	175.294
XM_003335322.1	2337	2138	0	0
XM_003335323.2	4966	4767	0	0
XM_003335325.2	396	197	0	0
XM_003335332.2	870	671	12	256.437
XM_003335333.2	10428	10229	5	7.00904
XM_003335334.2	1765	1566	13	119.035
XM_003335335.2	1417	1218	1	11.7726
XM_003335336.1	1137	938	0	0
XM_003335337.2	2156	1957	0	0
XM_003335338.2	2141	1942	1	7.38367
XM_003335340.2	1517	1318	0	0
XM_003335342.2	1547	1348	4	42.5492
XM_003335343.2	3084	2885	6	29.8213
XM_003335344.2	3539	3340	2	8.58628
XM_003335345.2	789	590	3	72.9106
XM_003335346.1	900	701	0	0
XM_003335347.2	618	419	2	68.4443
XM_003335351.2	2042	1843	1	7.7803
XM_003335352.1	813	614	0	0
XM_003335353.2	1347	1148	16	199.848
XM_003335354.2	558	359	0	0
XM_003335355.1	402	203	0	0
XM_003335357.2	615	416	0	0
XM_003335358.2	1103	904	0	0
XM_003335359.2	3320	3121	27	124.048
XM_003335360.2	1686	1487	0	0
XM_003335364.2	1317	1118	0	0
XM_003335365.1	720	521	0	0
XM_003335367.2	468	269	0	0
XM_003335368.1	771	572	0	0
XM_003335370.1	1230	1031	0	0
XM_003335373.2	369	170	0	0
XM_003335374.2	1767	1568	0	0
XM_003335377.2	201	17.0167	0	0
XM_003335379.1	315	116	0	0
XM_003335382.2	555	356	0	0
XM_003335384.1	690	491	0	0
XM_003335386.2	645	446	0	0
XM_003335387.2	759	560	0	0
XM_003335388.2	516	317	0	0
XM_003335390.2	1506	1307	0	0
XM_003335391.1	684	485	0	0
XM_003335392.2	3348	3149	0	0
XM_003335394.2	576	377	0	0
XM_003335395.2	534	335	0	0
XM_003335397.2	471	272	0	0
XM_003335398.1	1350	1151	0	0
XM_003335399.1	519	320	0	0
XM_003335402.2	2398	2199	0	0
XM_003335403.2	639	440	2	65.1777
XM_003335404.2	2352	2153	8	53.2804
XM_003335406.2	363	164	0	0
XM_003335407.2	497	298	0	0
XM_003335408.2	651	452	0	0
XM_003335409.2	276	77.0053	0	0
XM_003335410.1	339	140	1	102.422
XM_003335411.2	3158	2959	8	38.7674
XM_003335412.1	1413	1214	0	0
XM_003335413.2	546	347	0	0
XM_003335415.2	1296	1097	0	0
XM_003335416.1	504	305	0	0
XM_003335417.2	1548	1349	0	0
XM_003335418.1	390	191	0	0
XM_003335419.1	390	191	0	0
XM_003335421.2	3014	2815	2	10.1876
XM_003335425.2	7293	7094	2	4.0426
XM_003335426.2	1650	1451	1	9.88221
XM_003335427.2	790	591	0	0
XM_003335428.2	1257	1058	5	67.7651
XM_003335429.2	882	683	0	0
XM_003335431.1	642	443	0	0
XM_003335437.2	1875	1676	0	0
XM_003335440.2	927	728	0	0
XM_003335443.2	732	533	0	0
XM_003335445.2	2066	1867	0	0
XM_003335446.2	2039	1840	0	0
XM_003335449.2	1338	1139	8	100.714
XM_003335450.2	1335	1136	0	0
XM_003335452.1	1287	1088	0	0
XM_003335457.2	2367	2168	1	6.61397
XM_003335460.2	657	458	0	0
XM_003335462.2	1008	809	0	0
XM_003335463.2	1757	1558	2	18.407
XM_003335464.2	2054	1855	0	0
XM_003335466.2	2102	1903	3	22.605
XM_003335467.2	1453	1254	3	34.304
XM_003335468.2	3699	3500	2	8.19376
XM_003335469.2	492	293	0	0
XM_003335470.2	324	125	0	0
XM_003335471.2	2710	2511	8	45.6841
XM_003335477.1	384	185	0	0
XM_003335478.2	1178	979	7	102.527
XM_003335479.2	2793	2594	1	5.52779
XM_003335481.2	2797	2598	4	22.0771
XM_003335484.2	471	272	0	0
XM_003335486.2	875	676	0	0
XM_003335487.1	213	22.4695	0	0
XM_003335489.2	1818	1619	2.21391	19.6081
XM_003335490.2	707	508	1	28.2265
XM_003335492.2	2140	1941	0	0
XM_003335493.2	941	742	0	0
XM_003335494.2	409	210	0	0
XM_003335495.2	1995	1796	1.48292	11.8395
XM_003335496.2	318	119	0	0
XM_003335497.2	800	601	0	0
XM_003335498.2	1250	1051	15.457	210.885
XM_003335499.1	1137	938	0	0
XM_003335500.2	1612	1413	4.42146	44.8689
XM_003335502.2	454	255	0	0
XM_003335503.1	342	143	0	0
XM_003335505.1	1347	1148	0	0
XM_003335507.1	381	182	0	0
XM_003335508.2	2493	2294	0	0
XM_003335510.2	558	359	0	0
XM_003335511.2	594	395	0	0
XM_003335512.2	478	279	0	0
XM_003335513.1	1377	1178	0	0
XM_003335514.2	1157	958	4	59.8709
XM_003335515.1	534	335	0	0
XM_003335516.2	1191	992	1	14.4547
XM_003335517.2	1845	1646	2	17.4229
XM_003335518.2	1965	1766	12	97.4343
XM_003335519.2	1089	890	9	145.002
XM_003335520.2	1278	1079	25	332.231
XM_003335521.1	678	479	0	0
XM_003335523.2	2188	1989	4	28.8368
XM_003335524.2	752	553	0	0
XM_003335525.2	1690	1491	9	86.5538
XM_003335526.2	414	215	1	66.6934
XM_003335528.2	431	232	0	0
XM_003335529.2	1038	839	2	34.1814
XM_003335530.2	2388	2189	1	6.55052
XM_003335532.2	1035	836	0	0
XM_003335533.2	1149	950	0	0
XM_003335535.2	2047	1848	1	7.75925
XM_003335536.2	1449	1250	0	0
XM_003335537.2	483	284	0	0
XM_003335538.2	1353	1154	1	12.4256
XM_003335539.2	1379	1180	10	121.518
XM_003335540.2	2125	1926	1	7.44501
XM_003335541.2	1843	1644	2	17.4441
XM_003335542.1	453	254	10	564.531
XM_003335543.2	7406	7207	3	5.96882
XM_003335544.2	1999	1800	3	23.8985
XM_003335545.2	2091	1892	3	22.7364
XM_003335546.2	210	20.9285	0	0
XM_003335547.2	1512	1313	0	0
XM_003335548.1	309	110	0	0
XM_003335550.2	1155	956	0	0
XM_003335551.1	1035	836	0	0
XM_003335552.2	492	293	0	0
XM_003335554.1	1371	1172	4	48.9389
XM_003335555.2	299	100	3	430.172
XM_003335556.2	2067	1868	8	61.4094
XM_003335557.2	1554	1355	5	52.9118
XM_003335561.2	600	401	0	0
XM_003335563.2	267	68.0268	0	0
XM_003335564.2	1076	877	0	0
XM_003335565.2	327	128	0	0
XM_003335566.1	321	122	0	0
XM_003335567.2	3378	3179	4	18.0423
XM_003335568.2	1724	1525	4	37.6107
XM_003335570.2	2012	1813	4	31.6362
XM_003335571.2	450	251	0	0
XM_003335572.2	1236	1037	5	69.1374
XM_003335573.2	910	711	9	181.507
XM_003335574.2	1072	873	4	65.7003
XM_003335575.2	645	446	9	289.354
XM_003335576.2	1875	1676	8	68.4443
XM_003335577.1	912	713	2	40.2218
XM_003335578.2	405	206	0	0
XM_003335580.2	579	380	0	0
XM_003335583.2	1553	1354	42	444.787
XM_003335584.1	705	506	0	0
XM_003335586.2	486	287	0	0
XM_003335588.2	807	608	0	0
XM_003335589.1	537	338	0	0
XM_003335590.2	1209	1010	0	0
XM_003335591.2	753	554	0	0
XM_003335592.2	1162	963	1	14.89
XM_003335596.1	723	524	0	0
XM_003335598.1	723	524	0	0
XM_003335599.2	2106	1907	4	30.0767
XM_003335600.2	2676	2477	1	5.78889
XM_003335601.2	1672	1473	1.8099	17.6187
XM_003335602.2	333	134	0	0
XM_003335609.2	1458	1259	3	34.1678
XM_003335610.1	312	113	0	0
XM_003335611.2	435	236	0	0
XM_003335613.1	720	521	0	0
XM_003335614.2	546	347	0	0
XM_003335615.1	537	338	0	0
XM_003335616.1	498	299	0	0
XM_003335618.2	1243	1044	0	0
XM_003335621.2	2112	1913	0	0
XM_003335622.2	667	468	0	0
XM_003335623.2	1860	1661	1	8.6328
XM_003335624.2	807	608	5.6	132.071
XM_003335625.2	478	279	0	0
XM_003335626.1	723	524	0	0
XM_003335628.1	1008	809	0	0
XM_003335629.2	1316	1117	0.30712	3.94254
XM_003335630.2	906	707	0.161329	3.272
XM_003335631.2	303	104	0	0
XM_003335632.2	678	479	0	0
XM_003335633.2	3890	3691	72	279.711
XM_003335635.1	309	110	0	0
XM_003335637.2	2224	2025	3	21.2431
XM_003335638.2	1878	1679	0	0
XM_003335641.1	819	620	1	23.1276
XM_003335642.2	771	572	1	25.0683
XM_003335643.2	1811	1612	5	44.4761
XM_003335644.2	807	608	1709	40305.1
XM_003335645.2	766	567	2537	64159.2
XM_003335646.2	279	80.003	25	4480.8
XM_003335647.2	1356	1157	0	0
XM_003335648.2	894	695	0	0
XM_003335650.1	249	50.3754	0	0
XM_003335651.1	408	209	0	0
XM_003335653.2	1851	1652	0	0
XM_003335654.2	734	535	0	0
XM_003335655.2	1515	1316	7	76.2717
XM_003335656.2	2719	2520	0	0
XM_003335657.2	1881	1682	7	59.6752
XM_003335659.1	864	665	2	43.1251
XM_003335660.2	2922	2723	13	68.4569
XM_003335661.2	963	764	1	18.7684
XM_003335662.2	1464	1265	0	0
XM_003335663.2	1948	1749	1	8.19845
XM_003335664.2	1032	833	2	34.4276
XM_003335665.2	1598	1399	2	20.4991
XM_003335667.2	2751	2552	2	11.2375
XM_003335668.1	396	197	2	145.574
XM_003335669.2	938	739	1	19.4034
XM_003335670.2	2268	2069	8	55.4435
XM_003335671.2	1330	1131	3	38.0347
XM_003335673.2	1077	878	0	0
XM_003335674.1	399	200	0	0
XM_003335675.2	919	720	0	0
XM_003335676.1	474	275	0	0
XM_003335678.2	1601	1402	4	40.9104
XM_003335679.2	1845	1646	13	113.249
XM_003335680.1	672	473	1	30.3152
XM_003335681.2	1704	1505	2	19.0553
XM_003335684.2	4239	4040	1	3.54928
XM_003335685.2	1177	978	0	0
XM_003335686.2	626	427	12	402.972
XM_003335687.2	991	792	0	0
XM_003335688.1	654	455	0	0
XM_003335689.2	1354	1155	0	0
XM_003335690.2	1502	1303	0	0
XM_003335691.2	306	107	0	0
XM_003335692.2	768	569	0	0
XM_003335693.2	5227	5028	1	2.85185
XM_003335694.2	1220	1021	0	0
XM_003335696.2	693	494	3	87.0795
XM_003335697.1	627	428	0	0
XM_003335698.2	1098	899	0	0
XM_003335699.2	2274	2075	0	0
XM_003335700.1	330	131	0	0
XM_003335703.2	453	254	0	0
XM_003335704.2	2225	2026	0	0
XM_003335705.1	942	743	0	0
XM_003335706.2	2163	1964	26	189.825
XM_003335707.2	1764	1565	1	9.16236
XM_003335708.2	1317	1118	1	12.8257
XM_003335709.2	168	9.06081	0	0
XM_003335712.2	2363	2164	4	26.5048
XM_003335714.1	918	719	0	0
XM_003335715.2	738	539	0	0
XM_003335716.2	1027	828	4	69.2709
XM_003335718.1	2637	2438	1	5.8815
XM_003335719.2	911	712	0	0
XM_003335720.2	483	284	0	0
XM_003335721.2	1910	1711	7	58.6637
XM_003335722.2	783	584	0	0
XM_003335723.1	918	719	0	0
XM_003335725.2	708	509	1	28.1711
XM_003335726.2	2141	1942	23	169.824
XM_003335727.1	2739	2540	1	5.64531
XM_003335728.2	1824	1625	0	0
XM_003335730.2	2270	2071	5	34.6188
XM_003335731.2	2130	1931	0	0
XM_003335732.2	849	650	0	0
XM_003335733.2	2649	2450	1	5.85269
XM_003335735.2	174	9.99669	0	0
XM_003335736.2	2779	2580	3	16.6734
XM_003335737.2	1471	1272	0	0
XM_003335738.2	793	594	0	0
XM_003335739.2	1245	1046	0	0
XM_003335740.2	477	278	32	1650.54
XM_003335741.2	5736	5537	3	7.76906
XM_003335743.1	2061	1862	0	0
XM_003335744.1	2088	1889	0	0
XM_003335745.2	1860	1661	0	0
XM_003335746.2	1782	1583	25	226.454
XM_003335747.2	759	560	2	51.211
XM_003335748.2	736	537	13	347.129
XM_003335749.2	246	47.5399	44	13271.4
XM_003335750.2	1236	1037	0	0
XM_003335752.1	804	605	0	0
XM_003335753.2	2016	1817	1	7.89163
XM_003335756.2	1502	1303	0	0
XM_003335758.2	1442	1243	0	0
XM_003335761.2	1513	1314	17	185.513
XM_003335762.2	325	126	0	0
XM_003335765.2	589	390	11	404.436
XM_003335766.1	1095	896	0	0
XM_003335768.1	480	281	0	0
XM_003335769.1	414	215	0	0
XM_003335770.1	387	188	0	0
XM_003335771.2	1475	1276	0	0
XM_003335772.2	1905	1706	0	0
XM_003335773.2	1573	1374	2	20.872
XM_003335774.2	1118	919	0	0
XM_003335775.1	1887	1688	4	33.9789
XM_003335776.2	1656	1457	0	0
XM_003335779.1	447	248	0	0
XM_003335780.1	804	605	2	47.4019
XM_003335781.2	327	128	0	0
XM_003335782.2	1227	1028	0	0
XM_003335783.2	870	671	0	0
XM_003335784.2	1214	1015	4	56.5087
XM_003335785.2	453	254	0	0
XM_003335786.2	3357	3158	2	9.08112
XM_003335787.1	384	185	0	0
XM_003335788.1	369	170	0	0
XM_003335789.2	1406	1207	0	0
XM_003335790.2	366	167	0	0
XM_003335791.2	669	470	0	0
XM_003335793.2	873	674	10	212.746
XM_003335801.1	4374	4175	2	6.86902
XM_003335802.2	1827	1628	0	0
XM_003335803.2	2181	1982	2	14.4693
XM_003335805.2	834	635	0	0
XM_003335806.2	1661	1462	6	58.8471
XM_003335807.1	669	470	0	0
XM_003335808.2	3108	2909	2	9.85843
XM_003335812.2	537	338	0	0
XM_003335813.1	1080	881	0	0
XM_003335814.2	1378	1179	0	0
XM_003335816.2	534	335	0	0
XM_003335818.2	2875	2676	1	5.3584
XM_003335819.2	2446	2247	1	6.38144
XM_003335820.2	975	776	2	36.9564
XM_003335821.1	363	164	0	0
XM_003335822.2	1137	938	2	30.5737
XM_003335823.1	390	191	0	0
XM_003335826.2	2870	2671	0	0
XM_003335827.2	1284	1085	2	26.4315
XM_003335828.2	1849	1650	1	8.69036
XM_003335829.2	288	89.0004	0	0
XM_003335830.1	777	578	0	0
XM_003335831.1	1382	1183	13.1835	159.797
XM_003335836.2	1040	841	3	51.1501
XM_003335838.2	3338	3139	7	31.9763
XM_003335839.1	525	326	0	0
XM_003335840.2	2448	2249	5	31.8788
XM_003335841.2	1415	1216	20	235.84
XM_003335842.2	2485	2286	0	0
XM_003335843.2	1897	1698	5	42.2235
XM_003335844.2	366	167	0	0
XM_003335845.2	851	652	2	43.9849
XM_003335846.2	1262	1063	0	0
XM_003335847.2	921	722	2	39.7205
XM_003335849.1	360	161	0	0
XM_003335850.2	2105	1906	1	7.52313
XM_003335854.2	1597	1398	0	0
XM_003335855.1	498	299	0	0
XM_003335858.2	497	298	0	0
XM_003335859.2	7518	7319	7	13.7141
XM_003335860.1	522	323	0	0
XM_003335862.2	2439	2240	3.65761	23.4138
XM_003335865.2	663	464	0	0
XM_003335866.2	639	440	0	0
XM_003335867.2	2038	1839	1	7.79722
XM_003335868.2	407	208	0	0
XM_003335870.2	357	158	0	0
XM_003335873.2	573	374	0	0
XM_003335874.2	2628	2429	16.317	96.3238
XM_003335876.2	411	212	0	0
XM_003335877.1	558	359	0	0
XM_003335880.2	294	95.0001	0	0
XM_003335881.2	1053	854	4	67.162
XM_003335883.1	2262	2063	0	0
XM_003335886.2	3023	2824	3	15.2327
XM_003335889.2	1242	1043	2	27.4959
XM_003335890.2	1152	953	0	0
XM_003335894.2	1426	1227	2	23.3726
XM_003335895.2	2091	1892	0	0
XM_003335897.2	2343	2144	0	0
XM_003335899.2	956	757	0	0
XM_003335901.2	2277	2078	4	27.6017
XM_003335902.1	507	308	0	0
XM_003335903.2	1434	1235	0	0
XM_003335904.1	1059	860	0	0
XM_003335906.2	633	434	0	0
XM_003335908.2	563	364	0	0
XM_003335909.2	936	737	19	369.664
XM_003335910.1	807	608	3	70.7521
XM_003335911.2	432	233	0	0
XM_003335912.2	791	592	0	0
XM_003335913.2	1029	830	0	0
XM_003335914.2	445	246	1	58.289
XM_003335916.1	672	473	0	0
XM_003335917.1	789	590	0	0
XM_003335918.2	681	482	0	0
XM_003335925.2	1989	1790	7	56.0746
XM_003335926.2	336	137	0	0
XM_003335927.2	2502	2303	0	0
XM_003335928.1	2220	2021	0	0
XM_003335929.1	1332	1133	0	0
XM_003335930.2	1232	1033	0	0
XM_003335931.2	852	653	0	0
XM_003335932.2	351	152	0	0
XM_003335934.2	869	670	0	0
XM_003335936.2	1023	824	0	0
XM_003335937.2	718	519	0	0
XM_003335939.2	1188	989	0	0
XM_003335940.2	348	149	3	288.706
XM_003335942.2	423	224	0	0
XM_003335943.2	2160	1961	8	58.497
XM_003335944.2	3112	2913	1	4.92245
XM_003335945.1	795	596	0	0
XM_003335948.2	431	232	0	0
XM_003335949.2	760	561	5	127.799
XM_003335950.2	849	650	0	0
XM_003335951.2	618	419	0	0
XM_003335952.2	1260	1061	0	0
XM_003335953.2	1653	1454	5	49.3091
XM_003335954.2	641	442	17	551.503
XM_003335955.2	663	464	1	30.9032
XM_003335956.2	2974	2775	2	10.3345
XM_003335957.1	489	290	0	0
XM_003335959.2	1608	1409	2	20.3536
XM_003335961.2	1896	1697	0	0
XM_003335962.2	1560	1361	8	84.2856
XM_003335963.2	1302	1103	0	0
XM_003335964.2	2372	2173	3	19.7963
XM_003335965.1	303	104	0	0
XM_003335966.2	2289	2090	42	288.154
XM_003335967.2	2347	2148	0	0
XM_003335968.2	2466	2267	3	18.9754
XM_003335970.2	2186	1987	1	7.21645
XM_003335971.2	948	749	0	0
XM_003335975.2	1311	1112	0	0
XM_003335976.1	426	227	0	0
XM_003335978.2	732	533	0	0
XM_003335979.2	1499	1300	8	88.2405
XM_003335980.2	2637	2438	0	0
XM_003335981.2	6237	6038	0	0
XM_003335982.2	645	446	0	0
XM_003335983.2	2287	2088	0	0
XM_003335984.2	962	763	28	526.205
XM_003335985.2	519	320	1	44.8096
XM_003335987.2	3241	3042	2	9.42741
XM_003335988.2	3163	2964	0	0
XM_003335989.2	569	370	0	0
XM_003335990.2	441	242	0	0
XM_003335991.2	489	290	0	0
XM_003335993.2	418	219	0	0
XM_003335994.2	3170	2971	1	4.82635
XM_003335995.2	3853	3654	5	19.6211
XM_003335996.1	609	410	0	0
XM_003335998.2	4854	4655	5	15.4018
XM_003335999.1	327	128	0	0
XM_003336000.2	1822	1623	5	44.1746
XM_003336001.2	537	338	0	0
XM_003336003.2	1237	1038	0	0
XM_003336004.2	3370	3171	10	45.2194
XM_003336005.2	2583	2384	24	144.353
XM_003336006.1	348	149	0	0
XM_003336007.1	1080	881	0	0
XM_003336008.2	696	497	0	0
XM_003336009.2	462	263	0	0
XM_003336010.2	943	744	19	366.186
XM_003336011.2	2213	2014	1	7.11971
XM_003336012.1	596	397	0	0
XM_003336013.2	3270	3071	1	4.66919
XM_003336014.2	1511	1312	2	21.8584
XM_003336015.2	1206	1007	16	227.831
XM_003336016.2	684	485	1	29.5651
XM_003336017.2	1284	1085	0	0
XM_003336021.2	5215	5016	3	8.57601
XM_003336022.2	1997	1798	0	0
XM_003336024.2	3619	3420	13	54.5053
XM_003336025.2	1927	1728	1	8.29808
XM_003336026.2	529	330	1	43.4518
XM_003336027.2	4189	3990	2	7.18751
XM_003336028.2	1257	1058	0	0
XM_003336029.2	1908	1709	0	0
XM_003336030.2	3576	3377	0	0
XM_003336031.2	600	401	0	0
XM_003336032.2	3097	2898	2	9.89585
XM_003336033.2	1202	1003	15	214.443
XM_003336034.2	1351	1152	1	12.4471
XM_003336035.2	1192	993	1.9991	28.8673
XM_003336036.2	1879	1680	4	34.1407
XM_003336037.2	1472	1273	0	0
XM_003336039.2	626	427	0	0
XM_003336042.1	939	740	0	0
XM_003336043.2	3452	3253	6	26.4477
XM_003336044.2	1175	976	0	0
XM_003336046.2	1191	992	3	43.3642
XM_003336047.1	309	110	0	0
XM_003336048.2	1254	1055	5	67.9578
XM_003336049.2	210	20.9285	3	2055.44
XM_003336050.2	865	666	0	0
XM_003336051.2	1244	1045	3	41.1648
XM_003336052.2	1126	927	0	0
XM_003336053.2	1380	1181	0	0
XM_003336054.2	786	587	0	0
XM_003336055.2	5404	5205	4	11.0195
XM_003336056.2	1468	1269	6	67.7971
XM_003336057.2	1565	1366	0	0
XM_003336058.2	1170	971	3	44.302
XM_003336059.2	3680	3481	1	4.11924
XM_003336060.2	2129	1930	0	0
XM_003336062.2	1221	1022	7	98.2129
XM_003336063.2	1133	934	0	0
XM_003336064.2	1491	1292	2	22.1967
XM_003336065.2	1290	1091	1	13.1431
XM_003336066.2	1104	905	3	47.5329
XM_003336067.2	228	32.1317	0	0
XM_003336068.2	3754	3555	3	12.1005
XM_003336069.2	906	707	0	0
XM_003336070.1	1134	935	0	0
XM_003336073.2	1234	1035	15	207.813
XM_003336074.2	2124	1925	0	0
XM_003336075.1	366	167	0	0
XM_003336076.1	414	215	0	0
XM_003336077.2	507	308	0	0
XM_003336078.2	414	215	0	0
XM_003336079.2	1831	1632	2	17.5724
XM_003336081.1	1161	962	1	14.9055
XM_003336082.2	1145	946	0	0
XM_003336083.2	1125	926	1	15.485
XM_003336084.2	1818	1619	0	0
XM_003336085.2	929	730	1	19.6426
XM_003336086.2	720	521	0	0
XM_003336087.2	1201	1002	10	143.105
XM_003336088.2	467	268	0	0
XM_003336091.1	1752	1553	0	0
XM_003336092.2	5963	5764	13	32.3401
XM_003336093.2	631	432	0	0
XM_003336095.2	1424	1225	3.62901	42.479
XM_003336096.2	434	235	0	0
XM_003336098.2	2128	1929	2	14.8669
XM_003336101.2	1610	1411	1	10.1624
XM_003336102.2	3140	2941	0	0
XM_003336106.2	972	773	0	0
XM_003336108.2	628	429	0	0
XM_003336109.2	2708	2509	1	5.71506
XM_003336112.2	2402	2203	1	6.50889
XM_003336113.2	1487	1288	1.62832	18.1278
XM_003336114.2	1852	1653	1	8.67458
XM_003336115.2	1166	967	4	59.3137
XM_003336116.2	1522	1323	0	0
XM_003336118.2	1338	1139	2	25.1784
XM_003336119.2	1913	1714	0.00291546	0.0243903
XM_003336120.1	438	239	0	0
XM_003336121.2	4147	3948	6	21.7919
XM_003336122.2	2119	1920	3	22.4048
XM_003336124.2	1740	1541	0	0
XM_003336126.1	366	167	0	0
XM_003336127.2	3021	2822	15.1854	77.1595
XM_003336131.2	195	14.9308	0	0
XM_003336133.2	399	200	0	0
XM_003336135.2	282	83.0016	0	0
XM_003336136.2	1294	1095	21	274.996
XM_003336137.2	4199	4000	0	0
XM_003336138.2	342	143	3	300.82
XM_003336139.2	1691	1492	2	19.2213
XM_003336140.2	1352	1153	4	49.7453
XM_003336143.2	1172	973	4.44386	65.4891
XM_003336145.2	381	182	0	0
XM_003336146.1	381	182	0	0
XM_003336149.1	1608	1409	0	0
XM_003336150.2	1179	980	0	0
XM_003336151.2	1341	1142	10	125.561
XM_003336152.2	1123	924	0	0
XM_003336153.2	1120	921	2	31.1381
XM_003336154.2	603	404	0	0
XM_003336155.2	408	209	0	0
XM_003336156.2	3303	3104	1	4.61955
XM_003336158.2	1966	1767	0	0
XM_003336159.2	2443	2244	0	0
XM_003336162.2	2566	2367	0	0
XM_003336163.2	2823	2624	1	5.46459
XM_003336164.2	453	254	0	0
XM_003336165.2	2223	2024	1	7.08453
XM_003336166.2	409	210	1	68.2814
XM_003336167.2	560	361	0	0
XM_003336170.2	4815	4616	1	3.10639
XM_003336173.2	692	493	0	0
XM_003336175.2	1368	1169	3	36.7983
XM_003336176.2	2281	2082	0	0
XM_003336177.1	645	446	0	0
XM_003336178.2	1610	1411	1	10.1624
XM_003336179.2	2450	2251	24	152.882
XM_003336180.1	411	212	0	0
XM_003336181.1	306	107	0	0
XM_003336182.2	1251	1052	0	0
XM_003336183.2	1567	1368	0	0
XM_003336184.1	303	104	0	0
XM_003336185.2	324	125	0	0
XM_003336186.2	4085	3886	24	88.5584
XM_003336188.2	1152	953	0	0
XM_003336189.2	908	709	2	40.4488
XM_003336190.1	1419	1220	0	0
XM_003336191.1	657	458	0	0
XM_003336192.2	285	86.0009	0	0
XM_003336193.1	522	323	0	0
XM_003336194.2	477	278	0	0
XM_003336196.2	1253	1054	0	0
XM_003336197.1	2430	2231	0	0
XM_003336199.2	965	766	3	56.1583
XM_003336200.2	837	638	0	0
XM_003336201.1	4194	3995	1	3.58926
XM_003336203.2	2508	2309	0	0
XM_003336204.2	2184	1985	0	0
XM_003336205.2	1073	874	2	32.8126
XM_003336206.2	1710	1511	1.09255	10.3681
XM_003336207.1	327	128	1.90745	213.68
XM_003336208.1	654	455	0	0
XM_003336210.2	1347	1148	0	0
XM_003336214.2	270	71.016	0	0
XM_003336215.1	501	302	0	0
XM_003336222.2	171	9.50903	0	0
XM_003336223.2	510	311	0	0
XM_003336224.2	666	467	0	0
XM_003336225.2	2087	1888	2	15.1897
XM_003336226.2	1877	1678	1.75207e-07	1.4972e-06
XM_003336227.1	693	494	0	0
XM_003336231.2	1818	1619	2	17.7135
XM_003336232.1	693	494	0	0
XM_003336233.1	414	215	0	0
XM_003336234.1	828	629	0	0
XM_003336236.2	1218	1019	37	520.654
XM_003336237.2	707	508	0	0
XM_003336241.2	1155	956	0	0
XM_003336242.2	1148	949	0	0
XM_003336243.2	870	671	0	0
XM_003336244.2	1244	1045	13	178.381
XM_003336245.2	3199	3000	0	0
XM_003336246.2	616	417	0	0
XM_003336247.2	918	719	0	0
XM_003336248.2	5771	5572	4	10.2937
XM_003336250.2	1176	977	0	0
XM_003336251.2	1116	917	0	0
XM_003336252.2	1107	908	0	0
XM_003336253.2	937	738	11	213.726
XM_003336254.2	3760	3561	16	64.4272
XM_003336257.2	1935	1736	0	0
XM_003336261.2	1245	1046	43	589.465
XM_003336262.1	546	347	0	0
XM_003336265.2	441	242	0	0
XM_003336266.2	1764	1565	3	27.4871
XM_003336268.1	813	614	0	0
XM_003336270.2	1733	1534	2	18.695
XM_003336271.2	2208	2009	0	0
XM_003336272.1	1620	1421	0	0
XM_003336273.2	462	263	0	0
XM_003336275.1	741	542	0	0
XM_003336276.1	831	632	0	0
XM_003336278.2	864	665	0	0
XM_003336280.2	969	770	0	0
XM_003336282.2	867	668	0	0
XM_003336283.1	663	464	0	0
XM_003336284.1	702	503	0	0
XM_003336285.1	861	662	0	0
XM_003336286.2	1063	864	22	365.116
XM_003336287.2	1963	1764	1	8.12873
XM_003336288.2	1373	1174	4	48.8555
XM_003336289.2	960	761	0	0
XM_003336293.2	765	566	0	0
XM_003336295.1	516	317	0	0
XM_003336296.1	909	710	0	0
XM_003336299.2	321	122	0	0
XM_003336301.2	1117	918	0	0
XM_003336302.2	1444	1245	1	11.5173
XM_003336306.2	384	185	0	0
XM_003336307.1	1431	1232	0	0
XM_003336311.2	351	152	0	0
XM_003336313.1	351	152	0	0
XM_003336316.2	1088	889	1	16.1295
XM_003336317.2	2754	2555	3	16.8365
XM_003336318.2	1248	1049	0	0
XM_003336319.2	1220	1021	5	70.2208
XM_003336320.2	704	505	0	0
XM_003336321.2	723	524	0	0
XM_003336323.2	1804	1605	1	8.93401
XM_003336324.2	2020	1821	3.65663	28.7933
XM_003336325.1	369	170	0	0
XM_003336326.2	2293	2094	0	0
XM_003336327.1	222	27.8721	0	0
XM_003336328.1	684	485	0	0
XM_003336329.2	2004	1805	0	0
XM_003336332.2	963	764	1	18.7684
XM_003336333.2	1026	827	0	0
XM_003336334.2	5199	5000	2	5.73563
XM_003336335.2	2411	2212	2	12.9648
XM_003336336.2	2898	2699	2	10.6255
XM_003336338.2	1215	1016	0	0
XM_003336339.2	366	167	4	343.451
XM_003336340.2	989	790	0	0
XM_003336341.2	5531	5332	5	13.4463
XM_003336344.1	333	134	3	321.024
XM_003336348.2	3204	3005	0	0
XM_003336349.2	1575	1376	0	0
XM_003336350.2	1221	1022	1	14.0304
XM_003336354.2	1014	815	0	0
XM_003336355.2	2025	1826	1	7.85273
XM_003336357.2	1797	1598	7	62.812
XM_003336361.2	2738	2539	2	11.2951
XM_003336362.2	2381	2182	0	0
XM_003336363.2	1764	1565	5	45.8118
XM_003336364.2	4730	4531	4	12.6587
XM_003336365.1	702	503	0	0
XM_003336367.1	1284	1085	0	0
XM_003336368.2	465	266	0	0
XM_003336369.1	1212	1013	0	0
XM_003336372.2	938	739	0	0
XM_003336373.2	1641	1442	0	0
XM_003336374.2	1917	1718	5.65823	47.2257
XM_003336375.2	1242	1043	0	0
XM_003336378.2	440	241	0	0
XM_003336379.2	2100	1901	0	0
XM_003336380.2	802	603	0	0
XM_003336382.2	2362	2163	0	0
XM_003336383.2	918	719	0	0
XM_003336385.2	2133	1934	0	0
XM_003336386.1	390	191	0	0
XM_003336387.2	411	212	0	0
XM_003336388.2	1015	816	0	0
XM_003336389.2	1593	1394	0	0
XM_003336391.2	597	398	0	0
XM_003336393.2	1174	975	6	88.2405
XM_003336394.2	4796	4597	1	3.11923
XM_003336395.2	2985	2786	2	10.2937
XM_003336396.1	552	353	0	0
XM_003336397.2	276	77.0053	0	0
XM_003336398.1	1545	1346	0	0
XM_003336399.1	537	338	0	0
XM_003336400.1	1560	1361	0	0
XM_003336401.2	666	467	0	0
XM_003336402.2	2780	2581	1	5.55563
XM_003336403.2	417	218	0	0
XM_003336405.1	3486	3287	0	0
XM_003336410.1	1092	893	0	0
XM_003336412.2	870	671	0	0
XM_003336417.2	2712	2513	0	0
XM_003336418.2	927	728	0	0
XM_003336419.2	912	713	0	0
XM_003336420.2	2118	1919	4.82406	36.0462
XM_003336422.2	261	62.0706	0	0
XM_003336423.1	330	131	0	0
XM_003336424.2	879	680	0	0
XM_003336425.2	1193	994	4	57.7026
XM_003336426.1	306	107	0	0
XM_003336431.1	426	227	0	0
XM_003336432.2	1539	1340	2	21.4016
XM_003336433.2	1263	1064	0	0
XM_003336434.1	525	326	5	219.925
XM_003336435.2	1666	1467	1	9.77443
XM_003336436.2	1579	1380	2	20.7813
XM_003336437.2	345	146	0	0
XM_003336438.2	3504	3305	0	0
XM_003336439.1	333	134	0	0
XM_003336441.2	2779	2580	2	11.1156
XM_003336442.2	558	359	0	0
XM_003336444.1	1017	818	0	0
XM_003336445.1	717	518	0	0
XM_003336446.2	285	86.0009	0	0
XM_003336448.1	2187	1988	0	0
XM_003336449.2	1899	1700	0	0
XM_003336450.2	408	209	0	0
XM_003336451.2	1285	1086	1.95798	25.8524
XM_003336452.2	2142	1943	1	7.37987
XM_003336453.1	726	527	0	0
XM_003336454.1	861	662	0	0
XM_003336455.2	322	123	0	0
XM_003336456.2	1004	805	2	35.6251
XM_003336457.2	2300	2101	0	0
XM_003336458.2	1140	941	0	0
XM_003336459.2	3838	3639	6	23.6424
XM_003336461.1	2166	1967	0	0
XM_003336462.1	846	647	0	0
XM_003336464.1	588	389	0	0
XM_003336466.2	1482	1283	0	0
XM_003336467.2	1014	815	0	0
XM_003336468.2	1721	1522	2	18.8424
XM_003336470.2	2439	2240	0	0
XM_003336471.2	447	248	0	0
XM_003336472.1	498	299	0	0
XM_003336473.2	1479	1280	0	0
XM_003336474.1	537	338	1	42.4233
XM_003336476.2	2565	2366	0	0
XM_003336477.2	1868	1669	0	0
XM_003336479.2	1310	1111	0	0
XM_003336480.2	1897	1698	13.3418	112.667
XM_003336481.2	1750	1551	0	0
XM_003336485.2	435	236	0	0
XM_003336486.1	522	323	0	0
XM_003336488.1	333	134	0	0
XM_003336491.1	1242	1043	0	0
XM_003336492.1	3378	3179	0	0
XM_003336494.1	1563	1364	0	0
XM_003336495.2	1746	1547	0	0
XM_003336499.2	1500	1301	0	0
XM_003336505.1	765	566	0	0
XM_003336508.2	1158	959	0	0
XM_003336509.2	311	112	0	0
XM_003336510.1	387	188	0	0
XM_003336514.2	693	494	0	0
XM_003336515.2	3448	3249	1	4.41338
XM_003336516.1	1401	1202	0	0
XM_003336517.2	3170	2971	2	9.6527
XM_003336519.2	1332	1133	0	0
XM_003336520.2	3321	3122	0	0
XM_003336521.1	864	665	0	0
XM_003336522.2	396	197	0	0
XM_003336523.1	765	566	0	0
XM_003336524.2	621	422	0	0
XM_003336527.2	1598	1399	0	0
XM_003336528.2	740	541	0	0
XM_003336529.2	1732	1533	10	93.5361
XM_003336530.2	882	683	0	0
XM_003336531.2	771	572	0	0
XM_003336533.2	369	170	0	0
XM_003336534.2	564	365	0	0
XM_003336535.2	1342	1143	1	12.5451
XM_003336536.2	2232	2033	0	0
XM_003336537.2	2178	1979	0	0
XM_003336538.2	891	692	3	62.1637
XM_003336539.2	1728	1529	114	1069.1
XM_003336546.2	489	290	0	0
XM_003336547.2	645	446	0	0
XM_003336548.2	918	719	0	0
XM_003336550.2	1815	1616	6	53.2392
XM_003336551.2	1034	835	5	85.8628
XM_003336552.1	1464	1265	8	90.682
XM_003336554.2	2845	2646	1	5.41916
XM_003336556.2	510	311	0	0
XM_003336557.1	2310	2111	0	0
XM_003336559.2	441	242	0	0
XM_003336560.2	1056	857	0	0
XM_003336561.1	498	299	0	0
XM_003336563.2	333	134	0	0
XM_003336564.2	291	92.0002	0	0
XM_003336568.2	1443	1244	0	0
XM_003336569.1	375	176	0	0
XM_003336571.2	543	344	0	0
XM_003336576.2	3882	3683	0	0
XM_003336578.1	765	566	0	0
XM_003336581.2	1878	1679	0	0
XM_003336582.2	1140	941	0	0
XM_003336585.1	441	242	0	0
XM_003336593.1	429	230	0	0
XM_003336594.2	987	788	0	0
XM_003336595.2	528	329	0	0
XM_003336596.2	1209	1010	0	0
XM_003336597.2	474	275	0	0
XM_003336600.2	2769	2570	0	0
XM_003336603.2	1563	1364	0	0
XM_003336604.2	1746	1547	0	0
XM_003336607.2	1382	1183	6	72.7257
XM_003336609.2	375	176	0	0
XM_003336612.2	1243	1044	0	0
XM_003336613.2	1348	1149	4	49.9185
XM_003336614.2	4283	4084	8	28.0883
XM_003336616.1	495	296	0	0
XM_003336618.1	747	548	0	0
XM_003336619.2	1629	1430	0	0
XM_003336620.1	1386	1187	0	0
XM_003336621.2	2343	2144	2	13.376
XM_003336624.2	1654	1455	2	19.7101
XM_003336625.2	249	50.3754	1	284.645
XM_003336626.2	3265	3066	11	51.4449
XM_003336627.1	402	203	0	0
XM_003336628.1	435	236	0	0
XM_003336630.2	721	522	0	0
XM_003336633.2	1909	1710	3	25.1563
XM_003336635.2	1861	1662	5	43.138
XM_003336636.1	366	167	0	0
XM_003336637.2	1275	1076	0	0
XM_003336638.2	357	158	0	0
XM_003336639.2	1149	950	0	0
XM_003336640.2	812	613	16	374.267
XM_003336641.2	735	536	0	0
XM_003336645.2	1971	1772	0	0
XM_003336647.2	3755	3556	0	0
XM_003336652.1	333	134	0	0
XM_003336655.2	1735	1536	1	9.33534
XM_003336658.2	741	542	1	26.4559
XM_003336659.1	381	182	0	0
XM_003336660.2	369	170	0	0
XM_003336661.1	816	617	0	0
XM_003336662.2	2282	2083	2.83177	19.4935
XM_003336666.2	1275	1076	2	26.6526
XM_003336668.2	2919	2720	1	5.27172
XM_003336669.2	1235	1036	0	0
XM_003336670.2	2472	2273	0	0
XM_003336671.2	4337	4138	2	6.93044
XM_003336676.2	606	407	0	0
XM_003336682.2	4362	4163	2	6.88882
XM_003336686.2	270	71.016	0	0
XM_003336687.2	483	284	0	0
XM_003336688.2	1045	846	1	16.9493
XM_003336690.2	704	505	13	369.125
XM_003336691.2	225	29.9375	0	0
XM_003336692.1	546	347	0	0
XM_003336694.2	3290	3091	1	4.63898
XM_003336696.2	1460	1261	3	34.1136
XM_003336697.2	634	435	0	0
XM_003336698.1	393	194	0	0
XM_003336699.1	384	185	0	0
XM_003336700.1	882	683	0	0
XM_003336701.1	381	182	0	0
XM_003336703.2	1062	863	0	0
XM_003336704.1	996	797	1	17.9913
XM_003336705.1	369	170	0	0
XM_003336706.2	2797	2598	0	0
XM_003336707.2	1542	1343	0	0
XM_003336708.2	680	481	0	0
XM_003336709.2	1536	1337	0	0
XM_003336710.1	669	470	0	0
XM_003336711.2	1029	830	0	0
XM_003336712.2	1215	1016	0	0
XM_003336716.2	3569	3370	2	8.50984
XM_003336717.2	2390	2191	15.8767	103.906
XM_003336718.2	888	689	0	0
XM_003336719.2	4424	4225	0	0
XM_003336720.2	537	338	0	0
XM_003336721.2	1657	1458	6	59.0086
XM_003336722.2	309	110	0	0
XM_003336727.2	1506	1307	1	10.971
XM_003336728.2	1953	1754	1	8.17508
XM_003336731.1	966	767	0	0
XM_003336732.2	546	347	0	0
XM_003336733.1	288	89.0004	0	0
XM_003336736.2	1380	1181	1	12.1415
XM_003336737.2	2038	1839	2	15.5944
XM_003336739.2	3622	3423	1	4.18904
XM_003336740.2	1135	936	7	107.237
XM_003336741.2	1632	1433	0	0
XM_003336742.2	866	667	42	902.911
XM_003336743.1	489	290	0	0
XM_003336744.2	1188	989	0	0
XM_003336745.2	1380	1181	0	0
XM_003336746.2	2007	1808	12	95.1709
XM_003336747.2	2411	2212	1	6.48241
XM_003336750.2	1797	1598	1	8.97315
XM_003336751.2	1773	1574	0	0
XM_003336752.1	387	188	0	0
XM_003336754.2	1647	1448	0	0
XM_003336755.2	1244	1045	1	13.7216
XM_003336756.2	2929	2730	2.01201	10.5679
XM_003336758.2	1262	1063	3	40.4678
XM_003336759.2	941	742	0	0
XM_003336760.2	866	667	0	0
XM_003336761.1	3402	3203	0	0
XM_003336762.2	2163	1964	0	0
XM_003336766.2	384	185	0	0
XM_003336770.2	1275	1076	0	0
XM_003336771.1	1152	953	0	0
XM_003336772.2	765	566	0	0
XM_003336773.1	582	383	0	0
XM_003336776.2	513	314	0	0
XM_003336777.1	1590	1391	0	0
XM_003336778.1	468	269	0	0
XM_003336779.2	1299	1100	0	0
XM_003336780.2	910	711	1	20.1675
XM_003336781.2	1521	1322	0	0
XM_003336783.1	582	383	0	0
XM_003336784.2	1198	999	75.1531	1078.71
XM_003336785.2	1836	1637	0	0
XM_003336786.2	2511	2312	0	0
XM_003336787.1	1089	890	0	0
XM_003336788.2	1382	1183	2	24.2419
XM_003336789.1	1716	1517	0	0
XM_003336790.2	838	639	0	0
XM_003336791.2	2644	2445	0	0
XM_003336792.2	492	293	0	0
XM_003336793.2	355	156	0	0
XM_003336794.2	1011	812	0	0
XM_003336795.1	885	686	0	0
XM_003336796.1	486	287	0	0
XM_003336798.1	642	443	0	0
XM_003336799.2	2676	2477	0	0
XM_003336800.2	1257	1058	0	0
XM_003336807.2	2683	2484	1	5.77258
XM_003336809.1	606	407	0	0
XM_003336811.2	1201	1002	0.447934	6.41014
XM_003336812.2	1905	1706	1	8.40509
XM_003336814.2	285	86.0009	0	0
XM_003336815.2	1217	1018	0	0
XM_003336816.2	1454	1255	2.43933	27.8707
XM_003336817.2	1439	1240	2	23.1276
XM_003336819.2	1217	1018	5.61107	79.0349
XM_003336820.2	759	560	2	51.211
XM_003336821.1	723	524	0	0
XM_003336822.1	975	776	0	0
XM_003336823.2	315	116	0	0
XM_003336825.2	1425	1226	1	11.6958
XM_003336826.2	1044	845	0	0
XM_003336827.2	741	542	0	0
XM_003336828.2	678	479	0	0
XM_003336831.2	888	689	0	0
XM_003336833.2	537	338	0	0
XM_003336834.2	517	318	0	0
XM_003336835.2	1249	1050	2	27.3125
XM_003336837.1	540	341	0	0
XM_003336840.2	619	420	0	0
XM_003336847.2	1802	1603	3	26.8355
XM_003336848.2	750	551	0	0
XM_003336849.2	1788	1589	2	18.0479
XM_003336850.1	396	197	0	0
XM_003336851.1	2115	1916	0	0
XM_003336852.2	2696	2497	0	0
XM_003336853.2	1230	1031	1.54974	21.5538
XM_003336854.2	1563	1364	2	21.0251
XM_003336855.2	1234	1035	89	1233.02
XM_003336856.2	1080	881	1	16.2759
XM_003336857.2	895	696	8	164.817
XM_003336859.2	309	110	0	0
XM_003336862.1	585	386	0	0
XM_003336865.2	2349	2150	32	213.419
XM_003336867.2	1149	950	1	15.0938
XM_003336868.2	3896	3697	2	7.75715
XM_003336871.2	1071	872	0	0
XM_003336872.1	906	707	0	0
XM_003336873.1	342	143	0	0
XM_003336879.2	1142	943	0	0
XM_003336880.2	216	24.1385	0	0
XM_003336883.1	1089	890	0	0
XM_003336884.2	456	257	0	0
XM_003336885.2	459	260	0	0
XM_003336886.2	1556	1357	2.37099	25.0536
XM_003336887.2	1052	853	0	0
XM_003336888.2	2118	1919	0	0
XM_003336889.1	390	191	0	0
XM_003336891.2	1413	1214	0	0
XM_003336892.2	2717	2518	0	0
XM_003336894.2	1065	866	0	0
XM_003336895.2	1164	965	0	0
XM_003336896.2	3054	2855	0	0
XM_003336897.1	1968	1769	0	0
XM_003336898.1	471	272	0	0
XM_003336900.2	2376	2177	0	0
XM_003336904.2	2488	2289	1	6.26435
XM_003336905.2	696	497	0.371681	10.7235
XM_003336906.2	1887	1688	0	0
XM_003336907.2	1557	1358	0	0
XM_003336908.1	1299	1100	0	0
XM_003336912.2	510	311	0	0
XM_003336914.1	711	512	0	0
XM_003336919.2	1840	1641	1	8.73802
XM_003336920.2	888	689	0	0
XM_003336921.1	1080	881	0	0
XM_003336924.1	723	524	0	0
XM_003336927.2	1456	1257	8	91.2591
XM_003336928.2	1760	1561	1	9.18583
XM_003336929.2	3006	2807	3.81465	19.4865
XM_003336930.2	445	246	0	0
XM_003336935.2	1598	1399	1	10.2495
XM_003336938.2	543	344	0	0
XM_003336941.1	1599	1400	0	0
XM_003336942.2	1460	1261	0	0
XM_003336943.2	573	374	0	0
XM_003336944.2	2235	2036	0	0
XM_003336945.2	747	548	2	52.3324
XM_003336946.2	1542	1343	1	10.6769
XM_003336947.1	582	383	0	0
XM_003336948.1	1476	1277	4	44.9149
XM_003336951.2	573	374	0	0
XM_003336952.2	555	356	0	0
XM_003336953.1	516	317	0	0
XM_003336954.2	5334	5135	8	22.3394
XM_003336955.1	351	152	0	0
XM_003336957.2	1364	1165	5	61.5411
XM_003336958.1	1767	1568	0	0
XM_003336959.1	2469	2270	0	0
XM_003336960.2	924	725	13	257.115
XM_003336964.2	3061	2862	2	10.0203
XM_003336965.2	2593	2394	5	29.948
XM_003336966.2	1566	1367	1	10.4895
XM_003336967.2	1917	1718	3	25.0391
XM_003336969.2	1197	998	0	0
XM_003336970.2	1165	966	3.38893	50.3046
XM_003336971.2	1453	1254	0	0
XM_003336972.2	1414	1215	2.56067	30.2203
XM_003336973.2	1026	827	0	0
XM_003336976.1	837	638	0	0
XM_003336977.2	1065	866	0	0
XM_003336978.2	2670	2471	3	17.4088
XM_003336982.2	1179	980	0	0
XM_003336983.2	2478	2279	3	18.8755
XM_003336987.2	1011	812	0	0
XM_003336988.1	252	53.2554	0	0
XM_003336990.2	2637	2438	0	0
XM_003336991.2	327	128	0	0
XM_003336992.2	540	341	0	0
XM_003336993.2	1329	1130	1	12.6895
XM_003336994.2	931	732	0	0
XM_003336995.2	1254	1055	43.8469	595.947
XM_003336996.2	1536	1337	0	0
XM_003336997.2	1414	1215	1	11.8017
XM_003337001.1	396	197	0	0
XM_003337003.2	1008	809	0	0
XM_003337005.2	945	746	0	0
XM_003337006.2	2604	2405	0	0
XM_003337007.2	1345	1146	2	25.0246
XM_003337008.2	1512	1313	0	0
XM_003337009.2	1146	947	1	15.1416
XM_003337010.2	2021	1822	0.0419466	0.330118
XM_003337011.2	1273	1074	7	93.4577
XM_003337012.2	994	795	0	0
XM_003337013.2	1536	1337	1	10.7248
XM_003337015.2	843	644	0	0
XM_003337016.2	1285	1086	10	132.036
XM_003337017.2	342	143	0	0
XM_003337019.1	99	4.23477	0	0
XM_003337020.1	1536	1337	0	0
XM_003337022.2	1494	1295	0	0
XM_003337023.2	1729	1530	0	0
XM_003337024.1	1335	1136	0	0
XM_003337025.2	921	722	0	0
XM_003337026.2	1785	1586	1	9.04104
XM_003337027.2	2396	2197	0	0
XM_003337028.2	1059	860	0	0
XM_003337029.2	708	509	0	0
XM_003337030.2	2266	2067	0	0
XM_003337032.2	360	161	0	0
XM_003337033.1	1125	926	0	0
XM_003337037.2	1158	959	0	0
XM_003337038.2	720	521	0	0
XM_003337039.1	1731	1532	0	0
XM_003337040.2	2620	2421	11	65.1507
XM_003337041.2	285	86.0009	0	0
XM_003337042.1	915	716	0	0
XM_003337043.1	345	146	0	0
XM_003337045.1	378	179	0	0
XM_003337046.2	847	648	6.24673	138.229
XM_003337047.2	1002	803	1	17.8569
XM_003337048.2	878	679	3	63.3538
XM_003337049.2	1208	1009	0	0
XM_003337050.2	1401	1202	2	23.8587
XM_003337051.2	1091	892	5	80.376
XM_003337053.2	318	119	0	0
XM_003337055.1	450	251	0	0
XM_003337056.2	3405	3206	0	0
XM_003337057.1	1269	1070	0	0
XM_003337059.2	2099	1900	0	0
XM_003337060.2	300	101	0	0
XM_003337061.1	642	443	0	0
XM_003337062.1	1668	1469	0	0
XM_003337063.2	237	39.4185	0	0
XM_003337065.2	2379	2180	0	0
XM_003337066.2	740	541	3	79.5143
XM_003337068.1	354	155	0	0
XM_003337069.1	642	443	0	0
XM_003337071.2	282	83.0016	0	0
XM_003337072.2	960	761	0	0
XM_003337076.1	663	464	0	0
XM_003337079.2	942	743	0	0
XM_003337081.1	444	245	0	0
XM_003337084.2	1634	1435	0	0
XM_003337085.2	997	798	3	53.9063
XM_003337086.2	1161	962	0	0
XM_003337087.2	1103	904	1	15.8618
XM_003337089.2	1473	1274	0	0
XM_003337090.2	2466	2267	0	0
XM_003337091.2	1170	971	0	0
XM_003337092.2	2046	1847	0	0
XM_003337093.2	1881	1682	0	0
XM_003337094.2	549	350	0	0
XM_003337095.1	336	137	0	0
XM_003337096.2	1392	1193	0	0
XM_003337098.2	2015	1816	9.2172	72.7788
XM_003337100.2	1803	1604	0	0
XM_003337102.2	1763	1564	0	0
XM_003337104.2	441	242	0	0
XM_003337107.1	417	218	0	0
XM_003337108.2	1913	1714	0	0
XM_003337111.2	1492	1293	1	11.0898
XM_003337112.2	1516	1317	0	0
XM_003337113.2	576	377	0	0
XM_003337114.2	1458	1259	0	0
XM_003337115.2	1538	1339	1	10.7088
XM_003337117.2	1251	1052	0	0
XM_003337118.2	2953	2754	0	0
XM_003337120.1	408	209	0	0
XM_003337121.2	1365	1166	1	12.2977
XM_003337122.2	693	494	2	58.053
XM_003337124.2	918	719	3.81952	76.173
XM_003337125.2	1063	864	0	0
XM_003337126.2	270	71.016	0	0
XM_003337128.2	228	32.1317	0	0
XM_003337130.2	342	143	0	0
XM_003337131.1	540	341	0	0
XM_003337134.2	186	12.4336	0	0
XM_003337135.2	348	149	0	0
XM_003337136.2	564	365	0	0
XM_003337137.2	363	164	0	0
XM_003337138.1	498	299	0	0
XM_003337140.1	753	554	0	0
XM_003337141.2	942	743	0	0
XM_003337142.2	627	428	0	0
XM_003337144.2	1074	875	0	0
XM_003337148.2	312	113	0	0
XM_003337150.2	252	53.2554	0	0
XM_003337151.2	2717	2518	6	34.1678
XM_003337154.1	1776	1577	0	0
XM_003337158.1	1194	995	0	0
XM_003337161.2	964	765	0	0
XM_003337162.2	1052	853	3	50.4306
XM_003337163.2	1447	1248	12	137.876
XM_003337164.2	875	676	1	21.2117
XM_003337165.1	474	275	0	0
XM_003337166.2	1537	1338	1	10.7168
XM_003337167.2	2676	2477	0	0
XM_003337168.2	3163	2964	3	14.5132
XM_003337173.2	2637	2438	0	0
XM_003337175.2	1785	1586	3	27.1231
XM_003337176.2	1656	1457	5	49.2076
XM_003337179.2	805	606	0	0
XM_003337180.2	260	61.0822	0	0
XM_003337181.2	960	761	0	0
XM_003337182.2	2889	2690	0	0
XM_003337183.1	801	602	0	0
XM_003337184.1	360	161	0	0
XM_003337185.2	2600	2401	1	5.97213
XM_003337186.2	1315	1116	3	38.5459
XM_003337188.2	471	272	0	0
XM_003337189.2	1875	1676	0	0
XM_003337190.1	834	635	0	0
XM_003337192.2	1200	1001	0	0
XM_003337193.2	1050	851	0	0
XM_003337196.1	543	344	0	0
XM_003337200.1	393	194	0	0
XM_003337201.2	992	793	0	0
XM_003337202.2	1944	1745	0	0
XM_003337205.2	567	368	0	0
XM_003337207.2	363	164	0	0
XM_003337208.2	1119	920	0	0
XM_003337212.2	399	200	0	0
XM_003337216.1	711	512	0	0
XM_003337217.2	1577	1378	1	10.4057
XM_003337218.2	1026	827	8.70831	150.991
XM_003337219.2	614	415	0	0
XM_003337220.2	1851	1652	2	17.3597
XM_003337221.2	606	407	0	0
XM_003337222.2	603	404	0	0
XM_003337223.1	405	206	0	0
XM_003337224.2	2494	2295	2	12.4959
XM_003337225.2	1527	1328	4	43.19
XM_003337226.2	1463	1264	1	11.3442
XM_003337227.2	512	313	0	0
XM_003337228.1	690	491	0	0
XM_003337230.2	787	588	2	48.7724
XM_003337231.2	2990	2791	3	15.4128
XM_003337232.2	2334	2135	0	0
XM_003337235.2	789	590	0	0
XM_003337236.2	952	753	2	38.0852
XM_003337237.2	1763	1564	0	0
XM_003337240.1	354	155	0	0
XM_003337242.2	648	449	0	0
XM_003337244.2	1811	1612	1	8.89521
XM_003337245.2	792	593	1	24.1806
XM_003337246.2	6768	6569	3	6.54852
XM_003337247.1	708	509	0	0
XM_003337248.2	579	380	0	0
XM_003337249.2	1586	1387	1	10.3382
XM_003337250.2	285	86.0009	0	0
XM_003337251.2	387	188	0	0
XM_003337252.2	546	347	0	0
XM_003337253.2	212	21.9418	0	0
XM_003337255.1	402	203	0	0
XM_003337256.1	330	131	0	0
XM_003337259.2	1503	1304	0	0
XM_003337260.2	1215	1016	0	0
XM_003337262.2	809	610	0	0
XM_003337265.2	911	712	0	0
XM_003337266.2	1426	1227	3	35.0589
XM_003337267.2	688	489	0	0
XM_003337268.2	468	269	0	0
XM_003337271.2	702	503	0	0
XM_003337274.1	498	299	0	0
XM_003337276.2	1839	1640	0	0
XM_003337277.2	496	297	0	0
XM_003337279.2	1718	1519	0	0
XM_003337282.2	309	110	0	0
XM_003337284.2	711	512	0	0
XM_003337285.1	555	356	0	0
XM_003337286.2	1741	1542	0	0
XM_003337287.2	429	230	0	0
XM_003337288.1	426	227	0	0
XM_003337289.2	1159	960	13	194.175
XM_003337290.2	1582	1383	2	20.7362
XM_003337291.2	604	405	0	0
XM_003337292.2	1137	938	4	61.1475
XM_003337293.2	1632	1433	8	80.0507
XM_003337295.2	752	553	0	0
XM_003337296.2	1387	1188	3	36.2098
XM_003337297.2	2169	1970	3	21.8362
XM_003337298.2	1317	1118	0	0
XM_003337300.2	5970	5771	2	4.96936
XM_003337303.2	543	344	0	0
XM_003337306.2	924	725	0	0
XM_003337308.2	367	168	0	0
XM_003337311.2	165	8.64817	0	0
XM_003337314.2	1265	1066	0	0
XM_003337316.2	255	56.1701	0	0
XM_003337317.1	657	458	0	0
XM_003337318.1	504	305	0	0
XM_003337319.2	701	502	1	28.5639
XM_003337320.2	942	743	0	0
XM_003337321.2	1212	1013	0	0
XM_003337322.1	405	206	0	0
XM_003337323.1	324	125	0	0
XM_003337324.2	870	671	0	0
XM_003337325.1	387	188	0	0
XM_003337326.1	894	695	0	0
XM_003337327.2	480	281	0	0
XM_003337329.2	361	162	0	0
XM_003337334.2	1586	1387	1	10.3382
XM_003337340.2	657	458	0	0
XM_003337341.2	459	260	0	0
XM_003337342.2	351	152	0	0
XM_003337345.2	1522	1323	1	10.8383
XM_003337346.2	812	613	0	0
XM_003337347.2	585	386	0	0
XM_003337351.2	967	768	0	0
XM_003337352.2	2680	2481	4.77788	27.614
XM_003337353.2	1756	1557	3	27.6283
XM_003337355.2	1948	1749	4	32.7938
XM_003337357.2	588	389	0	0
XM_003337358.2	2699	2500	0	0
XM_003337359.2	3147	2948	1	4.864
XM_003337363.2	1533	1334	0	0
XM_003337365.2	750	551	0	0
XM_003337366.2	1302	1103	0	0
XM_003337368.2	1800	1601	1	8.95633
XM_003337369.1	712	513	0	0
XM_003337370.1	1566	1367	0	0
XM_003337372.1	2121	1922	0	0
XM_003337373.1	894	695	0	0
XM_003337375.2	2998	2799	3	15.3688
XM_003337378.2	893	694	6	123.969
XM_003337379.2	2724	2525	5	28.3942
XM_003337381.2	1935	1736	1	8.25984
XM_003337382.1	1206	1007	0	0
XM_003337383.1	705	506	0	0
XM_003337384.2	2182	1983	0	0
XM_003337385.2	3339	3140	0	0
XM_003337388.2	1305	1106	4	51.8593
XM_003337389.2	761	562	3	76.5432
XM_003337392.1	438	239	0	0
XM_003337394.1	363	164	0	0
XM_003337395.1	411	212	0	0
XM_003337396.2	6709	6510	1	2.20262
XM_003337397.2	1519	1320	3	32.5888
XM_003337398.2	1279	1080	1	13.2769
XM_003337400.2	904	705	4	81.3565
XM_003337401.2	1385	1186	5	60.4515
XM_003337402.2	2570	2371	4	24.1908
XM_003337403.2	2816	2617	91	498.608
XM_003337404.2	1371	1172	0	0
XM_003337405.2	2457	2258	0	0
XM_003337406.2	627	428	0	0
XM_003337409.2	1959	1760	0	0
XM_003337410.2	1923	1724	0	0
XM_003337411.2	828	629	0	0
XM_003337412.2	1152	953	0	0
XM_003337415.2	582	383	0	0
XM_003337416.2	673	474	0	0
XM_003337417.2	663	464	0	0
XM_003337418.2	693	494	0	0
XM_003337419.2	801	602	0	0
XM_003337428.2	891	692	0	0
XM_003337429.2	1131	932	9	138.468
XM_003337430.2	1695	1496	8	76.6796
XM_003337431.2	1326	1127	0	0
XM_003337432.1	495	296	0	0
XM_003337433.2	487	288	0	0
XM_003337434.1	1188	989	2	28.9971
XM_003337442.2	1602	1403	0	0
XM_003337451.1	486	287	0	0
XM_003337453.1	795	596	0	0
XM_003337458.2	1392	1193	0	0
XM_003337459.2	1233	1034	0	0
XM_003337461.2	1263	1064	0	0
XM_003337462.2	897	698	0	0
XM_003337463.2	543	344	0	0
XM_003337464.2	1311	1112	0	0
XM_003337470.1	396	197	1	72.7872
XM_003337471.2	1019	820	0	0
XM_003337473.2	921	722	0	0
XM_003337474.2	1052	853	0	0
XM_003337475.2	769	570	0	0
XM_003337476.2	656	457	0	0
XM_003337477.2	1072	873	10	164.251
XM_003337478.2	762	563	7.27476	185.281
XM_003337479.1	315	116	0	0
XM_003337480.1	450	251	0	0
XM_003337481.1	1053	854	0	0
XM_003337483.1	327	128	0	0
XM_003337484.2	1012	813	4	70.549
XM_003337485.2	318	119	0	0
XM_003337487.2	1617	1418	0	0
XM_003337489.1	747	548	0	0
XM_003337490.2	1980	1781	2	16.1023
XM_003337493.2	1236	1037	0	0
XM_003337494.2	699	500	0	0
XM_003337495.2	1590	1391	0	0
XM_003337496.2	231	34.449	0	0
XM_003337498.2	425	226	1.25533	79.6476
XM_003337499.2	216	24.1385	0	0
XM_003337500.2	177	10.528	0	0
XM_003337501.2	925	726	0	0
XM_003337502.1	1113	914	0	0
XM_003337503.2	441	242	0	0
XM_003337505.2	2081	1882	0	0
XM_003337506.2	2115	1916	1	7.48387
XM_003337507.2	2101	1902	0	0
XM_003337508.2	588	389	0	0
XM_003337509.1	306	107	0	0
XM_003337511.1	546	347	0	0
XM_003337513.2	1394	1195	0	0
XM_003337514.2	2013	1814	0	0
XM_003337515.2	1239	1040	0	0
XM_003337517.2	810	611	19	445.896
XM_003337518.1	513	314	4	182.664
XM_003337519.2	507	308	0	0
XM_003337521.2	2344	2145	0	0
XM_003337522.2	1876	1677	1	8.55044
XM_003337523.2	1774	1575	5	45.5209
XM_003337524.1	645	446	0	0
XM_003337526.2	987	788	0	0
XM_003337527.2	932	733	0	0
XM_003337529.2	981	782	0	0
XM_003337530.2	2710	2511	1	5.71051
XM_003337532.1	315	116	2	247.226
XM_003337533.1	1725	1526	0	0
XM_003337535.2	2261	2062	6	41.7238
XM_003337536.2	817	618	0	0
XM_003337537.2	471	272	0	0
XM_003337540.2	525	326	0	0
XM_003337541.1	546	347	0	0
XM_003337543.2	651	452	0	0
XM_003337545.2	357	158	0	0
XM_003337546.2	1489	1290	0	0
XM_003337547.2	1543	1344	0	0
XM_003337548.2	1446	1247	1	11.4989
XM_003337549.2	801	602	7	166.734
XM_003337550.2	656	457	0	0
XM_003337551.2	1431	1232	2	23.2777
XM_003337552.1	375	176	0	0
XM_003337553.1	378	179	0	0
XM_003337554.2	1169	970	0	0
XM_003337556.2	176	10.3458	0	0
XM_003337557.2	1119	920	0	0
XM_003337559.1	420	221	0	0
XM_003337560.2	354	155	0	0
XM_003337561.2	1219	1020	0	0
XM_003337563.2	2120	1921	0	0
XM_003337564.1	363	164	0	0
XM_003337565.2	1080	881	0	0
XM_003337567.2	946	747	0	0
XM_003337568.2	1267	1068	2	26.8522
XM_003337569.2	639	440	1	32.5888
XM_003337570.2	966	767	2	37.3901
XM_003337571.2	727	528	0	0
XM_003337573.2	5379	5180	0	0
XM_003337574.1	390	191	0	0
XM_003337575.2	4647	4448	0	0
XM_003337576.2	1742	1543	0	0
XM_003337577.2	1446	1247	0	0
XM_003337579.1	561	362	0	0
XM_003337580.1	642	443	0	0
XM_003337582.2	884	685	0	0
XM_003337583.2	2397	2198	5.16823	33.716
XM_003337585.1	867	668	0	0
XM_003337586.2	291	92.0002	0	0
XM_003337589.2	969	770	0	0
XM_003337590.1	324	125	0	0
XM_003337591.2	443	244	0	0
XM_003337592.2	796	597	0	0
XM_003337593.2	2067	1868	1	7.67617
XM_003337594.1	1176	977	0	0
XM_003337595.2	1230	1031	0	0
XM_003337596.2	195	14.9308	0	0
XM_003337597.2	252	53.2554	0	0
XM_003337598.2	952	753	0	0
XM_003337599.2	516	317	0	0
XM_003337600.1	684	485	0	0
XM_003337603.1	744	545	0	0
XM_003337604.2	384	185	0	0
XM_003337605.2	1836	1637	0	0
XM_003337606.2	1557	1358	0	0
XM_003337607.1	4251	4052	0	0
XM_003337608.2	1173	974	0	0
XM_003337612.2	1074	875	0	0
XM_003337613.2	372	173	0	0
XM_003337615.2	1353	1154	0	0
XM_003337616.2	2119	1920	0	0
XM_003337618.2	1860	1661	0	0
XM_003337619.2	3604	3405	1.60235	6.74781
XM_003337620.2	3033	2834	2.39049	12.0951
XM_003337621.1	339	140	0	0
XM_003337623.1	327	128	0	0
XM_003337624.2	455	256	0	0
XM_003337625.1	2106	1907	0	0
XM_003337626.2	2150	1951	0	0
XM_003337627.2	414	215	0	0
XM_003337630.2	1251	1052	8	109.042
XM_003337631.1	783	584	0	0
XM_003337632.1	417	218	0	0
XM_003337633.1	798	599	0	0
XM_003337634.2	905	706	0	0
XM_003337635.2	3365	3166	0	0
XM_003337637.2	801	602	0	0
XM_003337638.1	180	11.1077	0	0
XM_003337640.2	2338	2139	0	0
XM_003337641.2	2285	2086	0	0
XM_003337642.2	2576	2377	4	24.1297
XM_003337643.1	810	611	1	23.4682
XM_003337644.2	591	392	0	0
XM_003337645.2	459	260	0	0
XM_003337646.2	2706	2507	4	22.8785
XM_003337648.2	637	438	2	65.4753
XM_003337649.2	773	574	2	49.962
XM_003337651.2	1966	1767	3	24.3448
XM_003337652.1	972	773	0	0
XM_003337653.2	3129	2930	4	19.5755
XM_003337654.2	567	368	0	0
XM_003337656.2	2251	2052	3	20.9636
XM_003337659.2	2561	2362	0	0
XM_003337662.1	531	332	0	0
XM_003337663.2	1614	1415	0	0
XM_003337665.1	1887	1688	0	0
XM_003337667.2	636	437	0	0
XM_003337669.2	1407	1208	4	47.4804
XM_003337670.2	1271	1072	0	0
XM_003337671.2	495	296	0	0
XM_003337676.2	819	620	7	161.893
XM_003337677.2	1457	1258	2	22.7966
XM_003337678.2	1610	1411	2.79248	28.3782
XM_003337679.2	930	731	0	0
XM_003337680.2	273	74.0093	0	0
XM_003337682.2	547	348	2.5998	107.123
XM_003337684.2	857	658	7.09173	154.543
XM_003337685.2	1085	886	0.999892	16.1823
XM_003337686.2	1290	1091	5.94274	78.1058
XM_003337687.2	2688	2489	1	5.76098
XM_003337688.1	666	467	2.2111	67.8911
XM_003337689.2	705	506	0	0
XM_003337690.2	300	101	0	0
XM_003337691.2	3915	3716	20.8408	80.4191
XM_003337692.1	375	176	0	0
XM_003337693.2	2175	1976	0	0
XM_003337694.1	1371	1172	1	12.2347
XM_003337695.2	2114	1915	0	0
XM_003337696.2	1437	1238	0	0
XM_003337697.2	1935	1736	0	0
XM_003337699.2	2998	2799	2	10.2459
XM_003337702.2	2740	2541	2.25482	12.7242
XM_003337703.2	998	799	0	0
XM_003337704.2	2229	2030	0	0
XM_003337705.2	1438	1239	0	0
XM_003337706.2	1071	872	0	0
XM_003337708.2	450	251	0	0
XM_003337709.1	912	713	0	0
XM_003337710.1	1245	1046	0	0
XM_003337714.2	788	589	0	0
XM_003337715.2	663	464	0	0
XM_003337716.1	306	107	0	0
XM_003337717.2	3447	3248	0	0
XM_003337718.2	975	776	0	0
XM_003337719.2	531	332	0	0
XM_003337721.2	603	404	0	0
XM_003337724.1	306	107	0	0
XM_003337725.1	837	638	0	0
XM_003337727.2	606	407	0	0
XM_003337732.2	183	11.741	0	0
XM_003337735.1	318	119	0	0
XM_003337736.1	447	248	0	0
XM_003337737.2	606	407	0	0
XM_003337740.1	312	113	0	0
XM_003337742.2	183	11.741	0	0
XM_003337743.1	612	413	0	0
XM_003337744.1	306	107	0	0
XM_003337745.2	339	140	0	0
XM_003337746.1	318	119	0	0
XM_003337748.2	606	407	0	0
XM_003337750.1	477	278	0	0
XM_003337751.1	702	503	0	0
XM_003337754.2	3595	3396	0	0
XM_003337755.2	3115	2916	2	9.83476
XM_003337758.2	1902	1703	0	0
XM_003337760.1	1011	812	0	0
XM_003337761.2	504	305	0	0
XM_003337763.2	468	269	0	0
XM_003337764.2	1152	953	0	0
XM_003337766.1	411	212	0	0
XM_003337767.2	1409	1210	0	0
XM_003337768.2	2037	1838	0	0
XM_003337769.1	2085	1886	0	0
XM_003337770.1	1158	959	1	14.9521
XM_003337771.2	789	590	0	0
XM_003337772.2	546	347	0	0
XM_003337773.2	1524	1325	0	0
XM_003337775.2	1809	1610	0	0
XM_003337778.2	1668	1469	0	0
XM_003337779.2	686	487	4	117.775
XM_003337780.2	2555	2356	2	12.1724
XM_003337783.2	432	233	0	0
XM_003337785.2	2038	1839	2	15.5944
XM_003337787.2	381	182	0	0
XM_003337788.2	1911	1712	8	67.0051
XM_003337789.2	2749	2550	1	5.62317
XM_003337790.2	1607	1408	4	40.736
XM_003337791.1	645	446	0	0
XM_003337794.2	890	691	0	0
XM_003337795.2	897	698	9	184.888
XM_003337796.2	679	480	0	0
XM_003337798.2	3293	3094	6	27.8069
XM_003337799.1	582	383	0	0
XM_003337800.2	2903	2704	0	0
XM_003337803.2	1131	932	0	0
XM_003337805.1	1113	914	0	0
XM_003337806.1	861	662	0	0
XM_003337807.2	669	470	0	0
XM_003337809.2	2677	2478	10	57.8656
XM_003337810.2	1668	1469	3.65137	35.6415
XM_003337811.2	393	194	0	0
XM_003337813.2	548	349	0	0
XM_003337814.2	702	503	0	0
XM_003337815.2	1348	1149	0	0
XM_003337816.2	2913	2714	0	0
XM_003337817.2	405	206	0	0
XM_003337819.2	3144	2945	0	0
XM_003337820.2	1662	1463	0	0
XM_003337821.2	4161	3962	0	0
XM_003337822.1	1125	926	0	0
XM_003337823.2	921	722	0	0
XM_003337824.1	534	335	0	0
XM_003337825.2	4221	4022	0	0
XM_003337826.2	1365	1166	0	0
XM_003337828.2	303	104	0	0
XM_003337829.1	582	383	0	0
XM_003337830.2	762	563	0	0
XM_003337832.2	393	194	0	0
XM_003337835.2	623	424	0	0
XM_003337838.2	1443	1244	0	0
XM_003337839.2	1020	821	0	0
XM_003337841.1	1320	1121	0	0
XM_003337842.2	678	479	0	0
XM_003337844.2	1709	1510	0	0
XM_003337847.2	1073	874	0	0
XM_003337848.2	2172	1973	1	7.26766
XM_003337849.2	1995	1796	2	15.9678
XM_003337850.2	597	398	0	0
XM_003337851.2	1529	1330	7.7288	83.3263
XM_003337854.2	1731	1532	7.39808	69.2439
XM_003337855.2	466	267	0	0
XM_003337856.2	559	360	0	0
XM_003337857.2	1341	1142	0	0
XM_003337859.2	843	644	0	0
XM_003337861.2	1498	1299	0	0
XM_003337862.1	2235	2036	0	0
XM_003337864.1	360	161	0	0
XM_003337865.1	1446	1247	0	0
XM_003337868.2	1365	1166	0	0
XM_003337871.2	3666	3467	3	12.4076
XM_003337872.2	1623	1424	3	30.2087
XM_003337873.2	923	724	0	0
XM_003337874.2	948	749	1	19.1443
XM_003337875.2	944	745	0	0
XM_003337877.2	368	169	0	0
XM_003337878.2	540	341	0	0
XM_003337879.2	630	431	0	0
XM_003337880.2	1287	1088	0	0
XM_003337881.2	1410	1211	0	0
XM_003337882.2	1165	966	0	0
XM_003337883.2	962	763	2	37.5861
XM_003337884.1	1302	1103	0	0
XM_003337886.1	1005	806	0	0
XM_003337888.1	1227	1028	0	0
XM_003337889.2	1452	1253	0	0
XM_003337890.2	252	53.2554	0	0
XM_003337891.2	2629	2430	3	17.7026
XM_003337895.1	801	602	0	0
XM_003337896.2	420	221	0	0
XM_003337898.2	1080	881	0	0
XM_003337899.2	951	752	0	0
XM_003337900.2	1392	1193	0	0
XM_003337901.2	219	25.9389	0	0
XM_003337902.1	549	350	0	0
XM_003337909.1	399	200	0	0
XM_003337910.2	4830	4631	0	0
XM_003337913.2	5242	5043	2	5.68673
XM_003337916.2	324	125	0	0
XM_003337917.2	4567	4368	0	0
XM_003337918.2	1959	1760	0	0
XM_003337920.1	390	191	0	0
XM_003337923.2	3381	3182	0	0
XM_003337924.2	979	780	0	0
XM_003337925.2	1797	1598	0	0
XM_003337926.1	735	536	0	0
XM_003337930.1	639	440	0	0
XM_003337931.2	3962	3763	4	15.2422
XM_003337932.1	339	140	0	0
XM_003337933.2	467	268	0	0
XM_003337934.1	2223	2024	0	0
XM_003337935.2	1155	956	0	0
XM_003337936.1	384	185	0	0
XM_003337937.1	384	185	0	0
XM_003337939.2	711	512	0	0
XM_003337940.1	1050	851	0	0
XM_003337941.2	1050	851	0	0
XM_003337942.1	1029	830	0	0
XM_003337943.2	3255	3056	0	0
XM_003337944.2	999	800	4	71.6954
XM_003337945.2	1826	1627	0	0
XM_003337946.1	2649	2450	0	0
XM_003337947.1	450	251	0	0
XM_003337948.2	2383	2184	1	6.56552
XM_003337950.2	849	650	3.22575	71.1604
XM_003337951.2	1083	884	0	0
XM_003337952.2	2514	2315	0	0
XM_003337953.2	1590	1391	0	0
XM_003337954.2	354	155	0	0
XM_003337956.1	1464	1265	0	0
XM_003337957.2	829	630	0	0
XM_003337958.2	3172	2973	0	0
XM_003337959.2	2165	1966	0	0
XM_003337961.2	435	236	0	0
XM_003337963.1	438	239	2	119.992
XM_003337964.2	936	737	3	58.3681
XM_003337965.2	479	280	0	0
XM_003337966.2	712	513	0	0
XM_003337967.2	1502	1303	16.4344	180.855
XM_003337968.2	504	305	0	0
XM_003337970.2	1913	1714	0	0
XM_003337971.2	861	662	0	0
XM_003337972.2	1332	1133	0	0
XM_003337977.2	375	176	0	0
XM_003337978.1	741	542	0	0
XM_003337980.2	837	638	0	0
XM_003337983.2	1055	856	1.33299	22.3292
XM_003337984.2	1563	1364	5.41389	56.9137
XM_003337985.2	842	643	14.4181	321.528
XM_003337986.2	1012	813	25.8417	455.776
XM_003337988.2	2206	2007	0	0
XM_003337989.2	1371	1172	0	0
XM_003337990.2	517	318	0	0
XM_003337991.1	555	356	0	0
XM_003337993.2	1111	912	0	0
XM_003337994.2	1561	1362	0	0
XM_003337995.2	2120	1921	3	22.3932
XM_003337996.2	2262	2063	0	0
XM_003337997.2	3051	2852	0	0
XM_003337998.2	2083	1884	1	7.61098
XM_003338003.2	1306	1107	0	0
XM_003338004.2	531	332	0	0
XM_003338005.2	1202	1003	0	0
XM_003338007.2	1515	1316	3.20752	34.949
XM_003338008.2	1373	1174	0	0
XM_003338009.2	1296	1097	0	0
XM_003338010.2	504	305	0	0
XM_003338011.1	1425	1226	0	0
XM_003338012.2	738	539	9.4002	250.075
XM_003338013.2	490	291	0	0
XM_003338014.1	315	116	0	0
XM_003338016.2	1914	1715	0	0
XM_003338017.2	600	401	0	0
XM_003338018.2	1042	843	1	17.0096
XM_003338019.2	1385	1186	1	12.0903
XM_003338020.2	1475	1276	0	0
XM_003338023.2	1285	1086	0	0
XM_003338024.2	3173	2974	43	207.324
XM_003338025.1	309	110	0	0
XM_003338028.2	609	410	0	0
XM_003338031.2	1581	1382	0	0
XM_003338032.1	531	332	0	0
XM_003338034.2	1944	1745	0	0
XM_003338035.2	1796	1597	14	125.703
XM_003338036.1	318	119	0	0
XM_003338037.2	4362	4163	0	0
XM_003338038.2	447	248	0	0
XM_003338043.1	345	146	0	0
XM_003338047.1	684	485	0	0
XM_003338048.2	1578	1379	0	0
XM_003338049.1	465	266	0	0
XM_003338050.2	1446	1247	0	0
XM_003338051.2	1017	818	0	0
XM_003338052.2	849	650	0	0
XM_003338056.2	495	296	0	0
XM_003338057.2	525	326	0	0
XM_003338058.1	639	440	0	0
XM_003338060.2	1275	1076	0	0
XM_003338063.1	753	554	0	0
XM_003338064.1	615	416	0	0
XM_003338066.2	1056	857	0	0
XM_003338067.1	2307	2108	0	0
XM_003338068.2	711	512	0	0
XM_003338069.1	753	554	0	0
XM_003338070.1	444	245	0	0
XM_003338071.1	1509	1310	0	0
XM_003338072.2	930	731	0	0
XM_003338073.1	330	131	0	0
XM_003338074.2	1044	845	0	0
XM_003338075.2	594	395	0	0
XM_003338077.2	471	272	0	0
XM_003338078.1	1188	989	0	0
XM_003338084.1	387	188	0	0
XM_003338086.2	975	776	0	0
XM_003338088.2	309	110	0	0
XM_003338090.2	1509	1310	0	0
XM_003338092.1	312	113	0	0
XM_003338094.2	1438	1239	2	23.1462
XM_003338095.2	529	330	0	0
XM_003338096.1	1353	1154	0	0
XM_003338097.2	1893	1694	0	0
XM_003338103.1	684	485	0	0
XM_003338104.1	609	410	0	0
XM_003338105.2	543	344	0	0
XM_003338106.2	588	389	0	0
XM_003338107.1	780	581	0	0
XM_003338108.2	3111	2912	0	0
XM_003338109.2	855	656	0	0
XM_003338111.2	3528	3329	0	0
XM_003338112.2	966	767	0	0
XM_003338113.1	852	653	0	0
XM_003338114.2	948	749	0	0
XM_003338116.2	676	477	0	0
XM_003338117.1	564	365	0	0
XM_003338118.2	2504	2305	12	74.6503
XM_003338119.2	831	632	2	45.3769
XM_003338120.2	333	134	0	0
XM_003338121.1	381	182	0	0
XM_003338122.2	669	470	0	0
XM_003338123.2	1374	1175	6	73.2209
XM_003338124.2	771	572	0	0
XM_003338125.1	570	371	0	0
XM_003338127.2	456	257	0	0
XM_003338129.2	1545	1346	0	0
XM_003338131.2	414	215	0	0
XM_003338132.2	1812	1613	0	0
XM_003338134.1	345	146	0	0
XM_003338135.2	2285	2086	2	13.7479
XM_003338136.2	2364	2165	1	6.62313
XM_003338138.2	884	685	3	62.7989
XM_003338140.2	282	83.0016	0	0
XM_003338141.2	491	292	0	0
XM_003338142.2	1830	1631	3	26.3748
XM_003338143.2	1385	1186	2	24.1806
XM_003338145.2	2356	2157	2	13.2954
XM_003338148.2	861	662	0	0
XM_003338149.2	1368	1169	0	0
XM_003338150.2	2568	2369	2	12.1056
XM_003338151.1	504	305	1	47.0134
XM_003338152.1	336	137	0	0
XM_003338155.1	879	680	0	0
XM_003338157.2	1663	1464	0	0
XM_003338161.2	995	796	2.22974	40.1665
XM_003338162.2	1203	1004	3	42.8459
XM_003338163.2	219	25.9389	0	0
XM_003338164.2	1476	1277	0	0
XM_003338165.2	981	782	0	0
XM_003338166.2	1569	1370	1	10.4665
XM_003338167.2	531	332	0	0
XM_003338168.2	1849	1650	1	8.69036
XM_003338169.2	453	254	0	0
XM_003338170.2	1807	1608	0	0
XM_003338171.2	684	485	0	0
XM_003338172.1	405	206	0	0
XM_003338173.1	1887	1688	0	0
XM_003338174.2	539	340	0	0
XM_003338175.2	790	591	0	0
XM_003338176.2	1451	1252	11	125.982
XM_003338177.1	519	320	0	0
XM_003338179.2	876	677	4	84.7213
XM_003338180.2	1158	959	2	29.9042
XM_003338181.1	582	383	0	0
XM_003338182.2	1527	1328	0	0
XM_003338183.2	1267	1068	2.76684	37.1479
XM_003338184.2	351	152	0	0
XM_003338185.1	543	344	0	0
XM_003338187.2	718	519	0	0
XM_003338188.2	1164	965	1.20059	17.8397
XM_003338190.2	779	580	1	24.7226
XM_003338191.2	4896	4697	1.24158	3.79032
XM_003338192.1	387	188	0	0
XM_003338193.2	1014	815	0	0
XM_003338194.1	537	338	1	42.4233
XM_003338195.1	372	173	0	0
XM_003338196.2	2868	2669	10	53.7246
XM_003338197.2	1864	1665	3	25.8362
XM_003338198.2	1593	1394	14	144.008
XM_003338199.2	1001	802	2	35.7583
XM_003338200.2	612	413	0	0
XM_003338201.2	3060	2861	0	0
XM_003338203.2	2196	1997	0	0
XM_003338205.2	1677	1478	6	58.2101
XM_003338206.2	813	614	23	537.132
XM_003338207.1	315	116	0	0
XM_003338208.2	1432	1233	8	93.0354
XM_003338209.1	312	113	0	0
XM_003338213.2	972	773	0	0
XM_003338214.1	1233	1034	0	0
XM_003338215.2	1191	992	0	0
XM_003338220.2	1920	1721	0	0
XM_003338222.1	1422	1223	0	0
XM_003338223.2	1371	1172	1	12.2347
XM_003338224.2	426	227	0	0
XM_003338225.1	1242	1043	0	0
XM_003338228.2	2581	2382	0	0
XM_003338231.2	738	539	0	0
XM_003338233.2	3348	3149	3	13.6606
XM_003338235.1	591	392	0	0
XM_003338236.2	987	788	0	0
XM_003338237.2	1368	1169	0	0
XM_003338240.1	921	722	0	0
XM_003338241.1	456	257	0	0
XM_003338243.1	243	44.7603	0	0
XM_003338244.1	1110	911	0	0
XM_003338245.2	4627	4428	4	12.9531
XM_003338246.2	1206	1007	0	0
XM_003338247.2	1275	1076	5	66.6314
XM_003338250.2	1087	888	0	0
XM_003338251.2	1023	824	0	0
XM_003338252.1	300	101	0	0
XM_003338253.2	1926	1727	0	0
XM_003338254.2	2633	2434	3.22212	18.982
XM_003338255.2	597	398	0	0
XM_003338256.2	1832	1633	0	0
XM_003338257.2	970	771	0	0
XM_003338260.1	858	659	0	0
XM_003338261.1	462	263	0	0
XM_003338262.2	2040	1841	0	0
XM_003338265.2	1262	1063	0	0
XM_003338266.2	2133	1934	4	29.6568
XM_003338267.2	1332	1133	0	0
XM_003338269.1	351	152	0	0
XM_003338271.2	746	547	0	0
XM_003338272.1	402	203	0	0
XM_003338276.2	624	425	0	0
XM_003338277.2	547	348	0	0
XM_003338280.2	975	776	0	0
XM_003338285.2	4341	4142	0	0
XM_003338287.2	1156	957	2	29.9667
XM_003338289.2	5607	5408	0	0
XM_003338291.1	2646	2447	2	11.7197
XM_003338292.2	813	614	0	0
XM_003338293.1	1701	1502	0	0
XM_003338296.1	1971	1772	0	0
XM_003338297.2	3054	2855	10.4711	52.5907
XM_003338298.2	666	467	5	153.523
XM_003338299.2	3035	2836	2	10.1122
XM_003338301.1	318	119	0	0
XM_003338302.2	1652	1453	1.52493	15.0489
XM_003338303.1	1425	1226	0	0
XM_003338305.2	1277	1078	0	0
XM_003338307.2	2098	1899	0	0
XM_003338308.1	1179	980	0	0
XM_003338310.2	1666	1467	0	0
XM_003338312.2	1497	1298	0	0
XM_003338316.2	763	564	0	0
XM_003338317.1	615	416	0	0
XM_003338318.2	3429	3230	0	0
XM_003338319.1	624	425	0	0
XM_003338320.1	993	794	0	0
XM_003338321.1	579	380	0	0
XM_003338323.2	714	515	0	0
XM_003338324.2	2892	2693	1.58233	8.42526
XM_003338326.1	2160	1961	3.79191	27.727
XM_003338327.2	785	586	8	195.755
XM_003338328.2	1051	852	0	0
XM_003338329.2	845	646	0	0
XM_003338331.2	1607	1408	0	0
XM_003338332.2	5342	5143	0	0
XM_003338334.2	1059	860	1	16.6734
XM_003338335.2	912	713	0	0
XM_003338336.2	1252	1053	1	13.6174
XM_003338337.2	1341	1142	36	452.02
XM_003338340.2	603	404	0	0
XM_003338342.2	1128	929	0	0
XM_003338344.2	2226	2027	0	0
XM_003338346.2	1101	902	0	0
XM_003338348.2	516	317	0	0
XM_003338349.2	1071	872	0	0
XM_003338350.2	984	785	0	0
XM_003338352.2	2111	1912	5	37.4976
XM_003338353.2	1079	880	0	0
XM_003338354.1	447	248	0	0
XM_003338355.2	1380	1181	0	0
XM_003338356.1	2274	2075	0	0
XM_003338357.2	656	457	0	0
XM_003338358.1	600	401	0	0
XM_003338359.2	1119	920	0	0
XM_003338360.2	951	752	0	0
XM_003338362.1	870	671	0	0
XM_003338363.2	1296	1097	1	13.0712
XM_003338364.2	714	515	6	167.057
XM_003338368.2	381	182	0	0
XM_003338369.2	2280	2081	0	0
XM_003338370.1	387	188	0	0
XM_003338371.1	537	338	0	0
XM_003338374.2	1097	898	0	0
XM_003338379.2	1624	1425	3	30.1876
XM_003338380.2	918	719	0	0
XM_003338381.1	1026	827	0	0
XM_003338382.1	399	200	0	0
XM_003338383.1	1197	998	0	0
XM_003338388.2	378	179	0	0
XM_003338390.1	129	5.5143	0	0
XM_003338391.2	1867	1668	1.50402	12.9295
XM_003338392.2	903	704	0	0
XM_003338393.2	1199	1000	0	0
XM_003338395.1	429	230	0	0
XM_003338396.2	549	350	0	0
XM_003338402.2	669	470	0	0
XM_003338403.2	1281	1082	0	0
XM_003338404.2	660	461	0	0
XM_003338408.1	753	554	0	0
XM_003338410.2	1979	1780	12	96.668
XM_003338411.2	1146	947	0	0
XM_003338413.1	753	554	0	0
XM_003338416.2	936	737	0	0
XM_003338418.1	1689	1490	0	0
XM_003338419.2	981	782	0	0
XM_003338420.1	1437	1238	0	0
XM_003338421.2	2832	2633	0	0
XM_003338423.1	1215	1016	0	0
XM_003338424.2	1491	1292	0	0
XM_003338425.1	327	128	0	0
XM_003338427.2	342	143	0	0
XM_003338429.2	431	232	0	0
XM_003338430.2	1025	826	1.86024	32.2931
XM_003338433.1	741	542	0	0
XM_003338437.1	2250	2051	0	0
XM_003338443.2	621	422	0	0
XM_003338445.1	1158	959	0	0
XM_003338446.2	792	593	0	0
XM_003338447.1	342	143	0	0
XM_003338448.2	1536	1337	0	0
XM_003338449.1	1230	1031	0	0
XM_003338451.2	2040	1841	0	0
XM_003338452.2	1251	1052	0	0
XM_003338453.2	4242	4043	3	10.6399
XM_003338454.2	4310	4111	5	17.4399
XM_003338457.2	1158	959	0	0
XM_003338458.2	312	113	0	0
XM_003338459.2	2367	2168	0	0
XM_003338461.1	618	419	0	0
XM_003338462.2	968	769	2	37.2928
XM_003338463.2	828	629	0	0
XM_003338464.1	1908	1709	0	0
XM_003338465.1	450	251	0	0
XM_003338466.2	1766	1567	0	0
XM_003338469.2	927	728	0	0
XM_003338470.2	2838	2639	0	0
XM_003338471.1	2568	2369	0	0
XM_003338472.2	3172	2973	3.7027	17.8585
XM_003338476.1	318	119	0	0
XM_003338477.2	1632	1433	12.4069	124.147
XM_003338478.2	201	17.0167	0	0
XM_003338479.2	2205	2006	0	0
XM_003338481.1	348	149	0	0
XM_003338482.1	927	728	0	0
XM_003338483.2	630	431	0	0
XM_003338484.2	267	68.0268	0	0
XM_003338492.2	1762	1563	0	0
XM_003338493.2	2314	2115	4	27.1188
XM_003338494.2	1221	1022	0	0
XM_003338495.2	1482	1283	0	0
XM_003338496.2	3984	3785	0	0
XM_003338499.2	1122	923	0	0
XM_003338505.1	804	605	0	0
XM_003338506.1	1035	836	0	0
XM_003338507.2	2477	2278	3	18.8838
XM_003338511.1	303	104	0	0
XM_003338512.2	399	200	0	0
XM_003338519.2	2142	1943	0	0
XM_003338520.1	906	707	0	0
XM_003338522.2	1027	828	0	0
XM_003338524.2	732	533	0	0
XM_003338527.2	658	459	0	0
XM_003338530.2	626	427	0	0
XM_003338531.2	876	677	12	254.164
XM_003338532.2	776	577	0	0
XM_003338533.2	505	306	0	0
XM_003338534.2	1653	1454	3	29.5855
XM_003338535.2	1567	1368	2	20.9636
XM_003338537.2	2040	1841	2	15.5775
XM_003338542.2	2616	2417	0	0
XM_003338543.1	306	107	0	0
XM_003338544.2	1377	1178	1.45026	17.6531
XM_003338545.2	2055	1856	3	23.1774
XM_003338547.1	483	284	0	0
XM_003338548.1	705	506	0	0
XM_003338549.1	1689	1490	0	0
XM_003338550.2	2283	2084	0	0
XM_003338551.2	3714	3515	0	0
XM_003338552.2	462	263	0	0
XM_003338555.2	375	176	0	0
XM_003338556.1	1620	1421	0	0
XM_003338558.2	520	321	0	0
XM_003338559.2	1492	1293	1	11.0898
XM_003338563.1	303	104	0	0
XM_003338565.2	4599	4400	0	0
XM_003338566.2	1190	991	0	0
XM_003338567.1	912	713	0	0
XM_003338570.1	1113	914	0	0
XM_003338571.2	218	25.324	0	0
XM_003338572.2	919	720	0	0
XM_003338574.2	3303	3104	5	23.0978
XM_003338577.2	1254	1055	0	0
XM_003338578.2	763	564	1	25.4239
XM_003338579.1	660	461	0	0
XM_003338580.2	960	761	1	18.8424
XM_003338583.2	2062	1863	2	15.3935
XM_003338584.1	573	374	0	0
XM_003338585.2	631	432	0	0
XM_003338586.2	4133	3934	0	0
XM_003338592.1	321	122	0	0
XM_003338593.2	1558	1359	65.6631	692.825
XM_003338594.2	2403	2204	1	6.50594
XM_003338595.2	1873	1674	10	85.6576
XM_003338597.1	570	371	0	0
XM_003338600.2	2442	2243	0	0
XM_003338603.2	369	170	0	0
XM_003338605.2	426	227	0	0
XM_003338606.2	2476	2277	0	0
XM_003338607.2	3078	2879	0	0
XM_003338608.2	3093	2894	0	0
XM_003338610.1	612	413	0	0
XM_003338612.2	1107	908	0	0
XM_003338615.1	624	425	0	0
XM_003338616.2	999	800	0	0
XM_003338618.2	783	584	0	0
XM_003338619.1	408	209	0	0
XM_003338620.1	627	428	0	0
XM_003338621.2	664	465	0	0
XM_003338622.2	850	651	0	0
XM_003338624.2	804	605	0	0
XM_003338625.1	333	134	0	0
XM_003338627.2	2184	1985	1	7.22372
XM_003338630.2	1541	1342	0	0
XM_003338632.2	849	650	3	66.1804
XM_003338633.2	2315	2116	1	6.77651
XM_003338634.2	599	400	0	0
XM_003338635.2	2569	2370	0	0
XM_003338637.2	345	146	0	0
XM_003338638.2	1137	938	0	0
XM_003338639.1	648	449	0	0
XM_003338641.1	336	137	0	0
XM_003338646.2	846	647	0	0
XM_003338647.2	1074	875	0	0
XM_003338648.1	324	125	0	0
XM_003338650.1	462	263	0	0
XM_003338651.2	963	764	0	0
XM_003338656.3	1036	837	1.29652	22.2114
XM_003338661.2	2206	2007	4	28.5781
XM_003338662.2	2589	2390	13	77.995
XM_003338663.2	629	430	0	0
XM_003338664.1	408	209	0	0
XM_003338665.2	2093	1894	0	0
XM_003338666.1	1251	1052	0	0
XM_003338667.1	399	200	0	0
XM_003338670.2	1296	1097	1	13.0712
XM_003338671.2	1005	806	0	0
XM_003338673.2	953	754	10	190.174
XM_003338677.2	505	306	0	0
XM_003338678.2	426	227	0	0
XM_003338679.2	1931	1732	2	16.5578
XM_003338680.2	686	487	0	0
XM_003338682.1	891	692	0	0
XM_003338687.2	872	673	0	0
XM_003338688.2	737	538	1	26.6526
XM_003338689.2	1897	1698	0	0
XM_003338690.2	879	680	0	0
XM_003338691.2	1004	805	0	0
XM_003338692.1	1227	1028	1	13.9485
XM_003338693.2	844	645	0	0
XM_003338695.2	548	349	0	0
XM_003338697.1	327	128	0	0
XM_003338698.2	964	765	0	0
XM_003338701.2	324	125	0	0
XM_003338705.2	257	58.1281	0	0
XM_003338710.2	351	152	0	0
XM_003338712.2	1212	1013	0	0
XM_003338714.2	408	209	0	0
XM_003338715.2	1815	1616	0	0
XM_003338716.2	2049	1850	0	0
XM_003338717.2	2015	1816	0	0
XM_003338718.2	4446	4247	0	0
XM_003338720.2	1323	1124	2	25.5144
XM_003338721.2	387	188	0	0
XM_003338724.2	1812	1613	1	8.8897
XM_003338725.2	1482	1283	5	55.8811
XM_003338726.2	1347	1148	0	0
XM_003338727.2	363	164	0	0
XM_003338730.2	949	750	0	0
XM_003338734.2	623	424	0	0
XM_003338735.2	1339	1140	4.79727	60.3408
XM_003338736.2	1213	1014	3.85714	54.5443
XM_003338739.1	957	758	0	0
XM_003338740.1	528	329	0	0
XM_003338741.2	585	386	0	0
XM_003338742.2	1575	1376	0	0
XM_003338743.1	465	266	0	0
XM_003338745.2	1714	1515	0	0
XM_003338746.2	771	572	0	0
XM_003338747.2	976	777	0	0
XM_003338749.2	435	236	0	0
XM_003338750.1	1302	1103	0	0
XM_003338751.2	693	494	0	0
XM_003338752.2	324	125	0	0
XM_003338753.2	5724	5525	6	15.5719
XM_003338755.1	1044	845	0	0
XM_003338759.2	931	732	3	58.7667
XM_003338760.2	1631	1432	0	0
XM_003338761.2	1349	1150	0	0
XM_003338762.2	1616	1417	1	10.1193
XM_003338763.2	3453	3254	0	0
XM_003338764.2	1146	947	0	0
XM_003338766.2	387	188	0	0
XM_003338767.1	708	509	0	0
XM_003338771.2	1341	1142	0	0
XM_003338772.1	450	251	0	0
XM_003338773.1	360	161	0	0
XM_003338776.2	1810	1611	0	0
XM_003338778.2	2081	1882	6	45.7144
XM_003338779.2	3255	3056	4.21473	19.776
XM_003338780.2	1822	1623	8.23936	72.7942
XM_003338781.1	405	206	0	0
XM_003338787.2	777	578	0	0
XM_003338788.2	189	13.1915	0	0
XM_003338790.2	393	194	0	0
XM_003338792.2	289	90.0004	0	0
XM_003338793.1	843	644	0	0
XM_003338795.2	1734	1535	1	9.34142
XM_003338796.2	933	734	0	0
XM_003338797.2	4249	4050	0	0
XM_003338798.2	1247	1048	0	0
XM_003338799.2	406	207	0	0
XM_003338801.2	267	68.0268	0	0
XM_003338803.2	780	581	0	0
XM_003338806.1	546	347	0	0
XM_003338807.2	880	681	3	63.1678
XM_003338808.1	423	224	2	128.028
XM_003338809.1	366	167	0	0
XM_003338811.1	660	461	0	0
XM_003338815.1	360	161	0	0
XM_003338818.2	831	632	1	22.6884
XM_003338819.2	600	401	0.5	17.8792
XM_003338823.2	4587	4388	0	0
XM_003338824.2	752	553	0	0
XM_003338826.1	1470	1271	0	0
XM_003338827.2	237	39.4185	0	0
XM_003338828.2	528	329	0	0
XM_003338829.1	609	410	0	0
XM_003338830.2	3984	3785	0	0
XM_003338832.1	459	260	0	0
XM_003338833.2	1425	1226	0	0
XM_003338835.1	403	204	0	0
XM_003338837.1	1809	1610	0	0
XM_003338839.2	1095	896	0	0
XM_003338840.1	1395	1196	0	0
XM_003338843.2	429	230	0	0
XM_003338844.2	4386	4187	0	0
XM_003338845.1	573	374	0	0
XM_003338847.2	224	29.2345	0	0
XM_003338852.2	1142	943	19.5561	297.367
XM_003338853.1	336	137	0	0
XM_003338862.1	519	320	0	0
XM_003338865.2	1314	1115	0	0
XM_003338866.2	485	286	0	0
XM_003338867.2	333	134	0	0
XM_003338868.2	2961	2762	0	0
XM_003338869.2	1506	1307	0	0
XM_003338870.2	1241	1042	0	0
XM_003338872.2	3532	3333	0	0
XM_003338873.2	927	728	12.8144	252.4
XM_003338875.1	381	182	0	0
XM_003338876.2	372	173	0	0
XM_003338877.1	336	137	0	0
XM_003338878.2	197	15.5846	0	0
XM_003338879.2	2783	2584	4.27068	23.6988
XM_003338880.2	1836	1637	0	0
XM_003338883.2	284	85.0011	0	0
XM_003338884.1	1181	982	0	0
XM_003338885.2	995	796	0	0
XM_003338889.2	641	442	0	0
XM_003338892.2	676	477	0	0
XM_003338893.1	393	194	0	0
XM_003338894.2	239	41.1625	0	0
XM_003338897.2	309	110	0	0
XM_003338898.2	510	311	1	46.1064
XM_003338902.2	3996	3797	0	0
XM_003338903.2	319	120	0	0
XM_003338904.1	1353	1154	0	0
XM_003338905.2	789	590	0	0
XM_003338907.1	333	134	0	0
XM_003338910.2	1692	1493	0	0
XM_003338911.1	660	461	0	0
XM_003338913.2	701	502	0	0
XM_003338914.1	351	152	0	0
XM_003338916.2	650	451	0	0
XM_003338922.1	330	131	0	0
XM_003338923.2	2314	2115	3	20.3391
XM_003338925.2	2028	1829	0	0
XM_003338927.2	1643	1444	0	0
XM_003338928.2	1562	1363	0	0
XM_003338933.2	1299	1100	0	0
XM_003338934.1	1080	881	0	0
XM_003338937.2	1511	1312	0	0
XM_003338939.2	603	404	0	0
XM_003338942.1	1599	1400	0	0
XM_003338943.1	1353	1154	0	0
XM_003338944.1	429	230	0	0
XM_003338946.2	1543	1344	3	32.0069
XM_003338947.2	954	755	0	0
XM_003338948.2	381	182	0	0
XM_003338950.1	549	350	0	0
XM_003338951.1	405	206	0	0
XM_003338954.1	471	272	0	0
XM_003338955.2	825	626	1	22.9059
XM_003338956.1	498	299	0	0
XM_003338957.2	178	10.7156	0	0
XM_003338958.2	449	250	0	0
XM_003338959.2	1968	1769	0	0
XM_003338961.2	225	29.9375	0	0
XM_003338963.2	2351	2152	2.60192	17.337
XM_003338964.1	699	500	0	0
XM_003338966.2	2868	2669	0	0
XM_003338969.1	426	227	0	0
XM_003338970.2	639	440	0	0
XM_003338973.1	651	452	0	0
XM_003338974.2	342	143	0	0
XM_003338975.2	750	551	0	0
XM_003338977.2	242	43.8484	0	0
XM_003338978.2	302	103	0	0
XM_003338979.2	1752	1553	1	9.23315
XM_003339438.2	929	730	0	0
XM_003888421.1	201	17.0167	0	0
XM_003888422.1	1341	1142	0	0
XM_003888423.1	159	7.91627	0	0
XM_003888424.1	315	116	0	0
XM_003888425.1	555	356	0	0
XM_003888426.1	291	92.0002	0	0
XM_003888427.1	1212	1013	0	0
XM_003888428.1	2146	1947	0	0
XM_003888429.1	1549	1350	1	10.6215
XM_003888430.1	492	293	1	48.9389
XM_003888431.1	267	68.0268	0	0
XM_003888432.1	873	674	0	0
XM_003888433.1	1488	1289	0	0
XM_003888434.1	153	7.28986	0	0
XM_003888435.1	363	164	0	0
XM_003888436.1	2109	1910	0	0
XM_003888437.1	1157	958	0	0
XM_003888438.1	4314	4115	0	0
XM_003888439.1	180	11.1077	0	0
XM_003888440.1	5378	5179	4	11.0748
XM_003888441.1	159	7.91627	0	0
XM_003888442.1	1158	959	0	0
XM_003888443.1	1110	911	0	0
XM_003888444.1	2100	1901	1	7.54292
XM_003888445.1	337	138	0	0
XM_003888446.1	1056	857	0	0
XM_003888447.1	519	320	0	0
XM_003888448.1	480	281	0	0
XM_003888449.1	540	341	0	0
XM_003888450.1	2134	1935	0	0
XM_003888451.1	1602	1403	0	0
XM_003888452.1	213	22.4695	0	0
XM_003888453.1	282	83.0016	0	0
XM_003888454.1	747	548	0	0
XM_003888455.1	642	443	0	0
XM_003888456.1	1848	1649	0	0
XM_003888457.1	183	11.741	0	0
XM_003888458.1	882	683	0	0
XM_003888459.1	1201	1002	0	0
XM_003888460.1	773	574	2	49.962
XM_003888461.1	248	49.4247	0	0
XM_003888462.1	972	773	0	0
XM_003888463.1	573	374	0	0
XM_003888464.1	618	419	1	34.2222
XM_003888465.1	1752	1553	0	0
XM_003888466.1	555	356	0	0
XM_003888467.1	786	587	0	0
XM_003888468.1	774	575	0	0
XM_003888469.1	159	7.91627	0	0
XM_003888470.1	885	686	0	0
XM_003888471.1	345	146	0	0
XM_003888472.1	1271	1072	0	0
XM_003888473.1	1356	1157	0	0
XM_003888474.1	636	437	0	0
XM_003888475.1	672	473	0	0
XM_003888476.1	747	548	0	0
XM_003888477.1	240	42.049	0	0
XM_003888478.1	537	338	0	0
XM_003888479.1	441	242	0	0
XM_003888480.1	3232	3033	1	4.72769
XM_003888481.1	747	548	0	0
XM_003888482.1	624	425	0	0
XM_003888483.1	567	368	0	0
XM_003888484.1	1341	1142	0	0
XM_003888485.1	252	53.2554	0	0
XM_003888486.1	522	323	0	0
XM_003888487.1	792	593	0	0
XM_003888488.1	1701	1502	0	0
XM_003888489.1	648	449	0	0
XM_003888490.1	855	656	0	0
XM_003888491.1	957	758	0	0
XM_003888492.1	1410	1211	0	0
XM_003888493.1	696	497	0	0
XM_003888494.1	252	53.2554	0	0
XM_003888495.1	387	188	0	0
XM_003888496.1	199	16.2791	0	0
XM_003888497.1	1236	1037	0	0
XM_003888498.1	381	182	0	0
XM_003888499.1	570	371	0	0
XM_003888500.1	6425	6226	0.998294	2.29917
XM_003888501.1	1017	818	0	0
XM_003888502.1	2439	2240	3	19.2041
XM_003888503.1	399	200	0	0
XM_003888504.1	174	9.99669	0	0
XM_003888505.1	495	296	0	0
XM_003888506.1	450	251	0	0
XM_003888507.1	1221	1022	1	14.0304
XM_003888508.1	1298	1099	3	39.1422
XM_003888509.1	496	297	0	0
XM_003888510.1	516	317	0	0
XM_003888511.1	1626	1427	0	0
XM_003888512.1	210	20.9285	1	685.147
XM_003888513.1	459	260	0	0
XM_003888514.1	933	734	0	0
XM_003888515.1	240	42.049	0	0
XM_003888516.1	956	757	1	18.942
XM_003888517.1	1107	908	0	0
XM_003888518.1	426	227	0	0
XM_003888519.1	460	261	0	0
XM_003888520.1	435	236	0	0
XM_003888521.1	483	284	0	0
XM_003888522.1	393	194	0	0
XM_003888523.1	1125	926	0	0
XM_003888524.1	528	329	0	0
XM_003888525.1	456	257	0	0
XM_003888526.1	1053	854	0	0
XM_003888527.1	948	749	0	0
XM_003888528.1	447	248	0	0
XM_003888529.1	225	29.9375	0	0
XM_003888530.1	216	24.1385	0	0
XM_003888531.1	609	410	3	104.92
XM_003888532.1	312	113	0	0
XM_003888533.1	194	14.6185	0	0
XM_003888534.1	312	113	0	0
XM_003888535.1	428	229	0	0
XM_003888536.1	1652	1453	0	0
XM_003888537.1	389	190	0	0
XM_003888538.1	297	98.0001	0	0
XM_003888539.1	210	20.9285	0	0
XM_003888540.1	2594	2395	3	17.9613
XM_003888541.1	1187	988	3	43.5397
XM_003888542.1	3289	3090	1	4.64048
XM_003888543.1	1149	950	0	0
XM_003888544.1	437	238	0	0
XM_003888545.1	525	326	1	43.9849
XM_003888546.1	663	464	0	0
XM_003888547.1	3954	3755	6	22.912
XM_003888548.1	4111	3912	1	3.66541
XM_003888549.1	1500	1301	0	0
XM_003888550.1	387	188	0	0
XM_003888551.1	354	155	0	0
XM_003888552.1	750	551	0	0
XM_003888553.1	186	12.4336	0	0
XM_003888554.1	351	152	0	0
XM_003888555.1	1077	878	2	32.6631
XM_003888556.1	1671	1472	0	0
XM_003888557.1	165	8.64817	0	0
XM_003888558.1	1038	839	0	0
XM_003888559.1	1444	1245	2	23.0347
XM_003888560.1	323	124	0	0
XM_003888561.1	333	134	0	0
XM_003888562.1	741	542	0	0
XM_003888563.1	1155	956	0	0
XM_003888564.1	1032	833	0	0
XM_003888565.1	650	451	0	0
XM_003888566.1	1606	1407	0	0
XM_003888567.1	1566	1367	0	0
XM_003888568.1	1323	1124	0	0
XM_003888569.1	234	36.8813	0	0
XM_003888570.1	360	161	0	0
XM_003888571.1	1095	896	0	0
XM_003888572.1	153	7.28986	0	0
XM_003888573.1	2530	2331	2	12.3029
XM_003888574.1	459	260	0	0
XM_003888575.1	1194	995	0	0
XM_003888576.1	627	428	0	0
XM_003888577.1	534	335	0	0
XM_003888578.1	525	326	0	0
XM_003888579.1	248	49.4247	1	290.12
XM_003888580.1	408	209	0	0
XM_003888581.1	600	401	0	0
XM_003888582.1	336	137	0	0
XM_003888583.1	1968	1769	0	0
XM_003888584.1	627	428	0	0
XM_003888585.1	543	344	0	0
XM_003888586.1	1704	1505	0	0
XM_003888587.1	836	637	0	0
XM_003888588.1	1599	1400	0	0
XM_003888589.1	1590	1391	0	0
XM_003888590.1	839	640	0	0
XM_003888591.1	2353	2154	1.67182	11.1292
XM_003888592.1	2982	2783	0	0
XM_003888593.1	852	653	0	0
XM_003888594.1	423	224	0	0
XM_003888595.1	927	728	0	0
XM_003888596.1	2064	1865	2	15.377
XM_003888597.1	3016	2817	1.55207	7.90032
XM_003888598.1	237	39.4185	0	0
XM_003888599.1	808	609	0	0
XM_003888600.1	981	782	0	0
XM_003888601.1	240	42.049	0	0
XM_003888602.1	915	716	0	0
XM_003888603.1	843	644	0	0
XM_003888604.1	573	374	0	0
XM_003888605.1	2085	1886	0	0
XM_003888606.1	565	366	0	0
XM_003888607.1	1137	938	0	0
XM_003888608.1	921	722	0	0
XM_003888609.1	1080	881	0	0
XM_003888610.1	1764	1565	0	0
XM_003888611.1	1257	1058	0	0
XM_003888612.1	4425	4226	1.2955	4.39572
XM_003888613.1	375	176	0	0
XM_003888614.1	1412	1213	0	0
XM_003888615.1	2467	2268	3.99708	25.271
XM_003888616.1	3291	3092	0	0
XM_003888617.1	528	329	0	0
XM_003888618.1	1947	1748	0	0
XM_003888619.1	490	291	0	0
XM_003888620.1	150	7.01018	0	0
XM_003888621.1	207	19.5103	0	0
XM_003888622.1	672	473	0	0
XM_003888623.1	1056	857	0	0
XM_003888624.1	4206	4007	2	7.15702
XM_003888625.1	234	36.8813	0	0
XM_003888626.1	324	125	2	229.425
XM_003888627.1	892	693	0	0
XM_003888628.1	195	14.9308	0	0
XM_003888629.1	222	27.8721	0	0
XM_003888630.1	2222	2023	0	0
XM_003888631.1	2696	2497	2	11.4851
XM_003888632.1	2465	2266	1	6.32793
XM_003888633.1	1647	1448	0	0
XM_003888634.1	1752	1553	0	0
XM_003888635.1	1811	1612	31.3369	278.748
XM_003888636.1	334	135	0	0
XM_003888637.1	2120	1921	2	14.9288
XM_003888638.1	312	113	0	0
XM_003888639.1	305	106	0	0
XM_003888640.1	592	393	5	182.431
XM_003888641.1	180	11.1077	0	0
XM_003888642.1	318	119	0	0
XM_003888643.1	195	14.9308	0	0
XM_003888644.1	594	395	0	0
XM_003888645.1	718	519	0	0
XM_003888646.1	480	281	0	0
XM_003888647.1	450	251	0	0
XM_003888648.1	756	557	0	0
XM_003888649.1	873	674	0	0
XM_003888650.1	1095	896	0	0
XM_003888651.1	2640	2441	0	0
XM_003888652.1	1329	1130	0	0
XM_003888653.1	1095	896	0	0
XM_003888654.1	543	344	0	0
XM_003888655.1	1536	1337	0	0
XM_003888656.1	747	548	0	0
XM_003888657.1	2932	2733	8	41.9732
XM_003888658.1	3534	3335	0	0
XM_003888659.1	399	200	0	0
XM_003888660.1	189	13.1915	0	0
XM_003888661.1	3474	3275	0	0
XM_003888662.1	363	164	0	0
XM_003888663.1	276	77.0053	0	0
XM_003888664.1	236	38.5618	0	0
XM_003888665.1	684	485	0	0
XM_003888666.1	2968	2769	0	0
XM_003888667.1	168	9.06081	0	0
XM_003888668.1	567	368	0	0
XM_003888669.1	4736	4537	22	69.5305
XM_003888670.1	1330	1131	0	0
XM_003888671.1	2430	2231	2	12.8544
XM_003888672.1	1522	1323	2.34337	25.3982
XM_003888673.1	2832	2633	3	16.3377
XM_003888674.1	264	65.044	1	220.452
XM_003888675.1	1522	1323	2	21.6766
XM_003888676.1	156	7.59116	0	0
XM_003888677.1	601	402	0	0
XM_003888678.1	1678	1479	0	0
XM_003888679.1	156	7.59116	0	0
XM_003888680.1	996	797	0	0
XM_003888681.1	2100	1901	0	0
XM_003888682.1	324	125	0	0
XM_003888683.1	489	290	0	0
XM_003888684.1	642	443	0	0
XM_003888685.1	165	8.64817	0	0
XM_003888686.1	3916	3717	4	15.4308
XM_003888687.1	1278	1079	0	0
XM_003888688.1	204	18.2087	0	0
XM_003888689.1	284	85.0011	0	0
XM_003888690.1	1937	1738	1	8.25034
XM_003888691.1	3511	3312	0	0
XM_003888692.1	2785	2586	7	38.8142
XM_003888693.1	565	366	0	0
XM_003888694.1	532	333	0	0
XM_003888695.1	159	7.91627	0	0
XM_003888696.1	255	56.1701	0	0
XM_003888697.1	795	596	0	0
XM_003888698.1	386	187	0	0
XM_003888699.1	177	10.528	0	0
XM_003888700.1	329	130	0	0
XM_003888701.1	645	446	1	32.1504
XM_003888702.1	4003	3804	0	0
XM_003888703.1	180	11.1077	0	0
XM_003888704.1	228	32.1317	0	0
XM_003888705.1	1209	1010	0.000899269	0.012767
XM_003888706.1	1140	941	0	0
XM_003888707.1	2610	2411	0	0
XM_003888708.1	1113	914	0	0
XM_003888709.1	2325	2126	0	0
XM_003888710.1	330	131	1	109.459
XM_003888711.1	1791	1592	1	9.00696
XM_003888712.1	159	7.91627	0	0
XM_003888713.1	588	389	0	0
XM_003888714.1	1353	1154	0	0
XM_003888715.1	693	494	0	0
XM_003888716.1	555	356	0	0
XM_003888717.1	3483	3284	0	0
XM_003888718.1	554	355	0	0
XM_003888719.1	305	106	0	0
XM_003888720.1	477	278	0	0
XM_003888721.1	447	248	0	0
XM_003888722.1	933	734	0	0
XM_003888723.1	438	239	0	0
XM_003888724.1	309	110	0	0
XM_003888725.1	453	254	0	0
XM_003888726.1	570	371	0	0
XM_003888727.1	1335	1136	0	0
XM_003888728.1	510	311	0	0
XM_003888729.1	291	92.0002	0	0
XM_003888730.1	2413	2214	0	0
XM_003888731.1	1326	1127	0	0
XM_003888732.1	777	578	3	74.4243
XM_003888733.1	261	62.0706	0	0
XM_003888734.1	174	9.99669	0	0
XM_003888735.1	429	230	0	0
XM_003888736.1	921	722	0	0
XM_003888737.1	453	254	0	0
XM_003888738.1	985	786	1	18.2431
XM_003888739.1	255	56.1701	0	0
XM_003888740.1	225	29.9375	0	0
XM_003888741.1	1880	1681	1	8.53009
XM_003888742.1	544	345	0	0
XM_003888743.1	1453	1254	0	0
XM_003888744.1	443	244	0	0
XM_003888745.1	675	476	0	0
XM_003888746.1	1011	812	2	35.3179
XM_003888747.1	1214	1015	16	226.035
XM_003888748.1	303	104	8	1103.01
XM_003888749.1	378	179	0	0
XM_003888750.1	474	275	0	0
XM_003888751.1	1341	1142	0	0
XM_003888752.1	207	19.5103	0	0
XM_003888753.1	2985	2786	1	5.14684
XM_003888754.1	1539	1340	0	0
XM_003888755.1	525	326	0	0
XM_003888756.1	2778	2579	0	0
XM_003888757.1	412	213	0	0
XM_003888758.1	192	14.0216	0	0
XM_003888759.1	2340	2141	3	20.0921
XM_003888760.1	939	740	0	0
XM_003888761.1	1375	1176	0	0
XM_003888762.1	1287	1088	0	0
XM_003888763.1	186	12.4336	0	0
XM_003888764.1	630	431	0	0
XM_003888765.1	798	599	1	23.9384
XM_003888766.1	273	74.0093	0	0
XM_003888767.1	843	644	0	0
XM_003888768.1	330	131	0	0
XM_003888769.1	1578	1379	5	51.9909
XM_003888770.1	1862	1663	8	68.9794
XM_003888771.1	1761	1562	0	0
XM_003888772.1	1761	1562	0	0
XM_003888773.1	2782	2583	1	5.55133
XM_003888774.1	1884	1685	0	0
XM_003888775.1	423	224	0	0
XM_003888776.1	318	119	0	0
XM_003888777.1	1569	1370	0	0
XM_003888778.1	333	134	0	0
XM_003888779.1	357	158	0	0
XM_003888780.1	846	647	0	0
XM_003888781.1	228	32.1317	0	0
XM_003888782.1	1229	1030	0	0
XM_003888783.1	528	329	0	0
XM_003888784.1	168	9.06081	0	0
XM_003888785.1	3138	2939	0	0
XM_003888786.1	2460	2261	0	0
XM_003888787.1	3156	2957	0	0
XM_003888788.1	3386	3187	4	17.997
XM_003888789.1	294	95.0001	0	0
XM_003888790.1	240	42.049	0	0
XM_003888791.1	273	74.0093	0	0
XM_003888792.1	309	110	0	0
XM_003888793.1	195	14.9308	0	0
XM_003888794.1	201	17.0167	0	0
XM_003888795.1	207	19.5103	0	0
XM_003888796.1	387	188	0	0
XM_003888797.1	1968	1769	3	24.3173
XM_003888798.1	462	263	0	0
XM_003888799.1	2718	2519	1	5.69237
XM_003888800.1	2292	2093	0	0
XM_003888801.1	324	125	0	0
XM_003888802.1	921	722	0	0
XM_003888803.1	339	140	0	0
XM_003888804.1	213	22.4695	0	0
XM_003888805.1	2935	2736	1	5.24089
XM_003888806.1	171	9.50903	4	6031.77
XM_003888807.1	312	113	0	0
XM_003888808.1	2651	2452	0	0
XM_003888809.1	506	307	0	0
XM_003888810.1	1526	1327	2.93092	31.6705
XM_003888811.1	201	17.0167	0	0
XM_003888812.1	363	164	0	0
XM_003888813.1	366	167	0	0
XM_003888814.1	426	227	0	0
XM_003888815.1	677	478	0	0
XM_003888816.1	1047	848	0	0
XM_003888817.1	489	290	0	0
XM_003888818.1	462	263	0	0
XM_003888819.1	848	649	0	0
XM_003888820.1	1872	1673	0	0
XM_003888821.1	1608	1409	0	0
XM_003888822.1	2268	2069	3	20.7913
XM_003888823.1	306	107	0	0
XM_003888824.1	921	722	0	0
XM_003888825.1	262	63.0604	0	0
XM_003888826.1	243	44.7603	0	0
XM_003888827.1	390	191	0	0
XM_003888828.1	978	779	2	36.8141
XM_003888829.1	3141	2942	2	9.74785
XM_003888830.1	243	44.7603	0	0
XM_003888831.1	234	36.8813	0	0
XM_003888832.1	1812	1613	2	17.7794
XM_003888833.1	327	128	0	0
XM_003888834.1	258	59.1108	0	0
XM_003888835.1	2392	2193	0	0
XM_003888836.1	171	9.50903	0	0
XM_003888837.1	2707	2508	1	5.71734
XM_003888838.1	4304	4105	1	3.49308
XM_003888839.1	362	163	0	0
XM_003888840.1	2146	1947	0	0
XM_003888841.1	1144	945	0	0
XM_003888842.1	1713	1514	0	0
XM_003888843.1	999	800	0	0
XM_003888844.1	2106	1907	0	0
XM_003888845.1	743	544	0	0
XM_003888846.1	405	206	1	69.6072
XM_003888847.1	3119	2920	0	0
XM_003888848.1	1257	1058	0	0
XM_003888849.1	2150	1951	2	14.6992
XM_003888850.1	1299	1100	5	65.1777
XM_003888851.1	1279	1080	0	0
XM_003888852.1	162	8.26769	0	0
XM_003888853.1	201	17.0167	0	0
XM_003888854.1	1125	926	0	0
XM_003888855.1	489	290	0	0
XM_003888856.1	1418	1219	22	258.786
XM_003888857.1	2104	1905	5	37.6354
XM_003888858.1	646	447	2	64.157
XM_003888859.1	738	539	0	0
XM_003888860.1	744	545	0	0
XM_003888861.1	216	24.1385	0	0
XM_003888862.1	645	446	0	0
XM_003888863.1	2497	2298	0	0
XM_003888864.1	1461	1262	0	0
XM_003888865.1	840	641	0	0
XM_003888866.1	2241	2042	5	35.1104
XM_003888867.1	2742	2543	0	0
XM_003888868.1	1639	1440	2	19.9154
XM_003888869.1	387	188	0	0
XM_003888870.1	1272	1073	0	0
XM_003888871.1	180	11.1077	0	0
XM_003888872.1	270	71.016	0	0
XM_003888873.1	1488	1289	0	0
XM_003888874.1	342	143	0	0
XM_003888875.1	1930	1731	12.7234	105.397
XM_003888876.1	1623	1424	0	0
XM_003888877.1	984	785	0	0
XM_003888878.1	585	386	0	0
XM_003888879.1	216	24.1385	0	0
XM_003888880.1	752	553	0	0
XM_003888881.1	153	7.28986	0	0
XM_003888882.1	1017	818	0	0
XM_003888883.1	315	116	0	0
XM_003888884.1	645	446	0	0
XM_003888885.1	930	731	0	0
XM_003888886.1	1602	1403	0	0
XM_003888887.1	432	233	0	0
XM_003888888.1	252	53.2554	0	0
XM_003888889.1	285	86.0009	0	0
XM_003888890.1	993	794	0	0
XM_003888891.1	660	461	0	0
XM_003888892.1	1716	1517	0	0
XM_003888893.1	906	707	0	0
XM_003888894.1	240	42.049	0	0
XM_003888895.1	228	32.1317	0	0
XM_003888896.1	342	143	0	0
XM_003888897.1	966	767	0	0
XM_003888898.1	399	200	0	0
XM_003888899.1	225	29.9375	0	0
XM_003888900.1	939	740	0	0
XM_003888901.1	1794	1595	0	0
XM_003888902.1	1260	1061	0	0
XM_003888903.1	180	11.1077	0	0
XM_003888904.1	1174	975	1	14.7068
XM_003888905.1	158	7.80511	0	0
XM_003888906.1	1887	1688	0.999931	8.49413
XM_003888907.1	717	518	0	0
XM_003888908.1	597	398	0	0
XM_003888909.1	4055	3856	0	0
XM_003888910.1	747	548	0	0
XM_003888911.1	717	518	0	0
XM_003888912.1	1161	962	0	0
XM_003888913.1	285	86.0009	0	0
XM_003888914.1	1629	1430	0	0
XM_003888915.1	255	56.1701	0	0
XM_003888916.1	2367	2168	3	19.8419
XM_003888917.1	189	13.1915	0	0
XM_003888918.1	1854	1655	0	0
XM_003888919.1	1528	1329	1	10.7894
XM_003888920.1	2628	2429	0	0
XM_003888921.1	153	7.28986	0	0
XM_003888922.1	4236	4037	2	7.10383
XM_003888923.1	1469	1270	1	11.2906
XM_003888924.1	2463	2264	0	0
XM_003888925.1	1090	891	0	0
XM_003888926.1	153	7.28986	0	0
XM_003888927.1	437	238	0	0
XM_003888928.1	3963	3764	0	0
XM_003888929.1	2343	2144	0	0
XM_003888930.1	417	218	0	0
XM_003888931.1	984	785	0	0
XM_003888932.1	1649	1450	0	0
XM_003888933.1	168	9.06081	0	0
XM_003888934.1	1112	913	5	78.5273
XM_003888935.1	323	124	1	115.638
XM_003888936.1	981	782	0	0
XM_003888937.1	393	194	0	0
XM_003888938.1	282	83.0016	0	0
XM_003888939.1	150	7.01018	0	0
XM_003888940.1	600	401	0	0
XM_003888941.1	330	131	0	0
XM_003888942.1	522	323	0	0
XM_003888943.1	1938	1739	4	32.9824
XM_003888944.1	254	55.1953	0	0
XM_003888945.1	3068	2869	9	44.9814
XM_003888946.1	376	177	0	0
XM_003888947.1	979	780	0	0
XM_003888948.1	1772	1573	0	0
XM_003888949.1	876	677	0	0
XM_003888950.1	975	776	0	0
XM_003888951.1	2616	2417	0	0
XM_003888952.1	1299	1100	0	0
XM_003888953.1	1458	1259	6	68.3356
XM_003888954.1	804	605	0	0
XM_003888955.1	216	24.1385	0	0
XM_003888956.1	681	482	0	0
XM_003888957.1	180	11.1077	0	0
XM_003888958.1	510	311	1	46.1064
XM_003888959.1	264	65.044	2	440.904
XM_003888960.1	339	140	0	0
XM_003888961.1	321	122	0	0
XM_003888962.1	765	566	0	0
XM_003888963.1	510	311	0	0
XM_003888964.1	2427	2228	0	0
XM_003888965.1	1575	1376	0	0
XM_003888966.1	6858	6659	2	4.30668
XM_003888967.1	927	728	0	0
XM_003888968.1	1230	1031	0	0
XM_003888969.1	2580	2381	0	0
XM_003888970.1	642	443	0	0
XM_003888971.1	5448	5249	0	0
XM_003888972.1	726	527	0	0
XM_003888973.1	1324	1125	0	0
XM_003888974.1	730	531	1	27.0039
XM_003888975.1	458	259	0	0
XM_003888976.1	756	557	1	25.7434
XM_003888977.1	918	719	0	0
XM_003888978.1	688	489	2	58.6466
XM_003888979.1	661	462	0	0
XM_003888980.1	663	464	0	0
XM_003888981.1	688	489	0	0
XM_003888982.1	1438	1239	2	23.1462
XM_003888983.1	531	332	0	0
XM_003888984.1	957	758	0	0
XM_003888985.1	909	710	0	0
XM_003888986.1	978	779	0	0
XM_003888987.1	291	92.0002	0	0
XM_003888988.1	6260	6061	0.000773192	0.00182922
XM_003888989.1	1151	952	0	0
XM_003888990.1	303	104	1	137.876
XM_003888991.1	697	498	3	86.38
XM_003888992.1	3183	2984	0	0
XM_003888993.1	720	521	0	0
XM_003888994.1	3157	2958	15.9997	77.5596
XM_003888995.1	1194	995	0	0
XM_003888996.1	969	770	0	0
XM_003888997.1	2707	2508	0	0
XM_003888998.1	396	197	0	0
XM_003888999.1	2086	1887	0	0
XM_003889000.1	507	308	0	0
XM_003889001.1	267	68.0268	0	0
XM_003889002.1	363	164	0	0
XM_003889003.1	2766	2567	0	0
XM_003889004.1	2574	2375	0	0
XM_003889005.1	696	497	1	28.8513
XM_003889006.1	249	50.3754	0	0
XM_003889007.1	1545	1346	2	21.3062
XM_003889008.1	2390	2191	1.17594	7.69598
XM_003889009.1	1122	923	0	0
XM_003889010.1	915	716	0	0
XM_003889011.1	732	533	1	26.9026
XM_003889012.1	861	662	0	0
XM_003889013.1	495	296	0	0
XM_003889014.1	1605	1406	0	0
XM_003889015.1	1599	1400	0	0
XM_003889016.1	954	755	0	0
XM_003889017.1	285	86.0009	0	0
XM_003889018.1	168	9.06081	0	0
XM_003889019.1	1665	1466	1	9.7811
XM_003889020.1	519	320	0	0
XM_003889021.1	255	56.1701	0	0
XM_003889022.1	4242	4043	1	3.54665
XM_003889023.1	270	71.016	0	0
XM_003889024.1	2290	2091	1	6.85753
XM_003889025.1	213	22.4695	0	0
XM_003889026.1	744	545	0	0
XM_003889027.1	495	296	0	0
XM_003889028.1	201	17.0167	0	0
XM_003889029.1	315	116	0	0
XM_003889030.1	1715	1516	4	37.834
XM_003889031.1	399	200	0	0
XM_003889032.1	1445	1246	0	0
XM_003889033.1	708	509	0	0
XM_003889034.1	393	194	0	0
XM_003889035.1	441	242	0	0
XM_003889036.1	306	107	0	0
XM_003889037.1	756	557	0	0
XM_003889038.1	2076	1877	0	0
XM_003889039.1	249	50.3754	0	0
XM_003889040.1	1773	1574	0	0
XM_003889041.1	216	24.1385	0	0
XM_003889042.1	1047	848	0	0
XM_003889043.1	1197	998	0	0
XM_003889044.1	300	101	0	0
XM_003889045.1	660	461	0	0
XM_003889046.1	1518	1319	0	0
XM_003889047.1	306	107	0	0
XM_003889048.1	1128	929	0	0
XM_003889049.1	1277	1078	0	0
XM_003889050.1	421	222	0	0
XM_003889051.1	1023	824	32	556.858
XM_003889052.1	363	164	0	0
XM_003889053.1	938	739	0	0
XM_003889054.1	952	753	0	0
XM_003889055.1	1980	1781	0	0
XM_003889056.1	1163	964	0	0
XM_003889057.1	2096	1897	0	0
XM_003889058.1	285	86.0009	0	0
XM_003889059.1	243	44.7603	0	0
XM_003889060.1	811	612	2	46.8598
XM_003889061.1	1791	1592	0	0
XM_003889062.1	1415	1216	0	0
XM_003889063.1	765	566	4	101.336
XM_003889064.1	571	372	0	0
XM_003889065.1	219	25.9389	0	0
XM_003889066.1	330	131	0	0
XM_003889067.1	614	415	6	207.312
XM_003889068.1	798	599	0	0
XM_003889069.1	288	89.0004	0	0
XM_003889070.1	177	10.528	1	1361.99
XM_003889071.1	234	36.8813	0	0
XM_003889072.1	1724	1525	0	0
XM_003889073.1	4580	4381	3	9.81905
XM_003889074.1	168	9.06081	0	0
XM_003889075.1	288	89.0004	0	0
XM_003889076.1	1551	1352	0	0
XM_003889077.1	381	182	0	0
XM_003889078.1	939	740	0	0
XM_003889079.1	790	591	0	0
XM_003889080.1	192	14.0216	0	0
XM_003889081.1	1633	1434	0	0
XM_003889082.1	1714	1515	0	0
XM_003889083.1	895	696	0	0
XM_003889084.1	243	44.7603	0	0
XM_003889085.1	522	323	0	0
XM_003889086.1	490	291	0	0
XM_003889087.1	204	18.2087	0	0
XM_003889088.1	1242	1043	0	0
XM_003889089.1	1224	1025	0	0
XM_003889090.1	250	51.331	0	0
XM_003889091.1	627	428	0	0
XM_003889092.1	1593	1394	0	0
XM_003889093.1	240	42.049	0	0
XM_003889094.1	1933	1734	2	16.5387
XM_003889095.1	228	32.1317	0	0
XM_003889096.1	939	740	1	19.3771
XM_003889097.1	2180	1981	0	0
XM_003889098.1	528	329	0	0
XM_003889099.1	1125	926	0	0
XM_003889100.1	2663	2464	0	0
XM_003889101.1	186	12.4336	0	0
XM_003889102.1	1453	1254	2	22.8694
XM_003889103.1	207	19.5103	0	0
XM_003889104.1	940	741	0	0
XM_003889105.1	2680	2481	4	23.1182
XM_003889106.1	216	24.1385	0	0
XM_003889107.1	943	744	0	0
XM_003889108.1	3059	2860	3	15.041
XM_003889109.1	352	153	0	0
XM_003889110.1	450	251	0	0
XM_003889111.1	1335	1136	3	37.8673
XM_003889112.1	1743	1544	0	0
XM_003889113.1	2036	1837	0	0
XM_003889114.1	549	350	0	0
XM_003889115.1	348	149	0	0
XM_003889116.1	1113	914	0	0
XM_003889117.1	900	701	0	0
XM_003889118.1	582	383	5	187.194
XM_003889119.1	899	700	0	0
XM_003889120.1	804	605	0	0
XM_003889121.1	2235	2036	0	0
XM_003889122.1	945	746	0	0
XM_003889123.1	249	50.3754	0	0
XM_003889124.1	5053	4854	10.8201	31.9634
XM_003889125.1	255	56.1701	0	0
XM_003889126.1	6335	6136	6	14.0213
XM_003889127.1	675	476	0	0
XM_003889128.1	201	17.0167	0	0
XM_003889129.1	204	18.2087	0	0
XM_003889130.1	675	476	0	0
XM_003889131.1	186	12.4336	0	0
XM_003889132.1	267	68.0268	0	0
XM_003889133.1	1563	1364	0	0
XM_003889134.1	2237	2038	1	7.03586
XM_003889135.1	171	9.50903	0	0
XM_003889136.1	401	202	0	0
XM_003889137.1	1121	922	11	171.074
XM_003889138.1	285	86.0009	0	0
XM_003889139.1	1002	803	0	0
XM_003889140.1	318	119	0	0
XM_003889141.1	294	95.0001	0	0
XM_003889142.1	267	68.0268	0	0
XM_003889143.1	813	614	0	0
XM_003889144.1	174	9.99669	0	0
XM_003889145.1	1047	848	0	0
XM_003889146.1	522	323	0	0
XM_003889147.1	285	86.0009	0	0
XM_003889148.1	5220	5021	30	85.6747
XM_003889149.1	528	329	0	0
XM_003889150.1	522	323	0	0
XM_003889151.1	291	92.0002	0	0
XM_003889152.1	1188	989	0	0
XM_003889153.1	1461	1262	0	0
XM_003889154.1	211	21.4282	0	0
XM_003889155.1	390	191	0	0
XM_003889156.1	1114	915	0	0
XM_003889157.1	345	146	3	294.639
XM_003889158.1	342	143	0	0
XM_003889159.1	627	428	1	33.5025
XM_003889160.1	744	545	0	0
XM_003889161.1	324	125	0	0
XM_003889162.1	300	101	0	0
XM_003889163.1	9383	9184	2	3.12262
XM_003889164.1	495	296	0	0
XM_003889165.1	300	101	0	0
XM_003889166.1	658	459	3	93.7195
XM_003889167.1	942	743	0	0
XM_003889168.1	2595	2396	1	5.98459
XM_003889169.1	1200	1001	0	0
XM_003889170.1	899	700	2	40.9688
XM_003889171.1	195	14.9308	0	0
XM_003889172.1	956	757	0	0
XM_003889173.1	1611	1412	1.31872	13.3918
XM_003889174.1	312	113	0	0
XM_003889175.1	165	8.64817	0	0
XM_003889176.1	294	95.0001	0	0
XM_003889177.1	171	9.50903	0	0
XM_003889178.1	171	9.50903	0	0
XM_003889179.1	600	401	0	0
XM_003889180.1	378	179	0	0
XM_003889181.1	354	155	0	0
XM_003889182.1	456	257	0	0
XM_003889183.1	858	659	0	0
XM_003889184.1	231	34.449	0	0
XM_003889185.1	204	18.2087	0	0
XM_003889186.1	681	482	0	0
XM_003889187.1	1950	1751	0	0
XM_003889188.1	1176	977	0	0
XM_003889189.1	802	603	0	0
XM_003889190.1	282	83.0016	0	0
XM_003889191.1	465	266	0	0
XM_003889192.1	663	464	0	0
XM_003889193.1	201	17.0167	0	0
XM_003889194.1	249	50.3754	0	0
XM_003889195.1	711	512	1	28.006
XM_003889196.1	678	479	0	0
XM_003889197.1	360	161	0	0
XM_003889198.1	274	75.0077	0	0
XM_003889199.1	1508	1309	0	0
XM_003889200.1	1695	1496	0	0
XM_003889201.1	876	677	0	0
XM_003889202.1	393	194	0	0
XM_003889203.1	489	290	2	98.8903
XM_003889204.1	432	233	0	0
XM_003889205.1	2475	2276	5	31.5006
XM_003889206.1	1182	983	0	0
XM_003889207.1	2565	2366	0	0
XM_003889208.1	195	14.9308	0	0
XM_003889209.1	567	368	0	0
XM_003889210.1	646	447	0	0
XM_003889211.1	354	155	0	0
XM_003889212.1	1017	818	0	0
XM_003889213.1	252	53.2554	0	0
XM_003889214.1	252	53.2554	0	0
XM_003889215.1	873	674	0	0
XM_003889216.1	885	686	0	0
XM_003889217.1	1515	1316	0	0
XM_003889218.1	192	14.0216	0	0
XM_003889219.1	264	65.044	0	0
XM_003889220.1	1533	1334	0	0
XM_003889221.1	249	50.3754	0	0
XM_003889222.1	315	116	0	0
XM_003889223.1	156	7.59116	0	0
XM_003889224.1	1314	1115	0	0
XM_003889225.1	291	92.0002	0	0
XM_003889226.1	273	74.0093	0	0
XM_003889227.1	258	59.1108	0	0
XM_003889228.1	387	188	0	0
XM_003889229.1	506	307	0	0
XM_003889230.1	1614	1415	0	0
XM_003889231.1	1548	1349	0	0
XM_003889232.1	4712	4513	0.000242342	0.000769988
XM_003889233.1	252	53.2554	1	269.251
XM_003889234.1	165	8.64817	0	0
XM_003889235.1	707	508	0	0
XM_003889236.1	1143	944	0	0
XM_003889237.1	999	800	0	0
XM_003889238.1	195	14.9308	0	0
XM_003889239.1	297	98.0001	0	0
XM_003889240.1	494	295	0	0
XM_003889241.1	228	32.1317	0	0
XM_003889242.1	1524	1325	0	0
XM_003889243.1	969	770	0	0
XM_003889244.1	1845	1646	0	0
XM_003889245.1	1290	1091	0	0
XM_003889246.1	2211	2012	0	0
XM_003889247.1	877	678	0	0
XM_003889248.1	393	194	0	0
XM_003889249.1	1886	1687	0	0
XM_003889250.1	322	123	0	0
XM_003889251.1	2490	2291	5	31.2944
XM_003889252.1	2154	1955	0	0
XM_003889253.1	1981	1782	0	0
XM_003889254.1	910	711	0	0
XM_003889255.1	780	581	0	0
XM_003889256.1	816	617	0	0
XM_003889257.1	291	92.0002	0	0
XM_003889258.1	168	9.06081	0	0
XM_003889259.1	2268	2069	0	0
XM_003889260.1	1335	1136	0	0
XM_003889261.1	228	32.1317	0	0
XM_003889262.1	1254	1055	0.5	6.79578
XM_003889263.1	291	92.0002	0	0
XM_003889264.1	2049	1850	0	0
XM_003889265.1	900	701	0.924021	18.901
XM_003889266.1	924	725	0	0
XM_003889267.1	558	359	0	0
XM_003889268.1	825	626	0	0
XM_003889269.1	1101	902	0	0
XM_003889270.1	566	367	13	507.924
XM_003889271.1	781	582	0	0
XM_003889272.1	246	47.5399	0	0
XM_003889273.1	165	8.64817	0	0
XM_003889274.1	1485	1286	2	22.3003
XM_003889275.1	723	524	0	0
XM_003889276.1	276	77.0053	0	0
XM_003889277.1	954	755	0	0
XM_003889278.1	591	392	2	73.1586
XM_003889279.1	1692	1493	0	0
XM_003889280.1	663	464	0	0
XM_003889281.1	1050	851	0	0
XM_003889282.1	4158	3959	0	0
XM_003889283.1	1803	1604	0	0
XM_003889284.1	2359	2160	3	19.9154
XM_003889285.1	2540	2341	2	12.2504
XM_003889286.1	332	133	0	0
XM_003889287.1	408	209	0	0
XM_003889288.1	693	494	0	0
XM_003889289.1	1842	1643	0	0
XM_003889290.1	5224	5025	11.1613	31.8493
XM_003889291.1	1872	1673	5	42.8544
XM_003889292.1	301	102	0	0
XM_003889293.1	807	608	0	0
XM_003889294.1	1728	1529	2	18.7562
XM_003889295.1	2118	1919	0	0
XM_003889296.1	153	7.28986	0	0
XM_003889297.1	1428	1229	0	0
XM_003889298.1	1938	1739	0	0
XM_003889299.1	291	92.0002	0	0
XM_003889300.1	450	251	2	114.256
XM_003889301.1	867	668	4	85.8628
XM_003889302.1	792	593	0	0
XM_003889303.1	3018	2819	1	5.08659
XM_003889304.1	1539	1340	0	0
XM_003889305.1	832	633	0	0
XM_003889306.1	1917	1718	0	0
XM_003889307.1	3192	2993	2.58968	12.4068
XM_003889308.1	274	75.0077	0	0
XM_003889309.1	2336	2137	3	20.1297
XM_003889310.1	930	731	0	0
XM_003889311.1	309	110	0	0
XM_003889312.1	1080	881	0	0
XM_003889313.1	1254	1055	0	0
XM_003889314.1	165	8.64817	0	0
XM_003889315.1	699	500	0	0
XM_003889316.1	183	11.741	0	0
XM_003889317.1	381	182	0	0
XM_003889318.1	366	167	0	0
XM_003889319.1	3453	3254	0	0
XM_003889320.1	714	515	0	0
XM_003889321.1	198	15.9266	0	0
XM_003889322.1	3330	3131	0	0
XM_003889323.1	1798	1599	0.00311348	0.0279202
XM_003889324.1	2307	2108	15.9969	108.814
XM_003889325.1	315	116	0	0
XM_003889326.1	231	34.449	0	0
XM_003889327.1	540	341	0	0
XM_003889328.1	858	659	0	0
XM_003889329.1	2157	1958	12	87.88
XM_003889330.1	258	59.1108	0	0
XM_003889331.1	222	27.8721	0	0
XM_003889332.1	870	671	0	0
XM_003889333.1	594	395	0	0
XM_003889334.1	204	18.2087	0	0
XM_003889335.1	592	393	0	0
XM_003889336.1	3285	3086	5	23.2325
XM_003889337.1	363	164	0	0
XM_003889338.1	342	143	0	0
XM_003889339.1	3135	2936	10	48.8389
XM_003889340.1	550	351	0	0
XM_003889341.1	234	36.8813	0	0
XM_003889342.1	276	77.0053	0	0
XM_003889343.1	1122	923	4.34315	67.4721
XM_003889344.1	1915	1716	0	0
XM_003889345.1	579	380	1	37.7344
XM_003889346.1	207	19.5103	0	0
XM_003889347.1	1455	1256	0	0
XM_003889348.1	2612	2413	2	11.8849
XM_003889349.1	1394	1195	3	35.9977
XM_003889350.1	948	749	0	0
XM_003889351.1	1023	824	0	0
XM_003889352.1	897	698	0	0
XM_003889353.1	363	164	0	0
XM_003889354.1	1886	1687	0	0
XM_003889355.1	1089	890	0	0
XM_003889356.1	951	752	0	0
XM_003889357.1	228	32.1317	0	0
XM_003889358.1	1140	941	0	0
XM_003889359.1	954	755	0	0
XM_003889360.1	273	74.0093	0	0
XM_003889361.1	639	440	0	0
XM_003889362.1	2708	2509	0	0
XM_003889363.1	1299	1100	0	0
XM_003889364.1	1887	1688	0	0
XM_003889365.1	794	595	39	939.873
XM_003889366.1	2532	2333	3	18.4386
XM_003889367.1	186	12.4336	0	0
XM_003889368.1	738	539	0	0
XM_003889369.1	2225	2026	0	0
XM_003889370.1	2320	2121	0	0
XM_003889371.1	213	22.4695	0	0
XM_003889372.1	3146	2947	0	0
XM_003889373.1	1381	1182	0	0
XM_003889374.1	3705	3506	2	8.17974
XM_003889375.1	826	627	0	0
XM_003889376.1	270	71.016	0	0
XM_003889377.1	1120	921	24.0649	374.667
XM_003889378.1	1132	933	1	15.3688
XM_003889379.1	1614	1415	0	0
XM_003889380.1	3621	3422	2	8.38053
XM_003889381.1	607	408	0	0
XM_003889382.1	240	42.049	0	0
XM_003889383.1	728	529	4	108.424
XM_003889384.1	579	380	0	0
XM_003889385.1	2224	2025	0	0
XM_003889386.1	1477	1278	2	22.4399
XM_003889387.1	1926	1727	0	0
XM_003889388.1	971	772	0	0
XM_003889389.1	2907	2708	0	0
XM_003889390.1	363	164	0	0
XM_003889391.1	429	230	0	0
XM_003889392.1	1005	806	0	0
XM_003889393.1	609	410	0	0
XM_003889394.1	792	593	0	0
XM_003889395.1	243	44.7603	0	0
XM_003889396.1	162	8.26769	0	0
XM_003889397.1	525	326	0	0
XM_003889398.1	351	152	0	0
XM_003889399.1	207	19.5103	0	0
XM_003889400.1	228	32.1317	0	0
XM_003889401.1	228	32.1317	0	0
XM_003889402.1	1230	1031	3	41.7238
XM_003889403.1	493	294	0	0
XM_003889404.1	698	499	0	0
XM_003889405.1	192	14.0216	0	0
XM_003889406.1	573	374	0	0
XM_003889407.1	1204	1005	0	0
XM_003889408.1	159	7.91627	0	0
XM_003889409.1	441	242	0	0
XM_003889410.1	596	397	12	433.423
XM_003889411.1	5678	5479	0.62173	1.62713
XM_003889412.1	1254	1055	0.5	6.79578
XM_003889413.1	1856	1657	2	17.3073
XM_003889414.1	2453	2254	0	0
XM_003889415.1	297	98.0001	0	0
XM_003889416.1	786	587	1	24.4277
XM_003889417.1	780	581	0	0
XM_003889418.1	1461	1262	0	0
XM_003889419.1	1236	1037	0	0
XM_003889420.1	329	130	0	0
XM_003889421.1	483	284	0	0
XM_003889422.1	1770	1571	0	0
XM_003889423.1	234	36.8813	0	0
XM_003889424.1	483	284	0	0
XM_003889425.1	744	545	0	0
XM_003889426.1	402	203	0	0
XM_003889427.1	948	749	0	0
XM_003889428.1	384	185	0	0
XM_003889429.1	858	659	27	587.489
XM_003889430.1	2825	2626	0	0
XM_003889431.1	827	628	15	342.494
XM_003889432.1	931	732	0	0
XM_003889433.1	1077	878	0	0
XM_003889434.1	513	314	0	0
XM_003889435.1	996	797	0	0
XM_003889436.1	336	137	0	0
XM_003889437.1	799	600	3	71.6954
XM_003889438.1	1387	1188	5	60.3497
XM_003889439.1	6157	5958	2	4.81339
XM_003889440.1	1320	1121	0	0
XM_003889441.1	198	15.9266	0	0
XM_003889442.1	409	210	0	0
XM_003889443.1	615	416	1	34.469
XM_003889444.1	594	395	0	0
XM_003889445.1	864	665	0	0
XM_003889446.1	1179	980	0	0
XM_003889447.1	294	95.0001	0	0
XM_003889448.1	240	42.049	0	0
XM_003889449.1	1875	1676	1	8.55554
XM_003889450.1	780	581	0	0
XM_003889451.1	801	602	0	0
XM_003889452.1	1101	902	1	15.897
XM_003889453.1	222	27.8721	0	0
XM_003889454.1	1590	1391	1	10.3085
XM_003889455.1	2058	1859	0	0
XM_003889456.1	2416	2217	7	45.2745
XM_003889457.1	876	677	0	0
XM_003889458.1	381	182	0	0
XM_003889459.1	2121	1922	0	0
XM_003889460.1	354	155	0	0
XM_003889461.1	705	506	0	0
XM_003889462.1	222	27.8721	0	0
XM_003889463.1	1206	1007	0	0
XM_003889464.1	288	89.0004	0	0
XM_003889465.1	192	14.0216	0	0
XM_003889466.1	450	251	0	0
XM_003889467.1	327	128	0	0
XM_003889468.1	1618	1419	0	0
XM_003889469.1	513	314	0	0
XM_003889470.1	258	59.1108	0	0
XM_003889471.1	672	473	0	0
XM_003889472.1	1479	1280	1	11.2024
XM_003889473.1	1032	833	0	0
XM_003889474.1	1437	1238	0	0
XM_003889475.1	636	437	0	0
XM_003889476.1	340	141	0	0
XM_003889477.1	225	29.9375	0	0
XM_003889478.1	1646	1447	0	0
XM_003889479.1	453	254	0	0
XM_003889480.1	3481	3282	8.46024e-05	0.000369628
XM_003889481.1	3409	3210	1.99992	8.93363
XM_003889482.1	1356	1157	0	0
XM_003889483.1	2079	1880	0	0
XM_003889484.1	451	252	0	0
XM_003889485.1	205	18.63	0	0
XM_003889486.1	1288	1089	0	0
XM_003889487.1	1216	1017	4	56.3976
XM_003889488.1	910	711	0	0
XM_003889489.1	1529	1330	2	21.5625
XM_003889490.1	354	155	0	0
XM_003889491.1	723	524	0	0
XM_003889492.1	11821	11622	5	6.16894
XM_003889493.1	195	14.9308	0	0
XM_003889494.1	231	34.449	0	0
XM_003889495.1	342	143	0	0
XM_003889496.1	2640	2441	0	0
XM_003889497.1	429	230	0	0
XM_003889498.1	210	20.9285	0	0
XM_003889499.1	2778	2579	0	0
XM_003889500.1	420	221	0	0
XM_003889501.1	294	95.0001	0	0
XM_003889502.1	1587	1388	0	0
XM_003889503.1	255	56.1701	0	0
XM_003889504.1	486	287	0	0
XM_003889505.1	450	251	0	0
XM_003889506.1	774	575	0	0
XM_003889507.1	240	42.049	0	0
XM_003889508.1	384	185	0	0
XM_003889509.1	1275	1076	0	0
XM_003889510.1	312	113	0	0
XM_003889511.1	177	10.528	0	0
XM_003889512.1	183	11.741	0	0
XM_003889513.1	345	146	0	0
XM_003889514.1	291	92.0002	0	0
XM_003889515.1	4124	3925	3.12355	11.4112
XM_003889516.1	333	134	0	0
XM_003889517.1	189	13.1915	0	0
XM_003889518.1	207	19.5103	0	0
XM_003889519.1	3093	2894	2	9.90953
XM_003889520.1	237	39.4185	0	0
XM_003889521.1	270	71.016	0	0
XM_003889522.1	243	44.7603	0	0
XM_003889523.1	345	146	0	0
XM_003889524.1	357	158	0	0
XM_003889525.1	795	596	0	0
XM_003889526.1	783	584	0	0
XM_003889527.1	3072	2873	12	59.8918
XM_003889528.1	2933	2734	1	5.24473
XM_003889529.1	1905	1706	1	8.40509
XM_003889530.1	174	9.99669	0	0
XM_003889531.1	297	98.0001	1	146.317
XM_003889532.1	3338	3139	22	100.497
XM_003889533.1	743	544	0	0
XM_003889534.1	5067	4868	1	2.94558
XM_003889535.1	150	7.01018	0	0
XM_003889536.1	3264	3065	3	14.035
XM_003889537.1	981	782	0	0
XM_003889538.1	432	233	0	0
XM_003889539.1	438	239	0	0
XM_003889540.1	1185	986	0	0
XM_003889541.1	423	224	0	0
XM_003889542.1	267	68.0268	1	210.786
XM_003889543.1	339	140	0	0
XM_003889544.1	270	71.016	0	0
XM_003889545.1	1764	1565	0	0
XM_003889546.1	210	20.9285	0	0
XM_003889547.1	468	269	0	0
XM_003889548.1	522	323	0	0
XM_003889549.1	2280	2081	0	0
XM_003889550.1	1836	1637	0	0
XM_003889551.1	1332	1133	0	0
XM_003889552.1	361	162	0	0
XM_003889553.1	1257	1058	2	27.106
XM_003889554.1	411	212	1	67.6372
XM_003889555.1	455	256	0	0
XM_003889556.1	294	95.0001	0	0
XM_003889557.1	249	50.3754	0	0
XM_003889558.1	1599	1400	0	0
XM_003889559.1	162	8.26769	0	0
XM_003889560.1	368	169	0	0
XM_003889561.1	1922	1723	0	0
XM_003889562.1	231	34.449	0	0
XM_003889563.1	1561	1362	0	0
XM_003889564.1	7282	7083	3.80544e-05	7.70387e-05
XM_003889565.1	826	627	1	22.8694
XM_003889566.1	1801	1602	4	35.803
XM_003889567.1	1957	1758	0	0
XM_003889568.1	735	536	9	240.768
XM_003889569.1	1188	989	0	0
XM_003889570.1	1242	1043	0	0
XM_003889571.1	1146	947	0	0
XM_003889572.1	3269	3070	0.999959	4.67052
XM_003889573.1	2232	2033	102	719.423
XM_003889574.1	375	176	0	0
XM_003889575.1	657	458	0	0
XM_003889576.1	201	17.0167	0	0
XM_003889577.1	255	56.1701	0	0
XM_003889578.1	402	203	0	0
XM_003889579.1	1026	827	0	0
XM_003889580.1	2346	2147	0	0
XM_003889581.1	1760	1561	4	36.7433
XM_003889582.1	381	182	0	0
XM_003889583.1	990	791	8.53057	154.64
XM_003889584.1	847	648	23	508.949
XM_003889585.1	750	551	0	0
XM_003889586.1	1736	1537	0	0
XM_003889587.1	999	800	3.75587	67.3197
XM_003889588.1	1131	932	0	0
XM_003889589.1	2139	1940	0	0
XM_003889590.1	529	330	0	0
XM_003889591.1	177	10.528	0	0
XM_003889592.1	1209	1010	12	170.365
XM_003889593.1	381	182	0	0
XM_003889594.1	327	128	0	0
XM_003889595.1	214	23.0114	0	0
XM_003889596.1	2869	2670	0	0
XM_003889597.1	267	68.0268	0	0
XM_003889598.1	213	22.4695	0	0
XM_003889599.1	447	248	0	0
XM_003889600.1	279	80.003	0	0
XM_003889601.1	573	374	0	0
XM_003889602.1	1158	959	0	0
XM_003889603.1	672	473	0	0
XM_003889604.1	1494	1295	0	0
XM_003889605.1	3159	2960	0	0
XM_003889606.1	270	71.016	0	0
XM_003889607.1	673	474	3	90.7537
XM_003889608.1	8914	8715	28	46.0694
XM_003889609.1	1050	851	0	0
XM_003889610.1	405	206	0	0
XM_003889611.1	900	701	0	0
XM_003889612.1	1659	1460	1	9.82129
XM_003889613.1	684	485	0	0
XM_003889614.1	183	11.741	0	0
XM_003889615.1	249	50.3754	0	0
XM_003889616.1	2190	1991	4.78606	34.469
XM_003889617.1	1457	1258	0	0
XM_003889618.1	626	427	1	33.581
XM_003889619.1	288	89.0004	0	0
XM_003889620.1	447	248	0	0
XM_003889621.1	594	395	0	0
XM_003889622.1	180	11.1077	0	0
XM_003889623.1	174	9.99669	0	0
XM_003889624.1	546	347	0	0
XM_003889625.1	180	11.1077	0	0
XM_003889626.1	225	29.9375	0	0
XM_003889627.1	5561	5362	0	0
XM_003889628.1	5518	5319	9	24.2624
XM_003889629.1	1831	1632	2	17.5724
XM_003889630.1	830	631	0	0
XM_003889631.1	252	53.2554	0	0
XM_003889632.1	1395	1196	7	83.9244
XM_003889633.1	1739	1540	1	9.3111
XM_003889634.1	285	86.0009	0	0
XM_003889635.1	330	131	0	0
XM_003889636.1	1158	959	0	0
XM_003889637.1	273	74.0093	0	0
XM_003889638.1	368	169	1	84.8467
XM_003889639.1	3058	2859	0.780503	3.91455
XM_003889640.1	1060	861	0	0
XM_003889641.1	2060	1861	0	0
XM_003889642.1	267	68.0268	0	0
XM_003889643.1	590	391	0	0
XM_003889644.1	1572	1373	0	0
XM_003889645.1	612	413	0	0
XM_003889646.1	8166	7967	1.15638e-06	2.08127e-06
XM_003889647.1	2001	1802	4.99999	39.7865
XM_003889648.1	420	221	0	0
XM_003889649.1	1416	1217	1	11.7823
XM_003889650.1	1938	1739	0	0
XM_003889651.1	969	770	0	0
XM_003889652.1	352	153	0	0
XM_003889653.1	1346	1147	9	112.512
XM_003889654.1	2617	2418	4	23.7206
XM_003889655.1	1032	833	0	0
XM_003889656.1	480	281	0	0
XM_003889657.1	342	143	0	0
XM_003889658.1	399	200	0	0
XM_003889659.1	417	218	0	0
XM_003889660.1	270	71.016	0	0
XM_003889661.1	663	464	0	0
XM_003889662.1	474	275	0	0
XM_003889663.1	2205	2006	0	0
XM_003889664.1	351	152	0	0
XM_003889665.1	1883	1684	0	0
XM_003889666.1	698	499	68.0565	1955.65
XM_003889667.1	384	185	0	0
XM_003889668.1	624	425	0	0
XM_003889669.1	210	20.9285	0	0
XM_003889670.1	1596	1397	5	51.321
XM_003889671.1	2561	2362	0.999958	6.07048
XM_003889672.1	3659	3460	0	0
XM_003889673.1	279	80.003	0	0
XM_003889674.1	1890	1691	0	0
XM_003889675.1	159	7.91627	0	0
XM_003889676.1	5266	5067	0	0
XM_003889677.1	1254	1055	0	0
XM_003889678.1	360	161	0	0
XM_003889679.1	381	182	0	0
XM_003889680.1	255	56.1701	0	0
XM_003889681.1	1633	1434	2	19.9987
XM_003889682.1	2319	2120	2	13.5274
XM_003889683.1	1095	896	0	0
XM_003889684.1	3069	2870	0	0
XM_003889685.1	3049	2850	5	25.1563
XM_003889686.1	255	56.1701	0	0
XM_003889687.1	2083	1884	1	7.61098
XM_003889688.1	315	116	0	0
XM_003889689.1	603	404	0	0
XM_003889690.1	474	275	1	52.1421
XM_003889691.1	3741	3542	4	16.1932
XM_003889692.1	270	71.016	0	0
XM_003889693.1	948	749	1	19.1443
XM_003889694.1	264	65.044	0	0
XM_003889695.1	2562	2363	2	12.1363
XM_003889696.1	3325	3126	5	22.9352
XM_003889697.1	150	7.01018	0	0
XM_003889698.1	2571	2372	0	0
XM_003889699.1	1731	1532	0	0
XM_003889700.1	168	9.06081	0	0
XM_003889701.1	564	365	0	0
XM_003889702.1	1029	830	0	0
XM_003889703.1	171	9.50903	0	0
XM_003889704.1	1000	801	0	0
XM_003889705.1	1650	1451	2	19.7644
XM_003889706.1	1706	1507	5	47.5749
XM_003889707.1	579	380	0	0
XM_003889708.1	2070	1871	2	15.3277
XM_003889709.1	174	9.99669	0	0
XM_003889710.1	632	433	0	0
XM_003889711.1	471	272	0	0
XM_003889712.1	1299	1100	8	104.284
XM_003889713.1	696	497	1	28.8513
XM_003889714.1	2203	2004	0	0
XM_003889716.1	209	20.4424	0	0
XM_003889717.1	2259	2060	9.4981e-05	0.000661137
XM_003889718.1	2415	2216	73.9999	478.832
XM_003889719.1	791	592	0	0
XM_003889720.1	949	750	0	0
XM_003889721.1	2366	2167	2	13.234
XM_003889722.1	522	323	1	44.3935
XM_003889723.1	906	707	2	40.5632
XM_003889724.1	243	44.7603	0	0
XM_003889725.1	2148	1949	1	7.35715
XM_003889726.1	206	19.0638	0	0
XM_003889727.1	231	34.449	0	0
XM_003889728.1	369	170	0	0
XM_003889729.1	653	454	0	0
XM_003889730.1	183	11.741	0	0
XM_003889731.1	2860	2661	1	5.38861
XM_003889732.1	1575	1376	1	10.4208
XM_003889733.1	1077	878	2	32.6631
XM_003889734.1	873	674	0	0
XM_003889735.1	222	27.8721	0	0
XM_003889736.1	1308	1109	2	25.8595
XM_003889737.1	777	578	2	49.6162
XM_003889738.1	1581	1382	3	31.1268
XM_003889739.1	285	86.0009	0	0
XM_003889740.1	945	746	0	0
XM_003889741.1	2323	2124	4.20122	28.3624
XM_003889742.1	300	101	0	0
XM_003889743.1	1970	1771	0	0
XM_003889744.1	1580	1381	0	0
XM_003889745.1	330	131	0	0
XM_003889746.1	933	734	0	0
XM_003889747.1	2204	2005	0	0
XM_003889748.1	564	365	0	0
XM_003889749.1	660	461	0	0
XM_003889750.1	999	800	0	0
XM_003889751.1	583	384	3	112.024
XM_003889752.1	2618	2419	5	29.6385
XM_003889753.1	1368	1169	0	0
XM_003889754.1	460	261	0	0
XM_003889755.1	2356	2157	62	412.157
XM_003889756.1	1972	1773	0	0
XM_003889757.1	610	411	0	0
XM_003889758.1	1600	1401	0	0
XM_003889759.1	1245	1046	0	0
XM_003889760.1	2629	2430	4	23.6034
XM_003889761.1	273	74.0093	0	0
XM_003889762.1	1626	1427	0	0
XM_003889763.1	339	140	0	0
XM_003889764.1	1122	923	0	0
XM_003889765.1	779	580	0	0
XM_003889766.1	930	731	0	0
XM_003889767.1	2715	2516	0	0
XM_003889768.1	516	317	0	0
XM_003889769.1	180	11.1077	0	0
XM_003889770.1	2559	2360	1.12327	6.82485
XM_003889771.1	1038	839	0	0
XM_003889772.1	1461	1262	0	0
XM_003889773.1	3138	2939	2	9.7578
XM_003889774.1	637	438	2	65.4753
XM_003889775.1	676	477	0	0
XM_003889776.1	252	53.2554	0	0
XM_003889777.1	1702	1503	0	0
XM_003889778.1	207	19.5103	0	0
XM_003889779.1	213	22.4695	0	0
XM_003889780.1	816	617	0	0
XM_003889781.1	171	9.50903	0	0
XM_003889782.1	402	203	0	0
XM_003889783.1	974	775	1	18.502
XM_003889784.1	2210	2011	1.92713e-05	0.000137411
XM_003889785.1	278	79.0036	0	0
XM_003889786.1	265	66.0374	0	0
XM_003889787.1	3021	2822	0	0
XM_003889788.1	1479	1280	0	0
XM_003889789.1	1188	989	0	0
XM_003889790.1	297	98.0001	0	0
XM_003889791.1	213	22.4695	0	0
XM_003889792.1	492	293	0	0
XM_003889793.1	495	296	0	0
XM_003889794.1	453	254	0	0
XM_003889795.1	1257	1058	0	0
XM_003889796.1	1668	1469	0	0
XM_003889797.1	1143	944	0	0
XM_003889798.1	677	478	0	0
XM_003889799.1	826	627	0	0
XM_003889800.1	1243	1044	0	0
XM_003889801.1	198	15.9266	0	0
XM_003889802.1	1149	950	0	0
XM_003889803.1	612	413	0	0
XM_003889804.1	915	716	0	0
XM_003889805.1	2371	2172	0	0
XM_003889806.1	5493	5294	0	0
XM_003889807.1	1158	959	0	0
XM_003889808.1	1605	1406	0	0
XM_003889809.1	930	731	0	0
XM_003889810.1	754	555	0	0
XM_003889811.1	1707	1508	0	0
XM_003889812.1	660	461	0	0
XM_003889813.1	465	266	0	0
XM_003889814.1	819	620	7	161.893
XM_003889815.1	841	642	0	0
XM_003889816.1	2312	2113	0	0
XM_003889817.1	732	533	0	0
XM_003889818.1	393	194	0	0
XM_003889819.1	3911	3712	4	15.4516
XM_003889820.1	666	467	0	0
XM_003889821.1	1601	1402	3	30.6828
XM_003889822.1	1411	1212	0	0
XM_003889823.1	6255	6056	1	2.36775
XM_003889824.1	5602	5403	0	0
XM_003889825.1	705	506	2	56.6762
XM_003889826.1	2364	2165	0	0
XM_003889827.1	735	536	0	0
XM_003889828.1	579	380	0	0
XM_003889829.1	1152	953	0	0
XM_003889830.1	819	620	0	0
XM_003889831.1	879	680	0	0
XM_003889832.1	1587	1388	0	0
XM_003889833.1	1940	1741	2	16.4722
XM_003889834.1	5934	5735	0	0
XM_003889835.1	6709	6510	21	46.2551
XM_003889836.1	2174	1975	0	0
XM_003889837.1	602	403	0	0
XM_003889838.1	1835	1636	0	0
XM_003889839.1	1837	1638	0	0
XM_003889840.1	352	153	0	0
XM_003889841.1	234	36.8813	3	1166.37
XM_003889842.1	2249	2050	0	0
XM_003889843.1	516	317	0	0
XM_003889844.1	186	12.4336	0	0
XM_003889845.1	3132	2933	1	4.88888
XM_003889846.1	1306	1107	0	0
XM_003889847.1	762	563	0	0
XM_003889848.1	273	74.0093	0	0
XM_003889849.1	327	128	0	0
XM_003889850.1	1482	1283	0	0
XM_003889851.1	725	526	17	463.431
XM_003889852.1	2240	2041	0	0
XM_003889853.1	614	415	0	0
XM_003889854.1	198	15.9266	0	0
XM_003889855.1	726	527	0	0
XM_003889856.1	282	83.0016	0	0
XM_003889857.1	1344	1145	0	0
XM_003889858.1	1011	812	0	0
XM_003889859.1	432	233	0	0
XM_003889860.1	792	593	0	0
XM_003889861.1	561	362	0	0
XM_003889862.1	1570	1371	12	125.506
XM_003889863.1	207	19.5103	0	0
XM_003889864.1	732	533	0	0
XM_003889865.1	939	740	0	0
XM_003889866.1	987	788	0	0
XM_003889867.1	258	59.1108	0	0
XM_003889868.1	1221	1022	0	0
XM_003889869.1	1047	848	0	0
XM_003889870.1	462	263	0	0
XM_003889871.1	1656	1457	0	0
XM_003889872.1	219	25.9389	0	0
XM_003889873.1	189	13.1915	0	0
XM_003889874.1	4212	4013	0	0
XM_003889875.1	678	479	0	0
XM_003889876.1	2948	2749	0	0
XM_003889877.1	372	173	0	0
XM_003889878.1	402	203	0	0
XM_003889879.1	1170	971	0	0
XM_003889880.1	612	413	0	0
XM_003889881.1	450	251	0	0
XM_003889882.1	1914	1715	0	0
XM_003889883.1	966	767	5	93.4751
XM_003889884.1	480	281	0	0
XM_003889885.1	3002	2803	1	5.11562
XM_003889886.1	357	158	1	90.7537
XM_003889887.1	363	164	0	0
XM_003889888.1	750	551	0	0
XM_003889889.1	435	236	0	0
XM_003889890.1	2754	2555	0	0
XM_003889891.1	2586	2387	0	0
XM_003889892.1	450	251	0	0
XM_003889893.1	1932	1733	0	0
XM_003889894.1	501	302	0	0
XM_003889895.1	393	194	0	0
XM_003889896.1	4080	3881	0	0
XM_003889897.1	384	185	1	77.5086
XM_003889898.1	960	761	0	0
XM_003889899.1	156	7.59116	0	0
XM_003889900.1	1464	1265	0	0
XM_003889901.1	1344	1145	5	62.6161
XM_003889902.1	1382	1183	1	12.121
XM_003889903.1	1572	1373	4	41.7745
XM_003889904.1	1746	1547	0	0
XM_003889905.1	549	350	0	0
XM_003889906.1	2211	2012	0	0
XM_003889907.1	564	365	0	0
XM_003889908.1	630	431	0	0
XM_003889909.1	822	623	0	0
XM_003889910.1	645	446	0	0
XM_003889911.1	216	24.1385	0	0
XM_003889912.1	1317	1118	0	0
XM_003889913.1	1612	1413	0	0
XM_003889914.1	507	308	0	0
XM_003889915.1	228	32.1317	0	0
XM_003889916.1	1824	1625	1	8.82405
XM_003889917.1	279	80.003	0	0
XM_003889918.1	3162	2963	0	0
XM_003889919.1	1317	1118	32	410.421
XM_003889920.1	2775	2576	9.68974e-07	5.39371e-06
XM_003889921.1	1124	925	0	0
XM_003889922.1	574	375	0	0
XM_003889923.1	249	50.3754	0	0
XM_003889924.1	3591	3392	2	8.45465
XM_003889925.1	2985	2786	1	5.14684
XM_003889926.1	2718	2519	2	11.3847
XM_003889927.1	4398	4199	12.3329	42.1154
XM_003889928.1	437	238	0	0
XM_003889929.1	1746	1547	3	27.8069
XM_003889930.1	603	404	0	0
XM_003889931.1	627	428	0	0
XM_003889932.1	183	11.741	0	0
XM_003889933.1	321	122	0	0
XM_003889934.1	303	104	0	0
XM_003889935.1	1209	1010	5	70.9856
XM_003889936.1	402	203	0	0
XM_003889937.1	852	653	0	0
XM_003889938.1	597	398	0	0
XM_003889939.1	1809	1610	4	35.6251
XM_003889940.1	780	581	0	0
XM_003889941.1	609	410	0	0
XM_003889942.1	2205	2006	0	0
XM_003889943.1	177	10.528	0	0
XM_003889944.1	2696	2497	8	45.9402
XM_003889945.1	2580	2381	0	0
XM_003889946.1	267	68.0268	1	210.786
XM_003889947.1	228	32.1317	0	0
XM_003889948.1	489	290	0	0
XM_003889949.1	498	299	0	0
XM_003889950.1	1050	851	0	0
XM_003889951.1	501	302	0	0
XM_003889952.1	162	8.26769	0	0
XM_003889953.1	177	10.528	0	0
XM_003889954.1	472	273	0	0
XM_003889955.1	1593	1394	0	0
XM_003889956.1	750	551	0	0
XM_003889957.1	5253	5054	6	17.0231
XM_003889958.1	301	102	2	281.159
XM_003889959.1	264	65.044	0	0
XM_003889960.1	896	697	0	0
XM_003889961.1	1431	1232	0	0
XM_003889962.1	312	113	0	0
XM_003889963.1	289	90.0004	0	0
XM_003889964.1	885	686	0	0
XM_003889965.1	603	404	0	0
XM_003889966.1	1140	941	0	0
XM_003889967.1	447	248	0	0
XM_003889968.1	916	717	0	0
XM_003889969.1	258	59.1108	0	0
XM_003889970.1	573	374	0	0
XM_003889971.1	669	470	0	0
XM_003889972.1	858	659	0	0
XM_003889973.1	249	50.3754	0	0
XM_003889974.1	579	380	0	0
XM_003889975.1	735	536	0	0
XM_003889976.1	642	443	0	0
XM_003889977.1	165	8.64817	0	0
XM_003889978.1	1260	1061	3	40.5441
XM_003889979.1	555	356	0	0
XM_003889980.1	4488	4289	0	0
XM_003889981.1	474	275	4	208.569
XM_003889982.1	315	116	0	0
XM_003889983.1	300	101	1	141.971
XM_003889984.1	1185	986	3	43.6281
XM_003889985.1	1591	1392	2	20.6021
XM_003889986.1	1358	1159	0	0
XM_003889987.1	3228	3029	0	0
XM_003889988.1	153	7.28986	0	0
XM_003889989.1	273	74.0093	0	0
XM_003889990.1	1040	841	0	0
XM_003889991.1	195	14.9308	0	0
XM_003889992.1	537	338	0	0
XM_003889993.1	1939	1740	2	16.4817
XM_003889994.1	1682	1483	0	0
XM_003889995.1	324	125	0	0
XM_003889996.1	267	68.0268	0	0
XM_003889997.1	1638	1439	1	9.96462
XM_003889998.1	1929	1730	2	16.577
XM_003889999.1	207	19.5103	0	0
XM_003890000.1	1032	833	3	51.6414
XM_003890001.1	1736	1537	0	0
XM_003890002.1	855	656	1.35248	29.5631
XM_003890003.1	3451	3252	5.99943	26.4534
XM_003890004.1	922	723	0	0
XM_003890005.1	345	146	0	0
XM_003890006.1	357	158	0	0
XM_003890007.1	4329	4130	2	6.94387
XM_003890008.1	1335	1136	0	0
XM_003890009.1	1398	1199	0	0
XM_003890010.1	243	44.7603	0	0
XM_003890011.1	1104	905	0	0
XM_003890012.1	555	356	0	0
XM_003890013.1	426	227	0	0
XM_003890014.1	2093	1894	1	7.5708
XM_003890015.1	150	7.01018	0	0
XM_003890016.1	1961	1762	0	0
XM_003890017.1	1914	1715	0	0
XM_003890018.1	3928	3729	1	3.84529
XM_003890019.1	1383	1184	0	0
XM_003890020.1	3026	2827	3	15.2166
XM_003890021.1	347	148	0	0
XM_003890022.1	627	428	0	0
XM_003890023.1	570	371	0	0
XM_003890024.1	240	42.049	0	0
XM_003890025.1	720	521	0	0
XM_003890026.1	528	329	0	0
XM_003890027.1	156	7.59116	0	0
XM_003890028.1	2218	2019	2	14.2041
XM_003890029.1	838	639	0	0
XM_003890030.1	2073	1874	0	0
XM_003890031.1	708	509	0	0
XM_003890032.1	531	332	0	0
XM_003890033.1	480	281	0	0
XM_003890034.1	2562	2363	0	0
XM_003890035.1	579	380	0	0
XM_003890036.1	564	365	0	0
XM_003890037.1	855	656	0	0
XM_003890038.1	1629	1430	0	0
XM_003890039.1	827	628	0	0
XM_003890040.1	309	110	0	0
XM_003890041.1	447	248	0	0
XM_003890042.1	207	19.5103	0	0
XM_003890043.1	2061	1862	0	0
XM_003890044.1	1359	1160	0	0
XM_003890045.1	1607	1408	5	50.9201
XM_003890046.1	153	7.28986	0	0
XM_003890047.1	969	770	0	0
XM_003890048.1	285	86.0009	4	666.928
XM_003890049.1	2763	2564	20	111.849
XM_003890050.1	492	293	0	0
XM_003890051.1	216	24.1385	0	0
XM_003890052.1	555	356	0	0
XM_003890053.1	315	116	0	0
XM_003890054.1	480	281	0	0
XM_003890055.1	264	65.044	0	0
XM_003890056.1	258	59.1108	0	0
XM_003890057.1	2064	1865	2	15.377
XM_003890058.1	423	224	1	64.0138
XM_003890059.1	1684	1485	1	9.65595
XM_003890060.1	3483	3284	3	13.099
XM_003890061.1	423	224	0	0
XM_003890062.1	963	764	0	0
XM_003890063.1	564	365	0	0
XM_003890064.1	2217	2018	0	0
XM_003890065.1	943	744	0	0
XM_003890066.1	219	25.9389	0	0
XM_003890067.1	395	196	0	0
XM_003890068.1	641	442	1	32.4414
XM_003890069.1	246	47.5399	0	0
XM_003890070.1	615	416	0	0
XM_003890071.1	4782	4583	2	6.25751
XM_003890072.1	525	326	1	43.9849
XM_003890073.1	408	209	0	0
XM_003890074.1	402	203	0	0
XM_003890075.1	1042	843	0	0
XM_003890076.1	3726	3527	1.8036	7.33255
XM_003890077.1	3195	2996	1	4.78608
XM_003890078.1	285	86.0009	0	0
XM_003890079.1	783	584	1	24.5532
XM_003890080.1	3060	2861	1	5.01191
XM_003890081.1	150	7.01018	0	0
XM_003890082.1	3666	3467	3	12.4076
XM_003890083.1	258	59.1108	0	0
XM_003890084.1	2330	2131	0	0
XM_003890085.1	1065	866	0	0
XM_003890086.1	1377	1178	2	24.3448
XM_003890087.1	331	132	0	0
XM_003890088.1	879	680	0	0
XM_003890089.1	351	152	0	0
XM_003890090.1	525	326	0	0
XM_003890091.1	1155	956	0	0
XM_003890092.1	1257	1058	0	0
XM_003890093.1	4755	4556	0	0
XM_003890094.1	525	326	0	0
XM_003890095.1	564	365	0	0
XM_003890096.1	2524	2325	0	0
XM_003890097.1	555	356	1	40.2783
XM_003890098.1	3536	3337	1	4.297
XM_003890099.1	1111	912	0	0
XM_003890100.1	2453	2254	0	0
XM_003890101.1	837	638	0	0
XM_003890102.1	1176	977	0	0
XM_003890103.1	1080	881	0	0
XM_003890104.1	607	408	0	0
XM_003890105.1	4481	4282	2	6.69738
XM_003890106.1	198	15.9266	0	0
XM_003890107.1	651	452	0	0
XM_003890108.1	309	110	0	0
XM_003890109.1	216	24.1385	0	0
XM_003890110.1	204	18.2087	0	0
XM_003890111.1	192	14.0216	0	0
XM_003890112.1	1341	1142	0	0
XM_003890113.1	546	347	0	0
XM_003890114.1	408	209	0	0
XM_003890115.1	240	42.049	0	0
XM_003890116.1	1382	1183	0	0
XM_003890117.1	3326	3127	5	22.9279
XM_003890118.1	803	604	352.758	8374.55
XM_003890119.1	252	53.2554	0	0
XM_003890120.1	967	768	0	0
XM_003890121.1	381	182	0	0
XM_003890122.1	564	365	0	0
XM_003890123.1	942	743	0	0
XM_003890124.1	642	443	0	0
XM_003890125.1	975	776	5	92.391
XM_003890126.1	330	131	0	0
XM_003890127.1	300	101	1	141.971
XM_003890128.1	497	298	0	0
XM_003890129.1	1741	1542	5	46.4951
XM_003890130.1	1305	1106	0	0
XM_003890131.1	216	24.1385	0	0
XM_003890132.1	564	365	0	0
XM_003890133.1	1650	1451	0	0
XM_003890134.1	728	529	0	0
XM_003890135.1	369	170	0	0
XM_003890136.1	891	692	0	0
XM_003890137.1	1689	1490	0	0
XM_003890138.1	345	146	0	0
XM_003890139.1	654	455	0	0
XM_003890140.1	735	536	0	0
XM_003890141.1	318	119	0	0
XM_003890142.1	288	89.0004	0	0
XM_003890143.1	191	13.7365	0	0
XM_003890144.1	804	605	0	0
XM_003890145.1	462	263	0	0
XM_003890146.1	198	15.9266	0	0
XM_003890147.1	495	296	0	0
XM_003890148.1	774	575	0	0
XM_003890149.1	919	720	0	0
XM_003890150.1	704	505	1	28.3942
XM_003890151.1	1197	998	0	0
XM_003890152.1	825	626	1	22.9059
XM_003890153.1	351	152	0	0
XM_003890154.1	768	569	0	0
XM_003890155.1	2571	2372	0	0
XM_003890156.1	1695	1496	0	0
XM_003890157.1	1918	1719	3	25.0246
XM_003890158.1	186	12.4336	0	0
XM_003890159.1	279	80.003	0	0
XM_003890160.1	618	419	0	0
XM_003890161.1	354	155	0	0
XM_003890162.1	306	107	0	0
XM_003890163.1	267	68.0268	0	0
XM_003890164.1	1452	1253	0	0
XM_003890165.1	560	361	0	0
XM_003890166.1	177	10.528	0	0
XM_003890167.1	423	224	0	0
XM_003890168.1	1140	941	0	0
XM_003890169.1	1317	1118	0	0
XM_003890170.1	1185	986	0	0
XM_003890171.1	1370	1171	0	0
XM_003890172.1	637	438	0	0
XM_003890173.1	1311	1112	0	0
XM_003890174.1	348	149	0	0
XM_003890175.1	162	8.26769	0	0
XM_003890176.1	559	360	2	79.6616
XM_003890177.1	1681	1482	0	0
XM_003890178.1	2417	2218	1	6.46487
XM_003890179.1	635	436	0	0
XM_003890180.1	1615	1416	5.9925	60.6829
XM_003890181.1	1272	1073	0	0
XM_003890182.1	1479	1280	0	0
XM_003890183.1	537	338	0	0
XM_003890184.1	201	17.0167	0	0
XM_003890185.1	785	586	0	0
XM_003890186.1	832	633	0	0
XM_003890187.1	1689	1490	0	0
XM_003890188.1	1113	914	0	0
XM_003890189.1	1012	813	0	0
XM_003890190.1	648	449	0	0
XM_003890191.1	1124	925	8.54296	132.431
XM_003890192.1	3986	3787	0	0
XM_003890193.1	1141	942	0	0
XM_003890194.1	1374	1175	0	0
XM_003890195.1	267	68.0268	0	0
XM_003890196.1	291	92.0002	0	0
XM_003890197.1	345	146	0	0
XM_003890198.1	2068	1869	2	15.3441
XM_003890199.1	1224	1025	245	3427.39
XM_003890200.1	327	128	35	3920.84
XM_003890201.1	5751	5552	1	2.58269
XM_003890202.1	1626	1427	0	0
XM_003890203.1	428	229	0	0
XM_003890204.1	889	690	0	0
XM_003890205.1	1503	1304	0	0
XM_003890206.1	1491	1292	0	0
XM_003890207.1	896	697	25.0091	514.501
XM_003890208.1	294	95.0001	0	0
XM_003890209.1	969	770	0	0
XM_003890210.1	2955	2756	0	0
XM_003890211.1	572	373	0	0
XM_003890212.1	321	122	0	0
XM_003890213.1	267	68.0268	0	0
XM_003890214.1	2046	1847	0	0
XM_003890215.1	909	710	0	0
XM_003890216.1	703	504	3	85.3517
XM_003890217.1	1052	853	4	67.2407
XM_003890218.1	5716	5517	0	0
XM_003890219.1	1807	1608	0	0
XM_003890220.1	618	419	0	0
XM_003890221.1	393	194	0	0
XM_003890222.1	219	25.9389	0	0
XM_003890223.1	303	104	0	0
XM_003890224.1	2842	2643	0	0
XM_003890225.1	207	19.5103	0	0
XM_003890226.1	669	470	1	30.5087
XM_003890227.1	321	122	1	117.533
XM_003890228.1	1833	1634	0	0
XM_003890229.1	1596	1397	0	0
XM_003890230.1	412	213	3	201.959
XM_003890231.1	2118	1919	18	134.499
XM_003890232.1	877	678	0	0
XM_003890233.1	933	734	0	0
XM_003890234.1	207	19.5103	0	0
XM_003890235.1	252	53.2554	0	0
XM_003890236.1	291	92.0002	0	0
XM_003890237.1	219	25.9389	0	0
XM_003890238.1	738	539	0	0
XM_003890239.1	2472	2273	0	0
XM_003890240.1	885	686	0	0
XM_003890241.1	747	548	2	52.3324
XM_003890242.1	3834	3635	2	7.88946
XM_003890243.1	737	538	0	0
XM_003890244.1	762	563	0	0
XM_003890245.1	3450	3251	3	13.232
XM_003890246.1	225	29.9375	0	0
XM_003890247.1	1680	1481	2	19.3641
XM_003890248.1	399	200	0	0
XM_003890249.1	1614	1415	4	40.5345
XM_003890250.1	291	92.0002	0	0
XM_003890251.1	2222	2023	1	7.08803
XM_003890252.1	2136	1937	8	59.2218
XM_003890253.1	778	579	0	0
XM_003890254.1	288	89.0004	0	0
XM_003890255.1	273	74.0093	0	0
XM_003890256.1	588	389	0	0
XM_003890257.1	897	698	0	0
XM_003890258.1	981	782	0	0
XM_003890259.1	1965	1766	0	0
XM_003890260.1	204	18.2087	0	0
XM_003890261.1	960	761	0	0
XM_003890262.1	252	53.2554	0	0
XM_003890263.1	237	39.4185	0	0
XM_003890264.1	2562	2363	0	0
XM_003890265.1	267	68.0268	0	0
XM_003890266.1	186	12.4336	0	0
XM_003890267.1	2448	2249	0	0
XM_003890268.1	186	12.4336	0	0
XM_003890269.1	213	22.4695	0	0
XM_003890270.1	1308	1109	0	0
XM_003890271.1	1558	1359	3	31.6536
XM_003890272.1	686	487	0	0
XM_003890273.1	318	119	0	0
XM_003890274.1	1536	1337	0	0
XM_003890275.1	2055	1856	1	7.7258
XM_003890276.1	2736	2537	0	0
XM_003890277.1	2202	2003	4.23536	30.3201
XM_003890278.1	1197	998	18.4583	265.206
XM_003890279.1	2234	2035	2	14.0925
XM_003890280.1	572	373	0	0
XM_003890281.1	3420	3221	1	4.45175
XM_003890282.1	2171	1972	0	0
XM_003890283.1	1062	863	0	0
XM_003890284.1	927	728	0	0
XM_003890285.1	2976	2777	0	0
XM_003890286.1	411	212	0	0
XM_003890287.1	603	404	0	0
XM_003890288.1	1971	1772	0	0
XM_003890289.1	852	653	0	0
XM_003890290.1	1227	1028	0	0
XM_003890291.1	297	98.0001	0	0
XM_003890292.1	201	17.0167	0	0
XM_003890293.1	1542	1343	0	0
XM_003890294.1	410	211	0	0
XM_003890295.1	234	36.8813	0	0
XM_003890296.1	1590	1391	0	0
XM_003890297.1	609	410	0	0
XM_003890298.1	324	125	0	0
XM_003890299.1	1236	1037	0	0
XM_003890300.1	348	149	0	0
XM_003890301.1	525	326	0	0
XM_003890302.1	1119	920	0	0
XM_003890303.1	867	668	1	21.4657
XM_003890304.1	810	611	0	0
XM_003890305.1	498	299	0	0
XM_003890306.1	756	557	0	0
XM_003890307.1	555	356	0	0
XM_003890308.1	690	491	0	0
XM_003890309.1	597	398	0	0
XM_003890310.1	725	526	0	0
XM_003890311.1	567	368	0	0
XM_003890312.1	1662	1463	0	0
XM_003890313.1	702	503	0	0
XM_003890314.1	219	25.9389	0	0
XM_003890315.1	297	98.0001	0	0
XM_003890316.1	1431	1232	0	0
XM_003890317.1	480	281	0	0
XM_003890318.1	225	29.9375	0	0
XM_003890319.1	2879	2680	0	0
XM_003890320.1	3717	3518	1	4.07592
XM_003890321.1	696	497	0	0
XM_003890322.1	183	11.741	0	0
XM_003890323.1	432	233	0	0
XM_003890324.1	261	62.0706	0	0
XM_003890325.1	261	62.0706	0	0
XM_003890326.1	3203	3004	0	0
XM_003890327.1	3379	3180	0	0
XM_003890328.1	378	179	0	0
XM_003890329.1	279	80.003	0	0
XM_003890330.1	657	458	0	0
XM_003890331.1	168	9.06081	0	0
XM_003890332.1	414	215	0	0
XM_003890333.1	609	410	0	0
XM_003890334.1	171	9.50903	0	0
XM_003890335.1	895	696	0	0
XM_003890336.1	963	764	0	0
XM_003890337.1	321	122	0	0
XM_003890338.1	339	140	0	0
XM_003890339.1	375	176	0	0
XM_003890340.1	330	131	0	0
XM_003890341.1	180	11.1077	0	0
XM_003890342.1	1600	1401	1	10.2349
XM_003890343.1	1005	806	0	0
XM_003890344.1	1140	941	0	0
XM_003890345.1	1092	893	0	0
XM_003890346.1	462	263	0	0
XM_003890347.1	150	7.01018	0	0
XM_003890348.1	4224	4025	0	0
XM_003890349.1	2195	1996	0	0
XM_003890350.1	2495	2296	4.99999	31.2262
XM_003890351.1	4761	4562	1	3.14316
XM_003890352.1	1527	1328	0	0
XM_003890353.1	1623	1424	0	0
XM_003890354.1	225	29.9375	0	0
XM_003890355.1	1038	839	0	0
XM_003890356.1	945	746	0	0
XM_003890357.1	1086	887	0	0
XM_003890358.1	333	134	0	0
XM_003890359.1	1134	935	0	0
XM_003890360.1	3057	2858	0	0
XM_003890361.1	234	36.8813	0	0
XM_003890362.1	180	11.1077	0	0
XM_003890363.1	198	15.9266	0	0
XM_003890364.1	312	113	0	0
XM_003890365.1	450	251	0	0
XM_003890366.1	645	446	0	0
XM_003890367.1	246	47.5399	0	0
XM_003890368.1	365	166	0	0
XM_003890369.1	495	296	0	0
XM_003890370.1	5023	4824	4	11.8898
XM_003890371.1	930	731	1	19.6157
XM_003890372.1	312	113	0	0
XM_003890373.1	4296	4097	2	6.9998
XM_003890374.1	5222	5023	3.9972	11.4107
XM_003890375.1	1639	1440	1	9.9577
XM_003890376.1	969	770	0	0
XM_003890377.1	1185	986	0	0
XM_003890378.1	1272	1073	5	66.8177
XM_003890379.1	900	701	0	0
XM_003890380.1	576	377	0	0
XM_003890381.1	567	368	0	0
XM_003890382.1	447	248	0	0
XM_003890383.1	216	24.1385	0	0
XM_003890384.1	1465	1266	2	22.6526
XM_003890385.1	501	302	0	0
XM_003890386.1	849	650	1	22.0601
XM_003890387.1	1109	910	0	0
XM_003890388.1	609	410	0	0
XM_003890389.1	1074	875	3	49.1626
XM_003890390.1	387	188	0	0
XM_003890391.1	588	389	0	0
XM_003890392.1	966	767	0	0
XM_003890393.1	1247	1048	1	13.6823
XM_003890394.1	1226	1027	2	27.9242
XM_003890395.1	1059	860	0	0
XM_003890396.1	267	68.0268	0	0
XM_003890397.1	1042	843	0	0
XM_003890398.1	189	13.1915	0	0
XM_003890399.1	174	9.99669	0	0
XM_003890400.1	2339	2140	0	0
XM_003890401.1	159	7.91627	0	0
XM_003890402.1	165	8.64817	0	0
XM_003890403.1	1308	1109	0	0
XM_003890404.1	336	137	0	0
XM_003890405.1	1404	1205	0	0
XM_003890406.1	599	400	1	35.8477
XM_003890407.1	1292	1093	4	52.4761
XM_003890408.1	1133	934	0	0
XM_003890409.1	171	9.50903	0	0
XM_003890410.1	410	211	0	0
XM_003890411.1	3353	3154	5	22.7316
XM_003890412.1	518	319	0	0
XM_003890413.1	1501	1302	0	0
XM_003890414.1	981	782	0	0
XM_003890415.1	522	323	0	0
XM_003890416.1	1893	1694	0	0
XM_003890417.1	3165	2966	0	0
XM_003890418.1	158	7.80511	0	0
XM_003890419.1	1101	902	0	0
XM_003890420.1	159	7.91627	0	0
XM_003890421.1	4104	3905	0	0
XM_003890422.1	174	9.99669	0	0
XM_003890423.1	2076	1877	4.93521	37.7019
XM_003890424.1	3162	2963	3	14.5181
XM_003890425.1	255	56.1701	0	0
XM_003890426.1	840	641	0	0
XM_003890427.1	486	287	0	0
XM_003890428.1	711	512	0	0
XM_003890429.1	3753	3554	0	0
XM_003890430.1	159	7.91627	0	0
XM_003890431.1	292	93.0002	1	154.183
XM_003890432.1	309	110	0	0
XM_003890433.1	3060	2861	1	5.01191
XM_003890434.1	1287	1088	0	0
XM_003890435.1	1005	806	0	0
XM_003890436.1	213	22.4695	0	0
XM_003890437.1	377	178	0	0
XM_003890438.1	2657	2458	1	5.83364
XM_003890439.1	210	20.9285	0	0
XM_003890440.1	405	206	0	0
XM_003890441.1	567	368	0	0
XM_003890442.1	784	585	1	24.5113
XM_003890443.1	6513	6314	0.00170576	0.00387379
XM_003890444.1	2872	2673	0	0
XM_003890445.1	4606	4407	3	9.76112
XM_003890446.1	201	17.0167	0	0
XM_003890447.1	315	116	0	0
XM_003890448.1	1599	1400	0	0
XM_003890449.1	1041	842	0	0
XM_003890450.1	2232	2033	0	0
XM_003890451.1	2936	2737	2	10.478
XM_003890452.1	1563	1364	0	0
XM_003890453.1	678	479	0	0
XM_003890454.1	2466	2267	7	44.276
XM_003890455.1	780	581	0	0
XM_003890456.1	2008	1809	0	0
XM_003890457.1	876	677	0	0
XM_003890458.1	428	229	0	0
XM_003890459.1	1373	1174	3	36.6416
XM_003890460.1	495	296	0	0
XM_003890461.1	1389	1190	0	0
XM_003890462.1	1134	935	0	0
XM_003890463.1	783	584	0	0
XM_003890464.1	2783	2584	1.48268	8.22769
XM_003890465.1	2307	2108	0	0
XM_003890466.1	279	80.003	0	0
XM_003890467.1	1158	959	0	0
XM_003890468.1	3928	3729	1	3.84529
XM_003890469.1	507	308	7	325.888
XM_003890470.1	276	77.0053	2	372.418
XM_003890471.1	1262	1063	4	53.9571
XM_003890472.1	297	98.0001	0	0
XM_003890473.1	222	27.8721	0	0
XM_003890474.1	273	74.0093	0	0
XM_003890475.1	1266	1067	0	0
XM_003890476.1	2929	2730	1	5.25241
XM_003890477.1	1884	1685	0	0
XM_003890478.1	423	224	0	0
XM_003890479.1	210	20.9285	0	0
XM_003890480.1	1570	1371	0	0
XM_003890481.1	297	98.0001	0	0
XM_003890482.1	1680	1481	3	29.0461
XM_003890483.1	1083	884	1	16.2207
XM_003890484.1	297	98.0001	0	0
XM_003890485.1	1626	1427	0	0
XM_003890486.1	333	134	0	0
XM_003890487.1	495	296	0	0
XM_003890488.1	1467	1268	0	0
XM_003890489.1	267	68.0268	0	0
XM_003890490.1	339	140	0	0
XM_003890491.1	5142	4943	1	2.90089
XM_003890492.1	171	9.50903	0	0
XM_003890493.1	3279	3080	0	0
XM_003890494.1	552	353	0	0
XM_003890495.1	3888	3689	0	0
XM_003890496.1	3888	3689	0	0
XM_003890497.1	5358	5159	0	0
XM_003890498.1	1230	1031	0	0
XM_003890499.1	1032	833	0	0
XM_003890500.1	519	320	0	0
XM_003890501.1	3844	3645	5	19.6695
XM_003890502.1	2421	2222	0	0
XM_003890503.1	3314	3115	19	87.4615
XM_003890504.1	267	68.0268	1	210.786
XM_003890505.1	429	230	0	0
XM_003890506.1	4639	4440	0	0
XM_003890507.1	426	227	0	0
XM_003890508.1	1923	1724	0	0
XM_003890509.1	3258	3059	0	0
XM_003890510.1	585	386	0	0
XM_003890511.1	398	199	0	0
XM_003890512.1	350	151	0	0
XM_003890513.1	264	65.044	0	0
XM_003890514.1	240	42.049	0	0
XM_003890515.1	1033	834	4	68.7726
XM_003890516.1	210	20.9285	0	0
XM_003890517.1	2096	1897	0	0
XM_003890518.1	333	134	0	0
XM_003890519.1	414	215	0	0
XM_003890520.1	195	14.9308	0	0
XM_003890521.1	2182	1983	21	151.851
XM_003890522.1	426	227	0	0
XM_003890523.1	477	278	0	0
XM_003890524.1	228	32.1317	0	0
XM_003890525.1	953	754	0	0
XM_003890526.1	1186	987	1	14.5279
XM_003890527.1	228	32.1317	0	0
XM_003890528.1	1905	1706	0	0
XM_003890529.1	717	518	0	0
XM_003890530.1	1710	1511	0	0
XM_003890531.1	825	626	0	0
XM_003890532.1	165	8.64817	0	0
XM_003890533.1	1266	1067	0	0
XM_003890534.1	1254	1055	0	0
XM_003890535.1	186	12.4336	0	0
XM_003890536.1	171	9.50903	0	0
XM_003890537.1	1399	1200	0	0
XM_003890538.1	525	326	0	0
XM_003890539.1	2637	2438	0	0
XM_003890540.1	819	620	0	0
XM_003890541.1	525	326	0	0
XM_003890542.1	1050	851	0	0
XM_003890543.1	405	206	0	0
XM_003890544.1	234	36.8813	0	0
XM_003890545.1	1560	1361	1	10.5357
XM_003890546.1	980	781	0	0
XM_003890547.1	276	77.0053	0	0
XM_003890548.1	450	251	0	0
XM_003890549.1	693	494	0	0
XM_003890550.1	186	12.4336	0	0
XM_003890551.1	2856	2657	0	0
XM_003890552.1	3369	3170	0	0
XM_003890553.1	405	206	0	0
XM_003890554.1	1256	1057	1	13.5658
XM_003890555.1	1524	1325	0	0
XM_003890556.1	3128	2929	3	14.6867
XM_003890557.1	1161	962	0	0
XM_003890558.1	2180	1981	0	0
XM_003890559.1	1993	1794	8	63.9424
XM_003890560.1	576	377	0	0
XM_003890561.1	624	425	0	0
XM_003890562.1	948	749	0	0
XM_003890563.1	216	24.1385	0	0
XM_003890564.1	1115	916	0	0
XM_003890565.1	1912	1713	0	0
XM_003890566.1	265	66.0374	0	0
XM_003890567.1	351	152	0	0
XM_003890568.1	1134	935	0	0
XM_003890569.1	340	141	0	0
XM_003890570.1	471	272	0	0
XM_003890571.1	153	7.28986	0	0
XM_003890572.1	1129	930	0	0
XM_003890573.1	785	586	13.1472	321.705
XM_003890574.1	207	19.5103	0	0
XM_003890575.1	1256	1057	0	0
XM_003890576.1	1086	887	1	16.1658
XM_003890577.1	159	7.91627	0	0
XM_003890578.1	1548	1349	0	0
XM_003890579.1	1308	1109	0	0
XM_003890580.1	273	74.0093	0	0
XM_003890581.1	1111	912	0	0
XM_003890582.1	531	332	0	0
XM_003890583.1	444	245	0	0
XM_003890584.1	395	196	0	0
XM_003890585.1	2322	2123	0	0
XM_003890586.1	537	338	0	0
XM_003890587.1	3855	3656	3	11.7662
XM_003890588.1	513	314	0	0
XM_003890589.1	264	65.044	0	0
XM_003890590.1	249	50.3754	0	0
XM_003890591.1	4913	4714	0	0
XM_003890592.1	435	236	0	0
XM_003890593.1	459	260	0	0
XM_003890594.1	711	512	0	0
XM_003890595.1	225	29.9375	0	0
XM_003890596.1	933	734	0	0
XM_003890597.1	2739	2540	0	0
XM_003890598.1	641	442	0	0
XM_003890599.1	474	275	0	0
XM_003890600.1	2425	2226	3	19.3249
XM_003890601.1	1671	1472	0	0
XM_003890602.1	567	368	0	0
XM_003890603.1	1560	1361	0	0
XM_003890604.1	378	179	0	0
XM_003890605.1	834	635	0	0
XM_003890606.1	192	14.0216	0	0
XM_003890607.1	1515	1316	3	32.6879
XM_003890608.1	264	65.044	0	0
XM_003890609.1	2795	2596	0	0
XM_003890610.1	2825	2626	1	5.46043
XM_003890611.1	910	711	0	0
XM_003890612.1	393	194	0	0
XM_003890613.1	1044	845	0	0
XM_003890614.1	309	110	0	0
XM_003890615.1	240	42.049	0	0
XM_003890616.1	243	44.7603	0	0
XM_003890617.1	216	24.1385	0	0
XM_003890618.1	1374	1175	0	0
XM_003890619.1	225	29.9375	0	0
XM_003890620.1	834	635	0	0
XM_003890621.1	892	693	2	41.3826
XM_003890622.1	198	15.9266	0	0
XM_003890623.1	429	230	0	0
XM_003890624.1	816	617	5	116.2
XM_003890625.1	1429	1230	13	151.551
XM_003890626.1	981	782	0	0
XM_003890627.1	633	434	0	0
XM_003890628.1	711	512	0	0
XM_003890629.1	1650	1451	0	0
XM_003890630.1	648	449	0	0
XM_003890631.1	1108	909	14	220.844
XM_003890632.1	320	121	0	0
XM_003890633.1	375	176	0	0
XM_003890634.1	2742	2543	1	5.63865
XM_003890635.1	5926	5727	0.751845	1.88245
XM_003890636.1	7761	7562	0	0
XM_003890637.1	1034	835	1	17.1726
XM_003890638.1	800	601	3.99014	95.1997
XM_003890639.1	804	605	0	0
XM_003890640.1	270	71.016	0	0
XM_003890641.1	174	9.99669	0	0
XM_003890642.1	414	215	0	0
XM_003890643.1	204	18.2087	0	0
XM_003890644.1	15645	15446	2	1.85667
XM_003890645.1	1335	1136	0	0
XM_003890646.1	1062	863	0	0
XM_003890647.1	1359	1160	0	0
XM_003890648.1	1449	1250	0	0
XM_003890649.1	189	13.1915	0	0
XM_003890650.1	369	170	0	0
XM_003890651.1	387	188	0	0
XM_003890652.1	909	710	2	40.3918
XM_003890653.1	1161	962	0	0
XM_003890654.1	1849	1650	2	17.3807
XM_003890655.1	1993	1794	12	95.9136
XM_003890656.1	258	59.1108	0	0
XM_003890657.1	189	13.1915	0	0
XM_003890658.1	1059	860	0	0
XM_003890659.1	711	512	0	0
XM_003890660.1	357	158	0	0
XM_003890661.1	879	680	1	21.0869
XM_003890662.1	1542	1343	0	0
XM_003890663.1	1713	1514	0	0
XM_003890664.1	669	470	0	0
XM_003890665.1	537	338	0	0
XM_003890666.1	252	53.2554	0	0
XM_003890667.1	348	149	0	0
XM_003890668.1	2961	2762	0	0
XM_003890669.1	2814	2615	2	10.9668
XM_003890670.1	1545	1346	2	21.3062
XM_003890671.1	2046	1847	0	0
XM_003890672.1	606	407	0	0
XM_003890673.1	183	11.741	0	0
XM_003890674.1	753	554	0	0
XM_003890675.1	240	42.049	0	0
XM_003890676.1	1614	1415	1	10.1336
XM_003890677.1	2238	2039	7	49.2269
XM_003890678.1	2211	2012	0	0
XM_003890679.1	192	14.0216	0	0
XM_003890680.1	195	14.9308	0	0
XM_003890681.1	417	218	0	0
XM_003890682.1	399	200	0	0
XM_003890683.1	2550	2351	0	0
XM_003890684.1	438	239	0	0
XM_003890685.1	261	62.0706	0	0
XM_003890686.1	960	761	0	0
XM_003890687.1	153	7.28986	0	0
XM_003890688.1	498	299	0	0
XM_003890689.1	1288	1089	2	26.3344
XM_003890690.1	291	92.0002	0	0
XM_003890691.1	243	44.7603	2	640.705
XM_003890692.1	2523	2324	4	24.68
XM_003890693.1	3422	3223	0	0
XM_003890694.1	237	39.4185	0	0
XM_003890695.1	1236	1037	0	0
XM_003890696.1	455	256	0	0
XM_003890697.1	5045	4846	3	8.87686
XM_003890698.1	663	464	0	0
XM_003890699.1	450	251	0	0
XM_003890700.1	174	9.99669	5	7171.92
XM_003890701.1	2308	2109	0.296945	2.01893
XM_003890702.1	367	168	0	0
XM_003890703.1	1583	1384	0	0
XM_003890704.1	6119	5920	0	0
XM_003890705.1	255	56.1701	0	0
XM_003890706.1	210	20.9285	1	685.147
XM_003890707.1	4810	4611	0	0
XM_003890708.1	414	215	0	0
XM_003890709.1	1749	1550	0	0
XM_003890710.1	522	323	0	0
XM_003890711.1	519	320	0	0
XM_003890712.1	1218	1019	0	0
XM_003890713.1	2199	2000	0	0
XM_003890714.1	684	485	0	0
XM_003890715.1	570	371	0	0
XM_003890716.1	1330	1131	51	646.59
XM_003890717.1	1191	992	0	0
XM_003890718.1	3722	3523	2	8.14027
XM_003890719.1	2027	1828	0	0
XM_003890720.1	1992	1793	7	55.9808
XM_003890721.1	162	8.26769	0	0
XM_003890722.1	4563	4364	1	3.28577
XM_003890723.1	1110	911	0	0
XM_003890724.1	861	662	0	0
XM_003890725.1	1705	1506	0	0
XM_003890726.1	1458	1259	3	34.1678
XM_003890727.1	513	314	0	0
XM_003890728.1	623	424	0	0
XM_003890729.1	174	9.99669	0	0
XM_003890730.1	171	9.50903	0	0
XM_003890731.1	1149	950	2	30.1876
XM_003890732.1	2997	2798	0	0
XM_003890733.1	237	39.4185	0	0
XM_003890734.1	3096	2897	0	0
XM_003890735.1	3544	3345	0	0
XM_003890736.1	2088	1889	20	151.817
XM_003890737.1	1143	944	1	15.1897
XM_003890738.1	437	238	3	180.745
XM_003890739.1	1092	893	2	32.1144
XM_003890740.1	1371	1172	3	36.7041
XM_003890741.1	2063	1864	1	7.69264
XM_003890742.1	1393	1194	0	0
XM_003890743.1	2076	1877	0	0
XM_003890744.1	1011	812	0	0
XM_003890745.1	552	353	0	0
XM_003890746.1	450	251	0	0
XM_003890747.1	912	713	0	0
XM_003890748.1	1306	1107	0	0
XM_003890749.1	381	182	0	0
XM_003890750.1	366	167	0	0
XM_003890751.1	933	734	0	0
XM_003890752.1	312	113	0	0
XM_003890753.1	219	25.9389	0	0
XM_003890754.1	393	194	0	0
XM_003890755.1	1131	932	0	0
XM_003890756.1	1053	854	0	0
XM_003890757.1	1970	1771	0	0
XM_003890758.1	186	12.4336	0	0
XM_003890759.1	378	179	0	0
XM_003890760.1	303	104	0	0
XM_003890761.1	2865	2666	2	10.757
XM_003890762.1	6690	6491	2	4.41814
XM_003890763.1	757	558	2	51.3946
XM_003890764.1	414	215	0	0
XM_003890765.1	1410	1211	0	0
XM_003890766.1	342	143	0	0
XM_003890767.1	480	281	0	0
XM_003890768.1	925	726	8	158.006
XM_003890769.1	879	680	0	0
XM_003890770.1	2217	2018	0	0
XM_003890771.1	207	19.5103	0	0
XM_003890772.1	2235	2036	14	98.5988
XM_003890773.1	1308	1109	0	0
XM_003890774.1	156	7.59116	0	0
XM_003890775.1	1147	948	0	0
XM_003890776.1	168	9.06081	0	0
XM_003890777.1	3120	2921	3.28571	16.1295
XM_003890778.1	852	653	2	43.9176
XM_003890779.1	906	707	0	0
XM_003890780.1	1675	1476	3	29.1445
XM_003890781.1	306	107	0	0
XM_003890782.1	279	80.003	0	0
XM_003890783.1	751	552	0	0
XM_003890784.1	432	233	2	123.082
XM_003890785.1	710	511	0	0
XM_003890786.1	1875	1676	1	8.55554
XM_003890787.1	1227	1028	0	0
XM_003890788.1	1194	995	0	0
XM_003890789.1	840	641	0	0
XM_003890790.1	240	42.049	0	0
XM_003890791.1	252	53.2554	0	0
XM_003890792.1	337	138	0	0
XM_003890793.1	1324	1125	0	0
XM_003890794.1	195	14.9308	0	0
XM_003890795.1	4144	3945	2	7.2695
XM_003890796.1	198	15.9266	0	0
XM_003890797.1	798	599	0	0
XM_003890798.1	676	477	0	0
XM_003890799.1	177	10.528	0	0
XM_003890800.1	291	92.0002	0	0
XM_003890801.1	240	42.049	0	0
XM_003890802.1	1847	1648	3.41032	29.6728
XM_003890803.1	696	497	0	0
XM_003890804.1	987	788	0	0
XM_003890805.1	387	188	0	0
XM_003890806.1	897	698	0	0
XM_003890807.1	345	146	0	0
XM_003890808.1	1134	935	0	0
XM_003890809.1	2661	2462	0	0
XM_003890810.1	960	761	0	0
XM_003890811.1	219	25.9389	0	0
XM_003890812.1	549	350	0	0
XM_003890813.1	705	506	0	0
XM_003890814.1	239	41.1625	0	0
XM_003890815.1	249	50.3754	0	0
XM_003890816.1	187	12.6786	0	0
XM_003890817.1	1443	1244	0	0
XM_003890818.1	463	264	0	0
XM_003890819.1	789	590	0	0
XM_003890820.1	690	491	5	146.019
XM_003890821.1	294	95.0001	0	0
XM_003890822.1	2355	2156	0	0
XM_003890823.1	621	422	0	0
XM_003890824.1	459	260	0	0
XM_003890825.1	501	302	0	0
XM_003890826.1	297	98.0001	0	0
XM_003890827.1	1056	857	0	0
XM_003890828.1	534	335	0	0
XM_003890829.1	792	593	0	0
XM_003890830.1	2460	2261	0	0
XM_003890831.1	750	551	0	0
XM_003890832.1	237	39.4185	0	0
XM_003890833.1	1918	1719	9	75.0738
XM_003890834.1	252	53.2554	0	0
XM_003890835.1	853	654	0	0
XM_003890836.1	688	489	0	0
XM_003890837.1	807	608	0	0
XM_003890838.1	876	677	0	0
XM_003890839.1	237	39.4185	0	0
XM_003890840.1	203	17.7996	0	0
XM_003890841.1	2112	1913	0	0
XM_003890842.1	1597	1398	0	0
XM_003890843.1	528	329	0	0
XM_003890844.1	1405	1206	3.69595	43.9441
XM_003890845.1	2352	2153	0	0
XM_003890846.1	4309	4110	0	0
XM_003890847.1	304	105	0	0
XM_003890848.1	334	135	0	0
XM_003890849.1	1519	1320	2	21.7259
XM_003890850.1	989	790	0	0
XM_003890851.1	852	653	0	0
XM_003890852.1	963	764	0	0
XM_003890853.1	224	29.2345	0	0
XM_003890854.1	396	197	0	0
XM_003890855.1	318	119	0	0
XM_003890856.1	1446	1247	0	0
XR_009656882.1	267	68.0268	500.401	105477
XR_009656883.1	120	5.05223	0	0
XR_009656884.1	2727	2528	50.0439	283.854
XR_009656885.1	157	7.69677	1	1863
XR_009656886.1	120	5.05223	0	0
XR_009656887.1	2665	2466	58.5943	340.709
XR_009656888.1	1804	1605	895.761	8002.74
XR_009656889.1	2728	2529	11134.2	63129.4
