path	size_bytes	mtime_epoch	md5
busco_downloads/file_versions.tsv	106586	1786685121	
busco_downloads/lineages/ascomycota_odb10/ancestral	1022535	1574253481	
busco_downloads/lineages/ascomycota_odb10/ancestral_variants	10277082	1574253481	
busco_downloads/lineages/ascomycota_odb10/dataset.cfg	193	1704721205	
busco_downloads/lineages/ascomycota_odb10/hmms/100089at4890.hmm	219573	1574253481	
busco_downloads/lineages/ascomycota_odb10/hmms/100309at4890.hmm	210274	1574253480	
busco_downloads/lineages/ascomycota_odb10/hmms/100311at4890.hmm	154939	1574253481	
busco_downloads/lineages/ascomycota_odb10/hmms/100750at4890.hmm	234919	1574253480	
busco_downloads/lineages/ascomycota_odb10/hmms/100974at4890.hmm	142384	1574253480	
busco_downloads/lineages/ascomycota_odb10/hmms/101016at4890.hmm	116344	1574253480	
busco_downloads/lineages/ascomycota_odb10/hmms/101213at4890.hmm	211669	1574253480	
busco_downloads/lineages/ascomycota_odb10/hmms/101465at4890.hmm	203299	1574253481	
busco_downloads/lineages/ascomycota_odb10/hmms/101708at4890.hmm	194928	1574253481	
busco_downloads/lineages/ascomycota_odb10/hmms/101880at4890.hmm	333498	1574253480	
busco_downloads/lineages/ascomycota_odb10/hmms/102546at4890.hmm	766880	1574253481	
busco_downloads/lineages/ascomycota_odb10/hmms/102732at4890.hmm	108904	1574253480	
busco_downloads/lineages/ascomycota_odb10/hmms/103379at4890.hmm	248403	1574253480	
busco_downloads/lineages/ascomycota_odb10/hmms/10358at4890.hmm	631564	1574253481	
busco_downloads/lineages/ascomycota_odb10/hmms/103938at4890.hmm	232594	1574253480	
busco_downloads/lineages/ascomycota_odb10/hmms/10480at4890.hmm	526009	1574253481	
busco_downloads/lineages/ascomycota_odb10/hmms/104906at4890.hmm	150754	1574253480	
busco_downloads/lineages/ascomycota_odb10/hmms/105314at4890.hmm	200044	1574253481	
busco_downloads/lineages/ascomycota_odb10/hmms/10555at4890.hmm	460443	1574253481	
busco_downloads/lineages/ascomycota_odb10/hmms/105617at4890.hmm	213064	1574253480	
busco_downloads/lineages/ascomycota_odb10/hmms/105863at4890.hmm	200508	1574253480	
busco_downloads/lineages/ascomycota_odb10/hmms/106093at4890.hmm	179584	1574253481	
busco_downloads/lineages/ascomycota_odb10/hmms/106888at4890.hmm	225153	1574253481	
busco_downloads/lineages/ascomycota_odb10/hmms/107271at4890.hmm	177259	1574253481	
busco_downloads/lineages/ascomycota_odb10/hmms/10728at4890.hmm	671553	1574253481	
busco_downloads/lineages/ascomycota_odb10/hmms/107546at4890.hmm	219109	1574253480	
busco_downloads/lineages/ascomycota_odb10/hmms/107609at4890.hmm	193999	1574253480	
busco_downloads/lineages/ascomycota_odb10/hmms/10795at4890.hmm	399063	1574253481	
busco_downloads/lineages/ascomycota_odb10/hmms/108222at4890.hmm	239569	1574253480	
busco_downloads/lineages/ascomycota_odb10/hmms/108285at4890.hmm	147498	1574253481	
busco_downloads/lineages/ascomycota_odb10/hmms/108341at4890.hmm	173539	1574253480	
busco_downloads/lineages/ascomycota_odb10/hmms/108478at4890.hmm	228409	1574253480	
busco_downloads/lineages/ascomycota_odb10/hmms/10872at4890.hmm	590179	1574253480	
busco_downloads/lineages/ascomycota_odb10/hmms/108742at4890.hmm	232128	1574253480	
busco_downloads/lineages/ascomycota_odb10/hmms/109030at4890.hmm	212134	1574253480	
busco_downloads/lineages/ascomycota_odb10/hmms/109124at4890.hmm	183769	1574253481	
busco_downloads/lineages/ascomycota_odb10/hmms/10917at4890.hmm	493459	1574253481	
busco_downloads/lineages/ascomycota_odb10/hmms/109251at4890.hmm	146104	1574253480	
busco_downloads/lineages/ascomycota_odb10/hmms/109571at4890.hmm	260029	1574253480	
busco_downloads/lineages/ascomycota_odb10/hmms/10962at4890.hmm	427428	1574253480	
busco_downloads/lineages/ascomycota_odb10/hmms/109719at4890.hmm	134479	1574253480	
busco_downloads/lineages/ascomycota_odb10/hmms/109994at4890.hmm	194464	1574253481	
busco_downloads/lineages/ascomycota_odb10/hmms/110035at4890.hmm	207019	1574253481	
busco_downloads/lineages/ascomycota_odb10/hmms/110617at4890.hmm	216784	1574253480	
busco_downloads/lineages/ascomycota_odb10/hmms/111241at4890.hmm	133084	1574253481	
busco_downloads/lineages/ascomycota_odb10/hmms/111471at4890.hmm	209809	1574253480	
busco_downloads/lineages/ascomycota_odb10/hmms/111489at4890.hmm	250728	1574253480	
busco_downloads/lineages/ascomycota_odb10/hmms/111745at4890.hmm	171214	1574253481	
busco_downloads/lineages/ascomycota_odb10/hmms/112144at4890.hmm	123318	1574253480	
busco_downloads/lineages/ascomycota_odb10/hmms/112174at4890.hmm	132154	1574253480	
busco_downloads/lineages/ascomycota_odb10/hmms/112244at4890.hmm	212599	1574253480	
busco_downloads/lineages/ascomycota_odb10/hmms/112283at4890.hmm	232593	1574253481	
busco_downloads/lineages/ascomycota_odb10/hmms/112406at4890.hmm	142849	1574253481	
busco_downloads/lineages/ascomycota_odb10/hmms/11266at4890.hmm	344193	1574253480	
busco_downloads/lineages/ascomycota_odb10/hmms/112810at4890.hmm	354424	1574253481	
busco_downloads/lineages/ascomycota_odb10/hmms/113231at4890.hmm	254449	1574253481	
busco_downloads/lineages/ascomycota_odb10/hmms/113320at4890.hmm	287464	1574253480	
busco_downloads/lineages/ascomycota_odb10/hmms/113746at4890.hmm	177724	1574253480	
busco_downloads/lineages/ascomycota_odb10/hmms/113793at4890.hmm	203299	1574253481	
busco_downloads/lineages/ascomycota_odb10/hmms/114318at4890.hmm	197254	1574253481	
busco_downloads/lineages/ascomycota_odb10/hmms/114374at4890.hmm	265609	1574253480	
busco_downloads/lineages/ascomycota_odb10/hmms/114664at4890.hmm	302809	1574253480	
busco_downloads/lineages/ascomycota_odb10/hmms/114848at4890.hmm	166099	1574253480	
busco_downloads/lineages/ascomycota_odb10/hmms/115004at4890.hmm	160054	1574253480	
busco_downloads/lineages/ascomycota_odb10/hmms/115066at4890.hmm	167029	1574253480	
busco_downloads/lineages/ascomycota_odb10/hmms/116022at4890.hmm	155869	1574253480	
busco_downloads/lineages/ascomycota_odb10/hmms/116117at4890.hmm	157264	1574253480	
busco_downloads/lineages/ascomycota_odb10/hmms/11622at4890.hmm	415803	1574253481	
busco_downloads/lineages/ascomycota_odb10/hmms/11641at4890.hmm	380463	1574253480	
busco_downloads/lineages/ascomycota_odb10/hmms/116626at4890.hmm	172144	1574253481	
busco_downloads/lineages/ascomycota_odb10/hmms/116771at4890.hmm	199113	1574253481	
busco_downloads/lineages/ascomycota_odb10/hmms/116775at4890.hmm	195393	1574253480	
busco_downloads/lineages/ascomycota_odb10/hmms/11683at4890.hmm	439052	1574253480	
busco_downloads/lineages/ascomycota_odb10/hmms/116896at4890.hmm	137269	1574253481	
busco_downloads/lineages/ascomycota_odb10/hmms/116973at4890.hmm	182839	1574253481	
busco_downloads/lineages/ascomycota_odb10/hmms/117765at4890.hmm	183304	1574253481	
busco_downloads/lineages/ascomycota_odb10/hmms/11818at4890.hmm	249332	1574253480	
busco_downloads/lineages/ascomycota_odb10/hmms/11820at4890.hmm	496714	1574253481	
busco_downloads/lineages/ascomycota_odb10/hmms/118634at4890.hmm	228409	1574253481	
busco_downloads/lineages/ascomycota_odb10/hmms/118689at4890.hmm	167029	1574253480	
busco_downloads/lineages/ascomycota_odb10/hmms/118719at4890.hmm	327919	1574253480	
busco_downloads/lineages/ascomycota_odb10/hmms/118835at4890.hmm	209806	1574253480	
busco_downloads/lineages/ascomycota_odb10/hmms/119154at4890.hmm	159124	1574253481	
busco_downloads/lineages/ascomycota_odb10/hmms/119371at4890.hmm	406039	1574253480	
busco_downloads/lineages/ascomycota_odb10/hmms/119559at4890.hmm	133545	1574253481	
busco_downloads/lineages/ascomycota_odb10/hmms/11957at4890.hmm	439518	1574253481	
busco_downloads/lineages/ascomycota_odb10/hmms/119846at4890.hmm	329778	1574253480	
busco_downloads/lineages/ascomycota_odb10/hmms/119869at4890.hmm	145174	1574253480	
busco_downloads/lineages/ascomycota_odb10/hmms/120513at4890.hmm	256774	1574253480	
busco_downloads/lineages/ascomycota_odb10/hmms/120689at4890.hmm	170284	1574253480	
busco_downloads/lineages/ascomycota_odb10/hmms/121506at4890.hmm	142849	1574253480	
busco_downloads/lineages/ascomycota_odb10/hmms/121809at4890.hmm	269794	1574253481	
busco_downloads/lineages/ascomycota_odb10/hmms/12223at4890.hmm	565999	1574253480	
busco_downloads/lineages/ascomycota_odb10/hmms/122697at4890.hmm	144709	1574253480	
busco_downloads/lineages/ascomycota_odb10/hmms/122826at4890.hmm	216319	1574253480	
busco_downloads/lineages/ascomycota_odb10/hmms/122978at4890.hmm	160984	1574253481	
busco_downloads/lineages/ascomycota_odb10/hmms/123070at4890.hmm	495319	1574253481	
busco_downloads/lineages/ascomycota_odb10/hmms/123363at4890.hmm	206554	1574253481	
busco_downloads/lineages/ascomycota_odb10/hmms/124728at4890.hmm	187954	1574253480	
busco_downloads/lineages/ascomycota_odb10/hmms/125803at4890.hmm	181908	1574253480	
busco_downloads/lineages/ascomycota_odb10/hmms/125901at4890.hmm	300484	1574253481	
busco_downloads/lineages/ascomycota_odb10/hmms/125929at4890.hmm	203298	1574253480	
busco_downloads/lineages/ascomycota_odb10/hmms/125930at4890.hmm	184234	1574253481	
busco_downloads/lineages/ascomycota_odb10/hmms/126185at4890.hmm	170749	1574253480	
busco_downloads/lineages/ascomycota_odb10/hmms/126232at4890.hmm	278164	1574253481	
busco_downloads/lineages/ascomycota_odb10/hmms/127337at4890.hmm	101928	1574253480	
busco_downloads/lineages/ascomycota_odb10/hmms/127478at4890.hmm	186559	1574253480	
busco_downloads/lineages/ascomycota_odb10/hmms/127800at4890.hmm	210739	1574253481	
busco_downloads/lineages/ascomycota_odb10/hmms/128269at4890.hmm	171679	1574253480	
busco_downloads/lineages/ascomycota_odb10/hmms/128529at4890.hmm	253518	1574253481	
busco_downloads/lineages/ascomycota_odb10/hmms/128534at4890.hmm	171214	1574253480	
busco_downloads/lineages/ascomycota_odb10/hmms/129655at4890.hmm	220969	1574253480	
busco_downloads/lineages/ascomycota_odb10/hmms/129679at4890.hmm	188419	1574253481	
busco_downloads/lineages/ascomycota_odb10/hmms/130309at4890.hmm	391624	1574253481	
busco_downloads/lineages/ascomycota_odb10/hmms/130323at4890.hmm	206089	1574253480	
busco_downloads/lineages/ascomycota_odb10/hmms/130338at4890.hmm	250264	1574253481	
busco_downloads/lineages/ascomycota_odb10/hmms/130539at4890.hmm	305134	1574253481	
busco_downloads/lineages/ascomycota_odb10/hmms/130554at4890.hmm	460909	1574253480	
busco_downloads/lineages/ascomycota_odb10/hmms/13059at4890.hmm	318618	1574253481	
busco_downloads/lineages/ascomycota_odb10/hmms/130738at4890.hmm	206089	1574253481	
busco_downloads/lineages/ascomycota_odb10/hmms/130793at4890.hmm	160519	1574253480	
busco_downloads/lineages/ascomycota_odb10/hmms/131103at4890.hmm	175399	1574253481	
busco_downloads/lineages/ascomycota_odb10/hmms/131248at4890.hmm	156798	1574253480	
busco_downloads/lineages/ascomycota_odb10/hmms/131344at4890.hmm	206554	1574253480	
busco_downloads/lineages/ascomycota_odb10/hmms/132030at4890.hmm	170749	1574253481	
busco_downloads/lineages/ascomycota_odb10/hmms/132883at4890.hmm	509734	1574253481	
busco_downloads/lineages/ascomycota_odb10/hmms/133089at4890.hmm	174004	1574253481	
busco_downloads/lineages/ascomycota_odb10/hmms/133107at4890.hmm	483694	1574253481	
busco_downloads/lineages/ascomycota_odb10/hmms/133204at4890.hmm	193069	1574253481	
busco_downloads/lineages/ascomycota_odb10/hmms/133279at4890.hmm	328384	1574253480	
busco_downloads/lineages/ascomycota_odb10/hmms/13343at4890.hmm	518104	1574253480	
busco_downloads/lineages/ascomycota_odb10/hmms/133490at4890.hmm	196789	1574253480	
busco_downloads/lineages/ascomycota_odb10/hmms/133545at4890.hmm	158194	1574253480	
busco_downloads/lineages/ascomycota_odb10/hmms/133766at4890.hmm	284674	1574253481	
busco_downloads/lineages/ascomycota_odb10/hmms/133834at4890.hmm	248404	1574253480	
busco_downloads/lineages/ascomycota_odb10/hmms/134389at4890.hmm	277699	1574253480	
busco_downloads/lineages/ascomycota_odb10/hmms/134399at4890.hmm	212134	1574253481	
busco_downloads/lineages/ascomycota_odb10/hmms/134648at4890.hmm	187954	1574253481	
busco_downloads/lineages/ascomycota_odb10/hmms/134677at4890.hmm	99604	1574253481	
busco_downloads/lineages/ascomycota_odb10/hmms/134850at4890.hmm	138664	1574253480	
busco_downloads/lineages/ascomycota_odb10/hmms/135095at4890.hmm	97744	1574253481	
busco_downloads/lineages/ascomycota_odb10/hmms/13514at4890.hmm	359072	1574253481	
busco_downloads/lineages/ascomycota_odb10/hmms/135181at4890.hmm	140989	1574253481	
busco_downloads/lineages/ascomycota_odb10/hmms/135392at4890.hmm	137269	1574253480	
busco_downloads/lineages/ascomycota_odb10/hmms/135760at4890.hmm	125644	1574253481	
busco_downloads/lineages/ascomycota_odb10/hmms/135977at4890.hmm	86119	1574253481	
busco_downloads/lineages/ascomycota_odb10/hmms/136092at4890.hmm	176792	1574253481	
busco_downloads/lineages/ascomycota_odb10/hmms/136105at4890.hmm	144709	1574253480	
busco_downloads/lineages/ascomycota_odb10/hmms/136210at4890.hmm	165169	1574253480	
busco_downloads/lineages/ascomycota_odb10/hmms/136250at4890.hmm	159588	1574253481	
busco_downloads/lineages/ascomycota_odb10/hmms/136456at4890.hmm	105649	1574253481	
busco_downloads/lineages/ascomycota_odb10/hmms/136816at4890.hmm	122389	1574253480	
busco_downloads/lineages/ascomycota_odb10/hmms/136889at4890.hmm	87513	1574253480	
busco_downloads/lineages/ascomycota_odb10/hmms/137165at4890.hmm	181908	1574253481	
busco_downloads/lineages/ascomycota_odb10/hmms/13724at4890.hmm	426963	1574253480	
busco_downloads/lineages/ascomycota_odb10/hmms/1372at4890.hmm	1073313	1574253481	
busco_downloads/lineages/ascomycota_odb10/hmms/137596at4890.hmm	132619	1574253480	
busco_downloads/lineages/ascomycota_odb10/hmms/137708at4890.hmm	240034	1574253480	
busco_downloads/lineages/ascomycota_odb10/hmms/137844at4890.hmm	143779	1574253481	
busco_downloads/lineages/ascomycota_odb10/hmms/138504at4890.hmm	235849	1574253480	
busco_downloads/lineages/ascomycota_odb10/hmms/138516at4890.hmm	124714	1574253480	
busco_downloads/lineages/ascomycota_odb10/hmms/139019at4890.hmm	137734	1574253480	
busco_downloads/lineages/ascomycota_odb10/hmms/139168at4890.hmm	250264	1574253481	
busco_downloads/lineages/ascomycota_odb10/hmms/139387at4890.hmm	198648	1574253481	
busco_downloads/lineages/ascomycota_odb10/hmms/139675at4890.hmm	36363	1574253480	
busco_downloads/lineages/ascomycota_odb10/hmms/139688at4890.hmm	175864	1574253481	
busco_downloads/lineages/ascomycota_odb10/hmms/139753at4890.hmm	191209	1574253481	
busco_downloads/lineages/ascomycota_odb10/hmms/139907at4890.hmm	164239	1574253480	
busco_downloads/lineages/ascomycota_odb10/hmms/140522at4890.hmm	172608	1574253481	
busco_downloads/lineages/ascomycota_odb10/hmms/141307at4890.hmm	124248	1574253480	
busco_downloads/lineages/ascomycota_odb10/hmms/141799at4890.hmm	173074	1574253480	
busco_downloads/lineages/ascomycota_odb10/hmms/142033at4890.hmm	183769	1574253481	
busco_downloads/lineages/ascomycota_odb10/hmms/142479at4890.hmm	123319	1574253480	
busco_downloads/lineages/ascomycota_odb10/hmms/142524at4890.hmm	174469	1574253481	
busco_downloads/lineages/ascomycota_odb10/hmms/143067at4890.hmm	143779	1574253480	
busco_downloads/lineages/ascomycota_odb10/hmms/143298at4890.hmm	115414	1574253480	
busco_downloads/lineages/ascomycota_odb10/hmms/143660at4890.hmm	342799	1574253480	
busco_downloads/lineages/ascomycota_odb10/hmms/143691at4890.hmm	109369	1574253481	
busco_downloads/lineages/ascomycota_odb10/hmms/143925at4890.hmm	83327	1574253481	
busco_downloads/lineages/ascomycota_odb10/hmms/14399at4890.hmm	415338	1574253480	
busco_downloads/lineages/ascomycota_odb10/hmms/144019at4890.hmm	220038	1574253481	
busco_downloads/lineages/ascomycota_odb10/hmms/144027at4890.hmm	291184	1574253480	
busco_downloads/lineages/ascomycota_odb10/hmms/144126at4890.hmm	109369	1574253481	
busco_downloads/lineages/ascomycota_odb10/hmms/144213at4890.hmm	198183	1574253481	
busco_downloads/lineages/ascomycota_odb10/hmms/144512at4890.hmm	190279	1574253481	
busco_downloads/lineages/ascomycota_odb10/hmms/144613at4890.hmm	373953	1574253480	
busco_downloads/lineages/ascomycota_odb10/hmms/144717at4890.hmm	173074	1574253481	
busco_downloads/lineages/ascomycota_odb10/hmms/145042at4890.hmm	190279	1574253481	
busco_downloads/lineages/ascomycota_odb10/hmms/145076at4890.hmm	184699	1574253480	
busco_downloads/lineages/ascomycota_odb10/hmms/145752at4890.hmm	149824	1574253480	
busco_downloads/lineages/ascomycota_odb10/hmms/145825at4890.hmm	353494	1574253480	
busco_downloads/lineages/ascomycota_odb10/hmms/145897at4890.hmm	111694	1574253481	
busco_downloads/lineages/ascomycota_odb10/hmms/145915at4890.hmm	165634	1574253480	
busco_downloads/lineages/ascomycota_odb10/hmms/145932at4890.hmm	167029	1574253480	
busco_downloads/lineages/ascomycota_odb10/hmms/145970at4890.hmm	197719	1574253480	
busco_downloads/lineages/ascomycota_odb10/hmms/146457at4890.hmm	108903	1574253480	
busco_downloads/lineages/ascomycota_odb10/hmms/146825at4890.hmm	159124	1574253480	
busco_downloads/lineages/ascomycota_odb10/hmms/14698at4890.hmm	226546	1574253481	
busco_downloads/lineages/ascomycota_odb10/hmms/147134at4890.hmm	138664	1574253481	
busco_downloads/lineages/ascomycota_odb10/hmms/147312at4890.hmm	136339	1574253480	
busco_downloads/lineages/ascomycota_odb10/hmms/147822at4890.hmm	116809	1574253480	
busco_downloads/lineages/ascomycota_odb10/hmms/148406at4890.hmm	173074	1574253480	
busco_downloads/lineages/ascomycota_odb10/hmms/148465at4890.hmm	190278	1574253481	
busco_downloads/lineages/ascomycota_odb10/hmms/148524at4890.hmm	187954	1574253480	
busco_downloads/lineages/ascomycota_odb10/hmms/148583at4890.hmm	99139	1574253481	
busco_downloads/lineages/ascomycota_odb10/hmms/148603at4890.hmm	226084	1574253480	
busco_downloads/lineages/ascomycota_odb10/hmms/14869at4890.hmm	483694	1574253481	
busco_downloads/lineages/ascomycota_odb10/hmms/149160at4890.hmm	136804	1574253480	
busco_downloads/lineages/ascomycota_odb10/hmms/149241at4890.hmm	150753	1574253480	
busco_downloads/lineages/ascomycota_odb10/hmms/149588at4890.hmm	89374	1574253480	
busco_downloads/lineages/ascomycota_odb10/hmms/149675at4890.hmm	176329	1574253480	
busco_downloads/lineages/ascomycota_odb10/hmms/150438at4890.hmm	286534	1574253481	
busco_downloads/lineages/ascomycota_odb10/hmms/150442at4890.hmm	106578	1574253480	
busco_downloads/lineages/ascomycota_odb10/hmms/150585at4890.hmm	177259	1574253481	
busco_downloads/lineages/ascomycota_odb10/hmms/15077at4890.hmm	393482	1574253480	
busco_downloads/lineages/ascomycota_odb10/hmms/150818at4890.hmm	136339	1574253481	
busco_downloads/lineages/ascomycota_odb10/hmms/151072at4890.hmm	211204	1574253481	
busco_downloads/lineages/ascomycota_odb10/hmms/15115at4890.hmm	384182	1574253481	
busco_downloads/lineages/ascomycota_odb10/hmms/151239at4890.hmm	247474	1574253480	
busco_downloads/lineages/ascomycota_odb10/hmms/152000at4890.hmm	191674	1574253481	
busco_downloads/lineages/ascomycota_odb10/hmms/152018at4890.hmm	321409	1574253480	
busco_downloads/lineages/ascomycota_odb10/hmms/152044at4890.hmm	399064	1574253480	
busco_downloads/lineages/ascomycota_odb10/hmms/152140at4890.hmm	106114	1574253481	
busco_downloads/lineages/ascomycota_odb10/hmms/152409at4890.hmm	299089	1574253481	
busco_downloads/lineages/ascomycota_odb10/hmms/15281at4890.hmm	527404	1574253480	
busco_downloads/lineages/ascomycota_odb10/hmms/153270at4890.hmm	247009	1574253481	
busco_downloads/lineages/ascomycota_odb10/hmms/153277at4890.hmm	122389	1574253480	
busco_downloads/lineages/ascomycota_odb10/hmms/153364at4890.hmm	349774	1574253480	
busco_downloads/lineages/ascomycota_odb10/hmms/153452at4890.hmm	289324	1574253480	
busco_downloads/lineages/ascomycota_odb10/hmms/153834at4890.hmm	208413	1574253481	
busco_downloads/lineages/ascomycota_odb10/hmms/153835at4890.hmm	133549	1574253481	
busco_downloads/lineages/ascomycota_odb10/hmms/153858at4890.hmm	158193	1574253480	
busco_downloads/lineages/ascomycota_odb10/hmms/154234at4890.hmm	139129	1574253480	
busco_downloads/lineages/ascomycota_odb10/hmms/154480at4890.hmm	226549	1574253480	
busco_downloads/lineages/ascomycota_odb10/hmms/154484at4890.hmm	217714	1574253480	
busco_downloads/lineages/ascomycota_odb10/hmms/154576at4890.hmm	140059	1574253481	
busco_downloads/lineages/ascomycota_odb10/hmms/154723at4890.hmm	135409	1574253480	
busco_downloads/lineages/ascomycota_odb10/hmms/155796at4890.hmm	148429	1574253480	
busco_downloads/lineages/ascomycota_odb10/hmms/155929at4890.hmm	197254	1574253481	
busco_downloads/lineages/ascomycota_odb10/hmms/155933at4890.hmm	130758	1574253480	
busco_downloads/lineages/ascomycota_odb10/hmms/156342at4890.hmm	123319	1574253480	
busco_downloads/lineages/ascomycota_odb10/hmms/156418at4890.hmm	74029	1574253480	
busco_downloads/lineages/ascomycota_odb10/hmms/156570at4890.hmm	172144	1574253480	
busco_downloads/lineages/ascomycota_odb10/hmms/156600at4890.hmm	157729	1574253480	
busco_downloads/lineages/ascomycota_odb10/hmms/156845at4890.hmm	134944	1574253480	
busco_downloads/lineages/ascomycota_odb10/hmms/157162at4890.hmm	178189	1574253481	
busco_downloads/lineages/ascomycota_odb10/hmms/157485at4890.hmm	124249	1574253480	
busco_downloads/lineages/ascomycota_odb10/hmms/157546at4890.hmm	107509	1574253480	
busco_downloads/lineages/ascomycota_odb10/hmms/158122at4890.hmm	334894	1574253480	
busco_downloads/lineages/ascomycota_odb10/hmms/158617at4890.hmm	182839	1574253480	
busco_downloads/lineages/ascomycota_odb10/hmms/158678at4890.hmm	200042	1574253480	
busco_downloads/lineages/ascomycota_odb10/hmms/158698at4890.hmm	173074	1574253481	
busco_downloads/lineages/ascomycota_odb10/hmms/159064at4890.hmm	145174	1574253480	
busco_downloads/lineages/ascomycota_odb10/hmms/159279at4890.hmm	104254	1574253480	
busco_downloads/lineages/ascomycota_odb10/hmms/159348at4890.hmm	221899	1574253480	
busco_downloads/lineages/ascomycota_odb10/hmms/159564at4890.hmm	168889	1574253480	
busco_downloads/lineages/ascomycota_odb10/hmms/160285at4890.hmm	261888	1574253480	
busco_downloads/lineages/ascomycota_odb10/hmms/160326at4890.hmm	94023	1574253480	
busco_downloads/lineages/ascomycota_odb10/hmms/160338at4890.hmm	66124	1574253481	
busco_downloads/lineages/ascomycota_odb10/hmms/160343at4890.hmm	150754	1574253481	
busco_downloads/lineages/ascomycota_odb10/hmms/160648at4890.hmm	172143	1574253481	
busco_downloads/lineages/ascomycota_odb10/hmms/160700at4890.hmm	110764	1574253480	
busco_downloads/lineages/ascomycota_odb10/hmms/160773at4890.hmm	127503	1574253480	
busco_downloads/lineages/ascomycota_odb10/hmms/161098at4890.hmm	260029	1574253480	
busco_downloads/lineages/ascomycota_odb10/hmms/161505at4890.hmm	245614	1574253480	
busco_downloads/lineages/ascomycota_odb10/hmms/162132at4890.hmm	118669	1574253480	
busco_downloads/lineages/ascomycota_odb10/hmms/162392at4890.hmm	189348	1574253480	
busco_downloads/lineages/ascomycota_odb10/hmms/16256at4890.hmm	327453	1574253480	
busco_downloads/lineages/ascomycota_odb10/hmms/162660at4890.hmm	140524	1574253480	
busco_downloads/lineages/ascomycota_odb10/hmms/162782at4890.hmm	169819	1574253481	
busco_downloads/lineages/ascomycota_odb10/hmms/1627at4890.hmm	931023	1574253481	
busco_downloads/lineages/ascomycota_odb10/hmms/162810at4890.hmm	167959	1574253481	
busco_downloads/lineages/ascomycota_odb10/hmms/162825at4890.hmm	264214	1574253481	
busco_downloads/lineages/ascomycota_odb10/hmms/163139at4890.hmm	294439	1574253480	
busco_downloads/lineages/ascomycota_odb10/hmms/163995at4890.hmm	129828	1574253480	
busco_downloads/lineages/ascomycota_odb10/hmms/164646at4890.hmm	170284	1574253480	
busco_downloads/lineages/ascomycota_odb10/hmms/164802at4890.hmm	168422	1574253481	
busco_downloads/lineages/ascomycota_odb10/hmms/16504at4890.hmm	140523	1574253480	
busco_downloads/lineages/ascomycota_odb10/hmms/165198at4890.hmm	158659	1574253481	
busco_downloads/lineages/ascomycota_odb10/hmms/165228at4890.hmm	171214	1574253481	
busco_downloads/lineages/ascomycota_odb10/hmms/165262at4890.hmm	115414	1574253481	
busco_downloads/lineages/ascomycota_odb10/hmms/165325at4890.hmm	101929	1574253480	
busco_downloads/lineages/ascomycota_odb10/hmms/165386at4890.hmm	134943	1574253480	
busco_downloads/lineages/ascomycota_odb10/hmms/16552at4890.hmm	499503	1574253481	
busco_downloads/lineages/ascomycota_odb10/hmms/165661at4890.hmm	134944	1574253480	
busco_downloads/lineages/ascomycota_odb10/hmms/165673at4890.hmm	345124	1574253481	
busco_downloads/lineages/ascomycota_odb10/hmms/165750at4890.hmm	112159	1574253481	
busco_downloads/lineages/ascomycota_odb10/hmms/166019at4890.hmm	148894	1574253481	
busco_downloads/lineages/ascomycota_odb10/hmms/16615at4890.hmm	427428	1574253481	
busco_downloads/lineages/ascomycota_odb10/hmms/166320at4890.hmm	142384	1574253481	
busco_downloads/lineages/ascomycota_odb10/hmms/166456at4890.hmm	180514	1574253481	
busco_downloads/lineages/ascomycota_odb10/hmms/167000at4890.hmm	53104	1574253481	
busco_downloads/lineages/ascomycota_odb10/hmms/167029at4890.hmm	135409	1574253480	
busco_downloads/lineages/ascomycota_odb10/hmms/167080at4890.hmm	109834	1574253480	
busco_downloads/lineages/ascomycota_odb10/hmms/167263at4890.hmm	144708	1574253480	
busco_downloads/lineages/ascomycota_odb10/hmms/167340at4890.hmm	126574	1574253480	
busco_downloads/lineages/ascomycota_odb10/hmms/167640at4890.hmm	128434	1574253480	
busco_downloads/lineages/ascomycota_odb10/hmms/167856at4890.hmm	242822	1574253481	
busco_downloads/lineages/ascomycota_odb10/hmms/168055at4890.hmm	182839	1574253481	
busco_downloads/lineages/ascomycota_odb10/hmms/168069at4890.hmm	151684	1574253480	
busco_downloads/lineages/ascomycota_odb10/hmms/168372at4890.hmm	181908	1574253480	
busco_downloads/lineages/ascomycota_odb10/hmms/168695at4890.hmm	285604	1574253480	
busco_downloads/lineages/ascomycota_odb10/hmms/168738at4890.hmm	224688	1574253481	
busco_downloads/lineages/ascomycota_odb10/hmms/169078at4890.hmm	48453	1574253481	
busco_downloads/lineages/ascomycota_odb10/hmms/169189at4890.hmm	285604	1574253480	
busco_downloads/lineages/ascomycota_odb10/hmms/1691at4890.hmm	794777	1574253481	
busco_downloads/lineages/ascomycota_odb10/hmms/169325at4890.hmm	174469	1574253480	
busco_downloads/lineages/ascomycota_odb10/hmms/169577at4890.hmm	301414	1574253480	
busco_downloads/lineages/ascomycota_odb10/hmms/169590at4890.hmm	126109	1574253481	
busco_downloads/lineages/ascomycota_odb10/hmms/169786at4890.hmm	131687	1574253481	
busco_downloads/lineages/ascomycota_odb10/hmms/169941at4890.hmm	149823	1574253480	
busco_downloads/lineages/ascomycota_odb10/hmms/16998at4890.hmm	522754	1574253481	
busco_downloads/lineages/ascomycota_odb10/hmms/17020at4890.hmm	222827	1574253481	
busco_downloads/lineages/ascomycota_odb10/hmms/170387at4890.hmm	137734	1574253481	
busco_downloads/lineages/ascomycota_odb10/hmms/171018at4890.hmm	152614	1574253480	
busco_downloads/lineages/ascomycota_odb10/hmms/171082at4890.hmm	193999	1574253480	
busco_downloads/lineages/ascomycota_odb10/hmms/171158at4890.hmm	153079	1574253480	
busco_downloads/lineages/ascomycota_odb10/hmms/17135at4890.hmm	323733	1574253481	
busco_downloads/lineages/ascomycota_odb10/hmms/171602at4890.hmm	200974	1574253480	
busco_downloads/lineages/ascomycota_odb10/hmms/171623at4890.hmm	198648	1574253480	
busco_downloads/lineages/ascomycota_odb10/hmms/171624at4890.hmm	74492	1574253481	
busco_downloads/lineages/ascomycota_odb10/hmms/171960at4890.hmm	120529	1574253481	
busco_downloads/lineages/ascomycota_odb10/hmms/172055at4890.hmm	150289	1574253481	
busco_downloads/lineages/ascomycota_odb10/hmms/172274at4890.hmm	162379	1574253481	
busco_downloads/lineages/ascomycota_odb10/hmms/172384at4890.hmm	128433	1574253481	
busco_downloads/lineages/ascomycota_odb10/hmms/172926at4890.hmm	64729	1574253481	
busco_downloads/lineages/ascomycota_odb10/hmms/173130at4890.hmm	145638	1574253481	
busco_downloads/lineages/ascomycota_odb10/hmms/173312at4890.hmm	120994	1574253480	
busco_downloads/lineages/ascomycota_odb10/hmms/173755at4890.hmm	109368	1574253481	
busco_downloads/lineages/ascomycota_odb10/hmms/174097at4890.hmm	134479	1574253480	
busco_downloads/lineages/ascomycota_odb10/hmms/174127at4890.hmm	145639	1574253480	
busco_downloads/lineages/ascomycota_odb10/hmms/174132at4890.hmm	158194	1574253481	
busco_downloads/lineages/ascomycota_odb10/hmms/174155at4890.hmm	174934	1574253480	
busco_downloads/lineages/ascomycota_odb10/hmms/174251at4890.hmm	185629	1574253481	
busco_downloads/lineages/ascomycota_odb10/hmms/174487at4890.hmm	194464	1574253481	
busco_downloads/lineages/ascomycota_odb10/hmms/174547at4890.hmm	65659	1574253480	
busco_downloads/lineages/ascomycota_odb10/hmms/174610at4890.hmm	209809	1574253481	
busco_downloads/lineages/ascomycota_odb10/hmms/174612at4890.hmm	154939	1574253480	
busco_downloads/lineages/ascomycota_odb10/hmms/174641at4890.hmm	116809	1574253481	
busco_downloads/lineages/ascomycota_odb10/hmms/174982at4890.hmm	127503	1574253480	
busco_downloads/lineages/ascomycota_odb10/hmms/175648at4890.hmm	155404	1574253481	
busco_downloads/lineages/ascomycota_odb10/hmms/175764at4890.hmm	372557	1574253480	
busco_downloads/lineages/ascomycota_odb10/hmms/176849at4890.hmm	127504	1574253481	
busco_downloads/lineages/ascomycota_odb10/hmms/176865at4890.hmm	225618	1574253480	
busco_downloads/lineages/ascomycota_odb10/hmms/17730at4890.hmm	402318	1574253480	
busco_downloads/lineages/ascomycota_odb10/hmms/177617at4890.hmm	110764	1574253480	
busco_downloads/lineages/ascomycota_odb10/hmms/178432at4890.hmm	198184	1574253481	
busco_downloads/lineages/ascomycota_odb10/hmms/178784at4890.hmm	204694	1574253481	
busco_downloads/lineages/ascomycota_odb10/hmms/179627at4890.hmm	294439	1574253481	
busco_downloads/lineages/ascomycota_odb10/hmms/179828at4890.hmm	229339	1574253481	
busco_downloads/lineages/ascomycota_odb10/hmms/180049at4890.hmm	162844	1574253480	
busco_downloads/lineages/ascomycota_odb10/hmms/180386at4890.hmm	99604	1574253480	
busco_downloads/lineages/ascomycota_odb10/hmms/18066at4890.hmm	347448	1574253481	
busco_downloads/lineages/ascomycota_odb10/hmms/180981at4890.hmm	302343	1574253480	
busco_downloads/lineages/ascomycota_odb10/hmms/180991at4890.hmm	303273	1574253480	
busco_downloads/lineages/ascomycota_odb10/hmms/18168at4890.hmm	185163	1574253481	
busco_downloads/lineages/ascomycota_odb10/hmms/181912at4890.hmm	91697	1574253481	
busco_downloads/lineages/ascomycota_odb10/hmms/182031at4890.hmm	200509	1574253480	
busco_downloads/lineages/ascomycota_odb10/hmms/182038at4890.hmm	343728	1574253481	
busco_downloads/lineages/ascomycota_odb10/hmms/182039at4890.hmm	323734	1574253480	
busco_downloads/lineages/ascomycota_odb10/hmms/182100at4890.hmm	129363	1574253480	
busco_downloads/lineages/ascomycota_odb10/hmms/182165at4890.hmm	149359	1574253481	
busco_downloads/lineages/ascomycota_odb10/hmms/182309at4890.hmm	181909	1574253481	
busco_downloads/lineages/ascomycota_odb10/hmms/182310at4890.hmm	116343	1574253481	
busco_downloads/lineages/ascomycota_odb10/hmms/182975at4890.hmm	169354	1574253481	
busco_downloads/lineages/ascomycota_odb10/hmms/182988at4890.hmm	107974	1574253481	
busco_downloads/lineages/ascomycota_odb10/hmms/18331at4890.hmm	424173	1574253481	
busco_downloads/lineages/ascomycota_odb10/hmms/18372at4890.hmm	838024	1574253481	
busco_downloads/lineages/ascomycota_odb10/hmms/184194at4890.hmm	176329	1574253481	
busco_downloads/lineages/ascomycota_odb10/hmms/184203at4890.hmm	224689	1574253481	
busco_downloads/lineages/ascomycota_odb10/hmms/184220at4890.hmm	113089	1574253481	
busco_downloads/lineages/ascomycota_odb10/hmms/184868at4890.hmm	235384	1574253480	
busco_downloads/lineages/ascomycota_odb10/hmms/185360at4890.hmm	83328	1574253480	
busco_downloads/lineages/ascomycota_odb10/hmms/185517at4890.hmm	191208	1574253481	
busco_downloads/lineages/ascomycota_odb10/hmms/185520at4890.hmm	214458	1574253480	
busco_downloads/lineages/ascomycota_odb10/hmms/185772at4890.hmm	115879	1574253480	
busco_downloads/lineages/ascomycota_odb10/hmms/185828at4890.hmm	126109	1574253481	
busco_downloads/lineages/ascomycota_odb10/hmms/186170at4890.hmm	138664	1574253480	
busco_downloads/lineages/ascomycota_odb10/hmms/18627at4890.hmm	367908	1574253481	
busco_downloads/lineages/ascomycota_odb10/hmms/186288at4890.hmm	224224	1574253481	
busco_downloads/lineages/ascomycota_odb10/hmms/186295at4890.hmm	270724	1574253480	
busco_downloads/lineages/ascomycota_odb10/hmms/186896at4890.hmm	139594	1574253481	
busco_downloads/lineages/ascomycota_odb10/hmms/187029at4890.hmm	120994	1574253480	
busco_downloads/lineages/ascomycota_odb10/hmms/187255at4890.hmm	134943	1574253480	
busco_downloads/lineages/ascomycota_odb10/hmms/1872at4890.hmm	825468	1574253481	
busco_downloads/lineages/ascomycota_odb10/hmms/187455at4890.hmm	407899	1574253480	
busco_downloads/lineages/ascomycota_odb10/hmms/187847at4890.hmm	126574	1574253481	
busco_downloads/lineages/ascomycota_odb10/hmms/187942at4890.hmm	69378	1574253481	
busco_downloads/lineages/ascomycota_odb10/hmms/188064at4890.hmm	182373	1574253481	
busco_downloads/lineages/ascomycota_odb10/hmms/188171at4890.hmm	479045	1574253481	
busco_downloads/lineages/ascomycota_odb10/hmms/188660at4890.hmm	157729	1574253481	
busco_downloads/lineages/ascomycota_odb10/hmms/188768at4890.hmm	161914	1574253480	
busco_downloads/lineages/ascomycota_odb10/hmms/188777at4890.hmm	143779	1574253480	
busco_downloads/lineages/ascomycota_odb10/hmms/18887at4890.hmm	367907	1574253480	
busco_downloads/lineages/ascomycota_odb10/hmms/189623at4890.hmm	95418	1574253481	
busco_downloads/lineages/ascomycota_odb10/hmms/190179at4890.hmm	149358	1574253480	
busco_downloads/lineages/ascomycota_odb10/hmms/190257at4890.hmm	196324	1574253481	
busco_downloads/lineages/ascomycota_odb10/hmms/1902at4890.hmm	646443	1574253480	
busco_downloads/lineages/ascomycota_odb10/hmms/190866at4890.hmm	148429	1574253480	
busco_downloads/lineages/ascomycota_odb10/hmms/190878at4890.hmm	158194	1574253481	
busco_downloads/lineages/ascomycota_odb10/hmms/190976at4890.hmm	103324	1574253481	
busco_downloads/lineages/ascomycota_odb10/hmms/191007at4890.hmm	183304	1574253480	
busco_downloads/lineages/ascomycota_odb10/hmms/19101at4890.hmm	446028	1574253480	
busco_downloads/lineages/ascomycota_odb10/hmms/191311at4890.hmm	253984	1574253481	
busco_downloads/lineages/ascomycota_odb10/hmms/191313at4890.hmm	240964	1574253481	
busco_downloads/lineages/ascomycota_odb10/hmms/191625at4890.hmm	138664	1574253480	
busco_downloads/lineages/ascomycota_odb10/hmms/191629at4890.hmm	137269	1574253480	
busco_downloads/lineages/ascomycota_odb10/hmms/191758at4890.hmm	166563	1574253480	
busco_downloads/lineages/ascomycota_odb10/hmms/192098at4890.hmm	115414	1574253481	
busco_downloads/lineages/ascomycota_odb10/hmms/192781at4890.hmm	71704	1574253481	
busco_downloads/lineages/ascomycota_odb10/hmms/193378at4890.hmm	137734	1574253480	
busco_downloads/lineages/ascomycota_odb10/hmms/193436at4890.hmm	120064	1574253481	
busco_downloads/lineages/ascomycota_odb10/hmms/193655at4890.hmm	277234	1574253481	
busco_downloads/lineages/ascomycota_odb10/hmms/193784at4890.hmm	127969	1574253480	
busco_downloads/lineages/ascomycota_odb10/hmms/19415at4890.hmm	345588	1574253480	
busco_downloads/lineages/ascomycota_odb10/hmms/194188at4890.hmm	148428	1574253481	
busco_downloads/lineages/ascomycota_odb10/hmms/194355at4890.hmm	132154	1574253480	
busco_downloads/lineages/ascomycota_odb10/hmms/19486at4890.hmm	417197	1574253481	
busco_downloads/lineages/ascomycota_odb10/hmms/19513at4890.hmm	814774	1574253481	
busco_downloads/lineages/ascomycota_odb10/hmms/195376at4890.hmm	195859	1574253480	
busco_downloads/lineages/ascomycota_odb10/hmms/195388at4890.hmm	246079	1574253480	
busco_downloads/lineages/ascomycota_odb10/hmms/196413at4890.hmm	143314	1574253480	
busco_downloads/lineages/ascomycota_odb10/hmms/196485at4890.hmm	119599	1574253481	
busco_downloads/lineages/ascomycota_odb10/hmms/197107at4890.hmm	126574	1574253481	
busco_downloads/lineages/ascomycota_odb10/hmms/197231at4890.hmm	148894	1574253481	
busco_downloads/lineages/ascomycota_odb10/hmms/19760at4890.hmm	433473	1574253481	
busco_downloads/lineages/ascomycota_odb10/hmms/197794at4890.hmm	134014	1574253480	
busco_downloads/lineages/ascomycota_odb10/hmms/197945at4890.hmm	219108	1574253481	
busco_downloads/lineages/ascomycota_odb10/hmms/197993at4890.hmm	118668	1574253480	
busco_downloads/lineages/ascomycota_odb10/hmms/198273at4890.hmm	98209	1574253481	
busco_downloads/lineages/ascomycota_odb10/hmms/198657at4890.hmm	153079	1574253481	
busco_downloads/lineages/ascomycota_odb10/hmms/198700at4890.hmm	194464	1574253480	
busco_downloads/lineages/ascomycota_odb10/hmms/198752at4890.hmm	100999	1574253481	
busco_downloads/lineages/ascomycota_odb10/hmms/198916at4890.hmm	120529	1574253480	
busco_downloads/lineages/ascomycota_odb10/hmms/199023at4890.hmm	156333	1574253480	
busco_downloads/lineages/ascomycota_odb10/hmms/199547at4890.hmm	110299	1574253481	
busco_downloads/lineages/ascomycota_odb10/hmms/199621at4890.hmm	118669	1574253480	
busco_downloads/lineages/ascomycota_odb10/hmms/199764at4890.hmm	51709	1574253481	
busco_downloads/lineages/ascomycota_odb10/hmms/199929at4890.hmm	261424	1574253480	
busco_downloads/lineages/ascomycota_odb10/hmms/200442at4890.hmm	144709	1574253481	
busco_downloads/lineages/ascomycota_odb10/hmms/200670at4890.hmm	165634	1574253481	
busco_downloads/lineages/ascomycota_odb10/hmms/200785at4890.hmm	131224	1574253480	
busco_downloads/lineages/ascomycota_odb10/hmms/200843at4890.hmm	155404	1574253481	
busco_downloads/lineages/ascomycota_odb10/hmms/200961at4890.hmm	230269	1574253480	
busco_downloads/lineages/ascomycota_odb10/hmms/201969at4890.hmm	81003	1574253480	
busco_downloads/lineages/ascomycota_odb10/hmms/202137at4890.hmm	197254	1574253481	
busco_downloads/lineages/ascomycota_odb10/hmms/202243at4890.hmm	112159	1574253480	
busco_downloads/lineages/ascomycota_odb10/hmms/202375at4890.hmm	127504	1574253481	
busco_downloads/lineages/ascomycota_odb10/hmms/202487at4890.hmm	99139	1574253480	
busco_downloads/lineages/ascomycota_odb10/hmms/202577at4890.hmm	110299	1574253480	
busco_downloads/lineages/ascomycota_odb10/hmms/20261at4890.hmm	363258	1574253480	
busco_downloads/lineages/ascomycota_odb10/hmms/20272at4890.hmm	389298	1574253480	
busco_downloads/lineages/ascomycota_odb10/hmms/202821at4890.hmm	384184	1574253480	
busco_downloads/lineages/ascomycota_odb10/hmms/203109at4890.hmm	79144	1574253481	
busco_downloads/lineages/ascomycota_odb10/hmms/203165at4890.hmm	111694	1574253481	
busco_downloads/lineages/ascomycota_odb10/hmms/203227at4890.hmm	96814	1574253481	
busco_downloads/lineages/ascomycota_odb10/hmms/203702at4890.hmm	187024	1574253480	
busco_downloads/lineages/ascomycota_odb10/hmms/203775at4890.hmm	156332	1574253480	
busco_downloads/lineages/ascomycota_odb10/hmms/204028at4890.hmm	125179	1574253481	
busco_downloads/lineages/ascomycota_odb10/hmms/204145at4890.hmm	143314	1574253480	
busco_downloads/lineages/ascomycota_odb10/hmms/204180at4890.hmm	126574	1574253481	
busco_downloads/lineages/ascomycota_odb10/hmms/20419at4890.hmm	291182	1574253480	
busco_downloads/lineages/ascomycota_odb10/hmms/204442at4890.hmm	116343	1574253480	
busco_downloads/lineages/ascomycota_odb10/hmms/204897at4890.hmm	110299	1574253480	
busco_downloads/lineages/ascomycota_odb10/hmms/20492at4890.hmm	607384	1574253481	
busco_downloads/lineages/ascomycota_odb10/hmms/205353at4890.hmm	101927	1574253480	
busco_downloads/lineages/ascomycota_odb10/hmms/205428at4890.hmm	117274	1574253481	
busco_downloads/lineages/ascomycota_odb10/hmms/205531at4890.hmm	119134	1574253480	
busco_downloads/lineages/ascomycota_odb10/hmms/20588at4890.hmm	422778	1574253481	
busco_downloads/lineages/ascomycota_odb10/hmms/206382at4890.hmm	135409	1574253480	
busco_downloads/lineages/ascomycota_odb10/hmms/206458at4890.hmm	164239	1574253480	
busco_downloads/lineages/ascomycota_odb10/hmms/206854at4890.hmm	83793	1574253481	
busco_downloads/lineages/ascomycota_odb10/hmms/207048at4890.hmm	244219	1574253481	
busco_downloads/lineages/ascomycota_odb10/hmms/207103at4890.hmm	116344	1574253481	
busco_downloads/lineages/ascomycota_odb10/hmms/207286at4890.hmm	87049	1574253481	
busco_downloads/lineages/ascomycota_odb10/hmms/207433at4890.hmm	219109	1574253481	
busco_downloads/lineages/ascomycota_odb10/hmms/207798at4890.hmm	174469	1574253481	
busco_downloads/lineages/ascomycota_odb10/hmms/207868at4890.hmm	180049	1574253481	
busco_downloads/lineages/ascomycota_odb10/hmms/20789at4890.hmm	442772	1574253481	
busco_downloads/lineages/ascomycota_odb10/hmms/208006at4890.hmm	67054	1574253481	
busco_downloads/lineages/ascomycota_odb10/hmms/208061at4890.hmm	140059	1574253480	
busco_downloads/lineages/ascomycota_odb10/hmms/208457at4890.hmm	192604	1574253481	
busco_downloads/lineages/ascomycota_odb10/hmms/208555at4890.hmm	162843	1574253481	
busco_downloads/lineages/ascomycota_odb10/hmms/20855at4890.hmm	352098	1574253480	
busco_downloads/lineages/ascomycota_odb10/hmms/208614at4890.hmm	232594	1574253480	
busco_downloads/lineages/ascomycota_odb10/hmms/208793at4890.hmm	90303	1574253480	
busco_downloads/lineages/ascomycota_odb10/hmms/209157at4890.hmm	115879	1574253481	
busco_downloads/lineages/ascomycota_odb10/hmms/209240at4890.hmm	129829	1574253481	
busco_downloads/lineages/ascomycota_odb10/hmms/209713at4890.hmm	149824	1574253481	
busco_downloads/lineages/ascomycota_odb10/hmms/209799at4890.hmm	141454	1574253481	
busco_downloads/lineages/ascomycota_odb10/hmms/210094at4890.hmm	175864	1574253480	
busco_downloads/lineages/ascomycota_odb10/hmms/210451at4890.hmm	113554	1574253481	
busco_downloads/lineages/ascomycota_odb10/hmms/210637at4890.hmm	107044	1574253481	
busco_downloads/lineages/ascomycota_odb10/hmms/210922at4890.hmm	232594	1574253481	
busco_downloads/lineages/ascomycota_odb10/hmms/211321at4890.hmm	177724	1574253481	
busco_downloads/lineages/ascomycota_odb10/hmms/21153at4890.hmm	442308	1574253480	
busco_downloads/lineages/ascomycota_odb10/hmms/211757at4890.hmm	137269	1574253480	
busco_downloads/lineages/ascomycota_odb10/hmms/211777at4890.hmm	113554	1574253481	
busco_downloads/lineages/ascomycota_odb10/hmms/211797at4890.hmm	107044	1574253481	
busco_downloads/lineages/ascomycota_odb10/hmms/212080at4890.hmm	103324	1574253480	
busco_downloads/lineages/ascomycota_odb10/hmms/212128at4890.hmm	167494	1574253480	
busco_downloads/lineages/ascomycota_odb10/hmms/212355at4890.hmm	121924	1574253481	
busco_downloads/lineages/ascomycota_odb10/hmms/212510at4890.hmm	68448	1574253480	
busco_downloads/lineages/ascomycota_odb10/hmms/21311at4890.hmm	390228	1574253481	
busco_downloads/lineages/ascomycota_odb10/hmms/213148at4890.hmm	126573	1574253481	
busco_downloads/lineages/ascomycota_odb10/hmms/213356at4890.hmm	74029	1574253481	
busco_downloads/lineages/ascomycota_odb10/hmms/213377at4890.hmm	132154	1574253480	
busco_downloads/lineages/ascomycota_odb10/hmms/213892at4890.hmm	132154	1574253480	
busco_downloads/lineages/ascomycota_odb10/hmms/214133at4890.hmm	143314	1574253481	
busco_downloads/lineages/ascomycota_odb10/hmms/214359at4890.hmm	244219	1574253480	
busco_downloads/lineages/ascomycota_odb10/hmms/214833at4890.hmm	117739	1574253480	
busco_downloads/lineages/ascomycota_odb10/hmms/215011at4890.hmm	105649	1574253481	
busco_downloads/lineages/ascomycota_odb10/hmms/215261at4890.hmm	107044	1574253480	
busco_downloads/lineages/ascomycota_odb10/hmms/215308at4890.hmm	107509	1574253480	
busco_downloads/lineages/ascomycota_odb10/hmms/215317at4890.hmm	131224	1574253480	
busco_downloads/lineages/ascomycota_odb10/hmms/215411at4890.hmm	112159	1574253480	
busco_downloads/lineages/ascomycota_odb10/hmms/215554at4890.hmm	168889	1574253480	
busco_downloads/lineages/ascomycota_odb10/hmms/215583at4890.hmm	195394	1574253481	
busco_downloads/lineages/ascomycota_odb10/hmms/215833at4890.hmm	88909	1574253480	
busco_downloads/lineages/ascomycota_odb10/hmms/215904at4890.hmm	101929	1574253480	
busco_downloads/lineages/ascomycota_odb10/hmms/216166at4890.hmm	139594	1574253481	
busco_downloads/lineages/ascomycota_odb10/hmms/216344at4890.hmm	161914	1574253481	
busco_downloads/lineages/ascomycota_odb10/hmms/216896at4890.hmm	140059	1574253480	
busco_downloads/lineages/ascomycota_odb10/hmms/217058at4890.hmm	170749	1574253481	
busco_downloads/lineages/ascomycota_odb10/hmms/217703at4890.hmm	79144	1574253480	
busco_downloads/lineages/ascomycota_odb10/hmms/217728at4890.hmm	100068	1574253480	
busco_downloads/lineages/ascomycota_odb10/hmms/217765at4890.hmm	111229	1574253481	
busco_downloads/lineages/ascomycota_odb10/hmms/21776at4890.hmm	418592	1574253481	
busco_downloads/lineages/ascomycota_odb10/hmms/218391at4890.hmm	127504	1574253480	
busco_downloads/lineages/ascomycota_odb10/hmms/218543at4890.hmm	158659	1574253480	
busco_downloads/lineages/ascomycota_odb10/hmms/218725at4890.hmm	99138	1574253481	
busco_downloads/lineages/ascomycota_odb10/hmms/218776at4890.hmm	118202	1574253481	
busco_downloads/lineages/ascomycota_odb10/hmms/218881at4890.hmm	128433	1574253480	
busco_downloads/lineages/ascomycota_odb10/hmms/218896at4890.hmm	102393	1574253481	
busco_downloads/lineages/ascomycota_odb10/hmms/218917at4890.hmm	120994	1574253481	
busco_downloads/lineages/ascomycota_odb10/hmms/219141at4890.hmm	100999	1574253481	
busco_downloads/lineages/ascomycota_odb10/hmms/219278at4890.hmm	167029	1574253480	
busco_downloads/lineages/ascomycota_odb10/hmms/219754at4890.hmm	98674	1574253480	
busco_downloads/lineages/ascomycota_odb10/hmms/219826at4890.hmm	120994	1574253480	
busco_downloads/lineages/ascomycota_odb10/hmms/219862at4890.hmm	125643	1574253481	
busco_downloads/lineages/ascomycota_odb10/hmms/219968at4890.hmm	122389	1574253480	
busco_downloads/lineages/ascomycota_odb10/hmms/219972at4890.hmm	119134	1574253481	
busco_downloads/lineages/ascomycota_odb10/hmms/220071at4890.hmm	150289	1574253480	
busco_downloads/lineages/ascomycota_odb10/hmms/220234at4890.hmm	133084	1574253480	
busco_downloads/lineages/ascomycota_odb10/hmms/220278at4890.hmm	147964	1574253481	
busco_downloads/lineages/ascomycota_odb10/hmms/220388at4890.hmm	176794	1574253480	
busco_downloads/lineages/ascomycota_odb10/hmms/220407at4890.hmm	77749	1574253481	
busco_downloads/lineages/ascomycota_odb10/hmms/220544at4890.hmm	134014	1574253480	
busco_downloads/lineages/ascomycota_odb10/hmms/220716at4890.hmm	96814	1574253481	
busco_downloads/lineages/ascomycota_odb10/hmms/221271at4890.hmm	198649	1574253480	
busco_downloads/lineages/ascomycota_odb10/hmms/221486at4890.hmm	70773	1574253480	
busco_downloads/lineages/ascomycota_odb10/hmms/221543at4890.hmm	177724	1574253481	
busco_downloads/lineages/ascomycota_odb10/hmms/221760at4890.hmm	59149	1574253481	
busco_downloads/lineages/ascomycota_odb10/hmms/222288at4890.hmm	169354	1574253480	
busco_downloads/lineages/ascomycota_odb10/hmms/222314at4890.hmm	224224	1574253480	
busco_downloads/lineages/ascomycota_odb10/hmms/222329at4890.hmm	98674	1574253480	
busco_downloads/lineages/ascomycota_odb10/hmms/222386at4890.hmm	86119	1574253481	
busco_downloads/lineages/ascomycota_odb10/hmms/222698at4890.hmm	187954	1574253481	
busco_downloads/lineages/ascomycota_odb10/hmms/22281at4890.hmm	282813	1574253480	
busco_downloads/lineages/ascomycota_odb10/hmms/222945at4890.hmm	116344	1574253481	
busco_downloads/lineages/ascomycota_odb10/hmms/223035at4890.hmm	277233	1574253480	
busco_downloads/lineages/ascomycota_odb10/hmms/223353at4890.hmm	120064	1574253480	
busco_downloads/lineages/ascomycota_odb10/hmms/2239at4890.hmm	831513	1574253481	
busco_downloads/lineages/ascomycota_odb10/hmms/2241at4890.hmm	1776858	1574253481	
busco_downloads/lineages/ascomycota_odb10/hmms/224297at4890.hmm	311179	1574253480	
busco_downloads/lineages/ascomycota_odb10/hmms/224512at4890.hmm	93094	1574253480	
busco_downloads/lineages/ascomycota_odb10/hmms/224905at4890.hmm	122389	1574253480	
busco_downloads/lineages/ascomycota_odb10/hmms/225267at4890.hmm	206554	1574253480	
busco_downloads/lineages/ascomycota_odb10/hmms/226272at4890.hmm	122854	1574253481	
busco_downloads/lineages/ascomycota_odb10/hmms/226286at4890.hmm	100534	1574253481	
busco_downloads/lineages/ascomycota_odb10/hmms/226733at4890.hmm	126574	1574253481	
busco_downloads/lineages/ascomycota_odb10/hmms/226829at4890.hmm	118669	1574253481	
busco_downloads/lineages/ascomycota_odb10/hmms/226844at4890.hmm	187024	1574253480	
busco_downloads/lineages/ascomycota_odb10/hmms/227005at4890.hmm	205624	1574253480	
busco_downloads/lineages/ascomycota_odb10/hmms/22726at4890.hmm	351168	1574253480	
busco_downloads/lineages/ascomycota_odb10/hmms/227580at4890.hmm	167028	1574253480	
busco_downloads/lineages/ascomycota_odb10/hmms/227750at4890.hmm	94953	1574253481	
busco_downloads/lineages/ascomycota_odb10/hmms/227777at4890.hmm	105649	1574253480	
busco_downloads/lineages/ascomycota_odb10/hmms/227886at4890.hmm	109368	1574253480	
busco_downloads/lineages/ascomycota_odb10/hmms/228963at4890.hmm	141919	1574253480	
busco_downloads/lineages/ascomycota_odb10/hmms/229025at4890.hmm	122389	1574253480	
busco_downloads/lineages/ascomycota_odb10/hmms/229320at4890.hmm	162843	1574253481	
busco_downloads/lineages/ascomycota_odb10/hmms/229337at4890.hmm	109834	1574253480	
busco_downloads/lineages/ascomycota_odb10/hmms/229818at4890.hmm	118203	1574253480	
busco_downloads/lineages/ascomycota_odb10/hmms/230051at4890.hmm	104254	1574253481	
busco_downloads/lineages/ascomycota_odb10/hmms/230278at4890.hmm	78214	1574253480	
busco_downloads/lineages/ascomycota_odb10/hmms/230342at4890.hmm	114949	1574253481	
busco_downloads/lineages/ascomycota_odb10/hmms/230412at4890.hmm	91698	1574253480	
busco_downloads/lineages/ascomycota_odb10/hmms/230608at4890.hmm	90769	1574253481	
busco_downloads/lineages/ascomycota_odb10/hmms/230658at4890.hmm	175864	1574253481	
busco_downloads/lineages/ascomycota_odb10/hmms/230898at4890.hmm	74029	1574253481	
busco_downloads/lineages/ascomycota_odb10/hmms/230910at4890.hmm	160054	1574253481	
busco_downloads/lineages/ascomycota_odb10/hmms/230943at4890.hmm	95418	1574253480	
busco_downloads/lineages/ascomycota_odb10/hmms/231367at4890.hmm	68448	1574253480	
busco_downloads/lineages/ascomycota_odb10/hmms/231481at4890.hmm	182374	1574253481	
busco_downloads/lineages/ascomycota_odb10/hmms/231583at4890.hmm	115879	1574253481	
busco_downloads/lineages/ascomycota_odb10/hmms/231625at4890.hmm	76819	1574253481	
busco_downloads/lineages/ascomycota_odb10/hmms/231864at4890.hmm	107509	1574253481	
busco_downloads/lineages/ascomycota_odb10/hmms/231869at4890.hmm	123784	1574253480	
busco_downloads/lineages/ascomycota_odb10/hmms/232012at4890.hmm	91234	1574253481	
busco_downloads/lineages/ascomycota_odb10/hmms/232480at4890.hmm	109834	1574253481	
busco_downloads/lineages/ascomycota_odb10/hmms/232770at4890.hmm	108439	1574253481	
busco_downloads/lineages/ascomycota_odb10/hmms/232862at4890.hmm	110298	1574253481	
busco_downloads/lineages/ascomycota_odb10/hmms/232874at4890.hmm	97744	1574253480	
busco_downloads/lineages/ascomycota_odb10/hmms/233265at4890.hmm	47524	1574253481	
busco_downloads/lineages/ascomycota_odb10/hmms/233273at4890.hmm	123319	1574253481	
busco_downloads/lineages/ascomycota_odb10/hmms/233393at4890.hmm	194929	1574253481	
busco_downloads/lineages/ascomycota_odb10/hmms/233449at4890.hmm	186093	1574253480	
busco_downloads/lineages/ascomycota_odb10/hmms/233576at4890.hmm	116344	1574253481	
busco_downloads/lineages/ascomycota_odb10/hmms/233592at4890.hmm	81003	1574253480	
busco_downloads/lineages/ascomycota_odb10/hmms/233846at4890.hmm	106114	1574253481	
busco_downloads/lineages/ascomycota_odb10/hmms/23385at4890.hmm	327453	1574253480	
busco_downloads/lineages/ascomycota_odb10/hmms/233978at4890.hmm	136803	1574253481	
busco_downloads/lineages/ascomycota_odb10/hmms/234076at4890.hmm	187489	1574253481	
busco_downloads/lineages/ascomycota_odb10/hmms/234337at4890.hmm	118669	1574253480	
busco_downloads/lineages/ascomycota_odb10/hmms/234447at4890.hmm	105183	1574253481	
busco_downloads/lineages/ascomycota_odb10/hmms/234735at4890.hmm	114019	1574253481	
busco_downloads/lineages/ascomycota_odb10/hmms/234908at4890.hmm	174469	1574253481	
busco_downloads/lineages/ascomycota_odb10/hmms/235018at4890.hmm	90303	1574253480	
busco_downloads/lineages/ascomycota_odb10/hmms/235054at4890.hmm	87049	1574253481	
busco_downloads/lineages/ascomycota_odb10/hmms/235113at4890.hmm	79608	1574253481	
busco_downloads/lineages/ascomycota_odb10/hmms/235288at4890.hmm	293043	1574253480	
busco_downloads/lineages/ascomycota_odb10/hmms/235543at4890.hmm	135409	1574253481	
busco_downloads/lineages/ascomycota_odb10/hmms/235549at4890.hmm	119134	1574253481	
busco_downloads/lineages/ascomycota_odb10/hmms/235706at4890.hmm	186094	1574253481	
busco_downloads/lineages/ascomycota_odb10/hmms/235718at4890.hmm	104254	1574253481	
busco_downloads/lineages/ascomycota_odb10/hmms/235839at4890.hmm	85189	1574253480	
busco_downloads/lineages/ascomycota_odb10/hmms/235936at4890.hmm	117739	1574253481	
busco_downloads/lineages/ascomycota_odb10/hmms/236419at4890.hmm	136339	1574253480	
busco_downloads/lineages/ascomycota_odb10/hmms/236779at4890.hmm	117739	1574253480	
busco_downloads/lineages/ascomycota_odb10/hmms/237107at4890.hmm	282814	1574253480	
busco_downloads/lineages/ascomycota_odb10/hmms/237125at4890.hmm	128899	1574253481	
busco_downloads/lineages/ascomycota_odb10/hmms/237221at4890.hmm	238174	1574253481	
busco_downloads/lineages/ascomycota_odb10/hmms/237486at4890.hmm	148429	1574253481	
busco_downloads/lineages/ascomycota_odb10/hmms/237745at4890.hmm	79144	1574253481	
busco_downloads/lineages/ascomycota_odb10/hmms/237832at4890.hmm	130759	1574253480	
busco_downloads/lineages/ascomycota_odb10/hmms/237963at4890.hmm	70309	1574253481	
busco_downloads/lineages/ascomycota_odb10/hmms/238074at4890.hmm	135409	1574253481	
busco_downloads/lineages/ascomycota_odb10/hmms/238193at4890.hmm	234918	1574253480	
busco_downloads/lineages/ascomycota_odb10/hmms/238200at4890.hmm	15439	1574253480	
busco_downloads/lineages/ascomycota_odb10/hmms/238276at4890.hmm	120064	1574253480	
busco_downloads/lineages/ascomycota_odb10/hmms/238346at4890.hmm	148894	1574253480	
busco_downloads/lineages/ascomycota_odb10/hmms/238870at4890.hmm	53103	1574253481	
busco_downloads/lineages/ascomycota_odb10/hmms/239391at4890.hmm	122389	1574253480	
busco_downloads/lineages/ascomycota_odb10/hmms/239792at4890.hmm	118669	1574253480	
busco_downloads/lineages/ascomycota_odb10/hmms/240077at4890.hmm	163774	1574253481	
busco_downloads/lineages/ascomycota_odb10/hmms/240268at4890.hmm	72169	1574253480	
busco_downloads/lineages/ascomycota_odb10/hmms/240648at4890.hmm	129829	1574253480	
busco_downloads/lineages/ascomycota_odb10/hmms/240673at4890.hmm	145639	1574253480	
busco_downloads/lineages/ascomycota_odb10/hmms/240811at4890.hmm	42408	1574253481	
busco_downloads/lineages/ascomycota_odb10/hmms/240900at4890.hmm	357214	1574253480	
busco_downloads/lineages/ascomycota_odb10/hmms/241147at4890.hmm	133084	1574253480	
busco_downloads/lineages/ascomycota_odb10/hmms/241549at4890.hmm	103324	1574253481	
busco_downloads/lineages/ascomycota_odb10/hmms/241578at4890.hmm	104719	1574253481	
busco_downloads/lineages/ascomycota_odb10/hmms/241583at4890.hmm	135874	1574253480	
busco_downloads/lineages/ascomycota_odb10/hmms/241877at4890.hmm	107044	1574253481	
busco_downloads/lineages/ascomycota_odb10/hmms/242327at4890.hmm	121924	1574253481	
busco_downloads/lineages/ascomycota_odb10/hmms/242389at4890.hmm	150754	1574253480	
busco_downloads/lineages/ascomycota_odb10/hmms/24253at4890.hmm	411618	1574253481	
busco_downloads/lineages/ascomycota_odb10/hmms/242683at4890.hmm	104254	1574253480	
busco_downloads/lineages/ascomycota_odb10/hmms/243083at4890.hmm	51244	1574253481	
busco_downloads/lineages/ascomycota_odb10/hmms/243858at4890.hmm	86119	1574253481	
busco_downloads/lineages/ascomycota_odb10/hmms/24394at4890.hmm	439053	1574253481	
busco_downloads/lineages/ascomycota_odb10/hmms/243954at4890.hmm	108904	1574253480	
busco_downloads/lineages/ascomycota_odb10/hmms/243979at4890.hmm	134479	1574253480	
busco_downloads/lineages/ascomycota_odb10/hmms/244012at4890.hmm	91699	1574253480	
busco_downloads/lineages/ascomycota_odb10/hmms/244385at4890.hmm	122854	1574253480	
busco_downloads/lineages/ascomycota_odb10/hmms/244530at4890.hmm	319084	1574253481	
busco_downloads/lineages/ascomycota_odb10/hmms/244701at4890.hmm	102393	1574253480	
busco_downloads/lineages/ascomycota_odb10/hmms/244767at4890.hmm	174004	1574253481	
busco_downloads/lineages/ascomycota_odb10/hmms/244832at4890.hmm	203299	1574253480	
busco_downloads/lineages/ascomycota_odb10/hmms/244949at4890.hmm	113089	1574253480	
busco_downloads/lineages/ascomycota_odb10/hmms/245002at4890.hmm	60078	1574253481	
busco_downloads/lineages/ascomycota_odb10/hmms/245101at4890.hmm	137734	1574253480	
busco_downloads/lineages/ascomycota_odb10/hmms/245384at4890.hmm	119134	1574253480	
busco_downloads/lineages/ascomycota_odb10/hmms/245419at4890.hmm	103324	1574253480	
busco_downloads/lineages/ascomycota_odb10/hmms/245473at4890.hmm	135874	1574253480	
busco_downloads/lineages/ascomycota_odb10/hmms/245477at4890.hmm	149824	1574253480	
busco_downloads/lineages/ascomycota_odb10/hmms/245497at4890.hmm	198184	1574253480	
busco_downloads/lineages/ascomycota_odb10/hmms/245815at4890.hmm	121458	1574253481	
busco_downloads/lineages/ascomycota_odb10/hmms/246092at4890.hmm	64729	1574253481	
busco_downloads/lineages/ascomycota_odb10/hmms/246212at4890.hmm	99139	1574253480	
busco_downloads/lineages/ascomycota_odb10/hmms/246646at4890.hmm	118669	1574253481	
busco_downloads/lineages/ascomycota_odb10/hmms/246691at4890.hmm	183768	1574253481	
busco_downloads/lineages/ascomycota_odb10/hmms/24733at4890.hmm	285603	1574253481	
busco_downloads/lineages/ascomycota_odb10/hmms/247748at4890.hmm	61009	1574253480	
busco_downloads/lineages/ascomycota_odb10/hmms/247789at4890.hmm	200043	1574253481	
busco_downloads/lineages/ascomycota_odb10/hmms/248447at4890.hmm	126109	1574253481	
busco_downloads/lineages/ascomycota_odb10/hmms/248499at4890.hmm	83794	1574253480	
busco_downloads/lineages/ascomycota_odb10/hmms/248587at4890.hmm	176326	1574253481	
busco_downloads/lineages/ascomycota_odb10/hmms/248680at4890.hmm	85189	1574253481	
busco_downloads/lineages/ascomycota_odb10/hmms/248841at4890.hmm	108439	1574253480	
busco_downloads/lineages/ascomycota_odb10/hmms/249092at4890.hmm	267004	1574253481	
busco_downloads/lineages/ascomycota_odb10/hmms/249382at4890.hmm	194464	1574253481	
busco_downloads/lineages/ascomycota_odb10/hmms/249697at4890.hmm	54499	1574253480	
busco_downloads/lineages/ascomycota_odb10/hmms/249890at4890.hmm	289324	1574253481	
busco_downloads/lineages/ascomycota_odb10/hmms/249995at4890.hmm	87514	1574253480	
busco_downloads/lineages/ascomycota_odb10/hmms/250134at4890.hmm	106579	1574253481	
busco_downloads/lineages/ascomycota_odb10/hmms/250246at4890.hmm	128434	1574253481	
busco_downloads/lineages/ascomycota_odb10/hmms/250296at4890.hmm	251194	1574253480	
busco_downloads/lineages/ascomycota_odb10/hmms/250301at4890.hmm	249333	1574253481	
busco_downloads/lineages/ascomycota_odb10/hmms/250313at4890.hmm	310249	1574253481	
busco_downloads/lineages/ascomycota_odb10/hmms/250347at4890.hmm	104718	1574253480	
busco_downloads/lineages/ascomycota_odb10/hmms/250752at4890.hmm	101928	1574253481	
busco_downloads/lineages/ascomycota_odb10/hmms/250799at4890.hmm	106114	1574253480	
busco_downloads/lineages/ascomycota_odb10/hmms/251027at4890.hmm	157264	1574253480	
busco_downloads/lineages/ascomycota_odb10/hmms/251368at4890.hmm	144244	1574253480	
busco_downloads/lineages/ascomycota_odb10/hmms/251484at4890.hmm	83793	1574253480	
busco_downloads/lineages/ascomycota_odb10/hmms/251523at4890.hmm	101464	1574253481	
busco_downloads/lineages/ascomycota_odb10/hmms/251755at4890.hmm	88908	1574253480	
busco_downloads/lineages/ascomycota_odb10/hmms/252424at4890.hmm	105649	1574253481	
busco_downloads/lineages/ascomycota_odb10/hmms/25255at4890.hmm	421848	1574253480	
busco_downloads/lineages/ascomycota_odb10/hmms/252644at4890.hmm	81468	1574253480	
busco_downloads/lineages/ascomycota_odb10/hmms/25264at4890.hmm	613894	1574253481	
busco_downloads/lineages/ascomycota_odb10/hmms/252783at4890.hmm	128899	1574253480	
busco_downloads/lineages/ascomycota_odb10/hmms/252800at4890.hmm	130294	1574253480	
busco_downloads/lineages/ascomycota_odb10/hmms/252872at4890.hmm	109834	1574253480	
busco_downloads/lineages/ascomycota_odb10/hmms/252904at4890.hmm	153544	1574253480	
busco_downloads/lineages/ascomycota_odb10/hmms/252971at4890.hmm	95884	1574253481	
busco_downloads/lineages/ascomycota_odb10/hmms/253075at4890.hmm	185629	1574253480	
busco_downloads/lineages/ascomycota_odb10/hmms/253252at4890.hmm	99138	1574253481	
busco_downloads/lineages/ascomycota_odb10/hmms/25328at4890.hmm	313503	1574253481	
busco_downloads/lineages/ascomycota_odb10/hmms/253604at4890.hmm	129364	1574253481	
busco_downloads/lineages/ascomycota_odb10/hmms/253847at4890.hmm	94024	1574253480	
busco_downloads/lineages/ascomycota_odb10/hmms/254166at4890.hmm	94954	1574253481	
busco_downloads/lineages/ascomycota_odb10/hmms/254331at4890.hmm	114948	1574253481	
busco_downloads/lineages/ascomycota_odb10/hmms/254455at4890.hmm	89838	1574253480	
busco_downloads/lineages/ascomycota_odb10/hmms/254626at4890.hmm	39617	1574253480	
busco_downloads/lineages/ascomycota_odb10/hmms/254639at4890.hmm	62869	1574253480	
busco_downloads/lineages/ascomycota_odb10/hmms/254786at4890.hmm	149824	1574253481	
busco_downloads/lineages/ascomycota_odb10/hmms/254858at4890.hmm	89373	1574253480	
busco_downloads/lineages/ascomycota_odb10/hmms/25517at4890.hmm	307922	1574253481	
busco_downloads/lineages/ascomycota_odb10/hmms/255376at4890.hmm	119134	1574253481	
busco_downloads/lineages/ascomycota_odb10/hmms/255380at4890.hmm	74959	1574253481	
busco_downloads/lineages/ascomycota_odb10/hmms/255551at4890.hmm	105184	1574253480	
busco_downloads/lineages/ascomycota_odb10/hmms/255705at4890.hmm	102859	1574253480	
busco_downloads/lineages/ascomycota_odb10/hmms/255755at4890.hmm	61009	1574253481	
busco_downloads/lineages/ascomycota_odb10/hmms/255895at4890.hmm	69377	1574253480	
busco_downloads/lineages/ascomycota_odb10/hmms/255986at4890.hmm	174934	1574253481	
busco_downloads/lineages/ascomycota_odb10/hmms/256024at4890.hmm	139592	1574253481	
busco_downloads/lineages/ascomycota_odb10/hmms/256060at4890.hmm	263749	1574253481	
busco_downloads/lineages/ascomycota_odb10/hmms/256298at4890.hmm	198183	1574253480	
busco_downloads/lineages/ascomycota_odb10/hmms/256494at4890.hmm	78214	1574253481	
busco_downloads/lineages/ascomycota_odb10/hmms/256615at4890.hmm	97744	1574253480	
busco_downloads/lineages/ascomycota_odb10/hmms/256718at4890.hmm	209808	1574253480	
busco_downloads/lineages/ascomycota_odb10/hmms/25673at4890.hmm	209807	1574253480	
busco_downloads/lineages/ascomycota_odb10/hmms/256894at4890.hmm	75424	1574253480	
busco_downloads/lineages/ascomycota_odb10/hmms/257462at4890.hmm	85189	1574253481	
busco_downloads/lineages/ascomycota_odb10/hmms/257722at4890.hmm	86118	1574253480	
busco_downloads/lineages/ascomycota_odb10/hmms/257769at4890.hmm	121459	1574253481	
busco_downloads/lineages/ascomycota_odb10/hmms/257859at4890.hmm	196324	1574253481	
busco_downloads/lineages/ascomycota_odb10/hmms/258191at4890.hmm	69379	1574253481	
busco_downloads/lineages/ascomycota_odb10/hmms/258298at4890.hmm	186093	1574253480	
busco_downloads/lineages/ascomycota_odb10/hmms/258479at4890.hmm	106578	1574253480	
busco_downloads/lineages/ascomycota_odb10/hmms/25857at4890.hmm	271653	1574253481	
busco_downloads/lineages/ascomycota_odb10/hmms/258821at4890.hmm	81469	1574253480	
busco_downloads/lineages/ascomycota_odb10/hmms/258855at4890.hmm	99604	1574253481	
busco_downloads/lineages/ascomycota_odb10/hmms/25885at4890.hmm	357213	1574253480	
busco_downloads/lineages/ascomycota_odb10/hmms/259169at4890.hmm	93094	1574253480	
busco_downloads/lineages/ascomycota_odb10/hmms/25961at4890.hmm	298158	1574253481	
busco_downloads/lineages/ascomycota_odb10/hmms/260012at4890.hmm	124714	1574253480	
busco_downloads/lineages/ascomycota_odb10/hmms/260411at4890.hmm	112624	1574253481	
busco_downloads/lineages/ascomycota_odb10/hmms/260796at4890.hmm	171678	1574253480	
busco_downloads/lineages/ascomycota_odb10/hmms/260824at4890.hmm	69379	1574253481	
busco_downloads/lineages/ascomycota_odb10/hmms/261134at4890.hmm	109833	1574253480	
busco_downloads/lineages/ascomycota_odb10/hmms/261144at4890.hmm	97279	1574253481	
busco_downloads/lineages/ascomycota_odb10/hmms/261164at4890.hmm	107044	1574253481	
busco_downloads/lineages/ascomycota_odb10/hmms/261240at4890.hmm	124714	1574253481	
busco_downloads/lineages/ascomycota_odb10/hmms/26127at4890.hmm	312107	1574253480	
busco_downloads/lineages/ascomycota_odb10/hmms/261417at4890.hmm	89839	1574253480	
busco_downloads/lineages/ascomycota_odb10/hmms/261552at4890.hmm	125179	1574253481	
busco_downloads/lineages/ascomycota_odb10/hmms/261727at4890.hmm	73564	1574253480	
busco_downloads/lineages/ascomycota_odb10/hmms/262326at4890.hmm	92627	1574253480	
busco_downloads/lineages/ascomycota_odb10/hmms/262423at4890.hmm	95419	1574253481	
busco_downloads/lineages/ascomycota_odb10/hmms/262514at4890.hmm	223759	1574253481	
busco_downloads/lineages/ascomycota_odb10/hmms/262708at4890.hmm	118204	1574253481	
busco_downloads/lineages/ascomycota_odb10/hmms/262792at4890.hmm	67983	1574253480	
busco_downloads/lineages/ascomycota_odb10/hmms/262829at4890.hmm	93559	1574253481	
busco_downloads/lineages/ascomycota_odb10/hmms/262969at4890.hmm	98674	1574253481	
busco_downloads/lineages/ascomycota_odb10/hmms/2629at4890.hmm	1365333	1574253481	
busco_downloads/lineages/ascomycota_odb10/hmms/263017at4890.hmm	56359	1574253481	
busco_downloads/lineages/ascomycota_odb10/hmms/263086at4890.hmm	174933	1574253481	
busco_downloads/lineages/ascomycota_odb10/hmms/263093at4890.hmm	107509	1574253481	
busco_downloads/lineages/ascomycota_odb10/hmms/263105at4890.hmm	109834	1574253481	
busco_downloads/lineages/ascomycota_odb10/hmms/263174at4890.hmm	96814	1574253480	
busco_downloads/lineages/ascomycota_odb10/hmms/263183at4890.hmm	155404	1574253481	
busco_downloads/lineages/ascomycota_odb10/hmms/263191at4890.hmm	142384	1574253481	
busco_downloads/lineages/ascomycota_odb10/hmms/263249at4890.hmm	227014	1574253481	
busco_downloads/lineages/ascomycota_odb10/hmms/263345at4890.hmm	73099	1574253480	
busco_downloads/lineages/ascomycota_odb10/hmms/263689at4890.hmm	100999	1574253481	
busco_downloads/lineages/ascomycota_odb10/hmms/263705at4890.hmm	108904	1574253481	
busco_downloads/lineages/ascomycota_odb10/hmms/263790at4890.hmm	139129	1574253481	
busco_downloads/lineages/ascomycota_odb10/hmms/263833at4890.hmm	51244	1574253481	
busco_downloads/lineages/ascomycota_odb10/hmms/263839at4890.hmm	99604	1574253481	
busco_downloads/lineages/ascomycota_odb10/hmms/263860at4890.hmm	92164	1574253481	
busco_downloads/lineages/ascomycota_odb10/hmms/263881at4890.hmm	114019	1574253480	
busco_downloads/lineages/ascomycota_odb10/hmms/263885at4890.hmm	160518	1574253480	
busco_downloads/lineages/ascomycota_odb10/hmms/263988at4890.hmm	82864	1574253480	
busco_downloads/lineages/ascomycota_odb10/hmms/263993at4890.hmm	204694	1574253480	
busco_downloads/lineages/ascomycota_odb10/hmms/264126at4890.hmm	137734	1574253480	
busco_downloads/lineages/ascomycota_odb10/hmms/264501at4890.hmm	81933	1574253480	
busco_downloads/lineages/ascomycota_odb10/hmms/264525at4890.hmm	134013	1574253480	
busco_downloads/lineages/ascomycota_odb10/hmms/264623at4890.hmm	194464	1574253481	
busco_downloads/lineages/ascomycota_odb10/hmms/264844at4890.hmm	116344	1574253481	
busco_downloads/lineages/ascomycota_odb10/hmms/264968at4890.hmm	60079	1574253480	
busco_downloads/lineages/ascomycota_odb10/hmms/264990at4890.hmm	51708	1574253481	
busco_downloads/lineages/ascomycota_odb10/hmms/265011at4890.hmm	67519	1574253481	
busco_downloads/lineages/ascomycota_odb10/hmms/265363at4890.hmm	120064	1574253480	
busco_downloads/lineages/ascomycota_odb10/hmms/2653at4890.hmm	475323	1574253481	
busco_downloads/lineages/ascomycota_odb10/hmms/265624at4890.hmm	87514	1574253481	
busco_downloads/lineages/ascomycota_odb10/hmms/265943at4890.hmm	46128	1574253480	
busco_downloads/lineages/ascomycota_odb10/hmms/265982at4890.hmm	61473	1574253480	
busco_downloads/lineages/ascomycota_odb10/hmms/26601at4890.hmm	397203	1574253481	
busco_downloads/lineages/ascomycota_odb10/hmms/266079at4890.hmm	118204	1574253481	
busco_downloads/lineages/ascomycota_odb10/hmms/266118at4890.hmm	120993	1574253481	
busco_downloads/lineages/ascomycota_odb10/hmms/266187at4890.hmm	202369	1574253481	
busco_downloads/lineages/ascomycota_odb10/hmms/266277at4890.hmm	106114	1574253480	
busco_downloads/lineages/ascomycota_odb10/hmms/266338at4890.hmm	71703	1574253480	
busco_downloads/lineages/ascomycota_odb10/hmms/266795at4890.hmm	129829	1574253481	
busco_downloads/lineages/ascomycota_odb10/hmms/266962at4890.hmm	72169	1574253481	
busco_downloads/lineages/ascomycota_odb10/hmms/267369at4890.hmm	81469	1574253481	
busco_downloads/lineages/ascomycota_odb10/hmms/267609at4890.hmm	152613	1574253480	
busco_downloads/lineages/ascomycota_odb10/hmms/26763at4890.hmm	494389	1574253481	
busco_downloads/lineages/ascomycota_odb10/hmms/267801at4890.hmm	102859	1574253480	
busco_downloads/lineages/ascomycota_odb10/hmms/267819at4890.hmm	87049	1574253480	
busco_downloads/lineages/ascomycota_odb10/hmms/267902at4890.hmm	109369	1574253480	
busco_downloads/lineages/ascomycota_odb10/hmms/26790at4890.hmm	321408	1574253481	
busco_downloads/lineages/ascomycota_odb10/hmms/267978at4890.hmm	91234	1574253480	
busco_downloads/lineages/ascomycota_odb10/hmms/268072at4890.hmm	167959	1574253481	
busco_downloads/lineages/ascomycota_odb10/hmms/268297at4890.hmm	103789	1574253480	
busco_downloads/lineages/ascomycota_odb10/hmms/268426at4890.hmm	154008	1574253480	
busco_downloads/lineages/ascomycota_odb10/hmms/268668at4890.hmm	130293	1574253480	
busco_downloads/lineages/ascomycota_odb10/hmms/269003at4890.hmm	64264	1574253480	
busco_downloads/lineages/ascomycota_odb10/hmms/269204at4890.hmm	297693	1574253480	
busco_downloads/lineages/ascomycota_odb10/hmms/269333at4890.hmm	89839	1574253480	
busco_downloads/lineages/ascomycota_odb10/hmms/269438at4890.hmm	86119	1574253480	
busco_downloads/lineages/ascomycota_odb10/hmms/269562at4890.hmm	89374	1574253480	
busco_downloads/lineages/ascomycota_odb10/hmms/269857at4890.hmm	94489	1574253480	
busco_downloads/lineages/ascomycota_odb10/hmms/269906at4890.hmm	91232	1574253480	
busco_downloads/lineages/ascomycota_odb10/hmms/269917at4890.hmm	251193	1574253481	
busco_downloads/lineages/ascomycota_odb10/hmms/269969at4890.hmm	78214	1574253481	
busco_downloads/lineages/ascomycota_odb10/hmms/270210at4890.hmm	53569	1574253481	
busco_downloads/lineages/ascomycota_odb10/hmms/270320at4890.hmm	149824	1574253480	
busco_downloads/lineages/ascomycota_odb10/hmms/27070at4890.hmm	259098	1574253481	
busco_downloads/lineages/ascomycota_odb10/hmms/270956at4890.hmm	64729	1574253481	
busco_downloads/lineages/ascomycota_odb10/hmms/271054at4890.hmm	48454	1574253481	
busco_downloads/lineages/ascomycota_odb10/hmms/271295at4890.hmm	106114	1574253481	
busco_downloads/lineages/ascomycota_odb10/hmms/271351at4890.hmm	97279	1574253480	
busco_downloads/lineages/ascomycota_odb10/hmms/271463at4890.hmm	73099	1574253481	
busco_downloads/lineages/ascomycota_odb10/hmms/271755at4890.hmm	84724	1574253480	
busco_downloads/lineages/ascomycota_odb10/hmms/271897at4890.hmm	382789	1574253480	
busco_downloads/lineages/ascomycota_odb10/hmms/271944at4890.hmm	67053	1574253480	
busco_downloads/lineages/ascomycota_odb10/hmms/271948at4890.hmm	64264	1574253481	
busco_downloads/lineages/ascomycota_odb10/hmms/272417at4890.hmm	106579	1574253481	
busco_downloads/lineages/ascomycota_odb10/hmms/272698at4890.hmm	47524	1574253480	
busco_downloads/lineages/ascomycota_odb10/hmms/272927at4890.hmm	121459	1574253480	
busco_downloads/lineages/ascomycota_odb10/hmms/27306at4890.hmm	344658	1574253481	
busco_downloads/lineages/ascomycota_odb10/hmms/273326at4890.hmm	39618	1574253481	
busco_downloads/lineages/ascomycota_odb10/hmms/273926at4890.hmm	126108	1574253481	
busco_downloads/lineages/ascomycota_odb10/hmms/273954at4890.hmm	95883	1574253480	
busco_downloads/lineages/ascomycota_odb10/hmms/27399at4890.hmm	447888	1574253481	
busco_downloads/lineages/ascomycota_odb10/hmms/274128at4890.hmm	115414	1574253480	
busco_downloads/lineages/ascomycota_odb10/hmms/274355at4890.hmm	52639	1574253481	
busco_downloads/lineages/ascomycota_odb10/hmms/274593at4890.hmm	175864	1574253481	
busco_downloads/lineages/ascomycota_odb10/hmms/274728at4890.hmm	58684	1574253480	
busco_downloads/lineages/ascomycota_odb10/hmms/275008at4890.hmm	92628	1574253481	
busco_downloads/lineages/ascomycota_odb10/hmms/275223at4890.hmm	75424	1574253480	
busco_downloads/lineages/ascomycota_odb10/hmms/275250at4890.hmm	94954	1574253480	
busco_downloads/lineages/ascomycota_odb10/hmms/275358at4890.hmm	127503	1574253480	
busco_downloads/lineages/ascomycota_odb10/hmms/27578at4890.hmm	212597	1574253480	
busco_downloads/lineages/ascomycota_odb10/hmms/276054at4890.hmm	98209	1574253481	
busco_downloads/lineages/ascomycota_odb10/hmms/276376at4890.hmm	123319	1574253480	
busco_downloads/lineages/ascomycota_odb10/hmms/276385at4890.hmm	133549	1574253480	
busco_downloads/lineages/ascomycota_odb10/hmms/276617at4890.hmm	100534	1574253481	
busco_downloads/lineages/ascomycota_odb10/hmms/276957at4890.hmm	75424	1574253480	
busco_downloads/lineages/ascomycota_odb10/hmms/277044at4890.hmm	135409	1574253481	
busco_downloads/lineages/ascomycota_odb10/hmms/277287at4890.hmm	101464	1574253481	
busco_downloads/lineages/ascomycota_odb10/hmms/277312at4890.hmm	54034	1574253480	
busco_downloads/lineages/ascomycota_odb10/hmms/277375at4890.hmm	96814	1574253481	
busco_downloads/lineages/ascomycota_odb10/hmms/277413at4890.hmm	97744	1574253481	
busco_downloads/lineages/ascomycota_odb10/hmms/277433at4890.hmm	84724	1574253481	
busco_downloads/lineages/ascomycota_odb10/hmms/27756at4890.hmm	344658	1574253480	
busco_downloads/lineages/ascomycota_odb10/hmms/27773at4890.hmm	339078	1574253481	
busco_downloads/lineages/ascomycota_odb10/hmms/277837at4890.hmm	152614	1574253480	
busco_downloads/lineages/ascomycota_odb10/hmms/278070at4890.hmm	87979	1574253480	
busco_downloads/lineages/ascomycota_odb10/hmms/278098at4890.hmm	49384	1574253480	
busco_downloads/lineages/ascomycota_odb10/hmms/278809at4890.hmm	81468	1574253480	
busco_downloads/lineages/ascomycota_odb10/hmms/278843at4890.hmm	71703	1574253481	
busco_downloads/lineages/ascomycota_odb10/hmms/278940at4890.hmm	92629	1574253480	
busco_downloads/lineages/ascomycota_odb10/hmms/278954at4890.hmm	68449	1574253481	
busco_downloads/lineages/ascomycota_odb10/hmms/279024at4890.hmm	71239	1574253481	
busco_downloads/lineages/ascomycota_odb10/hmms/279318at4890.hmm	100534	1574253480	
busco_downloads/lineages/ascomycota_odb10/hmms/279338at4890.hmm	85189	1574253480	
busco_downloads/lineages/ascomycota_odb10/hmms/279471at4890.hmm	131224	1574253481	
busco_downloads/lineages/ascomycota_odb10/hmms/279698at4890.hmm	109369	1574253480	
busco_downloads/lineages/ascomycota_odb10/hmms/279791at4890.hmm	114949	1574253481	
busco_downloads/lineages/ascomycota_odb10/hmms/280182at4890.hmm	77749	1574253481	
busco_downloads/lineages/ascomycota_odb10/hmms/280473at4890.hmm	93094	1574253481	
busco_downloads/lineages/ascomycota_odb10/hmms/280584at4890.hmm	120994	1574253480	
busco_downloads/lineages/ascomycota_odb10/hmms/280598at4890.hmm	83794	1574253481	
busco_downloads/lineages/ascomycota_odb10/hmms/281016at4890.hmm	272119	1574253481	
busco_downloads/lineages/ascomycota_odb10/hmms/281256at4890.hmm	125179	1574253480	
busco_downloads/lineages/ascomycota_odb10/hmms/281437at4890.hmm	100069	1574253480	
busco_downloads/lineages/ascomycota_odb10/hmms/281561at4890.hmm	122389	1574253481	
busco_downloads/lineages/ascomycota_odb10/hmms/281608at4890.hmm	113089	1574253480	
busco_downloads/lineages/ascomycota_odb10/hmms/281842at4890.hmm	202369	1574253480	
busco_downloads/lineages/ascomycota_odb10/hmms/282074at4890.hmm	72169	1574253481	
busco_downloads/lineages/ascomycota_odb10/hmms/28275at4890.hmm	333498	1574253481	
busco_downloads/lineages/ascomycota_odb10/hmms/282988at4890.hmm	79144	1574253481	
busco_downloads/lineages/ascomycota_odb10/hmms/283722at4890.hmm	100534	1574253480	
busco_downloads/lineages/ascomycota_odb10/hmms/283796at4890.hmm	142384	1574253481	
busco_downloads/lineages/ascomycota_odb10/hmms/283894at4890.hmm	194463	1574253480	
busco_downloads/lineages/ascomycota_odb10/hmms/284017at4890.hmm	74028	1574253481	
busco_downloads/lineages/ascomycota_odb10/hmms/284179at4890.hmm	376744	1574253481	
busco_downloads/lineages/ascomycota_odb10/hmms/284344at4890.hmm	83328	1574253481	
busco_downloads/lineages/ascomycota_odb10/hmms/284420at4890.hmm	147034	1574253481	
busco_downloads/lineages/ascomycota_odb10/hmms/284429at4890.hmm	70309	1574253481	
busco_downloads/lineages/ascomycota_odb10/hmms/284580at4890.hmm	114484	1574253480	
busco_downloads/lineages/ascomycota_odb10/hmms/284643at4890.hmm	59614	1574253480	
busco_downloads/lineages/ascomycota_odb10/hmms/28480at4890.hmm	332103	1574253481	
busco_downloads/lineages/ascomycota_odb10/hmms/284910at4890.hmm	176793	1574253480	
busco_downloads/lineages/ascomycota_odb10/hmms/285036at4890.hmm	116344	1574253480	
busco_downloads/lineages/ascomycota_odb10/hmms/285124at4890.hmm	224689	1574253481	
busco_downloads/lineages/ascomycota_odb10/hmms/285140at4890.hmm	116343	1574253480	
busco_downloads/lineages/ascomycota_odb10/hmms/285324at4890.hmm	127969	1574253481	
busco_downloads/lineages/ascomycota_odb10/hmms/285355at4890.hmm	103789	1574253481	
busco_downloads/lineages/ascomycota_odb10/hmms/285364at4890.hmm	158659	1574253481	
busco_downloads/lineages/ascomycota_odb10/hmms/285587at4890.hmm	82398	1574253481	
busco_downloads/lineages/ascomycota_odb10/hmms/285859at4890.hmm	64729	1574253480	
busco_downloads/lineages/ascomycota_odb10/hmms/285875at4890.hmm	170749	1574253480	
busco_downloads/lineages/ascomycota_odb10/hmms/286049at4890.hmm	106579	1574253481	
busco_downloads/lineages/ascomycota_odb10/hmms/286118at4890.hmm	87049	1574253480	
busco_downloads/lineages/ascomycota_odb10/hmms/286579at4890.hmm	124714	1574253480	
busco_downloads/lineages/ascomycota_odb10/hmms/286606at4890.hmm	180514	1574253481	
busco_downloads/lineages/ascomycota_odb10/hmms/28672at4890.hmm	438123	1574253480	
busco_downloads/lineages/ascomycota_odb10/hmms/286813at4890.hmm	108902	1574253480	
busco_downloads/lineages/ascomycota_odb10/hmms/286855at4890.hmm	83329	1574253480	
busco_downloads/lineages/ascomycota_odb10/hmms/286922at4890.hmm	43803	1574253481	
busco_downloads/lineages/ascomycota_odb10/hmms/287038at4890.hmm	44268	1574253481	
busco_downloads/lineages/ascomycota_odb10/hmms/287330at4890.hmm	153078	1574253481	
busco_downloads/lineages/ascomycota_odb10/hmms/287439at4890.hmm	79144	1574253481	
busco_downloads/lineages/ascomycota_odb10/hmms/287749at4890.hmm	83794	1574253481	
busco_downloads/lineages/ascomycota_odb10/hmms/287798at4890.hmm	54964	1574253480	
busco_downloads/lineages/ascomycota_odb10/hmms/287911at4890.hmm	127503	1574253481	
busco_downloads/lineages/ascomycota_odb10/hmms/287912at4890.hmm	81934	1574253480	
busco_downloads/lineages/ascomycota_odb10/hmms/288157at4890.hmm	50778	1574253481	
busco_downloads/lineages/ascomycota_odb10/hmms/288189at4890.hmm	65194	1574253481	
busco_downloads/lineages/ascomycota_odb10/hmms/288300at4890.hmm	125179	1574253480	
busco_downloads/lineages/ascomycota_odb10/hmms/288703at4890.hmm	71704	1574253481	
busco_downloads/lineages/ascomycota_odb10/hmms/288739at4890.hmm	50779	1574253480	
busco_downloads/lineages/ascomycota_odb10/hmms/288784at4890.hmm	142384	1574253481	
busco_downloads/lineages/ascomycota_odb10/hmms/289028at4890.hmm	93093	1574253481	
busco_downloads/lineages/ascomycota_odb10/hmms/289252at4890.hmm	81934	1574253480	
busco_downloads/lineages/ascomycota_odb10/hmms/289274at4890.hmm	90769	1574253481	
busco_downloads/lineages/ascomycota_odb10/hmms/289359at4890.hmm	97279	1574253481	
busco_downloads/lineages/ascomycota_odb10/hmms/289701at4890.hmm	80539	1574253480	
busco_downloads/lineages/ascomycota_odb10/hmms/28975at4890.hmm	386973	1574253480	
busco_downloads/lineages/ascomycota_odb10/hmms/289787at4890.hmm	93093	1574253481	
busco_downloads/lineages/ascomycota_odb10/hmms/289852at4890.hmm	101464	1574253480	
busco_downloads/lineages/ascomycota_odb10/hmms/289942at4890.hmm	95417	1574253480	
busco_downloads/lineages/ascomycota_odb10/hmms/290247at4890.hmm	125644	1574253480	
busco_downloads/lineages/ascomycota_odb10/hmms/290327at4890.hmm	162843	1574253481	
busco_downloads/lineages/ascomycota_odb10/hmms/290598at4890.hmm	113553	1574253481	
busco_downloads/lineages/ascomycota_odb10/hmms/290629at4890.hmm	105184	1574253480	
busco_downloads/lineages/ascomycota_odb10/hmms/290945at4890.hmm	188882	1574253480	
busco_downloads/lineages/ascomycota_odb10/hmms/291022at4890.hmm	67054	1574253481	
busco_downloads/lineages/ascomycota_odb10/hmms/291386at4890.hmm	138664	1574253481	
busco_downloads/lineages/ascomycota_odb10/hmms/291438at4890.hmm	132154	1574253481	
busco_downloads/lineages/ascomycota_odb10/hmms/291505at4890.hmm	99139	1574253480	
busco_downloads/lineages/ascomycota_odb10/hmms/291507at4890.hmm	169353	1574253480	
busco_downloads/lineages/ascomycota_odb10/hmms/291815at4890.hmm	73564	1574253480	
busco_downloads/lineages/ascomycota_odb10/hmms/29193at4890.hmm	268863	1574253480	
busco_downloads/lineages/ascomycota_odb10/hmms/291965at4890.hmm	99139	1574253481	
busco_downloads/lineages/ascomycota_odb10/hmms/292033at4890.hmm	93094	1574253480	
busco_downloads/lineages/ascomycota_odb10/hmms/292056at4890.hmm	109369	1574253481	
busco_downloads/lineages/ascomycota_odb10/hmms/292286at4890.hmm	114483	1574253480	
busco_downloads/lineages/ascomycota_odb10/hmms/292337at4890.hmm	91699	1574253481	
busco_downloads/lineages/ascomycota_odb10/hmms/292696at4890.hmm	118669	1574253481	
busco_downloads/lineages/ascomycota_odb10/hmms/292706at4890.hmm	93094	1574253480	
busco_downloads/lineages/ascomycota_odb10/hmms/292933at4890.hmm	77284	1574253481	
busco_downloads/lineages/ascomycota_odb10/hmms/293265at4890.hmm	87513	1574253481	
busco_downloads/lineages/ascomycota_odb10/hmms/293275at4890.hmm	55429	1574253480	
busco_downloads/lineages/ascomycota_odb10/hmms/293552at4890.hmm	171679	1574253481	
busco_downloads/lineages/ascomycota_odb10/hmms/293673at4890.hmm	78679	1574253481	
busco_downloads/lineages/ascomycota_odb10/hmms/293791at4890.hmm	43803	1574253481	
busco_downloads/lineages/ascomycota_odb10/hmms/293843at4890.hmm	165169	1574253481	
busco_downloads/lineages/ascomycota_odb10/hmms/293868at4890.hmm	152614	1574253480	
busco_downloads/lineages/ascomycota_odb10/hmms/294055at4890.hmm	106114	1574253481	
busco_downloads/lineages/ascomycota_odb10/hmms/29415at4890.hmm	531124	1574253481	
busco_downloads/lineages/ascomycota_odb10/hmms/294178at4890.hmm	64729	1574253480	
busco_downloads/lineages/ascomycota_odb10/hmms/294253at4890.hmm	154009	1574253480	
busco_downloads/lineages/ascomycota_odb10/hmms/294264at4890.hmm	44733	1574253481	
busco_downloads/lineages/ascomycota_odb10/hmms/294420at4890.hmm	127038	1574253481	
busco_downloads/lineages/ascomycota_odb10/hmms/294469at4890.hmm	120064	1574253480	
busco_downloads/lineages/ascomycota_odb10/hmms/294517at4890.hmm	96814	1574253481	
busco_downloads/lineages/ascomycota_odb10/hmms/294790at4890.hmm	64729	1574253481	
busco_downloads/lineages/ascomycota_odb10/hmms/294791at4890.hmm	64264	1574253481	
busco_downloads/lineages/ascomycota_odb10/hmms/294841at4890.hmm	72169	1574253480	
busco_downloads/lineages/ascomycota_odb10/hmms/294941at4890.hmm	135408	1574253481	
busco_downloads/lineages/ascomycota_odb10/hmms/295130at4890.hmm	49849	1574253480	
busco_downloads/lineages/ascomycota_odb10/hmms/295293at4890.hmm	78214	1574253481	
busco_downloads/lineages/ascomycota_odb10/hmms/295308at4890.hmm	117273	1574253481	
busco_downloads/lineages/ascomycota_odb10/hmms/29560at4890.hmm	280023	1574253480	
busco_downloads/lineages/ascomycota_odb10/hmms/295749at4890.hmm	73564	1574253480	
busco_downloads/lineages/ascomycota_odb10/hmms/295883at4890.hmm	81934	1574253480	
busco_downloads/lineages/ascomycota_odb10/hmms/296462at4890.hmm	175864	1574253480	
busco_downloads/lineages/ascomycota_odb10/hmms/296480at4890.hmm	71703	1574253480	
busco_downloads/lineages/ascomycota_odb10/hmms/296491at4890.hmm	72169	1574253480	
busco_downloads/lineages/ascomycota_odb10/hmms/296515at4890.hmm	74959	1574253480	
busco_downloads/lineages/ascomycota_odb10/hmms/296571at4890.hmm	47058	1574253481	
busco_downloads/lineages/ascomycota_odb10/hmms/296713at4890.hmm	85189	1574253481	
busco_downloads/lineages/ascomycota_odb10/hmms/296725at4890.hmm	67053	1574253480	
busco_downloads/lineages/ascomycota_odb10/hmms/296824at4890.hmm	212134	1574253480	
busco_downloads/lineages/ascomycota_odb10/hmms/296871at4890.hmm	65193	1574253480	
busco_downloads/lineages/ascomycota_odb10/hmms/297115at4890.hmm	190744	1574253481	
busco_downloads/lineages/ascomycota_odb10/hmms/297235at4890.hmm	55894	1574253480	
busco_downloads/lineages/ascomycota_odb10/hmms/297335at4890.hmm	74029	1574253481	
busco_downloads/lineages/ascomycota_odb10/hmms/297336at4890.hmm	112623	1574253481	
busco_downloads/lineages/ascomycota_odb10/hmms/29753at4890.hmm	207018	1574253481	
busco_downloads/lineages/ascomycota_odb10/hmms/297936at4890.hmm	67053	1574253481	
busco_downloads/lineages/ascomycota_odb10/hmms/298061at4890.hmm	99139	1574253480	
busco_downloads/lineages/ascomycota_odb10/hmms/29860at4890.hmm	268397	1574253480	
busco_downloads/lineages/ascomycota_odb10/hmms/298979at4890.hmm	113554	1574253480	
busco_downloads/lineages/ascomycota_odb10/hmms/299071at4890.hmm	43803	1574253481	
busco_downloads/lineages/ascomycota_odb10/hmms/299167at4890.hmm	107509	1574253481	
busco_downloads/lineages/ascomycota_odb10/hmms/299189at4890.hmm	114019	1574253481	
busco_downloads/lineages/ascomycota_odb10/hmms/299379at4890.hmm	68449	1574253481	
busco_downloads/lineages/ascomycota_odb10/hmms/299548at4890.hmm	94024	1574253480	
busco_downloads/lineages/ascomycota_odb10/hmms/299561at4890.hmm	123319	1574253480	
busco_downloads/lineages/ascomycota_odb10/hmms/299845at4890.hmm	85189	1574253481	
busco_downloads/lineages/ascomycota_odb10/hmms/300062at4890.hmm	51244	1574253480	
busco_downloads/lineages/ascomycota_odb10/hmms/30009at4890.hmm	652489	1574253480	
busco_downloads/lineages/ascomycota_odb10/hmms/300130at4890.hmm	61009	1574253481	
busco_downloads/lineages/ascomycota_odb10/hmms/300199at4890.hmm	69379	1574253481	
busco_downloads/lineages/ascomycota_odb10/hmms/300426at4890.hmm	127968	1574253481	
busco_downloads/lineages/ascomycota_odb10/hmms/300456at4890.hmm	43338	1574253480	
busco_downloads/lineages/ascomycota_odb10/hmms/300738at4890.hmm	94954	1574253480	
busco_downloads/lineages/ascomycota_odb10/hmms/300913at4890.hmm	81934	1574253480	
busco_downloads/lineages/ascomycota_odb10/hmms/300972at4890.hmm	110764	1574253480	
busco_downloads/lineages/ascomycota_odb10/hmms/300984at4890.hmm	70773	1574253480	
busco_downloads/lineages/ascomycota_odb10/hmms/301222at4890.hmm	77749	1574253480	
busco_downloads/lineages/ascomycota_odb10/hmms/301597at4890.hmm	56359	1574253480	
busco_downloads/lineages/ascomycota_odb10/hmms/302169at4890.hmm	85653	1574253480	
busco_downloads/lineages/ascomycota_odb10/hmms/30240at4890.hmm	360933	1574253480	
busco_downloads/lineages/ascomycota_odb10/hmms/30243at4890.hmm	234453	1574253481	
busco_downloads/lineages/ascomycota_odb10/hmms/302452at4890.hmm	86583	1574253480	
busco_downloads/lineages/ascomycota_odb10/hmms/302664at4890.hmm	68449	1574253480	
busco_downloads/lineages/ascomycota_odb10/hmms/303111at4890.hmm	77282	1574253481	
busco_downloads/lineages/ascomycota_odb10/hmms/303479at4890.hmm	86584	1574253480	
busco_downloads/lineages/ascomycota_odb10/hmms/303599at4890.hmm	89374	1574253481	
busco_downloads/lineages/ascomycota_odb10/hmms/303763at4890.hmm	206089	1574253481	
busco_downloads/lineages/ascomycota_odb10/hmms/303830at4890.hmm	64729	1574253480	
busco_downloads/lineages/ascomycota_odb10/hmms/304016at4890.hmm	70308	1574253481	
busco_downloads/lineages/ascomycota_odb10/hmms/304095at4890.hmm	62869	1574253481	
busco_downloads/lineages/ascomycota_odb10/hmms/30409at4890.hmm	325593	1574253481	
busco_downloads/lineages/ascomycota_odb10/hmms/304135at4890.hmm	61473	1574253480	
busco_downloads/lineages/ascomycota_odb10/hmms/304394at4890.hmm	60544	1574253480	
busco_downloads/lineages/ascomycota_odb10/hmms/304678at4890.hmm	63334	1574253481	
busco_downloads/lineages/ascomycota_odb10/hmms/304717at4890.hmm	135874	1574253481	
busco_downloads/lineages/ascomycota_odb10/hmms/30528at4890.hmm	390228	1574253481	
busco_downloads/lineages/ascomycota_odb10/hmms/305407at4890.hmm	52639	1574253481	
busco_downloads/lineages/ascomycota_odb10/hmms/305410at4890.hmm	76353	1574253480	
busco_downloads/lineages/ascomycota_odb10/hmms/305450at4890.hmm	73097	1574253480	
busco_downloads/lineages/ascomycota_odb10/hmms/305454at4890.hmm	59148	1574253480	
busco_downloads/lineages/ascomycota_odb10/hmms/305598at4890.hmm	156333	1574253480	
busco_downloads/lineages/ascomycota_odb10/hmms/305650at4890.hmm	156334	1574253480	
busco_downloads/lineages/ascomycota_odb10/hmms/305690at4890.hmm	49384	1574253480	
busco_downloads/lineages/ascomycota_odb10/hmms/305767at4890.hmm	74959	1574253481	
busco_downloads/lineages/ascomycota_odb10/hmms/305961at4890.hmm	97278	1574253480	
busco_downloads/lineages/ascomycota_odb10/hmms/305993at4890.hmm	134014	1574253481	
busco_downloads/lineages/ascomycota_odb10/hmms/306220at4890.hmm	81469	1574253480	
busco_downloads/lineages/ascomycota_odb10/hmms/306234at4890.hmm	46128	1574253481	
busco_downloads/lineages/ascomycota_odb10/hmms/306353at4890.hmm	46128	1574253481	
busco_downloads/lineages/ascomycota_odb10/hmms/306382at4890.hmm	188884	1574253481	
busco_downloads/lineages/ascomycota_odb10/hmms/306395at4890.hmm	233059	1574253480	
busco_downloads/lineages/ascomycota_odb10/hmms/306700at4890.hmm	122854	1574253480	
busco_downloads/lineages/ascomycota_odb10/hmms/306798at4890.hmm	68448	1574253481	
busco_downloads/lineages/ascomycota_odb10/hmms/307061at4890.hmm	134479	1574253480	
busco_downloads/lineages/ascomycota_odb10/hmms/307154at4890.hmm	65659	1574253481	
busco_downloads/lineages/ascomycota_odb10/hmms/307233at4890.hmm	66124	1574253480	
busco_downloads/lineages/ascomycota_odb10/hmms/307240at4890.hmm	78214	1574253480	
busco_downloads/lineages/ascomycota_odb10/hmms/307254at4890.hmm	81468	1574253480	
busco_downloads/lineages/ascomycota_odb10/hmms/307380at4890.hmm	137734	1574253481	
busco_downloads/lineages/ascomycota_odb10/hmms/307611at4890.hmm	54034	1574253480	
busco_downloads/lineages/ascomycota_odb10/hmms/307790at4890.hmm	94489	1574253480	
busco_downloads/lineages/ascomycota_odb10/hmms/307809at4890.hmm	112159	1574253481	
busco_downloads/lineages/ascomycota_odb10/hmms/308024at4890.hmm	32643	1574253481	
busco_downloads/lineages/ascomycota_odb10/hmms/308347at4890.hmm	83794	1574253481	
busco_downloads/lineages/ascomycota_odb10/hmms/308567at4890.hmm	351634	1574253481	
busco_downloads/lineages/ascomycota_odb10/hmms/308748at4890.hmm	32642	1574253480	
busco_downloads/lineages/ascomycota_odb10/hmms/309099at4890.hmm	113554	1574253481	
busco_downloads/lineages/ascomycota_odb10/hmms/309117at4890.hmm	105184	1574253480	
busco_downloads/lineages/ascomycota_odb10/hmms/309243at4890.hmm	73099	1574253481	
busco_downloads/lineages/ascomycota_odb10/hmms/309478at4890.hmm	21484	1574253481	
busco_downloads/lineages/ascomycota_odb10/hmms/309526at4890.hmm	108904	1574253481	
busco_downloads/lineages/ascomycota_odb10/hmms/309563at4890.hmm	108904	1574253481	
busco_downloads/lineages/ascomycota_odb10/hmms/309564at4890.hmm	111229	1574253481	
busco_downloads/lineages/ascomycota_odb10/hmms/309617at4890.hmm	79609	1574253481	
busco_downloads/lineages/ascomycota_odb10/hmms/309827at4890.hmm	66589	1574253480	
busco_downloads/lineages/ascomycota_odb10/hmms/309891at4890.hmm	68914	1574253481	
busco_downloads/lineages/ascomycota_odb10/hmms/309896at4890.hmm	103788	1574253480	
busco_downloads/lineages/ascomycota_odb10/hmms/309975at4890.hmm	58219	1574253480	
busco_downloads/lineages/ascomycota_odb10/hmms/310157at4890.hmm	78213	1574253481	
busco_downloads/lineages/ascomycota_odb10/hmms/310289at4890.hmm	79609	1574253480	
busco_downloads/lineages/ascomycota_odb10/hmms/310390at4890.hmm	283279	1574253480	
busco_downloads/lineages/ascomycota_odb10/hmms/310395at4890.hmm	167029	1574253480	
busco_downloads/lineages/ascomycota_odb10/hmms/310634at4890.hmm	59614	1574253481	
busco_downloads/lineages/ascomycota_odb10/hmms/311160at4890.hmm	93559	1574253480	
busco_downloads/lineages/ascomycota_odb10/hmms/311257at4890.hmm	51244	1574253480	
busco_downloads/lineages/ascomycota_odb10/hmms/311291at4890.hmm	63334	1574253481	
busco_downloads/lineages/ascomycota_odb10/hmms/311374at4890.hmm	92629	1574253481	
busco_downloads/lineages/ascomycota_odb10/hmms/311589at4890.hmm	147499	1574253480	
busco_downloads/lineages/ascomycota_odb10/hmms/311612at4890.hmm	47524	1574253481	
busco_downloads/lineages/ascomycota_odb10/hmms/311656at4890.hmm	62404	1574253481	
busco_downloads/lineages/ascomycota_odb10/hmms/311663at4890.hmm	61009	1574253480	
busco_downloads/lineages/ascomycota_odb10/hmms/311839at4890.hmm	103324	1574253481	
busco_downloads/lineages/ascomycota_odb10/hmms/312008at4890.hmm	70773	1574253481	
busco_downloads/lineages/ascomycota_odb10/hmms/312009at4890.hmm	61008	1574253481	
busco_downloads/lineages/ascomycota_odb10/hmms/312115at4890.hmm	98674	1574253481	
busco_downloads/lineages/ascomycota_odb10/hmms/312366at4890.hmm	62404	1574253480	
busco_downloads/lineages/ascomycota_odb10/hmms/312384at4890.hmm	64264	1574253481	
busco_downloads/lineages/ascomycota_odb10/hmms/312391at4890.hmm	99604	1574253481	
busco_downloads/lineages/ascomycota_odb10/hmms/312415at4890.hmm	83329	1574253480	
busco_downloads/lineages/ascomycota_odb10/hmms/312537at4890.hmm	62404	1574253480	
busco_downloads/lineages/ascomycota_odb10/hmms/312795at4890.hmm	28923	1574253481	
busco_downloads/lineages/ascomycota_odb10/hmms/312873at4890.hmm	75889	1574253480	
busco_downloads/lineages/ascomycota_odb10/hmms/312932at4890.hmm	149824	1574253480	
busco_downloads/lineages/ascomycota_odb10/hmms/313077at4890.hmm	58684	1574253480	
busco_downloads/lineages/ascomycota_odb10/hmms/313137at4890.hmm	83329	1574253480	
busco_downloads/lineages/ascomycota_odb10/hmms/313251at4890.hmm	54963	1574253481	
busco_downloads/lineages/ascomycota_odb10/hmms/313359at4890.hmm	102859	1574253480	
busco_downloads/lineages/ascomycota_odb10/hmms/313444at4890.hmm	83793	1574253480	
busco_downloads/lineages/ascomycota_odb10/hmms/313598at4890.hmm	81934	1574253481	
busco_downloads/lineages/ascomycota_odb10/hmms/314055at4890.hmm	66589	1574253481	
busco_downloads/lineages/ascomycota_odb10/hmms/314098at4890.hmm	81469	1574253480	
busco_downloads/lineages/ascomycota_odb10/hmms/314370at4890.hmm	129829	1574253481	
busco_downloads/lineages/ascomycota_odb10/hmms/314374at4890.hmm	54499	1574253480	
busco_downloads/lineages/ascomycota_odb10/hmms/314822at4890.hmm	73564	1574253480	
busco_downloads/lineages/ascomycota_odb10/hmms/314881at4890.hmm	75424	1574253481	
busco_downloads/lineages/ascomycota_odb10/hmms/315057at4890.hmm	44268	1574253481	
busco_downloads/lineages/ascomycota_odb10/hmms/315202at4890.hmm	81934	1574253481	
busco_downloads/lineages/ascomycota_odb10/hmms/315211at4890.hmm	56358	1574253480	
busco_downloads/lineages/ascomycota_odb10/hmms/315720at4890.hmm	121924	1574253480	
busco_downloads/lineages/ascomycota_odb10/hmms/31573at4890.hmm	396273	1574253481	
busco_downloads/lineages/ascomycota_odb10/hmms/315892at4890.hmm	64263	1574253481	
busco_downloads/lineages/ascomycota_odb10/hmms/315918at4890.hmm	76353	1574253480	
busco_downloads/lineages/ascomycota_odb10/hmms/316493at4890.hmm	49849	1574253480	
busco_downloads/lineages/ascomycota_odb10/hmms/316513at4890.hmm	61939	1574253480	
busco_downloads/lineages/ascomycota_odb10/hmms/316857at4890.hmm	61939	1574253480	
busco_downloads/lineages/ascomycota_odb10/hmms/316956at4890.hmm	69844	1574253481	
busco_downloads/lineages/ascomycota_odb10/hmms/316963at4890.hmm	71239	1574253480	
busco_downloads/lineages/ascomycota_odb10/hmms/317125at4890.hmm	100069	1574253481	
busco_downloads/lineages/ascomycota_odb10/hmms/317397at4890.hmm	53104	1574253481	
busco_downloads/lineages/ascomycota_odb10/hmms/317748at4890.hmm	131688	1574253481	
busco_downloads/lineages/ascomycota_odb10/hmms/317878at4890.hmm	57754	1574253481	
busco_downloads/lineages/ascomycota_odb10/hmms/317960at4890.hmm	81934	1574253480	
busco_downloads/lineages/ascomycota_odb10/hmms/318131at4890.hmm	48919	1574253481	
busco_downloads/lineages/ascomycota_odb10/hmms/318167at4890.hmm	68449	1574253480	
busco_downloads/lineages/ascomycota_odb10/hmms/318169at4890.hmm	56824	1574253481	
busco_downloads/lineages/ascomycota_odb10/hmms/318300at4890.hmm	76354	1574253480	
busco_downloads/lineages/ascomycota_odb10/hmms/318408at4890.hmm	94954	1574253480	
busco_downloads/lineages/ascomycota_odb10/hmms/318894at4890.hmm	68914	1574253481	
busco_downloads/lineages/ascomycota_odb10/hmms/319004at4890.hmm	66589	1574253480	
busco_downloads/lineages/ascomycota_odb10/hmms/31904at4890.hmm	376743	1574253481	
busco_downloads/lineages/ascomycota_odb10/hmms/319139at4890.hmm	97278	1574253481	
busco_downloads/lineages/ascomycota_odb10/hmms/319470at4890.hmm	61938	1574253480	
busco_downloads/lineages/ascomycota_odb10/hmms/31952at4890.hmm	205158	1574253480	
busco_downloads/lineages/ascomycota_odb10/hmms/319645at4890.hmm	99604	1574253481	
busco_downloads/lineages/ascomycota_odb10/hmms/319656at4890.hmm	64727	1574253481	
busco_downloads/lineages/ascomycota_odb10/hmms/319673at4890.hmm	97744	1574253481	
busco_downloads/lineages/ascomycota_odb10/hmms/319777at4890.hmm	60544	1574253481	
busco_downloads/lineages/ascomycota_odb10/hmms/319819at4890.hmm	42872	1574253480	
busco_downloads/lineages/ascomycota_odb10/hmms/319865at4890.hmm	46593	1574253481	
busco_downloads/lineages/ascomycota_odb10/hmms/319964at4890.hmm	96349	1574253480	
busco_downloads/lineages/ascomycota_odb10/hmms/320265at4890.hmm	109369	1574253480	
busco_downloads/lineages/ascomycota_odb10/hmms/320321at4890.hmm	273979	1574253481	
busco_downloads/lineages/ascomycota_odb10/hmms/320558at4890.hmm	82864	1574253480	
busco_downloads/lineages/ascomycota_odb10/hmms/320824at4890.hmm	62404	1574253481	
busco_downloads/lineages/ascomycota_odb10/hmms/320889at4890.hmm	25203	1574253481	
busco_downloads/lineages/ascomycota_odb10/hmms/321013at4890.hmm	88909	1574253481	
busco_downloads/lineages/ascomycota_odb10/hmms/321038at4890.hmm	86118	1574253480	
busco_downloads/lineages/ascomycota_odb10/hmms/321041at4890.hmm	62404	1574253481	
busco_downloads/lineages/ascomycota_odb10/hmms/321052at4890.hmm	87048	1574253481	
busco_downloads/lineages/ascomycota_odb10/hmms/321114at4890.hmm	76819	1574253481	
busco_downloads/lineages/ascomycota_odb10/hmms/321647at4890.hmm	105649	1574253480	
busco_downloads/lineages/ascomycota_odb10/hmms/32165at4890.hmm	306063	1574253481	
busco_downloads/lineages/ascomycota_odb10/hmms/321757at4890.hmm	49384	1574253480	
busco_downloads/lineages/ascomycota_odb10/hmms/321905at4890.hmm	67054	1574253480	
busco_downloads/lineages/ascomycota_odb10/hmms/322024at4890.hmm	28458	1574253480	
busco_downloads/lineages/ascomycota_odb10/hmms/322166at4890.hmm	80539	1574253481	
busco_downloads/lineages/ascomycota_odb10/hmms/322265at4890.hmm	59148	1574253481	
busco_downloads/lineages/ascomycota_odb10/hmms/322668at4890.hmm	140988	1574253481	
busco_downloads/lineages/ascomycota_odb10/hmms/322758at4890.hmm	55894	1574253480	
busco_downloads/lineages/ascomycota_odb10/hmms/322849at4890.hmm	48453	1574253480	
busco_downloads/lineages/ascomycota_odb10/hmms/322875at4890.hmm	70309	1574253480	
busco_downloads/lineages/ascomycota_odb10/hmms/322923at4890.hmm	95419	1574253481	
busco_downloads/lineages/ascomycota_odb10/hmms/323180at4890.hmm	157729	1574253480	
busco_downloads/lineages/ascomycota_odb10/hmms/32318at4890.hmm	234918	1574253480	
busco_downloads/lineages/ascomycota_odb10/hmms/323508at4890.hmm	67054	1574253480	
busco_downloads/lineages/ascomycota_odb10/hmms/323569at4890.hmm	59149	1574253481	
busco_downloads/lineages/ascomycota_odb10/hmms/323671at4890.hmm	61939	1574253481	
busco_downloads/lineages/ascomycota_odb10/hmms/323682at4890.hmm	111694	1574253480	
busco_downloads/lineages/ascomycota_odb10/hmms/323797at4890.hmm	94489	1574253481	
busco_downloads/lineages/ascomycota_odb10/hmms/32390at4890.hmm	421847	1574253480	
busco_downloads/lineages/ascomycota_odb10/hmms/324453at4890.hmm	45663	1574253481	
busco_downloads/lineages/ascomycota_odb10/hmms/324491at4890.hmm	63333	1574253481	
busco_downloads/lineages/ascomycota_odb10/hmms/324506at4890.hmm	64264	1574253481	
busco_downloads/lineages/ascomycota_odb10/hmms/32451at4890.hmm	327452	1574253480	
busco_downloads/lineages/ascomycota_odb10/hmms/324670at4890.hmm	34503	1574253481	
busco_downloads/lineages/ascomycota_odb10/hmms/324704at4890.hmm	45198	1574253481	
busco_downloads/lineages/ascomycota_odb10/hmms/324765at4890.hmm	56359	1574253480	
busco_downloads/lineages/ascomycota_odb10/hmms/324852at4890.hmm	69379	1574253481	
busco_downloads/lineages/ascomycota_odb10/hmms/325096at4890.hmm	36827	1574253481	
busco_downloads/lineages/ascomycota_odb10/hmms/325204at4890.hmm	106114	1574253481	
busco_downloads/lineages/ascomycota_odb10/hmms/325336at4890.hmm	47524	1574253480	
busco_downloads/lineages/ascomycota_odb10/hmms/325518at4890.hmm	52639	1574253481	
busco_downloads/lineages/ascomycota_odb10/hmms/325601at4890.hmm	56824	1574253481	
busco_downloads/lineages/ascomycota_odb10/hmms/32568at4890.hmm	253052	1574253480	
busco_downloads/lineages/ascomycota_odb10/hmms/325753at4890.hmm	62404	1574253480	
busco_downloads/lineages/ascomycota_odb10/hmms/325861at4890.hmm	51244	1574253480	
busco_downloads/lineages/ascomycota_odb10/hmms/326049at4890.hmm	104253	1574253481	
busco_downloads/lineages/ascomycota_odb10/hmms/326325at4890.hmm	78679	1574253481	
busco_downloads/lineages/ascomycota_odb10/hmms/326359at4890.hmm	241428	1574253481	
busco_downloads/lineages/ascomycota_odb10/hmms/326438at4890.hmm	34502	1574253481	
busco_downloads/lineages/ascomycota_odb10/hmms/32643at4890.hmm	463697	1574253481	
busco_downloads/lineages/ascomycota_odb10/hmms/326651at4890.hmm	83793	1574253481	
busco_downloads/lineages/ascomycota_odb10/hmms/326848at4890.hmm	58684	1574253481	
busco_downloads/lineages/ascomycota_odb10/hmms/326957at4890.hmm	93558	1574253480	
busco_downloads/lineages/ascomycota_odb10/hmms/327049at4890.hmm	60079	1574253480	
busco_downloads/lineages/ascomycota_odb10/hmms/327191at4890.hmm	66122	1574253480	
busco_downloads/lineages/ascomycota_odb10/hmms/327639at4890.hmm	119598	1574253480	
busco_downloads/lineages/ascomycota_odb10/hmms/327771at4890.hmm	80539	1574253481	
busco_downloads/lineages/ascomycota_odb10/hmms/328128at4890.hmm	44733	1574253480	
busco_downloads/lineages/ascomycota_odb10/hmms/328156at4890.hmm	78214	1574253480	
busco_downloads/lineages/ascomycota_odb10/hmms/328157at4890.hmm	67984	1574253481	
busco_downloads/lineages/ascomycota_odb10/hmms/328495at4890.hmm	33573	1574253481	
busco_downloads/lineages/ascomycota_odb10/hmms/328578at4890.hmm	133548	1574253480	
busco_downloads/lineages/ascomycota_odb10/hmms/328585at4890.hmm	54498	1574253481	
busco_downloads/lineages/ascomycota_odb10/hmms/328729at4890.hmm	81003	1574253480	
busco_downloads/lineages/ascomycota_odb10/hmms/328885at4890.hmm	174004	1574253481	
busco_downloads/lineages/ascomycota_odb10/hmms/328957at4890.hmm	56823	1574253481	
busco_downloads/lineages/ascomycota_odb10/hmms/328980at4890.hmm	28458	1574253480	
busco_downloads/lineages/ascomycota_odb10/hmms/329005at4890.hmm	39152	1574253480	
busco_downloads/lineages/ascomycota_odb10/hmms/329029at4890.hmm	59149	1574253481	
busco_downloads/lineages/ascomycota_odb10/hmms/329106at4890.hmm	53569	1574253480	
busco_downloads/lineages/ascomycota_odb10/hmms/329365at4890.hmm	54034	1574253481	
busco_downloads/lineages/ascomycota_odb10/hmms/329601at4890.hmm	47058	1574253481	
busco_downloads/lineages/ascomycota_odb10/hmms/329638at4890.hmm	55894	1574253480	
busco_downloads/lineages/ascomycota_odb10/hmms/329665at4890.hmm	66124	1574253481	
busco_downloads/lineages/ascomycota_odb10/hmms/329745at4890.hmm	62868	1574253480	
busco_downloads/lineages/ascomycota_odb10/hmms/330192at4890.hmm	112624	1574253481	
busco_downloads/lineages/ascomycota_odb10/hmms/330342at4890.hmm	55429	1574253480	
busco_downloads/lineages/ascomycota_odb10/hmms/330398at4890.hmm	57289	1574253481	
busco_downloads/lineages/ascomycota_odb10/hmms/330751at4890.hmm	39153	1574253481	
busco_downloads/lineages/ascomycota_odb10/hmms/330776at4890.hmm	83329	1574253481	
busco_downloads/lineages/ascomycota_odb10/hmms/331084at4890.hmm	43338	1574253481	
busco_downloads/lineages/ascomycota_odb10/hmms/331531at4890.hmm	76819	1574253481	
busco_downloads/lineages/ascomycota_odb10/hmms/331536at4890.hmm	56824	1574253480	
busco_downloads/lineages/ascomycota_odb10/hmms/331635at4890.hmm	68448	1574253481	
busco_downloads/lineages/ascomycota_odb10/hmms/331712at4890.hmm	87979	1574253481	
busco_downloads/lineages/ascomycota_odb10/hmms/331726at4890.hmm	128899	1574253481	
busco_downloads/lineages/ascomycota_odb10/hmms/332332at4890.hmm	30783	1574253480	
busco_downloads/lineages/ascomycota_odb10/hmms/332474at4890.hmm	80538	1574253481	
busco_downloads/lineages/ascomycota_odb10/hmms/33285at4890.hmm	260493	1574253481	
busco_downloads/lineages/ascomycota_odb10/hmms/333118at4890.hmm	77284	1574253480	
busco_downloads/lineages/ascomycota_odb10/hmms/333361at4890.hmm	141919	1574253480	
busco_downloads/lineages/ascomycota_odb10/hmms/333650at4890.hmm	60544	1574253481	
busco_downloads/lineages/ascomycota_odb10/hmms/3339at4890.hmm	293507	1574253480	
busco_downloads/lineages/ascomycota_odb10/hmms/334166at4890.hmm	43338	1574253481	
busco_downloads/lineages/ascomycota_odb10/hmms/334169at4890.hmm	73099	1574253480	
busco_downloads/lineages/ascomycota_odb10/hmms/334197at4890.hmm	99139	1574253481	
busco_downloads/lineages/ascomycota_odb10/hmms/334310at4890.hmm	36827	1574253480	
busco_downloads/lineages/ascomycota_odb10/hmms/334360at4890.hmm	118669	1574253480	
busco_downloads/lineages/ascomycota_odb10/hmms/334382at4890.hmm	124249	1574253481	
busco_downloads/lineages/ascomycota_odb10/hmms/334403at4890.hmm	140524	1574253481	
busco_downloads/lineages/ascomycota_odb10/hmms/334427at4890.hmm	71704	1574253480	
busco_downloads/lineages/ascomycota_odb10/hmms/334516at4890.hmm	110298	1574253480	
busco_downloads/lineages/ascomycota_odb10/hmms/334524at4890.hmm	240034	1574253481	
busco_downloads/lineages/ascomycota_odb10/hmms/334859at4890.hmm	52174	1574253481	
busco_downloads/lineages/ascomycota_odb10/hmms/335047at4890.hmm	70309	1574253480	
busco_downloads/lineages/ascomycota_odb10/hmms/335075at4890.hmm	80539	1574253481	
busco_downloads/lineages/ascomycota_odb10/hmms/335212at4890.hmm	34037	1574253480	
busco_downloads/lineages/ascomycota_odb10/hmms/335252at4890.hmm	61008	1574253481	
busco_downloads/lineages/ascomycota_odb10/hmms/335327at4890.hmm	62868	1574253481	
busco_downloads/lineages/ascomycota_odb10/hmms/335381at4890.hmm	71239	1574253481	
busco_downloads/lineages/ascomycota_odb10/hmms/335567at4890.hmm	215854	1574253480	
busco_downloads/lineages/ascomycota_odb10/hmms/33573at4890.hmm	252588	1574253481	
busco_downloads/lineages/ascomycota_odb10/hmms/335754at4890.hmm	89374	1574253480	
busco_downloads/lineages/ascomycota_odb10/hmms/335819at4890.hmm	46593	1574253480	
busco_downloads/lineages/ascomycota_odb10/hmms/335915at4890.hmm	169819	1574253481	
busco_downloads/lineages/ascomycota_odb10/hmms/336163at4890.hmm	48454	1574253481	
busco_downloads/lineages/ascomycota_odb10/hmms/336470at4890.hmm	76819	1574253480	
busco_downloads/lineages/ascomycota_odb10/hmms/336688at4890.hmm	53104	1574253481	
busco_downloads/lineages/ascomycota_odb10/hmms/336752at4890.hmm	75424	1574253480	
busco_downloads/lineages/ascomycota_odb10/hmms/337000at4890.hmm	46592	1574253481	
busco_downloads/lineages/ascomycota_odb10/hmms/337069at4890.hmm	71239	1574253480	
busco_downloads/lineages/ascomycota_odb10/hmms/337083at4890.hmm	43338	1574253481	
busco_downloads/lineages/ascomycota_odb10/hmms/337193at4890.hmm	38223	1574253481	
busco_downloads/lineages/ascomycota_odb10/hmms/33752at4890.hmm	313037	1574253480	
busco_downloads/lineages/ascomycota_odb10/hmms/337574at4890.hmm	35898	1574253481	
busco_downloads/lineages/ascomycota_odb10/hmms/337838at4890.hmm	50779	1574253480	
busco_downloads/lineages/ascomycota_odb10/hmms/338117at4890.hmm	47057	1574253481	
busco_downloads/lineages/ascomycota_odb10/hmms/338203at4890.hmm	72167	1574253480	
busco_downloads/lineages/ascomycota_odb10/hmms/338471at4890.hmm	41478	1574253481	
busco_downloads/lineages/ascomycota_odb10/hmms/338949at4890.hmm	37758	1574253480	
busco_downloads/lineages/ascomycota_odb10/hmms/33896at4890.hmm	438587	1574253480	
busco_downloads/lineages/ascomycota_odb10/hmms/338973at4890.hmm	100999	1574253481	
busco_downloads/lineages/ascomycota_odb10/hmms/339122at4890.hmm	104718	1574253480	
busco_downloads/lineages/ascomycota_odb10/hmms/339153at4890.hmm	121923	1574253480	
busco_downloads/lineages/ascomycota_odb10/hmms/339653at4890.hmm	63334	1574253480	
busco_downloads/lineages/ascomycota_odb10/hmms/339851at4890.hmm	46128	1574253480	
busco_downloads/lineages/ascomycota_odb10/hmms/340003at4890.hmm	55894	1574253480	
busco_downloads/lineages/ascomycota_odb10/hmms/340258at4890.hmm	42873	1574253481	
busco_downloads/lineages/ascomycota_odb10/hmms/340547at4890.hmm	31713	1574253481	
busco_downloads/lineages/ascomycota_odb10/hmms/340599at4890.hmm	48919	1574253480	
busco_downloads/lineages/ascomycota_odb10/hmms/340783at4890.hmm	16834	1574253480	
busco_downloads/lineages/ascomycota_odb10/hmms/341003at4890.hmm	136804	1574253480	
busco_downloads/lineages/ascomycota_odb10/hmms/341074at4890.hmm	116344	1574253481	
busco_downloads/lineages/ascomycota_odb10/hmms/341623at4890.hmm	35433	1574253480	
busco_downloads/lineages/ascomycota_odb10/hmms/341666at4890.hmm	50314	1574253481	
busco_downloads/lineages/ascomycota_odb10/hmms/341736at4890.hmm	63334	1574253480	
busco_downloads/lineages/ascomycota_odb10/hmms/342038at4890.hmm	47524	1574253480	
busco_downloads/lineages/ascomycota_odb10/hmms/342062at4890.hmm	63798	1574253481	
busco_downloads/lineages/ascomycota_odb10/hmms/342489at4890.hmm	149824	1574253481	
busco_downloads/lineages/ascomycota_odb10/hmms/342703at4890.hmm	61009	1574253481	
busco_downloads/lineages/ascomycota_odb10/hmms/342746at4890.hmm	80539	1574253480	
busco_downloads/lineages/ascomycota_odb10/hmms/342781at4890.hmm	95417	1574253480	
busco_downloads/lineages/ascomycota_odb10/hmms/342805at4890.hmm	167959	1574253480	
busco_downloads/lineages/ascomycota_odb10/hmms/342829at4890.hmm	68449	1574253481	
busco_downloads/lineages/ascomycota_odb10/hmms/342950at4890.hmm	52174	1574253480	
busco_downloads/lineages/ascomycota_odb10/hmms/342958at4890.hmm	16832	1574253480	
busco_downloads/lineages/ascomycota_odb10/hmms/343143at4890.hmm	53569	1574253480	
busco_downloads/lineages/ascomycota_odb10/hmms/343173at4890.hmm	28923	1574253480	
busco_downloads/lineages/ascomycota_odb10/hmms/343291at4890.hmm	74494	1574253481	
busco_downloads/lineages/ascomycota_odb10/hmms/343339at4890.hmm	87514	1574253481	
busco_downloads/lineages/ascomycota_odb10/hmms/343384at4890.hmm	112624	1574253481	
busco_downloads/lineages/ascomycota_odb10/hmms/343388at4890.hmm	110763	1574253481	
busco_downloads/lineages/ascomycota_odb10/hmms/343742at4890.hmm	45663	1574253480	
busco_downloads/lineages/ascomycota_odb10/hmms/343810at4890.hmm	58684	1574253480	
busco_downloads/lineages/ascomycota_odb10/hmms/344023at4890.hmm	34968	1574253480	
busco_downloads/lineages/ascomycota_odb10/hmms/344030at4890.hmm	59149	1574253481	
busco_downloads/lineages/ascomycota_odb10/hmms/344199at4890.hmm	30782	1574253480	
busco_downloads/lineages/ascomycota_odb10/hmms/344310at4890.hmm	51244	1574253481	
busco_downloads/lineages/ascomycota_odb10/hmms/344357at4890.hmm	25667	1574253480	
busco_downloads/lineages/ascomycota_odb10/hmms/344403at4890.hmm	46593	1574253481	
busco_downloads/lineages/ascomycota_odb10/hmms/344448at4890.hmm	85654	1574253481	
busco_downloads/lineages/ascomycota_odb10/hmms/344492at4890.hmm	72634	1574253481	
busco_downloads/lineages/ascomycota_odb10/hmms/3444at4890.hmm	834303	1574253480	
busco_downloads/lineages/ascomycota_odb10/hmms/344512at4890.hmm	113554	1574253480	
busco_downloads/lineages/ascomycota_odb10/hmms/344656at4890.hmm	39617	1574253480	
busco_downloads/lineages/ascomycota_odb10/hmms/344753at4890.hmm	30318	1574253480	
busco_downloads/lineages/ascomycota_odb10/hmms/344908at4890.hmm	54499	1574253481	
busco_downloads/lineages/ascomycota_odb10/hmms/344931at4890.hmm	55894	1574253480	
busco_downloads/lineages/ascomycota_odb10/hmms/34502at4890.hmm	299552	1574253480	
busco_downloads/lineages/ascomycota_odb10/hmms/345038at4890.hmm	68448	1574253481	
busco_downloads/lineages/ascomycota_odb10/hmms/345065at4890.hmm	74493	1574253480	
busco_downloads/lineages/ascomycota_odb10/hmms/345647at4890.hmm	55429	1574253480	
busco_downloads/lineages/ascomycota_odb10/hmms/345866at4890.hmm	38688	1574253481	
busco_downloads/lineages/ascomycota_odb10/hmms/345932at4890.hmm	133083	1574253481	
busco_downloads/lineages/ascomycota_odb10/hmms/345985at4890.hmm	46128	1574253481	
busco_downloads/lineages/ascomycota_odb10/hmms/346088at4890.hmm	62868	1574253481	
busco_downloads/lineages/ascomycota_odb10/hmms/346367at4890.hmm	55429	1574253481	
busco_downloads/lineages/ascomycota_odb10/hmms/346709at4890.hmm	62404	1574253481	
busco_downloads/lineages/ascomycota_odb10/hmms/347131at4890.hmm	63798	1574253481	
busco_downloads/lineages/ascomycota_odb10/hmms/347717at4890.hmm	63799	1574253480	
busco_downloads/lineages/ascomycota_odb10/hmms/347878at4890.hmm	45662	1574253480	
busco_downloads/lineages/ascomycota_odb10/hmms/347969at4890.hmm	87979	1574253480	
busco_downloads/lineages/ascomycota_odb10/hmms/348137at4890.hmm	41943	1574253480	
busco_downloads/lineages/ascomycota_odb10/hmms/348370at4890.hmm	67519	1574253480	
busco_downloads/lineages/ascomycota_odb10/hmms/348491at4890.hmm	60078	1574253481	
busco_downloads/lineages/ascomycota_odb10/hmms/348581at4890.hmm	120529	1574253481	
busco_downloads/lineages/ascomycota_odb10/hmms/348590at4890.hmm	100999	1574253480	
busco_downloads/lineages/ascomycota_odb10/hmms/348702at4890.hmm	49384	1574253481	
busco_downloads/lineages/ascomycota_odb10/hmms/348758at4890.hmm	55894	1574253480	
busco_downloads/lineages/ascomycota_odb10/hmms/348766at4890.hmm	64264	1574253480	
busco_downloads/lineages/ascomycota_odb10/hmms/348860at4890.hmm	85654	1574253480	
busco_downloads/lineages/ascomycota_odb10/hmms/3488at4890.hmm	973802	1574253480	
busco_downloads/lineages/ascomycota_odb10/hmms/349202at4890.hmm	31713	1574253481	
busco_downloads/lineages/ascomycota_odb10/hmms/349224at4890.hmm	65194	1574253480	
busco_downloads/lineages/ascomycota_odb10/hmms/349251at4890.hmm	22878	1574253481	
busco_downloads/lineages/ascomycota_odb10/hmms/349327at4890.hmm	52639	1574253481	
busco_downloads/lineages/ascomycota_odb10/hmms/349475at4890.hmm	47524	1574253480	
busco_downloads/lineages/ascomycota_odb10/hmms/349680at4890.hmm	49849	1574253481	
busco_downloads/lineages/ascomycota_odb10/hmms/349683at4890.hmm	55894	1574253481	
busco_downloads/lineages/ascomycota_odb10/hmms/349891at4890.hmm	34968	1574253480	
busco_downloads/lineages/ascomycota_odb10/hmms/350097at4890.hmm	29388	1574253480	
busco_downloads/lineages/ascomycota_odb10/hmms/350170at4890.hmm	43803	1574253480	
busco_downloads/lineages/ascomycota_odb10/hmms/350378at4890.hmm	155869	1574253480	
busco_downloads/lineages/ascomycota_odb10/hmms/350404at4890.hmm	287463	1574253480	
busco_downloads/lineages/ascomycota_odb10/hmms/350470at4890.hmm	30318	1574253481	
busco_downloads/lineages/ascomycota_odb10/hmms/350506at4890.hmm	50778	1574253480	
busco_downloads/lineages/ascomycota_odb10/hmms/350523at4890.hmm	39152	1574253481	
busco_downloads/lineages/ascomycota_odb10/hmms/350525at4890.hmm	43338	1574253481	
busco_downloads/lineages/ascomycota_odb10/hmms/350575at4890.hmm	74959	1574253480	
busco_downloads/lineages/ascomycota_odb10/hmms/350610at4890.hmm	84724	1574253481	
busco_downloads/lineages/ascomycota_odb10/hmms/350796at4890.hmm	64264	1574253480	
busco_downloads/lineages/ascomycota_odb10/hmms/350969at4890.hmm	82863	1574253481	
busco_downloads/lineages/ascomycota_odb10/hmms/351030at4890.hmm	53104	1574253481	
busco_downloads/lineages/ascomycota_odb10/hmms/351366at4890.hmm	63334	1574253481	
busco_downloads/lineages/ascomycota_odb10/hmms/351447at4890.hmm	26597	1574253480	
busco_downloads/lineages/ascomycota_odb10/hmms/351502at4890.hmm	46593	1574253480	
busco_downloads/lineages/ascomycota_odb10/hmms/352405at4890.hmm	51244	1574253480	
busco_downloads/lineages/ascomycota_odb10/hmms/352677at4890.hmm	41012	1574253481	
busco_downloads/lineages/ascomycota_odb10/hmms/352787at4890.hmm	53104	1574253481	
busco_downloads/lineages/ascomycota_odb10/hmms/352974at4890.hmm	33108	1574253480	
busco_downloads/lineages/ascomycota_odb10/hmms/352985at4890.hmm	30783	1574253480	
busco_downloads/lineages/ascomycota_odb10/hmms/353129at4890.hmm	33108	1574253480	
busco_downloads/lineages/ascomycota_odb10/hmms/353282at4890.hmm	47524	1574253480	
busco_downloads/lineages/ascomycota_odb10/hmms/353763at4890.hmm	52174	1574253480	
busco_downloads/lineages/ascomycota_odb10/hmms/354140at4890.hmm	93093	1574253481	
busco_downloads/lineages/ascomycota_odb10/hmms/354150at4890.hmm	60078	1574253480	
busco_downloads/lineages/ascomycota_odb10/hmms/354684at4890.hmm	27993	1574253481	
busco_downloads/lineages/ascomycota_odb10/hmms/354714at4890.hmm	47524	1574253481	
busco_downloads/lineages/ascomycota_odb10/hmms/354771at4890.hmm	80073	1574253480	
busco_downloads/lineages/ascomycota_odb10/hmms/354788at4890.hmm	48454	1574253480	
busco_downloads/lineages/ascomycota_odb10/hmms/354830at4890.hmm	44733	1574253480	
busco_downloads/lineages/ascomycota_odb10/hmms/355209at4890.hmm	62869	1574253480	
busco_downloads/lineages/ascomycota_odb10/hmms/355369at4890.hmm	28458	1574253480	
busco_downloads/lineages/ascomycota_odb10/hmms/355402at4890.hmm	43803	1574253481	
busco_downloads/lineages/ascomycota_odb10/hmms/355693at4890.hmm	67519	1574253481	
busco_downloads/lineages/ascomycota_odb10/hmms/3557at4890.hmm	666438	1574253481	
busco_downloads/lineages/ascomycota_odb10/hmms/356170at4890.hmm	45198	1574253480	
busco_downloads/lineages/ascomycota_odb10/hmms/35625at4890.hmm	223291	1574253480	
busco_downloads/lineages/ascomycota_odb10/hmms/356381at4890.hmm	52639	1574253481	
busco_downloads/lineages/ascomycota_odb10/hmms/356564at4890.hmm	116808	1574253481	
busco_downloads/lineages/ascomycota_odb10/hmms/356833at4890.hmm	31247	1574253481	
busco_downloads/lineages/ascomycota_odb10/hmms/356998at4890.hmm	37758	1574253480	
busco_downloads/lineages/ascomycota_odb10/hmms/357056at4890.hmm	27528	1574253480	
busco_downloads/lineages/ascomycota_odb10/hmms/357107at4890.hmm	33107	1574253480	
busco_downloads/lineages/ascomycota_odb10/hmms/357202at4890.hmm	103789	1574253480	
busco_downloads/lineages/ascomycota_odb10/hmms/357539at4890.hmm	28923	1574253480	
busco_downloads/lineages/ascomycota_odb10/hmms/357964at4890.hmm	28923	1574253480	
busco_downloads/lineages/ascomycota_odb10/hmms/358005at4890.hmm	76353	1574253480	
busco_downloads/lineages/ascomycota_odb10/hmms/358295at4890.hmm	58218	1574253481	
busco_downloads/lineages/ascomycota_odb10/hmms/358349at4890.hmm	72168	1574253480	
busco_downloads/lineages/ascomycota_odb10/hmms/358354at4890.hmm	86118	1574253481	
busco_downloads/lineages/ascomycota_odb10/hmms/358582at4890.hmm	107508	1574253481	
busco_downloads/lineages/ascomycota_odb10/hmms/359041at4890.hmm	49849	1574253481	
busco_downloads/lineages/ascomycota_odb10/hmms/359042at4890.hmm	37757	1574253480	
busco_downloads/lineages/ascomycota_odb10/hmms/359423at4890.hmm	79144	1574253481	
busco_downloads/lineages/ascomycota_odb10/hmms/359882at4890.hmm	41943	1574253481	
busco_downloads/lineages/ascomycota_odb10/hmms/360315at4890.hmm	50314	1574253481	
busco_downloads/lineages/ascomycota_odb10/hmms/360433at4890.hmm	34038	1574253480	
busco_downloads/lineages/ascomycota_odb10/hmms/360620at4890.hmm	80073	1574253480	
busco_downloads/lineages/ascomycota_odb10/hmms/360850at4890.hmm	72169	1574253480	
busco_downloads/lineages/ascomycota_odb10/hmms/36099at4890.hmm	387903	1574253481	
busco_downloads/lineages/ascomycota_odb10/hmms/36111at4890.hmm	429752	1574253480	
busco_downloads/lineages/ascomycota_odb10/hmms/361585at4890.hmm	122854	1574253481	
busco_downloads/lineages/ascomycota_odb10/hmms/361694at4890.hmm	28458	1574253480	
busco_downloads/lineages/ascomycota_odb10/hmms/361712at4890.hmm	38688	1574253481	
busco_downloads/lineages/ascomycota_odb10/hmms/361750at4890.hmm	44268	1574253481	
busco_downloads/lineages/ascomycota_odb10/hmms/362636at4890.hmm	133084	1574253481	
busco_downloads/lineages/ascomycota_odb10/hmms/363609at4890.hmm	33108	1574253481	
busco_downloads/lineages/ascomycota_odb10/hmms/363996at4890.hmm	31713	1574253481	
busco_downloads/lineages/ascomycota_odb10/hmms/364351at4890.hmm	38688	1574253480	
busco_downloads/lineages/ascomycota_odb10/hmms/364500at4890.hmm	110299	1574253480	
busco_downloads/lineages/ascomycota_odb10/hmms/364928at4890.hmm	75889	1574253481	
busco_downloads/lineages/ascomycota_odb10/hmms/364986at4890.hmm	65194	1574253480	
busco_downloads/lineages/ascomycota_odb10/hmms/365175at4890.hmm	37292	1574253480	
busco_downloads/lineages/ascomycota_odb10/hmms/365705at4890.hmm	32178	1574253480	
busco_downloads/lineages/ascomycota_odb10/hmms/36572at4890.hmm	299087	1574253480	
busco_downloads/lineages/ascomycota_odb10/hmms/365938at4890.hmm	63334	1574253480	
busco_downloads/lineages/ascomycota_odb10/hmms/366582at4890.hmm	39618	1574253480	
busco_downloads/lineages/ascomycota_odb10/hmms/36728at4890.hmm	320478	1574253480	
busco_downloads/lineages/ascomycota_odb10/hmms/367811at4890.hmm	44733	1574253480	
busco_downloads/lineages/ascomycota_odb10/hmms/36835at4890.hmm	244217	1574253481	
busco_downloads/lineages/ascomycota_odb10/hmms/368462at4890.hmm	21482	1574253481	
busco_downloads/lineages/ascomycota_odb10/hmms/36866at4890.hmm	307457	1574253480	
busco_downloads/lineages/ascomycota_odb10/hmms/369578at4890.hmm	31713	1574253480	
busco_downloads/lineages/ascomycota_odb10/hmms/369764at4890.hmm	47058	1574253481	
busco_downloads/lineages/ascomycota_odb10/hmms/370169at4890.hmm	27993	1574253481	
busco_downloads/lineages/ascomycota_odb10/hmms/37228at4890.hmm	333497	1574253481	
busco_downloads/lineages/ascomycota_odb10/hmms/37253at4890.hmm	278628	1574253481	
busco_downloads/lineages/ascomycota_odb10/hmms/37491at4890.hmm	354423	1574253481	
busco_downloads/lineages/ascomycota_odb10/hmms/377at4890.hmm	1586207	1574253480	
busco_downloads/lineages/ascomycota_odb10/hmms/37846at4890.hmm	231198	1574253481	
busco_downloads/lineages/ascomycota_odb10/hmms/38057at4890.hmm	101462	1574253480	
busco_downloads/lineages/ascomycota_odb10/hmms/38423at4890.hmm	92627	1574253481	
busco_downloads/lineages/ascomycota_odb10/hmms/38468at4890.hmm	379997	1574253480	
busco_downloads/lineages/ascomycota_odb10/hmms/38520at4890.hmm	215388	1574253481	
busco_downloads/lineages/ascomycota_odb10/hmms/39029at4890.hmm	267003	1574253480	
busco_downloads/lineages/ascomycota_odb10/hmms/39044at4890.hmm	429753	1574253481	
busco_downloads/lineages/ascomycota_odb10/hmms/39224at4890.hmm	178188	1574253480	
busco_downloads/lineages/ascomycota_odb10/hmms/39569at4890.hmm	389298	1574253481	
busco_downloads/lineages/ascomycota_odb10/hmms/39674at4890.hmm	253518	1574253481	
busco_downloads/lineages/ascomycota_odb10/hmms/3995at4890.hmm	630168	1574253481	
busco_downloads/lineages/ascomycota_odb10/hmms/40467at4890.hmm	397203	1574253481	
busco_downloads/lineages/ascomycota_odb10/hmms/40894at4890.hmm	269328	1574253481	
busco_downloads/lineages/ascomycota_odb10/hmms/41247at4890.hmm	226083	1574253480	
busco_downloads/lineages/ascomycota_odb10/hmms/41281at4890.hmm	461838	1574253481	
busco_downloads/lineages/ascomycota_odb10/hmms/41503at4890.hmm	288393	1574253481	
busco_downloads/lineages/ascomycota_odb10/hmms/41512at4890.hmm	466024	1574253481	
busco_downloads/lineages/ascomycota_odb10/hmms/41603at4890.hmm	479973	1574253480	
busco_downloads/lineages/ascomycota_odb10/hmms/4161at4890.hmm	258167	1574253481	
busco_downloads/lineages/ascomycota_odb10/hmms/41954at4890.hmm	559954	1574253480	
busco_downloads/lineages/ascomycota_odb10/hmms/42525at4890.hmm	258632	1574253480	
busco_downloads/lineages/ascomycota_odb10/hmms/42646at4890.hmm	379533	1574253480	
busco_downloads/lineages/ascomycota_odb10/hmms/42727at4890.hmm	207483	1574253480	
busco_downloads/lineages/ascomycota_odb10/hmms/42840at4890.hmm	176326	1574253481	
busco_downloads/lineages/ascomycota_odb10/hmms/4344at4890.hmm	288392	1574253481	
busco_downloads/lineages/ascomycota_odb10/hmms/43781at4890.hmm	409756	1574253481	
busco_downloads/lineages/ascomycota_odb10/hmms/43988at4890.hmm	289788	1574253481	
busco_downloads/lineages/ascomycota_odb10/hmms/44015at4890.hmm	473463	1574253480	
busco_downloads/lineages/ascomycota_odb10/hmms/44600at4890.hmm	213993	1574253480	
busco_downloads/lineages/ascomycota_odb10/hmms/4479at4890.hmm	547398	1574253481	
busco_downloads/lineages/ascomycota_odb10/hmms/44808at4890.hmm	429287	1574253480	
busco_downloads/lineages/ascomycota_odb10/hmms/44813at4890.hmm	652954	1574253481	
busco_downloads/lineages/ascomycota_odb10/hmms/45291at4890.hmm	347913	1574253481	
busco_downloads/lineages/ascomycota_odb10/hmms/45805at4890.hmm	149358	1574253481	
busco_downloads/lineages/ascomycota_odb10/hmms/45816at4890.hmm	315363	1574253481	
busco_downloads/lineages/ascomycota_odb10/hmms/46779at4890.hmm	363257	1574253481	
busco_downloads/lineages/ascomycota_odb10/hmms/47040at4890.hmm	220968	1574253481	
busco_downloads/lineages/ascomycota_odb10/hmms/47289at4890.hmm	595759	1574253481	
busco_downloads/lineages/ascomycota_odb10/hmms/47615at4890.hmm	308853	1574253481	
busco_downloads/lineages/ascomycota_odb10/hmms/47833at4890.hmm	319548	1574253480	
busco_downloads/lineages/ascomycota_odb10/hmms/47850at4890.hmm	346053	1574253481	
busco_downloads/lineages/ascomycota_odb10/hmms/47936at4890.hmm	285138	1574253481	
busco_downloads/lineages/ascomycota_odb10/hmms/48378at4890.hmm	260958	1574253480	
busco_downloads/lineages/ascomycota_odb10/hmms/49374at4890.hmm	225616	1574253481	
busco_downloads/lineages/ascomycota_odb10/hmms/49514at4890.hmm	285138	1574253480	
busco_downloads/lineages/ascomycota_odb10/hmms/4961at4890.hmm	405572	1574253480	
busco_downloads/lineages/ascomycota_odb10/hmms/49638at4890.hmm	250263	1574253481	
busco_downloads/lineages/ascomycota_odb10/hmms/50101at4890.hmm	260493	1574253480	
busco_downloads/lineages/ascomycota_odb10/hmms/50104at4890.hmm	170282	1574253481	
busco_downloads/lineages/ascomycota_odb10/hmms/504at4890.hmm	1193281	1574253480	
busco_downloads/lineages/ascomycota_odb10/hmms/51710at4890.hmm	401851	1574253480	
busco_downloads/lineages/ascomycota_odb10/hmms/5198at4890.hmm	499968	1574253481	
busco_downloads/lineages/ascomycota_odb10/hmms/52334at4890.hmm	259098	1574253481	
busco_downloads/lineages/ascomycota_odb10/hmms/52465at4890.hmm	246077	1574253480	
busco_downloads/lineages/ascomycota_odb10/hmms/52721at4890.hmm	399527	1574253481	
busco_downloads/lineages/ascomycota_odb10/hmms/52792at4890.hmm	282812	1574253480	
busco_downloads/lineages/ascomycota_odb10/hmms/53283at4890.hmm	273047	1574253481	
busco_downloads/lineages/ascomycota_odb10/hmms/5330at4890.hmm	493456	1574253480	
busco_downloads/lineages/ascomycota_odb10/hmms/53410at4890.hmm	217247	1574253481	
busco_downloads/lineages/ascomycota_odb10/hmms/53619at4890.hmm	207018	1574253481	
busco_downloads/lineages/ascomycota_odb10/hmms/55228at4890.hmm	379998	1574253481	
busco_downloads/lineages/ascomycota_odb10/hmms/55323at4890.hmm	293043	1574253481	
busco_downloads/lineages/ascomycota_odb10/hmms/55629at4890.hmm	203298	1574253481	
busco_downloads/lineages/ascomycota_odb10/hmms/5596at4890.hmm	337682	1574253481	
busco_downloads/lineages/ascomycota_odb10/hmms/56049at4890.hmm	220967	1574253481	
busco_downloads/lineages/ascomycota_odb10/hmms/56094at4890.hmm	251658	1574253480	
busco_downloads/lineages/ascomycota_odb10/hmms/56236at4890.hmm	184697	1574253481	
busco_downloads/lineages/ascomycota_odb10/hmms/56260at4890.hmm	262818	1574253481	
busco_downloads/lineages/ascomycota_odb10/hmms/56303at4890.hmm	181443	1574253481	
busco_downloads/lineages/ascomycota_odb10/hmms/56355at4890.hmm	291647	1574253480	
busco_downloads/lineages/ascomycota_odb10/hmms/56665at4890.hmm	322338	1574253481	
busco_downloads/lineages/ascomycota_odb10/hmms/57264at4890.hmm	199113	1574253480	
busco_downloads/lineages/ascomycota_odb10/hmms/57496at4890.hmm	347913	1574253481	
busco_downloads/lineages/ascomycota_odb10/hmms/58801at4890.hmm	230267	1574253481	
busco_downloads/lineages/ascomycota_odb10/hmms/59024at4890.hmm	203298	1574253481	
busco_downloads/lineages/ascomycota_odb10/hmms/59338at4890.hmm	261423	1574253481	
busco_downloads/lineages/ascomycota_odb10/hmms/59607at4890.hmm	326523	1574253480	
busco_downloads/lineages/ascomycota_odb10/hmms/59710at4890.hmm	345588	1574253480	
busco_downloads/lineages/ascomycota_odb10/hmms/59819at4890.hmm	167028	1574253480	
busco_downloads/lineages/ascomycota_odb10/hmms/59995at4890.hmm	365118	1574253481	
busco_downloads/lineages/ascomycota_odb10/hmms/60145at4890.hmm	227478	1574253480	
busco_downloads/lineages/ascomycota_odb10/hmms/60152at4890.hmm	145173	1574253481	
busco_downloads/lineages/ascomycota_odb10/hmms/6019at4890.hmm	488343	1574253480	
busco_downloads/lineages/ascomycota_odb10/hmms/60346at4890.hmm	316293	1574253480	
busco_downloads/lineages/ascomycota_odb10/hmms/60739at4890.hmm	269327	1574253481	
busco_downloads/lineages/ascomycota_odb10/hmms/60875at4890.hmm	223293	1574253480	
busco_downloads/lineages/ascomycota_odb10/hmms/61292at4890.hmm	123318	1574253481	
busco_downloads/lineages/ascomycota_odb10/hmms/61371at4890.hmm	380463	1574253481	
busco_downloads/lineages/ascomycota_odb10/hmms/61611at4890.hmm	119598	1574253481	
busco_downloads/lineages/ascomycota_odb10/hmms/61824at4890.hmm	198648	1574253481	
busco_downloads/lineages/ascomycota_odb10/hmms/61904at4890.hmm	233058	1574253481	
busco_downloads/lineages/ascomycota_odb10/hmms/62381at4890.hmm	176792	1574253480	
busco_downloads/lineages/ascomycota_odb10/hmms/6263at4890.hmm	840348	1574253481	
busco_downloads/lineages/ascomycota_odb10/hmms/62803at4890.hmm	601339	1574253481	
busco_downloads/lineages/ascomycota_odb10/hmms/62977at4890.hmm	260028	1574253481	
busco_downloads/lineages/ascomycota_odb10/hmms/63541at4890.hmm	107042	1574253480	
busco_downloads/lineages/ascomycota_odb10/hmms/6355at4890.hmm	432541	1574253480	
busco_downloads/lineages/ascomycota_odb10/hmms/63664at4890.hmm	356283	1574253481	
busco_downloads/lineages/ascomycota_odb10/hmms/63919at4890.hmm	266538	1574253481	
busco_downloads/lineages/ascomycota_odb10/hmms/64079at4890.hmm	258633	1574253480	
busco_downloads/lineages/ascomycota_odb10/hmms/64489at4890.hmm	172142	1574253481	
busco_downloads/lineages/ascomycota_odb10/hmms/64534at4890.hmm	332102	1574253480	
busco_downloads/lineages/ascomycota_odb10/hmms/64595at4890.hmm	203298	1574253480	
busco_downloads/lineages/ascomycota_odb10/hmms/65149at4890.hmm	246078	1574253480	
busco_downloads/lineages/ascomycota_odb10/hmms/65695at4890.hmm	171213	1574253481	
busco_downloads/lineages/ascomycota_odb10/hmms/65698at4890.hmm	399063	1574253481	
busco_downloads/lineages/ascomycota_odb10/hmms/65701at4890.hmm	281416	1574253481	
busco_downloads/lineages/ascomycota_odb10/hmms/65709at4890.hmm	447423	1574253480	
busco_downloads/lineages/ascomycota_odb10/hmms/65915at4890.hmm	218177	1574253481	
busco_downloads/lineages/ascomycota_odb10/hmms/66003at4890.hmm	227013	1574253480	
busco_downloads/lineages/ascomycota_odb10/hmms/66083at4890.hmm	241893	1574253481	
busco_downloads/lineages/ascomycota_odb10/hmms/66172at4890.hmm	276303	1574253480	
busco_downloads/lineages/ascomycota_odb10/hmms/66756at4890.hmm	241893	1574253480	
busco_downloads/lineages/ascomycota_odb10/hmms/66917at4890.hmm	210738	1574253480	
busco_downloads/lineages/ascomycota_odb10/hmms/66933at4890.hmm	216783	1574253480	
busco_downloads/lineages/ascomycota_odb10/hmms/67529at4890.hmm	176328	1574253481	
busco_downloads/lineages/ascomycota_odb10/hmms/67571at4890.hmm	314433	1574253481	
busco_downloads/lineages/ascomycota_odb10/hmms/68050at4890.hmm	216317	1574253480	
busco_downloads/lineages/ascomycota_odb10/hmms/68422at4890.hmm	230733	1574253480	
busco_downloads/lineages/ascomycota_odb10/hmms/69023at4890.hmm	276766	1574253480	
busco_downloads/lineages/ascomycota_odb10/hmms/69345at4890.hmm	365583	1574253481	
busco_downloads/lineages/ascomycota_odb10/hmms/69897at4890.hmm	185161	1574253480	
busco_downloads/lineages/ascomycota_odb10/hmms/6990at4890.hmm	610173	1574253480	
busco_downloads/lineages/ascomycota_odb10/hmms/70698at4890.hmm	214458	1574253480	
busco_downloads/lineages/ascomycota_odb10/hmms/70967at4890.hmm	147497	1574253481	
busco_downloads/lineages/ascomycota_odb10/hmms/72314at4890.hmm	290253	1574253481	
busco_downloads/lineages/ascomycota_odb10/hmms/72334at4890.hmm	258168	1574253481	
busco_downloads/lineages/ascomycota_odb10/hmms/72508at4890.hmm	203763	1574253481	
busco_downloads/lineages/ascomycota_odb10/hmms/72653at4890.hmm	202833	1574253481	
busco_downloads/lineages/ascomycota_odb10/hmms/73214at4890.hmm	297693	1574253481	
busco_downloads/lineages/ascomycota_odb10/hmms/73698at4890.hmm	374883	1574253480	
busco_downloads/lineages/ascomycota_odb10/hmms/73707at4890.hmm	262353	1574253480	
busco_downloads/lineages/ascomycota_odb10/hmms/74385at4890.hmm	206088	1574253480	
busco_downloads/lineages/ascomycota_odb10/hmms/74594at4890.hmm	356748	1574253481	
busco_downloads/lineages/ascomycota_odb10/hmms/7497at4890.hmm	367907	1574253480	
busco_downloads/lineages/ascomycota_odb10/hmms/75364at4890.hmm	212598	1574253480	
busco_downloads/lineages/ascomycota_odb10/hmms/75898at4890.hmm	305598	1574253480	
busco_downloads/lineages/ascomycota_odb10/hmms/75906at4890.hmm	282347	1574253481	
busco_downloads/lineages/ascomycota_odb10/hmms/75940at4890.hmm	200043	1574253480	
busco_downloads/lineages/ascomycota_odb10/hmms/76103at4890.hmm	183767	1574253481	
busco_downloads/lineages/ascomycota_odb10/hmms/7647at4890.hmm	387901	1574253480	
busco_downloads/lineages/ascomycota_odb10/hmms/76980at4890.hmm	191208	1574253480	
busco_downloads/lineages/ascomycota_odb10/hmms/78062at4890.hmm	174933	1574253481	
busco_downloads/lineages/ascomycota_odb10/hmms/78159at4890.hmm	186093	1574253480	
busco_downloads/lineages/ascomycota_odb10/hmms/78352at4890.hmm	233058	1574253480	
busco_downloads/lineages/ascomycota_odb10/hmms/78473at4890.hmm	271653	1574253481	
busco_downloads/lineages/ascomycota_odb10/hmms/78494at4890.hmm	91233	1574253480	
busco_downloads/lineages/ascomycota_odb10/hmms/78526at4890.hmm	644119	1574253480	
busco_downloads/lineages/ascomycota_odb10/hmms/78644at4890.hmm	252587	1574253480	
busco_downloads/lineages/ascomycota_odb10/hmms/79092at4890.hmm	279558	1574253481	
busco_downloads/lineages/ascomycota_odb10/hmms/79105at4890.hmm	165168	1574253481	
busco_downloads/lineages/ascomycota_odb10/hmms/79456at4890.hmm	237708	1574253481	
busco_downloads/lineages/ascomycota_odb10/hmms/79605at4890.hmm	227012	1574253481	
busco_downloads/lineages/ascomycota_odb10/hmms/79847at4890.hmm	197253	1574253480	
busco_downloads/lineages/ascomycota_odb10/hmms/79863at4890.hmm	146568	1574253481	
busco_downloads/lineages/ascomycota_odb10/hmms/80824at4890.hmm	238173	1574253481	
busco_downloads/lineages/ascomycota_odb10/hmms/80877at4890.hmm	334893	1574253481	
busco_downloads/lineages/ascomycota_odb10/hmms/81261at4890.hmm	194927	1574253481	
busco_downloads/lineages/ascomycota_odb10/hmms/81484at4890.hmm	245147	1574253480	
busco_downloads/lineages/ascomycota_odb10/hmms/81642at4890.hmm	168888	1574253481	
busco_downloads/lineages/ascomycota_odb10/hmms/81681at4890.hmm	205157	1574253480	
busco_downloads/lineages/ascomycota_odb10/hmms/81880at4890.hmm	251193	1574253481	
busco_downloads/lineages/ascomycota_odb10/hmms/82018at4890.hmm	221898	1574253481	
busco_downloads/lineages/ascomycota_odb10/hmms/82400at4890.hmm	216318	1574253481	
busco_downloads/lineages/ascomycota_odb10/hmms/83098at4890.hmm	578089	1574253480	
busco_downloads/lineages/ascomycota_odb10/hmms/83120at4890.hmm	246078	1574253480	
busco_downloads/lineages/ascomycota_odb10/hmms/8339at4890.hmm	415336	1574253481	
busco_downloads/lineages/ascomycota_odb10/hmms/8345at4890.hmm	469743	1574253481	
busco_downloads/lineages/ascomycota_odb10/hmms/83773at4890.hmm	276768	1574253480	
busco_downloads/lineages/ascomycota_odb10/hmms/83901at4890.hmm	172608	1574253480	
busco_downloads/lineages/ascomycota_odb10/hmms/84105at4890.hmm	140523	1574253480	
busco_downloads/lineages/ascomycota_odb10/hmms/84488at4890.hmm	446493	1574253480	
busco_downloads/lineages/ascomycota_odb10/hmms/8502at4890.hmm	409291	1574253480	
busco_downloads/lineages/ascomycota_odb10/hmms/85057at4890.hmm	231198	1574253481	
busco_downloads/lineages/ascomycota_odb10/hmms/85232at4890.hmm	182837	1574253480	
busco_downloads/lineages/ascomycota_odb10/hmms/85315at4890.hmm	239103	1574253481	
busco_downloads/lineages/ascomycota_odb10/hmms/85375at4890.hmm	210273	1574253480	
busco_downloads/lineages/ascomycota_odb10/hmms/85474at4890.hmm	254911	1574253481	
busco_downloads/lineages/ascomycota_odb10/hmms/85711at4890.hmm	331638	1574253481	
busco_downloads/lineages/ascomycota_odb10/hmms/86427at4890.hmm	223293	1574253481	
busco_downloads/lineages/ascomycota_odb10/hmms/87211at4890.hmm	170283	1574253480	
busco_downloads/lineages/ascomycota_odb10/hmms/87743at4890.hmm	278162	1574253480	
busco_downloads/lineages/ascomycota_odb10/hmms/8809at4890.hmm	670623	1574253480	
busco_downloads/lineages/ascomycota_odb10/hmms/88165at4890.hmm	210738	1574253481	
busco_downloads/lineages/ascomycota_odb10/hmms/8846at4890.hmm	467418	1574253481	
busco_downloads/lineages/ascomycota_odb10/hmms/89071at4890.hmm	226548	1574253480	
busco_downloads/lineages/ascomycota_odb10/hmms/89450at4890.hmm	206087	1574253481	
busco_downloads/lineages/ascomycota_odb10/hmms/89519at4890.hmm	215388	1574253481	
busco_downloads/lineages/ascomycota_odb10/hmms/89647at4890.hmm	215388	1574253480	
busco_downloads/lineages/ascomycota_odb10/hmms/90145at4890.hmm	196788	1574253480	
busco_downloads/lineages/ascomycota_odb10/hmms/90764at4890.hmm	423707	1574253481	
busco_downloads/lineages/ascomycota_odb10/hmms/90850at4890.hmm	270723	1574253481	
busco_downloads/lineages/ascomycota_odb10/hmms/91438at4890.hmm	135873	1574253481	
busco_downloads/lineages/ascomycota_odb10/hmms/91633at4890.hmm	207948	1574253481	
busco_downloads/lineages/ascomycota_odb10/hmms/91870at4890.hmm	211203	1574253481	
busco_downloads/lineages/ascomycota_odb10/hmms/92169at4890.hmm	253518	1574253480	
busco_downloads/lineages/ascomycota_odb10/hmms/92851at4890.hmm	222828	1574253481	
busco_downloads/lineages/ascomycota_odb10/hmms/92953at4890.hmm	198183	1574253480	
busco_downloads/lineages/ascomycota_odb10/hmms/9309at4890.hmm	544143	1574253480	
busco_downloads/lineages/ascomycota_odb10/hmms/93274at4890.hmm	66588	1574253480	
busco_downloads/lineages/ascomycota_odb10/hmms/93299at4890.hmm	227013	1574253480	
busco_downloads/lineages/ascomycota_odb10/hmms/93380at4890.hmm	350703	1574253480	
busco_downloads/lineages/ascomycota_odb10/hmms/93921at4890.hmm	195858	1574253481	
busco_downloads/lineages/ascomycota_odb10/hmms/94048at4890.hmm	157728	1574253481	
busco_downloads/lineages/ascomycota_odb10/hmms/94131at4890.hmm	180048	1574253481	
busco_downloads/lineages/ascomycota_odb10/hmms/94133at4890.hmm	239103	1574253481	
busco_downloads/lineages/ascomycota_odb10/hmms/94241at4890.hmm	300018	1574253480	
busco_downloads/lineages/ascomycota_odb10/hmms/94517at4890.hmm	277698	1574253480	
busco_downloads/lineages/ascomycota_odb10/hmms/9453at4890.hmm	120062	1574253480	
busco_downloads/lineages/ascomycota_odb10/hmms/94700at4890.hmm	226548	1574253480	
busco_downloads/lineages/ascomycota_odb10/hmms/95526at4890.hmm	464163	1574253481	
busco_downloads/lineages/ascomycota_odb10/hmms/96051at4890.hmm	285138	1574253481	
busco_downloads/lineages/ascomycota_odb10/hmms/96101at4890.hmm	191208	1574253480	
busco_downloads/lineages/ascomycota_odb10/hmms/96539at4890.hmm	350703	1574253480	
busco_downloads/lineages/ascomycota_odb10/hmms/96550at4890.hmm	524614	1574253480	
busco_downloads/lineages/ascomycota_odb10/hmms/9673at4890.hmm	444632	1574253481	
busco_downloads/lineages/ascomycota_odb10/hmms/96752at4890.hmm	185628	1574253480	
busco_downloads/lineages/ascomycota_odb10/hmms/9707at4890.hmm	375346	1574253480	
busco_downloads/lineages/ascomycota_odb10/hmms/97408at4890.hmm	232128	1574253480	
busco_downloads/lineages/ascomycota_odb10/hmms/97889at4890.hmm	246543	1574253481	
busco_downloads/lineages/ascomycota_odb10/hmms/98141at4890.hmm	251193	1574253480	
busco_downloads/lineages/ascomycota_odb10/hmms/98184at4890.hmm	278163	1574253481	
busco_downloads/lineages/ascomycota_odb10/hmms/98628at4890.hmm	211667	1574253480	
busco_downloads/lineages/ascomycota_odb10/hmms/98715at4890.hmm	210272	1574253480	
busco_downloads/lineages/ascomycota_odb10/hmms/99101at4890.hmm	200508	1574253481	
busco_downloads/lineages/ascomycota_odb10/hmms/99135at4890.hmm	168888	1574253480	
busco_downloads/lineages/ascomycota_odb10/hmms/9929at4890.hmm	425567	1574253480	
busco_downloads/lineages/ascomycota_odb10/hmms/99362at4890.hmm	240963	1574253480	
busco_downloads/lineages/ascomycota_odb10/hmms/99579at4890.hmm	72168	1574253481	
busco_downloads/lineages/ascomycota_odb10/hmms/99965at4890.hmm	187023	1574253481	
busco_downloads/lineages/ascomycota_odb10/hmms/99989at4890.hmm	130293	1574253480	
busco_downloads/lineages/ascomycota_odb10/info/ogs.id.info	17423702	1574253481	
busco_downloads/lineages/ascomycota_odb10/info/species.info	12675	1574253481	
busco_downloads/lineages/ascomycota_odb10/lengths_cutoff	37041	1703261681	
busco_downloads/lineages/ascomycota_odb10/links_to_ODB10.txt	152251	1703261468	
busco_downloads/lineages/ascomycota_odb10/prfl/100089at4890.prfl	91656	1574253480	
busco_downloads/lineages/ascomycota_odb10/prfl/100309at4890.prfl	98030	1574253480	
busco_downloads/lineages/ascomycota_odb10/prfl/100311at4890.prfl	72700	1574253479	
busco_downloads/lineages/ascomycota_odb10/prfl/100750at4890.prfl	87978	1574253479	
busco_downloads/lineages/ascomycota_odb10/prfl/100974at4890.prfl	67381	1574253479	
busco_downloads/lineages/ascomycota_odb10/prfl/101016at4890.prfl	81176	1574253479	
busco_downloads/lineages/ascomycota_odb10/prfl/101213at4890.prfl	90223	1574253479	
busco_downloads/lineages/ascomycota_odb10/prfl/101465at4890.prfl	87056	1574253479	
busco_downloads/lineages/ascomycota_odb10/prfl/101708at4890.prfl	84353	1574253479	
busco_downloads/lineages/ascomycota_odb10/prfl/101880at4890.prfl	151460	1574253480	
busco_downloads/lineages/ascomycota_odb10/prfl/102546at4890.prfl	228090	1574253480	
busco_downloads/lineages/ascomycota_odb10/prfl/102732at4890.prfl	66710	1574253479	
busco_downloads/lineages/ascomycota_odb10/prfl/103379at4890.prfl	110349	1574253479	
busco_downloads/lineages/ascomycota_odb10/prfl/10358at4890.prfl	231434	1574253479	
busco_downloads/lineages/ascomycota_odb10/prfl/103938at4890.prfl	72454	1574253479	
busco_downloads/lineages/ascomycota_odb10/prfl/10480at4890.prfl	207041	1574253479	
busco_downloads/lineages/ascomycota_odb10/prfl/104906at4890.prfl	67494	1574253480	
busco_downloads/lineages/ascomycota_odb10/prfl/105314at4890.prfl	89011	1574253479	
busco_downloads/lineages/ascomycota_odb10/prfl/10555at4890.prfl	232366	1574253479	
busco_downloads/lineages/ascomycota_odb10/prfl/105617at4890.prfl	88281	1574253480	
busco_downloads/lineages/ascomycota_odb10/prfl/105863at4890.prfl	92481	1574253480	
busco_downloads/lineages/ascomycota_odb10/prfl/106093at4890.prfl	83173	1574253480	
busco_downloads/lineages/ascomycota_odb10/prfl/106888at4890.prfl	100119	1574253479	
busco_downloads/lineages/ascomycota_odb10/prfl/107271at4890.prfl	77531	1574253479	
busco_downloads/lineages/ascomycota_odb10/prfl/10728at4890.prfl	298613	1574253479	
busco_downloads/lineages/ascomycota_odb10/prfl/107546at4890.prfl	85469	1574253479	
busco_downloads/lineages/ascomycota_odb10/prfl/107609at4890.prfl	84661	1574253479	
busco_downloads/lineages/ascomycota_odb10/prfl/10795at4890.prfl	165427	1574253480	
busco_downloads/lineages/ascomycota_odb10/prfl/108222at4890.prfl	82097	1574253480	
busco_downloads/lineages/ascomycota_odb10/prfl/108285at4890.prfl	104508	1574253480	
busco_downloads/lineages/ascomycota_odb10/prfl/108341at4890.prfl	74170	1574253479	
busco_downloads/lineages/ascomycota_odb10/prfl/108478at4890.prfl	90796	1574253480	
busco_downloads/lineages/ascomycota_odb10/prfl/10872at4890.prfl	236488	1574253479	
busco_downloads/lineages/ascomycota_odb10/prfl/108742at4890.prfl	95605	1574253479	
busco_downloads/lineages/ascomycota_odb10/prfl/109030at4890.prfl	110845	1574253480	
busco_downloads/lineages/ascomycota_odb10/prfl/109124at4890.prfl	71996	1574253480	
busco_downloads/lineages/ascomycota_odb10/prfl/10917at4890.prfl	230612	1574253479	
busco_downloads/lineages/ascomycota_odb10/prfl/109251at4890.prfl	79733	1574253479	
busco_downloads/lineages/ascomycota_odb10/prfl/109571at4890.prfl	111914	1574253480	
busco_downloads/lineages/ascomycota_odb10/prfl/10962at4890.prfl	181323	1574253479	
busco_downloads/lineages/ascomycota_odb10/prfl/109719at4890.prfl	58572	1574253480	
busco_downloads/lineages/ascomycota_odb10/prfl/109994at4890.prfl	72521	1574253480	
busco_downloads/lineages/ascomycota_odb10/prfl/110035at4890.prfl	95112	1574253479	
busco_downloads/lineages/ascomycota_odb10/prfl/110617at4890.prfl	73338	1574253479	
busco_downloads/lineages/ascomycota_odb10/prfl/111241at4890.prfl	76672	1574253480	
busco_downloads/lineages/ascomycota_odb10/prfl/111471at4890.prfl	101090	1574253480	
busco_downloads/lineages/ascomycota_odb10/prfl/111489at4890.prfl	113130	1574253479	
busco_downloads/lineages/ascomycota_odb10/prfl/111745at4890.prfl	78068	1574253479	
busco_downloads/lineages/ascomycota_odb10/prfl/112144at4890.prfl	61643	1574253479	
busco_downloads/lineages/ascomycota_odb10/prfl/112174at4890.prfl	79175	1574253479	
busco_downloads/lineages/ascomycota_odb10/prfl/112244at4890.prfl	80131	1574253479	
busco_downloads/lineages/ascomycota_odb10/prfl/112283at4890.prfl	75177	1574253480	
busco_downloads/lineages/ascomycota_odb10/prfl/112406at4890.prfl	68947	1574253479	
busco_downloads/lineages/ascomycota_odb10/prfl/11266at4890.prfl	165507	1574253479	
busco_downloads/lineages/ascomycota_odb10/prfl/112810at4890.prfl	130474	1574253479	
busco_downloads/lineages/ascomycota_odb10/prfl/113231at4890.prfl	127681	1574253479	
busco_downloads/lineages/ascomycota_odb10/prfl/113320at4890.prfl	107110	1574253480	
busco_downloads/lineages/ascomycota_odb10/prfl/113746at4890.prfl	69355	1574253480	
busco_downloads/lineages/ascomycota_odb10/prfl/113793at4890.prfl	92011	1574253480	
busco_downloads/lineages/ascomycota_odb10/prfl/114318at4890.prfl	64860	1574253479	
busco_downloads/lineages/ascomycota_odb10/prfl/114374at4890.prfl	103714	1574253479	
busco_downloads/lineages/ascomycota_odb10/prfl/114664at4890.prfl	112000	1574253479	
busco_downloads/lineages/ascomycota_odb10/prfl/114848at4890.prfl	83787	1574253480	
busco_downloads/lineages/ascomycota_odb10/prfl/115004at4890.prfl	56777	1574253479	
busco_downloads/lineages/ascomycota_odb10/prfl/115066at4890.prfl	73782	1574253479	
busco_downloads/lineages/ascomycota_odb10/prfl/116022at4890.prfl	71290	1574253479	
busco_downloads/lineages/ascomycota_odb10/prfl/116117at4890.prfl	55120	1574253479	
busco_downloads/lineages/ascomycota_odb10/prfl/11622at4890.prfl	172570	1574253479	
busco_downloads/lineages/ascomycota_odb10/prfl/11641at4890.prfl	168531	1574253479	
busco_downloads/lineages/ascomycota_odb10/prfl/116626at4890.prfl	68205	1574253479	
busco_downloads/lineages/ascomycota_odb10/prfl/116771at4890.prfl	78630	1574253479	
busco_downloads/lineages/ascomycota_odb10/prfl/116775at4890.prfl	85947	1574253480	
busco_downloads/lineages/ascomycota_odb10/prfl/11683at4890.prfl	186278	1574253480	
busco_downloads/lineages/ascomycota_odb10/prfl/116896at4890.prfl	33695	1574253479	
busco_downloads/lineages/ascomycota_odb10/prfl/116973at4890.prfl	66732	1574253479	
busco_downloads/lineages/ascomycota_odb10/prfl/117765at4890.prfl	86063	1574253479	
busco_downloads/lineages/ascomycota_odb10/prfl/11818at4890.prfl	162446	1574253479	
busco_downloads/lineages/ascomycota_odb10/prfl/11820at4890.prfl	221317	1574253479	
busco_downloads/lineages/ascomycota_odb10/prfl/118634at4890.prfl	76649	1574253480	
busco_downloads/lineages/ascomycota_odb10/prfl/118689at4890.prfl	83961	1574253479	
busco_downloads/lineages/ascomycota_odb10/prfl/118719at4890.prfl	143636	1574253480	
busco_downloads/lineages/ascomycota_odb10/prfl/118835at4890.prfl	85418	1574253479	
busco_downloads/lineages/ascomycota_odb10/prfl/119154at4890.prfl	76551	1574253479	
busco_downloads/lineages/ascomycota_odb10/prfl/119371at4890.prfl	160000	1574253480	
busco_downloads/lineages/ascomycota_odb10/prfl/119559at4890.prfl	63017	1574253479	
busco_downloads/lineages/ascomycota_odb10/prfl/11957at4890.prfl	156987	1574253480	
busco_downloads/lineages/ascomycota_odb10/prfl/119846at4890.prfl	152838	1574253480	
busco_downloads/lineages/ascomycota_odb10/prfl/119869at4890.prfl	69693	1574253480	
busco_downloads/lineages/ascomycota_odb10/prfl/120513at4890.prfl	103338	1574253479	
busco_downloads/lineages/ascomycota_odb10/prfl/120689at4890.prfl	76795	1574253479	
busco_downloads/lineages/ascomycota_odb10/prfl/121506at4890.prfl	63649	1574253479	
busco_downloads/lineages/ascomycota_odb10/prfl/121809at4890.prfl	125134	1574253479	
busco_downloads/lineages/ascomycota_odb10/prfl/12223at4890.prfl	239819	1574253480	
busco_downloads/lineages/ascomycota_odb10/prfl/122697at4890.prfl	70843	1574253480	
busco_downloads/lineages/ascomycota_odb10/prfl/122826at4890.prfl	77442	1574253480	
busco_downloads/lineages/ascomycota_odb10/prfl/122978at4890.prfl	80933	1574253479	
busco_downloads/lineages/ascomycota_odb10/prfl/123070at4890.prfl	192428	1574253480	
busco_downloads/lineages/ascomycota_odb10/prfl/123363at4890.prfl	100073	1574253479	
busco_downloads/lineages/ascomycota_odb10/prfl/124728at4890.prfl	73208	1574253480	
busco_downloads/lineages/ascomycota_odb10/prfl/125803at4890.prfl	72747	1574253479	
busco_downloads/lineages/ascomycota_odb10/prfl/125901at4890.prfl	77132	1574253480	
busco_downloads/lineages/ascomycota_odb10/prfl/125929at4890.prfl	81138	1574253479	
busco_downloads/lineages/ascomycota_odb10/prfl/125930at4890.prfl	94002	1574253479	
busco_downloads/lineages/ascomycota_odb10/prfl/126185at4890.prfl	70741	1574253479	
busco_downloads/lineages/ascomycota_odb10/prfl/126232at4890.prfl	143884	1574253479	
busco_downloads/lineages/ascomycota_odb10/prfl/127337at4890.prfl	54347	1574253480	
busco_downloads/lineages/ascomycota_odb10/prfl/127478at4890.prfl	67656	1574253479	
busco_downloads/lineages/ascomycota_odb10/prfl/127800at4890.prfl	75472	1574253480	
busco_downloads/lineages/ascomycota_odb10/prfl/128269at4890.prfl	100082	1574253480	
busco_downloads/lineages/ascomycota_odb10/prfl/128529at4890.prfl	49232	1574253479	
busco_downloads/lineages/ascomycota_odb10/prfl/128534at4890.prfl	95845	1574253480	
busco_downloads/lineages/ascomycota_odb10/prfl/129655at4890.prfl	75854	1574253479	
busco_downloads/lineages/ascomycota_odb10/prfl/129679at4890.prfl	70727	1574253479	
busco_downloads/lineages/ascomycota_odb10/prfl/130309at4890.prfl	118603	1574253480	
busco_downloads/lineages/ascomycota_odb10/prfl/130323at4890.prfl	107220	1574253480	
busco_downloads/lineages/ascomycota_odb10/prfl/130338at4890.prfl	88386	1574253479	
busco_downloads/lineages/ascomycota_odb10/prfl/130539at4890.prfl	112591	1574253480	
busco_downloads/lineages/ascomycota_odb10/prfl/130554at4890.prfl	181155	1574253479	
busco_downloads/lineages/ascomycota_odb10/prfl/13059at4890.prfl	148424	1574253480	
busco_downloads/lineages/ascomycota_odb10/prfl/130738at4890.prfl	83090	1574253479	
busco_downloads/lineages/ascomycota_odb10/prfl/130793at4890.prfl	49365	1574253480	
busco_downloads/lineages/ascomycota_odb10/prfl/131103at4890.prfl	74044	1574253479	
busco_downloads/lineages/ascomycota_odb10/prfl/131248at4890.prfl	66869	1574253480	
busco_downloads/lineages/ascomycota_odb10/prfl/131344at4890.prfl	85207	1574253479	
busco_downloads/lineages/ascomycota_odb10/prfl/132030at4890.prfl	59917	1574253480	
busco_downloads/lineages/ascomycota_odb10/prfl/132883at4890.prfl	211016	1574253479	
busco_downloads/lineages/ascomycota_odb10/prfl/133089at4890.prfl	67490	1574253480	
busco_downloads/lineages/ascomycota_odb10/prfl/133107at4890.prfl	60189	1574253479	
busco_downloads/lineages/ascomycota_odb10/prfl/133204at4890.prfl	61431	1574253479	
busco_downloads/lineages/ascomycota_odb10/prfl/133279at4890.prfl	159645	1574253480	
busco_downloads/lineages/ascomycota_odb10/prfl/13343at4890.prfl	117083	1574253480	
busco_downloads/lineages/ascomycota_odb10/prfl/133490at4890.prfl	78266	1574253479	
busco_downloads/lineages/ascomycota_odb10/prfl/133545at4890.prfl	67840	1574253480	
busco_downloads/lineages/ascomycota_odb10/prfl/133766at4890.prfl	110421	1574253480	
busco_downloads/lineages/ascomycota_odb10/prfl/133834at4890.prfl	107549	1574253479	
busco_downloads/lineages/ascomycota_odb10/prfl/134389at4890.prfl	109815	1574253479	
busco_downloads/lineages/ascomycota_odb10/prfl/134399at4890.prfl	108361	1574253480	
busco_downloads/lineages/ascomycota_odb10/prfl/134648at4890.prfl	80917	1574253479	
busco_downloads/lineages/ascomycota_odb10/prfl/134677at4890.prfl	55213	1574253479	
busco_downloads/lineages/ascomycota_odb10/prfl/134850at4890.prfl	72386	1574253480	
busco_downloads/lineages/ascomycota_odb10/prfl/135095at4890.prfl	60400	1574253479	
busco_downloads/lineages/ascomycota_odb10/prfl/13514at4890.prfl	139771	1574253479	
busco_downloads/lineages/ascomycota_odb10/prfl/135181at4890.prfl	77649	1574253479	
busco_downloads/lineages/ascomycota_odb10/prfl/135392at4890.prfl	43972	1574253479	
busco_downloads/lineages/ascomycota_odb10/prfl/135760at4890.prfl	56166	1574253479	
busco_downloads/lineages/ascomycota_odb10/prfl/135977at4890.prfl	73207	1574253480	
busco_downloads/lineages/ascomycota_odb10/prfl/136092at4890.prfl	71947	1574253480	
busco_downloads/lineages/ascomycota_odb10/prfl/136105at4890.prfl	62642	1574253479	
busco_downloads/lineages/ascomycota_odb10/prfl/136210at4890.prfl	65028	1574253479	
busco_downloads/lineages/ascomycota_odb10/prfl/136250at4890.prfl	73813	1574253479	
busco_downloads/lineages/ascomycota_odb10/prfl/136456at4890.prfl	62949	1574253480	
busco_downloads/lineages/ascomycota_odb10/prfl/136816at4890.prfl	61228	1574253479	
busco_downloads/lineages/ascomycota_odb10/prfl/136889at4890.prfl	62225	1574253479	
busco_downloads/lineages/ascomycota_odb10/prfl/137165at4890.prfl	71788	1574253480	
busco_downloads/lineages/ascomycota_odb10/prfl/13724at4890.prfl	163383	1574253479	
busco_downloads/lineages/ascomycota_odb10/prfl/1372at4890.prfl	411638	1574253480	
busco_downloads/lineages/ascomycota_odb10/prfl/137596at4890.prfl	61103	1574253479	
busco_downloads/lineages/ascomycota_odb10/prfl/137708at4890.prfl	92207	1574253479	
busco_downloads/lineages/ascomycota_odb10/prfl/137844at4890.prfl	53182	1574253479	
busco_downloads/lineages/ascomycota_odb10/prfl/138504at4890.prfl	106564	1574253479	
busco_downloads/lineages/ascomycota_odb10/prfl/138516at4890.prfl	55148	1574253480	
busco_downloads/lineages/ascomycota_odb10/prfl/139019at4890.prfl	62104	1574253479	
busco_downloads/lineages/ascomycota_odb10/prfl/139168at4890.prfl	88386	1574253480	
busco_downloads/lineages/ascomycota_odb10/prfl/139387at4890.prfl	51742	1574253479	
busco_downloads/lineages/ascomycota_odb10/prfl/139675at4890.prfl	58011	1574253479	
busco_downloads/lineages/ascomycota_odb10/prfl/139688at4890.prfl	79627	1574253479	
busco_downloads/lineages/ascomycota_odb10/prfl/139753at4890.prfl	86014	1574253479	
busco_downloads/lineages/ascomycota_odb10/prfl/139907at4890.prfl	67910	1574253479	
busco_downloads/lineages/ascomycota_odb10/prfl/140522at4890.prfl	69359	1574253479	
busco_downloads/lineages/ascomycota_odb10/prfl/141307at4890.prfl	55814	1574253479	
busco_downloads/lineages/ascomycota_odb10/prfl/141799at4890.prfl	70033	1574253479	
busco_downloads/lineages/ascomycota_odb10/prfl/142033at4890.prfl	70351	1574253480	
busco_downloads/lineages/ascomycota_odb10/prfl/142479at4890.prfl	58925	1574253480	
busco_downloads/lineages/ascomycota_odb10/prfl/142524at4890.prfl	69260	1574253480	
busco_downloads/lineages/ascomycota_odb10/prfl/143067at4890.prfl	59180	1574253479	
busco_downloads/lineages/ascomycota_odb10/prfl/143298at4890.prfl	58030	1574253479	
busco_downloads/lineages/ascomycota_odb10/prfl/143660at4890.prfl	142750	1574253480	
busco_downloads/lineages/ascomycota_odb10/prfl/143691at4890.prfl	54096	1574253479	
busco_downloads/lineages/ascomycota_odb10/prfl/143925at4890.prfl	39760	1574253480	
busco_downloads/lineages/ascomycota_odb10/prfl/14399at4890.prfl	157645	1574253480	
busco_downloads/lineages/ascomycota_odb10/prfl/144019at4890.prfl	110145	1574253479	
busco_downloads/lineages/ascomycota_odb10/prfl/144027at4890.prfl	129979	1574253479	
busco_downloads/lineages/ascomycota_odb10/prfl/144126at4890.prfl	48648	1574253479	
busco_downloads/lineages/ascomycota_odb10/prfl/144213at4890.prfl	80908	1574253480	
busco_downloads/lineages/ascomycota_odb10/prfl/144512at4890.prfl	77681	1574253479	
busco_downloads/lineages/ascomycota_odb10/prfl/144613at4890.prfl	128298	1574253479	
busco_downloads/lineages/ascomycota_odb10/prfl/144717at4890.prfl	58622	1574253479	
busco_downloads/lineages/ascomycota_odb10/prfl/145042at4890.prfl	77059	1574253480	
busco_downloads/lineages/ascomycota_odb10/prfl/145076at4890.prfl	78152	1574253480	
busco_downloads/lineages/ascomycota_odb10/prfl/145752at4890.prfl	46036	1574253479	
busco_downloads/lineages/ascomycota_odb10/prfl/145825at4890.prfl	159638	1574253479	
busco_downloads/lineages/ascomycota_odb10/prfl/145897at4890.prfl	51926	1574253480	
busco_downloads/lineages/ascomycota_odb10/prfl/145915at4890.prfl	71152	1574253479	
busco_downloads/lineages/ascomycota_odb10/prfl/145932at4890.prfl	67789	1574253479	
busco_downloads/lineages/ascomycota_odb10/prfl/145970at4890.prfl	86743	1574253479	
busco_downloads/lineages/ascomycota_odb10/prfl/146457at4890.prfl	51273	1574253479	
busco_downloads/lineages/ascomycota_odb10/prfl/146825at4890.prfl	64866	1574253480	
busco_downloads/lineages/ascomycota_odb10/prfl/14698at4890.prfl	126249	1574253479	
busco_downloads/lineages/ascomycota_odb10/prfl/147134at4890.prfl	55617	1574253480	
busco_downloads/lineages/ascomycota_odb10/prfl/147312at4890.prfl	64957	1574253480	
busco_downloads/lineages/ascomycota_odb10/prfl/147822at4890.prfl	57093	1574253479	
busco_downloads/lineages/ascomycota_odb10/prfl/148406at4890.prfl	70060	1574253479	
busco_downloads/lineages/ascomycota_odb10/prfl/148465at4890.prfl	78869	1574253480	
busco_downloads/lineages/ascomycota_odb10/prfl/148524at4890.prfl	80506	1574253480	
busco_downloads/lineages/ascomycota_odb10/prfl/148583at4890.prfl	70722	1574253479	
busco_downloads/lineages/ascomycota_odb10/prfl/148603at4890.prfl	97623	1574253479	
busco_downloads/lineages/ascomycota_odb10/prfl/14869at4890.prfl	179709	1574253479	
busco_downloads/lineages/ascomycota_odb10/prfl/149160at4890.prfl	83658	1574253480	
busco_downloads/lineages/ascomycota_odb10/prfl/149241at4890.prfl	55896	1574253480	
busco_downloads/lineages/ascomycota_odb10/prfl/149588at4890.prfl	52789	1574253479	
busco_downloads/lineages/ascomycota_odb10/prfl/149675at4890.prfl	67913	1574253479	
busco_downloads/lineages/ascomycota_odb10/prfl/150438at4890.prfl	107495	1574253479	
busco_downloads/lineages/ascomycota_odb10/prfl/150442at4890.prfl	61572	1574253480	
busco_downloads/lineages/ascomycota_odb10/prfl/150585at4890.prfl	50729	1574253480	
busco_downloads/lineages/ascomycota_odb10/prfl/15077at4890.prfl	140255	1574253480	
busco_downloads/lineages/ascomycota_odb10/prfl/150818at4890.prfl	65770	1574253479	
busco_downloads/lineages/ascomycota_odb10/prfl/151072at4890.prfl	115944	1574253479	
busco_downloads/lineages/ascomycota_odb10/prfl/15115at4890.prfl	144744	1574253479	
busco_downloads/lineages/ascomycota_odb10/prfl/151239at4890.prfl	73681	1574253479	
busco_downloads/lineages/ascomycota_odb10/prfl/152000at4890.prfl	80998	1574253479	
busco_downloads/lineages/ascomycota_odb10/prfl/152018at4890.prfl	128296	1574253480	
busco_downloads/lineages/ascomycota_odb10/prfl/152044at4890.prfl	145425	1574253479	
busco_downloads/lineages/ascomycota_odb10/prfl/152140at4890.prfl	51667	1574253479	
busco_downloads/lineages/ascomycota_odb10/prfl/152409at4890.prfl	129996	1574253480	
busco_downloads/lineages/ascomycota_odb10/prfl/15281at4890.prfl	141282	1574253480	
busco_downloads/lineages/ascomycota_odb10/prfl/153270at4890.prfl	96678	1574253479	
busco_downloads/lineages/ascomycota_odb10/prfl/153277at4890.prfl	48409	1574253479	
busco_downloads/lineages/ascomycota_odb10/prfl/153364at4890.prfl	131382	1574253479	
busco_downloads/lineages/ascomycota_odb10/prfl/153452at4890.prfl	169266	1574253480	
busco_downloads/lineages/ascomycota_odb10/prfl/153834at4890.prfl	83884	1574253479	
busco_downloads/lineages/ascomycota_odb10/prfl/153835at4890.prfl	66757	1574253479	
busco_downloads/lineages/ascomycota_odb10/prfl/153858at4890.prfl	73505	1574253479	
busco_downloads/lineages/ascomycota_odb10/prfl/154234at4890.prfl	59363	1574253480	
busco_downloads/lineages/ascomycota_odb10/prfl/154480at4890.prfl	85205	1574253479	
busco_downloads/lineages/ascomycota_odb10/prfl/154484at4890.prfl	79686	1574253479	
busco_downloads/lineages/ascomycota_odb10/prfl/154576at4890.prfl	63645	1574253479	
busco_downloads/lineages/ascomycota_odb10/prfl/154723at4890.prfl	59996	1574253480	
busco_downloads/lineages/ascomycota_odb10/prfl/155796at4890.prfl	66937	1574253479	
busco_downloads/lineages/ascomycota_odb10/prfl/155929at4890.prfl	88259	1574253480	
busco_downloads/lineages/ascomycota_odb10/prfl/155933at4890.prfl	54175	1574253479	
busco_downloads/lineages/ascomycota_odb10/prfl/156342at4890.prfl	49843	1574253479	
busco_downloads/lineages/ascomycota_odb10/prfl/156418at4890.prfl	33364	1574253479	
busco_downloads/lineages/ascomycota_odb10/prfl/156570at4890.prfl	77838	1574253479	
busco_downloads/lineages/ascomycota_odb10/prfl/156600at4890.prfl	71291	1574253480	
busco_downloads/lineages/ascomycota_odb10/prfl/156845at4890.prfl	73255	1574253479	
busco_downloads/lineages/ascomycota_odb10/prfl/157162at4890.prfl	77655	1574253479	
busco_downloads/lineages/ascomycota_odb10/prfl/157485at4890.prfl	58638	1574253480	
busco_downloads/lineages/ascomycota_odb10/prfl/157546at4890.prfl	51027	1574253479	
busco_downloads/lineages/ascomycota_odb10/prfl/158122at4890.prfl	111678	1574253480	
busco_downloads/lineages/ascomycota_odb10/prfl/158617at4890.prfl	66520	1574253479	
busco_downloads/lineages/ascomycota_odb10/prfl/158678at4890.prfl	66387	1574253479	
busco_downloads/lineages/ascomycota_odb10/prfl/158698at4890.prfl	80771	1574253479	
busco_downloads/lineages/ascomycota_odb10/prfl/159064at4890.prfl	68933	1574253479	
busco_downloads/lineages/ascomycota_odb10/prfl/159279at4890.prfl	47355	1574253479	
busco_downloads/lineages/ascomycota_odb10/prfl/159348at4890.prfl	69557	1574253480	
busco_downloads/lineages/ascomycota_odb10/prfl/159564at4890.prfl	71301	1574253479	
busco_downloads/lineages/ascomycota_odb10/prfl/160285at4890.prfl	71949	1574253479	
busco_downloads/lineages/ascomycota_odb10/prfl/160326at4890.prfl	50950	1574253480	
busco_downloads/lineages/ascomycota_odb10/prfl/160338at4890.prfl	40980	1574253479	
busco_downloads/lineages/ascomycota_odb10/prfl/160343at4890.prfl	81341	1574253479	
busco_downloads/lineages/ascomycota_odb10/prfl/160648at4890.prfl	68047	1574253480	
busco_downloads/lineages/ascomycota_odb10/prfl/160700at4890.prfl	46305	1574253479	
busco_downloads/lineages/ascomycota_odb10/prfl/160773at4890.prfl	58027	1574253479	
busco_downloads/lineages/ascomycota_odb10/prfl/161098at4890.prfl	109196	1574253480	
busco_downloads/lineages/ascomycota_odb10/prfl/161505at4890.prfl	102638	1574253479	
busco_downloads/lineages/ascomycota_odb10/prfl/162132at4890.prfl	55658	1574253480	
busco_downloads/lineages/ascomycota_odb10/prfl/162392at4890.prfl	75419	1574253479	
busco_downloads/lineages/ascomycota_odb10/prfl/16256at4890.prfl	140010	1574253480	
busco_downloads/lineages/ascomycota_odb10/prfl/162660at4890.prfl	68948	1574253480	
busco_downloads/lineages/ascomycota_odb10/prfl/162782at4890.prfl	72003	1574253479	
busco_downloads/lineages/ascomycota_odb10/prfl/1627at4890.prfl	362339	1574253479	
busco_downloads/lineages/ascomycota_odb10/prfl/162810at4890.prfl	60708	1574253479	
busco_downloads/lineages/ascomycota_odb10/prfl/162825at4890.prfl	108144	1574253480	
busco_downloads/lineages/ascomycota_odb10/prfl/163139at4890.prfl	95065	1574253479	
busco_downloads/lineages/ascomycota_odb10/prfl/163995at4890.prfl	68680	1574253479	
busco_downloads/lineages/ascomycota_odb10/prfl/164646at4890.prfl	73618	1574253479	
busco_downloads/lineages/ascomycota_odb10/prfl/164802at4890.prfl	43135	1574253479	
busco_downloads/lineages/ascomycota_odb10/prfl/16504at4890.prfl	144170	1574253480	
busco_downloads/lineages/ascomycota_odb10/prfl/165198at4890.prfl	64118	1574253480	
busco_downloads/lineages/ascomycota_odb10/prfl/165228at4890.prfl	68239	1574253480	
busco_downloads/lineages/ascomycota_odb10/prfl/165262at4890.prfl	51238	1574253479	
busco_downloads/lineages/ascomycota_odb10/prfl/165325at4890.prfl	39525	1574253480	
busco_downloads/lineages/ascomycota_odb10/prfl/165386at4890.prfl	63817	1574253480	
busco_downloads/lineages/ascomycota_odb10/prfl/16552at4890.prfl	192064	1574253479	
busco_downloads/lineages/ascomycota_odb10/prfl/165661at4890.prfl	58139	1574253480	
busco_downloads/lineages/ascomycota_odb10/prfl/165673at4890.prfl	132132	1574253480	
busco_downloads/lineages/ascomycota_odb10/prfl/165750at4890.prfl	186255	1574253480	
busco_downloads/lineages/ascomycota_odb10/prfl/166019at4890.prfl	63516	1574253479	
busco_downloads/lineages/ascomycota_odb10/prfl/16615at4890.prfl	181621	1574253480	
busco_downloads/lineages/ascomycota_odb10/prfl/166320at4890.prfl	63142	1574253480	
busco_downloads/lineages/ascomycota_odb10/prfl/166456at4890.prfl	76139	1574253479	
busco_downloads/lineages/ascomycota_odb10/prfl/167000at4890.prfl	48826	1574253479	
busco_downloads/lineages/ascomycota_odb10/prfl/167029at4890.prfl	64369	1574253479	
busco_downloads/lineages/ascomycota_odb10/prfl/167080at4890.prfl	50624	1574253479	
busco_downloads/lineages/ascomycota_odb10/prfl/167263at4890.prfl	62184	1574253480	
busco_downloads/lineages/ascomycota_odb10/prfl/167340at4890.prfl	71822	1574253479	
busco_downloads/lineages/ascomycota_odb10/prfl/167640at4890.prfl	53281	1574253479	
busco_downloads/lineages/ascomycota_odb10/prfl/167856at4890.prfl	93259	1574253479	
busco_downloads/lineages/ascomycota_odb10/prfl/168055at4890.prfl	78385	1574253479	
busco_downloads/lineages/ascomycota_odb10/prfl/168069at4890.prfl	66394	1574253479	
busco_downloads/lineages/ascomycota_odb10/prfl/168372at4890.prfl	69984	1574253479	
busco_downloads/lineages/ascomycota_odb10/prfl/168695at4890.prfl	132490	1574253480	
busco_downloads/lineages/ascomycota_odb10/prfl/168738at4890.prfl	57641	1574253479	
busco_downloads/lineages/ascomycota_odb10/prfl/169078at4890.prfl	54556	1574253479	
busco_downloads/lineages/ascomycota_odb10/prfl/169189at4890.prfl	106525	1574253479	
busco_downloads/lineages/ascomycota_odb10/prfl/1691at4890.prfl	325201	1574253480	
busco_downloads/lineages/ascomycota_odb10/prfl/169325at4890.prfl	64225	1574253479	
busco_downloads/lineages/ascomycota_odb10/prfl/169577at4890.prfl	99060	1574253479	
busco_downloads/lineages/ascomycota_odb10/prfl/169590at4890.prfl	62521	1574253479	
busco_downloads/lineages/ascomycota_odb10/prfl/169786at4890.prfl	78255	1574253479	
busco_downloads/lineages/ascomycota_odb10/prfl/169941at4890.prfl	64467	1574253479	
busco_downloads/lineages/ascomycota_odb10/prfl/16998at4890.prfl	197409	1574253479	
busco_downloads/lineages/ascomycota_odb10/prfl/17020at4890.prfl	117424	1574253479	
busco_downloads/lineages/ascomycota_odb10/prfl/170387at4890.prfl	69278	1574253480	
busco_downloads/lineages/ascomycota_odb10/prfl/171018at4890.prfl	69609	1574253479	
busco_downloads/lineages/ascomycota_odb10/prfl/171082at4890.prfl	81493	1574253479	
busco_downloads/lineages/ascomycota_odb10/prfl/171158at4890.prfl	67335	1574253479	
busco_downloads/lineages/ascomycota_odb10/prfl/17135at4890.prfl	131918	1574253480	
busco_downloads/lineages/ascomycota_odb10/prfl/171602at4890.prfl	79283	1574253479	
busco_downloads/lineages/ascomycota_odb10/prfl/171623at4890.prfl	85778	1574253480	
busco_downloads/lineages/ascomycota_odb10/prfl/171624at4890.prfl	33146	1574253480	
busco_downloads/lineages/ascomycota_odb10/prfl/171960at4890.prfl	38864	1574253479	
busco_downloads/lineages/ascomycota_odb10/prfl/172055at4890.prfl	56134	1574253479	
busco_downloads/lineages/ascomycota_odb10/prfl/172274at4890.prfl	51925	1574253479	
busco_downloads/lineages/ascomycota_odb10/prfl/172384at4890.prfl	55476	1574253479	
busco_downloads/lineages/ascomycota_odb10/prfl/172926at4890.prfl	59266	1574253479	
busco_downloads/lineages/ascomycota_odb10/prfl/173130at4890.prfl	60954	1574253479	
busco_downloads/lineages/ascomycota_odb10/prfl/173312at4890.prfl	54288	1574253479	
busco_downloads/lineages/ascomycota_odb10/prfl/173755at4890.prfl	54330	1574253479	
busco_downloads/lineages/ascomycota_odb10/prfl/174097at4890.prfl	47311	1574253479	
busco_downloads/lineages/ascomycota_odb10/prfl/174127at4890.prfl	56709	1574253479	
busco_downloads/lineages/ascomycota_odb10/prfl/174132at4890.prfl	54116	1574253479	
busco_downloads/lineages/ascomycota_odb10/prfl/174155at4890.prfl	64601	1574253479	
busco_downloads/lineages/ascomycota_odb10/prfl/174251at4890.prfl	78525	1574253479	
busco_downloads/lineages/ascomycota_odb10/prfl/174487at4890.prfl	44000	1574253479	
busco_downloads/lineages/ascomycota_odb10/prfl/174547at4890.prfl	41051	1574253480	
busco_downloads/lineages/ascomycota_odb10/prfl/174610at4890.prfl	73792	1574253479	
busco_downloads/lineages/ascomycota_odb10/prfl/174612at4890.prfl	84797	1574253480	
busco_downloads/lineages/ascomycota_odb10/prfl/174641at4890.prfl	60201	1574253480	
busco_downloads/lineages/ascomycota_odb10/prfl/174982at4890.prfl	65963	1574253480	
busco_downloads/lineages/ascomycota_odb10/prfl/175648at4890.prfl	73409	1574253479	
busco_downloads/lineages/ascomycota_odb10/prfl/175764at4890.prfl	174179	1574253479	
busco_downloads/lineages/ascomycota_odb10/prfl/176849at4890.prfl	73404	1574253479	
busco_downloads/lineages/ascomycota_odb10/prfl/176865at4890.prfl	97819	1574253479	
busco_downloads/lineages/ascomycota_odb10/prfl/17730at4890.prfl	157697	1574253479	
busco_downloads/lineages/ascomycota_odb10/prfl/177617at4890.prfl	48804	1574253480	
busco_downloads/lineages/ascomycota_odb10/prfl/178432at4890.prfl	81926	1574253480	
busco_downloads/lineages/ascomycota_odb10/prfl/178784at4890.prfl	87730	1574253479	
busco_downloads/lineages/ascomycota_odb10/prfl/179627at4890.prfl	102237	1574253480	
busco_downloads/lineages/ascomycota_odb10/prfl/179828at4890.prfl	89665	1574253479	
busco_downloads/lineages/ascomycota_odb10/prfl/180049at4890.prfl	48182	1574253479	
busco_downloads/lineages/ascomycota_odb10/prfl/180386at4890.prfl	50862	1574253480	
busco_downloads/lineages/ascomycota_odb10/prfl/18066at4890.prfl	146677	1574253480	
busco_downloads/lineages/ascomycota_odb10/prfl/180981at4890.prfl	111172	1574253479	
busco_downloads/lineages/ascomycota_odb10/prfl/180991at4890.prfl	128145	1574253479	
busco_downloads/lineages/ascomycota_odb10/prfl/18168at4890.prfl	140558	1574253479	
busco_downloads/lineages/ascomycota_odb10/prfl/181912at4890.prfl	58405	1574253479	
busco_downloads/lineages/ascomycota_odb10/prfl/182031at4890.prfl	87363	1574253480	
busco_downloads/lineages/ascomycota_odb10/prfl/182038at4890.prfl	116864	1574253479	
busco_downloads/lineages/ascomycota_odb10/prfl/182039at4890.prfl	144642	1574253479	
busco_downloads/lineages/ascomycota_odb10/prfl/182100at4890.prfl	53099	1574253479	
busco_downloads/lineages/ascomycota_odb10/prfl/182165at4890.prfl	53141	1574253479	
busco_downloads/lineages/ascomycota_odb10/prfl/182309at4890.prfl	88720	1574253480	
busco_downloads/lineages/ascomycota_odb10/prfl/182310at4890.prfl	67905	1574253479	
busco_downloads/lineages/ascomycota_odb10/prfl/182975at4890.prfl	78624	1574253479	
busco_downloads/lineages/ascomycota_odb10/prfl/182988at4890.prfl	53425	1574253480	
busco_downloads/lineages/ascomycota_odb10/prfl/18331at4890.prfl	157825	1574253480	
busco_downloads/lineages/ascomycota_odb10/prfl/18372at4890.prfl	305967	1574253480	
busco_downloads/lineages/ascomycota_odb10/prfl/184194at4890.prfl	103080	1574253479	
busco_downloads/lineages/ascomycota_odb10/prfl/184203at4890.prfl	93025	1574253480	
busco_downloads/lineages/ascomycota_odb10/prfl/184220at4890.prfl	66947	1574253480	
busco_downloads/lineages/ascomycota_odb10/prfl/184868at4890.prfl	86757	1574253480	
busco_downloads/lineages/ascomycota_odb10/prfl/185360at4890.prfl	37716	1574253480	
busco_downloads/lineages/ascomycota_odb10/prfl/185517at4890.prfl	81299	1574253479	
busco_downloads/lineages/ascomycota_odb10/prfl/185520at4890.prfl	79053	1574253479	
busco_downloads/lineages/ascomycota_odb10/prfl/185772at4890.prfl	55415	1574253480	
busco_downloads/lineages/ascomycota_odb10/prfl/185828at4890.prfl	54908	1574253480	
busco_downloads/lineages/ascomycota_odb10/prfl/186170at4890.prfl	71423	1574253479	
busco_downloads/lineages/ascomycota_odb10/prfl/18627at4890.prfl	154908	1574253479	
busco_downloads/lineages/ascomycota_odb10/prfl/186288at4890.prfl	98221	1574253479	
busco_downloads/lineages/ascomycota_odb10/prfl/186295at4890.prfl	96793	1574253480	
busco_downloads/lineages/ascomycota_odb10/prfl/186896at4890.prfl	60337	1574253479	
busco_downloads/lineages/ascomycota_odb10/prfl/187029at4890.prfl	51122	1574253480	
busco_downloads/lineages/ascomycota_odb10/prfl/187255at4890.prfl	70523	1574253480	
busco_downloads/lineages/ascomycota_odb10/prfl/1872at4890.prfl	349601	1574253479	
busco_downloads/lineages/ascomycota_odb10/prfl/187455at4890.prfl	151735	1574253479	
busco_downloads/lineages/ascomycota_odb10/prfl/187847at4890.prfl	46708	1574253479	
busco_downloads/lineages/ascomycota_odb10/prfl/187942at4890.prfl	42630	1574253480	
busco_downloads/lineages/ascomycota_odb10/prfl/188064at4890.prfl	80552	1574253479	
busco_downloads/lineages/ascomycota_odb10/prfl/188171at4890.prfl	164534	1574253480	
busco_downloads/lineages/ascomycota_odb10/prfl/188660at4890.prfl	67257	1574253479	
busco_downloads/lineages/ascomycota_odb10/prfl/188768at4890.prfl	59319	1574253479	
busco_downloads/lineages/ascomycota_odb10/prfl/188777at4890.prfl	62368	1574253480	
busco_downloads/lineages/ascomycota_odb10/prfl/18887at4890.prfl	153849	1574253480	
busco_downloads/lineages/ascomycota_odb10/prfl/189623at4890.prfl	42967	1574253480	
busco_downloads/lineages/ascomycota_odb10/prfl/190179at4890.prfl	74921	1574253479	
busco_downloads/lineages/ascomycota_odb10/prfl/190257at4890.prfl	77519	1574253479	
busco_downloads/lineages/ascomycota_odb10/prfl/1902at4890.prfl	284099	1574253480	
busco_downloads/lineages/ascomycota_odb10/prfl/190866at4890.prfl	57530	1574253480	
busco_downloads/lineages/ascomycota_odb10/prfl/190878at4890.prfl	61008	1574253480	
busco_downloads/lineages/ascomycota_odb10/prfl/190976at4890.prfl	63513	1574253480	
busco_downloads/lineages/ascomycota_odb10/prfl/191007at4890.prfl	68636	1574253479	
busco_downloads/lineages/ascomycota_odb10/prfl/19101at4890.prfl	115579	1574253480	
busco_downloads/lineages/ascomycota_odb10/prfl/191311at4890.prfl	95123	1574253479	
busco_downloads/lineages/ascomycota_odb10/prfl/191313at4890.prfl	85705	1574253479	
busco_downloads/lineages/ascomycota_odb10/prfl/191625at4890.prfl	57993	1574253480	
busco_downloads/lineages/ascomycota_odb10/prfl/191629at4890.prfl	59772	1574253479	
busco_downloads/lineages/ascomycota_odb10/prfl/191758at4890.prfl	80365	1574253479	
busco_downloads/lineages/ascomycota_odb10/prfl/192098at4890.prfl	48118	1574253480	
busco_downloads/lineages/ascomycota_odb10/prfl/192781at4890.prfl	45372	1574253479	
busco_downloads/lineages/ascomycota_odb10/prfl/193378at4890.prfl	57624	1574253479	
busco_downloads/lineages/ascomycota_odb10/prfl/193436at4890.prfl	59331	1574253479	
busco_downloads/lineages/ascomycota_odb10/prfl/193655at4890.prfl	87815	1574253480	
busco_downloads/lineages/ascomycota_odb10/prfl/193784at4890.prfl	55938	1574253479	
busco_downloads/lineages/ascomycota_odb10/prfl/19415at4890.prfl	149346	1574253480	
busco_downloads/lineages/ascomycota_odb10/prfl/194188at4890.prfl	63618	1574253480	
busco_downloads/lineages/ascomycota_odb10/prfl/194355at4890.prfl	51621	1574253480	
busco_downloads/lineages/ascomycota_odb10/prfl/19486at4890.prfl	161452	1574253479	
busco_downloads/lineages/ascomycota_odb10/prfl/19513at4890.prfl	334021	1574253480	
busco_downloads/lineages/ascomycota_odb10/prfl/195376at4890.prfl	64184	1574253479	
busco_downloads/lineages/ascomycota_odb10/prfl/195388at4890.prfl	81462	1574253479	
busco_downloads/lineages/ascomycota_odb10/prfl/196413at4890.prfl	63353	1574253480	
busco_downloads/lineages/ascomycota_odb10/prfl/196485at4890.prfl	84003	1574253479	
busco_downloads/lineages/ascomycota_odb10/prfl/197107at4890.prfl	51555	1574253480	
busco_downloads/lineages/ascomycota_odb10/prfl/197231at4890.prfl	66027	1574253479	
busco_downloads/lineages/ascomycota_odb10/prfl/19760at4890.prfl	167213	1574253479	
busco_downloads/lineages/ascomycota_odb10/prfl/197794at4890.prfl	56128	1574253479	
busco_downloads/lineages/ascomycota_odb10/prfl/197945at4890.prfl	85570	1574253480	
busco_downloads/lineages/ascomycota_odb10/prfl/197993at4890.prfl	74525	1574253479	
busco_downloads/lineages/ascomycota_odb10/prfl/198273at4890.prfl	51825	1574253480	
busco_downloads/lineages/ascomycota_odb10/prfl/198657at4890.prfl	56409	1574253479	
busco_downloads/lineages/ascomycota_odb10/prfl/198700at4890.prfl	83766	1574253480	
busco_downloads/lineages/ascomycota_odb10/prfl/198752at4890.prfl	29179	1574253479	
busco_downloads/lineages/ascomycota_odb10/prfl/198916at4890.prfl	42956	1574253480	
busco_downloads/lineages/ascomycota_odb10/prfl/199023at4890.prfl	53636	1574253480	
busco_downloads/lineages/ascomycota_odb10/prfl/199547at4890.prfl	50127	1574253479	
busco_downloads/lineages/ascomycota_odb10/prfl/199621at4890.prfl	58173	1574253479	
busco_downloads/lineages/ascomycota_odb10/prfl/199764at4890.prfl	29620	1574253479	
busco_downloads/lineages/ascomycota_odb10/prfl/199929at4890.prfl	83763	1574253479	
busco_downloads/lineages/ascomycota_odb10/prfl/200442at4890.prfl	57796	1574253479	
busco_downloads/lineages/ascomycota_odb10/prfl/200670at4890.prfl	65678	1574253479	
busco_downloads/lineages/ascomycota_odb10/prfl/200785at4890.prfl	57310	1574253480	
busco_downloads/lineages/ascomycota_odb10/prfl/200843at4890.prfl	116688	1574253480	
busco_downloads/lineages/ascomycota_odb10/prfl/200961at4890.prfl	77448	1574253480	
busco_downloads/lineages/ascomycota_odb10/prfl/201969at4890.prfl	41491	1574253479	
busco_downloads/lineages/ascomycota_odb10/prfl/202137at4890.prfl	66267	1574253479	
busco_downloads/lineages/ascomycota_odb10/prfl/202243at4890.prfl	50775	1574253479	
busco_downloads/lineages/ascomycota_odb10/prfl/202375at4890.prfl	55651	1574253479	
busco_downloads/lineages/ascomycota_odb10/prfl/202487at4890.prfl	44063	1574253479	
busco_downloads/lineages/ascomycota_odb10/prfl/202577at4890.prfl	44341	1574253480	
busco_downloads/lineages/ascomycota_odb10/prfl/20261at4890.prfl	143372	1574253479	
busco_downloads/lineages/ascomycota_odb10/prfl/20272at4890.prfl	153709	1574253480	
busco_downloads/lineages/ascomycota_odb10/prfl/202821at4890.prfl	110258	1574253480	
busco_downloads/lineages/ascomycota_odb10/prfl/203109at4890.prfl	43402	1574253479	
busco_downloads/lineages/ascomycota_odb10/prfl/203165at4890.prfl	47018	1574253480	
busco_downloads/lineages/ascomycota_odb10/prfl/203227at4890.prfl	45343	1574253479	
busco_downloads/lineages/ascomycota_odb10/prfl/203702at4890.prfl	62211	1574253479	
busco_downloads/lineages/ascomycota_odb10/prfl/203775at4890.prfl	61082	1574253479	
busco_downloads/lineages/ascomycota_odb10/prfl/204028at4890.prfl	57784	1574253480	
busco_downloads/lineages/ascomycota_odb10/prfl/204145at4890.prfl	102219	1574253480	
busco_downloads/lineages/ascomycota_odb10/prfl/204180at4890.prfl	50690	1574253479	
busco_downloads/lineages/ascomycota_odb10/prfl/20419at4890.prfl	112527	1574253480	
busco_downloads/lineages/ascomycota_odb10/prfl/204442at4890.prfl	64848	1574253480	
busco_downloads/lineages/ascomycota_odb10/prfl/204897at4890.prfl	76390	1574253479	
busco_downloads/lineages/ascomycota_odb10/prfl/20492at4890.prfl	220403	1574253480	
busco_downloads/lineages/ascomycota_odb10/prfl/205353at4890.prfl	46329	1574253479	
busco_downloads/lineages/ascomycota_odb10/prfl/205428at4890.prfl	56141	1574253480	
busco_downloads/lineages/ascomycota_odb10/prfl/205531at4890.prfl	52425	1574253480	
busco_downloads/lineages/ascomycota_odb10/prfl/20588at4890.prfl	170994	1574253479	
busco_downloads/lineages/ascomycota_odb10/prfl/206382at4890.prfl	49949	1574253480	
busco_downloads/lineages/ascomycota_odb10/prfl/206458at4890.prfl	61999	1574253480	
busco_downloads/lineages/ascomycota_odb10/prfl/206854at4890.prfl	42931	1574253479	
busco_downloads/lineages/ascomycota_odb10/prfl/207048at4890.prfl	63037	1574253480	
busco_downloads/lineages/ascomycota_odb10/prfl/207103at4890.prfl	47107	1574253480	
busco_downloads/lineages/ascomycota_odb10/prfl/207286at4890.prfl	46135	1574253479	
busco_downloads/lineages/ascomycota_odb10/prfl/207433at4890.prfl	80824	1574253480	
busco_downloads/lineages/ascomycota_odb10/prfl/207798at4890.prfl	77450	1574253480	
busco_downloads/lineages/ascomycota_odb10/prfl/207868at4890.prfl	88081	1574253479	
busco_downloads/lineages/ascomycota_odb10/prfl/20789at4890.prfl	191095	1574253479	
busco_downloads/lineages/ascomycota_odb10/prfl/208006at4890.prfl	33712	1574253479	
busco_downloads/lineages/ascomycota_odb10/prfl/208061at4890.prfl	61693	1574253480	
busco_downloads/lineages/ascomycota_odb10/prfl/208457at4890.prfl	60834	1574253479	
busco_downloads/lineages/ascomycota_odb10/prfl/208555at4890.prfl	43669	1574253479	
busco_downloads/lineages/ascomycota_odb10/prfl/20855at4890.prfl	137321	1574253479	
busco_downloads/lineages/ascomycota_odb10/prfl/208614at4890.prfl	104624	1574253480	
busco_downloads/lineages/ascomycota_odb10/prfl/208793at4890.prfl	40558	1574253479	
busco_downloads/lineages/ascomycota_odb10/prfl/209157at4890.prfl	52565	1574253479	
busco_downloads/lineages/ascomycota_odb10/prfl/209240at4890.prfl	60321	1574253480	
busco_downloads/lineages/ascomycota_odb10/prfl/209713at4890.prfl	64559	1574253480	
busco_downloads/lineages/ascomycota_odb10/prfl/209799at4890.prfl	61099	1574253480	
busco_downloads/lineages/ascomycota_odb10/prfl/210094at4890.prfl	70006	1574253479	
busco_downloads/lineages/ascomycota_odb10/prfl/210451at4890.prfl	61295	1574253479	
busco_downloads/lineages/ascomycota_odb10/prfl/210637at4890.prfl	45597	1574253480	
busco_downloads/lineages/ascomycota_odb10/prfl/210922at4890.prfl	93308	1574253479	
busco_downloads/lineages/ascomycota_odb10/prfl/211321at4890.prfl	80340	1574253479	
busco_downloads/lineages/ascomycota_odb10/prfl/21153at4890.prfl	183079	1574253480	
busco_downloads/lineages/ascomycota_odb10/prfl/211757at4890.prfl	50734	1574253479	
busco_downloads/lineages/ascomycota_odb10/prfl/211777at4890.prfl	50478	1574253480	
busco_downloads/lineages/ascomycota_odb10/prfl/211797at4890.prfl	46387	1574253479	
busco_downloads/lineages/ascomycota_odb10/prfl/212080at4890.prfl	57745	1574253479	
busco_downloads/lineages/ascomycota_odb10/prfl/212128at4890.prfl	81095	1574253479	
busco_downloads/lineages/ascomycota_odb10/prfl/212355at4890.prfl	60005	1574253480	
busco_downloads/lineages/ascomycota_odb10/prfl/212510at4890.prfl	32593	1574253479	
busco_downloads/lineages/ascomycota_odb10/prfl/21311at4890.prfl	137650	1574253480	
busco_downloads/lineages/ascomycota_odb10/prfl/213148at4890.prfl	65398	1574253480	
busco_downloads/lineages/ascomycota_odb10/prfl/213356at4890.prfl	50287	1574253480	
busco_downloads/lineages/ascomycota_odb10/prfl/213377at4890.prfl	55248	1574253480	
busco_downloads/lineages/ascomycota_odb10/prfl/213892at4890.prfl	40005	1574253480	
busco_downloads/lineages/ascomycota_odb10/prfl/214133at4890.prfl	56479	1574253480	
busco_downloads/lineages/ascomycota_odb10/prfl/214359at4890.prfl	98000	1574253480	
busco_downloads/lineages/ascomycota_odb10/prfl/214833at4890.prfl	49437	1574253479	
busco_downloads/lineages/ascomycota_odb10/prfl/215011at4890.prfl	54280	1574253479	
busco_downloads/lineages/ascomycota_odb10/prfl/215261at4890.prfl	49447	1574253479	
busco_downloads/lineages/ascomycota_odb10/prfl/215308at4890.prfl	47197	1574253480	
busco_downloads/lineages/ascomycota_odb10/prfl/215317at4890.prfl	55096	1574253479	
busco_downloads/lineages/ascomycota_odb10/prfl/215411at4890.prfl	48026	1574253479	
busco_downloads/lineages/ascomycota_odb10/prfl/215554at4890.prfl	56364	1574253480	
busco_downloads/lineages/ascomycota_odb10/prfl/215583at4890.prfl	74303	1574253480	
busco_downloads/lineages/ascomycota_odb10/prfl/215833at4890.prfl	53660	1574253480	
busco_downloads/lineages/ascomycota_odb10/prfl/215904at4890.prfl	39753	1574253480	
busco_downloads/lineages/ascomycota_odb10/prfl/216166at4890.prfl	55061	1574253479	
busco_downloads/lineages/ascomycota_odb10/prfl/216344at4890.prfl	63658	1574253480	
busco_downloads/lineages/ascomycota_odb10/prfl/216896at4890.prfl	55043	1574253479	
busco_downloads/lineages/ascomycota_odb10/prfl/217058at4890.prfl	68739	1574253479	
busco_downloads/lineages/ascomycota_odb10/prfl/217703at4890.prfl	38074	1574253479	
busco_downloads/lineages/ascomycota_odb10/prfl/217728at4890.prfl	44419	1574253480	
busco_downloads/lineages/ascomycota_odb10/prfl/217765at4890.prfl	45600	1574253479	
busco_downloads/lineages/ascomycota_odb10/prfl/21776at4890.prfl	167692	1574253479	
busco_downloads/lineages/ascomycota_odb10/prfl/218391at4890.prfl	57590	1574253479	
busco_downloads/lineages/ascomycota_odb10/prfl/218543at4890.prfl	67642	1574253480	
busco_downloads/lineages/ascomycota_odb10/prfl/218725at4890.prfl	33941	1574253479	
busco_downloads/lineages/ascomycota_odb10/prfl/218776at4890.prfl	51045	1574253480	
busco_downloads/lineages/ascomycota_odb10/prfl/218881at4890.prfl	58763	1574253479	
busco_downloads/lineages/ascomycota_odb10/prfl/218896at4890.prfl	57556	1574253479	
busco_downloads/lineages/ascomycota_odb10/prfl/218917at4890.prfl	47794	1574253479	
busco_downloads/lineages/ascomycota_odb10/prfl/219141at4890.prfl	49520	1574253479	
busco_downloads/lineages/ascomycota_odb10/prfl/219278at4890.prfl	66026	1574253479	
busco_downloads/lineages/ascomycota_odb10/prfl/219754at4890.prfl	46053	1574253479	
busco_downloads/lineages/ascomycota_odb10/prfl/219826at4890.prfl	52656	1574253479	
busco_downloads/lineages/ascomycota_odb10/prfl/219862at4890.prfl	56353	1574253480	
busco_downloads/lineages/ascomycota_odb10/prfl/219968at4890.prfl	54034	1574253479	
busco_downloads/lineages/ascomycota_odb10/prfl/219972at4890.prfl	60269	1574253480	
busco_downloads/lineages/ascomycota_odb10/prfl/220071at4890.prfl	61865	1574253479	
busco_downloads/lineages/ascomycota_odb10/prfl/220234at4890.prfl	54602	1574253479	
busco_downloads/lineages/ascomycota_odb10/prfl/220278at4890.prfl	58707	1574253480	
busco_downloads/lineages/ascomycota_odb10/prfl/220388at4890.prfl	64973	1574253479	
busco_downloads/lineages/ascomycota_odb10/prfl/220407at4890.prfl	38120	1574253479	
busco_downloads/lineages/ascomycota_odb10/prfl/220544at4890.prfl	59434	1574253479	
busco_downloads/lineages/ascomycota_odb10/prfl/220716at4890.prfl	47358	1574253479	
busco_downloads/lineages/ascomycota_odb10/prfl/221271at4890.prfl	87228	1574253480	
busco_downloads/lineages/ascomycota_odb10/prfl/221486at4890.prfl	53697	1574253479	
busco_downloads/lineages/ascomycota_odb10/prfl/221543at4890.prfl	72305	1574253480	
busco_downloads/lineages/ascomycota_odb10/prfl/221760at4890.prfl	26405	1574253479	
busco_downloads/lineages/ascomycota_odb10/prfl/222288at4890.prfl	77089	1574253479	
busco_downloads/lineages/ascomycota_odb10/prfl/222314at4890.prfl	89075	1574253480	
busco_downloads/lineages/ascomycota_odb10/prfl/222329at4890.prfl	58632	1574253480	
busco_downloads/lineages/ascomycota_odb10/prfl/222386at4890.prfl	38227	1574253479	
busco_downloads/lineages/ascomycota_odb10/prfl/222698at4890.prfl	49425	1574253479	
busco_downloads/lineages/ascomycota_odb10/prfl/22281at4890.prfl	133496	1574253479	
busco_downloads/lineages/ascomycota_odb10/prfl/222945at4890.prfl	45525	1574253479	
busco_downloads/lineages/ascomycota_odb10/prfl/223035at4890.prfl	114256	1574253479	
busco_downloads/lineages/ascomycota_odb10/prfl/223353at4890.prfl	48783	1574253480	
busco_downloads/lineages/ascomycota_odb10/prfl/2239at4890.prfl	354989	1574253480	
busco_downloads/lineages/ascomycota_odb10/prfl/2241at4890.prfl	576362	1574253479	
busco_downloads/lineages/ascomycota_odb10/prfl/224297at4890.prfl	91472	1574253479	
busco_downloads/lineages/ascomycota_odb10/prfl/224512at4890.prfl	40244	1574253479	
busco_downloads/lineages/ascomycota_odb10/prfl/224905at4890.prfl	61429	1574253479	
busco_downloads/lineages/ascomycota_odb10/prfl/225267at4890.prfl	129381	1574253480	
busco_downloads/lineages/ascomycota_odb10/prfl/226272at4890.prfl	52471	1574253479	
busco_downloads/lineages/ascomycota_odb10/prfl/226286at4890.prfl	46079	1574253479	
busco_downloads/lineages/ascomycota_odb10/prfl/226733at4890.prfl	50539	1574253479	
busco_downloads/lineages/ascomycota_odb10/prfl/226829at4890.prfl	63879	1574253479	
busco_downloads/lineages/ascomycota_odb10/prfl/226844at4890.prfl	68365	1574253480	
busco_downloads/lineages/ascomycota_odb10/prfl/227005at4890.prfl	85492	1574253480	
busco_downloads/lineages/ascomycota_odb10/prfl/22726at4890.prfl	169987	1574253480	
busco_downloads/lineages/ascomycota_odb10/prfl/227580at4890.prfl	61869	1574253479	
busco_downloads/lineages/ascomycota_odb10/prfl/227750at4890.prfl	42783	1574253479	
busco_downloads/lineages/ascomycota_odb10/prfl/227777at4890.prfl	47687	1574253479	
busco_downloads/lineages/ascomycota_odb10/prfl/227886at4890.prfl	53065	1574253480	
busco_downloads/lineages/ascomycota_odb10/prfl/228963at4890.prfl	57377	1574253479	
busco_downloads/lineages/ascomycota_odb10/prfl/229025at4890.prfl	60577	1574253480	
busco_downloads/lineages/ascomycota_odb10/prfl/229320at4890.prfl	51410	1574253480	
busco_downloads/lineages/ascomycota_odb10/prfl/229337at4890.prfl	48632	1574253479	
busco_downloads/lineages/ascomycota_odb10/prfl/229818at4890.prfl	52694	1574253480	
busco_downloads/lineages/ascomycota_odb10/prfl/230051at4890.prfl	46940	1574253479	
busco_downloads/lineages/ascomycota_odb10/prfl/230278at4890.prfl	37883	1574253479	
busco_downloads/lineages/ascomycota_odb10/prfl/230342at4890.prfl	35348	1574253479	
busco_downloads/lineages/ascomycota_odb10/prfl/230412at4890.prfl	38187	1574253480	
busco_downloads/lineages/ascomycota_odb10/prfl/230608at4890.prfl	43543	1574253479	
busco_downloads/lineages/ascomycota_odb10/prfl/230658at4890.prfl	70907	1574253480	
busco_downloads/lineages/ascomycota_odb10/prfl/230898at4890.prfl	58312	1574253480	
busco_downloads/lineages/ascomycota_odb10/prfl/230910at4890.prfl	69426	1574253480	
busco_downloads/lineages/ascomycota_odb10/prfl/230943at4890.prfl	39352	1574253479	
busco_downloads/lineages/ascomycota_odb10/prfl/231367at4890.prfl	43546	1574253479	
busco_downloads/lineages/ascomycota_odb10/prfl/231481at4890.prfl	50299	1574253480	
busco_downloads/lineages/ascomycota_odb10/prfl/231583at4890.prfl	51688	1574253479	
busco_downloads/lineages/ascomycota_odb10/prfl/231625at4890.prfl	30782	1574253480	
busco_downloads/lineages/ascomycota_odb10/prfl/231864at4890.prfl	45440	1574253480	
busco_downloads/lineages/ascomycota_odb10/prfl/231869at4890.prfl	52487	1574253480	
busco_downloads/lineages/ascomycota_odb10/prfl/232012at4890.prfl	48096	1574253479	
busco_downloads/lineages/ascomycota_odb10/prfl/232480at4890.prfl	45581	1574253479	
busco_downloads/lineages/ascomycota_odb10/prfl/232770at4890.prfl	43420	1574253480	
busco_downloads/lineages/ascomycota_odb10/prfl/232862at4890.prfl	44763	1574253479	
busco_downloads/lineages/ascomycota_odb10/prfl/232874at4890.prfl	45081	1574253479	
busco_downloads/lineages/ascomycota_odb10/prfl/233265at4890.prfl	32402	1574253480	
busco_downloads/lineages/ascomycota_odb10/prfl/233273at4890.prfl	45422	1574253479	
busco_downloads/lineages/ascomycota_odb10/prfl/233393at4890.prfl	74075	1574253479	
busco_downloads/lineages/ascomycota_odb10/prfl/233449at4890.prfl	80009	1574253480	
busco_downloads/lineages/ascomycota_odb10/prfl/233576at4890.prfl	51808	1574253479	
busco_downloads/lineages/ascomycota_odb10/prfl/233592at4890.prfl	40499	1574253479	
busco_downloads/lineages/ascomycota_odb10/prfl/233846at4890.prfl	45105	1574253479	
busco_downloads/lineages/ascomycota_odb10/prfl/23385at4890.prfl	142963	1574253480	
busco_downloads/lineages/ascomycota_odb10/prfl/233978at4890.prfl	51553	1574253480	
busco_downloads/lineages/ascomycota_odb10/prfl/234076at4890.prfl	64459	1574253480	
busco_downloads/lineages/ascomycota_odb10/prfl/234337at4890.prfl	52372	1574253479	
busco_downloads/lineages/ascomycota_odb10/prfl/234447at4890.prfl	45952	1574253479	
busco_downloads/lineages/ascomycota_odb10/prfl/234735at4890.prfl	60864	1574253480	
busco_downloads/lineages/ascomycota_odb10/prfl/234908at4890.prfl	75461	1574253479	
busco_downloads/lineages/ascomycota_odb10/prfl/235018at4890.prfl	41121	1574253479	
busco_downloads/lineages/ascomycota_odb10/prfl/235054at4890.prfl	43519	1574253480	
busco_downloads/lineages/ascomycota_odb10/prfl/235113at4890.prfl	37818	1574253479	
busco_downloads/lineages/ascomycota_odb10/prfl/235288at4890.prfl	102363	1574253480	
busco_downloads/lineages/ascomycota_odb10/prfl/235543at4890.prfl	51788	1574253479	
busco_downloads/lineages/ascomycota_odb10/prfl/235549at4890.prfl	39570	1574253479	
busco_downloads/lineages/ascomycota_odb10/prfl/235706at4890.prfl	68466	1574253480	
busco_downloads/lineages/ascomycota_odb10/prfl/235718at4890.prfl	61783	1574253480	
busco_downloads/lineages/ascomycota_odb10/prfl/235839at4890.prfl	46399	1574253479	
busco_downloads/lineages/ascomycota_odb10/prfl/235936at4890.prfl	55322	1574253480	
busco_downloads/lineages/ascomycota_odb10/prfl/236419at4890.prfl	64346	1574253480	
busco_downloads/lineages/ascomycota_odb10/prfl/236779at4890.prfl	63881	1574253479	
busco_downloads/lineages/ascomycota_odb10/prfl/237107at4890.prfl	110164	1574253479	
busco_downloads/lineages/ascomycota_odb10/prfl/237125at4890.prfl	46902	1574253480	
busco_downloads/lineages/ascomycota_odb10/prfl/237221at4890.prfl	108174	1574253480	
busco_downloads/lineages/ascomycota_odb10/prfl/237486at4890.prfl	62151	1574253480	
busco_downloads/lineages/ascomycota_odb10/prfl/237745at4890.prfl	42177	1574253480	
busco_downloads/lineages/ascomycota_odb10/prfl/237832at4890.prfl	50619	1574253479	
busco_downloads/lineages/ascomycota_odb10/prfl/237963at4890.prfl	50448	1574253480	
busco_downloads/lineages/ascomycota_odb10/prfl/238074at4890.prfl	73661	1574253479	
busco_downloads/lineages/ascomycota_odb10/prfl/238193at4890.prfl	72856	1574253479	
busco_downloads/lineages/ascomycota_odb10/prfl/238200at4890.prfl	36289	1574253480	
busco_downloads/lineages/ascomycota_odb10/prfl/238276at4890.prfl	52484	1574253480	
busco_downloads/lineages/ascomycota_odb10/prfl/238346at4890.prfl	48800	1574253479	
busco_downloads/lineages/ascomycota_odb10/prfl/238870at4890.prfl	35410	1574253480	
busco_downloads/lineages/ascomycota_odb10/prfl/239391at4890.prfl	52053	1574253479	
busco_downloads/lineages/ascomycota_odb10/prfl/239792at4890.prfl	49460	1574253479	
busco_downloads/lineages/ascomycota_odb10/prfl/240077at4890.prfl	63644	1574253480	
busco_downloads/lineages/ascomycota_odb10/prfl/240268at4890.prfl	61834	1574253480	
busco_downloads/lineages/ascomycota_odb10/prfl/240648at4890.prfl	53372	1574253479	
busco_downloads/lineages/ascomycota_odb10/prfl/240673at4890.prfl	50847	1574253480	
busco_downloads/lineages/ascomycota_odb10/prfl/240811at4890.prfl	72370	1574253479	
busco_downloads/lineages/ascomycota_odb10/prfl/240900at4890.prfl	124383	1574253479	
busco_downloads/lineages/ascomycota_odb10/prfl/241147at4890.prfl	58644	1574253480	
busco_downloads/lineages/ascomycota_odb10/prfl/241549at4890.prfl	44493	1574253479	
busco_downloads/lineages/ascomycota_odb10/prfl/241578at4890.prfl	39075	1574253479	
busco_downloads/lineages/ascomycota_odb10/prfl/241583at4890.prfl	63432	1574253479	
busco_downloads/lineages/ascomycota_odb10/prfl/241877at4890.prfl	57563	1574253480	
busco_downloads/lineages/ascomycota_odb10/prfl/242327at4890.prfl	40941	1574253480	
busco_downloads/lineages/ascomycota_odb10/prfl/242389at4890.prfl	55562	1574253480	
busco_downloads/lineages/ascomycota_odb10/prfl/24253at4890.prfl	175754	1574253480	
busco_downloads/lineages/ascomycota_odb10/prfl/242683at4890.prfl	50747	1574253480	
busco_downloads/lineages/ascomycota_odb10/prfl/243083at4890.prfl	29215	1574253479	
busco_downloads/lineages/ascomycota_odb10/prfl/243858at4890.prfl	45882	1574253479	
busco_downloads/lineages/ascomycota_odb10/prfl/24394at4890.prfl	169397	1574253479	
busco_downloads/lineages/ascomycota_odb10/prfl/243954at4890.prfl	53329	1574253479	
busco_downloads/lineages/ascomycota_odb10/prfl/243979at4890.prfl	60449	1574253480	
busco_downloads/lineages/ascomycota_odb10/prfl/244012at4890.prfl	36347	1574253479	
busco_downloads/lineages/ascomycota_odb10/prfl/244385at4890.prfl	54524	1574253480	
busco_downloads/lineages/ascomycota_odb10/prfl/244530at4890.prfl	133366	1574253480	
busco_downloads/lineages/ascomycota_odb10/prfl/244701at4890.prfl	50398	1574253480	
busco_downloads/lineages/ascomycota_odb10/prfl/244767at4890.prfl	60867	1574253479	
busco_downloads/lineages/ascomycota_odb10/prfl/244832at4890.prfl	94824	1574253479	
busco_downloads/lineages/ascomycota_odb10/prfl/244949at4890.prfl	46687	1574253479	
busco_downloads/lineages/ascomycota_odb10/prfl/245002at4890.prfl	35560	1574253479	
busco_downloads/lineages/ascomycota_odb10/prfl/245101at4890.prfl	53122	1574253479	
busco_downloads/lineages/ascomycota_odb10/prfl/245384at4890.prfl	52723	1574253479	
busco_downloads/lineages/ascomycota_odb10/prfl/245419at4890.prfl	52126	1574253479	
busco_downloads/lineages/ascomycota_odb10/prfl/245473at4890.prfl	63670	1574253480	
busco_downloads/lineages/ascomycota_odb10/prfl/245477at4890.prfl	64496	1574253479	
busco_downloads/lineages/ascomycota_odb10/prfl/245497at4890.prfl	87085	1574253479	
busco_downloads/lineages/ascomycota_odb10/prfl/245815at4890.prfl	60380	1574253479	
busco_downloads/lineages/ascomycota_odb10/prfl/246092at4890.prfl	39433	1574253480	
busco_downloads/lineages/ascomycota_odb10/prfl/246212at4890.prfl	48270	1574253480	
busco_downloads/lineages/ascomycota_odb10/prfl/246646at4890.prfl	42470	1574253479	
busco_downloads/lineages/ascomycota_odb10/prfl/246691at4890.prfl	71112	1574253479	
busco_downloads/lineages/ascomycota_odb10/prfl/24733at4890.prfl	144895	1574253480	
busco_downloads/lineages/ascomycota_odb10/prfl/247748at4890.prfl	41881	1574253479	
busco_downloads/lineages/ascomycota_odb10/prfl/247789at4890.prfl	64428	1574253479	
busco_downloads/lineages/ascomycota_odb10/prfl/248447at4890.prfl	69989	1574253479	
busco_downloads/lineages/ascomycota_odb10/prfl/248499at4890.prfl	57044	1574253480	
busco_downloads/lineages/ascomycota_odb10/prfl/248587at4890.prfl	61343	1574253479	
busco_downloads/lineages/ascomycota_odb10/prfl/248680at4890.prfl	34603	1574253480	
busco_downloads/lineages/ascomycota_odb10/prfl/248841at4890.prfl	43184	1574253480	
busco_downloads/lineages/ascomycota_odb10/prfl/249092at4890.prfl	110094	1574253480	
busco_downloads/lineages/ascomycota_odb10/prfl/249382at4890.prfl	78858	1574253480	
busco_downloads/lineages/ascomycota_odb10/prfl/249697at4890.prfl	33324	1574253479	
busco_downloads/lineages/ascomycota_odb10/prfl/249890at4890.prfl	85183	1574253479	
busco_downloads/lineages/ascomycota_odb10/prfl/249995at4890.prfl	29645	1574253480	
busco_downloads/lineages/ascomycota_odb10/prfl/250134at4890.prfl	52592	1574253479	
busco_downloads/lineages/ascomycota_odb10/prfl/250246at4890.prfl	72093	1574253479	
busco_downloads/lineages/ascomycota_odb10/prfl/250296at4890.prfl	102683	1574253479	
busco_downloads/lineages/ascomycota_odb10/prfl/250301at4890.prfl	79674	1574253479	
busco_downloads/lineages/ascomycota_odb10/prfl/250313at4890.prfl	80645	1574253479	
busco_downloads/lineages/ascomycota_odb10/prfl/250347at4890.prfl	39330	1574253479	
busco_downloads/lineages/ascomycota_odb10/prfl/250752at4890.prfl	41331	1574253480	
busco_downloads/lineages/ascomycota_odb10/prfl/250799at4890.prfl	48866	1574253480	
busco_downloads/lineages/ascomycota_odb10/prfl/251027at4890.prfl	76140	1574253479	
busco_downloads/lineages/ascomycota_odb10/prfl/251368at4890.prfl	59152	1574253479	
busco_downloads/lineages/ascomycota_odb10/prfl/251484at4890.prfl	38874	1574253479	
busco_downloads/lineages/ascomycota_odb10/prfl/251523at4890.prfl	38672	1574253479	
busco_downloads/lineages/ascomycota_odb10/prfl/251755at4890.prfl	40612	1574253479	
busco_downloads/lineages/ascomycota_odb10/prfl/252424at4890.prfl	49809	1574253480	
busco_downloads/lineages/ascomycota_odb10/prfl/25255at4890.prfl	160890	1574253479	
busco_downloads/lineages/ascomycota_odb10/prfl/252644at4890.prfl	34937	1574253479	
busco_downloads/lineages/ascomycota_odb10/prfl/25264at4890.prfl	224042	1574253479	
busco_downloads/lineages/ascomycota_odb10/prfl/252783at4890.prfl	48196	1574253480	
busco_downloads/lineages/ascomycota_odb10/prfl/252800at4890.prfl	36076	1574253479	
busco_downloads/lineages/ascomycota_odb10/prfl/252872at4890.prfl	59360	1574253480	
busco_downloads/lineages/ascomycota_odb10/prfl/252904at4890.prfl	65314	1574253480	
busco_downloads/lineages/ascomycota_odb10/prfl/252971at4890.prfl	40500	1574253479	
busco_downloads/lineages/ascomycota_odb10/prfl/253075at4890.prfl	83096	1574253479	
busco_downloads/lineages/ascomycota_odb10/prfl/253252at4890.prfl	57474	1574253480	
busco_downloads/lineages/ascomycota_odb10/prfl/25328at4890.prfl	135500	1574253479	
busco_downloads/lineages/ascomycota_odb10/prfl/253604at4890.prfl	56288	1574253480	
busco_downloads/lineages/ascomycota_odb10/prfl/253847at4890.prfl	39012	1574253480	
busco_downloads/lineages/ascomycota_odb10/prfl/254166at4890.prfl	38917	1574253479	
busco_downloads/lineages/ascomycota_odb10/prfl/254331at4890.prfl	62305	1574253480	
busco_downloads/lineages/ascomycota_odb10/prfl/254455at4890.prfl	40658	1574253479	
busco_downloads/lineages/ascomycota_odb10/prfl/254626at4890.prfl	43630	1574253479	
busco_downloads/lineages/ascomycota_odb10/prfl/254639at4890.prfl	35329	1574253480	
busco_downloads/lineages/ascomycota_odb10/prfl/254786at4890.prfl	68703	1574253479	
busco_downloads/lineages/ascomycota_odb10/prfl/254858at4890.prfl	50775	1574253480	
busco_downloads/lineages/ascomycota_odb10/prfl/25517at4890.prfl	151766	1574253480	
busco_downloads/lineages/ascomycota_odb10/prfl/255376at4890.prfl	51000	1574253480	
busco_downloads/lineages/ascomycota_odb10/prfl/255380at4890.prfl	31628	1574253479	
busco_downloads/lineages/ascomycota_odb10/prfl/255551at4890.prfl	46731	1574253479	
busco_downloads/lineages/ascomycota_odb10/prfl/255705at4890.prfl	36822	1574253479	
busco_downloads/lineages/ascomycota_odb10/prfl/255755at4890.prfl	33279	1574253479	
busco_downloads/lineages/ascomycota_odb10/prfl/255895at4890.prfl	42568	1574253479	
busco_downloads/lineages/ascomycota_odb10/prfl/255986at4890.prfl	73202	1574253480	
busco_downloads/lineages/ascomycota_odb10/prfl/256024at4890.prfl	69045	1574253479	
busco_downloads/lineages/ascomycota_odb10/prfl/256060at4890.prfl	119392	1574253480	
busco_downloads/lineages/ascomycota_odb10/prfl/256298at4890.prfl	66970	1574253479	
busco_downloads/lineages/ascomycota_odb10/prfl/256494at4890.prfl	33852	1574253480	
busco_downloads/lineages/ascomycota_odb10/prfl/256615at4890.prfl	26371	1574253480	
busco_downloads/lineages/ascomycota_odb10/prfl/256718at4890.prfl	82062	1574253479	
busco_downloads/lineages/ascomycota_odb10/prfl/25673at4890.prfl	89425	1574253479	
busco_downloads/lineages/ascomycota_odb10/prfl/256894at4890.prfl	29650	1574253480	
busco_downloads/lineages/ascomycota_odb10/prfl/257462at4890.prfl	36455	1574253479	
busco_downloads/lineages/ascomycota_odb10/prfl/257722at4890.prfl	49152	1574253479	
busco_downloads/lineages/ascomycota_odb10/prfl/257769at4890.prfl	56039	1574253479	
busco_downloads/lineages/ascomycota_odb10/prfl/257859at4890.prfl	77204	1574253479	
busco_downloads/lineages/ascomycota_odb10/prfl/258191at4890.prfl	54295	1574253479	
busco_downloads/lineages/ascomycota_odb10/prfl/258298at4890.prfl	79148	1574253480	
busco_downloads/lineages/ascomycota_odb10/prfl/258479at4890.prfl	39789	1574253479	
busco_downloads/lineages/ascomycota_odb10/prfl/25857at4890.prfl	125087	1574253480	
busco_downloads/lineages/ascomycota_odb10/prfl/258821at4890.prfl	43238	1574253480	
busco_downloads/lineages/ascomycota_odb10/prfl/258855at4890.prfl	46826	1574253480	
busco_downloads/lineages/ascomycota_odb10/prfl/25885at4890.prfl	139981	1574253480	
busco_downloads/lineages/ascomycota_odb10/prfl/259169at4890.prfl	40496	1574253479	
busco_downloads/lineages/ascomycota_odb10/prfl/25961at4890.prfl	113996	1574253480	
busco_downloads/lineages/ascomycota_odb10/prfl/260012at4890.prfl	54738	1574253479	
busco_downloads/lineages/ascomycota_odb10/prfl/260411at4890.prfl	52785	1574253480	
busco_downloads/lineages/ascomycota_odb10/prfl/260796at4890.prfl	76500	1574253480	
busco_downloads/lineages/ascomycota_odb10/prfl/260824at4890.prfl	44430	1574253479	
busco_downloads/lineages/ascomycota_odb10/prfl/261134at4890.prfl	52921	1574253480	
busco_downloads/lineages/ascomycota_odb10/prfl/261144at4890.prfl	47546	1574253479	
busco_downloads/lineages/ascomycota_odb10/prfl/261164at4890.prfl	49058	1574253479	
busco_downloads/lineages/ascomycota_odb10/prfl/261240at4890.prfl	42743	1574253480	
busco_downloads/lineages/ascomycota_odb10/prfl/26127at4890.prfl	139140	1574253480	
busco_downloads/lineages/ascomycota_odb10/prfl/261417at4890.prfl	37535	1574253480	
busco_downloads/lineages/ascomycota_odb10/prfl/261552at4890.prfl	44979	1574253479	
busco_downloads/lineages/ascomycota_odb10/prfl/261727at4890.prfl	34232	1574253479	
busco_downloads/lineages/ascomycota_odb10/prfl/262326at4890.prfl	45728	1574253480	
busco_downloads/lineages/ascomycota_odb10/prfl/262423at4890.prfl	46894	1574253480	
busco_downloads/lineages/ascomycota_odb10/prfl/262514at4890.prfl	88853	1574253480	
busco_downloads/lineages/ascomycota_odb10/prfl/262708at4890.prfl	43684	1574253480	
busco_downloads/lineages/ascomycota_odb10/prfl/262792at4890.prfl	32264	1574253479	
busco_downloads/lineages/ascomycota_odb10/prfl/262829at4890.prfl	39654	1574253479	
busco_downloads/lineages/ascomycota_odb10/prfl/262969at4890.prfl	42373	1574253479	
busco_downloads/lineages/ascomycota_odb10/prfl/2629at4890.prfl	502400	1574253480	
busco_downloads/lineages/ascomycota_odb10/prfl/263017at4890.prfl	30226	1574253479	
busco_downloads/lineages/ascomycota_odb10/prfl/263086at4890.prfl	78432	1574253480	
busco_downloads/lineages/ascomycota_odb10/prfl/263093at4890.prfl	50796	1574253479	
busco_downloads/lineages/ascomycota_odb10/prfl/263105at4890.prfl	45724	1574253480	
busco_downloads/lineages/ascomycota_odb10/prfl/263174at4890.prfl	54071	1574253480	
busco_downloads/lineages/ascomycota_odb10/prfl/263183at4890.prfl	58551	1574253480	
busco_downloads/lineages/ascomycota_odb10/prfl/263191at4890.prfl	62100	1574253479	
busco_downloads/lineages/ascomycota_odb10/prfl/263249at4890.prfl	99068	1574253479	
busco_downloads/lineages/ascomycota_odb10/prfl/263345at4890.prfl	35950	1574253479	
busco_downloads/lineages/ascomycota_odb10/prfl/263689at4890.prfl	42597	1574253479	
busco_downloads/lineages/ascomycota_odb10/prfl/263705at4890.prfl	47204	1574253479	
busco_downloads/lineages/ascomycota_odb10/prfl/263790at4890.prfl	49253	1574253479	
busco_downloads/lineages/ascomycota_odb10/prfl/263833at4890.prfl	41687	1574253480	
busco_downloads/lineages/ascomycota_odb10/prfl/263839at4890.prfl	45281	1574253479	
busco_downloads/lineages/ascomycota_odb10/prfl/263860at4890.prfl	45663	1574253479	
busco_downloads/lineages/ascomycota_odb10/prfl/263881at4890.prfl	65456	1574253480	
busco_downloads/lineages/ascomycota_odb10/prfl/263885at4890.prfl	64974	1574253479	
busco_downloads/lineages/ascomycota_odb10/prfl/263988at4890.prfl	39240	1574253479	
busco_downloads/lineages/ascomycota_odb10/prfl/263993at4890.prfl	80925	1574253479	
busco_downloads/lineages/ascomycota_odb10/prfl/264126at4890.prfl	52071	1574253479	
busco_downloads/lineages/ascomycota_odb10/prfl/264501at4890.prfl	39817	1574253479	
busco_downloads/lineages/ascomycota_odb10/prfl/264525at4890.prfl	49462	1574253480	
busco_downloads/lineages/ascomycota_odb10/prfl/264623at4890.prfl	67528	1574253480	
busco_downloads/lineages/ascomycota_odb10/prfl/264844at4890.prfl	48993	1574253479	
busco_downloads/lineages/ascomycota_odb10/prfl/264968at4890.prfl	28273	1574253479	
busco_downloads/lineages/ascomycota_odb10/prfl/264990at4890.prfl	29954	1574253479	
busco_downloads/lineages/ascomycota_odb10/prfl/265011at4890.prfl	37869	1574253479	
busco_downloads/lineages/ascomycota_odb10/prfl/265363at4890.prfl	52246	1574253479	
busco_downloads/lineages/ascomycota_odb10/prfl/2653at4890.prfl	285275	1574253480	
busco_downloads/lineages/ascomycota_odb10/prfl/265624at4890.prfl	43308	1574253479	
busco_downloads/lineages/ascomycota_odb10/prfl/265943at4890.prfl	21887	1574253479	
busco_downloads/lineages/ascomycota_odb10/prfl/265982at4890.prfl	39026	1574253480	
busco_downloads/lineages/ascomycota_odb10/prfl/26601at4890.prfl	162255	1574253480	
busco_downloads/lineages/ascomycota_odb10/prfl/266079at4890.prfl	43515	1574253479	
busco_downloads/lineages/ascomycota_odb10/prfl/266118at4890.prfl	54681	1574253480	
busco_downloads/lineages/ascomycota_odb10/prfl/266187at4890.prfl	76763	1574253479	
busco_downloads/lineages/ascomycota_odb10/prfl/266277at4890.prfl	46611	1574253480	
busco_downloads/lineages/ascomycota_odb10/prfl/266338at4890.prfl	27425	1574253480	
busco_downloads/lineages/ascomycota_odb10/prfl/266795at4890.prfl	59694	1574253480	
busco_downloads/lineages/ascomycota_odb10/prfl/266962at4890.prfl	34533	1574253479	
busco_downloads/lineages/ascomycota_odb10/prfl/267369at4890.prfl	29732	1574253480	
busco_downloads/lineages/ascomycota_odb10/prfl/267609at4890.prfl	55692	1574253479	
busco_downloads/lineages/ascomycota_odb10/prfl/26763at4890.prfl	175401	1574253479	
busco_downloads/lineages/ascomycota_odb10/prfl/267801at4890.prfl	41156	1574253479	
busco_downloads/lineages/ascomycota_odb10/prfl/267819at4890.prfl	32739	1574253479	
busco_downloads/lineages/ascomycota_odb10/prfl/267902at4890.prfl	43641	1574253480	
busco_downloads/lineages/ascomycota_odb10/prfl/26790at4890.prfl	126787	1574253480	
busco_downloads/lineages/ascomycota_odb10/prfl/267978at4890.prfl	42866	1574253479	
busco_downloads/lineages/ascomycota_odb10/prfl/268072at4890.prfl	67374	1574253479	
busco_downloads/lineages/ascomycota_odb10/prfl/268297at4890.prfl	45727	1574253479	
busco_downloads/lineages/ascomycota_odb10/prfl/268426at4890.prfl	60344	1574253480	
busco_downloads/lineages/ascomycota_odb10/prfl/268668at4890.prfl	50839	1574253480	
busco_downloads/lineages/ascomycota_odb10/prfl/269003at4890.prfl	28422	1574253480	
busco_downloads/lineages/ascomycota_odb10/prfl/269204at4890.prfl	100791	1574253479	
busco_downloads/lineages/ascomycota_odb10/prfl/269333at4890.prfl	38412	1574253479	
busco_downloads/lineages/ascomycota_odb10/prfl/269438at4890.prfl	40828	1574253479	
busco_downloads/lineages/ascomycota_odb10/prfl/269562at4890.prfl	47946	1574253480	
busco_downloads/lineages/ascomycota_odb10/prfl/269857at4890.prfl	36091	1574253479	
busco_downloads/lineages/ascomycota_odb10/prfl/269906at4890.prfl	68691	1574253479	
busco_downloads/lineages/ascomycota_odb10/prfl/269917at4890.prfl	80021	1574253479	
busco_downloads/lineages/ascomycota_odb10/prfl/269969at4890.prfl	146925	1574253479	
busco_downloads/lineages/ascomycota_odb10/prfl/270210at4890.prfl	40026	1574253479	
busco_downloads/lineages/ascomycota_odb10/prfl/270320at4890.prfl	65077	1574253479	
busco_downloads/lineages/ascomycota_odb10/prfl/27070at4890.prfl	113153	1574253479	
busco_downloads/lineages/ascomycota_odb10/prfl/270956at4890.prfl	33110	1574253480	
busco_downloads/lineages/ascomycota_odb10/prfl/271054at4890.prfl	34817	1574253480	
busco_downloads/lineages/ascomycota_odb10/prfl/271295at4890.prfl	43005	1574253479	
busco_downloads/lineages/ascomycota_odb10/prfl/271351at4890.prfl	45151	1574253479	
busco_downloads/lineages/ascomycota_odb10/prfl/271463at4890.prfl	33501	1574253479	
busco_downloads/lineages/ascomycota_odb10/prfl/271755at4890.prfl	50841	1574253479	
busco_downloads/lineages/ascomycota_odb10/prfl/271897at4890.prfl	182576	1574253480	
busco_downloads/lineages/ascomycota_odb10/prfl/271944at4890.prfl	30806	1574253479	
busco_downloads/lineages/ascomycota_odb10/prfl/271948at4890.prfl	33732	1574253479	
busco_downloads/lineages/ascomycota_odb10/prfl/272417at4890.prfl	46648	1574253479	
busco_downloads/lineages/ascomycota_odb10/prfl/272698at4890.prfl	30781	1574253479	
busco_downloads/lineages/ascomycota_odb10/prfl/272927at4890.prfl	49003	1574253480	
busco_downloads/lineages/ascomycota_odb10/prfl/27306at4890.prfl	129370	1574253480	
busco_downloads/lineages/ascomycota_odb10/prfl/273326at4890.prfl	40381	1574253480	
busco_downloads/lineages/ascomycota_odb10/prfl/273926at4890.prfl	66314	1574253479	
busco_downloads/lineages/ascomycota_odb10/prfl/273954at4890.prfl	34258	1574253480	
busco_downloads/lineages/ascomycota_odb10/prfl/27399at4890.prfl	180776	1574253480	
busco_downloads/lineages/ascomycota_odb10/prfl/274128at4890.prfl	51492	1574253480	
busco_downloads/lineages/ascomycota_odb10/prfl/274355at4890.prfl	30827	1574253480	
busco_downloads/lineages/ascomycota_odb10/prfl/274593at4890.prfl	66536	1574253480	
busco_downloads/lineages/ascomycota_odb10/prfl/274728at4890.prfl	33497	1574253479	
busco_downloads/lineages/ascomycota_odb10/prfl/275008at4890.prfl	39242	1574253479	
busco_downloads/lineages/ascomycota_odb10/prfl/275223at4890.prfl	36047	1574253480	
busco_downloads/lineages/ascomycota_odb10/prfl/275250at4890.prfl	30523	1574253479	
busco_downloads/lineages/ascomycota_odb10/prfl/275358at4890.prfl	64859	1574253479	
busco_downloads/lineages/ascomycota_odb10/prfl/27578at4890.prfl	91785	1574253480	
busco_downloads/lineages/ascomycota_odb10/prfl/276054at4890.prfl	41906	1574253479	
busco_downloads/lineages/ascomycota_odb10/prfl/276376at4890.prfl	46143	1574253479	
busco_downloads/lineages/ascomycota_odb10/prfl/276385at4890.prfl	58006	1574253479	
busco_downloads/lineages/ascomycota_odb10/prfl/276617at4890.prfl	32407	1574253479	
busco_downloads/lineages/ascomycota_odb10/prfl/276957at4890.prfl	36435	1574253480	
busco_downloads/lineages/ascomycota_odb10/prfl/277044at4890.prfl	63606	1574253479	
busco_downloads/lineages/ascomycota_odb10/prfl/277287at4890.prfl	41292	1574253480	
busco_downloads/lineages/ascomycota_odb10/prfl/277312at4890.prfl	34562	1574253480	
busco_downloads/lineages/ascomycota_odb10/prfl/277375at4890.prfl	42710	1574253479	
busco_downloads/lineages/ascomycota_odb10/prfl/277413at4890.prfl	56047	1574253479	
busco_downloads/lineages/ascomycota_odb10/prfl/277433at4890.prfl	41102	1574253480	
busco_downloads/lineages/ascomycota_odb10/prfl/27756at4890.prfl	143250	1574253479	
busco_downloads/lineages/ascomycota_odb10/prfl/27773at4890.prfl	131764	1574253479	
busco_downloads/lineages/ascomycota_odb10/prfl/277837at4890.prfl	57913	1574253480	
busco_downloads/lineages/ascomycota_odb10/prfl/278070at4890.prfl	42231	1574253479	
busco_downloads/lineages/ascomycota_odb10/prfl/278098at4890.prfl	32229	1574253479	
busco_downloads/lineages/ascomycota_odb10/prfl/278809at4890.prfl	47341	1574253480	
busco_downloads/lineages/ascomycota_odb10/prfl/278843at4890.prfl	27676	1574253479	
busco_downloads/lineages/ascomycota_odb10/prfl/278940at4890.prfl	39135	1574253480	
busco_downloads/lineages/ascomycota_odb10/prfl/278954at4890.prfl	32487	1574253479	
busco_downloads/lineages/ascomycota_odb10/prfl/279024at4890.prfl	47947	1574253479	
busco_downloads/lineages/ascomycota_odb10/prfl/279318at4890.prfl	43003	1574253480	
busco_downloads/lineages/ascomycota_odb10/prfl/279338at4890.prfl	39644	1574253479	
busco_downloads/lineages/ascomycota_odb10/prfl/279471at4890.prfl	58633	1574253480	
busco_downloads/lineages/ascomycota_odb10/prfl/279698at4890.prfl	42073	1574253479	
busco_downloads/lineages/ascomycota_odb10/prfl/279791at4890.prfl	37424	1574253480	
busco_downloads/lineages/ascomycota_odb10/prfl/280182at4890.prfl	44471	1574253480	
busco_downloads/lineages/ascomycota_odb10/prfl/280473at4890.prfl	48168	1574253479	
busco_downloads/lineages/ascomycota_odb10/prfl/280584at4890.prfl	57353	1574253479	
busco_downloads/lineages/ascomycota_odb10/prfl/280598at4890.prfl	32929	1574253480	
busco_downloads/lineages/ascomycota_odb10/prfl/281016at4890.prfl	107670	1574253479	
busco_downloads/lineages/ascomycota_odb10/prfl/281256at4890.prfl	59604	1574253479	
busco_downloads/lineages/ascomycota_odb10/prfl/281437at4890.prfl	37663	1574253479	
busco_downloads/lineages/ascomycota_odb10/prfl/281561at4890.prfl	47959	1574253480	
busco_downloads/lineages/ascomycota_odb10/prfl/281608at4890.prfl	47204	1574253480	
busco_downloads/lineages/ascomycota_odb10/prfl/281842at4890.prfl	82293	1574253480	
busco_downloads/lineages/ascomycota_odb10/prfl/282074at4890.prfl	30941	1574253480	
busco_downloads/lineages/ascomycota_odb10/prfl/28275at4890.prfl	154117	1574253480	
busco_downloads/lineages/ascomycota_odb10/prfl/282988at4890.prfl	37985	1574253480	
busco_downloads/lineages/ascomycota_odb10/prfl/283722at4890.prfl	30820	1574253479	
busco_downloads/lineages/ascomycota_odb10/prfl/283796at4890.prfl	51985	1574253479	
busco_downloads/lineages/ascomycota_odb10/prfl/283894at4890.prfl	64955	1574253480	
busco_downloads/lineages/ascomycota_odb10/prfl/284017at4890.prfl	35287	1574253479	
busco_downloads/lineages/ascomycota_odb10/prfl/284179at4890.prfl	38113	1574253480	
busco_downloads/lineages/ascomycota_odb10/prfl/284344at4890.prfl	36124	1574253479	
busco_downloads/lineages/ascomycota_odb10/prfl/284420at4890.prfl	90951	1574253479	
busco_downloads/lineages/ascomycota_odb10/prfl/284429at4890.prfl	28086	1574253479	
busco_downloads/lineages/ascomycota_odb10/prfl/284580at4890.prfl	38614	1574253480	
busco_downloads/lineages/ascomycota_odb10/prfl/284643at4890.prfl	26847	1574253480	
busco_downloads/lineages/ascomycota_odb10/prfl/28480at4890.prfl	135180	1574253479	
busco_downloads/lineages/ascomycota_odb10/prfl/284910at4890.prfl	70512	1574253479	
busco_downloads/lineages/ascomycota_odb10/prfl/285036at4890.prfl	45974	1574253479	
busco_downloads/lineages/ascomycota_odb10/prfl/285124at4890.prfl	89600	1574253480	
busco_downloads/lineages/ascomycota_odb10/prfl/285140at4890.prfl	44776	1574253479	
busco_downloads/lineages/ascomycota_odb10/prfl/285324at4890.prfl	49651	1574253480	
busco_downloads/lineages/ascomycota_odb10/prfl/285355at4890.prfl	31808	1574253480	
busco_downloads/lineages/ascomycota_odb10/prfl/285364at4890.prfl	59483	1574253480	
busco_downloads/lineages/ascomycota_odb10/prfl/285587at4890.prfl	37555	1574253479	
busco_downloads/lineages/ascomycota_odb10/prfl/285859at4890.prfl	30124	1574253479	
busco_downloads/lineages/ascomycota_odb10/prfl/285875at4890.prfl	69713	1574253480	
busco_downloads/lineages/ascomycota_odb10/prfl/286049at4890.prfl	49582	1574253479	
busco_downloads/lineages/ascomycota_odb10/prfl/286118at4890.prfl	49451	1574253479	
busco_downloads/lineages/ascomycota_odb10/prfl/286579at4890.prfl	42421	1574253480	
busco_downloads/lineages/ascomycota_odb10/prfl/286606at4890.prfl	79596	1574253479	
busco_downloads/lineages/ascomycota_odb10/prfl/28672at4890.prfl	168893	1574253480	
busco_downloads/lineages/ascomycota_odb10/prfl/286813at4890.prfl	37475	1574253480	
busco_downloads/lineages/ascomycota_odb10/prfl/286855at4890.prfl	36206	1574253479	
busco_downloads/lineages/ascomycota_odb10/prfl/286922at4890.prfl	29215	1574253479	
busco_downloads/lineages/ascomycota_odb10/prfl/287038at4890.prfl	24016	1574253480	
busco_downloads/lineages/ascomycota_odb10/prfl/287330at4890.prfl	64008	1574253480	
busco_downloads/lineages/ascomycota_odb10/prfl/287439at4890.prfl	35431	1574253480	
busco_downloads/lineages/ascomycota_odb10/prfl/287749at4890.prfl	30407	1574253479	
busco_downloads/lineages/ascomycota_odb10/prfl/287798at4890.prfl	27549	1574253479	
busco_downloads/lineages/ascomycota_odb10/prfl/287911at4890.prfl	53745	1574253480	
busco_downloads/lineages/ascomycota_odb10/prfl/287912at4890.prfl	35749	1574253479	
busco_downloads/lineages/ascomycota_odb10/prfl/288157at4890.prfl	26945	1574253479	
busco_downloads/lineages/ascomycota_odb10/prfl/288189at4890.prfl	35338	1574253479	
busco_downloads/lineages/ascomycota_odb10/prfl/288300at4890.prfl	51582	1574253480	
busco_downloads/lineages/ascomycota_odb10/prfl/288703at4890.prfl	31781	1574253480	
busco_downloads/lineages/ascomycota_odb10/prfl/288739at4890.prfl	30704	1574253480	
busco_downloads/lineages/ascomycota_odb10/prfl/288784at4890.prfl	61040	1574253479	
busco_downloads/lineages/ascomycota_odb10/prfl/289028at4890.prfl	44623	1574253480	
busco_downloads/lineages/ascomycota_odb10/prfl/289252at4890.prfl	38127	1574253480	
busco_downloads/lineages/ascomycota_odb10/prfl/289274at4890.prfl	30087	1574253479	
busco_downloads/lineages/ascomycota_odb10/prfl/289359at4890.prfl	42230	1574253479	
busco_downloads/lineages/ascomycota_odb10/prfl/289701at4890.prfl	32302	1574253479	
busco_downloads/lineages/ascomycota_odb10/prfl/28975at4890.prfl	108039	1574253479	
busco_downloads/lineages/ascomycota_odb10/prfl/289787at4890.prfl	38361	1574253480	
busco_downloads/lineages/ascomycota_odb10/prfl/289852at4890.prfl	44229	1574253479	
busco_downloads/lineages/ascomycota_odb10/prfl/289942at4890.prfl	40357	1574253480	
busco_downloads/lineages/ascomycota_odb10/prfl/290247at4890.prfl	45648	1574253479	
busco_downloads/lineages/ascomycota_odb10/prfl/290327at4890.prfl	44592	1574253479	
busco_downloads/lineages/ascomycota_odb10/prfl/290598at4890.prfl	50491	1574253479	
busco_downloads/lineages/ascomycota_odb10/prfl/290629at4890.prfl	39781	1574253479	
busco_downloads/lineages/ascomycota_odb10/prfl/290945at4890.prfl	60914	1574253479	
busco_downloads/lineages/ascomycota_odb10/prfl/291022at4890.prfl	27923	1574253480	
busco_downloads/lineages/ascomycota_odb10/prfl/291386at4890.prfl	57398	1574253480	
busco_downloads/lineages/ascomycota_odb10/prfl/291438at4890.prfl	55548	1574253480	
busco_downloads/lineages/ascomycota_odb10/prfl/291505at4890.prfl	33104	1574253479	
busco_downloads/lineages/ascomycota_odb10/prfl/291507at4890.prfl	79124	1574253479	
busco_downloads/lineages/ascomycota_odb10/prfl/291815at4890.prfl	31272	1574253480	
busco_downloads/lineages/ascomycota_odb10/prfl/29193at4890.prfl	120484	1574253479	
busco_downloads/lineages/ascomycota_odb10/prfl/291965at4890.prfl	48461	1574253480	
busco_downloads/lineages/ascomycota_odb10/prfl/292033at4890.prfl	49142	1574253480	
busco_downloads/lineages/ascomycota_odb10/prfl/292056at4890.prfl	42028	1574253479	
busco_downloads/lineages/ascomycota_odb10/prfl/292286at4890.prfl	40112	1574253479	
busco_downloads/lineages/ascomycota_odb10/prfl/292337at4890.prfl	39982	1574253479	
busco_downloads/lineages/ascomycota_odb10/prfl/292696at4890.prfl	51448	1574253480	
busco_downloads/lineages/ascomycota_odb10/prfl/292706at4890.prfl	43485	1574253480	
busco_downloads/lineages/ascomycota_odb10/prfl/292933at4890.prfl	32073	1574253479	
busco_downloads/lineages/ascomycota_odb10/prfl/293265at4890.prfl	37894	1574253480	
busco_downloads/lineages/ascomycota_odb10/prfl/293275at4890.prfl	33685	1574253480	
busco_downloads/lineages/ascomycota_odb10/prfl/293552at4890.prfl	69036	1574253480	
busco_downloads/lineages/ascomycota_odb10/prfl/293673at4890.prfl	31308	1574253480	
busco_downloads/lineages/ascomycota_odb10/prfl/293791at4890.prfl	37651	1574253480	
busco_downloads/lineages/ascomycota_odb10/prfl/293843at4890.prfl	39154	1574253480	
busco_downloads/lineages/ascomycota_odb10/prfl/293868at4890.prfl	54888	1574253480	
busco_downloads/lineages/ascomycota_odb10/prfl/294055at4890.prfl	39759	1574253479	
busco_downloads/lineages/ascomycota_odb10/prfl/29415at4890.prfl	213011	1574253479	
busco_downloads/lineages/ascomycota_odb10/prfl/294178at4890.prfl	28679	1574253479	
busco_downloads/lineages/ascomycota_odb10/prfl/294253at4890.prfl	67402	1574253480	
busco_downloads/lineages/ascomycota_odb10/prfl/294264at4890.prfl	24343	1574253480	
busco_downloads/lineages/ascomycota_odb10/prfl/294420at4890.prfl	45315	1574253479	
busco_downloads/lineages/ascomycota_odb10/prfl/294469at4890.prfl	48320	1574253479	
busco_downloads/lineages/ascomycota_odb10/prfl/294517at4890.prfl	61150	1574253479	
busco_downloads/lineages/ascomycota_odb10/prfl/294790at4890.prfl	35894	1574253479	
busco_downloads/lineages/ascomycota_odb10/prfl/294791at4890.prfl	27841	1574253480	
busco_downloads/lineages/ascomycota_odb10/prfl/294841at4890.prfl	37565	1574253479	
busco_downloads/lineages/ascomycota_odb10/prfl/294941at4890.prfl	62927	1574253480	
busco_downloads/lineages/ascomycota_odb10/prfl/295130at4890.prfl	24104	1574253480	
busco_downloads/lineages/ascomycota_odb10/prfl/295293at4890.prfl	45978	1574253479	
busco_downloads/lineages/ascomycota_odb10/prfl/295308at4890.prfl	53753	1574253479	
busco_downloads/lineages/ascomycota_odb10/prfl/29560at4890.prfl	115287	1574253480	
busco_downloads/lineages/ascomycota_odb10/prfl/295749at4890.prfl	29209	1574253479	
busco_downloads/lineages/ascomycota_odb10/prfl/295883at4890.prfl	36185	1574253479	
busco_downloads/lineages/ascomycota_odb10/prfl/296462at4890.prfl	72832	1574253480	
busco_downloads/lineages/ascomycota_odb10/prfl/296480at4890.prfl	26976	1574253480	
busco_downloads/lineages/ascomycota_odb10/prfl/296491at4890.prfl	30725	1574253480	
busco_downloads/lineages/ascomycota_odb10/prfl/296515at4890.prfl	31168	1574253479	
busco_downloads/lineages/ascomycota_odb10/prfl/296571at4890.prfl	31949	1574253480	
busco_downloads/lineages/ascomycota_odb10/prfl/296713at4890.prfl	32926	1574253479	
busco_downloads/lineages/ascomycota_odb10/prfl/296725at4890.prfl	12278	1574253479	
busco_downloads/lineages/ascomycota_odb10/prfl/296824at4890.prfl	88365	1574253479	
busco_downloads/lineages/ascomycota_odb10/prfl/296871at4890.prfl	34425	1574253480	
busco_downloads/lineages/ascomycota_odb10/prfl/297115at4890.prfl	80473	1574253479	
busco_downloads/lineages/ascomycota_odb10/prfl/297235at4890.prfl	28826	1574253479	
busco_downloads/lineages/ascomycota_odb10/prfl/297335at4890.prfl	34937	1574253480	
busco_downloads/lineages/ascomycota_odb10/prfl/297336at4890.prfl	41047	1574253480	
busco_downloads/lineages/ascomycota_odb10/prfl/29753at4890.prfl	72832	1574253479	
busco_downloads/lineages/ascomycota_odb10/prfl/297936at4890.prfl	28756	1574253479	
busco_downloads/lineages/ascomycota_odb10/prfl/298061at4890.prfl	31530	1574253479	
busco_downloads/lineages/ascomycota_odb10/prfl/29860at4890.prfl	106356	1574253480	
busco_downloads/lineages/ascomycota_odb10/prfl/298979at4890.prfl	75247	1574253480	
busco_downloads/lineages/ascomycota_odb10/prfl/299071at4890.prfl	27012	1574253480	
busco_downloads/lineages/ascomycota_odb10/prfl/299167at4890.prfl	44809	1574253479	
busco_downloads/lineages/ascomycota_odb10/prfl/299189at4890.prfl	47413	1574253479	
busco_downloads/lineages/ascomycota_odb10/prfl/299379at4890.prfl	35371	1574253480	
busco_downloads/lineages/ascomycota_odb10/prfl/299548at4890.prfl	39428	1574253479	
busco_downloads/lineages/ascomycota_odb10/prfl/299561at4890.prfl	49298	1574253479	
busco_downloads/lineages/ascomycota_odb10/prfl/299845at4890.prfl	37527	1574253480	
busco_downloads/lineages/ascomycota_odb10/prfl/300062at4890.prfl	26694	1574253480	
busco_downloads/lineages/ascomycota_odb10/prfl/30009at4890.prfl	238549	1574253480	
busco_downloads/lineages/ascomycota_odb10/prfl/300130at4890.prfl	34077	1574253479	
busco_downloads/lineages/ascomycota_odb10/prfl/300199at4890.prfl	29749	1574253479	
busco_downloads/lineages/ascomycota_odb10/prfl/300426at4890.prfl	56609	1574253480	
busco_downloads/lineages/ascomycota_odb10/prfl/300456at4890.prfl	25225	1574253480	
busco_downloads/lineages/ascomycota_odb10/prfl/300738at4890.prfl	49008	1574253479	
busco_downloads/lineages/ascomycota_odb10/prfl/300913at4890.prfl	29884	1574253480	
busco_downloads/lineages/ascomycota_odb10/prfl/300972at4890.prfl	47467	1574253480	
busco_downloads/lineages/ascomycota_odb10/prfl/300984at4890.prfl	40459	1574253479	
busco_downloads/lineages/ascomycota_odb10/prfl/301222at4890.prfl	33796	1574253480	
busco_downloads/lineages/ascomycota_odb10/prfl/301597at4890.prfl	22377	1574253479	
busco_downloads/lineages/ascomycota_odb10/prfl/302169at4890.prfl	51797	1574253480	
busco_downloads/lineages/ascomycota_odb10/prfl/30240at4890.prfl	150291	1574253480	
busco_downloads/lineages/ascomycota_odb10/prfl/30243at4890.prfl	130561	1574253479	
busco_downloads/lineages/ascomycota_odb10/prfl/302452at4890.prfl	44866	1574253480	
busco_downloads/lineages/ascomycota_odb10/prfl/302664at4890.prfl	24435	1574253480	
busco_downloads/lineages/ascomycota_odb10/prfl/303111at4890.prfl	33730	1574253479	
busco_downloads/lineages/ascomycota_odb10/prfl/303479at4890.prfl	35906	1574253480	
busco_downloads/lineages/ascomycota_odb10/prfl/303599at4890.prfl	46411	1574253480	
busco_downloads/lineages/ascomycota_odb10/prfl/303763at4890.prfl	53377	1574253479	
busco_downloads/lineages/ascomycota_odb10/prfl/303830at4890.prfl	36889	1574253479	
busco_downloads/lineages/ascomycota_odb10/prfl/304016at4890.prfl	30866	1574253479	
busco_downloads/lineages/ascomycota_odb10/prfl/304095at4890.prfl	38004	1574253479	
busco_downloads/lineages/ascomycota_odb10/prfl/30409at4890.prfl	110348	1574253479	
busco_downloads/lineages/ascomycota_odb10/prfl/304135at4890.prfl	31589	1574253479	
busco_downloads/lineages/ascomycota_odb10/prfl/304394at4890.prfl	28184	1574253479	
busco_downloads/lineages/ascomycota_odb10/prfl/304678at4890.prfl	25323	1574253480	
busco_downloads/lineages/ascomycota_odb10/prfl/304717at4890.prfl	61859	1574253479	
busco_downloads/lineages/ascomycota_odb10/prfl/30528at4890.prfl	147412	1574253480	
busco_downloads/lineages/ascomycota_odb10/prfl/305407at4890.prfl	30148	1574253480	
busco_downloads/lineages/ascomycota_odb10/prfl/305410at4890.prfl	31163	1574253480	
busco_downloads/lineages/ascomycota_odb10/prfl/305450at4890.prfl	37314	1574253480	
busco_downloads/lineages/ascomycota_odb10/prfl/305454at4890.prfl	25587	1574253479	
busco_downloads/lineages/ascomycota_odb10/prfl/305598at4890.prfl	49227	1574253480	
busco_downloads/lineages/ascomycota_odb10/prfl/305650at4890.prfl	53168	1574253479	
busco_downloads/lineages/ascomycota_odb10/prfl/305690at4890.prfl	21591	1574253479	
busco_downloads/lineages/ascomycota_odb10/prfl/305767at4890.prfl	33224	1574253480	
busco_downloads/lineages/ascomycota_odb10/prfl/305961at4890.prfl	43004	1574253479	
busco_downloads/lineages/ascomycota_odb10/prfl/305993at4890.prfl	55556	1574253480	
busco_downloads/lineages/ascomycota_odb10/prfl/306220at4890.prfl	38644	1574253479	
busco_downloads/lineages/ascomycota_odb10/prfl/306234at4890.prfl	21555	1574253480	
busco_downloads/lineages/ascomycota_odb10/prfl/306353at4890.prfl	40408	1574253479	
busco_downloads/lineages/ascomycota_odb10/prfl/306382at4890.prfl	71582	1574253480	
busco_downloads/lineages/ascomycota_odb10/prfl/306395at4890.prfl	104774	1574253480	
busco_downloads/lineages/ascomycota_odb10/prfl/306700at4890.prfl	52647	1574253479	
busco_downloads/lineages/ascomycota_odb10/prfl/306798at4890.prfl	30699	1574253480	
busco_downloads/lineages/ascomycota_odb10/prfl/307061at4890.prfl	71438	1574253480	
busco_downloads/lineages/ascomycota_odb10/prfl/307154at4890.prfl	27053	1574253480	
busco_downloads/lineages/ascomycota_odb10/prfl/307233at4890.prfl	26507	1574253480	
busco_downloads/lineages/ascomycota_odb10/prfl/307240at4890.prfl	31520	1574253479	
busco_downloads/lineages/ascomycota_odb10/prfl/307254at4890.prfl	30795	1574253479	
busco_downloads/lineages/ascomycota_odb10/prfl/307380at4890.prfl	45090	1574253479	
busco_downloads/lineages/ascomycota_odb10/prfl/307611at4890.prfl	27091	1574253479	
busco_downloads/lineages/ascomycota_odb10/prfl/307790at4890.prfl	46766	1574253480	
busco_downloads/lineages/ascomycota_odb10/prfl/307809at4890.prfl	48944	1574253479	
busco_downloads/lineages/ascomycota_odb10/prfl/308024at4890.prfl	17896	1574253480	
busco_downloads/lineages/ascomycota_odb10/prfl/308347at4890.prfl	29130	1574253479	
busco_downloads/lineages/ascomycota_odb10/prfl/308567at4890.prfl	147800	1574253480	
busco_downloads/lineages/ascomycota_odb10/prfl/308748at4890.prfl	30542	1574253480	
busco_downloads/lineages/ascomycota_odb10/prfl/309099at4890.prfl	23895	1574253479	
busco_downloads/lineages/ascomycota_odb10/prfl/309117at4890.prfl	34241	1574253479	
busco_downloads/lineages/ascomycota_odb10/prfl/309243at4890.prfl	68529	1574253480	
busco_downloads/lineages/ascomycota_odb10/prfl/309478at4890.prfl	21213	1574253479	
busco_downloads/lineages/ascomycota_odb10/prfl/309526at4890.prfl	45639	1574253479	
busco_downloads/lineages/ascomycota_odb10/prfl/309563at4890.prfl	41359	1574253479	
busco_downloads/lineages/ascomycota_odb10/prfl/309564at4890.prfl	44889	1574253480	
busco_downloads/lineages/ascomycota_odb10/prfl/309617at4890.prfl	47501	1574253480	
busco_downloads/lineages/ascomycota_odb10/prfl/309827at4890.prfl	31203	1574253479	
busco_downloads/lineages/ascomycota_odb10/prfl/309891at4890.prfl	37328	1574253480	
busco_downloads/lineages/ascomycota_odb10/prfl/309896at4890.prfl	42135	1574253479	
busco_downloads/lineages/ascomycota_odb10/prfl/309975at4890.prfl	24402	1574253479	
busco_downloads/lineages/ascomycota_odb10/prfl/310157at4890.prfl	33272	1574253479	
busco_downloads/lineages/ascomycota_odb10/prfl/310289at4890.prfl	35423	1574253480	
busco_downloads/lineages/ascomycota_odb10/prfl/310390at4890.prfl	120551	1574253479	
busco_downloads/lineages/ascomycota_odb10/prfl/310395at4890.prfl	73012	1574253480	
busco_downloads/lineages/ascomycota_odb10/prfl/310634at4890.prfl	31615	1574253479	
busco_downloads/lineages/ascomycota_odb10/prfl/311160at4890.prfl	37057	1574253479	
busco_downloads/lineages/ascomycota_odb10/prfl/311257at4890.prfl	29172	1574253479	
busco_downloads/lineages/ascomycota_odb10/prfl/311291at4890.prfl	32886	1574253480	
busco_downloads/lineages/ascomycota_odb10/prfl/311374at4890.prfl	38437	1574253479	
busco_downloads/lineages/ascomycota_odb10/prfl/311589at4890.prfl	84559	1574253480	
busco_downloads/lineages/ascomycota_odb10/prfl/311612at4890.prfl	20019	1574253480	
busco_downloads/lineages/ascomycota_odb10/prfl/311656at4890.prfl	23097	1574253479	
busco_downloads/lineages/ascomycota_odb10/prfl/311663at4890.prfl	25062	1574253479	
busco_downloads/lineages/ascomycota_odb10/prfl/311839at4890.prfl	38608	1574253480	
busco_downloads/lineages/ascomycota_odb10/prfl/312008at4890.prfl	28901	1574253479	
busco_downloads/lineages/ascomycota_odb10/prfl/312009at4890.prfl	28822	1574253479	
busco_downloads/lineages/ascomycota_odb10/prfl/312115at4890.prfl	40320	1574253479	
busco_downloads/lineages/ascomycota_odb10/prfl/312366at4890.prfl	31516	1574253479	
busco_downloads/lineages/ascomycota_odb10/prfl/312384at4890.prfl	31995	1574253479	
busco_downloads/lineages/ascomycota_odb10/prfl/312391at4890.prfl	73201	1574253480	
busco_downloads/lineages/ascomycota_odb10/prfl/312415at4890.prfl	36249	1574253480	
busco_downloads/lineages/ascomycota_odb10/prfl/312537at4890.prfl	32161	1574253480	
busco_downloads/lineages/ascomycota_odb10/prfl/312795at4890.prfl	29012	1574253480	
busco_downloads/lineages/ascomycota_odb10/prfl/312873at4890.prfl	32011	1574253479	
busco_downloads/lineages/ascomycota_odb10/prfl/312932at4890.prfl	63077	1574253480	
busco_downloads/lineages/ascomycota_odb10/prfl/313077at4890.prfl	27275	1574253480	
busco_downloads/lineages/ascomycota_odb10/prfl/313137at4890.prfl	27819	1574253479	
busco_downloads/lineages/ascomycota_odb10/prfl/313251at4890.prfl	25298	1574253479	
busco_downloads/lineages/ascomycota_odb10/prfl/313359at4890.prfl	45472	1574253479	
busco_downloads/lineages/ascomycota_odb10/prfl/313444at4890.prfl	35367	1574253480	
busco_downloads/lineages/ascomycota_odb10/prfl/313598at4890.prfl	42811	1574253480	
busco_downloads/lineages/ascomycota_odb10/prfl/314055at4890.prfl	27896	1574253479	
busco_downloads/lineages/ascomycota_odb10/prfl/314098at4890.prfl	31584	1574253479	
busco_downloads/lineages/ascomycota_odb10/prfl/314370at4890.prfl	57624	1574253480	
busco_downloads/lineages/ascomycota_odb10/prfl/314374at4890.prfl	31333	1574253480	
busco_downloads/lineages/ascomycota_odb10/prfl/314822at4890.prfl	31929	1574253479	
busco_downloads/lineages/ascomycota_odb10/prfl/314881at4890.prfl	32150	1574253479	
busco_downloads/lineages/ascomycota_odb10/prfl/315057at4890.prfl	23424	1574253480	
busco_downloads/lineages/ascomycota_odb10/prfl/315202at4890.prfl	34576	1574253479	
busco_downloads/lineages/ascomycota_odb10/prfl/315211at4890.prfl	30536	1574253480	
busco_downloads/lineages/ascomycota_odb10/prfl/315720at4890.prfl	49181	1574253480	
busco_downloads/lineages/ascomycota_odb10/prfl/31573at4890.prfl	138934	1574253480	
busco_downloads/lineages/ascomycota_odb10/prfl/315892at4890.prfl	29216	1574253479	
busco_downloads/lineages/ascomycota_odb10/prfl/315918at4890.prfl	31444	1574253480	
busco_downloads/lineages/ascomycota_odb10/prfl/316493at4890.prfl	23416	1574253479	
busco_downloads/lineages/ascomycota_odb10/prfl/316513at4890.prfl	24589	1574253480	
busco_downloads/lineages/ascomycota_odb10/prfl/316857at4890.prfl	24891	1574253479	
busco_downloads/lineages/ascomycota_odb10/prfl/316956at4890.prfl	26428	1574253480	
busco_downloads/lineages/ascomycota_odb10/prfl/316963at4890.prfl	30323	1574253480	
busco_downloads/lineages/ascomycota_odb10/prfl/317125at4890.prfl	52367	1574253479	
busco_downloads/lineages/ascomycota_odb10/prfl/317397at4890.prfl	33964	1574253480	
busco_downloads/lineages/ascomycota_odb10/prfl/317748at4890.prfl	56154	1574253480	
busco_downloads/lineages/ascomycota_odb10/prfl/317878at4890.prfl	25303	1574253479	
busco_downloads/lineages/ascomycota_odb10/prfl/317960at4890.prfl	29714	1574253479	
busco_downloads/lineages/ascomycota_odb10/prfl/318131at4890.prfl	24933	1574253480	
busco_downloads/lineages/ascomycota_odb10/prfl/318167at4890.prfl	21583	1574253479	
busco_downloads/lineages/ascomycota_odb10/prfl/318169at4890.prfl	26441	1574253479	
busco_downloads/lineages/ascomycota_odb10/prfl/318300at4890.prfl	31374	1574253480	
busco_downloads/lineages/ascomycota_odb10/prfl/318408at4890.prfl	40350	1574253479	
busco_downloads/lineages/ascomycota_odb10/prfl/318894at4890.prfl	28285	1574253480	
busco_downloads/lineages/ascomycota_odb10/prfl/319004at4890.prfl	30809	1574253480	
busco_downloads/lineages/ascomycota_odb10/prfl/31904at4890.prfl	148929	1574253480	
busco_downloads/lineages/ascomycota_odb10/prfl/319139at4890.prfl	41551	1574253479	
busco_downloads/lineages/ascomycota_odb10/prfl/319470at4890.prfl	26614	1574253480	
busco_downloads/lineages/ascomycota_odb10/prfl/31952at4890.prfl	88521	1574253479	
busco_downloads/lineages/ascomycota_odb10/prfl/319645at4890.prfl	27947	1574253479	
busco_downloads/lineages/ascomycota_odb10/prfl/319656at4890.prfl	24784	1574253480	
busco_downloads/lineages/ascomycota_odb10/prfl/319673at4890.prfl	44335	1574253480	
busco_downloads/lineages/ascomycota_odb10/prfl/319777at4890.prfl	24822	1574253479	
busco_downloads/lineages/ascomycota_odb10/prfl/319819at4890.prfl	21002	1574253479	
busco_downloads/lineages/ascomycota_odb10/prfl/319865at4890.prfl	23346	1574253479	
busco_downloads/lineages/ascomycota_odb10/prfl/319964at4890.prfl	40155	1574253480	
busco_downloads/lineages/ascomycota_odb10/prfl/320265at4890.prfl	45455	1574253479	
busco_downloads/lineages/ascomycota_odb10/prfl/320321at4890.prfl	113063	1574253480	
busco_downloads/lineages/ascomycota_odb10/prfl/320558at4890.prfl	41986	1574253479	
busco_downloads/lineages/ascomycota_odb10/prfl/320824at4890.prfl	29052	1574253479	
busco_downloads/lineages/ascomycota_odb10/prfl/320889at4890.prfl	11688	1574253480	
busco_downloads/lineages/ascomycota_odb10/prfl/321013at4890.prfl	38387	1574253479	
busco_downloads/lineages/ascomycota_odb10/prfl/321038at4890.prfl	35203	1574253480	
busco_downloads/lineages/ascomycota_odb10/prfl/321041at4890.prfl	24651	1574253479	
busco_downloads/lineages/ascomycota_odb10/prfl/321052at4890.prfl	39978	1574253479	
busco_downloads/lineages/ascomycota_odb10/prfl/321114at4890.prfl	29225	1574253479	
busco_downloads/lineages/ascomycota_odb10/prfl/321647at4890.prfl	31322	1574253480	
busco_downloads/lineages/ascomycota_odb10/prfl/32165at4890.prfl	125485	1574253479	
busco_downloads/lineages/ascomycota_odb10/prfl/321757at4890.prfl	20235	1574253479	
busco_downloads/lineages/ascomycota_odb10/prfl/321905at4890.prfl	31417	1574253480	
busco_downloads/lineages/ascomycota_odb10/prfl/322024at4890.prfl	17589	1574253479	
busco_downloads/lineages/ascomycota_odb10/prfl/322166at4890.prfl	33511	1574253479	
busco_downloads/lineages/ascomycota_odb10/prfl/322265at4890.prfl	29796	1574253479	
busco_downloads/lineages/ascomycota_odb10/prfl/322668at4890.prfl	52054	1574253479	
busco_downloads/lineages/ascomycota_odb10/prfl/322758at4890.prfl	24902	1574253479	
busco_downloads/lineages/ascomycota_odb10/prfl/322849at4890.prfl	23802	1574253480	
busco_downloads/lineages/ascomycota_odb10/prfl/322875at4890.prfl	28316	1574253480	
busco_downloads/lineages/ascomycota_odb10/prfl/322923at4890.prfl	36069	1574253480	
busco_downloads/lineages/ascomycota_odb10/prfl/323180at4890.prfl	70774	1574253479	
busco_downloads/lineages/ascomycota_odb10/prfl/32318at4890.prfl	119927	1574253479	
busco_downloads/lineages/ascomycota_odb10/prfl/323508at4890.prfl	28896	1574253479	
busco_downloads/lineages/ascomycota_odb10/prfl/323569at4890.prfl	35335	1574253480	
busco_downloads/lineages/ascomycota_odb10/prfl/323671at4890.prfl	21237	1574253480	
busco_downloads/lineages/ascomycota_odb10/prfl/323682at4890.prfl	43394	1574253480	
busco_downloads/lineages/ascomycota_odb10/prfl/323797at4890.prfl	49933	1574253480	
busco_downloads/lineages/ascomycota_odb10/prfl/32390at4890.prfl	135964	1574253479	
busco_downloads/lineages/ascomycota_odb10/prfl/324453at4890.prfl	24642	1574253479	
busco_downloads/lineages/ascomycota_odb10/prfl/324491at4890.prfl	27857	1574253480	
busco_downloads/lineages/ascomycota_odb10/prfl/324506at4890.prfl	29952	1574253480	
busco_downloads/lineages/ascomycota_odb10/prfl/32451at4890.prfl	136872	1574253480	
busco_downloads/lineages/ascomycota_odb10/prfl/324670at4890.prfl	38341	1574253479	
busco_downloads/lineages/ascomycota_odb10/prfl/324704at4890.prfl	20251	1574253480	
busco_downloads/lineages/ascomycota_odb10/prfl/324765at4890.prfl	25842	1574253480	
busco_downloads/lineages/ascomycota_odb10/prfl/324852at4890.prfl	32355	1574253479	
busco_downloads/lineages/ascomycota_odb10/prfl/325096at4890.prfl	22522	1574253480	
busco_downloads/lineages/ascomycota_odb10/prfl/325204at4890.prfl	30637	1574253480	
busco_downloads/lineages/ascomycota_odb10/prfl/325336at4890.prfl	22757	1574253479	
busco_downloads/lineages/ascomycota_odb10/prfl/325518at4890.prfl	35674	1574253479	
busco_downloads/lineages/ascomycota_odb10/prfl/325601at4890.prfl	31654	1574253479	
busco_downloads/lineages/ascomycota_odb10/prfl/32568at4890.prfl	61214	1574253480	
busco_downloads/lineages/ascomycota_odb10/prfl/325753at4890.prfl	22887	1574253480	
busco_downloads/lineages/ascomycota_odb10/prfl/325861at4890.prfl	31987	1574253480	
busco_downloads/lineages/ascomycota_odb10/prfl/326049at4890.prfl	34427	1574253479	
busco_downloads/lineages/ascomycota_odb10/prfl/326325at4890.prfl	35861	1574253479	
busco_downloads/lineages/ascomycota_odb10/prfl/326359at4890.prfl	95908	1574253479	
busco_downloads/lineages/ascomycota_odb10/prfl/326438at4890.prfl	21510	1574253480	
busco_downloads/lineages/ascomycota_odb10/prfl/32643at4890.prfl	187980	1574253479	
busco_downloads/lineages/ascomycota_odb10/prfl/326651at4890.prfl	35931	1574253480	
busco_downloads/lineages/ascomycota_odb10/prfl/326848at4890.prfl	35754	1574253479	
busco_downloads/lineages/ascomycota_odb10/prfl/326957at4890.prfl	37087	1574253480	
busco_downloads/lineages/ascomycota_odb10/prfl/327049at4890.prfl	24083	1574253480	
busco_downloads/lineages/ascomycota_odb10/prfl/327191at4890.prfl	29467	1574253479	
busco_downloads/lineages/ascomycota_odb10/prfl/327639at4890.prfl	41903	1574253480	
busco_downloads/lineages/ascomycota_odb10/prfl/327771at4890.prfl	46282	1574253480	
busco_downloads/lineages/ascomycota_odb10/prfl/328128at4890.prfl	23228	1574253479	
busco_downloads/lineages/ascomycota_odb10/prfl/328156at4890.prfl	37484	1574253479	
busco_downloads/lineages/ascomycota_odb10/prfl/328157at4890.prfl	42837	1574253479	
busco_downloads/lineages/ascomycota_odb10/prfl/328495at4890.prfl	16828	1574253479	
busco_downloads/lineages/ascomycota_odb10/prfl/328578at4890.prfl	44826	1574253480	
busco_downloads/lineages/ascomycota_odb10/prfl/328585at4890.prfl	21814	1574253479	
busco_downloads/lineages/ascomycota_odb10/prfl/328729at4890.prfl	32602	1574253480	
busco_downloads/lineages/ascomycota_odb10/prfl/328885at4890.prfl	78767	1574253480	
busco_downloads/lineages/ascomycota_odb10/prfl/328957at4890.prfl	22534	1574253480	
busco_downloads/lineages/ascomycota_odb10/prfl/328980at4890.prfl	23140	1574253480	
busco_downloads/lineages/ascomycota_odb10/prfl/329005at4890.prfl	18029	1574253480	
busco_downloads/lineages/ascomycota_odb10/prfl/329029at4890.prfl	22593	1574253479	
busco_downloads/lineages/ascomycota_odb10/prfl/329106at4890.prfl	22052	1574253480	
busco_downloads/lineages/ascomycota_odb10/prfl/329365at4890.prfl	22649	1574253480	
busco_downloads/lineages/ascomycota_odb10/prfl/329601at4890.prfl	24833	1574253479	
busco_downloads/lineages/ascomycota_odb10/prfl/329638at4890.prfl	25657	1574253480	
busco_downloads/lineages/ascomycota_odb10/prfl/329665at4890.prfl	29630	1574253479	
busco_downloads/lineages/ascomycota_odb10/prfl/329745at4890.prfl	29468	1574253479	
busco_downloads/lineages/ascomycota_odb10/prfl/330192at4890.prfl	50758	1574253479	
busco_downloads/lineages/ascomycota_odb10/prfl/330342at4890.prfl	27206	1574253479	
busco_downloads/lineages/ascomycota_odb10/prfl/330398at4890.prfl	26221	1574253479	
busco_downloads/lineages/ascomycota_odb10/prfl/330751at4890.prfl	23208	1574253479	
busco_downloads/lineages/ascomycota_odb10/prfl/330776at4890.prfl	33116	1574253479	
busco_downloads/lineages/ascomycota_odb10/prfl/331084at4890.prfl	21705	1574253480	
busco_downloads/lineages/ascomycota_odb10/prfl/331531at4890.prfl	27454	1574253480	
busco_downloads/lineages/ascomycota_odb10/prfl/331536at4890.prfl	29345	1574253479	
busco_downloads/lineages/ascomycota_odb10/prfl/331635at4890.prfl	38083	1574253479	
busco_downloads/lineages/ascomycota_odb10/prfl/331712at4890.prfl	35078	1574253480	
busco_downloads/lineages/ascomycota_odb10/prfl/331726at4890.prfl	42496	1574253479	
busco_downloads/lineages/ascomycota_odb10/prfl/332332at4890.prfl	15353	1574253479	
busco_downloads/lineages/ascomycota_odb10/prfl/332474at4890.prfl	37551	1574253479	
busco_downloads/lineages/ascomycota_odb10/prfl/33285at4890.prfl	119846	1574253479	
busco_downloads/lineages/ascomycota_odb10/prfl/333118at4890.prfl	40378	1574253479	
busco_downloads/lineages/ascomycota_odb10/prfl/333361at4890.prfl	53823	1574253480	
busco_downloads/lineages/ascomycota_odb10/prfl/333650at4890.prfl	23820	1574253480	
busco_downloads/lineages/ascomycota_odb10/prfl/3339at4890.prfl	137577	1574253480	
busco_downloads/lineages/ascomycota_odb10/prfl/334166at4890.prfl	20057	1574253480	
busco_downloads/lineages/ascomycota_odb10/prfl/334169at4890.prfl	34443	1574253480	
busco_downloads/lineages/ascomycota_odb10/prfl/334197at4890.prfl	34686	1574253479	
busco_downloads/lineages/ascomycota_odb10/prfl/334310at4890.prfl	24408	1574253480	
busco_downloads/lineages/ascomycota_odb10/prfl/334360at4890.prfl	47656	1574253480	
busco_downloads/lineages/ascomycota_odb10/prfl/334382at4890.prfl	50224	1574253480	
busco_downloads/lineages/ascomycota_odb10/prfl/334403at4890.prfl	50020	1574253480	
busco_downloads/lineages/ascomycota_odb10/prfl/334427at4890.prfl	36423	1574253479	
busco_downloads/lineages/ascomycota_odb10/prfl/334516at4890.prfl	54918	1574253480	
busco_downloads/lineages/ascomycota_odb10/prfl/334524at4890.prfl	88953	1574253479	
busco_downloads/lineages/ascomycota_odb10/prfl/334859at4890.prfl	25796	1574253479	
busco_downloads/lineages/ascomycota_odb10/prfl/335047at4890.prfl	17829	1574253479	
busco_downloads/lineages/ascomycota_odb10/prfl/335075at4890.prfl	29971	1574253479	
busco_downloads/lineages/ascomycota_odb10/prfl/335212at4890.prfl	16589	1574253479	
busco_downloads/lineages/ascomycota_odb10/prfl/335252at4890.prfl	31745	1574253479	
busco_downloads/lineages/ascomycota_odb10/prfl/335327at4890.prfl	21626	1574253480	
busco_downloads/lineages/ascomycota_odb10/prfl/335381at4890.prfl	28511	1574253480	
busco_downloads/lineages/ascomycota_odb10/prfl/335567at4890.prfl	89267	1574253479	
busco_downloads/lineages/ascomycota_odb10/prfl/33573at4890.prfl	106543	1574253480	
busco_downloads/lineages/ascomycota_odb10/prfl/335754at4890.prfl	29306	1574253479	
busco_downloads/lineages/ascomycota_odb10/prfl/335819at4890.prfl	36769	1574253479	
busco_downloads/lineages/ascomycota_odb10/prfl/335915at4890.prfl	66817	1574253479	
busco_downloads/lineages/ascomycota_odb10/prfl/336163at4890.prfl	22036	1574253480	
busco_downloads/lineages/ascomycota_odb10/prfl/336470at4890.prfl	38402	1574253480	
busco_downloads/lineages/ascomycota_odb10/prfl/336688at4890.prfl	23919	1574253480	
busco_downloads/lineages/ascomycota_odb10/prfl/336752at4890.prfl	36922	1574253479	
busco_downloads/lineages/ascomycota_odb10/prfl/337000at4890.prfl	28348	1574253480	
busco_downloads/lineages/ascomycota_odb10/prfl/337069at4890.prfl	32245	1574253479	
busco_downloads/lineages/ascomycota_odb10/prfl/337083at4890.prfl	17873	1574253479	
busco_downloads/lineages/ascomycota_odb10/prfl/337193at4890.prfl	20664	1574253479	
busco_downloads/lineages/ascomycota_odb10/prfl/33752at4890.prfl	118211	1574253479	
busco_downloads/lineages/ascomycota_odb10/prfl/337574at4890.prfl	20515	1574253479	
busco_downloads/lineages/ascomycota_odb10/prfl/337838at4890.prfl	24920	1574253480	
busco_downloads/lineages/ascomycota_odb10/prfl/338117at4890.prfl	23398	1574253479	
busco_downloads/lineages/ascomycota_odb10/prfl/338203at4890.prfl	34999	1574253480	
busco_downloads/lineages/ascomycota_odb10/prfl/338471at4890.prfl	24548	1574253479	
busco_downloads/lineages/ascomycota_odb10/prfl/338949at4890.prfl	21146	1574253479	
busco_downloads/lineages/ascomycota_odb10/prfl/33896at4890.prfl	190106	1574253480	
busco_downloads/lineages/ascomycota_odb10/prfl/338973at4890.prfl	37651	1574253479	
busco_downloads/lineages/ascomycota_odb10/prfl/339122at4890.prfl	49432	1574253479	
busco_downloads/lineages/ascomycota_odb10/prfl/339153at4890.prfl	50482	1574253479	
busco_downloads/lineages/ascomycota_odb10/prfl/339653at4890.prfl	13304	1574253479	
busco_downloads/lineages/ascomycota_odb10/prfl/339851at4890.prfl	22646	1574253480	
busco_downloads/lineages/ascomycota_odb10/prfl/340003at4890.prfl	27139	1574253480	
busco_downloads/lineages/ascomycota_odb10/prfl/340258at4890.prfl	16585	1574253479	
busco_downloads/lineages/ascomycota_odb10/prfl/340547at4890.prfl	17228	1574253480	
busco_downloads/lineages/ascomycota_odb10/prfl/340599at4890.prfl	19677	1574253479	
busco_downloads/lineages/ascomycota_odb10/prfl/340783at4890.prfl	16348	1574253480	
busco_downloads/lineages/ascomycota_odb10/prfl/341003at4890.prfl	48576	1574253480	
busco_downloads/lineages/ascomycota_odb10/prfl/341074at4890.prfl	50423	1574253480	
busco_downloads/lineages/ascomycota_odb10/prfl/341623at4890.prfl	29277	1574253480	
busco_downloads/lineages/ascomycota_odb10/prfl/341666at4890.prfl	21311	1574253479	
busco_downloads/lineages/ascomycota_odb10/prfl/341736at4890.prfl	20824	1574253480	
busco_downloads/lineages/ascomycota_odb10/prfl/342038at4890.prfl	24106	1574253480	
busco_downloads/lineages/ascomycota_odb10/prfl/342062at4890.prfl	24252	1574253479	
busco_downloads/lineages/ascomycota_odb10/prfl/342489at4890.prfl	49062	1574253479	
busco_downloads/lineages/ascomycota_odb10/prfl/342703at4890.prfl	25963	1574253479	
busco_downloads/lineages/ascomycota_odb10/prfl/342746at4890.prfl	37261	1574253479	
busco_downloads/lineages/ascomycota_odb10/prfl/342781at4890.prfl	33345	1574253480	
busco_downloads/lineages/ascomycota_odb10/prfl/342805at4890.prfl	71164	1574253479	
busco_downloads/lineages/ascomycota_odb10/prfl/342829at4890.prfl	35593	1574253480	
busco_downloads/lineages/ascomycota_odb10/prfl/342950at4890.prfl	20607	1574253479	
busco_downloads/lineages/ascomycota_odb10/prfl/342958at4890.prfl	18378	1574253480	
busco_downloads/lineages/ascomycota_odb10/prfl/343143at4890.prfl	23191	1574253479	
busco_downloads/lineages/ascomycota_odb10/prfl/343173at4890.prfl	22967	1574253480	
busco_downloads/lineages/ascomycota_odb10/prfl/343291at4890.prfl	31852	1574253479	
busco_downloads/lineages/ascomycota_odb10/prfl/343339at4890.prfl	36803	1574253479	
busco_downloads/lineages/ascomycota_odb10/prfl/343384at4890.prfl	27701	1574253480	
busco_downloads/lineages/ascomycota_odb10/prfl/343388at4890.prfl	46124	1574253480	
busco_downloads/lineages/ascomycota_odb10/prfl/343742at4890.prfl	20808	1574253480	
busco_downloads/lineages/ascomycota_odb10/prfl/343810at4890.prfl	25390	1574253479	
busco_downloads/lineages/ascomycota_odb10/prfl/344023at4890.prfl	20922	1574253479	
busco_downloads/lineages/ascomycota_odb10/prfl/344030at4890.prfl	24197	1574253479	
busco_downloads/lineages/ascomycota_odb10/prfl/344199at4890.prfl	48636	1574253479	
busco_downloads/lineages/ascomycota_odb10/prfl/344310at4890.prfl	19299	1574253479	
busco_downloads/lineages/ascomycota_odb10/prfl/344357at4890.prfl	18333	1574253480	
busco_downloads/lineages/ascomycota_odb10/prfl/344403at4890.prfl	23585	1574253480	
busco_downloads/lineages/ascomycota_odb10/prfl/344448at4890.prfl	34443	1574253480	
busco_downloads/lineages/ascomycota_odb10/prfl/344492at4890.prfl	43808	1574253479	
busco_downloads/lineages/ascomycota_odb10/prfl/3444at4890.prfl	341978	1574253480	
busco_downloads/lineages/ascomycota_odb10/prfl/344512at4890.prfl	44417	1574253479	
busco_downloads/lineages/ascomycota_odb10/prfl/344656at4890.prfl	16353	1574253479	
busco_downloads/lineages/ascomycota_odb10/prfl/344753at4890.prfl	29031	1574253479	
busco_downloads/lineages/ascomycota_odb10/prfl/344908at4890.prfl	22688	1574253480	
busco_downloads/lineages/ascomycota_odb10/prfl/344931at4890.prfl	21709	1574253479	
busco_downloads/lineages/ascomycota_odb10/prfl/34502at4890.prfl	124080	1574253479	
busco_downloads/lineages/ascomycota_odb10/prfl/345038at4890.prfl	29749	1574253479	
busco_downloads/lineages/ascomycota_odb10/prfl/345065at4890.prfl	38926	1574253479	
busco_downloads/lineages/ascomycota_odb10/prfl/345647at4890.prfl	23936	1574253480	
busco_downloads/lineages/ascomycota_odb10/prfl/345866at4890.prfl	18313	1574253480	
busco_downloads/lineages/ascomycota_odb10/prfl/345932at4890.prfl	28693	1574253479	
busco_downloads/lineages/ascomycota_odb10/prfl/345985at4890.prfl	26395	1574253480	
busco_downloads/lineages/ascomycota_odb10/prfl/346088at4890.prfl	21807	1574253479	
busco_downloads/lineages/ascomycota_odb10/prfl/346367at4890.prfl	19683	1574253479	
busco_downloads/lineages/ascomycota_odb10/prfl/346709at4890.prfl	27824	1574253479	
busco_downloads/lineages/ascomycota_odb10/prfl/347131at4890.prfl	26791	1574253479	
busco_downloads/lineages/ascomycota_odb10/prfl/347717at4890.prfl	21173	1574253479	
busco_downloads/lineages/ascomycota_odb10/prfl/347878at4890.prfl	20506	1574253479	
busco_downloads/lineages/ascomycota_odb10/prfl/347969at4890.prfl	38054	1574253479	
busco_downloads/lineages/ascomycota_odb10/prfl/348137at4890.prfl	20715	1574253479	
busco_downloads/lineages/ascomycota_odb10/prfl/348370at4890.prfl	21886	1574253479	
busco_downloads/lineages/ascomycota_odb10/prfl/348491at4890.prfl	30304	1574253479	
busco_downloads/lineages/ascomycota_odb10/prfl/348581at4890.prfl	51957	1574253479	
busco_downloads/lineages/ascomycota_odb10/prfl/348590at4890.prfl	62461	1574253479	
busco_downloads/lineages/ascomycota_odb10/prfl/348702at4890.prfl	21296	1574253480	
busco_downloads/lineages/ascomycota_odb10/prfl/348758at4890.prfl	17743	1574253480	
busco_downloads/lineages/ascomycota_odb10/prfl/348766at4890.prfl	27016	1574253480	
busco_downloads/lineages/ascomycota_odb10/prfl/348860at4890.prfl	36597	1574253479	
busco_downloads/lineages/ascomycota_odb10/prfl/3488at4890.prfl	361672	1574253479	
busco_downloads/lineages/ascomycota_odb10/prfl/349202at4890.prfl	16496	1574253479	
busco_downloads/lineages/ascomycota_odb10/prfl/349224at4890.prfl	27749	1574253479	
busco_downloads/lineages/ascomycota_odb10/prfl/349251at4890.prfl	16091	1574253480	
busco_downloads/lineages/ascomycota_odb10/prfl/349327at4890.prfl	21914	1574253479	
busco_downloads/lineages/ascomycota_odb10/prfl/349475at4890.prfl	35076	1574253480	
busco_downloads/lineages/ascomycota_odb10/prfl/349680at4890.prfl	22766	1574253479	
busco_downloads/lineages/ascomycota_odb10/prfl/349683at4890.prfl	16026	1574253480	
busco_downloads/lineages/ascomycota_odb10/prfl/349891at4890.prfl	14040	1574253480	
busco_downloads/lineages/ascomycota_odb10/prfl/350097at4890.prfl	15611	1574253480	
busco_downloads/lineages/ascomycota_odb10/prfl/350170at4890.prfl	18944	1574253479	
busco_downloads/lineages/ascomycota_odb10/prfl/350378at4890.prfl	59006	1574253479	
busco_downloads/lineages/ascomycota_odb10/prfl/350404at4890.prfl	74849	1574253479	
busco_downloads/lineages/ascomycota_odb10/prfl/350470at4890.prfl	12822	1574253480	
busco_downloads/lineages/ascomycota_odb10/prfl/350506at4890.prfl	20409	1574253480	
busco_downloads/lineages/ascomycota_odb10/prfl/350523at4890.prfl	17495	1574253479	
busco_downloads/lineages/ascomycota_odb10/prfl/350525at4890.prfl	19908	1574253479	
busco_downloads/lineages/ascomycota_odb10/prfl/350575at4890.prfl	33801	1574253480	
busco_downloads/lineages/ascomycota_odb10/prfl/350610at4890.prfl	35418	1574253480	
busco_downloads/lineages/ascomycota_odb10/prfl/350796at4890.prfl	22055	1574253479	
busco_downloads/lineages/ascomycota_odb10/prfl/350969at4890.prfl	38264	1574253480	
busco_downloads/lineages/ascomycota_odb10/prfl/351030at4890.prfl	20430	1574253479	
busco_downloads/lineages/ascomycota_odb10/prfl/351366at4890.prfl	28362	1574253479	
busco_downloads/lineages/ascomycota_odb10/prfl/351447at4890.prfl	14903	1574253479	
busco_downloads/lineages/ascomycota_odb10/prfl/351502at4890.prfl	18521	1574253479	
busco_downloads/lineages/ascomycota_odb10/prfl/352405at4890.prfl	22961	1574253480	
busco_downloads/lineages/ascomycota_odb10/prfl/352677at4890.prfl	17954	1574253480	
busco_downloads/lineages/ascomycota_odb10/prfl/352787at4890.prfl	34148	1574253480	
busco_downloads/lineages/ascomycota_odb10/prfl/352974at4890.prfl	15849	1574253480	
busco_downloads/lineages/ascomycota_odb10/prfl/352985at4890.prfl	11376	1574253480	
busco_downloads/lineages/ascomycota_odb10/prfl/353129at4890.prfl	16896	1574253479	
busco_downloads/lineages/ascomycota_odb10/prfl/353282at4890.prfl	21018	1574253479	
busco_downloads/lineages/ascomycota_odb10/prfl/353763at4890.prfl	16749	1574253479	
busco_downloads/lineages/ascomycota_odb10/prfl/354140at4890.prfl	40090	1574253479	
busco_downloads/lineages/ascomycota_odb10/prfl/354150at4890.prfl	29703	1574253479	
busco_downloads/lineages/ascomycota_odb10/prfl/354684at4890.prfl	15597	1574253479	
busco_downloads/lineages/ascomycota_odb10/prfl/354714at4890.prfl	29903	1574253480	
busco_downloads/lineages/ascomycota_odb10/prfl/354771at4890.prfl	34687	1574253480	
busco_downloads/lineages/ascomycota_odb10/prfl/354788at4890.prfl	18793	1574253479	
busco_downloads/lineages/ascomycota_odb10/prfl/354830at4890.prfl	16601	1574253479	
busco_downloads/lineages/ascomycota_odb10/prfl/355209at4890.prfl	31297	1574253479	
busco_downloads/lineages/ascomycota_odb10/prfl/355369at4890.prfl	16098	1574253480	
busco_downloads/lineages/ascomycota_odb10/prfl/355402at4890.prfl	20702	1574253480	
busco_downloads/lineages/ascomycota_odb10/prfl/355693at4890.prfl	41461	1574253479	
busco_downloads/lineages/ascomycota_odb10/prfl/3557at4890.prfl	268297	1574253479	
busco_downloads/lineages/ascomycota_odb10/prfl/356170at4890.prfl	20572	1574253479	
busco_downloads/lineages/ascomycota_odb10/prfl/35625at4890.prfl	109594	1574253479	
busco_downloads/lineages/ascomycota_odb10/prfl/356381at4890.prfl	20912	1574253480	
busco_downloads/lineages/ascomycota_odb10/prfl/356564at4890.prfl	43751	1574253479	
busco_downloads/lineages/ascomycota_odb10/prfl/356833at4890.prfl	14863	1574253480	
busco_downloads/lineages/ascomycota_odb10/prfl/356998at4890.prfl	19995	1574253480	
busco_downloads/lineages/ascomycota_odb10/prfl/357056at4890.prfl	26905	1574253480	
busco_downloads/lineages/ascomycota_odb10/prfl/357107at4890.prfl	16458	1574253479	
busco_downloads/lineages/ascomycota_odb10/prfl/357202at4890.prfl	40622	1574253480	
busco_downloads/lineages/ascomycota_odb10/prfl/357539at4890.prfl	18131	1574253479	
busco_downloads/lineages/ascomycota_odb10/prfl/357964at4890.prfl	18310	1574253479	
busco_downloads/lineages/ascomycota_odb10/prfl/358005at4890.prfl	32803	1574253479	
busco_downloads/lineages/ascomycota_odb10/prfl/358295at4890.prfl	27936	1574253480	
busco_downloads/lineages/ascomycota_odb10/prfl/358349at4890.prfl	25964	1574253479	
busco_downloads/lineages/ascomycota_odb10/prfl/358354at4890.prfl	32759	1574253480	
busco_downloads/lineages/ascomycota_odb10/prfl/358582at4890.prfl	27574	1574253480	
busco_downloads/lineages/ascomycota_odb10/prfl/359041at4890.prfl	20007	1574253479	
busco_downloads/lineages/ascomycota_odb10/prfl/359042at4890.prfl	21519	1574253480	
busco_downloads/lineages/ascomycota_odb10/prfl/359423at4890.prfl	35277	1574253480	
busco_downloads/lineages/ascomycota_odb10/prfl/359882at4890.prfl	21159	1574253480	
busco_downloads/lineages/ascomycota_odb10/prfl/360315at4890.prfl	19093	1574253479	
busco_downloads/lineages/ascomycota_odb10/prfl/360433at4890.prfl	13706	1574253480	
busco_downloads/lineages/ascomycota_odb10/prfl/360620at4890.prfl	39495	1574253479	
busco_downloads/lineages/ascomycota_odb10/prfl/360850at4890.prfl	30081	1574253479	
busco_downloads/lineages/ascomycota_odb10/prfl/36099at4890.prfl	137838	1574253479	
busco_downloads/lineages/ascomycota_odb10/prfl/36111at4890.prfl	201139	1574253479	
busco_downloads/lineages/ascomycota_odb10/prfl/361585at4890.prfl	48157	1574253480	
busco_downloads/lineages/ascomycota_odb10/prfl/361694at4890.prfl	18489	1574253479	
busco_downloads/lineages/ascomycota_odb10/prfl/361712at4890.prfl	14202	1574253479	
busco_downloads/lineages/ascomycota_odb10/prfl/361750at4890.prfl	17654	1574253480	
busco_downloads/lineages/ascomycota_odb10/prfl/362636at4890.prfl	57229	1574253480	
busco_downloads/lineages/ascomycota_odb10/prfl/363609at4890.prfl	21560	1574253479	
busco_downloads/lineages/ascomycota_odb10/prfl/363996at4890.prfl	10127	1574253479	
busco_downloads/lineages/ascomycota_odb10/prfl/364351at4890.prfl	18884	1574253479	
busco_downloads/lineages/ascomycota_odb10/prfl/364500at4890.prfl	41193	1574253480	
busco_downloads/lineages/ascomycota_odb10/prfl/364928at4890.prfl	31430	1574253480	
busco_downloads/lineages/ascomycota_odb10/prfl/364986at4890.prfl	25611	1574253480	
busco_downloads/lineages/ascomycota_odb10/prfl/365175at4890.prfl	15041	1574253479	
busco_downloads/lineages/ascomycota_odb10/prfl/365705at4890.prfl	14055	1574253479	
busco_downloads/lineages/ascomycota_odb10/prfl/36572at4890.prfl	120503	1574253480	
busco_downloads/lineages/ascomycota_odb10/prfl/365938at4890.prfl	29725	1574253480	
busco_downloads/lineages/ascomycota_odb10/prfl/366582at4890.prfl	19123	1574253480	
busco_downloads/lineages/ascomycota_odb10/prfl/36728at4890.prfl	114520	1574253479	
busco_downloads/lineages/ascomycota_odb10/prfl/367811at4890.prfl	18939	1574253480	
busco_downloads/lineages/ascomycota_odb10/prfl/36835at4890.prfl	112301	1574253480	
busco_downloads/lineages/ascomycota_odb10/prfl/368462at4890.prfl	38201	1574253479	
busco_downloads/lineages/ascomycota_odb10/prfl/36866at4890.prfl	133173	1574253479	
busco_downloads/lineages/ascomycota_odb10/prfl/369578at4890.prfl	14625	1574253479	
busco_downloads/lineages/ascomycota_odb10/prfl/369764at4890.prfl	13825	1574253479	
busco_downloads/lineages/ascomycota_odb10/prfl/370169at4890.prfl	11696	1574253479	
busco_downloads/lineages/ascomycota_odb10/prfl/37228at4890.prfl	106953	1574253479	
busco_downloads/lineages/ascomycota_odb10/prfl/37253at4890.prfl	109022	1574253479	
busco_downloads/lineages/ascomycota_odb10/prfl/37491at4890.prfl	138516	1574253480	
busco_downloads/lineages/ascomycota_odb10/prfl/377at4890.prfl	616661	1574253479	
busco_downloads/lineages/ascomycota_odb10/prfl/37846at4890.prfl	136464	1574253480	
busco_downloads/lineages/ascomycota_odb10/prfl/38057at4890.prfl	111827	1574253480	
busco_downloads/lineages/ascomycota_odb10/prfl/38423at4890.prfl	94750	1574253480	
busco_downloads/lineages/ascomycota_odb10/prfl/38468at4890.prfl	129882	1574253479	
busco_downloads/lineages/ascomycota_odb10/prfl/38520at4890.prfl	99031	1574253479	
busco_downloads/lineages/ascomycota_odb10/prfl/39029at4890.prfl	110761	1574253479	
busco_downloads/lineages/ascomycota_odb10/prfl/39044at4890.prfl	102797	1574253479	
busco_downloads/lineages/ascomycota_odb10/prfl/39224at4890.prfl	79905	1574253479	
busco_downloads/lineages/ascomycota_odb10/prfl/39569at4890.prfl	150001	1574253479	
busco_downloads/lineages/ascomycota_odb10/prfl/39674at4890.prfl	106516	1574253480	
busco_downloads/lineages/ascomycota_odb10/prfl/3995at4890.prfl	239494	1574253480	
busco_downloads/lineages/ascomycota_odb10/prfl/40467at4890.prfl	167281	1574253479	
busco_downloads/lineages/ascomycota_odb10/prfl/40894at4890.prfl	118158	1574253479	
busco_downloads/lineages/ascomycota_odb10/prfl/41247at4890.prfl	123077	1574253480	
busco_downloads/lineages/ascomycota_odb10/prfl/41281at4890.prfl	170184	1574253479	
busco_downloads/lineages/ascomycota_odb10/prfl/41503at4890.prfl	146192	1574253480	
busco_downloads/lineages/ascomycota_odb10/prfl/41512at4890.prfl	174932	1574253480	
busco_downloads/lineages/ascomycota_odb10/prfl/41603at4890.prfl	210435	1574253479	
busco_downloads/lineages/ascomycota_odb10/prfl/4161at4890.prfl	158021	1574253479	
busco_downloads/lineages/ascomycota_odb10/prfl/41954at4890.prfl	241932	1574253480	
busco_downloads/lineages/ascomycota_odb10/prfl/42525at4890.prfl	109017	1574253480	
busco_downloads/lineages/ascomycota_odb10/prfl/42646at4890.prfl	126404	1574253480	
busco_downloads/lineages/ascomycota_odb10/prfl/42727at4890.prfl	130530	1574253480	
busco_downloads/lineages/ascomycota_odb10/prfl/42840at4890.prfl	97514	1574253480	
busco_downloads/lineages/ascomycota_odb10/prfl/4344at4890.prfl	230671	1574253479	
busco_downloads/lineages/ascomycota_odb10/prfl/43781at4890.prfl	179341	1574253479	
busco_downloads/lineages/ascomycota_odb10/prfl/43988at4890.prfl	111580	1574253479	
busco_downloads/lineages/ascomycota_odb10/prfl/44015at4890.prfl	134055	1574253479	
busco_downloads/lineages/ascomycota_odb10/prfl/44600at4890.prfl	99658	1574253479	
busco_downloads/lineages/ascomycota_odb10/prfl/4479at4890.prfl	211526	1574253479	
busco_downloads/lineages/ascomycota_odb10/prfl/44808at4890.prfl	190018	1574253479	
busco_downloads/lineages/ascomycota_odb10/prfl/44813at4890.prfl	241464	1574253480	
busco_downloads/lineages/ascomycota_odb10/prfl/45291at4890.prfl	143143	1574253479	
busco_downloads/lineages/ascomycota_odb10/prfl/45805at4890.prfl	116056	1574253479	
busco_downloads/lineages/ascomycota_odb10/prfl/45816at4890.prfl	125075	1574253480	
busco_downloads/lineages/ascomycota_odb10/prfl/46779at4890.prfl	154342	1574253479	
busco_downloads/lineages/ascomycota_odb10/prfl/47040at4890.prfl	102153	1574253479	
busco_downloads/lineages/ascomycota_odb10/prfl/47289at4890.prfl	196742	1574253480	
busco_downloads/lineages/ascomycota_odb10/prfl/47615at4890.prfl	96297	1574253480	
busco_downloads/lineages/ascomycota_odb10/prfl/47833at4890.prfl	98490	1574253480	
busco_downloads/lineages/ascomycota_odb10/prfl/47850at4890.prfl	142606	1574253479	
busco_downloads/lineages/ascomycota_odb10/prfl/47936at4890.prfl	105036	1574253479	
busco_downloads/lineages/ascomycota_odb10/prfl/48378at4890.prfl	136267	1574253479	
busco_downloads/lineages/ascomycota_odb10/prfl/49374at4890.prfl	93963	1574253479	
busco_downloads/lineages/ascomycota_odb10/prfl/49514at4890.prfl	140728	1574253479	
busco_downloads/lineages/ascomycota_odb10/prfl/4961at4890.prfl	156694	1574253479	
busco_downloads/lineages/ascomycota_odb10/prfl/49638at4890.prfl	107041	1574253480	
busco_downloads/lineages/ascomycota_odb10/prfl/50101at4890.prfl	113595	1574253480	
busco_downloads/lineages/ascomycota_odb10/prfl/50104at4890.prfl	83547	1574253479	
busco_downloads/lineages/ascomycota_odb10/prfl/504at4890.prfl	448838	1574253480	
busco_downloads/lineages/ascomycota_odb10/prfl/51710at4890.prfl	173827	1574253479	
busco_downloads/lineages/ascomycota_odb10/prfl/5198at4890.prfl	219951	1574253479	
busco_downloads/lineages/ascomycota_odb10/prfl/52334at4890.prfl	111655	1574253480	
busco_downloads/lineages/ascomycota_odb10/prfl/52465at4890.prfl	108511	1574253479	
busco_downloads/lineages/ascomycota_odb10/prfl/52721at4890.prfl	158985	1574253479	
busco_downloads/lineages/ascomycota_odb10/prfl/52792at4890.prfl	110453	1574253479	
busco_downloads/lineages/ascomycota_odb10/prfl/53283at4890.prfl	111337	1574253479	
busco_downloads/lineages/ascomycota_odb10/prfl/5330at4890.prfl	136453	1574253480	
busco_downloads/lineages/ascomycota_odb10/prfl/53410at4890.prfl	102619	1574253480	
busco_downloads/lineages/ascomycota_odb10/prfl/53619at4890.prfl	89034	1574253479	
busco_downloads/lineages/ascomycota_odb10/prfl/55228at4890.prfl	172346	1574253479	
busco_downloads/lineages/ascomycota_odb10/prfl/55323at4890.prfl	132808	1574253479	
busco_downloads/lineages/ascomycota_odb10/prfl/55629at4890.prfl	76306	1574253479	
busco_downloads/lineages/ascomycota_odb10/prfl/5596at4890.prfl	170469	1574253479	
busco_downloads/lineages/ascomycota_odb10/prfl/56049at4890.prfl	100384	1574253480	
busco_downloads/lineages/ascomycota_odb10/prfl/56094at4890.prfl	111568	1574253480	
busco_downloads/lineages/ascomycota_odb10/prfl/56236at4890.prfl	80527	1574253480	
busco_downloads/lineages/ascomycota_odb10/prfl/56260at4890.prfl	107588	1574253480	
busco_downloads/lineages/ascomycota_odb10/prfl/56303at4890.prfl	108059	1574253480	
busco_downloads/lineages/ascomycota_odb10/prfl/56355at4890.prfl	109423	1574253480	
busco_downloads/lineages/ascomycota_odb10/prfl/56665at4890.prfl	107210	1574253480	
busco_downloads/lineages/ascomycota_odb10/prfl/57264at4890.prfl	82974	1574253480	
busco_downloads/lineages/ascomycota_odb10/prfl/57496at4890.prfl	136642	1574253480	
busco_downloads/lineages/ascomycota_odb10/prfl/58801at4890.prfl	117104	1574253479	
busco_downloads/lineages/ascomycota_odb10/prfl/59024at4890.prfl	94997	1574253479	
busco_downloads/lineages/ascomycota_odb10/prfl/59338at4890.prfl	109247	1574253479	
busco_downloads/lineages/ascomycota_odb10/prfl/59607at4890.prfl	146298	1574253479	
busco_downloads/lineages/ascomycota_odb10/prfl/59710at4890.prfl	111096	1574253480	
busco_downloads/lineages/ascomycota_odb10/prfl/59819at4890.prfl	63587	1574253480	
busco_downloads/lineages/ascomycota_odb10/prfl/59995at4890.prfl	139270	1574253480	
busco_downloads/lineages/ascomycota_odb10/prfl/60145at4890.prfl	107191	1574253479	
busco_downloads/lineages/ascomycota_odb10/prfl/60152at4890.prfl	74150	1574253479	
busco_downloads/lineages/ascomycota_odb10/prfl/6019at4890.prfl	222282	1574253479	
busco_downloads/lineages/ascomycota_odb10/prfl/60346at4890.prfl	133273	1574253479	
busco_downloads/lineages/ascomycota_odb10/prfl/60739at4890.prfl	121827	1574253479	
busco_downloads/lineages/ascomycota_odb10/prfl/60875at4890.prfl	98783	1574253480	
busco_downloads/lineages/ascomycota_odb10/prfl/61292at4890.prfl	75797	1574253479	
busco_downloads/lineages/ascomycota_odb10/prfl/61371at4890.prfl	57566	1574253480	
busco_downloads/lineages/ascomycota_odb10/prfl/61611at4890.prfl	64634	1574253479	
busco_downloads/lineages/ascomycota_odb10/prfl/61824at4890.prfl	88683	1574253479	
busco_downloads/lineages/ascomycota_odb10/prfl/61904at4890.prfl	103506	1574253479	
busco_downloads/lineages/ascomycota_odb10/prfl/62381at4890.prfl	54488	1574253480	
busco_downloads/lineages/ascomycota_odb10/prfl/6263at4890.prfl	324593	1574253479	
busco_downloads/lineages/ascomycota_odb10/prfl/62803at4890.prfl	248543	1574253480	
busco_downloads/lineages/ascomycota_odb10/prfl/62977at4890.prfl	63240	1574253479	
busco_downloads/lineages/ascomycota_odb10/prfl/63541at4890.prfl	59044	1574253479	
busco_downloads/lineages/ascomycota_odb10/prfl/6355at4890.prfl	191736	1574253479	
busco_downloads/lineages/ascomycota_odb10/prfl/63664at4890.prfl	141105	1574253479	
busco_downloads/lineages/ascomycota_odb10/prfl/63919at4890.prfl	111062	1574253479	
busco_downloads/lineages/ascomycota_odb10/prfl/64079at4890.prfl	118860	1574253479	
busco_downloads/lineages/ascomycota_odb10/prfl/64489at4890.prfl	57981	1574253479	
busco_downloads/lineages/ascomycota_odb10/prfl/64534at4890.prfl	135649	1574253479	
busco_downloads/lineages/ascomycota_odb10/prfl/64595at4890.prfl	77696	1574253479	
busco_downloads/lineages/ascomycota_odb10/prfl/65149at4890.prfl	99981	1574253479	
busco_downloads/lineages/ascomycota_odb10/prfl/65695at4890.prfl	137880	1574253479	
busco_downloads/lineages/ascomycota_odb10/prfl/65698at4890.prfl	136721	1574253480	
busco_downloads/lineages/ascomycota_odb10/prfl/65701at4890.prfl	132623	1574253480	
busco_downloads/lineages/ascomycota_odb10/prfl/65709at4890.prfl	182129	1574253479	
busco_downloads/lineages/ascomycota_odb10/prfl/65915at4890.prfl	86493	1574253479	
busco_downloads/lineages/ascomycota_odb10/prfl/66003at4890.prfl	89647	1574253480	
busco_downloads/lineages/ascomycota_odb10/prfl/66083at4890.prfl	102770	1574253479	
busco_downloads/lineages/ascomycota_odb10/prfl/66172at4890.prfl	112871	1574253479	
busco_downloads/lineages/ascomycota_odb10/prfl/66756at4890.prfl	85814	1574253479	
busco_downloads/lineages/ascomycota_odb10/prfl/66917at4890.prfl	87250	1574253480	
busco_downloads/lineages/ascomycota_odb10/prfl/66933at4890.prfl	131984	1574253479	
busco_downloads/lineages/ascomycota_odb10/prfl/67529at4890.prfl	69985	1574253479	
busco_downloads/lineages/ascomycota_odb10/prfl/67571at4890.prfl	136059	1574253479	
busco_downloads/lineages/ascomycota_odb10/prfl/68050at4890.prfl	94242	1574253480	
busco_downloads/lineages/ascomycota_odb10/prfl/68422at4890.prfl	91018	1574253479	
busco_downloads/lineages/ascomycota_odb10/prfl/69023at4890.prfl	108744	1574253479	
busco_downloads/lineages/ascomycota_odb10/prfl/69345at4890.prfl	115054	1574253479	
busco_downloads/lineages/ascomycota_odb10/prfl/69897at4890.prfl	78634	1574253479	
busco_downloads/lineages/ascomycota_odb10/prfl/6990at4890.prfl	262278	1574253479	
busco_downloads/lineages/ascomycota_odb10/prfl/70698at4890.prfl	81762	1574253479	
busco_downloads/lineages/ascomycota_odb10/prfl/70967at4890.prfl	75730	1574253480	
busco_downloads/lineages/ascomycota_odb10/prfl/72314at4890.prfl	141097	1574253479	
busco_downloads/lineages/ascomycota_odb10/prfl/72334at4890.prfl	110348	1574253479	
busco_downloads/lineages/ascomycota_odb10/prfl/72508at4890.prfl	90457	1574253479	
busco_downloads/lineages/ascomycota_odb10/prfl/72653at4890.prfl	96719	1574253479	
busco_downloads/lineages/ascomycota_odb10/prfl/73214at4890.prfl	126382	1574253479	
busco_downloads/lineages/ascomycota_odb10/prfl/73698at4890.prfl	109440	1574253480	
busco_downloads/lineages/ascomycota_odb10/prfl/73707at4890.prfl	114589	1574253479	
busco_downloads/lineages/ascomycota_odb10/prfl/74385at4890.prfl	100396	1574253479	
busco_downloads/lineages/ascomycota_odb10/prfl/74594at4890.prfl	145125	1574253480	
busco_downloads/lineages/ascomycota_odb10/prfl/7497at4890.prfl	193851	1574253479	
busco_downloads/lineages/ascomycota_odb10/prfl/75364at4890.prfl	87250	1574253479	
busco_downloads/lineages/ascomycota_odb10/prfl/75898at4890.prfl	105856	1574253479	
busco_downloads/lineages/ascomycota_odb10/prfl/75906at4890.prfl	105438	1574253479	
busco_downloads/lineages/ascomycota_odb10/prfl/75940at4890.prfl	77634	1574253479	
busco_downloads/lineages/ascomycota_odb10/prfl/76103at4890.prfl	83220	1574253480	
busco_downloads/lineages/ascomycota_odb10/prfl/7647at4890.prfl	206050	1574253480	
busco_downloads/lineages/ascomycota_odb10/prfl/76980at4890.prfl	86128	1574253479	
busco_downloads/lineages/ascomycota_odb10/prfl/78062at4890.prfl	71063	1574253479	
busco_downloads/lineages/ascomycota_odb10/prfl/78159at4890.prfl	94218	1574253480	
busco_downloads/lineages/ascomycota_odb10/prfl/78352at4890.prfl	109411	1574253480	
busco_downloads/lineages/ascomycota_odb10/prfl/78473at4890.prfl	123628	1574253480	
busco_downloads/lineages/ascomycota_odb10/prfl/78494at4890.prfl	96957	1574253479	
busco_downloads/lineages/ascomycota_odb10/prfl/78526at4890.prfl	234760	1574253479	
busco_downloads/lineages/ascomycota_odb10/prfl/78644at4890.prfl	97563	1574253480	
busco_downloads/lineages/ascomycota_odb10/prfl/79092at4890.prfl	111760	1574253479	
busco_downloads/lineages/ascomycota_odb10/prfl/79105at4890.prfl	85646	1574253480	
busco_downloads/lineages/ascomycota_odb10/prfl/79456at4890.prfl	93417	1574253480	
busco_downloads/lineages/ascomycota_odb10/prfl/79605at4890.prfl	95652	1574253480	
busco_downloads/lineages/ascomycota_odb10/prfl/79847at4890.prfl	91349	1574253480	
busco_downloads/lineages/ascomycota_odb10/prfl/79863at4890.prfl	105671	1574253480	
busco_downloads/lineages/ascomycota_odb10/prfl/80824at4890.prfl	92660	1574253480	
busco_downloads/lineages/ascomycota_odb10/prfl/80877at4890.prfl	103400	1574253479	
busco_downloads/lineages/ascomycota_odb10/prfl/81261at4890.prfl	81045	1574253479	
busco_downloads/lineages/ascomycota_odb10/prfl/81484at4890.prfl	115664	1574253479	
busco_downloads/lineages/ascomycota_odb10/prfl/81642at4890.prfl	77240	1574253479	
busco_downloads/lineages/ascomycota_odb10/prfl/81681at4890.prfl	74696	1574253480	
busco_downloads/lineages/ascomycota_odb10/prfl/81880at4890.prfl	27743	1574253479	
busco_downloads/lineages/ascomycota_odb10/prfl/82018at4890.prfl	96531	1574253479	
busco_downloads/lineages/ascomycota_odb10/prfl/82400at4890.prfl	95577	1574253480	
busco_downloads/lineages/ascomycota_odb10/prfl/83098at4890.prfl	208021	1574253479	
busco_downloads/lineages/ascomycota_odb10/prfl/83120at4890.prfl	125324	1574253479	
busco_downloads/lineages/ascomycota_odb10/prfl/8339at4890.prfl	164944	1574253479	
busco_downloads/lineages/ascomycota_odb10/prfl/8345at4890.prfl	153911	1574253479	
busco_downloads/lineages/ascomycota_odb10/prfl/83773at4890.prfl	126650	1574253480	
busco_downloads/lineages/ascomycota_odb10/prfl/83901at4890.prfl	84887	1574253479	
busco_downloads/lineages/ascomycota_odb10/prfl/84105at4890.prfl	65718	1574253479	
busco_downloads/lineages/ascomycota_odb10/prfl/84488at4890.prfl	145513	1574253480	
busco_downloads/lineages/ascomycota_odb10/prfl/8502at4890.prfl	171050	1574253479	
busco_downloads/lineages/ascomycota_odb10/prfl/85057at4890.prfl	101041	1574253479	
busco_downloads/lineages/ascomycota_odb10/prfl/85232at4890.prfl	85415	1574253479	
busco_downloads/lineages/ascomycota_odb10/prfl/85315at4890.prfl	110856	1574253480	
busco_downloads/lineages/ascomycota_odb10/prfl/85375at4890.prfl	86316	1574253480	
busco_downloads/lineages/ascomycota_odb10/prfl/85474at4890.prfl	109058	1574253479	
busco_downloads/lineages/ascomycota_odb10/prfl/85711at4890.prfl	87973	1574253479	
busco_downloads/lineages/ascomycota_odb10/prfl/86427at4890.prfl	86812	1574253480	
busco_downloads/lineages/ascomycota_odb10/prfl/87211at4890.prfl	85979	1574253479	
busco_downloads/lineages/ascomycota_odb10/prfl/87743at4890.prfl	85862	1574253479	
busco_downloads/lineages/ascomycota_odb10/prfl/8809at4890.prfl	261483	1574253479	
busco_downloads/lineages/ascomycota_odb10/prfl/88165at4890.prfl	99147	1574253479	
busco_downloads/lineages/ascomycota_odb10/prfl/8846at4890.prfl	184308	1574253480	
busco_downloads/lineages/ascomycota_odb10/prfl/89071at4890.prfl	102168	1574253480	
busco_downloads/lineages/ascomycota_odb10/prfl/89450at4890.prfl	86716	1574253479	
busco_downloads/lineages/ascomycota_odb10/prfl/89519at4890.prfl	173434	1574253479	
busco_downloads/lineages/ascomycota_odb10/prfl/89647at4890.prfl	114489	1574253479	
busco_downloads/lineages/ascomycota_odb10/prfl/90145at4890.prfl	89357	1574253480	
busco_downloads/lineages/ascomycota_odb10/prfl/90764at4890.prfl	154306	1574253480	
busco_downloads/lineages/ascomycota_odb10/prfl/90850at4890.prfl	138413	1574253480	
busco_downloads/lineages/ascomycota_odb10/prfl/91438at4890.prfl	75837	1574253480	
busco_downloads/lineages/ascomycota_odb10/prfl/91633at4890.prfl	87131	1574253479	
busco_downloads/lineages/ascomycota_odb10/prfl/91870at4890.prfl	88806	1574253479	
busco_downloads/lineages/ascomycota_odb10/prfl/92169at4890.prfl	101462	1574253479	
busco_downloads/lineages/ascomycota_odb10/prfl/92851at4890.prfl	96122	1574253480	
busco_downloads/lineages/ascomycota_odb10/prfl/92953at4890.prfl	118159	1574253479	
busco_downloads/lineages/ascomycota_odb10/prfl/9309at4890.prfl	165473	1574253479	
busco_downloads/lineages/ascomycota_odb10/prfl/93274at4890.prfl	65275	1574253479	
busco_downloads/lineages/ascomycota_odb10/prfl/93299at4890.prfl	96476	1574253479	
busco_downloads/lineages/ascomycota_odb10/prfl/93380at4890.prfl	124459	1574253479	
busco_downloads/lineages/ascomycota_odb10/prfl/93921at4890.prfl	84904	1574253479	
busco_downloads/lineages/ascomycota_odb10/prfl/94048at4890.prfl	66481	1574253479	
busco_downloads/lineages/ascomycota_odb10/prfl/94131at4890.prfl	82382	1574253480	
busco_downloads/lineages/ascomycota_odb10/prfl/94133at4890.prfl	83764	1574253479	
busco_downloads/lineages/ascomycota_odb10/prfl/94241at4890.prfl	109489	1574253480	
busco_downloads/lineages/ascomycota_odb10/prfl/94517at4890.prfl	76262	1574253480	
busco_downloads/lineages/ascomycota_odb10/prfl/9453at4890.prfl	69005	1574253480	
busco_downloads/lineages/ascomycota_odb10/prfl/94700at4890.prfl	82319	1574253479	
busco_downloads/lineages/ascomycota_odb10/prfl/95526at4890.prfl	196895	1574253479	
busco_downloads/lineages/ascomycota_odb10/prfl/96051at4890.prfl	123876	1574253480	
busco_downloads/lineages/ascomycota_odb10/prfl/96101at4890.prfl	106187	1574253479	
busco_downloads/lineages/ascomycota_odb10/prfl/96539at4890.prfl	150324	1574253480	
busco_downloads/lineages/ascomycota_odb10/prfl/96550at4890.prfl	207411	1574253480	
busco_downloads/lineages/ascomycota_odb10/prfl/9673at4890.prfl	201287	1574253480	
busco_downloads/lineages/ascomycota_odb10/prfl/96752at4890.prfl	66136	1574253479	
busco_downloads/lineages/ascomycota_odb10/prfl/9707at4890.prfl	116957	1574253480	
busco_downloads/lineages/ascomycota_odb10/prfl/97408at4890.prfl	85432	1574253479	
busco_downloads/lineages/ascomycota_odb10/prfl/97889at4890.prfl	111762	1574253479	
busco_downloads/lineages/ascomycota_odb10/prfl/98141at4890.prfl	73833	1574253479	
busco_downloads/lineages/ascomycota_odb10/prfl/98184at4890.prfl	97606	1574253480	
busco_downloads/lineages/ascomycota_odb10/prfl/98628at4890.prfl	93442	1574253480	
busco_downloads/lineages/ascomycota_odb10/prfl/98715at4890.prfl	104543	1574253479	
busco_downloads/lineages/ascomycota_odb10/prfl/99101at4890.prfl	83556	1574253479	
busco_downloads/lineages/ascomycota_odb10/prfl/99135at4890.prfl	69000	1574253480	
busco_downloads/lineages/ascomycota_odb10/prfl/9929at4890.prfl	161427	1574253479	
busco_downloads/lineages/ascomycota_odb10/prfl/99362at4890.prfl	106235	1574253479	
busco_downloads/lineages/ascomycota_odb10/prfl/99579at4890.prfl	103290	1574253479	
busco_downloads/lineages/ascomycota_odb10/prfl/99965at4890.prfl	76009	1574253480	
busco_downloads/lineages/ascomycota_odb10/prfl/99989at4890.prfl	65848	1574253479	
busco_downloads/lineages/ascomycota_odb10/refseq_db.faa	322195916	1786783375	
busco_downloads/lineages/ascomycota_odb10/refseq_db.faa.gz.md5	97	1704720766	
busco_downloads/lineages/ascomycota_odb10/scores_cutoff	38209	1574253481	
busco_downloads/lineages/basidiomycota_odb10/ancestral	1033339	1574253484	
busco_downloads/lineages/basidiomycota_odb10/ancestral_variants	10215708	1574253484	
busco_downloads/lineages/basidiomycota_odb10/dataset.cfg	196	1704721206	
busco_downloads/lineages/basidiomycota_odb10/hmms/10022at5204.hmm	177723	1574253483	
busco_downloads/lineages/basidiomycota_odb10/hmms/10049at5204.hmm	306993	1574253482	
busco_downloads/lineages/basidiomycota_odb10/hmms/10082at5204.hmm	250726	1574253483	
busco_downloads/lineages/basidiomycota_odb10/hmms/10139at5204.hmm	187023	1574253483	
busco_downloads/lineages/basidiomycota_odb10/hmms/10152at5204.hmm	205158	1574253483	
busco_downloads/lineages/basidiomycota_odb10/hmms/10221at5204.hmm	441842	1574253482	
busco_downloads/lineages/basidiomycota_odb10/hmms/10273at5204.hmm	219108	1574253482	
busco_downloads/lineages/basidiomycota_odb10/hmms/1027at5204.hmm	211201	1574253483	
busco_downloads/lineages/basidiomycota_odb10/hmms/10301at5204.hmm	253517	1574253483	
busco_downloads/lineages/basidiomycota_odb10/hmms/10334at5204.hmm	269793	1574253483	
busco_downloads/lineages/basidiomycota_odb10/hmms/10431at5204.hmm	291648	1574253483	
busco_downloads/lineages/basidiomycota_odb10/hmms/10488at5204.hmm	253983	1574253483	
busco_downloads/lineages/basidiomycota_odb10/hmms/10515at5204.hmm	133547	1574253484	
busco_downloads/lineages/basidiomycota_odb10/hmms/10554at5204.hmm	187488	1574253483	
busco_downloads/lineages/basidiomycota_odb10/hmms/10602at5204.hmm	126573	1574253482	
busco_downloads/lineages/basidiomycota_odb10/hmms/10649at5204.hmm	235848	1574253483	
busco_downloads/lineages/basidiomycota_odb10/hmms/1065at5204.hmm	364652	1574253483	
busco_downloads/lineages/basidiomycota_odb10/hmms/10721at5204.hmm	225153	1574253483	
busco_downloads/lineages/basidiomycota_odb10/hmms/10800at5204.hmm	164238	1574253483	
busco_downloads/lineages/basidiomycota_odb10/hmms/10840at5204.hmm	226548	1574253482	
busco_downloads/lineages/basidiomycota_odb10/hmms/10879at5204.hmm	232593	1574253483	
busco_downloads/lineages/basidiomycota_odb10/hmms/1108at5204.hmm	488343	1574253483	
busco_downloads/lineages/basidiomycota_odb10/hmms/11156at5204.hmm	183768	1574253482	
busco_downloads/lineages/basidiomycota_odb10/hmms/11353at5204.hmm	217248	1574253482	
busco_downloads/lineages/basidiomycota_odb10/hmms/11354at5204.hmm	232127	1574253484	
busco_downloads/lineages/basidiomycota_odb10/hmms/11378at5204.hmm	255377	1574253483	
busco_downloads/lineages/basidiomycota_odb10/hmms/11434at5204.hmm	231663	1574253483	
busco_downloads/lineages/basidiomycota_odb10/hmms/11435at5204.hmm	234918	1574253483	
busco_downloads/lineages/basidiomycota_odb10/hmms/11437at5204.hmm	163772	1574253483	
busco_downloads/lineages/basidiomycota_odb10/hmms/11438at5204.hmm	178188	1574253483	
busco_downloads/lineages/basidiomycota_odb10/hmms/11502at5204.hmm	106577	1574253482	
busco_downloads/lineages/basidiomycota_odb10/hmms/11605at5204.hmm	217248	1574253483	
busco_downloads/lineages/basidiomycota_odb10/hmms/11620at5204.hmm	197718	1574253482	
busco_downloads/lineages/basidiomycota_odb10/hmms/1165at5204.hmm	484623	1574253482	
busco_downloads/lineages/basidiomycota_odb10/hmms/11835at5204.hmm	256773	1574253483	
busco_downloads/lineages/basidiomycota_odb10/hmms/11881at5204.hmm	296763	1574253483	
busco_downloads/lineages/basidiomycota_odb10/hmms/11882at5204.hmm	329312	1574253483	
busco_downloads/lineages/basidiomycota_odb10/hmms/11981at5204.hmm	214923	1574253483	
busco_downloads/lineages/basidiomycota_odb10/hmms/12093at5204.hmm	271653	1574253483	
busco_downloads/lineages/basidiomycota_odb10/hmms/12221at5204.hmm	274908	1574253483	
busco_downloads/lineages/basidiomycota_odb10/hmms/12253at5204.hmm	197718	1574253482	
busco_downloads/lineages/basidiomycota_odb10/hmms/12284at5204.hmm	569718	1574253483	
busco_downloads/lineages/basidiomycota_odb10/hmms/12314at5204.hmm	228408	1574253483	
busco_downloads/lineages/basidiomycota_odb10/hmms/1231at5204.hmm	322802	1574253483	
busco_downloads/lineages/basidiomycota_odb10/hmms/12352at5204.hmm	342333	1574253484	
busco_downloads/lineages/basidiomycota_odb10/hmms/12408at5204.hmm	321873	1574253483	
busco_downloads/lineages/basidiomycota_odb10/hmms/12478at5204.hmm	243752	1574253482	
busco_downloads/lineages/basidiomycota_odb10/hmms/12572at5204.hmm	219573	1574253483	
busco_downloads/lineages/basidiomycota_odb10/hmms/1257at5204.hmm	451607	1574253483	
busco_downloads/lineages/basidiomycota_odb10/hmms/12593at5204.hmm	243753	1574253484	
busco_downloads/lineages/basidiomycota_odb10/hmms/12597at5204.hmm	226081	1574253483	
busco_downloads/lineages/basidiomycota_odb10/hmms/1264at5204.hmm	460907	1574253483	
busco_downloads/lineages/basidiomycota_odb10/hmms/12980at5204.hmm	186093	1574253484	
busco_downloads/lineages/basidiomycota_odb10/hmms/12982at5204.hmm	240498	1574253482	
busco_downloads/lineages/basidiomycota_odb10/hmms/13001at5204.hmm	438123	1574253482	
busco_downloads/lineages/basidiomycota_odb10/hmms/13031at5204.hmm	246078	1574253483	
busco_downloads/lineages/basidiomycota_odb10/hmms/13072at5204.hmm	200043	1574253482	
busco_downloads/lineages/basidiomycota_odb10/hmms/13073at5204.hmm	300483	1574253483	
busco_downloads/lineages/basidiomycota_odb10/hmms/13139at5204.hmm	157727	1574253483	
busco_downloads/lineages/basidiomycota_odb10/hmms/13172at5204.hmm	259562	1574253484	
busco_downloads/lineages/basidiomycota_odb10/hmms/13180at5204.hmm	310248	1574253483	
busco_downloads/lineages/basidiomycota_odb10/hmms/13235at5204.hmm	239103	1574253483	
busco_downloads/lineages/basidiomycota_odb10/hmms/13237at5204.hmm	233988	1574253483	
busco_downloads/lineages/basidiomycota_odb10/hmms/13283at5204.hmm	150288	1574253483	
busco_downloads/lineages/basidiomycota_odb10/hmms/13366at5204.hmm	206553	1574253483	
busco_downloads/lineages/basidiomycota_odb10/hmms/1341at5204.hmm	459046	1574253482	
busco_downloads/lineages/basidiomycota_odb10/hmms/13542at5204.hmm	411153	1574253483	
busco_downloads/lineages/basidiomycota_odb10/hmms/13555at5204.hmm	131688	1574253482	
busco_downloads/lineages/basidiomycota_odb10/hmms/13582at5204.hmm	285602	1574253483	
busco_downloads/lineages/basidiomycota_odb10/hmms/13660at5204.hmm	187488	1574253484	
busco_downloads/lineages/basidiomycota_odb10/hmms/13732at5204.hmm	263748	1574253484	
busco_downloads/lineages/basidiomycota_odb10/hmms/13767at5204.hmm	257703	1574253483	
busco_downloads/lineages/basidiomycota_odb10/hmms/13839at5204.hmm	243288	1574253483	
busco_downloads/lineages/basidiomycota_odb10/hmms/13884at5204.hmm	206553	1574253482	
busco_downloads/lineages/basidiomycota_odb10/hmms/13909at5204.hmm	204693	1574253483	
busco_downloads/lineages/basidiomycota_odb10/hmms/13947at5204.hmm	207017	1574253483	
busco_downloads/lineages/basidiomycota_odb10/hmms/13974at5204.hmm	232128	1574253483	
busco_downloads/lineages/basidiomycota_odb10/hmms/1398at5204.hmm	388832	1574253482	
busco_downloads/lineages/basidiomycota_odb10/hmms/1399at5204.hmm	396737	1574253483	
busco_downloads/lineages/basidiomycota_odb10/hmms/14005at5204.hmm	180048	1574253482	
busco_downloads/lineages/basidiomycota_odb10/hmms/14020at5204.hmm	183302	1574253482	
busco_downloads/lineages/basidiomycota_odb10/hmms/14034at5204.hmm	290253	1574253482	
busco_downloads/lineages/basidiomycota_odb10/hmms/14037at5204.hmm	223293	1574253483	
busco_downloads/lineages/basidiomycota_odb10/hmms/14138at5204.hmm	184233	1574253483	
busco_downloads/lineages/basidiomycota_odb10/hmms/14233at5204.hmm	218643	1574253482	
busco_downloads/lineages/basidiomycota_odb10/hmms/14268at5204.hmm	207482	1574253482	
busco_downloads/lineages/basidiomycota_odb10/hmms/14283at5204.hmm	251192	1574253483	
busco_downloads/lineages/basidiomycota_odb10/hmms/14295at5204.hmm	221898	1574253483	
busco_downloads/lineages/basidiomycota_odb10/hmms/14374at5204.hmm	279558	1574253483	
busco_downloads/lineages/basidiomycota_odb10/hmms/14386at5204.hmm	222363	1574253483	
busco_downloads/lineages/basidiomycota_odb10/hmms/14510at5204.hmm	209808	1574253483	
busco_downloads/lineages/basidiomycota_odb10/hmms/14541at5204.hmm	328382	1574253482	
busco_downloads/lineages/basidiomycota_odb10/hmms/14667at5204.hmm	300947	1574253483	
busco_downloads/lineages/basidiomycota_odb10/hmms/14691at5204.hmm	192137	1574253483	
busco_downloads/lineages/basidiomycota_odb10/hmms/14722at5204.hmm	123317	1574253483	
busco_downloads/lineages/basidiomycota_odb10/hmms/14857at5204.hmm	201438	1574253484	
busco_downloads/lineages/basidiomycota_odb10/hmms/14878at5204.hmm	220968	1574253484	
busco_downloads/lineages/basidiomycota_odb10/hmms/14882at5204.hmm	234453	1574253482	
busco_downloads/lineages/basidiomycota_odb10/hmms/14885at5204.hmm	176793	1574253483	
busco_downloads/lineages/basidiomycota_odb10/hmms/1489at5204.hmm	426496	1574253483	
busco_downloads/lineages/basidiomycota_odb10/hmms/14968at5204.hmm	206552	1574253483	
busco_downloads/lineages/basidiomycota_odb10/hmms/15021at5204.hmm	216318	1574253482	
busco_downloads/lineages/basidiomycota_odb10/hmms/15034at5204.hmm	282348	1574253482	
busco_downloads/lineages/basidiomycota_odb10/hmms/15078at5204.hmm	220503	1574253482	
busco_downloads/lineages/basidiomycota_odb10/hmms/15092at5204.hmm	253983	1574253483	
busco_downloads/lineages/basidiomycota_odb10/hmms/15142at5204.hmm	153543	1574253483	
busco_downloads/lineages/basidiomycota_odb10/hmms/15227at5204.hmm	116808	1574253484	
busco_downloads/lineages/basidiomycota_odb10/hmms/15240at5204.hmm	567394	1574253483	
busco_downloads/lineages/basidiomycota_odb10/hmms/15254at5204.hmm	225153	1574253483	
busco_downloads/lineages/basidiomycota_odb10/hmms/15281at5204.hmm	197718	1574253483	
busco_downloads/lineages/basidiomycota_odb10/hmms/1528at5204.hmm	454397	1574253483	
busco_downloads/lineages/basidiomycota_odb10/hmms/15310at5204.hmm	140058	1574253483	
busco_downloads/lineages/basidiomycota_odb10/hmms/15326at5204.hmm	192602	1574253483	
busco_downloads/lineages/basidiomycota_odb10/hmms/1532at5204.hmm	511593	1574253483	
busco_downloads/lineages/basidiomycota_odb10/hmms/1534at5204.hmm	369767	1574253483	
busco_downloads/lineages/basidiomycota_odb10/hmms/15362at5204.hmm	204228	1574253483	
busco_downloads/lineages/basidiomycota_odb10/hmms/15396at5204.hmm	87048	1574253482	
busco_downloads/lineages/basidiomycota_odb10/hmms/15417at5204.hmm	201903	1574253482	
busco_downloads/lineages/basidiomycota_odb10/hmms/15444at5204.hmm	267933	1574253483	
busco_downloads/lineages/basidiomycota_odb10/hmms/15490at5204.hmm	222363	1574253483	
busco_downloads/lineages/basidiomycota_odb10/hmms/15570at5204.hmm	207948	1574253483	
busco_downloads/lineages/basidiomycota_odb10/hmms/15581at5204.hmm	371628	1574253483	
busco_downloads/lineages/basidiomycota_odb10/hmms/15584at5204.hmm	168888	1574253483	
busco_downloads/lineages/basidiomycota_odb10/hmms/15608at5204.hmm	194927	1574253483	
busco_downloads/lineages/basidiomycota_odb10/hmms/15718at5204.hmm	253053	1574253483	
busco_downloads/lineages/basidiomycota_odb10/hmms/15730at5204.hmm	227013	1574253483	
busco_downloads/lineages/basidiomycota_odb10/hmms/15735at5204.hmm	200508	1574253483	
busco_downloads/lineages/basidiomycota_odb10/hmms/15773at5204.hmm	147498	1574253482	
busco_downloads/lineages/basidiomycota_odb10/hmms/15788at5204.hmm	321872	1574253484	
busco_downloads/lineages/basidiomycota_odb10/hmms/15822at5204.hmm	167028	1574253483	
busco_downloads/lineages/basidiomycota_odb10/hmms/158at5204.hmm	819887	1574253483	
busco_downloads/lineages/basidiomycota_odb10/hmms/15993at5204.hmm	221433	1574253483	
busco_downloads/lineages/basidiomycota_odb10/hmms/16014at5204.hmm	154007	1574253483	
busco_downloads/lineages/basidiomycota_odb10/hmms/1604at5204.hmm	408362	1574253484	
busco_downloads/lineages/basidiomycota_odb10/hmms/16102at5204.hmm	181907	1574253483	
busco_downloads/lineages/basidiomycota_odb10/hmms/16209at5204.hmm	137268	1574253483	
busco_downloads/lineages/basidiomycota_odb10/hmms/1620at5204.hmm	490668	1574253482	
busco_downloads/lineages/basidiomycota_odb10/hmms/16216at5204.hmm	158193	1574253482	
busco_downloads/lineages/basidiomycota_odb10/hmms/16246at5204.hmm	127038	1574253483	
busco_downloads/lineages/basidiomycota_odb10/hmms/16270at5204.hmm	343727	1574253484	
busco_downloads/lineages/basidiomycota_odb10/hmms/16319at5204.hmm	239102	1574253483	
busco_downloads/lineages/basidiomycota_odb10/hmms/16456at5204.hmm	140988	1574253483	
busco_downloads/lineages/basidiomycota_odb10/hmms/16510at5204.hmm	157728	1574253483	
busco_downloads/lineages/basidiomycota_odb10/hmms/16564at5204.hmm	203762	1574253483	
busco_downloads/lineages/basidiomycota_odb10/hmms/1657at5204.hmm	363257	1574253483	
busco_downloads/lineages/basidiomycota_odb10/hmms/16596at5204.hmm	193998	1574253483	
busco_downloads/lineages/basidiomycota_odb10/hmms/16672at5204.hmm	194463	1574253483	
busco_downloads/lineages/basidiomycota_odb10/hmms/16675at5204.hmm	111693	1574253483	
busco_downloads/lineages/basidiomycota_odb10/hmms/16709at5204.hmm	174468	1574253483	
busco_downloads/lineages/basidiomycota_odb10/hmms/1675at5204.hmm	403247	1574253482	
busco_downloads/lineages/basidiomycota_odb10/hmms/16789at5204.hmm	236313	1574253482	
busco_downloads/lineages/basidiomycota_odb10/hmms/16813at5204.hmm	214456	1574253483	
busco_downloads/lineages/basidiomycota_odb10/hmms/16828at5204.hmm	94952	1574253483	
busco_downloads/lineages/basidiomycota_odb10/hmms/1685at5204.hmm	537168	1574253483	
busco_downloads/lineages/basidiomycota_odb10/hmms/16888at5204.hmm	298623	1574253483	
busco_downloads/lineages/basidiomycota_odb10/hmms/16992at5204.hmm	121458	1574253483	
busco_downloads/lineages/basidiomycota_odb10/hmms/169at5204.hmm	908702	1574253483	
busco_downloads/lineages/basidiomycota_odb10/hmms/1705at5204.hmm	433936	1574253483	
busco_downloads/lineages/basidiomycota_odb10/hmms/17070at5204.hmm	148427	1574253483	
busco_downloads/lineages/basidiomycota_odb10/hmms/17080at5204.hmm	180048	1574253483	
busco_downloads/lineages/basidiomycota_odb10/hmms/17086at5204.hmm	155403	1574253483	
busco_downloads/lineages/basidiomycota_odb10/hmms/17087at5204.hmm	210738	1574253483	
busco_downloads/lineages/basidiomycota_odb10/hmms/17091at5204.hmm	205623	1574253482	
busco_downloads/lineages/basidiomycota_odb10/hmms/17097at5204.hmm	335823	1574253483	
busco_downloads/lineages/basidiomycota_odb10/hmms/17105at5204.hmm	235848	1574253483	
busco_downloads/lineages/basidiomycota_odb10/hmms/17153at5204.hmm	191673	1574253483	
busco_downloads/lineages/basidiomycota_odb10/hmms/17246at5204.hmm	170747	1574253483	
busco_downloads/lineages/basidiomycota_odb10/hmms/17290at5204.hmm	175862	1574253483	
busco_downloads/lineages/basidiomycota_odb10/hmms/17350at5204.hmm	215853	1574253483	
busco_downloads/lineages/basidiomycota_odb10/hmms/17356at5204.hmm	175398	1574253483	
busco_downloads/lineages/basidiomycota_odb10/hmms/17365at5204.hmm	167028	1574253483	
busco_downloads/lineages/basidiomycota_odb10/hmms/17375at5204.hmm	260493	1574253482	
busco_downloads/lineages/basidiomycota_odb10/hmms/1742at5204.hmm	551583	1574253482	
busco_downloads/lineages/basidiomycota_odb10/hmms/17443at5204.hmm	162842	1574253483	
busco_downloads/lineages/basidiomycota_odb10/hmms/17465at5204.hmm	191208	1574253483	
busco_downloads/lineages/basidiomycota_odb10/hmms/17514at5204.hmm	215852	1574253483	
busco_downloads/lineages/basidiomycota_odb10/hmms/1752at5204.hmm	291182	1574253483	
busco_downloads/lineages/basidiomycota_odb10/hmms/17552at5204.hmm	528799	1574253484	
busco_downloads/lineages/basidiomycota_odb10/hmms/17584at5204.hmm	180977	1574253483	
busco_downloads/lineages/basidiomycota_odb10/hmms/17718at5204.hmm	298622	1574253482	
busco_downloads/lineages/basidiomycota_odb10/hmms/17727at5204.hmm	146568	1574253483	
busco_downloads/lineages/basidiomycota_odb10/hmms/17749at5204.hmm	198183	1574253482	
busco_downloads/lineages/basidiomycota_odb10/hmms/17771at5204.hmm	181443	1574253482	
busco_downloads/lineages/basidiomycota_odb10/hmms/17789at5204.hmm	228873	1574253483	
busco_downloads/lineages/basidiomycota_odb10/hmms/17872at5204.hmm	142848	1574253483	
busco_downloads/lineages/basidiomycota_odb10/hmms/17886at5204.hmm	187488	1574253483	
busco_downloads/lineages/basidiomycota_odb10/hmms/17993at5204.hmm	185160	1574253483	
busco_downloads/lineages/basidiomycota_odb10/hmms/18112at5204.hmm	198648	1574253484	
busco_downloads/lineages/basidiomycota_odb10/hmms/18117at5204.hmm	197718	1574253483	
busco_downloads/lineages/basidiomycota_odb10/hmms/18118at5204.hmm	212596	1574253484	
busco_downloads/lineages/basidiomycota_odb10/hmms/18120at5204.hmm	68448	1574253483	
busco_downloads/lineages/basidiomycota_odb10/hmms/18141at5204.hmm	160518	1574253483	
busco_downloads/lineages/basidiomycota_odb10/hmms/1814at5204.hmm	365581	1574253484	
busco_downloads/lineages/basidiomycota_odb10/hmms/18158at5204.hmm	208413	1574253482	
busco_downloads/lineages/basidiomycota_odb10/hmms/18162at5204.hmm	213527	1574253483	
busco_downloads/lineages/basidiomycota_odb10/hmms/18379at5204.hmm	189348	1574253483	
busco_downloads/lineages/basidiomycota_odb10/hmms/18444at5204.hmm	202833	1574253483	
busco_downloads/lineages/basidiomycota_odb10/hmms/18446at5204.hmm	130758	1574253483	
busco_downloads/lineages/basidiomycota_odb10/hmms/18478at5204.hmm	193067	1574253483	
busco_downloads/lineages/basidiomycota_odb10/hmms/18530at5204.hmm	199578	1574253483	
busco_downloads/lineages/basidiomycota_odb10/hmms/18547at5204.hmm	299553	1574253483	
busco_downloads/lineages/basidiomycota_odb10/hmms/1857at5204.hmm	360467	1574253483	
busco_downloads/lineages/basidiomycota_odb10/hmms/1870at5204.hmm	471138	1574253483	
busco_downloads/lineages/basidiomycota_odb10/hmms/1877at5204.hmm	426032	1574253483	
busco_downloads/lineages/basidiomycota_odb10/hmms/18922at5204.hmm	143312	1574253483	
busco_downloads/lineages/basidiomycota_odb10/hmms/18999at5204.hmm	159123	1574253483	
busco_downloads/lineages/basidiomycota_odb10/hmms/19048at5204.hmm	191673	1574253482	
busco_downloads/lineages/basidiomycota_odb10/hmms/19065at5204.hmm	208878	1574253484	
busco_downloads/lineages/basidiomycota_odb10/hmms/19113at5204.hmm	161447	1574253483	
busco_downloads/lineages/basidiomycota_odb10/hmms/19151at5204.hmm	186558	1574253484	
busco_downloads/lineages/basidiomycota_odb10/hmms/19213at5204.hmm	262818	1574253483	
busco_downloads/lineages/basidiomycota_odb10/hmms/19221at5204.hmm	305597	1574253483	
busco_downloads/lineages/basidiomycota_odb10/hmms/1922at5204.hmm	537633	1574253483	
busco_downloads/lineages/basidiomycota_odb10/hmms/19262at5204.hmm	227943	1574253482	
busco_downloads/lineages/basidiomycota_odb10/hmms/19337at5204.hmm	210738	1574253483	
busco_downloads/lineages/basidiomycota_odb10/hmms/19366at5204.hmm	207948	1574253483	
busco_downloads/lineages/basidiomycota_odb10/hmms/19372at5204.hmm	107043	1574253484	
busco_downloads/lineages/basidiomycota_odb10/hmms/19388at5204.hmm	188882	1574253483	
busco_downloads/lineages/basidiomycota_odb10/hmms/19427at5204.hmm	218642	1574253483	
busco_downloads/lineages/basidiomycota_odb10/hmms/19479at5204.hmm	219573	1574253483	
busco_downloads/lineages/basidiomycota_odb10/hmms/19583at5204.hmm	156333	1574253483	
busco_downloads/lineages/basidiomycota_odb10/hmms/19752at5204.hmm	196323	1574253482	
busco_downloads/lineages/basidiomycota_odb10/hmms/19763at5204.hmm	175863	1574253483	
busco_downloads/lineages/basidiomycota_odb10/hmms/19766at5204.hmm	160518	1574253483	
busco_downloads/lineages/basidiomycota_odb10/hmms/19778at5204.hmm	303738	1574253482	
busco_downloads/lineages/basidiomycota_odb10/hmms/19796at5204.hmm	191207	1574253483	
busco_downloads/lineages/basidiomycota_odb10/hmms/19841at5204.hmm	155868	1574253482	
busco_downloads/lineages/basidiomycota_odb10/hmms/19875at5204.hmm	233988	1574253482	
busco_downloads/lineages/basidiomycota_odb10/hmms/19877at5204.hmm	204693	1574253484	
busco_downloads/lineages/basidiomycota_odb10/hmms/19884at5204.hmm	233988	1574253483	
busco_downloads/lineages/basidiomycota_odb10/hmms/19892at5204.hmm	194462	1574253483	
busco_downloads/lineages/basidiomycota_odb10/hmms/1994at5204.hmm	402316	1574253483	
busco_downloads/lineages/basidiomycota_odb10/hmms/20020at5204.hmm	211668	1574253482	
busco_downloads/lineages/basidiomycota_odb10/hmms/2004at5204.hmm	464161	1574253484	
busco_downloads/lineages/basidiomycota_odb10/hmms/20139at5204.hmm	202367	1574253482	
busco_downloads/lineages/basidiomycota_odb10/hmms/20165at5204.hmm	139593	1574253482	
busco_downloads/lineages/basidiomycota_odb10/hmms/20218at5204.hmm	180513	1574253484	
busco_downloads/lineages/basidiomycota_odb10/hmms/20338at5204.hmm	209808	1574253482	
busco_downloads/lineages/basidiomycota_odb10/hmms/20392at5204.hmm	221433	1574253482	
busco_downloads/lineages/basidiomycota_odb10/hmms/2040at5204.hmm	479043	1574253483	
busco_downloads/lineages/basidiomycota_odb10/hmms/2043at5204.hmm	306991	1574253483	
busco_downloads/lineages/basidiomycota_odb10/hmms/20456at5204.hmm	177723	1574253484	
busco_downloads/lineages/basidiomycota_odb10/hmms/2050at5204.hmm	442307	1574253483	
busco_downloads/lineages/basidiomycota_odb10/hmms/20570at5204.hmm	153078	1574253483	
busco_downloads/lineages/basidiomycota_odb10/hmms/20608at5204.hmm	286068	1574253482	
busco_downloads/lineages/basidiomycota_odb10/hmms/20644at5204.hmm	193997	1574253482	
busco_downloads/lineages/basidiomycota_odb10/hmms/20672at5204.hmm	245148	1574253482	
busco_downloads/lineages/basidiomycota_odb10/hmms/20678at5204.hmm	306993	1574253482	
busco_downloads/lineages/basidiomycota_odb10/hmms/2069at5204.hmm	436727	1574253482	
busco_downloads/lineages/basidiomycota_odb10/hmms/20705at5204.hmm	200043	1574253482	
busco_downloads/lineages/basidiomycota_odb10/hmms/20710at5204.hmm	146567	1574253483	
busco_downloads/lineages/basidiomycota_odb10/hmms/20859at5204.hmm	202367	1574253482	
busco_downloads/lineages/basidiomycota_odb10/hmms/20961at5204.hmm	99603	1574253482	
busco_downloads/lineages/basidiomycota_odb10/hmms/21023at5204.hmm	160053	1574253483	
busco_downloads/lineages/basidiomycota_odb10/hmms/21067at5204.hmm	182837	1574253482	
busco_downloads/lineages/basidiomycota_odb10/hmms/21073at5204.hmm	227013	1574253483	
busco_downloads/lineages/basidiomycota_odb10/hmms/21119at5204.hmm	191208	1574253483	
busco_downloads/lineages/basidiomycota_odb10/hmms/21172at5204.hmm	89373	1574253483	
busco_downloads/lineages/basidiomycota_odb10/hmms/21208at5204.hmm	153078	1574253483	
busco_downloads/lineages/basidiomycota_odb10/hmms/21215at5204.hmm	174933	1574253483	
busco_downloads/lineages/basidiomycota_odb10/hmms/21223at5204.hmm	178653	1574253483	
busco_downloads/lineages/basidiomycota_odb10/hmms/21256at5204.hmm	183765	1574253483	
busco_downloads/lineages/basidiomycota_odb10/hmms/21323at5204.hmm	251656	1574253483	
busco_downloads/lineages/basidiomycota_odb10/hmms/2136at5204.hmm	564138	1574253482	
busco_downloads/lineages/basidiomycota_odb10/hmms/213at5204.hmm	739906	1574253483	
busco_downloads/lineages/basidiomycota_odb10/hmms/2147at5204.hmm	340936	1574253483	
busco_downloads/lineages/basidiomycota_odb10/hmms/21531at5204.hmm	213063	1574253483	
busco_downloads/lineages/basidiomycota_odb10/hmms/21535at5204.hmm	181908	1574253483	
busco_downloads/lineages/basidiomycota_odb10/hmms/21565at5204.hmm	119133	1574253482	
busco_downloads/lineages/basidiomycota_odb10/hmms/2157at5204.hmm	461372	1574253482	
busco_downloads/lineages/basidiomycota_odb10/hmms/216at5204.hmm	705497	1574253482	
busco_downloads/lineages/basidiomycota_odb10/hmms/21749at5204.hmm	167958	1574253484	
busco_downloads/lineages/basidiomycota_odb10/hmms/21756at5204.hmm	331637	1574253483	
busco_downloads/lineages/basidiomycota_odb10/hmms/21781at5204.hmm	174467	1574253483	
busco_downloads/lineages/basidiomycota_odb10/hmms/21805at5204.hmm	194462	1574253483	
busco_downloads/lineages/basidiomycota_odb10/hmms/21855at5204.hmm	243753	1574253483	
busco_downloads/lineages/basidiomycota_odb10/hmms/21927at5204.hmm	165167	1574253483	
busco_downloads/lineages/basidiomycota_odb10/hmms/21944at5204.hmm	157728	1574253482	
busco_downloads/lineages/basidiomycota_odb10/hmms/22024at5204.hmm	185163	1574253482	
busco_downloads/lineages/basidiomycota_odb10/hmms/22028at5204.hmm	110762	1574253482	
busco_downloads/lineages/basidiomycota_odb10/hmms/22098at5204.hmm	177258	1574253482	
busco_downloads/lineages/basidiomycota_odb10/hmms/22127at5204.hmm	116808	1574253483	
busco_downloads/lineages/basidiomycota_odb10/hmms/22145at5204.hmm	253517	1574253482	
busco_downloads/lineages/basidiomycota_odb10/hmms/2214at5204.hmm	334427	1574253482	
busco_downloads/lineages/basidiomycota_odb10/hmms/22152at5204.hmm	177723	1574253482	
busco_downloads/lineages/basidiomycota_odb10/hmms/22226at5204.hmm	165633	1574253482	
busco_downloads/lineages/basidiomycota_odb10/hmms/22285at5204.hmm	156797	1574253483	
busco_downloads/lineages/basidiomycota_odb10/hmms/22306at5204.hmm	241893	1574253483	
busco_downloads/lineages/basidiomycota_odb10/hmms/22346at5204.hmm	185628	1574253483	
busco_downloads/lineages/basidiomycota_odb10/hmms/22392at5204.hmm	122387	1574253483	
busco_downloads/lineages/basidiomycota_odb10/hmms/22467at5204.hmm	168423	1574253483	
busco_downloads/lineages/basidiomycota_odb10/hmms/22502at5204.hmm	190742	1574253483	
busco_downloads/lineages/basidiomycota_odb10/hmms/22564at5204.hmm	398131	1574253482	
busco_downloads/lineages/basidiomycota_odb10/hmms/22567at5204.hmm	185628	1574253483	
busco_downloads/lineages/basidiomycota_odb10/hmms/22595at5204.hmm	196787	1574253483	
busco_downloads/lineages/basidiomycota_odb10/hmms/22730at5204.hmm	170748	1574253482	
busco_downloads/lineages/basidiomycota_odb10/hmms/2273at5204.hmm	439517	1574253483	
busco_downloads/lineages/basidiomycota_odb10/hmms/22744at5204.hmm	224688	1574253483	
busco_downloads/lineages/basidiomycota_odb10/hmms/22750at5204.hmm	195858	1574253483	
busco_downloads/lineages/basidiomycota_odb10/hmms/22761at5204.hmm	270257	1574253483	
busco_downloads/lineages/basidiomycota_odb10/hmms/22764at5204.hmm	232593	1574253484	
busco_downloads/lineages/basidiomycota_odb10/hmms/2279at5204.hmm	419522	1574253483	
busco_downloads/lineages/basidiomycota_odb10/hmms/22858at5204.hmm	183767	1574253482	
busco_downloads/lineages/basidiomycota_odb10/hmms/2286at5204.hmm	479043	1574253483	
busco_downloads/lineages/basidiomycota_odb10/hmms/22924at5204.hmm	181443	1574253482	
busco_downloads/lineages/basidiomycota_odb10/hmms/23010at5204.hmm	139593	1574253483	
busco_downloads/lineages/basidiomycota_odb10/hmms/23018at5204.hmm	196323	1574253483	
busco_downloads/lineages/basidiomycota_odb10/hmms/23079at5204.hmm	171213	1574253482	
busco_downloads/lineages/basidiomycota_odb10/hmms/23136at5204.hmm	176328	1574253482	
busco_downloads/lineages/basidiomycota_odb10/hmms/23138at5204.hmm	146568	1574253483	
busco_downloads/lineages/basidiomycota_odb10/hmms/2321at5204.hmm	402782	1574253483	
busco_downloads/lineages/basidiomycota_odb10/hmms/23253at5204.hmm	166097	1574253484	
busco_downloads/lineages/basidiomycota_odb10/hmms/23262at5204.hmm	177722	1574253483	
busco_downloads/lineages/basidiomycota_odb10/hmms/23317at5204.hmm	172142	1574253483	
busco_downloads/lineages/basidiomycota_odb10/hmms/23371at5204.hmm	132618	1574253483	
busco_downloads/lineages/basidiomycota_odb10/hmms/23550at5204.hmm	166563	1574253484	
busco_downloads/lineages/basidiomycota_odb10/hmms/23566at5204.hmm	131688	1574253482	
busco_downloads/lineages/basidiomycota_odb10/hmms/23629at5204.hmm	172143	1574253483	
busco_downloads/lineages/basidiomycota_odb10/hmms/23749at5204.hmm	242823	1574253483	
busco_downloads/lineages/basidiomycota_odb10/hmms/23753at5204.hmm	376743	1574253483	
busco_downloads/lineages/basidiomycota_odb10/hmms/23763at5204.hmm	155403	1574253483	
busco_downloads/lineages/basidiomycota_odb10/hmms/23771at5204.hmm	169353	1574253482	
busco_downloads/lineages/basidiomycota_odb10/hmms/23824at5204.hmm	198648	1574253483	
busco_downloads/lineages/basidiomycota_odb10/hmms/23894at5204.hmm	208413	1574253483	
busco_downloads/lineages/basidiomycota_odb10/hmms/24037at5204.hmm	143313	1574253483	
busco_downloads/lineages/basidiomycota_odb10/hmms/24073at5204.hmm	257702	1574253482	
busco_downloads/lineages/basidiomycota_odb10/hmms/2413at5204.hmm	432542	1574253483	
busco_downloads/lineages/basidiomycota_odb10/hmms/24302at5204.hmm	244683	1574253483	
busco_downloads/lineages/basidiomycota_odb10/hmms/24349at5204.hmm	118667	1574253483	
busco_downloads/lineages/basidiomycota_odb10/hmms/24350at5204.hmm	201438	1574253482	
busco_downloads/lineages/basidiomycota_odb10/hmms/24461at5204.hmm	246542	1574253482	
busco_downloads/lineages/basidiomycota_odb10/hmms/2449at5204.hmm	378602	1574253483	
busco_downloads/lineages/basidiomycota_odb10/hmms/24615at5204.hmm	145173	1574253483	
busco_downloads/lineages/basidiomycota_odb10/hmms/24619at5204.hmm	238173	1574253483	
busco_downloads/lineages/basidiomycota_odb10/hmms/24630at5204.hmm	172143	1574253483	
busco_downloads/lineages/basidiomycota_odb10/hmms/24647at5204.hmm	153077	1574253483	
busco_downloads/lineages/basidiomycota_odb10/hmms/24696at5204.hmm	147963	1574253483	
busco_downloads/lineages/basidiomycota_odb10/hmms/2471at5204.hmm	417661	1574253483	
busco_downloads/lineages/basidiomycota_odb10/hmms/24951at5204.hmm	140058	1574253483	
busco_downloads/lineages/basidiomycota_odb10/hmms/2498at5204.hmm	466023	1574253482	
busco_downloads/lineages/basidiomycota_odb10/hmms/25001at5204.hmm	196323	1574253484	
busco_downloads/lineages/basidiomycota_odb10/hmms/25048at5204.hmm	116342	1574253483	
busco_downloads/lineages/basidiomycota_odb10/hmms/2508at5204.hmm	287927	1574253483	
busco_downloads/lineages/basidiomycota_odb10/hmms/25093at5204.hmm	143313	1574253483	
busco_downloads/lineages/basidiomycota_odb10/hmms/25103at5204.hmm	163308	1574253482	
busco_downloads/lineages/basidiomycota_odb10/hmms/25118at5204.hmm	162378	1574253482	
busco_downloads/lineages/basidiomycota_odb10/hmms/25145at5204.hmm	117273	1574253482	
busco_downloads/lineages/basidiomycota_odb10/hmms/25254at5204.hmm	279558	1574253483	
busco_downloads/lineages/basidiomycota_odb10/hmms/25312at5204.hmm	149357	1574253483	
busco_downloads/lineages/basidiomycota_odb10/hmms/25333at5204.hmm	187488	1574253482	
busco_downloads/lineages/basidiomycota_odb10/hmms/25441at5204.hmm	110763	1574253483	
busco_downloads/lineages/basidiomycota_odb10/hmms/25450at5204.hmm	81468	1574253483	
busco_downloads/lineages/basidiomycota_odb10/hmms/25469at5204.hmm	151683	1574253483	
busco_downloads/lineages/basidiomycota_odb10/hmms/25482at5204.hmm	161913	1574253483	
busco_downloads/lineages/basidiomycota_odb10/hmms/25496at5204.hmm	160518	1574253483	
busco_downloads/lineages/basidiomycota_odb10/hmms/2566at5204.hmm	405107	1574253483	
busco_downloads/lineages/basidiomycota_odb10/hmms/25670at5204.hmm	127037	1574253483	
busco_downloads/lineages/basidiomycota_odb10/hmms/25703at5204.hmm	209343	1574253484	
busco_downloads/lineages/basidiomycota_odb10/hmms/25715at5204.hmm	164703	1574253482	
busco_downloads/lineages/basidiomycota_odb10/hmms/25736at5204.hmm	152613	1574253483	
busco_downloads/lineages/basidiomycota_odb10/hmms/25805at5204.hmm	176793	1574253483	
busco_downloads/lineages/basidiomycota_odb10/hmms/25832at5204.hmm	131688	1574253483	
busco_downloads/lineages/basidiomycota_odb10/hmms/25863at5204.hmm	247473	1574253482	
busco_downloads/lineages/basidiomycota_odb10/hmms/25870at5204.hmm	162842	1574253483	
busco_downloads/lineages/basidiomycota_odb10/hmms/2590at5204.hmm	364187	1574253482	
busco_downloads/lineages/basidiomycota_odb10/hmms/26029at5204.hmm	173073	1574253482	
busco_downloads/lineages/basidiomycota_odb10/hmms/26040at5204.hmm	187487	1574253482	
busco_downloads/lineages/basidiomycota_odb10/hmms/26054at5204.hmm	235847	1574253484	
busco_downloads/lineages/basidiomycota_odb10/hmms/26114at5204.hmm	202833	1574253483	
busco_downloads/lineages/basidiomycota_odb10/hmms/26164at5204.hmm	223758	1574253482	
busco_downloads/lineages/basidiomycota_odb10/hmms/26180at5204.hmm	143313	1574253483	
busco_downloads/lineages/basidiomycota_odb10/hmms/26338at5204.hmm	107508	1574253483	
busco_downloads/lineages/basidiomycota_odb10/hmms/26369at5204.hmm	172143	1574253483	
busco_downloads/lineages/basidiomycota_odb10/hmms/26430at5204.hmm	182373	1574253484	
busco_downloads/lineages/basidiomycota_odb10/hmms/26486at5204.hmm	116808	1574253484	
busco_downloads/lineages/basidiomycota_odb10/hmms/26524at5204.hmm	158658	1574253483	
busco_downloads/lineages/basidiomycota_odb10/hmms/26533at5204.hmm	171678	1574253483	
busco_downloads/lineages/basidiomycota_odb10/hmms/26631at5204.hmm	227012	1574253483	
busco_downloads/lineages/basidiomycota_odb10/hmms/26664at5204.hmm	171213	1574253483	
busco_downloads/lineages/basidiomycota_odb10/hmms/26684at5204.hmm	87513	1574253483	
busco_downloads/lineages/basidiomycota_odb10/hmms/26703at5204.hmm	172143	1574253483	
busco_downloads/lineages/basidiomycota_odb10/hmms/26707at5204.hmm	100068	1574253482	
busco_downloads/lineages/basidiomycota_odb10/hmms/26714at5204.hmm	165633	1574253483	
busco_downloads/lineages/basidiomycota_odb10/hmms/26752at5204.hmm	148893	1574253482	
busco_downloads/lineages/basidiomycota_odb10/hmms/26772at5204.hmm	154938	1574253484	
busco_downloads/lineages/basidiomycota_odb10/hmms/26788at5204.hmm	233522	1574253483	
busco_downloads/lineages/basidiomycota_odb10/hmms/26807at5204.hmm	180513	1574253482	
busco_downloads/lineages/basidiomycota_odb10/hmms/26825at5204.hmm	156333	1574253482	
busco_downloads/lineages/basidiomycota_odb10/hmms/26845at5204.hmm	173073	1574253484	
busco_downloads/lineages/basidiomycota_odb10/hmms/26850at5204.hmm	168422	1574253484	
busco_downloads/lineages/basidiomycota_odb10/hmms/26959at5204.hmm	177722	1574253482	
busco_downloads/lineages/basidiomycota_odb10/hmms/26983at5204.hmm	109833	1574253482	
busco_downloads/lineages/basidiomycota_odb10/hmms/26994at5204.hmm	151218	1574253482	
busco_downloads/lineages/basidiomycota_odb10/hmms/27022at5204.hmm	179116	1574253483	
busco_downloads/lineages/basidiomycota_odb10/hmms/2709at5204.hmm	438586	1574253483	
busco_downloads/lineages/basidiomycota_odb10/hmms/271at5204.hmm	644582	1574253483	
busco_downloads/lineages/basidiomycota_odb10/hmms/27201at5204.hmm	88907	1574253483	
busco_downloads/lineages/basidiomycota_odb10/hmms/2720at5204.hmm	318152	1574253483	
busco_downloads/lineages/basidiomycota_odb10/hmms/27210at5204.hmm	167958	1574253483	
busco_downloads/lineages/basidiomycota_odb10/hmms/27251at5204.hmm	293507	1574253483	
busco_downloads/lineages/basidiomycota_odb10/hmms/27260at5204.hmm	106577	1574253483	
busco_downloads/lineages/basidiomycota_odb10/hmms/27274at5204.hmm	159122	1574253482	
busco_downloads/lineages/basidiomycota_odb10/hmms/27289at5204.hmm	208413	1574253483	
busco_downloads/lineages/basidiomycota_odb10/hmms/27307at5204.hmm	259562	1574253483	
busco_downloads/lineages/basidiomycota_odb10/hmms/27359at5204.hmm	199578	1574253483	
busco_downloads/lineages/basidiomycota_odb10/hmms/27457at5204.hmm	167958	1574253483	
busco_downloads/lineages/basidiomycota_odb10/hmms/27537at5204.hmm	155868	1574253482	
busco_downloads/lineages/basidiomycota_odb10/hmms/2753at5204.hmm	253517	1574253482	
busco_downloads/lineages/basidiomycota_odb10/hmms/27574at5204.hmm	113088	1574253482	
busco_downloads/lineages/basidiomycota_odb10/hmms/2758at5204.hmm	420452	1574253484	
busco_downloads/lineages/basidiomycota_odb10/hmms/27646at5204.hmm	167958	1574253483	
busco_downloads/lineages/basidiomycota_odb10/hmms/27668at5204.hmm	173538	1574253482	
busco_downloads/lineages/basidiomycota_odb10/hmms/27709at5204.hmm	134478	1574253482	
busco_downloads/lineages/basidiomycota_odb10/hmms/27786at5204.hmm	102392	1574253483	
busco_downloads/lineages/basidiomycota_odb10/hmms/27797at5204.hmm	131688	1574253483	
busco_downloads/lineages/basidiomycota_odb10/hmms/27817at5204.hmm	175398	1574253483	
busco_downloads/lineages/basidiomycota_odb10/hmms/27891at5204.hmm	172142	1574253483	
busco_downloads/lineages/basidiomycota_odb10/hmms/27894at5204.hmm	210273	1574253483	
busco_downloads/lineages/basidiomycota_odb10/hmms/278at5204.hmm	614822	1574253483	
busco_downloads/lineages/basidiomycota_odb10/hmms/27969at5204.hmm	179118	1574253483	
busco_downloads/lineages/basidiomycota_odb10/hmms/28014at5204.hmm	151218	1574253482	
busco_downloads/lineages/basidiomycota_odb10/hmms/28058at5204.hmm	162377	1574253483	
busco_downloads/lineages/basidiomycota_odb10/hmms/28085at5204.hmm	180048	1574253484	
busco_downloads/lineages/basidiomycota_odb10/hmms/28380at5204.hmm	197253	1574253483	
busco_downloads/lineages/basidiomycota_odb10/hmms/2842at5204.hmm	131687	1574253483	
busco_downloads/lineages/basidiomycota_odb10/hmms/28437at5204.hmm	114483	1574253483	
busco_downloads/lineages/basidiomycota_odb10/hmms/2846at5204.hmm	381392	1574253483	
busco_downloads/lineages/basidiomycota_odb10/hmms/284at5204.hmm	1077961	1574253483	
busco_downloads/lineages/basidiomycota_odb10/hmms/28525at5204.hmm	154473	1574253483	
busco_downloads/lineages/basidiomycota_odb10/hmms/28533at5204.hmm	163773	1574253482	
busco_downloads/lineages/basidiomycota_odb10/hmms/2855at5204.hmm	398597	1574253483	
busco_downloads/lineages/basidiomycota_odb10/hmms/28572at5204.hmm	178652	1574253483	
busco_downloads/lineages/basidiomycota_odb10/hmms/28609at5204.hmm	155403	1574253483	
busco_downloads/lineages/basidiomycota_odb10/hmms/28621at5204.hmm	164238	1574253483	
busco_downloads/lineages/basidiomycota_odb10/hmms/28664at5204.hmm	286998	1574253483	
busco_downloads/lineages/basidiomycota_odb10/hmms/28754at5204.hmm	180048	1574253483	
busco_downloads/lineages/basidiomycota_odb10/hmms/2877at5204.hmm	409757	1574253483	
busco_downloads/lineages/basidiomycota_odb10/hmms/287at5204.hmm	708287	1574253483	
busco_downloads/lineages/basidiomycota_odb10/hmms/28817at5204.hmm	147033	1574253483	
busco_downloads/lineages/basidiomycota_odb10/hmms/28841at5204.hmm	178188	1574253483	
busco_downloads/lineages/basidiomycota_odb10/hmms/28900at5204.hmm	271188	1574253483	
busco_downloads/lineages/basidiomycota_odb10/hmms/28904at5204.hmm	146103	1574253483	
busco_downloads/lineages/basidiomycota_odb10/hmms/28931at5204.hmm	64263	1574253483	
busco_downloads/lineages/basidiomycota_odb10/hmms/289at5204.hmm	472532	1574253482	
busco_downloads/lineages/basidiomycota_odb10/hmms/28at5204.hmm	1250011	1574253483	
busco_downloads/lineages/basidiomycota_odb10/hmms/29088at5204.hmm	130293	1574253482	
busco_downloads/lineages/basidiomycota_odb10/hmms/29126at5204.hmm	164238	1574253483	
busco_downloads/lineages/basidiomycota_odb10/hmms/2914at5204.hmm	471603	1574253483	
busco_downloads/lineages/basidiomycota_odb10/hmms/29194at5204.hmm	100068	1574253484	
busco_downloads/lineages/basidiomycota_odb10/hmms/29246at5204.hmm	363258	1574253483	
busco_downloads/lineages/basidiomycota_odb10/hmms/29247at5204.hmm	159122	1574253483	
busco_downloads/lineages/basidiomycota_odb10/hmms/29365at5204.hmm	139128	1574253482	
busco_downloads/lineages/basidiomycota_odb10/hmms/29386at5204.hmm	164238	1574253482	
busco_downloads/lineages/basidiomycota_odb10/hmms/29391at5204.hmm	128431	1574253484	
busco_downloads/lineages/basidiomycota_odb10/hmms/29476at5204.hmm	163308	1574253483	
busco_downloads/lineages/basidiomycota_odb10/hmms/29504at5204.hmm	155403	1574253483	
busco_downloads/lineages/basidiomycota_odb10/hmms/29557at5204.hmm	179118	1574253482	
busco_downloads/lineages/basidiomycota_odb10/hmms/29638at5204.hmm	136803	1574253482	
busco_downloads/lineages/basidiomycota_odb10/hmms/2963at5204.hmm	283277	1574253484	
busco_downloads/lineages/basidiomycota_odb10/hmms/29700at5204.hmm	112158	1574253483	
busco_downloads/lineages/basidiomycota_odb10/hmms/29754at5204.hmm	174003	1574253483	
busco_downloads/lineages/basidiomycota_odb10/hmms/29758at5204.hmm	75423	1574253482	
busco_downloads/lineages/basidiomycota_odb10/hmms/29893at5204.hmm	228408	1574253482	
busco_downloads/lineages/basidiomycota_odb10/hmms/29947at5204.hmm	132618	1574253482	
busco_downloads/lineages/basidiomycota_odb10/hmms/29955at5204.hmm	132152	1574253482	
busco_downloads/lineages/basidiomycota_odb10/hmms/29983at5204.hmm	316293	1574253483	
busco_downloads/lineages/basidiomycota_odb10/hmms/3010at5204.hmm	351632	1574253483	
busco_downloads/lineages/basidiomycota_odb10/hmms/30117at5204.hmm	159588	1574253483	
busco_downloads/lineages/basidiomycota_odb10/hmms/30133at5204.hmm	215388	1574253484	
busco_downloads/lineages/basidiomycota_odb10/hmms/30137at5204.hmm	138662	1574253482	
busco_downloads/lineages/basidiomycota_odb10/hmms/30258at5204.hmm	149357	1574253484	
busco_downloads/lineages/basidiomycota_odb10/hmms/30265at5204.hmm	273978	1574253484	
busco_downloads/lineages/basidiomycota_odb10/hmms/30267at5204.hmm	320478	1574253483	
busco_downloads/lineages/basidiomycota_odb10/hmms/30301at5204.hmm	159588	1574253483	
busco_downloads/lineages/basidiomycota_odb10/hmms/3036at5204.hmm	359537	1574253484	
busco_downloads/lineages/basidiomycota_odb10/hmms/30401at5204.hmm	127502	1574253483	
busco_downloads/lineages/basidiomycota_odb10/hmms/3055at5204.hmm	399527	1574253483	
busco_downloads/lineages/basidiomycota_odb10/hmms/30627at5204.hmm	172607	1574253483	
busco_downloads/lineages/basidiomycota_odb10/hmms/30654at5204.hmm	130293	1574253482	
busco_downloads/lineages/basidiomycota_odb10/hmms/30832at5204.hmm	163308	1574253483	
busco_downloads/lineages/basidiomycota_odb10/hmms/30872at5204.hmm	216318	1574253484	
busco_downloads/lineages/basidiomycota_odb10/hmms/30899at5204.hmm	209343	1574253482	
busco_downloads/lineages/basidiomycota_odb10/hmms/30936at5204.hmm	206553	1574253484	
busco_downloads/lineages/basidiomycota_odb10/hmms/30940at5204.hmm	253983	1574253482	
busco_downloads/lineages/basidiomycota_odb10/hmms/31028at5204.hmm	203763	1574253484	
busco_downloads/lineages/basidiomycota_odb10/hmms/31047at5204.hmm	121458	1574253483	
busco_downloads/lineages/basidiomycota_odb10/hmms/31054at5204.hmm	147963	1574253483	
busco_downloads/lineages/basidiomycota_odb10/hmms/31071at5204.hmm	107043	1574253483	
busco_downloads/lineages/basidiomycota_odb10/hmms/31080at5204.hmm	119133	1574253482	
busco_downloads/lineages/basidiomycota_odb10/hmms/31125at5204.hmm	155866	1574253482	
busco_downloads/lineages/basidiomycota_odb10/hmms/31148at5204.hmm	118203	1574253483	
busco_downloads/lineages/basidiomycota_odb10/hmms/31153at5204.hmm	311177	1574253482	
busco_downloads/lineages/basidiomycota_odb10/hmms/31163at5204.hmm	132153	1574253483	
busco_downloads/lineages/basidiomycota_odb10/hmms/31331at5204.hmm	190277	1574253483	
busco_downloads/lineages/basidiomycota_odb10/hmms/3142at5204.hmm	373022	1574253483	
busco_downloads/lineages/basidiomycota_odb10/hmms/31446at5204.hmm	91233	1574253483	
busco_downloads/lineages/basidiomycota_odb10/hmms/3148at5204.hmm	481833	1574253483	
busco_downloads/lineages/basidiomycota_odb10/hmms/31492at5204.hmm	82863	1574253482	
busco_downloads/lineages/basidiomycota_odb10/hmms/31502at5204.hmm	136338	1574253483	
busco_downloads/lineages/basidiomycota_odb10/hmms/31607at5204.hmm	166562	1574253483	
busco_downloads/lineages/basidiomycota_odb10/hmms/31640at5204.hmm	267933	1574253483	
busco_downloads/lineages/basidiomycota_odb10/hmms/31654at5204.hmm	140523	1574253483	
busco_downloads/lineages/basidiomycota_odb10/hmms/31675at5204.hmm	143313	1574253482	
busco_downloads/lineages/basidiomycota_odb10/hmms/31762at5204.hmm	350703	1574253483	
busco_downloads/lineages/basidiomycota_odb10/hmms/31828at5204.hmm	132617	1574253483	
busco_downloads/lineages/basidiomycota_odb10/hmms/31934at5204.hmm	102858	1574253484	
busco_downloads/lineages/basidiomycota_odb10/hmms/31962at5204.hmm	146567	1574253483	
busco_downloads/lineages/basidiomycota_odb10/hmms/31963at5204.hmm	271652	1574253483	
busco_downloads/lineages/basidiomycota_odb10/hmms/3198at5204.hmm	473462	1574253483	
busco_downloads/lineages/basidiomycota_odb10/hmms/32021at5204.hmm	144708	1574253482	
busco_downloads/lineages/basidiomycota_odb10/hmms/32057at5204.hmm	351633	1574253483	
busco_downloads/lineages/basidiomycota_odb10/hmms/3208at5204.hmm	365117	1574253483	
busco_downloads/lineages/basidiomycota_odb10/hmms/32165at5204.hmm	120993	1574253484	
busco_downloads/lineages/basidiomycota_odb10/hmms/32180at5204.hmm	151682	1574253482	
busco_downloads/lineages/basidiomycota_odb10/hmms/32281at5204.hmm	174468	1574253482	
busco_downloads/lineages/basidiomycota_odb10/hmms/32284at5204.hmm	202368	1574253484	
busco_downloads/lineages/basidiomycota_odb10/hmms/32302at5204.hmm	137733	1574253483	
busco_downloads/lineages/basidiomycota_odb10/hmms/32342at5204.hmm	185628	1574253483	
busco_downloads/lineages/basidiomycota_odb10/hmms/3234at5204.hmm	442307	1574253483	
busco_downloads/lineages/basidiomycota_odb10/hmms/32378at5204.hmm	129363	1574253483	
busco_downloads/lineages/basidiomycota_odb10/hmms/32381at5204.hmm	142848	1574253483	
busco_downloads/lineages/basidiomycota_odb10/hmms/32421at5204.hmm	146567	1574253483	
busco_downloads/lineages/basidiomycota_odb10/hmms/32454at5204.hmm	157263	1574253483	
busco_downloads/lineages/basidiomycota_odb10/hmms/32548at5204.hmm	179118	1574253483	
busco_downloads/lineages/basidiomycota_odb10/hmms/32552at5204.hmm	141918	1574253483	
busco_downloads/lineages/basidiomycota_odb10/hmms/32623at5204.hmm	155403	1574253483	
busco_downloads/lineages/basidiomycota_odb10/hmms/32707at5204.hmm	109833	1574253483	
busco_downloads/lineages/basidiomycota_odb10/hmms/3271at5204.hmm	313967	1574253482	
busco_downloads/lineages/basidiomycota_odb10/hmms/32817at5204.hmm	201437	1574253483	
busco_downloads/lineages/basidiomycota_odb10/hmms/33016at5204.hmm	145172	1574253483	
busco_downloads/lineages/basidiomycota_odb10/hmms/33033at5204.hmm	183768	1574253482	
busco_downloads/lineages/basidiomycota_odb10/hmms/33053at5204.hmm	151218	1574253483	
busco_downloads/lineages/basidiomycota_odb10/hmms/33059at5204.hmm	119598	1574253484	
busco_downloads/lineages/basidiomycota_odb10/hmms/33159at5204.hmm	145173	1574253483	
busco_downloads/lineages/basidiomycota_odb10/hmms/33189at5204.hmm	456723	1574253482	
busco_downloads/lineages/basidiomycota_odb10/hmms/33204at5204.hmm	134943	1574253483	
busco_downloads/lineages/basidiomycota_odb10/hmms/33258at5204.hmm	163308	1574253483	
busco_downloads/lineages/basidiomycota_odb10/hmms/33275at5204.hmm	141917	1574253483	
busco_downloads/lineages/basidiomycota_odb10/hmms/33331at5204.hmm	373953	1574253483	
busco_downloads/lineages/basidiomycota_odb10/hmms/3336at5204.hmm	409756	1574253483	
busco_downloads/lineages/basidiomycota_odb10/hmms/33379at5204.hmm	129828	1574253482	
busco_downloads/lineages/basidiomycota_odb10/hmms/33439at5204.hmm	158658	1574253483	
busco_downloads/lineages/basidiomycota_odb10/hmms/33448at5204.hmm	117738	1574253483	
busco_downloads/lineages/basidiomycota_odb10/hmms/33463at5204.hmm	155402	1574253483	
busco_downloads/lineages/basidiomycota_odb10/hmms/33481at5204.hmm	133548	1574253483	
busco_downloads/lineages/basidiomycota_odb10/hmms/33495at5204.hmm	134477	1574253482	
busco_downloads/lineages/basidiomycota_odb10/hmms/33500at5204.hmm	160053	1574253483	
busco_downloads/lineages/basidiomycota_odb10/hmms/33616at5204.hmm	299088	1574253483	
busco_downloads/lineages/basidiomycota_odb10/hmms/33631at5204.hmm	153543	1574253483	
busco_downloads/lineages/basidiomycota_odb10/hmms/33655at5204.hmm	190743	1574253483	
busco_downloads/lineages/basidiomycota_odb10/hmms/33667at5204.hmm	406968	1574253483	
busco_downloads/lineages/basidiomycota_odb10/hmms/33679at5204.hmm	154008	1574253483	
busco_downloads/lineages/basidiomycota_odb10/hmms/33711at5204.hmm	127968	1574253483	
busco_downloads/lineages/basidiomycota_odb10/hmms/33732at5204.hmm	144707	1574253483	
busco_downloads/lineages/basidiomycota_odb10/hmms/33768at5204.hmm	133548	1574253483	
busco_downloads/lineages/basidiomycota_odb10/hmms/3379at5204.hmm	262817	1574253482	
busco_downloads/lineages/basidiomycota_odb10/hmms/337at5204.hmm	778967	1574253483	
busco_downloads/lineages/basidiomycota_odb10/hmms/33838at5204.hmm	134477	1574253484	
busco_downloads/lineages/basidiomycota_odb10/hmms/33846at5204.hmm	153077	1574253482	
busco_downloads/lineages/basidiomycota_odb10/hmms/33884at5204.hmm	114483	1574253483	
busco_downloads/lineages/basidiomycota_odb10/hmms/3391at5204.hmm	308386	1574253483	
busco_downloads/lineages/basidiomycota_odb10/hmms/33992at5204.hmm	150753	1574253484	
busco_downloads/lineages/basidiomycota_odb10/hmms/34019at5204.hmm	142848	1574253483	
busco_downloads/lineages/basidiomycota_odb10/hmms/34033at5204.hmm	163773	1574253484	
busco_downloads/lineages/basidiomycota_odb10/hmms/34054at5204.hmm	192603	1574253482	
busco_downloads/lineages/basidiomycota_odb10/hmms/3406at5204.hmm	108436	1574253483	
busco_downloads/lineages/basidiomycota_odb10/hmms/34118at5204.hmm	174002	1574253482	
busco_downloads/lineages/basidiomycota_odb10/hmms/34196at5204.hmm	133082	1574253484	
busco_downloads/lineages/basidiomycota_odb10/hmms/34204at5204.hmm	158193	1574253482	
busco_downloads/lineages/basidiomycota_odb10/hmms/34229at5204.hmm	144708	1574253483	
busco_downloads/lineages/basidiomycota_odb10/hmms/34250at5204.hmm	153543	1574253483	
busco_downloads/lineages/basidiomycota_odb10/hmms/34304at5204.hmm	98671	1574253484	
busco_downloads/lineages/basidiomycota_odb10/hmms/34433at5204.hmm	496249	1574253483	
busco_downloads/lineages/basidiomycota_odb10/hmms/34442at5204.hmm	133548	1574253482	
busco_downloads/lineages/basidiomycota_odb10/hmms/34553at5204.hmm	102393	1574253483	
busco_downloads/lineages/basidiomycota_odb10/hmms/34641at5204.hmm	149358	1574253483	
busco_downloads/lineages/basidiomycota_odb10/hmms/34691at5204.hmm	234453	1574253483	
busco_downloads/lineages/basidiomycota_odb10/hmms/34692at5204.hmm	128898	1574253483	
busco_downloads/lineages/basidiomycota_odb10/hmms/34733at5204.hmm	151683	1574253483	
busco_downloads/lineages/basidiomycota_odb10/hmms/3473at5204.hmm	317222	1574253482	
busco_downloads/lineages/basidiomycota_odb10/hmms/34745at5204.hmm	153078	1574253483	
busco_downloads/lineages/basidiomycota_odb10/hmms/34773at5204.hmm	175863	1574253483	
busco_downloads/lineages/basidiomycota_odb10/hmms/34808at5204.hmm	141918	1574253483	
busco_downloads/lineages/basidiomycota_odb10/hmms/34852at5204.hmm	132618	1574253483	
busco_downloads/lineages/basidiomycota_odb10/hmms/3485at5204.hmm	248402	1574253482	
busco_downloads/lineages/basidiomycota_odb10/hmms/34884at5204.hmm	124712	1574253482	
busco_downloads/lineages/basidiomycota_odb10/hmms/34940at5204.hmm	124248	1574253483	
busco_downloads/lineages/basidiomycota_odb10/hmms/34988at5204.hmm	118668	1574253483	
busco_downloads/lineages/basidiomycota_odb10/hmms/35010at5204.hmm	140987	1574253482	
busco_downloads/lineages/basidiomycota_odb10/hmms/35190at5204.hmm	92627	1574253483	
busco_downloads/lineages/basidiomycota_odb10/hmms/35223at5204.hmm	130293	1574253482	
busco_downloads/lineages/basidiomycota_odb10/hmms/35226at5204.hmm	167493	1574253483	
busco_downloads/lineages/basidiomycota_odb10/hmms/35371at5204.hmm	142848	1574253482	
busco_downloads/lineages/basidiomycota_odb10/hmms/35435at5204.hmm	238638	1574253482	
busco_downloads/lineages/basidiomycota_odb10/hmms/35456at5204.hmm	112623	1574253483	
busco_downloads/lineages/basidiomycota_odb10/hmms/35530at5204.hmm	145638	1574253483	
busco_downloads/lineages/basidiomycota_odb10/hmms/35539at5204.hmm	136803	1574253483	
busco_downloads/lineages/basidiomycota_odb10/hmms/3559at5204.hmm	335357	1574253484	
busco_downloads/lineages/basidiomycota_odb10/hmms/35641at5204.hmm	120993	1574253483	
busco_downloads/lineages/basidiomycota_odb10/hmms/35798at5204.hmm	129363	1574253483	
busco_downloads/lineages/basidiomycota_odb10/hmms/3581at5204.hmm	306526	1574253483	
busco_downloads/lineages/basidiomycota_odb10/hmms/35871at5204.hmm	134478	1574253483	
busco_downloads/lineages/basidiomycota_odb10/hmms/36066at5204.hmm	153078	1574253483	
busco_downloads/lineages/basidiomycota_odb10/hmms/36134at5204.hmm	298158	1574253483	
busco_downloads/lineages/basidiomycota_odb10/hmms/3619at5204.hmm	305132	1574253483	
busco_downloads/lineages/basidiomycota_odb10/hmms/36229at5204.hmm	132153	1574253483	
busco_downloads/lineages/basidiomycota_odb10/hmms/36248at5204.hmm	176328	1574253483	
busco_downloads/lineages/basidiomycota_odb10/hmms/36263at5204.hmm	150753	1574253482	
busco_downloads/lineages/basidiomycota_odb10/hmms/36266at5204.hmm	219573	1574253483	
busco_downloads/lineages/basidiomycota_odb10/hmms/36287at5204.hmm	107043	1574253482	
busco_downloads/lineages/basidiomycota_odb10/hmms/36329at5204.hmm	172608	1574253483	
busco_downloads/lineages/basidiomycota_odb10/hmms/3649at5204.hmm	384647	1574253483	
busco_downloads/lineages/basidiomycota_odb10/hmms/36587at5204.hmm	100533	1574253482	
busco_downloads/lineages/basidiomycota_odb10/hmms/3666at5204.hmm	389297	1574253483	
busco_downloads/lineages/basidiomycota_odb10/hmms/36672at5204.hmm	107042	1574253482	
busco_downloads/lineages/basidiomycota_odb10/hmms/36686at5204.hmm	379067	1574253482	
busco_downloads/lineages/basidiomycota_odb10/hmms/36695at5204.hmm	122388	1574253482	
busco_downloads/lineages/basidiomycota_odb10/hmms/36737at5204.hmm	101927	1574253483	
busco_downloads/lineages/basidiomycota_odb10/hmms/36777at5204.hmm	119133	1574253482	
busco_downloads/lineages/basidiomycota_odb10/hmms/36793at5204.hmm	145173	1574253483	
busco_downloads/lineages/basidiomycota_odb10/hmms/36930at5204.hmm	86118	1574253482	
busco_downloads/lineages/basidiomycota_odb10/hmms/369at5204.hmm	805937	1574253482	
busco_downloads/lineages/basidiomycota_odb10/hmms/37038at5204.hmm	207948	1574253483	
busco_downloads/lineages/basidiomycota_odb10/hmms/37068at5204.hmm	129828	1574253483	
busco_downloads/lineages/basidiomycota_odb10/hmms/3706at5204.hmm	356281	1574253482	
busco_downloads/lineages/basidiomycota_odb10/hmms/37113at5204.hmm	409293	1574253482	
busco_downloads/lineages/basidiomycota_odb10/hmms/3727at5204.hmm	381392	1574253483	
busco_downloads/lineages/basidiomycota_odb10/hmms/37314at5204.hmm	130758	1574253483	
busco_downloads/lineages/basidiomycota_odb10/hmms/37337at5204.hmm	113088	1574253482	
busco_downloads/lineages/basidiomycota_odb10/hmms/37360at5204.hmm	146103	1574253483	
busco_downloads/lineages/basidiomycota_odb10/hmms/37387at5204.hmm	236778	1574253484	
busco_downloads/lineages/basidiomycota_odb10/hmms/373at5204.hmm	831974	1574253483	
busco_downloads/lineages/basidiomycota_odb10/hmms/37483at5204.hmm	139128	1574253482	
busco_downloads/lineages/basidiomycota_odb10/hmms/37508at5204.hmm	134478	1574253483	
busco_downloads/lineages/basidiomycota_odb10/hmms/37584at5204.hmm	118202	1574253482	
busco_downloads/lineages/basidiomycota_odb10/hmms/37662at5204.hmm	128898	1574253483	
busco_downloads/lineages/basidiomycota_odb10/hmms/37702at5204.hmm	212598	1574253483	
busco_downloads/lineages/basidiomycota_odb10/hmms/37752at5204.hmm	158658	1574253482	
busco_downloads/lineages/basidiomycota_odb10/hmms/37753at5204.hmm	132618	1574253483	
busco_downloads/lineages/basidiomycota_odb10/hmms/37793at5204.hmm	127967	1574253483	
busco_downloads/lineages/basidiomycota_odb10/hmms/37829at5204.hmm	126108	1574253483	
busco_downloads/lineages/basidiomycota_odb10/hmms/37839at5204.hmm	128898	1574253482	
busco_downloads/lineages/basidiomycota_odb10/hmms/37863at5204.hmm	156797	1574253482	
busco_downloads/lineages/basidiomycota_odb10/hmms/37911at5204.hmm	166098	1574253483	
busco_downloads/lineages/basidiomycota_odb10/hmms/3796at5204.hmm	362327	1574253483	
busco_downloads/lineages/basidiomycota_odb10/hmms/37986at5204.hmm	132618	1574253484	
busco_downloads/lineages/basidiomycota_odb10/hmms/38002at5204.hmm	90768	1574253483	
busco_downloads/lineages/basidiomycota_odb10/hmms/38123at5204.hmm	155403	1574253482	
busco_downloads/lineages/basidiomycota_odb10/hmms/38197at5204.hmm	76353	1574253483	
busco_downloads/lineages/basidiomycota_odb10/hmms/38341at5204.hmm	198183	1574253482	
busco_downloads/lineages/basidiomycota_odb10/hmms/38392at5204.hmm	100533	1574253483	
busco_downloads/lineages/basidiomycota_odb10/hmms/3844at5204.hmm	361397	1574253483	
busco_downloads/lineages/basidiomycota_odb10/hmms/38458at5204.hmm	184233	1574253483	
busco_downloads/lineages/basidiomycota_odb10/hmms/3856at5204.hmm	382322	1574253482	
busco_downloads/lineages/basidiomycota_odb10/hmms/38597at5204.hmm	200508	1574253482	
busco_downloads/lineages/basidiomycota_odb10/hmms/38665at5204.hmm	146566	1574253483	
busco_downloads/lineages/basidiomycota_odb10/hmms/38674at5204.hmm	116343	1574253483	
busco_downloads/lineages/basidiomycota_odb10/hmms/38778at5204.hmm	151218	1574253483	
busco_downloads/lineages/basidiomycota_odb10/hmms/3877at5204.hmm	389297	1574253484	
busco_downloads/lineages/basidiomycota_odb10/hmms/3882at5204.hmm	407897	1574253483	
busco_downloads/lineages/basidiomycota_odb10/hmms/38874at5204.hmm	98672	1574253483	
busco_downloads/lineages/basidiomycota_odb10/hmms/38878at5204.hmm	143312	1574253483	
busco_downloads/lineages/basidiomycota_odb10/hmms/3900at5204.hmm	362326	1574253483	
busco_downloads/lineages/basidiomycota_odb10/hmms/39025at5204.hmm	131223	1574253484	
busco_downloads/lineages/basidiomycota_odb10/hmms/39046at5204.hmm	186093	1574253483	
busco_downloads/lineages/basidiomycota_odb10/hmms/39124at5204.hmm	278628	1574253482	
busco_downloads/lineages/basidiomycota_odb10/hmms/39147at5204.hmm	177723	1574253483	
busco_downloads/lineages/basidiomycota_odb10/hmms/39264at5204.hmm	134478	1574253483	
busco_downloads/lineages/basidiomycota_odb10/hmms/39298at5204.hmm	129828	1574253483	
busco_downloads/lineages/basidiomycota_odb10/hmms/39314at5204.hmm	147498	1574253483	
busco_downloads/lineages/basidiomycota_odb10/hmms/39389at5204.hmm	119133	1574253483	
busco_downloads/lineages/basidiomycota_odb10/hmms/393at5204.hmm	738976	1574253483	
busco_downloads/lineages/basidiomycota_odb10/hmms/3941at5204.hmm	394412	1574253483	
busco_downloads/lineages/basidiomycota_odb10/hmms/39459at5204.hmm	182838	1574253483	
busco_downloads/lineages/basidiomycota_odb10/hmms/39570at5204.hmm	94023	1574253482	
busco_downloads/lineages/basidiomycota_odb10/hmms/39639at5204.hmm	158658	1574253483	
busco_downloads/lineages/basidiomycota_odb10/hmms/39672at5204.hmm	147033	1574253483	
busco_downloads/lineages/basidiomycota_odb10/hmms/39763at5204.hmm	101463	1574253483	
busco_downloads/lineages/basidiomycota_odb10/hmms/39785at5204.hmm	130293	1574253483	
busco_downloads/lineages/basidiomycota_odb10/hmms/39788at5204.hmm	140058	1574253483	
busco_downloads/lineages/basidiomycota_odb10/hmms/39794at5204.hmm	147497	1574253483	
busco_downloads/lineages/basidiomycota_odb10/hmms/39932at5204.hmm	167027	1574253482	
busco_downloads/lineages/basidiomycota_odb10/hmms/39946at5204.hmm	141452	1574253483	
busco_downloads/lineages/basidiomycota_odb10/hmms/40080at5204.hmm	130757	1574253482	
busco_downloads/lineages/basidiomycota_odb10/hmms/40114at5204.hmm	82863	1574253484	
busco_downloads/lineages/basidiomycota_odb10/hmms/4013at5204.hmm	266072	1574253483	
busco_downloads/lineages/basidiomycota_odb10/hmms/40193at5204.hmm	197252	1574253483	
busco_downloads/lineages/basidiomycota_odb10/hmms/4024at5204.hmm	320011	1574253483	
busco_downloads/lineages/basidiomycota_odb10/hmms/40327at5204.hmm	110763	1574253483	
busco_downloads/lineages/basidiomycota_odb10/hmms/40365at5204.hmm	150753	1574253483	
busco_downloads/lineages/basidiomycota_odb10/hmms/40400at5204.hmm	139128	1574253483	
busco_downloads/lineages/basidiomycota_odb10/hmms/40504at5204.hmm	92163	1574253482	
busco_downloads/lineages/basidiomycota_odb10/hmms/40505at5204.hmm	70308	1574253483	
busco_downloads/lineages/basidiomycota_odb10/hmms/40524at5204.hmm	99138	1574253483	
busco_downloads/lineages/basidiomycota_odb10/hmms/40564at5204.hmm	148892	1574253483	
busco_downloads/lineages/basidiomycota_odb10/hmms/4061at5204.hmm	151217	1574253483	
busco_downloads/lineages/basidiomycota_odb10/hmms/40837at5204.hmm	98673	1574253483	
busco_downloads/lineages/basidiomycota_odb10/hmms/4088at5204.hmm	422312	1574253482	
busco_downloads/lineages/basidiomycota_odb10/hmms/41147at5204.hmm	102858	1574253483	
busco_downloads/lineages/basidiomycota_odb10/hmms/4116at5204.hmm	348376	1574253483	
busco_downloads/lineages/basidiomycota_odb10/hmms/41175at5204.hmm	126573	1574253482	
busco_downloads/lineages/basidiomycota_odb10/hmms/41180at5204.hmm	142383	1574253483	
busco_downloads/lineages/basidiomycota_odb10/hmms/41225at5204.hmm	106577	1574253483	
busco_downloads/lineages/basidiomycota_odb10/hmms/41234at5204.hmm	120063	1574253482	
busco_downloads/lineages/basidiomycota_odb10/hmms/4128at5204.hmm	312572	1574253483	
busco_downloads/lineages/basidiomycota_odb10/hmms/41530at5204.hmm	98208	1574253483	
busco_downloads/lineages/basidiomycota_odb10/hmms/41561at5204.hmm	222362	1574253483	
busco_downloads/lineages/basidiomycota_odb10/hmms/4157at5204.hmm	335822	1574253483	
busco_downloads/lineages/basidiomycota_odb10/hmms/41585at5204.hmm	116807	1574253483	
busco_downloads/lineages/basidiomycota_odb10/hmms/41615at5204.hmm	122388	1574253482	
busco_downloads/lineages/basidiomycota_odb10/hmms/41616at5204.hmm	111228	1574253483	
busco_downloads/lineages/basidiomycota_odb10/hmms/41732at5204.hmm	147962	1574253482	
busco_downloads/lineages/basidiomycota_odb10/hmms/41739at5204.hmm	210738	1574253483	
busco_downloads/lineages/basidiomycota_odb10/hmms/41747at5204.hmm	94953	1574253484	
busco_downloads/lineages/basidiomycota_odb10/hmms/41760at5204.hmm	138198	1574253483	
busco_downloads/lineages/basidiomycota_odb10/hmms/4179at5204.hmm	206552	1574253483	
busco_downloads/lineages/basidiomycota_odb10/hmms/41819at5204.hmm	126573	1574253482	
busco_downloads/lineages/basidiomycota_odb10/hmms/41828at5204.hmm	112623	1574253483	
busco_downloads/lineages/basidiomycota_odb10/hmms/4188at5204.hmm	216782	1574253482	
busco_downloads/lineages/basidiomycota_odb10/hmms/41962at5204.hmm	146568	1574253482	
busco_downloads/lineages/basidiomycota_odb10/hmms/41992at5204.hmm	105182	1574253483	
busco_downloads/lineages/basidiomycota_odb10/hmms/42008at5204.hmm	117273	1574253483	
busco_downloads/lineages/basidiomycota_odb10/hmms/42028at5204.hmm	117738	1574253482	
busco_downloads/lineages/basidiomycota_odb10/hmms/42036at5204.hmm	135407	1574253482	
busco_downloads/lineages/basidiomycota_odb10/hmms/42042at5204.hmm	89838	1574253483	
busco_downloads/lineages/basidiomycota_odb10/hmms/4205at5204.hmm	360932	1574253483	
busco_downloads/lineages/basidiomycota_odb10/hmms/42080at5204.hmm	273978	1574253484	
busco_downloads/lineages/basidiomycota_odb10/hmms/42222at5204.hmm	126573	1574253483	
busco_downloads/lineages/basidiomycota_odb10/hmms/42267at5204.hmm	165165	1574253483	
busco_downloads/lineages/basidiomycota_odb10/hmms/42328at5204.hmm	136803	1574253482	
busco_downloads/lineages/basidiomycota_odb10/hmms/42409at5204.hmm	140522	1574253483	
busco_downloads/lineages/basidiomycota_odb10/hmms/42437at5204.hmm	143777	1574253483	
busco_downloads/lineages/basidiomycota_odb10/hmms/42472at5204.hmm	198183	1574253483	
busco_downloads/lineages/basidiomycota_odb10/hmms/42524at5204.hmm	159122	1574253483	
busco_downloads/lineages/basidiomycota_odb10/hmms/42573at5204.hmm	119597	1574253483	
busco_downloads/lineages/basidiomycota_odb10/hmms/42622at5204.hmm	115878	1574253483	
busco_downloads/lineages/basidiomycota_odb10/hmms/4262at5204.hmm	173536	1574253483	
busco_downloads/lineages/basidiomycota_odb10/hmms/42667at5204.hmm	133548	1574253482	
busco_downloads/lineages/basidiomycota_odb10/hmms/42685at5204.hmm	151683	1574253483	
busco_downloads/lineages/basidiomycota_odb10/hmms/42719at5204.hmm	97742	1574253482	
busco_downloads/lineages/basidiomycota_odb10/hmms/42848at5204.hmm	124713	1574253483	
busco_downloads/lineages/basidiomycota_odb10/hmms/42951at5204.hmm	148893	1574253483	
busco_downloads/lineages/basidiomycota_odb10/hmms/43237at5204.hmm	168888	1574253482	
busco_downloads/lineages/basidiomycota_odb10/hmms/4324at5204.hmm	435797	1574253483	
busco_downloads/lineages/basidiomycota_odb10/hmms/43272at5204.hmm	129828	1574253483	
busco_downloads/lineages/basidiomycota_odb10/hmms/43329at5204.hmm	130293	1574253482	
busco_downloads/lineages/basidiomycota_odb10/hmms/4343at5204.hmm	379997	1574253483	
busco_downloads/lineages/basidiomycota_odb10/hmms/43455at5204.hmm	113088	1574253483	
busco_downloads/lineages/basidiomycota_odb10/hmms/43468at5204.hmm	125643	1574253483	
busco_downloads/lineages/basidiomycota_odb10/hmms/43475at5204.hmm	116808	1574253483	
busco_downloads/lineages/basidiomycota_odb10/hmms/43542at5204.hmm	177258	1574253483	
busco_downloads/lineages/basidiomycota_odb10/hmms/43579at5204.hmm	135873	1574253483	
busco_downloads/lineages/basidiomycota_odb10/hmms/43649at5204.hmm	106113	1574253482	
busco_downloads/lineages/basidiomycota_odb10/hmms/43743at5204.hmm	84258	1574253482	
busco_downloads/lineages/basidiomycota_odb10/hmms/43762at5204.hmm	156798	1574253482	
busco_downloads/lineages/basidiomycota_odb10/hmms/43781at5204.hmm	146568	1574253482	
busco_downloads/lineages/basidiomycota_odb10/hmms/43860at5204.hmm	144243	1574253482	
busco_downloads/lineages/basidiomycota_odb10/hmms/43862at5204.hmm	113088	1574253483	
busco_downloads/lineages/basidiomycota_odb10/hmms/4390at5204.hmm	313502	1574253482	
busco_downloads/lineages/basidiomycota_odb10/hmms/43920at5204.hmm	114947	1574253483	
busco_downloads/lineages/basidiomycota_odb10/hmms/43946at5204.hmm	154473	1574253483	
busco_downloads/lineages/basidiomycota_odb10/hmms/4394at5204.hmm	296297	1574253483	
busco_downloads/lineages/basidiomycota_odb10/hmms/44044at5204.hmm	114946	1574253484	
busco_downloads/lineages/basidiomycota_odb10/hmms/4404at5204.hmm	504618	1574253482	
busco_downloads/lineages/basidiomycota_odb10/hmms/44079at5204.hmm	123783	1574253483	
busco_downloads/lineages/basidiomycota_odb10/hmms/4419at5204.hmm	347911	1574253483	
busco_downloads/lineages/basidiomycota_odb10/hmms/4420at5204.hmm	327917	1574253482	
busco_downloads/lineages/basidiomycota_odb10/hmms/44258at5204.hmm	84723	1574253483	
busco_downloads/lineages/basidiomycota_odb10/hmms/44269at5204.hmm	110298	1574253483	
busco_downloads/lineages/basidiomycota_odb10/hmms/44280at5204.hmm	98672	1574253483	
busco_downloads/lineages/basidiomycota_odb10/hmms/4429at5204.hmm	298622	1574253484	
busco_downloads/lineages/basidiomycota_odb10/hmms/44301at5204.hmm	151218	1574253483	
busco_downloads/lineages/basidiomycota_odb10/hmms/4444at5204.hmm	320012	1574253483	
busco_downloads/lineages/basidiomycota_odb10/hmms/44486at5204.hmm	100533	1574253482	
busco_downloads/lineages/basidiomycota_odb10/hmms/4458at5204.hmm	379532	1574253483	
busco_downloads/lineages/basidiomycota_odb10/hmms/44636at5204.hmm	95418	1574253483	
busco_downloads/lineages/basidiomycota_odb10/hmms/44647at5204.hmm	137733	1574253483	
busco_downloads/lineages/basidiomycota_odb10/hmms/44692at5204.hmm	163308	1574253483	
busco_downloads/lineages/basidiomycota_odb10/hmms/44937at5204.hmm	112158	1574253483	
busco_downloads/lineages/basidiomycota_odb10/hmms/4496at5204.hmm	383251	1574253482	
busco_downloads/lineages/basidiomycota_odb10/hmms/4497at5204.hmm	306527	1574253483	
busco_downloads/lineages/basidiomycota_odb10/hmms/44998at5204.hmm	160518	1574253483	
busco_downloads/lineages/basidiomycota_odb10/hmms/45124at5204.hmm	139593	1574253483	
busco_downloads/lineages/basidiomycota_odb10/hmms/45161at5204.hmm	177722	1574253483	
busco_downloads/lineages/basidiomycota_odb10/hmms/45180at5204.hmm	120063	1574253483	
busco_downloads/lineages/basidiomycota_odb10/hmms/45263at5204.hmm	172607	1574253483	
busco_downloads/lineages/basidiomycota_odb10/hmms/45343at5204.hmm	152148	1574253483	
busco_downloads/lineages/basidiomycota_odb10/hmms/45358at5204.hmm	81932	1574253482	
busco_downloads/lineages/basidiomycota_odb10/hmms/4535at5204.hmm	412547	1574253482	
busco_downloads/lineages/basidiomycota_odb10/hmms/45360at5204.hmm	151682	1574253483	
busco_downloads/lineages/basidiomycota_odb10/hmms/45537at5204.hmm	127503	1574253483	
busco_downloads/lineages/basidiomycota_odb10/hmms/4554at5204.hmm	256305	1574253482	
busco_downloads/lineages/basidiomycota_odb10/hmms/45551at5204.hmm	143778	1574253484	
busco_downloads/lineages/basidiomycota_odb10/hmms/45574at5204.hmm	83327	1574253483	
busco_downloads/lineages/basidiomycota_odb10/hmms/45646at5204.hmm	102858	1574253484	
busco_downloads/lineages/basidiomycota_odb10/hmms/4576at5204.hmm	262352	1574253482	
busco_downloads/lineages/basidiomycota_odb10/hmms/45852at5204.hmm	115413	1574253482	
busco_downloads/lineages/basidiomycota_odb10/hmms/45853at5204.hmm	123782	1574253484	
busco_downloads/lineages/basidiomycota_odb10/hmms/45882at5204.hmm	112158	1574253483	
busco_downloads/lineages/basidiomycota_odb10/hmms/45900at5204.hmm	153078	1574253483	
busco_downloads/lineages/basidiomycota_odb10/hmms/45938at5204.hmm	138663	1574253483	
busco_downloads/lineages/basidiomycota_odb10/hmms/45939at5204.hmm	110298	1574253483	
busco_downloads/lineages/basidiomycota_odb10/hmms/4596at5204.hmm	394411	1574253483	
busco_downloads/lineages/basidiomycota_odb10/hmms/45982at5204.hmm	103788	1574253482	
busco_downloads/lineages/basidiomycota_odb10/hmms/46049at5204.hmm	113553	1574253483	
busco_downloads/lineages/basidiomycota_odb10/hmms/4605at5204.hmm	446957	1574253482	
busco_downloads/lineages/basidiomycota_odb10/hmms/46243at5204.hmm	126573	1574253482	
busco_downloads/lineages/basidiomycota_odb10/hmms/46247at5204.hmm	71238	1574253483	
busco_downloads/lineages/basidiomycota_odb10/hmms/46365at5204.hmm	132618	1574253482	
busco_downloads/lineages/basidiomycota_odb10/hmms/46399at5204.hmm	163773	1574253482	
busco_downloads/lineages/basidiomycota_odb10/hmms/46422at5204.hmm	182372	1574253483	
busco_downloads/lineages/basidiomycota_odb10/hmms/46459at5204.hmm	153078	1574253483	
busco_downloads/lineages/basidiomycota_odb10/hmms/46462at5204.hmm	98208	1574253483	
busco_downloads/lineages/basidiomycota_odb10/hmms/46601at5204.hmm	102393	1574253483	
busco_downloads/lineages/basidiomycota_odb10/hmms/46620at5204.hmm	139128	1574253483	
busco_downloads/lineages/basidiomycota_odb10/hmms/4662at5204.hmm	426962	1574253482	
busco_downloads/lineages/basidiomycota_odb10/hmms/46682at5204.hmm	116341	1574253482	
busco_downloads/lineages/basidiomycota_odb10/hmms/46688at5204.hmm	75423	1574253484	
busco_downloads/lineages/basidiomycota_odb10/hmms/46723at5204.hmm	119132	1574253483	
busco_downloads/lineages/basidiomycota_odb10/hmms/46785at5204.hmm	113553	1574253483	
busco_downloads/lineages/basidiomycota_odb10/hmms/46805at5204.hmm	130293	1574253482	
busco_downloads/lineages/basidiomycota_odb10/hmms/46814at5204.hmm	128898	1574253484	
busco_downloads/lineages/basidiomycota_odb10/hmms/46943at5204.hmm	210273	1574253483	
busco_downloads/lineages/basidiomycota_odb10/hmms/47069at5204.hmm	160053	1574253482	
busco_downloads/lineages/basidiomycota_odb10/hmms/47071at5204.hmm	159122	1574253483	
busco_downloads/lineages/basidiomycota_odb10/hmms/47088at5204.hmm	134478	1574253483	
busco_downloads/lineages/basidiomycota_odb10/hmms/47148at5204.hmm	96348	1574253483	
busco_downloads/lineages/basidiomycota_odb10/hmms/47190at5204.hmm	155403	1574253482	
busco_downloads/lineages/basidiomycota_odb10/hmms/47255at5204.hmm	59148	1574253483	
busco_downloads/lineages/basidiomycota_odb10/hmms/47334at5204.hmm	105648	1574253484	
busco_downloads/lineages/basidiomycota_odb10/hmms/4735at5204.hmm	364652	1574253483	
busco_downloads/lineages/basidiomycota_odb10/hmms/47362at5204.hmm	99138	1574253483	
busco_downloads/lineages/basidiomycota_odb10/hmms/47363at5204.hmm	97743	1574253483	
busco_downloads/lineages/basidiomycota_odb10/hmms/47404at5204.hmm	370233	1574253483	
busco_downloads/lineages/basidiomycota_odb10/hmms/47405at5204.hmm	100068	1574253482	
busco_downloads/lineages/basidiomycota_odb10/hmms/4741at5204.hmm	321870	1574253482	
busco_downloads/lineages/basidiomycota_odb10/hmms/47469at5204.hmm	108438	1574253482	
busco_downloads/lineages/basidiomycota_odb10/hmms/47494at5204.hmm	93093	1574253482	
busco_downloads/lineages/basidiomycota_odb10/hmms/474at5204.hmm	566927	1574253483	
busco_downloads/lineages/basidiomycota_odb10/hmms/47519at5204.hmm	58218	1574253484	
busco_downloads/lineages/basidiomycota_odb10/hmms/47564at5204.hmm	93093	1574253483	
busco_downloads/lineages/basidiomycota_odb10/hmms/475at5204.hmm	705962	1574253484	
busco_downloads/lineages/basidiomycota_odb10/hmms/4762at5204.hmm	363722	1574253483	
busco_downloads/lineages/basidiomycota_odb10/hmms/47645at5204.hmm	131688	1574253483	
busco_downloads/lineages/basidiomycota_odb10/hmms/47669at5204.hmm	84723	1574253483	
busco_downloads/lineages/basidiomycota_odb10/hmms/4769at5204.hmm	388832	1574253483	
busco_downloads/lineages/basidiomycota_odb10/hmms/4778at5204.hmm	253517	1574253483	
busco_downloads/lineages/basidiomycota_odb10/hmms/47794at5204.hmm	90303	1574253483	
busco_downloads/lineages/basidiomycota_odb10/hmms/4781at5204.hmm	293042	1574253483	
busco_downloads/lineages/basidiomycota_odb10/hmms/47964at5204.hmm	108438	1574253483	
busco_downloads/lineages/basidiomycota_odb10/hmms/479at5204.hmm	616217	1574253483	
busco_downloads/lineages/basidiomycota_odb10/hmms/48036at5204.hmm	147033	1574253483	
busco_downloads/lineages/basidiomycota_odb10/hmms/48062at5204.hmm	184697	1574253482	
busco_downloads/lineages/basidiomycota_odb10/hmms/48071at5204.hmm	97742	1574253482	
busco_downloads/lineages/basidiomycota_odb10/hmms/4814at5204.hmm	328382	1574253483	
busco_downloads/lineages/basidiomycota_odb10/hmms/48210at5204.hmm	149358	1574253482	
busco_downloads/lineages/basidiomycota_odb10/hmms/48238at5204.hmm	106113	1574253483	
busco_downloads/lineages/basidiomycota_odb10/hmms/48325at5204.hmm	111693	1574253483	
busco_downloads/lineages/basidiomycota_odb10/hmms/48327at5204.hmm	87512	1574253483	
busco_downloads/lineages/basidiomycota_odb10/hmms/4854at5204.hmm	341867	1574253483	
busco_downloads/lineages/basidiomycota_odb10/hmms/48554at5204.hmm	98208	1574253483	
busco_downloads/lineages/basidiomycota_odb10/hmms/48610at5204.hmm	91698	1574253483	
busco_downloads/lineages/basidiomycota_odb10/hmms/48671at5204.hmm	90303	1574253484	
busco_downloads/lineages/basidiomycota_odb10/hmms/48693at5204.hmm	68913	1574253483	
busco_downloads/lineages/basidiomycota_odb10/hmms/4871at5204.hmm	369302	1574253483	
busco_downloads/lineages/basidiomycota_odb10/hmms/48728at5204.hmm	133548	1574253483	
busco_downloads/lineages/basidiomycota_odb10/hmms/48738at5204.hmm	94488	1574253483	
busco_downloads/lineages/basidiomycota_odb10/hmms/48895at5204.hmm	101928	1574253483	
busco_downloads/lineages/basidiomycota_odb10/hmms/49092at5204.hmm	111228	1574253483	
busco_downloads/lineages/basidiomycota_odb10/hmms/49101at5204.hmm	164702	1574253482	
busco_downloads/lineages/basidiomycota_odb10/hmms/49136at5204.hmm	74958	1574253483	
busco_downloads/lineages/basidiomycota_odb10/hmms/49180at5204.hmm	127502	1574253482	
busco_downloads/lineages/basidiomycota_odb10/hmms/49196at5204.hmm	68448	1574253483	
busco_downloads/lineages/basidiomycota_odb10/hmms/49251at5204.hmm	104252	1574253483	
busco_downloads/lineages/basidiomycota_odb10/hmms/4928at5204.hmm	502293	1574253482	
busco_downloads/lineages/basidiomycota_odb10/hmms/49302at5204.hmm	87513	1574253483	
busco_downloads/lineages/basidiomycota_odb10/hmms/49390at5204.hmm	137733	1574253483	
busco_downloads/lineages/basidiomycota_odb10/hmms/49596at5204.hmm	76353	1574253482	
busco_downloads/lineages/basidiomycota_odb10/hmms/49710at5204.hmm	147033	1574253483	
busco_downloads/lineages/basidiomycota_odb10/hmms/49767at5204.hmm	63798	1574253483	
busco_downloads/lineages/basidiomycota_odb10/hmms/49790at5204.hmm	149823	1574253484	
busco_downloads/lineages/basidiomycota_odb10/hmms/49809at5204.hmm	94953	1574253482	
busco_downloads/lineages/basidiomycota_odb10/hmms/49816at5204.hmm	105183	1574253484	
busco_downloads/lineages/basidiomycota_odb10/hmms/49857at5204.hmm	130758	1574253482	
busco_downloads/lineages/basidiomycota_odb10/hmms/49865at5204.hmm	148891	1574253482	
busco_downloads/lineages/basidiomycota_odb10/hmms/49872at5204.hmm	142848	1574253483	
busco_downloads/lineages/basidiomycota_odb10/hmms/4991at5204.hmm	259562	1574253483	
busco_downloads/lineages/basidiomycota_odb10/hmms/49926at5204.hmm	96348	1574253482	
busco_downloads/lineages/basidiomycota_odb10/hmms/49954at5204.hmm	71703	1574253482	
busco_downloads/lineages/basidiomycota_odb10/hmms/49957at5204.hmm	125642	1574253483	
busco_downloads/lineages/basidiomycota_odb10/hmms/49981at5204.hmm	114018	1574253483	
busco_downloads/lineages/basidiomycota_odb10/hmms/50000at5204.hmm	143778	1574253483	
busco_downloads/lineages/basidiomycota_odb10/hmms/50042at5204.hmm	73098	1574253482	
busco_downloads/lineages/basidiomycota_odb10/hmms/50045at5204.hmm	103788	1574253483	
busco_downloads/lineages/basidiomycota_odb10/hmms/501at5204.hmm	537167	1574253483	
busco_downloads/lineages/basidiomycota_odb10/hmms/50215at5204.hmm	97278	1574253483	
busco_downloads/lineages/basidiomycota_odb10/hmms/50259at5204.hmm	119598	1574253483	
busco_downloads/lineages/basidiomycota_odb10/hmms/50278at5204.hmm	101928	1574253484	
busco_downloads/lineages/basidiomycota_odb10/hmms/50477at5204.hmm	154473	1574253483	
busco_downloads/lineages/basidiomycota_odb10/hmms/5048at5204.hmm	237707	1574253483	
busco_downloads/lineages/basidiomycota_odb10/hmms/50541at5204.hmm	97743	1574253483	
busco_downloads/lineages/basidiomycota_odb10/hmms/5054at5204.hmm	362792	1574253483	
busco_downloads/lineages/basidiomycota_odb10/hmms/50621at5204.hmm	111693	1574253483	
busco_downloads/lineages/basidiomycota_odb10/hmms/50642at5204.hmm	93093	1574253483	
busco_downloads/lineages/basidiomycota_odb10/hmms/50666at5204.hmm	130758	1574253483	
busco_downloads/lineages/basidiomycota_odb10/hmms/50708at5204.hmm	73562	1574253483	
busco_downloads/lineages/basidiomycota_odb10/hmms/5072at5204.hmm	355817	1574253484	
busco_downloads/lineages/basidiomycota_odb10/hmms/50749at5204.hmm	96813	1574253483	
busco_downloads/lineages/basidiomycota_odb10/hmms/50795at5204.hmm	97278	1574253483	
busco_downloads/lineages/basidiomycota_odb10/hmms/50802at5204.hmm	127038	1574253483	
busco_downloads/lineages/basidiomycota_odb10/hmms/5080at5204.hmm	341402	1574253484	
busco_downloads/lineages/basidiomycota_odb10/hmms/50848at5204.hmm	75887	1574253483	
busco_downloads/lineages/basidiomycota_odb10/hmms/50873at5204.hmm	134478	1574253482	
busco_downloads/lineages/basidiomycota_odb10/hmms/50895at5204.hmm	127502	1574253483	
busco_downloads/lineages/basidiomycota_odb10/hmms/50911at5204.hmm	231662	1574253483	
busco_downloads/lineages/basidiomycota_odb10/hmms/50972at5204.hmm	111693	1574253484	
busco_downloads/lineages/basidiomycota_odb10/hmms/50977at5204.hmm	81933	1574253482	
busco_downloads/lineages/basidiomycota_odb10/hmms/50980at5204.hmm	102393	1574253483	
busco_downloads/lineages/basidiomycota_odb10/hmms/51001at5204.hmm	104718	1574253482	
busco_downloads/lineages/basidiomycota_odb10/hmms/51020at5204.hmm	116808	1574253483	
busco_downloads/lineages/basidiomycota_odb10/hmms/5109at5204.hmm	298622	1574253483	
busco_downloads/lineages/basidiomycota_odb10/hmms/51104at5204.hmm	147033	1574253483	
busco_downloads/lineages/basidiomycota_odb10/hmms/5116at5204.hmm	246076	1574253484	
busco_downloads/lineages/basidiomycota_odb10/hmms/51222at5204.hmm	135407	1574253483	
busco_downloads/lineages/basidiomycota_odb10/hmms/51235at5204.hmm	203762	1574253484	
busco_downloads/lineages/basidiomycota_odb10/hmms/51268at5204.hmm	121923	1574253482	
busco_downloads/lineages/basidiomycota_odb10/hmms/5128at5204.hmm	451607	1574253483	
busco_downloads/lineages/basidiomycota_odb10/hmms/51342at5204.hmm	241425	1574253484	
busco_downloads/lineages/basidiomycota_odb10/hmms/51404at5204.hmm	174933	1574253482	
busco_downloads/lineages/basidiomycota_odb10/hmms/51442at5204.hmm	161447	1574253483	
busco_downloads/lineages/basidiomycota_odb10/hmms/51489at5204.hmm	74027	1574253483	
busco_downloads/lineages/basidiomycota_odb10/hmms/51521at5204.hmm	173538	1574253482	
busco_downloads/lineages/basidiomycota_odb10/hmms/5158at5204.hmm	305132	1574253483	
busco_downloads/lineages/basidiomycota_odb10/hmms/51662at5204.hmm	127967	1574253483	
busco_downloads/lineages/basidiomycota_odb10/hmms/51915at5204.hmm	76352	1574253483	
busco_downloads/lineages/basidiomycota_odb10/hmms/5196at5204.hmm	276301	1574253483	
busco_downloads/lineages/basidiomycota_odb10/hmms/51979at5204.hmm	119597	1574253483	
busco_downloads/lineages/basidiomycota_odb10/hmms/5198at5204.hmm	351166	1574253484	
busco_downloads/lineages/basidiomycota_odb10/hmms/52059at5204.hmm	122853	1574253482	
busco_downloads/lineages/basidiomycota_odb10/hmms/5207at5204.hmm	321407	1574253482	
busco_downloads/lineages/basidiomycota_odb10/hmms/52129at5204.hmm	123783	1574253483	
busco_downloads/lineages/basidiomycota_odb10/hmms/52152at5204.hmm	107973	1574253483	
busco_downloads/lineages/basidiomycota_odb10/hmms/52175at5204.hmm	145172	1574253482	
busco_downloads/lineages/basidiomycota_odb10/hmms/52463at5204.hmm	73563	1574253483	
busco_downloads/lineages/basidiomycota_odb10/hmms/5260at5204.hmm	245147	1574253484	
busco_downloads/lineages/basidiomycota_odb10/hmms/52832at5204.hmm	107043	1574253482	
busco_downloads/lineages/basidiomycota_odb10/hmms/5285at5204.hmm	311177	1574253483	
busco_downloads/lineages/basidiomycota_odb10/hmms/52863at5204.hmm	114018	1574253482	
busco_downloads/lineages/basidiomycota_odb10/hmms/52869at5204.hmm	116808	1574253483	
busco_downloads/lineages/basidiomycota_odb10/hmms/52873at5204.hmm	82397	1574253483	
busco_downloads/lineages/basidiomycota_odb10/hmms/5293at5204.hmm	294902	1574253482	
busco_downloads/lineages/basidiomycota_odb10/hmms/529at5204.hmm	678527	1574253483	
busco_downloads/lineages/basidiomycota_odb10/hmms/53062at5204.hmm	114948	1574253483	
busco_downloads/lineages/basidiomycota_odb10/hmms/53129at5204.hmm	105183	1574253483	
busco_downloads/lineages/basidiomycota_odb10/hmms/53149at5204.hmm	123783	1574253483	
busco_downloads/lineages/basidiomycota_odb10/hmms/53186at5204.hmm	115412	1574253483	
busco_downloads/lineages/basidiomycota_odb10/hmms/53236at5204.hmm	171678	1574253483	
busco_downloads/lineages/basidiomycota_odb10/hmms/53261at5204.hmm	130758	1574253483	
busco_downloads/lineages/basidiomycota_odb10/hmms/53349at5204.hmm	121458	1574253483	
busco_downloads/lineages/basidiomycota_odb10/hmms/53364at5204.hmm	97278	1574253483	
busco_downloads/lineages/basidiomycota_odb10/hmms/5337at5204.hmm	318617	1574253484	
busco_downloads/lineages/basidiomycota_odb10/hmms/53403at5204.hmm	120063	1574253483	
busco_downloads/lineages/basidiomycota_odb10/hmms/53417at5204.hmm	92163	1574253483	
busco_downloads/lineages/basidiomycota_odb10/hmms/53431at5204.hmm	115413	1574253483	
busco_downloads/lineages/basidiomycota_odb10/hmms/53607at5204.hmm	112158	1574253482	
busco_downloads/lineages/basidiomycota_odb10/hmms/53742at5204.hmm	102393	1574253483	
busco_downloads/lineages/basidiomycota_odb10/hmms/53866at5204.hmm	112623	1574253483	
busco_downloads/lineages/basidiomycota_odb10/hmms/53868at5204.hmm	72168	1574253483	
busco_downloads/lineages/basidiomycota_odb10/hmms/53888at5204.hmm	86582	1574253482	
busco_downloads/lineages/basidiomycota_odb10/hmms/53905at5204.hmm	92628	1574253484	
busco_downloads/lineages/basidiomycota_odb10/hmms/5390at5204.hmm	296297	1574253483	
busco_downloads/lineages/basidiomycota_odb10/hmms/5391at5204.hmm	261422	1574253482	
busco_downloads/lineages/basidiomycota_odb10/hmms/54010at5204.hmm	125178	1574253483	
busco_downloads/lineages/basidiomycota_odb10/hmms/54013at5204.hmm	90303	1574253483	
busco_downloads/lineages/basidiomycota_odb10/hmms/54020at5204.hmm	105648	1574253484	
busco_downloads/lineages/basidiomycota_odb10/hmms/54038at5204.hmm	74958	1574253482	
busco_downloads/lineages/basidiomycota_odb10/hmms/54046at5204.hmm	159122	1574253484	
busco_downloads/lineages/basidiomycota_odb10/hmms/54089at5204.hmm	126108	1574253483	
busco_downloads/lineages/basidiomycota_odb10/hmms/54194at5204.hmm	108903	1574253484	
busco_downloads/lineages/basidiomycota_odb10/hmms/54196at5204.hmm	62403	1574253483	
busco_downloads/lineages/basidiomycota_odb10/hmms/54208at5204.hmm	96348	1574253482	
busco_downloads/lineages/basidiomycota_odb10/hmms/54383at5204.hmm	99138	1574253483	
busco_downloads/lineages/basidiomycota_odb10/hmms/543at5204.hmm	426496	1574253482	
busco_downloads/lineages/basidiomycota_odb10/hmms/5447at5204.hmm	334427	1574253484	
busco_downloads/lineages/basidiomycota_odb10/hmms/5462at5204.hmm	312107	1574253483	
busco_downloads/lineages/basidiomycota_odb10/hmms/54660at5204.hmm	126573	1574253483	
busco_downloads/lineages/basidiomycota_odb10/hmms/54793at5204.hmm	89373	1574253483	
busco_downloads/lineages/basidiomycota_odb10/hmms/54810at5204.hmm	87513	1574253483	
busco_downloads/lineages/basidiomycota_odb10/hmms/55023at5204.hmm	81002	1574253483	
busco_downloads/lineages/basidiomycota_odb10/hmms/55051at5204.hmm	77283	1574253484	
busco_downloads/lineages/basidiomycota_odb10/hmms/55062at5204.hmm	95418	1574253482	
busco_downloads/lineages/basidiomycota_odb10/hmms/55072at5204.hmm	81468	1574253483	
busco_downloads/lineages/basidiomycota_odb10/hmms/55117at5204.hmm	101463	1574253482	
busco_downloads/lineages/basidiomycota_odb10/hmms/55278at5204.hmm	103323	1574253484	
busco_downloads/lineages/basidiomycota_odb10/hmms/55322at5204.hmm	265141	1574253483	
busco_downloads/lineages/basidiomycota_odb10/hmms/55357at5204.hmm	83793	1574253484	
busco_downloads/lineages/basidiomycota_odb10/hmms/55360at5204.hmm	120062	1574253483	
busco_downloads/lineages/basidiomycota_odb10/hmms/55377at5204.hmm	71238	1574253483	
busco_downloads/lineages/basidiomycota_odb10/hmms/55386at5204.hmm	114482	1574253483	
busco_downloads/lineages/basidiomycota_odb10/hmms/55390at5204.hmm	109833	1574253483	
busco_downloads/lineages/basidiomycota_odb10/hmms/55573at5204.hmm	86118	1574253482	
busco_downloads/lineages/basidiomycota_odb10/hmms/5562at5204.hmm	306527	1574253483	
busco_downloads/lineages/basidiomycota_odb10/hmms/55701at5204.hmm	100998	1574253483	
busco_downloads/lineages/basidiomycota_odb10/hmms/55708at5204.hmm	125178	1574253483	
busco_downloads/lineages/basidiomycota_odb10/hmms/55820at5204.hmm	111693	1574253483	
busco_downloads/lineages/basidiomycota_odb10/hmms/55830at5204.hmm	103788	1574253483	
busco_downloads/lineages/basidiomycota_odb10/hmms/55883at5204.hmm	141453	1574253483	
busco_downloads/lineages/basidiomycota_odb10/hmms/55951at5204.hmm	122388	1574253484	
busco_downloads/lineages/basidiomycota_odb10/hmms/55975at5204.hmm	122853	1574253483	
busco_downloads/lineages/basidiomycota_odb10/hmms/55980at5204.hmm	145173	1574253482	
busco_downloads/lineages/basidiomycota_odb10/hmms/5602at5204.hmm	267467	1574253484	
busco_downloads/lineages/basidiomycota_odb10/hmms/56071at5204.hmm	106578	1574253483	
busco_downloads/lineages/basidiomycota_odb10/hmms/56133at5204.hmm	118203	1574253483	
busco_downloads/lineages/basidiomycota_odb10/hmms/56134at5204.hmm	147963	1574253483	
busco_downloads/lineages/basidiomycota_odb10/hmms/56184at5204.hmm	115877	1574253483	
busco_downloads/lineages/basidiomycota_odb10/hmms/5622at5204.hmm	345122	1574253483	
busco_downloads/lineages/basidiomycota_odb10/hmms/56245at5204.hmm	147033	1574253482	
busco_downloads/lineages/basidiomycota_odb10/hmms/56266at5204.hmm	67053	1574253483	
busco_downloads/lineages/basidiomycota_odb10/hmms/56356at5204.hmm	100998	1574253483	
busco_downloads/lineages/basidiomycota_odb10/hmms/5648at5204.hmm	272116	1574253483	
busco_downloads/lineages/basidiomycota_odb10/hmms/56524at5204.hmm	132618	1574253482	
busco_downloads/lineages/basidiomycota_odb10/hmms/56555at5204.hmm	241892	1574253483	
busco_downloads/lineages/basidiomycota_odb10/hmms/56771at5204.hmm	102857	1574253483	
busco_downloads/lineages/basidiomycota_odb10/hmms/56887at5204.hmm	106578	1574253483	
busco_downloads/lineages/basidiomycota_odb10/hmms/56891at5204.hmm	101927	1574253483	
busco_downloads/lineages/basidiomycota_odb10/hmms/5696at5204.hmm	213991	1574253483	
busco_downloads/lineages/basidiomycota_odb10/hmms/56992at5204.hmm	127502	1574253483	
busco_downloads/lineages/basidiomycota_odb10/hmms/57026at5204.hmm	104253	1574253482	
busco_downloads/lineages/basidiomycota_odb10/hmms/57038at5204.hmm	105648	1574253482	
busco_downloads/lineages/basidiomycota_odb10/hmms/57040at5204.hmm	72633	1574253483	
busco_downloads/lineages/basidiomycota_odb10/hmms/57070at5204.hmm	103321	1574253484	
busco_downloads/lineages/basidiomycota_odb10/hmms/57078at5204.hmm	79143	1574253484	
busco_downloads/lineages/basidiomycota_odb10/hmms/57104at5204.hmm	143778	1574253483	
busco_downloads/lineages/basidiomycota_odb10/hmms/57152at5204.hmm	116807	1574253482	
busco_downloads/lineages/basidiomycota_odb10/hmms/57214at5204.hmm	214923	1574253484	
busco_downloads/lineages/basidiomycota_odb10/hmms/57255at5204.hmm	102392	1574253483	
busco_downloads/lineages/basidiomycota_odb10/hmms/57327at5204.hmm	134013	1574253482	
busco_downloads/lineages/basidiomycota_odb10/hmms/57363at5204.hmm	108903	1574253482	
busco_downloads/lineages/basidiomycota_odb10/hmms/57419at5204.hmm	86118	1574253483	
busco_downloads/lineages/basidiomycota_odb10/hmms/57435at5204.hmm	84722	1574253483	
busco_downloads/lineages/basidiomycota_odb10/hmms/57440at5204.hmm	102858	1574253482	
busco_downloads/lineages/basidiomycota_odb10/hmms/57584at5204.hmm	65658	1574253483	
busco_downloads/lineages/basidiomycota_odb10/hmms/57703at5204.hmm	100067	1574253484	
busco_downloads/lineages/basidiomycota_odb10/hmms/57872at5204.hmm	110298	1574253483	
busco_downloads/lineages/basidiomycota_odb10/hmms/57883at5204.hmm	111227	1574253483	
busco_downloads/lineages/basidiomycota_odb10/hmms/57893at5204.hmm	116343	1574253482	
busco_downloads/lineages/basidiomycota_odb10/hmms/5789at5204.hmm	288855	1574253483	
busco_downloads/lineages/basidiomycota_odb10/hmms/57929at5204.hmm	64728	1574253483	
busco_downloads/lineages/basidiomycota_odb10/hmms/57944at5204.hmm	99603	1574253483	
busco_downloads/lineages/basidiomycota_odb10/hmms/57981at5204.hmm	114948	1574253483	
busco_downloads/lineages/basidiomycota_odb10/hmms/57993at5204.hmm	114483	1574253483	
busco_downloads/lineages/basidiomycota_odb10/hmms/58097at5204.hmm	85653	1574253483	
busco_downloads/lineages/basidiomycota_odb10/hmms/58106at5204.hmm	87978	1574253483	
busco_downloads/lineages/basidiomycota_odb10/hmms/58122at5204.hmm	102393	1574253483	
busco_downloads/lineages/basidiomycota_odb10/hmms/58176at5204.hmm	82398	1574253484	
busco_downloads/lineages/basidiomycota_odb10/hmms/58222at5204.hmm	61008	1574253483	
busco_downloads/lineages/basidiomycota_odb10/hmms/58233at5204.hmm	85653	1574253483	
busco_downloads/lineages/basidiomycota_odb10/hmms/58403at5204.hmm	107508	1574253483	
busco_downloads/lineages/basidiomycota_odb10/hmms/58507at5204.hmm	94952	1574253483	
busco_downloads/lineages/basidiomycota_odb10/hmms/5850at5204.hmm	308850	1574253482	
busco_downloads/lineages/basidiomycota_odb10/hmms/58523at5204.hmm	99603	1574253482	
busco_downloads/lineages/basidiomycota_odb10/hmms/58546at5204.hmm	145638	1574253483	
busco_downloads/lineages/basidiomycota_odb10/hmms/58589at5204.hmm	60077	1574253483	
busco_downloads/lineages/basidiomycota_odb10/hmms/58593at5204.hmm	94023	1574253483	
busco_downloads/lineages/basidiomycota_odb10/hmms/58664at5204.hmm	84723	1574253482	
busco_downloads/lineages/basidiomycota_odb10/hmms/58725at5204.hmm	80073	1574253483	
busco_downloads/lineages/basidiomycota_odb10/hmms/5875at5204.hmm	321872	1574253483	
busco_downloads/lineages/basidiomycota_odb10/hmms/5879at5204.hmm	264212	1574253483	
busco_downloads/lineages/basidiomycota_odb10/hmms/58at5204.hmm	694335	1574253482	
busco_downloads/lineages/basidiomycota_odb10/hmms/59024at5204.hmm	82862	1574253484	
busco_downloads/lineages/basidiomycota_odb10/hmms/59154at5204.hmm	97742	1574253482	
busco_downloads/lineages/basidiomycota_odb10/hmms/59186at5204.hmm	115411	1574253483	
busco_downloads/lineages/basidiomycota_odb10/hmms/59203at5204.hmm	98673	1574253483	
busco_downloads/lineages/basidiomycota_odb10/hmms/59297at5204.hmm	126108	1574253484	
busco_downloads/lineages/basidiomycota_odb10/hmms/59343at5204.hmm	102393	1574253483	
busco_downloads/lineages/basidiomycota_odb10/hmms/59387at5204.hmm	80073	1574253483	
busco_downloads/lineages/basidiomycota_odb10/hmms/593at5204.hmm	682246	1574253483	
busco_downloads/lineages/basidiomycota_odb10/hmms/5943at5204.hmm	140057	1574253483	
busco_downloads/lineages/basidiomycota_odb10/hmms/5948at5204.hmm	249797	1574253482	
busco_downloads/lineages/basidiomycota_odb10/hmms/59501at5204.hmm	130757	1574253483	
busco_downloads/lineages/basidiomycota_odb10/hmms/59504at5204.hmm	92628	1574253483	
busco_downloads/lineages/basidiomycota_odb10/hmms/59519at5204.hmm	90303	1574253483	
busco_downloads/lineages/basidiomycota_odb10/hmms/59521at5204.hmm	112158	1574253483	
busco_downloads/lineages/basidiomycota_odb10/hmms/59534at5204.hmm	75887	1574253483	
busco_downloads/lineages/basidiomycota_odb10/hmms/59608at5204.hmm	52637	1574253483	
busco_downloads/lineages/basidiomycota_odb10/hmms/59689at5204.hmm	97743	1574253482	
busco_downloads/lineages/basidiomycota_odb10/hmms/59743at5204.hmm	92163	1574253483	
busco_downloads/lineages/basidiomycota_odb10/hmms/59751at5204.hmm	126107	1574253483	
busco_downloads/lineages/basidiomycota_odb10/hmms/59787at5204.hmm	105183	1574253483	
busco_downloads/lineages/basidiomycota_odb10/hmms/59798at5204.hmm	100533	1574253482	
busco_downloads/lineages/basidiomycota_odb10/hmms/59805at5204.hmm	62868	1574253482	
busco_downloads/lineages/basidiomycota_odb10/hmms/59860at5204.hmm	82398	1574253483	
busco_downloads/lineages/basidiomycota_odb10/hmms/59871at5204.hmm	81933	1574253483	
busco_downloads/lineages/basidiomycota_odb10/hmms/59885at5204.hmm	80073	1574253483	
busco_downloads/lineages/basidiomycota_odb10/hmms/59938at5204.hmm	93557	1574253483	
busco_downloads/lineages/basidiomycota_odb10/hmms/60023at5204.hmm	95881	1574253483	
busco_downloads/lineages/basidiomycota_odb10/hmms/60091at5204.hmm	98208	1574253483	
busco_downloads/lineages/basidiomycota_odb10/hmms/60093at5204.hmm	82862	1574253483	
busco_downloads/lineages/basidiomycota_odb10/hmms/60168at5204.hmm	121458	1574253482	
busco_downloads/lineages/basidiomycota_odb10/hmms/60257at5204.hmm	95418	1574253484	
busco_downloads/lineages/basidiomycota_odb10/hmms/60260at5204.hmm	176328	1574253482	
busco_downloads/lineages/basidiomycota_odb10/hmms/60302at5204.hmm	109833	1574253483	
busco_downloads/lineages/basidiomycota_odb10/hmms/60315at5204.hmm	65193	1574253482	
busco_downloads/lineages/basidiomycota_odb10/hmms/60319at5204.hmm	60543	1574253483	
busco_downloads/lineages/basidiomycota_odb10/hmms/60359at5204.hmm	114483	1574253483	
busco_downloads/lineages/basidiomycota_odb10/hmms/60376at5204.hmm	80072	1574253483	
busco_downloads/lineages/basidiomycota_odb10/hmms/60377at5204.hmm	121922	1574253483	
busco_downloads/lineages/basidiomycota_odb10/hmms/60394at5204.hmm	136338	1574253483	
busco_downloads/lineages/basidiomycota_odb10/hmms/60438at5204.hmm	81468	1574253483	
busco_downloads/lineages/basidiomycota_odb10/hmms/60597at5204.hmm	115412	1574253483	
busco_downloads/lineages/basidiomycota_odb10/hmms/6059at5204.hmm	319081	1574253483	
busco_downloads/lineages/basidiomycota_odb10/hmms/60642at5204.hmm	68448	1574253483	
busco_downloads/lineages/basidiomycota_odb10/hmms/60664at5204.hmm	95418	1574253483	
busco_downloads/lineages/basidiomycota_odb10/hmms/60816at5204.hmm	91232	1574253483	
busco_downloads/lineages/basidiomycota_odb10/hmms/60856at5204.hmm	98672	1574253483	
busco_downloads/lineages/basidiomycota_odb10/hmms/60878at5204.hmm	89838	1574253483	
busco_downloads/lineages/basidiomycota_odb10/hmms/60896at5204.hmm	103788	1574253483	
busco_downloads/lineages/basidiomycota_odb10/hmms/6100at5204.hmm	267002	1574253484	
busco_downloads/lineages/basidiomycota_odb10/hmms/61012at5204.hmm	102858	1574253482	
busco_downloads/lineages/basidiomycota_odb10/hmms/61099at5204.hmm	86583	1574253484	
busco_downloads/lineages/basidiomycota_odb10/hmms/610at5204.hmm	567392	1574253484	
busco_downloads/lineages/basidiomycota_odb10/hmms/61175at5204.hmm	72168	1574253482	
busco_downloads/lineages/basidiomycota_odb10/hmms/61189at5204.hmm	102393	1574253483	
busco_downloads/lineages/basidiomycota_odb10/hmms/61297at5204.hmm	77283	1574253483	
busco_downloads/lineages/basidiomycota_odb10/hmms/61298at5204.hmm	71702	1574253483	
busco_downloads/lineages/basidiomycota_odb10/hmms/61307at5204.hmm	81933	1574253483	
busco_downloads/lineages/basidiomycota_odb10/hmms/61316at5204.hmm	81003	1574253483	
busco_downloads/lineages/basidiomycota_odb10/hmms/6132at5204.hmm	330707	1574253483	
busco_downloads/lineages/basidiomycota_odb10/hmms/61492at5204.hmm	106578	1574253483	
busco_downloads/lineages/basidiomycota_odb10/hmms/61550at5204.hmm	110298	1574253484	
busco_downloads/lineages/basidiomycota_odb10/hmms/615at5204.hmm	565997	1574253483	
busco_downloads/lineages/basidiomycota_odb10/hmms/61632at5204.hmm	75887	1574253483	
busco_downloads/lineages/basidiomycota_odb10/hmms/61655at5204.hmm	58218	1574253483	
busco_downloads/lineages/basidiomycota_odb10/hmms/61723at5204.hmm	94953	1574253484	
busco_downloads/lineages/basidiomycota_odb10/hmms/61744at5204.hmm	82863	1574253483	
busco_downloads/lineages/basidiomycota_odb10/hmms/61800at5204.hmm	119597	1574253483	
busco_downloads/lineages/basidiomycota_odb10/hmms/61872at5204.hmm	80538	1574253483	
busco_downloads/lineages/basidiomycota_odb10/hmms/61882at5204.hmm	76818	1574253483	
busco_downloads/lineages/basidiomycota_odb10/hmms/61936at5204.hmm	78677	1574253483	
busco_downloads/lineages/basidiomycota_odb10/hmms/62049at5204.hmm	96347	1574253484	
busco_downloads/lineages/basidiomycota_odb10/hmms/62066at5204.hmm	61473	1574253483	
busco_downloads/lineages/basidiomycota_odb10/hmms/62092at5204.hmm	102857	1574253483	
busco_downloads/lineages/basidiomycota_odb10/hmms/62153at5204.hmm	158658	1574253484	
busco_downloads/lineages/basidiomycota_odb10/hmms/6217at5204.hmm	306992	1574253483	
busco_downloads/lineages/basidiomycota_odb10/hmms/62255at5204.hmm	97278	1574253482	
busco_downloads/lineages/basidiomycota_odb10/hmms/62266at5204.hmm	176328	1574253483	
busco_downloads/lineages/basidiomycota_odb10/hmms/62278at5204.hmm	76353	1574253483	
busco_downloads/lineages/basidiomycota_odb10/hmms/62328at5204.hmm	136338	1574253482	
busco_downloads/lineages/basidiomycota_odb10/hmms/62354at5204.hmm	77283	1574253483	
busco_downloads/lineages/basidiomycota_odb10/hmms/62372at5204.hmm	82863	1574253482	
busco_downloads/lineages/basidiomycota_odb10/hmms/6239at5204.hmm	233057	1574253483	
busco_downloads/lineages/basidiomycota_odb10/hmms/6240at5204.hmm	300947	1574253484	
busco_downloads/lineages/basidiomycota_odb10/hmms/62454at5204.hmm	181908	1574253484	
busco_downloads/lineages/basidiomycota_odb10/hmms/62510at5204.hmm	87048	1574253483	
busco_downloads/lineages/basidiomycota_odb10/hmms/62588at5204.hmm	255378	1574253483	
busco_downloads/lineages/basidiomycota_odb10/hmms/62606at5204.hmm	85653	1574253483	
busco_downloads/lineages/basidiomycota_odb10/hmms/62686at5204.hmm	96812	1574253483	
busco_downloads/lineages/basidiomycota_odb10/hmms/62752at5204.hmm	48452	1574253483	
busco_downloads/lineages/basidiomycota_odb10/hmms/62886at5204.hmm	68913	1574253483	
busco_downloads/lineages/basidiomycota_odb10/hmms/62932at5204.hmm	79608	1574253483	
busco_downloads/lineages/basidiomycota_odb10/hmms/62993at5204.hmm	107973	1574253483	
busco_downloads/lineages/basidiomycota_odb10/hmms/63008at5204.hmm	83793	1574253482	
busco_downloads/lineages/basidiomycota_odb10/hmms/63110at5204.hmm	81468	1574253483	
busco_downloads/lineages/basidiomycota_odb10/hmms/63140at5204.hmm	262818	1574253483	
busco_downloads/lineages/basidiomycota_odb10/hmms/63163at5204.hmm	56357	1574253483	
busco_downloads/lineages/basidiomycota_odb10/hmms/63174at5204.hmm	107973	1574253483	
busco_downloads/lineages/basidiomycota_odb10/hmms/63242at5204.hmm	86118	1574253482	
busco_downloads/lineages/basidiomycota_odb10/hmms/63290at5204.hmm	59613	1574253483	
busco_downloads/lineages/basidiomycota_odb10/hmms/63298at5204.hmm	81468	1574253483	
busco_downloads/lineages/basidiomycota_odb10/hmms/6331at5204.hmm	217712	1574253483	
busco_downloads/lineages/basidiomycota_odb10/hmms/63368at5204.hmm	77748	1574253483	
busco_downloads/lineages/basidiomycota_odb10/hmms/63432at5204.hmm	96348	1574253483	
busco_downloads/lineages/basidiomycota_odb10/hmms/63433at5204.hmm	52638	1574253483	
busco_downloads/lineages/basidiomycota_odb10/hmms/63472at5204.hmm	148893	1574253484	
busco_downloads/lineages/basidiomycota_odb10/hmms/63511at5204.hmm	70773	1574253483	
busco_downloads/lineages/basidiomycota_odb10/hmms/63558at5204.hmm	132617	1574253483	
busco_downloads/lineages/basidiomycota_odb10/hmms/63606at5204.hmm	65658	1574253483	
busco_downloads/lineages/basidiomycota_odb10/hmms/63627at5204.hmm	77282	1574253483	
busco_downloads/lineages/basidiomycota_odb10/hmms/63710at5204.hmm	49847	1574253483	
busco_downloads/lineages/basidiomycota_odb10/hmms/63724at5204.hmm	81933	1574253482	
busco_downloads/lineages/basidiomycota_odb10/hmms/63806at5204.hmm	127967	1574253484	
busco_downloads/lineages/basidiomycota_odb10/hmms/63811at5204.hmm	160053	1574253484	
busco_downloads/lineages/basidiomycota_odb10/hmms/63838at5204.hmm	132153	1574253483	
busco_downloads/lineages/basidiomycota_odb10/hmms/63932at5204.hmm	78678	1574253484	
busco_downloads/lineages/basidiomycota_odb10/hmms/63961at5204.hmm	61938	1574253483	
busco_downloads/lineages/basidiomycota_odb10/hmms/64007at5204.hmm	103787	1574253483	
busco_downloads/lineages/basidiomycota_odb10/hmms/64044at5204.hmm	124712	1574253483	
busco_downloads/lineages/basidiomycota_odb10/hmms/64077at5204.hmm	188883	1574253483	
busco_downloads/lineages/basidiomycota_odb10/hmms/64250at5204.hmm	58217	1574253483	
busco_downloads/lineages/basidiomycota_odb10/hmms/64282at5204.hmm	244682	1574253483	
busco_downloads/lineages/basidiomycota_odb10/hmms/64285at5204.hmm	230267	1574253483	
busco_downloads/lineages/basidiomycota_odb10/hmms/64288at5204.hmm	179117	1574253483	
busco_downloads/lineages/basidiomycota_odb10/hmms/64302at5204.hmm	81468	1574253482	
busco_downloads/lineages/basidiomycota_odb10/hmms/6435at5204.hmm	310712	1574253483	
busco_downloads/lineages/basidiomycota_odb10/hmms/64400at5204.hmm	88907	1574253483	
busco_downloads/lineages/basidiomycota_odb10/hmms/6443at5204.hmm	225152	1574253484	
busco_downloads/lineages/basidiomycota_odb10/hmms/64481at5204.hmm	123318	1574253483	
busco_downloads/lineages/basidiomycota_odb10/hmms/64497at5204.hmm	136803	1574253484	
busco_downloads/lineages/basidiomycota_odb10/hmms/64595at5204.hmm	123781	1574253483	
busco_downloads/lineages/basidiomycota_odb10/hmms/64629at5204.hmm	76353	1574253483	
busco_downloads/lineages/basidiomycota_odb10/hmms/64639at5204.hmm	75423	1574253483	
busco_downloads/lineages/basidiomycota_odb10/hmms/646at5204.hmm	533447	1574253482	
busco_downloads/lineages/basidiomycota_odb10/hmms/6476at5204.hmm	280022	1574253484	
busco_downloads/lineages/basidiomycota_odb10/hmms/64809at5204.hmm	91698	1574253484	
busco_downloads/lineages/basidiomycota_odb10/hmms/64881at5204.hmm	59612	1574253482	
busco_downloads/lineages/basidiomycota_odb10/hmms/64968at5204.hmm	50778	1574253483	
busco_downloads/lineages/basidiomycota_odb10/hmms/64978at5204.hmm	115413	1574253482	
busco_downloads/lineages/basidiomycota_odb10/hmms/64982at5204.hmm	42407	1574253483	
busco_downloads/lineages/basidiomycota_odb10/hmms/65015at5204.hmm	91233	1574253482	
busco_downloads/lineages/basidiomycota_odb10/hmms/65134at5204.hmm	90766	1574253482	
busco_downloads/lineages/basidiomycota_odb10/hmms/65259at5204.hmm	78678	1574253483	
busco_downloads/lineages/basidiomycota_odb10/hmms/65307at5204.hmm	78678	1574253484	
busco_downloads/lineages/basidiomycota_odb10/hmms/65325at5204.hmm	93558	1574253482	
busco_downloads/lineages/basidiomycota_odb10/hmms/65381at5204.hmm	134478	1574253482	
busco_downloads/lineages/basidiomycota_odb10/hmms/6538at5204.hmm	221432	1574253483	
busco_downloads/lineages/basidiomycota_odb10/hmms/65406at5204.hmm	212597	1574253483	
busco_downloads/lineages/basidiomycota_odb10/hmms/65442at5204.hmm	158193	1574253483	
busco_downloads/lineages/basidiomycota_odb10/hmms/65477at5204.hmm	75887	1574253483	
busco_downloads/lineages/basidiomycota_odb10/hmms/65488at5204.hmm	57288	1574253483	
busco_downloads/lineages/basidiomycota_odb10/hmms/65542at5204.hmm	140988	1574253483	
busco_downloads/lineages/basidiomycota_odb10/hmms/65571at5204.hmm	140988	1574253482	
busco_downloads/lineages/basidiomycota_odb10/hmms/65584at5204.hmm	153542	1574253483	
busco_downloads/lineages/basidiomycota_odb10/hmms/65648at5204.hmm	64263	1574253484	
busco_downloads/lineages/basidiomycota_odb10/hmms/6568at5204.hmm	255377	1574253483	
busco_downloads/lineages/basidiomycota_odb10/hmms/65788at5204.hmm	124713	1574253483	
busco_downloads/lineages/basidiomycota_odb10/hmms/65839at5204.hmm	85188	1574253482	
busco_downloads/lineages/basidiomycota_odb10/hmms/65868at5204.hmm	131223	1574253482	
busco_downloads/lineages/basidiomycota_odb10/hmms/65917at5204.hmm	309783	1574253483	
busco_downloads/lineages/basidiomycota_odb10/hmms/65923at5204.hmm	75888	1574253483	
busco_downloads/lineages/basidiomycota_odb10/hmms/65967at5204.hmm	98673	1574253483	
busco_downloads/lineages/basidiomycota_odb10/hmms/65at5204.hmm	1151430	1574253483	
busco_downloads/lineages/basidiomycota_odb10/hmms/66032at5204.hmm	63333	1574253483	
busco_downloads/lineages/basidiomycota_odb10/hmms/66045at5204.hmm	81933	1574253483	
busco_downloads/lineages/basidiomycota_odb10/hmms/66055at5204.hmm	76352	1574253482	
busco_downloads/lineages/basidiomycota_odb10/hmms/66107at5204.hmm	72168	1574253483	
busco_downloads/lineages/basidiomycota_odb10/hmms/66112at5204.hmm	82398	1574253483	
busco_downloads/lineages/basidiomycota_odb10/hmms/66184at5204.hmm	77283	1574253484	
busco_downloads/lineages/basidiomycota_odb10/hmms/66262at5204.hmm	107043	1574253483	
busco_downloads/lineages/basidiomycota_odb10/hmms/66266at5204.hmm	94488	1574253482	
busco_downloads/lineages/basidiomycota_odb10/hmms/66337at5204.hmm	77282	1574253483	
busco_downloads/lineages/basidiomycota_odb10/hmms/6633at5204.hmm	257702	1574253483	
busco_downloads/lineages/basidiomycota_odb10/hmms/6649at5204.hmm	259097	1574253482	
busco_downloads/lineages/basidiomycota_odb10/hmms/66552at5204.hmm	81467	1574253483	
busco_downloads/lineages/basidiomycota_odb10/hmms/66555at5204.hmm	89837	1574253483	
busco_downloads/lineages/basidiomycota_odb10/hmms/66578at5204.hmm	80538	1574253483	
busco_downloads/lineages/basidiomycota_odb10/hmms/66580at5204.hmm	63333	1574253483	
busco_downloads/lineages/basidiomycota_odb10/hmms/66654at5204.hmm	45662	1574253483	
busco_downloads/lineages/basidiomycota_odb10/hmms/66827at5204.hmm	69843	1574253483	
busco_downloads/lineages/basidiomycota_odb10/hmms/66917at5204.hmm	83328	1574253483	
busco_downloads/lineages/basidiomycota_odb10/hmms/67060at5204.hmm	76352	1574253482	
busco_downloads/lineages/basidiomycota_odb10/hmms/67101at5204.hmm	111693	1574253482	
busco_downloads/lineages/basidiomycota_odb10/hmms/67159at5204.hmm	101462	1574253482	
busco_downloads/lineages/basidiomycota_odb10/hmms/67160at5204.hmm	103788	1574253483	
busco_downloads/lineages/basidiomycota_odb10/hmms/67314at5204.hmm	102391	1574253482	
busco_downloads/lineages/basidiomycota_odb10/hmms/67334at5204.hmm	81468	1574253483	
busco_downloads/lineages/basidiomycota_odb10/hmms/6733at5204.hmm	258631	1574253483	
busco_downloads/lineages/basidiomycota_odb10/hmms/67354at5204.hmm	67517	1574253483	
busco_downloads/lineages/basidiomycota_odb10/hmms/67476at5204.hmm	58683	1574253483	
busco_downloads/lineages/basidiomycota_odb10/hmms/67488at5204.hmm	98208	1574253483	
busco_downloads/lineages/basidiomycota_odb10/hmms/67494at5204.hmm	46592	1574253484	
busco_downloads/lineages/basidiomycota_odb10/hmms/67495at5204.hmm	100997	1574253483	
busco_downloads/lineages/basidiomycota_odb10/hmms/67508at5204.hmm	58218	1574253483	
busco_downloads/lineages/basidiomycota_odb10/hmms/67529at5204.hmm	76818	1574253483	
busco_downloads/lineages/basidiomycota_odb10/hmms/67530at5204.hmm	120528	1574253483	
busco_downloads/lineages/basidiomycota_odb10/hmms/67561at5204.hmm	110297	1574253482	
busco_downloads/lineages/basidiomycota_odb10/hmms/67645at5204.hmm	85188	1574253483	
busco_downloads/lineages/basidiomycota_odb10/hmms/67697at5204.hmm	108437	1574253483	
busco_downloads/lineages/basidiomycota_odb10/hmms/6769at5204.hmm	268397	1574253483	
busco_downloads/lineages/basidiomycota_odb10/hmms/67767at5204.hmm	62868	1574253483	
busco_downloads/lineages/basidiomycota_odb10/hmms/67859at5204.hmm	60078	1574253483	
busco_downloads/lineages/basidiomycota_odb10/hmms/67969at5204.hmm	76353	1574253483	
busco_downloads/lineages/basidiomycota_odb10/hmms/68150at5204.hmm	81003	1574253483	
busco_downloads/lineages/basidiomycota_odb10/hmms/68305at5204.hmm	102393	1574253483	
busco_downloads/lineages/basidiomycota_odb10/hmms/6834at5204.hmm	299551	1574253483	
busco_downloads/lineages/basidiomycota_odb10/hmms/68351at5204.hmm	68913	1574253482	
busco_downloads/lineages/basidiomycota_odb10/hmms/68357at5204.hmm	78678	1574253482	
busco_downloads/lineages/basidiomycota_odb10/hmms/68399at5204.hmm	79143	1574253483	
busco_downloads/lineages/basidiomycota_odb10/hmms/68404at5204.hmm	61473	1574253483	
busco_downloads/lineages/basidiomycota_odb10/hmms/68432at5204.hmm	67982	1574253483	
busco_downloads/lineages/basidiomycota_odb10/hmms/68446at5204.hmm	59148	1574253483	
busco_downloads/lineages/basidiomycota_odb10/hmms/68506at5204.hmm	81933	1574253482	
busco_downloads/lineages/basidiomycota_odb10/hmms/68536at5204.hmm	105183	1574253482	
busco_downloads/lineages/basidiomycota_odb10/hmms/68590at5204.hmm	67518	1574253482	
busco_downloads/lineages/basidiomycota_odb10/hmms/685at5204.hmm	626446	1574253482	
busco_downloads/lineages/basidiomycota_odb10/hmms/68826at5204.hmm	88442	1574253482	
busco_downloads/lineages/basidiomycota_odb10/hmms/68833at5204.hmm	136338	1574253483	
busco_downloads/lineages/basidiomycota_odb10/hmms/68845at5204.hmm	159123	1574253482	
busco_downloads/lineages/basidiomycota_odb10/hmms/68907at5204.hmm	69378	1574253483	
busco_downloads/lineages/basidiomycota_odb10/hmms/68961at5204.hmm	91233	1574253484	
busco_downloads/lineages/basidiomycota_odb10/hmms/69063at5204.hmm	81467	1574253482	
busco_downloads/lineages/basidiomycota_odb10/hmms/6925at5204.hmm	225152	1574253483	
busco_downloads/lineages/basidiomycota_odb10/hmms/69271at5204.hmm	33107	1574253482	
busco_downloads/lineages/basidiomycota_odb10/hmms/69292at5204.hmm	47988	1574253483	
busco_downloads/lineages/basidiomycota_odb10/hmms/69308at5204.hmm	58217	1574253482	
busco_downloads/lineages/basidiomycota_odb10/hmms/69481at5204.hmm	62403	1574253483	
busco_downloads/lineages/basidiomycota_odb10/hmms/69533at5204.hmm	83793	1574253483	
busco_downloads/lineages/basidiomycota_odb10/hmms/69575at5204.hmm	75423	1574253483	
busco_downloads/lineages/basidiomycota_odb10/hmms/69580at5204.hmm	97743	1574253482	
busco_downloads/lineages/basidiomycota_odb10/hmms/6958at5204.hmm	286996	1574253483	
busco_downloads/lineages/basidiomycota_odb10/hmms/6970at5204.hmm	330707	1574253483	
busco_downloads/lineages/basidiomycota_odb10/hmms/6977at5204.hmm	340472	1574253482	
busco_downloads/lineages/basidiomycota_odb10/hmms/69780at5204.hmm	49382	1574253483	
busco_downloads/lineages/basidiomycota_odb10/hmms/69797at5204.hmm	58218	1574253483	
busco_downloads/lineages/basidiomycota_odb10/hmms/69800at5204.hmm	56823	1574253484	
busco_downloads/lineages/basidiomycota_odb10/hmms/69811at5204.hmm	38222	1574253482	
busco_downloads/lineages/basidiomycota_odb10/hmms/69860at5204.hmm	92628	1574253483	
busco_downloads/lineages/basidiomycota_odb10/hmms/69924at5204.hmm	99138	1574253482	
busco_downloads/lineages/basidiomycota_odb10/hmms/69925at5204.hmm	81468	1574253483	
busco_downloads/lineages/basidiomycota_odb10/hmms/69950at5204.hmm	74958	1574253483	
busco_downloads/lineages/basidiomycota_odb10/hmms/69955at5204.hmm	88443	1574253483	
busco_downloads/lineages/basidiomycota_odb10/hmms/6998at5204.hmm	280952	1574253483	
busco_downloads/lineages/basidiomycota_odb10/hmms/70241at5204.hmm	180977	1574253482	
busco_downloads/lineages/basidiomycota_odb10/hmms/70384at5204.hmm	89373	1574253483	
busco_downloads/lineages/basidiomycota_odb10/hmms/70480at5204.hmm	60543	1574253483	
busco_downloads/lineages/basidiomycota_odb10/hmms/70559at5204.hmm	72168	1574253482	
busco_downloads/lineages/basidiomycota_odb10/hmms/70561at5204.hmm	78678	1574253482	
busco_downloads/lineages/basidiomycota_odb10/hmms/7077at5204.hmm	293507	1574253483	
busco_downloads/lineages/basidiomycota_odb10/hmms/7081at5204.hmm	270257	1574253483	
busco_downloads/lineages/basidiomycota_odb10/hmms/70844at5204.hmm	77283	1574253483	
busco_downloads/lineages/basidiomycota_odb10/hmms/70850at5204.hmm	74028	1574253483	
busco_downloads/lineages/basidiomycota_odb10/hmms/7099at5204.hmm	401852	1574253483	
busco_downloads/lineages/basidiomycota_odb10/hmms/71043at5204.hmm	86583	1574253483	
busco_downloads/lineages/basidiomycota_odb10/hmms/71072at5204.hmm	64728	1574253482	
busco_downloads/lineages/basidiomycota_odb10/hmms/71094at5204.hmm	80073	1574253483	
busco_downloads/lineages/basidiomycota_odb10/hmms/71119at5204.hmm	98208	1574253483	
busco_downloads/lineages/basidiomycota_odb10/hmms/71121at5204.hmm	76817	1574253482	
busco_downloads/lineages/basidiomycota_odb10/hmms/71146at5204.hmm	88443	1574253483	
busco_downloads/lineages/basidiomycota_odb10/hmms/71166at5204.hmm	136338	1574253483	
busco_downloads/lineages/basidiomycota_odb10/hmms/71186at5204.hmm	81467	1574253483	
busco_downloads/lineages/basidiomycota_odb10/hmms/71188at5204.hmm	125178	1574253483	
busco_downloads/lineages/basidiomycota_odb10/hmms/71198at5204.hmm	100997	1574253483	
busco_downloads/lineages/basidiomycota_odb10/hmms/7121at5204.hmm	463697	1574253483	
busco_downloads/lineages/basidiomycota_odb10/hmms/7124at5204.hmm	193067	1574253483	
busco_downloads/lineages/basidiomycota_odb10/hmms/7134at5204.hmm	335820	1574253482	
busco_downloads/lineages/basidiomycota_odb10/hmms/71405at5204.hmm	84723	1574253483	
busco_downloads/lineages/basidiomycota_odb10/hmms/71468at5204.hmm	152148	1574253483	
busco_downloads/lineages/basidiomycota_odb10/hmms/71476at5204.hmm	84257	1574253483	
busco_downloads/lineages/basidiomycota_odb10/hmms/71518at5204.hmm	153543	1574253483	
busco_downloads/lineages/basidiomycota_odb10/hmms/71556at5204.hmm	69843	1574253483	
busco_downloads/lineages/basidiomycota_odb10/hmms/71585at5204.hmm	75888	1574253482	
busco_downloads/lineages/basidiomycota_odb10/hmms/71635at5204.hmm	66588	1574253483	
busco_downloads/lineages/basidiomycota_odb10/hmms/7164at5204.hmm	583203	1574253482	
busco_downloads/lineages/basidiomycota_odb10/hmms/71659at5204.hmm	67518	1574253482	
busco_downloads/lineages/basidiomycota_odb10/hmms/71681at5204.hmm	101927	1574253483	
busco_downloads/lineages/basidiomycota_odb10/hmms/71743at5204.hmm	55892	1574253483	
busco_downloads/lineages/basidiomycota_odb10/hmms/71772at5204.hmm	66123	1574253482	
busco_downloads/lineages/basidiomycota_odb10/hmms/71775at5204.hmm	67983	1574253483	
busco_downloads/lineages/basidiomycota_odb10/hmms/71778at5204.hmm	32642	1574253483	
busco_downloads/lineages/basidiomycota_odb10/hmms/71803at5204.hmm	71702	1574253483	
busco_downloads/lineages/basidiomycota_odb10/hmms/71807at5204.hmm	78213	1574253482	
busco_downloads/lineages/basidiomycota_odb10/hmms/71810at5204.hmm	57287	1574253483	
busco_downloads/lineages/basidiomycota_odb10/hmms/71815at5204.hmm	56358	1574253483	
busco_downloads/lineages/basidiomycota_odb10/hmms/71874at5204.hmm	65657	1574253483	
busco_downloads/lineages/basidiomycota_odb10/hmms/71897at5204.hmm	68447	1574253482	
busco_downloads/lineages/basidiomycota_odb10/hmms/7189at5204.hmm	232592	1574253483	
busco_downloads/lineages/basidiomycota_odb10/hmms/71939at5204.hmm	78213	1574253483	
busco_downloads/lineages/basidiomycota_odb10/hmms/72009at5204.hmm	68913	1574253483	
busco_downloads/lineages/basidiomycota_odb10/hmms/72027at5204.hmm	61472	1574253483	
busco_downloads/lineages/basidiomycota_odb10/hmms/72075at5204.hmm	101928	1574253483	
busco_downloads/lineages/basidiomycota_odb10/hmms/72141at5204.hmm	53102	1574253483	
busco_downloads/lineages/basidiomycota_odb10/hmms/7214at5204.hmm	262352	1574253482	
busco_downloads/lineages/basidiomycota_odb10/hmms/72205at5204.hmm	67983	1574253483	
busco_downloads/lineages/basidiomycota_odb10/hmms/72210at5204.hmm	67518	1574253483	
busco_downloads/lineages/basidiomycota_odb10/hmms/72246at5204.hmm	62403	1574253483	
busco_downloads/lineages/basidiomycota_odb10/hmms/72250at5204.hmm	78677	1574253484	
busco_downloads/lineages/basidiomycota_odb10/hmms/72267at5204.hmm	30317	1574253483	
busco_downloads/lineages/basidiomycota_odb10/hmms/72273at5204.hmm	58218	1574253483	
busco_downloads/lineages/basidiomycota_odb10/hmms/7248at5204.hmm	120991	1574253483	
busco_downloads/lineages/basidiomycota_odb10/hmms/72531at5204.hmm	81003	1574253482	
busco_downloads/lineages/basidiomycota_odb10/hmms/7254at5204.hmm	421847	1574253483	
busco_downloads/lineages/basidiomycota_odb10/hmms/72559at5204.hmm	61008	1574253484	
busco_downloads/lineages/basidiomycota_odb10/hmms/72569at5204.hmm	47523	1574253482	
busco_downloads/lineages/basidiomycota_odb10/hmms/72622at5204.hmm	62403	1574253482	
busco_downloads/lineages/basidiomycota_odb10/hmms/72656at5204.hmm	82398	1574253482	
busco_downloads/lineages/basidiomycota_odb10/hmms/72816at5204.hmm	126572	1574253483	
busco_downloads/lineages/basidiomycota_odb10/hmms/72854at5204.hmm	63797	1574253483	
busco_downloads/lineages/basidiomycota_odb10/hmms/72886at5204.hmm	51708	1574253482	
busco_downloads/lineages/basidiomycota_odb10/hmms/72953at5204.hmm	71238	1574253483	
busco_downloads/lineages/basidiomycota_odb10/hmms/72996at5204.hmm	37292	1574253483	
busco_downloads/lineages/basidiomycota_odb10/hmms/73001at5204.hmm	75888	1574253482	
busco_downloads/lineages/basidiomycota_odb10/hmms/73025at5204.hmm	98207	1574253484	
busco_downloads/lineages/basidiomycota_odb10/hmms/73064at5204.hmm	190278	1574253483	
busco_downloads/lineages/basidiomycota_odb10/hmms/73090at5204.hmm	65193	1574253483	
busco_downloads/lineages/basidiomycota_odb10/hmms/7309at5204.hmm	293972	1574253482	
busco_downloads/lineages/basidiomycota_odb10/hmms/73129at5204.hmm	84722	1574253483	
busco_downloads/lineages/basidiomycota_odb10/hmms/73189at5204.hmm	139128	1574253482	
busco_downloads/lineages/basidiomycota_odb10/hmms/73200at5204.hmm	114948	1574253483	
busco_downloads/lineages/basidiomycota_odb10/hmms/73221at5204.hmm	48453	1574253482	
busco_downloads/lineages/basidiomycota_odb10/hmms/73223at5204.hmm	79143	1574253482	
busco_downloads/lineages/basidiomycota_odb10/hmms/73243at5204.hmm	65193	1574253483	
busco_downloads/lineages/basidiomycota_odb10/hmms/73256at5204.hmm	57753	1574253482	
busco_downloads/lineages/basidiomycota_odb10/hmms/73273at5204.hmm	58218	1574253482	
busco_downloads/lineages/basidiomycota_odb10/hmms/73318at5204.hmm	54963	1574253483	
busco_downloads/lineages/basidiomycota_odb10/hmms/7335at5204.hmm	273512	1574253483	
busco_downloads/lineages/basidiomycota_odb10/hmms/73388at5204.hmm	158193	1574253483	
busco_downloads/lineages/basidiomycota_odb10/hmms/73407at5204.hmm	117738	1574253483	
busco_downloads/lineages/basidiomycota_odb10/hmms/73435at5204.hmm	62868	1574253484	
busco_downloads/lineages/basidiomycota_odb10/hmms/73468at5204.hmm	88443	1574253483	
busco_downloads/lineages/basidiomycota_odb10/hmms/73495at5204.hmm	82863	1574253483	
busco_downloads/lineages/basidiomycota_odb10/hmms/7351at5204.hmm	263281	1574253483	
busco_downloads/lineages/basidiomycota_odb10/hmms/73612at5204.hmm	59612	1574253483	
busco_downloads/lineages/basidiomycota_odb10/hmms/73626at5204.hmm	104253	1574253483	
busco_downloads/lineages/basidiomycota_odb10/hmms/73767at5204.hmm	189813	1574253482	
busco_downloads/lineages/basidiomycota_odb10/hmms/73793at5204.hmm	69377	1574253483	
busco_downloads/lineages/basidiomycota_odb10/hmms/73805at5204.hmm	67053	1574253483	
busco_downloads/lineages/basidiomycota_odb10/hmms/7381at5204.hmm	255377	1574253482	
busco_downloads/lineages/basidiomycota_odb10/hmms/7383at5204.hmm	268397	1574253482	
busco_downloads/lineages/basidiomycota_odb10/hmms/73845at5204.hmm	77283	1574253483	
busco_downloads/lineages/basidiomycota_odb10/hmms/73849at5204.hmm	77283	1574253483	
busco_downloads/lineages/basidiomycota_odb10/hmms/7393at5204.hmm	383717	1574253484	
busco_downloads/lineages/basidiomycota_odb10/hmms/73954at5204.hmm	71702	1574253482	
busco_downloads/lineages/basidiomycota_odb10/hmms/73992at5204.hmm	84257	1574253482	
busco_downloads/lineages/basidiomycota_odb10/hmms/74012at5204.hmm	47057	1574253483	
busco_downloads/lineages/basidiomycota_odb10/hmms/74120at5204.hmm	96813	1574253483	
busco_downloads/lineages/basidiomycota_odb10/hmms/74188at5204.hmm	81003	1574253483	
busco_downloads/lineages/basidiomycota_odb10/hmms/74196at5204.hmm	50778	1574253483	
busco_downloads/lineages/basidiomycota_odb10/hmms/74202at5204.hmm	83328	1574253483	
busco_downloads/lineages/basidiomycota_odb10/hmms/74211at5204.hmm	66588	1574253484	
busco_downloads/lineages/basidiomycota_odb10/hmms/74336at5204.hmm	101463	1574253483	
busco_downloads/lineages/basidiomycota_odb10/hmms/74348at5204.hmm	121922	1574253483	
busco_downloads/lineages/basidiomycota_odb10/hmms/74381at5204.hmm	63798	1574253483	
busco_downloads/lineages/basidiomycota_odb10/hmms/74400at5204.hmm	77282	1574253484	
busco_downloads/lineages/basidiomycota_odb10/hmms/74445at5204.hmm	86583	1574253483	
busco_downloads/lineages/basidiomycota_odb10/hmms/74501at5204.hmm	38222	1574253482	
busco_downloads/lineages/basidiomycota_odb10/hmms/74505at5204.hmm	60542	1574253483	
busco_downloads/lineages/basidiomycota_odb10/hmms/74508at5204.hmm	61937	1574253483	
busco_downloads/lineages/basidiomycota_odb10/hmms/74515at5204.hmm	53568	1574253482	
busco_downloads/lineages/basidiomycota_odb10/hmms/74518at5204.hmm	40547	1574253483	
busco_downloads/lineages/basidiomycota_odb10/hmms/74555at5204.hmm	91698	1574253483	
busco_downloads/lineages/basidiomycota_odb10/hmms/74584at5204.hmm	117273	1574253483	
busco_downloads/lineages/basidiomycota_odb10/hmms/74636at5204.hmm	73098	1574253483	
busco_downloads/lineages/basidiomycota_odb10/hmms/74729at5204.hmm	49848	1574253482	
busco_downloads/lineages/basidiomycota_odb10/hmms/74816at5204.hmm	59147	1574253484	
busco_downloads/lineages/basidiomycota_odb10/hmms/74885at5204.hmm	54963	1574253482	
busco_downloads/lineages/basidiomycota_odb10/hmms/74899at5204.hmm	84258	1574253482	
busco_downloads/lineages/basidiomycota_odb10/hmms/74966at5204.hmm	73563	1574253483	
busco_downloads/lineages/basidiomycota_odb10/hmms/7518at5204.hmm	328847	1574253483	
busco_downloads/lineages/basidiomycota_odb10/hmms/75194at5204.hmm	47523	1574253482	
busco_downloads/lineages/basidiomycota_odb10/hmms/75218at5204.hmm	86117	1574253483	
busco_downloads/lineages/basidiomycota_odb10/hmms/75226at5204.hmm	75887	1574253483	
busco_downloads/lineages/basidiomycota_odb10/hmms/75341at5204.hmm	37757	1574253482	
busco_downloads/lineages/basidiomycota_odb10/hmms/7534at5204.hmm	278627	1574253483	
busco_downloads/lineages/basidiomycota_odb10/hmms/75418at5204.hmm	207483	1574253483	
busco_downloads/lineages/basidiomycota_odb10/hmms/75422at5204.hmm	152613	1574253482	
busco_downloads/lineages/basidiomycota_odb10/hmms/75533at5204.hmm	55428	1574253482	
busco_downloads/lineages/basidiomycota_odb10/hmms/7567at5204.hmm	253050	1574253482	
busco_downloads/lineages/basidiomycota_odb10/hmms/75731at5204.hmm	111228	1574253483	
busco_downloads/lineages/basidiomycota_odb10/hmms/75742at5204.hmm	53102	1574253483	
busco_downloads/lineages/basidiomycota_odb10/hmms/75781at5204.hmm	51243	1574253483	
busco_downloads/lineages/basidiomycota_odb10/hmms/75817at5204.hmm	51243	1574253482	
busco_downloads/lineages/basidiomycota_odb10/hmms/7582at5204.hmm	334891	1574253483	
busco_downloads/lineages/basidiomycota_odb10/hmms/75894at5204.hmm	68448	1574253482	
busco_downloads/lineages/basidiomycota_odb10/hmms/75911at5204.hmm	82398	1574253483	
busco_downloads/lineages/basidiomycota_odb10/hmms/75931at5204.hmm	57288	1574253483	
busco_downloads/lineages/basidiomycota_odb10/hmms/75944at5204.hmm	54963	1574253482	
busco_downloads/lineages/basidiomycota_odb10/hmms/75945at5204.hmm	66588	1574253482	
busco_downloads/lineages/basidiomycota_odb10/hmms/75956at5204.hmm	54963	1574253482	
busco_downloads/lineages/basidiomycota_odb10/hmms/75970at5204.hmm	46127	1574253484	
busco_downloads/lineages/basidiomycota_odb10/hmms/76087at5204.hmm	80073	1574253483	
busco_downloads/lineages/basidiomycota_odb10/hmms/76266at5204.hmm	57753	1574253484	
busco_downloads/lineages/basidiomycota_odb10/hmms/76326at5204.hmm	47988	1574253482	
busco_downloads/lineages/basidiomycota_odb10/hmms/76353at5204.hmm	58683	1574253483	
busco_downloads/lineages/basidiomycota_odb10/hmms/76416at5204.hmm	108903	1574253483	
busco_downloads/lineages/basidiomycota_odb10/hmms/76437at5204.hmm	75423	1574253483	
busco_downloads/lineages/basidiomycota_odb10/hmms/76457at5204.hmm	91698	1574253483	
busco_downloads/lineages/basidiomycota_odb10/hmms/76574at5204.hmm	28922	1574253483	
busco_downloads/lineages/basidiomycota_odb10/hmms/76586at5204.hmm	50313	1574253482	
busco_downloads/lineages/basidiomycota_odb10/hmms/76596at5204.hmm	66123	1574253483	
busco_downloads/lineages/basidiomycota_odb10/hmms/7660at5204.hmm	313502	1574253482	
busco_downloads/lineages/basidiomycota_odb10/hmms/76643at5204.hmm	47057	1574253483	
busco_downloads/lineages/basidiomycota_odb10/hmms/7667at5204.hmm	257236	1574253483	
busco_downloads/lineages/basidiomycota_odb10/hmms/76799at5204.hmm	47988	1574253483	
busco_downloads/lineages/basidiomycota_odb10/hmms/76833at5204.hmm	71238	1574253483	
busco_downloads/lineages/basidiomycota_odb10/hmms/76886at5204.hmm	76353	1574253483	
busco_downloads/lineages/basidiomycota_odb10/hmms/76891at5204.hmm	90767	1574253483	
busco_downloads/lineages/basidiomycota_odb10/hmms/76934at5204.hmm	53103	1574253484	
busco_downloads/lineages/basidiomycota_odb10/hmms/76963at5204.hmm	76353	1574253482	
busco_downloads/lineages/basidiomycota_odb10/hmms/7704at5204.hmm	424172	1574253484	
busco_downloads/lineages/basidiomycota_odb10/hmms/7707at5204.hmm	224222	1574253483	
busco_downloads/lineages/basidiomycota_odb10/hmms/77208at5204.hmm	96348	1574253483	
busco_downloads/lineages/basidiomycota_odb10/hmms/77277at5204.hmm	97278	1574253483	
busco_downloads/lineages/basidiomycota_odb10/hmms/77301at5204.hmm	58218	1574253483	
busco_downloads/lineages/basidiomycota_odb10/hmms/77310at5204.hmm	88443	1574253484	
busco_downloads/lineages/basidiomycota_odb10/hmms/77331at5204.hmm	47057	1574253484	
busco_downloads/lineages/basidiomycota_odb10/hmms/77355at5204.hmm	160983	1574253483	
busco_downloads/lineages/basidiomycota_odb10/hmms/77472at5204.hmm	62403	1574253483	
busco_downloads/lineages/basidiomycota_odb10/hmms/77540at5204.hmm	80072	1574253484	
busco_downloads/lineages/basidiomycota_odb10/hmms/77556at5204.hmm	74958	1574253482	
busco_downloads/lineages/basidiomycota_odb10/hmms/7759at5204.hmm	257702	1574253483	
busco_downloads/lineages/basidiomycota_odb10/hmms/77630at5204.hmm	74958	1574253483	
busco_downloads/lineages/basidiomycota_odb10/hmms/77827at5204.hmm	64262	1574253483	
busco_downloads/lineages/basidiomycota_odb10/hmms/77980at5204.hmm	53103	1574253483	
busco_downloads/lineages/basidiomycota_odb10/hmms/77998at5204.hmm	62868	1574253483	
busco_downloads/lineages/basidiomycota_odb10/hmms/78084at5204.hmm	63798	1574253483	
busco_downloads/lineages/basidiomycota_odb10/hmms/78121at5204.hmm	55428	1574253482	
busco_downloads/lineages/basidiomycota_odb10/hmms/7813at5204.hmm	250262	1574253483	
busco_downloads/lineages/basidiomycota_odb10/hmms/78149at5204.hmm	46591	1574253483	
busco_downloads/lineages/basidiomycota_odb10/hmms/78264at5204.hmm	40546	1574253483	
busco_downloads/lineages/basidiomycota_odb10/hmms/78266at5204.hmm	62868	1574253483	
busco_downloads/lineages/basidiomycota_odb10/hmms/78276at5204.hmm	38222	1574253483	
busco_downloads/lineages/basidiomycota_odb10/hmms/78277at5204.hmm	49847	1574253483	
busco_downloads/lineages/basidiomycota_odb10/hmms/78362at5204.hmm	76353	1574253483	
busco_downloads/lineages/basidiomycota_odb10/hmms/78457at5204.hmm	153543	1574253483	
busco_downloads/lineages/basidiomycota_odb10/hmms/78459at5204.hmm	81003	1574253482	
busco_downloads/lineages/basidiomycota_odb10/hmms/78740at5204.hmm	71703	1574253483	
busco_downloads/lineages/basidiomycota_odb10/hmms/78811at5204.hmm	50778	1574253482	
busco_downloads/lineages/basidiomycota_odb10/hmms/78870at5204.hmm	90303	1574253482	
busco_downloads/lineages/basidiomycota_odb10/hmms/78928at5204.hmm	43802	1574253482	
busco_downloads/lineages/basidiomycota_odb10/hmms/78931at5204.hmm	49382	1574253483	
busco_downloads/lineages/basidiomycota_odb10/hmms/78967at5204.hmm	60078	1574253482	
busco_downloads/lineages/basidiomycota_odb10/hmms/79090at5204.hmm	52638	1574253484	
busco_downloads/lineages/basidiomycota_odb10/hmms/79192at5204.hmm	108902	1574253483	
busco_downloads/lineages/basidiomycota_odb10/hmms/79290at5204.hmm	41012	1574253482	
busco_downloads/lineages/basidiomycota_odb10/hmms/79305at5204.hmm	50777	1574253482	
busco_downloads/lineages/basidiomycota_odb10/hmms/79319at5204.hmm	54033	1574253483	
busco_downloads/lineages/basidiomycota_odb10/hmms/79322at5204.hmm	50313	1574253483	
busco_downloads/lineages/basidiomycota_odb10/hmms/79352at5204.hmm	61938	1574253483	
busco_downloads/lineages/basidiomycota_odb10/hmms/79358at5204.hmm	73097	1574253483	
busco_downloads/lineages/basidiomycota_odb10/hmms/79371at5204.hmm	57287	1574253483	
busco_downloads/lineages/basidiomycota_odb10/hmms/793at5204.hmm	329776	1574253483	
busco_downloads/lineages/basidiomycota_odb10/hmms/7950at5204.hmm	264212	1574253482	
busco_downloads/lineages/basidiomycota_odb10/hmms/79566at5204.hmm	72168	1574253484	
busco_downloads/lineages/basidiomycota_odb10/hmms/79567at5204.hmm	54963	1574253483	
busco_downloads/lineages/basidiomycota_odb10/hmms/79579at5204.hmm	59148	1574253483	
busco_downloads/lineages/basidiomycota_odb10/hmms/79594at5204.hmm	66588	1574253483	
busco_downloads/lineages/basidiomycota_odb10/hmms/7959at5204.hmm	240496	1574253482	
busco_downloads/lineages/basidiomycota_odb10/hmms/79712at5204.hmm	66588	1574253482	
busco_downloads/lineages/basidiomycota_odb10/hmms/7972at5204.hmm	263282	1574253483	
busco_downloads/lineages/basidiomycota_odb10/hmms/79806at5204.hmm	53103	1574253482	
busco_downloads/lineages/basidiomycota_odb10/hmms/79812at5204.hmm	53568	1574253482	
busco_downloads/lineages/basidiomycota_odb10/hmms/79824at5204.hmm	68448	1574253482	
busco_downloads/lineages/basidiomycota_odb10/hmms/7982at5204.hmm	196322	1574253483	
busco_downloads/lineages/basidiomycota_odb10/hmms/79949at5204.hmm	67518	1574253483	
busco_downloads/lineages/basidiomycota_odb10/hmms/79970at5204.hmm	56358	1574253483	
busco_downloads/lineages/basidiomycota_odb10/hmms/80005at5204.hmm	60078	1574253482	
busco_downloads/lineages/basidiomycota_odb10/hmms/80059at5204.hmm	76353	1574253483	
busco_downloads/lineages/basidiomycota_odb10/hmms/80241at5204.hmm	36362	1574253483	
busco_downloads/lineages/basidiomycota_odb10/hmms/80301at5204.hmm	67983	1574253482	
busco_downloads/lineages/basidiomycota_odb10/hmms/80314at5204.hmm	54033	1574253483	
busco_downloads/lineages/basidiomycota_odb10/hmms/8033at5204.hmm	98207	1574253482	
busco_downloads/lineages/basidiomycota_odb10/hmms/80406at5204.hmm	94488	1574253482	
busco_downloads/lineages/basidiomycota_odb10/hmms/80463at5204.hmm	60077	1574253483	
busco_downloads/lineages/basidiomycota_odb10/hmms/80464at5204.hmm	59148	1574253482	
busco_downloads/lineages/basidiomycota_odb10/hmms/80465at5204.hmm	58683	1574253483	
busco_downloads/lineages/basidiomycota_odb10/hmms/80481at5204.hmm	77282	1574253483	
busco_downloads/lineages/basidiomycota_odb10/hmms/8050at5204.hmm	261421	1574253484	
busco_downloads/lineages/basidiomycota_odb10/hmms/8056at5204.hmm	271187	1574253483	
busco_downloads/lineages/basidiomycota_odb10/hmms/80644at5204.hmm	61008	1574253482	
busco_downloads/lineages/basidiomycota_odb10/hmms/80683at5204.hmm	73097	1574253482	
busco_downloads/lineages/basidiomycota_odb10/hmms/80684at5204.hmm	44732	1574253483	
busco_downloads/lineages/basidiomycota_odb10/hmms/80702at5204.hmm	67053	1574253483	
busco_downloads/lineages/basidiomycota_odb10/hmms/80810at5204.hmm	97277	1574253484	
busco_downloads/lineages/basidiomycota_odb10/hmms/80846at5204.hmm	48918	1574253482	
busco_downloads/lineages/basidiomycota_odb10/hmms/80853at5204.hmm	40546	1574253483	
busco_downloads/lineages/basidiomycota_odb10/hmms/80859at5204.hmm	49383	1574253484	
busco_downloads/lineages/basidiomycota_odb10/hmms/80956at5204.hmm	61937	1574253482	
busco_downloads/lineages/basidiomycota_odb10/hmms/80978at5204.hmm	81933	1574253482	
busco_downloads/lineages/basidiomycota_odb10/hmms/81006at5204.hmm	46127	1574253482	
busco_downloads/lineages/basidiomycota_odb10/hmms/81050at5204.hmm	47523	1574253484	
busco_downloads/lineages/basidiomycota_odb10/hmms/81083at5204.hmm	62403	1574253483	
busco_downloads/lineages/basidiomycota_odb10/hmms/81138at5204.hmm	81933	1574253483	
busco_downloads/lineages/basidiomycota_odb10/hmms/81222at5204.hmm	19622	1574253483	
busco_downloads/lineages/basidiomycota_odb10/hmms/81293at5204.hmm	49383	1574253483	
busco_downloads/lineages/basidiomycota_odb10/hmms/81312at5204.hmm	58218	1574253483	
busco_downloads/lineages/basidiomycota_odb10/hmms/81347at5204.hmm	35432	1574253483	
busco_downloads/lineages/basidiomycota_odb10/hmms/8155at5204.hmm	225616	1574253483	
busco_downloads/lineages/basidiomycota_odb10/hmms/81641at5204.hmm	54963	1574253482	
busco_downloads/lineages/basidiomycota_odb10/hmms/81669at5204.hmm	46592	1574253482	
busco_downloads/lineages/basidiomycota_odb10/hmms/81732at5204.hmm	77283	1574253483	
busco_downloads/lineages/basidiomycota_odb10/hmms/817at5204.hmm	527867	1574253482	
busco_downloads/lineages/basidiomycota_odb10/hmms/81861at5204.hmm	27061	1574253483	
busco_downloads/lineages/basidiomycota_odb10/hmms/8192at5204.hmm	254445	1574253483	
busco_downloads/lineages/basidiomycota_odb10/hmms/82066at5204.hmm	92627	1574253483	
busco_downloads/lineages/basidiomycota_odb10/hmms/82127at5204.hmm	41477	1574253482	
busco_downloads/lineages/basidiomycota_odb10/hmms/82138at5204.hmm	58681	1574253483	
busco_downloads/lineages/basidiomycota_odb10/hmms/82187at5204.hmm	63798	1574253483	
busco_downloads/lineages/basidiomycota_odb10/hmms/82285at5204.hmm	142848	1574253483	
busco_downloads/lineages/basidiomycota_odb10/hmms/82302at5204.hmm	151218	1574253483	
busco_downloads/lineages/basidiomycota_odb10/hmms/82328at5204.hmm	44731	1574253482	
busco_downloads/lineages/basidiomycota_odb10/hmms/82373at5204.hmm	58217	1574253483	
busco_downloads/lineages/basidiomycota_odb10/hmms/8251at5204.hmm	382322	1574253483	
busco_downloads/lineages/basidiomycota_odb10/hmms/82529at5204.hmm	62403	1574253484	
busco_downloads/lineages/basidiomycota_odb10/hmms/82547at5204.hmm	57752	1574253483	
busco_downloads/lineages/basidiomycota_odb10/hmms/82589at5204.hmm	49383	1574253483	
busco_downloads/lineages/basidiomycota_odb10/hmms/82733at5204.hmm	44267	1574253483	
busco_downloads/lineages/basidiomycota_odb10/hmms/82741at5204.hmm	53103	1574253483	
busco_downloads/lineages/basidiomycota_odb10/hmms/82865at5204.hmm	47988	1574253483	
busco_downloads/lineages/basidiomycota_odb10/hmms/8286at5204.hmm	459047	1574253483	
busco_downloads/lineages/basidiomycota_odb10/hmms/82877at5204.hmm	47988	1574253484	
busco_downloads/lineages/basidiomycota_odb10/hmms/82892at5204.hmm	43802	1574253483	
busco_downloads/lineages/basidiomycota_odb10/hmms/82899at5204.hmm	35897	1574253483	
busco_downloads/lineages/basidiomycota_odb10/hmms/82910at5204.hmm	41012	1574253482	
busco_downloads/lineages/basidiomycota_odb10/hmms/83144at5204.hmm	104253	1574253483	
busco_downloads/lineages/basidiomycota_odb10/hmms/83167at5204.hmm	339542	1574253483	
busco_downloads/lineages/basidiomycota_odb10/hmms/83384at5204.hmm	44731	1574253483	
busco_downloads/lineages/basidiomycota_odb10/hmms/83433at5204.hmm	51243	1574253483	
busco_downloads/lineages/basidiomycota_odb10/hmms/83434at5204.hmm	42407	1574253483	
busco_downloads/lineages/basidiomycota_odb10/hmms/83548at5204.hmm	40081	1574253483	
busco_downloads/lineages/basidiomycota_odb10/hmms/83584at5204.hmm	45661	1574253483	
busco_downloads/lineages/basidiomycota_odb10/hmms/83598at5204.hmm	41940	1574253482	
busco_downloads/lineages/basidiomycota_odb10/hmms/8374at5204.hmm	251657	1574253483	
busco_downloads/lineages/basidiomycota_odb10/hmms/83788at5204.hmm	55893	1574253482	
busco_downloads/lineages/basidiomycota_odb10/hmms/83862at5204.hmm	55427	1574253483	
busco_downloads/lineages/basidiomycota_odb10/hmms/83887at5204.hmm	65658	1574253483	
busco_downloads/lineages/basidiomycota_odb10/hmms/83888at5204.hmm	83793	1574253482	
busco_downloads/lineages/basidiomycota_odb10/hmms/83889at5204.hmm	51243	1574253483	
busco_downloads/lineages/basidiomycota_odb10/hmms/838at5204.hmm	794312	1574253483	
busco_downloads/lineages/basidiomycota_odb10/hmms/84200at5204.hmm	40082	1574253483	
busco_downloads/lineages/basidiomycota_odb10/hmms/84235at5204.hmm	75887	1574253483	
busco_downloads/lineages/basidiomycota_odb10/hmms/84248at5204.hmm	33572	1574253483	
busco_downloads/lineages/basidiomycota_odb10/hmms/8458at5204.hmm	245147	1574253482	
busco_downloads/lineages/basidiomycota_odb10/hmms/845at5204.hmm	711077	1574253482	
busco_downloads/lineages/basidiomycota_odb10/hmms/84632at5204.hmm	47523	1574253482	
busco_downloads/lineages/basidiomycota_odb10/hmms/84708at5204.hmm	43802	1574253483	
busco_downloads/lineages/basidiomycota_odb10/hmms/84878at5204.hmm	46592	1574253483	
busco_downloads/lineages/basidiomycota_odb10/hmms/84890at5204.hmm	44731	1574253483	
busco_downloads/lineages/basidiomycota_odb10/hmms/84942at5204.hmm	74028	1574253483	
busco_downloads/lineages/basidiomycota_odb10/hmms/84960at5204.hmm	47523	1574253482	
busco_downloads/lineages/basidiomycota_odb10/hmms/84976at5204.hmm	78678	1574253483	
busco_downloads/lineages/basidiomycota_odb10/hmms/84983at5204.hmm	58683	1574253482	
busco_downloads/lineages/basidiomycota_odb10/hmms/85002at5204.hmm	50778	1574253483	
busco_downloads/lineages/basidiomycota_odb10/hmms/85083at5204.hmm	43337	1574253482	
busco_downloads/lineages/basidiomycota_odb10/hmms/85111at5204.hmm	60543	1574253483	
busco_downloads/lineages/basidiomycota_odb10/hmms/85269at5204.hmm	106112	1574253483	
busco_downloads/lineages/basidiomycota_odb10/hmms/85397at5204.hmm	67052	1574253482	
busco_downloads/lineages/basidiomycota_odb10/hmms/8540at5204.hmm	260492	1574253483	
busco_downloads/lineages/basidiomycota_odb10/hmms/85463at5204.hmm	33107	1574253482	
busco_downloads/lineages/basidiomycota_odb10/hmms/85469at5204.hmm	43802	1574253482	
busco_downloads/lineages/basidiomycota_odb10/hmms/85474at5204.hmm	45662	1574253483	
busco_downloads/lineages/basidiomycota_odb10/hmms/85486at5204.hmm	36362	1574253483	
busco_downloads/lineages/basidiomycota_odb10/hmms/85524at5204.hmm	44732	1574253483	
busco_downloads/lineages/basidiomycota_odb10/hmms/85607at5204.hmm	68448	1574253483	
busco_downloads/lineages/basidiomycota_odb10/hmms/85624at5204.hmm	38222	1574253483	
busco_downloads/lineages/basidiomycota_odb10/hmms/85667at5204.hmm	26597	1574253483	
busco_downloads/lineages/basidiomycota_odb10/hmms/85668at5204.hmm	37292	1574253483	
busco_downloads/lineages/basidiomycota_odb10/hmms/85672at5204.hmm	47988	1574253482	
busco_downloads/lineages/basidiomycota_odb10/hmms/85797at5204.hmm	45197	1574253483	
busco_downloads/lineages/basidiomycota_odb10/hmms/85824at5204.hmm	37292	1574253483	
busco_downloads/lineages/basidiomycota_odb10/hmms/85866at5204.hmm	66588	1574253483	
busco_downloads/lineages/basidiomycota_odb10/hmms/85945at5204.hmm	46591	1574253483	
busco_downloads/lineages/basidiomycota_odb10/hmms/85963at5204.hmm	46592	1574253483	
busco_downloads/lineages/basidiomycota_odb10/hmms/859at5204.hmm	436260	1574253483	
busco_downloads/lineages/basidiomycota_odb10/hmms/86094at5204.hmm	46592	1574253483	
busco_downloads/lineages/basidiomycota_odb10/hmms/86123at5204.hmm	61007	1574253483	
busco_downloads/lineages/basidiomycota_odb10/hmms/86131at5204.hmm	34502	1574253482	
busco_downloads/lineages/basidiomycota_odb10/hmms/86173at5204.hmm	77747	1574253482	
busco_downloads/lineages/basidiomycota_odb10/hmms/86244at5204.hmm	63333	1574253483	
busco_downloads/lineages/basidiomycota_odb10/hmms/86280at5204.hmm	145172	1574253483	
busco_downloads/lineages/basidiomycota_odb10/hmms/86306at5204.hmm	48453	1574253483	
busco_downloads/lineages/basidiomycota_odb10/hmms/86449at5204.hmm	33106	1574253483	
busco_downloads/lineages/basidiomycota_odb10/hmms/86477at5204.hmm	54033	1574253482	
busco_downloads/lineages/basidiomycota_odb10/hmms/86499at5204.hmm	56823	1574253482	
busco_downloads/lineages/basidiomycota_odb10/hmms/86559at5204.hmm	67518	1574253483	
busco_downloads/lineages/basidiomycota_odb10/hmms/86665at5204.hmm	65658	1574253482	
busco_downloads/lineages/basidiomycota_odb10/hmms/86694at5204.hmm	65193	1574253482	
busco_downloads/lineages/basidiomycota_odb10/hmms/86723at5204.hmm	45662	1574253483	
busco_downloads/lineages/basidiomycota_odb10/hmms/86750at5204.hmm	54498	1574253483	
busco_downloads/lineages/basidiomycota_odb10/hmms/86780at5204.hmm	43337	1574253482	
busco_downloads/lineages/basidiomycota_odb10/hmms/86977at5204.hmm	47523	1574253483	
busco_downloads/lineages/basidiomycota_odb10/hmms/86984at5204.hmm	27992	1574253482	
busco_downloads/lineages/basidiomycota_odb10/hmms/87047at5204.hmm	151218	1574253483	
busco_downloads/lineages/basidiomycota_odb10/hmms/87069at5204.hmm	34966	1574253483	
busco_downloads/lineages/basidiomycota_odb10/hmms/8706at5204.hmm	285601	1574253483	
busco_downloads/lineages/basidiomycota_odb10/hmms/87075at5204.hmm	40547	1574253484	
busco_downloads/lineages/basidiomycota_odb10/hmms/87136at5204.hmm	44732	1574253482	
busco_downloads/lineages/basidiomycota_odb10/hmms/87178at5204.hmm	45662	1574253483	
busco_downloads/lineages/basidiomycota_odb10/hmms/87294at5204.hmm	30781	1574253483	
busco_downloads/lineages/basidiomycota_odb10/hmms/87309at5204.hmm	40547	1574253482	
busco_downloads/lineages/basidiomycota_odb10/hmms/87313at5204.hmm	34037	1574253482	
busco_downloads/lineages/basidiomycota_odb10/hmms/87526at5204.hmm	51708	1574253482	
busco_downloads/lineages/basidiomycota_odb10/hmms/8758at5204.hmm	209342	1574253483	
busco_downloads/lineages/basidiomycota_odb10/hmms/87797at5204.hmm	40081	1574253483	
busco_downloads/lineages/basidiomycota_odb10/hmms/877at5204.hmm	517172	1574253484	
busco_downloads/lineages/basidiomycota_odb10/hmms/87848at5204.hmm	68448	1574253483	
busco_downloads/lineages/basidiomycota_odb10/hmms/87970at5204.hmm	44732	1574253483	
busco_downloads/lineages/basidiomycota_odb10/hmms/88002at5204.hmm	59613	1574253482	
busco_downloads/lineages/basidiomycota_odb10/hmms/88056at5204.hmm	139128	1574253483	
busco_downloads/lineages/basidiomycota_odb10/hmms/88251at5204.hmm	68913	1574253483	
busco_downloads/lineages/basidiomycota_odb10/hmms/88307at5204.hmm	45662	1574253483	
busco_downloads/lineages/basidiomycota_odb10/hmms/88390at5204.hmm	34037	1574253484	
busco_downloads/lineages/basidiomycota_odb10/hmms/88404at5204.hmm	36362	1574253482	
busco_downloads/lineages/basidiomycota_odb10/hmms/88418at5204.hmm	54962	1574253483	
busco_downloads/lineages/basidiomycota_odb10/hmms/88421at5204.hmm	45197	1574253483	
busco_downloads/lineages/basidiomycota_odb10/hmms/88422at5204.hmm	53103	1574253482	
busco_downloads/lineages/basidiomycota_odb10/hmms/8845at5204.hmm	286067	1574253482	
busco_downloads/lineages/basidiomycota_odb10/hmms/8851at5204.hmm	227942	1574253483	
busco_downloads/lineages/basidiomycota_odb10/hmms/88649at5204.hmm	51243	1574253482	
busco_downloads/lineages/basidiomycota_odb10/hmms/88660at5204.hmm	86118	1574253482	
busco_downloads/lineages/basidiomycota_odb10/hmms/88842at5204.hmm	55893	1574253483	
busco_downloads/lineages/basidiomycota_odb10/hmms/88942at5204.hmm	33572	1574253483	
busco_downloads/lineages/basidiomycota_odb10/hmms/8895at5204.hmm	331637	1574253483	
busco_downloads/lineages/basidiomycota_odb10/hmms/88985at5204.hmm	34966	1574253483	
busco_downloads/lineages/basidiomycota_odb10/hmms/89275at5204.hmm	36827	1574253483	
busco_downloads/lineages/basidiomycota_odb10/hmms/89408at5204.hmm	91698	1574253483	
busco_downloads/lineages/basidiomycota_odb10/hmms/89699at5204.hmm	75423	1574253483	
busco_downloads/lineages/basidiomycota_odb10/hmms/89776at5204.hmm	27062	1574253483	
busco_downloads/lineages/basidiomycota_odb10/hmms/8977at5204.hmm	277697	1574253483	
busco_downloads/lineages/basidiomycota_odb10/hmms/89780at5204.hmm	29851	1574253484	
busco_downloads/lineages/basidiomycota_odb10/hmms/89811at5204.hmm	43336	1574253483	
busco_downloads/lineages/basidiomycota_odb10/hmms/9007at5204.hmm	241892	1574253482	
busco_downloads/lineages/basidiomycota_odb10/hmms/90152at5204.hmm	26597	1574253484	
busco_downloads/lineages/basidiomycota_odb10/hmms/90166at5204.hmm	22877	1574253483	
busco_downloads/lineages/basidiomycota_odb10/hmms/90170at5204.hmm	35897	1574253483	
busco_downloads/lineages/basidiomycota_odb10/hmms/90173at5204.hmm	40547	1574253483	
busco_downloads/lineages/basidiomycota_odb10/hmms/9024at5204.hmm	418591	1574253483	
busco_downloads/lineages/basidiomycota_odb10/hmms/90278at5204.hmm	28457	1574253483	
busco_downloads/lineages/basidiomycota_odb10/hmms/90285at5204.hmm	34036	1574253482	
busco_downloads/lineages/basidiomycota_odb10/hmms/90291at5204.hmm	33107	1574253483	
busco_downloads/lineages/basidiomycota_odb10/hmms/90309at5204.hmm	56358	1574253484	
busco_downloads/lineages/basidiomycota_odb10/hmms/9033at5204.hmm	234916	1574253484	
busco_downloads/lineages/basidiomycota_odb10/hmms/90406at5204.hmm	27062	1574253484	
busco_downloads/lineages/basidiomycota_odb10/hmms/90454at5204.hmm	82397	1574253482	
busco_downloads/lineages/basidiomycota_odb10/hmms/90553at5204.hmm	54033	1574253483	
busco_downloads/lineages/basidiomycota_odb10/hmms/90710at5204.hmm	26596	1574253482	
busco_downloads/lineages/basidiomycota_odb10/hmms/91035at5204.hmm	34967	1574253483	
busco_downloads/lineages/basidiomycota_odb10/hmms/91060at5204.hmm	55893	1574253483	
busco_downloads/lineages/basidiomycota_odb10/hmms/91085at5204.hmm	81932	1574253483	
busco_downloads/lineages/basidiomycota_odb10/hmms/91303at5204.hmm	36827	1574253483	
busco_downloads/lineages/basidiomycota_odb10/hmms/91312at5204.hmm	33572	1574253482	
busco_downloads/lineages/basidiomycota_odb10/hmms/91324at5204.hmm	42407	1574253483	
busco_downloads/lineages/basidiomycota_odb10/hmms/91425at5204.hmm	31711	1574253484	
busco_downloads/lineages/basidiomycota_odb10/hmms/91437at5204.hmm	42872	1574253484	
busco_downloads/lineages/basidiomycota_odb10/hmms/91722at5204.hmm	44732	1574253484	
busco_downloads/lineages/basidiomycota_odb10/hmms/9213at5204.hmm	347447	1574253483	
busco_downloads/lineages/basidiomycota_odb10/hmms/92328at5204.hmm	78213	1574253483	
busco_downloads/lineages/basidiomycota_odb10/hmms/9237at5204.hmm	242822	1574253483	
busco_downloads/lineages/basidiomycota_odb10/hmms/92418at5204.hmm	46592	1574253483	
busco_downloads/lineages/basidiomycota_odb10/hmms/92430at5204.hmm	31247	1574253484	
busco_downloads/lineages/basidiomycota_odb10/hmms/9248at5204.hmm	205157	1574253483	
busco_downloads/lineages/basidiomycota_odb10/hmms/9250at5204.hmm	151682	1574253484	
busco_downloads/lineages/basidiomycota_odb10/hmms/92511at5204.hmm	39152	1574253483	
busco_downloads/lineages/basidiomycota_odb10/hmms/9251at5204.hmm	277231	1574253483	
busco_downloads/lineages/basidiomycota_odb10/hmms/92565at5204.hmm	25202	1574253483	
busco_downloads/lineages/basidiomycota_odb10/hmms/92806at5204.hmm	39152	1574253483	
busco_downloads/lineages/basidiomycota_odb10/hmms/92975at5204.hmm	37292	1574253482	
busco_downloads/lineages/basidiomycota_odb10/hmms/92986at5204.hmm	25202	1574253483	
busco_downloads/lineages/basidiomycota_odb10/hmms/93248at5204.hmm	28922	1574253483	
busco_downloads/lineages/basidiomycota_odb10/hmms/93591at5204.hmm	30782	1574253483	
busco_downloads/lineages/basidiomycota_odb10/hmms/93674at5204.hmm	46592	1574253483	
busco_downloads/lineages/basidiomycota_odb10/hmms/9434at5204.hmm	274907	1574253482	
busco_downloads/lineages/basidiomycota_odb10/hmms/9439at5204.hmm	319547	1574253483	
busco_downloads/lineages/basidiomycota_odb10/hmms/9466at5204.hmm	266537	1574253483	
busco_downloads/lineages/basidiomycota_odb10/hmms/9486at5204.hmm	263747	1574253483	
busco_downloads/lineages/basidiomycota_odb10/hmms/9490at5204.hmm	336752	1574253483	
busco_downloads/lineages/basidiomycota_odb10/hmms/9531at5204.hmm	269327	1574253483	
busco_downloads/lineages/basidiomycota_odb10/hmms/95538at5204.hmm	44267	1574253483	
busco_downloads/lineages/basidiomycota_odb10/hmms/95640at5204.hmm	33571	1574253484	
busco_downloads/lineages/basidiomycota_odb10/hmms/9568at5204.hmm	268860	1574253484	
busco_downloads/lineages/basidiomycota_odb10/hmms/9634at5204.hmm	198181	1574253483	
busco_downloads/lineages/basidiomycota_odb10/hmms/9664at5204.hmm	256307	1574253483	
busco_downloads/lineages/basidiomycota_odb10/hmms/9685at5204.hmm	240031	1574253483	
busco_downloads/lineages/basidiomycota_odb10/hmms/9706at5204.hmm	222362	1574253483	
busco_downloads/lineages/basidiomycota_odb10/hmms/972at5204.hmm	568786	1574253483	
busco_downloads/lineages/basidiomycota_odb10/hmms/9792at5204.hmm	202831	1574253483	
busco_downloads/lineages/basidiomycota_odb10/hmms/9801at5204.hmm	339076	1574253482	
busco_downloads/lineages/basidiomycota_odb10/hmms/981at5204.hmm	329311	1574253482	
busco_downloads/lineages/basidiomycota_odb10/hmms/9850at5204.hmm	349772	1574253483	
busco_downloads/lineages/basidiomycota_odb10/hmms/9853at5204.hmm	240962	1574253484	
busco_downloads/lineages/basidiomycota_odb10/hmms/9874at5204.hmm	275372	1574253483	
busco_downloads/lineages/basidiomycota_odb10/hmms/98at5204.hmm	905911	1574253483	
busco_downloads/lineages/basidiomycota_odb10/hmms/9909at5204.hmm	321872	1574253482	
busco_downloads/lineages/basidiomycota_odb10/hmms/9944at5204.hmm	234917	1574253483	
busco_downloads/lineages/basidiomycota_odb10/hmms/9951at5204.hmm	276767	1574253482	
busco_downloads/lineages/basidiomycota_odb10/hmms/9974at5204.hmm	157262	1574253483	
busco_downloads/lineages/basidiomycota_odb10/info/ogs.id.info	6388060	1574253484	
busco_downloads/lineages/basidiomycota_odb10/info/species.info	4701	1574253484	
busco_downloads/lineages/basidiomycota_odb10/lengths_cutoff	36651	1703261681	
busco_downloads/lineages/basidiomycota_odb10/links_to_ODB10.txt	154266	1703261468	
busco_downloads/lineages/basidiomycota_odb10/prfl/10022at5204.prfl	93642	1574253481	
busco_downloads/lineages/basidiomycota_odb10/prfl/10049at5204.prfl	127612	1574253481	
busco_downloads/lineages/basidiomycota_odb10/prfl/10082at5204.prfl	110463	1574253482	
busco_downloads/lineages/basidiomycota_odb10/prfl/10139at5204.prfl	77466	1574253482	
busco_downloads/lineages/basidiomycota_odb10/prfl/10152at5204.prfl	87721	1574253482	
busco_downloads/lineages/basidiomycota_odb10/prfl/10221at5204.prfl	188940	1574253482	
busco_downloads/lineages/basidiomycota_odb10/prfl/10273at5204.prfl	80026	1574253482	
busco_downloads/lineages/basidiomycota_odb10/prfl/1027at5204.prfl	190503	1574253482	
busco_downloads/lineages/basidiomycota_odb10/prfl/10301at5204.prfl	94500	1574253482	
busco_downloads/lineages/basidiomycota_odb10/prfl/10334at5204.prfl	108481	1574253481	
busco_downloads/lineages/basidiomycota_odb10/prfl/10431at5204.prfl	116839	1574253482	
busco_downloads/lineages/basidiomycota_odb10/prfl/10488at5204.prfl	90452	1574253481	
busco_downloads/lineages/basidiomycota_odb10/prfl/10515at5204.prfl	90468	1574253482	
busco_downloads/lineages/basidiomycota_odb10/prfl/10554at5204.prfl	91659	1574253481	
busco_downloads/lineages/basidiomycota_odb10/prfl/10602at5204.prfl	65154	1574253482	
busco_downloads/lineages/basidiomycota_odb10/prfl/10649at5204.prfl	110085	1574253482	
busco_downloads/lineages/basidiomycota_odb10/prfl/1065at5204.prfl	171880	1574253482	
busco_downloads/lineages/basidiomycota_odb10/prfl/10721at5204.prfl	114548	1574253482	
busco_downloads/lineages/basidiomycota_odb10/prfl/10800at5204.prfl	71048	1574253482	
busco_downloads/lineages/basidiomycota_odb10/prfl/10840at5204.prfl	78393	1574253482	
busco_downloads/lineages/basidiomycota_odb10/prfl/10879at5204.prfl	102008	1574253481	
busco_downloads/lineages/basidiomycota_odb10/prfl/1108at5204.prfl	200959	1574253482	
busco_downloads/lineages/basidiomycota_odb10/prfl/11156at5204.prfl	88805	1574253482	
busco_downloads/lineages/basidiomycota_odb10/prfl/11353at5204.prfl	88520	1574253482	
busco_downloads/lineages/basidiomycota_odb10/prfl/11354at5204.prfl	99557	1574253481	
busco_downloads/lineages/basidiomycota_odb10/prfl/11378at5204.prfl	100194	1574253482	
busco_downloads/lineages/basidiomycota_odb10/prfl/11434at5204.prfl	113486	1574253482	
busco_downloads/lineages/basidiomycota_odb10/prfl/11435at5204.prfl	100657	1574253482	
busco_downloads/lineages/basidiomycota_odb10/prfl/11437at5204.prfl	76247	1574253482	
busco_downloads/lineages/basidiomycota_odb10/prfl/11438at5204.prfl	79743	1574253482	
busco_downloads/lineages/basidiomycota_odb10/prfl/11502at5204.prfl	103008	1574253482	
busco_downloads/lineages/basidiomycota_odb10/prfl/11605at5204.prfl	97815	1574253482	
busco_downloads/lineages/basidiomycota_odb10/prfl/11620at5204.prfl	117610	1574253482	
busco_downloads/lineages/basidiomycota_odb10/prfl/1165at5204.prfl	194136	1574253482	
busco_downloads/lineages/basidiomycota_odb10/prfl/11835at5204.prfl	107851	1574253482	
busco_downloads/lineages/basidiomycota_odb10/prfl/11881at5204.prfl	120863	1574253482	
busco_downloads/lineages/basidiomycota_odb10/prfl/11882at5204.prfl	123285	1574253482	
busco_downloads/lineages/basidiomycota_odb10/prfl/11981at5204.prfl	100422	1574253482	
busco_downloads/lineages/basidiomycota_odb10/prfl/12093at5204.prfl	109508	1574253481	
busco_downloads/lineages/basidiomycota_odb10/prfl/12221at5204.prfl	105306	1574253482	
busco_downloads/lineages/basidiomycota_odb10/prfl/12253at5204.prfl	95185	1574253482	
busco_downloads/lineages/basidiomycota_odb10/prfl/12284at5204.prfl	185661	1574253482	
busco_downloads/lineages/basidiomycota_odb10/prfl/12314at5204.prfl	93494	1574253481	
busco_downloads/lineages/basidiomycota_odb10/prfl/1231at5204.prfl	180816	1574253482	
busco_downloads/lineages/basidiomycota_odb10/prfl/12352at5204.prfl	119127	1574253482	
busco_downloads/lineages/basidiomycota_odb10/prfl/12408at5204.prfl	123302	1574253482	
busco_downloads/lineages/basidiomycota_odb10/prfl/12478at5204.prfl	104127	1574253482	
busco_downloads/lineages/basidiomycota_odb10/prfl/12572at5204.prfl	99679	1574253482	
busco_downloads/lineages/basidiomycota_odb10/prfl/1257at5204.prfl	188046	1574253482	
busco_downloads/lineages/basidiomycota_odb10/prfl/12593at5204.prfl	96830	1574253482	
busco_downloads/lineages/basidiomycota_odb10/prfl/12597at5204.prfl	90018	1574253481	
busco_downloads/lineages/basidiomycota_odb10/prfl/1264at5204.prfl	194842	1574253482	
busco_downloads/lineages/basidiomycota_odb10/prfl/12980at5204.prfl	80967	1574253481	
busco_downloads/lineages/basidiomycota_odb10/prfl/12982at5204.prfl	104535	1574253481	
busco_downloads/lineages/basidiomycota_odb10/prfl/13001at5204.prfl	188297	1574253482	
busco_downloads/lineages/basidiomycota_odb10/prfl/13031at5204.prfl	104816	1574253482	
busco_downloads/lineages/basidiomycota_odb10/prfl/13072at5204.prfl	72941	1574253482	
busco_downloads/lineages/basidiomycota_odb10/prfl/13073at5204.prfl	121126	1574253482	
busco_downloads/lineages/basidiomycota_odb10/prfl/13139at5204.prfl	86583	1574253482	
busco_downloads/lineages/basidiomycota_odb10/prfl/13172at5204.prfl	115212	1574253481	
busco_downloads/lineages/basidiomycota_odb10/prfl/13180at5204.prfl	147547	1574253482	
busco_downloads/lineages/basidiomycota_odb10/prfl/13235at5204.prfl	138828	1574253482	
busco_downloads/lineages/basidiomycota_odb10/prfl/13237at5204.prfl	90724	1574253482	
busco_downloads/lineages/basidiomycota_odb10/prfl/13283at5204.prfl	61567	1574253482	
busco_downloads/lineages/basidiomycota_odb10/prfl/13366at5204.prfl	87452	1574253482	
busco_downloads/lineages/basidiomycota_odb10/prfl/1341at5204.prfl	189194	1574253481	
busco_downloads/lineages/basidiomycota_odb10/prfl/13542at5204.prfl	173083	1574253482	
busco_downloads/lineages/basidiomycota_odb10/prfl/13555at5204.prfl	67777	1574253482	
busco_downloads/lineages/basidiomycota_odb10/prfl/13582at5204.prfl	103089	1574253482	
busco_downloads/lineages/basidiomycota_odb10/prfl/13660at5204.prfl	78700	1574253482	
busco_downloads/lineages/basidiomycota_odb10/prfl/13732at5204.prfl	99779	1574253482	
busco_downloads/lineages/basidiomycota_odb10/prfl/13767at5204.prfl	117881	1574253482	
busco_downloads/lineages/basidiomycota_odb10/prfl/13839at5204.prfl	80247	1574253482	
busco_downloads/lineages/basidiomycota_odb10/prfl/13884at5204.prfl	90117	1574253481	
busco_downloads/lineages/basidiomycota_odb10/prfl/13909at5204.prfl	83081	1574253482	
busco_downloads/lineages/basidiomycota_odb10/prfl/13947at5204.prfl	90987	1574253482	
busco_downloads/lineages/basidiomycota_odb10/prfl/13974at5204.prfl	102231	1574253482	
busco_downloads/lineages/basidiomycota_odb10/prfl/1398at5204.prfl	202867	1574253482	
busco_downloads/lineages/basidiomycota_odb10/prfl/1399at5204.prfl	164262	1574253482	
busco_downloads/lineages/basidiomycota_odb10/prfl/14005at5204.prfl	90300	1574253482	
busco_downloads/lineages/basidiomycota_odb10/prfl/14020at5204.prfl	80985	1574253482	
busco_downloads/lineages/basidiomycota_odb10/prfl/14034at5204.prfl	117292	1574253482	
busco_downloads/lineages/basidiomycota_odb10/prfl/14037at5204.prfl	94970	1574253482	
busco_downloads/lineages/basidiomycota_odb10/prfl/14138at5204.prfl	86949	1574253482	
busco_downloads/lineages/basidiomycota_odb10/prfl/14233at5204.prfl	109360	1574253482	
busco_downloads/lineages/basidiomycota_odb10/prfl/14268at5204.prfl	84274	1574253482	
busco_downloads/lineages/basidiomycota_odb10/prfl/14283at5204.prfl	88215	1574253482	
busco_downloads/lineages/basidiomycota_odb10/prfl/14295at5204.prfl	97093	1574253482	
busco_downloads/lineages/basidiomycota_odb10/prfl/14374at5204.prfl	148766	1574253481	
busco_downloads/lineages/basidiomycota_odb10/prfl/14386at5204.prfl	91508	1574253482	
busco_downloads/lineages/basidiomycota_odb10/prfl/14510at5204.prfl	82471	1574253481	
busco_downloads/lineages/basidiomycota_odb10/prfl/14541at5204.prfl	129659	1574253482	
busco_downloads/lineages/basidiomycota_odb10/prfl/14667at5204.prfl	123312	1574253482	
busco_downloads/lineages/basidiomycota_odb10/prfl/14691at5204.prfl	85752	1574253482	
busco_downloads/lineages/basidiomycota_odb10/prfl/14722at5204.prfl	55344	1574253481	
busco_downloads/lineages/basidiomycota_odb10/prfl/14857at5204.prfl	96253	1574253482	
busco_downloads/lineages/basidiomycota_odb10/prfl/14878at5204.prfl	87267	1574253481	
busco_downloads/lineages/basidiomycota_odb10/prfl/14882at5204.prfl	87014	1574253482	
busco_downloads/lineages/basidiomycota_odb10/prfl/14885at5204.prfl	75291	1574253482	
busco_downloads/lineages/basidiomycota_odb10/prfl/1489at5204.prfl	198980	1574253482	
busco_downloads/lineages/basidiomycota_odb10/prfl/14968at5204.prfl	90601	1574253482	
busco_downloads/lineages/basidiomycota_odb10/prfl/15021at5204.prfl	87175	1574253482	
busco_downloads/lineages/basidiomycota_odb10/prfl/15034at5204.prfl	88970	1574253482	
busco_downloads/lineages/basidiomycota_odb10/prfl/15078at5204.prfl	85729	1574253482	
busco_downloads/lineages/basidiomycota_odb10/prfl/15092at5204.prfl	100674	1574253482	
busco_downloads/lineages/basidiomycota_odb10/prfl/15142at5204.prfl	66977	1574253482	
busco_downloads/lineages/basidiomycota_odb10/prfl/15227at5204.prfl	66158	1574253482	
busco_downloads/lineages/basidiomycota_odb10/prfl/15240at5204.prfl	186288	1574253482	
busco_downloads/lineages/basidiomycota_odb10/prfl/15254at5204.prfl	103527	1574253482	
busco_downloads/lineages/basidiomycota_odb10/prfl/15281at5204.prfl	86324	1574253482	
busco_downloads/lineages/basidiomycota_odb10/prfl/1528at5204.prfl	186044	1574253482	
busco_downloads/lineages/basidiomycota_odb10/prfl/15310at5204.prfl	91550	1574253482	
busco_downloads/lineages/basidiomycota_odb10/prfl/15326at5204.prfl	82965	1574253482	
busco_downloads/lineages/basidiomycota_odb10/prfl/1532at5204.prfl	238194	1574253481	
busco_downloads/lineages/basidiomycota_odb10/prfl/1534at5204.prfl	148414	1574253482	
busco_downloads/lineages/basidiomycota_odb10/prfl/15362at5204.prfl	89142	1574253482	
busco_downloads/lineages/basidiomycota_odb10/prfl/15396at5204.prfl	40902	1574253482	
busco_downloads/lineages/basidiomycota_odb10/prfl/15417at5204.prfl	75559	1574253482	
busco_downloads/lineages/basidiomycota_odb10/prfl/15444at5204.prfl	111678	1574253482	
busco_downloads/lineages/basidiomycota_odb10/prfl/15490at5204.prfl	93081	1574253482	
busco_downloads/lineages/basidiomycota_odb10/prfl/15570at5204.prfl	90060	1574253482	
busco_downloads/lineages/basidiomycota_odb10/prfl/15581at5204.prfl	129617	1574253482	
busco_downloads/lineages/basidiomycota_odb10/prfl/15584at5204.prfl	77956	1574253482	
busco_downloads/lineages/basidiomycota_odb10/prfl/15608at5204.prfl	84569	1574253482	
busco_downloads/lineages/basidiomycota_odb10/prfl/15718at5204.prfl	93333	1574253482	
busco_downloads/lineages/basidiomycota_odb10/prfl/15730at5204.prfl	89353	1574253482	
busco_downloads/lineages/basidiomycota_odb10/prfl/15735at5204.prfl	85440	1574253482	
busco_downloads/lineages/basidiomycota_odb10/prfl/15773at5204.prfl	62026	1574253482	
busco_downloads/lineages/basidiomycota_odb10/prfl/15788at5204.prfl	108264	1574253482	
busco_downloads/lineages/basidiomycota_odb10/prfl/15822at5204.prfl	67132	1574253482	
busco_downloads/lineages/basidiomycota_odb10/prfl/158at5204.prfl	322753	1574253482	
busco_downloads/lineages/basidiomycota_odb10/prfl/15993at5204.prfl	76866	1574253482	
busco_downloads/lineages/basidiomycota_odb10/prfl/16014at5204.prfl	71755	1574253482	
busco_downloads/lineages/basidiomycota_odb10/prfl/1604at5204.prfl	175190	1574253482	
busco_downloads/lineages/basidiomycota_odb10/prfl/16102at5204.prfl	85464	1574253482	
busco_downloads/lineages/basidiomycota_odb10/prfl/16209at5204.prfl	64845	1574253482	
busco_downloads/lineages/basidiomycota_odb10/prfl/1620at5204.prfl	159516	1574253482	
busco_downloads/lineages/basidiomycota_odb10/prfl/16216at5204.prfl	81929	1574253482	
busco_downloads/lineages/basidiomycota_odb10/prfl/16246at5204.prfl	68069	1574253482	
busco_downloads/lineages/basidiomycota_odb10/prfl/16270at5204.prfl	148923	1574253482	
busco_downloads/lineages/basidiomycota_odb10/prfl/16319at5204.prfl	99059	1574253482	
busco_downloads/lineages/basidiomycota_odb10/prfl/16456at5204.prfl	73281	1574253482	
busco_downloads/lineages/basidiomycota_odb10/prfl/16510at5204.prfl	68921	1574253481	
busco_downloads/lineages/basidiomycota_odb10/prfl/16564at5204.prfl	66701	1574253482	
busco_downloads/lineages/basidiomycota_odb10/prfl/1657at5204.prfl	150703	1574253482	
busco_downloads/lineages/basidiomycota_odb10/prfl/16596at5204.prfl	82481	1574253482	
busco_downloads/lineages/basidiomycota_odb10/prfl/16672at5204.prfl	79717	1574253482	
busco_downloads/lineages/basidiomycota_odb10/prfl/16675at5204.prfl	65322	1574253482	
busco_downloads/lineages/basidiomycota_odb10/prfl/16709at5204.prfl	80101	1574253482	
busco_downloads/lineages/basidiomycota_odb10/prfl/1675at5204.prfl	187532	1574253482	
busco_downloads/lineages/basidiomycota_odb10/prfl/16789at5204.prfl	111050	1574253482	
busco_downloads/lineages/basidiomycota_odb10/prfl/16813at5204.prfl	103513	1574253482	
busco_downloads/lineages/basidiomycota_odb10/prfl/16828at5204.prfl	57513	1574253482	
busco_downloads/lineages/basidiomycota_odb10/prfl/1685at5204.prfl	222604	1574253482	
busco_downloads/lineages/basidiomycota_odb10/prfl/16888at5204.prfl	127869	1574253481	
busco_downloads/lineages/basidiomycota_odb10/prfl/16992at5204.prfl	74103	1574253482	
busco_downloads/lineages/basidiomycota_odb10/prfl/169at5204.prfl	341190	1574253482	
busco_downloads/lineages/basidiomycota_odb10/prfl/1705at5204.prfl	177211	1574253482	
busco_downloads/lineages/basidiomycota_odb10/prfl/17070at5204.prfl	69915	1574253482	
busco_downloads/lineages/basidiomycota_odb10/prfl/17080at5204.prfl	76490	1574253482	
busco_downloads/lineages/basidiomycota_odb10/prfl/17086at5204.prfl	64865	1574253482	
busco_downloads/lineages/basidiomycota_odb10/prfl/17087at5204.prfl	92733	1574253481	
busco_downloads/lineages/basidiomycota_odb10/prfl/17091at5204.prfl	92845	1574253482	
busco_downloads/lineages/basidiomycota_odb10/prfl/17097at5204.prfl	119691	1574253481	
busco_downloads/lineages/basidiomycota_odb10/prfl/17105at5204.prfl	107837	1574253482	
busco_downloads/lineages/basidiomycota_odb10/prfl/17153at5204.prfl	77578	1574253482	
busco_downloads/lineages/basidiomycota_odb10/prfl/17246at5204.prfl	74371	1574253482	
busco_downloads/lineages/basidiomycota_odb10/prfl/17290at5204.prfl	82163	1574253482	
busco_downloads/lineages/basidiomycota_odb10/prfl/17350at5204.prfl	87004	1574253482	
busco_downloads/lineages/basidiomycota_odb10/prfl/17356at5204.prfl	78573	1574253482	
busco_downloads/lineages/basidiomycota_odb10/prfl/17365at5204.prfl	71418	1574253482	
busco_downloads/lineages/basidiomycota_odb10/prfl/17375at5204.prfl	101179	1574253482	
busco_downloads/lineages/basidiomycota_odb10/prfl/1742at5204.prfl	229074	1574253482	
busco_downloads/lineages/basidiomycota_odb10/prfl/17443at5204.prfl	78026	1574253482	
busco_downloads/lineages/basidiomycota_odb10/prfl/17465at5204.prfl	76697	1574253481	
busco_downloads/lineages/basidiomycota_odb10/prfl/17514at5204.prfl	53438	1574253482	
busco_downloads/lineages/basidiomycota_odb10/prfl/1752at5204.prfl	165745	1574253482	
busco_downloads/lineages/basidiomycota_odb10/prfl/17552at5204.prfl	194289	1574253482	
busco_downloads/lineages/basidiomycota_odb10/prfl/17584at5204.prfl	79423	1574253482	
busco_downloads/lineages/basidiomycota_odb10/prfl/17718at5204.prfl	107535	1574253482	
busco_downloads/lineages/basidiomycota_odb10/prfl/17727at5204.prfl	63441	1574253482	
busco_downloads/lineages/basidiomycota_odb10/prfl/17749at5204.prfl	84802	1574253482	
busco_downloads/lineages/basidiomycota_odb10/prfl/17771at5204.prfl	79436	1574253482	
busco_downloads/lineages/basidiomycota_odb10/prfl/17789at5204.prfl	105654	1574253482	
busco_downloads/lineages/basidiomycota_odb10/prfl/17872at5204.prfl	68799	1574253482	
busco_downloads/lineages/basidiomycota_odb10/prfl/17886at5204.prfl	81035	1574253482	
busco_downloads/lineages/basidiomycota_odb10/prfl/17993at5204.prfl	69388	1574253482	
busco_downloads/lineages/basidiomycota_odb10/prfl/18112at5204.prfl	86426	1574253482	
busco_downloads/lineages/basidiomycota_odb10/prfl/18117at5204.prfl	83011	1574253482	
busco_downloads/lineages/basidiomycota_odb10/prfl/18118at5204.prfl	83058	1574253482	
busco_downloads/lineages/basidiomycota_odb10/prfl/18120at5204.prfl	47514	1574253481	
busco_downloads/lineages/basidiomycota_odb10/prfl/18141at5204.prfl	79871	1574253482	
busco_downloads/lineages/basidiomycota_odb10/prfl/1814at5204.prfl	158203	1574253482	
busco_downloads/lineages/basidiomycota_odb10/prfl/18158at5204.prfl	109310	1574253482	
busco_downloads/lineages/basidiomycota_odb10/prfl/18162at5204.prfl	84827	1574253481	
busco_downloads/lineages/basidiomycota_odb10/prfl/18379at5204.prfl	85183	1574253482	
busco_downloads/lineages/basidiomycota_odb10/prfl/18444at5204.prfl	86814	1574253482	
busco_downloads/lineages/basidiomycota_odb10/prfl/18446at5204.prfl	61579	1574253482	
busco_downloads/lineages/basidiomycota_odb10/prfl/18478at5204.prfl	74395	1574253481	
busco_downloads/lineages/basidiomycota_odb10/prfl/18530at5204.prfl	81414	1574253482	
busco_downloads/lineages/basidiomycota_odb10/prfl/18547at5204.prfl	110464	1574253482	
busco_downloads/lineages/basidiomycota_odb10/prfl/1857at5204.prfl	155544	1574253482	
busco_downloads/lineages/basidiomycota_odb10/prfl/1870at5204.prfl	170719	1574253482	
busco_downloads/lineages/basidiomycota_odb10/prfl/1877at5204.prfl	181803	1574253482	
busco_downloads/lineages/basidiomycota_odb10/prfl/18922at5204.prfl	62707	1574253482	
busco_downloads/lineages/basidiomycota_odb10/prfl/18999at5204.prfl	68747	1574253482	
busco_downloads/lineages/basidiomycota_odb10/prfl/19048at5204.prfl	79252	1574253481	
busco_downloads/lineages/basidiomycota_odb10/prfl/19065at5204.prfl	75793	1574253482	
busco_downloads/lineages/basidiomycota_odb10/prfl/19113at5204.prfl	65980	1574253482	
busco_downloads/lineages/basidiomycota_odb10/prfl/19151at5204.prfl	80605	1574253482	
busco_downloads/lineages/basidiomycota_odb10/prfl/19213at5204.prfl	110416	1574253481	
busco_downloads/lineages/basidiomycota_odb10/prfl/19221at5204.prfl	105747	1574253482	
busco_downloads/lineages/basidiomycota_odb10/prfl/1922at5204.prfl	216048	1574253481	
busco_downloads/lineages/basidiomycota_odb10/prfl/19262at5204.prfl	125895	1574253482	
busco_downloads/lineages/basidiomycota_odb10/prfl/19337at5204.prfl	97523	1574253482	
busco_downloads/lineages/basidiomycota_odb10/prfl/19366at5204.prfl	86995	1574253482	
busco_downloads/lineages/basidiomycota_odb10/prfl/19372at5204.prfl	67513	1574253482	
busco_downloads/lineages/basidiomycota_odb10/prfl/19388at5204.prfl	84117	1574253482	
busco_downloads/lineages/basidiomycota_odb10/prfl/19427at5204.prfl	86582	1574253482	
busco_downloads/lineages/basidiomycota_odb10/prfl/19479at5204.prfl	91212	1574253482	
busco_downloads/lineages/basidiomycota_odb10/prfl/19583at5204.prfl	66065	1574253482	
busco_downloads/lineages/basidiomycota_odb10/prfl/19752at5204.prfl	86550	1574253482	
busco_downloads/lineages/basidiomycota_odb10/prfl/19763at5204.prfl	82854	1574253482	
busco_downloads/lineages/basidiomycota_odb10/prfl/19766at5204.prfl	72984	1574253482	
busco_downloads/lineages/basidiomycota_odb10/prfl/19778at5204.prfl	115616	1574253482	
busco_downloads/lineages/basidiomycota_odb10/prfl/19796at5204.prfl	77542	1574253482	
busco_downloads/lineages/basidiomycota_odb10/prfl/19841at5204.prfl	72472	1574253482	
busco_downloads/lineages/basidiomycota_odb10/prfl/19875at5204.prfl	88316	1574253481	
busco_downloads/lineages/basidiomycota_odb10/prfl/19877at5204.prfl	82474	1574253481	
busco_downloads/lineages/basidiomycota_odb10/prfl/19884at5204.prfl	78494	1574253482	
busco_downloads/lineages/basidiomycota_odb10/prfl/19892at5204.prfl	75822	1574253482	
busco_downloads/lineages/basidiomycota_odb10/prfl/1994at5204.prfl	145578	1574253482	
busco_downloads/lineages/basidiomycota_odb10/prfl/20020at5204.prfl	85954	1574253482	
busco_downloads/lineages/basidiomycota_odb10/prfl/2004at5204.prfl	188229	1574253481	
busco_downloads/lineages/basidiomycota_odb10/prfl/20139at5204.prfl	86611	1574253482	
busco_downloads/lineages/basidiomycota_odb10/prfl/20165at5204.prfl	70950	1574253482	
busco_downloads/lineages/basidiomycota_odb10/prfl/20218at5204.prfl	74933	1574253482	
busco_downloads/lineages/basidiomycota_odb10/prfl/20338at5204.prfl	82521	1574253481	
busco_downloads/lineages/basidiomycota_odb10/prfl/20392at5204.prfl	93434	1574253482	
busco_downloads/lineages/basidiomycota_odb10/prfl/2040at5204.prfl	202270	1574253481	
busco_downloads/lineages/basidiomycota_odb10/prfl/2043at5204.prfl	134604	1574253482	
busco_downloads/lineages/basidiomycota_odb10/prfl/20456at5204.prfl	65827	1574253482	
busco_downloads/lineages/basidiomycota_odb10/prfl/2050at5204.prfl	181461	1574253482	
busco_downloads/lineages/basidiomycota_odb10/prfl/20570at5204.prfl	74773	1574253482	
busco_downloads/lineages/basidiomycota_odb10/prfl/20608at5204.prfl	108567	1574253481	
busco_downloads/lineages/basidiomycota_odb10/prfl/20644at5204.prfl	78349	1574253481	
busco_downloads/lineages/basidiomycota_odb10/prfl/20672at5204.prfl	104458	1574253482	
busco_downloads/lineages/basidiomycota_odb10/prfl/20678at5204.prfl	77633	1574253482	
busco_downloads/lineages/basidiomycota_odb10/prfl/2069at5204.prfl	205173	1574253482	
busco_downloads/lineages/basidiomycota_odb10/prfl/20705at5204.prfl	87852	1574253482	
busco_downloads/lineages/basidiomycota_odb10/prfl/20710at5204.prfl	65417	1574253482	
busco_downloads/lineages/basidiomycota_odb10/prfl/20859at5204.prfl	63122	1574253482	
busco_downloads/lineages/basidiomycota_odb10/prfl/20961at5204.prfl	45032	1574253481	
busco_downloads/lineages/basidiomycota_odb10/prfl/21023at5204.prfl	72236	1574253482	
busco_downloads/lineages/basidiomycota_odb10/prfl/21067at5204.prfl	75585	1574253482	
busco_downloads/lineages/basidiomycota_odb10/prfl/21073at5204.prfl	95182	1574253481	
busco_downloads/lineages/basidiomycota_odb10/prfl/21119at5204.prfl	103345	1574253482	
busco_downloads/lineages/basidiomycota_odb10/prfl/21172at5204.prfl	90977	1574253482	
busco_downloads/lineages/basidiomycota_odb10/prfl/21208at5204.prfl	72177	1574253482	
busco_downloads/lineages/basidiomycota_odb10/prfl/21215at5204.prfl	69611	1574253481	
busco_downloads/lineages/basidiomycota_odb10/prfl/21223at5204.prfl	56514	1574253482	
busco_downloads/lineages/basidiomycota_odb10/prfl/21256at5204.prfl	65309	1574253482	
busco_downloads/lineages/basidiomycota_odb10/prfl/21323at5204.prfl	98307	1574253482	
busco_downloads/lineages/basidiomycota_odb10/prfl/2136at5204.prfl	230649	1574253482	
busco_downloads/lineages/basidiomycota_odb10/prfl/213at5204.prfl	271983	1574253481	
busco_downloads/lineages/basidiomycota_odb10/prfl/2147at5204.prfl	195012	1574253482	
busco_downloads/lineages/basidiomycota_odb10/prfl/21531at5204.prfl	102315	1574253482	
busco_downloads/lineages/basidiomycota_odb10/prfl/21535at5204.prfl	77227	1574253482	
busco_downloads/lineages/basidiomycota_odb10/prfl/21565at5204.prfl	63916	1574253481	
busco_downloads/lineages/basidiomycota_odb10/prfl/2157at5204.prfl	153886	1574253482	
busco_downloads/lineages/basidiomycota_odb10/prfl/216at5204.prfl	252303	1574253482	
busco_downloads/lineages/basidiomycota_odb10/prfl/21749at5204.prfl	72300	1574253482	
busco_downloads/lineages/basidiomycota_odb10/prfl/21756at5204.prfl	115427	1574253482	
busco_downloads/lineages/basidiomycota_odb10/prfl/21781at5204.prfl	76558	1574253482	
busco_downloads/lineages/basidiomycota_odb10/prfl/21805at5204.prfl	75872	1574253482	
busco_downloads/lineages/basidiomycota_odb10/prfl/21855at5204.prfl	76325	1574253482	
busco_downloads/lineages/basidiomycota_odb10/prfl/21927at5204.prfl	71523	1574253482	
busco_downloads/lineages/basidiomycota_odb10/prfl/21944at5204.prfl	65530	1574253482	
busco_downloads/lineages/basidiomycota_odb10/prfl/22024at5204.prfl	78075	1574253482	
busco_downloads/lineages/basidiomycota_odb10/prfl/22028at5204.prfl	112823	1574253482	
busco_downloads/lineages/basidiomycota_odb10/prfl/22098at5204.prfl	74609	1574253481	
busco_downloads/lineages/basidiomycota_odb10/prfl/22127at5204.prfl	67140	1574253482	
busco_downloads/lineages/basidiomycota_odb10/prfl/22145at5204.prfl	111080	1574253482	
busco_downloads/lineages/basidiomycota_odb10/prfl/2214at5204.prfl	158318	1574253482	
busco_downloads/lineages/basidiomycota_odb10/prfl/22152at5204.prfl	71194	1574253482	
busco_downloads/lineages/basidiomycota_odb10/prfl/22226at5204.prfl	71020	1574253482	
busco_downloads/lineages/basidiomycota_odb10/prfl/22285at5204.prfl	69308	1574253482	
busco_downloads/lineages/basidiomycota_odb10/prfl/22306at5204.prfl	89796	1574253482	
busco_downloads/lineages/basidiomycota_odb10/prfl/22346at5204.prfl	83662	1574253482	
busco_downloads/lineages/basidiomycota_odb10/prfl/22392at5204.prfl	64709	1574253482	
busco_downloads/lineages/basidiomycota_odb10/prfl/22467at5204.prfl	69011	1574253482	
busco_downloads/lineages/basidiomycota_odb10/prfl/22502at5204.prfl	84851	1574253482	
busco_downloads/lineages/basidiomycota_odb10/prfl/22564at5204.prfl	153151	1574253482	
busco_downloads/lineages/basidiomycota_odb10/prfl/22567at5204.prfl	85466	1574253482	
busco_downloads/lineages/basidiomycota_odb10/prfl/22595at5204.prfl	74274	1574253482	
busco_downloads/lineages/basidiomycota_odb10/prfl/22730at5204.prfl	73197	1574253481	
busco_downloads/lineages/basidiomycota_odb10/prfl/2273at5204.prfl	178872	1574253482	
busco_downloads/lineages/basidiomycota_odb10/prfl/22744at5204.prfl	97149	1574253481	
busco_downloads/lineages/basidiomycota_odb10/prfl/22750at5204.prfl	83462	1574253481	
busco_downloads/lineages/basidiomycota_odb10/prfl/22761at5204.prfl	95599	1574253482	
busco_downloads/lineages/basidiomycota_odb10/prfl/22764at5204.prfl	87480	1574253482	
busco_downloads/lineages/basidiomycota_odb10/prfl/2279at5204.prfl	173986	1574253482	
busco_downloads/lineages/basidiomycota_odb10/prfl/22858at5204.prfl	84087	1574253481	
busco_downloads/lineages/basidiomycota_odb10/prfl/2286at5204.prfl	161819	1574253482	
busco_downloads/lineages/basidiomycota_odb10/prfl/22924at5204.prfl	79625	1574253482	
busco_downloads/lineages/basidiomycota_odb10/prfl/23010at5204.prfl	60984	1574253481	
busco_downloads/lineages/basidiomycota_odb10/prfl/23018at5204.prfl	79198	1574253481	
busco_downloads/lineages/basidiomycota_odb10/prfl/23079at5204.prfl	72120	1574253481	
busco_downloads/lineages/basidiomycota_odb10/prfl/23136at5204.prfl	83409	1574253481	
busco_downloads/lineages/basidiomycota_odb10/prfl/23138at5204.prfl	69334	1574253482	
busco_downloads/lineages/basidiomycota_odb10/prfl/2321at5204.prfl	166977	1574253482	
busco_downloads/lineages/basidiomycota_odb10/prfl/23253at5204.prfl	71370	1574253482	
busco_downloads/lineages/basidiomycota_odb10/prfl/23262at5204.prfl	72593	1574253482	
busco_downloads/lineages/basidiomycota_odb10/prfl/23317at5204.prfl	75865	1574253482	
busco_downloads/lineages/basidiomycota_odb10/prfl/23371at5204.prfl	62132	1574253482	
busco_downloads/lineages/basidiomycota_odb10/prfl/23550at5204.prfl	80185	1574253482	
busco_downloads/lineages/basidiomycota_odb10/prfl/23566at5204.prfl	51429	1574253482	
busco_downloads/lineages/basidiomycota_odb10/prfl/23629at5204.prfl	87877	1574253482	
busco_downloads/lineages/basidiomycota_odb10/prfl/23749at5204.prfl	118770	1574253482	
busco_downloads/lineages/basidiomycota_odb10/prfl/23753at5204.prfl	148939	1574253482	
busco_downloads/lineages/basidiomycota_odb10/prfl/23763at5204.prfl	69770	1574253482	
busco_downloads/lineages/basidiomycota_odb10/prfl/23771at5204.prfl	69919	1574253481	
busco_downloads/lineages/basidiomycota_odb10/prfl/23824at5204.prfl	74105	1574253482	
busco_downloads/lineages/basidiomycota_odb10/prfl/23894at5204.prfl	84035	1574253482	
busco_downloads/lineages/basidiomycota_odb10/prfl/24037at5204.prfl	70378	1574253482	
busco_downloads/lineages/basidiomycota_odb10/prfl/24073at5204.prfl	86619	1574253482	
busco_downloads/lineages/basidiomycota_odb10/prfl/2413at5204.prfl	218937	1574253482	
busco_downloads/lineages/basidiomycota_odb10/prfl/24302at5204.prfl	80687	1574253482	
busco_downloads/lineages/basidiomycota_odb10/prfl/24349at5204.prfl	65036	1574253481	
busco_downloads/lineages/basidiomycota_odb10/prfl/24350at5204.prfl	103603	1574253482	
busco_downloads/lineages/basidiomycota_odb10/prfl/24461at5204.prfl	102959	1574253482	
busco_downloads/lineages/basidiomycota_odb10/prfl/2449at5204.prfl	149754	1574253482	
busco_downloads/lineages/basidiomycota_odb10/prfl/24615at5204.prfl	63589	1574253482	
busco_downloads/lineages/basidiomycota_odb10/prfl/24619at5204.prfl	111685	1574253482	
busco_downloads/lineages/basidiomycota_odb10/prfl/24630at5204.prfl	70340	1574253481	
busco_downloads/lineages/basidiomycota_odb10/prfl/24647at5204.prfl	75821	1574253482	
busco_downloads/lineages/basidiomycota_odb10/prfl/24696at5204.prfl	61682	1574253482	
busco_downloads/lineages/basidiomycota_odb10/prfl/2471at5204.prfl	114475	1574253482	
busco_downloads/lineages/basidiomycota_odb10/prfl/24951at5204.prfl	59663	1574253482	
busco_downloads/lineages/basidiomycota_odb10/prfl/2498at5204.prfl	208136	1574253482	
busco_downloads/lineages/basidiomycota_odb10/prfl/25001at5204.prfl	70388	1574253482	
busco_downloads/lineages/basidiomycota_odb10/prfl/25048at5204.prfl	51579	1574253482	
busco_downloads/lineages/basidiomycota_odb10/prfl/2508at5204.prfl	118202	1574253482	
busco_downloads/lineages/basidiomycota_odb10/prfl/25093at5204.prfl	65611	1574253482	
busco_downloads/lineages/basidiomycota_odb10/prfl/25103at5204.prfl	78604	1574253482	
busco_downloads/lineages/basidiomycota_odb10/prfl/25118at5204.prfl	83434	1574253482	
busco_downloads/lineages/basidiomycota_odb10/prfl/25145at5204.prfl	80102	1574253482	
busco_downloads/lineages/basidiomycota_odb10/prfl/25254at5204.prfl	110993	1574253482	
busco_downloads/lineages/basidiomycota_odb10/prfl/25312at5204.prfl	70080	1574253482	
busco_downloads/lineages/basidiomycota_odb10/prfl/25333at5204.prfl	77266	1574253482	
busco_downloads/lineages/basidiomycota_odb10/prfl/25441at5204.prfl	47673	1574253482	
busco_downloads/lineages/basidiomycota_odb10/prfl/25450at5204.prfl	65551	1574253481	
busco_downloads/lineages/basidiomycota_odb10/prfl/25469at5204.prfl	68675	1574253482	
busco_downloads/lineages/basidiomycota_odb10/prfl/25482at5204.prfl	67229	1574253482	
busco_downloads/lineages/basidiomycota_odb10/prfl/25496at5204.prfl	75302	1574253482	
busco_downloads/lineages/basidiomycota_odb10/prfl/2566at5204.prfl	166336	1574253482	
busco_downloads/lineages/basidiomycota_odb10/prfl/25670at5204.prfl	60257	1574253482	
busco_downloads/lineages/basidiomycota_odb10/prfl/25703at5204.prfl	94203	1574253482	
busco_downloads/lineages/basidiomycota_odb10/prfl/25715at5204.prfl	67254	1574253482	
busco_downloads/lineages/basidiomycota_odb10/prfl/25736at5204.prfl	71395	1574253482	
busco_downloads/lineages/basidiomycota_odb10/prfl/25805at5204.prfl	76895	1574253481	
busco_downloads/lineages/basidiomycota_odb10/prfl/25832at5204.prfl	58793	1574253482	
busco_downloads/lineages/basidiomycota_odb10/prfl/25863at5204.prfl	102120	1574253481	
busco_downloads/lineages/basidiomycota_odb10/prfl/25870at5204.prfl	92994	1574253482	
busco_downloads/lineages/basidiomycota_odb10/prfl/2590at5204.prfl	153050	1574253482	
busco_downloads/lineages/basidiomycota_odb10/prfl/26029at5204.prfl	77885	1574253481	
busco_downloads/lineages/basidiomycota_odb10/prfl/26040at5204.prfl	85842	1574253482	
busco_downloads/lineages/basidiomycota_odb10/prfl/26054at5204.prfl	98189	1574253482	
busco_downloads/lineages/basidiomycota_odb10/prfl/26114at5204.prfl	80941	1574253482	
busco_downloads/lineages/basidiomycota_odb10/prfl/26164at5204.prfl	94380	1574253482	
busco_downloads/lineages/basidiomycota_odb10/prfl/26180at5204.prfl	62915	1574253482	
busco_downloads/lineages/basidiomycota_odb10/prfl/26338at5204.prfl	50213	1574253482	
busco_downloads/lineages/basidiomycota_odb10/prfl/26369at5204.prfl	64275	1574253482	
busco_downloads/lineages/basidiomycota_odb10/prfl/26430at5204.prfl	81644	1574253482	
busco_downloads/lineages/basidiomycota_odb10/prfl/26486at5204.prfl	49288	1574253481	
busco_downloads/lineages/basidiomycota_odb10/prfl/26524at5204.prfl	73225	1574253482	
busco_downloads/lineages/basidiomycota_odb10/prfl/26533at5204.prfl	70844	1574253482	
busco_downloads/lineages/basidiomycota_odb10/prfl/26631at5204.prfl	94785	1574253482	
busco_downloads/lineages/basidiomycota_odb10/prfl/26664at5204.prfl	69202	1574253482	
busco_downloads/lineages/basidiomycota_odb10/prfl/26684at5204.prfl	48392	1574253482	
busco_downloads/lineages/basidiomycota_odb10/prfl/26703at5204.prfl	74028	1574253482	
busco_downloads/lineages/basidiomycota_odb10/prfl/26707at5204.prfl	59600	1574253482	
busco_downloads/lineages/basidiomycota_odb10/prfl/26714at5204.prfl	68379	1574253482	
busco_downloads/lineages/basidiomycota_odb10/prfl/26752at5204.prfl	67802	1574253481	
busco_downloads/lineages/basidiomycota_odb10/prfl/26772at5204.prfl	67855	1574253482	
busco_downloads/lineages/basidiomycota_odb10/prfl/26788at5204.prfl	70779	1574253482	
busco_downloads/lineages/basidiomycota_odb10/prfl/26807at5204.prfl	74742	1574253482	
busco_downloads/lineages/basidiomycota_odb10/prfl/26825at5204.prfl	59233	1574253482	
busco_downloads/lineages/basidiomycota_odb10/prfl/26845at5204.prfl	70859	1574253482	
busco_downloads/lineages/basidiomycota_odb10/prfl/26850at5204.prfl	66531	1574253482	
busco_downloads/lineages/basidiomycota_odb10/prfl/26959at5204.prfl	81461	1574253482	
busco_downloads/lineages/basidiomycota_odb10/prfl/26983at5204.prfl	54405	1574253482	
busco_downloads/lineages/basidiomycota_odb10/prfl/26994at5204.prfl	56947	1574253482	
busco_downloads/lineages/basidiomycota_odb10/prfl/27022at5204.prfl	71077	1574253482	
busco_downloads/lineages/basidiomycota_odb10/prfl/2709at5204.prfl	181462	1574253482	
busco_downloads/lineages/basidiomycota_odb10/prfl/271at5204.prfl	256136	1574253482	
busco_downloads/lineages/basidiomycota_odb10/prfl/27201at5204.prfl	49733	1574253482	
busco_downloads/lineages/basidiomycota_odb10/prfl/2720at5204.prfl	124047	1574253482	
busco_downloads/lineages/basidiomycota_odb10/prfl/27210at5204.prfl	70734	1574253482	
busco_downloads/lineages/basidiomycota_odb10/prfl/27251at5204.prfl	85938	1574253482	
busco_downloads/lineages/basidiomycota_odb10/prfl/27260at5204.prfl	42995	1574253482	
busco_downloads/lineages/basidiomycota_odb10/prfl/27274at5204.prfl	66263	1574253482	
busco_downloads/lineages/basidiomycota_odb10/prfl/27289at5204.prfl	71886	1574253482	
busco_downloads/lineages/basidiomycota_odb10/prfl/27307at5204.prfl	87113	1574253482	
busco_downloads/lineages/basidiomycota_odb10/prfl/27359at5204.prfl	79218	1574253481	
busco_downloads/lineages/basidiomycota_odb10/prfl/27457at5204.prfl	62106	1574253482	
busco_downloads/lineages/basidiomycota_odb10/prfl/27537at5204.prfl	66341	1574253482	
busco_downloads/lineages/basidiomycota_odb10/prfl/2753at5204.prfl	92703	1574253482	
busco_downloads/lineages/basidiomycota_odb10/prfl/27574at5204.prfl	44182	1574253482	
busco_downloads/lineages/basidiomycota_odb10/prfl/2758at5204.prfl	168282	1574253482	
busco_downloads/lineages/basidiomycota_odb10/prfl/27646at5204.prfl	70739	1574253482	
busco_downloads/lineages/basidiomycota_odb10/prfl/27668at5204.prfl	75604	1574253482	
busco_downloads/lineages/basidiomycota_odb10/prfl/27709at5204.prfl	56639	1574253482	
busco_downloads/lineages/basidiomycota_odb10/prfl/27786at5204.prfl	48659	1574253482	
busco_downloads/lineages/basidiomycota_odb10/prfl/27797at5204.prfl	62183	1574253482	
busco_downloads/lineages/basidiomycota_odb10/prfl/27817at5204.prfl	76449	1574253481	
busco_downloads/lineages/basidiomycota_odb10/prfl/27891at5204.prfl	78294	1574253482	
busco_downloads/lineages/basidiomycota_odb10/prfl/27894at5204.prfl	85865	1574253481	
busco_downloads/lineages/basidiomycota_odb10/prfl/278at5204.prfl	246758	1574253482	
busco_downloads/lineages/basidiomycota_odb10/prfl/27969at5204.prfl	78505	1574253482	
busco_downloads/lineages/basidiomycota_odb10/prfl/28014at5204.prfl	66911	1574253482	
busco_downloads/lineages/basidiomycota_odb10/prfl/28058at5204.prfl	69787	1574253482	
busco_downloads/lineages/basidiomycota_odb10/prfl/28085at5204.prfl	65516	1574253481	
busco_downloads/lineages/basidiomycota_odb10/prfl/28380at5204.prfl	81140	1574253482	
busco_downloads/lineages/basidiomycota_odb10/prfl/2842at5204.prfl	117270	1574253481	
busco_downloads/lineages/basidiomycota_odb10/prfl/28437at5204.prfl	53190	1574253482	
busco_downloads/lineages/basidiomycota_odb10/prfl/2846at5204.prfl	150592	1574253482	
busco_downloads/lineages/basidiomycota_odb10/prfl/284at5204.prfl	390725	1574253482	
busco_downloads/lineages/basidiomycota_odb10/prfl/28525at5204.prfl	65008	1574253482	
busco_downloads/lineages/basidiomycota_odb10/prfl/28533at5204.prfl	66064	1574253482	
busco_downloads/lineages/basidiomycota_odb10/prfl/2855at5204.prfl	159162	1574253482	
busco_downloads/lineages/basidiomycota_odb10/prfl/28572at5204.prfl	75353	1574253482	
busco_downloads/lineages/basidiomycota_odb10/prfl/28609at5204.prfl	64231	1574253482	
busco_downloads/lineages/basidiomycota_odb10/prfl/28621at5204.prfl	71352	1574253482	
busco_downloads/lineages/basidiomycota_odb10/prfl/28664at5204.prfl	93154	1574253482	
busco_downloads/lineages/basidiomycota_odb10/prfl/28754at5204.prfl	69768	1574253482	
busco_downloads/lineages/basidiomycota_odb10/prfl/2877at5204.prfl	169249	1574253481	
busco_downloads/lineages/basidiomycota_odb10/prfl/287at5204.prfl	257898	1574253482	
busco_downloads/lineages/basidiomycota_odb10/prfl/28817at5204.prfl	60040	1574253482	
busco_downloads/lineages/basidiomycota_odb10/prfl/28841at5204.prfl	75237	1574253482	
busco_downloads/lineages/basidiomycota_odb10/prfl/28900at5204.prfl	107844	1574253482	
busco_downloads/lineages/basidiomycota_odb10/prfl/28904at5204.prfl	61909	1574253482	
busco_downloads/lineages/basidiomycota_odb10/prfl/28931at5204.prfl	54028	1574253482	
busco_downloads/lineages/basidiomycota_odb10/prfl/289at5204.prfl	209802	1574253482	
busco_downloads/lineages/basidiomycota_odb10/prfl/28at5204.prfl	505926	1574253482	
busco_downloads/lineages/basidiomycota_odb10/prfl/29088at5204.prfl	56300	1574253482	
busco_downloads/lineages/basidiomycota_odb10/prfl/29126at5204.prfl	71332	1574253481	
busco_downloads/lineages/basidiomycota_odb10/prfl/2914at5204.prfl	185547	1574253482	
busco_downloads/lineages/basidiomycota_odb10/prfl/29194at5204.prfl	62081	1574253482	
busco_downloads/lineages/basidiomycota_odb10/prfl/29246at5204.prfl	121448	1574253481	
busco_downloads/lineages/basidiomycota_odb10/prfl/29247at5204.prfl	69091	1574253482	
busco_downloads/lineages/basidiomycota_odb10/prfl/29365at5204.prfl	63724	1574253482	
busco_downloads/lineages/basidiomycota_odb10/prfl/29386at5204.prfl	63579	1574253482	
busco_downloads/lineages/basidiomycota_odb10/prfl/29391at5204.prfl	55121	1574253482	
busco_downloads/lineages/basidiomycota_odb10/prfl/29476at5204.prfl	68115	1574253482	
busco_downloads/lineages/basidiomycota_odb10/prfl/29504at5204.prfl	63189	1574253482	
busco_downloads/lineages/basidiomycota_odb10/prfl/29557at5204.prfl	60816	1574253482	
busco_downloads/lineages/basidiomycota_odb10/prfl/29638at5204.prfl	62794	1574253482	
busco_downloads/lineages/basidiomycota_odb10/prfl/2963at5204.prfl	93237	1574253482	
busco_downloads/lineages/basidiomycota_odb10/prfl/29700at5204.prfl	49379	1574253482	
busco_downloads/lineages/basidiomycota_odb10/prfl/29754at5204.prfl	77645	1574253482	
busco_downloads/lineages/basidiomycota_odb10/prfl/29758at5204.prfl	42945	1574253482	
busco_downloads/lineages/basidiomycota_odb10/prfl/29893at5204.prfl	89589	1574253482	
busco_downloads/lineages/basidiomycota_odb10/prfl/29947at5204.prfl	58494	1574253482	
busco_downloads/lineages/basidiomycota_odb10/prfl/29955at5204.prfl	61855	1574253482	
busco_downloads/lineages/basidiomycota_odb10/prfl/29983at5204.prfl	111305	1574253482	
busco_downloads/lineages/basidiomycota_odb10/prfl/3010at5204.prfl	132074	1574253482	
busco_downloads/lineages/basidiomycota_odb10/prfl/30117at5204.prfl	86337	1574253482	
busco_downloads/lineages/basidiomycota_odb10/prfl/30133at5204.prfl	74109	1574253482	
busco_downloads/lineages/basidiomycota_odb10/prfl/30137at5204.prfl	52764	1574253482	
busco_downloads/lineages/basidiomycota_odb10/prfl/30258at5204.prfl	64714	1574253481	
busco_downloads/lineages/basidiomycota_odb10/prfl/30265at5204.prfl	114750	1574253482	
busco_downloads/lineages/basidiomycota_odb10/prfl/30267at5204.prfl	124944	1574253482	
busco_downloads/lineages/basidiomycota_odb10/prfl/30301at5204.prfl	66518	1574253482	
busco_downloads/lineages/basidiomycota_odb10/prfl/3036at5204.prfl	152281	1574253482	
busco_downloads/lineages/basidiomycota_odb10/prfl/30401at5204.prfl	83656	1574253482	
busco_downloads/lineages/basidiomycota_odb10/prfl/3055at5204.prfl	163070	1574253482	
busco_downloads/lineages/basidiomycota_odb10/prfl/30627at5204.prfl	70516	1574253482	
busco_downloads/lineages/basidiomycota_odb10/prfl/30654at5204.prfl	64786	1574253482	
busco_downloads/lineages/basidiomycota_odb10/prfl/30832at5204.prfl	65168	1574253482	
busco_downloads/lineages/basidiomycota_odb10/prfl/30872at5204.prfl	83844	1574253482	
busco_downloads/lineages/basidiomycota_odb10/prfl/30899at5204.prfl	86021	1574253482	
busco_downloads/lineages/basidiomycota_odb10/prfl/30936at5204.prfl	55210	1574253482	
busco_downloads/lineages/basidiomycota_odb10/prfl/30940at5204.prfl	64284	1574253482	
busco_downloads/lineages/basidiomycota_odb10/prfl/31028at5204.prfl	83131	1574253482	
busco_downloads/lineages/basidiomycota_odb10/prfl/31047at5204.prfl	54613	1574253482	
busco_downloads/lineages/basidiomycota_odb10/prfl/31054at5204.prfl	68090	1574253482	
busco_downloads/lineages/basidiomycota_odb10/prfl/31071at5204.prfl	54242	1574253482	
busco_downloads/lineages/basidiomycota_odb10/prfl/31080at5204.prfl	56841	1574253482	
busco_downloads/lineages/basidiomycota_odb10/prfl/31125at5204.prfl	71875	1574253482	
busco_downloads/lineages/basidiomycota_odb10/prfl/31148at5204.prfl	48170	1574253481	
busco_downloads/lineages/basidiomycota_odb10/prfl/31153at5204.prfl	107731	1574253482	
busco_downloads/lineages/basidiomycota_odb10/prfl/31163at5204.prfl	54421	1574253482	
busco_downloads/lineages/basidiomycota_odb10/prfl/31331at5204.prfl	76794	1574253482	
busco_downloads/lineages/basidiomycota_odb10/prfl/3142at5204.prfl	153084	1574253482	
busco_downloads/lineages/basidiomycota_odb10/prfl/31446at5204.prfl	60045	1574253482	
busco_downloads/lineages/basidiomycota_odb10/prfl/3148at5204.prfl	191657	1574253482	
busco_downloads/lineages/basidiomycota_odb10/prfl/31492at5204.prfl	77140	1574253482	
busco_downloads/lineages/basidiomycota_odb10/prfl/31502at5204.prfl	57405	1574253481	
busco_downloads/lineages/basidiomycota_odb10/prfl/31607at5204.prfl	73467	1574253482	
busco_downloads/lineages/basidiomycota_odb10/prfl/31640at5204.prfl	103221	1574253482	
busco_downloads/lineages/basidiomycota_odb10/prfl/31654at5204.prfl	56461	1574253482	
busco_downloads/lineages/basidiomycota_odb10/prfl/31675at5204.prfl	59563	1574253482	
busco_downloads/lineages/basidiomycota_odb10/prfl/31762at5204.prfl	126694	1574253482	
busco_downloads/lineages/basidiomycota_odb10/prfl/31828at5204.prfl	47582	1574253482	
busco_downloads/lineages/basidiomycota_odb10/prfl/31934at5204.prfl	43931	1574253482	
busco_downloads/lineages/basidiomycota_odb10/prfl/31962at5204.prfl	69934	1574253482	
busco_downloads/lineages/basidiomycota_odb10/prfl/31963at5204.prfl	89941	1574253482	
busco_downloads/lineages/basidiomycota_odb10/prfl/3198at5204.prfl	176425	1574253482	
busco_downloads/lineages/basidiomycota_odb10/prfl/32021at5204.prfl	60757	1574253481	
busco_downloads/lineages/basidiomycota_odb10/prfl/32057at5204.prfl	122457	1574253482	
busco_downloads/lineages/basidiomycota_odb10/prfl/3208at5204.prfl	157506	1574253482	
busco_downloads/lineages/basidiomycota_odb10/prfl/32165at5204.prfl	52224	1574253482	
busco_downloads/lineages/basidiomycota_odb10/prfl/32180at5204.prfl	56773	1574253482	
busco_downloads/lineages/basidiomycota_odb10/prfl/32281at5204.prfl	61793	1574253482	
busco_downloads/lineages/basidiomycota_odb10/prfl/32284at5204.prfl	84729	1574253482	
busco_downloads/lineages/basidiomycota_odb10/prfl/32302at5204.prfl	56555	1574253482	
busco_downloads/lineages/basidiomycota_odb10/prfl/32342at5204.prfl	79490	1574253482	
busco_downloads/lineages/basidiomycota_odb10/prfl/3234at5204.prfl	114468	1574253482	
busco_downloads/lineages/basidiomycota_odb10/prfl/32378at5204.prfl	59167	1574253482	
busco_downloads/lineages/basidiomycota_odb10/prfl/32381at5204.prfl	62821	1574253482	
busco_downloads/lineages/basidiomycota_odb10/prfl/32421at5204.prfl	76221	1574253481	
busco_downloads/lineages/basidiomycota_odb10/prfl/32454at5204.prfl	64364	1574253482	
busco_downloads/lineages/basidiomycota_odb10/prfl/32548at5204.prfl	72504	1574253482	
busco_downloads/lineages/basidiomycota_odb10/prfl/32552at5204.prfl	61130	1574253482	
busco_downloads/lineages/basidiomycota_odb10/prfl/32623at5204.prfl	63373	1574253482	
busco_downloads/lineages/basidiomycota_odb10/prfl/32707at5204.prfl	65782	1574253482	
busco_downloads/lineages/basidiomycota_odb10/prfl/3271at5204.prfl	124758	1574253482	
busco_downloads/lineages/basidiomycota_odb10/prfl/32817at5204.prfl	76730	1574253481	
busco_downloads/lineages/basidiomycota_odb10/prfl/33016at5204.prfl	43694	1574253481	
busco_downloads/lineages/basidiomycota_odb10/prfl/33033at5204.prfl	68378	1574253482	
busco_downloads/lineages/basidiomycota_odb10/prfl/33053at5204.prfl	60036	1574253482	
busco_downloads/lineages/basidiomycota_odb10/prfl/33059at5204.prfl	53982	1574253482	
busco_downloads/lineages/basidiomycota_odb10/prfl/33159at5204.prfl	68551	1574253482	
busco_downloads/lineages/basidiomycota_odb10/prfl/33189at5204.prfl	176503	1574253482	
busco_downloads/lineages/basidiomycota_odb10/prfl/33204at5204.prfl	60321	1574253481	
busco_downloads/lineages/basidiomycota_odb10/prfl/33258at5204.prfl	77699	1574253482	
busco_downloads/lineages/basidiomycota_odb10/prfl/33275at5204.prfl	58578	1574253482	
busco_downloads/lineages/basidiomycota_odb10/prfl/33331at5204.prfl	105748	1574253482	
busco_downloads/lineages/basidiomycota_odb10/prfl/3336at5204.prfl	166378	1574253482	
busco_downloads/lineages/basidiomycota_odb10/prfl/33379at5204.prfl	60331	1574253482	
busco_downloads/lineages/basidiomycota_odb10/prfl/33439at5204.prfl	78964	1574253482	
busco_downloads/lineages/basidiomycota_odb10/prfl/33448at5204.prfl	50079	1574253482	
busco_downloads/lineages/basidiomycota_odb10/prfl/33463at5204.prfl	65032	1574253481	
busco_downloads/lineages/basidiomycota_odb10/prfl/33481at5204.prfl	57314	1574253482	
busco_downloads/lineages/basidiomycota_odb10/prfl/33495at5204.prfl	51769	1574253482	
busco_downloads/lineages/basidiomycota_odb10/prfl/33500at5204.prfl	69378	1574253482	
busco_downloads/lineages/basidiomycota_odb10/prfl/33616at5204.prfl	118022	1574253482	
busco_downloads/lineages/basidiomycota_odb10/prfl/33631at5204.prfl	61187	1574253482	
busco_downloads/lineages/basidiomycota_odb10/prfl/33655at5204.prfl	67938	1574253482	
busco_downloads/lineages/basidiomycota_odb10/prfl/33667at5204.prfl	138213	1574253482	
busco_downloads/lineages/basidiomycota_odb10/prfl/33679at5204.prfl	59820	1574253481	
busco_downloads/lineages/basidiomycota_odb10/prfl/33711at5204.prfl	53978	1574253482	
busco_downloads/lineages/basidiomycota_odb10/prfl/33732at5204.prfl	79582	1574253482	
busco_downloads/lineages/basidiomycota_odb10/prfl/33768at5204.prfl	60532	1574253482	
busco_downloads/lineages/basidiomycota_odb10/prfl/3379at5204.prfl	121374	1574253482	
busco_downloads/lineages/basidiomycota_odb10/prfl/337at5204.prfl	313791	1574253482	
busco_downloads/lineages/basidiomycota_odb10/prfl/33838at5204.prfl	55905	1574253482	
busco_downloads/lineages/basidiomycota_odb10/prfl/33846at5204.prfl	60907	1574253482	
busco_downloads/lineages/basidiomycota_odb10/prfl/33884at5204.prfl	62929	1574253482	
busco_downloads/lineages/basidiomycota_odb10/prfl/3391at5204.prfl	141723	1574253482	
busco_downloads/lineages/basidiomycota_odb10/prfl/33992at5204.prfl	60850	1574253481	
busco_downloads/lineages/basidiomycota_odb10/prfl/34019at5204.prfl	68383	1574253482	
busco_downloads/lineages/basidiomycota_odb10/prfl/34033at5204.prfl	61233	1574253481	
busco_downloads/lineages/basidiomycota_odb10/prfl/34054at5204.prfl	74952	1574253482	
busco_downloads/lineages/basidiomycota_odb10/prfl/3406at5204.prfl	91575	1574253482	
busco_downloads/lineages/basidiomycota_odb10/prfl/34118at5204.prfl	80695	1574253482	
busco_downloads/lineages/basidiomycota_odb10/prfl/34196at5204.prfl	60384	1574253481	
busco_downloads/lineages/basidiomycota_odb10/prfl/34204at5204.prfl	55046	1574253482	
busco_downloads/lineages/basidiomycota_odb10/prfl/34229at5204.prfl	64600	1574253482	
busco_downloads/lineages/basidiomycota_odb10/prfl/34250at5204.prfl	58972	1574253481	
busco_downloads/lineages/basidiomycota_odb10/prfl/34304at5204.prfl	46533	1574253482	
busco_downloads/lineages/basidiomycota_odb10/prfl/34433at5204.prfl	51222	1574253482	
busco_downloads/lineages/basidiomycota_odb10/prfl/34442at5204.prfl	63232	1574253482	
busco_downloads/lineages/basidiomycota_odb10/prfl/34553at5204.prfl	48207	1574253482	
busco_downloads/lineages/basidiomycota_odb10/prfl/34641at5204.prfl	71569	1574253481	
busco_downloads/lineages/basidiomycota_odb10/prfl/34691at5204.prfl	95294	1574253482	
busco_downloads/lineages/basidiomycota_odb10/prfl/34692at5204.prfl	64879	1574253482	
busco_downloads/lineages/basidiomycota_odb10/prfl/34733at5204.prfl	63649	1574253482	
busco_downloads/lineages/basidiomycota_odb10/prfl/3473at5204.prfl	151108	1574253482	
busco_downloads/lineages/basidiomycota_odb10/prfl/34745at5204.prfl	58339	1574253482	
busco_downloads/lineages/basidiomycota_odb10/prfl/34773at5204.prfl	73810	1574253482	
busco_downloads/lineages/basidiomycota_odb10/prfl/34808at5204.prfl	61989	1574253482	
busco_downloads/lineages/basidiomycota_odb10/prfl/34852at5204.prfl	51893	1574253482	
busco_downloads/lineages/basidiomycota_odb10/prfl/3485at5204.prfl	91582	1574253482	
busco_downloads/lineages/basidiomycota_odb10/prfl/34884at5204.prfl	58152	1574253482	
busco_downloads/lineages/basidiomycota_odb10/prfl/34940at5204.prfl	55758	1574253482	
busco_downloads/lineages/basidiomycota_odb10/prfl/34988at5204.prfl	52518	1574253482	
busco_downloads/lineages/basidiomycota_odb10/prfl/35010at5204.prfl	58325	1574253482	
busco_downloads/lineages/basidiomycota_odb10/prfl/35190at5204.prfl	54376	1574253482	
busco_downloads/lineages/basidiomycota_odb10/prfl/35223at5204.prfl	56418	1574253482	
busco_downloads/lineages/basidiomycota_odb10/prfl/35226at5204.prfl	71767	1574253482	
busco_downloads/lineages/basidiomycota_odb10/prfl/35371at5204.prfl	58401	1574253482	
busco_downloads/lineages/basidiomycota_odb10/prfl/35435at5204.prfl	70905	1574253482	
busco_downloads/lineages/basidiomycota_odb10/prfl/35456at5204.prfl	53067	1574253481	
busco_downloads/lineages/basidiomycota_odb10/prfl/35530at5204.prfl	63825	1574253482	
busco_downloads/lineages/basidiomycota_odb10/prfl/35539at5204.prfl	56591	1574253482	
busco_downloads/lineages/basidiomycota_odb10/prfl/3559at5204.prfl	143751	1574253481	
busco_downloads/lineages/basidiomycota_odb10/prfl/35641at5204.prfl	51727	1574253482	
busco_downloads/lineages/basidiomycota_odb10/prfl/35798at5204.prfl	54251	1574253482	
busco_downloads/lineages/basidiomycota_odb10/prfl/3581at5204.prfl	137389	1574253482	
busco_downloads/lineages/basidiomycota_odb10/prfl/35871at5204.prfl	54745	1574253482	
busco_downloads/lineages/basidiomycota_odb10/prfl/36066at5204.prfl	58083	1574253482	
busco_downloads/lineages/basidiomycota_odb10/prfl/36134at5204.prfl	91756	1574253482	
busco_downloads/lineages/basidiomycota_odb10/prfl/3619at5204.prfl	139701	1574253482	
busco_downloads/lineages/basidiomycota_odb10/prfl/36229at5204.prfl	64758	1574253482	
busco_downloads/lineages/basidiomycota_odb10/prfl/36248at5204.prfl	79016	1574253482	
busco_downloads/lineages/basidiomycota_odb10/prfl/36263at5204.prfl	69397	1574253482	
busco_downloads/lineages/basidiomycota_odb10/prfl/36266at5204.prfl	81701	1574253482	
busco_downloads/lineages/basidiomycota_odb10/prfl/36287at5204.prfl	46483	1574253482	
busco_downloads/lineages/basidiomycota_odb10/prfl/36329at5204.prfl	78322	1574253482	
busco_downloads/lineages/basidiomycota_odb10/prfl/3649at5204.prfl	160154	1574253482	
busco_downloads/lineages/basidiomycota_odb10/prfl/36587at5204.prfl	55506	1574253482	
busco_downloads/lineages/basidiomycota_odb10/prfl/3666at5204.prfl	176631	1574253482	
busco_downloads/lineages/basidiomycota_odb10/prfl/36672at5204.prfl	51159	1574253482	
busco_downloads/lineages/basidiomycota_odb10/prfl/36686at5204.prfl	153264	1574253482	
busco_downloads/lineages/basidiomycota_odb10/prfl/36695at5204.prfl	51833	1574253482	
busco_downloads/lineages/basidiomycota_odb10/prfl/36737at5204.prfl	53457	1574253481	
busco_downloads/lineages/basidiomycota_odb10/prfl/36777at5204.prfl	53456	1574253482	
busco_downloads/lineages/basidiomycota_odb10/prfl/36793at5204.prfl	60529	1574253482	
busco_downloads/lineages/basidiomycota_odb10/prfl/36930at5204.prfl	49181	1574253482	
busco_downloads/lineages/basidiomycota_odb10/prfl/369at5204.prfl	334566	1574253482	
busco_downloads/lineages/basidiomycota_odb10/prfl/37038at5204.prfl	70716	1574253482	
busco_downloads/lineages/basidiomycota_odb10/prfl/37068at5204.prfl	53744	1574253481	
busco_downloads/lineages/basidiomycota_odb10/prfl/3706at5204.prfl	101901	1574253482	
busco_downloads/lineages/basidiomycota_odb10/prfl/37113at5204.prfl	112137	1574253482	
busco_downloads/lineages/basidiomycota_odb10/prfl/3727at5204.prfl	170668	1574253482	
busco_downloads/lineages/basidiomycota_odb10/prfl/37314at5204.prfl	54256	1574253482	
busco_downloads/lineages/basidiomycota_odb10/prfl/37337at5204.prfl	58444	1574253482	
busco_downloads/lineages/basidiomycota_odb10/prfl/37360at5204.prfl	59634	1574253482	
busco_downloads/lineages/basidiomycota_odb10/prfl/37387at5204.prfl	106995	1574253482	
busco_downloads/lineages/basidiomycota_odb10/prfl/373at5204.prfl	404545	1574253482	
busco_downloads/lineages/basidiomycota_odb10/prfl/37483at5204.prfl	49551	1574253482	
busco_downloads/lineages/basidiomycota_odb10/prfl/37508at5204.prfl	59844	1574253482	
busco_downloads/lineages/basidiomycota_odb10/prfl/37584at5204.prfl	51286	1574253482	
busco_downloads/lineages/basidiomycota_odb10/prfl/37662at5204.prfl	58580	1574253482	
busco_downloads/lineages/basidiomycota_odb10/prfl/37702at5204.prfl	92138	1574253482	
busco_downloads/lineages/basidiomycota_odb10/prfl/37752at5204.prfl	64864	1574253481	
busco_downloads/lineages/basidiomycota_odb10/prfl/37753at5204.prfl	55468	1574253482	
busco_downloads/lineages/basidiomycota_odb10/prfl/37793at5204.prfl	49524	1574253482	
busco_downloads/lineages/basidiomycota_odb10/prfl/37829at5204.prfl	56542	1574253482	
busco_downloads/lineages/basidiomycota_odb10/prfl/37839at5204.prfl	61454	1574253482	
busco_downloads/lineages/basidiomycota_odb10/prfl/37863at5204.prfl	66253	1574253482	
busco_downloads/lineages/basidiomycota_odb10/prfl/37911at5204.prfl	73732	1574253482	
busco_downloads/lineages/basidiomycota_odb10/prfl/3796at5204.prfl	148064	1574253482	
busco_downloads/lineages/basidiomycota_odb10/prfl/37986at5204.prfl	59914	1574253482	
busco_downloads/lineages/basidiomycota_odb10/prfl/38002at5204.prfl	50766	1574253482	
busco_downloads/lineages/basidiomycota_odb10/prfl/38123at5204.prfl	63915	1574253482	
busco_downloads/lineages/basidiomycota_odb10/prfl/38197at5204.prfl	41738	1574253481	
busco_downloads/lineages/basidiomycota_odb10/prfl/38341at5204.prfl	80567	1574253482	
busco_downloads/lineages/basidiomycota_odb10/prfl/38392at5204.prfl	47329	1574253482	
busco_downloads/lineages/basidiomycota_odb10/prfl/3844at5204.prfl	175162	1574253482	
busco_downloads/lineages/basidiomycota_odb10/prfl/38458at5204.prfl	100375	1574253482	
busco_downloads/lineages/basidiomycota_odb10/prfl/3856at5204.prfl	151487	1574253482	
busco_downloads/lineages/basidiomycota_odb10/prfl/38597at5204.prfl	103396	1574253481	
busco_downloads/lineages/basidiomycota_odb10/prfl/38665at5204.prfl	59383	1574253482	
busco_downloads/lineages/basidiomycota_odb10/prfl/38674at5204.prfl	54939	1574253482	
busco_downloads/lineages/basidiomycota_odb10/prfl/38778at5204.prfl	61951	1574253482	
busco_downloads/lineages/basidiomycota_odb10/prfl/3877at5204.prfl	142200	1574253482	
busco_downloads/lineages/basidiomycota_odb10/prfl/3882at5204.prfl	163241	1574253482	
busco_downloads/lineages/basidiomycota_odb10/prfl/38874at5204.prfl	52752	1574253481	
busco_downloads/lineages/basidiomycota_odb10/prfl/38878at5204.prfl	59213	1574253481	
busco_downloads/lineages/basidiomycota_odb10/prfl/3900at5204.prfl	135635	1574253482	
busco_downloads/lineages/basidiomycota_odb10/prfl/39025at5204.prfl	54989	1574253482	
busco_downloads/lineages/basidiomycota_odb10/prfl/39046at5204.prfl	77851	1574253482	
busco_downloads/lineages/basidiomycota_odb10/prfl/39124at5204.prfl	111371	1574253482	
busco_downloads/lineages/basidiomycota_odb10/prfl/39147at5204.prfl	65635	1574253482	
busco_downloads/lineages/basidiomycota_odb10/prfl/39264at5204.prfl	64063	1574253482	
busco_downloads/lineages/basidiomycota_odb10/prfl/39298at5204.prfl	62555	1574253482	
busco_downloads/lineages/basidiomycota_odb10/prfl/39314at5204.prfl	61062	1574253482	
busco_downloads/lineages/basidiomycota_odb10/prfl/39389at5204.prfl	44330	1574253482	
busco_downloads/lineages/basidiomycota_odb10/prfl/393at5204.prfl	314801	1574253482	
busco_downloads/lineages/basidiomycota_odb10/prfl/3941at5204.prfl	159059	1574253482	
busco_downloads/lineages/basidiomycota_odb10/prfl/39459at5204.prfl	55646	1574253482	
busco_downloads/lineages/basidiomycota_odb10/prfl/39570at5204.prfl	43872	1574253482	
busco_downloads/lineages/basidiomycota_odb10/prfl/39639at5204.prfl	71967	1574253481	
busco_downloads/lineages/basidiomycota_odb10/prfl/39672at5204.prfl	65100	1574253482	
busco_downloads/lineages/basidiomycota_odb10/prfl/39763at5204.prfl	45802	1574253482	
busco_downloads/lineages/basidiomycota_odb10/prfl/39785at5204.prfl	46347	1574253482	
busco_downloads/lineages/basidiomycota_odb10/prfl/39788at5204.prfl	58168	1574253482	
busco_downloads/lineages/basidiomycota_odb10/prfl/39794at5204.prfl	65766	1574253482	
busco_downloads/lineages/basidiomycota_odb10/prfl/39932at5204.prfl	35060	1574253482	
busco_downloads/lineages/basidiomycota_odb10/prfl/39946at5204.prfl	56549	1574253482	
busco_downloads/lineages/basidiomycota_odb10/prfl/40080at5204.prfl	58413	1574253482	
busco_downloads/lineages/basidiomycota_odb10/prfl/40114at5204.prfl	36331	1574253482	
busco_downloads/lineages/basidiomycota_odb10/prfl/4013at5204.prfl	107082	1574253482	
busco_downloads/lineages/basidiomycota_odb10/prfl/40193at5204.prfl	80262	1574253482	
busco_downloads/lineages/basidiomycota_odb10/prfl/4024at5204.prfl	134711	1574253482	
busco_downloads/lineages/basidiomycota_odb10/prfl/40327at5204.prfl	52557	1574253482	
busco_downloads/lineages/basidiomycota_odb10/prfl/40365at5204.prfl	59000	1574253482	
busco_downloads/lineages/basidiomycota_odb10/prfl/40400at5204.prfl	50955	1574253482	
busco_downloads/lineages/basidiomycota_odb10/prfl/40504at5204.prfl	49312	1574253482	
busco_downloads/lineages/basidiomycota_odb10/prfl/40505at5204.prfl	31905	1574253482	
busco_downloads/lineages/basidiomycota_odb10/prfl/40524at5204.prfl	45860	1574253481	
busco_downloads/lineages/basidiomycota_odb10/prfl/40564at5204.prfl	60513	1574253482	
busco_downloads/lineages/basidiomycota_odb10/prfl/4061at5204.prfl	109707	1574253482	
busco_downloads/lineages/basidiomycota_odb10/prfl/40837at5204.prfl	46412	1574253482	
busco_downloads/lineages/basidiomycota_odb10/prfl/4088at5204.prfl	185958	1574253482	
busco_downloads/lineages/basidiomycota_odb10/prfl/41147at5204.prfl	45183	1574253482	
busco_downloads/lineages/basidiomycota_odb10/prfl/4116at5204.prfl	134176	1574253481	
busco_downloads/lineages/basidiomycota_odb10/prfl/41175at5204.prfl	51169	1574253482	
busco_downloads/lineages/basidiomycota_odb10/prfl/41180at5204.prfl	59276	1574253482	
busco_downloads/lineages/basidiomycota_odb10/prfl/41225at5204.prfl	50953	1574253481	
busco_downloads/lineages/basidiomycota_odb10/prfl/41234at5204.prfl	54000	1574253482	
busco_downloads/lineages/basidiomycota_odb10/prfl/4128at5204.prfl	136653	1574253482	
busco_downloads/lineages/basidiomycota_odb10/prfl/41530at5204.prfl	46261	1574253482	
busco_downloads/lineages/basidiomycota_odb10/prfl/41561at5204.prfl	111333	1574253482	
busco_downloads/lineages/basidiomycota_odb10/prfl/4157at5204.prfl	139153	1574253482	
busco_downloads/lineages/basidiomycota_odb10/prfl/41585at5204.prfl	49755	1574253482	
busco_downloads/lineages/basidiomycota_odb10/prfl/41615at5204.prfl	53704	1574253481	
busco_downloads/lineages/basidiomycota_odb10/prfl/41616at5204.prfl	64572	1574253482	
busco_downloads/lineages/basidiomycota_odb10/prfl/41732at5204.prfl	77401	1574253482	
busco_downloads/lineages/basidiomycota_odb10/prfl/41739at5204.prfl	87441	1574253482	
busco_downloads/lineages/basidiomycota_odb10/prfl/41747at5204.prfl	48581	1574253482	
busco_downloads/lineages/basidiomycota_odb10/prfl/41760at5204.prfl	59152	1574253482	
busco_downloads/lineages/basidiomycota_odb10/prfl/4179at5204.prfl	89886	1574253482	
busco_downloads/lineages/basidiomycota_odb10/prfl/41819at5204.prfl	52452	1574253482	
busco_downloads/lineages/basidiomycota_odb10/prfl/41828at5204.prfl	49798	1574253482	
busco_downloads/lineages/basidiomycota_odb10/prfl/4188at5204.prfl	95300	1574253482	
busco_downloads/lineages/basidiomycota_odb10/prfl/41962at5204.prfl	59587	1574253482	
busco_downloads/lineages/basidiomycota_odb10/prfl/41992at5204.prfl	46703	1574253482	
busco_downloads/lineages/basidiomycota_odb10/prfl/42008at5204.prfl	53373	1574253482	
busco_downloads/lineages/basidiomycota_odb10/prfl/42028at5204.prfl	56315	1574253482	
busco_downloads/lineages/basidiomycota_odb10/prfl/42036at5204.prfl	60086	1574253482	
busco_downloads/lineages/basidiomycota_odb10/prfl/42042at5204.prfl	41615	1574253481	
busco_downloads/lineages/basidiomycota_odb10/prfl/4205at5204.prfl	118231	1574253482	
busco_downloads/lineages/basidiomycota_odb10/prfl/42080at5204.prfl	116050	1574253482	
busco_downloads/lineages/basidiomycota_odb10/prfl/42222at5204.prfl	53753	1574253482	
busco_downloads/lineages/basidiomycota_odb10/prfl/42267at5204.prfl	77047	1574253482	
busco_downloads/lineages/basidiomycota_odb10/prfl/42328at5204.prfl	53816	1574253482	
busco_downloads/lineages/basidiomycota_odb10/prfl/42409at5204.prfl	60055	1574253482	
busco_downloads/lineages/basidiomycota_odb10/prfl/42437at5204.prfl	55318	1574253482	
busco_downloads/lineages/basidiomycota_odb10/prfl/42472at5204.prfl	71587	1574253482	
busco_downloads/lineages/basidiomycota_odb10/prfl/42524at5204.prfl	66205	1574253482	
busco_downloads/lineages/basidiomycota_odb10/prfl/42573at5204.prfl	48565	1574253482	
busco_downloads/lineages/basidiomycota_odb10/prfl/42622at5204.prfl	47977	1574253482	
busco_downloads/lineages/basidiomycota_odb10/prfl/4262at5204.prfl	81453	1574253481	
busco_downloads/lineages/basidiomycota_odb10/prfl/42667at5204.prfl	45584	1574253482	
busco_downloads/lineages/basidiomycota_odb10/prfl/42685at5204.prfl	68877	1574253482	
busco_downloads/lineages/basidiomycota_odb10/prfl/42719at5204.prfl	49718	1574253482	
busco_downloads/lineages/basidiomycota_odb10/prfl/42848at5204.prfl	56329	1574253482	
busco_downloads/lineages/basidiomycota_odb10/prfl/42951at5204.prfl	56210	1574253482	
busco_downloads/lineages/basidiomycota_odb10/prfl/43237at5204.prfl	69363	1574253482	
busco_downloads/lineages/basidiomycota_odb10/prfl/4324at5204.prfl	171488	1574253482	
busco_downloads/lineages/basidiomycota_odb10/prfl/43272at5204.prfl	61428	1574253482	
busco_downloads/lineages/basidiomycota_odb10/prfl/43329at5204.prfl	52568	1574253482	
busco_downloads/lineages/basidiomycota_odb10/prfl/4343at5204.prfl	151582	1574253482	
busco_downloads/lineages/basidiomycota_odb10/prfl/43455at5204.prfl	48499	1574253481	
busco_downloads/lineages/basidiomycota_odb10/prfl/43468at5204.prfl	51379	1574253481	
busco_downloads/lineages/basidiomycota_odb10/prfl/43475at5204.prfl	48605	1574253482	
busco_downloads/lineages/basidiomycota_odb10/prfl/43542at5204.prfl	63507	1574253481	
busco_downloads/lineages/basidiomycota_odb10/prfl/43579at5204.prfl	52132	1574253482	
busco_downloads/lineages/basidiomycota_odb10/prfl/43649at5204.prfl	44994	1574253481	
busco_downloads/lineages/basidiomycota_odb10/prfl/43743at5204.prfl	57021	1574253482	
busco_downloads/lineages/basidiomycota_odb10/prfl/43762at5204.prfl	64312	1574253482	
busco_downloads/lineages/basidiomycota_odb10/prfl/43781at5204.prfl	73020	1574253482	
busco_downloads/lineages/basidiomycota_odb10/prfl/43860at5204.prfl	67471	1574253482	
busco_downloads/lineages/basidiomycota_odb10/prfl/43862at5204.prfl	49175	1574253482	
busco_downloads/lineages/basidiomycota_odb10/prfl/4390at5204.prfl	127997	1574253482	
busco_downloads/lineages/basidiomycota_odb10/prfl/43920at5204.prfl	51088	1574253481	
busco_downloads/lineages/basidiomycota_odb10/prfl/43946at5204.prfl	71175	1574253482	
busco_downloads/lineages/basidiomycota_odb10/prfl/4394at5204.prfl	134560	1574253482	
busco_downloads/lineages/basidiomycota_odb10/prfl/44044at5204.prfl	47552	1574253482	
busco_downloads/lineages/basidiomycota_odb10/prfl/4404at5204.prfl	170687	1574253482	
busco_downloads/lineages/basidiomycota_odb10/prfl/44079at5204.prfl	49938	1574253482	
busco_downloads/lineages/basidiomycota_odb10/prfl/4419at5204.prfl	152785	1574253482	
busco_downloads/lineages/basidiomycota_odb10/prfl/4420at5204.prfl	145812	1574253482	
busco_downloads/lineages/basidiomycota_odb10/prfl/44258at5204.prfl	40027	1574253482	
busco_downloads/lineages/basidiomycota_odb10/prfl/44269at5204.prfl	44243	1574253482	
busco_downloads/lineages/basidiomycota_odb10/prfl/44280at5204.prfl	48656	1574253482	
busco_downloads/lineages/basidiomycota_odb10/prfl/4429at5204.prfl	126173	1574253482	
busco_downloads/lineages/basidiomycota_odb10/prfl/44301at5204.prfl	58043	1574253482	
busco_downloads/lineages/basidiomycota_odb10/prfl/4444at5204.prfl	132549	1574253482	
busco_downloads/lineages/basidiomycota_odb10/prfl/44486at5204.prfl	49898	1574253482	
busco_downloads/lineages/basidiomycota_odb10/prfl/4458at5204.prfl	145049	1574253481	
busco_downloads/lineages/basidiomycota_odb10/prfl/44636at5204.prfl	46619	1574253482	
busco_downloads/lineages/basidiomycota_odb10/prfl/44647at5204.prfl	58902	1574253482	
busco_downloads/lineages/basidiomycota_odb10/prfl/44692at5204.prfl	61521	1574253482	
busco_downloads/lineages/basidiomycota_odb10/prfl/44937at5204.prfl	49361	1574253482	
busco_downloads/lineages/basidiomycota_odb10/prfl/4496at5204.prfl	185663	1574253482	
busco_downloads/lineages/basidiomycota_odb10/prfl/4497at5204.prfl	128532	1574253482	
busco_downloads/lineages/basidiomycota_odb10/prfl/44998at5204.prfl	62570	1574253481	
busco_downloads/lineages/basidiomycota_odb10/prfl/45124at5204.prfl	54641	1574253482	
busco_downloads/lineages/basidiomycota_odb10/prfl/45161at5204.prfl	60469	1574253482	
busco_downloads/lineages/basidiomycota_odb10/prfl/45180at5204.prfl	45347	1574253481	
busco_downloads/lineages/basidiomycota_odb10/prfl/45263at5204.prfl	81158	1574253482	
busco_downloads/lineages/basidiomycota_odb10/prfl/45343at5204.prfl	64674	1574253481	
busco_downloads/lineages/basidiomycota_odb10/prfl/45358at5204.prfl	40732	1574253481	
busco_downloads/lineages/basidiomycota_odb10/prfl/4535at5204.prfl	176935	1574253482	
busco_downloads/lineages/basidiomycota_odb10/prfl/45360at5204.prfl	73710	1574253482	
busco_downloads/lineages/basidiomycota_odb10/prfl/45537at5204.prfl	57923	1574253482	
busco_downloads/lineages/basidiomycota_odb10/prfl/4554at5204.prfl	116493	1574253482	
busco_downloads/lineages/basidiomycota_odb10/prfl/45551at5204.prfl	53091	1574253482	
busco_downloads/lineages/basidiomycota_odb10/prfl/45574at5204.prfl	39032	1574253482	
busco_downloads/lineages/basidiomycota_odb10/prfl/45646at5204.prfl	42161	1574253481	
busco_downloads/lineages/basidiomycota_odb10/prfl/4576at5204.prfl	122429	1574253482	
busco_downloads/lineages/basidiomycota_odb10/prfl/45852at5204.prfl	49131	1574253482	
busco_downloads/lineages/basidiomycota_odb10/prfl/45853at5204.prfl	42913	1574253482	
busco_downloads/lineages/basidiomycota_odb10/prfl/45882at5204.prfl	49889	1574253482	
busco_downloads/lineages/basidiomycota_odb10/prfl/45900at5204.prfl	47078	1574253482	
busco_downloads/lineages/basidiomycota_odb10/prfl/45938at5204.prfl	69073	1574253482	
busco_downloads/lineages/basidiomycota_odb10/prfl/45939at5204.prfl	57414	1574253482	
busco_downloads/lineages/basidiomycota_odb10/prfl/4596at5204.prfl	143223	1574253482	
busco_downloads/lineages/basidiomycota_odb10/prfl/45982at5204.prfl	49149	1574253482	
busco_downloads/lineages/basidiomycota_odb10/prfl/46049at5204.prfl	49449	1574253482	
busco_downloads/lineages/basidiomycota_odb10/prfl/4605at5204.prfl	149119	1574253482	
busco_downloads/lineages/basidiomycota_odb10/prfl/46243at5204.prfl	52072	1574253482	
busco_downloads/lineages/basidiomycota_odb10/prfl/46247at5204.prfl	44348	1574253482	
busco_downloads/lineages/basidiomycota_odb10/prfl/46365at5204.prfl	56907	1574253482	
busco_downloads/lineages/basidiomycota_odb10/prfl/46399at5204.prfl	60791	1574253482	
busco_downloads/lineages/basidiomycota_odb10/prfl/46422at5204.prfl	75496	1574253482	
busco_downloads/lineages/basidiomycota_odb10/prfl/46459at5204.prfl	55634	1574253482	
busco_downloads/lineages/basidiomycota_odb10/prfl/46462at5204.prfl	43860	1574253482	
busco_downloads/lineages/basidiomycota_odb10/prfl/46601at5204.prfl	43005	1574253482	
busco_downloads/lineages/basidiomycota_odb10/prfl/46620at5204.prfl	61396	1574253482	
busco_downloads/lineages/basidiomycota_odb10/prfl/4662at5204.prfl	153582	1574253482	
busco_downloads/lineages/basidiomycota_odb10/prfl/46682at5204.prfl	45410	1574253482	
busco_downloads/lineages/basidiomycota_odb10/prfl/46688at5204.prfl	40555	1574253481	
busco_downloads/lineages/basidiomycota_odb10/prfl/46723at5204.prfl	52646	1574253481	
busco_downloads/lineages/basidiomycota_odb10/prfl/46785at5204.prfl	48119	1574253482	
busco_downloads/lineages/basidiomycota_odb10/prfl/46805at5204.prfl	56958	1574253482	
busco_downloads/lineages/basidiomycota_odb10/prfl/46814at5204.prfl	53252	1574253481	
busco_downloads/lineages/basidiomycota_odb10/prfl/46943at5204.prfl	91786	1574253482	
busco_downloads/lineages/basidiomycota_odb10/prfl/47069at5204.prfl	66037	1574253482	
busco_downloads/lineages/basidiomycota_odb10/prfl/47071at5204.prfl	68335	1574253482	
busco_downloads/lineages/basidiomycota_odb10/prfl/47088at5204.prfl	70038	1574253482	
busco_downloads/lineages/basidiomycota_odb10/prfl/47148at5204.prfl	44981	1574253481	
busco_downloads/lineages/basidiomycota_odb10/prfl/47190at5204.prfl	48634	1574253482	
busco_downloads/lineages/basidiomycota_odb10/prfl/47255at5204.prfl	37330	1574253482	
busco_downloads/lineages/basidiomycota_odb10/prfl/47334at5204.prfl	52255	1574253481	
busco_downloads/lineages/basidiomycota_odb10/prfl/4735at5204.prfl	155572	1574253482	
busco_downloads/lineages/basidiomycota_odb10/prfl/47362at5204.prfl	53381	1574253482	
busco_downloads/lineages/basidiomycota_odb10/prfl/47363at5204.prfl	48954	1574253482	
busco_downloads/lineages/basidiomycota_odb10/prfl/47404at5204.prfl	141660	1574253482	
busco_downloads/lineages/basidiomycota_odb10/prfl/47405at5204.prfl	44260	1574253482	
busco_downloads/lineages/basidiomycota_odb10/prfl/4741at5204.prfl	138107	1574253482	
busco_downloads/lineages/basidiomycota_odb10/prfl/47469at5204.prfl	48271	1574253482	
busco_downloads/lineages/basidiomycota_odb10/prfl/47494at5204.prfl	46098	1574253481	
busco_downloads/lineages/basidiomycota_odb10/prfl/474at5204.prfl	234437	1574253482	
busco_downloads/lineages/basidiomycota_odb10/prfl/47519at5204.prfl	41251	1574253482	
busco_downloads/lineages/basidiomycota_odb10/prfl/47564at5204.prfl	42161	1574253482	
busco_downloads/lineages/basidiomycota_odb10/prfl/475at5204.prfl	240502	1574253482	
busco_downloads/lineages/basidiomycota_odb10/prfl/4762at5204.prfl	157980	1574253482	
busco_downloads/lineages/basidiomycota_odb10/prfl/47645at5204.prfl	96167	1574253481	
busco_downloads/lineages/basidiomycota_odb10/prfl/47669at5204.prfl	44483	1574253482	
busco_downloads/lineages/basidiomycota_odb10/prfl/4769at5204.prfl	180263	1574253482	
busco_downloads/lineages/basidiomycota_odb10/prfl/4778at5204.prfl	108359	1574253482	
busco_downloads/lineages/basidiomycota_odb10/prfl/47794at5204.prfl	42180	1574253482	
busco_downloads/lineages/basidiomycota_odb10/prfl/4781at5204.prfl	121568	1574253482	
busco_downloads/lineages/basidiomycota_odb10/prfl/47964at5204.prfl	47332	1574253482	
busco_downloads/lineages/basidiomycota_odb10/prfl/479at5204.prfl	276371	1574253482	
busco_downloads/lineages/basidiomycota_odb10/prfl/48036at5204.prfl	41477	1574253482	
busco_downloads/lineages/basidiomycota_odb10/prfl/48062at5204.prfl	80448	1574253482	
busco_downloads/lineages/basidiomycota_odb10/prfl/48071at5204.prfl	43595	1574253482	
busco_downloads/lineages/basidiomycota_odb10/prfl/4814at5204.prfl	134668	1574253482	
busco_downloads/lineages/basidiomycota_odb10/prfl/48210at5204.prfl	61731	1574253482	
busco_downloads/lineages/basidiomycota_odb10/prfl/48238at5204.prfl	45039	1574253481	
busco_downloads/lineages/basidiomycota_odb10/prfl/48325at5204.prfl	48563	1574253482	
busco_downloads/lineages/basidiomycota_odb10/prfl/48327at5204.prfl	36825	1574253482	
busco_downloads/lineages/basidiomycota_odb10/prfl/4854at5204.prfl	119549	1574253482	
busco_downloads/lineages/basidiomycota_odb10/prfl/48554at5204.prfl	41525	1574253482	
busco_downloads/lineages/basidiomycota_odb10/prfl/48610at5204.prfl	56286	1574253482	
busco_downloads/lineages/basidiomycota_odb10/prfl/48671at5204.prfl	34270	1574253481	
busco_downloads/lineages/basidiomycota_odb10/prfl/48693at5204.prfl	32415	1574253482	
busco_downloads/lineages/basidiomycota_odb10/prfl/4871at5204.prfl	157954	1574253482	
busco_downloads/lineages/basidiomycota_odb10/prfl/48728at5204.prfl	40656	1574253482	
busco_downloads/lineages/basidiomycota_odb10/prfl/48738at5204.prfl	41068	1574253482	
busco_downloads/lineages/basidiomycota_odb10/prfl/48895at5204.prfl	48230	1574253482	
busco_downloads/lineages/basidiomycota_odb10/prfl/49092at5204.prfl	48774	1574253482	
busco_downloads/lineages/basidiomycota_odb10/prfl/49101at5204.prfl	64133	1574253481	
busco_downloads/lineages/basidiomycota_odb10/prfl/49136at5204.prfl	33813	1574253482	
busco_downloads/lineages/basidiomycota_odb10/prfl/49180at5204.prfl	49829	1574253482	
busco_downloads/lineages/basidiomycota_odb10/prfl/49196at5204.prfl	47670	1574253482	
busco_downloads/lineages/basidiomycota_odb10/prfl/49251at5204.prfl	45790	1574253482	
busco_downloads/lineages/basidiomycota_odb10/prfl/4928at5204.prfl	193154	1574253482	
busco_downloads/lineages/basidiomycota_odb10/prfl/49302at5204.prfl	42429	1574253482	
busco_downloads/lineages/basidiomycota_odb10/prfl/49390at5204.prfl	40834	1574253482	
busco_downloads/lineages/basidiomycota_odb10/prfl/49596at5204.prfl	28100	1574253481	
busco_downloads/lineages/basidiomycota_odb10/prfl/49710at5204.prfl	67180	1574253482	
busco_downloads/lineages/basidiomycota_odb10/prfl/49767at5204.prfl	42846	1574253482	
busco_downloads/lineages/basidiomycota_odb10/prfl/49790at5204.prfl	66058	1574253482	
busco_downloads/lineages/basidiomycota_odb10/prfl/49809at5204.prfl	42049	1574253482	
busco_downloads/lineages/basidiomycota_odb10/prfl/49816at5204.prfl	46940	1574253482	
busco_downloads/lineages/basidiomycota_odb10/prfl/49857at5204.prfl	44901	1574253482	
busco_downloads/lineages/basidiomycota_odb10/prfl/49865at5204.prfl	60219	1574253482	
busco_downloads/lineages/basidiomycota_odb10/prfl/49872at5204.prfl	57798	1574253481	
busco_downloads/lineages/basidiomycota_odb10/prfl/4991at5204.prfl	116506	1574253482	
busco_downloads/lineages/basidiomycota_odb10/prfl/49926at5204.prfl	44893	1574253482	
busco_downloads/lineages/basidiomycota_odb10/prfl/49954at5204.prfl	35601	1574253482	
busco_downloads/lineages/basidiomycota_odb10/prfl/49957at5204.prfl	48873	1574253482	
busco_downloads/lineages/basidiomycota_odb10/prfl/49981at5204.prfl	49565	1574253482	
busco_downloads/lineages/basidiomycota_odb10/prfl/50000at5204.prfl	65856	1574253482	
busco_downloads/lineages/basidiomycota_odb10/prfl/50042at5204.prfl	33530	1574253482	
busco_downloads/lineages/basidiomycota_odb10/prfl/50045at5204.prfl	43328	1574253482	
busco_downloads/lineages/basidiomycota_odb10/prfl/501at5204.prfl	244543	1574253482	
busco_downloads/lineages/basidiomycota_odb10/prfl/50215at5204.prfl	39499	1574253482	
busco_downloads/lineages/basidiomycota_odb10/prfl/50259at5204.prfl	42048	1574253482	
busco_downloads/lineages/basidiomycota_odb10/prfl/50278at5204.prfl	43355	1574253482	
busco_downloads/lineages/basidiomycota_odb10/prfl/50477at5204.prfl	72580	1574253482	
busco_downloads/lineages/basidiomycota_odb10/prfl/5048at5204.prfl	118597	1574253482	
busco_downloads/lineages/basidiomycota_odb10/prfl/50541at5204.prfl	53793	1574253481	
busco_downloads/lineages/basidiomycota_odb10/prfl/5054at5204.prfl	137519	1574253482	
busco_downloads/lineages/basidiomycota_odb10/prfl/50621at5204.prfl	47743	1574253482	
busco_downloads/lineages/basidiomycota_odb10/prfl/50642at5204.prfl	43043	1574253482	
busco_downloads/lineages/basidiomycota_odb10/prfl/50666at5204.prfl	41313	1574253481	
busco_downloads/lineages/basidiomycota_odb10/prfl/50708at5204.prfl	37700	1574253482	
busco_downloads/lineages/basidiomycota_odb10/prfl/5072at5204.prfl	141832	1574253482	
busco_downloads/lineages/basidiomycota_odb10/prfl/50749at5204.prfl	43152	1574253482	
busco_downloads/lineages/basidiomycota_odb10/prfl/50795at5204.prfl	49032	1574253482	
busco_downloads/lineages/basidiomycota_odb10/prfl/50802at5204.prfl	50383	1574253482	
busco_downloads/lineages/basidiomycota_odb10/prfl/5080at5204.prfl	136970	1574253482	
busco_downloads/lineages/basidiomycota_odb10/prfl/50848at5204.prfl	34626	1574253482	
busco_downloads/lineages/basidiomycota_odb10/prfl/50873at5204.prfl	27689	1574253482	
busco_downloads/lineages/basidiomycota_odb10/prfl/50895at5204.prfl	50674	1574253482	
busco_downloads/lineages/basidiomycota_odb10/prfl/50911at5204.prfl	116541	1574253481	
busco_downloads/lineages/basidiomycota_odb10/prfl/50972at5204.prfl	46592	1574253481	
busco_downloads/lineages/basidiomycota_odb10/prfl/50977at5204.prfl	43615	1574253482	
busco_downloads/lineages/basidiomycota_odb10/prfl/50980at5204.prfl	49391	1574253482	
busco_downloads/lineages/basidiomycota_odb10/prfl/51001at5204.prfl	40766	1574253482	
busco_downloads/lineages/basidiomycota_odb10/prfl/51020at5204.prfl	48477	1574253482	
busco_downloads/lineages/basidiomycota_odb10/prfl/5109at5204.prfl	128937	1574253482	
busco_downloads/lineages/basidiomycota_odb10/prfl/51104at5204.prfl	56931	1574253482	
busco_downloads/lineages/basidiomycota_odb10/prfl/5116at5204.prfl	115731	1574253482	
busco_downloads/lineages/basidiomycota_odb10/prfl/51222at5204.prfl	55728	1574253482	
busco_downloads/lineages/basidiomycota_odb10/prfl/51235at5204.prfl	57646	1574253482	
busco_downloads/lineages/basidiomycota_odb10/prfl/51268at5204.prfl	56143	1574253482	
busco_downloads/lineages/basidiomycota_odb10/prfl/5128at5204.prfl	158512	1574253482	
busco_downloads/lineages/basidiomycota_odb10/prfl/51342at5204.prfl	102926	1574253482	
busco_downloads/lineages/basidiomycota_odb10/prfl/51404at5204.prfl	44535	1574253482	
busco_downloads/lineages/basidiomycota_odb10/prfl/51442at5204.prfl	66438	1574253482	
busco_downloads/lineages/basidiomycota_odb10/prfl/51489at5204.prfl	37789	1574253482	
busco_downloads/lineages/basidiomycota_odb10/prfl/51521at5204.prfl	66489	1574253482	
busco_downloads/lineages/basidiomycota_odb10/prfl/5158at5204.prfl	139512	1574253482	
busco_downloads/lineages/basidiomycota_odb10/prfl/51662at5204.prfl	59534	1574253482	
busco_downloads/lineages/basidiomycota_odb10/prfl/51915at5204.prfl	32477	1574253482	
busco_downloads/lineages/basidiomycota_odb10/prfl/5196at5204.prfl	114442	1574253482	
busco_downloads/lineages/basidiomycota_odb10/prfl/51979at5204.prfl	39562	1574253481	
busco_downloads/lineages/basidiomycota_odb10/prfl/5198at5204.prfl	134200	1574253482	
busco_downloads/lineages/basidiomycota_odb10/prfl/52059at5204.prfl	45288	1574253482	
busco_downloads/lineages/basidiomycota_odb10/prfl/5207at5204.prfl	135506	1574253482	
busco_downloads/lineages/basidiomycota_odb10/prfl/52129at5204.prfl	52283	1574253482	
busco_downloads/lineages/basidiomycota_odb10/prfl/52152at5204.prfl	54048	1574253481	
busco_downloads/lineages/basidiomycota_odb10/prfl/52175at5204.prfl	57241	1574253481	
busco_downloads/lineages/basidiomycota_odb10/prfl/52463at5204.prfl	28572	1574253482	
busco_downloads/lineages/basidiomycota_odb10/prfl/5260at5204.prfl	117501	1574253482	
busco_downloads/lineages/basidiomycota_odb10/prfl/52832at5204.prfl	45395	1574253481	
busco_downloads/lineages/basidiomycota_odb10/prfl/5285at5204.prfl	122701	1574253482	
busco_downloads/lineages/basidiomycota_odb10/prfl/52863at5204.prfl	45594	1574253482	
busco_downloads/lineages/basidiomycota_odb10/prfl/52869at5204.prfl	52688	1574253482	
busco_downloads/lineages/basidiomycota_odb10/prfl/52873at5204.prfl	47824	1574253482	
busco_downloads/lineages/basidiomycota_odb10/prfl/5293at5204.prfl	122971	1574253482	
busco_downloads/lineages/basidiomycota_odb10/prfl/529at5204.prfl	269161	1574253482	
busco_downloads/lineages/basidiomycota_odb10/prfl/53062at5204.prfl	39845	1574253482	
busco_downloads/lineages/basidiomycota_odb10/prfl/53129at5204.prfl	39506	1574253482	
busco_downloads/lineages/basidiomycota_odb10/prfl/53149at5204.prfl	48300	1574253482	
busco_downloads/lineages/basidiomycota_odb10/prfl/53186at5204.prfl	49970	1574253482	
busco_downloads/lineages/basidiomycota_odb10/prfl/53236at5204.prfl	63106	1574253481	
busco_downloads/lineages/basidiomycota_odb10/prfl/53261at5204.prfl	55620	1574253482	
busco_downloads/lineages/basidiomycota_odb10/prfl/53349at5204.prfl	51433	1574253482	
busco_downloads/lineages/basidiomycota_odb10/prfl/53364at5204.prfl	40988	1574253482	
busco_downloads/lineages/basidiomycota_odb10/prfl/5337at5204.prfl	139070	1574253481	
busco_downloads/lineages/basidiomycota_odb10/prfl/53403at5204.prfl	49684	1574253482	
busco_downloads/lineages/basidiomycota_odb10/prfl/53417at5204.prfl	39502	1574253482	
busco_downloads/lineages/basidiomycota_odb10/prfl/53431at5204.prfl	39341	1574253482	
busco_downloads/lineages/basidiomycota_odb10/prfl/53607at5204.prfl	45284	1574253482	
busco_downloads/lineages/basidiomycota_odb10/prfl/53742at5204.prfl	43803	1574253482	
busco_downloads/lineages/basidiomycota_odb10/prfl/53866at5204.prfl	52144	1574253482	
busco_downloads/lineages/basidiomycota_odb10/prfl/53868at5204.prfl	44428	1574253482	
busco_downloads/lineages/basidiomycota_odb10/prfl/53888at5204.prfl	40671	1574253482	
busco_downloads/lineages/basidiomycota_odb10/prfl/53905at5204.prfl	39901	1574253482	
busco_downloads/lineages/basidiomycota_odb10/prfl/5390at5204.prfl	125128	1574253482	
busco_downloads/lineages/basidiomycota_odb10/prfl/5391at5204.prfl	111970	1574253482	
busco_downloads/lineages/basidiomycota_odb10/prfl/54010at5204.prfl	49619	1574253482	
busco_downloads/lineages/basidiomycota_odb10/prfl/54013at5204.prfl	39881	1574253482	
busco_downloads/lineages/basidiomycota_odb10/prfl/54020at5204.prfl	45778	1574253482	
busco_downloads/lineages/basidiomycota_odb10/prfl/54038at5204.prfl	34557	1574253482	
busco_downloads/lineages/basidiomycota_odb10/prfl/54046at5204.prfl	58898	1574253481	
busco_downloads/lineages/basidiomycota_odb10/prfl/54089at5204.prfl	44336	1574253482	
busco_downloads/lineages/basidiomycota_odb10/prfl/54194at5204.prfl	46632	1574253482	
busco_downloads/lineages/basidiomycota_odb10/prfl/54196at5204.prfl	28749	1574253482	
busco_downloads/lineages/basidiomycota_odb10/prfl/54208at5204.prfl	45724	1574253482	
busco_downloads/lineages/basidiomycota_odb10/prfl/54383at5204.prfl	41712	1574253482	
busco_downloads/lineages/basidiomycota_odb10/prfl/543at5204.prfl	231266	1574253482	
busco_downloads/lineages/basidiomycota_odb10/prfl/5447at5204.prfl	132926	1574253482	
busco_downloads/lineages/basidiomycota_odb10/prfl/5462at5204.prfl	126198	1574253482	
busco_downloads/lineages/basidiomycota_odb10/prfl/54660at5204.prfl	51941	1574253482	
busco_downloads/lineages/basidiomycota_odb10/prfl/54793at5204.prfl	38203	1574253482	
busco_downloads/lineages/basidiomycota_odb10/prfl/54810at5204.prfl	45431	1574253481	
busco_downloads/lineages/basidiomycota_odb10/prfl/55023at5204.prfl	43910	1574253482	
busco_downloads/lineages/basidiomycota_odb10/prfl/55051at5204.prfl	46873	1574253482	
busco_downloads/lineages/basidiomycota_odb10/prfl/55062at5204.prfl	32094	1574253482	
busco_downloads/lineages/basidiomycota_odb10/prfl/55072at5204.prfl	37722	1574253482	
busco_downloads/lineages/basidiomycota_odb10/prfl/55117at5204.prfl	41442	1574253482	
busco_downloads/lineages/basidiomycota_odb10/prfl/55278at5204.prfl	50862	1574253482	
busco_downloads/lineages/basidiomycota_odb10/prfl/55322at5204.prfl	91287	1574253482	
busco_downloads/lineages/basidiomycota_odb10/prfl/55357at5204.prfl	34749	1574253482	
busco_downloads/lineages/basidiomycota_odb10/prfl/55360at5204.prfl	49186	1574253482	
busco_downloads/lineages/basidiomycota_odb10/prfl/55377at5204.prfl	31313	1574253482	
busco_downloads/lineages/basidiomycota_odb10/prfl/55386at5204.prfl	49452	1574253482	
busco_downloads/lineages/basidiomycota_odb10/prfl/55390at5204.prfl	43115	1574253482	
busco_downloads/lineages/basidiomycota_odb10/prfl/55573at5204.prfl	39101	1574253482	
busco_downloads/lineages/basidiomycota_odb10/prfl/5562at5204.prfl	126117	1574253481	
busco_downloads/lineages/basidiomycota_odb10/prfl/55701at5204.prfl	42999	1574253482	
busco_downloads/lineages/basidiomycota_odb10/prfl/55708at5204.prfl	52549	1574253482	
busco_downloads/lineages/basidiomycota_odb10/prfl/55820at5204.prfl	47298	1574253482	
busco_downloads/lineages/basidiomycota_odb10/prfl/55830at5204.prfl	38685	1574253482	
busco_downloads/lineages/basidiomycota_odb10/prfl/55883at5204.prfl	60575	1574253481	
busco_downloads/lineages/basidiomycota_odb10/prfl/55951at5204.prfl	48675	1574253482	
busco_downloads/lineages/basidiomycota_odb10/prfl/55975at5204.prfl	54784	1574253482	
busco_downloads/lineages/basidiomycota_odb10/prfl/55980at5204.prfl	70053	1574253482	
busco_downloads/lineages/basidiomycota_odb10/prfl/5602at5204.prfl	104608	1574253482	
busco_downloads/lineages/basidiomycota_odb10/prfl/56071at5204.prfl	49341	1574253481	
busco_downloads/lineages/basidiomycota_odb10/prfl/56133at5204.prfl	46177	1574253482	
busco_downloads/lineages/basidiomycota_odb10/prfl/56134at5204.prfl	68755	1574253482	
busco_downloads/lineages/basidiomycota_odb10/prfl/56184at5204.prfl	54837	1574253482	
busco_downloads/lineages/basidiomycota_odb10/prfl/5622at5204.prfl	135200	1574253482	
busco_downloads/lineages/basidiomycota_odb10/prfl/56245at5204.prfl	35243	1574253482	
busco_downloads/lineages/basidiomycota_odb10/prfl/56266at5204.prfl	31601	1574253482	
busco_downloads/lineages/basidiomycota_odb10/prfl/56356at5204.prfl	40444	1574253482	
busco_downloads/lineages/basidiomycota_odb10/prfl/5648at5204.prfl	145452	1574253482	
busco_downloads/lineages/basidiomycota_odb10/prfl/56524at5204.prfl	60680	1574253482	
busco_downloads/lineages/basidiomycota_odb10/prfl/56555at5204.prfl	99200	1574253482	
busco_downloads/lineages/basidiomycota_odb10/prfl/56771at5204.prfl	40633	1574253482	
busco_downloads/lineages/basidiomycota_odb10/prfl/56887at5204.prfl	40921	1574253482	
busco_downloads/lineages/basidiomycota_odb10/prfl/56891at5204.prfl	43221	1574253482	
busco_downloads/lineages/basidiomycota_odb10/prfl/5696at5204.prfl	98316	1574253482	
busco_downloads/lineages/basidiomycota_odb10/prfl/56992at5204.prfl	57243	1574253482	
busco_downloads/lineages/basidiomycota_odb10/prfl/57026at5204.prfl	41764	1574253481	
busco_downloads/lineages/basidiomycota_odb10/prfl/57038at5204.prfl	39173	1574253482	
busco_downloads/lineages/basidiomycota_odb10/prfl/57040at5204.prfl	38454	1574253481	
busco_downloads/lineages/basidiomycota_odb10/prfl/57070at5204.prfl	36171	1574253482	
busco_downloads/lineages/basidiomycota_odb10/prfl/57078at5204.prfl	30305	1574253482	
busco_downloads/lineages/basidiomycota_odb10/prfl/57104at5204.prfl	68483	1574253482	
busco_downloads/lineages/basidiomycota_odb10/prfl/57152at5204.prfl	36807	1574253482	
busco_downloads/lineages/basidiomycota_odb10/prfl/57214at5204.prfl	69022	1574253482	
busco_downloads/lineages/basidiomycota_odb10/prfl/57255at5204.prfl	43603	1574253482	
busco_downloads/lineages/basidiomycota_odb10/prfl/57327at5204.prfl	58924	1574253482	
busco_downloads/lineages/basidiomycota_odb10/prfl/57363at5204.prfl	46631	1574253482	
busco_downloads/lineages/basidiomycota_odb10/prfl/57419at5204.prfl	39117	1574253482	
busco_downloads/lineages/basidiomycota_odb10/prfl/57435at5204.prfl	39403	1574253482	
busco_downloads/lineages/basidiomycota_odb10/prfl/57440at5204.prfl	42348	1574253482	
busco_downloads/lineages/basidiomycota_odb10/prfl/57584at5204.prfl	33077	1574253482	
busco_downloads/lineages/basidiomycota_odb10/prfl/57703at5204.prfl	47781	1574253482	
busco_downloads/lineages/basidiomycota_odb10/prfl/57872at5204.prfl	41898	1574253482	
busco_downloads/lineages/basidiomycota_odb10/prfl/57883at5204.prfl	50141	1574253482	
busco_downloads/lineages/basidiomycota_odb10/prfl/57893at5204.prfl	48409	1574253481	
busco_downloads/lineages/basidiomycota_odb10/prfl/5789at5204.prfl	123359	1574253482	
busco_downloads/lineages/basidiomycota_odb10/prfl/57929at5204.prfl	37734	1574253482	
busco_downloads/lineages/basidiomycota_odb10/prfl/57944at5204.prfl	51088	1574253482	
busco_downloads/lineages/basidiomycota_odb10/prfl/57981at5204.prfl	41639	1574253482	
busco_downloads/lineages/basidiomycota_odb10/prfl/57993at5204.prfl	49638	1574253482	
busco_downloads/lineages/basidiomycota_odb10/prfl/58097at5204.prfl	38427	1574253482	
busco_downloads/lineages/basidiomycota_odb10/prfl/58106at5204.prfl	44636	1574253482	
busco_downloads/lineages/basidiomycota_odb10/prfl/58122at5204.prfl	47488	1574253482	
busco_downloads/lineages/basidiomycota_odb10/prfl/58176at5204.prfl	36497	1574253482	
busco_downloads/lineages/basidiomycota_odb10/prfl/58222at5204.prfl	37422	1574253482	
busco_downloads/lineages/basidiomycota_odb10/prfl/58233at5204.prfl	34294	1574253482	
busco_downloads/lineages/basidiomycota_odb10/prfl/58403at5204.prfl	46356	1574253482	
busco_downloads/lineages/basidiomycota_odb10/prfl/58507at5204.prfl	35301	1574253482	
busco_downloads/lineages/basidiomycota_odb10/prfl/5850at5204.prfl	118930	1574253482	
busco_downloads/lineages/basidiomycota_odb10/prfl/58523at5204.prfl	35621	1574253482	
busco_downloads/lineages/basidiomycota_odb10/prfl/58546at5204.prfl	54650	1574253482	
busco_downloads/lineages/basidiomycota_odb10/prfl/58589at5204.prfl	26396	1574253482	
busco_downloads/lineages/basidiomycota_odb10/prfl/58593at5204.prfl	39626	1574253482	
busco_downloads/lineages/basidiomycota_odb10/prfl/58664at5204.prfl	35400	1574253482	
busco_downloads/lineages/basidiomycota_odb10/prfl/58725at5204.prfl	37644	1574253481	
busco_downloads/lineages/basidiomycota_odb10/prfl/5875at5204.prfl	151338	1574253482	
busco_downloads/lineages/basidiomycota_odb10/prfl/5879at5204.prfl	107366	1574253482	
busco_downloads/lineages/basidiomycota_odb10/prfl/58at5204.prfl	584560	1574253482	
busco_downloads/lineages/basidiomycota_odb10/prfl/59024at5204.prfl	31599	1574253482	
busco_downloads/lineages/basidiomycota_odb10/prfl/59154at5204.prfl	42053	1574253482	
busco_downloads/lineages/basidiomycota_odb10/prfl/59186at5204.prfl	47586	1574253482	
busco_downloads/lineages/basidiomycota_odb10/prfl/59203at5204.prfl	40795	1574253482	
busco_downloads/lineages/basidiomycota_odb10/prfl/59297at5204.prfl	50296	1574253482	
busco_downloads/lineages/basidiomycota_odb10/prfl/59343at5204.prfl	40623	1574253482	
busco_downloads/lineages/basidiomycota_odb10/prfl/59387at5204.prfl	41316	1574253482	
busco_downloads/lineages/basidiomycota_odb10/prfl/593at5204.prfl	241279	1574253482	
busco_downloads/lineages/basidiomycota_odb10/prfl/5943at5204.prfl	91877	1574253482	
busco_downloads/lineages/basidiomycota_odb10/prfl/5948at5204.prfl	108207	1574253481	
busco_downloads/lineages/basidiomycota_odb10/prfl/59501at5204.prfl	44580	1574253482	
busco_downloads/lineages/basidiomycota_odb10/prfl/59504at5204.prfl	39256	1574253481	
busco_downloads/lineages/basidiomycota_odb10/prfl/59519at5204.prfl	31131	1574253482	
busco_downloads/lineages/basidiomycota_odb10/prfl/59521at5204.prfl	50045	1574253482	
busco_downloads/lineages/basidiomycota_odb10/prfl/59534at5204.prfl	34477	1574253482	
busco_downloads/lineages/basidiomycota_odb10/prfl/59608at5204.prfl	33208	1574253482	
busco_downloads/lineages/basidiomycota_odb10/prfl/59689at5204.prfl	30932	1574253482	
busco_downloads/lineages/basidiomycota_odb10/prfl/59743at5204.prfl	42568	1574253481	
busco_downloads/lineages/basidiomycota_odb10/prfl/59751at5204.prfl	52246	1574253482	
busco_downloads/lineages/basidiomycota_odb10/prfl/59787at5204.prfl	40901	1574253482	
busco_downloads/lineages/basidiomycota_odb10/prfl/59798at5204.prfl	43636	1574253482	
busco_downloads/lineages/basidiomycota_odb10/prfl/59805at5204.prfl	31287	1574253482	
busco_downloads/lineages/basidiomycota_odb10/prfl/59860at5204.prfl	36754	1574253482	
busco_downloads/lineages/basidiomycota_odb10/prfl/59871at5204.prfl	33779	1574253482	
busco_downloads/lineages/basidiomycota_odb10/prfl/59885at5204.prfl	37333	1574253482	
busco_downloads/lineages/basidiomycota_odb10/prfl/59938at5204.prfl	43427	1574253482	
busco_downloads/lineages/basidiomycota_odb10/prfl/60023at5204.prfl	41644	1574253482	
busco_downloads/lineages/basidiomycota_odb10/prfl/60091at5204.prfl	39454	1574253482	
busco_downloads/lineages/basidiomycota_odb10/prfl/60093at5204.prfl	37311	1574253481	
busco_downloads/lineages/basidiomycota_odb10/prfl/60168at5204.prfl	50588	1574253482	
busco_downloads/lineages/basidiomycota_odb10/prfl/60257at5204.prfl	44329	1574253482	
busco_downloads/lineages/basidiomycota_odb10/prfl/60260at5204.prfl	61292	1574253482	
busco_downloads/lineages/basidiomycota_odb10/prfl/60302at5204.prfl	38266	1574253482	
busco_downloads/lineages/basidiomycota_odb10/prfl/60315at5204.prfl	29801	1574253482	
busco_downloads/lineages/basidiomycota_odb10/prfl/60319at5204.prfl	32910	1574253482	
busco_downloads/lineages/basidiomycota_odb10/prfl/60359at5204.prfl	38679	1574253481	
busco_downloads/lineages/basidiomycota_odb10/prfl/60376at5204.prfl	37629	1574253482	
busco_downloads/lineages/basidiomycota_odb10/prfl/60377at5204.prfl	52369	1574253481	
busco_downloads/lineages/basidiomycota_odb10/prfl/60394at5204.prfl	60611	1574253482	
busco_downloads/lineages/basidiomycota_odb10/prfl/60438at5204.prfl	33952	1574253482	
busco_downloads/lineages/basidiomycota_odb10/prfl/60597at5204.prfl	47339	1574253482	
busco_downloads/lineages/basidiomycota_odb10/prfl/6059at5204.prfl	135336	1574253482	
busco_downloads/lineages/basidiomycota_odb10/prfl/60642at5204.prfl	34687	1574253482	
busco_downloads/lineages/basidiomycota_odb10/prfl/60664at5204.prfl	41305	1574253482	
busco_downloads/lineages/basidiomycota_odb10/prfl/60816at5204.prfl	35821	1574253482	
busco_downloads/lineages/basidiomycota_odb10/prfl/60856at5204.prfl	38195	1574253482	
busco_downloads/lineages/basidiomycota_odb10/prfl/60878at5204.prfl	33194	1574253482	
busco_downloads/lineages/basidiomycota_odb10/prfl/60896at5204.prfl	42117	1574253482	
busco_downloads/lineages/basidiomycota_odb10/prfl/6100at5204.prfl	111070	1574253482	
busco_downloads/lineages/basidiomycota_odb10/prfl/61012at5204.prfl	41335	1574253482	
busco_downloads/lineages/basidiomycota_odb10/prfl/61099at5204.prfl	35154	1574253482	
busco_downloads/lineages/basidiomycota_odb10/prfl/610at5204.prfl	235753	1574253482	
busco_downloads/lineages/basidiomycota_odb10/prfl/61175at5204.prfl	33533	1574253482	
busco_downloads/lineages/basidiomycota_odb10/prfl/61189at5204.prfl	41077	1574253482	
busco_downloads/lineages/basidiomycota_odb10/prfl/61297at5204.prfl	34218	1574253482	
busco_downloads/lineages/basidiomycota_odb10/prfl/61298at5204.prfl	33236	1574253481	
busco_downloads/lineages/basidiomycota_odb10/prfl/61307at5204.prfl	36540	1574253481	
busco_downloads/lineages/basidiomycota_odb10/prfl/61316at5204.prfl	30038	1574253482	
busco_downloads/lineages/basidiomycota_odb10/prfl/6132at5204.prfl	91957	1574253482	
busco_downloads/lineages/basidiomycota_odb10/prfl/61492at5204.prfl	46786	1574253482	
busco_downloads/lineages/basidiomycota_odb10/prfl/61550at5204.prfl	42751	1574253482	
busco_downloads/lineages/basidiomycota_odb10/prfl/615at5204.prfl	226769	1574253482	
busco_downloads/lineages/basidiomycota_odb10/prfl/61632at5204.prfl	32812	1574253482	
busco_downloads/lineages/basidiomycota_odb10/prfl/61655at5204.prfl	39016	1574253482	
busco_downloads/lineages/basidiomycota_odb10/prfl/61723at5204.prfl	34928	1574253481	
busco_downloads/lineages/basidiomycota_odb10/prfl/61744at5204.prfl	40392	1574253482	
busco_downloads/lineages/basidiomycota_odb10/prfl/61800at5204.prfl	64235	1574253482	
busco_downloads/lineages/basidiomycota_odb10/prfl/61872at5204.prfl	35177	1574253482	
busco_downloads/lineages/basidiomycota_odb10/prfl/61882at5204.prfl	31917	1574253482	
busco_downloads/lineages/basidiomycota_odb10/prfl/61936at5204.prfl	32547	1574253482	
busco_downloads/lineages/basidiomycota_odb10/prfl/62049at5204.prfl	42836	1574253482	
busco_downloads/lineages/basidiomycota_odb10/prfl/62066at5204.prfl	32550	1574253482	
busco_downloads/lineages/basidiomycota_odb10/prfl/62092at5204.prfl	56912	1574253482	
busco_downloads/lineages/basidiomycota_odb10/prfl/62153at5204.prfl	73017	1574253482	
busco_downloads/lineages/basidiomycota_odb10/prfl/6217at5204.prfl	119687	1574253481	
busco_downloads/lineages/basidiomycota_odb10/prfl/62255at5204.prfl	46213	1574253482	
busco_downloads/lineages/basidiomycota_odb10/prfl/62266at5204.prfl	94643	1574253482	
busco_downloads/lineages/basidiomycota_odb10/prfl/62278at5204.prfl	36004	1574253482	
busco_downloads/lineages/basidiomycota_odb10/prfl/62328at5204.prfl	48785	1574253481	
busco_downloads/lineages/basidiomycota_odb10/prfl/62354at5204.prfl	33057	1574253482	
busco_downloads/lineages/basidiomycota_odb10/prfl/62372at5204.prfl	33528	1574253481	
busco_downloads/lineages/basidiomycota_odb10/prfl/6239at5204.prfl	110457	1574253481	
busco_downloads/lineages/basidiomycota_odb10/prfl/6240at5204.prfl	119917	1574253482	
busco_downloads/lineages/basidiomycota_odb10/prfl/62454at5204.prfl	70256	1574253482	
busco_downloads/lineages/basidiomycota_odb10/prfl/62510at5204.prfl	39434	1574253482	
busco_downloads/lineages/basidiomycota_odb10/prfl/62588at5204.prfl	72664	1574253482	
busco_downloads/lineages/basidiomycota_odb10/prfl/62606at5204.prfl	35673	1574253482	
busco_downloads/lineages/basidiomycota_odb10/prfl/62686at5204.prfl	48557	1574253481	
busco_downloads/lineages/basidiomycota_odb10/prfl/62752at5204.prfl	40165	1574253482	
busco_downloads/lineages/basidiomycota_odb10/prfl/62886at5204.prfl	44392	1574253482	
busco_downloads/lineages/basidiomycota_odb10/prfl/62932at5204.prfl	31766	1574253482	
busco_downloads/lineages/basidiomycota_odb10/prfl/62993at5204.prfl	45754	1574253481	
busco_downloads/lineages/basidiomycota_odb10/prfl/63008at5204.prfl	34641	1574253482	
busco_downloads/lineages/basidiomycota_odb10/prfl/63110at5204.prfl	34887	1574253481	
busco_downloads/lineages/basidiomycota_odb10/prfl/63140at5204.prfl	92992	1574253482	
busco_downloads/lineages/basidiomycota_odb10/prfl/63163at5204.prfl	29638	1574253482	
busco_downloads/lineages/basidiomycota_odb10/prfl/63174at5204.prfl	40897	1574253482	
busco_downloads/lineages/basidiomycota_odb10/prfl/63242at5204.prfl	45180	1574253482	
busco_downloads/lineages/basidiomycota_odb10/prfl/63290at5204.prfl	25044	1574253481	
busco_downloads/lineages/basidiomycota_odb10/prfl/63298at5204.prfl	30993	1574253482	
busco_downloads/lineages/basidiomycota_odb10/prfl/6331at5204.prfl	83257	1574253481	
busco_downloads/lineages/basidiomycota_odb10/prfl/63368at5204.prfl	31360	1574253482	
busco_downloads/lineages/basidiomycota_odb10/prfl/63432at5204.prfl	39393	1574253482	
busco_downloads/lineages/basidiomycota_odb10/prfl/63433at5204.prfl	36571	1574253482	
busco_downloads/lineages/basidiomycota_odb10/prfl/63472at5204.prfl	61999	1574253482	
busco_downloads/lineages/basidiomycota_odb10/prfl/63511at5204.prfl	30405	1574253482	
busco_downloads/lineages/basidiomycota_odb10/prfl/63558at5204.prfl	52475	1574253482	
busco_downloads/lineages/basidiomycota_odb10/prfl/63606at5204.prfl	34792	1574253482	
busco_downloads/lineages/basidiomycota_odb10/prfl/63627at5204.prfl	31171	1574253482	
busco_downloads/lineages/basidiomycota_odb10/prfl/63710at5204.prfl	24557	1574253482	
busco_downloads/lineages/basidiomycota_odb10/prfl/63724at5204.prfl	33933	1574253482	
busco_downloads/lineages/basidiomycota_odb10/prfl/63806at5204.prfl	48918	1574253482	
busco_downloads/lineages/basidiomycota_odb10/prfl/63811at5204.prfl	58465	1574253482	
busco_downloads/lineages/basidiomycota_odb10/prfl/63838at5204.prfl	78444	1574253482	
busco_downloads/lineages/basidiomycota_odb10/prfl/63932at5204.prfl	28656	1574253482	
busco_downloads/lineages/basidiomycota_odb10/prfl/63961at5204.prfl	26871	1574253481	
busco_downloads/lineages/basidiomycota_odb10/prfl/64007at5204.prfl	53561	1574253481	
busco_downloads/lineages/basidiomycota_odb10/prfl/64044at5204.prfl	60064	1574253482	
busco_downloads/lineages/basidiomycota_odb10/prfl/64077at5204.prfl	66260	1574253482	
busco_downloads/lineages/basidiomycota_odb10/prfl/64250at5204.prfl	49861	1574253481	
busco_downloads/lineages/basidiomycota_odb10/prfl/64282at5204.prfl	112169	1574253482	
busco_downloads/lineages/basidiomycota_odb10/prfl/64285at5204.prfl	77992	1574253482	
busco_downloads/lineages/basidiomycota_odb10/prfl/64288at5204.prfl	91678	1574253482	
busco_downloads/lineages/basidiomycota_odb10/prfl/64302at5204.prfl	34043	1574253482	
busco_downloads/lineages/basidiomycota_odb10/prfl/6435at5204.prfl	132163	1574253482	
busco_downloads/lineages/basidiomycota_odb10/prfl/64400at5204.prfl	35276	1574253482	
busco_downloads/lineages/basidiomycota_odb10/prfl/6443at5204.prfl	130752	1574253482	
busco_downloads/lineages/basidiomycota_odb10/prfl/64481at5204.prfl	46996	1574253482	
busco_downloads/lineages/basidiomycota_odb10/prfl/64497at5204.prfl	67594	1574253482	
busco_downloads/lineages/basidiomycota_odb10/prfl/64595at5204.prfl	63385	1574253482	
busco_downloads/lineages/basidiomycota_odb10/prfl/64629at5204.prfl	33933	1574253482	
busco_downloads/lineages/basidiomycota_odb10/prfl/64639at5204.prfl	32485	1574253482	
busco_downloads/lineages/basidiomycota_odb10/prfl/646at5204.prfl	161086	1574253482	
busco_downloads/lineages/basidiomycota_odb10/prfl/6476at5204.prfl	117576	1574253482	
busco_downloads/lineages/basidiomycota_odb10/prfl/64809at5204.prfl	44123	1574253481	
busco_downloads/lineages/basidiomycota_odb10/prfl/64881at5204.prfl	27041	1574253482	
busco_downloads/lineages/basidiomycota_odb10/prfl/64968at5204.prfl	27538	1574253481	
busco_downloads/lineages/basidiomycota_odb10/prfl/64978at5204.prfl	47470	1574253482	
busco_downloads/lineages/basidiomycota_odb10/prfl/64982at5204.prfl	20975	1574253482	
busco_downloads/lineages/basidiomycota_odb10/prfl/65015at5204.prfl	42770	1574253482	
busco_downloads/lineages/basidiomycota_odb10/prfl/65134at5204.prfl	33476	1574253482	
busco_downloads/lineages/basidiomycota_odb10/prfl/65259at5204.prfl	33197	1574253482	
busco_downloads/lineages/basidiomycota_odb10/prfl/65307at5204.prfl	31417	1574253482	
busco_downloads/lineages/basidiomycota_odb10/prfl/65325at5204.prfl	38668	1574253482	
busco_downloads/lineages/basidiomycota_odb10/prfl/65381at5204.prfl	73151	1574253482	
busco_downloads/lineages/basidiomycota_odb10/prfl/6538at5204.prfl	96481	1574253482	
busco_downloads/lineages/basidiomycota_odb10/prfl/65406at5204.prfl	60059	1574253482	
busco_downloads/lineages/basidiomycota_odb10/prfl/65442at5204.prfl	65463	1574253482	
busco_downloads/lineages/basidiomycota_odb10/prfl/65477at5204.prfl	30365	1574253482	
busco_downloads/lineages/basidiomycota_odb10/prfl/65488at5204.prfl	26365	1574253482	
busco_downloads/lineages/basidiomycota_odb10/prfl/65542at5204.prfl	44903	1574253482	
busco_downloads/lineages/basidiomycota_odb10/prfl/65571at5204.prfl	53481	1574253482	
busco_downloads/lineages/basidiomycota_odb10/prfl/65584at5204.prfl	45131	1574253482	
busco_downloads/lineages/basidiomycota_odb10/prfl/65648at5204.prfl	42740	1574253482	
busco_downloads/lineages/basidiomycota_odb10/prfl/6568at5204.prfl	99421	1574253482	
busco_downloads/lineages/basidiomycota_odb10/prfl/65788at5204.prfl	50253	1574253482	
busco_downloads/lineages/basidiomycota_odb10/prfl/65839at5204.prfl	34113	1574253482	
busco_downloads/lineages/basidiomycota_odb10/prfl/65868at5204.prfl	53005	1574253482	
busco_downloads/lineages/basidiomycota_odb10/prfl/65917at5204.prfl	105464	1574253482	
busco_downloads/lineages/basidiomycota_odb10/prfl/65923at5204.prfl	31436	1574253482	
busco_downloads/lineages/basidiomycota_odb10/prfl/65967at5204.prfl	33708	1574253482	
busco_downloads/lineages/basidiomycota_odb10/prfl/65at5204.prfl	412415	1574253482	
busco_downloads/lineages/basidiomycota_odb10/prfl/66032at5204.prfl	27031	1574253482	
busco_downloads/lineages/basidiomycota_odb10/prfl/66045at5204.prfl	32223	1574253482	
busco_downloads/lineages/basidiomycota_odb10/prfl/66055at5204.prfl	33305	1574253482	
busco_downloads/lineages/basidiomycota_odb10/prfl/66107at5204.prfl	31090	1574253482	
busco_downloads/lineages/basidiomycota_odb10/prfl/66112at5204.prfl	35340	1574253482	
busco_downloads/lineages/basidiomycota_odb10/prfl/66184at5204.prfl	29636	1574253482	
busco_downloads/lineages/basidiomycota_odb10/prfl/66262at5204.prfl	47128	1574253482	
busco_downloads/lineages/basidiomycota_odb10/prfl/66266at5204.prfl	41475	1574253482	
busco_downloads/lineages/basidiomycota_odb10/prfl/66337at5204.prfl	34023	1574253482	
busco_downloads/lineages/basidiomycota_odb10/prfl/6633at5204.prfl	116290	1574253482	
busco_downloads/lineages/basidiomycota_odb10/prfl/6649at5204.prfl	111428	1574253482	
busco_downloads/lineages/basidiomycota_odb10/prfl/66552at5204.prfl	31027	1574253482	
busco_downloads/lineages/basidiomycota_odb10/prfl/66555at5204.prfl	35679	1574253481	
busco_downloads/lineages/basidiomycota_odb10/prfl/66578at5204.prfl	31907	1574253482	
busco_downloads/lineages/basidiomycota_odb10/prfl/66580at5204.prfl	28081	1574253482	
busco_downloads/lineages/basidiomycota_odb10/prfl/66654at5204.prfl	21656	1574253482	
busco_downloads/lineages/basidiomycota_odb10/prfl/66827at5204.prfl	51942	1574253482	
busco_downloads/lineages/basidiomycota_odb10/prfl/66917at5204.prfl	35597	1574253482	
busco_downloads/lineages/basidiomycota_odb10/prfl/67060at5204.prfl	32806	1574253482	
busco_downloads/lineages/basidiomycota_odb10/prfl/67101at5204.prfl	51063	1574253482	
busco_downloads/lineages/basidiomycota_odb10/prfl/67159at5204.prfl	40404	1574253482	
busco_downloads/lineages/basidiomycota_odb10/prfl/67160at5204.prfl	32241	1574253481	
busco_downloads/lineages/basidiomycota_odb10/prfl/67314at5204.prfl	38693	1574253482	
busco_downloads/lineages/basidiomycota_odb10/prfl/67334at5204.prfl	40966	1574253481	
busco_downloads/lineages/basidiomycota_odb10/prfl/6733at5204.prfl	117657	1574253481	
busco_downloads/lineages/basidiomycota_odb10/prfl/67354at5204.prfl	35787	1574253482	
busco_downloads/lineages/basidiomycota_odb10/prfl/67476at5204.prfl	27000	1574253482	
busco_downloads/lineages/basidiomycota_odb10/prfl/67488at5204.prfl	36284	1574253481	
busco_downloads/lineages/basidiomycota_odb10/prfl/67494at5204.prfl	20168	1574253482	
busco_downloads/lineages/basidiomycota_odb10/prfl/67495at5204.prfl	42229	1574253482	
busco_downloads/lineages/basidiomycota_odb10/prfl/67508at5204.prfl	28905	1574253481	
busco_downloads/lineages/basidiomycota_odb10/prfl/67529at5204.prfl	31402	1574253482	
busco_downloads/lineages/basidiomycota_odb10/prfl/67530at5204.prfl	57058	1574253482	
busco_downloads/lineages/basidiomycota_odb10/prfl/67561at5204.prfl	38593	1574253481	
busco_downloads/lineages/basidiomycota_odb10/prfl/67645at5204.prfl	36720	1574253482	
busco_downloads/lineages/basidiomycota_odb10/prfl/67697at5204.prfl	49856	1574253482	
busco_downloads/lineages/basidiomycota_odb10/prfl/6769at5204.prfl	116437	1574253481	
busco_downloads/lineages/basidiomycota_odb10/prfl/67767at5204.prfl	27495	1574253481	
busco_downloads/lineages/basidiomycota_odb10/prfl/67859at5204.prfl	32005	1574253482	
busco_downloads/lineages/basidiomycota_odb10/prfl/67969at5204.prfl	30701	1574253482	
busco_downloads/lineages/basidiomycota_odb10/prfl/68150at5204.prfl	37369	1574253482	
busco_downloads/lineages/basidiomycota_odb10/prfl/68305at5204.prfl	48527	1574253482	
busco_downloads/lineages/basidiomycota_odb10/prfl/6834at5204.prfl	119488	1574253482	
busco_downloads/lineages/basidiomycota_odb10/prfl/68351at5204.prfl	27687	1574253482	
busco_downloads/lineages/basidiomycota_odb10/prfl/68357at5204.prfl	32401	1574253482	
busco_downloads/lineages/basidiomycota_odb10/prfl/68399at5204.prfl	38947	1574253482	
busco_downloads/lineages/basidiomycota_odb10/prfl/68404at5204.prfl	29158	1574253482	
busco_downloads/lineages/basidiomycota_odb10/prfl/68432at5204.prfl	28896	1574253481	
busco_downloads/lineages/basidiomycota_odb10/prfl/68446at5204.prfl	27379	1574253482	
busco_downloads/lineages/basidiomycota_odb10/prfl/68506at5204.prfl	40053	1574253482	
busco_downloads/lineages/basidiomycota_odb10/prfl/68536at5204.prfl	37250	1574253482	
busco_downloads/lineages/basidiomycota_odb10/prfl/68590at5204.prfl	31084	1574253481	
busco_downloads/lineages/basidiomycota_odb10/prfl/685at5204.prfl	198436	1574253482	
busco_downloads/lineages/basidiomycota_odb10/prfl/68826at5204.prfl	36980	1574253482	
busco_downloads/lineages/basidiomycota_odb10/prfl/68833at5204.prfl	57591	1574253482	
busco_downloads/lineages/basidiomycota_odb10/prfl/68845at5204.prfl	61975	1574253482	
busco_downloads/lineages/basidiomycota_odb10/prfl/68907at5204.prfl	36489	1574253482	
busco_downloads/lineages/basidiomycota_odb10/prfl/68961at5204.prfl	36336	1574253481	
busco_downloads/lineages/basidiomycota_odb10/prfl/69063at5204.prfl	33683	1574253482	
busco_downloads/lineages/basidiomycota_odb10/prfl/6925at5204.prfl	92375	1574253482	
busco_downloads/lineages/basidiomycota_odb10/prfl/69271at5204.prfl	19034	1574253481	
busco_downloads/lineages/basidiomycota_odb10/prfl/69292at5204.prfl	32904	1574253482	
busco_downloads/lineages/basidiomycota_odb10/prfl/69308at5204.prfl	31842	1574253482	
busco_downloads/lineages/basidiomycota_odb10/prfl/69481at5204.prfl	28246	1574253482	
busco_downloads/lineages/basidiomycota_odb10/prfl/69533at5204.prfl	33296	1574253482	
busco_downloads/lineages/basidiomycota_odb10/prfl/69575at5204.prfl	33858	1574253482	
busco_downloads/lineages/basidiomycota_odb10/prfl/69580at5204.prfl	37015	1574253482	
busco_downloads/lineages/basidiomycota_odb10/prfl/6958at5204.prfl	121826	1574253481	
busco_downloads/lineages/basidiomycota_odb10/prfl/6970at5204.prfl	140877	1574253481	
busco_downloads/lineages/basidiomycota_odb10/prfl/6977at5204.prfl	131422	1574253482	
busco_downloads/lineages/basidiomycota_odb10/prfl/69780at5204.prfl	24166	1574253482	
busco_downloads/lineages/basidiomycota_odb10/prfl/69797at5204.prfl	27438	1574253481	
busco_downloads/lineages/basidiomycota_odb10/prfl/69800at5204.prfl	28089	1574253482	
busco_downloads/lineages/basidiomycota_odb10/prfl/69811at5204.prfl	28165	1574253481	
busco_downloads/lineages/basidiomycota_odb10/prfl/69860at5204.prfl	43536	1574253482	
busco_downloads/lineages/basidiomycota_odb10/prfl/69924at5204.prfl	43429	1574253482	
busco_downloads/lineages/basidiomycota_odb10/prfl/69925at5204.prfl	32716	1574253482	
busco_downloads/lineages/basidiomycota_odb10/prfl/69950at5204.prfl	35503	1574253481	
busco_downloads/lineages/basidiomycota_odb10/prfl/69955at5204.prfl	37685	1574253482	
busco_downloads/lineages/basidiomycota_odb10/prfl/6998at5204.prfl	116182	1574253482	
busco_downloads/lineages/basidiomycota_odb10/prfl/70241at5204.prfl	64952	1574253482	
busco_downloads/lineages/basidiomycota_odb10/prfl/70384at5204.prfl	37280	1574253482	
busco_downloads/lineages/basidiomycota_odb10/prfl/70480at5204.prfl	24165	1574253482	
busco_downloads/lineages/basidiomycota_odb10/prfl/70559at5204.prfl	31191	1574253482	
busco_downloads/lineages/basidiomycota_odb10/prfl/70561at5204.prfl	32314	1574253482	
busco_downloads/lineages/basidiomycota_odb10/prfl/7077at5204.prfl	168272	1574253482	
busco_downloads/lineages/basidiomycota_odb10/prfl/7081at5204.prfl	110662	1574253482	
busco_downloads/lineages/basidiomycota_odb10/prfl/70844at5204.prfl	32706	1574253482	
busco_downloads/lineages/basidiomycota_odb10/prfl/70850at5204.prfl	30730	1574253482	
busco_downloads/lineages/basidiomycota_odb10/prfl/7099at5204.prfl	143816	1574253481	
busco_downloads/lineages/basidiomycota_odb10/prfl/71043at5204.prfl	37715	1574253481	
busco_downloads/lineages/basidiomycota_odb10/prfl/71072at5204.prfl	29332	1574253482	
busco_downloads/lineages/basidiomycota_odb10/prfl/71094at5204.prfl	33684	1574253482	
busco_downloads/lineages/basidiomycota_odb10/prfl/71119at5204.prfl	44241	1574253481	
busco_downloads/lineages/basidiomycota_odb10/prfl/71121at5204.prfl	35596	1574253482	
busco_downloads/lineages/basidiomycota_odb10/prfl/71146at5204.prfl	52322	1574253482	
busco_downloads/lineages/basidiomycota_odb10/prfl/71166at5204.prfl	52408	1574253482	
busco_downloads/lineages/basidiomycota_odb10/prfl/71186at5204.prfl	40321	1574253482	
busco_downloads/lineages/basidiomycota_odb10/prfl/71188at5204.prfl	54701	1574253482	
busco_downloads/lineages/basidiomycota_odb10/prfl/71198at5204.prfl	52912	1574253482	
busco_downloads/lineages/basidiomycota_odb10/prfl/7121at5204.prfl	137693	1574253481	
busco_downloads/lineages/basidiomycota_odb10/prfl/7124at5204.prfl	77148	1574253482	
busco_downloads/lineages/basidiomycota_odb10/prfl/7134at5204.prfl	143548	1574253482	
busco_downloads/lineages/basidiomycota_odb10/prfl/71405at5204.prfl	37976	1574253482	
busco_downloads/lineages/basidiomycota_odb10/prfl/71468at5204.prfl	52535	1574253481	
busco_downloads/lineages/basidiomycota_odb10/prfl/71476at5204.prfl	53010	1574253482	
busco_downloads/lineages/basidiomycota_odb10/prfl/71518at5204.prfl	63440	1574253481	
busco_downloads/lineages/basidiomycota_odb10/prfl/71556at5204.prfl	27986	1574253482	
busco_downloads/lineages/basidiomycota_odb10/prfl/71585at5204.prfl	34923	1574253482	
busco_downloads/lineages/basidiomycota_odb10/prfl/71635at5204.prfl	37623	1574253482	
busco_downloads/lineages/basidiomycota_odb10/prfl/7164at5204.prfl	161851	1574253482	
busco_downloads/lineages/basidiomycota_odb10/prfl/71659at5204.prfl	28822	1574253481	
busco_downloads/lineages/basidiomycota_odb10/prfl/71681at5204.prfl	73259	1574253482	
busco_downloads/lineages/basidiomycota_odb10/prfl/71743at5204.prfl	24243	1574253482	
busco_downloads/lineages/basidiomycota_odb10/prfl/71772at5204.prfl	27673	1574253482	
busco_downloads/lineages/basidiomycota_odb10/prfl/71775at5204.prfl	29873	1574253482	
busco_downloads/lineages/basidiomycota_odb10/prfl/71778at5204.prfl	17236	1574253482	
busco_downloads/lineages/basidiomycota_odb10/prfl/71803at5204.prfl	32965	1574253482	
busco_downloads/lineages/basidiomycota_odb10/prfl/71807at5204.prfl	33415	1574253482	
busco_downloads/lineages/basidiomycota_odb10/prfl/71810at5204.prfl	29220	1574253482	
busco_downloads/lineages/basidiomycota_odb10/prfl/71815at5204.prfl	26873	1574253482	
busco_downloads/lineages/basidiomycota_odb10/prfl/71874at5204.prfl	27221	1574253482	
busco_downloads/lineages/basidiomycota_odb10/prfl/71897at5204.prfl	24989	1574253481	
busco_downloads/lineages/basidiomycota_odb10/prfl/7189at5204.prfl	96125	1574253481	
busco_downloads/lineages/basidiomycota_odb10/prfl/71939at5204.prfl	33225	1574253482	
busco_downloads/lineages/basidiomycota_odb10/prfl/72009at5204.prfl	28000	1574253482	
busco_downloads/lineages/basidiomycota_odb10/prfl/72027at5204.prfl	28398	1574253482	
busco_downloads/lineages/basidiomycota_odb10/prfl/72075at5204.prfl	33292	1574253482	
busco_downloads/lineages/basidiomycota_odb10/prfl/72141at5204.prfl	26024	1574253481	
busco_downloads/lineages/basidiomycota_odb10/prfl/7214at5204.prfl	106266	1574253482	
busco_downloads/lineages/basidiomycota_odb10/prfl/72205at5204.prfl	29780	1574253482	
busco_downloads/lineages/basidiomycota_odb10/prfl/72210at5204.prfl	28652	1574253482	
busco_downloads/lineages/basidiomycota_odb10/prfl/72246at5204.prfl	33104	1574253482	
busco_downloads/lineages/basidiomycota_odb10/prfl/72250at5204.prfl	32586	1574253482	
busco_downloads/lineages/basidiomycota_odb10/prfl/72267at5204.prfl	41254	1574253482	
busco_downloads/lineages/basidiomycota_odb10/prfl/72273at5204.prfl	28998	1574253482	
busco_downloads/lineages/basidiomycota_odb10/prfl/7248at5204.prfl	55687	1574253482	
busco_downloads/lineages/basidiomycota_odb10/prfl/72531at5204.prfl	36845	1574253482	
busco_downloads/lineages/basidiomycota_odb10/prfl/7254at5204.prfl	186432	1574253482	
busco_downloads/lineages/basidiomycota_odb10/prfl/72559at5204.prfl	26610	1574253482	
busco_downloads/lineages/basidiomycota_odb10/prfl/72569at5204.prfl	21411	1574253482	
busco_downloads/lineages/basidiomycota_odb10/prfl/72622at5204.prfl	28499	1574253482	
busco_downloads/lineages/basidiomycota_odb10/prfl/72656at5204.prfl	35363	1574253482	
busco_downloads/lineages/basidiomycota_odb10/prfl/72816at5204.prfl	51581	1574253482	
busco_downloads/lineages/basidiomycota_odb10/prfl/72854at5204.prfl	24433	1574253482	
busco_downloads/lineages/basidiomycota_odb10/prfl/72886at5204.prfl	30445	1574253481	
busco_downloads/lineages/basidiomycota_odb10/prfl/72953at5204.prfl	30679	1574253482	
busco_downloads/lineages/basidiomycota_odb10/prfl/72996at5204.prfl	22041	1574253482	
busco_downloads/lineages/basidiomycota_odb10/prfl/73001at5204.prfl	29786	1574253482	
busco_downloads/lineages/basidiomycota_odb10/prfl/73025at5204.prfl	46227	1574253482	
busco_downloads/lineages/basidiomycota_odb10/prfl/73064at5204.prfl	99921	1574253482	
busco_downloads/lineages/basidiomycota_odb10/prfl/73090at5204.prfl	27184	1574253482	
busco_downloads/lineages/basidiomycota_odb10/prfl/7309at5204.prfl	119178	1574253482	
busco_downloads/lineages/basidiomycota_odb10/prfl/73129at5204.prfl	38746	1574253481	
busco_downloads/lineages/basidiomycota_odb10/prfl/73189at5204.prfl	57204	1574253481	
busco_downloads/lineages/basidiomycota_odb10/prfl/73200at5204.prfl	59196	1574253482	
busco_downloads/lineages/basidiomycota_odb10/prfl/73221at5204.prfl	23432	1574253482	
busco_downloads/lineages/basidiomycota_odb10/prfl/73223at5204.prfl	26571	1574253482	
busco_downloads/lineages/basidiomycota_odb10/prfl/73243at5204.prfl	29657	1574253481	
busco_downloads/lineages/basidiomycota_odb10/prfl/73256at5204.prfl	23778	1574253482	
busco_downloads/lineages/basidiomycota_odb10/prfl/73273at5204.prfl	27838	1574253481	
busco_downloads/lineages/basidiomycota_odb10/prfl/73318at5204.prfl	22769	1574253482	
busco_downloads/lineages/basidiomycota_odb10/prfl/7335at5204.prfl	94549	1574253482	
busco_downloads/lineages/basidiomycota_odb10/prfl/73388at5204.prfl	68121	1574253482	
busco_downloads/lineages/basidiomycota_odb10/prfl/73407at5204.prfl	54850	1574253482	
busco_downloads/lineages/basidiomycota_odb10/prfl/73435at5204.prfl	27518	1574253482	
busco_downloads/lineages/basidiomycota_odb10/prfl/73468at5204.prfl	39904	1574253482	
busco_downloads/lineages/basidiomycota_odb10/prfl/73495at5204.prfl	36758	1574253482	
busco_downloads/lineages/basidiomycota_odb10/prfl/7351at5204.prfl	112343	1574253482	
busco_downloads/lineages/basidiomycota_odb10/prfl/73612at5204.prfl	24729	1574253482	
busco_downloads/lineages/basidiomycota_odb10/prfl/73626at5204.prfl	40272	1574253482	
busco_downloads/lineages/basidiomycota_odb10/prfl/73767at5204.prfl	93283	1574253482	
busco_downloads/lineages/basidiomycota_odb10/prfl/73793at5204.prfl	28469	1574253482	
busco_downloads/lineages/basidiomycota_odb10/prfl/73805at5204.prfl	27190	1574253482	
busco_downloads/lineages/basidiomycota_odb10/prfl/7381at5204.prfl	108612	1574253481	
busco_downloads/lineages/basidiomycota_odb10/prfl/7383at5204.prfl	119406	1574253482	
busco_downloads/lineages/basidiomycota_odb10/prfl/73845at5204.prfl	31206	1574253482	
busco_downloads/lineages/basidiomycota_odb10/prfl/73849at5204.prfl	29909	1574253481	
busco_downloads/lineages/basidiomycota_odb10/prfl/7393at5204.prfl	148619	1574253481	
busco_downloads/lineages/basidiomycota_odb10/prfl/73954at5204.prfl	30526	1574253482	
busco_downloads/lineages/basidiomycota_odb10/prfl/73992at5204.prfl	35841	1574253482	
busco_downloads/lineages/basidiomycota_odb10/prfl/74012at5204.prfl	23289	1574253482	
busco_downloads/lineages/basidiomycota_odb10/prfl/74120at5204.prfl	44929	1574253482	
busco_downloads/lineages/basidiomycota_odb10/prfl/74188at5204.prfl	33359	1574253482	
busco_downloads/lineages/basidiomycota_odb10/prfl/74196at5204.prfl	28227	1574253482	
busco_downloads/lineages/basidiomycota_odb10/prfl/74202at5204.prfl	39796	1574253482	
busco_downloads/lineages/basidiomycota_odb10/prfl/74211at5204.prfl	29711	1574253482	
busco_downloads/lineages/basidiomycota_odb10/prfl/74336at5204.prfl	32416	1574253482	
busco_downloads/lineages/basidiomycota_odb10/prfl/74348at5204.prfl	46377	1574253482	
busco_downloads/lineages/basidiomycota_odb10/prfl/74381at5204.prfl	28659	1574253482	
busco_downloads/lineages/basidiomycota_odb10/prfl/74400at5204.prfl	27504	1574253482	
busco_downloads/lineages/basidiomycota_odb10/prfl/74445at5204.prfl	39263	1574253482	
busco_downloads/lineages/basidiomycota_odb10/prfl/74501at5204.prfl	30204	1574253481	
busco_downloads/lineages/basidiomycota_odb10/prfl/74505at5204.prfl	24877	1574253482	
busco_downloads/lineages/basidiomycota_odb10/prfl/74508at5204.prfl	27137	1574253482	
busco_downloads/lineages/basidiomycota_odb10/prfl/74515at5204.prfl	27410	1574253482	
busco_downloads/lineages/basidiomycota_odb10/prfl/74518at5204.prfl	20898	1574253482	
busco_downloads/lineages/basidiomycota_odb10/prfl/74555at5204.prfl	48669	1574253482	
busco_downloads/lineages/basidiomycota_odb10/prfl/74584at5204.prfl	48559	1574253482	
busco_downloads/lineages/basidiomycota_odb10/prfl/74636at5204.prfl	32410	1574253482	
busco_downloads/lineages/basidiomycota_odb10/prfl/74729at5204.prfl	29780	1574253482	
busco_downloads/lineages/basidiomycota_odb10/prfl/74816at5204.prfl	26617	1574253482	
busco_downloads/lineages/basidiomycota_odb10/prfl/74885at5204.prfl	31451	1574253482	
busco_downloads/lineages/basidiomycota_odb10/prfl/74899at5204.prfl	32105	1574253482	
busco_downloads/lineages/basidiomycota_odb10/prfl/74966at5204.prfl	31835	1574253481	
busco_downloads/lineages/basidiomycota_odb10/prfl/7518at5204.prfl	109048	1574253482	
busco_downloads/lineages/basidiomycota_odb10/prfl/75194at5204.prfl	24429	1574253482	
busco_downloads/lineages/basidiomycota_odb10/prfl/75218at5204.prfl	34263	1574253482	
busco_downloads/lineages/basidiomycota_odb10/prfl/75226at5204.prfl	34516	1574253482	
busco_downloads/lineages/basidiomycota_odb10/prfl/75341at5204.prfl	25424	1574253481	
busco_downloads/lineages/basidiomycota_odb10/prfl/7534at5204.prfl	121708	1574253481	
busco_downloads/lineages/basidiomycota_odb10/prfl/75418at5204.prfl	101816	1574253481	
busco_downloads/lineages/basidiomycota_odb10/prfl/75422at5204.prfl	80291	1574253482	
busco_downloads/lineages/basidiomycota_odb10/prfl/75533at5204.prfl	28249	1574253482	
busco_downloads/lineages/basidiomycota_odb10/prfl/7567at5204.prfl	113960	1574253482	
busco_downloads/lineages/basidiomycota_odb10/prfl/75731at5204.prfl	51102	1574253482	
busco_downloads/lineages/basidiomycota_odb10/prfl/75742at5204.prfl	23102	1574253482	
busco_downloads/lineages/basidiomycota_odb10/prfl/75781at5204.prfl	23089	1574253482	
busco_downloads/lineages/basidiomycota_odb10/prfl/75817at5204.prfl	22215	1574253482	
busco_downloads/lineages/basidiomycota_odb10/prfl/7582at5204.prfl	136369	1574253482	
busco_downloads/lineages/basidiomycota_odb10/prfl/75894at5204.prfl	26712	1574253482	
busco_downloads/lineages/basidiomycota_odb10/prfl/75911at5204.prfl	27654	1574253482	
busco_downloads/lineages/basidiomycota_odb10/prfl/75931at5204.prfl	29318	1574253482	
busco_downloads/lineages/basidiomycota_odb10/prfl/75944at5204.prfl	24324	1574253481	
busco_downloads/lineages/basidiomycota_odb10/prfl/75945at5204.prfl	30019	1574253482	
busco_downloads/lineages/basidiomycota_odb10/prfl/75956at5204.prfl	18209	1574253482	
busco_downloads/lineages/basidiomycota_odb10/prfl/75970at5204.prfl	23174	1574253482	
busco_downloads/lineages/basidiomycota_odb10/prfl/76087at5204.prfl	40655	1574253482	
busco_downloads/lineages/basidiomycota_odb10/prfl/76266at5204.prfl	25061	1574253481	
busco_downloads/lineages/basidiomycota_odb10/prfl/76326at5204.prfl	20722	1574253482	
busco_downloads/lineages/basidiomycota_odb10/prfl/76353at5204.prfl	28834	1574253482	
busco_downloads/lineages/basidiomycota_odb10/prfl/76416at5204.prfl	34356	1574253482	
busco_downloads/lineages/basidiomycota_odb10/prfl/76437at5204.prfl	31457	1574253482	
busco_downloads/lineages/basidiomycota_odb10/prfl/76457at5204.prfl	42167	1574253482	
busco_downloads/lineages/basidiomycota_odb10/prfl/76574at5204.prfl	17155	1574253482	
busco_downloads/lineages/basidiomycota_odb10/prfl/76586at5204.prfl	26215	1574253482	
busco_downloads/lineages/basidiomycota_odb10/prfl/76596at5204.prfl	28453	1574253482	
busco_downloads/lineages/basidiomycota_odb10/prfl/7660at5204.prfl	117232	1574253482	
busco_downloads/lineages/basidiomycota_odb10/prfl/76643at5204.prfl	21722	1574253482	
busco_downloads/lineages/basidiomycota_odb10/prfl/7667at5204.prfl	103572	1574253482	
busco_downloads/lineages/basidiomycota_odb10/prfl/76799at5204.prfl	20985	1574253481	
busco_downloads/lineages/basidiomycota_odb10/prfl/76833at5204.prfl	31584	1574253482	
busco_downloads/lineages/basidiomycota_odb10/prfl/76886at5204.prfl	34691	1574253481	
busco_downloads/lineages/basidiomycota_odb10/prfl/76891at5204.prfl	39080	1574253482	
busco_downloads/lineages/basidiomycota_odb10/prfl/76934at5204.prfl	23991	1574253482	
busco_downloads/lineages/basidiomycota_odb10/prfl/76963at5204.prfl	35516	1574253482	
busco_downloads/lineages/basidiomycota_odb10/prfl/7704at5204.prfl	145980	1574253482	
busco_downloads/lineages/basidiomycota_odb10/prfl/7707at5204.prfl	109405	1574253482	
busco_downloads/lineages/basidiomycota_odb10/prfl/77208at5204.prfl	42559	1574253482	
busco_downloads/lineages/basidiomycota_odb10/prfl/77277at5204.prfl	31416	1574253482	
busco_downloads/lineages/basidiomycota_odb10/prfl/77301at5204.prfl	23908	1574253482	
busco_downloads/lineages/basidiomycota_odb10/prfl/77310at5204.prfl	42803	1574253482	
busco_downloads/lineages/basidiomycota_odb10/prfl/77331at5204.prfl	19284	1574253482	
busco_downloads/lineages/basidiomycota_odb10/prfl/77355at5204.prfl	43535	1574253482	
busco_downloads/lineages/basidiomycota_odb10/prfl/77472at5204.prfl	26451	1574253482	
busco_downloads/lineages/basidiomycota_odb10/prfl/77540at5204.prfl	35251	1574253482	
busco_downloads/lineages/basidiomycota_odb10/prfl/77556at5204.prfl	26558	1574253481	
busco_downloads/lineages/basidiomycota_odb10/prfl/7759at5204.prfl	113327	1574253482	
busco_downloads/lineages/basidiomycota_odb10/prfl/77630at5204.prfl	32476	1574253482	
busco_downloads/lineages/basidiomycota_odb10/prfl/77827at5204.prfl	28643	1574253482	
busco_downloads/lineages/basidiomycota_odb10/prfl/77980at5204.prfl	23513	1574253481	
busco_downloads/lineages/basidiomycota_odb10/prfl/77998at5204.prfl	23608	1574253482	
busco_downloads/lineages/basidiomycota_odb10/prfl/78084at5204.prfl	28487	1574253482	
busco_downloads/lineages/basidiomycota_odb10/prfl/78121at5204.prfl	29390	1574253482	
busco_downloads/lineages/basidiomycota_odb10/prfl/7813at5204.prfl	97183	1574253481	
busco_downloads/lineages/basidiomycota_odb10/prfl/78149at5204.prfl	27846	1574253482	
busco_downloads/lineages/basidiomycota_odb10/prfl/78264at5204.prfl	19760	1574253482	
busco_downloads/lineages/basidiomycota_odb10/prfl/78266at5204.prfl	32102	1574253482	
busco_downloads/lineages/basidiomycota_odb10/prfl/78276at5204.prfl	24080	1574253482	
busco_downloads/lineages/basidiomycota_odb10/prfl/78277at5204.prfl	26950	1574253482	
busco_downloads/lineages/basidiomycota_odb10/prfl/78362at5204.prfl	29385	1574253482	
busco_downloads/lineages/basidiomycota_odb10/prfl/78457at5204.prfl	51443	1574253482	
busco_downloads/lineages/basidiomycota_odb10/prfl/78459at5204.prfl	33306	1574253482	
busco_downloads/lineages/basidiomycota_odb10/prfl/78740at5204.prfl	26224	1574253482	
busco_downloads/lineages/basidiomycota_odb10/prfl/78811at5204.prfl	23084	1574253482	
busco_downloads/lineages/basidiomycota_odb10/prfl/78870at5204.prfl	39743	1574253482	
busco_downloads/lineages/basidiomycota_odb10/prfl/78928at5204.prfl	19908	1574253482	
busco_downloads/lineages/basidiomycota_odb10/prfl/78931at5204.prfl	21244	1574253482	
busco_downloads/lineages/basidiomycota_odb10/prfl/78967at5204.prfl	22113	1574253481	
busco_downloads/lineages/basidiomycota_odb10/prfl/79090at5204.prfl	39784	1574253482	
busco_downloads/lineages/basidiomycota_odb10/prfl/79192at5204.prfl	41368	1574253482	
busco_downloads/lineages/basidiomycota_odb10/prfl/79290at5204.prfl	19732	1574253482	
busco_downloads/lineages/basidiomycota_odb10/prfl/79305at5204.prfl	23102	1574253482	
busco_downloads/lineages/basidiomycota_odb10/prfl/79319at5204.prfl	22461	1574253482	
busco_downloads/lineages/basidiomycota_odb10/prfl/79322at5204.prfl	21141	1574253482	
busco_downloads/lineages/basidiomycota_odb10/prfl/79352at5204.prfl	24079	1574253481	
busco_downloads/lineages/basidiomycota_odb10/prfl/79358at5204.prfl	28556	1574253482	
busco_downloads/lineages/basidiomycota_odb10/prfl/79371at5204.prfl	26140	1574253482	
busco_downloads/lineages/basidiomycota_odb10/prfl/793at5204.prfl	127155	1574253482	
busco_downloads/lineages/basidiomycota_odb10/prfl/7950at5204.prfl	113953	1574253481	
busco_downloads/lineages/basidiomycota_odb10/prfl/79566at5204.prfl	30136	1574253482	
busco_downloads/lineages/basidiomycota_odb10/prfl/79567at5204.prfl	21538	1574253482	
busco_downloads/lineages/basidiomycota_odb10/prfl/79579at5204.prfl	26116	1574253482	
busco_downloads/lineages/basidiomycota_odb10/prfl/79594at5204.prfl	27748	1574253482	
busco_downloads/lineages/basidiomycota_odb10/prfl/7959at5204.prfl	92260	1574253482	
busco_downloads/lineages/basidiomycota_odb10/prfl/79712at5204.prfl	36813	1574253482	
busco_downloads/lineages/basidiomycota_odb10/prfl/7972at5204.prfl	102495	1574253481	
busco_downloads/lineages/basidiomycota_odb10/prfl/79806at5204.prfl	22530	1574253482	
busco_downloads/lineages/basidiomycota_odb10/prfl/79812at5204.prfl	22544	1574253482	
busco_downloads/lineages/basidiomycota_odb10/prfl/79824at5204.prfl	26933	1574253482	
busco_downloads/lineages/basidiomycota_odb10/prfl/7982at5204.prfl	96591	1574253482	
busco_downloads/lineages/basidiomycota_odb10/prfl/79949at5204.prfl	33130	1574253481	
busco_downloads/lineages/basidiomycota_odb10/prfl/79970at5204.prfl	21950	1574253482	
busco_downloads/lineages/basidiomycota_odb10/prfl/80005at5204.prfl	21638	1574253482	
busco_downloads/lineages/basidiomycota_odb10/prfl/80059at5204.prfl	27716	1574253482	
busco_downloads/lineages/basidiomycota_odb10/prfl/80241at5204.prfl	23353	1574253482	
busco_downloads/lineages/basidiomycota_odb10/prfl/80301at5204.prfl	29507	1574253482	
busco_downloads/lineages/basidiomycota_odb10/prfl/80314at5204.prfl	23746	1574253482	
busco_downloads/lineages/basidiomycota_odb10/prfl/8033at5204.prfl	58889	1574253482	
busco_downloads/lineages/basidiomycota_odb10/prfl/80406at5204.prfl	41048	1574253482	
busco_downloads/lineages/basidiomycota_odb10/prfl/80463at5204.prfl	26279	1574253482	
busco_downloads/lineages/basidiomycota_odb10/prfl/80464at5204.prfl	27569	1574253481	
busco_downloads/lineages/basidiomycota_odb10/prfl/80465at5204.prfl	23991	1574253482	
busco_downloads/lineages/basidiomycota_odb10/prfl/80481at5204.prfl	30604	1574253482	
busco_downloads/lineages/basidiomycota_odb10/prfl/8050at5204.prfl	111707	1574253481	
busco_downloads/lineages/basidiomycota_odb10/prfl/8056at5204.prfl	111585	1574253481	
busco_downloads/lineages/basidiomycota_odb10/prfl/80644at5204.prfl	30362	1574253482	
busco_downloads/lineages/basidiomycota_odb10/prfl/80683at5204.prfl	36622	1574253482	
busco_downloads/lineages/basidiomycota_odb10/prfl/80684at5204.prfl	17547	1574253482	
busco_downloads/lineages/basidiomycota_odb10/prfl/80702at5204.prfl	38160	1574253482	
busco_downloads/lineages/basidiomycota_odb10/prfl/80810at5204.prfl	42868	1574253482	
busco_downloads/lineages/basidiomycota_odb10/prfl/80846at5204.prfl	20724	1574253482	
busco_downloads/lineages/basidiomycota_odb10/prfl/80853at5204.prfl	20998	1574253482	
busco_downloads/lineages/basidiomycota_odb10/prfl/80859at5204.prfl	24838	1574253482	
busco_downloads/lineages/basidiomycota_odb10/prfl/80956at5204.prfl	24710	1574253482	
busco_downloads/lineages/basidiomycota_odb10/prfl/80978at5204.prfl	31262	1574253482	
busco_downloads/lineages/basidiomycota_odb10/prfl/81006at5204.prfl	19831	1574253482	
busco_downloads/lineages/basidiomycota_odb10/prfl/81050at5204.prfl	23515	1574253482	
busco_downloads/lineages/basidiomycota_odb10/prfl/81083at5204.prfl	27214	1574253482	
busco_downloads/lineages/basidiomycota_odb10/prfl/81138at5204.prfl	16171	1574253482	
busco_downloads/lineages/basidiomycota_odb10/prfl/81222at5204.prfl	13161	1574253482	
busco_downloads/lineages/basidiomycota_odb10/prfl/81293at5204.prfl	19843	1574253481	
busco_downloads/lineages/basidiomycota_odb10/prfl/81312at5204.prfl	25880	1574253482	
busco_downloads/lineages/basidiomycota_odb10/prfl/81347at5204.prfl	16421	1574253482	
busco_downloads/lineages/basidiomycota_odb10/prfl/8155at5204.prfl	95752	1574253482	
busco_downloads/lineages/basidiomycota_odb10/prfl/81641at5204.prfl	25721	1574253482	
busco_downloads/lineages/basidiomycota_odb10/prfl/81669at5204.prfl	20799	1574253482	
busco_downloads/lineages/basidiomycota_odb10/prfl/81732at5204.prfl	30270	1574253482	
busco_downloads/lineages/basidiomycota_odb10/prfl/817at5204.prfl	220417	1574253481	
busco_downloads/lineages/basidiomycota_odb10/prfl/81861at5204.prfl	15431	1574253481	
busco_downloads/lineages/basidiomycota_odb10/prfl/8192at5204.prfl	107626	1574253482	
busco_downloads/lineages/basidiomycota_odb10/prfl/82066at5204.prfl	25287	1574253482	
busco_downloads/lineages/basidiomycota_odb10/prfl/82127at5204.prfl	20902	1574253482	
busco_downloads/lineages/basidiomycota_odb10/prfl/82138at5204.prfl	24491	1574253482	
busco_downloads/lineages/basidiomycota_odb10/prfl/82187at5204.prfl	29010	1574253482	
busco_downloads/lineages/basidiomycota_odb10/prfl/82285at5204.prfl	50274	1574253482	
busco_downloads/lineages/basidiomycota_odb10/prfl/82302at5204.prfl	60480	1574253482	
busco_downloads/lineages/basidiomycota_odb10/prfl/82328at5204.prfl	18105	1574253482	
busco_downloads/lineages/basidiomycota_odb10/prfl/82373at5204.prfl	24831	1574253482	
busco_downloads/lineages/basidiomycota_odb10/prfl/8251at5204.prfl	140517	1574253482	
busco_downloads/lineages/basidiomycota_odb10/prfl/82529at5204.prfl	32006	1574253482	
busco_downloads/lineages/basidiomycota_odb10/prfl/82547at5204.prfl	23436	1574253482	
busco_downloads/lineages/basidiomycota_odb10/prfl/82589at5204.prfl	22945	1574253482	
busco_downloads/lineages/basidiomycota_odb10/prfl/82733at5204.prfl	26445	1574253482	
busco_downloads/lineages/basidiomycota_odb10/prfl/82741at5204.prfl	27095	1574253482	
busco_downloads/lineages/basidiomycota_odb10/prfl/82865at5204.prfl	23022	1574253482	
busco_downloads/lineages/basidiomycota_odb10/prfl/8286at5204.prfl	175777	1574253482	
busco_downloads/lineages/basidiomycota_odb10/prfl/82877at5204.prfl	25665	1574253482	
busco_downloads/lineages/basidiomycota_odb10/prfl/82892at5204.prfl	22697	1574253482	
busco_downloads/lineages/basidiomycota_odb10/prfl/82899at5204.prfl	19122	1574253482	
busco_downloads/lineages/basidiomycota_odb10/prfl/82910at5204.prfl	19410	1574253482	
busco_downloads/lineages/basidiomycota_odb10/prfl/83144at5204.prfl	34695	1574253482	
busco_downloads/lineages/basidiomycota_odb10/prfl/83167at5204.prfl	134406	1574253482	
busco_downloads/lineages/basidiomycota_odb10/prfl/83384at5204.prfl	19420	1574253482	
busco_downloads/lineages/basidiomycota_odb10/prfl/83433at5204.prfl	23855	1574253482	
busco_downloads/lineages/basidiomycota_odb10/prfl/83434at5204.prfl	20353	1574253482	
busco_downloads/lineages/basidiomycota_odb10/prfl/83548at5204.prfl	18541	1574253482	
busco_downloads/lineages/basidiomycota_odb10/prfl/83584at5204.prfl	17710	1574253482	
busco_downloads/lineages/basidiomycota_odb10/prfl/83598at5204.prfl	17967	1574253482	
busco_downloads/lineages/basidiomycota_odb10/prfl/8374at5204.prfl	102027	1574253482	
busco_downloads/lineages/basidiomycota_odb10/prfl/83788at5204.prfl	25217	1574253482	
busco_downloads/lineages/basidiomycota_odb10/prfl/83862at5204.prfl	23175	1574253482	
busco_downloads/lineages/basidiomycota_odb10/prfl/83887at5204.prfl	23792	1574253481	
busco_downloads/lineages/basidiomycota_odb10/prfl/83888at5204.prfl	21133	1574253482	
busco_downloads/lineages/basidiomycota_odb10/prfl/83889at5204.prfl	26295	1574253481	
busco_downloads/lineages/basidiomycota_odb10/prfl/838at5204.prfl	331310	1574253482	
busco_downloads/lineages/basidiomycota_odb10/prfl/84200at5204.prfl	16160	1574253481	
busco_downloads/lineages/basidiomycota_odb10/prfl/84235at5204.prfl	32090	1574253482	
busco_downloads/lineages/basidiomycota_odb10/prfl/84248at5204.prfl	14055	1574253482	
busco_downloads/lineages/basidiomycota_odb10/prfl/8458at5204.prfl	105807	1574253482	
busco_downloads/lineages/basidiomycota_odb10/prfl/845at5204.prfl	249755	1574253482	
busco_downloads/lineages/basidiomycota_odb10/prfl/84632at5204.prfl	26032	1574253482	
busco_downloads/lineages/basidiomycota_odb10/prfl/84708at5204.prfl	20889	1574253482	
busco_downloads/lineages/basidiomycota_odb10/prfl/84878at5204.prfl	18681	1574253482	
busco_downloads/lineages/basidiomycota_odb10/prfl/84890at5204.prfl	19975	1574253482	
busco_downloads/lineages/basidiomycota_odb10/prfl/84942at5204.prfl	34689	1574253482	
busco_downloads/lineages/basidiomycota_odb10/prfl/84960at5204.prfl	21178	1574253482	
busco_downloads/lineages/basidiomycota_odb10/prfl/84976at5204.prfl	38059	1574253482	
busco_downloads/lineages/basidiomycota_odb10/prfl/84983at5204.prfl	24490	1574253481	
busco_downloads/lineages/basidiomycota_odb10/prfl/85002at5204.prfl	25049	1574253482	
busco_downloads/lineages/basidiomycota_odb10/prfl/85083at5204.prfl	17624	1574253482	
busco_downloads/lineages/basidiomycota_odb10/prfl/85111at5204.prfl	25539	1574253481	
busco_downloads/lineages/basidiomycota_odb10/prfl/85269at5204.prfl	45483	1574253482	
busco_downloads/lineages/basidiomycota_odb10/prfl/85397at5204.prfl	28249	1574253481	
busco_downloads/lineages/basidiomycota_odb10/prfl/8540at5204.prfl	111645	1574253482	
busco_downloads/lineages/basidiomycota_odb10/prfl/85463at5204.prfl	23950	1574253481	
busco_downloads/lineages/basidiomycota_odb10/prfl/85469at5204.prfl	21001	1574253482	
busco_downloads/lineages/basidiomycota_odb10/prfl/85474at5204.prfl	18534	1574253482	
busco_downloads/lineages/basidiomycota_odb10/prfl/85486at5204.prfl	18366	1574253482	
busco_downloads/lineages/basidiomycota_odb10/prfl/85524at5204.prfl	22384	1574253482	
busco_downloads/lineages/basidiomycota_odb10/prfl/85607at5204.prfl	30779	1574253482	
busco_downloads/lineages/basidiomycota_odb10/prfl/85624at5204.prfl	22838	1574253482	
busco_downloads/lineages/basidiomycota_odb10/prfl/85667at5204.prfl	14786	1574253482	
busco_downloads/lineages/basidiomycota_odb10/prfl/85668at5204.prfl	17223	1574253481	
busco_downloads/lineages/basidiomycota_odb10/prfl/85672at5204.prfl	20559	1574253482	
busco_downloads/lineages/basidiomycota_odb10/prfl/85797at5204.prfl	20493	1574253482	
busco_downloads/lineages/basidiomycota_odb10/prfl/85824at5204.prfl	12921	1574253481	
busco_downloads/lineages/basidiomycota_odb10/prfl/85866at5204.prfl	22067	1574253482	
busco_downloads/lineages/basidiomycota_odb10/prfl/85945at5204.prfl	23428	1574253482	
busco_downloads/lineages/basidiomycota_odb10/prfl/85963at5204.prfl	19748	1574253482	
busco_downloads/lineages/basidiomycota_odb10/prfl/859at5204.prfl	188080	1574253482	
busco_downloads/lineages/basidiomycota_odb10/prfl/86094at5204.prfl	22109	1574253482	
busco_downloads/lineages/basidiomycota_odb10/prfl/86123at5204.prfl	16515	1574253482	
busco_downloads/lineages/basidiomycota_odb10/prfl/86131at5204.prfl	15097	1574253482	
busco_downloads/lineages/basidiomycota_odb10/prfl/86173at5204.prfl	35935	1574253482	
busco_downloads/lineages/basidiomycota_odb10/prfl/86244at5204.prfl	31266	1574253482	
busco_downloads/lineages/basidiomycota_odb10/prfl/86280at5204.prfl	60726	1574253482	
busco_downloads/lineages/basidiomycota_odb10/prfl/86306at5204.prfl	21808	1574253482	
busco_downloads/lineages/basidiomycota_odb10/prfl/86449at5204.prfl	13558	1574253482	
busco_downloads/lineages/basidiomycota_odb10/prfl/86477at5204.prfl	21285	1574253482	
busco_downloads/lineages/basidiomycota_odb10/prfl/86499at5204.prfl	23684	1574253482	
busco_downloads/lineages/basidiomycota_odb10/prfl/86559at5204.prfl	34316	1574253481	
busco_downloads/lineages/basidiomycota_odb10/prfl/86665at5204.prfl	34388	1574253482	
busco_downloads/lineages/basidiomycota_odb10/prfl/86694at5204.prfl	34751	1574253482	
busco_downloads/lineages/basidiomycota_odb10/prfl/86723at5204.prfl	17048	1574253482	
busco_downloads/lineages/basidiomycota_odb10/prfl/86750at5204.prfl	22508	1574253482	
busco_downloads/lineages/basidiomycota_odb10/prfl/86780at5204.prfl	16065	1574253481	
busco_downloads/lineages/basidiomycota_odb10/prfl/86977at5204.prfl	21960	1574253482	
busco_downloads/lineages/basidiomycota_odb10/prfl/86984at5204.prfl	16088	1574253481	
busco_downloads/lineages/basidiomycota_odb10/prfl/87047at5204.prfl	51616	1574253482	
busco_downloads/lineages/basidiomycota_odb10/prfl/87069at5204.prfl	15172	1574253482	
busco_downloads/lineages/basidiomycota_odb10/prfl/8706at5204.prfl	139809	1574253482	
busco_downloads/lineages/basidiomycota_odb10/prfl/87075at5204.prfl	18549	1574253481	
busco_downloads/lineages/basidiomycota_odb10/prfl/87136at5204.prfl	18446	1574253482	
busco_downloads/lineages/basidiomycota_odb10/prfl/87178at5204.prfl	20567	1574253482	
busco_downloads/lineages/basidiomycota_odb10/prfl/87294at5204.prfl	13232	1574253482	
busco_downloads/lineages/basidiomycota_odb10/prfl/87309at5204.prfl	20750	1574253482	
busco_downloads/lineages/basidiomycota_odb10/prfl/87313at5204.prfl	17314	1574253482	
busco_downloads/lineages/basidiomycota_odb10/prfl/87526at5204.prfl	20240	1574253482	
busco_downloads/lineages/basidiomycota_odb10/prfl/8758at5204.prfl	112950	1574253482	
busco_downloads/lineages/basidiomycota_odb10/prfl/87797at5204.prfl	18299	1574253482	
busco_downloads/lineages/basidiomycota_odb10/prfl/877at5204.prfl	207334	1574253482	
busco_downloads/lineages/basidiomycota_odb10/prfl/87848at5204.prfl	26535	1574253482	
busco_downloads/lineages/basidiomycota_odb10/prfl/87970at5204.prfl	19087	1574253482	
busco_downloads/lineages/basidiomycota_odb10/prfl/88002at5204.prfl	24337	1574253482	
busco_downloads/lineages/basidiomycota_odb10/prfl/88056at5204.prfl	50788	1574253482	
busco_downloads/lineages/basidiomycota_odb10/prfl/88251at5204.prfl	30449	1574253482	
busco_downloads/lineages/basidiomycota_odb10/prfl/88307at5204.prfl	18764	1574253482	
busco_downloads/lineages/basidiomycota_odb10/prfl/88390at5204.prfl	14601	1574253482	
busco_downloads/lineages/basidiomycota_odb10/prfl/88404at5204.prfl	16577	1574253482	
busco_downloads/lineages/basidiomycota_odb10/prfl/88418at5204.prfl	23840	1574253481	
busco_downloads/lineages/basidiomycota_odb10/prfl/88421at5204.prfl	19923	1574253482	
busco_downloads/lineages/basidiomycota_odb10/prfl/88422at5204.prfl	18685	1574253481	
busco_downloads/lineages/basidiomycota_odb10/prfl/8845at5204.prfl	106882	1574253482	
busco_downloads/lineages/basidiomycota_odb10/prfl/8851at5204.prfl	85199	1574253482	
busco_downloads/lineages/basidiomycota_odb10/prfl/88649at5204.prfl	31589	1574253482	
busco_downloads/lineages/basidiomycota_odb10/prfl/88660at5204.prfl	37977	1574253482	
busco_downloads/lineages/basidiomycota_odb10/prfl/88842at5204.prfl	13159	1574253481	
busco_downloads/lineages/basidiomycota_odb10/prfl/88942at5204.prfl	14845	1574253482	
busco_downloads/lineages/basidiomycota_odb10/prfl/8895at5204.prfl	146271	1574253482	
busco_downloads/lineages/basidiomycota_odb10/prfl/88985at5204.prfl	17734	1574253482	
busco_downloads/lineages/basidiomycota_odb10/prfl/89275at5204.prfl	14114	1574253482	
busco_downloads/lineages/basidiomycota_odb10/prfl/89408at5204.prfl	35676	1574253482	
busco_downloads/lineages/basidiomycota_odb10/prfl/89699at5204.prfl	39308	1574253482	
busco_downloads/lineages/basidiomycota_odb10/prfl/89776at5204.prfl	14353	1574253482	
busco_downloads/lineages/basidiomycota_odb10/prfl/8977at5204.prfl	124704	1574253482	
busco_downloads/lineages/basidiomycota_odb10/prfl/89780at5204.prfl	15692	1574253482	
busco_downloads/lineages/basidiomycota_odb10/prfl/89811at5204.prfl	17079	1574253482	
busco_downloads/lineages/basidiomycota_odb10/prfl/9007at5204.prfl	103222	1574253482	
busco_downloads/lineages/basidiomycota_odb10/prfl/90152at5204.prfl	15831	1574253482	
busco_downloads/lineages/basidiomycota_odb10/prfl/90166at5204.prfl	20613	1574253482	
busco_downloads/lineages/basidiomycota_odb10/prfl/90170at5204.prfl	15091	1574253482	
busco_downloads/lineages/basidiomycota_odb10/prfl/90173at5204.prfl	23755	1574253482	
busco_downloads/lineages/basidiomycota_odb10/prfl/9024at5204.prfl	161125	1574253482	
busco_downloads/lineages/basidiomycota_odb10/prfl/90278at5204.prfl	16917	1574253482	
busco_downloads/lineages/basidiomycota_odb10/prfl/90285at5204.prfl	22712	1574253482	
busco_downloads/lineages/basidiomycota_odb10/prfl/90291at5204.prfl	17884	1574253481	
busco_downloads/lineages/basidiomycota_odb10/prfl/90309at5204.prfl	27697	1574253482	
busco_downloads/lineages/basidiomycota_odb10/prfl/9033at5204.prfl	111291	1574253482	
busco_downloads/lineages/basidiomycota_odb10/prfl/90406at5204.prfl	13224	1574253481	
busco_downloads/lineages/basidiomycota_odb10/prfl/90454at5204.prfl	28254	1574253482	
busco_downloads/lineages/basidiomycota_odb10/prfl/90553at5204.prfl	21701	1574253482	
busco_downloads/lineages/basidiomycota_odb10/prfl/90710at5204.prfl	10134	1574253482	
busco_downloads/lineages/basidiomycota_odb10/prfl/91035at5204.prfl	13884	1574253481	
busco_downloads/lineages/basidiomycota_odb10/prfl/91060at5204.prfl	26553	1574253482	
busco_downloads/lineages/basidiomycota_odb10/prfl/91085at5204.prfl	41968	1574253482	
busco_downloads/lineages/basidiomycota_odb10/prfl/91303at5204.prfl	13151	1574253482	
busco_downloads/lineages/basidiomycota_odb10/prfl/91312at5204.prfl	14298	1574253482	
busco_downloads/lineages/basidiomycota_odb10/prfl/91324at5204.prfl	19578	1574253482	
busco_downloads/lineages/basidiomycota_odb10/prfl/91425at5204.prfl	13956	1574253481	
busco_downloads/lineages/basidiomycota_odb10/prfl/91437at5204.prfl	17546	1574253482	
busco_downloads/lineages/basidiomycota_odb10/prfl/91722at5204.prfl	18851	1574253482	
busco_downloads/lineages/basidiomycota_odb10/prfl/9213at5204.prfl	141286	1574253481	
busco_downloads/lineages/basidiomycota_odb10/prfl/92328at5204.prfl	30445	1574253482	
busco_downloads/lineages/basidiomycota_odb10/prfl/9237at5204.prfl	121223	1574253482	
busco_downloads/lineages/basidiomycota_odb10/prfl/92418at5204.prfl	19510	1574253482	
busco_downloads/lineages/basidiomycota_odb10/prfl/92430at5204.prfl	14770	1574253482	
busco_downloads/lineages/basidiomycota_odb10/prfl/9248at5204.prfl	93374	1574253482	
busco_downloads/lineages/basidiomycota_odb10/prfl/9250at5204.prfl	58641	1574253481	
busco_downloads/lineages/basidiomycota_odb10/prfl/92511at5204.prfl	15986	1574253482	
busco_downloads/lineages/basidiomycota_odb10/prfl/9251at5204.prfl	118034	1574253482	
busco_downloads/lineages/basidiomycota_odb10/prfl/92565at5204.prfl	13229	1574253482	
busco_downloads/lineages/basidiomycota_odb10/prfl/92806at5204.prfl	16521	1574253482	
busco_downloads/lineages/basidiomycota_odb10/prfl/92975at5204.prfl	15909	1574253482	
busco_downloads/lineages/basidiomycota_odb10/prfl/92986at5204.prfl	17312	1574253482	
busco_downloads/lineages/basidiomycota_odb10/prfl/93248at5204.prfl	13952	1574253482	
busco_downloads/lineages/basidiomycota_odb10/prfl/93591at5204.prfl	11912	1574253481	
busco_downloads/lineages/basidiomycota_odb10/prfl/93674at5204.prfl	23340	1574253482	
busco_downloads/lineages/basidiomycota_odb10/prfl/9434at5204.prfl	117237	1574253482	
busco_downloads/lineages/basidiomycota_odb10/prfl/9439at5204.prfl	130784	1574253482	
busco_downloads/lineages/basidiomycota_odb10/prfl/9466at5204.prfl	103474	1574253482	
busco_downloads/lineages/basidiomycota_odb10/prfl/9486at5204.prfl	95933	1574253482	
busco_downloads/lineages/basidiomycota_odb10/prfl/9490at5204.prfl	114137	1574253482	
busco_downloads/lineages/basidiomycota_odb10/prfl/9531at5204.prfl	114461	1574253482	
busco_downloads/lineages/basidiomycota_odb10/prfl/95538at5204.prfl	19736	1574253482	
busco_downloads/lineages/basidiomycota_odb10/prfl/95640at5204.prfl	17061	1574253482	
busco_downloads/lineages/basidiomycota_odb10/prfl/9568at5204.prfl	107378	1574253482	
busco_downloads/lineages/basidiomycota_odb10/prfl/9634at5204.prfl	78143	1574253482	
busco_downloads/lineages/basidiomycota_odb10/prfl/9664at5204.prfl	102911	1574253482	
busco_downloads/lineages/basidiomycota_odb10/prfl/9685at5204.prfl	122189	1574253482	
busco_downloads/lineages/basidiomycota_odb10/prfl/9706at5204.prfl	97269	1574253482	
busco_downloads/lineages/basidiomycota_odb10/prfl/972at5204.prfl	204911	1574253482	
busco_downloads/lineages/basidiomycota_odb10/prfl/9792at5204.prfl	103220	1574253482	
busco_downloads/lineages/basidiomycota_odb10/prfl/9801at5204.prfl	141835	1574253482	
busco_downloads/lineages/basidiomycota_odb10/prfl/981at5204.prfl	188840	1574253482	
busco_downloads/lineages/basidiomycota_odb10/prfl/9850at5204.prfl	135427	1574253482	
busco_downloads/lineages/basidiomycota_odb10/prfl/9853at5204.prfl	114373	1574253482	
busco_downloads/lineages/basidiomycota_odb10/prfl/9874at5204.prfl	98538	1574253482	
busco_downloads/lineages/basidiomycota_odb10/prfl/98at5204.prfl	354150	1574253482	
busco_downloads/lineages/basidiomycota_odb10/prfl/9909at5204.prfl	82184	1574253482	
busco_downloads/lineages/basidiomycota_odb10/prfl/9944at5204.prfl	99156	1574253481	
busco_downloads/lineages/basidiomycota_odb10/prfl/9951at5204.prfl	111877	1574253482	
busco_downloads/lineages/basidiomycota_odb10/prfl/9974at5204.prfl	86761	1574253481	
busco_downloads/lineages/basidiomycota_odb10/refseq_db.faa	130010154	1786785572	
busco_downloads/lineages/basidiomycota_odb10/refseq_db.faa.gz.md5	100	1704720766	
busco_downloads/lineages/basidiomycota_odb10/scores_cutoff	37101	1574253484	
busco_downloads/lineages/fungi_odb10/ancestral	460559	1574253527	
busco_downloads/lineages/fungi_odb10/ancestral_variants	4599088	1574253527	
busco_downloads/lineages/fungi_odb10/dataset.cfg	187	1704721208	
busco_downloads/lineages/fungi_odb10/hmms/100957at4751.hmm	354423	1574253527	
busco_downloads/lineages/fungi_odb10/hmms/101133at4751.hmm	180514	1574253527	
busco_downloads/lineages/fungi_odb10/hmms/10168at4751.hmm	509734	1574253527	
busco_downloads/lineages/fungi_odb10/hmms/103183at4751.hmm	313969	1574253527	
busco_downloads/lineages/fungi_odb10/hmms/103461at4751.hmm	287928	1574253526	
busco_downloads/lineages/fungi_odb10/hmms/103836at4751.hmm	144709	1574253527	
busco_downloads/lineages/fungi_odb10/hmms/104173at4751.hmm	222364	1574253526	
busco_downloads/lineages/fungi_odb10/hmms/104415at4751.hmm	174934	1574253527	
busco_downloads/lineages/fungi_odb10/hmms/10531at4751.hmm	390692	1574253527	
busco_downloads/lineages/fungi_odb10/hmms/105401at4751.hmm	268864	1574253527	
busco_downloads/lineages/fungi_odb10/hmms/106281at4751.hmm	540890	1574253527	
busco_downloads/lineages/fungi_odb10/hmms/107136at4751.hmm	266539	1574253527	
busco_downloads/lineages/fungi_odb10/hmms/107464at4751.hmm	193069	1574253527	
busco_downloads/lineages/fungi_odb10/hmms/109276at4751.hmm	200508	1574253527	
busco_downloads/lineages/fungi_odb10/hmms/111022at4751.hmm	146569	1574253527	
busco_downloads/lineages/fungi_odb10/hmms/111189at4751.hmm	249334	1574253527	
busco_downloads/lineages/fungi_odb10/hmms/11140at4751.hmm	589247	1574253527	
busco_downloads/lineages/fungi_odb10/hmms/112646at4751.hmm	187489	1574253527	
busco_downloads/lineages/fungi_odb10/hmms/112937at4751.hmm	227014	1574253527	
busco_downloads/lineages/fungi_odb10/hmms/115993at4751.hmm	224689	1574253526	
busco_downloads/lineages/fungi_odb10/hmms/11636at4751.hmm	432543	1574253527	
busco_downloads/lineages/fungi_odb10/hmms/117017at4751.hmm	226549	1574253527	
busco_downloads/lineages/fungi_odb10/hmms/118189at4751.hmm	240964	1574253527	
busco_downloads/lineages/fungi_odb10/hmms/118701at4751.hmm	311643	1574253527	
busco_downloads/lineages/fungi_odb10/hmms/11879at4751.hmm	494853	1574253526	
busco_downloads/lineages/fungi_odb10/hmms/119833at4751.hmm	214923	1574253527	
busco_downloads/lineages/fungi_odb10/hmms/122507at4751.hmm	245149	1574253527	
busco_downloads/lineages/fungi_odb10/hmms/12258at4751.hmm	480903	1574253527	
busco_downloads/lineages/fungi_odb10/hmms/122824at4751.hmm	124713	1574253527	
busco_downloads/lineages/fungi_odb10/hmms/123228at4751.hmm	325129	1574253527	
busco_downloads/lineages/fungi_odb10/hmms/123277at4751.hmm	501365	1574253527	
busco_downloads/lineages/fungi_odb10/hmms/123494at4751.hmm	142384	1574253527	
busco_downloads/lineages/fungi_odb10/hmms/125400at4751.hmm	226084	1574253527	
busco_downloads/lineages/fungi_odb10/hmms/125935at4751.hmm	193999	1574253526	
busco_downloads/lineages/fungi_odb10/hmms/126037at4751.hmm	196324	1574253527	
busco_downloads/lineages/fungi_odb10/hmms/126249at4751.hmm	233524	1574253527	
busco_downloads/lineages/fungi_odb10/hmms/126256at4751.hmm	162379	1574253527	
busco_downloads/lineages/fungi_odb10/hmms/126519at4751.hmm	202369	1574253527	
busco_downloads/lineages/fungi_odb10/hmms/127140at4751.hmm	199113	1574253527	
busco_downloads/lineages/fungi_odb10/hmms/12812at4751.hmm	320942	1574253527	
busco_downloads/lineages/fungi_odb10/hmms/129160at4751.hmm	206554	1574253527	
busco_downloads/lineages/fungi_odb10/hmms/129326at4751.hmm	315364	1574253526	
busco_downloads/lineages/fungi_odb10/hmms/129520at4751.hmm	199114	1574253527	
busco_downloads/lineages/fungi_odb10/hmms/12959at4751.hmm	598547	1574253527	
busco_downloads/lineages/fungi_odb10/hmms/130062at4751.hmm	328848	1574253527	
busco_downloads/lineages/fungi_odb10/hmms/130930at4751.hmm	811055	1574253527	
busco_downloads/lineages/fungi_odb10/hmms/130976at4751.hmm	207019	1574253527	
busco_downloads/lineages/fungi_odb10/hmms/13224at4751.hmm	400923	1574253527	
busco_downloads/lineages/fungi_odb10/hmms/133954at4751.hmm	93558	1574253527	
busco_downloads/lineages/fungi_odb10/hmms/135184at4751.hmm	124713	1574253527	
busco_downloads/lineages/fungi_odb10/hmms/135652at4751.hmm	191674	1574253527	
busco_downloads/lineages/fungi_odb10/hmms/13605at4751.hmm	695269	1574253527	
busco_downloads/lineages/fungi_odb10/hmms/137963at4751.hmm	205623	1574253527	
busco_downloads/lineages/fungi_odb10/hmms/138484at4751.hmm	164239	1574253527	
busco_downloads/lineages/fungi_odb10/hmms/138695at4751.hmm	234917	1574253527	
busco_downloads/lineages/fungi_odb10/hmms/138697at4751.hmm	185628	1574253527	
busco_downloads/lineages/fungi_odb10/hmms/138833at4751.hmm	228409	1574253527	
busco_downloads/lineages/fungi_odb10/hmms/141273at4751.hmm	136804	1574253527	
busco_downloads/lineages/fungi_odb10/hmms/142357at4751.hmm	247939	1574253527	
busco_downloads/lineages/fungi_odb10/hmms/14295at4751.hmm	386508	1574253526	
busco_downloads/lineages/fungi_odb10/hmms/142965at4751.hmm	128434	1574253527	
busco_downloads/lineages/fungi_odb10/hmms/143414at4751.hmm	220504	1574253527	
busco_downloads/lineages/fungi_odb10/hmms/14441at4751.hmm	597154	1574253527	
busco_downloads/lineages/fungi_odb10/hmms/145178at4751.hmm	247009	1574253526	
busco_downloads/lineages/fungi_odb10/hmms/14523at4751.hmm	415338	1574253527	
busco_downloads/lineages/fungi_odb10/hmms/145378at4751.hmm	202369	1574253527	
busco_downloads/lineages/fungi_odb10/hmms/145524at4751.hmm	157729	1574253527	
busco_downloads/lineages/fungi_odb10/hmms/147028at4751.hmm	156799	1574253527	
busco_downloads/lineages/fungi_odb10/hmms/14793at4751.hmm	386971	1574253527	
busco_downloads/lineages/fungi_odb10/hmms/148293at4751.hmm	188882	1574253526	
busco_downloads/lineages/fungi_odb10/hmms/14986at4751.hmm	348378	1574253526	
busco_downloads/lineages/fungi_odb10/hmms/150469at4751.hmm	172609	1574253527	
busco_downloads/lineages/fungi_odb10/hmms/153083at4751.hmm	275374	1574253526	
busco_downloads/lineages/fungi_odb10/hmms/154126at4751.hmm	200973	1574253527	
busco_downloads/lineages/fungi_odb10/hmms/156073at4751.hmm	101464	1574253526	
busco_downloads/lineages/fungi_odb10/hmms/160044at4751.hmm	167028	1574253527	
busco_downloads/lineages/fungi_odb10/hmms/160875at4751.hmm	199114	1574253527	
busco_downloads/lineages/fungi_odb10/hmms/160940at4751.hmm	111694	1574253526	
busco_downloads/lineages/fungi_odb10/hmms/160995at4751.hmm	180048	1574253527	
busco_downloads/lineages/fungi_odb10/hmms/161113at4751.hmm	148429	1574253526	
busco_downloads/lineages/fungi_odb10/hmms/163318at4751.hmm	158659	1574253526	
busco_downloads/lineages/fungi_odb10/hmms/165243at4751.hmm	120994	1574253527	
busco_downloads/lineages/fungi_odb10/hmms/167290at4751.hmm	200973	1574253526	
busco_downloads/lineages/fungi_odb10/hmms/167374at4751.hmm	199578	1574253526	
busco_downloads/lineages/fungi_odb10/hmms/167498at4751.hmm	180513	1574253527	
busco_downloads/lineages/fungi_odb10/hmms/168092at4751.hmm	186094	1574253527	
busco_downloads/lineages/fungi_odb10/hmms/168489at4751.hmm	245149	1574253527	
busco_downloads/lineages/fungi_odb10/hmms/169381at4751.hmm	110299	1574253527	
busco_downloads/lineages/fungi_odb10/hmms/170297at4751.hmm	245149	1574253527	
busco_downloads/lineages/fungi_odb10/hmms/170401at4751.hmm	376279	1574253527	
busco_downloads/lineages/fungi_odb10/hmms/170904at4751.hmm	344192	1574253527	
busco_downloads/lineages/fungi_odb10/hmms/171181at4751.hmm	98673	1574253527	
busco_downloads/lineages/fungi_odb10/hmms/171238at4751.hmm	149359	1574253526	
busco_downloads/lineages/fungi_odb10/hmms/17174at4751.hmm	279558	1574253527	
busco_downloads/lineages/fungi_odb10/hmms/172113at4751.hmm	139594	1574253527	
busco_downloads/lineages/fungi_odb10/hmms/172363at4751.hmm	281884	1574253527	
busco_downloads/lineages/fungi_odb10/hmms/172966at4751.hmm	202833	1574253526	
busco_downloads/lineages/fungi_odb10/hmms/173428at4751.hmm	222829	1574253527	
busco_downloads/lineages/fungi_odb10/hmms/173995at4751.hmm	128434	1574253526	
busco_downloads/lineages/fungi_odb10/hmms/174653at4751.hmm	173074	1574253526	
busco_downloads/lineages/fungi_odb10/hmms/174672at4751.hmm	130294	1574253527	
busco_downloads/lineages/fungi_odb10/hmms/175136at4751.hmm	131224	1574253527	
busco_downloads/lineages/fungi_odb10/hmms/175599at4751.hmm	83329	1574253527	
busco_downloads/lineages/fungi_odb10/hmms/176178at4751.hmm	153079	1574253527	
busco_downloads/lineages/fungi_odb10/hmms/176478at4751.hmm	174934	1574253527	
busco_downloads/lineages/fungi_odb10/hmms/176648at4751.hmm	136339	1574253526	
busco_downloads/lineages/fungi_odb10/hmms/176748at4751.hmm	201904	1574253527	
busco_downloads/lineages/fungi_odb10/hmms/179025at4751.hmm	127503	1574253526	
busco_downloads/lineages/fungi_odb10/hmms/179437at4751.hmm	176329	1574253526	
busco_downloads/lineages/fungi_odb10/hmms/179897at4751.hmm	129364	1574253527	
busco_downloads/lineages/fungi_odb10/hmms/181890at4751.hmm	58684	1574253527	
busco_downloads/lineages/fungi_odb10/hmms/181959at4751.hmm	166564	1574253527	
busco_downloads/lineages/fungi_odb10/hmms/183720at4751.hmm	174469	1574253527	
busco_downloads/lineages/fungi_odb10/hmms/183801at4751.hmm	55894	1574253527	
busco_downloads/lineages/fungi_odb10/hmms/183849at4751.hmm	206554	1574253527	
busco_downloads/lineages/fungi_odb10/hmms/184718at4751.hmm	333499	1574253527	
busco_downloads/lineages/fungi_odb10/hmms/184762at4751.hmm	143313	1574253527	
busco_downloads/lineages/fungi_odb10/hmms/185196at4751.hmm	248404	1574253526	
busco_downloads/lineages/fungi_odb10/hmms/185399at4751.hmm	147964	1574253527	
busco_downloads/lineages/fungi_odb10/hmms/186138at4751.hmm	140524	1574253527	
busco_downloads/lineages/fungi_odb10/hmms/186574at4751.hmm	171679	1574253527	
busco_downloads/lineages/fungi_odb10/hmms/1866at4751.hmm	831513	1574253526	
busco_downloads/lineages/fungi_odb10/hmms/186701at4751.hmm	339543	1574253527	
busco_downloads/lineages/fungi_odb10/hmms/187821at4751.hmm	184234	1574253527	
busco_downloads/lineages/fungi_odb10/hmms/188070at4751.hmm	141919	1574253527	
busco_downloads/lineages/fungi_odb10/hmms/18809at4751.hmm	298158	1574253527	
busco_downloads/lineages/fungi_odb10/hmms/189234at4751.hmm	141919	1574253527	
busco_downloads/lineages/fungi_odb10/hmms/189573at4751.hmm	133084	1574253527	
busco_downloads/lineages/fungi_odb10/hmms/190183at4751.hmm	120994	1574253527	
busco_downloads/lineages/fungi_odb10/hmms/190475at4751.hmm	216319	1574253527	
busco_downloads/lineages/fungi_odb10/hmms/190832at4751.hmm	155868	1574253527	
busco_downloads/lineages/fungi_odb10/hmms/191114at4751.hmm	155869	1574253527	
busco_downloads/lineages/fungi_odb10/hmms/191296at4751.hmm	251659	1574253527	
busco_downloads/lineages/fungi_odb10/hmms/191310at4751.hmm	262354	1574253526	
busco_downloads/lineages/fungi_odb10/hmms/192059at4751.hmm	150288	1574253526	
busco_downloads/lineages/fungi_odb10/hmms/192135at4751.hmm	319549	1574253527	
busco_downloads/lineages/fungi_odb10/hmms/192452at4751.hmm	236314	1574253527	
busco_downloads/lineages/fungi_odb10/hmms/195619at4751.hmm	211204	1574253527	
busco_downloads/lineages/fungi_odb10/hmms/195863at4751.hmm	381859	1574253527	
busco_downloads/lineages/fungi_odb10/hmms/196015at4751.hmm	174004	1574253527	
busco_downloads/lineages/fungi_odb10/hmms/196094at4751.hmm	223759	1574253527	
busco_downloads/lineages/fungi_odb10/hmms/196841at4751.hmm	205624	1574253527	
busco_downloads/lineages/fungi_odb10/hmms/197111at4751.hmm	148428	1574253527	
busco_downloads/lineages/fungi_odb10/hmms/197612at4751.hmm	123782	1574253527	
busco_downloads/lineages/fungi_odb10/hmms/198196at4751.hmm	174004	1574253527	
busco_downloads/lineages/fungi_odb10/hmms/198234at4751.hmm	161914	1574253527	
busco_downloads/lineages/fungi_odb10/hmms/200331at4751.hmm	90304	1574253526	
busco_downloads/lineages/fungi_odb10/hmms/201591at4751.hmm	46128	1574253527	
busco_downloads/lineages/fungi_odb10/hmms/202089at4751.hmm	101929	1574253526	
busco_downloads/lineages/fungi_odb10/hmms/202248at4751.hmm	126574	1574253527	
busco_downloads/lineages/fungi_odb10/hmms/203109at4751.hmm	116344	1574253527	
busco_downloads/lineages/fungi_odb10/hmms/203710at4751.hmm	148894	1574253527	
busco_downloads/lineages/fungi_odb10/hmms/204087at4751.hmm	145173	1574253527	
busco_downloads/lineages/fungi_odb10/hmms/204341at4751.hmm	226083	1574253527	
busco_downloads/lineages/fungi_odb10/hmms/204508at4751.hmm	127039	1574253527	
busco_downloads/lineages/fungi_odb10/hmms/205479at4751.hmm	96349	1574253527	
busco_downloads/lineages/fungi_odb10/hmms/20600at4751.hmm	372093	1574253527	
busco_downloads/lineages/fungi_odb10/hmms/207926at4751.hmm	240499	1574253527	
busco_downloads/lineages/fungi_odb10/hmms/208463at4751.hmm	227479	1574253527	
busco_downloads/lineages/fungi_odb10/hmms/209053at4751.hmm	141454	1574253527	
busco_downloads/lineages/fungi_odb10/hmms/20952at4751.hmm	440913	1574253527	
busco_downloads/lineages/fungi_odb10/hmms/209619at4751.hmm	118204	1574253527	
busco_downloads/lineages/fungi_odb10/hmms/210178at4751.hmm	147499	1574253527	
busco_downloads/lineages/fungi_odb10/hmms/210462at4751.hmm	146104	1574253527	
busco_downloads/lineages/fungi_odb10/hmms/210986at4751.hmm	127503	1574253527	
busco_downloads/lineages/fungi_odb10/hmms/211442at4751.hmm	101926	1574253527	
busco_downloads/lineages/fungi_odb10/hmms/211634at4751.hmm	125178	1574253527	
busco_downloads/lineages/fungi_odb10/hmms/211768at4751.hmm	144709	1574253527	
busco_downloads/lineages/fungi_odb10/hmms/212522at4751.hmm	127969	1574253527	
busco_downloads/lineages/fungi_odb10/hmms/212735at4751.hmm	159124	1574253527	
busco_downloads/lineages/fungi_odb10/hmms/213564at4751.hmm	94954	1574253526	
busco_downloads/lineages/fungi_odb10/hmms/215926at4751.hmm	121923	1574253527	
busco_downloads/lineages/fungi_odb10/hmms/216270at4751.hmm	152149	1574253526	
busco_downloads/lineages/fungi_odb10/hmms/21651at4751.hmm	315827	1574253527	
busco_downloads/lineages/fungi_odb10/hmms/216661at4751.hmm	114019	1574253527	
busco_downloads/lineages/fungi_odb10/hmms/216683at4751.hmm	117739	1574253526	
busco_downloads/lineages/fungi_odb10/hmms/216747at4751.hmm	146104	1574253527	
busco_downloads/lineages/fungi_odb10/hmms/21689at4751.hmm	329313	1574253526	
busco_downloads/lineages/fungi_odb10/hmms/216949at4751.hmm	138199	1574253527	
busco_downloads/lineages/fungi_odb10/hmms/217097at4751.hmm	102859	1574253527	
busco_downloads/lineages/fungi_odb10/hmms/217374at4751.hmm	112624	1574253526	
busco_downloads/lineages/fungi_odb10/hmms/219236at4751.hmm	145174	1574253527	
busco_downloads/lineages/fungi_odb10/hmms/219492at4751.hmm	131689	1574253526	
busco_downloads/lineages/fungi_odb10/hmms/221926at4751.hmm	187488	1574253527	
busco_downloads/lineages/fungi_odb10/hmms/224693at4751.hmm	144709	1574253527	
busco_downloads/lineages/fungi_odb10/hmms/224775at4751.hmm	120529	1574253527	
busco_downloads/lineages/fungi_odb10/hmms/224804at4751.hmm	99604	1574253526	
busco_downloads/lineages/fungi_odb10/hmms/225321at4751.hmm	178189	1574253527	
busco_downloads/lineages/fungi_odb10/hmms/225351at4751.hmm	113089	1574253527	
busco_downloads/lineages/fungi_odb10/hmms/225535at4751.hmm	159589	1574253527	
busco_downloads/lineages/fungi_odb10/hmms/225712at4751.hmm	106579	1574253527	
busco_downloads/lineages/fungi_odb10/hmms/225820at4751.hmm	102394	1574253527	
busco_downloads/lineages/fungi_odb10/hmms/225918at4751.hmm	184699	1574253527	
busco_downloads/lineages/fungi_odb10/hmms/226810at4751.hmm	114019	1574253527	
busco_downloads/lineages/fungi_odb10/hmms/227572at4751.hmm	107509	1574253527	
busco_downloads/lineages/fungi_odb10/hmms/228465at4751.hmm	97744	1574253526	
busco_downloads/lineages/fungi_odb10/hmms/228752at4751.hmm	169819	1574253527	
busco_downloads/lineages/fungi_odb10/hmms/229510at4751.hmm	154009	1574253527	
busco_downloads/lineages/fungi_odb10/hmms/22982at4751.hmm	390693	1574253527	
busco_downloads/lineages/fungi_odb10/hmms/22992at4751.hmm	234453	1574253526	
busco_downloads/lineages/fungi_odb10/hmms/229997at4751.hmm	67519	1574253527	
busco_downloads/lineages/fungi_odb10/hmms/230605at4751.hmm	205624	1574253527	
busco_downloads/lineages/fungi_odb10/hmms/231468at4751.hmm	124249	1574253527	
busco_downloads/lineages/fungi_odb10/hmms/231582at4751.hmm	137734	1574253527	
busco_downloads/lineages/fungi_odb10/hmms/23198at4751.hmm	553444	1574253527	
busco_downloads/lineages/fungi_odb10/hmms/232698at4751.hmm	233058	1574253527	
busco_downloads/lineages/fungi_odb10/hmms/233287at4751.hmm	126109	1574253527	
busco_downloads/lineages/fungi_odb10/hmms/233706at4751.hmm	117739	1574253527	
busco_downloads/lineages/fungi_odb10/hmms/234548at4751.hmm	549260	1574253527	
busco_downloads/lineages/fungi_odb10/hmms/234698at4751.hmm	169819	1574253527	
busco_downloads/lineages/fungi_odb10/hmms/235105at4751.hmm	139129	1574253527	
busco_downloads/lineages/fungi_odb10/hmms/235463at4751.hmm	105184	1574253526	
busco_downloads/lineages/fungi_odb10/hmms/235640at4751.hmm	153544	1574253527	
busco_downloads/lineages/fungi_odb10/hmms/236504at4751.hmm	178189	1574253526	
busco_downloads/lineages/fungi_odb10/hmms/237276at4751.hmm	165169	1574253527	
busco_downloads/lineages/fungi_odb10/hmms/237281at4751.hmm	149359	1574253527	
busco_downloads/lineages/fungi_odb10/hmms/237393at4751.hmm	169819	1574253527	
busco_downloads/lineages/fungi_odb10/hmms/237533at4751.hmm	75888	1574253527	
busco_downloads/lineages/fungi_odb10/hmms/23856at4751.hmm	475324	1574253527	
busco_downloads/lineages/fungi_odb10/hmms/238922at4751.hmm	144243	1574253526	
busco_downloads/lineages/fungi_odb10/hmms/240036at4751.hmm	231664	1574253527	
busco_downloads/lineages/fungi_odb10/hmms/240246at4751.hmm	156334	1574253526	
busco_downloads/lineages/fungi_odb10/hmms/241079at4751.hmm	160984	1574253527	
busco_downloads/lineages/fungi_odb10/hmms/241483at4751.hmm	182838	1574253526	
busco_downloads/lineages/fungi_odb10/hmms/241586at4751.hmm	171214	1574253527	
busco_downloads/lineages/fungi_odb10/hmms/241860at4751.hmm	140989	1574253527	
busco_downloads/lineages/fungi_odb10/hmms/24198at4751.hmm	414872	1574253526	
busco_downloads/lineages/fungi_odb10/hmms/243015at4751.hmm	174934	1574253527	
busco_downloads/lineages/fungi_odb10/hmms/244066at4751.hmm	148894	1574253527	
busco_downloads/lineages/fungi_odb10/hmms/245480at4751.hmm	197718	1574253527	
busco_downloads/lineages/fungi_odb10/hmms/245900at4751.hmm	144709	1574253527	
busco_downloads/lineages/fungi_odb10/hmms/246207at4751.hmm	99604	1574253527	
busco_downloads/lineages/fungi_odb10/hmms/246951at4751.hmm	173074	1574253527	
busco_downloads/lineages/fungi_odb10/hmms/247065at4751.hmm	176328	1574253527	
busco_downloads/lineages/fungi_odb10/hmms/247129at4751.hmm	144244	1574253527	
busco_downloads/lineages/fungi_odb10/hmms/247383at4751.hmm	114949	1574253527	
busco_downloads/lineages/fungi_odb10/hmms/248360at4751.hmm	197719	1574253526	
busco_downloads/lineages/fungi_odb10/hmms/25020at4751.hmm	357213	1574253527	
busco_downloads/lineages/fungi_odb10/hmms/251158at4751.hmm	130294	1574253527	
busco_downloads/lineages/fungi_odb10/hmms/251613at4751.hmm	112624	1574253527	
busco_downloads/lineages/fungi_odb10/hmms/25161at4751.hmm	286997	1574253527	
busco_downloads/lineages/fungi_odb10/hmms/252314at4751.hmm	67984	1574253527	
busco_downloads/lineages/fungi_odb10/hmms/252469at4751.hmm	126109	1574253527	
busco_downloads/lineages/fungi_odb10/hmms/254717at4751.hmm	116343	1574253527	
busco_downloads/lineages/fungi_odb10/hmms/255378at4751.hmm	143313	1574253527	
busco_downloads/lineages/fungi_odb10/hmms/255412at4751.hmm	140058	1574253527	
busco_downloads/lineages/fungi_odb10/hmms/256318at4751.hmm	170749	1574253527	
busco_downloads/lineages/fungi_odb10/hmms/256914at4751.hmm	144243	1574253527	
busco_downloads/lineages/fungi_odb10/hmms/257330at4751.hmm	147964	1574253527	
busco_downloads/lineages/fungi_odb10/hmms/258245at4751.hmm	163774	1574253526	
busco_downloads/lineages/fungi_odb10/hmms/258762at4751.hmm	88444	1574253527	
busco_downloads/lineages/fungi_odb10/hmms/259060at4751.hmm	193533	1574253527	
busco_downloads/lineages/fungi_odb10/hmms/259444at4751.hmm	157264	1574253527	
busco_downloads/lineages/fungi_odb10/hmms/259700at4751.hmm	111693	1574253527	
busco_downloads/lineages/fungi_odb10/hmms/259883at4751.hmm	24271	1574253526	
busco_downloads/lineages/fungi_odb10/hmms/260251at4751.hmm	108439	1574253527	
busco_downloads/lineages/fungi_odb10/hmms/260722at4751.hmm	105649	1574253526	
busco_downloads/lineages/fungi_odb10/hmms/260896at4751.hmm	81004	1574253527	
busco_downloads/lineages/fungi_odb10/hmms/261237at4751.hmm	169819	1574253526	
busco_downloads/lineages/fungi_odb10/hmms/262317at4751.hmm	128434	1574253527	
busco_downloads/lineages/fungi_odb10/hmms/26329at4751.hmm	445097	1574253527	
busco_downloads/lineages/fungi_odb10/hmms/263390at4751.hmm	159124	1574253527	
busco_downloads/lineages/fungi_odb10/hmms/264038at4751.hmm	195859	1574253527	
busco_downloads/lineages/fungi_odb10/hmms/264164at4751.hmm	203299	1574253527	
busco_downloads/lineages/fungi_odb10/hmms/265302at4751.hmm	104719	1574253527	
busco_downloads/lineages/fungi_odb10/hmms/265325at4751.hmm	160053	1574253527	
busco_downloads/lineages/fungi_odb10/hmms/266634at4751.hmm	160054	1574253527	
busco_downloads/lineages/fungi_odb10/hmms/267556at4751.hmm	72169	1574253527	
busco_downloads/lineages/fungi_odb10/hmms/269389at4751.hmm	143779	1574253527	
busco_downloads/lineages/fungi_odb10/hmms/269580at4751.hmm	147964	1574253527	
busco_downloads/lineages/fungi_odb10/hmms/269939at4751.hmm	173074	1574253526	
busco_downloads/lineages/fungi_odb10/hmms/27008at4751.hmm	282348	1574253527	
busco_downloads/lineages/fungi_odb10/hmms/271511at4751.hmm	117274	1574253527	
busco_downloads/lineages/fungi_odb10/hmms/271781at4751.hmm	127503	1574253527	
busco_downloads/lineages/fungi_odb10/hmms/271850at4751.hmm	81003	1574253526	
busco_downloads/lineages/fungi_odb10/hmms/272081at4751.hmm	60543	1574253527	
busco_downloads/lineages/fungi_odb10/hmms/272711at4751.hmm	118669	1574253526	
busco_downloads/lineages/fungi_odb10/hmms/273469at4751.hmm	127039	1574253527	
busco_downloads/lineages/fungi_odb10/hmms/274828at4751.hmm	147499	1574253527	
busco_downloads/lineages/fungi_odb10/hmms/276205at4751.hmm	102394	1574253527	
busco_downloads/lineages/fungi_odb10/hmms/278643at4751.hmm	171679	1574253527	
busco_downloads/lineages/fungi_odb10/hmms/279020at4751.hmm	99604	1574253527	
busco_downloads/lineages/fungi_odb10/hmms/280937at4751.hmm	101929	1574253526	
busco_downloads/lineages/fungi_odb10/hmms/281299at4751.hmm	139594	1574253526	
busco_downloads/lineages/fungi_odb10/hmms/281726at4751.hmm	79144	1574253527	
busco_downloads/lineages/fungi_odb10/hmms/281920at4751.hmm	145639	1574253527	
busco_downloads/lineages/fungi_odb10/hmms/282059at4751.hmm	133084	1574253527	
busco_downloads/lineages/fungi_odb10/hmms/282964at4751.hmm	91234	1574253527	
busco_downloads/lineages/fungi_odb10/hmms/283177at4751.hmm	112624	1574253527	
busco_downloads/lineages/fungi_odb10/hmms/284127at4751.hmm	140524	1574253527	
busco_downloads/lineages/fungi_odb10/hmms/284176at4751.hmm	60544	1574253527	
busco_downloads/lineages/fungi_odb10/hmms/284287at4751.hmm	195859	1574253527	
busco_downloads/lineages/fungi_odb10/hmms/284377at4751.hmm	250264	1574253527	
busco_downloads/lineages/fungi_odb10/hmms/285254at4751.hmm	127039	1574253527	
busco_downloads/lineages/fungi_odb10/hmms/285477at4751.hmm	70774	1574253527	
busco_downloads/lineages/fungi_odb10/hmms/285977at4751.hmm	111228	1574253527	
busco_downloads/lineages/fungi_odb10/hmms/289666at4751.hmm	90769	1574253527	
busco_downloads/lineages/fungi_odb10/hmms/289686at4751.hmm	39153	1574253526	
busco_downloads/lineages/fungi_odb10/hmms/290314at4751.hmm	131224	1574253527	
busco_downloads/lineages/fungi_odb10/hmms/290471at4751.hmm	99604	1574253527	
busco_downloads/lineages/fungi_odb10/hmms/291828at4751.hmm	83794	1574253527	
busco_downloads/lineages/fungi_odb10/hmms/292336at4751.hmm	158659	1574253527	
busco_downloads/lineages/fungi_odb10/hmms/292418at4751.hmm	206554	1574253527	
busco_downloads/lineages/fungi_odb10/hmms/293405at4751.hmm	113554	1574253527	
busco_downloads/lineages/fungi_odb10/hmms/29512at4751.hmm	307923	1574253527	
busco_downloads/lineages/fungi_odb10/hmms/295692at4751.hmm	39618	1574253527	
busco_downloads/lineages/fungi_odb10/hmms/295937at4751.hmm	88444	1574253527	
busco_downloads/lineages/fungi_odb10/hmms/296024at4751.hmm	153544	1574253527	
busco_downloads/lineages/fungi_odb10/hmms/296643at4751.hmm	93559	1574253527	
busco_downloads/lineages/fungi_odb10/hmms/297145at4751.hmm	84258	1574253527	
busco_downloads/lineages/fungi_odb10/hmms/297671at4751.hmm	123319	1574253527	
busco_downloads/lineages/fungi_odb10/hmms/298335at4751.hmm	276304	1574253527	
busco_downloads/lineages/fungi_odb10/hmms/298379at4751.hmm	56357	1574253527	
busco_downloads/lineages/fungi_odb10/hmms/299054at4751.hmm	117738	1574253527	
busco_downloads/lineages/fungi_odb10/hmms/299330at4751.hmm	89839	1574253527	
busco_downloads/lineages/fungi_odb10/hmms/299509at4751.hmm	139129	1574253527	
busco_downloads/lineages/fungi_odb10/hmms/299559at4751.hmm	111694	1574253527	
busco_downloads/lineages/fungi_odb10/hmms/299583at4751.hmm	54964	1574253527	
busco_downloads/lineages/fungi_odb10/hmms/299611at4751.hmm	144244	1574253527	
busco_downloads/lineages/fungi_odb10/hmms/300016at4751.hmm	109369	1574253527	
busco_downloads/lineages/fungi_odb10/hmms/300216at4751.hmm	162379	1574253527	
busco_downloads/lineages/fungi_odb10/hmms/302127at4751.hmm	160054	1574253527	
busco_downloads/lineages/fungi_odb10/hmms/304341at4751.hmm	93093	1574253527	
busco_downloads/lineages/fungi_odb10/hmms/304453at4751.hmm	98674	1574253527	
busco_downloads/lineages/fungi_odb10/hmms/304547at4751.hmm	78214	1574253527	
busco_downloads/lineages/fungi_odb10/hmms/304733at4751.hmm	103324	1574253527	
busco_downloads/lineages/fungi_odb10/hmms/305061at4751.hmm	270259	1574253527	
busco_downloads/lineages/fungi_odb10/hmms/306594at4751.hmm	149824	1574253527	
busco_downloads/lineages/fungi_odb10/hmms/307144at4751.hmm	234453	1574253527	
busco_downloads/lineages/fungi_odb10/hmms/308236at4751.hmm	226084	1574253527	
busco_downloads/lineages/fungi_odb10/hmms/308816at4751.hmm	189814	1574253527	
busco_downloads/lineages/fungi_odb10/hmms/310718at4751.hmm	265609	1574253527	
busco_downloads/lineages/fungi_odb10/hmms/310891at4751.hmm	266073	1574253527	
busco_downloads/lineages/fungi_odb10/hmms/311048at4751.hmm	87978	1574253527	
busco_downloads/lineages/fungi_odb10/hmms/311254at4751.hmm	171214	1574253527	
busco_downloads/lineages/fungi_odb10/hmms/312080at4751.hmm	123319	1574253527	
busco_downloads/lineages/fungi_odb10/hmms/312209at4751.hmm	53104	1574253527	
busco_downloads/lineages/fungi_odb10/hmms/31256at4751.hmm	311643	1574253527	
busco_downloads/lineages/fungi_odb10/hmms/312950at4751.hmm	108439	1574253527	
busco_downloads/lineages/fungi_odb10/hmms/31324at4751.hmm	382788	1574253527	
busco_downloads/lineages/fungi_odb10/hmms/315551at4751.hmm	135874	1574253527	
busco_downloads/lineages/fungi_odb10/hmms/315639at4751.hmm	117738	1574253527	
busco_downloads/lineages/fungi_odb10/hmms/315799at4751.hmm	150289	1574253527	
busco_downloads/lineages/fungi_odb10/hmms/315802at4751.hmm	98674	1574253527	
busco_downloads/lineages/fungi_odb10/hmms/316254at4751.hmm	115879	1574253527	
busco_downloads/lineages/fungi_odb10/hmms/316920at4751.hmm	89839	1574253527	
busco_downloads/lineages/fungi_odb10/hmms/317276at4751.hmm	127504	1574253526	
busco_downloads/lineages/fungi_odb10/hmms/317335at4751.hmm	117273	1574253527	
busco_downloads/lineages/fungi_odb10/hmms/319121at4751.hmm	128899	1574253527	
busco_downloads/lineages/fungi_odb10/hmms/320163at4751.hmm	122388	1574253527	
busco_downloads/lineages/fungi_odb10/hmms/320638at4751.hmm	229338	1574253527	
busco_downloads/lineages/fungi_odb10/hmms/320777at4751.hmm	134014	1574253527	
busco_downloads/lineages/fungi_odb10/hmms/320782at4751.hmm	143779	1574253527	
busco_downloads/lineages/fungi_odb10/hmms/321416at4751.hmm	270724	1574253527	
busco_downloads/lineages/fungi_odb10/hmms/321585at4751.hmm	116344	1574253527	
busco_downloads/lineages/fungi_odb10/hmms/32164at4751.hmm	322803	1574253527	
busco_downloads/lineages/fungi_odb10/hmms/321728at4751.hmm	99604	1574253527	
busco_downloads/lineages/fungi_odb10/hmms/322254at4751.hmm	91698	1574253527	
busco_downloads/lineages/fungi_odb10/hmms/322267at4751.hmm	76819	1574253527	
busco_downloads/lineages/fungi_odb10/hmms/323327at4751.hmm	107044	1574253527	
busco_downloads/lineages/fungi_odb10/hmms/324442at4751.hmm	42873	1574253527	
busco_downloads/lineages/fungi_odb10/hmms/325992at4751.hmm	54499	1574253527	
busco_downloads/lineages/fungi_odb10/hmms/326512at4751.hmm	106114	1574253527	
busco_downloads/lineages/fungi_odb10/hmms/326649at4751.hmm	193533	1574253527	
busco_downloads/lineages/fungi_odb10/hmms/327672at4751.hmm	81004	1574253526	
busco_downloads/lineages/fungi_odb10/hmms/327748at4751.hmm	139594	1574253527	
busco_downloads/lineages/fungi_odb10/hmms/327884at4751.hmm	116809	1574253527	
busco_downloads/lineages/fungi_odb10/hmms/329067at4751.hmm	156799	1574253527	
busco_downloads/lineages/fungi_odb10/hmms/330533at4751.hmm	127039	1574253527	
busco_downloads/lineages/fungi_odb10/hmms/330551at4751.hmm	139594	1574253526	
busco_downloads/lineages/fungi_odb10/hmms/330629at4751.hmm	87978	1574253527	
busco_downloads/lineages/fungi_odb10/hmms/330815at4751.hmm	107974	1574253527	
busco_downloads/lineages/fungi_odb10/hmms/330949at4751.hmm	163773	1574253526	
busco_downloads/lineages/fungi_odb10/hmms/331022at4751.hmm	68912	1574253527	
busco_downloads/lineages/fungi_odb10/hmms/331763at4751.hmm	94954	1574253527	
busco_downloads/lineages/fungi_odb10/hmms/332006at4751.hmm	112624	1574253527	
busco_downloads/lineages/fungi_odb10/hmms/332036at4751.hmm	103324	1574253527	
busco_downloads/lineages/fungi_odb10/hmms/332416at4751.hmm	81004	1574253527	
busco_downloads/lineages/fungi_odb10/hmms/332876at4751.hmm	198648	1574253526	
busco_downloads/lineages/fungi_odb10/hmms/332891at4751.hmm	162379	1574253527	
busco_downloads/lineages/fungi_odb10/hmms/334424at4751.hmm	89838	1574253527	
busco_downloads/lineages/fungi_odb10/hmms/335237at4751.hmm	138664	1574253527	
busco_downloads/lineages/fungi_odb10/hmms/335719at4751.hmm	108904	1574253527	
busco_downloads/lineages/fungi_odb10/hmms/336181at4751.hmm	111694	1574253526	
busco_downloads/lineages/fungi_odb10/hmms/336187at4751.hmm	59614	1574253527	
busco_downloads/lineages/fungi_odb10/hmms/337150at4751.hmm	290254	1574253527	
busco_downloads/lineages/fungi_odb10/hmms/337917at4751.hmm	86119	1574253527	
busco_downloads/lineages/fungi_odb10/hmms/338301at4751.hmm	61939	1574253527	
busco_downloads/lineages/fungi_odb10/hmms/338808at4751.hmm	123783	1574253526	
busco_downloads/lineages/fungi_odb10/hmms/339525at4751.hmm	118669	1574253527	
busco_downloads/lineages/fungi_odb10/hmms/33984at4751.hmm	311643	1574253527	
busco_downloads/lineages/fungi_odb10/hmms/34223at4751.hmm	386508	1574253527	
busco_downloads/lineages/fungi_odb10/hmms/342642at4751.hmm	130294	1574253527	
busco_downloads/lineages/fungi_odb10/hmms/343196at4751.hmm	103324	1574253527	
busco_downloads/lineages/fungi_odb10/hmms/343603at4751.hmm	115414	1574253526	
busco_downloads/lineages/fungi_odb10/hmms/343623at4751.hmm	63334	1574253526	
busco_downloads/lineages/fungi_odb10/hmms/343717at4751.hmm	170283	1574253527	
busco_downloads/lineages/fungi_odb10/hmms/344553at4751.hmm	66124	1574253526	
busco_downloads/lineages/fungi_odb10/hmms/345661at4751.hmm	30318	1574253527	
busco_downloads/lineages/fungi_odb10/hmms/34706at4751.hmm	346983	1574253527	
busco_downloads/lineages/fungi_odb10/hmms/348020at4751.hmm	85189	1574253527	
busco_downloads/lineages/fungi_odb10/hmms/348111at4751.hmm	125644	1574253527	
busco_downloads/lineages/fungi_odb10/hmms/34830at4751.hmm	428358	1574253526	
busco_downloads/lineages/fungi_odb10/hmms/349264at4751.hmm	82864	1574253527	
busco_downloads/lineages/fungi_odb10/hmms/350840at4751.hmm	54499	1574253527	
busco_downloads/lineages/fungi_odb10/hmms/351351at4751.hmm	188884	1574253527	
busco_downloads/lineages/fungi_odb10/hmms/351482at4751.hmm	115414	1574253527	
busco_downloads/lineages/fungi_odb10/hmms/351646at4751.hmm	61009	1574253527	
busco_downloads/lineages/fungi_odb10/hmms/351651at4751.hmm	128434	1574253527	
busco_downloads/lineages/fungi_odb10/hmms/351849at4751.hmm	82398	1574253527	
busco_downloads/lineages/fungi_odb10/hmms/351858at4751.hmm	92629	1574253527	
busco_downloads/lineages/fungi_odb10/hmms/351906at4751.hmm	79144	1574253527	
busco_downloads/lineages/fungi_odb10/hmms/352224at4751.hmm	56359	1574253527	
busco_downloads/lineages/fungi_odb10/hmms/352999at4751.hmm	76819	1574253527	
busco_downloads/lineages/fungi_odb10/hmms/3534at4751.hmm	644583	1574253526	
busco_downloads/lineages/fungi_odb10/hmms/353685at4751.hmm	78679	1574253527	
busco_downloads/lineages/fungi_odb10/hmms/353762at4751.hmm	135409	1574253527	
busco_downloads/lineages/fungi_odb10/hmms/353991at4751.hmm	155869	1574253526	
busco_downloads/lineages/fungi_odb10/hmms/354679at4751.hmm	120529	1574253527	
busco_downloads/lineages/fungi_odb10/hmms/354739at4751.hmm	107508	1574253526	
busco_downloads/lineages/fungi_odb10/hmms/354778at4751.hmm	142849	1574253527	
busco_downloads/lineages/fungi_odb10/hmms/354913at4751.hmm	85654	1574253527	
busco_downloads/lineages/fungi_odb10/hmms/355454at4751.hmm	155869	1574253527	
busco_downloads/lineages/fungi_odb10/hmms/355525at4751.hmm	156334	1574253527	
busco_downloads/lineages/fungi_odb10/hmms/355781at4751.hmm	87513	1574253527	
busco_downloads/lineages/fungi_odb10/hmms/356079at4751.hmm	89374	1574253527	
busco_downloads/lineages/fungi_odb10/hmms/356691at4751.hmm	81469	1574253527	
busco_downloads/lineages/fungi_odb10/hmms/356743at4751.hmm	82399	1574253527	
busco_downloads/lineages/fungi_odb10/hmms/357182at4751.hmm	154474	1574253527	
busco_downloads/lineages/fungi_odb10/hmms/357584at4751.hmm	102858	1574253527	
busco_downloads/lineages/fungi_odb10/hmms/358012at4751.hmm	98208	1574253527	
busco_downloads/lineages/fungi_odb10/hmms/358118at4751.hmm	156799	1574253527	
busco_downloads/lineages/fungi_odb10/hmms/359271at4751.hmm	144709	1574253527	
busco_downloads/lineages/fungi_odb10/hmms/359482at4751.hmm	60544	1574253527	
busco_downloads/lineages/fungi_odb10/hmms/359627at4751.hmm	79609	1574253527	
busco_downloads/lineages/fungi_odb10/hmms/360800at4751.hmm	76354	1574253527	
busco_downloads/lineages/fungi_odb10/hmms/361877at4751.hmm	82864	1574253527	
busco_downloads/lineages/fungi_odb10/hmms/362218at4751.hmm	93558	1574253527	
busco_downloads/lineages/fungi_odb10/hmms/362250at4751.hmm	95419	1574253527	
busco_downloads/lineages/fungi_odb10/hmms/362322at4751.hmm	55894	1574253527	
busco_downloads/lineages/fungi_odb10/hmms/362601at4751.hmm	223759	1574253527	
busco_downloads/lineages/fungi_odb10/hmms/363593at4751.hmm	113089	1574253527	
busco_downloads/lineages/fungi_odb10/hmms/364123at4751.hmm	120529	1574253527	
busco_downloads/lineages/fungi_odb10/hmms/364284at4751.hmm	162379	1574253527	
busco_downloads/lineages/fungi_odb10/hmms/365270at4751.hmm	126107	1574253527	
busco_downloads/lineages/fungi_odb10/hmms/36610at4751.hmm	341403	1574253527	
busco_downloads/lineages/fungi_odb10/hmms/366595at4751.hmm	79609	1574253527	
busco_downloads/lineages/fungi_odb10/hmms/366597at4751.hmm	97742	1574253527	
busco_downloads/lineages/fungi_odb10/hmms/366635at4751.hmm	71704	1574253527	
busco_downloads/lineages/fungi_odb10/hmms/367778at4751.hmm	94024	1574253527	
busco_downloads/lineages/fungi_odb10/hmms/368706at4751.hmm	90303	1574253526	
busco_downloads/lineages/fungi_odb10/hmms/369435at4751.hmm	84724	1574253527	
busco_downloads/lineages/fungi_odb10/hmms/37028at4751.hmm	283277	1574253526	
busco_downloads/lineages/fungi_odb10/hmms/370505at4751.hmm	342799	1574253527	
busco_downloads/lineages/fungi_odb10/hmms/370952at4751.hmm	93094	1574253527	
busco_downloads/lineages/fungi_odb10/hmms/371481at4751.hmm	88909	1574253527	
busco_downloads/lineages/fungi_odb10/hmms/371674at4751.hmm	101929	1574253527	
busco_downloads/lineages/fungi_odb10/hmms/371862at4751.hmm	78212	1574253527	
busco_downloads/lineages/fungi_odb10/hmms/372381at4751.hmm	166099	1574253527	
busco_downloads/lineages/fungi_odb10/hmms/372510at4751.hmm	102859	1574253527	
busco_downloads/lineages/fungi_odb10/hmms/372972at4751.hmm	48919	1574253527	
busco_downloads/lineages/fungi_odb10/hmms/374350at4751.hmm	74959	1574253526	
busco_downloads/lineages/fungi_odb10/hmms/374548at4751.hmm	63799	1574253527	
busco_downloads/lineages/fungi_odb10/hmms/37573at4751.hmm	244218	1574253527	
busco_downloads/lineages/fungi_odb10/hmms/376255at4751.hmm	99603	1574253526	
busco_downloads/lineages/fungi_odb10/hmms/37642at4751.hmm	263748	1574253527	
busco_downloads/lineages/fungi_odb10/hmms/376442at4751.hmm	149359	1574253527	
busco_downloads/lineages/fungi_odb10/hmms/376539at4751.hmm	176794	1574253527	
busco_downloads/lineages/fungi_odb10/hmms/376586at4751.hmm	104718	1574253527	
busco_downloads/lineages/fungi_odb10/hmms/377787at4751.hmm	78214	1574253527	
busco_downloads/lineages/fungi_odb10/hmms/378256at4751.hmm	73563	1574253527	
busco_downloads/lineages/fungi_odb10/hmms/378281at4751.hmm	92163	1574253527	
busco_downloads/lineages/fungi_odb10/hmms/378295at4751.hmm	111694	1574253527	
busco_downloads/lineages/fungi_odb10/hmms/378376at4751.hmm	104719	1574253526	
busco_downloads/lineages/fungi_odb10/hmms/378430at4751.hmm	122388	1574253527	
busco_downloads/lineages/fungi_odb10/hmms/378436at4751.hmm	180979	1574253527	
busco_downloads/lineages/fungi_odb10/hmms/379525at4751.hmm	63333	1574253527	
busco_downloads/lineages/fungi_odb10/hmms/38031at4751.hmm	262818	1574253527	
busco_downloads/lineages/fungi_odb10/hmms/38184at4751.hmm	287462	1574253527	
busco_downloads/lineages/fungi_odb10/hmms/382001at4751.hmm	85189	1574253527	
busco_downloads/lineages/fungi_odb10/hmms/383007at4751.hmm	140059	1574253527	
busco_downloads/lineages/fungi_odb10/hmms/384156at4751.hmm	85189	1574253526	
busco_downloads/lineages/fungi_odb10/hmms/384315at4751.hmm	69844	1574253527	
busco_downloads/lineages/fungi_odb10/hmms/385139at4751.hmm	77749	1574253526	
busco_downloads/lineages/fungi_odb10/hmms/385343at4751.hmm	84723	1574253527	
busco_downloads/lineages/fungi_odb10/hmms/385564at4751.hmm	122389	1574253527	
busco_downloads/lineages/fungi_odb10/hmms/385971at4751.hmm	58219	1574253527	
busco_downloads/lineages/fungi_odb10/hmms/386220at4751.hmm	73099	1574253527	
busco_downloads/lineages/fungi_odb10/hmms/386245at4751.hmm	125644	1574253527	
busco_downloads/lineages/fungi_odb10/hmms/387347at4751.hmm	61474	1574253527	
busco_downloads/lineages/fungi_odb10/hmms/387759at4751.hmm	76819	1574253526	
busco_downloads/lineages/fungi_odb10/hmms/388229at4751.hmm	68449	1574253527	
busco_downloads/lineages/fungi_odb10/hmms/389034at4751.hmm	85189	1574253527	
busco_downloads/lineages/fungi_odb10/hmms/389547at4751.hmm	68914	1574253527	
busco_downloads/lineages/fungi_odb10/hmms/389565at4751.hmm	118669	1574253527	
busco_downloads/lineages/fungi_odb10/hmms/390518at4751.hmm	112622	1574253527	
busco_downloads/lineages/fungi_odb10/hmms/391384at4751.hmm	90769	1574253527	
busco_downloads/lineages/fungi_odb10/hmms/392558at4751.hmm	51708	1574253527	
busco_downloads/lineages/fungi_odb10/hmms/393440at4751.hmm	52639	1574253527	
busco_downloads/lineages/fungi_odb10/hmms/393996at4751.hmm	68449	1574253527	
busco_downloads/lineages/fungi_odb10/hmms/396097at4751.hmm	176329	1574253526	
busco_downloads/lineages/fungi_odb10/hmms/396330at4751.hmm	71704	1574253527	
busco_downloads/lineages/fungi_odb10/hmms/396842at4751.hmm	96348	1574253527	
busco_downloads/lineages/fungi_odb10/hmms/397465at4751.hmm	61473	1574253527	
busco_downloads/lineages/fungi_odb10/hmms/39833at4751.hmm	221433	1574253527	
busco_downloads/lineages/fungi_odb10/hmms/398519at4751.hmm	85189	1574253527	
busco_downloads/lineages/fungi_odb10/hmms/398592at4751.hmm	153544	1574253527	
busco_downloads/lineages/fungi_odb10/hmms/398882at4751.hmm	70309	1574253527	
busco_downloads/lineages/fungi_odb10/hmms/398968at4751.hmm	39153	1574253527	
busco_downloads/lineages/fungi_odb10/hmms/399376at4751.hmm	60079	1574253527	
busco_downloads/lineages/fungi_odb10/hmms/399413at4751.hmm	77284	1574253527	
busco_downloads/lineages/fungi_odb10/hmms/399810at4751.hmm	61939	1574253526	
busco_downloads/lineages/fungi_odb10/hmms/401387at4751.hmm	113554	1574253527	
busco_downloads/lineages/fungi_odb10/hmms/402005at4751.hmm	54498	1574253527	
busco_downloads/lineages/fungi_odb10/hmms/402255at4751.hmm	93094	1574253527	
busco_downloads/lineages/fungi_odb10/hmms/403079at4751.hmm	95418	1574253527	
busco_downloads/lineages/fungi_odb10/hmms/404050at4751.hmm	159124	1574253527	
busco_downloads/lineages/fungi_odb10/hmms/405669at4751.hmm	113554	1574253527	
busco_downloads/lineages/fungi_odb10/hmms/405898at4751.hmm	161447	1574253527	
busco_downloads/lineages/fungi_odb10/hmms/406240at4751.hmm	63799	1574253527	
busco_downloads/lineages/fungi_odb10/hmms/406403at4751.hmm	76819	1574253527	
busco_downloads/lineages/fungi_odb10/hmms/406434at4751.hmm	54034	1574253527	
busco_downloads/lineages/fungi_odb10/hmms/406793at4751.hmm	28922	1574253526	
busco_downloads/lineages/fungi_odb10/hmms/407348at4751.hmm	101463	1574253526	
busco_downloads/lineages/fungi_odb10/hmms/408391at4751.hmm	59149	1574253527	
busco_downloads/lineages/fungi_odb10/hmms/408419at4751.hmm	52174	1574253526	
busco_downloads/lineages/fungi_odb10/hmms/409761at4751.hmm	90769	1574253527	
busco_downloads/lineages/fungi_odb10/hmms/410458at4751.hmm	67053	1574253527	
busco_downloads/lineages/fungi_odb10/hmms/410782at4751.hmm	114484	1574253527	
busco_downloads/lineages/fungi_odb10/hmms/410986at4751.hmm	75424	1574253527	
busco_downloads/lineages/fungi_odb10/hmms/410991at4751.hmm	55894	1574253526	
busco_downloads/lineages/fungi_odb10/hmms/411130at4751.hmm	81003	1574253527	
busco_downloads/lineages/fungi_odb10/hmms/411471at4751.hmm	136804	1574253527	
busco_downloads/lineages/fungi_odb10/hmms/411518at4751.hmm	118202	1574253527	
busco_downloads/lineages/fungi_odb10/hmms/411677at4751.hmm	56359	1574253527	
busco_downloads/lineages/fungi_odb10/hmms/411754at4751.hmm	81934	1574253527	
busco_downloads/lineages/fungi_odb10/hmms/411919at4751.hmm	83794	1574253527	
busco_downloads/lineages/fungi_odb10/hmms/412006at4751.hmm	71238	1574253527	
busco_downloads/lineages/fungi_odb10/hmms/413850at4751.hmm	71704	1574253527	
busco_downloads/lineages/fungi_odb10/hmms/414474at4751.hmm	79144	1574253526	
busco_downloads/lineages/fungi_odb10/hmms/414508at4751.hmm	65659	1574253526	
busco_downloads/lineages/fungi_odb10/hmms/416039at4751.hmm	58219	1574253527	
busco_downloads/lineages/fungi_odb10/hmms/416914at4751.hmm	140059	1574253527	
busco_downloads/lineages/fungi_odb10/hmms/417109at4751.hmm	55429	1574253527	
busco_downloads/lineages/fungi_odb10/hmms/417470at4751.hmm	148894	1574253527	
busco_downloads/lineages/fungi_odb10/hmms/417746at4751.hmm	110299	1574253527	
busco_downloads/lineages/fungi_odb10/hmms/418242at4751.hmm	74494	1574253526	
busco_downloads/lineages/fungi_odb10/hmms/418644at4751.hmm	161448	1574253527	
busco_downloads/lineages/fungi_odb10/hmms/418680at4751.hmm	79143	1574253527	
busco_downloads/lineages/fungi_odb10/hmms/419048at4751.hmm	58684	1574253527	
busco_downloads/lineages/fungi_odb10/hmms/419200at4751.hmm	77284	1574253527	
busco_downloads/lineages/fungi_odb10/hmms/419232at4751.hmm	104254	1574253527	
busco_downloads/lineages/fungi_odb10/hmms/419667at4751.hmm	52637	1574253527	
busco_downloads/lineages/fungi_odb10/hmms/419868at4751.hmm	57289	1574253527	
busco_downloads/lineages/fungi_odb10/hmms/420414at4751.hmm	51244	1574253527	
busco_downloads/lineages/fungi_odb10/hmms/420527at4751.hmm	95882	1574253527	
busco_downloads/lineages/fungi_odb10/hmms/421097at4751.hmm	55429	1574253527	
busco_downloads/lineages/fungi_odb10/hmms/421687at4751.hmm	216784	1574253527	
busco_downloads/lineages/fungi_odb10/hmms/422151at4751.hmm	63334	1574253526	
busco_downloads/lineages/fungi_odb10/hmms/422622at4751.hmm	61009	1574253526	
busco_downloads/lineages/fungi_odb10/hmms/422764at4751.hmm	154474	1574253526	
busco_downloads/lineages/fungi_odb10/hmms/423166at4751.hmm	37293	1574253527	
busco_downloads/lineages/fungi_odb10/hmms/423206at4751.hmm	29387	1574253527	
busco_downloads/lineages/fungi_odb10/hmms/427250at4751.hmm	36828	1574253527	
busco_downloads/lineages/fungi_odb10/hmms/428342at4751.hmm	55429	1574253526	
busco_downloads/lineages/fungi_odb10/hmms/428569at4751.hmm	70774	1574253527	
busco_downloads/lineages/fungi_odb10/hmms/428774at4751.hmm	80539	1574253527	
busco_downloads/lineages/fungi_odb10/hmms/428984at4751.hmm	208879	1574253527	
busco_downloads/lineages/fungi_odb10/hmms/429332at4751.hmm	65658	1574253527	
busco_downloads/lineages/fungi_odb10/hmms/429862at4751.hmm	33572	1574253527	
busco_downloads/lineages/fungi_odb10/hmms/430556at4751.hmm	246544	1574253527	
busco_downloads/lineages/fungi_odb10/hmms/431195at4751.hmm	44731	1574253527	
busco_downloads/lineages/fungi_odb10/hmms/431607at4751.hmm	57289	1574253527	
busco_downloads/lineages/fungi_odb10/hmms/432952at4751.hmm	67054	1574253527	
busco_downloads/lineages/fungi_odb10/hmms/433181at4751.hmm	90769	1574253527	
busco_downloads/lineages/fungi_odb10/hmms/433384at4751.hmm	37293	1574253527	
busco_downloads/lineages/fungi_odb10/hmms/434428at4751.hmm	72168	1574253527	
busco_downloads/lineages/fungi_odb10/hmms/434500at4751.hmm	95419	1574253527	
busco_downloads/lineages/fungi_odb10/hmms/434984at4751.hmm	52174	1574253527	
busco_downloads/lineages/fungi_odb10/hmms/435317at4751.hmm	41478	1574253527	
busco_downloads/lineages/fungi_odb10/hmms/435471at4751.hmm	46128	1574253526	
busco_downloads/lineages/fungi_odb10/hmms/435767at4751.hmm	93559	1574253527	
busco_downloads/lineages/fungi_odb10/hmms/436872at4751.hmm	54964	1574253527	
busco_downloads/lineages/fungi_odb10/hmms/437914at4751.hmm	87979	1574253527	
busco_downloads/lineages/fungi_odb10/hmms/438274at4751.hmm	80539	1574253526	
busco_downloads/lineages/fungi_odb10/hmms/43842at4751.hmm	322802	1574253527	
busco_downloads/lineages/fungi_odb10/hmms/438731at4751.hmm	42873	1574253527	
busco_downloads/lineages/fungi_odb10/hmms/438861at4751.hmm	65194	1574253527	
busco_downloads/lineages/fungi_odb10/hmms/439490at4751.hmm	52639	1574253527	
busco_downloads/lineages/fungi_odb10/hmms/440401at4751.hmm	54499	1574253527	
busco_downloads/lineages/fungi_odb10/hmms/4409at4751.hmm	861272	1574253527	
busco_downloads/lineages/fungi_odb10/hmms/441586at4751.hmm	105184	1574253527	
busco_downloads/lineages/fungi_odb10/hmms/443595at4751.hmm	37293	1574253527	
busco_downloads/lineages/fungi_odb10/hmms/444174at4751.hmm	27992	1574253527	
busco_downloads/lineages/fungi_odb10/hmms/444399at4751.hmm	45197	1574253526	
busco_downloads/lineages/fungi_odb10/hmms/444602at4751.hmm	46128	1574253527	
busco_downloads/lineages/fungi_odb10/hmms/444892at4751.hmm	75423	1574253527	
busco_downloads/lineages/fungi_odb10/hmms/445210at4751.hmm	11719	1574253527	
busco_downloads/lineages/fungi_odb10/hmms/445401at4751.hmm	75424	1574253527	
busco_downloads/lineages/fungi_odb10/hmms/445954at4751.hmm	27528	1574253527	
busco_downloads/lineages/fungi_odb10/hmms/446124at4751.hmm	48919	1574253527	
busco_downloads/lineages/fungi_odb10/hmms/4466at4751.hmm	1034253	1574253526	
busco_downloads/lineages/fungi_odb10/hmms/447112at4751.hmm	67054	1574253527	
busco_downloads/lineages/fungi_odb10/hmms/447424at4751.hmm	106114	1574253527	
busco_downloads/lineages/fungi_odb10/hmms/449717at4751.hmm	377673	1574253527	
busco_downloads/lineages/fungi_odb10/hmms/449803at4751.hmm	87514	1574253526	
busco_downloads/lineages/fungi_odb10/hmms/451032at4751.hmm	54034	1574253527	
busco_downloads/lineages/fungi_odb10/hmms/451701at4751.hmm	92629	1574253527	
busco_downloads/lineages/fungi_odb10/hmms/451811at4751.hmm	103324	1574253527	
busco_downloads/lineages/fungi_odb10/hmms/451849at4751.hmm	74493	1574253527	
busco_downloads/lineages/fungi_odb10/hmms/4523at4751.hmm	884058	1574253527	
busco_downloads/lineages/fungi_odb10/hmms/452573at4751.hmm	38223	1574253527	
busco_downloads/lineages/fungi_odb10/hmms/452692at4751.hmm	62868	1574253527	
busco_downloads/lineages/fungi_odb10/hmms/452759at4751.hmm	46592	1574253527	
busco_downloads/lineages/fungi_odb10/hmms/452947at4751.hmm	85654	1574253526	
busco_downloads/lineages/fungi_odb10/hmms/453693at4751.hmm	57753	1574253527	
busco_downloads/lineages/fungi_odb10/hmms/453909at4751.hmm	103324	1574253527	
busco_downloads/lineages/fungi_odb10/hmms/454746at4751.hmm	18692	1574253527	
busco_downloads/lineages/fungi_odb10/hmms/454840at4751.hmm	90302	1574253527	
busco_downloads/lineages/fungi_odb10/hmms/455110at4751.hmm	30783	1574253527	
busco_downloads/lineages/fungi_odb10/hmms/456963at4751.hmm	50779	1574253526	
busco_downloads/lineages/fungi_odb10/hmms/457161at4751.hmm	92164	1574253526	
busco_downloads/lineages/fungi_odb10/hmms/457544at4751.hmm	81469	1574253527	
busco_downloads/lineages/fungi_odb10/hmms/457951at4751.hmm	61009	1574253527	
busco_downloads/lineages/fungi_odb10/hmms/458554at4751.hmm	50778	1574253527	
busco_downloads/lineages/fungi_odb10/hmms/458980at4751.hmm	112624	1574253526	
busco_downloads/lineages/fungi_odb10/hmms/459844at4751.hmm	62404	1574253527	
busco_downloads/lineages/fungi_odb10/hmms/46090at4751.hmm	312572	1574253527	
busco_downloads/lineages/fungi_odb10/hmms/46098at4751.hmm	344192	1574253527	
busco_downloads/lineages/fungi_odb10/hmms/46119at4751.hmm	499967	1574253526	
busco_downloads/lineages/fungi_odb10/hmms/461238at4751.hmm	36361	1574253527	
busco_downloads/lineages/fungi_odb10/hmms/461919at4751.hmm	96814	1574253527	
busco_downloads/lineages/fungi_odb10/hmms/464711at4751.hmm	56359	1574253526	
busco_downloads/lineages/fungi_odb10/hmms/464772at4751.hmm	100534	1574253527	
busco_downloads/lineages/fungi_odb10/hmms/464897at4751.hmm	42872	1574253527	
busco_downloads/lineages/fungi_odb10/hmms/465849at4751.hmm	46593	1574253526	
busco_downloads/lineages/fungi_odb10/hmms/46666at4751.hmm	420453	1574253527	
busco_downloads/lineages/fungi_odb10/hmms/467311at4751.hmm	41013	1574253527	
busco_downloads/lineages/fungi_odb10/hmms/46752at4751.hmm	355818	1574253527	
busco_downloads/lineages/fungi_odb10/hmms/467847at4751.hmm	59614	1574253527	
busco_downloads/lineages/fungi_odb10/hmms/467959at4751.hmm	35898	1574253527	
busco_downloads/lineages/fungi_odb10/hmms/468195at4751.hmm	40083	1574253527	
busco_downloads/lineages/fungi_odb10/hmms/468224at4751.hmm	55894	1574253527	
busco_downloads/lineages/fungi_odb10/hmms/468408at4751.hmm	160983	1574253526	
busco_downloads/lineages/fungi_odb10/hmms/46918at4751.hmm	227013	1574253527	
busco_downloads/lineages/fungi_odb10/hmms/469452at4751.hmm	46128	1574253527	
busco_downloads/lineages/fungi_odb10/hmms/470813at4751.hmm	67054	1574253527	
busco_downloads/lineages/fungi_odb10/hmms/471205at4751.hmm	19623	1574253527	
busco_downloads/lineages/fungi_odb10/hmms/473814at4751.hmm	40083	1574253527	
busco_downloads/lineages/fungi_odb10/hmms/474125at4751.hmm	62404	1574253527	
busco_downloads/lineages/fungi_odb10/hmms/474320at4751.hmm	28458	1574253527	
busco_downloads/lineages/fungi_odb10/hmms/474374at4751.hmm	39617	1574253527	
busco_downloads/lineages/fungi_odb10/hmms/47592at4751.hmm	301413	1574253527	
busco_downloads/lineages/fungi_odb10/hmms/477057at4751.hmm	65659	1574253527	
busco_downloads/lineages/fungi_odb10/hmms/477122at4751.hmm	63334	1574253527	
busco_downloads/lineages/fungi_odb10/hmms/481052at4751.hmm	73564	1574253527	
busco_downloads/lineages/fungi_odb10/hmms/482337at4751.hmm	83794	1574253527	
busco_downloads/lineages/fungi_odb10/hmms/483049at4751.hmm	43803	1574253527	
busco_downloads/lineages/fungi_odb10/hmms/483370at4751.hmm	33107	1574253527	
busco_downloads/lineages/fungi_odb10/hmms/483390at4751.hmm	47057	1574253526	
busco_downloads/lineages/fungi_odb10/hmms/484080at4751.hmm	75889	1574253527	
busco_downloads/lineages/fungi_odb10/hmms/484323at4751.hmm	40082	1574253526	
busco_downloads/lineages/fungi_odb10/hmms/484805at4751.hmm	78679	1574253527	
busco_downloads/lineages/fungi_odb10/hmms/485650at4751.hmm	50314	1574253527	
busco_downloads/lineages/fungi_odb10/hmms/485702at4751.hmm	85188	1574253526	
busco_downloads/lineages/fungi_odb10/hmms/48708at4751.hmm	401853	1574253527	
busco_downloads/lineages/fungi_odb10/hmms/488348at4751.hmm	48919	1574253527	
busco_downloads/lineages/fungi_odb10/hmms/488426at4751.hmm	62403	1574253527	
busco_downloads/lineages/fungi_odb10/hmms/488857at4751.hmm	55429	1574253527	
busco_downloads/lineages/fungi_odb10/hmms/490662at4751.hmm	21948	1574253527	
busco_downloads/lineages/fungi_odb10/hmms/490719at4751.hmm	65659	1574253527	
busco_downloads/lineages/fungi_odb10/hmms/492591at4751.hmm	61474	1574253527	
busco_downloads/lineages/fungi_odb10/hmms/493358at4751.hmm	36828	1574253527	
busco_downloads/lineages/fungi_odb10/hmms/494427at4751.hmm	54034	1574253527	
busco_downloads/lineages/fungi_odb10/hmms/49476at4751.hmm	228407	1574253527	
busco_downloads/lineages/fungi_odb10/hmms/494at4751.hmm	1379282	1574253527	
busco_downloads/lineages/fungi_odb10/hmms/497024at4751.hmm	31713	1574253527	
busco_downloads/lineages/fungi_odb10/hmms/49967at4751.hmm	276303	1574253527	
busco_downloads/lineages/fungi_odb10/hmms/50786at4751.hmm	235383	1574253526	
busco_downloads/lineages/fungi_odb10/hmms/50835at4751.hmm	316293	1574253526	
busco_downloads/lineages/fungi_odb10/hmms/52541at4751.hmm	202832	1574253527	
busco_downloads/lineages/fungi_odb10/hmms/52909at4751.hmm	305133	1574253527	
busco_downloads/lineages/fungi_odb10/hmms/53270at4751.hmm	447423	1574253527	
busco_downloads/lineages/fungi_odb10/hmms/54252at4751.hmm	326058	1574253527	
busco_downloads/lineages/fungi_odb10/hmms/54919at4751.hmm	202833	1574253527	
busco_downloads/lineages/fungi_odb10/hmms/56395at4751.hmm	221898	1574253527	
busco_downloads/lineages/fungi_odb10/hmms/56432at4751.hmm	272583	1574253527	
busco_downloads/lineages/fungi_odb10/hmms/56729at4751.hmm	356748	1574253527	
busco_downloads/lineages/fungi_odb10/hmms/57081at4751.hmm	322338	1574253527	
busco_downloads/lineages/fungi_odb10/hmms/58127at4751.hmm	291183	1574253527	
busco_downloads/lineages/fungi_odb10/hmms/59795at4751.hmm	320943	1574253526	
busco_downloads/lineages/fungi_odb10/hmms/5995at4751.hmm	498573	1574253527	
busco_downloads/lineages/fungi_odb10/hmms/61411at4751.hmm	189813	1574253527	
busco_downloads/lineages/fungi_odb10/hmms/61438at4751.hmm	309783	1574253527	
busco_downloads/lineages/fungi_odb10/hmms/61857at4751.hmm	206088	1574253527	
busco_downloads/lineages/fungi_odb10/hmms/6186at4751.hmm	552513	1574253527	
busco_downloads/lineages/fungi_odb10/hmms/6272at4751.hmm	355816	1574253526	
busco_downloads/lineages/fungi_odb10/hmms/62846at4751.hmm	196321	1574253527	
busco_downloads/lineages/fungi_odb10/hmms/63635at4751.hmm	336286	1574253527	
busco_downloads/lineages/fungi_odb10/hmms/6377at4751.hmm	441842	1574253526	
busco_downloads/lineages/fungi_odb10/hmms/63838at4751.hmm	206088	1574253527	
busco_downloads/lineages/fungi_odb10/hmms/64002at4751.hmm	293508	1574253527	
busco_downloads/lineages/fungi_odb10/hmms/64498at4751.hmm	243288	1574253527	
busco_downloads/lineages/fungi_odb10/hmms/65334at4751.hmm	238173	1574253527	
busco_downloads/lineages/fungi_odb10/hmms/65499at4751.hmm	247008	1574253527	
busco_downloads/lineages/fungi_odb10/hmms/6592at4751.hmm	409290	1574253527	
busco_downloads/lineages/fungi_odb10/hmms/66151at4751.hmm	268863	1574253526	
busco_downloads/lineages/fungi_odb10/hmms/67284at4751.hmm	247008	1574253527	
busco_downloads/lineages/fungi_odb10/hmms/67399at4751.hmm	231198	1574253527	
busco_downloads/lineages/fungi_odb10/hmms/67806at4751.hmm	212598	1574253527	
busco_downloads/lineages/fungi_odb10/hmms/6812at4751.hmm	735258	1574253527	
busco_downloads/lineages/fungi_odb10/hmms/68466at4751.hmm	390228	1574253527	
busco_downloads/lineages/fungi_odb10/hmms/68881at4751.hmm	224688	1574253527	
busco_downloads/lineages/fungi_odb10/hmms/71039at4751.hmm	339543	1574253527	
busco_downloads/lineages/fungi_odb10/hmms/71046at4751.hmm	306993	1574253527	
busco_downloads/lineages/fungi_odb10/hmms/73383at4751.hmm	212598	1574253527	
busco_downloads/lineages/fungi_odb10/hmms/73477at4751.hmm	192603	1574253527	
busco_downloads/lineages/fungi_odb10/hmms/73771at4751.hmm	292113	1574253527	
busco_downloads/lineages/fungi_odb10/hmms/7423at4751.hmm	677132	1574253527	
busco_downloads/lineages/fungi_odb10/hmms/75033at4751.hmm	225153	1574253526	
busco_downloads/lineages/fungi_odb10/hmms/75456at4751.hmm	187023	1574253526	
busco_downloads/lineages/fungi_odb10/hmms/7545at4751.hmm	498108	1574253526	
busco_downloads/lineages/fungi_odb10/hmms/75463at4751.hmm	286532	1574253527	
busco_downloads/lineages/fungi_odb10/hmms/75709at4751.hmm	345588	1574253526	
busco_downloads/lineages/fungi_odb10/hmms/75976at4751.hmm	231662	1574253527	
busco_downloads/lineages/fungi_odb10/hmms/76196at4751.hmm	166563	1574253526	
busco_downloads/lineages/fungi_odb10/hmms/76893at4751.hmm	269793	1574253526	
busco_downloads/lineages/fungi_odb10/hmms/76975at4751.hmm	267467	1574253527	
busco_downloads/lineages/fungi_odb10/hmms/771at4751.hmm	1188631	1574253526	
busco_downloads/lineages/fungi_odb10/hmms/78289at4751.hmm	230268	1574253526	
busco_downloads/lineages/fungi_odb10/hmms/78665at4751.hmm	230268	1574253527	
busco_downloads/lineages/fungi_odb10/hmms/79262at4751.hmm	230732	1574253527	
busco_downloads/lineages/fungi_odb10/hmms/79294at4751.hmm	211667	1574253526	
busco_downloads/lineages/fungi_odb10/hmms/79797at4751.hmm	269328	1574253527	
busco_downloads/lineages/fungi_odb10/hmms/79988at4751.hmm	156798	1574253527	
busco_downloads/lineages/fungi_odb10/hmms/81295at4751.hmm	212598	1574253527	
busco_downloads/lineages/fungi_odb10/hmms/81614at4751.hmm	612499	1574253527	
busco_downloads/lineages/fungi_odb10/hmms/81687at4751.hmm	224687	1574253527	
busco_downloads/lineages/fungi_odb10/hmms/8406at4751.hmm	372092	1574253527	
busco_downloads/lineages/fungi_odb10/hmms/84250at4751.hmm	384648	1574253527	
busco_downloads/lineages/fungi_odb10/hmms/84829at4751.hmm	100068	1574253527	
busco_downloads/lineages/fungi_odb10/hmms/85793at4751.hmm	364188	1574253527	
busco_downloads/lineages/fungi_odb10/hmms/86293at4751.hmm	159588	1574253527	
busco_downloads/lineages/fungi_odb10/hmms/87251at4751.hmm	421848	1574253527	
busco_downloads/lineages/fungi_odb10/hmms/87313at4751.hmm	209343	1574253527	
busco_downloads/lineages/fungi_odb10/hmms/8818at4751.hmm	658998	1574253527	
busco_downloads/lineages/fungi_odb10/hmms/90022at4751.hmm	91233	1574253526	
busco_downloads/lineages/fungi_odb10/hmms/91135at4751.hmm	210273	1574253527	
busco_downloads/lineages/fungi_odb10/hmms/92267at4751.hmm	239103	1574253527	
busco_downloads/lineages/fungi_odb10/hmms/93783at4751.hmm	268863	1574253527	
busco_downloads/lineages/fungi_odb10/hmms/94384at4751.hmm	197717	1574253527	
busco_downloads/lineages/fungi_odb10/hmms/94628at4751.hmm	248868	1574253527	
busco_downloads/lineages/fungi_odb10/hmms/95253at4751.hmm	264213	1574253526	
busco_downloads/lineages/fungi_odb10/hmms/96633at4751.hmm	283743	1574253527	
busco_downloads/lineages/fungi_odb10/hmms/97141at4751.hmm	173073	1574253527	
busco_downloads/lineages/fungi_odb10/hmms/98519at4751.hmm	296763	1574253527	
busco_downloads/lineages/fungi_odb10/hmms/98733at4751.hmm	268398	1574253527	
busco_downloads/lineages/fungi_odb10/hmms/98739at4751.hmm	198648	1574253527	
busco_downloads/lineages/fungi_odb10/info/ogs.id.info	11549592	1574253527	
busco_downloads/lineages/fungi_odb10/info/species.info	19164	1574253527	
busco_downloads/lineages/fungi_odb10/lengths_cutoff	16495	1703261681	
busco_downloads/lineages/fungi_odb10/links_to_ODB10.txt	68181	1703261468	
busco_downloads/lineages/fungi_odb10/missing_in_parasitic.txt	6457	1624891793	
busco_downloads/lineages/fungi_odb10/prfl/100957at4751.prfl	137806	1574253526	
busco_downloads/lineages/fungi_odb10/prfl/101133at4751.prfl	80310	1574253526	
busco_downloads/lineages/fungi_odb10/prfl/10168at4751.prfl	191858	1574253526	
busco_downloads/lineages/fungi_odb10/prfl/103183at4751.prfl	124608	1574253526	
busco_downloads/lineages/fungi_odb10/prfl/103461at4751.prfl	100319	1574253526	
busco_downloads/lineages/fungi_odb10/prfl/103836at4751.prfl	68605	1574253526	
busco_downloads/lineages/fungi_odb10/prfl/104173at4751.prfl	94146	1574253526	
busco_downloads/lineages/fungi_odb10/prfl/104415at4751.prfl	76892	1574253526	
busco_downloads/lineages/fungi_odb10/prfl/10531at4751.prfl	174856	1574253526	
busco_downloads/lineages/fungi_odb10/prfl/105401at4751.prfl	87020	1574253526	
busco_downloads/lineages/fungi_odb10/prfl/106281at4751.prfl	193055	1574253526	
busco_downloads/lineages/fungi_odb10/prfl/107136at4751.prfl	126792	1574253526	
busco_downloads/lineages/fungi_odb10/prfl/107464at4751.prfl	88221	1574253526	
busco_downloads/lineages/fungi_odb10/prfl/109276at4751.prfl	102632	1574253526	
busco_downloads/lineages/fungi_odb10/prfl/111022at4751.prfl	69894	1574253526	
busco_downloads/lineages/fungi_odb10/prfl/111189at4751.prfl	110424	1574253526	
busco_downloads/lineages/fungi_odb10/prfl/11140at4751.prfl	220136	1574253526	
busco_downloads/lineages/fungi_odb10/prfl/112646at4751.prfl	88118	1574253526	
busco_downloads/lineages/fungi_odb10/prfl/112937at4751.prfl	86633	1574253526	
busco_downloads/lineages/fungi_odb10/prfl/115993at4751.prfl	94091	1574253526	
busco_downloads/lineages/fungi_odb10/prfl/11636at4751.prfl	174321	1574253526	
busco_downloads/lineages/fungi_odb10/prfl/117017at4751.prfl	86082	1574253526	
busco_downloads/lineages/fungi_odb10/prfl/118189at4751.prfl	66011	1574253526	
busco_downloads/lineages/fungi_odb10/prfl/118701at4751.prfl	119772	1574253526	
busco_downloads/lineages/fungi_odb10/prfl/11879at4751.prfl	191458	1574253526	
busco_downloads/lineages/fungi_odb10/prfl/119833at4751.prfl	79875	1574253526	
busco_downloads/lineages/fungi_odb10/prfl/122507at4751.prfl	104162	1574253526	
busco_downloads/lineages/fungi_odb10/prfl/12258at4751.prfl	175502	1574253526	
busco_downloads/lineages/fungi_odb10/prfl/122824at4751.prfl	70294	1574253526	
busco_downloads/lineages/fungi_odb10/prfl/123228at4751.prfl	145347	1574253526	
busco_downloads/lineages/fungi_odb10/prfl/123277at4751.prfl	152326	1574253526	
busco_downloads/lineages/fungi_odb10/prfl/123494at4751.prfl	58863	1574253526	
busco_downloads/lineages/fungi_odb10/prfl/125400at4751.prfl	104605	1574253526	
busco_downloads/lineages/fungi_odb10/prfl/125935at4751.prfl	83992	1574253526	
busco_downloads/lineages/fungi_odb10/prfl/126037at4751.prfl	100943	1574253526	
busco_downloads/lineages/fungi_odb10/prfl/126249at4751.prfl	92278	1574253526	
busco_downloads/lineages/fungi_odb10/prfl/126256at4751.prfl	77412	1574253526	
busco_downloads/lineages/fungi_odb10/prfl/126519at4751.prfl	79687	1574253526	
busco_downloads/lineages/fungi_odb10/prfl/127140at4751.prfl	94125	1574253526	
busco_downloads/lineages/fungi_odb10/prfl/12812at4751.prfl	179105	1574253526	
busco_downloads/lineages/fungi_odb10/prfl/129160at4751.prfl	85632	1574253526	
busco_downloads/lineages/fungi_odb10/prfl/129326at4751.prfl	96088	1574253526	
busco_downloads/lineages/fungi_odb10/prfl/129520at4751.prfl	86811	1574253526	
busco_downloads/lineages/fungi_odb10/prfl/12959at4751.prfl	219310	1574253526	
busco_downloads/lineages/fungi_odb10/prfl/130062at4751.prfl	120948	1574253526	
busco_downloads/lineages/fungi_odb10/prfl/130930at4751.prfl	213298	1574253526	
busco_downloads/lineages/fungi_odb10/prfl/130976at4751.prfl	67309	1574253526	
busco_downloads/lineages/fungi_odb10/prfl/13224at4751.prfl	170805	1574253526	
busco_downloads/lineages/fungi_odb10/prfl/133954at4751.prfl	57113	1574253526	
busco_downloads/lineages/fungi_odb10/prfl/135184at4751.prfl	53510	1574253526	
busco_downloads/lineages/fungi_odb10/prfl/135652at4751.prfl	65316	1574253526	
busco_downloads/lineages/fungi_odb10/prfl/13605at4751.prfl	279686	1574253526	
busco_downloads/lineages/fungi_odb10/prfl/137963at4751.prfl	81122	1574253526	
busco_downloads/lineages/fungi_odb10/prfl/138484at4751.prfl	76188	1574253526	
busco_downloads/lineages/fungi_odb10/prfl/138695at4751.prfl	93774	1574253526	
busco_downloads/lineages/fungi_odb10/prfl/138697at4751.prfl	76317	1574253526	
busco_downloads/lineages/fungi_odb10/prfl/138833at4751.prfl	91829	1574253526	
busco_downloads/lineages/fungi_odb10/prfl/141273at4751.prfl	68349	1574253526	
busco_downloads/lineages/fungi_odb10/prfl/142357at4751.prfl	97750	1574253526	
busco_downloads/lineages/fungi_odb10/prfl/14295at4751.prfl	174022	1574253526	
busco_downloads/lineages/fungi_odb10/prfl/142965at4751.prfl	69244	1574253526	
busco_downloads/lineages/fungi_odb10/prfl/143414at4751.prfl	66151	1574253526	
busco_downloads/lineages/fungi_odb10/prfl/14441at4751.prfl	230071	1574253526	
busco_downloads/lineages/fungi_odb10/prfl/145178at4751.prfl	134342	1574253526	
busco_downloads/lineages/fungi_odb10/prfl/14523at4751.prfl	158357	1574253526	
busco_downloads/lineages/fungi_odb10/prfl/145378at4751.prfl	81849	1574253526	
busco_downloads/lineages/fungi_odb10/prfl/145524at4751.prfl	59686	1574253526	
busco_downloads/lineages/fungi_odb10/prfl/147028at4751.prfl	73477	1574253526	
busco_downloads/lineages/fungi_odb10/prfl/14793at4751.prfl	131783	1574253526	
busco_downloads/lineages/fungi_odb10/prfl/148293at4751.prfl	74381	1574253526	
busco_downloads/lineages/fungi_odb10/prfl/14986at4751.prfl	146980	1574253526	
busco_downloads/lineages/fungi_odb10/prfl/150469at4751.prfl	82483	1574253526	
busco_downloads/lineages/fungi_odb10/prfl/153083at4751.prfl	111057	1574253526	
busco_downloads/lineages/fungi_odb10/prfl/154126at4751.prfl	97952	1574253526	
busco_downloads/lineages/fungi_odb10/prfl/156073at4751.prfl	61690	1574253526	
busco_downloads/lineages/fungi_odb10/prfl/160044at4751.prfl	76331	1574253526	
busco_downloads/lineages/fungi_odb10/prfl/160875at4751.prfl	85593	1574253526	
busco_downloads/lineages/fungi_odb10/prfl/160940at4751.prfl	57375	1574253526	
busco_downloads/lineages/fungi_odb10/prfl/160995at4751.prfl	73226	1574253526	
busco_downloads/lineages/fungi_odb10/prfl/161113at4751.prfl	70094	1574253526	
busco_downloads/lineages/fungi_odb10/prfl/163318at4751.prfl	96582	1574253526	
busco_downloads/lineages/fungi_odb10/prfl/165243at4751.prfl	54785	1574253526	
busco_downloads/lineages/fungi_odb10/prfl/167290at4751.prfl	73007	1574253526	
busco_downloads/lineages/fungi_odb10/prfl/167374at4751.prfl	95145	1574253526	
busco_downloads/lineages/fungi_odb10/prfl/167498at4751.prfl	70222	1574253526	
busco_downloads/lineages/fungi_odb10/prfl/168092at4751.prfl	78066	1574253526	
busco_downloads/lineages/fungi_odb10/prfl/168489at4751.prfl	96911	1574253526	
busco_downloads/lineages/fungi_odb10/prfl/169381at4751.prfl	58723	1574253526	
busco_downloads/lineages/fungi_odb10/prfl/170297at4751.prfl	68079	1574253526	
busco_downloads/lineages/fungi_odb10/prfl/170401at4751.prfl	196965	1574253526	
busco_downloads/lineages/fungi_odb10/prfl/170904at4751.prfl	148723	1574253526	
busco_downloads/lineages/fungi_odb10/prfl/171181at4751.prfl	36588	1574253526	
busco_downloads/lineages/fungi_odb10/prfl/171238at4751.prfl	65327	1574253526	
busco_downloads/lineages/fungi_odb10/prfl/17174at4751.prfl	141882	1574253526	
busco_downloads/lineages/fungi_odb10/prfl/172113at4751.prfl	66641	1574253526	
busco_downloads/lineages/fungi_odb10/prfl/172363at4751.prfl	100243	1574253526	
busco_downloads/lineages/fungi_odb10/prfl/172966at4751.prfl	81171	1574253526	
busco_downloads/lineages/fungi_odb10/prfl/173428at4751.prfl	73074	1574253526	
busco_downloads/lineages/fungi_odb10/prfl/173995at4751.prfl	50799	1574253526	
busco_downloads/lineages/fungi_odb10/prfl/174653at4751.prfl	69423	1574253526	
busco_downloads/lineages/fungi_odb10/prfl/174672at4751.prfl	59298	1574253526	
busco_downloads/lineages/fungi_odb10/prfl/175136at4751.prfl	49361	1574253526	
busco_downloads/lineages/fungi_odb10/prfl/175599at4751.prfl	48279	1574253526	
busco_downloads/lineages/fungi_odb10/prfl/176178at4751.prfl	64458	1574253526	
busco_downloads/lineages/fungi_odb10/prfl/176478at4751.prfl	66980	1574253526	
busco_downloads/lineages/fungi_odb10/prfl/176648at4751.prfl	58043	1574253526	
busco_downloads/lineages/fungi_odb10/prfl/176748at4751.prfl	94739	1574253526	
busco_downloads/lineages/fungi_odb10/prfl/179025at4751.prfl	65697	1574253526	
busco_downloads/lineages/fungi_odb10/prfl/179437at4751.prfl	72613	1574253526	
busco_downloads/lineages/fungi_odb10/prfl/179897at4751.prfl	56418	1574253526	
busco_downloads/lineages/fungi_odb10/prfl/181890at4751.prfl	63188	1574253526	
busco_downloads/lineages/fungi_odb10/prfl/181959at4751.prfl	68133	1574253526	
busco_downloads/lineages/fungi_odb10/prfl/183720at4751.prfl	89556	1574253526	
busco_downloads/lineages/fungi_odb10/prfl/183801at4751.prfl	36422	1574253526	
busco_downloads/lineages/fungi_odb10/prfl/183849at4751.prfl	110940	1574253526	
busco_downloads/lineages/fungi_odb10/prfl/184718at4751.prfl	141163	1574253526	
busco_downloads/lineages/fungi_odb10/prfl/184762at4751.prfl	61966	1574253526	
busco_downloads/lineages/fungi_odb10/prfl/185196at4751.prfl	102206	1574253526	
busco_downloads/lineages/fungi_odb10/prfl/185399at4751.prfl	60895	1574253526	
busco_downloads/lineages/fungi_odb10/prfl/186138at4751.prfl	57489	1574253526	
busco_downloads/lineages/fungi_odb10/prfl/186574at4751.prfl	77996	1574253526	
busco_downloads/lineages/fungi_odb10/prfl/1866at4751.prfl	325473	1574253526	
busco_downloads/lineages/fungi_odb10/prfl/186701at4751.prfl	90438	1574253526	
busco_downloads/lineages/fungi_odb10/prfl/187821at4751.prfl	85903	1574253526	
busco_downloads/lineages/fungi_odb10/prfl/188070at4751.prfl	64582	1574253526	
busco_downloads/lineages/fungi_odb10/prfl/18809at4751.prfl	139065	1574253526	
busco_downloads/lineages/fungi_odb10/prfl/189234at4751.prfl	83563	1574253526	
busco_downloads/lineages/fungi_odb10/prfl/189573at4751.prfl	64757	1574253526	
busco_downloads/lineages/fungi_odb10/prfl/190183at4751.prfl	61021	1574253526	
busco_downloads/lineages/fungi_odb10/prfl/190475at4751.prfl	80099	1574253526	
busco_downloads/lineages/fungi_odb10/prfl/190832at4751.prfl	66345	1574253526	
busco_downloads/lineages/fungi_odb10/prfl/191114at4751.prfl	74769	1574253526	
busco_downloads/lineages/fungi_odb10/prfl/191296at4751.prfl	50951	1574253526	
busco_downloads/lineages/fungi_odb10/prfl/191310at4751.prfl	116878	1574253526	
busco_downloads/lineages/fungi_odb10/prfl/192059at4751.prfl	68758	1574253526	
busco_downloads/lineages/fungi_odb10/prfl/192135at4751.prfl	178466	1574253526	
busco_downloads/lineages/fungi_odb10/prfl/192452at4751.prfl	62527	1574253526	
busco_downloads/lineages/fungi_odb10/prfl/195619at4751.prfl	72489	1574253526	
busco_downloads/lineages/fungi_odb10/prfl/195863at4751.prfl	137132	1574253526	
busco_downloads/lineages/fungi_odb10/prfl/196015at4751.prfl	66333	1574253526	
busco_downloads/lineages/fungi_odb10/prfl/196094at4751.prfl	88735	1574253526	
busco_downloads/lineages/fungi_odb10/prfl/196841at4751.prfl	93873	1574253526	
busco_downloads/lineages/fungi_odb10/prfl/197111at4751.prfl	67995	1574253526	
busco_downloads/lineages/fungi_odb10/prfl/197612at4751.prfl	47496	1574253526	
busco_downloads/lineages/fungi_odb10/prfl/198196at4751.prfl	81977	1574253526	
busco_downloads/lineages/fungi_odb10/prfl/198234at4751.prfl	79669	1574253526	
busco_downloads/lineages/fungi_odb10/prfl/200331at4751.prfl	44893	1574253526	
busco_downloads/lineages/fungi_odb10/prfl/201591at4751.prfl	47929	1574253526	
busco_downloads/lineages/fungi_odb10/prfl/202089at4751.prfl	50979	1574253526	
busco_downloads/lineages/fungi_odb10/prfl/202248at4751.prfl	53863	1574253526	
busco_downloads/lineages/fungi_odb10/prfl/203109at4751.prfl	60694	1574253526	
busco_downloads/lineages/fungi_odb10/prfl/203710at4751.prfl	59288	1574253526	
busco_downloads/lineages/fungi_odb10/prfl/204087at4751.prfl	61467	1574253526	
busco_downloads/lineages/fungi_odb10/prfl/204341at4751.prfl	71094	1574253526	
busco_downloads/lineages/fungi_odb10/prfl/204508at4751.prfl	56722	1574253526	
busco_downloads/lineages/fungi_odb10/prfl/205479at4751.prfl	48930	1574253526	
busco_downloads/lineages/fungi_odb10/prfl/20600at4751.prfl	141551	1574253526	
busco_downloads/lineages/fungi_odb10/prfl/207926at4751.prfl	114380	1574253526	
busco_downloads/lineages/fungi_odb10/prfl/208463at4751.prfl	107522	1574253526	
busco_downloads/lineages/fungi_odb10/prfl/209053at4751.prfl	70064	1574253526	
busco_downloads/lineages/fungi_odb10/prfl/20952at4751.prfl	171078	1574253526	
busco_downloads/lineages/fungi_odb10/prfl/209619at4751.prfl	51155	1574253526	
busco_downloads/lineages/fungi_odb10/prfl/210178at4751.prfl	71470	1574253526	
busco_downloads/lineages/fungi_odb10/prfl/210462at4751.prfl	67634	1574253526	
busco_downloads/lineages/fungi_odb10/prfl/210986at4751.prfl	77246	1574253526	
busco_downloads/lineages/fungi_odb10/prfl/211442at4751.prfl	60788	1574253526	
busco_downloads/lineages/fungi_odb10/prfl/211634at4751.prfl	57528	1574253526	
busco_downloads/lineages/fungi_odb10/prfl/211768at4751.prfl	76755	1574253526	
busco_downloads/lineages/fungi_odb10/prfl/212522at4751.prfl	52178	1574253526	
busco_downloads/lineages/fungi_odb10/prfl/212735at4751.prfl	64807	1574253526	
busco_downloads/lineages/fungi_odb10/prfl/213564at4751.prfl	46492	1574253526	
busco_downloads/lineages/fungi_odb10/prfl/215926at4751.prfl	49076	1574253526	
busco_downloads/lineages/fungi_odb10/prfl/216270at4751.prfl	71877	1574253526	
busco_downloads/lineages/fungi_odb10/prfl/21651at4751.prfl	172590	1574253526	
busco_downloads/lineages/fungi_odb10/prfl/216661at4751.prfl	53099	1574253526	
busco_downloads/lineages/fungi_odb10/prfl/216683at4751.prfl	63408	1574253526	
busco_downloads/lineages/fungi_odb10/prfl/216747at4751.prfl	61774	1574253526	
busco_downloads/lineages/fungi_odb10/prfl/21689at4751.prfl	128582	1574253526	
busco_downloads/lineages/fungi_odb10/prfl/216949at4751.prfl	82847	1574253526	
busco_downloads/lineages/fungi_odb10/prfl/217097at4751.prfl	55059	1574253526	
busco_downloads/lineages/fungi_odb10/prfl/217374at4751.prfl	54478	1574253526	
busco_downloads/lineages/fungi_odb10/prfl/219236at4751.prfl	61972	1574253526	
busco_downloads/lineages/fungi_odb10/prfl/219492at4751.prfl	75105	1574253526	
busco_downloads/lineages/fungi_odb10/prfl/221926at4751.prfl	86175	1574253526	
busco_downloads/lineages/fungi_odb10/prfl/224693at4751.prfl	55522	1574253526	
busco_downloads/lineages/fungi_odb10/prfl/224775at4751.prfl	53421	1574253526	
busco_downloads/lineages/fungi_odb10/prfl/224804at4751.prfl	53544	1574253526	
busco_downloads/lineages/fungi_odb10/prfl/225321at4751.prfl	64500	1574253526	
busco_downloads/lineages/fungi_odb10/prfl/225351at4751.prfl	66230	1574253526	
busco_downloads/lineages/fungi_odb10/prfl/225535at4751.prfl	57418	1574253526	
busco_downloads/lineages/fungi_odb10/prfl/225712at4751.prfl	41335	1574253526	
busco_downloads/lineages/fungi_odb10/prfl/225820at4751.prfl	37446	1574253526	
busco_downloads/lineages/fungi_odb10/prfl/225918at4751.prfl	82265	1574253526	
busco_downloads/lineages/fungi_odb10/prfl/226810at4751.prfl	56750	1574253526	
busco_downloads/lineages/fungi_odb10/prfl/227572at4751.prfl	50141	1574253526	
busco_downloads/lineages/fungi_odb10/prfl/228465at4751.prfl	44549	1574253526	
busco_downloads/lineages/fungi_odb10/prfl/228752at4751.prfl	61526	1574253526	
busco_downloads/lineages/fungi_odb10/prfl/229510at4751.prfl	61564	1574253526	
busco_downloads/lineages/fungi_odb10/prfl/22982at4751.prfl	168270	1574253526	
busco_downloads/lineages/fungi_odb10/prfl/22992at4751.prfl	128162	1574253526	
busco_downloads/lineages/fungi_odb10/prfl/229997at4751.prfl	55023	1574253526	
busco_downloads/lineages/fungi_odb10/prfl/230605at4751.prfl	83411	1574253526	
busco_downloads/lineages/fungi_odb10/prfl/231468at4751.prfl	54584	1574253526	
busco_downloads/lineages/fungi_odb10/prfl/231582at4751.prfl	57310	1574253526	
busco_downloads/lineages/fungi_odb10/prfl/23198at4751.prfl	219070	1574253526	
busco_downloads/lineages/fungi_odb10/prfl/232698at4751.prfl	114315	1574253526	
busco_downloads/lineages/fungi_odb10/prfl/233287at4751.prfl	61362	1574253526	
busco_downloads/lineages/fungi_odb10/prfl/233706at4751.prfl	48981	1574253526	
busco_downloads/lineages/fungi_odb10/prfl/234548at4751.prfl	118513	1574253526	
busco_downloads/lineages/fungi_odb10/prfl/234698at4751.prfl	74304	1574253526	
busco_downloads/lineages/fungi_odb10/prfl/235105at4751.prfl	48366	1574253526	
busco_downloads/lineages/fungi_odb10/prfl/235463at4751.prfl	52260	1574253526	
busco_downloads/lineages/fungi_odb10/prfl/235640at4751.prfl	70346	1574253526	
busco_downloads/lineages/fungi_odb10/prfl/236504at4751.prfl	68023	1574253526	
busco_downloads/lineages/fungi_odb10/prfl/237276at4751.prfl	78625	1574253526	
busco_downloads/lineages/fungi_odb10/prfl/237281at4751.prfl	71764	1574253526	
busco_downloads/lineages/fungi_odb10/prfl/237393at4751.prfl	85744	1574253526	
busco_downloads/lineages/fungi_odb10/prfl/237533at4751.prfl	52968	1574253526	
busco_downloads/lineages/fungi_odb10/prfl/23856at4751.prfl	175361	1574253526	
busco_downloads/lineages/fungi_odb10/prfl/238922at4751.prfl	79936	1574253526	
busco_downloads/lineages/fungi_odb10/prfl/240036at4751.prfl	82163	1574253526	
busco_downloads/lineages/fungi_odb10/prfl/240246at4751.prfl	71010	1574253526	
busco_downloads/lineages/fungi_odb10/prfl/241079at4751.prfl	64926	1574253526	
busco_downloads/lineages/fungi_odb10/prfl/241483at4751.prfl	72882	1574253526	
busco_downloads/lineages/fungi_odb10/prfl/241586at4751.prfl	64925	1574253526	
busco_downloads/lineages/fungi_odb10/prfl/241860at4751.prfl	59463	1574253526	
busco_downloads/lineages/fungi_odb10/prfl/24198at4751.prfl	157579	1574253526	
busco_downloads/lineages/fungi_odb10/prfl/243015at4751.prfl	66339	1574253526	
busco_downloads/lineages/fungi_odb10/prfl/244066at4751.prfl	67607	1574253526	
busco_downloads/lineages/fungi_odb10/prfl/245480at4751.prfl	82025	1574253526	
busco_downloads/lineages/fungi_odb10/prfl/245900at4751.prfl	70047	1574253526	
busco_downloads/lineages/fungi_odb10/prfl/246207at4751.prfl	39042	1574253526	
busco_downloads/lineages/fungi_odb10/prfl/246951at4751.prfl	69580	1574253526	
busco_downloads/lineages/fungi_odb10/prfl/247065at4751.prfl	70335	1574253526	
busco_downloads/lineages/fungi_odb10/prfl/247129at4751.prfl	73544	1574253526	
busco_downloads/lineages/fungi_odb10/prfl/247383at4751.prfl	46249	1574253526	
busco_downloads/lineages/fungi_odb10/prfl/248360at4751.prfl	85675	1574253526	
busco_downloads/lineages/fungi_odb10/prfl/25020at4751.prfl	161461	1574253526	
busco_downloads/lineages/fungi_odb10/prfl/251158at4751.prfl	56243	1574253526	
busco_downloads/lineages/fungi_odb10/prfl/251613at4751.prfl	59124	1574253526	
busco_downloads/lineages/fungi_odb10/prfl/25161at4751.prfl	137615	1574253526	
busco_downloads/lineages/fungi_odb10/prfl/252314at4751.prfl	45925	1574253526	
busco_downloads/lineages/fungi_odb10/prfl/252469at4751.prfl	60844	1574253526	
busco_downloads/lineages/fungi_odb10/prfl/254717at4751.prfl	50951	1574253526	
busco_downloads/lineages/fungi_odb10/prfl/255378at4751.prfl	73076	1574253526	
busco_downloads/lineages/fungi_odb10/prfl/255412at4751.prfl	59245	1574253526	
busco_downloads/lineages/fungi_odb10/prfl/256318at4751.prfl	69074	1574253526	
busco_downloads/lineages/fungi_odb10/prfl/256914at4751.prfl	58544	1574253526	
busco_downloads/lineages/fungi_odb10/prfl/257330at4751.prfl	49674	1574253526	
busco_downloads/lineages/fungi_odb10/prfl/258245at4751.prfl	65396	1574253526	
busco_downloads/lineages/fungi_odb10/prfl/258762at4751.prfl	37967	1574253526	
busco_downloads/lineages/fungi_odb10/prfl/259060at4751.prfl	79358	1574253526	
busco_downloads/lineages/fungi_odb10/prfl/259444at4751.prfl	48734	1574253526	
busco_downloads/lineages/fungi_odb10/prfl/259700at4751.prfl	55165	1574253526	
busco_downloads/lineages/fungi_odb10/prfl/259883at4751.prfl	25070	1574253526	
busco_downloads/lineages/fungi_odb10/prfl/260251at4751.prfl	44280	1574253526	
busco_downloads/lineages/fungi_odb10/prfl/260722at4751.prfl	53584	1574253526	
busco_downloads/lineages/fungi_odb10/prfl/260896at4751.prfl	37982	1574253526	
busco_downloads/lineages/fungi_odb10/prfl/261237at4751.prfl	76812	1574253526	
busco_downloads/lineages/fungi_odb10/prfl/262317at4751.prfl	50969	1574253526	
busco_downloads/lineages/fungi_odb10/prfl/26329at4751.prfl	173620	1574253526	
busco_downloads/lineages/fungi_odb10/prfl/263390at4751.prfl	68284	1574253526	
busco_downloads/lineages/fungi_odb10/prfl/264038at4751.prfl	102709	1574253526	
busco_downloads/lineages/fungi_odb10/prfl/264164at4751.prfl	77878	1574253526	
busco_downloads/lineages/fungi_odb10/prfl/265302at4751.prfl	47519	1574253526	
busco_downloads/lineages/fungi_odb10/prfl/265325at4751.prfl	55408	1574253526	
busco_downloads/lineages/fungi_odb10/prfl/266634at4751.prfl	51006	1574253526	
busco_downloads/lineages/fungi_odb10/prfl/267556at4751.prfl	54193	1574253526	
busco_downloads/lineages/fungi_odb10/prfl/269389at4751.prfl	55693	1574253526	
busco_downloads/lineages/fungi_odb10/prfl/269580at4751.prfl	49675	1574253526	
busco_downloads/lineages/fungi_odb10/prfl/269939at4751.prfl	48029	1574253526	
busco_downloads/lineages/fungi_odb10/prfl/27008at4751.prfl	117612	1574253526	
busco_downloads/lineages/fungi_odb10/prfl/271511at4751.prfl	62254	1574253526	
busco_downloads/lineages/fungi_odb10/prfl/271781at4751.prfl	54628	1574253526	
busco_downloads/lineages/fungi_odb10/prfl/271850at4751.prfl	72123	1574253526	
busco_downloads/lineages/fungi_odb10/prfl/272081at4751.prfl	39061	1574253526	
busco_downloads/lineages/fungi_odb10/prfl/272711at4751.prfl	57924	1574253526	
busco_downloads/lineages/fungi_odb10/prfl/273469at4751.prfl	59733	1574253526	
busco_downloads/lineages/fungi_odb10/prfl/274828at4751.prfl	65303	1574253526	
busco_downloads/lineages/fungi_odb10/prfl/276205at4751.prfl	50513	1574253526	
busco_downloads/lineages/fungi_odb10/prfl/278643at4751.prfl	61793	1574253526	
busco_downloads/lineages/fungi_odb10/prfl/279020at4751.prfl	36126	1574253526	
busco_downloads/lineages/fungi_odb10/prfl/280937at4751.prfl	48294	1574253526	
busco_downloads/lineages/fungi_odb10/prfl/281299at4751.prfl	65642	1574253526	
busco_downloads/lineages/fungi_odb10/prfl/281726at4751.prfl	40425	1574253526	
busco_downloads/lineages/fungi_odb10/prfl/281920at4751.prfl	57137	1574253526	
busco_downloads/lineages/fungi_odb10/prfl/282059at4751.prfl	54271	1574253526	
busco_downloads/lineages/fungi_odb10/prfl/282964at4751.prfl	47555	1574253526	
busco_downloads/lineages/fungi_odb10/prfl/283177at4751.prfl	53517	1574253526	
busco_downloads/lineages/fungi_odb10/prfl/284127at4751.prfl	63073	1574253526	
busco_downloads/lineages/fungi_odb10/prfl/284176at4751.prfl	38464	1574253526	
busco_downloads/lineages/fungi_odb10/prfl/284287at4751.prfl	79599	1574253526	
busco_downloads/lineages/fungi_odb10/prfl/284377at4751.prfl	86024	1574253526	
busco_downloads/lineages/fungi_odb10/prfl/285254at4751.prfl	60179	1574253526	
busco_downloads/lineages/fungi_odb10/prfl/285477at4751.prfl	29797	1574253526	
busco_downloads/lineages/fungi_odb10/prfl/285977at4751.prfl	42210	1574253526	
busco_downloads/lineages/fungi_odb10/prfl/289666at4751.prfl	45288	1574253526	
busco_downloads/lineages/fungi_odb10/prfl/289686at4751.prfl	26506	1574253526	
busco_downloads/lineages/fungi_odb10/prfl/290314at4751.prfl	54525	1574253526	
busco_downloads/lineages/fungi_odb10/prfl/290471at4751.prfl	56047	1574253526	
busco_downloads/lineages/fungi_odb10/prfl/291828at4751.prfl	48745	1574253526	
busco_downloads/lineages/fungi_odb10/prfl/292336at4751.prfl	64454	1574253526	
busco_downloads/lineages/fungi_odb10/prfl/292418at4751.prfl	80113	1574253526	
busco_downloads/lineages/fungi_odb10/prfl/293405at4751.prfl	53484	1574253526	
busco_downloads/lineages/fungi_odb10/prfl/29512at4751.prfl	136899	1574253526	
busco_downloads/lineages/fungi_odb10/prfl/295692at4751.prfl	32872	1574253526	
busco_downloads/lineages/fungi_odb10/prfl/295937at4751.prfl	51147	1574253526	
busco_downloads/lineages/fungi_odb10/prfl/296024at4751.prfl	49788	1574253526	
busco_downloads/lineages/fungi_odb10/prfl/296643at4751.prfl	38417	1574253526	
busco_downloads/lineages/fungi_odb10/prfl/297145at4751.prfl	41371	1574253526	
busco_downloads/lineages/fungi_odb10/prfl/297671at4751.prfl	63201	1574253526	
busco_downloads/lineages/fungi_odb10/prfl/298335at4751.prfl	73236	1574253526	
busco_downloads/lineages/fungi_odb10/prfl/298379at4751.prfl	36906	1574253526	
busco_downloads/lineages/fungi_odb10/prfl/299054at4751.prfl	41837	1574253526	
busco_downloads/lineages/fungi_odb10/prfl/299330at4751.prfl	44294	1574253526	
busco_downloads/lineages/fungi_odb10/prfl/299509at4751.prfl	55869	1574253526	
busco_downloads/lineages/fungi_odb10/prfl/299559at4751.prfl	45199	1574253526	
busco_downloads/lineages/fungi_odb10/prfl/299583at4751.prfl	44385	1574253526	
busco_downloads/lineages/fungi_odb10/prfl/299611at4751.prfl	27231	1574253526	
busco_downloads/lineages/fungi_odb10/prfl/300016at4751.prfl	47020	1574253526	
busco_downloads/lineages/fungi_odb10/prfl/300216at4751.prfl	66758	1574253526	
busco_downloads/lineages/fungi_odb10/prfl/302127at4751.prfl	61319	1574253526	
busco_downloads/lineages/fungi_odb10/prfl/304341at4751.prfl	40956	1574253526	
busco_downloads/lineages/fungi_odb10/prfl/304453at4751.prfl	54903	1574253526	
busco_downloads/lineages/fungi_odb10/prfl/304547at4751.prfl	45861	1574253526	
busco_downloads/lineages/fungi_odb10/prfl/304733at4751.prfl	40211	1574253526	
busco_downloads/lineages/fungi_odb10/prfl/305061at4751.prfl	101909	1574253526	
busco_downloads/lineages/fungi_odb10/prfl/306594at4751.prfl	65194	1574253526	
busco_downloads/lineages/fungi_odb10/prfl/307144at4751.prfl	100978	1574253526	
busco_downloads/lineages/fungi_odb10/prfl/308236at4751.prfl	100936	1574253526	
busco_downloads/lineages/fungi_odb10/prfl/308816at4751.prfl	69903	1574253526	
busco_downloads/lineages/fungi_odb10/prfl/310718at4751.prfl	108370	1574253526	
busco_downloads/lineages/fungi_odb10/prfl/310891at4751.prfl	101010	1574253526	
busco_downloads/lineages/fungi_odb10/prfl/311048at4751.prfl	47218	1574253526	
busco_downloads/lineages/fungi_odb10/prfl/311254at4751.prfl	63401	1574253526	
busco_downloads/lineages/fungi_odb10/prfl/312080at4751.prfl	39090	1574253526	
busco_downloads/lineages/fungi_odb10/prfl/312209at4751.prfl	35404	1574253526	
busco_downloads/lineages/fungi_odb10/prfl/31256at4751.prfl	135407	1574253526	
busco_downloads/lineages/fungi_odb10/prfl/312950at4751.prfl	49062	1574253526	
busco_downloads/lineages/fungi_odb10/prfl/31324at4751.prfl	143395	1574253526	
busco_downloads/lineages/fungi_odb10/prfl/315551at4751.prfl	53427	1574253526	
busco_downloads/lineages/fungi_odb10/prfl/315639at4751.prfl	55518	1574253526	
busco_downloads/lineages/fungi_odb10/prfl/315799at4751.prfl	64607	1574253526	
busco_downloads/lineages/fungi_odb10/prfl/315802at4751.prfl	57371	1574253526	
busco_downloads/lineages/fungi_odb10/prfl/316254at4751.prfl	58498	1574253526	
busco_downloads/lineages/fungi_odb10/prfl/316920at4751.prfl	72854	1574253526	
busco_downloads/lineages/fungi_odb10/prfl/317276at4751.prfl	48820	1574253526	
busco_downloads/lineages/fungi_odb10/prfl/317335at4751.prfl	50408	1574253526	
busco_downloads/lineages/fungi_odb10/prfl/319121at4751.prfl	56323	1574253526	
busco_downloads/lineages/fungi_odb10/prfl/320163at4751.prfl	48884	1574253526	
busco_downloads/lineages/fungi_odb10/prfl/320638at4751.prfl	70305	1574253526	
busco_downloads/lineages/fungi_odb10/prfl/320777at4751.prfl	51572	1574253526	
busco_downloads/lineages/fungi_odb10/prfl/320782at4751.prfl	47908	1574253526	
busco_downloads/lineages/fungi_odb10/prfl/321416at4751.prfl	125045	1574253526	
busco_downloads/lineages/fungi_odb10/prfl/321585at4751.prfl	46670	1574253526	
busco_downloads/lineages/fungi_odb10/prfl/32164at4751.prfl	133005	1574253526	
busco_downloads/lineages/fungi_odb10/prfl/321728at4751.prfl	47367	1574253526	
busco_downloads/lineages/fungi_odb10/prfl/322254at4751.prfl	35259	1574253526	
busco_downloads/lineages/fungi_odb10/prfl/322267at4751.prfl	54778	1574253526	
busco_downloads/lineages/fungi_odb10/prfl/323327at4751.prfl	43408	1574253526	
busco_downloads/lineages/fungi_odb10/prfl/324442at4751.prfl	48225	1574253526	
busco_downloads/lineages/fungi_odb10/prfl/325992at4751.prfl	34250	1574253526	
busco_downloads/lineages/fungi_odb10/prfl/326512at4751.prfl	51562	1574253526	
busco_downloads/lineages/fungi_odb10/prfl/326649at4751.prfl	82765	1574253526	
busco_downloads/lineages/fungi_odb10/prfl/327672at4751.prfl	43002	1574253526	
busco_downloads/lineages/fungi_odb10/prfl/327748at4751.prfl	73171	1574253526	
busco_downloads/lineages/fungi_odb10/prfl/327884at4751.prfl	48307	1574253526	
busco_downloads/lineages/fungi_odb10/prfl/329067at4751.prfl	76794	1574253526	
busco_downloads/lineages/fungi_odb10/prfl/330533at4751.prfl	65164	1574253526	
busco_downloads/lineages/fungi_odb10/prfl/330551at4751.prfl	58404	1574253526	
busco_downloads/lineages/fungi_odb10/prfl/330629at4751.prfl	34867	1574253526	
busco_downloads/lineages/fungi_odb10/prfl/330815at4751.prfl	47677	1574253526	
busco_downloads/lineages/fungi_odb10/prfl/330949at4751.prfl	60661	1574253526	
busco_downloads/lineages/fungi_odb10/prfl/331022at4751.prfl	43390	1574253526	
busco_downloads/lineages/fungi_odb10/prfl/331763at4751.prfl	38503	1574253526	
busco_downloads/lineages/fungi_odb10/prfl/332006at4751.prfl	33951	1574253526	
busco_downloads/lineages/fungi_odb10/prfl/332036at4751.prfl	46014	1574253526	
busco_downloads/lineages/fungi_odb10/prfl/332416at4751.prfl	37598	1574253526	
busco_downloads/lineages/fungi_odb10/prfl/332876at4751.prfl	86571	1574253526	
busco_downloads/lineages/fungi_odb10/prfl/332891at4751.prfl	71807	1574253526	
busco_downloads/lineages/fungi_odb10/prfl/334424at4751.prfl	47330	1574253526	
busco_downloads/lineages/fungi_odb10/prfl/335237at4751.prfl	75375	1574253526	
busco_downloads/lineages/fungi_odb10/prfl/335719at4751.prfl	49348	1574253526	
busco_downloads/lineages/fungi_odb10/prfl/336181at4751.prfl	50428	1574253526	
busco_downloads/lineages/fungi_odb10/prfl/336187at4751.prfl	25834	1574253526	
busco_downloads/lineages/fungi_odb10/prfl/337150at4751.prfl	119963	1574253526	
busco_downloads/lineages/fungi_odb10/prfl/337917at4751.prfl	29645	1574253526	
busco_downloads/lineages/fungi_odb10/prfl/338301at4751.prfl	26340	1574253526	
busco_downloads/lineages/fungi_odb10/prfl/338808at4751.prfl	47394	1574253526	
busco_downloads/lineages/fungi_odb10/prfl/339525at4751.prfl	55073	1574253526	
busco_downloads/lineages/fungi_odb10/prfl/33984at4751.prfl	133819	1574253526	
busco_downloads/lineages/fungi_odb10/prfl/34223at4751.prfl	162984	1574253526	
busco_downloads/lineages/fungi_odb10/prfl/342642at4751.prfl	52128	1574253526	
busco_downloads/lineages/fungi_odb10/prfl/343196at4751.prfl	43709	1574253526	
busco_downloads/lineages/fungi_odb10/prfl/343603at4751.prfl	50495	1574253526	
busco_downloads/lineages/fungi_odb10/prfl/343623at4751.prfl	25581	1574253526	
busco_downloads/lineages/fungi_odb10/prfl/343717at4751.prfl	70701	1574253526	
busco_downloads/lineages/fungi_odb10/prfl/344553at4751.prfl	43197	1574253526	
busco_downloads/lineages/fungi_odb10/prfl/345661at4751.prfl	46443	1574253526	
busco_downloads/lineages/fungi_odb10/prfl/34706at4751.prfl	140005	1574253526	
busco_downloads/lineages/fungi_odb10/prfl/348020at4751.prfl	34530	1574253526	
busco_downloads/lineages/fungi_odb10/prfl/348111at4751.prfl	49615	1574253526	
busco_downloads/lineages/fungi_odb10/prfl/34830at4751.prfl	164370	1574253526	
busco_downloads/lineages/fungi_odb10/prfl/349264at4751.prfl	43110	1574253526	
busco_downloads/lineages/fungi_odb10/prfl/350840at4751.prfl	31811	1574253526	
busco_downloads/lineages/fungi_odb10/prfl/351351at4751.prfl	70441	1574253526	
busco_downloads/lineages/fungi_odb10/prfl/351482at4751.prfl	44900	1574253526	
busco_downloads/lineages/fungi_odb10/prfl/351646at4751.prfl	29367	1574253526	
busco_downloads/lineages/fungi_odb10/prfl/351651at4751.prfl	56718	1574253526	
busco_downloads/lineages/fungi_odb10/prfl/351849at4751.prfl	36024	1574253526	
busco_downloads/lineages/fungi_odb10/prfl/351858at4751.prfl	38487	1574253526	
busco_downloads/lineages/fungi_odb10/prfl/351906at4751.prfl	31079	1574253526	
busco_downloads/lineages/fungi_odb10/prfl/352224at4751.prfl	31300	1574253526	
busco_downloads/lineages/fungi_odb10/prfl/352999at4751.prfl	28498	1574253526	
busco_downloads/lineages/fungi_odb10/prfl/3534at4751.prfl	247654	1574253526	
busco_downloads/lineages/fungi_odb10/prfl/353685at4751.prfl	32512	1574253526	
busco_downloads/lineages/fungi_odb10/prfl/353762at4751.prfl	48490	1574253526	
busco_downloads/lineages/fungi_odb10/prfl/353991at4751.prfl	59114	1574253526	
busco_downloads/lineages/fungi_odb10/prfl/354679at4751.prfl	34721	1574253526	
busco_downloads/lineages/fungi_odb10/prfl/354739at4751.prfl	39756	1574253526	
busco_downloads/lineages/fungi_odb10/prfl/354778at4751.prfl	55818	1574253526	
busco_downloads/lineages/fungi_odb10/prfl/354913at4751.prfl	37176	1574253526	
busco_downloads/lineages/fungi_odb10/prfl/355454at4751.prfl	70197	1574253526	
busco_downloads/lineages/fungi_odb10/prfl/355525at4751.prfl	51855	1574253526	
busco_downloads/lineages/fungi_odb10/prfl/355781at4751.prfl	38521	1574253526	
busco_downloads/lineages/fungi_odb10/prfl/356079at4751.prfl	47633	1574253526	
busco_downloads/lineages/fungi_odb10/prfl/356691at4751.prfl	137578	1574253526	
busco_downloads/lineages/fungi_odb10/prfl/356743at4751.prfl	36502	1574253526	
busco_downloads/lineages/fungi_odb10/prfl/357182at4751.prfl	64528	1574253526	
busco_downloads/lineages/fungi_odb10/prfl/357584at4751.prfl	49981	1574253526	
busco_downloads/lineages/fungi_odb10/prfl/358012at4751.prfl	38941	1574253526	
busco_downloads/lineages/fungi_odb10/prfl/358118at4751.prfl	68685	1574253526	
busco_downloads/lineages/fungi_odb10/prfl/359271at4751.prfl	69399	1574253526	
busco_downloads/lineages/fungi_odb10/prfl/359482at4751.prfl	32703	1574253526	
busco_downloads/lineages/fungi_odb10/prfl/359627at4751.prfl	29755	1574253526	
busco_downloads/lineages/fungi_odb10/prfl/360800at4751.prfl	24309	1574253526	
busco_downloads/lineages/fungi_odb10/prfl/361877at4751.prfl	44650	1574253526	
busco_downloads/lineages/fungi_odb10/prfl/362218at4751.prfl	52022	1574253526	
busco_downloads/lineages/fungi_odb10/prfl/362250at4751.prfl	39088	1574253526	
busco_downloads/lineages/fungi_odb10/prfl/362322at4751.prfl	26864	1574253526	
busco_downloads/lineages/fungi_odb10/prfl/362601at4751.prfl	77848	1574253526	
busco_downloads/lineages/fungi_odb10/prfl/363593at4751.prfl	45020	1574253526	
busco_downloads/lineages/fungi_odb10/prfl/364123at4751.prfl	59473	1574253526	
busco_downloads/lineages/fungi_odb10/prfl/364284at4751.prfl	64355	1574253526	
busco_downloads/lineages/fungi_odb10/prfl/365270at4751.prfl	38908	1574253526	
busco_downloads/lineages/fungi_odb10/prfl/36610at4751.prfl	133120	1574253526	
busco_downloads/lineages/fungi_odb10/prfl/366595at4751.prfl	37090	1574253526	
busco_downloads/lineages/fungi_odb10/prfl/366597at4751.prfl	32754	1574253526	
busco_downloads/lineages/fungi_odb10/prfl/366635at4751.prfl	32850	1574253526	
busco_downloads/lineages/fungi_odb10/prfl/367778at4751.prfl	37527	1574253526	
busco_downloads/lineages/fungi_odb10/prfl/368706at4751.prfl	39002	1574253526	
busco_downloads/lineages/fungi_odb10/prfl/369435at4751.prfl	34451	1574253526	
busco_downloads/lineages/fungi_odb10/prfl/37028at4751.prfl	122509	1574253526	
busco_downloads/lineages/fungi_odb10/prfl/370505at4751.prfl	42153	1574253526	
busco_downloads/lineages/fungi_odb10/prfl/370952at4751.prfl	37419	1574253526	
busco_downloads/lineages/fungi_odb10/prfl/371481at4751.prfl	35729	1574253526	
busco_downloads/lineages/fungi_odb10/prfl/371674at4751.prfl	48495	1574253526	
busco_downloads/lineages/fungi_odb10/prfl/371862at4751.prfl	32122	1574253526	
busco_downloads/lineages/fungi_odb10/prfl/372381at4751.prfl	64641	1574253526	
busco_downloads/lineages/fungi_odb10/prfl/372510at4751.prfl	40645	1574253526	
busco_downloads/lineages/fungi_odb10/prfl/372972at4751.prfl	37668	1574253526	
busco_downloads/lineages/fungi_odb10/prfl/374350at4751.prfl	55475	1574253526	
busco_downloads/lineages/fungi_odb10/prfl/374548at4751.prfl	24721	1574253526	
busco_downloads/lineages/fungi_odb10/prfl/37573at4751.prfl	106385	1574253526	
busco_downloads/lineages/fungi_odb10/prfl/376255at4751.prfl	41281	1574253526	
busco_downloads/lineages/fungi_odb10/prfl/37642at4751.prfl	95238	1574253526	
busco_downloads/lineages/fungi_odb10/prfl/376442at4751.prfl	62837	1574253526	
busco_downloads/lineages/fungi_odb10/prfl/376539at4751.prfl	74339	1574253526	
busco_downloads/lineages/fungi_odb10/prfl/376586at4751.prfl	47452	1574253526	
busco_downloads/lineages/fungi_odb10/prfl/377787at4751.prfl	31667	1574253526	
busco_downloads/lineages/fungi_odb10/prfl/378256at4751.prfl	33166	1574253526	
busco_downloads/lineages/fungi_odb10/prfl/378281at4751.prfl	37585	1574253526	
busco_downloads/lineages/fungi_odb10/prfl/378295at4751.prfl	41860	1574253526	
busco_downloads/lineages/fungi_odb10/prfl/378376at4751.prfl	51130	1574253526	
busco_downloads/lineages/fungi_odb10/prfl/378430at4751.prfl	53597	1574253526	
busco_downloads/lineages/fungi_odb10/prfl/378436at4751.prfl	79065	1574253526	
busco_downloads/lineages/fungi_odb10/prfl/379525at4751.prfl	28574	1574253526	
busco_downloads/lineages/fungi_odb10/prfl/38031at4751.prfl	106226	1574253526	
busco_downloads/lineages/fungi_odb10/prfl/38184at4751.prfl	96035	1574253526	
busco_downloads/lineages/fungi_odb10/prfl/382001at4751.prfl	39354	1574253526	
busco_downloads/lineages/fungi_odb10/prfl/383007at4751.prfl	41875	1574253526	
busco_downloads/lineages/fungi_odb10/prfl/384156at4751.prfl	44516	1574253526	
busco_downloads/lineages/fungi_odb10/prfl/384315at4751.prfl	31957	1574253526	
busco_downloads/lineages/fungi_odb10/prfl/385139at4751.prfl	31685	1574253526	
busco_downloads/lineages/fungi_odb10/prfl/385343at4751.prfl	40426	1574253526	
busco_downloads/lineages/fungi_odb10/prfl/385564at4751.prfl	52504	1574253526	
busco_downloads/lineages/fungi_odb10/prfl/385971at4751.prfl	41331	1574253526	
busco_downloads/lineages/fungi_odb10/prfl/386220at4751.prfl	33721	1574253526	
busco_downloads/lineages/fungi_odb10/prfl/386245at4751.prfl	43805	1574253526	
busco_downloads/lineages/fungi_odb10/prfl/387347at4751.prfl	28116	1574253526	
busco_downloads/lineages/fungi_odb10/prfl/387759at4751.prfl	33194	1574253526	
busco_downloads/lineages/fungi_odb10/prfl/388229at4751.prfl	33288	1574253526	
busco_downloads/lineages/fungi_odb10/prfl/389034at4751.prfl	40464	1574253526	
busco_downloads/lineages/fungi_odb10/prfl/389547at4751.prfl	40455	1574253526	
busco_downloads/lineages/fungi_odb10/prfl/389565at4751.prfl	44378	1574253526	
busco_downloads/lineages/fungi_odb10/prfl/390518at4751.prfl	47144	1574253526	
busco_downloads/lineages/fungi_odb10/prfl/391384at4751.prfl	41851	1574253526	
busco_downloads/lineages/fungi_odb10/prfl/392558at4751.prfl	26807	1574253526	
busco_downloads/lineages/fungi_odb10/prfl/393440at4751.prfl	32830	1574253526	
busco_downloads/lineages/fungi_odb10/prfl/393996at4751.prfl	28148	1574253526	
busco_downloads/lineages/fungi_odb10/prfl/396097at4751.prfl	65849	1574253526	
busco_downloads/lineages/fungi_odb10/prfl/396330at4751.prfl	36429	1574253526	
busco_downloads/lineages/fungi_odb10/prfl/396842at4751.prfl	41748	1574253526	
busco_downloads/lineages/fungi_odb10/prfl/397465at4751.prfl	32833	1574253526	
busco_downloads/lineages/fungi_odb10/prfl/39833at4751.prfl	114178	1574253526	
busco_downloads/lineages/fungi_odb10/prfl/398519at4751.prfl	37224	1574253526	
busco_downloads/lineages/fungi_odb10/prfl/398592at4751.prfl	69250	1574253526	
busco_downloads/lineages/fungi_odb10/prfl/398882at4751.prfl	20121	1574253526	
busco_downloads/lineages/fungi_odb10/prfl/398968at4751.prfl	27985	1574253526	
busco_downloads/lineages/fungi_odb10/prfl/399376at4751.prfl	44018	1574253526	
busco_downloads/lineages/fungi_odb10/prfl/399413at4751.prfl	35224	1574253526	
busco_downloads/lineages/fungi_odb10/prfl/399810at4751.prfl	29352	1574253526	
busco_downloads/lineages/fungi_odb10/prfl/401387at4751.prfl	47389	1574253526	
busco_downloads/lineages/fungi_odb10/prfl/402005at4751.prfl	28452	1574253526	
busco_downloads/lineages/fungi_odb10/prfl/402255at4751.prfl	41831	1574253526	
busco_downloads/lineages/fungi_odb10/prfl/403079at4751.prfl	39221	1574253526	
busco_downloads/lineages/fungi_odb10/prfl/404050at4751.prfl	61823	1574253526	
busco_downloads/lineages/fungi_odb10/prfl/405669at4751.prfl	44836	1574253526	
busco_downloads/lineages/fungi_odb10/prfl/405898at4751.prfl	58329	1574253526	
busco_downloads/lineages/fungi_odb10/prfl/406240at4751.prfl	28364	1574253526	
busco_downloads/lineages/fungi_odb10/prfl/406403at4751.prfl	34431	1574253526	
busco_downloads/lineages/fungi_odb10/prfl/406434at4751.prfl	32277	1574253526	
busco_downloads/lineages/fungi_odb10/prfl/406793at4751.prfl	24609	1574253526	
busco_downloads/lineages/fungi_odb10/prfl/407348at4751.prfl	42364	1574253526	
busco_downloads/lineages/fungi_odb10/prfl/408391at4751.prfl	28015	1574253526	
busco_downloads/lineages/fungi_odb10/prfl/408419at4751.prfl	35308	1574253526	
busco_downloads/lineages/fungi_odb10/prfl/409761at4751.prfl	42636	1574253526	
busco_downloads/lineages/fungi_odb10/prfl/410458at4751.prfl	31457	1574253526	
busco_downloads/lineages/fungi_odb10/prfl/410782at4751.prfl	48083	1574253526	
busco_downloads/lineages/fungi_odb10/prfl/410986at4751.prfl	30083	1574253526	
busco_downloads/lineages/fungi_odb10/prfl/410991at4751.prfl	26264	1574253526	
busco_downloads/lineages/fungi_odb10/prfl/411130at4751.prfl	30894	1574253526	
busco_downloads/lineages/fungi_odb10/prfl/411471at4751.prfl	58547	1574253526	
busco_downloads/lineages/fungi_odb10/prfl/411518at4751.prfl	34130	1574253526	
busco_downloads/lineages/fungi_odb10/prfl/411677at4751.prfl	25367	1574253526	
busco_downloads/lineages/fungi_odb10/prfl/411754at4751.prfl	32391	1574253526	
busco_downloads/lineages/fungi_odb10/prfl/411919at4751.prfl	42993	1574253526	
busco_downloads/lineages/fungi_odb10/prfl/412006at4751.prfl	29657	1574253526	
busco_downloads/lineages/fungi_odb10/prfl/413850at4751.prfl	33668	1574253526	
busco_downloads/lineages/fungi_odb10/prfl/414474at4751.prfl	34260	1574253526	
busco_downloads/lineages/fungi_odb10/prfl/414508at4751.prfl	40024	1574253526	
busco_downloads/lineages/fungi_odb10/prfl/416039at4751.prfl	24051	1574253526	
busco_downloads/lineages/fungi_odb10/prfl/416914at4751.prfl	45318	1574253526	
busco_downloads/lineages/fungi_odb10/prfl/417109at4751.prfl	27809	1574253526	
busco_downloads/lineages/fungi_odb10/prfl/417470at4751.prfl	78876	1574253526	
busco_downloads/lineages/fungi_odb10/prfl/417746at4751.prfl	44304	1574253526	
busco_downloads/lineages/fungi_odb10/prfl/418242at4751.prfl	38340	1574253526	
busco_downloads/lineages/fungi_odb10/prfl/418644at4751.prfl	69632	1574253526	
busco_downloads/lineages/fungi_odb10/prfl/418680at4751.prfl	36832	1574253526	
busco_downloads/lineages/fungi_odb10/prfl/419048at4751.prfl	31578	1574253526	
busco_downloads/lineages/fungi_odb10/prfl/419200at4751.prfl	35735	1574253526	
busco_downloads/lineages/fungi_odb10/prfl/419232at4751.prfl	47028	1574253526	
busco_downloads/lineages/fungi_odb10/prfl/419667at4751.prfl	23578	1574253526	
busco_downloads/lineages/fungi_odb10/prfl/419868at4751.prfl	22630	1574253526	
busco_downloads/lineages/fungi_odb10/prfl/420414at4751.prfl	30105	1574253526	
busco_downloads/lineages/fungi_odb10/prfl/420527at4751.prfl	42772	1574253526	
busco_downloads/lineages/fungi_odb10/prfl/421097at4751.prfl	28292	1574253526	
busco_downloads/lineages/fungi_odb10/prfl/421687at4751.prfl	81159	1574253526	
busco_downloads/lineages/fungi_odb10/prfl/422151at4751.prfl	24019	1574253526	
busco_downloads/lineages/fungi_odb10/prfl/422622at4751.prfl	24181	1574253526	
busco_downloads/lineages/fungi_odb10/prfl/422764at4751.prfl	47823	1574253526	
busco_downloads/lineages/fungi_odb10/prfl/423166at4751.prfl	20358	1574253526	
busco_downloads/lineages/fungi_odb10/prfl/423206at4751.prfl	25169	1574253526	
busco_downloads/lineages/fungi_odb10/prfl/427250at4751.prfl	19315	1574253526	
busco_downloads/lineages/fungi_odb10/prfl/428342at4751.prfl	23994	1574253526	
busco_downloads/lineages/fungi_odb10/prfl/428569at4751.prfl	28117	1574253526	
busco_downloads/lineages/fungi_odb10/prfl/428774at4751.prfl	32178	1574253526	
busco_downloads/lineages/fungi_odb10/prfl/428984at4751.prfl	83041	1574253526	
busco_downloads/lineages/fungi_odb10/prfl/429332at4751.prfl	31241	1574253526	
busco_downloads/lineages/fungi_odb10/prfl/429862at4751.prfl	23551	1574253526	
busco_downloads/lineages/fungi_odb10/prfl/430556at4751.prfl	107611	1574253526	
busco_downloads/lineages/fungi_odb10/prfl/431195at4751.prfl	22837	1574253526	
busco_downloads/lineages/fungi_odb10/prfl/431607at4751.prfl	27407	1574253526	
busco_downloads/lineages/fungi_odb10/prfl/432952at4751.prfl	31439	1574253526	
busco_downloads/lineages/fungi_odb10/prfl/433181at4751.prfl	23897	1574253526	
busco_downloads/lineages/fungi_odb10/prfl/433384at4751.prfl	23576	1574253526	
busco_downloads/lineages/fungi_odb10/prfl/434428at4751.prfl	28504	1574253526	
busco_downloads/lineages/fungi_odb10/prfl/434500at4751.prfl	37568	1574253526	
busco_downloads/lineages/fungi_odb10/prfl/434984at4751.prfl	32358	1574253526	
busco_downloads/lineages/fungi_odb10/prfl/435317at4751.prfl	32676	1574253526	
busco_downloads/lineages/fungi_odb10/prfl/435471at4751.prfl	35296	1574253526	
busco_downloads/lineages/fungi_odb10/prfl/435767at4751.prfl	37247	1574253526	
busco_downloads/lineages/fungi_odb10/prfl/436872at4751.prfl	27456	1574253526	
busco_downloads/lineages/fungi_odb10/prfl/437914at4751.prfl	29296	1574253526	
busco_downloads/lineages/fungi_odb10/prfl/438274at4751.prfl	33769	1574253526	
busco_downloads/lineages/fungi_odb10/prfl/43842at4751.prfl	131367	1574253526	
busco_downloads/lineages/fungi_odb10/prfl/438731at4751.prfl	21796	1574253526	
busco_downloads/lineages/fungi_odb10/prfl/438861at4751.prfl	26917	1574253526	
busco_downloads/lineages/fungi_odb10/prfl/439490at4751.prfl	29480	1574253526	
busco_downloads/lineages/fungi_odb10/prfl/440401at4751.prfl	34677	1574253526	
busco_downloads/lineages/fungi_odb10/prfl/4409at4751.prfl	316202	1574253526	
busco_downloads/lineages/fungi_odb10/prfl/441586at4751.prfl	34681	1574253526	
busco_downloads/lineages/fungi_odb10/prfl/443595at4751.prfl	22170	1574253526	
busco_downloads/lineages/fungi_odb10/prfl/444174at4751.prfl	23983	1574253526	
busco_downloads/lineages/fungi_odb10/prfl/444399at4751.prfl	20704	1574253526	
busco_downloads/lineages/fungi_odb10/prfl/444602at4751.prfl	25275	1574253526	
busco_downloads/lineages/fungi_odb10/prfl/444892at4751.prfl	15304	1574253526	
busco_downloads/lineages/fungi_odb10/prfl/445210at4751.prfl	24157	1574253526	
busco_downloads/lineages/fungi_odb10/prfl/445401at4751.prfl	32260	1574253526	
busco_downloads/lineages/fungi_odb10/prfl/445954at4751.prfl	14456	1574253526	
busco_downloads/lineages/fungi_odb10/prfl/446124at4751.prfl	21886	1574253526	
busco_downloads/lineages/fungi_odb10/prfl/4466at4751.prfl	351814	1574253526	
busco_downloads/lineages/fungi_odb10/prfl/447112at4751.prfl	30153	1574253526	
busco_downloads/lineages/fungi_odb10/prfl/447424at4751.prfl	39380	1574253526	
busco_downloads/lineages/fungi_odb10/prfl/449717at4751.prfl	31140	1574253526	
busco_downloads/lineages/fungi_odb10/prfl/449803at4751.prfl	37504	1574253526	
busco_downloads/lineages/fungi_odb10/prfl/451032at4751.prfl	24020	1574253526	
busco_downloads/lineages/fungi_odb10/prfl/451701at4751.prfl	33881	1574253526	
busco_downloads/lineages/fungi_odb10/prfl/451811at4751.prfl	53184	1574253526	
busco_downloads/lineages/fungi_odb10/prfl/451849at4751.prfl	57191	1574253526	
busco_downloads/lineages/fungi_odb10/prfl/4523at4751.prfl	363312	1574253526	
busco_downloads/lineages/fungi_odb10/prfl/452573at4751.prfl	19152	1574253526	
busco_downloads/lineages/fungi_odb10/prfl/452692at4751.prfl	28769	1574253526	
busco_downloads/lineages/fungi_odb10/prfl/452759at4751.prfl	20510	1574253526	
busco_downloads/lineages/fungi_odb10/prfl/452947at4751.prfl	30309	1574253526	
busco_downloads/lineages/fungi_odb10/prfl/453693at4751.prfl	22935	1574253526	
busco_downloads/lineages/fungi_odb10/prfl/453909at4751.prfl	44321	1574253526	
busco_downloads/lineages/fungi_odb10/prfl/454746at4751.prfl	27141	1574253526	
busco_downloads/lineages/fungi_odb10/prfl/454840at4751.prfl	37511	1574253526	
busco_downloads/lineages/fungi_odb10/prfl/455110at4751.prfl	20452	1574253526	
busco_downloads/lineages/fungi_odb10/prfl/456963at4751.prfl	23882	1574253526	
busco_downloads/lineages/fungi_odb10/prfl/457161at4751.prfl	32331	1574253526	
busco_downloads/lineages/fungi_odb10/prfl/457544at4751.prfl	35863	1574253526	
busco_downloads/lineages/fungi_odb10/prfl/457951at4751.prfl	23946	1574253526	
busco_downloads/lineages/fungi_odb10/prfl/458554at4751.prfl	21705	1574253526	
busco_downloads/lineages/fungi_odb10/prfl/458980at4751.prfl	40213	1574253526	
busco_downloads/lineages/fungi_odb10/prfl/459844at4751.prfl	28290	1574253526	
busco_downloads/lineages/fungi_odb10/prfl/46090at4751.prfl	132247	1574253526	
busco_downloads/lineages/fungi_odb10/prfl/46098at4751.prfl	148541	1574253526	
busco_downloads/lineages/fungi_odb10/prfl/46119at4751.prfl	180231	1574253526	
busco_downloads/lineages/fungi_odb10/prfl/461238at4751.prfl	18329	1574253526	
busco_downloads/lineages/fungi_odb10/prfl/461919at4751.prfl	49071	1574253526	
busco_downloads/lineages/fungi_odb10/prfl/464711at4751.prfl	27039	1574253526	
busco_downloads/lineages/fungi_odb10/prfl/464772at4751.prfl	30881	1574253526	
busco_downloads/lineages/fungi_odb10/prfl/464897at4751.prfl	22240	1574253526	
busco_downloads/lineages/fungi_odb10/prfl/465849at4751.prfl	20126	1574253526	
busco_downloads/lineages/fungi_odb10/prfl/46666at4751.prfl	161089	1574253526	
busco_downloads/lineages/fungi_odb10/prfl/467311at4751.prfl	28787	1574253526	
busco_downloads/lineages/fungi_odb10/prfl/46752at4751.prfl	126864	1574253526	
busco_downloads/lineages/fungi_odb10/prfl/467847at4751.prfl	30258	1574253526	
busco_downloads/lineages/fungi_odb10/prfl/467959at4751.prfl	34669	1574253526	
busco_downloads/lineages/fungi_odb10/prfl/468195at4751.prfl	23908	1574253526	
busco_downloads/lineages/fungi_odb10/prfl/468224at4751.prfl	24036	1574253526	
busco_downloads/lineages/fungi_odb10/prfl/468408at4751.prfl	66011	1574253526	
busco_downloads/lineages/fungi_odb10/prfl/46918at4751.prfl	110320	1574253526	
busco_downloads/lineages/fungi_odb10/prfl/469452at4751.prfl	23802	1574253526	
busco_downloads/lineages/fungi_odb10/prfl/470813at4751.prfl	26398	1574253526	
busco_downloads/lineages/fungi_odb10/prfl/471205at4751.prfl	15049	1574253526	
busco_downloads/lineages/fungi_odb10/prfl/473814at4751.prfl	19648	1574253526	
busco_downloads/lineages/fungi_odb10/prfl/474125at4751.prfl	34393	1574253526	
busco_downloads/lineages/fungi_odb10/prfl/474320at4751.prfl	21738	1574253526	
busco_downloads/lineages/fungi_odb10/prfl/474374at4751.prfl	17885	1574253526	
busco_downloads/lineages/fungi_odb10/prfl/47592at4751.prfl	103549	1574253526	
busco_downloads/lineages/fungi_odb10/prfl/477057at4751.prfl	24615	1574253526	
busco_downloads/lineages/fungi_odb10/prfl/477122at4751.prfl	22636	1574253526	
busco_downloads/lineages/fungi_odb10/prfl/481052at4751.prfl	35999	1574253526	
busco_downloads/lineages/fungi_odb10/prfl/482337at4751.prfl	36285	1574253526	
busco_downloads/lineages/fungi_odb10/prfl/483049at4751.prfl	15906	1574253526	
busco_downloads/lineages/fungi_odb10/prfl/483370at4751.prfl	20044	1574253526	
busco_downloads/lineages/fungi_odb10/prfl/483390at4751.prfl	17337	1574253526	
busco_downloads/lineages/fungi_odb10/prfl/484080at4751.prfl	32406	1574253526	
busco_downloads/lineages/fungi_odb10/prfl/484323at4751.prfl	16021	1574253526	
busco_downloads/lineages/fungi_odb10/prfl/484805at4751.prfl	31687	1574253526	
busco_downloads/lineages/fungi_odb10/prfl/485650at4751.prfl	22784	1574253526	
busco_downloads/lineages/fungi_odb10/prfl/485702at4751.prfl	31475	1574253526	
busco_downloads/lineages/fungi_odb10/prfl/48708at4751.prfl	151776	1574253526	
busco_downloads/lineages/fungi_odb10/prfl/488348at4751.prfl	16359	1574253526	
busco_downloads/lineages/fungi_odb10/prfl/488426at4751.prfl	31192	1574253526	
busco_downloads/lineages/fungi_odb10/prfl/488857at4751.prfl	26151	1574253526	
busco_downloads/lineages/fungi_odb10/prfl/490662at4751.prfl	16924	1574253526	
busco_downloads/lineages/fungi_odb10/prfl/490719at4751.prfl	33051	1574253526	
busco_downloads/lineages/fungi_odb10/prfl/492591at4751.prfl	26580	1574253526	
busco_downloads/lineages/fungi_odb10/prfl/493358at4751.prfl	17598	1574253526	
busco_downloads/lineages/fungi_odb10/prfl/494427at4751.prfl	18866	1574253526	
busco_downloads/lineages/fungi_odb10/prfl/49476at4751.prfl	115535	1574253526	
busco_downloads/lineages/fungi_odb10/prfl/494at4751.prfl	485118	1574253526	
busco_downloads/lineages/fungi_odb10/prfl/497024at4751.prfl	13918	1574253526	
busco_downloads/lineages/fungi_odb10/prfl/49967at4751.prfl	102990	1574253526	
busco_downloads/lineages/fungi_odb10/prfl/50786at4751.prfl	105775	1574253526	
busco_downloads/lineages/fungi_odb10/prfl/50835at4751.prfl	143068	1574253526	
busco_downloads/lineages/fungi_odb10/prfl/52541at4751.prfl	106779	1574253526	
busco_downloads/lineages/fungi_odb10/prfl/52909at4751.prfl	130336	1574253526	
busco_downloads/lineages/fungi_odb10/prfl/53270at4751.prfl	184076	1574253526	
busco_downloads/lineages/fungi_odb10/prfl/54252at4751.prfl	139102	1574253526	
busco_downloads/lineages/fungi_odb10/prfl/54919at4751.prfl	103891	1574253526	
busco_downloads/lineages/fungi_odb10/prfl/56395at4751.prfl	113128	1574253526	
busco_downloads/lineages/fungi_odb10/prfl/56432at4751.prfl	121088	1574253526	
busco_downloads/lineages/fungi_odb10/prfl/56729at4751.prfl	144715	1574253526	
busco_downloads/lineages/fungi_odb10/prfl/57081at4751.prfl	161260	1574253526	
busco_downloads/lineages/fungi_odb10/prfl/58127at4751.prfl	157455	1574253526	
busco_downloads/lineages/fungi_odb10/prfl/59795at4751.prfl	128740	1574253526	
busco_downloads/lineages/fungi_odb10/prfl/5995at4751.prfl	200318	1574253526	
busco_downloads/lineages/fungi_odb10/prfl/61411at4751.prfl	97581	1574253526	
busco_downloads/lineages/fungi_odb10/prfl/61438at4751.prfl	136351	1574253526	
busco_downloads/lineages/fungi_odb10/prfl/61857at4751.prfl	87790	1574253526	
busco_downloads/lineages/fungi_odb10/prfl/6186at4751.prfl	210089	1574253526	
busco_downloads/lineages/fungi_odb10/prfl/6272at4751.prfl	169332	1574253526	
busco_downloads/lineages/fungi_odb10/prfl/62846at4751.prfl	103726	1574253526	
busco_downloads/lineages/fungi_odb10/prfl/63635at4751.prfl	135489	1574253526	
busco_downloads/lineages/fungi_odb10/prfl/6377at4751.prfl	165800	1574253526	
busco_downloads/lineages/fungi_odb10/prfl/63838at4751.prfl	93434	1574253526	
busco_downloads/lineages/fungi_odb10/prfl/64002at4751.prfl	91967	1574253526	
busco_downloads/lineages/fungi_odb10/prfl/64498at4751.prfl	104400	1574253526	
busco_downloads/lineages/fungi_odb10/prfl/65334at4751.prfl	90700	1574253526	
busco_downloads/lineages/fungi_odb10/prfl/65499at4751.prfl	114062	1574253526	
busco_downloads/lineages/fungi_odb10/prfl/6592at4751.prfl	200474	1574253526	
busco_downloads/lineages/fungi_odb10/prfl/66151at4751.prfl	89374	1574253526	
busco_downloads/lineages/fungi_odb10/prfl/67284at4751.prfl	80936	1574253526	
busco_downloads/lineages/fungi_odb10/prfl/67399at4751.prfl	108818	1574253526	
busco_downloads/lineages/fungi_odb10/prfl/67806at4751.prfl	104611	1574253526	
busco_downloads/lineages/fungi_odb10/prfl/6812at4751.prfl	299277	1574253526	
busco_downloads/lineages/fungi_odb10/prfl/68466at4751.prfl	146336	1574253526	
busco_downloads/lineages/fungi_odb10/prfl/68881at4751.prfl	95742	1574253526	
busco_downloads/lineages/fungi_odb10/prfl/71039at4751.prfl	147222	1574253526	
busco_downloads/lineages/fungi_odb10/prfl/71046at4751.prfl	130322	1574253526	
busco_downloads/lineages/fungi_odb10/prfl/73383at4751.prfl	104403	1574253526	
busco_downloads/lineages/fungi_odb10/prfl/73477at4751.prfl	87627	1574253526	
busco_downloads/lineages/fungi_odb10/prfl/73771at4751.prfl	138313	1574253526	
busco_downloads/lineages/fungi_odb10/prfl/7423at4751.prfl	230525	1574253526	
busco_downloads/lineages/fungi_odb10/prfl/75033at4751.prfl	76071	1574253526	
busco_downloads/lineages/fungi_odb10/prfl/75456at4751.prfl	99220	1574253526	
busco_downloads/lineages/fungi_odb10/prfl/7545at4751.prfl	171230	1574253526	
busco_downloads/lineages/fungi_odb10/prfl/75463at4751.prfl	104012	1574253526	
busco_downloads/lineages/fungi_odb10/prfl/75709at4751.prfl	166233	1574253526	
busco_downloads/lineages/fungi_odb10/prfl/75976at4751.prfl	97892	1574253526	
busco_downloads/lineages/fungi_odb10/prfl/76196at4751.prfl	88817	1574253526	
busco_downloads/lineages/fungi_odb10/prfl/76893at4751.prfl	105597	1574253526	
busco_downloads/lineages/fungi_odb10/prfl/76975at4751.prfl	127062	1574253526	
busco_downloads/lineages/fungi_odb10/prfl/771at4751.prfl	443032	1574253526	
busco_downloads/lineages/fungi_odb10/prfl/78289at4751.prfl	92922	1574253526	
busco_downloads/lineages/fungi_odb10/prfl/78665at4751.prfl	96546	1574253526	
busco_downloads/lineages/fungi_odb10/prfl/79262at4751.prfl	89194	1574253526	
busco_downloads/lineages/fungi_odb10/prfl/79294at4751.prfl	95307	1574253526	
busco_downloads/lineages/fungi_odb10/prfl/79797at4751.prfl	121301	1574253526	
busco_downloads/lineages/fungi_odb10/prfl/79988at4751.prfl	64753	1574253526	
busco_downloads/lineages/fungi_odb10/prfl/81295at4751.prfl	89786	1574253526	
busco_downloads/lineages/fungi_odb10/prfl/81614at4751.prfl	178475	1574253526	
busco_downloads/lineages/fungi_odb10/prfl/81687at4751.prfl	82092	1574253526	
busco_downloads/lineages/fungi_odb10/prfl/8406at4751.prfl	135946	1574253526	
busco_downloads/lineages/fungi_odb10/prfl/84250at4751.prfl	153076	1574253526	
busco_downloads/lineages/fungi_odb10/prfl/84829at4751.prfl	66525	1574253526	
busco_downloads/lineages/fungi_odb10/prfl/85793at4751.prfl	122706	1574253526	
busco_downloads/lineages/fungi_odb10/prfl/86293at4751.prfl	80269	1574253526	
busco_downloads/lineages/fungi_odb10/prfl/87251at4751.prfl	160847	1574253526	
busco_downloads/lineages/fungi_odb10/prfl/87313at4751.prfl	88091	1574253526	
busco_downloads/lineages/fungi_odb10/prfl/8818at4751.prfl	261342	1574253526	
busco_downloads/lineages/fungi_odb10/prfl/90022at4751.prfl	50218	1574253526	
busco_downloads/lineages/fungi_odb10/prfl/91135at4751.prfl	94144	1574253526	
busco_downloads/lineages/fungi_odb10/prfl/92267at4751.prfl	95010	1574253526	
busco_downloads/lineages/fungi_odb10/prfl/93783at4751.prfl	103994	1574253526	
busco_downloads/lineages/fungi_odb10/prfl/94384at4751.prfl	84317	1574253526	
busco_downloads/lineages/fungi_odb10/prfl/94628at4751.prfl	108776	1574253526	
busco_downloads/lineages/fungi_odb10/prfl/95253at4751.prfl	98601	1574253526	
busco_downloads/lineages/fungi_odb10/prfl/96633at4751.prfl	103784	1574253526	
busco_downloads/lineages/fungi_odb10/prfl/97141at4751.prfl	84993	1574253526	
busco_downloads/lineages/fungi_odb10/prfl/98519at4751.prfl	88941	1574253526	
busco_downloads/lineages/fungi_odb10/prfl/98733at4751.prfl	108679	1574253526	
busco_downloads/lineages/fungi_odb10/prfl/98739at4751.prfl	98693	1574253526	
busco_downloads/lineages/fungi_odb10/refseq_db.faa	222635653	1786799951	
busco_downloads/lineages/fungi_odb10/refseq_db.faa.gz.md5	92	1704720766	
busco_downloads/lineages/fungi_odb10/scores_cutoff	17152	1574253527	
busco_downloads/lineages/stramenopiles_odb10/ancestral	59991	1574331626	
busco_downloads/lineages/stramenopiles_odb10/ancestral_variants	515480	1574331626	
busco_downloads/lineages/stramenopiles_odb10/dataset.cfg	184	1704721210	
busco_downloads/lineages/stramenopiles_odb10/hmms/10123at33634.hmm	131217	1574331627	
busco_downloads/lineages/stramenopiles_odb10/hmms/10425at33634.hmm	164698	1574331627	
busco_downloads/lineages/stramenopiles_odb10/hmms/10799at33634.hmm	169347	1574331627	
busco_downloads/lineages/stramenopiles_odb10/hmms/1102at33634.hmm	565528	1574331627	
busco_downloads/lineages/stramenopiles_odb10/hmms/11504at33634.hmm	182368	1574331627	
busco_downloads/lineages/stramenopiles_odb10/hmms/12069at33634.hmm	127498	1574331627	
busco_downloads/lineages/stramenopiles_odb10/hmms/12249at33634.hmm	167953	1574331627	
busco_downloads/lineages/stramenopiles_odb10/hmms/12363at33634.hmm	109363	1574331627	
busco_downloads/lineages/stramenopiles_odb10/hmms/12382at33634.hmm	176788	1574331627	
busco_downloads/lineages/stramenopiles_odb10/hmms/12562at33634.hmm	247468	1574331627	
busco_downloads/lineages/stramenopiles_odb10/hmms/12626at33634.hmm	151213	1574331627	
busco_downloads/lineages/stramenopiles_odb10/hmms/12684at33634.hmm	120988	1574331627	
busco_downloads/lineages/stramenopiles_odb10/hmms/12693at33634.hmm	143308	1574331627	
busco_downloads/lineages/stramenopiles_odb10/hmms/13102at33634.hmm	190272	1574331627	
busco_downloads/lineages/stramenopiles_odb10/hmms/1326at33634.hmm	346977	1574331627	
busco_downloads/lineages/stramenopiles_odb10/hmms/1342at33634.hmm	340932	1574331627	
busco_downloads/lineages/stramenopiles_odb10/hmms/13476at33634.hmm	97738	1574331627	
busco_downloads/lineages/stramenopiles_odb10/hmms/13537at33634.hmm	103783	1574331627	
busco_downloads/lineages/stramenopiles_odb10/hmms/13819at33634.hmm	161908	1574331627	
busco_downloads/lineages/stramenopiles_odb10/hmms/13832at33634.hmm	98203	1574331627	
busco_downloads/lineages/stramenopiles_odb10/hmms/14113at33634.hmm	157258	1574331627	
busco_downloads/lineages/stramenopiles_odb10/hmms/15177at33634.hmm	128428	1574331627	
busco_downloads/lineages/stramenopiles_odb10/hmms/15216at33634.hmm	98203	1574331627	
busco_downloads/lineages/stramenopiles_odb10/hmms/15242at33634.hmm	96808	1574331627	
busco_downloads/lineages/stramenopiles_odb10/hmms/15351at33634.hmm	99598	1574331627	
busco_downloads/lineages/stramenopiles_odb10/hmms/15520at33634.hmm	140053	1574331627	
busco_downloads/lineages/stramenopiles_odb10/hmms/15827at33634.hmm	134473	1574331627	
busco_downloads/lineages/stramenopiles_odb10/hmms/15969at33634.hmm	125173	1574331627	
busco_downloads/lineages/stramenopiles_odb10/hmms/16248at33634.hmm	98668	1574331627	
busco_downloads/lineages/stramenopiles_odb10/hmms/17057at33634.hmm	192598	1574331627	
busco_downloads/lineages/stramenopiles_odb10/hmms/17622at33634.hmm	113083	1574331627	
busco_downloads/lineages/stramenopiles_odb10/hmms/17887at33634.hmm	81928	1574331627	
busco_downloads/lineages/stramenopiles_odb10/hmms/1803at33634.hmm	276297	1574331627	
busco_downloads/lineages/stramenopiles_odb10/hmms/18069at33634.hmm	76347	1574331627	
busco_downloads/lineages/stramenopiles_odb10/hmms/18429at33634.hmm	91227	1574331627	
busco_downloads/lineages/stramenopiles_odb10/hmms/18432at33634.hmm	113548	1574331627	
busco_downloads/lineages/stramenopiles_odb10/hmms/18615at33634.hmm	176323	1574331627	
busco_downloads/lineages/stramenopiles_odb10/hmms/19366at33634.hmm	56818	1574331627	
busco_downloads/lineages/stramenopiles_odb10/hmms/19836at33634.hmm	149817	1574331627	
busco_downloads/lineages/stramenopiles_odb10/hmms/19891at33634.hmm	117733	1574331627	
busco_downloads/lineages/stramenopiles_odb10/hmms/20044at33634.hmm	234913	1574331627	
busco_downloads/lineages/stramenopiles_odb10/hmms/20182at33634.hmm	117732	1574331627	
busco_downloads/lineages/stramenopiles_odb10/hmms/20769at33634.hmm	64723	1574331627	
busco_downloads/lineages/stramenopiles_odb10/hmms/21097at33634.hmm	195853	1574331627	
busco_downloads/lineages/stramenopiles_odb10/hmms/21875at33634.hmm	103782	1574331627	
busco_downloads/lineages/stramenopiles_odb10/hmms/22080at33634.hmm	80998	1574331627	
busco_downloads/lineages/stramenopiles_odb10/hmms/22950at33634.hmm	101457	1574331627	
busco_downloads/lineages/stramenopiles_odb10/hmms/23030at33634.hmm	67513	1574331627	
busco_downloads/lineages/stramenopiles_odb10/hmms/23917at33634.hmm	59608	1574331627	
busco_downloads/lineages/stramenopiles_odb10/hmms/23923at33634.hmm	80067	1574331627	
busco_downloads/lineages/stramenopiles_odb10/hmms/24919at33634.hmm	38217	1574331627	
busco_downloads/lineages/stramenopiles_odb10/hmms/25187at33634.hmm	52632	1574331627	
busco_downloads/lineages/stramenopiles_odb10/hmms/25189at33634.hmm	60538	1574331627	
busco_downloads/lineages/stramenopiles_odb10/hmms/26150at33634.hmm	85648	1574331627	
busco_downloads/lineages/stramenopiles_odb10/hmms/26258at33634.hmm	48913	1574331627	
busco_downloads/lineages/stramenopiles_odb10/hmms/26307at33634.hmm	80068	1574331627	
busco_downloads/lineages/stramenopiles_odb10/hmms/26441at33634.hmm	40541	1574331627	
busco_downloads/lineages/stramenopiles_odb10/hmms/27268at33634.hmm	82393	1574331627	
busco_downloads/lineages/stramenopiles_odb10/hmms/27409at33634.hmm	60538	1574331627	
busco_downloads/lineages/stramenopiles_odb10/hmms/27410at33634.hmm	64258	1574331627	
busco_downloads/lineages/stramenopiles_odb10/hmms/27411at33634.hmm	71232	1574331627	
busco_downloads/lineages/stramenopiles_odb10/hmms/28151at33634.hmm	73558	1574331627	
busco_downloads/lineages/stramenopiles_odb10/hmms/28445at33634.hmm	50308	1574331627	
busco_downloads/lineages/stramenopiles_odb10/hmms/2880at33634.hmm	271646	1574331627	
busco_downloads/lineages/stramenopiles_odb10/hmms/302at33634.hmm	630627	1574331627	
busco_downloads/lineages/stramenopiles_odb10/hmms/31838at33634.hmm	47983	1574331627	
busco_downloads/lineages/stramenopiles_odb10/hmms/3405at33634.hmm	318612	1574331627	
busco_downloads/lineages/stramenopiles_odb10/hmms/3528at33634.hmm	292572	1574331627	
busco_downloads/lineages/stramenopiles_odb10/hmms/3786at33634.hmm	247466	1574331627	
busco_downloads/lineages/stramenopiles_odb10/hmms/3834at33634.hmm	230262	1574331627	
busco_downloads/lineages/stramenopiles_odb10/hmms/3835at33634.hmm	234912	1574331627	
busco_downloads/lineages/stramenopiles_odb10/hmms/3892at33634.hmm	253046	1574331627	
busco_downloads/lineages/stramenopiles_odb10/hmms/4148at33634.hmm	222357	1574331627	
busco_downloads/lineages/stramenopiles_odb10/hmms/4166at33634.hmm	194457	1574331627	
busco_downloads/lineages/stramenopiles_odb10/hmms/4406at33634.hmm	203292	1574331627	
busco_downloads/lineages/stramenopiles_odb10/hmms/5074at33634.hmm	193992	1574331627	
busco_downloads/lineages/stramenopiles_odb10/hmms/5144at33634.hmm	196317	1574331627	
busco_downloads/lineages/stramenopiles_odb10/hmms/5145at33634.hmm	138657	1574331627	
busco_downloads/lineages/stramenopiles_odb10/hmms/5578at33634.hmm	174460	1574331627	
busco_downloads/lineages/stramenopiles_odb10/hmms/5960at33634.hmm	232587	1574331627	
busco_downloads/lineages/stramenopiles_odb10/hmms/5964at33634.hmm	198177	1574331627	
busco_downloads/lineages/stramenopiles_odb10/hmms/6366at33634.hmm	214915	1574331627	
busco_downloads/lineages/stramenopiles_odb10/hmms/6436at33634.hmm	196317	1574331627	
busco_downloads/lineages/stramenopiles_odb10/hmms/6684at33634.hmm	204222	1574331627	
busco_downloads/lineages/stramenopiles_odb10/hmms/6933at33634.hmm	159581	1574331627	
busco_downloads/lineages/stramenopiles_odb10/hmms/693at33634.hmm	431141	1574331627	
busco_downloads/lineages/stramenopiles_odb10/hmms/6981at33634.hmm	412077	1574331627	
busco_downloads/lineages/stramenopiles_odb10/hmms/6989at33634.hmm	232586	1574331627	
busco_downloads/lineages/stramenopiles_odb10/hmms/723at33634.hmm	367901	1574331627	
busco_downloads/lineages/stramenopiles_odb10/hmms/7485at33634.hmm	160047	1574331627	
busco_downloads/lineages/stramenopiles_odb10/hmms/8142at33634.hmm	112151	1574331627	
busco_downloads/lineages/stramenopiles_odb10/hmms/8760at33634.hmm	129822	1574331627	
busco_downloads/lineages/stramenopiles_odb10/hmms/8842at33634.hmm	160512	1574331627	
busco_downloads/lineages/stramenopiles_odb10/hmms/9201at33634.hmm	102852	1574331627	
busco_downloads/lineages/stramenopiles_odb10/hmms/9286at33634.hmm	176786	1574331627	
busco_downloads/lineages/stramenopiles_odb10/hmms/9297at33634.hmm	144702	1574331627	
busco_downloads/lineages/stramenopiles_odb10/hmms/9413at33634.hmm	153071	1574331627	
busco_downloads/lineages/stramenopiles_odb10/hmms/971at33634.hmm	398591	1574331627	
busco_downloads/lineages/stramenopiles_odb10/hmms/9731at33634.hmm	262347	1574331627	
busco_downloads/lineages/stramenopiles_odb10/hmms/9939at33634.hmm	181437	1574331627	
busco_downloads/lineages/stramenopiles_odb10/info/ogs.id.info	72883	1574331626	
busco_downloads/lineages/stramenopiles_odb10/info/species.info	886	1574331626	
busco_downloads/lineages/stramenopiles_odb10/lengths_cutoff	2166	1703261681	
busco_downloads/lineages/stramenopiles_odb10/links_to_ODB10.txt	8833	1703261468	
busco_downloads/lineages/stramenopiles_odb10/prfl/10123at33634.prfl	62586	1574331626	
busco_downloads/lineages/stramenopiles_odb10/prfl/10425at33634.prfl	63442	1574331627	
busco_downloads/lineages/stramenopiles_odb10/prfl/10799at33634.prfl	72905	1574331627	
busco_downloads/lineages/stramenopiles_odb10/prfl/1102at33634.prfl	225947	1574331626	
busco_downloads/lineages/stramenopiles_odb10/prfl/11504at33634.prfl	74242	1574331627	
busco_downloads/lineages/stramenopiles_odb10/prfl/12069at33634.prfl	57103	1574331626	
busco_downloads/lineages/stramenopiles_odb10/prfl/12249at33634.prfl	69250	1574331627	
busco_downloads/lineages/stramenopiles_odb10/prfl/12363at33634.prfl	45833	1574331627	
busco_downloads/lineages/stramenopiles_odb10/prfl/12382at33634.prfl	59461	1574331627	
busco_downloads/lineages/stramenopiles_odb10/prfl/12562at33634.prfl	65593	1574331626	
busco_downloads/lineages/stramenopiles_odb10/prfl/12626at33634.prfl	64512	1574331627	
busco_downloads/lineages/stramenopiles_odb10/prfl/12684at33634.prfl	59708	1574331627	
busco_downloads/lineages/stramenopiles_odb10/prfl/12693at33634.prfl	67424	1574331626	
busco_downloads/lineages/stramenopiles_odb10/prfl/13102at33634.prfl	77673	1574331626	
busco_downloads/lineages/stramenopiles_odb10/prfl/1326at33634.prfl	136325	1574331627	
busco_downloads/lineages/stramenopiles_odb10/prfl/1342at33634.prfl	142776	1574331627	
busco_downloads/lineages/stramenopiles_odb10/prfl/13476at33634.prfl	41601	1574331627	
busco_downloads/lineages/stramenopiles_odb10/prfl/13537at33634.prfl	43240	1574331627	
busco_downloads/lineages/stramenopiles_odb10/prfl/13819at33634.prfl	69102	1574331627	
busco_downloads/lineages/stramenopiles_odb10/prfl/13832at33634.prfl	38842	1574331627	
busco_downloads/lineages/stramenopiles_odb10/prfl/14113at33634.prfl	72519	1574331626	
busco_downloads/lineages/stramenopiles_odb10/prfl/15177at33634.prfl	50066	1574331627	
busco_downloads/lineages/stramenopiles_odb10/prfl/15216at33634.prfl	43226	1574331627	
busco_downloads/lineages/stramenopiles_odb10/prfl/15242at33634.prfl	41456	1574331627	
busco_downloads/lineages/stramenopiles_odb10/prfl/15351at33634.prfl	40700	1574331627	
busco_downloads/lineages/stramenopiles_odb10/prfl/15520at33634.prfl	58318	1574331627	
busco_downloads/lineages/stramenopiles_odb10/prfl/15827at33634.prfl	54162	1574331627	
busco_downloads/lineages/stramenopiles_odb10/prfl/15969at33634.prfl	59796	1574331627	
busco_downloads/lineages/stramenopiles_odb10/prfl/16248at33634.prfl	36882	1574331626	
busco_downloads/lineages/stramenopiles_odb10/prfl/17057at33634.prfl	82665	1574331627	
busco_downloads/lineages/stramenopiles_odb10/prfl/17622at33634.prfl	52191	1574331627	
busco_downloads/lineages/stramenopiles_odb10/prfl/17887at33634.prfl	34260	1574331627	
busco_downloads/lineages/stramenopiles_odb10/prfl/1803at33634.prfl	107774	1574331627	
busco_downloads/lineages/stramenopiles_odb10/prfl/18069at33634.prfl	33606	1574331627	
busco_downloads/lineages/stramenopiles_odb10/prfl/18429at33634.prfl	36321	1574331626	
busco_downloads/lineages/stramenopiles_odb10/prfl/18432at33634.prfl	31806	1574331627	
busco_downloads/lineages/stramenopiles_odb10/prfl/18615at33634.prfl	58837	1574331627	
busco_downloads/lineages/stramenopiles_odb10/prfl/19366at33634.prfl	26927	1574331627	
busco_downloads/lineages/stramenopiles_odb10/prfl/19836at33634.prfl	65013	1574331627	
busco_downloads/lineages/stramenopiles_odb10/prfl/19891at33634.prfl	49838	1574331627	
busco_downloads/lineages/stramenopiles_odb10/prfl/20044at33634.prfl	83013	1574331627	
busco_downloads/lineages/stramenopiles_odb10/prfl/20182at33634.prfl	50260	1574331626	
busco_downloads/lineages/stramenopiles_odb10/prfl/20769at33634.prfl	26095	1574331627	
busco_downloads/lineages/stramenopiles_odb10/prfl/21097at33634.prfl	69427	1574331627	
busco_downloads/lineages/stramenopiles_odb10/prfl/21875at33634.prfl	46118	1574331626	
busco_downloads/lineages/stramenopiles_odb10/prfl/22080at33634.prfl	30042	1574331626	
busco_downloads/lineages/stramenopiles_odb10/prfl/22950at33634.prfl	40636	1574331626	
busco_downloads/lineages/stramenopiles_odb10/prfl/23030at33634.prfl	37036	1574331627	
busco_downloads/lineages/stramenopiles_odb10/prfl/23917at33634.prfl	24133	1574331627	
busco_downloads/lineages/stramenopiles_odb10/prfl/23923at33634.prfl	29846	1574331627	
busco_downloads/lineages/stramenopiles_odb10/prfl/24919at33634.prfl	19415	1574331627	
busco_downloads/lineages/stramenopiles_odb10/prfl/25187at33634.prfl	23241	1574331627	
busco_downloads/lineages/stramenopiles_odb10/prfl/25189at33634.prfl	23280	1574331627	
busco_downloads/lineages/stramenopiles_odb10/prfl/26150at33634.prfl	38443	1574331626	
busco_downloads/lineages/stramenopiles_odb10/prfl/26258at33634.prfl	20958	1574331627	
busco_downloads/lineages/stramenopiles_odb10/prfl/26307at33634.prfl	22348	1574331627	
busco_downloads/lineages/stramenopiles_odb10/prfl/26441at33634.prfl	13623	1574331627	
busco_downloads/lineages/stramenopiles_odb10/prfl/27268at33634.prfl	30675	1574331627	
busco_downloads/lineages/stramenopiles_odb10/prfl/27409at33634.prfl	25933	1574331627	
busco_downloads/lineages/stramenopiles_odb10/prfl/27410at33634.prfl	25292	1574331626	
busco_downloads/lineages/stramenopiles_odb10/prfl/27411at33634.prfl	30504	1574331627	
busco_downloads/lineages/stramenopiles_odb10/prfl/28151at33634.prfl	32959	1574331627	
busco_downloads/lineages/stramenopiles_odb10/prfl/28445at33634.prfl	20236	1574331627	
busco_downloads/lineages/stramenopiles_odb10/prfl/2880at33634.prfl	121047	1574331626	
busco_downloads/lineages/stramenopiles_odb10/prfl/302at33634.prfl	202264	1574331627	
busco_downloads/lineages/stramenopiles_odb10/prfl/31838at33634.prfl	20734	1574331627	
busco_downloads/lineages/stramenopiles_odb10/prfl/3405at33634.prfl	129572	1574331627	
busco_downloads/lineages/stramenopiles_odb10/prfl/3528at33634.prfl	92343	1574331627	
busco_downloads/lineages/stramenopiles_odb10/prfl/3786at33634.prfl	95422	1574331627	
busco_downloads/lineages/stramenopiles_odb10/prfl/3834at33634.prfl	86008	1574331627	
busco_downloads/lineages/stramenopiles_odb10/prfl/3835at33634.prfl	100058	1574331627	
busco_downloads/lineages/stramenopiles_odb10/prfl/3892at33634.prfl	101420	1574331626	
busco_downloads/lineages/stramenopiles_odb10/prfl/4148at33634.prfl	91752	1574331627	
busco_downloads/lineages/stramenopiles_odb10/prfl/4166at33634.prfl	80130	1574331627	
busco_downloads/lineages/stramenopiles_odb10/prfl/4406at33634.prfl	85776	1574331627	
busco_downloads/lineages/stramenopiles_odb10/prfl/5074at33634.prfl	76096	1574331627	
busco_downloads/lineages/stramenopiles_odb10/prfl/5144at33634.prfl	75306	1574331627	
busco_downloads/lineages/stramenopiles_odb10/prfl/5145at33634.prfl	76861	1574331627	
busco_downloads/lineages/stramenopiles_odb10/prfl/5578at33634.prfl	70630	1574331627	
busco_downloads/lineages/stramenopiles_odb10/prfl/5960at33634.prfl	98570	1574331627	
busco_downloads/lineages/stramenopiles_odb10/prfl/5964at33634.prfl	68631	1574331626	
busco_downloads/lineages/stramenopiles_odb10/prfl/6366at33634.prfl	82076	1574331627	
busco_downloads/lineages/stramenopiles_odb10/prfl/6436at33634.prfl	72079	1574331627	
busco_downloads/lineages/stramenopiles_odb10/prfl/6684at33634.prfl	84342	1574331627	
busco_downloads/lineages/stramenopiles_odb10/prfl/6933at33634.prfl	70335	1574331627	
busco_downloads/lineages/stramenopiles_odb10/prfl/693at33634.prfl	172890	1574331627	
busco_downloads/lineages/stramenopiles_odb10/prfl/6981at33634.prfl	163433	1574331627	
busco_downloads/lineages/stramenopiles_odb10/prfl/6989at33634.prfl	75748	1574331627	
busco_downloads/lineages/stramenopiles_odb10/prfl/723at33634.prfl	149906	1574331626	
busco_downloads/lineages/stramenopiles_odb10/prfl/7485at33634.prfl	73226	1574331626	
busco_downloads/lineages/stramenopiles_odb10/prfl/8142at33634.prfl	51557	1574331627	
busco_downloads/lineages/stramenopiles_odb10/prfl/8760at33634.prfl	43316	1574331627	
busco_downloads/lineages/stramenopiles_odb10/prfl/8842at33634.prfl	64098	1574331627	
busco_downloads/lineages/stramenopiles_odb10/prfl/9201at33634.prfl	50688	1574331626	
busco_downloads/lineages/stramenopiles_odb10/prfl/9286at33634.prfl	72480	1574331627	
busco_downloads/lineages/stramenopiles_odb10/prfl/9297at33634.prfl	59387	1574331626	
busco_downloads/lineages/stramenopiles_odb10/prfl/9413at33634.prfl	62897	1574331626	
busco_downloads/lineages/stramenopiles_odb10/prfl/971at33634.prfl	169662	1574331627	
busco_downloads/lineages/stramenopiles_odb10/prfl/9731at33634.prfl	89120	1574331627	
busco_downloads/lineages/stramenopiles_odb10/prfl/9939at33634.prfl	84355	1574331627	
busco_downloads/lineages/stramenopiles_odb10/refseq_db.faa	565156	1786800965	
busco_downloads/lineages/stramenopiles_odb10/refseq_db.faa.gz.md5	100	1704720766	
busco_downloads/lineages/stramenopiles_odb10/scores_cutoff	2354	1574331626	
