Candidates: 2,063  already scored: 1,088
  [15:13:34] GCA_000825705.1  busco: starting ascomycota_odb10 on cds_from_genomic.fna (19.7 MB)...
  [15:13:34] GCF_010015735.1  busco: starting ascomycota_odb10 on cds_from_genomic.fna (23.4 MB)...
  [15:13:34] GCA_010015735.1  busco: starting ascomycota_odb10 on cds_from_genomic.fna (23.0 MB)...
  [15:13:34] GCA_033807595.1  busco: starting ascomycota_odb10 on cds_from_genomic.fna (14.1 MB)...
  [15:13:34] GCF_000300575.1  busco: starting basidiomycota_odb10 on cds_from_genomic.fna (17.0 MB)...
  [15:13:34] GCA_015484485.1  busco: starting basidiomycota_odb10 on cds_from_genomic.fna (25.8 MB)...
  [15:13:34] GCF_000300555.1  busco: starting basidiomycota_odb10 on cds_from_genomic.fna (17.7 MB)...
  [15:13:34] GCA_000300555.1  busco: starting basidiomycota_odb10 on cds_from_genomic.fna (17.4 MB)...
  [15:13:34] GCA_027627235.1  busco: starting basidiomycota_odb10 on cds_from_genomic.fna (19.6 MB)...
  [15:13:34] GCA_014872705.1  busco: starting basidiomycota_odb10 on cds_from_genomic.fna (20.3 MB)...
  [15:13:34] GCA_014904845.1  busco: starting ascomycota_odb10 on cds_from_genomic.fna (31.1 MB)...
  [15:13:34] GCF_028009165.1  busco: starting ascomycota_odb10 on cds_from_genomic.fna (20.8 MB)...
  [15:13:34] GCA_001653215.1  busco: starting ascomycota_odb10 on cds_from_genomic.fna (14.1 MB)...
  [15:13:34] GCA_028009165.1  busco: starting ascomycota_odb10 on cds_from_genomic.fna (20.1 MB)...
  [15:13:34] GCA_001592465.1  busco: starting ascomycota_odb10 on cds_from_genomic.fna (16.4 MB)...
  [15:13:34] GCA_001636795.1  busco: starting ascomycota_odb10 on cds_from_genomic.fna (18.5 MB)...
  [15:17:23] GCF_000300575.1  busco: completed in 229s (rc=0)
  [15:17:23] GCA_001691785.3  busco: starting basidiomycota_odb10 on cds_from_genomic.fna (26.5 MB)...
[15:17:24] [1/975] GCF_000300575.1  pass  C=94.1%  | rate=0.00/s  ETA=62.3h
  [15:17:54] GCF_000300555.1  busco: completed in 260s (rc=0)
  [15:17:54] GCA_001691775.3  busco: starting basidiomycota_odb10 on cds_from_genomic.fna (14.2 MB)...
[15:17:55] [2/975] GCF_000300555.1  pass  C=94.0%  | rate=0.01/s  ETA=35.3h
  [15:17:57] GCA_014872705.1  busco: completed in 263s (rc=0)
  [15:17:57] GCA_054369615.1  busco: starting basidiomycota_odb10 on cds_from_genomic.fna (23.7 MB)...
[15:17:58] [3/975] GCA_014872705.1  pass  C=96.5%  | rate=0.01/s  ETA=23.8h
  [15:18:20] GCA_033807595.1  busco: completed in 286s (rc=0)
  [15:18:20] GCA_000827485.1  busco: starting basidiomycota_odb10 on cds_from_genomic.fna (22.6 MB)...
[15:18:21] [4/975] GCA_033807595.1  pass  C=98.9%  | rate=0.01/s  ETA=19.4h
  [15:18:28] GCA_000300555.1  busco: completed in 294s (rc=0)
  [15:18:28] GCA_032173475.1  busco: starting basidiomycota_odb10 on cds_from_genomic.fna (14.9 MB)...
[15:18:30] [5/975] GCA_000300555.1  pass  C=94.0%  | rate=0.02/s  ETA=15.9h
  [15:18:58] GCA_015484485.1  busco: completed in 324s (rc=0)
  [15:18:59] GCA_001691755.2  busco: starting basidiomycota_odb10 on cds_from_genomic.fna (18.2 MB)...
[15:19:00] [6/975] GCA_015484485.1  pass  C=99.0%  | rate=0.02/s  ETA=14.6h
  [15:19:21] GCA_027627235.1  busco: completed in 347s (rc=0)
  [15:19:21] GCA_002554575.1  busco: starting basidiomycota_odb10 on cds_from_genomic.fna (16.2 MB)...
[15:19:22] [7/975] GCA_027627235.1  pass  C=80.3%  | rate=0.02/s  ETA=13.4h
  [15:19:31] GCA_001653215.1  busco: completed in 357s (rc=0)
  [15:19:31] GCA_010015725.1  busco: starting ascomycota_odb10 on cds_from_genomic.fna (23.9 MB)...
[15:19:32] [8/975] GCA_001653215.1  pass  C=79.7%  | rate=0.02/s  ETA=12.0h
  [15:20:09] GCF_010015735.1  busco: completed in 395s (rc=0)
  [15:20:09] GCF_003019875.1  busco: starting ascomycota_odb10 on cds_from_genomic.fna (16.0 MB)...
[15:20:11] [9/975] GCF_010015735.1  pass  C=98.8%  | rate=0.02/s  ETA=11.8h
  [15:20:47] GCA_014904845.1  busco: completed in 433s (rc=0)
  [15:20:47] GCA_003019875.1  busco: starting ascomycota_odb10 on cds_from_genomic.fna (15.7 MB)...
[15:20:48] [10/975] GCA_014904845.1  pass  C=99.3%  | rate=0.02/s  ETA=11.6h
  [15:20:59] GCA_010015735.1  busco: completed in 445s (rc=0)
  [15:20:59] GCA_010094095.1  busco: starting ascomycota_odb10 on cds_from_genomic.fna (17.8 MB)...
[15:21:00] [11/975] GCA_010015735.1  pass  C=98.9%  | rate=0.02/s  ETA=10.9h
  [15:21:06] GCA_028009165.1  busco: completed in 452s (rc=0)
  [15:21:06] GCA_019669835.1  busco: starting ascomycota_odb10 on cds_from_genomic.fna (19.4 MB)...
[15:21:07] [12/975] GCA_028009165.1  pass  C=98.6%  | rate=0.03/s  ETA=10.1h
  [15:21:07] GCA_001691775.3  busco: completed in 194s (rc=0)
  [15:21:07] GCA_022385825.1  busco: starting basidiomycota_odb10 on cds_from_genomic.fna (21.7 MB)...
[15:21:08] [13/975] GCA_001691775.3  pass  C=92.2%  | rate=0.03/s  ETA=9.3h
  [15:21:15] GCF_028009165.1  busco: completed in 461s (rc=0)
  [15:21:15] GCA_022836615.1  busco: starting ascomycota_odb10 on cds_from_genomic.fna (19.4 MB)...
[15:21:17] [14/975] GCF_028009165.1  pass  C=98.6%  | rate=0.03/s  ETA=8.8h
  [15:21:52] GCA_032173475.1  busco: completed in 203s (rc=0)
  [15:21:52] GCF_022496945.1  busco: starting ascomycota_odb10 on cds_from_genomic.fna (19.7 MB)...
  [15:21:53] GCA_001636795.1  busco: completed in 499s (rc=0)
  [15:21:53] GCA_022496945.1  busco: starting ascomycota_odb10 on cds_from_genomic.fna (19.4 MB)...
[15:21:53] [15/975] GCA_032173475.1  pass  C=96.2%  | rate=0.03/s  ETA=8.9h
[15:21:55] [16/975] GCA_001636795.1  pass  C=98.9%  | rate=0.03/s  ETA=8.3h
  [15:22:17] GCA_001592465.1  busco: completed in 523s (rc=0)
  [15:22:17] GCA_022695765.1  busco: starting ascomycota_odb10 on cds_from_genomic.fna (20.5 MB)...
[15:22:18] [17/975] GCA_001592465.1  pass  C=97.2%  | rate=0.03/s  ETA=8.2h
  [15:22:20] GCA_000825705.1  busco: completed in 526s (rc=0)
  [15:22:20] GCA_022496965.1  busco: starting ascomycota_odb10 on cds_from_genomic.fna (20.9 MB)...
[15:22:21] [18/975] GCA_000825705.1  pass  C=99.4%  | rate=0.03/s  ETA=7.8h
  [15:22:52] GCA_002554575.1  busco: completed in 211s (rc=0)
  [15:22:52] GCA_040104375.1  busco: starting ascomycota_odb10 on cds_from_genomic.fna (18.0 MB)...
[15:22:53] [19/975] GCA_002554575.1  pass  C=98.9%  | rate=0.03/s  ETA=7.8h
  [15:23:08] GCA_054369615.1  busco: completed in 312s (rc=0)
  [15:23:08] GCA_022695755.1  busco: starting ascomycota_odb10 on cds_from_genomic.fna (20.7 MB)...
[15:23:10] [20/975] GCA_054369615.1  pass  C=98.4%  | rate=0.03/s  ETA=7.6h
  [15:23:31] GCA_000827485.1  busco: completed in 311s (rc=0)
  [15:23:31] GCF_022578515.1  busco: starting ascomycota_odb10 on cds_from_genomic.fna (19.8 MB)...
[15:23:32] [21/975] GCA_000827485.1  pass  C=98.7%  | rate=0.04/s  ETA=7.5h
  [15:23:32] GCA_001691755.2  busco: completed in 274s (rc=0)
  [15:23:32] GCA_022578515.1  busco: starting ascomycota_odb10 on cds_from_genomic.fna (19.5 MB)...
[15:23:33] [22/975] GCA_001691755.2  pass  C=95.6%  | rate=0.04/s  ETA=7.2h
  [15:24:02] GCA_001691785.3  busco: completed in 399s (rc=0)
  [15:24:02] GCA_029218145.1  busco: starting ascomycota_odb10 on cds_from_genomic.fna (19.3 MB)...
[15:24:03] [23/975] GCA_001691785.3  pass  C=93.3%  | rate=0.04/s  ETA=7.2h
  [15:24:55] GCF_003019875.1  busco: completed in 286s (rc=0)
  [15:24:55] GCF_010093885.1  busco: starting ascomycota_odb10 on cds_from_genomic.fna (19.6 MB)...
[15:24:56] [24/975] GCF_003019875.1  pass  C=99.4%  | rate=0.04/s  ETA=7.5h
  [15:25:05] GCA_010015725.1  busco: completed in 335s (rc=0)
  [15:25:05] GCA_010093885.1  busco: starting ascomycota_odb10 on cds_from_genomic.fna (19.3 MB)...
[15:25:07] [25/975] GCA_010015725.1  pass  C=97.9%  | rate=0.04/s  ETA=7.3h
  [15:25:29] GCA_003019875.1  busco: completed in 282s (rc=0)
  [15:25:29] GCA_002307695.1  busco: starting basidiomycota_odb10 on cds_from_genomic.fna (33.6 MB)...
[15:25:30] [26/975] GCA_003019875.1  pass  C=99.4%  | rate=0.04/s  ETA=7.3h
  [15:25:31] GCA_022385825.1  busco: completed in 263s (rc=0)
  [15:25:31] GCA_002307675.1  busco: starting basidiomycota_odb10 on cds_from_genomic.fna (29.4 MB)...
[15:25:32] [27/975] GCA_022385825.1  pass  C=96.0%  | rate=0.04/s  ETA=7.0h
  [15:25:50] GCA_010094095.1  busco: completed in 291s (rc=0)
  [15:25:50] GCA_018855395.1  busco: starting basidiomycota_odb10 on cds_from_genomic.fna (22.4 MB)...
[15:25:51] [28/975] GCA_010094095.1  pass  C=98.1%  | rate=0.04/s  ETA=6.9h
  [15:27:02] GCA_022836615.1  busco: completed in 347s (rc=0)
  [15:27:02] GCA_022160305.1  busco: starting basidiomycota_odb10 on cds_from_genomic.fna (22.7 MB)...
[15:27:03] [29/975] GCA_022836615.1  pass  C=99.2%  | rate=0.04/s  ETA=7.3h
  [15:27:24] GCA_022496945.1  busco: completed in 331s (rc=0)
  [15:27:24] GCF_003184765.1  busco: starting ascomycota_odb10 on cds_from_genomic.fna (20.7 MB)...
[15:27:25] [30/975] GCA_022496945.1  pass  C=99.1%  | rate=0.04/s  ETA=7.3h
  [15:27:35] GCF_022496945.1  busco: completed in 343s (rc=0)
  [15:27:35] GCA_003184765.1  busco: starting ascomycota_odb10 on cds_from_genomic.fna (20.3 MB)...
[15:27:36] [31/975] GCF_022496945.1  pass  C=99.1%  | rate=0.04/s  ETA=7.1h
  [15:27:45] GCA_019669835.1  busco: completed in 400s (rc=0)
  [15:27:45] GCF_001890905.1  busco: starting ascomycota_odb10 on cds_from_genomic.fna (19.6 MB)...
[15:27:47] [32/975] GCA_019669835.1  pass  C=98.7%  | rate=0.04/s  ETA=7.0h
  [15:27:57] GCA_022695765.1  busco: completed in 341s (rc=0)
  [15:27:57] GCA_001890905.1  busco: starting ascomycota_odb10 on cds_from_genomic.fna (19.2 MB)...
[15:27:59] [33/975] GCA_022695765.1  pass  C=98.7%  | rate=0.04/s  ETA=6.9h
  [15:28:10] GCA_040104375.1  busco: completed in 319s (rc=0)
  [15:28:10] GCF_023601865.1  busco: starting ascomycota_odb10 on cds_from_genomic.fna (21.4 MB)...
[15:28:12] [34/975] GCA_040104375.1  pass  C=94.8%  | rate=0.04/s  ETA=6.7h
  [15:28:17] GCA_022496965.1  busco: completed in 357s (rc=0)
  [15:28:17] GCA_023601865.2  busco: starting ascomycota_odb10 on cds_from_genomic.fna (21.0 MB)...
[15:28:19] [35/975] GCA_022496965.1  pass  C=99.0%  | rate=0.04/s  ETA=6.6h
  [15:28:46] GCF_022578515.1  busco: completed in 315s (rc=0)
  [15:28:46] GCF_009176365.1  busco: starting ascomycota_odb10 on cds_from_genomic.fna (21.6 MB)...
[15:28:47] [36/975] GCF_022578515.1  pass  C=99.0%  | rate=0.04/s  ETA=6.6h
  [15:29:01] GCA_022578515.1  busco: completed in 328s (rc=0)
  [15:29:01] GCA_013421405.2  busco: starting ascomycota_odb10 on cds_from_genomic.fna (21.1 MB)...
[15:29:02] [37/975] GCA_022578515.1  pass  C=99.0%  | rate=0.04/s  ETA=6.5h
  [15:29:28] GCA_022695755.1  busco: completed in 380s (rc=0)
  [15:29:28] GCA_009176365.1  busco: starting ascomycota_odb10 on cds_from_genomic.fna (21.3 MB)...
[15:29:29] [38/975] GCA_022695755.1  pass  C=99.0%  | rate=0.04/s  ETA=6.5h
  [15:29:44] GCA_029218145.1  busco: completed in 342s (rc=0)
  [15:29:44] GCA_009193605.1  busco: starting ascomycota_odb10 on cds_from_genomic.fna (21.1 MB)...
[15:29:45] [39/975] GCA_029218145.1  pass  C=97.3%  | rate=0.04/s  ETA=6.5h
  [15:29:51] GCF_010093885.1  busco: completed in 295s (rc=0)
  [15:29:51] GCF_047715705.1  busco: starting ascomycota_odb10 on cds_from_genomic.fna (19.2 MB)...
[15:29:52] [40/975] GCF_010093885.1  pass  C=99.2%  | rate=0.04/s  ETA=6.4h
  [15:30:01] GCA_010093885.1  busco: completed in 296s (rc=0)
  [15:30:01] GCA_047715705.1  busco: starting ascomycota_odb10 on cds_from_genomic.fna (19.0 MB)...
[15:30:02] [41/975] GCA_010093885.1  pass  C=99.2%  | rate=0.04/s  ETA=6.3h
  [15:31:13] GCA_002307675.1  busco: completed in 342s (rc=0)
  [15:31:13] GCA_009193545.1  busco: starting ascomycota_odb10 on cds_from_genomic.fna (22.8 MB)...
[15:31:14] [42/975] GCA_002307675.1  pass  C=99.6%  | rate=0.04/s  ETA=6.5h
  [15:31:17] GCA_022160305.1  busco: completed in 254s (rc=0)
  [15:31:17] GCA_047715765.1  busco: starting ascomycota_odb10 on cds_from_genomic.fna (19.1 MB)...
[15:31:18] [43/975] GCA_022160305.1  pass  C=98.0%  | rate=0.04/s  ETA=6.4h
  [15:31:46] GCA_002307695.1  busco: completed in 377s (rc=0)
  [15:31:46] GCA_009193465.1  busco: starting ascomycota_odb10 on cds_from_genomic.fna (19.3 MB)...
[15:31:47] [44/975] GCA_002307695.1  pass  C=99.5%  | rate=0.04/s  ETA=6.4h
  [15:31:55] GCA_018855395.1  busco: completed in 365s (rc=0)
  [15:31:55] GCA_009193595.1  busco: starting ascomycota_odb10 on cds_from_genomic.fna (21.5 MB)...
[15:31:56] [45/975] GCA_018855395.1  pass  C=78.0%  | rate=0.04/s  ETA=6.3h
  [15:33:04] GCA_003184765.1  busco: completed in 330s (rc=0)
  [15:33:04] GCF_001889945.1  busco: starting ascomycota_odb10 on cds_from_genomic.fna (22.1 MB)...
[15:33:05] [46/975] GCA_003184765.1  pass  C=98.4%  | rate=0.04/s  ETA=6.6h
  [15:33:14] GCF_003184765.1  busco: completed in 349s (rc=0)
  [15:33:14] GCA_027924045.1  busco: starting ascomycota_odb10 on cds_from_genomic.fna (19.7 MB)...
[15:33:15] [47/975] GCF_003184765.1  pass  C=98.4%  | rate=0.04/s  ETA=6.5h
  [15:33:31] GCF_001890905.1  busco: completed in 345s (rc=0)
  [15:33:31] GCA_027924065.1  busco: starting ascomycota_odb10 on cds_from_genomic.fna (20.0 MB)...
[15:33:32] [48/975] GCF_001890905.1  pass  C=98.9%  | rate=0.04/s  ETA=6.4h
  [15:33:34] GCA_001890905.1  busco: completed in 337s (rc=0)
  [15:33:34] GCA_027924085.1  busco: starting ascomycota_odb10 on cds_from_genomic.fna (19.8 MB)...
[15:33:36] [49/975] GCA_001890905.1  pass  C=98.9%  | rate=0.04/s  ETA=6.3h
  [15:34:20] GCF_023601865.1  busco: completed in 370s (rc=0)
  [15:34:21] GCF_003184695.1  busco: starting ascomycota_odb10 on cds_from_genomic.fna (20.6 MB)...
[15:34:22] [50/975] GCF_023601865.1  pass  C=97.8%  | rate=0.04/s  ETA=6.4h
  [15:34:47] GCF_009176365.1  busco: completed in 361s (rc=0)
  [15:34:47] GCA_003184695.1  busco: starting ascomycota_odb10 on cds_from_genomic.fna (20.2 MB)...
[15:34:48] [51/975] GCF_009176365.1  pass  C=98.0%  | rate=0.04/s  ETA=6.4h
  [15:34:51] GCA_023601865.2  busco: completed in 394s (rc=0)
  [15:34:51] GCF_009193585.1  busco: starting ascomycota_odb10 on cds_from_genomic.fna (23.5 MB)...
[15:34:53] [52/975] GCA_023601865.2  pass  C=97.8%  | rate=0.04/s  ETA=6.3h
  [15:35:12] GCA_013421405.2  busco: completed in 371s (rc=0)
  [15:35:12] GCA_009193585.1  busco: starting ascomycota_odb10 on cds_from_genomic.fna (23.2 MB)...
[15:35:13] [53/975] GCA_013421405.2  pass  C=98.0%  | rate=0.04/s  ETA=6.3h
  [15:35:20] GCF_047715705.1  busco: completed in 330s (rc=0)
  [15:35:20] GCA_001511075.1  busco: starting ascomycota_odb10 on cds_from_genomic.fna (24.6 MB)...
[15:35:22] [54/975] GCF_047715705.1  pass  C=98.6%  | rate=0.04/s  ETA=6.2h
  [15:35:27] GCA_047715705.1  busco: completed in 326s (rc=0)
  [15:35:27] GCA_045785085.1  busco: starting ascomycota_odb10 on cds_from_genomic.fna (23.7 MB)...
[15:35:28] [55/975] GCA_047715705.1  pass  C=98.6%  | rate=0.04/s  ETA=6.1h
  [15:35:40] GCA_009193605.1  busco: completed in 356s (rc=0)
  [15:35:40] GCA_059056005.1  busco: starting ascomycota_odb10 on cds_from_genomic.fna (15.6 MB)...
[15:35:41] [56/975] GCA_009193605.1  pass  C=98.5%  | rate=0.04/s  ETA=6.1h
  [15:35:50] GCA_009176365.1  busco: completed in 382s (rc=0)
  [15:35:50] GCF_002847045.1  busco: starting ascomycota_odb10 on cds_from_genomic.fna (16.9 MB)...
[15:35:52] [57/975] GCA_009176365.1  pass  C=98.0%  | rate=0.04/s  ETA=6.0h
  [15:37:11] GCA_047715765.1  busco: completed in 354s (rc=0)
  [15:37:11] GCA_002847045.1  busco: starting ascomycota_odb10 on cds_from_genomic.fna (16.6 MB)...
[15:37:12] [58/975] GCA_047715765.1  pass  C=98.1%  | rate=0.04/s  ETA=6.2h
  [15:37:25] GCA_009193465.1  busco: completed in 339s (rc=0)
  [15:37:25] GCA_025688815.1  busco: starting ascomycota_odb10 on cds_from_genomic.fna (24.1 MB)...
[15:37:26] [59/975] GCA_009193465.1  pass  C=98.2%  | rate=0.04/s  ETA=6.2h
  [15:37:42] GCA_009193545.1  busco: completed in 389s (rc=0)
  [15:37:42] GCA_044048685.1  busco: starting ascomycota_odb10 on cds_from_genomic.fna (22.0 MB)...
[15:37:43] [60/975] GCA_009193545.1  pass  C=98.0%  | rate=0.04/s  ETA=6.1h
  [15:37:46] GCA_009193595.1  busco: completed in 352s (rc=0)
  [15:37:46] GCF_016861735.1  busco: starting ascomycota_odb10 on cds_from_genomic.fna (17.0 MB)...
[15:37:48] [61/975] GCA_009193595.1  pass  C=98.7%  | rate=0.04/s  ETA=6.1h
  [15:39:12] GCF_001889945.1  busco: completed in 368s (rc=0)
  [15:39:12] GCA_016861735.1  busco: starting ascomycota_odb10 on cds_from_genomic.fna (16.6 MB)...
[15:39:13] [62/975] GCF_001889945.1  pass  C=98.5%  | rate=0.04/s  ETA=6.3h
  [15:39:35] GCF_003184695.1  busco: completed in 314s (rc=0)
  [15:39:35] GCF_000002715.2  busco: starting ascomycota_odb10 on cds_from_genomic.fna (16.0 MB)...
[15:39:36] [63/975] GCF_003184695.1  pass  C=97.8%  | rate=0.04/s  ETA=6.3h
  [15:39:46] GCA_027924065.1  busco: completed in 376s (rc=0)
  [15:39:46] GCA_000002715.1  busco: starting ascomycota_odb10 on cds_from_genomic.fna (15.6 MB)...
[15:39:47] [64/975] GCA_027924065.1  pass  C=97.2%  | rate=0.04/s  ETA=6.2h
  [15:39:59] GCA_027924085.1  busco: completed in 385s (rc=0)
  [15:39:59] GCA_009193565.1  busco: starting ascomycota_odb10 on cds_from_genomic.fna (15.6 MB)...
[15:40:00] [65/975] GCA_027924085.1  pass  C=96.9%  | rate=0.04/s  ETA=6.2h
  [15:40:15] GCA_003184695.1  busco: completed in 328s (rc=0)
  [15:40:15] GCF_003184835.1  busco: starting ascomycota_odb10 on cds_from_genomic.fna (21.1 MB)...
[15:40:16] [66/975] GCA_003184695.1  pass  C=97.8%  | rate=0.04/s  ETA=6.1h
  [15:40:19] GCA_027924045.1  busco: completed in 425s (rc=0)
  [15:40:19] GCA_003184835.1  busco: starting ascomycota_odb10 on cds_from_genomic.fna (20.7 MB)...
[15:40:20] [67/975] GCA_027924045.1  pass  C=95.2%  | rate=0.04/s  ETA=6.0h
  [15:40:46] GCA_059056005.1  busco: completed in 306s (rc=0)
  [15:40:46] GCA_001717485.1  busco: starting ascomycota_odb10 on cds_from_genomic.fna (17.0 MB)...
[15:40:47] [68/975] GCA_059056005.1  pass  C=95.0%  | rate=0.04/s  ETA=6.1h
  [15:40:55] GCF_002847045.1  busco: completed in 304s (rc=0)
  [15:40:55] GCA_048571495.1  busco: starting ascomycota_odb10 on cds_from_genomic.fna (20.0 MB)...
[15:40:56] [69/975] GCF_002847045.1  pass  C=98.1%  | rate=0.04/s  ETA=6.0h
  [15:41:08] GCF_009193585.1  busco: completed in 377s (rc=0)
  [15:41:08] GCA_047715865.1  busco: starting ascomycota_odb10 on cds_from_genomic.fna (17.1 MB)...
[15:41:09] [70/975] GCF_009193585.1  pass  C=98.3%  | rate=0.04/s  ETA=5.9h
  [15:41:39] GCA_009193585.1  busco: completed in 386s (rc=0)
  [15:41:39] GCA_056321185.1  busco: starting ascomycota_odb10 on cds_from_genomic.fna (33.5 MB)...
[15:41:40] [71/975] GCA_009193585.1  pass  C=98.3%  | rate=0.04/s  ETA=6.0h
  [15:41:52] GCA_045785085.1  busco: completed in 386s (rc=0)
  [15:41:52] GCA_056320525.1  busco: starting ascomycota_odb10 on cds_from_genomic.fna (14.8 MB)...
[15:41:54] [72/975] GCA_045785085.1  pass  C=98.5%  | rate=0.04/s  ETA=5.9h
  [15:42:36] GCA_002847045.1  busco: completed in 325s (rc=0)
  [15:42:36] GCA_025688805.1  busco: starting ascomycota_odb10 on cds_from_genomic.fna (17.2 MB)...
[15:42:37] [73/975] GCA_002847045.1  pass  C=98.1%  | rate=0.04/s  ETA=6.0h
  [15:43:03] GCF_016861735.1  busco: completed in 317s (rc=0)
  [15:43:03] GCA_003184645.1  busco: starting ascomycota_odb10 on cds_from_genomic.fna (20.3 MB)...
[15:43:05] [74/975] GCF_016861735.1  pass  C=98.3%  | rate=0.04/s  ETA=6.0h
  [15:43:28] GCA_001511075.1  busco: completed in 487s (rc=0)
  [15:43:28] GCA_047715845.1  busco: starting ascomycota_odb10 on cds_from_genomic.fna (19.9 MB)...
[15:43:29] [75/975] GCA_001511075.1  pass  C=96.7%  | rate=0.04/s  ETA=6.0h
  [15:43:46] GCA_044048685.1  busco: completed in 364s (rc=0)
  [15:43:46] GCA_014281895.1  busco: starting ascomycota_odb10 on cds_from_genomic.fna (18.4 MB)...
  [15:43:47] GCA_025688815.1  busco: completed in 382s (rc=0)
  [15:43:47] GCA_014281915.1  busco: starting ascomycota_odb10 on cds_from_genomic.fna (18.6 MB)...
[15:43:48] [76/975] GCA_044048685.1  pass  C=98.4%  | rate=0.04/s  ETA=6.0h
[15:43:49] [77/975] GCA_025688815.1  pass  C=98.7%  | rate=0.04/s  ETA=5.9h
  [15:44:12] GCF_000002715.2  busco: completed in 277s (rc=0)
  [15:44:12] GCF_003184825.1  busco: starting ascomycota_odb10 on cds_from_genomic.fna (20.7 MB)...
[15:44:13] [78/975] GCF_000002715.2  pass  C=99.1%  | rate=0.04/s  ETA=5.9h
  [15:44:15] GCA_000002715.1  busco: completed in 268s (rc=0)
  [15:44:15] GCA_003184825.1  busco: starting ascomycota_odb10 on cds_from_genomic.fna (20.4 MB)...
[15:44:16] [79/975] GCA_000002715.1  pass  C=99.1%  | rate=0.04/s  ETA=5.8h
  [15:44:20] GCA_016861735.1  busco: completed in 308s (rc=0)
  [15:44:20] GCA_047715815.1  busco: starting ascomycota_odb10 on cds_from_genomic.fna (19.9 MB)...
[15:44:21] [80/975] GCA_016861735.1  pass  C=98.3%  | rate=0.04/s  ETA=5.7h
  [15:44:55] GCA_009193565.1  busco: completed in 297s (rc=0)
  [15:44:56] GCF_000149645.3  busco: starting ascomycota_odb10 on cds_from_genomic.fna (18.0 MB)...
[15:44:57] [81/975] GCA_009193565.1  pass  C=98.4%  | rate=0.04/s  ETA=5.8h
  [15:45:44] GCF_003184835.1  busco: completed in 329s (rc=0)
  [15:45:44] GCA_016748045.1  busco: starting ascomycota_odb10 on cds_from_genomic.fna (18.2 MB)...
[15:45:45] [82/975] GCF_003184835.1  pass  C=98.8%  | rate=0.04/s  ETA=5.8h
  [15:46:09] GCA_003184835.1  busco: completed in 350s (rc=0)
  [15:46:09] GCA_000149645.4  busco: starting ascomycota_odb10 on cds_from_genomic.fna (17.6 MB)...
[15:46:10] [83/975] GCA_003184835.1  pass  C=98.8%  | rate=0.04/s  ETA=5.8h
  [15:46:21] GCA_048571495.1  busco: completed in 327s (rc=0)
  [15:46:21] GCA_048565125.1  busco: starting ascomycota_odb10 on cds_from_genomic.fna (20.1 MB)...
  [15:46:22] GCA_001717485.1  busco: completed in 336s (rc=0)
  [15:46:22] GCF_047715535.1  busco: starting ascomycota_odb10 on cds_from_genomic.fna (19.5 MB)...
[15:46:23] [84/975] GCA_048571495.1  pass  C=98.0%  | rate=0.04/s  ETA=5.8h
[15:46:24] [85/975] GCA_001717485.1  pass  C=99.0%  | rate=0.04/s  ETA=5.7h
  [15:46:32] GCA_047715865.1  busco: completed in 324s (rc=0)
  [15:46:32] GCA_047715535.1  busco: starting ascomycota_odb10 on cds_from_genomic.fna (19.2 MB)...
[15:46:33] [86/975] GCA_047715865.1  pass  C=97.9%  | rate=0.04/s  ETA=5.7h
  [15:46:49] GCA_056320525.1  busco: completed in 296s (rc=0)
  [15:46:49] GCA_047715895.1  busco: starting ascomycota_odb10 on cds_from_genomic.fna (19.7 MB)...
[15:46:50] [87/975] GCA_056320525.1  pass  C=99.5%  | rate=0.04/s  ETA=5.7h
  [15:47:45] GCA_025688805.1  busco: completed in 309s (rc=0)
  [15:47:45] GCA_012656225.1  busco: starting ascomycota_odb10 on cds_from_genomic.fna (19.4 MB)...
[15:47:46] [88/975] GCA_025688805.1  pass  C=98.2%  | rate=0.04/s  ETA=5.7h
  [15:48:28] GCA_056321185.1  busco: completed in 409s (rc=0)
  [15:48:28] GCA_012656285.1  busco: starting ascomycota_odb10 on cds_from_genomic.fna (19.0 MB)...
[15:48:29] [89/975] GCA_056321185.1  pass  C=100.0%  | rate=0.04/s  ETA=5.8h
  [15:48:34] GCA_003184645.1  busco: completed in 331s (rc=0)
  [15:48:34] GCA_012656295.1  busco: starting ascomycota_odb10 on cds_from_genomic.fna (18.8 MB)...
[15:48:35] [90/975] GCA_003184645.1  pass  C=97.9%  | rate=0.04/s  ETA=5.7h
  [15:48:54] GCA_047715845.1  busco: completed in 327s (rc=0)
  [15:48:54] GCA_012656325.1  busco: starting ascomycota_odb10 on cds_from_genomic.fna (19.2 MB)...
[15:48:55] [91/975] GCA_047715845.1  pass  C=97.9%  | rate=0.04/s  ETA=5.7h
  [15:49:33] GCA_047715815.1  busco: completed in 313s (rc=0)
  [15:49:33] GCA_058970245.1  busco: starting ascomycota_odb10 on cds_from_genomic.fna (18.4 MB)...
[15:49:34] [92/975] GCA_047715815.1  pass  C=98.6%  | rate=0.04/s  ETA=5.8h
  [15:49:34] GCF_003184825.1  busco: completed in 322s (rc=0)
  [15:49:34] GCA_040142855.1  busco: starting ascomycota_odb10 on cds_from_genomic.fna (18.0 MB)...
  [15:49:35] GCA_014281915.1  busco: completed in 348s (rc=0)
  [15:49:35] GCA_001029325.1  busco: starting ascomycota_odb10 on cds_from_genomic.fna (16.7 MB)...
[15:49:36] [93/975] GCF_003184825.1  pass  C=98.4%  | rate=0.04/s  ETA=5.7h
[15:49:37] [94/975] GCA_014281915.1  pass  C=96.7%  | rate=0.04/s  ETA=5.6h
  [15:49:37] GCA_014281895.1  busco: completed in 351s (rc=0)
  [15:49:37] GCA_000731615.1  busco: starting ascomycota_odb10 on cds_from_genomic.fna (15.2 MB)...
[15:49:39] [95/975] GCA_014281895.1  pass  C=95.9%  | rate=0.04/s  ETA=5.6h
  [15:49:43] GCA_003184825.1  busco: completed in 328s (rc=0)
  [15:49:43] GCA_045785125.1  busco: starting ascomycota_odb10 on cds_from_genomic.fna (24.6 MB)...
[15:49:44] [96/975] GCA_003184825.1  pass  C=98.4%  | rate=0.04/s  ETA=5.5h
  [15:50:13] GCF_000149645.3  busco: completed in 318s (rc=0)
  [15:50:13] GCF_001890805.1  busco: starting ascomycota_odb10 on cds_from_genomic.fna (18.2 MB)...
[15:50:14] [97/975] GCF_000149645.3  pass  C=98.7%  | rate=0.04/s  ETA=5.5h
  [15:51:00] GCA_000149645.4  busco: completed in 292s (rc=0)
  [15:51:00] GCA_001890805.1  busco: starting ascomycota_odb10 on cds_from_genomic.fna (17.8 MB)...
[15:51:02] [98/975] GCA_000149645.4  pass  C=98.7%  | rate=0.04/s  ETA=5.6h
  [15:51:33] GCA_016748045.1  busco: completed in 349s (rc=0)
  [15:51:33] GCA_044048675.1  busco: starting ascomycota_odb10 on cds_from_genomic.fna (21.7 MB)...
[15:51:35] [99/975] GCA_016748045.1  pass  C=97.3%  | rate=0.04/s  ETA=5.6h
  [15:51:52] GCF_047715535.1  busco: completed in 330s (rc=0)
  [15:51:52] GCA_001696595.2  busco: starting ascomycota_odb10 on cds_from_genomic.fna (20.5 MB)...
[15:51:53] [100/975] GCF_047715535.1  pass  C=97.8%  | rate=0.04/s  ETA=5.6h
  [15:51:58] GCA_047715535.1  busco: completed in 326s (rc=0)
  [15:51:58] GCA_045784785.1  busco: starting ascomycota_odb10 on cds_from_genomic.fna (23.2 MB)...
[15:51:59] [101/975] GCA_047715535.1  pass  C=97.8%  | rate=0.04/s  ETA=5.5h
  [15:52:11] GCA_047715895.1  busco: completed in 322s (rc=0)
  [15:52:11] GCA_014281905.1  busco: starting ascomycota_odb10 on cds_from_genomic.fna (17.5 MB)...
[15:52:12] [102/975] GCA_047715895.1  pass  C=98.3%  | rate=0.04/s  ETA=5.5h
  [15:52:44] GCA_048565125.1  busco: completed in 383s (rc=0)
  [15:52:44] GCA_014281935.1  busco: starting ascomycota_odb10 on cds_from_genomic.fna (17.3 MB)...
[15:52:46] [103/975] GCA_048565125.1  pass  C=97.8%  | rate=0.04/s  ETA=5.5h
  [15:53:21] GCA_012656225.1  busco: completed in 336s (rc=0)
  [15:53:21] GCF_003184865.1  busco: starting ascomycota_odb10 on cds_from_genomic.fna (19.4 MB)...
[15:53:23] [104/975] GCA_012656225.1  pass  C=96.2%  | rate=0.04/s  ETA=5.6h
  [15:54:00] GCA_012656295.1  busco: completed in 327s (rc=0)
  [15:54:00] GCA_003184865.1  busco: starting ascomycota_odb10 on cds_from_genomic.fna (19.1 MB)...
[15:54:02] [105/975] GCA_012656295.1  pass  C=96.6%  | rate=0.04/s  ETA=5.6h
  [15:54:07] GCA_012656285.1  busco: completed in 339s (rc=0)
  [15:54:07] GCF_003184845.1  busco: starting ascomycota_odb10 on cds_from_genomic.fna (19.9 MB)...
[15:54:08] [106/975] GCA_012656285.1  pass  C=96.5%  | rate=0.04/s  ETA=5.5h
  [15:54:29] GCA_001029325.1  busco: completed in 294s (rc=0)
  [15:54:29] GCA_003184845.1  busco: starting ascomycota_odb10 on cds_from_genomic.fna (19.5 MB)...
[15:54:30] [107/975] GCA_001029325.1  pass  C=98.5%  | rate=0.04/s  ETA=5.5h
  [15:54:32] GCA_012656325.1  busco: completed in 338s (rc=0)
  [15:54:32] GCA_003184685.1  busco: starting ascomycota_odb10 on cds_from_genomic.fna (20.3 MB)...
[15:54:33] [108/975] GCA_012656325.1  pass  C=96.8%  | rate=0.04/s  ETA=5.5h
  [15:54:40] GCA_000731615.1  busco: completed in 303s (rc=0)
  [15:54:40] GCA_045784725.1  busco: starting ascomycota_odb10 on cds_from_genomic.fna (25.5 MB)...
  [15:54:40] GCA_058970245.1  busco: completed in 308s (rc=0)
  [15:54:41] GCF_003184785.1  busco: starting ascomycota_odb10 on cds_from_genomic.fna (20.7 MB)...
[15:54:41] [109/975] GCA_000731615.1  pass  C=94.5%  | rate=0.04/s  ETA=5.4h
[15:54:43] [110/975] GCA_058970245.1  pass  C=98.6%  | rate=0.04/s  ETA=5.4h
  [15:55:03] GCA_040142855.1  busco: completed in 329s (rc=0)
  [15:55:03] GCA_003184785.1  busco: starting ascomycota_odb10 on cds_from_genomic.fna (20.3 MB)...
[15:55:04] [111/975] GCA_040142855.1  pass  C=98.7%  | rate=0.04/s  ETA=5.4h
  [15:55:37] GCF_001890805.1  busco: completed in 323s (rc=0)
  [15:55:37] GCF_047715665.1  busco: starting ascomycota_odb10 on cds_from_genomic.fna (23.4 MB)...
[15:55:38] [112/975] GCF_001890805.1  pass  C=99.0%  | rate=0.04/s  ETA=5.4h
  [15:56:12] GCA_045785125.1  busco: completed in 389s (rc=0)
  [15:56:12] GCA_047715665.1  busco: starting ascomycota_odb10 on cds_from_genomic.fna (23.0 MB)...
[15:56:13] [113/975] GCA_045785125.1  pass  C=97.9%  | rate=0.04/s  ETA=5.4h
  [15:56:14] GCA_001890805.1  busco: completed in 313s (rc=0)
  [15:56:14] GCA_044089335.1  busco: starting ascomycota_odb10 on cds_from_genomic.fna (25.9 MB)...
[15:56:15] [114/975] GCA_001890805.1  pass  C=99.0%  | rate=0.04/s  ETA=5.4h
  [15:57:35] GCA_044048675.1  busco: completed in 361s (rc=0)
  [15:57:35] GCF_010724455.1  busco: starting ascomycota_odb10 on cds_from_genomic.fna (17.9 MB)...
[15:57:36] [115/975] GCA_044048675.1  pass  C=97.9%  | rate=0.04/s  ETA=5.5h
  [15:57:42] GCA_014281905.1  busco: completed in 332s (rc=0)
  [15:57:42] GCA_010723975.1  busco: starting ascomycota_odb10 on cds_from_genomic.fna (18.3 MB)...
[15:57:43] [116/975] GCA_014281905.1  pass  C=96.0%  | rate=0.04/s  ETA=5.4h
  [15:57:54] GCA_001696595.2  busco: completed in 362s (rc=0)
  [15:57:54] GCA_010724455.1  busco: starting ascomycota_odb10 on cds_from_genomic.fna (17.6 MB)...
[15:57:55] [117/975] GCA_001696595.2  pass  C=95.5%  | rate=0.04/s  ETA=5.4h
  [15:58:00] GCA_045784785.1  busco: completed in 362s (rc=0)
  [15:58:00] GCA_010724575.1  busco: starting ascomycota_odb10 on cds_from_genomic.fna (17.7 MB)...
[15:58:01] [118/975] GCA_045784785.1  pass  C=98.1%  | rate=0.04/s  ETA=5.4h
  [15:58:13] GCA_014281935.1  busco: completed in 329s (rc=0)
  [15:58:13] GCA_009176345.1  busco: starting ascomycota_odb10 on cds_from_genomic.fna (20.8 MB)...
[15:58:15] [119/975] GCA_014281935.1  pass  C=95.3%  | rate=0.04/s  ETA=5.4h
  [15:58:26] GCF_003184865.1  busco: completed in 305s (rc=0)
  [15:58:26] GCF_016861625.1  busco: starting ascomycota_odb10 on cds_from_genomic.fna (20.9 MB)...
[15:58:28] [120/975] GCF_003184865.1  pass  C=98.4%  | rate=0.04/s  ETA=5.3h
  [15:59:52] GCA_003184865.1  busco: completed in 352s (rc=0)
  [15:59:52] GCA_001890685.1  busco: starting ascomycota_odb10 on cds_from_genomic.fna (21.7 MB)...
[15:59:54] [121/975] GCA_003184865.1  pass  C=98.4%  | rate=0.04/s  ETA=5.4h
  [16:00:11] GCF_003184845.1  busco: completed in 364s (rc=0)
  [16:00:11] GCA_000239835.2  busco: starting ascomycota_odb10 on cds_from_genomic.fna (19.5 MB)...
[16:00:12] [122/975] GCF_003184845.1  pass  C=98.7%  | rate=0.04/s  ETA=5.4h
  [16:00:21] GCF_003184785.1  busco: completed in 341s (rc=0)
  [16:00:21] GCA_016861625.1  busco: starting ascomycota_odb10 on cds_from_genomic.fna (20.4 MB)...
[16:00:23] [123/975] GCF_003184785.1  pass  C=98.4%  | rate=0.04/s  ETA=5.4h
  [16:00:25] GCA_003184845.1  busco: completed in 356s (rc=0)
  [16:00:25] GCF_044049455.1  busco: starting ascomycota_odb10 on cds_from_genomic.fna (19.7 MB)...
[16:00:27] [124/975] GCA_003184845.1  pass  C=98.7%  | rate=0.04/s  ETA=5.4h
  [16:00:39] GCA_003184785.1  busco: completed in 336s (rc=0)
  [16:00:39] GCA_044049455.1  busco: starting ascomycota_odb10 on cds_from_genomic.fna (19.5 MB)...
[16:00:40] [125/975] GCA_003184785.1  pass  C=98.4%  | rate=0.04/s  ETA=5.3h
  [16:00:45] GCA_003184685.1  busco: completed in 373s (rc=0)
  [16:00:45] GCA_056320545.1  busco: starting ascomycota_odb10 on cds_from_genomic.fna (16.8 MB)...
[16:00:46] [126/975] GCA_003184685.1  pass  C=97.9%  | rate=0.04/s  ETA=5.3h
  [16:01:22] GCA_045784725.1  busco: completed in 402s (rc=0)
  [16:01:22] GCA_030674015.1  busco: starting ascomycota_odb10 on cds_from_genomic.fna (18.8 MB)...
[16:01:24] [127/975] GCA_045784725.1  pass  C=98.5%  | rate=0.04/s  ETA=5.3h
  [16:01:33] GCF_047715665.1  busco: completed in 357s (rc=0)
  [16:01:33] GCA_009176455.1  busco: starting ascomycota_odb10 on cds_from_genomic.fna (22.5 MB)...
[16:01:34] [128/975] GCF_047715665.1  pass  C=98.3%  | rate=0.04/s  ETA=5.3h
  [16:02:12] GCA_047715665.1  busco: completed in 360s (rc=0)
  [16:02:12] GCF_047715735.1  busco: starting ascomycota_odb10 on cds_from_genomic.fna (22.0 MB)...
[16:02:13] [129/975] GCA_047715665.1  pass  C=98.3%  | rate=0.04/s  ETA=5.3h
  [16:02:36] GCF_010724455.1  busco: completed in 301s (rc=0)
  [16:02:36] GCA_047715735.1  busco: starting ascomycota_odb10 on cds_from_genomic.fna (21.6 MB)...
[16:02:37] [130/975] GCF_010724455.1  pass  C=98.6%  | rate=0.04/s  ETA=5.3h
  [16:02:47] GCA_044089335.1  busco: completed in 393s (rc=0)
  [16:02:47] GCF_003369625.1  busco: starting ascomycota_odb10 on cds_from_genomic.fna (20.7 MB)...
[16:02:48] [131/975] GCA_044089335.1  pass  C=98.2%  | rate=0.04/s  ETA=5.3h
  [16:03:32] GCA_010723975.1  busco: completed in 350s (rc=0)
  [16:03:32] GCA_003369625.1  busco: starting ascomycota_odb10 on cds_from_genomic.fna (20.3 MB)...
[16:03:34] [132/975] GCA_010723975.1  pass  C=98.7%  | rate=0.04/s  ETA=5.3h
  [16:03:46] GCA_010724575.1  busco: completed in 346s (rc=0)
  [16:03:46] GCA_015844325.1  busco: starting ascomycota_odb10 on cds_from_genomic.fna (23.1 MB)...
[16:03:48] [133/975] GCA_010724575.1  pass  C=98.2%  | rate=0.04/s  ETA=5.3h
  [16:03:48] GCA_010724455.1  busco: completed in 355s (rc=0)
  [16:03:48] GCA_048626375.1  busco: starting ascomycota_odb10 on cds_from_genomic.fna (19.4 MB)...
[16:03:50] [134/975] GCA_010724455.1  pass  C=98.6%  | rate=0.04/s  ETA=5.3h
  [16:04:24] GCA_009176345.1  busco: completed in 370s (rc=0)
  [16:04:24] GCF_003184625.1  busco: starting ascomycota_odb10 on cds_from_genomic.fna (20.7 MB)...
[16:04:25] [135/975] GCA_009176345.1  pass  C=98.8%  | rate=0.04/s  ETA=5.3h
  [16:04:36] GCF_016861625.1  busco: completed in 370s (rc=0)
  [16:04:36] GCA_003184625.1  busco: starting ascomycota_odb10 on cds_from_genomic.fna (20.3 MB)...
[16:04:37] [136/975] GCF_016861625.1  pass  C=97.6%  | rate=0.04/s  ETA=5.2h
  [16:05:32] GCA_000239835.2  busco: completed in 321s (rc=0)
  [16:05:32] GCA_059491275.1  busco: starting ascomycota_odb10 on cds_from_genomic.fna (17.2 MB)...
[16:05:33] [137/975] GCA_000239835.2  pass  C=98.3%  | rate=0.04/s  ETA=5.3h
  [16:05:42] GCA_001890685.1  busco: completed in 350s (rc=0)
  [16:05:42] GCF_000011425.1  busco: starting ascomycota_odb10 on cds_from_genomic.fna (19.6 MB)...
[16:05:44] [138/975] GCA_001890685.1  pass  C=98.9%  | rate=0.04/s  ETA=5.3h
  [16:05:44] GCF_044049455.1  busco: completed in 318s (rc=0)
  [16:05:44] GCF_000149205.2  busco: starting ascomycota_odb10 on cds_from_genomic.fna (17.7 MB)...
[16:05:45] [139/975] GCF_044049455.1  pass  C=97.9%  | rate=0.04/s  ETA=5.2h
  [16:05:46] GCA_056320545.1  busco: completed in 301s (rc=0)
  [16:05:46] GCA_000011425.1  busco: starting ascomycota_odb10 on cds_from_genomic.fna (19.7 MB)...
[16:05:47] [140/975] GCA_056320545.1  pass  C=99.5%  | rate=0.04/s  ETA=5.2h
  [16:06:05] GCA_044049455.1  busco: completed in 326s (rc=0)
  [16:06:05] GCA_009176405.1  busco: starting ascomycota_odb10 on cds_from_genomic.fna (23.3 MB)...
[16:06:06] [141/975] GCA_044049455.1  pass  C=97.9%  | rate=0.04/s  ETA=5.2h
  [16:06:08] GCA_016861625.1  busco: completed in 347s (rc=0)
  [16:06:08] GCA_047715755.1  busco: starting ascomycota_odb10 on cds_from_genomic.fna (20.3 MB)...
[16:06:09] [142/975] GCA_016861625.1  pass  C=97.6%  | rate=0.05/s  ETA=5.1h
  [16:06:59] GCA_030674015.1  busco: completed in 336s (rc=0)
  [16:06:59] GCA_057808355.1  busco: starting ascomycota_odb10 on cds_from_genomic.fna (20.3 MB)...
[16:07:00] [143/975] GCA_030674015.1  pass  C=95.0%  | rate=0.04/s  ETA=5.2h
  [16:07:48] GCA_009176455.1  busco: completed in 375s (rc=0)
  [16:07:48] GCF_000184455.2  busco: starting ascomycota_odb10 on cds_from_genomic.fna (19.5 MB)...
[16:07:49] [144/975] GCA_009176455.1  pass  C=98.5%  | rate=0.04/s  ETA=5.2h
  [16:07:56] GCF_047715735.1  busco: completed in 344s (rc=0)
  [16:07:56] GCA_057808365.1  busco: starting ascomycota_odb10 on cds_from_genomic.fna (21.4 MB)...
[16:07:57] [145/975] GCF_047715735.1  pass  C=98.3%  | rate=0.04/s  ETA=5.2h
  [16:08:38] GCA_047715735.1  busco: completed in 362s (rc=0)
  [16:08:38] GCA_057913135.1  busco: starting ascomycota_odb10 on cds_from_genomic.fna (20.2 MB)...
[16:08:39] [146/975] GCA_047715735.1  pass  C=98.3%  | rate=0.04/s  ETA=5.2h
  [16:08:44] GCF_003369625.1  busco: completed in 358s (rc=0)
  [16:08:44] GCA_037075405.1  busco: starting ascomycota_odb10 on cds_from_genomic.fna (23.6 MB)...
[16:08:46] [147/975] GCF_003369625.1  pass  C=96.7%  | rate=0.04/s  ETA=5.2h
  [16:09:10] GCA_003369625.1  busco: completed in 337s (rc=0)
  [16:09:10] GCA_009176385.1  busco: starting ascomycota_odb10 on cds_from_genomic.fna (23.0 MB)...
[16:09:11] [148/975] GCA_003369625.1  pass  C=96.7%  | rate=0.04/s  ETA=5.2h
  [16:09:20] GCA_048626375.1  busco: completed in 332s (rc=0)
  [16:09:20] GCA_003344505.1  busco: starting ascomycota_odb10 on cds_from_genomic.fna (20.9 MB)...
[16:09:22] [149/975] GCA_048626375.1  pass  C=98.3%  | rate=0.04/s  ETA=5.2h
  [16:10:25] GCA_003184625.1  busco: completed in 349s (rc=0)
  [16:10:25] GCF_003184755.1  busco: starting ascomycota_odb10 on cds_from_genomic.fna (21.0 MB)...
[16:10:27] [150/975] GCA_003184625.1  pass  C=98.5%  | rate=0.04/s  ETA=5.2h
  [16:10:32] GCF_003184625.1  busco: completed in 368s (rc=0)
  [16:10:32] GCA_003184755.1  busco: starting ascomycota_odb10 on cds_from_genomic.fna (20.6 MB)...
[16:10:33] [151/975] GCF_003184625.1  pass  C=98.5%  | rate=0.04/s  ETA=5.2h
  [16:10:52] GCA_015844325.1  busco: completed in 426s (rc=0)
  [16:10:52] GCA_056320485.1  busco: starting ascomycota_odb10 on cds_from_genomic.fna (17.6 MB)...
[16:10:53] [152/975] GCA_015844325.1  pass  C=98.5%  | rate=0.04/s  ETA=5.2h
  [16:11:24] GCF_000011425.1  busco: completed in 342s (rc=0)
  [16:11:24] GCA_009193665.1  busco: starting ascomycota_odb10 on cds_from_genomic.fna (23.0 MB)...
[16:11:26] [153/975] GCF_000011425.1  pass  C=95.3%  | rate=0.04/s  ETA=5.2h
  [16:11:35] GCA_000011425.1  busco: completed in 349s (rc=0)
  [16:11:35] GCF_044049435.1  busco: starting ascomycota_odb10 on cds_from_genomic.fna (24.6 MB)...
[16:11:36] [154/975] GCA_000011425.1  pass  C=95.3%  | rate=0.04/s  ETA=5.2h
  [16:11:42] GCA_059491275.1  busco: completed in 370s (rc=0)
  [16:11:42] GCA_044049435.1  busco: starting ascomycota_odb10 on cds_from_genomic.fna (24.3 MB)...
[16:11:43] [155/975] GCA_059491275.1  pass  C=97.1%  | rate=0.04/s  ETA=5.1h
  [16:11:56] GCF_000149205.2  busco: completed in 372s (rc=0)
  [16:11:56] GCF_009193645.1  busco: starting ascomycota_odb10 on cds_from_genomic.fna (22.5 MB)...
[16:11:57] [156/975] GCF_000149205.2  pass  C=92.7%  | rate=0.04/s  ETA=5.1h
  [16:12:17] GCA_047715755.1  busco: completed in 370s (rc=0)
  [16:12:17] GCA_009176395.1  busco: starting ascomycota_odb10 on cds_from_genomic.fna (21.8 MB)...
[16:12:19] [157/975] GCA_047715755.1  pass  C=97.3%  | rate=0.04/s  ETA=5.1h
  [16:13:13] GCA_057808355.1  busco: completed in 374s (rc=0)
  [16:13:13] GCA_009193645.1  busco: starting ascomycota_odb10 on cds_from_genomic.fna (22.2 MB)...
[16:13:14] [158/975] GCA_057808355.1  pass  C=97.2%  | rate=0.04/s  ETA=5.1h
  [16:13:24] GCA_009176405.1  busco: completed in 440s (rc=0)
  [16:13:24] GCF_009193445.1  busco: starting ascomycota_odb10 on cds_from_genomic.fna (22.8 MB)...
[16:13:26] [159/975] GCA_009176405.1  pass  C=98.4%  | rate=0.04/s  ETA=5.1h
  [16:13:51] GCA_057808365.1  busco: completed in 355s (rc=0)
  [16:13:51] GCA_009193445.1  busco: starting ascomycota_odb10 on cds_from_genomic.fna (22.4 MB)...
[16:13:53] [160/975] GCA_057808365.1  pass  C=99.3%  | rate=0.04/s  ETA=5.1h
  [16:14:25] GCF_000184455.2  busco: completed in 397s (rc=0)
  [16:14:25] GCA_044049465.1  busco: starting ascomycota_odb10 on cds_from_genomic.fna (26.1 MB)...
[16:14:26] [161/975] GCF_000184455.2  pass  C=91.0%  | rate=0.04/s  ETA=5.1h
  [16:14:53] GCA_037075405.1  busco: completed in 368s (rc=0)
  [16:14:53] GCF_018340605.1  busco: starting ascomycota_odb10 on cds_from_genomic.fna (19.7 MB)...
[16:14:54] [162/975] GCA_037075405.1  pass  C=99.6%  | rate=0.04/s  ETA=5.1h
  [16:14:59] GCA_057913135.1  busco: completed in 381s (rc=0)
  [16:14:59] GCA_018340605.1  busco: starting ascomycota_odb10 on cds_from_genomic.fna (19.2 MB)...
[16:15:00] [163/975] GCA_057913135.1  pass  C=96.9%  | rate=0.04/s  ETA=5.1h
  [16:15:15] GCA_003344505.1  busco: completed in 355s (rc=0)
  [16:15:15] GCF_016861865.1  busco: starting ascomycota_odb10 on cds_from_genomic.fna (23.0 MB)...
[16:15:16] [164/975] GCA_003344505.1  pass  C=98.4%  | rate=0.04/s  ETA=5.1h
  [16:15:38] GCA_056320485.1  busco: completed in 286s (rc=0)
  [16:15:38] GCA_056320505.1  busco: starting ascomycota_odb10 on cds_from_genomic.fna (22.7 MB)...
[16:15:39] [165/975] GCA_056320485.1  pass  C=99.3%  | rate=0.04/s  ETA=5.1h
  [16:15:49] GCA_009176385.1  busco: completed in 399s (rc=0)
  [16:15:49] GCA_016861865.1  busco: starting ascomycota_odb10 on cds_from_genomic.fna (22.4 MB)...
[16:15:50] [166/975] GCA_009176385.1  pass  C=98.9%  | rate=0.04/s  ETA=5.1h
  [16:16:00] GCA_003184755.1  busco: completed in 328s (rc=0)
  [16:16:00] GCA_047715885.1  busco: starting ascomycota_odb10 on cds_from_genomic.fna (19.0 MB)...
[16:16:01] [167/975] GCA_003184755.1  pass  C=98.5%  | rate=0.04/s  ETA=5.0h
  [16:16:04] GCF_003184755.1  busco: completed in 338s (rc=0)
  [16:16:04] GCF_000600275.1  busco: starting ascomycota_odb10 on cds_from_genomic.fna (16.8 MB)...
[16:16:05] [168/975] GCF_003184755.1  pass  C=98.5%  | rate=0.04/s  ETA=5.0h
  [16:19:00] GCA_009193665.1  busco: completed in 455s (rc=0)
  [16:19:00] GCA_000600275.1  busco: starting ascomycota_odb10 on cds_from_genomic.fna (16.5 MB)...
[16:19:01] [169/975] GCA_009193665.1  pass  C=97.6%  | rate=0.04/s  ETA=5.2h
  [16:19:05] GCA_009176395.1  busco: completed in 408s (rc=0)
  [16:19:05] GCF_003184585.1  busco: starting ascomycota_odb10 on cds_from_genomic.fna (17.5 MB)...
[16:19:07] [170/975] GCA_009176395.1  pass  C=98.4%  | rate=0.04/s  ETA=5.2h
  [16:19:16] GCF_009193645.1  busco: completed in 440s (rc=0)
  [16:19:16] GCA_003184585.1  busco: starting ascomycota_odb10 on cds_from_genomic.fna (17.1 MB)...
[16:19:17] [171/975] GCF_009193645.1  pass  C=98.4%  | rate=0.04/s  ETA=5.1h
  [16:19:17] GCA_044049435.1  busco: completed in 455s (rc=0)
  [16:19:17] GCA_003184635.1  busco: starting ascomycota_odb10 on cds_from_genomic.fna (21.1 MB)...
[16:19:19] [172/975] GCA_044049435.1  pass  C=98.4%  | rate=0.04/s  ETA=5.1h
  [16:19:27] GCF_044049435.1  busco: completed in 472s (rc=0)
  [16:19:27] GCA_009193525.1  busco: starting ascomycota_odb10 on cds_from_genomic.fna (23.0 MB)...
[16:19:28] [173/975] GCF_044049435.1  pass  C=98.4%  | rate=0.04/s  ETA=5.1h
  [16:20:21] GCA_009193645.1  busco: completed in 428s (rc=0)
  [16:20:21] GCA_047715515.1  busco: starting ascomycota_odb10 on cds_from_genomic.fna (19.6 MB)...
[16:20:22] [174/975] GCA_009193645.1  pass  C=98.4%  | rate=0.04/s  ETA=5.1h
  [16:20:38] GCA_018340605.1  busco: completed in 339s (rc=0)
  [16:20:38] GCA_047715635.1  busco: starting ascomycota_odb10 on cds_from_genomic.fna (22.8 MB)...
[16:20:40] [175/975] GCA_018340605.1  pass  C=99.3%  | rate=0.04/s  ETA=5.1h
  [16:20:44] GCF_018340605.1  busco: completed in 351s (rc=0)
  [16:20:44] GCA_047715645.1  busco: starting ascomycota_odb10 on cds_from_genomic.fna (18.4 MB)...
[16:20:45] [176/975] GCF_018340605.1  pass  C=99.3%  | rate=0.04/s  ETA=5.1h
  [16:21:00] GCF_009193445.1  busco: completed in 455s (rc=0)
  [16:21:00] GCF_047715825.1  busco: starting ascomycota_odb10 on cds_from_genomic.fna (21.8 MB)...
[16:21:01] [177/975] GCF_009193445.1  pass  C=98.0%  | rate=0.04/s  ETA=5.1h
  [16:21:02] GCA_047715885.1  busco: completed in 302s (rc=0)
  [16:21:02] GCA_047715825.1  busco: starting ascomycota_odb10 on cds_from_genomic.fna (21.5 MB)...
[16:21:03] [178/975] GCA_047715885.1  pass  C=98.3%  | rate=0.04/s  ETA=5.0h
  [16:21:16] GCF_016861865.1  busco: completed in 361s (rc=0)
  [16:21:16] GCF_001890705.1  busco: starting ascomycota_odb10 on cds_from_genomic.fna (23.1 MB)...
[16:21:17] [179/975] GCF_016861865.1  pass  C=99.6%  | rate=0.04/s  ETA=5.0h
  [16:21:39] GCA_044049465.1  busco: completed in 434s (rc=0)
  [16:21:39] GCA_001890705.1  busco: starting ascomycota_odb10 on cds_from_genomic.fna (22.6 MB)...
[16:21:40] [180/975] GCA_044049465.1  pass  C=97.9%  | rate=0.04/s  ETA=5.0h
  [16:21:41] GCF_000600275.1  busco: completed in 337s (rc=0)
  [16:21:41] GCA_002850765.1  busco: starting ascomycota_odb10 on cds_from_genomic.fna (16.4 MB)...
[16:21:42] [181/975] GCF_000600275.1  pass  C=98.6%  | rate=0.04/s  ETA=5.0h
  [16:21:55] GCA_009193445.1  busco: completed in 483s (rc=0)
  [16:21:55] GCA_009193485.1  busco: starting ascomycota_odb10 on cds_from_genomic.fna (22.3 MB)...
[16:21:56] [182/975] GCA_009193445.1  pass  C=98.0%  | rate=0.04/s  ETA=5.0h
  [16:21:59] GCA_056320505.1  busco: completed in 381s (rc=0)
  [16:21:59] GCA_004798825.1  busco: starting ascomycota_odb10 on cds_from_genomic.fna (18.2 MB)...
[16:22:00] [183/975] GCA_056320505.1  pass  C=99.8%  | rate=0.04/s  ETA=4.9h
  [16:22:16] GCA_016861865.1  busco: completed in 387s (rc=0)
  [16:22:16] GCF_000149615.1  busco: starting ascomycota_odb10 on cds_from_genomic.fna (18.3 MB)...
[16:22:17] [184/975] GCA_016861865.1  pass  C=99.6%  | rate=0.04/s  ETA=4.9h
  [16:23:53] GCA_000600275.1  busco: completed in 293s (rc=0)
  [16:23:53] GCA_016808415.1  busco: starting ascomycota_odb10 on cds_from_genomic.fna (18.6 MB)...
[16:23:55] [185/975] GCA_000600275.1  pass  C=98.6%  | rate=0.04/s  ETA=5.0h
  [16:24:14] GCA_003184585.1  busco: completed in 299s (rc=0)
  [16:24:14] GCA_009014675.2  busco: starting ascomycota_odb10 on cds_from_genomic.fna (18.1 MB)...
[16:24:15] [186/975] GCA_003184585.1  pass  C=98.0%  | rate=0.04/s  ETA=5.0h
  [16:24:20] GCF_003184585.1  busco: completed in 315s (rc=0)
  [16:24:20] GCA_009932835.1  busco: starting ascomycota_odb10 on cds_from_genomic.fna (18.0 MB)...
[16:24:21] [187/975] GCF_003184585.1  pass  C=98.0%  | rate=0.04/s  ETA=5.0h
  [16:25:13] GCA_003184635.1  busco: completed in 356s (rc=0)
  [16:25:13] GCA_047715525.1  busco: starting ascomycota_odb10 on cds_from_genomic.fna (19.6 MB)...
[16:25:15] [188/975] GCA_003184635.1  pass  C=98.5%  | rate=0.04/s  ETA=5.0h
  [16:25:59] GCA_047715645.1  busco: completed in 316s (rc=0)
  [16:25:59] GCA_045791975.1  busco: starting ascomycota_odb10 on cds_from_genomic.fna (19.4 MB)...
[16:26:00] [189/975] GCA_047715645.1  pass  C=98.4%  | rate=0.04/s  ETA=5.0h
  [16:26:09] GCA_047715515.1  busco: completed in 348s (rc=0)
  [16:26:09] GCA_009193505.1  busco: starting ascomycota_odb10 on cds_from_genomic.fna (23.3 MB)...
[16:26:11] [190/975] GCA_047715515.1  pass  C=98.4%  | rate=0.04/s  ETA=5.0h
  [16:26:49] GCA_002850765.1  busco: completed in 309s (rc=0)
  [16:26:49] GCA_049803905.1  busco: starting ascomycota_odb10 on cds_from_genomic.fna (22.5 MB)...
  [16:26:50] GCA_009193525.1  busco: completed in 443s (rc=0)
  [16:26:50] GCF_013340325.1  busco: starting ascomycota_odb10 on cds_from_genomic.fna (20.4 MB)...
[16:26:51] [191/975] GCA_002850765.1  pass  C=98.1%  | rate=0.04/s  ETA=5.0h
[16:26:53] [192/975] GCA_009193525.1  pass  C=98.4%  | rate=0.04/s  ETA=5.0h
  [16:27:04] GCF_047715825.1  busco: completed in 364s (rc=0)
  [16:27:04] GCA_001890745.1  busco: starting ascomycota_odb10 on cds_from_genomic.fna (20.8 MB)...
[16:27:05] [193/975] GCF_047715825.1  pass  C=98.6%  | rate=0.04/s  ETA=5.0h
  [16:27:26] GCA_047715635.1  busco: completed in 408s (rc=0)
  [16:27:26] GCA_027923605.1  busco: starting ascomycota_odb10 on cds_from_genomic.fna (19.5 MB)...
  [16:27:27] GCA_047715825.1  busco: completed in 385s (rc=0)
  [16:27:27] GCF_001078395.1  busco: starting ascomycota_odb10 on cds_from_genomic.fna (19.1 MB)...
[16:27:28] [194/975] GCA_047715635.1  pass  C=98.4%  | rate=0.04/s  ETA=5.0h
[16:27:30] [195/975] GCA_047715825.1  pass  C=98.6%  | rate=0.04/s  ETA=4.9h
  [16:28:22] GCF_001890705.1  busco: completed in 427s (rc=0)
  [16:28:22] GCA_010724135.1  busco: starting ascomycota_odb10 on cds_from_genomic.fna (17.8 MB)...
[16:28:24] [196/975] GCF_001890705.1  pass  C=98.7%  | rate=0.04/s  ETA=5.0h
  [16:28:47] GCA_001890705.1  busco: completed in 428s (rc=0)
  [16:28:47] GCA_001078395.2  busco: starting ascomycota_odb10 on cds_from_genomic.fna (18.6 MB)...
  [16:28:48] GCF_000149615.1  busco: completed in 392s (rc=0)
  [16:28:48] GCA_010723835.1  busco: starting ascomycota_odb10 on cds_from_genomic.fna (19.2 MB)...
[16:28:48] [197/975] GCA_001890705.1  pass  C=98.7%  | rate=0.04/s  ETA=5.0h
[16:28:50] [198/975] GCF_000149615.1  pass  C=92.1%  | rate=0.04/s  ETA=4.9h
  [16:29:21] GCA_009193485.1  busco: completed in 446s (rc=0)
  [16:29:21] GCF_047715775.1  busco: starting ascomycota_odb10 on cds_from_genomic.fna (20.0 MB)...
[16:29:22] [199/975] GCA_009193485.1  pass  C=98.1%  | rate=0.04/s  ETA=4.9h
  [16:29:24] GCA_016808415.1  busco: completed in 331s (rc=0)
  [16:29:24] GCA_047715775.1  busco: starting ascomycota_odb10 on cds_from_genomic.fna (19.6 MB)...
[16:29:26] [200/975] GCA_016808415.1  pass  C=98.6%  | rate=0.04/s  ETA=4.9h
  [16:29:38] GCA_009014675.2  busco: completed in 323s (rc=0)
  [16:29:38] GCA_047715655.1  busco: starting ascomycota_odb10 on cds_from_genomic.fna (18.2 MB)...
[16:29:39] [201/975] GCA_009014675.2  pass  C=98.0%  | rate=0.04/s  ETA=4.9h
  [16:29:54] GCA_004798825.1  busco: completed in 475s (rc=0)
  [16:29:54] GCA_000812125.1  busco: starting ascomycota_odb10 on cds_from_genomic.fna (1.5 MB)...
[16:29:55] [202/975] GCA_004798825.1  pass  C=91.8%  | rate=0.04/s  ETA=4.9h
  [16:30:05] GCA_009932835.1  busco: completed in 345s (rc=0)
  [16:30:05] GCF_003184745.1  busco: starting ascomycota_odb10 on cds_from_genomic.fna (20.5 MB)...
[16:30:06] [203/975] GCA_009932835.1  pass  C=97.2%  | rate=0.04/s  ETA=4.9h
  [16:30:10] GCA_047715525.1  busco: completed in 297s (rc=0)
  [16:30:10] GCA_003184745.1  busco: starting ascomycota_odb10 on cds_from_genomic.fna (20.1 MB)...
[16:30:11] [204/975] GCA_047715525.1  pass  C=97.9%  | rate=0.04/s  ETA=4.8h
  [16:31:21] GCA_045791975.1  busco: completed in 322s (rc=0)
  [16:31:21] GCF_003184925.1  busco: starting ascomycota_odb10 on cds_from_genomic.fna (20.9 MB)...
[16:31:22] [205/975] GCA_045791975.1  pass  C=98.5%  | rate=0.04/s  ETA=4.9h
  [16:32:33] GCF_013340325.1  busco: completed in 343s (rc=0)
  [16:32:33] GCA_003184925.1  busco: starting ascomycota_odb10 on cds_from_genomic.fna (20.5 MB)...
[16:32:35] [206/975] GCF_013340325.1  pass  C=99.7%  | rate=0.04/s  ETA=4.9h
  [16:32:37] GCA_000812125.1  busco: completed in 163s (rc=0)
  [16:32:37] GCA_047715575.1  busco: starting ascomycota_odb10 on cds_from_genomic.fna (18.5 MB)...
[16:32:38] [207/975] GCA_000812125.1  fail  C=1.4%  | rate=0.04/s  ETA=4.9h
  [16:32:56] GCA_001890745.1  busco: completed in 352s (rc=0)
  [16:32:56] GCA_047715615.1  busco: starting ascomycota_odb10 on cds_from_genomic.fna (21.3 MB)...
[16:32:57] [208/975] GCA_001890745.1  pass  C=98.1%  | rate=0.04/s  ETA=4.9h
  [16:33:06] GCA_027923605.1  busco: completed in 340s (rc=0)
  [16:33:06] GCF_001890125.1  busco: starting ascomycota_odb10 on cds_from_genomic.fna (23.1 MB)...
[16:33:07] [209/975] GCA_027923605.1  pass  C=99.2%  | rate=0.04/s  ETA=4.9h
  [16:33:19] GCA_009193505.1  busco: completed in 429s (rc=0)
  [16:33:19] GCA_001890125.1  busco: starting ascomycota_odb10 on cds_from_genomic.fna (22.6 MB)...
[16:33:20] [210/975] GCA_009193505.1  pass  C=97.8%  | rate=0.04/s  ETA=4.8h
  [16:33:21] GCF_001078395.1  busco: completed in 354s (rc=0)
  [16:33:21] GCA_003184705.1  busco: starting ascomycota_odb10 on cds_from_genomic.fna (20.3 MB)...
  [16:33:22] GCA_049803905.1  busco: completed in 392s (rc=0)
  [16:33:22] GCF_018404265.1  busco: starting ascomycota_odb10 on cds_from_genomic.fna (17.6 MB)...
[16:33:22] [211/975] GCF_001078395.1  pass  C=99.1%  | rate=0.04/s  ETA=4.8h
[16:33:24] [212/975] GCA_049803905.1  pass  C=97.7%  | rate=0.04/s  ETA=4.8h
  [16:34:21] GCA_010724135.1  busco: completed in 358s (rc=0)
  [16:34:21] GCA_018404265.1  busco: starting ascomycota_odb10 on cds_from_genomic.fna (17.2 MB)...
[16:34:22] [213/975] GCA_010724135.1  pass  C=96.3%  | rate=0.04/s  ETA=4.8h
  [16:34:25] GCA_010723835.1  busco: completed in 337s (rc=0)
  [16:34:25] GCA_056321165.1  busco: starting ascomycota_odb10 on cds_from_genomic.fna (30.6 MB)...
[16:34:26] [214/975] GCA_010723835.1  pass  C=99.4%  | rate=0.04/s  ETA=4.8h
  [16:34:36] GCA_047715775.1  busco: completed in 312s (rc=0)
  [16:34:36] GCA_056320585.1  busco: starting ascomycota_odb10 on cds_from_genomic.fna (15.8 MB)...
[16:34:37] [215/975] GCA_047715775.1  pass  C=97.9%  | rate=0.04/s  ETA=4.8h
  [16:34:45] GCA_001078395.2  busco: completed in 358s (rc=0)
  [16:34:45] GCF_003344945.1  busco: starting ascomycota_odb10 on cds_from_genomic.fna (22.5 MB)...
[16:34:47] [216/975] GCA_001078395.2  pass  C=99.1%  | rate=0.04/s  ETA=4.8h
  [16:34:53] GCF_047715775.1  busco: completed in 332s (rc=0)
  [16:34:53] GCA_003344945.1  busco: starting ascomycota_odb10 on cds_from_genomic.fna (22.1 MB)...
[16:34:54] [217/975] GCF_047715775.1  pass  C=97.9%  | rate=0.04/s  ETA=4.7h
  [16:34:54] GCA_047715655.1  busco: completed in 317s (rc=0)
  [16:34:54] GCA_046000195.1  busco: starting ascomycota_odb10 on cds_from_genomic.fna (21.7 MB)...
[16:34:56] [218/975] GCA_047715655.1  pass  C=98.3%  | rate=0.04/s  ETA=4.7h
  [16:35:36] GCA_003184745.1  busco: completed in 326s (rc=0)
  [16:35:36] GCA_026184555.1  busco: starting ascomycota_odb10 on cds_from_genomic.fna (20.7 MB)...
[16:35:37] [219/975] GCA_003184745.1  pass  C=98.1%  | rate=0.04/s  ETA=4.7h
  [16:35:39] GCF_003184745.1  busco: completed in 335s (rc=0)
  [16:35:40] GCF_001890725.1  busco: starting ascomycota_odb10 on cds_from_genomic.fna (21.0 MB)...
[16:35:41] [220/975] GCF_003184745.1  pass  C=98.1%  | rate=0.04/s  ETA=4.7h
  [16:36:59] GCF_003184925.1  busco: completed in 338s (rc=0)
  [16:36:59] GCA_001890725.1  busco: starting ascomycota_odb10 on cds_from_genomic.fna (20.6 MB)...
[16:37:00] [221/975] GCF_003184925.1  pass  C=98.6%  | rate=0.04/s  ETA=4.7h
  [16:37:51] GCA_003184925.1  busco: completed in 318s (rc=0)
  [16:37:52] GCA_018282005.1  busco: starting basidiomycota_odb10 on cds_from_genomic.fna (14.3 MB)...
[16:37:53] [222/975] GCA_003184925.1  pass  C=98.6%  | rate=0.04/s  ETA=4.8h
  [16:38:08] GCA_047715575.1  busco: completed in 331s (rc=0)
  [16:38:08] GCA_022160275.1  busco: starting basidiomycota_odb10 on cds_from_genomic.fna (24.0 MB)...
[16:38:10] [223/975] GCA_047715575.1  pass  C=97.9%  | rate=0.04/s  ETA=4.8h
  [16:38:26] GCF_018404265.1  busco: completed in 304s (rc=0)
  [16:38:26] GCA_000469055.2  busco: starting basidiomycota_odb10 on cds_from_genomic.fna (107.0 MB)...
[16:38:27] [224/975] GCF_018404265.1  pass  C=99.4%  | rate=0.04/s  ETA=4.7h
  [16:38:40] GCA_047715615.1  busco: completed in 344s (rc=0)
  [16:38:40] GCF_000338955.1  busco: starting ascomycota_odb10 on cds_from_genomic.fna (16.0 MB)...
[16:38:41] [225/975] GCA_047715615.1  pass  C=97.6%  | rate=0.04/s  ETA=4.7h
  [16:39:03] GCA_003184705.1  busco: completed in 342s (rc=0)
  [16:39:03] GCA_000338955.1  busco: starting ascomycota_odb10 on cds_from_genomic.fna (15.7 MB)...
[16:39:04] [226/975] GCA_003184705.1  pass  C=98.3%  | rate=0.04/s  ETA=4.7h
  [16:39:09] GCA_018404265.1  busco: completed in 288s (rc=0)
  [16:39:09] GCA_053540845.1  busco: starting ascomycota_odb10 on cds_from_genomic.fna (16.8 MB)...
[16:39:10] [227/975] GCA_018404265.1  pass  C=99.4%  | rate=0.04/s  ETA=4.7h
  [16:39:18] GCA_056320585.1  busco: completed in 282s (rc=0)
  [16:39:18] GCA_038367545.1  busco: starting ascomycota_odb10 on cds_from_genomic.fna (17.9 MB)...
[16:39:19] [228/975] GCA_056320585.1  pass  C=99.4%  | rate=0.04/s  ETA=4.7h
  [16:39:23] GCF_001890125.1  busco: completed in 377s (rc=0)
  [16:39:23] GCA_053540825.1  busco: starting ascomycota_odb10 on cds_from_genomic.fna (16.3 MB)...
  [16:39:24] GCA_001890125.1  busco: completed in 366s (rc=0)
  [16:39:24] GCA_001636735.1  busco: starting ascomycota_odb10 on cds_from_genomic.fna (16.3 MB)...
[16:39:25] [229/975] GCF_001890125.1  pass  C=98.6%  | rate=0.04/s  ETA=4.7h
[16:39:26] [230/975] GCA_001890125.1  pass  C=98.6%  | rate=0.04/s  ETA=4.6h
  [16:41:01] GCF_003344945.1  busco: completed in 376s (rc=0)
  [16:41:01] GCA_053540745.1  busco: starting ascomycota_odb10 on cds_from_genomic.fna (16.3 MB)...
[16:41:03] [231/975] GCF_003344945.1  pass  C=97.6%  | rate=0.04/s  ETA=4.7h
  [16:41:06] GCA_003344945.1  busco: completed in 373s (rc=0)
  [16:41:06] GCA_053540725.1  busco: starting ascomycota_odb10 on cds_from_genomic.fna (16.6 MB)...
[16:41:07] [232/975] GCA_003344945.1  pass  C=97.6%  | rate=0.04/s  ETA=4.7h
  [16:41:18] GCF_001890725.1  busco: completed in 339s (rc=0)
  [16:41:18] GCA_053539385.1  busco: starting ascomycota_odb10 on cds_from_genomic.fna (17.2 MB)...
[16:41:19] [233/975] GCF_001890725.1  pass  C=98.7%  | rate=0.04/s  ETA=4.7h
  [16:41:38] GCA_018282005.1  busco: completed in 226s (rc=0)
  [16:41:38] GCA_053539405.1  busco: starting ascomycota_odb10 on cds_from_genomic.fna (17.1 MB)...
[16:41:39] [234/975] GCA_018282005.1  pass  C=83.0%  | rate=0.04/s  ETA=4.6h
  [16:41:44] GCA_046000195.1  busco: completed in 410s (rc=0)
  [16:41:44] GCA_053539345.1  busco: starting ascomycota_odb10 on cds_from_genomic.fna (17.2 MB)...
[16:41:45] [235/975] GCA_046000195.1  pass  C=96.6%  | rate=0.04/s  ETA=4.6h
  [16:41:55] GCA_026184555.1  busco: completed in 379s (rc=0)
  [16:41:55] GCA_053539365.1  busco: starting ascomycota_odb10 on cds_from_genomic.fna (16.7 MB)...
[16:41:56] [236/975] GCA_026184555.1  pass  C=96.6%  | rate=0.04/s  ETA=4.6h
  [16:42:48] GCA_022160275.1  busco: completed in 280s (rc=0)
  [16:42:48] GCA_057190295.1  busco: starting ascomycota_odb10 on cds_from_genomic.fna (16.8 MB)...
[16:42:49] [237/975] GCA_022160275.1  pass  C=97.9%  | rate=0.04/s  ETA=4.6h
  [16:42:55] GCA_001890725.1  busco: completed in 356s (rc=0)
  [16:42:55] GCA_053539325.1  busco: starting ascomycota_odb10 on cds_from_genomic.fna (17.0 MB)...
[16:42:56] [238/975] GCA_001890725.1  pass  C=98.7%  | rate=0.04/s  ETA=4.6h
  [16:43:09] GCF_000338955.1  busco: completed in 269s (rc=0)
  [16:43:09] GCA_053539305.1  busco: starting ascomycota_odb10 on cds_from_genomic.fna (17.0 MB)...
[16:43:10] [239/975] GCF_000338955.1  pass  C=96.6%  | rate=0.04/s  ETA=4.6h
  [16:43:44] GCA_000338955.1  busco: completed in 282s (rc=0)
  [16:43:44] GCA_053539275.1  busco: starting ascomycota_odb10 on cds_from_genomic.fna (16.7 MB)...
  [16:43:45] GCA_053540825.1  busco: completed in 262s (rc=0)
  [16:43:45] GCA_010015655.1  busco: starting ascomycota_odb10 on cds_from_genomic.fna (23.8 MB)...
[16:43:46] [240/975] GCA_000338955.1  pass  C=96.6%  | rate=0.04/s  ETA=4.6h
[16:43:47] [241/975] GCA_053540825.1  pass  C=98.6%  | rate=0.04/s  ETA=4.6h
  [16:43:49] GCA_038367545.1  busco: completed in 271s (rc=0)
  [16:43:49] GCA_022695795.1  busco: starting ascomycota_odb10 on cds_from_genomic.fna (19.4 MB)...
[16:43:50] [242/975] GCA_038367545.1  pass  C=98.6%  | rate=0.04/s  ETA=4.6h
  [16:43:51] GCA_053540845.1  busco: completed in 282s (rc=0)
  [16:43:51] GCA_022478735.1  busco: starting ascomycota_odb10 on cds_from_genomic.fna (18.6 MB)...
[16:43:52] [243/975] GCA_053540845.1  pass  C=99.0%  | rate=0.04/s  ETA=4.5h
  [16:43:58] GCA_001636735.1  busco: completed in 274s (rc=0)
  [16:43:58] GCA_022478745.1  busco: starting ascomycota_odb10 on cds_from_genomic.fna (18.6 MB)...
[16:43:59] [244/975] GCA_001636735.1  pass  C=97.8%  | rate=0.04/s  ETA=4.5h
  [16:44:50] GCA_056321165.1  busco: completed in 625s (rc=0)
  [16:44:50] GCA_018856295.1  busco: starting basidiomycota_odb10 on cds_from_genomic.fna (16.4 MB)...
[16:44:52] [245/975] GCA_056321165.1  pass  C=96.4%  | rate=0.04/s  ETA=4.5h
  [16:45:38] GCA_053539385.1  busco: completed in 260s (rc=0)
  [16:45:39] GCA_004802705.1  busco: starting basidiomycota_odb10 on cds_from_genomic.fna (18.9 MB)...
[16:45:40] [246/975] GCA_053539385.1  pass  C=99.0%  | rate=0.04/s  ETA=4.5h
  [16:45:52] GCA_053540745.1  busco: completed in 290s (rc=0)
  [16:45:52] GCA_000697705.1  busco: starting basidiomycota_odb10 on cds_from_genomic.fna (24.1 MB)...
[16:45:53] [247/975] GCA_053540745.1  pass  C=98.7%  | rate=0.04/s  ETA=4.5h
  [16:46:04] GCA_053540725.1  busco: completed in 298s (rc=0)
  [16:46:04] GCA_004379285.1  busco: starting ascomycota_odb10 on cds_from_genomic.fna (19.7 MB)...
[16:46:06] [248/975] GCA_053540725.1  pass  C=98.7%  | rate=0.04/s  ETA=4.5h
  [16:46:19] GCA_053539405.1  busco: completed in 281s (rc=0)
  [16:46:19] GCA_004786275.1  busco: starting ascomycota_odb10 on cds_from_genomic.fna (20.1 MB)...
[16:46:20] [249/975] GCA_053539405.1  pass  C=98.9%  | rate=0.04/s  ETA=4.5h
  [16:46:25] GCA_053539345.1  busco: completed in 281s (rc=0)
  [16:46:25] GCA_004786225.1  busco: starting ascomycota_odb10 on cds_from_genomic.fna (19.1 MB)...
[16:46:26] [250/975] GCA_053539345.1  pass  C=98.5%  | rate=0.04/s  ETA=4.5h
  [16:46:45] GCA_053539365.1  busco: completed in 290s (rc=0)
  [16:46:45] GCA_010015675.1  busco: starting ascomycota_odb10 on cds_from_genomic.fna (24.3 MB)...
[16:46:46] [251/975] GCA_053539365.1  pass  C=96.0%  | rate=0.04/s  ETA=4.5h
  [16:47:36] GCA_057190295.1  busco: completed in 288s (rc=0)
  [16:47:36] GCA_003073865.1  busco: starting ascomycota_odb10 on cds_from_genomic.fna (33.8 MB)...
[16:47:38] [252/975] GCA_057190295.1  pass  C=98.5%  | rate=0.04/s  ETA=4.5h
  [16:47:38] GCA_053539305.1  busco: completed in 269s (rc=0)
  [16:47:38] GCA_019669825.1  busco: starting ascomycota_odb10 on cds_from_genomic.fna (15.3 MB)...
  [16:47:39] GCA_053539325.1  busco: completed in 284s (rc=0)
  [16:47:39] GCA_022578605.1  busco: starting ascomycota_odb10 on cds_from_genomic.fna (20.2 MB)...
[16:47:39] [253/975] GCA_053539305.1  pass  C=99.0%  | rate=0.04/s  ETA=4.5h
[16:47:41] [254/975] GCA_053539325.1  pass  C=99.1%  | rate=0.04/s  ETA=4.5h
  [16:48:22] GCA_022478735.1  busco: completed in 271s (rc=0)
  [16:48:22] GCA_055944365.1  busco: starting basidiomycota_odb10 on cds_from_genomic.fna (27.2 MB)...
[16:48:23] [255/975] GCA_022478735.1  pass  C=98.8%  | rate=0.04/s  ETA=4.5h
  [16:48:23] GCA_053539275.1  busco: completed in 279s (rc=0)
  [16:48:23] GCA_027579765.1  busco: starting basidiomycota_odb10 on cds_from_genomic.fna (16.3 MB)...
[16:48:25] [256/975] GCA_053539275.1  pass  C=98.8%  | rate=0.04/s  ETA=4.4h
  [16:48:48] GCA_022478745.1  busco: completed in 289s (rc=0)
  [16:48:48] GCA_027579435.1  busco: starting basidiomycota_odb10 on cds_from_genomic.fna (27.2 MB)...
[16:48:49] [257/975] GCA_022478745.1  pass  C=98.9%  | rate=0.04/s  ETA=4.4h
  [16:49:08] GCA_018856295.1  busco: completed in 258s (rc=0)
  [16:49:08] GCA_900312665.1  busco: starting ascomycota_odb10 on cds_from_genomic.fna (18.1 MB)...
[16:49:10] [258/975] GCA_018856295.1  pass  C=77.9%  | rate=0.04/s  ETA=4.4h
  [16:49:10] GCA_010015655.1  busco: completed in 325s (rc=0)
  [16:49:10] GCA_019677355.1  busco: starting basidiomycota_odb10 on cds_from_genomic.fna (18.0 MB)...
[16:49:12] [259/975] GCA_010015655.1  pass  C=99.2%  | rate=0.05/s  ETA=4.4h
  [16:49:24] GCA_022695795.1  busco: completed in 335s (rc=0)
  [16:49:24] GCA_019677385.1  busco: starting basidiomycota_odb10 on cds_from_genomic.fna (22.2 MB)...
[16:49:25] [260/975] GCA_022695795.1  pass  C=98.7%  | rate=0.05/s  ETA=4.4h
  [16:50:06] GCA_004802705.1  busco: completed in 268s (rc=0)
  [16:50:06] GCA_019616325.1  busco: starting basidiomycota_odb10 on cds_from_genomic.fna (25.5 MB)...
[16:50:08] [261/975] GCA_004802705.1  pass  C=89.7%  | rate=0.05/s  ETA=4.4h
  [16:50:08] GCA_000697705.1  busco: completed in 256s (rc=0)
  [16:50:08] GCA_019616345.1  busco: starting basidiomycota_odb10 on cds_from_genomic.fna (31.8 MB)...
[16:50:09] [262/975] GCA_000697705.1  pass  C=99.4%  | rate=0.05/s  ETA=4.4h
  [16:51:54] GCA_004786275.1  busco: completed in 335s (rc=0)
  [16:51:54] GCA_019616945.1  busco: starting basidiomycota_odb10 on cds_from_genomic.fna (19.7 MB)...
[16:51:56] [263/975] GCA_004786275.1  pass  C=98.7%  | rate=0.04/s  ETA=4.4h
  [16:52:19] GCA_019669825.1  busco: completed in 281s (rc=0)
  [16:52:19] GCA_019616915.1  busco: starting basidiomycota_odb10 on cds_from_genomic.fna (21.8 MB)...
[16:52:20] [264/975] GCA_019669825.1  pass  C=99.1%  | rate=0.04/s  ETA=4.4h
  [16:52:21] GCA_004379285.1  busco: completed in 377s (rc=0)
  [16:52:21] GCA_019623705.1  busco: starting basidiomycota_odb10 on cds_from_genomic.fna (35.0 MB)...
[16:52:23] [265/975] GCA_004379285.1  pass  C=95.6%  | rate=0.04/s  ETA=4.4h
  [16:52:56] GCA_022578605.1  busco: completed in 317s (rc=0)
  [16:52:56] GCA_016906575.1  busco: starting basidiomycota_odb10 on cds_from_genomic.fna (52.8 MB)...
[16:52:57] [266/975] GCA_022578605.1  pass  C=99.0%  | rate=0.04/s  ETA=4.4h
  [16:53:17] GCA_004786225.1  busco: completed in 412s (rc=0)
  [16:53:17] GCA_016906555.1  busco: starting basidiomycota_odb10 on cds_from_genomic.fna (26.0 MB)...
[16:53:19] [267/975] GCA_004786225.1  pass  C=92.2%  | rate=0.04/s  ETA=4.4h
  [16:53:23] GCA_010015675.1  busco: completed in 398s (rc=0)
  [16:53:23] GCA_015039395.1  busco: starting basidiomycota_odb10 on cds_from_genomic.fna (27.4 MB)...
  [16:53:23] GCA_027579765.1  busco: completed in 299s (rc=0)
  [16:53:23] GCA_019677335.1  busco: starting basidiomycota_odb10 on cds_from_genomic.fna (22.8 MB)...
[16:53:24] [268/975] GCA_010015675.1  pass  C=98.3%  | rate=0.04/s  ETA=4.4h
[16:53:26] [269/975] GCA_027579765.1  pass  C=65.9%  | rate=0.04/s  ETA=4.4h
  [16:54:27] GCA_900312665.1  busco: completed in 319s (rc=0)
  [16:54:27] GCA_042258205.1  busco: starting ascomycota_odb10 on cds_from_genomic.fna (12.7 MB)...
[16:54:28] [270/975] GCA_900312665.1  pass  C=97.9%  | rate=0.04/s  ETA=4.4h
  [16:54:37] GCA_055944365.1  busco: completed in 375s (rc=0)
  [16:54:37] GCA_002276475.2  busco: starting ascomycota_odb10 on cds_from_genomic.fna (17.8 MB)...
[16:54:38] [271/975] GCA_055944365.1  pass  C=92.8%  | rate=0.04/s  ETA=4.4h
  [16:54:42] GCA_000469055.2  busco: completed in 976s (rc=0)
  [16:54:42] GCA_025890175.1  busco: starting ascomycota_odb10 on cds_from_genomic.fna (19.8 MB)...
[16:54:43] [272/975] GCA_000469055.2  pass  C=90.0%  | rate=0.04/s  ETA=4.4h
  [16:54:49] GCA_019677355.1  busco: completed in 338s (rc=0)
  [16:54:49] GCA_036429605.1  busco: starting ascomycota_odb10 on cds_from_genomic.fna (21.0 MB)...
[16:54:50] [273/975] GCA_019677355.1  pass  C=72.7%  | rate=0.04/s  ETA=4.3h
  [16:56:06] GCA_027579435.1  busco: completed in 439s (rc=0)
  [16:56:06] GCA_010015635.1  busco: starting ascomycota_odb10 on cds_from_genomic.fna (20.4 MB)...
[16:56:08] [274/975] GCA_027579435.1  pass  C=80.5%  | rate=0.04/s  ETA=4.4h
  [16:56:21] GCA_019677385.1  busco: completed in 417s (rc=0)
  [16:56:21] GCA_015039315.1  busco: starting basidiomycota_odb10 on cds_from_genomic.fna (23.0 MB)...
[16:56:22] [275/975] GCA_019677385.1  pass  C=66.5%  | rate=0.04/s  ETA=4.4h
  [16:56:36] GCA_003073865.1  busco: completed in 539s (rc=0)
  [16:56:36] GCA_902006505.2  busco: starting ascomycota_odb10 on cds_from_genomic.fna (30.5 MB)...
[16:56:37] [276/975] GCA_003073865.1  pass  C=98.8%  | rate=0.04/s  ETA=4.3h
  [16:56:57] GCA_019616945.1  busco: completed in 303s (rc=0)
  [16:56:57] GCA_037952775.1  busco: starting ascomycota_odb10 on cds_from_genomic.fna (31.0 MB)...
[16:56:59] [277/975] GCA_019616945.1  pass  C=83.2%  | rate=0.04/s  ETA=4.3h
  [16:57:58] GCA_015039395.1  busco: completed in 276s (rc=0)
  [16:57:58] GCA_902074915.1  busco: starting ascomycota_odb10 on cds_from_genomic.fna (30.8 MB)...
[16:58:00] [278/975] GCA_015039395.1  pass  C=98.6%  | rate=0.04/s  ETA=4.4h
  [16:58:20] GCA_042258205.1  busco: completed in 233s (rc=0)
  [16:58:20] GCA_902077795.2  busco: starting ascomycota_odb10 on cds_from_genomic.fna (30.6 MB)...
[16:58:21] [279/975] GCA_042258205.1  pass  C=97.2%  | rate=0.04/s  ETA=4.4h
  [16:58:24] GCA_019616325.1  busco: completed in 498s (rc=0)
  [16:58:24] GCA_003369635.1  busco: starting ascomycota_odb10 on cds_from_genomic.fna (23.0 MB)...
[16:58:25] [280/975] GCA_019616325.1  pass  C=65.6%  | rate=0.04/s  ETA=4.3h
  [16:58:46] GCA_019616915.1  busco: completed in 387s (rc=0)
  [16:58:46] GCA_003369665.1  busco: starting ascomycota_odb10 on cds_from_genomic.fna (24.9 MB)...
[16:58:47] [281/975] GCA_019616915.1  pass  C=73.9%  | rate=0.04/s  ETA=4.3h
  [16:59:34] GCA_016906555.1  busco: completed in 376s (rc=0)
  [16:59:34] GCA_015584075.1  busco: starting basidiomycota_odb10 on cds_from_genomic.fna (22.3 MB)...
[16:59:35] [282/975] GCA_016906555.1  pass  C=87.8%  | rate=0.04/s  ETA=4.3h
  [16:59:43] GCA_019616345.1  busco: completed in 575s (rc=0)
  [16:59:43] GCA_000827265.1  busco: starting basidiomycota_odb10 on cds_from_genomic.fna (30.4 MB)...
[16:59:45] [283/975] GCA_019616345.1  pass  C=66.1%  | rate=0.04/s  ETA=4.3h
  [16:59:48] GCA_002276475.2  busco: completed in 311s (rc=0)
  [16:59:48] GCA_003019895.1  busco: starting ascomycota_odb10 on cds_from_genomic.fna (18.0 MB)...
[16:59:50] [284/975] GCA_002276475.2  pass  C=93.9%  | rate=0.04/s  ETA=4.3h
  [17:00:23] GCA_025890175.1  busco: completed in 342s (rc=0)
  [17:00:23] GCA_050859405.1  busco: starting ascomycota_odb10 on cds_from_genomic.fna (17.7 MB)...
[17:00:25] [285/975] GCA_025890175.1  pass  C=95.7%  | rate=0.04/s  ETA=4.3h
  [17:00:41] GCA_019677335.1  busco: completed in 438s (rc=0)
  [17:00:41] GCA_032433595.1  busco: starting ascomycota_odb10 on cds_from_genomic.fna (22.4 MB)...
[17:00:43] [286/975] GCA_019677335.1  pass  C=64.6%  | rate=0.04/s  ETA=4.3h
  [17:01:03] GCA_036429605.1  busco: completed in 374s (rc=0)
  [17:01:03] GCA_027627275.1  busco: starting basidiomycota_odb10 on cds_from_genomic.fna (35.7 MB)...
[17:01:04] [287/975] GCA_036429605.1  pass  C=96.9%  | rate=0.04/s  ETA=4.3h
  [17:01:09] GCA_010015635.1  busco: completed in 303s (rc=0)
  [17:01:09] GCA_000182895.1  busco: starting basidiomycota_odb10 on cds_from_genomic.fna (22.1 MB)...
[17:01:11] [288/975] GCA_010015635.1  pass  C=99.1%  | rate=0.04/s  ETA=4.3h
  [17:01:12] GCA_015039315.1  busco: completed in 291s (rc=0)
  [17:01:12] GCA_004369085.1  busco: starting basidiomycota_odb10 on cds_from_genomic.fna (23.1 MB)...
[17:01:13] [289/975] GCA_015039315.1  pass  C=95.1%  | rate=0.04/s  ETA=4.3h
  [17:02:47] GCA_019623705.1  busco: completed in 625s (rc=0)
  [17:02:47] GCA_056505955.1  busco: starting ascomycota_odb10 on cds_from_genomic.fna (17.8 MB)...
[17:02:48] [290/975] GCA_019623705.1  pass  C=69.7%  | rate=0.04/s  ETA=4.3h
  [17:03:20] GCA_015584075.1  busco: completed in 226s (rc=0)
  [17:03:20] GCA_059933775.1  busco: starting ascomycota_odb10 on cds_from_genomic.fna (17.4 MB)...
[17:03:21] [291/975] GCA_015584075.1  pass  C=98.9%  | rate=0.04/s  ETA=4.3h
  [17:03:46] GCA_902006505.2  busco: completed in 430s (rc=0)
  [17:03:46] GCF_001636725.1  busco: starting ascomycota_odb10 on cds_from_genomic.fna (17.1 MB)...
[17:03:47] [292/975] GCA_902006505.2  pass  C=99.4%  | rate=0.04/s  ETA=4.3h
  [17:04:01] GCA_016906575.1  busco: completed in 665s (rc=0)
  [17:04:01] GCA_001636725.1  busco: starting ascomycota_odb10 on cds_from_genomic.fna (16.8 MB)...
[17:04:02] [293/975] GCA_016906575.1  pass  C=93.6%  | rate=0.04/s  ETA=4.3h
  [17:04:35] GCA_003019895.1  busco: completed in 286s (rc=0)
  [17:04:35] GCF_051103115.1  busco: starting ascomycota_odb10 on cds_from_genomic.fna (18.0 MB)...
[17:04:37] [294/975] GCA_003019895.1  pass  C=98.7%  | rate=0.04/s  ETA=4.3h
  [17:04:41] GCA_003369635.1  busco: completed in 377s (rc=0)
  [17:04:41] GCA_006981975.1  busco: starting ascomycota_odb10 on cds_from_genomic.fna (18.0 MB)...
[17:04:43] [295/975] GCA_003369635.1  pass  C=98.3%  | rate=0.04/s  ETA=4.3h
  [17:05:27] GCA_003369665.1  busco: completed in 401s (rc=0)
  [17:05:27] GCA_051103115.1  busco: starting ascomycota_odb10 on cds_from_genomic.fna (17.6 MB)...
[17:05:28] [296/975] GCA_003369665.1  pass  C=98.4%  | rate=0.04/s  ETA=4.3h
  [17:05:57] GCA_050859405.1  busco: completed in 334s (rc=0)
  [17:05:57] GCA_006981985.1  busco: starting ascomycota_odb10 on cds_from_genomic.fna (18.3 MB)...
[17:05:58] [297/975] GCA_050859405.1  pass  C=99.0%  | rate=0.04/s  ETA=4.3h
  [17:06:03] GCA_902074915.1  busco: completed in 484s (rc=0)
  [17:06:03] GCA_008080495.1  busco: starting ascomycota_odb10 on cds_from_genomic.fna (16.4 MB)...
[17:06:04] [298/975] GCA_902074915.1  pass  C=99.4%  | rate=0.04/s  ETA=4.3h
  [17:06:04] GCA_000182895.1  busco: completed in 295s (rc=0)
  [17:06:04] GCF_000225605.1  busco: starting ascomycota_odb10 on cds_from_genomic.fna (17.2 MB)...
[17:06:06] [299/975] GCA_000182895.1  pass  C=97.6%  | rate=0.04/s  ETA=4.2h
  [17:06:08] GCA_000827265.1  busco: completed in 384s (rc=0)
  [17:06:08] GCA_000225605.1  busco: starting ascomycota_odb10 on cds_from_genomic.fna (16.8 MB)...
[17:06:09] [300/975] GCA_000827265.1  pass  C=99.0%  | rate=0.04/s  ETA=4.2h
  [17:06:25] GCA_004369085.1  busco: completed in 313s (rc=0)
  [17:06:25] GCA_002591385.1  busco: starting ascomycota_odb10 on cds_from_genomic.fna (15.3 MB)...
[17:06:26] [301/975] GCA_004369085.1  pass  C=99.2%  | rate=0.04/s  ETA=4.2h
  [17:06:58] GCA_902077795.2  busco: completed in 518s (rc=0)
  [17:06:58] GCA_003016335.1  busco: starting ascomycota_odb10 on cds_from_genomic.fna (26.1 MB)...
[17:06:59] [302/975] GCA_902077795.2  pass  C=99.0%  | rate=0.04/s  ETA=4.2h
  [17:07:12] GCA_032433595.1  busco: completed in 391s (rc=0)
  [17:07:12] GCA_015657495.1  busco: starting basidiomycota_odb10 on cds_from_genomic.fna (22.6 MB)...
[17:07:13] [303/975] GCA_032433595.1  pass  C=98.0%  | rate=0.04/s  ETA=4.2h
  [17:07:21] GCA_056505955.1  busco: completed in 274s (rc=0)
  [17:07:21] GCA_015951145.1  busco: starting basidiomycota_odb10 on cds_from_genomic.fna (17.5 MB)...
[17:07:22] [304/975] GCA_056505955.1  pass  C=99.4%  | rate=0.04/s  ETA=4.2h
  [17:08:28] GCA_037952775.1  busco: completed in 691s (rc=0)
  [17:08:28] GCA_061372115.1  busco: starting basidiomycota_odb10 on cds_from_genomic.fna (1.4 MB)...
[17:08:30] [305/975] GCA_037952775.1  pass  C=87.8%  | rate=0.04/s  ETA=4.2h
  [17:08:30] GCA_059933775.1  busco: completed in 310s (rc=0)
  [17:08:30] GCA_004379715.1  busco: starting basidiomycota_odb10 on cds_from_genomic.fna (21.5 MB)...
[17:08:31] [306/975] GCA_059933775.1  pass  C=97.4%  | rate=0.04/s  ETA=4.2h
  [17:08:54] GCF_001636725.1  busco: completed in 308s (rc=0)
  [17:08:54] GCF_010015615.1  busco: starting ascomycota_odb10 on cds_from_genomic.fna (20.8 MB)...
[17:08:56] [307/975] GCF_001636725.1  pass  C=96.6%  | rate=0.04/s  ETA=4.2h
  [17:09:04] GCA_001636725.1  busco: completed in 303s (rc=0)
  [17:09:04] GCA_010015615.1  busco: starting ascomycota_odb10 on cds_from_genomic.fna (20.5 MB)...
[17:09:05] [308/975] GCA_001636725.1  pass  C=96.6%  | rate=0.04/s  ETA=4.2h
  [17:09:26] GCF_051103115.1  busco: completed in 291s (rc=0)
  [17:09:26] GCA_013054445.1  busco: starting ascomycota_odb10 on cds_from_genomic.fna (28.0 MB)...
[17:09:27] [309/975] GCF_051103115.1  pass  C=98.1%  | rate=0.04/s  ETA=4.2h
  [17:09:56] GCA_061372115.1  busco: completed in 88s (rc=0)
  [17:09:56] GCA_059054275.1  busco: starting ascomycota_odb10 on cds_from_genomic.fna (15.2 MB)...
[17:09:57] [310/975] GCA_061372115.1  fail  C=8.0%  | rate=0.04/s  ETA=4.2h
  [17:09:57] GCA_027627275.1  busco: completed in 535s (rc=0)
  [17:09:57] GCA_023920165.1  busco: starting ascomycota_odb10 on cds_from_genomic.fna (19.0 MB)...
[17:09:59] [311/975] GCA_027627275.1  pass  C=75.3%  | rate=0.04/s  ETA=4.1h
  [17:10:00] GCA_006981975.1  busco: completed in 319s (rc=0)
  [17:10:00] GCA_011058905.1  busco: starting ascomycota_odb10 on cds_from_genomic.fna (19.7 MB)...
[17:10:01] [312/975] GCA_006981975.1  pass  C=96.4%  | rate=0.04/s  ETA=4.1h
  [17:10:25] GCA_051103115.1  busco: completed in 299s (rc=0)
  [17:10:25] GCA_977927295.1  busco: starting basidiomycota_odb10 on cds_from_genomic.fna (21.8 MB)...
[17:10:27] [313/975] GCA_051103115.1  pass  C=98.1%  | rate=0.04/s  ETA=4.1h
  [17:10:45] GCA_015951145.1  busco: completed in 204s (rc=0)
  [17:10:45] GCA_902728275.1  busco: starting basidiomycota_odb10 on cds_from_genomic.fna (23.4 MB)...
[17:10:46] [314/975] GCA_015951145.1  pass  C=94.1%  | rate=0.04/s  ETA=4.1h
  [17:10:58] GCF_000225605.1  busco: completed in 294s (rc=0)
  [17:10:58] GCA_000934385.1  busco: starting basidiomycota_odb10 on cds_from_genomic.fna (21.3 MB)...
[17:11:00] [315/975] GCF_000225605.1  pass  C=96.1%  | rate=0.04/s  ETA=4.1h
  [17:11:01] GCA_015657495.1  busco: completed in 229s (rc=0)
  [17:11:01] GCA_014621425.1  busco: starting ascomycota_odb10 on cds_from_genomic.fna (23.7 MB)...
[17:11:02] [316/975] GCA_015657495.1  pass  C=99.4%  | rate=0.04/s  ETA=4.1h
  [17:11:03] GCA_008080495.1  busco: completed in 300s (rc=0)
  [17:11:03] GCA_003795295.1  busco: starting ascomycota_odb10 on cds_from_genomic.fna (17.2 MB)...
[17:11:04] [317/975] GCA_008080495.1  pass  C=94.2%  | rate=0.04/s  ETA=4.1h
  [17:11:05] GCA_000225605.1  busco: completed in 297s (rc=0)
  [17:11:05] GCA_003795315.1  busco: starting ascomycota_odb10 on cds_from_genomic.fna (18.0 MB)...
[17:11:06] [318/975] GCA_000225605.1  pass  C=96.1%  | rate=0.05/s  ETA=4.0h
  [17:11:08] GCA_006981985.1  busco: completed in 311s (rc=0)
  [17:11:08] GCA_022478815.1  busco: starting ascomycota_odb10 on cds_from_genomic.fna (18.2 MB)...
[17:11:10] [319/975] GCA_006981985.1  pass  C=95.7%  | rate=0.05/s  ETA=4.0h
  [17:11:47] GCA_004379715.1  busco: completed in 198s (rc=0)
  [17:11:47] GCF_022478825.1  busco: starting ascomycota_odb10 on cds_from_genomic.fna (18.3 MB)...
[17:11:48] [320/975] GCA_004379715.1  pass  C=99.4%  | rate=0.05/s  ETA=4.0h
  [17:12:13] GCA_002591385.1  busco: completed in 348s (rc=0)
  [17:12:13] GCA_022478825.1  busco: starting ascomycota_odb10 on cds_from_genomic.fna (18.0 MB)...
[17:12:14] [321/975] GCA_002591385.1  pass  C=82.1%  | rate=0.05/s  ETA=4.0h
  [17:13:07] GCA_003016335.1  busco: completed in 369s (rc=0)
  [17:13:07] GCF_008694065.1  busco: starting ascomycota_odb10 on cds_from_genomic.fna (17.7 MB)...
[17:13:08] [322/975] GCA_003016335.1  pass  C=98.5%  | rate=0.04/s  ETA=4.0h
  [17:13:49] GCF_010015615.1  busco: completed in 295s (rc=0)
  [17:13:49] GCA_008694065.1  busco: starting ascomycota_odb10 on cds_from_genomic.fna (17.4 MB)...
[17:13:51] [323/975] GCF_010015615.1  pass  C=99.2%  | rate=0.04/s  ETA=4.0h
  [17:14:14] GCA_010015615.1  busco: completed in 310s (rc=0)
  [17:14:14] GCF_022478715.1  busco: starting ascomycota_odb10 on cds_from_genomic.fna (18.8 MB)...
[17:14:16] [324/975] GCA_010015615.1  pass  C=99.2%  | rate=0.04/s  ETA=4.0h
  [17:14:45] GCA_977927295.1  busco: completed in 259s (rc=0)
  [17:14:45] GCA_022478715.1  busco: starting ascomycota_odb10 on cds_from_genomic.fna (18.5 MB)...
[17:14:46] [325/975] GCA_977927295.1  pass  C=98.3%  | rate=0.04/s  ETA=4.0h
  [17:15:00] GCA_059054275.1  busco: completed in 304s (rc=0)
  [17:15:00] GCA_022478725.1  busco: starting ascomycota_odb10 on cds_from_genomic.fna (19.1 MB)...
[17:15:01] [326/975] GCA_059054275.1  pass  C=97.6%  | rate=0.04/s  ETA=4.0h
  [17:15:02] GCA_000934385.1  busco: completed in 243s (rc=0)
  [17:15:02] GCF_022478755.1  busco: starting ascomycota_odb10 on cds_from_genomic.fna (18.9 MB)...
[17:15:03] [327/975] GCA_000934385.1  pass  C=99.5%  | rate=0.04/s  ETA=4.0h
  [17:16:04] GCA_023920165.1  busco: completed in 366s (rc=0)
  [17:16:04] GCA_022478755.1  busco: starting ascomycota_odb10 on cds_from_genomic.fna (18.6 MB)...
  [17:16:05] GCA_011058905.1  busco: completed in 365s (rc=0)
  [17:16:05] GCA_002120325.1  busco: starting ascomycota_odb10 on cds_from_genomic.fna (18.6 MB)...
[17:16:05] [328/975] GCA_023920165.1  pass  C=97.4%  | rate=0.04/s  ETA=4.0h
[17:16:06] [329/975] GCA_011058905.1  pass  C=98.6%  | rate=0.04/s  ETA=4.0h
  [17:16:20] GCA_022478815.1  busco: completed in 312s (rc=0)
  [17:16:20] GCA_025201765.1  busco: starting ascomycota_odb10 on cds_from_genomic.fna (18.0 MB)...
  [17:16:21] GCA_902728275.1  busco: completed in 336s (rc=0)
  [17:16:21] GCF_022497035.1  busco: starting ascomycota_odb10 on cds_from_genomic.fna (18.9 MB)...
[17:16:22] [330/975] GCA_022478815.1  pass  C=99.3%  | rate=0.04/s  ETA=4.0h
[17:16:23] [331/975] GCA_902728275.1  pass  C=95.5%  | rate=0.04/s  ETA=4.0h
  [17:16:44] GCF_022478825.1  busco: completed in 297s (rc=0)
  [17:16:44] GCA_022497035.1  busco: starting ascomycota_odb10 on cds_from_genomic.fna (18.6 MB)...
[17:16:45] [332/975] GCF_022478825.1  pass  C=98.9%  | rate=0.04/s  ETA=4.0h
  [17:16:45] GCA_003795295.1  busco: completed in 342s (rc=0)
  [17:16:45] GCA_010015605.1  busco: starting ascomycota_odb10 on cds_from_genomic.fna (18.9 MB)...
[17:16:47] [333/975] GCA_003795295.1  pass  C=95.5%  | rate=0.05/s  ETA=4.0h
  [17:17:05] GCA_022478825.1  busco: completed in 292s (rc=0)
  [17:17:05] GCA_010093945.1  busco: starting ascomycota_odb10 on cds_from_genomic.fna (16.5 MB)...
[17:17:06] [334/975] GCA_022478825.1  pass  C=98.9%  | rate=0.05/s  ETA=4.0h
  [17:17:28] GCA_003795315.1  busco: completed in 383s (rc=0)
  [17:17:28] GCA_004369135.1  busco: starting basidiomycota_odb10 on cds_from_genomic.fna (45.2 MB)...
[17:17:29] [335/975] GCA_003795315.1  pass  C=94.7%  | rate=0.05/s  ETA=3.9h
  [17:17:41] GCA_014621425.1  busco: completed in 400s (rc=0)
  [17:17:41] GCA_004679275.1  busco: starting basidiomycota_odb10 on cds_from_genomic.fna (20.9 MB)...
[17:17:42] [336/975] GCA_014621425.1  pass  C=96.1%  | rate=0.05/s  ETA=3.9h
  [17:18:13] GCA_013054445.1  busco: completed in 527s (rc=0)
  [17:18:13] GCA_002286715.1  busco: starting basidiomycota_odb10 on cds_from_genomic.fna (21.7 MB)...
[17:18:14] [337/975] GCA_013054445.1  pass  C=90.7%  | rate=0.05/s  ETA=3.9h
  [17:18:47] GCF_008694065.1  busco: completed in 341s (rc=0)
  [17:18:47] GCA_001006365.1  busco: starting ascomycota_odb10 on cds_from_genomic.fna (16.6 MB)...
[17:18:48] [338/975] GCF_008694065.1  pass  C=95.8%  | rate=0.04/s  ETA=3.9h
  [17:18:57] GCF_022478715.1  busco: completed in 283s (rc=0)
  [17:18:57] GCF_026229845.1  busco: starting ascomycota_odb10 on cds_from_genomic.fna (27.3 MB)...
[17:18:59] [339/975] GCF_022478715.1  pass  C=99.3%  | rate=0.05/s  ETA=3.9h
  [17:19:08] GCA_022478715.1  busco: completed in 263s (rc=0)
  [17:19:08] GCA_026229845.1  busco: starting ascomycota_odb10 on cds_from_genomic.fna (26.9 MB)...
[17:19:09] [340/975] GCA_022478715.1  pass  C=99.3%  | rate=0.05/s  ETA=3.9h
  [17:19:32] GCA_008694065.1  busco: completed in 343s (rc=0)
  [17:19:32] GCA_042257625.1  busco: starting ascomycota_odb10 on cds_from_genomic.fna (24.8 MB)...
[17:19:34] [341/975] GCA_008694065.1  pass  C=95.8%  | rate=0.05/s  ETA=3.9h
  [17:19:59] GCA_022478725.1  busco: completed in 299s (rc=0)
  [17:19:59] GCA_024867555.1  busco: starting ascomycota_odb10 on cds_from_genomic.fna (27.4 MB)...
[17:20:01] [342/975] GCA_022478725.1  pass  C=99.4%  | rate=0.05/s  ETA=3.9h
  [17:20:26] GCF_022478755.1  busco: completed in 324s (rc=0)
  [17:20:26] GCA_022570805.2  busco: starting ascomycota_odb10 on cds_from_genomic.fna (24.3 MB)...
[17:20:27] [343/975] GCF_022478755.1  pass  C=99.4%  | rate=0.05/s  ETA=3.9h
  [17:20:46] GCA_002120325.1  busco: completed in 281s (rc=0)
  [17:20:46] GCA_001702395.2  busco: starting ascomycota_odb10 on cds_from_genomic.fna (21.5 MB)...
[17:20:47] [344/975] GCA_002120325.1  pass  C=98.9%  | rate=0.05/s  ETA=3.9h
  [17:21:27] GCA_022478755.1  busco: completed in 324s (rc=0)
  [17:21:27] GCA_023242295.1  busco: starting ascomycota_odb10 on cds_from_genomic.fna (20.4 MB)...
[17:21:29] [345/975] GCA_022478755.1  pass  C=99.4%  | rate=0.04/s  ETA=3.9h
  [17:21:38] GCF_022497035.1  busco: completed in 317s (rc=0)
  [17:21:38] GCA_022225965.2  busco: starting ascomycota_odb10 on cds_from_genomic.fna (19.3 MB)...
[17:21:39] [346/975] GCF_022497035.1  pass  C=99.3%  | rate=0.05/s  ETA=3.9h
  [17:21:43] GCA_025201765.1  busco: completed in 323s (rc=0)
  [17:21:43] GCF_010094145.1  busco: starting ascomycota_odb10 on cds_from_genomic.fna (19.3 MB)...
[17:21:44] [347/975] GCA_025201765.1  pass  C=99.2%  | rate=0.05/s  ETA=3.9h
  [17:21:48] GCA_022497035.1  busco: completed in 304s (rc=0)
  [17:21:48] GCA_010094145.1  busco: starting ascomycota_odb10 on cds_from_genomic.fna (18.9 MB)...
[17:21:49] [348/975] GCA_022497035.1  pass  C=99.3%  | rate=0.05/s  ETA=3.9h
  [17:22:11] GCA_002286715.1  busco: completed in 238s (rc=0)
  [17:22:11] GCA_011058895.1  busco: starting ascomycota_odb10 on cds_from_genomic.fna (19.5 MB)...
[17:22:12] [349/975] GCA_002286715.1  pass  C=99.2%  | rate=0.05/s  ETA=3.8h
  [17:22:13] GCA_010093945.1  busco: completed in 308s (rc=0)
  [17:22:13] GCA_011058865.1  busco: starting ascomycota_odb10 on cds_from_genomic.fna (19.6 MB)...
[17:22:14] [350/975] GCA_010093945.1  pass  C=98.9%  | rate=0.05/s  ETA=3.8h
  [17:22:40] GCA_010015605.1  busco: completed in 355s (rc=0)
  [17:22:40] GCA_022225945.2  busco: starting ascomycota_odb10 on cds_from_genomic.fna (17.7 MB)...
[17:22:42] [351/975] GCA_010015605.1  pass  C=98.2%  | rate=0.05/s  ETA=3.8h
  [17:22:54] GCA_004679275.1  busco: completed in 313s (rc=0)
  [17:22:54] GCA_002204255.1  busco: starting ascomycota_odb10 on cds_from_genomic.fna (15.7 MB)...
[17:22:56] [352/975] GCA_004679275.1  pass  C=90.0%  | rate=0.05/s  ETA=3.8h
  [17:24:35] GCA_001006365.1  busco: completed in 347s (rc=0)
  [17:24:35] GCA_024741835.1  busco: starting ascomycota_odb10 on cds_from_genomic.fna (17.0 MB)...
  [17:24:36] GCA_004369135.1  busco: completed in 427s (rc=0)
  [17:24:36] GCA_002317995.1  busco: starting ascomycota_odb10 on cds_from_genomic.fna (25.6 MB)...
[17:24:36] [353/975] GCA_001006365.1  pass  C=92.3%  | rate=0.04/s  ETA=3.8h
[17:24:37] [354/975] GCA_004369135.1  pass  C=99.2%  | rate=0.05/s  ETA=3.8h
  [17:25:32] GCA_042257625.1  busco: completed in 359s (rc=0)
  [17:25:32] GCF_001883845.1  busco: starting ascomycota_odb10 on cds_from_genomic.fna (20.1 MB)...
[17:25:33] [355/975] GCA_042257625.1  pass  C=98.9%  | rate=0.04/s  ETA=3.8h
  [17:25:34] GCF_026229845.1  busco: completed in 397s (rc=0)
  [17:25:34] GCA_001883845.1  busco: starting ascomycota_odb10 on cds_from_genomic.fna (19.7 MB)...
[17:25:35] [356/975] GCF_026229845.1  pass  C=98.8%  | rate=0.04/s  ETA=3.8h
  [17:25:48] GCA_026229845.1  busco: completed in 400s (rc=0)
  [17:25:48] GCA_021495925.2  busco: starting ascomycota_odb10 on cds_from_genomic.fna (19.5 MB)...
[17:25:49] [357/975] GCA_026229845.1  pass  C=98.8%  | rate=0.04/s  ETA=3.8h
  [17:26:22] GCA_001702395.2  busco: completed in 336s (rc=0)
  [17:26:22] GCA_056582465.1  busco: starting ascomycota_odb10 on cds_from_genomic.fna (19.6 MB)...
[17:26:23] [358/975] GCA_001702395.2  pass  C=98.8%  | rate=0.04/s  ETA=3.8h
  [17:26:24] GCA_010094145.1  busco: completed in 276s (rc=0)
  [17:26:24] GCA_056582485.1  busco: starting ascomycota_odb10 on cds_from_genomic.fna (19.3 MB)...
[17:26:25] [359/975] GCA_010094145.1  pass  C=98.9%  | rate=0.05/s  ETA=3.8h
  [17:26:35] GCF_010094145.1  busco: completed in 292s (rc=0)
  [17:26:35] GCA_021436965.2  busco: starting ascomycota_odb10 on cds_from_genomic.fna (18.3 MB)...
[17:26:37] [360/975] GCF_010094145.1  pass  C=98.9%  | rate=0.05/s  ETA=3.8h
  [17:26:55] GCA_022570805.2  busco: completed in 389s (rc=0)
  [17:26:55] GCA_001975905.1  busco: starting ascomycota_odb10 on cds_from_genomic.fna (14.0 MB)...
[17:26:56] [361/975] GCA_022570805.2  pass  C=97.0%  | rate=0.05/s  ETA=3.8h
  [17:27:19] GCA_022225965.2  busco: completed in 341s (rc=0)
  [17:27:19] GCA_001006355.1  busco: starting ascomycota_odb10 on cds_from_genomic.fna (14.5 MB)...
[17:27:20] [362/975] GCA_022225965.2  pass  C=93.9%  | rate=0.05/s  ETA=3.8h
  [17:27:27] GCA_002204255.1  busco: completed in 273s (rc=0)
  [17:27:27] GCA_965644035.1  busco: starting ascomycota_odb10 on cds_from_genomic.fna (19.1 MB)...
[17:27:28] [363/975] GCA_002204255.1  pass  C=97.2%  | rate=0.05/s  ETA=3.8h
  [17:27:31] GCA_024867555.1  busco: completed in 452s (rc=0)
  [17:27:31] GCF_010015565.1  busco: starting ascomycota_odb10 on cds_from_genomic.fna (16.4 MB)...
[17:27:32] [364/975] GCA_024867555.1  pass  C=98.6%  | rate=0.05/s  ETA=3.7h
  [17:27:33] GCA_023242295.1  busco: completed in 366s (rc=0)
  [17:27:33] GCA_010015565.1  busco: starting ascomycota_odb10 on cds_from_genomic.fna (16.2 MB)...
[17:27:34] [365/975] GCA_023242295.1  pass  C=97.2%  | rate=0.05/s  ETA=3.7h
  [17:27:42] GCA_011058895.1  busco: completed in 332s (rc=0)
  [17:27:42] GCF_010015815.1  busco: starting ascomycota_odb10 on cds_from_genomic.fna (19.3 MB)...
  [17:27:43] GCA_022225945.2  busco: completed in 302s (rc=0)
  [17:27:43] GCA_010015815.1  busco: starting ascomycota_odb10 on cds_from_genomic.fna (19.1 MB)...
[17:27:44] [366/975] GCA_011058895.1  pass  C=98.0%  | rate=0.05/s  ETA=3.7h
[17:27:45] [367/975] GCA_022225945.2  pass  C=96.2%  | rate=0.05/s  ETA=3.7h
  [17:27:51] GCA_011058865.1  busco: completed in 338s (rc=0)
  [17:27:51] GCF_001625195.1  busco: starting ascomycota_odb10 on cds_from_genomic.fna (14.9 MB)...
[17:27:52] [368/975] GCA_011058865.1  pass  C=98.0%  | rate=0.05/s  ETA=3.7h
  [17:29:23] GCA_024741835.1  busco: completed in 289s (rc=0)
  [17:29:23] GCA_001618945.2  busco: starting ascomycota_odb10 on cds_from_genomic.fna (14.3 MB)...
[17:29:25] [369/975] GCA_024741835.1  pass  C=97.4%  | rate=0.05/s  ETA=3.7h
  [17:30:04] GCA_001883845.1  busco: completed in 270s (rc=0)
  [17:30:04] GCA_001625195.1  busco: starting ascomycota_odb10 on cds_from_genomic.fna (14.5 MB)...
[17:30:06] [370/975] GCA_001883845.1  pass  C=99.3%  | rate=0.05/s  ETA=3.7h
  [17:30:24] GCF_001883845.1  busco: completed in 292s (rc=0)
  [17:30:24] GCF_000298775.1  busco: starting ascomycota_odb10 on cds_from_genomic.fna (17.6 MB)...
[17:30:25] [371/975] GCF_001883845.1  pass  C=99.3%  | rate=0.05/s  ETA=3.7h
  [17:31:12] GCA_021495925.2  busco: completed in 324s (rc=0)
  [17:31:12] GCA_000298775.1  busco: starting ascomycota_odb10 on cds_from_genomic.fna (17.2 MB)...
[17:31:13] [372/975] GCA_021495925.2  pass  C=97.3%  | rate=0.05/s  ETA=3.7h
  [17:31:20] GCA_056582485.1  busco: completed in 296s (rc=0)
  [17:31:20] GCA_002240705.1  busco: starting ascomycota_odb10 on cds_from_genomic.fna (12.4 MB)...
  [17:31:20] GCA_056582465.1  busco: completed in 299s (rc=0)
  [17:31:20] GCA_036872715.1  busco: starting ascomycota_odb10 on cds_from_genomic.fna (45.4 MB)...
[17:31:21] [373/975] GCA_056582485.1  pass  C=98.3%  | rate=0.05/s  ETA=3.7h
[17:31:22] [374/975] GCA_056582465.1  pass  C=98.7%  | rate=0.05/s  ETA=3.7h
  [17:31:55] GCA_001975905.1  busco: completed in 300s (rc=0)
  [17:31:55] GCA_036320705.1  busco: starting ascomycota_odb10 on cds_from_genomic.fna (44.7 MB)...
[17:31:56] [375/975] GCA_001975905.1  pass  C=89.7%  | rate=0.05/s  ETA=3.7h
  [17:32:05] GCF_001625195.1  busco: completed in 254s (rc=0)
  [17:32:05] GCA_035926115.1  busco: starting ascomycota_odb10 on cds_from_genomic.fna (41.2 MB)...
[17:32:06] [376/975] GCF_001625195.1  pass  C=98.2%  | rate=0.05/s  ETA=3.7h
  [17:32:11] GCA_002317995.1  busco: completed in 456s (rc=0)
  [17:32:11] GCA_036320685.1  busco: starting ascomycota_odb10 on cds_from_genomic.fna (22.0 MB)...
[17:32:13] [377/975] GCA_002317995.1  pass  C=97.4%  | rate=0.05/s  ETA=3.7h
  [17:32:17] GCA_021436965.2  busco: completed in 341s (rc=0)
  [17:32:17] GCA_049307695.1  busco: starting ascomycota_odb10 on cds_from_genomic.fna (22.2 MB)...
[17:32:18] [378/975] GCA_021436965.2  pass  C=91.6%  | rate=0.05/s  ETA=3.7h
  [17:32:24] GCA_001006355.1  busco: completed in 305s (rc=0)
  [17:32:24] GCF_019669845.1  busco: starting ascomycota_odb10 on cds_from_genomic.fna (17.6 MB)...
[17:32:25] [379/975] GCA_001006355.1  pass  C=86.7%  | rate=0.05/s  ETA=3.6h
  [17:32:37] GCF_010015815.1  busco: completed in 294s (rc=0)
  [17:32:37] GCA_019669845.1  busco: starting ascomycota_odb10 on cds_from_genomic.fna (17.4 MB)...
[17:32:38] [380/975] GCF_010015815.1  pass  C=98.7%  | rate=0.05/s  ETA=3.6h
  [17:32:43] GCF_010015565.1  busco: completed in 311s (rc=0)
  [17:32:43] GCF_022114955.1  busco: starting ascomycota_odb10 on cds_from_genomic.fna (15.3 MB)...
[17:32:44] [381/975] GCF_010015565.1  pass  C=97.2%  | rate=0.05/s  ETA=3.6h
  [17:32:48] GCA_010015565.1  busco: completed in 315s (rc=0)
  [17:32:48] GCA_022114955.2  busco: starting ascomycota_odb10 on cds_from_genomic.fna (15.1 MB)...
[17:32:49] [382/975] GCA_010015565.1  pass  C=97.2%  | rate=0.05/s  ETA=3.6h
  [17:32:52] GCA_010015815.1  busco: completed in 310s (rc=0)
  [17:32:52] GCA_041154705.1  busco: starting ascomycota_odb10 on cds_from_genomic.fna (13.9 MB)...
[17:32:54] [383/975] GCA_010015815.1  pass  C=98.7%  | rate=0.05/s  ETA=3.6h
  [17:33:29] GCA_965644035.1  busco: completed in 362s (rc=0)
  [17:33:29] GCA_041154725.1  busco: starting ascomycota_odb10 on cds_from_genomic.fna (14.1 MB)...
[17:33:31] [384/975] GCA_965644035.1  pass  C=97.5%  | rate=0.05/s  ETA=3.6h
  [17:33:31] GCA_001618945.2  busco: completed in 247s (rc=0)
  [17:33:31] GCA_019721275.1  busco: starting ascomycota_odb10 on cds_from_genomic.fna (17.3 MB)...
[17:33:32] [385/975] GCA_001618945.2  pass  C=98.5%  | rate=0.05/s  ETA=3.6h
  [17:34:18] GCA_001625195.1  busco: completed in 253s (rc=0)
  [17:34:18] GCA_002116315.1  busco: starting ascomycota_odb10 on cds_from_genomic.fna (19.4 MB)...
[17:34:19] [386/975] GCA_001625195.1  pass  C=98.2%  | rate=0.05/s  ETA=3.6h
  [17:35:02] GCF_000298775.1  busco: completed in 278s (rc=0)
  [17:35:02] GCA_024703715.1  busco: starting ascomycota_odb10 on cds_from_genomic.fna (11.2 MB)...
[17:35:03] [387/975] GCF_000298775.1  pass  C=99.3%  | rate=0.05/s  ETA=3.6h
  [17:35:54] GCA_000298775.1  busco: completed in 282s (rc=0)
  [17:35:54] GCA_000798715.1  busco: starting ascomycota_odb10 on cds_from_genomic.fna (10.6 MB)...
[17:35:55] [388/975] GCA_000298775.1  pass  C=99.3%  | rate=0.05/s  ETA=3.6h
  [17:36:07] GCA_002240705.1  busco: completed in 288s (rc=0)
  [17:36:07] GCA_003610855.1  busco: starting ascomycota_odb10 on cds_from_genomic.fna (10.7 MB)...
[17:36:09] [389/975] GCA_002240705.1  pass  C=92.0%  | rate=0.05/s  ETA=3.6h
  [17:37:09] GCF_019669845.1  busco: completed in 284s (rc=0)
  [17:37:09] GCA_002918395.1  busco: starting ascomycota_odb10 on cds_from_genomic.fna (11.6 MB)...
[17:37:10] [390/975] GCF_019669845.1  pass  C=99.2%  | rate=0.05/s  ETA=3.6h
  [17:37:26] GCA_019669845.1  busco: completed in 289s (rc=0)
  [17:37:26] GCA_001278495.1  busco: starting ascomycota_odb10 on cds_from_genomic.fna (11.4 MB)...
[17:37:27] [391/975] GCA_019669845.1  pass  C=99.2%  | rate=0.05/s  ETA=3.6h
  [17:37:29] GCA_041154705.1  busco: completed in 276s (rc=0)
  [17:37:29] GCF_000349385.1  busco: starting ascomycota_odb10 on cds_from_genomic.fna (18.2 MB)...
[17:37:30] [392/975] GCA_041154705.1  pass  C=99.2%  | rate=0.05/s  ETA=3.6h
  [17:37:43] GCA_041154725.1  busco: completed in 254s (rc=0)
  [17:37:43] GCA_000349385.1  busco: starting ascomycota_odb10 on cds_from_genomic.fna (17.7 MB)...
[17:37:45] [393/975] GCA_041154725.1  pass  C=99.2%  | rate=0.05/s  ETA=3.6h
  [17:37:47] GCF_022114955.1  busco: completed in 304s (rc=0)
  [17:37:47] GCA_033117895.1  busco: starting ascomycota_odb10 on cds_from_genomic.fna (21.1 MB)...
[17:37:48] [394/975] GCF_022114955.1  pass  C=95.6%  | rate=0.05/s  ETA=3.5h
  [17:37:49] GCA_036320685.1  busco: completed in 338s (rc=0)
  [17:37:49] GCA_000934395.1  busco: starting basidiomycota_odb10 on cds_from_genomic.fna (17.2 MB)...
[17:37:50] [395/975] GCA_036320685.1  pass  C=96.6%  | rate=0.05/s  ETA=3.5h
  [17:38:01] GCA_022114955.2  busco: completed in 312s (rc=0)
  [17:38:01] GCA_030412055.1  busco: starting ascomycota_odb10 on cds_from_genomic.fna (53.2 MB)...
[17:38:02] [396/975] GCA_022114955.2  pass  C=95.6%  | rate=0.05/s  ETA=3.5h
  [17:38:28] GCA_024703715.1  busco: completed in 206s (rc=0)
  [17:38:28] GCA_005059855.1  busco: starting ascomycota_odb10 on cds_from_genomic.fna (31.0 MB)...
[17:38:29] [397/975] GCA_024703715.1  pass  C=96.5%  | rate=0.05/s  ETA=3.5h
  [17:38:44] GCA_019721275.1  busco: completed in 313s (rc=0)
  [17:38:44] GCA_030553325.1  busco: starting ascomycota_odb10 on cds_from_genomic.fna (45.3 MB)...
[17:38:46] [398/975] GCA_019721275.1  pass  C=98.1%  | rate=0.05/s  ETA=3.5h
  [17:39:02] GCA_049307695.1  busco: completed in 405s (rc=0)
  [17:39:02] GCA_030553385.1  busco: starting ascomycota_odb10 on cds_from_genomic.fna (45.7 MB)...
[17:39:03] [399/975] GCA_049307695.1  pass  C=97.8%  | rate=0.05/s  ETA=3.5h
  [17:39:44] GCA_003610855.1  busco: completed in 217s (rc=0)
  [17:39:44] GCA_005059865.1  busco: starting ascomycota_odb10 on cds_from_genomic.fna (21.9 MB)...
[17:39:46] [400/975] GCA_003610855.1  pass  C=96.3%  | rate=0.05/s  ETA=3.5h
  [17:39:53] GCA_002116315.1  busco: completed in 335s (rc=0)
  [17:39:53] GCA_051938895.1  busco: starting ascomycota_odb10 on cds_from_genomic.fna (24.5 MB)...
[17:39:54] [401/975] GCA_002116315.1  pass  C=96.9%  | rate=0.05/s  ETA=3.5h
  [17:39:56] GCA_000798715.1  busco: completed in 242s (rc=0)
  [17:39:56] GCA_051938825.1  busco: starting ascomycota_odb10 on cds_from_genomic.fna (25.8 MB)...
[17:39:57] [402/975] GCA_000798715.1  pass  C=88.3%  | rate=0.05/s  ETA=3.5h
  [17:40:53] GCA_002918395.1  busco: completed in 224s (rc=0)
  [17:40:53] GCA_051938815.1  busco: starting ascomycota_odb10 on cds_from_genomic.fna (29.6 MB)...
[17:40:54] [403/975] GCA_002918395.1  pass  C=92.1%  | rate=0.05/s  ETA=3.5h
  [17:41:28] GCA_000934395.1  busco: completed in 219s (rc=0)
  [17:41:28] GCA_051938805.1  busco: starting ascomycota_odb10 on cds_from_genomic.fna (29.4 MB)...
[17:41:30] [404/975] GCA_000934395.1  pass  C=98.1%  | rate=0.05/s  ETA=3.5h
  [17:41:34] GCA_001278495.1  busco: completed in 248s (rc=0)
  [17:41:34] GCA_051938625.1  busco: starting ascomycota_odb10 on cds_from_genomic.fna (27.8 MB)...
[17:41:35] [405/975] GCA_001278495.1  pass  C=93.1%  | rate=0.05/s  ETA=3.5h
  [17:42:21] GCA_036872715.1  busco: completed in 661s (rc=0)
  [17:42:21] GCF_000145635.1  busco: starting ascomycota_odb10 on cds_from_genomic.fna (22.6 MB)...
[17:42:22] [406/975] GCA_036872715.1  pass  C=98.0%  | rate=0.05/s  ETA=3.5h
  [17:42:34] GCA_035926115.1  busco: completed in 629s (rc=0)
  [17:42:34] GCA_051938685.1  busco: starting ascomycota_odb10 on cds_from_genomic.fna (30.2 MB)...
[17:42:35] [407/975] GCA_035926115.1  pass  C=99.4%  | rate=0.05/s  ETA=3.5h
  [17:43:04] GCA_033117895.1  busco: completed in 317s (rc=0)
  [17:43:04] GCA_051938735.1  busco: starting ascomycota_odb10 on cds_from_genomic.fna (28.0 MB)...
[17:43:05] [408/975] GCA_033117895.1  pass  C=96.5%  | rate=0.05/s  ETA=3.5h
  [17:43:08] GCA_036320705.1  busco: completed in 673s (rc=0)
  [17:43:08] GCA_000697645.1  busco: starting basidiomycota_odb10 on cds_from_genomic.fna (30.8 MB)...
[17:43:10] [409/975] GCA_036320705.1  pass  C=97.7%  | rate=0.05/s  ETA=3.5h
  [17:44:37] GCF_000349385.1  busco: completed in 429s (rc=0)
  [17:44:37] GCF_012550715.1  busco: starting ascomycota_odb10 on cds_from_genomic.fna (13.9 MB)...
[17:44:38] [410/975] GCF_000349385.1  pass  C=84.4%  | rate=0.05/s  ETA=3.5h
  [17:44:49] GCA_000349385.1  busco: completed in 426s (rc=0)
  [17:44:49] GCA_012550715.1  busco: starting ascomycota_odb10 on cds_from_genomic.fna (13.7 MB)...
[17:44:50] [411/975] GCA_000349385.1  pass  C=84.4%  | rate=0.05/s  ETA=3.5h
  [17:45:40] GCA_051938895.1  busco: completed in 347s (rc=0)
  [17:45:40] GCF_000409485.1  busco: starting ascomycota_odb10 on cds_from_genomic.fna (22.3 MB)...
[17:45:41] [412/975] GCA_051938895.1  pass  C=99.2%  | rate=0.05/s  ETA=3.5h
  [17:46:01] GCA_051938825.1  busco: completed in 365s (rc=0)
  [17:46:01] GCA_000409485.1  busco: starting ascomycota_odb10 on cds_from_genomic.fna (21.7 MB)...
[17:46:02] [413/975] GCA_051938825.1  pass  C=99.2%  | rate=0.05/s  ETA=3.5h
  [17:46:30] GCA_005059855.1  busco: completed in 482s (rc=0)
  [17:46:30] GCA_000238015.2  busco: starting ascomycota_odb10 on cds_from_genomic.fna (9.8 MB)...
[17:46:32] [414/975] GCA_005059855.1  pass  C=98.1%  | rate=0.05/s  ETA=3.5h
  [17:46:51] GCA_005059865.1  busco: completed in 427s (rc=0)
  [17:46:51] GCA_027946515.1  busco: starting ascomycota_odb10 on cds_from_genomic.fna (18.3 MB)...
[17:46:53] [415/975] GCA_005059865.1  pass  C=94.6%  | rate=0.05/s  ETA=3.4h
  [17:47:31] GCF_000145635.1  busco: completed in 309s (rc=0)
  [17:47:31] GCA_003611195.1  busco: starting ascomycota_odb10 on cds_from_genomic.fna (10.6 MB)...
[17:47:32] [416/975] GCF_000145635.1  pass  C=98.1%  | rate=0.05/s  ETA=3.4h
  [17:47:59] GCA_051938815.1  busco: completed in 426s (rc=0)
  [17:47:59] GCA_003611215.1  busco: starting ascomycota_odb10 on cds_from_genomic.fna (10.5 MB)...
[17:48:00] [417/975] GCA_051938815.1  pass  C=99.4%  | rate=0.05/s  ETA=3.4h
  [17:48:10] GCA_051938805.1  busco: completed in 401s (rc=0)
  [17:48:10] GCA_003611235.1  busco: starting ascomycota_odb10 on cds_from_genomic.fna (10.4 MB)...
[17:48:11] [418/975] GCA_051938805.1  pass  C=99.4%  | rate=0.05/s  ETA=3.4h
  [17:48:21] GCA_051938625.1  busco: completed in 407s (rc=0)
  [17:48:21] GCA_006912115.1  busco: starting ascomycota_odb10 on cds_from_genomic.fna (12.4 MB)...
[17:48:23] [419/975] GCA_051938625.1  pass  C=99.1%  | rate=0.05/s  ETA=3.4h
  [17:48:31] GCA_000697645.1  busco: completed in 323s (rc=0)
  [17:48:31] GCF_019112545.1  busco: starting basidiomycota_odb10 on cds_from_genomic.fna (20.9 MB)...
  [17:48:31] GCF_012550715.1  busco: completed in 234s (rc=0)
  [17:48:31] GCA_019112545.1  busco: starting basidiomycota_odb10 on cds_from_genomic.fna (20.5 MB)...
[17:48:33] [420/975] GCA_000697645.1  pass  C=99.2%  | rate=0.05/s  ETA=3.4h
[17:48:34] [421/975] GCF_012550715.1  pass  C=98.0%  | rate=0.05/s  ETA=3.4h
  [17:48:45] GCA_012550715.1  busco: completed in 236s (rc=0)
  [17:48:45] GCA_002938385.1  busco: starting basidiomycota_odb10 on cds_from_genomic.fna (26.9 MB)...
[17:48:46] [422/975] GCA_012550715.1  pass  C=98.0%  | rate=0.05/s  ETA=3.4h
  [17:49:29] GCA_051938735.1  busco: completed in 386s (rc=0)
  [17:49:29] GCA_009733575.1  busco: starting basidiomycota_odb10 on cds_from_genomic.fna (38.4 MB)...
[17:49:31] [423/975] GCA_051938735.1  pass  C=99.2%  | rate=0.05/s  ETA=3.4h
  [17:49:36] GCA_030553325.1  busco: completed in 652s (rc=0)
  [17:49:36] GCA_000769265.1  busco: starting ascomycota_odb10 on cds_from_genomic.fna (15.1 MB)...
[17:49:37] [424/975] GCA_030553325.1  pass  C=98.6%  | rate=0.05/s  ETA=3.4h
  [17:49:44] GCA_051938685.1  busco: completed in 430s (rc=0)
  [17:49:44] GCA_000827355.1  busco: starting basidiomycota_odb10 on cds_from_genomic.fna (22.2 MB)...
[17:49:45] [425/975] GCA_051938685.1  pass  C=99.3%  | rate=0.05/s  ETA=3.4h
  [17:50:03] GCA_030412055.1  busco: completed in 723s (rc=0)
  [17:50:03] GCA_004681135.1  busco: starting basidiomycota_odb10 on cds_from_genomic.fna (15.5 MB)...
[17:50:05] [426/975] GCA_030412055.1  pass  C=97.1%  | rate=0.05/s  ETA=3.4h
  [17:50:19] GCA_030553385.1  busco: completed in 677s (rc=0)
  [17:50:19] GCF_000320585.1  busco: starting basidiomycota_odb10 on cds_from_genomic.fna (19.5 MB)...
[17:50:20] [427/975] GCA_030553385.1  pass  C=98.5%  | rate=0.05/s  ETA=3.4h
  [17:51:04] GCA_003611195.1  busco: completed in 213s (rc=0)
  [17:51:04] GCA_000320585.2  busco: starting basidiomycota_odb10 on cds_from_genomic.fna (19.1 MB)...
[17:51:05] [428/975] GCA_003611195.1  pass  C=96.0%  | rate=0.05/s  ETA=3.4h
  [17:51:30] GCA_003611215.1  busco: completed in 211s (rc=0)
  [17:51:30] GCA_000956045.1  busco: starting ascomycota_odb10 on cds_from_genomic.fna (21.6 MB)...
[17:51:32] [429/975] GCA_003611215.1  pass  C=96.2%  | rate=0.05/s  ETA=3.4h
  [17:51:34] GCA_003611235.1  busco: completed in 204s (rc=0)
  [17:51:34] GCA_020360975.2  busco: starting ascomycota_odb10 on cds_from_genomic.fna (22.1 MB)...
  [17:51:34] GCF_000409485.1  busco: completed in 354s (rc=0)
  [17:51:34] GCF_020360975.1  busco: starting ascomycota_odb10 on cds_from_genomic.fna (20.6 MB)...
[17:51:35] [430/975] GCA_003611235.1  pass  C=95.3%  | rate=0.05/s  ETA=3.3h
[17:51:36] [431/975] GCF_000409485.1  pass  C=98.3%  | rate=0.05/s  ETA=3.3h
  [17:52:07] GCA_000409485.1  busco: completed in 366s (rc=0)
  [17:52:07] GCA_020360975.1  busco: starting ascomycota_odb10 on cds_from_genomic.fna (20.2 MB)...
[17:52:08] [432/975] GCA_000409485.1  pass  C=98.3%  | rate=0.05/s  ETA=3.3h
  [17:52:27] GCF_019112545.1  busco: completed in 235s (rc=0)
  [17:52:27] GCF_002865645.1  busco: starting ascomycota_odb10 on cds_from_genomic.fna (29.0 MB)...
  [17:52:28] GCA_019112545.1  busco: completed in 237s (rc=0)
  [17:52:28] GCA_002865645.1  busco: starting ascomycota_odb10 on cds_from_genomic.fna (28.5 MB)...
[17:52:28] [433/975] GCF_019112545.1  pass  C=98.9%  | rate=0.05/s  ETA=3.3h
[17:52:29] [434/975] GCA_019112545.1  pass  C=98.9%  | rate=0.05/s  ETA=3.3h
  [17:52:32] GCA_000238015.2  busco: completed in 362s (rc=0)
  [17:52:32] GCA_002865625.1  busco: starting ascomycota_odb10 on cds_from_genomic.fna (25.7 MB)...
[17:52:33] [435/975] GCA_000238015.2  fail  C=38.5%  | rate=0.05/s  ETA=3.3h
  [17:52:45] GCA_006912115.1  busco: completed in 264s (rc=0)
  [17:52:45] GCA_002865655.1  busco: starting ascomycota_odb10 on cds_from_genomic.fna (32.3 MB)...
[17:52:46] [436/975] GCA_006912115.1  pass  C=89.1%  | rate=0.05/s  ETA=3.3h
  [17:53:19] GCA_027946515.1  busco: completed in 388s (rc=0)
  [17:53:19] GCA_014904985.1  busco: starting basidiomycota_odb10 on cds_from_genomic.fna (23.6 MB)...
[17:53:20] [437/975] GCA_027946515.1  pass  C=87.4%  | rate=0.05/s  ETA=3.3h
  [17:54:04] GCA_000769265.1  busco: completed in 268s (rc=0)
  [17:54:04] GCA_911693285.1  busco: starting ascomycota_odb10 on cds_from_genomic.fna (21.1 MB)...
[17:54:05] [438/975] GCA_000769265.1  pass  C=97.6%  | rate=0.05/s  ETA=3.3h
  [17:54:06] GCA_000827355.1  busco: completed in 262s (rc=0)
  [17:54:06] GCA_911649665.1  busco: starting ascomycota_odb10 on cds_from_genomic.fna (22.3 MB)...
  [17:54:07] GCF_000320585.1  busco: completed in 228s (rc=0)
  [17:54:07] GCA_000827495.1  busco: starting basidiomycota_odb10 on cds_from_genomic.fna (25.6 MB)...
[17:54:07] [439/975] GCA_000827355.1  pass  C=98.7%  | rate=0.05/s  ETA=3.3h
[17:54:08] [440/975] GCF_000320585.1  pass  C=98.2%  | rate=0.05/s  ETA=3.3h
  [17:54:18] GCA_002938385.1  busco: completed in 333s (rc=0)
  [17:54:18] GCA_022385585.1  busco: starting ascomycota_odb10 on cds_from_genomic.fna (21.3 MB)...
[17:54:19] [441/975] GCA_002938385.1  pass  C=94.3%  | rate=0.05/s  ETA=3.2h
  [17:54:23] GCA_000320585.2  busco: completed in 199s (rc=0)
  [17:54:23] GCA_022495175.1  busco: starting ascomycota_odb10 on cds_from_genomic.fna (21.7 MB)...
[17:54:24] [442/975] GCA_000320585.2  pass  C=98.2%  | rate=0.05/s  ETA=3.2h
  [17:54:29] GCA_004681135.1  busco: completed in 266s (rc=0)
  [17:54:29] GCA_022578845.1  busco: starting ascomycota_odb10 on cds_from_genomic.fna (20.4 MB)...
[17:54:30] [443/975] GCA_004681135.1  pass  C=67.9%  | rate=0.05/s  ETA=3.2h
  [17:56:02] GCA_009733575.1  busco: completed in 393s (rc=0)
  [17:56:02] GCA_022578875.1  busco: starting ascomycota_odb10 on cds_from_genomic.fna (21.5 MB)...
[17:56:03] [444/975] GCA_009733575.1  pass  C=97.0%  | rate=0.05/s  ETA=3.2h
  [17:56:39] GCF_020360975.1  busco: completed in 305s (rc=0)
  [17:56:39] GCA_022578945.1  busco: starting ascomycota_odb10 on cds_from_genomic.fna (20.9 MB)...
[17:56:40] [445/975] GCF_020360975.1  pass  C=98.9%  | rate=0.05/s  ETA=3.2h
  [17:57:12] GCA_020360975.1  busco: completed in 305s (rc=0)
  [17:57:12] GCA_022578595.1  busco: starting ascomycota_odb10 on cds_from_genomic.fna (21.9 MB)...
[17:57:13] [446/975] GCA_020360975.1  pass  C=98.9%  | rate=0.05/s  ETA=3.2h
  [17:57:15] GCA_020360975.2  busco: completed in 342s (rc=0)
  [17:57:16] GCA_022578615.1  busco: starting ascomycota_odb10 on cds_from_genomic.fna (24.2 MB)...
[17:57:17] [447/975] GCA_020360975.2  pass  C=98.9%  | rate=0.05/s  ETA=3.2h
  [17:57:45] GCA_000956045.1  busco: completed in 375s (rc=0)
  [17:57:45] GCA_002120315.1  busco: starting ascomycota_odb10 on cds_from_genomic.fna (19.2 MB)...
[17:57:47] [448/975] GCA_000956045.1  pass  C=96.2%  | rate=0.05/s  ETA=3.2h
  [17:57:54] GCA_014904985.1  busco: completed in 275s (rc=0)
  [17:57:54] GCA_002120305.1  busco: starting ascomycota_odb10 on cds_from_genomic.fna (20.1 MB)...
[17:57:55] [449/975] GCA_014904985.1  pass  C=95.1%  | rate=0.05/s  ETA=3.2h
  [17:58:38] GCA_000827495.1  busco: completed in 271s (rc=0)
  [17:58:38] GCA_002120335.1  busco: starting ascomycota_odb10 on cds_from_genomic.fna (20.5 MB)...
[17:58:39] [450/975] GCA_000827495.1  pass  C=99.0%  | rate=0.05/s  ETA=3.2h
  [18:00:01] GCA_022578845.1  busco: completed in 331s (rc=0)
  [18:00:01] GCA_022578575.1  busco: starting ascomycota_odb10 on cds_from_genomic.fna (18.8 MB)...
[18:00:02] [451/975] GCA_022578845.1  pass  C=99.1%  | rate=0.05/s  ETA=3.2h
  [18:00:08] GCA_022495175.1  busco: completed in 346s (rc=0)
  [18:00:08] GCA_022497025.1  busco: starting ascomycota_odb10 on cds_from_genomic.fna (19.2 MB)...
[18:00:09] [452/975] GCA_022495175.1  pass  C=98.4%  | rate=0.05/s  ETA=3.2h
  [18:00:14] GCA_002865625.1  busco: completed in 462s (rc=0)
  [18:00:14] GCA_022495205.1  busco: starting ascomycota_odb10 on cds_from_genomic.fna (19.1 MB)...
[18:00:15] [453/975] GCA_002865625.1  pass  C=98.8%  | rate=0.05/s  ETA=3.2h
  [18:00:37] GCA_022385585.1  busco: completed in 379s (rc=0)
  [18:00:37] GCA_022578955.1  busco: starting ascomycota_odb10 on cds_from_genomic.fna (20.7 MB)...
[18:00:39] [454/975] GCA_022385585.1  pass  C=99.3%  | rate=0.05/s  ETA=3.2h
  [18:00:42] GCA_911693285.1  busco: completed in 398s (rc=0)
  [18:00:42] GCA_051132625.1  busco: starting ascomycota_odb10 on cds_from_genomic.fna (21.0 MB)...
  [18:00:42] GCA_911649665.1  busco: completed in 396s (rc=0)
  [18:00:42] GCF_022578975.1  busco: starting ascomycota_odb10 on cds_from_genomic.fna (21.1 MB)...
[18:00:43] [455/975] GCA_911693285.1  pass  C=98.4%  | rate=0.05/s  ETA=3.2h
[18:00:44] [456/975] GCA_911649665.1  pass  C=98.4%  | rate=0.05/s  ETA=3.2h
  [18:00:58] GCA_002865645.1  busco: completed in 510s (rc=0)
  [18:00:58] GCA_022578975.1  busco: starting ascomycota_odb10 on cds_from_genomic.fna (20.8 MB)...
[18:01:00] [457/975] GCA_002865645.1  pass  C=98.5%  | rate=0.05/s  ETA=3.2h
  [18:01:35] GCF_002865645.1  busco: completed in 549s (rc=0)
  [18:01:35] GCA_001605315.2  busco: starting basidiomycota_odb10 on cds_from_genomic.fna (26.2 MB)...
[18:01:37] [458/975] GCF_002865645.1  pass  C=98.5%  | rate=0.05/s  ETA=3.2h
  [18:01:54] GCA_022578875.1  busco: completed in 352s (rc=0)
  [18:01:54] GCA_022578535.1  busco: starting ascomycota_odb10 on cds_from_genomic.fna (18.7 MB)...
[18:01:55] [459/975] GCA_022578875.1  pass  C=99.1%  | rate=0.05/s  ETA=3.2h
  [18:02:03] GCA_022578945.1  busco: completed in 324s (rc=0)
  [18:02:03] GCF_000497045.1  busco: starting basidiomycota_odb10 on cds_from_genomic.fna (12.9 MB)...
[18:02:04] [460/975] GCA_022578945.1  pass  C=99.1%  | rate=0.05/s  ETA=3.1h
  [18:02:12] GCA_002865655.1  busco: completed in 567s (rc=0)
  [18:02:12] GCA_000497045.1  busco: starting basidiomycota_odb10 on cds_from_genomic.fna (12.7 MB)...
[18:02:14] [461/975] GCA_002865655.1  pass  C=98.8%  | rate=0.05/s  ETA=3.1h
  [18:02:44] GCA_002120315.1  busco: completed in 298s (rc=0)
  [18:02:44] GCA_010093485.1  busco: starting ascomycota_odb10 on cds_from_genomic.fna (23.4 MB)...
[18:02:45] [462/975] GCA_002120315.1  pass  C=99.2%  | rate=0.05/s  ETA=3.1h
  [18:03:04] GCA_022578595.1  busco: completed in 352s (rc=0)
  [18:03:04] GCA_000827195.2  busco: starting basidiomycota_odb10 on cds_from_genomic.fna (23.4 MB)...
[18:03:05] [463/975] GCA_022578595.1  pass  C=99.3%  | rate=0.05/s  ETA=3.1h
  [18:03:17] GCA_022578615.1  busco: completed in 361s (rc=0)
  [18:03:17] GCA_058411285.1  busco: starting basidiomycota_odb10 on cds_from_genomic.fna (38.8 MB)...
[18:03:18] [464/975] GCA_022578615.1  pass  C=99.2%  | rate=0.05/s  ETA=3.1h
  [18:03:25] GCA_002120305.1  busco: completed in 331s (rc=0)
  [18:03:25] GCF_000143565.1  busco: starting basidiomycota_odb10 on cds_from_genomic.fna (25.7 MB)...
[18:03:26] [465/975] GCA_002120305.1  pass  C=98.8%  | rate=0.05/s  ETA=3.1h
  [18:04:22] GCA_002120335.1  busco: completed in 344s (rc=0)
  [18:04:22] GCA_059996225.1  busco: starting basidiomycota_odb10 on cds_from_genomic.fna (28.2 MB)...
[18:04:23] [466/975] GCA_002120335.1  pass  C=98.4%  | rate=0.05/s  ETA=3.1h
  [18:04:39] GCA_022578575.1  busco: completed in 279s (rc=0)
  [18:04:39] GCA_059927845.1  busco: starting basidiomycota_odb10 on cds_from_genomic.fna (28.3 MB)...
[18:04:41] [467/975] GCA_022578575.1  pass  C=99.3%  | rate=0.05/s  ETA=3.1h
  [18:04:46] GCA_000497045.1  busco: completed in 154s (rc=0)
  [18:04:46] GCA_027886315.1  busco: starting basidiomycota_odb10 on cds_from_genomic.fna (19.8 MB)...
[18:04:48] [468/975] GCA_000497045.1  pass  C=99.4%  | rate=0.05/s  ETA=3.1h
  [18:04:49] GCF_000497045.1  busco: completed in 166s (rc=0)
  [18:04:49] GCA_027886325.1  busco: starting basidiomycota_odb10 on cds_from_genomic.fna (19.6 MB)...
[18:04:51] [469/975] GCF_000497045.1  pass  C=99.4%  | rate=0.05/s  ETA=3.1h
  [18:05:14] GCA_022497025.1  busco: completed in 306s (rc=0)
  [18:05:14] GCA_027886305.1  busco: starting basidiomycota_odb10 on cds_from_genomic.fna (20.2 MB)...
[18:05:15] [470/975] GCA_022497025.1  pass  C=99.4%  | rate=0.05/s  ETA=3.1h
  [18:05:30] GCA_022495205.1  busco: completed in 316s (rc=0)
  [18:05:30] GCA_027886635.1  busco: starting basidiomycota_odb10 on cds_from_genomic.fna (19.4 MB)...
[18:05:31] [471/975] GCA_022495205.1  pass  C=98.8%  | rate=0.05/s  ETA=3.1h
  [18:06:02] GCA_051132625.1  busco: completed in 321s (rc=0)
  [18:06:02] GCA_027886465.1  busco: starting basidiomycota_odb10 on cds_from_genomic.fna (20.1 MB)...
[18:06:04] [472/975] GCA_051132625.1  pass  C=99.3%  | rate=0.05/s  ETA=3.1h
  [18:06:26] GCA_001605315.2  busco: completed in 291s (rc=0)
  [18:06:26] GCA_027886755.1  busco: starting basidiomycota_odb10 on cds_from_genomic.fna (22.1 MB)...
[18:06:28] [473/975] GCA_001605315.2  pass  C=99.2%  | rate=0.05/s  ETA=3.1h
  [18:06:35] GCA_022578955.1  busco: completed in 358s (rc=0)
  [18:06:35] GCA_027887095.1  busco: starting basidiomycota_odb10 on cds_from_genomic.fna (21.3 MB)...
[18:06:36] [474/975] GCA_022578955.1  pass  C=98.9%  | rate=0.05/s  ETA=3.0h
  [18:06:47] GCA_022578535.1  busco: completed in 294s (rc=0)
  [18:06:47] GCA_027917475.1  busco: starting basidiomycota_odb10 on cds_from_genomic.fna (22.0 MB)...
[18:06:49] [475/975] GCA_022578535.1  pass  C=99.2%  | rate=0.05/s  ETA=3.0h
  [18:06:50] GCA_022578975.1  busco: completed in 352s (rc=0)
  [18:06:50] GCA_027917485.1  busco: starting basidiomycota_odb10 on cds_from_genomic.fna (21.0 MB)...
  [18:06:50] GCF_022578975.1  busco: completed in 368s (rc=0)
  [18:06:50] GCA_027917355.1  busco: starting basidiomycota_odb10 on cds_from_genomic.fna (20.0 MB)...
[18:06:51] [476/975] GCA_022578975.1  pass  C=99.5%  | rate=0.05/s  ETA=3.0h
[18:06:53] [477/975] GCF_022578975.1  pass  C=99.5%  | rate=0.05/s  ETA=3.0h
  [18:07:27] GCA_000827195.2  busco: completed in 263s (rc=0)
  [18:07:27] GCA_027917575.1  busco: starting basidiomycota_odb10 on cds_from_genomic.fna (21.9 MB)...
[18:07:29] [478/975] GCA_000827195.2  pass  C=99.2%  | rate=0.05/s  ETA=3.0h
  [18:08:04] GCA_058411285.1  busco: completed in 288s (rc=0)
  [18:08:04] GCA_027921425.1  busco: starting basidiomycota_odb10 on cds_from_genomic.fna (19.8 MB)...
[18:08:06] [479/975] GCA_058411285.1  pass  C=100.0%  | rate=0.05/s  ETA=3.0h
  [18:08:38] GCA_027886315.1  busco: completed in 232s (rc=0)
  [18:08:38] GCA_027886345.1  busco: starting basidiomycota_odb10 on cds_from_genomic.fna (23.7 MB)...
[18:08:39] [480/975] GCA_027886315.1  pass  C=99.0%  | rate=0.05/s  ETA=3.0h
  [18:08:56] GCA_027886325.1  busco: completed in 247s (rc=0)
  [18:08:56] GCA_027886495.1  busco: starting basidiomycota_odb10 on cds_from_genomic.fna (22.8 MB)...
[18:08:58] [481/975] GCA_027886325.1  pass  C=99.2%  | rate=0.05/s  ETA=3.0h
  [18:09:01] GCA_010093485.1  busco: completed in 377s (rc=0)
  [18:09:01] GCA_027886735.1  busco: starting basidiomycota_odb10 on cds_from_genomic.fna (23.1 MB)...
[18:09:02] [482/975] GCA_010093485.1  pass  C=98.5%  | rate=0.05/s  ETA=3.0h
  [18:09:11] GCA_027886305.1  busco: completed in 237s (rc=0)
  [18:09:11] GCA_027886695.1  busco: starting basidiomycota_odb10 on cds_from_genomic.fna (23.0 MB)...
[18:09:12] [483/975] GCA_027886305.1  pass  C=98.4%  | rate=0.05/s  ETA=3.0h
  [18:09:15] GCF_000143565.1  busco: completed in 350s (rc=0)
  [18:09:15] GCA_010405425.1  busco: starting ascomycota_odb10 on cds_from_genomic.fna (25.2 MB)...
[18:09:16] [484/975] GCF_000143565.1  pass  C=90.7%  | rate=0.05/s  ETA=3.0h
  [18:09:25] GCA_027886635.1  busco: completed in 235s (rc=0)
  [18:09:25] GCA_021432625.1  busco: starting ascomycota_odb10 on cds_from_genomic.fna (32.7 MB)...
[18:09:27] [485/975] GCA_027886635.1  pass  C=99.0%  | rate=0.05/s  ETA=3.0h
  [18:09:45] GCA_027886465.1  busco: completed in 222s (rc=0)
  [18:09:45] GCA_001563735.1  busco: starting basidiomycota_odb10 on cds_from_genomic.fna (19.5 MB)...
[18:09:47] [486/975] GCA_027886465.1  pass  C=99.0%  | rate=0.05/s  ETA=3.0h
  [18:10:29] GCA_059996225.1  busco: completed in 367s (rc=0)
  [18:10:29] GCA_027627405.1  busco: starting basidiomycota_odb10 on cds_from_genomic.fna (24.4 MB)...
[18:10:30] [487/975] GCA_059996225.1  pass  C=98.9%  | rate=0.05/s  ETA=3.0h
  [18:10:40] GCA_059927845.1  busco: completed in 361s (rc=0)
  [18:10:40] GCA_052360485.1  busco: starting basidiomycota_odb10 on cds_from_genomic.fna (14.3 MB)...
[18:10:42] [488/975] GCA_059927845.1  pass  C=88.0%  | rate=0.05/s  ETA=2.9h
  [18:11:10] GCA_027887095.1  busco: completed in 275s (rc=0)
  [18:11:10] GCF_010093535.1  busco: starting ascomycota_odb10 on cds_from_genomic.fna (26.2 MB)...
[18:11:11] [489/975] GCA_027887095.1  pass  C=98.3%  | rate=0.05/s  ETA=2.9h
  [18:11:17] GCA_027917485.1  busco: completed in 267s (rc=0)
  [18:11:17] GCA_010093535.1  busco: starting ascomycota_odb10 on cds_from_genomic.fna (25.8 MB)...
[18:11:18] [490/975] GCA_027917485.1  pass  C=97.8%  | rate=0.05/s  ETA=2.9h
  [18:11:24] GCA_027917355.1  busco: completed in 274s (rc=0)
  [18:11:24] GCA_010094045.1  busco: starting ascomycota_odb10 on cds_from_genomic.fna (21.4 MB)...
[18:11:25] [491/975] GCA_027917355.1  pass  C=98.3%  | rate=0.05/s  ETA=2.9h
  [18:11:26] GCA_027886755.1  busco: completed in 299s (rc=0)
  [18:11:26] GCA_010405375.1  busco: starting ascomycota_odb10 on cds_from_genomic.fna (25.2 MB)...
[18:11:27] [492/975] GCA_027886755.1  pass  C=98.3%  | rate=0.05/s  ETA=2.9h
  [18:11:37] GCA_027917475.1  busco: completed in 290s (rc=0)
  [18:11:37] GCA_010015825.1  busco: starting ascomycota_odb10 on cds_from_genomic.fna (28.6 MB)...
[18:11:38] [493/975] GCA_027917475.1  pass  C=98.8%  | rate=0.05/s  ETA=2.9h
  [18:11:55] GCA_027917575.1  busco: completed in 268s (rc=0)
  [18:11:55] GCA_015584085.1  busco: starting basidiomycota_odb10 on cds_from_genomic.fna (22.3 MB)...
[18:11:56] [494/975] GCA_027917575.1  pass  C=98.5%  | rate=0.05/s  ETA=2.9h
  [18:12:15] GCA_027921425.1  busco: completed in 251s (rc=0)
  [18:12:15] GCF_010093625.1  busco: starting ascomycota_odb10 on cds_from_genomic.fna (20.3 MB)...
[18:12:17] [495/975] GCA_027921425.1  pass  C=98.3%  | rate=0.05/s  ETA=2.9h
  [18:13:06] GCA_027886345.1  busco: completed in 268s (rc=0)
  [18:13:06] GCA_010093625.1  busco: starting ascomycota_odb10 on cds_from_genomic.fna (19.9 MB)...
[18:13:07] [496/975] GCA_027886345.1  pass  C=98.9%  | rate=0.05/s  ETA=2.9h
  [18:13:51] GCA_001563735.1  busco: completed in 246s (rc=0)
  [18:13:51] GCA_000193285.1  busco: starting ascomycota_odb10 on cds_from_genomic.fna (18.4 MB)...
[18:13:52] [497/975] GCA_001563735.1  pass  C=92.6%  | rate=0.05/s  ETA=2.9h
  [18:13:52] GCA_027886495.1  busco: completed in 296s (rc=0)
  [18:13:52] GCA_040437605.1  busco: starting basidiomycota_odb10 on cds_from_genomic.fna (31.1 MB)...
  [18:13:53] GCA_027886735.1  busco: completed in 292s (rc=0)
  [18:13:53] GCA_014904975.1  busco: starting basidiomycota_odb10 on cds_from_genomic.fna (24.6 MB)...
[18:13:54] [498/975] GCA_027886495.1  pass  C=98.4%  | rate=0.05/s  ETA=2.9h
  [18:13:54] GCA_027886695.1  busco: completed in 283s (rc=0)
  [18:13:54] GCF_018924745.1  busco: starting basidiomycota_odb10 on cds_from_genomic.fna (24.3 MB)...
[18:13:55] [499/975] GCA_027886735.1  pass  C=98.7%  | rate=0.05/s  ETA=2.9h
[18:13:56] [500/975] GCA_027886695.1  pass  C=98.1%  | rate=0.05/s  ETA=2.9h
  [18:14:02] GCA_052360485.1  busco: completed in 202s (rc=0)
  [18:14:02] GCA_018924745.1  busco: starting basidiomycota_odb10 on cds_from_genomic.fna (23.9 MB)...
[18:14:04] [501/975] GCA_052360485.1  pass  C=91.9%  | rate=0.05/s  ETA=2.8h
  [18:14:59] GCA_010405425.1  busco: completed in 344s (rc=0)
  [18:14:59] GCA_024721195.1  busco: starting basidiomycota_odb10 on cds_from_genomic.fna (34.3 MB)...
[18:15:00] [502/975] GCA_010405425.1  pass  C=98.6%  | rate=0.05/s  ETA=2.8h
  [18:16:12] GCA_027627405.1  busco: completed in 343s (rc=0)
  [18:16:12] GCA_029532415.1  busco: starting basidiomycota_odb10 on cds_from_genomic.fna (33.0 MB)...
[18:16:14] [503/975] GCA_027627405.1  pass  C=84.7%  | rate=0.05/s  ETA=2.9h
  [18:16:22] GCA_015584085.1  busco: completed in 267s (rc=0)
  [18:16:22] GCA_055000085.1  busco: starting basidiomycota_odb10 on cds_from_genomic.fna (28.2 MB)...
[18:16:23] [504/975] GCA_015584085.1  pass  C=98.5%  | rate=0.05/s  ETA=2.8h
  [18:17:29] GCF_010093625.1  busco: completed in 314s (rc=0)
  [18:17:29] GCA_040207205.1  busco: starting basidiomycota_odb10 on cds_from_genomic.fna (26.3 MB)...
[18:17:31] [505/975] GCF_010093625.1  pass  C=99.0%  | rate=0.05/s  ETA=2.9h
  [18:17:48] GCA_010094045.1  busco: completed in 384s (rc=0)
  [18:17:48] GCA_010093635.1  busco: starting ascomycota_odb10 on cds_from_genomic.fna (20.5 MB)...
[18:17:50] [506/975] GCA_010094045.1  pass  C=98.6%  | rate=0.05/s  ETA=2.8h
  [18:18:08] GCA_021432625.1  busco: completed in 523s (rc=0)
  [18:18:08] GCA_010093585.1  busco: starting ascomycota_odb10 on cds_from_genomic.fna (24.8 MB)...
[18:18:09] [507/975] GCA_021432625.1  pass  C=99.3%  | rate=0.05/s  ETA=2.8h
  [18:18:20] GCA_010093625.1  busco: completed in 314s (rc=0)
  [18:18:20] GCF_000804445.1  busco: starting ascomycota_odb10 on cds_from_genomic.fna (14.9 MB)...
[18:18:21] [508/975] GCA_010093625.1  pass  C=99.0%  | rate=0.05/s  ETA=2.8h
  [18:18:47] GCF_018924745.1  busco: completed in 293s (rc=0)
  [18:18:47] GCA_000804445.1  busco: starting ascomycota_odb10 on cds_from_genomic.fna (14.6 MB)...
[18:18:48] [509/975] GCF_018924745.1  pass  C=96.6%  | rate=0.05/s  ETA=2.8h
  [18:18:51] GCA_010405375.1  busco: completed in 445s (rc=0)
  [18:18:51] GCA_000426985.1  busco: starting ascomycota_odb10 on cds_from_genomic.fna (19.0 MB)...
[18:18:52] [510/975] GCA_010405375.1  pass  C=98.2%  | rate=0.05/s  ETA=2.8h
  [18:18:57] GCF_010093535.1  busco: completed in 467s (rc=0)
  [18:18:57] GCA_000426965.1  busco: starting ascomycota_odb10 on cds_from_genomic.fna (19.0 MB)...
[18:18:58] [511/975] GCF_010093535.1  pass  C=99.0%  | rate=0.05/s  ETA=2.8h
  [18:19:01] GCA_010093535.1  busco: completed in 464s (rc=0)
  [18:19:01] GCF_013426205.1  busco: starting ascomycota_odb10 on cds_from_genomic.fna (20.2 MB)...
[18:19:02] [512/975] GCA_010093535.1  pass  C=99.0%  | rate=0.05/s  ETA=2.8h
  [18:19:23] GCA_018924745.1  busco: completed in 320s (rc=0)
  [18:19:23] GCF_000814965.1  busco: starting ascomycota_odb10 on cds_from_genomic.fna (18.7 MB)...
[18:19:24] [513/975] GCA_018924745.1  pass  C=96.6%  | rate=0.05/s  ETA=2.8h
  [18:19:33] GCA_014904975.1  busco: completed in 340s (rc=0)
  [18:19:33] GCA_013426205.1  busco: starting ascomycota_odb10 on cds_from_genomic.fna (19.9 MB)...
[18:19:34] [514/975] GCA_014904975.1  pass  C=99.4%  | rate=0.05/s  ETA=2.8h
  [18:19:52] GCA_010015825.1  busco: completed in 495s (rc=0)
  [18:19:52] GCA_039795395.1  busco: starting ascomycota_odb10 on cds_from_genomic.fna (19.7 MB)...
[18:19:53] [515/975] GCA_010015825.1  pass  C=99.1%  | rate=0.05/s  ETA=2.8h
  [18:20:26] GCA_000193285.1  busco: completed in 395s (rc=0)
  [18:20:26] GCA_000814955.1  busco: starting ascomycota_odb10 on cds_from_genomic.fna (20.1 MB)...
[18:20:27] [516/975] GCA_000193285.1  pass  C=77.8%  | rate=0.05/s  ETA=2.8h
  [18:21:12] GCA_040437605.1  busco: completed in 439s (rc=0)
  [18:21:12] GCA_020102295.1  busco: starting ascomycota_odb10 on cds_from_genomic.fna (18.7 MB)...
[18:21:13] [517/975] GCA_040437605.1  pass  C=88.7%  | rate=0.05/s  ETA=2.8h
  [18:22:28] GCA_024721195.1  busco: completed in 449s (rc=0)
  [18:22:28] GCA_000814975.1  busco: starting ascomycota_odb10 on cds_from_genomic.fna (18.8 MB)...
[18:22:29] [518/975] GCA_024721195.1  pass  C=90.2%  | rate=0.05/s  ETA=2.8h
  [18:23:01] GCA_055000085.1  busco: completed in 399s (rc=0)
  [18:23:01] GCF_000814945.1  busco: starting ascomycota_odb10 on cds_from_genomic.fna (19.9 MB)...
[18:23:02] [519/975] GCA_055000085.1  pass  C=86.7%  | rate=0.05/s  ETA=2.8h
  [18:23:02] GCF_000804445.1  busco: completed in 282s (rc=0)
  [18:23:02] GCA_000814945.1  busco: starting ascomycota_odb10 on cds_from_genomic.fna (19.5 MB)...
[18:23:04] [520/975] GCF_000804445.1  pass  C=96.6%  | rate=0.05/s  ETA=2.8h
  [18:23:42] GCA_000804445.1  busco: completed in 295s (rc=0)
  [18:23:42] GCA_007866325.1  busco: starting ascomycota_odb10 on cds_from_genomic.fna (15.4 MB)...
[18:23:44] [521/975] GCA_000804445.1  pass  C=96.6%  | rate=0.05/s  ETA=2.8h
  [18:23:47] GCA_010093635.1  busco: completed in 359s (rc=0)
  [18:23:47] GCA_001636745.1  busco: starting ascomycota_odb10 on cds_from_genomic.fna (15.3 MB)...
[18:23:49] [522/975] GCA_010093635.1  pass  C=97.9%  | rate=0.05/s  ETA=2.8h
  [18:23:59] GCA_040207205.1  busco: completed in 390s (rc=0)
  [18:23:59] GCA_042186575.1  busco: starting ascomycota_odb10 on cds_from_genomic.fna (15.8 MB)...
[18:24:00] [523/975] GCA_040207205.1  pass  C=86.4%  | rate=0.05/s  ETA=2.7h
  [18:24:03] GCA_029532415.1  busco: completed in 471s (rc=0)
  [18:24:03] GCA_001566295.1  busco: starting ascomycota_odb10 on cds_from_genomic.fna (21.0 MB)...
[18:24:05] [524/975] GCA_029532415.1  pass  C=92.9%  | rate=0.05/s  ETA=2.7h
  [18:24:17] GCA_010093585.1  busco: completed in 369s (rc=0)
  [18:24:17] GCA_001636675.1  busco: starting ascomycota_odb10 on cds_from_genomic.fna (14.7 MB)...
[18:24:18] [525/975] GCA_010093585.1  pass  C=99.1%  | rate=0.05/s  ETA=2.7h
  [18:25:08] GCF_013426205.1  busco: completed in 367s (rc=0)
  [18:25:08] GCF_000747765.1  busco: starting basidiomycota_odb10 on cds_from_genomic.fna (14.1 MB)...
[18:25:09] [526/975] GCF_013426205.1  pass  C=99.0%  | rate=0.05/s  ETA=2.7h
  [18:25:11] GCA_000426965.1  busco: completed in 374s (rc=0)
  [18:25:11] GCA_000747765.1  busco: starting basidiomycota_odb10 on cds_from_genomic.fna (13.8 MB)...
[18:25:12] [527/975] GCA_000426965.1  pass  C=97.4%  | rate=0.05/s  ETA=2.7h
  [18:25:16] GCF_000814965.1  busco: completed in 354s (rc=0)
  [18:25:16] GCA_000334475.1  busco: starting basidiomycota_odb10 on cds_from_genomic.fna (13.5 MB)...
  [18:25:17] GCA_000426985.1  busco: completed in 386s (rc=0)
  [18:25:17] GCA_000517465.1  busco: starting basidiomycota_odb10 on cds_from_genomic.fna (12.2 MB)...
[18:25:17] [528/975] GCF_000814965.1  pass  C=97.0%  | rate=0.05/s  ETA=2.7h
[18:25:19] [529/975] GCA_000426985.1  pass  C=96.7%  | rate=0.05/s  ETA=2.7h
  [18:25:20] GCA_013426205.1  busco: completed in 347s (rc=0)
  [18:25:20] GCF_001500285.1  busco: starting ascomycota_odb10 on cds_from_genomic.fna (29.3 MB)...
[18:25:21] [530/975] GCA_013426205.1  pass  C=99.0%  | rate=0.05/s  ETA=2.7h
  [18:25:37] GCA_039795395.1  busco: completed in 345s (rc=0)
  [18:25:37] GCA_001500285.1  busco: starting ascomycota_odb10 on cds_from_genomic.fna (28.8 MB)...
[18:25:38] [531/975] GCA_039795395.1  pass  C=98.8%  | rate=0.05/s  ETA=2.7h
  [18:26:34] GCA_000814955.1  busco: completed in 367s (rc=0)
  [18:26:34] GCA_025999795.1  busco: starting ascomycota_odb10 on cds_from_genomic.fna (16.4 MB)...
[18:26:35] [532/975] GCA_000814955.1  pass  C=96.3%  | rate=0.05/s  ETA=2.7h
  [18:27:01] GCA_020102295.1  busco: completed in 349s (rc=0)
  [18:27:01] GCA_006542485.1  busco: starting ascomycota_odb10 on cds_from_genomic.fna (14.2 MB)...
[18:27:02] [533/975] GCA_020102295.1  pass  C=96.2%  | rate=0.05/s  ETA=2.7h
  [18:28:02] GCA_000747765.1  busco: completed in 171s (rc=0)
  [18:28:02] GCA_058219135.1  busco: starting ascomycota_odb10 on cds_from_genomic.fna (13.8 MB)...
  [18:28:02] GCF_000747765.1  busco: completed in 175s (rc=0)
  [18:28:02] GCA_004154925.1  busco: starting ascomycota_odb10 on cds_from_genomic.fna (17.7 MB)...
[18:28:03] [534/975] GCA_000747765.1  pass  C=98.3%  | rate=0.05/s  ETA=2.7h
[18:28:05] [535/975] GCF_000747765.1  pass  C=98.3%  | rate=0.05/s  ETA=2.7h
  [18:28:13] GCA_000334475.1  busco: completed in 177s (rc=0)
  [18:28:13] GCA_004155895.1  busco: starting ascomycota_odb10 on cds_from_genomic.fna (19.1 MB)...
[18:28:14] [536/975] GCA_000334475.1  pass  C=95.3%  | rate=0.05/s  ETA=2.7h
  [18:28:19] GCA_000814975.1  busco: completed in 351s (rc=0)
  [18:28:19] GCA_004154915.1  busco: starting ascomycota_odb10 on cds_from_genomic.fna (18.5 MB)...
[18:28:20] [537/975] GCA_000814975.1  pass  C=96.8%  | rate=0.05/s  ETA=2.6h
  [18:28:25] GCA_007866325.1  busco: completed in 282s (rc=0)
  [18:28:25] GCA_004155035.1  busco: starting ascomycota_odb10 on cds_from_genomic.fna (21.0 MB)...
[18:28:26] [538/975] GCA_007866325.1  pass  C=98.3%  | rate=0.05/s  ETA=2.6h
  [18:28:41] GCA_000517465.1  busco: completed in 204s (rc=0)
  [18:28:41] GCA_004155055.1  busco: starting ascomycota_odb10 on cds_from_genomic.fna (19.6 MB)...
[18:28:42] [539/975] GCA_000517465.1  pass  C=89.7%  | rate=0.05/s  ETA=2.6h
  [18:28:54] GCA_001636675.1  busco: completed in 277s (rc=0)
  [18:28:54] GCA_004155915.1  busco: starting ascomycota_odb10 on cds_from_genomic.fna (19.7 MB)...
  [18:28:55] GCA_000814945.1  busco: completed in 353s (rc=0)
  [18:28:55] GCA_004155935.1  busco: starting ascomycota_odb10 on cds_from_genomic.fna (20.0 MB)...
[18:28:55] [540/975] GCA_001636675.1  pass  C=96.4%  | rate=0.05/s  ETA=2.6h
[18:28:56] [541/975] GCA_000814945.1  pass  C=96.6%  | rate=0.05/s  ETA=2.6h
  [18:29:03] GCA_001636745.1  busco: completed in 315s (rc=0)
  [18:29:03] GCA_004154975.1  busco: starting ascomycota_odb10 on cds_from_genomic.fna (17.7 MB)...
[18:29:04] [542/975] GCA_001636745.1  pass  C=98.1%  | rate=0.05/s  ETA=2.6h
  [18:29:20] GCA_042186575.1  busco: completed in 321s (rc=0)
  [18:29:20] GCA_004155925.1  busco: starting ascomycota_odb10 on cds_from_genomic.fna (19.7 MB)...
[18:29:21] [543/975] GCA_042186575.1  pass  C=91.8%  | rate=0.05/s  ETA=2.6h
  [18:29:23] GCF_000814945.1  busco: completed in 383s (rc=0)
  [18:29:23] GCA_004155945.1  busco: starting ascomycota_odb10 on cds_from_genomic.fna (20.1 MB)...
[18:29:24] [544/975] GCF_000814945.1  pass  C=96.6%  | rate=0.05/s  ETA=2.6h
  [18:29:48] GCA_001566295.1  busco: completed in 344s (rc=0)
  [18:29:48] GCA_022578505.1  busco: starting ascomycota_odb10 on cds_from_genomic.fna (24.7 MB)...
[18:29:49] [545/975] GCA_001566295.1  pass  C=97.7%  | rate=0.05/s  ETA=2.6h
  [18:31:58] GCA_006542485.1  busco: completed in 297s (rc=0)
  [18:31:58] GCA_022578665.1  busco: starting ascomycota_odb10 on cds_from_genomic.fna (21.8 MB)...
[18:31:59] [546/975] GCA_006542485.1  pass  C=97.3%  | rate=0.05/s  ETA=2.6h
  [18:32:16] GCA_025999795.1  busco: completed in 343s (rc=0)
  [18:32:16] GCA_022578855.1  busco: starting ascomycota_odb10 on cds_from_genomic.fna (20.8 MB)...
  [18:32:17] GCF_001500285.1  busco: completed in 417s (rc=0)
  [18:32:17] GCA_022578675.1  busco: starting ascomycota_odb10 on cds_from_genomic.fna (18.9 MB)...
[18:32:17] [547/975] GCA_025999795.1  pass  C=98.2%  | rate=0.05/s  ETA=2.6h
[18:32:19] [548/975] GCF_001500285.1  pass  C=99.4%  | rate=0.05/s  ETA=2.6h
  [18:32:40] GCA_001500285.1  busco: completed in 424s (rc=0)
  [18:32:40] GCA_022578685.1  busco: starting ascomycota_odb10 on cds_from_genomic.fna (21.0 MB)...
[18:32:42] [549/975] GCA_001500285.1  pass  C=99.4%  | rate=0.05/s  ETA=2.6h
  [18:32:54] GCA_058219135.1  busco: completed in 292s (rc=0)
  [18:32:54] GCA_022578715.1  busco: starting ascomycota_odb10 on cds_from_genomic.fna (21.2 MB)...
[18:32:56] [550/975] GCA_058219135.1  pass  C=95.8%  | rate=0.05/s  ETA=2.6h
  [18:33:19] GCA_004154925.1  busco: completed in 317s (rc=0)
  [18:33:20] GCA_022578495.1  busco: starting ascomycota_odb10 on cds_from_genomic.fna (20.3 MB)...
[18:33:21] [551/975] GCA_004154925.1  pass  C=96.7%  | rate=0.05/s  ETA=2.6h
  [18:33:31] GCA_004155895.1  busco: completed in 318s (rc=0)
  [18:33:31] GCF_000385595.1  busco: starting ascomycota_odb10 on cds_from_genomic.fna (16.0 MB)...
[18:33:32] [552/975] GCA_004155895.1  pass  C=96.6%  | rate=0.05/s  ETA=2.6h
  [18:33:35] GCA_004154915.1  busco: completed in 316s (rc=0)
  [18:33:35] GCA_056114585.1  busco: starting ascomycota_odb10 on cds_from_genomic.fna (22.7 MB)...
[18:33:36] [553/975] GCA_004154915.1  pass  C=96.4%  | rate=0.05/s  ETA=2.5h
  [18:33:59] GCA_004155035.1  busco: completed in 334s (rc=0)
  [18:33:59] GCA_030270345.1  busco: starting ascomycota_odb10 on cds_from_genomic.fna (20.8 MB)...
[18:34:00] [554/975] GCA_004155035.1  pass  C=97.7%  | rate=0.05/s  ETA=2.5h
  [18:34:02] GCA_004155055.1  busco: completed in 321s (rc=0)
  [18:34:02] GCA_030270365.1  busco: starting ascomycota_odb10 on cds_from_genomic.fna (20.9 MB)...
[18:34:03] [555/975] GCA_004155055.1  pass  C=95.8%  | rate=0.05/s  ETA=2.5h
  [18:34:07] GCA_004154975.1  busco: completed in 304s (rc=0)
  [18:34:07] GCA_021436925.2  busco: starting ascomycota_odb10 on cds_from_genomic.fna (21.5 MB)...
[18:34:08] [556/975] GCA_004154975.1  pass  C=96.9%  | rate=0.05/s  ETA=2.5h
  [18:34:21] GCA_004155915.1  busco: completed in 327s (rc=0)
  [18:34:21] GCF_010093505.1  busco: starting ascomycota_odb10 on cds_from_genomic.fna (16.3 MB)...
[18:34:22] [557/975] GCA_004155915.1  pass  C=96.8%  | rate=0.05/s  ETA=2.5h
  [18:34:42] GCA_004155935.1  busco: completed in 347s (rc=0)
  [18:34:42] GCA_010093505.1  busco: starting ascomycota_odb10 on cds_from_genomic.fna (16.1 MB)...
[18:34:43] [558/975] GCA_004155935.1  pass  C=96.6%  | rate=0.05/s  ETA=2.5h
  [18:34:58] GCA_004155925.1  busco: completed in 338s (rc=0)
  [18:34:58] GCA_037954305.1  busco: starting ascomycota_odb10 on cds_from_genomic.fna (21.2 MB)...
[18:34:59] [559/975] GCA_004155925.1  pass  C=96.6%  | rate=0.05/s  ETA=2.5h
  [18:35:01] GCA_004155945.1  busco: completed in 338s (rc=0)
  [18:35:01] GCA_037954315.1  busco: starting ascomycota_odb10 on cds_from_genomic.fna (23.0 MB)...
[18:35:02] [560/975] GCA_004155945.1  pass  C=96.6%  | rate=0.05/s  ETA=2.5h
  [18:35:44] GCA_022578505.1  busco: completed in 356s (rc=0)
  [18:35:44] GCA_001636815.1  busco: starting ascomycota_odb10 on cds_from_genomic.fna (17.6 MB)...
[18:35:45] [561/975] GCA_022578505.1  pass  C=98.9%  | rate=0.05/s  ETA=2.5h
  [18:37:00] GCA_022578675.1  busco: completed in 283s (rc=0)
  [18:37:00] GCA_021642125.2  busco: starting ascomycota_odb10 on cds_from_genomic.fna (17.1 MB)...
[18:37:01] [562/975] GCA_022578675.1  pass  C=98.9%  | rate=0.05/s  ETA=2.5h
  [18:37:16] GCA_022578665.1  busco: completed in 318s (rc=0)
  [18:37:16] GCA_042604555.1  busco: starting ascomycota_odb10 on cds_from_genomic.fna (26.9 MB)...
[18:37:17] [563/975] GCA_022578665.1  pass  C=98.5%  | rate=0.05/s  ETA=2.5h
  [18:37:32] GCA_022578855.1  busco: completed in 316s (rc=0)
  [18:37:32] GCA_010093685.1  busco: starting ascomycota_odb10 on cds_from_genomic.fna (24.7 MB)...
[18:37:33] [564/975] GCA_022578855.1  pass  C=98.9%  | rate=0.05/s  ETA=2.5h
  [18:38:13] GCA_022578685.1  busco: completed in 333s (rc=0)
  [18:38:13] GCA_002591415.1  busco: starting ascomycota_odb10 on cds_from_genomic.fna (13.7 MB)...
[18:38:15] [565/975] GCA_022578685.1  pass  C=98.6%  | rate=0.05/s  ETA=2.5h
  [18:38:45] GCA_022578715.1  busco: completed in 351s (rc=0)
  [18:38:45] GCA_002591405.1  busco: starting ascomycota_odb10 on cds_from_genomic.fna (13.1 MB)...
[18:38:46] [566/975] GCA_022578715.1  pass  C=98.9%  | rate=0.05/s  ETA=2.5h
  [18:39:24] GCA_022578495.1  busco: completed in 364s (rc=0)
  [18:39:24] GCA_003339455.1  busco: starting ascomycota_odb10 on cds_from_genomic.fna (13.2 MB)...
  [18:39:24] GCA_010093505.1  busco: completed in 282s (rc=0)
  [18:39:24] GCA_002591395.1  busco: starting ascomycota_odb10 on cds_from_genomic.fna (12.8 MB)...
[18:39:25] [567/975] GCA_022578495.1  pass  C=98.6%  | rate=0.05/s  ETA=2.5h
[18:39:26] [568/975] GCA_010093505.1  pass  C=98.6%  | rate=0.05/s  ETA=2.5h
  [18:39:31] GCF_010093505.1  busco: completed in 310s (rc=0)
  [18:39:31] GCA_003339415.1  busco: starting ascomycota_odb10 on cds_from_genomic.fna (12.9 MB)...
[18:39:33] [569/975] GCF_010093505.1  pass  C=98.6%  | rate=0.05/s  ETA=2.4h
  [18:39:35] GCA_021436925.2  busco: completed in 328s (rc=0)
  [18:39:35] GCA_001633055.2  busco: starting ascomycota_odb10 on cds_from_genomic.fna (15.5 MB)...
  [18:39:35] GCF_000385595.1  busco: completed in 364s (rc=0)
  [18:39:35] GCA_000448365.1  busco: starting ascomycota_odb10 on cds_from_genomic.fna (10.7 MB)...
[18:39:36] [570/975] GCA_021436925.2  pass  C=96.7%  | rate=0.05/s  ETA=2.4h
[18:39:37] [571/975] GCF_000385595.1  pass  C=84.6%  | rate=0.05/s  ETA=2.4h
  [18:40:00] GCA_056114585.1  busco: completed in 385s (rc=0)
  [18:40:00] GCA_001272575.2  busco: starting ascomycota_odb10 on cds_from_genomic.fna (14.0 MB)...
[18:40:02] [572/975] GCA_056114585.1  pass  C=97.0%  | rate=0.05/s  ETA=2.4h
  [18:40:32] GCA_037954305.1  busco: completed in 335s (rc=0)
  [18:40:32] GCA_000410735.1  busco: starting ascomycota_odb10 on cds_from_genomic.fna (16.7 MB)...
[18:40:33] [573/975] GCA_037954305.1  pass  C=98.5%  | rate=0.05/s  ETA=2.4h
  [18:40:50] GCA_037954315.1  busco: completed in 349s (rc=0)
  [18:40:50] GCA_042257975.1  busco: starting ascomycota_odb10 on cds_from_genomic.fna (16.8 MB)...
[18:40:51] [574/975] GCA_037954315.1  pass  C=98.9%  | rate=0.05/s  ETA=2.4h
  [18:40:54] GCA_001636815.1  busco: completed in 310s (rc=0)
  [18:40:54] GCA_042258045.1  busco: starting ascomycota_odb10 on cds_from_genomic.fna (16.8 MB)...
[18:40:55] [575/975] GCA_001636815.1  pass  C=92.5%  | rate=0.05/s  ETA=2.4h
  [18:41:26] GCA_030270365.1  busco: completed in 443s (rc=0)
  [18:41:26] GCA_030060675.1  busco: starting ascomycota_odb10 on cds_from_genomic.fna (15.8 MB)...
[18:41:27] [576/975] GCA_030270365.1  pass  C=90.8%  | rate=0.05/s  ETA=2.4h
  [18:41:32] GCA_030270345.1  busco: completed in 453s (rc=0)
  [18:41:32] GCA_030060715.1  busco: starting ascomycota_odb10 on cds_from_genomic.fna (15.7 MB)...
[18:41:33] [577/975] GCA_030270345.1  pass  C=90.8%  | rate=0.05/s  ETA=2.4h
  [18:42:12] GCA_002591415.1  busco: completed in 239s (rc=0)
  [18:42:12] GCA_030061355.1  busco: starting ascomycota_odb10 on cds_from_genomic.fna (15.8 MB)...
[18:42:13] [578/975] GCA_002591415.1  pass  C=97.8%  | rate=0.05/s  ETA=2.4h
  [18:42:37] GCA_021642125.2  busco: completed in 337s (rc=0)
  [18:42:37] GCA_030061565.1  busco: starting ascomycota_odb10 on cds_from_genomic.fna (15.3 MB)...
[18:42:39] [579/975] GCA_021642125.2  pass  C=92.6%  | rate=0.05/s  ETA=2.4h
  [18:43:32] GCA_002591405.1  busco: completed in 287s (rc=0)
  [18:43:32] GCA_002938355.1  busco: starting basidiomycota_odb10 on cds_from_genomic.fna (23.8 MB)...
[18:43:33] [580/975] GCA_002591405.1  pass  C=93.5%  | rate=0.05/s  ETA=2.4h
  [18:43:59] GCA_003339415.1  busco: completed in 268s (rc=0)
  [18:43:59] GCA_022225985.2  busco: starting ascomycota_odb10 on cds_from_genomic.fna (20.3 MB)...
[18:44:00] [581/975] GCA_003339415.1  pass  C=95.6%  | rate=0.05/s  ETA=2.4h
  [18:44:01] GCA_010093685.1  busco: completed in 388s (rc=0)
  [18:44:01] GCA_048937215.1  busco: starting ascomycota_odb10 on cds_from_genomic.fna (22.1 MB)...
[18:44:02] [582/975] GCA_010093685.1  pass  C=99.0%  | rate=0.05/s  ETA=2.4h
  [18:44:04] GCA_003339455.1  busco: completed in 281s (rc=0)
  [18:44:04] GCA_048937275.1  busco: starting ascomycota_odb10 on cds_from_genomic.fna (22.2 MB)...
[18:44:06] [583/975] GCA_003339455.1  pass  C=95.6%  | rate=0.05/s  ETA=2.4h
  [18:44:13] GCA_002591395.1  busco: completed in 289s (rc=0)
  [18:44:13] GCA_048937285.1  busco: starting ascomycota_odb10 on cds_from_genomic.fna (21.5 MB)...
[18:44:14] [584/975] GCA_002591395.1  pass  C=90.9%  | rate=0.05/s  ETA=2.4h
  [18:44:24] GCA_001272575.2  busco: completed in 263s (rc=0)
  [18:44:24] GCA_048937315.1  busco: starting ascomycota_odb10 on cds_from_genomic.fna (21.9 MB)...
[18:44:25] [585/975] GCA_001272575.2  pass  C=95.6%  | rate=0.05/s  ETA=2.3h
  [18:44:25] GCA_001633055.2  busco: completed in 291s (rc=0)
  [18:44:26] GCA_037672785.1  busco: starting ascomycota_odb10 on cds_from_genomic.fna (26.0 MB)...
[18:44:27] [586/975] GCA_001633055.2  pass  C=95.0%  | rate=0.05/s  ETA=2.3h
  [18:44:41] GCA_042604555.1  busco: completed in 445s (rc=0)
  [18:44:41] GCF_001642045.1  busco: starting ascomycota_odb10 on cds_from_genomic.fna (23.5 MB)...
[18:44:42] [587/975] GCA_042604555.1  pass  C=99.3%  | rate=0.05/s  ETA=2.3h
  [18:45:02] GCA_000448365.1  busco: completed in 327s (rc=0)
  [18:45:02] GCA_001642045.1  busco: starting ascomycota_odb10 on cds_from_genomic.fna (23.0 MB)...
[18:45:03] [588/975] GCA_000448365.1  pass  C=71.5%  | rate=0.05/s  ETA=2.3h
  [18:45:08] GCA_000410735.1  busco: completed in 276s (rc=0)
  [18:45:08] GCF_001890105.1  busco: starting ascomycota_odb10 on cds_from_genomic.fna (17.3 MB)...
[18:45:09] [589/975] GCA_000410735.1  pass  C=97.8%  | rate=0.05/s  ETA=2.3h
  [18:45:38] GCA_042257975.1  busco: completed in 288s (rc=0)
  [18:45:38] GCA_001890105.1  busco: starting ascomycota_odb10 on cds_from_genomic.fna (17.0 MB)...
[18:45:39] [590/975] GCA_042257975.1  pass  C=97.3%  | rate=0.05/s  ETA=2.3h
  [18:45:56] GCA_042258045.1  busco: completed in 302s (rc=0)
  [18:45:56] GCA_002072345.1  busco: starting ascomycota_odb10 on cds_from_genomic.fna (19.4 MB)...
[18:45:57] [591/975] GCA_042258045.1  pass  C=97.0%  | rate=0.05/s  ETA=2.3h
  [18:46:05] GCA_030060675.1  busco: completed in 280s (rc=0)
  [18:46:05] GCF_001773325.1  busco: starting ascomycota_odb10 on cds_from_genomic.fna (20.7 MB)...
[18:46:06] [592/975] GCA_030060675.1  pass  C=99.3%  | rate=0.05/s  ETA=2.3h
  [18:46:27] GCA_030060715.1  busco: completed in 295s (rc=0)
  [18:46:27] GCA_001773325.1  busco: starting ascomycota_odb10 on cds_from_genomic.fna (20.2 MB)...
[18:46:28] [593/975] GCA_030060715.1  pass  C=99.1%  | rate=0.05/s  ETA=2.3h
  [18:47:13] GCA_030061355.1  busco: completed in 301s (rc=0)
  [18:47:13] GCA_902713515.1  busco: starting ascomycota_odb10 on cds_from_genomic.fna (18.9 MB)...
[18:47:14] [594/975] GCA_030061355.1  pass  C=99.0%  | rate=0.05/s  ETA=2.3h
  [18:47:21] GCA_030061565.1  busco: completed in 284s (rc=0)
  [18:47:21] GCA_056365515.1  busco: starting ascomycota_odb10 on cds_from_genomic.fna (22.0 MB)...
[18:47:22] [595/975] GCA_030061565.1  pass  C=99.2%  | rate=0.05/s  ETA=2.3h
  [18:47:49] GCA_002938355.1  busco: completed in 257s (rc=0)
  [18:47:49] GCA_002016555.1  busco: starting ascomycota_odb10 on cds_from_genomic.fna (18.6 MB)...
[18:47:50] [596/975] GCA_002938355.1  pass  C=95.2%  | rate=0.05/s  ETA=2.3h
  [18:50:05] GCA_048937215.1  busco: completed in 365s (rc=0)
  [18:50:05] GCA_001048715.1  busco: starting ascomycota_odb10 on cds_from_genomic.fna (20.4 MB)...
[18:50:07] [597/975] GCA_048937215.1  pass  C=99.2%  | rate=0.05/s  ETA=2.3h
  [18:50:25] GCA_022225985.2  busco: completed in 386s (rc=0)
  [18:50:25] GCA_040144005.1  busco: starting ascomycota_odb10 on cds_from_genomic.fna (19.4 MB)...
[18:50:26] [598/975] GCA_022225985.2  pass  C=91.4%  | rate=0.05/s  ETA=2.3h
  [18:50:35] GCA_048937285.1  busco: completed in 382s (rc=0)
  [18:50:35] GCA_056164985.1  busco: starting ascomycota_odb10 on cds_from_genomic.fna (20.0 MB)...
[18:50:36] [599/975] GCA_048937285.1  pass  C=98.5%  | rate=0.05/s  ETA=2.3h
  [18:50:44] GCF_001890105.1  busco: completed in 336s (rc=0)
  [18:50:44] GCA_000513335.1  busco: starting ascomycota_odb10 on cds_from_genomic.fna (21.9 MB)...
[18:50:45] [600/975] GCF_001890105.1  pass  C=98.7%  | rate=0.05/s  ETA=2.3h
  [18:50:52] GCA_048937275.1  busco: completed in 408s (rc=0)
  [18:50:52] GCA_000710275.1  busco: starting ascomycota_odb10 on cds_from_genomic.fna (18.6 MB)...
  [18:50:52] GCA_001890105.1  busco: completed in 314s (rc=0)
  [18:50:52] GCA_056320565.1  busco: starting ascomycota_odb10 on cds_from_genomic.fna (19.6 MB)...
[18:50:53] [601/975] GCA_048937275.1  pass  C=98.9%  | rate=0.05/s  ETA=2.3h
[18:50:55] [602/975] GCA_001890105.1  pass  C=98.7%  | rate=0.05/s  ETA=2.2h
  [18:51:01] GCA_048937315.1  busco: completed in 397s (rc=0)
  [18:51:01] GCA_002072405.1  busco: starting ascomycota_odb10 on cds_from_genomic.fna (16.3 MB)...
[18:51:02] [603/975] GCA_048937315.1  pass  C=98.8%  | rate=0.05/s  ETA=2.2h
  [18:51:23] GCF_001642045.1  busco: completed in 401s (rc=0)
  [18:51:23] GCA_056320115.1  busco: starting ascomycota_odb10 on cds_from_genomic.fna (18.7 MB)...
  [18:51:23] GCA_001642045.1  busco: completed in 381s (rc=0)
  [18:51:23] GCA_902712905.1  busco: starting ascomycota_odb10 on cds_from_genomic.fna (19.0 MB)...
[18:51:24] [604/975] GCF_001642045.1  pass  C=98.9%  | rate=0.05/s  ETA=2.2h
[18:51:25] [605/975] GCA_001642045.1  pass  C=98.9%  | rate=0.05/s  ETA=2.2h
  [18:51:54] GCA_037672785.1  busco: completed in 448s (rc=0)
  [18:51:54] GCA_043643955.1  busco: starting ascomycota_odb10 on cds_from_genomic.fna (20.0 MB)...
[18:51:55] [606/975] GCA_037672785.1  pass  C=98.3%  | rate=0.05/s  ETA=2.2h
  [18:52:06] GCF_001773325.1  busco: completed in 361s (rc=0)
  [18:52:06] GCA_014621375.1  busco: starting ascomycota_odb10 on cds_from_genomic.fna (17.6 MB)...
  [18:52:06] GCA_002072345.1  busco: completed in 370s (rc=0)
  [18:52:06] GCA_002072245.1  busco: starting ascomycota_odb10 on cds_from_genomic.fna (12.8 MB)...
[18:52:07] [607/975] GCF_001773325.1  pass  C=98.1%  | rate=0.05/s  ETA=2.2h
[18:52:08] [608/975] GCA_002072345.1  pass  C=96.6%  | rate=0.05/s  ETA=2.2h
  [18:52:13] GCA_001773325.1  busco: completed in 346s (rc=0)
  [18:52:13] GCA_902713485.1  busco: starting ascomycota_odb10 on cds_from_genomic.fna (20.5 MB)...
[18:52:14] [609/975] GCA_001773325.1  pass  C=98.1%  | rate=0.05/s  ETA=2.2h
  [18:52:44] GCA_902713515.1  busco: completed in 331s (rc=0)
  [18:52:44] GCA_911456345.1  busco: starting ascomycota_odb10 on cds_from_genomic.fna (17.9 MB)...
[18:52:45] [610/975] GCA_902713515.1  pass  C=98.7%  | rate=0.05/s  ETA=2.2h
  [18:53:06] GCA_056365515.1  busco: completed in 345s (rc=0)
  [18:53:06] GCA_002072365.1  busco: starting ascomycota_odb10 on cds_from_genomic.fna (18.3 MB)...
[18:53:08] [611/975] GCA_056365515.1  pass  C=98.9%  | rate=0.05/s  ETA=2.2h
  [18:53:47] GCA_002016555.1  busco: completed in 358s (rc=0)
  [18:53:47] GCA_001513925.1  busco: starting ascomycota_odb10 on cds_from_genomic.fna (18.3 MB)...
[18:53:48] [612/975] GCA_002016555.1  pass  C=97.0%  | rate=0.05/s  ETA=2.2h
  [18:55:50] GCA_040144005.1  busco: completed in 325s (rc=0)
  [18:55:50] GCA_902713545.1  busco: starting ascomycota_odb10 on cds_from_genomic.fna (20.8 MB)...
[18:55:51] [613/975] GCA_040144005.1  pass  C=98.9%  | rate=0.05/s  ETA=2.2h
  [18:55:59] GCA_056320565.1  busco: completed in 306s (rc=0)
  [18:55:59] GCA_911174845.1  busco: starting ascomycota_odb10 on cds_from_genomic.fna (17.5 MB)...
[18:56:00] [614/975] GCA_056320565.1  pass  C=99.6%  | rate=0.05/s  ETA=2.2h
  [18:56:03] GCA_001048715.1  busco: completed in 358s (rc=0)
  [18:56:03] GCA_002072425.1  busco: starting ascomycota_odb10 on cds_from_genomic.fna (19.0 MB)...
[18:56:04] [615/975] GCA_001048715.1  pass  C=99.6%  | rate=0.05/s  ETA=2.2h
  [18:56:18] GCA_056320115.1  busco: completed in 295s (rc=0)
  [18:56:18] GCA_911174865.1  busco: starting ascomycota_odb10 on cds_from_genomic.fna (17.4 MB)...
[18:56:19] [616/975] GCA_056320115.1  pass  C=99.9%  | rate=0.05/s  ETA=2.2h
  [18:56:30] GCA_000513335.1  busco: completed in 346s (rc=0)
  [18:56:30] GCA_911174875.1  busco: starting ascomycota_odb10 on cds_from_genomic.fna (16.9 MB)...
[18:56:31] [617/975] GCA_000513335.1  pass  C=99.3%  | rate=0.05/s  ETA=2.2h
  [18:56:34] GCA_000710275.1  busco: completed in 342s (rc=0)
  [18:56:34] GCA_001278595.1  busco: starting ascomycota_odb10 on cds_from_genomic.fna (18.7 MB)...
[18:56:35] [618/975] GCA_000710275.1  pass  C=98.6%  | rate=0.05/s  ETA=2.1h
  [18:56:41] GCA_056164985.1  busco: completed in 366s (rc=0)
  [18:56:41] GCA_047150385.1  busco: starting ascomycota_odb10 on cds_from_genomic.fna (17.6 MB)...
[18:56:42] [619/975] GCA_056164985.1  pass  C=98.7%  | rate=0.05/s  ETA=2.1h
  [18:56:47] GCA_902712905.1  busco: completed in 324s (rc=0)
  [18:56:47] GCA_911174995.1  busco: starting ascomycota_odb10 on cds_from_genomic.fna (16.8 MB)...
[18:56:48] [620/975] GCA_902712905.1  pass  C=99.3%  | rate=0.05/s  ETA=2.1h
  [18:57:12] GCA_002072405.1  busco: completed in 372s (rc=0)
  [18:57:12] GCA_911150065.1  busco: starting ascomycota_odb10 on cds_from_genomic.fna (16.8 MB)...
[18:57:14] [621/975] GCA_002072405.1  pass  C=87.8%  | rate=0.05/s  ETA=2.1h
  [18:57:22] GCA_002072245.1  busco: completed in 316s (rc=0)
  [18:57:22] GCA_911150075.1  busco: starting ascomycota_odb10 on cds_from_genomic.fna (17.0 MB)...
[18:57:24] [622/975] GCA_002072245.1  pass  C=86.4%  | rate=0.05/s  ETA=2.1h
  [18:57:37] GCA_014621375.1  busco: completed in 331s (rc=0)
  [18:57:37] GCA_911174945.1  busco: starting ascomycota_odb10 on cds_from_genomic.fna (16.8 MB)...
[18:57:38] [623/975] GCA_014621375.1  pass  C=98.6%  | rate=0.05/s  ETA=2.1h
  [18:57:40] GCA_043643955.1  busco: completed in 346s (rc=0)
  [18:57:40] GCF_001723175.1  busco: starting ascomycota_odb10 on cds_from_genomic.fna (16.4 MB)...
[18:57:41] [624/975] GCA_043643955.1  pass  C=99.8%  | rate=0.05/s  ETA=2.1h
  [18:58:25] GCA_902713485.1  busco: completed in 372s (rc=0)
  [18:58:25] GCA_000346795.1  busco: starting ascomycota_odb10 on cds_from_genomic.fna (15.8 MB)...
[18:58:27] [625/975] GCA_902713485.1  pass  C=98.6%  | rate=0.05/s  ETA=2.1h
  [18:58:48] GCA_911456345.1  busco: completed in 364s (rc=0)
  [18:58:48] GCA_001723175.3  busco: starting ascomycota_odb10 on cds_from_genomic.fna (15.8 MB)...
[18:58:49] [626/975] GCA_911456345.1  pass  C=97.1%  | rate=0.05/s  ETA=2.1h
  [18:59:20] GCA_001513925.1  busco: completed in 333s (rc=0)
  [18:59:20] GCA_902713495.1  busco: starting ascomycota_odb10 on cds_from_genomic.fna (19.8 MB)...
[18:59:22] [627/975] GCA_001513925.1  pass  C=95.8%  | rate=0.05/s  ETA=2.1h
  [18:59:37] GCA_002072365.1  busco: completed in 390s (rc=0)
  [18:59:37] GCA_902713525.1  busco: starting ascomycota_odb10 on cds_from_genomic.fna (20.6 MB)...
[18:59:38] [628/975] GCA_002072365.1  pass  C=90.8%  | rate=0.05/s  ETA=2.1h
  [19:01:50] GCA_047150385.1  busco: completed in 309s (rc=0)
  [19:01:50] GCA_002072265.1  busco: starting ascomycota_odb10 on cds_from_genomic.fna (19.0 MB)...
[19:01:52] [629/975] GCA_047150385.1  pass  C=97.7%  | rate=0.05/s  ETA=2.1h
  [19:02:01] GCA_002072425.1  busco: completed in 358s (rc=0)
  [19:02:01] GCF_964197705.1  busco: starting ascomycota_odb10 on cds_from_genomic.fna (16.5 MB)...
[19:02:03] [630/975] GCA_002072425.1  pass  C=98.2%  | rate=0.05/s  ETA=2.1h
  [19:02:22] GCA_911174845.1  busco: completed in 384s (rc=0)
  [19:02:22] GCA_964197705.1  busco: starting ascomycota_odb10 on cds_from_genomic.fna (15.8 MB)...
[19:02:23] [631/975] GCA_911174845.1  pass  C=97.0%  | rate=0.05/s  ETA=2.1h
  [19:02:31] GCA_001278595.1  busco: completed in 357s (rc=0)
  [19:02:31] GCA_011392555.1  busco: starting ascomycota_odb10 on cds_from_genomic.fna (18.4 MB)...
[19:02:32] [632/975] GCA_001278595.1  pass  C=97.7%  | rate=0.05/s  ETA=2.1h
  [19:02:35] GCF_001723175.1  busco: completed in 295s (rc=0)
  [19:02:35] GCA_023141165.1  busco: starting ascomycota_odb10 on cds_from_genomic.fna (17.3 MB)...
[19:02:36] [633/975] GCF_001723175.1  pass  C=99.0%  | rate=0.05/s  ETA=2.1h
  [19:02:43] GCA_902713545.1  busco: completed in 413s (rc=0)
  [19:02:43] GCA_023137995.1  busco: starting ascomycota_odb10 on cds_from_genomic.fna (16.9 MB)...
[19:02:44] [634/975] GCA_902713545.1  pass  C=98.2%  | rate=0.05/s  ETA=2.1h
  [19:02:44] GCA_911174875.1  busco: completed in 374s (rc=0)
  [19:02:44] GCA_023141195.1  busco: starting ascomycota_odb10 on cds_from_genomic.fna (17.2 MB)...
[19:02:45] [635/975] GCA_911174875.1  pass  C=97.2%  | rate=0.05/s  ETA=2.0h
  [19:02:46] GCA_911174865.1  busco: completed in 389s (rc=0)
  [19:02:46] GCF_015533775.1  busco: starting ascomycota_odb10 on cds_from_genomic.fna (16.9 MB)...
[19:02:48] [636/975] GCA_911174865.1  pass  C=96.9%  | rate=0.05/s  ETA=2.0h
  [19:03:07] GCA_911174995.1  busco: completed in 380s (rc=0)
  [19:03:07] GCF_000226395.1  busco: starting ascomycota_odb10 on cds_from_genomic.fna (20.5 MB)...
[19:03:08] [637/975] GCA_911174995.1  pass  C=96.6%  | rate=0.05/s  ETA=2.0h
  [19:03:13] GCA_911150065.1  busco: completed in 360s (rc=0)
  [19:03:13] GCA_028751425.1  busco: starting ascomycota_odb10 on cds_from_genomic.fna (18.5 MB)...
[19:03:14] [638/975] GCA_911150065.1  pass  C=96.6%  | rate=0.05/s  ETA=2.0h
  [19:03:22] GCA_000346795.1  busco: completed in 297s (rc=0)
  [19:03:22] GCA_011058885.1  busco: starting ascomycota_odb10 on cds_from_genomic.fna (19.1 MB)...
[19:03:23] [639/975] GCA_000346795.1  pass  C=99.8%  | rate=0.05/s  ETA=2.0h
  [19:03:36] GCA_911150075.1  busco: completed in 374s (rc=0)
  [19:03:36] GCA_000226395.1  busco: starting ascomycota_odb10 on cds_from_genomic.fna (22.1 MB)...
[19:03:37] [640/975] GCA_911150075.1  pass  C=96.7%  | rate=0.05/s  ETA=2.0h
  [19:03:42] GCA_911174945.1  busco: completed in 365s (rc=0)
  [19:03:42] GCA_911197225.1  busco: starting ascomycota_odb10 on cds_from_genomic.fna (17.9 MB)...
[19:03:44] [641/975] GCA_911174945.1  pass  C=96.6%  | rate=0.05/s  ETA=2.0h
  [19:03:44] GCA_001723175.3  busco: completed in 296s (rc=0)
  [19:03:44] GCA_911174905.1  busco: starting ascomycota_odb10 on cds_from_genomic.fna (18.6 MB)...
[19:03:45] [642/975] GCA_001723175.3  pass  C=99.0%  | rate=0.05/s  ETA=2.0h
  [19:05:13] GCA_902713495.1  busco: completed in 353s (rc=0)
  [19:05:13] GCA_911174925.1  busco: starting ascomycota_odb10 on cds_from_genomic.fna (18.4 MB)...
[19:05:15] [643/975] GCA_902713495.1  pass  C=99.3%  | rate=0.05/s  ETA=2.0h
  [19:05:45] GCA_902713525.1  busco: completed in 368s (rc=0)
  [19:05:45] GCA_911197175.1  busco: starting ascomycota_odb10 on cds_from_genomic.fna (18.0 MB)...
[19:05:46] [644/975] GCA_902713525.1  pass  C=98.6%  | rate=0.05/s  ETA=2.0h
  [19:06:47] GCF_964197705.1  busco: completed in 286s (rc=0)
  [19:06:47] GCF_002072235.1  busco: starting ascomycota_odb10 on cds_from_genomic.fna (20.8 MB)...
[19:06:49] [645/975] GCF_964197705.1  pass  C=99.3%  | rate=0.05/s  ETA=2.0h
  [19:07:14] GCA_964197705.1  busco: completed in 291s (rc=0)
  [19:07:14] GCA_002072235.1  busco: starting ascomycota_odb10 on cds_from_genomic.fna (20.4 MB)...
[19:07:15] [646/975] GCA_964197705.1  pass  C=99.3%  | rate=0.05/s  ETA=2.0h
  [19:07:44] GCA_023141165.1  busco: completed in 308s (rc=0)
  [19:07:44] GCA_002072375.1  busco: starting ascomycota_odb10 on cds_from_genomic.fna (18.0 MB)...
[19:07:45] [647/975] GCA_023141165.1  pass  C=99.1%  | rate=0.05/s  ETA=2.0h
  [19:08:03] GCA_023141195.1  busco: completed in 319s (rc=0)
  [19:08:03] GCA_001908125.1  busco: starting ascomycota_odb10 on cds_from_genomic.fna (21.3 MB)...
[19:08:05] [648/975] GCA_023141195.1  pass  C=99.3%  | rate=0.05/s  ETA=2.0h
  [19:08:17] GCA_023137995.1  busco: completed in 335s (rc=0)
  [19:08:18] GCA_907164605.1  busco: starting ascomycota_odb10 on cds_from_genomic.fna (16.7 MB)...
[19:08:19] [649/975] GCA_023137995.1  pass  C=99.2%  | rate=0.05/s  ETA=2.0h
  [19:08:21] GCF_015533775.1  busco: completed in 335s (rc=0)
  [19:08:21] GCA_907164625.1  busco: starting ascomycota_odb10 on cds_from_genomic.fna (19.3 MB)...
[19:08:23] [650/975] GCF_015533775.1  pass  C=99.0%  | rate=0.05/s  ETA=2.0h
  [19:08:32] GCA_002072265.1  busco: completed in 401s (rc=0)
  [19:08:32] GCA_030142185.1  busco: starting ascomycota_odb10 on cds_from_genomic.fna (18.9 MB)...
[19:08:33] [651/975] GCA_002072265.1  pass  C=92.6%  | rate=0.05/s  ETA=1.9h
  [19:08:46] GCA_028751425.1  busco: completed in 333s (rc=0)
  [19:08:46] GCA_014839625.1  busco: starting ascomycota_odb10 on cds_from_genomic.fna (15.3 MB)...
[19:08:48] [652/975] GCA_028751425.1  pass  C=98.8%  | rate=0.05/s  ETA=1.9h
  [19:08:50] GCA_011392555.1  busco: completed in 379s (rc=0)
  [19:08:50] GCA_014839855.1  busco: starting ascomycota_odb10 on cds_from_genomic.fna (15.3 MB)...
[19:08:52] [653/975] GCA_011392555.1  pass  C=96.7%  | rate=0.05/s  ETA=1.9h
  [19:09:17] GCA_011058885.1  busco: completed in 355s (rc=0)
  [19:09:17] GCA_902713535.1  busco: starting ascomycota_odb10 on cds_from_genomic.fna (19.0 MB)...
[19:09:19] [654/975] GCA_011058885.1  pass  C=99.4%  | rate=0.05/s  ETA=1.9h
  [19:09:30] GCF_000226395.1  busco: completed in 384s (rc=0)
  [19:09:30] GCA_002072255.1  busco: starting ascomycota_odb10 on cds_from_genomic.fna (18.2 MB)...
[19:09:32] [655/975] GCF_000226395.1  pass  C=98.5%  | rate=0.05/s  ETA=1.9h
  [19:09:43] GCA_000226395.1  busco: completed in 367s (rc=0)
  [19:09:43] GCA_900536885.1  busco: starting basidiomycota_odb10 on cds_from_genomic.fna (28.9 MB)...
[19:09:44] [656/975] GCA_000226395.1  pass  C=99.6%  | rate=0.05/s  ETA=1.9h
  [19:09:47] GCA_911197225.1  busco: completed in 364s (rc=0)
  [19:09:47] GCA_001632445.1  busco: starting basidiomycota_odb10 on cds_from_genomic.fna (28.9 MB)...
[19:09:48] [657/975] GCA_911197225.1  pass  C=96.9%  | rate=0.05/s  ETA=1.9h
  [19:10:28] GCA_911174905.1  busco: completed in 403s (rc=0)
  [19:10:28] GCA_003073855.1  busco: starting ascomycota_odb10 on cds_from_genomic.fna (27.8 MB)...
[19:10:29] [658/975] GCA_911174905.1  pass  C=96.9%  | rate=0.05/s  ETA=1.9h
  [19:11:30] GCA_911174925.1  busco: completed in 377s (rc=0)
  [19:11:30] GCA_001644525.1  busco: starting ascomycota_odb10 on cds_from_genomic.fna (23.6 MB)...
[19:11:31] [659/975] GCA_911174925.1  pass  C=96.7%  | rate=0.05/s  ETA=1.9h
  [19:11:32] GCA_911197175.1  busco: completed in 347s (rc=0)
  [19:11:32] GCA_900073065.1  busco: starting ascomycota_odb10 on cds_from_genomic.fna (34.1 MB)...
[19:11:34] [660/975] GCA_911197175.1  pass  C=96.9%  | rate=0.05/s  ETA=1.9h
  [19:12:39] GCF_002072235.1  busco: completed in 352s (rc=0)
  [19:12:39] GCA_015039465.1  busco: starting basidiomycota_odb10 on cds_from_genomic.fna (27.0 MB)...
[19:12:40] [661/975] GCF_002072235.1  pass  C=98.5%  | rate=0.05/s  ETA=1.9h
  [19:12:58] GCA_002072235.1  busco: completed in 344s (rc=0)
  [19:12:58] GCA_045999785.1  busco: starting ascomycota_odb10 on cds_from_genomic.fna (19.3 MB)...
[19:12:59] [662/975] GCA_002072235.1  pass  C=98.5%  | rate=0.05/s  ETA=1.9h
  [19:13:03] GCA_014839855.1  busco: completed in 252s (rc=0)
  [19:13:03] GCA_015484465.1  busco: starting basidiomycota_odb10 on cds_from_genomic.fna (24.7 MB)...
[19:13:04] [663/975] GCA_014839855.1  pass  C=99.8%  | rate=0.05/s  ETA=1.9h
  [19:13:05] GCA_907164605.1  busco: completed in 288s (rc=0)
  [19:13:05] GCA_037962995.1  busco: starting ascomycota_odb10 on cds_from_genomic.fna (17.2 MB)...
[19:13:07] [664/975] GCA_907164605.1  pass  C=99.4%  | rate=0.05/s  ETA=1.9h
  [19:13:18] GCA_014839625.1  busco: completed in 272s (rc=0)
  [19:13:18] GCA_010093715.1  busco: starting ascomycota_odb10 on cds_from_genomic.fna (20.8 MB)...
[19:13:19] [665/975] GCA_014839625.1  pass  C=99.9%  | rate=0.05/s  ETA=1.9h
  [19:13:46] GCA_001908125.1  busco: completed in 342s (rc=0)
  [19:13:46] GCA_048340545.1  busco: starting ascomycota_odb10 on cds_from_genomic.fna (15.8 MB)...
[19:13:47] [666/975] GCA_001908125.1  pass  C=97.8%  | rate=0.05/s  ETA=1.9h
  [19:13:57] GCA_002072375.1  busco: completed in 374s (rc=0)
  [19:13:57] GCA_019677325.2  busco: starting basidiomycota_odb10 on cds_from_genomic.fna (18.7 MB)...
[19:13:59] [667/975] GCA_002072375.1  pass  C=92.4%  | rate=0.05/s  ETA=1.9h
  [19:14:47] GCA_907164625.1  busco: completed in 385s (rc=0)
  [19:14:47] GCA_029747585.1  busco: starting basidiomycota_odb10 on cds_from_genomic.fna (33.2 MB)...
[19:14:48] [668/975] GCA_907164625.1  pass  C=99.2%  | rate=0.05/s  ETA=1.8h
  [19:15:28] GCA_030142185.1  busco: completed in 416s (rc=0)
  [19:15:28] GCA_015484515.1  busco: starting basidiomycota_odb10 on cds_from_genomic.fna (22.9 MB)...
  [19:15:28] GCA_001632445.1  busco: completed in 341s (rc=0)
  [19:15:28] GCA_029852705.2  busco: starting basidiomycota_odb10 on cds_from_genomic.fna (22.8 MB)...
[19:15:29] [669/975] GCA_030142185.1  pass  C=96.5%  | rate=0.05/s  ETA=1.8h
[19:15:30] [670/975] GCA_001632445.1  pass  C=99.3%  | rate=0.05/s  ETA=1.8h
  [19:15:32] GCA_902713535.1  busco: completed in 375s (rc=0)
  [19:15:32] GCA_000697685.1  busco: starting basidiomycota_odb10 on cds_from_genomic.fna (19.3 MB)...
[19:15:34] [671/975] GCA_902713535.1  pass  C=99.4%  | rate=0.05/s  ETA=1.8h
  [19:15:45] GCA_900536885.1  busco: completed in 362s (rc=0)
  [19:15:45] GCA_047301645.1  busco: starting basidiomycota_odb10 on cds_from_genomic.fna (24.7 MB)...
[19:15:46] [672/975] GCA_900536885.1  pass  C=98.9%  | rate=0.05/s  ETA=1.8h
  [19:16:02] GCA_002072255.1  busco: completed in 391s (rc=0)
  [19:16:02] GCA_004369065.1  busco: starting basidiomycota_odb10 on cds_from_genomic.fna (29.5 MB)...
[19:16:03] [673/975] GCA_002072255.1  pass  C=92.3%  | rate=0.05/s  ETA=1.8h
  [19:17:44] GCA_015039465.1  busco: completed in 305s (rc=0)
  [19:17:44] GCA_057381195.1  busco: starting ascomycota_odb10 on cds_from_genomic.fna (26.4 MB)...
[19:17:45] [674/975] GCA_015039465.1  pass  C=99.5%  | rate=0.05/s  ETA=1.8h
  [19:17:46] GCA_003073855.1  busco: completed in 438s (rc=0)
  [19:17:46] GCF_001653235.2  busco: starting ascomycota_odb10 on cds_from_genomic.fna (23.2 MB)...
  [19:17:47] GCA_001644525.1  busco: completed in 376s (rc=0)
  [19:17:47] GCA_001653235.2  busco: starting ascomycota_odb10 on cds_from_genomic.fna (22.5 MB)...
[19:17:47] [675/975] GCA_003073855.1  pass  C=97.8%  | rate=0.05/s  ETA=1.8h
[19:17:48] [676/975] GCA_001644525.1  pass  C=99.0%  | rate=0.05/s  ETA=1.8h
  [19:18:10] GCA_015484465.1  busco: completed in 308s (rc=0)
  [19:18:10] GCA_051988445.2  busco: starting ascomycota_odb10 on cds_from_genomic.fna (21.9 MB)...
[19:18:12] [677/975] GCA_015484465.1  pass  C=99.5%  | rate=0.05/s  ETA=1.8h
  [19:18:25] GCA_037962995.1  busco: completed in 319s (rc=0)
  [19:18:25] GCA_051988555.2  busco: starting ascomycota_odb10 on cds_from_genomic.fna (21.5 MB)...
[19:18:26] [678/975] GCA_037962995.1  pass  C=99.3%  | rate=0.05/s  ETA=1.8h
  [19:18:38] GCA_019677325.2  busco: completed in 281s (rc=0)
  [19:18:38] GCA_051996105.2  busco: starting ascomycota_odb10 on cds_from_genomic.fna (21.8 MB)...
[19:18:39] [679/975] GCA_019677325.2  pass  C=89.7%  | rate=0.05/s  ETA=1.8h
  [19:18:58] GCA_048340545.1  busco: completed in 312s (rc=0)
  [19:18:58] GCA_051996125.2  busco: starting ascomycota_odb10 on cds_from_genomic.fna (22.1 MB)...
[19:18:59] [680/975] GCA_048340545.1  pass  C=98.3%  | rate=0.05/s  ETA=1.8h
  [19:19:16] GCA_015484515.1  busco: completed in 228s (rc=0)
  [19:19:16] GCA_055796225.1  busco: starting ascomycota_odb10 on cds_from_genomic.fna (22.1 MB)...
[19:19:17] [681/975] GCA_015484515.1  pass  C=99.0%  | rate=0.05/s  ETA=1.8h
  [19:19:28] GCA_010093715.1  busco: completed in 370s (rc=0)
  [19:19:28] GCA_010093805.1  busco: starting ascomycota_odb10 on cds_from_genomic.fna (23.5 MB)...
[19:19:29] [682/975] GCA_010093715.1  pass  C=98.9%  | rate=0.05/s  ETA=1.8h
  [19:19:37] GCA_900073065.1  busco: completed in 484s (rc=0)
  [19:19:37] GCA_022579005.1  busco: starting ascomycota_odb10 on cds_from_genomic.fna (17.3 MB)...
[19:19:38] [683/975] GCA_900073065.1  pass  C=99.2%  | rate=0.05/s  ETA=1.8h
  [19:19:47] GCA_000697685.1  busco: completed in 254s (rc=0)
  [19:19:47] GCF_000417875.1  busco: starting basidiomycota_odb10 on cds_from_genomic.fna (14.4 MB)...
[19:19:48] [684/975] GCA_000697685.1  pass  C=97.0%  | rate=0.05/s  ETA=1.7h
  [19:20:42] GCA_047301645.1  busco: completed in 297s (rc=0)
  [19:20:42] GCA_000417875.1  busco: starting basidiomycota_odb10 on cds_from_genomic.fna (14.2 MB)...
[19:20:43] [685/975] GCA_047301645.1  pass  C=98.8%  | rate=0.05/s  ETA=1.7h
  [19:20:49] GCA_045999785.1  busco: completed in 471s (rc=0)
  [19:20:49] GCF_000403515.1  busco: starting basidiomycota_odb10 on cds_from_genomic.fna (14.2 MB)...
[19:20:50] [686/975] GCA_045999785.1  pass  C=95.7%  | rate=0.05/s  ETA=1.7h
  [19:21:05] GCA_029852705.2  busco: completed in 338s (rc=0)
  [19:21:05] GCA_000403515.1  busco: starting basidiomycota_odb10 on cds_from_genomic.fna (13.9 MB)...
[19:21:06] [687/975] GCA_029852705.2  pass  C=93.6%  | rate=0.05/s  ETA=1.7h
  [19:22:07] GCA_004369065.1  busco: completed in 366s (rc=0)
  [19:22:07] GCF_017499595.1  busco: starting basidiomycota_odb10 on cds_from_genomic.fna (23.6 MB)...
[19:22:09] [688/975] GCA_004369065.1  pass  C=99.2%  | rate=0.05/s  ETA=1.7h
  [19:22:14] GCF_000417875.1  busco: completed in 147s (rc=0)
  [19:22:14] GCA_017499595.2  busco: starting basidiomycota_odb10 on cds_from_genomic.fna (22.9 MB)...
[19:22:15] [689/975] GCF_000417875.1  pass  C=99.1%  | rate=0.05/s  ETA=1.7h
  [19:22:38] GCA_029747585.1  busco: completed in 471s (rc=0)
  [19:22:38] GCA_002938375.1  busco: starting basidiomycota_odb10 on cds_from_genomic.fna (24.4 MB)...
[19:22:39] [690/975] GCA_029747585.1  pass  C=87.1%  | rate=0.05/s  ETA=1.7h
  [19:23:36] GCA_000417875.1  busco: completed in 174s (rc=0)
  [19:23:36] GCA_004369125.1  busco: starting basidiomycota_odb10 on cds_from_genomic.fna (19.3 MB)...
[19:23:38] [691/975] GCA_000417875.1  pass  C=99.1%  | rate=0.05/s  ETA=1.7h
  [19:23:57] GCA_051988555.2  busco: completed in 332s (rc=0)
  [19:23:57] GCF_000403515.1  busco: completed in 188s (rc=0)
  [19:23:57] GCF_001653265.1  busco: starting ascomycota_odb10 on cds_from_genomic.fna (19.3 MB)...
  [19:23:57] GCA_033847395.1  busco: starting ascomycota_odb10 on cds_from_genomic.fna (27.0 MB)...
[19:23:58] [692/975] GCA_051988555.2  pass  C=97.4%  | rate=0.05/s  ETA=1.7h
[19:24:00] [693/975] GCF_000403515.1  pass  C=95.2%  | rate=0.05/s  ETA=1.7h
  [19:24:25] GCA_000403515.1  busco: completed in 199s (rc=0)
  [19:24:25] GCA_003144605.1  busco: starting ascomycota_odb10 on cds_from_genomic.fna (25.0 MB)...
  [19:24:26] GCA_051988445.2  busco: completed in 375s (rc=0)
  [19:24:26] GCA_001653205.1  busco: starting ascomycota_odb10 on cds_from_genomic.fna (18.9 MB)...
[19:24:26] [694/975] GCA_000403515.1  pass  C=95.2%  | rate=0.05/s  ETA=1.7h
[19:24:27] [695/975] GCA_051988445.2  pass  C=97.3%  | rate=0.05/s  ETA=1.7h
  [19:24:36] GCA_051996105.2  busco: completed in 358s (rc=0)
  [19:24:36] GCF_022605165.1  busco: starting ascomycota_odb10 on cds_from_genomic.fna (20.6 MB)...
[19:24:38] [696/975] GCA_051996105.2  pass  C=97.8%  | rate=0.05/s  ETA=1.7h
  [19:24:55] GCA_022579005.1  busco: completed in 318s (rc=0)
  [19:24:55] GCA_022605165.1  busco: starting ascomycota_odb10 on cds_from_genomic.fna (20.3 MB)...
[19:24:56] [697/975] GCA_022579005.1  pass  C=98.7%  | rate=0.05/s  ETA=1.7h
  [19:25:01] GCA_051996125.2  busco: completed in 364s (rc=0)
  [19:25:01] GCA_001644535.1  busco: starting ascomycota_odb10 on cds_from_genomic.fna (24.4 MB)...
[19:25:03] [698/975] GCA_051996125.2  pass  C=98.0%  | rate=0.05/s  ETA=1.7h
  [19:25:13] GCA_055796225.1  busco: completed in 358s (rc=0)
  [19:25:13] GCF_900074925.1  busco: starting ascomycota_odb10 on cds_from_genomic.fna (19.1 MB)...
[19:25:14] [699/975] GCA_055796225.1  pass  C=98.0%  | rate=0.05/s  ETA=1.7h
  [19:25:23] GCA_010093805.1  busco: completed in 355s (rc=0)
  [19:25:23] GCA_900074925.1  busco: starting ascomycota_odb10 on cds_from_genomic.fna (18.8 MB)...
[19:25:24] [700/975] GCA_010093805.1  pass  C=98.6%  | rate=0.05/s  ETA=1.6h
  [19:25:31] GCA_001653235.2  busco: completed in 464s (rc=0)
  [19:25:31] GCF_041956645.1  busco: starting ascomycota_odb10 on cds_from_genomic.fna (16.3 MB)...
[19:25:32] [701/975] GCA_001653235.2  pass  C=96.7%  | rate=0.05/s  ETA=1.6h
  [19:25:36] GCF_001653235.2  busco: completed in 470s (rc=0)
  [19:25:36] GCA_041956645.1  busco: starting ascomycota_odb10 on cds_from_genomic.fna (16.1 MB)...
[19:25:37] [702/975] GCF_001653235.2  pass  C=96.7%  | rate=0.05/s  ETA=1.6h
  [19:25:43] GCA_057381195.1  busco: completed in 479s (rc=0)
  [19:25:43] GCA_041956655.1  busco: starting ascomycota_odb10 on cds_from_genomic.fna (16.4 MB)...
[19:25:44] [703/975] GCA_057381195.1  pass  C=97.9%  | rate=0.05/s  ETA=1.6h
  [19:26:58] GCA_004369125.1  busco: completed in 202s (rc=0)
  [19:26:58] GCF_035927965.1  busco: starting ascomycota_odb10 on cds_from_genomic.fna (19.2 MB)...
[19:26:59] [704/975] GCA_004369125.1  pass  C=98.9%  | rate=0.05/s  ETA=1.6h
  [19:27:17] GCA_017499595.2  busco: completed in 303s (rc=0)
  [19:27:17] GCA_035135035.1  busco: starting ascomycota_odb10 on cds_from_genomic.fna (19.7 MB)...
[19:27:18] [705/975] GCA_017499595.2  pass  C=94.1%  | rate=0.05/s  ETA=1.6h
  [19:27:20] GCA_002938375.1  busco: completed in 282s (rc=0)
  [19:27:20] GCA_035927965.1  busco: starting ascomycota_odb10 on cds_from_genomic.fna (19.0 MB)...
  [19:27:21] GCF_017499595.1  busco: completed in 313s (rc=0)
  [19:27:21] GCA_033675085.1  busco: starting ascomycota_odb10 on cds_from_genomic.fna (19.1 MB)...
[19:27:21] [706/975] GCA_002938375.1  pass  C=97.7%  | rate=0.05/s  ETA=1.6h
[19:27:22] [707/975] GCF_017499595.1  pass  C=94.1%  | rate=0.05/s  ETA=1.6h
  [19:29:13] GCF_001653265.1  busco: completed in 316s (rc=0)
  [19:29:13] GCA_900074905.1  busco: starting ascomycota_odb10 on cds_from_genomic.fna (20.4 MB)...
[19:29:15] [708/975] GCF_001653265.1  pass  C=96.2%  | rate=0.05/s  ETA=1.6h
  [19:29:45] GCF_022605165.1  busco: completed in 308s (rc=0)
  [19:29:45] GCA_900074895.1  busco: starting ascomycota_odb10 on cds_from_genomic.fna (19.6 MB)...
[19:29:46] [709/975] GCF_022605165.1  pass  C=99.5%  | rate=0.05/s  ETA=1.6h
  [19:29:48] GCA_001653205.1  busco: completed in 322s (rc=0)
  [19:29:48] GCA_022497145.1  busco: starting ascomycota_odb10 on cds_from_genomic.fna (19.3 MB)...
[19:29:49] [710/975] GCA_001653205.1  pass  C=96.7%  | rate=0.05/s  ETA=1.6h
  [19:29:53] GCA_022605165.1  busco: completed in 298s (rc=0)
  [19:29:53] GCA_010015785.1  busco: starting ascomycota_odb10 on cds_from_genomic.fna (15.5 MB)...
[19:29:54] [711/975] GCA_022605165.1  pass  C=99.5%  | rate=0.05/s  ETA=1.6h
  [19:30:51] GCF_041956645.1  busco: completed in 320s (rc=0)
  [19:30:51] GCA_005059885.1  busco: starting ascomycota_odb10 on cds_from_genomic.fna (15.9 MB)...
[19:30:52] [712/975] GCF_041956645.1  pass  C=98.1%  | rate=0.05/s  ETA=1.6h
  [19:30:57] GCA_041956645.1  busco: completed in 321s (rc=0)
  [19:30:57] GCA_021176775.1  busco: starting ascomycota_odb10 on cds_from_genomic.fna (19.0 MB)...
[19:30:58] [713/975] GCA_041956645.1  pass  C=98.1%  | rate=0.05/s  ETA=1.6h
  [19:31:00] GCF_900074925.1  busco: completed in 347s (rc=0)
  [19:31:00] GCA_042370655.1  busco: starting ascomycota_odb10 on cds_from_genomic.fna (22.3 MB)...
[19:31:02] [714/975] GCF_900074925.1  pass  C=98.0%  | rate=0.05/s  ETA=1.6h
  [19:31:09] GCA_900074925.1  busco: completed in 346s (rc=0)
  [19:31:09] GCF_035928015.1  busco: starting ascomycota_odb10 on cds_from_genomic.fna (19.5 MB)...
[19:31:10] [715/975] GCA_900074925.1  pass  C=98.0%  | rate=0.05/s  ETA=1.6h
  [19:31:24] GCA_001644535.1  busco: completed in 382s (rc=0)
  [19:31:24] GCA_035928015.1  busco: starting ascomycota_odb10 on cds_from_genomic.fna (19.3 MB)...
[19:31:25] [716/975] GCA_001644535.1  pass  C=98.7%  | rate=0.05/s  ETA=1.6h
  [19:31:26] GCA_033847395.1  busco: completed in 449s (rc=0)
  [19:31:26] GCF_000732125.1  busco: starting ascomycota_odb10 on cds_from_genomic.fna (16.1 MB)...
[19:31:27] [717/975] GCA_033847395.1  pass  C=98.0%  | rate=0.05/s  ETA=1.5h
  [19:31:36] GCA_041956655.1  busco: completed in 353s (rc=0)
  [19:31:36] GCA_000732125.1  busco: starting ascomycota_odb10 on cds_from_genomic.fna (15.8 MB)...
[19:31:37] [718/975] GCA_041956655.1  pass  C=95.9%  | rate=0.05/s  ETA=1.5h
  [19:31:40] GCA_003144605.1  busco: completed in 435s (rc=0)
  [19:31:40] GCF_000143185.2  busco: starting basidiomycota_odb10 on cds_from_genomic.fna (25.8 MB)...
[19:31:41] [719/975] GCA_003144605.1  pass  C=97.0%  | rate=0.05/s  ETA=1.5h
  [19:32:14] GCF_035927965.1  busco: completed in 316s (rc=0)
  [19:32:14] GCA_041438035.1  busco: starting basidiomycota_odb10 on cds_from_genomic.fna (22.4 MB)...
[19:32:15] [720/975] GCF_035927965.1  pass  C=96.8%  | rate=0.05/s  ETA=1.5h
  [19:32:43] GCA_035927965.1  busco: completed in 324s (rc=0)
  [19:32:43] GCA_041438045.1  busco: starting basidiomycota_odb10 on cds_from_genomic.fna (22.6 MB)...
[19:32:45] [721/975] GCA_035927965.1  pass  C=96.8%  | rate=0.05/s  ETA=1.5h
  [19:32:58] GCA_033675085.1  busco: completed in 337s (rc=0)
  [19:32:58] GCA_041438155.1  busco: starting basidiomycota_odb10 on cds_from_genomic.fna (22.5 MB)...
[19:32:59] [722/975] GCA_033675085.1  pass  C=96.4%  | rate=0.05/s  ETA=1.5h
  [19:33:04] GCA_035135035.1  busco: completed in 347s (rc=0)
  [19:33:04] GCA_041438165.1  busco: starting basidiomycota_odb10 on cds_from_genomic.fna (18.4 MB)...
[19:33:05] [723/975] GCA_035135035.1  pass  C=96.4%  | rate=0.05/s  ETA=1.5h
  [19:34:12] GCA_010015785.1  busco: completed in 259s (rc=0)
  [19:34:12] GCA_024114885.1  busco: starting ascomycota_odb10 on cds_from_genomic.fna (20.6 MB)...
[19:34:13] [724/975] GCA_010015785.1  pass  C=98.5%  | rate=0.05/s  ETA=1.5h
  [19:34:33] GCA_900074905.1  busco: completed in 320s (rc=0)
  [19:34:33] GCA_010015745.1  busco: starting ascomycota_odb10 on cds_from_genomic.fna (22.4 MB)...
[19:34:35] [725/975] GCA_900074905.1  pass  C=99.7%  | rate=0.05/s  ETA=1.5h
  [19:35:07] GCA_900074895.1  busco: completed in 322s (rc=0)
  [19:35:07] GCF_042370955.1  busco: starting ascomycota_odb10 on cds_from_genomic.fna (16.0 MB)...
[19:35:08] [726/975] GCA_900074895.1  pass  C=99.4%  | rate=0.05/s  ETA=1.5h
  [19:35:12] GCA_022497145.1  busco: completed in 325s (rc=0)
  [19:35:12] GCA_042370955.1  busco: starting ascomycota_odb10 on cds_from_genomic.fna (15.7 MB)...
[19:35:14] [727/975] GCA_022497145.1  pass  C=99.0%  | rate=0.05/s  ETA=1.5h
  [19:35:18] GCA_005059885.1  busco: completed in 267s (rc=0)
  [19:35:18] GCF_003711515.1  busco: starting ascomycota_odb10 on cds_from_genomic.fna (16.0 MB)...
[19:35:19] [728/975] GCA_005059885.1  pass  C=98.2%  | rate=0.05/s  ETA=1.5h
  [19:35:33] GCF_000143185.2  busco: completed in 233s (rc=0)
  [19:35:33] GCA_003711515.1  busco: starting ascomycota_odb10 on cds_from_genomic.fna (15.7 MB)...
[19:35:34] [729/975] GCF_000143185.2  pass  C=98.3%  | rate=0.05/s  ETA=1.5h
  [19:36:06] GCA_041438035.1  busco: completed in 231s (rc=0)
  [19:36:06] GCF_000320565.1  busco: starting ascomycota_odb10 on cds_from_genomic.fna (16.7 MB)...
[19:36:07] [730/975] GCA_041438035.1  pass  C=97.0%  | rate=0.05/s  ETA=1.5h
  [19:36:25] GCF_035928015.1  busco: completed in 315s (rc=0)
  [19:36:25] GCA_052057135.1  busco: starting ascomycota_odb10 on cds_from_genomic.fna (16.2 MB)...
[19:36:26] [731/975] GCF_035928015.1  pass  C=97.5%  | rate=0.05/s  ETA=1.5h
  [19:36:38] GCA_021176775.1  busco: completed in 341s (rc=0)
  [19:36:38] GCA_058225075.1  busco: starting ascomycota_odb10 on cds_from_genomic.fna (16.3 MB)...
[19:36:39] [732/975] GCA_021176775.1  pass  C=95.6%  | rate=0.05/s  ETA=1.5h
  [19:36:51] GCA_041438045.1  busco: completed in 248s (rc=0)
  [19:36:51] GCA_000320565.2  busco: starting ascomycota_odb10 on cds_from_genomic.fna (16.4 MB)...
  [19:36:52] GCA_041438165.1  busco: completed in 228s (rc=0)
  [19:36:52] GCA_018282025.1  busco: starting basidiomycota_odb10 on cds_from_genomic.fna (17.7 MB)...
[19:36:52] [733/975] GCA_041438045.1  pass  C=96.2%  | rate=0.05/s  ETA=1.4h
[19:36:53] [734/975] GCA_041438165.1  pass  C=91.0%  | rate=0.05/s  ETA=1.4h
  [19:37:02] GCA_041438155.1  busco: completed in 244s (rc=0)
  [19:37:02] GCF_005498985.1  busco: starting basidiomycota_odb10 on cds_from_genomic.fna (13.4 MB)...
[19:37:03] [735/975] GCA_041438155.1  pass  C=97.2%  | rate=0.05/s  ETA=1.4h
  [19:37:03] GCA_035928015.1  busco: completed in 339s (rc=0)
  [19:37:03] GCA_005498985.1  busco: starting basidiomycota_odb10 on cds_from_genomic.fna (13.1 MB)...
[19:37:04] [736/975] GCA_035928015.1  pass  C=97.5%  | rate=0.05/s  ETA=1.4h
  [19:37:11] GCA_042370655.1  busco: completed in 371s (rc=0)
  [19:37:11] GCA_010093795.1  busco: starting ascomycota_odb10 on cds_from_genomic.fna (17.1 MB)...
[19:37:12] [737/975] GCA_042370655.1  pass  C=98.3%  | rate=0.05/s  ETA=1.4h
  [19:37:37] GCF_000732125.1  busco: completed in 371s (rc=0)
  [19:37:37] GCA_000474925.1  busco: starting ascomycota_odb10 on cds_from_genomic.fna (16.2 MB)...
[19:37:38] [738/975] GCF_000732125.1  pass  C=83.8%  | rate=0.05/s  ETA=1.4h
  [19:37:46] GCA_000732125.1  busco: completed in 370s (rc=0)
  [19:37:46] GCA_042257735.1  busco: starting ascomycota_odb10 on cds_from_genomic.fna (19.7 MB)...
[19:37:47] [739/975] GCA_000732125.1  pass  C=83.8%  | rate=0.05/s  ETA=1.4h
  [19:39:00] GCA_024114885.1  busco: completed in 288s (rc=0)
  [19:39:01] GCA_042257785.1  busco: starting ascomycota_odb10 on cds_from_genomic.fna (19.5 MB)...
[19:39:02] [740/975] GCA_024114885.1  pass  C=99.4%  | rate=0.05/s  ETA=1.4h
  [19:39:26] GCF_003711515.1  busco: completed in 248s (rc=0)
  [19:39:26] GCA_000732765.1  busco: starting ascomycota_odb10 on cds_from_genomic.fna (19.3 MB)...
[19:39:27] [741/975] GCF_003711515.1  pass  C=99.1%  | rate=0.05/s  ETA=1.4h
  [19:39:30] GCA_042370955.1  busco: completed in 257s (rc=0)
  [19:39:30] GCA_000730325.1  busco: starting ascomycota_odb10 on cds_from_genomic.fna (19.7 MB)...
  [19:39:31] GCF_042370955.1  busco: completed in 264s (rc=0)
  [19:39:31] GCA_000732565.1  busco: starting ascomycota_odb10 on cds_from_genomic.fna (19.6 MB)...
[19:39:31] [742/975] GCA_042370955.1  pass  C=98.7%  | rate=0.05/s  ETA=1.4h
[19:39:32] [743/975] GCF_042370955.1  pass  C=98.7%  | rate=0.05/s  ETA=1.4h
  [19:40:04] GCA_003711515.1  busco: completed in 271s (rc=0)
  [19:40:04] GCA_000732775.1  busco: starting ascomycota_odb10 on cds_from_genomic.fna (18.0 MB)...
[19:40:05] [744/975] GCA_003711515.1  pass  C=99.1%  | rate=0.05/s  ETA=1.4h
  [19:40:09] GCF_005498985.1  busco: completed in 187s (rc=0)
  [19:40:09] GCA_028584115.1  busco: starting ascomycota_odb10 on cds_from_genomic.fna (20.0 MB)...
[19:40:10] [745/975] GCF_005498985.1  pass  C=97.3%  | rate=0.05/s  ETA=1.4h
  [19:40:36] GCA_005498985.1  busco: completed in 213s (rc=0)
  [19:40:36] GCF_000264905.1  busco: starting basidiomycota_odb10 on cds_from_genomic.fna (24.2 MB)...
[19:40:38] [746/975] GCA_005498985.1  pass  C=97.3%  | rate=0.05/s  ETA=1.4h
  [19:41:04] GCA_010015745.1  busco: completed in 391s (rc=0)
  [19:41:04] GCA_000264905.1  busco: starting basidiomycota_odb10 on cds_from_genomic.fna (23.8 MB)...
[19:41:05] [747/975] GCA_010015745.1  pass  C=98.7%  | rate=0.05/s  ETA=1.4h
  [19:41:32] GCF_000320565.1  busco: completed in 327s (rc=0)
  [19:41:32] GCA_009732865.1  busco: starting ascomycota_odb10 on cds_from_genomic.fna (31.6 MB)...
[19:41:33] [748/975] GCF_000320565.1  pass  C=97.9%  | rate=0.05/s  ETA=1.4h
  [19:41:36] GCA_018282025.1  busco: completed in 285s (rc=0)
  [19:41:36] GCA_014621405.1  busco: starting ascomycota_odb10 on cds_from_genomic.fna (18.4 MB)...
[19:41:38] [749/975] GCA_018282025.1  pass  C=80.9%  | rate=0.05/s  ETA=1.3h
  [19:41:47] GCA_052057135.1  busco: completed in 323s (rc=0)
  [19:41:47] GCF_006535985.1  busco: starting fungi_odb10 on cds_from_genomic.fna (13.0 MB)...
[19:41:48] [750/975] GCA_052057135.1  pass  C=99.2%  | rate=0.05/s  ETA=1.3h
  [19:41:58] GCA_058225075.1  busco: completed in 320s (rc=0)
  [19:41:58] GCA_006535985.1  busco: starting fungi_odb10 on cds_from_genomic.fna (12.8 MB)...
[19:41:59] [751/975] GCA_058225075.1  pass  C=99.1%  | rate=0.05/s  ETA=1.3h
  [19:42:09] GCA_010093795.1  busco: completed in 298s (rc=0)
  [19:42:09] GCF_001896365.1  busco: starting ascomycota_odb10 on cds_from_genomic.fna (19.8 MB)...
[19:42:11] [752/975] GCA_010093795.1  pass  C=98.2%  | rate=0.05/s  ETA=1.3h
  [19:42:20] GCA_000474925.1  busco: completed in 283s (rc=0)
  [19:42:20] GCA_001896365.1  busco: starting ascomycota_odb10 on cds_from_genomic.fna (19.4 MB)...
[19:42:21] [753/975] GCA_000474925.1  pass  C=97.2%  | rate=0.05/s  ETA=1.3h
  [19:42:31] GCA_000320565.2  busco: completed in 340s (rc=0)
  [19:42:31] GCF_001907595.1  busco: starting ascomycota_odb10 on cds_from_genomic.fna (18.0 MB)...
[19:42:32] [754/975] GCA_000320565.2  pass  C=97.9%  | rate=0.05/s  ETA=1.3h
  [19:42:54] GCA_042257735.1  busco: completed in 308s (rc=0)
  [19:42:54] GCA_001907595.1  busco: starting ascomycota_odb10 on cds_from_genomic.fna (17.7 MB)...
[19:42:55] [755/975] GCA_042257735.1  pass  C=98.7%  | rate=0.05/s  ETA=1.3h
  [19:44:11] GCA_042257785.1  busco: completed in 311s (rc=0)
  [19:44:11] GCA_000985935.1  busco: starting ascomycota_odb10 on cds_from_genomic.fna (18.4 MB)...
[19:44:13] [756/975] GCA_042257785.1  pass  C=98.3%  | rate=0.05/s  ETA=1.3h
  [19:45:14] GCA_000730325.1  busco: completed in 344s (rc=0)
  [19:45:14] GCA_009650675.1  busco: starting ascomycota_odb10 on cds_from_genomic.fna (17.1 MB)...
[19:45:15] [757/975] GCA_000730325.1  pass  C=99.0%  | rate=0.05/s  ETA=1.3h
  [19:45:35] GCA_000732565.1  busco: completed in 364s (rc=0)
  [19:45:35] GCF_000001985.1  busco: starting ascomycota_odb10 on cds_from_genomic.fna (19.0 MB)...
  [19:45:35] GCF_000264905.1  busco: completed in 299s (rc=0)
  [19:45:35] GCA_000001985.1  busco: starting ascomycota_odb10 on cds_from_genomic.fna (18.6 MB)...
[19:45:36] [758/975] GCA_000732565.1  pass  C=98.9%  | rate=0.05/s  ETA=1.3h
[19:45:37] [759/975] GCF_000264905.1  pass  C=97.7%  | rate=0.05/s  ETA=1.3h
  [19:45:40] GCF_006535985.1  busco: completed in 233s (rc=0)
  [19:45:40] GCF_009556855.1  busco: starting ascomycota_odb10 on cds_from_genomic.fna (17.7 MB)...
[19:45:41] [760/975] GCF_006535985.1  pass  C=89.4%  | rate=0.05/s  ETA=1.3h
  [19:45:42] GCA_000732765.1  busco: completed in 376s (rc=0)
  [19:45:42] GCA_011392495.1  busco: starting ascomycota_odb10 on cds_from_genomic.fna (22.7 MB)...
[19:45:43] [761/975] GCA_000732765.1  pass  C=96.5%  | rate=0.05/s  ETA=1.3h
  [19:45:45] GCA_000732775.1  busco: completed in 341s (rc=0)
  [19:45:45] GCA_000829775.1  busco: starting ascomycota_odb10 on cds_from_genomic.fna (19.8 MB)...
[19:45:46] [762/975] GCA_000732775.1  pass  C=98.8%  | rate=0.05/s  ETA=1.3h
  [19:45:47] GCA_006535985.1  busco: completed in 229s (rc=0)
  [19:45:47] GCF_013368755.1  busco: starting ascomycota_odb10 on cds_from_genomic.fna (22.2 MB)...
[19:45:48] [763/975] GCA_006535985.1  pass  C=89.4%  | rate=0.05/s  ETA=1.3h
  [19:45:51] GCA_000264905.1  busco: completed in 287s (rc=0)
  [19:45:51] GCA_013368755.1  busco: starting ascomycota_odb10 on cds_from_genomic.fna (21.7 MB)...
  [19:45:52] GCA_028584115.1  busco: completed in 343s (rc=0)
  [19:45:52] GCF_000003125.1  busco: starting ascomycota_odb10 on cds_from_genomic.fna (22.7 MB)...
[19:45:53] [764/975] GCA_000264905.1  pass  C=97.7%  | rate=0.05/s  ETA=1.3h
[19:45:54] [765/975] GCA_028584115.1  pass  C=98.1%  | rate=0.05/s  ETA=1.2h
  [19:47:22] GCA_014621405.1  busco: completed in 346s (rc=0)
  [19:47:22] GCA_000003125.1  busco: starting ascomycota_odb10 on cds_from_genomic.fna (22.2 MB)...
[19:47:23] [766/975] GCA_014621405.1  pass  C=92.8%  | rate=0.05/s  ETA=1.2h
  [19:48:03] GCF_001907595.1  busco: completed in 332s (rc=0)
  [19:48:03] GCA_001305275.1  busco: starting ascomycota_odb10 on cds_from_genomic.fna (19.9 MB)...
[19:48:04] [767/975] GCF_001907595.1  pass  C=97.2%  | rate=0.05/s  ETA=1.2h
  [19:48:06] GCA_001896365.1  busco: completed in 346s (rc=0)
  [19:48:06] GCA_018858115.1  busco: starting basidiomycota_odb10 on cds_from_genomic.fna (25.7 MB)...
[19:48:07] [768/975] GCA_001896365.1  pass  C=96.6%  | rate=0.05/s  ETA=1.2h
  [19:48:11] GCF_001896365.1  busco: completed in 362s (rc=0)
  [19:48:11] GCA_018855915.1  busco: starting basidiomycota_odb10 on cds_from_genomic.fna (16.9 MB)...
[19:48:12] [769/975] GCF_001896365.1  pass  C=96.6%  | rate=0.05/s  ETA=1.2h
  [19:48:45] GCA_001907595.1  busco: completed in 351s (rc=0)
  [19:48:45] GCA_010093825.1  busco: starting ascomycota_odb10 on cds_from_genomic.fna (16.8 MB)...
[19:48:46] [770/975] GCA_001907595.1  pass  C=97.2%  | rate=0.05/s  ETA=1.2h
  [19:49:47] GCA_000985935.1  busco: completed in 335s (rc=0)
  [19:49:47] GCA_033119285.1  busco: starting ascomycota_odb10 on cds_from_genomic.fna (30.5 MB)...
[19:49:48] [771/975] GCA_000985935.1  pass  C=98.0%  | rate=0.05/s  ETA=1.2h
  [19:49:59] GCA_009732865.1  busco: completed in 507s (rc=0)
  [19:49:59] GCA_020091625.1  busco: starting basidiomycota_odb10 on cds_from_genomic.fna (21.5 MB)...
[19:50:00] [772/975] GCA_009732865.1  pass  C=99.2%  | rate=0.05/s  ETA=1.2h
  [19:50:20] GCA_009650675.1  busco: completed in 306s (rc=0)
  [19:50:20] GCA_001263195.1  busco: starting basidiomycota_odb10 on cds_from_genomic.fna (17.2 MB)...
[19:50:21] [773/975] GCA_009650675.1  pass  C=99.3%  | rate=0.05/s  ETA=1.2h
  [19:50:47] GCF_009556855.1  busco: completed in 307s (rc=0)
  [19:50:47] GCA_018857285.1  busco: starting basidiomycota_odb10 on cds_from_genomic.fna (20.9 MB)...
[19:50:48] [774/975] GCF_009556855.1  pass  C=99.0%  | rate=0.05/s  ETA=1.2h
  [19:50:58] GCF_000001985.1  busco: completed in 323s (rc=0)
  [19:50:58] GCA_017607575.1  busco: starting basidiomycota_odb10 on cds_from_genomic.fna (16.3 MB)...
[19:50:59] [775/975] GCF_000001985.1  pass  C=99.6%  | rate=0.05/s  ETA=1.2h
  [19:51:12] GCA_000001985.1  busco: completed in 338s (rc=0)
  [19:51:12] GCA_018857305.1  busco: starting basidiomycota_odb10 on cds_from_genomic.fna (15.6 MB)...
[19:51:14] [776/975] GCA_000001985.1  pass  C=99.6%  | rate=0.05/s  ETA=1.2h
  [19:51:53] GCA_000829775.1  busco: completed in 368s (rc=0)
  [19:51:53] GCA_018857265.1  busco: starting basidiomycota_odb10 on cds_from_genomic.fna (16.7 MB)...
[19:51:54] [777/975] GCA_000829775.1  pass  C=96.1%  | rate=0.05/s  ETA=1.2h
  [19:52:11] GCF_000003125.1  busco: completed in 379s (rc=0)
  [19:52:11] GCA_003144125.1  busco: starting basidiomycota_odb10 on cds_from_genomic.fna (13.2 MB)...
  [19:52:12] GCF_013368755.1  busco: completed in 384s (rc=0)
  [19:52:12] GCA_042370945.1  busco: starting ascomycota_odb10 on cds_from_genomic.fna (15.4 MB)...
[19:52:12] [778/975] GCF_000003125.1  pass  C=98.9%  | rate=0.05/s  ETA=1.2h
[19:52:14] [779/975] GCF_013368755.1  pass  C=98.0%  | rate=0.05/s  ETA=1.2h
  [19:52:15] GCA_011392495.1  busco: completed in 393s (rc=0)
  [19:52:15] GCF_041956765.1  busco: starting ascomycota_odb10 on cds_from_genomic.fna (17.1 MB)...
[19:52:16] [780/975] GCA_011392495.1  pass  C=95.6%  | rate=0.05/s  ETA=1.2h
  [19:52:35] GCA_013368755.1  busco: completed in 404s (rc=0)
  [19:52:35] GCA_041956765.1  busco: starting ascomycota_odb10 on cds_from_genomic.fna (16.8 MB)...
[19:52:36] [781/975] GCA_013368755.1  pass  C=98.0%  | rate=0.05/s  ETA=1.2h
  [19:52:39] GCA_018855915.1  busco: completed in 268s (rc=0)
  [19:52:39] GCA_041956715.1  busco: starting ascomycota_odb10 on cds_from_genomic.fna (10.2 MB)...
[19:52:41] [782/975] GCA_018855915.1  pass  C=79.2%  | rate=0.05/s  ETA=1.1h
  [19:53:16] GCA_010093825.1  busco: completed in 271s (rc=0)
  [19:53:16] GCF_041956625.1  busco: starting ascomycota_odb10 on cds_from_genomic.fna (12.8 MB)...
[19:53:17] [783/975] GCA_010093825.1  pass  C=97.8%  | rate=0.05/s  ETA=1.1h
  [19:53:28] GCA_000003125.1  busco: completed in 366s (rc=0)
  [19:53:28] GCA_041956625.1  busco: starting ascomycota_odb10 on cds_from_genomic.fna (12.6 MB)...
[19:53:29] [784/975] GCA_000003125.1  pass  C=98.9%  | rate=0.05/s  ETA=1.1h
  [19:54:06] GCA_001263195.1  busco: completed in 226s (rc=0)
  [19:54:06] GCF_041956635.1  busco: starting ascomycota_odb10 on cds_from_genomic.fna (13.7 MB)...
[19:54:07] [785/975] GCA_001263195.1  pass  C=94.1%  | rate=0.05/s  ETA=1.1h
  [19:54:10] GCA_001305275.1  busco: completed in 367s (rc=0)
  [19:54:10] GCA_041956635.1  busco: starting ascomycota_odb10 on cds_from_genomic.fna (13.5 MB)...
  [19:54:11] GCA_018858115.1  busco: completed in 365s (rc=0)
  [19:54:11] GCA_000968615.1  busco: starting ascomycota_odb10 on cds_from_genomic.fna (10.1 MB)...
[19:54:11] [786/975] GCA_001305275.1  pass  C=96.3%  | rate=0.05/s  ETA=1.1h
[19:54:12] [787/975] GCA_018858115.1  pass  C=88.9%  | rate=0.05/s  ETA=1.1h
  [19:54:14] GCA_020091625.1  busco: completed in 255s (rc=0)
  [19:54:14] GCA_002901185.1  busco: starting ascomycota_odb10 on cds_from_genomic.fna (14.3 MB)...
[19:54:15] [788/975] GCA_020091625.1  pass  C=95.8%  | rate=0.05/s  ETA=1.1h
  [19:55:01] GCA_018857285.1  busco: completed in 254s (rc=0)
  [19:55:01] GCA_059792055.1  busco: starting ascomycota_odb10 on cds_from_genomic.fna (15.6 MB)...
[19:55:02] [789/975] GCA_018857285.1  pass  C=88.7%  | rate=0.05/s  ETA=1.1h
  [19:55:05] GCA_017607575.1  busco: completed in 247s (rc=0)
  [19:55:05] GCA_001189435.1  busco: starting ascomycota_odb10 on cds_from_genomic.fna (17.0 MB)...
  [19:55:06] GCA_003144125.1  busco: completed in 175s (rc=0)
  [19:55:06] GCA_002916505.1  busco: starting ascomycota_odb10 on cds_from_genomic.fna (16.2 MB)...
[19:55:06] [790/975] GCA_017607575.1  pass  C=76.1%  | rate=0.05/s  ETA=1.1h
[19:55:08] [791/975] GCA_003144125.1  pass  C=96.9%  | rate=0.05/s  ETA=1.1h
  [19:55:42] GCA_018857305.1  busco: completed in 270s (rc=0)
  [19:55:42] GCF_010094035.1  busco: starting ascomycota_odb10 on cds_from_genomic.fna (27.2 MB)...
[19:55:43] [792/975] GCA_018857305.1  pass  C=67.8%  | rate=0.05/s  ETA=1.1h
  [19:56:50] GCA_018857265.1  busco: completed in 297s (rc=0)
  [19:56:50] GCA_010094035.1  busco: starting ascomycota_odb10 on cds_from_genomic.fna (26.8 MB)...
[19:56:51] [793/975] GCA_018857265.1  pass  C=67.1%  | rate=0.05/s  ETA=1.1h
  [19:57:10] GCF_041956765.1  busco: completed in 295s (rc=0)
  [19:57:10] GCA_051819885.1  busco: starting ascomycota_odb10 on cds_from_genomic.fna (17.8 MB)...
[19:57:11] [794/975] GCF_041956765.1  pass  C=99.2%  | rate=0.05/s  ETA=1.1h
  [19:57:32] GCF_041956625.1  busco: completed in 257s (rc=0)
  [19:57:32] GCA_051819865.1  busco: starting ascomycota_odb10 on cds_from_genomic.fna (22.5 MB)...
[19:57:33] [795/975] GCF_041956625.1  pass  C=96.9%  | rate=0.05/s  ETA=1.1h
  [19:57:40] GCA_041956765.1  busco: completed in 305s (rc=0)
  [19:57:40] GCF_033847375.1  busco: starting ascomycota_odb10 on cds_from_genomic.fna (20.1 MB)...
[19:57:41] [796/975] GCA_041956765.1  pass  C=99.2%  | rate=0.05/s  ETA=1.1h
  [19:57:50] GCA_041956635.1  busco: completed in 220s (rc=0)
  [19:57:50] GCA_033847375.1  busco: starting ascomycota_odb10 on cds_from_genomic.fna (19.8 MB)...
  [19:57:50] GCA_041956625.1  busco: completed in 262s (rc=0)
  [19:57:50] GCA_003012105.1  busco: starting ascomycota_odb10 on cds_from_genomic.fna (18.2 MB)...
  [19:57:51] GCA_042370945.1  busco: completed in 339s (rc=0)
  [19:57:51] GCA_052084505.1  busco: starting ascomycota_odb10 on cds_from_genomic.fna (17.9 MB)...
[19:57:51] [797/975] GCA_041956635.1  pass  C=99.6%  | rate=0.05/s  ETA=1.1h
  [19:57:52] GCA_000968615.1  busco: completed in 221s (rc=0)
  [19:57:52] GCA_021066465.1  busco: starting ascomycota_odb10 on cds_from_genomic.fna (19.6 MB)...
[19:57:52] [798/975] GCA_041956625.1  pass  C=96.9%  | rate=0.05/s  ETA=1.1h
[19:57:54] [799/975] GCA_042370945.1  pass  C=98.8%  | rate=0.05/s  ETA=1.0h
  [19:57:55] GCA_041956715.1  busco: completed in 316s (rc=0)
  [19:57:55] GCF_020647865.1  busco: starting ascomycota_odb10 on cds_from_genomic.fna (21.1 MB)...
[19:57:55] [800/975] GCA_000968615.1  pass  C=93.7%  | rate=0.05/s  ETA=1.0h
[19:57:56] [801/975] GCA_041956715.1  pass  C=70.0%  | rate=0.05/s  ETA=1.0h
  [19:58:02] GCF_041956635.1  busco: completed in 236s (rc=0)
  [19:58:02] GCA_036173025.1  busco: starting ascomycota_odb10 on cds_from_genomic.fna (17.8 MB)...
[19:58:03] [802/975] GCF_041956635.1  pass  C=99.6%  | rate=0.05/s  ETA=1.0h
  [19:58:26] GCA_002901185.1  busco: completed in 252s (rc=0)
  [19:58:26] GCA_013423425.1  busco: starting ascomycota_odb10 on cds_from_genomic.fna (15.0 MB)...
[19:58:27] [803/975] GCA_002901185.1  pass  C=96.0%  | rate=0.05/s  ETA=1.0h
  [19:59:23] GCA_059792055.1  busco: completed in 261s (rc=0)
  [19:59:23] GCF_020647795.1  busco: starting ascomycota_odb10 on cds_from_genomic.fna (21.4 MB)...
[19:59:24] [804/975] GCA_059792055.1  pass  C=99.1%  | rate=0.05/s  ETA=1.0h
  [19:59:52] GCA_002916505.1  busco: completed in 286s (rc=0)
  [19:59:52] GCA_020647795.1  busco: starting ascomycota_odb10 on cds_from_genomic.fna (21.0 MB)...
[19:59:53] [805/975] GCA_002916505.1  pass  C=95.4%  | rate=0.05/s  ETA=1.0h
  [20:00:02] GCA_001189435.1  busco: completed in 297s (rc=0)
  [20:00:02] GCA_051820515.1  busco: starting ascomycota_odb10 on cds_from_genomic.fna (18.9 MB)...
[20:00:03] [806/975] GCA_001189435.1  pass  C=95.5%  | rate=0.05/s  ETA=1.0h
  [20:00:16] GCA_033119285.1  busco: completed in 629s (rc=0)
  [20:00:16] GCA_051820595.1  busco: starting ascomycota_odb10 on cds_from_genomic.fna (20.8 MB)...
[20:00:17] [807/975] GCA_033119285.1  pass  C=86.5%  | rate=0.05/s  ETA=1.0h
  [20:01:34] GCA_051819885.1  busco: completed in 264s (rc=0)
  [20:01:34] GCF_028502605.1  busco: starting ascomycota_odb10 on cds_from_genomic.fna (20.7 MB)...
[20:01:35] [808/975] GCA_051819885.1  pass  C=99.0%  | rate=0.05/s  ETA=1.0h
  [20:01:41] GCF_010094035.1  busco: completed in 359s (rc=0)
  [20:01:41] GCA_028502605.1  busco: starting ascomycota_odb10 on cds_from_genomic.fna (20.1 MB)...
[20:01:42] [809/975] GCF_010094035.1  pass  C=99.2%  | rate=0.05/s  ETA=1.0h
  [20:02:43] GCA_021066465.1  busco: completed in 291s (rc=0)
  [20:02:43] GCF_050948025.1  busco: starting ascomycota_odb10 on cds_from_genomic.fna (23.0 MB)...
[20:02:45] [810/975] GCA_021066465.1  pass  C=98.8%  | rate=0.05/s  ETA=1.0h
  [20:03:12] GCA_010094035.1  busco: completed in 382s (rc=0)
  [20:03:12] GCA_050948025.1  busco: starting ascomycota_odb10 on cds_from_genomic.fna (22.7 MB)...
[20:03:13] [811/975] GCA_010094035.1  pass  C=99.2%  | rate=0.05/s  ETA=1.0h
  [20:03:29] GCF_033847375.1  busco: completed in 349s (rc=0)
  [20:03:29] GCA_051819845.1  busco: starting ascomycota_odb10 on cds_from_genomic.fna (16.9 MB)...
  [20:03:29] GCA_051819865.1  busco: completed in 357s (rc=0)
  [20:03:29] GCA_048183105.1  busco: starting ascomycota_odb10 on cds_from_genomic.fna (22.6 MB)...
[20:03:30] [812/975] GCF_033847375.1  pass  C=98.5%  | rate=0.05/s  ETA=1.0h
[20:03:31] [813/975] GCA_051819865.1  pass  C=99.4%  | rate=0.05/s  ETA=1.0h
  [20:03:36] GCA_033847375.1  busco: completed in 346s (rc=0)
  [20:03:36] GCA_051820575.1  busco: starting ascomycota_odb10 on cds_from_genomic.fna (20.8 MB)...
[20:03:37] [814/975] GCA_033847375.1  pass  C=98.5%  | rate=0.05/s  ETA=1.0h
  [20:03:46] GCA_013423425.1  busco: completed in 320s (rc=0)
  [20:03:46] GCF_003025115.1  busco: starting ascomycota_odb10 on cds_from_genomic.fna (17.1 MB)...
  [20:03:47] GCA_003012105.1  busco: completed in 357s (rc=0)
  [20:03:47] GCA_003025115.1  busco: starting ascomycota_odb10 on cds_from_genomic.fna (16.8 MB)...
[20:03:47] [815/975] GCA_013423425.1  pass  C=95.0%  | rate=0.05/s  ETA=0.9h
[20:03:48] [816/975] GCA_003012105.1  pass  C=96.2%  | rate=0.05/s  ETA=0.9h
  [20:03:51] GCA_036173025.1  busco: completed in 349s (rc=0)
  [20:03:51] GCA_051820635.1  busco: starting ascomycota_odb10 on cds_from_genomic.fna (19.9 MB)...
  [20:03:52] GCA_052084505.1  busco: completed in 361s (rc=0)
  [20:03:52] GCA_020631695.1  busco: starting ascomycota_odb10 on cds_from_genomic.fna (14.4 MB)...
[20:03:52] [817/975] GCA_036173025.1  pass  C=93.4%  | rate=0.05/s  ETA=0.9h
[20:03:53] [818/975] GCA_052084505.1  pass  C=97.8%  | rate=0.05/s  ETA=0.9h
  [20:03:56] GCF_020647865.1  busco: completed in 361s (rc=0)
  [20:03:56] GCF_050947405.1  busco: starting ascomycota_odb10 on cds_from_genomic.fna (20.8 MB)...
[20:03:58] [819/975] GCF_020647865.1  pass  C=98.6%  | rate=0.05/s  ETA=0.9h
  [20:04:53] GCA_051820515.1  busco: completed in 291s (rc=0)
  [20:04:53] GCA_050947405.1  busco: starting ascomycota_odb10 on cds_from_genomic.fna (20.6 MB)...
[20:04:55] [820/975] GCA_051820515.1  pass  C=99.7%  | rate=0.05/s  ETA=0.9h
  [20:05:24] GCA_051820595.1  busco: completed in 308s (rc=0)
  [20:05:24] GCA_060224215.1  busco: starting ascomycota_odb10 on cds_from_genomic.fna (20.8 MB)...
[20:05:25] [821/975] GCA_051820595.1  pass  C=99.4%  | rate=0.05/s  ETA=0.9h
  [20:06:45] GCF_020647795.1  busco: completed in 443s (rc=0)
  [20:06:45] GCF_001481775.2  busco: starting ascomycota_odb10 on cds_from_genomic.fna (19.4 MB)...
[20:06:47] [822/975] GCF_020647795.1  pass  C=89.5%  | rate=0.05/s  ETA=0.9h
  [20:06:49] GCA_028502605.1  busco: completed in 308s (rc=0)
  [20:06:49] GCA_002894205.1  busco: starting ascomycota_odb10 on cds_from_genomic.fna (17.7 MB)...
[20:06:50] [823/975] GCA_028502605.1  pass  C=99.2%  | rate=0.05/s  ETA=0.9h
  [20:07:01] GCF_028502605.1  busco: completed in 327s (rc=0)
  [20:07:01] GCA_001481775.2  busco: starting ascomycota_odb10 on cds_from_genomic.fna (19.0 MB)...
[20:07:02] [824/975] GCF_028502605.1  pass  C=99.2%  | rate=0.05/s  ETA=0.9h
  [20:07:22] GCA_020647795.1  busco: completed in 450s (rc=0)
  [20:07:22] GCF_004382785.1  busco: starting ascomycota_odb10 on cds_from_genomic.fna (18.2 MB)...
[20:07:23] [825/975] GCA_020647795.1  pass  C=89.5%  | rate=0.05/s  ETA=0.9h
  [20:08:07] GCA_051819845.1  busco: completed in 278s (rc=0)
  [20:08:07] GCA_004382785.1  busco: starting ascomycota_odb10 on cds_from_genomic.fna (17.9 MB)...
[20:08:08] [826/975] GCA_051819845.1  pass  C=99.2%  | rate=0.05/s  ETA=0.9h
  [20:08:16] GCA_020631695.1  busco: completed in 265s (rc=0)
  [20:08:16] GCA_051819905.1  busco: starting ascomycota_odb10 on cds_from_genomic.fna (17.6 MB)...
[20:08:17] [827/975] GCA_020631695.1  pass  C=98.4%  | rate=0.05/s  ETA=0.9h
  [20:08:23] GCF_050948025.1  busco: completed in 340s (rc=0)
  [20:08:23] GCA_002022785.1  busco: starting ascomycota_odb10 on cds_from_genomic.fna (19.5 MB)...
[20:08:24] [828/975] GCF_050948025.1  pass  C=99.7%  | rate=0.05/s  ETA=0.9h
  [20:08:56] GCF_003025115.1  busco: completed in 310s (rc=0)
  [20:08:56] GCF_003025095.1  busco: starting ascomycota_odb10 on cds_from_genomic.fna (22.6 MB)...
[20:08:57] [829/975] GCF_003025115.1  pass  C=96.3%  | rate=0.05/s  ETA=0.9h
  [20:08:59] GCA_003025115.1  busco: completed in 312s (rc=0)
  [20:08:59] GCA_033847385.1  busco: starting ascomycota_odb10 on cds_from_genomic.fna (20.4 MB)...
[20:09:00] [830/975] GCA_003025115.1  pass  C=96.3%  | rate=0.05/s  ETA=0.9h
  [20:09:05] GCA_050948025.1  busco: completed in 353s (rc=0)
  [20:09:05] GCA_002894145.1  busco: starting ascomycota_odb10 on cds_from_genomic.fna (18.4 MB)...
[20:09:07] [831/975] GCA_050948025.1  pass  C=99.7%  | rate=0.05/s  ETA=0.9h
  [20:09:08] GCA_051820575.1  busco: completed in 332s (rc=0)
  [20:09:08] GCA_000988865.1  busco: starting ascomycota_odb10 on cds_from_genomic.fna (19.9 MB)...
[20:09:09] [832/975] GCA_051820575.1  pass  C=99.5%  | rate=0.05/s  ETA=0.8h
  [20:09:29] GCA_051820635.1  busco: completed in 338s (rc=0)
  [20:09:29] GCA_011066345.1  busco: starting ascomycota_odb10 on cds_from_genomic.fna (22.6 MB)...
[20:09:30] [833/975] GCA_051820635.1  pass  C=99.5%  | rate=0.05/s  ETA=0.8h
  [20:10:05] GCF_050947405.1  busco: completed in 368s (rc=0)
  [20:10:05] GCA_050947385.1  busco: starting ascomycota_odb10 on cds_from_genomic.fna (17.8 MB)...
[20:10:06] [834/975] GCF_050947405.1  pass  C=99.1%  | rate=0.05/s  ETA=0.8h
  [20:10:16] GCA_048183105.1  busco: completed in 407s (rc=0)
  [20:10:16] GCA_003025155.1  busco: starting ascomycota_odb10 on cds_from_genomic.fna (16.9 MB)...
[20:10:17] [835/975] GCA_048183105.1  pass  C=98.2%  | rate=0.05/s  ETA=0.8h
  [20:10:39] GCA_050947405.1  busco: completed in 346s (rc=0)
  [20:10:39] GCA_050948085.1  busco: starting ascomycota_odb10 on cds_from_genomic.fna (17.6 MB)...
[20:10:40] [836/975] GCA_050947405.1  pass  C=99.1%  | rate=0.05/s  ETA=0.8h
  [20:10:54] GCA_060224215.1  busco: completed in 330s (rc=0)
  [20:10:54] GCA_001050175.1  busco: starting ascomycota_odb10 on cds_from_genomic.fna (15.5 MB)...
[20:10:55] [837/975] GCA_060224215.1  pass  C=97.9%  | rate=0.05/s  ETA=0.8h
  [20:12:06] GCA_002894205.1  busco: completed in 317s (rc=0)
  [20:12:06] GCA_050703535.1  busco: starting ascomycota_odb10 on cds_from_genomic.fna (21.9 MB)...
[20:12:07] [838/975] GCA_002894205.1  pass  C=97.4%  | rate=0.05/s  ETA=0.8h
  [20:12:14] GCF_004382785.1  busco: completed in 292s (rc=0)
  [20:12:14] GCF_000167675.1  busco: starting ascomycota_odb10 on cds_from_genomic.fna (16.2 MB)...
[20:12:15] [839/975] GCF_004382785.1  pass  C=98.3%  | rate=0.05/s  ETA=0.8h
  [20:12:23] GCF_001481775.2  busco: completed in 337s (rc=0)
  [20:12:23] GCA_000513815.1  busco: starting ascomycota_odb10 on cds_from_genomic.fna (16.5 MB)...
[20:12:24] [840/975] GCF_001481775.2  pass  C=96.0%  | rate=0.05/s  ETA=0.8h
  [20:12:43] GCA_051819905.1  busco: completed in 267s (rc=0)
  [20:12:43] GCA_000167675.2  busco: starting ascomycota_odb10 on cds_from_genomic.fna (15.9 MB)...
[20:12:44] [841/975] GCA_051819905.1  pass  C=99.0%  | rate=0.05/s  ETA=0.8h
  [20:12:54] GCA_001481775.2  busco: completed in 353s (rc=0)
  [20:12:54] GCA_020045945.2  busco: starting ascomycota_odb10 on cds_from_genomic.fna (20.4 MB)...
[20:12:55] [842/975] GCA_001481775.2  pass  C=96.0%  | rate=0.05/s  ETA=0.8h
  [20:12:56] GCA_004382785.1  busco: completed in 289s (rc=0)
  [20:12:56] GCA_019565615.1  busco: starting ascomycota_odb10 on cds_from_genomic.fna (24.2 MB)...
[20:12:57] [843/975] GCA_004382785.1  pass  C=98.3%  | rate=0.05/s  ETA=0.8h
  [20:14:01] GCA_002022785.1  busco: completed in 338s (rc=0)
  [20:14:01] GCA_054367885.1  busco: starting ascomycota_odb10 on cds_from_genomic.fna (22.4 MB)...
[20:14:02] [844/975] GCA_002022785.1  pass  C=99.2%  | rate=0.05/s  ETA=0.8h
  [20:14:40] GCA_002894145.1  busco: completed in 335s (rc=0)
  [20:14:40] GCA_050947985.1  busco: starting ascomycota_odb10 on cds_from_genomic.fna (22.6 MB)...
[20:14:41] [845/975] GCA_002894145.1  pass  C=96.4%  | rate=0.05/s  ETA=0.8h
  [20:14:43] GCA_033847385.1  busco: completed in 344s (rc=0)
  [20:14:43] GCA_050948005.1  busco: starting ascomycota_odb10 on cds_from_genomic.fna (22.3 MB)...
[20:14:44] [846/975] GCA_033847385.1  pass  C=98.8%  | rate=0.05/s  ETA=0.8h
  [20:14:55] GCA_050947385.1  busco: completed in 290s (rc=0)
  [20:14:55] GCA_051820695.1  busco: starting ascomycota_odb10 on cds_from_genomic.fna (20.4 MB)...
[20:14:56] [847/975] GCA_050947385.1  pass  C=99.3%  | rate=0.05/s  ETA=0.8h
  [20:15:10] GCA_000988865.1  busco: completed in 362s (rc=0)
  [20:15:10] GCA_050948045.1  busco: starting ascomycota_odb10 on cds_from_genomic.fna (22.7 MB)...
[20:15:11] [848/975] GCA_000988865.1  pass  C=98.2%  | rate=0.05/s  ETA=0.8h
  [20:15:27] GCA_050948085.1  busco: completed in 287s (rc=0)
  [20:15:27] GCA_051820155.1  busco: starting ascomycota_odb10 on cds_from_genomic.fna (20.3 MB)...
[20:15:28] [849/975] GCA_050948085.1  pass  C=99.3%  | rate=0.05/s  ETA=0.7h
  [20:15:34] GCA_011066345.1  busco: completed in 365s (rc=0)
  [20:15:34] GCA_051820675.1  busco: starting ascomycota_odb10 on cds_from_genomic.fna (22.9 MB)...
[20:15:35] [850/975] GCA_011066345.1  pass  C=97.9%  | rate=0.05/s  ETA=0.7h
  [20:15:49] GCF_003025095.1  busco: completed in 413s (rc=0)
  [20:15:49] GCA_052570025.1  busco: starting ascomycota_odb10 on cds_from_genomic.fna (17.7 MB)...
[20:15:50] [851/975] GCF_003025095.1  pass  C=99.3%  | rate=0.05/s  ETA=0.7h
  [20:16:04] GCA_001050175.1  busco: completed in 310s (rc=0)
  [20:16:04] GCA_052570055.1  busco: starting ascomycota_odb10 on cds_from_genomic.fna (17.7 MB)...
[20:16:05] [852/975] GCA_001050175.1  pass  C=96.2%  | rate=0.05/s  ETA=0.7h
  [20:16:09] GCA_003025155.1  busco: completed in 353s (rc=0)
  [20:16:09] GCA_052570065.1  busco: starting ascomycota_odb10 on cds_from_genomic.fna (17.5 MB)...
[20:16:10] [853/975] GCA_003025155.1  pass  C=89.7%  | rate=0.05/s  ETA=0.7h
  [20:17:01] GCF_000167675.1  busco: completed in 287s (rc=0)
  [20:17:01] GCA_052570145.1  busco: starting ascomycota_odb10 on cds_from_genomic.fna (17.9 MB)...
[20:17:02] [854/975] GCF_000167675.1  pass  C=99.0%  | rate=0.05/s  ETA=0.7h
  [20:17:07] GCA_000513815.1  busco: completed in 284s (rc=0)
  [20:17:07] GCA_018854895.1  busco: starting basidiomycota_odb10 on cds_from_genomic.fna (22.4 MB)...
[20:17:08] [855/975] GCA_000513815.1  pass  C=99.1%  | rate=0.05/s  ETA=0.7h
  [20:17:48] GCA_000167675.2  busco: completed in 305s (rc=0)
  [20:17:48] GCA_014904895.1  busco: starting basidiomycota_odb10 on cds_from_genomic.fna (24.9 MB)...
[20:17:49] [856/975] GCA_000167675.2  pass  C=99.0%  | rate=0.05/s  ETA=0.7h
  [20:18:00] GCA_050703535.1  busco: completed in 354s (rc=0)
  [20:18:00] GCA_026184415.1  busco: starting ascomycota_odb10 on cds_from_genomic.fna (15.8 MB)...
[20:18:01] [857/975] GCA_050703535.1  pass  C=99.5%  | rate=0.05/s  ETA=0.7h
  [20:18:43] GCA_019565615.1  busco: completed in 347s (rc=0)
  [20:18:43] GCA_000827465.1  busco: starting basidiomycota_odb10 on cds_from_genomic.fna (25.3 MB)...
[20:18:44] [858/975] GCA_019565615.1  pass  C=99.2%  | rate=0.05/s  ETA=0.7h
  [20:18:52] GCA_020045945.2  busco: completed in 358s (rc=0)
  [20:18:52] GCA_019632275.1  busco: starting basidiomycota_odb10 on cds_from_genomic.fna (18.1 MB)...
[20:18:53] [859/975] GCA_020045945.2  pass  C=98.5%  | rate=0.05/s  ETA=0.7h
  [20:20:11] GCA_054367885.1  busco: completed in 370s (rc=0)
  [20:20:11] GCA_019632265.1  busco: starting basidiomycota_odb10 on cds_from_genomic.fna (17.7 MB)...
[20:20:12] [860/975] GCA_054367885.1  pass  C=99.0%  | rate=0.05/s  ETA=0.7h
  [20:20:29] GCA_050947985.1  busco: completed in 349s (rc=0)
  [20:20:29] GCA_019632285.1  busco: starting basidiomycota_odb10 on cds_from_genomic.fna (17.7 MB)...
[20:20:30] [861/975] GCA_050947985.1  pass  C=99.5%  | rate=0.05/s  ETA=0.7h
  [20:20:48] GCA_050948045.1  busco: completed in 338s (rc=0)
  [20:20:48] GCA_019632305.1  busco: starting basidiomycota_odb10 on cds_from_genomic.fna (15.3 MB)...
[20:20:49] [862/975] GCA_050948045.1  pass  C=99.3%  | rate=0.05/s  ETA=0.7h
  [20:20:54] GCA_051820695.1  busco: completed in 359s (rc=0)
  [20:20:54] GCA_019633405.1  busco: starting basidiomycota_odb10 on cds_from_genomic.fna (19.5 MB)...
[20:20:55] [863/975] GCA_051820695.1  pass  C=99.1%  | rate=0.05/s  ETA=0.7h
  [20:21:02] GCA_050948005.1  busco: completed in 380s (rc=0)
  [20:21:02] GCA_019633465.1  busco: starting basidiomycota_odb10 on cds_from_genomic.fna (21.9 MB)...
[20:21:04] [864/975] GCA_050948005.1  pass  C=99.0%  | rate=0.05/s  ETA=0.7h
  [20:21:04] GCA_052570025.1  busco: completed in 315s (rc=0)
  [20:21:04] GCA_019632295.1  busco: starting basidiomycota_odb10 on cds_from_genomic.fna (19.0 MB)...
[20:21:05] [865/975] GCA_052570025.1  pass  C=98.0%  | rate=0.05/s  ETA=0.7h
  [20:21:25] GCA_051820155.1  busco: completed in 358s (rc=0)
  [20:21:25] GCA_019633455.1  busco: starting basidiomycota_odb10 on cds_from_genomic.fna (19.7 MB)...
[20:21:26] [866/975] GCA_051820155.1  pass  C=99.3%  | rate=0.05/s  ETA=0.6h
  [20:21:36] GCA_052570055.1  busco: completed in 333s (rc=0)
  [20:21:36] GCA_019633425.1  busco: starting basidiomycota_odb10 on cds_from_genomic.fna (21.6 MB)...
[20:21:38] [867/975] GCA_052570055.1  pass  C=98.7%  | rate=0.05/s  ETA=0.6h
  [20:21:38] GCA_051820675.1  busco: completed in 364s (rc=0)
  [20:21:38] GCA_019633485.1  busco: starting basidiomycota_odb10 on cds_from_genomic.fna (21.2 MB)...
[20:21:39] [868/975] GCA_051820675.1  pass  C=99.0%  | rate=0.05/s  ETA=0.6h
  [20:21:51] GCA_052570065.1  busco: completed in 342s (rc=0)
  [20:21:51] GCA_019633495.1  busco: starting basidiomycota_odb10 on cds_from_genomic.fna (19.6 MB)...
[20:21:53] [869/975] GCA_052570065.1  pass  C=97.5%  | rate=0.05/s  ETA=0.6h
  [20:22:09] GCA_018854895.1  busco: completed in 302s (rc=0)
  [20:22:09] GCA_019633535.1  busco: starting basidiomycota_odb10 on cds_from_genomic.fna (22.2 MB)...
[20:22:10] [870/975] GCA_018854895.1  pass  C=90.5%  | rate=0.05/s  ETA=0.6h
  [20:22:28] GCA_014904895.1  busco: completed in 281s (rc=0)
  [20:22:28] GCA_019633545.1  busco: starting basidiomycota_odb10 on cds_from_genomic.fna (22.5 MB)...
[20:22:30] [871/975] GCA_014904895.1  pass  C=97.5%  | rate=0.05/s  ETA=0.6h
  [20:22:42] GCA_052570145.1  busco: completed in 341s (rc=0)
  [20:22:42] GCA_019633555.1  busco: starting basidiomycota_odb10 on cds_from_genomic.fna (22.6 MB)...
[20:22:43] [872/975] GCA_052570145.1  pass  C=97.2%  | rate=0.05/s  ETA=0.6h
  [20:22:58] GCA_026184415.1  busco: completed in 298s (rc=0)
  [20:22:58] GCA_019633595.1  busco: starting basidiomycota_odb10 on cds_from_genomic.fna (21.3 MB)...
[20:23:00] [873/975] GCA_026184415.1  pass  C=95.6%  | rate=0.05/s  ETA=0.6h
  [20:23:12] GCA_019632275.1  busco: completed in 260s (rc=0)
  [20:23:12] GCA_022496955.1  busco: starting ascomycota_odb10 on cds_from_genomic.fna (21.3 MB)...
[20:23:14] [874/975] GCA_019632275.1  pass  C=90.6%  | rate=0.05/s  ETA=0.6h
  [20:24:02] GCA_019632265.1  busco: completed in 231s (rc=0)
  [20:24:02] GCA_022160365.1  busco: starting basidiomycota_odb10 on cds_from_genomic.fna (17.4 MB)...
[20:24:04] [875/975] GCA_019632265.1  pass  C=89.6%  | rate=0.05/s  ETA=0.6h
  [20:24:37] GCA_019632285.1  busco: completed in 247s (rc=0)
  [20:24:37] GCF_003357145.1  busco: starting ascomycota_odb10 on cds_from_genomic.fna (19.4 MB)...
[20:24:38] [876/975] GCA_019632285.1  pass  C=89.4%  | rate=0.05/s  ETA=0.6h
  [20:25:07] GCA_000827465.1  busco: completed in 384s (rc=0)
  [20:25:07] GCA_003357145.1  busco: starting ascomycota_odb10 on cds_from_genomic.fna (19.0 MB)...
[20:25:09] [877/975] GCA_000827465.1  pass  C=86.7%  | rate=0.05/s  ETA=0.6h
  [20:25:43] GCA_019632305.1  busco: completed in 296s (rc=0)
  [20:25:43] GCA_033675295.1  busco: starting ascomycota_odb10 on cds_from_genomic.fna (36.2 MB)...
[20:25:45] [878/975] GCA_019632305.1  pass  C=71.3%  | rate=0.05/s  ETA=0.6h
  [20:25:54] GCA_019632295.1  busco: completed in 290s (rc=0)
  [20:25:54] GCA_035928285.1  busco: starting ascomycota_odb10 on cds_from_genomic.fna (19.9 MB)...
[20:25:55] [879/975] GCA_019632295.1  pass  C=84.1%  | rate=0.05/s  ETA=0.6h
  [20:26:37] GCA_019633455.1  busco: completed in 312s (rc=0)
  [20:26:37] GCA_001691835.3  busco: starting basidiomycota_odb10 on cds_from_genomic.fna (19.8 MB)...
[20:26:39] [880/975] GCA_019633455.1  pass  C=85.3%  | rate=0.05/s  ETA=0.6h
  [20:26:39] GCA_019633485.1  busco: completed in 301s (rc=0)
  [20:26:39] GCF_010094085.1  busco: starting ascomycota_odb10 on cds_from_genomic.fna (17.3 MB)...
[20:26:41] [881/975] GCA_019633485.1  pass  C=88.6%  | rate=0.05/s  ETA=0.6h
  [20:26:42] GCA_019633425.1  busco: completed in 305s (rc=0)
  [20:26:42] GCA_010094085.1  busco: starting ascomycota_odb10 on cds_from_genomic.fna (17.1 MB)...
[20:26:43] [882/975] GCA_019633425.1  pass  C=88.7%  | rate=0.05/s  ETA=0.6h
  [20:27:07] GCA_019633535.1  busco: completed in 299s (rc=0)
  [20:27:07] GCA_022497155.1  busco: starting ascomycota_odb10 on cds_from_genomic.fna (21.6 MB)...
[20:27:09] [883/975] GCA_019633535.1  pass  C=95.3%  | rate=0.05/s  ETA=0.5h
  [20:27:32] GCA_019633545.1  busco: completed in 304s (rc=0)
  [20:27:32] GCA_022495125.1  busco: starting ascomycota_odb10 on cds_from_genomic.fna (21.2 MB)...
[20:27:34] [884/975] GCA_019633545.1  pass  C=93.5%  | rate=0.05/s  ETA=0.5h
  [20:27:37] GCA_022160365.1  busco: completed in 214s (rc=0)
  [20:27:37] GCA_022578905.1  busco: starting ascomycota_odb10 on cds_from_genomic.fna (22.6 MB)...
[20:27:38] [885/975] GCA_022160365.1  pass  C=99.0%  | rate=0.05/s  ETA=0.5h
  [20:27:42] GCA_019633555.1  busco: completed in 300s (rc=0)
  [20:27:42] GCA_022385695.1  busco: starting ascomycota_odb10 on cds_from_genomic.fna (22.3 MB)...
[20:27:43] [886/975] GCA_019633555.1  pass  C=95.0%  | rate=0.05/s  ETA=0.5h
  [20:27:57] GCA_019633495.1  busco: completed in 365s (rc=0)
  [20:27:57] GCF_022495145.1  busco: starting ascomycota_odb10 on cds_from_genomic.fna (21.3 MB)...
[20:27:58] [887/975] GCA_019633495.1  pass  C=64.8%  | rate=0.05/s  ETA=0.5h
  [20:28:02] GCA_019633405.1  busco: completed in 428s (rc=0)
  [20:28:02] GCA_022495145.1  busco: starting ascomycota_odb10 on cds_from_genomic.fna (21.0 MB)...
[20:28:03] [888/975] GCA_019633405.1  fail  C=41.5%  | rate=0.05/s  ETA=0.5h
  [20:28:33] GCA_019633465.1  busco: completed in 451s (rc=0)
  [20:28:33] GCA_022495115.1  busco: starting ascomycota_odb10 on cds_from_genomic.fna (20.8 MB)...
[20:28:35] [889/975] GCA_019633465.1  pass  C=53.4%  | rate=0.05/s  ETA=0.5h
  [20:28:35] GCA_019633595.1  busco: completed in 337s (rc=0)
  [20:28:35] GCA_022385715.1  busco: starting ascomycota_odb10 on cds_from_genomic.fna (22.3 MB)...
[20:28:37] [890/975] GCA_019633595.1  pass  C=82.1%  | rate=0.05/s  ETA=0.5h
  [20:28:58] GCA_022496955.1  busco: completed in 345s (rc=0)
  [20:28:58] GCA_027595895.1  busco: starting ascomycota_odb10 on cds_from_genomic.fna (18.0 MB)...
[20:28:59] [891/975] GCA_022496955.1  pass  C=98.2%  | rate=0.05/s  ETA=0.5h
  [20:30:15] GCF_003357145.1  busco: completed in 339s (rc=0)
  [20:30:15] GCA_022495235.1  busco: starting ascomycota_odb10 on cds_from_genomic.fna (23.0 MB)...
[20:30:17] [892/975] GCF_003357145.1  pass  C=98.4%  | rate=0.05/s  ETA=0.5h
  [20:30:44] GCA_003357145.1  busco: completed in 337s (rc=0)
  [20:30:44] GCA_022495195.1  busco: starting ascomycota_odb10 on cds_from_genomic.fna (21.6 MB)...
[20:30:46] [893/975] GCA_003357145.1  pass  C=98.4%  | rate=0.05/s  ETA=0.5h
  [20:31:02] GCA_001691835.3  busco: completed in 265s (rc=0)
  [20:31:02] GCA_007182795.1  busco: starting ascomycota_odb10 on cds_from_genomic.fna (20.5 MB)...
[20:31:03] [894/975] GCA_001691835.3  pass  C=91.5%  | rate=0.05/s  ETA=0.5h
  [20:31:33] GCF_010094085.1  busco: completed in 294s (rc=0)
  [20:31:33] GCA_022495055.1  busco: starting ascomycota_odb10 on cds_from_genomic.fna (22.8 MB)...
[20:31:35] [895/975] GCF_010094085.1  pass  C=98.7%  | rate=0.05/s  ETA=0.5h
  [20:31:35] GCA_035928285.1  busco: completed in 342s (rc=0)
  [20:31:35] GCA_004014815.1  busco: starting ascomycota_odb10 on cds_from_genomic.fna (20.5 MB)...
[20:31:37] [896/975] GCA_035928285.1  pass  C=97.9%  | rate=0.05/s  ETA=0.5h
  [20:31:55] GCA_010094085.1  busco: completed in 313s (rc=0)
  [20:31:55] GCA_004768795.1  busco: starting ascomycota_odb10 on cds_from_genomic.fna (19.1 MB)...
[20:31:56] [897/975] GCA_010094085.1  pass  C=98.7%  | rate=0.05/s  ETA=0.5h
  [20:32:56] GCA_022497155.1  busco: completed in 349s (rc=0)
  [20:32:56] GCA_022385655.1  busco: starting ascomycota_odb10 on cds_from_genomic.fna (17.2 MB)...
[20:32:57] [898/975] GCA_022497155.1  pass  C=98.8%  | rate=0.05/s  ETA=0.5h
  [20:33:09] GCA_022495125.1  busco: completed in 337s (rc=0)
  [20:33:09] GCA_025201785.1  busco: starting ascomycota_odb10 on cds_from_genomic.fna (21.5 MB)...
  [20:33:11] GCF_022495145.1  busco: completed in 314s (rc=0)
[20:33:11] [899/975] GCA_022495125.1  pass  C=98.7%  | rate=0.05/s  ETA=0.5h
  [20:33:11] GCA_022385595.1  busco: starting ascomycota_odb10 on cds_from_genomic.fna (20.1 MB)...
[20:33:12] [900/975] GCF_022495145.1  pass  C=98.8%  | rate=0.05/s  ETA=0.4h
  [20:33:30] GCA_022385695.1  busco: completed in 348s (rc=0)
  [20:33:30] GCA_003426235.1  busco: starting ascomycota_odb10 on cds_from_genomic.fna (21.4 MB)...
[20:33:31] [901/975] GCA_022385695.1  pass  C=98.9%  | rate=0.05/s  ETA=0.4h
  [20:33:32] GCA_022578905.1  busco: completed in 355s (rc=0)
  [20:33:32] GCA_022385635.1  busco: starting ascomycota_odb10 on cds_from_genomic.fna (23.0 MB)...
[20:33:33] [902/975] GCA_022578905.1  pass  C=99.0%  | rate=0.05/s  ETA=0.4h
  [20:33:46] GCA_022495145.1  busco: completed in 344s (rc=0)
  [20:33:46] GCA_022385685.1  busco: starting ascomycota_odb10 on cds_from_genomic.fna (15.3 MB)...
[20:33:47] [903/975] GCA_022495145.1  pass  C=98.8%  | rate=0.05/s  ETA=0.4h
  [20:34:05] GCA_022495115.1  busco: completed in 332s (rc=0)
  [20:34:05] GCA_022578865.1  busco: starting ascomycota_odb10 on cds_from_genomic.fna (20.7 MB)...
[20:34:07] [904/975] GCA_022495115.1  pass  C=98.7%  | rate=0.05/s  ETA=0.4h
  [20:34:19] GCA_022385715.1  busco: completed in 343s (rc=0)
  [20:34:19] GCA_022578765.1  busco: starting ascomycota_odb10 on cds_from_genomic.fna (20.7 MB)...
[20:34:20] [905/975] GCA_022385715.1  pass  C=98.9%  | rate=0.05/s  ETA=0.4h
  [20:35:22] GCA_033675295.1  busco: completed in 578s (rc=0)
  [20:35:22] GCA_022495085.1  busco: starting ascomycota_odb10 on cds_from_genomic.fna (20.9 MB)...
[20:35:23] [906/975] GCA_033675295.1  pass  C=98.0%  | rate=0.05/s  ETA=0.4h
  [20:35:57] GCA_022495195.1  busco: completed in 313s (rc=0)
  [20:35:57] GCA_022578965.1  busco: starting ascomycota_odb10 on cds_from_genomic.fna (20.2 MB)...
[20:35:59] [907/975] GCA_022495195.1  pass  C=99.3%  | rate=0.05/s  ETA=0.4h
  [20:36:14] GCA_022495235.1  busco: completed in 359s (rc=0)
  [20:36:14] GCA_022495065.1  busco: starting ascomycota_odb10 on cds_from_genomic.fna (22.4 MB)...
[20:36:15] [908/975] GCA_022495235.1  pass  C=98.8%  | rate=0.05/s  ETA=0.4h
  [20:36:48] GCA_027595895.1  busco: completed in 470s (rc=0)
  [20:36:48] GCA_022578775.1  busco: starting ascomycota_odb10 on cds_from_genomic.fna (21.3 MB)...
[20:36:49] [909/975] GCA_027595895.1  pass  C=62.0%  | rate=0.05/s  ETA=0.4h
  [20:37:05] GCA_007182795.1  busco: completed in 364s (rc=0)
  [20:37:05] GCA_022578815.1  busco: starting ascomycota_odb10 on cds_from_genomic.fna (20.1 MB)...
[20:37:07] [910/975] GCA_007182795.1  pass  C=96.6%  | rate=0.05/s  ETA=0.4h
  [20:37:42] GCA_022385655.1  busco: completed in 286s (rc=0)
  [20:37:42] GCA_022578795.1  busco: starting ascomycota_odb10 on cds_from_genomic.fna (22.5 MB)...
  [20:37:42] GCA_004768795.1  busco: completed in 347s (rc=0)
  [20:37:42] GCA_022385605.1  busco: starting ascomycota_odb10 on cds_from_genomic.fna (18.1 MB)...
[20:37:43] [911/975] GCA_022385655.1  pass  C=99.1%  | rate=0.05/s  ETA=0.4h
[20:37:45] [912/975] GCA_004768795.1  pass  C=95.5%  | rate=0.05/s  ETA=0.4h
  [20:37:47] GCA_022495055.1  busco: completed in 374s (rc=0)
  [20:37:47] GCA_022578705.1  busco: starting ascomycota_odb10 on cds_from_genomic.fna (21.0 MB)...
[20:37:49] [913/975] GCA_022495055.1  pass  C=98.8%  | rate=0.05/s  ETA=0.4h
  [20:38:01] GCA_022385595.1  busco: completed in 291s (rc=0)
  [20:38:01] GCA_025201745.1  busco: starting ascomycota_odb10 on cds_from_genomic.fna (22.4 MB)...
[20:38:03] [914/975] GCA_022385595.1  pass  C=99.1%  | rate=0.05/s  ETA=0.4h
  [20:38:03] GCA_004014815.1  busco: completed in 387s (rc=0)
  [20:38:03] GCA_002003505.1  busco: starting ascomycota_odb10 on cds_from_genomic.fna (22.2 MB)...
[20:38:04] [915/975] GCA_004014815.1  pass  C=92.7%  | rate=0.05/s  ETA=0.4h
  [20:38:31] GCA_022385685.1  busco: completed in 285s (rc=0)
  [20:38:31] GCF_010093935.1  busco: starting ascomycota_odb10 on cds_from_genomic.fna (26.1 MB)...
  [20:38:32] GCA_025201785.1  busco: completed in 322s (rc=0)
  [20:38:32] GCA_035040045.1  busco: starting ascomycota_odb10 on cds_from_genomic.fna (24.6 MB)...
[20:38:32] [916/975] GCA_022385685.1  pass  C=98.3%  | rate=0.05/s  ETA=0.3h
[20:38:34] [917/975] GCA_025201785.1  pass  C=99.1%  | rate=0.05/s  ETA=0.3h
  [20:39:24] GCA_022578865.1  busco: completed in 318s (rc=0)
  [20:39:24] GCA_010093935.1  busco: starting ascomycota_odb10 on cds_from_genomic.fna (25.7 MB)...
[20:39:25] [918/975] GCA_022578865.1  pass  C=98.8%  | rate=0.05/s  ETA=0.3h
  [20:39:28] GCA_022385635.1  busco: completed in 356s (rc=0)
  [20:39:28] GCA_000818155.1  clean: stripping kraken:taxid headers...
  [20:39:29] GCA_000818155.1  busco: starting ascomycota_odb10 on GCA_000818155.1_clean.fna (19.1 MB)...
[20:39:29] [919/975] GCA_022385635.1  pass  C=99.0%  | rate=0.05/s  ETA=0.3h
  [20:39:32] GCA_022578765.1  busco: completed in 314s (rc=0)
  [20:39:32] GCA_000813385.1  busco: starting ascomycota_odb10 on cds_from_genomic.fna (18.4 MB)...
[20:39:34] [920/975] GCA_022578765.1  pass  C=98.6%  | rate=0.05/s  ETA=0.3h
  [20:40:23] GCA_003426235.1  busco: completed in 413s (rc=0)
  [20:40:23] GCA_900074885.1  busco: starting ascomycota_odb10 on cds_from_genomic.fna (19.5 MB)...
[20:40:24] [921/975] GCA_003426235.1  pass  C=92.6%  | rate=0.05/s  ETA=0.3h
  [20:41:05] GCA_022495085.1  busco: completed in 344s (rc=0)
  [20:41:05] GCA_902085965.1  busco: starting ascomycota_odb10 on cds_from_genomic.fna (30.2 MB)...
[20:41:07] [922/975] GCA_022495085.1  pass  C=98.7%  | rate=0.05/s  ETA=0.3h
  [20:41:20] GCA_022578965.1  busco: completed in 322s (rc=0)
  [20:41:20] GCA_061310925.1  busco: starting ascomycota_odb10 on cds_from_genomic.fna (22.2 MB)...
[20:41:21] [923/975] GCA_022578965.1  pass  C=98.0%  | rate=0.05/s  ETA=0.3h
  [20:41:51] GCA_022495065.1  busco: completed in 337s (rc=0)
  [20:41:51] GCA_061310975.1  busco: starting ascomycota_odb10 on cds_from_genomic.fna (22.2 MB)...
[20:41:53] [924/975] GCA_022495065.1  pass  C=98.1%  | rate=0.05/s  ETA=0.3h
  [20:43:25] GCA_022578815.1  busco: completed in 380s (rc=0)
  [20:43:25] GCA_061310985.1  busco: starting ascomycota_odb10 on cds_from_genomic.fna (22.2 MB)...
  [20:43:27] GCA_022578775.1  busco: completed in 399s (rc=0)
  [20:43:27] GCA_061311055.1  busco: starting ascomycota_odb10 on cds_from_genomic.fna (22.2 MB)...
[20:43:27] [925/975] GCA_022578815.1  pass  C=98.4%  | rate=0.05/s  ETA=0.3h
[20:43:29] [926/975] GCA_022578775.1  pass  C=98.4%  | rate=0.05/s  ETA=0.3h
  [20:43:34] GCA_022385605.1  busco: completed in 352s (rc=0)
  [20:43:34] GCA_061311125.1  busco: starting ascomycota_odb10 on cds_from_genomic.fna (22.2 MB)...
[20:43:35] [927/975] GCA_022385605.1  pass  C=98.5%  | rate=0.05/s  ETA=0.3h
  [20:44:00] GCA_022578705.1  busco: completed in 372s (rc=0)
  [20:44:00] GCA_061311145.1  busco: starting ascomycota_odb10 on cds_from_genomic.fna (22.2 MB)...
[20:44:01] [928/975] GCA_022578705.1  pass  C=98.5%  | rate=0.05/s  ETA=0.3h
  [20:44:26] GCA_002003505.1  busco: completed in 383s (rc=0)
  [20:44:26] GCA_061311225.1  busco: starting ascomycota_odb10 on cds_from_genomic.fna (22.2 MB)...
  [20:44:26] GCA_025201745.1  busco: completed in 385s (rc=0)
  [20:44:26] GCA_061311255.1  busco: starting ascomycota_odb10 on cds_from_genomic.fna (22.2 MB)...
[20:44:27] [929/975] GCA_002003505.1  pass  C=97.2%  | rate=0.05/s  ETA=0.3h
[20:44:28] [930/975] GCA_025201745.1  pass  C=98.3%  | rate=0.05/s  ETA=0.3h
  [20:44:34] GCA_022578795.1  busco: completed in 412s (rc=0)
  [20:44:34] GCA_061311265.1  busco: starting ascomycota_odb10 on cds_from_genomic.fna (22.2 MB)...
[20:44:35] [931/975] GCA_022578795.1  pass  C=99.0%  | rate=0.05/s  ETA=0.3h
  [20:45:07] GCA_035040045.1  busco: completed in 395s (rc=0)
  [20:45:07] GCA_061311355.1  busco: starting ascomycota_odb10 on cds_from_genomic.fna (22.2 MB)...
[20:45:08] [932/975] GCA_035040045.1  pass  C=98.8%  | rate=0.05/s  ETA=0.3h
  [20:45:13] GCA_000813385.1  busco: completed in 341s (rc=0)
  [20:45:13] GCA_061311405.1  busco: starting ascomycota_odb10 on cds_from_genomic.fna (22.2 MB)...
[20:45:15] [933/975] GCA_000813385.1  pass  C=97.2%  | rate=0.05/s  ETA=0.2h
  [20:45:25] GCA_000818155.1  busco: completed in 356s (rc=0)
  [20:45:25] GCA_061311445.1  busco: starting ascomycota_odb10 on cds_from_genomic.fna (22.2 MB)...
[20:45:26] [934/975] GCA_000818155.1  pass  C=97.6%  | rate=0.05/s  ETA=0.2h
  [20:45:51] GCF_010093935.1  busco: completed in 440s (rc=0)
  [20:45:51] GCA_061311525.1  busco: starting ascomycota_odb10 on cds_from_genomic.fna (22.3 MB)...
[20:45:52] [935/975] GCF_010093935.1  pass  C=98.2%  | rate=0.05/s  ETA=0.2h
  [20:46:03] GCA_900074885.1  busco: completed in 340s (rc=0)
  [20:46:03] GCA_061311535.1  busco: starting ascomycota_odb10 on cds_from_genomic.fna (22.2 MB)...
[20:46:04] [936/975] GCA_900074885.1  pass  C=99.7%  | rate=0.05/s  ETA=0.2h
  [20:46:09] GCA_010093935.1  busco: completed in 405s (rc=0)
  [20:46:09] GCA_061311545.1  busco: starting ascomycota_odb10 on cds_from_genomic.fna (22.2 MB)...
[20:46:10] [937/975] GCA_010093935.1  pass  C=98.2%  | rate=0.05/s  ETA=0.2h
  [20:47:11] GCA_061310975.1  busco: completed in 319s (rc=0)
  [20:47:11] GCA_053754955.2  busco: starting ascomycota_odb10 on cds_from_genomic.fna (26.0 MB)...
[20:47:12] [938/975] GCA_061310975.1  pass  C=99.9%  | rate=0.05/s  ETA=0.2h
  [20:47:18] GCA_061310925.1  busco: completed in 359s (rc=0)
  [20:47:18] GCA_053754965.2  busco: starting ascomycota_odb10 on cds_from_genomic.fna (25.7 MB)...
[20:47:20] [939/975] GCA_061310925.1  pass  C=100.0%  | rate=0.05/s  ETA=0.2h
  [20:49:33] GCA_061311125.1  busco: completed in 359s (rc=0)
  [20:49:33] GCA_000143105.2  busco: starting ascomycota_odb10 on cds_from_genomic.fna (15.4 MB)...
[20:49:34] [940/975] GCA_061311125.1  pass  C=100.0%  | rate=0.05/s  ETA=0.2h
  [20:49:41] GCA_061310985.1  busco: completed in 376s (rc=0)
  [20:49:41] GCA_000328475.2  busco: starting basidiomycota_odb10 on cds_from_genomic.fna (13.3 MB)...
[20:49:43] [941/975] GCA_061310985.1  pass  C=99.9%  | rate=0.05/s  ETA=0.2h
  [20:49:51] GCA_061311225.1  busco: completed in 325s (rc=0)
  [20:49:51] GCA_000230245.1  busco: starting basidiomycota_odb10 on cds_from_genomic.fna (14.2 MB)...
[20:49:52] [942/975] GCA_061311225.1  pass  C=99.9%  | rate=0.05/s  ETA=0.2h
  [20:50:11] GCA_061311055.1  busco: completed in 404s (rc=0)
  [20:50:11] GCA_001243155.1  busco: starting basidiomycota_odb10 on cds_from_genomic.fna (12.5 MB)...
[20:50:12] [943/975] GCA_061311055.1  pass  C=99.9%  | rate=0.05/s  ETA=0.2h
  [20:50:27] GCA_061311265.1  busco: completed in 353s (rc=0)
  [20:50:27] GCA_008271595.1  busco: starting stramenopiles_odb10 on cds_from_genomic.fna (23.0 MB)...
[20:50:28] [944/975] GCA_061311265.1  pass  C=100.0%  | rate=0.05/s  ETA=0.2h
  [20:50:29] GCA_061311145.1  busco: completed in 389s (rc=0)
  [20:50:29] GCA_006386115.1  busco: starting stramenopiles_odb10 on cds_from_genomic.fna (36.7 MB)...
[20:50:30] [945/975] GCA_061311145.1  pass  C=100.0%  | rate=0.05/s  ETA=0.2h
  [20:50:46] GCA_061311255.1  busco: completed in 379s (rc=0)
  [20:50:46] GCA_947650285.1  busco: starting stramenopiles_odb10 on cds_from_genomic.fna (16.8 MB)...
[20:50:47] [946/975] GCA_061311255.1  pass  C=99.9%  | rate=0.05/s  ETA=0.2h
  [20:50:52] GCA_008271595.1  busco: completed in 25s (rc=0)
  [20:50:52] GCA_027925865.1  busco: starting stramenopiles_odb10 on cds_from_genomic.fna (24.0 MB)...
[20:50:52] [947/975] GCA_008271595.1  pass  C=100.0%  | rate=0.05/s  ETA=0.2h
  [20:50:56] GCA_061311405.1  busco: completed in 342s (rc=0)
  [20:50:56] GCA_001712635.2  busco: starting stramenopiles_odb10 on cds_from_genomic.fna (47.2 MB)...
[20:50:57] [948/975] GCA_061311405.1  pass  C=100.0%  | rate=0.05/s  ETA=0.2h
  [20:50:58] GCA_061311355.1  busco: completed in 351s (rc=0)
  [20:50:58] GCA_026184515.1  busco: starting stramenopiles_odb10 on cds_from_genomic.fna (21.4 MB)...
[20:50:59] [949/975] GCA_061311355.1  pass  C=99.9%  | rate=0.05/s  ETA=0.2h
  [20:51:04] GCA_902085965.1  busco: completed in 599s (rc=0)
  [20:51:04] GCA_947650345.1  busco: starting stramenopiles_odb10 on cds_from_genomic.fna (20.2 MB)...
  [20:51:05] GCA_061311445.1  busco: completed in 340s (rc=0)
  [20:51:05] GCA_021491655.1  busco: starting stramenopiles_odb10 on cds_from_genomic.fna (16.2 MB)...
[20:51:05] [950/975] GCA_902085965.1  pass  C=97.7%  | rate=0.05/s  ETA=0.1h
[20:51:07] [951/975] GCA_061311445.1  pass  C=100.0%  | rate=0.05/s  ETA=0.1h
  [20:51:38] GCA_061311545.1  busco: completed in 329s (rc=0)
  [20:51:38] GCA_003843895.1  busco: starting stramenopiles_odb10 on cds_from_genomic.fna (14.6 MB)...
[20:51:39] [952/975] GCA_061311545.1  pass  C=99.9%  | rate=0.05/s  ETA=0.1h
  [20:51:42] GCA_061311525.1  busco: completed in 351s (rc=0)
  [20:51:42] GCA_003704535.1  busco: starting stramenopiles_odb10 on cds_from_genomic.fna (14.6 MB)...
[20:51:43] [953/975] GCA_061311525.1  pass  C=99.9%  | rate=0.05/s  ETA=0.1h
  [20:51:55] GCA_061311535.1  busco: completed in 352s (rc=0)
  [20:51:55] GCA_920940705.1  busco: starting stramenopiles_odb10 on cds_from_genomic.fna (16.2 MB)...
[20:51:56] [954/975] GCA_061311535.1  pass  C=99.9%  | rate=0.05/s  ETA=0.1h
  [20:52:11] GCA_947650285.1  busco: completed in 85s (rc=0)
  [20:52:11] GCF_900000015.1  busco: starting stramenopiles_odb10 on cds_from_genomic.fna (22.5 MB)...
[20:52:11] [955/975] GCA_947650285.1  pass  C=99.0%  | rate=0.05/s  ETA=0.1h
  [20:52:29] GCA_000230245.1  busco: completed in 158s (rc=0)
  [20:52:29] GCA_900000015.1  busco: starting stramenopiles_odb10 on cds_from_genomic.fna (22.1 MB)...
[20:52:31] [956/975] GCA_000230245.1  pass  C=99.8%  | rate=0.05/s  ETA=0.1h
  [20:52:42] GCA_021491655.1  busco: completed in 97s (rc=0)
  [20:52:42] GCA_026401375.1  busco: starting stramenopiles_odb10 on cds_from_genomic.fna (21.0 MB)...
[20:52:42] [957/975] GCA_021491655.1  pass  C=95.0%  | rate=0.05/s  ETA=0.1h
  [20:52:46] GCA_026184515.1  busco: completed in 109s (rc=0)
  [20:52:46] GCA_026401395.1  busco: starting stramenopiles_odb10 on cds_from_genomic.fna (20.6 MB)...
[20:52:47] [958/975] GCA_026184515.1  pass  C=81.0%  | rate=0.05/s  ETA=0.1h
  [20:52:55] GCA_000328475.2  busco: completed in 194s (rc=0)
  [20:52:55] GCA_004359215.2  busco: starting stramenopiles_odb10 on cds_from_genomic.fna (14.7 MB)...
[20:52:57] [959/975] GCA_000328475.2  pass  C=99.4%  | rate=0.05/s  ETA=0.1h
  [20:53:13] GCF_900000015.1  busco: completed in 62s (rc=0)
[20:53:13] [960/975] GCF_900000015.1  pass  C=100.0%  | rate=0.05/s  ETA=0.1h
  [20:53:26] GCA_947650345.1  busco: completed in 142s (rc=0)
[20:53:26] [961/975] GCA_947650345.1  pass  C=96.0%  | rate=0.05/s  ETA=0.1h
  [20:53:34] GCA_003704535.1  busco: completed in 112s (rc=0)
[20:53:34] [962/975] GCA_003704535.1  pass  C=93.0%  | rate=0.05/s  ETA=0.1h
  [20:53:37] GCA_900000015.1  busco: completed in 68s (rc=0)
[20:53:37] [963/975] GCA_900000015.1  pass  C=100.0%  | rate=0.05/s  ETA=0.1h
  [20:53:47] GCA_920940705.1  busco: completed in 112s (rc=0)
[20:53:47] [964/975] GCA_920940705.1  pass  C=98.0%  | rate=0.05/s  ETA=0.1h
  [20:53:52] GCA_003843895.1  busco: completed in 134s (rc=0)
[20:53:52] [965/975] GCA_003843895.1  pass  C=94.0%  | rate=0.05/s  ETA=0.1h
  [20:54:00] GCA_027925865.1  busco: completed in 188s (rc=0)
[20:54:00] [966/975] GCA_027925865.1  pass  C=91.0%  | rate=0.05/s  ETA=0.1h
  [20:54:06] GCA_026401375.1  busco: completed in 84s (rc=0)
[20:54:06] [967/975] GCA_026401375.1  pass  C=94.0%  | rate=0.05/s  ETA=0.0h
  [20:54:14] GCA_001243155.1  busco: completed in 243s (rc=0)
[20:54:16] [968/975] GCA_001243155.1  pass  C=86.5%  | rate=0.05/s  ETA=0.0h
  [20:54:19] GCA_004359215.2  busco: completed in 84s (rc=0)
[20:54:20] [969/975] GCA_004359215.2  pass  C=95.0%  | rate=0.05/s  ETA=0.0h
  [20:54:21] GCA_006386115.1  busco: completed in 233s (rc=0)
[20:54:21] [970/975] GCA_006386115.1  pass  C=91.0%  | rate=0.05/s  ETA=0.0h
  [20:54:35] GCA_026401395.1  busco: completed in 109s (rc=0)
[20:54:35] [971/975] GCA_026401395.1  pass  C=98.0%  | rate=0.05/s  ETA=0.0h
  [20:54:49] GCA_053754965.2  busco: completed in 450s (rc=0)
[20:54:50] [972/975] GCA_053754965.2  pass  C=99.3%  | rate=0.05/s  ETA=0.0h
  [20:54:52] GCA_053754955.2  busco: completed in 461s (rc=0)
[20:54:53] [973/975] GCA_053754955.2  pass  C=99.7%  | rate=0.05/s  ETA=0.0h
  [20:55:06] GCA_000143105.2  busco: completed in 334s (rc=0)
[20:55:08] [974/975] GCA_000143105.2  pass  C=94.9%  | rate=0.05/s  ETA=0.0h
  [20:55:21] GCA_001712635.2  busco: completed in 265s (rc=0)
[20:55:21] [975/975] GCA_001712635.2  pass  C=88.0%  | rate=0.05/s  ETA=0.0h

── Scan summary ─────────────────────────────────────────────────
  Processed:   975
  No CDS:      0
  BUSCO error: 0
  Exceptions:  0

── Finalize summary ─────────────────────────────────────────────
  Total candidates:        2,063
  Selected for build:      2,020
    BUSCO pass:            1,986
    Fallback (scored):         3  (below threshold, only option per taxid)
    Fallback (no score):      31  (busco_error / no_cds, only option)
  Thresholds: fungal >= 50.0%,  oomycete >= 65.0%

Output: kraken/output/db/busco/data/busco_scores.tsv
Next:   python kraken/db/kraken_db_build.py
