Target BioSamples: 2719 (settings=['field'], cryptic_only=False, aerial_only=True)
Host resolution: 2143 confidently resolved, 576 not per-sample-resolved (still covered by per-candidate indices below as long as their true host is a named candidate)
Per-taxid host indices needed: 111 distinct taxids (resolved+downloaded by kraken_run_split.py, not here)
Runs to process: 3225

Downloading reads for 3225 runs (8 concurrent workers) …
  [1/3225] ok=0 cached=1 fail=0  0.0GB total (0min elapsed, ~n/a remaining)
  [2/3225] ok=0 cached=2 fail=0  0.0GB total (0min elapsed, ~n/a remaining)
  [3/3225] ok=0 cached=3 fail=0  0.0GB total (0min elapsed, ~n/a remaining)
  [4/3225] ok=0 cached=4 fail=0  0.0GB total (0min elapsed, ~n/a remaining)
  [5/3225] ok=0 cached=5 fail=0  0.0GB total (0min elapsed, ~n/a remaining)
  [6/3225] ok=0 cached=6 fail=0  0.0GB total (0min elapsed, ~n/a remaining)
  [7/3225] ok=0 cached=7 fail=0  0.0GB total (0min elapsed, ~n/a remaining)
  [8/3225] ok=0 cached=8 fail=0  0.0GB total (0min elapsed, ~n/a remaining)
  [9/3225] ok=0 cached=9 fail=0  0.0GB total (0min elapsed, ~n/a remaining)
  [10/3225] ok=0 cached=10 fail=0  0.0GB total (0min elapsed, ~n/a remaining)
  [11/3225] ok=0 cached=11 fail=0  0.0GB total (0min elapsed, ~n/a remaining)
  [12/3225] ok=0 cached=12 fail=0  0.0GB total (0min elapsed, ~n/a remaining)
  [13/3225] ok=0 cached=13 fail=0  0.0GB total (0min elapsed, ~n/a remaining)
  [14/3225] ok=0 cached=14 fail=0  0.0GB total (0min elapsed, ~n/a remaining)
  [15/3225] ok=0 cached=15 fail=0  0.0GB total (0min elapsed, ~n/a remaining)
  [16/3225] ok=0 cached=16 fail=0  0.0GB total (0min elapsed, ~n/a remaining)
  [17/3225] ok=0 cached=17 fail=0  0.0GB total (0min elapsed, ~n/a remaining)
  [18/3225] ok=0 cached=18 fail=0  0.0GB total (0min elapsed, ~n/a remaining)
  [19/3225] ok=0 cached=19 fail=0  0.0GB total (0min elapsed, ~n/a remaining)
  [20/3225] ok=0 cached=20 fail=0  0.0GB total (0min elapsed, ~n/a remaining)
  [21/3225] ok=0 cached=21 fail=0  0.0GB total (0min elapsed, ~n/a remaining)
  [22/3225] ok=0 cached=22 fail=0  0.0GB total (0min elapsed, ~n/a remaining)
  [23/3225] ok=0 cached=23 fail=0  0.0GB total (0min elapsed, ~n/a remaining)
  [24/3225] ok=0 cached=24 fail=0  0.0GB total (0min elapsed, ~n/a remaining)
  [25/3225] ok=0 cached=25 fail=0  0.0GB total (0min elapsed, ~n/a remaining)
  [26/3225] ok=0 cached=26 fail=0  0.0GB total (0min elapsed, ~n/a remaining)
  [27/3225] ok=0 cached=27 fail=0  0.0GB total (0min elapsed, ~n/a remaining)
  [28/3225] ok=0 cached=28 fail=0  0.0GB total (0min elapsed, ~n/a remaining)
  [29/3225] ok=0 cached=29 fail=0  0.0GB total (0min elapsed, ~n/a remaining)
  [30/3225] ok=0 cached=30 fail=0  0.0GB total (0min elapsed, ~n/a remaining)
  [31/3225] ok=0 cached=31 fail=0  0.0GB total (0min elapsed, ~n/a remaining)
  [32/3225] ok=0 cached=32 fail=0  0.0GB total (0min elapsed, ~n/a remaining)
  [33/3225] ok=0 cached=33 fail=0  0.0GB total (0min elapsed, ~n/a remaining)
  [34/3225] ok=0 cached=34 fail=0  0.0GB total (0min elapsed, ~n/a remaining)
  [35/3225] ok=0 cached=35 fail=0  0.0GB total (0min elapsed, ~n/a remaining)
  [36/3225] ok=0 cached=36 fail=0  0.0GB total (0min elapsed, ~n/a remaining)
  [37/3225] ok=0 cached=37 fail=0  0.0GB total (0min elapsed, ~n/a remaining)
  [38/3225] ok=0 cached=38 fail=0  0.0GB total (0min elapsed, ~n/a remaining)
  [39/3225] ok=0 cached=39 fail=0  0.0GB total (0min elapsed, ~n/a remaining)
  [40/3225] ok=0 cached=40 fail=0  0.0GB total (0min elapsed, ~n/a remaining)
  [41/3225] ok=0 cached=41 fail=0  0.0GB total (0min elapsed, ~n/a remaining)
  [42/3225] ok=0 cached=42 fail=0  0.0GB total (0min elapsed, ~n/a remaining)
  [43/3225] ok=0 cached=43 fail=0  0.0GB total (0min elapsed, ~n/a remaining)
  [44/3225] ok=0 cached=44 fail=0  0.0GB total (0min elapsed, ~n/a remaining)
  [45/3225] ok=0 cached=45 fail=0  0.0GB total (0min elapsed, ~n/a remaining)
  [46/3225] ok=0 cached=46 fail=0  0.0GB total (0min elapsed, ~n/a remaining)
  [47/3225] ok=0 cached=47 fail=0  0.0GB total (0min elapsed, ~n/a remaining)
  [48/3225] ok=0 cached=48 fail=0  0.0GB total (0min elapsed, ~n/a remaining)
  [49/3225] ok=0 cached=49 fail=0  0.0GB total (0min elapsed, ~n/a remaining)
  [50/3225] ok=0 cached=50 fail=0  0.0GB total (0min elapsed, ~n/a remaining)
  [51/3225] ok=0 cached=51 fail=0  0.0GB total (0min elapsed, ~n/a remaining)
  [52/3225] ok=0 cached=52 fail=0  0.0GB total (0min elapsed, ~n/a remaining)
  [53/3225] ok=0 cached=53 fail=0  0.0GB total (0min elapsed, ~n/a remaining)
  [54/3225] ok=0 cached=54 fail=0  0.0GB total (0min elapsed, ~n/a remaining)
  [55/3225] ok=0 cached=55 fail=0  0.0GB total (0min elapsed, ~n/a remaining)
  [56/3225] ok=0 cached=56 fail=0  0.0GB total (0min elapsed, ~n/a remaining)
  [57/3225] ok=0 cached=57 fail=0  0.0GB total (0min elapsed, ~n/a remaining)
  [58/3225] ok=0 cached=58 fail=0  0.0GB total (0min elapsed, ~n/a remaining)
  [59/3225] ok=0 cached=59 fail=0  0.0GB total (0min elapsed, ~n/a remaining)
  [60/3225] ok=0 cached=60 fail=0  0.0GB total (0min elapsed, ~n/a remaining)
  [61/3225] ok=0 cached=61 fail=0  0.0GB total (0min elapsed, ~n/a remaining)
  [62/3225] ok=0 cached=62 fail=0  0.0GB total (0min elapsed, ~n/a remaining)
  [63/3225] ok=0 cached=63 fail=0  0.0GB total (0min elapsed, ~n/a remaining)
  [64/3225] ok=0 cached=64 fail=0  0.0GB total (0min elapsed, ~n/a remaining)
  [65/3225] ok=0 cached=65 fail=0  0.0GB total (0min elapsed, ~n/a remaining)
  [66/3225] ok=0 cached=66 fail=0  0.0GB total (0min elapsed, ~n/a remaining)
  [67/3225] ok=0 cached=67 fail=0  0.0GB total (0min elapsed, ~n/a remaining)
  [68/3225] ok=0 cached=68 fail=0  0.0GB total (0min elapsed, ~n/a remaining)
  [69/3225] ok=0 cached=69 fail=0  0.0GB total (0min elapsed, ~n/a remaining)
  [70/3225] ok=0 cached=70 fail=0  0.0GB total (0min elapsed, ~n/a remaining)
  [71/3225] ok=0 cached=71 fail=0  0.0GB total (0min elapsed, ~n/a remaining)
  [72/3225] ok=0 cached=72 fail=0  0.0GB total (0min elapsed, ~n/a remaining)
  [73/3225] ok=0 cached=73 fail=0  0.0GB total (0min elapsed, ~n/a remaining)
  [74/3225] ok=0 cached=74 fail=0  0.0GB total (0min elapsed, ~n/a remaining)
  [75/3225] ok=0 cached=75 fail=0  0.0GB total (0min elapsed, ~n/a remaining)
  [76/3225] ok=0 cached=76 fail=0  0.0GB total (0min elapsed, ~n/a remaining)
  [77/3225] ok=0 cached=77 fail=0  0.0GB total (0min elapsed, ~n/a remaining)
  [78/3225] ok=0 cached=78 fail=0  0.0GB total (0min elapsed, ~n/a remaining)
  [79/3225] ok=0 cached=79 fail=0  0.0GB total (0min elapsed, ~n/a remaining)
  [80/3225] ok=0 cached=80 fail=0  0.0GB total (0min elapsed, ~n/a remaining)
  [81/3225] ok=0 cached=81 fail=0  0.0GB total (0min elapsed, ~n/a remaining)
  [82/3225] ok=0 cached=82 fail=0  0.0GB total (0min elapsed, ~n/a remaining)
  [83/3225] ok=0 cached=83 fail=0  0.0GB total (0min elapsed, ~n/a remaining)
  [84/3225] ok=0 cached=84 fail=0  0.0GB total (0min elapsed, ~n/a remaining)
  [85/3225] ok=0 cached=85 fail=0  0.0GB total (0min elapsed, ~n/a remaining)
  [86/3225] ok=0 cached=86 fail=0  0.0GB total (0min elapsed, ~n/a remaining)
  [87/3225] ok=0 cached=87 fail=0  0.0GB total (0min elapsed, ~n/a remaining)
  [88/3225] ok=0 cached=88 fail=0  0.0GB total (0min elapsed, ~n/a remaining)
  [89/3225] ok=0 cached=89 fail=0  0.0GB total (0min elapsed, ~n/a remaining)
  [90/3225] ok=0 cached=90 fail=0  0.0GB total (0min elapsed, ~n/a remaining)
  [91/3225] ok=0 cached=91 fail=0  0.0GB total (0min elapsed, ~n/a remaining)
  [92/3225] ok=0 cached=92 fail=0  0.0GB total (0min elapsed, ~n/a remaining)
  [93/3225] ok=0 cached=93 fail=0  0.0GB total (0min elapsed, ~n/a remaining)
  [94/3225] ok=0 cached=94 fail=0  0.0GB total (0min elapsed, ~n/a remaining)
  [95/3225] ok=0 cached=95 fail=0  0.0GB total (0min elapsed, ~n/a remaining)
  [96/3225] ok=0 cached=96 fail=0  0.0GB total (0min elapsed, ~n/a remaining)
  [97/3225] ok=0 cached=97 fail=0  0.0GB total (0min elapsed, ~n/a remaining)
  [98/3225] ok=0 cached=98 fail=0  0.0GB total (0min elapsed, ~n/a remaining)
  [99/3225] ok=0 cached=99 fail=0  0.0GB total (0min elapsed, ~n/a remaining)
  [100/3225] ok=0 cached=100 fail=0  0.0GB total (0min elapsed, ~n/a remaining)
  [101/3225] ok=0 cached=101 fail=0  0.0GB total (0min elapsed, ~n/a remaining)
  [102/3225] ok=0 cached=102 fail=0  0.0GB total (0min elapsed, ~n/a remaining)
  [103/3225] ok=0 cached=103 fail=0  0.0GB total (0min elapsed, ~n/a remaining)
  [104/3225] ok=0 cached=104 fail=0  0.0GB total (0min elapsed, ~n/a remaining)
  [105/3225] ok=0 cached=105 fail=0  0.0GB total (0min elapsed, ~n/a remaining)
  [106/3225] ok=0 cached=106 fail=0  0.0GB total (0min elapsed, ~n/a remaining)
  [107/3225] ok=0 cached=107 fail=0  0.0GB total (0min elapsed, ~n/a remaining)
  [108/3225] ok=0 cached=108 fail=0  0.0GB total (0min elapsed, ~n/a remaining)
  [109/3225] ok=0 cached=109 fail=0  0.0GB total (0min elapsed, ~n/a remaining)
  [110/3225] ok=0 cached=110 fail=0  0.0GB total (0min elapsed, ~n/a remaining)
  [111/3225] ok=0 cached=111 fail=0  0.0GB total (0min elapsed, ~n/a remaining)
  [112/3225] ok=0 cached=112 fail=0  0.0GB total (0min elapsed, ~n/a remaining)
  [113/3225] ok=0 cached=113 fail=0  0.0GB total (0min elapsed, ~n/a remaining)
  [114/3225] ok=0 cached=114 fail=0  0.0GB total (0min elapsed, ~n/a remaining)
  [115/3225] ok=0 cached=115 fail=0  0.0GB total (0min elapsed, ~n/a remaining)
  [116/3225] ok=0 cached=116 fail=0  0.0GB total (0min elapsed, ~n/a remaining)
  [117/3225] ok=0 cached=117 fail=0  0.0GB total (0min elapsed, ~n/a remaining)
  [118/3225] ok=0 cached=118 fail=0  0.0GB total (0min elapsed, ~n/a remaining)
  [119/3225] ok=0 cached=119 fail=0  0.0GB total (0min elapsed, ~n/a remaining)
  [120/3225] ok=0 cached=120 fail=0  0.0GB total (0min elapsed, ~n/a remaining)
  [121/3225] ok=0 cached=121 fail=0  0.0GB total (0min elapsed, ~n/a remaining)
  [122/3225] ok=0 cached=122 fail=0  0.0GB total (0min elapsed, ~n/a remaining)
  [123/3225] ok=0 cached=123 fail=0  0.0GB total (0min elapsed, ~n/a remaining)
  [124/3225] ok=0 cached=124 fail=0  0.0GB total (0min elapsed, ~n/a remaining)
  [125/3225] ok=0 cached=125 fail=0  0.0GB total (0min elapsed, ~n/a remaining)
  [126/3225] ok=0 cached=126 fail=0  0.0GB total (0min elapsed, ~n/a remaining)
  [127/3225] ok=0 cached=127 fail=0  0.0GB total (0min elapsed, ~n/a remaining)
  [128/3225] ok=0 cached=128 fail=0  0.0GB total (0min elapsed, ~n/a remaining)
  [129/3225] ok=0 cached=129 fail=0  0.0GB total (0min elapsed, ~n/a remaining)
  [130/3225] ok=0 cached=130 fail=0  0.0GB total (0min elapsed, ~n/a remaining)
  [131/3225] ok=0 cached=131 fail=0  0.0GB total (0min elapsed, ~n/a remaining)
  [132/3225] ok=0 cached=132 fail=0  0.0GB total (0min elapsed, ~n/a remaining)
  [133/3225] ok=0 cached=133 fail=0  0.0GB total (0min elapsed, ~n/a remaining)
  [134/3225] ok=0 cached=134 fail=0  0.0GB total (0min elapsed, ~n/a remaining)
  [135/3225] ok=0 cached=135 fail=0  0.0GB total (0min elapsed, ~n/a remaining)
  [136/3225] ok=0 cached=136 fail=0  0.0GB total (0min elapsed, ~n/a remaining)
  [137/3225] ok=0 cached=137 fail=0  0.0GB total (0min elapsed, ~n/a remaining)
  [138/3225] ok=0 cached=138 fail=0  0.0GB total (0min elapsed, ~n/a remaining)
  [139/3225] ok=0 cached=139 fail=0  0.0GB total (0min elapsed, ~n/a remaining)
  [140/3225] ok=0 cached=140 fail=0  0.0GB total (0min elapsed, ~n/a remaining)
  [141/3225] ok=0 cached=141 fail=0  0.0GB total (0min elapsed, ~n/a remaining)
  [142/3225] ok=0 cached=142 fail=0  0.0GB total (0min elapsed, ~n/a remaining)
  [143/3225] ok=0 cached=143 fail=0  0.0GB total (0min elapsed, ~n/a remaining)
  [144/3225] ok=0 cached=144 fail=0  0.0GB total (0min elapsed, ~n/a remaining)
  [145/3225] ok=0 cached=145 fail=0  0.0GB total (0min elapsed, ~n/a remaining)
  [146/3225] ok=0 cached=146 fail=0  0.0GB total (0min elapsed, ~n/a remaining)
  [147/3225] ok=0 cached=147 fail=0  0.0GB total (0min elapsed, ~n/a remaining)
  [148/3225] ok=0 cached=148 fail=0  0.0GB total (0min elapsed, ~n/a remaining)
  [149/3225] ok=0 cached=149 fail=0  0.0GB total (0min elapsed, ~n/a remaining)
  [150/3225] ok=0 cached=150 fail=0  0.0GB total (0min elapsed, ~n/a remaining)
  [151/3225] ok=0 cached=151 fail=0  0.0GB total (0min elapsed, ~n/a remaining)
  [152/3225] ok=0 cached=152 fail=0  0.0GB total (0min elapsed, ~n/a remaining)
  [153/3225] ok=0 cached=153 fail=0  0.0GB total (0min elapsed, ~n/a remaining)
  [154/3225] ok=0 cached=154 fail=0  0.0GB total (0min elapsed, ~n/a remaining)
  [155/3225] ok=0 cached=155 fail=0  0.0GB total (0min elapsed, ~n/a remaining)
  [156/3225] ok=0 cached=156 fail=0  0.0GB total (0min elapsed, ~n/a remaining)
  [157/3225] ok=0 cached=157 fail=0  0.0GB total (0min elapsed, ~n/a remaining)
  [158/3225] ok=0 cached=158 fail=0  0.0GB total (0min elapsed, ~n/a remaining)
  [159/3225] ok=0 cached=159 fail=0  0.0GB total (0min elapsed, ~n/a remaining)
  [160/3225] ok=0 cached=160 fail=0  0.0GB total (0min elapsed, ~n/a remaining)
  [161/3225] ok=0 cached=161 fail=0  0.0GB total (0min elapsed, ~n/a remaining)
  [162/3225] ok=0 cached=162 fail=0  0.0GB total (0min elapsed, ~n/a remaining)
  [163/3225] ok=0 cached=163 fail=0  0.0GB total (0min elapsed, ~n/a remaining)
  [164/3225] ok=0 cached=164 fail=0  0.0GB total (0min elapsed, ~n/a remaining)
  [165/3225] ok=0 cached=165 fail=0  0.0GB total (0min elapsed, ~n/a remaining)
  [166/3225] ok=0 cached=166 fail=0  0.0GB total (0min elapsed, ~n/a remaining)
  [167/3225] ok=0 cached=167 fail=0  0.0GB total (0min elapsed, ~n/a remaining)
  [168/3225] ok=0 cached=168 fail=0  0.0GB total (0min elapsed, ~n/a remaining)
  [169/3225] ok=0 cached=169 fail=0  0.0GB total (0min elapsed, ~n/a remaining)
  [170/3225] ok=0 cached=170 fail=0  0.0GB total (0min elapsed, ~n/a remaining)
  [171/3225] ok=0 cached=171 fail=0  0.0GB total (0min elapsed, ~n/a remaining)
  [172/3225] ok=0 cached=172 fail=0  0.0GB total (0min elapsed, ~n/a remaining)
  [173/3225] ok=0 cached=173 fail=0  0.0GB total (0min elapsed, ~n/a remaining)
  [174/3225] ok=0 cached=174 fail=0  0.0GB total (0min elapsed, ~n/a remaining)
  [175/3225] ok=0 cached=175 fail=0  0.0GB total (0min elapsed, ~n/a remaining)
  [176/3225] ok=0 cached=176 fail=0  0.0GB total (0min elapsed, ~n/a remaining)
  [177/3225] ok=0 cached=177 fail=0  0.0GB total (0min elapsed, ~n/a remaining)
  [178/3225] ok=0 cached=178 fail=0  0.0GB total (0min elapsed, ~n/a remaining)
  [179/3225] ok=0 cached=179 fail=0  0.0GB total (0min elapsed, ~n/a remaining)
  [180/3225] ok=0 cached=180 fail=0  0.0GB total (0min elapsed, ~n/a remaining)
  [181/3225] ok=0 cached=181 fail=0  0.0GB total (0min elapsed, ~n/a remaining)
  [182/3225] ok=0 cached=182 fail=0  0.0GB total (0min elapsed, ~n/a remaining)
  [183/3225] ok=0 cached=183 fail=0  0.0GB total (0min elapsed, ~n/a remaining)
  [184/3225] ok=0 cached=184 fail=0  0.0GB total (0min elapsed, ~n/a remaining)
  [185/3225] ok=0 cached=185 fail=0  0.0GB total (0min elapsed, ~n/a remaining)
  [186/3225] ok=0 cached=186 fail=0  0.0GB total (0min elapsed, ~n/a remaining)
  [187/3225] ok=0 cached=187 fail=0  0.0GB total (0min elapsed, ~n/a remaining)
  [188/3225] ok=0 cached=188 fail=0  0.0GB total (0min elapsed, ~n/a remaining)
  [189/3225] ok=0 cached=189 fail=0  0.0GB total (0min elapsed, ~n/a remaining)
  [190/3225] ok=0 cached=190 fail=0  0.0GB total (0min elapsed, ~n/a remaining)
  [191/3225] ok=0 cached=191 fail=0  0.0GB total (0min elapsed, ~n/a remaining)
  [192/3225] ok=0 cached=192 fail=0  0.0GB total (0min elapsed, ~n/a remaining)
  [193/3225] ok=0 cached=193 fail=0  0.0GB total (0min elapsed, ~n/a remaining)
  [194/3225] ok=0 cached=194 fail=0  0.0GB total (0min elapsed, ~n/a remaining)
  [195/3225] ok=0 cached=195 fail=0  0.0GB total (0min elapsed, ~n/a remaining)
  [196/3225] ok=0 cached=196 fail=0  0.0GB total (0min elapsed, ~n/a remaining)
  [197/3225] ok=0 cached=197 fail=0  0.0GB total (0min elapsed, ~n/a remaining)
  [198/3225] ok=0 cached=198 fail=0  0.0GB total (0min elapsed, ~n/a remaining)
  [199/3225] ok=0 cached=199 fail=0  0.0GB total (0min elapsed, ~n/a remaining)
  [200/3225] ok=0 cached=200 fail=0  0.0GB total (0min elapsed, ~n/a remaining)
  [201/3225] ok=0 cached=201 fail=0  0.0GB total (0min elapsed, ~n/a remaining)
  [202/3225] ok=0 cached=202 fail=0  0.0GB total (0min elapsed, ~n/a remaining)
  [203/3225] ok=0 cached=203 fail=0  0.0GB total (0min elapsed, ~n/a remaining)
  [204/3225] ok=0 cached=204 fail=0  0.0GB total (0min elapsed, ~n/a remaining)
  [205/3225] ok=0 cached=205 fail=0  0.0GB total (0min elapsed, ~n/a remaining)
  [206/3225] ok=0 cached=206 fail=0  0.0GB total (0min elapsed, ~n/a remaining)
  [207/3225] ok=0 cached=207 fail=0  0.0GB total (0min elapsed, ~n/a remaining)
  [208/3225] ok=0 cached=208 fail=0  0.0GB total (0min elapsed, ~n/a remaining)
  [209/3225] ok=0 cached=209 fail=0  0.0GB total (0min elapsed, ~n/a remaining)
  [210/3225] ok=0 cached=210 fail=0  0.0GB total (0min elapsed, ~n/a remaining)
  [211/3225] ok=0 cached=211 fail=0  0.0GB total (0min elapsed, ~n/a remaining)
  [212/3225] ok=0 cached=212 fail=0  0.0GB total (0min elapsed, ~n/a remaining)
  [213/3225] ok=0 cached=213 fail=0  0.0GB total (0min elapsed, ~n/a remaining)
  [214/3225] ok=0 cached=214 fail=0  0.0GB total (0min elapsed, ~n/a remaining)
  [215/3225] ok=0 cached=215 fail=0  0.0GB total (0min elapsed, ~n/a remaining)
  [216/3225] ok=0 cached=216 fail=0  0.0GB total (0min elapsed, ~n/a remaining)
  [217/3225] ok=0 cached=217 fail=0  0.0GB total (0min elapsed, ~n/a remaining)
  [218/3225] ok=0 cached=218 fail=0  0.0GB total (0min elapsed, ~n/a remaining)
  [219/3225] ok=0 cached=219 fail=0  0.0GB total (0min elapsed, ~n/a remaining)
  [220/3225] ok=0 cached=220 fail=0  0.0GB total (0min elapsed, ~n/a remaining)
  [221/3225] ok=0 cached=221 fail=0  0.0GB total (0min elapsed, ~n/a remaining)
  [222/3225] ok=0 cached=222 fail=0  0.0GB total (0min elapsed, ~n/a remaining)
  [223/3225] ok=0 cached=223 fail=0  0.0GB total (0min elapsed, ~n/a remaining)
  [224/3225] ok=0 cached=224 fail=0  0.0GB total (0min elapsed, ~n/a remaining)
  [225/3225] ok=0 cached=225 fail=0  0.0GB total (0min elapsed, ~n/a remaining)
  [226/3225] ok=0 cached=226 fail=0  0.0GB total (0min elapsed, ~n/a remaining)
  [227/3225] ok=0 cached=227 fail=0  0.0GB total (0min elapsed, ~n/a remaining)
  [228/3225] ok=0 cached=228 fail=0  0.0GB total (0min elapsed, ~n/a remaining)
  [229/3225] ok=0 cached=229 fail=0  0.0GB total (0min elapsed, ~n/a remaining)
  [230/3225] ok=0 cached=230 fail=0  0.0GB total (0min elapsed, ~n/a remaining)
  [231/3225] ok=0 cached=231 fail=0  0.0GB total (0min elapsed, ~n/a remaining)
  [232/3225] ok=0 cached=232 fail=0  0.0GB total (0min elapsed, ~n/a remaining)
  [233/3225] ok=0 cached=233 fail=0  0.0GB total (0min elapsed, ~n/a remaining)
  [234/3225] ok=0 cached=234 fail=0  0.0GB total (0min elapsed, ~n/a remaining)
  [235/3225] ok=0 cached=235 fail=0  0.0GB total (0min elapsed, ~n/a remaining)
  [236/3225] ok=0 cached=236 fail=0  0.0GB total (0min elapsed, ~n/a remaining)
  [237/3225] ok=0 cached=237 fail=0  0.0GB total (0min elapsed, ~n/a remaining)
  [238/3225] ok=0 cached=238 fail=0  0.0GB total (0min elapsed, ~n/a remaining)
  [239/3225] ok=0 cached=239 fail=0  0.0GB total (0min elapsed, ~n/a remaining)
  [240/3225] ok=0 cached=240 fail=0  0.0GB total (0min elapsed, ~n/a remaining)
  [241/3225] ok=0 cached=241 fail=0  0.0GB total (0min elapsed, ~n/a remaining)
  [242/3225] ok=0 cached=242 fail=0  0.0GB total (0min elapsed, ~n/a remaining)
  [243/3225] ok=0 cached=243 fail=0  0.0GB total (0min elapsed, ~n/a remaining)
  [244/3225] ok=0 cached=244 fail=0  0.0GB total (0min elapsed, ~n/a remaining)
  [245/3225] ok=0 cached=245 fail=0  0.0GB total (0min elapsed, ~n/a remaining)
  [246/3225] ok=0 cached=246 fail=0  0.0GB total (0min elapsed, ~n/a remaining)
  [247/3225] ok=0 cached=247 fail=0  0.0GB total (0min elapsed, ~n/a remaining)
  [248/3225] ok=0 cached=248 fail=0  0.0GB total (0min elapsed, ~n/a remaining)
  [249/3225] ok=0 cached=249 fail=0  0.0GB total (0min elapsed, ~n/a remaining)
  [250/3225] ok=0 cached=250 fail=0  0.0GB total (0min elapsed, ~n/a remaining)
  [251/3225] ok=0 cached=251 fail=0  0.0GB total (0min elapsed, ~n/a remaining)
  [252/3225] ok=0 cached=252 fail=0  0.0GB total (0min elapsed, ~n/a remaining)
  [253/3225] ok=0 cached=253 fail=0  0.0GB total (0min elapsed, ~n/a remaining)
  [254/3225] ok=0 cached=254 fail=0  0.0GB total (0min elapsed, ~n/a remaining)
  [255/3225] ok=0 cached=255 fail=0  0.0GB total (0min elapsed, ~n/a remaining)
  [256/3225] ok=0 cached=256 fail=0  0.0GB total (0min elapsed, ~n/a remaining)
  [257/3225] ok=0 cached=257 fail=0  0.0GB total (0min elapsed, ~n/a remaining)
  [258/3225] ok=0 cached=258 fail=0  0.0GB total (0min elapsed, ~n/a remaining)
  [259/3225] ok=0 cached=259 fail=0  0.0GB total (0min elapsed, ~n/a remaining)
  [260/3225] ok=0 cached=260 fail=0  0.0GB total (0min elapsed, ~n/a remaining)
  [261/3225] ok=0 cached=261 fail=0  0.0GB total (0min elapsed, ~n/a remaining)
  [262/3225] ok=0 cached=262 fail=0  0.0GB total (0min elapsed, ~n/a remaining)
  [263/3225] ok=0 cached=263 fail=0  0.0GB total (0min elapsed, ~n/a remaining)
  [264/3225] ok=0 cached=264 fail=0  0.0GB total (0min elapsed, ~n/a remaining)
  [265/3225] ok=0 cached=265 fail=0  0.0GB total (0min elapsed, ~n/a remaining)
  [266/3225] ok=0 cached=266 fail=0  0.0GB total (0min elapsed, ~n/a remaining)
  [267/3225] ok=0 cached=267 fail=0  0.0GB total (0min elapsed, ~n/a remaining)
  [268/3225] ok=0 cached=268 fail=0  0.0GB total (0min elapsed, ~n/a remaining)
  [269/3225] ok=0 cached=269 fail=0  0.0GB total (0min elapsed, ~n/a remaining)
  [270/3225] ok=0 cached=270 fail=0  0.0GB total (0min elapsed, ~n/a remaining)
  [271/3225] ok=0 cached=271 fail=0  0.0GB total (0min elapsed, ~n/a remaining)
  [272/3225] ok=0 cached=272 fail=0  0.0GB total (0min elapsed, ~n/a remaining)
  [273/3225] ok=0 cached=273 fail=0  0.0GB total (0min elapsed, ~n/a remaining)
  [274/3225] ok=0 cached=274 fail=0  0.0GB total (0min elapsed, ~n/a remaining)
  [275/3225] ok=0 cached=275 fail=0  0.0GB total (0min elapsed, ~n/a remaining)
  [276/3225] ok=0 cached=276 fail=0  0.0GB total (0min elapsed, ~n/a remaining)
  [277/3225] ok=0 cached=277 fail=0  0.0GB total (0min elapsed, ~n/a remaining)
  [278/3225] ok=0 cached=278 fail=0  0.0GB total (0min elapsed, ~n/a remaining)
  [279/3225] ok=0 cached=279 fail=0  0.0GB total (0min elapsed, ~n/a remaining)
  [280/3225] ok=0 cached=280 fail=0  0.0GB total (0min elapsed, ~n/a remaining)
  [281/3225] ok=0 cached=281 fail=0  0.0GB total (0min elapsed, ~n/a remaining)
  [282/3225] ok=0 cached=282 fail=0  0.0GB total (0min elapsed, ~n/a remaining)
  [283/3225] ok=0 cached=283 fail=0  0.0GB total (0min elapsed, ~n/a remaining)
  [284/3225] ok=0 cached=284 fail=0  0.0GB total (0min elapsed, ~n/a remaining)
  [285/3225] ok=0 cached=285 fail=0  0.0GB total (0min elapsed, ~n/a remaining)
  [286/3225] ok=0 cached=286 fail=0  0.0GB total (0min elapsed, ~n/a remaining)
  [287/3225] ok=0 cached=287 fail=0  0.0GB total (0min elapsed, ~n/a remaining)
  [288/3225] ok=0 cached=288 fail=0  0.0GB total (0min elapsed, ~n/a remaining)
  [289/3225] ok=0 cached=289 fail=0  0.0GB total (0min elapsed, ~n/a remaining)
  [290/3225] ok=0 cached=290 fail=0  0.0GB total (0min elapsed, ~n/a remaining)
  [291/3225] ok=0 cached=291 fail=0  0.0GB total (0min elapsed, ~n/a remaining)
  [292/3225] ok=0 cached=292 fail=0  0.0GB total (0min elapsed, ~n/a remaining)
  [293/3225] ok=0 cached=293 fail=0  0.0GB total (0min elapsed, ~n/a remaining)
  [294/3225] ok=0 cached=294 fail=0  0.0GB total (0min elapsed, ~n/a remaining)
  [295/3225] ok=0 cached=295 fail=0  0.0GB total (0min elapsed, ~n/a remaining)
  [296/3225] ok=0 cached=296 fail=0  0.0GB total (0min elapsed, ~n/a remaining)
  [297/3225] ok=0 cached=297 fail=0  0.0GB total (0min elapsed, ~n/a remaining)
  [298/3225] ok=0 cached=298 fail=0  0.0GB total (0min elapsed, ~n/a remaining)
  [299/3225] ok=0 cached=299 fail=0  0.0GB total (0min elapsed, ~n/a remaining)
  [300/3225] ok=0 cached=300 fail=0  0.0GB total (0min elapsed, ~n/a remaining)
  [301/3225] ok=0 cached=301 fail=0  0.0GB total (0min elapsed, ~n/a remaining)
  [302/3225] ok=0 cached=302 fail=0  0.0GB total (0min elapsed, ~n/a remaining)
  [303/3225] ok=0 cached=303 fail=0  0.0GB total (0min elapsed, ~n/a remaining)
  [304/3225] ok=0 cached=304 fail=0  0.0GB total (0min elapsed, ~n/a remaining)
  [305/3225] ok=0 cached=305 fail=0  0.0GB total (0min elapsed, ~n/a remaining)
  [306/3225] ok=0 cached=306 fail=0  0.0GB total (0min elapsed, ~n/a remaining)
  [307/3225] ok=0 cached=307 fail=0  0.0GB total (0min elapsed, ~n/a remaining)
  [308/3225] ok=0 cached=308 fail=0  0.0GB total (0min elapsed, ~n/a remaining)
  [309/3225] ok=0 cached=309 fail=0  0.0GB total (0min elapsed, ~n/a remaining)
  [310/3225] ok=0 cached=310 fail=0  0.0GB total (0min elapsed, ~n/a remaining)
  [311/3225] ok=0 cached=311 fail=0  0.0GB total (0min elapsed, ~n/a remaining)
  [312/3225] ok=0 cached=312 fail=0  0.0GB total (0min elapsed, ~n/a remaining)
  [313/3225] ok=0 cached=313 fail=0  0.0GB total (0min elapsed, ~n/a remaining)
  [314/3225] ok=0 cached=314 fail=0  0.0GB total (0min elapsed, ~n/a remaining)
  [315/3225] ok=0 cached=315 fail=0  0.0GB total (0min elapsed, ~n/a remaining)
  [316/3225] ok=0 cached=316 fail=0  0.0GB total (0min elapsed, ~n/a remaining)
  [317/3225] ok=0 cached=317 fail=0  0.0GB total (0min elapsed, ~n/a remaining)
  [318/3225] ok=0 cached=318 fail=0  0.0GB total (0min elapsed, ~n/a remaining)
  [319/3225] ok=0 cached=319 fail=0  0.0GB total (0min elapsed, ~n/a remaining)
  [320/3225] ok=0 cached=320 fail=0  0.0GB total (0min elapsed, ~n/a remaining)
  [321/3225] ok=0 cached=321 fail=0  0.0GB total (0min elapsed, ~n/a remaining)
  [322/3225] ok=0 cached=322 fail=0  0.0GB total (0min elapsed, ~n/a remaining)
  [323/3225] ok=0 cached=323 fail=0  0.0GB total (0min elapsed, ~n/a remaining)
  [324/3225] ok=0 cached=324 fail=0  0.0GB total (0min elapsed, ~n/a remaining)
  [325/3225] ok=0 cached=325 fail=0  0.0GB total (0min elapsed, ~n/a remaining)
  [326/3225] ok=0 cached=326 fail=0  0.0GB total (0min elapsed, ~n/a remaining)
  [327/3225] ok=0 cached=327 fail=0  0.0GB total (0min elapsed, ~n/a remaining)
  [328/3225] ok=0 cached=328 fail=0  0.0GB total (0min elapsed, ~n/a remaining)
  [329/3225] ok=0 cached=329 fail=0  0.0GB total (0min elapsed, ~n/a remaining)
  [330/3225] ok=0 cached=330 fail=0  0.0GB total (0min elapsed, ~n/a remaining)
  [331/3225] ok=0 cached=331 fail=0  0.0GB total (0min elapsed, ~n/a remaining)
  [332/3225] ok=0 cached=332 fail=0  0.0GB total (0min elapsed, ~n/a remaining)
  [333/3225] ok=0 cached=333 fail=0  0.0GB total (0min elapsed, ~n/a remaining)
  [334/3225] ok=0 cached=334 fail=0  0.0GB total (0min elapsed, ~n/a remaining)
  [335/3225] ok=0 cached=335 fail=0  0.0GB total (0min elapsed, ~n/a remaining)
  [336/3225] ok=0 cached=336 fail=0  0.0GB total (0min elapsed, ~n/a remaining)
  [337/3225] ok=0 cached=337 fail=0  0.0GB total (0min elapsed, ~n/a remaining)
  [338/3225] ok=0 cached=338 fail=0  0.0GB total (0min elapsed, ~n/a remaining)
  [339/3225] ok=0 cached=339 fail=0  0.0GB total (0min elapsed, ~n/a remaining)
  [340/3225] ok=0 cached=340 fail=0  0.0GB total (0min elapsed, ~n/a remaining)
  [341/3225] ok=0 cached=341 fail=0  0.0GB total (0min elapsed, ~n/a remaining)
  [342/3225] ok=0 cached=342 fail=0  0.0GB total (0min elapsed, ~n/a remaining)
  [343/3225] ok=0 cached=343 fail=0  0.0GB total (0min elapsed, ~n/a remaining)
  [344/3225] ok=0 cached=344 fail=0  0.0GB total (0min elapsed, ~n/a remaining)
  [345/3225] ok=0 cached=345 fail=0  0.0GB total (0min elapsed, ~n/a remaining)
  [346/3225] ok=0 cached=346 fail=0  0.0GB total (0min elapsed, ~n/a remaining)
  [347/3225] ok=0 cached=347 fail=0  0.0GB total (0min elapsed, ~n/a remaining)
  [348/3225] ok=0 cached=348 fail=0  0.0GB total (0min elapsed, ~n/a remaining)
  [349/3225] ok=0 cached=349 fail=0  0.0GB total (0min elapsed, ~n/a remaining)
  [350/3225] ok=0 cached=350 fail=0  0.0GB total (0min elapsed, ~n/a remaining)
  [351/3225] ok=0 cached=351 fail=0  0.0GB total (0min elapsed, ~n/a remaining)
  [352/3225] ok=0 cached=352 fail=0  0.0GB total (0min elapsed, ~n/a remaining)
  [353/3225] ok=0 cached=353 fail=0  0.0GB total (0min elapsed, ~n/a remaining)
  [354/3225] ok=0 cached=354 fail=0  0.0GB total (0min elapsed, ~n/a remaining)
  [355/3225] ok=0 cached=355 fail=0  0.0GB total (0min elapsed, ~n/a remaining)
  [356/3225] ok=0 cached=356 fail=0  0.0GB total (0min elapsed, ~n/a remaining)
  [357/3225] ok=0 cached=357 fail=0  0.0GB total (0min elapsed, ~n/a remaining)
  [358/3225] ok=0 cached=358 fail=0  0.0GB total (0min elapsed, ~n/a remaining)
  [359/3225] ok=0 cached=359 fail=0  0.0GB total (0min elapsed, ~n/a remaining)
  [360/3225] ok=0 cached=360 fail=0  0.0GB total (0min elapsed, ~n/a remaining)
  [361/3225] ok=0 cached=361 fail=0  0.0GB total (0min elapsed, ~n/a remaining)
  [362/3225] ok=0 cached=362 fail=0  0.0GB total (0min elapsed, ~n/a remaining)
  [363/3225] ok=0 cached=363 fail=0  0.0GB total (0min elapsed, ~n/a remaining)
  [364/3225] ok=0 cached=364 fail=0  0.0GB total (0min elapsed, ~n/a remaining)
  [365/3225] ok=0 cached=365 fail=0  0.0GB total (0min elapsed, ~n/a remaining)
  [366/3225] ok=0 cached=366 fail=0  0.0GB total (0min elapsed, ~n/a remaining)
  [367/3225] ok=0 cached=367 fail=0  0.0GB total (0min elapsed, ~n/a remaining)
  [368/3225] ok=0 cached=368 fail=0  0.0GB total (0min elapsed, ~n/a remaining)
  [369/3225] ok=0 cached=369 fail=0  0.0GB total (0min elapsed, ~n/a remaining)
  [370/3225] ok=0 cached=370 fail=0  0.0GB total (0min elapsed, ~n/a remaining)
  [371/3225] ok=0 cached=371 fail=0  0.0GB total (0min elapsed, ~n/a remaining)
  [372/3225] ok=0 cached=372 fail=0  0.0GB total (0min elapsed, ~n/a remaining)
  [373/3225] ok=0 cached=373 fail=0  0.0GB total (0min elapsed, ~n/a remaining)
  [374/3225] ok=0 cached=374 fail=0  0.0GB total (0min elapsed, ~n/a remaining)
  [375/3225] ok=0 cached=375 fail=0  0.0GB total (0min elapsed, ~n/a remaining)
  [376/3225] ok=0 cached=376 fail=0  0.0GB total (0min elapsed, ~n/a remaining)
  [377/3225] ok=0 cached=377 fail=0  0.0GB total (0min elapsed, ~n/a remaining)
  [378/3225] ok=0 cached=378 fail=0  0.0GB total (0min elapsed, ~n/a remaining)
  [379/3225] ok=0 cached=379 fail=0  0.0GB total (0min elapsed, ~n/a remaining)
  [380/3225] ok=0 cached=380 fail=0  0.0GB total (0min elapsed, ~n/a remaining)
  [381/3225] ok=0 cached=381 fail=0  0.0GB total (0min elapsed, ~n/a remaining)
  [382/3225] ok=0 cached=382 fail=0  0.0GB total (0min elapsed, ~n/a remaining)
  [383/3225] ok=0 cached=383 fail=0  0.0GB total (0min elapsed, ~n/a remaining)
  [384/3225] ok=0 cached=384 fail=0  0.0GB total (0min elapsed, ~n/a remaining)
  [385/3225] ok=0 cached=385 fail=0  0.0GB total (0min elapsed, ~n/a remaining)
  [386/3225] ok=0 cached=386 fail=0  0.0GB total (0min elapsed, ~n/a remaining)
  [387/3225] ok=0 cached=387 fail=0  0.0GB total (0min elapsed, ~n/a remaining)
  [388/3225] ok=0 cached=388 fail=0  0.0GB total (0min elapsed, ~n/a remaining)
  [389/3225] ok=0 cached=389 fail=0  0.0GB total (0min elapsed, ~n/a remaining)
  [390/3225] ok=0 cached=390 fail=0  0.0GB total (0min elapsed, ~n/a remaining)
  [391/3225] ok=0 cached=391 fail=0  0.0GB total (0min elapsed, ~n/a remaining)
  [392/3225] ok=0 cached=392 fail=0  0.0GB total (0min elapsed, ~n/a remaining)
  [393/3225] ok=0 cached=393 fail=0  0.0GB total (0min elapsed, ~n/a remaining)
  [394/3225] ok=0 cached=394 fail=0  0.0GB total (0min elapsed, ~n/a remaining)
  [395/3225] ok=0 cached=395 fail=0  0.0GB total (0min elapsed, ~n/a remaining)
  [396/3225] ok=0 cached=396 fail=0  0.0GB total (0min elapsed, ~n/a remaining)
  [397/3225] ok=0 cached=397 fail=0  0.0GB total (0min elapsed, ~n/a remaining)
  [398/3225] ok=0 cached=398 fail=0  0.0GB total (0min elapsed, ~n/a remaining)
  [399/3225] ok=0 cached=399 fail=0  0.0GB total (0min elapsed, ~n/a remaining)
  [400/3225] ok=0 cached=400 fail=0  0.0GB total (0min elapsed, ~n/a remaining)
  [401/3225] ok=0 cached=401 fail=0  0.0GB total (0min elapsed, ~n/a remaining)
  [402/3225] ok=0 cached=402 fail=0  0.0GB total (0min elapsed, ~n/a remaining)
  [403/3225] ok=0 cached=403 fail=0  0.0GB total (0min elapsed, ~n/a remaining)
  [404/3225] ok=0 cached=404 fail=0  0.0GB total (0min elapsed, ~n/a remaining)
  [405/3225] ok=0 cached=405 fail=0  0.0GB total (0min elapsed, ~n/a remaining)
  [406/3225] ok=0 cached=406 fail=0  0.0GB total (0min elapsed, ~n/a remaining)
  [407/3225] ok=0 cached=407 fail=0  0.0GB total (0min elapsed, ~n/a remaining)
  [408/3225] ok=0 cached=408 fail=0  0.0GB total (0min elapsed, ~n/a remaining)
  [409/3225] ok=0 cached=409 fail=0  0.0GB total (0min elapsed, ~n/a remaining)
  [410/3225] ok=0 cached=410 fail=0  0.0GB total (0min elapsed, ~n/a remaining)
  [411/3225] ok=0 cached=411 fail=0  0.0GB total (0min elapsed, ~n/a remaining)
  [412/3225] ok=0 cached=412 fail=0  0.0GB total (0min elapsed, ~n/a remaining)
  [413/3225] ok=0 cached=413 fail=0  0.0GB total (0min elapsed, ~n/a remaining)
  [414/3225] ok=0 cached=414 fail=0  0.0GB total (0min elapsed, ~n/a remaining)
  [415/3225] ok=0 cached=415 fail=0  0.0GB total (0min elapsed, ~n/a remaining)
  [416/3225] ok=0 cached=416 fail=0  0.0GB total (0min elapsed, ~n/a remaining)
  [417/3225] ok=0 cached=417 fail=0  0.0GB total (0min elapsed, ~n/a remaining)
  [418/3225] ok=0 cached=418 fail=0  0.0GB total (0min elapsed, ~n/a remaining)
  [419/3225] ok=0 cached=419 fail=0  0.0GB total (0min elapsed, ~n/a remaining)
  [420/3225] ok=0 cached=420 fail=0  0.0GB total (0min elapsed, ~n/a remaining)
  [421/3225] ok=0 cached=421 fail=0  0.0GB total (0min elapsed, ~n/a remaining)
  [422/3225] ok=0 cached=422 fail=0  0.0GB total (0min elapsed, ~n/a remaining)
  [423/3225] ok=0 cached=423 fail=0  0.0GB total (0min elapsed, ~n/a remaining)
  [424/3225] ok=0 cached=424 fail=0  0.0GB total (0min elapsed, ~n/a remaining)
  [425/3225] ok=0 cached=425 fail=0  0.0GB total (0min elapsed, ~n/a remaining)
  [426/3225] ok=0 cached=426 fail=0  0.0GB total (0min elapsed, ~n/a remaining)
  [427/3225] ok=0 cached=427 fail=0  0.0GB total (0min elapsed, ~n/a remaining)
  [428/3225] ok=0 cached=428 fail=0  0.0GB total (0min elapsed, ~n/a remaining)
  [429/3225] ok=0 cached=429 fail=0  0.0GB total (0min elapsed, ~n/a remaining)
  [430/3225] ok=0 cached=430 fail=0  0.0GB total (0min elapsed, ~n/a remaining)
  [431/3225] ok=0 cached=431 fail=0  0.0GB total (0min elapsed, ~n/a remaining)
  [432/3225] ok=0 cached=432 fail=0  0.0GB total (0min elapsed, ~n/a remaining)
  [433/3225] ok=0 cached=433 fail=0  0.0GB total (0min elapsed, ~n/a remaining)
  [434/3225] ok=0 cached=434 fail=0  0.0GB total (0min elapsed, ~n/a remaining)
  [435/3225] ok=0 cached=435 fail=0  0.0GB total (0min elapsed, ~n/a remaining)
  [436/3225] ok=0 cached=436 fail=0  0.0GB total (0min elapsed, ~n/a remaining)
  [437/3225] ok=0 cached=437 fail=0  0.0GB total (0min elapsed, ~n/a remaining)
  [438/3225] ok=0 cached=438 fail=0  0.0GB total (0min elapsed, ~n/a remaining)
  [439/3225] ok=0 cached=439 fail=0  0.0GB total (0min elapsed, ~n/a remaining)
  [440/3225] ok=0 cached=440 fail=0  0.0GB total (0min elapsed, ~n/a remaining)
  [441/3225] ok=0 cached=441 fail=0  0.0GB total (0min elapsed, ~n/a remaining)
  [442/3225] ok=0 cached=442 fail=0  0.0GB total (0min elapsed, ~n/a remaining)
  [443/3225] ok=0 cached=443 fail=0  0.0GB total (0min elapsed, ~n/a remaining)
  [444/3225] ok=0 cached=444 fail=0  0.0GB total (0min elapsed, ~n/a remaining)
  [445/3225] ok=0 cached=445 fail=0  0.0GB total (0min elapsed, ~n/a remaining)
  [446/3225] ok=0 cached=446 fail=0  0.0GB total (0min elapsed, ~n/a remaining)
  [447/3225] ok=0 cached=447 fail=0  0.0GB total (0min elapsed, ~n/a remaining)
  [448/3225] ok=0 cached=448 fail=0  0.0GB total (0min elapsed, ~n/a remaining)
  [449/3225] ok=0 cached=449 fail=0  0.0GB total (0min elapsed, ~n/a remaining)
  [450/3225] ok=0 cached=450 fail=0  0.0GB total (0min elapsed, ~n/a remaining)
  [451/3225] ok=0 cached=451 fail=0  0.0GB total (0min elapsed, ~n/a remaining)
  [452/3225] ok=0 cached=452 fail=0  0.0GB total (0min elapsed, ~n/a remaining)
  [453/3225] ok=0 cached=453 fail=0  0.0GB total (0min elapsed, ~n/a remaining)
  [454/3225] ok=0 cached=454 fail=0  0.0GB total (0min elapsed, ~n/a remaining)
  [455/3225] ok=0 cached=455 fail=0  0.0GB total (0min elapsed, ~n/a remaining)
  [456/3225] ok=0 cached=456 fail=0  0.0GB total (0min elapsed, ~n/a remaining)
  [457/3225] ok=0 cached=457 fail=0  0.0GB total (0min elapsed, ~n/a remaining)
  [458/3225] ok=0 cached=458 fail=0  0.0GB total (0min elapsed, ~n/a remaining)
  [459/3225] ok=0 cached=459 fail=0  0.0GB total (0min elapsed, ~n/a remaining)
  [460/3225] ok=0 cached=460 fail=0  0.0GB total (0min elapsed, ~n/a remaining)
  [461/3225] ok=0 cached=461 fail=0  0.0GB total (0min elapsed, ~n/a remaining)
  [462/3225] ok=0 cached=462 fail=0  0.0GB total (0min elapsed, ~n/a remaining)
  [463/3225] ok=0 cached=463 fail=0  0.0GB total (0min elapsed, ~n/a remaining)
  [464/3225] ok=0 cached=464 fail=0  0.0GB total (0min elapsed, ~n/a remaining)
  [465/3225] ok=0 cached=465 fail=0  0.0GB total (0min elapsed, ~n/a remaining)
  [466/3225] ok=0 cached=466 fail=0  0.0GB total (0min elapsed, ~n/a remaining)
  [467/3225] ok=0 cached=467 fail=0  0.0GB total (0min elapsed, ~n/a remaining)
  [468/3225] ok=0 cached=468 fail=0  0.0GB total (0min elapsed, ~n/a remaining)
  [469/3225] ok=0 cached=469 fail=0  0.0GB total (0min elapsed, ~n/a remaining)
  [470/3225] ok=0 cached=470 fail=0  0.0GB total (0min elapsed, ~n/a remaining)
  [471/3225] ok=0 cached=471 fail=0  0.0GB total (0min elapsed, ~n/a remaining)
  [472/3225] ok=0 cached=472 fail=0  0.0GB total (0min elapsed, ~n/a remaining)
  [473/3225] ok=0 cached=473 fail=0  0.0GB total (0min elapsed, ~n/a remaining)
  [474/3225] ok=0 cached=474 fail=0  0.0GB total (0min elapsed, ~n/a remaining)
  [475/3225] ok=0 cached=475 fail=0  0.0GB total (0min elapsed, ~n/a remaining)
  [476/3225] ok=0 cached=476 fail=0  0.0GB total (0min elapsed, ~n/a remaining)
  [477/3225] ok=0 cached=477 fail=0  0.0GB total (0min elapsed, ~n/a remaining)
  [478/3225] ok=0 cached=478 fail=0  0.0GB total (0min elapsed, ~n/a remaining)
  [479/3225] ok=0 cached=479 fail=0  0.0GB total (0min elapsed, ~n/a remaining)
  [480/3225] ok=0 cached=480 fail=0  0.0GB total (0min elapsed, ~n/a remaining)
  [481/3225] ok=0 cached=481 fail=0  0.0GB total (0min elapsed, ~n/a remaining)
  [482/3225] ok=0 cached=482 fail=0  0.0GB total (0min elapsed, ~n/a remaining)
  [483/3225] ok=0 cached=483 fail=0  0.0GB total (0min elapsed, ~n/a remaining)
  [484/3225] ok=0 cached=484 fail=0  0.0GB total (0min elapsed, ~n/a remaining)
  [485/3225] ok=0 cached=485 fail=0  0.0GB total (0min elapsed, ~n/a remaining)
  [486/3225] ok=0 cached=486 fail=0  0.0GB total (0min elapsed, ~n/a remaining)
  [487/3225] ok=0 cached=487 fail=0  0.0GB total (0min elapsed, ~n/a remaining)
  [488/3225] ok=0 cached=488 fail=0  0.0GB total (0min elapsed, ~n/a remaining)
  [489/3225] ok=0 cached=489 fail=0  0.0GB total (0min elapsed, ~n/a remaining)
  [490/3225] ok=0 cached=490 fail=0  0.0GB total (0min elapsed, ~n/a remaining)
  [491/3225] ok=0 cached=491 fail=0  0.0GB total (0min elapsed, ~n/a remaining)
  [492/3225] ok=0 cached=492 fail=0  0.0GB total (0min elapsed, ~n/a remaining)
  [493/3225] ok=0 cached=493 fail=0  0.0GB total (0min elapsed, ~n/a remaining)
  [494/3225] ok=0 cached=494 fail=0  0.0GB total (0min elapsed, ~n/a remaining)
  [495/3225] ok=0 cached=495 fail=0  0.0GB total (0min elapsed, ~n/a remaining)
  [496/3225] ok=0 cached=496 fail=0  0.0GB total (0min elapsed, ~n/a remaining)
  [497/3225] ok=0 cached=497 fail=0  0.0GB total (0min elapsed, ~n/a remaining)
  [498/3225] ok=0 cached=498 fail=0  0.0GB total (0min elapsed, ~n/a remaining)
  [499/3225] ok=0 cached=499 fail=0  0.0GB total (0min elapsed, ~n/a remaining)
  [500/3225] ok=0 cached=500 fail=0  0.0GB total (0min elapsed, ~n/a remaining)
  [501/3225] ok=0 cached=501 fail=0  0.0GB total (0min elapsed, ~n/a remaining)
  [502/3225] ok=0 cached=502 fail=0  0.0GB total (0min elapsed, ~n/a remaining)
  [503/3225] ok=0 cached=503 fail=0  0.0GB total (0min elapsed, ~n/a remaining)
  [504/3225] ok=0 cached=504 fail=0  0.0GB total (0min elapsed, ~n/a remaining)
  [505/3225] ok=0 cached=505 fail=0  0.0GB total (0min elapsed, ~n/a remaining)
  [506/3225] ok=0 cached=506 fail=0  0.0GB total (0min elapsed, ~n/a remaining)
  [507/3225] ok=0 cached=507 fail=0  0.0GB total (0min elapsed, ~n/a remaining)
  [508/3225] ok=0 cached=508 fail=0  0.0GB total (0min elapsed, ~n/a remaining)
  [509/3225] ok=0 cached=509 fail=0  0.0GB total (0min elapsed, ~n/a remaining)
  [510/3225] ok=0 cached=510 fail=0  0.0GB total (0min elapsed, ~n/a remaining)
  [511/3225] ok=0 cached=511 fail=0  0.0GB total (0min elapsed, ~n/a remaining)
  [512/3225] ok=0 cached=512 fail=0  0.0GB total (0min elapsed, ~n/a remaining)
  [513/3225] ok=0 cached=513 fail=0  0.0GB total (0min elapsed, ~n/a remaining)
  [514/3225] ok=0 cached=514 fail=0  0.0GB total (0min elapsed, ~n/a remaining)
  [515/3225] ok=0 cached=515 fail=0  0.0GB total (0min elapsed, ~n/a remaining)
  [516/3225] ok=0 cached=516 fail=0  0.0GB total (0min elapsed, ~n/a remaining)
  [517/3225] ok=0 cached=517 fail=0  0.0GB total (0min elapsed, ~n/a remaining)
  [518/3225] ok=0 cached=518 fail=0  0.0GB total (0min elapsed, ~n/a remaining)
  [519/3225] ok=0 cached=519 fail=0  0.0GB total (0min elapsed, ~n/a remaining)
  [520/3225] ok=0 cached=520 fail=0  0.0GB total (0min elapsed, ~n/a remaining)
  [521/3225] ok=0 cached=521 fail=0  0.0GB total (0min elapsed, ~n/a remaining)
  [522/3225] ok=0 cached=522 fail=0  0.0GB total (0min elapsed, ~n/a remaining)
  [523/3225] ok=0 cached=523 fail=0  0.0GB total (0min elapsed, ~n/a remaining)
  [524/3225] ok=0 cached=524 fail=0  0.0GB total (0min elapsed, ~n/a remaining)
  [525/3225] ok=0 cached=525 fail=0  0.0GB total (0min elapsed, ~n/a remaining)
  [526/3225] ok=0 cached=526 fail=0  0.0GB total (0min elapsed, ~n/a remaining)
  [527/3225] ok=0 cached=527 fail=0  0.0GB total (0min elapsed, ~n/a remaining)
  [528/3225] ok=0 cached=528 fail=0  0.0GB total (0min elapsed, ~n/a remaining)
  [529/3225] ok=0 cached=529 fail=0  0.0GB total (0min elapsed, ~n/a remaining)
  [530/3225] ok=0 cached=530 fail=0  0.0GB total (0min elapsed, ~n/a remaining)
  [531/3225] ok=0 cached=531 fail=0  0.0GB total (0min elapsed, ~n/a remaining)
  [532/3225] ok=0 cached=532 fail=0  0.0GB total (0min elapsed, ~n/a remaining)
  [533/3225] ok=0 cached=533 fail=0  0.0GB total (0min elapsed, ~n/a remaining)
  [534/3225] ok=0 cached=534 fail=0  0.0GB total (0min elapsed, ~n/a remaining)
  [535/3225] ok=0 cached=535 fail=0  0.0GB total (0min elapsed, ~n/a remaining)
  [536/3225] ok=0 cached=536 fail=0  0.0GB total (0min elapsed, ~n/a remaining)
  [start ] ERR4315390
  [537/3225] ok=0 cached=537 fail=0  0.0GB total (0min elapsed, ~n/a remaining)
  [538/3225] ok=0 cached=538 fail=0  0.0GB total (0min elapsed, ~n/a remaining)
  [539/3225] ok=0 cached=539 fail=0  0.0GB total (0min elapsed, ~n/a remaining)
  [540/3225] ok=0 cached=540 fail=0  0.0GB total (0min elapsed, ~n/a remaining)
  [541/3225] ok=0 cached=541 fail=0  0.0GB total (0min elapsed, ~n/a remaining)
  [542/3225] ok=0 cached=542 fail=0  0.0GB total (0min elapsed, ~n/a remaining)
  [543/3225] ok=0 cached=543 fail=0  0.0GB total (0min elapsed, ~n/a remaining)
  [544/3225] ok=0 cached=544 fail=0  0.0GB total (0min elapsed, ~n/a remaining)
  [545/3225] ok=0 cached=545 fail=0  0.0GB total (0min elapsed, ~n/a remaining)
  [546/3225] ok=0 cached=546 fail=0  0.0GB total (0min elapsed, ~n/a remaining)
  [547/3225] ok=0 cached=547 fail=0  0.0GB total (0min elapsed, ~n/a remaining)
  [548/3225] ok=0 cached=548 fail=0  0.0GB total (0min elapsed, ~n/a remaining)
  [549/3225] ok=0 cached=549 fail=0  0.0GB total (0min elapsed, ~n/a remaining)
  [550/3225] ok=0 cached=550 fail=0  0.0GB total (0min elapsed, ~n/a remaining)
  [551/3225] ok=0 cached=551 fail=0  0.0GB total (0min elapsed, ~n/a remaining)
  [start ] ERR4315332
  [552/3225] ok=0 cached=552 fail=0  0.0GB total (0min elapsed, ~n/a remaining)
  [553/3225] ok=0 cached=553 fail=0  0.0GB total (0min elapsed, ~n/a remaining)
  [554/3225] ok=0 cached=554 fail=0  0.0GB total (0min elapsed, ~n/a remaining)
  [555/3225] ok=0 cached=555 fail=0  0.0GB total (0min elapsed, ~n/a remaining)
  [556/3225] ok=0 cached=556 fail=0  0.0GB total (0min elapsed, ~n/a remaining)
  [557/3225] ok=0 cached=557 fail=0  0.0GB total (0min elapsed, ~n/a remaining)
  [558/3225] ok=0 cached=558 fail=0  0.0GB total (0min elapsed, ~n/a remaining)
  [559/3225] ok=0 cached=559 fail=0  0.0GB total (0min elapsed, ~n/a remaining)
  [560/3225] ok=0 cached=560 fail=0  0.0GB total (0min elapsed, ~n/a remaining)
  [561/3225] ok=0 cached=561 fail=0  0.0GB total (0min elapsed, ~n/a remaining)
  [562/3225] ok=0 cached=562 fail=0  0.0GB total (0min elapsed, ~n/a remaining)
  [563/3225] ok=0 cached=563 fail=0  0.0GB total (0min elapsed, ~n/a remaining)
  [564/3225] ok=0 cached=564 fail=0  0.0GB total (0min elapsed, ~n/a remaining)
  [565/3225] ok=0 cached=565 fail=0  0.0GB total (0min elapsed, ~n/a remaining)
  [566/3225] ok=0 cached=566 fail=0  0.0GB total (0min elapsed, ~n/a remaining)
  [567/3225] ok=0 cached=567 fail=0  0.0GB total (0min elapsed, ~n/a remaining)
  [568/3225] ok=0 cached=568 fail=0  0.0GB total (0min elapsed, ~n/a remaining)
  [569/3225] ok=0 cached=569 fail=0  0.0GB total (0min elapsed, ~n/a remaining)
  [570/3225] ok=0 cached=570 fail=0  0.0GB total (0min elapsed, ~n/a remaining)
  [571/3225] ok=0 cached=571 fail=0  0.0GB total (0min elapsed, ~n/a remaining)
  [572/3225] ok=0 cached=572 fail=0  0.0GB total (0min elapsed, ~n/a remaining)
  [573/3225] ok=0 cached=573 fail=0  0.0GB total (0min elapsed, ~n/a remaining)
  [574/3225] ok=0 cached=574 fail=0  0.0GB total (0min elapsed, ~n/a remaining)
  [575/3225] ok=0 cached=575 fail=0  0.0GB total (0min elapsed, ~n/a remaining)
  [576/3225] ok=0 cached=576 fail=0  0.0GB total (0min elapsed, ~n/a remaining)
  [577/3225] ok=0 cached=577 fail=0  0.0GB total (0min elapsed, ~n/a remaining)
  [578/3225] ok=0 cached=578 fail=0  0.0GB total (0min elapsed, ~n/a remaining)
  [579/3225] ok=0 cached=579 fail=0  0.0GB total (0min elapsed, ~n/a remaining)
  [580/3225] ok=0 cached=580 fail=0  0.0GB total (0min elapsed, ~n/a remaining)
  [581/3225] ok=0 cached=581 fail=0  0.0GB total (0min elapsed, ~n/a remaining)
  [582/3225] ok=0 cached=582 fail=0  0.0GB total (0min elapsed, ~n/a remaining)
  [583/3225] ok=0 cached=583 fail=0  0.0GB total (0min elapsed, ~n/a remaining)
  [584/3225] ok=0 cached=584 fail=0  0.0GB total (0min elapsed, ~n/a remaining)
  [585/3225] ok=0 cached=585 fail=0  0.0GB total (0min elapsed, ~n/a remaining)
  [586/3225] ok=0 cached=586 fail=0  0.0GB total (0min elapsed, ~n/a remaining)
  [587/3225] ok=0 cached=587 fail=0  0.0GB total (0min elapsed, ~n/a remaining)
  [588/3225] ok=0 cached=588 fail=0  0.0GB total (0min elapsed, ~n/a remaining)
  [589/3225] ok=0 cached=589 fail=0  0.0GB total (0min elapsed, ~n/a remaining)
  [590/3225] ok=0 cached=590 fail=0  0.0GB total (0min elapsed, ~n/a remaining)
  [591/3225] ok=0 cached=591 fail=0  0.0GB total (0min elapsed, ~n/a remaining)
  [592/3225] ok=0 cached=592 fail=0  0.0GB total (0min elapsed, ~n/a remaining)
  [593/3225] ok=0 cached=593 fail=0  0.0GB total (0min elapsed, ~n/a remaining)
  [594/3225] ok=0 cached=594 fail=0  0.0GB total (0min elapsed, ~n/a remaining)
  [595/3225] ok=0 cached=595 fail=0  0.0GB total (0min elapsed, ~n/a remaining)
  [596/3225] ok=0 cached=596 fail=0  0.0GB total (0min elapsed, ~n/a remaining)
  [597/3225] ok=0 cached=597 fail=0  0.0GB total (0min elapsed, ~n/a remaining)
  [598/3225] ok=0 cached=598 fail=0  0.0GB total (0min elapsed, ~n/a remaining)
  [599/3225] ok=0 cached=599 fail=0  0.0GB total (0min elapsed, ~n/a remaining)
  [600/3225] ok=0 cached=600 fail=0  0.0GB total (0min elapsed, ~n/a remaining)
  [601/3225] ok=0 cached=601 fail=0  0.0GB total (0min elapsed, ~n/a remaining)
  [602/3225] ok=0 cached=602 fail=0  0.0GB total (0min elapsed, ~n/a remaining)
  [603/3225] ok=0 cached=603 fail=0  0.0GB total (0min elapsed, ~n/a remaining)
  [604/3225] ok=0 cached=604 fail=0  0.0GB total (0min elapsed, ~n/a remaining)
  [605/3225] ok=0 cached=605 fail=0  0.0GB total (0min elapsed, ~n/a remaining)
  [606/3225] ok=0 cached=606 fail=0  0.0GB total (0min elapsed, ~n/a remaining)
  [607/3225] ok=0 cached=607 fail=0  0.0GB total (0min elapsed, ~n/a remaining)
  [608/3225] ok=0 cached=608 fail=0  0.0GB total (0min elapsed, ~n/a remaining)
  [609/3225] ok=0 cached=609 fail=0  0.0GB total (0min elapsed, ~n/a remaining)
  [610/3225] ok=0 cached=610 fail=0  0.0GB total (0min elapsed, ~n/a remaining)
  [611/3225] ok=0 cached=611 fail=0  0.0GB total (0min elapsed, ~n/a remaining)
  [612/3225] ok=0 cached=612 fail=0  0.0GB total (0min elapsed, ~n/a remaining)
  [613/3225] ok=0 cached=613 fail=0  0.0GB total (0min elapsed, ~n/a remaining)
  [614/3225] ok=0 cached=614 fail=0  0.0GB total (0min elapsed, ~n/a remaining)
  [615/3225] ok=0 cached=615 fail=0  0.0GB total (0min elapsed, ~n/a remaining)
  [616/3225] ok=0 cached=616 fail=0  0.0GB total (0min elapsed, ~n/a remaining)
  [617/3225] ok=0 cached=617 fail=0  0.0GB total (0min elapsed, ~n/a remaining)
  [618/3225] ok=0 cached=618 fail=0  0.0GB total (0min elapsed, ~n/a remaining)
  [619/3225] ok=0 cached=619 fail=0  0.0GB total (0min elapsed, ~n/a remaining)
  [620/3225] ok=0 cached=620 fail=0  0.0GB total (0min elapsed, ~n/a remaining)
  [621/3225] ok=0 cached=621 fail=0  0.0GB total (0min elapsed, ~n/a remaining)
  [622/3225] ok=0 cached=622 fail=0  0.0GB total (0min elapsed, ~n/a remaining)
  [623/3225] ok=0 cached=623 fail=0  0.0GB total (0min elapsed, ~n/a remaining)
  [624/3225] ok=0 cached=624 fail=0  0.0GB total (0min elapsed, ~n/a remaining)
  [625/3225] ok=0 cached=625 fail=0  0.0GB total (0min elapsed, ~n/a remaining)
  [626/3225] ok=0 cached=626 fail=0  0.0GB total (0min elapsed, ~n/a remaining)
  [627/3225] ok=0 cached=627 fail=0  0.0GB total (0min elapsed, ~n/a remaining)
  [628/3225] ok=0 cached=628 fail=0  0.0GB total (0min elapsed, ~n/a remaining)
  [629/3225] ok=0 cached=629 fail=0  0.0GB total (0min elapsed, ~n/a remaining)
  [630/3225] ok=0 cached=630 fail=0  0.0GB total (0min elapsed, ~n/a remaining)
  [631/3225] ok=0 cached=631 fail=0  0.0GB total (0min elapsed, ~n/a remaining)
  [632/3225] ok=0 cached=632 fail=0  0.0GB total (0min elapsed, ~n/a remaining)
  [633/3225] ok=0 cached=633 fail=0  0.0GB total (0min elapsed, ~n/a remaining)
  [634/3225] ok=0 cached=634 fail=0  0.0GB total (0min elapsed, ~n/a remaining)
  [635/3225] ok=0 cached=635 fail=0  0.0GB total (0min elapsed, ~n/a remaining)
  [636/3225] ok=0 cached=636 fail=0  0.0GB total (0min elapsed, ~n/a remaining)
  [637/3225] ok=0 cached=637 fail=0  0.0GB total (0min elapsed, ~n/a remaining)
  [638/3225] ok=0 cached=638 fail=0  0.0GB total (0min elapsed, ~n/a remaining)
  [639/3225] ok=0 cached=639 fail=0  0.0GB total (0min elapsed, ~n/a remaining)
  [640/3225] ok=0 cached=640 fail=0  0.0GB total (0min elapsed, ~n/a remaining)
  [641/3225] ok=0 cached=641 fail=0  0.0GB total (0min elapsed, ~n/a remaining)
  [642/3225] ok=0 cached=642 fail=0  0.0GB total (0min elapsed, ~n/a remaining)
  [643/3225] ok=0 cached=643 fail=0  0.0GB total (0min elapsed, ~n/a remaining)
  [644/3225] ok=0 cached=644 fail=0  0.0GB total (0min elapsed, ~n/a remaining)
  [645/3225] ok=0 cached=645 fail=0  0.0GB total (0min elapsed, ~n/a remaining)
  [646/3225] ok=0 cached=646 fail=0  0.0GB total (0min elapsed, ~n/a remaining)
  [647/3225] ok=0 cached=647 fail=0  0.0GB total (0min elapsed, ~n/a remaining)
  [648/3225] ok=0 cached=648 fail=0  0.0GB total (0min elapsed, ~n/a remaining)
  [649/3225] ok=0 cached=649 fail=0  0.0GB total (0min elapsed, ~n/a remaining)
  [650/3225] ok=0 cached=650 fail=0  0.0GB total (0min elapsed, ~n/a remaining)
  [651/3225] ok=0 cached=651 fail=0  0.0GB total (0min elapsed, ~n/a remaining)
  [652/3225] ok=0 cached=652 fail=0  0.0GB total (0min elapsed, ~n/a remaining)
  [653/3225] ok=0 cached=653 fail=0  0.0GB total (0min elapsed, ~n/a remaining)
  [654/3225] ok=0 cached=654 fail=0  0.0GB total (0min elapsed, ~n/a remaining)
  [655/3225] ok=0 cached=655 fail=0  0.0GB total (0min elapsed, ~n/a remaining)
  [656/3225] ok=0 cached=656 fail=0  0.0GB total (0min elapsed, ~n/a remaining)
  [657/3225] ok=0 cached=657 fail=0  0.0GB total (0min elapsed, ~n/a remaining)
  [658/3225] ok=0 cached=658 fail=0  0.0GB total (0min elapsed, ~n/a remaining)
  [659/3225] ok=0 cached=659 fail=0  0.0GB total (0min elapsed, ~n/a remaining)
  [660/3225] ok=0 cached=660 fail=0  0.0GB total (0min elapsed, ~n/a remaining)
  [661/3225] ok=0 cached=661 fail=0  0.0GB total (0min elapsed, ~n/a remaining)
  [662/3225] ok=0 cached=662 fail=0  0.0GB total (0min elapsed, ~n/a remaining)
  [663/3225] ok=0 cached=663 fail=0  0.0GB total (0min elapsed, ~n/a remaining)
  [664/3225] ok=0 cached=664 fail=0  0.0GB total (0min elapsed, ~n/a remaining)
  [665/3225] ok=0 cached=665 fail=0  0.0GB total (0min elapsed, ~n/a remaining)
  [666/3225] ok=0 cached=666 fail=0  0.0GB total (0min elapsed, ~n/a remaining)
  [667/3225] ok=0 cached=667 fail=0  0.0GB total (0min elapsed, ~n/a remaining)
  [668/3225] ok=0 cached=668 fail=0  0.0GB total (0min elapsed, ~n/a remaining)
  [669/3225] ok=0 cached=669 fail=0  0.0GB total (0min elapsed, ~n/a remaining)
  [670/3225] ok=0 cached=670 fail=0  0.0GB total (0min elapsed, ~n/a remaining)
  [671/3225] ok=0 cached=671 fail=0  0.0GB total (0min elapsed, ~n/a remaining)
  [672/3225] ok=0 cached=672 fail=0  0.0GB total (0min elapsed, ~n/a remaining)
  [673/3225] ok=0 cached=673 fail=0  0.0GB total (0min elapsed, ~n/a remaining)
  [674/3225] ok=0 cached=674 fail=0  0.0GB total (0min elapsed, ~n/a remaining)
  [675/3225] ok=0 cached=675 fail=0  0.0GB total (0min elapsed, ~n/a remaining)
  [676/3225] ok=0 cached=676 fail=0  0.0GB total (0min elapsed, ~n/a remaining)
  [677/3225] ok=0 cached=677 fail=0  0.0GB total (0min elapsed, ~n/a remaining)
  [678/3225] ok=0 cached=678 fail=0  0.0GB total (0min elapsed, ~n/a remaining)
  [679/3225] ok=0 cached=679 fail=0  0.0GB total (0min elapsed, ~n/a remaining)
  [680/3225] ok=0 cached=680 fail=0  0.0GB total (0min elapsed, ~n/a remaining)
  [681/3225] ok=0 cached=681 fail=0  0.0GB total (0min elapsed, ~n/a remaining)
  [682/3225] ok=0 cached=682 fail=0  0.0GB total (0min elapsed, ~n/a remaining)
  [683/3225] ok=0 cached=683 fail=0  0.0GB total (0min elapsed, ~n/a remaining)
  [684/3225] ok=0 cached=684 fail=0  0.0GB total (0min elapsed, ~n/a remaining)
  [685/3225] ok=0 cached=685 fail=0  0.0GB total (0min elapsed, ~n/a remaining)
  [686/3225] ok=0 cached=686 fail=0  0.0GB total (0min elapsed, ~n/a remaining)
  [687/3225] ok=0 cached=687 fail=0  0.0GB total (0min elapsed, ~n/a remaining)
  [688/3225] ok=0 cached=688 fail=0  0.0GB total (0min elapsed, ~n/a remaining)
  [689/3225] ok=0 cached=689 fail=0  0.0GB total (0min elapsed, ~n/a remaining)
  [690/3225] ok=0 cached=690 fail=0  0.0GB total (0min elapsed, ~n/a remaining)
  [691/3225] ok=0 cached=691 fail=0  0.0GB total (0min elapsed, ~n/a remaining)
  [692/3225] ok=0 cached=692 fail=0  0.0GB total (0min elapsed, ~n/a remaining)
  [693/3225] ok=0 cached=693 fail=0  0.0GB total (0min elapsed, ~n/a remaining)
  [694/3225] ok=0 cached=694 fail=0  0.0GB total (0min elapsed, ~n/a remaining)
  [695/3225] ok=0 cached=695 fail=0  0.0GB total (0min elapsed, ~n/a remaining)
  [696/3225] ok=0 cached=696 fail=0  0.0GB total (0min elapsed, ~n/a remaining)
  [697/3225] ok=0 cached=697 fail=0  0.0GB total (0min elapsed, ~n/a remaining)
  [698/3225] ok=0 cached=698 fail=0  0.0GB total (0min elapsed, ~n/a remaining)
  [699/3225] ok=0 cached=699 fail=0  0.0GB total (0min elapsed, ~n/a remaining)
  [700/3225] ok=0 cached=700 fail=0  0.0GB total (0min elapsed, ~n/a remaining)
  [701/3225] ok=0 cached=701 fail=0  0.0GB total (0min elapsed, ~n/a remaining)
  [702/3225] ok=0 cached=702 fail=0  0.0GB total (0min elapsed, ~n/a remaining)
  [703/3225] ok=0 cached=703 fail=0  0.0GB total (0min elapsed, ~n/a remaining)
  [704/3225] ok=0 cached=704 fail=0  0.0GB total (0min elapsed, ~n/a remaining)
  [705/3225] ok=0 cached=705 fail=0  0.0GB total (0min elapsed, ~n/a remaining)
  [706/3225] ok=0 cached=706 fail=0  0.0GB total (0min elapsed, ~n/a remaining)
  [707/3225] ok=0 cached=707 fail=0  0.0GB total (0min elapsed, ~n/a remaining)
  [708/3225] ok=0 cached=708 fail=0  0.0GB total (0min elapsed, ~n/a remaining)
  [709/3225] ok=0 cached=709 fail=0  0.0GB total (0min elapsed, ~n/a remaining)
  [710/3225] ok=0 cached=710 fail=0  0.0GB total (0min elapsed, ~n/a remaining)
  [711/3225] ok=0 cached=711 fail=0  0.0GB total (0min elapsed, ~n/a remaining)
  [712/3225] ok=0 cached=712 fail=0  0.0GB total (0min elapsed, ~n/a remaining)
  [713/3225] ok=0 cached=713 fail=0  0.0GB total (0min elapsed, ~n/a remaining)
  [714/3225] ok=0 cached=714 fail=0  0.0GB total (0min elapsed, ~n/a remaining)
  [715/3225] ok=0 cached=715 fail=0  0.0GB total (0min elapsed, ~n/a remaining)
  [716/3225] ok=0 cached=716 fail=0  0.0GB total (0min elapsed, ~n/a remaining)
  [717/3225] ok=0 cached=717 fail=0  0.0GB total (0min elapsed, ~n/a remaining)
  [718/3225] ok=0 cached=718 fail=0  0.0GB total (0min elapsed, ~n/a remaining)
  [719/3225] ok=0 cached=719 fail=0  0.0GB total (0min elapsed, ~n/a remaining)
  [720/3225] ok=0 cached=720 fail=0  0.0GB total (0min elapsed, ~n/a remaining)
  [721/3225] ok=0 cached=721 fail=0  0.0GB total (0min elapsed, ~n/a remaining)
  [722/3225] ok=0 cached=722 fail=0  0.0GB total (0min elapsed, ~n/a remaining)
  [723/3225] ok=0 cached=723 fail=0  0.0GB total (0min elapsed, ~n/a remaining)
  [724/3225] ok=0 cached=724 fail=0  0.0GB total (0min elapsed, ~n/a remaining)
  [725/3225] ok=0 cached=725 fail=0  0.0GB total (0min elapsed, ~n/a remaining)
  [726/3225] ok=0 cached=726 fail=0  0.0GB total (0min elapsed, ~n/a remaining)
  [727/3225] ok=0 cached=727 fail=0  0.0GB total (0min elapsed, ~n/a remaining)
  [728/3225] ok=0 cached=728 fail=0  0.0GB total (0min elapsed, ~n/a remaining)
  [729/3225] ok=0 cached=729 fail=0  0.0GB total (0min elapsed, ~n/a remaining)
  [730/3225] ok=0 cached=730 fail=0  0.0GB total (0min elapsed, ~n/a remaining)
  [731/3225] ok=0 cached=731 fail=0  0.0GB total (0min elapsed, ~n/a remaining)
  [732/3225] ok=0 cached=732 fail=0  0.0GB total (0min elapsed, ~n/a remaining)
  [733/3225] ok=0 cached=733 fail=0  0.0GB total (0min elapsed, ~n/a remaining)
  [734/3225] ok=0 cached=734 fail=0  0.0GB total (0min elapsed, ~n/a remaining)
  [735/3225] ok=0 cached=735 fail=0  0.0GB total (0min elapsed, ~n/a remaining)
  [736/3225] ok=0 cached=736 fail=0  0.0GB total (0min elapsed, ~n/a remaining)
  [737/3225] ok=0 cached=737 fail=0  0.0GB total (0min elapsed, ~n/a remaining)
  [738/3225] ok=0 cached=738 fail=0  0.0GB total (0min elapsed, ~n/a remaining)
  [739/3225] ok=0 cached=739 fail=0  0.0GB total (0min elapsed, ~n/a remaining)
  [740/3225] ok=0 cached=740 fail=0  0.0GB total (0min elapsed, ~n/a remaining)
  [741/3225] ok=0 cached=741 fail=0  0.0GB total (0min elapsed, ~n/a remaining)
  [742/3225] ok=0 cached=742 fail=0  0.0GB total (0min elapsed, ~n/a remaining)
  [743/3225] ok=0 cached=743 fail=0  0.0GB total (0min elapsed, ~n/a remaining)
  [744/3225] ok=0 cached=744 fail=0  0.0GB total (0min elapsed, ~n/a remaining)
  [745/3225] ok=0 cached=745 fail=0  0.0GB total (0min elapsed, ~n/a remaining)
  [746/3225] ok=0 cached=746 fail=0  0.0GB total (0min elapsed, ~n/a remaining)
  [747/3225] ok=0 cached=747 fail=0  0.0GB total (0min elapsed, ~n/a remaining)
  [748/3225] ok=0 cached=748 fail=0  0.0GB total (0min elapsed, ~n/a remaining)
  [749/3225] ok=0 cached=749 fail=0  0.0GB total (0min elapsed, ~n/a remaining)
  [750/3225] ok=0 cached=750 fail=0  0.0GB total (0min elapsed, ~n/a remaining)
  [751/3225] ok=0 cached=751 fail=0  0.0GB total (0min elapsed, ~n/a remaining)
  [752/3225] ok=0 cached=752 fail=0  0.0GB total (0min elapsed, ~n/a remaining)
  [753/3225] ok=0 cached=753 fail=0  0.0GB total (0min elapsed, ~n/a remaining)
  [754/3225] ok=0 cached=754 fail=0  0.0GB total (0min elapsed, ~n/a remaining)
  [755/3225] ok=0 cached=755 fail=0  0.0GB total (0min elapsed, ~n/a remaining)
  [756/3225] ok=0 cached=756 fail=0  0.0GB total (0min elapsed, ~n/a remaining)
  [757/3225] ok=0 cached=757 fail=0  0.0GB total (0min elapsed, ~n/a remaining)
  [758/3225] ok=0 cached=758 fail=0  0.0GB total (0min elapsed, ~n/a remaining)
  [759/3225] ok=0 cached=759 fail=0  0.0GB total (0min elapsed, ~n/a remaining)
  [760/3225] ok=0 cached=760 fail=0  0.0GB total (0min elapsed, ~n/a remaining)
  [761/3225] ok=0 cached=761 fail=0  0.0GB total (0min elapsed, ~n/a remaining)
  [762/3225] ok=0 cached=762 fail=0  0.0GB total (0min elapsed, ~n/a remaining)
  [763/3225] ok=0 cached=763 fail=0  0.0GB total (0min elapsed, ~n/a remaining)
  [764/3225] ok=0 cached=764 fail=0  0.0GB total (0min elapsed, ~n/a remaining)
  [765/3225] ok=0 cached=765 fail=0  0.0GB total (0min elapsed, ~n/a remaining)
  [766/3225] ok=0 cached=766 fail=0  0.0GB total (0min elapsed, ~n/a remaining)
  [767/3225] ok=0 cached=767 fail=0  0.0GB total (0min elapsed, ~n/a remaining)
  [768/3225] ok=0 cached=768 fail=0  0.0GB total (0min elapsed, ~n/a remaining)
  [769/3225] ok=0 cached=769 fail=0  0.0GB total (0min elapsed, ~n/a remaining)
  [770/3225] ok=0 cached=770 fail=0  0.0GB total (0min elapsed, ~n/a remaining)
  [771/3225] ok=0 cached=771 fail=0  0.0GB total (0min elapsed, ~n/a remaining)
  [772/3225] ok=0 cached=772 fail=0  0.0GB total (0min elapsed, ~n/a remaining)
  [773/3225] ok=0 cached=773 fail=0  0.0GB total (0min elapsed, ~n/a remaining)
  [774/3225] ok=0 cached=774 fail=0  0.0GB total (0min elapsed, ~n/a remaining)
  [775/3225] ok=0 cached=775 fail=0  0.0GB total (0min elapsed, ~n/a remaining)
  [776/3225] ok=0 cached=776 fail=0  0.0GB total (0min elapsed, ~n/a remaining)
  [777/3225] ok=0 cached=777 fail=0  0.0GB total (0min elapsed, ~n/a remaining)
  [778/3225] ok=0 cached=778 fail=0  0.0GB total (0min elapsed, ~n/a remaining)
  [779/3225] ok=0 cached=779 fail=0  0.0GB total (0min elapsed, ~n/a remaining)
  [780/3225] ok=0 cached=780 fail=0  0.0GB total (0min elapsed, ~n/a remaining)
  [781/3225] ok=0 cached=781 fail=0  0.0GB total (0min elapsed, ~n/a remaining)
  [start ] ERR4315411
  [782/3225] ok=0 cached=782 fail=0  0.0GB total (0min elapsed, ~n/a remaining)
  [783/3225] ok=0 cached=783 fail=0  0.0GB total (0min elapsed, ~n/a remaining)
  [784/3225] ok=0 cached=784 fail=0  0.0GB total (0min elapsed, ~n/a remaining)
  [785/3225] ok=0 cached=785 fail=0  0.0GB total (0min elapsed, ~n/a remaining)
  [786/3225] ok=0 cached=786 fail=0  0.0GB total (0min elapsed, ~n/a remaining)
  [787/3225] ok=0 cached=787 fail=0  0.0GB total (0min elapsed, ~n/a remaining)
  [788/3225] ok=0 cached=788 fail=0  0.0GB total (0min elapsed, ~n/a remaining)
  [789/3225] ok=0 cached=789 fail=0  0.0GB total (0min elapsed, ~n/a remaining)
  [790/3225] ok=0 cached=790 fail=0  0.0GB total (0min elapsed, ~n/a remaining)
  [791/3225] ok=0 cached=791 fail=0  0.0GB total (0min elapsed, ~n/a remaining)
  [792/3225] ok=0 cached=792 fail=0  0.0GB total (0min elapsed, ~n/a remaining)
  [793/3225] ok=0 cached=793 fail=0  0.0GB total (0min elapsed, ~n/a remaining)
  [794/3225] ok=0 cached=794 fail=0  0.0GB total (0min elapsed, ~n/a remaining)
  [795/3225] ok=0 cached=795 fail=0  0.0GB total (0min elapsed, ~n/a remaining)
  [796/3225] ok=0 cached=796 fail=0  0.0GB total (0min elapsed, ~n/a remaining)
  [797/3225] ok=0 cached=797 fail=0  0.0GB total (0min elapsed, ~n/a remaining)
  [798/3225] ok=0 cached=798 fail=0  0.0GB total (0min elapsed, ~n/a remaining)
  [799/3225] ok=0 cached=799 fail=0  0.0GB total (0min elapsed, ~n/a remaining)
  [800/3225] ok=0 cached=800 fail=0  0.0GB total (0min elapsed, ~n/a remaining)
  [801/3225] ok=0 cached=801 fail=0  0.0GB total (0min elapsed, ~n/a remaining)
  [802/3225] ok=0 cached=802 fail=0  0.0GB total (0min elapsed, ~n/a remaining)
  [803/3225] ok=0 cached=803 fail=0  0.0GB total (0min elapsed, ~n/a remaining)
  [804/3225] ok=0 cached=804 fail=0  0.0GB total (0min elapsed, ~n/a remaining)
  [805/3225] ok=0 cached=805 fail=0  0.0GB total (0min elapsed, ~n/a remaining)
  [806/3225] ok=0 cached=806 fail=0  0.0GB total (0min elapsed, ~n/a remaining)
  [807/3225] ok=0 cached=807 fail=0  0.0GB total (0min elapsed, ~n/a remaining)
  [808/3225] ok=0 cached=808 fail=0  0.0GB total (0min elapsed, ~n/a remaining)
  [809/3225] ok=0 cached=809 fail=0  0.0GB total (0min elapsed, ~n/a remaining)
  [810/3225] ok=0 cached=810 fail=0  0.0GB total (0min elapsed, ~n/a remaining)
  [811/3225] ok=0 cached=811 fail=0  0.0GB total (0min elapsed, ~n/a remaining)
  [812/3225] ok=0 cached=812 fail=0  0.0GB total (0min elapsed, ~n/a remaining)
  [813/3225] ok=0 cached=813 fail=0  0.0GB total (0min elapsed, ~n/a remaining)
  [814/3225] ok=0 cached=814 fail=0  0.0GB total (0min elapsed, ~n/a remaining)
  [815/3225] ok=0 cached=815 fail=0  0.0GB total (0min elapsed, ~n/a remaining)
  [816/3225] ok=0 cached=816 fail=0  0.0GB total (0min elapsed, ~n/a remaining)
  [817/3225] ok=0 cached=817 fail=0  0.0GB total (0min elapsed, ~n/a remaining)
  [818/3225] ok=0 cached=818 fail=0  0.0GB total (0min elapsed, ~n/a remaining)
  [819/3225] ok=0 cached=819 fail=0  0.0GB total (0min elapsed, ~n/a remaining)
  [820/3225] ok=0 cached=820 fail=0  0.0GB total (0min elapsed, ~n/a remaining)
  [821/3225] ok=0 cached=821 fail=0  0.0GB total (0min elapsed, ~n/a remaining)
  [822/3225] ok=0 cached=822 fail=0  0.0GB total (0min elapsed, ~n/a remaining)
  [823/3225] ok=0 cached=823 fail=0  0.0GB total (0min elapsed, ~n/a remaining)
  [824/3225] ok=0 cached=824 fail=0  0.0GB total (0min elapsed, ~n/a remaining)
  [825/3225] ok=0 cached=825 fail=0  0.0GB total (0min elapsed, ~n/a remaining)
  [826/3225] ok=0 cached=826 fail=0  0.0GB total (0min elapsed, ~n/a remaining)
  [827/3225] ok=0 cached=827 fail=0  0.0GB total (0min elapsed, ~n/a remaining)
  [828/3225] ok=0 cached=828 fail=0  0.0GB total (0min elapsed, ~n/a remaining)
  [829/3225] ok=0 cached=829 fail=0  0.0GB total (0min elapsed, ~n/a remaining)
  [830/3225] ok=0 cached=830 fail=0  0.0GB total (0min elapsed, ~n/a remaining)
  [831/3225] ok=0 cached=831 fail=0  0.0GB total (0min elapsed, ~n/a remaining)
  [832/3225] ok=0 cached=832 fail=0  0.0GB total (0min elapsed, ~n/a remaining)
  [833/3225] ok=0 cached=833 fail=0  0.0GB total (0min elapsed, ~n/a remaining)
  [834/3225] ok=0 cached=834 fail=0  0.0GB total (0min elapsed, ~n/a remaining)
  [835/3225] ok=0 cached=835 fail=0  0.0GB total (0min elapsed, ~n/a remaining)
  [836/3225] ok=0 cached=836 fail=0  0.0GB total (0min elapsed, ~n/a remaining)
  [837/3225] ok=0 cached=837 fail=0  0.0GB total (0min elapsed, ~n/a remaining)
  [838/3225] ok=0 cached=838 fail=0  0.0GB total (0min elapsed, ~n/a remaining)
  [839/3225] ok=0 cached=839 fail=0  0.0GB total (0min elapsed, ~n/a remaining)
  [840/3225] ok=0 cached=840 fail=0  0.0GB total (0min elapsed, ~n/a remaining)
  [841/3225] ok=0 cached=841 fail=0  0.0GB total (0min elapsed, ~n/a remaining)
  [842/3225] ok=0 cached=842 fail=0  0.0GB total (0min elapsed, ~n/a remaining)
  [843/3225] ok=0 cached=843 fail=0  0.0GB total (0min elapsed, ~n/a remaining)
  [844/3225] ok=0 cached=844 fail=0  0.0GB total (0min elapsed, ~n/a remaining)
  [845/3225] ok=0 cached=845 fail=0  0.0GB total (0min elapsed, ~n/a remaining)
  [846/3225] ok=0 cached=846 fail=0  0.0GB total (0min elapsed, ~n/a remaining)
  [847/3225] ok=0 cached=847 fail=0  0.0GB total (0min elapsed, ~n/a remaining)
  [848/3225] ok=0 cached=848 fail=0  0.0GB total (0min elapsed, ~n/a remaining)
  [849/3225] ok=0 cached=849 fail=0  0.0GB total (0min elapsed, ~n/a remaining)
  [850/3225] ok=0 cached=850 fail=0  0.0GB total (0min elapsed, ~n/a remaining)
  [851/3225] ok=0 cached=851 fail=0  0.0GB total (0min elapsed, ~n/a remaining)
  [852/3225] ok=0 cached=852 fail=0  0.0GB total (0min elapsed, ~n/a remaining)
  [853/3225] ok=0 cached=853 fail=0  0.0GB total (0min elapsed, ~n/a remaining)
  [854/3225] ok=0 cached=854 fail=0  0.0GB total (0min elapsed, ~n/a remaining)
  [855/3225] ok=0 cached=855 fail=0  0.0GB total (0min elapsed, ~n/a remaining)
  [856/3225] ok=0 cached=856 fail=0  0.0GB total (0min elapsed, ~n/a remaining)
  [857/3225] ok=0 cached=857 fail=0  0.0GB total (0min elapsed, ~n/a remaining)
  [858/3225] ok=0 cached=858 fail=0  0.0GB total (0min elapsed, ~n/a remaining)
  [859/3225] ok=0 cached=859 fail=0  0.0GB total (0min elapsed, ~n/a remaining)
  [860/3225] ok=0 cached=860 fail=0  0.0GB total (0min elapsed, ~n/a remaining)
  [861/3225] ok=0 cached=861 fail=0  0.0GB total (0min elapsed, ~n/a remaining)
  [862/3225] ok=0 cached=862 fail=0  0.0GB total (0min elapsed, ~n/a remaining)
  [863/3225] ok=0 cached=863 fail=0  0.0GB total (0min elapsed, ~n/a remaining)
  [864/3225] ok=0 cached=864 fail=0  0.0GB total (0min elapsed, ~n/a remaining)
  [865/3225] ok=0 cached=865 fail=0  0.0GB total (0min elapsed, ~n/a remaining)
  [866/3225] ok=0 cached=866 fail=0  0.0GB total (0min elapsed, ~n/a remaining)
  [867/3225] ok=0 cached=867 fail=0  0.0GB total (0min elapsed, ~n/a remaining)
  [868/3225] ok=0 cached=868 fail=0  0.0GB total (0min elapsed, ~n/a remaining)
  [869/3225] ok=0 cached=869 fail=0  0.0GB total (0min elapsed, ~n/a remaining)
  [870/3225] ok=0 cached=870 fail=0  0.0GB total (0min elapsed, ~n/a remaining)
  [871/3225] ok=0 cached=871 fail=0  0.0GB total (0min elapsed, ~n/a remaining)
  [872/3225] ok=0 cached=872 fail=0  0.0GB total (0min elapsed, ~n/a remaining)
  [873/3225] ok=0 cached=873 fail=0  0.0GB total (0min elapsed, ~n/a remaining)
  [874/3225] ok=0 cached=874 fail=0  0.0GB total (0min elapsed, ~n/a remaining)
  [875/3225] ok=0 cached=875 fail=0  0.0GB total (0min elapsed, ~n/a remaining)
  [876/3225] ok=0 cached=876 fail=0  0.0GB total (0min elapsed, ~n/a remaining)
  [877/3225] ok=0 cached=877 fail=0  0.0GB total (0min elapsed, ~n/a remaining)
  [878/3225] ok=0 cached=878 fail=0  0.0GB total (0min elapsed, ~n/a remaining)
  [879/3225] ok=0 cached=879 fail=0  0.0GB total (0min elapsed, ~n/a remaining)
  [880/3225] ok=0 cached=880 fail=0  0.0GB total (0min elapsed, ~n/a remaining)
  [881/3225] ok=0 cached=881 fail=0  0.0GB total (0min elapsed, ~n/a remaining)
  [882/3225] ok=0 cached=882 fail=0  0.0GB total (0min elapsed, ~n/a remaining)
  [883/3225] ok=0 cached=883 fail=0  0.0GB total (0min elapsed, ~n/a remaining)
  [884/3225] ok=0 cached=884 fail=0  0.0GB total (0min elapsed, ~n/a remaining)
  [885/3225] ok=0 cached=885 fail=0  0.0GB total (0min elapsed, ~n/a remaining)
  [886/3225] ok=0 cached=886 fail=0  0.0GB total (0min elapsed, ~n/a remaining)
  [887/3225] ok=0 cached=887 fail=0  0.0GB total (0min elapsed, ~n/a remaining)
  [888/3225] ok=0 cached=888 fail=0  0.0GB total (0min elapsed, ~n/a remaining)
  [889/3225] ok=0 cached=889 fail=0  0.0GB total (0min elapsed, ~n/a remaining)
  [890/3225] ok=0 cached=890 fail=0  0.0GB total (0min elapsed, ~n/a remaining)
  [891/3225] ok=0 cached=891 fail=0  0.0GB total (0min elapsed, ~n/a remaining)
  [892/3225] ok=0 cached=892 fail=0  0.0GB total (0min elapsed, ~n/a remaining)
  [893/3225] ok=0 cached=893 fail=0  0.0GB total (0min elapsed, ~n/a remaining)
  [894/3225] ok=0 cached=894 fail=0  0.0GB total (0min elapsed, ~n/a remaining)
  [895/3225] ok=0 cached=895 fail=0  0.0GB total (0min elapsed, ~n/a remaining)
  [896/3225] ok=0 cached=896 fail=0  0.0GB total (0min elapsed, ~n/a remaining)
  [897/3225] ok=0 cached=897 fail=0  0.0GB total (0min elapsed, ~n/a remaining)
  [898/3225] ok=0 cached=898 fail=0  0.0GB total (0min elapsed, ~n/a remaining)
  [899/3225] ok=0 cached=899 fail=0  0.0GB total (0min elapsed, ~n/a remaining)
  [900/3225] ok=0 cached=900 fail=0  0.0GB total (0min elapsed, ~n/a remaining)
  [901/3225] ok=0 cached=901 fail=0  0.0GB total (0min elapsed, ~n/a remaining)
  [902/3225] ok=0 cached=902 fail=0  0.0GB total (0min elapsed, ~n/a remaining)
  [903/3225] ok=0 cached=903 fail=0  0.0GB total (0min elapsed, ~n/a remaining)
  [904/3225] ok=0 cached=904 fail=0  0.0GB total (0min elapsed, ~n/a remaining)
  [905/3225] ok=0 cached=905 fail=0  0.0GB total (0min elapsed, ~n/a remaining)
  [906/3225] ok=0 cached=906 fail=0  0.0GB total (0min elapsed, ~n/a remaining)
  [907/3225] ok=0 cached=907 fail=0  0.0GB total (0min elapsed, ~n/a remaining)
  [908/3225] ok=0 cached=908 fail=0  0.0GB total (0min elapsed, ~n/a remaining)
  [909/3225] ok=0 cached=909 fail=0  0.0GB total (0min elapsed, ~n/a remaining)
  [910/3225] ok=0 cached=910 fail=0  0.0GB total (0min elapsed, ~n/a remaining)
  [911/3225] ok=0 cached=911 fail=0  0.0GB total (0min elapsed, ~n/a remaining)
  [912/3225] ok=0 cached=912 fail=0  0.0GB total (0min elapsed, ~n/a remaining)
  [913/3225] ok=0 cached=913 fail=0  0.0GB total (0min elapsed, ~n/a remaining)
  [914/3225] ok=0 cached=914 fail=0  0.0GB total (0min elapsed, ~n/a remaining)
  [915/3225] ok=0 cached=915 fail=0  0.0GB total (0min elapsed, ~n/a remaining)
  [916/3225] ok=0 cached=916 fail=0  0.0GB total (0min elapsed, ~n/a remaining)
  [917/3225] ok=0 cached=917 fail=0  0.0GB total (0min elapsed, ~n/a remaining)
  [918/3225] ok=0 cached=918 fail=0  0.0GB total (0min elapsed, ~n/a remaining)
  [919/3225] ok=0 cached=919 fail=0  0.0GB total (0min elapsed, ~n/a remaining)
  [920/3225] ok=0 cached=920 fail=0  0.0GB total (0min elapsed, ~n/a remaining)
  [921/3225] ok=0 cached=921 fail=0  0.0GB total (0min elapsed, ~n/a remaining)
  [922/3225] ok=0 cached=922 fail=0  0.0GB total (0min elapsed, ~n/a remaining)
  [923/3225] ok=0 cached=923 fail=0  0.0GB total (0min elapsed, ~n/a remaining)
  [924/3225] ok=0 cached=924 fail=0  0.0GB total (0min elapsed, ~n/a remaining)
  [925/3225] ok=0 cached=925 fail=0  0.0GB total (0min elapsed, ~n/a remaining)
  [926/3225] ok=0 cached=926 fail=0  0.0GB total (0min elapsed, ~n/a remaining)
  [927/3225] ok=0 cached=927 fail=0  0.0GB total (0min elapsed, ~n/a remaining)
  [928/3225] ok=0 cached=928 fail=0  0.0GB total (0min elapsed, ~n/a remaining)
  [929/3225] ok=0 cached=929 fail=0  0.0GB total (0min elapsed, ~n/a remaining)
  [930/3225] ok=0 cached=930 fail=0  0.0GB total (0min elapsed, ~n/a remaining)
  [931/3225] ok=0 cached=931 fail=0  0.0GB total (0min elapsed, ~n/a remaining)
  [932/3225] ok=0 cached=932 fail=0  0.0GB total (0min elapsed, ~n/a remaining)
  [933/3225] ok=0 cached=933 fail=0  0.0GB total (0min elapsed, ~n/a remaining)
  [934/3225] ok=0 cached=934 fail=0  0.0GB total (0min elapsed, ~n/a remaining)
  [935/3225] ok=0 cached=935 fail=0  0.0GB total (0min elapsed, ~n/a remaining)
  [936/3225] ok=0 cached=936 fail=0  0.0GB total (0min elapsed, ~n/a remaining)
  [937/3225] ok=0 cached=937 fail=0  0.0GB total (0min elapsed, ~n/a remaining)
  [938/3225] ok=0 cached=938 fail=0  0.0GB total (0min elapsed, ~n/a remaining)
  [939/3225] ok=0 cached=939 fail=0  0.0GB total (0min elapsed, ~n/a remaining)
  [940/3225] ok=0 cached=940 fail=0  0.0GB total (0min elapsed, ~n/a remaining)
  [941/3225] ok=0 cached=941 fail=0  0.0GB total (0min elapsed, ~n/a remaining)
  [942/3225] ok=0 cached=942 fail=0  0.0GB total (0min elapsed, ~n/a remaining)
  [943/3225] ok=0 cached=943 fail=0  0.0GB total (0min elapsed, ~n/a remaining)
  [944/3225] ok=0 cached=944 fail=0  0.0GB total (0min elapsed, ~n/a remaining)
  [945/3225] ok=0 cached=945 fail=0  0.0GB total (0min elapsed, ~n/a remaining)
  [946/3225] ok=0 cached=946 fail=0  0.0GB total (0min elapsed, ~n/a remaining)
  [947/3225] ok=0 cached=947 fail=0  0.0GB total (0min elapsed, ~n/a remaining)
  [948/3225] ok=0 cached=948 fail=0  0.0GB total (0min elapsed, ~n/a remaining)
  [949/3225] ok=0 cached=949 fail=0  0.0GB total (0min elapsed, ~n/a remaining)
  [950/3225] ok=0 cached=950 fail=0  0.0GB total (0min elapsed, ~n/a remaining)
  [951/3225] ok=0 cached=951 fail=0  0.0GB total (0min elapsed, ~n/a remaining)
  [952/3225] ok=0 cached=952 fail=0  0.0GB total (0min elapsed, ~n/a remaining)
  [953/3225] ok=0 cached=953 fail=0  0.0GB total (0min elapsed, ~n/a remaining)
  [954/3225] ok=0 cached=954 fail=0  0.0GB total (0min elapsed, ~n/a remaining)
  [955/3225] ok=0 cached=955 fail=0  0.0GB total (0min elapsed, ~n/a remaining)
  [956/3225] ok=0 cached=956 fail=0  0.0GB total (0min elapsed, ~n/a remaining)
  [957/3225] ok=0 cached=957 fail=0  0.0GB total (0min elapsed, ~n/a remaining)
  [958/3225] ok=0 cached=958 fail=0  0.0GB total (0min elapsed, ~n/a remaining)
  [959/3225] ok=0 cached=959 fail=0  0.0GB total (0min elapsed, ~n/a remaining)
  [960/3225] ok=0 cached=960 fail=0  0.0GB total (0min elapsed, ~n/a remaining)
  [961/3225] ok=0 cached=961 fail=0  0.0GB total (0min elapsed, ~n/a remaining)
  [962/3225] ok=0 cached=962 fail=0  0.0GB total (0min elapsed, ~n/a remaining)
  [963/3225] ok=0 cached=963 fail=0  0.0GB total (0min elapsed, ~n/a remaining)
  [964/3225] ok=0 cached=964 fail=0  0.0GB total (0min elapsed, ~n/a remaining)
  [965/3225] ok=0 cached=965 fail=0  0.0GB total (0min elapsed, ~n/a remaining)
  [966/3225] ok=0 cached=966 fail=0  0.0GB total (0min elapsed, ~n/a remaining)
  [967/3225] ok=0 cached=967 fail=0  0.0GB total (0min elapsed, ~n/a remaining)
  [968/3225] ok=0 cached=968 fail=0  0.0GB total (0min elapsed, ~n/a remaining)
  [969/3225] ok=0 cached=969 fail=0  0.0GB total (0min elapsed, ~n/a remaining)
  [970/3225] ok=0 cached=970 fail=0  0.0GB total (0min elapsed, ~n/a remaining)
  [971/3225] ok=0 cached=971 fail=0  0.0GB total (0min elapsed, ~n/a remaining)
  [972/3225] ok=0 cached=972 fail=0  0.0GB total (0min elapsed, ~n/a remaining)
  [973/3225] ok=0 cached=973 fail=0  0.0GB total (0min elapsed, ~n/a remaining)
  [start ] ERR4315564
  [974/3225] ok=0 cached=974 fail=0  0.0GB total (0min elapsed, ~n/a remaining)
  [975/3225] ok=0 cached=975 fail=0  0.0GB total (0min elapsed, ~n/a remaining)
  [976/3225] ok=0 cached=976 fail=0  0.0GB total (0min elapsed, ~n/a remaining)
  [977/3225] ok=0 cached=977 fail=0  0.0GB total (0min elapsed, ~n/a remaining)
  [978/3225] ok=0 cached=978 fail=0  0.0GB total (0min elapsed, ~n/a remaining)
  [979/3225] ok=0 cached=979 fail=0  0.0GB total (0min elapsed, ~n/a remaining)
  [980/3225] ok=0 cached=980 fail=0  0.0GB total (0min elapsed, ~n/a remaining)
  [981/3225] ok=0 cached=981 fail=0  0.0GB total (0min elapsed, ~n/a remaining)
  [982/3225] ok=0 cached=982 fail=0  0.0GB total (0min elapsed, ~n/a remaining)
  [983/3225] ok=0 cached=983 fail=0  0.0GB total (0min elapsed, ~n/a remaining)
  [984/3225] ok=0 cached=984 fail=0  0.0GB total (0min elapsed, ~n/a remaining)
  [985/3225] ok=0 cached=985 fail=0  0.0GB total (0min elapsed, ~n/a remaining)
  [986/3225] ok=0 cached=986 fail=0  0.0GB total (0min elapsed, ~n/a remaining)
  [987/3225] ok=0 cached=987 fail=0  0.0GB total (0min elapsed, ~n/a remaining)
  [988/3225] ok=0 cached=988 fail=0  0.0GB total (0min elapsed, ~n/a remaining)
  [989/3225] ok=0 cached=989 fail=0  0.0GB total (0min elapsed, ~n/a remaining)
  [990/3225] ok=0 cached=990 fail=0  0.0GB total (0min elapsed, ~n/a remaining)
  [991/3225] ok=0 cached=991 fail=0  0.0GB total (0min elapsed, ~n/a remaining)
  [992/3225] ok=0 cached=992 fail=0  0.0GB total (0min elapsed, ~n/a remaining)
  [993/3225] ok=0 cached=993 fail=0  0.0GB total (0min elapsed, ~n/a remaining)
  [994/3225] ok=0 cached=994 fail=0  0.0GB total (0min elapsed, ~n/a remaining)
  [995/3225] ok=0 cached=995 fail=0  0.0GB total (0min elapsed, ~n/a remaining)
  [996/3225] ok=0 cached=996 fail=0  0.0GB total (0min elapsed, ~n/a remaining)
  [997/3225] ok=0 cached=997 fail=0  0.0GB total (0min elapsed, ~n/a remaining)
  [998/3225] ok=0 cached=998 fail=0  0.0GB total (0min elapsed, ~n/a remaining)
  [999/3225] ok=0 cached=999 fail=0  0.0GB total (0min elapsed, ~n/a remaining)
  [1000/3225] ok=0 cached=1000 fail=0  0.0GB total (0min elapsed, ~n/a remaining)
  [1001/3225] ok=0 cached=1001 fail=0  0.0GB total (0min elapsed, ~n/a remaining)
  [1002/3225] ok=0 cached=1002 fail=0  0.0GB total (0min elapsed, ~n/a remaining)
  [1003/3225] ok=0 cached=1003 fail=0  0.0GB total (0min elapsed, ~n/a remaining)
  [1004/3225] ok=0 cached=1004 fail=0  0.0GB total (0min elapsed, ~n/a remaining)
  [1005/3225] ok=0 cached=1005 fail=0  0.0GB total (0min elapsed, ~n/a remaining)
  [1006/3225] ok=0 cached=1006 fail=0  0.0GB total (0min elapsed, ~n/a remaining)
  [1007/3225] ok=0 cached=1007 fail=0  0.0GB total (0min elapsed, ~n/a remaining)
  [1008/3225] ok=0 cached=1008 fail=0  0.0GB total (0min elapsed, ~n/a remaining)
  [1009/3225] ok=0 cached=1009 fail=0  0.0GB total (0min elapsed, ~n/a remaining)
  [1010/3225] ok=0 cached=1010 fail=0  0.0GB total (0min elapsed, ~n/a remaining)
  [1011/3225] ok=0 cached=1011 fail=0  0.0GB total (0min elapsed, ~n/a remaining)
  [1012/3225] ok=0 cached=1012 fail=0  0.0GB total (0min elapsed, ~n/a remaining)
  [1013/3225] ok=0 cached=1013 fail=0  0.0GB total (0min elapsed, ~n/a remaining)
  [start ] SRR23706857
  [1014/3225] ok=0 cached=1014 fail=0  0.0GB total (0min elapsed, ~n/a remaining)
  [start ] SRR23706858
  [1015/3225] ok=0 cached=1015 fail=0  0.0GB total (0min elapsed, ~n/a remaining)
  [start ] SRR23706866
  [1016/3225] ok=0 cached=1016 fail=0  0.0GB total (0min elapsed, ~n/a remaining)
  [1017/3225] ok=0 cached=1017 fail=0  0.0GB total (0min elapsed, ~n/a remaining)
  [1018/3225] ok=0 cached=1018 fail=0  0.0GB total (0min elapsed, ~n/a remaining)
  [start ] SRR23706865
  [done  ] ERR4315332  3.41GB in 272s (12.5 MB/s)
  [1019/3225] ok=1 cached=1018 fail=0  3.4GB total (5min elapsed, ~20.9hr remaining)
  [start ] SRR23706867
  [done  ] ERR4315564  3.76GB in 285s (13.2 MB/s)
  [1020/3225] ok=2 cached=1018 fail=0  7.2GB total (5min elapsed, ~21.3hr remaining)
  [1021/3225] ok=2 cached=1019 fail=0  7.2GB total (5min elapsed, ~21.3hr remaining)
  [1022/3225] ok=2 cached=1020 fail=0  7.2GB total (5min elapsed, ~21.3hr remaining)
  [1023/3225] ok=2 cached=1021 fail=0  7.2GB total (5min elapsed, ~21.3hr remaining)
  [1024/3225] ok=2 cached=1022 fail=0  7.2GB total (5min elapsed, ~21.3hr remaining)
  [1025/3225] ok=2 cached=1023 fail=0  7.2GB total (5min elapsed, ~21.3hr remaining)
  [1026/3225] ok=2 cached=1024 fail=0  7.2GB total (5min elapsed, ~21.3hr remaining)
  [1027/3225] ok=2 cached=1025 fail=0  7.2GB total (5min elapsed, ~21.3hr remaining)
  [1028/3225] ok=2 cached=1026 fail=0  7.2GB total (5min elapsed, ~21.3hr remaining)
  [1029/3225] ok=2 cached=1027 fail=0  7.2GB total (5min elapsed, ~21.2hr remaining)
  [1030/3225] ok=2 cached=1028 fail=0  7.2GB total (5min elapsed, ~21.2hr remaining)
  [1031/3225] ok=2 cached=1029 fail=0  7.2GB total (5min elapsed, ~21.2hr remaining)
  [1032/3225] ok=2 cached=1030 fail=0  7.2GB total (5min elapsed, ~21.2hr remaining)
  [1033/3225] ok=2 cached=1031 fail=0  7.2GB total (5min elapsed, ~21.2hr remaining)
  [1034/3225] ok=2 cached=1032 fail=0  7.2GB total (5min elapsed, ~21.2hr remaining)
  [1035/3225] ok=2 cached=1033 fail=0  7.2GB total (5min elapsed, ~21.2hr remaining)
  [1036/3225] ok=2 cached=1034 fail=0  7.2GB total (5min elapsed, ~21.2hr remaining)
  [1037/3225] ok=2 cached=1035 fail=0  7.2GB total (5min elapsed, ~21.2hr remaining)
  [1038/3225] ok=2 cached=1036 fail=0  7.2GB total (5min elapsed, ~21.2hr remaining)
  [1039/3225] ok=2 cached=1037 fail=0  7.2GB total (5min elapsed, ~21.1hr remaining)
  [1040/3225] ok=2 cached=1038 fail=0  7.2GB total (5min elapsed, ~21.1hr remaining)
  [1041/3225] ok=2 cached=1039 fail=0  7.2GB total (5min elapsed, ~21.1hr remaining)
  [1042/3225] ok=2 cached=1040 fail=0  7.2GB total (5min elapsed, ~21.1hr remaining)
  [1043/3225] ok=2 cached=1041 fail=0  7.2GB total (5min elapsed, ~21.1hr remaining)
  [1044/3225] ok=2 cached=1042 fail=0  7.2GB total (5min elapsed, ~21.1hr remaining)
  [1045/3225] ok=2 cached=1043 fail=0  7.2GB total (5min elapsed, ~21.1hr remaining)
  [1046/3225] ok=2 cached=1044 fail=0  7.2GB total (5min elapsed, ~21.1hr remaining)
  [1047/3225] ok=2 cached=1045 fail=0  7.2GB total (5min elapsed, ~21.1hr remaining)
  [1048/3225] ok=2 cached=1046 fail=0  7.2GB total (5min elapsed, ~21.1hr remaining)
  [1049/3225] ok=2 cached=1047 fail=0  7.2GB total (5min elapsed, ~21.0hr remaining)
  [1050/3225] ok=2 cached=1048 fail=0  7.2GB total (5min elapsed, ~21.0hr remaining)
  [1051/3225] ok=2 cached=1049 fail=0  7.2GB total (5min elapsed, ~21.0hr remaining)
  [1052/3225] ok=2 cached=1050 fail=0  7.2GB total (5min elapsed, ~21.0hr remaining)
  [1053/3225] ok=2 cached=1051 fail=0  7.2GB total (5min elapsed, ~21.0hr remaining)
  [1054/3225] ok=2 cached=1052 fail=0  7.2GB total (5min elapsed, ~21.0hr remaining)
  [1055/3225] ok=2 cached=1053 fail=0  7.2GB total (5min elapsed, ~21.0hr remaining)
  [1056/3225] ok=2 cached=1054 fail=0  7.2GB total (5min elapsed, ~21.0hr remaining)
  [1057/3225] ok=2 cached=1055 fail=0  7.2GB total (5min elapsed, ~21.0hr remaining)
  [start ] SRR1425535
  [failed] SRR1425535  (no output after gzip, 20s)
  [1058/3225] ok=2 cached=1055 fail=1  7.2GB total (5min elapsed, ~21.0hr remaining)
  [start ] SRR1425603
  [failed] SRR1425603  (no output after gzip, 30s)
  [1059/3225] ok=2 cached=1055 fail=2  7.2GB total (6min elapsed, ~21.0hr remaining)
  [start ] SRR1425536
  [done  ] ERR4315411  3.38GB in 341s (9.9 MB/s)
  [1060/3225] ok=3 cached=1055 fail=2  10.5GB total (6min elapsed, ~22.5hr remaining)
  [start ] SRR1425602
  [failed] SRR1425536  (no output after gzip, 19s)
  [1061/3225] ok=3 cached=1055 fail=3  10.5GB total (6min elapsed, ~22.5hr remaining)
  [1062/3225] ok=3 cached=1056 fail=3  10.5GB total (6min elapsed, ~22.5hr remaining)
  [start ] SRR7753254
  [done  ] ERR4315390  3.66GB in 358s (10.2 MB/s)
  [1063/3225] ok=4 cached=1056 fail=3  14.2GB total (6min elapsed, ~23.6hr remaining)
  [1064/3225] ok=4 cached=1057 fail=3  14.2GB total (6min elapsed, ~23.6hr remaining)
  [start ] SRR7753253
  [failed] SRR1425602  (no output after gzip, 22s)
  [1065/3225] ok=4 cached=1057 fail=4  14.2GB total (6min elapsed, ~23.5hr remaining)
  [1066/3225] ok=4 cached=1058 fail=4  14.2GB total (6min elapsed, ~23.5hr remaining)
  [1067/3225] ok=4 cached=1059 fail=4  14.2GB total (6min elapsed, ~23.5hr remaining)
  [1068/3225] ok=4 cached=1060 fail=4  14.2GB total (6min elapsed, ~23.5hr remaining)
  [1069/3225] ok=4 cached=1061 fail=4  14.2GB total (6min elapsed, ~23.5hr remaining)
  [1070/3225] ok=4 cached=1062 fail=4  14.2GB total (6min elapsed, ~23.5hr remaining)
  [1071/3225] ok=4 cached=1063 fail=4  14.2GB total (6min elapsed, ~23.5hr remaining)
  [1072/3225] ok=4 cached=1064 fail=4  14.2GB total (6min elapsed, ~23.5hr remaining)
  [1073/3225] ok=4 cached=1065 fail=4  14.2GB total (6min elapsed, ~23.5hr remaining)
  [1074/3225] ok=4 cached=1066 fail=4  14.2GB total (6min elapsed, ~23.4hr remaining)
  [1075/3225] ok=4 cached=1067 fail=4  14.2GB total (6min elapsed, ~23.4hr remaining)
  [1076/3225] ok=4 cached=1068 fail=4  14.2GB total (6min elapsed, ~23.4hr remaining)
  [1077/3225] ok=4 cached=1069 fail=4  14.2GB total (6min elapsed, ~23.4hr remaining)
  [1078/3225] ok=4 cached=1070 fail=4  14.2GB total (6min elapsed, ~23.4hr remaining)
  [1079/3225] ok=4 cached=1071 fail=4  14.2GB total (6min elapsed, ~23.4hr remaining)
  [1080/3225] ok=4 cached=1072 fail=4  14.2GB total (6min elapsed, ~23.4hr remaining)
  [1081/3225] ok=4 cached=1073 fail=4  14.2GB total (6min elapsed, ~23.4hr remaining)
  [1082/3225] ok=4 cached=1074 fail=4  14.2GB total (6min elapsed, ~23.4hr remaining)
  [1083/3225] ok=4 cached=1075 fail=4  14.2GB total (6min elapsed, ~23.4hr remaining)
  [1084/3225] ok=4 cached=1076 fail=4  14.2GB total (6min elapsed, ~23.3hr remaining)
  [1085/3225] ok=4 cached=1077 fail=4  14.2GB total (6min elapsed, ~23.3hr remaining)
  [1086/3225] ok=4 cached=1078 fail=4  14.2GB total (6min elapsed, ~23.3hr remaining)
  [1087/3225] ok=4 cached=1079 fail=4  14.2GB total (6min elapsed, ~23.3hr remaining)
  [1088/3225] ok=4 cached=1080 fail=4  14.2GB total (6min elapsed, ~23.3hr remaining)
  [1089/3225] ok=4 cached=1081 fail=4  14.2GB total (6min elapsed, ~23.3hr remaining)
  [1090/3225] ok=4 cached=1082 fail=4  14.2GB total (6min elapsed, ~23.3hr remaining)
  [1091/3225] ok=4 cached=1083 fail=4  14.2GB total (6min elapsed, ~23.3hr remaining)
  [1092/3225] ok=4 cached=1084 fail=4  14.2GB total (6min elapsed, ~23.3hr remaining)
  [1093/3225] ok=4 cached=1085 fail=4  14.2GB total (6min elapsed, ~23.2hr remaining)
  [1094/3225] ok=4 cached=1086 fail=4  14.2GB total (6min elapsed, ~23.2hr remaining)
  [1095/3225] ok=4 cached=1087 fail=4  14.2GB total (6min elapsed, ~23.2hr remaining)
  [1096/3225] ok=4 cached=1088 fail=4  14.2GB total (6min elapsed, ~23.2hr remaining)
  [1097/3225] ok=4 cached=1089 fail=4  14.2GB total (6min elapsed, ~23.2hr remaining)
  [1098/3225] ok=4 cached=1090 fail=4  14.2GB total (6min elapsed, ~23.2hr remaining)
  [1099/3225] ok=4 cached=1091 fail=4  14.2GB total (6min elapsed, ~23.2hr remaining)
  [1100/3225] ok=4 cached=1092 fail=4  14.2GB total (6min elapsed, ~23.2hr remaining)
  [1101/3225] ok=4 cached=1093 fail=4  14.2GB total (6min elapsed, ~23.2hr remaining)
  [1102/3225] ok=4 cached=1094 fail=4  14.2GB total (6min elapsed, ~23.1hr remaining)
  [1103/3225] ok=4 cached=1095 fail=4  14.2GB total (6min elapsed, ~23.1hr remaining)
  [1104/3225] ok=4 cached=1096 fail=4  14.2GB total (6min elapsed, ~23.1hr remaining)
  [1105/3225] ok=4 cached=1097 fail=4  14.2GB total (6min elapsed, ~23.1hr remaining)
  [1106/3225] ok=4 cached=1098 fail=4  14.2GB total (6min elapsed, ~23.1hr remaining)
  [1107/3225] ok=4 cached=1099 fail=4  14.2GB total (6min elapsed, ~23.1hr remaining)
  [1108/3225] ok=4 cached=1100 fail=4  14.2GB total (6min elapsed, ~23.1hr remaining)
  [1109/3225] ok=4 cached=1101 fail=4  14.2GB total (6min elapsed, ~23.1hr remaining)
  [1110/3225] ok=4 cached=1102 fail=4  14.2GB total (6min elapsed, ~23.1hr remaining)
  [1111/3225] ok=4 cached=1103 fail=4  14.2GB total (6min elapsed, ~23.0hr remaining)
  [1112/3225] ok=4 cached=1104 fail=4  14.2GB total (6min elapsed, ~23.0hr remaining)
  [1113/3225] ok=4 cached=1105 fail=4  14.2GB total (6min elapsed, ~23.0hr remaining)
  [1114/3225] ok=4 cached=1106 fail=4  14.2GB total (6min elapsed, ~23.0hr remaining)
  [1115/3225] ok=4 cached=1107 fail=4  14.2GB total (6min elapsed, ~23.0hr remaining)
  [1116/3225] ok=4 cached=1108 fail=4  14.2GB total (6min elapsed, ~23.0hr remaining)
  [1117/3225] ok=4 cached=1109 fail=4  14.2GB total (6min elapsed, ~23.0hr remaining)
  [1118/3225] ok=4 cached=1110 fail=4  14.2GB total (6min elapsed, ~23.0hr remaining)
  [1119/3225] ok=4 cached=1111 fail=4  14.2GB total (6min elapsed, ~23.0hr remaining)
  [1120/3225] ok=4 cached=1112 fail=4  14.2GB total (6min elapsed, ~22.9hr remaining)
  [1121/3225] ok=4 cached=1113 fail=4  14.2GB total (6min elapsed, ~22.9hr remaining)
  [1122/3225] ok=4 cached=1114 fail=4  14.2GB total (6min elapsed, ~22.9hr remaining)
  [start ] SRR579539
  [failed] SRR579539  (no output after gzip, 80s)
  [1123/3225] ok=4 cached=1114 fail=5  14.2GB total (7min elapsed, ~22.9hr remaining)
  [1124/3225] ok=4 cached=1115 fail=5  14.2GB total (7min elapsed, ~22.9hr remaining)
  [1125/3225] ok=4 cached=1116 fail=5  14.2GB total (7min elapsed, ~22.9hr remaining)
  [1126/3225] ok=4 cached=1117 fail=5  14.2GB total (7min elapsed, ~22.9hr remaining)
  [1127/3225] ok=4 cached=1118 fail=5  14.2GB total (7min elapsed, ~22.9hr remaining)
  [start ] ERR3500541
  [regz  ] SRR23706866  9.78GB in 775s (recompressed, no download)
  [1128/3225] ok=5 cached=1118 fail=5  24.0GB total (13min elapsed, ~29.6hr remaining)
  [start ] ERR3500540
  [regz  ] SRR23706857  11.38GB in 968s (recompressed, no download)
  [1129/3225] ok=6 cached=1118 fail=5  35.4GB total (16min elapsed, ~36.4hr remaining)
  [1130/3225] ok=6 cached=1119 fail=5  35.4GB total (16min elapsed, ~36.4hr remaining)
  [1131/3225] ok=6 cached=1120 fail=5  35.4GB total (16min elapsed, ~36.3hr remaining)
  [1132/3225] ok=6 cached=1121 fail=5  35.4GB total (16min elapsed, ~36.3hr remaining)
  [1133/3225] ok=6 cached=1122 fail=5  35.4GB total (16min elapsed, ~36.3hr remaining)
  [1134/3225] ok=6 cached=1123 fail=5  35.4GB total (16min elapsed, ~36.3hr remaining)
  [1135/3225] ok=6 cached=1124 fail=5  35.4GB total (16min elapsed, ~36.3hr remaining)
  [1136/3225] ok=6 cached=1125 fail=5  35.4GB total (16min elapsed, ~36.3hr remaining)
  [1137/3225] ok=6 cached=1126 fail=5  35.4GB total (16min elapsed, ~36.2hr remaining)
  [1138/3225] ok=6 cached=1127 fail=5  35.4GB total (16min elapsed, ~36.2hr remaining)
  [1139/3225] ok=6 cached=1128 fail=5  35.4GB total (16min elapsed, ~36.2hr remaining)
  [1140/3225] ok=6 cached=1129 fail=5  35.4GB total (16min elapsed, ~36.2hr remaining)
  [1141/3225] ok=6 cached=1130 fail=5  35.4GB total (16min elapsed, ~36.2hr remaining)
  [1142/3225] ok=6 cached=1131 fail=5  35.4GB total (16min elapsed, ~36.2hr remaining)
  [1143/3225] ok=6 cached=1132 fail=5  35.4GB total (16min elapsed, ~36.1hr remaining)
  [1144/3225] ok=6 cached=1133 fail=5  35.4GB total (16min elapsed, ~36.1hr remaining)
  [1145/3225] ok=6 cached=1134 fail=5  35.4GB total (16min elapsed, ~36.1hr remaining)
  [1146/3225] ok=6 cached=1135 fail=5  35.4GB total (16min elapsed, ~36.1hr remaining)
  [start ] ERR3500514
  [regz  ] ERR3500541  9.24GB in 785s (recompressed, no download)
  [1147/3225] ok=7 cached=1135 fail=5  44.6GB total (20min elapsed, ~39.0hr remaining)
  [start ] ERR3500513
  [regz  ] ERR3500540  8.92GB in 761s (recompressed, no download)
  [1148/3225] ok=8 cached=1135 fail=5  53.5GB total (26min elapsed, ~41.0hr remaining)
  [1149/3225] ok=8 cached=1136 fail=5  53.5GB total (26min elapsed, ~40.9hr remaining)
  [1150/3225] ok=8 cached=1137 fail=5  53.5GB total (26min elapsed, ~40.9hr remaining)
  [1151/3225] ok=8 cached=1138 fail=5  53.5GB total (26min elapsed, ~40.9hr remaining)
  [1152/3225] ok=8 cached=1139 fail=5  53.5GB total (26min elapsed, ~40.9hr remaining)
  [1153/3225] ok=8 cached=1140 fail=5  53.5GB total (26min elapsed, ~40.9hr remaining)
  [1154/3225] ok=8 cached=1141 fail=5  53.5GB total (26min elapsed, ~40.8hr remaining)
  [start ] ERR3500533
  [done  ] SRR7753254  7.99GB in 1227s (6.5 MB/s)
  [1155/3225] ok=9 cached=1141 fail=5  61.5GB total (26min elapsed, ~46.1hr remaining)
  [start ] ERR3500532
  [done  ] SRR7753253  8.34GB in 1291s (6.5 MB/s)
  [1156/3225] ok=10 cached=1141 fail=5  69.9GB total (27min elapsed, ~50.7hr remaining)
  [1157/3225] ok=10 cached=1142 fail=5  69.9GB total (27min elapsed, ~50.7hr remaining)
  [1158/3225] ok=10 cached=1143 fail=5  69.9GB total (27min elapsed, ~50.7hr remaining)
  [1159/3225] ok=10 cached=1144 fail=5  69.9GB total (27min elapsed, ~50.7hr remaining)
  [start ] ERR3500505
  [regz  ] ERR3500514  8.00GB in 705s (recompressed, no download)
  [1160/3225] ok=11 cached=1144 fail=5  77.9GB total (28min elapsed, ~50.6hr remaining)
  [start ] ERR3500504
  [done  ] SRR23706865  11.85GB in 1860s (6.4 MB/s)
  [1161/3225] ok=12 cached=1144 fail=5  89.7GB total (31min elapsed, ~57.5hr remaining)
  [1162/3225] ok=12 cached=1145 fail=5  89.7GB total (31min elapsed, ~57.5hr remaining)
  [1163/3225] ok=12 cached=1146 fail=5  89.7GB total (31min elapsed, ~57.4hr remaining)
  [1164/3225] ok=12 cached=1147 fail=5  89.7GB total (31min elapsed, ~57.4hr remaining)
  [1165/3225] ok=12 cached=1148 fail=5  89.7GB total (31min elapsed, ~57.4hr remaining)
  [1166/3225] ok=12 cached=1149 fail=5  89.7GB total (31min elapsed, ~57.4hr remaining)
  [1167/3225] ok=12 cached=1150 fail=5  89.7GB total (31min elapsed, ~57.3hr remaining)
  [1168/3225] ok=12 cached=1151 fail=5  89.7GB total (31min elapsed, ~57.3hr remaining)
  [1169/3225] ok=12 cached=1152 fail=5  89.7GB total (31min elapsed, ~57.3hr remaining)
  [1170/3225] ok=12 cached=1153 fail=5  89.7GB total (31min elapsed, ~57.2hr remaining)
  [1171/3225] ok=12 cached=1154 fail=5  89.7GB total (31min elapsed, ~57.2hr remaining)
  [1172/3225] ok=12 cached=1155 fail=5  89.7GB total (31min elapsed, ~57.2hr remaining)
  [start ] ERR3500525
  [regz  ] ERR3500513  8.14GB in 699s (recompressed, no download)
  [1173/3225] ok=13 cached=1155 fail=5  97.8GB total (32min elapsed, ~56.6hr remaining)
  [start ] ERR3500524
  [done  ] SRR23706867  10.40GB in 1657s (6.3 MB/s)
  [1174/3225] ok=14 cached=1155 fail=5  108.2GB total (32min elapsed, ~61.0hr remaining)
  [1175/3225] ok=14 cached=1156 fail=5  108.2GB total (32min elapsed, ~60.9hr remaining)
  [1176/3225] ok=14 cached=1157 fail=5  108.2GB total (32min elapsed, ~60.9hr remaining)
  [1177/3225] ok=14 cached=1158 fail=5  108.2GB total (32min elapsed, ~60.9hr remaining)
  [1178/3225] ok=14 cached=1159 fail=5  108.2GB total (32min elapsed, ~60.8hr remaining)
  [1179/3225] ok=14 cached=1160 fail=5  108.2GB total (32min elapsed, ~60.8hr remaining)
  [1180/3225] ok=14 cached=1161 fail=5  108.2GB total (32min elapsed, ~60.8hr remaining)
  [1181/3225] ok=14 cached=1162 fail=5  108.2GB total (32min elapsed, ~60.7hr remaining)
  [1182/3225] ok=14 cached=1163 fail=5  108.2GB total (32min elapsed, ~60.7hr remaining)
  [1183/3225] ok=14 cached=1164 fail=5  108.2GB total (32min elapsed, ~60.7hr remaining)
  [1184/3225] ok=14 cached=1165 fail=5  108.2GB total (32min elapsed, ~60.7hr remaining)
  [1185/3225] ok=14 cached=1166 fail=5  108.2GB total (32min elapsed, ~60.6hr remaining)
  [start ] SRR26175767
  [done  ] SRR23706858  13.79GB in 2219s (6.2 MB/s)
  [1186/3225] ok=15 cached=1166 fail=5  122.0GB total (37min elapsed, ~67.0hr remaining)
  [1187/3225] ok=15 cached=1167 fail=5  122.0GB total (37min elapsed, ~67.0hr remaining)
  [1188/3225] ok=15 cached=1168 fail=5  122.0GB total (37min elapsed, ~67.0hr remaining)
  [1189/3225] ok=15 cached=1169 fail=5  122.0GB total (37min elapsed, ~66.9hr remaining)
  [1190/3225] ok=15 cached=1170 fail=5  122.0GB total (37min elapsed, ~66.9hr remaining)
  [1191/3225] ok=15 cached=1171 fail=5  122.0GB total (37min elapsed, ~66.9hr remaining)
  [1192/3225] ok=15 cached=1172 fail=5  122.0GB total (37min elapsed, ~66.8hr remaining)
  [1193/3225] ok=15 cached=1173 fail=5  122.0GB total (37min elapsed, ~66.8hr remaining)
  [1194/3225] ok=15 cached=1174 fail=5  122.0GB total (37min elapsed, ~66.8hr remaining)
  [1195/3225] ok=15 cached=1175 fail=5  122.0GB total (37min elapsed, ~66.7hr remaining)
  [1196/3225] ok=15 cached=1176 fail=5  122.0GB total (37min elapsed, ~66.7hr remaining)
  [1197/3225] ok=15 cached=1177 fail=5  122.0GB total (37min elapsed, ~66.7hr remaining)
  [1198/3225] ok=15 cached=1178 fail=5  122.0GB total (37min elapsed, ~66.6hr remaining)
  [1199/3225] ok=15 cached=1179 fail=5  122.0GB total (37min elapsed, ~66.6hr remaining)
  [1200/3225] ok=15 cached=1180 fail=5  122.0GB total (37min elapsed, ~66.6hr remaining)
  [1201/3225] ok=15 cached=1181 fail=5  122.0GB total (37min elapsed, ~66.5hr remaining)
  [1202/3225] ok=15 cached=1182 fail=5  122.0GB total (37min elapsed, ~66.5hr remaining)
  [1203/3225] ok=15 cached=1183 fail=5  122.0GB total (37min elapsed, ~66.5hr remaining)
  [1204/3225] ok=15 cached=1184 fail=5  122.0GB total (37min elapsed, ~66.4hr remaining)
  [1205/3225] ok=15 cached=1185 fail=5  122.0GB total (37min elapsed, ~66.4hr remaining)
  [1206/3225] ok=15 cached=1186 fail=5  122.0GB total (37min elapsed, ~66.4hr remaining)
  [1207/3225] ok=15 cached=1187 fail=5  122.0GB total (37min elapsed, ~66.3hr remaining)
  [1208/3225] ok=15 cached=1188 fail=5  122.0GB total (37min elapsed, ~66.3hr remaining)
  [1209/3225] ok=15 cached=1189 fail=5  122.0GB total (37min elapsed, ~66.3hr remaining)
  [1210/3225] ok=15 cached=1190 fail=5  122.0GB total (37min elapsed, ~66.2hr remaining)
  [1211/3225] ok=15 cached=1191 fail=5  122.0GB total (37min elapsed, ~66.2hr remaining)
  [1212/3225] ok=15 cached=1192 fail=5  122.0GB total (37min elapsed, ~66.2hr remaining)
  [1213/3225] ok=15 cached=1193 fail=5  122.0GB total (37min elapsed, ~66.1hr remaining)
  [1214/3225] ok=15 cached=1194 fail=5  122.0GB total (37min elapsed, ~66.1hr remaining)
  [1215/3225] ok=15 cached=1195 fail=5  122.0GB total (37min elapsed, ~66.1hr remaining)
  [1216/3225] ok=15 cached=1196 fail=5  122.0GB total (37min elapsed, ~66.0hr remaining)
  [1217/3225] ok=15 cached=1197 fail=5  122.0GB total (37min elapsed, ~66.0hr remaining)
  [1218/3225] ok=15 cached=1198 fail=5  122.0GB total (37min elapsed, ~66.0hr remaining)
  [1219/3225] ok=15 cached=1199 fail=5  122.0GB total (37min elapsed, ~65.9hr remaining)
  [1220/3225] ok=15 cached=1200 fail=5  122.0GB total (37min elapsed, ~65.9hr remaining)
  [1221/3225] ok=15 cached=1201 fail=5  122.0GB total (37min elapsed, ~65.9hr remaining)
  [1222/3225] ok=15 cached=1202 fail=5  122.0GB total (37min elapsed, ~65.8hr remaining)
  [1223/3225] ok=15 cached=1203 fail=5  122.0GB total (37min elapsed, ~65.8hr remaining)
  [1224/3225] ok=15 cached=1204 fail=5  122.0GB total (37min elapsed, ~65.8hr remaining)
  [1225/3225] ok=15 cached=1205 fail=5  122.0GB total (37min elapsed, ~65.8hr remaining)
  [1226/3225] ok=15 cached=1206 fail=5  122.0GB total (37min elapsed, ~65.7hr remaining)
  [1227/3225] ok=15 cached=1207 fail=5  122.0GB total (37min elapsed, ~65.7hr remaining)
  [1228/3225] ok=15 cached=1208 fail=5  122.0GB total (37min elapsed, ~65.7hr remaining)
  [1229/3225] ok=15 cached=1209 fail=5  122.0GB total (37min elapsed, ~65.6hr remaining)
  [1230/3225] ok=15 cached=1210 fail=5  122.0GB total (37min elapsed, ~65.6hr remaining)
  [1231/3225] ok=15 cached=1211 fail=5  122.0GB total (37min elapsed, ~65.6hr remaining)
  [1232/3225] ok=15 cached=1212 fail=5  122.0GB total (37min elapsed, ~65.5hr remaining)
  [1233/3225] ok=15 cached=1213 fail=5  122.0GB total (37min elapsed, ~65.5hr remaining)
  [1234/3225] ok=15 cached=1214 fail=5  122.0GB total (37min elapsed, ~65.5hr remaining)
  [1235/3225] ok=15 cached=1215 fail=5  122.0GB total (37min elapsed, ~65.4hr remaining)
  [1236/3225] ok=15 cached=1216 fail=5  122.0GB total (37min elapsed, ~65.4hr remaining)
  [1237/3225] ok=15 cached=1217 fail=5  122.0GB total (37min elapsed, ~65.4hr remaining)
  [1238/3225] ok=15 cached=1218 fail=5  122.0GB total (37min elapsed, ~65.3hr remaining)
  [1239/3225] ok=15 cached=1219 fail=5  122.0GB total (37min elapsed, ~65.3hr remaining)
  [1240/3225] ok=15 cached=1220 fail=5  122.0GB total (37min elapsed, ~65.3hr remaining)
  [1241/3225] ok=15 cached=1221 fail=5  122.0GB total (37min elapsed, ~65.2hr remaining)
  [1242/3225] ok=15 cached=1222 fail=5  122.0GB total (37min elapsed, ~65.2hr remaining)
  [1243/3225] ok=15 cached=1223 fail=5  122.0GB total (37min elapsed, ~65.2hr remaining)
  [1244/3225] ok=15 cached=1224 fail=5  122.0GB total (37min elapsed, ~65.1hr remaining)
  [1245/3225] ok=15 cached=1225 fail=5  122.0GB total (37min elapsed, ~65.1hr remaining)
  [1246/3225] ok=15 cached=1226 fail=5  122.0GB total (37min elapsed, ~65.1hr remaining)
  [1247/3225] ok=15 cached=1227 fail=5  122.0GB total (37min elapsed, ~65.0hr remaining)
  [1248/3225] ok=15 cached=1228 fail=5  122.0GB total (37min elapsed, ~65.0hr remaining)
  [1249/3225] ok=15 cached=1229 fail=5  122.0GB total (37min elapsed, ~65.0hr remaining)
  [1250/3225] ok=15 cached=1230 fail=5  122.0GB total (37min elapsed, ~64.9hr remaining)
  [1251/3225] ok=15 cached=1231 fail=5  122.0GB total (37min elapsed, ~64.9hr remaining)
  [1252/3225] ok=15 cached=1232 fail=5  122.0GB total (37min elapsed, ~64.9hr remaining)
  [1253/3225] ok=15 cached=1233 fail=5  122.0GB total (37min elapsed, ~64.8hr remaining)
  [1254/3225] ok=15 cached=1234 fail=5  122.0GB total (37min elapsed, ~64.8hr remaining)
  [1255/3225] ok=15 cached=1235 fail=5  122.0GB total (37min elapsed, ~64.8hr remaining)
  [1256/3225] ok=15 cached=1236 fail=5  122.0GB total (37min elapsed, ~64.7hr remaining)
  [1257/3225] ok=15 cached=1237 fail=5  122.0GB total (37min elapsed, ~64.7hr remaining)
  [1258/3225] ok=15 cached=1238 fail=5  122.0GB total (37min elapsed, ~64.7hr remaining)
  [1259/3225] ok=15 cached=1239 fail=5  122.0GB total (37min elapsed, ~64.6hr remaining)
  [1260/3225] ok=15 cached=1240 fail=5  122.0GB total (37min elapsed, ~64.6hr remaining)
  [1261/3225] ok=15 cached=1241 fail=5  122.0GB total (37min elapsed, ~64.6hr remaining)
  [1262/3225] ok=15 cached=1242 fail=5  122.0GB total (37min elapsed, ~64.5hr remaining)
  [1263/3225] ok=15 cached=1243 fail=5  122.0GB total (37min elapsed, ~64.5hr remaining)
  [1264/3225] ok=15 cached=1244 fail=5  122.0GB total (37min elapsed, ~64.5hr remaining)
  [1265/3225] ok=15 cached=1245 fail=5  122.0GB total (37min elapsed, ~64.4hr remaining)
  [1266/3225] ok=15 cached=1246 fail=5  122.0GB total (37min elapsed, ~64.4hr remaining)
  [1267/3225] ok=15 cached=1247 fail=5  122.0GB total (37min elapsed, ~64.4hr remaining)
  [1268/3225] ok=15 cached=1248 fail=5  122.0GB total (37min elapsed, ~64.3hr remaining)
  [1269/3225] ok=15 cached=1249 fail=5  122.0GB total (37min elapsed, ~64.3hr remaining)
  [1270/3225] ok=15 cached=1250 fail=5  122.0GB total (37min elapsed, ~64.3hr remaining)
  [1271/3225] ok=15 cached=1251 fail=5  122.0GB total (37min elapsed, ~64.2hr remaining)
  [1272/3225] ok=15 cached=1252 fail=5  122.0GB total (37min elapsed, ~64.2hr remaining)
  [1273/3225] ok=15 cached=1253 fail=5  122.0GB total (37min elapsed, ~64.2hr remaining)
  [1274/3225] ok=15 cached=1254 fail=5  122.0GB total (37min elapsed, ~64.1hr remaining)
  [1275/3225] ok=15 cached=1255 fail=5  122.0GB total (37min elapsed, ~64.1hr remaining)
  [1276/3225] ok=15 cached=1256 fail=5  122.0GB total (37min elapsed, ~64.1hr remaining)
  [1277/3225] ok=15 cached=1257 fail=5  122.0GB total (37min elapsed, ~64.0hr remaining)
  [1278/3225] ok=15 cached=1258 fail=5  122.0GB total (37min elapsed, ~64.0hr remaining)
  [1279/3225] ok=15 cached=1259 fail=5  122.0GB total (37min elapsed, ~64.0hr remaining)
  [1280/3225] ok=15 cached=1260 fail=5  122.0GB total (37min elapsed, ~63.9hr remaining)
  [1281/3225] ok=15 cached=1261 fail=5  122.0GB total (37min elapsed, ~63.9hr remaining)
  [1282/3225] ok=15 cached=1262 fail=5  122.0GB total (37min elapsed, ~63.9hr remaining)
  [1283/3225] ok=15 cached=1263 fail=5  122.0GB total (37min elapsed, ~63.8hr remaining)
  [1284/3225] ok=15 cached=1264 fail=5  122.0GB total (37min elapsed, ~63.8hr remaining)
  [1285/3225] ok=15 cached=1265 fail=5  122.0GB total (37min elapsed, ~63.8hr remaining)
  [1286/3225] ok=15 cached=1266 fail=5  122.0GB total (37min elapsed, ~63.7hr remaining)
  [1287/3225] ok=15 cached=1267 fail=5  122.0GB total (37min elapsed, ~63.7hr remaining)
  [start ] SRR6242027
  [regz  ] ERR3500533  9.74GB in 826s (recompressed, no download)
  [1288/3225] ok=16 cached=1267 fail=5  131.8GB total (39min elapsed, ~63.2hr remaining)
  [1289/3225] ok=16 cached=1268 fail=5  131.8GB total (39min elapsed, ~63.1hr remaining)
  [1290/3225] ok=16 cached=1269 fail=5  131.8GB total (39min elapsed, ~63.1hr remaining)
  [1291/3225] ok=16 cached=1270 fail=5  131.8GB total (39min elapsed, ~63.1hr remaining)
  [1292/3225] ok=16 cached=1271 fail=5  131.8GB total (39min elapsed, ~63.0hr remaining)
  [1293/3225] ok=16 cached=1272 fail=5  131.8GB total (39min elapsed, ~63.0hr remaining)
  [1294/3225] ok=16 cached=1273 fail=5  131.8GB total (39min elapsed, ~63.0hr remaining)
  [1295/3225] ok=16 cached=1274 fail=5  131.8GB total (39min elapsed, ~62.9hr remaining)
  [1296/3225] ok=16 cached=1275 fail=5  131.8GB total (39min elapsed, ~62.9hr remaining)
  [1297/3225] ok=16 cached=1276 fail=5  131.8GB total (39min elapsed, ~62.9hr remaining)
  [1298/3225] ok=16 cached=1277 fail=5  131.8GB total (39min elapsed, ~62.8hr remaining)
  [1299/3225] ok=16 cached=1278 fail=5  131.8GB total (39min elapsed, ~62.8hr remaining)
  [start ] SRR6242055
  [regz  ] ERR3500532  9.38GB in 803s (recompressed, no download)
  [1300/3225] ok=17 cached=1278 fail=5  141.2GB total (40min elapsed, ~62.2hr remaining)
  [start ] SRR6242053
  [regz  ] ERR3500505  9.92GB in 821s (recompressed, no download)
  [1301/3225] ok=18 cached=1278 fail=5  151.1GB total (41min elapsed, ~61.8hr remaining)
  [start ] SRR6242056
  [regz  ] ERR3500504  9.43GB in 800s (recompressed, no download)
  [1302/3225] ok=19 cached=1278 fail=5  160.5GB total (41min elapsed, ~61.3hr remaining)
  [1303/3225] ok=19 cached=1279 fail=5  160.5GB total (41min elapsed, ~61.3hr remaining)
  [1304/3225] ok=19 cached=1280 fail=5  160.5GB total (41min elapsed, ~61.3hr remaining)
  [1305/3225] ok=19 cached=1281 fail=5  160.5GB total (41min elapsed, ~61.2hr remaining)
  [1306/3225] ok=19 cached=1282 fail=5  160.5GB total (41min elapsed, ~61.2hr remaining)
  [1307/3225] ok=19 cached=1283 fail=5  160.5GB total (41min elapsed, ~61.2hr remaining)
  [1308/3225] ok=19 cached=1284 fail=5  160.5GB total (41min elapsed, ~61.1hr remaining)
  [1309/3225] ok=19 cached=1285 fail=5  160.5GB total (41min elapsed, ~61.1hr remaining)
  [1310/3225] ok=19 cached=1286 fail=5  160.5GB total (41min elapsed, ~61.1hr remaining)
  [1311/3225] ok=19 cached=1287 fail=5  160.5GB total (41min elapsed, ~61.0hr remaining)
  [1312/3225] ok=19 cached=1288 fail=5  160.5GB total (41min elapsed, ~61.0hr remaining)
  [1313/3225] ok=19 cached=1289 fail=5  160.5GB total (41min elapsed, ~61.0hr remaining)
  [start ] SRR6242054
  [regz  ] ERR3500525  9.18GB in 771s (recompressed, no download)
  [1314/3225] ok=20 cached=1289 fail=5  169.7GB total (44min elapsed, ~60.5hr remaining)
  [1315/3225] ok=20 cached=1290 fail=5  169.7GB total (44min elapsed, ~60.4hr remaining)
  [1316/3225] ok=20 cached=1291 fail=5  169.7GB total (44min elapsed, ~60.4hr remaining)
  [1317/3225] ok=20 cached=1292 fail=5  169.7GB total (44min elapsed, ~60.4hr remaining)
  [1318/3225] ok=20 cached=1293 fail=5  169.7GB total (44min elapsed, ~60.3hr remaining)
  [1319/3225] ok=20 cached=1294 fail=5  169.7GB total (44min elapsed, ~60.3hr remaining)
  [1320/3225] ok=20 cached=1295 fail=5  169.7GB total (44min elapsed, ~60.3hr remaining)
  [1321/3225] ok=20 cached=1296 fail=5  169.7GB total (44min elapsed, ~60.2hr remaining)
  [1322/3225] ok=20 cached=1297 fail=5  169.7GB total (44min elapsed, ~60.2hr remaining)
  [1323/3225] ok=20 cached=1298 fail=5  169.7GB total (44min elapsed, ~60.2hr remaining)
  [1324/3225] ok=20 cached=1299 fail=5  169.7GB total (44min elapsed, ~60.1hr remaining)
  [1325/3225] ok=20 cached=1300 fail=5  169.7GB total (44min elapsed, ~60.1hr remaining)
  [1326/3225] ok=20 cached=1301 fail=5  169.7GB total (44min elapsed, ~60.1hr remaining)
  [1327/3225] ok=20 cached=1302 fail=5  169.7GB total (44min elapsed, ~60.0hr remaining)
  [1328/3225] ok=20 cached=1303 fail=5  169.7GB total (44min elapsed, ~60.0hr remaining)
  [1329/3225] ok=20 cached=1304 fail=5  169.7GB total (44min elapsed, ~60.0hr remaining)
  [1330/3225] ok=20 cached=1305 fail=5  169.7GB total (44min elapsed, ~60.0hr remaining)
  [1331/3225] ok=20 cached=1306 fail=5  169.7GB total (44min elapsed, ~59.9hr remaining)
  [1332/3225] ok=20 cached=1307 fail=5  169.7GB total (44min elapsed, ~59.9hr remaining)
  [1333/3225] ok=20 cached=1308 fail=5  169.7GB total (44min elapsed, ~59.9hr remaining)
  [1334/3225] ok=20 cached=1309 fail=5  169.7GB total (44min elapsed, ~59.8hr remaining)
  [1335/3225] ok=20 cached=1310 fail=5  169.7GB total (44min elapsed, ~59.8hr remaining)
  [1336/3225] ok=20 cached=1311 fail=5  169.7GB total (44min elapsed, ~59.8hr remaining)
  [1337/3225] ok=20 cached=1312 fail=5  169.7GB total (44min elapsed, ~59.7hr remaining)
  [1338/3225] ok=20 cached=1313 fail=5  169.7GB total (44min elapsed, ~59.7hr remaining)
  [1339/3225] ok=20 cached=1314 fail=5  169.7GB total (44min elapsed, ~59.7hr remaining)
  [1340/3225] ok=20 cached=1315 fail=5  169.7GB total (44min elapsed, ~59.6hr remaining)
  [1341/3225] ok=20 cached=1316 fail=5  169.7GB total (44min elapsed, ~59.6hr remaining)
  [1342/3225] ok=20 cached=1317 fail=5  169.7GB total (44min elapsed, ~59.6hr remaining)
  [1343/3225] ok=20 cached=1318 fail=5  169.7GB total (44min elapsed, ~59.5hr remaining)
  [1344/3225] ok=20 cached=1319 fail=5  169.7GB total (44min elapsed, ~59.5hr remaining)
  [1345/3225] ok=20 cached=1320 fail=5  169.7GB total (44min elapsed, ~59.5hr remaining)
  [1346/3225] ok=20 cached=1321 fail=5  169.7GB total (44min elapsed, ~59.4hr remaining)
  [1347/3225] ok=20 cached=1322 fail=5  169.7GB total (44min elapsed, ~59.4hr remaining)
  [1348/3225] ok=20 cached=1323 fail=5  169.7GB total (44min elapsed, ~59.4hr remaining)
  [1349/3225] ok=20 cached=1324 fail=5  169.7GB total (44min elapsed, ~59.4hr remaining)
  [1350/3225] ok=20 cached=1325 fail=5  169.7GB total (44min elapsed, ~59.3hr remaining)
  [1351/3225] ok=20 cached=1326 fail=5  169.7GB total (44min elapsed, ~59.3hr remaining)
  [1352/3225] ok=20 cached=1327 fail=5  169.7GB total (44min elapsed, ~59.3hr remaining)
  [1353/3225] ok=20 cached=1328 fail=5  169.7GB total (44min elapsed, ~59.2hr remaining)
  [1354/3225] ok=20 cached=1329 fail=5  169.7GB total (44min elapsed, ~59.2hr remaining)
  [1355/3225] ok=20 cached=1330 fail=5  169.7GB total (44min elapsed, ~59.2hr remaining)
  [1356/3225] ok=20 cached=1331 fail=5  169.7GB total (44min elapsed, ~59.1hr remaining)
  [1357/3225] ok=20 cached=1332 fail=5  169.7GB total (44min elapsed, ~59.1hr remaining)
  [1358/3225] ok=20 cached=1333 fail=5  169.7GB total (44min elapsed, ~59.1hr remaining)
  [1359/3225] ok=20 cached=1334 fail=5  169.7GB total (44min elapsed, ~59.0hr remaining)
  [1360/3225] ok=20 cached=1335 fail=5  169.7GB total (44min elapsed, ~59.0hr remaining)
  [1361/3225] ok=20 cached=1336 fail=5  169.7GB total (44min elapsed, ~59.0hr remaining)
  [1362/3225] ok=20 cached=1337 fail=5  169.7GB total (44min elapsed, ~58.9hr remaining)
  [1363/3225] ok=20 cached=1338 fail=5  169.7GB total (44min elapsed, ~58.9hr remaining)
  [1364/3225] ok=20 cached=1339 fail=5  169.7GB total (44min elapsed, ~58.9hr remaining)
  [1365/3225] ok=20 cached=1340 fail=5  169.7GB total (44min elapsed, ~58.8hr remaining)
  [1366/3225] ok=20 cached=1341 fail=5  169.7GB total (44min elapsed, ~58.8hr remaining)
  [1367/3225] ok=20 cached=1342 fail=5  169.7GB total (44min elapsed, ~58.8hr remaining)
  [1368/3225] ok=20 cached=1343 fail=5  169.7GB total (44min elapsed, ~58.8hr remaining)
  [1369/3225] ok=20 cached=1344 fail=5  169.7GB total (44min elapsed, ~58.7hr remaining)
  [1370/3225] ok=20 cached=1345 fail=5  169.7GB total (44min elapsed, ~58.7hr remaining)
  [1371/3225] ok=20 cached=1346 fail=5  169.7GB total (44min elapsed, ~58.7hr remaining)
  [1372/3225] ok=20 cached=1347 fail=5  169.7GB total (44min elapsed, ~58.6hr remaining)
  [1373/3225] ok=20 cached=1348 fail=5  169.7GB total (44min elapsed, ~58.6hr remaining)
  [1374/3225] ok=20 cached=1349 fail=5  169.7GB total (44min elapsed, ~58.6hr remaining)
  [1375/3225] ok=20 cached=1350 fail=5  169.7GB total (44min elapsed, ~58.5hr remaining)
  [1376/3225] ok=20 cached=1351 fail=5  169.7GB total (44min elapsed, ~58.5hr remaining)
  [1377/3225] ok=20 cached=1352 fail=5  169.7GB total (44min elapsed, ~58.5hr remaining)
  [1378/3225] ok=20 cached=1353 fail=5  169.7GB total (44min elapsed, ~58.4hr remaining)
  [1379/3225] ok=20 cached=1354 fail=5  169.7GB total (44min elapsed, ~58.4hr remaining)
  [1380/3225] ok=20 cached=1355 fail=5  169.7GB total (44min elapsed, ~58.4hr remaining)
  [1381/3225] ok=20 cached=1356 fail=5  169.7GB total (44min elapsed, ~58.3hr remaining)
  [1382/3225] ok=20 cached=1357 fail=5  169.7GB total (44min elapsed, ~58.3hr remaining)
  [1383/3225] ok=20 cached=1358 fail=5  169.7GB total (44min elapsed, ~58.3hr remaining)
  [1384/3225] ok=20 cached=1359 fail=5  169.7GB total (44min elapsed, ~58.2hr remaining)
  [1385/3225] ok=20 cached=1360 fail=5  169.7GB total (44min elapsed, ~58.2hr remaining)
  [1386/3225] ok=20 cached=1361 fail=5  169.7GB total (44min elapsed, ~58.2hr remaining)
  [1387/3225] ok=20 cached=1362 fail=5  169.7GB total (44min elapsed, ~58.1hr remaining)
  [1388/3225] ok=20 cached=1363 fail=5  169.7GB total (44min elapsed, ~58.1hr remaining)
  [1389/3225] ok=20 cached=1364 fail=5  169.7GB total (44min elapsed, ~58.1hr remaining)
  [1390/3225] ok=20 cached=1365 fail=5  169.7GB total (44min elapsed, ~58.1hr remaining)
  [1391/3225] ok=20 cached=1366 fail=5  169.7GB total (44min elapsed, ~58.0hr remaining)
  [1392/3225] ok=20 cached=1367 fail=5  169.7GB total (44min elapsed, ~58.0hr remaining)
  [1393/3225] ok=20 cached=1368 fail=5  169.7GB total (44min elapsed, ~58.0hr remaining)
  [1394/3225] ok=20 cached=1369 fail=5  169.7GB total (44min elapsed, ~57.9hr remaining)
  [1395/3225] ok=20 cached=1370 fail=5  169.7GB total (44min elapsed, ~57.9hr remaining)
  [1396/3225] ok=20 cached=1371 fail=5  169.7GB total (44min elapsed, ~57.9hr remaining)
  [1397/3225] ok=20 cached=1372 fail=5  169.7GB total (44min elapsed, ~57.8hr remaining)
  [1398/3225] ok=20 cached=1373 fail=5  169.7GB total (44min elapsed, ~57.8hr remaining)
  [1399/3225] ok=20 cached=1374 fail=5  169.7GB total (44min elapsed, ~57.8hr remaining)
  [1400/3225] ok=20 cached=1375 fail=5  169.7GB total (44min elapsed, ~57.7hr remaining)
  [1401/3225] ok=20 cached=1376 fail=5  169.7GB total (44min elapsed, ~57.7hr remaining)
  [1402/3225] ok=20 cached=1377 fail=5  169.7GB total (44min elapsed, ~57.7hr remaining)
  [1403/3225] ok=20 cached=1378 fail=5  169.7GB total (44min elapsed, ~57.6hr remaining)
  [1404/3225] ok=20 cached=1379 fail=5  169.7GB total (44min elapsed, ~57.6hr remaining)
  [1405/3225] ok=20 cached=1380 fail=5  169.7GB total (44min elapsed, ~57.6hr remaining)
  [1406/3225] ok=20 cached=1381 fail=5  169.7GB total (44min elapsed, ~57.5hr remaining)
  [1407/3225] ok=20 cached=1382 fail=5  169.7GB total (44min elapsed, ~57.5hr remaining)
  [1408/3225] ok=20 cached=1383 fail=5  169.7GB total (44min elapsed, ~57.5hr remaining)
  [1409/3225] ok=20 cached=1384 fail=5  169.7GB total (44min elapsed, ~57.5hr remaining)
  [1410/3225] ok=20 cached=1385 fail=5  169.7GB total (44min elapsed, ~57.4hr remaining)
  [1411/3225] ok=20 cached=1386 fail=5  169.7GB total (44min elapsed, ~57.4hr remaining)
  [1412/3225] ok=20 cached=1387 fail=5  169.7GB total (44min elapsed, ~57.4hr remaining)
  [1413/3225] ok=20 cached=1388 fail=5  169.7GB total (44min elapsed, ~57.3hr remaining)
  [1414/3225] ok=20 cached=1389 fail=5  169.7GB total (44min elapsed, ~57.3hr remaining)
  [1415/3225] ok=20 cached=1390 fail=5  169.7GB total (44min elapsed, ~57.3hr remaining)
  [1416/3225] ok=20 cached=1391 fail=5  169.7GB total (44min elapsed, ~57.2hr remaining)
  [1417/3225] ok=20 cached=1392 fail=5  169.7GB total (44min elapsed, ~57.2hr remaining)
  [1418/3225] ok=20 cached=1393 fail=5  169.7GB total (44min elapsed, ~57.2hr remaining)
  [1419/3225] ok=20 cached=1394 fail=5  169.7GB total (44min elapsed, ~57.1hr remaining)
  [1420/3225] ok=20 cached=1395 fail=5  169.7GB total (44min elapsed, ~57.1hr remaining)
  [1421/3225] ok=20 cached=1396 fail=5  169.7GB total (44min elapsed, ~57.1hr remaining)
  [1422/3225] ok=20 cached=1397 fail=5  169.7GB total (44min elapsed, ~57.0hr remaining)
  [1423/3225] ok=20 cached=1398 fail=5  169.7GB total (44min elapsed, ~57.0hr remaining)
  [1424/3225] ok=20 cached=1399 fail=5  169.7GB total (44min elapsed, ~57.0hr remaining)
  [1425/3225] ok=20 cached=1400 fail=5  169.7GB total (44min elapsed, ~56.9hr remaining)
  [1426/3225] ok=20 cached=1401 fail=5  169.7GB total (44min elapsed, ~56.9hr remaining)
  [1427/3225] ok=20 cached=1402 fail=5  169.7GB total (44min elapsed, ~56.9hr remaining)
  [start ] SRR9684535
  [regz  ] ERR3500524  8.78GB in 749s (recompressed, no download)
  [1428/3225] ok=21 cached=1402 fail=5  178.5GB total (45min elapsed, ~56.4hr remaining)
  [start ] SRR9684539
  [regz  ] SRR26175767  10.43GB in 762s (recompressed, no download)
  [1429/3225] ok=22 cached=1402 fail=5  188.9GB total (45min elapsed, ~55.9hr remaining)
  [1430/3225] ok=22 cached=1403 fail=5  188.9GB total (45min elapsed, ~55.9hr remaining)
  [1431/3225] ok=22 cached=1404 fail=5  188.9GB total (45min elapsed, ~55.9hr remaining)
  [1432/3225] ok=22 cached=1405 fail=5  188.9GB total (45min elapsed, ~55.8hr remaining)
  [start ] SRR9684529
  [regz  ] SRR6242027  7.91GB in 474s (recompressed, no download)
  [1433/3225] ok=23 cached=1405 fail=5  196.8GB total (45min elapsed, ~54.7hr remaining)
  [1434/3225] ok=23 cached=1406 fail=5  196.8GB total (45min elapsed, ~54.6hr remaining)
  [1435/3225] ok=23 cached=1407 fail=5  196.8GB total (45min elapsed, ~54.6hr remaining)
  [start ] SRR9684530
  [regz  ] SRR6242055  5.69GB in 400s (recompressed, no download)
  [1436/3225] ok=24 cached=1407 fail=5  202.5GB total (46min elapsed, ~53.3hr remaining)
  [1437/3225] ok=24 cached=1408 fail=5  202.5GB total (46min elapsed, ~53.3hr remaining)
  [1438/3225] ok=24 cached=1409 fail=5  202.5GB total (46min elapsed, ~53.3hr remaining)
  [1439/3225] ok=24 cached=1410 fail=5  202.5GB total (46min elapsed, ~53.2hr remaining)
  [1440/3225] ok=24 cached=1411 fail=5  202.5GB total (46min elapsed, ~53.2hr remaining)
  [1441/3225] ok=24 cached=1412 fail=5  202.5GB total (46min elapsed, ~53.2hr remaining)
  [1442/3225] ok=24 cached=1413 fail=5  202.5GB total (46min elapsed, ~53.2hr remaining)
  [1443/3225] ok=24 cached=1414 fail=5  202.5GB total (46min elapsed, ~53.1hr remaining)
  [1444/3225] ok=24 cached=1415 fail=5  202.5GB total (46min elapsed, ~53.1hr remaining)
  [1445/3225] ok=24 cached=1416 fail=5  202.5GB total (46min elapsed, ~53.1hr remaining)
  [1446/3225] ok=24 cached=1417 fail=5  202.5GB total (46min elapsed, ~53.0hr remaining)
  [1447/3225] ok=24 cached=1418 fail=5  202.5GB total (46min elapsed, ~53.0hr remaining)
  [1448/3225] ok=24 cached=1419 fail=5  202.5GB total (46min elapsed, ~53.0hr remaining)
  [1449/3225] ok=24 cached=1420 fail=5  202.5GB total (46min elapsed, ~52.9hr remaining)
  [1450/3225] ok=24 cached=1421 fail=5  202.5GB total (46min elapsed, ~52.9hr remaining)
  [1451/3225] ok=24 cached=1422 fail=5  202.5GB total (46min elapsed, ~52.9hr remaining)
  [1452/3225] ok=24 cached=1423 fail=5  202.5GB total (46min elapsed, ~52.9hr remaining)
  [1453/3225] ok=24 cached=1424 fail=5  202.5GB total (46min elapsed, ~52.8hr remaining)
  [1454/3225] ok=24 cached=1425 fail=5  202.5GB total (46min elapsed, ~52.8hr remaining)
  [1455/3225] ok=24 cached=1426 fail=5  202.5GB total (46min elapsed, ~52.8hr remaining)
  [1456/3225] ok=24 cached=1427 fail=5  202.5GB total (46min elapsed, ~52.7hr remaining)
  [1457/3225] ok=24 cached=1428 fail=5  202.5GB total (46min elapsed, ~52.7hr remaining)
  [1458/3225] ok=24 cached=1429 fail=5  202.5GB total (46min elapsed, ~52.7hr remaining)
  [1459/3225] ok=24 cached=1430 fail=5  202.5GB total (46min elapsed, ~52.7hr remaining)
  [1460/3225] ok=24 cached=1431 fail=5  202.5GB total (46min elapsed, ~52.6hr remaining)
  [1461/3225] ok=24 cached=1432 fail=5  202.5GB total (46min elapsed, ~52.6hr remaining)
  [1462/3225] ok=24 cached=1433 fail=5  202.5GB total (46min elapsed, ~52.6hr remaining)
  [1463/3225] ok=24 cached=1434 fail=5  202.5GB total (46min elapsed, ~52.5hr remaining)
  [1464/3225] ok=24 cached=1435 fail=5  202.5GB total (46min elapsed, ~52.5hr remaining)
  [1465/3225] ok=24 cached=1436 fail=5  202.5GB total (46min elapsed, ~52.5hr remaining)
  [1466/3225] ok=24 cached=1437 fail=5  202.5GB total (46min elapsed, ~52.4hr remaining)
  [1467/3225] ok=24 cached=1438 fail=5  202.5GB total (46min elapsed, ~52.4hr remaining)
  [1468/3225] ok=24 cached=1439 fail=5  202.5GB total (46min elapsed, ~52.4hr remaining)
  [1469/3225] ok=24 cached=1440 fail=5  202.5GB total (46min elapsed, ~52.4hr remaining)
  [1470/3225] ok=24 cached=1441 fail=5  202.5GB total (46min elapsed, ~52.3hr remaining)
  [1471/3225] ok=24 cached=1442 fail=5  202.5GB total (46min elapsed, ~52.3hr remaining)
  [1472/3225] ok=24 cached=1443 fail=5  202.5GB total (46min elapsed, ~52.3hr remaining)
  [1473/3225] ok=24 cached=1444 fail=5  202.5GB total (46min elapsed, ~52.2hr remaining)
  [1474/3225] ok=24 cached=1445 fail=5  202.5GB total (46min elapsed, ~52.2hr remaining)
  [1475/3225] ok=24 cached=1446 fail=5  202.5GB total (46min elapsed, ~52.2hr remaining)
  [1476/3225] ok=24 cached=1447 fail=5  202.5GB total (46min elapsed, ~52.1hr remaining)
  [1477/3225] ok=24 cached=1448 fail=5  202.5GB total (46min elapsed, ~52.1hr remaining)
  [1478/3225] ok=24 cached=1449 fail=5  202.5GB total (46min elapsed, ~52.1hr remaining)
  [1479/3225] ok=24 cached=1450 fail=5  202.5GB total (46min elapsed, ~52.1hr remaining)
  [1480/3225] ok=24 cached=1451 fail=5  202.5GB total (46min elapsed, ~52.0hr remaining)
  [1481/3225] ok=24 cached=1452 fail=5  202.5GB total (46min elapsed, ~52.0hr remaining)
  [1482/3225] ok=24 cached=1453 fail=5  202.5GB total (46min elapsed, ~52.0hr remaining)
  [1483/3225] ok=24 cached=1454 fail=5  202.5GB total (46min elapsed, ~51.9hr remaining)
  [1484/3225] ok=24 cached=1455 fail=5  202.5GB total (46min elapsed, ~51.9hr remaining)
  [1485/3225] ok=24 cached=1456 fail=5  202.5GB total (46min elapsed, ~51.9hr remaining)
  [1486/3225] ok=24 cached=1457 fail=5  202.5GB total (46min elapsed, ~51.8hr remaining)
  [1487/3225] ok=24 cached=1458 fail=5  202.5GB total (46min elapsed, ~51.8hr remaining)
  [1488/3225] ok=24 cached=1459 fail=5  202.5GB total (46min elapsed, ~51.8hr remaining)
  [1489/3225] ok=24 cached=1460 fail=5  202.5GB total (46min elapsed, ~51.8hr remaining)
  [1490/3225] ok=24 cached=1461 fail=5  202.5GB total (46min elapsed, ~51.7hr remaining)
  [1491/3225] ok=24 cached=1462 fail=5  202.5GB total (46min elapsed, ~51.7hr remaining)
  [1492/3225] ok=24 cached=1463 fail=5  202.5GB total (46min elapsed, ~51.7hr remaining)
  [1493/3225] ok=24 cached=1464 fail=5  202.5GB total (46min elapsed, ~51.6hr remaining)
  [1494/3225] ok=24 cached=1465 fail=5  202.5GB total (46min elapsed, ~51.6hr remaining)
  [1495/3225] ok=24 cached=1466 fail=5  202.5GB total (46min elapsed, ~51.6hr remaining)
  [1496/3225] ok=24 cached=1467 fail=5  202.5GB total (46min elapsed, ~51.5hr remaining)
  [1497/3225] ok=24 cached=1468 fail=5  202.5GB total (46min elapsed, ~51.5hr remaining)
  [1498/3225] ok=24 cached=1469 fail=5  202.5GB total (46min elapsed, ~51.5hr remaining)
  [1499/3225] ok=24 cached=1470 fail=5  202.5GB total (46min elapsed, ~51.5hr remaining)
  [1500/3225] ok=24 cached=1471 fail=5  202.5GB total (46min elapsed, ~51.4hr remaining)
  [1501/3225] ok=24 cached=1472 fail=5  202.5GB total (46min elapsed, ~51.4hr remaining)
  [1502/3225] ok=24 cached=1473 fail=5  202.5GB total (46min elapsed, ~51.4hr remaining)
  [1503/3225] ok=24 cached=1474 fail=5  202.5GB total (46min elapsed, ~51.3hr remaining)
  [1504/3225] ok=24 cached=1475 fail=5  202.5GB total (46min elapsed, ~51.3hr remaining)
  [1505/3225] ok=24 cached=1476 fail=5  202.5GB total (46min elapsed, ~51.3hr remaining)
  [1506/3225] ok=24 cached=1477 fail=5  202.5GB total (46min elapsed, ~51.3hr remaining)
  [1507/3225] ok=24 cached=1478 fail=5  202.5GB total (46min elapsed, ~51.2hr remaining)
  [1508/3225] ok=24 cached=1479 fail=5  202.5GB total (46min elapsed, ~51.2hr remaining)
  [1509/3225] ok=24 cached=1480 fail=5  202.5GB total (46min elapsed, ~51.2hr remaining)
  [1510/3225] ok=24 cached=1481 fail=5  202.5GB total (46min elapsed, ~51.1hr remaining)
  [1511/3225] ok=24 cached=1482 fail=5  202.5GB total (46min elapsed, ~51.1hr remaining)
  [1512/3225] ok=24 cached=1483 fail=5  202.5GB total (46min elapsed, ~51.1hr remaining)
  [1513/3225] ok=24 cached=1484 fail=5  202.5GB total (46min elapsed, ~51.0hr remaining)
  [1514/3225] ok=24 cached=1485 fail=5  202.5GB total (46min elapsed, ~51.0hr remaining)
  [1515/3225] ok=24 cached=1486 fail=5  202.5GB total (46min elapsed, ~51.0hr remaining)
  [1516/3225] ok=24 cached=1487 fail=5  202.5GB total (46min elapsed, ~51.0hr remaining)
  [1517/3225] ok=24 cached=1488 fail=5  202.5GB total (46min elapsed, ~50.9hr remaining)
  [1518/3225] ok=24 cached=1489 fail=5  202.5GB total (46min elapsed, ~50.9hr remaining)
  [1519/3225] ok=24 cached=1490 fail=5  202.5GB total (46min elapsed, ~50.9hr remaining)
  [1520/3225] ok=24 cached=1491 fail=5  202.5GB total (46min elapsed, ~50.8hr remaining)
  [1521/3225] ok=24 cached=1492 fail=5  202.5GB total (46min elapsed, ~50.8hr remaining)
  [1522/3225] ok=24 cached=1493 fail=5  202.5GB total (46min elapsed, ~50.8hr remaining)
  [1523/3225] ok=24 cached=1494 fail=5  202.5GB total (46min elapsed, ~50.7hr remaining)
  [1524/3225] ok=24 cached=1495 fail=5  202.5GB total (46min elapsed, ~50.7hr remaining)
  [1525/3225] ok=24 cached=1496 fail=5  202.5GB total (46min elapsed, ~50.7hr remaining)
  [1526/3225] ok=24 cached=1497 fail=5  202.5GB total (46min elapsed, ~50.7hr remaining)
  [1527/3225] ok=24 cached=1498 fail=5  202.5GB total (46min elapsed, ~50.6hr remaining)
  [1528/3225] ok=24 cached=1499 fail=5  202.5GB total (46min elapsed, ~50.6hr remaining)
  [1529/3225] ok=24 cached=1500 fail=5  202.5GB total (46min elapsed, ~50.6hr remaining)
  [1530/3225] ok=24 cached=1501 fail=5  202.5GB total (46min elapsed, ~50.5hr remaining)
  [1531/3225] ok=24 cached=1502 fail=5  202.5GB total (46min elapsed, ~50.5hr remaining)
  [1532/3225] ok=24 cached=1503 fail=5  202.5GB total (46min elapsed, ~50.5hr remaining)
  [1533/3225] ok=24 cached=1504 fail=5  202.5GB total (46min elapsed, ~50.4hr remaining)
  [1534/3225] ok=24 cached=1505 fail=5  202.5GB total (46min elapsed, ~50.4hr remaining)
  [1535/3225] ok=24 cached=1506 fail=5  202.5GB total (46min elapsed, ~50.4hr remaining)
  [1536/3225] ok=24 cached=1507 fail=5  202.5GB total (46min elapsed, ~50.4hr remaining)
  [1537/3225] ok=24 cached=1508 fail=5  202.5GB total (46min elapsed, ~50.3hr remaining)
  [1538/3225] ok=24 cached=1509 fail=5  202.5GB total (46min elapsed, ~50.3hr remaining)
  [1539/3225] ok=24 cached=1510 fail=5  202.5GB total (46min elapsed, ~50.3hr remaining)
  [1540/3225] ok=24 cached=1511 fail=5  202.5GB total (46min elapsed, ~50.2hr remaining)
  [1541/3225] ok=24 cached=1512 fail=5  202.5GB total (46min elapsed, ~50.2hr remaining)
  [1542/3225] ok=24 cached=1513 fail=5  202.5GB total (46min elapsed, ~50.2hr remaining)
  [1543/3225] ok=24 cached=1514 fail=5  202.5GB total (46min elapsed, ~50.1hr remaining)
  [1544/3225] ok=24 cached=1515 fail=5  202.5GB total (46min elapsed, ~50.1hr remaining)
  [1545/3225] ok=24 cached=1516 fail=5  202.5GB total (46min elapsed, ~50.1hr remaining)
  [1546/3225] ok=24 cached=1517 fail=5  202.5GB total (46min elapsed, ~50.1hr remaining)
  [1547/3225] ok=24 cached=1518 fail=5  202.5GB total (46min elapsed, ~50.0hr remaining)
  [1548/3225] ok=24 cached=1519 fail=5  202.5GB total (46min elapsed, ~50.0hr remaining)
  [1549/3225] ok=24 cached=1520 fail=5  202.5GB total (46min elapsed, ~50.0hr remaining)
  [1550/3225] ok=24 cached=1521 fail=5  202.5GB total (46min elapsed, ~49.9hr remaining)
  [1551/3225] ok=24 cached=1522 fail=5  202.5GB total (46min elapsed, ~49.9hr remaining)
  [1552/3225] ok=24 cached=1523 fail=5  202.5GB total (46min elapsed, ~49.9hr remaining)
  [1553/3225] ok=24 cached=1524 fail=5  202.5GB total (46min elapsed, ~49.8hr remaining)
  [1554/3225] ok=24 cached=1525 fail=5  202.5GB total (46min elapsed, ~49.8hr remaining)
  [1555/3225] ok=24 cached=1526 fail=5  202.5GB total (46min elapsed, ~49.8hr remaining)
  [1556/3225] ok=24 cached=1527 fail=5  202.5GB total (46min elapsed, ~49.8hr remaining)
  [1557/3225] ok=24 cached=1528 fail=5  202.5GB total (46min elapsed, ~49.7hr remaining)
  [1558/3225] ok=24 cached=1529 fail=5  202.5GB total (46min elapsed, ~49.7hr remaining)
  [1559/3225] ok=24 cached=1530 fail=5  202.5GB total (46min elapsed, ~49.7hr remaining)
  [1560/3225] ok=24 cached=1531 fail=5  202.5GB total (46min elapsed, ~49.6hr remaining)
  [1561/3225] ok=24 cached=1532 fail=5  202.5GB total (46min elapsed, ~49.6hr remaining)
  [1562/3225] ok=24 cached=1533 fail=5  202.5GB total (46min elapsed, ~49.6hr remaining)
  [1563/3225] ok=24 cached=1534 fail=5  202.5GB total (46min elapsed, ~49.6hr remaining)
  [1564/3225] ok=24 cached=1535 fail=5  202.5GB total (46min elapsed, ~49.5hr remaining)
  [1565/3225] ok=24 cached=1536 fail=5  202.5GB total (46min elapsed, ~49.5hr remaining)
  [1566/3225] ok=24 cached=1537 fail=5  202.5GB total (46min elapsed, ~49.5hr remaining)
  [1567/3225] ok=24 cached=1538 fail=5  202.5GB total (46min elapsed, ~49.4hr remaining)
  [1568/3225] ok=24 cached=1539 fail=5  202.5GB total (46min elapsed, ~49.4hr remaining)
  [1569/3225] ok=24 cached=1540 fail=5  202.5GB total (46min elapsed, ~49.4hr remaining)
  [1570/3225] ok=24 cached=1541 fail=5  202.5GB total (46min elapsed, ~49.3hr remaining)
  [1571/3225] ok=24 cached=1542 fail=5  202.5GB total (46min elapsed, ~49.3hr remaining)
  [1572/3225] ok=24 cached=1543 fail=5  202.5GB total (46min elapsed, ~49.3hr remaining)
  [1573/3225] ok=24 cached=1544 fail=5  202.5GB total (46min elapsed, ~49.3hr remaining)
  [1574/3225] ok=24 cached=1545 fail=5  202.5GB total (46min elapsed, ~49.2hr remaining)
  [1575/3225] ok=24 cached=1546 fail=5  202.5GB total (46min elapsed, ~49.2hr remaining)
  [1576/3225] ok=24 cached=1547 fail=5  202.5GB total (46min elapsed, ~49.2hr remaining)
  [1577/3225] ok=24 cached=1548 fail=5  202.5GB total (46min elapsed, ~49.1hr remaining)
  [1578/3225] ok=24 cached=1549 fail=5  202.5GB total (46min elapsed, ~49.1hr remaining)
  [1579/3225] ok=24 cached=1550 fail=5  202.5GB total (46min elapsed, ~49.1hr remaining)
  [1580/3225] ok=24 cached=1551 fail=5  202.5GB total (46min elapsed, ~49.0hr remaining)
  [1581/3225] ok=24 cached=1552 fail=5  202.5GB total (46min elapsed, ~49.0hr remaining)
  [1582/3225] ok=24 cached=1553 fail=5  202.5GB total (46min elapsed, ~49.0hr remaining)
  [1583/3225] ok=24 cached=1554 fail=5  202.5GB total (46min elapsed, ~49.0hr remaining)
  [1584/3225] ok=24 cached=1555 fail=5  202.5GB total (46min elapsed, ~48.9hr remaining)
  [1585/3225] ok=24 cached=1556 fail=5  202.5GB total (46min elapsed, ~48.9hr remaining)
  [1586/3225] ok=24 cached=1557 fail=5  202.5GB total (46min elapsed, ~48.9hr remaining)
  [1587/3225] ok=24 cached=1558 fail=5  202.5GB total (46min elapsed, ~48.8hr remaining)
  [1588/3225] ok=24 cached=1559 fail=5  202.5GB total (46min elapsed, ~48.8hr remaining)
  [1589/3225] ok=24 cached=1560 fail=5  202.5GB total (46min elapsed, ~48.8hr remaining)
  [1590/3225] ok=24 cached=1561 fail=5  202.5GB total (46min elapsed, ~48.7hr remaining)
  [1591/3225] ok=24 cached=1562 fail=5  202.5GB total (46min elapsed, ~48.7hr remaining)
  [1592/3225] ok=24 cached=1563 fail=5  202.5GB total (46min elapsed, ~48.7hr remaining)
  [1593/3225] ok=24 cached=1564 fail=5  202.5GB total (46min elapsed, ~48.7hr remaining)
  [1594/3225] ok=24 cached=1565 fail=5  202.5GB total (46min elapsed, ~48.6hr remaining)
  [1595/3225] ok=24 cached=1566 fail=5  202.5GB total (46min elapsed, ~48.6hr remaining)
  [1596/3225] ok=24 cached=1567 fail=5  202.5GB total (46min elapsed, ~48.6hr remaining)
  [1597/3225] ok=24 cached=1568 fail=5  202.5GB total (46min elapsed, ~48.5hr remaining)
  [1598/3225] ok=24 cached=1569 fail=5  202.5GB total (46min elapsed, ~48.5hr remaining)
  [1599/3225] ok=24 cached=1570 fail=5  202.5GB total (46min elapsed, ~48.5hr remaining)
  [1600/3225] ok=24 cached=1571 fail=5  202.5GB total (46min elapsed, ~48.4hr remaining)
  [1601/3225] ok=24 cached=1572 fail=5  202.5GB total (46min elapsed, ~48.4hr remaining)
  [1602/3225] ok=24 cached=1573 fail=5  202.5GB total (46min elapsed, ~48.4hr remaining)
  [1603/3225] ok=24 cached=1574 fail=5  202.5GB total (46min elapsed, ~48.4hr remaining)
  [1604/3225] ok=24 cached=1575 fail=5  202.5GB total (46min elapsed, ~48.3hr remaining)
  [1605/3225] ok=24 cached=1576 fail=5  202.5GB total (46min elapsed, ~48.3hr remaining)
  [1606/3225] ok=24 cached=1577 fail=5  202.5GB total (46min elapsed, ~48.3hr remaining)
  [1607/3225] ok=24 cached=1578 fail=5  202.5GB total (46min elapsed, ~48.2hr remaining)
  [1608/3225] ok=24 cached=1579 fail=5  202.5GB total (46min elapsed, ~48.2hr remaining)
  [1609/3225] ok=24 cached=1580 fail=5  202.5GB total (46min elapsed, ~48.2hr remaining)
  [1610/3225] ok=24 cached=1581 fail=5  202.5GB total (46min elapsed, ~48.1hr remaining)
  [1611/3225] ok=24 cached=1582 fail=5  202.5GB total (46min elapsed, ~48.1hr remaining)
  [1612/3225] ok=24 cached=1583 fail=5  202.5GB total (46min elapsed, ~48.1hr remaining)
  [1613/3225] ok=24 cached=1584 fail=5  202.5GB total (46min elapsed, ~48.1hr remaining)
  [1614/3225] ok=24 cached=1585 fail=5  202.5GB total (46min elapsed, ~48.0hr remaining)
  [1615/3225] ok=24 cached=1586 fail=5  202.5GB total (46min elapsed, ~48.0hr remaining)
  [1616/3225] ok=24 cached=1587 fail=5  202.5GB total (46min elapsed, ~48.0hr remaining)
  [1617/3225] ok=24 cached=1588 fail=5  202.5GB total (46min elapsed, ~47.9hr remaining)
  [1618/3225] ok=24 cached=1589 fail=5  202.5GB total (46min elapsed, ~47.9hr remaining)
  [1619/3225] ok=24 cached=1590 fail=5  202.5GB total (46min elapsed, ~47.9hr remaining)
  [1620/3225] ok=24 cached=1591 fail=5  202.5GB total (46min elapsed, ~47.9hr remaining)
  [1621/3225] ok=24 cached=1592 fail=5  202.5GB total (46min elapsed, ~47.8hr remaining)
  [1622/3225] ok=24 cached=1593 fail=5  202.5GB total (46min elapsed, ~47.8hr remaining)
  [1623/3225] ok=24 cached=1594 fail=5  202.5GB total (46min elapsed, ~47.8hr remaining)
  [1624/3225] ok=24 cached=1595 fail=5  202.5GB total (46min elapsed, ~47.7hr remaining)
  [1625/3225] ok=24 cached=1596 fail=5  202.5GB total (46min elapsed, ~47.7hr remaining)
  [1626/3225] ok=24 cached=1597 fail=5  202.5GB total (46min elapsed, ~47.7hr remaining)
  [1627/3225] ok=24 cached=1598 fail=5  202.5GB total (46min elapsed, ~47.6hr remaining)
  [1628/3225] ok=24 cached=1599 fail=5  202.5GB total (46min elapsed, ~47.6hr remaining)
  [1629/3225] ok=24 cached=1600 fail=5  202.5GB total (46min elapsed, ~47.6hr remaining)
  [1630/3225] ok=24 cached=1601 fail=5  202.5GB total (46min elapsed, ~47.6hr remaining)
  [1631/3225] ok=24 cached=1602 fail=5  202.5GB total (46min elapsed, ~47.5hr remaining)
  [1632/3225] ok=24 cached=1603 fail=5  202.5GB total (46min elapsed, ~47.5hr remaining)
  [1633/3225] ok=24 cached=1604 fail=5  202.5GB total (46min elapsed, ~47.5hr remaining)
  [1634/3225] ok=24 cached=1605 fail=5  202.5GB total (46min elapsed, ~47.4hr remaining)
  [1635/3225] ok=24 cached=1606 fail=5  202.5GB total (46min elapsed, ~47.4hr remaining)
  [1636/3225] ok=24 cached=1607 fail=5  202.5GB total (46min elapsed, ~47.4hr remaining)
  [1637/3225] ok=24 cached=1608 fail=5  202.5GB total (46min elapsed, ~47.3hr remaining)
  [1638/3225] ok=24 cached=1609 fail=5  202.5GB total (46min elapsed, ~47.3hr remaining)
  [1639/3225] ok=24 cached=1610 fail=5  202.5GB total (46min elapsed, ~47.3hr remaining)
  [1640/3225] ok=24 cached=1611 fail=5  202.5GB total (46min elapsed, ~47.3hr remaining)
  [1641/3225] ok=24 cached=1612 fail=5  202.5GB total (46min elapsed, ~47.2hr remaining)
  [1642/3225] ok=24 cached=1613 fail=5  202.5GB total (46min elapsed, ~47.2hr remaining)
  [1643/3225] ok=24 cached=1614 fail=5  202.5GB total (46min elapsed, ~47.2hr remaining)
  [1644/3225] ok=24 cached=1615 fail=5  202.5GB total (46min elapsed, ~47.1hr remaining)
  [1645/3225] ok=24 cached=1616 fail=5  202.5GB total (46min elapsed, ~47.1hr remaining)
  [1646/3225] ok=24 cached=1617 fail=5  202.5GB total (46min elapsed, ~47.1hr remaining)
  [1647/3225] ok=24 cached=1618 fail=5  202.5GB total (46min elapsed, ~47.0hr remaining)
  [1648/3225] ok=24 cached=1619 fail=5  202.5GB total (46min elapsed, ~47.0hr remaining)
  [1649/3225] ok=24 cached=1620 fail=5  202.5GB total (46min elapsed, ~47.0hr remaining)
  [1650/3225] ok=24 cached=1621 fail=5  202.5GB total (46min elapsed, ~47.0hr remaining)
  [1651/3225] ok=24 cached=1622 fail=5  202.5GB total (46min elapsed, ~46.9hr remaining)
  [1652/3225] ok=24 cached=1623 fail=5  202.5GB total (46min elapsed, ~46.9hr remaining)
  [1653/3225] ok=24 cached=1624 fail=5  202.5GB total (46min elapsed, ~46.9hr remaining)
  [1654/3225] ok=24 cached=1625 fail=5  202.5GB total (46min elapsed, ~46.8hr remaining)
  [1655/3225] ok=24 cached=1626 fail=5  202.5GB total (46min elapsed, ~46.8hr remaining)
  [1656/3225] ok=24 cached=1627 fail=5  202.5GB total (46min elapsed, ~46.8hr remaining)
  [1657/3225] ok=24 cached=1628 fail=5  202.5GB total (46min elapsed, ~46.7hr remaining)
  [1658/3225] ok=24 cached=1629 fail=5  202.5GB total (46min elapsed, ~46.7hr remaining)
  [1659/3225] ok=24 cached=1630 fail=5  202.5GB total (46min elapsed, ~46.7hr remaining)
  [1660/3225] ok=24 cached=1631 fail=5  202.5GB total (46min elapsed, ~46.7hr remaining)
  [1661/3225] ok=24 cached=1632 fail=5  202.5GB total (46min elapsed, ~46.6hr remaining)
  [1662/3225] ok=24 cached=1633 fail=5  202.5GB total (46min elapsed, ~46.6hr remaining)
  [1663/3225] ok=24 cached=1634 fail=5  202.5GB total (46min elapsed, ~46.6hr remaining)
  [1664/3225] ok=24 cached=1635 fail=5  202.5GB total (46min elapsed, ~46.5hr remaining)
  [1665/3225] ok=24 cached=1636 fail=5  202.5GB total (46min elapsed, ~46.5hr remaining)
  [1666/3225] ok=24 cached=1637 fail=5  202.5GB total (46min elapsed, ~46.5hr remaining)
  [1667/3225] ok=24 cached=1638 fail=5  202.5GB total (46min elapsed, ~46.5hr remaining)
  [1668/3225] ok=24 cached=1639 fail=5  202.5GB total (46min elapsed, ~46.4hr remaining)
  [1669/3225] ok=24 cached=1640 fail=5  202.5GB total (46min elapsed, ~46.4hr remaining)
  [1670/3225] ok=24 cached=1641 fail=5  202.5GB total (46min elapsed, ~46.4hr remaining)
  [1671/3225] ok=24 cached=1642 fail=5  202.5GB total (46min elapsed, ~46.3hr remaining)
  [1672/3225] ok=24 cached=1643 fail=5  202.5GB total (46min elapsed, ~46.3hr remaining)
  [1673/3225] ok=24 cached=1644 fail=5  202.5GB total (46min elapsed, ~46.3hr remaining)
  [1674/3225] ok=24 cached=1645 fail=5  202.5GB total (46min elapsed, ~46.2hr remaining)
  [1675/3225] ok=24 cached=1646 fail=5  202.5GB total (46min elapsed, ~46.2hr remaining)
  [1676/3225] ok=24 cached=1647 fail=5  202.5GB total (46min elapsed, ~46.2hr remaining)
  [1677/3225] ok=24 cached=1648 fail=5  202.5GB total (46min elapsed, ~46.2hr remaining)
  [1678/3225] ok=24 cached=1649 fail=5  202.5GB total (46min elapsed, ~46.1hr remaining)
  [1679/3225] ok=24 cached=1650 fail=5  202.5GB total (46min elapsed, ~46.1hr remaining)
  [1680/3225] ok=24 cached=1651 fail=5  202.5GB total (46min elapsed, ~46.1hr remaining)
  [1681/3225] ok=24 cached=1652 fail=5  202.5GB total (46min elapsed, ~46.0hr remaining)
  [1682/3225] ok=24 cached=1653 fail=5  202.5GB total (46min elapsed, ~46.0hr remaining)
  [1683/3225] ok=24 cached=1654 fail=5  202.5GB total (46min elapsed, ~46.0hr remaining)
  [1684/3225] ok=24 cached=1655 fail=5  202.5GB total (46min elapsed, ~45.9hr remaining)
  [1685/3225] ok=24 cached=1656 fail=5  202.5GB total (46min elapsed, ~45.9hr remaining)
  [1686/3225] ok=24 cached=1657 fail=5  202.5GB total (46min elapsed, ~45.9hr remaining)
  [1687/3225] ok=24 cached=1658 fail=5  202.5GB total (46min elapsed, ~45.9hr remaining)
  [start ] SRR31200155
  [regz  ] SRR6242053  5.48GB in 393s (recompressed, no download)
  [1688/3225] ok=25 cached=1658 fail=5  208.0GB total (46min elapsed, ~44.8hr remaining)
  [start ] SRR31200154
  [regz  ] SRR6242056  5.64GB in 415s (recompressed, no download)
  [1689/3225] ok=26 cached=1658 fail=5  213.6GB total (48min elapsed, ~43.9hr remaining)
  [1690/3225] ok=26 cached=1659 fail=5  213.6GB total (48min elapsed, ~43.9hr remaining)
  [1691/3225] ok=26 cached=1660 fail=5  213.6GB total (48min elapsed, ~43.9hr remaining)
  [1692/3225] ok=26 cached=1661 fail=5  213.6GB total (48min elapsed, ~43.8hr remaining)
  [1693/3225] ok=26 cached=1662 fail=5  213.6GB total (48min elapsed, ~43.8hr remaining)
  [1694/3225] ok=26 cached=1663 fail=5  213.6GB total (48min elapsed, ~43.8hr remaining)
  [1695/3225] ok=26 cached=1664 fail=5  213.6GB total (48min elapsed, ~43.8hr remaining)
  [1696/3225] ok=26 cached=1665 fail=5  213.6GB total (48min elapsed, ~43.7hr remaining)
  [1697/3225] ok=26 cached=1666 fail=5  213.6GB total (48min elapsed, ~43.7hr remaining)
  [1698/3225] ok=26 cached=1667 fail=5  213.6GB total (48min elapsed, ~43.7hr remaining)
  [1699/3225] ok=26 cached=1668 fail=5  213.6GB total (48min elapsed, ~43.6hr remaining)
  [1700/3225] ok=26 cached=1669 fail=5  213.6GB total (48min elapsed, ~43.6hr remaining)
  [1701/3225] ok=26 cached=1670 fail=5  213.6GB total (48min elapsed, ~43.6hr remaining)
  [1702/3225] ok=26 cached=1671 fail=5  213.6GB total (48min elapsed, ~43.6hr remaining)
  [1703/3225] ok=26 cached=1672 fail=5  213.6GB total (48min elapsed, ~43.5hr remaining)
  [1704/3225] ok=26 cached=1673 fail=5  213.6GB total (48min elapsed, ~43.5hr remaining)
  [1705/3225] ok=26 cached=1674 fail=5  213.6GB total (48min elapsed, ~43.5hr remaining)
  [1706/3225] ok=26 cached=1675 fail=5  213.6GB total (48min elapsed, ~43.4hr remaining)
  [1707/3225] ok=26 cached=1676 fail=5  213.6GB total (48min elapsed, ~43.4hr remaining)
  [1708/3225] ok=26 cached=1677 fail=5  213.6GB total (48min elapsed, ~43.4hr remaining)
  [1709/3225] ok=26 cached=1678 fail=5  213.6GB total (48min elapsed, ~43.4hr remaining)
  [1710/3225] ok=26 cached=1679 fail=5  213.6GB total (48min elapsed, ~43.3hr remaining)
  [1711/3225] ok=26 cached=1680 fail=5  213.6GB total (48min elapsed, ~43.3hr remaining)
  [1712/3225] ok=26 cached=1681 fail=5  213.6GB total (48min elapsed, ~43.3hr remaining)
  [1713/3225] ok=26 cached=1682 fail=5  213.6GB total (48min elapsed, ~43.2hr remaining)
  [1714/3225] ok=26 cached=1683 fail=5  213.6GB total (48min elapsed, ~43.2hr remaining)
  [1715/3225] ok=26 cached=1684 fail=5  213.6GB total (48min elapsed, ~43.2hr remaining)
  [1716/3225] ok=26 cached=1685 fail=5  213.6GB total (48min elapsed, ~43.2hr remaining)
  [1717/3225] ok=26 cached=1686 fail=5  213.6GB total (48min elapsed, ~43.1hr remaining)
  [1718/3225] ok=26 cached=1687 fail=5  213.6GB total (48min elapsed, ~43.1hr remaining)
  [1719/3225] ok=26 cached=1688 fail=5  213.6GB total (48min elapsed, ~43.1hr remaining)
  [1720/3225] ok=26 cached=1689 fail=5  213.6GB total (48min elapsed, ~43.0hr remaining)
  [1721/3225] ok=26 cached=1690 fail=5  213.6GB total (48min elapsed, ~43.0hr remaining)
  [1722/3225] ok=26 cached=1691 fail=5  213.6GB total (48min elapsed, ~43.0hr remaining)
  [1723/3225] ok=26 cached=1692 fail=5  213.6GB total (48min elapsed, ~43.0hr remaining)
  [1724/3225] ok=26 cached=1693 fail=5  213.6GB total (48min elapsed, ~42.9hr remaining)
  [1725/3225] ok=26 cached=1694 fail=5  213.6GB total (48min elapsed, ~42.9hr remaining)
  [1726/3225] ok=26 cached=1695 fail=5  213.6GB total (48min elapsed, ~42.9hr remaining)
  [1727/3225] ok=26 cached=1696 fail=5  213.6GB total (48min elapsed, ~42.8hr remaining)
  [1728/3225] ok=26 cached=1697 fail=5  213.6GB total (48min elapsed, ~42.8hr remaining)
  [1729/3225] ok=26 cached=1698 fail=5  213.6GB total (48min elapsed, ~42.8hr remaining)
  [1730/3225] ok=26 cached=1699 fail=5  213.6GB total (48min elapsed, ~42.8hr remaining)
  [1731/3225] ok=26 cached=1700 fail=5  213.6GB total (48min elapsed, ~42.7hr remaining)
  [1732/3225] ok=26 cached=1701 fail=5  213.6GB total (48min elapsed, ~42.7hr remaining)
  [1733/3225] ok=26 cached=1702 fail=5  213.6GB total (48min elapsed, ~42.7hr remaining)
  [1734/3225] ok=26 cached=1703 fail=5  213.6GB total (48min elapsed, ~42.6hr remaining)
  [1735/3225] ok=26 cached=1704 fail=5  213.6GB total (48min elapsed, ~42.6hr remaining)
  [1736/3225] ok=26 cached=1705 fail=5  213.6GB total (48min elapsed, ~42.6hr remaining)
  [1737/3225] ok=26 cached=1706 fail=5  213.6GB total (48min elapsed, ~42.6hr remaining)
  [1738/3225] ok=26 cached=1707 fail=5  213.6GB total (48min elapsed, ~42.5hr remaining)
  [1739/3225] ok=26 cached=1708 fail=5  213.6GB total (48min elapsed, ~42.5hr remaining)
  [1740/3225] ok=26 cached=1709 fail=5  213.6GB total (48min elapsed, ~42.5hr remaining)
  [1741/3225] ok=26 cached=1710 fail=5  213.6GB total (48min elapsed, ~42.4hr remaining)
  [1742/3225] ok=26 cached=1711 fail=5  213.6GB total (48min elapsed, ~42.4hr remaining)
  [start ] ERR6548352
  [regz  ] SRR6242054  8.26GB in 560s (recompressed, no download)
  [1743/3225] ok=27 cached=1711 fail=5  221.9GB total (51min elapsed, ~41.9hr remaining)
  [start ] ERR6548364
  [regz  ] SRR9684529  9.85GB in 794s (recompressed, no download)
  [1744/3225] ok=28 cached=1711 fail=5  231.7GB total (58min elapsed, ~41.8hr remaining)
  [1745/3225] ok=28 cached=1712 fail=5  231.7GB total (58min elapsed, ~41.8hr remaining)
  [1746/3225] ok=28 cached=1713 fail=5  231.7GB total (58min elapsed, ~41.8hr remaining)
  [1747/3225] ok=28 cached=1714 fail=5  231.7GB total (58min elapsed, ~41.7hr remaining)
  [1748/3225] ok=28 cached=1715 fail=5  231.7GB total (58min elapsed, ~41.7hr remaining)
  [start ] ERR6548351
  [regz  ] SRR9684539  11.32GB in 902s (recompressed, no download)
  [1749/3225] ok=29 cached=1715 fail=5  243.0GB total (60min elapsed, ~41.8hr remaining)
  [1750/3225] ok=29 cached=1716 fail=5  243.0GB total (60min elapsed, ~41.8hr remaining)
  [1751/3225] ok=29 cached=1717 fail=5  243.0GB total (60min elapsed, ~41.8hr remaining)
  [1752/3225] ok=29 cached=1718 fail=5  243.0GB total (60min elapsed, ~41.7hr remaining)
  [1753/3225] ok=29 cached=1719 fail=5  243.0GB total (60min elapsed, ~41.7hr remaining)
  [start ] ERR6548349
  [regz  ] SRR31200155  10.37GB in 865s (recompressed, no download)
  [1754/3225] ok=30 cached=1719 fail=5  253.4GB total (60min elapsed, ~41.8hr remaining)
  [1755/3225] ok=30 cached=1720 fail=5  253.4GB total (60min elapsed, ~41.7hr remaining)
  [1756/3225] ok=30 cached=1721 fail=5  253.4GB total (60min elapsed, ~41.7hr remaining)
  [1757/3225] ok=30 cached=1722 fail=5  253.4GB total (60min elapsed, ~41.7hr remaining)
  [1758/3225] ok=30 cached=1723 fail=5  253.4GB total (60min elapsed, ~41.7hr remaining)
  [1759/3225] ok=30 cached=1724 fail=5  253.4GB total (60min elapsed, ~41.6hr remaining)
  [1760/3225] ok=30 cached=1725 fail=5  253.4GB total (60min elapsed, ~41.6hr remaining)
  [1761/3225] ok=30 cached=1726 fail=5  253.4GB total (60min elapsed, ~41.6hr remaining)
  [1762/3225] ok=30 cached=1727 fail=5  253.4GB total (60min elapsed, ~41.5hr remaining)
  [1763/3225] ok=30 cached=1728 fail=5  253.4GB total (60min elapsed, ~41.5hr remaining)
  [1764/3225] ok=30 cached=1729 fail=5  253.4GB total (60min elapsed, ~41.5hr remaining)
  [1765/3225] ok=30 cached=1730 fail=5  253.4GB total (60min elapsed, ~41.5hr remaining)
  [1766/3225] ok=30 cached=1731 fail=5  253.4GB total (60min elapsed, ~41.4hr remaining)
  [1767/3225] ok=30 cached=1732 fail=5  253.4GB total (60min elapsed, ~41.4hr remaining)
  [1768/3225] ok=30 cached=1733 fail=5  253.4GB total (60min elapsed, ~41.4hr remaining)
  [1769/3225] ok=30 cached=1734 fail=5  253.4GB total (60min elapsed, ~41.3hr remaining)
  [1770/3225] ok=30 cached=1735 fail=5  253.4GB total (60min elapsed, ~41.3hr remaining)
  [1771/3225] ok=30 cached=1736 fail=5  253.4GB total (60min elapsed, ~41.3hr remaining)
  [1772/3225] ok=30 cached=1737 fail=5  253.4GB total (60min elapsed, ~41.3hr remaining)
  [1773/3225] ok=30 cached=1738 fail=5  253.4GB total (60min elapsed, ~41.2hr remaining)
  [1774/3225] ok=30 cached=1739 fail=5  253.4GB total (60min elapsed, ~41.2hr remaining)
  [1775/3225] ok=30 cached=1740 fail=5  253.4GB total (60min elapsed, ~41.2hr remaining)
  [1776/3225] ok=30 cached=1741 fail=5  253.4GB total (60min elapsed, ~41.1hr remaining)
  [1777/3225] ok=30 cached=1742 fail=5  253.4GB total (60min elapsed, ~41.1hr remaining)
  [1778/3225] ok=30 cached=1743 fail=5  253.4GB total (60min elapsed, ~41.1hr remaining)
  [1779/3225] ok=30 cached=1744 fail=5  253.4GB total (60min elapsed, ~41.1hr remaining)
  [1780/3225] ok=30 cached=1745 fail=5  253.4GB total (60min elapsed, ~41.0hr remaining)
  [1781/3225] ok=30 cached=1746 fail=5  253.4GB total (60min elapsed, ~41.0hr remaining)
  [1782/3225] ok=30 cached=1747 fail=5  253.4GB total (60min elapsed, ~41.0hr remaining)
  [1783/3225] ok=30 cached=1748 fail=5  253.4GB total (60min elapsed, ~41.0hr remaining)
  [1784/3225] ok=30 cached=1749 fail=5  253.4GB total (60min elapsed, ~40.9hr remaining)
  [1785/3225] ok=30 cached=1750 fail=5  253.4GB total (60min elapsed, ~40.9hr remaining)
  [1786/3225] ok=30 cached=1751 fail=5  253.4GB total (60min elapsed, ~40.9hr remaining)
  [1787/3225] ok=30 cached=1752 fail=5  253.4GB total (60min elapsed, ~40.8hr remaining)
  [1788/3225] ok=30 cached=1753 fail=5  253.4GB total (60min elapsed, ~40.8hr remaining)
  [1789/3225] ok=30 cached=1754 fail=5  253.4GB total (60min elapsed, ~40.8hr remaining)
  [1790/3225] ok=30 cached=1755 fail=5  253.4GB total (60min elapsed, ~40.8hr remaining)
  [1791/3225] ok=30 cached=1756 fail=5  253.4GB total (60min elapsed, ~40.7hr remaining)
  [1792/3225] ok=30 cached=1757 fail=5  253.4GB total (60min elapsed, ~40.7hr remaining)
  [1793/3225] ok=30 cached=1758 fail=5  253.4GB total (60min elapsed, ~40.7hr remaining)
  [1794/3225] ok=30 cached=1759 fail=5  253.4GB total (60min elapsed, ~40.6hr remaining)
  [1795/3225] ok=30 cached=1760 fail=5  253.4GB total (60min elapsed, ~40.6hr remaining)
  [1796/3225] ok=30 cached=1761 fail=5  253.4GB total (60min elapsed, ~40.6hr remaining)
  [1797/3225] ok=30 cached=1762 fail=5  253.4GB total (60min elapsed, ~40.6hr remaining)
  [1798/3225] ok=30 cached=1763 fail=5  253.4GB total (60min elapsed, ~40.5hr remaining)
  [1799/3225] ok=30 cached=1764 fail=5  253.4GB total (60min elapsed, ~40.5hr remaining)
  [1800/3225] ok=30 cached=1765 fail=5  253.4GB total (60min elapsed, ~40.5hr remaining)
  [1801/3225] ok=30 cached=1766 fail=5  253.4GB total (60min elapsed, ~40.4hr remaining)
  [1802/3225] ok=30 cached=1767 fail=5  253.4GB total (60min elapsed, ~40.4hr remaining)
  [1803/3225] ok=30 cached=1768 fail=5  253.4GB total (60min elapsed, ~40.4hr remaining)
  [1804/3225] ok=30 cached=1769 fail=5  253.4GB total (60min elapsed, ~40.4hr remaining)
  [1805/3225] ok=30 cached=1770 fail=5  253.4GB total (60min elapsed, ~40.3hr remaining)
  [1806/3225] ok=30 cached=1771 fail=5  253.4GB total (60min elapsed, ~40.3hr remaining)
  [1807/3225] ok=30 cached=1772 fail=5  253.4GB total (60min elapsed, ~40.3hr remaining)
  [1808/3225] ok=30 cached=1773 fail=5  253.4GB total (60min elapsed, ~40.2hr remaining)
  [1809/3225] ok=30 cached=1774 fail=5  253.4GB total (60min elapsed, ~40.2hr remaining)
  [1810/3225] ok=30 cached=1775 fail=5  253.4GB total (60min elapsed, ~40.2hr remaining)
  [1811/3225] ok=30 cached=1776 fail=5  253.4GB total (60min elapsed, ~40.2hr remaining)
  [1812/3225] ok=30 cached=1777 fail=5  253.4GB total (60min elapsed, ~40.1hr remaining)
  [1813/3225] ok=30 cached=1778 fail=5  253.4GB total (60min elapsed, ~40.1hr remaining)
  [1814/3225] ok=30 cached=1779 fail=5  253.4GB total (60min elapsed, ~40.1hr remaining)
  [1815/3225] ok=30 cached=1780 fail=5  253.4GB total (60min elapsed, ~40.0hr remaining)
  [1816/3225] ok=30 cached=1781 fail=5  253.4GB total (60min elapsed, ~40.0hr remaining)
  [1817/3225] ok=30 cached=1782 fail=5  253.4GB total (60min elapsed, ~40.0hr remaining)
  [1818/3225] ok=30 cached=1783 fail=5  253.4GB total (60min elapsed, ~40.0hr remaining)
  [1819/3225] ok=30 cached=1784 fail=5  253.4GB total (60min elapsed, ~39.9hr remaining)
  [1820/3225] ok=30 cached=1785 fail=5  253.4GB total (60min elapsed, ~39.9hr remaining)
  [1821/3225] ok=30 cached=1786 fail=5  253.4GB total (60min elapsed, ~39.9hr remaining)
  [1822/3225] ok=30 cached=1787 fail=5  253.4GB total (60min elapsed, ~39.8hr remaining)
  [1823/3225] ok=30 cached=1788 fail=5  253.4GB total (60min elapsed, ~39.8hr remaining)
  [1824/3225] ok=30 cached=1789 fail=5  253.4GB total (60min elapsed, ~39.8hr remaining)
  [1825/3225] ok=30 cached=1790 fail=5  253.4GB total (60min elapsed, ~39.8hr remaining)
  [1826/3225] ok=30 cached=1791 fail=5  253.4GB total (60min elapsed, ~39.7hr remaining)
  [1827/3225] ok=30 cached=1792 fail=5  253.4GB total (60min elapsed, ~39.7hr remaining)
  [1828/3225] ok=30 cached=1793 fail=5  253.4GB total (60min elapsed, ~39.7hr remaining)
  [1829/3225] ok=30 cached=1794 fail=5  253.4GB total (60min elapsed, ~39.6hr remaining)
  [1830/3225] ok=30 cached=1795 fail=5  253.4GB total (60min elapsed, ~39.6hr remaining)
  [1831/3225] ok=30 cached=1796 fail=5  253.4GB total (60min elapsed, ~39.6hr remaining)
  [1832/3225] ok=30 cached=1797 fail=5  253.4GB total (60min elapsed, ~39.6hr remaining)
  [1833/3225] ok=30 cached=1798 fail=5  253.4GB total (60min elapsed, ~39.5hr remaining)
  [1834/3225] ok=30 cached=1799 fail=5  253.4GB total (60min elapsed, ~39.5hr remaining)
  [1835/3225] ok=30 cached=1800 fail=5  253.4GB total (60min elapsed, ~39.5hr remaining)
  [1836/3225] ok=30 cached=1801 fail=5  253.4GB total (60min elapsed, ~39.4hr remaining)
  [1837/3225] ok=30 cached=1802 fail=5  253.4GB total (60min elapsed, ~39.4hr remaining)
  [1838/3225] ok=30 cached=1803 fail=5  253.4GB total (60min elapsed, ~39.4hr remaining)
  [1839/3225] ok=30 cached=1804 fail=5  253.4GB total (60min elapsed, ~39.4hr remaining)
  [1840/3225] ok=30 cached=1805 fail=5  253.4GB total (60min elapsed, ~39.3hr remaining)
  [1841/3225] ok=30 cached=1806 fail=5  253.4GB total (60min elapsed, ~39.3hr remaining)
  [1842/3225] ok=30 cached=1807 fail=5  253.4GB total (60min elapsed, ~39.3hr remaining)
  [1843/3225] ok=30 cached=1808 fail=5  253.4GB total (60min elapsed, ~39.2hr remaining)
  [1844/3225] ok=30 cached=1809 fail=5  253.4GB total (60min elapsed, ~39.2hr remaining)
  [1845/3225] ok=30 cached=1810 fail=5  253.4GB total (60min elapsed, ~39.2hr remaining)
  [1846/3225] ok=30 cached=1811 fail=5  253.4GB total (60min elapsed, ~39.2hr remaining)
  [1847/3225] ok=30 cached=1812 fail=5  253.4GB total (60min elapsed, ~39.1hr remaining)
  [1848/3225] ok=30 cached=1813 fail=5  253.4GB total (60min elapsed, ~39.1hr remaining)
  [start ] ERR5696230
  [regz  ] SRR31200154  10.84GB in 915s (recompressed, no download)
  [1849/3225] ok=31 cached=1813 fail=5  264.3GB total (62min elapsed, ~39.2hr remaining)
  [1850/3225] ok=31 cached=1814 fail=5  264.3GB total (62min elapsed, ~39.2hr remaining)
  [1851/3225] ok=31 cached=1815 fail=5  264.3GB total (62min elapsed, ~39.2hr remaining)
  [1852/3225] ok=31 cached=1816 fail=5  264.3GB total (62min elapsed, ~39.1hr remaining)
  [1853/3225] ok=31 cached=1817 fail=5  264.3GB total (62min elapsed, ~39.1hr remaining)
  [1854/3225] ok=31 cached=1818 fail=5  264.3GB total (62min elapsed, ~39.1hr remaining)
  [1855/3225] ok=31 cached=1819 fail=5  264.3GB total (62min elapsed, ~39.1hr remaining)
  [1856/3225] ok=31 cached=1820 fail=5  264.3GB total (62min elapsed, ~39.0hr remaining)
  [1857/3225] ok=31 cached=1821 fail=5  264.3GB total (62min elapsed, ~39.0hr remaining)
  [1858/3225] ok=31 cached=1822 fail=5  264.3GB total (62min elapsed, ~39.0hr remaining)
  [1859/3225] ok=31 cached=1823 fail=5  264.3GB total (62min elapsed, ~38.9hr remaining)
  [1860/3225] ok=31 cached=1824 fail=5  264.3GB total (62min elapsed, ~38.9hr remaining)
  [1861/3225] ok=31 cached=1825 fail=5  264.3GB total (62min elapsed, ~38.9hr remaining)
  [1862/3225] ok=31 cached=1826 fail=5  264.3GB total (62min elapsed, ~38.9hr remaining)
  [1863/3225] ok=31 cached=1827 fail=5  264.3GB total (62min elapsed, ~38.8hr remaining)
  [1864/3225] ok=31 cached=1828 fail=5  264.3GB total (62min elapsed, ~38.8hr remaining)
  [1865/3225] ok=31 cached=1829 fail=5  264.3GB total (62min elapsed, ~38.8hr remaining)
  [1866/3225] ok=31 cached=1830 fail=5  264.3GB total (62min elapsed, ~38.7hr remaining)
  [1867/3225] ok=31 cached=1831 fail=5  264.3GB total (62min elapsed, ~38.7hr remaining)
  [1868/3225] ok=31 cached=1832 fail=5  264.3GB total (62min elapsed, ~38.7hr remaining)
  [1869/3225] ok=31 cached=1833 fail=5  264.3GB total (62min elapsed, ~38.7hr remaining)
  [1870/3225] ok=31 cached=1834 fail=5  264.3GB total (62min elapsed, ~38.6hr remaining)
  [1871/3225] ok=31 cached=1835 fail=5  264.3GB total (62min elapsed, ~38.6hr remaining)
  [1872/3225] ok=31 cached=1836 fail=5  264.3GB total (62min elapsed, ~38.6hr remaining)
  [1873/3225] ok=31 cached=1837 fail=5  264.3GB total (62min elapsed, ~38.5hr remaining)
  [1874/3225] ok=31 cached=1838 fail=5  264.3GB total (62min elapsed, ~38.5hr remaining)
  [1875/3225] ok=31 cached=1839 fail=5  264.3GB total (62min elapsed, ~38.5hr remaining)
  [1876/3225] ok=31 cached=1840 fail=5  264.3GB total (62min elapsed, ~38.5hr remaining)
  [1877/3225] ok=31 cached=1841 fail=5  264.3GB total (62min elapsed, ~38.4hr remaining)
  [1878/3225] ok=31 cached=1842 fail=5  264.3GB total (62min elapsed, ~38.4hr remaining)
  [1879/3225] ok=31 cached=1843 fail=5  264.3GB total (62min elapsed, ~38.4hr remaining)
  [1880/3225] ok=31 cached=1844 fail=5  264.3GB total (62min elapsed, ~38.3hr remaining)
  [1881/3225] ok=31 cached=1845 fail=5  264.3GB total (62min elapsed, ~38.3hr remaining)
  [1882/3225] ok=31 cached=1846 fail=5  264.3GB total (62min elapsed, ~38.3hr remaining)
  [1883/3225] ok=31 cached=1847 fail=5  264.3GB total (62min elapsed, ~38.3hr remaining)
  [1884/3225] ok=31 cached=1848 fail=5  264.3GB total (62min elapsed, ~38.2hr remaining)
  [1885/3225] ok=31 cached=1849 fail=5  264.3GB total (62min elapsed, ~38.2hr remaining)
  [1886/3225] ok=31 cached=1850 fail=5  264.3GB total (62min elapsed, ~38.2hr remaining)
  [1887/3225] ok=31 cached=1851 fail=5  264.3GB total (62min elapsed, ~38.1hr remaining)
  [1888/3225] ok=31 cached=1852 fail=5  264.3GB total (62min elapsed, ~38.1hr remaining)
  [1889/3225] ok=31 cached=1853 fail=5  264.3GB total (62min elapsed, ~38.1hr remaining)
  [1890/3225] ok=31 cached=1854 fail=5  264.3GB total (62min elapsed, ~38.1hr remaining)
  [start ] SRR20324140
  [done  ] ERR5696230  1.79GB in 288s (6.2 MB/s)
  [1891/3225] ok=32 cached=1854 fail=5  266.0GB total (65min elapsed, ~37.3hr remaining)
  [1892/3225] ok=32 cached=1855 fail=5  266.0GB total (65min elapsed, ~37.2hr remaining)
  [1893/3225] ok=32 cached=1856 fail=5  266.0GB total (65min elapsed, ~37.2hr remaining)
  [1894/3225] ok=32 cached=1857 fail=5  266.0GB total (65min elapsed, ~37.2hr remaining)
  [1895/3225] ok=32 cached=1858 fail=5  266.0GB total (65min elapsed, ~37.1hr remaining)
  [1896/3225] ok=32 cached=1859 fail=5  266.0GB total (65min elapsed, ~37.1hr remaining)
  [1897/3225] ok=32 cached=1860 fail=5  266.0GB total (65min elapsed, ~37.1hr remaining)
  [1898/3225] ok=32 cached=1861 fail=5  266.0GB total (65min elapsed, ~37.1hr remaining)
  [1899/3225] ok=32 cached=1862 fail=5  266.0GB total (65min elapsed, ~37.0hr remaining)
  [1900/3225] ok=32 cached=1863 fail=5  266.0GB total (65min elapsed, ~37.0hr remaining)
  [1901/3225] ok=32 cached=1864 fail=5  266.0GB total (65min elapsed, ~37.0hr remaining)
  [1902/3225] ok=32 cached=1865 fail=5  266.0GB total (65min elapsed, ~37.0hr remaining)
  [1903/3225] ok=32 cached=1866 fail=5  266.0GB total (65min elapsed, ~36.9hr remaining)
  [1904/3225] ok=32 cached=1867 fail=5  266.0GB total (65min elapsed, ~36.9hr remaining)
  [1905/3225] ok=32 cached=1868 fail=5  266.0GB total (65min elapsed, ~36.9hr remaining)
  [1906/3225] ok=32 cached=1869 fail=5  266.0GB total (65min elapsed, ~36.8hr remaining)
  [start ] SRR36368722
  [done  ] ERR6548352  7.94GB in 1114s (7.1 MB/s)
  [1907/3225] ok=33 cached=1869 fail=5  274.0GB total (67min elapsed, ~37.2hr remaining)
  [1908/3225] ok=33 cached=1870 fail=5  274.0GB total (67min elapsed, ~37.2hr remaining)
  [start ] SRR36368721
  [done  ] SRR20324140  2.99GB in 450s (6.6 MB/s)
  [1909/3225] ok=34 cached=1870 fail=5  277.0GB total (69min elapsed, ~36.7hr remaining)
  [1910/3225] ok=34 cached=1871 fail=5  277.0GB total (69min elapsed, ~36.7hr remaining)
  [1911/3225] ok=34 cached=1872 fail=5  277.0GB total (69min elapsed, ~36.6hr remaining)
  [1912/3225] ok=34 cached=1873 fail=5  277.0GB total (69min elapsed, ~36.6hr remaining)
  [start ] SRR8733382
  [regz  ] SRR9684530  18.95GB in 1457s (recompressed, no download)
  [1913/3225] ok=35 cached=1873 fail=5  295.9GB total (69min elapsed, ~37.4hr remaining)
  [1914/3225] ok=35 cached=1874 fail=5  295.9GB total (69min elapsed, ~37.4hr remaining)
  [1915/3225] ok=35 cached=1875 fail=5  295.9GB total (69min elapsed, ~37.4hr remaining)
  [1916/3225] ok=35 cached=1876 fail=5  295.9GB total (69min elapsed, ~37.3hr remaining)
  [1917/3225] ok=35 cached=1877 fail=5  295.9GB total (69min elapsed, ~37.3hr remaining)
  [1918/3225] ok=35 cached=1878 fail=5  295.9GB total (69min elapsed, ~37.3hr remaining)
  [1919/3225] ok=35 cached=1879 fail=5  295.9GB total (69min elapsed, ~37.3hr remaining)
  [1920/3225] ok=35 cached=1880 fail=5  295.9GB total (69min elapsed, ~37.2hr remaining)
  [1921/3225] ok=35 cached=1881 fail=5  295.9GB total (69min elapsed, ~37.2hr remaining)
  [1922/3225] ok=35 cached=1882 fail=5  295.9GB total (69min elapsed, ~37.2hr remaining)
  [1923/3225] ok=35 cached=1883 fail=5  295.9GB total (69min elapsed, ~37.1hr remaining)
  [1924/3225] ok=35 cached=1884 fail=5  295.9GB total (69min elapsed, ~37.1hr remaining)
  [1925/3225] ok=35 cached=1885 fail=5  295.9GB total (69min elapsed, ~37.1hr remaining)
  [1926/3225] ok=35 cached=1886 fail=5  295.9GB total (69min elapsed, ~37.1hr remaining)
  [1927/3225] ok=35 cached=1887 fail=5  295.9GB total (69min elapsed, ~37.0hr remaining)
  [1928/3225] ok=35 cached=1888 fail=5  295.9GB total (69min elapsed, ~37.0hr remaining)
  [1929/3225] ok=35 cached=1889 fail=5  295.9GB total (69min elapsed, ~37.0hr remaining)
  [1930/3225] ok=35 cached=1890 fail=5  295.9GB total (69min elapsed, ~36.9hr remaining)
  [start ] SRR31514628
  [done  ] ERR6548364  7.80GB in 1135s (6.9 MB/s)
  [1931/3225] ok=36 cached=1890 fail=5  303.7GB total (69min elapsed, ~37.3hr remaining)
  [1932/3225] ok=36 cached=1891 fail=5  303.7GB total (69min elapsed, ~37.3hr remaining)
  [1933/3225] ok=36 cached=1892 fail=5  303.7GB total (69min elapsed, ~37.3hr remaining)
  [1934/3225] ok=36 cached=1893 fail=5  303.7GB total (69min elapsed, ~37.2hr remaining)
  [1935/3225] ok=36 cached=1894 fail=5  303.7GB total (69min elapsed, ~37.2hr remaining)
  [1936/3225] ok=36 cached=1895 fail=5  303.7GB total (69min elapsed, ~37.2hr remaining)
  [start ] SRR31514627
  [done  ] ERR6548351  8.55GB in 1228s (7.0 MB/s)
  [1937/3225] ok=37 cached=1895 fail=5  312.3GB total (79min elapsed, ~37.6hr remaining)
  [1938/3225] ok=37 cached=1896 fail=5  312.3GB total (79min elapsed, ~37.6hr remaining)
  [1939/3225] ok=37 cached=1897 fail=5  312.3GB total (79min elapsed, ~37.6hr remaining)
  [1940/3225] ok=37 cached=1898 fail=5  312.3GB total (79min elapsed, ~37.5hr remaining)
  [1941/3225] ok=37 cached=1899 fail=5  312.3GB total (79min elapsed, ~37.5hr remaining)
  [1942/3225] ok=37 cached=1900 fail=5  312.3GB total (79min elapsed, ~37.5hr remaining)
  [1943/3225] ok=37 cached=1901 fail=5  312.3GB total (79min elapsed, ~37.4hr remaining)
  [1944/3225] ok=37 cached=1902 fail=5  312.3GB total (79min elapsed, ~37.4hr remaining)
  [1945/3225] ok=37 cached=1903 fail=5  312.3GB total (79min elapsed, ~37.4hr remaining)
  [1946/3225] ok=37 cached=1904 fail=5  312.3GB total (79min elapsed, ~37.4hr remaining)
  [1947/3225] ok=37 cached=1905 fail=5  312.3GB total (79min elapsed, ~37.3hr remaining)
  [1948/3225] ok=37 cached=1906 fail=5  312.3GB total (79min elapsed, ~37.3hr remaining)
  [1949/3225] ok=37 cached=1907 fail=5  312.3GB total (79min elapsed, ~37.3hr remaining)
  [1950/3225] ok=37 cached=1908 fail=5  312.3GB total (79min elapsed, ~37.2hr remaining)
  [1951/3225] ok=37 cached=1909 fail=5  312.3GB total (79min elapsed, ~37.2hr remaining)
  [1952/3225] ok=37 cached=1910 fail=5  312.3GB total (79min elapsed, ~37.2hr remaining)
  [1953/3225] ok=37 cached=1911 fail=5  312.3GB total (79min elapsed, ~37.2hr remaining)
  [1954/3225] ok=37 cached=1912 fail=5  312.3GB total (79min elapsed, ~37.1hr remaining)
  [1955/3225] ok=37 cached=1913 fail=5  312.3GB total (79min elapsed, ~37.1hr remaining)
  [1956/3225] ok=37 cached=1914 fail=5  312.3GB total (79min elapsed, ~37.1hr remaining)
  [1957/3225] ok=37 cached=1915 fail=5  312.3GB total (79min elapsed, ~37.0hr remaining)
  [1958/3225] ok=37 cached=1916 fail=5  312.3GB total (79min elapsed, ~37.0hr remaining)
  [1959/3225] ok=37 cached=1917 fail=5  312.3GB total (79min elapsed, ~37.0hr remaining)
  [1960/3225] ok=37 cached=1918 fail=5  312.3GB total (79min elapsed, ~36.9hr remaining)
  [1961/3225] ok=37 cached=1919 fail=5  312.3GB total (79min elapsed, ~36.9hr remaining)
  [1962/3225] ok=37 cached=1920 fail=5  312.3GB total (79min elapsed, ~36.9hr remaining)
  [1963/3225] ok=37 cached=1921 fail=5  312.3GB total (79min elapsed, ~36.9hr remaining)
  [1964/3225] ok=37 cached=1922 fail=5  312.3GB total (79min elapsed, ~36.8hr remaining)
  [1965/3225] ok=37 cached=1923 fail=5  312.3GB total (79min elapsed, ~36.8hr remaining)
  [1966/3225] ok=37 cached=1924 fail=5  312.3GB total (79min elapsed, ~36.8hr remaining)
  [1967/3225] ok=37 cached=1925 fail=5  312.3GB total (79min elapsed, ~36.7hr remaining)
  [1968/3225] ok=37 cached=1926 fail=5  312.3GB total (79min elapsed, ~36.7hr remaining)
  [1969/3225] ok=37 cached=1927 fail=5  312.3GB total (79min elapsed, ~36.7hr remaining)
  [1970/3225] ok=37 cached=1928 fail=5  312.3GB total (79min elapsed, ~36.7hr remaining)
  [1971/3225] ok=37 cached=1929 fail=5  312.3GB total (79min elapsed, ~36.6hr remaining)
  [1972/3225] ok=37 cached=1930 fail=5  312.3GB total (79min elapsed, ~36.6hr remaining)
  [1973/3225] ok=37 cached=1931 fail=5  312.3GB total (79min elapsed, ~36.6hr remaining)
  [1974/3225] ok=37 cached=1932 fail=5  312.3GB total (79min elapsed, ~36.5hr remaining)
  [1975/3225] ok=37 cached=1933 fail=5  312.3GB total (79min elapsed, ~36.5hr remaining)
  [1976/3225] ok=37 cached=1934 fail=5  312.3GB total (79min elapsed, ~36.5hr remaining)
  [1977/3225] ok=37 cached=1935 fail=5  312.3GB total (79min elapsed, ~36.5hr remaining)
  [1978/3225] ok=37 cached=1936 fail=5  312.3GB total (79min elapsed, ~36.4hr remaining)
  [1979/3225] ok=37 cached=1937 fail=5  312.3GB total (79min elapsed, ~36.4hr remaining)
  [1980/3225] ok=37 cached=1938 fail=5  312.3GB total (79min elapsed, ~36.4hr remaining)
  [1981/3225] ok=37 cached=1939 fail=5  312.3GB total (79min elapsed, ~36.3hr remaining)
  [1982/3225] ok=37 cached=1940 fail=5  312.3GB total (79min elapsed, ~36.3hr remaining)
  [1983/3225] ok=37 cached=1941 fail=5  312.3GB total (79min elapsed, ~36.3hr remaining)
  [1984/3225] ok=37 cached=1942 fail=5  312.3GB total (79min elapsed, ~36.2hr remaining)
  [1985/3225] ok=37 cached=1943 fail=5  312.3GB total (79min elapsed, ~36.2hr remaining)
  [start ] SRR31850423
  [done  ] ERR6548349  8.44GB in 1250s (6.8 MB/s)
  [1986/3225] ok=38 cached=1943 fail=5  320.7GB total (80min elapsed, ~36.7hr remaining)
  [1987/3225] ok=38 cached=1944 fail=5  320.7GB total (80min elapsed, ~36.6hr remaining)
  [1988/3225] ok=38 cached=1945 fail=5  320.7GB total (80min elapsed, ~36.6hr remaining)
  [1989/3225] ok=38 cached=1946 fail=5  320.7GB total (80min elapsed, ~36.6hr remaining)
  [1990/3225] ok=38 cached=1947 fail=5  320.7GB total (80min elapsed, ~36.5hr remaining)
  [1991/3225] ok=38 cached=1948 fail=5  320.7GB total (80min elapsed, ~36.5hr remaining)
  [1992/3225] ok=38 cached=1949 fail=5  320.7GB total (80min elapsed, ~36.5hr remaining)
  [1993/3225] ok=38 cached=1950 fail=5  320.7GB total (80min elapsed, ~36.4hr remaining)
  [start ] SRR31850424
  [regz  ] SRR9684535  30.17GB in 2296s (recompressed, no download)
  [1994/3225] ok=39 cached=1950 fail=5  350.9GB total (82min elapsed, ~38.0hr remaining)
  [1995/3225] ok=39 cached=1951 fail=5  350.9GB total (82min elapsed, ~38.0hr remaining)
  [start ] SRR2517436
  [regz  ] SRR36368722  15.27GB in 1356s (recompressed, no download)
  [1996/3225] ok=40 cached=1951 fail=5  366.1GB total (88min elapsed, ~38.4hr remaining)
  [1997/3225] ok=40 cached=1952 fail=5  366.1GB total (88min elapsed, ~38.4hr remaining)
  [start ] SRR2517437
  [done  ] SRR8733382  8.78GB in 1383s (6.3 MB/s)
  [1998/3225] ok=41 cached=1952 fail=5  374.9GB total (92min elapsed, ~38.9hr remaining)
  [1999/3225] ok=41 cached=1953 fail=5  374.9GB total (92min elapsed, ~38.8hr remaining)
  [2000/3225] ok=41 cached=1954 fail=5  374.9GB total (92min elapsed, ~38.8hr remaining)
  [2001/3225] ok=41 cached=1955 fail=5  374.9GB total (92min elapsed, ~38.8hr remaining)
  [2002/3225] ok=41 cached=1956 fail=5  374.9GB total (92min elapsed, ~38.7hr remaining)
  [2003/3225] ok=41 cached=1957 fail=5  374.9GB total (92min elapsed, ~38.7hr remaining)
  [2004/3225] ok=41 cached=1958 fail=5  374.9GB total (92min elapsed, ~38.7hr remaining)
  [2005/3225] ok=41 cached=1959 fail=5  374.9GB total (92min elapsed, ~38.7hr remaining)
  [2006/3225] ok=41 cached=1960 fail=5  374.9GB total (92min elapsed, ~38.6hr remaining)
  [2007/3225] ok=41 cached=1961 fail=5  374.9GB total (92min elapsed, ~38.6hr remaining)
  [2008/3225] ok=41 cached=1962 fail=5  374.9GB total (92min elapsed, ~38.6hr remaining)
  [2009/3225] ok=41 cached=1963 fail=5  374.9GB total (92min elapsed, ~38.5hr remaining)
  [2010/3225] ok=41 cached=1964 fail=5  374.9GB total (92min elapsed, ~38.5hr remaining)
  [start ] SRR36950010
  [regz  ] SRR2517436  8.22GB in 603s (recompressed, no download)
  [2011/3225] ok=42 cached=1964 fail=5  383.1GB total (92min elapsed, ~38.1hr remaining)
  [2012/3225] ok=42 cached=1965 fail=5  383.1GB total (92min elapsed, ~38.1hr remaining)
  [2013/3225] ok=42 cached=1966 fail=5  383.1GB total (92min elapsed, ~38.1hr remaining)
  [2014/3225] ok=42 cached=1967 fail=5  383.1GB total (92min elapsed, ~38.1hr remaining)
  [start ] SRR36950019
  [regz  ] SRR31514628  16.23GB in 1391s (recompressed, no download)
  [2015/3225] ok=43 cached=1967 fail=5  399.4GB total (92min elapsed, ~38.5hr remaining)
  [2016/3225] ok=43 cached=1968 fail=5  399.4GB total (92min elapsed, ~38.5hr remaining)
  [2017/3225] ok=43 cached=1969 fail=5  399.4GB total (92min elapsed, ~38.4hr remaining)
  [2018/3225] ok=43 cached=1970 fail=5  399.4GB total (92min elapsed, ~38.4hr remaining)
  [2019/3225] ok=43 cached=1971 fail=5  399.4GB total (92min elapsed, ~38.4hr remaining)
  [start ] SRR36950018
  [regz  ] SRR31850423  10.07GB in 949s (recompressed, no download)
  [2020/3225] ok=44 cached=1971 fail=5  409.4GB total (94min elapsed, ~38.4hr remaining)
  [2021/3225] ok=44 cached=1972 fail=5  409.4GB total (94min elapsed, ~38.3hr remaining)
  [2022/3225] ok=44 cached=1973 fail=5  409.4GB total (94min elapsed, ~38.3hr remaining)
  [start ] SRR33696067
  [regz  ] SRR2517437  6.63GB in 483s (recompressed, no download)
  [2023/3225] ok=45 cached=1973 fail=5  416.1GB total (96min elapsed, ~37.9hr remaining)
  [2024/3225] ok=45 cached=1974 fail=5  416.1GB total (96min elapsed, ~37.8hr remaining)
  [2025/3225] ok=45 cached=1975 fail=5  416.1GB total (96min elapsed, ~37.8hr remaining)
  [start ] SRR33696068
  [regz  ] SRR31514627  18.69GB in 1644s (recompressed, no download)
  [2026/3225] ok=46 cached=1975 fail=5  434.8GB total (97min elapsed, ~38.4hr remaining)
  [2027/3225] ok=46 cached=1976 fail=5  434.8GB total (97min elapsed, ~38.4hr remaining)
  [2028/3225] ok=46 cached=1977 fail=5  434.8GB total (97min elapsed, ~38.4hr remaining)
  [2029/3225] ok=46 cached=1978 fail=5  434.8GB total (97min elapsed, ~38.3hr remaining)
  [start ] SRR33696080
  [regz  ] SRR31850424  11.68GB in 1103s (recompressed, no download)
  [2030/3225] ok=47 cached=1978 fail=5  446.4GB total (99min elapsed, ~38.5hr remaining)
  [2031/3225] ok=47 cached=1979 fail=5  446.4GB total (99min elapsed, ~38.4hr remaining)
  [start ] SRR33696078
  [done  ] SRR36368721  15.06GB in 2313s (6.5 MB/s)
  [2032/3225] ok=48 cached=1979 fail=5  461.5GB total (105min elapsed, ~39.6hr remaining)
  [start ] SRR33696081
  [regz  ] SRR33696067  12.18GB in 819s (recompressed, no download)
  [2033/3225] ok=49 cached=1979 fail=5  473.7GB total (108min elapsed, ~39.5hr remaining)
  [2034/3225] ok=49 cached=1980 fail=5  473.7GB total (108min elapsed, ~39.4hr remaining)
  [2035/3225] ok=49 cached=1981 fail=5  473.7GB total (108min elapsed, ~39.4hr remaining)
  [2036/3225] ok=49 cached=1982 fail=5  473.7GB total (108min elapsed, ~39.4hr remaining)
  [2037/3225] ok=49 cached=1983 fail=5  473.7GB total (108min elapsed, ~39.3hr remaining)
  [2038/3225] ok=49 cached=1984 fail=5  473.7GB total (108min elapsed, ~39.3hr remaining)
  [2039/3225] ok=49 cached=1985 fail=5  473.7GB total (108min elapsed, ~39.3hr remaining)
  [2040/3225] ok=49 cached=1986 fail=5  473.7GB total (108min elapsed, ~39.2hr remaining)
  [2041/3225] ok=49 cached=1987 fail=5  473.7GB total (108min elapsed, ~39.2hr remaining)
  [2042/3225] ok=49 cached=1988 fail=5  473.7GB total (108min elapsed, ~39.2hr remaining)
  [start ] SRR15357733
  [regz  ] SRR36950019  14.65GB in 1053s (recompressed, no download)
  [2043/3225] ok=50 cached=1988 fail=5  488.3GB total (110min elapsed, ~39.2hr remaining)
  [start ] SRR15357734
  [regz  ] SRR33696080  16.65GB in 1087s (recompressed, no download)
  [2044/3225] ok=51 cached=1988 fail=5  505.0GB total (115min elapsed, ~39.3hr remaining)
  [2045/3225] ok=51 cached=1989 fail=5  505.0GB total (115min elapsed, ~39.2hr remaining)
  [2046/3225] ok=51 cached=1990 fail=5  505.0GB total (115min elapsed, ~39.2hr remaining)
  [2047/3225] ok=51 cached=1991 fail=5  505.0GB total (115min elapsed, ~39.2hr remaining)
  [2048/3225] ok=51 cached=1992 fail=5  505.0GB total (115min elapsed, ~39.1hr remaining)
  [2049/3225] ok=51 cached=1993 fail=5  505.0GB total (115min elapsed, ~39.1hr remaining)
  [2050/3225] ok=51 cached=1994 fail=5  505.0GB total (115min elapsed, ~39.1hr remaining)
  [2051/3225] ok=51 cached=1995 fail=5  505.0GB total (115min elapsed, ~39.0hr remaining)
  [2052/3225] ok=51 cached=1996 fail=5  505.0GB total (115min elapsed, ~39.0hr remaining)
  [2053/3225] ok=51 cached=1997 fail=5  505.0GB total (115min elapsed, ~39.0hr remaining)
  [start ] SRR7500377
  [regz  ] SRR36950018  21.15GB in 1604s (recompressed, no download)
  [2054/3225] ok=52 cached=1997 fail=5  526.1GB total (119min elapsed, ~39.5hr remaining)
  [2055/3225] ok=52 cached=1998 fail=5  526.1GB total (119min elapsed, ~39.4hr remaining)
  [2056/3225] ok=52 cached=1999 fail=5  526.1GB total (119min elapsed, ~39.4hr remaining)
  [start ] SRR2518226
  [done  ] SRR2518226  1.19GB in 171s (7.0 MB/s)
  [2057/3225] ok=53 cached=1999 fail=5  527.3GB total (122min elapsed, ~38.7hr remaining)
  [start ] SRR2558706
  [regz  ] SRR15357734  9.91GB in 823s (recompressed, no download)
  [2058/3225] ok=54 cached=1999 fail=5  537.2GB total (123min elapsed, ~38.6hr remaining)
  [start ] SRR2518217
  [regz  ] SRR15357733  11.14GB in 956s (recompressed, no download)
  [2059/3225] ok=55 cached=1999 fail=5  548.4GB total (124min elapsed, ~38.6hr remaining)
  [start ] SRR2518230
  [done  ] SRR2558706  1.36GB in 165s (8.3 MB/s)
  [2060/3225] ok=56 cached=1999 fail=5  549.7GB total (125min elapsed, ~38.0hr remaining)
  [start ] SRR2922433
  [done  ] SRR7500377  6.89GB in 623s (11.1 MB/s)
  [2061/3225] ok=57 cached=1999 fail=5  556.6GB total (125min elapsed, ~37.7hr remaining)
  [start ] SRR2922434
  [done  ] SRR2518217  1.44GB in 199s (7.2 MB/s)
  [2062/3225] ok=58 cached=1999 fail=5  558.1GB total (127min elapsed, ~37.2hr remaining)
  [start ] SRR2922435
  [done  ] SRR2518230  1.51GB in 188s (8.0 MB/s)
  [2063/3225] ok=59 cached=1999 fail=5  559.6GB total (127min elapsed, ~36.6hr remaining)
  [start ] SRR2922436
  [done  ] SRR2922433  1.94GB in 274s (7.1 MB/s)
  [2064/3225] ok=60 cached=1999 fail=5  561.5GB total (129min elapsed, ~36.2hr remaining)
  [start ] SRR2922438
  [done  ] SRR2922434  1.96GB in 294s (6.7 MB/s)
  [2065/3225] ok=61 cached=1999 fail=5  563.5GB total (130min elapsed, ~35.8hr remaining)
  [start ] SRR2922437
  [done  ] SRR2922435  2.17GB in 302s (7.2 MB/s)
  [2066/3225] ok=62 cached=1999 fail=5  565.6GB total (132min elapsed, ~35.3hr remaining)
  [start ] SRR2922442
  [done  ] SRR2922436  2.19GB in 304s (7.2 MB/s)
  [2067/3225] ok=63 cached=1999 fail=5  567.8GB total (132min elapsed, ~34.9hr remaining)
  [start ] SRR2922441
  [done  ] SRR2922438  1.55GB in 219s (7.1 MB/s)
  [2068/3225] ok=64 cached=1999 fail=5  569.4GB total (133min elapsed, ~34.5hr remaining)
  [start ] SRR2922440
  [done  ] SRR2922437  1.53GB in 224s (6.8 MB/s)
  [2069/3225] ok=65 cached=1999 fail=5  570.9GB total (134min elapsed, ~34.1hr remaining)
  [start ] SRR2922439
  [done  ] SRR2922442  1.53GB in 218s (7.0 MB/s)
  [2070/3225] ok=66 cached=1999 fail=5  572.4GB total (135min elapsed, ~33.7hr remaining)
  [start ] SRR2922444
  [done  ] SRR2922441  1.52GB in 211s (7.2 MB/s)
  [2071/3225] ok=67 cached=1999 fail=5  574.0GB total (136min elapsed, ~33.3hr remaining)
  [start ] SRR2922443
  [done  ] SRR2922440  1.65GB in 232s (7.1 MB/s)
  [2072/3225] ok=68 cached=1999 fail=5  575.6GB total (137min elapsed, ~32.9hr remaining)
  [start ] ERR583963
  [done  ] SRR2922439  1.63GB in 220s (7.4 MB/s)
  [2073/3225] ok=69 cached=1999 fail=5  577.2GB total (138min elapsed, ~32.5hr remaining)
  [start ] SRR10765499
  [done  ] SRR10765499  0.50GB in 101s (5.0 MB/s)
  [2074/3225] ok=70 cached=1999 fail=5  577.7GB total (139min elapsed, ~32.1hr remaining)
  [2075/3225] ok=70 cached=2000 fail=5  577.7GB total (139min elapsed, ~32.0hr remaining)
  [start ] SRR10221950
  [done  ] SRR33696081  13.95GB in 2128s (6.6 MB/s)
  [2076/3225] ok=71 cached=2000 fail=5  591.7GB total (141min elapsed, ~32.8hr remaining)
  [start ] SRR10221949
  [done  ] SRR10221950  0.51GB in 85s (6.1 MB/s)
  [2077/3225] ok=72 cached=2000 fail=5  592.2GB total (141min elapsed, ~32.3hr remaining)
  [start ] SRR33583439
  [done  ] SRR2922444  2.42GB in 323s (7.5 MB/s)
  [2078/3225] ok=73 cached=2000 fail=5  594.6GB total (141min elapsed, ~32.0hr remaining)
  [start ] SRR33583435
  [done  ] SRR2922443  2.40GB in 334s (7.2 MB/s)
  [2079/3225] ok=74 cached=2000 fail=5  597.0GB total (141min elapsed, ~31.8hr remaining)
  [start ] SRR36634281
  [regz  ] SRR36950010  36.01GB in 2998s (recompressed, no download)
  [2080/3225] ok=75 cached=2000 fail=5  633.0GB total (142min elapsed, ~32.9hr remaining)
  [start ] SRR33583433
  [done  ] SRR36634281  0.29GB in 56s (5.1 MB/s)
  [2081/3225] ok=76 cached=2000 fail=5  633.3GB total (142min elapsed, ~32.5hr remaining)
  [start ] SRR33583436
  [done  ] SRR10221949  0.65GB in 104s (6.2 MB/s)
  [2082/3225] ok=77 cached=2000 fail=5  634.0GB total (142min elapsed, ~32.1hr remaining)
  [start ] SRR33583432
  [done  ] SRR33583439  1.19GB in 196s (6.1 MB/s)
  [2083/3225] ok=78 cached=2000 fail=5  635.2GB total (144min elapsed, ~31.7hr remaining)
  [start ] SRR33583437
  [done  ] SRR33583435  1.43GB in 215s (6.7 MB/s)
  [2084/3225] ok=79 cached=2000 fail=5  636.6GB total (144min elapsed, ~31.4hr remaining)
  [start ] SRR33583438
  [done  ] SRR33583433  0.93GB in 157s (5.9 MB/s)
  [2085/3225] ok=80 cached=2000 fail=5  637.5GB total (145min elapsed, ~31.1hr remaining)
  [start ] SRR33583434
  [done  ] SRR33583436  0.93GB in 152s (6.1 MB/s)
  [2086/3225] ok=81 cached=2000 fail=5  638.5GB total (145min elapsed, ~30.7hr remaining)
  [start ] SRR11928832
  [done  ] SRR33583432  1.04GB in 167s (6.2 MB/s)
  [2087/3225] ok=82 cached=2000 fail=5  639.5GB total (145min elapsed, ~30.4hr remaining)
  [start ] SRR11928841
  [done  ] SRR33583437  1.03GB in 166s (6.2 MB/s)
  [2088/3225] ok=83 cached=2000 fail=5  640.5GB total (147min elapsed, ~30.1hr remaining)
  [start ] SRR11973035
  [done  ] SRR33583438  1.02GB in 169s (6.0 MB/s)
  [2089/3225] ok=84 cached=2000 fail=5  641.6GB total (147min elapsed, ~29.8hr remaining)
  [start ] SRR11928835
  [done  ] SRR33583434  0.94GB in 157s (6.0 MB/s)
  [2090/3225] ok=85 cached=2000 fail=5  642.5GB total (147min elapsed, ~29.5hr remaining)
  [start ] SRR11928840
  [done  ] SRR11928832  1.14GB in 163s (7.0 MB/s)
  [2091/3225] ok=86 cached=2000 fail=5  643.6GB total (147min elapsed, ~29.2hr remaining)
  [start ] SRR11928940
  [done  ] SRR11928840  0.03GB in 18s (1.9 MB/s)
  [2092/3225] ok=87 cached=2000 fail=5  643.7GB total (148min elapsed, ~28.8hr remaining)
  [start ] SRR11928834
  [done  ] SRR11928834  0.01GB in 16s (0.9 MB/s)
  [2093/3225] ok=88 cached=2000 fail=5  643.7GB total (148min elapsed, ~28.5hr remaining)
  [start ] SRR11928839
  [done  ] SRR33696068  22.09GB in 3176s (7.0 MB/s)
  [2094/3225] ok=89 cached=2000 fail=5  665.8GB total (149min elapsed, ~29.5hr remaining)
  [start ] SRR11928842
  [done  ] SRR11928835  0.90GB in 119s (7.5 MB/s)
  [2095/3225] ok=90 cached=2000 fail=5  666.7GB total (149min elapsed, ~29.2hr remaining)
  [start ] SRR28475120
  [done  ] SRR11928842  0.50GB in 74s (6.7 MB/s)
  [2096/3225] ok=91 cached=2000 fail=5  667.2GB total (150min elapsed, ~28.9hr remaining)
  [start ] SRR28544664
  [done  ] SRR28544664  0.18GB in 47s (3.9 MB/s)
  [2097/3225] ok=92 cached=2000 fail=5  667.4GB total (151min elapsed, ~28.6hr remaining)
  [start ] SRR23870001
  [done  ] SRR28475120  0.70GB in 110s (6.4 MB/s)
  [2098/3225] ok=93 cached=2000 fail=5  668.1GB total (151min elapsed, ~28.3hr remaining)
  [start ] SRR28475139
  [done  ] SRR28475139  0.09GB in 32s (2.9 MB/s)
  [2099/3225] ok=94 cached=2000 fail=5  668.2GB total (152min elapsed, ~28.0hr remaining)
  [start ] SRR28544675
  [done  ] SRR23870001  0.17GB in 55s (3.1 MB/s)
  [2100/3225] ok=95 cached=2000 fail=5  668.3GB total (152min elapsed, ~27.7hr remaining)
  [start ] SRR23869864
  [done  ] SRR23869864  0.23GB in 47s (5.0 MB/s)
  [2101/3225] ok=96 cached=2000 fail=5  668.6GB total (153min elapsed, ~27.4hr remaining)
  [start ] SRR28544648
  [done  ] SRR28544675  0.19GB in 66s (2.9 MB/s)
  [2102/3225] ok=97 cached=2000 fail=5  668.7GB total (153min elapsed, ~27.1hr remaining)
  [start ] SRR28475119
  [done  ] SRR11928839  2.08GB in 290s (7.2 MB/s)
  [2103/3225] ok=98 cached=2000 fail=5  670.8GB total (153min elapsed, ~27.0hr remaining)
  [start ] SRR28475145
  [done  ] SRR28544648  0.10GB in 35s (2.9 MB/s)
  [2104/3225] ok=99 cached=2000 fail=5  670.9GB total (153min elapsed, ~26.7hr remaining)
  [start ] SRR28544654
  [done  ] SRR28475145  0.30GB in 55s (5.5 MB/s)
  [2105/3225] ok=100 cached=2000 fail=5  671.2GB total (154min elapsed, ~26.4hr remaining)
  [start ] SRR23869857
  [done  ] SRR28544654  0.24GB in 46s (5.2 MB/s)
  [2106/3225] ok=101 cached=2000 fail=5  671.5GB total (154min elapsed, ~26.1hr remaining)
  [start ] SRR28475125
  [done  ] SRR28475119  0.49GB in 84s (5.9 MB/s)
  [2107/3225] ok=102 cached=2000 fail=5  672.0GB total (154min elapsed, ~25.9hr remaining)
  [start ] SRR28475112
  [done  ] SRR23869857  0.25GB in 49s (5.1 MB/s)
  [2108/3225] ok=103 cached=2000 fail=5  672.2GB total (154min elapsed, ~25.6hr remaining)
  [start ] SRR28544685
  [done  ] SRR28475125  0.11GB in 32s (3.4 MB/s)
  [2109/3225] ok=104 cached=2000 fail=5  672.3GB total (154min elapsed, ~25.4hr remaining)
  [start ] SRR28544686
  [done  ] SRR11973035  2.83GB in 469s (6.0 MB/s)
  [2110/3225] ok=105 cached=2000 fail=5  675.2GB total (155min elapsed, ~25.3hr remaining)
  [start ] SRR28475137
  [done  ] SRR28475112  0.27GB in 49s (5.6 MB/s)
  [2111/3225] ok=106 cached=2000 fail=5  675.4GB total (155min elapsed, ~25.0hr remaining)
  [start ] SRR23870004
  [done  ] SRR11928940  2.89GB in 458s (6.3 MB/s)
  [2112/3225] ok=107 cached=2000 fail=5  678.3GB total (155min elapsed, ~24.9hr remaining)
  [start ] SRR28475114
  [done  ] SRR28544686  0.22GB in 41s (5.3 MB/s)
  [2113/3225] ok=108 cached=2000 fail=5  678.5GB total (155min elapsed, ~24.7hr remaining)
  [start ] SRR28475135
  [done  ] SRR23870004  0.28GB in 50s (5.6 MB/s)
  [2114/3225] ok=109 cached=2000 fail=5  678.8GB total (156min elapsed, ~24.5hr remaining)
  [start ] SRR28544668
  [done  ] SRR28475137  0.44GB in 72s (6.2 MB/s)
  [2115/3225] ok=110 cached=2000 fail=5  679.3GB total (156min elapsed, ~24.3hr remaining)
  [start ] SRR28544676
  [done  ] SRR28475114  0.37GB in 64s (5.8 MB/s)
  [2116/3225] ok=111 cached=2000 fail=5  679.6GB total (156min elapsed, ~24.0hr remaining)
  [start ] SRR28544667
  [done  ] SRR28544685  0.79GB in 115s (6.8 MB/s)
  [2117/3225] ok=112 cached=2000 fail=5  680.4GB total (156min elapsed, ~23.8hr remaining)
  [start ] SRR23870012
  [done  ] SRR28544676  0.16GB in 46s (3.5 MB/s)
  [2118/3225] ok=113 cached=2000 fail=5  680.6GB total (157min elapsed, ~23.6hr remaining)
  [start ] SRR18070415
  [done  ] SRR11928841  4.52GB in 697s (6.5 MB/s)
  [2119/3225] ok=114 cached=2000 fail=5  685.1GB total (157min elapsed, ~23.6hr remaining)
  [start ] SRR18070413
  [done  ] SRR28475135  0.66GB in 103s (6.5 MB/s)
  [2120/3225] ok=115 cached=2000 fail=5  685.8GB total (157min elapsed, ~23.4hr remaining)
  [start ] SRR18070412
  [done  ] SRR28544667  0.31GB in 55s (5.7 MB/s)
  [2121/3225] ok=116 cached=2000 fail=5  686.1GB total (157min elapsed, ~23.2hr remaining)
  [start ] SRR18070416
  [done  ] SRR23870012  0.26GB in 51s (5.1 MB/s)
  [2122/3225] ok=117 cached=2000 fail=5  686.3GB total (157min elapsed, ~23.0hr remaining)
  [start ] SRR18070414
  [done  ] SRR28544668  0.59GB in 94s (6.3 MB/s)
  [2123/3225] ok=118 cached=2000 fail=5  686.9GB total (157min elapsed, ~22.9hr remaining)
  [start ] SRR28147553
  [done  ] SRR18070416  0.12GB in 29s (4.0 MB/s)
  [2124/3225] ok=119 cached=2000 fail=5  687.0GB total (158min elapsed, ~22.6hr remaining)
  [start ] SRR28147552
  [done  ] SRR18070415  0.35GB in 60s (5.8 MB/s)
  [2125/3225] ok=120 cached=2000 fail=5  687.4GB total (158min elapsed, ~22.5hr remaining)
  [start ] SRR16930848
  [done  ] SRR18070413  0.29GB in 51s (5.6 MB/s)
  [2126/3225] ok=121 cached=2000 fail=5  687.7GB total (158min elapsed, ~22.3hr remaining)
  [start ] SRR16930846
  [done  ] SRR33696078  23.73GB in 3535s (6.7 MB/s)
  [2127/3225] ok=122 cached=2000 fail=5  711.4GB total (158min elapsed, ~23.2hr remaining)
  [start ] SRR16930839
  [done  ] SRR16930846  0.00GB in 14s (0.1 MB/s)
  [2128/3225] ok=123 cached=2000 fail=5  711.4GB total (158min elapsed, ~23.0hr remaining)
  [start ] SRR16930840
  [done  ] SRR28147553  0.18GB in 36s (4.9 MB/s)
  [2129/3225] ok=124 cached=2000 fail=5  711.6GB total (158min elapsed, ~22.8hr remaining)
  [start ] SRR16930843
  [done  ] SRR18070412  0.41GB in 66s (6.2 MB/s)
  [2130/3225] ok=125 cached=2000 fail=5  712.0GB total (158min elapsed, ~22.6hr remaining)
  [start ] SRR16930844
  [done  ] SRR18070414  0.34GB in 56s (6.2 MB/s)
  [2131/3225] ok=126 cached=2000 fail=5  712.3GB total (158min elapsed, ~22.4hr remaining)
  [start ] SRR16930842
  [done  ] SRR16930848  0.23GB in 44s (5.2 MB/s)
  [2132/3225] ok=127 cached=2000 fail=5  712.6GB total (158min elapsed, ~22.2hr remaining)
  [start ] SRR16930845
  [done  ] SRR28147552  0.31GB in 55s (5.7 MB/s)
  [2133/3225] ok=128 cached=2000 fail=5  712.9GB total (158min elapsed, ~22.0hr remaining)
  [start ] SRR17609704
  [done  ] SRR16930839  0.28GB in 50s (5.6 MB/s)
  [2134/3225] ok=129 cached=2000 fail=5  713.2GB total (159min elapsed, ~21.9hr remaining)
  [start ] SRR17609709
  [done  ] SRR16930845  0.03GB in 19s (1.7 MB/s)
  [2135/3225] ok=130 cached=2000 fail=5  713.2GB total (159min elapsed, ~21.7hr remaining)
  [start ] SRR17609703
  [done  ] SRR16930840  0.26GB in 48s (5.4 MB/s)
  [2136/3225] ok=131 cached=2000 fail=5  713.5GB total (159min elapsed, ~21.5hr remaining)
  [start ] SRR17609705
  [done  ] SRR16930844  0.28GB in 52s (5.4 MB/s)
  [2137/3225] ok=132 cached=2000 fail=5  713.7GB total (159min elapsed, ~21.3hr remaining)
  [start ] SRR8168844
  [done  ] SRR16930842  0.24GB in 46s (5.2 MB/s)
  [2138/3225] ok=133 cached=2000 fail=5  714.0GB total (159min elapsed, ~21.2hr remaining)
  [start ] SRR9062614
  [done  ] SRR16930843  0.39GB in 63s (6.2 MB/s)
  [2139/3225] ok=134 cached=2000 fail=5  714.4GB total (159min elapsed, ~21.0hr remaining)
  [start ] SRR7873467
  [done  ] SRR8168844  0.10GB in 27s (3.7 MB/s)
  [2140/3225] ok=135 cached=2000 fail=5  714.5GB total (159min elapsed, ~20.9hr remaining)
  [start ] SRR7873469
  [done  ] SRR7873467  0.24GB in 46s (5.2 MB/s)
  [2141/3225] ok=136 cached=2000 fail=5  714.7GB total (160min elapsed, ~20.7hr remaining)
  [start ] SRR7873464
  [done  ] SRR9062614  0.31GB in 60s (5.1 MB/s)
  [2142/3225] ok=137 cached=2000 fail=5  715.0GB total (160min elapsed, ~20.5hr remaining)
  [start ] SRR9673812
  [done  ] SRR7873469  0.21GB in 41s (5.1 MB/s)
  [2143/3225] ok=138 cached=2000 fail=5  715.2GB total (160min elapsed, ~20.4hr remaining)
  [start ] SRR7873468
  [done  ] SRR17609704  0.61GB in 93s (6.6 MB/s)
  [done  ] SRR7873464  0.03GB in 19s (1.6 MB/s)
  [2144/3225] ok=139 cached=2000 fail=5  715.3GB total (160min elapsed, ~20.2hr remaining)
  [start ] SRR7873466
  [2145/3225] ok=140 cached=2000 fail=5  715.9GB total (160min elapsed, ~20.1hr remaining)
  [start ] SRR7873465
  [done  ] SRR9673812  0.08GB in 24s (3.2 MB/s)
  [2146/3225] ok=141 cached=2000 fail=5  716.0GB total (160min elapsed, ~19.9hr remaining)
  [start ] SRR32589262
  [done  ] SRR17609703  0.67GB in 101s (6.7 MB/s)
  [2147/3225] ok=142 cached=2000 fail=5  716.6GB total (160min elapsed, ~19.8hr remaining)
  [start ] SRR32589261
  [done  ] SRR17609705  0.66GB in 98s (6.7 MB/s)
  [2148/3225] ok=143 cached=2000 fail=5  717.3GB total (160min elapsed, ~19.7hr remaining)
  [start ] SRR8639448
  [done  ] SRR7873468  0.07GB in 24s (3.1 MB/s)
  [2149/3225] ok=144 cached=2000 fail=5  717.4GB total (160min elapsed, ~19.5hr remaining)
  [start ] SRR8639449
  [done  ] SRR7873466  0.10GB in 28s (3.7 MB/s)
  [2150/3225] ok=145 cached=2000 fail=5  717.5GB total (160min elapsed, ~19.4hr remaining)
  [start ] SRR13197436
  [done  ] SRR7873465  0.11GB in 29s (3.8 MB/s)
  [2151/3225] ok=146 cached=2000 fail=5  717.6GB total (161min elapsed, ~19.2hr remaining)
  [start ] SRR24283998
  [done  ] SRR17609709  1.12GB in 153s (7.3 MB/s)
  [2152/3225] ok=147 cached=2000 fail=5  718.7GB total (161min elapsed, ~19.1hr remaining)
  [2153/3225] ok=147 cached=2001 fail=5  718.7GB total (161min elapsed, ~19.1hr remaining)
  [start ] SRR32764820
  [done  ] SRR8639448  0.28GB in 51s (5.5 MB/s)
  [2154/3225] ok=148 cached=2001 fail=5  719.0GB total (161min elapsed, ~19.0hr remaining)
  [start ] SRR8668529
  [done  ] SRR8639449  0.26GB in 49s (5.4 MB/s)
  [2155/3225] ok=149 cached=2001 fail=5  719.2GB total (161min elapsed, ~18.8hr remaining)
  [start ] SRR8640195
  [done  ] SRR13197436  0.36GB in 59s (6.1 MB/s)
  [2156/3225] ok=150 cached=2001 fail=5  719.6GB total (161min elapsed, ~18.7hr remaining)
  [start ] SRR27326369
  [done  ] SRR8668529  0.18GB in 38s (4.7 MB/s)
  [2157/3225] ok=151 cached=2001 fail=5  719.8GB total (162min elapsed, ~18.6hr remaining)
  [start ] SRR27326401
  [done  ] SRR8640195  0.23GB in 44s (5.3 MB/s)
  [2158/3225] ok=152 cached=2001 fail=5  720.0GB total (162min elapsed, ~18.4hr remaining)
  [start ] SRR27326329
  [done  ] SRR27326369  0.51GB in 79s (6.4 MB/s)
  [2159/3225] ok=153 cached=2001 fail=5  720.5GB total (163min elapsed, ~18.3hr remaining)
  [start ] SRR27326806
  [done  ] SRR27326329  0.31GB in 53s (5.8 MB/s)
  [2160/3225] ok=154 cached=2001 fail=5  720.8GB total (163min elapsed, ~18.2hr remaining)
  [start ] SRR27326517
  [done  ] SRR27326517  0.18GB in 38s (4.8 MB/s)
  [2161/3225] ok=155 cached=2001 fail=5  721.0GB total (163min elapsed, ~18.1hr remaining)
  [start ] SRR27326679
  [done  ] SRR27326401  0.67GB in 102s (6.6 MB/s)
  [2162/3225] ok=156 cached=2001 fail=5  721.7GB total (164min elapsed, ~18.0hr remaining)
  [start ] SRR27326840
  [done  ] SRR27326806  0.32GB in 55s (5.8 MB/s)
  [2163/3225] ok=157 cached=2001 fail=5  722.0GB total (164min elapsed, ~17.9hr remaining)
  [start ] SRR27326530
  [done  ] SRR27326530  0.08GB in 30s (2.8 MB/s)
  [2164/3225] ok=158 cached=2001 fail=5  722.1GB total (164min elapsed, ~17.7hr remaining)
  [start ] SRR27326702
  [done  ] SRR27326679  0.30GB in 53s (5.7 MB/s)
  [2165/3225] ok=159 cached=2001 fail=5  722.4GB total (164min elapsed, ~17.6hr remaining)
  [start ] SRR27326787
  [done  ] SRR27326840  0.29GB in 52s (5.6 MB/s)
  [2166/3225] ok=160 cached=2001 fail=5  722.7GB total (164min elapsed, ~17.5hr remaining)
  [start ] SRR27326386
  [done  ] SRR27326702  0.20GB in 41s (5.0 MB/s)
  [2167/3225] ok=161 cached=2001 fail=5  722.9GB total (165min elapsed, ~17.4hr remaining)
  [start ] SRR27326462
  [done  ] SRR27326462  0.17GB in 38s (4.4 MB/s)
  [2168/3225] ok=162 cached=2001 fail=5  723.0GB total (166min elapsed, ~17.3hr remaining)
  [start ] SRR27326408
  [done  ] ERR583963  14.67GB in 1726s (8.5 MB/s)
  [2169/3225] ok=163 cached=2001 fail=5  737.7GB total (166min elapsed, ~17.5hr remaining)
  [start ] SRR27326545
  [done  ] SRR27326386  0.66GB in 104s (6.3 MB/s)
  [2170/3225] ok=164 cached=2001 fail=5  738.4GB total (166min elapsed, ~17.4hr remaining)
  [start ] SRR8204123
  [done  ] SRR27326787  0.69GB in 108s (6.4 MB/s)
  [2171/3225] ok=165 cached=2001 fail=5  739.1GB total (166min elapsed, ~17.3hr remaining)
  [start ] SRR8204128
  [done  ] SRR27326545  0.19GB in 39s (4.8 MB/s)
  [2172/3225] ok=166 cached=2001 fail=5  739.2GB total (166min elapsed, ~17.2hr remaining)
  [start ] SRR8204129
  [done  ] SRR27326408  0.31GB in 55s (5.7 MB/s)
  [2173/3225] ok=167 cached=2001 fail=5  739.6GB total (166min elapsed, ~17.1hr remaining)
  [start ] SRR8204122
  [done  ] SRR24283998  2.95GB in 456s (6.5 MB/s)
  [2174/3225] ok=168 cached=2001 fail=5  742.5GB total (168min elapsed, ~17.1hr remaining)
  [start ] SRR8204151
  [done  ] SRR32589261  3.87GB in 575s (6.7 MB/s)
  [2175/3225] ok=169 cached=2001 fail=5  746.4GB total (170min elapsed, ~17.1hr remaining)
  [start ] SRR8204116
  [done  ] SRR32589262  3.90GB in 601s (6.5 MB/s)
  [2176/3225] ok=170 cached=2001 fail=5  750.3GB total (170min elapsed, ~17.1hr remaining)
  [start ] SRR8204154
  [done  ] SRR8204129  3.07GB in 442s (6.9 MB/s)
  [2177/3225] ok=171 cached=2001 fail=5  753.3GB total (174min elapsed, ~17.1hr remaining)
  [start ] SRR8204140
  [done  ] SRR8204128  4.14GB in 594s (7.0 MB/s)
  [2178/3225] ok=172 cached=2001 fail=5  757.5GB total (176min elapsed, ~17.1hr remaining)
  [start ] SRR8204117
  [done  ] SRR8204122  4.10GB in 593s (6.9 MB/s)
  [2179/3225] ok=173 cached=2001 fail=5  761.6GB total (176min elapsed, ~17.1hr remaining)
  [start ] SRR8204125
  [done  ] SRR32764820  5.57GB in 929s (6.0 MB/s)
  [2180/3225] ok=174 cached=2001 fail=5  767.2GB total (177min elapsed, ~17.2hr remaining)
  [start ] SRR8204152
  [done  ] SRR8204123  4.36GB in 631s (6.9 MB/s)
  [2181/3225] ok=175 cached=2001 fail=5  771.5GB total (177min elapsed, ~17.2hr remaining)
  [start ] SRR8204118
  [done  ] SRR8204151  4.03GB in 581s (6.9 MB/s)
  [2182/3225] ok=176 cached=2001 fail=5  775.6GB total (178min elapsed, ~17.2hr remaining)
  [start ] SRR8204137
  [done  ] SRR8204116  3.40GB in 488s (7.0 MB/s)
  [2183/3225] ok=177 cached=2001 fail=5  778.9GB total (178min elapsed, ~17.2hr remaining)
  [start ] SRR8204124
  [done  ] SRR8204154  3.36GB in 480s (7.0 MB/s)
  [2184/3225] ok=178 cached=2001 fail=5  782.3GB total (178min elapsed, ~17.2hr remaining)
  [start ] SRR8204153
  [done  ] SRR8204140  4.16GB in 572s (7.3 MB/s)
  [2185/3225] ok=179 cached=2001 fail=5  786.5GB total (183min elapsed, ~17.2hr remaining)
  [start ] SRR8204136
  [done  ] SRR8204125  3.28GB in 454s (7.2 MB/s)
  [2186/3225] ok=180 cached=2001 fail=5  789.7GB total (184min elapsed, ~17.2hr remaining)
  [start ] SRR8204150
  [done  ] SRR8204117  3.54GB in 516s (6.9 MB/s)
  [2187/3225] ok=181 cached=2001 fail=5  793.3GB total (185min elapsed, ~17.2hr remaining)
  [start ] SRR8204133
  [done  ] SRR8204118  3.60GB in 512s (7.0 MB/s)
  [2188/3225] ok=182 cached=2001 fail=5  796.9GB total (185min elapsed, ~17.1hr remaining)
  [start ] SRR8204149
  [done  ] SRR8204152  3.61GB in 530s (6.8 MB/s)
  [2189/3225] ok=183 cached=2001 fail=5  800.5GB total (185min elapsed, ~17.1hr remaining)
  [start ] SRR8204127
  [done  ] SRR8204153  3.49GB in 504s (6.9 MB/s)
  [2190/3225] ok=184 cached=2001 fail=5  804.0GB total (187min elapsed, ~17.1hr remaining)
  [start ] SRR8204126
  [done  ] SRR8204137  4.24GB in 614s (6.9 MB/s)
  [2191/3225] ok=185 cached=2001 fail=5  808.2GB total (188min elapsed, ~17.1hr remaining)
  [start ] SRR15141432
  [done  ] SRR8204124  4.21GB in 606s (6.9 MB/s)
  [2192/3225] ok=186 cached=2001 fail=5  812.4GB total (188min elapsed, ~17.1hr remaining)
  [start ] SRR15141319
  [done  ] SRR15141319  0.89GB in 135s (6.6 MB/s)
  [2193/3225] ok=187 cached=2001 fail=5  813.3GB total (190min elapsed, ~17.1hr remaining)
  [start ] SRR15141150
  [done  ] SRR15141432  0.94GB in 141s (6.7 MB/s)
  [2194/3225] ok=188 cached=2001 fail=5  814.3GB total (190min elapsed, ~17.0hr remaining)
  [start ] SRR15141128
  [done  ] SRR8204136  3.55GB in 503s (7.1 MB/s)
  [2195/3225] ok=189 cached=2001 fail=5  817.8GB total (191min elapsed, ~17.0hr remaining)
  [start ] SRR15141402
  [done  ] SRR15141150  0.87GB in 130s (6.7 MB/s)
  [2196/3225] ok=190 cached=2001 fail=5  818.7GB total (193min elapsed, ~16.9hr remaining)
  [start ] SRR15141215
  [done  ] SRR15141128  0.86GB in 132s (6.5 MB/s)
  [2197/3225] ok=191 cached=2001 fail=5  819.5GB total (193min elapsed, ~16.8hr remaining)
  [start ] SRR15141113
  [done  ] SRR8204150  4.02GB in 557s (7.2 MB/s)
  [2198/3225] ok=192 cached=2001 fail=5  823.6GB total (193min elapsed, ~16.8hr remaining)
  [start ] SRR15141232
  [done  ] SRR8204133  3.67GB in 526s (7.0 MB/s)
  [2199/3225] ok=193 cached=2001 fail=5  827.2GB total (193min elapsed, ~16.8hr remaining)
  [start ] SRR15141080
  [done  ] SRR8204149  3.57GB in 503s (7.1 MB/s)
  [2200/3225] ok=194 cached=2001 fail=5  830.8GB total (194min elapsed, ~16.8hr remaining)
  [start ] SRR15141365
  [done  ] SRR15141402  0.89GB in 129s (6.9 MB/s)
  [2201/3225] ok=195 cached=2001 fail=5  831.7GB total (194min elapsed, ~16.7hr remaining)
  [start ] SRR15141031
  [done  ] SRR15141113  0.59GB in 87s (6.8 MB/s)
  [2202/3225] ok=196 cached=2001 fail=5  832.3GB total (194min elapsed, ~16.6hr remaining)
  [start ] SRR15141284
  [done  ] SRR15141232  0.54GB in 85s (6.4 MB/s)
  [2203/3225] ok=197 cached=2001 fail=5  832.8GB total (195min elapsed, ~16.5hr remaining)
  [start ] SRR15141411
  [done  ] SRR15141215  0.94GB in 134s (7.0 MB/s)
  [2204/3225] ok=198 cached=2001 fail=5  833.8GB total (195min elapsed, ~16.5hr remaining)
  [start ] SRR15141321
  [done  ] SRR15141080  0.56GB in 83s (6.7 MB/s)
  [2205/3225] ok=199 cached=2001 fail=5  834.3GB total (195min elapsed, ~16.4hr remaining)
  [start ] SRR15141375
  [done  ] SRR15141365  0.57GB in 86s (6.6 MB/s)
  [2206/3225] ok=200 cached=2001 fail=5  834.9GB total (195min elapsed, ~16.3hr remaining)
  [start ] SRR15141447
  [done  ] SRR8204127  4.04GB in 575s (7.0 MB/s)
  [2207/3225] ok=201 cached=2001 fail=5  838.9GB total (195min elapsed, ~16.3hr remaining)
  [start ] SRR15141405
  [done  ] SRR15141031  0.58GB in 86s (6.8 MB/s)
  [2208/3225] ok=202 cached=2001 fail=5  839.5GB total (195min elapsed, ~16.2hr remaining)
  [start ] SRR15141223
  [done  ] SRR8204126  3.61GB in 507s (7.1 MB/s)
  [2209/3225] ok=203 cached=2001 fail=5  843.1GB total (195min elapsed, ~16.2hr remaining)
  [start ] SRR15141165
  [done  ] SRR15141284  0.55GB in 81s (6.8 MB/s)
  [2210/3225] ok=204 cached=2001 fail=5  843.7GB total (195min elapsed, ~16.1hr remaining)
  [start ] SRR15141137
  [done  ] SRR15141411  0.36GB in 55s (6.6 MB/s)
  [2211/3225] ok=205 cached=2001 fail=5  844.0GB total (196min elapsed, ~16.1hr remaining)
  [start ] SRR15141327
  [done  ] SRR15141375  0.38GB in 60s (6.3 MB/s)
  [2212/3225] ok=206 cached=2001 fail=5  844.4GB total (196min elapsed, ~16.0hr remaining)
  [start ] SRR15141038
  [done  ] SRR15141321  0.44GB in 67s (6.6 MB/s)
  [2213/3225] ok=207 cached=2001 fail=5  844.9GB total (196min elapsed, ~15.9hr remaining)
  [start ] SRR15141136
  [done  ] SRR15141223  0.35GB in 54s (6.5 MB/s)
  [2214/3225] ok=208 cached=2001 fail=5  845.2GB total (196min elapsed, ~15.8hr remaining)
  [start ] SRR15141228
  [done  ] SRR15141405  0.44GB in 66s (6.6 MB/s)
  [2215/3225] ok=209 cached=2001 fail=5  845.6GB total (196min elapsed, ~15.7hr remaining)
  [start ] SRR15141141
  [done  ] SRR15141447  0.48GB in 71s (6.7 MB/s)
  [2216/3225] ok=210 cached=2001 fail=5  846.1GB total (196min elapsed, ~15.6hr remaining)
  [start ] SRR15141333
  [done  ] SRR15141137  0.35GB in 53s (6.6 MB/s)
  [2217/3225] ok=211 cached=2001 fail=5  846.5GB total (196min elapsed, ~15.6hr remaining)
  [start ] SRR15141440
  [done  ] SRR15141165  0.47GB in 71s (6.5 MB/s)
  [2218/3225] ok=212 cached=2001 fail=5  846.9GB total (196min elapsed, ~15.5hr remaining)
  [start ] SRR15141101
  [done  ] SRR15141327  0.33GB in 51s (6.4 MB/s)
  [2219/3225] ok=213 cached=2001 fail=5  847.3GB total (196min elapsed, ~15.4hr remaining)
  [start ] SRR15141292
  [done  ] SRR15141136  0.32GB in 50s (6.3 MB/s)
  [2220/3225] ok=214 cached=2001 fail=5  847.6GB total (197min elapsed, ~15.3hr remaining)
  [start ] SRR15141224
  [done  ] SRR15141038  0.38GB in 57s (6.7 MB/s)
  [2221/3225] ok=215 cached=2001 fail=5  848.0GB total (197min elapsed, ~15.3hr remaining)
  [start ] SRR15141158
  [done  ] SRR15141228  0.48GB in 72s (6.7 MB/s)
  [2222/3225] ok=216 cached=2001 fail=5  848.4GB total (197min elapsed, ~15.2hr remaining)
  [start ] SRR15141435
  [done  ] SRR15141440  0.35GB in 58s (5.9 MB/s)
  [2223/3225] ok=217 cached=2001 fail=5  848.8GB total (197min elapsed, ~15.1hr remaining)
  [start ] SRR15141241
  [done  ] SRR15141141  0.46GB in 71s (6.5 MB/s)
  [2224/3225] ok=218 cached=2001 fail=5  849.2GB total (197min elapsed, ~15.0hr remaining)
  [start ] SRR15141258
  [done  ] SRR15141101  0.37GB in 59s (6.3 MB/s)
  [2225/3225] ok=219 cached=2001 fail=5  849.6GB total (197min elapsed, ~15.0hr remaining)
  [start ] SRR15141441
  [done  ] SRR15141333  0.48GB in 69s (6.9 MB/s)
  [2226/3225] ok=220 cached=2001 fail=5  850.1GB total (197min elapsed, ~14.9hr remaining)
  [start ] SRR15141039
  [done  ] SRR15141292  0.37GB in 58s (6.3 MB/s)
  [2227/3225] ok=221 cached=2001 fail=5  850.5GB total (197min elapsed, ~14.8hr remaining)
  [start ] SRR15141153
  [done  ] SRR15141158  0.36GB in 54s (6.6 MB/s)
  [2228/3225] ok=222 cached=2001 fail=5  850.8GB total (198min elapsed, ~14.7hr remaining)
  [start ] SRR15141218
  [done  ] SRR15141224  0.39GB in 59s (6.5 MB/s)
  [2229/3225] ok=223 cached=2001 fail=5  851.2GB total (198min elapsed, ~14.7hr remaining)
  [start ] SRR15141131
  [done  ] SRR15141241  0.36GB in 55s (6.5 MB/s)
  [2230/3225] ok=224 cached=2001 fail=5  851.6GB total (198min elapsed, ~14.6hr remaining)
  [start ] SRR15141328
  [done  ] SRR15141435  0.46GB in 68s (6.7 MB/s)
  [2231/3225] ok=225 cached=2001 fail=5  852.0GB total (198min elapsed, ~14.5hr remaining)
  [start ] SRR15141159
  [done  ] SRR15141258  0.38GB in 62s (6.2 MB/s)
  [2232/3225] ok=226 cached=2001 fail=5  852.4GB total (198min elapsed, ~14.5hr remaining)
  [start ] SRR15141417
  [done  ] SRR15141039  0.38GB in 61s (6.2 MB/s)
  [2233/3225] ok=227 cached=2001 fail=5  852.8GB total (198min elapsed, ~14.4hr remaining)
  [start ] SRR15141410
  [done  ] SRR15141441  0.39GB in 63s (6.1 MB/s)
  [2234/3225] ok=228 cached=2001 fail=5  853.2GB total (198min elapsed, ~14.3hr remaining)
  [start ] SRR10175971
  [done  ] SRR15141153  0.43GB in 66s (6.5 MB/s)
  [2235/3225] ok=229 cached=2001 fail=5  853.6GB total (198min elapsed, ~14.3hr remaining)
  [start ] SRR24737260
  [done  ] SRR15141131  0.42GB in 63s (6.7 MB/s)
  [2236/3225] ok=230 cached=2001 fail=5  854.0GB total (199min elapsed, ~14.2hr remaining)
  [start ] SRR24737264
  [done  ] SRR15141218  0.46GB in 70s (6.5 MB/s)
  [2237/3225] ok=231 cached=2001 fail=5  854.5GB total (199min elapsed, ~14.1hr remaining)
  [start ] SRR24737265
  [done  ] SRR10175971  0.27GB in 44s (6.1 MB/s)
  [2238/3225] ok=232 cached=2001 fail=5  854.7GB total (199min elapsed, ~14.1hr remaining)
  [start ] SRR24737259
  [done  ] SRR15141159  0.32GB in 51s (6.3 MB/s)
  [2239/3225] ok=233 cached=2001 fail=5  855.1GB total (199min elapsed, ~14.0hr remaining)
  [start ] SRR24737262
  [done  ] SRR15141328  0.37GB in 58s (6.3 MB/s)
  [2240/3225] ok=234 cached=2001 fail=5  855.4GB total (199min elapsed, ~13.9hr remaining)
  [start ] SRR24737261
  [done  ] SRR15141410  0.33GB in 51s (6.4 MB/s)
  [2241/3225] ok=235 cached=2001 fail=5  855.8GB total (199min elapsed, ~13.9hr remaining)
  [start ] SRR24737257
  [done  ] SRR15141417  0.47GB in 68s (6.9 MB/s)
  [2242/3225] ok=236 cached=2001 fail=5  856.2GB total (199min elapsed, ~13.8hr remaining)
  [start ] SRR10291756
  [done  ] SRR24737260  2.94GB in 377s (7.8 MB/s)
  [2243/3225] ok=237 cached=2001 fail=5  859.2GB total (205min elapsed, ~13.8hr remaining)
  [start ] SRR10291734
  [done  ] SRR24737262  2.95GB in 416s (7.1 MB/s)
  [2244/3225] ok=238 cached=2001 fail=5  862.1GB total (206min elapsed, ~13.8hr remaining)
  [start ] SRR10291747
  [done  ] SRR24737265  3.30GB in 456s (7.2 MB/s)
  [2245/3225] ok=239 cached=2001 fail=5  865.4GB total (206min elapsed, ~13.8hr remaining)
  [start ] SRR10291787
  [done  ] SRR24737257  2.76GB in 449s (6.1 MB/s)
  [2246/3225] ok=240 cached=2001 fail=5  868.2GB total (207min elapsed, ~13.7hr remaining)
  [start ] SRR10291738
  [done  ] SRR24737264  3.43GB in 479s (7.1 MB/s)
  [2247/3225] ok=241 cached=2001 fail=5  871.6GB total (207min elapsed, ~13.7hr remaining)
  [start ] SRR10291766
  [done  ] SRR24737261  3.61GB in 485s (7.4 MB/s)
  [2248/3225] ok=242 cached=2001 fail=5  875.2GB total (207min elapsed, ~13.7hr remaining)
  [start ] SRR10291760
  [done  ] SRR24737259  3.52GB in 488s (7.2 MB/s)
  [2249/3225] ok=243 cached=2001 fail=5  878.7GB total (207min elapsed, ~13.7hr remaining)
  [start ] SRR10291728
  [done  ] SRR10291756  7.94GB in 1066s (7.5 MB/s)
  [2250/3225] ok=244 cached=2001 fail=5  886.7GB total (217min elapsed, ~13.8hr remaining)
  [start ] SRR10291739
  [done  ] SRR10291734  7.64GB in 1090s (7.0 MB/s)
  [2251/3225] ok=245 cached=2001 fail=5  894.3GB total (223min elapsed, ~13.9hr remaining)
  [start ] SRR10291786
  [done  ] SRR10291728  7.25GB in 1083s (6.7 MB/s)
  [2252/3225] ok=246 cached=2001 fail=5  901.6GB total (225min elapsed, ~14.0hr remaining)
  [start ] SRR10291777
  [done  ] SRR10291787  8.15GB in 1202s (6.8 MB/s)
  [2253/3225] ok=247 cached=2001 fail=5  909.7GB total (226min elapsed, ~14.1hr remaining)
  [start ] SRR10291782
  [done  ] SRR10291747  8.89GB in 1346s (6.6 MB/s)
  [2254/3225] ok=248 cached=2001 fail=5  918.6GB total (229min elapsed, ~14.2hr remaining)
  [start ] SRR10291783
  [done  ] SRR10291738  8.83GB in 1318s (6.7 MB/s)
  [2255/3225] ok=249 cached=2001 fail=5  927.4GB total (229min elapsed, ~14.3hr remaining)
  [start ] SRR10291751
  [done  ] SRR10291760  7.95GB in 1423s (5.6 MB/s)
  [2256/3225] ok=250 cached=2001 fail=5  935.4GB total (231min elapsed, ~14.4hr remaining)
  [start ] SRR10291757
  [done  ] SRR10291766  9.53GB in 1459s (6.5 MB/s)
  [2257/3225] ok=251 cached=2001 fail=5  944.9GB total (231min elapsed, ~14.5hr remaining)
  [start ] SRR10291752
  [done  ] SRR10291739  7.58GB in 1050s (7.2 MB/s)
  [2258/3225] ok=252 cached=2001 fail=5  952.5GB total (235min elapsed, ~14.6hr remaining)
  [start ] SRR10291761
  [done  ] SRR10291786  8.13GB in 1160s (7.0 MB/s)
  [2259/3225] ok=253 cached=2001 fail=5  960.6GB total (242min elapsed, ~14.7hr remaining)
  [start ] SRR10291733
  [done  ] SRR10291782  7.15GB in 1080s (6.6 MB/s)
  [2260/3225] ok=254 cached=2001 fail=5  967.8GB total (244min elapsed, ~14.7hr remaining)
  [start ] SRR32920595
  [done  ] SRR10291751  8.06GB in 1142s (7.1 MB/s)
  [2261/3225] ok=255 cached=2001 fail=5  975.8GB total (248min elapsed, ~14.8hr remaining)
  [start ] SRR32920596
  [done  ] SRR10291777  9.40GB in 1388s (6.8 MB/s)
  [2262/3225] ok=256 cached=2001 fail=5  985.2GB total (248min elapsed, ~14.9hr remaining)
  [start ] SRR32920566
  [done  ] SRR32920595  1.71GB in 298s (5.7 MB/s)
  [2263/3225] ok=257 cached=2001 fail=5  986.9GB total (249min elapsed, ~14.9hr remaining)
  [start ] SRR32920599
  [done  ] SRR10291757  8.18GB in 1245s (6.6 MB/s)
  [2264/3225] ok=258 cached=2001 fail=5  995.1GB total (252min elapsed, ~15.0hr remaining)
  [start ] ERR10886951
  [done  ] SRR10291761  7.25GB in 1058s (6.9 MB/s)
  [2265/3225] ok=259 cached=2001 fail=5  1002.4GB total (252min elapsed, ~15.0hr remaining)
  [start ] ERR10886952
  [done  ] SRR10291752  8.97GB in 1324s (6.8 MB/s)
  [2266/3225] ok=260 cached=2001 fail=5  1011.3GB total (253min elapsed, ~15.1hr remaining)
  [start ] ERR10886953
  [done  ] SRR32920566  1.74GB in 301s (5.8 MB/s)
  [2267/3225] ok=261 cached=2001 fail=5  1013.1GB total (253min elapsed, ~15.1hr remaining)
  [start ] ERR10886996
  [done  ] SRR32920596  1.92GB in 356s (5.4 MB/s)
  [2268/3225] ok=262 cached=2001 fail=5  1015.0GB total (254min elapsed, ~15.1hr remaining)
  [start ] ERR10886997
  [done  ] SRR32920599  1.72GB in 292s (5.9 MB/s)
  [2269/3225] ok=263 cached=2001 fail=5  1016.7GB total (254min elapsed, ~15.0hr remaining)
  [start ] ERR10886998
  [done  ] SRR10291783  10.77GB in 1582s (6.8 MB/s)
  [2270/3225] ok=264 cached=2001 fail=5  1027.5GB total (255min elapsed, ~15.2hr remaining)
  [start ] ERR10886999
  [done  ] SRR10291733  8.21GB in 1144s (7.2 MB/s)
  [2271/3225] ok=265 cached=2001 fail=5  1035.7GB total (261min elapsed, ~15.2hr remaining)
  [start ] ERR10887000
  [done  ] ERR10886997  7.46GB in 1144s (6.5 MB/s)
  [2272/3225] ok=266 cached=2001 fail=5  1043.2GB total (273min elapsed, ~15.3hr remaining)
  [start ] ERR10887001
  [done  ] ERR10886996  7.54GB in 1161s (6.5 MB/s)
  [2273/3225] ok=267 cached=2001 fail=5  1050.7GB total (273min elapsed, ~15.4hr remaining)
  [start ] ERR10887007
  [done  ] ERR10886951  8.77GB in 1273s (6.9 MB/s)
  [2274/3225] ok=268 cached=2001 fail=5  1059.5GB total (273min elapsed, ~15.5hr remaining)
  [start ] ERR10887005
  [done  ] ERR10886998  7.30GB in 1117s (6.5 MB/s)
  [2275/3225] ok=269 cached=2001 fail=5  1066.8GB total (273min elapsed, ~15.5hr remaining)
  [start ] ERR10887006
  [done  ] ERR10886953  8.41GB in 1313s (6.4 MB/s)
  [2276/3225] ok=270 cached=2001 fail=5  1075.2GB total (275min elapsed, ~15.6hr remaining)
  [start ] ERR10886970
  [done  ] ERR10886952  8.67GB in 1372s (6.3 MB/s)
  [2277/3225] ok=271 cached=2001 fail=5  1083.9GB total (275min elapsed, ~15.7hr remaining)
  [start ] ERR10886969
  [done  ] ERR10886999  7.90GB in 1257s (6.3 MB/s)
  [2278/3225] ok=272 cached=2001 fail=5  1091.8GB total (276min elapsed, ~15.8hr remaining)
  [start ] ERR10886971
  [done  ] ERR10887000  7.79GB in 1151s (6.8 MB/s)
  [2279/3225] ok=273 cached=2001 fail=5  1099.5GB total (281min elapsed, ~15.8hr remaining)
  [start ] ERR10887004
  [done  ] ERR10887001  7.62GB in 1148s (6.6 MB/s)
  [2280/3225] ok=274 cached=2001 fail=5  1107.2GB total (292min elapsed, ~15.9hr remaining)
  [start ] ERR10887003
  [done  ] ERR10887007  8.57GB in 1265s (6.8 MB/s)
  [2281/3225] ok=275 cached=2001 fail=5  1115.7GB total (294min elapsed, ~16.0hr remaining)
  [start ] ERR10887002
  [done  ] ERR10887005  8.92GB in 1332s (6.7 MB/s)
  [2282/3225] ok=276 cached=2001 fail=5  1124.7GB total (295min elapsed, ~16.1hr remaining)
  [start ] ERR10886968
  [done  ] ERR10886970  8.32GB in 1243s (6.7 MB/s)
  [2283/3225] ok=277 cached=2001 fail=5  1133.0GB total (296min elapsed, ~16.1hr remaining)
  [start ] ERR10886967
  [done  ] ERR10886969  8.51GB in 1286s (6.6 MB/s)
  [2284/3225] ok=278 cached=2001 fail=5  1141.5GB total (297min elapsed, ~16.2hr remaining)
  [start ] ERR10886966
  [done  ] ERR10887006  8.77GB in 1483s (5.9 MB/s)
  [2285/3225] ok=279 cached=2001 fail=5  1150.3GB total (298min elapsed, ~16.3hr remaining)
  [2286/3225] ok=279 cached=2002 fail=5  1150.3GB total (298min elapsed, ~16.3hr remaining)
  [2287/3225] ok=279 cached=2003 fail=5  1150.3GB total (298min elapsed, ~16.3hr remaining)
  [2288/3225] ok=279 cached=2004 fail=5  1150.3GB total (298min elapsed, ~16.3hr remaining)
  [start ] ERR10886987
  [done  ] ERR10886971  8.20GB in 1346s (6.1 MB/s)
  [2289/3225] ok=280 cached=2004 fail=5  1158.5GB total (298min elapsed, ~16.3hr remaining)
  [start ] ERR10886989
  [done  ] ERR10887004  10.17GB in 1463s (7.0 MB/s)
  [2290/3225] ok=281 cached=2004 fail=5  1168.6GB total (305min elapsed, ~16.4hr remaining)
  [start ] ERR10886988
  [done  ] ERR10886968  7.95GB in 1177s (6.8 MB/s)
  [2291/3225] ok=282 cached=2004 fail=5  1176.6GB total (315min elapsed, ~16.5hr remaining)
  [start ] ERR10886915
  [done  ] ERR10886967  8.09GB in 1235s (6.6 MB/s)
  [2292/3225] ok=283 cached=2004 fail=5  1184.7GB total (316min elapsed, ~16.6hr remaining)
  [start ] ERR10886916
  [done  ] ERR10887003  10.46GB in 1476s (7.1 MB/s)
  [2293/3225] ok=284 cached=2004 fail=5  1195.1GB total (316min elapsed, ~16.7hr remaining)
  [start ] ERR10886917
  [done  ] ERR10886966  8.24GB in 1217s (6.8 MB/s)
  [2294/3225] ok=285 cached=2004 fail=5  1203.4GB total (317min elapsed, ~16.7hr remaining)
  [start ] ERR10886993
  [done  ] ERR10886987  8.16GB in 1175s (6.9 MB/s)
  [2295/3225] ok=286 cached=2004 fail=5  1211.5GB total (317min elapsed, ~16.8hr remaining)
  [start ] ERR10886995
  [done  ] ERR10886989  7.88GB in 1172s (6.7 MB/s)
  [2296/3225] ok=287 cached=2004 fail=5  1219.4GB total (318min elapsed, ~16.8hr remaining)
  [start ] ERR10886994
  [done  ] ERR10887002  10.61GB in 1565s (6.8 MB/s)
  [2297/3225] ok=288 cached=2004 fail=5  1230.0GB total (320min elapsed, ~16.9hr remaining)
  [start ] ERR10886939
  [done  ] ERR10886988  8.03GB in 1152s (7.0 MB/s)
  [2298/3225] ok=289 cached=2004 fail=5  1238.1GB total (324min elapsed, ~17.0hr remaining)
  [start ] ERR10886940
  [done  ] ERR10886915  9.15GB in 1367s (6.7 MB/s)
  [2299/3225] ok=290 cached=2004 fail=5  1247.2GB total (338min elapsed, ~17.1hr remaining)
  [start ] ERR10886941
  [done  ] ERR10886916  8.97GB in 1357s (6.6 MB/s)
  [2300/3225] ok=291 cached=2004 fail=5  1256.2GB total (339min elapsed, ~17.1hr remaining)
  [start ] ERR10886922
  [done  ] ERR10886917  8.88GB in 1384s (6.4 MB/s)
  [2301/3225] ok=292 cached=2004 fail=5  1265.0GB total (340min elapsed, ~17.2hr remaining)
  [start ] ERR10886921
  [done  ] ERR10886995  8.49GB in 1349s (6.3 MB/s)
  [2302/3225] ok=293 cached=2004 fail=5  1273.5GB total (340min elapsed, ~17.3hr remaining)
  [start ] ERR10886923
  [done  ] ERR10886993  8.77GB in 1383s (6.3 MB/s)
  [2303/3225] ok=294 cached=2004 fail=5  1282.3GB total (340min elapsed, ~17.3hr remaining)
  [start ] ERR10886918
  [done  ] ERR10886994  8.67GB in 1354s (6.4 MB/s)
  [2304/3225] ok=295 cached=2004 fail=5  1291.0GB total (340min elapsed, ~17.4hr remaining)
  [start ] ERR10886920
  [done  ] ERR10886939  7.70GB in 1251s (6.2 MB/s)
  [2305/3225] ok=296 cached=2004 fail=5  1298.7GB total (341min elapsed, ~17.5hr remaining)
  [start ] ERR10886919
  [done  ] ERR10886940  7.59GB in 1134s (6.7 MB/s)
  [2306/3225] ok=297 cached=2004 fail=5  1306.3GB total (343min elapsed, ~17.5hr remaining)
  [start ] ERR10886958
  [done  ] ERR10886941  7.40GB in 1062s (7.0 MB/s)
  [2307/3225] ok=298 cached=2004 fail=5  1313.7GB total (355min elapsed, ~17.5hr remaining)
  [start ] ERR10886959
  [done  ] ERR10886922  8.29GB in 1274s (6.5 MB/s)
  [2308/3225] ok=299 cached=2004 fail=5  1322.0GB total (360min elapsed, ~17.6hr remaining)
  [start ] ERR10886957
  [done  ] ERR10886921  8.46GB in 1292s (6.6 MB/s)
  [2309/3225] ok=300 cached=2004 fail=5  1330.4GB total (361min elapsed, ~17.7hr remaining)
  [start ] ERR10886931
  [done  ] ERR10886920  8.40GB in 1286s (6.5 MB/s)
  [2310/3225] ok=301 cached=2004 fail=5  1338.8GB total (362min elapsed, ~17.7hr remaining)
  [start ] ERR10886932
  [done  ] ERR10886918  8.65GB in 1315s (6.6 MB/s)
  [2311/3225] ok=302 cached=2004 fail=5  1347.5GB total (362min elapsed, ~17.8hr remaining)
  [start ] ERR10886930
  [done  ] ERR10886919  8.51GB in 1293s (6.6 MB/s)
  [2312/3225] ok=303 cached=2004 fail=5  1356.0GB total (362min elapsed, ~17.8hr remaining)
  [start ] ERR10886964
  [done  ] ERR10886923  8.23GB in 1565s (5.3 MB/s)
  [2313/3225] ok=304 cached=2004 fail=5  1364.2GB total (366min elapsed, ~17.9hr remaining)
  [start ] ERR10886965
  [done  ] ERR10886958  9.32GB in 1380s (6.8 MB/s)
  [2314/3225] ok=305 cached=2004 fail=5  1373.5GB total (366min elapsed, ~18.0hr remaining)
  [start ] ERR10886963
  [done  ] ERR10886959  9.11GB in 1305s (7.0 MB/s)
  [2315/3225] ok=306 cached=2004 fail=5  1382.6GB total (377min elapsed, ~18.0hr remaining)
  [start ] ERR10886981
  [done  ] ERR10886931  7.19GB in 1096s (6.6 MB/s)
  [2316/3225] ok=307 cached=2004 fail=5  1389.8GB total (379min elapsed, ~18.1hr remaining)
  [start ] ERR10886983
  [done  ] ERR10886932  7.06GB in 1066s (6.6 MB/s)
  [2317/3225] ok=308 cached=2004 fail=5  1396.9GB total (380min elapsed, ~18.1hr remaining)
  [start ] ERR10886982
  [done  ] ERR10886930  7.26GB in 1103s (6.6 MB/s)
  [2318/3225] ok=309 cached=2004 fail=5  1404.1GB total (380min elapsed, ~18.1hr remaining)
  [start ] ERR10886955
  [done  ] ERR10886964  8.11GB in 1214s (6.7 MB/s)
  [2319/3225] ok=310 cached=2004 fail=5  1412.3GB total (383min elapsed, ~18.2hr remaining)
  [start ] ERR10886956
  [done  ] ERR10886957  9.49GB in 1413s (6.7 MB/s)
  [2320/3225] ok=311 cached=2004 fail=5  1421.7GB total (384min elapsed, ~18.3hr remaining)
  [start ] ERR10886954
  [done  ] ERR10886965  7.90GB in 1169s (6.8 MB/s)
  [2321/3225] ok=312 cached=2004 fail=5  1429.6GB total (385min elapsed, ~18.3hr remaining)
  [start ] ERR10886946
  [done  ] ERR10886963  8.20GB in 1194s (6.9 MB/s)
  [2322/3225] ok=313 cached=2004 fail=5  1437.8GB total (386min elapsed, ~18.3hr remaining)
  [start ] ERR10886947
  [done  ] ERR10886981  8.26GB in 1168s (7.1 MB/s)
  [2323/3225] ok=314 cached=2004 fail=5  1446.1GB total (396min elapsed, ~18.4hr remaining)
  [start ] ERR10886945
  [done  ] ERR10886983  7.96GB in 1125s (7.1 MB/s)
  [2324/3225] ok=315 cached=2004 fail=5  1454.1GB total (398min elapsed, ~18.4hr remaining)
  [start ] ERR10886913
  [done  ] ERR10886955  7.93GB in 1170s (6.8 MB/s)
  [2325/3225] ok=316 cached=2004 fail=5  1462.0GB total (400min elapsed, ~18.4hr remaining)
  [start ] ERR10886912
  [done  ] ERR10886982  8.17GB in 1262s (6.5 MB/s)
  [2326/3225] ok=317 cached=2004 fail=5  1470.2GB total (401min elapsed, ~18.5hr remaining)
  [start ] ERR10886908
  [done  ] ERR10886956  7.76GB in 1244s (6.2 MB/s)
  [2327/3225] ok=318 cached=2004 fail=5  1477.9GB total (403min elapsed, ~18.5hr remaining)
  [start ] ERR10886906
  [done  ] ERR10886954  8.03GB in 1184s (6.8 MB/s)
  [2328/3225] ok=319 cached=2004 fail=5  1486.0GB total (403min elapsed, ~18.6hr remaining)
  [start ] ERR10886907
  [done  ] ERR10886946  8.29GB in 1280s (6.5 MB/s)
  [2329/3225] ok=320 cached=2004 fail=5  1494.2GB total (407min elapsed, ~18.6hr remaining)
  [start ] ERR10886962
  [done  ] ERR10886947  8.08GB in 1330s (6.1 MB/s)
  [2330/3225] ok=321 cached=2004 fail=5  1502.3GB total (408min elapsed, ~18.7hr remaining)
  [start ] ERR10886960
  [done  ] ERR10886945  8.41GB in 1233s (6.8 MB/s)
  [2331/3225] ok=322 cached=2004 fail=5  1510.7GB total (417min elapsed, ~18.7hr remaining)
  [start ] ERR10886961
  [done  ] ERR10886908  8.28GB in 1188s (7.0 MB/s)
  [2332/3225] ok=323 cached=2004 fail=5  1519.0GB total (420min elapsed, ~18.7hr remaining)
  [start ] ERR10886985
  [done  ] ERR10886907  8.51GB in 1261s (6.7 MB/s)
  [2333/3225] ok=324 cached=2004 fail=5  1527.5GB total (424min elapsed, ~18.8hr remaining)
  [start ] ERR10886986
  [done  ] ERR10886906  8.59GB in 1274s (6.7 MB/s)
  [2334/3225] ok=325 cached=2004 fail=5  1536.1GB total (425min elapsed, ~18.8hr remaining)
  [start ] ERR10886984
  [done  ] ERR10886913  10.61GB in 1607s (6.6 MB/s)
  [2335/3225] ok=326 cached=2004 fail=5  1546.7GB total (425min elapsed, ~18.9hr remaining)
  [start ] ERR10886976
  [done  ] ERR10886912  10.75GB in 1560s (6.9 MB/s)
  [2336/3225] ok=327 cached=2004 fail=5  1557.5GB total (426min elapsed, ~19.0hr remaining)
  [start ] ERR10886977
  [done  ] ERR10886962  9.56GB in 1371s (7.0 MB/s)
  [2337/3225] ok=328 cached=2004 fail=5  1567.0GB total (429min elapsed, ~19.0hr remaining)
  [start ] ERR10886975
  [done  ] ERR10886960  9.93GB in 1432s (6.9 MB/s)
  [2338/3225] ok=329 cached=2004 fail=5  1577.0GB total (432min elapsed, ~19.1hr remaining)
  [start ] ERR10886991
  [done  ] ERR10886961  9.73GB in 1384s (7.0 MB/s)
  [2339/3225] ok=330 cached=2004 fail=5  1586.7GB total (440min elapsed, ~19.1hr remaining)
  [start ] ERR10886992
  [done  ] ERR10886985  9.66GB in 1342s (7.2 MB/s)
  [2340/3225] ok=331 cached=2004 fail=5  1596.4GB total (443min elapsed, ~19.2hr remaining)
  [start ] ERR10886990
  [done  ] ERR10886986  9.37GB in 1345s (7.0 MB/s)
  [2341/3225] ok=332 cached=2004 fail=5  1605.7GB total (447min elapsed, ~19.2hr remaining)
  [start ] ERR10886943
  [done  ] ERR10886976  9.29GB in 1353s (6.9 MB/s)
  [2342/3225] ok=333 cached=2004 fail=5  1615.0GB total (447min elapsed, ~19.3hr remaining)
  [start ] ERR10886944
  [done  ] ERR10886977  9.10GB in 1314s (6.9 MB/s)
  [2343/3225] ok=334 cached=2004 fail=5  1624.1GB total (448min elapsed, ~19.3hr remaining)
  [start ] ERR10886942
  [done  ] ERR10886984  9.75GB in 1407s (6.9 MB/s)
  [2344/3225] ok=335 cached=2004 fail=5  1633.8GB total (448min elapsed, ~19.3hr remaining)
  [start ] SRR31278113
  [done  ] ERR10886975  9.43GB in 1322s (7.1 MB/s)
  [2345/3225] ok=336 cached=2004 fail=5  1643.3GB total (452min elapsed, ~19.4hr remaining)
  [start ] SRR31278118
  [done  ] ERR10886991  10.35GB in 1497s (6.9 MB/s)
  [2346/3225] ok=337 cached=2004 fail=5  1653.6GB total (457min elapsed, ~19.4hr remaining)
  [start ] SRR31278120
  [done  ] ERR10886992  10.21GB in 1498s (6.8 MB/s)
  [2347/3225] ok=338 cached=2004 fail=5  1663.8GB total (465min elapsed, ~19.5hr remaining)
  [start ] SRR31278123
  [done  ] ERR10886943  8.75GB in 1275s (6.9 MB/s)
  [2348/3225] ok=339 cached=2004 fail=5  1672.6GB total (468min elapsed, ~19.5hr remaining)
  [start ] SRR31278117
  [done  ] SRR31278113  8.05GB in 1211s (6.6 MB/s)
  [2349/3225] ok=340 cached=2004 fail=5  1680.6GB total (468min elapsed, ~19.6hr remaining)
  [start ] SRR31278110
  [done  ] ERR10886944  8.63GB in 1305s (6.6 MB/s)
  [2350/3225] ok=341 cached=2004 fail=5  1689.3GB total (469min elapsed, ~19.6hr remaining)
  [start ] SRR31278119
  [done  ] ERR10886942  8.94GB in 1323s (6.8 MB/s)
  [2351/3225] ok=342 cached=2004 fail=5  1698.2GB total (470min elapsed, ~19.6hr remaining)
  [start ] SRR31278112
  [done  ] ERR10886990  10.57GB in 1690s (6.3 MB/s)
  [2352/3225] ok=343 cached=2004 fail=5  1708.8GB total (471min elapsed, ~19.7hr remaining)
  [start ] SRR31278114
  [done  ] SRR31278118  8.96GB in 1287s (7.0 MB/s)
  [2353/3225] ok=344 cached=2004 fail=5  1717.7GB total (473min elapsed, ~19.7hr remaining)
  [start ] SRR31278121
  [done  ] SRR31278123  8.55GB in 1209s (7.1 MB/s)
  [2354/3225] ok=345 cached=2004 fail=5  1726.3GB total (485min elapsed, ~19.8hr remaining)
  [start ] SRR31278122
  [done  ] SRR31278110  8.31GB in 1220s (6.8 MB/s)
  [2355/3225] ok=346 cached=2004 fail=5  1734.6GB total (489min elapsed, ~19.8hr remaining)
  [start ] SRR31278111
  [done  ] SRR31278117  8.45GB in 1254s (6.7 MB/s)
  [2356/3225] ok=347 cached=2004 fail=5  1743.0GB total (489min elapsed, ~19.8hr remaining)
  [start ] SRR24901494
  [done  ] SRR31278119  8.62GB in 1287s (6.7 MB/s)
  [2357/3225] ok=348 cached=2004 fail=5  1751.7GB total (491min elapsed, ~19.9hr remaining)
  [2358/3225] ok=348 cached=2005 fail=5  1751.7GB total (491min elapsed, ~19.8hr remaining)
  [start ] SRR24901492
  [done  ] SRR31278114  8.02GB in 1197s (6.7 MB/s)
  [2359/3225] ok=349 cached=2005 fail=5  1759.7GB total (491min elapsed, ~19.9hr remaining)
  [start ] ERR1360186
  [done  ] SRR31278112  8.52GB in 1299s (6.6 MB/s)
  [2360/3225] ok=350 cached=2005 fail=5  1768.2GB total (491min elapsed, ~19.9hr remaining)
  [start ] ERR1360187
  [done  ] SRR31278121  8.17GB in 1202s (6.8 MB/s)
  [2361/3225] ok=351 cached=2005 fail=5  1776.4GB total (493min elapsed, ~19.9hr remaining)
  [start ] ERR1360192
  [done  ] SRR24901494  3.51GB in 502s (7.0 MB/s)
  [2362/3225] ok=352 cached=2005 fail=5  1779.9GB total (497min elapsed, ~19.9hr remaining)
  [start ] ERR1360193
  [done  ] ERR1360186  3.12GB in 392s (8.0 MB/s)
  [2363/3225] ok=353 cached=2005 fail=5  1783.0GB total (497min elapsed, ~19.8hr remaining)
  [start ] SRR30673024
  [done  ] ERR1360187  3.11GB in 408s (7.6 MB/s)
  [2364/3225] ok=354 cached=2005 fail=5  1786.1GB total (498min elapsed, ~19.8hr remaining)
  [start ] SRR30673032
  [done  ] SRR24901492  3.59GB in 537s (6.7 MB/s)
  [2365/3225] ok=355 cached=2005 fail=5  1789.7GB total (500min elapsed, ~19.7hr remaining)
  [start ] SRR30673023
  [done  ] ERR1360192  5.37GB in 661s (8.1 MB/s)
  [2366/3225] ok=356 cached=2005 fail=5  1795.1GB total (504min elapsed, ~19.7hr remaining)
  [start ] SRR30673031
  [done  ] SRR31278122  9.17GB in 1304s (7.0 MB/s)
  [2367/3225] ok=357 cached=2005 fail=5  1804.2GB total (507min elapsed, ~19.8hr remaining)
  [start ] SRR30673025
  [done  ] SRR31278111  8.18GB in 1188s (6.9 MB/s)
  [2368/3225] ok=358 cached=2005 fail=5  1812.4GB total (508min elapsed, ~19.8hr remaining)
  [start ] SRR14212082
  [done  ] ERR1360193  5.33GB in 671s (7.9 MB/s)
  [2369/3225] ok=359 cached=2005 fail=5  1817.7GB total (509min elapsed, ~19.8hr remaining)
  [start ] SRR14212084
  [done  ] SRR31278120  8.15GB in 3343s (2.4 MB/s)
  [2370/3225] ok=360 cached=2005 fail=5  1825.9GB total (513min elapsed, ~20.0hr remaining)
  [start ] SRR14212083
  [done  ] SRR30673024  7.44GB in 1005s (7.4 MB/s)
  [2371/3225] ok=361 cached=2005 fail=5  1833.3GB total (514min elapsed, ~20.0hr remaining)
  [start ] SRR14212085
  [done  ] SRR30673032  7.25GB in 984s (7.4 MB/s)
  [2372/3225] ok=362 cached=2005 fail=5  1840.6GB total (515min elapsed, ~20.0hr remaining)
  [start ] SRR15274850
  [done  ] SRR30673023  7.15GB in 1015s (7.0 MB/s)
  [2373/3225] ok=363 cached=2005 fail=5  1847.7GB total (516min elapsed, ~20.0hr remaining)
  [start ] SRR21997280
  [done  ] SRR14212084  2.96GB in 474s (6.2 MB/s)
  [2374/3225] ok=364 cached=2005 fail=5  1850.7GB total (516min elapsed, ~19.9hr remaining)
  [start ] SRR21997284
  [done  ] SRR14212082  3.37GB in 543s (6.2 MB/s)
  [2375/3225] ok=365 cached=2005 fail=5  1854.1GB total (517min elapsed, ~19.9hr remaining)
  [start ] SRR8418247
  [done  ] SRR8418247  0.22GB in 44s (5.1 MB/s)
  [2376/3225] ok=366 cached=2005 fail=5  1854.3GB total (518min elapsed, ~19.8hr remaining)
  [start ] SRR8418307
  [done  ] SRR30673031  6.67GB in 916s (7.3 MB/s)
  [2377/3225] ok=367 cached=2005 fail=5  1861.0GB total (519min elapsed, ~19.8hr remaining)
  [start ] SRR8418334
  [done  ] SRR8418307  0.52GB in 84s (6.2 MB/s)
  [2378/3225] ok=368 cached=2005 fail=5  1861.5GB total (520min elapsed, ~19.7hr remaining)
  [start ] SRR8418321
  [done  ] SRR14212083  3.10GB in 466s (6.7 MB/s)
  [2379/3225] ok=369 cached=2005 fail=5  1864.6GB total (520min elapsed, ~19.7hr remaining)
  [start ] SRR8418276
  [done  ] SRR8418334  0.55GB in 94s (5.8 MB/s)
  [2380/3225] ok=370 cached=2005 fail=5  1865.1GB total (521min elapsed, ~19.6hr remaining)
  [start ] SRR8418248
  [done  ] SRR30673025  6.11GB in 843s (7.3 MB/s)
  [2381/3225] ok=371 cached=2005 fail=5  1871.3GB total (521min elapsed, ~19.6hr remaining)
  [start ] SRR8418260
  [done  ] SRR8418321  0.70GB in 112s (6.3 MB/s)
  [2382/3225] ok=372 cached=2005 fail=5  1872.0GB total (521min elapsed, ~19.6hr remaining)
  [start ] SRR8418306
  [done  ] SRR8418260  0.11GB in 30s (3.7 MB/s)
  [2383/3225] ok=373 cached=2005 fail=5  1872.1GB total (521min elapsed, ~19.5hr remaining)
  [start ] SRR8418305
  [done  ] SRR8418276  0.56GB in 92s (6.0 MB/s)
  [2384/3225] ok=374 cached=2005 fail=5  1872.6GB total (522min elapsed, ~19.4hr remaining)
  [start ] SRR8418335
  [done  ] SRR14212085  3.21GB in 487s (6.6 MB/s)
  [2385/3225] ok=375 cached=2005 fail=5  1875.8GB total (522min elapsed, ~19.4hr remaining)
  [start ] SRR8418342
  [done  ] SRR8418305  0.26GB in 50s (5.2 MB/s)
  [2386/3225] ok=376 cached=2005 fail=5  1876.1GB total (522min elapsed, ~19.3hr remaining)
  [start ] SRR8418268
  [done  ] SRR8418248  0.78GB in 114s (6.8 MB/s)
  [2387/3225] ok=377 cached=2005 fail=5  1876.9GB total (523min elapsed, ~19.2hr remaining)
  [start ] SRR8418308
  [done  ] SRR8418306  0.54GB in 82s (6.6 MB/s)
  [2388/3225] ok=378 cached=2005 fail=5  1877.4GB total (523min elapsed, ~19.2hr remaining)
  [start ] SRR8418332
  [done  ] SRR8418335  0.32GB in 56s (5.7 MB/s)
  [2389/3225] ok=379 cached=2005 fail=5  1877.7GB total (523min elapsed, ~19.1hr remaining)
  [start ] SRR8418269
  [done  ] SRR8418268  0.46GB in 80s (5.8 MB/s)
  [2390/3225] ok=380 cached=2005 fail=5  1878.2GB total (524min elapsed, ~19.0hr remaining)
  [start ] SRR8418381
  [done  ] SRR8418342  0.58GB in 91s (6.4 MB/s)
  [2391/3225] ok=381 cached=2005 fail=5  1878.8GB total (524min elapsed, ~19.0hr remaining)
  [start ] SRR8418245
  [done  ] SRR8418269  0.75GB in 113s (6.7 MB/s)
  [2392/3225] ok=382 cached=2005 fail=5  1879.5GB total (525min elapsed, ~18.9hr remaining)
  [start ] SRR8418301
  [done  ] SRR8418308  0.89GB in 129s (6.9 MB/s)
  [2393/3225] ok=383 cached=2005 fail=5  1880.4GB total (525min elapsed, ~18.8hr remaining)
  [start ] SRR8418250
  [done  ] SRR8418245  0.59GB in 92s (6.5 MB/s)
  [2394/3225] ok=384 cached=2005 fail=5  1881.0GB total (525min elapsed, ~18.8hr remaining)
  [start ] SRR8418290
  [done  ] SRR8418381  0.72GB in 108s (6.6 MB/s)
  [2395/3225] ok=385 cached=2005 fail=5  1881.7GB total (525min elapsed, ~18.7hr remaining)
  [start ] SRR8418333
  [done  ] SRR21997284  3.78GB in 573s (6.6 MB/s)
  [2396/3225] ok=386 cached=2005 fail=5  1885.5GB total (526min elapsed, ~18.7hr remaining)
  [start ] SRR8418259
  [done  ] SRR8418332  1.54GB in 216s (7.1 MB/s)
  [2397/3225] ok=387 cached=2005 fail=5  1887.1GB total (526min elapsed, ~18.6hr remaining)
  [start ] SRR8418322
  [done  ] SRR8418333  0.44GB in 73s (6.1 MB/s)
  [2398/3225] ok=388 cached=2005 fail=5  1887.5GB total (527min elapsed, ~18.6hr remaining)
  [start ] SRR8418272
  [done  ] SRR21997280  4.29GB in 619s (6.9 MB/s)
  [2399/3225] ok=389 cached=2005 fail=5  1891.8GB total (527min elapsed, ~18.5hr remaining)
  [start ] SRR8418244
  [done  ] SRR8418301  0.89GB in 128s (6.9 MB/s)
  [2400/3225] ok=390 cached=2005 fail=5  1892.7GB total (527min elapsed, ~18.5hr remaining)
  [start ] SRR8418221
  [done  ] SRR8418290  0.63GB in 100s (6.2 MB/s)
  [2401/3225] ok=391 cached=2005 fail=5  1893.3GB total (527min elapsed, ~18.4hr remaining)
  [start ] SRR8418224
  [done  ] SRR8418272  0.14GB in 31s (4.6 MB/s)
  [2402/3225] ok=392 cached=2005 fail=5  1893.5GB total (527min elapsed, ~18.4hr remaining)
  [start ] SRR8418385
  [done  ] SRR8418322  0.28GB in 47s (5.9 MB/s)
  [2403/3225] ok=393 cached=2005 fail=5  1893.7GB total (527min elapsed, ~18.3hr remaining)
  [start ] SRR8418302
  [done  ] SRR8418250  1.01GB in 143s (7.1 MB/s)
  [2404/3225] ok=394 cached=2005 fail=5  1894.7GB total (527min elapsed, ~18.2hr remaining)
  [start ] SRR8418363
  [done  ] SRR8418244  0.33GB in 54s (6.1 MB/s)
  [2405/3225] ok=395 cached=2005 fail=5  1895.1GB total (528min elapsed, ~18.2hr remaining)
  [start ] SRR8418246
  [done  ] SRR8418302  0.26GB in 50s (5.2 MB/s)
  [2406/3225] ok=396 cached=2005 fail=5  1895.3GB total (528min elapsed, ~18.1hr remaining)
  [start ] SRR8418323
  [done  ] SRR8418385  0.60GB in 92s (6.5 MB/s)
  [2407/3225] ok=397 cached=2005 fail=5  1895.9GB total (529min elapsed, ~18.0hr remaining)
  [start ] SRR8418340
  [done  ] SRR8418221  0.73GB in 110s (6.7 MB/s)
  [2408/3225] ok=398 cached=2005 fail=5  1896.7GB total (529min elapsed, ~18.0hr remaining)
  [start ] SRR8418267
  [done  ] SRR8418246  0.56GB in 84s (6.7 MB/s)
  [2409/3225] ok=399 cached=2005 fail=5  1897.2GB total (529min elapsed, ~17.9hr remaining)
  [start ] SRR8418257
  [done  ] SRR8418363  0.73GB in 107s (6.9 MB/s)
  [2410/3225] ok=400 cached=2005 fail=5  1898.0GB total (529min elapsed, ~17.9hr remaining)
  [start ] SRR8418313
  [done  ] SRR8418224  0.89GB in 137s (6.5 MB/s)
  [2411/3225] ok=401 cached=2005 fail=5  1898.9GB total (529min elapsed, ~17.8hr remaining)
  [2412/3225] ok=401 cached=2006 fail=5  1898.9GB total (529min elapsed, ~17.8hr remaining)
  [start ] SRR8418256
  [done  ] SRR8418340  0.16GB in 38s (4.4 MB/s)
  [2413/3225] ok=402 cached=2006 fail=5  1899.0GB total (529min elapsed, ~17.7hr remaining)
  [start ] SRR8418371
  [done  ] SRR8418313  0.06GB in 23s (2.8 MB/s)
  [2414/3225] ok=403 cached=2006 fail=5  1899.1GB total (529min elapsed, ~17.7hr remaining)
  [start ] SRR8418329
  [done  ] SRR8418259  1.44GB in 214s (6.7 MB/s)
  [2415/3225] ok=404 cached=2006 fail=5  1900.5GB total (530min elapsed, ~17.6hr remaining)
  [start ] SRR8418258
  [done  ] SRR8418267  0.36GB in 58s (6.3 MB/s)
  [2416/3225] ok=405 cached=2006 fail=5  1900.9GB total (530min elapsed, ~17.5hr remaining)
  [start ] SRR8418252
  [done  ] SRR8418323  0.69GB in 103s (6.7 MB/s)
  [2417/3225] ok=406 cached=2006 fail=5  1901.6GB total (530min elapsed, ~17.5hr remaining)
  [start ] SRR8418318
  [done  ] SRR8418256  0.21GB in 41s (5.2 MB/s)
  [2418/3225] ok=407 cached=2006 fail=5  1901.8GB total (530min elapsed, ~17.4hr remaining)
  [start ] SRR8418284
  [done  ] SRR8418329  0.13GB in 31s (4.1 MB/s)
  [2419/3225] ok=408 cached=2006 fail=5  1901.9GB total (530min elapsed, ~17.4hr remaining)
  [start ] SRR8418341
  [done  ] SRR8418258  0.17GB in 36s (4.7 MB/s)
  [2420/3225] ok=409 cached=2006 fail=5  1902.1GB total (530min elapsed, ~17.3hr remaining)
  [start ] SRR8418319
  [done  ] SRR8418371  0.50GB in 81s (6.2 MB/s)
  [2421/3225] ok=410 cached=2006 fail=5  1902.6GB total (531min elapsed, ~17.2hr remaining)
  [start ] SRR8418242
  [done  ] SRR8418341  0.26GB in 49s (5.3 MB/s)
  [2422/3225] ok=411 cached=2006 fail=5  1902.8GB total (531min elapsed, ~17.2hr remaining)
  [start ] SRR8418261
  [done  ] SRR8418257  0.85GB in 125s (6.8 MB/s)
  [2423/3225] ok=412 cached=2006 fail=5  1903.7GB total (531min elapsed, ~17.1hr remaining)
  [start ] SRR8418331
  [done  ] SRR8418318  0.63GB in 94s (6.6 MB/s)
  [2424/3225] ok=413 cached=2006 fail=5  1904.3GB total (531min elapsed, ~17.1hr remaining)
  [start ] SRR8418310
  [done  ] SRR8418252  0.65GB in 100s (6.5 MB/s)
  [2425/3225] ok=414 cached=2006 fail=5  1905.0GB total (531min elapsed, ~17.0hr remaining)
  [start ] SRR8418343
  [done  ] SRR8418284  0.48GB in 85s (5.7 MB/s)
  [2426/3225] ok=415 cached=2006 fail=5  1905.4GB total (531min elapsed, ~17.0hr remaining)
  [start ] SRR8418262
  [done  ] SRR8418261  0.19GB in 38s (4.9 MB/s)
  [2427/3225] ok=416 cached=2006 fail=5  1905.6GB total (531min elapsed, ~16.9hr remaining)
  [start ] SRR8418379
  [done  ] SRR8418319  0.55GB in 86s (6.5 MB/s)
  [2428/3225] ok=417 cached=2006 fail=5  1906.2GB total (532min elapsed, ~16.8hr remaining)
  [start ] SRR8418299
  [done  ] SRR8418343  0.34GB in 63s (5.4 MB/s)
  [2429/3225] ok=418 cached=2006 fail=5  1906.5GB total (532min elapsed, ~16.8hr remaining)
  [start ] SRR8418303
  [done  ] SRR8418310  0.38GB in 67s (5.7 MB/s)
  [2430/3225] ok=419 cached=2006 fail=5  1906.9GB total (532min elapsed, ~16.7hr remaining)
  [start ] SRR8418304
  [done  ] SRR8418331  0.51GB in 83s (6.1 MB/s)
  [2431/3225] ok=420 cached=2006 fail=5  1907.4GB total (533min elapsed, ~16.7hr remaining)
  [start ] SRR8418320
  [done  ] SRR8418299  0.39GB in 67s (5.8 MB/s)
  [2432/3225] ok=421 cached=2006 fail=5  1907.8GB total (533min elapsed, ~16.6hr remaining)
  [start ] SRR8418338
  [done  ] SRR8418262  0.59GB in 91s (6.5 MB/s)
  [2433/3225] ok=422 cached=2006 fail=5  1908.4GB total (533min elapsed, ~16.6hr remaining)
  [start ] SRR8418317
  [done  ] SRR8418379  0.66GB in 101s (6.5 MB/s)
  [2434/3225] ok=423 cached=2006 fail=5  1909.0GB total (533min elapsed, ~16.5hr remaining)
  [start ] SRR8418266
  [done  ] SRR8418304  0.36GB in 61s (5.8 MB/s)
  [2435/3225] ok=424 cached=2006 fail=5  1909.4GB total (533min elapsed, ~16.5hr remaining)
  [start ] SRR8418298
  [done  ] SRR8418266  0.05GB in 21s (2.2 MB/s)
  [2436/3225] ok=425 cached=2006 fail=5  1909.5GB total (533min elapsed, ~16.4hr remaining)
  [start ] SRR8418264
  [done  ] SRR8418303  0.39GB in 66s (5.9 MB/s)
  [2437/3225] ok=426 cached=2006 fail=5  1909.8GB total (534min elapsed, ~16.3hr remaining)
  [start ] SRR8418326
  [done  ] SRR8418317  0.17GB in 36s (4.6 MB/s)
  [2438/3225] ok=427 cached=2006 fail=5  1910.0GB total (534min elapsed, ~16.3hr remaining)
  [start ] SRR3498311
  [done  ] SRR8418242  1.47GB in 206s (7.1 MB/s)
  [2439/3225] ok=428 cached=2006 fail=5  1911.5GB total (534min elapsed, ~16.2hr remaining)
  [start ] SRR3498313
  [done  ] SRR8418326  0.29GB in 52s (5.5 MB/s)
  [2440/3225] ok=429 cached=2006 fail=5  1911.8GB total (534min elapsed, ~16.2hr remaining)
  [start ] SRR3498315
  [done  ] SRR8418320  0.74GB in 116s (6.4 MB/s)
  [2441/3225] ok=430 cached=2006 fail=5  1912.5GB total (534min elapsed, ~16.1hr remaining)
  [2442/3225] ok=430 cached=2007 fail=5  1912.5GB total (534min elapsed, ~16.1hr remaining)
  [start ] SRR9276716
  [done  ] SRR8418338  0.84GB in 130s (6.5 MB/s)
  [2443/3225] ok=431 cached=2007 fail=5  1913.4GB total (535min elapsed, ~16.1hr remaining)
  [start ] SRR9276710
  [done  ] SRR8418264  0.50GB in 86s (5.9 MB/s)
  [2444/3225] ok=432 cached=2007 fail=5  1913.9GB total (535min elapsed, ~16.0hr remaining)
  [start ] SRR22142919
  [done  ] SRR8418298  0.61GB in 92s (6.6 MB/s)
  [2445/3225] ok=433 cached=2007 fail=5  1914.5GB total (535min elapsed, ~16.0hr remaining)
  [start ] SRR22142944
  [done  ] SRR3498311  2.47GB in 282s (8.8 MB/s)
  [2446/3225] ok=434 cached=2007 fail=5  1916.9GB total (538min elapsed, ~15.9hr remaining)
  [start ] SRR22142976
  [done  ] SRR3498315  2.21GB in 265s (8.3 MB/s)
  [2447/3225] ok=435 cached=2007 fail=5  1919.1GB total (539min elapsed, ~15.9hr remaining)
  [start ] SRR22142977
  [done  ] SRR3498313  2.44GB in 284s (8.6 MB/s)
  [2448/3225] ok=436 cached=2007 fail=5  1921.6GB total (539min elapsed, ~15.8hr remaining)
  [start ] SRR22142978
  [done  ] SRR15274850  14.29GB in 1763s (8.1 MB/s)
  [2449/3225] ok=437 cached=2007 fail=5  1935.9GB total (544min elapsed, ~15.9hr remaining)
  [start ] SRR22142917
  [done  ] SRR9276716  4.45GB in 616s (7.2 MB/s)
  [2450/3225] ok=438 cached=2007 fail=5  1940.3GB total (545min elapsed, ~15.9hr remaining)
  [start ] SRR10582639
  [done  ] SRR22142976  3.15GB in 461s (6.8 MB/s)
  [2451/3225] ok=439 cached=2007 fail=5  1943.5GB total (546min elapsed, ~15.8hr remaining)
  [start ] SRR10095076
  [done  ] SRR9276710  5.02GB in 707s (7.1 MB/s)
  [2452/3225] ok=440 cached=2007 fail=5  1948.5GB total (547min elapsed, ~15.8hr remaining)
  [start ] SRR10095075
  [done  ] SRR22142978  3.74GB in 556s (6.7 MB/s)
  [2453/3225] ok=441 cached=2007 fail=5  1952.2GB total (548min elapsed, ~15.8hr remaining)
  [start ] SRR24116281
  [done  ] SRR10095076  2.50GB in 288s (8.7 MB/s)
  [2454/3225] ok=442 cached=2007 fail=5  1954.7GB total (551min elapsed, ~15.8hr remaining)
  [start ] SRR33846325
  [done  ] SRR10095075  2.46GB in 291s (8.5 MB/s)
  [2455/3225] ok=443 cached=2007 fail=5  1957.2GB total (552min elapsed, ~15.7hr remaining)
  [start ] SRR33846324
  [done  ] SRR24116281  3.46GB in 527s (6.6 MB/s)
  [2456/3225] ok=444 cached=2007 fail=5  1960.6GB total (557min elapsed, ~15.7hr remaining)
  [start ] SRR33846330
  [done  ] SRR33846325  3.51GB in 544s (6.5 MB/s)
  [2457/3225] ok=445 cached=2007 fail=5  1964.2GB total (560min elapsed, ~15.7hr remaining)
  [start ] SRR33846326
  [done  ] SRR33846324  3.92GB in 624s (6.3 MB/s)
  [2458/3225] ok=446 cached=2007 fail=5  1968.1GB total (562min elapsed, ~15.7hr remaining)
  [start ] SRR33846329
  [done  ] SRR22142919  11.81GB in 1737s (6.8 MB/s)
  [2459/3225] ok=447 cached=2007 fail=5  1979.9GB total (564min elapsed, ~15.7hr remaining)
  [start ] SRR33846332
  [done  ] SRR33846330  3.48GB in 527s (6.6 MB/s)
  [2460/3225] ok=448 cached=2007 fail=5  1983.4GB total (566min elapsed, ~15.7hr remaining)
  [start ] SRR20999602
  [done  ] SRR33846326  3.40GB in 504s (6.8 MB/s)
  [2461/3225] ok=449 cached=2007 fail=5  1986.8GB total (568min elapsed, ~15.7hr remaining)
  [start ] SRR20999596
  [done  ] SRR33846329  3.86GB in 566s (6.8 MB/s)
  [2462/3225] ok=450 cached=2007 fail=5  1990.6GB total (571min elapsed, ~15.6hr remaining)
  [start ] SRR20999595
  [done  ] SRR22142917  11.24GB in 1748s (6.4 MB/s)
  [2463/3225] ok=451 cached=2007 fail=5  2001.9GB total (573min elapsed, ~15.7hr remaining)
  [start ] SRR20999593
  [done  ] SRR33846332  4.28GB in 629s (6.8 MB/s)
  [2464/3225] ok=452 cached=2007 fail=5  2006.1GB total (574min elapsed, ~15.7hr remaining)
  [start ] ERR10926641
  [done  ] SRR10582639  12.08GB in 1836s (6.6 MB/s)
  [2465/3225] ok=453 cached=2007 fail=5  2018.2GB total (575min elapsed, ~15.7hr remaining)
  [start ] ERR10926661
  [done  ] SRR22142977  15.37GB in 2307s (6.7 MB/s)
  [2466/3225] ok=454 cached=2007 fail=5  2033.6GB total (577min elapsed, ~15.8hr remaining)
  [start ] ERR10926675
  [done  ] SRR20999602  5.05GB in 731s (6.9 MB/s)
  [2467/3225] ok=455 cached=2007 fail=5  2038.7GB total (578min elapsed, ~15.8hr remaining)
  [start ] ERR10926674
  [done  ] SRR20999595  2.89GB in 410s (7.1 MB/s)
  [2468/3225] ok=456 cached=2007 fail=5  2041.5GB total (578min elapsed, ~15.8hr remaining)
  [start ] ERR10926702
  [done  ] SRR20999596  4.46GB in 650s (6.9 MB/s)
  [2469/3225] ok=457 cached=2007 fail=5  2046.0GB total (579min elapsed, ~15.7hr remaining)
  [start ] ERR10926708
  [done  ] SRR20999593  4.40GB in 600s (7.3 MB/s)
  [2470/3225] ok=458 cached=2007 fail=5  2050.4GB total (583min elapsed, ~15.7hr remaining)
  [start ] ERR10926671
  [done  ] SRR22142944  20.31GB in 3060s (6.6 MB/s)
  [2471/3225] ok=459 cached=2007 fail=5  2070.7GB total (586min elapsed, ~15.8hr remaining)
  [start ] ERR10926698
  [done  ] ERR10926661  7.41GB in 1047s (7.1 MB/s)
  [2472/3225] ok=460 cached=2007 fail=5  2078.1GB total (593min elapsed, ~15.8hr remaining)
  [start ] ERR10926705
  [done  ] ERR10926641  8.81GB in 1264s (7.0 MB/s)
  [2473/3225] ok=461 cached=2007 fail=5  2086.9GB total (595min elapsed, ~15.9hr remaining)
  [start ] ERR10926643
  [done  ] ERR10926708  9.93GB in 1388s (7.2 MB/s)
  [2474/3225] ok=462 cached=2007 fail=5  2096.9GB total (602min elapsed, ~15.9hr remaining)
  [start ] ERR10926673
  [done  ] ERR10926675  12.08GB in 1706s (7.1 MB/s)
  [2475/3225] ok=463 cached=2007 fail=5  2108.9GB total (606min elapsed, ~15.9hr remaining)
  [start ] ERR10926707
  [done  ] ERR10926674  13.40GB in 1878s (7.1 MB/s)
  [2476/3225] ok=464 cached=2007 fail=5  2122.4GB total (609min elapsed, ~16.0hr remaining)
  [start ] ERR10926669
  [done  ] ERR10926702  13.74GB in 1954s (7.0 MB/s)
  [2477/3225] ok=465 cached=2007 fail=5  2136.1GB total (611min elapsed, ~16.0hr remaining)
  [start ] ERR10926635
  [done  ] ERR10926671  11.64GB in 1669s (7.0 MB/s)
  [2478/3225] ok=466 cached=2007 fail=5  2147.7GB total (611min elapsed, ~16.1hr remaining)
  [start ] ERR10926639
  [done  ] ERR10926698  12.09GB in 1711s (7.1 MB/s)
  [2479/3225] ok=467 cached=2007 fail=5  2159.8GB total (615min elapsed, ~16.1hr remaining)
  [start ] ERR10926663
  [done  ] ERR10926643  10.03GB in 1376s (7.3 MB/s)
  [2480/3225] ok=468 cached=2007 fail=5  2169.8GB total (618min elapsed, ~16.1hr remaining)
  [start ] ERR10926700
  [done  ] ERR10926705  12.65GB in 1779s (7.1 MB/s)
  [2481/3225] ok=469 cached=2007 fail=5  2182.5GB total (622min elapsed, ~16.2hr remaining)
  [start ] ERR10926629
  [done  ] ERR10926673  13.79GB in 1941s (7.1 MB/s)
  [2482/3225] ok=470 cached=2007 fail=5  2196.3GB total (635min elapsed, ~16.2hr remaining)
  [start ] SRR27311339
  [done  ] SRR27311339  0.08GB in 28s (2.9 MB/s)
  [2483/3225] ok=471 cached=2007 fail=5  2196.4GB total (635min elapsed, ~16.2hr remaining)
  [start ] SRR27311630
  [done  ] SRR27311630  0.04GB in 20s (2.0 MB/s)
  [2484/3225] ok=472 cached=2007 fail=5  2196.4GB total (635min elapsed, ~16.1hr remaining)
  [start ] SRR27311745
  [done  ] SRR27311745  0.05GB in 28s (1.9 MB/s)
  [2485/3225] ok=473 cached=2007 fail=5  2196.5GB total (636min elapsed, ~16.0hr remaining)
  [start ] SRR27311318
  [done  ] SRR27311318  0.01GB in 15s (0.6 MB/s)
  [2486/3225] ok=474 cached=2007 fail=5  2196.5GB total (636min elapsed, ~16.0hr remaining)
  [start ] SRR8475379
  [done  ] ERR10926635  10.71GB in 1568s (6.8 MB/s)
  [2487/3225] ok=475 cached=2007 fail=5  2207.2GB total (637min elapsed, ~16.0hr remaining)
  [start ] SRR6218756
  [done  ] ERR10926669  12.08GB in 1753s (6.9 MB/s)
  [2488/3225] ok=476 cached=2007 fail=5  2219.3GB total (638min elapsed, ~16.1hr remaining)
  [start ] SRR6218770
  [done  ] ERR10926707  15.27GB in 2127s (7.2 MB/s)
  [2489/3225] ok=477 cached=2007 fail=5  2234.5GB total (641min elapsed, ~16.1hr remaining)
  [start ] SRR6218752
  [done  ] ERR10926639  12.68GB in 1812s (7.0 MB/s)
  [2490/3225] ok=478 cached=2007 fail=5  2247.2GB total (641min elapsed, ~16.2hr remaining)
  [start ] SRR6218744
  [done  ] ERR10926700  9.58GB in 1397s (6.9 MB/s)
  [2491/3225] ok=479 cached=2007 fail=5  2256.8GB total (642min elapsed, ~16.2hr remaining)
  [start ] SRR6218748
  [done  ] SRR8475379  2.98GB in 369s (8.1 MB/s)
  [2492/3225] ok=480 cached=2007 fail=5  2259.8GB total (642min elapsed, ~16.1hr remaining)
  [start ] SRR6218781
  [done  ] ERR10926663  12.92GB in 1869s (6.9 MB/s)
  [2493/3225] ok=481 cached=2007 fail=5  2272.7GB total (646min elapsed, ~16.2hr remaining)
  [start ] ERR7421537
  [done  ] SRR6218770  3.16GB in 441s (7.2 MB/s)
  [2494/3225] ok=482 cached=2007 fail=5  2275.8GB total (646min elapsed, ~16.2hr remaining)
  [start ] ERR7421544
  [done  ] ERR7421544  0.42GB in 77s (5.4 MB/s)
  [2495/3225] ok=483 cached=2007 fail=5  2276.3GB total (647min elapsed, ~16.1hr remaining)
  [start ] ERR7421532
  [done  ] ERR7421537  1.04GB in 163s (6.4 MB/s)
  [2496/3225] ok=484 cached=2007 fail=5  2277.3GB total (648min elapsed, ~16.1hr remaining)
  [start ] ERR7421525
  [done  ] SRR6218756  5.03GB in 705s (7.1 MB/s)
  [2497/3225] ok=485 cached=2007 fail=5  2282.3GB total (649min elapsed, ~16.0hr remaining)
  [start ] ERR7421528
  [done  ] ERR10926629  11.42GB in 1584s (7.2 MB/s)
  [2498/3225] ok=486 cached=2007 fail=5  2293.7GB total (649min elapsed, ~16.1hr remaining)
  [start ] ERR7421529
  [done  ] ERR7421532  0.61GB in 116s (5.3 MB/s)
  [2499/3225] ok=487 cached=2007 fail=5  2294.4GB total (649min elapsed, ~16.0hr remaining)
  [start ] ERR7421547
  [done  ] SRR6218752  3.47GB in 481s (7.2 MB/s)
  [2500/3225] ok=488 cached=2007 fail=5  2297.8GB total (649min elapsed, ~16.0hr remaining)
  [start ] ERR7421534
  [done  ] SRR6218744  5.34GB in 492s (10.9 MB/s)
  [2501/3225] ok=489 cached=2007 fail=5  2303.2GB total (649min elapsed, ~16.0hr remaining)
  [start ] ERR7421538
  [done  ] ERR7421525  0.56GB in 89s (6.3 MB/s)
  [2502/3225] ok=490 cached=2007 fail=5  2303.7GB total (650min elapsed, ~15.9hr remaining)
  [start ] ERR7421524
  [done  ] ERR7421529  0.57GB in 97s (5.9 MB/s)
  [2503/3225] ok=491 cached=2007 fail=5  2304.3GB total (650min elapsed, ~15.9hr remaining)
  [start ] ERR7421526
  [done  ] ERR7421538  0.35GB in 67s (5.2 MB/s)
  [2504/3225] ok=492 cached=2007 fail=5  2304.6GB total (650min elapsed, ~15.8hr remaining)
  [start ] ERR7421550
  [done  ] ERR7421547  0.57GB in 94s (6.0 MB/s)
  [2505/3225] ok=493 cached=2007 fail=5  2305.2GB total (651min elapsed, ~15.8hr remaining)
  [start ] ERR7421533
  [done  ] ERR7421534  0.69GB in 110s (6.3 MB/s)
  [2506/3225] ok=494 cached=2007 fail=5  2305.9GB total (651min elapsed, ~15.7hr remaining)
  [2507/3225] ok=494 cached=2008 fail=5  2305.9GB total (651min elapsed, ~15.7hr remaining)
  [start ] ERR7421543
  [done  ] ERR7421528  0.93GB in 145s (6.4 MB/s)
  [2508/3225] ok=495 cached=2008 fail=5  2306.8GB total (651min elapsed, ~15.6hr remaining)
  [start ] ERR7421527
  [done  ] ERR7421526  0.53GB in 87s (6.1 MB/s)
  [2509/3225] ok=496 cached=2008 fail=5  2307.4GB total (652min elapsed, ~15.6hr remaining)
  [start ] ERR7421530
  [done  ] ERR7421550  0.52GB in 86s (6.1 MB/s)
  [2510/3225] ok=497 cached=2008 fail=5  2307.9GB total (652min elapsed, ~15.5hr remaining)
  [start ] ERR7421535
  [done  ] ERR7421524  1.01GB in 153s (6.6 MB/s)
  [2511/3225] ok=498 cached=2008 fail=5  2308.9GB total (652min elapsed, ~15.5hr remaining)
  [start ] ERR7421546
  [done  ] ERR7421533  0.90GB in 143s (6.3 MB/s)
  [2512/3225] ok=499 cached=2008 fail=5  2309.8GB total (653min elapsed, ~15.5hr remaining)
  [start ] ERR7421542
  [done  ] ERR7421530  0.68GB in 118s (5.8 MB/s)
  [2513/3225] ok=500 cached=2008 fail=5  2310.5GB total (654min elapsed, ~15.4hr remaining)
  [start ] ERR7421531
  [done  ] ERR7421546  0.52GB in 94s (5.6 MB/s)
  [2514/3225] ok=501 cached=2008 fail=5  2311.0GB total (654min elapsed, ~15.4hr remaining)
  [start ] ERR7421545
  [done  ] ERR7421543  1.03GB in 182s (5.7 MB/s)
  [2515/3225] ok=502 cached=2008 fail=5  2312.0GB total (654min elapsed, ~15.3hr remaining)
  [start ] ERR7421548
  [done  ] ERR7421535  0.88GB in 141s (6.3 MB/s)
  [2516/3225] ok=503 cached=2008 fail=5  2312.9GB total (654min elapsed, ~15.3hr remaining)
  [start ] ERR7421522
  [done  ] ERR7421542  0.60GB in 104s (5.8 MB/s)
  [2517/3225] ok=504 cached=2008 fail=5  2313.5GB total (655min elapsed, ~15.2hr remaining)
  [start ] ERR7421540
  [done  ] SRR6218781  8.25GB in 784s (10.5 MB/s)
  [2518/3225] ok=505 cached=2008 fail=5  2321.7GB total (655min elapsed, ~15.2hr remaining)
  [start ] ERR7421541
  [done  ] ERR7421522  0.39GB in 70s (5.5 MB/s)
  [2519/3225] ok=506 cached=2008 fail=5  2322.1GB total (655min elapsed, ~15.2hr remaining)
  [start ] SRR32959946
  [done  ] ERR7421548  0.52GB in 90s (5.8 MB/s)
  [2520/3225] ok=507 cached=2008 fail=5  2322.7GB total (656min elapsed, ~15.1hr remaining)
  [start ] SRR32959954
  [done  ] ERR7421531  0.60GB in 99s (6.0 MB/s)
  [2521/3225] ok=508 cached=2008 fail=5  2323.3GB total (656min elapsed, ~15.1hr remaining)
  [start ] SRR32959933
  [done  ] ERR7421527  1.93GB in 289s (6.7 MB/s)
  [2522/3225] ok=509 cached=2008 fail=5  2325.2GB total (656min elapsed, ~15.0hr remaining)
  [start ] SRR32959947
  [done  ] ERR7421545  0.75GB in 121s (6.2 MB/s)
  [2523/3225] ok=510 cached=2008 fail=5  2325.9GB total (656min elapsed, ~15.0hr remaining)
  [start ] SRR32959948
  [done  ] ERR7421540  0.52GB in 88s (6.0 MB/s)
  [2524/3225] ok=511 cached=2008 fail=5  2326.4GB total (656min elapsed, ~14.9hr remaining)
  [start ] SRR32959935
  [done  ] ERR7421541  0.86GB in 124s (6.9 MB/s)
  [2525/3225] ok=512 cached=2008 fail=5  2327.3GB total (657min elapsed, ~14.9hr remaining)
  [start ] SRR32959953
  [done  ] SRR6218748  10.33GB in 1466s (7.0 MB/s)
  [2526/3225] ok=513 cached=2008 fail=5  2337.6GB total (666min elapsed, ~14.9hr remaining)
  [start ] SRR32959949
  [done  ] SRR32959954  4.47GB in 654s (6.8 MB/s)
  [2527/3225] ok=514 cached=2008 fail=5  2342.1GB total (666min elapsed, ~14.9hr remaining)
  [start ] SRR32959934
  [done  ] SRR32959948  4.38GB in 669s (6.5 MB/s)
  [2528/3225] ok=515 cached=2008 fail=5  2346.5GB total (667min elapsed, ~14.9hr remaining)
  [start ] SRR32959938
  [done  ] SRR32959935  4.66GB in 713s (6.5 MB/s)
  [2529/3225] ok=516 cached=2008 fail=5  2351.1GB total (668min elapsed, ~14.9hr remaining)
  [start ] SRR32959937
  [done  ] SRR32959933  4.78GB in 755s (6.3 MB/s)
  [2530/3225] ok=517 cached=2008 fail=5  2355.9GB total (668min elapsed, ~14.8hr remaining)
  [start ] SRR32959941
  [done  ] SRR32959946  5.22GB in 788s (6.6 MB/s)
  [2531/3225] ok=518 cached=2008 fail=5  2361.2GB total (669min elapsed, ~14.8hr remaining)
  [start ] SRR32959942
  [done  ] SRR32959953  4.84GB in 746s (6.5 MB/s)
  [2532/3225] ok=519 cached=2008 fail=5  2366.0GB total (670min elapsed, ~14.8hr remaining)
  [start ] SRR32959936
  [done  ] SRR32959947  5.29GB in 876s (6.0 MB/s)
  [2533/3225] ok=520 cached=2008 fail=5  2371.3GB total (671min elapsed, ~14.8hr remaining)
  [start ] SRR32959943
  [done  ] SRR32959949  4.53GB in 630s (7.2 MB/s)
  [2534/3225] ok=521 cached=2008 fail=5  2375.8GB total (677min elapsed, ~14.8hr remaining)
  [start ] SRR32959945
  [done  ] SRR32959938  4.43GB in 656s (6.7 MB/s)
  [2535/3225] ok=522 cached=2008 fail=5  2380.2GB total (678min elapsed, ~14.8hr remaining)
  [start ] SRR32959939
  [done  ] SRR32959934  4.93GB in 729s (6.8 MB/s)
  [2536/3225] ok=523 cached=2008 fail=5  2385.2GB total (679min elapsed, ~14.8hr remaining)
  [start ] SRR32959940
  [done  ] SRR32959942  4.31GB in 657s (6.6 MB/s)
  [2537/3225] ok=524 cached=2008 fail=5  2389.5GB total (680min elapsed, ~14.7hr remaining)
  [start ] SRR34300138
  [done  ] SRR32959937  5.05GB in 742s (6.8 MB/s)
  [2538/3225] ok=525 cached=2008 fail=5  2394.5GB total (680min elapsed, ~14.7hr remaining)
  [start ] SRR36367300
  [done  ] SRR32959936  5.17GB in 763s (6.8 MB/s)
  [2539/3225] ok=526 cached=2008 fail=5  2399.7GB total (682min elapsed, ~14.7hr remaining)
  [start ] SRR36292470
  [done  ] SRR32959941  6.35GB in 927s (6.9 MB/s)
  [2540/3225] ok=527 cached=2008 fail=5  2406.0GB total (684min elapsed, ~14.7hr remaining)
  [start ] SRR34300147
  [done  ] SRR32959943  5.23GB in 795s (6.6 MB/s)
  [2541/3225] ok=528 cached=2008 fail=5  2411.3GB total (684min elapsed, ~14.7hr remaining)
  [start ] SRR36367319
  [done  ] SRR32959945  4.69GB in 657s (7.1 MB/s)
  [2542/3225] ok=529 cached=2008 fail=5  2416.0GB total (688min elapsed, ~14.7hr remaining)
  [start ] SRR36292457
  [done  ] SRR32959940  4.50GB in 635s (7.1 MB/s)
  [2543/3225] ok=530 cached=2008 fail=5  2420.5GB total (689min elapsed, ~14.6hr remaining)
  [start ] SRR34300137
  [done  ] SRR32959939  4.87GB in 689s (7.1 MB/s)
  [2544/3225] ok=531 cached=2008 fail=5  2425.3GB total (690min elapsed, ~14.6hr remaining)
  [start ] SRR36910263
  [done  ] SRR34300147  5.63GB in 703s (8.0 MB/s)
  [2545/3225] ok=532 cached=2008 fail=5  2431.0GB total (695min elapsed, ~14.6hr remaining)
  [start ] SRR36292449
  [done  ] SRR36367300  8.80GB in 1103s (8.0 MB/s)
  [2546/3225] ok=533 cached=2008 fail=5  2439.8GB total (699min elapsed, ~14.6hr remaining)
  [start ] SRR34300158
  [done  ] SRR36292470  8.53GB in 1045s (8.2 MB/s)
  [2547/3225] ok=534 cached=2008 fail=5  2448.3GB total (700min elapsed, ~14.6hr remaining)
  [start ] SRR34300105
  [done  ] SRR34300137  7.04GB in 1050s (6.7 MB/s)
  [2548/3225] ok=535 cached=2008 fail=5  2455.3GB total (707min elapsed, ~14.6hr remaining)
  [start ] SRR34300116
  [done  ] SRR36292457  9.26GB in 1200s (7.7 MB/s)
  [2549/3225] ok=536 cached=2008 fail=5  2464.6GB total (708min elapsed, ~14.6hr remaining)
  [start ] SRR36292503
  [done  ] SRR36367319  8.47GB in 1447s (5.9 MB/s)
  [2550/3225] ok=537 cached=2008 fail=5  2473.1GB total (708min elapsed, ~14.6hr remaining)
  [start ] SRR36292474
  [done  ] SRR36910263  10.14GB in 1266s (8.0 MB/s)
  [2551/3225] ok=538 cached=2008 fail=5  2483.2GB total (711min elapsed, ~14.6hr remaining)
  [start ] SRR34300133
  [done  ] SRR34300138  9.14GB in 1963s (4.7 MB/s)
  [2552/3225] ok=539 cached=2008 fail=5  2492.3GB total (712min elapsed, ~14.7hr remaining)
  [start ] SRR36910212
  [done  ] SRR34300158  6.72GB in 861s (7.8 MB/s)
  [2553/3225] ok=540 cached=2008 fail=5  2499.1GB total (713min elapsed, ~14.6hr remaining)
  [start ] SRR36910261
  [done  ] SRR34300105  7.07GB in 874s (8.1 MB/s)
  [2554/3225] ok=541 cached=2008 fail=5  2506.1GB total (714min elapsed, ~14.6hr remaining)
  [start ] SRR34300166
  [done  ] SRR36292449  7.72GB in 1328s (5.8 MB/s)
  [2555/3225] ok=542 cached=2008 fail=5  2513.8GB total (717min elapsed, ~14.6hr remaining)
  [start ] SRR36910254
  [done  ] SRR34300116  8.08GB in 1016s (8.0 MB/s)
  [2556/3225] ok=543 cached=2008 fail=5  2521.9GB total (724min elapsed, ~14.6hr remaining)
  [start ] SRR36367315
  [failed] SRR36367315  (prefetch, 8s)
  [2557/3225] ok=543 cached=2008 fail=6  2521.9GB total (724min elapsed, ~14.6hr remaining)
  [start ] SRR36292458
  [done  ] SRR34300166  4.43GB in 590s (7.5 MB/s)
  [2558/3225] ok=544 cached=2008 fail=6  2526.4GB total (724min elapsed, ~14.6hr remaining)
  [start ] SRR36910221
  [done  ] SRR36292474  7.89GB in 992s (8.0 MB/s)
  [2559/3225] ok=545 cached=2008 fail=6  2534.2GB total (724min elapsed, ~14.6hr remaining)
  [start ] SRR34300154
  [done  ] SRR36292503  8.15GB in 1031s (7.9 MB/s)
  [2560/3225] ok=546 cached=2008 fail=6  2542.4GB total (725min elapsed, ~14.6hr remaining)
  [start ] SRR36910216
  [done  ] SRR34300133  8.05GB in 1005s (8.0 MB/s)
  [2561/3225] ok=547 cached=2008 fail=6  2550.4GB total (727min elapsed, ~14.6hr remaining)
  [start ] SRR36910240
  [done  ] SRR36910261  7.71GB in 943s (8.2 MB/s)
  [2562/3225] ok=548 cached=2008 fail=6  2558.1GB total (729min elapsed, ~14.6hr remaining)
  [start ] SRR34300106
  [done  ] SRR36910212  8.07GB in 1010s (8.0 MB/s)
  [2563/3225] ok=549 cached=2008 fail=6  2566.2GB total (729min elapsed, ~14.6hr remaining)
  [start ] SRR36292479
  [done  ] SRR36910254  7.31GB in 891s (8.2 MB/s)
  [2564/3225] ok=550 cached=2008 fail=6  2573.5GB total (732min elapsed, ~14.5hr remaining)
  [start ] SRR34300123
  [done  ] SRR36910221  5.31GB in 636s (8.4 MB/s)
  [2565/3225] ok=551 cached=2008 fail=6  2578.8GB total (735min elapsed, ~14.5hr remaining)
  [start ] SRR36910215
  [done  ] SRR34300154  7.50GB in 963s (7.8 MB/s)
  [2566/3225] ok=552 cached=2008 fail=6  2586.3GB total (740min elapsed, ~14.5hr remaining)
  [start ] SRR36292465
  [done  ] SRR36292458  7.76GB in 1004s (7.7 MB/s)
  [2567/3225] ok=553 cached=2008 fail=6  2594.1GB total (740min elapsed, ~14.5hr remaining)
  [start ] SRR34300145
  [done  ] SRR36910216  8.73GB in 1102s (7.9 MB/s)
  [2568/3225] ok=554 cached=2008 fail=6  2602.8GB total (743min elapsed, ~14.5hr remaining)
  [start ] SRR34300150
  [done  ] SRR34300106  6.90GB in 895s (7.7 MB/s)
  [2569/3225] ok=555 cached=2008 fail=6  2609.7GB total (744min elapsed, ~14.5hr remaining)
  [start ] SRR34300168
  [done  ] SRR36910240  8.10GB in 1085s (7.5 MB/s)
  [2570/3225] ok=556 cached=2008 fail=6  2617.8GB total (746min elapsed, ~14.5hr remaining)
  [start ] SRR34300130
  [done  ] SRR34300123  6.75GB in 915s (7.4 MB/s)
  [2571/3225] ok=557 cached=2008 fail=6  2624.6GB total (748min elapsed, ~14.5hr remaining)
  [start ] SRR36367314
  [done  ] SRR36910215  6.82GB in 856s (8.0 MB/s)
  [2572/3225] ok=558 cached=2008 fail=6  2631.4GB total (749min elapsed, ~14.5hr remaining)
  [start ] SRR36292436
  [done  ] SRR36292479  9.88GB in 1306s (7.6 MB/s)
  [2573/3225] ok=559 cached=2008 fail=6  2641.3GB total (751min elapsed, ~14.5hr remaining)
  [start ] SRR36292481
  [done  ] SRR34300145  8.05GB in 1023s (7.9 MB/s)
  [2574/3225] ok=560 cached=2008 fail=6  2649.3GB total (758min elapsed, ~14.5hr remaining)
  [start ] SRR36292440
  [done  ] SRR34300168  7.15GB in 904s (7.9 MB/s)
  [2575/3225] ok=561 cached=2008 fail=6  2656.5GB total (759min elapsed, ~14.5hr remaining)
  [start ] SRR36292492
  [done  ] SRR36292465  8.73GB in 1105s (7.9 MB/s)
  [2576/3225] ok=562 cached=2008 fail=6  2665.2GB total (759min elapsed, ~14.5hr remaining)
  [start ] SRR36367290
  [done  ] SRR34300130  6.48GB in 836s (7.8 MB/s)
  [2577/3225] ok=563 cached=2008 fail=6  2671.7GB total (759min elapsed, ~14.4hr remaining)
  [start ] SRR34300136
  [done  ] SRR34300150  8.84GB in 1097s (8.1 MB/s)
  [2578/3225] ok=564 cached=2008 fail=6  2680.5GB total (761min elapsed, ~14.4hr remaining)
  [start ] SRR36910208
  [done  ] SRR36367314  6.84GB in 861s (7.9 MB/s)
  [2579/3225] ok=565 cached=2008 fail=6  2687.3GB total (762min elapsed, ~14.4hr remaining)
  [start ] SRR36910218
  [done  ] SRR36292481  7.88GB in 994s (7.9 MB/s)
  [2580/3225] ok=566 cached=2008 fail=6  2695.2GB total (767min elapsed, ~14.4hr remaining)
  [start ] SRR36367296
  [done  ] SRR36292436  8.75GB in 1100s (8.0 MB/s)
  [2581/3225] ok=567 cached=2008 fail=6  2704.0GB total (767min elapsed, ~14.4hr remaining)
  [start ] SRR36910265
  [done  ] SRR36292492  5.23GB in 667s (7.8 MB/s)
  [2582/3225] ok=568 cached=2008 fail=6  2709.2GB total (770min elapsed, ~14.4hr remaining)
  [start ] SRR34300100
  [done  ] SRR36292440  6.91GB in 872s (7.9 MB/s)
  [2583/3225] ok=569 cached=2008 fail=6  2716.1GB total (772min elapsed, ~14.4hr remaining)
  [start ] SRR36910197
  [done  ] SRR36910208  6.83GB in 861s (7.9 MB/s)
  [2584/3225] ok=570 cached=2008 fail=6  2723.0GB total (776min elapsed, ~14.4hr remaining)
  [start ] SRR36292459
  [done  ] SRR34300136  7.78GB in 987s (7.9 MB/s)
  [2585/3225] ok=571 cached=2008 fail=6  2730.7GB total (776min elapsed, ~14.3hr remaining)
  [start ] SRR36910250
  [done  ] SRR36910218  7.13GB in 905s (7.9 MB/s)
  [2586/3225] ok=572 cached=2008 fail=6  2737.9GB total (777min elapsed, ~14.3hr remaining)
  [start ] SRR34300156
  [done  ] SRR36367290  8.73GB in 1130s (7.7 MB/s)
  [2587/3225] ok=573 cached=2008 fail=6  2746.6GB total (778min elapsed, ~14.3hr remaining)
  [start ] SRR34300159
  [done  ] SRR36910265  7.71GB in 948s (8.1 MB/s)
  [2588/3225] ok=574 cached=2008 fail=6  2754.3GB total (783min elapsed, ~14.3hr remaining)
  [start ] SRR34300151
  [done  ] SRR34300100  8.03GB in 1025s (7.8 MB/s)
  [2589/3225] ok=575 cached=2008 fail=6  2762.3GB total (787min elapsed, ~14.3hr remaining)
  [start ] SRR36292473
  [done  ] SRR36910197  7.91GB in 1007s (7.9 MB/s)
  [2590/3225] ok=576 cached=2008 fail=6  2770.2GB total (789min elapsed, ~14.3hr remaining)
  [start ] SRR34300143
  [done  ] SRR36367296  10.19GB in 1293s (7.9 MB/s)
  [2591/3225] ok=577 cached=2008 fail=6  2780.4GB total (789min elapsed, ~14.3hr remaining)
  [start ] SRR36910220
  [done  ] SRR34300156  6.44GB in 840s (7.7 MB/s)
  [2592/3225] ok=578 cached=2008 fail=6  2786.9GB total (791min elapsed, ~14.3hr remaining)
  [start ] SRR34300131
  [done  ] SRR36292459  7.75GB in 993s (7.8 MB/s)
  [2593/3225] ok=579 cached=2008 fail=6  2794.6GB total (792min elapsed, ~14.3hr remaining)
  [start ] SRR36292460
  [done  ] SRR34300159  6.89GB in 897s (7.7 MB/s)
  [2594/3225] ok=580 cached=2008 fail=6  2801.5GB total (793min elapsed, ~14.3hr remaining)
  [start ] SRR36367302
  [done  ] SRR36910250  8.13GB in 1095s (7.4 MB/s)
  [2595/3225] ok=581 cached=2008 fail=6  2809.6GB total (794min elapsed, ~14.3hr remaining)
  [start ] SRR36367323
  [done  ] SRR34300151  7.41GB in 915s (8.1 MB/s)
  [2596/3225] ok=582 cached=2008 fail=6  2817.0GB total (799min elapsed, ~14.3hr remaining)
  [start ] SRR36910233
  [done  ] SRR34300143  5.83GB in 741s (7.9 MB/s)
  [2597/3225] ok=583 cached=2008 fail=6  2822.9GB total (801min elapsed, ~14.2hr remaining)
  [start ] SRR36292480
  [done  ] SRR36292473  8.52GB in 1147s (7.4 MB/s)
  [2598/3225] ok=584 cached=2008 fail=6  2831.4GB total (806min elapsed, ~14.2hr remaining)
  [start ] SRR36292466
  [done  ] SRR34300131  6.98GB in 920s (7.6 MB/s)
  [2599/3225] ok=585 cached=2008 fail=6  2838.4GB total (806min elapsed, ~14.2hr remaining)
  [start ] SRR36367316
  [done  ] SRR36910220  8.58GB in 1092s (7.9 MB/s)
  [2600/3225] ok=586 cached=2008 fail=6  2847.0GB total (807min elapsed, ~14.2hr remaining)
  [start ] SRR34300112
  [done  ] SRR36292460  8.65GB in 1104s (7.8 MB/s)
  [2601/3225] ok=587 cached=2008 fail=6  2855.6GB total (811min elapsed, ~14.2hr remaining)
  [start ] SRR36910231
  [done  ] SRR36367323  8.61GB in 1100s (7.8 MB/s)
  [2602/3225] ok=588 cached=2008 fail=6  2864.2GB total (812min elapsed, ~14.2hr remaining)
  [start ] SRR36292477
  [done  ] SRR36367302  10.30GB in 1322s (7.8 MB/s)
  [2603/3225] ok=589 cached=2008 fail=6  2874.5GB total (815min elapsed, ~14.2hr remaining)
  [start ] SRR36292493
  [done  ] SRR36292480  6.79GB in 860s (7.9 MB/s)
  [2604/3225] ok=590 cached=2008 fail=6  2881.3GB total (816min elapsed, ~14.2hr remaining)
  [start ] SRR36910258
  [done  ] SRR36910233  8.95GB in 1136s (7.9 MB/s)
  [2605/3225] ok=591 cached=2008 fail=6  2890.3GB total (817min elapsed, ~14.2hr remaining)
  [start ] SRR36910214
  [done  ] SRR34300112  5.35GB in 742s (7.2 MB/s)
  [2606/3225] ok=592 cached=2008 fail=6  2895.6GB total (820min elapsed, ~14.2hr remaining)
  [start ] SRR36910255
  [done  ] SRR36367316  8.76GB in 1144s (7.7 MB/s)
  [2607/3225] ok=593 cached=2008 fail=6  2904.4GB total (825min elapsed, ~14.2hr remaining)
  [start ] SRR36292447
  [done  ] SRR36292466  9.13GB in 1160s (7.9 MB/s)
  [2608/3225] ok=594 cached=2008 fail=6  2913.5GB total (825min elapsed, ~14.1hr remaining)
  [start ] SRR36910238
  [done  ] SRR36910231  7.28GB in 956s (7.6 MB/s)
  [2609/3225] ok=595 cached=2008 fail=6  2920.8GB total (827min elapsed, ~14.1hr remaining)
  [start ] SRR34300115
  [done  ] SRR36292493  7.51GB in 971s (7.7 MB/s)
  [2610/3225] ok=596 cached=2008 fail=6  2928.3GB total (831min elapsed, ~14.1hr remaining)
  [start ] SRR34300142
  [done  ] SRR36292477  8.87GB in 1134s (7.8 MB/s)
  [2611/3225] ok=597 cached=2008 fail=6  2937.2GB total (831min elapsed, ~14.1hr remaining)
  [start ] SRR36367274
  [done  ] SRR36910214  7.44GB in 927s (8.0 MB/s)
  [2612/3225] ok=598 cached=2008 fail=6  2944.6GB total (833min elapsed, ~14.1hr remaining)
  [start ] SRR36367285
  [done  ] SRR36910258  8.30GB in 1047s (7.9 MB/s)
  [2613/3225] ok=599 cached=2008 fail=6  2952.9GB total (833min elapsed, ~14.1hr remaining)
  [start ] SRR36292494
  [done  ] SRR36910255  7.04GB in 870s (8.1 MB/s)
  [2614/3225] ok=600 cached=2008 fail=6  2959.9GB total (834min elapsed, ~14.1hr remaining)
  [start ] SRR36910262
  [done  ] SRR36910238  6.91GB in 877s (7.9 MB/s)
  [2615/3225] ok=601 cached=2008 fail=6  2966.8GB total (840min elapsed, ~14.1hr remaining)
  [start ] SRR36910227
  [done  ] SRR34300115  7.28GB in 942s (7.7 MB/s)
  [2616/3225] ok=602 cached=2008 fail=6  2974.1GB total (842min elapsed, ~14.0hr remaining)
  [start ] SRR34300114
  [done  ] SRR36292447  9.10GB in 1169s (7.8 MB/s)
  [2617/3225] ok=603 cached=2008 fail=6  2983.2GB total (845min elapsed, ~14.0hr remaining)
  [start ] SRR36910260
  [done  ] SRR34300142  7.56GB in 983s (7.7 MB/s)
  [2618/3225] ok=604 cached=2008 fail=6  2990.8GB total (847min elapsed, ~14.0hr remaining)
  [start ] SRR36367317
  [done  ] SRR36367274  7.91GB in 1005s (7.9 MB/s)
  [2619/3225] ok=605 cached=2008 fail=6  2998.7GB total (848min elapsed, ~14.0hr remaining)
  [start ] SRR36292502
  [done  ] SRR36910262  6.79GB in 857s (7.9 MB/s)
  [2620/3225] ok=606 cached=2008 fail=6  3005.5GB total (848min elapsed, ~14.0hr remaining)
  [2621/3225] ok=606 cached=2009 fail=6  3005.5GB total (848min elapsed, ~14.0hr remaining)
  [start ] SRR34300108
  [done  ] SRR36367285  9.53GB in 1203s (7.9 MB/s)
  [2622/3225] ok=607 cached=2009 fail=6  3015.0GB total (853min elapsed, ~14.0hr remaining)
  [start ] SRR36292495
  [done  ] SRR36292494  10.71GB in 1339s (8.0 MB/s)
  [2623/3225] ok=608 cached=2009 fail=6  3025.7GB total (855min elapsed, ~14.0hr remaining)
  [start ] SRR36367309
  [done  ] SRR34300114  6.13GB in 794s (7.7 MB/s)
  [2624/3225] ok=609 cached=2009 fail=6  3031.8GB total (856min elapsed, ~14.0hr remaining)
  [start ] SRR34300144
  [done  ] SRR36910227  8.07GB in 997s (8.1 MB/s)
  [2625/3225] ok=610 cached=2009 fail=6  3039.9GB total (857min elapsed, ~13.9hr remaining)
  [start ] SRR36292501
  [done  ] SRR36910260  6.73GB in 883s (7.6 MB/s)
  [2626/3225] ok=611 cached=2009 fail=6  3046.6GB total (860min elapsed, ~13.9hr remaining)
  [start ] SRR34300161
  [done  ] SRR36292502  7.15GB in 921s (7.8 MB/s)
  [2627/3225] ok=612 cached=2009 fail=6  3053.8GB total (863min elapsed, ~13.9hr remaining)
  [start ] SRR36292504
  [done  ] SRR36367317  8.91GB in 1094s (8.2 MB/s)
  [2628/3225] ok=613 cached=2009 fail=6  3062.7GB total (865min elapsed, ~13.9hr remaining)
  [start ] SRR36910235
  [done  ] SRR34300108  8.13GB in 1046s (7.8 MB/s)
  [2629/3225] ok=614 cached=2009 fail=6  3070.8GB total (866min elapsed, ~13.9hr remaining)
  [start ] SRR36367301
  [done  ] SRR34300144  6.16GB in 789s (7.8 MB/s)
  [2630/3225] ok=615 cached=2009 fail=6  3077.0GB total (869min elapsed, ~13.9hr remaining)
  [start ] SRR36292448
  [done  ] SRR36292495  8.66GB in 1082s (8.0 MB/s)
  [2631/3225] ok=616 cached=2009 fail=6  3085.7GB total (871min elapsed, ~13.9hr remaining)
  [start ] SRR36367312
  [done  ] SRR36367309  8.33GB in 1051s (7.9 MB/s)
  [2632/3225] ok=617 cached=2009 fail=6  3094.0GB total (873min elapsed, ~13.9hr remaining)
  [start ] SRR34300167
  [done  ] SRR34300161  7.06GB in 897s (7.9 MB/s)
  [2633/3225] ok=618 cached=2009 fail=6  3101.1GB total (875min elapsed, ~13.8hr remaining)
  [start ] SRR36367272
  [done  ] SRR36292504  8.19GB in 1047s (7.8 MB/s)
  [2634/3225] ok=619 cached=2009 fail=6  3109.2GB total (881min elapsed, ~13.8hr remaining)
  [start ] SRR34300140
  [done  ] SRR36910235  8.04GB in 1023s (7.9 MB/s)
  [2635/3225] ok=620 cached=2009 fail=6  3117.3GB total (883min elapsed, ~13.8hr remaining)
  [start ] SRR36367321
  [done  ] SRR36292448  6.51GB in 835s (7.8 MB/s)
  [2636/3225] ok=621 cached=2009 fail=6  3123.8GB total (883min elapsed, ~13.8hr remaining)
  [start ] SRR36292485
  [done  ] SRR36292501  12.58GB in 1573s (8.0 MB/s)
  [2637/3225] ok=622 cached=2009 fail=6  3136.4GB total (883min elapsed, ~13.8hr remaining)
  [start ] SRR34300172
  [done  ] SRR36367301  8.69GB in 1103s (7.9 MB/s)
  [2638/3225] ok=623 cached=2009 fail=6  3145.1GB total (884min elapsed, ~13.8hr remaining)
  [start ] SRR36367311
  [done  ] SRR34300167  7.04GB in 905s (7.8 MB/s)
  [2639/3225] ok=624 cached=2009 fail=6  3152.1GB total (888min elapsed, ~13.8hr remaining)
  [start ] SRR34300122
  [done  ] SRR36367312  8.69GB in 1130s (7.7 MB/s)
  [2640/3225] ok=625 cached=2009 fail=6  3160.8GB total (890min elapsed, ~13.8hr remaining)
  [start ] SRR36367306
  [done  ] SRR34300140  4.85GB in 626s (7.8 MB/s)
  [2641/3225] ok=626 cached=2009 fail=6  3165.6GB total (891min elapsed, ~13.7hr remaining)
  [start ] SRR34300118
  [done  ] SRR36367272  9.07GB in 1118s (8.1 MB/s)
  [2642/3225] ok=627 cached=2009 fail=6  3174.7GB total (893min elapsed, ~13.7hr remaining)
  [start ] SRR34300109
  [done  ] SRR36292485  7.27GB in 917s (7.9 MB/s)
  [2643/3225] ok=628 cached=2009 fail=6  3182.0GB total (898min elapsed, ~13.7hr remaining)
  [start ] SRR36367266
  [done  ] SRR34300172  7.88GB in 984s (8.0 MB/s)
  [2644/3225] ok=629 cached=2009 fail=6  3189.9GB total (899min elapsed, ~13.7hr remaining)
  [start ] SRR36910202
  [done  ] SRR36367311  8.05GB in 1009s (8.0 MB/s)
  [2645/3225] ok=630 cached=2009 fail=6  3197.9GB total (901min elapsed, ~13.7hr remaining)
  [start ] SRR36292471
  [done  ] SRR34300122  6.09GB in 794s (7.7 MB/s)
  [2646/3225] ok=631 cached=2009 fail=6  3204.0GB total (901min elapsed, ~13.7hr remaining)
  [start ] SRR36292475
  [done  ] SRR36367321  10.17GB in 1502s (6.8 MB/s)
  [2647/3225] ok=632 cached=2009 fail=6  3214.2GB total (908min elapsed, ~13.7hr remaining)
  [start ] SRR34300149
  [done  ] SRR34300109  8.02GB in 1020s (7.9 MB/s)
  [2648/3225] ok=633 cached=2009 fail=6  3222.2GB total (910min elapsed, ~13.7hr remaining)
  [start ] SRR36910264
  [done  ] SRR36367306  10.06GB in 1288s (7.8 MB/s)
  [2649/3225] ok=634 cached=2009 fail=6  3232.2GB total (911min elapsed, ~13.7hr remaining)
  [start ] SRR36367283
  [done  ] SRR34300118  9.51GB in 1268s (7.5 MB/s)
  [2650/3225] ok=635 cached=2009 fail=6  3241.8GB total (913min elapsed, ~13.7hr remaining)
  [start ] SRR36910244
  [done  ] SRR36910202  7.98GB in 1026s (7.8 MB/s)
  [2651/3225] ok=636 cached=2009 fail=6  3249.7GB total (916min elapsed, ~13.6hr remaining)
  [start ] SRR36910239
  [done  ] SRR36367266  9.83GB in 1230s (8.0 MB/s)
  [2652/3225] ok=637 cached=2009 fail=6  3259.6GB total (918min elapsed, ~13.6hr remaining)
  [start ] SRR34300124
  [done  ] SRR36292475  8.23GB in 1044s (7.9 MB/s)
  [2653/3225] ok=638 cached=2009 fail=6  3267.8GB total (919min elapsed, ~13.6hr remaining)
  [start ] SRR36910268
  [done  ] SRR36292471  8.42GB in 1138s (7.4 MB/s)
  [2654/3225] ok=639 cached=2009 fail=6  3276.2GB total (920min elapsed, ~13.6hr remaining)
  [start ] SRR36292509
  [done  ] SRR34300149  6.82GB in 885s (7.7 MB/s)
  [2655/3225] ok=640 cached=2009 fail=6  3283.0GB total (922min elapsed, ~13.6hr remaining)
  [start ] SRR36910200
  [done  ] SRR36910264  7.20GB in 923s (7.8 MB/s)
  [2656/3225] ok=641 cached=2009 fail=6  3290.2GB total (926min elapsed, ~13.6hr remaining)
  [start ] SRR36910226
  [done  ] SRR36910239  6.03GB in 800s (7.5 MB/s)
  [2657/3225] ok=642 cached=2009 fail=6  3296.3GB total (930min elapsed, ~13.6hr remaining)
  [start ] SRR36292437
  [done  ] SRR34300124  5.33GB in 694s (7.7 MB/s)
  [2658/3225] ok=643 cached=2009 fail=6  3301.6GB total (930min elapsed, ~13.5hr remaining)
  [start ] SRR34300101
  [done  ] SRR36910244  8.06GB in 1192s (6.8 MB/s)
  [2659/3225] ok=644 cached=2009 fail=6  3309.7GB total (932min elapsed, ~13.5hr remaining)
  [start ] SRR36367322
  [done  ] SRR36910268  7.71GB in 1011s (7.6 MB/s)
  [2660/3225] ok=645 cached=2009 fail=6  3317.4GB total (935min elapsed, ~13.5hr remaining)
  [start ] SRR34300125
  [done  ] SRR36367283  11.04GB in 1444s (7.6 MB/s)
  [2661/3225] ok=646 cached=2009 fail=6  3328.4GB total (935min elapsed, ~13.5hr remaining)
  [start ] SRR36292446
  [done  ] SRR36292437  5.48GB in 696s (7.9 MB/s)
  [2662/3225] ok=647 cached=2009 fail=6  3333.9GB total (941min elapsed, ~13.5hr remaining)
  [start ] SRR34300121
  [done  ] SRR36910200  8.91GB in 1190s (7.5 MB/s)
  [2663/3225] ok=648 cached=2009 fail=6  3342.8GB total (942min elapsed, ~13.5hr remaining)
  [start ] SRR36910203
  [done  ] SRR36292509  10.43GB in 1376s (7.6 MB/s)
  [2664/3225] ok=649 cached=2009 fail=6  3353.2GB total (943min elapsed, ~13.5hr remaining)
  [start ] SRR36367313
  [done  ] SRR36910226  8.22GB in 1063s (7.7 MB/s)
  [2665/3225] ok=650 cached=2009 fail=6  3361.4GB total (943min elapsed, ~13.5hr remaining)
  [start ] SRR36292478
  [done  ] SRR34300101  6.86GB in 911s (7.5 MB/s)
  [2666/3225] ok=651 cached=2009 fail=6  3368.3GB total (945min elapsed, ~13.4hr remaining)
  [start ] SRR36367276
  [failed] SRR36367276  (prefetch, 6s)
  [2667/3225] ok=651 cached=2009 fail=7  3368.3GB total (945min elapsed, ~13.4hr remaining)
  [start ] SRR36367273
  [done  ] SRR36367322  6.06GB in 783s (7.7 MB/s)
  [2668/3225] ok=652 cached=2009 fail=7  3374.4GB total (945min elapsed, ~13.4hr remaining)
  [start ] SRR34300153
  [done  ] SRR34300125  7.12GB in 902s (7.9 MB/s)
  [2669/3225] ok=653 cached=2009 fail=7  3381.5GB total (950min elapsed, ~13.4hr remaining)
  [start ] SRR34300119
  [done  ] SRR34300121  4.20GB in 549s (7.7 MB/s)
  [2670/3225] ok=654 cached=2009 fail=7  3385.7GB total (951min elapsed, ~13.4hr remaining)
  [start ] SRR36367297
  [done  ] SRR36292446  7.82GB in 968s (8.1 MB/s)
  [2671/3225] ok=655 cached=2009 fail=7  3393.5GB total (952min elapsed, ~13.3hr remaining)
  [start ] SRR36292462
  [done  ] SRR36910203  5.87GB in 737s (8.0 MB/s)
  [2672/3225] ok=656 cached=2009 fail=7  3399.4GB total (954min elapsed, ~13.3hr remaining)
  [start ] SRR34300155
  [done  ] SRR36292478  8.42GB in 1079s (7.8 MB/s)
  [2673/3225] ok=657 cached=2009 fail=7  3407.8GB total (961min elapsed, ~13.3hr remaining)
  [start ] SRR36910229
  [done  ] SRR34300119  5.54GB in 729s (7.6 MB/s)
  [2674/3225] ok=658 cached=2009 fail=7  3413.3GB total (963min elapsed, ~13.3hr remaining)
  [start ] SRR36910249
  [done  ] SRR36367313  9.07GB in 1181s (7.7 MB/s)
  [2675/3225] ok=659 cached=2009 fail=7  3422.4GB total (963min elapsed, ~13.3hr remaining)
  [start ] SRR36910217
  [done  ] SRR34300153  8.48GB in 1090s (7.8 MB/s)
  [2676/3225] ok=660 cached=2009 fail=7  3430.9GB total (964min elapsed, ~13.3hr remaining)
  [start ] SRR36910241
  [done  ] SRR36367273  9.08GB in 1156s (7.9 MB/s)
  [2677/3225] ok=661 cached=2009 fail=7  3440.0GB total (965min elapsed, ~13.2hr remaining)
  [start ] SRR36367278
  [done  ] SRR36292462  8.52GB in 1098s (7.8 MB/s)
  [2678/3225] ok=662 cached=2009 fail=7  3448.5GB total (970min elapsed, ~13.2hr remaining)
  [start ] SRR36367308
  [done  ] SRR36910229  5.64GB in 702s (8.0 MB/s)
  [2679/3225] ok=663 cached=2009 fail=7  3454.1GB total (973min elapsed, ~13.2hr remaining)
  [start ] SRR36910207
  [done  ] SRR34300155  8.68GB in 1112s (7.8 MB/s)
  [2680/3225] ok=664 cached=2009 fail=7  3462.8GB total (973min elapsed, ~13.2hr remaining)
  [start ] SRR36910248
  [done  ] SRR36367297  11.51GB in 1568s (7.3 MB/s)
  [2681/3225] ok=665 cached=2009 fail=7  3474.3GB total (977min elapsed, ~13.2hr remaining)
  [start ] SRR36292468
  [done  ] SRR36910249  7.02GB in 878s (8.0 MB/s)
  [2682/3225] ok=666 cached=2009 fail=7  3481.3GB total (977min elapsed, ~13.2hr remaining)
  [start ] SRR36910259
  [done  ] SRR36910241  7.85GB in 967s (8.1 MB/s)
  [2683/3225] ok=667 cached=2009 fail=7  3489.2GB total (980min elapsed, ~13.2hr remaining)
  [2684/3225] ok=667 cached=2010 fail=7  3489.2GB total (980min elapsed, ~13.1hr remaining)
  [start ] SRR36367325
  [done  ] SRR36910217  8.99GB in 1109s (8.1 MB/s)
  [2685/3225] ok=668 cached=2010 fail=7  3498.2GB total (981min elapsed, ~13.1hr remaining)
  [start ] SRR36367284
  [done  ] SRR36367278  10.39GB in 1316s (7.9 MB/s)
  [2686/3225] ok=669 cached=2010 fail=7  3508.6GB total (986min elapsed, ~13.1hr remaining)
  [start ] SRR36367277
  [done  ] SRR36910207  6.61GB in 816s (8.1 MB/s)
  [2687/3225] ok=670 cached=2010 fail=7  3515.2GB total (987min elapsed, ~13.1hr remaining)
  [start ] SRR36910266
  [done  ] SRR36910248  8.54GB in 1071s (8.0 MB/s)
  [2688/3225] ok=671 cached=2010 fail=7  3523.7GB total (991min elapsed, ~13.1hr remaining)
  [start ] SRR36292497
  [done  ] SRR36367308  11.05GB in 1430s (7.7 MB/s)
  [2689/3225] ok=672 cached=2010 fail=7  3534.8GB total (994min elapsed, ~13.1hr remaining)
  [start ] SRR36292508
  [done  ] SRR36292468  8.86GB in 1144s (7.8 MB/s)
  [2690/3225] ok=673 cached=2010 fail=7  3543.6GB total (996min elapsed, ~13.1hr remaining)
  [start ] SRR36910267
  [done  ] SRR36910259  8.84GB in 1113s (7.9 MB/s)
  [2691/3225] ok=674 cached=2010 fail=7  3552.5GB total (996min elapsed, ~13.0hr remaining)
  [start ] SRR36292484
  [done  ] SRR36910266  6.49GB in 821s (7.9 MB/s)
  [2692/3225] ok=675 cached=2010 fail=7  3559.0GB total (1000min elapsed, ~13.0hr remaining)
  [start ] SRR36292476
  [done  ] SRR36367325  9.59GB in 1263s (7.6 MB/s)
  [2693/3225] ok=676 cached=2010 fail=7  3568.5GB total (1001min elapsed, ~13.0hr remaining)
  [start ] SRR34300173
  [done  ] SRR36367284  10.70GB in 1404s (7.6 MB/s)
  [2694/3225] ok=677 cached=2010 fail=7  3579.2GB total (1004min elapsed, ~13.0hr remaining)
  [start ] SRR34300165
  [done  ] SRR36292497  7.68GB in 994s (7.7 MB/s)
  [2695/3225] ok=678 cached=2010 fail=7  3586.9GB total (1007min elapsed, ~13.0hr remaining)
  [start ] SRR36910206
  [done  ] SRR36367277  10.29GB in 1315s (7.8 MB/s)
  [2696/3225] ok=679 cached=2010 fail=7  3597.2GB total (1008min elapsed, ~13.0hr remaining)
  [start ] SRR36910246
  [done  ] SRR36292484  7.02GB in 951s (7.4 MB/s)
  [2697/3225] ok=680 cached=2010 fail=7  3604.2GB total (1012min elapsed, ~13.0hr remaining)
  [start ] SRR36292498
  [done  ] SRR36910267  7.55GB in 996s (7.6 MB/s)
  [2698/3225] ok=681 cached=2010 fail=7  3611.8GB total (1012min elapsed, ~13.0hr remaining)
  [start ] SRR36367286
  [done  ] SRR36292508  9.36GB in 1230s (7.6 MB/s)
  [2699/3225] ok=682 cached=2010 fail=7  3621.1GB total (1014min elapsed, ~12.9hr remaining)
  [start ] SRR36367282
  [done  ] SRR36292476  6.79GB in 872s (7.8 MB/s)
  [2700/3225] ok=683 cached=2010 fail=7  3627.9GB total (1015min elapsed, ~12.9hr remaining)
  [start ] SRR36910230
  [done  ] SRR34300173  6.55GB in 851s (7.7 MB/s)
  [2701/3225] ok=684 cached=2010 fail=7  3634.5GB total (1015min elapsed, ~12.9hr remaining)
  [start ] SRR34300117
  [done  ] SRR34300165  6.32GB in 822s (7.7 MB/s)
  [2702/3225] ok=685 cached=2010 fail=7  3640.8GB total (1018min elapsed, ~12.9hr remaining)
  [start ] SRR36910237
  [done  ] SRR36910206  6.77GB in 863s (7.9 MB/s)
  [2703/3225] ok=686 cached=2010 fail=7  3647.6GB total (1022min elapsed, ~12.9hr remaining)
  [start ] SRR36292444
  [done  ] SRR36910246  8.56GB in 1067s (8.0 MB/s)
  [2704/3225] ok=687 cached=2010 fail=7  3656.1GB total (1026min elapsed, ~12.8hr remaining)
  [start ] SRR36910269
  [done  ] SRR36292498  7.32GB in 927s (7.9 MB/s)
  [2705/3225] ok=688 cached=2010 fail=7  3663.5GB total (1027min elapsed, ~12.8hr remaining)
  [start ] SRR36367331
  [done  ] SRR34300117  5.94GB in 758s (7.8 MB/s)
  [2706/3225] ok=689 cached=2010 fail=7  3669.4GB total (1028min elapsed, ~12.8hr remaining)
  [start ] SRR36367330
  [done  ] SRR36367286  8.63GB in 1081s (8.0 MB/s)
  [2707/3225] ok=690 cached=2010 fail=7  3678.0GB total (1030min elapsed, ~12.8hr remaining)
  [start ] SRR36367271
  [done  ] SRR36910230  7.52GB in 938s (8.0 MB/s)
  [2708/3225] ok=691 cached=2010 fail=7  3685.5GB total (1030min elapsed, ~12.8hr remaining)
  [start ] SRR34300120
  [done  ] SRR36367282  6.55GB in 1217s (5.4 MB/s)
  [2709/3225] ok=692 cached=2010 fail=7  3692.1GB total (1034min elapsed, ~12.8hr remaining)
  [start ] SRR36910211
  [done  ] SRR36910237  8.65GB in 1079s (8.0 MB/s)
  [2710/3225] ok=693 cached=2010 fail=7  3700.7GB total (1036min elapsed, ~12.7hr remaining)
  [start ] SRR34300163
  [done  ] SRR36292444  7.73GB in 980s (7.9 MB/s)
  [2711/3225] ok=694 cached=2010 fail=7  3708.5GB total (1038min elapsed, ~12.7hr remaining)
  [start ] SRR36910232
  [done  ] SRR36367330  7.06GB in 938s (7.5 MB/s)
  [2712/3225] ok=695 cached=2010 fail=7  3715.5GB total (1043min elapsed, ~12.7hr remaining)
  [start ] SRR36367292
  [done  ] SRR36910269  8.46GB in 1098s (7.7 MB/s)
  [2713/3225] ok=696 cached=2010 fail=7  3724.0GB total (1044min elapsed, ~12.7hr remaining)
  [start ] SRR36910243
  [done  ] SRR36367271  6.59GB in 862s (7.6 MB/s)
  [2714/3225] ok=697 cached=2010 fail=7  3730.6GB total (1045min elapsed, ~12.7hr remaining)
  [start ] SRR36910251
  [done  ] SRR34300120  7.49GB in 925s (8.1 MB/s)
  [2715/3225] ok=698 cached=2010 fail=7  3738.1GB total (1046min elapsed, ~12.6hr remaining)
  [start ] SRR36910196
  [done  ] SRR36367331  8.87GB in 1209s (7.3 MB/s)
  [2716/3225] ok=699 cached=2010 fail=7  3747.0GB total (1047min elapsed, ~12.6hr remaining)
  [start ] SRR36367307
  [done  ] SRR34300163  6.82GB in 893s (7.6 MB/s)
  [2717/3225] ok=700 cached=2010 fail=7  3753.8GB total (1051min elapsed, ~12.6hr remaining)
  [start ] SRR36910224
  [done  ] SRR36910232  7.96GB in 1034s (7.7 MB/s)
  [2718/3225] ok=701 cached=2010 fail=7  3761.7GB total (1055min elapsed, ~12.6hr remaining)
  [start ] SRR36292499
  [done  ] SRR36910211  10.06GB in 1255s (8.0 MB/s)
  [2719/3225] ok=702 cached=2010 fail=7  3771.8GB total (1055min elapsed, ~12.6hr remaining)
  [start ] SRR36292445
  [done  ] SRR36910251  6.75GB in 844s (8.0 MB/s)
  [2720/3225] ok=703 cached=2010 fail=7  3778.5GB total (1059min elapsed, ~12.6hr remaining)
  [start ] SRR36367294
  [done  ] SRR36367307  6.50GB in 846s (7.7 MB/s)
  [2721/3225] ok=704 cached=2010 fail=7  3785.0GB total (1061min elapsed, ~12.5hr remaining)
  [start ] SRR34300139
  [done  ] SRR36910196  7.74GB in 1003s (7.7 MB/s)
  [2722/3225] ok=705 cached=2010 fail=7  3792.8GB total (1063min elapsed, ~12.5hr remaining)
  [start ] SRR36292455
  [done  ] SRR36910243  8.60GB in 1104s (7.8 MB/s)
  [2723/3225] ok=706 cached=2010 fail=7  3801.4GB total (1063min elapsed, ~12.5hr remaining)
  [start ] SRR34300110
  [done  ] SRR36367292  10.25GB in 1305s (7.9 MB/s)
  [2724/3225] ok=707 cached=2010 fail=7  3811.6GB total (1065min elapsed, ~12.5hr remaining)
  [start ] SRR36367287
  [done  ] SRR36910224  6.67GB in 842s (7.9 MB/s)
  [2725/3225] ok=708 cached=2010 fail=7  3818.3GB total (1065min elapsed, ~12.5hr remaining)
  [start ] SRR34300148
  [done  ] SRR36292445  5.34GB in 676s (7.9 MB/s)
  [2726/3225] ok=709 cached=2010 fail=7  3823.7GB total (1067min elapsed, ~12.5hr remaining)
  [start ] SRR34300169
  [done  ] SRR34300139  6.82GB in 899s (7.6 MB/s)
  [2727/3225] ok=710 cached=2010 fail=7  3830.5GB total (1076min elapsed, ~12.4hr remaining)
  [start ] SRR36910201
  [done  ] SRR36292499  10.42GB in 1301s (8.0 MB/s)
  [2728/3225] ok=711 cached=2010 fail=7  3840.9GB total (1077min elapsed, ~12.4hr remaining)
  [start ] SRR34300127
  [done  ] SRR36367294  8.70GB in 1113s (7.8 MB/s)
  [2729/3225] ok=712 cached=2010 fail=7  3849.6GB total (1077min elapsed, ~12.4hr remaining)
  [start ] SRR34300164
  [done  ] SRR34300169  5.63GB in 742s (7.6 MB/s)
  [2730/3225] ok=713 cached=2010 fail=7  3855.2GB total (1079min elapsed, ~12.4hr remaining)
  [start ] SRR36367335
  [done  ] SRR34300110  8.02GB in 1025s (7.8 MB/s)
  [2731/3225] ok=714 cached=2010 fail=7  3863.2GB total (1080min elapsed, ~12.4hr remaining)
  [start ] SRR36292456
  [done  ] SRR34300148  7.11GB in 901s (7.9 MB/s)
  [2732/3225] ok=715 cached=2010 fail=7  3870.4GB total (1080min elapsed, ~12.3hr remaining)
  [start ] SRR36910236
  [done  ] SRR36292455  9.59GB in 1232s (7.8 MB/s)
  [2733/3225] ok=716 cached=2010 fail=7  3879.9GB total (1083min elapsed, ~12.3hr remaining)
  [start ] SRR36292488
  [done  ] SRR36367287  10.74GB in 1351s (7.9 MB/s)
  [2734/3225] ok=717 cached=2010 fail=7  3890.7GB total (1088min elapsed, ~12.3hr remaining)
  [start ] SRR36292451
  [done  ] SRR34300127  7.13GB in 902s (7.9 MB/s)
  [2735/3225] ok=718 cached=2010 fail=7  3897.8GB total (1092min elapsed, ~12.3hr remaining)
  [start ] SRR36367281
  [done  ] SRR36910201  7.98GB in 997s (8.0 MB/s)
  [2736/3225] ok=719 cached=2010 fail=7  3905.8GB total (1093min elapsed, ~12.3hr remaining)
  [start ] SRR36292469
  [done  ] SRR36910236  7.93GB in 1026s (7.7 MB/s)
  [2737/3225] ok=720 cached=2010 fail=7  3913.7GB total (1097min elapsed, ~12.3hr remaining)
  [start ] SRR36910204
  [done  ] SRR36292456  8.04GB in 1044s (7.7 MB/s)
  [2738/3225] ok=721 cached=2010 fail=7  3921.8GB total (1097min elapsed, ~12.2hr remaining)
  [start ] SRR36367339
  [done  ] SRR34300164  9.55GB in 1215s (7.9 MB/s)
  [2739/3225] ok=722 cached=2010 fail=7  3931.3GB total (1098min elapsed, ~12.2hr remaining)
  [start ] SRR34300128
  [done  ] SRR36367335  9.46GB in 1203s (7.9 MB/s)
  [2740/3225] ok=723 cached=2010 fail=7  3940.8GB total (1099min elapsed, ~12.2hr remaining)
  [start ] SRR34300170
  [done  ] SRR36292451  6.02GB in 756s (8.0 MB/s)
  [2741/3225] ok=724 cached=2010 fail=7  3946.8GB total (1100min elapsed, ~12.2hr remaining)
  [start ] SRR36367336
  [done  ] SRR36292488  8.78GB in 1130s (7.8 MB/s)
  [2742/3225] ok=725 cached=2010 fail=7  3955.6GB total (1102min elapsed, ~12.2hr remaining)
  [start ] SRR34300162
  [done  ] SRR36367281  8.32GB in 997s (8.3 MB/s)
  [2743/3225] ok=726 cached=2010 fail=7  3963.9GB total (1109min elapsed, ~12.2hr remaining)
  [start ] SRR36292505
  [done  ] SRR34300170  4.70GB in 597s (7.9 MB/s)
  [2744/3225] ok=727 cached=2010 fail=7  3968.6GB total (1109min elapsed, ~12.1hr remaining)
  [start ] SRR36910209
  [done  ] SRR36292469  8.99GB in 1094s (8.2 MB/s)
  [2745/3225] ok=728 cached=2010 fail=7  3977.6GB total (1111min elapsed, ~12.1hr remaining)
  [start ] SRR36367310
  [done  ] SRR36910204  6.77GB in 988s (6.9 MB/s)
  [2746/3225] ok=729 cached=2010 fail=7  3984.3GB total (1114min elapsed, ~12.1hr remaining)
  [start ] SRR36292467
  [done  ] SRR36367339  9.26GB in 1146s (8.1 MB/s)
  [2747/3225] ok=730 cached=2010 fail=7  3993.6GB total (1116min elapsed, ~12.1hr remaining)
  [start ] SRR34300129
  [done  ] SRR34300128  9.84GB in 1234s (8.0 MB/s)
  [2748/3225] ok=731 cached=2010 fail=7  4003.4GB total (1118min elapsed, ~12.1hr remaining)
  [start ] SRR3537152
  [done  ] SRR34300162  7.94GB in 1001s (7.9 MB/s)
  [2749/3225] ok=732 cached=2010 fail=7  4011.4GB total (1119min elapsed, ~12.0hr remaining)
  [start ] SRR3537158
  [done  ] SRR36367336  9.60GB in 1209s (7.9 MB/s)
  [2750/3225] ok=733 cached=2010 fail=7  4021.0GB total (1120min elapsed, ~12.0hr remaining)
  [start ] SRR3537156
  [done  ] SRR3537156  1.36GB in 256s (5.3 MB/s)
  [2751/3225] ok=734 cached=2010 fail=7  4022.3GB total (1125min elapsed, ~12.0hr remaining)
  [start ] SRR3537151
  [done  ] SRR36367310  6.47GB in 813s (8.0 MB/s)
  [2752/3225] ok=735 cached=2010 fail=7  4028.8GB total (1125min elapsed, ~12.0hr remaining)
  [start ] SRR3537157
  [done  ] SRR36292505  8.77GB in 1088s (8.1 MB/s)
  [2753/3225] ok=736 cached=2010 fail=7  4037.6GB total (1127min elapsed, ~12.0hr remaining)
  [start ] SRR3537150
  [done  ] SRR3537158  2.89GB in 535s (5.4 MB/s)
  [2754/3225] ok=737 cached=2010 fail=7  4040.5GB total (1128min elapsed, ~11.9hr remaining)
  [start ] SRR26214562
  [done  ] SRR36910209  8.68GB in 1128s (7.7 MB/s)
  [2755/3225] ok=738 cached=2010 fail=7  4049.1GB total (1128min elapsed, ~11.9hr remaining)
  [start ] SRR26214573
  [done  ] SRR3537152  4.24GB in 698s (6.1 MB/s)
  [2756/3225] ok=739 cached=2010 fail=7  4053.4GB total (1130min elapsed, ~11.9hr remaining)
  [start ] SRR26214564
  [done  ] SRR3537157  2.10GB in 305s (6.9 MB/s)
  [2757/3225] ok=740 cached=2010 fail=7  4055.5GB total (1130min elapsed, ~11.8hr remaining)
  [start ] SRR26214558
  [done  ] SRR3537151  2.46GB in 344s (7.1 MB/s)
  [2758/3225] ok=741 cached=2010 fail=7  4057.9GB total (1130min elapsed, ~11.8hr remaining)
  [start ] SRR26214572
  [done  ] SRR34300129  8.17GB in 1065s (7.7 MB/s)
  [2759/3225] ok=742 cached=2010 fail=7  4066.1GB total (1134min elapsed, ~11.8hr remaining)
  [start ] SRR26214568
  [done  ] SRR3537150  3.28GB in 465s (7.1 MB/s)
  [2760/3225] ok=743 cached=2010 fail=7  4069.4GB total (1135min elapsed, ~11.8hr remaining)
  [start ] SRR26214563
  [done  ] SRR36292467  7.94GB in 1332s (6.0 MB/s)
  [2761/3225] ok=744 cached=2010 fail=7  4077.3GB total (1136min elapsed, ~11.8hr remaining)
  [start ] SRR26214566
  [done  ] SRR26214573  4.33GB in 608s (7.1 MB/s)
  [2762/3225] ok=745 cached=2010 fail=7  4081.7GB total (1138min elapsed, ~11.7hr remaining)
  [start ] SRR26214567
  [done  ] SRR26214562  4.84GB in 696s (7.0 MB/s)
  [2763/3225] ok=746 cached=2010 fail=7  4086.5GB total (1139min elapsed, ~11.7hr remaining)
  [start ] SRR10053813
  [done  ] SRR26214564  4.55GB in 650s (7.0 MB/s)
  [2764/3225] ok=747 cached=2010 fail=7  4091.1GB total (1141min elapsed, ~11.7hr remaining)
  [start ] SRR10053811
  [done  ] SRR26214558  4.71GB in 681s (6.9 MB/s)
  [2765/3225] ok=748 cached=2010 fail=7  4095.8GB total (1141min elapsed, ~11.6hr remaining)
  [start ] SRR10053818
  [done  ] SRR26214572  4.76GB in 673s (7.1 MB/s)
  [2766/3225] ok=749 cached=2010 fail=7  4100.5GB total (1141min elapsed, ~11.6hr remaining)
  [start ] SRR10053817
  [done  ] SRR26214563  4.64GB in 652s (7.1 MB/s)
  [2767/3225] ok=750 cached=2010 fail=7  4105.2GB total (1145min elapsed, ~11.6hr remaining)
  [start ] SRR10053819
  [done  ] SRR26214566  4.53GB in 662s (6.8 MB/s)
  [2768/3225] ok=751 cached=2010 fail=7  4109.7GB total (1147min elapsed, ~11.6hr remaining)
  [start ] SRR10053822
  [done  ] SRR10053813  2.96GB in 494s (6.0 MB/s)
  [2769/3225] ok=752 cached=2010 fail=7  4112.7GB total (1147min elapsed, ~11.5hr remaining)
  [start ] SRR25969038
  [done  ] SRR26214568  5.67GB in 810s (7.0 MB/s)
  [2770/3225] ok=753 cached=2010 fail=7  4118.3GB total (1148min elapsed, ~11.5hr remaining)
  [start ] SRR25969048
  [done  ] SRR25969038  1.50GB in 194s (7.7 MB/s)
  [2771/3225] ok=754 cached=2010 fail=7  4119.8GB total (1151min elapsed, ~11.5hr remaining)
  [start ] SRR25969004
  [done  ] SRR10053818  3.50GB in 595s (5.9 MB/s)
  [2772/3225] ok=755 cached=2010 fail=7  4123.3GB total (1151min elapsed, ~11.4hr remaining)
  [start ] SRR25969024
  [done  ] SRR26214567  5.27GB in 813s (6.5 MB/s)
  [2773/3225] ok=756 cached=2010 fail=7  4128.6GB total (1151min elapsed, ~11.4hr remaining)
  [start ] SRR25969012
  [done  ] SRR10053817  3.98GB in 604s (6.6 MB/s)
  [2774/3225] ok=757 cached=2010 fail=7  4132.6GB total (1152min elapsed, ~11.4hr remaining)
  [start ] SRR25969025
  [done  ] SRR10053811  4.07GB in 660s (6.2 MB/s)
  [2775/3225] ok=758 cached=2010 fail=7  4136.6GB total (1152min elapsed, ~11.4hr remaining)
  [start ] SRR26081708
  [done  ] SRR26081708  0.21GB in 33s (6.5 MB/s)
  [2776/3225] ok=759 cached=2010 fail=7  4136.9GB total (1152min elapsed, ~11.3hr remaining)
  [start ] SRR25969067
  [done  ] SRR25969048  2.84GB in 356s (8.0 MB/s)
  [2777/3225] ok=760 cached=2010 fail=7  4139.7GB total (1154min elapsed, ~11.3hr remaining)
  [start ] SRR25968999
  [done  ] SRR25969025  1.15GB in 144s (8.0 MB/s)
  [2778/3225] ok=761 cached=2010 fail=7  4140.8GB total (1154min elapsed, ~11.3hr remaining)
  [start ] SRR25969005
  [done  ] SRR10053822  3.78GB in 546s (6.9 MB/s)
  [2779/3225] ok=762 cached=2010 fail=7  4144.6GB total (1156min elapsed, ~11.2hr remaining)
  [start ] SRR25968991
  [done  ] SRR25969004  3.18GB in 448s (7.1 MB/s)
  [2780/3225] ok=763 cached=2010 fail=7  4147.8GB total (1158min elapsed, ~11.2hr remaining)
  [start ] SRR25969031
  [done  ] SRR10053819  4.41GB in 792s (5.6 MB/s)
  [2781/3225] ok=764 cached=2010 fail=7  4152.2GB total (1159min elapsed, ~11.2hr remaining)
  [start ] SRR25969033
  [done  ] SRR25969005  3.68GB in 581s (6.3 MB/s)
  [2782/3225] ok=765 cached=2010 fail=7  4155.9GB total (1164min elapsed, ~11.1hr remaining)
  [start ] SRR25969020
  [done  ] SRR25969031  2.84GB in 412s (6.9 MB/s)
  [2783/3225] ok=766 cached=2010 fail=7  4158.7GB total (1165min elapsed, ~11.1hr remaining)
  [start ] SRR25969007
  [done  ] SRR25969067  4.06GB in 816s (5.0 MB/s)
  [2784/3225] ok=767 cached=2010 fail=7  4162.8GB total (1166min elapsed, ~11.1hr remaining)
  [start ] SRR25968992
  [done  ] SRR25969033  3.20GB in 535s (6.0 MB/s)
  [2785/3225] ok=768 cached=2010 fail=7  4166.0GB total (1168min elapsed, ~11.1hr remaining)
  [start ] SRR25969047
  [done  ] SRR25969047  2.21GB in 482s (4.6 MB/s)
  [2786/3225] ok=769 cached=2010 fail=7  4168.2GB total (1176min elapsed, ~11.0hr remaining)
  [start ] SRR25968998
  [done  ] SRR25969024  5.59GB in 1533s (3.6 MB/s)
  [2787/3225] ok=770 cached=2010 fail=7  4173.8GB total (1177min elapsed, ~11.0hr remaining)
  [start ] SRR25969000
  [done  ] SRR25968991  5.17GB in 1326s (3.9 MB/s)
  [2788/3225] ok=771 cached=2010 fail=7  4179.0GB total (1178min elapsed, ~11.0hr remaining)
  [start ] SRR25969068
  [done  ] SRR25969020  4.71GB in 889s (5.3 MB/s)
  [2789/3225] ok=772 cached=2010 fail=7  4183.7GB total (1178min elapsed, ~11.0hr remaining)
  [start ] SRR25969026
  [done  ] SRR25968999  6.42GB in 1490s (4.3 MB/s)
  [2790/3225] ok=773 cached=2010 fail=7  4190.1GB total (1178min elapsed, ~11.0hr remaining)
  [start ] SRR25969054
  [done  ] SRR25968992  5.19GB in 841s (6.2 MB/s)
  [2791/3225] ok=774 cached=2010 fail=7  4195.3GB total (1180min elapsed, ~11.0hr remaining)
  [start ] SRR25969019
  [done  ] SRR25969007  4.25GB in 969s (4.4 MB/s)
  [2792/3225] ok=775 cached=2010 fail=7  4199.5GB total (1181min elapsed, ~10.9hr remaining)
  [start ] SRR25969032
  [done  ] SRR25969054  3.15GB in 443s (7.1 MB/s)
  [2793/3225] ok=776 cached=2010 fail=7  4202.7GB total (1186min elapsed, ~10.9hr remaining)
  [start ] SRR25969013
  [done  ] SRR25969012  5.34GB in 2193s (2.4 MB/s)
  [2794/3225] ok=777 cached=2010 fail=7  4208.0GB total (1188min elapsed, ~10.9hr remaining)
  [start ] SRR25968993
  [done  ] SRR25969068  3.65GB in 711s (5.1 MB/s)
  [2795/3225] ok=778 cached=2010 fail=7  4211.7GB total (1190min elapsed, ~10.9hr remaining)
  [start ] SRR25969011
  [done  ] SRR25969019  3.91GB in 664s (5.9 MB/s)
  [2796/3225] ok=779 cached=2010 fail=7  4215.6GB total (1191min elapsed, ~10.9hr remaining)
  [start ] SRR6279264
  [done  ] SRR25969032  3.78GB in 668s (5.7 MB/s)
  [2797/3225] ok=780 cached=2010 fail=7  4219.4GB total (1192min elapsed, ~10.8hr remaining)
  [start ] SRR6279324
  [done  ] SRR25968998  5.69GB in 1019s (5.6 MB/s)
  [2798/3225] ok=781 cached=2010 fail=7  4225.0GB total (1193min elapsed, ~10.8hr remaining)
  [start ] SRR36015662
  [done  ] SRR25969026  4.31GB in 876s (4.9 MB/s)
  [2799/3225] ok=782 cached=2010 fail=7  4229.4GB total (1193min elapsed, ~10.8hr remaining)
  [start ] SRR36015661
  [done  ] SRR25969000  7.55GB in 1165s (6.5 MB/s)
  [2800/3225] ok=783 cached=2010 fail=7  4236.9GB total (1196min elapsed, ~10.8hr remaining)
  [start ] SRR22975697
  [done  ] SRR25968993  4.04GB in 501s (8.1 MB/s)
  [2801/3225] ok=784 cached=2010 fail=7  4241.0GB total (1196min elapsed, ~10.7hr remaining)
  [start ] SRR22975698
  [done  ] SRR25969013  5.38GB in 688s (7.8 MB/s)
  [2802/3225] ok=785 cached=2010 fail=7  4246.3GB total (1197min elapsed, ~10.7hr remaining)
  [start ] SRR22975703
  [done  ] SRR6279264  3.16GB in 438s (7.2 MB/s)
  [2803/3225] ok=786 cached=2010 fail=7  4249.5GB total (1198min elapsed, ~10.7hr remaining)
  [start ] SRR22975695
  [done  ] SRR6279324  3.09GB in 418s (7.4 MB/s)
  [2804/3225] ok=787 cached=2010 fail=7  4252.6GB total (1199min elapsed, ~10.7hr remaining)
  [start ] SRR22975704
  [done  ] SRR25969011  3.98GB in 637s (6.2 MB/s)
  [2805/3225] ok=788 cached=2010 fail=7  4256.6GB total (1201min elapsed, ~10.6hr remaining)
  [start ] SRR22975696
  [done  ] SRR36015661  3.59GB in 604s (6.0 MB/s)
  [2806/3225] ok=789 cached=2010 fail=7  4260.2GB total (1203min elapsed, ~10.6hr remaining)
  [start ] SRR30126665
  [done  ] SRR22975698  3.18GB in 522s (6.1 MB/s)
  [2807/3225] ok=790 cached=2010 fail=7  4263.3GB total (1205min elapsed, ~10.6hr remaining)
  [start ] SRR30126654
  [done  ] SRR36015662  5.10GB in 817s (6.2 MB/s)
  [2808/3225] ok=791 cached=2010 fail=7  4268.4GB total (1206min elapsed, ~10.5hr remaining)
  [start ] SRR30126657
  [done  ] SRR22975697  4.18GB in 615s (6.8 MB/s)
  [2809/3225] ok=792 cached=2010 fail=7  4272.6GB total (1206min elapsed, ~10.5hr remaining)
  [start ] SRR30126656
  [done  ] SRR22975704  2.83GB in 443s (6.4 MB/s)
  [2810/3225] ok=793 cached=2010 fail=7  4275.5GB total (1207min elapsed, ~10.5hr remaining)
  [start ] SRR30126666
  [done  ] SRR22975695  3.23GB in 516s (6.3 MB/s)
  [2811/3225] ok=794 cached=2010 fail=7  4278.7GB total (1207min elapsed, ~10.5hr remaining)
  [start ] SRR30126662
  [done  ] SRR22975703  4.16GB in 617s (6.7 MB/s)
  [2812/3225] ok=795 cached=2010 fail=7  4282.8GB total (1208min elapsed, ~10.4hr remaining)
  [start ] SRR30126671
  [done  ] SRR22975696  5.10GB in 594s (8.6 MB/s)
  [2813/3225] ok=796 cached=2010 fail=7  4287.9GB total (1210min elapsed, ~10.4hr remaining)
  [start ] SRR30126660
  [done  ] SRR30126665  3.81GB in 559s (6.8 MB/s)
  [2814/3225] ok=797 cached=2010 fail=7  4291.7GB total (1212min elapsed, ~10.4hr remaining)
  [start ] SRR11229310
  [done  ] SRR30126657  3.29GB in 501s (6.6 MB/s)
  [2815/3225] ok=798 cached=2010 fail=7  4295.0GB total (1215min elapsed, ~10.3hr remaining)
  [start ] SRR11229312
  [done  ] SRR30126654  3.94GB in 574s (6.9 MB/s)
  [2816/3225] ok=799 cached=2010 fail=7  4299.0GB total (1215min elapsed, ~10.3hr remaining)
  [start ] SRR11229311
  [done  ] SRR30126662  3.40GB in 489s (7.0 MB/s)
  [2817/3225] ok=800 cached=2010 fail=7  4302.4GB total (1215min elapsed, ~10.3hr remaining)
  [start ] SRR6395482
  [done  ] SRR30126656  4.01GB in 594s (6.8 MB/s)
  [2818/3225] ok=801 cached=2010 fail=7  4306.4GB total (1216min elapsed, ~10.3hr remaining)
  [start ] SRR6395492
  [done  ] SRR11229310  1.58GB in 235s (6.7 MB/s)
  [2819/3225] ok=802 cached=2010 fail=7  4308.0GB total (1216min elapsed, ~10.2hr remaining)
  [start ] SRR6395472
  [done  ] SRR30126671  3.51GB in 528s (6.6 MB/s)
  [2820/3225] ok=803 cached=2010 fail=7  4311.5GB total (1216min elapsed, ~10.2hr remaining)
  [start ] SRR6395491
  [done  ] SRR30126666  3.95GB in 639s (6.2 MB/s)
  [2821/3225] ok=804 cached=2010 fail=7  4315.4GB total (1217min elapsed, ~10.2hr remaining)
  [start ] SRR6395471
  [done  ] SRR30126660  3.21GB in 458s (7.0 MB/s)
  [2822/3225] ok=805 cached=2010 fail=7  4318.6GB total (1218min elapsed, ~10.1hr remaining)
  [start ] SRR26511475
  [done  ] SRR11229312  1.52GB in 218s (7.0 MB/s)
  [2823/3225] ok=806 cached=2010 fail=7  4320.2GB total (1218min elapsed, ~10.1hr remaining)
  [start ] SRR26511474
  [done  ] SRR11229311  1.53GB in 229s (6.7 MB/s)
  [2824/3225] ok=807 cached=2010 fail=7  4321.7GB total (1218min elapsed, ~10.1hr remaining)
  [start ] SRR26511471
  [done  ] SRR26511471  6.08GB in 881s (6.9 MB/s)
  [2825/3225] ok=808 cached=2010 fail=7  4327.8GB total (1233min elapsed, ~10.1hr remaining)
  [start ] SRR26511470
  [done  ] SRR6395491  8.34GB in 1018s (8.2 MB/s)
  [2826/3225] ok=809 cached=2010 fail=7  4336.1GB total (1233min elapsed, ~10.0hr remaining)
  [start ] SRR26511472
  [done  ] SRR26511474  7.46GB in 1096s (6.8 MB/s)
  [2827/3225] ok=810 cached=2010 fail=7  4343.6GB total (1236min elapsed, ~10.0hr remaining)
  [start ] SRR26511466
  [done  ] SRR6395492  10.07GB in 1257s (8.0 MB/s)
  [2828/3225] ok=811 cached=2010 fail=7  4353.6GB total (1237min elapsed, ~10.0hr remaining)
  [start ] SRR8357723
  [done  ] SRR26511475  6.40GB in 1201s (5.3 MB/s)
  [2829/3225] ok=812 cached=2010 fail=7  4360.0GB total (1238min elapsed, ~10.0hr remaining)
  [start ] SRR8984110
  [done  ] SRR6395482  12.01GB in 1427s (8.4 MB/s)
  [2830/3225] ok=813 cached=2010 fail=7  4372.0GB total (1239min elapsed, ~10.0hr remaining)
  [start ] SRR8984109
  [done  ] SRR8357723  0.64GB in 98s (6.5 MB/s)
  [2831/3225] ok=814 cached=2010 fail=7  4372.7GB total (1239min elapsed, ~9.9hr remaining)
  [start ] SRR8984104
  [done  ] SRR6395471  12.44GB in 1481s (8.4 MB/s)
  [2832/3225] ok=815 cached=2010 fail=7  4385.1GB total (1242min elapsed, ~9.9hr remaining)
  [start ] SRR8984115
  [done  ] SRR6395472  13.43GB in 1604s (8.4 MB/s)
  [2833/3225] ok=816 cached=2010 fail=7  4398.5GB total (1243min elapsed, ~9.9hr remaining)
  [start ] SRR8984124
  [done  ] SRR26511472  4.79GB in 702s (6.8 MB/s)
  [2834/3225] ok=817 cached=2010 fail=7  4403.3GB total (1245min elapsed, ~9.9hr remaining)
  [start ] SRR8984117
  [done  ] SRR26511470  5.57GB in 839s (6.6 MB/s)
  [2835/3225] ok=818 cached=2010 fail=7  4408.9GB total (1247min elapsed, ~9.9hr remaining)
  [start ] SRR8984118
  [done  ] SRR8984104  4.37GB in 796s (5.5 MB/s)
  [2836/3225] ok=819 cached=2010 fail=7  4413.3GB total (1252min elapsed, ~9.8hr remaining)
  [start ] SRR8984114
  [done  ] SRR8984109  4.28GB in 804s (5.3 MB/s)
  [2837/3225] ok=820 cached=2010 fail=7  4417.6GB total (1252min elapsed, ~9.8hr remaining)
  [start ] SRR8984120
  [done  ] SRR26511466  6.23GB in 947s (6.6 MB/s)
  [2838/3225] ok=821 cached=2010 fail=7  4423.8GB total (1252min elapsed, ~9.8hr remaining)
  [start ] SRR8984107
  [done  ] SRR8984110  5.54GB in 873s (6.3 MB/s)
  [2839/3225] ok=822 cached=2010 fail=7  4429.3GB total (1253min elapsed, ~9.8hr remaining)
  [start ] SRR8984105
  [done  ] SRR8984124  4.66GB in 718s (6.5 MB/s)
  [2840/3225] ok=823 cached=2010 fail=7  4434.0GB total (1255min elapsed, ~9.7hr remaining)
  [start ] SRR8984122
  [done  ] SRR8984107  3.07GB in 471s (6.5 MB/s)
  [2841/3225] ok=824 cached=2010 fail=7  4437.1GB total (1260min elapsed, ~9.7hr remaining)
  [start ] SRR8984106
  [done  ] SRR8984118  5.45GB in 833s (6.5 MB/s)
  [2842/3225] ok=825 cached=2010 fail=7  4442.5GB total (1261min elapsed, ~9.7hr remaining)
  [start ] SRR8984123
  [done  ] SRR8984120  3.55GB in 537s (6.6 MB/s)
  [2843/3225] ok=826 cached=2010 fail=7  4446.1GB total (1261min elapsed, ~9.7hr remaining)
  [start ] SRR8984112
  [done  ] SRR8984114  3.68GB in 559s (6.6 MB/s)
  [2844/3225] ok=827 cached=2010 fail=7  4449.7GB total (1261min elapsed, ~9.6hr remaining)
  [start ] SRR8984125
  [done  ] SRR8984105  3.45GB in 542s (6.4 MB/s)
  [2845/3225] ok=828 cached=2010 fail=7  4453.2GB total (1262min elapsed, ~9.6hr remaining)
  [start ] SRR8984108
  [done  ] SRR8984115  8.11GB in 1248s (6.5 MB/s)
  [2846/3225] ok=829 cached=2010 fail=7  4461.3GB total (1263min elapsed, ~9.6hr remaining)
  [start ] SRR8984116
  [done  ] SRR8984117  7.85GB in 1222s (6.4 MB/s)
  [2847/3225] ok=830 cached=2010 fail=7  4469.1GB total (1265min elapsed, ~9.6hr remaining)
  [start ] SRR8984119
  [done  ] SRR8984122  5.09GB in 740s (6.9 MB/s)
  [2848/3225] ok=831 cached=2010 fail=7  4474.2GB total (1267min elapsed, ~9.5hr remaining)
  [start ] SRR8984111
  [done  ] SRR8984123  3.00GB in 445s (6.7 MB/s)
  [2849/3225] ok=832 cached=2010 fail=7  4477.2GB total (1268min elapsed, ~9.5hr remaining)
  [start ] SRR8984121
  [done  ] SRR8984106  3.56GB in 551s (6.5 MB/s)
  [2850/3225] ok=833 cached=2010 fail=7  4480.8GB total (1269min elapsed, ~9.5hr remaining)
  [start ] SRR8984126
  [done  ] SRR8984108  3.17GB in 460s (6.9 MB/s)
  [2851/3225] ok=834 cached=2010 fail=7  4484.0GB total (1269min elapsed, ~9.5hr remaining)
  [start ] SRR8984113
  [done  ] SRR8984125  3.51GB in 506s (6.9 MB/s)
  [2852/3225] ok=835 cached=2010 fail=7  4487.5GB total (1270min elapsed, ~9.4hr remaining)
  [start ] SRR11066777
  [done  ] SRR8984112  3.78GB in 595s (6.4 MB/s)
  [2853/3225] ok=836 cached=2010 fail=7  4491.3GB total (1271min elapsed, ~9.4hr remaining)
  [start ] SRR35321449
  [done  ] SRR8984116  3.77GB in 549s (6.9 MB/s)
  [2854/3225] ok=837 cached=2010 fail=7  4495.0GB total (1272min elapsed, ~9.4hr remaining)
  [start ] SRR35321448
  [done  ] SRR8984119  4.01GB in 606s (6.6 MB/s)
  [2855/3225] ok=838 cached=2010 fail=7  4499.0GB total (1276min elapsed, ~9.3hr remaining)
  [start ] SRR11497315
  [done  ] SRR11497315  0.47GB in 80s (5.9 MB/s)
  [2856/3225] ok=839 cached=2010 fail=7  4499.5GB total (1277min elapsed, ~9.3hr remaining)
  [start ] SRR11497318
  [done  ] SRR35321449  2.27GB in 355s (6.4 MB/s)
  [2857/3225] ok=840 cached=2010 fail=7  4501.8GB total (1277min elapsed, ~9.3hr remaining)
  [start ] SRR11497261
  [done  ] SRR11497318  0.41GB in 71s (5.7 MB/s)
  [2858/3225] ok=841 cached=2010 fail=7  4502.2GB total (1278min elapsed, ~9.2hr remaining)
  [start ] SRR11497364
  [done  ] SRR8984113  3.53GB in 528s (6.7 MB/s)
  [2859/3225] ok=842 cached=2010 fail=7  4505.7GB total (1278min elapsed, ~9.2hr remaining)
  [start ] SRR11497317
  [done  ] SRR11497261  0.51GB in 88s (5.8 MB/s)
  [2860/3225] ok=843 cached=2010 fail=7  4506.2GB total (1278min elapsed, ~9.2hr remaining)
  [start ] SRR11497263
  [done  ] SRR35321448  2.50GB in 406s (6.1 MB/s)
  [2861/3225] ok=844 cached=2010 fail=7  4508.7GB total (1279min elapsed, ~9.2hr remaining)
  [start ] SRR11497260
  [done  ] SRR8984126  3.77GB in 582s (6.5 MB/s)
  [2862/3225] ok=845 cached=2010 fail=7  4512.5GB total (1279min elapsed, ~9.1hr remaining)
  [start ] SRR11497316
  [done  ] SRR11066777  3.61GB in 567s (6.4 MB/s)
  [2863/3225] ok=846 cached=2010 fail=7  4516.1GB total (1279min elapsed, ~9.1hr remaining)
  [start ] SRR1975199
  [done  ] SRR11497317  0.42GB in 71s (5.9 MB/s)
  [2864/3225] ok=847 cached=2010 fail=7  4516.5GB total (1279min elapsed, ~9.1hr remaining)
  [start ] SRR1975200
  [done  ] SRR11497364  0.61GB in 98s (6.3 MB/s)
  [2865/3225] ok=848 cached=2010 fail=7  4517.1GB total (1280min elapsed, ~9.0hr remaining)
  [start ] SRR1975194
  [done  ] SRR11497263  0.49GB in 80s (6.2 MB/s)
  [2866/3225] ok=849 cached=2010 fail=7  4517.6GB total (1280min elapsed, ~9.0hr remaining)
  [start ] SRR1975203
  [done  ] SRR11497260  0.54GB in 87s (6.2 MB/s)
  [2867/3225] ok=850 cached=2010 fail=7  4518.2GB total (1280min elapsed, ~9.0hr remaining)
  [start ] SRR1975195
  [done  ] SRR11497316  0.56GB in 86s (6.4 MB/s)
  [2868/3225] ok=851 cached=2010 fail=7  4518.7GB total (1280min elapsed, ~8.9hr remaining)
  [start ] SRR1975204
  [done  ] SRR8984121  5.01GB in 738s (6.8 MB/s)
  [2869/3225] ok=852 cached=2010 fail=7  4523.7GB total (1281min elapsed, ~8.9hr remaining)
  [start ] SRR1975201
  [done  ] SRR1975199  1.58GB in 458s (3.4 MB/s)
  [2870/3225] ok=853 cached=2010 fail=7  4525.3GB total (1287min elapsed, ~8.9hr remaining)
  [start ] SRR1975202
  [done  ] SRR1975200  1.72GB in 460s (3.7 MB/s)
  [2871/3225] ok=854 cached=2010 fail=7  4527.0GB total (1287min elapsed, ~8.8hr remaining)
  [start ] SRR1975197
  [done  ] SRR1975203  1.71GB in 497s (3.5 MB/s)
  [2872/3225] ok=855 cached=2010 fail=7  4528.7GB total (1288min elapsed, ~8.8hr remaining)
  [start ] SRR1975198
  [done  ] SRR1975195  1.54GB in 474s (3.2 MB/s)
  [2873/3225] ok=856 cached=2010 fail=7  4530.3GB total (1288min elapsed, ~8.8hr remaining)
  [start ] SRR1975193
  [done  ] SRR1975194  1.78GB in 522s (3.4 MB/s)
  [2874/3225] ok=857 cached=2010 fail=7  4532.1GB total (1288min elapsed, ~8.8hr remaining)
  [start ] SRR1975196
  [done  ] SRR8984111  8.23GB in 1267s (6.5 MB/s)
  [2875/3225] ok=858 cached=2010 fail=7  4540.3GB total (1289min elapsed, ~8.7hr remaining)
  [start ] SRR32660886
  [done  ] SRR1975204  1.33GB in 564s (2.4 MB/s)
  [2876/3225] ok=859 cached=2010 fail=7  4541.6GB total (1290min elapsed, ~8.7hr remaining)
  [start ] SRR25662803
  [done  ] SRR1975201  1.79GB in 561s (3.2 MB/s)
  [2877/3225] ok=860 cached=2010 fail=7  4543.4GB total (1290min elapsed, ~8.7hr remaining)
  [start ] SRR25662789
  [done  ] SRR1975196  1.21GB in 621s (2.0 MB/s)
  [2878/3225] ok=861 cached=2010 fail=7  4544.6GB total (1299min elapsed, ~8.7hr remaining)
  [start ] SRR25662795
  [done  ] SRR1975198  1.34GB in 672s (2.0 MB/s)
  [2879/3225] ok=862 cached=2010 fail=7  4546.0GB total (1299min elapsed, ~8.6hr remaining)
  [start ] SRR25662792
  [done  ] SRR1975197  1.50GB in 754s (2.0 MB/s)
  [2880/3225] ok=863 cached=2010 fail=7  4547.5GB total (1300min elapsed, ~8.6hr remaining)
  [start ] SRR32660893
  [done  ] SRR1975202  1.40GB in 770s (1.8 MB/s)
  [2881/3225] ok=864 cached=2010 fail=7  4548.9GB total (1300min elapsed, ~8.6hr remaining)
  [start ] SRR32660884
  [done  ] SRR1975193  1.50GB in 729s (2.1 MB/s)
  [2882/3225] ok=865 cached=2010 fail=7  4550.4GB total (1300min elapsed, ~8.6hr remaining)
  [start ] SRR32021761
  [done  ] SRR32021761  3.68GB in 592s (6.2 MB/s)
  [2883/3225] ok=866 cached=2010 fail=7  4554.1GB total (1310min elapsed, ~8.5hr remaining)
  [start ] SRR7403505
  [done  ] SRR25662803  5.35GB in 1272s (4.2 MB/s)
  [2884/3225] ok=867 cached=2010 fail=7  4559.4GB total (1311min elapsed, ~8.5hr remaining)
  [start ] SRR7403500
  [done  ] SRR32660886  5.57GB in 1380s (4.0 MB/s)
  [2885/3225] ok=868 cached=2010 fail=7  4565.0GB total (1312min elapsed, ~8.5hr remaining)
  [start ] SRR7403508
  [done  ] SRR25662795  5.07GB in 791s (6.4 MB/s)
  [2886/3225] ok=869 cached=2010 fail=7  4570.0GB total (1312min elapsed, ~8.5hr remaining)
  [start ] SRR7403503
  [done  ] SRR25662789  5.36GB in 1338s (4.0 MB/s)
  [2887/3225] ok=870 cached=2010 fail=7  4575.4GB total (1312min elapsed, ~8.5hr remaining)
  [start ] SRR30977603
  [done  ] SRR7403505  1.07GB in 162s (6.6 MB/s)
  [2888/3225] ok=871 cached=2010 fail=7  4576.5GB total (1313min elapsed, ~8.4hr remaining)
  [start ] SRR31830260
  [done  ] SRR32660893  5.23GB in 814s (6.4 MB/s)
  [2889/3225] ok=872 cached=2010 fail=7  4581.7GB total (1313min elapsed, ~8.4hr remaining)
  [start ] SRR31830259
  [done  ] SRR7403500  1.04GB in 173s (6.0 MB/s)
  [2890/3225] ok=873 cached=2010 fail=7  4582.7GB total (1314min elapsed, ~8.4hr remaining)
  [start ] SRR32467361
  [done  ] SRR25662792  5.42GB in 889s (6.1 MB/s)
  [2891/3225] ok=874 cached=2010 fail=7  4588.2GB total (1314min elapsed, ~8.3hr remaining)
  [start ] SRR32467368
  [done  ] SRR7403508  0.97GB in 155s (6.3 MB/s)
  [2892/3225] ok=875 cached=2010 fail=7  4589.1GB total (1314min elapsed, ~8.3hr remaining)
  [start ] SRR32467364
  [done  ] SRR32660884  5.63GB in 875s (6.4 MB/s)
  [2893/3225] ok=876 cached=2010 fail=7  4594.8GB total (1314min elapsed, ~8.3hr remaining)
  [start ] SRR32467363
  [done  ] SRR7403503  0.98GB in 148s (6.6 MB/s)
  [2894/3225] ok=877 cached=2010 fail=7  4595.7GB total (1314min elapsed, ~8.3hr remaining)
  [start ] SRR18064509
  [done  ] SRR31830260  3.18GB in 458s (6.9 MB/s)
  [2895/3225] ok=878 cached=2010 fail=7  4598.9GB total (1320min elapsed, ~8.2hr remaining)
  [start ] SRR18064506
  [done  ] SRR31830259  3.08GB in 460s (6.7 MB/s)
  [2896/3225] ok=879 cached=2010 fail=7  4602.0GB total (1321min elapsed, ~8.2hr remaining)
  [start ] SRR18064507
  [done  ] SRR30977603  5.20GB in 758s (6.9 MB/s)
  [2897/3225] ok=880 cached=2010 fail=7  4607.2GB total (1325min elapsed, ~8.2hr remaining)
  [start ] SRR18064501
  [done  ] SRR18064509  7.77GB in 1277s (6.1 MB/s)
  [2898/3225] ok=881 cached=2010 fail=7  4615.0GB total (1336min elapsed, ~8.2hr remaining)
  [start ] SRR18064502
  [done  ] SRR18064507  5.47GB in 932s (5.9 MB/s)
  [2899/3225] ok=882 cached=2010 fail=7  4620.4GB total (1336min elapsed, ~8.1hr remaining)
  [start ] SRR18064500
  [done  ] SRR18064501  5.39GB in 918s (5.9 MB/s)
  [2900/3225] ok=883 cached=2010 fail=7  4625.8GB total (1340min elapsed, ~8.1hr remaining)
  [start ] SRR3571661
  [done  ] SRR18064506  7.17GB in 1215s (5.9 MB/s)
  [2901/3225] ok=884 cached=2010 fail=7  4633.0GB total (1341min elapsed, ~8.1hr remaining)
  [start ] SRR3571666
  [done  ] SRR18064500  4.88GB in 724s (6.7 MB/s)
  [2902/3225] ok=885 cached=2010 fail=7  4637.9GB total (1349min elapsed, ~8.1hr remaining)
  [start ] SRR3571672
  [done  ] SRR3571666  3.91GB in 476s (8.2 MB/s)
  [2903/3225] ok=886 cached=2010 fail=7  4641.8GB total (1349min elapsed, ~8.0hr remaining)
  [start ] SRR3571662
  [done  ] SRR32467363  12.26GB in 2087s (5.9 MB/s)
  [2904/3225] ok=887 cached=2010 fail=7  4654.0GB total (1349min elapsed, ~8.0hr remaining)
  [start ] SRR3571660
  [done  ] SRR32467364  12.32GB in 2111s (5.8 MB/s)
  [2905/3225] ok=888 cached=2010 fail=7  4666.4GB total (1349min elapsed, ~8.0hr remaining)
  [start ] SRR8569394
  [done  ] SRR32467368  12.27GB in 2132s (5.8 MB/s)
  [2906/3225] ok=889 cached=2010 fail=7  4678.6GB total (1350min elapsed, ~8.0hr remaining)
  [start ] SRR8568984
  [done  ] SRR32467361  12.58GB in 2158s (5.8 MB/s)
  [2907/3225] ok=890 cached=2010 fail=7  4691.2GB total (1350min elapsed, ~8.0hr remaining)
  [start ] SRR8568983
  [done  ] SRR3571661  5.58GB in 646s (8.6 MB/s)
  [2908/3225] ok=891 cached=2010 fail=7  4696.8GB total (1351min elapsed, ~8.0hr remaining)
  [start ] SRR8569388
  [done  ] SRR18064502  7.04GB in 1058s (6.7 MB/s)
  [2909/3225] ok=892 cached=2010 fail=7  4703.8GB total (1353min elapsed, ~8.0hr remaining)
  [start ] SRR8568982
  [done  ] SRR3571660  4.09GB in 559s (7.3 MB/s)
  [2910/3225] ok=893 cached=2010 fail=7  4707.9GB total (1358min elapsed, ~7.9hr remaining)
  [start ] SRR8569389
  [done  ] SRR8569394  4.15GB in 633s (6.6 MB/s)
  [2911/3225] ok=894 cached=2010 fail=7  4712.1GB total (1360min elapsed, ~7.9hr remaining)
  [start ] SRR8569393
  [done  ] SRR8568984  4.01GB in 646s (6.2 MB/s)
  [2912/3225] ok=895 cached=2010 fail=7  4716.1GB total (1360min elapsed, ~7.9hr remaining)
  [start ] SRR12133602
  [done  ] SRR8568983  3.88GB in 638s (6.1 MB/s)
  [2913/3225] ok=896 cached=2010 fail=7  4720.0GB total (1361min elapsed, ~7.9hr remaining)
  [start ] SRR12133603
  [done  ] SRR8569388  4.06GB in 667s (6.1 MB/s)
  [2914/3225] ok=897 cached=2010 fail=7  4724.0GB total (1362min elapsed, ~7.8hr remaining)
  [start ] SRR12133604
  [done  ] SRR12133602  1.06GB in 138s (7.7 MB/s)
  [2915/3225] ok=898 cached=2010 fail=7  4725.1GB total (1363min elapsed, ~7.8hr remaining)
  [start ] SRR12133607
  [done  ] SRR12133603  1.06GB in 162s (6.5 MB/s)
  [2916/3225] ok=899 cached=2010 fail=7  4726.1GB total (1363min elapsed, ~7.8hr remaining)
  [start ] SRR12133606
  [done  ] SRR12133604  1.05GB in 140s (7.5 MB/s)
  [2917/3225] ok=900 cached=2010 fail=7  4727.2GB total (1365min elapsed, ~7.7hr remaining)
  [start ] SRR12133598
  [done  ] SRR12133607  1.07GB in 169s (6.3 MB/s)
  [2918/3225] ok=901 cached=2010 fail=7  4728.3GB total (1365min elapsed, ~7.7hr remaining)
  [start ] SRR28718300
  [done  ] SRR12133606  1.06GB in 138s (7.7 MB/s)
  [2919/3225] ok=902 cached=2010 fail=7  4729.3GB total (1366min elapsed, ~7.7hr remaining)
  [start ] SRR28718299
  [done  ] SRR12133598  1.07GB in 134s (8.0 MB/s)
  [2920/3225] ok=903 cached=2010 fail=7  4730.4GB total (1367min elapsed, ~7.6hr remaining)
  [start ] SRR28718302
  [done  ] SRR8569393  3.48GB in 555s (6.3 MB/s)
  [2921/3225] ok=904 cached=2010 fail=7  4733.9GB total (1369min elapsed, ~7.6hr remaining)
  [start ] SRR28718298
  [done  ] SRR8568982  4.26GB in 988s (4.3 MB/s)
  [2922/3225] ok=905 cached=2010 fail=7  4738.1GB total (1370min elapsed, ~7.6hr remaining)
  [start ] SRR6039734
  [done  ] SRR3571662  10.05GB in 1547s (6.5 MB/s)
  [2923/3225] ok=906 cached=2010 fail=7  4748.2GB total (1374min elapsed, ~7.6hr remaining)
  [start ] SRR6039726
  [done  ] SRR28718300  3.47GB in 643s (5.4 MB/s)
  [2924/3225] ok=907 cached=2010 fail=7  4751.6GB total (1376min elapsed, ~7.6hr remaining)
  [start ] SRR6039727
  [done  ] SRR28718299  3.51GB in 690s (5.1 MB/s)
  [2925/3225] ok=908 cached=2010 fail=7  4755.2GB total (1377min elapsed, ~7.5hr remaining)
  [start ] SRR6039732
  [done  ] SRR28718298  3.18GB in 489s (6.5 MB/s)
  [2926/3225] ok=909 cached=2010 fail=7  4758.3GB total (1377min elapsed, ~7.5hr remaining)
  [start ] SRR6039735
  [done  ] SRR28718302  4.08GB in 1062s (3.8 MB/s)
  [2927/3225] ok=910 cached=2010 fail=7  4762.4GB total (1385min elapsed, ~7.5hr remaining)
  [start ] SRR6039736
  [done  ] SRR8569389  3.97GB in 1623s (2.4 MB/s)
  [2928/3225] ok=911 cached=2010 fail=7  4766.4GB total (1385min elapsed, ~7.5hr remaining)
  [start ] SRR6039737
  [done  ] SRR6039734  6.74GB in 1187s (5.7 MB/s)
  [2929/3225] ok=912 cached=2010 fail=7  4773.1GB total (1390min elapsed, ~7.4hr remaining)
  [start ] SRR6039738
  [done  ] SRR6039726  6.96GB in 1019s (6.8 MB/s)
  [2930/3225] ok=913 cached=2010 fail=7  4780.1GB total (1391min elapsed, ~7.4hr remaining)
  [start ] SRR6039740
  [done  ] SRR6039727  6.75GB in 1198s (5.6 MB/s)
  [2931/3225] ok=914 cached=2010 fail=7  4786.8GB total (1396min elapsed, ~7.4hr remaining)
  [start ] SRR6039739
  [done  ] SRR6039732  7.31GB in 1183s (6.2 MB/s)
  [2932/3225] ok=915 cached=2010 fail=7  4794.1GB total (1397min elapsed, ~7.4hr remaining)
  [start ] SRR6039743
  [done  ] SRR6039735  9.80GB in 1352s (7.2 MB/s)
  [2933/3225] ok=916 cached=2010 fail=7  4803.9GB total (1400min elapsed, ~7.4hr remaining)
  [start ] SRR6039742
  [done  ] SRR6039736  6.42GB in 963s (6.7 MB/s)
  [2934/3225] ok=917 cached=2010 fail=7  4810.4GB total (1401min elapsed, ~7.3hr remaining)
  [start ] SRR6039741
  [done  ] SRR6039737  6.37GB in 1022s (6.2 MB/s)
  [2935/3225] ok=918 cached=2010 fail=7  4816.7GB total (1403min elapsed, ~7.3hr remaining)
  [start ] SRR6039724
  [done  ] SRR3571672  13.34GB in 3483s (3.8 MB/s)
  [2936/3225] ok=919 cached=2010 fail=7  4830.1GB total (1407min elapsed, ~7.3hr remaining)
  [start ] SRR6039728
  [done  ] SRR6039740  6.99GB in 931s (7.5 MB/s)
  [2937/3225] ok=920 cached=2010 fail=7  4837.1GB total (1407min elapsed, ~7.3hr remaining)
  [start ] SRR6039729
  [done  ] SRR6039738  9.82GB in 1516s (6.5 MB/s)
  [2938/3225] ok=921 cached=2010 fail=7  4846.9GB total (1415min elapsed, ~7.3hr remaining)
  [start ] SRR6039744
  [done  ] SRR6039739  5.78GB in 1143s (5.1 MB/s)
  [2939/3225] ok=922 cached=2010 fail=7  4852.7GB total (1415min elapsed, ~7.3hr remaining)
  [start ] SRR6039731
  [done  ] SRR6039743  6.13GB in 1257s (4.9 MB/s)
  [2940/3225] ok=923 cached=2010 fail=7  4858.8GB total (1418min elapsed, ~7.2hr remaining)
  [start ] SRR6039730
  [done  ] SRR6039742  6.00GB in 1215s (4.9 MB/s)
  [2941/3225] ok=924 cached=2010 fail=7  4864.8GB total (1420min elapsed, ~7.2hr remaining)
  [start ] SRR6039733
  [done  ] SRR6039729  5.91GB in 851s (6.9 MB/s)
  [2942/3225] ok=925 cached=2010 fail=7  4870.7GB total (1421min elapsed, ~7.2hr remaining)
  [start ] SRR1793908
  [done  ] SRR6039741  6.44GB in 1279s (5.0 MB/s)
  [2943/3225] ok=926 cached=2010 fail=7  4877.1GB total (1422min elapsed, ~7.2hr remaining)
  [start ] SRR1793834
  [done  ] SRR6039744  5.77GB in 693s (8.3 MB/s)
  [2944/3225] ok=927 cached=2010 fail=7  4882.9GB total (1426min elapsed, ~7.2hr remaining)
  [start ] SRR1793847
  [done  ] SRR6039731  5.79GB in 684s (8.5 MB/s)
  [2945/3225] ok=928 cached=2010 fail=7  4888.7GB total (1427min elapsed, ~7.1hr remaining)
  [start ] SRR1793865
  [done  ] SRR6039724  9.58GB in 1562s (6.1 MB/s)
  [2946/3225] ok=929 cached=2010 fail=7  4898.3GB total (1429min elapsed, ~7.1hr remaining)
  [start ] SRR1793815
  [done  ] SRR1793834  3.09GB in 406s (7.6 MB/s)
  [2947/3225] ok=930 cached=2010 fail=7  4901.4GB total (1429min elapsed, ~7.1hr remaining)
  [start ] SRR1793911
  [done  ] SRR1793908  3.69GB in 460s (8.0 MB/s)
  [2948/3225] ok=931 cached=2010 fail=7  4905.1GB total (1429min elapsed, ~7.1hr remaining)
  [start ] SRR1793876
  [done  ] SRR1793865  2.80GB in 352s (7.9 MB/s)
  [2949/3225] ok=932 cached=2010 fail=7  4907.8GB total (1433min elapsed, ~7.0hr remaining)
  [start ] SRR1793856
  [done  ] SRR1793911  2.05GB in 260s (7.9 MB/s)
  [2950/3225] ok=933 cached=2010 fail=7  4909.9GB total (1433min elapsed, ~7.0hr remaining)
  [start ] SRR1793826
  [done  ] SRR6039728  7.58GB in 1598s (4.7 MB/s)
  [2951/3225] ok=934 cached=2010 fail=7  4917.5GB total (1433min elapsed, ~7.0hr remaining)
  [start ] SRR1793909
  [done  ] SRR6039733  6.27GB in 834s (7.5 MB/s)
  [2952/3225] ok=935 cached=2010 fail=7  4923.7GB total (1434min elapsed, ~7.0hr remaining)
  [start ] SRR1793857
  [done  ] SRR1793847  3.40GB in 518s (6.6 MB/s)
  [2953/3225] ok=936 cached=2010 fail=7  4927.1GB total (1435min elapsed, ~6.9hr remaining)
  [start ] SRR1793833
  [done  ] SRR6039730  9.08GB in 1114s (8.1 MB/s)
  [2954/3225] ok=937 cached=2010 fail=7  4936.2GB total (1436min elapsed, ~6.9hr remaining)
  [start ] SRR21796868
  [done  ] SRR1793815  3.08GB in 484s (6.4 MB/s)
  [2955/3225] ok=938 cached=2010 fail=7  4939.3GB total (1437min elapsed, ~6.9hr remaining)
  [2956/3225] ok=938 cached=2011 fail=7  4939.3GB total (1437min elapsed, ~6.8hr remaining)
  [start ] SRR21796864
  [done  ] SRR1793909  2.24GB in 286s (7.8 MB/s)
  [2957/3225] ok=939 cached=2011 fail=7  4941.6GB total (1438min elapsed, ~6.8hr remaining)
  [start ] SRR21796867
  [done  ] SRR1793857  2.02GB in 261s (7.8 MB/s)
  [2958/3225] ok=940 cached=2011 fail=7  4943.6GB total (1438min elapsed, ~6.8hr remaining)
  [start ] SRR21796861
