Candidates: 2,063  already scored: 1,078
  [13:55:48] GCF_010015735.1  busco: starting ascomycota_odb10 on cds_from_genomic.fna (23.4 MB)...
  [13:55:48] GCA_010015735.1  busco: starting ascomycota_odb10 on cds_from_genomic.fna (23.0 MB)...
  [13:55:48] GCA_000825705.1  busco: starting ascomycota_odb10 on cds_from_genomic.fna (19.7 MB)...
  [13:55:48] GCA_033807595.1  busco: starting ascomycota_odb10 on cds_from_genomic.fna (14.1 MB)...
  [13:55:48] GCA_014904845.1  busco: starting ascomycota_odb10 on cds_from_genomic.fna (31.1 MB)...
  [13:55:48] GCA_027627235.1  busco: starting basidiomycota_odb10 on cds_from_genomic.fna (19.6 MB)...
  [13:55:48] GCA_001592465.1  busco: starting ascomycota_odb10 on cds_from_genomic.fna (16.4 MB)...
  [13:55:48] GCF_028009165.1  busco: starting ascomycota_odb10 on cds_from_genomic.fna (20.8 MB)...
  [13:55:48] GCF_000300575.1  busco: starting basidiomycota_odb10 on cds_from_genomic.fna (17.0 MB)...
  [13:55:48] GCA_000300555.1  busco: starting basidiomycota_odb10 on cds_from_genomic.fna (17.4 MB)...
  [13:55:48] GCA_001636795.1  busco: starting ascomycota_odb10 on cds_from_genomic.fna (18.5 MB)...
  [13:55:48] GCF_000300555.1  busco: starting basidiomycota_odb10 on cds_from_genomic.fna (17.7 MB)...
  [13:55:48] GCA_001653215.1  busco: starting ascomycota_odb10 on cds_from_genomic.fna (14.1 MB)...
  [13:55:48] GCA_028009165.1  busco: starting ascomycota_odb10 on cds_from_genomic.fna (20.1 MB)...
  [13:55:48] GCA_014872705.1  busco: starting basidiomycota_odb10 on cds_from_genomic.fna (20.3 MB)...
  [13:55:48] GCA_015484485.1  busco: starting basidiomycota_odb10 on cds_from_genomic.fna (25.8 MB)...
  [13:55:48] GCF_010015735.1  busco: FAILED rc=255 after 0s
  [13:55:48] GCA_010015735.1  busco: FAILED rc=255 after 0s
  [13:55:48] GCA_033807595.1  busco: FAILED rc=255 after 0s
  [13:55:48] GCA_000825705.1  busco: FAILED rc=255 after 0s
  [13:55:48] GCA_014904845.1  busco: FAILED rc=255 after 0s
  [13:55:48] GCA_027627235.1  busco: FAILED rc=255 after 0s
  [13:55:48] GCA_001592465.1  busco: FAILED rc=255 after 0s
  [13:55:48] GCF_028009165.1  busco: FAILED rc=255 after 0s
  [13:55:48] GCF_000300575.1  busco: FAILED rc=255 after 0s
  [13:55:48] GCA_001636795.1  busco: FAILED rc=255 after 0s
  [13:55:48] GCF_000300555.1  busco: FAILED rc=255 after 0s
  [13:55:48] GCA_028009165.1  busco: FAILED rc=255 after 0s
  [13:55:48] GCA_014872705.1  busco: FAILED rc=255 after 0s
  [13:55:48] GCA_000300555.1  busco: FAILED rc=255 after 0s
[13:55:48] [1/985] GCF_010015735.1  busco_error  C=—  | rate=10.13/s  ETA=0.0h
  [13:55:48] GCA_015484485.1  busco: FAILED rc=255 after 0s
  [13:55:48] GCA_001653215.1  busco: FAILED rc=255 after 0s
[13:55:48] [2/985] GCA_010015735.1  busco_error  C=—  | rate=19.59/s  ETA=0.0h
[13:55:48] [3/985] GCA_033807595.1  busco_error  C=—  | rate=28.97/s  ETA=0.0h
  [13:55:48] GCA_001691785.3  busco: starting basidiomycota_odb10 on cds_from_genomic.fna (26.5 MB)...
  [13:55:48] GCA_001691775.3  busco: starting basidiomycota_odb10 on cds_from_genomic.fna (14.2 MB)...
[13:55:48] [4/985] GCA_000825705.1  busco_error  C=—  | rate=37.54/s  ETA=0.0h
  [13:55:48] GCA_054369615.1  busco: starting basidiomycota_odb10 on cds_from_genomic.fna (23.7 MB)...
[13:55:48] [5/985] GCA_014904845.1  busco_error  C=—  | rate=46.25/s  ETA=0.0h
  [13:55:48] GCA_000827485.1  busco: starting basidiomycota_odb10 on cds_from_genomic.fna (22.6 MB)...
[13:55:48] [6/985] GCA_027627235.1  busco_error  C=—  | rate=54.94/s  ETA=0.0h
[13:55:48] [7/985] GCA_001592465.1  busco_error  C=—  | rate=63.36/s  ETA=0.0h
  [13:55:48] GCA_032173475.1  busco: starting basidiomycota_odb10 on cds_from_genomic.fna (14.9 MB)...
[13:55:48] [8/985] GCF_028009165.1  busco_error  C=—  | rate=71.23/s  ETA=0.0h
  [13:55:48] GCA_001691755.2  busco: starting basidiomycota_odb10 on cds_from_genomic.fna (18.2 MB)...
  [13:55:48] GCA_002554575.1  busco: starting basidiomycota_odb10 on cds_from_genomic.fna (16.2 MB)...
[13:55:48] [9/985] GCF_000300575.1  busco_error  C=—  | rate=78.95/s  ETA=0.0h
  [13:55:48] GCF_003019875.1  busco: starting ascomycota_odb10 on cds_from_genomic.fna (16.0 MB)...
[13:55:48] [10/985] GCA_001636795.1  busco_error  C=—  | rate=86.95/s  ETA=0.0h
  [13:55:48] GCA_019669835.1  busco: starting ascomycota_odb10 on cds_from_genomic.fna (19.4 MB)...
[13:55:48] [11/985] GCF_000300555.1  busco_error  C=—  | rate=94.68/s  ETA=0.0h
  [13:55:48] GCA_022836615.1  busco: starting ascomycota_odb10 on cds_from_genomic.fna (19.4 MB)...
  [13:55:48] GCA_003019875.1  busco: starting ascomycota_odb10 on cds_from_genomic.fna (15.7 MB)...
  [13:55:48] GCA_010094095.1  busco: starting ascomycota_odb10 on cds_from_genomic.fna (17.8 MB)...
  [13:55:48] GCA_010015725.1  busco: starting ascomycota_odb10 on cds_from_genomic.fna (23.9 MB)...
[13:55:48] [12/985] GCA_028009165.1  busco_error  C=—  | rate=101.67/s  ETA=0.0h
  [13:55:48] GCA_022496945.1  busco: starting ascomycota_odb10 on cds_from_genomic.fna (19.4 MB)...
  [13:55:48] GCA_022385825.1  busco: starting basidiomycota_odb10 on cds_from_genomic.fna (21.7 MB)...
  [13:55:48] GCF_022496945.1  busco: starting ascomycota_odb10 on cds_from_genomic.fna (19.7 MB)...
[13:55:48] [13/985] GCA_014872705.1  busco_error  C=—  | rate=109.24/s  ETA=0.0h
[13:55:48] [14/985] GCA_000300555.1  busco_error  C=—  | rate=116.71/s  ETA=0.0h
[13:55:48] [15/985] GCA_015484485.1  busco_error  C=—  | rate=124.15/s  ETA=0.0h
[13:55:48] [16/985] GCA_001653215.1  busco_error  C=—  | rate=131.38/s  ETA=0.0h
  [13:55:48] GCA_001691785.3  busco: FAILED rc=255 after 0s
[13:55:48] [17/985] GCA_001691785.3  busco_error  C=—  | rate=99.87/s  ETA=0.0h
  [13:55:48] GCA_001691775.3  busco: FAILED rc=255 after 0s
[13:55:48] [18/985] GCA_001691775.3  busco_error  C=—  | rate=104.75/s  ETA=0.0h
  [13:55:48] GCA_054369615.1  busco: FAILED rc=255 after 0s
  [13:55:48] GCA_000827485.1  busco: FAILED rc=255 after 0s
[13:55:48] [19/985] GCA_054369615.1  busco_error  C=—  | rate=109.64/s  ETA=0.0h
[13:55:48] [20/985] GCA_000827485.1  busco_error  C=—  | rate=114.82/s  ETA=0.0h
  [13:55:48] GCA_032173475.1  busco: FAILED rc=255 after 0s
[13:55:48] [21/985] GCA_032173475.1  busco_error  C=—  | rate=118.61/s  ETA=0.0h
  [13:55:48] GCA_001691755.2  busco: FAILED rc=255 after 0s
  [13:55:48] GCA_002554575.1  busco: FAILED rc=255 after 0s
[13:55:48] [22/985] GCA_001691755.2  busco_error  C=—  | rate=123.04/s  ETA=0.0h
  [13:55:48] GCA_022695765.1  busco: starting ascomycota_odb10 on cds_from_genomic.fna (20.5 MB)...
[13:55:48] [23/985] GCA_002554575.1  busco_error  C=—  | rate=127.88/s  ETA=0.0h
  [13:55:48] GCF_003019875.1  busco: FAILED rc=255 after 0s
  [13:55:48] GCA_019669835.1  busco: FAILED rc=255 after 0s
  [13:55:48] GCA_022836615.1  busco: FAILED rc=255 after 0s
[13:55:48] [24/985] GCF_003019875.1  busco_error  C=—  | rate=132.36/s  ETA=0.0h
  [13:55:48] GCA_003019875.1  busco: FAILED rc=255 after 0s
  [13:55:48] GCA_022496965.1  busco: starting ascomycota_odb10 on cds_from_genomic.fna (20.9 MB)...
  [13:55:48] GCA_010094095.1  busco: FAILED rc=255 after 0s
  [13:55:48] GCA_010015725.1  busco: FAILED rc=255 after 0s
  [13:55:48] GCA_022496945.1  busco: FAILED rc=255 after 0s
  [13:55:48] GCA_022385825.1  busco: FAILED rc=255 after 0s
  [13:55:48] GCF_022496945.1  busco: FAILED rc=255 after 0s
  [13:55:48] GCA_040104375.1  busco: starting ascomycota_odb10 on cds_from_genomic.fna (18.0 MB)...
[13:55:48] [25/985] GCA_019669835.1  busco_error  C=—  | rate=136.02/s  ETA=0.0h
  [13:55:48] GCA_022695755.1  busco: starting ascomycota_odb10 on cds_from_genomic.fna (20.7 MB)...
[13:55:48] [26/985] GCA_022836615.1  busco_error  C=—  | rate=139.66/s  ETA=0.0h
[13:55:48] [27/985] GCA_003019875.1  busco_error  C=—  | rate=144.06/s  ETA=0.0h
  [13:55:48] GCF_022578515.1  busco: starting ascomycota_odb10 on cds_from_genomic.fna (19.8 MB)...
[13:55:48] [28/985] GCA_010094095.1  busco_error  C=—  | rate=148.27/s  ETA=0.0h
[13:55:48] [29/985] GCA_010015725.1  busco_error  C=—  | rate=152.57/s  ETA=0.0h
  [13:55:48] GCA_022578515.1  busco: starting ascomycota_odb10 on cds_from_genomic.fna (19.5 MB)...
  [13:55:48] GCA_029218145.1  busco: starting ascomycota_odb10 on cds_from_genomic.fna (19.3 MB)...
[13:55:48] [30/985] GCA_022385825.1  busco_error  C=—  | rate=156.87/s  ETA=0.0h
[13:55:48] [31/985] GCF_022496945.1  busco_error  C=—  | rate=161.14/s  ETA=0.0h
[13:55:48] [32/985] GCA_022496945.1  busco_error  C=—  | rate=165.36/s  ETA=0.0h
  [13:55:48] GCF_010093885.1  busco: starting ascomycota_odb10 on cds_from_genomic.fna (19.6 MB)...
  [13:55:48] GCA_010093885.1  busco: starting ascomycota_odb10 on cds_from_genomic.fna (19.3 MB)...
  [13:55:48] GCA_002307675.1  busco: starting basidiomycota_odb10 on cds_from_genomic.fna (29.4 MB)...
  [13:55:48] GCA_022160305.1  busco: starting basidiomycota_odb10 on cds_from_genomic.fna (22.7 MB)...
  [13:55:48] GCA_018855395.1  busco: starting basidiomycota_odb10 on cds_from_genomic.fna (22.4 MB)...
  [13:55:48] GCA_002307695.1  busco: starting basidiomycota_odb10 on cds_from_genomic.fna (33.6 MB)...
  [13:55:48] GCF_003184765.1  busco: starting ascomycota_odb10 on cds_from_genomic.fna (20.7 MB)...
  [13:55:48] GCF_001890905.1  busco: starting ascomycota_odb10 on cds_from_genomic.fna (19.6 MB)...
  [13:55:48] GCA_003184765.1  busco: starting ascomycota_odb10 on cds_from_genomic.fna (20.3 MB)...
  [13:55:48] GCA_022695765.1  busco: FAILED rc=255 after 0s
[13:55:48] [33/985] GCA_022695765.1  busco_error  C=—  | rate=134.36/s  ETA=0.0h
  [13:55:48] GCA_022496965.1  busco: FAILED rc=255 after 0s
[13:55:48] [34/985] GCA_022496965.1  busco_error  C=—  | rate=137.13/s  ETA=0.0h
  [13:55:48] GCA_040104375.1  busco: FAILED rc=255 after 0s
  [13:55:48] GCA_022695755.1  busco: FAILED rc=255 after 0s
[13:55:48] [35/985] GCA_040104375.1  busco_error  C=—  | rate=140.06/s  ETA=0.0h
[13:55:48] [36/985] GCA_022695755.1  busco_error  C=—  | rate=143.56/s  ETA=0.0h
  [13:55:48] GCF_022578515.1  busco: FAILED rc=255 after 0s
[13:55:48] [37/985] GCF_022578515.1  busco_error  C=—  | rate=145.44/s  ETA=0.0h
  [13:55:48] GCA_022578515.1  busco: FAILED rc=255 after 0s
  [13:55:48] GCA_029218145.1  busco: FAILED rc=255 after 0s
  [13:55:48] GCA_001890905.1  busco: starting ascomycota_odb10 on cds_from_genomic.fna (19.2 MB)...
[13:55:48] [38/985] GCA_022578515.1  busco_error  C=—  | rate=148.45/s  ETA=0.0h
[13:55:48] [39/985] GCA_029218145.1  busco_error  C=—  | rate=151.57/s  ETA=0.0h
  [13:55:48] GCF_023601865.1  busco: starting ascomycota_odb10 on cds_from_genomic.fna (21.4 MB)...
  [13:55:48] GCF_010093885.1  busco: FAILED rc=255 after 0s
  [13:55:48] GCA_010093885.1  busco: FAILED rc=255 after 0s
  [13:55:48] GCF_009176365.1  busco: starting ascomycota_odb10 on cds_from_genomic.fna (21.6 MB)...
  [13:55:49] GCA_023601865.2  busco: starting ascomycota_odb10 on cds_from_genomic.fna (21.0 MB)...
[13:55:49] [40/985] GCF_010093885.1  busco_error  C=—  | rate=153.51/s  ETA=0.0h
[13:55:49] [41/985] GCA_010093885.1  busco_error  C=—  | rate=156.78/s  ETA=0.0h
  [13:55:49] GCA_002307675.1  busco: FAILED rc=255 after 0s
  [13:55:49] GCA_022160305.1  busco: FAILED rc=255 after 0s
  [13:55:49] GCA_018855395.1  busco: FAILED rc=255 after 0s
  [13:55:49] GCA_002307695.1  busco: FAILED rc=255 after 0s
  [13:55:49] GCF_003184765.1  busco: FAILED rc=255 after 0s
  [13:55:49] GCF_001890905.1  busco: FAILED rc=255 after 0s
  [13:55:49] GCA_003184765.1  busco: FAILED rc=255 after 0s
[13:55:49] [42/985] GCA_002307675.1  busco_error  C=—  | rate=159.31/s  ETA=0.0h
  [13:55:49] GCA_013421405.2  busco: starting ascomycota_odb10 on cds_from_genomic.fna (21.1 MB)...
[13:55:49] [43/985] GCA_022160305.1  busco_error  C=—  | rate=162.23/s  ETA=0.0h
  [13:55:49] GCA_009176365.1  busco: starting ascomycota_odb10 on cds_from_genomic.fna (21.3 MB)...
[13:55:49] [44/985] GCA_018855395.1  busco_error  C=—  | rate=165.12/s  ETA=0.0h
  [13:55:49] GCA_009193605.1  busco: starting ascomycota_odb10 on cds_from_genomic.fna (21.1 MB)...
[13:55:49] [45/985] GCA_002307695.1  busco_error  C=—  | rate=167.75/s  ETA=0.0h
[13:55:49] [46/985] GCF_003184765.1  busco_error  C=—  | rate=170.81/s  ETA=0.0h
[13:55:49] [47/985] GCA_003184765.1  busco_error  C=—  | rate=173.98/s  ETA=0.0h
[13:55:49] [48/985] GCF_001890905.1  busco_error  C=—  | rate=177.13/s  ETA=0.0h
  [13:55:49] GCF_047715705.1  busco: starting ascomycota_odb10 on cds_from_genomic.fna (19.2 MB)...
  [13:55:49] GCA_047715705.1  busco: starting ascomycota_odb10 on cds_from_genomic.fna (19.0 MB)...
  [13:55:49] GCA_009193545.1  busco: starting ascomycota_odb10 on cds_from_genomic.fna (22.8 MB)...
  [13:55:49] GCA_009193595.1  busco: starting ascomycota_odb10 on cds_from_genomic.fna (21.5 MB)...
  [13:55:49] GCF_001889945.1  busco: starting ascomycota_odb10 on cds_from_genomic.fna (22.1 MB)...
  [13:55:49] GCA_027924045.1  busco: starting ascomycota_odb10 on cds_from_genomic.fna (19.7 MB)...
  [13:55:49] GCA_027924065.1  busco: starting ascomycota_odb10 on cds_from_genomic.fna (20.0 MB)...
  [13:55:49] GCA_047715765.1  busco: starting ascomycota_odb10 on cds_from_genomic.fna (19.1 MB)...
  [13:55:49] GCA_009193465.1  busco: starting ascomycota_odb10 on cds_from_genomic.fna (19.3 MB)...
  [13:55:49] GCA_001890905.1  busco: FAILED rc=255 after 0s
  [13:55:49] GCF_023601865.1  busco: FAILED rc=255 after 0s
[13:55:49] [49/985] GCA_001890905.1  busco_error  C=—  | rate=151.55/s  ETA=0.0h
[13:55:49] [50/985] GCF_023601865.1  busco_error  C=—  | rate=154.19/s  ETA=0.0h
  [13:55:49] GCA_023601865.2  busco: FAILED rc=255 after 0s
  [13:55:49] GCF_009176365.1  busco: FAILED rc=255 after 0s
[13:55:49] [51/985] GCA_023601865.2  busco_error  C=—  | rate=156.59/s  ETA=0.0h
[13:55:49] [52/985] GCF_009176365.1  busco_error  C=—  | rate=159.23/s  ETA=0.0h
  [13:55:49] GCA_013421405.2  busco: FAILED rc=255 after 0s
[13:55:49] [53/985] GCA_013421405.2  busco_error  C=—  | rate=160.68/s  ETA=0.0h
  [13:55:49] GCA_009176365.1  busco: FAILED rc=255 after 0s
  [13:55:49] GCA_009193605.1  busco: FAILED rc=255 after 0s
[13:55:49] [54/985] GCA_009176365.1  busco_error  C=—  | rate=162.10/s  ETA=0.0h
  [13:55:49] GCA_027924085.1  busco: starting ascomycota_odb10 on cds_from_genomic.fna (19.8 MB)...
  [13:55:49] GCF_003184695.1  busco: starting ascomycota_odb10 on cds_from_genomic.fna (20.6 MB)...
[13:55:49] [55/985] GCA_009193605.1  busco_error  C=—  | rate=164.54/s  ETA=0.0h
  [13:55:49] GCF_009193585.1  busco: starting ascomycota_odb10 on cds_from_genomic.fna (23.5 MB)...
  [13:55:49] GCA_003184695.1  busco: starting ascomycota_odb10 on cds_from_genomic.fna (20.2 MB)...
  [13:55:49] GCF_047715705.1  busco: FAILED rc=255 after 0s
  [13:55:49] GCA_047715705.1  busco: FAILED rc=255 after 0s
[13:55:49] [56/985] GCF_047715705.1  busco_error  C=—  | rate=165.94/s  ETA=0.0h
[13:55:49] [57/985] GCA_047715705.1  busco_error  C=—  | rate=168.41/s  ETA=0.0h
  [13:55:49] GCA_009193585.1  busco: starting ascomycota_odb10 on cds_from_genomic.fna (23.2 MB)...
  [13:55:49] GCA_009193545.1  busco: FAILED rc=255 after 0s
[13:55:49] [58/985] GCA_009193545.1  busco_error  C=—  | rate=170.09/s  ETA=0.0h
  [13:55:49] GCA_009193595.1  busco: FAILED rc=255 after 0s
  [13:55:49] GCF_001889945.1  busco: FAILED rc=255 after 0s
  [13:55:49] GCA_027924045.1  busco: FAILED rc=255 after 0s
[13:55:49] [59/985] GCA_009193595.1  busco_error  C=—  | rate=172.29/s  ETA=0.0h
  [13:55:49] GCA_009193465.1  busco: FAILED rc=255 after 0s
  [13:55:49] GCA_001511075.1  busco: starting ascomycota_odb10 on cds_from_genomic.fna (24.6 MB)...
  [13:55:49] GCA_027924065.1  busco: FAILED rc=255 after 0s
  [13:55:49] GCA_045785085.1  busco: starting ascomycota_odb10 on cds_from_genomic.fna (23.7 MB)...
  [13:55:49] GCA_047715765.1  busco: FAILED rc=255 after 0s
[13:55:49] [60/985] GCF_001889945.1  busco_error  C=—  | rate=174.06/s  ETA=0.0h
[13:55:49] [61/985] GCA_027924045.1  busco_error  C=—  | rate=176.40/s  ETA=0.0h
[13:55:49] [62/985] GCA_009193465.1  busco_error  C=—  | rate=178.57/s  ETA=0.0h
  [13:55:49] GCF_002847045.1  busco: starting ascomycota_odb10 on cds_from_genomic.fna (16.9 MB)...
  [13:55:49] GCA_059056005.1  busco: starting ascomycota_odb10 on cds_from_genomic.fna (15.6 MB)...
[13:55:49] [63/985] GCA_027924065.1  busco_error  C=—  | rate=180.73/s  ETA=0.0h
[13:55:49] [64/985] GCA_047715765.1  busco_error  C=—  | rate=183.12/s  ETA=0.0h
  [13:55:49] GCA_002847045.1  busco: starting ascomycota_odb10 on cds_from_genomic.fna (16.6 MB)...
  [13:55:49] GCA_025688815.1  busco: starting ascomycota_odb10 on cds_from_genomic.fna (24.1 MB)...
  [13:55:49] GCA_044048685.1  busco: starting ascomycota_odb10 on cds_from_genomic.fna (22.0 MB)...
  [13:55:49] GCA_000002715.1  busco: starting ascomycota_odb10 on cds_from_genomic.fna (15.6 MB)...
  [13:55:49] GCA_016861735.1  busco: starting ascomycota_odb10 on cds_from_genomic.fna (16.6 MB)...
  [13:55:49] GCF_016861735.1  busco: starting ascomycota_odb10 on cds_from_genomic.fna (17.0 MB)...
  [13:55:49] GCF_000002715.2  busco: starting ascomycota_odb10 on cds_from_genomic.fna (16.0 MB)...
  [13:55:49] GCA_027924085.1  busco: FAILED rc=255 after 0s
  [13:55:49] GCF_003184695.1  busco: FAILED rc=255 after 0s
[13:55:49] [65/985] GCA_027924085.1  busco_error  C=—  | rate=162.86/s  ETA=0.0h
[13:55:49] [66/985] GCF_003184695.1  busco_error  C=—  | rate=164.97/s  ETA=0.0h
  [13:55:49] GCF_009193585.1  busco: FAILED rc=255 after 0s
  [13:55:49] GCA_003184695.1  busco: FAILED rc=255 after 0s
[13:55:49] [67/985] GCF_009193585.1  busco_error  C=—  | rate=167.00/s  ETA=0.0h
[13:55:49] [68/985] GCA_003184695.1  busco_error  C=—  | rate=169.10/s  ETA=0.0h
  [13:55:49] GCA_009193585.1  busco: FAILED rc=255 after 0s
[13:55:49] [69/985] GCA_009193585.1  busco_error  C=—  | rate=170.47/s  ETA=0.0h
  [13:55:49] GCA_001511075.1  busco: FAILED rc=255 after 0s
  [13:55:49] GCA_045785085.1  busco: FAILED rc=255 after 0s
  [13:55:49] GCA_009193565.1  busco: starting ascomycota_odb10 on cds_from_genomic.fna (15.6 MB)...
[13:55:49] [70/985] GCA_001511075.1  busco_error  C=—  | rate=170.91/s  ETA=0.0h
  [13:55:49] GCF_003184835.1  busco: starting ascomycota_odb10 on cds_from_genomic.fna (21.1 MB)...
[13:55:49] [71/985] GCA_045785085.1  busco_error  C=—  | rate=172.86/s  ETA=0.0h
  [13:55:49] GCA_003184835.1  busco: starting ascomycota_odb10 on cds_from_genomic.fna (20.7 MB)...
  [13:55:49] GCF_002847045.1  busco: FAILED rc=255 after 0s
  [13:55:49] GCA_001717485.1  busco: starting ascomycota_odb10 on cds_from_genomic.fna (17.0 MB)...
  [13:55:49] GCA_059056005.1  busco: FAILED rc=255 after 0s
[13:55:49] [72/985] GCF_002847045.1  busco_error  C=—  | rate=174.14/s  ETA=0.0h
  [13:55:49] GCA_048571495.1  busco: starting ascomycota_odb10 on cds_from_genomic.fna (20.0 MB)...
[13:55:49] [73/985] GCA_059056005.1  busco_error  C=—  | rate=176.12/s  ETA=0.0h
  [13:55:49] GCA_002847045.1  busco: FAILED rc=255 after 0s
[13:55:49] [74/985] GCA_002847045.1  busco_error  C=—  | rate=177.37/s  ETA=0.0h
  [13:55:49] GCA_025688815.1  busco: FAILED rc=255 after 0s
  [13:55:49] GCA_056321185.1  busco: starting ascomycota_odb10 on cds_from_genomic.fna (33.5 MB)...
[13:55:49] [75/985] GCA_025688815.1  busco_error  C=—  | rate=178.76/s  ETA=0.0h
  [13:55:49] GCA_047715865.1  busco: starting ascomycota_odb10 on cds_from_genomic.fna (17.1 MB)...
  [13:55:49] GCA_044048685.1  busco: FAILED rc=255 after 0s
  [13:55:49] GCA_000002715.1  busco: FAILED rc=255 after 0s
  [13:55:49] GCA_016861735.1  busco: FAILED rc=255 after 0s
  [13:55:49] GCF_016861735.1  busco: FAILED rc=255 after 0s
  [13:55:49] GCF_000002715.2  busco: FAILED rc=255 after 0s
[13:55:49] [76/985] GCA_044048685.1  busco_error  C=—  | rate=180.25/s  ETA=0.0h
[13:55:49] [77/985] GCA_000002715.1  busco_error  C=—  | rate=182.09/s  ETA=0.0h
  [13:55:49] GCA_025688805.1  busco: starting ascomycota_odb10 on cds_from_genomic.fna (17.2 MB)...
  [13:55:49] GCA_056320525.1  busco: starting ascomycota_odb10 on cds_from_genomic.fna (14.8 MB)...
[13:55:49] [78/985] GCA_016861735.1  busco_error  C=—  | rate=183.86/s  ETA=0.0h
[13:55:49] [79/985] GCF_016861735.1  busco_error  C=—  | rate=185.76/s  ETA=0.0h
[13:55:49] [80/985] GCF_000002715.2  busco_error  C=—  | rate=187.76/s  ETA=0.0h
  [13:55:49] GCA_003184645.1  busco: starting ascomycota_odb10 on cds_from_genomic.fna (20.3 MB)...
  [13:55:49] GCA_047715845.1  busco: starting ascomycota_odb10 on cds_from_genomic.fna (19.9 MB)...
  [13:55:49] GCF_003184825.1  busco: starting ascomycota_odb10 on cds_from_genomic.fna (20.7 MB)...
  [13:55:49] GCA_047715815.1  busco: starting ascomycota_odb10 on cds_from_genomic.fna (19.9 MB)...
  [13:55:49] GCA_014281915.1  busco: starting ascomycota_odb10 on cds_from_genomic.fna (18.6 MB)...
  [13:55:49] GCA_014281895.1  busco: starting ascomycota_odb10 on cds_from_genomic.fna (18.4 MB)...
  [13:55:49] GCA_003184825.1  busco: starting ascomycota_odb10 on cds_from_genomic.fna (20.4 MB)...
  [13:55:49] GCA_009193565.1  busco: FAILED rc=255 after 0s
[13:55:49] [81/985] GCA_009193565.1  busco_error  C=—  | rate=170.73/s  ETA=0.0h
  [13:55:49] GCF_003184835.1  busco: FAILED rc=255 after 0s
  [13:55:49] GCA_003184835.1  busco: FAILED rc=255 after 0s
[13:55:49] [82/985] GCF_003184835.1  busco_error  C=—  | rate=172.28/s  ETA=0.0h
  [13:55:49] GCA_001717485.1  busco: FAILED rc=255 after 0s
[13:55:49] [83/985] GCA_003184835.1  busco_error  C=—  | rate=174.01/s  ETA=0.0h
[13:55:49] [84/985] GCA_001717485.1  busco_error  C=—  | rate=175.78/s  ETA=0.0h
  [13:55:49] GCA_048571495.1  busco: FAILED rc=255 after 0s
[13:55:49] [85/985] GCA_048571495.1  busco_error  C=—  | rate=177.10/s  ETA=0.0h
  [13:55:49] GCA_056321185.1  busco: FAILED rc=255 after 0s
  [13:55:49] GCA_047715865.1  busco: FAILED rc=255 after 0s
[13:55:49] [86/985] GCA_056321185.1  busco_error  C=—  | rate=177.28/s  ETA=0.0h
  [13:55:49] GCF_000149645.3  busco: starting ascomycota_odb10 on cds_from_genomic.fna (18.0 MB)...
[13:55:49] [87/985] GCA_047715865.1  busco_error  C=—  | rate=178.93/s  ETA=0.0h
  [13:55:49] GCA_000149645.4  busco: starting ascomycota_odb10 on cds_from_genomic.fna (17.6 MB)...
  [13:55:49] GCA_016748045.1  busco: starting ascomycota_odb10 on cds_from_genomic.fna (18.2 MB)...
  [13:55:49] GCA_048565125.1  busco: starting ascomycota_odb10 on cds_from_genomic.fna (20.1 MB)...
  [13:55:49] GCA_025688805.1  busco: FAILED rc=255 after 0s
  [13:55:49] GCA_056320525.1  busco: FAILED rc=255 after 0s
  [13:55:49] GCF_047715535.1  busco: starting ascomycota_odb10 on cds_from_genomic.fna (19.5 MB)...
[13:55:49] [88/985] GCA_025688805.1  busco_error  C=—  | rate=179.76/s  ETA=0.0h
[13:55:49] [89/985] GCA_056320525.1  busco_error  C=—  | rate=181.47/s  ETA=0.0h
  [13:55:49] GCA_003184645.1  busco: FAILED rc=255 after 0s
[13:55:49] [90/985] GCA_003184645.1  busco_error  C=—  | rate=182.56/s  ETA=0.0h
  [13:55:49] GCA_047715845.1  busco: FAILED rc=255 after 0s
[13:55:49] [91/985] GCA_047715845.1  busco_error  C=—  | rate=183.73/s  ETA=0.0h
  [13:55:49] GCA_047715895.1  busco: starting ascomycota_odb10 on cds_from_genomic.fna (19.7 MB)...
  [13:55:49] GCA_047715535.1  busco: starting ascomycota_odb10 on cds_from_genomic.fna (19.2 MB)...
  [13:55:49] GCF_003184825.1  busco: FAILED rc=255 after 0s
  [13:55:49] GCA_047715815.1  busco: FAILED rc=255 after 0s
  [13:55:49] GCA_014281915.1  busco: FAILED rc=255 after 0s
  [13:55:49] GCA_014281895.1  busco: FAILED rc=255 after 0s
[13:55:49] [92/985] GCF_003184825.1  busco_error  C=—  | rate=184.78/s  ETA=0.0h
[13:55:49] [93/985] GCA_047715815.1  busco_error  C=—  | rate=186.36/s  ETA=0.0h
  [13:55:49] GCA_012656225.1  busco: starting ascomycota_odb10 on cds_from_genomic.fna (19.4 MB)...
[13:55:49] [94/985] GCA_014281895.1  busco_error  C=—  | rate=187.92/s  ETA=0.0h
  [13:55:49] GCA_003184825.1  busco: FAILED rc=255 after 0s
  [13:55:49] GCA_012656285.1  busco: starting ascomycota_odb10 on cds_from_genomic.fna (19.0 MB)...
[13:55:49] [95/985] GCA_014281915.1  busco_error  C=—  | rate=189.34/s  ETA=0.0h
  [13:55:49] GCA_012656295.1  busco: starting ascomycota_odb10 on cds_from_genomic.fna (18.8 MB)...
[13:55:49] [96/985] GCA_003184825.1  busco_error  C=—  | rate=190.98/s  ETA=0.0h
  [13:55:49] GCA_012656325.1  busco: starting ascomycota_odb10 on cds_from_genomic.fna (19.2 MB)...
  [13:55:49] GCA_040142855.1  busco: starting ascomycota_odb10 on cds_from_genomic.fna (18.0 MB)...
  [13:55:49] GCA_000731615.1  busco: starting ascomycota_odb10 on cds_from_genomic.fna (15.2 MB)...
  [13:55:49] GCA_058970245.1  busco: starting ascomycota_odb10 on cds_from_genomic.fna (18.4 MB)...
  [13:55:49] GCA_001029325.1  busco: starting ascomycota_odb10 on cds_from_genomic.fna (16.7 MB)...
  [13:55:49] GCA_045785125.1  busco: starting ascomycota_odb10 on cds_from_genomic.fna (24.6 MB)...
  [13:55:49] GCF_000149645.3  busco: FAILED rc=255 after 0s
  [13:55:49] GCA_016748045.1  busco: FAILED rc=255 after 0s
  [13:55:49] GCA_000149645.4  busco: FAILED rc=255 after 0s
[13:55:49] [97/985] GCF_000149645.3  busco_error  C=—  | rate=175.94/s  ETA=0.0h
  [13:55:49] GCA_048565125.1  busco: FAILED rc=255 after 0s
[13:55:49] [98/985] GCA_016748045.1  busco_error  C=—  | rate=177.38/s  ETA=0.0h
[13:55:49] [99/985] GCA_000149645.4  busco_error  C=—  | rate=178.86/s  ETA=0.0h
  [13:55:49] GCF_047715535.1  busco: FAILED rc=255 after 0s
[13:55:49] [100/985] GCA_048565125.1  busco_error  C=—  | rate=180.32/s  ETA=0.0h
[13:55:49] [101/985] GCF_047715535.1  busco_error  C=—  | rate=181.81/s  ETA=0.0h
  [13:55:49] GCA_047715895.1  busco: FAILED rc=255 after 0s
  [13:55:49] GCA_047715535.1  busco: FAILED rc=255 after 0s
  [13:55:49] GCF_001890805.1  busco: starting ascomycota_odb10 on cds_from_genomic.fna (18.2 MB)...
[13:55:49] [102/985] GCA_047715895.1  busco_error  C=—  | rate=181.60/s  ETA=0.0h
  [13:55:49] GCA_044048675.1  busco: starting ascomycota_odb10 on cds_from_genomic.fna (21.7 MB)...
[13:55:49] [103/985] GCA_047715535.1  busco_error  C=—  | rate=183.03/s  ETA=0.0h
  [13:55:49] GCA_001890805.1  busco: starting ascomycota_odb10 on cds_from_genomic.fna (17.8 MB)...
  [13:55:49] GCA_045784785.1  busco: starting ascomycota_odb10 on cds_from_genomic.fna (23.2 MB)...
  [13:55:49] GCA_012656225.1  busco: FAILED rc=255 after 0s
  [13:55:49] GCA_012656285.1  busco: FAILED rc=255 after 0s
  [13:55:49] GCA_001696595.2  busco: starting ascomycota_odb10 on cds_from_genomic.fna (20.5 MB)...
[13:55:49] [104/985] GCA_012656225.1  busco_error  C=—  | rate=183.61/s  ETA=0.0h
  [13:55:49] GCA_012656295.1  busco: FAILED rc=255 after 0s
[13:55:49] [105/985] GCA_012656285.1  busco_error  C=—  | rate=185.07/s  ETA=0.0h
[13:55:49] [106/985] GCA_012656295.1  busco_error  C=—  | rate=186.49/s  ETA=0.0h
  [13:55:49] GCA_012656325.1  busco: FAILED rc=255 after 0s
[13:55:49] [107/985] GCA_012656325.1  busco_error  C=—  | rate=187.31/s  ETA=0.0h
  [13:55:49] GCA_014281905.1  busco: starting ascomycota_odb10 on cds_from_genomic.fna (17.5 MB)...
  [13:55:49] GCA_014281935.1  busco: starting ascomycota_odb10 on cds_from_genomic.fna (17.3 MB)...
  [13:55:49] GCA_040142855.1  busco: FAILED rc=255 after 0s
  [13:55:49] GCA_000731615.1  busco: FAILED rc=255 after 0s
  [13:55:49] GCA_058970245.1  busco: FAILED rc=255 after 0s
[13:55:49] [108/985] GCA_040142855.1  busco_error  C=—  | rate=187.75/s  ETA=0.0h
  [13:55:49] GCA_001029325.1  busco: FAILED rc=255 after 0s
  [13:55:49] GCA_045785125.1  busco: FAILED rc=255 after 0s
  [13:55:49] GCA_003184865.1  busco: starting ascomycota_odb10 on cds_from_genomic.fna (19.1 MB)...
  [13:55:49] GCF_003184865.1  busco: starting ascomycota_odb10 on cds_from_genomic.fna (19.4 MB)...
[13:55:49] [109/985] GCA_000731615.1  busco_error  C=—  | rate=189.02/s  ETA=0.0h
  [13:55:49] GCF_003184845.1  busco: starting ascomycota_odb10 on cds_from_genomic.fna (19.9 MB)...
[13:55:49] [110/985] GCA_058970245.1  busco_error  C=—  | rate=190.37/s  ETA=0.0h
[13:55:49] [111/985] GCA_001029325.1  busco_error  C=—  | rate=191.75/s  ETA=0.0h
[13:55:49] [112/985] GCA_045785125.1  busco_error  C=—  | rate=193.17/s  ETA=0.0h
  [13:55:49] GCA_003184845.1  busco: starting ascomycota_odb10 on cds_from_genomic.fna (19.5 MB)...
  [13:55:49] GCA_003184685.1  busco: starting ascomycota_odb10 on cds_from_genomic.fna (20.3 MB)...
  [13:55:49] GCF_003184785.1  busco: starting ascomycota_odb10 on cds_from_genomic.fna (20.7 MB)...
  [13:55:49] GCA_045784725.1  busco: starting ascomycota_odb10 on cds_from_genomic.fna (25.5 MB)...
  [13:55:49] GCA_003184785.1  busco: starting ascomycota_odb10 on cds_from_genomic.fna (20.3 MB)...
  [13:55:49] GCF_047715665.1  busco: starting ascomycota_odb10 on cds_from_genomic.fna (23.4 MB)...
  [13:55:49] GCF_001890805.1  busco: FAILED rc=255 after 0s
  [13:55:49] GCA_044048675.1  busco: FAILED rc=255 after 0s
[13:55:49] [113/985] GCF_001890805.1  busco_error  C=—  | rate=180.17/s  ETA=0.0h
  [13:55:49] GCA_001890805.1  busco: FAILED rc=255 after 0s
[13:55:49] [114/985] GCA_044048675.1  busco_error  C=—  | rate=181.46/s  ETA=0.0h
[13:55:49] [115/985] GCA_001890805.1  busco_error  C=—  | rate=182.79/s  ETA=0.0h
  [13:55:49] GCA_045784785.1  busco: FAILED rc=255 after 0s
  [13:55:49] GCA_001696595.2  busco: FAILED rc=255 after 0s
[13:55:49] [116/985] GCA_045784785.1  busco_error  C=—  | rate=183.96/s  ETA=0.0h
[13:55:49] [117/985] GCA_001696595.2  busco_error  C=—  | rate=185.27/s  ETA=0.0h
  [13:55:49] GCA_014281905.1  busco: FAILED rc=255 after 0s
  [13:55:49] GCA_047715665.1  busco: starting ascomycota_odb10 on cds_from_genomic.fna (23.0 MB)...
  [13:55:49] GCA_014281935.1  busco: FAILED rc=255 after 0s
[13:55:49] [118/985] GCA_014281905.1  busco_error  C=—  | rate=185.13/s  ETA=0.0h
[13:55:49] [119/985] GCA_014281935.1  busco_error  C=—  | rate=186.39/s  ETA=0.0h
  [13:55:49] GCA_044089335.1  busco: starting ascomycota_odb10 on cds_from_genomic.fna (25.9 MB)...
  [13:55:49] GCF_010724455.1  busco: starting ascomycota_odb10 on cds_from_genomic.fna (17.9 MB)...
  [13:55:49] GCA_010723975.1  busco: starting ascomycota_odb10 on cds_from_genomic.fna (18.3 MB)...
  [13:55:49] GCA_003184865.1  busco: FAILED rc=255 after 0s
  [13:55:49] GCF_003184865.1  busco: FAILED rc=255 after 0s
  [13:55:49] GCA_010724455.1  busco: starting ascomycota_odb10 on cds_from_genomic.fna (17.6 MB)...
[13:55:49] [120/985] GCA_003184865.1  busco_error  C=—  | rate=186.95/s  ETA=0.0h
  [13:55:49] GCF_003184845.1  busco: FAILED rc=255 after 0s
[13:55:49] [121/985] GCF_003184865.1  busco_error  C=—  | rate=188.18/s  ETA=0.0h
[13:55:49] [122/985] GCF_003184845.1  busco_error  C=—  | rate=189.48/s  ETA=0.0h
  [13:55:49] GCA_003184845.1  busco: FAILED rc=255 after 0s
[13:55:49] [123/985] GCA_003184845.1  busco_error  C=—  | rate=190.53/s  ETA=0.0h
  [13:55:49] GCA_009176345.1  busco: starting ascomycota_odb10 on cds_from_genomic.fna (20.8 MB)...
  [13:55:49] GCA_010724575.1  busco: starting ascomycota_odb10 on cds_from_genomic.fna (17.7 MB)...
  [13:55:49] GCA_003184685.1  busco: FAILED rc=255 after 0s
  [13:55:49] GCF_003184785.1  busco: FAILED rc=255 after 0s
  [13:55:49] GCA_045784725.1  busco: FAILED rc=255 after 0s
  [13:55:49] GCA_001890685.1  busco: starting ascomycota_odb10 on cds_from_genomic.fna (21.7 MB)...
[13:55:49] [124/985] GCA_003184685.1  busco_error  C=—  | rate=190.12/s  ETA=0.0h
  [13:55:49] GCA_003184785.1  busco: FAILED rc=255 after 0s
  [13:55:49] GCF_047715665.1  busco: FAILED rc=255 after 0s
  [13:55:49] GCF_016861625.1  busco: starting ascomycota_odb10 on cds_from_genomic.fna (20.9 MB)...
  [13:55:49] GCA_000239835.2  busco: starting ascomycota_odb10 on cds_from_genomic.fna (19.5 MB)...
[13:55:49] [125/985] GCF_003184785.1  busco_error  C=—  | rate=191.20/s  ETA=0.0h
[13:55:49] [126/985] GCA_045784725.1  busco_error  C=—  | rate=192.41/s  ETA=0.0h
  [13:55:49] GCA_016861625.1  busco: starting ascomycota_odb10 on cds_from_genomic.fna (20.4 MB)...
[13:55:49] [127/985] GCA_003184785.1  busco_error  C=—  | rate=193.51/s  ETA=0.0h
[13:55:49] [128/985] GCF_047715665.1  busco_error  C=—  | rate=194.75/s  ETA=0.0h
  [13:55:49] GCF_044049455.1  busco: starting ascomycota_odb10 on cds_from_genomic.fna (19.7 MB)...
  [13:55:49] GCA_044049455.1  busco: starting ascomycota_odb10 on cds_from_genomic.fna (19.5 MB)...
  [13:55:49] GCA_056320545.1  busco: starting ascomycota_odb10 on cds_from_genomic.fna (16.8 MB)...
  [13:55:49] GCA_009176455.1  busco: starting ascomycota_odb10 on cds_from_genomic.fna (22.5 MB)...
  [13:55:49] GCA_030674015.1  busco: starting ascomycota_odb10 on cds_from_genomic.fna (18.8 MB)...
  [13:55:49] GCA_047715665.1  busco: FAILED rc=255 after 0s
[13:55:49] [129/985] GCA_047715665.1  busco_error  C=—  | rate=183.77/s  ETA=0.0h
  [13:55:49] GCA_044089335.1  busco: FAILED rc=255 after 0s
  [13:55:49] GCF_010724455.1  busco: FAILED rc=255 after 0s
[13:55:49] [130/985] GCA_044089335.1  busco_error  C=—  | rate=184.47/s  ETA=0.0h
  [13:55:49] GCA_010723975.1  busco: FAILED rc=255 after 0s
[13:55:49] [131/985] GCF_010724455.1  busco_error  C=—  | rate=185.64/s  ETA=0.0h
  [13:55:49] GCA_010724455.1  busco: FAILED rc=255 after 0s
[13:55:49] [132/985] GCA_010723975.1  busco_error  C=—  | rate=186.79/s  ETA=0.0h
[13:55:49] [133/985] GCA_010724455.1  busco_error  C=—  | rate=187.95/s  ETA=0.0h
  [13:55:49] GCF_047715735.1  busco: starting ascomycota_odb10 on cds_from_genomic.fna (22.0 MB)...
  [13:55:49] GCA_009176345.1  busco: FAILED rc=255 after 0s
  [13:55:49] GCA_010724575.1  busco: FAILED rc=255 after 0s
[13:55:49] [134/985] GCA_009176345.1  busco_error  C=—  | rate=187.84/s  ETA=0.0h
[13:55:49] [135/985] GCA_010724575.1  busco_error  C=—  | rate=189.01/s  ETA=0.0h
  [13:55:49] GCA_047715735.1  busco: starting ascomycota_odb10 on cds_from_genomic.fna (21.6 MB)...
  [13:55:49] GCF_003369625.1  busco: starting ascomycota_odb10 on cds_from_genomic.fna (20.7 MB)...
  [13:55:49] GCA_001890685.1  busco: FAILED rc=255 after 0s
  [13:55:49] GCA_003369625.1  busco: starting ascomycota_odb10 on cds_from_genomic.fna (20.3 MB)...
  [13:55:49] GCA_015844325.1  busco: starting ascomycota_odb10 on cds_from_genomic.fna (23.1 MB)...
  [13:55:49] GCF_016861625.1  busco: FAILED rc=255 after 0s
  [13:55:49] GCA_000239835.2  busco: FAILED rc=255 after 0s
[13:55:49] [136/985] GCA_001890685.1  busco_error  C=—  | rate=189.33/s  ETA=0.0h
[13:55:49] [137/985] GCF_016861625.1  busco_error  C=—  | rate=190.44/s  ETA=0.0h
  [13:55:49] GCA_016861625.1  busco: FAILED rc=255 after 0s
[13:55:49] [138/985] GCA_000239835.2  busco_error  C=—  | rate=191.60/s  ETA=0.0h
[13:55:49] [139/985] GCA_016861625.1  busco_error  C=—  | rate=192.67/s  ETA=0.0h
  [13:55:49] GCA_048626375.1  busco: starting ascomycota_odb10 on cds_from_genomic.fna (19.4 MB)...
  [13:55:49] GCF_003184625.1  busco: starting ascomycota_odb10 on cds_from_genomic.fna (20.7 MB)...
  [13:55:49] GCF_044049455.1  busco: FAILED rc=255 after 0s
  [13:55:49] GCA_044049455.1  busco: FAILED rc=255 after 0s
[13:55:49] [140/985] GCF_044049455.1  busco_error  C=—  | rate=192.49/s  ETA=0.0h
  [13:55:49] GCA_056320545.1  busco: FAILED rc=255 after 0s
  [13:55:49] GCA_009176455.1  busco: FAILED rc=255 after 0s
[13:55:49] [141/985] GCA_044049455.1  busco_error  C=—  | rate=193.50/s  ETA=0.0h
  [13:55:49] GCA_059491275.1  busco: starting ascomycota_odb10 on cds_from_genomic.fna (17.2 MB)...
  [13:55:49] GCA_003184625.1  busco: starting ascomycota_odb10 on cds_from_genomic.fna (20.3 MB)...
  [13:55:49] GCF_000011425.1  busco: starting ascomycota_odb10 on cds_from_genomic.fna (19.6 MB)...
[13:55:49] [142/985] GCA_056320545.1  busco_error  C=—  | rate=194.39/s  ETA=0.0h
  [13:55:49] GCA_030674015.1  busco: FAILED rc=255 after 0s
  [13:55:49] GCF_000149205.2  busco: starting ascomycota_odb10 on cds_from_genomic.fna (17.7 MB)...
[13:55:49] [143/985] GCA_009176455.1  busco_error  C=—  | rate=195.35/s  ETA=0.0h
[13:55:49] [144/985] GCA_030674015.1  busco_error  C=—  | rate=196.42/s  ETA=0.0h
  [13:55:49] GCA_000011425.1  busco: starting ascomycota_odb10 on cds_from_genomic.fna (19.7 MB)...
  [13:55:49] GCA_009176405.1  busco: starting ascomycota_odb10 on cds_from_genomic.fna (23.3 MB)...
  [13:55:49] GCA_057808355.1  busco: starting ascomycota_odb10 on cds_from_genomic.fna (20.3 MB)...
  [13:55:49] GCA_047715755.1  busco: starting ascomycota_odb10 on cds_from_genomic.fna (20.3 MB)...
  [13:55:49] GCF_000184455.2  busco: starting ascomycota_odb10 on cds_from_genomic.fna (19.5 MB)...
  [13:55:49] GCF_047715735.1  busco: FAILED rc=255 after 0s
[13:55:49] [145/985] GCF_047715735.1  busco_error  C=—  | rate=186.59/s  ETA=0.0h
  [13:55:49] GCA_047715735.1  busco: FAILED rc=255 after 0s
  [13:55:49] GCF_003369625.1  busco: FAILED rc=255 after 0s
[13:55:49] [146/985] GCA_047715735.1  busco_error  C=—  | rate=186.96/s  ETA=0.0h
  [13:55:49] GCA_003369625.1  busco: FAILED rc=255 after 0s
[13:55:49] [147/985] GCF_003369625.1  busco_error  C=—  | rate=188.02/s  ETA=0.0h
  [13:55:49] GCA_015844325.1  busco: FAILED rc=255 after 0s
[13:55:49] [148/985] GCA_003369625.1  busco_error  C=—  | rate=189.06/s  ETA=0.0h
[13:55:49] [149/985] GCA_015844325.1  busco_error  C=—  | rate=190.00/s  ETA=0.0h
  [13:55:49] GCA_057808365.1  busco: starting ascomycota_odb10 on cds_from_genomic.fna (21.4 MB)...
  [13:55:49] GCA_048626375.1  busco: FAILED rc=255 after 0s
  [13:55:49] GCF_003184625.1  busco: FAILED rc=255 after 0s
[13:55:49] [150/985] GCA_048626375.1  busco_error  C=—  | rate=190.35/s  ETA=0.0h
[13:55:49] [151/985] GCF_003184625.1  busco_error  C=—  | rate=191.37/s  ETA=0.0h
  [13:55:49] GCA_057913135.1  busco: starting ascomycota_odb10 on cds_from_genomic.fna (20.2 MB)...
  [13:55:49] GCA_037075405.1  busco: starting ascomycota_odb10 on cds_from_genomic.fna (23.6 MB)...
  [13:55:49] GCA_009176385.1  busco: starting ascomycota_odb10 on cds_from_genomic.fna (23.0 MB)...
  [13:55:49] GCA_003344505.1  busco: starting ascomycota_odb10 on cds_from_genomic.fna (20.9 MB)...
  [13:55:49] GCA_059491275.1  busco: FAILED rc=255 after 0s
  [13:55:49] GCA_003184625.1  busco: FAILED rc=255 after 0s
  [13:55:49] GCF_000011425.1  busco: FAILED rc=255 after 0s
[13:55:49] [152/985] GCA_059491275.1  busco_error  C=—  | rate=191.16/s  ETA=0.0h
  [13:55:49] GCF_000149205.2  busco: FAILED rc=255 after 0s
[13:55:49] [153/985] GCA_003184625.1  busco_error  C=—  | rate=192.07/s  ETA=0.0h
  [13:55:49] GCF_003184755.1  busco: starting ascomycota_odb10 on cds_from_genomic.fna (21.0 MB)...
[13:55:49] [154/985] GCF_000011425.1  busco_error  C=—  | rate=193.04/s  ETA=0.0h
[13:55:49] [155/985] GCF_000149205.2  busco_error  C=—  | rate=194.00/s  ETA=0.0h
  [13:55:49] GCA_003184755.1  busco: starting ascomycota_odb10 on cds_from_genomic.fna (20.6 MB)...
  [13:55:49] GCA_000011425.1  busco: FAILED rc=255 after 0s
  [13:55:49] GCA_009176405.1  busco: FAILED rc=255 after 0s
[13:55:49] [156/985] GCA_000011425.1  busco_error  C=—  | rate=194.10/s  ETA=0.0h
  [13:55:49] GCA_057808355.1  busco: FAILED rc=255 after 0s
  [13:55:49] GCA_047715755.1  busco: FAILED rc=255 after 0s
[13:55:49] [157/985] GCA_009176405.1  busco_error  C=—  | rate=195.08/s  ETA=0.0h
  [13:55:49] GCA_056320485.1  busco: starting ascomycota_odb10 on cds_from_genomic.fna (17.6 MB)...
[13:55:49] [158/985] GCA_057808355.1  busco_error  C=—  | rate=195.99/s  ETA=0.0h
  [13:55:49] GCA_009193665.1  busco: starting ascomycota_odb10 on cds_from_genomic.fna (23.0 MB)...
  [13:55:49] GCF_000184455.2  busco: FAILED rc=255 after 0s
  [13:55:49] GCF_044049435.1  busco: starting ascomycota_odb10 on cds_from_genomic.fna (24.6 MB)...
  [13:55:49] GCA_044049435.1  busco: starting ascomycota_odb10 on cds_from_genomic.fna (24.3 MB)...
[13:55:49] [159/985] GCA_047715755.1  busco_error  C=—  | rate=196.77/s  ETA=0.0h
[13:55:49] [160/985] GCF_000184455.2  busco_error  C=—  | rate=197.72/s  ETA=0.0h
  [13:55:49] GCF_009193645.1  busco: starting ascomycota_odb10 on cds_from_genomic.fna (22.5 MB)...
  [13:55:49] GCA_009176395.1  busco: starting ascomycota_odb10 on cds_from_genomic.fna (21.8 MB)...
  [13:55:49] GCF_009193445.1  busco: starting ascomycota_odb10 on cds_from_genomic.fna (22.8 MB)...
  [13:55:49] GCA_009193645.1  busco: starting ascomycota_odb10 on cds_from_genomic.fna (22.2 MB)...
  [13:55:49] GCA_009193445.1  busco: starting ascomycota_odb10 on cds_from_genomic.fna (22.4 MB)...
  [13:55:49] GCA_057808365.1  busco: FAILED rc=255 after 0s
[13:55:49] [161/985] GCA_057808365.1  busco_error  C=—  | rate=188.98/s  ETA=0.0h
  [13:55:49] GCA_057913135.1  busco: FAILED rc=255 after 0s
  [13:55:49] GCA_037075405.1  busco: FAILED rc=255 after 0s
[13:55:49] [162/985] GCA_057913135.1  busco_error  C=—  | rate=189.17/s  ETA=0.0h
  [13:55:49] GCA_009176385.1  busco: FAILED rc=255 after 0s
  [13:55:49] GCA_003344505.1  busco: FAILED rc=255 after 0s
[13:55:49] [163/985] GCA_037075405.1  busco_error  C=—  | rate=190.08/s  ETA=0.0h
[13:55:49] [164/985] GCA_009176385.1  busco_error  C=—  | rate=191.02/s  ETA=0.0h
[13:55:49] [165/985] GCA_003344505.1  busco_error  C=—  | rate=191.97/s  ETA=0.0h
  [13:55:49] GCA_044049465.1  busco: starting ascomycota_odb10 on cds_from_genomic.fna (26.1 MB)...
  [13:55:49] GCF_003184755.1  busco: FAILED rc=255 after 0s
  [13:55:49] GCA_003184755.1  busco: FAILED rc=255 after 0s
[13:55:49] [166/985] GCF_003184755.1  busco_error  C=—  | rate=192.13/s  ETA=0.0h
[13:55:49] [167/985] GCA_003184755.1  busco_error  C=—  | rate=193.08/s  ETA=0.0h
  [13:55:49] GCF_018340605.1  busco: starting ascomycota_odb10 on cds_from_genomic.fna (19.7 MB)...
  [13:55:49] GCA_018340605.1  busco: starting ascomycota_odb10 on cds_from_genomic.fna (19.2 MB)...
  [13:55:49] GCF_016861865.1  busco: starting ascomycota_odb10 on cds_from_genomic.fna (23.0 MB)...
  [13:55:49] GCA_056320505.1  busco: starting ascomycota_odb10 on cds_from_genomic.fna (22.7 MB)...
  [13:55:49] GCA_056320485.1  busco: FAILED rc=255 after 0s
  [13:55:49] GCA_009193665.1  busco: FAILED rc=255 after 0s
[13:55:49] [168/985] GCA_056320485.1  busco_error  C=—  | rate=192.68/s  ETA=0.0h
  [13:55:49] GCF_044049435.1  busco: FAILED rc=255 after 0s
  [13:55:49] GCA_044049435.1  busco: FAILED rc=255 after 0s
[13:55:49] [169/985] GCA_009193665.1  busco_error  C=—  | rate=193.60/s  ETA=0.0h
  [13:55:49] GCA_016861865.1  busco: starting ascomycota_odb10 on cds_from_genomic.fna (22.4 MB)...
[13:55:49] [170/985] GCF_044049435.1  busco_error  C=—  | rate=194.44/s  ETA=0.0h
  [13:55:49] GCA_047715885.1  busco: starting ascomycota_odb10 on cds_from_genomic.fna (19.0 MB)...
[13:55:49] [171/985] GCA_044049435.1  busco_error  C=—  | rate=195.35/s  ETA=0.0h
  [13:55:49] GCF_009193645.1  busco: FAILED rc=255 after 0s
  [13:55:49] GCA_009176395.1  busco: FAILED rc=255 after 0s
[13:55:49] [172/985] GCF_009193645.1  busco_error  C=—  | rate=195.45/s  ETA=0.0h
[13:55:49] [173/985] GCA_009176395.1  busco_error  C=—  | rate=196.39/s  ETA=0.0h
  [13:55:49] GCF_009193445.1  busco: FAILED rc=255 after 0s
  [13:55:49] GCA_009193645.1  busco: FAILED rc=255 after 0s
  [13:55:49] GCA_009193445.1  busco: FAILED rc=255 after 0s
  [13:55:49] GCA_000600275.1  busco: starting ascomycota_odb10 on cds_from_genomic.fna (16.5 MB)...
[13:55:49] [174/985] GCF_009193445.1  busco_error  C=—  | rate=197.00/s  ETA=0.0h
  [13:55:49] GCF_000600275.1  busco: starting ascomycota_odb10 on cds_from_genomic.fna (16.8 MB)...
  [13:55:49] GCA_003184585.1  busco: starting ascomycota_odb10 on cds_from_genomic.fna (17.1 MB)...
  [13:55:49] GCF_003184585.1  busco: starting ascomycota_odb10 on cds_from_genomic.fna (17.5 MB)...
[13:55:49] [175/985] GCA_009193645.1  busco_error  C=—  | rate=197.81/s  ETA=0.0h
[13:55:49] [176/985] GCA_009193445.1  busco_error  C=—  | rate=198.71/s  ETA=0.0h
  [13:55:49] GCA_003184635.1  busco: starting ascomycota_odb10 on cds_from_genomic.fna (21.1 MB)...
  [13:55:49] GCA_047715645.1  busco: starting ascomycota_odb10 on cds_from_genomic.fna (18.4 MB)...
  [13:55:49] GCA_047715635.1  busco: starting ascomycota_odb10 on cds_from_genomic.fna (22.8 MB)...
  [13:55:49] GCA_009193525.1  busco: starting ascomycota_odb10 on cds_from_genomic.fna (23.0 MB)...
  [13:55:49] GCA_047715515.1  busco: starting ascomycota_odb10 on cds_from_genomic.fna (19.6 MB)...
  [13:55:49] GCA_044049465.1  busco: FAILED rc=255 after 0s
[13:55:49] [177/985] GCA_044049465.1  busco_error  C=—  | rate=191.02/s  ETA=0.0h
  [13:55:49] GCF_018340605.1  busco: FAILED rc=255 after 0s
  [13:55:49] GCA_018340605.1  busco: FAILED rc=255 after 0s
[13:55:49] [178/985] GCF_018340605.1  busco_error  C=—  | rate=190.98/s  ETA=0.0h
[13:55:49] [179/985] GCA_018340605.1  busco_error  C=—  | rate=191.86/s  ETA=0.0h
  [13:55:49] GCF_016861865.1  busco: FAILED rc=255 after 0s
  [13:55:49] GCA_056320505.1  busco: FAILED rc=255 after 0s
[13:55:49] [180/985] GCF_016861865.1  busco_error  C=—  | rate=192.65/s  ETA=0.0h
[13:55:49] [181/985] GCA_056320505.1  busco_error  C=—  | rate=193.51/s  ETA=0.0h
  [13:55:49] GCF_047715825.1  busco: starting ascomycota_odb10 on cds_from_genomic.fna (21.8 MB)...
  [13:55:49] GCA_016861865.1  busco: FAILED rc=255 after 0s
  [13:55:49] GCA_047715885.1  busco: FAILED rc=255 after 0s
[13:55:49] [182/985] GCA_016861865.1  busco_error  C=—  | rate=193.70/s  ETA=0.0h
[13:55:49] [183/985] GCA_047715885.1  busco_error  C=—  | rate=194.57/s  ETA=0.0h
  [13:55:49] GCA_047715825.1  busco: starting ascomycota_odb10 on cds_from_genomic.fna (21.5 MB)...
  [13:55:49] GCF_001890705.1  busco: starting ascomycota_odb10 on cds_from_genomic.fna (23.1 MB)...
  [13:55:49] GCA_001890705.1  busco: starting ascomycota_odb10 on cds_from_genomic.fna (22.6 MB)...
  [13:55:49] GCA_002850765.1  busco: starting ascomycota_odb10 on cds_from_genomic.fna (16.4 MB)...
  [13:55:49] GCA_000600275.1  busco: FAILED rc=255 after 0s
  [13:55:49] GCF_000600275.1  busco: FAILED rc=255 after 0s
  [13:55:49] GCA_003184585.1  busco: FAILED rc=255 after 0s
  [13:55:49] GCF_003184585.1  busco: FAILED rc=255 after 0s
[13:55:49] [184/985] GCA_000600275.1  busco_error  C=—  | rate=193.83/s  ETA=0.0h
  [13:55:49] GCA_009193485.1  busco: starting ascomycota_odb10 on cds_from_genomic.fna (22.3 MB)...
  [13:55:49] GCA_004798825.1  busco: starting ascomycota_odb10 on cds_from_genomic.fna (18.2 MB)...
[13:55:49] [185/985] GCF_000600275.1  busco_error  C=—  | rate=194.59/s  ETA=0.0h
[13:55:49] [186/985] GCA_003184585.1  busco_error  C=—  | rate=195.44/s  ETA=0.0h
[13:55:49] [187/985] GCF_003184585.1  busco_error  C=—  | rate=196.30/s  ETA=0.0h
  [13:55:49] GCA_003184635.1  busco: FAILED rc=255 after 0s
[13:55:49] [188/985] GCA_003184635.1  busco_error  C=—  | rate=196.81/s  ETA=0.0h
  [13:55:49] GCA_047715645.1  busco: FAILED rc=255 after 0s
  [13:55:49] GCF_000149615.1  busco: starting ascomycota_odb10 on cds_from_genomic.fna (18.3 MB)...
  [13:55:49] GCA_047715635.1  busco: FAILED rc=255 after 0s
  [13:55:49] GCA_009193525.1  busco: FAILED rc=255 after 0s
[13:55:49] [189/985] GCA_047715645.1  busco_error  C=—  | rate=196.91/s  ETA=0.0h
  [13:55:49] GCA_016808415.1  busco: starting ascomycota_odb10 on cds_from_genomic.fna (18.6 MB)...
  [13:55:49] GCA_009014675.2  busco: starting ascomycota_odb10 on cds_from_genomic.fna (18.1 MB)...
  [13:55:49] GCA_047715515.1  busco: FAILED rc=255 after 0s
  [13:55:49] GCA_009932835.1  busco: starting ascomycota_odb10 on cds_from_genomic.fna (18.0 MB)...
[13:55:49] [190/985] GCA_047715635.1  busco_error  C=—  | rate=197.59/s  ETA=0.0h
[13:55:49] [191/985] GCA_009193525.1  busco_error  C=—  | rate=198.42/s  ETA=0.0h
[13:55:49] [192/985] GCA_047715515.1  busco_error  C=—  | rate=199.26/s  ETA=0.0h
  [13:55:49] GCA_047715525.1  busco: starting ascomycota_odb10 on cds_from_genomic.fna (19.6 MB)...
  [13:55:49] GCA_045791975.1  busco: starting ascomycota_odb10 on cds_from_genomic.fna (19.4 MB)...
  [13:55:49] GCA_009193505.1  busco: starting ascomycota_odb10 on cds_from_genomic.fna (23.3 MB)...
  [13:55:49] GCA_049803905.1  busco: starting ascomycota_odb10 on cds_from_genomic.fna (22.5 MB)...
  [13:55:49] GCF_013340325.1  busco: starting ascomycota_odb10 on cds_from_genomic.fna (20.4 MB)...
  [13:55:49] GCF_047715825.1  busco: FAILED rc=255 after 0s
[13:55:49] [193/985] GCF_047715825.1  busco_error  C=—  | rate=192.70/s  ETA=0.0h
  [13:55:49] GCF_001890705.1  busco: FAILED rc=255 after 0s
  [13:55:49] GCA_047715825.1  busco: FAILED rc=255 after 0s
[13:55:49] [194/985] GCF_001890705.1  busco_error  C=—  | rate=192.55/s  ETA=0.0h
  [13:55:49] GCA_001890705.1  busco: FAILED rc=255 after 0s
  [13:55:49] GCA_002850765.1  busco: FAILED rc=255 after 0s
[13:55:49] [195/985] GCA_047715825.1  busco_error  C=—  | rate=193.33/s  ETA=0.0h
[13:55:49] [196/985] GCA_001890705.1  busco_error  C=—  | rate=194.13/s  ETA=0.0h
[13:55:49] [197/985] GCA_002850765.1  busco_error  C=—  | rate=194.92/s  ETA=0.0h
  [13:55:49] GCA_001890745.1  busco: starting ascomycota_odb10 on cds_from_genomic.fna (20.8 MB)...
  [13:55:49] GCA_009193485.1  busco: FAILED rc=255 after 0s
  [13:55:49] GCA_004798825.1  busco: FAILED rc=255 after 0s
[13:55:49] [198/985] GCA_009193485.1  busco_error  C=—  | rate=195.04/s  ETA=0.0h
[13:55:49] [199/985] GCA_004798825.1  busco_error  C=—  | rate=195.81/s  ETA=0.0h
  [13:55:49] GCA_027923605.1  busco: starting ascomycota_odb10 on cds_from_genomic.fna (19.5 MB)...
  [13:55:49] GCF_001078395.1  busco: starting ascomycota_odb10 on cds_from_genomic.fna (19.1 MB)...
  [13:55:49] GCA_001078395.2  busco: starting ascomycota_odb10 on cds_from_genomic.fna (18.6 MB)...
  [13:55:49] GCA_010724135.1  busco: starting ascomycota_odb10 on cds_from_genomic.fna (17.8 MB)...
  [13:55:49] GCF_000149615.1  busco: FAILED rc=255 after 0s
[13:55:49] [200/985] GCF_000149615.1  busco_error  C=—  | rate=195.23/s  ETA=0.0h
  [13:55:49] GCA_010723835.1  busco: starting ascomycota_odb10 on cds_from_genomic.fna (19.2 MB)...
  [13:55:49] GCA_016808415.1  busco: FAILED rc=255 after 0s
  [13:55:49] GCA_009014675.2  busco: FAILED rc=255 after 0s
  [13:55:49] GCA_009932835.1  busco: FAILED rc=255 after 0s
  [13:55:49] GCF_047715775.1  busco: starting ascomycota_odb10 on cds_from_genomic.fna (20.0 MB)...
[13:55:49] [201/985] GCA_016808415.1  busco_error  C=—  | rate=195.85/s  ETA=0.0h
[13:55:49] [202/985] GCA_009014675.2  busco_error  C=—  | rate=196.65/s  ETA=0.0h
[13:55:49] [203/985] GCA_009932835.1  busco_error  C=—  | rate=197.44/s  ETA=0.0h
  [13:55:49] GCA_047715525.1  busco: FAILED rc=255 after 0s
[13:55:49] [204/985] GCA_047715525.1  busco_error  C=—  | rate=198.07/s  ETA=0.0h
  [13:55:49] GCA_000812125.1  busco: starting ascomycota_odb10 on cds_from_genomic.fna (1.5 MB)...
  [13:55:49] GCA_047715775.1  busco: starting ascomycota_odb10 on cds_from_genomic.fna (19.6 MB)...
  [13:55:49] GCA_045791975.1  busco: FAILED rc=255 after 0s
[13:55:49] [205/985] GCA_045791975.1  busco_error  C=—  | rate=198.09/s  ETA=0.0h
  [13:55:49] GCA_009193505.1  busco: FAILED rc=255 after 0s
  [13:55:49] GCA_049803905.1  busco: FAILED rc=255 after 0s
  [13:55:49] GCA_047715655.1  busco: starting ascomycota_odb10 on cds_from_genomic.fna (18.2 MB)...
[13:55:49] [206/985] GCA_009193505.1  busco_error  C=—  | rate=198.69/s  ETA=0.0h
  [13:55:49] GCF_013340325.1  busco: FAILED rc=255 after 0s
  [13:55:49] GCF_003184745.1  busco: starting ascomycota_odb10 on cds_from_genomic.fna (20.5 MB)...
[13:55:49] [207/985] GCA_049803905.1  busco_error  C=—  | rate=199.44/s  ETA=0.0h
[13:55:49] [208/985] GCF_013340325.1  busco_error  C=—  | rate=200.19/s  ETA=0.0h
  [13:55:49] GCA_003184745.1  busco: starting ascomycota_odb10 on cds_from_genomic.fna (20.1 MB)...
  [13:55:49] GCF_003184925.1  busco: starting ascomycota_odb10 on cds_from_genomic.fna (20.9 MB)...
  [13:55:49] GCA_003184925.1  busco: starting ascomycota_odb10 on cds_from_genomic.fna (20.5 MB)...
  [13:55:49] GCA_047715575.1  busco: starting ascomycota_odb10 on cds_from_genomic.fna (18.5 MB)...
  [13:55:49] GCA_047715615.1  busco: starting ascomycota_odb10 on cds_from_genomic.fna (21.3 MB)...
  [13:55:49] GCA_001890745.1  busco: FAILED rc=255 after 0s
[13:55:49] [209/985] GCA_001890745.1  busco_error  C=—  | rate=193.72/s  ETA=0.0h
  [13:55:49] GCA_027923605.1  busco: FAILED rc=255 after 0s
  [13:55:49] GCF_001078395.1  busco: FAILED rc=255 after 0s
  [13:55:49] GCA_001078395.2  busco: FAILED rc=255 after 0s
[13:55:49] [210/985] GCA_027923605.1  busco_error  C=—  | rate=193.81/s  ETA=0.0h
  [13:55:49] GCA_010724135.1  busco: FAILED rc=255 after 0s
[13:55:49] [211/985] GCF_001078395.1  busco_error  C=—  | rate=194.51/s  ETA=0.0h
[13:55:49] [212/985] GCA_001078395.2  busco_error  C=—  | rate=195.22/s  ETA=0.0h
[13:55:49] [213/985] GCA_010724135.1  busco_error  C=—  | rate=195.95/s  ETA=0.0h
  [13:55:49] GCF_001890125.1  busco: starting ascomycota_odb10 on cds_from_genomic.fna (23.1 MB)...
  [13:55:49] GCA_010723835.1  busco: FAILED rc=255 after 0s
[13:55:49] [214/985] GCA_010723835.1  busco_error  C=—  | rate=196.28/s  ETA=0.0h
  [13:55:49] GCF_047715775.1  busco: FAILED rc=255 after 0s
[13:55:49] [215/985] GCF_047715775.1  busco_error  C=—  | rate=196.94/s  ETA=0.0h
  [13:55:49] GCA_003184705.1  busco: starting ascomycota_odb10 on cds_from_genomic.fna (20.3 MB)...
  [13:55:49] GCF_018404265.1  busco: starting ascomycota_odb10 on cds_from_genomic.fna (17.6 MB)...
  [13:55:49] GCA_001890125.1  busco: starting ascomycota_odb10 on cds_from_genomic.fna (22.6 MB)...
  [13:55:49] GCA_018404265.1  busco: starting ascomycota_odb10 on cds_from_genomic.fna (17.2 MB)...
  [13:55:49] GCA_000812125.1  busco: FAILED rc=255 after 0s
  [13:55:49] GCA_047715775.1  busco: FAILED rc=255 after 0s
[13:55:49] [216/985] GCA_000812125.1  busco_error  C=—  | rate=196.66/s  ETA=0.0h
[13:55:49] [217/985] GCA_047715775.1  busco_error  C=—  | rate=197.38/s  ETA=0.0h
  [13:55:49] GCA_056321165.1  busco: starting ascomycota_odb10 on cds_from_genomic.fna (30.6 MB)...
  [13:55:49] GCA_056320585.1  busco: starting ascomycota_odb10 on cds_from_genomic.fna (15.8 MB)...
  [13:55:49] GCA_047715655.1  busco: FAILED rc=255 after 0s
  [13:55:49] GCF_003184745.1  busco: FAILED rc=255 after 0s
[13:55:49] [218/985] GCA_047715655.1  busco_error  C=—  | rate=197.74/s  ETA=0.0h
[13:55:49] [219/985] GCF_003184745.1  busco_error  C=—  | rate=198.49/s  ETA=0.0h
  [13:55:49] GCA_003184745.1  busco: FAILED rc=255 after 0s
[13:55:49] [220/985] GCA_003184745.1  busco_error  C=—  | rate=199.18/s  ETA=0.0h
  [13:55:49] GCA_003344945.1  busco: starting ascomycota_odb10 on cds_from_genomic.fna (22.1 MB)...
  [13:55:49] GCF_003344945.1  busco: starting ascomycota_odb10 on cds_from_genomic.fna (22.5 MB)...
  [13:55:49] GCF_003184925.1  busco: FAILED rc=255 after 0s
  [13:55:49] GCA_003184925.1  busco: FAILED rc=255 after 0s
  [13:55:49] GCA_047715575.1  busco: FAILED rc=255 after 0s
[13:55:49] [221/985] GCF_003184925.1  busco_error  C=—  | rate=198.81/s  ETA=0.0h
  [13:55:49] GCA_047715615.1  busco: FAILED rc=255 after 0s
  [13:55:49] GCA_046000195.1  busco: starting ascomycota_odb10 on cds_from_genomic.fna (21.7 MB)...
[13:55:49] [222/985] GCA_003184925.1  busco_error  C=—  | rate=199.47/s  ETA=0.0h
  [13:55:49] GCA_026184555.1  busco: starting ascomycota_odb10 on cds_from_genomic.fna (20.7 MB)...
  [13:55:49] GCF_001890725.1  busco: starting ascomycota_odb10 on cds_from_genomic.fna (21.0 MB)...
[13:55:49] [223/985] GCA_047715575.1  busco_error  C=—  | rate=200.08/s  ETA=0.0h
[13:55:49] [224/985] GCA_047715615.1  busco_error  C=—  | rate=200.77/s  ETA=0.0h
  [13:55:49] GCA_018282005.1  busco: starting basidiomycota_odb10 on cds_from_genomic.fna (14.3 MB)...
  [13:55:49] GCA_001890725.1  busco: starting ascomycota_odb10 on cds_from_genomic.fna (20.6 MB)...
  [13:55:49] GCA_022160275.1  busco: starting basidiomycota_odb10 on cds_from_genomic.fna (24.0 MB)...
  [13:55:49] GCA_000469055.2  busco: starting basidiomycota_odb10 on cds_from_genomic.fna (107.0 MB)...
  [13:55:49] GCF_001890125.1  busco: FAILED rc=255 after 0s
[13:55:49] [225/985] GCF_001890125.1  busco_error  C=—  | rate=194.87/s  ETA=0.0h
  [13:55:49] GCA_003184705.1  busco: FAILED rc=255 after 0s
  [13:55:49] GCF_018404265.1  busco: FAILED rc=255 after 0s
  [13:55:49] GCA_001890125.1  busco: FAILED rc=255 after 0s
[13:55:49] [226/985] GCA_003184705.1  busco_error  C=—  | rate=194.75/s  ETA=0.0h
  [13:55:49] GCA_018404265.1  busco: FAILED rc=255 after 0s
[13:55:49] [227/985] GCF_018404265.1  busco_error  C=—  | rate=195.46/s  ETA=0.0h
[13:55:49] [228/985] GCA_001890125.1  busco_error  C=—  | rate=196.11/s  ETA=0.0h
[13:55:49] [229/985] GCA_018404265.1  busco_error  C=—  | rate=196.79/s  ETA=0.0h
  [13:55:49] GCF_000338955.1  busco: starting ascomycota_odb10 on cds_from_genomic.fna (16.0 MB)...
  [13:55:49] GCA_056321165.1  busco: FAILED rc=255 after 0s
  [13:55:49] GCA_056320585.1  busco: FAILED rc=255 after 0s
[13:55:49] [230/985] GCA_056321165.1  busco_error  C=—  | rate=197.27/s  ETA=0.0h
[13:55:49] [231/985] GCA_056320585.1  busco_error  C=—  | rate=197.96/s  ETA=0.0h
  [13:55:49] GCA_000338955.1  busco: starting ascomycota_odb10 on cds_from_genomic.fna (15.7 MB)...
  [13:55:49] GCA_053540845.1  busco: starting ascomycota_odb10 on cds_from_genomic.fna (16.8 MB)...
  [13:55:49] GCA_038367545.1  busco: starting ascomycota_odb10 on cds_from_genomic.fna (17.9 MB)...
  [13:55:49] GCA_053540825.1  busco: starting ascomycota_odb10 on cds_from_genomic.fna (16.3 MB)...
  [13:55:49] GCA_003344945.1  busco: FAILED rc=255 after 0s
  [13:55:49] GCF_003344945.1  busco: FAILED rc=255 after 0s
[13:55:49] [232/985] GCA_003344945.1  busco_error  C=—  | rate=197.74/s  ETA=0.0h
[13:55:49] [233/985] GCF_003344945.1  busco_error  C=—  | rate=198.44/s  ETA=0.0h
  [13:55:49] GCA_053540745.1  busco: starting ascomycota_odb10 on cds_from_genomic.fna (16.3 MB)...
  [13:55:49] GCA_001636735.1  busco: starting ascomycota_odb10 on cds_from_genomic.fna (16.3 MB)...
  [13:55:49] GCA_046000195.1  busco: FAILED rc=255 after 0s
  [13:55:49] GCA_026184555.1  busco: FAILED rc=255 after 0s
[13:55:49] [234/985] GCA_046000195.1  busco_error  C=—  | rate=198.61/s  ETA=0.0h
  [13:55:49] GCF_001890725.1  busco: FAILED rc=255 after 0s
[13:55:49] [235/985] GCA_026184555.1  busco_error  C=—  | rate=199.28/s  ETA=0.0h
[13:55:49] [236/985] GCF_001890725.1  busco_error  C=—  | rate=199.96/s  ETA=0.0h
  [13:55:49] GCA_053540725.1  busco: starting ascomycota_odb10 on cds_from_genomic.fna (16.6 MB)...
  [13:55:49] GCA_053539385.1  busco: starting ascomycota_odb10 on cds_from_genomic.fna (17.2 MB)...
  [13:55:49] GCA_018282005.1  busco: FAILED rc=255 after 0s
  [13:55:49] GCA_001890725.1  busco: FAILED rc=255 after 0s
  [13:55:49] GCA_022160275.1  busco: FAILED rc=255 after 0s
  [13:55:49] GCA_000469055.2  busco: FAILED rc=255 after 0s
[13:55:49] [237/985] GCA_018282005.1  busco_error  C=—  | rate=199.54/s  ETA=0.0h
  [13:55:49] GCA_053539405.1  busco: starting ascomycota_odb10 on cds_from_genomic.fna (17.1 MB)...
  [13:55:49] GCA_053539365.1  busco: starting ascomycota_odb10 on cds_from_genomic.fna (16.7 MB)...
[13:55:49] [238/985] GCA_001890725.1  busco_error  C=—  | rate=200.12/s  ETA=0.0h
  [13:55:49] GCA_053539345.1  busco: starting ascomycota_odb10 on cds_from_genomic.fna (17.2 MB)...
[13:55:49] [239/985] GCA_022160275.1  busco_error  C=—  | rate=200.75/s  ETA=0.0h
[13:55:49] [240/985] GCA_000469055.2  busco_error  C=—  | rate=201.41/s  ETA=0.0h
  [13:55:49] GCA_057190295.1  busco: starting ascomycota_odb10 on cds_from_genomic.fna (16.8 MB)...
  [13:55:49] GCA_053539305.1  busco: starting ascomycota_odb10 on cds_from_genomic.fna (17.0 MB)...
  [13:55:49] GCA_053539275.1  busco: starting ascomycota_odb10 on cds_from_genomic.fna (16.7 MB)...
  [13:55:49] GCA_053539325.1  busco: starting ascomycota_odb10 on cds_from_genomic.fna (17.0 MB)...
  [13:55:49] GCF_000338955.1  busco: FAILED rc=255 after 0s
[13:55:49] [241/985] GCF_000338955.1  busco_error  C=—  | rate=196.04/s  ETA=0.0h
  [13:55:49] GCA_000338955.1  busco: FAILED rc=255 after 0s
  [13:55:49] GCA_038367545.1  busco: FAILED rc=255 after 0s
  [13:55:49] GCA_053540845.1  busco: FAILED rc=255 after 0s
  [13:55:49] GCA_053540825.1  busco: FAILED rc=255 after 0s
[13:55:49] [242/985] GCA_053540845.1  busco_error  C=—  | rate=195.66/s  ETA=0.0h
[13:55:49] [243/985] GCA_000338955.1  busco_error  C=—  | rate=196.30/s  ETA=0.0h
[13:55:49] [244/985] GCA_038367545.1  busco_error  C=—  | rate=196.93/s  ETA=0.0h
  [13:55:49] GCA_010015655.1  busco: starting ascomycota_odb10 on cds_from_genomic.fna (23.8 MB)...
  [13:55:49] GCA_053540745.1  busco: FAILED rc=255 after 0s
[13:55:49] [245/985] GCA_053540825.1  busco_error  C=—  | rate=197.57/s  ETA=0.0h
  [13:55:49] GCA_001636735.1  busco: FAILED rc=255 after 0s
[13:55:49] [246/985] GCA_053540745.1  busco_error  C=—  | rate=198.20/s  ETA=0.0h
[13:55:49] [247/985] GCA_001636735.1  busco_error  C=—  | rate=198.85/s  ETA=0.0h
  [13:55:49] GCA_053540725.1  busco: FAILED rc=255 after 0s
  [13:55:49] GCA_022478745.1  busco: starting ascomycota_odb10 on cds_from_genomic.fna (18.6 MB)...
  [13:55:49] GCA_053539385.1  busco: FAILED rc=255 after 0s
  [13:55:49] GCA_022695795.1  busco: starting ascomycota_odb10 on cds_from_genomic.fna (19.4 MB)...
  [13:55:49] GCA_022478735.1  busco: starting ascomycota_odb10 on cds_from_genomic.fna (18.6 MB)...
  [13:55:49] GCA_018856295.1  busco: starting basidiomycota_odb10 on cds_from_genomic.fna (16.4 MB)...
[13:55:49] [248/985] GCA_053540725.1  busco_error  C=—  | rate=198.60/s  ETA=0.0h
[13:55:49] [249/985] GCA_053539385.1  busco_error  C=—  | rate=199.25/s  ETA=0.0h
  [13:55:49] GCA_004802705.1  busco: starting basidiomycota_odb10 on cds_from_genomic.fna (18.9 MB)...
  [13:55:49] GCA_000697705.1  busco: starting basidiomycota_odb10 on cds_from_genomic.fna (24.1 MB)...
  [13:55:49] GCA_053539405.1  busco: FAILED rc=255 after 0s
[13:55:49] [250/985] GCA_053539405.1  busco_error  C=—  | rate=199.34/s  ETA=0.0h
  [13:55:49] GCA_053539365.1  busco: FAILED rc=255 after 0s
  [13:55:49] GCA_053539345.1  busco: FAILED rc=255 after 0s
[13:55:49] [251/985] GCA_053539365.1  busco_error  C=—  | rate=199.88/s  ETA=0.0h
[13:55:49] [252/985] GCA_053539345.1  busco_error  C=—  | rate=200.51/s  ETA=0.0h
  [13:55:49] GCA_004379285.1  busco: starting ascomycota_odb10 on cds_from_genomic.fna (19.7 MB)...
  [13:55:49] GCA_004786275.1  busco: starting ascomycota_odb10 on cds_from_genomic.fna (20.1 MB)...
  [13:55:50] GCA_057190295.1  busco: FAILED rc=255 after 0s
[13:55:50] [253/985] GCA_057190295.1  busco_error  C=—  | rate=200.31/s  ETA=0.0h
  [13:55:50] GCA_053539305.1  busco: FAILED rc=255 after 0s
  [13:55:50] GCA_053539325.1  busco: FAILED rc=255 after 0s
  [13:55:50] GCA_053539275.1  busco: FAILED rc=255 after 0s
  [13:55:50] GCA_004786225.1  busco: starting ascomycota_odb10 on cds_from_genomic.fna (19.1 MB)...
[13:55:50] [254/985] GCA_053539305.1  busco_error  C=—  | rate=200.81/s  ETA=0.0h
  [13:55:50] GCA_010015675.1  busco: starting ascomycota_odb10 on cds_from_genomic.fna (24.3 MB)...
[13:55:50] [255/985] GCA_053539325.1  busco_error  C=—  | rate=201.41/s  ETA=0.0h
  [13:55:50] GCA_003073865.1  busco: starting ascomycota_odb10 on cds_from_genomic.fna (33.8 MB)...
[13:55:50] [256/985] GCA_053539275.1  busco_error  C=—  | rate=202.02/s  ETA=0.0h
  [13:55:50] GCA_019669825.1  busco: starting ascomycota_odb10 on cds_from_genomic.fna (15.3 MB)...
  [13:55:50] GCA_022578605.1  busco: starting ascomycota_odb10 on cds_from_genomic.fna (20.2 MB)...
  [13:55:50] GCA_055944365.1  busco: starting basidiomycota_odb10 on cds_from_genomic.fna (27.2 MB)...
  [13:55:50] GCA_027579765.1  busco: starting basidiomycota_odb10 on cds_from_genomic.fna (16.3 MB)...
  [13:55:50] GCA_010015655.1  busco: FAILED rc=255 after 0s
[13:55:50] [257/985] GCA_010015655.1  busco_error  C=—  | rate=196.90/s  ETA=0.0h
  [13:55:50] GCA_022478745.1  busco: FAILED rc=255 after 0s
[13:55:50] [258/985] GCA_022478745.1  busco_error  C=—  | rate=196.59/s  ETA=0.0h
  [13:55:50] GCA_022695795.1  busco: FAILED rc=255 after 0s
  [13:55:50] GCA_022478735.1  busco: FAILED rc=255 after 0s
  [13:55:50] GCA_018856295.1  busco: FAILED rc=255 after 0s
[13:55:50] [259/985] GCA_022695795.1  busco_error  C=—  | rate=197.10/s  ETA=0.0h
  [13:55:50] GCA_027579435.1  busco: starting basidiomycota_odb10 on cds_from_genomic.fna (27.2 MB)...
  [13:55:50] GCA_004802705.1  busco: FAILED rc=255 after 0s
  [13:55:50] GCA_000697705.1  busco: FAILED rc=255 after 0s
[13:55:50] [260/985] GCA_022478735.1  busco_error  C=—  | rate=197.65/s  ETA=0.0h
[13:55:50] [261/985] GCA_018856295.1  busco_error  C=—  | rate=198.23/s  ETA=0.0h
[13:55:50] [262/985] GCA_004802705.1  busco_error  C=—  | rate=198.84/s  ETA=0.0h
[13:55:50] [263/985] GCA_000697705.1  busco_error  C=—  | rate=199.46/s  ETA=0.0h
  [13:55:50] GCA_900312665.1  busco: starting ascomycota_odb10 on cds_from_genomic.fna (18.1 MB)...
  [13:55:50] GCA_004786275.1  busco: FAILED rc=255 after 0s
  [13:55:50] GCA_004379285.1  busco: FAILED rc=255 after 0s
  [13:55:50] GCA_019677385.1  busco: starting basidiomycota_odb10 on cds_from_genomic.fna (22.2 MB)...
[13:55:50] [264/985] GCA_004786275.1  busco_error  C=—  | rate=199.42/s  ETA=0.0h
  [13:55:50] GCA_019677355.1  busco: starting basidiomycota_odb10 on cds_from_genomic.fna (18.0 MB)...
  [13:55:50] GCA_019616325.1  busco: starting basidiomycota_odb10 on cds_from_genomic.fna (25.5 MB)...
[13:55:50] [265/985] GCA_004379285.1  busco_error  C=—  | rate=199.99/s  ETA=0.0h
  [13:55:50] GCA_019616945.1  busco: starting basidiomycota_odb10 on cds_from_genomic.fna (19.7 MB)...
  [13:55:50] GCA_019616345.1  busco: starting basidiomycota_odb10 on cds_from_genomic.fna (31.8 MB)...
  [13:55:50] GCA_004786225.1  busco: FAILED rc=255 after 0s
[13:55:50] [266/985] GCA_004786225.1  busco_error  C=—  | rate=200.09/s  ETA=0.0h
  [13:55:50] GCA_010015675.1  busco: FAILED rc=255 after 0s
  [13:55:50] GCA_003073865.1  busco: FAILED rc=255 after 0s
[13:55:50] [267/985] GCA_010015675.1  busco_error  C=—  | rate=200.52/s  ETA=0.0h
[13:55:50] [268/985] GCA_003073865.1  busco_error  C=—  | rate=201.11/s  ETA=0.0h
  [13:55:50] GCA_019623705.1  busco: starting basidiomycota_odb10 on cds_from_genomic.fna (35.0 MB)...
  [13:55:50] GCA_019616915.1  busco: starting basidiomycota_odb10 on cds_from_genomic.fna (21.8 MB)...
  [13:55:50] GCA_016906575.1  busco: starting basidiomycota_odb10 on cds_from_genomic.fna (52.8 MB)...
  [13:55:50] GCA_019669825.1  busco: FAILED rc=255 after 0s
  [13:55:50] GCA_022578605.1  busco: FAILED rc=255 after 0s
  [13:55:50] GCA_027579765.1  busco: FAILED rc=255 after 0s
  [13:55:50] GCA_055944365.1  busco: FAILED rc=255 after 0s
[13:55:50] [269/985] GCA_019669825.1  busco_error  C=—  | rate=200.64/s  ETA=0.0h
  [13:55:50] GCA_016906555.1  busco: starting basidiomycota_odb10 on cds_from_genomic.fna (26.0 MB)...
[13:55:50] [270/985] GCA_022578605.1  busco_error  C=—  | rate=201.20/s  ETA=0.0h
  [13:55:50] GCA_015039395.1  busco: starting basidiomycota_odb10 on cds_from_genomic.fna (27.4 MB)...
[13:55:50] [271/985] GCA_027579765.1  busco_error  C=—  | rate=201.75/s  ETA=0.0h
[13:55:50] [272/985] GCA_055944365.1  busco_error  C=—  | rate=202.33/s  ETA=0.0h
  [13:55:50] GCA_042258205.1  busco: starting ascomycota_odb10 on cds_from_genomic.fna (12.7 MB)...
  [13:55:50] GCA_019677335.1  busco: starting basidiomycota_odb10 on cds_from_genomic.fna (22.8 MB)...
  [13:55:50] GCA_002276475.2  busco: starting ascomycota_odb10 on cds_from_genomic.fna (17.8 MB)...
  [13:55:50] GCA_025890175.1  busco: starting ascomycota_odb10 on cds_from_genomic.fna (19.8 MB)...
  [13:55:50] GCA_027579435.1  busco: FAILED rc=255 after 0s
[13:55:50] [273/985] GCA_027579435.1  busco_error  C=—  | rate=197.72/s  ETA=0.0h
  [13:55:50] GCA_900312665.1  busco: FAILED rc=255 after 0s
  [13:55:50] GCA_019677385.1  busco: FAILED rc=255 after 0s
[13:55:50] [274/985] GCA_900312665.1  busco_error  C=—  | rate=197.41/s  ETA=0.0h
  [13:55:50] GCA_019677355.1  busco: FAILED rc=255 after 0s
[13:55:50] [275/985] GCA_019677385.1  busco_error  C=—  | rate=198.00/s  ETA=0.0h
  [13:55:50] GCA_019616325.1  busco: FAILED rc=255 after 0s
  [13:55:50] GCA_036429605.1  busco: starting ascomycota_odb10 on cds_from_genomic.fna (21.0 MB)...
[13:55:50] [276/985] GCA_019677355.1  busco_error  C=—  | rate=198.51/s  ETA=0.0h
  [13:55:50] GCA_019616945.1  busco: FAILED rc=255 after 0s
  [13:55:50] GCA_019616345.1  busco: FAILED rc=255 after 0s
[13:55:50] [277/985] GCA_019616325.1  busco_error  C=—  | rate=199.00/s  ETA=0.0h
[13:55:50] [278/985] GCA_019616945.1  busco_error  C=—  | rate=199.55/s  ETA=0.0h
[13:55:50] [279/985] GCA_019616345.1  busco_error  C=—  | rate=200.14/s  ETA=0.0h
  [13:55:50] GCA_019623705.1  busco: FAILED rc=255 after 0s
  [13:55:50] GCA_010015635.1  busco: starting ascomycota_odb10 on cds_from_genomic.fna (20.4 MB)...
[13:55:50] [280/985] GCA_019623705.1  busco_error  C=—  | rate=200.17/s  ETA=0.0h
  [13:55:50] GCA_015039315.1  busco: starting basidiomycota_odb10 on cds_from_genomic.fna (23.0 MB)...
  [13:55:50] GCA_019616915.1  busco: FAILED rc=255 after 0s
  [13:55:50] GCA_902006505.2  busco: starting ascomycota_odb10 on cds_from_genomic.fna (30.5 MB)...
  [13:55:50] GCA_902077795.2  busco: starting ascomycota_odb10 on cds_from_genomic.fna (30.6 MB)...
  [13:55:50] GCA_902074915.1  busco: starting ascomycota_odb10 on cds_from_genomic.fna (30.8 MB)...
[13:55:50] [281/985] GCA_019616915.1  busco_error  C=—  | rate=200.43/s  ETA=0.0h
  [13:55:50] GCA_037952775.1  busco: starting ascomycota_odb10 on cds_from_genomic.fna (31.0 MB)...
  [13:55:50] GCA_016906575.1  busco: FAILED rc=255 after 0s
[13:55:50] [282/985] GCA_016906575.1  busco_error  C=—  | rate=200.74/s  ETA=0.0h
  [13:55:50] GCA_016906555.1  busco: FAILED rc=255 after 0s
  [13:55:50] GCA_015039395.1  busco: FAILED rc=255 after 0s
[13:55:50] [283/985] GCA_016906555.1  busco_error  C=—  | rate=201.09/s  ETA=0.0h
[13:55:50] [284/985] GCA_015039395.1  busco_error  C=—  | rate=201.65/s  ETA=0.0h
  [13:55:50] GCA_003369635.1  busco: starting ascomycota_odb10 on cds_from_genomic.fna (23.0 MB)...
  [13:55:50] GCA_003369665.1  busco: starting ascomycota_odb10 on cds_from_genomic.fna (24.9 MB)...
  [13:55:50] GCA_015584075.1  busco: starting basidiomycota_odb10 on cds_from_genomic.fna (22.3 MB)...
  [13:55:50] GCA_019677335.1  busco: FAILED rc=255 after 0s
  [13:55:50] GCA_042258205.1  busco: FAILED rc=255 after 0s
  [13:55:50] GCA_002276475.2  busco: FAILED rc=255 after 0s
  [13:55:50] GCA_025890175.1  busco: FAILED rc=255 after 0s
  [13:55:50] GCA_000827265.1  busco: starting basidiomycota_odb10 on cds_from_genomic.fna (30.4 MB)...
[13:55:50] [285/985] GCA_019677335.1  busco_error  C=—  | rate=201.03/s  ETA=0.0h
  [13:55:50] GCA_003019895.1  busco: starting ascomycota_odb10 on cds_from_genomic.fna (18.0 MB)...
[13:55:50] [286/985] GCA_042258205.1  busco_error  C=—  | rate=201.56/s  ETA=0.0h
[13:55:50] [287/985] GCA_002276475.2  busco_error  C=—  | rate=202.13/s  ETA=0.0h
[13:55:50] [288/985] GCA_025890175.1  busco_error  C=—  | rate=202.70/s  ETA=0.0h
  [13:55:50] GCA_050859405.1  busco: starting ascomycota_odb10 on cds_from_genomic.fna (17.7 MB)...
  [13:55:50] GCA_032433595.1  busco: starting ascomycota_odb10 on cds_from_genomic.fna (22.4 MB)...
  [13:55:50] GCA_000182895.1  busco: starting basidiomycota_odb10 on cds_from_genomic.fna (22.1 MB)...
  [13:55:50] GCA_027627275.1  busco: starting basidiomycota_odb10 on cds_from_genomic.fna (35.7 MB)...
  [13:55:50] GCA_036429605.1  busco: FAILED rc=255 after 0s
[13:55:50] [289/985] GCA_036429605.1  busco_error  C=—  | rate=198.43/s  ETA=0.0h
  [13:55:50] GCA_010015635.1  busco: FAILED rc=255 after 0s
  [13:55:50] GCA_015039315.1  busco: FAILED rc=255 after 0s
[13:55:50] [290/985] GCA_010015635.1  busco_error  C=—  | rate=198.17/s  ETA=0.0h
[13:55:50] [291/985] GCA_015039315.1  busco_error  C=—  | rate=198.69/s  ETA=0.0h
  [13:55:50] GCA_902006505.2  busco: FAILED rc=255 after 0s
  [13:55:50] GCA_004369085.1  busco: starting basidiomycota_odb10 on cds_from_genomic.fna (23.1 MB)...
  [13:55:50] GCA_902077795.2  busco: FAILED rc=255 after 0s
  [13:55:50] GCA_902074915.1  busco: FAILED rc=255 after 0s
  [13:55:50] GCA_037952775.1  busco: FAILED rc=255 after 0s
[13:55:50] [292/985] GCA_902006505.2  busco_error  C=—  | rate=199.08/s  ETA=0.0h
[13:55:50] [293/985] GCA_902077795.2  busco_error  C=—  | rate=199.62/s  ETA=0.0h
[13:55:50] [294/985] GCA_902074915.1  busco_error  C=—  | rate=200.16/s  ETA=0.0h
[13:55:50] [295/985] GCA_037952775.1  busco_error  C=—  | rate=200.71/s  ETA=0.0h
  [13:55:50] GCA_056505955.1  busco: starting ascomycota_odb10 on cds_from_genomic.fna (17.8 MB)...
  [13:55:50] GCA_003369635.1  busco: FAILED rc=255 after 0s
  [13:55:50] GCA_059933775.1  busco: starting ascomycota_odb10 on cds_from_genomic.fna (17.4 MB)...
[13:55:50] [296/985] GCA_003369635.1  busco_error  C=—  | rate=200.67/s  ETA=0.0h
  [13:55:50] GCA_003369665.1  busco: FAILED rc=255 after 0s
[13:55:50] [297/985] GCA_003369665.1  busco_error  C=—  | rate=201.16/s  ETA=0.0h
  [13:55:50] GCA_001636725.1  busco: starting ascomycota_odb10 on cds_from_genomic.fna (16.8 MB)...
  [13:55:50] GCA_015584075.1  busco: FAILED rc=255 after 0s
  [13:55:50] GCF_001636725.1  busco: starting ascomycota_odb10 on cds_from_genomic.fna (17.1 MB)...
  [13:55:50] GCF_051103115.1  busco: starting ascomycota_odb10 on cds_from_genomic.fna (18.0 MB)...
  [13:55:50] GCA_006981975.1  busco: starting ascomycota_odb10 on cds_from_genomic.fna (18.0 MB)...
[13:55:50] [298/985] GCA_015584075.1  busco_error  C=—  | rate=201.43/s  ETA=0.0h
  [13:55:50] GCA_000827265.1  busco: FAILED rc=255 after 0s
  [13:55:50] GCA_003019895.1  busco: FAILED rc=255 after 0s
[13:55:50] [299/985] GCA_000827265.1  busco_error  C=—  | rate=201.60/s  ETA=0.0h
[13:55:50] [300/985] GCA_003019895.1  busco_error  C=—  | rate=202.14/s  ETA=0.0h
  [13:55:50] GCA_051103115.1  busco: starting ascomycota_odb10 on cds_from_genomic.fna (17.6 MB)...
  [13:55:50] GCA_006981985.1  busco: starting ascomycota_odb10 on cds_from_genomic.fna (18.3 MB)...
  [13:55:50] GCA_008080495.1  busco: starting ascomycota_odb10 on cds_from_genomic.fna (16.4 MB)...
  [13:55:50] GCA_050859405.1  busco: FAILED rc=255 after 0s
  [13:55:50] GCA_032433595.1  busco: FAILED rc=255 after 0s
  [13:55:50] GCA_000225605.1  busco: starting ascomycota_odb10 on cds_from_genomic.fna (16.8 MB)...
  [13:55:50] GCF_000225605.1  busco: starting ascomycota_odb10 on cds_from_genomic.fna (17.2 MB)...
[13:55:50] [301/985] GCA_050859405.1  busco_error  C=—  | rate=201.59/s  ETA=0.0h
  [13:55:50] GCA_000182895.1  busco: FAILED rc=255 after 0s
  [13:55:50] GCA_027627275.1  busco: FAILED rc=255 after 0s
[13:55:50] [302/985] GCA_032433595.1  busco_error  C=—  | rate=202.09/s  ETA=0.0h
[13:55:50] [303/985] GCA_000182895.1  busco_error  C=—  | rate=202.62/s  ETA=0.0h
[13:55:50] [304/985] GCA_027627275.1  busco_error  C=—  | rate=203.15/s  ETA=0.0h
  [13:55:50] GCA_002591385.1  busco: starting ascomycota_odb10 on cds_from_genomic.fna (15.3 MB)...
  [13:55:50] GCA_015657495.1  busco: starting basidiomycota_odb10 on cds_from_genomic.fna (22.6 MB)...
  [13:55:50] GCA_015951145.1  busco: starting basidiomycota_odb10 on cds_from_genomic.fna (17.5 MB)...
  [13:55:50] GCA_003016335.1  busco: starting ascomycota_odb10 on cds_from_genomic.fna (26.1 MB)...
  [13:55:50] GCA_004369085.1  busco: FAILED rc=255 after 0s
[13:55:50] [305/985] GCA_004369085.1  busco_error  C=—  | rate=199.19/s  ETA=0.0h
  [13:55:50] GCA_061372115.1  busco: starting basidiomycota_odb10 on cds_from_genomic.fna (1.4 MB)...
  [13:55:50] GCA_056505955.1  busco: FAILED rc=255 after 0s
[13:55:50] [306/985] GCA_056505955.1  busco_error  C=—  | rate=198.95/s  ETA=0.0h
  [13:55:50] GCA_059933775.1  busco: FAILED rc=255 after 0s
[13:55:50] [307/985] GCA_059933775.1  busco_error  C=—  | rate=199.31/s  ETA=0.0h
  [13:55:50] GCA_001636725.1  busco: FAILED rc=255 after 0s
  [13:55:50] GCF_001636725.1  busco: FAILED rc=255 after 0s
  [13:55:50] GCF_051103115.1  busco: FAILED rc=255 after 0s
[13:55:50] [308/985] GCA_001636725.1  busco_error  C=—  | rate=199.56/s  ETA=0.0h
  [13:55:50] GCA_006981975.1  busco: FAILED rc=255 after 0s
[13:55:50] [309/985] GCF_001636725.1  busco_error  C=—  | rate=200.06/s  ETA=0.0h
[13:55:50] [310/985] GCF_051103115.1  busco_error  C=—  | rate=200.59/s  ETA=0.0h
[13:55:50] [311/985] GCA_006981975.1  busco_error  C=—  | rate=201.10/s  ETA=0.0h
  [13:55:50] GCA_004379715.1  busco: starting basidiomycota_odb10 on cds_from_genomic.fna (21.5 MB)...
  [13:55:50] GCA_051103115.1  busco: FAILED rc=255 after 0s
  [13:55:50] GCF_010015615.1  busco: starting ascomycota_odb10 on cds_from_genomic.fna (20.8 MB)...
[13:55:50] [312/985] GCA_051103115.1  busco_error  C=—  | rate=201.23/s  ETA=0.0h
  [13:55:50] GCA_006981985.1  busco: FAILED rc=255 after 0s
[13:55:50] [313/985] GCA_006981985.1  busco_error  C=—  | rate=201.61/s  ETA=0.0h
  [13:55:50] GCA_008080495.1  busco: FAILED rc=255 after 0s
  [13:55:50] GCA_010015615.1  busco: starting ascomycota_odb10 on cds_from_genomic.fna (20.5 MB)...
[13:55:50] [314/985] GCA_008080495.1  busco_error  C=—  | rate=202.02/s  ETA=0.0h
  [13:55:50] GCA_013054445.1  busco: starting ascomycota_odb10 on cds_from_genomic.fna (28.0 MB)...
  [13:55:50] GCA_023920165.1  busco: starting ascomycota_odb10 on cds_from_genomic.fna (19.0 MB)...
  [13:55:50] GCA_059054275.1  busco: starting ascomycota_odb10 on cds_from_genomic.fna (15.2 MB)...
  [13:55:50] GCA_000225605.1  busco: FAILED rc=255 after 0s
  [13:55:50] GCF_000225605.1  busco: FAILED rc=255 after 0s
[13:55:50] [315/985] GCA_000225605.1  busco_error  C=—  | rate=202.15/s  ETA=0.0h
[13:55:50] [316/985] GCF_000225605.1  busco_error  C=—  | rate=202.66/s  ETA=0.0h
  [13:55:50] GCA_011058905.1  busco: starting ascomycota_odb10 on cds_from_genomic.fna (19.7 MB)...
  [13:55:50] GCA_977927295.1  busco: starting basidiomycota_odb10 on cds_from_genomic.fna (21.8 MB)...
  [13:55:50] GCA_902728275.1  busco: starting basidiomycota_odb10 on cds_from_genomic.fna (23.4 MB)...
  [13:55:50] GCA_002591385.1  busco: FAILED rc=255 after 0s
  [13:55:50] GCA_014621425.1  busco: starting ascomycota_odb10 on cds_from_genomic.fna (23.7 MB)...
[13:55:50] [317/985] GCA_002591385.1  busco_error  C=—  | rate=202.08/s  ETA=0.0h
  [13:55:50] GCA_000934385.1  busco: starting basidiomycota_odb10 on cds_from_genomic.fna (21.3 MB)...
  [13:55:50] GCA_015657495.1  busco: FAILED rc=255 after 0s
  [13:55:50] GCA_015951145.1  busco: FAILED rc=255 after 0s
  [13:55:50] GCA_003016335.1  busco: FAILED rc=255 after 0s
[13:55:50] [318/985] GCA_015657495.1  busco_error  C=—  | rate=202.44/s  ETA=0.0h
[13:55:50] [319/985] GCA_003016335.1  busco_error  C=—  | rate=202.93/s  ETA=0.0h
[13:55:50] [320/985] GCA_015951145.1  busco_error  C=—  | rate=203.45/s  ETA=0.0h
  [13:55:50] GCA_003795295.1  busco: starting ascomycota_odb10 on cds_from_genomic.fna (17.2 MB)...
  [13:55:50] GCA_003795315.1  busco: starting ascomycota_odb10 on cds_from_genomic.fna (18.0 MB)...
  [13:55:50] GCA_022478815.1  busco: starting ascomycota_odb10 on cds_from_genomic.fna (18.2 MB)...
  [13:55:50] GCF_022478825.1  busco: starting ascomycota_odb10 on cds_from_genomic.fna (18.3 MB)...
  [13:55:50] GCA_061372115.1  busco: FAILED rc=255 after 0s
[13:55:50] [321/985] GCA_061372115.1  busco_error  C=—  | rate=200.36/s  ETA=0.0h
  [13:55:50] GCA_022478825.1  busco: starting ascomycota_odb10 on cds_from_genomic.fna (18.0 MB)...
  [13:55:50] GCA_004379715.1  busco: FAILED rc=255 after 0s
[13:55:50] [322/985] GCA_004379715.1  busco_error  C=—  | rate=199.62/s  ETA=0.0h
  [13:55:50] GCF_010015615.1  busco: FAILED rc=255 after 0s
[13:55:50] [323/985] GCF_010015615.1  busco_error  C=—  | rate=200.01/s  ETA=0.0h
  [13:55:50] GCA_010015615.1  busco: FAILED rc=255 after 0s
  [13:55:50] GCA_013054445.1  busco: FAILED rc=255 after 0s
  [13:55:50] GCA_023920165.1  busco: FAILED rc=255 after 0s
[13:55:50] [324/985] GCA_010015615.1  busco_error  C=—  | rate=200.04/s  ETA=0.0h
  [13:55:50] GCA_059054275.1  busco: FAILED rc=255 after 0s
[13:55:50] [325/985] GCA_013054445.1  busco_error  C=—  | rate=200.50/s  ETA=0.0h
[13:55:50] [326/985] GCA_023920165.1  busco_error  C=—  | rate=200.99/s  ETA=0.0h
  [13:55:50] GCF_008694065.1  busco: starting ascomycota_odb10 on cds_from_genomic.fna (17.7 MB)...
[13:55:50] [327/985] GCA_059054275.1  busco_error  C=—  | rate=201.47/s  ETA=0.0h
  [13:55:50] GCA_008694065.1  busco: starting ascomycota_odb10 on cds_from_genomic.fna (17.4 MB)...
  [13:55:50] GCA_011058905.1  busco: FAILED rc=255 after 0s
[13:55:50] [328/985] GCA_011058905.1  busco_error  C=—  | rate=201.76/s  ETA=0.0h
  [13:55:50] GCA_977927295.1  busco: FAILED rc=255 after 0s
  [13:55:50] GCA_902728275.1  busco: FAILED rc=255 after 0s
[13:55:50] [329/985] GCA_977927295.1  busco_error  C=—  | rate=202.09/s  ETA=0.0h
[13:55:50] [330/985] GCA_902728275.1  busco_error  C=—  | rate=202.58/s  ETA=0.0h
  [13:55:50] GCF_022478715.1  busco: starting ascomycota_odb10 on cds_from_genomic.fna (18.8 MB)...
  [13:55:50] GCF_022478755.1  busco: starting ascomycota_odb10 on cds_from_genomic.fna (18.9 MB)...
  [13:55:50] GCA_022478715.1  busco: starting ascomycota_odb10 on cds_from_genomic.fna (18.5 MB)...
  [13:55:50] GCA_022478725.1  busco: starting ascomycota_odb10 on cds_from_genomic.fna (19.1 MB)...
  [13:55:50] GCA_014621425.1  busco: FAILED rc=255 after 0s
  [13:55:50] GCA_000934385.1  busco: FAILED rc=255 after 0s
[13:55:50] [331/985] GCA_014621425.1  busco_error  C=—  | rate=202.58/s  ETA=0.0h
[13:55:50] [332/985] GCA_000934385.1  busco_error  C=—  | rate=203.07/s  ETA=0.0h
  [13:55:50] GCA_022478755.1  busco: starting ascomycota_odb10 on cds_from_genomic.fna (18.6 MB)...
  [13:55:50] GCA_002120325.1  busco: starting ascomycota_odb10 on cds_from_genomic.fna (18.6 MB)...
  [13:55:50] GCA_025201765.1  busco: starting ascomycota_odb10 on cds_from_genomic.fna (18.0 MB)...
  [13:55:50] GCA_003795295.1  busco: FAILED rc=255 after 0s
  [13:55:50] GCF_022497035.1  busco: starting ascomycota_odb10 on cds_from_genomic.fna (18.9 MB)...
[13:55:50] [333/985] GCA_003795295.1  busco_error  C=—  | rate=202.59/s  ETA=0.0h
  [13:55:50] GCA_022497035.1  busco: starting ascomycota_odb10 on cds_from_genomic.fna (18.6 MB)...
  [13:55:50] GCA_022478815.1  busco: FAILED rc=255 after 0s
  [13:55:50] GCA_003795315.1  busco: FAILED rc=255 after 0s
  [13:55:50] GCF_022478825.1  busco: FAILED rc=255 after 0s
[13:55:50] [334/985] GCA_022478815.1  busco_error  C=—  | rate=202.86/s  ETA=0.0h
[13:55:50] [335/985] GCA_003795315.1  busco_error  C=—  | rate=203.36/s  ETA=0.0h
[13:55:50] [336/985] GCF_022478825.1  busco_error  C=—  | rate=203.86/s  ETA=0.0h
  [13:55:50] GCA_010015605.1  busco: starting ascomycota_odb10 on cds_from_genomic.fna (18.9 MB)...
  [13:55:50] GCA_004369135.1  busco: starting basidiomycota_odb10 on cds_from_genomic.fna (45.2 MB)...
  [13:55:50] GCA_004679275.1  busco: starting basidiomycota_odb10 on cds_from_genomic.fna (20.9 MB)...
  [13:55:50] GCA_010093945.1  busco: starting ascomycota_odb10 on cds_from_genomic.fna (16.5 MB)...
  [13:55:50] GCA_022478825.1  busco: FAILED rc=255 after 0s
[13:55:50] [337/985] GCA_022478825.1  busco_error  C=—  | rate=200.96/s  ETA=0.0h
  [13:55:50] GCF_008694065.1  busco: FAILED rc=255 after 0s
[13:55:50] [338/985] GCF_008694065.1  busco_error  C=—  | rate=200.27/s  ETA=0.0h
  [13:55:50] GCA_002286715.1  busco: starting basidiomycota_odb10 on cds_from_genomic.fna (21.7 MB)...
  [13:55:50] GCA_008694065.1  busco: FAILED rc=255 after 0s
[13:55:50] [339/985] GCA_008694065.1  busco_error  C=—  | rate=200.64/s  ETA=0.0h
  [13:55:50] GCF_022478715.1  busco: FAILED rc=255 after 0s
  [13:55:50] GCF_022478755.1  busco: FAILED rc=255 after 0s
[13:55:50] [340/985] GCF_022478715.1  busco_error  C=—  | rate=200.50/s  ETA=0.0h
  [13:55:50] GCA_022478715.1  busco: FAILED rc=255 after 0s
  [13:55:50] GCA_022478725.1  busco: FAILED rc=255 after 0s
  [13:55:50] GCA_001006365.1  busco: starting ascomycota_odb10 on cds_from_genomic.fna (16.6 MB)...
[13:55:50] [341/985] GCF_022478755.1  busco_error  C=—  | rate=200.93/s  ETA=0.0h
[13:55:50] [342/985] GCA_022478715.1  busco_error  C=—  | rate=201.40/s  ETA=0.0h
  [13:55:50] GCF_026229845.1  busco: starting ascomycota_odb10 on cds_from_genomic.fna (27.3 MB)...
[13:55:50] [343/985] GCA_022478725.1  busco_error  C=—  | rate=201.85/s  ETA=0.0h
  [13:55:50] GCA_022478755.1  busco: FAILED rc=255 after 0s
[13:55:50] [344/985] GCA_022478755.1  busco_error  C=—  | rate=202.27/s  ETA=0.0h
  [13:55:50] GCA_002120325.1  busco: FAILED rc=255 after 0s
  [13:55:50] GCA_025201765.1  busco: FAILED rc=255 after 0s
[13:55:50] [345/985] GCA_002120325.1  busco_error  C=—  | rate=202.55/s  ETA=0.0h
[13:55:50] [346/985] GCA_025201765.1  busco_error  C=—  | rate=203.02/s  ETA=0.0h
  [13:55:50] GCA_026229845.1  busco: starting ascomycota_odb10 on cds_from_genomic.fna (26.9 MB)...
  [13:55:50] GCA_024867555.1  busco: starting ascomycota_odb10 on cds_from_genomic.fna (27.4 MB)...
  [13:55:50] GCA_042257625.1  busco: starting ascomycota_odb10 on cds_from_genomic.fna (24.8 MB)...
  [13:55:50] GCF_022497035.1  busco: FAILED rc=255 after 0s
  [13:55:50] GCA_022570805.2  busco: starting ascomycota_odb10 on cds_from_genomic.fna (24.3 MB)...
[13:55:50] [347/985] GCF_022497035.1  busco_error  C=—  | rate=203.09/s  ETA=0.0h
  [13:55:50] GCA_022497035.1  busco: FAILED rc=255 after 0s
[13:55:50] [348/985] GCA_022497035.1  busco_error  C=—  | rate=203.53/s  ETA=0.0h
  [13:55:50] GCA_022225965.2  busco: starting ascomycota_odb10 on cds_from_genomic.fna (19.3 MB)...
  [13:55:50] GCA_001702395.2  busco: starting ascomycota_odb10 on cds_from_genomic.fna (21.5 MB)...
  [13:55:50] GCA_010015605.1  busco: FAILED rc=255 after 0s
  [13:55:50] GCF_010094145.1  busco: starting ascomycota_odb10 on cds_from_genomic.fna (19.3 MB)...
  [13:55:50] GCA_023242295.1  busco: starting ascomycota_odb10 on cds_from_genomic.fna (20.4 MB)...
[13:55:50] [349/985] GCA_010015605.1  busco_error  C=—  | rate=202.98/s  ETA=0.0h
  [13:55:50] GCA_004369135.1  busco: FAILED rc=255 after 0s
  [13:55:50] GCA_010094145.1  busco: starting ascomycota_odb10 on cds_from_genomic.fna (18.9 MB)...
  [13:55:50] GCA_004679275.1  busco: FAILED rc=255 after 0s
  [13:55:50] GCA_010093945.1  busco: FAILED rc=255 after 0s
[13:55:50] [350/985] GCA_004369135.1  busco_error  C=—  | rate=203.34/s  ETA=0.0h
[13:55:50] [351/985] GCA_004679275.1  busco_error  C=—  | rate=203.78/s  ETA=0.0h
[13:55:50] [352/985] GCA_010093945.1  busco_error  C=—  | rate=204.25/s  ETA=0.0h
  [13:55:50] GCA_011058895.1  busco: starting ascomycota_odb10 on cds_from_genomic.fna (19.5 MB)...
  [13:55:50] GCA_022225945.2  busco: starting ascomycota_odb10 on cds_from_genomic.fna (17.7 MB)...
  [13:55:50] GCA_011058865.1  busco: starting ascomycota_odb10 on cds_from_genomic.fna (19.6 MB)...
  [13:55:50] GCA_002204255.1  busco: starting ascomycota_odb10 on cds_from_genomic.fna (15.7 MB)...
  [13:55:50] GCA_002286715.1  busco: FAILED rc=255 after 0s
[13:55:50] [353/985] GCA_002286715.1  busco_error  C=—  | rate=201.25/s  ETA=0.0h
  [13:55:50] GCA_001006365.1  busco: FAILED rc=255 after 0s
[13:55:50] [354/985] GCA_001006365.1  busco_error  C=—  | rate=200.82/s  ETA=0.0h
  [13:55:50] GCF_026229845.1  busco: FAILED rc=255 after 0s
  [13:55:50] GCA_024741835.1  busco: starting ascomycota_odb10 on cds_from_genomic.fna (17.0 MB)...
[13:55:50] [355/985] GCF_026229845.1  busco_error  C=—  | rate=201.22/s  ETA=0.0h
  [13:55:50] GCA_026229845.1  busco: FAILED rc=255 after 0s
  [13:55:50] GCA_024867555.1  busco: FAILED rc=255 after 0s
  [13:55:50] GCA_042257625.1  busco: FAILED rc=255 after 0s
  [13:55:50] GCA_002317995.1  busco: starting ascomycota_odb10 on cds_from_genomic.fna (25.6 MB)...
[13:55:50] [356/985] GCA_026229845.1  busco_error  C=—  | rate=200.86/s  ETA=0.0h
  [13:55:50] GCA_022570805.2  busco: FAILED rc=255 after 0s
  [13:55:50] GCF_001883845.1  busco: starting ascomycota_odb10 on cds_from_genomic.fna (20.1 MB)...
[13:55:50] [357/985] GCA_024867555.1  busco_error  C=—  | rate=201.27/s  ETA=0.0h
[13:55:50] [358/985] GCA_042257625.1  busco_error  C=—  | rate=201.70/s  ETA=0.0h
[13:55:50] [359/985] GCA_022570805.2  busco_error  C=—  | rate=202.16/s  ETA=0.0h
  [13:55:50] GCA_022225965.2  busco: FAILED rc=255 after 0s
[13:55:50] [360/985] GCA_022225965.2  busco_error  C=—  | rate=202.51/s  ETA=0.0h
  [13:55:50] GCA_001702395.2  busco: FAILED rc=255 after 0s
[13:55:50] [361/985] GCA_001702395.2  busco_error  C=—  | rate=202.61/s  ETA=0.0h
  [13:55:50] GCA_021495925.2  busco: starting ascomycota_odb10 on cds_from_genomic.fna (19.5 MB)...
  [13:55:50] GCF_010094145.1  busco: FAILED rc=255 after 0s
  [13:55:50] GCA_023242295.1  busco: FAILED rc=255 after 0s
  [13:55:50] GCA_001883845.1  busco: starting ascomycota_odb10 on cds_from_genomic.fna (19.7 MB)...
[13:55:50] [362/985] GCF_010094145.1  busco_error  C=—  | rate=202.92/s  ETA=0.0h
  [13:55:50] GCA_056582485.1  busco: starting ascomycota_odb10 on cds_from_genomic.fna (19.3 MB)...
  [13:55:50] GCA_056582465.1  busco: starting ascomycota_odb10 on cds_from_genomic.fna (19.6 MB)...
  [13:55:50] GCA_010094145.1  busco: FAILED rc=255 after 0s
[13:55:50] [363/985] GCA_023242295.1  busco_error  C=—  | rate=203.31/s  ETA=0.0h
[13:55:50] [364/985] GCA_010094145.1  busco_error  C=—  | rate=203.78/s  ETA=0.0h
  [13:55:50] GCA_021436965.2  busco: starting ascomycota_odb10 on cds_from_genomic.fna (18.3 MB)...
  [13:55:50] GCA_001975905.1  busco: starting ascomycota_odb10 on cds_from_genomic.fna (14.0 MB)...
  [13:55:50] GCA_965644035.1  busco: starting ascomycota_odb10 on cds_from_genomic.fna (19.1 MB)...
  [13:55:50] GCA_001006355.1  busco: starting ascomycota_odb10 on cds_from_genomic.fna (14.5 MB)...
  [13:55:50] GCA_011058895.1  busco: FAILED rc=255 after 0s
  [13:55:50] GCF_010015565.1  busco: starting ascomycota_odb10 on cds_from_genomic.fna (16.4 MB)...
  [13:55:50] GCA_022225945.2  busco: FAILED rc=255 after 0s
[13:55:50] [365/985] GCA_011058895.1  busco_error  C=—  | rate=203.24/s  ETA=0.0h
  [13:55:50] GCA_002204255.1  busco: FAILED rc=255 after 0s
  [13:55:50] GCA_011058865.1  busco: FAILED rc=255 after 0s
[13:55:50] [366/985] GCA_022225945.2  busco_error  C=—  | rate=203.66/s  ETA=0.0h
[13:55:50] [367/985] GCA_002204255.1  busco_error  C=—  | rate=204.11/s  ETA=0.0h
[13:55:50] [368/985] GCA_011058865.1  busco_error  C=—  | rate=204.55/s  ETA=0.0h
  [13:55:50] GCA_010015565.1  busco: starting ascomycota_odb10 on cds_from_genomic.fna (16.2 MB)...
  [13:55:50] GCF_010015815.1  busco: starting ascomycota_odb10 on cds_from_genomic.fna (19.3 MB)...
  [13:55:50] GCF_001625195.1  busco: starting ascomycota_odb10 on cds_from_genomic.fna (14.9 MB)...
  [13:55:50] GCA_010015815.1  busco: starting ascomycota_odb10 on cds_from_genomic.fna (19.1 MB)...
  [13:55:50] GCA_024741835.1  busco: FAILED rc=255 after 0s
[13:55:50] [369/985] GCA_024741835.1  busco_error  C=—  | rate=201.65/s  ETA=0.0h
  [13:55:50] GCA_002317995.1  busco: FAILED rc=255 after 0s
[13:55:50] [370/985] GCA_002317995.1  busco_error  C=—  | rate=201.36/s  ETA=0.0h
  [13:55:50] GCF_001883845.1  busco: FAILED rc=255 after 0s
[13:55:50] [371/985] GCF_001883845.1  busco_error  C=—  | rate=201.74/s  ETA=0.0h
  [13:55:50] GCA_001618945.2  busco: starting ascomycota_odb10 on cds_from_genomic.fna (14.3 MB)...
  [13:55:50] GCA_021495925.2  busco: FAILED rc=255 after 0s
[13:55:50] [372/985] GCA_021495925.2  busco_error  C=—  | rate=201.37/s  ETA=0.0h
  [13:55:50] GCA_001883845.1  busco: FAILED rc=255 after 0s
  [13:55:50] GCF_000298775.1  busco: starting ascomycota_odb10 on cds_from_genomic.fna (17.6 MB)...
[13:55:50] [373/985] GCA_001883845.1  busco_error  C=—  | rate=201.75/s  ETA=0.0h
  [13:55:50] GCA_056582465.1  busco: FAILED rc=255 after 0s
  [13:55:50] GCA_056582485.1  busco: FAILED rc=255 after 0s
  [13:55:50] GCA_001625195.1  busco: starting ascomycota_odb10 on cds_from_genomic.fna (14.5 MB)...
[13:55:50] [374/985] GCA_056582465.1  busco_error  C=—  | rate=202.10/s  ETA=0.0h
  [13:55:50] GCA_021436965.2  busco: FAILED rc=255 after 0s
[13:55:50] [375/985] GCA_056582485.1  busco_error  C=—  | rate=202.51/s  ETA=0.0h
[13:55:50] [376/985] GCA_021436965.2  busco_error  C=—  | rate=202.95/s  ETA=0.0h
  [13:55:50] GCA_001975905.1  busco: FAILED rc=255 after 0s
[13:55:50] [377/985] GCA_001975905.1  busco_error  C=—  | rate=203.05/s  ETA=0.0h
  [13:55:50] GCA_000298775.1  busco: starting ascomycota_odb10 on cds_from_genomic.fna (17.2 MB)...
  [13:55:50] GCA_965644035.1  busco: FAILED rc=255 after 0s
  [13:55:50] GCA_002240705.1  busco: starting ascomycota_odb10 on cds_from_genomic.fna (12.4 MB)...
  [13:55:50] GCA_001006355.1  busco: FAILED rc=255 after 0s
[13:55:50] [378/985] GCA_965644035.1  busco_error  C=—  | rate=203.31/s  ETA=0.0h
  [13:55:50] GCF_010015565.1  busco: FAILED rc=255 after 0s
  [13:55:50] GCA_036872715.1  busco: starting ascomycota_odb10 on cds_from_genomic.fna (45.4 MB)...
  [13:55:50] GCA_036320705.1  busco: starting ascomycota_odb10 on cds_from_genomic.fna (44.7 MB)...
[13:55:50] [379/985] GCA_001006355.1  busco_error  C=—  | rate=203.70/s  ETA=0.0h
[13:55:50] [380/985] GCF_010015565.1  busco_error  C=—  | rate=204.13/s  ETA=0.0h
  [13:55:50] GCA_035926115.1  busco: starting ascomycota_odb10 on cds_from_genomic.fna (41.2 MB)...
  [13:55:50] GCA_036320685.1  busco: starting ascomycota_odb10 on cds_from_genomic.fna (22.0 MB)...
  [13:55:50] GCA_049307695.1  busco: starting ascomycota_odb10 on cds_from_genomic.fna (22.2 MB)...
  [13:55:50] GCA_019669845.1  busco: starting ascomycota_odb10 on cds_from_genomic.fna (17.4 MB)...
  [13:55:50] GCF_019669845.1  busco: starting ascomycota_odb10 on cds_from_genomic.fna (17.6 MB)...
  [13:55:50] GCA_010015565.1  busco: FAILED rc=255 after 0s
  [13:55:50] GCF_010015815.1  busco: FAILED rc=255 after 0s
  [13:55:50] GCF_001625195.1  busco: FAILED rc=255 after 0s
  [13:55:50] GCA_010015815.1  busco: FAILED rc=255 after 0s
[13:55:50] [381/985] GCA_010015565.1  busco_error  C=—  | rate=203.38/s  ETA=0.0h
[13:55:50] [382/985] GCF_010015815.1  busco_error  C=—  | rate=203.80/s  ETA=0.0h
[13:55:50] [383/985] GCF_001625195.1  busco_error  C=—  | rate=204.22/s  ETA=0.0h
[13:55:50] [384/985] GCA_010015815.1  busco_error  C=—  | rate=204.64/s  ETA=0.0h
  [13:55:50] GCF_022114955.1  busco: starting ascomycota_odb10 on cds_from_genomic.fna (15.3 MB)...
  [13:55:50] GCA_022114955.2  busco: starting ascomycota_odb10 on cds_from_genomic.fna (15.1 MB)...
  [13:55:50] GCA_041154705.1  busco: starting ascomycota_odb10 on cds_from_genomic.fna (13.9 MB)...
  [13:55:50] GCA_041154725.1  busco: starting ascomycota_odb10 on cds_from_genomic.fna (14.1 MB)...
  [13:55:50] GCA_001618945.2  busco: FAILED rc=255 after 0s
[13:55:50] [385/985] GCA_001618945.2  busco_error  C=—  | rate=202.03/s  ETA=0.0h
  [13:55:50] GCF_000298775.1  busco: FAILED rc=255 after 0s
[13:55:50] [386/985] GCF_000298775.1  busco_error  C=—  | rate=201.71/s  ETA=0.0h
  [13:55:50] GCA_001625195.1  busco: FAILED rc=255 after 0s
  [13:55:50] GCA_019721275.1  busco: starting ascomycota_odb10 on cds_from_genomic.fna (17.3 MB)...
[13:55:50] [387/985] GCA_001625195.1  busco_error  C=—  | rate=202.05/s  ETA=0.0h
  [13:55:50] GCA_000298775.1  busco: FAILED rc=255 after 0s
  [13:55:50] GCA_002240705.1  busco: FAILED rc=255 after 0s
[13:55:50] [388/985] GCA_000298775.1  busco_error  C=—  | rate=201.79/s  ETA=0.0h
[13:55:50] [389/985] GCA_002240705.1  busco_error  C=—  | rate=202.22/s  ETA=0.0h
  [13:55:50] GCA_036872715.1  busco: FAILED rc=255 after 0s
  [13:55:50] GCA_036320705.1  busco: FAILED rc=255 after 0s
  [13:55:50] GCA_002116315.1  busco: starting ascomycota_odb10 on cds_from_genomic.fna (19.4 MB)...
  [13:55:50] GCA_024703715.1  busco: starting ascomycota_odb10 on cds_from_genomic.fna (11.2 MB)...
[13:55:50] [390/985] GCA_036872715.1  busco_error  C=—  | rate=202.50/s  ETA=0.0h
  [13:55:50] GCA_035926115.1  busco: FAILED rc=255 after 0s
[13:55:50] [391/985] GCA_036320705.1  busco_error  C=—  | rate=202.88/s  ETA=0.0h
[13:55:50] [392/985] GCA_035926115.1  busco_error  C=—  | rate=203.30/s  ETA=0.0h
  [13:55:50] GCA_036320685.1  busco: FAILED rc=255 after 0s
[13:55:50] [393/985] GCA_036320685.1  busco_error  C=—  | rate=203.54/s  ETA=0.0h
  [13:55:50] GCA_049307695.1  busco: FAILED rc=255 after 0s
  [13:55:50] GCA_000798715.1  busco: starting ascomycota_odb10 on cds_from_genomic.fna (10.6 MB)...
[13:55:50] [394/985] GCA_049307695.1  busco_error  C=—  | rate=203.70/s  ETA=0.0h
  [13:55:50] GCA_019669845.1  busco: FAILED rc=255 after 0s
  [13:55:50] GCF_019669845.1  busco: FAILED rc=255 after 0s
  [13:55:50] GCA_003610855.1  busco: starting ascomycota_odb10 on cds_from_genomic.fna (10.7 MB)...
[13:55:50] [395/985] GCA_019669845.1  busco_error  C=—  | rate=204.08/s  ETA=0.0h
  [13:55:50] GCA_001278495.1  busco: starting ascomycota_odb10 on cds_from_genomic.fna (11.4 MB)...
[13:55:50] [396/985] GCF_019669845.1  busco_error  C=—  | rate=204.45/s  ETA=0.0h
  [13:55:50] GCA_002918395.1  busco: starting ascomycota_odb10 on cds_from_genomic.fna (11.6 MB)...
  [13:55:50] GCF_000349385.1  busco: starting ascomycota_odb10 on cds_from_genomic.fna (18.2 MB)...
  [13:55:50] GCA_000349385.1  busco: starting ascomycota_odb10 on cds_from_genomic.fna (17.7 MB)...
  [13:55:50] GCA_033117895.1  busco: starting ascomycota_odb10 on cds_from_genomic.fna (21.1 MB)...
  [13:55:50] GCA_000934395.1  busco: starting basidiomycota_odb10 on cds_from_genomic.fna (17.2 MB)...
  [13:55:50] GCA_030412055.1  busco: starting ascomycota_odb10 on cds_from_genomic.fna (53.2 MB)...
  [13:55:50] GCF_022114955.1  busco: FAILED rc=255 after 0s
  [13:55:50] GCA_022114955.2  busco: FAILED rc=255 after 0s
[13:55:50] [397/985] GCF_022114955.1  busco_error  C=—  | rate=203.71/s  ETA=0.0h
  [13:55:50] GCA_041154705.1  busco: FAILED rc=255 after 0s
[13:55:50] [398/985] GCA_022114955.2  busco_error  C=—  | rate=204.11/s  ETA=0.0h
  [13:55:50] GCA_041154725.1  busco: FAILED rc=255 after 0s
[13:55:50] [399/985] GCA_041154705.1  busco_error  C=—  | rate=204.51/s  ETA=0.0h
[13:55:50] [400/985] GCA_041154725.1  busco_error  C=—  | rate=204.92/s  ETA=0.0h
  [13:55:50] GCA_005059855.1  busco: starting ascomycota_odb10 on cds_from_genomic.fna (31.0 MB)...
  [13:55:50] GCA_030553325.1  busco: starting ascomycota_odb10 on cds_from_genomic.fna (45.3 MB)...
  [13:55:50] GCA_030553385.1  busco: starting ascomycota_odb10 on cds_from_genomic.fna (45.7 MB)...
  [13:55:50] GCA_005059865.1  busco: starting ascomycota_odb10 on cds_from_genomic.fna (21.9 MB)...
  [13:55:50] GCA_019721275.1  busco: FAILED rc=255 after 0s
[13:55:50] [401/985] GCA_019721275.1  busco_error  C=—  | rate=202.44/s  ETA=0.0h
  [13:55:50] GCA_051938895.1  busco: starting ascomycota_odb10 on cds_from_genomic.fna (24.5 MB)...
  [13:55:50] GCA_002116315.1  busco: FAILED rc=255 after 0s
  [13:55:50] GCA_024703715.1  busco: FAILED rc=255 after 0s
[13:55:50] [402/985] GCA_002116315.1  busco_error  C=—  | rate=201.92/s  ETA=0.0h
[13:55:50] [403/985] GCA_024703715.1  busco_error  C=—  | rate=202.33/s  ETA=0.0h
  [13:55:50] GCA_000798715.1  busco: FAILED rc=255 after 0s
  [13:55:50] GCA_003610855.1  busco: FAILED rc=255 after 0s
[13:55:50] [404/985] GCA_000798715.1  busco_error  C=—  | rate=202.01/s  ETA=0.0h
  [13:55:50] GCA_051938825.1  busco: starting ascomycota_odb10 on cds_from_genomic.fna (25.8 MB)...
  [13:55:50] GCA_051938815.1  busco: starting ascomycota_odb10 on cds_from_genomic.fna (29.6 MB)...
[13:55:50] [405/985] GCA_003610855.1  busco_error  C=—  | rate=202.40/s  ETA=0.0h
  [13:55:50] GCA_001278495.1  busco: FAILED rc=255 after 0s
  [13:55:50] GCA_002918395.1  busco: FAILED rc=255 after 0s
[13:55:50] [406/985] GCA_001278495.1  busco_error  C=—  | rate=202.75/s  ETA=0.0h
  [13:55:50] GCF_000349385.1  busco: FAILED rc=255 after 0s
[13:55:50] [407/985] GCA_002918395.1  busco_error  C=—  | rate=203.12/s  ETA=0.0h
  [13:55:50] GCA_000349385.1  busco: FAILED rc=255 after 0s
[13:55:50] [408/985] GCF_000349385.1  busco_error  C=—  | rate=203.53/s  ETA=0.0h
[13:55:50] [409/985] GCA_000349385.1  busco_error  C=—  | rate=203.93/s  ETA=0.0h
  [13:55:50] GCA_033117895.1  busco: FAILED rc=255 after 0s
[13:55:50] [410/985] GCA_033117895.1  busco_error  C=—  | rate=204.05/s  ETA=0.0h
  [13:55:50] GCA_000934395.1  busco: FAILED rc=255 after 0s
  [13:55:50] GCA_030412055.1  busco: FAILED rc=255 after 0s
  [13:55:50] GCA_051938625.1  busco: starting ascomycota_odb10 on cds_from_genomic.fna (27.8 MB)...
[13:55:50] [411/985] GCA_000934395.1  busco_error  C=—  | rate=204.37/s  ETA=0.0h
  [13:55:50] GCA_051938805.1  busco: starting ascomycota_odb10 on cds_from_genomic.fna (29.4 MB)...
  [13:55:50] GCF_000145635.1  busco: starting ascomycota_odb10 on cds_from_genomic.fna (22.6 MB)...
[13:55:50] [412/985] GCA_030412055.1  busco_error  C=—  | rate=204.73/s  ETA=0.0h
  [13:55:50] GCA_051938685.1  busco: starting ascomycota_odb10 on cds_from_genomic.fna (30.2 MB)...
  [13:55:50] GCA_051938735.1  busco: starting ascomycota_odb10 on cds_from_genomic.fna (28.0 MB)...
  [13:55:50] GCA_000697645.1  busco: starting basidiomycota_odb10 on cds_from_genomic.fna (30.8 MB)...
  [13:55:50] GCF_012550715.1  busco: starting ascomycota_odb10 on cds_from_genomic.fna (13.9 MB)...
  [13:55:50] GCF_000409485.1  busco: starting ascomycota_odb10 on cds_from_genomic.fna (22.3 MB)...
  [13:55:50] GCA_012550715.1  busco: starting ascomycota_odb10 on cds_from_genomic.fna (13.7 MB)...
  [13:55:50] GCA_005059855.1  busco: FAILED rc=255 after 0s
[13:55:50] [413/985] GCA_005059855.1  busco_error  C=—  | rate=204.09/s  ETA=0.0h
  [13:55:50] GCA_030553325.1  busco: FAILED rc=255 after 0s
  [13:55:50] GCA_030553385.1  busco: FAILED rc=255 after 0s
  [13:55:50] GCA_005059865.1  busco: FAILED rc=255 after 0s
[13:55:50] [414/985] GCA_030553325.1  busco_error  C=—  | rate=204.41/s  ETA=0.0h
[13:55:50] [415/985] GCA_030553385.1  busco_error  C=—  | rate=204.80/s  ETA=0.0h
[13:55:50] [416/985] GCA_005059865.1  busco_error  C=—  | rate=205.20/s  ETA=0.0h
  [13:55:50] GCA_000409485.1  busco: starting ascomycota_odb10 on cds_from_genomic.fna (21.7 MB)...
  [13:55:50] GCA_000238015.2  busco: starting ascomycota_odb10 on cds_from_genomic.fna (9.8 MB)...
  [13:55:50] GCA_027946515.1  busco: starting ascomycota_odb10 on cds_from_genomic.fna (18.3 MB)...
  [13:55:50] GCA_003611195.1  busco: starting ascomycota_odb10 on cds_from_genomic.fna (10.6 MB)...
  [13:55:50] GCA_051938895.1  busco: FAILED rc=255 after 0s
[13:55:50] [417/985] GCA_051938895.1  busco_error  C=—  | rate=202.95/s  ETA=0.0h
  [13:55:50] GCA_003611215.1  busco: starting ascomycota_odb10 on cds_from_genomic.fna (10.5 MB)...
  [13:55:50] GCA_051938825.1  busco: FAILED rc=255 after 0s
  [13:55:50] GCA_051938815.1  busco: FAILED rc=255 after 0s
[13:55:50] [418/985] GCA_051938825.1  busco_error  C=—  | rate=202.32/s  ETA=0.0h
[13:55:50] [419/985] GCA_051938815.1  busco_error  C=—  | rate=202.71/s  ETA=0.0h
  [13:55:50] GCA_003611235.1  busco: starting ascomycota_odb10 on cds_from_genomic.fna (10.4 MB)...
  [13:55:50] GCA_051938625.1  busco: FAILED rc=255 after 0s
  [13:55:50] GCA_006912115.1  busco: starting ascomycota_odb10 on cds_from_genomic.fna (12.4 MB)...
  [13:55:50] GCA_051938805.1  busco: FAILED rc=255 after 0s
  [13:55:50] GCF_000145635.1  busco: FAILED rc=255 after 0s
[13:55:50] [420/985] GCA_051938625.1  busco_error  C=—  | rate=202.26/s  ETA=0.0h
  [13:55:50] GCA_051938685.1  busco: FAILED rc=255 after 0s
[13:55:50] [421/985] GCA_051938805.1  busco_error  C=—  | rate=202.64/s  ETA=0.0h
[13:55:50] [422/985] GCF_000145635.1  busco_error  C=—  | rate=203.01/s  ETA=0.0h
  [13:55:50] GCA_051938735.1  busco: FAILED rc=255 after 0s
  [13:55:50] GCA_000697645.1  busco: FAILED rc=255 after 0s
[13:55:50] [423/985] GCA_051938685.1  busco_error  C=—  | rate=203.34/s  ETA=0.0h
[13:55:50] [424/985] GCA_051938735.1  busco_error  C=—  | rate=203.70/s  ETA=0.0h
[13:55:50] [425/985] GCA_000697645.1  busco_error  C=—  | rate=204.09/s  ETA=0.0h
  [13:55:50] GCF_012550715.1  busco: FAILED rc=255 after 0s
[13:55:50] [426/985] GCF_012550715.1  busco_error  C=—  | rate=204.32/s  ETA=0.0h
  [13:55:50] GCF_000409485.1  busco: FAILED rc=255 after 0s
  [13:55:50] GCA_012550715.1  busco: FAILED rc=255 after 0s
  [13:55:50] GCF_019112545.1  busco: starting basidiomycota_odb10 on cds_from_genomic.fna (20.9 MB)...
[13:55:50] [427/985] GCF_000409485.1  busco_error  C=—  | rate=204.62/s  ETA=0.0h
  [13:55:50] GCA_019112545.1  busco: starting basidiomycota_odb10 on cds_from_genomic.fna (20.5 MB)...
  [13:55:50] GCA_002938385.1  busco: starting basidiomycota_odb10 on cds_from_genomic.fna (26.9 MB)...
[13:55:50] [428/985] GCA_012550715.1  busco_error  C=—  | rate=204.91/s  ETA=0.0h
  [13:55:50] GCA_009733575.1  busco: starting basidiomycota_odb10 on cds_from_genomic.fna (38.4 MB)...
  [13:55:50] GCA_000769265.1  busco: starting ascomycota_odb10 on cds_from_genomic.fna (15.1 MB)...
  [13:55:50] GCA_000827355.1  busco: starting basidiomycota_odb10 on cds_from_genomic.fna (22.2 MB)...
  [13:55:50] GCA_004681135.1  busco: starting basidiomycota_odb10 on cds_from_genomic.fna (15.5 MB)...
  [13:55:50] GCF_000320585.1  busco: starting basidiomycota_odb10 on cds_from_genomic.fna (19.5 MB)...
  [13:55:50] GCA_000320585.2  busco: starting basidiomycota_odb10 on cds_from_genomic.fna (19.1 MB)...
  [13:55:50] GCA_000409485.1  busco: FAILED rc=255 after 0s
[13:55:50] [429/985] GCA_000409485.1  busco_error  C=—  | rate=204.37/s  ETA=0.0h
  [13:55:50] GCA_000238015.2  busco: FAILED rc=255 after 0s
  [13:55:50] GCA_027946515.1  busco: FAILED rc=255 after 0s
  [13:55:50] GCA_003611195.1  busco: FAILED rc=255 after 0s
[13:55:50] [430/985] GCA_000238015.2  busco_error  C=—  | rate=204.62/s  ETA=0.0h
[13:55:50] [431/985] GCA_027946515.1  busco_error  C=—  | rate=205.00/s  ETA=0.0h
[13:55:50] [432/985] GCA_003611195.1  busco_error  C=—  | rate=205.38/s  ETA=0.0h
  [13:55:50] GCA_000956045.1  busco: starting ascomycota_odb10 on cds_from_genomic.fna (21.6 MB)...
  [13:55:50] GCA_020360975.2  busco: starting ascomycota_odb10 on cds_from_genomic.fna (22.1 MB)...
  [13:55:50] GCA_020360975.1  busco: starting ascomycota_odb10 on cds_from_genomic.fna (20.2 MB)...
  [13:55:50] GCF_020360975.1  busco: starting ascomycota_odb10 on cds_from_genomic.fna (20.6 MB)...
  [13:55:50] GCA_003611215.1  busco: FAILED rc=255 after 0s
[13:55:50] [433/985] GCA_003611215.1  busco_error  C=—  | rate=203.21/s  ETA=0.0h
  [13:55:50] GCA_003611235.1  busco: FAILED rc=255 after 0s
  [13:55:50] GCA_006912115.1  busco: FAILED rc=255 after 0s
  [13:55:50] GCF_002865645.1  busco: starting ascomycota_odb10 on cds_from_genomic.fna (29.0 MB)...
[13:55:50] [434/985] GCA_003611235.1  busco_error  C=—  | rate=202.73/s  ETA=0.0h
[13:55:50] [435/985] GCA_006912115.1  busco_error  C=—  | rate=203.10/s  ETA=0.0h
  [13:55:50] GCA_002865645.1  busco: starting ascomycota_odb10 on cds_from_genomic.fna (28.5 MB)...
  [13:55:50] GCA_002865625.1  busco: starting ascomycota_odb10 on cds_from_genomic.fna (25.7 MB)...
  [13:55:50] GCF_019112545.1  busco: FAILED rc=255 after 0s
  [13:55:50] GCA_019112545.1  busco: FAILED rc=255 after 0s
[13:55:50] [436/985] GCF_019112545.1  busco_error  C=—  | rate=202.59/s  ETA=0.0h
  [13:55:50] GCA_002938385.1  busco: FAILED rc=255 after 0s
[13:55:50] [437/985] GCA_019112545.1  busco_error  C=—  | rate=202.96/s  ETA=0.0h
[13:55:50] [438/985] GCA_002938385.1  busco_error  C=—  | rate=203.33/s  ETA=0.0h
  [13:55:50] GCA_009733575.1  busco: FAILED rc=255 after 0s
  [13:55:50] GCA_000769265.1  busco: FAILED rc=255 after 0s
  [13:55:50] GCA_000827355.1  busco: FAILED rc=255 after 0s
[13:55:50] [439/985] GCA_009733575.1  busco_error  C=—  | rate=203.64/s  ETA=0.0h
[13:55:50] [440/985] GCA_000769265.1  busco_error  C=—  | rate=204.00/s  ETA=0.0h
[13:55:50] [441/985] GCA_000827355.1  busco_error  C=—  | rate=204.37/s  ETA=0.0h
  [13:55:50] GCA_004681135.1  busco: FAILED rc=255 after 0s
[13:55:50] [442/985] GCA_004681135.1  busco_error  C=—  | rate=204.53/s  ETA=0.0h
  [13:55:50] GCF_000320585.1  busco: FAILED rc=255 after 0s
  [13:55:50] GCA_000320585.2  busco: FAILED rc=255 after 0s
  [13:55:50] GCA_002865655.1  busco: starting ascomycota_odb10 on cds_from_genomic.fna (32.3 MB)...
[13:55:50] [443/985] GCF_000320585.1  busco_error  C=—  | rate=204.85/s  ETA=0.0h
  [13:55:50] GCA_014904985.1  busco: starting basidiomycota_odb10 on cds_from_genomic.fna (23.6 MB)...
[13:55:50] [444/985] GCA_000320585.2  busco_error  C=—  | rate=205.16/s  ETA=0.0h
  [13:55:50] GCA_911693285.1  busco: starting ascomycota_odb10 on cds_from_genomic.fna (21.1 MB)...
  [13:55:50] GCA_911649665.1  busco: starting ascomycota_odb10 on cds_from_genomic.fna (22.3 MB)...
  [13:55:50] GCA_022385585.1  busco: starting ascomycota_odb10 on cds_from_genomic.fna (21.3 MB)...
  [13:55:50] GCA_000827495.1  busco: starting basidiomycota_odb10 on cds_from_genomic.fna (25.6 MB)...
  [13:55:50] GCA_022495175.1  busco: starting ascomycota_odb10 on cds_from_genomic.fna (21.7 MB)...
  [13:55:50] GCA_000956045.1  busco: FAILED rc=255 after 0s
  [13:55:50] GCA_022578875.1  busco: starting ascomycota_odb10 on cds_from_genomic.fna (21.5 MB)...
  [13:55:50] GCA_022578845.1  busco: starting ascomycota_odb10 on cds_from_genomic.fna (20.4 MB)...
[13:55:50] [445/985] GCA_000956045.1  busco_error  C=—  | rate=204.72/s  ETA=0.0h
  [13:55:50] GCA_020360975.2  busco: FAILED rc=255 after 0s
  [13:55:50] GCA_020360975.1  busco: FAILED rc=255 after 0s
  [13:55:50] GCF_020360975.1  busco: FAILED rc=255 after 0s
[13:55:50] [446/985] GCA_020360975.2  busco_error  C=—  | rate=204.85/s  ETA=0.0h
[13:55:50] [447/985] GCA_020360975.1  busco_error  C=—  | rate=205.22/s  ETA=0.0h
[13:55:50] [448/985] GCF_020360975.1  busco_error  C=—  | rate=205.58/s  ETA=0.0h
  [13:55:50] GCA_022578945.1  busco: starting ascomycota_odb10 on cds_from_genomic.fna (20.9 MB)...
  [13:55:50] GCA_002120315.1  busco: starting ascomycota_odb10 on cds_from_genomic.fna (19.2 MB)...
  [13:55:50] GCA_022578595.1  busco: starting ascomycota_odb10 on cds_from_genomic.fna (21.9 MB)...
  [13:55:50] GCA_022578615.1  busco: starting ascomycota_odb10 on cds_from_genomic.fna (24.2 MB)...
  [13:55:50] GCF_002865645.1  busco: FAILED rc=255 after 0s
[13:55:50] [449/985] GCF_002865645.1  busco_error  C=—  | rate=203.57/s  ETA=0.0h
  [13:55:50] GCA_002865645.1  busco: FAILED rc=255 after 0s
  [13:55:50] GCA_002865625.1  busco: FAILED rc=255 after 0s
  [13:55:50] GCA_002120305.1  busco: starting ascomycota_odb10 on cds_from_genomic.fna (20.1 MB)...
[13:55:50] [450/985] GCA_002865645.1  busco_error  C=—  | rate=203.10/s  ETA=0.0h
[13:55:50] [451/985] GCA_002865625.1  busco_error  C=—  | rate=203.46/s  ETA=0.0h
  [13:55:50] GCA_002120335.1  busco: starting ascomycota_odb10 on cds_from_genomic.fna (20.5 MB)...
  [13:55:50] GCA_022578575.1  busco: starting ascomycota_odb10 on cds_from_genomic.fna (18.8 MB)...
  [13:55:50] GCA_002865655.1  busco: FAILED rc=255 after 0s
  [13:55:50] GCA_014904985.1  busco: FAILED rc=255 after 0s
[13:55:50] [452/985] GCA_002865655.1  busco_error  C=—  | rate=202.87/s  ETA=0.0h
  [13:55:50] GCA_911693285.1  busco: FAILED rc=255 after 0s
[13:55:50] [453/985] GCA_014904985.1  busco_error  C=—  | rate=203.22/s  ETA=0.0h
  [13:55:50] GCA_911649665.1  busco: FAILED rc=255 after 0s
[13:55:50] [454/985] GCA_911693285.1  busco_error  C=—  | rate=203.58/s  ETA=0.0h
  [13:55:50] GCA_022385585.1  busco: FAILED rc=255 after 0s
  [13:55:50] GCA_000827495.1  busco: FAILED rc=255 after 0s
[13:55:50] [455/985] GCA_911649665.1  busco_error  C=—  | rate=203.93/s  ETA=0.0h
[13:55:50] [456/985] GCA_022385585.1  busco_error  C=—  | rate=204.28/s  ETA=0.0h
[13:55:50] [457/985] GCA_000827495.1  busco_error  C=—  | rate=204.64/s  ETA=0.0h
  [13:55:50] GCA_022495175.1  busco: FAILED rc=255 after 0s
[13:55:50] [458/985] GCA_022495175.1  busco_error  C=—  | rate=204.79/s  ETA=0.0h
  [13:55:50] GCA_022578875.1  busco: FAILED rc=255 after 0s
  [13:55:50] GCA_022578845.1  busco: FAILED rc=255 after 0s
  [13:55:50] GCA_022497025.1  busco: starting ascomycota_odb10 on cds_from_genomic.fna (19.2 MB)...
[13:55:50] [459/985] GCA_022578875.1  busco_error  C=—  | rate=205.03/s  ETA=0.0h
  [13:55:50] GCA_022495205.1  busco: starting ascomycota_odb10 on cds_from_genomic.fna (19.1 MB)...
[13:55:50] [460/985] GCA_022578845.1  busco_error  C=—  | rate=205.36/s  ETA=0.0h
  [13:55:50] GCA_022578955.1  busco: starting ascomycota_odb10 on cds_from_genomic.fna (20.7 MB)...
  [13:55:50] GCA_051132625.1  busco: starting ascomycota_odb10 on cds_from_genomic.fna (21.0 MB)...
  [13:55:50] GCA_022578975.1  busco: starting ascomycota_odb10 on cds_from_genomic.fna (20.8 MB)...
  [13:55:50] GCF_022578975.1  busco: starting ascomycota_odb10 on cds_from_genomic.fna (21.1 MB)...
  [13:55:50] GCA_001605315.2  busco: starting basidiomycota_odb10 on cds_from_genomic.fna (26.2 MB)...
  [13:55:50] GCA_022578945.1  busco: FAILED rc=255 after 0s
  [13:55:50] GCF_000497045.1  busco: starting basidiomycota_odb10 on cds_from_genomic.fna (12.9 MB)...
[13:55:50] [461/985] GCA_022578945.1  busco_error  C=—  | rate=205.05/s  ETA=0.0h
  [13:55:50] GCA_022578535.1  busco: starting ascomycota_odb10 on cds_from_genomic.fna (18.7 MB)...
  [13:55:50] GCA_002120315.1  busco: FAILED rc=255 after 0s
  [13:55:50] GCA_022578595.1  busco: FAILED rc=255 after 0s
[13:55:50] [462/985] GCA_002120315.1  busco_error  C=—  | rate=205.08/s  ETA=0.0h
[13:55:50] [463/985] GCA_022578595.1  busco_error  C=—  | rate=205.44/s  ETA=0.0h
  [13:55:50] GCA_022578615.1  busco: FAILED rc=255 after 0s
  [13:55:50] GCA_000497045.1  busco: starting basidiomycota_odb10 on cds_from_genomic.fna (12.7 MB)...
[13:55:50] [464/985] GCA_022578615.1  busco_error  C=—  | rate=205.55/s  ETA=0.0h
  [13:55:51] GCA_000827195.2  busco: starting basidiomycota_odb10 on cds_from_genomic.fna (23.4 MB)...
  [13:55:51] GCA_010093485.1  busco: starting ascomycota_odb10 on cds_from_genomic.fna (23.4 MB)...
  [13:55:51] GCA_058411285.1  busco: starting basidiomycota_odb10 on cds_from_genomic.fna (38.8 MB)...
  [13:55:51] GCA_002120305.1  busco: FAILED rc=255 after 0s
[13:55:51] [465/985] GCA_002120305.1  busco_error  C=—  | rate=203.87/s  ETA=0.0h
  [13:55:51] GCA_002120335.1  busco: FAILED rc=255 after 0s
  [13:55:51] GCA_022578575.1  busco: FAILED rc=255 after 0s
  [13:55:51] GCF_000143565.1  busco: starting basidiomycota_odb10 on cds_from_genomic.fna (25.7 MB)...
[13:55:51] [466/985] GCA_002120335.1  busco_error  C=—  | rate=203.43/s  ETA=0.0h
[13:55:51] [467/985] GCA_022578575.1  busco_error  C=—  | rate=203.77/s  ETA=0.0h
  [13:55:51] GCA_059996225.1  busco: starting basidiomycota_odb10 on cds_from_genomic.fna (28.2 MB)...
  [13:55:51] GCA_059927845.1  busco: starting basidiomycota_odb10 on cds_from_genomic.fna (28.3 MB)...
  [13:55:51] GCA_022497025.1  busco: FAILED rc=255 after 0s
  [13:55:51] GCA_022495205.1  busco: FAILED rc=255 after 0s
[13:55:51] [468/985] GCA_022497025.1  busco_error  C=—  | rate=203.14/s  ETA=0.0h
  [13:55:51] GCA_022578955.1  busco: FAILED rc=255 after 0s
[13:55:51] [469/985] GCA_022495205.1  busco_error  C=—  | rate=203.48/s  ETA=0.0h
  [13:55:51] GCA_051132625.1  busco: FAILED rc=255 after 0s
  [13:55:51] GCA_022578975.1  busco: FAILED rc=255 after 0s
[13:55:51] [470/985] GCA_022578955.1  busco_error  C=—  | rate=203.80/s  ETA=0.0h
  [13:55:51] GCF_022578975.1  busco: FAILED rc=255 after 0s
[13:55:51] [471/985] GCA_051132625.1  busco_error  C=—  | rate=204.14/s  ETA=0.0h
[13:55:51] [472/985] GCA_022578975.1  busco_error  C=—  | rate=204.48/s  ETA=0.0h
[13:55:51] [473/985] GCF_022578975.1  busco_error  C=—  | rate=204.82/s  ETA=0.0h
  [13:55:51] GCA_001605315.2  busco: FAILED rc=255 after 0s
[13:55:51] [474/985] GCA_001605315.2  busco_error  C=—  | rate=205.09/s  ETA=0.0h
  [13:55:51] GCF_000497045.1  busco: FAILED rc=255 after 0s
[13:55:51] [475/985] GCF_000497045.1  busco_error  C=—  | rate=205.41/s  ETA=0.0h
  [13:55:51] GCA_027886315.1  busco: starting basidiomycota_odb10 on cds_from_genomic.fna (19.8 MB)...
  [13:55:51] GCA_027886325.1  busco: starting basidiomycota_odb10 on cds_from_genomic.fna (19.6 MB)...
  [13:55:51] GCA_022578535.1  busco: FAILED rc=255 after 0s
  [13:55:51] GCA_027886635.1  busco: starting basidiomycota_odb10 on cds_from_genomic.fna (19.4 MB)...
  [13:55:51] GCA_027886305.1  busco: starting basidiomycota_odb10 on cds_from_genomic.fna (20.2 MB)...
  [13:55:51] GCA_027886465.1  busco: starting basidiomycota_odb10 on cds_from_genomic.fna (20.1 MB)...
[13:55:51] [476/985] GCA_022578535.1  busco_error  C=—  | rate=205.40/s  ETA=0.0h
  [13:55:51] GCA_027886755.1  busco: starting basidiomycota_odb10 on cds_from_genomic.fna (22.1 MB)...
  [13:55:51] GCA_027887095.1  busco: starting basidiomycota_odb10 on cds_from_genomic.fna (21.3 MB)...
  [13:55:51] GCA_000497045.1  busco: FAILED rc=255 after 0s
  [13:55:51] GCA_027917475.1  busco: starting basidiomycota_odb10 on cds_from_genomic.fna (22.0 MB)...
[13:55:51] [477/985] GCA_000497045.1  busco_error  C=—  | rate=205.37/s  ETA=0.0h
  [13:55:51] GCA_027917485.1  busco: starting basidiomycota_odb10 on cds_from_genomic.fna (21.0 MB)...
  [13:55:51] GCA_000827195.2  busco: FAILED rc=255 after 0s
  [13:55:51] GCA_010093485.1  busco: FAILED rc=255 after 0s
[13:55:51] [478/985] GCA_000827195.2  busco_error  C=—  | rate=205.31/s  ETA=0.0h
[13:55:51] [479/985] GCA_010093485.1  busco_error  C=—  | rate=205.65/s  ETA=0.0h
  [13:55:51] GCA_058411285.1  busco: FAILED rc=255 after 0s
  [13:55:51] GCA_027917355.1  busco: starting basidiomycota_odb10 on cds_from_genomic.fna (20.0 MB)...
[13:55:51] [480/985] GCA_058411285.1  busco_error  C=—  | rate=205.81/s  ETA=0.0h
  [13:55:51] GCA_027921425.1  busco: starting basidiomycota_odb10 on cds_from_genomic.fna (19.8 MB)...
  [13:55:51] GCA_027917575.1  busco: starting basidiomycota_odb10 on cds_from_genomic.fna (21.9 MB)...
  [13:55:51] GCA_027886345.1  busco: starting basidiomycota_odb10 on cds_from_genomic.fna (23.7 MB)...
  [13:55:51] GCF_000143565.1  busco: FAILED rc=255 after 0s
[13:55:51] [481/985] GCF_000143565.1  busco_error  C=—  | rate=204.16/s  ETA=0.0h
  [13:55:51] GCA_059996225.1  busco: FAILED rc=255 after 0s
  [13:55:51] GCA_059927845.1  busco: FAILED rc=255 after 0s
  [13:55:51] GCA_027886495.1  busco: starting basidiomycota_odb10 on cds_from_genomic.fna (22.8 MB)...
[13:55:51] [482/985] GCA_059996225.1  busco_error  C=—  | rate=203.67/s  ETA=0.0h
[13:55:51] [483/985] GCA_059927845.1  busco_error  C=—  | rate=204.01/s  ETA=0.0h
  [13:55:51] GCA_027886735.1  busco: starting basidiomycota_odb10 on cds_from_genomic.fna (23.1 MB)...
  [13:55:51] GCA_027886695.1  busco: starting basidiomycota_odb10 on cds_from_genomic.fna (23.0 MB)...
  [13:55:51] GCA_027886315.1  busco: FAILED rc=255 after 0s
  [13:55:51] GCA_027886325.1  busco: FAILED rc=255 after 0s
[13:55:51] [484/985] GCA_027886315.1  busco_error  C=—  | rate=203.46/s  ETA=0.0h
[13:55:51] [485/985] GCA_027886325.1  busco_error  C=—  | rate=203.79/s  ETA=0.0h
  [13:55:51] GCA_027886635.1  busco: FAILED rc=255 after 0s
  [13:55:51] GCA_027886305.1  busco: FAILED rc=255 after 0s
  [13:55:51] GCA_027886465.1  busco: FAILED rc=255 after 0s
[13:55:51] [486/985] GCA_027886635.1  busco_error  C=—  | rate=203.99/s  ETA=0.0h
[13:55:51] [487/985] GCA_027886305.1  busco_error  C=—  | rate=204.31/s  ETA=0.0h
[13:55:51] [488/985] GCA_027886465.1  busco_error  C=—  | rate=204.64/s  ETA=0.0h
  [13:55:51] GCA_027886755.1  busco: FAILED rc=255 after 0s
  [13:55:51] GCA_027887095.1  busco: FAILED rc=255 after 0s
[13:55:51] [489/985] GCA_027886755.1  busco_error  C=—  | rate=204.94/s  ETA=0.0h
  [13:55:51] GCA_027917475.1  busco: FAILED rc=255 after 0s
[13:55:51] [490/985] GCA_027887095.1  busco_error  C=—  | rate=205.27/s  ETA=0.0h
[13:55:51] [491/985] GCA_027917475.1  busco_error  C=—  | rate=205.59/s  ETA=0.0h
  [13:55:51] GCA_010405425.1  busco: starting ascomycota_odb10 on cds_from_genomic.fna (25.2 MB)...
  [13:55:51] GCA_021432625.1  busco: starting ascomycota_odb10 on cds_from_genomic.fna (32.7 MB)...
  [13:55:51] GCA_027917485.1  busco: FAILED rc=255 after 0s
  [13:55:51] GCA_001563735.1  busco: starting basidiomycota_odb10 on cds_from_genomic.fna (19.5 MB)...
[13:55:51] [492/985] GCA_027917485.1  busco_error  C=—  | rate=205.66/s  ETA=0.0h
  [13:55:51] GCA_027627405.1  busco: starting basidiomycota_odb10 on cds_from_genomic.fna (24.4 MB)...
  [13:55:51] GCA_052360485.1  busco: starting basidiomycota_odb10 on cds_from_genomic.fna (14.3 MB)...
  [13:55:51] GCA_027917355.1  busco: FAILED rc=255 after 0s
  [13:55:51] GCF_010093535.1  busco: starting ascomycota_odb10 on cds_from_genomic.fna (26.2 MB)...
  [13:55:51] GCA_010093535.1  busco: starting ascomycota_odb10 on cds_from_genomic.fna (25.8 MB)...
  [13:55:51] GCA_010094045.1  busco: starting ascomycota_odb10 on cds_from_genomic.fna (21.4 MB)...
[13:55:51] [493/985] GCA_027917355.1  busco_error  C=—  | rate=205.65/s  ETA=0.0h
  [13:55:51] GCA_010405375.1  busco: starting ascomycota_odb10 on cds_from_genomic.fna (25.2 MB)...
  [13:55:51] GCA_027921425.1  busco: FAILED rc=255 after 0s
  [13:55:51] GCA_027917575.1  busco: FAILED rc=255 after 0s
[13:55:51] [494/985] GCA_027921425.1  busco_error  C=—  | rate=205.53/s  ETA=0.0h
[13:55:51] [495/985] GCA_027917575.1  busco_error  C=—  | rate=205.88/s  ETA=0.0h
  [13:55:51] GCA_027886345.1  busco: FAILED rc=255 after 0s
  [13:55:51] GCA_010015825.1  busco: starting ascomycota_odb10 on cds_from_genomic.fna (28.6 MB)...
[13:55:51] [496/985] GCA_027886345.1  busco_error  C=—  | rate=206.05/s  ETA=0.0h
  [13:55:51] GCA_015584085.1  busco: starting basidiomycota_odb10 on cds_from_genomic.fna (22.3 MB)...
  [13:55:51] GCF_010093625.1  busco: starting ascomycota_odb10 on cds_from_genomic.fna (20.3 MB)...
  [13:55:51] GCA_010093625.1  busco: starting ascomycota_odb10 on cds_from_genomic.fna (19.9 MB)...
  [13:55:51] GCA_027886495.1  busco: FAILED rc=255 after 0s
[13:55:51] [497/985] GCA_027886495.1  busco_error  C=—  | rate=204.35/s  ETA=0.0h
  [13:55:51] GCA_027886735.1  busco: FAILED rc=255 after 0s
  [13:55:51] GCA_027886695.1  busco: FAILED rc=255 after 0s
[13:55:51] [498/985] GCA_027886735.1  busco_error  C=—  | rate=203.98/s  ETA=0.0h
  [13:55:51] GCA_000193285.1  busco: starting ascomycota_odb10 on cds_from_genomic.fna (18.4 MB)...
[13:55:51] [499/985] GCA_027886695.1  busco_error  C=—  | rate=204.31/s  ETA=0.0h
  [13:55:51] GCA_040437605.1  busco: starting basidiomycota_odb10 on cds_from_genomic.fna (31.1 MB)...
  [13:55:51] GCA_014904975.1  busco: starting basidiomycota_odb10 on cds_from_genomic.fna (24.6 MB)...
  [13:55:51] GCA_010405425.1  busco: FAILED rc=255 after 0s
  [13:55:51] GCA_021432625.1  busco: FAILED rc=255 after 0s
[13:55:51] [500/985] GCA_010405425.1  busco_error  C=—  | rate=203.71/s  ETA=0.0h
[13:55:51] [501/985] GCA_021432625.1  busco_error  C=—  | rate=204.04/s  ETA=0.0h
  [13:55:51] GCA_001563735.1  busco: FAILED rc=255 after 0s
[13:55:51] [502/985] GCA_001563735.1  busco_error  C=—  | rate=204.25/s  ETA=0.0h
  [13:55:51] GCA_027627405.1  busco: FAILED rc=255 after 0s
  [13:55:51] GCA_052360485.1  busco: FAILED rc=255 after 0s
[13:55:51] [503/985] GCA_027627405.1  busco_error  C=—  | rate=204.53/s  ETA=0.0h
  [13:55:51] GCF_010093535.1  busco: FAILED rc=255 after 0s
[13:55:51] [504/985] GCA_052360485.1  busco_error  C=—  | rate=204.83/s  ETA=0.0h
  [13:55:51] GCA_010093535.1  busco: FAILED rc=255 after 0s
  [13:55:51] GCA_010094045.1  busco: FAILED rc=255 after 0s
[13:55:51] [505/985] GCF_010093535.1  busco_error  C=—  | rate=205.15/s  ETA=0.0h
[13:55:51] [506/985] GCA_010093535.1  busco_error  C=—  | rate=205.47/s  ETA=0.0h
  [13:55:51] GCF_018924745.1  busco: starting basidiomycota_odb10 on cds_from_genomic.fna (24.3 MB)...
[13:55:51] [507/985] GCA_010094045.1  busco_error  C=—  | rate=205.76/s  ETA=0.0h
  [13:55:51] GCA_018924745.1  busco: starting basidiomycota_odb10 on cds_from_genomic.fna (23.9 MB)...
  [13:55:51] GCA_010405375.1  busco: FAILED rc=255 after 0s
[13:55:51] [508/985] GCA_010405375.1  busco_error  C=—  | rate=205.93/s  ETA=0.0h
  [13:55:51] GCA_024721195.1  busco: starting basidiomycota_odb10 on cds_from_genomic.fna (34.3 MB)...
  [13:55:51] GCA_029532415.1  busco: starting basidiomycota_odb10 on cds_from_genomic.fna (33.0 MB)...
  [13:55:51] GCA_055000085.1  busco: starting basidiomycota_odb10 on cds_from_genomic.fna (28.2 MB)...
  [13:55:51] GCA_010015825.1  busco: FAILED rc=255 after 0s
  [13:55:51] GCA_040207205.1  busco: starting basidiomycota_odb10 on cds_from_genomic.fna (26.3 MB)...
[13:55:51] [509/985] GCA_010015825.1  busco_error  C=—  | rate=205.92/s  ETA=0.0h
  [13:55:51] GCA_010093635.1  busco: starting ascomycota_odb10 on cds_from_genomic.fna (20.5 MB)...
  [13:55:51] GCA_010093585.1  busco: starting ascomycota_odb10 on cds_from_genomic.fna (24.8 MB)...
  [13:55:51] GCF_000804445.1  busco: starting ascomycota_odb10 on cds_from_genomic.fna (14.9 MB)...
  [13:55:51] GCA_015584085.1  busco: FAILED rc=255 after 0s
  [13:55:51] GCF_010093625.1  busco: FAILED rc=255 after 0s
[13:55:51] [510/985] GCA_015584085.1  busco_error  C=—  | rate=205.80/s  ETA=0.0h
[13:55:51] [511/985] GCF_010093625.1  busco_error  C=—  | rate=206.13/s  ETA=0.0h
  [13:55:51] GCA_010093625.1  busco: FAILED rc=255 after 0s
  [13:55:51] GCA_000804445.1  busco: starting ascomycota_odb10 on cds_from_genomic.fna (14.6 MB)...
[13:55:51] [512/985] GCA_010093625.1  busco_error  C=—  | rate=206.27/s  ETA=0.0h
  [13:55:51] GCA_000426985.1  busco: starting ascomycota_odb10 on cds_from_genomic.fna (19.0 MB)...
  [13:55:51] GCA_000426965.1  busco: starting ascomycota_odb10 on cds_from_genomic.fna (19.0 MB)...
  [13:55:51] GCF_013426205.1  busco: starting ascomycota_odb10 on cds_from_genomic.fna (20.2 MB)...
  [13:55:51] GCA_000193285.1  busco: FAILED rc=255 after 0s
[13:55:51] [513/985] GCA_000193285.1  busco_error  C=—  | rate=204.58/s  ETA=0.0h
  [13:55:51] GCA_040437605.1  busco: FAILED rc=255 after 0s
[13:55:51] [514/985] GCA_040437605.1  busco_error  C=—  | rate=204.27/s  ETA=0.0h
  [13:55:51] GCA_014904975.1  busco: FAILED rc=255 after 0s
  [13:55:51] GCF_000814965.1  busco: starting ascomycota_odb10 on cds_from_genomic.fna (18.7 MB)...
[13:55:51] [515/985] GCA_014904975.1  busco_error  C=—  | rate=204.55/s  ETA=0.0h
  [13:55:51] GCA_013426205.1  busco: starting ascomycota_odb10 on cds_from_genomic.fna (19.9 MB)...
  [13:55:51] GCA_039795395.1  busco: starting ascomycota_odb10 on cds_from_genomic.fna (19.7 MB)...
  [13:55:51] GCF_018924745.1  busco: FAILED rc=255 after 0s
  [13:55:51] GCA_018924745.1  busco: FAILED rc=255 after 0s
[13:55:51] [516/985] GCF_018924745.1  busco_error  C=—  | rate=203.99/s  ETA=0.0h
[13:55:51] [517/985] GCA_018924745.1  busco_error  C=—  | rate=204.31/s  ETA=0.0h
  [13:55:51] GCA_024721195.1  busco: FAILED rc=255 after 0s
[13:55:51] [518/985] GCA_024721195.1  busco_error  C=—  | rate=204.54/s  ETA=0.0h
  [13:55:51] GCA_029532415.1  busco: FAILED rc=255 after 0s
  [13:55:51] GCA_055000085.1  busco: FAILED rc=255 after 0s
[13:55:51] [519/985] GCA_029532415.1  busco_error  C=—  | rate=204.73/s  ETA=0.0h
[13:55:51] [520/985] GCA_055000085.1  busco_error  C=—  | rate=205.03/s  ETA=0.0h
  [13:55:51] GCA_040207205.1  busco: FAILED rc=255 after 0s
  [13:55:51] GCA_010093635.1  busco: FAILED rc=255 after 0s
  [13:55:51] GCA_010093585.1  busco: FAILED rc=255 after 0s
[13:55:51] [521/985] GCA_040207205.1  busco_error  C=—  | rate=205.31/s  ETA=0.0h
[13:55:51] [522/985] GCA_010093635.1  busco_error  C=—  | rate=205.59/s  ETA=0.0h
  [13:55:51] GCA_000814955.1  busco: starting ascomycota_odb10 on cds_from_genomic.fna (20.1 MB)...
[13:55:51] [523/985] GCA_010093585.1  busco_error  C=—  | rate=205.89/s  ETA=0.0h
  [13:55:51] GCF_000804445.1  busco: FAILED rc=255 after 0s
  [13:55:51] GCA_020102295.1  busco: starting ascomycota_odb10 on cds_from_genomic.fna (18.7 MB)...
[13:55:51] [524/985] GCF_000804445.1  busco_error  C=—  | rate=206.18/s  ETA=0.0h
  [13:55:51] GCA_000814975.1  busco: starting ascomycota_odb10 on cds_from_genomic.fna (18.8 MB)...
  [13:55:51] GCA_000804445.1  busco: FAILED rc=255 after 0s
  [13:55:51] GCF_000814945.1  busco: starting ascomycota_odb10 on cds_from_genomic.fna (19.9 MB)...
  [13:55:51] GCA_000814945.1  busco: starting ascomycota_odb10 on cds_from_genomic.fna (19.5 MB)...
[13:55:51] [525/985] GCA_000804445.1  busco_error  C=—  | rate=206.15/s  ETA=0.0h
  [13:55:51] GCA_042186575.1  busco: starting ascomycota_odb10 on cds_from_genomic.fna (15.8 MB)...
  [13:55:51] GCA_007866325.1  busco: starting ascomycota_odb10 on cds_from_genomic.fna (15.4 MB)...
  [13:55:51] GCA_001636745.1  busco: starting ascomycota_odb10 on cds_from_genomic.fna (15.3 MB)...
  [13:55:51] GCA_001566295.1  busco: starting ascomycota_odb10 on cds_from_genomic.fna (21.0 MB)...
  [13:55:51] GCA_000426985.1  busco: FAILED rc=255 after 0s
  [13:55:51] GCA_000426965.1  busco: FAILED rc=255 after 0s
[13:55:51] [526/985] GCA_000426985.1  busco_error  C=—  | rate=205.99/s  ETA=0.0h
[13:55:51] [527/985] GCA_000426965.1  busco_error  C=—  | rate=206.31/s  ETA=0.0h
  [13:55:51] GCA_001636675.1  busco: starting ascomycota_odb10 on cds_from_genomic.fna (14.7 MB)...
  [13:55:51] GCF_013426205.1  busco: FAILED rc=255 after 0s
[13:55:51] [528/985] GCF_013426205.1  busco_error  C=—  | rate=206.46/s  ETA=0.0h
  [13:55:51] GCA_000747765.1  busco: starting basidiomycota_odb10 on cds_from_genomic.fna (13.8 MB)...
  [13:55:51] GCF_000747765.1  busco: starting basidiomycota_odb10 on cds_from_genomic.fna (14.1 MB)...
  [13:55:51] GCA_000334475.1  busco: starting basidiomycota_odb10 on cds_from_genomic.fna (13.5 MB)...
  [13:55:51] GCF_000814965.1  busco: FAILED rc=255 after 0s
[13:55:51] [529/985] GCF_000814965.1  busco_error  C=—  | rate=204.84/s  ETA=0.0h
  [13:55:51] GCA_013426205.1  busco: FAILED rc=255 after 0s
  [13:55:51] GCA_039795395.1  busco: FAILED rc=255 after 0s
[13:55:51] [530/985] GCA_013426205.1  busco_error  C=—  | rate=204.47/s  ETA=0.0h
  [13:55:51] GCA_000517465.1  busco: starting basidiomycota_odb10 on cds_from_genomic.fna (12.2 MB)...
[13:55:51] [531/985] GCA_039795395.1  busco_error  C=—  | rate=204.77/s  ETA=0.0h
  [13:55:51] GCF_001500285.1  busco: starting ascomycota_odb10 on cds_from_genomic.fna (29.3 MB)...
  [13:55:51] GCA_001500285.1  busco: starting ascomycota_odb10 on cds_from_genomic.fna (28.8 MB)...
  [13:55:51] GCA_000814955.1  busco: FAILED rc=255 after 0s
[13:55:51] [532/985] GCA_000814955.1  busco_error  C=—  | rate=204.22/s  ETA=0.0h
  [13:55:51] GCA_020102295.1  busco: FAILED rc=255 after 0s
[13:55:51] [533/985] GCA_020102295.1  busco_error  C=—  | rate=204.51/s  ETA=0.0h
  [13:55:51] GCA_000814975.1  busco: FAILED rc=255 after 0s
[13:55:51] [534/985] GCA_000814975.1  busco_error  C=—  | rate=204.77/s  ETA=0.0h
  [13:55:51] GCF_000814945.1  busco: FAILED rc=255 after 0s
  [13:55:51] GCA_000814945.1  busco: FAILED rc=255 after 0s
[13:55:51] [535/985] GCF_000814945.1  busco_error  C=—  | rate=204.88/s  ETA=0.0h
[13:55:51] [536/985] GCA_000814945.1  busco_error  C=—  | rate=205.19/s  ETA=0.0h
  [13:55:51] GCA_042186575.1  busco: FAILED rc=255 after 0s
  [13:55:51] GCA_007866325.1  busco: FAILED rc=255 after 0s
  [13:55:51] GCA_001636745.1  busco: FAILED rc=255 after 0s
  [13:55:51] GCA_025999795.1  busco: starting ascomycota_odb10 on cds_from_genomic.fna (16.4 MB)...
[13:55:51] [537/985] GCA_042186575.1  busco_error  C=—  | rate=205.42/s  ETA=0.0h
  [13:55:51] GCA_001566295.1  busco: FAILED rc=255 after 0s
[13:55:51] [538/985] GCA_007866325.1  busco_error  C=—  | rate=205.69/s  ETA=0.0h
  [13:55:51] GCA_006542485.1  busco: starting ascomycota_odb10 on cds_from_genomic.fna (14.2 MB)...
[13:55:51] [539/985] GCA_001636745.1  busco_error  C=—  | rate=205.97/s  ETA=0.0h
  [13:55:51] GCA_058219135.1  busco: starting ascomycota_odb10 on cds_from_genomic.fna (13.8 MB)...
[13:55:51] [540/985] GCA_001566295.1  busco_error  C=—  | rate=206.25/s  ETA=0.0h
  [13:55:51] GCA_001636675.1  busco: FAILED rc=255 after 0s
  [13:55:51] GCA_004154925.1  busco: starting ascomycota_odb10 on cds_from_genomic.fna (17.7 MB)...
[13:55:51] [541/985] GCA_001636675.1  busco_error  C=—  | rate=206.34/s  ETA=0.0h
  [13:55:51] GCA_004155895.1  busco: starting ascomycota_odb10 on cds_from_genomic.fna (19.1 MB)...
  [13:55:51] GCA_004154915.1  busco: starting ascomycota_odb10 on cds_from_genomic.fna (18.5 MB)...
  [13:55:51] GCA_004155055.1  busco: starting ascomycota_odb10 on cds_from_genomic.fna (19.6 MB)...
  [13:55:51] GCA_004155035.1  busco: starting ascomycota_odb10 on cds_from_genomic.fna (21.0 MB)...
  [13:55:51] GCA_004155915.1  busco: starting ascomycota_odb10 on cds_from_genomic.fna (19.7 MB)...
  [13:55:51] GCA_000747765.1  busco: FAILED rc=255 after 0s
  [13:55:51] GCF_000747765.1  busco: FAILED rc=255 after 0s
[13:55:51] [542/985] GCA_000747765.1  busco_error  C=—  | rate=206.13/s  ETA=0.0h
[13:55:51] [543/985] GCF_000747765.1  busco_error  C=—  | rate=206.44/s  ETA=0.0h
  [13:55:51] GCA_000334475.1  busco: FAILED rc=255 after 0s
  [13:55:51] GCA_004155935.1  busco: starting ascomycota_odb10 on cds_from_genomic.fna (20.0 MB)...
[13:55:51] [544/985] GCA_000334475.1  busco_error  C=—  | rate=206.68/s  ETA=0.0h
  [13:55:51] GCA_004154975.1  busco: starting ascomycota_odb10 on cds_from_genomic.fna (17.7 MB)...
  [13:55:51] GCA_004155925.1  busco: starting ascomycota_odb10 on cds_from_genomic.fna (19.7 MB)...
  [13:55:51] GCA_004155945.1  busco: starting ascomycota_odb10 on cds_from_genomic.fna (20.1 MB)...
  [13:55:51] GCA_000517465.1  busco: FAILED rc=255 after 0s
[13:55:51] [545/985] GCA_000517465.1  busco_error  C=—  | rate=205.03/s  ETA=0.0h
  [13:55:51] GCF_001500285.1  busco: FAILED rc=255 after 0s
  [13:55:51] GCA_001500285.1  busco: FAILED rc=255 after 0s
[13:55:51] [546/985] GCF_001500285.1  busco_error  C=—  | rate=204.71/s  ETA=0.0h
  [13:55:51] GCA_022578505.1  busco: starting ascomycota_odb10 on cds_from_genomic.fna (24.7 MB)...
[13:55:51] [547/985] GCA_001500285.1  busco_error  C=—  | rate=205.00/s  ETA=0.0h
  [13:55:51] GCA_022578665.1  busco: starting ascomycota_odb10 on cds_from_genomic.fna (21.8 MB)...
  [13:55:51] GCA_022578855.1  busco: starting ascomycota_odb10 on cds_from_genomic.fna (20.8 MB)...
  [13:55:51] GCA_025999795.1  busco: FAILED rc=255 after 0s
[13:55:51] [548/985] GCA_025999795.1  busco_error  C=—  | rate=204.51/s  ETA=0.0h
  [13:55:51] GCA_006542485.1  busco: FAILED rc=255 after 0s
[13:55:51] [549/985] GCA_006542485.1  busco_error  C=—  | rate=204.72/s  ETA=0.0h
  [13:55:51] GCA_058219135.1  busco: FAILED rc=255 after 0s
[13:55:51] [550/985] GCA_058219135.1  busco_error  C=—  | rate=205.00/s  ETA=0.0h
  [13:55:51] GCA_004154925.1  busco: FAILED rc=255 after 0s
[13:55:51] [551/985] GCA_004154925.1  busco_error  C=—  | rate=205.09/s  ETA=0.0h
  [13:55:51] GCA_004155895.1  busco: FAILED rc=255 after 0s
[13:55:51] [552/985] GCA_004155895.1  busco_error  C=—  | rate=205.37/s  ETA=0.0h
  [13:55:51] GCA_004154915.1  busco: FAILED rc=255 after 0s
  [13:55:51] GCA_004155055.1  busco: FAILED rc=255 after 0s
  [13:55:51] GCA_004155035.1  busco: FAILED rc=255 after 0s
[13:55:51] [553/985] GCA_004154915.1  busco_error  C=—  | rate=205.58/s  ETA=0.0h
  [13:55:51] GCA_022578675.1  busco: starting ascomycota_odb10 on cds_from_genomic.fna (18.9 MB)...
  [13:55:51] GCA_004155915.1  busco: FAILED rc=255 after 0s
[13:55:51] [554/985] GCA_004155055.1  busco_error  C=—  | rate=205.85/s  ETA=0.0h
  [13:55:51] GCA_022578685.1  busco: starting ascomycota_odb10 on cds_from_genomic.fna (21.0 MB)...
  [13:55:51] GCA_022578715.1  busco: starting ascomycota_odb10 on cds_from_genomic.fna (21.2 MB)...
[13:55:51] [555/985] GCA_004155035.1  busco_error  C=—  | rate=206.10/s  ETA=0.0h
[13:55:51] [556/985] GCA_004155915.1  busco_error  C=—  | rate=206.38/s  ETA=0.0h
  [13:55:51] GCA_004155935.1  busco: FAILED rc=255 after 0s
  [13:55:51] GCA_022578495.1  busco: starting ascomycota_odb10 on cds_from_genomic.fna (20.3 MB)...
[13:55:51] [557/985] GCA_004155935.1  busco_error  C=—  | rate=206.49/s  ETA=0.0h
  [13:55:51] GCF_000385595.1  busco: starting ascomycota_odb10 on cds_from_genomic.fna (16.0 MB)...
  [13:55:51] GCA_056114585.1  busco: starting ascomycota_odb10 on cds_from_genomic.fna (22.7 MB)...
  [13:55:51] GCA_030270365.1  busco: starting ascomycota_odb10 on cds_from_genomic.fna (20.9 MB)...
  [13:55:51] GCA_030270345.1  busco: starting ascomycota_odb10 on cds_from_genomic.fna (20.8 MB)...
  [13:55:51] GCA_021436925.2  busco: starting ascomycota_odb10 on cds_from_genomic.fna (21.5 MB)...
  [13:55:51] GCA_004154975.1  busco: FAILED rc=255 after 0s
  [13:55:51] GCA_004155925.1  busco: FAILED rc=255 after 0s
[13:55:51] [558/985] GCA_004154975.1  busco_error  C=—  | rate=206.32/s  ETA=0.0h
  [13:55:51] GCA_004155945.1  busco: FAILED rc=255 after 0s
[13:55:51] [559/985] GCA_004155925.1  busco_error  C=—  | rate=206.61/s  ETA=0.0h
[13:55:51] [560/985] GCA_004155945.1  busco_error  C=—  | rate=206.91/s  ETA=0.0h
  [13:55:51] GCF_010093505.1  busco: starting ascomycota_odb10 on cds_from_genomic.fna (16.3 MB)...
  [13:55:51] GCA_010093505.1  busco: starting ascomycota_odb10 on cds_from_genomic.fna (16.1 MB)...
  [13:55:51] GCA_037954305.1  busco: starting ascomycota_odb10 on cds_from_genomic.fna (21.2 MB)...
  [13:55:51] GCA_037954315.1  busco: starting ascomycota_odb10 on cds_from_genomic.fna (23.0 MB)...
  [13:55:51] GCA_022578505.1  busco: FAILED rc=255 after 0s
[13:55:51] [561/985] GCA_022578505.1  busco_error  C=—  | rate=205.29/s  ETA=0.0h
  [13:55:51] GCA_022578665.1  busco: FAILED rc=255 after 0s
  [13:55:51] GCA_022578855.1  busco: FAILED rc=255 after 0s
  [13:55:51] GCA_001636815.1  busco: starting ascomycota_odb10 on cds_from_genomic.fna (17.6 MB)...
[13:55:51] [562/985] GCA_022578665.1  busco_error  C=—  | rate=204.93/s  ETA=0.0h
[13:55:51] [563/985] GCA_022578855.1  busco_error  C=—  | rate=205.22/s  ETA=0.0h
  [13:55:51] GCA_042604555.1  busco: starting ascomycota_odb10 on cds_from_genomic.fna (26.9 MB)...
  [13:55:51] GCA_021642125.2  busco: starting ascomycota_odb10 on cds_from_genomic.fna (17.1 MB)...
  [13:55:51] GCA_022578675.1  busco: FAILED rc=255 after 0s
[13:55:51] [564/985] GCA_022578675.1  busco_error  C=—  | rate=204.62/s  ETA=0.0h
  [13:55:51] GCA_022578685.1  busco: FAILED rc=255 after 0s
  [13:55:51] GCA_022578715.1  busco: FAILED rc=255 after 0s
[13:55:51] [565/985] GCA_022578685.1  busco_error  C=—  | rate=204.87/s  ETA=0.0h
[13:55:51] [566/985] GCA_022578715.1  busco_error  C=—  | rate=205.15/s  ETA=0.0h
  [13:55:51] GCA_022578495.1  busco: FAILED rc=255 after 0s
[13:55:51] [567/985] GCA_022578495.1  busco_error  C=—  | rate=205.31/s  ETA=0.0h
  [13:55:51] GCF_000385595.1  busco: FAILED rc=255 after 0s
[13:55:51] [568/985] GCF_000385595.1  busco_error  C=—  | rate=205.49/s  ETA=0.0h
  [13:55:51] GCA_056114585.1  busco: FAILED rc=255 after 0s
  [13:55:51] GCA_030270365.1  busco: FAILED rc=255 after 0s
  [13:55:51] GCA_030270345.1  busco: FAILED rc=255 after 0s
  [13:55:51] GCA_010093685.1  busco: starting ascomycota_odb10 on cds_from_genomic.fna (24.7 MB)...
  [13:55:51] GCA_021436925.2  busco: FAILED rc=255 after 0s
[13:55:51] [569/985] GCA_030270365.1  busco_error  C=—  | rate=205.64/s  ETA=0.0h
  [13:55:51] GCA_002591415.1  busco: starting ascomycota_odb10 on cds_from_genomic.fna (13.7 MB)...
[13:55:51] [570/985] GCA_056114585.1  busco_error  C=—  | rate=205.90/s  ETA=0.0h
  [13:55:51] GCA_002591405.1  busco: starting ascomycota_odb10 on cds_from_genomic.fna (13.1 MB)...
[13:55:51] [571/985] GCA_030270345.1  busco_error  C=—  | rate=206.15/s  ETA=0.0h
[13:55:51] [572/985] GCA_021436925.2  busco_error  C=—  | rate=206.41/s  ETA=0.0h
  [13:55:51] GCA_003339455.1  busco: starting ascomycota_odb10 on cds_from_genomic.fna (13.2 MB)...
  [13:55:51] GCF_010093505.1  busco: FAILED rc=255 after 0s
[13:55:51] [573/985] GCF_010093505.1  busco_error  C=—  | rate=206.64/s  ETA=0.0h
  [13:55:51] GCA_002591395.1  busco: starting ascomycota_odb10 on cds_from_genomic.fna (12.8 MB)...
  [13:55:51] GCA_000448365.1  busco: starting ascomycota_odb10 on cds_from_genomic.fna (10.7 MB)...
  [13:55:51] GCA_001272575.2  busco: starting ascomycota_odb10 on cds_from_genomic.fna (14.0 MB)...
  [13:55:51] GCA_001633055.2  busco: starting ascomycota_odb10 on cds_from_genomic.fna (15.5 MB)...
  [13:55:51] GCA_003339415.1  busco: starting ascomycota_odb10 on cds_from_genomic.fna (12.9 MB)...
  [13:55:51] GCA_010093505.1  busco: FAILED rc=255 after 0s
  [13:55:51] GCA_037954305.1  busco: FAILED rc=255 after 0s
  [13:55:51] GCA_037954315.1  busco: FAILED rc=255 after 0s
[13:55:51] [574/985] GCA_010093505.1  busco_error  C=—  | rate=206.40/s  ETA=0.0h
  [13:55:51] GCA_000410735.1  busco: starting ascomycota_odb10 on cds_from_genomic.fna (16.7 MB)...
[13:55:51] [575/985] GCA_037954305.1  busco_error  C=—  | rate=206.66/s  ETA=0.0h
[13:55:51] [576/985] GCA_037954315.1  busco_error  C=—  | rate=206.95/s  ETA=0.0h
  [13:55:51] GCA_042258045.1  busco: starting ascomycota_odb10 on cds_from_genomic.fna (16.8 MB)...
  [13:55:51] GCA_042257975.1  busco: starting ascomycota_odb10 on cds_from_genomic.fna (16.8 MB)...
  [13:55:51] GCA_030060675.1  busco: starting ascomycota_odb10 on cds_from_genomic.fna (15.8 MB)...
  [13:55:51] GCA_001636815.1  busco: FAILED rc=255 after 0s
[13:55:51] [577/985] GCA_001636815.1  busco_error  C=—  | rate=205.44/s  ETA=0.0h
  [13:55:51] GCA_042604555.1  busco: FAILED rc=255 after 0s
  [13:55:51] GCA_021642125.2  busco: FAILED rc=255 after 0s
  [13:55:51] GCA_030060715.1  busco: starting ascomycota_odb10 on cds_from_genomic.fna (15.7 MB)...
[13:55:51] [578/985] GCA_042604555.1  busco_error  C=—  | rate=205.11/s  ETA=0.0h
[13:55:51] [579/985] GCA_021642125.2  busco_error  C=—  | rate=205.39/s  ETA=0.0h
  [13:55:51] GCA_030061355.1  busco: starting ascomycota_odb10 on cds_from_genomic.fna (15.8 MB)...
  [13:55:51] GCA_030061565.1  busco: starting ascomycota_odb10 on cds_from_genomic.fna (15.3 MB)...
  [13:55:51] GCA_010093685.1  busco: FAILED rc=255 after 0s
[13:55:51] [580/985] GCA_010093685.1  busco_error  C=—  | rate=204.86/s  ETA=0.0h
  [13:55:51] GCA_002591415.1  busco: FAILED rc=255 after 0s
  [13:55:51] GCA_002591405.1  busco: FAILED rc=255 after 0s
[13:55:51] [581/985] GCA_002591415.1  busco_error  C=—  | rate=205.02/s  ETA=0.0h
[13:55:51] [582/985] GCA_002591405.1  busco_error  C=—  | rate=205.30/s  ETA=0.0h
  [13:55:51] GCA_003339455.1  busco: FAILED rc=255 after 0s
[13:55:51] [583/985] GCA_003339455.1  busco_error  C=—  | rate=205.49/s  ETA=0.0h
  [13:55:51] GCA_002591395.1  busco: FAILED rc=255 after 0s
[13:55:51] [584/985] GCA_002591395.1  busco_error  C=—  | rate=205.62/s  ETA=0.0h
  [13:55:51] GCA_002938355.1  busco: starting basidiomycota_odb10 on cds_from_genomic.fna (23.8 MB)...
  [13:55:51] GCA_000448365.1  busco: FAILED rc=255 after 0s
  [13:55:51] GCA_001272575.2  busco: FAILED rc=255 after 0s
  [13:55:51] GCA_001633055.2  busco: FAILED rc=255 after 0s
  [13:55:51] GCA_003339415.1  busco: FAILED rc=255 after 0s
[13:55:51] [585/985] GCA_000448365.1  busco_error  C=—  | rate=205.74/s  ETA=0.0h
  [13:55:51] GCA_048937215.1  busco: starting ascomycota_odb10 on cds_from_genomic.fna (22.1 MB)...
  [13:55:51] GCA_022225985.2  busco: starting ascomycota_odb10 on cds_from_genomic.fna (20.3 MB)...
[13:55:51] [586/985] GCA_001272575.2  busco_error  C=—  | rate=205.99/s  ETA=0.0h
[13:55:51] [587/985] GCA_001633055.2  busco_error  C=—  | rate=206.26/s  ETA=0.0h
  [13:55:51] GCA_000410735.1  busco: FAILED rc=255 after 0s
  [13:55:51] GCA_048937275.1  busco: starting ascomycota_odb10 on cds_from_genomic.fna (22.2 MB)...
[13:55:51] [588/985] GCA_003339415.1  busco_error  C=—  | rate=206.51/s  ETA=0.0h
[13:55:51] [589/985] GCA_000410735.1  busco_error  C=—  | rate=206.77/s  ETA=0.0h
  [13:55:51] GCA_048937285.1  busco: starting ascomycota_odb10 on cds_from_genomic.fna (21.5 MB)...
  [13:55:51] GCA_048937315.1  busco: starting ascomycota_odb10 on cds_from_genomic.fna (21.9 MB)...
  [13:55:51] GCA_037672785.1  busco: starting ascomycota_odb10 on cds_from_genomic.fna (26.0 MB)...
  [13:55:51] GCF_001642045.1  busco: starting ascomycota_odb10 on cds_from_genomic.fna (23.5 MB)...
  [13:55:51] GCA_042258045.1  busco: FAILED rc=255 after 0s
  [13:55:51] GCA_042257975.1  busco: FAILED rc=255 after 0s
  [13:55:51] GCA_001642045.1  busco: starting ascomycota_odb10 on cds_from_genomic.fna (23.0 MB)...
  [13:55:51] GCA_030060675.1  busco: FAILED rc=255 after 0s
  [13:55:51] GCF_001890105.1  busco: starting ascomycota_odb10 on cds_from_genomic.fna (17.3 MB)...
[13:55:51] [590/985] GCA_042258045.1  busco_error  C=—  | rate=206.51/s  ETA=0.0h
[13:55:51] [591/985] GCA_042257975.1  busco_error  C=—  | rate=206.78/s  ETA=0.0h
[13:55:51] [592/985] GCA_030060675.1  busco_error  C=—  | rate=207.06/s  ETA=0.0h
  [13:55:51] GCA_001890105.1  busco: starting ascomycota_odb10 on cds_from_genomic.fna (17.0 MB)...
  [13:55:51] GCA_002072345.1  busco: starting ascomycota_odb10 on cds_from_genomic.fna (19.4 MB)...
  [13:55:51] GCF_001773325.1  busco: starting ascomycota_odb10 on cds_from_genomic.fna (20.7 MB)...
  [13:55:51] GCA_030060715.1  busco: FAILED rc=255 after 0s
[13:55:51] [593/985] GCA_030060715.1  busco_error  C=—  | rate=205.65/s  ETA=0.0h
  [13:55:51] GCA_030061565.1  busco: FAILED rc=255 after 0s
  [13:55:51] GCA_030061355.1  busco: FAILED rc=255 after 0s
[13:55:51] [594/985] GCA_030061565.1  busco_error  C=—  | rate=205.34/s  ETA=0.0h
  [13:55:51] GCA_001773325.1  busco: starting ascomycota_odb10 on cds_from_genomic.fna (20.2 MB)...
[13:55:51] [595/985] GCA_030061355.1  busco_error  C=—  | rate=205.60/s  ETA=0.0h
  [13:55:51] GCA_002938355.1  busco: FAILED rc=255 after 0s
  [13:55:51] GCA_056365515.1  busco: starting ascomycota_odb10 on cds_from_genomic.fna (22.0 MB)...
[13:55:51] [596/985] GCA_002938355.1  busco_error  C=—  | rate=205.06/s  ETA=0.0h
  [13:55:51] GCA_902713515.1  busco: starting ascomycota_odb10 on cds_from_genomic.fna (18.9 MB)...
  [13:55:51] GCA_048937215.1  busco: FAILED rc=255 after 0s
  [13:55:51] GCA_022225985.2  busco: FAILED rc=255 after 0s
[13:55:51] [597/985] GCA_048937215.1  busco_error  C=—  | rate=205.16/s  ETA=0.0h
[13:55:51] [598/985] GCA_022225985.2  busco_error  C=—  | rate=205.44/s  ETA=0.0h
  [13:55:51] GCA_048937275.1  busco: FAILED rc=255 after 0s
[13:55:51] [599/985] GCA_048937275.1  busco_error  C=—  | rate=205.66/s  ETA=0.0h
  [13:55:51] GCA_048937285.1  busco: FAILED rc=255 after 0s
[13:55:51] [600/985] GCA_048937285.1  busco_error  C=—  | rate=205.82/s  ETA=0.0h
  [13:55:51] GCA_048937315.1  busco: FAILED rc=255 after 0s
  [13:55:51] GCA_002016555.1  busco: starting ascomycota_odb10 on cds_from_genomic.fna (18.6 MB)...
[13:55:51] [601/985] GCA_048937315.1  busco_error  C=—  | rate=205.93/s  ETA=0.0h
  [13:55:51] GCA_037672785.1  busco: FAILED rc=255 after 0s
  [13:55:51] GCF_001642045.1  busco: FAILED rc=255 after 0s
  [13:55:51] GCA_001048715.1  busco: starting ascomycota_odb10 on cds_from_genomic.fna (20.4 MB)...
  [13:55:51] GCA_001642045.1  busco: FAILED rc=255 after 0s
[13:55:51] [602/985] GCA_037672785.1  busco_error  C=—  | rate=206.09/s  ETA=0.0h
  [13:55:51] GCF_001890105.1  busco: FAILED rc=255 after 0s
[13:55:51] [603/985] GCF_001642045.1  busco_error  C=—  | rate=206.33/s  ETA=0.0h
  [13:55:51] GCA_040144005.1  busco: starting ascomycota_odb10 on cds_from_genomic.fna (19.4 MB)...
[13:55:51] [604/985] GCA_001642045.1  busco_error  C=—  | rate=206.59/s  ETA=0.0h
  [13:55:51] GCA_056164985.1  busco: starting ascomycota_odb10 on cds_from_genomic.fna (20.0 MB)...
  [13:55:51] GCA_000513335.1  busco: starting ascomycota_odb10 on cds_from_genomic.fna (21.9 MB)...
[13:55:51] [605/985] GCF_001890105.1  busco_error  C=—  | rate=206.82/s  ETA=0.0h
  [13:55:51] GCA_001890105.1  busco: FAILED rc=255 after 0s
  [13:55:51] GCA_056320565.1  busco: starting ascomycota_odb10 on cds_from_genomic.fna (19.6 MB)...
  [13:55:51] GCA_002072345.1  busco: FAILED rc=255 after 0s
[13:55:51] [606/985] GCA_001890105.1  busco_error  C=—  | rate=206.71/s  ETA=0.0h
  [13:55:51] GCA_002072405.1  busco: starting ascomycota_odb10 on cds_from_genomic.fna (16.3 MB)...
  [13:55:51] GCF_001773325.1  busco: FAILED rc=255 after 0s
  [13:55:51] GCA_056320115.1  busco: starting ascomycota_odb10 on cds_from_genomic.fna (18.7 MB)...
  [13:55:51] GCA_902712905.1  busco: starting ascomycota_odb10 on cds_from_genomic.fna (19.0 MB)...
  [13:55:51] GCA_000710275.1  busco: starting ascomycota_odb10 on cds_from_genomic.fna (18.6 MB)...
[13:55:51] [607/985] GCA_002072345.1  busco_error  C=—  | rate=206.92/s  ETA=0.0h
[13:55:51] [608/985] GCF_001773325.1  busco_error  C=—  | rate=207.17/s  ETA=0.0h
  [13:55:51] GCA_043643955.1  busco: starting ascomycota_odb10 on cds_from_genomic.fna (20.0 MB)...
  [13:55:51] GCA_014621375.1  busco: starting ascomycota_odb10 on cds_from_genomic.fna (17.6 MB)...
  [13:55:51] GCA_002072245.1  busco: starting ascomycota_odb10 on cds_from_genomic.fna (12.8 MB)...
  [13:55:51] GCA_001773325.1  busco: FAILED rc=255 after 0s
[13:55:51] [609/985] GCA_001773325.1  busco_error  C=—  | rate=205.81/s  ETA=0.0h
  [13:55:51] GCA_902713485.1  busco: starting ascomycota_odb10 on cds_from_genomic.fna (20.5 MB)...
  [13:55:51] GCA_056365515.1  busco: FAILED rc=255 after 0s
[13:55:51] [610/985] GCA_056365515.1  busco_error  C=—  | rate=205.27/s  ETA=0.0h
  [13:55:51] GCA_902713515.1  busco: FAILED rc=255 after 0s
[13:55:51] [611/985] GCA_902713515.1  busco_error  C=—  | rate=205.46/s  ETA=0.0h
  [13:55:51] GCA_911456345.1  busco: starting ascomycota_odb10 on cds_from_genomic.fna (17.9 MB)...
  [13:55:51] GCA_002016555.1  busco: FAILED rc=255 after 0s
  [13:55:51] GCA_002072365.1  busco: starting ascomycota_odb10 on cds_from_genomic.fna (18.3 MB)...
[13:55:51] [612/985] GCA_002016555.1  busco_error  C=—  | rate=205.14/s  ETA=0.0h
  [13:55:51] GCA_001048715.1  busco: FAILED rc=255 after 0s
[13:55:51] [613/985] GCA_001048715.1  busco_error  C=—  | rate=205.33/s  ETA=0.0h
  [13:55:51] GCA_040144005.1  busco: FAILED rc=255 after 0s
[13:55:51] [614/985] GCA_040144005.1  busco_error  C=—  | rate=205.47/s  ETA=0.0h
  [13:55:51] GCA_056164985.1  busco: FAILED rc=255 after 0s
  [13:55:51] GCA_000513335.1  busco: FAILED rc=255 after 0s
[13:55:51] [615/985] GCA_056164985.1  busco_error  C=—  | rate=205.67/s  ETA=0.0h
[13:55:51] [616/985] GCA_000513335.1  busco_error  C=—  | rate=205.93/s  ETA=0.0h
  [13:55:51] GCA_001513925.1  busco: starting ascomycota_odb10 on cds_from_genomic.fna (18.3 MB)...
  [13:55:51] GCA_056320565.1  busco: FAILED rc=255 after 0s
  [13:55:51] GCA_002072405.1  busco: FAILED rc=255 after 0s
  [13:55:51] GCA_056320115.1  busco: FAILED rc=255 after 0s
  [13:55:51] GCA_902712905.1  busco: FAILED rc=255 after 0s
  [13:55:51] GCA_000710275.1  busco: FAILED rc=255 after 0s
  [13:55:51] GCA_902713545.1  busco: starting ascomycota_odb10 on cds_from_genomic.fna (20.8 MB)...
  [13:55:51] GCA_002072425.1  busco: starting ascomycota_odb10 on cds_from_genomic.fna (19.0 MB)...
  [13:55:51] GCA_911174845.1  busco: starting ascomycota_odb10 on cds_from_genomic.fna (17.5 MB)...
  [13:55:51] GCA_911174865.1  busco: starting ascomycota_odb10 on cds_from_genomic.fna (17.4 MB)...
[13:55:51] [617/985] GCA_056320565.1  busco_error  C=—  | rate=205.48/s  ETA=0.0h
[13:55:51] [618/985] GCA_002072405.1  busco_error  C=—  | rate=205.74/s  ETA=0.0h
[13:55:51] [619/985] GCA_056320115.1  busco_error  C=—  | rate=206.00/s  ETA=0.0h
[13:55:51] [620/985] GCA_902712905.1  busco_error  C=—  | rate=206.26/s  ETA=0.0h
[13:55:51] [621/985] GCA_000710275.1  busco_error  C=—  | rate=206.53/s  ETA=0.0h
  [13:55:51] GCA_043643955.1  busco: FAILED rc=255 after 0s
  [13:55:51] GCA_014621375.1  busco: FAILED rc=255 after 0s
[13:55:51] [622/985] GCA_043643955.1  busco_error  C=—  | rate=206.78/s  ETA=0.0h
  [13:55:51] GCA_002072245.1  busco: FAILED rc=255 after 0s
[13:55:51] [623/985] GCA_014621375.1  busco_error  C=—  | rate=207.03/s  ETA=0.0h
[13:55:51] [624/985] GCA_002072245.1  busco_error  C=—  | rate=207.27/s  ETA=0.0h
  [13:55:51] GCA_001278595.1  busco: starting ascomycota_odb10 on cds_from_genomic.fna (18.7 MB)...
  [13:55:51] GCA_911174875.1  busco: starting ascomycota_odb10 on cds_from_genomic.fna (16.9 MB)...
  [13:55:51] GCA_911150065.1  busco: starting ascomycota_odb10 on cds_from_genomic.fna (16.8 MB)...
  [13:55:51] GCA_047150385.1  busco: starting ascomycota_odb10 on cds_from_genomic.fna (17.6 MB)...
  [13:55:51] GCA_911174995.1  busco: starting ascomycota_odb10 on cds_from_genomic.fna (16.8 MB)...
  [13:55:51] GCA_911174945.1  busco: starting ascomycota_odb10 on cds_from_genomic.fna (16.8 MB)...
  [13:55:51] GCA_911150075.1  busco: starting ascomycota_odb10 on cds_from_genomic.fna (17.0 MB)...
  [13:55:51] GCF_001723175.1  busco: starting ascomycota_odb10 on cds_from_genomic.fna (16.4 MB)...
  [13:55:51] GCA_902713485.1  busco: FAILED rc=255 after 0s
[13:55:51] [625/985] GCA_902713485.1  busco_error  C=—  | rate=205.97/s  ETA=0.0h
  [13:55:51] GCA_000346795.1  busco: starting ascomycota_odb10 on cds_from_genomic.fna (15.8 MB)...
  [13:55:51] GCA_911456345.1  busco: FAILED rc=255 after 0s
[13:55:51] [626/985] GCA_911456345.1  busco_error  C=—  | rate=205.47/s  ETA=0.0h
  [13:55:51] GCA_002072365.1  busco: FAILED rc=255 after 0s
[13:55:51] [627/985] GCA_002072365.1  busco_error  C=—  | rate=205.68/s  ETA=0.0h
  [13:55:51] GCA_001723175.3  busco: starting ascomycota_odb10 on cds_from_genomic.fna (15.8 MB)...
  [13:55:51] GCA_001513925.1  busco: FAILED rc=255 after 0s
[13:55:51] [628/985] GCA_001513925.1  busco_error  C=—  | rate=205.35/s  ETA=0.0h
  [13:55:51] GCA_902713495.1  busco: starting ascomycota_odb10 on cds_from_genomic.fna (19.8 MB)...
  [13:55:51] GCA_902713545.1  busco: FAILED rc=255 after 0s
  [13:55:51] GCA_902713525.1  busco: starting ascomycota_odb10 on cds_from_genomic.fna (20.6 MB)...
  [13:55:51] GCA_002072425.1  busco: FAILED rc=255 after 0s
  [13:55:51] GCA_911174845.1  busco: FAILED rc=255 after 0s
[13:55:51] [629/985] GCA_902713545.1  busco_error  C=—  | rate=205.08/s  ETA=0.0h
  [13:55:51] GCA_911174865.1  busco: FAILED rc=255 after 0s
[13:55:51] [630/985] GCA_002072425.1  busco_error  C=—  | rate=205.33/s  ETA=0.0h
[13:55:51] [631/985] GCA_911174845.1  busco_error  C=—  | rate=205.59/s  ETA=0.0h
[13:55:51] [632/985] GCA_911174865.1  busco_error  C=—  | rate=205.84/s  ETA=0.0h
  [13:55:51] GCA_001278595.1  busco: FAILED rc=255 after 0s
  [13:55:51] GCA_911174875.1  busco: FAILED rc=255 after 0s
  [13:55:51] GCA_911150065.1  busco: FAILED rc=255 after 0s
  [13:55:51] GCA_002072265.1  busco: starting ascomycota_odb10 on cds_from_genomic.fna (19.0 MB)...
[13:55:51] [633/985] GCA_001278595.1  busco_error  C=—  | rate=205.63/s  ETA=0.0h
  [13:55:51] GCA_047150385.1  busco: FAILED rc=255 after 0s
  [13:55:51] GCA_911174995.1  busco: FAILED rc=255 after 0s
  [13:55:51] GCF_964197705.1  busco: starting ascomycota_odb10 on cds_from_genomic.fna (16.5 MB)...
  [13:55:51] GCA_011392555.1  busco: starting ascomycota_odb10 on cds_from_genomic.fna (18.4 MB)...
  [13:55:51] GCA_964197705.1  busco: starting ascomycota_odb10 on cds_from_genomic.fna (15.8 MB)...
[13:55:51] [634/985] GCA_911174875.1  busco_error  C=—  | rate=205.85/s  ETA=0.0h
[13:55:51] [635/985] GCA_911150065.1  busco_error  C=—  | rate=206.10/s  ETA=0.0h
[13:55:51] [636/985] GCA_047150385.1  busco_error  C=—  | rate=206.34/s  ETA=0.0h
[13:55:51] [637/985] GCA_911174995.1  busco_error  C=—  | rate=206.61/s  ETA=0.0h
  [13:55:51] GCA_911174945.1  busco: FAILED rc=255 after 0s
  [13:55:51] GCA_911150075.1  busco: FAILED rc=255 after 0s
  [13:55:51] GCF_001723175.1  busco: FAILED rc=255 after 0s
[13:55:51] [638/985] GCA_911174945.1  busco_error  C=—  | rate=206.84/s  ETA=0.0h
[13:55:51] [639/985] GCA_911150075.1  busco_error  C=—  | rate=207.09/s  ETA=0.0h
[13:55:51] [640/985] GCF_001723175.1  busco_error  C=—  | rate=207.35/s  ETA=0.0h
  [13:55:51] GCA_023141165.1  busco: starting ascomycota_odb10 on cds_from_genomic.fna (17.3 MB)...
  [13:55:51] GCA_023137995.1  busco: starting ascomycota_odb10 on cds_from_genomic.fna (16.9 MB)...
  [13:55:51] GCA_023141195.1  busco: starting ascomycota_odb10 on cds_from_genomic.fna (17.2 MB)...
  [13:55:51] GCF_015533775.1  busco: starting ascomycota_odb10 on cds_from_genomic.fna (16.9 MB)...
  [13:55:51] GCF_000226395.1  busco: starting ascomycota_odb10 on cds_from_genomic.fna (20.5 MB)...
  [13:55:51] GCA_028751425.1  busco: starting ascomycota_odb10 on cds_from_genomic.fna (18.5 MB)...
  [13:55:51] GCA_011058885.1  busco: starting ascomycota_odb10 on cds_from_genomic.fna (19.1 MB)...
  [13:55:51] GCA_000226395.1  busco: starting ascomycota_odb10 on cds_from_genomic.fna (22.1 MB)...
  [13:55:51] GCA_000346795.1  busco: FAILED rc=255 after 0s
[13:55:51] [641/985] GCA_000346795.1  busco_error  C=—  | rate=206.13/s  ETA=0.0h
  [13:55:51] GCA_911197225.1  busco: starting ascomycota_odb10 on cds_from_genomic.fna (17.9 MB)...
  [13:55:51] GCA_001723175.3  busco: FAILED rc=255 after 0s
[13:55:51] [642/985] GCA_001723175.3  busco_error  C=—  | rate=205.61/s  ETA=0.0h
  [13:55:51] GCA_902713495.1  busco: FAILED rc=255 after 0s
[13:55:51] [643/985] GCA_902713495.1  busco_error  C=—  | rate=205.77/s  ETA=0.0h
  [13:55:51] GCA_911174905.1  busco: starting ascomycota_odb10 on cds_from_genomic.fna (18.6 MB)...
  [13:55:51] GCA_902713525.1  busco: FAILED rc=255 after 0s
[13:55:51] [644/985] GCA_902713525.1  busco_error  C=—  | rate=205.59/s  ETA=0.0h
  [13:55:51] GCA_911174925.1  busco: starting ascomycota_odb10 on cds_from_genomic.fna (18.4 MB)...
  [13:55:51] GCA_911197175.1  busco: starting ascomycota_odb10 on cds_from_genomic.fna (18.0 MB)...
  [13:55:51] GCA_002072265.1  busco: FAILED rc=255 after 0s
[13:55:51] [645/985] GCA_002072265.1  busco_error  C=—  | rate=205.19/s  ETA=0.0h
  [13:55:51] GCF_964197705.1  busco: FAILED rc=255 after 0s
  [13:55:51] GCA_964197705.1  busco: FAILED rc=255 after 0s
  [13:55:51] GCA_011392555.1  busco: FAILED rc=255 after 0s
[13:55:51] [646/985] GCF_964197705.1  busco_error  C=—  | rate=205.43/s  ETA=0.0h
[13:55:51] [647/985] GCA_964197705.1  busco_error  C=—  | rate=205.69/s  ETA=0.0h
[13:55:51] [648/985] GCA_011392555.1  busco_error  C=—  | rate=205.94/s  ETA=0.0h
  [13:55:51] GCA_023141165.1  busco: FAILED rc=255 after 0s
  [13:55:51] GCA_023137995.1  busco: FAILED rc=255 after 0s
  [13:55:51] GCA_023141195.1  busco: FAILED rc=255 after 0s
[13:55:51] [649/985] GCA_023141165.1  busco_error  C=—  | rate=205.77/s  ETA=0.0h
  [13:55:51] GCF_015533775.1  busco: FAILED rc=255 after 0s
  [13:55:51] GCF_002072235.1  busco: starting ascomycota_odb10 on cds_from_genomic.fna (20.8 MB)...
  [13:55:51] GCF_000226395.1  busco: FAILED rc=255 after 0s
  [13:55:51] GCA_002072235.1  busco: starting ascomycota_odb10 on cds_from_genomic.fna (20.4 MB)...
[13:55:51] [650/985] GCA_023137995.1  busco_error  C=—  | rate=205.95/s  ETA=0.0h
  [13:55:51] GCA_001908125.1  busco: starting ascomycota_odb10 on cds_from_genomic.fna (21.3 MB)...
  [13:55:51] GCA_002072375.1  busco: starting ascomycota_odb10 on cds_from_genomic.fna (18.0 MB)...
[13:55:51] [651/985] GCA_023141195.1  busco_error  C=—  | rate=206.16/s  ETA=0.0h
[13:55:51] [652/985] GCF_015533775.1  busco_error  C=—  | rate=206.41/s  ETA=0.0h
  [13:55:51] GCA_028751425.1  busco: FAILED rc=255 after 0s
[13:55:51] [653/985] GCF_000226395.1  busco_error  C=—  | rate=206.65/s  ETA=0.0h
  [13:55:51] GCA_000226395.1  busco: FAILED rc=255 after 0s
  [13:55:51] GCA_011058885.1  busco: FAILED rc=255 after 0s
[13:55:51] [654/985] GCA_028751425.1  busco_error  C=—  | rate=206.91/s  ETA=0.0h
[13:55:51] [655/985] GCA_000226395.1  busco_error  C=—  | rate=207.15/s  ETA=0.0h
[13:55:51] [656/985] GCA_011058885.1  busco_error  C=—  | rate=207.40/s  ETA=0.0h
  [13:55:51] GCA_907164605.1  busco: starting ascomycota_odb10 on cds_from_genomic.fna (16.7 MB)...
  [13:55:51] GCA_907164625.1  busco: starting ascomycota_odb10 on cds_from_genomic.fna (19.3 MB)...
  [13:55:51] GCA_030142185.1  busco: starting ascomycota_odb10 on cds_from_genomic.fna (18.9 MB)...
  [13:55:51] GCA_014839625.1  busco: starting ascomycota_odb10 on cds_from_genomic.fna (15.3 MB)...
  [13:55:51] GCA_014839855.1  busco: starting ascomycota_odb10 on cds_from_genomic.fna (15.3 MB)...
  [13:55:51] GCA_902713535.1  busco: starting ascomycota_odb10 on cds_from_genomic.fna (19.0 MB)...
  [13:55:51] GCA_900536885.1  busco: starting basidiomycota_odb10 on cds_from_genomic.fna (28.9 MB)...
  [13:55:51] GCA_002072255.1  busco: starting ascomycota_odb10 on cds_from_genomic.fna (18.2 MB)...
  [13:55:51] GCA_911197225.1  busco: FAILED rc=255 after 0s
[13:55:51] [657/985] GCA_911197225.1  busco_error  C=—  | rate=206.26/s  ETA=0.0h
  [13:55:51] GCA_001632445.1  busco: starting basidiomycota_odb10 on cds_from_genomic.fna (28.9 MB)...
  [13:55:51] GCA_911174905.1  busco: FAILED rc=255 after 0s
[13:55:51] [658/985] GCA_911174905.1  busco_error  C=—  | rate=205.84/s  ETA=0.0h
  [13:55:51] GCA_911174925.1  busco: FAILED rc=255 after 0s
[13:55:51] [659/985] GCA_911174925.1  busco_error  C=—  | rate=205.96/s  ETA=0.0h
  [13:55:51] GCA_003073855.1  busco: starting ascomycota_odb10 on cds_from_genomic.fna (27.8 MB)...
  [13:55:51] GCA_911197175.1  busco: FAILED rc=255 after 0s
[13:55:51] [660/985] GCA_911197175.1  busco_error  C=—  | rate=205.75/s  ETA=0.0h
  [13:55:51] GCA_001644525.1  busco: starting ascomycota_odb10 on cds_from_genomic.fna (23.6 MB)...
  [13:55:51] GCA_900073065.1  busco: starting ascomycota_odb10 on cds_from_genomic.fna (34.1 MB)...
  [13:55:51] GCF_002072235.1  busco: FAILED rc=255 after 0s
  [13:55:51] GCA_002072235.1  busco: FAILED rc=255 after 0s
[13:55:51] [661/985] GCF_002072235.1  busco_error  C=—  | rate=205.21/s  ETA=0.0h
  [13:55:51] GCA_001908125.1  busco: FAILED rc=255 after 0s
  [13:55:51] GCA_002072375.1  busco: FAILED rc=255 after 0s
[13:55:51] [662/985] GCA_002072235.1  busco_error  C=—  | rate=205.46/s  ETA=0.0h
[13:55:51] [663/985] GCA_001908125.1  busco_error  C=—  | rate=205.71/s  ETA=0.0h
[13:55:51] [664/985] GCA_002072375.1  busco_error  C=—  | rate=205.96/s  ETA=0.0h
  [13:55:51] GCA_907164605.1  busco: FAILED rc=255 after 0s
  [13:55:51] GCA_907164625.1  busco: FAILED rc=255 after 0s
[13:55:51] [665/985] GCA_907164605.1  busco_error  C=—  | rate=205.89/s  ETA=0.0h
  [13:55:51] GCA_015039465.1  busco: starting basidiomycota_odb10 on cds_from_genomic.fna (27.0 MB)...
  [13:55:51] GCA_030142185.1  busco: FAILED rc=255 after 0s
[13:55:51] [666/985] GCA_907164625.1  busco_error  C=—  | rate=206.13/s  ETA=0.0h
  [13:55:51] GCA_014839625.1  busco: FAILED rc=255 after 0s
  [13:55:51] GCA_014839855.1  busco: FAILED rc=255 after 0s
  [13:55:51] GCA_045999785.1  busco: starting ascomycota_odb10 on cds_from_genomic.fna (19.3 MB)...
  [13:55:51] GCA_015484465.1  busco: starting basidiomycota_odb10 on cds_from_genomic.fna (24.7 MB)...
  [13:55:51] GCA_037962995.1  busco: starting ascomycota_odb10 on cds_from_genomic.fna (17.2 MB)...
[13:55:51] [667/985] GCA_030142185.1  busco_error  C=—  | rate=206.30/s  ETA=0.0h
  [13:55:51] GCA_902713535.1  busco: FAILED rc=255 after 0s
[13:55:51] [668/985] GCA_014839625.1  busco_error  C=—  | rate=206.52/s  ETA=0.0h
  [13:55:51] GCA_900536885.1  busco: FAILED rc=255 after 0s
  [13:55:51] GCA_002072255.1  busco: FAILED rc=255 after 0s
[13:55:51] [669/985] GCA_014839855.1  busco_error  C=—  | rate=206.75/s  ETA=0.0h
[13:55:51] [670/985] GCA_902713535.1  busco_error  C=—  | rate=206.99/s  ETA=0.0h
[13:55:51] [671/985] GCA_900536885.1  busco_error  C=—  | rate=207.22/s  ETA=0.0h
[13:55:51] [672/985] GCA_002072255.1  busco_error  C=—  | rate=207.46/s  ETA=0.0h
  [13:55:51] GCA_010093715.1  busco: starting ascomycota_odb10 on cds_from_genomic.fna (20.8 MB)...
  [13:55:51] GCA_048340545.1  busco: starting ascomycota_odb10 on cds_from_genomic.fna (15.8 MB)...
  [13:55:51] GCA_015484515.1  busco: starting basidiomycota_odb10 on cds_from_genomic.fna (22.9 MB)...
  [13:55:51] GCA_019677325.2  busco: starting basidiomycota_odb10 on cds_from_genomic.fna (18.7 MB)...
  [13:55:51] GCA_029747585.1  busco: starting basidiomycota_odb10 on cds_from_genomic.fna (33.2 MB)...
  [13:55:51] GCA_029852705.2  busco: starting basidiomycota_odb10 on cds_from_genomic.fna (22.8 MB)...
  [13:55:51] GCA_047301645.1  busco: starting basidiomycota_odb10 on cds_from_genomic.fna (24.7 MB)...
  [13:55:51] GCA_000697685.1  busco: starting basidiomycota_odb10 on cds_from_genomic.fna (19.3 MB)...
  [13:55:51] GCA_001632445.1  busco: FAILED rc=255 after 0s
[13:55:52] [673/985] GCA_001632445.1  busco_error  C=—  | rate=206.43/s  ETA=0.0h
  [13:55:52] GCA_004369065.1  busco: starting basidiomycota_odb10 on cds_from_genomic.fna (29.5 MB)...
  [13:55:52] GCA_003073855.1  busco: FAILED rc=255 after 0s
[13:55:52] [674/985] GCA_003073855.1  busco_error  C=—  | rate=206.00/s  ETA=0.0h
  [13:55:52] GCA_001644525.1  busco: FAILED rc=255 after 0s
[13:55:52] [675/985] GCA_001644525.1  busco_error  C=—  | rate=206.15/s  ETA=0.0h
  [13:55:52] GCA_057381195.1  busco: starting ascomycota_odb10 on cds_from_genomic.fna (26.4 MB)...
  [13:55:52] GCA_900073065.1  busco: FAILED rc=255 after 0s
[13:55:52] [676/985] GCA_900073065.1  busco_error  C=—  | rate=205.94/s  ETA=0.0h
  [13:55:52] GCF_001653235.2  busco: starting ascomycota_odb10 on cds_from_genomic.fna (23.2 MB)...
  [13:55:52] GCA_001653235.2  busco: starting ascomycota_odb10 on cds_from_genomic.fna (22.5 MB)...
  [13:55:52] GCA_015039465.1  busco: FAILED rc=255 after 0s
[13:55:52] [677/985] GCA_015039465.1  busco_error  C=—  | rate=205.39/s  ETA=0.0h
  [13:55:52] GCA_045999785.1  busco: FAILED rc=255 after 0s
  [13:55:52] GCA_015484465.1  busco: FAILED rc=255 after 0s
  [13:55:52] GCA_037962995.1  busco: FAILED rc=255 after 0s
[13:55:52] [678/985] GCA_045999785.1  busco_error  C=—  | rate=205.61/s  ETA=0.0h
[13:55:52] [679/985] GCA_015484465.1  busco_error  C=—  | rate=205.84/s  ETA=0.0h
[13:55:52] [680/985] GCA_037962995.1  busco_error  C=—  | rate=206.08/s  ETA=0.0h
  [13:55:52] GCA_010093715.1  busco: FAILED rc=255 after 0s
  [13:55:52] GCA_048340545.1  busco: FAILED rc=255 after 0s
  [13:55:52] GCA_051988445.2  busco: starting ascomycota_odb10 on cds_from_genomic.fna (21.9 MB)...
[13:55:52] [681/985] GCA_010093715.1  busco_error  C=—  | rate=205.99/s  ETA=0.0h
[13:55:52] [682/985] GCA_048340545.1  busco_error  C=—  | rate=206.22/s  ETA=0.0h
  [13:55:52] GCA_015484515.1  busco: FAILED rc=255 after 0s
  [13:55:52] GCA_051988555.2  busco: starting ascomycota_odb10 on cds_from_genomic.fna (21.5 MB)...
  [13:55:52] GCA_051996125.2  busco: starting ascomycota_odb10 on cds_from_genomic.fna (22.1 MB)...
  [13:55:52] GCA_019677325.2  busco: FAILED rc=255 after 0s
  [13:55:52] GCA_051996105.2  busco: starting ascomycota_odb10 on cds_from_genomic.fna (21.8 MB)...
  [13:55:52] GCA_029747585.1  busco: FAILED rc=255 after 0s
[13:55:52] [683/985] GCA_015484515.1  busco_error  C=—  | rate=206.36/s  ETA=0.0h
  [13:55:52] GCA_029852705.2  busco: FAILED rc=255 after 0s
[13:55:52] [684/985] GCA_019677325.2  busco_error  C=—  | rate=206.60/s  ETA=0.0h
  [13:55:52] GCA_047301645.1  busco: FAILED rc=255 after 0s
  [13:55:52] GCA_000697685.1  busco: FAILED rc=255 after 0s
[13:55:52] [685/985] GCA_029747585.1  busco_error  C=—  | rate=206.83/s  ETA=0.0h
[13:55:52] [686/985] GCA_029852705.2  busco_error  C=—  | rate=207.04/s  ETA=0.0h
[13:55:52] [687/985] GCA_047301645.1  busco_error  C=—  | rate=207.27/s  ETA=0.0h
[13:55:52] [688/985] GCA_000697685.1  busco_error  C=—  | rate=207.51/s  ETA=0.0h
  [13:55:52] GCA_055796225.1  busco: starting ascomycota_odb10 on cds_from_genomic.fna (22.1 MB)...
  [13:55:52] GCA_010093805.1  busco: starting ascomycota_odb10 on cds_from_genomic.fna (23.5 MB)...
  [13:55:52] GCA_022579005.1  busco: starting ascomycota_odb10 on cds_from_genomic.fna (17.3 MB)...
  [13:55:52] GCF_000417875.1  busco: starting basidiomycota_odb10 on cds_from_genomic.fna (14.4 MB)...
  [13:55:52] GCA_000417875.1  busco: starting basidiomycota_odb10 on cds_from_genomic.fna (14.2 MB)...
  [13:55:52] GCF_017499595.1  busco: starting basidiomycota_odb10 on cds_from_genomic.fna (23.6 MB)...
  [13:55:52] GCF_000403515.1  busco: starting basidiomycota_odb10 on cds_from_genomic.fna (14.2 MB)...
  [13:55:52] GCA_000403515.1  busco: starting basidiomycota_odb10 on cds_from_genomic.fna (13.9 MB)...
  [13:55:52] GCA_004369065.1  busco: FAILED rc=255 after 0s
[13:55:52] [689/985] GCA_004369065.1  busco_error  C=—  | rate=206.64/s  ETA=0.0h
  [13:55:52] GCA_017499595.2  busco: starting basidiomycota_odb10 on cds_from_genomic.fna (22.9 MB)...
  [13:55:52] GCA_057381195.1  busco: FAILED rc=255 after 0s
[13:55:52] [690/985] GCA_057381195.1  busco_error  C=—  | rate=206.17/s  ETA=0.0h
  [13:55:52] GCF_001653235.2  busco: FAILED rc=255 after 0s
[13:55:52] [691/985] GCF_001653235.2  busco_error  C=—  | rate=206.38/s  ETA=0.0h
  [13:55:52] GCA_002938375.1  busco: starting basidiomycota_odb10 on cds_from_genomic.fna (24.4 MB)...
  [13:55:52] GCA_001653235.2  busco: FAILED rc=255 after 0s
  [13:55:52] GCA_004369125.1  busco: starting basidiomycota_odb10 on cds_from_genomic.fna (19.3 MB)...
[13:55:52] [692/985] GCA_001653235.2  busco_error  C=—  | rate=206.13/s  ETA=0.0h
  [13:55:52] GCF_001653265.1  busco: starting ascomycota_odb10 on cds_from_genomic.fna (19.3 MB)...
  [13:55:52] GCA_051988445.2  busco: FAILED rc=255 after 0s
[13:55:52] [693/985] GCA_051988445.2  busco_error  C=—  | rate=205.57/s  ETA=0.0h
  [13:55:52] GCA_051988555.2  busco: FAILED rc=255 after 0s
  [13:55:52] GCA_051996125.2  busco: FAILED rc=255 after 0s
  [13:55:52] GCA_051996105.2  busco: FAILED rc=255 after 0s
[13:55:52] [694/985] GCA_051988555.2  busco_error  C=—  | rate=205.71/s  ETA=0.0h
[13:55:52] [695/985] GCA_051996125.2  busco_error  C=—  | rate=205.94/s  ETA=0.0h
[13:55:52] [696/985] GCA_051996105.2  busco_error  C=—  | rate=206.18/s  ETA=0.0h
  [13:55:52] GCA_055796225.1  busco: FAILED rc=255 after 0s
  [13:55:52] GCA_010093805.1  busco: FAILED rc=255 after 0s
  [13:55:52] GCA_033847395.1  busco: starting ascomycota_odb10 on cds_from_genomic.fna (27.0 MB)...
[13:55:52] [697/985] GCA_055796225.1  busco_error  C=—  | rate=206.11/s  ETA=0.0h
[13:55:52] [698/985] GCA_010093805.1  busco_error  C=—  | rate=206.33/s  ETA=0.0h
  [13:55:52] GCA_022579005.1  busco: FAILED rc=255 after 0s
  [13:55:52] GCA_001653205.1  busco: starting ascomycota_odb10 on cds_from_genomic.fna (18.9 MB)...
  [13:55:52] GCF_022605165.1  busco: starting ascomycota_odb10 on cds_from_genomic.fna (20.6 MB)...
  [13:55:52] GCA_003144605.1  busco: starting ascomycota_odb10 on cds_from_genomic.fna (25.0 MB)...
[13:55:52] [699/985] GCA_022579005.1  busco_error  C=—  | rate=206.50/s  ETA=0.0h
  [13:55:52] GCF_000417875.1  busco: FAILED rc=255 after 0s
  [13:55:52] GCA_000417875.1  busco: FAILED rc=255 after 0s
[13:55:52] [700/985] GCF_000417875.1  busco_error  C=—  | rate=206.68/s  ETA=0.0h
  [13:55:52] GCF_017499595.1  busco: FAILED rc=255 after 0s
[13:55:52] [701/985] GCA_000417875.1  busco_error  C=—  | rate=206.91/s  ETA=0.0h
  [13:55:52] GCF_000403515.1  busco: FAILED rc=255 after 0s
  [13:55:52] GCA_000403515.1  busco: FAILED rc=255 after 0s
  [13:55:52] GCA_001510955.1  no CDS on disk — run kraken_db_search.py --download first
[13:55:52] [702/985] GCF_017499595.1  busco_error  C=—  | rate=207.13/s  ETA=0.0h
[13:55:52] [703/985] GCF_000403515.1  busco_error  C=—  | rate=207.34/s  ETA=0.0h
  [13:55:52] GCA_022605165.1  busco: starting ascomycota_odb10 on cds_from_genomic.fna (20.3 MB)...
  [13:55:52] GCA_001644535.1  busco: starting ascomycota_odb10 on cds_from_genomic.fna (24.4 MB)...
[13:55:52] [704/985] GCA_000403515.1  busco_error  C=—  | rate=207.55/s  ETA=0.0h
[13:55:52] [705/985] GCA_001510955.1  no_cds  C=—  | rate=207.81/s  ETA=0.0h
  [13:55:52] GCF_900074925.1  busco: starting ascomycota_odb10 on cds_from_genomic.fna (19.1 MB)...
  [13:55:52] GCA_900074925.1  busco: starting ascomycota_odb10 on cds_from_genomic.fna (18.8 MB)...
  [13:55:52] GCF_041956645.1  busco: starting ascomycota_odb10 on cds_from_genomic.fna (16.3 MB)...
  [13:55:52] GCA_041956645.1  busco: starting ascomycota_odb10 on cds_from_genomic.fna (16.1 MB)...
  [13:55:52] GCA_041956655.1  busco: starting ascomycota_odb10 on cds_from_genomic.fna (16.4 MB)...
  [13:55:52] GCF_035927965.1  busco: starting ascomycota_odb10 on cds_from_genomic.fna (19.2 MB)...
  [13:55:52] GCA_017499595.2  busco: FAILED rc=255 after 0s
[13:55:52] [706/985] GCA_017499595.2  busco_error  C=—  | rate=207.15/s  ETA=0.0h
  [13:55:52] GCA_035135035.1  busco: starting ascomycota_odb10 on cds_from_genomic.fna (19.7 MB)...
  [13:55:52] GCA_002938375.1  busco: FAILED rc=255 after 0s
[13:55:52] [707/985] GCA_002938375.1  busco_error  C=—  | rate=206.67/s  ETA=0.0h
  [13:55:52] GCA_004369125.1  busco: FAILED rc=255 after 0s
[13:55:52] [708/985] GCA_004369125.1  busco_error  C=—  | rate=206.87/s  ETA=0.0h
  [13:55:52] GCA_035927965.1  busco: starting ascomycota_odb10 on cds_from_genomic.fna (19.0 MB)...
  [13:55:52] GCF_001653265.1  busco: FAILED rc=255 after 0s
  [13:55:52] GCA_033675085.1  busco: starting ascomycota_odb10 on cds_from_genomic.fna (19.1 MB)...
[13:55:52] [709/985] GCF_001653265.1  busco_error  C=—  | rate=206.59/s  ETA=0.0h
  [13:55:52] GCA_900074905.1  busco: starting ascomycota_odb10 on cds_from_genomic.fna (20.4 MB)...
  [13:55:52] GCA_033847395.1  busco: FAILED rc=255 after 0s
[13:55:52] [710/985] GCA_033847395.1  busco_error  C=—  | rate=206.01/s  ETA=0.0h
  [13:55:52] GCA_001653205.1  busco: FAILED rc=255 after 0s
  [13:55:52] GCF_022605165.1  busco: FAILED rc=255 after 0s
  [13:55:52] GCA_003144605.1  busco: FAILED rc=255 after 0s
[13:55:52] [711/985] GCA_001653205.1  busco_error  C=—  | rate=206.10/s  ETA=0.0h
[13:55:52] [712/985] GCF_022605165.1  busco_error  C=—  | rate=206.33/s  ETA=0.0h
[13:55:52] [713/985] GCA_003144605.1  busco_error  C=—  | rate=206.57/s  ETA=0.0h
  [13:55:52] GCA_022605165.1  busco: FAILED rc=255 after 0s
  [13:55:52] GCA_900074895.1  busco: starting ascomycota_odb10 on cds_from_genomic.fna (19.6 MB)...
  [13:55:52] GCA_001644535.1  busco: FAILED rc=255 after 0s
[13:55:52] [714/985] GCA_022605165.1  busco_error  C=—  | rate=206.56/s  ETA=0.0h
[13:55:52] [715/985] GCA_001644535.1  busco_error  C=—  | rate=206.79/s  ETA=0.0h
  [13:55:52] GCF_900074925.1  busco: FAILED rc=255 after 0s
  [13:55:52] GCA_022497145.1  busco: starting ascomycota_odb10 on cds_from_genomic.fna (19.3 MB)...
  [13:55:52] GCA_005059885.1  busco: starting ascomycota_odb10 on cds_from_genomic.fna (15.9 MB)...
[13:55:52] [716/985] GCF_900074925.1  busco_error  C=—  | rate=206.87/s  ETA=0.0h
  [13:55:52] GCA_010015785.1  busco: starting ascomycota_odb10 on cds_from_genomic.fna (15.5 MB)...
  [13:55:52] GCA_900074925.1  busco: FAILED rc=255 after 0s
  [13:55:52] GCF_041956645.1  busco: FAILED rc=255 after 0s
[13:55:52] [717/985] GCA_900074925.1  busco_error  C=—  | rate=207.01/s  ETA=0.0h
  [13:55:52] GCA_041956645.1  busco: FAILED rc=255 after 0s
  [13:55:52] GCA_041956655.1  busco: FAILED rc=255 after 0s
[13:55:52] [718/985] GCF_041956645.1  busco_error  C=—  | rate=207.23/s  ETA=0.0h
  [13:55:52] GCF_035927965.1  busco: FAILED rc=255 after 0s
  [13:55:52] GCA_021176775.1  busco: starting ascomycota_odb10 on cds_from_genomic.fna (19.0 MB)...
[13:55:52] [719/985] GCA_041956645.1  busco_error  C=—  | rate=207.44/s  ETA=0.0h
  [13:55:52] GCA_042370655.1  busco: starting ascomycota_odb10 on cds_from_genomic.fna (22.3 MB)...
[13:55:52] [720/985] GCA_041956655.1  busco_error  C=—  | rate=207.65/s  ETA=0.0h
[13:55:52] [721/985] GCF_035927965.1  busco_error  C=—  | rate=207.87/s  ETA=0.0h
  [13:55:52] GCF_035928015.1  busco: starting ascomycota_odb10 on cds_from_genomic.fna (19.5 MB)...
  [13:55:52] GCA_035928015.1  busco: starting ascomycota_odb10 on cds_from_genomic.fna (19.3 MB)...
  [13:55:52] GCF_000732125.1  busco: starting ascomycota_odb10 on cds_from_genomic.fna (16.1 MB)...
  [13:55:52] GCA_000732125.1  busco: starting ascomycota_odb10 on cds_from_genomic.fna (15.8 MB)...
  [13:55:52] GCA_041438035.1  busco: starting basidiomycota_odb10 on cds_from_genomic.fna (22.4 MB)...
  [13:55:52] GCF_000143185.2  busco: starting basidiomycota_odb10 on cds_from_genomic.fna (25.8 MB)...
  [13:55:52] GCA_035135035.1  busco: FAILED rc=255 after 0s
[13:55:52] [722/985] GCA_035135035.1  busco_error  C=—  | rate=207.30/s  ETA=0.0h
  [13:55:52] GCA_041438045.1  busco: starting basidiomycota_odb10 on cds_from_genomic.fna (22.6 MB)...
  [13:55:52] GCA_035927965.1  busco: FAILED rc=255 after 0s
[13:55:52] [723/985] GCA_035927965.1  busco_error  C=—  | rate=206.83/s  ETA=0.0h
  [13:55:52] GCA_033675085.1  busco: FAILED rc=255 after 0s
[13:55:52] [724/985] GCA_033675085.1  busco_error  C=—  | rate=207.03/s  ETA=0.0h
  [13:55:52] GCA_041438155.1  busco: starting basidiomycota_odb10 on cds_from_genomic.fna (22.5 MB)...
  [13:55:52] GCA_041438165.1  busco: starting basidiomycota_odb10 on cds_from_genomic.fna (18.4 MB)...
  [13:55:52] GCA_900074905.1  busco: FAILED rc=255 after 0s
[13:55:52] [725/985] GCA_900074905.1  busco_error  C=—  | rate=206.56/s  ETA=0.0h
  [13:55:52] GCA_024114885.1  busco: starting ascomycota_odb10 on cds_from_genomic.fna (20.6 MB)...
  [13:55:52] GCA_900074895.1  busco: FAILED rc=255 after 0s
[13:55:52] [726/985] GCA_900074895.1  busco_error  C=—  | rate=206.14/s  ETA=0.0h
  [13:55:52] GCA_022497145.1  busco: FAILED rc=255 after 0s
  [13:55:52] GCA_005059885.1  busco: FAILED rc=255 after 0s
[13:55:52] [727/985] GCA_022497145.1  busco_error  C=—  | rate=206.22/s  ETA=0.0h
  [13:55:52] GCA_010015785.1  busco: FAILED rc=255 after 0s
[13:55:52] [728/985] GCA_005059885.1  busco_error  C=—  | rate=206.45/s  ETA=0.0h
[13:55:52] [729/985] GCA_010015785.1  busco_error  C=—  | rate=206.67/s  ETA=0.0h
  [13:55:52] GCA_021176775.1  busco: FAILED rc=255 after 0s
  [13:55:52] GCA_010015745.1  busco: starting ascomycota_odb10 on cds_from_genomic.fna (22.4 MB)...
[13:55:52] [730/985] GCA_021176775.1  busco_error  C=—  | rate=206.72/s  ETA=0.0h
  [13:55:52] GCA_042370655.1  busco: FAILED rc=255 after 0s
[13:55:52] [731/985] GCA_042370655.1  busco_error  C=—  | rate=206.94/s  ETA=0.0h
  [13:55:52] GCF_035928015.1  busco: FAILED rc=255 after 0s
  [13:55:52] GCF_042370955.1  busco: starting ascomycota_odb10 on cds_from_genomic.fna (16.0 MB)...
[13:55:52] [732/985] GCF_035928015.1  busco_error  C=—  | rate=207.04/s  ETA=0.0h
  [13:55:52] GCA_042370955.1  busco: starting ascomycota_odb10 on cds_from_genomic.fna (15.7 MB)...
  [13:55:52] GCF_003711515.1  busco: starting ascomycota_odb10 on cds_from_genomic.fna (16.0 MB)...
  [13:55:52] GCA_035928015.1  busco: FAILED rc=255 after 0s
  [13:55:52] GCF_000732125.1  busco: FAILED rc=255 after 0s
[13:55:52] [733/985] GCA_035928015.1  busco_error  C=—  | rate=207.14/s  ETA=0.0h
  [13:55:52] GCA_000732125.1  busco: FAILED rc=255 after 0s
[13:55:52] [734/985] GCF_000732125.1  busco_error  C=—  | rate=207.36/s  ETA=0.0h
  [13:55:52] GCA_003711515.1  busco: starting ascomycota_odb10 on cds_from_genomic.fna (15.7 MB)...
  [13:55:52] GCA_041438035.1  busco: FAILED rc=255 after 0s
  [13:55:52] GCF_000143185.2  busco: FAILED rc=255 after 0s
[13:55:52] [735/985] GCA_000732125.1  busco_error  C=—  | rate=207.55/s  ETA=0.0h
  [13:55:52] GCF_000320565.1  busco: starting ascomycota_odb10 on cds_from_genomic.fna (16.7 MB)...
[13:55:52] [736/985] GCA_041438035.1  busco_error  C=—  | rate=207.76/s  ETA=0.0h
[13:55:52] [737/985] GCF_000143185.2  busco_error  C=—  | rate=207.98/s  ETA=0.0h
  [13:55:52] GCA_052057135.1  busco: starting ascomycota_odb10 on cds_from_genomic.fna (16.2 MB)...
  [13:55:52] GCA_000320565.2  busco: starting ascomycota_odb10 on cds_from_genomic.fna (16.4 MB)...
  [13:55:52] GCA_058225075.1  busco: starting ascomycota_odb10 on cds_from_genomic.fna (16.3 MB)...
  [13:55:52] GCA_018282025.1  busco: starting basidiomycota_odb10 on cds_from_genomic.fna (17.7 MB)...
  [13:55:52] GCA_005498985.1  busco: starting basidiomycota_odb10 on cds_from_genomic.fna (13.1 MB)...
  [13:55:52] GCF_005498985.1  busco: starting basidiomycota_odb10 on cds_from_genomic.fna (13.4 MB)...
  [13:55:52] GCA_041438045.1  busco: FAILED rc=255 after 0s
[13:55:52] [738/985] GCA_041438045.1  busco_error  C=—  | rate=207.42/s  ETA=0.0h
  [13:55:52] GCA_010093795.1  busco: starting ascomycota_odb10 on cds_from_genomic.fna (17.1 MB)...
  [13:55:52] GCA_041438155.1  busco: FAILED rc=255 after 0s
[13:55:52] [739/985] GCA_041438155.1  busco_error  C=—  | rate=206.97/s  ETA=0.0h
  [13:55:52] GCA_041438165.1  busco: FAILED rc=255 after 0s
[13:55:52] [740/985] GCA_041438165.1  busco_error  C=—  | rate=207.15/s  ETA=0.0h
  [13:55:52] GCA_000474925.1  busco: starting ascomycota_odb10 on cds_from_genomic.fna (16.2 MB)...
  [13:55:52] GCA_042257735.1  busco: starting ascomycota_odb10 on cds_from_genomic.fna (19.7 MB)...
  [13:55:52] GCA_024114885.1  busco: FAILED rc=255 after 0s
[13:55:52] [741/985] GCA_024114885.1  busco_error  C=—  | rate=206.73/s  ETA=0.0h
  [13:55:52] GCA_042257785.1  busco: starting ascomycota_odb10 on cds_from_genomic.fna (19.5 MB)...
  [13:55:52] GCA_010015745.1  busco: FAILED rc=255 after 0s
[13:55:52] [742/985] GCA_010015745.1  busco_error  C=—  | rate=206.35/s  ETA=0.0h
  [13:55:52] GCF_042370955.1  busco: FAILED rc=255 after 0s
[13:55:52] [743/985] GCF_042370955.1  busco_error  C=—  | rate=206.39/s  ETA=0.0h
  [13:55:52] GCA_042370955.1  busco: FAILED rc=255 after 0s
  [13:55:52] GCF_003711515.1  busco: FAILED rc=255 after 0s
[13:55:52] [744/985] GCA_042370955.1  busco_error  C=—  | rate=206.55/s  ETA=0.0h
[13:55:52] [745/985] GCF_003711515.1  busco_error  C=—  | rate=206.78/s  ETA=0.0h
  [13:55:52] GCA_000732765.1  busco: starting ascomycota_odb10 on cds_from_genomic.fna (19.3 MB)...
  [13:55:52] GCA_003711515.1  busco: FAILED rc=255 after 0s
[13:55:52] [746/985] GCA_003711515.1  busco_error  C=—  | rate=206.88/s  ETA=0.0h
  [13:55:52] GCF_000320565.1  busco: FAILED rc=255 after 0s
[13:55:52] [747/985] GCF_000320565.1  busco_error  C=—  | rate=207.04/s  ETA=0.0h
  [13:55:52] GCA_052057135.1  busco: FAILED rc=255 after 0s
  [13:55:52] GCA_000730325.1  busco: starting ascomycota_odb10 on cds_from_genomic.fna (19.7 MB)...
[13:55:52] [748/985] GCA_052057135.1  busco_error  C=—  | rate=207.20/s  ETA=0.0h
  [13:55:52] GCA_000732565.1  busco: starting ascomycota_odb10 on cds_from_genomic.fna (19.6 MB)...
  [13:55:52] GCA_000732775.1  busco: starting ascomycota_odb10 on cds_from_genomic.fna (18.0 MB)...
  [13:55:52] GCA_000320565.2  busco: FAILED rc=255 after 0s
  [13:55:52] GCA_058225075.1  busco: FAILED rc=255 after 0s
  [13:55:52] GCA_028584115.1  busco: starting ascomycota_odb10 on cds_from_genomic.fna (20.0 MB)...
[13:55:52] [749/985] GCA_000320565.2  busco_error  C=—  | rate=207.13/s  ETA=0.0h
[13:55:52] [750/985] GCA_058225075.1  busco_error  C=—  | rate=207.36/s  ETA=0.0h
  [13:55:52] GCA_005498985.1  busco: FAILED rc=255 after 0s
  [13:55:52] GCF_005498985.1  busco: FAILED rc=255 after 0s
  [13:55:52] GCA_018282025.1  busco: FAILED rc=255 after 0s
  [13:55:52] GCF_000264905.1  busco: starting basidiomycota_odb10 on cds_from_genomic.fna (24.2 MB)...
[13:55:52] [751/985] GCA_018282025.1  busco_error  C=—  | rate=207.54/s  ETA=0.0h
  [13:55:52] GCA_000264905.1  busco: starting basidiomycota_odb10 on cds_from_genomic.fna (23.8 MB)...
[13:55:52] [752/985] GCA_005498985.1  busco_error  C=—  | rate=207.75/s  ETA=0.0h
[13:55:52] [753/985] GCF_005498985.1  busco_error  C=—  | rate=207.96/s  ETA=0.0h
  [13:55:52] GCA_014621405.1  busco: starting ascomycota_odb10 on cds_from_genomic.fna (18.4 MB)...
  [13:55:52] GCA_009732865.1  busco: starting ascomycota_odb10 on cds_from_genomic.fna (31.6 MB)...
  [13:55:52] GCA_006535985.1  busco: starting fungi_odb10 on cds_from_genomic.fna (12.8 MB)...
  [13:55:52] GCF_001896365.1  busco: starting ascomycota_odb10 on cds_from_genomic.fna (19.8 MB)...
  [13:55:52] GCF_006535985.1  busco: starting fungi_odb10 on cds_from_genomic.fna (13.0 MB)...
  [13:55:52] GCA_010093795.1  busco: FAILED rc=255 after 0s
[13:55:52] [754/985] GCA_010093795.1  busco_error  C=—  | rate=207.58/s  ETA=0.0h
  [13:55:52] GCA_001896365.1  busco: starting ascomycota_odb10 on cds_from_genomic.fna (19.4 MB)...
  [13:55:52] GCA_000474925.1  busco: FAILED rc=255 after 0s
[13:55:52] [755/985] GCA_000474925.1  busco_error  C=—  | rate=207.06/s  ETA=0.0h
  [13:55:52] GCA_042257735.1  busco: FAILED rc=255 after 0s
[13:55:52] [756/985] GCA_042257735.1  busco_error  C=—  | rate=207.26/s  ETA=0.0h
  [13:55:52] GCA_042257785.1  busco: FAILED rc=255 after 0s
  [13:55:52] GCA_001907595.1  busco: starting ascomycota_odb10 on cds_from_genomic.fna (17.7 MB)...
  [13:55:52] GCF_001907595.1  busco: starting ascomycota_odb10 on cds_from_genomic.fna (18.0 MB)...
[13:55:52] [757/985] GCA_042257785.1  busco_error  C=—  | rate=206.91/s  ETA=0.0h
  [13:55:52] GCA_000985935.1  busco: starting ascomycota_odb10 on cds_from_genomic.fna (18.4 MB)...
  [13:55:52] GCA_000732765.1  busco: FAILED rc=255 after 0s
[13:55:52] [758/985] GCA_000732765.1  busco_error  C=—  | rate=206.54/s  ETA=0.0h
  [13:55:52] GCA_000730325.1  busco: FAILED rc=255 after 0s
  [13:55:52] GCA_000732565.1  busco: FAILED rc=255 after 0s
[13:55:52] [759/985] GCA_000730325.1  busco_error  C=—  | rate=206.51/s  ETA=0.0h
  [13:55:52] GCA_000732775.1  busco: FAILED rc=255 after 0s
[13:55:52] [760/985] GCA_000732565.1  busco_error  C=—  | rate=206.73/s  ETA=0.0h
[13:55:52] [761/985] GCA_000732775.1  busco_error  C=—  | rate=206.95/s  ETA=0.0h
  [13:55:52] GCA_009650675.1  busco: starting ascomycota_odb10 on cds_from_genomic.fna (17.1 MB)...
  [13:55:52] GCA_028584115.1  busco: FAILED rc=255 after 0s
[13:55:52] [762/985] GCA_028584115.1  busco_error  C=—  | rate=207.05/s  ETA=0.0h
  [13:55:52] GCF_000264905.1  busco: FAILED rc=255 after 0s
[13:55:52] [763/985] GCF_000264905.1  busco_error  C=—  | rate=207.13/s  ETA=0.0h
  [13:55:52] GCA_000264905.1  busco: FAILED rc=255 after 0s
[13:55:52] [764/985] GCA_000264905.1  busco_error  C=—  | rate=207.33/s  ETA=0.0h
  [13:55:52] GCA_000001985.1  busco: starting ascomycota_odb10 on cds_from_genomic.fna (18.6 MB)...
  [13:55:52] GCF_000001985.1  busco: starting ascomycota_odb10 on cds_from_genomic.fna (19.0 MB)...
  [13:55:52] GCF_009556855.1  busco: starting ascomycota_odb10 on cds_from_genomic.fna (17.7 MB)...
  [13:55:52] GCA_011392495.1  busco: starting ascomycota_odb10 on cds_from_genomic.fna (22.7 MB)...
  [13:55:52] GCA_014621405.1  busco: FAILED rc=255 after 0s
  [13:55:52] GCA_009732865.1  busco: FAILED rc=255 after 0s
[13:55:52] [765/985] GCA_014621405.1  busco_error  C=—  | rate=207.17/s  ETA=0.0h
  [13:55:52] GCA_006535985.1  busco: FAILED rc=255 after 0s
  [13:55:52] GCF_001896365.1  busco: FAILED rc=255 after 0s
[13:55:52] [766/985] GCA_009732865.1  busco_error  C=—  | rate=207.38/s  ETA=0.0h
  [13:55:52] GCA_000829775.1  busco: starting ascomycota_odb10 on cds_from_genomic.fna (19.8 MB)...
  [13:55:52] GCF_006535985.1  busco: FAILED rc=255 after 0s
[13:55:52] [767/985] GCA_006535985.1  busco_error  C=—  | rate=207.58/s  ETA=0.0h
  [13:55:52] GCF_013368755.1  busco: starting ascomycota_odb10 on cds_from_genomic.fna (22.2 MB)...
[13:55:52] [768/985] GCF_001896365.1  busco_error  C=—  | rate=207.77/s  ETA=0.0h
[13:55:52] [769/985] GCF_006535985.1  busco_error  C=—  | rate=207.97/s  ETA=0.0h
  [13:55:52] GCA_013368755.1  busco: starting ascomycota_odb10 on cds_from_genomic.fna (21.7 MB)...
  [13:55:52] GCF_000003125.1  busco: starting ascomycota_odb10 on cds_from_genomic.fna (22.7 MB)...
  [13:55:52] GCA_001896365.1  busco: FAILED rc=255 after 0s
  [13:55:52] GCA_018858115.1  busco: starting basidiomycota_odb10 on cds_from_genomic.fna (25.7 MB)...
  [13:55:52] GCA_001305275.1  busco: starting ascomycota_odb10 on cds_from_genomic.fna (19.9 MB)...
  [13:55:52] GCA_000003125.1  busco: starting ascomycota_odb10 on cds_from_genomic.fna (22.2 MB)...
[13:55:52] [770/985] GCA_001896365.1  busco_error  C=—  | rate=207.71/s  ETA=0.0h
  [13:55:52] GCA_018855915.1  busco: starting basidiomycota_odb10 on cds_from_genomic.fna (16.9 MB)...
  [13:55:52] GCF_001907595.1  busco: FAILED rc=255 after 0s
  [13:55:52] GCA_001907595.1  busco: FAILED rc=255 after 0s
[13:55:52] [771/985] GCF_001907595.1  busco_error  C=—  | rate=207.01/s  ETA=0.0h
[13:55:52] [772/985] GCA_001907595.1  busco_error  C=—  | rate=207.22/s  ETA=0.0h
  [13:55:52] GCA_000985935.1  busco: FAILED rc=255 after 0s
[13:55:52] [773/985] GCA_000985935.1  busco_error  C=—  | rate=207.09/s  ETA=0.0h
  [13:55:52] GCA_010093825.1  busco: starting ascomycota_odb10 on cds_from_genomic.fna (16.8 MB)...
  [13:55:52] GCA_033119285.1  busco: starting ascomycota_odb10 on cds_from_genomic.fna (30.5 MB)...
  [13:55:52] GCA_020091625.1  busco: starting basidiomycota_odb10 on cds_from_genomic.fna (21.5 MB)...
  [13:55:52] GCA_009650675.1  busco: FAILED rc=255 after 0s
[13:55:52] [774/985] GCA_009650675.1  busco_error  C=—  | rate=206.70/s  ETA=0.0h
  [13:55:52] GCA_000001985.1  busco: FAILED rc=255 after 0s
  [13:55:52] GCF_000001985.1  busco: FAILED rc=255 after 0s
  [13:55:52] GCF_009556855.1  busco: FAILED rc=255 after 0s
[13:55:52] [775/985] GCA_000001985.1  busco_error  C=—  | rate=206.59/s  ETA=0.0h
[13:55:52] [776/985] GCF_000001985.1  busco_error  C=—  | rate=206.80/s  ETA=0.0h
[13:55:52] [777/985] GCF_009556855.1  busco_error  C=—  | rate=207.01/s  ETA=0.0h
  [13:55:52] GCA_011392495.1  busco: FAILED rc=255 after 0s
  [13:55:52] GCA_001263195.1  busco: starting basidiomycota_odb10 on cds_from_genomic.fna (17.2 MB)...
[13:55:52] [778/985] GCA_011392495.1  busco_error  C=—  | rate=207.19/s  ETA=0.0h
  [13:55:52] GCA_000829775.1  busco: FAILED rc=255 after 0s
[13:55:52] [779/985] GCA_000829775.1  busco_error  C=—  | rate=207.22/s  ETA=0.0h
  [13:55:52] GCF_013368755.1  busco: FAILED rc=255 after 0s
  [13:55:52] GCA_018857285.1  busco: starting basidiomycota_odb10 on cds_from_genomic.fna (20.9 MB)...
[13:55:52] [780/985] GCF_013368755.1  busco_error  C=—  | rate=207.37/s  ETA=0.0h
  [13:55:52] GCA_018857305.1  busco: starting basidiomycota_odb10 on cds_from_genomic.fna (15.6 MB)...
  [13:55:52] GCA_017607575.1  busco: starting basidiomycota_odb10 on cds_from_genomic.fna (16.3 MB)...
  [13:55:52] GCA_018857265.1  busco: starting basidiomycota_odb10 on cds_from_genomic.fna (16.7 MB)...
  [13:55:52] GCA_013368755.1  busco: FAILED rc=255 after 0s
  [13:55:52] GCF_000003125.1  busco: FAILED rc=255 after 0s
[13:55:52] [781/985] GCA_013368755.1  busco_error  C=—  | rate=207.24/s  ETA=0.0h
  [13:55:52] GCA_003144125.1  busco: starting basidiomycota_odb10 on cds_from_genomic.fna (13.2 MB)...
[13:55:52] [782/985] GCF_000003125.1  busco_error  C=—  | rate=207.43/s  ETA=0.0h
  [13:55:52] GCA_018858115.1  busco: FAILED rc=255 after 0s
  [13:55:52] GCA_001305275.1  busco: FAILED rc=255 after 0s
  [13:55:52] GCA_000003125.1  busco: FAILED rc=255 after 0s
  [13:55:52] GCA_042370945.1  busco: starting ascomycota_odb10 on cds_from_genomic.fna (15.4 MB)...
[13:55:52] [783/985] GCA_018858115.1  busco_error  C=—  | rate=207.60/s  ETA=0.0h
[13:55:52] [784/985] GCA_000003125.1  busco_error  C=—  | rate=207.80/s  ETA=0.0h
[13:55:52] [785/985] GCA_001305275.1  busco_error  C=—  | rate=208.00/s  ETA=0.0h
  [13:55:52] GCF_041956765.1  busco: starting ascomycota_odb10 on cds_from_genomic.fna (17.1 MB)...
  [13:55:52] GCA_041956765.1  busco: starting ascomycota_odb10 on cds_from_genomic.fna (16.8 MB)...
  [13:55:52] GCA_018855915.1  busco: FAILED rc=255 after 0s
[13:55:52] [786/985] GCA_018855915.1  busco_error  C=—  | rate=207.87/s  ETA=0.0h
  [13:55:52] GCA_041956625.1  busco: starting ascomycota_odb10 on cds_from_genomic.fna (12.6 MB)...
  [13:55:52] GCA_041956715.1  busco: starting ascomycota_odb10 on cds_from_genomic.fna (10.2 MB)...
  [13:55:52] GCF_041956625.1  busco: starting ascomycota_odb10 on cds_from_genomic.fna (12.8 MB)...
  [13:55:52] GCF_041956635.1  busco: starting ascomycota_odb10 on cds_from_genomic.fna (13.7 MB)...
  [13:55:52] GCA_010093825.1  busco: FAILED rc=255 after 0s
  [13:55:52] GCA_033119285.1  busco: FAILED rc=255 after 0s
[13:55:52] [787/985] GCA_010093825.1  busco_error  C=—  | rate=207.13/s  ETA=0.0h
[13:55:52] [788/985] GCA_033119285.1  busco_error  C=—  | rate=207.34/s  ETA=0.0h
  [13:55:52] GCA_020091625.1  busco: FAILED rc=255 after 0s
[13:55:52] [789/985] GCA_020091625.1  busco_error  C=—  | rate=207.25/s  ETA=0.0h
  [13:55:52] GCA_041956635.1  busco: starting ascomycota_odb10 on cds_from_genomic.fna (13.5 MB)...
  [13:55:52] GCA_000968615.1  busco: starting ascomycota_odb10 on cds_from_genomic.fna (10.1 MB)...
  [13:55:52] GCA_002901185.1  busco: starting ascomycota_odb10 on cds_from_genomic.fna (14.3 MB)...
  [13:55:52] GCA_001263195.1  busco: FAILED rc=255 after 0s
[13:55:52] [790/985] GCA_001263195.1  busco_error  C=—  | rate=206.81/s  ETA=0.0h
  [13:55:52] GCA_018857285.1  busco: FAILED rc=255 after 0s
  [13:55:52] GCA_018857305.1  busco: FAILED rc=255 after 0s
  [13:55:52] GCA_017607575.1  busco: FAILED rc=255 after 0s
[13:55:52] [791/985] GCA_018857285.1  busco_error  C=—  | rate=206.68/s  ETA=0.0h
[13:55:52] [792/985] GCA_018857305.1  busco_error  C=—  | rate=206.89/s  ETA=0.0h
  [13:55:52] GCA_059792055.1  busco: starting ascomycota_odb10 on cds_from_genomic.fna (15.6 MB)...
[13:55:52] [793/985] GCA_017607575.1  busco_error  C=—  | rate=207.09/s  ETA=0.0h
  [13:55:52] GCA_018857265.1  busco: FAILED rc=255 after 0s
[13:55:52] [794/985] GCA_018857265.1  busco_error  C=—  | rate=207.30/s  ETA=0.0h
  [13:55:52] GCA_003144125.1  busco: FAILED rc=255 after 0s
[13:55:52] [795/985] GCA_003144125.1  busco_error  C=—  | rate=207.28/s  ETA=0.0h
  [13:55:52] GCA_042370945.1  busco: FAILED rc=255 after 0s
[13:55:52] [796/985] GCA_042370945.1  busco_error  C=—  | rate=207.46/s  ETA=0.0h
  [13:55:52] GCA_001189435.1  busco: starting ascomycota_odb10 on cds_from_genomic.fna (17.0 MB)...
  [13:55:52] GCF_010094035.1  busco: starting ascomycota_odb10 on cds_from_genomic.fna (27.2 MB)...
  [13:55:52] GCA_002916505.1  busco: starting ascomycota_odb10 on cds_from_genomic.fna (16.2 MB)...
  [13:55:52] GCA_010094035.1  busco: starting ascomycota_odb10 on cds_from_genomic.fna (26.8 MB)...
  [13:55:52] GCF_041956765.1  busco: FAILED rc=255 after 0s
  [13:55:52] GCA_041956765.1  busco: FAILED rc=255 after 0s
[13:55:52] [797/985] GCF_041956765.1  busco_error  C=—  | rate=207.29/s  ETA=0.0h
  [13:55:52] GCA_051819885.1  busco: starting ascomycota_odb10 on cds_from_genomic.fna (17.8 MB)...
[13:55:52] [798/985] GCA_041956765.1  busco_error  C=—  | rate=207.49/s  ETA=0.0h
  [13:55:52] GCA_041956625.1  busco: FAILED rc=255 after 0s
  [13:55:52] GCA_041956715.1  busco: FAILED rc=255 after 0s
  [13:55:52] GCA_051819865.1  busco: starting ascomycota_odb10 on cds_from_genomic.fna (22.5 MB)...
  [13:55:52] GCF_041956625.1  busco: FAILED rc=255 after 0s
[13:55:52] [799/985] GCA_041956625.1  busco_error  C=—  | rate=207.64/s  ETA=0.0h
[13:55:52] [800/985] GCA_041956715.1  busco_error  C=—  | rate=207.84/s  ETA=0.0h
[13:55:52] [801/985] GCF_041956625.1  busco_error  C=—  | rate=208.05/s  ETA=0.0h
  [13:55:52] GCF_033847375.1  busco: starting ascomycota_odb10 on cds_from_genomic.fna (20.1 MB)...
  [13:55:52] GCF_041956635.1  busco: FAILED rc=255 after 0s
  [13:55:52] GCA_033847375.1  busco: starting ascomycota_odb10 on cds_from_genomic.fna (19.8 MB)...
[13:55:52] [802/985] GCF_041956635.1  busco_error  C=—  | rate=207.96/s  ETA=0.0h
  [13:55:52] GCA_052084505.1  busco: starting ascomycota_odb10 on cds_from_genomic.fna (17.9 MB)...
  [13:55:52] GCA_003012105.1  busco: starting ascomycota_odb10 on cds_from_genomic.fna (18.2 MB)...
  [13:55:52] GCA_021066465.1  busco: starting ascomycota_odb10 on cds_from_genomic.fna (19.6 MB)...
  [13:55:52] GCF_020647865.1  busco: starting ascomycota_odb10 on cds_from_genomic.fna (21.1 MB)...
  [13:55:52] GCA_041956635.1  busco: FAILED rc=255 after 0s
  [13:55:52] GCA_000968615.1  busco: FAILED rc=255 after 0s
[13:55:52] [803/985] GCA_041956635.1  busco_error  C=—  | rate=207.26/s  ETA=0.0h
[13:55:52] [804/985] GCA_000968615.1  busco_error  C=—  | rate=207.46/s  ETA=0.0h
  [13:55:52] GCA_002901185.1  busco: FAILED rc=255 after 0s
  [13:55:52] GCF_003025105.1  no CDS on disk — run kraken_db_search.py --download first
[13:55:52] [805/985] GCA_002901185.1  busco_error  C=—  | rate=207.36/s  ETA=0.0h
[13:55:52] [806/985] GCF_003025105.1  no_cds  C=—  | rate=207.60/s  ETA=0.0h
  [13:55:52] GCA_036173025.1  busco: starting ascomycota_odb10 on cds_from_genomic.fna (17.8 MB)...
  [13:55:52] GCA_013423425.1  busco: starting ascomycota_odb10 on cds_from_genomic.fna (15.0 MB)...
  [13:55:52] GCF_020647795.1  busco: starting ascomycota_odb10 on cds_from_genomic.fna (21.4 MB)...
  [13:55:52] GCA_059792055.1  busco: FAILED rc=255 after 0s
[13:55:52] [807/985] GCA_059792055.1  busco_error  C=—  | rate=207.24/s  ETA=0.0h
  [13:55:52] GCA_020647795.1  busco: starting ascomycota_odb10 on cds_from_genomic.fna (21.0 MB)...
  [13:55:52] GCF_010094035.1  busco: FAILED rc=255 after 0s
  [13:55:52] GCA_001189435.1  busco: FAILED rc=255 after 0s
  [13:55:52] GCA_002916505.1  busco: FAILED rc=255 after 0s
  [13:55:52] GCA_010094035.1  busco: FAILED rc=255 after 0s
[13:55:52] [808/985] GCF_010094035.1  busco_error  C=—  | rate=206.92/s  ETA=0.0h
[13:55:52] [809/985] GCA_001189435.1  busco_error  C=—  | rate=207.12/s  ETA=0.0h
[13:55:52] [810/985] GCA_002916505.1  busco_error  C=—  | rate=207.33/s  ETA=0.0h
[13:55:52] [811/985] GCA_010094035.1  busco_error  C=—  | rate=207.52/s  ETA=0.0h
  [13:55:52] GCA_051819885.1  busco: FAILED rc=255 after 0s
[13:55:52] [812/985] GCA_051819885.1  busco_error  C=—  | rate=207.64/s  ETA=0.0h
  [13:55:52] GCA_051819865.1  busco: FAILED rc=255 after 0s
[13:55:52] [813/985] GCA_051819865.1  busco_error  C=—  | rate=207.75/s  ETA=0.0h
  [13:55:52] GCF_028502605.1  busco: starting ascomycota_odb10 on cds_from_genomic.fna (20.7 MB)...
  [13:55:52] GCA_028502605.1  busco: starting ascomycota_odb10 on cds_from_genomic.fna (20.1 MB)...
  [13:55:52] GCA_051820515.1  busco: starting ascomycota_odb10 on cds_from_genomic.fna (18.9 MB)...
  [13:55:52] GCA_051820595.1  busco: starting ascomycota_odb10 on cds_from_genomic.fna (20.8 MB)...
  [13:55:52] GCF_033847375.1  busco: FAILED rc=255 after 0s
[13:55:52] [814/985] GCF_033847375.1  busco_error  C=—  | rate=207.65/s  ETA=0.0h
  [13:55:52] GCA_033847375.1  busco: FAILED rc=255 after 0s
  [13:55:52] GCF_050948025.1  busco: starting ascomycota_odb10 on cds_from_genomic.fna (23.0 MB)...
[13:55:52] [815/985] GCA_033847375.1  busco_error  C=—  | rate=207.85/s  ETA=0.0h
  [13:55:52] GCA_052084505.1  busco: FAILED rc=255 after 0s
  [13:55:52] GCA_003012105.1  busco: FAILED rc=255 after 0s
  [13:55:52] GCA_021066465.1  busco: FAILED rc=255 after 0s
  [13:55:52] GCA_050948025.1  busco: starting ascomycota_odb10 on cds_from_genomic.fna (22.7 MB)...
[13:55:52] [816/985] GCA_052084505.1  busco_error  C=—  | rate=207.96/s  ETA=0.0h
[13:55:52] [817/985] GCA_003012105.1  busco_error  C=—  | rate=208.15/s  ETA=0.0h
[13:55:52] [818/985] GCA_021066465.1  busco_error  C=—  | rate=208.34/s  ETA=0.0h
  [13:55:52] GCF_020647865.1  busco: FAILED rc=255 after 0s
  [13:55:52] GCA_051819845.1  busco: starting ascomycota_odb10 on cds_from_genomic.fna (16.9 MB)...
  [13:55:52] GCA_048183105.1  busco: starting ascomycota_odb10 on cds_from_genomic.fna (22.6 MB)...
[13:55:52] [819/985] GCF_020647865.1  busco_error  C=—  | rate=208.33/s  ETA=0.0h
  [13:55:52] GCA_051820575.1  busco: starting ascomycota_odb10 on cds_from_genomic.fna (20.8 MB)...
  [13:55:52] GCA_003025115.1  busco: starting ascomycota_odb10 on cds_from_genomic.fna (16.8 MB)...
  [13:55:52] GCF_003025115.1  busco: starting ascomycota_odb10 on cds_from_genomic.fna (17.1 MB)...
  [13:55:52] GCA_051820635.1  busco: starting ascomycota_odb10 on cds_from_genomic.fna (19.9 MB)...
  [13:55:52] GCA_036173025.1  busco: FAILED rc=255 after 0s
  [13:55:52] GCA_013423425.1  busco: FAILED rc=255 after 0s
[13:55:52] [820/985] GCA_036173025.1  busco_error  C=—  | rate=207.63/s  ETA=0.0h
[13:55:52] [821/985] GCA_013423425.1  busco_error  C=—  | rate=207.83/s  ETA=0.0h
  [13:55:52] GCF_020647795.1  busco: FAILED rc=255 after 0s
[13:55:52] [822/985] GCF_020647795.1  busco_error  C=—  | rate=207.75/s  ETA=0.0h
  [13:55:52] GCF_050947405.1  busco: starting ascomycota_odb10 on cds_from_genomic.fna (20.8 MB)...
  [13:55:52] GCA_020631695.1  busco: starting ascomycota_odb10 on cds_from_genomic.fna (14.4 MB)...
  [13:55:52] GCA_050947405.1  busco: starting ascomycota_odb10 on cds_from_genomic.fna (20.6 MB)...
  [13:55:52] GCA_020647795.1  busco: FAILED rc=255 after 0s
[13:55:52] [823/985] GCA_020647795.1  busco_error  C=—  | rate=207.39/s  ETA=0.0h
  [13:55:52] GCA_060224215.1  busco: starting ascomycota_odb10 on cds_from_genomic.fna (20.8 MB)...
  [13:55:52] GCF_028502605.1  busco: FAILED rc=255 after 0s
  [13:55:52] GCA_028502605.1  busco: FAILED rc=255 after 0s
  [13:55:52] GCA_051820515.1  busco: FAILED rc=255 after 0s
  [13:55:52] GCA_051820595.1  busco: FAILED rc=255 after 0s
[13:55:52] [824/985] GCF_028502605.1  busco_error  C=—  | rate=206.99/s  ETA=0.0h
[13:55:52] [825/985] GCA_028502605.1  busco_error  C=—  | rate=207.19/s  ETA=0.0h
[13:55:52] [826/985] GCA_051820515.1  busco_error  C=—  | rate=207.39/s  ETA=0.0h
[13:55:52] [827/985] GCA_051820595.1  busco_error  C=—  | rate=207.59/s  ETA=0.0h
  [13:55:52] GCF_050948025.1  busco: FAILED rc=255 after 0s
[13:55:52] [828/985] GCF_050948025.1  busco_error  C=—  | rate=207.75/s  ETA=0.0h
  [13:55:52] GCA_050948025.1  busco: FAILED rc=255 after 0s
[13:55:52] [829/985] GCA_050948025.1  busco_error  C=—  | rate=207.81/s  ETA=0.0h
  [13:55:52] GCF_001481775.2  busco: starting ascomycota_odb10 on cds_from_genomic.fna (19.4 MB)...
  [13:55:52] GCA_002894205.1  busco: starting ascomycota_odb10 on cds_from_genomic.fna (17.7 MB)...
  [13:55:52] GCA_001481775.2  busco: starting ascomycota_odb10 on cds_from_genomic.fna (19.0 MB)...
  [13:55:52] GCF_004382785.1  busco: starting ascomycota_odb10 on cds_from_genomic.fna (18.2 MB)...
  [13:55:52] GCA_051819845.1  busco: FAILED rc=255 after 0s
  [13:55:52] GCA_004382785.1  busco: starting ascomycota_odb10 on cds_from_genomic.fna (17.9 MB)...
  [13:55:52] GCA_048183105.1  busco: FAILED rc=255 after 0s
[13:55:52] [830/985] GCA_051819845.1  busco_error  C=—  | rate=207.73/s  ETA=0.0h
[13:55:52] [831/985] GCA_048183105.1  busco_error  C=—  | rate=207.93/s  ETA=0.0h
  [13:55:52] GCA_051820575.1  busco: FAILED rc=255 after 0s
  [13:55:52] GCA_051819905.1  busco: starting ascomycota_odb10 on cds_from_genomic.fna (17.6 MB)...
  [13:55:52] GCA_003025115.1  busco: FAILED rc=255 after 0s
[13:55:52] [832/985] GCA_051820575.1  busco_error  C=—  | rate=208.03/s  ETA=0.0h
  [13:55:52] GCF_003025115.1  busco: FAILED rc=255 after 0s
[13:55:52] [833/985] GCA_003025115.1  busco_error  C=—  | rate=208.23/s  ETA=0.0h
[13:55:52] [834/985] GCF_003025115.1  busco_error  C=—  | rate=208.43/s  ETA=0.0h
  [13:55:52] GCA_002022785.1  busco: starting ascomycota_odb10 on cds_from_genomic.fna (19.5 MB)...
  [13:55:52] GCA_051820635.1  busco: FAILED rc=255 after 0s
  [13:55:52] GCF_003025095.1  busco: starting ascomycota_odb10 on cds_from_genomic.fna (22.6 MB)...
[13:55:52] [835/985] GCA_051820635.1  busco_error  C=—  | rate=208.41/s  ETA=0.0h
  [13:55:52] GCA_033847385.1  busco: starting ascomycota_odb10 on cds_from_genomic.fna (20.4 MB)...
  [13:55:52] GCA_002894145.1  busco: starting ascomycota_odb10 on cds_from_genomic.fna (18.4 MB)...
  [13:55:52] GCA_000988865.1  busco: starting ascomycota_odb10 on cds_from_genomic.fna (19.9 MB)...
  [13:55:52] GCA_011066345.1  busco: starting ascomycota_odb10 on cds_from_genomic.fna (22.6 MB)...
  [13:55:52] GCF_050947405.1  busco: FAILED rc=255 after 0s
  [13:55:52] GCA_020631695.1  busco: FAILED rc=255 after 0s
[13:55:52] [836/985] GCF_050947405.1  busco_error  C=—  | rate=207.72/s  ETA=0.0h
[13:55:52] [837/985] GCA_020631695.1  busco_error  C=—  | rate=207.92/s  ETA=0.0h
  [13:55:52] GCA_050947405.1  busco: FAILED rc=255 after 0s
[13:55:52] [838/985] GCA_050947405.1  busco_error  C=—  | rate=207.85/s  ETA=0.0h
  [13:55:52] GCA_050947385.1  busco: starting ascomycota_odb10 on cds_from_genomic.fna (17.8 MB)...
  [13:55:52] GCA_003025155.1  busco: starting ascomycota_odb10 on cds_from_genomic.fna (16.9 MB)...
  [13:55:52] GCA_050948085.1  busco: starting ascomycota_odb10 on cds_from_genomic.fna (17.6 MB)...
  [13:55:52] GCA_060224215.1  busco: FAILED rc=255 after 0s
[13:55:52] [839/985] GCA_060224215.1  busco_error  C=—  | rate=207.53/s  ETA=0.0h
  [13:55:52] GCA_001050175.1  busco: starting ascomycota_odb10 on cds_from_genomic.fna (15.5 MB)...
  [13:55:52] GCF_001481775.2  busco: FAILED rc=255 after 0s
  [13:55:52] GCA_002894205.1  busco: FAILED rc=255 after 0s
[13:55:52] [840/985] GCF_001481775.2  busco_error  C=—  | rate=207.08/s  ETA=0.0h
  [13:55:52] GCF_004382785.1  busco: FAILED rc=255 after 0s
  [13:55:52] GCA_001481775.2  busco: FAILED rc=255 after 0s
[13:55:52] [841/985] GCA_002894205.1  busco_error  C=—  | rate=207.27/s  ETA=0.0h
[13:55:52] [842/985] GCF_004382785.1  busco_error  C=—  | rate=207.47/s  ETA=0.0h
[13:55:52] [843/985] GCA_001481775.2  busco_error  C=—  | rate=207.67/s  ETA=0.0h
  [13:55:52] GCA_004382785.1  busco: FAILED rc=255 after 0s
[13:55:52] [844/985] GCA_004382785.1  busco_error  C=—  | rate=207.86/s  ETA=0.0h
  [13:55:52] GCA_051819905.1  busco: FAILED rc=255 after 0s
[13:55:52] [845/985] GCA_051819905.1  busco_error  C=—  | rate=207.92/s  ETA=0.0h
  [13:55:52] GCA_050703535.1  busco: starting ascomycota_odb10 on cds_from_genomic.fna (21.9 MB)...
  [13:55:52] GCF_000167675.1  busco: starting ascomycota_odb10 on cds_from_genomic.fna (16.2 MB)...
  [13:55:52] GCA_000513815.1  busco: starting ascomycota_odb10 on cds_from_genomic.fna (16.5 MB)...
  [13:55:52] GCA_000167675.2  busco: starting ascomycota_odb10 on cds_from_genomic.fna (15.9 MB)...
  [13:55:52] GCA_002022785.1  busco: FAILED rc=255 after 0s
  [13:55:52] GCA_020045945.2  busco: starting ascomycota_odb10 on cds_from_genomic.fna (20.4 MB)...
[13:55:52] [846/985] GCA_002022785.1  busco_error  C=—  | rate=207.84/s  ETA=0.0h
  [13:55:52] GCF_003025095.1  busco: FAILED rc=255 after 0s
[13:55:52] [847/985] GCF_003025095.1  busco_error  C=—  | rate=208.01/s  ETA=0.0h
  [13:55:52] GCA_033847385.1  busco: FAILED rc=255 after 0s
  [13:55:52] GCA_019565615.1  busco: starting ascomycota_odb10 on cds_from_genomic.fna (24.2 MB)...
[13:55:52] [848/985] GCA_033847385.1  busco_error  C=—  | rate=208.17/s  ETA=0.0h
  [13:55:52] GCA_002894145.1  busco: FAILED rc=255 after 0s
  [13:55:52] GCA_000988865.1  busco: FAILED rc=255 after 0s
[13:55:52] [849/985] GCA_002894145.1  busco_error  C=—  | rate=208.34/s  ETA=0.0h
[13:55:52] [850/985] GCA_000988865.1  busco_error  C=—  | rate=208.53/s  ETA=0.0h
  [13:55:52] GCA_011066345.1  busco: FAILED rc=255 after 0s
[13:55:52] [851/985] GCA_011066345.1  busco_error  C=—  | rate=208.58/s  ETA=0.0h
  [13:55:52] GCA_054367885.1  busco: starting ascomycota_odb10 on cds_from_genomic.fna (22.4 MB)...
  [13:55:52] GCA_050947985.1  busco: starting ascomycota_odb10 on cds_from_genomic.fna (22.6 MB)...
  [13:55:52] GCA_050948005.1  busco: starting ascomycota_odb10 on cds_from_genomic.fna (22.3 MB)...
  [13:55:52] GCA_051820695.1  busco: starting ascomycota_odb10 on cds_from_genomic.fna (20.4 MB)...
  [13:55:52] GCA_050948045.1  busco: starting ascomycota_odb10 on cds_from_genomic.fna (22.7 MB)...
  [13:55:52] GCA_051820155.1  busco: starting ascomycota_odb10 on cds_from_genomic.fna (20.3 MB)...
  [13:55:52] GCA_050947385.1  busco: FAILED rc=255 after 0s
[13:55:52] [852/985] GCA_050947385.1  busco_error  C=—  | rate=207.86/s  ETA=0.0h
  [13:55:52] GCA_003025155.1  busco: FAILED rc=255 after 0s
[13:55:52] [853/985] GCA_003025155.1  busco_error  C=—  | rate=208.03/s  ETA=0.0h
  [13:55:52] GCA_050948085.1  busco: FAILED rc=255 after 0s
[13:55:52] [854/985] GCA_050948085.1  busco_error  C=—  | rate=207.97/s  ETA=0.0h
  [13:55:52] GCA_051820675.1  busco: starting ascomycota_odb10 on cds_from_genomic.fna (22.9 MB)...
  [13:55:52] GCA_052570025.1  busco: starting ascomycota_odb10 on cds_from_genomic.fna (17.7 MB)...
  [13:55:52] GCA_052570055.1  busco: starting ascomycota_odb10 on cds_from_genomic.fna (17.7 MB)...
  [13:55:52] GCA_001050175.1  busco: FAILED rc=255 after 0s
[13:55:52] [855/985] GCA_001050175.1  busco_error  C=—  | rate=207.66/s  ETA=0.0h
  [13:55:52] GCA_052570065.1  busco: starting ascomycota_odb10 on cds_from_genomic.fna (17.5 MB)...
  [13:55:52] GCA_050703535.1  busco: FAILED rc=255 after 0s
  [13:55:52] GCF_000167675.1  busco: FAILED rc=255 after 0s
  [13:55:52] GCA_000513815.1  busco: FAILED rc=255 after 0s
  [13:55:52] GCA_000167675.2  busco: FAILED rc=255 after 0s
[13:55:52] [856/985] GCA_050703535.1  busco_error  C=—  | rate=207.12/s  ETA=0.0h
[13:55:52] [857/985] GCF_000167675.1  busco_error  C=—  | rate=207.31/s  ETA=0.0h
  [13:55:52] GCA_020045945.2  busco: FAILED rc=255 after 0s
[13:55:52] [858/985] GCA_000513815.1  busco_error  C=—  | rate=207.50/s  ETA=0.0h
[13:55:52] [859/985] GCA_000167675.2  busco_error  C=—  | rate=207.69/s  ETA=0.0h
[13:55:52] [860/985] GCA_020045945.2  busco_error  C=—  | rate=207.88/s  ETA=0.0h
  [13:55:52] GCA_019565615.1  busco: FAILED rc=255 after 0s
[13:55:52] [861/985] GCA_019565615.1  busco_error  C=—  | rate=208.02/s  ETA=0.0h
  [13:55:52] GCA_018854895.1  busco: starting basidiomycota_odb10 on cds_from_genomic.fna (22.4 MB)...
  [13:55:52] GCA_052570145.1  busco: starting ascomycota_odb10 on cds_from_genomic.fna (17.9 MB)...
  [13:55:52] GCA_014904895.1  busco: starting basidiomycota_odb10 on cds_from_genomic.fna (24.9 MB)...
  [13:55:52] GCA_026184415.1  busco: starting ascomycota_odb10 on cds_from_genomic.fna (15.8 MB)...
  [13:55:52] GCA_000827465.1  busco: starting basidiomycota_odb10 on cds_from_genomic.fna (25.3 MB)...
  [13:55:52] GCA_054367885.1  busco: FAILED rc=255 after 0s
  [13:55:52] GCA_050947985.1  busco: FAILED rc=255 after 0s
[13:55:52] [862/985] GCA_054367885.1  busco_error  C=—  | rate=207.87/s  ETA=0.0h
[13:55:52] [863/985] GCA_050947985.1  busco_error  C=—  | rate=208.06/s  ETA=0.0h
  [13:55:52] GCA_050948005.1  busco: FAILED rc=255 after 0s
  [13:55:52] GCA_051820695.1  busco: FAILED rc=255 after 0s
  [13:55:52] GCA_019632275.1  busco: starting basidiomycota_odb10 on cds_from_genomic.fna (18.1 MB)...
[13:55:52] [864/985] GCA_050948005.1  busco_error  C=—  | rate=208.21/s  ETA=0.0h
  [13:55:52] GCA_050948045.1  busco: FAILED rc=255 after 0s
[13:55:52] [865/985] GCA_051820695.1  busco_error  C=—  | rate=208.40/s  ETA=0.0h
[13:55:52] [866/985] GCA_050948045.1  busco_error  C=—  | rate=208.59/s  ETA=0.0h
  [13:55:52] GCA_051820155.1  busco: FAILED rc=255 after 0s
[13:55:52] [867/985] GCA_051820155.1  busco_error  C=—  | rate=208.71/s  ETA=0.0h
  [13:55:52] GCA_019632285.1  busco: starting basidiomycota_odb10 on cds_from_genomic.fna (17.7 MB)...
  [13:55:52] GCA_019632265.1  busco: starting basidiomycota_odb10 on cds_from_genomic.fna (17.7 MB)...
  [13:55:52] GCA_019632305.1  busco: starting basidiomycota_odb10 on cds_from_genomic.fna (15.3 MB)...
  [13:55:52] GCA_019633405.1  busco: starting basidiomycota_odb10 on cds_from_genomic.fna (19.5 MB)...
  [13:55:52] GCA_019633465.1  busco: starting basidiomycota_odb10 on cds_from_genomic.fna (21.9 MB)...
  [13:55:52] GCA_019632295.1  busco: starting basidiomycota_odb10 on cds_from_genomic.fna (19.0 MB)...
  [13:55:52] GCA_051820675.1  busco: FAILED rc=255 after 0s
[13:55:52] [868/985] GCA_051820675.1  busco_error  C=—  | rate=207.98/s  ETA=0.0h
  [13:55:52] GCA_052570025.1  busco: FAILED rc=255 after 0s
[13:55:52] [869/985] GCA_052570025.1  busco_error  C=—  | rate=208.15/s  ETA=0.0h
  [13:55:52] GCA_052570055.1  busco: FAILED rc=255 after 0s
[13:55:52] [870/985] GCA_052570055.1  busco_error  C=—  | rate=208.07/s  ETA=0.0h
  [13:55:52] GCA_019633455.1  busco: starting basidiomycota_odb10 on cds_from_genomic.fna (19.7 MB)...
  [13:55:52] GCA_019633425.1  busco: starting basidiomycota_odb10 on cds_from_genomic.fna (21.6 MB)...
  [13:55:52] GCA_019633485.1  busco: starting basidiomycota_odb10 on cds_from_genomic.fna (21.2 MB)...
  [13:55:52] GCA_052570065.1  busco: FAILED rc=255 after 0s
[13:55:52] [871/985] GCA_052570065.1  busco_error  C=—  | rate=207.76/s  ETA=0.0h
  [13:55:52] GCA_019633495.1  busco: starting basidiomycota_odb10 on cds_from_genomic.fna (19.6 MB)...
  [13:55:52] GCA_018854895.1  busco: FAILED rc=255 after 0s
  [13:55:52] GCA_014904895.1  busco: FAILED rc=255 after 0s
[13:55:52] [872/985] GCA_018854895.1  busco_error  C=—  | rate=207.18/s  ETA=0.0h
  [13:55:52] GCA_026184415.1  busco: FAILED rc=255 after 0s
  [13:55:52] GCA_052570145.1  busco: FAILED rc=255 after 0s
  [13:55:52] GCA_000827465.1  busco: FAILED rc=255 after 0s
[13:55:52] [873/985] GCA_014904895.1  busco_error  C=—  | rate=207.35/s  ETA=0.0h
[13:55:52] [874/985] GCA_026184415.1  busco_error  C=—  | rate=207.54/s  ETA=0.0h
[13:55:52] [875/985] GCA_052570145.1  busco_error  C=—  | rate=207.73/s  ETA=0.0h
[13:55:52] [876/985] GCA_000827465.1  busco_error  C=—  | rate=207.91/s  ETA=0.0h
  [13:55:52] GCA_019632275.1  busco: FAILED rc=255 after 0s
[13:55:52] [877/985] GCA_019632275.1  busco_error  C=—  | rate=208.09/s  ETA=0.0h
  [13:55:52] GCA_019633535.1  busco: starting basidiomycota_odb10 on cds_from_genomic.fna (22.2 MB)...
  [13:55:52] GCA_019633595.1  busco: starting basidiomycota_odb10 on cds_from_genomic.fna (21.3 MB)...
  [13:55:52] GCA_019633555.1  busco: starting basidiomycota_odb10 on cds_from_genomic.fna (22.6 MB)...
  [13:55:52] GCA_019632285.1  busco: FAILED rc=255 after 0s
  [13:55:52] GCA_022496955.1  busco: starting ascomycota_odb10 on cds_from_genomic.fna (21.3 MB)...
  [13:55:52] GCA_019633545.1  busco: starting basidiomycota_odb10 on cds_from_genomic.fna (22.5 MB)...
  [13:55:52] GCA_019632265.1  busco: FAILED rc=255 after 0s
[13:55:52] [878/985] GCA_019632285.1  busco_error  C=—  | rate=207.92/s  ETA=0.0h
  [13:55:52] GCA_019632305.1  busco: FAILED rc=255 after 0s
  [13:55:52] GCA_022160365.1  busco: starting basidiomycota_odb10 on cds_from_genomic.fna (17.4 MB)...
[13:55:52] [879/985] GCA_019632265.1  busco_error  C=—  | rate=208.10/s  ETA=0.0h
[13:55:52] [880/985] GCA_019632305.1  busco_error  C=—  | rate=208.28/s  ETA=0.0h
  [13:55:52] GCA_019633405.1  busco: FAILED rc=255 after 0s
[13:55:52] [881/985] GCA_019633405.1  busco_error  C=—  | rate=208.46/s  ETA=0.0h
  [13:55:52] GCA_019633465.1  busco: FAILED rc=255 after 0s
[13:55:52] [882/985] GCA_019633465.1  busco_error  C=—  | rate=208.63/s  ETA=0.0h
  [13:55:52] GCA_019632295.1  busco: FAILED rc=255 after 0s
[13:55:52] [883/985] GCA_019632295.1  busco_error  C=—  | rate=208.79/s  ETA=0.0h
  [13:55:52] GCF_003357145.1  busco: starting ascomycota_odb10 on cds_from_genomic.fna (19.4 MB)...
  [13:55:52] GCA_003357145.1  busco: starting ascomycota_odb10 on cds_from_genomic.fna (19.0 MB)...
  [13:55:52] GCA_033675295.1  busco: starting ascomycota_odb10 on cds_from_genomic.fna (36.2 MB)...
  [13:55:52] GCA_035928285.1  busco: starting ascomycota_odb10 on cds_from_genomic.fna (19.9 MB)...
  [13:55:52] GCA_001691835.3  busco: starting basidiomycota_odb10 on cds_from_genomic.fna (19.8 MB)...
  [13:55:52] GCF_010094085.1  busco: starting ascomycota_odb10 on cds_from_genomic.fna (17.3 MB)...
  [13:55:52] GCA_019633455.1  busco: FAILED rc=255 after 0s
  [13:55:52] GCA_019633425.1  busco: FAILED rc=255 after 0s
[13:55:52] [884/985] GCA_019633455.1  busco_error  C=—  | rate=208.07/s  ETA=0.0h
[13:55:52] [885/985] GCA_019633425.1  busco_error  C=—  | rate=208.25/s  ETA=0.0h
  [13:55:52] GCA_019633485.1  busco: FAILED rc=255 after 0s
[13:55:52] [886/985] GCA_019633485.1  busco_error  C=—  | rate=208.18/s  ETA=0.0h
  [13:55:53] GCA_022497155.1  busco: starting ascomycota_odb10 on cds_from_genomic.fna (21.6 MB)...
  [13:55:53] GCA_010094085.1  busco: starting ascomycota_odb10 on cds_from_genomic.fna (17.1 MB)...
  [13:55:53] GCA_022495125.1  busco: starting ascomycota_odb10 on cds_from_genomic.fna (21.2 MB)...
  [13:55:53] GCA_019633495.1  busco: FAILED rc=255 after 0s
[13:55:53] [887/985] GCA_019633495.1  busco_error  C=—  | rate=207.90/s  ETA=0.0h
  [13:55:53] GCA_022578905.1  busco: starting ascomycota_odb10 on cds_from_genomic.fna (22.6 MB)...
  [13:55:53] GCA_019633535.1  busco: FAILED rc=255 after 0s
  [13:55:53] GCA_019633595.1  busco: FAILED rc=255 after 0s
  [13:55:53] GCA_019633555.1  busco: FAILED rc=255 after 0s
[13:55:53] [888/985] GCA_019633535.1  busco_error  C=—  | rate=207.20/s  ETA=0.0h
[13:55:53] [889/985] GCA_019633595.1  busco_error  C=—  | rate=207.38/s  ETA=0.0h
  [13:55:53] GCA_022496955.1  busco: FAILED rc=255 after 0s
  [13:55:53] GCA_019633545.1  busco: FAILED rc=255 after 0s
[13:55:53] [890/985] GCA_019633555.1  busco_error  C=—  | rate=207.56/s  ETA=0.0h
  [13:55:53] GCA_022160365.1  busco: FAILED rc=255 after 0s
[13:55:53] [891/985] GCA_022496955.1  busco_error  C=—  | rate=207.74/s  ETA=0.0h
[13:55:53] [892/985] GCA_019633545.1  busco_error  C=—  | rate=207.93/s  ETA=0.0h
[13:55:53] [893/985] GCA_022160365.1  busco_error  C=—  | rate=208.12/s  ETA=0.0h
  [13:55:53] GCA_022385695.1  busco: starting ascomycota_odb10 on cds_from_genomic.fna (22.3 MB)...
  [13:55:53] GCA_022495145.1  busco: starting ascomycota_odb10 on cds_from_genomic.fna (21.0 MB)...
  [13:55:53] GCF_003357145.1  busco: FAILED rc=255 after 0s
  [13:55:53] GCF_022495145.1  busco: starting ascomycota_odb10 on cds_from_genomic.fna (21.3 MB)...
[13:55:53] [894/985] GCF_003357145.1  busco_error  C=—  | rate=208.01/s  ETA=0.0h
  [13:55:53] GCA_003357145.1  busco: FAILED rc=255 after 0s
  [13:55:53] GCA_022495115.1  busco: starting ascomycota_odb10 on cds_from_genomic.fna (20.8 MB)...
  [13:55:53] GCA_022385715.1  busco: starting ascomycota_odb10 on cds_from_genomic.fna (22.3 MB)...
  [13:55:53] GCA_033675295.1  busco: FAILED rc=255 after 0s
  [13:55:53] GCA_027595895.1  busco: starting ascomycota_odb10 on cds_from_genomic.fna (18.0 MB)...
[13:55:53] [895/985] GCA_003357145.1  busco_error  C=—  | rate=208.16/s  ETA=0.0h
  [13:55:53] GCA_035928285.1  busco: FAILED rc=255 after 0s
[13:55:53] [896/985] GCA_033675295.1  busco_error  C=—  | rate=208.33/s  ETA=0.0h
[13:55:53] [897/985] GCA_035928285.1  busco_error  C=—  | rate=208.52/s  ETA=0.0h
  [13:55:53] GCA_001691835.3  busco: FAILED rc=255 after 0s
[13:55:53] [898/985] GCA_001691835.3  busco_error  C=—  | rate=208.65/s  ETA=0.0h
  [13:55:53] GCA_022495235.1  busco: starting ascomycota_odb10 on cds_from_genomic.fna (23.0 MB)...
  [13:55:53] GCA_022495195.1  busco: starting ascomycota_odb10 on cds_from_genomic.fna (21.6 MB)...
  [13:55:53] GCA_007182795.1  busco: starting ascomycota_odb10 on cds_from_genomic.fna (20.5 MB)...
  [13:55:53] GCA_022495055.1  busco: starting ascomycota_odb10 on cds_from_genomic.fna (22.8 MB)...
  [13:55:53] GCA_004014815.1  busco: starting ascomycota_odb10 on cds_from_genomic.fna (20.5 MB)...
  [13:55:53] GCA_010094085.1  busco: FAILED rc=255 after 0s
  [13:55:53] GCA_022497155.1  busco: FAILED rc=255 after 0s
[13:55:53] [899/985] GCA_010094085.1  busco_error  C=—  | rate=207.88/s  ETA=0.0h
[13:55:53] [900/985] GCA_022497155.1  busco_error  C=—  | rate=208.06/s  ETA=0.0h
  [13:55:53] GCA_004768795.1  busco: starting ascomycota_odb10 on cds_from_genomic.fna (19.1 MB)...
  [13:55:53] GCA_022385655.1  busco: starting ascomycota_odb10 on cds_from_genomic.fna (17.2 MB)...
  [13:55:53] GCF_010094085.1  busco: FAILED rc=255 after 0s
[13:55:53] [901/985] GCF_010094085.1  busco_error  C=—  | rate=206.93/s  ETA=0.0h
  [13:55:53] GCA_022385695.1  busco: FAILED rc=255 after 0s
  [13:55:53] GCF_022495145.1  busco: FAILED rc=255 after 0s
[13:55:53] [902/985] GCA_022385695.1  busco_error  C=—  | rate=206.80/s  ETA=0.0h
[13:55:53] [903/985] GCF_022495145.1  busco_error  C=—  | rate=206.99/s  ETA=0.0h
  [13:55:53] GCA_022495115.1  busco: FAILED rc=255 after 0s
  [13:55:53] GCA_022385715.1  busco: FAILED rc=255 after 0s
  [13:55:53] GCA_025201785.1  busco: starting ascomycota_odb10 on cds_from_genomic.fna (21.5 MB)...
[13:55:53] [904/985] GCA_022495115.1  busco_error  C=—  | rate=207.16/s  ETA=0.0h
  [13:55:53] GCA_027595895.1  busco: FAILED rc=255 after 0s
[13:55:53] [905/985] GCA_022385715.1  busco_error  C=—  | rate=207.33/s  ETA=0.0h
[13:55:53] [906/985] GCA_027595895.1  busco_error  C=—  | rate=207.51/s  ETA=0.0h
  [13:55:53] GCA_003426235.1  busco: starting ascomycota_odb10 on cds_from_genomic.fna (21.4 MB)...
  [13:55:53] GCA_022385595.1  busco: starting ascomycota_odb10 on cds_from_genomic.fna (20.1 MB)...
  [13:55:53] GCA_022495235.1  busco: FAILED rc=255 after 0s
  [13:55:53] GCA_022495195.1  busco: FAILED rc=255 after 0s
  [13:55:53] GCA_007182795.1  busco: FAILED rc=255 after 0s
[13:55:53] [907/985] GCA_022495235.1  busco_error  C=—  | rate=207.39/s  ETA=0.0h
  [13:55:53] GCA_022385635.1  busco: starting ascomycota_odb10 on cds_from_genomic.fna (23.0 MB)...
  [13:55:53] GCA_022385685.1  busco: starting ascomycota_odb10 on cds_from_genomic.fna (15.3 MB)...
  [13:55:53] GCA_022578865.1  busco: starting ascomycota_odb10 on cds_from_genomic.fna (20.7 MB)...
  [13:55:53] GCA_022495055.1  busco: FAILED rc=255 after 0s
[13:55:53] [908/985] GCA_022495195.1  busco_error  C=—  | rate=207.53/s  ETA=0.0h
[13:55:53] [909/985] GCA_007182795.1  busco_error  C=—  | rate=207.70/s  ETA=0.0h
  [13:55:53] GCA_004014815.1  busco: FAILED rc=255 after 0s
[13:55:53] [910/985] GCA_022495055.1  busco_error  C=—  | rate=207.88/s  ETA=0.0h
[13:55:53] [911/985] GCA_004014815.1  busco_error  C=—  | rate=208.07/s  ETA=0.0h
  [13:55:53] GCA_022495125.1  busco: FAILED rc=255 after 0s
[13:55:53] [912/985] GCA_022495125.1  busco_error  C=—  | rate=208.23/s  ETA=0.0h
  [13:55:53] GCA_022578765.1  busco: starting ascomycota_odb10 on cds_from_genomic.fna (20.7 MB)...
  [13:55:53] GCA_022495085.1  busco: starting ascomycota_odb10 on cds_from_genomic.fna (20.9 MB)...
  [13:55:53] GCA_022578965.1  busco: starting ascomycota_odb10 on cds_from_genomic.fna (20.2 MB)...
  [13:55:53] GCA_022495065.1  busco: starting ascomycota_odb10 on cds_from_genomic.fna (22.4 MB)...
  [13:55:53] GCA_022578775.1  busco: starting ascomycota_odb10 on cds_from_genomic.fna (21.3 MB)...
  [13:55:53] GCA_022578815.1  busco: starting ascomycota_odb10 on cds_from_genomic.fna (20.1 MB)...
  [13:55:53] GCA_022578905.1  busco: FAILED rc=255 after 0s
[13:55:53] [913/985] GCA_022578905.1  busco_error  C=—  | rate=207.97/s  ETA=0.0h
  [13:55:53] GCA_004768795.1  busco: FAILED rc=255 after 0s
  [13:55:53] GCA_022578795.1  busco: starting ascomycota_odb10 on cds_from_genomic.fna (22.5 MB)...
[13:55:53] [914/985] GCA_004768795.1  busco_error  C=—  | rate=207.78/s  ETA=0.0h
  [13:55:53] GCA_022385655.1  busco: FAILED rc=255 after 0s
[13:55:53] [915/985] GCA_022385655.1  busco_error  C=—  | rate=207.94/s  ETA=0.0h
  [13:55:53] GCA_022385605.1  busco: starting ascomycota_odb10 on cds_from_genomic.fna (18.1 MB)...
  [13:55:53] GCA_022578705.1  busco: starting ascomycota_odb10 on cds_from_genomic.fna (21.0 MB)...
  [13:55:53] GCA_022495145.1  busco: FAILED rc=255 after 0s
[13:55:53] [916/985] GCA_022495145.1  busco_error  C=—  | rate=207.63/s  ETA=0.0h
  [13:55:53] GCA_025201745.1  busco: starting ascomycota_odb10 on cds_from_genomic.fna (22.4 MB)...
  [13:55:53] GCA_025201785.1  busco: FAILED rc=255 after 0s
[13:55:53] [917/985] GCA_025201785.1  busco_error  C=—  | rate=207.03/s  ETA=0.0h
  [13:55:53] GCA_003426235.1  busco: FAILED rc=255 after 0s
  [13:55:53] GCA_022385595.1  busco: FAILED rc=255 after 0s
[13:55:53] [918/985] GCA_003426235.1  busco_error  C=—  | rate=206.87/s  ETA=0.0h
  [13:55:53] GCA_022385635.1  busco: FAILED rc=255 after 0s
  [13:55:53] GCA_002003505.1  busco: starting ascomycota_odb10 on cds_from_genomic.fna (22.2 MB)...
[13:55:53] [919/985] GCA_022385595.1  busco_error  C=—  | rate=207.04/s  ETA=0.0h
  [13:55:53] GCA_022385685.1  busco: FAILED rc=255 after 0s
  [13:55:53] GCA_022578865.1  busco: FAILED rc=255 after 0s
[13:55:53] [920/985] GCA_022385635.1  busco_error  C=—  | rate=207.20/s  ETA=0.0h
[13:55:53] [921/985] GCA_022385685.1  busco_error  C=—  | rate=207.38/s  ETA=0.0h
[13:55:53] [922/985] GCA_022578865.1  busco_error  C=—  | rate=207.56/s  ETA=0.0h
  [13:55:53] GCA_022578765.1  busco: FAILED rc=255 after 0s
[13:55:53] [923/985] GCA_022578765.1  busco_error  C=—  | rate=207.51/s  ETA=0.0h
[13:55:53] [924/985] GCA_000712455.1  no_cds  C=—  | rate=207.71/s  ETA=0.0h
[13:55:53] [925/985] GCA_006408425.1  no_cds  C=—  | rate=207.91/s  ETA=0.0h
  [13:55:53] GCA_022495085.1  busco: FAILED rc=255 after 0s
  [13:55:53] GCF_010093935.1  busco: starting ascomycota_odb10 on cds_from_genomic.fna (26.1 MB)...
  [13:55:53] GCA_022578965.1  busco: FAILED rc=255 after 0s
  [13:55:53] GCA_035040045.1  busco: starting ascomycota_odb10 on cds_from_genomic.fna (24.6 MB)...
  [13:55:53] GCA_010093935.1  busco: starting ascomycota_odb10 on cds_from_genomic.fna (25.7 MB)...
  [13:55:53] GCA_022495065.1  busco: FAILED rc=255 after 0s
[13:55:53] [926/985] GCA_022495085.1  busco_error  C=—  | rate=208.05/s  ETA=0.0h
  [13:55:53] GCA_000813385.1  busco: starting ascomycota_odb10 on cds_from_genomic.fna (18.4 MB)...
[13:55:53] [927/985] GCA_000743335.1  no_cds  C=—  | rate=208.25/s  ETA=0.0h
  [13:55:53] GCA_022578775.1  busco: FAILED rc=255 after 0s
  [13:55:53] GCA_900074885.1  busco: starting ascomycota_odb10 on cds_from_genomic.fna (19.5 MB)...
  [13:55:53] GCA_022578815.1  busco: FAILED rc=255 after 0s
[13:55:53] [928/985] GCA_022578965.1  busco_error  C=—  | rate=208.41/s  ETA=0.0h
[13:55:53] [929/985] GCA_022495065.1  busco_error  C=—  | rate=208.59/s  ETA=0.0h
[13:55:53] [930/985] GCA_022578775.1  busco_error  C=—  | rate=208.77/s  ETA=0.0h
[13:55:53] [931/985] GCA_022578815.1  busco_error  C=—  | rate=208.96/s  ETA=0.0h
  [13:55:53] GCA_902085965.1  busco: starting ascomycota_odb10 on cds_from_genomic.fna (30.2 MB)...
  [13:55:53] GCA_061310925.1  busco: starting ascomycota_odb10 on cds_from_genomic.fna (22.2 MB)...
  [13:55:53] GCA_061310975.1  busco: starting ascomycota_odb10 on cds_from_genomic.fna (22.2 MB)...
  [13:55:53] GCA_061310985.1  busco: starting ascomycota_odb10 on cds_from_genomic.fna (22.2 MB)...
  [13:55:53] GCA_061311055.1  busco: starting ascomycota_odb10 on cds_from_genomic.fna (22.2 MB)...
  [13:55:53] GCA_022578795.1  busco: FAILED rc=255 after 0s
  [13:55:53] GCA_061311125.1  busco: starting ascomycota_odb10 on cds_from_genomic.fna (22.2 MB)...
[13:55:53] [932/985] GCA_022578795.1  busco_error  C=—  | rate=208.79/s  ETA=0.0h
  [13:55:53] GCA_022385605.1  busco: FAILED rc=255 after 0s
  [13:55:53] GCA_061311145.1  busco: starting ascomycota_odb10 on cds_from_genomic.fna (22.2 MB)...
  [13:55:53] GCA_022578705.1  busco: FAILED rc=255 after 0s
[13:55:53] [933/985] GCA_022385605.1  busco_error  C=—  | rate=208.53/s  ETA=0.0h
[13:55:53] [934/985] GCA_022578705.1  busco_error  C=—  | rate=208.71/s  ETA=0.0h
  [13:55:53] GCA_061311255.1  busco: starting ascomycota_odb10 on cds_from_genomic.fna (22.2 MB)...
  [13:55:53] GCA_061311225.1  busco: starting ascomycota_odb10 on cds_from_genomic.fna (22.2 MB)...
  [13:55:53] GCA_025201745.1  busco: FAILED rc=255 after 0s
[13:55:53] [935/985] GCA_025201745.1  busco_error  C=—  | rate=208.41/s  ETA=0.0h
  [13:55:53] GCA_061311265.1  busco: starting ascomycota_odb10 on cds_from_genomic.fna (22.2 MB)...
  [13:55:53] GCA_002003505.1  busco: FAILED rc=255 after 0s
[13:55:53] [936/985] GCA_002003505.1  busco_error  C=—  | rate=207.82/s  ETA=0.0h
  [13:55:53] GCA_061311355.1  busco: starting ascomycota_odb10 on cds_from_genomic.fna (22.2 MB)...
  [13:55:53] GCF_010093935.1  busco: FAILED rc=255 after 0s
  [13:55:53] GCA_035040045.1  busco: FAILED rc=255 after 0s
[13:55:53] [937/985] GCF_010093935.1  busco_error  C=—  | rate=207.51/s  ETA=0.0h
  [13:55:53] GCA_010093935.1  busco: FAILED rc=255 after 0s
  [13:55:53] GCA_000813385.1  busco: FAILED rc=255 after 0s
  [13:55:53] GCA_900074885.1  busco: FAILED rc=255 after 0s
[13:55:53] [938/985] GCA_035040045.1  busco_error  C=—  | rate=207.68/s  ETA=0.0h
[13:55:53] [939/985] GCA_010093935.1  busco_error  C=—  | rate=207.86/s  ETA=0.0h
[13:55:53] [940/985] GCA_000813385.1  busco_error  C=—  | rate=208.03/s  ETA=0.0h
[13:55:53] [941/985] GCA_900074885.1  busco_error  C=—  | rate=208.21/s  ETA=0.0h
  [13:55:53] GCA_902085965.1  busco: FAILED rc=255 after 0s
[13:55:53] [942/985] GCA_902085965.1  busco_error  C=—  | rate=208.22/s  ETA=0.0h
  [13:55:53] GCA_061310925.1  busco: FAILED rc=255 after 0s
  [13:55:53] GCA_061310975.1  busco: FAILED rc=255 after 0s
[13:55:53] [943/985] GCA_061310925.1  busco_error  C=—  | rate=208.33/s  ETA=0.0h
  [13:55:53] GCA_061310985.1  busco: FAILED rc=255 after 0s
  [13:55:53] GCA_061311125.1  busco: FAILED rc=255 after 0s
  [13:55:53] GCA_061311055.1  busco: FAILED rc=255 after 0s
  [13:55:53] GCA_061311405.1  busco: starting ascomycota_odb10 on cds_from_genomic.fna (22.2 MB)...
  [13:55:53] GCA_061311445.1  busco: starting ascomycota_odb10 on cds_from_genomic.fna (22.2 MB)...
[13:55:53] [944/985] GCA_061310975.1  busco_error  C=—  | rate=208.47/s  ETA=0.0h
  [13:55:53] GCA_061311525.1  busco: starting ascomycota_odb10 on cds_from_genomic.fna (22.3 MB)...
  [13:55:53] GCA_061311535.1  busco: starting ascomycota_odb10 on cds_from_genomic.fna (22.2 MB)...
[13:55:53] [945/985] GCA_001457895.1  no_cds  C=—  | rate=208.66/s  ETA=0.0h
  [13:55:53] GCA_061311545.1  busco: starting ascomycota_odb10 on cds_from_genomic.fna (22.2 MB)...
[13:55:53] [946/985] GCA_001457995.1  no_cds  C=—  | rate=208.84/s  ETA=0.0h
[13:55:53] [947/985] GCA_061310985.1  busco_error  C=—  | rate=209.00/s  ETA=0.0h
[13:55:53] [948/985] GCA_061311125.1  busco_error  C=—  | rate=209.17/s  ETA=0.0h
  [13:55:53] GCA_053754955.2  busco: starting ascomycota_odb10 on cds_from_genomic.fna (26.0 MB)...
[13:55:53] [949/985] GCA_061311055.1  busco_error  C=—  | rate=209.34/s  ETA=0.0h
  [13:55:53] GCA_053754965.2  busco: starting ascomycota_odb10 on cds_from_genomic.fna (25.7 MB)...
  [13:55:53] GCA_061311145.1  busco: FAILED rc=255 after 0s
  [13:55:53] GCA_000143105.2  busco: starting ascomycota_odb10 on cds_from_genomic.fna (15.4 MB)...
[13:55:53] [950/985] GCA_061311145.1  busco_error  C=—  | rate=209.29/s  ETA=0.0h
  [13:55:53] GCA_000328475.2  busco: starting basidiomycota_odb10 on cds_from_genomic.fna (13.3 MB)...
  [13:55:53] GCA_001243155.1  busco: starting basidiomycota_odb10 on cds_from_genomic.fna (12.5 MB)...
  [13:55:53] GCA_000230245.1  busco: starting basidiomycota_odb10 on cds_from_genomic.fna (14.2 MB)...
  [13:55:53] GCA_061311255.1  busco: FAILED rc=255 after 0s
  [13:55:53] GCA_061311225.1  busco: FAILED rc=255 after 0s
  [13:55:53] GCA_008271595.1  busco: starting stramenopiles_odb10 on cds_from_genomic.fna (23.0 MB)...
[13:55:53] [951/985] GCA_061311255.1  busco_error  C=—  | rate=209.06/s  ETA=0.0h
[13:55:53] [952/985] GCA_061311225.1  busco_error  C=—  | rate=209.24/s  ETA=0.0h
  [13:55:53] GCA_006386115.1  busco: starting stramenopiles_odb10 on cds_from_genomic.fna (36.7 MB)...
  [13:55:53] GCA_947650285.1  busco: starting stramenopiles_odb10 on cds_from_genomic.fna (16.8 MB)...
  [13:55:53] GCA_061311265.1  busco: FAILED rc=255 after 0s
[13:55:53] [953/985] GCA_061311265.1  busco_error  C=—  | rate=208.96/s  ETA=0.0h
  [13:55:53] GCA_027925865.1  busco: starting stramenopiles_odb10 on cds_from_genomic.fna (24.0 MB)...
  [13:55:53] GCA_061311355.1  busco: FAILED rc=255 after 0s
[13:55:53] [954/985] GCA_061311355.1  busco_error  C=—  | rate=208.38/s  ETA=0.0h
  [13:55:53] GCA_001712635.2  busco: starting stramenopiles_odb10 on cds_from_genomic.fna (47.2 MB)...
  [13:55:53] GCA_061311405.1  busco: FAILED rc=255 after 0s
  [13:55:53] GCA_061311525.1  busco: FAILED rc=255 after 0s
  [13:55:53] GCA_061311445.1  busco: FAILED rc=255 after 0s
[13:55:53] [955/985] GCA_061311405.1  busco_error  C=—  | rate=207.90/s  ETA=0.0h
  [13:55:53] GCA_061311535.1  busco: FAILED rc=255 after 0s
  [13:55:53] GCA_061311545.1  busco: FAILED rc=255 after 0s
[13:55:53] [956/985] GCA_061311525.1  busco_error  C=—  | rate=208.06/s  ETA=0.0h
[13:55:53] [957/985] GCA_061311445.1  busco_error  C=—  | rate=208.23/s  ETA=0.0h
[13:55:53] [958/985] GCA_061311535.1  busco_error  C=—  | rate=208.39/s  ETA=0.0h
  [13:55:53] GCA_053754955.2  busco: FAILED rc=255 after 0s
[13:55:53] [959/985] GCA_061311545.1  busco_error  C=—  | rate=208.55/s  ETA=0.0h
[13:55:53] [960/985] GCA_053754955.2  busco_error  C=—  | rate=208.72/s  ETA=0.0h
  [13:55:53] GCA_053754965.2  busco: FAILED rc=255 after 0s
[13:55:53] [961/985] GCA_053754965.2  busco_error  C=—  | rate=208.81/s  ETA=0.0h
  [13:55:53] GCA_000143105.2  busco: FAILED rc=255 after 0s
  [13:55:53] GCA_026184515.1  busco: starting stramenopiles_odb10 on cds_from_genomic.fna (21.4 MB)...
  [13:55:53] GCA_000328475.2  busco: FAILED rc=255 after 0s
  [13:55:53] GCA_001243155.1  busco: FAILED rc=255 after 0s
  [13:55:53] GCA_000230245.1  busco: FAILED rc=255 after 0s
  [13:55:53] GCA_003843895.1  busco: starting stramenopiles_odb10 on cds_from_genomic.fna (14.6 MB)...
[13:55:53] [962/985] GCA_000143105.2  busco_error  C=—  | rate=208.89/s  ETA=0.0h
  [13:55:53] GCA_947650345.1  busco: starting stramenopiles_odb10 on cds_from_genomic.fna (20.2 MB)...
  [13:55:53] GCA_003704535.1  busco: starting stramenopiles_odb10 on cds_from_genomic.fna (14.6 MB)...
[13:55:53] [963/985] GCA_000328475.2  busco_error  C=—  | rate=209.03/s  ETA=0.0h
  [13:55:53] GCA_920940705.1  busco: starting stramenopiles_odb10 on cds_from_genomic.fna (16.2 MB)...
[13:55:53] [964/985] GCA_001243155.1  busco_error  C=—  | rate=209.18/s  ETA=0.0h
  [13:55:53] GCA_021491655.1  busco: starting stramenopiles_odb10 on cds_from_genomic.fna (16.2 MB)...
[13:55:53] [965/985] GCA_000230245.1  busco_error  C=—  | rate=209.34/s  ETA=0.0h
  [13:55:53] GCA_008271595.1  busco: FAILED rc=255 after 0s
  [13:55:53] GCF_900000015.1  busco: starting stramenopiles_odb10 on cds_from_genomic.fna (22.5 MB)...
[13:55:53] [966/985] GCA_008271595.1  busco_error  C=—  | rate=209.37/s  ETA=0.0h
[13:55:53] [967/985] GCA_001695595.3  no_cds  C=—  | rate=209.57/s  ETA=0.0h
[13:55:53] [968/985] GCA_003123765.1  no_cds  C=—  | rate=209.77/s  ETA=0.0h
[13:55:53] [969/985] GCA_001974925.1  no_cds  C=—  | rate=209.98/s  ETA=0.0h
[13:55:53] [970/985] GCA_000387445.2  no_cds  C=—  | rate=210.18/s  ETA=0.0h
  [13:55:53] GCA_900000015.1  busco: starting stramenopiles_odb10 on cds_from_genomic.fna (22.1 MB)...
  [13:55:53] GCA_004359215.2  busco: starting stramenopiles_odb10 on cds_from_genomic.fna (14.7 MB)...
  [13:55:53] GCA_026401395.1  busco: starting stramenopiles_odb10 on cds_from_genomic.fna (20.6 MB)...
  [13:55:53] GCA_026401375.1  busco: starting stramenopiles_odb10 on cds_from_genomic.fna (21.0 MB)...
  [13:55:53] GCA_006386115.1  busco: FAILED rc=255 after 0s
  [13:55:53] GCA_947650285.1  busco: FAILED rc=255 after 0s
[13:55:53] [971/985] GCA_006386115.1  busco_error  C=—  | rate=210.00/s  ETA=0.0h
[13:55:53] [972/985] GCA_947650285.1  busco_error  C=—  | rate=210.18/s  ETA=0.0h
  [13:55:53] GCA_027925865.1  busco: FAILED rc=255 after 0s
[13:55:53] [973/985] GCA_027925865.1  busco_error  C=—  | rate=209.92/s  ETA=0.0h
  [13:55:53] GCA_001712635.2  busco: FAILED rc=255 after 0s
[13:55:53] [974/985] GCA_001712635.2  busco_error  C=—  | rate=209.38/s  ETA=0.0h
  [13:55:53] GCA_026184515.1  busco: FAILED rc=255 after 0s
  [13:55:53] GCA_003843895.1  busco: FAILED rc=255 after 0s
[13:55:53] [975/985] GCA_026184515.1  busco_error  C=—  | rate=208.78/s  ETA=0.0h
  [13:55:53] GCA_947650345.1  busco: FAILED rc=255 after 0s
[13:55:53] [976/985] GCA_003843895.1  busco_error  C=—  | rate=208.96/s  ETA=0.0h
  [13:55:53] GCA_003704535.1  busco: FAILED rc=255 after 0s
[13:55:53] [977/985] GCA_947650345.1  busco_error  C=—  | rate=209.13/s  ETA=0.0h
  [13:55:53] GCA_920940705.1  busco: FAILED rc=255 after 0s
[13:55:53] [978/985] GCA_003704535.1  busco_error  C=—  | rate=209.30/s  ETA=0.0h
  [13:55:53] GCA_021491655.1  busco: FAILED rc=255 after 0s
[13:55:53] [979/985] GCA_920940705.1  busco_error  C=—  | rate=209.48/s  ETA=0.0h
[13:55:53] [980/985] GCA_021491655.1  busco_error  C=—  | rate=209.66/s  ETA=0.0h
  [13:55:53] GCF_900000015.1  busco: FAILED rc=255 after 0s
[13:55:53] [981/985] GCF_900000015.1  busco_error  C=—  | rate=209.71/s  ETA=0.0h
  [13:55:53] GCA_900000015.1  busco: FAILED rc=255 after 0s
  [13:55:53] GCA_004359215.2  busco: FAILED rc=255 after 0s
[13:55:53] [982/985] GCA_900000015.1  busco_error  C=—  | rate=209.77/s  ETA=0.0h
  [13:55:53] GCA_026401395.1  busco: FAILED rc=255 after 0s
  [13:55:53] GCA_026401375.1  busco: FAILED rc=255 after 0s
[13:55:53] [983/985] GCA_004359215.2  busco_error  C=—  | rate=209.95/s  ETA=0.0h
[13:55:53] [984/985] GCA_026401395.1  busco_error  C=—  | rate=210.13/s  ETA=0.0h
[13:55:53] [985/985] GCA_026401375.1  busco_error  C=—  | rate=210.30/s  ETA=0.0h

── Scan summary ─────────────────────────────────────────────────
  Processed:   985
  No CDS:      11
  BUSCO error: 974
  Exceptions:  0

── Finalize summary ─────────────────────────────────────────────
  Total candidates:        2,063
  Selected for build:      1,680
    BUSCO pass:            1,015
    Fallback (scored):         1  (below threshold, only option per taxid)
    Fallback (no score):     664  (busco_error / no_cds, only option)
  Thresholds: fungal >= 50.0%,  oomycete >= 65.0%

Output: kraken/output/db/busco/data/busco_scores.tsv
Next:   python kraken/db/kraken_db_build.py
